snapshot_date,captured_at,platform,chart,official_chart,platform_date,rank,song_name,artist,chart_metric,duration,song_id,album_id,source_url
2026-09-14,2026-09-14T13:04:55+08:00,QQ音乐,热歌榜,热歌榜,2026-09-14,1,我不难过,孙燕姿,0,,8136,004VSvF52mQoQp,https://y.qq.com/n/ryqq/toplist/26
2026-09-14,2026-09-14T13:04:55+08:00,QQ音乐,热歌榜,热歌榜,2026-09-14,2,甲乙丙丁 (你我怎么两清),李佳薇,0,,696262512,00446QRA1fTdqA,https://y.qq.com/n/ryqq/toplist/26
2026-09-14,2026-09-14T13:04:55+08:00,QQ音乐,热歌榜,热歌榜,2026-09-14,3,泪海,许茹芸,0,,106585340,001Ugmj01giuzO,https://y.qq.com/n/ryqq/toplist/26
2026-09-14,2026-09-14T13:04:55+08:00,QQ音乐,热歌榜,热歌榜,2026-09-14,4,情歌,梁静茹,上升 1,,462188,002E4IXe1ESUij,https://y.qq.com/n/ryqq/toplist/26
2026-09-14,2026-09-14T13:04:55+08:00,QQ音乐,热歌榜,热歌榜,2026-09-14,5,恋人,李荣浩,下降 1,,496054946,004HaG7p4ZkhXA,https://y.qq.com/n/ryqq/toplist/26
2026-09-14,2026-09-14T13:04:55+08:00,QQ音乐,热歌榜,热歌榜,2026-09-14,6,我怀念的,孙燕姿,0,,5211338,000P3l050Olt27,https://y.qq.com/n/ryqq/toplist/26
2026-09-14,2026-09-14T13:04:55+08:00,QQ音乐,热歌榜,热歌榜,2026-09-14,7,雨爱,杨丞琳,0,,645819,000jcKFG0sQrD0,https://y.qq.com/n/ryqq/toplist/26
2026-09-14,2026-09-14T13:04:55+08:00,QQ音乐,热歌榜,热歌榜,2026-09-14,8,特别的人,方大同,上升 1,,5293866,000GvdTR0qcKh8,https://y.qq.com/n/ryqq/toplist/26
2026-09-14,2026-09-14T13:04:55+08:00,QQ音乐,热歌榜,热歌榜,2026-09-14,9,失眠,Suki刘舒妤,下降 1,,4733575,002xCeeN4EJ1Ke,https://y.qq.com/n/ryqq/toplist/26
2026-09-14,2026-09-14T13:04:55+08:00,QQ音乐,热歌榜,热歌榜,2026-09-14,10,开始懂了,孙燕姿,上升 2,,5646,004KRIQr1oCp2A,https://y.qq.com/n/ryqq/toplist/26
2026-09-14,2026-09-14T13:04:55+08:00,QQ音乐,热歌榜,热歌榜,2026-09-14,11,Always Online,林俊杰,下降 1,,447257,002g6zv02X7SNi,https://y.qq.com/n/ryqq/toplist/26
2026-09-14,2026-09-14T13:04:55+08:00,QQ音乐,热歌榜,热歌榜,2026-09-14,12,爱错,王力宏,下降 1,,105905415,002ElVxf43rOue,https://y.qq.com/n/ryqq/toplist/26
2026-09-14,2026-09-14T13:04:55+08:00,QQ音乐,热歌榜,热歌榜,2026-09-14,13,茶汤,郁可唯,上升 49,,4936030,002iWKlh2DcjFL,https://y.qq.com/n/ryqq/toplist/26
2026-09-14,2026-09-14T13:04:55+08:00,QQ音乐,热歌榜,热歌榜,2026-09-14,14,演员,薛之谦,0,,102636799,003y8dsH2wBHlo,https://y.qq.com/n/ryqq/toplist/26
2026-09-14,2026-09-14T13:04:55+08:00,QQ音乐,热歌榜,热歌榜,2026-09-14,15,红色高跟鞋,蔡健雅,0,,624649,002dOge41xlS8x,https://y.qq.com/n/ryqq/toplist/26
2026-09-14,2026-09-14T13:04:55+08:00,QQ音乐,热歌榜,热歌榜,2026-09-14,16,琵琶曲,郑浩/冰洁,下降 3,,627317850,002PmUzc12N5S7,https://y.qq.com/n/ryqq/toplist/26
2026-09-14,2026-09-14T13:04:55+08:00,QQ音乐,热歌榜,热歌榜,2026-09-14,17,唯一,G.E.M.邓紫棋,0,,438910555,002d6m7k0xCbSv,https://y.qq.com/n/ryqq/toplist/26
2026-09-14,2026-09-14T13:04:55+08:00,QQ音乐,热歌榜,热歌榜,2026-09-14,18,江南,林俊杰,0,,9063002,000y5gq7449K9I,https://y.qq.com/n/ryqq/toplist/26
2026-09-14,2026-09-14T13:04:55+08:00,QQ音乐,热歌榜,热歌榜,2026-09-14,19,盛夏的果实,莫文蔚,下降 3,,4830161,000KeV8l1PIjxt,https://y.qq.com/n/ryqq/toplist/26
2026-09-14,2026-09-14T13:04:55+08:00,QQ音乐,热歌榜,热歌榜,2026-09-14,20,我们俩,郭顶,上升 3,,105413206,003sMyYb4HZAAz,https://y.qq.com/n/ryqq/toplist/26
2026-09-14,2026-09-14T13:04:55+08:00,QQ音乐,热歌榜,热歌榜,2026-09-14,21,阴天,莫文蔚,下降 2,,4830345,000hTTJN3oScZr,https://y.qq.com/n/ryqq/toplist/26
2026-09-14,2026-09-14T13:04:55+08:00,QQ音乐,热歌榜,热歌榜,2026-09-14,22,春娇与志明,街道办GDC/欧阳耀莹,上升 2,,205357640,000lrXyA0MlEEo,https://y.qq.com/n/ryqq/toplist/26
2026-09-14,2026-09-14T13:04:55+08:00,QQ音乐,热歌榜,热歌榜,2026-09-14,23,雨过后的风景,Dizzy Dizzo (蔡诗芸),下降 2,,1960263,0038xSkp1EcVBf,https://y.qq.com/n/ryqq/toplist/26
2026-09-14,2026-09-14T13:04:55+08:00,QQ音乐,热歌榜,热歌榜,2026-09-14,24,富士山下,陈奕迅,下降 2,,260678,004Z85XP1c25b7,https://y.qq.com/n/ryqq/toplist/26
2026-09-14,2026-09-14T13:04:55+08:00,QQ音乐,热歌榜,热歌榜,2026-09-14,25,美人鱼,林俊杰,下降 5,,95292,000y5gq7449K9I,https://y.qq.com/n/ryqq/toplist/26
2026-09-14,2026-09-14T13:04:55+08:00,QQ音乐,热歌榜,热歌榜,2026-09-14,26,遇见,孙燕姿,上升 5,,8145,002ehzTm0TxXC2,https://y.qq.com/n/ryqq/toplist/26
2026-09-14,2026-09-14T13:04:55+08:00,QQ音乐,热歌榜,热歌榜,2026-09-14,27,我记得,赵雷,上升 54,,372639235,003QIVDT3UB8zG,https://y.qq.com/n/ryqq/toplist/26
2026-09-14,2026-09-14T13:04:55+08:00,QQ音乐,热歌榜,热歌榜,2026-09-14,28,多远都要在一起,G.E.M.邓紫棋,上升 2,,102174489,003c616O2Zlswm,https://y.qq.com/n/ryqq/toplist/26
2026-09-14,2026-09-14T13:04:55+08:00,QQ音乐,热歌榜,热歌榜,2026-09-14,29,玻璃,Gareth.T,下降 3,,666124541,002kIED92uw8L5,https://y.qq.com/n/ryqq/toplist/26
2026-09-14,2026-09-14T13:04:55+08:00,QQ音乐,热歌榜,热歌榜,2026-09-14,30,其实,薛之谦,下降 2,,104775877,000QgFcm0v8WaF,https://y.qq.com/n/ryqq/toplist/26
2026-09-14,2026-09-14T13:04:55+08:00,QQ音乐,热歌榜,热歌榜,2026-09-14,31,樱花草,Sweety,下降 2,,481456,000pKXff1doeOd,https://y.qq.com/n/ryqq/toplist/26
2026-09-14,2026-09-14T13:04:55+08:00,QQ音乐,热歌榜,热歌榜,2026-09-14,32,最佳损友,陈奕迅,下降 5,,1338414,002FT46H18G1jW,https://y.qq.com/n/ryqq/toplist/26
2026-09-14,2026-09-14T13:04:55+08:00,QQ音乐,热歌榜,热歌榜,2026-09-14,33,碎碎念,队长,下降 8,,448738462,000DTFwk0oV4YR,https://y.qq.com/n/ryqq/toplist/26
2026-09-14,2026-09-14T13:04:55+08:00,QQ音乐,热歌榜,热歌榜,2026-09-14,34,素颜,许嵩/何曼婷,下降 1,,101813361,0035f8nw11cjkf,https://y.qq.com/n/ryqq/toplist/26
2026-09-14,2026-09-14T13:04:55+08:00,QQ音乐,热歌榜,热歌榜,2026-09-14,35,晴天,周杰伦,下降 3,,97773,000MkMni19ClKG,https://y.qq.com/n/ryqq/toplist/26
2026-09-14,2026-09-14T13:04:55+08:00,QQ音乐,热歌榜,热歌榜,2026-09-14,36,心墙,郭静,下降 2,,474797,003EHcB24J8t9Z,https://y.qq.com/n/ryqq/toplist/26
2026-09-14,2026-09-14T13:04:55+08:00,QQ音乐,热歌榜,热歌榜,2026-09-14,37,认真的雪,薛之谦,下降 1,,1333803,003mUYW22JXKVK,https://y.qq.com/n/ryqq/toplist/26
2026-09-14,2026-09-14T13:04:55+08:00,QQ音乐,热歌榜,热歌榜,2026-09-14,38,偏爱,张芸京,0,,473137,003ha6C92GRuVE,https://y.qq.com/n/ryqq/toplist/26
2026-09-14,2026-09-14T13:04:55+08:00,QQ音乐,热歌榜,热歌榜,2026-09-14,39,ANGEL (天使),尹美莱 (윤미래)/Tiger JK/Bizzy (비지),下降 4,,101138130,000qiKcT05rSr9,https://y.qq.com/n/ryqq/toplist/26
2026-09-14,2026-09-14T13:04:55+08:00,QQ音乐,热歌榜,热歌榜,2026-09-14,40,坏女孩,徐良/小凌,下降 3,,7112749,002apRhZ4Bq99d,https://y.qq.com/n/ryqq/toplist/26
2026-09-14,2026-09-14T13:04:55+08:00,QQ音乐,热歌榜,热歌榜,2026-09-14,41,海阔天空,BEYOND,0,,4835784,002qcJuX3lO3EZ,https://y.qq.com/n/ryqq/toplist/26
2026-09-14,2026-09-14T13:04:55+08:00,QQ音乐,热歌榜,热歌榜,2026-09-14,42,天外来物,薛之谦,上升 1,,272125057,000K9Zp13TZp5s,https://y.qq.com/n/ryqq/toplist/26
2026-09-14,2026-09-14T13:04:55+08:00,QQ音乐,热歌榜,热歌榜,2026-09-14,43,爱我还是他,陶喆,下降 4,,7211247,003ofGzS3C23Ow,https://y.qq.com/n/ryqq/toplist/26
2026-09-14,2026-09-14T13:04:55+08:00,QQ音乐,热歌榜,热歌榜,2026-09-14,44,不将就,李荣浩,0,,102367085,001fi1zG0EjU2u,https://y.qq.com/n/ryqq/toplist/26
2026-09-14,2026-09-14T13:04:55+08:00,QQ音乐,热歌榜,热歌榜,2026-09-14,45,瞬,郑润泽,上升 1,,422061155,001qvyI10urb5z,https://y.qq.com/n/ryqq/toplist/26
2026-09-14,2026-09-14T13:04:55+08:00,QQ音乐,热歌榜,热歌榜,2026-09-14,46,十年,陈奕迅,上升 1,,4830342,000GDz8k03UOaI,https://y.qq.com/n/ryqq/toplist/26
2026-09-14,2026-09-14T13:04:55+08:00,QQ音乐,热歌榜,热歌榜,2026-09-14,47,刻在我心底的名字,卢广仲,下降 5,,316472364,004QG0W52P5GUq,https://y.qq.com/n/ryqq/toplist/26
2026-09-14,2026-09-14T13:04:55+08:00,QQ音乐,热歌榜,热歌榜,2026-09-14,48,麦恩莉,方大同,上升 2,,2550926,000ih4iv3HCmno,https://y.qq.com/n/ryqq/toplist/26
2026-09-14,2026-09-14T13:04:55+08:00,QQ音乐,热歌榜,热歌榜,2026-09-14,49,会呼吸的痛,梁静茹,下降 9,,411228,002oy2Mp3I8Rgo,https://y.qq.com/n/ryqq/toplist/26
2026-09-14,2026-09-14T13:04:55+08:00,QQ音乐,热歌榜,热歌榜,2026-09-14,50,冻结,林俊杰,下降 5,,101659148,002vlOfM1X5TQ0,https://y.qq.com/n/ryqq/toplist/26
2026-09-14,2026-09-14T13:04:55+08:00,QQ音乐,热歌榜,热歌榜,2026-09-14,51,我好像在哪见过你,薛之谦,0,,107439472,000dcZ9I1nzO62,https://y.qq.com/n/ryqq/toplist/26
2026-09-14,2026-09-14T13:04:55+08:00,QQ音乐,热歌榜,热歌榜,2026-09-14,52,幻听,许嵩,0,,1531817,004RbL3b0BDIe2,https://y.qq.com/n/ryqq/toplist/26
2026-09-14,2026-09-14T13:04:55+08:00,QQ音乐,热歌榜,热歌榜,2026-09-14,53,背对背拥抱,林俊杰,下降 4,,648231,002C0kX720gMQi,https://y.qq.com/n/ryqq/toplist/26
2026-09-14,2026-09-14T13:04:55+08:00,QQ音乐,热歌榜,热歌榜,2026-09-14,54,泡沫,G.E.M.邓紫棋,0,,1530858,002YFufr4bXZyI,https://y.qq.com/n/ryqq/toplist/26
2026-09-14,2026-09-14T13:04:55+08:00,QQ音乐,热歌榜,热歌榜,2026-09-14,55,离开我的依赖,王艳薇,下降 7,,253383943,004CSyAN1oc97b,https://y.qq.com/n/ryqq/toplist/26
2026-09-14,2026-09-14T13:04:55+08:00,QQ音乐,热歌榜,热歌榜,2026-09-14,56,爱情讯息,郭静,下降 1,,876549,003PKZMI1Wyx1A,https://y.qq.com/n/ryqq/toplist/26
2026-09-14,2026-09-14T13:04:55+08:00,QQ音乐,热歌榜,热歌榜,2026-09-14,57,勇气,梁静茹,下降 1,,4830164,001DEgPu1004bl,https://y.qq.com/n/ryqq/toplist/26
2026-09-14,2026-09-14T13:04:55+08:00,QQ音乐,热歌榜,热歌榜,2026-09-14,58,修炼爱情,林俊杰,上升 1,,5063375,001gqOnU3DTg2S,https://y.qq.com/n/ryqq/toplist/26
2026-09-14,2026-09-14T13:04:55+08:00,QQ音乐,热歌榜,热歌榜,2026-09-14,59,如愿,王菲,上升 5,,326584182,004Kbn3m2HV9Y3,https://y.qq.com/n/ryqq/toplist/26
2026-09-14,2026-09-14T13:04:55+08:00,QQ音乐,热歌榜,热歌榜,2026-09-14,60,第57次取消发送,菲菲公主（陆绮菲）,下降 3,,560063927,000KrDC019mc82,https://y.qq.com/n/ryqq/toplist/26
2026-09-14,2026-09-14T13:04:55+08:00,QQ音乐,热歌榜,热歌榜,2026-09-14,61,我好想你 (苏打绿版),苏打绿,下降 8,,4884947,004QF5kp0jgyba,https://y.qq.com/n/ryqq/toplist/26
2026-09-14,2026-09-14T13:04:55+08:00,QQ音乐,热歌榜,热歌榜,2026-09-14,62,青花,周传雄,上升 4,,102204539,001Vj7aX0PixwV,https://y.qq.com/n/ryqq/toplist/26
2026-09-14,2026-09-14T13:04:55+08:00,QQ音乐,热歌榜,热歌榜,2026-09-14,63,Letting Go,蔡健雅,上升 7,,1030353,001aC9dM35U6KB,https://y.qq.com/n/ryqq/toplist/26
2026-09-14,2026-09-14T13:04:55+08:00,QQ音乐,热歌榜,热歌榜,2026-09-14,64,同花顺,林倛玉,下降 4,,103970682,004789lA4cH3Kq,https://y.qq.com/n/ryqq/toplist/26
2026-09-14,2026-09-14T13:04:55+08:00,QQ音乐,热歌榜,热歌榜,2026-09-14,65,她,刘宇宁,上升 6,,718438327,0009ERg64Rxwzu,https://y.qq.com/n/ryqq/toplist/26
2026-09-14,2026-09-14T13:04:55+08:00,QQ音乐,热歌榜,热歌榜,2026-09-14,66,如果可以,韦礼安,上升 2,,330977131,003WBcyJ1siUkh,https://y.qq.com/n/ryqq/toplist/26
2026-09-14,2026-09-14T13:04:55+08:00,QQ音乐,热歌榜,热歌榜,2026-09-14,67,黄昏,周传雄,上升 8,,526713,001U6x8f2uJhig,https://y.qq.com/n/ryqq/toplist/26
2026-09-14,2026-09-14T13:04:55+08:00,QQ音乐,热歌榜,热歌榜,2026-09-14,68,下完这场雨,后弦,下降 10,,108787382,004ZXlA63dZBCa,https://y.qq.com/n/ryqq/toplist/26
2026-09-14,2026-09-14T13:04:55+08:00,QQ音乐,热歌榜,热歌榜,2026-09-14,69,愿与愁,林俊杰,下降 4,,405007729,004ZOIop1doXru,https://y.qq.com/n/ryqq/toplist/26
2026-09-14,2026-09-14T13:04:55+08:00,QQ音乐,热歌榜,热歌榜,2026-09-14,70,至少还有你,林忆莲,上升 2,,102204563,001JqgRv0mRHEQ,https://y.qq.com/n/ryqq/toplist/26
2026-09-14,2026-09-14T13:04:55+08:00,QQ音乐,热歌榜,热歌榜,2026-09-14,71,明天过后,张杰,下降 2,,273032694,000pVkCf3KsUQ9,https://y.qq.com/n/ryqq/toplist/26
2026-09-14,2026-09-14T13:04:55+08:00,QQ音乐,热歌榜,热歌榜,2026-09-14,72,IF YOU,BIGBANG (빅뱅),上升 5,,102793935,001xpUdt2jEjWu,https://y.qq.com/n/ryqq/toplist/26
2026-09-14,2026-09-14T13:04:55+08:00,QQ音乐,热歌榜,热歌榜,2026-09-14,73,一样的月光,徐佳莹,上升 3,,7063423,000cchEp2CGNEf,https://y.qq.com/n/ryqq/toplist/26
2026-09-14,2026-09-14T13:04:55+08:00,QQ音乐,热歌榜,热歌榜,2026-09-14,74,我们的歌,王力宏,上升 5,,102193483,002Zwh5p4HgecI,https://y.qq.com/n/ryqq/toplist/26
2026-09-14,2026-09-14T13:04:55+08:00,QQ音乐,热歌榜,热歌榜,2026-09-14,75,出现又离开 (Live),梁博,下降 1,,231594573,000eQZ1q4g6AsF,https://y.qq.com/n/ryqq/toplist/26
2026-09-14,2026-09-14T13:04:55+08:00,QQ音乐,热歌榜,热歌榜,2026-09-14,76,最后一页,江语晨,上升 4,,721636,003FO4XF40Ky8L,https://y.qq.com/n/ryqq/toplist/26
2026-09-14,2026-09-14T13:04:55+08:00,QQ音乐,热歌榜,热歌榜,2026-09-14,77,成都,赵雷,上升 59,,200790315,003ltiMR4RSrgo,https://y.qq.com/n/ryqq/toplist/26
2026-09-14,2026-09-14T13:04:55+08:00,QQ音乐,热歌榜,热歌榜,2026-09-14,78,我知道,BY2,上升 10,,470336,001P410a0Iq4K0,https://y.qq.com/n/ryqq/toplist/26
2026-09-14,2026-09-14T13:04:55+08:00,QQ音乐,热歌榜,热歌榜,2026-09-14,79,无人之岛,任然,上升 5,,203452364,002lMPc30c4rOO,https://y.qq.com/n/ryqq/toplist/26
2026-09-14,2026-09-14T13:04:55+08:00,QQ音乐,热歌榜,热歌榜,2026-09-14,80,倒数,G.E.M.邓紫棋,下降 2,,215540451,003cKIKZ1J4Yyu,https://y.qq.com/n/ryqq/toplist/26
2026-09-14,2026-09-14T13:04:55+08:00,QQ音乐,热歌榜,热歌榜,2026-09-14,81,梦哑,任然,下降 20,,670769297,000JotAZ2WZEkq,https://y.qq.com/n/ryqq/toplist/26
2026-09-14,2026-09-14T13:04:55+08:00,QQ音乐,热歌榜,热歌榜,2026-09-14,82,可不可以,张紫豪,上升 1,,213958134,004VR1w241uBhB,https://y.qq.com/n/ryqq/toplist/26
2026-09-14,2026-09-14T13:04:55+08:00,QQ音乐,热歌榜,热歌榜,2026-09-14,83,你要的全拿走,胡彦斌,下降 1,,212808217,001eyHlv2fu50T,https://y.qq.com/n/ryqq/toplist/26
2026-09-14,2026-09-14T13:04:55+08:00,QQ音乐,热歌榜,热歌榜,2026-09-14,84,句号,G.E.M.邓紫棋,上升 5,,247347346,0049MVh824D7bM,https://y.qq.com/n/ryqq/toplist/26
2026-09-14,2026-09-14T13:04:55+08:00,QQ音乐,热歌榜,热歌榜,2026-09-14,85,光年之外,G.E.M.邓紫棋,上升 10,,200255722,001mTkmb4GJlh4,https://y.qq.com/n/ryqq/toplist/26
2026-09-14,2026-09-14T13:04:55+08:00,QQ音乐,热歌榜,热歌榜,2026-09-14,86,孤独患者,陈奕迅,上升 10,,1021078,003YQ8lP3NBXKl,https://y.qq.com/n/ryqq/toplist/26
2026-09-14,2026-09-14T13:04:55+08:00,QQ音乐,热歌榜,热歌榜,2026-09-14,87,太聪明,陈绮贞,上升 12,,4830076,000zebjW3TlPWh,https://y.qq.com/n/ryqq/toplist/26
2026-09-14,2026-09-14T13:04:55+08:00,QQ音乐,热歌榜,热歌榜,2026-09-14,88,戒烟,李荣浩,上升 4,,328262786,003EenCA2q0MWF,https://y.qq.com/n/ryqq/toplist/26
2026-09-14,2026-09-14T13:04:55+08:00,QQ音乐,热歌榜,热歌榜,2026-09-14,89,红尘客栈,周杰伦,上升 1,,5177680,003Ow85E3pnoqi,https://y.qq.com/n/ryqq/toplist/26
2026-09-14,2026-09-14T13:04:55+08:00,QQ音乐,热歌榜,热歌榜,2026-09-14,90,下一个天亮,郭静,下降 3,,876541,003PKZMI1Wyx1A,https://y.qq.com/n/ryqq/toplist/26
2026-09-14,2026-09-14T13:04:55+08:00,QQ音乐,热歌榜,热歌榜,2026-09-14,91,有何不可,许嵩,0,,102296985,002KSDg90IaScI,https://y.qq.com/n/ryqq/toplist/26
2026-09-14,2026-09-14T13:04:55+08:00,QQ音乐,热歌榜,热歌榜,2026-09-14,92,LEMONADE,aespa (에스파),下降 25,,658567374,002jWmZi3hC5v8,https://y.qq.com/n/ryqq/toplist/26
2026-09-14,2026-09-14T13:04:55+08:00,QQ音乐,热歌榜,热歌榜,2026-09-14,93,恶作剧,王蓝茵,上升 4,,257621,0031ftBk2foLzq,https://y.qq.com/n/ryqq/toplist/26
2026-09-14,2026-09-14T13:04:55+08:00,QQ音乐,热歌榜,热歌榜,2026-09-14,94,葡萄成熟时,陈奕迅,下降 9,,1251167,003J6fvc0bVJon,https://y.qq.com/n/ryqq/toplist/26
2026-09-14,2026-09-14T13:04:55+08:00,QQ音乐,热歌榜,热歌榜,2026-09-14,95,茶花开了，该回家了,王睿卓/加木,上升 45,,553433850,001KCGcF29Na3i,https://y.qq.com/n/ryqq/toplist/26
2026-09-14,2026-09-14T13:04:55+08:00,QQ音乐,热歌榜,热歌榜,2026-09-14,96,无名的人,毛不易,下降 2,,336582682,002mPgSG01LLtu,https://y.qq.com/n/ryqq/toplist/26
2026-09-14,2026-09-14T13:04:55+08:00,QQ音乐,热歌榜,热歌榜,2026-09-14,97,后来,刘若英,上升 7,,4830150,0017zqT34WuQwa,https://y.qq.com/n/ryqq/toplist/26
2026-09-14,2026-09-14T13:04:55+08:00,QQ音乐,热歌榜,热歌榜,2026-09-14,98,夏夜最后的烟火,颜人中,上升 2,,459088908,002tspXk0JB6qZ,https://y.qq.com/n/ryqq/toplist/26
2026-09-14,2026-09-14T13:04:55+08:00,QQ音乐,热歌榜,热歌榜,2026-09-14,99,童话,光良,下降 13,,4830267,002AaUF60cnS3w,https://y.qq.com/n/ryqq/toplist/26
2026-09-14,2026-09-14T13:04:55+08:00,QQ音乐,热歌榜,热歌榜,2026-09-14,100,那些你很冒险的梦,林俊杰,下降 2,,102388808,002PQCmo2azasb,https://y.qq.com/n/ryqq/toplist/26
2026-09-14,2026-09-14T13:04:55+08:00,QQ音乐,飙升榜,飙升榜,2026-09-14,1,我记得,赵雷,热度 37%,,372639235,003QIVDT3UB8zG,https://y.qq.com/n/ryqq/toplist/62
2026-09-14,2026-09-14T13:04:55+08:00,QQ音乐,飙升榜,飙升榜,2026-09-14,2,程艾影,赵雷,热度 35%,,372639323,003QIVDT3UB8zG,https://y.qq.com/n/ryqq/toplist/62
2026-09-14,2026-09-14T13:04:55+08:00,QQ音乐,飙升榜,飙升榜,2026-09-14,3,茶汤,郁可唯,热度 31%,,4936030,002iWKlh2DcjFL,https://y.qq.com/n/ryqq/toplist/62
2026-09-14,2026-09-14T13:04:55+08:00,QQ音乐,飙升榜,飙升榜,2026-09-14,4,鼓楼,赵雷,热度 26%,,200549981,000jE4g74VS43p,https://y.qq.com/n/ryqq/toplist/62
2026-09-14,2026-09-14T13:04:55+08:00,QQ音乐,飙升榜,飙升榜,2026-09-14,5,我们的时光,赵雷,热度 19%,,100641068,0007ujpB2dTrlW,https://y.qq.com/n/ryqq/toplist/62
2026-09-14,2026-09-14T13:04:55+08:00,QQ音乐,飙升榜,飙升榜,2026-09-14,6,梦醒了 (String Version),那英,热度 18%,,102378705,003gl6se31pMoh,https://y.qq.com/n/ryqq/toplist/62
2026-09-14,2026-09-14T13:04:55+08:00,QQ音乐,飙升榜,飙升榜,2026-09-14,7,朵,赵雷,热度 18%,,200549978,000jE4g74VS43p,https://y.qq.com/n/ryqq/toplist/62
2026-09-14,2026-09-14T13:04:55+08:00,QQ音乐,飙升榜,飙升榜,2026-09-14,8,南方姑娘,赵雷,热度 18%,,2480942,001sKd2l0dVkXa,https://y.qq.com/n/ryqq/toplist/62
2026-09-14,2026-09-14T13:04:55+08:00,QQ音乐,飙升榜,飙升榜,2026-09-14,9,理想,赵雷,热度 18%,,100641069,0007ujpB2dTrlW,https://y.qq.com/n/ryqq/toplist/62
2026-09-14,2026-09-14T13:04:55+08:00,QQ音乐,飙升榜,飙升榜,2026-09-14,10,成都,赵雷,热度 18%,,200790315,003ltiMR4RSrgo,https://y.qq.com/n/ryqq/toplist/62
2026-09-14,2026-09-14T13:04:55+08:00,QQ音乐,飙升榜,飙升榜,2026-09-14,11,小行迹,赵雷,热度 16%,,372639232,003QIVDT3UB8zG,https://y.qq.com/n/ryqq/toplist/62
2026-09-14,2026-09-14T13:04:55+08:00,QQ音乐,飙升榜,飙升榜,2026-09-14,12,画,赵雷,热度 14%,,106707604,001sKd2l0dVkXa,https://y.qq.com/n/ryqq/toplist/62
2026-09-14,2026-09-14T13:04:55+08:00,QQ音乐,飙升榜,飙升榜,2026-09-14,13,少年锦时,赵雷,热度 10%,,100641066,0007ujpB2dTrlW,https://y.qq.com/n/ryqq/toplist/62
2026-09-14,2026-09-14T13:04:55+08:00,QQ音乐,飙升榜,飙升榜,2026-09-14,14,阿刁,赵雷,热度 10%,,200549980,000jE4g74VS43p,https://y.qq.com/n/ryqq/toplist/62
2026-09-14,2026-09-14T13:04:55+08:00,QQ音乐,飙升榜,飙升榜,2026-09-14,15,秋意浓,张学友,热度 8%,,4729432,00311rbq3WqEaq,https://y.qq.com/n/ryqq/toplist/62
2026-09-14,2026-09-14T13:04:55+08:00,QQ音乐,飙升榜,飙升榜,2026-09-14,16,三十岁的女人,赵雷,热度 8%,,100641070,0007ujpB2dTrlW,https://y.qq.com/n/ryqq/toplist/62
2026-09-14,2026-09-14T13:04:55+08:00,QQ音乐,飙升榜,飙升榜,2026-09-14,17,船长,赵雷,热度 7%,,372639236,003QIVDT3UB8zG,https://y.qq.com/n/ryqq/toplist/62
2026-09-14,2026-09-14T13:04:55+08:00,QQ音乐,飙升榜,飙升榜,2026-09-14,18,玛丽,赵雷,热度 7%,,200549979,000jE4g74VS43p,https://y.qq.com/n/ryqq/toplist/62
2026-09-14,2026-09-14T13:04:55+08:00,QQ音乐,飙升榜,飙升榜,2026-09-14,19,倘若你爱一人,王唯旖,热度 7%,,705991318,004UFQTn2yIGn1,https://y.qq.com/n/ryqq/toplist/62
2026-09-14,2026-09-14T13:04:55+08:00,QQ音乐,飙升榜,飙升榜,2026-09-14,20,Whatever Happens,Michael Jackson/Carlos Santana,热度 7%,,315453,003fmcI10dzkHT,https://y.qq.com/n/ryqq/toplist/62
2026-09-14,2026-09-14T13:04:55+08:00,QQ音乐,飙升榜,飙升榜,2026-09-14,21,十九岁,赵雷,热度 6%,,212891616,001fgoMO1xxzVa,https://y.qq.com/n/ryqq/toplist/62
2026-09-14,2026-09-14T13:04:55+08:00,QQ音乐,飙升榜,飙升榜,2026-09-14,22,开不了口,周杰伦,热度 6%,,97745,000I5jJB3blWeN,https://y.qq.com/n/ryqq/toplist/62
2026-09-14,2026-09-14T13:04:55+08:00,QQ音乐,飙升榜,飙升榜,2026-09-14,23,出卖,那英,热度 6%,,7798,0037ZEWm3u03Ab,https://y.qq.com/n/ryqq/toplist/62
2026-09-14,2026-09-14T13:04:55+08:00,QQ音乐,飙升榜,飙升榜,2026-09-14,24,凌晨计程车,赵雷,热度 5%,,372639233,003QIVDT3UB8zG,https://y.qq.com/n/ryqq/toplist/62
2026-09-14,2026-09-14T13:04:55+08:00,QQ音乐,飙升榜,飙升榜,2026-09-14,25,少女,赵雷,热度 5%,,372639322,003QIVDT3UB8zG,https://y.qq.com/n/ryqq/toplist/62
2026-09-14,2026-09-14T13:04:55+08:00,QQ音乐,飙升榜,飙升榜,2026-09-14,26,离歌,信乐团,热度 5%,,102408,001VSVPU2Rf79l,https://y.qq.com/n/ryqq/toplist/62
2026-09-14,2026-09-14T13:04:55+08:00,QQ音乐,飙升榜,飙升榜,2026-09-14,27,八十年代的歌,赵雷,热度 4%,,107542896,000jE4g74VS43p,https://y.qq.com/n/ryqq/toplist/62
2026-09-14,2026-09-14T13:04:55+08:00,QQ音乐,飙升榜,飙升榜,2026-09-14,28,未给姐姐递出的信,赵雷,热度 4%,,106706925,001sKd2l0dVkXa,https://y.qq.com/n/ryqq/toplist/62
2026-09-14,2026-09-14T13:04:55+08:00,QQ音乐,飙升榜,飙升榜,2026-09-14,29,吉姆餐厅,赵雷,热度 4%,,100641065,0007ujpB2dTrlW,https://y.qq.com/n/ryqq/toplist/62
2026-09-14,2026-09-14T13:04:55+08:00,QQ音乐,飙升榜,飙升榜,2026-09-14,30,署前街少年,赵雷,热度 4%,,372639231,003QIVDT3UB8zG,https://y.qq.com/n/ryqq/toplist/62
2026-09-14,2026-09-14T13:04:55+08:00,QQ音乐,飙升榜,飙升榜,2026-09-14,31,花落叹,涂一乐,热度 4%,,717495263,000QbsFw2ND3Ka,https://y.qq.com/n/ryqq/toplist/62
2026-09-14,2026-09-14T13:04:55+08:00,QQ音乐,飙升榜,飙升榜,2026-09-14,32,牡丹亭,浅影阿,热度 4%,,715894658,002oqXGl2YFXsJ,https://y.qq.com/n/ryqq/toplist/62
2026-09-14,2026-09-14T13:04:55+08:00,QQ音乐,飙升榜,飙升榜,2026-09-14,33,无法长大,赵雷,热度 4%,,109026294,000jE4g74VS43p,https://y.qq.com/n/ryqq/toplist/62
2026-09-14,2026-09-14T13:04:55+08:00,QQ音乐,飙升榜,飙升榜,2026-09-14,34,落了白,蒋雪儿Snow.J,热度 4%,,285994795,001vZDq92ImKof,https://y.qq.com/n/ryqq/toplist/62
2026-09-14,2026-09-14T13:04:55+08:00,QQ音乐,飙升榜,飙升榜,2026-09-14,35,李香兰,张学友,热度 4%,,102358972,003bbkG83StJuT,https://y.qq.com/n/ryqq/toplist/62
2026-09-14,2026-09-14T13:04:55+08:00,QQ音乐,飙升榜,飙升榜,2026-09-14,36,风月吻眉梢 (今夜的风悄悄月悄悄DJ慢速),礼越,热度 3%,,724764406,001NXQwE1ywPDV,https://y.qq.com/n/ryqq/toplist/62
2026-09-14,2026-09-14T13:04:55+08:00,QQ音乐,飙升榜,飙升榜,2026-09-14,37,万里,周深,热度 3%,,635744086,002BWWYk2o4dYy,https://y.qq.com/n/ryqq/toplist/62
2026-09-14,2026-09-14T13:04:55+08:00,QQ音乐,飙升榜,飙升榜,2026-09-14,38,不配说爱我(驾考宝典),DJ富豪,热度 3%,,724666957,000blaDx4KX2KP,https://y.qq.com/n/ryqq/toplist/62
2026-09-14,2026-09-14T13:04:55+08:00,QQ音乐,飙升榜,飙升榜,2026-09-14,39,Someone to Love,严浩翔,热度 3%,,661445740,002uee8C1LfSTN,https://y.qq.com/n/ryqq/toplist/62
2026-09-14,2026-09-14T13:04:55+08:00,QQ音乐,飙升榜,飙升榜,2026-09-14,40,卡布奇诺,6诗人,热度 3%,,213781943,001B164C1d7KGB,https://y.qq.com/n/ryqq/toplist/62
2026-09-14,2026-09-14T13:04:55+08:00,QQ音乐,飙升榜,飙升榜,2026-09-14,41,我不难过,孙燕姿,热度 3%,,8136,004VSvF52mQoQp,https://y.qq.com/n/ryqq/toplist/62
2026-09-14,2026-09-14T13:04:55+08:00,QQ音乐,飙升榜,飙升榜,2026-09-14,42,偏向,陈子晴,热度 3%,,297384084,001QlvQS1pOO4n,https://y.qq.com/n/ryqq/toplist/62
2026-09-14,2026-09-14T13:04:55+08:00,QQ音乐,飙升榜,飙升榜,2026-09-14,43,梦一场,那英,热度 3%,,99945,004UUP4h2fn0nD,https://y.qq.com/n/ryqq/toplist/62
2026-09-14,2026-09-14T13:04:55+08:00,QQ音乐,飙升榜,飙升榜,2026-09-14,44,嫉妒,陈绮贞,热度 3%,,4928971,001SFzzW4dxmWA,https://y.qq.com/n/ryqq/toplist/62
2026-09-14,2026-09-14T13:04:55+08:00,QQ音乐,飙升榜,飙升榜,2026-09-14,45,东京百货,郑融,热度 3%,,406947,004e7ofT0prRPa,https://y.qq.com/n/ryqq/toplist/62
2026-09-14,2026-09-14T13:04:55+08:00,QQ音乐,飙升榜,飙升榜,2026-09-14,46,拥抱着你的滋味,自由派对,热度 3%,,658409,001NPx633r42uh,https://y.qq.com/n/ryqq/toplist/62
2026-09-14,2026-09-14T13:04:55+08:00,QQ音乐,飙升榜,飙升榜,2026-09-14,47,回到你身边 (让你知道),h3R3刘清云,热度 2%,,692095638,0031yTwA0yq3b5,https://y.qq.com/n/ryqq/toplist/62
2026-09-14,2026-09-14T13:04:55+08:00,QQ音乐,飙升榜,飙升榜,2026-09-14,48,别问很可怕,J.Sheon,热度 2%,,201622910,001VYLy32MyTpz,https://y.qq.com/n/ryqq/toplist/62
2026-09-14,2026-09-14T13:04:55+08:00,QQ音乐,飙升榜,飙升榜,2026-09-14,49,"My Heart Will Go On (Love Theme from ""Titanic"")",Céline Dion,热度 2%,,297098457,003UrQPD42gZkV,https://y.qq.com/n/ryqq/toplist/62
2026-09-14,2026-09-14T13:04:55+08:00,QQ音乐,飙升榜,飙升榜,2026-09-14,50,The Power of Love,Céline Dion,热度 2%,,232541870,002ES6ZU4ZNxJd,https://y.qq.com/n/ryqq/toplist/62
2026-09-14,2026-09-14T13:04:55+08:00,QQ音乐,飙升榜,飙升榜,2026-09-14,51,Raising the Roof,The Sonic Hijackers/Redlight King,热度 2%,,256886254,002mYhBo3lQH1a,https://y.qq.com/n/ryqq/toplist/62
2026-09-14,2026-09-14T13:04:55+08:00,QQ音乐,飙升榜,飙升榜,2026-09-14,52,阿卜杜拉,赵雷,热度 2%,,372639237,003QIVDT3UB8zG,https://y.qq.com/n/ryqq/toplist/62
2026-09-14,2026-09-14T13:04:55+08:00,QQ音乐,飙升榜,飙升榜,2026-09-14,53,欠父亲的话,赵雷,热度 2%,,442946064,000le8wx1wAsnZ,https://y.qq.com/n/ryqq/toplist/62
2026-09-14,2026-09-14T13:04:55+08:00,QQ音乐,飙升榜,飙升榜,2026-09-14,54,彩虹下面,赵雷,热度 2%,,626736314,000aIDns133T5z,https://y.qq.com/n/ryqq/toplist/62
2026-09-14,2026-09-14T13:04:55+08:00,QQ音乐,飙升榜,飙升榜,2026-09-14,55,冷空气的气味,瑾川呀,热度 2%,,723764356,000AgBMK2MoXHj,https://y.qq.com/n/ryqq/toplist/62
2026-09-14,2026-09-14T13:04:55+08:00,QQ音乐,飙升榜,飙升榜,2026-09-14,56,别错过 (Live),杨宗纬/姚晓棠,热度 2%,,708620644,0041Hhx80wRmCK,https://y.qq.com/n/ryqq/toplist/62
2026-09-14,2026-09-14T13:04:55+08:00,QQ音乐,飙升榜,飙升榜,2026-09-14,57,爱你但说不出口,Karencici,热度 2%,,503135974,001LZP6s3Y3y5A,https://y.qq.com/n/ryqq/toplist/62
2026-09-14,2026-09-14T13:04:55+08:00,QQ音乐,飙升榜,飙升榜,2026-09-14,58,달과 6펜스 (月亮与6便士),Lucia (심규선),热度 2%,,104922610,002XukML2VfElt,https://y.qq.com/n/ryqq/toplist/62
2026-09-14,2026-09-14T13:04:55+08:00,QQ音乐,飙升榜,飙升榜,2026-09-14,59,Cheetah,Red Velvet - IRENE & SEULGI,热度 2%,,725133207,000Wtop00NO5om,https://y.qq.com/n/ryqq/toplist/62
2026-09-14,2026-09-14T13:04:55+08:00,QQ音乐,飙升榜,飙升榜,2026-09-14,60,再见太难,利得汇,热度 2%,,688972,003pw9KJ3IxwA1,https://y.qq.com/n/ryqq/toplist/62
2026-09-14,2026-09-14T13:04:55+08:00,QQ音乐,飙升榜,飙升榜,2026-09-14,61,花开花落 (Live),弹壳,热度 2%,,725186865,002ItC8s1sHlMd,https://y.qq.com/n/ryqq/toplist/62
2026-09-14,2026-09-14T13:04:55+08:00,QQ音乐,飙升榜,飙升榜,2026-09-14,62,泪海,许茹芸,热度 2%,,106585340,001Ugmj01giuzO,https://y.qq.com/n/ryqq/toplist/62
2026-09-14,2026-09-14T13:04:55+08:00,QQ音乐,飙升榜,飙升榜,2026-09-14,63,一曲微茫,郁可唯,热度 2%,,724673242,004Y2p3y1sPigd,https://y.qq.com/n/ryqq/toplist/62
2026-09-14,2026-09-14T13:04:55+08:00,QQ音乐,飙升榜,飙升榜,2026-09-14,64,我怀念的,孙燕姿,热度 2%,,5211338,000P3l050Olt27,https://y.qq.com/n/ryqq/toplist/62
2026-09-14,2026-09-14T13:04:55+08:00,QQ音乐,飙升榜,飙升榜,2026-09-14,65,我的一个道姑朋友 (氛围版),自由鸟,热度 2%,,721328308,004Jgicc4ObtvY,https://y.qq.com/n/ryqq/toplist/62
2026-09-14,2026-09-14T13:04:55+08:00,QQ音乐,飙升榜,飙升榜,2026-09-14,66,colt.45 (烈驹45号) (Live),弹壳,热度 2%,,694417365,002AlaEQ2ZZLbp,https://y.qq.com/n/ryqq/toplist/62
2026-09-14,2026-09-14T13:04:55+08:00,QQ音乐,飙升榜,飙升榜,2026-09-14,67,P.S.我爱你,A-Lin,热度 2%,,437884,003iwozK0A6TFz,https://y.qq.com/n/ryqq/toplist/62
2026-09-14,2026-09-14T13:04:55+08:00,QQ音乐,飙升榜,飙升榜,2026-09-14,68,病名は爱だった (病名为爱),Neru/镜音铃 (鏡音リン)/镜音连 (鏡音レン)/z'5,热度 2%,,212810505,0028fBu522cVqU,https://y.qq.com/n/ryqq/toplist/62
2026-09-14,2026-09-14T13:04:55+08:00,QQ音乐,飙升榜,飙升榜,2026-09-14,69,站台,赵雷,热度 2%,,690182898,002mbLmk28JKaF,https://y.qq.com/n/ryqq/toplist/62
2026-09-14,2026-09-14T13:04:55+08:00,QQ音乐,飙升榜,飙升榜,2026-09-14,70,秋风一吹 又老一岁,呆呆妹,热度 2%,,721402903,004O8Zck4QAdCH,https://y.qq.com/n/ryqq/toplist/62
2026-09-14,2026-09-14T13:04:55+08:00,QQ音乐,飙升榜,飙升榜,2026-09-14,71,梨花瘦,七朵组合,热度 2%,,104772331,002SeXzE34BdnL,https://y.qq.com/n/ryqq/toplist/62
2026-09-14,2026-09-14T13:04:55+08:00,QQ音乐,飙升榜,飙升榜,2026-09-14,72,风沙,桥鹊/听潮阁,热度 2%,,724284528,003Syn25334PTY,https://y.qq.com/n/ryqq/toplist/62
2026-09-14,2026-09-14T13:04:55+08:00,QQ音乐,飙升榜,飙升榜,2026-09-14,73,time machine (feat. aren park),mj apanay/aren park,热度 1%,,234272638,003Afeki1RlQ0U,https://y.qq.com/n/ryqq/toplist/62
2026-09-14,2026-09-14T13:04:55+08:00,QQ音乐,飙升榜,飙升榜,2026-09-14,74,Bo Peep Bo Peep,T-ara (티아라),热度 1%,,651706,0020VJot0C2HJc,https://y.qq.com/n/ryqq/toplist/62
2026-09-14,2026-09-14T13:04:55+08:00,QQ音乐,飙升榜,飙升榜,2026-09-14,75,爱像尘埃石沉大海,Mogoo蘑菇,热度 1%,,724835231,0023Rvh94HPB9Q,https://y.qq.com/n/ryqq/toplist/62
2026-09-14,2026-09-14T13:04:55+08:00,QQ音乐,飙升榜,飙升榜,2026-09-14,76,星星泪,宋茜,热度 1%,,105247934,003fng4t4EEZEA,https://y.qq.com/n/ryqq/toplist/62
2026-09-14,2026-09-14T13:04:55+08:00,QQ音乐,飙升榜,飙升榜,2026-09-14,77,背影,赵雷,热度 1%,,106713992,001sKd2l0dVkXa,https://y.qq.com/n/ryqq/toplist/62
2026-09-14,2026-09-14T13:04:55+08:00,QQ音乐,飙升榜,飙升榜,2026-09-14,78,泪海(你怎么舍得让我的泪流向海),阿柚柚,热度 1%,,710173415,000vDhw83akkg6,https://y.qq.com/n/ryqq/toplist/62
2026-09-14,2026-09-14T13:04:55+08:00,QQ音乐,飙升榜,飙升榜,2026-09-14,79,小人物,赵雷,热度 1%,,247522158,0020PEPs3U6VRc,https://y.qq.com/n/ryqq/toplist/62
2026-09-14,2026-09-14T13:04:55+08:00,QQ音乐,飙升榜,飙升榜,2026-09-14,80,麦恩莉,方大同,热度 1%,,2550926,000ih4iv3HCmno,https://y.qq.com/n/ryqq/toplist/62
2026-09-14,2026-09-14T13:04:55+08:00,QQ音乐,飙升榜,飙升榜,2026-09-14,81,I Hate U I Love U (feat. Olivia O'Brien) (Explicit),gnash/Olivia O'Brien,热度 1%,,220664937,004Hgvuy46Ks4V,https://y.qq.com/n/ryqq/toplist/62
2026-09-14,2026-09-14T13:04:55+08:00,QQ音乐,飙升榜,飙升榜,2026-09-14,82,遇见,孙燕姿,热度 1%,,8145,002ehzTm0TxXC2,https://y.qq.com/n/ryqq/toplist/62
2026-09-14,2026-09-14T13:04:55+08:00,QQ音乐,飙升榜,飙升榜,2026-09-14,83,冷雨夜,BEYOND,热度 1%,,1286471,002MGTsZ3Zl6JH,https://y.qq.com/n/ryqq/toplist/62
2026-09-14,2026-09-14T13:04:55+08:00,QQ音乐,飙升榜,飙升榜,2026-09-14,84,默,那英,热度 1%,,102349482,003YaJPm3IojAP,https://y.qq.com/n/ryqq/toplist/62
2026-09-14,2026-09-14T13:04:55+08:00,QQ音乐,飙升榜,飙升榜,2026-09-14,85,拆穿,小霞,热度 1%,,105419531,001Zk88l3MeuuZ,https://y.qq.com/n/ryqq/toplist/62
2026-09-14,2026-09-14T13:04:55+08:00,QQ音乐,飙升榜,飙升榜,2026-09-14,86,回声,那英,热度 1%,,305667036,000JYXBc1g7AxL,https://y.qq.com/n/ryqq/toplist/62
2026-09-14,2026-09-14T13:04:55+08:00,QQ音乐,飙升榜,飙升榜,2026-09-14,87,我的背包 (Live),Rapeter,热度 1%,,725186810,002ItC8s1sHlMd,https://y.qq.com/n/ryqq/toplist/62
2026-09-14,2026-09-14T13:04:55+08:00,QQ音乐,飙升榜,飙升榜,2026-09-14,88,你怕啥子嘛,乡野低频,热度 1%,,721956011,002JxmaF2C20oy,https://y.qq.com/n/ryqq/toplist/62
2026-09-14,2026-09-14T13:04:55+08:00,QQ音乐,飙升榜,飙升榜,2026-09-14,89,情深深雨濛濛 (R&B版),DinDin,热度 1%,,636213572,001mIgSY0Esd9c,https://y.qq.com/n/ryqq/toplist/62
2026-09-14,2026-09-14T13:04:55+08:00,QQ音乐,飙升榜,飙升榜,2026-09-14,90,特别的人,方大同,热度 1%,,5293866,000GvdTR0qcKh8,https://y.qq.com/n/ryqq/toplist/62
2026-09-14,2026-09-14T13:04:55+08:00,QQ音乐,飙升榜,飙升榜,2026-09-14,91,Dynamite,BTS (防弹少年团),热度 1%,,354107844,0036uTUj0DNlHi,https://y.qq.com/n/ryqq/toplist/62
2026-09-14,2026-09-14T13:04:55+08:00,QQ音乐,飙升榜,飙升榜,2026-09-14,92,人儿啊请慢下来,石满仓,热度 1%,,723963838,0016yQUL3M7OWt,https://y.qq.com/n/ryqq/toplist/62
2026-09-14,2026-09-14T13:04:55+08:00,QQ音乐,飙升榜,飙升榜,2026-09-14,93,Boss Life (狂放人生) (Live),弹壳,热度 1%,,722853310,000Di9uM4Jw02O,https://y.qq.com/n/ryqq/toplist/62
2026-09-14,2026-09-14T13:04:55+08:00,QQ音乐,飙升榜,飙升榜,2026-09-14,94,谢谢一辈子,成龙,热度 1%,,215707388,004SX2My13yjrq,https://y.qq.com/n/ryqq/toplist/62
2026-09-14,2026-09-14T13:04:55+08:00,QQ音乐,飙升榜,飙升榜,2026-09-14,95,해줘 (就骗我一次) (KOR Ver.),沈佳润Nina,热度 1%,,719958066,000scDVr1GQk3C,https://y.qq.com/n/ryqq/toplist/62
2026-09-14,2026-09-14T13:04:55+08:00,QQ音乐,飙升榜,飙升榜,2026-09-14,96,Fall 4 U,Red Velvet - IRENE & SEULGI,热度 1%,,725133205,000Wtop00NO5om,https://y.qq.com/n/ryqq/toplist/62
2026-09-14,2026-09-14T13:04:55+08:00,QQ音乐,飙升榜,飙升榜,2026-09-14,97,爱一点,王力宏/章子怡,热度 1%,,102070020,0019rBkH0xdGVc,https://y.qq.com/n/ryqq/toplist/62
2026-09-14,2026-09-14T13:04:55+08:00,QQ音乐,飙升榜,飙升榜,2026-09-14,98,不死鸟,霍尊,热度 1%,,281744703,000lLXAK298Xui,https://y.qq.com/n/ryqq/toplist/62
2026-09-14,2026-09-14T13:04:55+08:00,QQ音乐,飙升榜,飙升榜,2026-09-14,99,情深深雨濛濛,杨胖雨,热度 1%,,232687484,002lM0pQ3ylmFW,https://y.qq.com/n/ryqq/toplist/62
2026-09-14,2026-09-14T13:04:55+08:00,QQ音乐,飙升榜,飙升榜,2026-09-14,100,了了青山见,朱兴东,热度 1%,,532216766,000Nmcyh47aDzU,https://y.qq.com/n/ryqq/toplist/62
2026-09-14,2026-09-14T13:04:55+08:00,酷狗音乐,热歌榜,酷狗TOP500,2026-09-14,1,甲乙丙丁 (你我怎么两清),李佳薇,,3:30,213D580CA0BDCC28A5FDBA995FFDA106,197648995,https://www.kugou.com/yy/rank/home/1-8888.html?from=rank
2026-09-14,2026-09-14T13:04:55+08:00,酷狗音乐,热歌榜,酷狗TOP500,2026-09-14,2,我不难过,孙燕姿,,5:20,3FD7E1EC51122C745C637735C8BDE716,965883,https://www.kugou.com/yy/rank/home/1-8888.html?from=rank
2026-09-14,2026-09-14T13:04:55+08:00,酷狗音乐,热歌榜,酷狗TOP500,2026-09-14,3,你有没有真的爱过我,阿图表妹,,4:03,FE39668F68770C3FB3BE57A3E86CCC10,190170015,https://www.kugou.com/yy/rank/home/1-8888.html?from=rank
2026-09-14,2026-09-14T13:04:55+08:00,酷狗音乐,热歌榜,酷狗TOP500,2026-09-14,4,山风山风等等我,万海东,,3:29,CE256D96F1F025D60468D8F0BC9EE64B,200106963,https://www.kugou.com/yy/rank/home/1-8888.html?from=rank
2026-09-14,2026-09-14T13:04:55+08:00,酷狗音乐,热歌榜,酷狗TOP500,2026-09-14,5,泪海,许茹芸,,4:58,FBC174E7C22B9AF471B7B93A61751E1B,975212,https://www.kugou.com/yy/rank/home/1-8888.html?from=rank
2026-09-14,2026-09-14T13:04:55+08:00,酷狗音乐,热歌榜,酷狗TOP500,2026-09-14,6,失忆,李佳薇,,3:44,9F408EF17E45AA384C5B01E78E79325B,206308166,https://www.kugou.com/yy/rank/home/1-8888.html?from=rank
2026-09-14,2026-09-14T13:04:55+08:00,酷狗音乐,热歌榜,酷狗TOP500,2026-09-14,7,看淡,花姐,,3:54,9AEA353F161DFD90E16E9068047D1AB2,206162878,https://www.kugou.com/yy/rank/home/1-8888.html?from=rank
2026-09-14,2026-09-14T13:04:55+08:00,酷狗音乐,热歌榜,酷狗TOP500,2026-09-14,8,你不该权衡利弊,李婷雪,,3:49,B4EE7D20EADA2A043636B4E560663F29,203889405,https://www.kugou.com/yy/rank/home/1-8888.html?from=rank
2026-09-14,2026-09-14T13:04:55+08:00,酷狗音乐,热歌榜,酷狗TOP500,2026-09-14,9,她,刘宇宁,,3:41,A46200A65547E5A267D10B1F32C6A3B1,204979963,https://www.kugou.com/yy/rank/home/1-8888.html?from=rank
2026-09-14,2026-09-14T13:04:55+08:00,酷狗音乐,热歌榜,酷狗TOP500,2026-09-14,10,琵琶曲,刘宇,,3:45,F8E49EF8D5F52FC5927B3C19C226E1EF,206315389,https://www.kugou.com/yy/rank/home/1-8888.html?from=rank
2026-09-14,2026-09-14T13:04:55+08:00,酷狗音乐,热歌榜,酷狗TOP500,2026-09-14,11,山上的山花开 (氛围版),DJ铁叔,,3:00,A738C3737B77CCD936DE9CE7C422E1EC,205755702,https://www.kugou.com/yy/rank/home/1-8888.html?from=rank
2026-09-14,2026-09-14T13:04:55+08:00,酷狗音乐,热歌榜,酷狗TOP500,2026-09-14,12,再见太难,利得汇,,4:48,AFAA7ACF75FCF8DAC78C0AF7C40D3E9D,2996827,https://www.kugou.com/yy/rank/home/1-8888.html?from=rank
2026-09-14,2026-09-14T13:04:55+08:00,酷狗音乐,热歌榜,酷狗TOP500,2026-09-14,13,时间能不能走慢点 (青春别散场live大合唱版),Lee 木子,,3:56,0E82477B4256D8DC3C620F762606C16A,204235408,https://www.kugou.com/yy/rank/home/1-8888.html?from=rank
2026-09-14,2026-09-14T13:04:55+08:00,酷狗音乐,热歌榜,酷狗TOP500,2026-09-14,14,茶花开了，该回家了,王睿卓、加木,,3:10,99F0F17B7C6F110346411E7AD552156D,133732298,https://www.kugou.com/yy/rank/home/1-8888.html?from=rank
2026-09-14,2026-09-14T13:04:55+08:00,酷狗音乐,热歌榜,酷狗TOP500,2026-09-14,15,情歌,梁静茹,,4:20,72DB6DA75FFE23A3A6361BDB8F44D5F4,2997268,https://www.kugou.com/yy/rank/home/1-8888.html?from=rank
2026-09-14,2026-09-14T13:04:55+08:00,酷狗音乐,热歌榜,酷狗TOP500,2026-09-14,16,盛夏的果实,莫文蔚,,4:11,1C86CBC64AE9A6C3539A36CAADDF1A59,978378,https://www.kugou.com/yy/rank/home/1-8888.html?from=rank
2026-09-14,2026-09-14T13:04:55+08:00,酷狗音乐,热歌榜,酷狗TOP500,2026-09-14,17,人生路漫漫,白小白,,3:55,B8CA573A69DB5050C7EE0C1AB79144E5,179917533,https://www.kugou.com/yy/rank/home/1-8888.html?from=rank
2026-09-14,2026-09-14T13:04:55+08:00,酷狗音乐,热歌榜,酷狗TOP500,2026-09-14,18,泪海 (你怎么舍得让我的泪流向海),段俊,,3:24,C990ED71F7E9FC6A11279F1D6DE8F503,206839041,https://www.kugou.com/yy/rank/home/1-8888.html?from=rank
2026-09-14,2026-09-14T13:04:55+08:00,酷狗音乐,热歌榜,酷狗TOP500,2026-09-14,19,失眠,Suki刘舒妤,,3:31,EC476A2009EF5DCAC13EDCD11870DF55,671621,https://www.kugou.com/yy/rank/home/1-8888.html?from=rank
2026-09-14,2026-09-14T13:04:55+08:00,酷狗音乐,热歌榜,酷狗TOP500,2026-09-14,20,樱花草,Sweety,,4:44,F0B01830164E4974A2AC9E85DD446D45,507451,https://www.kugou.com/yy/rank/home/1-8888.html?from=rank
2026-09-14,2026-09-14T13:04:55+08:00,酷狗音乐,热歌榜,酷狗TOP500,2026-09-14,21,琵琶曲,郑浩、冰洁,,3:55,244A022D6CB3FDE50B24E76402053EB3,180917343,https://www.kugou.com/yy/rank/home/1-8888.html?from=rank
2026-09-14,2026-09-14T13:04:55+08:00,酷狗音乐,热歌榜,酷狗TOP500,2026-09-14,22,大梦归,周深,,3:49,FCEDAF78465CD283E1DA72A8DEAC553A,206967328,https://www.kugou.com/yy/rank/home/1-8888.html?from=rank
2026-09-14,2026-09-14T13:04:55+08:00,酷狗音乐,热歌榜,酷狗TOP500,2026-09-14,23,恋人,李荣浩,,4:36,9DA7851E2BF83B18C74CBBAB461CEFDD,106374641,https://www.kugou.com/yy/rank/home/2-8888.html?from=rank
2026-09-14,2026-09-14T13:04:55+08:00,酷狗音乐,热歌榜,酷狗TOP500,2026-09-14,24,雨爱,杨丞琳,,4:21,2592FFA57A2D8B1A16F18D991B7098CD,2694607,https://www.kugou.com/yy/rank/home/2-8888.html?from=rank
2026-09-14,2026-09-14T13:04:55+08:00,酷狗音乐,热歌榜,酷狗TOP500,2026-09-14,25,偏爱,张芸京,,3:33,4A544525C1F78DBDF25361DB0E255495,968788,https://www.kugou.com/yy/rank/home/2-8888.html?from=rank
2026-09-14,2026-09-14T13:04:55+08:00,酷狗音乐,热歌榜,酷狗TOP500,2026-09-14,26,如果累了就回故乡 (少年版),酷酷里、面妹孔佳奇,,3:50,02B553BC8BB80E6948A78DE0CF4ED354,203339346,https://www.kugou.com/yy/rank/home/2-8888.html?from=rank
2026-09-14,2026-09-14T13:04:55+08:00,酷狗音乐,热歌榜,酷狗TOP500,2026-09-14,27,雨过后的风景,Dizzy Dizzo (蔡诗芸),,4:03,E3F046EDB5EB76BBA5A44FFA3D8F8C42,974143,https://www.kugou.com/yy/rank/home/2-8888.html?from=rank
2026-09-14,2026-09-14T13:04:55+08:00,酷狗音乐,热歌榜,酷狗TOP500,2026-09-14,28,开始懂了,孙燕姿,,4:32,93F260998A10F4AD6B46606AF5C8EC72,972102,https://www.kugou.com/yy/rank/home/2-8888.html?from=rank
2026-09-14,2026-09-14T13:04:55+08:00,酷狗音乐,热歌榜,酷狗TOP500,2026-09-14,29,黄昏,周传雄,,5:44,7DE9A9CD041157F6BF3FE9FFBCF120E3,964612,https://www.kugou.com/yy/rank/home/2-8888.html?from=rank
2026-09-14,2026-09-14T13:04:55+08:00,酷狗音乐,热歌榜,酷狗TOP500,2026-09-14,30,你往南走 (风往北刮),南歌,,3:18,1FC3B465CD5ACA8654A64BE5DE4E9A12,205420335,https://www.kugou.com/yy/rank/home/2-8888.html?from=rank
2026-09-14,2026-09-14T13:04:55+08:00,酷狗音乐,热歌榜,酷狗TOP500,2026-09-14,31,慢品人间烟火气 (微醺版),涂一乐,,2:21,D097F9EC5D9A175447E0A120DCEEF3B8,204334307,https://www.kugou.com/yy/rank/home/2-8888.html?from=rank
2026-09-14,2026-09-14T13:04:55+08:00,酷狗音乐,热歌榜,酷狗TOP500,2026-09-14,32,阴天,莫文蔚,,4:02,E4271CB5938F401AA283FBEA49223BF8,970575,https://www.kugou.com/yy/rank/home/2-8888.html?from=rank
2026-09-14,2026-09-14T13:04:55+08:00,酷狗音乐,热歌榜,酷狗TOP500,2026-09-14,33,吹吹山顶的风,巴扎黑,,2:59,87311B26EDEE637CA1448E14230BCB68,198304563,https://www.kugou.com/yy/rank/home/2-8888.html?from=rank
2026-09-14,2026-09-14T13:04:55+08:00,酷狗音乐,热歌榜,酷狗TOP500,2026-09-14,34,晴天,周杰伦,,4:29,B3A52A7A958BF0AED0EBFBA2E9A818B7,966846,https://www.kugou.com/yy/rank/home/2-8888.html?from=rank
2026-09-14,2026-09-14T13:04:55+08:00,酷狗音乐,热歌榜,酷狗TOP500,2026-09-14,35,碎碎念,队长,,2:13,A823AE8D84854FD2EB5B8E599D1263FA,79831015,https://www.kugou.com/yy/rank/home/2-8888.html?from=rank
2026-09-14,2026-09-14T13:04:55+08:00,酷狗音乐,热歌榜,酷狗TOP500,2026-09-14,36,如果回到那从前 (遗憾),刘纯,,3:18,0B2478BA6332B6F0E791CC7A2DA9ECBA,203722456,https://www.kugou.com/yy/rank/home/2-8888.html?from=rank
2026-09-14,2026-09-14T13:04:55+08:00,酷狗音乐,热歌榜,酷狗TOP500,2026-09-14,37,说文解字,灯叔、方大树,,2:44,8E1C8E7914488017C3BCCCB5C26E579C,205506790,https://www.kugou.com/yy/rank/home/2-8888.html?from=rank
2026-09-14,2026-09-14T13:04:55+08:00,酷狗音乐,热歌榜,酷狗TOP500,2026-09-14,38,岁月如笔写春秋,河南三妹5233,,4:11,5D4C2F9D994E5BECDC9BA0FBC6BD3DD8,191576482,https://www.kugou.com/yy/rank/home/2-8888.html?from=rank
2026-09-14,2026-09-14T13:04:55+08:00,酷狗音乐,热歌榜,酷狗TOP500,2026-09-14,39,认真的雪,薛之谦,,4:19,D2E00CC158DB4DA18927AC3B01CC371B,2689239,https://www.kugou.com/yy/rank/home/2-8888.html?from=rank
2026-09-14,2026-09-14T13:04:55+08:00,酷狗音乐,热歌榜,酷狗TOP500,2026-09-14,40,我怀念的,孙燕姿,,4:49,1A3CAACB1E361DAF217A2383E9C8E292,984086,https://www.kugou.com/yy/rank/home/2-8888.html?from=rank
2026-09-14,2026-09-14T13:04:55+08:00,酷狗音乐,热歌榜,酷狗TOP500,2026-09-14,41,思念漫过海岸线,欢子,,3:53,8D2C6FA2B7F281E87E967DDB3B7A95DB,205286218,https://www.kugou.com/yy/rank/home/2-8888.html?from=rank
2026-09-14,2026-09-14T13:04:55+08:00,酷狗音乐,热歌榜,酷狗TOP500,2026-09-14,42,梦哑,任然,,3:54,3194D1AA995469BEF8620E96989D6BA8,193630889,https://www.kugou.com/yy/rank/home/2-8888.html?from=rank
2026-09-14,2026-09-14T13:04:55+08:00,酷狗音乐,热歌榜,酷狗TOP500,2026-09-14,43,最佳损友,陈奕迅,,3:54,CBFA7DDE592B23322E21E4BDAA9BE9F9,964332,https://www.kugou.com/yy/rank/home/2-8888.html?from=rank
2026-09-14,2026-09-14T13:04:55+08:00,酷狗音乐,热歌榜,酷狗TOP500,2026-09-14,44,我好想你 (苏打绿版),苏打绿,,5:29,55FEA1927AC4D460F6EB3B9262AC9981,108011230,https://www.kugou.com/yy/rank/home/2-8888.html?from=rank
2026-09-14,2026-09-14T13:04:55+08:00,酷狗音乐,热歌榜,酷狗TOP500,2026-09-14,45,小半,陈粒,,4:57,AFEA9FFE5D7F0EF0874119A363820D33,1749208,https://www.kugou.com/yy/rank/home/3-8888.html?from=rank
2026-09-14,2026-09-14T13:04:55+08:00,酷狗音乐,热歌榜,酷狗TOP500,2026-09-14,46,下完这场雨,后弦,,4:31,2EEFFF98A4F19D945BBA7C78FB2079C0,1964990,https://www.kugou.com/yy/rank/home/3-8888.html?from=rank
2026-09-14,2026-09-14T13:04:55+08:00,酷狗音乐,热歌榜,酷狗TOP500,2026-09-14,47,坏女孩,徐良、小凌,,4:07,9365223F903B13D0DAF54B6091AC3E7B,511536,https://www.kugou.com/yy/rank/home/3-8888.html?from=rank
2026-09-14,2026-09-14T13:04:55+08:00,酷狗音乐,热歌榜,酷狗TOP500,2026-09-14,48,演员,薛之谦,,4:21,097E777171F692855EAE98B6965F9477,14456909,https://www.kugou.com/yy/rank/home/3-8888.html?from=rank
2026-09-14,2026-09-14T13:04:55+08:00,酷狗音乐,热歌榜,酷狗TOP500,2026-09-14,49,离开我的依赖,王艳薇,,3:54,A9C377CC1B9931F0CE81907E23E4D588,36181053,https://www.kugou.com/yy/rank/home/3-8888.html?from=rank
2026-09-14,2026-09-14T13:04:55+08:00,酷狗音乐,热歌榜,酷狗TOP500,2026-09-14,50,等一分钟,徐誉滕,,3:56,52ED380B09C692BDF4CE65FD56D918F3,2530746,https://www.kugou.com/yy/rank/home/3-8888.html?from=rank
2026-09-14,2026-09-14T13:04:55+08:00,酷狗音乐,热歌榜,酷狗TOP500,2026-09-14,51,美人鱼,林俊杰,,4:14,CDAE8C7E2FAF7F08DC18E78A1D65117B,969588,https://www.kugou.com/yy/rank/home/3-8888.html?from=rank
2026-09-14,2026-09-14T13:04:55+08:00,酷狗音乐,热歌榜,酷狗TOP500,2026-09-14,52,富士山下,陈奕迅,,4:19,0433F1A94FA162B20FB8AE576A951D6B,976404,https://www.kugou.com/yy/rank/home/3-8888.html?from=rank
2026-09-14,2026-09-14T13:04:55+08:00,酷狗音乐,热歌榜,酷狗TOP500,2026-09-14,53,黄昏 (纵然青丝如霜)(R&B版),落日微醺,,4:05,423FC1778078ACF260242626820E4244,194767721,https://www.kugou.com/yy/rank/home/3-8888.html?from=rank
2026-09-14,2026-09-14T13:04:55+08:00,酷狗音乐,热歌榜,酷狗TOP500,2026-09-14,54,青花,周传雄,,4:58,09B46455BAE7C613ABD0DB362A5DDBDE,960448,https://www.kugou.com/yy/rank/home/3-8888.html?from=rank
2026-09-14,2026-09-14T13:04:55+08:00,酷狗音乐,热歌榜,酷狗TOP500,2026-09-14,55,ORA,受伤的梅、王昱蒙,,4:15,5FAB85DDFA9F7EB6D64AA7568EAB466E,203945585,https://www.kugou.com/yy/rank/home/3-8888.html?from=rank
2026-09-14,2026-09-14T13:04:55+08:00,酷狗音乐,热歌榜,酷狗TOP500,2026-09-14,56,第57次取消发送,菲菲公主（陆绮菲）,,3:01,F17C489C53382E608F9CBB3ED9F6D2AA,137397074,https://www.kugou.com/yy/rank/home/3-8888.html?from=rank
2026-09-14,2026-09-14T13:04:55+08:00,酷狗音乐,热歌榜,酷狗TOP500,2026-09-14,57,江南,林俊杰,,4:28,B83DBB8E3DD3FCF86BF32690B91547F5,969588,https://www.kugou.com/yy/rank/home/3-8888.html?from=rank
2026-09-14,2026-09-14T13:04:55+08:00,酷狗音乐,热歌榜,酷狗TOP500,2026-09-14,58,像我这样爱你的人,落日微醺本薰、张多金,,4:22,2AEE05C92035800815DE6AFEE285FD0B,201366705,https://www.kugou.com/yy/rank/home/3-8888.html?from=rank
2026-09-14,2026-09-14T13:04:55+08:00,酷狗音乐,热歌榜,酷狗TOP500,2026-09-14,59,唯一,G.E.M.邓紫棋,,4:14,AB05B8F658851282DCB2CBAD548AEB9B,82564821,https://www.kugou.com/yy/rank/home/3-8888.html?from=rank
2026-09-14,2026-09-14T13:04:55+08:00,酷狗音乐,热歌榜,酷狗TOP500,2026-09-14,60,遇见,孙燕姿,,3:31,9F865C787E90E013B2BC847BAAA306AA,964325,https://www.kugou.com/yy/rank/home/3-8888.html?from=rank
2026-09-14,2026-09-14T13:04:55+08:00,酷狗音乐,热歌榜,酷狗TOP500,2026-09-14,61,笨蛋,汪苏泷、五月天 阿信,,4:10,B6A01EB35B6ED3AA834BEDB6BFDDCDEF,206710059,https://www.kugou.com/yy/rank/home/3-8888.html?from=rank
2026-09-14,2026-09-14T13:04:55+08:00,酷狗音乐,热歌榜,酷狗TOP500,2026-09-14,62,茶花开了,王睿卓,,4:30,007A7A8EAFA3FF9EA51EF6A767AC3497,130468077,https://www.kugou.com/yy/rank/home/3-8888.html?from=rank
2026-09-14,2026-09-14T13:04:55+08:00,酷狗音乐,热歌榜,酷狗TOP500,2026-09-14,63,成都,赵雷,,5:28,A06B033B356BFC974C5245D0195086A5,1802652,https://www.kugou.com/yy/rank/home/3-8888.html?from=rank
2026-09-14,2026-09-14T13:04:55+08:00,酷狗音乐,热歌榜,酷狗TOP500,2026-09-14,64,红色高跟鞋,蔡健雅,,3:27,055A804B8A3CCC05240D08F8FF1F7DE8,978459,https://www.kugou.com/yy/rank/home/3-8888.html?from=rank
2026-09-14,2026-09-14T13:04:55+08:00,酷狗音乐,热歌榜,酷狗TOP500,2026-09-14,65,爱错,王力宏,,3:59,8E021794DFD02C48D2C6281A55BCBDC6,2996462,https://www.kugou.com/yy/rank/home/3-8888.html?from=rank
2026-09-14,2026-09-14T13:04:55+08:00,酷狗音乐,热歌榜,酷狗TOP500,2026-09-14,66,今生劫换来生缘 (花开又花谢花满天),黄静美,,2:32,0EC832D2791A7AD5F6B76135F2D2313E,202565327,https://www.kugou.com/yy/rank/home/3-8888.html?from=rank
2026-09-14,2026-09-14T13:04:55+08:00,酷狗音乐,热歌榜,酷狗TOP500,2026-09-14,67,青花瓷,周杰伦,,3:59,37A8F50A9EC3B267C3CC6BEC633D9C4A,979856,https://www.kugou.com/yy/rank/home/4-8888.html?from=rank
2026-09-14,2026-09-14T13:04:55+08:00,酷狗音乐,热歌榜,酷狗TOP500,2026-09-14,68,牡丹亭,浅影阿,,3:00,E3DDA5DFCDC44BCF146E2BDC3916779A,203271867,https://www.kugou.com/yy/rank/home/4-8888.html?from=rank
2026-09-14,2026-09-14T13:04:55+08:00,酷狗音乐,热歌榜,酷狗TOP500,2026-09-14,69,好想再爱你,潘广益,,4:31,B78BA4062528E712B68C42DC6A4D9AAE,957659,https://www.kugou.com/yy/rank/home/4-8888.html?from=rank
2026-09-14,2026-09-14T13:04:55+08:00,酷狗音乐,热歌榜,酷狗TOP500,2026-09-14,70,来不及爱你,h3R3刘清云,,3:25,E3ED52965CEE83A40D73C5FB1DA7FF62,76488384,https://www.kugou.com/yy/rank/home/4-8888.html?from=rank
2026-09-14,2026-09-14T13:04:55+08:00,酷狗音乐,热歌榜,酷狗TOP500,2026-09-14,71,回到小村落 (烟嗓版),烟嗓别针plus,,3:39,B3A557C464546E69AFB5A7FBE370E6A2,203603720,https://www.kugou.com/yy/rank/home/4-8888.html?from=rank
2026-09-14,2026-09-14T13:04:55+08:00,酷狗音乐,热歌榜,酷狗TOP500,2026-09-14,72,街角的晚风,陈小春,,4:00,18B89D66950B7856EABB131BB6273F6E,169830039,https://www.kugou.com/yy/rank/home/4-8888.html?from=rank
2026-09-14,2026-09-14T13:04:55+08:00,酷狗音乐,热歌榜,酷狗TOP500,2026-09-14,73,差一步,大壮,,4:06,08C2E4AF2BDDB11D36E2B04A51DA30CE,6194568,https://www.kugou.com/yy/rank/home/4-8888.html?from=rank
2026-09-14,2026-09-14T13:04:55+08:00,酷狗音乐,热歌榜,酷狗TOP500,2026-09-14,74,一直很安静,阿桑,,4:10,44816EF0288A3B1ED2C4A5C5FE6B93B3,972917,https://www.kugou.com/yy/rank/home/4-8888.html?from=rank
2026-09-14,2026-09-14T13:04:55+08:00,酷狗音乐,热歌榜,酷狗TOP500,2026-09-14,75,童话,光良,,4:04,472FF9D57BCE90288EC88CBE100BCB2A,974097,https://www.kugou.com/yy/rank/home/4-8888.html?from=rank
2026-09-14,2026-09-14T13:04:55+08:00,酷狗音乐,热歌榜,酷狗TOP500,2026-09-14,76,若不是因为你 (深情版),林栖,,4:13,6CCB2559DE8FC8965E98F641C4C33B6A,176013962,https://www.kugou.com/yy/rank/home/4-8888.html?from=rank
2026-09-14,2026-09-14T13:04:55+08:00,酷狗音乐,热歌榜,酷狗TOP500,2026-09-14,77,后来,刘若英,,5:38,C4904D4E3BBA872D41D3BDBF597E2B18,16562,https://www.kugou.com/yy/rank/home/4-8888.html?from=rank
2026-09-14,2026-09-14T13:04:55+08:00,酷狗音乐,热歌榜,酷狗TOP500,2026-09-14,78,特别的人,方大同,,4:19,0F7A79ADAAEEB6EA1DA3E19DD637FD73,965097,https://www.kugou.com/yy/rank/home/4-8888.html?from=rank
2026-09-14,2026-09-14T13:04:55+08:00,酷狗音乐,热歌榜,酷狗TOP500,2026-09-14,79,如愿,王菲,,4:25,EC1A18BBD6B61CB203E656B91F5CF2D1,49057589,https://www.kugou.com/yy/rank/home/4-8888.html?from=rank
2026-09-14,2026-09-14T13:04:55+08:00,酷狗音乐,热歌榜,酷狗TOP500,2026-09-14,80,情一动心就痛,海生,,3:52,760B61FE988DF30C730F0965AACF660B,958222,https://www.kugou.com/yy/rank/home/4-8888.html?from=rank
2026-09-14,2026-09-14T13:04:55+08:00,酷狗音乐,热歌榜,酷狗TOP500,2026-09-14,81,勇气,梁静茹,,3:59,A4D0C350CF4475BFBB0AB28DC6E25A8D,973299,https://www.kugou.com/yy/rank/home/4-8888.html?from=rank
2026-09-14,2026-09-14T13:04:55+08:00,酷狗音乐,热歌榜,酷狗TOP500,2026-09-14,82,红尘客栈,周杰伦,,4:34,48729371F20FB048EF4E51D4CD41DBF5,982051,https://www.kugou.com/yy/rank/home/4-8888.html?from=rank
2026-09-14,2026-09-14T13:04:55+08:00,酷狗音乐,热歌榜,酷狗TOP500,2026-09-14,83,秋天不回来,王强,,4:14,81056FF4FC4F2D0A0E9B38757A60D2F7,81746524,https://www.kugou.com/yy/rank/home/4-8888.html?from=rank
2026-09-14,2026-09-14T13:04:55+08:00,酷狗音乐,热歌榜,酷狗TOP500,2026-09-14,84,爱情讯息,郭静,,4:41,D8E857250D8EEA9C5FAFDAF7857640A5,971139,https://www.kugou.com/yy/rank/home/4-8888.html?from=rank
2026-09-14,2026-09-14T13:04:55+08:00,酷狗音乐,热歌榜,酷狗TOP500,2026-09-14,85,会呼吸的痛,梁静茹,,4:32,1EB00DC46AE8E1446B6A9860A56487AC,500574,https://www.kugou.com/yy/rank/home/4-8888.html?from=rank
2026-09-14,2026-09-14T13:04:55+08:00,酷狗音乐,热歌榜,酷狗TOP500,2026-09-14,86,带我走,杨丞琳,,4:50,0C57DE35C3CB2A32A8CF634E4F8309C4,975441,https://www.kugou.com/yy/rank/home/4-8888.html?from=rank
2026-09-14,2026-09-14T13:04:55+08:00,酷狗音乐,热歌榜,酷狗TOP500,2026-09-14,87,稻香,周杰伦,,3:44,8909E1809908CD8E3BF6CF85D98B93F0,960399,https://www.kugou.com/yy/rank/home/4-8888.html?from=rank
2026-09-14,2026-09-14T13:04:55+08:00,酷狗音乐,热歌榜,酷狗TOP500,2026-09-14,88,只对你有感觉,飞轮海、田馥甄,,3:59,E400C3F475001BA5B0F197F2E1923F47,556347,https://www.kugou.com/yy/rank/home/4-8888.html?from=rank
2026-09-14,2026-09-14T13:04:55+08:00,酷狗音乐,热歌榜,酷狗TOP500,2026-09-14,89,冻结,林俊杰,,4:49,AE291096B510F20B93D7D87DCBEF1E43,971150,https://www.kugou.com/yy/rank/home/5-8888.html?from=rank
2026-09-14,2026-09-14T13:04:55+08:00,酷狗音乐,热歌榜,酷狗TOP500,2026-09-14,90,牵千结,段奥娟,,4:11,292325C34E0A1371F78F2EBDB7D32121,207026251,https://www.kugou.com/yy/rank/home/5-8888.html?from=rank
2026-09-14,2026-09-14T13:04:55+08:00,酷狗音乐,热歌榜,酷狗TOP500,2026-09-14,91,落日微醺 (晚风中一杯酒),落日微醺,,4:14,CB22754AB8A0F20FCC015D0A800758CE,196517740,https://www.kugou.com/yy/rank/home/5-8888.html?from=rank
2026-09-14,2026-09-14T13:04:55+08:00,酷狗音乐,热歌榜,酷狗TOP500,2026-09-14,92,灰色轨迹,BEYOND,,5:28,4476FAA4B6567CCC2292BFBBCA93CB9C,39629213,https://www.kugou.com/yy/rank/home/5-8888.html?from=rank
2026-09-14,2026-09-14T13:04:55+08:00,酷狗音乐,热歌榜,酷狗TOP500,2026-09-14,93,踏马寻花向自由 (雷鬼版),超哥,,2:59,B5BA68A039E54847B4E14A46A268991B,194886112,https://www.kugou.com/yy/rank/home/5-8888.html?from=rank
2026-09-14,2026-09-14T13:04:55+08:00,酷狗音乐,热歌榜,酷狗TOP500,2026-09-14,94,破局者,张杰,,4:42,18F4E830DEEB1C86BBD56660AF5B147A,207208266,https://www.kugou.com/yy/rank/home/5-8888.html?from=rank
2026-09-14,2026-09-14T13:04:55+08:00,酷狗音乐,热歌榜,酷狗TOP500,2026-09-14,95,我们俩,郭顶,,3:14,DD4D224BC3DBFD1A0F6E338928620E69,979601,https://www.kugou.com/yy/rank/home/5-8888.html?from=rank
2026-09-14,2026-09-14T13:04:55+08:00,酷狗音乐,热歌榜,酷狗TOP500,2026-09-14,96,茶汤,郁可唯,,5:09,187D31F57E1B299AFA2880635B20F69A,4012536,https://www.kugou.com/yy/rank/home/5-8888.html?from=rank
2026-09-14,2026-09-14T13:04:55+08:00,酷狗音乐,热歌榜,酷狗TOP500,2026-09-14,97,野心家,张靓颖,,4:43,1789AD88CFDD254910125F22494C0E8B,161637189,https://www.kugou.com/yy/rank/home/5-8888.html?from=rank
2026-09-14,2026-09-14T13:04:55+08:00,酷狗音乐,热歌榜,酷狗TOP500,2026-09-14,98,光辉岁月,BEYOND,,5:04,BBFE9596615ADE83FF6B117831C45E4D,960181,https://www.kugou.com/yy/rank/home/5-8888.html?from=rank
2026-09-14,2026-09-14T13:04:55+08:00,酷狗音乐,热歌榜,酷狗TOP500,2026-09-14,99,梦的翅膀受了伤,蒋雪儿Snow.J,,4:36,7B00B1F90C13C270CE96EA51DA863B96,1965074,https://www.kugou.com/yy/rank/home/5-8888.html?from=rank
2026-09-14,2026-09-14T13:04:55+08:00,酷狗音乐,热歌榜,酷狗TOP500,2026-09-14,100,此生不换,青鸟飞鱼,,4:26,F73630B79647324AB3415C21BFA5BD3D,553897,https://www.kugou.com/yy/rank/home/5-8888.html?from=rank
2026-09-14,2026-09-14T13:04:55+08:00,酷狗音乐,热歌榜,酷狗TOP500,2026-09-14,101,海阔天空,BEYOND,,5:25,C41E80A18D1448FA47086372999C7F43,973001,https://www.kugou.com/yy/rank/home/5-8888.html?from=rank
2026-09-14,2026-09-14T13:04:55+08:00,酷狗音乐,热歌榜,酷狗TOP500,2026-09-14,102,搁浅,周杰伦,,4:00,8141FAA45AAD5BCFF5FF9873B89709E3,971783,https://www.kugou.com/yy/rank/home/5-8888.html?from=rank
2026-09-14,2026-09-14T13:04:55+08:00,酷狗音乐,热歌榜,酷狗TOP500,2026-09-14,103,其实,薛之谦,,4:02,2A8911EAD4838BF967CF5A300D787E53,960327,https://www.kugou.com/yy/rank/home/5-8888.html?from=rank
2026-09-14,2026-09-14T13:04:55+08:00,酷狗音乐,热歌榜,酷狗TOP500,2026-09-14,104,明天过后,张杰,,3:59,5B900D95E79765AE62664BE5C871DD9E,38606351,https://www.kugou.com/yy/rank/home/5-8888.html?from=rank
2026-09-14,2026-09-14T13:04:55+08:00,酷狗音乐,热歌榜,酷狗TOP500,2026-09-14,105,空心,光泽,,4:39,4465EE613CC3CF7DCF9448F8ACFED1CA,4141939,https://www.kugou.com/yy/rank/home/5-8888.html?from=rank
2026-09-14,2026-09-14T13:04:55+08:00,酷狗音乐,热歌榜,酷狗TOP500,2026-09-14,106,告白气球,周杰伦,,3:36,688857974673645CE89EDA26A36DB19D,1645030,https://www.kugou.com/yy/rank/home/5-8888.html?from=rank
2026-09-14,2026-09-14T13:04:55+08:00,酷狗音乐,热歌榜,酷狗TOP500,2026-09-14,107,我恨明月不照我,阿YueYue,,4:12,B1B259EEA7E93DE5F6C759BA6C45777C,172322576,https://www.kugou.com/yy/rank/home/5-8888.html?from=rank
2026-09-14,2026-09-14T13:04:55+08:00,酷狗音乐,热歌榜,酷狗TOP500,2026-09-14,108,你这坏坏的扑街仔 (偏偏爱上你这笨脑袋)(对唱版),马耀火、金禾安,,3:02,4C04BB8F9C9F93D4E0325BF625F11BEC,203511794,https://www.kugou.com/yy/rank/home/5-8888.html?from=rank
2026-09-14,2026-09-14T13:04:55+08:00,酷狗音乐,热歌榜,酷狗TOP500,2026-09-14,109,甲乙丙丁 (伤感氛围版),Suxiao,,2:29,B3082A5758028297AFA48062EF0B5FE3,202137314,https://www.kugou.com/yy/rank/home/5-8888.html?from=rank
2026-09-14,2026-09-14T13:04:55+08:00,酷狗音乐,热歌榜,酷狗TOP500,2026-09-14,110,半壶纱,刘珂矣,,3:41,951AB088C5A08F491471A1296DF93707,948327,https://www.kugou.com/yy/rank/home/5-8888.html?from=rank
2026-09-14,2026-09-14T13:04:55+08:00,酷狗音乐,热歌榜,酷狗TOP500,2026-09-14,111,有些,颜人中,,3:49,D79E556C176AE1A3ADE8B532810C4CE8,34604592,https://www.kugou.com/yy/rank/home/6-8888.html?from=rank
2026-09-14,2026-09-14T13:04:55+08:00,酷狗音乐,热歌榜,酷狗TOP500,2026-09-14,112,千千阕歌,陈慧娴,,5:01,81E5A1C3B9E016D61FE91B809B4A7DC1,971621,https://www.kugou.com/yy/rank/home/6-8888.html?from=rank
2026-09-14,2026-09-14T13:04:55+08:00,酷狗音乐,热歌榜,酷狗TOP500,2026-09-14,113,老男孩,筷子兄弟,,4:59,EB494F1F9199AA29F66E056F116D2F1C,17165001,https://www.kugou.com/yy/rank/home/6-8888.html?from=rank
2026-09-14,2026-09-14T13:04:55+08:00,酷狗音乐,热歌榜,酷狗TOP500,2026-09-14,114,侧脸,黄霄雲,,3:37,955421D2C0B869B3D25116B3E0FA461C,206943192,https://www.kugou.com/yy/rank/home/6-8888.html?from=rank
2026-09-14,2026-09-14T13:04:55+08:00,酷狗音乐,热歌榜,酷狗TOP500,2026-09-14,115,莫忙,乡野低频,,3:00,CF77A3DEE3D707DD355FC0CA3F78FBE5,203395383,https://www.kugou.com/yy/rank/home/6-8888.html?from=rank
2026-09-14,2026-09-14T13:04:55+08:00,酷狗音乐,热歌榜,酷狗TOP500,2026-09-14,116,十年,陈奕迅,,3:25,5146461A5717B942F4B13125978618E3,504194,https://www.kugou.com/yy/rank/home/6-8888.html?from=rank
2026-09-14,2026-09-14T13:04:55+08:00,酷狗音乐,热歌榜,酷狗TOP500,2026-09-14,117,可不可以,张紫豪,,4:01,6079A2ACBA5E782FE24695FDFCDB1887,9618875,https://www.kugou.com/yy/rank/home/6-8888.html?from=rank
2026-09-14,2026-09-14T13:04:55+08:00,酷狗音乐,热歌榜,酷狗TOP500,2026-09-14,118,背对背拥抱,林俊杰,,3:55,D3CB60981A747455AE3142C25809051E,975828,https://www.kugou.com/yy/rank/home/6-8888.html?from=rank
2026-09-14,2026-09-14T13:04:55+08:00,酷狗音乐,热歌榜,酷狗TOP500,2026-09-14,119,戒烟,李荣浩,,4:54,AF36A623D725B98893DAEFDF8010F22E,49390931,https://www.kugou.com/yy/rank/home/6-8888.html?from=rank
2026-09-14,2026-09-14T13:04:55+08:00,酷狗音乐,热歌榜,酷狗TOP500,2026-09-14,120,山歌追上云朵,央金拉姆,,3:35,B81F368C6B44B98B0E2B4E9F417F1002,193932928,https://www.kugou.com/yy/rank/home/6-8888.html?from=rank
2026-09-14,2026-09-14T13:04:55+08:00,酷狗音乐,热歌榜,酷狗TOP500,2026-09-14,121,敬岁月一杯酒,万海东,,3:32,C417C9621CD6D9A48DA79900D9B9502D,201889141,https://www.kugou.com/yy/rank/home/6-8888.html?from=rank
2026-09-14,2026-09-14T13:04:55+08:00,酷狗音乐,热歌榜,酷狗TOP500,2026-09-14,122,心墙,郭静,,3:47,97870F3D4B01A7822DC497C6127EA66D,968033,https://www.kugou.com/yy/rank/home/6-8888.html?from=rank
2026-09-14,2026-09-14T13:04:55+08:00,酷狗音乐,热歌榜,酷狗TOP500,2026-09-14,123,Always Online,林俊杰,,3:45,16A4E4895905B703AC0F31007A495D4C,963179,https://www.kugou.com/yy/rank/home/6-8888.html?from=rank
2026-09-14,2026-09-14T13:04:55+08:00,酷狗音乐,热歌榜,酷狗TOP500,2026-09-14,124,我好像在哪见过你,薛之谦,,4:39,6A350E487263733359E7F2B64BD974AC,1747549,https://www.kugou.com/yy/rank/home/6-8888.html?from=rank
2026-09-14,2026-09-14T13:04:55+08:00,酷狗音乐,热歌榜,酷狗TOP500,2026-09-14,125,抽离,徐良、刘丹萌,,4:18,37A9C74C33A9FAEFF672CFDF4C699581,547514,https://www.kugou.com/yy/rank/home/6-8888.html?from=rank
2026-09-14,2026-09-14T13:04:55+08:00,酷狗音乐,热歌榜,酷狗TOP500,2026-09-14,126,失控,井迪,,4:15,44FE8C442EB1F254D15717F1DC03C9BF,40221609,https://www.kugou.com/yy/rank/home/6-8888.html?from=rank
2026-09-14,2026-09-14T13:04:55+08:00,酷狗音乐,热歌榜,酷狗TOP500,2026-09-14,127,夜曲,周杰伦,,3:47,16C8AB298231370293D16BCF9E5FF9B6,958909,https://www.kugou.com/yy/rank/home/6-8888.html?from=rank
2026-09-14,2026-09-14T13:04:55+08:00,酷狗音乐,热歌榜,酷狗TOP500,2026-09-14,128,落了白,蒋雪儿Snow.J,,3:01,74390D89B6BD2E18CFD7F25968EFD98A,40300587,https://www.kugou.com/yy/rank/home/6-8888.html?from=rank
2026-09-14,2026-09-14T13:04:55+08:00,酷狗音乐,热歌榜,酷狗TOP500,2026-09-14,129,如果还会遇见,何遇Hayu、Crybird,,3:48,B740AAF49578F8F9C9E52DD560E122BF,201658284,https://www.kugou.com/yy/rank/home/6-8888.html?from=rank
2026-09-14,2026-09-14T13:04:55+08:00,酷狗音乐,热歌榜,酷狗TOP500,2026-09-14,130,街角的晚风 (烟嗓R&B版),落日微醺,,3:56,D636D97870D4098ACD3C317BFFDA03D9,196517616,https://www.kugou.com/yy/rank/home/6-8888.html?from=rank
2026-09-14,2026-09-14T13:04:55+08:00,酷狗音乐,热歌榜,酷狗TOP500,2026-09-14,131,奢香夫人,凤凰传奇,,4:20,478C572FC9E2E15777A41260DEE293A0,984412,https://www.kugou.com/yy/rank/home/6-8888.html?from=rank
2026-09-14,2026-09-14T13:04:55+08:00,酷狗音乐,热歌榜,酷狗TOP500,2026-09-14,132,猜不透,丁当,,3:53,B1B4CC4F4E90134603CE66CBCF8FA73B,973244,https://www.kugou.com/yy/rank/home/6-8888.html?from=rank
2026-09-14,2026-09-14T13:04:55+08:00,酷狗音乐,热歌榜,酷狗TOP500,2026-09-14,133,冰箱没有鸡蛋,马嘉祺,,3:10,54D04B09F376BEC775F84079920C8234,206174664,https://www.kugou.com/yy/rank/home/7-8888.html?from=rank
2026-09-14,2026-09-14T13:04:55+08:00,酷狗音乐,热歌榜,酷狗TOP500,2026-09-14,134,黑街,陈雅雯,,4:05,3FDEDFDA2D0131280D7F65CD7D9618D3,1597547,https://www.kugou.com/yy/rank/home/7-8888.html?from=rank
2026-09-14,2026-09-14T13:04:55+08:00,酷狗音乐,热歌榜,酷狗TOP500,2026-09-14,135,我知道,BY2,,4:10,38CB283F880797F94A80968E682191E2,530437,https://www.kugou.com/yy/rank/home/7-8888.html?from=rank
2026-09-14,2026-09-14T13:04:55+08:00,酷狗音乐,热歌榜,酷狗TOP500,2026-09-14,136,闭目入神,郑中基,,3:36,386EF80136EFD753F8C9CD75D18159C3,7547818,https://www.kugou.com/yy/rank/home/7-8888.html?from=rank
2026-09-14,2026-09-14T13:04:55+08:00,酷狗音乐,热歌榜,酷狗TOP500,2026-09-14,137,逆风的船 (看那朝阳爬过了山峦),蓝波,,3:16,0FC1FA099A3F6984C1C1D4EC211D5A7B,199831134,https://www.kugou.com/yy/rank/home/7-8888.html?from=rank
2026-09-14,2026-09-14T13:04:55+08:00,酷狗音乐,热歌榜,酷狗TOP500,2026-09-14,138,讲不出再见,谭咏麟,,4:54,2E0BFDC7BA2F759B0208A58CB2C26523,2337635,https://www.kugou.com/yy/rank/home/7-8888.html?from=rank
2026-09-14,2026-09-14T13:04:55+08:00,酷狗音乐,热歌榜,酷狗TOP500,2026-09-14,139,雪下的时候,乔佳旭,,4:24,F6B3AA5971A01E755A344C2256606418,35913748,https://www.kugou.com/yy/rank/home/7-8888.html?from=rank
2026-09-14,2026-09-14T13:04:55+08:00,酷狗音乐,热歌榜,酷狗TOP500,2026-09-14,140,出现又离开 (Live),梁博,,6:43,DEAB3B0160E9A410CE0AAA9ED8AC602E,19284949,https://www.kugou.com/yy/rank/home/7-8888.html?from=rank
2026-09-14,2026-09-14T13:04:55+08:00,酷狗音乐,热歌榜,酷狗TOP500,2026-09-14,141,时光你等等我,郭芊彤,,4:19,35752B1309268B40355A1CEE7821EDEE,201198246,https://www.kugou.com/yy/rank/home/7-8888.html?from=rank
2026-09-14,2026-09-14T13:04:55+08:00,酷狗音乐,热歌榜,酷狗TOP500,2026-09-14,142,幻听,许嵩,,4:33,24F5E7555646965CD7D1A924452B3300,973046,https://www.kugou.com/yy/rank/home/7-8888.html?from=rank
2026-09-14,2026-09-14T13:04:55+08:00,酷狗音乐,热歌榜,酷狗TOP500,2026-09-14,143,那时雨,徐良,,3:34,CE76C60251F6193BC5BBA5B46B977747,16900987,https://www.kugou.com/yy/rank/home/7-8888.html?from=rank
2026-09-14,2026-09-14T13:04:55+08:00,酷狗音乐,热歌榜,酷狗TOP500,2026-09-14,144,七里香,周杰伦,,4:59,9218D81686C6AC681BC7CA621958AD6D,971783,https://www.kugou.com/yy/rank/home/7-8888.html?from=rank
2026-09-14,2026-09-14T13:04:55+08:00,酷狗音乐,热歌榜,酷狗TOP500,2026-09-14,145,至少还有你,林忆莲,,4:35,BA9D67DAB59FA6DCE243F4B6B70ACA95,967340,https://www.kugou.com/yy/rank/home/7-8888.html?from=rank
2026-09-14,2026-09-14T13:04:55+08:00,酷狗音乐,热歌榜,酷狗TOP500,2026-09-14,146,你有没有真的爱过我 (对唱版),阿图表妹、寂寞阿图,,4:03,3C425FC4496E67468562CA377D7F2B23,190170015,https://www.kugou.com/yy/rank/home/7-8888.html?from=rank
2026-09-14,2026-09-14T13:04:55+08:00,酷狗音乐,热歌榜,酷狗TOP500,2026-09-14,147,没那么简单,黄小琥,,5:08,90D82FB9EB6C1F5385F6F086318EE1FA,962530,https://www.kugou.com/yy/rank/home/7-8888.html?from=rank
2026-09-14,2026-09-14T13:04:55+08:00,酷狗音乐,热歌榜,酷狗TOP500,2026-09-14,148,体面,于文文,,4:43,B0927C5353E9DD8BD72242BB730DAFF4,8149034,https://www.kugou.com/yy/rank/home/7-8888.html?from=rank
2026-09-14,2026-09-14T13:04:55+08:00,酷狗音乐,热歌榜,酷狗TOP500,2026-09-14,149,拆穿,小霞,,3:57,365C579BC6436ECA01A004531ADFCE04,938970,https://www.kugou.com/yy/rank/home/7-8888.html?from=rank
2026-09-14,2026-09-14T13:04:55+08:00,酷狗音乐,热歌榜,酷狗TOP500,2026-09-14,150,玻璃,Gareth.T,,3:05,ED0ED6B17B6C29695E97F5CC945C7901,191663409,https://www.kugou.com/yy/rank/home/7-8888.html?from=rank
2026-09-14,2026-09-14T13:04:55+08:00,酷狗音乐,热歌榜,酷狗TOP500,2026-09-14,151,退后,周杰伦,,4:22,5971DE0B235D5B2708D6A6FEB3D31B6F,965291,https://www.kugou.com/yy/rank/home/7-8888.html?from=rank
2026-09-14,2026-09-14T13:04:55+08:00,酷狗音乐,热歌榜,酷狗TOP500,2026-09-14,152,舍得,王唯旖,,4:22,62C406C76F45C3EF39F451F2C4F22D95,1944276,https://www.kugou.com/yy/rank/home/7-8888.html?from=rank
2026-09-14,2026-09-14T13:04:55+08:00,酷狗音乐,热歌榜,酷狗TOP500,2026-09-14,153,春娇与志明,街道办GDC、欧阳耀莹,,3:24,E84947402A5E0952FA067566C10264CB,8543461,https://www.kugou.com/yy/rank/home/7-8888.html?from=rank
2026-09-14,2026-09-14T13:04:55+08:00,酷狗音乐,热歌榜,酷狗TOP500,2026-09-14,154,山风山风等等我 (对唱版),万海东、大欢,,3:29,211C34EFEF102CA5DD6BF99170D4A0B7,206776823,https://www.kugou.com/yy/rank/home/7-8888.html?from=rank
2026-09-14,2026-09-14T13:04:55+08:00,酷狗音乐,热歌榜,酷狗TOP500,2026-09-14,155,或许 (现场live大合唱版),7paste、艾利（Ellie）,,3:30,C77D56A5B1526AC1F0FA5B93787002C0,203036081,https://www.kugou.com/yy/rank/home/8-8888.html?from=rank
2026-09-14,2026-09-14T13:04:55+08:00,酷狗音乐,热歌榜,酷狗TOP500,2026-09-14,156,无人之岛,任然,,4:45,8E568D8806F771607104D8BF9695ACE0,2916172,https://www.kugou.com/yy/rank/home/8-8888.html?from=rank
2026-09-14,2026-09-14T13:04:55+08:00,酷狗音乐,热歌榜,酷狗TOP500,2026-09-14,157,亲爱的你啊,任素汐,,3:56,C42C2C5C7A68CDAFBF543F29AF883B1D,144348541,https://www.kugou.com/yy/rank/home/8-8888.html?from=rank
2026-09-14,2026-09-14T13:04:55+08:00,酷狗音乐,热歌榜,酷狗TOP500,2026-09-14,158,Lost,满舒克、Jony J,,4:10,E4C0A549FB93FC128B5A0E8DBD3CD32A,2537526,https://www.kugou.com/yy/rank/home/8-8888.html?from=rank
2026-09-14,2026-09-14T13:04:55+08:00,酷狗音乐,热歌榜,酷狗TOP500,2026-09-14,159,一路向北,周杰伦,,4:54,F73F22FB046CA1A135C70417163AF82E,1739223,https://www.kugou.com/yy/rank/home/8-8888.html?from=rank
2026-09-14,2026-09-14T13:04:55+08:00,酷狗音乐,热歌榜,酷狗TOP500,2026-09-14,160,想回到小村落 (微醺版),微醺落日,,3:45,B602243BC11E6304DF497BAA41072857,204314245,https://www.kugou.com/yy/rank/home/8-8888.html?from=rank
2026-09-14,2026-09-14T13:04:55+08:00,酷狗音乐,热歌榜,酷狗TOP500,2026-09-14,161,思念若是一首诗,万妮达Vinida Weng,,3:52,D38EF017FF734E0466294FEAA0CD264B,206174243,https://www.kugou.com/yy/rank/home/8-8888.html?from=rank
2026-09-14,2026-09-14T13:04:55+08:00,酷狗音乐,热歌榜,酷狗TOP500,2026-09-14,162,再一次见面,周深,,3:35,DE52CCFFABD4E490B2A2D7C01ED11F8C,205251524,https://www.kugou.com/yy/rank/home/8-8888.html?from=rank
2026-09-14,2026-09-14T13:04:55+08:00,酷狗音乐,热歌榜,酷狗TOP500,2026-09-14,163,No photo of you left to survey (one day when I was twenty),冬妍DYan,,3:05,7523CFC6EDE31E4C56B30E5220A06B35,206681376,https://www.kugou.com/yy/rank/home/8-8888.html?from=rank
2026-09-14,2026-09-14T13:04:55+08:00,酷狗音乐,热歌榜,酷狗TOP500,2026-09-14,164,素颜,许嵩、何曼婷,,3:59,30C94AE2868E63B1058DA7685E0CDF3B,13264539,https://www.kugou.com/yy/rank/home/8-8888.html?from=rank
2026-09-14,2026-09-14T13:04:55+08:00,酷狗音乐,热歌榜,酷狗TOP500,2026-09-14,165,不将就,李荣浩,,5:12,E5F0905C662872A9B05A423FD1ED48B5,1004040,https://www.kugou.com/yy/rank/home/8-8888.html?from=rank
2026-09-14,2026-09-14T13:04:55+08:00,酷狗音乐,热歌榜,酷狗TOP500,2026-09-14,166,知了,陈默之,,3:52,FE6608CE529684B94CBA506E2B0C7BB6,91222498,https://www.kugou.com/yy/rank/home/8-8888.html?from=rank
2026-09-14,2026-09-14T13:04:55+08:00,酷狗音乐,热歌榜,酷狗TOP500,2026-09-14,167,兰亭序,周杰伦,,4:14,4EC10B1B7B9BEB2F0ADB89BBEC5F664B,960399,https://www.kugou.com/yy/rank/home/8-8888.html?from=rank
2026-09-14,2026-09-14T13:04:55+08:00,酷狗音乐,热歌榜,酷狗TOP500,2026-09-14,168,Fever Pitch,Richz,,2:15,594B915AEEDA7DA8F5BD70B63EA76EAD,180499937,https://www.kugou.com/yy/rank/home/8-8888.html?from=rank
2026-09-14,2026-09-14T13:04:55+08:00,酷狗音乐,热歌榜,酷狗TOP500,2026-09-14,169,多远都要在一起,G.E.M.邓紫棋,,3:38,768F6FA531A3D883BE3F6C91AAF60612,555825,https://www.kugou.com/yy/rank/home/8-8888.html?from=rank
2026-09-14,2026-09-14T13:04:55+08:00,酷狗音乐,热歌榜,酷狗TOP500,2026-09-14,170,座位,于冬然,,3:29,D87A09DB3166215E5DFD4A30C922509E,137485296,https://www.kugou.com/yy/rank/home/8-8888.html?from=rank
2026-09-14,2026-09-14T13:04:55+08:00,酷狗音乐,热歌榜,酷狗TOP500,2026-09-14,171,枫,周杰伦,,4:36,0D7E8C11C961A17EB8779FEB0CA772E3,958909,https://www.kugou.com/yy/rank/home/8-8888.html?from=rank
2026-09-14,2026-09-14T13:04:55+08:00,酷狗音乐,热歌榜,酷狗TOP500,2026-09-14,172,Angel,尹美莱、Tiger JK、Bizzy,,4:15,157D75DA9A1B5B4FED6C529C2B1C2452,964390,https://www.kugou.com/yy/rank/home/8-8888.html?from=rank
2026-09-14,2026-09-14T13:04:55+08:00,酷狗音乐,热歌榜,酷狗TOP500,2026-09-14,173,山风山风等等我 (合唱版),万海东、人生感悟、吴章磊、天雯,,3:29,509AB53405C872C7A81200CDF2F3F11A,204486191,https://www.kugou.com/yy/rank/home/8-8888.html?from=rank
2026-09-14,2026-09-14T13:04:55+08:00,酷狗音乐,热歌榜,酷狗TOP500,2026-09-14,174,关不上的窗,周传雄,,4:53,C9FF4C5E86A76043F004E3BB17E08942,982655,https://www.kugou.com/yy/rank/home/8-8888.html?from=rank
2026-09-14,2026-09-14T13:04:55+08:00,酷狗音乐,热歌榜,酷狗TOP500,2026-09-14,175,我记得,赵雷,,5:30,8CE80CF10A01F37354D63E49C1B60B60,60018447,https://www.kugou.com/yy/rank/home/8-8888.html?from=rank
2026-09-14,2026-09-14T13:04:55+08:00,酷狗音乐,热歌榜,酷狗TOP500,2026-09-14,176,可惜没如果,林俊杰,,4:58,57D6EAF8F7E593A2C4B780D8045DE5C1,542795,https://www.kugou.com/yy/rank/home/8-8888.html?from=rank
2026-09-14,2026-09-14T13:04:55+08:00,酷狗音乐,热歌榜,酷狗TOP500,2026-09-14,177,空心 (Live),黄霄雲、刘端端,,4:55,6F74F7B3D9B87CA771573ABD27B2A820,199810791,https://www.kugou.com/yy/rank/home/9-8888.html?from=rank
2026-09-14,2026-09-14T13:04:55+08:00,酷狗音乐,热歌榜,酷狗TOP500,2026-09-14,178,风吹过千山万水,恰恰恰恰恰,,3:18,A71D67A3786AC40778C2411B2D0A73A9,203122093,https://www.kugou.com/yy/rank/home/9-8888.html?from=rank
2026-09-14,2026-09-14T13:04:55+08:00,酷狗音乐,热歌榜,酷狗TOP500,2026-09-14,179,不配说爱我,常艾非,,3:36,10EF68690853322F1085306BE4AE823B,974903,https://www.kugou.com/yy/rank/home/9-8888.html?from=rank
2026-09-14,2026-09-14T13:04:55+08:00,酷狗音乐,热歌榜,酷狗TOP500,2026-09-14,180,过火,张信哲,,5:02,E34CBC6EBE64B9EE9ADB5C46E2178A84,982639,https://www.kugou.com/yy/rank/home/9-8888.html?from=rank
2026-09-14,2026-09-14T13:04:55+08:00,酷狗音乐,热歌榜,酷狗TOP500,2026-09-14,181,秋风有点凉,落日微勳,,3:17,C89DC59574DAD324641634DAE2FEB215,206067605,https://www.kugou.com/yy/rank/home/9-8888.html?from=rank
2026-09-14,2026-09-14T13:04:55+08:00,酷狗音乐,热歌榜,酷狗TOP500,2026-09-14,182,北方的后海没有海 (r&b微醺版),落日微醺,,3:26,DB3D10DE8DF3C5188EC036A9724F9418,196519034,https://www.kugou.com/yy/rank/home/9-8888.html?from=rank
2026-09-14,2026-09-14T13:04:55+08:00,酷狗音乐,热歌榜,酷狗TOP500,2026-09-14,183,发如雪,周杰伦,,4:59,1F7E7659B9FFF4FB6F71562A61BBC25F,958909,https://www.kugou.com/yy/rank/home/9-8888.html?from=rank
2026-09-14,2026-09-14T13:04:55+08:00,酷狗音乐,热歌榜,酷狗TOP500,2026-09-14,184,葡萄成熟时,陈奕迅,,4:37,FDEEA17B3BAD24C0C88E4D45F71F1946,968210,https://www.kugou.com/yy/rank/home/9-8888.html?from=rank
2026-09-14,2026-09-14T13:04:55+08:00,酷狗音乐,热歌榜,酷狗TOP500,2026-09-14,185,遗憾 (如果回到那从前),阿美呀、刘纯,,3:19,FE7CA8832ABD70BDA48A61CEC207F034,206144715,https://www.kugou.com/yy/rank/home/9-8888.html?from=rank
2026-09-14,2026-09-14T13:04:55+08:00,酷狗音乐,热歌榜,酷狗TOP500,2026-09-14,186,西海情歌,刀郎,,5:43,0E5FB14E78AFF13C2DEF97C814537CB7,984281,https://www.kugou.com/yy/rank/home/9-8888.html?from=rank
2026-09-14,2026-09-14T13:04:55+08:00,酷狗音乐,热歌榜,酷狗TOP500,2026-09-14,187,你瞒我瞒,陈柏宇,,3:58,E8EE57D671769402710C4FF9259D841F,965453,https://www.kugou.com/yy/rank/home/9-8888.html?from=rank
2026-09-14,2026-09-14T13:04:55+08:00,酷狗音乐,热歌榜,酷狗TOP500,2026-09-14,188,泡沫,G.E.M.邓紫棋,,4:19,8574D02543B5F902469FB4E27E3A350D,968370,https://www.kugou.com/yy/rank/home/9-8888.html?from=rank
2026-09-14,2026-09-14T13:04:55+08:00,酷狗音乐,热歌榜,酷狗TOP500,2026-09-14,189,我走后,小咪,,4:08,00751DE0946619BCDE4A4E15397F2A15,22216764,https://www.kugou.com/yy/rank/home/9-8888.html?from=rank
2026-09-14,2026-09-14T13:04:55+08:00,酷狗音乐,热歌榜,酷狗TOP500,2026-09-14,190,谁 (男女扎心合唱),梨子芥菜、戚悦,,3:58,38DAABE4EEA0ADDC04897AC14E15B54E,185936379,https://www.kugou.com/yy/rank/home/9-8888.html?from=rank
2026-09-14,2026-09-14T13:04:55+08:00,酷狗音乐,热歌榜,酷狗TOP500,2026-09-14,191,在你的身边,盛哲,,4:22,38698C9A8BB6637CDDE413C6E210FA54,4128050,https://www.kugou.com/yy/rank/home/9-8888.html?from=rank
2026-09-14,2026-09-14T13:04:55+08:00,酷狗音乐,热歌榜,酷狗TOP500,2026-09-14,192,我不该动情,老板,,3:57,DFA780605FE78F1572761712931024A7,197593768,https://www.kugou.com/yy/rank/home/9-8888.html?from=rank
2026-09-14,2026-09-14T13:04:55+08:00,酷狗音乐,热歌榜,酷狗TOP500,2026-09-14,193,蒲公英的约定,周杰伦,,4:07,A14373681262867AB43FEF5467F4CC1D,979856,https://www.kugou.com/yy/rank/home/9-8888.html?from=rank
2026-09-14,2026-09-14T13:04:55+08:00,酷狗音乐,热歌榜,酷狗TOP500,2026-09-14,194,洛神,乱徵,,4:37,C7F29D050D8C8161FD26E27BC494FD8A,206138430,https://www.kugou.com/yy/rank/home/9-8888.html?from=rank
2026-09-14,2026-09-14T13:04:55+08:00,酷狗音乐,热歌榜,酷狗TOP500,2026-09-14,195,老街,李荣浩,,5:19,30E7F7CCB57EB16D1BE3EC71D7ADB071,964378,https://www.kugou.com/yy/rank/home/9-8888.html?from=rank
2026-09-14,2026-09-14T13:04:55+08:00,酷狗音乐,热歌榜,酷狗TOP500,2026-09-14,196,相见恨晚,彭佳慧,,4:15,01214FB85BAF49AB74F10AFA4C363540,977553,https://www.kugou.com/yy/rank/home/9-8888.html?from=rank
2026-09-14,2026-09-14T13:04:55+08:00,酷狗音乐,热歌榜,酷狗TOP500,2026-09-14,197,曾经的你,许巍,,4:21,8D27A0FD0D8B6A9059D3FEEC95E2088D,976268,https://www.kugou.com/yy/rank/home/9-8888.html?from=rank
2026-09-14,2026-09-14T13:04:55+08:00,酷狗音乐,热歌榜,酷狗TOP500,2026-09-14,198,执子之手,宝石Gem、哩哩,,3:10,A84D44A92F427A3198ECEE703B708478,61962429,https://www.kugou.com/yy/rank/home/9-8888.html?from=rank
2026-09-14,2026-09-14T13:04:55+08:00,酷狗音乐,热歌榜,酷狗TOP500,2026-09-14,199,若此生缘太浅 (庄周一生梦一蝶),黄静美、亦瑶,,3:10,B2CE02B106C9FA437E1C81B096E8F7A0,206369549,https://www.kugou.com/yy/rank/home/10-8888.html?from=rank
2026-09-14,2026-09-14T13:04:55+08:00,酷狗音乐,热歌榜,酷狗TOP500,2026-09-14,200,世界如此,田栩宁,,3:24,1A94D37C21167F8C0F2B4819EA675273,206951731,https://www.kugou.com/yy/rank/home/10-8888.html?from=rank
2026-09-14,2026-09-14T13:04:55+08:00,酷狗音乐,热歌榜,酷狗TOP500,2026-09-14,201,慢冷 (Live),李荣浩,,2:44,3536800EC50F04EBF68FB22E7AF6B124,59599171,https://www.kugou.com/yy/rank/home/10-8888.html?from=rank
2026-09-14,2026-09-14T13:04:55+08:00,酷狗音乐,热歌榜,酷狗TOP500,2026-09-14,202,We Don't Talk Anymore (Mr. Collipark Remix),Charlie Puth、Selena Gomez,,4:14,8F323B0610BE8D862B7CBB41C3398766,1746993,https://www.kugou.com/yy/rank/home/10-8888.html?from=rank
2026-09-14,2026-09-14T13:04:55+08:00,酷狗音乐,热歌榜,酷狗TOP500,2026-09-14,203,我听人说思念像风一样,雪山阿木,,3:32,943196741A4E6EC43A07BE0620624543,204044392,https://www.kugou.com/yy/rank/home/10-8888.html?from=rank
2026-09-14,2026-09-14T13:04:55+08:00,酷狗音乐,热歌榜,酷狗TOP500,2026-09-14,204,说好的幸福呢,周杰伦,,4:17,892B7AD62499C97A1A994454423E30F6,960399,https://www.kugou.com/yy/rank/home/10-8888.html?from=rank
2026-09-14,2026-09-14T13:04:55+08:00,酷狗音乐,热歌榜,酷狗TOP500,2026-09-14,205,孤独的总和,吴汶芳,,4:09,CA5A142C22A2E11AE125B006EC4AD6CC,551352,https://www.kugou.com/yy/rank/home/10-8888.html?from=rank
2026-09-14,2026-09-14T13:04:55+08:00,酷狗音乐,热歌榜,酷狗TOP500,2026-09-14,206,讨厌,芮恩,,4:18,C88A8D3EF16E2C4E944B947E0F56A7AD,2996887,https://www.kugou.com/yy/rank/home/10-8888.html?from=rank
2026-09-14,2026-09-14T13:04:55+08:00,酷狗音乐,热歌榜,酷狗TOP500,2026-09-14,207,我太笨,锤娜丽莎,,4:25,A5D4F40382C0DF1A95A48A617793F03E,46432417,https://www.kugou.com/yy/rank/home/10-8888.html?from=rank
2026-09-14,2026-09-14T13:04:55+08:00,酷狗音乐,热歌榜,酷狗TOP500,2026-09-14,208,我是真的爱上你,王杰,,5:03,7C353B672AC945A3FE56022000A239FE,2996801,https://www.kugou.com/yy/rank/home/10-8888.html?from=rank
2026-09-14,2026-09-14T13:04:55+08:00,酷狗音乐,热歌榜,酷狗TOP500,2026-09-14,209,后来的我们,五月天,,5:46,09120C11A5C376EC7D1640098FA70CDC,1748942,https://www.kugou.com/yy/rank/home/10-8888.html?from=rank
2026-09-14,2026-09-14T13:04:55+08:00,酷狗音乐,热歌榜,酷狗TOP500,2026-09-14,210,花海,周杰伦,,4:25,3328808CECBD1A1038166003840FDDD7,960399,https://www.kugou.com/yy/rank/home/10-8888.html?from=rank
2026-09-14,2026-09-14T13:04:55+08:00,酷狗音乐,热歌榜,酷狗TOP500,2026-09-14,211,同花顺,林倛玉,,3:57,87C979FC3CBA27D6345528A1BEF05477,8603846,https://www.kugou.com/yy/rank/home/10-8888.html?from=rank
2026-09-14,2026-09-14T13:04:55+08:00,酷狗音乐,热歌榜,酷狗TOP500,2026-09-14,212,年少有为,李荣浩,,4:39,3A5C1D6CDABB2FDA813F8F8B7E4D08B0,8873395,https://www.kugou.com/yy/rank/home/10-8888.html?from=rank
2026-09-14,2026-09-14T13:04:55+08:00,酷狗音乐,热歌榜,酷狗TOP500,2026-09-14,213,勋章,鹿晗,,3:34,6FB3EB3F13CD64DF6E9784F6E487BAB1,2059004,https://www.kugou.com/yy/rank/home/10-8888.html?from=rank
2026-09-14,2026-09-14T13:04:55+08:00,酷狗音乐,热歌榜,酷狗TOP500,2026-09-14,214,模特,李荣浩,,5:06,87EBC49856D2CB3C04992C9A87E5A5C5,968143,https://www.kugou.com/yy/rank/home/10-8888.html?from=rank
2026-09-14,2026-09-14T13:04:55+08:00,酷狗音乐,热歌榜,酷狗TOP500,2026-09-14,215,时间能不能走慢点 (青春别散场live大合唱版),7past、Allie艾梨,,4:01,D93C852279D5D83F1C466C21BA608964,206330074,https://www.kugou.com/yy/rank/home/10-8888.html?from=rank
2026-09-14,2026-09-14T13:04:55+08:00,酷狗音乐,热歌榜,酷狗TOP500,2026-09-14,216,琵琶行,奇然、沈谧仁,,5:35,0AB355EF75A56A57E1790734B2E26ED9,2563381,https://www.kugou.com/yy/rank/home/10-8888.html?from=rank
2026-09-14,2026-09-14T13:04:55+08:00,酷狗音乐,热歌榜,酷狗TOP500,2026-09-14,217,起风了,买辣椒也用券,,5:26,5C035CBF390FEF6B536020A57749EF70,53218722,https://www.kugou.com/yy/rank/home/10-8888.html?from=rank
2026-09-14,2026-09-14T13:04:55+08:00,酷狗音乐,热歌榜,酷狗TOP500,2026-09-14,218,枪火 (相对那就针锋相对),宝石Gem,,3:18,76923758046CB591DC9556D1FB69D976,154798334,https://www.kugou.com/yy/rank/home/10-8888.html?from=rank
2026-09-14,2026-09-14T13:04:55+08:00,酷狗音乐,热歌榜,酷狗TOP500,2026-09-14,219,刻在我心底的名字,卢广仲,,5:20,5CDCAAF9E7B91E94FD012589D00FDBEA,39020767,https://www.kugou.com/yy/rank/home/10-8888.html?from=rank
2026-09-14,2026-09-14T13:04:55+08:00,酷狗音乐,热歌榜,酷狗TOP500,2026-09-14,220,虚拟,陈粒,,4:01,AEF0740270FE89918F07807C8D669FB7,1749208,https://www.kugou.com/yy/rank/home/10-8888.html?from=rank
2026-09-14,2026-09-14T13:04:55+08:00,酷狗音乐,热歌榜,酷狗TOP500,2026-09-14,221,天龙八部之宿敌,许嵩,,4:24,9092283E08915874302A9C64032BC79D,503947,https://www.kugou.com/yy/rank/home/11-8888.html?from=rank
2026-09-14,2026-09-14T13:04:55+08:00,酷狗音乐,热歌榜,酷狗TOP500,2026-09-14,222,爱如潮水,张信哲,,4:31,7D372165ED6AD2C00DD2B473529BE9CE,538030,https://www.kugou.com/yy/rank/home/11-8888.html?from=rank
2026-09-14,2026-09-14T13:04:55+08:00,酷狗音乐,热歌榜,酷狗TOP500,2026-09-14,223,虹影婆娑,茶理理理子,,3:36,2D9D5FD7F8AAD2E0C6E6ABC8FF3882BE,207026258,https://www.kugou.com/yy/rank/home/11-8888.html?from=rank
2026-09-14,2026-09-14T13:04:55+08:00,酷狗音乐,热歌榜,酷狗TOP500,2026-09-14,224,Lonely,Nana,,6:21,284173346DD3E03FA86D027025F50CC7,45833884,https://www.kugou.com/yy/rank/home/11-8888.html?from=rank
2026-09-14,2026-09-14T13:04:55+08:00,酷狗音乐,热歌榜,酷狗TOP500,2026-09-14,225,爱到最后 (全凭良心),马上,,3:19,B3CE07469875886F3A500304C82CC4E6,204099164,https://www.kugou.com/yy/rank/home/11-8888.html?from=rank
2026-09-14,2026-09-14T13:04:55+08:00,酷狗音乐,热歌榜,酷狗TOP500,2026-09-14,226,下一个天亮,郭静,,4:27,7E2AD47232E7148C642B6836041826C9,971139,https://www.kugou.com/yy/rank/home/11-8888.html?from=rank
2026-09-14,2026-09-14T13:04:55+08:00,酷狗音乐,热歌榜,酷狗TOP500,2026-09-14,227,一个人挺好,杨小壮,,4:30,394676E1537FC24C7847CE3BA75ADB05,26827357,https://www.kugou.com/yy/rank/home/11-8888.html?from=rank
2026-09-14,2026-09-14T13:04:55+08:00,酷狗音乐,热歌榜,酷狗TOP500,2026-09-14,228,你就不要想起我,田馥甄,,4:41,33E67CD9B775093E93CBABBD649DF087,965595,https://www.kugou.com/yy/rank/home/11-8888.html?from=rank
2026-09-14,2026-09-14T13:04:55+08:00,酷狗音乐,热歌榜,酷狗TOP500,2026-09-14,229,说了再见,周杰伦,,4:43,966C718DA96EE29B3B466F773BFA9E2F,958812,https://www.kugou.com/yy/rank/home/11-8888.html?from=rank
2026-09-14,2026-09-14T13:04:55+08:00,酷狗音乐,热歌榜,酷狗TOP500,2026-09-14,230,生而为人,尚士达,,5:20,2789D88534017546B173E0BFA9D6233B,13946205,https://www.kugou.com/yy/rank/home/11-8888.html?from=rank
2026-09-14,2026-09-14T13:04:55+08:00,酷狗音乐,热歌榜,酷狗TOP500,2026-09-14,231,半点心,草蜢,,3:52,6DF94BFD206BB819120C0D021B93EDBC,564642,https://www.kugou.com/yy/rank/home/11-8888.html?from=rank
2026-09-14,2026-09-14T13:04:55+08:00,酷狗音乐,热歌榜,酷狗TOP500,2026-09-14,232,烟花易冷,周杰伦,,4:23,B9FC03DF9015D6BFF0554A110BF2C84F,958812,https://www.kugou.com/yy/rank/home/11-8888.html?from=rank
2026-09-14,2026-09-14T13:04:55+08:00,酷狗音乐,热歌榜,酷狗TOP500,2026-09-14,233,沦陷,贾格JuggShots,,3:04,64C2E5D33BE5F53758F3E96DC8EEC3C3,95717116,https://www.kugou.com/yy/rank/home/11-8888.html?from=rank
2026-09-14,2026-09-14T13:04:55+08:00,酷狗音乐,热歌榜,酷狗TOP500,2026-09-14,234,西厢寻他,伯爵Johnny、唐伯虎Annie,,3:44,2B657B5B5D781C1A61D7E0D1F5E2DE22,53205523,https://www.kugou.com/yy/rank/home/11-8888.html?from=rank
2026-09-14,2026-09-14T13:04:55+08:00,酷狗音乐,热歌榜,酷狗TOP500,2026-09-14,235,Creepin' up on You,Darren Hayes,,4:53,6348CF4041BEE19FAD536C563C32695A,1593407,https://www.kugou.com/yy/rank/home/11-8888.html?from=rank
2026-09-14,2026-09-14T13:04:55+08:00,酷狗音乐,热歌榜,酷狗TOP500,2026-09-14,236,蓝莲花,许巍,,4:31,EDCDC42FEE3A4BC8F2ADBAF96ADE9D77,15247919,https://www.kugou.com/yy/rank/home/11-8888.html?from=rank
2026-09-14,2026-09-14T13:04:55+08:00,酷狗音乐,热歌榜,酷狗TOP500,2026-09-14,237,冲动的惩罚,刀郎,,7:54,84073718AE6A82366444C3B5AE526FAC,964521,https://www.kugou.com/yy/rank/home/11-8888.html?from=rank
2026-09-14,2026-09-14T13:04:55+08:00,酷狗音乐,热歌榜,酷狗TOP500,2026-09-14,238,阳光下的星星,金海心,,4:44,8B60D8B58137C2D256DAA71B9D84C046,1738155,https://www.kugou.com/yy/rank/home/11-8888.html?from=rank
2026-09-14,2026-09-14T13:04:55+08:00,酷狗音乐,热歌榜,酷狗TOP500,2026-09-14,239,第一次爱的人,王心凌,,3:53,38539E18FBB3E9A8DFA84A892CA718F6,979891,https://www.kugou.com/yy/rank/home/11-8888.html?from=rank
2026-09-14,2026-09-14T13:04:55+08:00,酷狗音乐,热歌榜,酷狗TOP500,2026-09-14,240,有风的日落,万海东,,3:49,94774F06E73EF9ABD739423E1A414593,181906094,https://www.kugou.com/yy/rank/home/11-8888.html?from=rank
2026-09-14,2026-09-14T13:04:55+08:00,酷狗音乐,热歌榜,酷狗TOP500,2026-09-14,241,牵丝戏,银临、Aki阿杰,,3:59,5E7FF596F7D6021DA63AF36E91BECE4B,568968,https://www.kugou.com/yy/rank/home/11-8888.html?from=rank
2026-09-14,2026-09-14T13:04:55+08:00,酷狗音乐,热歌榜,酷狗TOP500,2026-09-14,242,一场游戏一场梦,王杰,,4:17,55340B431243FF5F112527EFC0591232,7547885,https://www.kugou.com/yy/rank/home/11-8888.html?from=rank
2026-09-14,2026-09-14T13:04:55+08:00,酷狗音乐,热歌榜,酷狗TOP500,2026-09-14,243,如果可以,韦礼安,,4:34,70425DF5F0C9FCED5E0468189A7F4A70,49958186,https://www.kugou.com/yy/rank/home/12-8888.html?from=rank
2026-09-14,2026-09-14T13:04:55+08:00,酷狗音乐,热歌榜,酷狗TOP500,2026-09-14,244,后会无期,汪苏泷、徐良,,3:32,5F86140467A73FBF9C4F339F7B9AFC2C,511536,https://www.kugou.com/yy/rank/home/12-8888.html?from=rank
2026-09-14,2026-09-14T13:04:55+08:00,酷狗音乐,热歌榜,酷狗TOP500,2026-09-14,245,天外来物,薛之谦,,4:17,761C1EAFBD1E22504B487F84D2152DF5,40890018,https://www.kugou.com/yy/rank/home/12-8888.html?from=rank
2026-09-14,2026-09-14T13:04:55+08:00,酷狗音乐,热歌榜,酷狗TOP500,2026-09-14,246,有何不可,许嵩,,4:01,B3D5D7D3A140628D1605BD392467E348,973251,https://www.kugou.com/yy/rank/home/12-8888.html?from=rank
2026-09-14,2026-09-14T13:04:55+08:00,酷狗音乐,热歌榜,酷狗TOP500,2026-09-14,247,偏向,陈子晴,,3:06,8C75BDF9AA0370D34E43A0DF1430020E,41687570,https://www.kugou.com/yy/rank/home/12-8888.html?from=rank
2026-09-14,2026-09-14T13:04:55+08:00,酷狗音乐,热歌榜,酷狗TOP500,2026-09-14,248,夏夜最后的烟火,颜人中,,4:40,4E418EDAB22093B51C78C81C0A8C9B31,39949767,https://www.kugou.com/yy/rank/home/12-8888.html?from=rank
2026-09-14,2026-09-14T13:04:55+08:00,酷狗音乐,热歌榜,酷狗TOP500,2026-09-14,249,不遗憾,李荣浩,,5:20,40CE38D5DB930F404EB26F58978BEC3D,44404137,https://www.kugou.com/yy/rank/home/12-8888.html?from=rank
2026-09-14,2026-09-14T13:04:55+08:00,酷狗音乐,热歌榜,酷狗TOP500,2026-09-14,250,太聪明,陈绮贞,,4:23,89101DA817101FEA0C9ECF64EAE2B46F,959335,https://www.kugou.com/yy/rank/home/12-8888.html?from=rank
2026-09-14,2026-09-14T13:04:55+08:00,酷狗音乐,热歌榜,酷狗TOP500,2026-09-14,251,甲乙丙丁,七分可可,,3:48,0B96FEEB51604A6904899D0C618F446D,197347781,https://www.kugou.com/yy/rank/home/12-8888.html?from=rank
2026-09-14,2026-09-14T13:04:55+08:00,酷狗音乐,热歌榜,酷狗TOP500,2026-09-14,252,最长的电影,周杰伦,,3:56,2F6D441163A92AEE5E52B8E94F36A3C7,979856,https://www.kugou.com/yy/rank/home/12-8888.html?from=rank
2026-09-14,2026-09-14T13:04:55+08:00,酷狗音乐,热歌榜,酷狗TOP500,2026-09-14,253,不能说的秘密,周杰伦,,4:57,EDFC5DD1AC3D58971AB95B3E2700D015,554150,https://www.kugou.com/yy/rank/home/12-8888.html?from=rank
2026-09-14,2026-09-14T13:04:55+08:00,酷狗音乐,热歌榜,酷狗TOP500,2026-09-14,254,偏偏喜欢你,陈百强,,3:32,D186383AA965D13601CFF4857F844FEE,983655,https://www.kugou.com/yy/rank/home/12-8888.html?from=rank
2026-09-14,2026-09-14T13:04:55+08:00,酷狗音乐,热歌榜,酷狗TOP500,2026-09-14,255,你的背包,陈奕迅,,3:58,8D288C3652EABA7CA6EF6CEF790CE9AC,2996291,https://www.kugou.com/yy/rank/home/12-8888.html?from=rank
2026-09-14,2026-09-14T13:04:55+08:00,酷狗音乐,热歌榜,酷狗TOP500,2026-09-14,256,忘了你忘了我,王杰,,4:38,95CBD367E98724883CA99874AD626446,962390,https://www.kugou.com/yy/rank/home/12-8888.html?from=rank
2026-09-14,2026-09-14T13:04:55+08:00,酷狗音乐,热歌榜,酷狗TOP500,2026-09-14,257,爱情转移,陈奕迅,,4:19,A549238FA1B05EABE841DFE110899647,962514,https://www.kugou.com/yy/rank/home/12-8888.html?from=rank
2026-09-14,2026-09-14T13:04:55+08:00,酷狗音乐,热歌榜,酷狗TOP500,2026-09-14,258,喜欢你,G.E.M.邓紫棋,,3:59,426D6BC62A73DF288F55CB3FCA8D2A62,557512,https://www.kugou.com/yy/rank/home/12-8888.html?from=rank
2026-09-14,2026-09-14T13:04:55+08:00,酷狗音乐,热歌榜,酷狗TOP500,2026-09-14,259,我能百依百顺也能不闻不问,肖雨蒙,,3:14,1DE7FF0F7097C7B71DB4465B33E486B1,205575981,https://www.kugou.com/yy/rank/home/12-8888.html?from=rank
2026-09-14,2026-09-14T13:04:55+08:00,酷狗音乐,热歌榜,酷狗TOP500,2026-09-14,260,人间共鸣,李健,,4:19,C9A5658204BD4E941F3DB2FB132D4968,176253415,https://www.kugou.com/yy/rank/home/12-8888.html?from=rank
2026-09-14,2026-09-14T13:04:55+08:00,酷狗音乐,热歌榜,酷狗TOP500,2026-09-14,261,해줘 (就骗我一次)(KOR Ver.),沈佳润Nina,,3:49,56277D54C5A19FB1852A0EDF75B25514,205394620,https://www.kugou.com/yy/rank/home/12-8888.html?from=rank
2026-09-14,2026-09-14T13:04:55+08:00,酷狗音乐,热歌榜,酷狗TOP500,2026-09-14,262,跨不过的距离,虎二,,4:31,FED5892036FBD176F6FEAE973C565E59,38209191,https://www.kugou.com/yy/rank/home/12-8888.html?from=rank
2026-09-14,2026-09-14T13:04:55+08:00,酷狗音乐,热歌榜,酷狗TOP500,2026-09-14,263,瞬,郑润泽,,4:45,C06970FDB48E8E1F9BBC7577B7BC1938,75949211,https://www.kugou.com/yy/rank/home/12-8888.html?from=rank
2026-09-14,2026-09-14T13:04:55+08:00,酷狗音乐,热歌榜,酷狗TOP500,2026-09-14,264,你是我触碰不到的风 (酒后释怀live对唱版),艾利（Ellie）、7paste,,3:52,63F146A4A7132C267C78F4832CD62C10,202093916,https://www.kugou.com/yy/rank/home/12-8888.html?from=rank
2026-09-14,2026-09-14T13:04:55+08:00,酷狗音乐,热歌榜,酷狗TOP500,2026-09-14,265,感谢你曾来过,Ayo97、周思涵,,4:10,39DCBBDCB0B377628BEF5FD48EF01254,9101627,https://www.kugou.com/yy/rank/home/13-8888.html?from=rank
2026-09-14,2026-09-14T13:04:55+08:00,酷狗音乐,热歌榜,酷狗TOP500,2026-09-14,266,忘记时间,胡歌,,4:32,BB2759C850804CB32A55480D85D21080,493001,https://www.kugou.com/yy/rank/home/13-8888.html?from=rank
2026-09-14,2026-09-14T13:04:55+08:00,酷狗音乐,热歌榜,酷狗TOP500,2026-09-14,267,冷夜,陈默之,,4:07,DC939521FA5F5736A33765D56B90E03C,84595635,https://www.kugou.com/yy/rank/home/13-8888.html?from=rank
2026-09-14,2026-09-14T13:04:55+08:00,酷狗音乐,热歌榜,酷狗TOP500,2026-09-14,268,我们的歌,王力宏,,4:08,4E294957A0D9B72A78B61F3C2A63B6CC,503223,https://www.kugou.com/yy/rank/home/13-8888.html?from=rank
2026-09-14,2026-09-14T13:04:55+08:00,酷狗音乐,热歌榜,酷狗TOP500,2026-09-14,269,反方向的钟,周杰伦,,4:18,A6049AAB184A305CAA906C6BBB8E8233,978031,https://www.kugou.com/yy/rank/home/13-8888.html?from=rank
2026-09-14,2026-09-14T13:04:55+08:00,酷狗音乐,热歌榜,酷狗TOP500,2026-09-14,270,手放开,李圣杰,,4:25,022583751858F1E3558F32EC4ECF7DD5,959847,https://www.kugou.com/yy/rank/home/13-8888.html?from=rank
2026-09-14,2026-09-14T13:04:55+08:00,酷狗音乐,热歌榜,酷狗TOP500,2026-09-14,271,天际,洋澜一,,5:46,DEAE9D1FC61F4810A0C15AA9CFD83722,76611526,https://www.kugou.com/yy/rank/home/13-8888.html?from=rank
2026-09-14,2026-09-14T13:04:55+08:00,酷狗音乐,热歌榜,酷狗TOP500,2026-09-14,272,读心术,卓文萱,,4:20,3F98A771F8F33556966A9990F66D95C4,965920,https://www.kugou.com/yy/rank/home/13-8888.html?from=rank
2026-09-14,2026-09-14T13:04:55+08:00,酷狗音乐,热歌榜,酷狗TOP500,2026-09-14,273,唯有追赶风的方向 (Only By Chasing the Wind),知更鸟、HOYO-MiX、Chevy,,2:03,9B181325FAF26A3C93D0ECC3D471F8E5,204833475,https://www.kugou.com/yy/rank/home/13-8888.html?from=rank
2026-09-14,2026-09-14T13:04:55+08:00,酷狗音乐,热歌榜,酷狗TOP500,2026-09-14,274,拥抱着你的滋味,自由派对,,3:23,EBBBF8EE37CDAC484B6D0EFB08B4AB9D,26982910,https://www.kugou.com/yy/rank/home/13-8888.html?from=rank
2026-09-14,2026-09-14T13:04:55+08:00,酷狗音乐,热歌榜,酷狗TOP500,2026-09-14,275,广东爱情故事,广东雨神,,3:34,7A2956668C7D5393FF16AD930C23F2FD,4162049,https://www.kugou.com/yy/rank/home/13-8888.html?from=rank
2026-09-14,2026-09-14T13:04:55+08:00,酷狗音乐,热歌榜,酷狗TOP500,2026-09-14,276,不潮不用花钱,林俊杰,,3:54,5A84BBA4C673BEA45083C521ADF366AF,963179,https://www.kugou.com/yy/rank/home/13-8888.html?from=rank
2026-09-14,2026-09-14T13:04:55+08:00,酷狗音乐,热歌榜,酷狗TOP500,2026-09-14,277,爱我还是他,陶喆,,4:52,99BB8912A33F263BA28381DE8F52BFE6,7547427,https://www.kugou.com/yy/rank/home/13-8888.html?from=rank
2026-09-14,2026-09-14T13:04:55+08:00,酷狗音乐,热歌榜,酷狗TOP500,2026-09-14,278,恶作剧,王蓝茵,,3:47,05B893FC78627C3F5635491BBB35167E,720564,https://www.kugou.com/yy/rank/home/13-8888.html?from=rank
2026-09-14,2026-09-14T13:04:55+08:00,酷狗音乐,热歌榜,酷狗TOP500,2026-09-14,279,平凡之路,朴树,,5:01,2BE5DE80E68B3346918D38CF7527D979,2944963,https://www.kugou.com/yy/rank/home/13-8888.html?from=rank
2026-09-14,2026-09-14T13:04:55+08:00,酷狗音乐,热歌榜,酷狗TOP500,2026-09-14,280,倘若你爱一人,王唯旖,,3:57,452F7E058B44E2229B59A693E9AD3524,198657446,https://www.kugou.com/yy/rank/home/13-8888.html?from=rank
2026-09-14,2026-09-14T13:04:55+08:00,酷狗音乐,热歌榜,酷狗TOP500,2026-09-14,281,IF YOU,BIGBANG,,4:24,33C5FC6AB3AF0B5B142F12C9556CB178,549436,https://www.kugou.com/yy/rank/home/13-8888.html?from=rank
2026-09-14,2026-09-14T13:04:55+08:00,酷狗音乐,热歌榜,酷狗TOP500,2026-09-14,282,无名的人,毛不易,,4:42,525A854C4A4EDF63CAF528D693F69CE0,51231315,https://www.kugou.com/yy/rank/home/13-8888.html?from=rank
2026-09-14,2026-09-14T13:04:55+08:00,酷狗音乐,热歌榜,酷狗TOP500,2026-09-14,283,病态的爱 (忘不掉你带给我的吻),哈利白特、Zkaaai,,3:21,AA92A86A3BEF25416ADD03573FBBDEEE,133804191,https://www.kugou.com/yy/rank/home/13-8888.html?from=rank
2026-09-14,2026-09-14T13:04:55+08:00,酷狗音乐,热歌榜,酷狗TOP500,2026-09-14,284,无言感激,谭咏麟,,5:10,1C96D60D5332CF7EB218289C357CCF00,206844858,https://www.kugou.com/yy/rank/home/13-8888.html?from=rank
2026-09-14,2026-09-14T13:04:55+08:00,酷狗音乐,热歌榜,酷狗TOP500,2026-09-14,285,不知不觉又是一年秋 (一生能有多少个秋天),庄众,,3:11,C9CBB5224C402B7012925C5886A9DE90,203129542,https://www.kugou.com/yy/rank/home/13-8888.html?from=rank
2026-09-14,2026-09-14T13:04:55+08:00,酷狗音乐,热歌榜,酷狗TOP500,2026-09-14,286,老人与海,海鸣威、吴琼,,4:26,64550F3E833ABE710545EA84FC82754E,1778632,https://www.kugou.com/yy/rank/home/13-8888.html?from=rank
2026-09-14,2026-09-14T13:04:55+08:00,酷狗音乐,热歌榜,酷狗TOP500,2026-09-14,287,疑心病,任然,,4:43,9D8C7468BE4391B85794617090585646,1818864,https://www.kugou.com/yy/rank/home/14-8888.html?from=rank
2026-09-14,2026-09-14T13:04:55+08:00,酷狗音乐,热歌榜,酷狗TOP500,2026-09-14,288,过客,周思涵,,4:30,D713CDE36C5CB3F89495C28300880A92,2584684,https://www.kugou.com/yy/rank/home/14-8888.html?from=rank
2026-09-14,2026-09-14T13:04:55+08:00,酷狗音乐,热歌榜,酷狗TOP500,2026-09-14,289,吻别 (烟嗓女版),烟嗓小希,,4:49,12750D3982067B33EB395B9BF2A714E0,200693191,https://www.kugou.com/yy/rank/home/14-8888.html?from=rank
2026-09-14,2026-09-14T13:04:55+08:00,酷狗音乐,热歌榜,酷狗TOP500,2026-09-14,290,是我不够好,李毓芬,,3:37,2B152C85BA2B73CBC79EA722928EF425,1590098,https://www.kugou.com/yy/rank/home/14-8888.html?from=rank
2026-09-14,2026-09-14T13:04:55+08:00,酷狗音乐,热歌榜,酷狗TOP500,2026-09-14,291,那些年,胡夏,,6:11,95A46E232F3F0CFFDA7811B7D9C8E6C4,542864,https://www.kugou.com/yy/rank/home/14-8888.html?from=rank
2026-09-14,2026-09-14T13:04:55+08:00,酷狗音乐,热歌榜,酷狗TOP500,2026-09-14,292,水手,郑智化,,4:53,6DCF10DEA98A7C9F755BE385E822BE05,967718,https://www.kugou.com/yy/rank/home/14-8888.html?from=rank
2026-09-14,2026-09-14T13:04:55+08:00,酷狗音乐,热歌榜,酷狗TOP500,2026-09-14,293,冬天的秘密,周传雄,,4:33,1088AEEAB9674A49F8067DCDEB1FC1EE,982655,https://www.kugou.com/yy/rank/home/14-8888.html?from=rank
2026-09-14,2026-09-14T13:04:55+08:00,酷狗音乐,热歌榜,酷狗TOP500,2026-09-14,294,如果当时,许嵩,,5:16,697712B7504DA5541C3ED4D117AE1018,973251,https://www.kugou.com/yy/rank/home/14-8888.html?from=rank
2026-09-14,2026-09-14T13:04:55+08:00,酷狗音乐,热歌榜,酷狗TOP500,2026-09-14,295,指纹,杜宣达,,4:00,EAF4CB91DA618DBEDC751F54B3B3620D,50057639,https://www.kugou.com/yy/rank/home/14-8888.html?from=rank
2026-09-14,2026-09-14T13:04:55+08:00,酷狗音乐,热歌榜,酷狗TOP500,2026-09-14,296,怎么说我不爱你,萧敬腾,,4:35,30A31A94C77268C92886E00D912AC03B,958893,https://www.kugou.com/yy/rank/home/14-8888.html?from=rank
2026-09-14,2026-09-14T13:04:55+08:00,酷狗音乐,热歌榜,酷狗TOP500,2026-09-14,297,Dear John,比莉,,5:11,71951213A1C3C313DEEB017D3C9E77CC,2528933,https://www.kugou.com/yy/rank/home/14-8888.html?from=rank
2026-09-14,2026-09-14T13:04:55+08:00,酷狗音乐,热歌榜,酷狗TOP500,2026-09-14,298,珊瑚海,周杰伦、Lara梁心颐,,4:16,90E34F0C582168E7EA857915771AB220,958909,https://www.kugou.com/yy/rank/home/14-8888.html?from=rank
2026-09-14,2026-09-14T13:04:55+08:00,酷狗音乐,热歌榜,酷狗TOP500,2026-09-14,299,你还要我怎样,薛之谦,,5:11,8C6AAC48FB5C3759042E4C8699544C6F,960327,https://www.kugou.com/yy/rank/home/14-8888.html?from=rank
2026-09-14,2026-09-14T13:04:55+08:00,酷狗音乐,热歌榜,酷狗TOP500,2026-09-14,300,雨蝶,李翊君,,3:51,C83424ACF417185057E278554B91D4C0,7549108,https://www.kugou.com/yy/rank/home/14-8888.html?from=rank
2026-09-14,2026-09-14T13:04:55+08:00,酷狗音乐,热歌榜,酷狗TOP500,2026-09-14,301,淘汰,陈奕迅,,4:45,90C64A1FB2F32663FA8037D847AABB57,962514,https://www.kugou.com/yy/rank/home/14-8888.html?from=rank
2026-09-14,2026-09-14T13:04:55+08:00,酷狗音乐,热歌榜,酷狗TOP500,2026-09-14,302,就是爱你,陶喆,,4:24,43485D7A650AFF532E5ECF24D7FB6381,7547427,https://www.kugou.com/yy/rank/home/14-8888.html?from=rank
2026-09-14,2026-09-14T13:04:55+08:00,酷狗音乐,热歌榜,酷狗TOP500,2026-09-14,303,冷雨夜,BEYOND,,4:19,34721C6BD44CB5F92BF3E4150AE3B5F1,976137,https://www.kugou.com/yy/rank/home/14-8888.html?from=rank
2026-09-14,2026-09-14T13:04:55+08:00,酷狗音乐,热歌榜,酷狗TOP500,2026-09-14,304,忘情牛肉面,马健涛,,3:02,E9E3E3F40397839A715537F5AA5C93CE,32988895,https://www.kugou.com/yy/rank/home/14-8888.html?from=rank
2026-09-14,2026-09-14T13:04:55+08:00,酷狗音乐,热歌榜,酷狗TOP500,2026-09-14,305,不浪漫罪名,王杰,,4:48,4255D3F001B95B07F2D5BE330D14A780,503247,https://www.kugou.com/yy/rank/home/14-8888.html?from=rank
2026-09-14,2026-09-14T13:04:55+08:00,酷狗音乐,热歌榜,酷狗TOP500,2026-09-14,306,Love Me,JMSN,,4:33,C8A0559F862B815E8B4D135228944D4D,76048254,https://www.kugou.com/yy/rank/home/14-8888.html?from=rank
2026-09-14,2026-09-14T13:04:55+08:00,酷狗音乐,热歌榜,酷狗TOP500,2026-09-14,307,你的样子 (烟嗓版),十一经典老歌,,3:17,9CF9C5DDBC66437ED5BF2EDB46FF94D8,193387171,https://www.kugou.com/yy/rank/home/14-8888.html?from=rank
2026-09-14,2026-09-14T13:04:55+08:00,酷狗音乐,热歌榜,酷狗TOP500,2026-09-14,308,山风不语,伍零五,,2:54,8CA921D7DEB3E847BF2060E557402231,199624105,https://www.kugou.com/yy/rank/home/14-8888.html?from=rank
2026-09-14,2026-09-14T13:04:55+08:00,酷狗音乐,热歌榜,酷狗TOP500,2026-09-14,309,不该 (with aMEI),周杰伦、张惠妹,,4:51,FCF336E81DA45A8E696032FFC1708175,1645030,https://www.kugou.com/yy/rank/home/15-8888.html?from=rank
2026-09-14,2026-09-14T13:04:55+08:00,酷狗音乐,热歌榜,酷狗TOP500,2026-09-14,310,逍遥叹,胡歌,,5:14,1415E6EAB8E8B0538F5FB66526C9EB65,970409,https://www.kugou.com/yy/rank/home/15-8888.html?from=rank
2026-09-14,2026-09-14T13:04:55+08:00,酷狗音乐,热歌榜,酷狗TOP500,2026-09-14,311,真的爱你,BEYOND,,4:35,C46916711631EA28508A41C325A74E1B,971451,https://www.kugou.com/yy/rank/home/15-8888.html?from=rank
2026-09-14,2026-09-14T13:04:55+08:00,酷狗音乐,热歌榜,酷狗TOP500,2026-09-14,312,Beauty And A Beat,Justin Bieber、Nicki Minaj,,3:47,FF5719341A9B004AA3E7312D617AE305,16996733,https://www.kugou.com/yy/rank/home/15-8888.html?from=rank
2026-09-14,2026-09-14T13:04:55+08:00,酷狗音乐,热歌榜,酷狗TOP500,2026-09-14,313,光年之外,G.E.M.邓紫棋,,3:56,AA47B03289C80586FF72146359914A0C,1952211,https://www.kugou.com/yy/rank/home/15-8888.html?from=rank
2026-09-14,2026-09-14T13:04:55+08:00,酷狗音乐,热歌榜,酷狗TOP500,2026-09-14,314,水为媒,礼越,,4:18,463569CA5AE9A787A32B66D590C8C98D,200545877,https://www.kugou.com/yy/rank/home/15-8888.html?from=rank
2026-09-14,2026-09-14T13:04:55+08:00,酷狗音乐,热歌榜,酷狗TOP500,2026-09-14,315,爱在西元前,周杰伦,,3:54,66B756FB1331807B032EF97F7BA9948E,958706,https://www.kugou.com/yy/rank/home/15-8888.html?from=rank
2026-09-14,2026-09-14T13:04:55+08:00,酷狗音乐,热歌榜,酷狗TOP500,2026-09-14,316,明明就,周杰伦,,4:20,D85C14E02008B7A2F97D55CDC29C2221,982051,https://www.kugou.com/yy/rank/home/15-8888.html?from=rank
2026-09-14,2026-09-14T13:04:55+08:00,酷狗音乐,热歌榜,酷狗TOP500,2026-09-14,317,好久不见,陈奕迅,,4:11,8E1DDAF172D9C60A28C19358B07BFBF8,962514,https://www.kugou.com/yy/rank/home/15-8888.html?from=rank
2026-09-14,2026-09-14T13:04:55+08:00,酷狗音乐,热歌榜,酷狗TOP500,2026-09-14,318,Copines,Aya Nakamura,,2:52,1CDA977A7FC0BCCC23BC7DF4D0194389,39155596,https://www.kugou.com/yy/rank/home/15-8888.html?from=rank
2026-09-14,2026-09-14T13:04:55+08:00,酷狗音乐,热歌榜,酷狗TOP500,2026-09-14,319,ありがとう… (谢谢…),KOKIA,,4:09,E9A08A98614DD992F11A68A5E5F1C79F,1491689,https://www.kugou.com/yy/rank/home/15-8888.html?from=rank
2026-09-14,2026-09-14T13:04:55+08:00,酷狗音乐,热歌榜,酷狗TOP500,2026-09-14,320,十面埋伏,陈奕迅,,3:52,90B8469459CBA58A5DDEDD9350286DD8,2996227,https://www.kugou.com/yy/rank/home/15-8888.html?from=rank
2026-09-14,2026-09-14T13:04:55+08:00,酷狗音乐,热歌榜,酷狗TOP500,2026-09-14,321,谁明浪子心,王杰,,5:01,1E54C9C01C9DFC5C68F743368F353711,983991,https://www.kugou.com/yy/rank/home/15-8888.html?from=rank
2026-09-14,2026-09-14T13:04:55+08:00,酷狗音乐,热歌榜,酷狗TOP500,2026-09-14,322,突然好想你,五月天,,4:26,CF67FCE66C4F54823FDFCBD529797552,976965,https://www.kugou.com/yy/rank/home/15-8888.html?from=rank
2026-09-14,2026-09-14T13:04:55+08:00,酷狗音乐,热歌榜,酷狗TOP500,2026-09-14,323,人儿啊请慢下来,石满仓,,3:32,81127FC1186063281CB602F623A74BD7,206903720,https://www.kugou.com/yy/rank/home/15-8888.html?from=rank
2026-09-14,2026-09-14T13:04:55+08:00,酷狗音乐,热歌榜,酷狗TOP500,2026-09-14,324,走走,李荣浩,,5:04,0BD5B6F56CED35BB3380425EC02E1098,106374641,https://www.kugou.com/yy/rank/home/15-8888.html?from=rank
2026-09-14,2026-09-14T13:04:55+08:00,酷狗音乐,热歌榜,酷狗TOP500,2026-09-14,325,不分手的恋爱,汪苏泷,,3:26,543A6E13C527E52886E51BBF14191C8F,37376237,https://www.kugou.com/yy/rank/home/15-8888.html?from=rank
2026-09-14,2026-09-14T13:04:55+08:00,酷狗音乐,热歌榜,酷狗TOP500,2026-09-14,326,单身情歌,林志炫,,4:35,ACD27A452FE3D0348D38540762DA7BEB,971171,https://www.kugou.com/yy/rank/home/15-8888.html?from=rank
2026-09-14,2026-09-14T13:04:55+08:00,酷狗音乐,热歌榜,酷狗TOP500,2026-09-14,327,最后一页,江语晨,,4:06,EF053996094A323B42C35195E9781A30,1596655,https://www.kugou.com/yy/rank/home/15-8888.html?from=rank
2026-09-14,2026-09-14T13:04:55+08:00,酷狗音乐,热歌榜,酷狗TOP500,2026-09-14,328,爱，请问怎么走,A-Lin,,4:28,D67CB2EA6082D5AB871509EC06B48370,964045,https://www.kugou.com/yy/rank/home/15-8888.html?from=rank
2026-09-14,2026-09-14T13:04:55+08:00,酷狗音乐,热歌榜,酷狗TOP500,2026-09-14,329,你怕啥子嘛,乡野低频,,2:55,A1E31862580AA1515C375F16DDF95D9E,206040461,https://www.kugou.com/yy/rank/home/15-8888.html?from=rank
2026-09-14,2026-09-14T13:04:55+08:00,酷狗音乐,热歌榜,酷狗TOP500,2026-09-14,330,记事本,陈慧琳,,4:11,26684870E2CE3936A3D72559F67C0606,2996651,https://www.kugou.com/yy/rank/home/15-8888.html?from=rank
2026-09-14,2026-09-14T13:04:55+08:00,酷狗音乐,热歌榜,酷狗TOP500,2026-09-14,331,山上的山花开呀 (热门氛围版),QAQA、DD小新,,2:25,2B6392A77B3711921BF17D8EC51D58FF,206016008,https://www.kugou.com/yy/rank/home/16-8888.html?from=rank
2026-09-14,2026-09-14T13:04:55+08:00,酷狗音乐,热歌榜,酷狗TOP500,2026-09-14,332,一样的月光,徐佳莹,,4:00,E470A579E87A5436E68FAA51AD18A379,972101,https://www.kugou.com/yy/rank/home/16-8888.html?from=rank
2026-09-14,2026-09-14T13:04:55+08:00,酷狗音乐,热歌榜,酷狗TOP500,2026-09-14,333,霸王别姬2026,李依晓,,4:15,08D37EECA62F1671ECCBE10F7B9D3F96,184440221,https://www.kugou.com/yy/rank/home/16-8888.html?from=rank
2026-09-14,2026-09-14T13:04:55+08:00,酷狗音乐,热歌榜,酷狗TOP500,2026-09-14,334,撕夜,阿杜,,4:39,F4654DA8D595995AA50EC54232E1D525,963634,https://www.kugou.com/yy/rank/home/16-8888.html?from=rank
2026-09-14,2026-09-14T13:04:55+08:00,酷狗音乐,热歌榜,酷狗TOP500,2026-09-14,335,背叛情歌 (烟嗓版),谢尔西,,4:39,0C2FCE33BA27021CA0964D45484F2DE5,198720373,https://www.kugou.com/yy/rank/home/16-8888.html?from=rank
2026-09-14,2026-09-14T13:04:55+08:00,酷狗音乐,热歌榜,酷狗TOP500,2026-09-14,336,开不了口,周杰伦,,4:44,32DD461A82439D4B75E87ECC3F047E6A,958706,https://www.kugou.com/yy/rank/home/16-8888.html?from=rank
2026-09-14,2026-09-14T13:04:55+08:00,酷狗音乐,热歌榜,酷狗TOP500,2026-09-14,337,先说爱的人为什么先离开,田园,,3:40,6379393814B0A74AB7B87B2FA9E87689,107655422,https://www.kugou.com/yy/rank/home/16-8888.html?from=rank
2026-09-14,2026-09-14T13:04:55+08:00,酷狗音乐,热歌榜,酷狗TOP500,2026-09-14,338,命运,家家,,3:51,B149A3BFD19481F91B9A652AA8EA21C1,959745,https://www.kugou.com/yy/rank/home/16-8888.html?from=rank
2026-09-14,2026-09-14T13:04:55+08:00,酷狗音乐,热歌榜,酷狗TOP500,2026-09-14,339,下个，路口，见,李宇春,,3:30,64F80BAE486AB418084E941AADA27545,502503,https://www.kugou.com/yy/rank/home/16-8888.html?from=rank
2026-09-14,2026-09-14T13:04:55+08:00,酷狗音乐,热歌榜,酷狗TOP500,2026-09-14,340,这最后一次的分离 (张杰卡点版),我期待的不是你、暴躁kiki,,2:20,626632A94A0738EB24F5ADD0C067C68E,203251626,https://www.kugou.com/yy/rank/home/16-8888.html?from=rank
2026-09-14,2026-09-14T13:04:55+08:00,酷狗音乐,热歌榜,酷狗TOP500,2026-09-14,341,离歌,信乐团,,4:28,FF7DCA5474C907E2EE3ED3CA24D30D61,981338,https://www.kugou.com/yy/rank/home/16-8888.html?from=rank
2026-09-14,2026-09-14T13:04:55+08:00,酷狗音乐,热歌榜,酷狗TOP500,2026-09-14,342,岁月如笔写春秋,郭少杰,,4:11,6FCF099C6A88F85FC8417AFD452D54FD,190046745,https://www.kugou.com/yy/rank/home/16-8888.html?from=rank
2026-09-14,2026-09-14T13:04:55+08:00,酷狗音乐,热歌榜,酷狗TOP500,2026-09-14,343,求佛,誓言,,4:46,7B7140B23A836DC6EE63B6CD48482402,7614,https://www.kugou.com/yy/rank/home/16-8888.html?from=rank
2026-09-14,2026-09-14T13:04:55+08:00,酷狗音乐,热歌榜,酷狗TOP500,2026-09-14,344,白鸽乌鸦相爱的戏码,潘成（皮卡潘）,,2:54,1B5005F285D8B7FD083CA61C5753E9DB,100112898,https://www.kugou.com/yy/rank/home/16-8888.html?from=rank
2026-09-14,2026-09-14T13:04:55+08:00,酷狗音乐,热歌榜,酷狗TOP500,2026-09-14,345,初恋情人,刘小慧,,4:40,24BD04781E52FE8E7FAB2A6452D85320,532546,https://www.kugou.com/yy/rank/home/16-8888.html?from=rank
2026-09-14,2026-09-14T13:04:55+08:00,酷狗音乐,热歌榜,酷狗TOP500,2026-09-14,346,寂寞沙洲冷,周传雄,,4:35,36A4F5EAA748324A5D509D8EDC47699F,984377,https://www.kugou.com/yy/rank/home/16-8888.html?from=rank
2026-09-14,2026-09-14T13:04:55+08:00,酷狗音乐,热歌榜,酷狗TOP500,2026-09-14,347,麦恩莉,方大同,,4:48,3A08C7B067EC2E9B552AB8664490FCEB,971920,https://www.kugou.com/yy/rank/home/16-8888.html?from=rank
2026-09-14,2026-09-14T13:04:55+08:00,酷狗音乐,热歌榜,酷狗TOP500,2026-09-14,348,只若初见,张德伊玲,,3:24,0AC57BC59B96F7BF216744F93617FC8B,58285492,https://www.kugou.com/yy/rank/home/16-8888.html?from=rank
2026-09-14,2026-09-14T13:04:55+08:00,酷狗音乐,热歌榜,酷狗TOP500,2026-09-14,349,一程山路,毛不易,,3:36,72F2E36F606EB3DACF2ACD9DE67FCBD3,34631159,https://www.kugou.com/yy/rank/home/16-8888.html?from=rank
2026-09-14,2026-09-14T13:04:55+08:00,酷狗音乐,热歌榜,酷狗TOP500,2026-09-14,350,少一点天份,孙盛希,,4:35,FFD1F05E5D06A1DDFAEDFE6A3379A271,566029,https://www.kugou.com/yy/rank/home/16-8888.html?from=rank
2026-09-14,2026-09-14T13:04:55+08:00,酷狗音乐,热歌榜,酷狗TOP500,2026-09-14,351,一个人想着一个人,曾沛慈,,4:04,C9148675D85D3C2B306E966000BC5ABD,542900,https://www.kugou.com/yy/rank/home/16-8888.html?from=rank
2026-09-14,2026-09-14T13:04:55+08:00,酷狗音乐,热歌榜,酷狗TOP500,2026-09-14,352,天地龙鳞,王力宏,,3:17,DD83DC4A30C3A05D60FFCE6944FB441C,50749156,https://www.kugou.com/yy/rank/home/16-8888.html?from=rank
2026-09-14,2026-09-14T13:04:55+08:00,酷狗音乐,热歌榜,酷狗TOP500,2026-09-14,353,月光,胡彦斌,,4:32,3ED31D9A5C8B2F28529E69E8B17DFEA3,7547355,https://www.kugou.com/yy/rank/home/17-8888.html?from=rank
2026-09-14,2026-09-14T13:04:55+08:00,酷狗音乐,热歌榜,酷狗TOP500,2026-09-14,354,等你下课 (with 杨瑞代),周杰伦,,4:30,5D043EC8BF78A185A01CC45A6032DE1F,58849245,https://www.kugou.com/yy/rank/home/17-8888.html?from=rank
2026-09-14,2026-09-14T13:04:55+08:00,酷狗音乐,热歌榜,酷狗TOP500,2026-09-14,355,卡布奇诺,6诗人,,3:04,5FE82C07C44F70E5B5F357F707C04549,8499380,https://www.kugou.com/yy/rank/home/17-8888.html?from=rank
2026-09-14,2026-09-14T13:04:55+08:00,酷狗音乐,热歌榜,酷狗TOP500,2026-09-14,356,暧昧,薛之谦,,5:12,B3A4E466F13F44FA0B91FA4EB8E6DECA,7818079,https://www.kugou.com/yy/rank/home/17-8888.html?from=rank
2026-09-14,2026-09-14T13:04:55+08:00,酷狗音乐,热歌榜,酷狗TOP500,2026-09-14,357,背着风流泪,文夫,,4:14,93313560CDE28F74AA7D2894E3C4D7F7,146986506,https://www.kugou.com/yy/rank/home/17-8888.html?from=rank
2026-09-14,2026-09-14T13:04:55+08:00,酷狗音乐,热歌榜,酷狗TOP500,2026-09-14,358,搀扶,马健涛,,5:28,D95AE3CC810BB62D28505AE1510C329F,130332417,https://www.kugou.com/yy/rank/home/17-8888.html?from=rank
2026-09-14,2026-09-14T13:04:55+08:00,酷狗音乐,热歌榜,酷狗TOP500,2026-09-14,359,Take Me to Your Heart,Michael Learns To Rock,,3:59,97ED0BF75D3D6EEB97A326073F503AC8,561642,https://www.kugou.com/yy/rank/home/17-8888.html?from=rank
2026-09-14,2026-09-14T13:04:55+08:00,酷狗音乐,热歌榜,酷狗TOP500,2026-09-14,360,红豆,王菲,,4:16,AEF916A18BAAE9C8E7807179C8DA64D1,960812,https://www.kugou.com/yy/rank/home/17-8888.html?from=rank
2026-09-14,2026-09-14T13:04:55+08:00,酷狗音乐,热歌榜,酷狗TOP500,2026-09-14,361,天黑黑,孙燕姿,,3:56,D4601C9FFEADB42961CE4E623FAFD279,973684,https://www.kugou.com/yy/rank/home/17-8888.html?from=rank
2026-09-14,2026-09-14T13:04:55+08:00,酷狗音乐,热歌榜,酷狗TOP500,2026-09-14,362,像风一样,薛之谦,,4:15,ACC9BB4136622B3E2BA561B87FFF00D9,7818079,https://www.kugou.com/yy/rank/home/17-8888.html?from=rank
2026-09-14,2026-09-14T13:04:55+08:00,酷狗音乐,热歌榜,酷狗TOP500,2026-09-14,363,朋友的酒,李晓杰,,4:22,67D5EF87795797D3BFE6A8C21013F552,573413,https://www.kugou.com/yy/rank/home/17-8888.html?from=rank
2026-09-14,2026-09-14T13:04:55+08:00,酷狗音乐,热歌榜,酷狗TOP500,2026-09-14,364,雨天,孙燕姿,,4:02,9077648AA3ABA06B76FD7569FB715EAF,4075477,https://www.kugou.com/yy/rank/home/17-8888.html?from=rank
2026-09-14,2026-09-14T13:04:55+08:00,酷狗音乐,热歌榜,酷狗TOP500,2026-09-14,365,如果这就是爱情,张靓颖,,4:43,4E871DF1E2034CF6BAAD7B03D2386058,2597425,https://www.kugou.com/yy/rank/home/17-8888.html?from=rank
2026-09-14,2026-09-14T13:04:55+08:00,酷狗音乐,热歌榜,酷狗TOP500,2026-09-14,366,总有风把你吹向远方 (现场念白live版),7paste,,3:27,BB67DD90D46992A2EF5548191FE35C21,203473109,https://www.kugou.com/yy/rank/home/17-8888.html?from=rank
2026-09-14,2026-09-14T13:04:55+08:00,酷狗音乐,热歌榜,酷狗TOP500,2026-09-14,367,遗失的心跳,萧亚轩,,3:37,54C1A6E877BB37D052A86D4C41604FE7,521727,https://www.kugou.com/yy/rank/home/17-8888.html?from=rank
2026-09-14,2026-09-14T13:04:55+08:00,酷狗音乐,热歌榜,酷狗TOP500,2026-09-14,368,可能,程响,,3:37,38B234C1135A5E9A4C98D55C058A4894,57727291,https://www.kugou.com/yy/rank/home/17-8888.html?from=rank
2026-09-14,2026-09-14T13:04:55+08:00,酷狗音乐,热歌榜,酷狗TOP500,2026-09-14,369,Pretty Girl Rock,Keri Hilson,,4:04,A2C34D91F5400B11E4FB0867EE95F8BC,57392885,https://www.kugou.com/yy/rank/home/17-8888.html?from=rank
2026-09-14,2026-09-14T13:04:55+08:00,酷狗音乐,热歌榜,酷狗TOP500,2026-09-14,370,斑马，斑马,宋冬野,,4:13,E8D0F5B041E589F66D667ECEDBD58C35,979124,https://www.kugou.com/yy/rank/home/17-8888.html?from=rank
2026-09-14,2026-09-14T13:04:55+08:00,酷狗音乐,热歌榜,酷狗TOP500,2026-09-14,371,明天，你好,牛奶咖啡,,4:32,A9527F71F7149F13E1F78B23C25DD30B,967562,https://www.kugou.com/yy/rank/home/17-8888.html?from=rank
2026-09-14,2026-09-14T13:04:55+08:00,酷狗音乐,热歌榜,酷狗TOP500,2026-09-14,372,再见只是陌生人,庄心妍,,4:12,67F2E5F1B47C2B86E201518FD24D9831,556403,https://www.kugou.com/yy/rank/home/17-8888.html?from=rank
2026-09-14,2026-09-14T13:04:55+08:00,酷狗音乐,热歌榜,酷狗TOP500,2026-09-14,373,故乡,许巍,,5:14,9EFC9C93AB181E42113F226DFCFA454D,971568,https://www.kugou.com/yy/rank/home/17-8888.html?from=rank
2026-09-14,2026-09-14T13:04:55+08:00,酷狗音乐,热歌榜,酷狗TOP500,2026-09-14,374,想你的夜,关喆,,4:25,1404A292A6E122C99696BDFF04CE982F,963737,https://www.kugou.com/yy/rank/home/17-8888.html?from=rank
2026-09-14,2026-09-14T13:04:55+08:00,酷狗音乐,热歌榜,酷狗TOP500,2026-09-14,375,연애의 조건 (恋爱的条件),BESTie,,3:12,FBE0D895B585AFAD693FE42529311608,959733,https://www.kugou.com/yy/rank/home/18-8888.html?from=rank
2026-09-14,2026-09-14T13:04:55+08:00,酷狗音乐,热歌榜,酷狗TOP500,2026-09-14,376,落空,印子月,,3:53,F2823FEC8D01EDE2587ED3D32F787782,15394482,https://www.kugou.com/yy/rank/home/18-8888.html?from=rank
2026-09-14,2026-09-14T13:04:55+08:00,酷狗音乐,热歌榜,酷狗TOP500,2026-09-14,377,句号,G.E.M.邓紫棋,,3:56,0EC0DFE7A4090B3C5C2C1831D7F3ED51,35503028,https://www.kugou.com/yy/rank/home/18-8888.html?from=rank
2026-09-14,2026-09-14T13:04:55+08:00,酷狗音乐,热歌榜,酷狗TOP500,2026-09-14,378,他真的对你好吗,付豪,,4:18,B1B875147F45355FF807402402F5B573,55501876,https://www.kugou.com/yy/rank/home/18-8888.html?from=rank
2026-09-14,2026-09-14T13:04:55+08:00,酷狗音乐,热歌榜,酷狗TOP500,2026-09-14,379,我在月光下许过情真 (微醺版),苏晚星,,4:01,90D5CE02942E4B72FD20129E72A3DEA3,192801861,https://www.kugou.com/yy/rank/home/18-8888.html?from=rank
2026-09-14,2026-09-14T13:04:55+08:00,酷狗音乐,热歌榜,酷狗TOP500,2026-09-14,380,是你没选我啊,于冬然,,3:22,885046DF8380B7506A6B12EC8F6E201D,176303736,https://www.kugou.com/yy/rank/home/18-8888.html?from=rank
2026-09-14,2026-09-14T13:04:55+08:00,酷狗音乐,热歌榜,酷狗TOP500,2026-09-14,381,断点,张敬轩,,4:28,2C2A571D91FF7BF6FE814887FFA7E592,2996592,https://www.kugou.com/yy/rank/home/18-8888.html?from=rank
2026-09-14,2026-09-14T13:04:55+08:00,酷狗音乐,热歌榜,酷狗TOP500,2026-09-14,382,匿名的好友,杨丞琳,,4:23,F9CE6B13B4C90B01B3C129FF11B11C87,2694607,https://www.kugou.com/yy/rank/home/18-8888.html?from=rank
2026-09-14,2026-09-14T13:04:55+08:00,酷狗音乐,热歌榜,酷狗TOP500,2026-09-14,383,Letting Go,蔡健雅,,4:23,326CBB23BAA90062047512376AA406A4,978874,https://www.kugou.com/yy/rank/home/18-8888.html?from=rank
2026-09-14,2026-09-14T13:04:55+08:00,酷狗音乐,热歌榜,酷狗TOP500,2026-09-14,384,不得不爱,潘玮柏、弦子,,4:41,8F9E3FD474EA612C61EB20D1415767BF,972809,https://www.kugou.com/yy/rank/home/18-8888.html?from=rank
2026-09-14,2026-09-14T13:04:55+08:00,酷狗音乐,热歌榜,酷狗TOP500,2026-09-14,385,人间逍遥仙,老韩很哇塞,,3:59,2584553963CA027E3BB07F8D8F380F58,205336714,https://www.kugou.com/yy/rank/home/18-8888.html?from=rank
2026-09-14,2026-09-14T13:04:55+08:00,酷狗音乐,热歌榜,酷狗TOP500,2026-09-14,386,中意你 (万人大合唱live版),7paste,,3:47,B84C1F8D11652ABBEFC2D3AEE9160E28,203170200,https://www.kugou.com/yy/rank/home/18-8888.html?from=rank
2026-09-14,2026-09-14T13:04:55+08:00,酷狗音乐,热歌榜,酷狗TOP500,2026-09-14,387,西楼儿女,海来阿木,,4:18,84DA47460010F3D91E203F777233DAA4,62931439,https://www.kugou.com/yy/rank/home/18-8888.html?from=rank
2026-09-14,2026-09-14T13:04:55+08:00,酷狗音乐,热歌榜,酷狗TOP500,2026-09-14,388,天亮以前说再见,何野,,4:00,18E9FC6CF97258B75D090188EDBAE95B,11792318,https://www.kugou.com/yy/rank/home/18-8888.html?from=rank
2026-09-14,2026-09-14T13:04:55+08:00,酷狗音乐,热歌榜,酷狗TOP500,2026-09-14,389,半边雨 (我以为靠近了你 就能把爱握紧),罗克、SINSA,,3:13,2DBFF3EACC9F4B03ACA1F57BBEB24BFF,197647424,https://www.kugou.com/yy/rank/home/18-8888.html?from=rank
2026-09-14,2026-09-14T13:04:55+08:00,酷狗音乐,热歌榜,酷狗TOP500,2026-09-14,390,不再犹豫,BEYOND,,4:15,C477FE5B38147B7522DFCF3DC5BB8A6B,8176296,https://www.kugou.com/yy/rank/home/18-8888.html?from=rank
2026-09-14,2026-09-14T13:04:55+08:00,酷狗音乐,热歌榜,酷狗TOP500,2026-09-14,391,或许 (万人演唱会现场live版),沧桑小杰office,,2:56,277DD6ABD5363EE39004AAFE1877EE11,205026271,https://www.kugou.com/yy/rank/home/18-8888.html?from=rank
2026-09-14,2026-09-14T13:04:55+08:00,酷狗音乐,热歌榜,酷狗TOP500,2026-09-14,392,大眠,王心凌,,4:00,A7FABF26BF07963E8BFB7705DBB503FC,13487578,https://www.kugou.com/yy/rank/home/18-8888.html?from=rank
2026-09-14,2026-09-14T13:04:55+08:00,酷狗音乐,热歌榜,酷狗TOP500,2026-09-14,393,大海,张雨生,,4:40,BF8252BEAE57AEB53490145CA8E81BB4,967705,https://www.kugou.com/yy/rank/home/18-8888.html?from=rank
2026-09-14,2026-09-14T13:04:55+08:00,酷狗音乐,热歌榜,酷狗TOP500,2026-09-14,394,有点甜,汪苏泷、BY2,,3:55,99CFDC717FEB7DABCD8A6392D821FC08,516425,https://www.kugou.com/yy/rank/home/18-8888.html?from=rank
2026-09-14,2026-09-14T13:04:55+08:00,酷狗音乐,热歌榜,酷狗TOP500,2026-09-14,395,Baby,Justin Bieber、Ludacris,,3:37,493CD2904FAFDAEB8785CC83B8056F5A,508825,https://www.kugou.com/yy/rank/home/18-8888.html?from=rank
2026-09-14,2026-09-14T13:04:55+08:00,酷狗音乐,热歌榜,酷狗TOP500,2026-09-14,396,从前说,小阿七,,4:12,56851B29C26109489361B0021A4FDD9E,51858164,https://www.kugou.com/yy/rank/home/18-8888.html?from=rank
2026-09-14,2026-09-14T13:04:55+08:00,酷狗音乐,热歌榜,酷狗TOP500,2026-09-14,397,怪你勾了我的魂 (现场版),彭妃妃,,2:29,93B8B6EA8302B0EDF0B20B2BF07A65F7,206678506,https://www.kugou.com/yy/rank/home/19-8888.html?from=rank
2026-09-14,2026-09-14T13:04:55+08:00,酷狗音乐,热歌榜,酷狗TOP500,2026-09-14,398,左手指月,萨顶顶,,3:51,EBCCDE59F97BC06183F3B1A8502B7479,22191384,https://www.kugou.com/yy/rank/home/19-8888.html?from=rank
2026-09-14,2026-09-14T13:04:55+08:00,酷狗音乐,热歌榜,酷狗TOP500,2026-09-14,399,叹云兮,鞠婧祎,,4:43,DB94CC1C55558D7ED4B0E402A2DF065D,8700851,https://www.kugou.com/yy/rank/home/19-8888.html?from=rank
2026-09-14,2026-09-14T13:04:55+08:00,酷狗音乐,热歌榜,酷狗TOP500,2026-09-14,400,春庭雪 (r&b微醺版),落日微醺,,3:44,34F0A836850778DA37190AA74ED2A06E,195834505,https://www.kugou.com/yy/rank/home/19-8888.html?from=rank
2026-09-14,2026-09-14T13:04:55+08:00,酷狗音乐,热歌榜,酷狗TOP500,2026-09-14,401,Because of You,Kelly Clarkson,,3:39,FED9A7BE6BC7D2FF3B8426ECEF34A2B6,1592158,https://www.kugou.com/yy/rank/home/19-8888.html?from=rank
2026-09-14,2026-09-14T13:04:55+08:00,酷狗音乐,热歌榜,酷狗TOP500,2026-09-14,402,天若有情,A-Lin,,4:17,2E6CE4E79982AE2119A69C1D30537EA2,1805426,https://www.kugou.com/yy/rank/home/19-8888.html?from=rank
2026-09-14,2026-09-14T13:04:55+08:00,酷狗音乐,热歌榜,酷狗TOP500,2026-09-14,403,倒数,G.E.M.邓紫棋,,3:49,65945C4D6FB03D7997AE133C9BE5715D,9373625,https://www.kugou.com/yy/rank/home/19-8888.html?from=rank
2026-09-14,2026-09-14T13:04:55+08:00,酷狗音乐,热歌榜,酷狗TOP500,2026-09-14,404,吻,萧亚轩,,3:56,93A716FCDDD1C0798A228D8E08D640C1,970581,https://www.kugou.com/yy/rank/home/19-8888.html?from=rank
2026-09-14,2026-09-14T13:04:55+08:00,酷狗音乐,热歌榜,酷狗TOP500,2026-09-14,405,倒带,蔡依林,,4:26,446507D2332BC3F263596363A97C6E95,976925,https://www.kugou.com/yy/rank/home/19-8888.html?from=rank
2026-09-14,2026-09-14T13:04:55+08:00,酷狗音乐,热歌榜,酷狗TOP500,2026-09-14,406,善念引,卓玛朵朵,,4:23,D484AA4A3D4E81F396EB4EE081F7CAFC,196807427,https://www.kugou.com/yy/rank/home/19-8888.html?from=rank
2026-09-14,2026-09-14T13:04:55+08:00,酷狗音乐,热歌榜,酷狗TOP500,2026-09-14,407,梦的翅膀受了伤,大圆哥,,4:35,F2A2EBE34172E1CBFDD551DBFB361CA4,204867653,https://www.kugou.com/yy/rank/home/19-8888.html?from=rank
2026-09-14,2026-09-14T13:04:55+08:00,酷狗音乐,热歌榜,酷狗TOP500,2026-09-14,408,你的承诺,海鸣威,,3:53,9F08ECA9AE8E5EE2432E37FF914B95DE,490417,https://www.kugou.com/yy/rank/home/19-8888.html?from=rank
2026-09-14,2026-09-14T13:04:55+08:00,酷狗音乐,热歌榜,酷狗TOP500,2026-09-14,409,嘉宾,张远,,5:34,96D0DEFE09DFE43C57EE9AC3B1EA408E,39699796,https://www.kugou.com/yy/rank/home/19-8888.html?from=rank
2026-09-14,2026-09-14T13:04:55+08:00,酷狗音乐,热歌榜,酷狗TOP500,2026-09-14,410,留不住的夏天,黄霄雲,,3:36,726602612F82ECD0975401563EEBC0BF,207079434,https://www.kugou.com/yy/rank/home/19-8888.html?from=rank
2026-09-14,2026-09-14T13:04:55+08:00,酷狗音乐,热歌榜,酷狗TOP500,2026-09-14,411,美丽的神话,孙楠、韩红,,4:52,877281C8E094A848F022BCAAA76945CB,964166,https://www.kugou.com/yy/rank/home/19-8888.html?from=rank
2026-09-14,2026-09-14T13:04:55+08:00,酷狗音乐,热歌榜,酷狗TOP500,2026-09-14,412,悬溺,葛东琪,,3:17,666484E904A54B1E62C9FBFDBE6E2563,23773597,https://www.kugou.com/yy/rank/home/19-8888.html?from=rank
2026-09-14,2026-09-14T13:04:55+08:00,酷狗音乐,热歌榜,酷狗TOP500,2026-09-14,413,简单爱,周杰伦,,4:30,6E44CE19BE5872384FA184B995CCE23B,958706,https://www.kugou.com/yy/rank/home/19-8888.html?from=rank
2026-09-14,2026-09-14T13:04:55+08:00,酷狗音乐,热歌榜,酷狗TOP500,2026-09-14,414,望月 (美声女教授),江枝婉,,3:44,930AAC9B37F4416C88E031F37A936002,206706430,https://www.kugou.com/yy/rank/home/19-8888.html?from=rank
2026-09-14,2026-09-14T13:04:55+08:00,酷狗音乐,热歌榜,酷狗TOP500,2026-09-14,415,Fast Cars & Superstars,Cristian Marchi、Reverend Haus,,2:52,9EA177A8A77A9E31B164F6BDA20D4776,81561846,https://www.kugou.com/yy/rank/home/19-8888.html?from=rank
2026-09-14,2026-09-14T13:04:55+08:00,酷狗音乐,热歌榜,酷狗TOP500,2026-09-14,416,不如见一面,海来阿木,,4:08,A8CC7F0EA73DE4DE226B26C3F44DD563,80038154,https://www.kugou.com/yy/rank/home/19-8888.html?from=rank
2026-09-14,2026-09-14T13:04:55+08:00,酷狗音乐,热歌榜,酷狗TOP500,2026-09-14,417,岸边客,夏子航（2603）,,4:32,E87EEB7804D4708714E6C38DE1F8E649,161846818,https://www.kugou.com/yy/rank/home/19-8888.html?from=rank
2026-09-14,2026-09-14T13:04:55+08:00,酷狗音乐,热歌榜,酷狗TOP500,2026-09-14,418,意外,薛之谦,,4:52,04E0EDE41EA3CCFF76C04F414E1D03A7,960327,https://www.kugou.com/yy/rank/home/19-8888.html?from=rank
2026-09-14,2026-09-14T13:04:55+08:00,酷狗音乐,热歌榜,酷狗TOP500,2026-09-14,419,夏天的风,温岚,,4:01,33431BA8C2FB438ED064AE5DEEB2985F,2997111,https://www.kugou.com/yy/rank/home/20-8888.html?from=rank
2026-09-14,2026-09-14T13:04:55+08:00,酷狗音乐,热歌榜,酷狗TOP500,2026-09-14,420,情罪,陈瑞,,4:45,9642484D6F37650295B370CD52553DC5,80617215,https://www.kugou.com/yy/rank/home/20-8888.html?from=rank
2026-09-14,2026-09-14T13:04:55+08:00,酷狗音乐,热歌榜,酷狗TOP500,2026-09-14,421,如果累了就回故乡 (节奏版),王一佳,,3:18,FA307120FEEC9F7FBBEAC8847479B93D,204628878,https://www.kugou.com/yy/rank/home/20-8888.html?from=rank
2026-09-14,2026-09-14T13:04:55+08:00,酷狗音乐,热歌榜,酷狗TOP500,2026-09-14,422,爱丫爱丫,BY2,,3:51,18008576BCFBA9750C2C60EB6C204270,981935,https://www.kugou.com/yy/rank/home/20-8888.html?from=rank
2026-09-14,2026-09-14T13:04:55+08:00,酷狗音乐,热歌榜,酷狗TOP500,2026-09-14,423,总有一天你会出现在我身边,棱镜乐队,,4:30,8E6A42453EF5B06A87772F8FF4AD5188,10808308,https://www.kugou.com/yy/rank/home/20-8888.html?from=rank
2026-09-14,2026-09-14T13:04:55+08:00,酷狗音乐,热歌榜,酷狗TOP500,2026-09-14,424,推开世界的门,杨乃文,,4:42,6B5A905C8904FD4A23D255DA1B5592C9,1803972,https://www.kugou.com/yy/rank/home/20-8888.html?from=rank
2026-09-14,2026-09-14T13:04:55+08:00,酷狗音乐,热歌榜,酷狗TOP500,2026-09-14,425,我不知为何 (氛围版),Rissing,,4:42,D9282622E70F35B04FB7F3F305B5CCCF,179007953,https://www.kugou.com/yy/rank/home/20-8888.html?from=rank
2026-09-14,2026-09-14T13:04:55+08:00,酷狗音乐,热歌榜,酷狗TOP500,2026-09-14,426,只为你着迷,李秉成,,4:01,C2F47FB042D8FE6A2B5265DFCF8919A5,11795396,https://www.kugou.com/yy/rank/home/20-8888.html?from=rank
2026-09-14,2026-09-14T13:04:55+08:00,酷狗音乐,热歌榜,酷狗TOP500,2026-09-14,427,愿与愁,林俊杰,,3:52,4A2A7260442B0A5D5F17295F1DD7241B,71681690,https://www.kugou.com/yy/rank/home/20-8888.html?from=rank
2026-09-14,2026-09-14T13:04:55+08:00,酷狗音乐,热歌榜,酷狗TOP500,2026-09-14,428,你听得到,周杰伦,,3:50,D7F42691CB6134BA8AA247F0A1DBD060,966846,https://www.kugou.com/yy/rank/home/20-8888.html?from=rank
2026-09-14,2026-09-14T13:04:55+08:00,酷狗音乐,热歌榜,酷狗TOP500,2026-09-14,429,披着羊皮的狼,刀郎,,7:28,D8EAB97048F435A4D5D60CC453091224,959477,https://www.kugou.com/yy/rank/home/20-8888.html?from=rank
2026-09-14,2026-09-14T13:04:55+08:00,酷狗音乐,热歌榜,酷狗TOP500,2026-09-14,430,I Miss You (暗黑Trap版),超级大瓜,,2:56,D04E732B1310DF5536506CEF6826A96A,197475978,https://www.kugou.com/yy/rank/home/20-8888.html?from=rank
2026-09-14,2026-09-14T13:04:55+08:00,酷狗音乐,热歌榜,酷狗TOP500,2026-09-14,431,三国恋,Tank,,4:06,1325E661C6044048943A8D7D417ED280,966742,https://www.kugou.com/yy/rank/home/20-8888.html?from=rank
2026-09-14,2026-09-14T13:04:55+08:00,酷狗音乐,热歌榜,酷狗TOP500,2026-09-14,432,土坡上的狗尾草,卢润泽,,3:15,5E40742110D3DB109A22BDB1012C6EBB,104913971,https://www.kugou.com/yy/rank/home/20-8888.html?from=rank
2026-09-14,2026-09-14T13:04:55+08:00,酷狗音乐,热歌榜,酷狗TOP500,2026-09-14,433,そばにいるね (留在我身边),青山テルマ、SoulJa,,5:00,15ECAE5528C7B8E085423F27AA07E63A,16051946,https://www.kugou.com/yy/rank/home/20-8888.html?from=rank
2026-09-14,2026-09-14T13:04:55+08:00,酷狗音乐,热歌榜,酷狗TOP500,2026-09-14,434,晚风心里吹,阿梨粤,,3:07,DFFB8F6768AC5044881BB6DD11BDED53,55808898,https://www.kugou.com/yy/rank/home/20-8888.html?from=rank
2026-09-14,2026-09-14T13:04:55+08:00,酷狗音乐,热歌榜,酷狗TOP500,2026-09-14,435,time machine (feat. aren park)(Original Mix),mj apanay、aren park,,3:46,6FC23D8694067908061BB145B6DFCB87,100264848,https://www.kugou.com/yy/rank/home/20-8888.html?from=rank
2026-09-14,2026-09-14T13:04:55+08:00,酷狗音乐,热歌榜,酷狗TOP500,2026-09-14,436,哼着你爱听的歌 (女版),田园,,3:20,37B0685181098FB8427291594EDBC8CD,162686180,https://www.kugou.com/yy/rank/home/20-8888.html?from=rank
2026-09-14,2026-09-14T13:04:55+08:00,酷狗音乐,热歌榜,酷狗TOP500,2026-09-14,437,去年夏天,王大毛,,4:05,5CD03A78A74761494A39CADFAA832550,8542577,https://www.kugou.com/yy/rank/home/20-8888.html?from=rank
2026-09-14,2026-09-14T13:04:55+08:00,酷狗音乐,热歌榜,酷狗TOP500,2026-09-14,438,难却,平生不晚,,3:07,7522BE83CE2ECBB483C702E3D67B2F85,59487317,https://www.kugou.com/yy/rank/home/20-8888.html?from=rank
2026-09-14,2026-09-14T13:04:55+08:00,酷狗音乐,热歌榜,酷狗TOP500,2026-09-14,439,独角戏,许茹芸,,4:37,59A58ADD9C4F4EECA6B20F3A1A04E956,973658,https://www.kugou.com/yy/rank/home/20-8888.html?from=rank
2026-09-14,2026-09-14T13:04:55+08:00,酷狗音乐,热歌榜,酷狗TOP500,2026-09-14,440,I Hate U I Love U (feat. Olivia O'Brien)(Explicit),gnash、Olivia O'Brien,,3:47,DC069C13FE3B6C55D671C17017EC94EA,12687595,https://www.kugou.com/yy/rank/home/20-8888.html?from=rank
2026-09-14,2026-09-14T13:04:55+08:00,酷狗音乐,热歌榜,酷狗TOP500,2026-09-14,441,问情 (烟嗓良人Remix),大头钉团队,,4:16,A495E8DA73ED8EB8FC3CFAFE6F0CD48D,202389890,https://www.kugou.com/yy/rank/home/21-8888.html?from=rank
2026-09-14,2026-09-14T13:04:55+08:00,酷狗音乐,热歌榜,酷狗TOP500,2026-09-14,442,三生三世,张杰,,4:18,E9CF47F6EB2D0D2C7349247792062557,1969016,https://www.kugou.com/yy/rank/home/21-8888.html?from=rank
2026-09-14,2026-09-14T13:04:55+08:00,酷狗音乐,热歌榜,酷狗TOP500,2026-09-14,443,最爱,周慧敏,,4:25,DBC221919A9686F684F90E1920179363,568311,https://www.kugou.com/yy/rank/home/21-8888.html?from=rank
2026-09-14,2026-09-14T13:04:55+08:00,酷狗音乐,热歌榜,酷狗TOP500,2026-09-14,444,别怕我伤心,张信哲,,4:47,976677A739F25908591FA822CB1F1DF3,538030,https://www.kugou.com/yy/rank/home/21-8888.html?from=rank
2026-09-14,2026-09-14T13:04:55+08:00,酷狗音乐,热歌榜,酷狗TOP500,2026-09-14,445,坠落,蔡健雅,,4:10,233254CB517BAA74387361C2158519DA,974379,https://www.kugou.com/yy/rank/home/21-8888.html?from=rank
2026-09-14,2026-09-14T13:04:55+08:00,酷狗音乐,热歌榜,酷狗TOP500,2026-09-14,446,容易受伤的女人,王菲,,4:21,C4BDD79D611789B65B368283D4DDAB0F,980244,https://www.kugou.com/yy/rank/home/21-8888.html?from=rank
2026-09-14,2026-09-14T13:04:55+08:00,酷狗音乐,热歌榜,酷狗TOP500,2026-09-14,447,也许在下雨天 (眼泪才不被看见),何遇Hayu、Crybird,,3:47,18D96FA29BBCB2873400BEAB17B817CF,194623547,https://www.kugou.com/yy/rank/home/21-8888.html?from=rank
2026-09-14,2026-09-14T13:04:55+08:00,酷狗音乐,热歌榜,酷狗TOP500,2026-09-14,448,Alive,Blue,,3:40,996EE22D2450A7C7528394F7F98432E6,560693,https://www.kugou.com/yy/rank/home/21-8888.html?from=rank
2026-09-14,2026-09-14T13:04:55+08:00,酷狗音乐,热歌榜,酷狗TOP500,2026-09-14,449,玫瑰花的葬礼,许嵩,,4:21,0A335E9374392B72E5965D8F6165E564,1968878,https://www.kugou.com/yy/rank/home/21-8888.html?from=rank
2026-09-14,2026-09-14T13:04:55+08:00,酷狗音乐,热歌榜,酷狗TOP500,2026-09-14,450,难念的经,周华健,,4:48,DA5DE536081960C10E289341F8420C9E,1737534,https://www.kugou.com/yy/rank/home/21-8888.html?from=rank
2026-09-14,2026-09-14T13:04:55+08:00,酷狗音乐,热歌榜,酷狗TOP500,2026-09-14,451,Radio (Dum-Dum),宋雨琦 (YUQI),,2:32,E8FFC3F649DA4476E2CEABFF3F94D103,140913986,https://www.kugou.com/yy/rank/home/21-8888.html?from=rank
2026-09-14,2026-09-14T13:04:55+08:00,酷狗音乐,热歌榜,酷狗TOP500,2026-09-14,452,等你等到我心痛,张学友,,4:13,4A1ADC422B26B1388DE746F4E1DD5EB4,977805,https://www.kugou.com/yy/rank/home/21-8888.html?from=rank
2026-09-14,2026-09-14T13:04:55+08:00,酷狗音乐,热歌榜,酷狗TOP500,2026-09-14,453,入戏太深,马旭东,,3:48,AD2CAEE32A69DE33F26929CCC24572FC,585934,https://www.kugou.com/yy/rank/home/21-8888.html?from=rank
2026-09-14,2026-09-14T13:04:55+08:00,酷狗音乐,热歌榜,酷狗TOP500,2026-09-14,454,追光者,岑宁儿,,3:56,03F818EF5B72D16F65BD6298FB99B440,2706911,https://www.kugou.com/yy/rank/home/21-8888.html?from=rank
2026-09-14,2026-09-14T13:04:55+08:00,酷狗音乐,热歌榜,酷狗TOP500,2026-09-14,455,大城小爱,王力宏,,3:45,3EAF74E9E5065C03B050F356F0567311,2820176,https://www.kugou.com/yy/rank/home/21-8888.html?from=rank
2026-09-14,2026-09-14T13:04:55+08:00,酷狗音乐,热歌榜,酷狗TOP500,2026-09-14,456,刚刚好,薛之谦,,4:11,956EEC514146039E6D6A16B30DD64A7B,1747549,https://www.kugou.com/yy/rank/home/21-8888.html?from=rank
2026-09-14,2026-09-14T13:04:55+08:00,酷狗音乐,热歌榜,酷狗TOP500,2026-09-14,457,听哭了自己,沧桑老叔,,3:32,2F886E50337A0268514AA517C5E13A39,184905718,https://www.kugou.com/yy/rank/home/21-8888.html?from=rank
2026-09-14,2026-09-14T13:04:55+08:00,酷狗音乐,热歌榜,酷狗TOP500,2026-09-14,458,你不该权衡利弊,七喜,,3:41,EC4D4FC28AD4AFFA1819C38355BE3296,205423359,https://www.kugou.com/yy/rank/home/21-8888.html?from=rank
2026-09-14,2026-09-14T13:04:55+08:00,酷狗音乐,热歌榜,酷狗TOP500,2026-09-14,459,说散就散,袁娅维TIA RAY,,4:03,837D7CEC9202B47F077BB7FE8C0C1A08,8025931,https://www.kugou.com/yy/rank/home/21-8888.html?from=rank
2026-09-14,2026-09-14T13:04:55+08:00,酷狗音乐,热歌榜,酷狗TOP500,2026-09-14,460,问天缘,格桑央措,,4:02,3717DF8511FD4F01C4E1084C735A8266,203222587,https://www.kugou.com/yy/rank/home/21-8888.html?from=rank
2026-09-14,2026-09-14T13:04:55+08:00,酷狗音乐,热歌榜,酷狗TOP500,2026-09-14,461,听说你,于冬然,,3:59,D74845DF9E5EB016BFC5FC86F639CA49,58983593,https://www.kugou.com/yy/rank/home/21-8888.html?from=rank
2026-09-14,2026-09-14T13:04:55+08:00,酷狗音乐,热歌榜,酷狗TOP500,2026-09-14,462,漂洋过海来看你,刘明湘,,4:59,1A8FC548D34377622017AAEF1C6418FD,1791001,https://www.kugou.com/yy/rank/home/21-8888.html?from=rank
2026-09-14,2026-09-14T13:04:55+08:00,酷狗音乐,热歌榜,酷狗TOP500,2026-09-14,463,谁在意我流下的泪 (重制版),蒋雪儿Snow.J,,5:23,A21D9575037EB1F234F60A5000C8C59F,24184391,https://www.kugou.com/yy/rank/home/22-8888.html?from=rank
2026-09-14,2026-09-14T13:04:55+08:00,酷狗音乐,热歌榜,酷狗TOP500,2026-09-14,464,阿衣莫,阿吉太组合,,5:14,000B4DC2694B23AD4258EE551A00C599,4138802,https://www.kugou.com/yy/rank/home/22-8888.html?from=rank
2026-09-14,2026-09-14T13:04:55+08:00,酷狗音乐,热歌榜,酷狗TOP500,2026-09-14,465,别回头 (不朽版),PAMajor,,3:32,887215E010BC9D5CB82830A131C86596,163052521,https://www.kugou.com/yy/rank/home/22-8888.html?from=rank
2026-09-14,2026-09-14T13:04:55+08:00,酷狗音乐,热歌榜,酷狗TOP500,2026-09-14,466,多余的解释,许嵩,,4:37,9678D4878727F744FD3D19663CAA8AD9,973251,https://www.kugou.com/yy/rank/home/22-8888.html?from=rank
2026-09-14,2026-09-14T13:04:55+08:00,酷狗音乐,热歌榜,酷狗TOP500,2026-09-14,467,雀跃,任然、小来,,3:56,F928CB7A772F8A6214EEAEB21FA310D8,2820318,https://www.kugou.com/yy/rank/home/22-8888.html?from=rank
2026-09-14,2026-09-14T13:04:55+08:00,酷狗音乐,热歌榜,酷狗TOP500,2026-09-14,468,去有风的地方,郁可唯,,3:51,603C05D769BD7865CCAF8070DAC75CC8,67547464,https://www.kugou.com/yy/rank/home/22-8888.html?from=rank
2026-09-14,2026-09-14T13:04:55+08:00,酷狗音乐,热歌榜,酷狗TOP500,2026-09-14,469,Amani (女声版),落日微醺,,3:54,0E1705D85CE6D8BE87784DFA9C9A5624,194642479,https://www.kugou.com/yy/rank/home/22-8888.html?from=rank
2026-09-14,2026-09-14T13:04:55+08:00,酷狗音乐,热歌榜,酷狗TOP500,2026-09-14,470,听海,张惠妹,,5:18,8ACB6E60840E6D30822BEA443309BE58,973665,https://www.kugou.com/yy/rank/home/22-8888.html?from=rank
2026-09-14,2026-09-14T13:04:55+08:00,酷狗音乐,热歌榜,酷狗TOP500,2026-09-14,471,说谎,林宥嘉,,4:24,979866465F3AFF04A1D7DAC788FEED0C,979165,https://www.kugou.com/yy/rank/home/22-8888.html?from=rank
2026-09-14,2026-09-14T13:04:55+08:00,酷狗音乐,热歌榜,酷狗TOP500,2026-09-14,472,半岛铁盒,周杰伦,,5:19,67BA8A4A0681F2078BC423CB13B904B7,961807,https://www.kugou.com/yy/rank/home/22-8888.html?from=rank
2026-09-14,2026-09-14T13:04:55+08:00,酷狗音乐,热歌榜,酷狗TOP500,2026-09-14,473,刚好遇见你,李玉刚,,3:20,58B004C56B6AB6CE1CA3C1E8C6781D0E,1820033,https://www.kugou.com/yy/rank/home/22-8888.html?from=rank
2026-09-14,2026-09-14T13:04:55+08:00,酷狗音乐,热歌榜,酷狗TOP500,2026-09-14,474,天下,张杰,,3:42,17B11C65674378CA43995537331E1D9C,38606351,https://www.kugou.com/yy/rank/home/22-8888.html?from=rank
2026-09-14,2026-09-14T13:04:55+08:00,酷狗音乐,热歌榜,酷狗TOP500,2026-09-14,475,甲乙丙丁 (你我怎么两清)(Live),张碧晨、侯明昊,,4:00,5786B3CB9FB1174FF6E5013AA5BCF6DE,204492749,https://www.kugou.com/yy/rank/home/22-8888.html?from=rank
2026-09-14,2026-09-14T13:04:55+08:00,酷狗音乐,热歌榜,酷狗TOP500,2026-09-14,476,莫问归期,蒋雪儿Snow.J,,3:39,F0E418FB19E8D295D0F78E50AE3B7E30,27453193,https://www.kugou.com/yy/rank/home/22-8888.html?from=rank
2026-09-14,2026-09-14T13:04:55+08:00,酷狗音乐,热歌榜,酷狗TOP500,2026-09-14,477,此刻,袁娅维TIA RAY,,3:34,659A08774AB3B2E9D64AA7273EB202FC,204979963,https://www.kugou.com/yy/rank/home/22-8888.html?from=rank
2026-09-14,2026-09-14T13:04:55+08:00,酷狗音乐,热歌榜,酷狗TOP500,2026-09-14,478,淋雨的人,阿图表妹,,3:59,EEB3B4F416E4D8777817C79127FCBFFC,183624154,https://www.kugou.com/yy/rank/home/22-8888.html?from=rank
2026-09-14,2026-09-14T13:04:55+08:00,酷狗音乐,热歌榜,酷狗TOP500,2026-09-14,479,听说当初你找过我,贺一航,,4:06,8853D5BDDDE97FEACFAF65371B68AD57,1969900,https://www.kugou.com/yy/rank/home/22-8888.html?from=rank
2026-09-14,2026-09-14T13:04:55+08:00,酷狗音乐,热歌榜,酷狗TOP500,2026-09-14,480,他一定很爱你,阿杜,,3:31,05E693C88CE84950E159DA62EB1013ED,963634,https://www.kugou.com/yy/rank/home/22-8888.html?from=rank
2026-09-14,2026-09-14T13:04:55+08:00,酷狗音乐,热歌榜,酷狗TOP500,2026-09-14,481,怎么会狠心伤害我,郑源,,4:31,A920AE990FFE0A48E557B30EBC2DC4A1,969284,https://www.kugou.com/yy/rank/home/22-8888.html?from=rank
2026-09-14,2026-09-14T13:04:55+08:00,酷狗音乐,热歌榜,酷狗TOP500,2026-09-14,482,爸爸妈妈,乡野低频,,3:00,C1EF0C54DA1572E05167633D8A267E0E,202573533,https://www.kugou.com/yy/rank/home/22-8888.html?from=rank
2026-09-14,2026-09-14T13:04:55+08:00,酷狗音乐,热歌榜,酷狗TOP500,2026-09-14,483,手写的从前,周杰伦,,4:58,C1992BBF6FB5BB2BB86DECF657509FD3,962593,https://www.kugou.com/yy/rank/home/22-8888.html?from=rank
2026-09-14,2026-09-14T13:04:55+08:00,酷狗音乐,热歌榜,酷狗TOP500,2026-09-14,484,安和桥,宇西,,4:09,BFB6233E7687776800FDA3FD76EBFB41,13667444,https://www.kugou.com/yy/rank/home/22-8888.html?from=rank
2026-09-14,2026-09-14T13:04:55+08:00,酷狗音乐,热歌榜,酷狗TOP500,2026-09-14,485,无赖,郑中基,,4:04,1C8DCCD42F3FA29BB2878E20C90281E3,7547818,https://www.kugou.com/yy/rank/home/23-8888.html?from=rank
2026-09-14,2026-09-14T13:04:55+08:00,酷狗音乐,热歌榜,酷狗TOP500,2026-09-14,486,左转灯 (1000 Times +1),派伟俊、mac ova seas,,3:17,E51ABAF534E7D2BA42DB5604421D4838,164658305,https://www.kugou.com/yy/rank/home/23-8888.html?from=rank
2026-09-14,2026-09-14T13:04:55+08:00,酷狗音乐,热歌榜,酷狗TOP500,2026-09-14,487,天亮以前说再见 (雪花多舍不得冬天),四熹丸子,,3:53,36255921966B48B35A6E31D843C1CDD4,133064388,https://www.kugou.com/yy/rank/home/23-8888.html?from=rank
2026-09-14,2026-09-14T13:04:55+08:00,酷狗音乐,热歌榜,酷狗TOP500,2026-09-14,488,曹操,林俊杰,,4:02,E5CC5B3EFAF927A85B97EDADD3266239,977396,https://www.kugou.com/yy/rank/home/23-8888.html?from=rank
2026-09-14,2026-09-14T13:04:55+08:00,酷狗音乐,热歌榜,酷狗TOP500,2026-09-14,489,江声入旧年,聲無哀樂乐队THEWEAPONS、龚琳娜、杨宗勋,,4:11,CC9C270CD9409E62960A83BC5B28DC6C,172928690,https://www.kugou.com/yy/rank/home/23-8888.html?from=rank
2026-09-14,2026-09-14T13:04:55+08:00,酷狗音乐,热歌榜,酷狗TOP500,2026-09-14,490,千年泪,Tank,,4:20,44267017D31CE619BA68E358A233BA01,557277,https://www.kugou.com/yy/rank/home/23-8888.html?from=rank
2026-09-14,2026-09-14T13:04:55+08:00,酷狗音乐,热歌榜,酷狗TOP500,2026-09-14,491,像鱼,王贰浪,,4:45,6215C5A85B30E53C2E4C20C4DED38D72,13621986,https://www.kugou.com/yy/rank/home/23-8888.html?from=rank
2026-09-14,2026-09-14T13:04:55+08:00,酷狗音乐,热歌榜,酷狗TOP500,2026-09-14,492,下雨天,南拳妈妈,,4:13,947127F991A6A4FF77C89779E6B25AF4,983794,https://www.kugou.com/yy/rank/home/23-8888.html?from=rank
2026-09-14,2026-09-14T13:04:55+08:00,酷狗音乐,热歌榜,酷狗TOP500,2026-09-14,493,Whatever Happens,Michael Jackson,,4:57,C0E4D361A67DE916D8A5990C0EF34479,1786970,https://www.kugou.com/yy/rank/home/23-8888.html?from=rank
2026-09-14,2026-09-14T13:04:55+08:00,酷狗音乐,热歌榜,酷狗TOP500,2026-09-14,494,为爱痴狂 (想要问问你敢不敢),金志文,,2:21,8CA8C420761A7C36FF16DD42FE5D331D,194629486,https://www.kugou.com/yy/rank/home/23-8888.html?from=rank
2026-09-14,2026-09-14T13:04:55+08:00,酷狗音乐,热歌榜,酷狗TOP500,2026-09-14,495,夜空中最亮的星,逃跑计划,,4:12,766877C1D3DD28BE7546506922EA17D7,961718,https://www.kugou.com/yy/rank/home/23-8888.html?from=rank
2026-09-14,2026-09-14T13:04:55+08:00,酷狗音乐,热歌榜,酷狗TOP500,2026-09-14,496,街道,林俊杰,,4:02,D9DF39A88E29EADDB272A4B04393D357,963179,https://www.kugou.com/yy/rank/home/23-8888.html?from=rank
2026-09-14,2026-09-14T13:04:55+08:00,酷狗音乐,热歌榜,酷狗TOP500,2026-09-14,497,红蔷薇白玫瑰 (G.E.M.重生版),G.E.M.邓紫棋,,4:45,FF4AAAE19876C6F2B9B888794FA6E664,150256944,https://www.kugou.com/yy/rank/home/23-8888.html?from=rank
2026-09-14,2026-09-14T13:04:55+08:00,酷狗音乐,热歌榜,酷狗TOP500,2026-09-14,498,Call You Tonight,Whitney Houston,,4:10,3378039942BA822731531F34BACF9CA1,561454,https://www.kugou.com/yy/rank/home/23-8888.html?from=rank
2026-09-14,2026-09-14T13:04:55+08:00,酷狗音乐,热歌榜,酷狗TOP500,2026-09-14,499,秋殇别恋 (男女撕裂对唱),梨子芥菜、戚悦,,4:19,CA8495DA3927226C0A3FBBD6B95B8315,190178204,https://www.kugou.com/yy/rank/home/23-8888.html?from=rank
2026-09-14,2026-09-14T13:04:55+08:00,酷狗音乐,热歌榜,酷狗TOP500,2026-09-14,500,你是朝朝暮暮 (也许来时那段路),许衍,,2:55,86478CE2EAAA92DDBF0A400C15767C1D,206066747,https://www.kugou.com/yy/rank/home/23-8888.html?from=rank
2026-09-14,2026-09-14T13:04:55+08:00,酷狗音乐,飙升榜,酷狗飙升榜,2026-09-14,1,似水流年,张华丽,,4:27,E06EECED0F119F5F1EAD50DE493E309F,196267698,https://www.kugou.com/yy/rank/home/1-6666.html?from=rank
2026-09-14,2026-09-14T13:04:55+08:00,酷狗音乐,飙升榜,酷狗飙升榜,2026-09-14,2,茶花开了，该回家了 (进行曲版),王睿卓、加木,,2:20,36CD2C3277FE6AFCD91BB1C104ABC183,206698328,https://www.kugou.com/yy/rank/home/1-6666.html?from=rank
2026-09-14,2026-09-14T13:04:55+08:00,酷狗音乐,飙升榜,酷狗飙升榜,2026-09-14,3,下个路口有日落,双叶,,3:34,8D439BDC2BC1E4DA7AB155FFBE6F7CAC,151887655,https://www.kugou.com/yy/rank/home/1-6666.html?from=rank
2026-09-14,2026-09-14T13:04:55+08:00,酷狗音乐,飙升榜,酷狗飙升榜,2026-09-14,4,山风山风等等我 (自由对唱版),万海东、张小宝,,3:29,1312E27616BAAA7FAAD4FBFA048E716D,206957534,https://www.kugou.com/yy/rank/home/1-6666.html?from=rank
2026-09-14,2026-09-14T13:04:55+08:00,酷狗音乐,飙升榜,酷狗飙升榜,2026-09-14,5,这一生去流浪,王一佳,,2:16,9DBD746F08159BFD5D966AB68D98037F,204461155,https://www.kugou.com/yy/rank/home/1-6666.html?from=rank
2026-09-14,2026-09-14T13:04:55+08:00,酷狗音乐,飙升榜,酷狗飙升榜,2026-09-14,6,敬自己 (烟嗓女版),魏佳艺,,3:46,F79BE0A7E32E6897F935F28BED4CEB2E,204868463,https://www.kugou.com/yy/rank/home/1-6666.html?from=rank
2026-09-14,2026-09-14T13:04:55+08:00,酷狗音乐,飙升榜,酷狗飙升榜,2026-09-14,7,泪海 (你怎么舍得让我的泪流向海),段俊,,3:24,C990ED71F7E9FC6A11279F1D6DE8F503,206839041,https://www.kugou.com/yy/rank/home/1-6666.html?from=rank
2026-09-14,2026-09-14T13:04:55+08:00,酷狗音乐,飙升榜,酷狗飙升榜,2026-09-14,8,一曲微茫,郁可唯,,3:01,54A24D54257A2752BEB0AEBB8B1E1E9A,207216937,https://www.kugou.com/yy/rank/home/1-6666.html?from=rank
2026-09-14,2026-09-14T13:04:55+08:00,酷狗音乐,飙升榜,酷狗飙升榜,2026-09-14,9,如果回到那从前 (人生的故事),陈婉菁、林泳彤,,3:19,1D688FD434DDF0A419CFF3B687B32AAB,207279009,https://www.kugou.com/yy/rank/home/1-6666.html?from=rank
2026-09-14,2026-09-14T13:04:55+08:00,酷狗音乐,飙升榜,酷狗飙升榜,2026-09-14,10,我愿深情永不变 (别无选择),刘纯,,3:17,6BF3456EEAC1744C979A723B57CA4AB4,207288900,https://www.kugou.com/yy/rank/home/1-6666.html?from=rank
2026-09-14,2026-09-14T13:04:55+08:00,酷狗音乐,飙升榜,酷狗飙升榜,2026-09-14,11,故乡的月光,袁小葳,,3:32,8779DF86B8EE9786FB0D53C91B212637,207321603,https://www.kugou.com/yy/rank/home/1-6666.html?from=rank
2026-09-14,2026-09-14T13:04:55+08:00,酷狗音乐,飙升榜,酷狗飙升榜,2026-09-14,12,今生不遗憾,陈瑞,,4:14,904D30B867F374F99C637309232CC9A2,207338862,https://www.kugou.com/yy/rank/home/1-6666.html?from=rank
2026-09-14,2026-09-14T13:04:55+08:00,酷狗音乐,飙升榜,酷狗飙升榜,2026-09-14,13,大梦归,周深,,3:49,FCEDAF78465CD283E1DA72A8DEAC553A,206967328,https://www.kugou.com/yy/rank/home/1-6666.html?from=rank
2026-09-14,2026-09-14T13:04:55+08:00,酷狗音乐,飙升榜,酷狗飙升榜,2026-09-14,14,拉萨之约,孙楠,,4:08,AE85958224F87099CF74F679C183D3C6,207206272,https://www.kugou.com/yy/rank/home/1-6666.html?from=rank
2026-09-14,2026-09-14T13:04:55+08:00,酷狗音乐,飙升榜,酷狗飙升榜,2026-09-14,15,再见太难,印子月,,4:28,845C03349FCCAAE4C691914982B741D6,207321021,https://www.kugou.com/yy/rank/home/1-6666.html?from=rank
2026-09-14,2026-09-14T13:04:55+08:00,酷狗音乐,飙升榜,酷狗飙升榜,2026-09-14,16,山风山风等等我 (旷野对唱版),金钰双双、金元哥,,3:29,F6B806F74E50369625B33971C95C1862,207273062,https://www.kugou.com/yy/rank/home/1-6666.html?from=rank
2026-09-14,2026-09-14T13:04:55+08:00,酷狗音乐,飙升榜,酷狗飙升榜,2026-09-14,17,飞鸟Remix,宝石Gem、安达组合,,5:32,5F0CE32EBC864842A452DD66710A7897,207295209,https://www.kugou.com/yy/rank/home/1-6666.html?from=rank
2026-09-14,2026-09-14T13:04:55+08:00,酷狗音乐,飙升榜,酷狗飙升榜,2026-09-14,18,你是我等不到的人,正在进行石女士,,3:20,209C509F4AA8E0D08CF72CEF318D390A,207205305,https://www.kugou.com/yy/rank/home/1-6666.html?from=rank
2026-09-14,2026-09-14T13:04:55+08:00,酷狗音乐,飙升榜,酷狗飙升榜,2026-09-14,19,就停在,段奥娟,,3:30,7807A84AFC45BF2C0B7A96FFA3015BE5,206824401,https://www.kugou.com/yy/rank/home/1-6666.html?from=rank
2026-09-14,2026-09-14T13:04:55+08:00,酷狗音乐,飙升榜,酷狗飙升榜,2026-09-14,20,半生潦倒怎敢遇良人 (释怀版),锦上,,2:42,0E7AE791EED2325346EF3F83D81C1D74,207338899,https://www.kugou.com/yy/rank/home/1-6666.html?from=rank
2026-09-14,2026-09-14T13:04:55+08:00,酷狗音乐,飙升榜,酷狗飙升榜,2026-09-14,21,家,龙小彤、小小,,3:15,105E9B4C7E373E31B8AF32E514C6B49E,206706030,https://www.kugou.com/yy/rank/home/1-6666.html?from=rank
2026-09-14,2026-09-14T13:04:55+08:00,酷狗音乐,飙升榜,酷狗飙升榜,2026-09-14,22,我等的不是花开,坠.,,3:02,70ACDE4D2CED3556FC0710086313822C,91245392,https://www.kugou.com/yy/rank/home/1-6666.html?from=rank
2026-09-14,2026-09-14T13:04:55+08:00,酷狗音乐,飙升榜,酷狗飙升榜,2026-09-14,23,往事如烟​,魏佳艺,,4:21,102C01CBB4A63A9FC477FBF8EA5EC7AD,206673788,https://www.kugou.com/yy/rank/home/2-6666.html?from=rank
2026-09-14,2026-09-14T13:04:55+08:00,酷狗音乐,飙升榜,酷狗飙升榜,2026-09-14,24,茶汤,郁可唯,,5:09,187D31F57E1B299AFA2880635B20F69A,4012536,https://www.kugou.com/yy/rank/home/2-6666.html?from=rank
2026-09-14,2026-09-14T13:04:55+08:00,酷狗音乐,飙升榜,酷狗飙升榜,2026-09-14,25,等下完这场雨 (男版),烟嗓船长,,2:45,156C9D36B5974FAD304BD171024B2FB7,207353466,https://www.kugou.com/yy/rank/home/2-6666.html?from=rank
2026-09-14,2026-09-14T13:04:55+08:00,酷狗音乐,飙升榜,酷狗飙升榜,2026-09-14,26,护你一世安好 (万人演唱会live版),沧桑小杰office,,3:48,000468DD0998D3547869FD86A698F310,207272856,https://www.kugou.com/yy/rank/home/2-6666.html?from=rank
2026-09-14,2026-09-14T13:04:55+08:00,酷狗音乐,飙升榜,酷狗飙升榜,2026-09-14,27,中枪,朴惠子,,3:34,7F4F574949F5B66F53C3B2FAA6DF8B0B,207407837,https://www.kugou.com/yy/rank/home/2-6666.html?from=rank
2026-09-14,2026-09-14T13:04:55+08:00,酷狗音乐,飙升榜,酷狗飙升榜,2026-09-14,28,你的情话终究变了卦 (遗憾),DJ铁柱、DJ小吊带,,3:06,1F9311FDA783A91D583C2A5A0DFF8F97,207328481,https://www.kugou.com/yy/rank/home/2-6666.html?from=rank
2026-09-14,2026-09-14T13:04:55+08:00,酷狗音乐,飙升榜,酷狗飙升榜,2026-09-14,29,岁岁朝朝伴我好吗 (我会牵着你手同进退),天灰灰、拖鞋pd,,2:37,450455CB122602361BC5E8C0C66CE9EB,203556514,https://www.kugou.com/yy/rank/home/2-6666.html?from=rank
2026-09-14,2026-09-14T13:04:55+08:00,酷狗音乐,飙升榜,酷狗飙升榜,2026-09-14,30,想你一次 心挨一刀,阿斌斌,,3:05,963AEE3DBA54DAA5AC4CC51E0A006346,198847746,https://www.kugou.com/yy/rank/home/2-6666.html?from=rank
2026-09-14,2026-09-14T13:04:55+08:00,酷狗音乐,飙升榜,酷狗飙升榜,2026-09-14,31,散去的雨季,KeyKey,,3:25,0BCE061B929AFCF197F9EFCF9948B18F,206900018,https://www.kugou.com/yy/rank/home/2-6666.html?from=rank
2026-09-14,2026-09-14T13:04:55+08:00,酷狗音乐,飙升榜,酷狗飙升榜,2026-09-14,32,WOLF GANG LIFE IV,那奇沃夫,,2:18,19FDCA1AC3202848793AF17575447BDE,207052029,https://www.kugou.com/yy/rank/home/2-6666.html?from=rank
2026-09-14,2026-09-14T13:04:55+08:00,酷狗音乐,飙升榜,酷狗飙升榜,2026-09-14,33,我恨明月不照我,阿YueYue,,4:12,B1B259EEA7E93DE5F6C759BA6C45777C,172322576,https://www.kugou.com/yy/rank/home/2-6666.html?from=rank
2026-09-14,2026-09-14T13:04:55+08:00,酷狗音乐,飙升榜,酷狗飙升榜,2026-09-14,34,看淡,郭少杰,,3:54,D87213D5DB419546410FDFD34080E9D4,207316956,https://www.kugou.com/yy/rank/home/2-6666.html?from=rank
2026-09-14,2026-09-14T13:04:55+08:00,酷狗音乐,飙升榜,酷狗飙升榜,2026-09-14,35,晚风带走难过,王樾安,,3:33,E52C049E1886077A6C0472C59D87D02D,206571741,https://www.kugou.com/yy/rank/home/2-6666.html?from=rank
2026-09-14,2026-09-14T13:04:55+08:00,酷狗音乐,飙升榜,酷狗飙升榜,2026-09-14,36,孟婆孟婆再来一碗汤,杨不乖,,3:16,5981DEA47494E9766668DB04F8C20F1C,207337842,https://www.kugou.com/yy/rank/home/2-6666.html?from=rank
2026-09-14,2026-09-14T13:04:55+08:00,酷狗音乐,飙升榜,酷狗飙升榜,2026-09-14,37,这一生走到了秋天 (男版),郑畅业,,3:37,D49931B0DBF0DF2FE6492AC7F68B8517,207339514,https://www.kugou.com/yy/rank/home/2-6666.html?from=rank
2026-09-14,2026-09-14T13:04:55+08:00,酷狗音乐,飙升榜,酷狗飙升榜,2026-09-14,38,重生之光 (鼓点律动版),La Mer、YYYu,,2:22,46FC2DE9A3551FEFE0EDB014E1A393DC,206042738,https://www.kugou.com/yy/rank/home/2-6666.html?from=rank
2026-09-14,2026-09-14T13:04:55+08:00,酷狗音乐,飙升榜,酷狗飙升榜,2026-09-14,39,花开满篱院,谭松韵,,3:05,6596FE368E65BF2CA0225590E2C5A422,207073915,https://www.kugou.com/yy/rank/home/2-6666.html?from=rank
2026-09-14,2026-09-14T13:04:55+08:00,酷狗音乐,飙升榜,酷狗飙升榜,2026-09-14,40,她是我的白月光,枷锁.,,2:01,D4330F962AF5247B5B8617E3A665C66B,207244587,https://www.kugou.com/yy/rank/home/2-6666.html?from=rank
2026-09-14,2026-09-14T13:04:55+08:00,酷狗音乐,飙升榜,酷狗飙升榜,2026-09-14,41,我借山风望故乡 (一夜凉风起一晃又一秋),刘纯,,3:31,ED6E43F33C2914A7190E34430C069430,207382242,https://www.kugou.com/yy/rank/home/2-6666.html?from=rank
2026-09-14,2026-09-14T13:04:55+08:00,酷狗音乐,飙升榜,酷狗飙升榜,2026-09-14,42,敬岁月一杯酒 (人生没有白走的路),老韩很哇塞,,3:30,3BE9AFE6DD98F6A87CBE71D2881066CD,207374689,https://www.kugou.com/yy/rank/home/2-6666.html?from=rank
2026-09-14,2026-09-14T13:04:55+08:00,酷狗音乐,飙升榜,酷狗飙升榜,2026-09-14,43,小小的一片云 (氛围版),泥小蝶bye,,3:18,B5A9A210C06F18FE996F16AF5E026E62,205700202,https://www.kugou.com/yy/rank/home/2-6666.html?from=rank
2026-09-14,2026-09-14T13:04:55+08:00,酷狗音乐,飙升榜,酷狗飙升榜,2026-09-14,44,我为爱情掉过几滴泪,烟嗓船长,,3:38,A2D6F60F8EC58936E1B0C710668F394B,207316898,https://www.kugou.com/yy/rank/home/2-6666.html?from=rank
2026-09-14,2026-09-14T13:04:55+08:00,酷狗音乐,飙升榜,酷狗飙升榜,2026-09-14,45,深夜醉了多少回 (意难平),DJ铁柱、DJ小吊带,,2:31,92DEEE3B7CE61B666E7F6D411E54397B,207395082,https://www.kugou.com/yy/rank/home/3-6666.html?from=rank
2026-09-14,2026-09-14T13:04:55+08:00,酷狗音乐,飙升榜,酷狗飙升榜,2026-09-14,46,假如时光回转 (真正的成长),刘纯,,3:26,46F07FFD5D25461A30EA804DB5CAC3C3,207374680,https://www.kugou.com/yy/rank/home/3-6666.html?from=rank
2026-09-14,2026-09-14T13:04:55+08:00,酷狗音乐,飙升榜,酷狗飙升榜,2026-09-14,47,记忆相册,葛雨晴,,3:19,713F5B0440746D826A423B61A0E12251,207319436,https://www.kugou.com/yy/rank/home/3-6666.html?from=rank
2026-09-14,2026-09-14T13:04:55+08:00,酷狗音乐,飙升榜,酷狗飙升榜,2026-09-14,48,身边人不是爱的人,千百顺,,3:47,93AAF95034731863A0A5574F8CAA8D0F,205433351,https://www.kugou.com/yy/rank/home/3-6666.html?from=rank
2026-09-14,2026-09-14T13:04:55+08:00,酷狗音乐,飙升榜,酷狗飙升榜,2026-09-14,49,秋风起,沈谧仁,,3:41,6D756F8E2DB75F88202CFF290D90294A,207325937,https://www.kugou.com/yy/rank/home/3-6666.html?from=rank
2026-09-14,2026-09-14T13:04:55+08:00,酷狗音乐,飙升榜,酷狗飙升榜,2026-09-14,50,Avery Bay,京仔,,4:22,2D91233D5EAE8F316E932E53B3090262,207311470,https://www.kugou.com/yy/rank/home/3-6666.html?from=rank
2026-09-14,2026-09-14T13:04:55+08:00,酷狗音乐,飙升榜,酷狗飙升榜,2026-09-14,51,终冕,洛天依,,3:48,CA69F9E00C4D62117846CEAABD81B4CC,207353421,https://www.kugou.com/yy/rank/home/3-6666.html?from=rank
2026-09-14,2026-09-14T13:04:55+08:00,酷狗音乐,飙升榜,酷狗飙升榜,2026-09-14,52,菩提劝我莫回头,邵洪,,3:36,46CD6D557BFA0670D56780F3A55D0230,206956432,https://www.kugou.com/yy/rank/home/3-6666.html?from=rank
2026-09-14,2026-09-14T13:04:55+08:00,酷狗音乐,飙升榜,酷狗飙升榜,2026-09-14,53,﻿阿哥阿哥好爱你 (现场版),彭妃妃,,2:28,56B659A77EFE90501A956B2D0096A920,207250301,https://www.kugou.com/yy/rank/home/3-6666.html?from=rank
2026-09-14,2026-09-14T13:04:55+08:00,酷狗音乐,飙升榜,酷狗飙升榜,2026-09-14,54,梦醒了 (Acoustic),那英,,4:16,3B283619FE72CCD7A1DA4CF94970DDE9,973606,https://www.kugou.com/yy/rank/home/3-6666.html?from=rank
2026-09-14,2026-09-14T13:04:55+08:00,酷狗音乐,飙升榜,酷狗飙升榜,2026-09-14,55,唱别久悲不成悲 (十分红处竟成灰),江唔眠,,2:02,38546571CE9D2B57FDC19DB5CA445CFE,201676271,https://www.kugou.com/yy/rank/home/3-6666.html?from=rank
2026-09-14,2026-09-14T13:04:55+08:00,酷狗音乐,飙升榜,酷狗飙升榜,2026-09-14,56,深夜醉了多少回 (偏爱),小云-满羿名车,,2:50,52153A954186C6F6E097732603C7C921,207371415,https://www.kugou.com/yy/rank/home/3-6666.html?from=rank
2026-09-14,2026-09-14T13:04:55+08:00,酷狗音乐,飙升榜,酷狗飙升榜,2026-09-14,57,可惜我没遇上董小姐 (红尘酒馆民谣live走心合唱版),7pastes、Allie艾梨,,3:54,96FB3A577F678AB3160D28EF26343DB5,206246487,https://www.kugou.com/yy/rank/home/3-6666.html?from=rank
2026-09-14,2026-09-14T13:04:55+08:00,酷狗音乐,飙升榜,酷狗飙升榜,2026-09-14,58,今生缘太浅 (匆匆离开),陈婉菁、林泳彤,,3:20,6223A0A9E8B3D3CA18B3E2C47F18F35D,207278991,https://www.kugou.com/yy/rank/home/3-6666.html?from=rank
2026-09-14,2026-09-14T13:04:55+08:00,酷狗音乐,飙升榜,酷狗飙升榜,2026-09-14,59,生理性喜欢,BY2,,3:42,3C60528DBD93DDE4E497C90D8AB2F143,207237809,https://www.kugou.com/yy/rank/home/3-6666.html?from=rank
2026-09-14,2026-09-14T13:04:55+08:00,酷狗音乐,飙升榜,酷狗飙升榜,2026-09-14,60,Time is broken (宿命氛围),Sitan,,3:03,6847954BD217F54097AA5CF380D6E52C,204346266,https://www.kugou.com/yy/rank/home/3-6666.html?from=rank
2026-09-14,2026-09-14T13:04:55+08:00,酷狗音乐,飙升榜,酷狗飙升榜,2026-09-14,61,海与你 (氛围版),Key,,4:59,759387088F33C5FCA1FCCB5224D2660F,202987992,https://www.kugou.com/yy/rank/home/3-6666.html?from=rank
2026-09-14,2026-09-14T13:04:55+08:00,酷狗音乐,飙升榜,酷狗飙升榜,2026-09-14,62,山风不语,李琦,,2:53,B97ED08282533E429B6626A294EB67EF,207300018,https://www.kugou.com/yy/rank/home/3-6666.html?from=rank
2026-09-14,2026-09-14T13:04:55+08:00,酷狗音乐,飙升榜,酷狗飙升榜,2026-09-14,63,自我欺骗,陈默之,,3:49,879B7F586F25B24E4AB1960CF7DE355E,207250168,https://www.kugou.com/yy/rank/home/3-6666.html?from=rank
2026-09-14,2026-09-14T13:04:55+08:00,酷狗音乐,飙升榜,酷狗飙升榜,2026-09-14,64,东岳问道,音频怪物,,3:48,3D305CCE2C757D437C2107BF99BB6848,207079341,https://www.kugou.com/yy/rank/home/3-6666.html?from=rank
2026-09-14,2026-09-14T13:04:55+08:00,酷狗音乐,飙升榜,酷狗飙升榜,2026-09-14,65,王子系变装安排上了 (令我痴令我癫),白日梦画家、Ikeu,,2:45,FAD167E0E51112BB2F7C91F950B411D9,207233289,https://www.kugou.com/yy/rank/home/3-6666.html?from=rank
2026-09-14,2026-09-14T13:04:55+08:00,酷狗音乐,飙升榜,酷狗飙升榜,2026-09-14,66,爱像蓝鲸,是晚星呀、小宇Cosmos,,3:29,536331C75FF8F876533D73FF759A3323,183329789,https://www.kugou.com/yy/rank/home/3-6666.html?from=rank
2026-09-14,2026-09-14T13:04:55+08:00,酷狗音乐,飙升榜,酷狗飙升榜,2026-09-14,67,晚风吹起这残梦,洛天依,,4:06,E994622195226398E4D3A5131D266AE1,207353304,https://www.kugou.com/yy/rank/home/4-6666.html?from=rank
2026-09-14,2026-09-14T13:04:55+08:00,酷狗音乐,飙升榜,酷狗飙升榜,2026-09-14,68,别怕亲爱的有我呢,蓝凯路,,2:24,DA7BB5901F3D343A72FA45C7205C2FE8,167869605,https://www.kugou.com/yy/rank/home/4-6666.html?from=rank
2026-09-14,2026-09-14T13:04:55+08:00,酷狗音乐,飙升榜,酷狗飙升榜,2026-09-14,69,深夜的一杯酒,星频 Echo、京仔、律引,,4:10,C61067976ECCF50A0377B941F4754167,207312867,https://www.kugou.com/yy/rank/home/4-6666.html?from=rank
2026-09-14,2026-09-14T13:04:55+08:00,酷狗音乐,飙升榜,酷狗飙升榜,2026-09-14,70,捉影,王贰浪,,4:48,13C94FA92FF404E5F520ED3B174020A8,207212832,https://www.kugou.com/yy/rank/home/4-6666.html?from=rank
2026-09-14,2026-09-14T13:04:55+08:00,酷狗音乐,飙升榜,酷狗飙升榜,2026-09-14,71,愤怒莲师金刚铠甲心咒,卢润泽,,3:22,FF832728B12B069164CC6D77258C08A9,207408887,https://www.kugou.com/yy/rank/home/4-6666.html?from=rank
2026-09-14,2026-09-14T13:04:55+08:00,酷狗音乐,飙升榜,酷狗飙升榜,2026-09-14,72,芦笛吹走少年郎,窝窝,,3:04,44C82C811A46C0DC3CA05281939BF781,154382726,https://www.kugou.com/yy/rank/home/4-6666.html?from=rank
2026-09-14,2026-09-14T13:04:55+08:00,酷狗音乐,飙升榜,酷狗飙升榜,2026-09-14,73,来世别再相遇 (已满身伤痕),杨瑜婷,,4:00,1E78B8EF1BBD0C1B758092809613842E,207358588,https://www.kugou.com/yy/rank/home/4-6666.html?from=rank
2026-09-14,2026-09-14T13:04:55+08:00,酷狗音乐,飙升榜,酷狗飙升榜,2026-09-14,74,红尘疾苦 (烟嗓版),常超凡,,3:11,FAE140396A5D79EB53E3107015BF9E2C,207353665,https://www.kugou.com/yy/rank/home/4-6666.html?from=rank
2026-09-14,2026-09-14T13:04:55+08:00,酷狗音乐,飙升榜,酷狗飙升榜,2026-09-14,75,请相信,张诗莉、CHECKYHON,,2:55,3347ACFE83D6FA0C55042C42E1B1B398,82152262,https://www.kugou.com/yy/rank/home/4-6666.html?from=rank
2026-09-14,2026-09-14T13:04:55+08:00,酷狗音乐,飙升榜,酷狗飙升榜,2026-09-14,76,甲乙丙丁,七分可可,,3:48,0B96FEEB51604A6904899D0C618F446D,197347781,https://www.kugou.com/yy/rank/home/4-6666.html?from=rank
2026-09-14,2026-09-14T13:04:55+08:00,酷狗音乐,飙升榜,酷狗飙升榜,2026-09-14,77,中秋赏月庆团圆,马书乐,,3:22,68B2375880AB4EBB9CB2390BE1B3B6D2,206751787,https://www.kugou.com/yy/rank/home/4-6666.html?from=rank
2026-09-14,2026-09-14T13:04:55+08:00,酷狗音乐,飙升榜,酷狗飙升榜,2026-09-14,78,你是朝朝暮暮 (深情版),PAMajor,,3:32,11455041580808E4B96AAE7D53656DB2,205889576,https://www.kugou.com/yy/rank/home/4-6666.html?from=rank
2026-09-14,2026-09-14T13:04:55+08:00,酷狗音乐,飙升榜,酷狗飙升榜,2026-09-14,79,易碎的爱,莴笋超人,,3:23,006BF6A9DEE26B3F0000522CDD0AEC34,184430745,https://www.kugou.com/yy/rank/home/4-6666.html?from=rank
2026-09-14,2026-09-14T13:04:55+08:00,酷狗音乐,飙升榜,酷狗飙升榜,2026-09-14,80,儿时的村落 (少年版),彼得飞,,3:18,B880D4C1D809F4FB13BA902DBB588D42,204973182,https://www.kugou.com/yy/rank/home/4-6666.html?from=rank
2026-09-14,2026-09-14T13:04:55+08:00,酷狗音乐,飙升榜,酷狗飙升榜,2026-09-14,81,我尝试去接触新的人,霓秋光、雾沉序,,1:59,2553C7666307923A23D307592410BF3F,207229199,https://www.kugou.com/yy/rank/home/4-6666.html?from=rank
2026-09-14,2026-09-14T13:04:55+08:00,酷狗音乐,飙升榜,酷狗飙升榜,2026-09-14,82,There's Nothing Holdin' Me Back,Shawn Mendes,,3:19,5B1DF071443A117C51D04F315E97DDFC,207270531,https://www.kugou.com/yy/rank/home/4-6666.html?from=rank
2026-09-14,2026-09-14T13:04:55+08:00,酷狗音乐,飙升榜,酷狗飙升榜,2026-09-14,83,与君别,星频 Echo、京仔、律引,,3:35,EBA02F8F303622DAE4AF913FCEFA1C54,207312865,https://www.kugou.com/yy/rank/home/4-6666.html?from=rank
2026-09-14,2026-09-14T13:04:55+08:00,酷狗音乐,飙升榜,酷狗飙升榜,2026-09-14,84,The Road I Choose,京仔,,3:39,63872E27618CFF5655BF9D0E1D17C799,207310714,https://www.kugou.com/yy/rank/home/4-6666.html?from=rank
2026-09-14,2026-09-14T13:04:55+08:00,酷狗音乐,飙升榜,酷狗飙升榜,2026-09-14,85,我愿意 (Remastered 2026),张国荣,,4:03,28E32FF9DCE63A25BE32062D9557F98B,207242302,https://www.kugou.com/yy/rank/home/4-6666.html?from=rank
2026-09-14,2026-09-14T13:04:55+08:00,酷狗音乐,飙升榜,酷狗飙升榜,2026-09-14,86,我敬往事这一杯 (和我相处很累就放弃我),DJ铁柱、DJ小吊带,,3:41,4FDA20EDBBFF3587CD942DA5DEE303B1,207407338,https://www.kugou.com/yy/rank/home/4-6666.html?from=rank
2026-09-14,2026-09-14T13:04:55+08:00,酷狗音乐,飙升榜,酷狗飙升榜,2026-09-14,87,虚拟 (画一幅画),宿命恋人,,2:30,9B8CF57A29164CFC3072EDFD61E71CC7,206341926,https://www.kugou.com/yy/rank/home/4-6666.html?from=rank
2026-09-14,2026-09-14T13:04:55+08:00,酷狗音乐,飙升榜,酷狗飙升榜,2026-09-14,88,花开花落 (Live),弹壳,,4:18,70245B551DB0D2792967E335194B6B9C,207447356,https://www.kugou.com/yy/rank/home/4-6666.html?from=rank
2026-09-14,2026-09-14T13:04:55+08:00,酷狗音乐,飙升榜,酷狗飙升榜,2026-09-14,89,寂寞的酒 (慢慢放下),DJ铁柱、DJ小吊带,,2:51,58BEF17979A6472B7ADCB5DE4E5D59F4,207305217,https://www.kugou.com/yy/rank/home/5-6666.html?from=rank
2026-09-14,2026-09-14T13:04:55+08:00,酷狗音乐,飙升榜,酷狗飙升榜,2026-09-14,90,回到小村落 (女声版),吕口口,,3:45,78559FD59F34EEFCAF7A9593ACEFE54D,204464046,https://www.kugou.com/yy/rank/home/5-6666.html?from=rank
2026-09-14,2026-09-14T13:04:55+08:00,酷狗音乐,飙升榜,酷狗飙升榜,2026-09-14,91,两清,烟嗓船长,,3:40,0E75F6564A941BC2FD98258A669BB50A,204998661,https://www.kugou.com/yy/rank/home/5-6666.html?from=rank
2026-09-14,2026-09-14T13:04:55+08:00,酷狗音乐,飙升榜,酷狗飙升榜,2026-09-14,92,缺情愁,歪歌闲曲,,2:38,445BE5DC40E180027ADCD537B2CDC740,207297830,https://www.kugou.com/yy/rank/home/5-6666.html?from=rank
2026-09-14,2026-09-14T13:04:55+08:00,酷狗音乐,飙升榜,酷狗飙升榜,2026-09-14,93,Someone to Love (挚爱之人)(Live),严浩翔,,3:50,89773F73EF00AB89234C16971C29D632,207447356,https://www.kugou.com/yy/rank/home/5-6666.html?from=rank
2026-09-14,2026-09-14T13:04:55+08:00,酷狗音乐,飙升榜,酷狗飙升榜,2026-09-14,94,可是我们,汤倩,,3:42,7845C00B4789F3BBEEA2A9C2219165BE,54748895,https://www.kugou.com/yy/rank/home/5-6666.html?from=rank
2026-09-14,2026-09-14T13:04:55+08:00,酷狗音乐,飙升榜,酷狗飙升榜,2026-09-14,95,两不相欠,一清清清,,3:05,3CFB64D17DBB8868B79E4104C453F030,206801358,https://www.kugou.com/yy/rank/home/5-6666.html?from=rank
2026-09-14,2026-09-14T13:04:55+08:00,酷狗音乐,飙升榜,酷狗飙升榜,2026-09-14,96,城南的风吹到了城北,李发发,,3:08,F9E3B0DA61E48052CE23D87A6EDC282E,108021803,https://www.kugou.com/yy/rank/home/5-6666.html?from=rank
2026-09-14,2026-09-14T13:04:55+08:00,酷狗音乐,飙升榜,酷狗飙升榜,2026-09-14,97,逆行 (inst)(纯音乐),SovinVeyr,,3:08,8C32F723E64D30736F46580E9CBF6A35,206067643,https://www.kugou.com/yy/rank/home/5-6666.html?from=rank
2026-09-14,2026-09-14T13:04:55+08:00,酷狗音乐,飙升榜,酷狗飙升榜,2026-09-14,98,眼泪最懂,六哲,,4:16,B3D663C987348225A9B194C8B9671C25,526790,https://www.kugou.com/yy/rank/home/5-6666.html?from=rank
2026-09-14,2026-09-14T13:04:55+08:00,酷狗音乐,飙升榜,酷狗飙升榜,2026-09-14,99,时过境迁的伤悲 (节奏版),拖鞋pd、Andree Son,,2:03,DEADF97666FD8B594C41C57C8BE12EEE,207203173,https://www.kugou.com/yy/rank/home/5-6666.html?from=rank
2026-09-14,2026-09-14T13:04:55+08:00,酷狗音乐,飙升榜,酷狗飙升榜,2026-09-14,100,怪你善良从不设防,沧桑小杰office,,3:12,2C8C247F4B8E7D06D678F1FBE87D9C5B,207272885,https://www.kugou.com/yy/rank/home/5-6666.html?from=rank
2026-09-14,2026-09-14T13:04:55+08:00,微博,热搜榜,微博热搜榜,,1,野人先生 冷处理,民生新闻,热度 2681240；新,,野人先生 冷处理,,https://s.weibo.com/weibo?q=%23%E9%87%8E%E4%BA%BA%E5%85%88%E7%94%9F%20%E5%86%B7%E5%A4%84%E7%90%86%23
2026-09-14,2026-09-14T13:04:55+08:00,微博,热搜榜,微博热搜榜,,2,罗永浩 野人先生西贝,互联网,热度 1818917；热,,罗永浩 野人先生西贝,,https://s.weibo.com/weibo?q=%23%E7%BD%97%E6%B0%B8%E6%B5%A9%20%E9%87%8E%E4%BA%BA%E5%85%88%E7%94%9F%E8%A5%BF%E8%B4%9D%23
2026-09-14,2026-09-14T13:04:55+08:00,微博,热搜榜,微博热搜榜,,3,2026年国家网络安全宣传周,民生新闻,热度 1748208,,2026年国家网络安全宣传周,,https://s.weibo.com/weibo?q=%232026%E5%B9%B4%E5%9B%BD%E5%AE%B6%E7%BD%91%E7%BB%9C%E5%AE%89%E5%85%A8%E5%AE%A3%E4%BC%A0%E5%91%A8%23
2026-09-14,2026-09-14T13:04:55+08:00,微博,热搜榜,微博热搜榜,,4,原来体制内的工作留痕天花板长这样,幽默,热度 1688335；新,,原来体制内的工作留痕天花板长这样,,https://s.weibo.com/weibo?q=%23%E5%8E%9F%E6%9D%A5%E4%BD%93%E5%88%B6%E5%86%85%E7%9A%84%E5%B7%A5%E4%BD%9C%E7%95%99%E7%97%95%E5%A4%A9%E8%8A%B1%E6%9D%BF%E9%95%BF%E8%BF%99%E6%A0%B7%23
2026-09-14,2026-09-14T13:04:55+08:00,微博,热搜榜,微博热搜榜,,5,上5休1上5休3上3休7上3休1,民生新闻,热度 1195278；热,,上5休1上5休3上3休7上3休1,,https://s.weibo.com/weibo?q=%23%E4%B8%8A5%E4%BC%911%E4%B8%8A5%E4%BC%913%E4%B8%8A3%E4%BC%917%E4%B8%8A3%E4%BC%911%23
2026-09-14,2026-09-14T13:04:55+08:00,微博,热搜榜,微博热搜榜,,6,人无法写出自己没经历过的事,读书作家,热度 843533；新,,人无法写出自己没经历过的事,,https://s.weibo.com/weibo?q=%23%E4%BA%BA%E6%97%A0%E6%B3%95%E5%86%99%E5%87%BA%E8%87%AA%E5%B7%B1%E6%B2%A1%E7%BB%8F%E5%8E%86%E8%BF%87%E7%9A%84%E4%BA%8B%23
2026-09-14,2026-09-14T13:04:55+08:00,微博,热搜榜,微博热搜榜,,7,程序员一条代码删掉89TB数据获刑,互联网,热度 522541；新,,程序员一条代码删掉89TB数据获刑,,https://s.weibo.com/weibo?q=%23%E7%A8%8B%E5%BA%8F%E5%91%98%E4%B8%80%E6%9D%A1%E4%BB%A3%E7%A0%81%E5%88%A0%E6%8E%8989TB%E6%95%B0%E6%8D%AE%E8%8E%B7%E5%88%91%23
2026-09-14,2026-09-14T13:04:55+08:00,微博,热搜榜,微博热搜榜,,8,心动的信号,剧集,热度 433457；新,,心动的信号,综艺,https://s.weibo.com/weibo?q=%23%E5%BF%83%E5%8A%A8%E7%9A%84%E4%BF%A1%E5%8F%B7%23
2026-09-14,2026-09-14T13:04:55+08:00,微博,热搜榜,微博热搜榜,,9,中国男篮vs菲律宾男篮,体育,热度 411858；新,,中国男篮vs菲律宾男篮,,https://s.weibo.com/weibo?q=%23%E4%B8%AD%E5%9B%BD%E7%94%B7%E7%AF%AEvs%E8%8F%B2%E5%BE%8B%E5%AE%BE%E7%94%B7%E7%AF%AE%23
2026-09-14,2026-09-14T13:04:55+08:00,微博,热搜榜,微博热搜榜,,10,周也一瓯春鬼气好足,剧集,热度 307828,,周也一瓯春鬼气好足,剧集,https://s.weibo.com/weibo?q=%23%E5%91%A8%E4%B9%9F%E4%B8%80%E7%93%AF%E6%98%A5%E9%AC%BC%E6%B0%94%E5%A5%BD%E8%B6%B3%23
2026-09-14,2026-09-14T13:04:55+08:00,微博,热搜榜,微博热搜榜,,11,英国 分裂,国际时政,热度 307728；热,,英国 分裂,,https://s.weibo.com/weibo?q=%23%E8%8B%B1%E5%9B%BD%20%E5%88%86%E8%A3%82%23
2026-09-14,2026-09-14T13:04:55+08:00,微博,热搜榜,微博热搜榜,,12,英国解体 福尔摩斯归属,国际时政,热度 300630,,英国解体 福尔摩斯归属,,https://s.weibo.com/weibo?q=%23%E8%8B%B1%E5%9B%BD%E8%A7%A3%E4%BD%93%20%E7%A6%8F%E5%B0%94%E6%91%A9%E6%96%AF%E5%BD%92%E5%B1%9E%23
2026-09-14,2026-09-14T13:04:55+08:00,微博,热搜榜,微博热搜榜,,13,A股,财经,热度 299125；新,,A股,,https://s.weibo.com/weibo?q=%23A%E8%82%A1%23
2026-09-14,2026-09-14T13:04:55+08:00,微博,热搜榜,微博热搜榜,,14,曝有个喜人演员被粉丝打了,艺人,热度 294695；热,,曝有个喜人演员被粉丝打了,,https://s.weibo.com/weibo?q=%23%E6%9B%9D%E6%9C%89%E4%B8%AA%E5%96%9C%E4%BA%BA%E6%BC%94%E5%91%98%E8%A2%AB%E7%B2%89%E4%B8%9D%E6%89%93%E4%BA%86%23
2026-09-14,2026-09-14T13:04:55+08:00,微博,热搜榜,微博热搜榜,,15,井柏然送孙千的衣服代言人是刘雯,艺人,热度 292171,,井柏然送孙千的衣服代言人是刘雯,"['孙千', '井柏然', '刘雯']",https://s.weibo.com/weibo?q=%23%E4%BA%95%E6%9F%8F%E7%84%B6%E9%80%81%E5%AD%99%E5%8D%83%E7%9A%84%E8%A1%A3%E6%9C%8D%E4%BB%A3%E8%A8%80%E4%BA%BA%E6%98%AF%E5%88%98%E9%9B%AF%23
2026-09-14,2026-09-14T13:04:55+08:00,微博,热搜榜,微博热搜榜,,16,英国遭反噬,民生新闻,热度 287838,,英国遭反噬,,https://s.weibo.com/weibo?q=%23%E8%8B%B1%E5%9B%BD%E9%81%AD%E5%8F%8D%E5%99%AC%23
2026-09-14,2026-09-14T13:04:55+08:00,微博,热搜榜,微博热搜榜,,17,曝TOP不会解散,艺人,热度 285441；新,,曝TOP不会解散,['top'],https://s.weibo.com/weibo?q=%23%E6%9B%9DTOP%E4%B8%8D%E4%BC%9A%E8%A7%A3%E6%95%A3%23
2026-09-14,2026-09-14T13:04:55+08:00,微博,热搜榜,微博热搜榜,,18,广汽 一汽,汽车,热度 281548,,广汽 一汽,,https://s.weibo.com/weibo?q=%23%E5%B9%BF%E6%B1%BD%20%E4%B8%80%E6%B1%BD%23
2026-09-14,2026-09-14T13:04:55+08:00,微博,热搜榜,微博热搜榜,,19,肖战代言荣耀Magic9系列,艺人,热度 278883；新,,肖战代言荣耀Magic9系列,['肖战'],https://s.weibo.com/weibo?q=%23%E8%82%96%E6%88%98%E4%BB%A3%E8%A8%80%E8%8D%A3%E8%80%80Magic9%E7%B3%BB%E5%88%97%23
2026-09-14,2026-09-14T13:04:55+08:00,微博,热搜榜,微博热搜榜,,20,品如天天用塑料叉子吃预制菜,剧集,热度 278173；新,,品如天天用塑料叉子吃预制菜,剧集,https://s.weibo.com/weibo?q=%23%E5%93%81%E5%A6%82%E5%A4%A9%E5%A4%A9%E7%94%A8%E5%A1%91%E6%96%99%E5%8F%89%E5%AD%90%E5%90%83%E9%A2%84%E5%88%B6%E8%8F%9C%23
2026-09-14,2026-09-14T13:04:55+08:00,微博,热搜榜,微博热搜榜,,21,黄金,财经,热度 275946；新,,黄金,,https://s.weibo.com/weibo?q=%23%E9%BB%84%E9%87%91%23
2026-09-14,2026-09-14T13:04:55+08:00,微博,热搜榜,微博热搜榜,,22,iPhone Duo缺失两大功能,数码,热度 271549,,iPhone Duo缺失两大功能,,https://s.weibo.com/weibo?q=%23iPhone%20Duo%E7%BC%BA%E5%A4%B1%E4%B8%A4%E5%A4%A7%E5%8A%9F%E8%83%BD%23
2026-09-14,2026-09-14T13:04:55+08:00,微博,热搜榜,微博热搜榜,,23,女子控糖10年增肌8年的状态,运动健身,热度 271164,,女子控糖10年增肌8年的状态,,https://s.weibo.com/weibo?q=%23%E5%A5%B3%E5%AD%90%E6%8E%A7%E7%B3%9610%E5%B9%B4%E5%A2%9E%E8%82%8C8%E5%B9%B4%E7%9A%84%E7%8A%B6%E6%80%81%23
2026-09-14,2026-09-14T13:04:55+08:00,微博,热搜榜,微博热搜榜,,24,辣妹生了个甜妹,情感,热度 266661,,辣妹生了个甜妹,,https://s.weibo.com/weibo?q=%23%E8%BE%A3%E5%A6%B9%E7%94%9F%E4%BA%86%E4%B8%AA%E7%94%9C%E5%A6%B9%23
2026-09-14,2026-09-14T13:04:55+08:00,微博,热搜榜,微博热搜榜,,25,广汽集团A股停牌,"财经,互联网",热度 266198；新,,广汽集团A股停牌,,https://s.weibo.com/weibo?q=%23%E5%B9%BF%E6%B1%BD%E9%9B%86%E5%9B%A2A%E8%82%A1%E5%81%9C%E7%89%8C%23
2026-09-14,2026-09-14T13:04:55+08:00,微博,热搜榜,微博热搜榜,,26,一瓯春官宣定档,剧集,热度 265353,,一瓯春官宣定档,剧集,https://s.weibo.com/weibo?q=%23%E4%B8%80%E7%93%AF%E6%98%A5%E5%AE%98%E5%AE%A3%E5%AE%9A%E6%A1%A3%23
2026-09-14,2026-09-14T13:04:55+08:00,微博,热搜榜,微博热搜榜,,27,恋与深空取消敖尹男主,游戏,热度 265122；新,,恋与深空取消敖尹男主,,https://s.weibo.com/weibo?q=%23%E6%81%8B%E4%B8%8E%E6%B7%B1%E7%A9%BA%E5%8F%96%E6%B6%88%E6%95%96%E5%B0%B9%E7%94%B7%E4%B8%BB%23
2026-09-14,2026-09-14T13:04:55+08:00,微博,热搜榜,微博热搜榜,,28,小S透露大S不跳国标的原因,艺人,热度 264681,,小S透露大S不跳国标的原因,"['小s', '大s']",https://s.weibo.com/weibo?q=%23%E5%B0%8FS%E9%80%8F%E9%9C%B2%E5%A4%A7S%E4%B8%8D%E8%B7%B3%E5%9B%BD%E6%A0%87%E7%9A%84%E5%8E%9F%E5%9B%A0%23
2026-09-14,2026-09-14T13:04:55+08:00,微博,热搜榜,微博热搜榜,,29,谭松韵一演到亲情戏就没轻没重,电影,热度 264165；新,,谭松韵一演到亲情戏就没轻没重,剧集,https://s.weibo.com/weibo?q=%23%E8%B0%AD%E6%9D%BE%E9%9F%B5%E4%B8%80%E6%BC%94%E5%88%B0%E4%BA%B2%E6%83%85%E6%88%8F%E5%B0%B1%E6%B2%A1%E8%BD%BB%E6%B2%A1%E9%87%8D%23
2026-09-14,2026-09-14T13:04:55+08:00,微博,热搜榜,微博热搜榜,,30,身体虚弱去练八段锦,运动健身,热度 263975,,身体虚弱去练八段锦,,https://s.weibo.com/weibo?q=%23%E8%BA%AB%E4%BD%93%E8%99%9A%E5%BC%B1%E5%8E%BB%E7%BB%83%E5%85%AB%E6%AE%B5%E9%94%A6%23
2026-09-14,2026-09-14T13:04:55+08:00,微博,热搜榜,微博热搜榜,,31,散步才是最顶级的纯爱,情感,热度 263497,,散步才是最顶级的纯爱,,https://s.weibo.com/weibo?q=%23%E6%95%A3%E6%AD%A5%E6%89%8D%E6%98%AF%E6%9C%80%E9%A1%B6%E7%BA%A7%E7%9A%84%E7%BA%AF%E7%88%B1%23
2026-09-14,2026-09-14T13:04:55+08:00,微博,热搜榜,微博热搜榜,,32,刘美含被喊接管兰香如故官博,艺人,热度 263066,,刘美含被喊接管兰香如故官博,['刘美含'],https://s.weibo.com/weibo?q=%23%E5%88%98%E7%BE%8E%E5%90%AB%E8%A2%AB%E5%96%8A%E6%8E%A5%E7%AE%A1%E5%85%B0%E9%A6%99%E5%A6%82%E6%95%85%E5%AE%98%E5%8D%9A%23
2026-09-14,2026-09-14T13:04:55+08:00,微博,热搜榜,微博热搜榜,,33,梅姨打工时很会卖惨,民生新闻,热度 262488；新,,梅姨打工时很会卖惨,,https://s.weibo.com/weibo?q=%23%E6%A2%85%E5%A7%A8%E6%89%93%E5%B7%A5%E6%97%B6%E5%BE%88%E4%BC%9A%E5%8D%96%E6%83%A8%23
2026-09-14,2026-09-14T13:04:55+08:00,微博,热搜榜,微博热搜榜,,34,罗永浩吐槽野人先生后特意提示,互联网,热度 262270,,罗永浩吐槽野人先生后特意提示,,https://s.weibo.com/weibo?q=%23%E7%BD%97%E6%B0%B8%E6%B5%A9%E5%90%90%E6%A7%BD%E9%87%8E%E4%BA%BA%E5%85%88%E7%94%9F%E5%90%8E%E7%89%B9%E6%84%8F%E6%8F%90%E7%A4%BA%23
2026-09-14,2026-09-14T13:04:55+08:00,微博,热搜榜,微博热搜榜,,35,王曼昱孙颖莎领衔出战亚运会,体育,热度 262024；新,,王曼昱孙颖莎领衔出战亚运会,,https://s.weibo.com/weibo?q=%23%E7%8E%8B%E6%9B%BC%E6%98%B1%E5%AD%99%E9%A2%96%E8%8E%8E%E9%A2%86%E8%A1%94%E5%87%BA%E6%88%98%E4%BA%9A%E8%BF%90%E4%BC%9A%23
2026-09-14,2026-09-14T13:04:55+08:00,微博,热搜榜,微博热搜榜,,36,广汽集团回应紧急停牌,财经,热度 256692,,广汽集团回应紧急停牌,,https://s.weibo.com/weibo?q=%23%E5%B9%BF%E6%B1%BD%E9%9B%86%E5%9B%A2%E5%9B%9E%E5%BA%94%E7%B4%A7%E6%80%A5%E5%81%9C%E7%89%8C%23
2026-09-14,2026-09-14T13:04:55+08:00,微博,热搜榜,微博热搜榜,,37,利他性表达,情感,热度 253686；新,,利他性表达,,https://s.weibo.com/weibo?q=%23%E5%88%A9%E4%BB%96%E6%80%A7%E8%A1%A8%E8%BE%BE%23
2026-09-14,2026-09-14T13:04:55+08:00,微博,热搜榜,微博热搜榜,,38,网红暴躁的小张姥姥去世,民生新闻,热度 249565；新,,网红暴躁的小张姥姥去世,,https://s.weibo.com/weibo?q=%23%E7%BD%91%E7%BA%A2%E6%9A%B4%E8%BA%81%E7%9A%84%E5%B0%8F%E5%BC%A0%E5%A7%A5%E5%A7%A5%E5%8E%BB%E4%B8%96%23
2026-09-14,2026-09-14T13:04:55+08:00,微博,热搜榜,微博热搜榜,,39,临汾襄汾成立联合调查组,民生新闻,热度 241974；新,,临汾襄汾成立联合调查组,,https://s.weibo.com/weibo?q=%23%E4%B8%B4%E6%B1%BE%E8%A5%84%E6%B1%BE%E6%88%90%E7%AB%8B%E8%81%94%E5%90%88%E8%B0%83%E6%9F%A5%E7%BB%84%23
2026-09-14,2026-09-14T13:04:55+08:00,微博,热搜榜,微博热搜榜,,40,美联储 A股,财经,热度 238159,,美联储 A股,,https://s.weibo.com/weibo?q=%23%E7%BE%8E%E8%81%94%E5%82%A8%20A%E8%82%A1%23
2026-09-14,2026-09-14T13:04:55+08:00,微博,热搜榜,微博热搜榜,,41,大米味冰淇淋,美食,热度 210364；新,,大米味冰淇淋,,https://s.weibo.com/weibo?q=%23%E5%A4%A7%E7%B1%B3%E5%91%B3%E5%86%B0%E6%B7%87%E6%B7%8B%23
2026-09-14,2026-09-14T13:04:55+08:00,微博,热搜榜,微博热搜榜,,42,刘翔前妻称目前单身未找到合适伴侣,艺人,热度 210008,,刘翔前妻称目前单身未找到合适伴侣,,https://s.weibo.com/weibo?q=%23%E5%88%98%E7%BF%94%E5%89%8D%E5%A6%BB%E7%A7%B0%E7%9B%AE%E5%89%8D%E5%8D%95%E8%BA%AB%E6%9C%AA%E6%89%BE%E5%88%B0%E5%90%88%E9%80%82%E4%BC%B4%E4%BE%A3%23
2026-09-14,2026-09-14T13:04:55+08:00,微博,热搜榜,微博热搜榜,,43,芒果招商会,综艺,热度 208780；新,,芒果招商会,综艺,https://s.weibo.com/weibo?q=%23%E8%8A%92%E6%9E%9C%E6%8B%9B%E5%95%86%E4%BC%9A%23
2026-09-14,2026-09-14T13:04:55+08:00,微博,热搜榜,微博热搜榜,,44,贾跃亭要一口气发布9款机器人,互联网,热度 208039,,贾跃亭要一口气发布9款机器人,,https://s.weibo.com/weibo?q=%23%E8%B4%BE%E8%B7%83%E4%BA%AD%E8%A6%81%E4%B8%80%E5%8F%A3%E6%B0%94%E5%8F%91%E5%B8%839%E6%AC%BE%E6%9C%BA%E5%99%A8%E4%BA%BA%23
2026-09-14,2026-09-14T13:04:55+08:00,微博,热搜榜,微博热搜榜,,45,李梦这段演得真好,剧集,热度 207141,,李梦这段演得真好,剧集,https://s.weibo.com/weibo?q=%23%E6%9D%8E%E6%A2%A6%E8%BF%99%E6%AE%B5%E6%BC%94%E5%BE%97%E7%9C%9F%E5%A5%BD%23
2026-09-14,2026-09-14T13:04:55+08:00,微博,热搜榜,微博热搜榜,,46,劳动仲裁记录成求职者被拒录原因,民生新闻,热度 206834,,劳动仲裁记录成求职者被拒录原因,,https://s.weibo.com/weibo?q=%23%E5%8A%B3%E5%8A%A8%E4%BB%B2%E8%A3%81%E8%AE%B0%E5%BD%95%E6%88%90%E6%B1%82%E8%81%8C%E8%80%85%E8%A2%AB%E6%8B%92%E5%BD%95%E5%8E%9F%E5%9B%A0%23
2026-09-14,2026-09-14T13:04:55+08:00,微博,热搜榜,微博热搜榜,,47,徐若晗拒绝再演第二个沈惜凡,艺人,热度 205758；新,,徐若晗拒绝再演第二个沈惜凡,['徐若晗'],https://s.weibo.com/weibo?q=%23%E5%BE%90%E8%8B%A5%E6%99%97%E6%8B%92%E7%BB%9D%E5%86%8D%E6%BC%94%E7%AC%AC%E4%BA%8C%E4%B8%AA%E6%B2%88%E6%83%9C%E5%87%A1%23
2026-09-14,2026-09-14T13:04:55+08:00,微博,热搜榜,微博热搜榜,,48,亚马尔说世界杯夺冠后并不开心,体育,热度 205325,,亚马尔说世界杯夺冠后并不开心,,https://s.weibo.com/weibo?q=%23%E4%BA%9A%E9%A9%AC%E5%B0%94%E8%AF%B4%E4%B8%96%E7%95%8C%E6%9D%AF%E5%A4%BA%E5%86%A0%E5%90%8E%E5%B9%B6%E4%B8%8D%E5%BC%80%E5%BF%83%23
2026-09-14,2026-09-14T13:04:55+08:00,微博,热搜榜,微博热搜榜,,49,兰香如故,剧集,热度 203832,,兰香如故,剧集,https://s.weibo.com/weibo?q=%23%E5%85%B0%E9%A6%99%E5%A6%82%E6%95%85%23
2026-09-14,2026-09-14T13:04:55+08:00,微博,热搜榜,微博热搜榜,,50,英国三地首席大臣今天会晤,国际时政,热度 203714；新,,英国三地首席大臣今天会晤,,https://s.weibo.com/weibo?q=%23%E8%8B%B1%E5%9B%BD%E4%B8%89%E5%9C%B0%E9%A6%96%E5%B8%AD%E5%A4%A7%E8%87%A3%E4%BB%8A%E5%A4%A9%E4%BC%9A%E6%99%A4%23
2026-09-14,2026-09-14T13:04:55+08:00,微博,文娱热搜榜,微博热搜榜-文娱条目,,1,心动的信号,剧集,总榜排名 8；热度 433457；新,,心动的信号,综艺,https://s.weibo.com/weibo?q=%23%E5%BF%83%E5%8A%A8%E7%9A%84%E4%BF%A1%E5%8F%B7%23
2026-09-14,2026-09-14T13:04:55+08:00,微博,文娱热搜榜,微博热搜榜-文娱条目,,2,周也一瓯春鬼气好足,剧集,总榜排名 10；热度 307828,,周也一瓯春鬼气好足,剧集,https://s.weibo.com/weibo?q=%23%E5%91%A8%E4%B9%9F%E4%B8%80%E7%93%AF%E6%98%A5%E9%AC%BC%E6%B0%94%E5%A5%BD%E8%B6%B3%23
2026-09-14,2026-09-14T13:04:55+08:00,微博,文娱热搜榜,微博热搜榜-文娱条目,,3,曝有个喜人演员被粉丝打了,艺人,总榜排名 14；热度 294695；热,,曝有个喜人演员被粉丝打了,,https://s.weibo.com/weibo?q=%23%E6%9B%9D%E6%9C%89%E4%B8%AA%E5%96%9C%E4%BA%BA%E6%BC%94%E5%91%98%E8%A2%AB%E7%B2%89%E4%B8%9D%E6%89%93%E4%BA%86%23
2026-09-14,2026-09-14T13:04:55+08:00,微博,文娱热搜榜,微博热搜榜-文娱条目,,4,井柏然送孙千的衣服代言人是刘雯,艺人,总榜排名 15；热度 292171,,井柏然送孙千的衣服代言人是刘雯,"['孙千', '井柏然', '刘雯']",https://s.weibo.com/weibo?q=%23%E4%BA%95%E6%9F%8F%E7%84%B6%E9%80%81%E5%AD%99%E5%8D%83%E7%9A%84%E8%A1%A3%E6%9C%8D%E4%BB%A3%E8%A8%80%E4%BA%BA%E6%98%AF%E5%88%98%E9%9B%AF%23
2026-09-14,2026-09-14T13:04:55+08:00,微博,文娱热搜榜,微博热搜榜-文娱条目,,5,曝TOP不会解散,艺人,总榜排名 17；热度 285441；新,,曝TOP不会解散,['top'],https://s.weibo.com/weibo?q=%23%E6%9B%9DTOP%E4%B8%8D%E4%BC%9A%E8%A7%A3%E6%95%A3%23
2026-09-14,2026-09-14T13:04:55+08:00,微博,文娱热搜榜,微博热搜榜-文娱条目,,6,肖战代言荣耀Magic9系列,艺人,总榜排名 19；热度 278883；新,,肖战代言荣耀Magic9系列,['肖战'],https://s.weibo.com/weibo?q=%23%E8%82%96%E6%88%98%E4%BB%A3%E8%A8%80%E8%8D%A3%E8%80%80Magic9%E7%B3%BB%E5%88%97%23
2026-09-14,2026-09-14T13:04:55+08:00,微博,文娱热搜榜,微博热搜榜-文娱条目,,7,品如天天用塑料叉子吃预制菜,剧集,总榜排名 20；热度 278173；新,,品如天天用塑料叉子吃预制菜,剧集,https://s.weibo.com/weibo?q=%23%E5%93%81%E5%A6%82%E5%A4%A9%E5%A4%A9%E7%94%A8%E5%A1%91%E6%96%99%E5%8F%89%E5%AD%90%E5%90%83%E9%A2%84%E5%88%B6%E8%8F%9C%23
2026-09-14,2026-09-14T13:04:55+08:00,微博,文娱热搜榜,微博热搜榜-文娱条目,,8,一瓯春官宣定档,剧集,总榜排名 26；热度 265353,,一瓯春官宣定档,剧集,https://s.weibo.com/weibo?q=%23%E4%B8%80%E7%93%AF%E6%98%A5%E5%AE%98%E5%AE%A3%E5%AE%9A%E6%A1%A3%23
2026-09-14,2026-09-14T13:04:55+08:00,微博,文娱热搜榜,微博热搜榜-文娱条目,,9,小S透露大S不跳国标的原因,艺人,总榜排名 28；热度 264681,,小S透露大S不跳国标的原因,"['小s', '大s']",https://s.weibo.com/weibo?q=%23%E5%B0%8FS%E9%80%8F%E9%9C%B2%E5%A4%A7S%E4%B8%8D%E8%B7%B3%E5%9B%BD%E6%A0%87%E7%9A%84%E5%8E%9F%E5%9B%A0%23
2026-09-14,2026-09-14T13:04:55+08:00,微博,文娱热搜榜,微博热搜榜-文娱条目,,10,谭松韵一演到亲情戏就没轻没重,电影,总榜排名 29；热度 264165；新,,谭松韵一演到亲情戏就没轻没重,剧集,https://s.weibo.com/weibo?q=%23%E8%B0%AD%E6%9D%BE%E9%9F%B5%E4%B8%80%E6%BC%94%E5%88%B0%E4%BA%B2%E6%83%85%E6%88%8F%E5%B0%B1%E6%B2%A1%E8%BD%BB%E6%B2%A1%E9%87%8D%23
2026-09-14,2026-09-14T13:04:55+08:00,微博,文娱热搜榜,微博热搜榜-文娱条目,,11,刘美含被喊接管兰香如故官博,艺人,总榜排名 32；热度 263066,,刘美含被喊接管兰香如故官博,['刘美含'],https://s.weibo.com/weibo?q=%23%E5%88%98%E7%BE%8E%E5%90%AB%E8%A2%AB%E5%96%8A%E6%8E%A5%E7%AE%A1%E5%85%B0%E9%A6%99%E5%A6%82%E6%95%85%E5%AE%98%E5%8D%9A%23
2026-09-14,2026-09-14T13:04:55+08:00,微博,文娱热搜榜,微博热搜榜-文娱条目,,12,刘翔前妻称目前单身未找到合适伴侣,艺人,总榜排名 42；热度 210008,,刘翔前妻称目前单身未找到合适伴侣,,https://s.weibo.com/weibo?q=%23%E5%88%98%E7%BF%94%E5%89%8D%E5%A6%BB%E7%A7%B0%E7%9B%AE%E5%89%8D%E5%8D%95%E8%BA%AB%E6%9C%AA%E6%89%BE%E5%88%B0%E5%90%88%E9%80%82%E4%BC%B4%E4%BE%A3%23
2026-09-14,2026-09-14T13:04:55+08:00,微博,文娱热搜榜,微博热搜榜-文娱条目,,13,芒果招商会,综艺,总榜排名 43；热度 208780；新,,芒果招商会,综艺,https://s.weibo.com/weibo?q=%23%E8%8A%92%E6%9E%9C%E6%8B%9B%E5%95%86%E4%BC%9A%23
2026-09-14,2026-09-14T13:04:55+08:00,微博,文娱热搜榜,微博热搜榜-文娱条目,,14,李梦这段演得真好,剧集,总榜排名 45；热度 207141,,李梦这段演得真好,剧集,https://s.weibo.com/weibo?q=%23%E6%9D%8E%E6%A2%A6%E8%BF%99%E6%AE%B5%E6%BC%94%E5%BE%97%E7%9C%9F%E5%A5%BD%23
2026-09-14,2026-09-14T13:04:55+08:00,微博,文娱热搜榜,微博热搜榜-文娱条目,,15,徐若晗拒绝再演第二个沈惜凡,艺人,总榜排名 47；热度 205758；新,,徐若晗拒绝再演第二个沈惜凡,['徐若晗'],https://s.weibo.com/weibo?q=%23%E5%BE%90%E8%8B%A5%E6%99%97%E6%8B%92%E7%BB%9D%E5%86%8D%E6%BC%94%E7%AC%AC%E4%BA%8C%E4%B8%AA%E6%B2%88%E6%83%9C%E5%87%A1%23
2026-09-14,2026-09-14T13:04:55+08:00,微博,文娱热搜榜,微博热搜榜-文娱条目,,16,兰香如故,剧集,总榜排名 49；热度 203832,,兰香如故,剧集,https://s.weibo.com/weibo?q=%23%E5%85%B0%E9%A6%99%E5%A6%82%E6%95%85%23
