snapshot_date,captured_at,platform,chart,official_chart,platform_date,rank,song_name,artist,chart_metric,duration,song_id,album_id,source_url
2026-10-02,2026-10-02T13:49:31+08:00,QQ音乐,热歌榜,热歌榜,2026-10-02,1,我不难过,孙燕姿,上升 1,,8136,004VSvF52mQoQp,https://y.qq.com/n/ryqq/toplist/26
2026-10-02,2026-10-02T13:49:31+08:00,QQ音乐,热歌榜,热歌榜,2026-10-02,2,茶汤,郁可唯,下降 1,,4936030,002iWKlh2DcjFL,https://y.qq.com/n/ryqq/toplist/26
2026-10-02,2026-10-02T13:49:31+08:00,QQ音乐,热歌榜,热歌榜,2026-10-02,3,甲乙丙丁 (你我怎么两清),李佳薇,0,,696262512,00446QRA1fTdqA,https://y.qq.com/n/ryqq/toplist/26
2026-10-02,2026-10-02T13:49:31+08:00,QQ音乐,热歌榜,热歌榜,2026-10-02,4,情歌,梁静茹,上升 2,,462188,002E4IXe1ESUij,https://y.qq.com/n/ryqq/toplist/26
2026-10-02,2026-10-02T13:49:31+08:00,QQ音乐,热歌榜,热歌榜,2026-10-02,5,雨爱,杨丞琳,上升 5,,645819,000jcKFG0sQrD0,https://y.qq.com/n/ryqq/toplist/26
2026-10-02,2026-10-02T13:49:31+08:00,QQ音乐,热歌榜,热歌榜,2026-10-02,6,我怀念的,孙燕姿,上升 2,,5211338,000P3l050Olt27,https://y.qq.com/n/ryqq/toplist/26
2026-10-02,2026-10-02T13:49:31+08:00,QQ音乐,热歌榜,热歌榜,2026-10-02,7,泪海,许茹芸,下降 2,,106585340,001Ugmj01giuzO,https://y.qq.com/n/ryqq/toplist/26
2026-10-02,2026-10-02T13:49:31+08:00,QQ音乐,热歌榜,热歌榜,2026-10-02,8,恋人,李荣浩,上升 1,,496054946,004HaG7p4ZkhXA,https://y.qq.com/n/ryqq/toplist/26
2026-10-02,2026-10-02T13:49:31+08:00,QQ音乐,热歌榜,热歌榜,2026-10-02,9,阿楚姑娘,袁娅维TIA RAY,下降 2,,105769829,0014PIct2LKiPl,https://y.qq.com/n/ryqq/toplist/26
2026-10-02,2026-10-02T13:49:31+08:00,QQ音乐,热歌榜,热歌榜,2026-10-02,10,Always Online,林俊杰,上升 3,,447257,002g6zv02X7SNi,https://y.qq.com/n/ryqq/toplist/26
2026-10-02,2026-10-02T13:49:31+08:00,QQ音乐,热歌榜,热歌榜,2026-10-02,11,特别的人,方大同,上升 5,,5293866,000GvdTR0qcKh8,https://y.qq.com/n/ryqq/toplist/26
2026-10-02,2026-10-02T13:49:31+08:00,QQ音乐,热歌榜,热歌榜,2026-10-02,12,开始懂了,孙燕姿,下降 1,,5646,004KRIQr1oCp2A,https://y.qq.com/n/ryqq/toplist/26
2026-10-02,2026-10-02T13:49:31+08:00,QQ音乐,热歌榜,热歌榜,2026-10-02,13,爱错,王力宏,上升 8,,105905415,002ElVxf43rOue,https://y.qq.com/n/ryqq/toplist/26
2026-10-02,2026-10-02T13:49:31+08:00,QQ音乐,热歌榜,热歌榜,2026-10-02,14,演员,薛之谦,上升 9,,102636799,003y8dsH2wBHlo,https://y.qq.com/n/ryqq/toplist/26
2026-10-02,2026-10-02T13:49:31+08:00,QQ音乐,热歌榜,热歌榜,2026-10-02,15,素颜,许嵩/何曼婷,上升 7,,101813361,0035f8nw11cjkf,https://y.qq.com/n/ryqq/toplist/26
2026-10-02,2026-10-02T13:49:31+08:00,QQ音乐,热歌榜,热歌榜,2026-10-02,16,红色高跟鞋,蔡健雅,上升 8,,624649,002dOge41xlS8x,https://y.qq.com/n/ryqq/toplist/26
2026-10-02,2026-10-02T13:49:31+08:00,QQ音乐,热歌榜,热歌榜,2026-10-02,17,失眠,Suki刘舒妤,上升 13,,4733575,002xCeeN4EJ1Ke,https://y.qq.com/n/ryqq/toplist/26
2026-10-02,2026-10-02T13:49:31+08:00,QQ音乐,热歌榜,热歌榜,2026-10-02,18,茶花开了，该回家了,王睿卓/加木,上升 1,,553433850,001KCGcF29Na3i,https://y.qq.com/n/ryqq/toplist/26
2026-10-02,2026-10-02T13:49:31+08:00,QQ音乐,热歌榜,热歌榜,2026-10-02,19,江南,林俊杰,上升 7,,9063002,000y5gq7449K9I,https://y.qq.com/n/ryqq/toplist/26
2026-10-02,2026-10-02T13:49:31+08:00,QQ音乐,热歌榜,热歌榜,2026-10-02,20,唯一,G.E.M.邓紫棋,上升 7,,438910555,002d6m7k0xCbSv,https://y.qq.com/n/ryqq/toplist/26
2026-10-02,2026-10-02T13:49:31+08:00,QQ音乐,热歌榜,热歌榜,2026-10-02,21,美人鱼,林俊杰,上升 11,,95292,000y5gq7449K9I,https://y.qq.com/n/ryqq/toplist/26
2026-10-02,2026-10-02T13:49:31+08:00,QQ音乐,热歌榜,热歌榜,2026-10-02,22,我们俩,郭顶,上升 12,,105413206,003sMyYb4HZAAz,https://y.qq.com/n/ryqq/toplist/26
2026-10-02,2026-10-02T13:49:31+08:00,QQ音乐,热歌榜,热歌榜,2026-10-02,23,春娇与志明,街道办GDC/欧阳耀莹,上升 2,,205357640,000lrXyA0MlEEo,https://y.qq.com/n/ryqq/toplist/26
2026-10-02,2026-10-02T13:49:31+08:00,QQ音乐,热歌榜,热歌榜,2026-10-02,24,阴天,莫文蔚,上升 7,,4830345,000hTTJN3oScZr,https://y.qq.com/n/ryqq/toplist/26
2026-10-02,2026-10-02T13:49:31+08:00,QQ音乐,热歌榜,热歌榜,2026-10-02,25,心墙,郭静,上升 23,,474797,003EHcB24J8t9Z,https://y.qq.com/n/ryqq/toplist/26
2026-10-02,2026-10-02T13:49:31+08:00,QQ音乐,热歌榜,热歌榜,2026-10-02,26,遇见,孙燕姿,上升 3,,8145,002ehzTm0TxXC2,https://y.qq.com/n/ryqq/toplist/26
2026-10-02,2026-10-02T13:49:31+08:00,QQ音乐,热歌榜,热歌榜,2026-10-02,27,雨过后的风景,Dizzy Dizzo (蔡诗芸),上升 6,,1960263,0038xSkp1EcVBf,https://y.qq.com/n/ryqq/toplist/26
2026-10-02,2026-10-02T13:49:31+08:00,QQ音乐,热歌榜,热歌榜,2026-10-02,28,多远都要在一起,G.E.M.邓紫棋,上升 10,,102174489,003c616O2Zlswm,https://y.qq.com/n/ryqq/toplist/26
2026-10-02,2026-10-02T13:49:31+08:00,QQ音乐,热歌榜,热歌榜,2026-10-02,29,晴天,周杰伦,上升 11,,97773,000MkMni19ClKG,https://y.qq.com/n/ryqq/toplist/26
2026-10-02,2026-10-02T13:49:31+08:00,QQ音乐,热歌榜,热歌榜,2026-10-02,30,如愿,王菲,上升 9,,326584182,004Kbn3m2HV9Y3,https://y.qq.com/n/ryqq/toplist/26
2026-10-02,2026-10-02T13:49:31+08:00,QQ音乐,热歌榜,热歌榜,2026-10-02,31,富士山下,陈奕迅,上升 5,,260678,004Z85XP1c25b7,https://y.qq.com/n/ryqq/toplist/26
2026-10-02,2026-10-02T13:49:31+08:00,QQ音乐,热歌榜,热歌榜,2026-10-02,32,出现又离开 (Live),梁博,下降 12,,231594573,000eQZ1q4g6AsF,https://y.qq.com/n/ryqq/toplist/26
2026-10-02,2026-10-02T13:49:31+08:00,QQ音乐,热歌榜,热歌榜,2026-10-02,33,琵琶曲,郑浩/冰洁,上升 24,,627317850,002PmUzc12N5S7,https://y.qq.com/n/ryqq/toplist/26
2026-10-02,2026-10-02T13:49:31+08:00,QQ音乐,热歌榜,热歌榜,2026-10-02,34,海阔天空,BEYOND,上升 9,,4835784,002qcJuX3lO3EZ,https://y.qq.com/n/ryqq/toplist/26
2026-10-02,2026-10-02T13:49:31+08:00,QQ音乐,热歌榜,热歌榜,2026-10-02,35,玻璃,Gareth.T,上升 7,,666124541,002kIED92uw8L5,https://y.qq.com/n/ryqq/toplist/26
2026-10-02,2026-10-02T13:49:31+08:00,QQ音乐,热歌榜,热歌榜,2026-10-02,36,其实,薛之谦,上升 5,,104775877,000QgFcm0v8WaF,https://y.qq.com/n/ryqq/toplist/26
2026-10-02,2026-10-02T13:49:31+08:00,QQ音乐,热歌榜,热歌榜,2026-10-02,37,最佳损友,陈奕迅,上升 7,,1338414,002FT46H18G1jW,https://y.qq.com/n/ryqq/toplist/26
2026-10-02,2026-10-02T13:49:31+08:00,QQ音乐,热歌榜,热歌榜,2026-10-02,38,偏爱,张芸京,下降 3,,473137,003ha6C92GRuVE,https://y.qq.com/n/ryqq/toplist/26
2026-10-02,2026-10-02T13:49:31+08:00,QQ音乐,热歌榜,热歌榜,2026-10-02,39,大梦归,周深,下降 22,,724093215,003ZuQ5z05yCAP,https://y.qq.com/n/ryqq/toplist/26
2026-10-02,2026-10-02T13:49:31+08:00,QQ音乐,热歌榜,热歌榜,2026-10-02,40,不将就,李荣浩,上升 7,,102367085,001fi1zG0EjU2u,https://y.qq.com/n/ryqq/toplist/26
2026-10-02,2026-10-02T13:49:31+08:00,QQ音乐,热歌榜,热歌榜,2026-10-02,41,坏女孩,徐良/小凌,上升 9,,7112749,002apRhZ4Bq99d,https://y.qq.com/n/ryqq/toplist/26
2026-10-02,2026-10-02T13:49:31+08:00,QQ音乐,热歌榜,热歌榜,2026-10-02,42,爱情讯息,郭静,上升 23,,876549,003PKZMI1Wyx1A,https://y.qq.com/n/ryqq/toplist/26
2026-10-02,2026-10-02T13:49:31+08:00,QQ音乐,热歌榜,热歌榜,2026-10-02,43,盛夏的果实,莫文蔚,上升 2,,4830161,000KeV8l1PIjxt,https://y.qq.com/n/ryqq/toplist/26
2026-10-02,2026-10-02T13:49:31+08:00,QQ音乐,热歌榜,热歌榜,2026-10-02,44,幻听,许嵩,上升 9,,1531817,004RbL3b0BDIe2,https://y.qq.com/n/ryqq/toplist/26
2026-10-02,2026-10-02T13:49:31+08:00,QQ音乐,热歌榜,热歌榜,2026-10-02,45,ANGEL (天使),尹美莱 (윤미래)/Tiger JK/Bizzy (비지),上升 7,,101138130,000qiKcT05rSr9,https://y.qq.com/n/ryqq/toplist/26
2026-10-02,2026-10-02T13:49:31+08:00,QQ音乐,热歌榜,热歌榜,2026-10-02,46,十年,陈奕迅,0,,4830342,000GDz8k03UOaI,https://y.qq.com/n/ryqq/toplist/26
2026-10-02,2026-10-02T13:49:31+08:00,QQ音乐,热歌榜,热歌榜,2026-10-02,47,天外来物,薛之谦,上升 8,,272125057,000K9Zp13TZp5s,https://y.qq.com/n/ryqq/toplist/26
2026-10-02,2026-10-02T13:49:31+08:00,QQ音乐,热歌榜,热歌榜,2026-10-02,48,麦恩莉,方大同,上升 23,,2550926,000ih4iv3HCmno,https://y.qq.com/n/ryqq/toplist/26
2026-10-02,2026-10-02T13:49:31+08:00,QQ音乐,热歌榜,热歌榜,2026-10-02,49,背对背拥抱,林俊杰,上升 15,,648231,002C0kX720gMQi,https://y.qq.com/n/ryqq/toplist/26
2026-10-02,2026-10-02T13:49:31+08:00,QQ音乐,热歌榜,热歌榜,2026-10-02,50,认真的雪,薛之谦,上升 6,,1333803,003mUYW22JXKVK,https://y.qq.com/n/ryqq/toplist/26
2026-10-02,2026-10-02T13:49:31+08:00,QQ音乐,热歌榜,热歌榜,2026-10-02,51,瞬,郑润泽,上升 10,,422061155,001qvyI10urb5z,https://y.qq.com/n/ryqq/toplist/26
2026-10-02,2026-10-02T13:49:31+08:00,QQ音乐,热歌榜,热歌榜,2026-10-02,52,愿与愁,林俊杰,上升 2,,405007729,004ZOIop1doXru,https://y.qq.com/n/ryqq/toplist/26
2026-10-02,2026-10-02T13:49:31+08:00,QQ音乐,热歌榜,热歌榜,2026-10-02,53,我好像在哪见过你,薛之谦,上升 5,,107439472,000dcZ9I1nzO62,https://y.qq.com/n/ryqq/toplist/26
2026-10-02,2026-10-02T13:49:31+08:00,QQ音乐,热歌榜,热歌榜,2026-10-02,54,Whatever Happens,Michael Jackson/Carlos Santana,上升 24,,315453,003fmcI10dzkHT,https://y.qq.com/n/ryqq/toplist/26
2026-10-02,2026-10-02T13:49:31+08:00,QQ音乐,热歌榜,热歌榜,2026-10-02,55,泡沫,G.E.M.邓紫棋,上升 5,,1530858,002YFufr4bXZyI,https://y.qq.com/n/ryqq/toplist/26
2026-10-02,2026-10-02T13:49:31+08:00,QQ音乐,热歌榜,热歌榜,2026-10-02,56,失控,井迪,下降 5,,284945036,0014Iqfp1PMAbs,https://y.qq.com/n/ryqq/toplist/26
2026-10-02,2026-10-02T13:49:31+08:00,QQ音乐,热歌榜,热歌榜,2026-10-02,57,风月吻眉梢,礼越,下降 20,,586620109,001NXQwE1ywPDV,https://y.qq.com/n/ryqq/toplist/26
2026-10-02,2026-10-02T13:49:31+08:00,QQ音乐,热歌榜,热歌榜,2026-10-02,58,修炼爱情,林俊杰,上升 10,,5063375,001gqOnU3DTg2S,https://y.qq.com/n/ryqq/toplist/26
2026-10-02,2026-10-02T13:49:31+08:00,QQ音乐,热歌榜,热歌榜,2026-10-02,59,异想天开,肖战,下降 55,,729676132,001HFlpf1NOEk1,https://y.qq.com/n/ryqq/toplist/26
2026-10-02,2026-10-02T13:49:31+08:00,QQ音乐,热歌榜,热歌榜,2026-10-02,60,我记得,赵雷,下降 11,,372639235,003QIVDT3UB8zG,https://y.qq.com/n/ryqq/toplist/26
2026-10-02,2026-10-02T13:49:31+08:00,QQ音乐,热歌榜,热歌榜,2026-10-02,61,刻在我心底的名字,卢广仲,上升 20,,316472364,004QG0W52P5GUq,https://y.qq.com/n/ryqq/toplist/26
2026-10-02,2026-10-02T13:49:31+08:00,QQ音乐,热歌榜,热歌榜,2026-10-02,62,勇气,梁静茹,上升 14,,4830164,001DEgPu1004bl,https://y.qq.com/n/ryqq/toplist/26
2026-10-02,2026-10-02T13:49:31+08:00,QQ音乐,热歌榜,热歌榜,2026-10-02,63,爱我还是他,陶喆,下降 1,,7211247,003ofGzS3C23Ow,https://y.qq.com/n/ryqq/toplist/26
2026-10-02,2026-10-02T13:49:31+08:00,QQ音乐,热歌榜,热歌榜,2026-10-02,64,光年之外,G.E.M.邓紫棋,上升 10,,200255722,001mTkmb4GJlh4,https://y.qq.com/n/ryqq/toplist/26
2026-10-02,2026-10-02T13:49:31+08:00,QQ音乐,热歌榜,热歌榜,2026-10-02,65,樱花草,Sweety,上升 1,,481456,000pKXff1doeOd,https://y.qq.com/n/ryqq/toplist/26
2026-10-02,2026-10-02T13:49:31+08:00,QQ音乐,热歌榜,热歌榜,2026-10-02,66,如果可以,韦礼安,上升 11,,330977131,003WBcyJ1siUkh,https://y.qq.com/n/ryqq/toplist/26
2026-10-02,2026-10-02T13:49:31+08:00,QQ音乐,热歌榜,热歌榜,2026-10-02,67,天龙八部之宿敌,许嵩,上升 16,,4829554,002JzRQD2zjvxG,https://y.qq.com/n/ryqq/toplist/26
2026-10-02,2026-10-02T13:49:31+08:00,QQ音乐,热歌榜,热歌榜,2026-10-02,68,同花顺,林倛玉,上升 30,,103970682,004789lA4cH3Kq,https://y.qq.com/n/ryqq/toplist/26
2026-10-02,2026-10-02T13:49:31+08:00,QQ音乐,热歌榜,热歌榜,2026-10-02,69,至少还有你,林忆莲,0,,102204563,001JqgRv0mRHEQ,https://y.qq.com/n/ryqq/toplist/26
2026-10-02,2026-10-02T13:49:31+08:00,QQ音乐,热歌榜,热歌榜,2026-10-02,70,有何不可,许嵩,上升 2,,102296985,002KSDg90IaScI,https://y.qq.com/n/ryqq/toplist/26
2026-10-02,2026-10-02T13:49:31+08:00,QQ音乐,热歌榜,热歌榜,2026-10-02,71,Letting Go,蔡健雅,下降 1,,1030353,001aC9dM35U6KB,https://y.qq.com/n/ryqq/toplist/26
2026-10-02,2026-10-02T13:49:31+08:00,QQ音乐,热歌榜,热歌榜,2026-10-02,72,夏夜最后的烟火,颜人中,下降 13,,459088908,002tspXk0JB6qZ,https://y.qq.com/n/ryqq/toplist/26
2026-10-02,2026-10-02T13:49:31+08:00,QQ音乐,热歌榜,热歌榜,2026-10-02,73,倒数,G.E.M.邓紫棋,上升 13,,215540451,003cKIKZ1J4Yyu,https://y.qq.com/n/ryqq/toplist/26
2026-10-02,2026-10-02T13:49:31+08:00,QQ音乐,热歌榜,热歌榜,2026-10-02,74,黄昏,周传雄,下降 11,,526713,001U6x8f2uJhig,https://y.qq.com/n/ryqq/toplist/26
2026-10-02,2026-10-02T13:49:31+08:00,QQ音乐,热歌榜,热歌榜,2026-10-02,75,祝福祖国 (合唱版),晴婉/赵若海,上升 146,,726573373,004WyTOY2yOcMb,https://y.qq.com/n/ryqq/toplist/26
2026-10-02,2026-10-02T13:49:31+08:00,QQ音乐,热歌榜,热歌榜,2026-10-02,76,我爱你中国 (Live),孙楠/韩红/黄绮珊/古巨基/陈楚生/王心凌/谭维维/胡彦斌/郁可唯/汪苏泷/周深/宋亚轩/杨坤/单依纯/何炅/李莎旻子,0,,471040594,001rd1S93gcWUF,https://y.qq.com/n/ryqq/toplist/26
2026-10-02,2026-10-02T13:49:31+08:00,QQ音乐,热歌榜,热歌榜,2026-10-02,77,最后一页,江语晨,上升 8,,721636,003FO4XF40Ky8L,https://y.qq.com/n/ryqq/toplist/26
2026-10-02,2026-10-02T13:49:31+08:00,QQ音乐,热歌榜,热歌榜,2026-10-02,78,我们的歌,王力宏,下降 3,,102193483,002Zwh5p4HgecI,https://y.qq.com/n/ryqq/toplist/26
2026-10-02,2026-10-02T13:49:31+08:00,QQ音乐,热歌榜,热歌榜,2026-10-02,79,IF YOU,BIGBANG (빅뱅),上升 13,,102793935,001xpUdt2jEjWu,https://y.qq.com/n/ryqq/toplist/26
2026-10-02,2026-10-02T13:49:31+08:00,QQ音乐,热歌榜,热歌榜,2026-10-02,80,冻结,林俊杰,上升 4,,101659148,002vlOfM1X5TQ0,https://y.qq.com/n/ryqq/toplist/26
2026-10-02,2026-10-02T13:49:31+08:00,QQ音乐,热歌榜,热歌榜,2026-10-02,81,九月底,余佳运,下降 53,,221152444,001zatqo1OOPqI,https://y.qq.com/n/ryqq/toplist/26
2026-10-02,2026-10-02T13:49:31+08:00,QQ音乐,热歌榜,热歌榜,2026-10-02,82,忧郁幻昼 (Abyss Mix),凝视深渊·Abyss,上升 12,,723761099,002KMcm20LcHh0,https://y.qq.com/n/ryqq/toplist/26
2026-10-02,2026-10-02T13:49:31+08:00,QQ音乐,热歌榜,热歌榜,2026-10-02,83,水蓝色情人,刘宇,新进,,729810554,003MX6Ny2I2WNc,https://y.qq.com/n/ryqq/toplist/26
2026-10-02,2026-10-02T13:49:31+08:00,QQ音乐,热歌榜,热歌榜,2026-10-02,84,碎碎念,队长,上升 5,,448738462,000DTFwk0oV4YR,https://y.qq.com/n/ryqq/toplist/26
2026-10-02,2026-10-02T13:49:31+08:00,QQ音乐,热歌榜,热歌榜,2026-10-02,85,离开我的依赖,王艳薇,下降 3,,253383943,004CSyAN1oc97b,https://y.qq.com/n/ryqq/toplist/26
2026-10-02,2026-10-02T13:49:31+08:00,QQ音乐,热歌榜,热歌榜,2026-10-02,86,第57次取消发送,菲菲公主（陆绮菲）,上升 9,,560063927,000KrDC019mc82,https://y.qq.com/n/ryqq/toplist/26
2026-10-02,2026-10-02T13:49:31+08:00,QQ音乐,热歌榜,热歌榜,2026-10-02,87,会呼吸的痛,梁静茹,0,,411228,002oy2Mp3I8Rgo,https://y.qq.com/n/ryqq/toplist/26
2026-10-02,2026-10-02T13:49:31+08:00,QQ音乐,热歌榜,热歌榜,2026-10-02,88,青花,周传雄,下降 21,,102204539,001Vj7aX0PixwV,https://y.qq.com/n/ryqq/toplist/26
2026-10-02,2026-10-02T13:49:31+08:00,QQ音乐,热歌榜,热歌榜,2026-10-02,89,下完这场雨,后弦,下降 16,,108787382,004ZXlA63dZBCa,https://y.qq.com/n/ryqq/toplist/26
2026-10-02,2026-10-02T13:49:31+08:00,QQ音乐,热歌榜,热歌榜,2026-10-02,90,多余的解释,许嵩,下降 11,,460866,002KSDg90IaScI,https://y.qq.com/n/ryqq/toplist/26
2026-10-02,2026-10-02T13:49:31+08:00,QQ音乐,热歌榜,热歌榜,2026-10-02,91,可不可以,张紫豪,下降 3,,213958134,004VR1w241uBhB,https://y.qq.com/n/ryqq/toplist/26
2026-10-02,2026-10-02T13:49:31+08:00,QQ音乐,热歌榜,热歌榜,2026-10-02,92,句号,G.E.M.邓紫棋,上升 8,,247347346,0049MVh824D7bM,https://y.qq.com/n/ryqq/toplist/26
2026-10-02,2026-10-02T13:49:31+08:00,QQ音乐,热歌榜,热歌榜,2026-10-02,93,红尘客栈,周杰伦,上升 20,,5177680,003Ow85E3pnoqi,https://y.qq.com/n/ryqq/toplist/26
2026-10-02,2026-10-02T13:49:31+08:00,QQ音乐,热歌榜,热歌榜,2026-10-02,94,我知道,BY2,上升 12,,470336,001P410a0Iq4K0,https://y.qq.com/n/ryqq/toplist/26
2026-10-02,2026-10-02T13:49:31+08:00,QQ音乐,热歌榜,热歌榜,2026-10-02,95,下一个天亮,郭静,上升 4,,876541,003PKZMI1Wyx1A,https://y.qq.com/n/ryqq/toplist/26
2026-10-02,2026-10-02T13:49:31+08:00,QQ音乐,热歌榜,热歌榜,2026-10-02,96,你要的全拿走,胡彦斌,上升 8,,212808217,001eyHlv2fu50T,https://y.qq.com/n/ryqq/toplist/26
2026-10-02,2026-10-02T13:49:31+08:00,QQ音乐,热歌榜,热歌榜,2026-10-02,97,孤独患者,陈奕迅,上升 8,,1021078,003YQ8lP3NBXKl,https://y.qq.com/n/ryqq/toplist/26
2026-10-02,2026-10-02T13:49:31+08:00,QQ音乐,热歌榜,热歌榜,2026-10-02,98,那些你很冒险的梦,林俊杰,上升 3,,102388808,002PQCmo2azasb,https://y.qq.com/n/ryqq/toplist/26
2026-10-02,2026-10-02T13:49:31+08:00,QQ音乐,热歌榜,热歌榜,2026-10-02,99,一样的月光,徐佳莹,下降 2,,7063423,000cchEp2CGNEf,https://y.qq.com/n/ryqq/toplist/26
2026-10-02,2026-10-02T13:49:31+08:00,QQ音乐,热歌榜,热歌榜,2026-10-02,100,后来,刘若英,下降 10,,4830150,0017zqT34WuQwa,https://y.qq.com/n/ryqq/toplist/26
2026-10-02,2026-10-02T13:49:31+08:00,QQ音乐,飙升榜,飙升榜,2026-10-02,1,我爱你中国 (Live),孙楠/韩红/黄绮珊/古巨基/陈楚生/王心凌/谭维维/胡彦斌/郁可唯/汪苏泷/周深/宋亚轩/杨坤/单依纯/何炅/李莎旻子,热度 80%,,471040594,001rd1S93gcWUF,https://y.qq.com/n/ryqq/toplist/62
2026-10-02,2026-10-02T13:49:31+08:00,QQ音乐,飙升榜,飙升榜,2026-10-02,2,祝福祖国 (合唱版),晴婉/赵若海,热度 47%,,726573373,004WyTOY2yOcMb,https://y.qq.com/n/ryqq/toplist/62
2026-10-02,2026-10-02T13:49:31+08:00,QQ音乐,飙升榜,飙升榜,2026-10-02,3,万疆,李玉刚,热度 43%,,308342980,001WmNbi2uBHce,https://y.qq.com/n/ryqq/toplist/62
2026-10-02,2026-10-02T13:49:31+08:00,QQ音乐,飙升榜,飙升榜,2026-10-02,4,如愿,王菲,热度 39%,,326584182,004Kbn3m2HV9Y3,https://y.qq.com/n/ryqq/toplist/62
2026-10-02,2026-10-02T13:49:31+08:00,QQ音乐,飙升榜,飙升榜,2026-10-02,5,水蓝色情人,刘宇,热度 38%,,729810554,003MX6Ny2I2WNc,https://y.qq.com/n/ryqq/toplist/62
2026-10-02,2026-10-02T13:49:31+08:00,QQ音乐,飙升榜,飙升榜,2026-10-02,6,天地龙鳞,王力宏,热度 31%,,334382135,004VAoXe40mO4M,https://y.qq.com/n/ryqq/toplist/62
2026-10-02,2026-10-02T13:49:31+08:00,QQ音乐,飙升榜,飙升榜,2026-10-02,7,我和我的祖国,华语群星,热度 29%,,239855810,002kMLPr4UrAYi,https://y.qq.com/n/ryqq/toplist/62
2026-10-02,2026-10-02T13:49:31+08:00,QQ音乐,飙升榜,飙升榜,2026-10-02,8,茶汤,郁可唯,热度 27%,,4936030,002iWKlh2DcjFL,https://y.qq.com/n/ryqq/toplist/62
2026-10-02,2026-10-02T13:49:31+08:00,QQ音乐,飙升榜,飙升榜,2026-10-02,9,灯火里的中国 (舒楠监制 官方正式版),张也/周深,热度 23%,,305452802,001tzYvW2HYVgF,https://y.qq.com/n/ryqq/toplist/62
2026-10-02,2026-10-02T13:49:31+08:00,QQ音乐,飙升榜,飙升榜,2026-10-02,10,我和我的祖国,李谷一,热度 21%,,7130558,003BD2rz12tOmK,https://y.qq.com/n/ryqq/toplist/62
2026-10-02,2026-10-02T13:49:31+08:00,QQ音乐,飙升榜,飙升榜,2026-10-02,11,今天是你的生日，中国,周深,热度 20%,,327401228,001hQ5RR4dGKAr,https://y.qq.com/n/ryqq/toplist/62
2026-10-02,2026-10-02T13:49:31+08:00,QQ音乐,飙升榜,飙升榜,2026-10-02,12,红星闪闪 (红星歌),库库小队,热度 20%,,594814470,0047vkW01xjgda,https://y.qq.com/n/ryqq/toplist/62
2026-10-02,2026-10-02T13:49:31+08:00,QQ音乐,飙升榜,飙升榜,2026-10-02,13,雨爱,杨丞琳,热度 19%,,645819,000jcKFG0sQrD0,https://y.qq.com/n/ryqq/toplist/62
2026-10-02,2026-10-02T13:49:31+08:00,QQ音乐,飙升榜,飙升榜,2026-10-02,14,晴天,周杰伦,热度 18%,,97773,000MkMni19ClKG,https://y.qq.com/n/ryqq/toplist/62
2026-10-02,2026-10-02T13:49:31+08:00,QQ音乐,飙升榜,飙升榜,2026-10-02,15,Always Online,林俊杰,热度 17%,,447257,002g6zv02X7SNi,https://y.qq.com/n/ryqq/toplist/62
2026-10-02,2026-10-02T13:49:31+08:00,QQ音乐,飙升榜,飙升榜,2026-10-02,16,奢香夫人,凤凰传奇,热度 17%,,475408,0021YkiD1WR578,https://y.qq.com/n/ryqq/toplist/62
2026-10-02,2026-10-02T13:49:31+08:00,QQ音乐,飙升榜,飙升榜,2026-10-02,17,大中国 (Live),孙楠/韩红/黄绮珊/古巨基/陈楚生/王心凌/谭维维/胡彦斌/郁可唯/汪苏泷/周深/宋亚轩/毛阿敏/张淇,热度 16%,,456273227,0046V78435K6jj,https://y.qq.com/n/ryqq/toplist/62
2026-10-02,2026-10-02T13:49:31+08:00,QQ音乐,飙升榜,飙升榜,2026-10-02,18,海阔天空,BEYOND,热度 16%,,4835784,002qcJuX3lO3EZ,https://y.qq.com/n/ryqq/toplist/62
2026-10-02,2026-10-02T13:49:31+08:00,QQ音乐,飙升榜,飙升榜,2026-10-02,19,山河图,凤凰传奇,热度 16%,,229387533,0010d4Ux0lChko,https://y.qq.com/n/ryqq/toplist/62
2026-10-02,2026-10-02T13:49:31+08:00,QQ音乐,飙升榜,飙升榜,2026-10-02,20,亲亲我的祖国,库库小队/彭雅歆/曾宇哲,热度 15%,,376523612,003yXoP539oh7x,https://y.qq.com/n/ryqq/toplist/62
2026-10-02,2026-10-02T13:49:31+08:00,QQ音乐,飙升榜,飙升榜,2026-10-02,21,稻香,周杰伦,热度 15%,,449205,002Neh8l0uciQZ,https://y.qq.com/n/ryqq/toplist/62
2026-10-02,2026-10-02T13:49:31+08:00,QQ音乐,飙升榜,飙升榜,2026-10-02,22,特别的人,方大同,热度 15%,,5293866,000GvdTR0qcKh8,https://y.qq.com/n/ryqq/toplist/62
2026-10-02,2026-10-02T13:49:31+08:00,QQ音乐,飙升榜,飙升榜,2026-10-02,23,恋人,李荣浩,热度 15%,,496054946,004HaG7p4ZkhXA,https://y.qq.com/n/ryqq/toplist/62
2026-10-02,2026-10-02T13:49:31+08:00,QQ音乐,飙升榜,飙升榜,2026-10-02,24,情歌,梁静茹,热度 15%,,462188,002E4IXe1ESUij,https://y.qq.com/n/ryqq/toplist/62
2026-10-02,2026-10-02T13:49:31+08:00,QQ音乐,飙升榜,飙升榜,2026-10-02,25,青花瓷,周杰伦,热度 15%,,410316,002eFUFm2XYZ7z,https://y.qq.com/n/ryqq/toplist/62
2026-10-02,2026-10-02T13:49:31+08:00,QQ音乐,飙升榜,飙升榜,2026-10-02,26,甲乙丙丁 (你我怎么两清),李佳薇,热度 15%,,696262512,00446QRA1fTdqA,https://y.qq.com/n/ryqq/toplist/62
2026-10-02,2026-10-02T13:49:31+08:00,QQ音乐,飙升榜,飙升榜,2026-10-02,27,美人鱼,林俊杰,热度 14%,,95292,000y5gq7449K9I,https://y.qq.com/n/ryqq/toplist/62
2026-10-02,2026-10-02T13:49:31+08:00,QQ音乐,飙升榜,飙升榜,2026-10-02,28,失眠,Suki刘舒妤,热度 14%,,4733575,002xCeeN4EJ1Ke,https://y.qq.com/n/ryqq/toplist/62
2026-10-02,2026-10-02T13:49:31+08:00,QQ音乐,飙升榜,飙升榜,2026-10-02,29,红色高跟鞋,蔡健雅,热度 14%,,624649,002dOge41xlS8x,https://y.qq.com/n/ryqq/toplist/62
2026-10-02,2026-10-02T13:49:31+08:00,QQ音乐,飙升榜,飙升榜,2026-10-02,30,演员,薛之谦,热度 14%,,102636799,003y8dsH2wBHlo,https://y.qq.com/n/ryqq/toplist/62
2026-10-02,2026-10-02T13:49:31+08:00,QQ音乐,飙升榜,飙升榜,2026-10-02,31,破冰,安然Thea L,热度 14%,,719719343,002LDpas3Jt8GN,https://y.qq.com/n/ryqq/toplist/62
2026-10-02,2026-10-02T13:49:31+08:00,QQ音乐,飙升榜,飙升榜,2026-10-02,32,红尘客栈,周杰伦,热度 14%,,5177680,003Ow85E3pnoqi,https://y.qq.com/n/ryqq/toplist/62
2026-10-02,2026-10-02T13:49:31+08:00,QQ音乐,飙升榜,飙升榜,2026-10-02,33,花海,周杰伦,热度 14%,,449198,002Neh8l0uciQZ,https://y.qq.com/n/ryqq/toplist/62
2026-10-02,2026-10-02T13:49:31+08:00,QQ音乐,飙升榜,飙升榜,2026-10-02,34,我的祖国,刀郎,热度 14%,,875256,003tWHww3XSU6D,https://y.qq.com/n/ryqq/toplist/62
2026-10-02,2026-10-02T13:49:31+08:00,QQ音乐,飙升榜,飙升榜,2026-10-02,35,江南,林俊杰,热度 14%,,9063002,000y5gq7449K9I,https://y.qq.com/n/ryqq/toplist/62
2026-10-02,2026-10-02T13:49:31+08:00,QQ音乐,飙升榜,飙升榜,2026-10-02,36,搁浅,周杰伦,热度 14%,,102065750,003DFRzD192KKD,https://y.qq.com/n/ryqq/toplist/62
2026-10-02,2026-10-02T13:49:31+08:00,QQ音乐,飙升榜,飙升榜,2026-10-02,37,祖国祖国我们爱你 (小学音乐素养),库库小队,热度 14%,,594814101,001jG5rh3XvYCt,https://y.qq.com/n/ryqq/toplist/62
2026-10-02,2026-10-02T13:49:31+08:00,QQ音乐,飙升榜,飙升榜,2026-10-02,38,告白气球,周杰伦,热度 14%,,107192078,003RMaRI1iFoYd,https://y.qq.com/n/ryqq/toplist/62
2026-10-02,2026-10-02T13:49:31+08:00,QQ音乐,飙升榜,飙升榜,2026-10-02,39,小美满,周深,热度 14%,,468749280,0002ATV00WcBgd,https://y.qq.com/n/ryqq/toplist/62
2026-10-02,2026-10-02T13:49:31+08:00,QQ音乐,飙升榜,飙升榜,2026-10-02,40,强军战歌,阎维文,热度 13%,,7211917,003pTybC16SsVw,https://y.qq.com/n/ryqq/toplist/62
2026-10-02,2026-10-02T13:49:31+08:00,QQ音乐,飙升榜,飙升榜,2026-10-02,41,心墙,郭静,热度 13%,,474797,003EHcB24J8t9Z,https://y.qq.com/n/ryqq/toplist/62
2026-10-02,2026-10-02T13:49:31+08:00,QQ音乐,飙升榜,飙升榜,2026-10-02,42,七里香,周杰伦,热度 13%,,102065756,003DFRzD192KKD,https://y.qq.com/n/ryqq/toplist/62
2026-10-02,2026-10-02T13:49:31+08:00,QQ音乐,飙升榜,飙升榜,2026-10-02,43,最炫民族风,凤凰传奇,热度 13%,,102210812,0021YkiD1WR578,https://y.qq.com/n/ryqq/toplist/62
2026-10-02,2026-10-02T13:49:31+08:00,QQ音乐,飙升榜,飙升榜,2026-10-02,44,夜曲,周杰伦,热度 13%,,718477,0024bjiL2aocxT,https://y.qq.com/n/ryqq/toplist/62
2026-10-02,2026-10-02T13:49:31+08:00,QQ音乐,飙升榜,飙升榜,2026-10-02,45,我怀念的,孙燕姿,热度 13%,,5211338,000P3l050Olt27,https://y.qq.com/n/ryqq/toplist/62
2026-10-02,2026-10-02T13:49:31+08:00,QQ音乐,飙升榜,飙升榜,2026-10-02,46,黄种人,谢霆锋,热度 13%,,7097682,000hauqT034ctw,https://y.qq.com/n/ryqq/toplist/62
2026-10-02,2026-10-02T13:49:31+08:00,QQ音乐,飙升榜,飙升榜,2026-10-02,47,少年中国说,张杰,热度 13%,,328373747,000tTSP43URC3L,https://y.qq.com/n/ryqq/toplist/62
2026-10-02,2026-10-02T13:49:31+08:00,QQ音乐,飙升榜,飙升榜,2026-10-02,48,兰亭序,周杰伦,热度 13%,,449201,002Neh8l0uciQZ,https://y.qq.com/n/ryqq/toplist/62
2026-10-02,2026-10-02T13:49:31+08:00,QQ音乐,飙升榜,飙升榜,2026-10-02,49,歌唱祖国,中国广播艺术团合唱,热度 12%,,622433,000oxezb15Z26B,https://y.qq.com/n/ryqq/toplist/62
2026-10-02,2026-10-02T13:49:31+08:00,QQ音乐,飙升榜,飙升榜,2026-10-02,50,一路向北,周杰伦,热度 12%,,5105986,002MAeob3zLXwZ,https://y.qq.com/n/ryqq/toplist/62
2026-10-02,2026-10-02T13:49:31+08:00,QQ音乐,飙升榜,飙升榜,2026-10-02,51,琵琶曲,郑浩/冰洁,热度 12%,,627317850,002PmUzc12N5S7,https://y.qq.com/n/ryqq/toplist/62
2026-10-02,2026-10-02T13:49:31+08:00,QQ音乐,飙升榜,飙升榜,2026-10-02,52,我爱你中国 (2017新编曲版),汪峰,热度 12%,,202163146,003k3pNG0KpRVI,https://y.qq.com/n/ryqq/toplist/62
2026-10-02,2026-10-02T13:49:31+08:00,QQ音乐,飙升榜,飙升榜,2026-10-02,53,唯一,G.E.M.邓紫棋,热度 12%,,438910555,002d6m7k0xCbSv,https://y.qq.com/n/ryqq/toplist/62
2026-10-02,2026-10-02T13:49:31+08:00,QQ音乐,飙升榜,飙升榜,2026-10-02,54,爱错,王力宏,热度 12%,,105905415,002ElVxf43rOue,https://y.qq.com/n/ryqq/toplist/62
2026-10-02,2026-10-02T13:49:31+08:00,QQ音乐,飙升榜,飙升榜,2026-10-02,55,Baby,Justin Bieber/Ludacris,热度 12%,,203644381,002TfnxG2yN1na,https://y.qq.com/n/ryqq/toplist/62
2026-10-02,2026-10-02T13:49:31+08:00,QQ音乐,飙升榜,飙升榜,2026-10-02,56,发如雪,周杰伦,热度 11%,,718475,0024bjiL2aocxT,https://y.qq.com/n/ryqq/toplist/62
2026-10-02,2026-10-02T13:49:31+08:00,QQ音乐,飙升榜,飙升榜,2026-10-02,57,光亮,周深,热度 11%,,331715300,0010lMkS0O2pq5,https://y.qq.com/n/ryqq/toplist/62
2026-10-02,2026-10-02T13:49:31+08:00,QQ音乐,飙升榜,飙升榜,2026-10-02,58,蓝莲花,许巍,热度 11%,,1007827,003GDQSA1c4k5T,https://y.qq.com/n/ryqq/toplist/62
2026-10-02,2026-10-02T13:49:31+08:00,QQ音乐,飙升榜,飙升榜,2026-10-02,59,琵琶行,奇然/沈谧仁,热度 11%,,202162281,003OSjGL1uNVGw,https://y.qq.com/n/ryqq/toplist/62
2026-10-02,2026-10-02T13:49:31+08:00,QQ音乐,飙升榜,飙升榜,2026-10-02,60,中国人,刘德华,热度 11%,,102386024,002poFpm3AdEuF,https://y.qq.com/n/ryqq/toplist/62
2026-10-02,2026-10-02T13:49:31+08:00,QQ音乐,飙升榜,飙升榜,2026-10-02,61,麦恩莉,方大同,热度 11%,,2550926,000ih4iv3HCmno,https://y.qq.com/n/ryqq/toplist/62
2026-10-02,2026-10-02T13:49:31+08:00,QQ音乐,飙升榜,飙升榜,2026-10-02,62,自由飞翔,凤凰传奇,热度 11%,,399539,000xdvfH2DxJ4f,https://y.qq.com/n/ryqq/toplist/62
2026-10-02,2026-10-02T13:49:31+08:00,QQ音乐,飙升榜,飙升榜,2026-10-02,63,中国话,S.H.E,热度 11%,,391455,0042B0GS3M9Loe,https://y.qq.com/n/ryqq/toplist/62
2026-10-02,2026-10-02T13:49:31+08:00,QQ音乐,飙升榜,飙升榜,2026-10-02,64,龙的传人 (小学音乐素养),库库小队,热度 11%,,596443920,004AeeGT4IPUoI,https://y.qq.com/n/ryqq/toplist/62
2026-10-02,2026-10-02T13:49:31+08:00,QQ音乐,飙升榜,飙升榜,2026-10-02,65,Whatever Happens,Michael Jackson/Carlos Santana,热度 11%,,315453,003fmcI10dzkHT,https://y.qq.com/n/ryqq/toplist/62
2026-10-02,2026-10-02T13:49:31+08:00,QQ音乐,飙升榜,飙升榜,2026-10-02,66,关键词,林俊杰,热度 10%,,105393420,004Tvu0F207cps,https://y.qq.com/n/ryqq/toplist/62
2026-10-02,2026-10-02T13:49:31+08:00,QQ音乐,飙升榜,飙升榜,2026-10-02,67,全是爱,凤凰传奇,热度 10%,,475394,0021YkiD1WR578,https://y.qq.com/n/ryqq/toplist/62
2026-10-02,2026-10-02T13:49:31+08:00,QQ音乐,飙升榜,飙升榜,2026-10-02,68,蒲公英的约定,周杰伦,热度 10%,,102340965,002eFUFm2XYZ7z,https://y.qq.com/n/ryqq/toplist/62
2026-10-02,2026-10-02T13:49:31+08:00,QQ音乐,飙升榜,飙升榜,2026-10-02,69,爱在西元前,周杰伦,热度 10%,,97740,000I5jJB3blWeN,https://y.qq.com/n/ryqq/toplist/62
2026-10-02,2026-10-02T13:49:31+08:00,QQ音乐,飙升榜,飙升榜,2026-10-02,70,红星闪闪亮,周深,热度 10%,,492728259,001x6obL3RBoSs,https://y.qq.com/n/ryqq/toplist/62
2026-10-02,2026-10-02T13:49:31+08:00,QQ音乐,飙升榜,飙升榜,2026-10-02,71,背对背拥抱,林俊杰,热度 10%,,648231,002C0kX720gMQi,https://y.qq.com/n/ryqq/toplist/62
2026-10-02,2026-10-02T13:49:31+08:00,QQ音乐,飙升榜,飙升榜,2026-10-02,72,篇章,张韶涵/王赫野,热度 10%,,354187080,003kVe3P4eFFrH,https://y.qq.com/n/ryqq/toplist/62
2026-10-02,2026-10-02T13:49:31+08:00,QQ音乐,飙升榜,飙升榜,2026-10-02,73,国旗国旗真美丽（小学音乐素养）,库库小队,热度 10%,,592673090,000J4TeB3K2gMk,https://y.qq.com/n/ryqq/toplist/62
2026-10-02,2026-10-02T13:49:31+08:00,QQ音乐,飙升榜,飙升榜,2026-10-02,74,不死鸟,霍尊,热度 10%,,281744703,000lLXAK298Xui,https://y.qq.com/n/ryqq/toplist/62
2026-10-02,2026-10-02T13:49:31+08:00,QQ音乐,飙升榜,飙升榜,2026-10-02,75,说好的幸福呢,周杰伦,热度 10%,,449200,002Neh8l0uciQZ,https://y.qq.com/n/ryqq/toplist/62
2026-10-02,2026-10-02T13:49:31+08:00,QQ音乐,飙升榜,飙升榜,2026-10-02,76,我们俩,郭顶,热度 10%,,105413206,003sMyYb4HZAAz,https://y.qq.com/n/ryqq/toplist/62
2026-10-02,2026-10-02T13:49:31+08:00,QQ音乐,飙升榜,飙升榜,2026-10-02,77,我爱北京天安门 (小学音乐素养),库库小队,热度 10%,,661299198,001iU21Z3rTuvT,https://y.qq.com/n/ryqq/toplist/62
2026-10-02,2026-10-02T13:49:31+08:00,QQ音乐,飙升榜,飙升榜,2026-10-02,78,富士山下,陈奕迅,热度 10%,,260678,004Z85XP1c25b7,https://y.qq.com/n/ryqq/toplist/62
2026-10-02,2026-10-02T13:49:31+08:00,QQ音乐,飙升榜,飙升榜,2026-10-02,79,素颜,许嵩/何曼婷,热度 10%,,101813361,0035f8nw11cjkf,https://y.qq.com/n/ryqq/toplist/62
2026-10-02,2026-10-02T13:49:31+08:00,QQ音乐,飙升榜,飙升榜,2026-10-02,80,退后,周杰伦,热度 10%,,102066449,002jLGWe16Tf1H,https://y.qq.com/n/ryqq/toplist/62
2026-10-02,2026-10-02T13:49:31+08:00,QQ音乐,飙升榜,飙升榜,2026-10-02,81,其实,薛之谦,热度 10%,,104775877,000QgFcm0v8WaF,https://y.qq.com/n/ryqq/toplist/62
2026-10-02,2026-10-02T13:49:31+08:00,QQ音乐,飙升榜,飙升榜,2026-10-02,82,枫,周杰伦,热度 10%,,718479,0024bjiL2aocxT,https://y.qq.com/n/ryqq/toplist/62
2026-10-02,2026-10-02T13:49:31+08:00,QQ音乐,飙升榜,飙升榜,2026-10-02,83,最佳损友,陈奕迅,热度 9%,,1338414,002FT46H18G1jW,https://y.qq.com/n/ryqq/toplist/62
2026-10-02,2026-10-02T13:49:31+08:00,QQ音乐,飙升榜,飙升榜,2026-10-02,84,烟花易冷,周杰伦,热度 9%,,680279,000bviBl4FjTpO,https://y.qq.com/n/ryqq/toplist/62
2026-10-02,2026-10-02T13:49:31+08:00,QQ音乐,飙升榜,飙升榜,2026-10-02,85,雨过后的风景,Dizzy Dizzo (蔡诗芸),热度 9%,,1960263,0038xSkp1EcVBf,https://y.qq.com/n/ryqq/toplist/62
2026-10-02,2026-10-02T13:49:31+08:00,QQ音乐,飙升榜,飙升榜,2026-10-02,86,只怕不抵抗 (小学音乐素养),库库小队,热度 9%,,594814072,001jG5rh3XvYCt,https://y.qq.com/n/ryqq/toplist/62
2026-10-02,2026-10-02T13:49:31+08:00,QQ音乐,飙升榜,飙升榜,2026-10-02,87,反方向的钟,周杰伦,热度 9%,,97759,000f01724fd7TH,https://y.qq.com/n/ryqq/toplist/62
2026-10-02,2026-10-02T13:49:31+08:00,QQ音乐,飙升榜,飙升榜,2026-10-02,88,天外来物,薛之谦,热度 9%,,272125057,000K9Zp13TZp5s,https://y.qq.com/n/ryqq/toplist/62
2026-10-02,2026-10-02T13:49:31+08:00,QQ音乐,飙升榜,飙升榜,2026-10-02,89,茶花开了，该回家了,王睿卓/加木,热度 9%,,553433850,001KCGcF29Na3i,https://y.qq.com/n/ryqq/toplist/62
2026-10-02,2026-10-02T13:49:31+08:00,QQ音乐,飙升榜,飙升榜,2026-10-02,90,坏女孩,徐良/小凌,热度 9%,,7112749,002apRhZ4Bq99d,https://y.qq.com/n/ryqq/toplist/62
2026-10-02,2026-10-02T13:49:31+08:00,QQ音乐,飙升榜,飙升榜,2026-10-02,91,阴天,莫文蔚,热度 9%,,4830345,000hTTJN3oScZr,https://y.qq.com/n/ryqq/toplist/62
2026-10-02,2026-10-02T13:49:31+08:00,QQ音乐,飙升榜,飙升榜,2026-10-02,92,祝福祖国,汤灿,热度 9%,,2561190,003rke4H3cnrGU,https://y.qq.com/n/ryqq/toplist/62
2026-10-02,2026-10-02T13:49:31+08:00,QQ音乐,飙升榜,飙升榜,2026-10-02,93,同唱一首歌（小学音乐素养）,库库小队,热度 9%,,592673078,000J4TeB3K2gMk,https://y.qq.com/n/ryqq/toplist/62
2026-10-02,2026-10-02T13:49:31+08:00,QQ音乐,飙升榜,飙升榜,2026-10-02,94,归途有风,王菲,热度 9%,,376942332,0031Fset4czO0Y,https://y.qq.com/n/ryqq/toplist/62
2026-10-02,2026-10-02T13:49:31+08:00,QQ音乐,飙升榜,飙升榜,2026-10-02,95,郎的诱惑,凤凰传奇,热度 9%,,5075092,0021YkiD1WR578,https://y.qq.com/n/ryqq/toplist/62
2026-10-02,2026-10-02T13:49:31+08:00,QQ音乐,飙升榜,飙升榜,2026-10-02,96,我和我的祖国,肖战,热度 9%,,730123605,004WWMjf0VM4ME,https://y.qq.com/n/ryqq/toplist/62
2026-10-02,2026-10-02T13:49:31+08:00,QQ音乐,飙升榜,飙升榜,2026-10-02,97,孤勇者,陈奕迅,热度 9%,,331839675,001uaPM93kxk1R,https://y.qq.com/n/ryqq/toplist/62
2026-10-02,2026-10-02T13:49:31+08:00,QQ音乐,飙升榜,飙升榜,2026-10-02,98,Beauty And A Beat,Justin Bieber/Nicki Minaj,热度 9%,,1473252,002XddZv4cGsXb,https://y.qq.com/n/ryqq/toplist/62
2026-10-02,2026-10-02T13:49:31+08:00,QQ音乐,飙升榜,飙升榜,2026-10-02,99,曾经的你,许巍,热度 9%,,95199,000lrk6m1fk7tl,https://y.qq.com/n/ryqq/toplist/62
2026-10-02,2026-10-02T13:49:31+08:00,QQ音乐,飙升榜,飙升榜,2026-10-02,100,多远都要在一起,G.E.M.邓紫棋,热度 9%,,102174489,003c616O2Zlswm,https://y.qq.com/n/ryqq/toplist/62
2026-10-02,2026-10-02T13:49:31+08:00,酷狗音乐,热歌榜,酷狗TOP500,2026-10-02,1,异想天开,肖战,,3:17,F957C93D8EA8D3EF2335FF72BB5E1585,209339223,https://www.kugou.com/yy/rank/home/1-8888.html?from=rank
2026-10-02,2026-10-02T13:49:31+08:00,酷狗音乐,热歌榜,酷狗TOP500,2026-10-02,2,红尘误此生,宋晓峰,,3:45,9F882DE24A9C98FE3F793B0CECFD3B42,208371033,https://www.kugou.com/yy/rank/home/1-8888.html?from=rank
2026-10-02,2026-10-02T13:49:31+08:00,酷狗音乐,热歌榜,酷狗TOP500,2026-10-02,3,茶汤,郁可唯,,5:06,E2948B4513F34F7A4C7767EAD15BC4F8,4012536,https://www.kugou.com/yy/rank/home/1-8888.html?from=rank
2026-10-02,2026-10-02T13:49:31+08:00,酷狗音乐,热歌榜,酷狗TOP500,2026-10-02,4,祝福祖国 (合唱版),晴婉、赵若海,,3:18,67C10F06DBCE4E957E2E1B5859F7E99C,209433401,https://www.kugou.com/yy/rank/home/1-8888.html?from=rank
2026-10-02,2026-10-02T13:49:31+08:00,酷狗音乐,热歌榜,酷狗TOP500,2026-10-02,5,甲乙丙丁 (你我怎么两清),李佳薇,,3:30,213D580CA0BDCC28A5FDBA995FFDA106,197648995,https://www.kugou.com/yy/rank/home/1-8888.html?from=rank
2026-10-02,2026-10-02T13:49:31+08:00,酷狗音乐,热歌榜,酷狗TOP500,2026-10-02,6,遥远的不是爱,肖战,,3:02,AEC91B6DD57D04C5B8FFF1E52FBE304F,209339223,https://www.kugou.com/yy/rank/home/1-8888.html?from=rank
2026-10-02,2026-10-02T13:49:31+08:00,酷狗音乐,热歌榜,酷狗TOP500,2026-10-02,7,不合时宜,肖战,,3:45,6A82E5A3F8EB93B040AD743768C1C0AB,209339223,https://www.kugou.com/yy/rank/home/1-8888.html?from=rank
2026-10-02,2026-10-02T13:49:31+08:00,酷狗音乐,热歌榜,酷狗TOP500,2026-10-02,8,我不难过,孙燕姿,,5:20,3FD7E1EC51122C745C637735C8BDE716,965883,https://www.kugou.com/yy/rank/home/1-8888.html?from=rank
2026-10-02,2026-10-02T13:49:31+08:00,酷狗音乐,热歌榜,酷狗TOP500,2026-10-02,9,"Allez, aimez!",肖战,,3:22,74ACB6EC1B0678DB8B6EBE512263BF46,209339223,https://www.kugou.com/yy/rank/home/1-8888.html?from=rank
2026-10-02,2026-10-02T13:49:31+08:00,酷狗音乐,热歌榜,酷狗TOP500,2026-10-02,10,大梦归,周深,,3:49,FCEDAF78465CD283E1DA72A8DEAC553A,208910910,https://www.kugou.com/yy/rank/home/1-8888.html?from=rank
2026-10-02,2026-10-02T13:49:31+08:00,酷狗音乐,热歌榜,酷狗TOP500,2026-10-02,11,牡丹亭,浅影阿,,3:00,E3DDA5DFCDC44BCF146E2BDC3916779A,203271867,https://www.kugou.com/yy/rank/home/1-8888.html?from=rank
2026-10-02,2026-10-02T13:49:31+08:00,酷狗音乐,热歌榜,酷狗TOP500,2026-10-02,12,茶花开了，该回家了,王睿卓、加木,,3:10,99F0F17B7C6F110346411E7AD552156D,133732298,https://www.kugou.com/yy/rank/home/1-8888.html?from=rank
2026-10-02,2026-10-02T13:49:31+08:00,酷狗音乐,热歌榜,酷狗TOP500,2026-10-02,13,祝福祖国,顿珠拉姆,,3:19,5DA11A7E705CEAC07CC2F21488DBA9AD,204038427,https://www.kugou.com/yy/rank/home/1-8888.html?from=rank
2026-10-02,2026-10-02T13:49:31+08:00,酷狗音乐,热歌榜,酷狗TOP500,2026-10-02,14,秋风一吹又老一岁 (女版烟嗓),微醺森林,,3:41,6024903A2603AFB6FBD0453162BDED63,207534691,https://www.kugou.com/yy/rank/home/1-8888.html?from=rank
2026-10-02,2026-10-02T13:49:31+08:00,酷狗音乐,热歌榜,酷狗TOP500,2026-10-02,15,泪海,许茹芸,,4:58,FBC174E7C22B9AF471B7B93A61751E1B,975212,https://www.kugou.com/yy/rank/home/1-8888.html?from=rank
2026-10-02,2026-10-02T13:49:31+08:00,酷狗音乐,热歌榜,酷狗TOP500,2026-10-02,16,我听人说思念像风一样 (宿命版),顿珠拉姆,,3:32,A1A54A845122AA0473BC649F77808ACB,207663627,https://www.kugou.com/yy/rank/home/1-8888.html?from=rank
2026-10-02,2026-10-02T13:49:31+08:00,酷狗音乐,热歌榜,酷狗TOP500,2026-10-02,17,九月底,余佳运,,4:17,9983DA61BCDB296EED401069F82F7484,12739065,https://www.kugou.com/yy/rank/home/1-8888.html?from=rank
2026-10-02,2026-10-02T13:49:31+08:00,酷狗音乐,热歌榜,酷狗TOP500,2026-10-02,18,山风山风等等我,万海东,,3:29,CE256D96F1F025D60468D8F0BC9EE64B,200106963,https://www.kugou.com/yy/rank/home/1-8888.html?from=rank
2026-10-02,2026-10-02T13:49:31+08:00,酷狗音乐,热歌榜,酷狗TOP500,2026-10-02,19,月亮替我望故乡,任夏,,3:32,7A4E37A535C66AB760E761DE8322B04D,207826335,https://www.kugou.com/yy/rank/home/1-8888.html?from=rank
2026-10-02,2026-10-02T13:49:31+08:00,酷狗音乐,热歌榜,酷狗TOP500,2026-10-02,20,Whatever Happens,Michael Jackson,,4:57,C0E4D361A67DE916D8A5990C0EF34479,1786970,https://www.kugou.com/yy/rank/home/1-8888.html?from=rank
2026-10-02,2026-10-02T13:49:31+08:00,酷狗音乐,热歌榜,酷狗TOP500,2026-10-02,21,你有没有真的爱过我,阿图表妹,,4:03,FE39668F68770C3FB3BE57A3E86CCC10,190170015,https://www.kugou.com/yy/rank/home/1-8888.html?from=rank
2026-10-02,2026-10-02T13:49:31+08:00,酷狗音乐,热歌榜,酷狗TOP500,2026-10-02,22,情歌,梁静茹,,4:20,72DB6DA75FFE23A3A6361BDB8F44D5F4,2997268,https://www.kugou.com/yy/rank/home/1-8888.html?from=rank
2026-10-02,2026-10-02T13:49:31+08:00,酷狗音乐,热歌榜,酷狗TOP500,2026-10-02,23,如果累了就回故乡 (少年版),酷酷里、面妹孔佳奇,,3:50,02B553BC8BB80E6948A78DE0CF4ED354,203339346,https://www.kugou.com/yy/rank/home/2-8888.html?from=rank
2026-10-02,2026-10-02T13:49:31+08:00,酷狗音乐,热歌榜,酷狗TOP500,2026-10-02,24,我喝了爱情的鹤顶红,归来小易,,2:58,E8134CE0D3DDBCDEC6CC1A6CF89F4AE8,208291891,https://www.kugou.com/yy/rank/home/2-8888.html?from=rank
2026-10-02,2026-10-02T13:49:31+08:00,酷狗音乐,热歌榜,酷狗TOP500,2026-10-02,25,五百年沧海桑田,星火社,,3:36,2D44700BFB234137DEF21A00DC0DC076,207886350,https://www.kugou.com/yy/rank/home/2-8888.html?from=rank
2026-10-02,2026-10-02T13:49:31+08:00,酷狗音乐,热歌榜,酷狗TOP500,2026-10-02,26,回到你身边 (让你知道),h3R3刘清云,,3:51,D47C45995D6D88F23AB76601702D9C9E,199501920,https://www.kugou.com/yy/rank/home/2-8888.html?from=rank
2026-10-02,2026-10-02T13:49:31+08:00,酷狗音乐,热歌榜,酷狗TOP500,2026-10-02,27,雨爱,杨丞琳,,4:21,2592FFA57A2D8B1A16F18D991B7098CD,2694607,https://www.kugou.com/yy/rank/home/2-8888.html?from=rank
2026-10-02,2026-10-02T13:49:31+08:00,酷狗音乐,热歌榜,酷狗TOP500,2026-10-02,28,无奈的思绪 (烟嗓版),嘉慧,,2:36,EEC9FD2DBB1BB3C5C1A282C35C537814,208549253,https://www.kugou.com/yy/rank/home/2-8888.html?from=rank
2026-10-02,2026-10-02T13:49:31+08:00,酷狗音乐,热歌榜,酷狗TOP500,2026-10-02,29,人生路漫漫,白小白,,3:55,B8CA573A69DB5050C7EE0C1AB79144E5,179917533,https://www.kugou.com/yy/rank/home/2-8888.html?from=rank
2026-10-02,2026-10-02T13:49:31+08:00,酷狗音乐,热歌榜,酷狗TOP500,2026-10-02,30,九月底 (Live),余佳运,,4:09,7314D78349F2695435D4320CBB6FF9E2,74127806,https://www.kugou.com/yy/rank/home/2-8888.html?from=rank
2026-10-02,2026-10-02T13:49:31+08:00,酷狗音乐,热歌榜,酷狗TOP500,2026-10-02,31,偏爱,张芸京,,3:33,4A544525C1F78DBDF25361DB0E255495,968788,https://www.kugou.com/yy/rank/home/2-8888.html?from=rank
2026-10-02,2026-10-02T13:49:31+08:00,酷狗音乐,热歌榜,酷狗TOP500,2026-10-02,32,山风山风等等我 (女声合唱),佳佳、宋盐球、金钰双双、天雯,,3:29,A7F74A6D359F6A82A8ED0887513FE39E,208673557,https://www.kugou.com/yy/rank/home/2-8888.html?from=rank
2026-10-02,2026-10-02T13:49:31+08:00,酷狗音乐,热歌榜,酷狗TOP500,2026-10-02,33,风月吻眉梢,礼越,,3:26,DDE279AF8DB58030F87ED111E108D8A8,152382604,https://www.kugou.com/yy/rank/home/2-8888.html?from=rank
2026-10-02,2026-10-02T13:49:31+08:00,酷狗音乐,热歌榜,酷狗TOP500,2026-10-02,34,如愿,王菲,,4:25,EC1A18BBD6B61CB203E656B91F5CF2D1,49057589,https://www.kugou.com/yy/rank/home/2-8888.html?from=rank
2026-10-02,2026-10-02T13:49:31+08:00,酷狗音乐,热歌榜,酷狗TOP500,2026-10-02,35,黄昏,周传雄,,5:44,7DE9A9CD041157F6BF3FE9FFBCF120E3,964612,https://www.kugou.com/yy/rank/home/2-8888.html?from=rank
2026-10-02,2026-10-02T13:49:31+08:00,酷狗音乐,热歌榜,酷狗TOP500,2026-10-02,36,开始懂了,孙燕姿,,4:32,93F260998A10F4AD6B46606AF5C8EC72,972102,https://www.kugou.com/yy/rank/home/2-8888.html?from=rank
2026-10-02,2026-10-02T13:49:31+08:00,酷狗音乐,热歌榜,酷狗TOP500,2026-10-02,37,你不该权衡利弊,李婷雪,,3:49,B4EE7D20EADA2A043636B4E560663F29,203889405,https://www.kugou.com/yy/rank/home/2-8888.html?from=rank
2026-10-02,2026-10-02T13:49:31+08:00,酷狗音乐,热歌榜,酷狗TOP500,2026-10-02,38,樱花草,Sweety,,4:44,F0B01830164E4974A2AC9E85DD446D45,507451,https://www.kugou.com/yy/rank/home/2-8888.html?from=rank
2026-10-02,2026-10-02T13:49:31+08:00,酷狗音乐,热歌榜,酷狗TOP500,2026-10-02,39,失眠,Suki刘舒妤,,3:31,EC476A2009EF5DCAC13EDCD11870DF55,671621,https://www.kugou.com/yy/rank/home/2-8888.html?from=rank
2026-10-02,2026-10-02T13:49:31+08:00,酷狗音乐,热歌榜,酷狗TOP500,2026-10-02,40,恋人,李荣浩,,4:36,9DA7851E2BF83B18C74CBBAB461CEFDD,106374641,https://www.kugou.com/yy/rank/home/2-8888.html?from=rank
2026-10-02,2026-10-02T13:49:31+08:00,酷狗音乐,热歌榜,酷狗TOP500,2026-10-02,41,出现又离开 (Live),梁博,,6:43,DEAB3B0160E9A410CE0AAA9ED8AC602E,19284949,https://www.kugou.com/yy/rank/home/2-8888.html?from=rank
2026-10-02,2026-10-02T13:49:31+08:00,酷狗音乐,热歌榜,酷狗TOP500,2026-10-02,42,弯弯的月亮,刘欢,,5:08,8C6E5E220011AB0FF5559CFC88350DA2,2512664,https://www.kugou.com/yy/rank/home/2-8888.html?from=rank
2026-10-02,2026-10-02T13:49:31+08:00,酷狗音乐,热歌榜,酷狗TOP500,2026-10-02,43,盛夏的果实,莫文蔚,,4:11,1C86CBC64AE9A6C3539A36CAADDF1A59,978378,https://www.kugou.com/yy/rank/home/2-8888.html?from=rank
2026-10-02,2026-10-02T13:49:31+08:00,酷狗音乐,热歌榜,酷狗TOP500,2026-10-02,44,雨过后的风景,Dizzy Dizzo (蔡诗芸),,4:03,E3F046EDB5EB76BBA5A44FFA3D8F8C42,974143,https://www.kugou.com/yy/rank/home/2-8888.html?from=rank
2026-10-02,2026-10-02T13:49:31+08:00,酷狗音乐,热歌榜,酷狗TOP500,2026-10-02,45,有魅,刘宇宁,,4:02,3DC73A229F132C1051CFEBFC54D9F85A,209503471,https://www.kugou.com/yy/rank/home/3-8888.html?from=rank
2026-10-02,2026-10-02T13:49:31+08:00,酷狗音乐,热歌榜,酷狗TOP500,2026-10-02,46,阿楚姑娘,袁娅维TIA RAY,,4:09,3848D19461B6679AB8F8918567E8F919,1399265,https://www.kugou.com/yy/rank/home/3-8888.html?from=rank
2026-10-02,2026-10-02T13:49:31+08:00,酷狗音乐,热歌榜,酷狗TOP500,2026-10-02,47,我怀念的,孙燕姿,,4:49,1A3CAACB1E361DAF217A2383E9C8E292,984086,https://www.kugou.com/yy/rank/home/3-8888.html?from=rank
2026-10-02,2026-10-02T13:49:31+08:00,酷狗音乐,热歌榜,酷狗TOP500,2026-10-02,48,晴天,周杰伦,,4:29,B3A52A7A958BF0AED0EBFBA2E9A818B7,966846,https://www.kugou.com/yy/rank/home/3-8888.html?from=rank
2026-10-02,2026-10-02T13:49:31+08:00,酷狗音乐,热歌榜,酷狗TOP500,2026-10-02,49,茶花开了,王睿卓,,4:30,007A7A8EAFA3FF9EA51EF6A767AC3497,130468077,https://www.kugou.com/yy/rank/home/3-8888.html?from=rank
2026-10-02,2026-10-02T13:49:31+08:00,酷狗音乐,热歌榜,酷狗TOP500,2026-10-02,50,遇见,孙燕姿,,3:31,9F865C787E90E013B2BC847BAAA306AA,964325,https://www.kugou.com/yy/rank/home/3-8888.html?from=rank
2026-10-02,2026-10-02T13:49:31+08:00,酷狗音乐,热歌榜,酷狗TOP500,2026-10-02,51,不再执着未来 (深情版),张多金,,3:47,812A60F0E4D672F15FE07921405DA6AF,208333434,https://www.kugou.com/yy/rank/home/3-8888.html?from=rank
2026-10-02,2026-10-02T13:49:31+08:00,酷狗音乐,热歌榜,酷狗TOP500,2026-10-02,52,No photo of you left to survey (二十岁的某一天英文版),冬妍DYan,,3:05,7523CFC6EDE31E4C56B30E5220A06B35,206681376,https://www.kugou.com/yy/rank/home/3-8888.html?from=rank
2026-10-02,2026-10-02T13:49:31+08:00,酷狗音乐,热歌榜,酷狗TOP500,2026-10-02,53,阴天,莫文蔚,,4:02,E4271CB5938F401AA283FBEA49223BF8,970575,https://www.kugou.com/yy/rank/home/3-8888.html?from=rank
2026-10-02,2026-10-02T13:49:31+08:00,酷狗音乐,热歌榜,酷狗TOP500,2026-10-02,54,人间情多,石红豆,,3:10,98E274BC0E94D59F3490EDFED90EE19B,209416308,https://www.kugou.com/yy/rank/home/3-8888.html?from=rank
2026-10-02,2026-10-02T13:49:31+08:00,酷狗音乐,热歌榜,酷狗TOP500,2026-10-02,55,一直很安静,阿桑,,4:10,44816EF0288A3B1ED2C4A5C5FE6B93B3,972917,https://www.kugou.com/yy/rank/home/3-8888.html?from=rank
2026-10-02,2026-10-02T13:49:31+08:00,酷狗音乐,热歌榜,酷狗TOP500,2026-10-02,56,成都,赵雷,,5:28,A06B033B356BFC974C5245D0195086A5,1802652,https://www.kugou.com/yy/rank/home/3-8888.html?from=rank
2026-10-02,2026-10-02T13:49:31+08:00,酷狗音乐,热歌榜,酷狗TOP500,2026-10-02,57,失控,井迪,,4:15,44FE8C442EB1F254D15717F1DC03C9BF,40221609,https://www.kugou.com/yy/rank/home/3-8888.html?from=rank
2026-10-02,2026-10-02T13:49:31+08:00,酷狗音乐,热歌榜,酷狗TOP500,2026-10-02,58,莫伤怀,藏族次仁大叔,,3:27,475C02A75D74F13BD1A0B711A9A3F465,208296519,https://www.kugou.com/yy/rank/home/3-8888.html?from=rank
2026-10-02,2026-10-02T13:49:31+08:00,酷狗音乐,热歌榜,酷狗TOP500,2026-10-02,59,最佳损友,陈奕迅,,3:54,CBFA7DDE592B23322E21E4BDAA9BE9F9,964332,https://www.kugou.com/yy/rank/home/3-8888.html?from=rank
2026-10-02,2026-10-02T13:49:31+08:00,酷狗音乐,热歌榜,酷狗TOP500,2026-10-02,60,像我这样爱你的人,落日微醺本薰、张多金,,4:22,2AEE05C92035800815DE6AFEE285FD0B,201366705,https://www.kugou.com/yy/rank/home/3-8888.html?from=rank
2026-10-02,2026-10-02T13:49:31+08:00,酷狗音乐,热歌榜,酷狗TOP500,2026-10-02,61,慢品人间烟火气 (微醺版),涂一乐,,2:21,D097F9EC5D9A175447E0A120DCEEF3B8,204334307,https://www.kugou.com/yy/rank/home/3-8888.html?from=rank
2026-10-02,2026-10-02T13:49:31+08:00,酷狗音乐,热歌榜,酷狗TOP500,2026-10-02,62,坏女孩,徐良、小凌,,4:07,9365223F903B13D0DAF54B6091AC3E7B,511536,https://www.kugou.com/yy/rank/home/3-8888.html?from=rank
2026-10-02,2026-10-02T13:49:31+08:00,酷狗音乐,热歌榜,酷狗TOP500,2026-10-02,63,下完这场雨,后弦,,4:31,2EEFFF98A4F19D945BBA7C78FB2079C0,1964990,https://www.kugou.com/yy/rank/home/3-8888.html?from=rank
2026-10-02,2026-10-02T13:49:31+08:00,酷狗音乐,热歌榜,酷狗TOP500,2026-10-02,64,不遗憾,李荣浩,,5:20,40CE38D5DB930F404EB26F58978BEC3D,44404137,https://www.kugou.com/yy/rank/home/3-8888.html?from=rank
2026-10-02,2026-10-02T13:49:31+08:00,酷狗音乐,热歌榜,酷狗TOP500,2026-10-02,65,青花,周传雄,,4:58,09B46455BAE7C613ABD0DB362A5DDBDE,960448,https://www.kugou.com/yy/rank/home/3-8888.html?from=rank
2026-10-02,2026-10-02T13:49:31+08:00,酷狗音乐,热歌榜,酷狗TOP500,2026-10-02,66,演员,薛之谦,,4:21,097E777171F692855EAE98B6965F9477,14456909,https://www.kugou.com/yy/rank/home/3-8888.html?from=rank
2026-10-02,2026-10-02T13:49:31+08:00,酷狗音乐,热歌榜,酷狗TOP500,2026-10-02,67,素颜,许嵩、何曼婷,,3:59,30C94AE2868E63B1058DA7685E0CDF3B,13264539,https://www.kugou.com/yy/rank/home/4-8888.html?from=rank
2026-10-02,2026-10-02T13:49:31+08:00,酷狗音乐,热歌榜,酷狗TOP500,2026-10-02,68,琵琶曲,郑浩、冰洁,,3:55,244A022D6CB3FDE50B24E76402053EB3,180917343,https://www.kugou.com/yy/rank/home/4-8888.html?from=rank
2026-10-02,2026-10-02T13:49:31+08:00,酷狗音乐,热歌榜,酷狗TOP500,2026-10-02,69,等一分钟,徐誉滕,,3:56,52ED380B09C692BDF4CE65FD56D918F3,2530746,https://www.kugou.com/yy/rank/home/4-8888.html?from=rank
2026-10-02,2026-10-02T13:49:31+08:00,酷狗音乐,热歌榜,酷狗TOP500,2026-10-02,70,美人鱼,林俊杰,,4:14,CDAE8C7E2FAF7F08DC18E78A1D65117B,969588,https://www.kugou.com/yy/rank/home/4-8888.html?from=rank
2026-10-02,2026-10-02T13:49:31+08:00,酷狗音乐,热歌榜,酷狗TOP500,2026-10-02,71,青花瓷,周杰伦,,3:59,37A8F50A9EC3B267C3CC6BEC633D9C4A,979856,https://www.kugou.com/yy/rank/home/4-8888.html?from=rank
2026-10-02,2026-10-02T13:49:31+08:00,酷狗音乐,热歌榜,酷狗TOP500,2026-10-02,72,多余的解释,许嵩,,4:37,9678D4878727F744FD3D19663CAA8AD9,973251,https://www.kugou.com/yy/rank/home/4-8888.html?from=rank
2026-10-02,2026-10-02T13:49:31+08:00,酷狗音乐,热歌榜,酷狗TOP500,2026-10-02,73,小半,陈粒,,4:57,AFEA9FFE5D7F0EF0874119A363820D33,1749208,https://www.kugou.com/yy/rank/home/4-8888.html?from=rank
2026-10-02,2026-10-02T13:49:31+08:00,酷狗音乐,热歌榜,酷狗TOP500,2026-10-02,74,认真的雪,薛之谦,,4:19,D2E00CC158DB4DA18927AC3B01CC371B,2689239,https://www.kugou.com/yy/rank/home/4-8888.html?from=rank
2026-10-02,2026-10-02T13:49:31+08:00,酷狗音乐,热歌榜,酷狗TOP500,2026-10-02,75,此生不换,青鸟飞鱼,,4:26,F73630B79647324AB3415C21BFA5BD3D,553897,https://www.kugou.com/yy/rank/home/4-8888.html?from=rank
2026-10-02,2026-10-02T13:49:31+08:00,酷狗音乐,热歌榜,酷狗TOP500,2026-10-02,76,红色高跟鞋,蔡健雅,,3:27,055A804B8A3CCC05240D08F8FF1F7DE8,978459,https://www.kugou.com/yy/rank/home/4-8888.html?from=rank
2026-10-02,2026-10-02T13:49:31+08:00,酷狗音乐,热歌榜,酷狗TOP500,2026-10-02,77,稻香,周杰伦,,3:44,8909E1809908CD8E3BF6CF85D98B93F0,960399,https://www.kugou.com/yy/rank/home/4-8888.html?from=rank
2026-10-02,2026-10-02T13:49:31+08:00,酷狗音乐,热歌榜,酷狗TOP500,2026-10-02,78,风的来信 A Letter From the Wind,HOYO-MiX、孙晔,,3:17,47F7D92253F019AB84ED08A09540512E,208709812,https://www.kugou.com/yy/rank/home/4-8888.html?from=rank
2026-10-02,2026-10-02T13:49:31+08:00,酷狗音乐,热歌榜,酷狗TOP500,2026-10-02,79,爱错,王力宏,,3:59,8E021794DFD02C48D2C6281A55BCBDC6,2996462,https://www.kugou.com/yy/rank/home/4-8888.html?from=rank
2026-10-02,2026-10-02T13:49:31+08:00,酷狗音乐,热歌榜,酷狗TOP500,2026-10-02,80,梦哑,任然,,3:54,3194D1AA995469BEF8620E96989D6BA8,193630889,https://www.kugou.com/yy/rank/home/4-8888.html?from=rank
2026-10-02,2026-10-02T13:49:31+08:00,酷狗音乐,热歌榜,酷狗TOP500,2026-10-02,81,黑街,陈雅雯,,4:05,3FDEDFDA2D0131280D7F65CD7D9618D3,1597547,https://www.kugou.com/yy/rank/home/4-8888.html?from=rank
2026-10-02,2026-10-02T13:49:31+08:00,酷狗音乐,热歌榜,酷狗TOP500,2026-10-02,82,金玉良缘,李琦,,3:40,75EA10E7339DA290A5D3AA707C4E2713,535893,https://www.kugou.com/yy/rank/home/4-8888.html?from=rank
2026-10-02,2026-10-02T13:49:31+08:00,酷狗音乐,热歌榜,酷狗TOP500,2026-10-02,83,落了白,蒋雪儿Snow.J,,3:01,74390D89B6BD2E18CFD7F25968EFD98A,40300587,https://www.kugou.com/yy/rank/home/4-8888.html?from=rank
2026-10-02,2026-10-02T13:49:31+08:00,酷狗音乐,热歌榜,酷狗TOP500,2026-10-02,84,唯一,G.E.M.邓紫棋,,4:14,AB05B8F658851282DCB2CBAD548AEB9B,82564821,https://www.kugou.com/yy/rank/home/4-8888.html?from=rank
2026-10-02,2026-10-02T13:49:31+08:00,酷狗音乐,热歌榜,酷狗TOP500,2026-10-02,85,吹吹山顶的风,巴扎黑,,2:59,87311B26EDEE637CA1448E14230BCB68,198304563,https://www.kugou.com/yy/rank/home/4-8888.html?from=rank
2026-10-02,2026-10-02T13:49:31+08:00,酷狗音乐,热歌榜,酷狗TOP500,2026-10-02,86,富士山下,陈奕迅,,4:19,0433F1A94FA162B20FB8AE576A951D6B,976404,https://www.kugou.com/yy/rank/home/4-8888.html?from=rank
2026-10-02,2026-10-02T13:49:31+08:00,酷狗音乐,热歌榜,酷狗TOP500,2026-10-02,87,我爱你中国 (Live),孙楠、韩红、黄绮珊、古巨基、陈楚生、王心凌、谭维维、胡彦斌、郁可唯、汪苏泷、周深、宋亚轩、杨坤、单依纯、何炅、李莎旻子,,5:31,5500C3CE8B32416812A7572FB6CB1F0D,83718089,https://www.kugou.com/yy/rank/home/4-8888.html?from=rank
2026-10-02,2026-10-02T13:49:31+08:00,酷狗音乐,热歌榜,酷狗TOP500,2026-10-02,88,光辉岁月,BEYOND,,5:04,BBFE9596615ADE83FF6B117831C45E4D,960181,https://www.kugou.com/yy/rank/home/4-8888.html?from=rank
2026-10-02,2026-10-02T13:49:31+08:00,酷狗音乐,热歌榜,酷狗TOP500,2026-10-02,89,夜曲,周杰伦,,3:47,16C8AB298231370293D16BCF9E5FF9B6,958909,https://www.kugou.com/yy/rank/home/5-8888.html?from=rank
2026-10-02,2026-10-02T13:49:31+08:00,酷狗音乐,热歌榜,酷狗TOP500,2026-10-02,90,红尘客栈,周杰伦,,4:34,48729371F20FB048EF4E51D4CD41DBF5,982051,https://www.kugou.com/yy/rank/home/5-8888.html?from=rank
2026-10-02,2026-10-02T13:49:31+08:00,酷狗音乐,热歌榜,酷狗TOP500,2026-10-02,91,我知道,BY2,,4:10,38CB283F880797F94A80968E682191E2,530437,https://www.kugou.com/yy/rank/home/5-8888.html?from=rank
2026-10-02,2026-10-02T13:49:31+08:00,酷狗音乐,热歌榜,酷狗TOP500,2026-10-02,92,后来,刘若英,,5:38,C4904D4E3BBA872D41D3BDBF597E2B18,16562,https://www.kugou.com/yy/rank/home/5-8888.html?from=rank
2026-10-02,2026-10-02T13:49:31+08:00,酷狗音乐,热歌榜,酷狗TOP500,2026-10-02,93,岁月如笔写春秋,河南三妹5233,,4:11,5D4C2F9D994E5BECDC9BA0FBC6BD3DD8,191576482,https://www.kugou.com/yy/rank/home/5-8888.html?from=rank
2026-10-02,2026-10-02T13:49:31+08:00,酷狗音乐,热歌榜,酷狗TOP500,2026-10-02,94,雪下的时候,乔佳旭,,4:24,F6B3AA5971A01E755A344C2256606418,35913748,https://www.kugou.com/yy/rank/home/5-8888.html?from=rank
2026-10-02,2026-10-02T13:49:31+08:00,酷狗音乐,热歌榜,酷狗TOP500,2026-10-02,95,发如雪,周杰伦,,4:59,1F7E7659B9FFF4FB6F71562A61BBC25F,958909,https://www.kugou.com/yy/rank/home/5-8888.html?from=rank
2026-10-02,2026-10-02T13:49:31+08:00,酷狗音乐,热歌榜,酷狗TOP500,2026-10-02,96,勇气,梁静茹,,3:59,A4D0C350CF4475BFBB0AB28DC6E25A8D,973299,https://www.kugou.com/yy/rank/home/5-8888.html?from=rank
2026-10-02,2026-10-02T13:49:31+08:00,酷狗音乐,热歌榜,酷狗TOP500,2026-10-02,97,十年,陈奕迅,,3:25,5146461A5717B942F4B13125978618E3,504194,https://www.kugou.com/yy/rank/home/5-8888.html?from=rank
2026-10-02,2026-10-02T13:49:31+08:00,酷狗音乐,热歌榜,酷狗TOP500,2026-10-02,98,再见太难,利得汇,,4:48,AFAA7ACF75FCF8DAC78C0AF7C40D3E9D,2996827,https://www.kugou.com/yy/rank/home/5-8888.html?from=rank
2026-10-02,2026-10-02T13:49:31+08:00,酷狗音乐,热歌榜,酷狗TOP500,2026-10-02,99,不死鸟,霍尊,,4:26,64A97CF5A13020E8B2475FD8C0B6BE93,39743917,https://www.kugou.com/yy/rank/home/5-8888.html?from=rank
2026-10-02,2026-10-02T13:49:31+08:00,酷狗音乐,热歌榜,酷狗TOP500,2026-10-02,100,奢香夫人,凤凰传奇,,4:20,478C572FC9E2E15777A41260DEE293A0,984412,https://www.kugou.com/yy/rank/home/5-8888.html?from=rank
2026-10-02,2026-10-02T13:49:31+08:00,酷狗音乐,热歌榜,酷狗TOP500,2026-10-02,101,有些,颜人中,,3:49,D79E556C176AE1A3ADE8B532810C4CE8,34604592,https://www.kugou.com/yy/rank/home/5-8888.html?from=rank
2026-10-02,2026-10-02T13:49:31+08:00,酷狗音乐,热歌榜,酷狗TOP500,2026-10-02,102,麻花情,海来阿木,,3:47,15DE5A6243A25631593B8735A8AF7172,207237297,https://www.kugou.com/yy/rank/home/5-8888.html?from=rank
2026-10-02,2026-10-02T13:49:31+08:00,酷狗音乐,热歌榜,酷狗TOP500,2026-10-02,103,江南,林俊杰,,4:28,B83DBB8E3DD3FCF86BF32690B91547F5,969588,https://www.kugou.com/yy/rank/home/5-8888.html?from=rank
2026-10-02,2026-10-02T13:49:31+08:00,酷狗音乐,热歌榜,酷狗TOP500,2026-10-02,104,离开我的依赖,王艳薇,,3:54,A9C377CC1B9931F0CE81907E23E4D588,36181053,https://www.kugou.com/yy/rank/home/5-8888.html?from=rank
2026-10-02,2026-10-02T13:49:31+08:00,酷狗音乐,热歌榜,酷狗TOP500,2026-10-02,105,讲不出再见,谭咏麟,,4:54,2E0BFDC7BA2F759B0208A58CB2C26523,2337635,https://www.kugou.com/yy/rank/home/5-8888.html?from=rank
2026-10-02,2026-10-02T13:49:31+08:00,酷狗音乐,热歌榜,酷狗TOP500,2026-10-02,106,碎碎念,队长,,2:13,A823AE8D84854FD2EB5B8E599D1263FA,79831015,https://www.kugou.com/yy/rank/home/5-8888.html?from=rank
2026-10-02,2026-10-02T13:49:31+08:00,酷狗音乐,热歌榜,酷狗TOP500,2026-10-02,107,我们俩,郭顶,,3:14,DD4D224BC3DBFD1A0F6E338928620E69,979601,https://www.kugou.com/yy/rank/home/5-8888.html?from=rank
2026-10-02,2026-10-02T13:49:31+08:00,酷狗音乐,热歌榜,酷狗TOP500,2026-10-02,108,海阔天空,BEYOND,,5:25,C41E80A18D1448FA47086372999C7F43,973001,https://www.kugou.com/yy/rank/home/5-8888.html?from=rank
2026-10-02,2026-10-02T13:49:31+08:00,酷狗音乐,热歌榜,酷狗TOP500,2026-10-02,109,秋天不回来,王强,,4:14,81056FF4FC4F2D0A0E9B38757A60D2F7,81746524,https://www.kugou.com/yy/rank/home/5-8888.html?from=rank
2026-10-02,2026-10-02T13:49:31+08:00,酷狗音乐,热歌榜,酷狗TOP500,2026-10-02,110,童话,光良,,4:04,472FF9D57BCE90288EC88CBE100BCB2A,974097,https://www.kugou.com/yy/rank/home/5-8888.html?from=rank
2026-10-02,2026-10-02T13:49:31+08:00,酷狗音乐,热歌榜,酷狗TOP500,2026-10-02,111,山上的山花开 (无说唱版),一万种声音,,2:31,826A6B5F4B2445157D2AEF0BE786CF1A,207879049,https://www.kugou.com/yy/rank/home/6-8888.html?from=rank
2026-10-02,2026-10-02T13:49:31+08:00,酷狗音乐,热歌榜,酷狗TOP500,2026-10-02,112,会呼吸的痛,梁静茹,,4:32,1EB00DC46AE8E1446B6A9860A56487AC,500574,https://www.kugou.com/yy/rank/home/6-8888.html?from=rank
2026-10-02,2026-10-02T13:49:31+08:00,酷狗音乐,热歌榜,酷狗TOP500,2026-10-02,113,踏马寻花向自由 (雷鬼版),超哥,,2:59,B5BA68A039E54847B4E14A46A268991B,194886112,https://www.kugou.com/yy/rank/home/6-8888.html?from=rank
2026-10-02,2026-10-02T13:49:31+08:00,酷狗音乐,热歌榜,酷狗TOP500,2026-10-02,114,黄土谣,石满仓,,3:51,A1D87E7F13D98A0049D5D9375BF40889,208016285,https://www.kugou.com/yy/rank/home/6-8888.html?from=rank
2026-10-02,2026-10-02T13:49:31+08:00,酷狗音乐,热歌榜,酷狗TOP500,2026-10-02,115,我好像在哪见过你,薛之谦,,4:39,6A350E487263733359E7F2B64BD974AC,1747549,https://www.kugou.com/yy/rank/home/6-8888.html?from=rank
2026-10-02,2026-10-02T13:49:31+08:00,酷狗音乐,热歌榜,酷狗TOP500,2026-10-02,116,我好想你 (苏打绿版),苏打绿,,5:29,55FEA1927AC4D460F6EB3B9262AC9981,108011230,https://www.kugou.com/yy/rank/home/6-8888.html?from=rank
2026-10-02,2026-10-02T13:49:31+08:00,酷狗音乐,热歌榜,酷狗TOP500,2026-10-02,117,我记得,赵雷,,5:30,8CE80CF10A01F37354D63E49C1B60B60,60018447,https://www.kugou.com/yy/rank/home/6-8888.html?from=rank
2026-10-02,2026-10-02T13:49:31+08:00,酷狗音乐,热歌榜,酷狗TOP500,2026-10-02,118,搁浅,周杰伦,,4:00,8141FAA45AAD5BCFF5FF9873B89709E3,971783,https://www.kugou.com/yy/rank/home/6-8888.html?from=rank
2026-10-02,2026-10-02T13:49:31+08:00,酷狗音乐,热歌榜,酷狗TOP500,2026-10-02,119,第57次取消发送,菲菲公主（陆绮菲）,,3:01,F17C489C53382E608F9CBB3ED9F6D2AA,137397074,https://www.kugou.com/yy/rank/home/6-8888.html?from=rank
2026-10-02,2026-10-02T13:49:31+08:00,酷狗音乐,热歌榜,酷狗TOP500,2026-10-02,120,落日微醺 (晚风中一杯酒),落日微醺,,4:14,CB22754AB8A0F20FCC015D0A800758CE,196517740,https://www.kugou.com/yy/rank/home/6-8888.html?from=rank
2026-10-02,2026-10-02T13:49:31+08:00,酷狗音乐,热歌榜,酷狗TOP500,2026-10-02,121,特别的人,方大同,,4:19,0F7A79ADAAEEB6EA1DA3E19DD637FD73,965097,https://www.kugou.com/yy/rank/home/6-8888.html?from=rank
2026-10-02,2026-10-02T13:49:31+08:00,酷狗音乐,热歌榜,酷狗TOP500,2026-10-02,122,幻听,许嵩,,4:33,24F5E7555646965CD7D1A924452B3300,973046,https://www.kugou.com/yy/rank/home/6-8888.html?from=rank
2026-10-02,2026-10-02T13:49:31+08:00,酷狗音乐,热歌榜,酷狗TOP500,2026-10-02,123,天地龙鳞,王力宏,,3:17,DD83DC4A30C3A05D60FFCE6944FB441C,50749156,https://www.kugou.com/yy/rank/home/6-8888.html?from=rank
2026-10-02,2026-10-02T13:49:31+08:00,酷狗音乐,热歌榜,酷狗TOP500,2026-10-02,124,告白气球,周杰伦,,3:36,688857974673645CE89EDA26A36DB19D,1645030,https://www.kugou.com/yy/rank/home/6-8888.html?from=rank
2026-10-02,2026-10-02T13:49:31+08:00,酷狗音乐,热歌榜,酷狗TOP500,2026-10-02,125,戒烟,李荣浩,,4:54,AF36A623D725B98893DAEFDF8010F22E,49390931,https://www.kugou.com/yy/rank/home/6-8888.html?from=rank
2026-10-02,2026-10-02T13:49:31+08:00,酷狗音乐,热歌榜,酷狗TOP500,2026-10-02,126,千千阕歌,陈慧娴,,5:01,81E5A1C3B9E016D61FE91B809B4A7DC1,971621,https://www.kugou.com/yy/rank/home/6-8888.html?from=rank
2026-10-02,2026-10-02T13:49:31+08:00,酷狗音乐,热歌榜,酷狗TOP500,2026-10-02,127,带我走,杨丞琳,,4:50,0C57DE35C3CB2A32A8CF634E4F8309C4,975441,https://www.kugou.com/yy/rank/home/6-8888.html?from=rank
2026-10-02,2026-10-02T13:49:31+08:00,酷狗音乐,热歌榜,酷狗TOP500,2026-10-02,128,其实,薛之谦,,4:02,2A8911EAD4838BF967CF5A300D787E53,960327,https://www.kugou.com/yy/rank/home/6-8888.html?from=rank
2026-10-02,2026-10-02T13:49:31+08:00,酷狗音乐,热歌榜,酷狗TOP500,2026-10-02,129,抽离,徐良、刘丹萌,,4:18,37A9C74C33A9FAEFF672CFDF4C699581,547514,https://www.kugou.com/yy/rank/home/6-8888.html?from=rank
2026-10-02,2026-10-02T13:49:31+08:00,酷狗音乐,热歌榜,酷狗TOP500,2026-10-02,130,灰色轨迹,BEYOND,,5:28,4476FAA4B6567CCC2292BFBBCA93CB9C,39629213,https://www.kugou.com/yy/rank/home/6-8888.html?from=rank
2026-10-02,2026-10-02T13:49:31+08:00,酷狗音乐,热歌榜,酷狗TOP500,2026-10-02,131,七里香,周杰伦,,4:59,9218D81686C6AC681BC7CA621958AD6D,971783,https://www.kugou.com/yy/rank/home/6-8888.html?from=rank
2026-10-02,2026-10-02T13:49:31+08:00,酷狗音乐,热歌榜,酷狗TOP500,2026-10-02,132,天龙八部之宿敌,许嵩,,4:24,9092283E08915874302A9C64032BC79D,503947,https://www.kugou.com/yy/rank/home/6-8888.html?from=rank
2026-10-02,2026-10-02T13:49:31+08:00,酷狗音乐,热歌榜,酷狗TOP500,2026-10-02,133,Always Online,林俊杰,,3:45,16A4E4895905B703AC0F31007A495D4C,963179,https://www.kugou.com/yy/rank/home/7-8888.html?from=rank
2026-10-02,2026-10-02T13:49:31+08:00,酷狗音乐,热歌榜,酷狗TOP500,2026-10-02,134,可不可以,张紫豪,,4:01,6079A2ACBA5E782FE24695FDFCDB1887,9618875,https://www.kugou.com/yy/rank/home/7-8888.html?from=rank
2026-10-02,2026-10-02T13:49:31+08:00,酷狗音乐,热歌榜,酷狗TOP500,2026-10-02,135,半壶纱,刘珂矣,,3:41,951AB088C5A08F491471A1296DF93707,948327,https://www.kugou.com/yy/rank/home/7-8888.html?from=rank
2026-10-02,2026-10-02T13:49:31+08:00,酷狗音乐,热歌榜,酷狗TOP500,2026-10-02,136,猜不透,丁当,,3:53,B1B4CC4F4E90134603CE66CBCF8FA73B,973244,https://www.kugou.com/yy/rank/home/7-8888.html?from=rank
2026-10-02,2026-10-02T13:49:31+08:00,酷狗音乐,热歌榜,酷狗TOP500,2026-10-02,137,游京 (长征版),谭晶,,3:21,40AC5CDA2A533D9A5ECAE5CCB1035D98,208673667,https://www.kugou.com/yy/rank/home/7-8888.html?from=rank
2026-10-02,2026-10-02T13:49:31+08:00,酷狗音乐,热歌榜,酷狗TOP500,2026-10-02,138,相见恨晚,彭佳慧,,4:15,01214FB85BAF49AB74F10AFA4C363540,977553,https://www.kugou.com/yy/rank/home/7-8888.html?from=rank
2026-10-02,2026-10-02T13:49:31+08:00,酷狗音乐,热歌榜,酷狗TOP500,2026-10-02,139,她,刘宇宁,,3:41,A46200A65547E5A267D10B1F32C6A3B1,204979963,https://www.kugou.com/yy/rank/home/7-8888.html?from=rank
2026-10-02,2026-10-02T13:49:31+08:00,酷狗音乐,热歌榜,酷狗TOP500,2026-10-02,140,心墙,郭静,,3:47,97870F3D4B01A7822DC497C6127EA66D,968033,https://www.kugou.com/yy/rank/home/7-8888.html?from=rank
2026-10-02,2026-10-02T13:49:31+08:00,酷狗音乐,热歌榜,酷狗TOP500,2026-10-02,141,只对你有感觉,飞轮海、田馥甄,,3:59,E400C3F475001BA5B0F197F2E1923F47,556347,https://www.kugou.com/yy/rank/home/7-8888.html?from=rank
2026-10-02,2026-10-02T13:49:31+08:00,酷狗音乐,热歌榜,酷狗TOP500,2026-10-02,142,好想再爱你,潘广益,,4:31,B78BA4062528E712B68C42DC6A4D9AAE,957659,https://www.kugou.com/yy/rank/home/7-8888.html?from=rank
2026-10-02,2026-10-02T13:49:31+08:00,酷狗音乐,热歌榜,酷狗TOP500,2026-10-02,143,胆小鬼,梁咏琪,,4:21,E68B94742750691AE00B1D4303818B1F,2822245,https://www.kugou.com/yy/rank/home/7-8888.html?from=rank
2026-10-02,2026-10-02T13:49:31+08:00,酷狗音乐,热歌榜,酷狗TOP500,2026-10-02,144,逍遥叹,胡歌,,5:14,1415E6EAB8E8B0538F5FB66526C9EB65,970409,https://www.kugou.com/yy/rank/home/7-8888.html?from=rank
2026-10-02,2026-10-02T13:49:31+08:00,酷狗音乐,热歌榜,酷狗TOP500,2026-10-02,145,北方的后海没有海 (r&b微醺版),落日微醺,,3:26,DB3D10DE8DF3C5188EC036A9724F9418,196519034,https://www.kugou.com/yy/rank/home/7-8888.html?from=rank
2026-10-02,2026-10-02T13:49:31+08:00,酷狗音乐,热歌榜,酷狗TOP500,2026-10-02,146,这些年在忙什么,田园,,3:41,3B92EB6F7A2583AE370B0D13B1ECCDE6,130559559,https://www.kugou.com/yy/rank/home/7-8888.html?from=rank
2026-10-02,2026-10-02T13:49:31+08:00,酷狗音乐,热歌榜,酷狗TOP500,2026-10-02,147,没那么简单,黄小琥,,5:08,90D82FB9EB6C1F5385F6F086318EE1FA,962530,https://www.kugou.com/yy/rank/home/7-8888.html?from=rank
2026-10-02,2026-10-02T13:49:31+08:00,酷狗音乐,热歌榜,酷狗TOP500,2026-10-02,148,野心家,张靓颖,,4:43,1789AD88CFDD254910125F22494C0E8B,161637189,https://www.kugou.com/yy/rank/home/7-8888.html?from=rank
2026-10-02,2026-10-02T13:49:31+08:00,酷狗音乐,热歌榜,酷狗TOP500,2026-10-02,149,不将就,李荣浩,,5:12,E5F0905C662872A9B05A423FD1ED48B5,1004040,https://www.kugou.com/yy/rank/home/7-8888.html?from=rank
2026-10-02,2026-10-02T13:49:31+08:00,酷狗音乐,热歌榜,酷狗TOP500,2026-10-02,150,退后,周杰伦,,4:22,5971DE0B235D5B2708D6A6FEB3D31B6F,965291,https://www.kugou.com/yy/rank/home/7-8888.html?from=rank
2026-10-02,2026-10-02T13:49:31+08:00,酷狗音乐,热歌榜,酷狗TOP500,2026-10-02,151,兰亭序,周杰伦,,4:14,4EC10B1B7B9BEB2F0ADB89BBEC5F664B,960399,https://www.kugou.com/yy/rank/home/7-8888.html?from=rank
2026-10-02,2026-10-02T13:49:31+08:00,酷狗音乐,热歌榜,酷狗TOP500,2026-10-02,152,一路向北,周杰伦,,4:54,F73F22FB046CA1A135C70417163AF82E,1739223,https://www.kugou.com/yy/rank/home/7-8888.html?from=rank
2026-10-02,2026-10-02T13:49:31+08:00,酷狗音乐,热歌榜,酷狗TOP500,2026-10-02,153,那时雨,徐良,,3:34,CE76C60251F6193BC5BBA5B46B977747,16900987,https://www.kugou.com/yy/rank/home/7-8888.html?from=rank
2026-10-02,2026-10-02T13:49:31+08:00,酷狗音乐,热歌榜,酷狗TOP500,2026-10-02,154,体面,于文文,,4:43,B0927C5353E9DD8BD72242BB730DAFF4,8149034,https://www.kugou.com/yy/rank/home/7-8888.html?from=rank
2026-10-02,2026-10-02T13:49:31+08:00,酷狗音乐,热歌榜,酷狗TOP500,2026-10-02,155,枫,周杰伦,,4:36,0D7E8C11C961A17EB8779FEB0CA772E3,958909,https://www.kugou.com/yy/rank/home/8-8888.html?from=rank
2026-10-02,2026-10-02T13:49:31+08:00,酷狗音乐,热歌榜,酷狗TOP500,2026-10-02,156,至少还有你,林忆莲,,4:35,BA9D67DAB59FA6DCE243F4B6B70ACA95,967340,https://www.kugou.com/yy/rank/home/8-8888.html?from=rank
2026-10-02,2026-10-02T13:49:31+08:00,酷狗音乐,热歌榜,酷狗TOP500,2026-10-02,157,夏夜最后的烟火,颜人中,,4:40,4E418EDAB22093B51C78C81C0A8C9B31,39949767,https://www.kugou.com/yy/rank/home/8-8888.html?from=rank
2026-10-02,2026-10-02T13:49:31+08:00,酷狗音乐,热歌榜,酷狗TOP500,2026-10-02,158,如果当时,许嵩,,5:16,697712B7504DA5541C3ED4D117AE1018,973251,https://www.kugou.com/yy/rank/home/8-8888.html?from=rank
2026-10-02,2026-10-02T13:49:31+08:00,酷狗音乐,热歌榜,酷狗TOP500,2026-10-02,159,若不是因为你 (深情版),林栖,,4:13,6CCB2559DE8FC8965E98F641C4C33B6A,176013962,https://www.kugou.com/yy/rank/home/8-8888.html?from=rank
2026-10-02,2026-10-02T13:49:31+08:00,酷狗音乐,热歌榜,酷狗TOP500,2026-10-02,160,舍得,王唯旖,,4:22,62C406C76F45C3EF39F451F2C4F22D95,1944276,https://www.kugou.com/yy/rank/home/8-8888.html?from=rank
2026-10-02,2026-10-02T13:49:31+08:00,酷狗音乐,热歌榜,酷狗TOP500,2026-10-02,161,如诗一般的形容妳,曹杨,,4:26,C9C2D9F45026725C6B1E46713F552E50,208835397,https://www.kugou.com/yy/rank/home/8-8888.html?from=rank
2026-10-02,2026-10-02T13:49:31+08:00,酷狗音乐,热歌榜,酷狗TOP500,2026-10-02,162,老男孩,筷子兄弟,,4:59,EB494F1F9199AA29F66E056F116D2F1C,17165001,https://www.kugou.com/yy/rank/home/8-8888.html?from=rank
2026-10-02,2026-10-02T13:49:31+08:00,酷狗音乐,热歌榜,酷狗TOP500,2026-10-02,163,来不及爱你,h3R3刘清云,,3:25,E3ED52965CEE83A40D73C5FB1DA7FF62,76488384,https://www.kugou.com/yy/rank/home/8-8888.html?from=rank
2026-10-02,2026-10-02T13:49:31+08:00,酷狗音乐,热歌榜,酷狗TOP500,2026-10-02,164,有何不可,许嵩,,4:01,B3D5D7D3A140628D1605BD392467E348,973251,https://www.kugou.com/yy/rank/home/8-8888.html?from=rank
2026-10-02,2026-10-02T13:49:31+08:00,酷狗音乐,热歌榜,酷狗TOP500,2026-10-02,165,背对背拥抱,林俊杰,,3:55,D3CB60981A747455AE3142C25809051E,975828,https://www.kugou.com/yy/rank/home/8-8888.html?from=rank
2026-10-02,2026-10-02T13:49:31+08:00,酷狗音乐,热歌榜,酷狗TOP500,2026-10-02,166,忘记时间,胡歌,,4:32,BB2759C850804CB32A55480D85D21080,493001,https://www.kugou.com/yy/rank/home/8-8888.html?from=rank
2026-10-02,2026-10-02T13:49:31+08:00,酷狗音乐,热歌榜,酷狗TOP500,2026-10-02,167,玻璃,Gareth.T,,3:05,ED0ED6B17B6C29695E97F5CC945C7901,191663409,https://www.kugou.com/yy/rank/home/8-8888.html?from=rank
2026-10-02,2026-10-02T13:49:31+08:00,酷狗音乐,热歌榜,酷狗TOP500,2026-10-02,168,过火,张信哲,,5:02,E34CBC6EBE64B9EE9ADB5C46E2178A84,982639,https://www.kugou.com/yy/rank/home/8-8888.html?from=rank
2026-10-02,2026-10-02T13:49:31+08:00,酷狗音乐,热歌榜,酷狗TOP500,2026-10-02,169,年少有为,李荣浩,,4:39,3A5C1D6CDABB2FDA813F8F8B7E4D08B0,8873395,https://www.kugou.com/yy/rank/home/8-8888.html?from=rank
2026-10-02,2026-10-02T13:49:31+08:00,酷狗音乐,热歌榜,酷狗TOP500,2026-10-02,170,差一步,大壮,,4:06,08C2E4AF2BDDB11D36E2B04A51DA30CE,6194568,https://www.kugou.com/yy/rank/home/8-8888.html?from=rank
2026-10-02,2026-10-02T13:49:31+08:00,酷狗音乐,热歌榜,酷狗TOP500,2026-10-02,171,沦陷,贾格JuggShots,,3:04,64C2E5D33BE5F53758F3E96DC8EEC3C3,95717116,https://www.kugou.com/yy/rank/home/8-8888.html?from=rank
2026-10-02,2026-10-02T13:49:31+08:00,酷狗音乐,热歌榜,酷狗TOP500,2026-10-02,172,时间会回答,DJ小虾米,,3:04,4EA1C2242BE0B2D484B3B08577378179,207903400,https://www.kugou.com/yy/rank/home/8-8888.html?from=rank
2026-10-02,2026-10-02T13:49:31+08:00,酷狗音乐,热歌榜,酷狗TOP500,2026-10-02,173,春娇与志明,街道办GDC、欧阳耀莹,,3:24,E84947402A5E0952FA067566C10264CB,8543461,https://www.kugou.com/yy/rank/home/8-8888.html?from=rank
2026-10-02,2026-10-02T13:49:31+08:00,酷狗音乐,热歌榜,酷狗TOP500,2026-10-02,174,爱情讯息,郭静,,4:41,D8E857250D8EEA9C5FAFDAF7857640A5,971139,https://www.kugou.com/yy/rank/home/8-8888.html?from=rank
2026-10-02,2026-10-02T13:49:31+08:00,酷狗音乐,热歌榜,酷狗TOP500,2026-10-02,175,泡沫,G.E.M.邓紫棋,,4:19,8574D02543B5F902469FB4E27E3A350D,968370,https://www.kugou.com/yy/rank/home/8-8888.html?from=rank
2026-10-02,2026-10-02T13:49:31+08:00,酷狗音乐,热歌榜,酷狗TOP500,2026-10-02,176,我是真的爱上你,王杰,,5:03,7C353B672AC945A3FE56022000A239FE,2996801,https://www.kugou.com/yy/rank/home/8-8888.html?from=rank
2026-10-02,2026-10-02T13:49:31+08:00,酷狗音乐,热歌榜,酷狗TOP500,2026-10-02,177,We Don't Talk Anymore (Mr. Collipark Remix),Charlie Puth、Selena Gomez,,4:14,8F323B0610BE8D862B7CBB41C3398766,1746993,https://www.kugou.com/yy/rank/home/9-8888.html?from=rank
2026-10-02,2026-10-02T13:49:31+08:00,酷狗音乐,热歌榜,酷狗TOP500,2026-10-02,178,明天过后,张杰,,3:59,5B900D95E79765AE62664BE5C871DD9E,38606351,https://www.kugou.com/yy/rank/home/9-8888.html?from=rank
2026-10-02,2026-10-02T13:49:31+08:00,酷狗音乐,热歌榜,酷狗TOP500,2026-10-02,179,座位,于冬然,,3:29,D87A09DB3166215E5DFD4A30C922509E,137485296,https://www.kugou.com/yy/rank/home/9-8888.html?from=rank
2026-10-02,2026-10-02T13:49:31+08:00,酷狗音乐,热歌榜,酷狗TOP500,2026-10-02,180,Lost,满舒克、Jony J,,4:10,E4C0A549FB93FC128B5A0E8DBD3CD32A,2537526,https://www.kugou.com/yy/rank/home/9-8888.html?from=rank
2026-10-02,2026-10-02T13:49:31+08:00,酷狗音乐,热歌榜,酷狗TOP500,2026-10-02,181,生而为人,尚士达,,5:20,2789D88534017546B173E0BFA9D6233B,13946205,https://www.kugou.com/yy/rank/home/9-8888.html?from=rank
2026-10-02,2026-10-02T13:49:31+08:00,酷狗音乐,热歌榜,酷狗TOP500,2026-10-02,182,如果累了就回故乡 (微醺版),落日微醺,,3:44,4B63841480B40824990E763D112C5D1F,205125995,https://www.kugou.com/yy/rank/home/9-8888.html?from=rank
2026-10-02,2026-10-02T13:49:31+08:00,酷狗音乐,热歌榜,酷狗TOP500,2026-10-02,183,光年之外,G.E.M.邓紫棋,,3:56,AA47B03289C80586FF72146359914A0C,1952211,https://www.kugou.com/yy/rank/home/9-8888.html?from=rank
2026-10-02,2026-10-02T13:49:31+08:00,酷狗音乐,热歌榜,酷狗TOP500,2026-10-02,184,蓝莲花,许巍,,4:31,EDCDC42FEE3A4BC8F2ADBAF96ADE9D77,15247919,https://www.kugou.com/yy/rank/home/9-8888.html?from=rank
2026-10-02,2026-10-02T13:49:31+08:00,酷狗音乐,热歌榜,酷狗TOP500,2026-10-02,185,老街,李荣浩,,5:19,30E7F7CCB57EB16D1BE3EC71D7ADB071,964378,https://www.kugou.com/yy/rank/home/9-8888.html?from=rank
2026-10-02,2026-10-02T13:49:31+08:00,酷狗音乐,热歌榜,酷狗TOP500,2026-10-02,186,指纹,杜宣达,,4:00,EAF4CB91DA618DBEDC751F54B3B3620D,50057639,https://www.kugou.com/yy/rank/home/9-8888.html?from=rank
2026-10-02,2026-10-02T13:49:31+08:00,酷狗音乐,热歌榜,酷狗TOP500,2026-10-02,187,谁 (男女扎心合唱),梨子芥菜、戚悦,,3:58,38DAABE4EEA0ADDC04897AC14E15B54E,185936379,https://www.kugou.com/yy/rank/home/9-8888.html?from=rank
2026-10-02,2026-10-02T13:49:31+08:00,酷狗音乐,热歌榜,酷狗TOP500,2026-10-02,188,关不上的窗,周传雄,,4:53,C9FF4C5E86A76043F004E3BB17E08942,982655,https://www.kugou.com/yy/rank/home/9-8888.html?from=rank
2026-10-02,2026-10-02T13:49:31+08:00,酷狗音乐,热歌榜,酷狗TOP500,2026-10-02,189,谁明浪子心,王杰,,5:01,1E54C9C01C9DFC5C68F743368F353711,983991,https://www.kugou.com/yy/rank/home/9-8888.html?from=rank
2026-10-02,2026-10-02T13:49:31+08:00,酷狗音乐,热歌榜,酷狗TOP500,2026-10-02,190,Fever Pitch,Richz,,2:15,594B915AEEDA7DA8F5BD70B63EA76EAD,180499937,https://www.kugou.com/yy/rank/home/9-8888.html?from=rank
2026-10-02,2026-10-02T13:49:31+08:00,酷狗音乐,热歌榜,酷狗TOP500,2026-10-02,191,亲爱的你啊,任素汐,,3:56,C42C2C5C7A68CDAFBF543F29AF883B1D,144348541,https://www.kugou.com/yy/rank/home/9-8888.html?from=rank
2026-10-02,2026-10-02T13:49:31+08:00,酷狗音乐,热歌榜,酷狗TOP500,2026-10-02,192,下个，路口，见,李宇春,,3:30,64F80BAE486AB418084E941AADA27545,502503,https://www.kugou.com/yy/rank/home/9-8888.html?from=rank
2026-10-02,2026-10-02T13:49:31+08:00,酷狗音乐,热歌榜,酷狗TOP500,2026-10-02,193,照亮 (Live),刘宇宁,,3:53,04D6DB8418BB3477DF55ECF74C635FFB,209586435,https://www.kugou.com/yy/rank/home/9-8888.html?from=rank
2026-10-02,2026-10-02T13:49:31+08:00,酷狗音乐,热歌榜,酷狗TOP500,2026-10-02,194,万疆,李玉刚,,3:55,E122E916FC6654E089F2285EC38163A9,44059807,https://www.kugou.com/yy/rank/home/9-8888.html?from=rank
2026-10-02,2026-10-02T13:49:31+08:00,酷狗音乐,热歌榜,酷狗TOP500,2026-10-02,195,梦的翅膀受了伤,蒋雪儿Snow.J,,4:36,7B00B1F90C13C270CE96EA51DA863B96,1965074,https://www.kugou.com/yy/rank/home/9-8888.html?from=rank
2026-10-02,2026-10-02T13:49:31+08:00,酷狗音乐,热歌榜,酷狗TOP500,2026-10-02,196,曾经的你,许巍,,4:21,8D27A0FD0D8B6A9059D3FEEC95E2088D,976268,https://www.kugou.com/yy/rank/home/9-8888.html?from=rank
2026-10-02,2026-10-02T13:49:31+08:00,酷狗音乐,热歌榜,酷狗TOP500,2026-10-02,197,多远都要在一起,G.E.M.邓紫棋,,3:38,768F6FA531A3D883BE3F6C91AAF60612,555825,https://www.kugou.com/yy/rank/home/9-8888.html?from=rank
2026-10-02,2026-10-02T13:49:31+08:00,酷狗音乐,热歌榜,酷狗TOP500,2026-10-02,198,街角的晚风,陈小春,,4:00,18B89D66950B7856EABB131BB6273F6E,169830039,https://www.kugou.com/yy/rank/home/9-8888.html?from=rank
2026-10-02,2026-10-02T13:49:31+08:00,酷狗音乐,热歌榜,酷狗TOP500,2026-10-02,199,可惜没如果,林俊杰,,4:58,57D6EAF8F7E593A2C4B780D8045DE5C1,542795,https://www.kugou.com/yy/rank/home/10-8888.html?from=rank
2026-10-02,2026-10-02T13:49:31+08:00,酷狗音乐,热歌榜,酷狗TOP500,2026-10-02,200,撕夜,阿杜,,4:39,F4654DA8D595995AA50EC54232E1D525,963634,https://www.kugou.com/yy/rank/home/10-8888.html?from=rank
2026-10-02,2026-10-02T13:49:31+08:00,酷狗音乐,热歌榜,酷狗TOP500,2026-10-02,201,就忘了吧+言不由衷+不如+醒不来的梦+我会等 (青春遗憾万人live合唱版),艾利（Ellie）、7paste、克里、夏莉依,,4:16,74640780EE99A1528F8A33816EE6B75F,203957635,https://www.kugou.com/yy/rank/home/10-8888.html?from=rank
2026-10-02,2026-10-02T13:49:31+08:00,酷狗音乐,热歌榜,酷狗TOP500,2026-10-02,202,你有没有真的爱过我 (对唱版),阿图表妹、寂寞阿图,,4:03,3C425FC4496E67468562CA377D7F2B23,190170015,https://www.kugou.com/yy/rank/home/10-8888.html?from=rank
2026-10-02,2026-10-02T13:49:31+08:00,酷狗音乐,热歌榜,酷狗TOP500,2026-10-02,203,Dear John,比莉,,5:11,71951213A1C3C313DEEB017D3C9E77CC,2528933,https://www.kugou.com/yy/rank/home/10-8888.html?from=rank
2026-10-02,2026-10-02T13:49:31+08:00,酷狗音乐,热歌榜,酷狗TOP500,2026-10-02,204,冻结,林俊杰,,4:49,AE291096B510F20B93D7D87DCBEF1E43,971150,https://www.kugou.com/yy/rank/home/10-8888.html?from=rank
2026-10-02,2026-10-02T13:49:31+08:00,酷狗音乐,热歌榜,酷狗TOP500,2026-10-02,205,清风万里候君来 (深情版),糖晓苑,,3:51,A8018ACC45462F712FC1CDC394224AF4,208834587,https://www.kugou.com/yy/rank/home/10-8888.html?from=rank
2026-10-02,2026-10-02T13:49:31+08:00,酷狗音乐,热歌榜,酷狗TOP500,2026-10-02,206,山歌追上云朵,央金拉姆,,3:35,B81F368C6B44B98B0E2B4E9F417F1002,193932928,https://www.kugou.com/yy/rank/home/10-8888.html?from=rank
2026-10-02,2026-10-02T13:49:31+08:00,酷狗音乐,热歌榜,酷狗TOP500,2026-10-02,207,我们的歌,王力宏,,4:08,4E294957A0D9B72A78B61F3C2A63B6CC,503223,https://www.kugou.com/yy/rank/home/10-8888.html?from=rank
2026-10-02,2026-10-02T13:49:31+08:00,酷狗音乐,热歌榜,酷狗TOP500,2026-10-02,208,说好的幸福呢,周杰伦,,4:17,892B7AD62499C97A1A994454423E30F6,960399,https://www.kugou.com/yy/rank/home/10-8888.html?from=rank
2026-10-02,2026-10-02T13:49:31+08:00,酷狗音乐,热歌榜,酷狗TOP500,2026-10-02,209,如果可以,韦礼安,,4:34,70425DF5F0C9FCED5E0468189A7F4A70,49958186,https://www.kugou.com/yy/rank/home/10-8888.html?from=rank
2026-10-02,2026-10-02T13:49:31+08:00,酷狗音乐,热歌榜,酷狗TOP500,2026-10-02,210,天外来物,薛之谦,,4:17,761C1EAFBD1E22504B487F84D2152DF5,40890018,https://www.kugou.com/yy/rank/home/10-8888.html?from=rank
2026-10-02,2026-10-02T13:49:31+08:00,酷狗音乐,热歌榜,酷狗TOP500,2026-10-02,211,不分手的恋爱,汪苏泷,,3:26,543A6E13C527E52886E51BBF14191C8F,37376237,https://www.kugou.com/yy/rank/home/10-8888.html?from=rank
2026-10-02,2026-10-02T13:49:31+08:00,酷狗音乐,热歌榜,酷狗TOP500,2026-10-02,212,人间共鸣,李健,,4:19,C9A5658204BD4E941F3DB2FB132D4968,176253415,https://www.kugou.com/yy/rank/home/10-8888.html?from=rank
2026-10-02,2026-10-02T13:49:31+08:00,酷狗音乐,热歌榜,酷狗TOP500,2026-10-02,213,空心,光泽,,4:39,4465EE613CC3CF7DCF9448F8ACFED1CA,4141939,https://www.kugou.com/yy/rank/home/10-8888.html?from=rank
2026-10-02,2026-10-02T13:49:31+08:00,酷狗音乐,热歌榜,酷狗TOP500,2026-10-02,214,Lonely,Nana,,6:21,284173346DD3E03FA86D027025F50CC7,45833884,https://www.kugou.com/yy/rank/home/10-8888.html?from=rank
2026-10-02,2026-10-02T13:49:31+08:00,酷狗音乐,热歌榜,酷狗TOP500,2026-10-02,215,花海,周杰伦,,4:25,3328808CECBD1A1038166003840FDDD7,960399,https://www.kugou.com/yy/rank/home/10-8888.html?from=rank
2026-10-02,2026-10-02T13:49:31+08:00,酷狗音乐,热歌榜,酷狗TOP500,2026-10-02,216,Angel,尹美莱、Tiger JK、Bizzy,,4:15,157D75DA9A1B5B4FED6C529C2B1C2452,964390,https://www.kugou.com/yy/rank/home/10-8888.html?from=rank
2026-10-02,2026-10-02T13:49:31+08:00,酷狗音乐,热歌榜,酷狗TOP500,2026-10-02,217,蒲公英的约定,周杰伦,,4:07,A14373681262867AB43FEF5467F4CC1D,979856,https://www.kugou.com/yy/rank/home/10-8888.html?from=rank
2026-10-02,2026-10-02T13:49:31+08:00,酷狗音乐,热歌榜,酷狗TOP500,2026-10-02,218,我的秘密,G.E.M.邓紫棋,,4:12,7FBB35DEDD24B54A8F0D895C7F61D04C,976561,https://www.kugou.com/yy/rank/home/10-8888.html?from=rank
2026-10-02,2026-10-02T13:49:31+08:00,酷狗音乐,热歌榜,酷狗TOP500,2026-10-02,219,西海情歌,刀郎,,5:43,0E5FB14E78AFF13C2DEF97C814537CB7,984281,https://www.kugou.com/yy/rank/home/10-8888.html?from=rank
2026-10-02,2026-10-02T13:49:31+08:00,酷狗音乐,热歌榜,酷狗TOP500,2026-10-02,220,甲乙丙丁,七分可可,,3:48,0B96FEEB51604A6904899D0C618F446D,197347781,https://www.kugou.com/yy/rank/home/10-8888.html?from=rank
2026-10-02,2026-10-02T13:49:31+08:00,酷狗音乐,热歌榜,酷狗TOP500,2026-10-02,221,半点心,草蜢,,3:52,6DF94BFD206BB819120C0D021B93EDBC,564642,https://www.kugou.com/yy/rank/home/11-8888.html?from=rank
2026-10-02,2026-10-02T13:49:31+08:00,酷狗音乐,热歌榜,酷狗TOP500,2026-10-02,222,空心 (Live),黄霄雲、刘端端,,4:55,6F74F7B3D9B87CA771573ABD27B2A820,199810791,https://www.kugou.com/yy/rank/home/11-8888.html?from=rank
2026-10-02,2026-10-02T13:49:31+08:00,酷狗音乐,热歌榜,酷狗TOP500,2026-10-02,223,人儿啊请慢下来,石满仓,,3:32,81127FC1186063281CB602F623A74BD7,206903720,https://www.kugou.com/yy/rank/home/11-8888.html?from=rank
2026-10-02,2026-10-02T13:49:31+08:00,酷狗音乐,热歌榜,酷狗TOP500,2026-10-02,224,卡布奇诺,6诗人,,3:04,5FE82C07C44F70E5B5F357F707C04549,8499380,https://www.kugou.com/yy/rank/home/11-8888.html?from=rank
2026-10-02,2026-10-02T13:49:31+08:00,酷狗音乐,热歌榜,酷狗TOP500,2026-10-02,225,模特,李荣浩,,5:06,87EBC49856D2CB3C04992C9A87E5A5C5,968143,https://www.kugou.com/yy/rank/home/11-8888.html?from=rank
2026-10-02,2026-10-02T13:49:31+08:00,酷狗音乐,热歌榜,酷狗TOP500,2026-10-02,226,我走后,小咪,,4:08,00751DE0946619BCDE4A4E15397F2A15,22216764,https://www.kugou.com/yy/rank/home/11-8888.html?from=rank
2026-10-02,2026-10-02T13:49:31+08:00,酷狗音乐,热歌榜,酷狗TOP500,2026-10-02,227,执子之手,宝石Gem、哩哩,,3:10,A84D44A92F427A3198ECEE703B708478,61962429,https://www.kugou.com/yy/rank/home/11-8888.html?from=rank
2026-10-02,2026-10-02T13:49:31+08:00,酷狗音乐,热歌榜,酷狗TOP500,2026-10-02,228,烟花易冷,周杰伦,,4:23,B9FC03DF9015D6BFF0554A110BF2C84F,958812,https://www.kugou.com/yy/rank/home/11-8888.html?from=rank
2026-10-02,2026-10-02T13:49:31+08:00,酷狗音乐,热歌榜,酷狗TOP500,2026-10-02,229,慢冷 (Live),李荣浩,,2:44,3536800EC50F04EBF68FB22E7AF6B124,59599171,https://www.kugou.com/yy/rank/home/11-8888.html?from=rank
2026-10-02,2026-10-02T13:49:31+08:00,酷狗音乐,热歌榜,酷狗TOP500,2026-10-02,230,时间能不能走慢点 (青春别散场live大合唱版),Lee 木子,,3:56,0E82477B4256D8DC3C620F762606C16A,204235408,https://www.kugou.com/yy/rank/home/11-8888.html?from=rank
2026-10-02,2026-10-02T13:49:31+08:00,酷狗音乐,热歌榜,酷狗TOP500,2026-10-02,231,雨蝶,李翊君,,3:51,C83424ACF417185057E278554B91D4C0,7549108,https://www.kugou.com/yy/rank/home/11-8888.html?from=rank
2026-10-02,2026-10-02T13:49:31+08:00,酷狗音乐,热歌榜,酷狗TOP500,2026-10-02,232,一场游戏一场梦,王杰,,4:17,55340B431243FF5F112527EFC0591232,7547885,https://www.kugou.com/yy/rank/home/11-8888.html?from=rank
2026-10-02,2026-10-02T13:49:31+08:00,酷狗音乐,热歌榜,酷狗TOP500,2026-10-02,233,你还要我怎样,薛之谦,,5:11,8C6AAC48FB5C3759042E4C8699544C6F,960327,https://www.kugou.com/yy/rank/home/11-8888.html?from=rank
2026-10-02,2026-10-02T13:49:31+08:00,酷狗音乐,热歌榜,酷狗TOP500,2026-10-02,234,那些年,胡夏,,6:11,95A46E232F3F0CFFDA7811B7D9C8E6C4,542864,https://www.kugou.com/yy/rank/home/11-8888.html?from=rank
2026-10-02,2026-10-02T13:49:31+08:00,酷狗音乐,热歌榜,酷狗TOP500,2026-10-02,235,祝福祖国 (合唱版),苏娜,,3:18,057749A8B4D59301711AE178BD5397D5,207899791,https://www.kugou.com/yy/rank/home/11-8888.html?from=rank
2026-10-02,2026-10-02T13:49:31+08:00,酷狗音乐,热歌榜,酷狗TOP500,2026-10-02,236,等你的季节,刘诗诗,,4:02,A7D65FC45CAF8CC897E01EA072529EF0,4005115,https://www.kugou.com/yy/rank/home/11-8888.html?from=rank
2026-10-02,2026-10-02T13:49:31+08:00,酷狗音乐,热歌榜,酷狗TOP500,2026-10-02,237,牵丝戏,银临、Aki阿杰,,3:59,5E7FF596F7D6021DA63AF36E91BECE4B,568968,https://www.kugou.com/yy/rank/home/11-8888.html?from=rank
2026-10-02,2026-10-02T13:49:31+08:00,酷狗音乐,热歌榜,酷狗TOP500,2026-10-02,238,Wake Me Up When September Ends,Green Day,,4:46,55621F409C0108E7DEA1CB06DC04EA28,4102631,https://www.kugou.com/yy/rank/home/11-8888.html?from=rank
2026-10-02,2026-10-02T13:49:31+08:00,酷狗音乐,热歌榜,酷狗TOP500,2026-10-02,239,琵琶行,奇然、沈谧仁,,5:35,0AB355EF75A56A57E1790734B2E26ED9,2563381,https://www.kugou.com/yy/rank/home/11-8888.html?from=rank
2026-10-02,2026-10-02T13:49:31+08:00,酷狗音乐,热歌榜,酷狗TOP500,2026-10-02,240,下一个天亮,郭静,,4:27,7E2AD47232E7148C642B6836041826C9,971139,https://www.kugou.com/yy/rank/home/11-8888.html?from=rank
2026-10-02,2026-10-02T13:49:31+08:00,酷狗音乐,热歌榜,酷狗TOP500,2026-10-02,241,你这坏坏的扑街仔 (偏偏爱上你这笨脑袋)(对唱版),马耀火、金禾安,,3:02,4C04BB8F9C9F93D4E0325BF625F11BEC,203511794,https://www.kugou.com/yy/rank/home/11-8888.html?from=rank
2026-10-02,2026-10-02T13:49:31+08:00,酷狗音乐,热歌榜,酷狗TOP500,2026-10-02,242,反方向的钟,周杰伦,,4:18,A6049AAB184A305CAA906C6BBB8E8233,978031,https://www.kugou.com/yy/rank/home/11-8888.html?from=rank
2026-10-02,2026-10-02T13:49:31+08:00,酷狗音乐,热歌榜,酷狗TOP500,2026-10-02,243,我不该动情,老板,,3:57,DFA780605FE78F1572761712931024A7,197593768,https://www.kugou.com/yy/rank/home/12-8888.html?from=rank
2026-10-02,2026-10-02T13:49:31+08:00,酷狗音乐,热歌榜,酷狗TOP500,2026-10-02,244,同花顺,林倛玉,,3:57,87C979FC3CBA27D6345528A1BEF05477,8603846,https://www.kugou.com/yy/rank/home/12-8888.html?from=rank
2026-10-02,2026-10-02T13:49:31+08:00,酷狗音乐,热歌榜,酷狗TOP500,2026-10-02,245,无人之岛,任然,,4:45,8E568D8806F771607104D8BF9695ACE0,2916172,https://www.kugou.com/yy/rank/home/12-8888.html?from=rank
2026-10-02,2026-10-02T13:49:31+08:00,酷狗音乐,热歌榜,酷狗TOP500,2026-10-02,246,爱如潮水,张信哲,,4:31,7D372165ED6AD2C00DD2B473529BE9CE,538030,https://www.kugou.com/yy/rank/home/12-8888.html?from=rank
2026-10-02,2026-10-02T13:49:31+08:00,酷狗音乐,热歌榜,酷狗TOP500,2026-10-02,247,水手,郑智化,,4:53,6DCF10DEA98A7C9F755BE385E822BE05,967718,https://www.kugou.com/yy/rank/home/12-8888.html?from=rank
2026-10-02,2026-10-02T13:49:31+08:00,酷狗音乐,热歌榜,酷狗TOP500,2026-10-02,248,冬天的秘密,周传雄,,4:33,1088AEEAB9674A49F8067DCDEB1FC1EE,982655,https://www.kugou.com/yy/rank/home/12-8888.html?from=rank
2026-10-02,2026-10-02T13:49:31+08:00,酷狗音乐,热歌榜,酷狗TOP500,2026-10-02,249,第一次爱的人,王心凌,,3:53,38539E18FBB3E9A8DFA84A892CA718F6,979891,https://www.kugou.com/yy/rank/home/12-8888.html?from=rank
2026-10-02,2026-10-02T13:49:31+08:00,酷狗音乐,热歌榜,酷狗TOP500,2026-10-02,250,岁月如笔写春秋,郭少杰,,4:11,6FCF099C6A88F85FC8417AFD452D54FD,190046745,https://www.kugou.com/yy/rank/home/12-8888.html?from=rank
2026-10-02,2026-10-02T13:49:31+08:00,酷狗音乐,热歌榜,酷狗TOP500,2026-10-02,251,在你的身边,盛哲,,4:22,38698C9A8BB6637CDDE413C6E210FA54,4128050,https://www.kugou.com/yy/rank/home/12-8888.html?from=rank
2026-10-02,2026-10-02T13:49:31+08:00,酷狗音乐,热歌榜,酷狗TOP500,2026-10-02,252,最痛不过是深情 (遗憾知秋),刘纯,,4:08,937FF9A12FF45B3470C819CC7945F4E8,207923318,https://www.kugou.com/yy/rank/home/12-8888.html?from=rank
2026-10-02,2026-10-02T13:49:31+08:00,酷狗音乐,热歌榜,酷狗TOP500,2026-10-02,253,勋章,鹿晗,,3:34,6FB3EB3F13CD64DF6E9784F6E487BAB1,2059004,https://www.kugou.com/yy/rank/home/12-8888.html?from=rank
2026-10-02,2026-10-02T13:49:31+08:00,酷狗音乐,热歌榜,酷狗TOP500,2026-10-02,254,你瞒我瞒,陈柏宇,,3:58,E8EE57D671769402710C4FF9259D841F,965453,https://www.kugou.com/yy/rank/home/12-8888.html?from=rank
2026-10-02,2026-10-02T13:49:31+08:00,酷狗音乐,热歌榜,酷狗TOP500,2026-10-02,255,爱情转移,陈奕迅,,4:19,A549238FA1B05EABE841DFE110899647,962514,https://www.kugou.com/yy/rank/home/12-8888.html?from=rank
2026-10-02,2026-10-02T13:49:31+08:00,酷狗音乐,热歌榜,酷狗TOP500,2026-10-02,256,后会无期,汪苏泷、徐良,,3:32,5F86140467A73FBF9C4F339F7B9AFC2C,511536,https://www.kugou.com/yy/rank/home/12-8888.html?from=rank
2026-10-02,2026-10-02T13:49:31+08:00,酷狗音乐,热歌榜,酷狗TOP500,2026-10-02,257,阳光下的星星,金海心,,4:44,8B60D8B58137C2D256DAA71B9D84C046,1738155,https://www.kugou.com/yy/rank/home/12-8888.html?from=rank
2026-10-02,2026-10-02T13:49:31+08:00,酷狗音乐,热歌榜,酷狗TOP500,2026-10-02,258,Creepin' up on You,Darren Hayes,,4:53,6348CF4041BEE19FAD536C563C32695A,1593407,https://www.kugou.com/yy/rank/home/12-8888.html?from=rank
2026-10-02,2026-10-02T13:49:31+08:00,酷狗音乐,热歌榜,酷狗TOP500,2026-10-02,259,最长的电影,周杰伦,,3:56,2F6D441163A92AEE5E52B8E94F36A3C7,979856,https://www.kugou.com/yy/rank/home/12-8888.html?from=rank
2026-10-02,2026-10-02T13:49:31+08:00,酷狗音乐,热歌榜,酷狗TOP500,2026-10-02,260,短发女孩 (她留短发淡的妆),Zzh、白允y,,2:23,777C7211715D4FC9FB3ADB928F4F7F94,204981235,https://www.kugou.com/yy/rank/home/12-8888.html?from=rank
2026-10-02,2026-10-02T13:49:31+08:00,酷狗音乐,热歌榜,酷狗TOP500,2026-10-02,261,说了再见,周杰伦,,4:43,966C718DA96EE29B3B466F773BFA9E2F,958812,https://www.kugou.com/yy/rank/home/12-8888.html?from=rank
2026-10-02,2026-10-02T13:49:31+08:00,酷狗音乐,热歌榜,酷狗TOP500,2026-10-02,262,太聪明,陈绮贞,,4:23,89101DA817101FEA0C9ECF64EAE2B46F,959335,https://www.kugou.com/yy/rank/home/12-8888.html?from=rank
2026-10-02,2026-10-02T13:49:31+08:00,酷狗音乐,热歌榜,酷狗TOP500,2026-10-02,263,Alive,Blue,,3:40,996EE22D2450A7C7528394F7F98432E6,560693,https://www.kugou.com/yy/rank/home/12-8888.html?from=rank
2026-10-02,2026-10-02T13:49:31+08:00,酷狗音乐,热歌榜,酷狗TOP500,2026-10-02,264,忘了你忘了我,王杰,,4:38,95CBD367E98724883CA99874AD626446,962390,https://www.kugou.com/yy/rank/home/12-8888.html?from=rank
2026-10-02,2026-10-02T13:49:31+08:00,酷狗音乐,热歌榜,酷狗TOP500,2026-10-02,265,我听见了，你的痛苦成立,供销社乐队,,3:31,6CB6A16FFFEB35428346D73908442DBB,194648616,https://www.kugou.com/yy/rank/home/13-8888.html?from=rank
2026-10-02,2026-10-02T13:49:31+08:00,酷狗音乐,热歌榜,酷狗TOP500,2026-10-02,266,红豆,王菲,,4:16,AEF916A18BAAE9C8E7807179C8DA64D1,960812,https://www.kugou.com/yy/rank/home/13-8888.html?from=rank
2026-10-02,2026-10-02T13:49:31+08:00,酷狗音乐,热歌榜,酷狗TOP500,2026-10-02,267,喜欢你,G.E.M.邓紫棋,,3:59,426D6BC62A73DF288F55CB3FCA8D2A62,557512,https://www.kugou.com/yy/rank/home/13-8888.html?from=rank
2026-10-02,2026-10-02T13:49:31+08:00,酷狗音乐,热歌榜,酷狗TOP500,2026-10-02,268,先说爱的人为什么先离开,田园,,3:40,6379393814B0A74AB7B87B2FA9E87689,107655422,https://www.kugou.com/yy/rank/home/13-8888.html?from=rank
2026-10-02,2026-10-02T13:49:31+08:00,酷狗音乐,热歌榜,酷狗TOP500,2026-10-02,269,街角的晚风 (烟嗓R&B版),落日微醺,,3:56,D636D97870D4098ACD3C317BFFDA03D9,196517616,https://www.kugou.com/yy/rank/home/13-8888.html?from=rank
2026-10-02,2026-10-02T13:49:31+08:00,酷狗音乐,热歌榜,酷狗TOP500,2026-10-02,270,等你下课 (with 杨瑞代),周杰伦,,4:30,5D043EC8BF78A185A01CC45A6032DE1F,58849245,https://www.kugou.com/yy/rank/home/13-8888.html?from=rank
2026-10-02,2026-10-02T13:49:31+08:00,酷狗音乐,热歌榜,酷狗TOP500,2026-10-02,271,西厢寻他,伯爵Johnny、唐伯虎Annie,,3:44,2B657B5B5D781C1A61D7E0D1F5E2DE22,53205523,https://www.kugou.com/yy/rank/home/13-8888.html?from=rank
2026-10-02,2026-10-02T13:49:31+08:00,酷狗音乐,热歌榜,酷狗TOP500,2026-10-02,272,怎么说我不爱你,萧敬腾,,4:35,30A31A94C77268C92886E00D912AC03B,958893,https://www.kugou.com/yy/rank/home/13-8888.html?from=rank
2026-10-02,2026-10-02T13:49:31+08:00,酷狗音乐,热歌榜,酷狗TOP500,2026-10-02,273,三国恋,Tank,,4:06,1325E661C6044048943A8D7D417ED280,966742,https://www.kugou.com/yy/rank/home/13-8888.html?from=rank
2026-10-02,2026-10-02T13:49:31+08:00,酷狗音乐,热歌榜,酷狗TOP500,2026-10-02,274,愿与愁,林俊杰,,3:52,4A2A7260442B0A5D5F17295F1DD7241B,71681690,https://www.kugou.com/yy/rank/home/13-8888.html?from=rank
2026-10-02,2026-10-02T13:49:31+08:00,酷狗音乐,热歌榜,酷狗TOP500,2026-10-02,275,起风了,买辣椒也用券,,5:26,5C035CBF390FEF6B536020A57749EF70,53218722,https://www.kugou.com/yy/rank/home/13-8888.html?from=rank
2026-10-02,2026-10-02T13:49:31+08:00,酷狗音乐,热歌榜,酷狗TOP500,2026-10-02,276,天际,洋澜一,,5:46,DEAE9D1FC61F4810A0C15AA9CFD83722,76611526,https://www.kugou.com/yy/rank/home/13-8888.html?from=rank
2026-10-02,2026-10-02T13:49:31+08:00,酷狗音乐,热歌榜,酷狗TOP500,2026-10-02,277,无名的人,毛不易,,4:42,525A854C4A4EDF63CAF528D693F69CE0,51231315,https://www.kugou.com/yy/rank/home/13-8888.html?from=rank
2026-10-02,2026-10-02T13:49:31+08:00,酷狗音乐,热歌榜,酷狗TOP500,2026-10-02,278,不再犹豫,BEYOND,,4:15,C477FE5B38147B7522DFCF3DC5BB8A6B,8176296,https://www.kugou.com/yy/rank/home/13-8888.html?from=rank
2026-10-02,2026-10-02T13:49:31+08:00,酷狗音乐,热歌榜,酷狗TOP500,2026-10-02,279,Love Me,JMSN,,4:33,C8A0559F862B815E8B4D135228944D4D,76048254,https://www.kugou.com/yy/rank/home/13-8888.html?from=rank
2026-10-02,2026-10-02T13:49:31+08:00,酷狗音乐,热歌榜,酷狗TOP500,2026-10-02,280,呆头鸟,礼越,,2:29,2345AB90879AE221FAE8B57802ECFFDF,203333898,https://www.kugou.com/yy/rank/home/13-8888.html?from=rank
2026-10-02,2026-10-02T13:49:31+08:00,酷狗音乐,热歌榜,酷狗TOP500,2026-10-02,281,刻在我心底的名字,卢广仲,,5:20,5CDCAAF9E7B91E94FD012589D00FDBEA,39020767,https://www.kugou.com/yy/rank/home/13-8888.html?from=rank
2026-10-02,2026-10-02T13:49:31+08:00,酷狗音乐,热歌榜,酷狗TOP500,2026-10-02,282,就是爱你,陶喆,,4:24,43485D7A650AFF532E5ECF24D7FB6381,7547427,https://www.kugou.com/yy/rank/home/13-8888.html?from=rank
2026-10-02,2026-10-02T13:49:31+08:00,酷狗音乐,热歌榜,酷狗TOP500,2026-10-02,283,瞬,郑润泽,,4:45,C06970FDB48E8E1F9BBC7577B7BC1938,75949211,https://www.kugou.com/yy/rank/home/13-8888.html?from=rank
2026-10-02,2026-10-02T13:49:31+08:00,酷狗音乐,热歌榜,酷狗TOP500,2026-10-02,284,恶作剧,王蓝茵,,3:47,05B893FC78627C3F5635491BBB35167E,720564,https://www.kugou.com/yy/rank/home/13-8888.html?from=rank
2026-10-02,2026-10-02T13:49:31+08:00,酷狗音乐,热歌榜,酷狗TOP500,2026-10-02,285,初恋情人,刘小慧,,4:40,24BD04781E52FE8E7FAB2A6452D85320,532546,https://www.kugou.com/yy/rank/home/13-8888.html?from=rank
2026-10-02,2026-10-02T13:49:31+08:00,酷狗音乐,热歌榜,酷狗TOP500,2026-10-02,286,Beauty And A Beat,Justin Bieber、Nicki Minaj,,3:47,FF5719341A9B004AA3E7312D617AE305,16996733,https://www.kugou.com/yy/rank/home/13-8888.html?from=rank
2026-10-02,2026-10-02T13:49:31+08:00,酷狗音乐,热歌榜,酷狗TOP500,2026-10-02,287,平凡之路,朴树,,5:01,2BE5DE80E68B3346918D38CF7527D979,2944963,https://www.kugou.com/yy/rank/home/14-8888.html?from=rank
2026-10-02,2026-10-02T13:49:31+08:00,酷狗音乐,热歌榜,酷狗TOP500,2026-10-02,288,不潮不用花钱,林俊杰,,3:54,5A84BBA4C673BEA45083C521ADF366AF,963179,https://www.kugou.com/yy/rank/home/14-8888.html?from=rank
2026-10-02,2026-10-02T13:49:31+08:00,酷狗音乐,热歌榜,酷狗TOP500,2026-10-02,289,现在那边是几点,黄小琥,,4:28,A8EC1E9AD70A907D62DAA2924482F4DA,2997328,https://www.kugou.com/yy/rank/home/14-8888.html?from=rank
2026-10-02,2026-10-02T13:49:31+08:00,酷狗音乐,热歌榜,酷狗TOP500,2026-10-02,290,寂寞沙洲冷,周传雄,,4:35,36A4F5EAA748324A5D509D8EDC47699F,984377,https://www.kugou.com/yy/rank/home/14-8888.html?from=rank
2026-10-02,2026-10-02T13:49:31+08:00,酷狗音乐,热歌榜,酷狗TOP500,2026-10-02,291,你就不要想起我,田馥甄,,4:41,33E67CD9B775093E93CBABBD649DF087,965595,https://www.kugou.com/yy/rank/home/14-8888.html?from=rank
2026-10-02,2026-10-02T13:49:31+08:00,酷狗音乐,热歌榜,酷狗TOP500,2026-10-02,292,珊瑚海,周杰伦、Lara梁心颐,,4:16,90E34F0C582168E7EA857915771AB220,958909,https://www.kugou.com/yy/rank/home/14-8888.html?from=rank
2026-10-02,2026-10-02T13:49:31+08:00,酷狗音乐,热歌榜,酷狗TOP500,2026-10-02,293,疑心病,任然,,4:52,030BE0EE70580141E406B90363A08494,1006462,https://www.kugou.com/yy/rank/home/14-8888.html?from=rank
2026-10-02,2026-10-02T13:49:31+08:00,酷狗音乐,热歌榜,酷狗TOP500,2026-10-02,294,后来的我们,五月天,,5:46,09120C11A5C376EC7D1640098FA70CDC,1748942,https://www.kugou.com/yy/rank/home/14-8888.html?from=rank
2026-10-02,2026-10-02T13:49:31+08:00,酷狗音乐,热歌榜,酷狗TOP500,2026-10-02,295,像风一样,薛之谦,,4:15,ACC9BB4136622B3E2BA561B87FFF00D9,7818079,https://www.kugou.com/yy/rank/home/14-8888.html?from=rank
2026-10-02,2026-10-02T13:49:31+08:00,酷狗音乐,热歌榜,酷狗TOP500,2026-10-02,296,最后一页,江语晨,,4:06,EF053996094A323B42C35195E9781A30,1596655,https://www.kugou.com/yy/rank/home/14-8888.html?from=rank
2026-10-02,2026-10-02T13:49:31+08:00,酷狗音乐,热歌榜,酷狗TOP500,2026-10-02,297,淘汰,陈奕迅,,4:45,90C64A1FB2F32663FA8037D847AABB57,962514,https://www.kugou.com/yy/rank/home/14-8888.html?from=rank
2026-10-02,2026-10-02T13:49:31+08:00,酷狗音乐,热歌榜,酷狗TOP500,2026-10-02,298,读心术,卓文萱,,4:20,3F98A771F8F33556966A9990F66D95C4,965920,https://www.kugou.com/yy/rank/home/14-8888.html?from=rank
2026-10-02,2026-10-02T13:49:31+08:00,酷狗音乐,热歌榜,酷狗TOP500,2026-10-02,299,是你没选我啊,于冬然,,3:22,885046DF8380B7506A6B12EC8F6E201D,176303736,https://www.kugou.com/yy/rank/home/14-8888.html?from=rank
2026-10-02,2026-10-02T13:49:31+08:00,酷狗音乐,热歌榜,酷狗TOP500,2026-10-02,300,冲动的惩罚,刀郎,,7:54,84073718AE6A82366444C3B5AE526FAC,964521,https://www.kugou.com/yy/rank/home/14-8888.html?from=rank
2026-10-02,2026-10-02T13:49:31+08:00,酷狗音乐,热歌榜,酷狗TOP500,2026-10-02,301,不能说的秘密,周杰伦,,4:57,EDFC5DD1AC3D58971AB95B3E2700D015,554150,https://www.kugou.com/yy/rank/home/14-8888.html?from=rank
2026-10-02,2026-10-02T13:49:31+08:00,酷狗音乐,热歌榜,酷狗TOP500,2026-10-02,302,求佛,誓言,,4:46,7B7140B23A836DC6EE63B6CD48482402,7614,https://www.kugou.com/yy/rank/home/14-8888.html?from=rank
2026-10-02,2026-10-02T13:49:31+08:00,酷狗音乐,热歌榜,酷狗TOP500,2026-10-02,303,离歌,信乐团,,4:28,59CF0756AABF490875CEA51FEBCAACB5,981338,https://www.kugou.com/yy/rank/home/14-8888.html?from=rank
2026-10-02,2026-10-02T13:49:31+08:00,酷狗音乐,热歌榜,酷狗TOP500,2026-10-02,304,爱我还是他,陶喆,,4:52,99BB8912A33F263BA28381DE8F52BFE6,7547427,https://www.kugou.com/yy/rank/home/14-8888.html?from=rank
2026-10-02,2026-10-02T13:49:31+08:00,酷狗音乐,热歌榜,酷狗TOP500,2026-10-02,305,你的样子 (烟嗓版),十一经典老歌,,3:17,9CF9C5DDBC66437ED5BF2EDB46FF94D8,193387171,https://www.kugou.com/yy/rank/home/14-8888.html?from=rank
2026-10-02,2026-10-02T13:49:31+08:00,酷狗音乐,热歌榜,酷狗TOP500,2026-10-02,306,IF YOU,BIGBANG,,4:24,33C5FC6AB3AF0B5B142F12C9556CB178,549436,https://www.kugou.com/yy/rank/home/14-8888.html?from=rank
2026-10-02,2026-10-02T13:49:31+08:00,酷狗音乐,热歌榜,酷狗TOP500,2026-10-02,307,老人与海,海鸣威、吴琼,,4:26,64550F3E833ABE710545EA84FC82754E,1778632,https://www.kugou.com/yy/rank/home/14-8888.html?from=rank
2026-10-02,2026-10-02T13:49:31+08:00,酷狗音乐,热歌榜,酷狗TOP500,2026-10-02,308,枪火 (相对那就针锋相对),宝石Gem,,3:18,76923758046CB591DC9556D1FB69D976,154798334,https://www.kugou.com/yy/rank/home/14-8888.html?from=rank
2026-10-02,2026-10-02T13:49:31+08:00,酷狗音乐,热歌榜,酷狗TOP500,2026-10-02,309,其实不想走 (对唱版),大双二双,,3:34,84F09FEE497896E4E1CBAD65DC24251A,208999327,https://www.kugou.com/yy/rank/home/15-8888.html?from=rank
2026-10-02,2026-10-02T13:49:31+08:00,酷狗音乐,热歌榜,酷狗TOP500,2026-10-02,310,一程山路,毛不易,,3:36,72F2E36F606EB3DACF2ACD9DE67FCBD3,34631159,https://www.kugou.com/yy/rank/home/15-8888.html?from=rank
2026-10-02,2026-10-02T13:49:31+08:00,酷狗音乐,热歌榜,酷狗TOP500,2026-10-02,311,断点,张敬轩,,4:28,2C2A571D91FF7BF6FE814887FFA7E592,2996592,https://www.kugou.com/yy/rank/home/15-8888.html?from=rank
2026-10-02,2026-10-02T13:49:31+08:00,酷狗音乐,热歌榜,酷狗TOP500,2026-10-02,312,好久不见,陈奕迅,,4:11,8E1DDAF172D9C60A28C19358B07BFBF8,962514,https://www.kugou.com/yy/rank/home/15-8888.html?from=rank
2026-10-02,2026-10-02T13:49:31+08:00,酷狗音乐,热歌榜,酷狗TOP500,2026-10-02,313,不该 (with aMEI),周杰伦、张惠妹,,4:51,FCF336E81DA45A8E696032FFC1708175,1645030,https://www.kugou.com/yy/rank/home/15-8888.html?from=rank
2026-10-02,2026-10-02T13:49:31+08:00,酷狗音乐,热歌榜,酷狗TOP500,2026-10-02,314,有我呢,郭一凡,,4:35,8E21C8F3484FB56833F563754A05CB25,32452531,https://www.kugou.com/yy/rank/home/15-8888.html?from=rank
2026-10-02,2026-10-02T13:49:31+08:00,酷狗音乐,热歌榜,酷狗TOP500,2026-10-02,315,遗失的心跳,萧亚轩,,3:37,54C1A6E877BB37D052A86D4C41604FE7,521727,https://www.kugou.com/yy/rank/home/15-8888.html?from=rank
2026-10-02,2026-10-02T13:49:31+08:00,酷狗音乐,热歌榜,酷狗TOP500,2026-10-02,316,逆风的船 (看那朝阳爬过了山峦),蓝波,,3:16,0FC1FA099A3F6984C1C1D4EC211D5A7B,199831134,https://www.kugou.com/yy/rank/home/15-8888.html?from=rank
2026-10-02,2026-10-02T13:49:31+08:00,酷狗音乐,热歌榜,酷狗TOP500,2026-10-02,317,雨天,孙燕姿,,4:02,9077648AA3ABA06B76FD7569FB715EAF,4075477,https://www.kugou.com/yy/rank/home/15-8888.html?from=rank
2026-10-02,2026-10-02T13:49:31+08:00,酷狗音乐,热歌榜,酷狗TOP500,2026-10-02,318,某年某月某天,颜人中,,5:15,6C2CEEAB40C4AF32C168FF48D56B4E21,38117969,https://www.kugou.com/yy/rank/home/15-8888.html?from=rank
2026-10-02,2026-10-02T13:49:31+08:00,酷狗音乐,热歌榜,酷狗TOP500,2026-10-02,319,祝福祖国 (雷鬼版),烟嗓阿晨,,3:28,A497D478799E2359CCAFEBE3DCC3B42C,202005821,https://www.kugou.com/yy/rank/home/15-8888.html?from=rank
2026-10-02,2026-10-02T13:49:31+08:00,酷狗音乐,热歌榜,酷狗TOP500,2026-10-02,320,真的爱你,BEYOND,,4:35,C46916711631EA28508A41C325A74E1B,971451,https://www.kugou.com/yy/rank/home/15-8888.html?from=rank
2026-10-02,2026-10-02T13:49:31+08:00,酷狗音乐,热歌榜,酷狗TOP500,2026-10-02,321,冷夜,陈默之,,4:07,DC939521FA5F5736A33765D56B90E03C,84595635,https://www.kugou.com/yy/rank/home/15-8888.html?from=rank
2026-10-02,2026-10-02T13:49:31+08:00,酷狗音乐,热歌榜,酷狗TOP500,2026-10-02,322,玫瑰花的葬礼,许嵩,,4:21,0A335E9374392B72E5965D8F6165E564,1968878,https://www.kugou.com/yy/rank/home/15-8888.html?from=rank
2026-10-02,2026-10-02T13:49:31+08:00,酷狗音乐,热歌榜,酷狗TOP500,2026-10-02,323,虚拟,陈粒,,4:01,AEF0740270FE89918F07807C8D669FB7,1749208,https://www.kugou.com/yy/rank/home/15-8888.html?from=rank
2026-10-02,2026-10-02T13:49:31+08:00,酷狗音乐,热歌榜,酷狗TOP500,2026-10-02,324,祝福祖国,汤灿,,5:10,F7350A0196BF145B049A30B9FA268174,603238,https://www.kugou.com/yy/rank/home/15-8888.html?from=rank
2026-10-02,2026-10-02T13:49:31+08:00,酷狗音乐,热歌榜,酷狗TOP500,2026-10-02,325,不浪漫罪名,王杰,,4:48,4255D3F001B95B07F2D5BE330D14A780,503247,https://www.kugou.com/yy/rank/home/15-8888.html?from=rank
2026-10-02,2026-10-02T13:49:31+08:00,酷狗音乐,热歌榜,酷狗TOP500,2026-10-02,326,明明就,周杰伦,,4:20,D85C14E02008B7A2F97D55CDC29C2221,982051,https://www.kugou.com/yy/rank/home/15-8888.html?from=rank
2026-10-02,2026-10-02T13:49:31+08:00,酷狗音乐,热歌榜,酷狗TOP500,2026-10-02,327,小美满,周深,,3:34,04A21DB1AB3C8E0D1D8F51F11BDB03A1,83112420,https://www.kugou.com/yy/rank/home/15-8888.html?from=rank
2026-10-02,2026-10-02T13:49:31+08:00,酷狗音乐,热歌榜,酷狗TOP500,2026-10-02,328,一样的月光,徐佳莹,,4:00,E470A579E87A5436E68FAA51AD18A379,972101,https://www.kugou.com/yy/rank/home/15-8888.html?from=rank
2026-10-02,2026-10-02T13:49:31+08:00,酷狗音乐,热歌榜,酷狗TOP500,2026-10-02,329,爱丫爱丫,BY2,,3:51,18008576BCFBA9750C2C60EB6C204270,981935,https://www.kugou.com/yy/rank/home/15-8888.html?from=rank
2026-10-02,2026-10-02T13:49:31+08:00,酷狗音乐,热歌榜,酷狗TOP500,2026-10-02,330,明天，你好,牛奶咖啡,,4:32,A9527F71F7149F13E1F78B23C25DD30B,967562,https://www.kugou.com/yy/rank/home/15-8888.html?from=rank
2026-10-02,2026-10-02T13:49:31+08:00,酷狗音乐,热歌榜,酷狗TOP500,2026-10-02,331,夜空中最亮的星,逃跑计划,,4:12,766877C1D3DD28BE7546506922EA17D7,961718,https://www.kugou.com/yy/rank/home/16-8888.html?from=rank
2026-10-02,2026-10-02T13:49:31+08:00,酷狗音乐,热歌榜,酷狗TOP500,2026-10-02,332,有点甜,汪苏泷、BY2,,3:55,99CFDC717FEB7DABCD8A6392D821FC08,516425,https://www.kugou.com/yy/rank/home/16-8888.html?from=rank
2026-10-02,2026-10-02T13:49:31+08:00,酷狗音乐,热歌榜,酷狗TOP500,2026-10-02,333,黄昏 (纵然青丝如霜)(R&B版),落日微醺,,4:05,423FC1778078ACF260242626820E4244,194767721,https://www.kugou.com/yy/rank/home/16-8888.html?from=rank
2026-10-02,2026-10-02T13:49:31+08:00,酷狗音乐,热歌榜,酷狗TOP500,2026-10-02,334,简单爱,周杰伦,,4:30,6E44CE19BE5872384FA184B995CCE23B,958706,https://www.kugou.com/yy/rank/home/16-8888.html?from=rank
2026-10-02,2026-10-02T13:49:31+08:00,酷狗音乐,热歌榜,酷狗TOP500,2026-10-02,335,手放开,李圣杰,,4:25,022583751858F1E3558F32EC4ECF7DD5,959847,https://www.kugou.com/yy/rank/home/16-8888.html?from=rank
2026-10-02,2026-10-02T13:49:31+08:00,酷狗音乐,热歌榜,酷狗TOP500,2026-10-02,336,别回头 别停留 往前走,Roling7,,3:34,7E272D73C619A19C0F4AC728EBEEC30D,191953356,https://www.kugou.com/yy/rank/home/16-8888.html?from=rank
2026-10-02,2026-10-02T13:49:31+08:00,酷狗音乐,热歌榜,酷狗TOP500,2026-10-02,337,他一定很爱你,阿杜,,3:31,05E693C88CE84950E159DA62EB1013ED,963634,https://www.kugou.com/yy/rank/home/16-8888.html?from=rank
2026-10-02,2026-10-02T13:49:31+08:00,酷狗音乐,热歌榜,酷狗TOP500,2026-10-02,338,还是分开 (Acoustic Version),张叶蕾,,3:49,CCB537741E41A89D63810C75D50BCFE6,130014024,https://www.kugou.com/yy/rank/home/16-8888.html?from=rank
2026-10-02,2026-10-02T13:49:31+08:00,酷狗音乐,热歌榜,酷狗TOP500,2026-10-02,339,美丽的神话,孙楠、韩红,,4:52,877281C8E094A848F022BCAAA76945CB,964166,https://www.kugou.com/yy/rank/home/16-8888.html?from=rank
2026-10-02,2026-10-02T13:49:31+08:00,酷狗音乐,热歌榜,酷狗TOP500,2026-10-02,340,最爱,周慧敏,,4:25,DBC221919A9686F684F90E1920179363,568311,https://www.kugou.com/yy/rank/home/16-8888.html?from=rank
2026-10-02,2026-10-02T13:49:31+08:00,酷狗音乐,热歌榜,酷狗TOP500,2026-10-02,341,葡萄成熟时,陈奕迅,,4:37,FDEEA17B3BAD24C0C88E4D45F71F1946,968210,https://www.kugou.com/yy/rank/home/16-8888.html?from=rank
2026-10-02,2026-10-02T13:49:31+08:00,酷狗音乐,热歌榜,酷狗TOP500,2026-10-02,342,一个人想着一个人,曾沛慈,,4:04,C9148675D85D3C2B306E966000BC5ABD,542900,https://www.kugou.com/yy/rank/home/16-8888.html?from=rank
2026-10-02,2026-10-02T13:49:31+08:00,酷狗音乐,热歌榜,酷狗TOP500,2026-10-02,343,暧昧,薛之谦,,5:12,B3A4E466F13F44FA0B91FA4EB8E6DECA,7818079,https://www.kugou.com/yy/rank/home/16-8888.html?from=rank
2026-10-02,2026-10-02T13:49:31+08:00,酷狗音乐,热歌榜,酷狗TOP500,2026-10-02,344,走走,李荣浩,,5:04,0BD5B6F56CED35BB3380425EC02E1098,106374641,https://www.kugou.com/yy/rank/home/16-8888.html?from=rank
2026-10-02,2026-10-02T13:49:31+08:00,酷狗音乐,热歌榜,酷狗TOP500,2026-10-02,345,如果这就是爱情,张靓颖,,4:43,4E871DF1E2034CF6BAAD7B03D2386058,2597425,https://www.kugou.com/yy/rank/home/16-8888.html?from=rank
2026-10-02,2026-10-02T13:49:31+08:00,酷狗音乐,热歌榜,酷狗TOP500,2026-10-02,346,是我不够好,李毓芬,,3:37,2B152C85BA2B73CBC79EA722928EF425,1590098,https://www.kugou.com/yy/rank/home/16-8888.html?from=rank
2026-10-02,2026-10-02T13:49:31+08:00,酷狗音乐,热歌榜,酷狗TOP500,2026-10-02,347,麦恩莉,方大同,,4:48,3A08C7B067EC2E9B552AB8664490FCEB,971920,https://www.kugou.com/yy/rank/home/16-8888.html?from=rank
2026-10-02,2026-10-02T13:49:31+08:00,酷狗音乐,热歌榜,酷狗TOP500,2026-10-02,348,单身情歌,林志炫,,4:35,ACD27A452FE3D0348D38540762DA7BEB,971171,https://www.kugou.com/yy/rank/home/16-8888.html?from=rank
2026-10-02,2026-10-02T13:49:31+08:00,酷狗音乐,热歌榜,酷狗TOP500,2026-10-02,349,Perfect Version Of Me,Vicky宣宣,,4:47,5A6DE668B250C84587DF98C22512600A,154429032,https://www.kugou.com/yy/rank/home/16-8888.html?from=rank
2026-10-02,2026-10-02T13:49:31+08:00,酷狗音乐,热歌榜,酷狗TOP500,2026-10-02,350,跨不过的距离,虎二,,4:31,FED5892036FBD176F6FEAE973C565E59,38209191,https://www.kugou.com/yy/rank/home/16-8888.html?from=rank
2026-10-02,2026-10-02T13:49:31+08:00,酷狗音乐,热歌榜,酷狗TOP500,2026-10-02,351,哼着你爱听的歌 (女版),田园,,3:20,37B0685181098FB8427291594EDBC8CD,162686180,https://www.kugou.com/yy/rank/home/16-8888.html?from=rank
2026-10-02,2026-10-02T13:49:31+08:00,酷狗音乐,热歌榜,酷狗TOP500,2026-10-02,352,小半 (Live),王铮亮、谭松韵,,5:14,D0CF7A8F58E9AB02D7B3305E425AE73C,196185049,https://www.kugou.com/yy/rank/home/16-8888.html?from=rank
2026-10-02,2026-10-02T13:49:31+08:00,酷狗音乐,热歌榜,酷狗TOP500,2026-10-02,353,天若有情,A-Lin,,4:17,2E6CE4E79982AE2119A69C1D30537EA2,1805426,https://www.kugou.com/yy/rank/home/17-8888.html?from=rank
2026-10-02,2026-10-02T13:49:31+08:00,酷狗音乐,热歌榜,酷狗TOP500,2026-10-02,354,下雨天,南拳妈妈,,4:13,947127F991A6A4FF77C89779E6B25AF4,983794,https://www.kugou.com/yy/rank/home/17-8888.html?from=rank
2026-10-02,2026-10-02T13:49:31+08:00,酷狗音乐,热歌榜,酷狗TOP500,2026-10-02,355,讨厌,芮恩,,4:18,C88A8D3EF16E2C4E944B947E0F56A7AD,2996887,https://www.kugou.com/yy/rank/home/17-8888.html?from=rank
2026-10-02,2026-10-02T13:49:31+08:00,酷狗音乐,热歌榜,酷狗TOP500,2026-10-02,356,Letting Go,蔡健雅,,4:23,326CBB23BAA90062047512376AA406A4,978874,https://www.kugou.com/yy/rank/home/17-8888.html?from=rank
2026-10-02,2026-10-02T13:49:31+08:00,酷狗音乐,热歌榜,酷狗TOP500,2026-10-02,357,女孩,韦礼安,,5:06,A0701AE5A100E543DE602E75C64A7424,1766500,https://www.kugou.com/yy/rank/home/17-8888.html?from=rank
2026-10-02,2026-10-02T13:49:31+08:00,酷狗音乐,热歌榜,酷狗TOP500,2026-10-02,358,倒带,蔡依林,,4:26,446507D2332BC3F263596363A97C6E95,976925,https://www.kugou.com/yy/rank/home/17-8888.html?from=rank
2026-10-02,2026-10-02T13:49:31+08:00,酷狗音乐,热歌榜,酷狗TOP500,2026-10-02,359,天下,张杰,,3:42,17B11C65674378CA43995537331E1D9C,38606351,https://www.kugou.com/yy/rank/home/17-8888.html?from=rank
2026-10-02,2026-10-02T13:49:31+08:00,酷狗音乐,热歌榜,酷狗TOP500,2026-10-02,360,偏偏喜欢你,陈百强,,3:32,D186383AA965D13601CFF4857F844FEE,983655,https://www.kugou.com/yy/rank/home/17-8888.html?from=rank
2026-10-02,2026-10-02T13:49:31+08:00,酷狗音乐,热歌榜,酷狗TOP500,2026-10-02,361,画,赵雷,,3:46,F5F4E2CAE64AC055C3E22A6C807832EE,965599,https://www.kugou.com/yy/rank/home/17-8888.html?from=rank
2026-10-02,2026-10-02T13:49:31+08:00,酷狗音乐,热歌榜,酷狗TOP500,2026-10-02,362,情人,蔡徐坤,,3:15,120F234213ACB64E202B391612D5D9CA,37760326,https://www.kugou.com/yy/rank/home/17-8888.html?from=rank
2026-10-02,2026-10-02T13:49:31+08:00,酷狗音乐,热歌榜,酷狗TOP500,2026-10-02,363,他真的对你好吗,付豪,,4:18,B1B875147F45355FF807402402F5B573,55501876,https://www.kugou.com/yy/rank/home/17-8888.html?from=rank
2026-10-02,2026-10-02T13:49:31+08:00,酷狗音乐,热歌榜,酷狗TOP500,2026-10-02,364,如果还会遇见,何遇Hayu、Crybird,,3:48,B740AAF49578F8F9C9E52DD560E122BF,201658284,https://www.kugou.com/yy/rank/home/17-8888.html?from=rank
2026-10-02,2026-10-02T13:49:31+08:00,酷狗音乐,热歌榜,酷狗TOP500,2026-10-02,365,句号,G.E.M.邓紫棋,,3:56,0EC0DFE7A4090B3C5C2C1831D7F3ED51,35503028,https://www.kugou.com/yy/rank/home/17-8888.html?from=rank
2026-10-02,2026-10-02T13:49:31+08:00,酷狗音乐,热歌榜,酷狗TOP500,2026-10-02,366,感谢你曾来过,Ayo97、周思涵,,4:10,39DCBBDCB0B377628BEF5FD48EF01254,9101627,https://www.kugou.com/yy/rank/home/17-8888.html?from=rank
2026-10-02,2026-10-02T13:49:31+08:00,酷狗音乐,热歌榜,酷狗TOP500,2026-10-02,367,夜间巡航 (忧郁版),缘似雨.,,2:22,4666A42F16E05177D254B5AF8367BE46,207701563,https://www.kugou.com/yy/rank/home/17-8888.html?from=rank
2026-10-02,2026-10-02T13:49:31+08:00,酷狗音乐,热歌榜,酷狗TOP500,2026-10-02,368,落空,印子月,,3:53,F2823FEC8D01EDE2587ED3D32F787782,15394482,https://www.kugou.com/yy/rank/home/17-8888.html?from=rank
2026-10-02,2026-10-02T13:49:31+08:00,酷狗音乐,热歌榜,酷狗TOP500,2026-10-02,369,说散就散,袁娅维TIA RAY,,4:03,837D7CEC9202B47F077BB7FE8C0C1A08,8025931,https://www.kugou.com/yy/rank/home/17-8888.html?from=rank
2026-10-02,2026-10-02T13:49:31+08:00,酷狗音乐,热歌榜,酷狗TOP500,2026-10-02,370,倒数,G.E.M.邓紫棋,,3:49,65945C4D6FB03D7997AE133C9BE5715D,9373625,https://www.kugou.com/yy/rank/home/17-8888.html?from=rank
2026-10-02,2026-10-02T13:49:31+08:00,酷狗音乐,热歌榜,酷狗TOP500,2026-10-02,371,不得不爱,潘玮柏、弦子,,4:41,8F9E3FD474EA612C61EB20D1415767BF,972809,https://www.kugou.com/yy/rank/home/17-8888.html?from=rank
2026-10-02,2026-10-02T13:49:31+08:00,酷狗音乐,热歌榜,酷狗TOP500,2026-10-02,372,西楼儿女,海来阿木,,4:18,84DA47460010F3D91E203F777233DAA4,62931439,https://www.kugou.com/yy/rank/home/17-8888.html?from=rank
2026-10-02,2026-10-02T13:49:31+08:00,酷狗音乐,热歌榜,酷狗TOP500,2026-10-02,373,记事本,陈慧琳,,4:11,26684870E2CE3936A3D72559F67C0606,2996651,https://www.kugou.com/yy/rank/home/17-8888.html?from=rank
2026-10-02,2026-10-02T13:49:31+08:00,酷狗音乐,热歌榜,酷狗TOP500,2026-10-02,374,一万个理由,郑源,,4:25,6BE0597021C8E5E3D7A9AE5FB782947A,977094,https://www.kugou.com/yy/rank/home/17-8888.html?from=rank
2026-10-02,2026-10-02T13:49:31+08:00,酷狗音乐,热歌榜,酷狗TOP500,2026-10-02,375,潮汐 (Natural),傅梦彤,,2:49,A4713521E4754B8ED3F09AF1E41756E5,39769270,https://www.kugou.com/yy/rank/home/18-8888.html?from=rank
2026-10-02,2026-10-02T13:49:31+08:00,酷狗音乐,热歌榜,酷狗TOP500,2026-10-02,376,忘情牛肉面,马健涛,,3:02,E9E3E3F40397839A715537F5AA5C93CE,32988895,https://www.kugou.com/yy/rank/home/18-8888.html?from=rank
2026-10-02,2026-10-02T13:49:31+08:00,酷狗音乐,热歌榜,酷狗TOP500,2026-10-02,377,少一点天份,孙盛希,,4:35,FFD1F05E5D06A1DDFAEDFE6A3379A271,566029,https://www.kugou.com/yy/rank/home/18-8888.html?from=rank
2026-10-02,2026-10-02T13:49:31+08:00,酷狗音乐,热歌榜,酷狗TOP500,2026-10-02,378,我和我的祖国,华语群星,,4:04,05FBB0D813A09C3454C493482092B189,29535311,https://www.kugou.com/yy/rank/home/18-8888.html?from=rank
2026-10-02,2026-10-02T13:49:31+08:00,酷狗音乐,热歌榜,酷狗TOP500,2026-10-02,379,鼓楼,赵雷,,4:41,5A794095301611FB8600A85301B0BFC4,1946722,https://www.kugou.com/yy/rank/home/18-8888.html?from=rank
2026-10-02,2026-10-02T13:49:31+08:00,酷狗音乐,热歌榜,酷狗TOP500,2026-10-02,380,匿名的好友,杨丞琳,,4:23,F9CE6B13B4C90B01B3C129FF11B11C87,2694607,https://www.kugou.com/yy/rank/home/18-8888.html?from=rank
2026-10-02,2026-10-02T13:49:31+08:00,酷狗音乐,热歌榜,酷狗TOP500,2026-10-02,381,爱在西元前,周杰伦,,3:54,66B756FB1331807B032EF97F7BA9948E,958706,https://www.kugou.com/yy/rank/home/18-8888.html?from=rank
2026-10-02,2026-10-02T13:49:31+08:00,酷狗音乐,热歌榜,酷狗TOP500,2026-10-02,382,吻别 (烟嗓女版),烟嗓小希,,4:49,12750D3982067B33EB395B9BF2A714E0,200693191,https://www.kugou.com/yy/rank/home/18-8888.html?from=rank
2026-10-02,2026-10-02T13:49:31+08:00,酷狗音乐,热歌榜,酷狗TOP500,2026-10-02,383,山风山风等等我 (合唱版),万海东、人生感悟、吴章磊、天雯,,3:29,509AB53405C872C7A81200CDF2F3F11A,204486191,https://www.kugou.com/yy/rank/home/18-8888.html?from=rank
2026-10-02,2026-10-02T13:49:31+08:00,酷狗音乐,热歌榜,酷狗TOP500,2026-10-02,384,天黑黑,孙燕姿,,3:56,D4601C9FFEADB42961CE4E623FAFD279,973684,https://www.kugou.com/yy/rank/home/18-8888.html?from=rank
2026-10-02,2026-10-02T13:49:31+08:00,酷狗音乐,热歌榜,酷狗TOP500,2026-10-02,385,Take Me to Your Heart,Michael Learns To Rock,,3:59,97ED0BF75D3D6EEB97A326073F503AC8,561642,https://www.kugou.com/yy/rank/home/18-8888.html?from=rank
2026-10-02,2026-10-02T13:49:31+08:00,酷狗音乐,热歌榜,酷狗TOP500,2026-10-02,386,月光,胡彦斌,,4:32,3ED31D9A5C8B2F28529E69E8B17DFEA3,7547355,https://www.kugou.com/yy/rank/home/18-8888.html?from=rank
2026-10-02,2026-10-02T13:49:31+08:00,酷狗音乐,热歌榜,酷狗TOP500,2026-10-02,387,逆流成河,金南玲,,2:05,F12381673024C26DF3CC2589AA52987F,976591,https://www.kugou.com/yy/rank/home/18-8888.html?from=rank
2026-10-02,2026-10-02T13:49:31+08:00,酷狗音乐,热歌榜,酷狗TOP500,2026-10-02,388,别怕我伤心,张信哲,,4:47,976677A739F25908591FA822CB1F1DF3,538030,https://www.kugou.com/yy/rank/home/18-8888.html?from=rank
2026-10-02,2026-10-02T13:49:31+08:00,酷狗音乐,热歌榜,酷狗TOP500,2026-10-02,389,意外,薛之谦,,4:52,04E0EDE41EA3CCFF76C04F414E1D03A7,960327,https://www.kugou.com/yy/rank/home/18-8888.html?from=rank
2026-10-02,2026-10-02T13:49:31+08:00,酷狗音乐,热歌榜,酷狗TOP500,2026-10-02,390,我恨明月不照我,阿YueYue,,4:12,B1B259EEA7E93DE5F6C759BA6C45777C,172322576,https://www.kugou.com/yy/rank/home/18-8888.html?from=rank
2026-10-02,2026-10-02T13:49:31+08:00,酷狗音乐,热歌榜,酷狗TOP500,2026-10-02,391,大海,张雨生,,4:40,BF8252BEAE57AEB53490145CA8E81BB4,967705,https://www.kugou.com/yy/rank/home/18-8888.html?from=rank
2026-10-02,2026-10-02T13:49:31+08:00,酷狗音乐,热歌榜,酷狗TOP500,2026-10-02,392,That Girl,Olly Murs,,2:57,B32C3C7FA2452E7338BFC6F2283FE8ED,1820815,https://www.kugou.com/yy/rank/home/18-8888.html?from=rank
2026-10-02,2026-10-02T13:49:31+08:00,酷狗音乐,热歌榜,酷狗TOP500,2026-10-02,393,岸边客,夏子航（2603）,,4:32,E87EEB7804D4708714E6C38DE1F8E649,161846818,https://www.kugou.com/yy/rank/home/18-8888.html?from=rank
2026-10-02,2026-10-02T13:49:31+08:00,酷狗音乐,热歌榜,酷狗TOP500,2026-10-02,394,想你的夜,关喆,,4:25,1404A292A6E122C99696BDFF04CE982F,963737,https://www.kugou.com/yy/rank/home/18-8888.html?from=rank
2026-10-02,2026-10-02T13:49:31+08:00,酷狗音乐,热歌榜,酷狗TOP500,2026-10-02,395,开不了口,周杰伦,,4:44,32DD461A82439D4B75E87ECC3F047E6A,958706,https://www.kugou.com/yy/rank/home/18-8888.html?from=rank
2026-10-02,2026-10-02T13:49:31+08:00,酷狗音乐,热歌榜,酷狗TOP500,2026-10-02,396,修炼爱情,林俊杰,,4:47,8748C12719DCA9F588B1118AC05F6BF8,972188,https://www.kugou.com/yy/rank/home/18-8888.html?from=rank
2026-10-02,2026-10-02T13:49:31+08:00,酷狗音乐,热歌榜,酷狗TOP500,2026-10-02,397,写给黄淮 (Live),邵帅,,6:49,56CA5E49436D42D4F9F246FBF2B77B94,36751557,https://www.kugou.com/yy/rank/home/19-8888.html?from=rank
2026-10-02,2026-10-02T13:49:31+08:00,酷狗音乐,热歌榜,酷狗TOP500,2026-10-02,398,我太笨,锤娜丽莎,,4:25,A5D4F40382C0DF1A95A48A617793F03E,46432417,https://www.kugou.com/yy/rank/home/19-8888.html?from=rank
2026-10-02,2026-10-02T13:49:31+08:00,酷狗音乐,热歌榜,酷狗TOP500,2026-10-02,399,广东爱情故事,广东雨神,,3:34,7A2956668C7D5393FF16AD930C23F2FD,4162049,https://www.kugou.com/yy/rank/home/19-8888.html?from=rank
2026-10-02,2026-10-02T13:49:31+08:00,酷狗音乐,热歌榜,酷狗TOP500,2026-10-02,400,左转灯 (1000 Times +1),派伟俊、mac ova seas,,3:17,E51ABAF534E7D2BA42DB5604421D4838,164658305,https://www.kugou.com/yy/rank/home/19-8888.html?from=rank
2026-10-02,2026-10-02T13:49:31+08:00,酷狗音乐,热歌榜,酷狗TOP500,2026-10-02,401,叹云兮,鞠婧祎,,4:43,DB94CC1C55558D7ED4B0E402A2DF065D,8700851,https://www.kugou.com/yy/rank/home/19-8888.html?from=rank
2026-10-02,2026-10-02T13:49:31+08:00,酷狗音乐,热歌榜,酷狗TOP500,2026-10-02,402,BASS超重低音DJ,Camellia、Jellyrose,,5:06,45FB9D9F16B992CDBA100048A8E47C36,205155830,https://www.kugou.com/yy/rank/home/19-8888.html?from=rank
2026-10-02,2026-10-02T13:49:31+08:00,酷狗音乐,热歌榜,酷狗TOP500,2026-10-02,403,Baby,Justin Bieber、Ludacris,,3:37,493CD2904FAFDAEB8785CC83B8056F5A,508825,https://www.kugou.com/yy/rank/home/19-8888.html?from=rank
2026-10-02,2026-10-02T13:49:31+08:00,酷狗音乐,热歌榜,酷狗TOP500,2026-10-02,404,白鸽乌鸦相爱的戏码,潘成（皮卡潘）,,2:54,1B5005F285D8B7FD083CA61C5753E9DB,100112898,https://www.kugou.com/yy/rank/home/19-8888.html?from=rank
2026-10-02,2026-10-02T13:49:31+08:00,酷狗音乐,热歌榜,酷狗TOP500,2026-10-02,405,Poker Face,Lady Gaga,,3:57,645E837927E3207AD0AEA3997EB00444,38501704,https://www.kugou.com/yy/rank/home/19-8888.html?from=rank
2026-10-02,2026-10-02T13:49:31+08:00,酷狗音乐,热歌榜,酷狗TOP500,2026-10-02,406,情非得已,庾澄庆,,4:34,9531137EBFDCCB82120BFB972146724F,969314,https://www.kugou.com/yy/rank/home/19-8888.html?from=rank
2026-10-02,2026-10-02T13:49:31+08:00,酷狗音乐,热歌榜,酷狗TOP500,2026-10-02,407,放生,范逸臣 Van Fan,,4:33,ECAD846ED5A19AD736F9885F805A7E64,490139,https://www.kugou.com/yy/rank/home/19-8888.html?from=rank
2026-10-02,2026-10-02T13:49:31+08:00,酷狗音乐,热歌榜,酷狗TOP500,2026-10-02,408,路过人间,郁可唯,,4:06,2570131E77CC024747EE342E7404F99D,20288614,https://www.kugou.com/yy/rank/home/19-8888.html?from=rank
2026-10-02,2026-10-02T13:49:31+08:00,酷狗音乐,热歌榜,酷狗TOP500,2026-10-02,409,无赖,郑中基,,4:04,1C8DCCD42F3FA29BB2878E20C90281E3,7547818,https://www.kugou.com/yy/rank/home/19-8888.html?from=rank
2026-10-02,2026-10-02T13:49:31+08:00,酷狗音乐,热歌榜,酷狗TOP500,2026-10-02,410,同手同脚,温岚,,4:18,1DB5F549DF57C1C9553D9BDD735C763A,2997107,https://www.kugou.com/yy/rank/home/19-8888.html?from=rank
2026-10-02,2026-10-02T13:49:31+08:00,酷狗音乐,热歌榜,酷狗TOP500,2026-10-02,411,再见只是陌生人,庄心妍,,4:12,67F2E5F1B47C2B86E201518FD24D9831,556403,https://www.kugou.com/yy/rank/home/19-8888.html?from=rank
2026-10-02,2026-10-02T13:49:31+08:00,酷狗音乐,热歌榜,酷狗TOP500,2026-10-02,412,天亮以前说再见,何野,,4:00,18E9FC6CF97258B75D090188EDBAE95B,11792318,https://www.kugou.com/yy/rank/home/19-8888.html?from=rank
2026-10-02,2026-10-02T13:49:31+08:00,酷狗音乐,热歌榜,酷狗TOP500,2026-10-02,413,Call You Tonight,Whitney Houston,,4:10,3378039942BA822731531F34BACF9CA1,561454,https://www.kugou.com/yy/rank/home/19-8888.html?from=rank
2026-10-02,2026-10-02T13:49:31+08:00,酷狗音乐,热歌榜,酷狗TOP500,2026-10-02,414,好汉歌,刘欢,,3:11,5B40B751A65B2731CD211A0A7C5B0ED9,8350887,https://www.kugou.com/yy/rank/home/19-8888.html?from=rank
2026-10-02,2026-10-02T13:49:31+08:00,酷狗音乐,热歌榜,酷狗TOP500,2026-10-02,415,我们的时光,赵雷,,4:31,84EA1667187279849794A9CC96FA0D27,963934,https://www.kugou.com/yy/rank/home/19-8888.html?from=rank
2026-10-02,2026-10-02T13:49:31+08:00,酷狗音乐,热歌榜,酷狗TOP500,2026-10-02,416,我的一个道姑朋友 (而你撑伞拥我入怀中),晚月moon,,4:44,5F4222918D3A175A8ECB52ED337C2B01,208084022,https://www.kugou.com/yy/rank/home/19-8888.html?from=rank
2026-10-02,2026-10-02T13:49:31+08:00,酷狗音乐,热歌榜,酷狗TOP500,2026-10-02,417,男孩 (Live),梁博,,5:12,7888BA9869F728304E06047048137CDD,1985016,https://www.kugou.com/yy/rank/home/19-8888.html?from=rank
2026-10-02,2026-10-02T13:49:31+08:00,酷狗音乐,热歌榜,酷狗TOP500,2026-10-02,418,突然好想你,五月天,,4:26,CF67FCE66C4F54823FDFCBD529797552,976965,https://www.kugou.com/yy/rank/home/19-8888.html?from=rank
2026-10-02,2026-10-02T13:49:31+08:00,酷狗音乐,热歌榜,酷狗TOP500,2026-10-02,419,我听人说思念像风一样 (前世不欠，今生不见),顿珠拉姆、自游诗,,3:32,888FE08D95D95A235A86CD51EC68F80E,208776648,https://www.kugou.com/yy/rank/home/20-8888.html?from=rank
2026-10-02,2026-10-02T13:49:31+08:00,酷狗音乐,热歌榜,酷狗TOP500,2026-10-02,420,悬溺,葛东琪,,3:17,666484E904A54B1E62C9FBFDBE6E2563,23773597,https://www.kugou.com/yy/rank/home/20-8888.html?from=rank
2026-10-02,2026-10-02T13:49:31+08:00,酷狗音乐,热歌榜,酷狗TOP500,2026-10-02,421,坠落,蔡健雅,,4:10,233254CB517BAA74387361C2158519DA,974379,https://www.kugou.com/yy/rank/home/20-8888.html?from=rank
2026-10-02,2026-10-02T13:49:31+08:00,酷狗音乐,热歌榜,酷狗TOP500,2026-10-02,422,知了,陈默之,,3:52,FE6608CE529684B94CBA506E2B0C7BB6,91222498,https://www.kugou.com/yy/rank/home/20-8888.html?from=rank
2026-10-02,2026-10-02T13:49:31+08:00,酷狗音乐,热歌榜,酷狗TOP500,2026-10-02,423,你是我触碰不到的风 (酒后释怀live对唱版),艾利（Ellie）、7paste,,3:52,63F146A4A7132C267C78F4832CD62C10,202093916,https://www.kugou.com/yy/rank/home/20-8888.html?from=rank
2026-10-02,2026-10-02T13:49:31+08:00,酷狗音乐,热歌榜,酷狗TOP500,2026-10-02,424,推开世界的门,杨乃文,,4:42,6B5A905C8904FD4A23D255DA1B5592C9,1803972,https://www.kugou.com/yy/rank/home/20-8888.html?from=rank
2026-10-02,2026-10-02T13:49:31+08:00,酷狗音乐,热歌榜,酷狗TOP500,2026-10-02,425,故乡,许巍,,5:14,9EFC9C93AB181E42113F226DFCFA454D,971568,https://www.kugou.com/yy/rank/home/20-8888.html?from=rank
2026-10-02,2026-10-02T13:49:31+08:00,酷狗音乐,热歌榜,酷狗TOP500,2026-10-02,426,Fast Cars & Superstars,Cristian Marchi、Reverend Haus,,2:52,9EA177A8A77A9E31B164F6BDA20D4776,81561846,https://www.kugou.com/yy/rank/home/20-8888.html?from=rank
2026-10-02,2026-10-02T13:49:31+08:00,酷狗音乐,热歌榜,酷狗TOP500,2026-10-02,427,一生中最爱,谭咏麟,,4:19,360AD5530A95B8983E2AB369607A7D1B,960008,https://www.kugou.com/yy/rank/home/20-8888.html?from=rank
2026-10-02,2026-10-02T13:49:31+08:00,酷狗音乐,热歌榜,酷狗TOP500,2026-10-02,428,给我一首歌的时间,周杰伦,,4:14,237FD34BF80D05228D4A43F6CD5BEECF,960399,https://www.kugou.com/yy/rank/home/20-8888.html?from=rank
2026-10-02,2026-10-02T13:49:31+08:00,酷狗音乐,热歌榜,酷狗TOP500,2026-10-02,429,花开忘忧,周深,,4:13,D56829B960F16427899EE933A67F6F85,60562012,https://www.kugou.com/yy/rank/home/20-8888.html?from=rank
2026-10-02,2026-10-02T13:49:31+08:00,酷狗音乐,热歌榜,酷狗TOP500,2026-10-02,430,不如见一面,海来阿木,,4:08,A8CC7F0EA73DE4DE226B26C3F44DD563,80038154,https://www.kugou.com/yy/rank/home/20-8888.html?from=rank
2026-10-02,2026-10-02T13:49:31+08:00,酷狗音乐,热歌榜,酷狗TOP500,2026-10-02,431,水为媒,礼越,,4:18,463569CA5AE9A787A32B66D590C8C98D,200545877,https://www.kugou.com/yy/rank/home/20-8888.html?from=rank
2026-10-02,2026-10-02T13:49:31+08:00,酷狗音乐,热歌榜,酷狗TOP500,2026-10-02,432,渐冷 (r&b微醺版),落日微醺,,4:04,3AE15B1422C36C6C0BCE88CFBA92C7DC,195834507,https://www.kugou.com/yy/rank/home/20-8888.html?from=rank
2026-10-02,2026-10-02T13:49:31+08:00,酷狗音乐,热歌榜,酷狗TOP500,2026-10-02,433,只为你着迷,李秉成,,4:01,C2F47FB042D8FE6A2B5265DFCF8919A5,11795396,https://www.kugou.com/yy/rank/home/20-8888.html?from=rank
2026-10-02,2026-10-02T13:49:31+08:00,酷狗音乐,热歌榜,酷狗TOP500,2026-10-02,434,绅士,薛之谦,,4:50,D6CACA3903CD758D2B4208BF3E4E50EE,14456909,https://www.kugou.com/yy/rank/home/20-8888.html?from=rank
2026-10-02,2026-10-02T13:49:31+08:00,酷狗音乐,热歌榜,酷狗TOP500,2026-10-02,435,手写的从前,周杰伦,,4:58,C1992BBF6FB5BB2BB86DECF657509FD3,962593,https://www.kugou.com/yy/rank/home/20-8888.html?from=rank
2026-10-02,2026-10-02T13:49:31+08:00,酷狗音乐,热歌榜,酷狗TOP500,2026-10-02,436,春庭雪 (r&b微醺版),落日微醺,,3:44,34F0A836850778DA37190AA74ED2A06E,195834505,https://www.kugou.com/yy/rank/home/20-8888.html?from=rank
2026-10-02,2026-10-02T13:49:31+08:00,酷狗音乐,热歌榜,酷狗TOP500,2026-10-02,437,嘉宾,张远,,5:34,96D0DEFE09DFE43C57EE9AC3B1EA408E,39699796,https://www.kugou.com/yy/rank/home/20-8888.html?from=rank
2026-10-02,2026-10-02T13:49:31+08:00,酷狗音乐,热歌榜,酷狗TOP500,2026-10-02,438,命运,家家,,3:51,B149A3BFD19481F91B9A652AA8EA21C1,959745,https://www.kugou.com/yy/rank/home/20-8888.html?from=rank
2026-10-02,2026-10-02T13:49:31+08:00,酷狗音乐,热歌榜,酷狗TOP500,2026-10-02,439,晚风心里吹,阿梨粤,,3:07,DFFB8F6768AC5044881BB6DD11BDED53,55808898,https://www.kugou.com/yy/rank/home/20-8888.html?from=rank
2026-10-02,2026-10-02T13:49:31+08:00,酷狗音乐,热歌榜,酷狗TOP500,2026-10-02,440,我们还能有多少明天 (一晃又一秋语录版),艺凌,,5:30,61172E128AB39BD97E2618B42FA81335,206174844,https://www.kugou.com/yy/rank/home/20-8888.html?from=rank
2026-10-02,2026-10-02T13:49:31+08:00,酷狗音乐,热歌榜,酷狗TOP500,2026-10-02,441,有风的日落,万海东,,3:49,94774F06E73EF9ABD739423E1A414593,181906094,https://www.kugou.com/yy/rank/home/21-8888.html?from=rank
2026-10-02,2026-10-02T13:49:31+08:00,酷狗音乐,热歌榜,酷狗TOP500,2026-10-02,442,幸好还有月光,云朵,,4:34,41BA2EAA448EA81B92F947B811EEC651,208834866,https://www.kugou.com/yy/rank/home/21-8888.html?from=rank
2026-10-02,2026-10-02T13:49:31+08:00,酷狗音乐,热歌榜,酷狗TOP500,2026-10-02,443,不要忘记我爱你,张碧晨,,3:45,C8EBD31EB4B28B4B845119637D90C58D,17022285,https://www.kugou.com/yy/rank/home/21-8888.html?from=rank
2026-10-02,2026-10-02T13:49:31+08:00,酷狗音乐,热歌榜,酷狗TOP500,2026-10-02,444,假装快乐,呆呆破,,4:09,64E79DB11E571AE18B6CC093A69ED4BC,45381876,https://www.kugou.com/yy/rank/home/21-8888.html?from=rank
2026-10-02,2026-10-02T13:49:31+08:00,酷狗音乐,热歌榜,酷狗TOP500,2026-10-02,445,九张机,叶炫清,,3:40,8D82C3340BACF5AA3C763C4910557316,2759902,https://www.kugou.com/yy/rank/home/21-8888.html?from=rank
2026-10-02,2026-10-02T13:49:31+08:00,酷狗音乐,热歌榜,酷狗TOP500,2026-10-02,446,刚刚好,薛之谦,,4:11,956EEC514146039E6D6A16B30DD64A7B,1747549,https://www.kugou.com/yy/rank/home/21-8888.html?from=rank
2026-10-02,2026-10-02T13:49:31+08:00,酷狗音乐,热歌榜,酷狗TOP500,2026-10-02,447,"i hate u, i love u (feat. olivia o'brien)(Explicit)",gnash、Olivia O'Brien,,3:46,729E20B7E80E5616CC306DA3F48CB5DD,12687595,https://www.kugou.com/yy/rank/home/21-8888.html?from=rank
2026-10-02,2026-10-02T13:49:31+08:00,酷狗音乐,热歌榜,酷狗TOP500,2026-10-02,448,你的承诺,海鸣威,,3:53,9F08ECA9AE8E5EE2432E37FF914B95DE,490417,https://www.kugou.com/yy/rank/home/21-8888.html?from=rank
2026-10-02,2026-10-02T13:49:31+08:00,酷狗音乐,热歌榜,酷狗TOP500,2026-10-02,449,十面埋伏,陈奕迅,,3:52,90B8469459CBA58A5DDEDD9350286DD8,2996227,https://www.kugou.com/yy/rank/home/21-8888.html?from=rank
2026-10-02,2026-10-02T13:49:31+08:00,酷狗音乐,热歌榜,酷狗TOP500,2026-10-02,450,独角戏,许茹芸,,4:37,59A58ADD9C4F4EECA6B20F3A1A04E956,973658,https://www.kugou.com/yy/rank/home/21-8888.html?from=rank
2026-10-02,2026-10-02T13:49:31+08:00,酷狗音乐,热歌榜,酷狗TOP500,2026-10-02,451,背着风流泪,文夫,,4:14,93313560CDE28F74AA7D2894E3C4D7F7,146986506,https://www.kugou.com/yy/rank/home/21-8888.html?from=rank
2026-10-02,2026-10-02T13:49:31+08:00,酷狗音乐,热歌榜,酷狗TOP500,2026-10-02,452,总有一天你会出现在我身边,棱镜乐队,,4:30,8E6A42453EF5B06A87772F8FF4AD5188,10808308,https://www.kugou.com/yy/rank/home/21-8888.html?from=rank
2026-10-02,2026-10-02T13:49:31+08:00,酷狗音乐,热歌榜,酷狗TOP500,2026-10-02,453,半岛铁盒,周杰伦,,5:19,67BA8A4A0681F2078BC423CB13B904B7,961807,https://www.kugou.com/yy/rank/home/21-8888.html?from=rank
2026-10-02,2026-10-02T13:49:31+08:00,酷狗音乐,热歌榜,酷狗TOP500,2026-10-02,454,我落泪情绪零碎,周杰伦,,4:18,27943EB1CBD46F7BB165B054CE6EBDC8,958812,https://www.kugou.com/yy/rank/home/21-8888.html?from=rank
2026-10-02,2026-10-02T13:49:31+08:00,酷狗音乐,热歌榜,酷狗TOP500,2026-10-02,455,time machine (feat. aren park)(Original Mix),mj apanay、aren park,,3:46,6FC23D8694067908061BB145B6DFCB87,100264848,https://www.kugou.com/yy/rank/home/21-8888.html?from=rank
2026-10-02,2026-10-02T13:49:31+08:00,酷狗音乐,热歌榜,酷狗TOP500,2026-10-02,456,那些你很冒险的梦,林俊杰,,4:05,468A823BD25A585841F4BC5ED3EF945B,977237,https://www.kugou.com/yy/rank/home/21-8888.html?from=rank
2026-10-02,2026-10-02T13:49:31+08:00,酷狗音乐,热歌榜,酷狗TOP500,2026-10-02,457,Because of You,Kelly Clarkson,,3:39,FED9A7BE6BC7D2FF3B8426ECEF34A2B6,1592158,https://www.kugou.com/yy/rank/home/21-8888.html?from=rank
2026-10-02,2026-10-02T13:49:31+08:00,酷狗音乐,热歌榜,酷狗TOP500,2026-10-02,458,月亮之下,黄龄、邓典,,2:48,D91A689FA33ECA0E954FB29CBE0C3CBD,208305128,https://www.kugou.com/yy/rank/home/21-8888.html?from=rank
2026-10-02,2026-10-02T13:49:31+08:00,酷狗音乐,热歌榜,酷狗TOP500,2026-10-02,459,我不配,周杰伦,,4:49,00CBE76AE7676D5D2A3D832D202C8FFD,979856,https://www.kugou.com/yy/rank/home/21-8888.html?from=rank
2026-10-02,2026-10-02T13:49:31+08:00,酷狗音乐,热歌榜,酷狗TOP500,2026-10-02,460,如果回到那从前 (遗憾),刘纯,,3:18,0B2478BA6332B6F0E791CC7A2DA9ECBA,203722456,https://www.kugou.com/yy/rank/home/21-8888.html?from=rank
2026-10-02,2026-10-02T13:49:31+08:00,酷狗音乐,热歌榜,酷狗TOP500,2026-10-02,461,听说你,于冬然,,3:59,D74845DF9E5EB016BFC5FC86F639CA49,58983593,https://www.kugou.com/yy/rank/home/21-8888.html?from=rank
2026-10-02,2026-10-02T13:49:31+08:00,酷狗音乐,热歌榜,酷狗TOP500,2026-10-02,462,谁,洋澜一,,3:40,445C54E59AB287FCF15D68FAF92CD9B7,89608819,https://www.kugou.com/yy/rank/home/21-8888.html?from=rank
2026-10-02,2026-10-02T13:49:31+08:00,酷狗音乐,热歌榜,酷狗TOP500,2026-10-02,463,漂洋过海来看你,刘明湘,,4:59,1A8FC548D34377622017AAEF1C6418FD,1791001,https://www.kugou.com/yy/rank/home/22-8888.html?from=rank
2026-10-02,2026-10-02T13:49:31+08:00,酷狗音乐,热歌榜,酷狗TOP500,2026-10-02,464,莫忙,乡野低频,,3:00,CF77A3DEE3D707DD355FC0CA3F78FBE5,203395383,https://www.kugou.com/yy/rank/home/22-8888.html?from=rank
2026-10-02,2026-10-02T13:49:31+08:00,酷狗音乐,热歌榜,酷狗TOP500,2026-10-02,465,包容,郑源,,4:23,86470F212F05E4F736C1B36954685338,963730,https://www.kugou.com/yy/rank/home/22-8888.html?from=rank
2026-10-02,2026-10-02T13:49:31+08:00,酷狗音乐,热歌榜,酷狗TOP500,2026-10-02,466,病态的爱 (忘不掉你带给我的吻),哈利白特、Zkaaai,,3:21,AA92A86A3BEF25416ADD03573FBBDEEE,133804191,https://www.kugou.com/yy/rank/home/22-8888.html?from=rank
2026-10-02,2026-10-02T13:49:31+08:00,酷狗音乐,热歌榜,酷狗TOP500,2026-10-02,467,秋殇别恋 (男女撕裂对唱),梨子芥菜、戚悦,,4:19,CA8495DA3927226C0A3FBBD6B95B8315,190178204,https://www.kugou.com/yy/rank/home/22-8888.html?from=rank
2026-10-02,2026-10-02T13:49:31+08:00,酷狗音乐,热歌榜,酷狗TOP500,2026-10-02,468,闭目入神,郑中基,,3:36,386EF80136EFD753F8C9CD75D18159C3,7547818,https://www.kugou.com/yy/rank/home/22-8888.html?from=rank
2026-10-02,2026-10-02T13:49:31+08:00,酷狗音乐,热歌榜,酷狗TOP500,2026-10-02,469,搀扶,马健涛,,5:28,D95AE3CC810BB62D28505AE1510C329F,130332417,https://www.kugou.com/yy/rank/home/22-8888.html?from=rank
2026-10-02,2026-10-02T13:49:31+08:00,酷狗音乐,热歌榜,酷狗TOP500,2026-10-02,470,洛神,乱徵,,4:37,C7F29D050D8C8161FD26E27BC494FD8A,206138430,https://www.kugou.com/yy/rank/home/22-8888.html?from=rank
2026-10-02,2026-10-02T13:49:31+08:00,酷狗音乐,热歌榜,酷狗TOP500,2026-10-02,471,荒,郑鱼,,3:30,1D1B5597513DF51039D2E6F34F9CB31C,70140125,https://www.kugou.com/yy/rank/home/22-8888.html?from=rank
2026-10-02,2026-10-02T13:49:31+08:00,酷狗音乐,热歌榜,酷狗TOP500,2026-10-02,472,可能,程响,,3:37,38B234C1135A5E9A4C98D55C058A4894,57727291,https://www.kugou.com/yy/rank/home/22-8888.html?from=rank
2026-10-02,2026-10-02T13:49:31+08:00,酷狗音乐,热歌榜,酷狗TOP500,2026-10-02,473,雀跃,任然、小来,,3:56,F928CB7A772F8A6214EEAEB21FA310D8,2820318,https://www.kugou.com/yy/rank/home/22-8888.html?from=rank
2026-10-02,2026-10-02T13:49:31+08:00,酷狗音乐,热歌榜,酷狗TOP500,2026-10-02,474,要怎么拥抱才能彼此相依 (深情版),糖小小,,3:26,0106D27B69F016B044210E317A32F2FB,208553841,https://www.kugou.com/yy/rank/home/22-8888.html?from=rank
2026-10-02,2026-10-02T13:49:31+08:00,酷狗音乐,热歌榜,酷狗TOP500,2026-10-02,475,当爱在靠近,刘若英,,4:11,D988B9B4B769D979279D4AC9E84907F1,978209,https://www.kugou.com/yy/rank/home/22-8888.html?from=rank
2026-10-02,2026-10-02T13:49:31+08:00,酷狗音乐,热歌榜,酷狗TOP500,2026-10-02,476,新贵妃醉酒,李玉刚,,4:39,69F342D52AFB4EA64301A22D119D3AC0,969290,https://www.kugou.com/yy/rank/home/22-8888.html?from=rank
2026-10-02,2026-10-02T13:49:31+08:00,酷狗音乐,热歌榜,酷狗TOP500,2026-10-02,477,Copines,Aya Nakamura,,2:52,1CDA977A7FC0BCCC23BC7DF4D0194389,39155596,https://www.kugou.com/yy/rank/home/22-8888.html?from=rank
2026-10-02,2026-10-02T13:49:31+08:00,酷狗音乐,热歌榜,酷狗TOP500,2026-10-02,478,迷人的危险,Dance Flow,,3:26,0F666EF632DB9404308219BE5AAE43B4,551560,https://www.kugou.com/yy/rank/home/22-8888.html?from=rank
2026-10-02,2026-10-02T13:49:31+08:00,酷狗音乐,热歌榜,酷狗TOP500,2026-10-02,479,别等来年别等来生 (墙角的花),绮梦笙歌、番番,,4:50,53FACF2D7D387D37F4BF618F1DCFCE6B,207806618,https://www.kugou.com/yy/rank/home/22-8888.html?from=rank
2026-10-02,2026-10-02T13:49:31+08:00,酷狗音乐,热歌榜,酷狗TOP500,2026-10-02,480,阿果吉曲,海来阿木,,3:46,BE6EC122324469AC0021347015971314,8320816,https://www.kugou.com/yy/rank/home/22-8888.html?from=rank
2026-10-02,2026-10-02T13:49:31+08:00,酷狗音乐,热歌榜,酷狗TOP500,2026-10-02,481,听海,张惠妹,,5:18,8ACB6E60840E6D30822BEA443309BE58,973665,https://www.kugou.com/yy/rank/home/22-8888.html?from=rank
2026-10-02,2026-10-02T13:49:31+08:00,酷狗音乐,热歌榜,酷狗TOP500,2026-10-02,482,像我这样的人 (Live),毛不易,,2:52,4695B8373C1AF8E3262C822BFB5A55BD,2952169,https://www.kugou.com/yy/rank/home/22-8888.html?from=rank
2026-10-02,2026-10-02T13:49:31+08:00,酷狗音乐,热歌榜,酷狗TOP500,2026-10-02,483,左手指月,萨顶顶,,3:51,EBCCDE59F97BC06183F3B1A8502B7479,22191384,https://www.kugou.com/yy/rank/home/22-8888.html?from=rank
2026-10-02,2026-10-02T13:49:31+08:00,酷狗音乐,热歌榜,酷狗TOP500,2026-10-02,484,还爱着你,文夫,,3:52,A61924D891C970A28150FDF9E5E56C53,171019019,https://www.kugou.com/yy/rank/home/22-8888.html?from=rank
2026-10-02,2026-10-02T13:49:31+08:00,酷狗音乐,热歌榜,酷狗TOP500,2026-10-02,485,朋友的酒,李晓杰、玉萨,,4:22,67D5EF87795797D3BFE6A8C21013F552,573413,https://www.kugou.com/yy/rank/home/23-8888.html?from=rank
2026-10-02,2026-10-02T13:49:31+08:00,酷狗音乐,热歌榜,酷狗TOP500,2026-10-02,486,不删不聊不联系 (2026现场live版),Allie艾梨、7past,,3:14,CFDC1699503A1D39219C8BE303761DF3,208254956,https://www.kugou.com/yy/rank/home/23-8888.html?from=rank
2026-10-02,2026-10-02T13:49:31+08:00,酷狗音乐,热歌榜,酷狗TOP500,2026-10-02,487,我可以抱你吗,张惠妹,,4:56,29AC33B8120266986966CAA1B6A9F061,968973,https://www.kugou.com/yy/rank/home/23-8888.html?from=rank
2026-10-02,2026-10-02T13:49:31+08:00,酷狗音乐,热歌榜,酷狗TOP500,2026-10-02,488,冷雨夜,BEYOND,,4:19,34721C6BD44CB5F92BF3E4150AE3B5F1,976137,https://www.kugou.com/yy/rank/home/23-8888.html?from=rank
2026-10-02,2026-10-02T13:49:31+08:00,酷狗音乐,热歌榜,酷狗TOP500,2026-10-02,489,倘若你爱一人,王唯旖,,3:57,452F7E058B44E2229B59A693E9AD3524,198657446,https://www.kugou.com/yy/rank/home/23-8888.html?from=rank
2026-10-02,2026-10-02T13:49:31+08:00,酷狗音乐,热歌榜,酷狗TOP500,2026-10-02,490,云裳羽衣曲,周深,,4:57,351883FF1397DB5342D24F4835DC6C3E,8668128,https://www.kugou.com/yy/rank/home/23-8888.html?from=rank
2026-10-02,2026-10-02T13:49:31+08:00,酷狗音乐,热歌榜,酷狗TOP500,2026-10-02,491,偏向,陈子晴,,3:06,8C75BDF9AA0370D34E43A0DF1430020E,41687570,https://www.kugou.com/yy/rank/home/23-8888.html?from=rank
2026-10-02,2026-10-02T13:49:31+08:00,酷狗音乐,热歌榜,酷狗TOP500,2026-10-02,492,我在等一个懂我的人 (深情版),糖小小,,3:46,D1DFACDE17091D188055EF9B76B6CC2A,209299701,https://www.kugou.com/yy/rank/home/23-8888.html?from=rank
2026-10-02,2026-10-02T13:49:31+08:00,酷狗音乐,热歌榜,酷狗TOP500,2026-10-02,493,山不语,檬小妖,,4:09,AEF516FDB79AE4EF580D72BD82A5E049,209342398,https://www.kugou.com/yy/rank/home/23-8888.html?from=rank
2026-10-02,2026-10-02T13:49:31+08:00,酷狗音乐,热歌榜,酷狗TOP500,2026-10-02,494,情罪,陈瑞,,4:45,9642484D6F37650295B370CD52553DC5,80617215,https://www.kugou.com/yy/rank/home/23-8888.html?from=rank
2026-10-02,2026-10-02T13:49:31+08:00,酷狗音乐,热歌榜,酷狗TOP500,2026-10-02,495,我想念,汪苏泷,,3:45,A6545AABFE93C5495BA8ADB2A555B84F,76163380,https://www.kugou.com/yy/rank/home/23-8888.html?from=rank
2026-10-02,2026-10-02T13:49:31+08:00,酷狗音乐,热歌榜,酷狗TOP500,2026-10-02,496,曹操,林俊杰,,4:02,E5CC5B3EFAF927A85B97EDADD3266239,977396,https://www.kugou.com/yy/rank/home/23-8888.html?from=rank
2026-10-02,2026-10-02T13:49:31+08:00,酷狗音乐,热歌榜,酷狗TOP500,2026-10-02,497,刚好遇见你,李玉刚,,3:20,58B004C56B6AB6CE1CA3C1E8C6781D0E,1820033,https://www.kugou.com/yy/rank/home/23-8888.html?from=rank
2026-10-02,2026-10-02T13:49:31+08:00,酷狗音乐,热歌榜,酷狗TOP500,2026-10-02,498,飞鸟和蝉,任然,,4:56,EB5F5AF3993F6537F2C70B959F2DCD6B,38339036,https://www.kugou.com/yy/rank/home/23-8888.html?from=rank
2026-10-02,2026-10-02T13:49:31+08:00,酷狗音乐,热歌榜,酷狗TOP500,2026-10-02,499,说谎,林宥嘉,,4:24,979866465F3AFF04A1D7DAC788FEED0C,979165,https://www.kugou.com/yy/rank/home/23-8888.html?from=rank
2026-10-02,2026-10-02T13:49:31+08:00,酷狗音乐,热歌榜,酷狗TOP500,2026-10-02,500,他不懂,张杰,,3:52,BA40D69184A05D7BCD335028C5C613BE,38606351,https://www.kugou.com/yy/rank/home/23-8888.html?from=rank
2026-10-02,2026-10-02T13:49:31+08:00,酷狗音乐,飙升榜,酷狗飙升榜,2026-10-02,1,有魅,刘宇宁,,4:02,3DC73A229F132C1051CFEBFC54D9F85A,209503471,https://www.kugou.com/yy/rank/home/1-6666.html?from=rank
2026-10-02,2026-10-02T13:49:31+08:00,酷狗音乐,飙升榜,酷狗飙升榜,2026-10-02,2,山河吟,海来阿木,,4:04,6E5E8E349B443DECEF7DA211DB1AEAE7,209573991,https://www.kugou.com/yy/rank/home/1-6666.html?from=rank
2026-10-02,2026-10-02T13:49:31+08:00,酷狗音乐,飙升榜,酷狗飙升榜,2026-10-02,3,祝福祖国 (合唱版),晴婉、赵若海,,3:18,67C10F06DBCE4E957E2E1B5859F7E99C,209433401,https://www.kugou.com/yy/rank/home/1-6666.html?from=rank
2026-10-02,2026-10-02T13:49:31+08:00,酷狗音乐,飙升榜,酷狗飙升榜,2026-10-02,4,梦的翅膀受了伤 (SouMix Remix),蒋雪儿Snow.J,,2:13,5779D38A52E7B071EF6612C97B5DCAAE,196632670,https://www.kugou.com/yy/rank/home/1-6666.html?from=rank
2026-10-02,2026-10-02T13:49:31+08:00,酷狗音乐,飙升榜,酷狗飙升榜,2026-10-02,5,像风,赵希予,,3:19,F4417ADACA802617B9371F54E3A6E87B,201459740,https://www.kugou.com/yy/rank/home/1-6666.html?from=rank
2026-10-02,2026-10-02T13:49:31+08:00,酷狗音乐,飙升榜,酷狗飙升榜,2026-10-02,6,水蓝色情人,刘宇,,4:01,2CBC448C49F3B47EE07D8F74DCB20D4B,209455738,https://www.kugou.com/yy/rank/home/1-6666.html?from=rank
2026-10-02,2026-10-02T13:49:31+08:00,酷狗音乐,飙升榜,酷狗飙升榜,2026-10-02,7,我们还能有多少明天 (一晃又一秋语录版),艺凌,,5:30,61172E128AB39BD97E2618B42FA81335,206174844,https://www.kugou.com/yy/rank/home/1-6666.html?from=rank
2026-10-02,2026-10-02T13:49:31+08:00,酷狗音乐,飙升榜,酷狗飙升榜,2026-10-02,8,月亮望望他身旁,杨不乖,,3:37,9308BBAAFCA0E53009AD6C3DF4F6AED1,209624563,https://www.kugou.com/yy/rank/home/1-6666.html?from=rank
2026-10-02,2026-10-02T13:49:31+08:00,酷狗音乐,飙升榜,酷狗飙升榜,2026-10-02,9,龙腾东方,云朵,,3:21,9A3469E07A8F5B29F3184CA69819C64D,209304946,https://www.kugou.com/yy/rank/home/1-6666.html?from=rank
2026-10-02,2026-10-02T13:49:31+08:00,酷狗音乐,飙升榜,酷狗飙升榜,2026-10-02,10,我和我的祖国,华语群星,,4:04,05FBB0D813A09C3454C493482092B189,29535311,https://www.kugou.com/yy/rank/home/1-6666.html?from=rank
2026-10-02,2026-10-02T13:49:31+08:00,酷狗音乐,飙升榜,酷狗飙升榜,2026-10-02,11,茶晏清弹 (古筝曲大全纯音乐),Stevisha,,2:22,FB801EB67E46190DD1848DDC1315ECA4,205113651,https://www.kugou.com/yy/rank/home/1-6666.html?from=rank
2026-10-02,2026-10-02T13:49:31+08:00,酷狗音乐,飙升榜,酷狗飙升榜,2026-10-02,12,我必须美好,君铭文化,,4:30,2629C3FC1AFAEF8A068B0A3059BE33A3,193235563,https://www.kugou.com/yy/rank/home/1-6666.html?from=rank
2026-10-02,2026-10-02T13:49:31+08:00,酷狗音乐,飙升榜,酷狗飙升榜,2026-10-02,13,我爱你中国 (Live),孙楠、韩红、黄绮珊、古巨基、陈楚生、王心凌、谭维维、胡彦斌、郁可唯、汪苏泷、周深、宋亚轩、杨坤、单依纯、何炅、李莎旻子,,5:31,5500C3CE8B32416812A7572FB6CB1F0D,83718089,https://www.kugou.com/yy/rank/home/1-6666.html?from=rank
2026-10-02,2026-10-02T13:49:31+08:00,酷狗音乐,飙升榜,酷狗飙升榜,2026-10-02,14,红旗飘飘,孙楠,,4:15,2B6D0AD150EF728395F1583B2913608C,1598978,https://www.kugou.com/yy/rank/home/1-6666.html?from=rank
2026-10-02,2026-10-02T13:49:31+08:00,酷狗音乐,飙升榜,酷狗飙升榜,2026-10-02,15,我去！,井迪,,2:54,67CBDB5FF22FEF17BA04763829777497,208447668,https://www.kugou.com/yy/rank/home/1-6666.html?from=rank
2026-10-02,2026-10-02T13:49:31+08:00,酷狗音乐,飙升榜,酷狗飙升榜,2026-10-02,16,格桑花 (说唱版),陳鴨梨Charlie、刘兆宇,,2:57,AD3845897D517447F4FFCDEC31CE8B08,207200751,https://www.kugou.com/yy/rank/home/1-6666.html?from=rank
2026-10-02,2026-10-02T13:49:31+08:00,酷狗音乐,飙升榜,酷狗飙升榜,2026-10-02,17,月亮替我望故乡,方大树,,3:24,93AA5311D218D001E4A7F14088AC51E6,209606196,https://www.kugou.com/yy/rank/home/1-6666.html?from=rank
2026-10-02,2026-10-02T13:49:31+08:00,酷狗音乐,飙升榜,酷狗飙升榜,2026-10-02,18,技能照亮前程,张靓颖、黄子弘凡,,4:38,2DC31EB5383493CD9B1724486022D393,209534925,https://www.kugou.com/yy/rank/home/1-6666.html?from=rank
2026-10-02,2026-10-02T13:49:31+08:00,酷狗音乐,飙升榜,酷狗飙升榜,2026-10-02,19,有一种悲哀是我还在爱你,黑豆ado,,3:06,0597603823F48332C90CBC83D12C99D1,209566352,https://www.kugou.com/yy/rank/home/1-6666.html?from=rank
2026-10-02,2026-10-02T13:49:31+08:00,酷狗音乐,飙升榜,酷狗飙升榜,2026-10-02,20,秋风别把我抛弃 (对唱版),刘卓越、刘梓桐,,2:33,7DC7D1CE83CE67197E8006482D6DD4AB,203129953,https://www.kugou.com/yy/rank/home/1-6666.html?from=rank
2026-10-02,2026-10-02T13:49:31+08:00,酷狗音乐,飙升榜,酷狗飙升榜,2026-10-02,21,万疆,李玉刚,,3:55,E122E916FC6654E089F2285EC38163A9,44059807,https://www.kugou.com/yy/rank/home/1-6666.html?from=rank
2026-10-02,2026-10-02T13:49:31+08:00,酷狗音乐,飙升榜,酷狗飙升榜,2026-10-02,22,照亮 (Live),刘宇宁,,3:53,04D6DB8418BB3477DF55ECF74C635FFB,209586435,https://www.kugou.com/yy/rank/home/1-6666.html?from=rank
2026-10-02,2026-10-02T13:49:31+08:00,酷狗音乐,飙升榜,酷狗飙升榜,2026-10-02,23,夜难眠,谭总,,4:22,86B0AFD7CEB86A8E480E11E4E2E63223,200335348,https://www.kugou.com/yy/rank/home/2-6666.html?from=rank
2026-10-02,2026-10-02T13:49:31+08:00,酷狗音乐,飙升榜,酷狗飙升榜,2026-10-02,24,月亮望望他身旁,张良,,3:36,CD1CCA8F3EF2989E56CC8AEE47248FCA,209624644,https://www.kugou.com/yy/rank/home/2-6666.html?from=rank
2026-10-02,2026-10-02T13:49:31+08:00,酷狗音乐,飙升榜,酷狗飙升榜,2026-10-02,25,禅茶静心 (古筝曲大全纯音乐),Stevisha,,2:44,FC0A76DDDE29AA6AB88F0E53D292E7C6,205113651,https://www.kugou.com/yy/rank/home/2-6666.html?from=rank
2026-10-02,2026-10-02T13:49:31+08:00,酷狗音乐,飙升榜,酷狗飙升榜,2026-10-02,26,今天是你的生日,董文华,,5:05,67CE50197F60CF845FBF62B83A887594,1396738,https://www.kugou.com/yy/rank/home/2-6666.html?from=rank
2026-10-02,2026-10-02T13:49:31+08:00,酷狗音乐,飙升榜,酷狗飙升榜,2026-10-02,27,差距咋就那么大,西山阿宇,,3:52,BF2E0AA0890E2A54C4833B949F1AE5E4,205191961,https://www.kugou.com/yy/rank/home/2-6666.html?from=rank
2026-10-02,2026-10-02T13:49:31+08:00,酷狗音乐,飙升榜,酷狗飙升榜,2026-10-02,28,踏马追风去,豆包,,3:02,42CB3F6387EAE8CBBA330AE036175ACB,209579358,https://www.kugou.com/yy/rank/home/2-6666.html?from=rank
2026-10-02,2026-10-02T13:49:31+08:00,酷狗音乐,飙升榜,酷狗飙升榜,2026-10-02,29,明知不可以还是去爱你 (权衡利弊版),烟嗓船长,,3:11,305F530FAC0F4F94AB956E7C10A156AF,209575152,https://www.kugou.com/yy/rank/home/2-6666.html?from=rank
2026-10-02,2026-10-02T13:49:31+08:00,酷狗音乐,飙升榜,酷狗飙升榜,2026-10-02,30,Muse,Lumi,,2:05,7BD71A66171296A669A0BC91D37C1289,206372117,https://www.kugou.com/yy/rank/home/2-6666.html?from=rank
2026-10-02,2026-10-02T13:49:31+08:00,酷狗音乐,飙升榜,酷狗飙升榜,2026-10-02,31,我的祖国,郭兰英,,5:30,5112C06CB91DAFE39E3D7A3321579E3B,1014328,https://www.kugou.com/yy/rank/home/2-6666.html?from=rank
2026-10-02,2026-10-02T13:49:31+08:00,酷狗音乐,飙升榜,酷狗飙升榜,2026-10-02,32,我的中国心,张明敏,,3:10,71A6A9E6D656F1A8E144D15C9978A674,958609,https://www.kugou.com/yy/rank/home/2-6666.html?from=rank
2026-10-02,2026-10-02T13:49:31+08:00,酷狗音乐,飙升榜,酷狗飙升榜,2026-10-02,33,不唱慢情歌,承桓,,3:14,7D9741139E71A8A30A65B31FBC557008,209582164,https://www.kugou.com/yy/rank/home/2-6666.html?from=rank
2026-10-02,2026-10-02T13:49:31+08:00,酷狗音乐,飙升榜,酷狗飙升榜,2026-10-02,34,想开了错过了,星频 Echo、京仔、律引,,3:43,D1636960EF7FD2FFA8BC95571AA24B14,206911748,https://www.kugou.com/yy/rank/home/2-6666.html?from=rank
2026-10-02,2026-10-02T13:49:31+08:00,酷狗音乐,飙升榜,酷狗飙升榜,2026-10-02,35,强军战歌,阎维文,,1:54,F4252A3C7573F0ED52FF4C51CA544C6F,1081343,https://www.kugou.com/yy/rank/home/2-6666.html?from=rank
2026-10-02,2026-10-02T13:49:31+08:00,酷狗音乐,飙升榜,酷狗飙升榜,2026-10-02,36,怪 (风吹春去了无痕),张鑫雨,,3:16,AD3D717DB08A9C7E3AD00B61510990CA,204482770,https://www.kugou.com/yy/rank/home/2-6666.html?from=rank
2026-10-02,2026-10-02T13:49:31+08:00,酷狗音乐,飙升榜,酷狗飙升榜,2026-10-02,37,我的心碎在了秋天,王娜,,3:59,0EF9F90F1909787605C27EF60D18E4DC,207471670,https://www.kugou.com/yy/rank/home/2-6666.html?from=rank
2026-10-02,2026-10-02T13:49:31+08:00,酷狗音乐,飙升榜,酷狗飙升榜,2026-10-02,38,你来了一阵子 (粤语合唱版),阿国哥、蒋蕙林、天雯,,4:30,8D44C97FBFAB401E53B59B977BAFFC4B,208412645,https://www.kugou.com/yy/rank/home/2-6666.html?from=rank
2026-10-02,2026-10-02T13:49:31+08:00,酷狗音乐,飙升榜,酷狗飙升榜,2026-10-02,39,找名字的人,任素汐,,4:10,1D9DD1BF6ABA20554AFD12C62796A4BD,209454131,https://www.kugou.com/yy/rank/home/2-6666.html?from=rank
2026-10-02,2026-10-02T13:49:31+08:00,酷狗音乐,飙升榜,酷狗飙升榜,2026-10-02,40,嘴说没什么心却难过,诗艺诺,,3:39,B905DCF4C292D953D1AF4A2F901500FF,205230683,https://www.kugou.com/yy/rank/home/2-6666.html?from=rank
2026-10-02,2026-10-02T13:49:31+08:00,酷狗音乐,飙升榜,酷狗飙升榜,2026-10-02,41,我换了几个爱人,烟嗓船长,,3:24,9A0DB7AF5952B87B33C4C5453A63FC59,195193359,https://www.kugou.com/yy/rank/home/2-6666.html?from=rank
2026-10-02,2026-10-02T13:49:31+08:00,酷狗音乐,飙升榜,酷狗飙升榜,2026-10-02,42,锦囊日记,DJ小鱼儿,,3:27,D154E9C7F9D7A38FBA479EC7C29F8C08,206056303,https://www.kugou.com/yy/rank/home/2-6666.html?from=rank
2026-10-02,2026-10-02T13:49:31+08:00,酷狗音乐,飙升榜,酷狗飙升榜,2026-10-02,43,大中国,高枫,,4:15,463DA6823272DBF9E65275764FC05A9B,100399568,https://www.kugou.com/yy/rank/home/2-6666.html?from=rank
2026-10-02,2026-10-02T13:49:31+08:00,酷狗音乐,飙升榜,酷狗飙升榜,2026-10-02,44,命运,杜婷婷,,4:25,D8E9710A3A8170F95EC79B9BF8FE5A9A,205809162,https://www.kugou.com/yy/rank/home/2-6666.html?from=rank
2026-10-02,2026-10-02T13:49:31+08:00,酷狗音乐,飙升榜,酷狗飙升榜,2026-10-02,45,走进新时代,张也,,4:12,536C08B7851EB98429A3E85D31202F11,589222,https://www.kugou.com/yy/rank/home/3-6666.html?from=rank
2026-10-02,2026-10-02T13:49:31+08:00,酷狗音乐,飙升榜,酷狗飙升榜,2026-10-02,46,IN THE END (Slow Version),MIRBRO、7ivers,,3:11,7A09DCA6B6EACCA014E1A37DB74D5D5E,206843618,https://www.kugou.com/yy/rank/home/3-6666.html?from=rank
2026-10-02,2026-10-02T13:49:31+08:00,酷狗音乐,飙升榜,酷狗飙升榜,2026-10-02,47,归来,周深,,4:01,7A4D98253E21C54656056B2D8555F6B6,145966646,https://www.kugou.com/yy/rank/home/3-6666.html?from=rank
2026-10-02,2026-10-02T13:49:31+08:00,酷狗音乐,飙升榜,酷狗飙升榜,2026-10-02,48,若爱情掺了水,刘昱姗,,3:14,1AD25B4CC592FD8856CC8E0B568DDD49,154971480,https://www.kugou.com/yy/rank/home/3-6666.html?from=rank
2026-10-02,2026-10-02T13:49:31+08:00,酷狗音乐,飙升榜,酷狗飙升榜,2026-10-02,49,中国人,刘德华,,3:53,FD7A79F73E148BD9207B3E34DC8E03FD,973980,https://www.kugou.com/yy/rank/home/3-6666.html?from=rank
2026-10-02,2026-10-02T13:49:31+08:00,酷狗音乐,飙升榜,酷狗飙升榜,2026-10-02,50,甲乙丙丁 (合唱版),李佳薇、张新成,,3:30,97B4C8A5A50BBD7D39740BF627C660B1,209340695,https://www.kugou.com/yy/rank/home/3-6666.html?from=rank
2026-10-02,2026-10-02T13:49:31+08:00,酷狗音乐,飙升榜,酷狗飙升榜,2026-10-02,51,我一直在这里 (重制版),李玉刚,,3:42,DB8C6D91107167D7D0BED509B4A35D29,206317749,https://www.kugou.com/yy/rank/home/3-6666.html?from=rank
2026-10-02,2026-10-02T13:49:31+08:00,酷狗音乐,飙升榜,酷狗飙升榜,2026-10-02,52,樱花草 (恋人怀中樱花草),DJ阿智、DJ阿布、yiyi林淑怡,,2:39,2241D4D63F9ADCADACC184F1FAE5B9B2,162876372,https://www.kugou.com/yy/rank/home/3-6666.html?from=rank
2026-10-02,2026-10-02T13:49:31+08:00,酷狗音乐,飙升榜,酷狗飙升榜,2026-10-02,53,山风山风等等我 (女版大合唱),佳佳、宋盐球、金钰双双、火程程,,3:29,F9B4F7D4462E43D75DB0251E5B920474,209563713,https://www.kugou.com/yy/rank/home/3-6666.html?from=rank
2026-10-02,2026-10-02T13:49:31+08:00,酷狗音乐,飙升榜,酷狗飙升榜,2026-10-02,54,互换,小沈阳、沈春阳,,3:45,67D02417DF9F6D1B31E7FB8C7C598ABD,209492812,https://www.kugou.com/yy/rank/home/3-6666.html?from=rank
2026-10-02,2026-10-02T13:49:31+08:00,酷狗音乐,飙升榜,酷狗飙升榜,2026-10-02,55,春天的故事,董文华,,5:21,AD74B3346A72EFADA8760A9A748D1501,8269718,https://www.kugou.com/yy/rank/home/3-6666.html?from=rank
2026-10-02,2026-10-02T13:49:31+08:00,酷狗音乐,飙升榜,酷狗飙升榜,2026-10-02,56,不想也不恋,星频 Echo、京仔、律引,,3:52,01CC47314ED34C3D7CE1338A1169D4BD,206911933,https://www.kugou.com/yy/rank/home/3-6666.html?from=rank
2026-10-02,2026-10-02T13:49:31+08:00,酷狗音乐,飙升榜,酷狗飙升榜,2026-10-02,57,一念江山,孙楠、徐子尧,,4:45,4D37823B1A42C8004909D6952DABDF6E,209548320,https://www.kugou.com/yy/rank/home/3-6666.html?from=rank
2026-10-02,2026-10-02T13:49:31+08:00,酷狗音乐,飙升榜,酷狗飙升榜,2026-10-02,58,归人,岩贵,,2:10,59A479512957057EDBC8E5EEC56FC175,207471552,https://www.kugou.com/yy/rank/home/3-6666.html?from=rank
2026-10-02,2026-10-02T13:49:31+08:00,酷狗音乐,飙升榜,酷狗飙升榜,2026-10-02,59,奈何桥上等轮回,伊然,,3:07,AC61C18FC5C8AA7FA5886992395E6141,199613622,https://www.kugou.com/yy/rank/home/3-6666.html?from=rank
2026-10-02,2026-10-02T13:49:31+08:00,酷狗音乐,飙升榜,酷狗飙升榜,2026-10-02,60,敢当,成毅,,4:13,EFE41E3FED3CA58A7BBE236C5264FBC8,155678858,https://www.kugou.com/yy/rank/home/3-6666.html?from=rank
2026-10-02,2026-10-02T13:49:31+08:00,酷狗音乐,飙升榜,酷狗飙升榜,2026-10-02,61,长街,陈默之,,3:41,B488256798052DF47C1BE54A2CA0D265,209564544,https://www.kugou.com/yy/rank/home/3-6666.html?from=rank
2026-10-02,2026-10-02T13:49:31+08:00,酷狗音乐,飙升榜,酷狗飙升榜,2026-10-02,62,Dream Lives,MK电音,,2:31,482BA6FBC8580C3E77B375C7A0FFD175,205081271,https://www.kugou.com/yy/rank/home/3-6666.html?from=rank
2026-10-02,2026-10-02T13:49:31+08:00,酷狗音乐,飙升榜,酷狗飙升榜,2026-10-02,63,Get Bento,Gumperti,,2:26,C0768082D8AEB86AE7E1580ECAC6C04C,206736475,https://www.kugou.com/yy/rank/home/3-6666.html?from=rank
2026-10-02,2026-10-02T13:49:31+08:00,酷狗音乐,飙升榜,酷狗飙升榜,2026-10-02,64,祝福祖国,汤灿,,5:10,F7350A0196BF145B049A30B9FA268174,603238,https://www.kugou.com/yy/rank/home/3-6666.html?from=rank
2026-10-02,2026-10-02T13:49:31+08:00,酷狗音乐,飙升榜,酷狗飙升榜,2026-10-02,65,秋风秋风若懂我愁,诗艺诺,,3:30,CC8D7B0F5FF901BC0885117F7DC7B3D2,202722656,https://www.kugou.com/yy/rank/home/3-6666.html?from=rank
2026-10-02,2026-10-02T13:49:31+08:00,酷狗音乐,飙升榜,酷狗飙升榜,2026-10-02,66,没有共产党就没有新中国,中国人民解放军军乐团,,1:49,35D25F35531C3427A63586EA7B3F8653,71501500,https://www.kugou.com/yy/rank/home/3-6666.html?from=rank
2026-10-02,2026-10-02T13:49:31+08:00,酷狗音乐,飙升榜,酷狗飙升榜,2026-10-02,67,一注清香求万金,悟山,,2:45,93A576577F1B4147C87213CBC1AA6DA8,209586617,https://www.kugou.com/yy/rank/home/4-6666.html?from=rank
2026-10-02,2026-10-02T13:49:31+08:00,酷狗音乐,飙升榜,酷狗飙升榜,2026-10-02,68,天地龙鳞,王力宏,,3:17,DD83DC4A30C3A05D60FFCE6944FB441C,50749156,https://www.kugou.com/yy/rank/home/4-6666.html?from=rank
2026-10-02,2026-10-02T13:49:31+08:00,酷狗音乐,飙升榜,酷狗飙升榜,2026-10-02,69,爱的码头,旅行新蜜蜂,,4:00,D47A3C0207034333AB3F552D3F9D6C62,208352462,https://www.kugou.com/yy/rank/home/4-6666.html?from=rank
2026-10-02,2026-10-02T13:49:31+08:00,酷狗音乐,飙升榜,酷狗飙升榜,2026-10-02,70,简述中国,黄子弘凡,,3:50,2BA233CB1E453889E8E9DB072DEE9C80,209492816,https://www.kugou.com/yy/rank/home/4-6666.html?from=rank
2026-10-02,2026-10-02T13:49:31+08:00,酷狗音乐,飙升榜,酷狗飙升榜,2026-10-02,71,龙的传人,王力宏,,4:41,059C0C4DCF0F50F7EAB22B1952EFD648,970431,https://www.kugou.com/yy/rank/home/4-6666.html?from=rank
2026-10-02,2026-10-02T13:49:31+08:00,酷狗音乐,飙升榜,酷狗飙升榜,2026-10-02,72,灯火里的中国 (舒楠监制),张也、周深,,4:00,00F2B19181774CEEB510A928AA1164AF,43572970,https://www.kugou.com/yy/rank/home/4-6666.html?from=rank
2026-10-02,2026-10-02T13:49:31+08:00,酷狗音乐,飙升榜,酷狗飙升榜,2026-10-02,73,闲庭煮茶 (古筝曲大全纯音乐),景珩,,2:15,EB35663186EECA33A7729565F1460E13,202151573,https://www.kugou.com/yy/rank/home/4-6666.html?from=rank
2026-10-02,2026-10-02T13:49:31+08:00,酷狗音乐,飙升榜,酷狗飙升榜,2026-10-02,74,心同此愿,周深,,4:34,3FB35373B7B200C05679CAB6D345D0EB,105005277,https://www.kugou.com/yy/rank/home/4-6666.html?from=rank
2026-10-02,2026-10-02T13:49:31+08:00,酷狗音乐,飙升榜,酷狗飙升榜,2026-10-02,75,有伞撑伞没伞淋雨 (对唱版),戎大姨、刘书云,,4:17,CDCCC963E5193A49085278410A0EAA09,209591737,https://www.kugou.com/yy/rank/home/4-6666.html?from=rank
2026-10-02,2026-10-02T13:49:31+08:00,酷狗音乐,飙升榜,酷狗飙升榜,2026-10-02,76,小白杨,阎维文,,2:38,AF53ED56577D9E889926C8A5B7FFE87D,579102,https://www.kugou.com/yy/rank/home/4-6666.html?from=rank
2026-10-02,2026-10-02T13:49:31+08:00,酷狗音乐,飙升榜,酷狗飙升榜,2026-10-02,77,歌唱祖国,中央乐团、中国人民解放军歌舞团、中央广播文工团,,3:10,3D9AB7781CA7DF231465DC653F92950E,68749313,https://www.kugou.com/yy/rank/home/4-6666.html?from=rank
2026-10-02,2026-10-02T13:49:31+08:00,酷狗音乐,飙升榜,酷狗飙升榜,2026-10-02,78,长路,谭维维,,4:29,BC953A13B5A2F8728A18DEDEEBA3A3F7,209548367,https://www.kugou.com/yy/rank/home/4-6666.html?from=rank
2026-10-02,2026-10-02T13:49:31+08:00,酷狗音乐,飙升榜,酷狗飙升榜,2026-10-02,79,你呀你呀心放宽,藏族次仁大叔,,2:57,F6426C890F8BF5188D0202949168759A,209581416,https://www.kugou.com/yy/rank/home/4-6666.html?from=rank
2026-10-02,2026-10-02T13:49:31+08:00,酷狗音乐,飙升榜,酷狗飙升榜,2026-10-02,80,十送红军,宋祖英,,4:14,F5713CD6D56C1A36E43CB0021C2B60AB,4077490,https://www.kugou.com/yy/rank/home/4-6666.html?from=rank
2026-10-02,2026-10-02T13:49:31+08:00,酷狗音乐,飙升榜,酷狗飙升榜,2026-10-02,81,Why Am I Wrong,京仔,,4:11,99946B67681CA60A8BD7F70B2DE557F9,208546650,https://www.kugou.com/yy/rank/home/4-6666.html?from=rank
2026-10-02,2026-10-02T13:49:31+08:00,酷狗音乐,飙升榜,酷狗飙升榜,2026-10-02,82,一宵同尘，灯月长圆,鸣潮先约电台、TLK天翔、Lorien,,3:53,E17768E7D6E952E7E255BAB7679C3B3E,209449720,https://www.kugou.com/yy/rank/home/4-6666.html?from=rank
2026-10-02,2026-10-02T13:49:31+08:00,酷狗音乐,飙升榜,酷狗飙升榜,2026-10-02,83,团结就是力量,战士歌舞团,,1:25,C0F4F95BA5BC13FB7F04AFA6A19A4A7A,8343958,https://www.kugou.com/yy/rank/home/4-6666.html?from=rank
2026-10-02,2026-10-02T13:49:31+08:00,酷狗音乐,飙升榜,酷狗飙升榜,2026-10-02,84,我和我的祖国,韩红,,4:08,293D299E428A83C1C100D01BCC11509D,511051,https://www.kugou.com/yy/rank/home/4-6666.html?from=rank
2026-10-02,2026-10-02T13:49:31+08:00,酷狗音乐,飙升榜,酷狗飙升榜,2026-10-02,85,黄种人,谢霆锋,,4:44,1270C83B89E3A94B72B50D2F379830F0,500787,https://www.kugou.com/yy/rank/home/4-6666.html?from=rank
2026-10-02,2026-10-02T13:49:31+08:00,酷狗音乐,飙升榜,酷狗飙升榜,2026-10-02,86,落花不如野玫瑰,于春洋,,4:01,E3E0B94E3F773D11C3D3F93F19088F4D,100185554,https://www.kugou.com/yy/rank/home/4-6666.html?from=rank
2026-10-02,2026-10-02T13:49:31+08:00,酷狗音乐,飙升榜,酷狗飙升榜,2026-10-02,87,"今天是你的生日,中国",周深,,4:02,1ED103AEC08DC1169F23A77A4BE8306D,46128780,https://www.kugou.com/yy/rank/home/4-6666.html?from=rank
2026-10-02,2026-10-02T13:49:31+08:00,酷狗音乐,飙升榜,酷狗飙升榜,2026-10-02,88,珊瑚颂,韩红,,3:43,D60BBC0C3D7D895B7E33A4D0DD103057,511051,https://www.kugou.com/yy/rank/home/4-6666.html?from=rank
2026-10-02,2026-10-02T13:49:31+08:00,酷狗音乐,飙升榜,酷狗飙升榜,2026-10-02,89,映山红,刀郎,,4:51,94E0B3950A2E8A0D3E9718D892F9CDD0,978583,https://www.kugou.com/yy/rank/home/5-6666.html?from=rank
2026-10-02,2026-10-02T13:49:31+08:00,酷狗音乐,飙升榜,酷狗飙升榜,2026-10-02,90,斷聯2.0,痛苦王子艾克斯、炮炮马特,,2:10,59EA2A50F02E963F0CA277E74EA500D0,209581892,https://www.kugou.com/yy/rank/home/5-6666.html?from=rank
2026-10-02,2026-10-02T13:49:31+08:00,酷狗音乐,飙升榜,酷狗飙升榜,2026-10-02,91,国庆节快乐 (现场版),DJ铁柱,,3:28,9DBA8F15116399DAD600DBA7A28FC4BE,209415328,https://www.kugou.com/yy/rank/home/5-6666.html?from=rank
2026-10-02,2026-10-02T13:49:31+08:00,酷狗音乐,飙升榜,酷狗飙升榜,2026-10-02,92,冷枪 (你把句句谎言装上了膛),赵乃吉,,3:14,33DDC50E0F4CFACAFBB1658E07D3234E,199538911,https://www.kugou.com/yy/rank/home/5-6666.html?from=rank
2026-10-02,2026-10-02T13:49:31+08:00,酷狗音乐,飙升榜,酷狗飙升榜,2026-10-02,93,我的祖国,刀郎,,5:41,7420FF9644D1CB5C7C161716FF3A4F6A,978583,https://www.kugou.com/yy/rank/home/5-6666.html?from=rank
2026-10-02,2026-10-02T13:49:31+08:00,酷狗音乐,飙升榜,酷狗飙升榜,2026-10-02,94,少年中国说,张杰,,3:22,CB9007D2FCCE7C71B9A23C845E723903,49421475,https://www.kugou.com/yy/rank/home/5-6666.html?from=rank
2026-10-02,2026-10-02T13:49:31+08:00,酷狗音乐,飙升榜,酷狗飙升榜,2026-10-02,95,天生绝对,张家旺、悦开心,,3:37,B0909AE695411E0459B07303EFE672B3,209601578,https://www.kugou.com/yy/rank/home/5-6666.html?from=rank
2026-10-02,2026-10-02T13:49:31+08:00,酷狗音乐,飙升榜,酷狗飙升榜,2026-10-02,96,少年 (建党百年主题MV歌曲),梦然,,3:57,D3FFAD6EFD012B31663822277C14E324,42366217,https://www.kugou.com/yy/rank/home/5-6666.html?from=rank
2026-10-02,2026-10-02T13:49:31+08:00,酷狗音乐,飙升榜,酷狗飙升榜,2026-10-02,97,月亮替我望故乡,烟嗓船长,,3:29,243AABC48B40593DF6EF4E34739CE2E9,209588210,https://www.kugou.com/yy/rank/home/5-6666.html?from=rank
2026-10-02,2026-10-02T13:49:31+08:00,酷狗音乐,飙升榜,酷狗飙升榜,2026-10-02,98,来不及说声再见,优素素,,4:40,E2EFEFD0C04DE7CA2074AFBE75016018,205913609,https://www.kugou.com/yy/rank/home/5-6666.html?from=rank
2026-10-02,2026-10-02T13:49:31+08:00,酷狗音乐,飙升榜,酷狗飙升榜,2026-10-02,99,杀手,林俊杰,,4:54,8A23B12123C5601C85DB53BBDB7C39C0,34175963,https://www.kugou.com/yy/rank/home/5-6666.html?from=rank
2026-10-02,2026-10-02T13:49:31+08:00,酷狗音乐,飙升榜,酷狗飙升榜,2026-10-02,100,梦醒时分 (R&B版),梦境里的算法official,,3:24,ED631FA6B1A065EB2BABFA2F7B880D58,173533616,https://www.kugou.com/yy/rank/home/5-6666.html?from=rank
2026-10-02,2026-10-02T13:49:31+08:00,微博,热搜榜,微博热搜榜,,1,在国外被中国男演员救了一命,"民生新闻,艺人",热度 1411417；热,,在国外被中国男演员救了一命,,https://s.weibo.com/weibo?q=%23%E5%9C%A8%E5%9B%BD%E5%A4%96%E8%A2%AB%E4%B8%AD%E5%9B%BD%E7%94%B7%E6%BC%94%E5%91%98%E6%95%91%E4%BA%86%E4%B8%80%E5%91%BD%23
2026-10-02,2026-10-02T13:49:31+08:00,微博,热搜榜,微博热搜榜,,2,电视剧喜剧之王定档,剧集,热度 905540；新,,电视剧喜剧之王定档,,https://s.weibo.com/weibo?q=%23%E7%94%B5%E8%A7%86%E5%89%A7%E5%96%9C%E5%89%A7%E4%B9%8B%E7%8E%8B%E5%AE%9A%E6%A1%A3%23
2026-10-02,2026-10-02T13:49:31+08:00,微博,热搜榜,微博热搜榜,,3,国庆黄金周文旅消费火热可期,国内时政,热度 701388,,国庆黄金周文旅消费火热可期,,https://s.weibo.com/weibo?q=%23%E5%9B%BD%E5%BA%86%E9%BB%84%E9%87%91%E5%91%A8%E6%96%87%E6%97%85%E6%B6%88%E8%B4%B9%E7%81%AB%E7%83%AD%E5%8F%AF%E6%9C%9F%23
2026-10-02,2026-10-02T13:49:31+08:00,微博,热搜榜,微博热搜榜,,4,电视剧名 奶茶名,剧集,热度 514887；热,,电视剧名 奶茶名,,https://s.weibo.com/weibo?q=%23%E7%94%B5%E8%A7%86%E5%89%A7%E5%90%8D%20%E5%A5%B6%E8%8C%B6%E5%90%8D%23
2026-10-02,2026-10-02T13:49:31+08:00,微博,热搜榜,微博热搜榜,,5,莫氏鸡煲国庆假期首日上座约六成,美食,热度 508876,,莫氏鸡煲国庆假期首日上座约六成,,https://s.weibo.com/weibo?q=%23%E8%8E%AB%E6%B0%8F%E9%B8%A1%E7%85%B2%E5%9B%BD%E5%BA%86%E5%81%87%E6%9C%9F%E9%A6%96%E6%97%A5%E4%B8%8A%E5%BA%A7%E7%BA%A6%E5%85%AD%E6%88%90%23
2026-10-02,2026-10-02T13:49:31+08:00,微博,热搜榜,微博热搜榜,,6,莫氏鸡煲总店员工从180人减至30多人,民生新闻,热度 495365；新,,莫氏鸡煲总店员工从180人减至30多人,,https://s.weibo.com/weibo?q=%23%E8%8E%AB%E6%B0%8F%E9%B8%A1%E7%85%B2%E6%80%BB%E5%BA%97%E5%91%98%E5%B7%A5%E4%BB%8E180%E4%BA%BA%E5%87%8F%E8%87%B330%E5%A4%9A%E4%BA%BA%23
2026-10-02,2026-10-02T13:49:31+08:00,微博,热搜榜,微博热搜榜,,7,林锦岐认出许兰香先烧证据,剧集,热度 425103,,林锦岐认出许兰香先烧证据,剧集,https://s.weibo.com/weibo?q=%23%E6%9E%97%E9%94%A6%E5%B2%90%E8%AE%A4%E5%87%BA%E8%AE%B8%E5%85%B0%E9%A6%99%E5%85%88%E7%83%A7%E8%AF%81%E6%8D%AE%23
2026-10-02,2026-10-02T13:49:31+08:00,微博,热搜榜,微博热搜榜,,8,亚运会,体育,热度 421242；新,,亚运会,,https://s.weibo.com/weibo?q=%23%E4%BA%9A%E8%BF%90%E4%BC%9A%23
2026-10-02,2026-10-02T13:49:31+08:00,微博,热搜榜,微博热搜榜,,9,高速堵车悬挂免费WiFi司机发声,民生新闻,热度 407137；新,,高速堵车悬挂免费WiFi司机发声,,https://s.weibo.com/weibo?q=%23%E9%AB%98%E9%80%9F%E5%A0%B5%E8%BD%A6%E6%82%AC%E6%8C%82%E5%85%8D%E8%B4%B9WiFi%E5%8F%B8%E6%9C%BA%E5%8F%91%E5%A3%B0%23
2026-10-02,2026-10-02T13:49:31+08:00,微博,热搜榜,微博热搜榜,,10,袁悦1比2安德列娃,体育,热度 397642；新,,袁悦1比2安德列娃,,https://s.weibo.com/weibo?q=%23%E8%A2%81%E6%82%A61%E6%AF%942%E5%AE%89%E5%BE%B7%E5%88%97%E5%A8%83%23
2026-10-02,2026-10-02T13:49:31+08:00,微博,热搜榜,微博热搜榜,,11,TOP林珍娜承认恋情,艺人,热度 394671；热,,TOP林珍娜承认恋情,['林珍娜'],https://s.weibo.com/weibo?q=%23TOP%E6%9E%97%E7%8F%8D%E5%A8%9C%E6%89%BF%E8%AE%A4%E6%81%8B%E6%83%85%23
2026-10-02,2026-10-02T13:49:31+08:00,微博,热搜榜,微博热搜榜,,12,农村的消亡可能远超预期,议题讨论,热度 379435；新,,农村的消亡可能远超预期,,https://s.weibo.com/weibo?q=%23%E5%86%9C%E6%9D%91%E7%9A%84%E6%B6%88%E4%BA%A1%E5%8F%AF%E8%83%BD%E8%BF%9C%E8%B6%85%E9%A2%84%E6%9C%9F%23
2026-10-02,2026-10-02T13:49:31+08:00,微博,热搜榜,微博热搜榜,,13,TFBOYS亲签 350万,艺人,热度 378154；新,,TFBOYS亲签 350万,['tfboys'],https://s.weibo.com/weibo?q=%23TFBOYS%E4%BA%B2%E7%AD%BE%20350%E4%B8%87%23
2026-10-02,2026-10-02T13:49:31+08:00,微博,热搜榜,微博热搜榜,,14,难怪那么多艺人最后和经纪人结婚了,艺人,热度 368513；热,,难怪那么多艺人最后和经纪人结婚了,,https://s.weibo.com/weibo?q=%23%E9%9A%BE%E6%80%AA%E9%82%A3%E4%B9%88%E5%A4%9A%E8%89%BA%E4%BA%BA%E6%9C%80%E5%90%8E%E5%92%8C%E7%BB%8F%E7%BA%AA%E4%BA%BA%E7%BB%93%E5%A9%9A%E4%BA%86%23
2026-10-02,2026-10-02T13:49:31+08:00,微博,热搜榜,微博热搜榜,,15,李小冉 你们还有戏拍,艺人,热度 355931；新,,李小冉 你们还有戏拍,['李小冉'],https://s.weibo.com/weibo?q=%23%E6%9D%8E%E5%B0%8F%E5%86%89%20%E4%BD%A0%E4%BB%AC%E8%BF%98%E6%9C%89%E6%88%8F%E6%8B%8D%23
2026-10-02,2026-10-02T13:49:31+08:00,微博,热搜榜,微博热搜榜,,16,曝C罗退队与迷你罗落选有关,体育,热度 347710,,曝C罗退队与迷你罗落选有关,,https://s.weibo.com/weibo?q=%23%E6%9B%9DC%E7%BD%97%E9%80%80%E9%98%9F%E4%B8%8E%E8%BF%B7%E4%BD%A0%E7%BD%97%E8%90%BD%E9%80%89%E6%9C%89%E5%85%B3%23
2026-10-02,2026-10-02T13:49:31+08:00,微博,热搜榜,微博热搜榜,,17,孙千1条日常分享带6个广,艺人,热度 340646；新,,孙千1条日常分享带6个广,['孙千'],https://s.weibo.com/weibo?q=%23%E5%AD%99%E5%8D%831%E6%9D%A1%E6%97%A5%E5%B8%B8%E5%88%86%E4%BA%AB%E5%B8%A66%E4%B8%AA%E5%B9%BF%23
2026-10-02,2026-10-02T13:49:31+08:00,微博,热搜榜,微博热搜榜,,18,樊振东所希望的,体育,热度 340284,,樊振东所希望的,,https://s.weibo.com/weibo?q=%23%E6%A8%8A%E6%8C%AF%E4%B8%9C%E6%89%80%E5%B8%8C%E6%9C%9B%E7%9A%84%23
2026-10-02,2026-10-02T13:49:31+08:00,微博,热搜榜,微博热搜榜,,19,华为Mate90ProMax顶配版成销售主力,数码,热度 338642；新,,华为Mate90ProMax顶配版成销售主力,,https://s.weibo.com/weibo?q=%23%E5%8D%8E%E4%B8%BAMate90ProMax%E9%A1%B6%E9%85%8D%E7%89%88%E6%88%90%E9%94%80%E5%94%AE%E4%B8%BB%E5%8A%9B%23
2026-10-02,2026-10-02T13:49:31+08:00,微博,热搜榜,微博热搜榜,,20,袁悦无缘中网32强,体育,热度 337032；新,,袁悦无缘中网32强,,https://s.weibo.com/weibo?q=%23%E8%A2%81%E6%82%A6%E6%97%A0%E7%BC%98%E4%B8%AD%E7%BD%9132%E5%BC%BA%23
2026-10-02,2026-10-02T13:49:31+08:00,微博,热搜榜,微博热搜榜,,21,国庆第2天你到哪儿了,民生新闻,热度 335483；新,,国庆第2天你到哪儿了,,https://s.weibo.com/weibo?q=%23%E5%9B%BD%E5%BA%86%E7%AC%AC2%E5%A4%A9%E4%BD%A0%E5%88%B0%E5%93%AA%E5%84%BF%E4%BA%86%23
2026-10-02,2026-10-02T13:49:31+08:00,微博,热搜榜,微博热搜榜,,22,男朋友订婚前的搜索记录,情感,热度 333778,,男朋友订婚前的搜索记录,,https://s.weibo.com/weibo?q=%23%E7%94%B7%E6%9C%8B%E5%8F%8B%E8%AE%A2%E5%A9%9A%E5%89%8D%E7%9A%84%E6%90%9C%E7%B4%A2%E8%AE%B0%E5%BD%95%23
2026-10-02,2026-10-02T13:49:31+08:00,微博,热搜榜,微博热搜榜,,23,突然发现大家旅游不住酒店了,旅游,热度 331890,,突然发现大家旅游不住酒店了,,https://s.weibo.com/weibo?q=%23%E7%AA%81%E7%84%B6%E5%8F%91%E7%8E%B0%E5%A4%A7%E5%AE%B6%E6%97%85%E6%B8%B8%E4%B8%8D%E4%BD%8F%E9%85%92%E5%BA%97%E4%BA%86%23
2026-10-02,2026-10-02T13:49:31+08:00,微博,热搜榜,微博热搜榜,,24,TOP林珍娜 嘴唇互补,艺人,热度 331616；新,,TOP林珍娜 嘴唇互补,"['top', '林珍娜']",https://s.weibo.com/weibo?q=%23TOP%E6%9E%97%E7%8F%8D%E5%A8%9C%20%E5%98%B4%E5%94%87%E4%BA%92%E8%A1%A5%23
2026-10-02,2026-10-02T13:49:31+08:00,微博,热搜榜,微博热搜榜,,25,LOL韩国队翻盘中国台北队,电竞,热度 309503；新,,LOL韩国队翻盘中国台北队,,https://s.weibo.com/weibo?q=%23LOL%E9%9F%A9%E5%9B%BD%E9%98%9F%E7%BF%BB%E7%9B%98%E4%B8%AD%E5%9B%BD%E5%8F%B0%E5%8C%97%E9%98%9F%23
2026-10-02,2026-10-02T13:49:31+08:00,微博,热搜榜,微博热搜榜,,26,章涛,艺人,热度 255787；新,,章涛,,https://s.weibo.com/weibo?q=%23%E7%AB%A0%E6%B6%9B%23
2026-10-02,2026-10-02T13:49:31+08:00,微博,热搜榜,微博热搜榜,,27,小S是给自己生了个林志玲吧,艺人,热度 231440,,小S是给自己生了个林志玲吧,"['小s', '林志玲']",https://s.weibo.com/weibo?q=%23%E5%B0%8FS%E6%98%AF%E7%BB%99%E8%87%AA%E5%B7%B1%E7%94%9F%E4%BA%86%E4%B8%AA%E6%9E%97%E5%BF%97%E7%8E%B2%E5%90%A7%23
2026-10-02,2026-10-02T13:49:31+08:00,微博,热搜榜,微博热搜榜,,28,86版西游记插曲作曲维权,艺人,热度 202057；新,,86版西游记插曲作曲维权,,https://s.weibo.com/weibo?q=%2386%E7%89%88%E8%A5%BF%E6%B8%B8%E8%AE%B0%E6%8F%92%E6%9B%B2%E4%BD%9C%E6%9B%B2%E7%BB%B4%E6%9D%83%23
2026-10-02,2026-10-02T13:49:31+08:00,微博,热搜榜,微博热搜榜,,29,Zeus燃尽了,电竞,热度 197993；新,,Zeus燃尽了,,https://s.weibo.com/weibo?q=%23Zeus%E7%87%83%E5%B0%BD%E4%BA%86%23
2026-10-02,2026-10-02T13:49:31+08:00,微博,热搜榜,微博热搜榜,,30,今日亚运决出51金,体育,热度 197952,,今日亚运决出51金,,https://s.weibo.com/weibo?q=%23%E4%BB%8A%E6%97%A5%E4%BA%9A%E8%BF%90%E5%86%B3%E5%87%BA51%E9%87%91%23
2026-10-02,2026-10-02T13:49:31+08:00,微博,热搜榜,微博热搜榜,,31,八仙,电影,热度 197929,,八仙,电影,https://s.weibo.com/weibo?q=%23%E5%85%AB%E4%BB%99%23
2026-10-02,2026-10-02T13:49:31+08:00,微博,热搜榜,微博热搜榜,,32,桃晚安回国plog,电竞,热度 186612,,桃晚安回国plog,,https://s.weibo.com/weibo?q=%23%E6%A1%83%E6%99%9A%E5%AE%89%E5%9B%9E%E5%9B%BDplog%23
2026-10-02,2026-10-02T13:49:31+08:00,微博,热搜榜,微博热搜榜,,33,轩森森 虞书欣,艺人,热度 163462,,轩森森 虞书欣,['虞书欣'],https://s.weibo.com/weibo?q=%23%E8%BD%A9%E6%A3%AE%E6%A3%AE%20%E8%99%9E%E4%B9%A6%E6%AC%A3%23
2026-10-02,2026-10-02T13:49:31+08:00,微博,热搜榜,微博热搜榜,,34,麦琳7个月瘦了40斤,艺人,热度 142123；新,,麦琳7个月瘦了40斤,,https://s.weibo.com/weibo?q=%23%E9%BA%A6%E7%90%B37%E4%B8%AA%E6%9C%88%E7%98%A6%E4%BA%8640%E6%96%A4%23
2026-10-02,2026-10-02T13:49:31+08:00,微博,热搜榜,微博热搜榜,,35,樊振东分享在德国每天吃炸猪排,体育,热度 142073,,樊振东分享在德国每天吃炸猪排,,https://s.weibo.com/weibo?q=%23%E6%A8%8A%E6%8C%AF%E4%B8%9C%E5%88%86%E4%BA%AB%E5%9C%A8%E5%BE%B7%E5%9B%BD%E6%AF%8F%E5%A4%A9%E5%90%83%E7%82%B8%E7%8C%AA%E6%8E%92%23
2026-10-02,2026-10-02T13:49:31+08:00,微博,热搜榜,微博热搜榜,,36,中医建议煮陈皮水喝好处很多,健康医疗,热度 142064；新,,中医建议煮陈皮水喝好处很多,,https://s.weibo.com/weibo?q=%23%E4%B8%AD%E5%8C%BB%E5%BB%BA%E8%AE%AE%E7%85%AE%E9%99%88%E7%9A%AE%E6%B0%B4%E5%96%9D%E5%A5%BD%E5%A4%84%E5%BE%88%E5%A4%9A%23
2026-10-02,2026-10-02T13:49:31+08:00,微博,热搜榜,微博热搜榜,,37,亚运会结束看什么,体育,热度 141057；新,,亚运会结束看什么,,https://s.weibo.com/weibo?q=%23%E4%BA%9A%E8%BF%90%E4%BC%9A%E7%BB%93%E6%9D%9F%E7%9C%8B%E4%BB%80%E4%B9%88%23
2026-10-02,2026-10-02T13:49:31+08:00,微博,热搜榜,微博热搜榜,,38,谭松韵从你的全娱乐圈路过,艺人,热度 140908；新,,谭松韵从你的全娱乐圈路过,['谭松韵'],https://s.weibo.com/weibo?q=%23%E8%B0%AD%E6%9D%BE%E9%9F%B5%E4%BB%8E%E4%BD%A0%E7%9A%84%E5%85%A8%E5%A8%B1%E4%B9%90%E5%9C%88%E8%B7%AF%E8%BF%87%23
2026-10-02,2026-10-02T13:49:31+08:00,微博,热搜榜,微博热搜榜,,39,肖战被小朋友盯得不好意思了,综艺,热度 137901,,肖战被小朋友盯得不好意思了,晚会,https://s.weibo.com/weibo?q=%23%E8%82%96%E6%88%98%E8%A2%AB%E5%B0%8F%E6%9C%8B%E5%8F%8B%E7%9B%AF%E5%BE%97%E4%B8%8D%E5%A5%BD%E6%84%8F%E6%80%9D%E4%BA%86%23
2026-10-02,2026-10-02T13:49:31+08:00,微博,热搜榜,微博热搜榜,,40,长得像郭碧婷被拉去和向佐直播,艺人,热度 123133；新,,长得像郭碧婷被拉去和向佐直播,"['向佐', '郭碧婷']",https://s.weibo.com/weibo?q=%23%E9%95%BF%E5%BE%97%E5%83%8F%E9%83%AD%E7%A2%A7%E5%A9%B7%E8%A2%AB%E6%8B%89%E5%8E%BB%E5%92%8C%E5%90%91%E4%BD%90%E7%9B%B4%E6%92%AD%23
2026-10-02,2026-10-02T13:49:31+08:00,微博,热搜榜,微博热搜榜,,41,薯条胶囊和现炸出来的没区别,美食,热度 122499；新,,薯条胶囊和现炸出来的没区别,,https://s.weibo.com/weibo?q=%23%E8%96%AF%E6%9D%A1%E8%83%B6%E5%9B%8A%E5%92%8C%E7%8E%B0%E7%82%B8%E5%87%BA%E6%9D%A5%E7%9A%84%E6%B2%A1%E5%8C%BA%E5%88%AB%23
2026-10-02,2026-10-02T13:49:31+08:00,微博,热搜榜,微博热搜榜,,42,两队老年暴走团有人互扇耳光,民生新闻,热度 115195,,两队老年暴走团有人互扇耳光,,https://s.weibo.com/weibo?q=%23%E4%B8%A4%E9%98%9F%E8%80%81%E5%B9%B4%E6%9A%B4%E8%B5%B0%E5%9B%A2%E6%9C%89%E4%BA%BA%E4%BA%92%E6%89%87%E8%80%B3%E5%85%89%23
2026-10-02,2026-10-02T13:49:31+08:00,微博,热搜榜,微博热搜榜,,43,陈浩民说妻子消费前女友,艺人,热度 112625；新,,陈浩民说妻子消费前女友,['陈浩民'],https://s.weibo.com/weibo?q=%23%E9%99%88%E6%B5%A9%E6%B0%91%E8%AF%B4%E5%A6%BB%E5%AD%90%E6%B6%88%E8%B4%B9%E5%89%8D%E5%A5%B3%E5%8F%8B%23
2026-10-02,2026-10-02T13:49:31+08:00,微博,热搜榜,微博热搜榜,,44,披荆斩棘2026主题曲越,综艺,热度 111504；新,,披荆斩棘2026主题曲越,综艺,https://s.weibo.com/weibo?q=%23%E6%8A%AB%E8%8D%86%E6%96%A9%E6%A3%982026%E4%B8%BB%E9%A2%98%E6%9B%B2%E8%B6%8A%23
2026-10-02,2026-10-02T13:49:31+08:00,微博,热搜榜,微博热搜榜,,45,梓渝的瘾有多大,艺人,热度 109457；新,,梓渝的瘾有多大,['梓渝'],https://s.weibo.com/weibo?q=%23%E6%A2%93%E6%B8%9D%E7%9A%84%E7%98%BE%E6%9C%89%E5%A4%9A%E5%A4%A7%23
2026-10-02,2026-10-02T13:49:31+08:00,微博,热搜榜,微博热搜榜,,46,清北硕博去余杭街道办,民生新闻,热度 108463,,清北硕博去余杭街道办,,https://s.weibo.com/weibo?q=%23%E6%B8%85%E5%8C%97%E7%A1%95%E5%8D%9A%E5%8E%BB%E4%BD%99%E6%9D%AD%E8%A1%97%E9%81%93%E5%8A%9E%23
2026-10-02,2026-10-02T13:49:31+08:00,微博,热搜榜,微博热搜榜,,47,莫氏鸡煲候鸡亭拆了,民生新闻,热度 101837；新,,莫氏鸡煲候鸡亭拆了,,https://s.weibo.com/weibo?q=%23%E8%8E%AB%E6%B0%8F%E9%B8%A1%E7%85%B2%E5%80%99%E9%B8%A1%E4%BA%AD%E6%8B%86%E4%BA%86%23
2026-10-02,2026-10-02T13:49:31+08:00,微博,热搜榜,微博热搜榜,,48,把张家齐妈妈家书发给父母,体育,热度 100384；新,,把张家齐妈妈家书发给父母,,https://s.weibo.com/weibo?q=%23%E6%8A%8A%E5%BC%A0%E5%AE%B6%E9%BD%90%E5%A6%88%E5%A6%88%E5%AE%B6%E4%B9%A6%E5%8F%91%E7%BB%99%E7%88%B6%E6%AF%8D%23
2026-10-02,2026-10-02T13:49:31+08:00,微博,热搜榜,微博热搜榜,,49,葡萄牙队员纷纷回应C罗退队,体育,热度 97999,,葡萄牙队员纷纷回应C罗退队,,https://s.weibo.com/weibo?q=%23%E8%91%A1%E8%90%84%E7%89%99%E9%98%9F%E5%91%98%E7%BA%B7%E7%BA%B7%E5%9B%9E%E5%BA%94C%E7%BD%97%E9%80%80%E9%98%9F%23
2026-10-02,2026-10-02T13:49:31+08:00,微博,热搜榜,微博热搜榜,,50,iPhoneDuo支持更换保护膜,数码,热度 97881,,iPhoneDuo支持更换保护膜,,https://s.weibo.com/weibo?q=%23iPhoneDuo%E6%94%AF%E6%8C%81%E6%9B%B4%E6%8D%A2%E4%BF%9D%E6%8A%A4%E8%86%9C%23
2026-10-02,2026-10-02T13:49:31+08:00,微博,文娱热搜榜,微博热搜榜-文娱条目,,1,电视剧喜剧之王定档,剧集,总榜排名 2；热度 905540；新,,电视剧喜剧之王定档,,https://s.weibo.com/weibo?q=%23%E7%94%B5%E8%A7%86%E5%89%A7%E5%96%9C%E5%89%A7%E4%B9%8B%E7%8E%8B%E5%AE%9A%E6%A1%A3%23
2026-10-02,2026-10-02T13:49:31+08:00,微博,文娱热搜榜,微博热搜榜-文娱条目,,2,电视剧名 奶茶名,剧集,总榜排名 4；热度 514887；热,,电视剧名 奶茶名,,https://s.weibo.com/weibo?q=%23%E7%94%B5%E8%A7%86%E5%89%A7%E5%90%8D%20%E5%A5%B6%E8%8C%B6%E5%90%8D%23
2026-10-02,2026-10-02T13:49:31+08:00,微博,文娱热搜榜,微博热搜榜-文娱条目,,3,林锦岐认出许兰香先烧证据,剧集,总榜排名 7；热度 425103,,林锦岐认出许兰香先烧证据,剧集,https://s.weibo.com/weibo?q=%23%E6%9E%97%E9%94%A6%E5%B2%90%E8%AE%A4%E5%87%BA%E8%AE%B8%E5%85%B0%E9%A6%99%E5%85%88%E7%83%A7%E8%AF%81%E6%8D%AE%23
2026-10-02,2026-10-02T13:49:31+08:00,微博,文娱热搜榜,微博热搜榜-文娱条目,,4,TOP林珍娜承认恋情,艺人,总榜排名 11；热度 394671；热,,TOP林珍娜承认恋情,['林珍娜'],https://s.weibo.com/weibo?q=%23TOP%E6%9E%97%E7%8F%8D%E5%A8%9C%E6%89%BF%E8%AE%A4%E6%81%8B%E6%83%85%23
2026-10-02,2026-10-02T13:49:31+08:00,微博,文娱热搜榜,微博热搜榜-文娱条目,,5,TFBOYS亲签 350万,艺人,总榜排名 13；热度 378154；新,,TFBOYS亲签 350万,['tfboys'],https://s.weibo.com/weibo?q=%23TFBOYS%E4%BA%B2%E7%AD%BE%20350%E4%B8%87%23
2026-10-02,2026-10-02T13:49:31+08:00,微博,文娱热搜榜,微博热搜榜-文娱条目,,6,难怪那么多艺人最后和经纪人结婚了,艺人,总榜排名 14；热度 368513；热,,难怪那么多艺人最后和经纪人结婚了,,https://s.weibo.com/weibo?q=%23%E9%9A%BE%E6%80%AA%E9%82%A3%E4%B9%88%E5%A4%9A%E8%89%BA%E4%BA%BA%E6%9C%80%E5%90%8E%E5%92%8C%E7%BB%8F%E7%BA%AA%E4%BA%BA%E7%BB%93%E5%A9%9A%E4%BA%86%23
2026-10-02,2026-10-02T13:49:31+08:00,微博,文娱热搜榜,微博热搜榜-文娱条目,,7,李小冉 你们还有戏拍,艺人,总榜排名 15；热度 355931；新,,李小冉 你们还有戏拍,['李小冉'],https://s.weibo.com/weibo?q=%23%E6%9D%8E%E5%B0%8F%E5%86%89%20%E4%BD%A0%E4%BB%AC%E8%BF%98%E6%9C%89%E6%88%8F%E6%8B%8D%23
2026-10-02,2026-10-02T13:49:31+08:00,微博,文娱热搜榜,微博热搜榜-文娱条目,,8,孙千1条日常分享带6个广,艺人,总榜排名 17；热度 340646；新,,孙千1条日常分享带6个广,['孙千'],https://s.weibo.com/weibo?q=%23%E5%AD%99%E5%8D%831%E6%9D%A1%E6%97%A5%E5%B8%B8%E5%88%86%E4%BA%AB%E5%B8%A66%E4%B8%AA%E5%B9%BF%23
2026-10-02,2026-10-02T13:49:31+08:00,微博,文娱热搜榜,微博热搜榜-文娱条目,,9,TOP林珍娜 嘴唇互补,艺人,总榜排名 24；热度 331616；新,,TOP林珍娜 嘴唇互补,"['top', '林珍娜']",https://s.weibo.com/weibo?q=%23TOP%E6%9E%97%E7%8F%8D%E5%A8%9C%20%E5%98%B4%E5%94%87%E4%BA%92%E8%A1%A5%23
2026-10-02,2026-10-02T13:49:31+08:00,微博,文娱热搜榜,微博热搜榜-文娱条目,,10,章涛,艺人,总榜排名 26；热度 255787；新,,章涛,,https://s.weibo.com/weibo?q=%23%E7%AB%A0%E6%B6%9B%23
2026-10-02,2026-10-02T13:49:31+08:00,微博,文娱热搜榜,微博热搜榜-文娱条目,,11,小S是给自己生了个林志玲吧,艺人,总榜排名 27；热度 231440,,小S是给自己生了个林志玲吧,"['小s', '林志玲']",https://s.weibo.com/weibo?q=%23%E5%B0%8FS%E6%98%AF%E7%BB%99%E8%87%AA%E5%B7%B1%E7%94%9F%E4%BA%86%E4%B8%AA%E6%9E%97%E5%BF%97%E7%8E%B2%E5%90%A7%23
2026-10-02,2026-10-02T13:49:31+08:00,微博,文娱热搜榜,微博热搜榜-文娱条目,,12,86版西游记插曲作曲维权,艺人,总榜排名 28；热度 202057；新,,86版西游记插曲作曲维权,,https://s.weibo.com/weibo?q=%2386%E7%89%88%E8%A5%BF%E6%B8%B8%E8%AE%B0%E6%8F%92%E6%9B%B2%E4%BD%9C%E6%9B%B2%E7%BB%B4%E6%9D%83%23
2026-10-02,2026-10-02T13:49:31+08:00,微博,文娱热搜榜,微博热搜榜-文娱条目,,13,八仙,电影,总榜排名 31；热度 197929,,八仙,电影,https://s.weibo.com/weibo?q=%23%E5%85%AB%E4%BB%99%23
2026-10-02,2026-10-02T13:49:31+08:00,微博,文娱热搜榜,微博热搜榜-文娱条目,,14,轩森森 虞书欣,艺人,总榜排名 33；热度 163462,,轩森森 虞书欣,['虞书欣'],https://s.weibo.com/weibo?q=%23%E8%BD%A9%E6%A3%AE%E6%A3%AE%20%E8%99%9E%E4%B9%A6%E6%AC%A3%23
2026-10-02,2026-10-02T13:49:31+08:00,微博,文娱热搜榜,微博热搜榜-文娱条目,,15,麦琳7个月瘦了40斤,艺人,总榜排名 34；热度 142123；新,,麦琳7个月瘦了40斤,,https://s.weibo.com/weibo?q=%23%E9%BA%A6%E7%90%B37%E4%B8%AA%E6%9C%88%E7%98%A6%E4%BA%8640%E6%96%A4%23
2026-10-02,2026-10-02T13:49:31+08:00,微博,文娱热搜榜,微博热搜榜-文娱条目,,16,谭松韵从你的全娱乐圈路过,艺人,总榜排名 38；热度 140908；新,,谭松韵从你的全娱乐圈路过,['谭松韵'],https://s.weibo.com/weibo?q=%23%E8%B0%AD%E6%9D%BE%E9%9F%B5%E4%BB%8E%E4%BD%A0%E7%9A%84%E5%85%A8%E5%A8%B1%E4%B9%90%E5%9C%88%E8%B7%AF%E8%BF%87%23
2026-10-02,2026-10-02T13:49:31+08:00,微博,文娱热搜榜,微博热搜榜-文娱条目,,17,肖战被小朋友盯得不好意思了,综艺,总榜排名 39；热度 137901,,肖战被小朋友盯得不好意思了,晚会,https://s.weibo.com/weibo?q=%23%E8%82%96%E6%88%98%E8%A2%AB%E5%B0%8F%E6%9C%8B%E5%8F%8B%E7%9B%AF%E5%BE%97%E4%B8%8D%E5%A5%BD%E6%84%8F%E6%80%9D%E4%BA%86%23
2026-10-02,2026-10-02T13:49:31+08:00,微博,文娱热搜榜,微博热搜榜-文娱条目,,18,长得像郭碧婷被拉去和向佐直播,艺人,总榜排名 40；热度 123133；新,,长得像郭碧婷被拉去和向佐直播,"['向佐', '郭碧婷']",https://s.weibo.com/weibo?q=%23%E9%95%BF%E5%BE%97%E5%83%8F%E9%83%AD%E7%A2%A7%E5%A9%B7%E8%A2%AB%E6%8B%89%E5%8E%BB%E5%92%8C%E5%90%91%E4%BD%90%E7%9B%B4%E6%92%AD%23
2026-10-02,2026-10-02T13:49:31+08:00,微博,文娱热搜榜,微博热搜榜-文娱条目,,19,陈浩民说妻子消费前女友,艺人,总榜排名 43；热度 112625；新,,陈浩民说妻子消费前女友,['陈浩民'],https://s.weibo.com/weibo?q=%23%E9%99%88%E6%B5%A9%E6%B0%91%E8%AF%B4%E5%A6%BB%E5%AD%90%E6%B6%88%E8%B4%B9%E5%89%8D%E5%A5%B3%E5%8F%8B%23
2026-10-02,2026-10-02T13:49:31+08:00,微博,文娱热搜榜,微博热搜榜-文娱条目,,20,披荆斩棘2026主题曲越,综艺,总榜排名 44；热度 111504；新,,披荆斩棘2026主题曲越,综艺,https://s.weibo.com/weibo?q=%23%E6%8A%AB%E8%8D%86%E6%96%A9%E6%A3%982026%E4%B8%BB%E9%A2%98%E6%9B%B2%E8%B6%8A%23
2026-10-02,2026-10-02T13:49:31+08:00,微博,文娱热搜榜,微博热搜榜-文娱条目,,21,梓渝的瘾有多大,艺人,总榜排名 45；热度 109457；新,,梓渝的瘾有多大,['梓渝'],https://s.weibo.com/weibo?q=%23%E6%A2%93%E6%B8%9D%E7%9A%84%E7%98%BE%E6%9C%89%E5%A4%9A%E5%A4%A7%23
