snapshot_date,captured_at,platform,chart,official_chart,platform_date,rank,song_name,artist,chart_metric,duration,song_id,album_id,source_url
2026-07-31,2026-07-31T16:23:23+08:00,QQ音乐,热歌榜,热歌榜,2026-07-31,1,甲乙丙丁 (你我怎么两清),李佳薇,上升 1,,696262512,00446QRA1fTdqA,https://y.qq.com/n/ryqq/toplist/26
2026-07-31,2026-07-31T16:23:23+08:00,QQ音乐,热歌榜,热歌榜,2026-07-31,2,也许你就在对岸,张杰,新进,,711540473,002iSmQU4DC9Eu,https://y.qq.com/n/ryqq/toplist/26
2026-07-31,2026-07-31T16:23:23+08:00,QQ音乐,热歌榜,热歌榜,2026-07-31,3,恋人,李荣浩,0,,496054946,004HaG7p4ZkhXA,https://y.qq.com/n/ryqq/toplist/26
2026-07-31,2026-07-31T16:23:23+08:00,QQ音乐,热歌榜,热歌榜,2026-07-31,4,失眠,Suki刘舒妤,0,,4733575,002xCeeN4EJ1Ke,https://y.qq.com/n/ryqq/toplist/26
2026-07-31,2026-07-31T16:23:23+08:00,QQ音乐,热歌榜,热歌榜,2026-07-31,5,雨爱,杨丞琳,上升 1,,645819,000jcKFG0sQrD0,https://y.qq.com/n/ryqq/toplist/26
2026-07-31,2026-07-31T16:23:23+08:00,QQ音乐,热歌榜,热歌榜,2026-07-31,6,樱花草,Sweety,下降 1,,481456,000pKXff1doeOd,https://y.qq.com/n/ryqq/toplist/26
2026-07-31,2026-07-31T16:23:23+08:00,QQ音乐,热歌榜,热歌榜,2026-07-31,7,讨厌情歌,张艺兴,新进,,697611948,001w138z3PZEcz,https://y.qq.com/n/ryqq/toplist/26
2026-07-31,2026-07-31T16:23:23+08:00,QQ音乐,热歌榜,热歌榜,2026-07-31,8,ANGEL (天使),尹美莱 (윤미래)/Tiger JK/Bizzy (비지),下降 1,,101138130,000qiKcT05rSr9,https://y.qq.com/n/ryqq/toplist/26
2026-07-31,2026-07-31T16:23:23+08:00,QQ音乐,热歌榜,热歌榜,2026-07-31,9,阴天,莫文蔚,下降 1,,4830345,000hTTJN3oScZr,https://y.qq.com/n/ryqq/toplist/26
2026-07-31,2026-07-31T16:23:23+08:00,QQ音乐,热歌榜,热歌榜,2026-07-31,10,我怀念的,孙燕姿,下降 1,,5211338,000P3l050Olt27,https://y.qq.com/n/ryqq/toplist/26
2026-07-31,2026-07-31T16:23:23+08:00,QQ音乐,热歌榜,热歌榜,2026-07-31,11,雨过后的风景,Dizzy Dizzo (蔡诗芸),下降 1,,1960263,0038xSkp1EcVBf,https://y.qq.com/n/ryqq/toplist/26
2026-07-31,2026-07-31T16:23:23+08:00,QQ音乐,热歌榜,热歌榜,2026-07-31,12,爱错,王力宏,上升 1,,105905415,002ElVxf43rOue,https://y.qq.com/n/ryqq/toplist/26
2026-07-31,2026-07-31T16:23:23+08:00,QQ音乐,热歌榜,热歌榜,2026-07-31,13,无人之岛,任然,下降 1,,203452364,002lMPc30c4rOO,https://y.qq.com/n/ryqq/toplist/26
2026-07-31,2026-07-31T16:23:23+08:00,QQ音乐,热歌榜,热歌榜,2026-07-31,14,盛夏的果实,莫文蔚,下降 3,,4830161,000KeV8l1PIjxt,https://y.qq.com/n/ryqq/toplist/26
2026-07-31,2026-07-31T16:23:23+08:00,QQ音乐,热歌榜,热歌榜,2026-07-31,15,唯一,G.E.M. 邓紫棋,上升 1,,438910555,002d6m7k0xCbSv,https://y.qq.com/n/ryqq/toplist/26
2026-07-31,2026-07-31T16:23:23+08:00,QQ音乐,热歌榜,热歌榜,2026-07-31,16,Always Online,林俊杰,下降 1,,447257,002g6zv02X7SNi,https://y.qq.com/n/ryqq/toplist/26
2026-07-31,2026-07-31T16:23:23+08:00,QQ音乐,热歌榜,热歌榜,2026-07-31,17,我不难过,孙燕姿,下降 3,,8136,004VSvF52mQoQp,https://y.qq.com/n/ryqq/toplist/26
2026-07-31,2026-07-31T16:23:23+08:00,QQ音乐,热歌榜,热歌榜,2026-07-31,18,演员,薛之谦,0,,102636799,003y8dsH2wBHlo,https://y.qq.com/n/ryqq/toplist/26
2026-07-31,2026-07-31T16:23:23+08:00,QQ音乐,热歌榜,热歌榜,2026-07-31,19,特别的人,方大同,下降 2,,5293866,000GvdTR0qcKh8,https://y.qq.com/n/ryqq/toplist/26
2026-07-31,2026-07-31T16:23:23+08:00,QQ音乐,热歌榜,热歌榜,2026-07-31,20,情歌,梁静茹,0,,462188,002E4IXe1ESUij,https://y.qq.com/n/ryqq/toplist/26
2026-07-31,2026-07-31T16:23:23+08:00,QQ音乐,热歌榜,热歌榜,2026-07-31,21,红色高跟鞋,蔡健雅,下降 2,,624649,002dOge41xlS8x,https://y.qq.com/n/ryqq/toplist/26
2026-07-31,2026-07-31T16:23:23+08:00,QQ音乐,热歌榜,热歌榜,2026-07-31,22,春娇与志明,街道办GDC/欧阳耀莹,0,,205357640,000lrXyA0MlEEo,https://y.qq.com/n/ryqq/toplist/26
2026-07-31,2026-07-31T16:23:23+08:00,QQ音乐,热歌榜,热歌榜,2026-07-31,23,泪海,许茹芸,上升 13,,106585340,001Ugmj01giuzO,https://y.qq.com/n/ryqq/toplist/26
2026-07-31,2026-07-31T16:23:23+08:00,QQ音乐,热歌榜,热歌榜,2026-07-31,24,江南,林俊杰,0,,9063002,000y5gq7449K9I,https://y.qq.com/n/ryqq/toplist/26
2026-07-31,2026-07-31T16:23:23+08:00,QQ音乐,热歌榜,热歌榜,2026-07-31,25,讨厌,芮恩,下降 4,,138194,001EFkTG1wgW4n,https://y.qq.com/n/ryqq/toplist/26
2026-07-31,2026-07-31T16:23:23+08:00,QQ音乐,热歌榜,热歌榜,2026-07-31,26,我们俩,郭顶,0,,105413206,003sMyYb4HZAAz,https://y.qq.com/n/ryqq/toplist/26
2026-07-31,2026-07-31T16:23:23+08:00,QQ音乐,热歌榜,热歌榜,2026-07-31,27,多远都要在一起,G.E.M. 邓紫棋,下降 2,,102174489,003c616O2Zlswm,https://y.qq.com/n/ryqq/toplist/26
2026-07-31,2026-07-31T16:23:23+08:00,QQ音乐,热歌榜,热歌榜,2026-07-31,28,其实,薛之谦,下降 1,,104775877,000QgFcm0v8WaF,https://y.qq.com/n/ryqq/toplist/26
2026-07-31,2026-07-31T16:23:23+08:00,QQ音乐,热歌榜,热歌榜,2026-07-31,29,休止符,张艺兴,新进,,697611956,001w138z3PZEcz,https://y.qq.com/n/ryqq/toplist/26
2026-07-31,2026-07-31T16:23:23+08:00,QQ音乐,热歌榜,热歌榜,2026-07-31,30,开始懂了,孙燕姿,下降 1,,5646,004KRIQr1oCp2A,https://y.qq.com/n/ryqq/toplist/26
2026-07-31,2026-07-31T16:23:23+08:00,QQ音乐,热歌榜,热歌榜,2026-07-31,31,刻在我心底的名字,卢广仲,上升 2,,316472364,004QG0W52P5GUq,https://y.qq.com/n/ryqq/toplist/26
2026-07-31,2026-07-31T16:23:23+08:00,QQ音乐,热歌榜,热歌榜,2026-07-31,32,心墙,郭静,下降 4,,474797,003EHcB24J8t9Z,https://y.qq.com/n/ryqq/toplist/26
2026-07-31,2026-07-31T16:23:23+08:00,QQ音乐,热歌榜,热歌榜,2026-07-31,33,Beauty And A Beat,Justin Bieber/Nicki Minaj,下降 1,,1473252,002XddZv4cGsXb,https://y.qq.com/n/ryqq/toplist/26
2026-07-31,2026-07-31T16:23:23+08:00,QQ音乐,热歌榜,热歌榜,2026-07-31,34,偏爱,张芸京,下降 3,,473137,003ha6C92GRuVE,https://y.qq.com/n/ryqq/toplist/26
2026-07-31,2026-07-31T16:23:23+08:00,QQ音乐,热歌榜,热歌榜,2026-07-31,35,离开我的依赖,王艳薇,下降 1,,253383943,004CSyAN1oc97b,https://y.qq.com/n/ryqq/toplist/26
2026-07-31,2026-07-31T16:23:23+08:00,QQ音乐,热歌榜,热歌榜,2026-07-31,36,听无声处,周深,新进,,711420775,003dp1Ci3lRogC,https://y.qq.com/n/ryqq/toplist/26
2026-07-31,2026-07-31T16:23:23+08:00,QQ音乐,热歌榜,热歌榜,2026-07-31,37,富士山下,陈奕迅,下降 2,,260678,004Z85XP1c25b7,https://y.qq.com/n/ryqq/toplist/26
2026-07-31,2026-07-31T16:23:23+08:00,QQ音乐,热歌榜,热歌榜,2026-07-31,38,素颜,许嵩/何曼婷,下降 1,,101813361,0035f8nw11cjkf,https://y.qq.com/n/ryqq/toplist/26
2026-07-31,2026-07-31T16:23:23+08:00,QQ音乐,热歌榜,热歌榜,2026-07-31,39,晴天,周杰伦,上升 2,,97773,000MkMni19ClKG,https://y.qq.com/n/ryqq/toplist/26
2026-07-31,2026-07-31T16:23:23+08:00,QQ音乐,热歌榜,热歌榜,2026-07-31,40,遇见,孙燕姿,下降 1,,8145,002ehzTm0TxXC2,https://y.qq.com/n/ryqq/toplist/26
2026-07-31,2026-07-31T16:23:23+08:00,QQ音乐,热歌榜,热歌榜,2026-07-31,41,The Other Side Of Paradise (Explicit),Glass Animals,上升 17,,319782348,001eucpH3ZIJnM,https://y.qq.com/n/ryqq/toplist/26
2026-07-31,2026-07-31T16:23:23+08:00,QQ音乐,热歌榜,热歌榜,2026-07-31,42,But You Don't Know Me,张艺兴,新进,,697611947,001w138z3PZEcz,https://y.qq.com/n/ryqq/toplist/26
2026-07-31,2026-07-31T16:23:23+08:00,QQ音乐,热歌榜,热歌榜,2026-07-31,43,最佳损友,陈奕迅,下降 5,,1338414,002FT46H18G1jW,https://y.qq.com/n/ryqq/toplist/26
2026-07-31,2026-07-31T16:23:23+08:00,QQ音乐,热歌榜,热歌榜,2026-07-31,44,背对背拥抱,林俊杰,下降 2,,648231,002C0kX720gMQi,https://y.qq.com/n/ryqq/toplist/26
2026-07-31,2026-07-31T16:23:23+08:00,QQ音乐,热歌榜,热歌榜,2026-07-31,45,幻听,许嵩,上升 60,,1531817,004RbL3b0BDIe2,https://y.qq.com/n/ryqq/toplist/26
2026-07-31,2026-07-31T16:23:23+08:00,QQ音乐,热歌榜,热歌榜,2026-07-31,46,后会无期,徐良/汪苏泷,下降 6,,7112743,002apRhZ4Bq99d,https://y.qq.com/n/ryqq/toplist/26
2026-07-31,2026-07-31T16:23:23+08:00,QQ音乐,热歌榜,热歌榜,2026-07-31,47,Baby,Justin Bieber/Ludacris,下降 4,,203644381,002TfnxG2yN1na,https://y.qq.com/n/ryqq/toplist/26
2026-07-31,2026-07-31T16:23:23+08:00,QQ音乐,热歌榜,热歌榜,2026-07-31,48,不将就,李荣浩,下降 4,,102367085,001fi1zG0EjU2u,https://y.qq.com/n/ryqq/toplist/26
2026-07-31,2026-07-31T16:23:23+08:00,QQ音乐,热歌榜,热歌榜,2026-07-31,49,泡沫,G.E.M. 邓紫棋,下降 4,,1530858,002YFufr4bXZyI,https://y.qq.com/n/ryqq/toplist/26
2026-07-31,2026-07-31T16:23:23+08:00,QQ音乐,热歌榜,热歌榜,2026-07-31,50,坏女孩,徐良/小凌,下降 4,,7112749,002apRhZ4Bq99d,https://y.qq.com/n/ryqq/toplist/26
2026-07-31,2026-07-31T16:23:23+08:00,QQ音乐,热歌榜,热歌榜,2026-07-31,51,海阔天空,BEYOND,下降 2,,4835784,002qcJuX3lO3EZ,https://y.qq.com/n/ryqq/toplist/26
2026-07-31,2026-07-31T16:23:23+08:00,QQ音乐,热歌榜,热歌榜,2026-07-31,52,十年,陈奕迅,下降 4,,4830342,000GDz8k03UOaI,https://y.qq.com/n/ryqq/toplist/26
2026-07-31,2026-07-31T16:23:23+08:00,QQ音乐,热歌榜,热歌榜,2026-07-31,53,瞬,郑润泽,下降 3,,422061155,001qvyI10urb5z,https://y.qq.com/n/ryqq/toplist/26
2026-07-31,2026-07-31T16:23:23+08:00,QQ音乐,热歌榜,热歌榜,2026-07-31,54,唯我论者的独白,马嘉祺,下降 24,,710185115,002SyJWd06jbh4,https://y.qq.com/n/ryqq/toplist/26
2026-07-31,2026-07-31T16:23:23+08:00,QQ音乐,热歌榜,热歌榜,2026-07-31,55,天外来物,薛之谦,下降 3,,272125057,000K9Zp13TZp5s,https://y.qq.com/n/ryqq/toplist/26
2026-07-31,2026-07-31T16:23:23+08:00,QQ音乐,热歌榜,热歌榜,2026-07-31,56,童话,光良,上升 9,,4830267,002AaUF60cnS3w,https://y.qq.com/n/ryqq/toplist/26
2026-07-31,2026-07-31T16:23:23+08:00,QQ音乐,热歌榜,热歌榜,2026-07-31,57,认真的雪,薛之谦,下降 6,,1333803,003mUYW22JXKVK,https://y.qq.com/n/ryqq/toplist/26
2026-07-31,2026-07-31T16:23:23+08:00,QQ音乐,热歌榜,热歌榜,2026-07-31,58,街道,林俊杰,下降 11,,447258,002g6zv02X7SNi,https://y.qq.com/n/ryqq/toplist/26
2026-07-31,2026-07-31T16:23:23+08:00,QQ音乐,热歌榜,热歌榜,2026-07-31,59,Stutter Love,张艺兴,新进,,697611918,001w138z3PZEcz,https://y.qq.com/n/ryqq/toplist/26
2026-07-31,2026-07-31T16:23:23+08:00,QQ音乐,热歌榜,热歌榜,2026-07-31,60,美人鱼,林俊杰,下降 7,,95292,000y5gq7449K9I,https://y.qq.com/n/ryqq/toplist/26
2026-07-31,2026-07-31T16:23:23+08:00,QQ音乐,热歌榜,热歌榜,2026-07-31,61,你要的全拿走,胡彦斌,下降 4,,212808217,001eyHlv2fu50T,https://y.qq.com/n/ryqq/toplist/26
2026-07-31,2026-07-31T16:23:23+08:00,QQ音乐,热歌榜,热歌榜,2026-07-31,62,Letting Go,蔡健雅,下降 7,,1030353,001aC9dM35U6KB,https://y.qq.com/n/ryqq/toplist/26
2026-07-31,2026-07-31T16:23:23+08:00,QQ音乐,热歌榜,热歌榜,2026-07-31,63,黄昏,周传雄,下降 4,,526713,001U6x8f2uJhig,https://y.qq.com/n/ryqq/toplist/26
2026-07-31,2026-07-31T16:23:23+08:00,QQ音乐,热歌榜,热歌榜,2026-07-31,64,麦恩莉,方大同,下降 1,,2550926,000ih4iv3HCmno,https://y.qq.com/n/ryqq/toplist/26
2026-07-31,2026-07-31T16:23:23+08:00,QQ音乐,热歌榜,热歌榜,2026-07-31,65,爱情讯息,郭静,下降 5,,876549,003PKZMI1Wyx1A,https://y.qq.com/n/ryqq/toplist/26
2026-07-31,2026-07-31T16:23:23+08:00,QQ音乐,热歌榜,热歌榜,2026-07-31,66,勇气,梁静茹,上升 1,,4830164,001DEgPu1004bl,https://y.qq.com/n/ryqq/toplist/26
2026-07-31,2026-07-31T16:23:23+08:00,QQ音乐,热歌榜,热歌榜,2026-07-31,67,最后一页,江语晨,上升 3,,721636,003FO4XF40Ky8L,https://y.qq.com/n/ryqq/toplist/26
2026-07-31,2026-07-31T16:23:23+08:00,QQ音乐,热歌榜,热歌榜,2026-07-31,68,我知道,BY2,上升 13,,470336,001P410a0Iq4K0,https://y.qq.com/n/ryqq/toplist/26
2026-07-31,2026-07-31T16:23:23+08:00,QQ音乐,热歌榜,热歌榜,2026-07-31,69,野心家,张靓颖,下降 15,,591592617,003TmXW52e0F4P,https://y.qq.com/n/ryqq/toplist/26
2026-07-31,2026-07-31T16:23:23+08:00,QQ音乐,热歌榜,热歌榜,2026-07-31,70,修炼爱情,林俊杰,下降 8,,5063375,001gqOnU3DTg2S,https://y.qq.com/n/ryqq/toplist/26
2026-07-31,2026-07-31T16:23:23+08:00,QQ音乐,热歌榜,热歌榜,2026-07-31,71,第57次取消发送,菲菲公主（陆绮菲）,上升 7,,560063927,000KrDC019mc82,https://y.qq.com/n/ryqq/toplist/26
2026-07-31,2026-07-31T16:23:23+08:00,QQ音乐,热歌榜,热歌榜,2026-07-31,72,Dehors (Live),Jordann,下降 16,,457608824,00373oN248uprz,https://y.qq.com/n/ryqq/toplist/26
2026-07-31,2026-07-31T16:23:23+08:00,QQ音乐,热歌榜,热歌榜,2026-07-31,73,人间共鸣,李健,上升 12,,641742655,003RVJjp1svtyz,https://y.qq.com/n/ryqq/toplist/26
2026-07-31,2026-07-31T16:23:23+08:00,QQ音乐,热歌榜,热歌榜,2026-07-31,74,如愿,王菲,0,,326584182,004Kbn3m2HV9Y3,https://y.qq.com/n/ryqq/toplist/26
2026-07-31,2026-07-31T16:23:23+08:00,QQ音乐,热歌榜,热歌榜,2026-07-31,75,会呼吸的痛,梁静茹,下降 7,,411228,002oy2Mp3I8Rgo,https://y.qq.com/n/ryqq/toplist/26
2026-07-31,2026-07-31T16:23:23+08:00,QQ音乐,热歌榜,热歌榜,2026-07-31,76,至少还有你,林忆莲,下降 3,,102204563,001JqgRv0mRHEQ,https://y.qq.com/n/ryqq/toplist/26
2026-07-31,2026-07-31T16:23:23+08:00,QQ音乐,热歌榜,热歌榜,2026-07-31,77,下完这场雨,后弦,下降 13,,108787382,004ZXlA63dZBCa,https://y.qq.com/n/ryqq/toplist/26
2026-07-31,2026-07-31T16:23:23+08:00,QQ音乐,热歌榜,热歌榜,2026-07-31,78,我们的歌,王力宏,下降 7,,102193483,002Zwh5p4HgecI,https://y.qq.com/n/ryqq/toplist/26
2026-07-31,2026-07-31T16:23:23+08:00,QQ音乐,热歌榜,热歌榜,2026-07-31,79,倒数,G.E.M. 邓紫棋,下降 4,,215540451,003cKIKZ1J4Yyu,https://y.qq.com/n/ryqq/toplist/26
2026-07-31,2026-07-31T16:23:23+08:00,QQ音乐,热歌榜,热歌榜,2026-07-31,80,如果可以,韦礼安,下降 4,,330977131,003WBcyJ1siUkh,https://y.qq.com/n/ryqq/toplist/26
2026-07-31,2026-07-31T16:23:23+08:00,QQ音乐,热歌榜,热歌榜,2026-07-31,81,可不可以,张紫豪,下降 9,,213958134,004VR1w241uBhB,https://y.qq.com/n/ryqq/toplist/26
2026-07-31,2026-07-31T16:23:23+08:00,QQ音乐,热歌榜,热歌榜,2026-07-31,82,一样的月光,徐佳莹,下降 3,,7063423,000cchEp2CGNEf,https://y.qq.com/n/ryqq/toplist/26
2026-07-31,2026-07-31T16:23:23+08:00,QQ音乐,热歌榜,热歌榜,2026-07-31,83,海屿你 (破碎版),白慕寒,下降 22,,638781692,004XiRpR3QMgTR,https://y.qq.com/n/ryqq/toplist/26
2026-07-31,2026-07-31T16:23:23+08:00,QQ音乐,热歌榜,热歌榜,2026-07-31,84,Copines,Aya Nakamura,上升 31,,221075279,000cg2qP1c8ceJ,https://y.qq.com/n/ryqq/toplist/26
2026-07-31,2026-07-31T16:23:23+08:00,QQ音乐,热歌榜,热歌榜,2026-07-31,85,同花顺,林倛玉,下降 16,,103970682,004789lA4cH3Kq,https://y.qq.com/n/ryqq/toplist/26
2026-07-31,2026-07-31T16:23:23+08:00,QQ音乐,热歌榜,热歌榜,2026-07-31,86,句号,G.E.M. 邓紫棋,下降 9,,247347346,0049MVh824D7bM,https://y.qq.com/n/ryqq/toplist/26
2026-07-31,2026-07-31T16:23:23+08:00,QQ音乐,热歌榜,热歌榜,2026-07-31,87,半壶纱,刘珂矣,上升 9,,7048773,0009EZjm1c7iQe,https://y.qq.com/n/ryqq/toplist/26
2026-07-31,2026-07-31T16:23:23+08:00,QQ音乐,热歌榜,热歌榜,2026-07-31,88,爱我还是他,陶喆,下降 1,,7211247,003ofGzS3C23Ow,https://y.qq.com/n/ryqq/toplist/26
2026-07-31,2026-07-31T16:23:23+08:00,QQ音乐,热歌榜,热歌榜,2026-07-31,89,青花,周传雄,上升 6,,102204539,001Vj7aX0PixwV,https://y.qq.com/n/ryqq/toplist/26
2026-07-31,2026-07-31T16:23:23+08:00,QQ音乐,热歌榜,热歌榜,2026-07-31,90,愿与愁,林俊杰,0,,405007729,004ZOIop1doXru,https://y.qq.com/n/ryqq/toplist/26
2026-07-31,2026-07-31T16:23:23+08:00,QQ音乐,热歌榜,热歌榜,2026-07-31,91,出现又离开 (Live),梁博,下降 11,,231594573,000eQZ1q4g6AsF,https://y.qq.com/n/ryqq/toplist/26
2026-07-31,2026-07-31T16:23:23+08:00,QQ音乐,热歌榜,热歌榜,2026-07-31,92,如果爱忘了 (Live),汪苏泷/单依纯,下降 9,,471040573,001rd1S93gcWUF,https://y.qq.com/n/ryqq/toplist/26
2026-07-31,2026-07-31T16:23:23+08:00,QQ音乐,热歌榜,热歌榜,2026-07-31,93,吹吹山顶的风,巴扎黑,上升 16,,704031733,003fdCjM2I4CYg,https://y.qq.com/n/ryqq/toplist/26
2026-07-31,2026-07-31T16:23:23+08:00,QQ音乐,热歌榜,热歌榜,2026-07-31,94,红尘客栈,周杰伦,下降 5,,5177680,003Ow85E3pnoqi,https://y.qq.com/n/ryqq/toplist/26
2026-07-31,2026-07-31T16:23:23+08:00,QQ音乐,热歌榜,热歌榜,2026-07-31,95,IF YOU,BIGBANG (빅뱅),下降 13,,102793935,001xpUdt2jEjWu,https://y.qq.com/n/ryqq/toplist/26
2026-07-31,2026-07-31T16:23:23+08:00,QQ音乐,热歌榜,热歌榜,2026-07-31,96,那些你很冒险的梦,林俊杰,下降 8,,102388808,002PQCmo2azasb,https://y.qq.com/n/ryqq/toplist/26
2026-07-31,2026-07-31T16:23:23+08:00,QQ音乐,热歌榜,热歌榜,2026-07-31,97,后来,刘若英,0,,4830150,0017zqT34WuQwa,https://y.qq.com/n/ryqq/toplist/26
2026-07-31,2026-07-31T16:23:23+08:00,QQ音乐,热歌榜,热歌榜,2026-07-31,98,有何不可,许嵩,下降 6,,102296985,002KSDg90IaScI,https://y.qq.com/n/ryqq/toplist/26
2026-07-31,2026-07-31T16:23:23+08:00,QQ音乐,热歌榜,热歌榜,2026-07-31,99,Love Story,Taylor Swift,下降 13,,639141,002Q1XUj3HBAzw,https://y.qq.com/n/ryqq/toplist/26
2026-07-31,2026-07-31T16:23:23+08:00,QQ音乐,热歌榜,热歌榜,2026-07-31,100,下一个天亮,郭静,下降 6,,876541,003PKZMI1Wyx1A,https://y.qq.com/n/ryqq/toplist/26
2026-07-31,2026-07-31T16:23:23+08:00,QQ音乐,飙升榜,飙升榜,2026-07-31,1,也许你就在对岸,张杰,热度 116%,,711540473,002iSmQU4DC9Eu,https://y.qq.com/n/ryqq/toplist/62
2026-07-31,2026-07-31T16:23:23+08:00,QQ音乐,飙升榜,飙升榜,2026-07-31,2,放弃的界限,张敬轩,热度 30%,,711718359,000El1e90HegZ3,https://y.qq.com/n/ryqq/toplist/62
2026-07-31,2026-07-31T16:23:23+08:00,QQ音乐,飙升榜,飙升榜,2026-07-31,3,听无声处,周深,热度 30%,,711420775,003dp1Ci3lRogC,https://y.qq.com/n/ryqq/toplist/62
2026-07-31,2026-07-31T16:23:23+08:00,QQ音乐,飙升榜,飙升榜,2026-07-31,4,讨厌情歌,张艺兴,热度 25%,,697611948,001w138z3PZEcz,https://y.qq.com/n/ryqq/toplist/62
2026-07-31,2026-07-31T16:23:23+08:00,QQ音乐,飙升榜,飙升榜,2026-07-31,5,休止符,张艺兴,热度 19%,,697611956,001w138z3PZEcz,https://y.qq.com/n/ryqq/toplist/62
2026-07-31,2026-07-31T16:23:23+08:00,QQ音乐,飙升榜,飙升榜,2026-07-31,6,But You Don't Know Me,张艺兴,热度 16%,,697611947,001w138z3PZEcz,https://y.qq.com/n/ryqq/toplist/62
2026-07-31,2026-07-31T16:23:23+08:00,QQ音乐,飙升榜,飙升榜,2026-07-31,7,Stutter Love,张艺兴,热度 14%,,697611918,001w138z3PZEcz,https://y.qq.com/n/ryqq/toplist/62
2026-07-31,2026-07-31T16:23:23+08:00,QQ音乐,飙升榜,飙升榜,2026-07-31,8,You Are,李昊,热度 11%,,709962879,000hBKyy07sdh6,https://y.qq.com/n/ryqq/toplist/62
2026-07-31,2026-07-31T16:23:23+08:00,QQ音乐,飙升榜,飙升榜,2026-07-31,9,비행기 (feat. 츄 (CHUU)) (Airplane),HANHAE (한해)/문세윤 (文世允)/츄 (CHUU),热度 9%,,663380102,0040oZAU4KPvHS,https://y.qq.com/n/ryqq/toplist/62
2026-07-31,2026-07-31T16:23:23+08:00,QQ音乐,飙升榜,飙升榜,2026-07-31,10,童话,光良,热度 8%,,4830267,002AaUF60cnS3w,https://y.qq.com/n/ryqq/toplist/62
2026-07-31,2026-07-31T16:23:23+08:00,QQ音乐,飙升榜,飙升榜,2026-07-31,11,LEGEND,沈小婷 (XIAOTING),热度 8%,,711693709,001iy3O214yJmL,https://y.qq.com/n/ryqq/toplist/62
2026-07-31,2026-07-31T16:23:23+08:00,QQ音乐,飙升榜,飙升榜,2026-07-31,12,无名之辈,陈雪燃,热度 7%,,127045912,000V8cXJ1hSjke,https://y.qq.com/n/ryqq/toplist/62
2026-07-31,2026-07-31T16:23:23+08:00,QQ音乐,飙升榜,飙升榜,2026-07-31,13,幻听,许嵩,热度 7%,,1531817,004RbL3b0BDIe2,https://y.qq.com/n/ryqq/toplist/62
2026-07-31,2026-07-31T16:23:23+08:00,QQ音乐,飙升榜,飙升榜,2026-07-31,14,泪海,许茹芸,热度 7%,,106585340,001Ugmj01giuzO,https://y.qq.com/n/ryqq/toplist/62
2026-07-31,2026-07-31T16:23:23+08:00,QQ音乐,飙升榜,飙升榜,2026-07-31,15,香,张艺兴,热度 7%,,697611936,001w138z3PZEcz,https://y.qq.com/n/ryqq/toplist/62
2026-07-31,2026-07-31T16:23:23+08:00,QQ音乐,飙升榜,飙升榜,2026-07-31,16,山风山风等等我,万海东,热度 7%,,708639670,002O92eu0Jubpi,https://y.qq.com/n/ryqq/toplist/62
2026-07-31,2026-07-31T16:23:23+08:00,QQ音乐,飙升榜,飙升榜,2026-07-31,17,人间共鸣,李健,热度 6%,,641742655,003RVJjp1svtyz,https://y.qq.com/n/ryqq/toplist/62
2026-07-31,2026-07-31T16:23:23+08:00,QQ音乐,飙升榜,飙升榜,2026-07-31,18,吹吹山顶的风,巴扎黑,热度 6%,,704031733,003fdCjM2I4CYg,https://y.qq.com/n/ryqq/toplist/62
2026-07-31,2026-07-31T16:23:23+08:00,QQ音乐,飙升榜,飙升榜,2026-07-31,19,当星星落下来,刘思鉴,热度 6%,,439510364,002qrhZd1axJcr,https://y.qq.com/n/ryqq/toplist/62
2026-07-31,2026-07-31T16:23:23+08:00,QQ音乐,飙升榜,飙升榜,2026-07-31,20,北京的雨,张艺兴,热度 6%,,697611951,001w138z3PZEcz,https://y.qq.com/n/ryqq/toplist/62
2026-07-31,2026-07-31T16:23:23+08:00,QQ音乐,飙升榜,飙升榜,2026-07-31,21,绛色的爱,张艺兴,热度 5%,,697611953,001w138z3PZEcz,https://y.qq.com/n/ryqq/toplist/62
2026-07-31,2026-07-31T16:23:23+08:00,QQ音乐,飙升榜,飙升榜,2026-07-31,22,Call My Name,张艺兴,热度 5%,,692853408,001w138z3PZEcz,https://y.qq.com/n/ryqq/toplist/62
2026-07-31,2026-07-31T16:23:23+08:00,QQ音乐,飙升榜,飙升榜,2026-07-31,23,INTRO,张艺兴,热度 5%,,697811338,001w138z3PZEcz,https://y.qq.com/n/ryqq/toplist/62
2026-07-31,2026-07-31T16:23:23+08:00,QQ音乐,飙升榜,飙升榜,2026-07-31,24,斗战胜佛,张艺兴,热度 5%,,697581244,001w138z3PZEcz,https://y.qq.com/n/ryqq/toplist/62
2026-07-31,2026-07-31T16:23:23+08:00,QQ音乐,飙升榜,飙升榜,2026-07-31,25,太阳,张艺兴,热度 5%,,697611916,001w138z3PZEcz,https://y.qq.com/n/ryqq/toplist/62
2026-07-31,2026-07-31T16:23:23+08:00,QQ音乐,飙升榜,飙升榜,2026-07-31,26,Dehors (Live),Jordann,热度 4%,,457608824,00373oN248uprz,https://y.qq.com/n/ryqq/toplist/62
2026-07-31,2026-07-31T16:23:23+08:00,QQ音乐,飙升榜,飙升榜,2026-07-31,27,知了,陈默之,热度 4%,,482500528,000fHDnB1K1Hcf,https://y.qq.com/n/ryqq/toplist/62
2026-07-31,2026-07-31T16:23:23+08:00,QQ音乐,飙升榜,飙升榜,2026-07-31,28,飞行少年团 (空军招飞主题歌曲),易烊千玺,热度 4%,,711770874,000PqKbK3XBjFN,https://y.qq.com/n/ryqq/toplist/62
2026-07-31,2026-07-31T16:23:23+08:00,QQ音乐,飙升榜,飙升榜,2026-07-31,29,Higher,张艺兴,热度 4%,,697581245,001w138z3PZEcz,https://y.qq.com/n/ryqq/toplist/62
2026-07-31,2026-07-31T16:23:23+08:00,QQ音乐,飙升榜,飙升榜,2026-07-31,30,爱谁谁,张艺兴,热度 4%,,697581246,001w138z3PZEcz,https://y.qq.com/n/ryqq/toplist/62
2026-07-31,2026-07-31T16:23:23+08:00,QQ音乐,飙升榜,飙升榜,2026-07-31,31,Again,张艺兴,热度 3%,,697581247,001w138z3PZEcz,https://y.qq.com/n/ryqq/toplist/62
2026-07-31,2026-07-31T16:23:23+08:00,QQ音乐,飙升榜,飙升榜,2026-07-31,32,执念,周宣绮/Kissper,热度 3%,,709590537,0049TK6X4MRx3n,https://y.qq.com/n/ryqq/toplist/62
2026-07-31,2026-07-31T16:23:23+08:00,QQ音乐,飙升榜,飙升榜,2026-07-31,33,海屿你 (疯狂对你执着),王村长,热度 3%,,711127642,001kt3yN3704Vz,https://y.qq.com/n/ryqq/toplist/62
2026-07-31,2026-07-31T16:23:23+08:00,QQ音乐,飙升榜,飙升榜,2026-07-31,34,Falling Slowly,Glen Hansard/Marketa Irglova,热度 3%,,4840397,003NMyQh30fHlK,https://y.qq.com/n/ryqq/toplist/62
2026-07-31,2026-07-31T16:23:23+08:00,QQ音乐,飙升榜,飙升榜,2026-07-31,35,Living,张艺兴,热度 3%,,697581249,001w138z3PZEcz,https://y.qq.com/n/ryqq/toplist/62
2026-07-31,2026-07-31T16:23:23+08:00,QQ音乐,飙升榜,飙升榜,2026-07-31,36,意中人,张艺兴,热度 3%,,697581250,001w138z3PZEcz,https://y.qq.com/n/ryqq/toplist/62
2026-07-31,2026-07-31T16:23:23+08:00,QQ音乐,飙升榜,飙升榜,2026-07-31,37,碎碎念,队长,热度 3%,,448738462,000DTFwk0oV4YR,https://y.qq.com/n/ryqq/toplist/62
2026-07-31,2026-07-31T16:23:23+08:00,QQ音乐,飙升榜,飙升榜,2026-07-31,38,Smoke & Mirrors,张艺兴,热度 3%,,697581248,001w138z3PZEcz,https://y.qq.com/n/ryqq/toplist/62
2026-07-31,2026-07-31T16:23:23+08:00,QQ音乐,飙升榜,飙升榜,2026-07-31,39,文艺工作者,张艺兴,热度 3%,,697581253,001w138z3PZEcz,https://y.qq.com/n/ryqq/toplist/62
2026-07-31,2026-07-31T16:23:23+08:00,QQ音乐,飙升榜,飙升榜,2026-07-31,40,The Other Side Of Paradise (Explicit),Glass Animals,热度 3%,,319782348,001eucpH3ZIJnM,https://y.qq.com/n/ryqq/toplist/62
2026-07-31,2026-07-31T16:23:23+08:00,QQ音乐,飙升榜,飙升榜,2026-07-31,41,透不过的霾,杜宣达,热度 3%,,709604891,002Va6Iy2stlIC,https://y.qq.com/n/ryqq/toplist/62
2026-07-31,2026-07-31T16:23:23+08:00,QQ音乐,飙升榜,飙升榜,2026-07-31,42,Let Go,Beau Young Prince,热度 3%,,225090194,001m3z3o35FnnV,https://y.qq.com/n/ryqq/toplist/62
2026-07-31,2026-07-31T16:23:23+08:00,QQ音乐,飙升榜,飙升榜,2026-07-31,43,Diamonds (Album Version),Rihanna,热度 3%,,1955985,004XjD1J4KWSaZ,https://y.qq.com/n/ryqq/toplist/62
2026-07-31,2026-07-31T16:23:23+08:00,QQ音乐,飙升榜,飙升榜,2026-07-31,44,深夜豆浆店,陈添祥,热度 3%,,710458622,0041PEzr3VFsdl,https://y.qq.com/n/ryqq/toplist/62
2026-07-31,2026-07-31T16:23:23+08:00,QQ音乐,飙升榜,飙升榜,2026-07-31,45,爱你到100岁,逵逵爱唱歌（KuiKui）,热度 2%,,711151456,002Bhhx80USG3W,https://y.qq.com/n/ryqq/toplist/62
2026-07-31,2026-07-31T16:23:23+08:00,QQ音乐,飙升榜,飙升榜,2026-07-31,46,雪崩 (Live|典藏),魏如萱,热度 2%,,712008804,004AFT732yurno,https://y.qq.com/n/ryqq/toplist/62
2026-07-31,2026-07-31T16:23:23+08:00,QQ音乐,飙升榜,飙升榜,2026-07-31,47,Olympics,沈小婷 (XIAOTING),热度 2%,,711693734,001iy3O214yJmL,https://y.qq.com/n/ryqq/toplist/62
2026-07-31,2026-07-31T16:23:23+08:00,QQ音乐,飙升榜,飙升榜,2026-07-31,48,刻在我心底的名字,卢广仲,热度 2%,,316472364,004QG0W52P5GUq,https://y.qq.com/n/ryqq/toplist/62
2026-07-31,2026-07-31T16:23:23+08:00,QQ音乐,飙升榜,飙升榜,2026-07-31,49,错错错,张艺兴,热度 2%,,697581256,001w138z3PZEcz,https://y.qq.com/n/ryqq/toplist/62
2026-07-31,2026-07-31T16:23:23+08:00,QQ音乐,飙升榜,飙升榜,2026-07-31,50,시간을 거슬러 (时光倒流),LYn (린),热度 2%,,1111423,003Cndhn0Abu9U,https://y.qq.com/n/ryqq/toplist/62
2026-07-31,2026-07-31T16:23:23+08:00,QQ音乐,飙升榜,飙升榜,2026-07-31,51,LOVE SCENARIO (曾经爱过),iKON (아이콘),热度 2%,,212928794,003XJDGh4PzJVB,https://y.qq.com/n/ryqq/toplist/62
2026-07-31,2026-07-31T16:23:23+08:00,QQ音乐,飙升榜,飙升榜,2026-07-31,52,蜚蜚,陈僖仪,热度 2%,,102374181,001HINi340HHWN,https://y.qq.com/n/ryqq/toplist/62
2026-07-31,2026-07-31T16:23:23+08:00,QQ音乐,飙升榜,飙升榜,2026-07-31,53,还魂门,胡彦斌,热度 2%,,107602121,003oId0h1W92Ho,https://y.qq.com/n/ryqq/toplist/62
2026-07-31,2026-07-31T16:23:23+08:00,QQ音乐,飙升榜,飙升榜,2026-07-31,54,雅俗共赏,许嵩,热度 2%,,106034300,000LfSb70Ewn3w,https://y.qq.com/n/ryqq/toplist/62
2026-07-31,2026-07-31T16:23:23+08:00,QQ音乐,飙升榜,飙升榜,2026-07-31,55,透明爱人,白鹿,热度 2%,,690156990,000X6xk91ufpTC,https://y.qq.com/n/ryqq/toplist/62
2026-07-31,2026-07-31T16:23:23+08:00,QQ音乐,飙升榜,飙升榜,2026-07-31,56,白马,于一一,热度 2%,,705317980,0010m01W2BLTbN,https://y.qq.com/n/ryqq/toplist/62
2026-07-31,2026-07-31T16:23:23+08:00,QQ音乐,飙升榜,飙升榜,2026-07-31,57,小跳蛙,青蛙乐队,热度 2%,,654027,001bzVl70hm0zN,https://y.qq.com/n/ryqq/toplist/62
2026-07-31,2026-07-31T16:23:23+08:00,QQ音乐,飙升榜,飙升榜,2026-07-31,58,It's Only Rain,Euge Groove,热度 2%,,234342613,001cbxmu3L50aU,https://y.qq.com/n/ryqq/toplist/62
2026-07-31,2026-07-31T16:23:23+08:00,QQ音乐,飙升榜,飙升榜,2026-07-31,59,天下,张杰,热度 2%,,273032704,000pVkCf3KsUQ9,https://y.qq.com/n/ryqq/toplist/62
2026-07-31,2026-07-31T16:23:23+08:00,QQ音乐,飙升榜,飙升榜,2026-07-31,60,喜剧之王,李荣浩,热度 2%,,9106121,001FOctH2oGoAx,https://y.qq.com/n/ryqq/toplist/62
2026-07-31,2026-07-31T16:23:23+08:00,QQ音乐,飙升榜,飙升榜,2026-07-31,61,无悔这一生,BEYOND,热度 2%,,711873607,0002nj7O37zZkR,https://y.qq.com/n/ryqq/toplist/62
2026-07-31,2026-07-31T16:23:23+08:00,QQ音乐,飙升榜,飙升榜,2026-07-31,62,一生所爱,卢冠廷/莫文蔚,热度 2%,,1727258,001UAAKE4QJguW,https://y.qq.com/n/ryqq/toplist/62
2026-07-31,2026-07-31T16:23:23+08:00,QQ音乐,飙升榜,飙升榜,2026-07-31,63,回到过去,周杰伦,热度 2%,,97767,004MGitN0zEHpb,https://y.qq.com/n/ryqq/toplist/62
2026-07-31,2026-07-31T16:23:23+08:00,QQ音乐,飙升榜,飙升榜,2026-07-31,64,Copines,Aya Nakamura,热度 2%,,221075279,000cg2qP1c8ceJ,https://y.qq.com/n/ryqq/toplist/62
2026-07-31,2026-07-31T16:23:23+08:00,QQ音乐,飙升榜,飙升榜,2026-07-31,65,你，好不好？,Eric周兴哲,热度 2%,,106484065,0006IDMj47WGBM,https://y.qq.com/n/ryqq/toplist/62
2026-07-31,2026-07-31T16:23:23+08:00,QQ音乐,飙升榜,飙升榜,2026-07-31,66,灰色头像,许嵩,热度 2%,,651380,002CJON012PxwU,https://y.qq.com/n/ryqq/toplist/62
2026-07-31,2026-07-31T16:23:23+08:00,QQ音乐,飙升榜,飙升榜,2026-07-31,67,多余的解释,许嵩,热度 2%,,460866,002KSDg90IaScI,https://y.qq.com/n/ryqq/toplist/62
2026-07-31,2026-07-31T16:23:23+08:00,QQ音乐,飙升榜,飙升榜,2026-07-31,68,庐州月,许嵩,热度 2%,,651382,002CJON012PxwU,https://y.qq.com/n/ryqq/toplist/62
2026-07-31,2026-07-31T16:23:23+08:00,QQ音乐,飙升榜,飙升榜,2026-07-31,69,爱你太多,刘一手,热度 1%,,711701175,002BYJAV40Y92k,https://y.qq.com/n/ryqq/toplist/62
2026-07-31,2026-07-31T16:23:23+08:00,QQ音乐,飙升榜,飙升榜,2026-07-31,70,如果当时,许嵩,热度 1%,,460049,002KSDg90IaScI,https://y.qq.com/n/ryqq/toplist/62
2026-07-31,2026-07-31T16:23:23+08:00,QQ音乐,飙升榜,飙升榜,2026-07-31,71,Back In Black,AC/DC,热度 1%,,293434,002WowIL1VI5ID,https://y.qq.com/n/ryqq/toplist/62
2026-07-31,2026-07-31T16:23:23+08:00,QQ音乐,飙升榜,飙升榜,2026-07-31,72,刚刚好,薛之谦,热度 1%,,107192538,000dcZ9I1nzO62,https://y.qq.com/n/ryqq/toplist/62
2026-07-31,2026-07-31T16:23:23+08:00,QQ音乐,飙升榜,飙升榜,2026-07-31,73,山水之间,许嵩,热度 1%,,7062415,000lCG1q4EGdV4,https://y.qq.com/n/ryqq/toplist/62
2026-07-31,2026-07-31T16:23:23+08:00,QQ音乐,飙升榜,飙升榜,2026-07-31,74,渡口,蔡琴,热度 1%,,4836827,004P3Tg53u1o9m,https://y.qq.com/n/ryqq/toplist/62
2026-07-31,2026-07-31T16:23:23+08:00,QQ音乐,飙升榜,飙升榜,2026-07-31,75,春,黄龄,热度 1%,,711320307,002wjJj53VcWWQ,https://y.qq.com/n/ryqq/toplist/62
2026-07-31,2026-07-31T16:23:23+08:00,QQ音乐,飙升榜,飙升榜,2026-07-31,76,白龙马,吸引力组合,热度 1%,,9077847,000L6nUC4Ahw9t,https://y.qq.com/n/ryqq/toplist/62
2026-07-31,2026-07-31T16:23:23+08:00,QQ音乐,飙升榜,飙升榜,2026-07-31,77,关山酒,草帽酱,热度 1%,,403986591,003l1lMo3OrTHC,https://y.qq.com/n/ryqq/toplist/62
2026-07-31,2026-07-31T16:23:23+08:00,QQ音乐,飙升榜,飙升榜,2026-07-31,78,骄傲,王源,热度 1%,,211747417,001zOySK0rotR5,https://y.qq.com/n/ryqq/toplist/62
2026-07-31,2026-07-31T16:23:23+08:00,QQ音乐,飙升榜,飙升榜,2026-07-31,79,Hey!Dream,HeyDream,热度 1%,,711704354,000JhZ8v18pOoG,https://y.qq.com/n/ryqq/toplist/62
2026-07-31,2026-07-31T16:23:23+08:00,QQ音乐,飙升榜,飙升榜,2026-07-31,80,天龙八部之宿敌,许嵩,热度 1%,,4829554,002JzRQD2zjvxG,https://y.qq.com/n/ryqq/toplist/62
2026-07-31,2026-07-31T16:23:23+08:00,QQ音乐,飙升榜,飙升榜,2026-07-31,81,略略略略略,TOP登陆少年组合,热度 1%,,689562303,002rYBVh2iOMHZ,https://y.qq.com/n/ryqq/toplist/62
2026-07-31,2026-07-31T16:23:23+08:00,QQ音乐,飙升榜,飙升榜,2026-07-31,82,Love Me Harder,Ariana Grande/The Weeknd,热度 1%,,8160379,004SDGTv1GJwte,https://y.qq.com/n/ryqq/toplist/62
2026-07-31,2026-07-31T16:23:23+08:00,QQ音乐,飙升榜,飙升榜,2026-07-31,83,断桥残雪,许嵩,热度 1%,,436088,001jmC6x1RMfh0,https://y.qq.com/n/ryqq/toplist/62
2026-07-31,2026-07-31T16:23:23+08:00,QQ音乐,飙升榜,飙升榜,2026-07-31,84,好想再爱你,潘广益,热度 1%,,5350362,001oc1YP1CEtrA,https://y.qq.com/n/ryqq/toplist/62
2026-07-31,2026-07-31T16:23:23+08:00,QQ音乐,飙升榜,飙升榜,2026-07-31,85,最佳歌手,许嵩,热度 1%,,106501705,000LfSb70Ewn3w,https://y.qq.com/n/ryqq/toplist/62
2026-07-31,2026-07-31T16:23:23+08:00,QQ音乐,飙升榜,飙升榜,2026-07-31,86,一场游戏一场梦,王杰,热度 1%,,228688,0026DG8k3Fw488,https://y.qq.com/n/ryqq/toplist/62
2026-07-31,2026-07-31T16:23:23+08:00,QQ音乐,飙升榜,飙升榜,2026-07-31,87,废活量,Dear Jane,热度 1%,,711426183,001VLBxr0MP2Pf,https://y.qq.com/n/ryqq/toplist/62
2026-07-31,2026-07-31T16:23:23+08:00,QQ音乐,飙升榜,飙升榜,2026-07-31,88,想象之中,许嵩,热度 1%,,818058,0048UsY21HmoMU,https://y.qq.com/n/ryqq/toplist/62
2026-07-31,2026-07-31T16:23:23+08:00,QQ音乐,飙升榜,飙升榜,2026-07-31,89,千百度,许嵩,热度 1%,,818067,0048UsY21HmoMU,https://y.qq.com/n/ryqq/toplist/62
2026-07-31,2026-07-31T16:23:23+08:00,QQ音乐,飙升榜,飙升榜,2026-07-31,90,剩下的盛夏,TFBOYS/嘻游记,热度 1%,,103751958,001rvkpT0so9Uk,https://y.qq.com/n/ryqq/toplist/62
2026-07-31,2026-07-31T16:23:23+08:00,QQ音乐,飙升榜,飙升榜,2026-07-31,91,爱你（把我们衣服纽扣互扣）,徐俊雅,热度 1%,,278198183,000dZOPZ1sD86T,https://y.qq.com/n/ryqq/toplist/62
2026-07-31,2026-07-31T16:23:23+08:00,QQ音乐,飙升榜,飙升榜,2026-07-31,92,江山为聘,胡夏,热度 1%,,710479189,000TOQjH4PGtdP,https://y.qq.com/n/ryqq/toplist/62
2026-07-31,2026-07-31T16:23:23+08:00,QQ音乐,飙升榜,飙升榜,2026-07-31,93,问爱,Yamy郭颖,热度 1%,,692540272,000nsQXX2AYOBd,https://y.qq.com/n/ryqq/toplist/62
2026-07-31,2026-07-31T16:23:23+08:00,QQ音乐,飙升榜,飙升榜,2026-07-31,94,我是如此相信,周杰伦,热度 1%,,247261229,001hGx1Z0so1YX,https://y.qq.com/n/ryqq/toplist/62
2026-07-31,2026-07-31T16:23:23+08:00,QQ音乐,飙升榜,飙升榜,2026-07-31,95,是你没选我啊,音乐科代表洪嘉源,热度 1%,,630715049,002kReUW3HgKhz,https://y.qq.com/n/ryqq/toplist/62
2026-07-31,2026-07-31T16:23:23+08:00,QQ音乐,飙升榜,飙升榜,2026-07-31,96,If You Want Me,Marketa Irglova/Glen Hansard,热度 1%,,4840398,003NMyQh30fHlK,https://y.qq.com/n/ryqq/toplist/62
2026-07-31,2026-07-31T16:23:23+08:00,QQ音乐,飙升榜,飙升榜,2026-07-31,97,躺着真舒服,时代少年团,热度 1%,,424083893,000baZsq3XftLq,https://y.qq.com/n/ryqq/toplist/62
2026-07-31,2026-07-31T16:23:23+08:00,QQ音乐,飙升榜,飙升榜,2026-07-31,98,社会摇,萧全,热度 1%,,102184416,001vW4XA35QKKW,https://y.qq.com/n/ryqq/toplist/62
2026-07-31,2026-07-31T16:23:23+08:00,QQ音乐,飙升榜,飙升榜,2026-07-31,99,Stories,齐豫,热度 1%,,325288,002PXFzT2OfnOr,https://y.qq.com/n/ryqq/toplist/62
2026-07-31,2026-07-31T16:23:23+08:00,QQ音乐,飙升榜,飙升榜,2026-07-31,100,春风何时来,巴扎黑,热度 1%,,465546369,003eZDqu2ReBvQ,https://y.qq.com/n/ryqq/toplist/62
2026-07-31,2026-07-31T16:23:23+08:00,酷狗音乐,热歌榜,酷狗TOP500,2026-07-31,1,山风山风等等我,万海东,,3:29,CE256D96F1F025D60468D8F0BC9EE64B,200106963,https://www.kugou.com/yy/rank/home/1-8888.html?from=rank
2026-07-31,2026-07-31T16:23:23+08:00,酷狗音乐,热歌榜,酷狗TOP500,2026-07-31,2,甲乙丙丁 (你我怎么两清),李佳薇,,3:30,213D580CA0BDCC28A5FDBA995FFDA106,197648995,https://www.kugou.com/yy/rank/home/1-8888.html?from=rank
2026-07-31,2026-07-31T16:23:23+08:00,酷狗音乐,热歌榜,酷狗TOP500,2026-07-31,3,唯我论者的独白,马嘉祺,,3:40,7251740620390DA2939069838804D0DA,200668871,https://www.kugou.com/yy/rank/home/1-8888.html?from=rank
2026-07-31,2026-07-31T16:23:23+08:00,酷狗音乐,热歌榜,酷狗TOP500,2026-07-31,4,吹吹山顶的风,巴扎黑,,2:59,87311B26EDEE637CA1448E14230BCB68,198304563,https://www.kugou.com/yy/rank/home/1-8888.html?from=rank
2026-07-31,2026-07-31T16:23:23+08:00,酷狗音乐,热歌榜,酷狗TOP500,2026-07-31,5,你有没有真的爱过我,阿图表妹,,4:03,FE39668F68770C3FB3BE57A3E86CCC10,190170015,https://www.kugou.com/yy/rank/home/1-8888.html?from=rank
2026-07-31,2026-07-31T16:23:23+08:00,酷狗音乐,热歌榜,酷狗TOP500,2026-07-31,6,失眠,Suki刘舒妤,,3:31,EC476A2009EF5DCAC13EDCD11870DF55,671621,https://www.kugou.com/yy/rank/home/1-8888.html?from=rank
2026-07-31,2026-07-31T16:23:23+08:00,酷狗音乐,热歌榜,酷狗TOP500,2026-07-31,7,也许你就在对岸,张杰,,3:00,4AD43FA556262579243CA41E8B898AE3,201303666,https://www.kugou.com/yy/rank/home/1-8888.html?from=rank
2026-07-31,2026-07-31T16:23:23+08:00,酷狗音乐,热歌榜,酷狗TOP500,2026-07-31,8,樱花草,Sweety,,4:44,F0B01830164E4974A2AC9E85DD446D45,507451,https://www.kugou.com/yy/rank/home/1-8888.html?from=rank
2026-07-31,2026-07-31T16:23:23+08:00,酷狗音乐,热歌榜,酷狗TOP500,2026-07-31,9,盛夏的果实,莫文蔚,,4:11,1C86CBC64AE9A6C3539A36CAADDF1A59,978378,https://www.kugou.com/yy/rank/home/1-8888.html?from=rank
2026-07-31,2026-07-31T16:23:23+08:00,酷狗音乐,热歌榜,酷狗TOP500,2026-07-31,10,踏马寻花向自由 (雷鬼版),超哥,,2:59,B5BA68A039E54847B4E14A46A268991B,194886112,https://www.kugou.com/yy/rank/home/1-8888.html?from=rank
2026-07-31,2026-07-31T16:23:23+08:00,酷狗音乐,热歌榜,酷狗TOP500,2026-07-31,11,岁月如笔写春秋,河南三妹5233,,4:11,5D4C2F9D994E5BECDC9BA0FBC6BD3DD8,191576482,https://www.kugou.com/yy/rank/home/1-8888.html?from=rank
2026-07-31,2026-07-31T16:23:23+08:00,酷狗音乐,热歌榜,酷狗TOP500,2026-07-31,12,人生路漫漫,白小白,,3:55,B8CA573A69DB5050C7EE0C1AB79144E5,179917533,https://www.kugou.com/yy/rank/home/1-8888.html?from=rank
2026-07-31,2026-07-31T16:23:23+08:00,酷狗音乐,热歌榜,酷狗TOP500,2026-07-31,13,梦哑,任然,,3:54,3194D1AA995469BEF8620E96989D6BA8,193630889,https://www.kugou.com/yy/rank/home/1-8888.html?from=rank
2026-07-31,2026-07-31T16:23:23+08:00,酷狗音乐,热歌榜,酷狗TOP500,2026-07-31,14,雨过后的风景,Dizzy Dizzo (蔡诗芸),,4:03,E3F046EDB5EB76BBA5A44FFA3D8F8C42,974143,https://www.kugou.com/yy/rank/home/1-8888.html?from=rank
2026-07-31,2026-07-31T16:23:23+08:00,酷狗音乐,热歌榜,酷狗TOP500,2026-07-31,15,黄昏 (纵然青丝如霜)(R&B版),落日微醺,,4:05,423FC1778078ACF260242626820E4244,194767721,https://www.kugou.com/yy/rank/home/1-8888.html?from=rank
2026-07-31,2026-07-31T16:23:23+08:00,酷狗音乐,热歌榜,酷狗TOP500,2026-07-31,16,恋人,李荣浩,,4:36,9DA7851E2BF83B18C74CBBAB461CEFDD,106374641,https://www.kugou.com/yy/rank/home/1-8888.html?from=rank
2026-07-31,2026-07-31T16:23:23+08:00,酷狗音乐,热歌榜,酷狗TOP500,2026-07-31,17,空心 (Live),黄霄雲、刘端端,,4:55,6F74F7B3D9B87CA771573ABD27B2A820,199810791,https://www.kugou.com/yy/rank/home/1-8888.html?from=rank
2026-07-31,2026-07-31T16:23:23+08:00,酷狗音乐,热歌榜,酷狗TOP500,2026-07-31,18,北方的后海没有海 (r&b微醺版),落日微醺,,3:26,DB3D10DE8DF3C5188EC036A9724F9418,196519034,https://www.kugou.com/yy/rank/home/1-8888.html?from=rank
2026-07-31,2026-07-31T16:23:23+08:00,酷狗音乐,热歌榜,酷狗TOP500,2026-07-31,19,求你别离开我 (因为我欠你太多),苏子欲,,4:55,8C7E878814996A87FB84AED479E8C4C6,199782537,https://www.kugou.com/yy/rank/home/1-8888.html?from=rank
2026-07-31,2026-07-31T16:23:23+08:00,酷狗音乐,热歌榜,酷狗TOP500,2026-07-31,20,雨爱,杨丞琳,,4:21,2592FFA57A2D8B1A16F18D991B7098CD,2694607,https://www.kugou.com/yy/rank/home/1-8888.html?from=rank
2026-07-31,2026-07-31T16:23:23+08:00,酷狗音乐,热歌榜,酷狗TOP500,2026-07-31,21,阴天,莫文蔚,,4:02,E4271CB5938F401AA283FBEA49223BF8,970575,https://www.kugou.com/yy/rank/home/1-8888.html?from=rank
2026-07-31,2026-07-31T16:23:23+08:00,酷狗音乐,热歌榜,酷狗TOP500,2026-07-31,22,海屿你,DJ铁柱,,4:33,741FD028FD4104B0C1E0017E33D23357,197102975,https://www.kugou.com/yy/rank/home/1-8888.html?from=rank
2026-07-31,2026-07-31T16:23:23+08:00,酷狗音乐,热歌榜,酷狗TOP500,2026-07-31,23,若不是因为你 (深情版),林栖,,4:13,6CCB2559DE8FC8965E98F641C4C33B6A,176013962,https://www.kugou.com/yy/rank/home/2-8888.html?from=rank
2026-07-31,2026-07-31T16:23:23+08:00,酷狗音乐,热歌榜,酷狗TOP500,2026-07-31,24,小半,陈粒,,4:57,AFEA9FFE5D7F0EF0874119A363820D33,1749208,https://www.kugou.com/yy/rank/home/2-8888.html?from=rank
2026-07-31,2026-07-31T16:23:23+08:00,酷狗音乐,热歌榜,酷狗TOP500,2026-07-31,25,踏马寻花向自由 (潇洒版),雷鬼叔,,2:49,2AB7A8EBAD8E05DEF40E7F9330FCB01E,198887108,https://www.kugou.com/yy/rank/home/2-8888.html?from=rank
2026-07-31,2026-07-31T16:23:23+08:00,酷狗音乐,热歌榜,酷狗TOP500,2026-07-31,26,Fever Pitch,Richz,,2:15,594B915AEEDA7DA8F5BD70B63EA76EAD,180499937,https://www.kugou.com/yy/rank/home/2-8888.html?from=rank
2026-07-31,2026-07-31T16:23:23+08:00,酷狗音乐,热歌榜,酷狗TOP500,2026-07-31,27,忘情牛肉面,马健涛,,3:02,E9E3E3F40397839A715537F5AA5C93CE,32988895,https://www.kugou.com/yy/rank/home/2-8888.html?from=rank
2026-07-31,2026-07-31T16:23:23+08:00,酷狗音乐,热歌榜,酷狗TOP500,2026-07-31,28,讨厌,芮恩,,4:18,C88A8D3EF16E2C4E944B947E0F56A7AD,2996887,https://www.kugou.com/yy/rank/home/2-8888.html?from=rank
2026-07-31,2026-07-31T16:23:23+08:00,酷狗音乐,热歌榜,酷狗TOP500,2026-07-31,29,Dehors (外面)(Single Version),Jordann,,3:15,3D6391A8A0FB81B62C68C6A4429F63FD,42153287,https://www.kugou.com/yy/rank/home/2-8888.html?from=rank
2026-07-31,2026-07-31T16:23:23+08:00,酷狗音乐,热歌榜,酷狗TOP500,2026-07-31,30,好想再爱你,潘广益,,4:31,B78BA4062528E712B68C42DC6A4D9AAE,957659,https://www.kugou.com/yy/rank/home/2-8888.html?from=rank
2026-07-31,2026-07-31T16:23:23+08:00,酷狗音乐,热歌榜,酷狗TOP500,2026-07-31,31,离开我的依赖,王艳薇,,3:54,A9C377CC1B9931F0CE81907E23E4D588,36181053,https://www.kugou.com/yy/rank/home/2-8888.html?from=rank
2026-07-31,2026-07-31T16:23:23+08:00,酷狗音乐,热歌榜,酷狗TOP500,2026-07-31,32,晴天,周杰伦,,4:29,B3A52A7A958BF0AED0EBFBA2E9A818B7,966846,https://www.kugou.com/yy/rank/home/2-8888.html?from=rank
2026-07-31,2026-07-31T16:23:23+08:00,酷狗音乐,热歌榜,酷狗TOP500,2026-07-31,33,偏爱,张芸京,,3:33,4A544525C1F78DBDF25361DB0E255495,968788,https://www.kugou.com/yy/rank/home/2-8888.html?from=rank
2026-07-31,2026-07-31T16:23:23+08:00,酷狗音乐,热歌榜,酷狗TOP500,2026-07-31,34,如约,周深,,3:56,A1082325C0D33E556D6BB6A4C2BA0C98,200721208,https://www.kugou.com/yy/rank/home/2-8888.html?from=rank
2026-07-31,2026-07-31T16:23:23+08:00,酷狗音乐,热歌榜,酷狗TOP500,2026-07-31,35,我不该动情,老板,,3:57,DFA780605FE78F1572761712931024A7,197593768,https://www.kugou.com/yy/rank/home/2-8888.html?from=rank
2026-07-31,2026-07-31T16:23:23+08:00,酷狗音乐,热歌榜,酷狗TOP500,2026-07-31,36,金达莱花 (猛Remix),猛弟/邹子寒,,2:18,E93CB193E4133C79EA9BCC9F852375AD,201184757,https://www.kugou.com/yy/rank/home/2-8888.html?from=rank
2026-07-31,2026-07-31T16:23:23+08:00,酷狗音乐,热歌榜,酷狗TOP500,2026-07-31,37,无人之岛,任然,,4:45,8E568D8806F771607104D8BF9695ACE0,2916172,https://www.kugou.com/yy/rank/home/2-8888.html?from=rank
2026-07-31,2026-07-31T16:23:23+08:00,酷狗音乐,热歌榜,酷狗TOP500,2026-07-31,38,Angel,尹美莱、Tiger JK、Bizzy,,4:15,157D75DA9A1B5B4FED6C529C2B1C2452,964390,https://www.kugou.com/yy/rank/home/2-8888.html?from=rank
2026-07-31,2026-07-31T16:23:23+08:00,酷狗音乐,热歌榜,酷狗TOP500,2026-07-31,39,街角的晚风,陈小春,,4:00,18B89D66950B7856EABB131BB6273F6E,169830039,https://www.kugou.com/yy/rank/home/2-8888.html?from=rank
2026-07-31,2026-07-31T16:23:23+08:00,酷狗音乐,热歌榜,酷狗TOP500,2026-07-31,40,黄昏,周传雄,,5:44,7DE9A9CD041157F6BF3FE9FFBCF120E3,964612,https://www.kugou.com/yy/rank/home/2-8888.html?from=rank
2026-07-31,2026-07-31T16:23:23+08:00,酷狗音乐,热歌榜,酷狗TOP500,2026-07-31,41,有风的日落,万海东,,3:49,94774F06E73EF9ABD739423E1A414593,181906094,https://www.kugou.com/yy/rank/home/2-8888.html?from=rank
2026-07-31,2026-07-31T16:23:23+08:00,酷狗音乐,热歌榜,酷狗TOP500,2026-07-31,42,爱旧爱 (怪我曾爱你爱的太深),恩几,,2:48,E8973BC4EF96021352693BBD9E34D9E2,200504903,https://www.kugou.com/yy/rank/home/2-8888.html?from=rank
2026-07-31,2026-07-31T16:23:23+08:00,酷狗音乐,热歌榜,酷狗TOP500,2026-07-31,43,童话,光良,,4:04,472FF9D57BCE90288EC88CBE100BCB2A,974097,https://www.kugou.com/yy/rank/home/2-8888.html?from=rank
2026-07-31,2026-07-31T16:23:23+08:00,酷狗音乐,热歌榜,酷狗TOP500,2026-07-31,44,红尘客栈,周杰伦,,4:34,48729371F20FB048EF4E51D4CD41DBF5,982051,https://www.kugou.com/yy/rank/home/2-8888.html?from=rank
2026-07-31,2026-07-31T16:23:23+08:00,酷狗音乐,热歌榜,酷狗TOP500,2026-07-31,45,最佳损友,陈奕迅,,3:54,CBFA7DDE592B23322E21E4BDAA9BE9F9,964332,https://www.kugou.com/yy/rank/home/3-8888.html?from=rank
2026-07-31,2026-07-31T16:23:23+08:00,酷狗音乐,热歌榜,酷狗TOP500,2026-07-31,46,泡泡,牛佳钰,,3:37,CB6BD8CDFF1DA01DAEF01C389CBAD645,37403884,https://www.kugou.com/yy/rank/home/3-8888.html?from=rank
2026-07-31,2026-07-31T16:23:23+08:00,酷狗音乐,热歌榜,酷狗TOP500,2026-07-31,47,我不难过,孙燕姿,,5:20,3FD7E1EC51122C745C637735C8BDE716,965883,https://www.kugou.com/yy/rank/home/3-8888.html?from=rank
2026-07-31,2026-07-31T16:23:23+08:00,酷狗音乐,热歌榜,酷狗TOP500,2026-07-31,48,街道,林俊杰,,4:02,D9DF39A88E29EADDB272A4B04393D357,963179,https://www.kugou.com/yy/rank/home/3-8888.html?from=rank
2026-07-31,2026-07-31T16:23:23+08:00,酷狗音乐,热歌榜,酷狗TOP500,2026-07-31,49,Amani (女声版),落日微醺,,3:54,0E1705D85CE6D8BE87784DFA9C9A5624,194642479,https://www.kugou.com/yy/rank/home/3-8888.html?from=rank
2026-07-31,2026-07-31T16:23:23+08:00,酷狗音乐,热歌榜,酷狗TOP500,2026-07-31,50,Copines,Aya Nakamura,,2:52,1CDA977A7FC0BCCC23BC7DF4D0194389,39155596,https://www.kugou.com/yy/rank/home/3-8888.html?from=rank
2026-07-31,2026-07-31T16:23:23+08:00,酷狗音乐,热歌榜,酷狗TOP500,2026-07-31,51,演员,薛之谦,,4:21,097E777171F692855EAE98B6965F9477,14456909,https://www.kugou.com/yy/rank/home/3-8888.html?from=rank
2026-07-31,2026-07-31T16:23:23+08:00,酷狗音乐,热歌榜,酷狗TOP500,2026-07-31,52,The Other Side Of Paradise (Explicit),Glass Animals,,5:21,222314858D998CCDDD4BF0B7BAF2F5A2,47764102,https://www.kugou.com/yy/rank/home/3-8888.html?from=rank
2026-07-31,2026-07-31T16:23:23+08:00,酷狗音乐,热歌榜,酷狗TOP500,2026-07-31,53,唯一,G.E.M. 邓紫棋,,4:14,AB05B8F658851282DCB2CBAD548AEB9B,82564821,https://www.kugou.com/yy/rank/home/3-8888.html?from=rank
2026-07-31,2026-07-31T16:23:23+08:00,酷狗音乐,热歌榜,酷狗TOP500,2026-07-31,54,情歌,梁静茹,,4:20,72DB6DA75FFE23A3A6361BDB8F44D5F4,2997268,https://www.kugou.com/yy/rank/home/3-8888.html?from=rank
2026-07-31,2026-07-31T16:23:23+08:00,酷狗音乐,热歌榜,酷狗TOP500,2026-07-31,55,爱错,王力宏,,3:59,8E021794DFD02C48D2C6281A55BCBDC6,2996462,https://www.kugou.com/yy/rank/home/3-8888.html?from=rank
2026-07-31,2026-07-31T16:23:23+08:00,酷狗音乐,热歌榜,酷狗TOP500,2026-07-31,56,枪火 (相对那就针锋相对),宝石Gem,,3:18,76923758046CB591DC9556D1FB69D976,154798334,https://www.kugou.com/yy/rank/home/3-8888.html?from=rank
2026-07-31,2026-07-31T16:23:23+08:00,酷狗音乐,热歌榜,酷狗TOP500,2026-07-31,57,我怀念的,孙燕姿,,4:49,1A3CAACB1E361DAF217A2383E9C8E292,984086,https://www.kugou.com/yy/rank/home/3-8888.html?from=rank
2026-07-31,2026-07-31T16:23:23+08:00,酷狗音乐,热歌榜,酷狗TOP500,2026-07-31,58,抽离,徐良、刘丹萌,,4:18,37A9C74C33A9FAEFF672CFDF4C699581,547514,https://www.kugou.com/yy/rank/home/3-8888.html?from=rank
2026-07-31,2026-07-31T16:23:23+08:00,酷狗音乐,热歌榜,酷狗TOP500,2026-07-31,59,茶花开了，该回家了,王睿卓、加木,,3:10,99F0F17B7C6F110346411E7AD552156D,133732298,https://www.kugou.com/yy/rank/home/3-8888.html?from=rank
2026-07-31,2026-07-31T16:23:23+08:00,酷狗音乐,热歌榜,酷狗TOP500,2026-07-31,60,来不及爱你,h3R3刘清云,,3:25,E3ED52965CEE83A40D73C5FB1DA7FF62,76488384,https://www.kugou.com/yy/rank/home/3-8888.html?from=rank
2026-07-31,2026-07-31T16:23:23+08:00,酷狗音乐,热歌榜,酷狗TOP500,2026-07-31,61,落红,小阿七,,3:35,7CDB99E96849CAD1C815E973712E8E71,199810619,https://www.kugou.com/yy/rank/home/3-8888.html?from=rank
2026-07-31,2026-07-31T16:23:23+08:00,酷狗音乐,热歌榜,酷狗TOP500,2026-07-31,62,坏女孩,徐良、小凌,,4:07,9365223F903B13D0DAF54B6091AC3E7B,511536,https://www.kugou.com/yy/rank/home/3-8888.html?from=rank
2026-07-31,2026-07-31T16:23:23+08:00,酷狗音乐,热歌榜,酷狗TOP500,2026-07-31,63,我不该动情 (藏语男女合唱版),万能和弦,,3:25,E1CDCF04108F3E2A756E3732E80EEF42,199546874,https://www.kugou.com/yy/rank/home/3-8888.html?from=rank
2026-07-31,2026-07-31T16:23:23+08:00,酷狗音乐,热歌榜,酷狗TOP500,2026-07-31,64,红色高跟鞋,蔡健雅,,3:27,055A804B8A3CCC05240D08F8FF1F7DE8,978459,https://www.kugou.com/yy/rank/home/3-8888.html?from=rank
2026-07-31,2026-07-31T16:23:23+08:00,酷狗音乐,热歌榜,酷狗TOP500,2026-07-31,65,野心家,张靓颖,,4:43,1789AD88CFDD254910125F22494C0E8B,161637189,https://www.kugou.com/yy/rank/home/3-8888.html?from=rank
2026-07-31,2026-07-31T16:23:23+08:00,酷狗音乐,热歌榜,酷狗TOP500,2026-07-31,66,半壶纱,刘珂矣,,3:41,951AB088C5A08F491471A1296DF93707,948327,https://www.kugou.com/yy/rank/home/3-8888.html?from=rank
2026-07-31,2026-07-31T16:23:23+08:00,酷狗音乐,热歌榜,酷狗TOP500,2026-07-31,67,开始懂了,孙燕姿,,4:32,93F260998A10F4AD6B46606AF5C8EC72,972102,https://www.kugou.com/yy/rank/home/4-8888.html?from=rank
2026-07-31,2026-07-31T16:23:23+08:00,酷狗音乐,热歌榜,酷狗TOP500,2026-07-31,68,心墙,郭静,,3:47,97870F3D4B01A7822DC497C6127EA66D,968033,https://www.kugou.com/yy/rank/home/4-8888.html?from=rank
2026-07-31,2026-07-31T16:23:23+08:00,酷狗音乐,热歌榜,酷狗TOP500,2026-07-31,69,玻璃,Gareth.T,,3:05,ED0ED6B17B6C29695E97F5CC945C7901,191663409,https://www.kugou.com/yy/rank/home/4-8888.html?from=rank
2026-07-31,2026-07-31T16:23:23+08:00,酷狗音乐,热歌榜,酷狗TOP500,2026-07-31,70,人间的剧本,老韩很哇塞,,3:18,F80698DAC679080F9E38F3DBB07BD17A,195240853,https://www.kugou.com/yy/rank/home/4-8888.html?from=rank
2026-07-31,2026-07-31T16:23:23+08:00,酷狗音乐,热歌榜,酷狗TOP500,2026-07-31,71,一直很安静,阿桑,,4:10,44816EF0288A3B1ED2C4A5C5FE6B93B3,972917,https://www.kugou.com/yy/rank/home/4-8888.html?from=rank
2026-07-31,2026-07-31T16:23:23+08:00,酷狗音乐,热歌榜,酷狗TOP500,2026-07-31,72,下完这场雨,后弦,,4:31,2EEFFF98A4F19D945BBA7C78FB2079C0,1964990,https://www.kugou.com/yy/rank/home/4-8888.html?from=rank
2026-07-31,2026-07-31T16:23:23+08:00,酷狗音乐,热歌榜,酷狗TOP500,2026-07-31,73,青花瓷,周杰伦,,3:59,37A8F50A9EC3B267C3CC6BEC633D9C4A,979856,https://www.kugou.com/yy/rank/home/4-8888.html?from=rank
2026-07-31,2026-07-31T16:23:23+08:00,酷狗音乐,热歌榜,酷狗TOP500,2026-07-31,74,光辉岁月,BEYOND,,5:04,BBFE9596615ADE83FF6B117831C45E4D,960181,https://www.kugou.com/yy/rank/home/4-8888.html?from=rank
2026-07-31,2026-07-31T16:23:23+08:00,酷狗音乐,热歌榜,酷狗TOP500,2026-07-31,75,其实,薛之谦,,4:02,2A8911EAD4838BF967CF5A300D787E53,960327,https://www.kugou.com/yy/rank/home/4-8888.html?from=rank
2026-07-31,2026-07-31T16:23:23+08:00,酷狗音乐,热歌榜,酷狗TOP500,2026-07-31,76,第57次取消发送,菲菲公主（陆绮菲）,,3:01,F17C489C53382E608F9CBB3ED9F6D2AA,137397074,https://www.kugou.com/yy/rank/home/4-8888.html?from=rank
2026-07-31,2026-07-31T16:23:23+08:00,酷狗音乐,热歌榜,酷狗TOP500,2026-07-31,77,山歌追上云朵,央金拉姆,,3:35,B81F368C6B44B98B0E2B4E9F417F1002,193932928,https://www.kugou.com/yy/rank/home/4-8888.html?from=rank
2026-07-31,2026-07-31T16:23:23+08:00,酷狗音乐,热歌榜,酷狗TOP500,2026-07-31,78,有些,颜人中,,3:49,D79E556C176AE1A3ADE8B532810C4CE8,34604592,https://www.kugou.com/yy/rank/home/4-8888.html?from=rank
2026-07-31,2026-07-31T16:23:23+08:00,酷狗音乐,热歌榜,酷狗TOP500,2026-07-31,79,后会无期,汪苏泷、徐良,,3:32,5F86140467A73FBF9C4F339F7B9AFC2C,511536,https://www.kugou.com/yy/rank/home/4-8888.html?from=rank
2026-07-31,2026-07-31T16:23:23+08:00,酷狗音乐,热歌榜,酷狗TOP500,2026-07-31,80,泪海,许茹芸,,4:58,FBC174E7C22B9AF471B7B93A61751E1B,975212,https://www.kugou.com/yy/rank/home/4-8888.html?from=rank
2026-07-31,2026-07-31T16:23:23+08:00,酷狗音乐,热歌榜,酷狗TOP500,2026-07-31,81,爱情讯息,郭静,,4:41,D8E857250D8EEA9C5FAFDAF7857640A5,971139,https://www.kugou.com/yy/rank/home/4-8888.html?from=rank
2026-07-31,2026-07-31T16:23:23+08:00,酷狗音乐,热歌榜,酷狗TOP500,2026-07-31,82,搁浅,周杰伦,,4:00,8141FAA45AAD5BCFF5FF9873B89709E3,971783,https://www.kugou.com/yy/rank/home/4-8888.html?from=rank
2026-07-31,2026-07-31T16:23:23+08:00,酷狗音乐,热歌榜,酷狗TOP500,2026-07-31,83,稻香,周杰伦,,3:44,8909E1809908CD8E3BF6CF85D98B93F0,960399,https://www.kugou.com/yy/rank/home/4-8888.html?from=rank
2026-07-31,2026-07-31T16:23:23+08:00,酷狗音乐,热歌榜,酷狗TOP500,2026-07-31,84,岁月如笔写春秋,郭少杰,,4:11,6FCF099C6A88F85FC8417AFD452D54FD,190046745,https://www.kugou.com/yy/rank/home/4-8888.html?from=rank
2026-07-31,2026-07-31T16:23:23+08:00,酷狗音乐,热歌榜,酷狗TOP500,2026-07-31,85,烟火 (孤孤单单一个人),京六,,4:06,495D65F83F80948BE9E2683AEFD0E20A,198377118,https://www.kugou.com/yy/rank/home/4-8888.html?from=rank
2026-07-31,2026-07-31T16:23:23+08:00,酷狗音乐,热歌榜,酷狗TOP500,2026-07-31,86,我们俩,郭顶,,3:14,DD4D224BC3DBFD1A0F6E338928620E69,979601,https://www.kugou.com/yy/rank/home/4-8888.html?from=rank
2026-07-31,2026-07-31T16:23:23+08:00,酷狗音乐,热歌榜,酷狗TOP500,2026-07-31,87,后来,刘若英,,5:38,C4904D4E3BBA872D41D3BDBF597E2B18,16562,https://www.kugou.com/yy/rank/home/4-8888.html?from=rank
2026-07-31,2026-07-31T16:23:23+08:00,酷狗音乐,热歌榜,酷狗TOP500,2026-07-31,88,见山河,刘宇宁,,4:14,080BD4AB6E6F09A5DDD715863D0DEFC3,200755323,https://www.kugou.com/yy/rank/home/4-8888.html?from=rank
2026-07-31,2026-07-31T16:23:23+08:00,酷狗音乐,热歌榜,酷狗TOP500,2026-07-31,89,背对背拥抱,林俊杰,,3:55,D3CB60981A747455AE3142C25809051E,975828,https://www.kugou.com/yy/rank/home/5-8888.html?from=rank
2026-07-31,2026-07-31T16:23:23+08:00,酷狗音乐,热歌榜,酷狗TOP500,2026-07-31,90,等一分钟,徐誉滕,,3:56,52ED380B09C692BDF4CE65FD56D918F3,2530746,https://www.kugou.com/yy/rank/home/5-8888.html?from=rank
2026-07-31,2026-07-31T16:23:23+08:00,酷狗音乐,热歌榜,酷狗TOP500,2026-07-31,91,告白气球,周杰伦,,3:36,688857974673645CE89EDA26A36DB19D,1645030,https://www.kugou.com/yy/rank/home/5-8888.html?from=rank
2026-07-31,2026-07-31T16:23:23+08:00,酷狗音乐,热歌榜,酷狗TOP500,2026-07-31,92,富士山下,陈奕迅,,4:19,0433F1A94FA162B20FB8AE576A951D6B,976404,https://www.kugou.com/yy/rank/home/5-8888.html?from=rank
2026-07-31,2026-07-31T16:23:23+08:00,酷狗音乐,热歌榜,酷狗TOP500,2026-07-31,93,We Don't Talk Anymore (Mr. Collipark Remix),Charlie Puth、Selena Gomez,,4:14,8F323B0610BE8D862B7CBB41C3398766,1746993,https://www.kugou.com/yy/rank/home/5-8888.html?from=rank
2026-07-31,2026-07-31T16:23:23+08:00,酷狗音乐,热歌榜,酷狗TOP500,2026-07-31,94,亲爱的你啊,任素汐,,3:56,C42C2C5C7A68CDAFBF543F29AF883B1D,144348541,https://www.kugou.com/yy/rank/home/5-8888.html?from=rank
2026-07-31,2026-07-31T16:23:23+08:00,酷狗音乐,热歌榜,酷狗TOP500,2026-07-31,95,勇气,梁静茹,,3:59,A4D0C350CF4475BFBB0AB28DC6E25A8D,973299,https://www.kugou.com/yy/rank/home/5-8888.html?from=rank
2026-07-31,2026-07-31T16:23:23+08:00,酷狗音乐,热歌榜,酷狗TOP500,2026-07-31,96,带我走,杨丞琳,,4:50,0C57DE35C3CB2A32A8CF634E4F8309C4,975441,https://www.kugou.com/yy/rank/home/5-8888.html?from=rank
2026-07-31,2026-07-31T16:23:23+08:00,酷狗音乐,热歌榜,酷狗TOP500,2026-07-31,97,西厢寻他,伯爵Johnny、唐伯虎Annie,,3:44,2B657B5B5D781C1A61D7E0D1F5E2DE22,53205523,https://www.kugou.com/yy/rank/home/5-8888.html?from=rank
2026-07-31,2026-07-31T16:23:23+08:00,酷狗音乐,热歌榜,酷狗TOP500,2026-07-31,98,落日微醺 (晚风中一杯酒),落日微醺,,4:14,CB22754AB8A0F20FCC015D0A800758CE,196517740,https://www.kugou.com/yy/rank/home/5-8888.html?from=rank
2026-07-31,2026-07-31T16:23:23+08:00,酷狗音乐,热歌榜,酷狗TOP500,2026-07-31,99,Two to Tango 交缠舞步,三Z-STUDIO、HOYO-MiX,,4:06,85E51E9D6A327465B25DE995B6D3D3A4,200711121,https://www.kugou.com/yy/rank/home/5-8888.html?from=rank
2026-07-31,2026-07-31T16:23:23+08:00,酷狗音乐,热歌榜,酷狗TOP500,2026-07-31,100,此生不换,青鸟飞鱼,,4:28,61AA3E30BF3F50F23FCAABD56DB46755,49812122,https://www.kugou.com/yy/rank/home/5-8888.html?from=rank
2026-07-31,2026-07-31T16:23:23+08:00,酷狗音乐,热歌榜,酷狗TOP500,2026-07-31,101,舍得,王唯旖,,4:22,62C406C76F45C3EF39F451F2C4F22D95,1944276,https://www.kugou.com/yy/rank/home/5-8888.html?from=rank
2026-07-31,2026-07-31T16:23:23+08:00,酷狗音乐,热歌榜,酷狗TOP500,2026-07-31,102,认真的雪,薛之谦,,4:19,D2E00CC158DB4DA18927AC3B01CC371B,2689239,https://www.kugou.com/yy/rank/home/5-8888.html?from=rank
2026-07-31,2026-07-31T16:23:23+08:00,酷狗音乐,热歌榜,酷狗TOP500,2026-07-31,103,猜不透,丁当,,3:53,B1B4CC4F4E90134603CE66CBCF8FA73B,973244,https://www.kugou.com/yy/rank/home/5-8888.html?from=rank
2026-07-31,2026-07-31T16:23:23+08:00,酷狗音乐,热歌榜,酷狗TOP500,2026-07-31,104,特别的人,方大同,,4:19,0F7A79ADAAEEB6EA1DA3E19DD637FD73,965097,https://www.kugou.com/yy/rank/home/5-8888.html?from=rank
2026-07-31,2026-07-31T16:23:23+08:00,酷狗音乐,热歌榜,酷狗TOP500,2026-07-31,105,可不可以,张紫豪,,4:01,6079A2ACBA5E782FE24695FDFCDB1887,9618875,https://www.kugou.com/yy/rank/home/5-8888.html?from=rank
2026-07-31,2026-07-31T16:23:23+08:00,酷狗音乐,热歌榜,酷狗TOP500,2026-07-31,106,哼着你爱听的歌,杨小壮,,3:21,BAF3B2A7AC043CDB154EBAFD69A6C76A,104507270,https://www.kugou.com/yy/rank/home/5-8888.html?from=rank
2026-07-31,2026-07-31T16:23:23+08:00,酷狗音乐,热歌榜,酷狗TOP500,2026-07-31,107,如愿,王菲,,4:25,EC1A18BBD6B61CB203E656B91F5CF2D1,49057589,https://www.kugou.com/yy/rank/home/5-8888.html?from=rank
2026-07-31,2026-07-31T16:23:23+08:00,酷狗音乐,热歌榜,酷狗TOP500,2026-07-31,108,江南,林俊杰,,4:28,B83DBB8E3DD3FCF86BF32690B91547F5,969588,https://www.kugou.com/yy/rank/home/5-8888.html?from=rank
2026-07-31,2026-07-31T16:23:23+08:00,酷狗音乐,热歌榜,酷狗TOP500,2026-07-31,109,海阔天空,BEYOND,,5:25,C41E80A18D1448FA47086372999C7F43,973001,https://www.kugou.com/yy/rank/home/5-8888.html?from=rank
2026-07-31,2026-07-31T16:23:23+08:00,酷狗音乐,热歌榜,酷狗TOP500,2026-07-31,110,Beauty And A Beat,Justin Bieber、Nicki Minaj,,3:47,FF5719341A9B004AA3E7312D617AE305,16996733,https://www.kugou.com/yy/rank/home/5-8888.html?from=rank
2026-07-31,2026-07-31T16:23:23+08:00,酷狗音乐,热歌榜,酷狗TOP500,2026-07-31,111,Always Online,林俊杰,,3:45,16A4E4895905B703AC0F31007A495D4C,963179,https://www.kugou.com/yy/rank/home/6-8888.html?from=rank
2026-07-31,2026-07-31T16:23:23+08:00,酷狗音乐,热歌榜,酷狗TOP500,2026-07-31,112,七里香,周杰伦,,4:59,9218D81686C6AC681BC7CA621958AD6D,971783,https://www.kugou.com/yy/rank/home/6-8888.html?from=rank
2026-07-31,2026-07-31T16:23:23+08:00,酷狗音乐,热歌榜,酷狗TOP500,2026-07-31,113,Baby,Justin Bieber、Ludacris,,3:37,493CD2904FAFDAEB8785CC83B8056F5A,508825,https://www.kugou.com/yy/rank/home/6-8888.html?from=rank
2026-07-31,2026-07-31T16:23:23+08:00,酷狗音乐,热歌榜,酷狗TOP500,2026-07-31,114,十年,陈奕迅,,3:25,5146461A5717B942F4B13125978618E3,504194,https://www.kugou.com/yy/rank/home/6-8888.html?from=rank
2026-07-31,2026-07-31T16:23:23+08:00,酷狗音乐,热歌榜,酷狗TOP500,2026-07-31,115,碎碎念,队长,,2:13,A823AE8D84854FD2EB5B8E599D1263FA,79831015,https://www.kugou.com/yy/rank/home/6-8888.html?from=rank
2026-07-31,2026-07-31T16:23:23+08:00,酷狗音乐,热歌榜,酷狗TOP500,2026-07-31,116,那时雨,徐良,,3:34,CE76C60251F6193BC5BBA5B46B977747,16900987,https://www.kugou.com/yy/rank/home/6-8888.html?from=rank
2026-07-31,2026-07-31T16:23:23+08:00,酷狗音乐,热歌榜,酷狗TOP500,2026-07-31,117,不将就,李荣浩,,5:12,E5F0905C662872A9B05A423FD1ED48B5,1004040,https://www.kugou.com/yy/rank/home/6-8888.html?from=rank
2026-07-31,2026-07-31T16:23:23+08:00,酷狗音乐,热歌榜,酷狗TOP500,2026-07-31,118,野心家 (Live),杨丞琳、黄霄雲,,4:41,60570F98B8DCE215882953F546BF27C5,200699351,https://www.kugou.com/yy/rank/home/6-8888.html?from=rank
2026-07-31,2026-07-31T16:23:23+08:00,酷狗音乐,热歌榜,酷狗TOP500,2026-07-31,119,至少还有你,林忆莲,,4:35,BA9D67DAB59FA6DCE243F4B6B70ACA95,967340,https://www.kugou.com/yy/rank/home/6-8888.html?from=rank
2026-07-31,2026-07-31T16:23:23+08:00,酷狗音乐,热歌榜,酷狗TOP500,2026-07-31,120,过火,张信哲,,5:02,E34CBC6EBE64B9EE9ADB5C46E2178A84,982639,https://www.kugou.com/yy/rank/home/6-8888.html?from=rank
2026-07-31,2026-07-31T16:23:23+08:00,酷狗音乐,热歌榜,酷狗TOP500,2026-07-31,121,为爱痴狂 (想要问问你敢不敢),金志文,,2:21,8CA8C420761A7C36FF16DD42FE5D331D,194629486,https://www.kugou.com/yy/rank/home/6-8888.html?from=rank
2026-07-31,2026-07-31T16:23:23+08:00,酷狗音乐,热歌榜,酷狗TOP500,2026-07-31,122,体面,于文文,,4:43,B0927C5353E9DD8BD72242BB730DAFF4,8149034,https://www.kugou.com/yy/rank/home/6-8888.html?from=rank
2026-07-31,2026-07-31T16:23:23+08:00,酷狗音乐,热歌榜,酷狗TOP500,2026-07-31,123,青花,周传雄,,4:58,09B46455BAE7C613ABD0DB362A5DDBDE,960448,https://www.kugou.com/yy/rank/home/6-8888.html?from=rank
2026-07-31,2026-07-31T16:23:23+08:00,酷狗音乐,热歌榜,酷狗TOP500,2026-07-31,124,多远都要在一起,G.E.M. 邓紫棋,,3:38,768F6FA531A3D883BE3F6C91AAF60612,555825,https://www.kugou.com/yy/rank/home/6-8888.html?from=rank
2026-07-31,2026-07-31T16:23:23+08:00,酷狗音乐,热歌榜,酷狗TOP500,2026-07-31,125,戒烟,李荣浩,,4:54,AF36A623D725B98893DAEFDF8010F22E,49390931,https://www.kugou.com/yy/rank/home/6-8888.html?from=rank
2026-07-31,2026-07-31T16:23:23+08:00,酷狗音乐,热歌榜,酷狗TOP500,2026-07-31,126,会呼吸的痛,梁静茹,,4:32,1EB00DC46AE8E1446B6A9860A56487AC,500574,https://www.kugou.com/yy/rank/home/6-8888.html?from=rank
2026-07-31,2026-07-31T16:23:23+08:00,酷狗音乐,热歌榜,酷狗TOP500,2026-07-31,127,遇见,孙燕姿,,3:31,9F865C787E90E013B2BC847BAAA306AA,964325,https://www.kugou.com/yy/rank/home/6-8888.html?from=rank
2026-07-31,2026-07-31T16:23:23+08:00,酷狗音乐,热歌榜,酷狗TOP500,2026-07-31,128,泡沫 (G.E.M.重生版),G.E.M. 邓紫棋,,4:18,53F2510610AC38F0C15F73B2605E5CEE,150256944,https://www.kugou.com/yy/rank/home/6-8888.html?from=rank
2026-07-31,2026-07-31T16:23:23+08:00,酷狗音乐,热歌榜,酷狗TOP500,2026-07-31,129,落了白,蒋雪儿Snow.J,,3:01,74390D89B6BD2E18CFD7F25968EFD98A,40300587,https://www.kugou.com/yy/rank/home/6-8888.html?from=rank
2026-07-31,2026-07-31T16:23:23+08:00,酷狗音乐,热歌榜,酷狗TOP500,2026-07-31,130,灰色轨迹,BEYOND,,5:28,4476FAA4B6567CCC2292BFBBCA93CB9C,39629213,https://www.kugou.com/yy/rank/home/6-8888.html?from=rank
2026-07-31,2026-07-31T16:23:23+08:00,酷狗音乐,热歌榜,酷狗TOP500,2026-07-31,131,以为有以后,李廷旭,,3:40,6E614BA7EC0D510401C6C68CD8628D8A,195258314,https://www.kugou.com/yy/rank/home/6-8888.html?from=rank
2026-07-31,2026-07-31T16:23:23+08:00,酷狗音乐,热歌榜,酷狗TOP500,2026-07-31,132,踏马寻花向自由,半吨兄弟,,2:59,6DD4615AB1A9D1C595CCC15E16597434,198491409,https://www.kugou.com/yy/rank/home/6-8888.html?from=rank
2026-07-31,2026-07-31T16:23:23+08:00,酷狗音乐,热歌榜,酷狗TOP500,2026-07-31,133,夜曲,周杰伦,,3:47,16C8AB298231370293D16BCF9E5FF9B6,958909,https://www.kugou.com/yy/rank/home/7-8888.html?from=rank
2026-07-31,2026-07-31T16:23:23+08:00,酷狗音乐,热歌榜,酷狗TOP500,2026-07-31,134,岸边客,夏子航（2603）,,4:32,E87EEB7804D4708714E6C38DE1F8E649,161846818,https://www.kugou.com/yy/rank/home/7-8888.html?from=rank
2026-07-31,2026-07-31T16:23:23+08:00,酷狗音乐,热歌榜,酷狗TOP500,2026-07-31,135,阳光下的星星,金海心,,4:44,8B60D8B58137C2D256DAA71B9D84C046,1738155,https://www.kugou.com/yy/rank/home/7-8888.html?from=rank
2026-07-31,2026-07-31T16:23:23+08:00,酷狗音乐,热歌榜,酷狗TOP500,2026-07-31,136,听说当初你找过我,贺一航,,4:06,8853D5BDDDE97FEACFAF65371B68AD57,1969900,https://www.kugou.com/yy/rank/home/7-8888.html?from=rank
2026-07-31,2026-07-31T16:23:23+08:00,酷狗音乐,热歌榜,酷狗TOP500,2026-07-31,137,慢冷 (Live),李荣浩,,2:44,3536800EC50F04EBF68FB22E7AF6B124,59599171,https://www.kugou.com/yy/rank/home/7-8888.html?from=rank
2026-07-31,2026-07-31T16:23:23+08:00,酷狗音乐,热歌榜,酷狗TOP500,2026-07-31,138,老男孩,筷子兄弟,,4:59,EB494F1F9199AA29F66E056F116D2F1C,17165001,https://www.kugou.com/yy/rank/home/7-8888.html?from=rank
2026-07-31,2026-07-31T16:23:23+08:00,酷狗音乐,热歌榜,酷狗TOP500,2026-07-31,139,可怜天下父母亲,马美如,,5:24,11615F1FB1C1167FF99091DEC6F08C7F,200962175,https://www.kugou.com/yy/rank/home/7-8888.html?from=rank
2026-07-31,2026-07-31T16:23:23+08:00,酷狗音乐,热歌榜,酷狗TOP500,2026-07-31,140,退后,周杰伦,,4:22,5971DE0B235D5B2708D6A6FEB3D31B6F,965291,https://www.kugou.com/yy/rank/home/7-8888.html?from=rank
2026-07-31,2026-07-31T16:23:23+08:00,酷狗音乐,热歌榜,酷狗TOP500,2026-07-31,141,失控,井迪,,4:15,44FE8C442EB1F254D15717F1DC03C9BF,40221609,https://www.kugou.com/yy/rank/home/7-8888.html?from=rank
2026-07-31,2026-07-31T16:23:23+08:00,酷狗音乐,热歌榜,酷狗TOP500,2026-07-31,142,关不上的窗,周传雄,,4:53,C9FF4C5E86A76043F004E3BB17E08942,982655,https://www.kugou.com/yy/rank/home/7-8888.html?from=rank
2026-07-31,2026-07-31T16:23:23+08:00,酷狗音乐,热歌榜,酷狗TOP500,2026-07-31,143,发如雪,周杰伦,,4:59,1F7E7659B9FFF4FB6F71562A61BBC25F,958909,https://www.kugou.com/yy/rank/home/7-8888.html?from=rank
2026-07-31,2026-07-31T16:23:23+08:00,酷狗音乐,热歌榜,酷狗TOP500,2026-07-31,144,人间共鸣,李健,,4:19,C9A5658204BD4E941F3DB2FB132D4968,176253415,https://www.kugou.com/yy/rank/home/7-8888.html?from=rank
2026-07-31,2026-07-31T16:23:23+08:00,酷狗音乐,热歌榜,酷狗TOP500,2026-07-31,145,一场游戏一场梦,王杰,,4:17,55340B431243FF5F112527EFC0591232,7547885,https://www.kugou.com/yy/rank/home/7-8888.html?from=rank
2026-07-31,2026-07-31T16:23:23+08:00,酷狗音乐,热歌榜,酷狗TOP500,2026-07-31,146,春娇与志明,街道办GDC、欧阳耀莹,,3:24,E84947402A5E0952FA067566C10264CB,8543461,https://www.kugou.com/yy/rank/home/7-8888.html?from=rank
2026-07-31,2026-07-31T16:23:23+08:00,酷狗音乐,热歌榜,酷狗TOP500,2026-07-31,147,讲不出再见,谭咏麟,,4:54,2E0BFDC7BA2F759B0208A58CB2C26523,2337635,https://www.kugou.com/yy/rank/home/7-8888.html?from=rank
2026-07-31,2026-07-31T16:23:23+08:00,酷狗音乐,热歌榜,酷狗TOP500,2026-07-31,148,兰亭序,周杰伦,,4:14,4EC10B1B7B9BEB2F0ADB89BBEC5F664B,960399,https://www.kugou.com/yy/rank/home/7-8888.html?from=rank
2026-07-31,2026-07-31T16:23:23+08:00,酷狗音乐,热歌榜,酷狗TOP500,2026-07-31,149,素颜,许嵩、何曼婷,,3:59,30C94AE2868E63B1058DA7685E0CDF3B,13264539,https://www.kugou.com/yy/rank/home/7-8888.html?from=rank
2026-07-31,2026-07-31T16:23:23+08:00,酷狗音乐,热歌榜,酷狗TOP500,2026-07-31,150,空心,光泽,,4:39,4465EE613CC3CF7DCF9448F8ACFED1CA,4141939,https://www.kugou.com/yy/rank/home/7-8888.html?from=rank
2026-07-31,2026-07-31T16:23:23+08:00,酷狗音乐,热歌榜,酷狗TOP500,2026-07-31,151,疑心病,任然,,4:43,9D8C7468BE4391B85794617090585646,1818864,https://www.kugou.com/yy/rank/home/7-8888.html?from=rank
2026-07-31,2026-07-31T16:23:23+08:00,酷狗音乐,热歌榜,酷狗TOP500,2026-07-31,152,你瞒我瞒,陈柏宇,,3:58,E8EE57D671769402710C4FF9259D841F,965453,https://www.kugou.com/yy/rank/home/7-8888.html?from=rank
2026-07-31,2026-07-31T16:23:23+08:00,酷狗音乐,热歌榜,酷狗TOP500,2026-07-31,153,美人鱼,林俊杰,,4:14,CDAE8C7E2FAF7F08DC18E78A1D65117B,969588,https://www.kugou.com/yy/rank/home/7-8888.html?from=rank
2026-07-31,2026-07-31T16:23:23+08:00,酷狗音乐,热歌榜,酷狗TOP500,2026-07-31,154,总有一天你会出现在我身边,棱镜乐队,,4:30,8E6A42453EF5B06A87772F8FF4AD5188,10808308,https://www.kugou.com/yy/rank/home/7-8888.html?from=rank
2026-07-31,2026-07-31T16:23:23+08:00,酷狗音乐,热歌榜,酷狗TOP500,2026-07-31,155,刻在我心底的名字,卢广仲,,5:20,5CDCAAF9E7B91E94FD012589D00FDBEA,39020767,https://www.kugou.com/yy/rank/home/8-8888.html?from=rank
2026-07-31,2026-07-31T16:23:23+08:00,酷狗音乐,热歌榜,酷狗TOP500,2026-07-31,156,千千阕歌,陈慧娴,,5:01,81E5A1C3B9E016D61FE91B809B4A7DC1,971621,https://www.kugou.com/yy/rank/home/8-8888.html?from=rank
2026-07-31,2026-07-31T16:23:23+08:00,酷狗音乐,热歌榜,酷狗TOP500,2026-07-31,157,后来的我们,五月天,,5:46,09120C11A5C376EC7D1640098FA70CDC,1748942,https://www.kugou.com/yy/rank/home/8-8888.html?from=rank
2026-07-31,2026-07-31T16:23:23+08:00,酷狗音乐,热歌榜,酷狗TOP500,2026-07-31,158,我知道,BY2,,4:10,38CB283F880797F94A80968E682191E2,530437,https://www.kugou.com/yy/rank/home/8-8888.html?from=rank
2026-07-31,2026-07-31T16:23:23+08:00,酷狗音乐,热歌榜,酷狗TOP500,2026-07-31,159,一路向北,周杰伦,,4:54,F73F22FB046CA1A135C70417163AF82E,1739223,https://www.kugou.com/yy/rank/home/8-8888.html?from=rank
2026-07-31,2026-07-31T16:23:23+08:00,酷狗音乐,热歌榜,酷狗TOP500,2026-07-31,160,说好的幸福呢,周杰伦,,4:17,892B7AD62499C97A1A994454423E30F6,960399,https://www.kugou.com/yy/rank/home/8-8888.html?from=rank
2026-07-31,2026-07-31T16:23:23+08:00,酷狗音乐,热歌榜,酷狗TOP500,2026-07-31,161,出现又离开 (Live),梁博,,6:43,DEAB3B0160E9A410CE0AAA9ED8AC602E,19284949,https://www.kugou.com/yy/rank/home/8-8888.html?from=rank
2026-07-31,2026-07-31T16:23:23+08:00,酷狗音乐,热歌榜,酷狗TOP500,2026-07-31,162,奢香夫人,凤凰传奇,,4:20,478C572FC9E2E15777A41260DEE293A0,984412,https://www.kugou.com/yy/rank/home/8-8888.html?from=rank
2026-07-31,2026-07-31T16:23:23+08:00,酷狗音乐,热歌榜,酷狗TOP500,2026-07-31,163,知了,陈默之,,3:52,FE6608CE529684B94CBA506E2B0C7BB6,91222498,https://www.kugou.com/yy/rank/home/8-8888.html?from=rank
2026-07-31,2026-07-31T16:23:23+08:00,酷狗音乐,热歌榜,酷狗TOP500,2026-07-31,164,蒲公英的约定,周杰伦,,4:07,A14373681262867AB43FEF5467F4CC1D,979856,https://www.kugou.com/yy/rank/home/8-8888.html?from=rank
2026-07-31,2026-07-31T16:23:23+08:00,酷狗音乐,热歌榜,酷狗TOP500,2026-07-31,165,失重色,SEHUN,,2:47,D2DA1C9830D995EA44C0FEC9960ED57D,201068419,https://www.kugou.com/yy/rank/home/8-8888.html?from=rank
2026-07-31,2026-07-31T16:23:23+08:00,酷狗音乐,热歌榜,酷狗TOP500,2026-07-31,166,一直下,陈宇祥,,2:59,90D1389A725B29EDA4714BACB6450C94,198016246,https://www.kugou.com/yy/rank/home/8-8888.html?from=rank
2026-07-31,2026-07-31T16:23:23+08:00,酷狗音乐,热歌榜,酷狗TOP500,2026-07-31,167,舍不得又没资格 (男女合唱版),弦外之音,,2:57,39DBF61AACB72EAEB828D89C947E8AC7,199845860,https://www.kugou.com/yy/rank/home/8-8888.html?from=rank
2026-07-31,2026-07-31T16:23:23+08:00,酷狗音乐,热歌榜,酷狗TOP500,2026-07-31,168,花海,周杰伦,,4:25,3328808CECBD1A1038166003840FDDD7,960399,https://www.kugou.com/yy/rank/home/8-8888.html?from=rank
2026-07-31,2026-07-31T16:23:23+08:00,酷狗音乐,热歌榜,酷狗TOP500,2026-07-31,169,说了再见,周杰伦,,4:43,966C718DA96EE29B3B466F773BFA9E2F,958812,https://www.kugou.com/yy/rank/home/8-8888.html?from=rank
2026-07-31,2026-07-31T16:23:23+08:00,酷狗音乐,热歌榜,酷狗TOP500,2026-07-31,170,茶花开了,王睿卓,,4:30,007A7A8EAFA3FF9EA51EF6A767AC3497,130468077,https://www.kugou.com/yy/rank/home/8-8888.html?from=rank
2026-07-31,2026-07-31T16:23:23+08:00,酷狗音乐,热歌榜,酷狗TOP500,2026-07-31,171,听风捎来旧时谣,窝窝,,3:17,EF86B368D2CDBC99A8FC00EF4FE7BBE4,195682602,https://www.kugou.com/yy/rank/home/8-8888.html?from=rank
2026-07-31,2026-07-31T16:23:23+08:00,酷狗音乐,热歌榜,酷狗TOP500,2026-07-31,172,相见恨晚,彭佳慧,,4:15,01214FB85BAF49AB74F10AFA4C363540,977553,https://www.kugou.com/yy/rank/home/8-8888.html?from=rank
2026-07-31,2026-07-31T16:23:23+08:00,酷狗音乐,热歌榜,酷狗TOP500,2026-07-31,173,Баллада (民谣),Xcho、Мот,,3:02,0B2EC37A6E065AD181378AAD27391F8F,91468549,https://www.kugou.com/yy/rank/home/8-8888.html?from=rank
2026-07-31,2026-07-31T16:23:23+08:00,酷狗音乐,热歌榜,酷狗TOP500,2026-07-31,174,三万英尺 (氛围版),瑞-Gary、东木木,,4:51,FE0AD509C6219D2CEAA68A3029B23805,200405242,https://www.kugou.com/yy/rank/home/8-8888.html?from=rank
2026-07-31,2026-07-31T16:23:23+08:00,酷狗音乐,热歌榜,酷狗TOP500,2026-07-31,175,只对你有感觉,飞轮海、田馥甄,,3:59,E400C3F475001BA5B0F197F2E1923F47,556347,https://www.kugou.com/yy/rank/home/8-8888.html?from=rank
2026-07-31,2026-07-31T16:23:23+08:00,酷狗音乐,热歌榜,酷狗TOP500,2026-07-31,176,曾经的你,许巍,,4:21,8D27A0FD0D8B6A9059D3FEEC95E2088D,976268,https://www.kugou.com/yy/rank/home/8-8888.html?from=rank
2026-07-31,2026-07-31T16:23:23+08:00,酷狗音乐,热歌榜,酷狗TOP500,2026-07-31,177,夏天的风,温岚,,4:01,50AF6B58086928F4A94170AFFAA12A2D,2997111,https://www.kugou.com/yy/rank/home/9-8888.html?from=rank
2026-07-31,2026-07-31T16:23:23+08:00,酷狗音乐,热歌榜,酷狗TOP500,2026-07-31,178,红颜旧 (氛围版),周深深,,3:48,76FA92299B2443816030D744CF70FA3B,198814170,https://www.kugou.com/yy/rank/home/9-8888.html?from=rank
2026-07-31,2026-07-31T16:23:23+08:00,酷狗音乐,热歌榜,酷狗TOP500,2026-07-31,179,烟花易冷,周杰伦,,4:23,B9FC03DF9015D6BFF0554A110BF2C84F,958812,https://www.kugou.com/yy/rank/home/9-8888.html?from=rank
2026-07-31,2026-07-31T16:23:23+08:00,酷狗音乐,热歌榜,酷狗TOP500,2026-07-31,180,成都,赵雷,,5:28,A06B033B356BFC974C5245D0195086A5,1802652,https://www.kugou.com/yy/rank/home/9-8888.html?from=rank
2026-07-31,2026-07-31T16:23:23+08:00,酷狗音乐,热歌榜,酷狗TOP500,2026-07-31,181,过海,王赫野、黄龄,,3:47,35405E44573EF6D9F2F0AB42AE8BD716,199401816,https://www.kugou.com/yy/rank/home/9-8888.html?from=rank
2026-07-31,2026-07-31T16:23:23+08:00,酷狗音乐,热歌榜,酷狗TOP500,2026-07-31,182,沦陷,贾格JuggShots,,3:04,64C2E5D33BE5F53758F3E96DC8EEC3C3,95717116,https://www.kugou.com/yy/rank/home/9-8888.html?from=rank
2026-07-31,2026-07-31T16:23:23+08:00,酷狗音乐,热歌榜,酷狗TOP500,2026-07-31,183,租购,薛之谦,,4:31,B96A6102B2238E21C463E96A7D81E840,130133801,https://www.kugou.com/yy/rank/home/9-8888.html?from=rank
2026-07-31,2026-07-31T16:23:23+08:00,酷狗音乐,热歌榜,酷狗TOP500,2026-07-31,184,是非题,莫文蔚,,4:07,60431D272D830AC994DF2584BA56D196,973717,https://www.kugou.com/yy/rank/home/9-8888.html?from=rank
2026-07-31,2026-07-31T16:23:23+08:00,酷狗音乐,热歌榜,酷狗TOP500,2026-07-31,185,什么是逍遥,王同学Able,,3:28,4BF659E4D3060B52D4F9925AF9D0CA02,45288306,https://www.kugou.com/yy/rank/home/9-8888.html?from=rank
2026-07-31,2026-07-31T16:23:23+08:00,酷狗音乐,热歌榜,酷狗TOP500,2026-07-31,186,可惜没如果,林俊杰,,4:58,57D6EAF8F7E593A2C4B780D8045DE5C1,542795,https://www.kugou.com/yy/rank/home/9-8888.html?from=rank
2026-07-31,2026-07-31T16:23:23+08:00,酷狗音乐,热歌榜,酷狗TOP500,2026-07-31,187,先说爱的人为什么先离开,田园,,3:40,6379393814B0A74AB7B87B2FA9E87689,107655422,https://www.kugou.com/yy/rank/home/9-8888.html?from=rank
2026-07-31,2026-07-31T16:23:23+08:00,酷狗音乐,热歌榜,酷狗TOP500,2026-07-31,188,我是真的爱上你,王杰,,5:03,7C353B672AC945A3FE56022000A239FE,2996801,https://www.kugou.com/yy/rank/home/9-8888.html?from=rank
2026-07-31,2026-07-31T16:23:23+08:00,酷狗音乐,热歌榜,酷狗TOP500,2026-07-31,189,深深浅浅悟人生,河南三妹5233,,3:18,37FAF97AA6053FE917A8A3647E1580A8,200832705,https://www.kugou.com/yy/rank/home/9-8888.html?from=rank
2026-07-31,2026-07-31T16:23:23+08:00,酷狗音乐,热歌榜,酷狗TOP500,2026-07-31,190,枫,周杰伦,,4:36,0D7E8C11C961A17EB8779FEB0CA772E3,958909,https://www.kugou.com/yy/rank/home/9-8888.html?from=rank
2026-07-31,2026-07-31T16:23:23+08:00,酷狗音乐,热歌榜,酷狗TOP500,2026-07-31,191,Radio (Dum-Dum),宋雨琦 (YUQI),,2:32,E8FFC3F649DA4476E2CEABFF3F94D103,140913986,https://www.kugou.com/yy/rank/home/9-8888.html?from=rank
2026-07-31,2026-07-31T16:23:23+08:00,酷狗音乐,热歌榜,酷狗TOP500,2026-07-31,192,在你的身边,盛哲,,4:22,38698C9A8BB6637CDDE413C6E210FA54,4128050,https://www.kugou.com/yy/rank/home/9-8888.html?from=rank
2026-07-31,2026-07-31T16:23:23+08:00,酷狗音乐,热歌榜,酷狗TOP500,2026-07-31,193,是你没选我啊,音乐科代表洪嘉源,,3:07,65D611715B7CC7131E6629F5E1745544,172307133,https://www.kugou.com/yy/rank/home/9-8888.html?from=rank
2026-07-31,2026-07-31T16:23:23+08:00,酷狗音乐,热歌榜,酷狗TOP500,2026-07-31,194,冲动的惩罚,刀郎,,7:54,84073718AE6A82366444C3B5AE526FAC,964521,https://www.kugou.com/yy/rank/home/9-8888.html?from=rank
2026-07-31,2026-07-31T16:23:23+08:00,酷狗音乐,热歌榜,酷狗TOP500,2026-07-31,195,Creepin' up on You,Darren Hayes,,4:53,6348CF4041BEE19FAD536C563C32695A,1593407,https://www.kugou.com/yy/rank/home/9-8888.html?from=rank
2026-07-31,2026-07-31T16:23:23+08:00,酷狗音乐,热歌榜,酷狗TOP500,2026-07-31,196,爱情转移,陈奕迅,,4:19,A549238FA1B05EABE841DFE110899647,962514,https://www.kugou.com/yy/rank/home/9-8888.html?from=rank
2026-07-31,2026-07-31T16:23:23+08:00,酷狗音乐,热歌榜,酷狗TOP500,2026-07-31,197,我好像在哪见过你,薛之谦,,4:39,6A350E487263733359E7F2B64BD974AC,1747549,https://www.kugou.com/yy/rank/home/9-8888.html?from=rank
2026-07-31,2026-07-31T16:23:23+08:00,酷狗音乐,热歌榜,酷狗TOP500,2026-07-31,198,去年夏天,王大毛,,4:05,5CD03A78A74761494A39CADFAA832550,8542577,https://www.kugou.com/yy/rank/home/9-8888.html?from=rank
2026-07-31,2026-07-31T16:23:23+08:00,酷狗音乐,热歌榜,酷狗TOP500,2026-07-31,199,Alive,Blue,,3:40,996EE22D2450A7C7528394F7F98432E6,560693,https://www.kugou.com/yy/rank/home/10-8888.html?from=rank
2026-07-31,2026-07-31T16:23:23+08:00,酷狗音乐,热歌榜,酷狗TOP500,2026-07-31,200,秋殇别恋 (男女撕裂对唱),梨子芥菜、戚悦,,4:19,CA8495DA3927226C0A3FBBD6B95B8315,190178204,https://www.kugou.com/yy/rank/home/10-8888.html?from=rank
2026-07-31,2026-07-31T16:23:23+08:00,酷狗音乐,热歌榜,酷狗TOP500,2026-07-31,201,勋章,鹿晗,,3:34,6FB3EB3F13CD64DF6E9784F6E487BAB1,2059004,https://www.kugou.com/yy/rank/home/10-8888.html?from=rank
2026-07-31,2026-07-31T16:23:23+08:00,酷狗音乐,热歌榜,酷狗TOP500,2026-07-31,202,全世界的雨,周深、Ella陈嘉桦,,4:08,88334169DA8F72EFA45C6211FD641737,199401705,https://www.kugou.com/yy/rank/home/10-8888.html?from=rank
2026-07-31,2026-07-31T16:23:23+08:00,酷狗音乐,热歌榜,酷狗TOP500,2026-07-31,203,执子之手,宝石Gem、哩哩,,3:10,A84D44A92F427A3198ECEE703B708478,61962429,https://www.kugou.com/yy/rank/home/10-8888.html?from=rank
2026-07-31,2026-07-31T16:23:23+08:00,酷狗音乐,热歌榜,酷狗TOP500,2026-07-31,204,琵琶曲,郑浩、冰洁,,3:55,244A022D6CB3FDE50B24E76402053EB3,180917343,https://www.kugou.com/yy/rank/home/10-8888.html?from=rank
2026-07-31,2026-07-31T16:23:23+08:00,酷狗音乐,热歌榜,酷狗TOP500,2026-07-31,205,下一个天亮,郭静,,4:27,7E2AD47232E7148C642B6836041826C9,971139,https://www.kugou.com/yy/rank/home/10-8888.html?from=rank
2026-07-31,2026-07-31T16:23:23+08:00,酷狗音乐,热歌榜,酷狗TOP500,2026-07-31,206,离人赋,云汐,,3:57,321EC3B1BB1D8F1D2EFB7A40AC911CA4,64168081,https://www.kugou.com/yy/rank/home/10-8888.html?from=rank
2026-07-31,2026-07-31T16:23:23+08:00,酷狗音乐,热歌榜,酷狗TOP500,2026-07-31,207,老人与海,海鸣威、吴琼,,4:26,64550F3E833ABE710545EA84FC82754E,1778632,https://www.kugou.com/yy/rank/home/10-8888.html?from=rank
2026-07-31,2026-07-31T16:23:23+08:00,酷狗音乐,热歌榜,酷狗TOP500,2026-07-31,208,谁 (男女扎心合唱),梨子芥菜、戚悦,,3:58,38DAABE4EEA0ADDC04897AC14E15B54E,185936379,https://www.kugou.com/yy/rank/home/10-8888.html?from=rank
2026-07-31,2026-07-31T16:23:23+08:00,酷狗音乐,热歌榜,酷狗TOP500,2026-07-31,209,最后一页,江语晨,,4:06,EF053996094A323B42C35195E9781A30,1596655,https://www.kugou.com/yy/rank/home/10-8888.html?from=rank
2026-07-31,2026-07-31T16:23:23+08:00,酷狗音乐,热歌榜,酷狗TOP500,2026-07-31,210,我走后,小咪,,4:08,00751DE0946619BCDE4A4E15397F2A15,22216764,https://www.kugou.com/yy/rank/home/10-8888.html?from=rank
2026-07-31,2026-07-31T16:23:23+08:00,酷狗音乐,热歌榜,酷狗TOP500,2026-07-31,211,英雄出处,高冷,,3:19,9CBBBCAAF22AA9C5A0D203C5924B3854,198302448,https://www.kugou.com/yy/rank/home/10-8888.html?from=rank
2026-07-31,2026-07-31T16:23:23+08:00,酷狗音乐,热歌榜,酷狗TOP500,2026-07-31,212,是我不够好,李毓芬,,3:37,2B152C85BA2B73CBC79EA722928EF425,1590098,https://www.kugou.com/yy/rank/home/10-8888.html?from=rank
2026-07-31,2026-07-31T16:23:23+08:00,酷狗音乐,热歌榜,酷狗TOP500,2026-07-31,213,忘了你忘了我,王杰,,4:38,95CBD367E98724883CA99874AD626446,962390,https://www.kugou.com/yy/rank/home/10-8888.html?from=rank
2026-07-31,2026-07-31T16:23:23+08:00,酷狗音乐,热歌榜,酷狗TOP500,2026-07-31,214,你懂我的眼泪,A江也眠,,2:59,FE39AF92D44C38DCB28F6F125EB33F3C,195545640,https://www.kugou.com/yy/rank/home/10-8888.html?from=rank
2026-07-31,2026-07-31T16:23:23+08:00,酷狗音乐,热歌榜,酷狗TOP500,2026-07-31,215,爱如潮水,张信哲,,4:31,7D372165ED6AD2C00DD2B473529BE9CE,538030,https://www.kugou.com/yy/rank/home/10-8888.html?from=rank
2026-07-31,2026-07-31T16:23:23+08:00,酷狗音乐,热歌榜,酷狗TOP500,2026-07-31,216,IF YOU,BIGBANG,,4:24,33C5FC6AB3AF0B5B142F12C9556CB178,549436,https://www.kugou.com/yy/rank/home/10-8888.html?from=rank
2026-07-31,2026-07-31T16:23:23+08:00,酷狗音乐,热歌榜,酷狗TOP500,2026-07-31,217,幻听,许嵩,,4:33,24F5E7555646965CD7D1A924452B3300,973046,https://www.kugou.com/yy/rank/home/10-8888.html?from=rank
2026-07-31,2026-07-31T16:23:23+08:00,酷狗音乐,热歌榜,酷狗TOP500,2026-07-31,218,老街,李荣浩,,5:19,30E7F7CCB57EB16D1BE3EC71D7ADB071,964378,https://www.kugou.com/yy/rank/home/10-8888.html?from=rank
2026-07-31,2026-07-31T16:23:23+08:00,酷狗音乐,热歌榜,酷狗TOP500,2026-07-31,219,有何不可,许嵩,,4:01,B3D5D7D3A140628D1605BD392467E348,973251,https://www.kugou.com/yy/rank/home/10-8888.html?from=rank
2026-07-31,2026-07-31T16:23:23+08:00,酷狗音乐,热歌榜,酷狗TOP500,2026-07-31,220,我的歌声里,曲婉婷,,3:37,227D8E7B7B6EAF7509BB345A7B718EB2,516422,https://www.kugou.com/yy/rank/home/10-8888.html?from=rank
2026-07-31,2026-07-31T16:23:23+08:00,酷狗音乐,热歌榜,酷狗TOP500,2026-07-31,221,西海情歌,刀郎,,5:43,0E5FB14E78AFF13C2DEF97C814537CB7,984281,https://www.kugou.com/yy/rank/home/11-8888.html?from=rank
2026-07-31,2026-07-31T16:23:23+08:00,酷狗音乐,热歌榜,酷狗TOP500,2026-07-31,222,如果可以,韦礼安,,4:34,70425DF5F0C9FCED5E0468189A7F4A70,49958186,https://www.kugou.com/yy/rank/home/11-8888.html?from=rank
2026-07-31,2026-07-31T16:23:23+08:00,酷狗音乐,热歌榜,酷狗TOP500,2026-07-31,223,最长的电影,周杰伦,,3:56,2F6D441163A92AEE5E52B8E94F36A3C7,979856,https://www.kugou.com/yy/rank/home/11-8888.html?from=rank
2026-07-31,2026-07-31T16:23:23+08:00,酷狗音乐,热歌榜,酷狗TOP500,2026-07-31,224,同花顺,林倛玉,,3:57,87C979FC3CBA27D6345528A1BEF05477,8603846,https://www.kugou.com/yy/rank/home/11-8888.html?from=rank
2026-07-31,2026-07-31T16:23:23+08:00,酷狗音乐,热歌榜,酷狗TOP500,2026-07-31,225,喜欢,阿肆,,4:10,F4233033E11BEF5AECD3BD64528A8236,14167090,https://www.kugou.com/yy/rank/home/11-8888.html?from=rank
2026-07-31,2026-07-31T16:23:23+08:00,酷狗音乐,热歌榜,酷狗TOP500,2026-07-31,226,水手,郑智化,,4:53,6DCF10DEA98A7C9F755BE385E822BE05,967718,https://www.kugou.com/yy/rank/home/11-8888.html?from=rank
2026-07-31,2026-07-31T16:23:23+08:00,酷狗音乐,热歌榜,酷狗TOP500,2026-07-31,227,珊瑚海,周杰伦、Lara梁心颐,,4:16,90E34F0C582168E7EA857915771AB220,958909,https://www.kugou.com/yy/rank/home/11-8888.html?from=rank
2026-07-31,2026-07-31T16:23:23+08:00,酷狗音乐,热歌榜,酷狗TOP500,2026-07-31,228,明天过后,张杰,,3:59,5B900D95E79765AE62664BE5C871DD9E,38606351,https://www.kugou.com/yy/rank/home/11-8888.html?from=rank
2026-07-31,2026-07-31T16:23:23+08:00,酷狗音乐,热歌榜,酷狗TOP500,2026-07-31,229,世界上的另一个我,阿肆、郭采洁,,3:58,73C0E5566146583A631C9A94203405D6,4255765,https://www.kugou.com/yy/rank/home/11-8888.html?from=rank
2026-07-31,2026-07-31T16:23:23+08:00,酷狗音乐,热歌榜,酷狗TOP500,2026-07-31,230,忘记时间,胡歌,,4:32,BB2759C850804CB32A55480D85D21080,493001,https://www.kugou.com/yy/rank/home/11-8888.html?from=rank
2026-07-31,2026-07-31T16:23:23+08:00,酷狗音乐,热歌榜,酷狗TOP500,2026-07-31,231,太聪明,陈绮贞,,4:23,89101DA817101FEA0C9ECF64EAE2B46F,959335,https://www.kugou.com/yy/rank/home/11-8888.html?from=rank
2026-07-31,2026-07-31T16:23:23+08:00,酷狗音乐,热歌榜,酷狗TOP500,2026-07-31,232,恶作剧,王蓝茵,,3:47,05B893FC78627C3F5635491BBB35167E,720564,https://www.kugou.com/yy/rank/home/11-8888.html?from=rank
2026-07-31,2026-07-31T16:23:23+08:00,酷狗音乐,热歌榜,酷狗TOP500,2026-07-31,233,没那么简单,黄小琥,,5:08,90D82FB9EB6C1F5385F6F086318EE1FA,962530,https://www.kugou.com/yy/rank/home/11-8888.html?from=rank
2026-07-31,2026-07-31T16:23:23+08:00,酷狗音乐,热歌榜,酷狗TOP500,2026-07-31,234,陷阱,王北车,,4:41,2FA2217B2F80DFE16F0421E1EF42AEB3,8747471,https://www.kugou.com/yy/rank/home/11-8888.html?from=rank
2026-07-31,2026-07-31T16:23:23+08:00,酷狗音乐,热歌榜,酷狗TOP500,2026-07-31,235,一次次认真,黑豆ado,,3:23,D90B56ECDDA51DCB6DCE1F74EB6F63CC,201075359,https://www.kugou.com/yy/rank/home/11-8888.html?from=rank
2026-07-31,2026-07-31T16:23:23+08:00,酷狗音乐,热歌榜,酷狗TOP500,2026-07-31,236,土坡上的狗尾草,卢润泽,,3:15,5E40742110D3DB109A22BDB1012C6EBB,104913971,https://www.kugou.com/yy/rank/home/11-8888.html?from=rank
2026-07-31,2026-07-31T16:23:23+08:00,酷狗音乐,热歌榜,酷狗TOP500,2026-07-31,237,冷夜,陈默之,,4:07,DC939521FA5F5736A33765D56B90E03C,84595635,https://www.kugou.com/yy/rank/home/11-8888.html?from=rank
2026-07-31,2026-07-31T16:23:23+08:00,酷狗音乐,热歌榜,酷狗TOP500,2026-07-31,238,是你没选我啊,于冬然,,3:22,885046DF8380B7506A6B12EC8F6E201D,176303736,https://www.kugou.com/yy/rank/home/11-8888.html?from=rank
2026-07-31,2026-07-31T16:23:23+08:00,酷狗音乐,热歌榜,酷狗TOP500,2026-07-31,239,琵琶行,奇然、沈谧仁,,5:35,0AB355EF75A56A57E1790734B2E26ED9,2563381,https://www.kugou.com/yy/rank/home/11-8888.html?from=rank
2026-07-31,2026-07-31T16:23:23+08:00,酷狗音乐,热歌榜,酷狗TOP500,2026-07-31,240,你的承诺,海鸣威,,3:53,B1996C2589FADECA9759A420E1EC3FE3,19347507,https://www.kugou.com/yy/rank/home/11-8888.html?from=rank
2026-07-31,2026-07-31T16:23:23+08:00,酷狗音乐,热歌榜,酷狗TOP500,2026-07-31,241,第一次爱的人,王心凌,,3:53,38539E18FBB3E9A8DFA84A892CA718F6,979891,https://www.kugou.com/yy/rank/home/11-8888.html?from=rank
2026-07-31,2026-07-31T16:23:23+08:00,酷狗音乐,热歌榜,酷狗TOP500,2026-07-31,242,飞鸟和蝉,任然,,4:56,EB5F5AF3993F6537F2C70B959F2DCD6B,38339036,https://www.kugou.com/yy/rank/home/11-8888.html?from=rank
2026-07-31,2026-07-31T16:23:23+08:00,酷狗音乐,热歌榜,酷狗TOP500,2026-07-31,243,起风了,买辣椒也用券,,5:26,5C035CBF390FEF6B536020A57749EF70,53218722,https://www.kugou.com/yy/rank/home/12-8888.html?from=rank
2026-07-31,2026-07-31T16:23:23+08:00,酷狗音乐,热歌榜,酷狗TOP500,2026-07-31,244,你有没有真的爱过我 (对唱版),阿图表妹、寂寞阿图,,4:03,3C425FC4496E67468562CA377D7F2B23,190170015,https://www.kugou.com/yy/rank/home/12-8888.html?from=rank
2026-07-31,2026-07-31T16:23:23+08:00,酷狗音乐,热歌榜,酷狗TOP500,2026-07-31,245,瞬,郑润泽,,4:45,C06970FDB48E8E1F9BBC7577B7BC1938,75949211,https://www.kugou.com/yy/rank/home/12-8888.html?from=rank
2026-07-31,2026-07-31T16:23:23+08:00,酷狗音乐,热歌榜,酷狗TOP500,2026-07-31,246,祝福祖国,顿株拉姆,,3:20,4278C1D6B994A3C6313E08270B924D78,200182409,https://www.kugou.com/yy/rank/home/12-8888.html?from=rank
2026-07-31,2026-07-31T16:23:23+08:00,酷狗音乐,热歌榜,酷狗TOP500,2026-07-31,247,遗留在岁月的曾经,曲木老表,,3:49,4C1A5D2BD02B857C72364B1416124256,167884062,https://www.kugou.com/yy/rank/home/12-8888.html?from=rank
2026-07-31,2026-07-31T16:23:23+08:00,酷狗音乐,热歌榜,酷狗TOP500,2026-07-31,248,广东爱情故事,广东雨神,,3:34,7A2956668C7D5393FF16AD930C23F2FD,4162049,https://www.kugou.com/yy/rank/home/12-8888.html?from=rank
2026-07-31,2026-07-31T16:23:23+08:00,酷狗音乐,热歌榜,酷狗TOP500,2026-07-31,249,你最近还好吗,Ghost (王琳凯),,3:31,A1ADE90292D40A8A23F54DA5C3B2E96A,35318614,https://www.kugou.com/yy/rank/home/12-8888.html?from=rank
2026-07-31,2026-07-31T16:23:23+08:00,酷狗音乐,热歌榜,酷狗TOP500,2026-07-31,250,我们的歌,王力宏,,4:08,4E294957A0D9B72A78B61F3C2A63B6CC,503223,https://www.kugou.com/yy/rank/home/12-8888.html?from=rank
2026-07-31,2026-07-31T16:23:23+08:00,酷狗音乐,热歌榜,酷狗TOP500,2026-07-31,251,一样的月光,徐佳莹,,4:00,E470A579E87A5436E68FAA51AD18A379,972101,https://www.kugou.com/yy/rank/home/12-8888.html?from=rank
2026-07-31,2026-07-31T16:23:23+08:00,酷狗音乐,热歌榜,酷狗TOP500,2026-07-31,252,怪我们缘分太浅 (别难过),刘纯,,3:57,4C9C9BFA509C9E16056F13255A6D6FCD,199992101,https://www.kugou.com/yy/rank/home/12-8888.html?from=rank
2026-07-31,2026-07-31T16:23:23+08:00,酷狗音乐,热歌榜,酷狗TOP500,2026-07-31,253,不遗憾,李荣浩,,5:20,40CE38D5DB930F404EB26F58978BEC3D,44404137,https://www.kugou.com/yy/rank/home/12-8888.html?from=rank
2026-07-31,2026-07-31T16:23:23+08:00,酷狗音乐,热歌榜,酷狗TOP500,2026-07-31,254,谁明浪子心,王杰,,5:01,1E54C9C01C9DFC5C68F743368F353711,983991,https://www.kugou.com/yy/rank/home/12-8888.html?from=rank
2026-07-31,2026-07-31T16:23:23+08:00,酷狗音乐,热歌榜,酷狗TOP500,2026-07-31,255,明明就,周杰伦,,4:20,D85C14E02008B7A2F97D55CDC29C2221,982051,https://www.kugou.com/yy/rank/home/12-8888.html?from=rank
2026-07-31,2026-07-31T16:23:23+08:00,酷狗音乐,热歌榜,酷狗TOP500,2026-07-31,256,蓝莲花,许巍,,4:31,EDCDC42FEE3A4BC8F2ADBAF96ADE9D77,15247919,https://www.kugou.com/yy/rank/home/12-8888.html?from=rank
2026-07-31,2026-07-31T16:23:23+08:00,酷狗音乐,热歌榜,酷狗TOP500,2026-07-31,257,你就不要想起我,田馥甄,,4:41,33E67CD9B775093E93CBABBD649DF087,965595,https://www.kugou.com/yy/rank/home/12-8888.html?from=rank
2026-07-31,2026-07-31T16:23:23+08:00,酷狗音乐,热歌榜,酷狗TOP500,2026-07-31,258,我借 (御姐版),铁锤夫妇,,4:07,EC2F26754FED82D125388E7B27D536AA,197901242,https://www.kugou.com/yy/rank/home/12-8888.html?from=rank
2026-07-31,2026-07-31T16:23:23+08:00,酷狗音乐,热歌榜,酷狗TOP500,2026-07-31,259,落空,印子月,,3:53,F2823FEC8D01EDE2587ED3D32F787782,15394482,https://www.kugou.com/yy/rank/home/12-8888.html?from=rank
2026-07-31,2026-07-31T16:23:23+08:00,酷狗音乐,热歌榜,酷狗TOP500,2026-07-31,260,再见只是陌生人,庄心妍,,4:12,67F2E5F1B47C2B86E201518FD24D9831,556403,https://www.kugou.com/yy/rank/home/12-8888.html?from=rank
2026-07-31,2026-07-31T16:23:23+08:00,酷狗音乐,热歌榜,酷狗TOP500,2026-07-31,261,沪上龙王,郭有才,,3:24,5BC72AAD6BD63DA97B5525B6FC061B50,198875748,https://www.kugou.com/yy/rank/home/12-8888.html?from=rank
2026-07-31,2026-07-31T16:23:23+08:00,酷狗音乐,热歌榜,酷狗TOP500,2026-07-31,262,年少有为,李荣浩,,4:39,3A5C1D6CDABB2FDA813F8F8B7E4D08B0,8873395,https://www.kugou.com/yy/rank/home/12-8888.html?from=rank
2026-07-31,2026-07-31T16:23:23+08:00,酷狗音乐,热歌榜,酷狗TOP500,2026-07-31,263,模特,李荣浩,,5:06,87EBC49856D2CB3C04992C9A87E5A5C5,968143,https://www.kugou.com/yy/rank/home/12-8888.html?from=rank
2026-07-31,2026-07-31T16:23:23+08:00,酷狗音乐,热歌榜,酷狗TOP500,2026-07-31,264,NIGHT DANCER (夜中舞者),imase,,3:31,572C3807BF90891332ED77A72DB74272,59918395,https://www.kugou.com/yy/rank/home/12-8888.html?from=rank
2026-07-31,2026-07-31T16:23:23+08:00,酷狗音乐,热歌榜,酷狗TOP500,2026-07-31,265,白鸽乌鸦相爱的戏码,潘成（皮卡潘）,,2:54,1B5005F285D8B7FD083CA61C5753E9DB,100112898,https://www.kugou.com/yy/rank/home/13-8888.html?from=rank
2026-07-31,2026-07-31T16:23:23+08:00,酷狗音乐,热歌榜,酷狗TOP500,2026-07-31,266,如果当时,许嵩,,5:16,697712B7504DA5541C3ED4D117AE1018,973251,https://www.kugou.com/yy/rank/home/13-8888.html?from=rank
2026-07-31,2026-07-31T16:23:23+08:00,酷狗音乐,热歌榜,酷狗TOP500,2026-07-31,267,最爱,周慧敏,,4:25,DBC221919A9686F684F90E1920179363,568311,https://www.kugou.com/yy/rank/home/13-8888.html?from=rank
2026-07-31,2026-07-31T16:23:23+08:00,酷狗音乐,热歌榜,酷狗TOP500,2026-07-31,268,冬天的秘密,周传雄,,4:33,1088AEEAB9674A49F8067DCDEB1FC1EE,982655,https://www.kugou.com/yy/rank/home/13-8888.html?from=rank
2026-07-31,2026-07-31T16:23:23+08:00,酷狗音乐,热歌榜,酷狗TOP500,2026-07-31,269,倒数,G.E.M. 邓紫棋,,3:49,65945C4D6FB03D7997AE133C9BE5715D,9373625,https://www.kugou.com/yy/rank/home/13-8888.html?from=rank
2026-07-31,2026-07-31T16:23:23+08:00,酷狗音乐,热歌榜,酷狗TOP500,2026-07-31,270,想你的夜,关喆,,4:25,1404A292A6E122C99696BDFF04CE982F,963737,https://www.kugou.com/yy/rank/home/13-8888.html?from=rank
2026-07-31,2026-07-31T16:23:23+08:00,酷狗音乐,热歌榜,酷狗TOP500,2026-07-31,271,也许在下雨天 (R&B版),落日微醺,,3:49,C9527B6C9EA30FA690641B372B3310EC,195588821,https://www.kugou.com/yy/rank/home/13-8888.html?from=rank
2026-07-31,2026-07-31T16:23:23+08:00,酷狗音乐,热歌榜,酷狗TOP500,2026-07-31,272,九百九十九朵玫瑰 (r&b),落日微醺,,4:07,0969B2B26405C8DDEC7C72292F794D48,184352572,https://www.kugou.com/yy/rank/home/13-8888.html?from=rank
2026-07-31,2026-07-31T16:23:23+08:00,酷狗音乐,热歌榜,酷狗TOP500,2026-07-31,273,牵丝戏,银临、Aki阿杰,,3:59,5E7FF596F7D6021DA63AF36E91BECE4B,568968,https://www.kugou.com/yy/rank/home/13-8888.html?from=rank
2026-07-31,2026-07-31T16:23:23+08:00,酷狗音乐,热歌榜,酷狗TOP500,2026-07-31,274,还爱着你,文夫,,3:52,A61924D891C970A28150FDF9E5E56C53,171019019,https://www.kugou.com/yy/rank/home/13-8888.html?from=rank
2026-07-31,2026-07-31T16:23:23+08:00,酷狗音乐,热歌榜,酷狗TOP500,2026-07-31,275,喜欢你 (G.E.M.重生版),G.E.M. 邓紫棋,,4:03,AA4D82A7506DE809B7A89F91B73F3E1E,150256944,https://www.kugou.com/yy/rank/home/13-8888.html?from=rank
2026-07-31,2026-07-31T16:23:23+08:00,酷狗音乐,热歌榜,酷狗TOP500,2026-07-31,276,哼着你爱听的歌 (女版),田园,,3:20,37B0685181098FB8427291594EDBC8CD,162686180,https://www.kugou.com/yy/rank/home/13-8888.html?from=rank
2026-07-31,2026-07-31T16:23:23+08:00,酷狗音乐,热歌榜,酷狗TOP500,2026-07-31,277,Lonely,Nana,,6:21,3514D26D3754FAF4949A3C40F4BBDA63,45833884,https://www.kugou.com/yy/rank/home/13-8888.html?from=rank
2026-07-31,2026-07-31T16:23:23+08:00,酷狗音乐,热歌榜,酷狗TOP500,2026-07-31,278,若今生无缘 (若今生已无缘),万海东,,3:40,E74F4CC22263126EDD4A721AD0D0D0A8,195038536,https://www.kugou.com/yy/rank/home/13-8888.html?from=rank
2026-07-31,2026-07-31T16:23:23+08:00,酷狗音乐,热歌榜,酷狗TOP500,2026-07-31,279,也许在下雨天 (眼泪才不被看见),何遇Hayu、Crybird,,3:47,18D96FA29BBCB2873400BEAB17B817CF,194623547,https://www.kugou.com/yy/rank/home/13-8888.html?from=rank
2026-07-31,2026-07-31T16:23:23+08:00,酷狗音乐,热歌榜,酷狗TOP500,2026-07-31,280,大海,张雨生,,4:40,BF8252BEAE57AEB53490145CA8E81BB4,967705,https://www.kugou.com/yy/rank/home/13-8888.html?from=rank
2026-07-31,2026-07-31T16:23:23+08:00,酷狗音乐,热歌榜,酷狗TOP500,2026-07-31,281,感谢你曾来过,Ayo97、周思涵,,4:10,39DCBBDCB0B377628BEF5FD48EF01254,9101627,https://www.kugou.com/yy/rank/home/13-8888.html?from=rank
2026-07-31,2026-07-31T16:23:23+08:00,酷狗音乐,热歌榜,酷狗TOP500,2026-07-31,282,天外来物,薛之谦,,4:17,761C1EAFBD1E22504B487F84D2152DF5,40890018,https://www.kugou.com/yy/rank/home/13-8888.html?from=rank
2026-07-31,2026-07-31T16:23:23+08:00,酷狗音乐,热歌榜,酷狗TOP500,2026-07-31,283,座位,于冬然,,3:29,D87A09DB3166215E5DFD4A30C922509E,137485296,https://www.kugou.com/yy/rank/home/13-8888.html?from=rank
2026-07-31,2026-07-31T16:23:23+08:00,酷狗音乐,热歌榜,酷狗TOP500,2026-07-31,284,不浪漫罪名,王杰,,4:48,4255D3F001B95B07F2D5BE330D14A780,503247,https://www.kugou.com/yy/rank/home/13-8888.html?from=rank
2026-07-31,2026-07-31T16:23:23+08:00,酷狗音乐,热歌榜,酷狗TOP500,2026-07-31,285,他真的对你好吗,付豪,,4:18,B1B875147F45355FF807402402F5B573,55501876,https://www.kugou.com/yy/rank/home/13-8888.html?from=rank
2026-07-31,2026-07-31T16:23:23+08:00,酷狗音乐,热歌榜,酷狗TOP500,2026-07-31,286,断点,张敬轩,,4:28,2C2A571D91FF7BF6FE814887FFA7E592,2996592,https://www.kugou.com/yy/rank/home/13-8888.html?from=rank
2026-07-31,2026-07-31T16:23:23+08:00,酷狗音乐,热歌榜,酷狗TOP500,2026-07-31,287,坠落,蔡健雅,,4:10,233254CB517BAA74387361C2158519DA,974379,https://www.kugou.com/yy/rank/home/14-8888.html?from=rank
2026-07-31,2026-07-31T16:23:23+08:00,酷狗音乐,热歌榜,酷狗TOP500,2026-07-31,288,不潮不用花钱,林俊杰,,3:54,5A84BBA4C673BEA45083C521ADF366AF,963179,https://www.kugou.com/yy/rank/home/14-8888.html?from=rank
2026-07-31,2026-07-31T16:23:23+08:00,酷狗音乐,热歌榜,酷狗TOP500,2026-07-31,289,一生所爱,卢冠廷、莫文蔚,,4:34,C965B31DB9B5F4E4DB94DC071830C78F,3995801,https://www.kugou.com/yy/rank/home/14-8888.html?from=rank
2026-07-31,2026-07-31T16:23:23+08:00,酷狗音乐,热歌榜,酷狗TOP500,2026-07-31,290,不分手的恋爱,汪苏泷,,3:26,543A6E13C527E52886E51BBF14191C8F,37376237,https://www.kugou.com/yy/rank/home/14-8888.html?from=rank
2026-07-31,2026-07-31T16:23:23+08:00,酷狗音乐,热歌榜,酷狗TOP500,2026-07-31,291,他不懂,张杰,,3:52,BA40D69184A05D7BCD335028C5C613BE,38606351,https://www.kugou.com/yy/rank/home/14-8888.html?from=rank
2026-07-31,2026-07-31T16:23:23+08:00,酷狗音乐,热歌榜,酷狗TOP500,2026-07-31,292,迷人的危险,Dance Flow,,3:26,0F666EF632DB9404308219BE5AAE43B4,551560,https://www.kugou.com/yy/rank/home/14-8888.html?from=rank
2026-07-31,2026-07-31T16:23:23+08:00,酷狗音乐,热歌榜,酷狗TOP500,2026-07-31,293,美丽心情,刘惜君,,4:13,CD2D71E38BF94B31CC89E1C83BE8C255,8624759,https://www.kugou.com/yy/rank/home/14-8888.html?from=rank
2026-07-31,2026-07-31T16:23:23+08:00,酷狗音乐,热歌榜,酷狗TOP500,2026-07-31,294,遗失的心跳,萧亚轩,,3:37,54C1A6E877BB37D052A86D4C41604FE7,521727,https://www.kugou.com/yy/rank/home/14-8888.html?from=rank
2026-07-31,2026-07-31T16:23:23+08:00,酷狗音乐,热歌榜,酷狗TOP500,2026-07-31,295,你还要我怎样,薛之谦,,5:11,8C6AAC48FB5C3759042E4C8699544C6F,960327,https://www.kugou.com/yy/rank/home/14-8888.html?from=rank
2026-07-31,2026-07-31T16:23:23+08:00,酷狗音乐,热歌榜,酷狗TOP500,2026-07-31,296,背着风流泪,文夫,,4:14,93313560CDE28F74AA7D2894E3C4D7F7,146986506,https://www.kugou.com/yy/rank/home/14-8888.html?from=rank
2026-07-31,2026-07-31T16:23:23+08:00,酷狗音乐,热歌榜,酷狗TOP500,2026-07-31,297,别说你还深深爱着我,婉婷、杨烬,,3:45,0938FF862C986F6A93B4A7657CAA1125,195023851,https://www.kugou.com/yy/rank/home/14-8888.html?from=rank
2026-07-31,2026-07-31T16:23:23+08:00,酷狗音乐,热歌榜,酷狗TOP500,2026-07-31,298,梦的翅膀受了伤,蒋雪儿Snow.J,,4:36,7A81BAEB183BF72FFD9FF9F7DA9BE89E,965597,https://www.kugou.com/yy/rank/home/14-8888.html?from=rank
2026-07-31,2026-07-31T16:23:23+08:00,酷狗音乐,热歌榜,酷狗TOP500,2026-07-31,299,记事本,陈慧琳,,4:11,26684870E2CE3936A3D72559F67C0606,2996651,https://www.kugou.com/yy/rank/home/14-8888.html?from=rank
2026-07-31,2026-07-31T16:23:23+08:00,酷狗音乐,热歌榜,酷狗TOP500,2026-07-31,300,雪下的时候,乔佳旭,,4:24,F6B3AA5971A01E755A344C2256606418,35913748,https://www.kugou.com/yy/rank/home/14-8888.html?from=rank
2026-07-31,2026-07-31T16:23:23+08:00,酷狗音乐,热歌榜,酷狗TOP500,2026-07-31,301,Letting Go,蔡健雅,,4:23,326CBB23BAA90062047512376AA406A4,978874,https://www.kugou.com/yy/rank/home/14-8888.html?from=rank
2026-07-31,2026-07-31T16:23:23+08:00,酷狗音乐,热歌榜,酷狗TOP500,2026-07-31,302,不该 (with aMEI),周杰伦、张惠妹,,4:51,FCF336E81DA45A8E696032FFC1708175,1645030,https://www.kugou.com/yy/rank/home/14-8888.html?from=rank
2026-07-31,2026-07-31T16:23:23+08:00,酷狗音乐,热歌榜,酷狗TOP500,2026-07-31,303,我记得,赵雷,,5:30,8CE80CF10A01F37354D63E49C1B60B60,60018447,https://www.kugou.com/yy/rank/home/14-8888.html?from=rank
2026-07-31,2026-07-31T16:23:23+08:00,酷狗音乐,热歌榜,酷狗TOP500,2026-07-31,304,66传奇,阿酣,,3:05,AFFD9B0A468D4BE0824AB83FDAEC3868,195644664,https://www.kugou.com/yy/rank/home/14-8888.html?from=rank
2026-07-31,2026-07-31T16:23:23+08:00,酷狗音乐,热歌榜,酷狗TOP500,2026-07-31,305,半岛铁盒,周杰伦,,5:19,67BA8A4A0681F2078BC423CB13B904B7,961807,https://www.kugou.com/yy/rank/home/14-8888.html?from=rank
2026-07-31,2026-07-31T16:23:23+08:00,酷狗音乐,热歌榜,酷狗TOP500,2026-07-31,306,要我怎么忘了他,谢霆锋,,4:58,041D203DE96A92A44E644ED5C8AEB8DF,2996772,https://www.kugou.com/yy/rank/home/14-8888.html?from=rank
2026-07-31,2026-07-31T16:23:23+08:00,酷狗音乐,热歌榜,酷狗TOP500,2026-07-31,307,远走高飞 (独唱版),金志文,,4:02,7196122D828128AF3173560B82528092,2139938,https://www.kugou.com/yy/rank/home/14-8888.html?from=rank
2026-07-31,2026-07-31T16:23:23+08:00,酷狗音乐,热歌榜,酷狗TOP500,2026-07-31,308,不能说的秘密,周杰伦,,4:57,EDFC5DD1AC3D58971AB95B3E2700D015,554150,https://www.kugou.com/yy/rank/home/14-8888.html?from=rank
2026-07-31,2026-07-31T16:23:23+08:00,酷狗音乐,热歌榜,酷狗TOP500,2026-07-31,309,西乌旗99号公路,LunaLiu刘不语、张川海,,3:29,F65BB0D87F5543387A50AEEBF55A1E8A,185310075,https://www.kugou.com/yy/rank/home/15-8888.html?from=rank
2026-07-31,2026-07-31T16:23:23+08:00,酷狗音乐,热歌榜,酷狗TOP500,2026-07-31,310,天地龙鳞,王力宏,,3:17,DD83DC4A30C3A05D60FFCE6944FB441C,50749156,https://www.kugou.com/yy/rank/home/15-8888.html?from=rank
2026-07-31,2026-07-31T16:23:23+08:00,酷狗音乐,热歌榜,酷狗TOP500,2026-07-31,311,如果爱忘了 (Live),汪苏泷、单依纯,,4:05,50F260DC0A2E7203A1AB89E1937F3927,83718089,https://www.kugou.com/yy/rank/home/15-8888.html?from=rank
2026-07-31,2026-07-31T16:23:23+08:00,酷狗音乐,热歌榜,酷狗TOP500,2026-07-31,312,只为你着迷,李秉成,,4:01,C2F47FB042D8FE6A2B5265DFCF8919A5,11795396,https://www.kugou.com/yy/rank/home/15-8888.html?from=rank
2026-07-31,2026-07-31T16:23:23+08:00,酷狗音乐,热歌榜,酷狗TOP500,2026-07-31,313,爱我还是他,陶喆,,4:53,004A93C3A157D825B92A91EEB17DA36A,7547427,https://www.kugou.com/yy/rank/home/15-8888.html?from=rank
2026-07-31,2026-07-31T16:23:23+08:00,酷狗音乐,热歌榜,酷狗TOP500,2026-07-31,314,平凡之路,朴树,,5:01,2BE5DE80E68B3346918D38CF7527D979,2944963,https://www.kugou.com/yy/rank/home/15-8888.html?from=rank
2026-07-31,2026-07-31T16:23:23+08:00,酷狗音乐,热歌榜,酷狗TOP500,2026-07-31,315,好久不见,陈奕迅,,4:11,8E1DDAF172D9C60A28C19358B07BFBF8,962514,https://www.kugou.com/yy/rank/home/15-8888.html?from=rank
2026-07-31,2026-07-31T16:23:23+08:00,酷狗音乐,热歌榜,酷狗TOP500,2026-07-31,316,偏偏喜欢你,陈百强,,3:32,D186383AA965D13601CFF4857F844FEE,983655,https://www.kugou.com/yy/rank/home/15-8888.html?from=rank
2026-07-31,2026-07-31T16:23:23+08:00,酷狗音乐,热歌榜,酷狗TOP500,2026-07-31,317,那些你很冒险的梦,林俊杰,,4:05,468A823BD25A585841F4BC5ED3EF945B,977237,https://www.kugou.com/yy/rank/home/15-8888.html?from=rank
2026-07-31,2026-07-31T16:23:23+08:00,酷狗音乐,热歌榜,酷狗TOP500,2026-07-31,318,真的爱你,BEYOND,,4:35,C46916711631EA28508A41C325A74E1B,971451,https://www.kugou.com/yy/rank/home/15-8888.html?from=rank
2026-07-31,2026-07-31T16:23:23+08:00,酷狗音乐,热歌榜,酷狗TOP500,2026-07-31,319,摇太阳 (雷鬼版),白兰的,,4:32,97915750F2E7DEBEB4E2C7AF4AA7F5A1,183678520,https://www.kugou.com/yy/rank/home/15-8888.html?from=rank
2026-07-31,2026-07-31T16:23:23+08:00,酷狗音乐,热歌榜,酷狗TOP500,2026-07-31,320,再见,张震岳,,3:31,BF7E5BC14D95F2F4DD6932097168D3FF,1746826,https://www.kugou.com/yy/rank/home/15-8888.html?from=rank
2026-07-31,2026-07-31T16:23:23+08:00,酷狗音乐,热歌榜,酷狗TOP500,2026-07-31,321,匿名的好友,杨丞琳,,4:23,F9CE6B13B4C90B01B3C129FF11B11C87,2694607,https://www.kugou.com/yy/rank/home/15-8888.html?from=rank
2026-07-31,2026-07-31T16:23:23+08:00,酷狗音乐,热歌榜,酷狗TOP500,2026-07-31,322,Because of You,Kelly Clarkson,,3:39,FED9A7BE6BC7D2FF3B8426ECEF34A2B6,1592158,https://www.kugou.com/yy/rank/home/15-8888.html?from=rank
2026-07-31,2026-07-31T16:23:23+08:00,酷狗音乐,热歌榜,酷狗TOP500,2026-07-31,323,麻雀,李荣浩,,4:13,2E4C5A85A751AF5A0B200D5AA0629226,34731198,https://www.kugou.com/yy/rank/home/15-8888.html?from=rank
2026-07-31,2026-07-31T16:23:23+08:00,酷狗音乐,热歌榜,酷狗TOP500,2026-07-31,324,天际,洋澜一,,5:46,DEAE9D1FC61F4810A0C15AA9CFD83722,76611526,https://www.kugou.com/yy/rank/home/15-8888.html?from=rank
2026-07-31,2026-07-31T16:23:23+08:00,酷狗音乐,热歌榜,酷狗TOP500,2026-07-31,325,Love Story,Taylor Swift,,3:56,193B72D4456A4CC02A3DE7C673FC4E23,13721135,https://www.kugou.com/yy/rank/home/15-8888.html?from=rank
2026-07-31,2026-07-31T16:23:23+08:00,酷狗音乐,热歌榜,酷狗TOP500,2026-07-31,326,先说谎的人,h3R3刘清云、张鑫,,2:49,4F2F51A01A6FF91435D80EEC62E759C0,51331566,https://www.kugou.com/yy/rank/home/15-8888.html?from=rank
2026-07-31,2026-07-31T16:23:23+08:00,酷狗音乐,热歌榜,酷狗TOP500,2026-07-31,327,夏夜最后的烟火,颜人中,,4:40,4E418EDAB22093B51C78C81C0A8C9B31,39949767,https://www.kugou.com/yy/rank/home/15-8888.html?from=rank
2026-07-31,2026-07-31T16:23:23+08:00,酷狗音乐,热歌榜,酷狗TOP500,2026-07-31,328,爱，请问怎么走,A-Lin,,4:28,D67CB2EA6082D5AB871509EC06B48370,964045,https://www.kugou.com/yy/rank/home/15-8888.html?from=rank
2026-07-31,2026-07-31T16:23:23+08:00,酷狗音乐,热歌榜,酷狗TOP500,2026-07-31,329,吹梦到西洲,昭爻tsuki、千世,,5:15,FB50469DA48A8CE34532F2888578B7B8,25402785,https://www.kugou.com/yy/rank/home/15-8888.html?from=rank
2026-07-31,2026-07-31T16:23:23+08:00,酷狗音乐,热歌榜,酷狗TOP500,2026-07-31,330,搀扶,马健涛,,5:28,D95AE3CC810BB62D28505AE1510C329F,130332417,https://www.kugou.com/yy/rank/home/15-8888.html?from=rank
2026-07-31,2026-07-31T16:23:23+08:00,酷狗音乐,热歌榜,酷狗TOP500,2026-07-31,331,时差 (On call),鹿晗,,3:20,337B7DFC3EA7954785D50D4C3948F64D,1993188,https://www.kugou.com/yy/rank/home/16-8888.html?from=rank
2026-07-31,2026-07-31T16:23:23+08:00,酷狗音乐,热歌榜,酷狗TOP500,2026-07-31,332,无名的人,毛不易,,4:42,525A854C4A4EDF63CAF528D693F69CE0,51231315,https://www.kugou.com/yy/rank/home/16-8888.html?from=rank
2026-07-31,2026-07-31T16:23:23+08:00,酷狗音乐,热歌榜,酷狗TOP500,2026-07-31,333,静音恋人 (两颗缠绕的心),礼越,,3:26,61F7ABEFA41C847C8F237C68883027CA,183361126,https://www.kugou.com/yy/rank/home/16-8888.html?from=rank
2026-07-31,2026-07-31T16:23:23+08:00,酷狗音乐,热歌榜,酷狗TOP500,2026-07-31,334,简单爱,周杰伦,,4:30,6E44CE19BE5872384FA184B995CCE23B,958706,https://www.kugou.com/yy/rank/home/16-8888.html?from=rank
2026-07-31,2026-07-31T16:23:23+08:00,酷狗音乐,热歌榜,酷狗TOP500,2026-07-31,335,红豆,王菲,,4:16,AEF916A18BAAE9C8E7807179C8DA64D1,960812,https://www.kugou.com/yy/rank/home/16-8888.html?from=rank
2026-07-31,2026-07-31T16:23:23+08:00,酷狗音乐,热歌榜,酷狗TOP500,2026-07-31,336,我曾,菜园子不CAi,,3:09,F446EE01D14CC4395D0BBC3832088A1D,199368733,https://www.kugou.com/yy/rank/home/16-8888.html?from=rank
2026-07-31,2026-07-31T16:23:23+08:00,酷狗音乐,热歌榜,酷狗TOP500,2026-07-31,337,倒带,蔡依林,,4:26,446507D2332BC3F263596363A97C6E95,976925,https://www.kugou.com/yy/rank/home/16-8888.html?from=rank
2026-07-31,2026-07-31T16:23:23+08:00,酷狗音乐,热歌榜,酷狗TOP500,2026-07-31,338,"Baby, Don't Cry (人鱼的眼泪)(Chinese Ver.)",EXO,,3:56,B692ED61ED4DDE69C50EB8B975D4E04D,22436133,https://www.kugou.com/yy/rank/home/16-8888.html?from=rank
2026-07-31,2026-07-31T16:23:23+08:00,酷狗音乐,热歌榜,酷狗TOP500,2026-07-31,339,尘念,桑耶,,3:16,FBE82E5DCC11A3A8AF6B8A5B74E2F2BB,190711369,https://www.kugou.com/yy/rank/home/16-8888.html?from=rank
2026-07-31,2026-07-31T16:23:23+08:00,酷狗音乐,热歌榜,酷狗TOP500,2026-07-31,340,刚刚好,薛之谦,,4:11,956EEC514146039E6D6A16B30DD64A7B,1747549,https://www.kugou.com/yy/rank/home/16-8888.html?from=rank
2026-07-31,2026-07-31T16:23:23+08:00,酷狗音乐,热歌榜,酷狗TOP500,2026-07-31,341,That Girl,Olly Murs,,2:57,B32C3C7FA2452E7338BFC6F2283FE8ED,1820815,https://www.kugou.com/yy/rank/home/16-8888.html?from=rank
2026-07-31,2026-07-31T16:23:23+08:00,酷狗音乐,热歌榜,酷狗TOP500,2026-07-31,342,其实雨也没多大 (对唱版),万豹、羊羊,,3:46,3DCAD49A6417CF61F031111716AB1572,164325869,https://www.kugou.com/yy/rank/home/16-8888.html?from=rank
2026-07-31,2026-07-31T16:23:23+08:00,酷狗音乐,热歌榜,酷狗TOP500,2026-07-31,343,一个人想着一个人,曾沛慈,,4:04,C9148675D85D3C2B306E966000BC5ABD,542900,https://www.kugou.com/yy/rank/home/16-8888.html?from=rank
2026-07-31,2026-07-31T16:23:23+08:00,酷狗音乐,热歌榜,酷狗TOP500,2026-07-31,344,雀跃,任然、小来,,3:56,6F07E18E17B811C4931349D7D87C1A43,2820318,https://www.kugou.com/yy/rank/home/16-8888.html?from=rank
2026-07-31,2026-07-31T16:23:23+08:00,酷狗音乐,热歌榜,酷狗TOP500,2026-07-31,345,unhappy,s0rrow,,1:38,F7F1E29418D6C944163FA5F1B9730B08,171727951,https://www.kugou.com/yy/rank/home/16-8888.html?from=rank
2026-07-31,2026-07-31T16:23:23+08:00,酷狗音乐,热歌榜,酷狗TOP500,2026-07-31,346,Take Me to Your Heart,Michael Learns To Rock,,3:59,97ED0BF75D3D6EEB97A326073F503AC8,561642,https://www.kugou.com/yy/rank/home/16-8888.html?from=rank
2026-07-31,2026-07-31T16:23:23+08:00,酷狗音乐,热歌榜,酷狗TOP500,2026-07-31,347,爱你没差,周杰伦,,4:41,66F31869BBAA767A929F35EEE1CCC5C9,982051,https://www.kugou.com/yy/rank/home/16-8888.html?from=rank
2026-07-31,2026-07-31T16:23:23+08:00,酷狗音乐,热歌榜,酷狗TOP500,2026-07-31,348,暖一杯茶,邵帅,,4:03,26A9B8C6480C22BC4342F22CB897E760,23061596,https://www.kugou.com/yy/rank/home/16-8888.html?from=rank
2026-07-31,2026-07-31T16:23:23+08:00,酷狗音乐,热歌榜,酷狗TOP500,2026-07-31,349,time machine (feat. aren park)(Original Mix),mj apanay、aren park,,3:46,6FC23D8694067908061BB145B6DFCB87,100264848,https://www.kugou.com/yy/rank/home/16-8888.html?from=rank
2026-07-31,2026-07-31T16:23:23+08:00,酷狗音乐,热歌榜,酷狗TOP500,2026-07-31,350,就是爱你,陶喆,,4:24,43485D7A650AFF532E5ECF24D7FB6381,7547427,https://www.kugou.com/yy/rank/home/16-8888.html?from=rank
2026-07-31,2026-07-31T16:23:23+08:00,酷狗音乐,热歌榜,酷狗TOP500,2026-07-31,351,也许在下雨天 (对唱版),红小乐、王一佳,,3:47,A2A29E71663ADD0691782EA9F0399118,199516804,https://www.kugou.com/yy/rank/home/16-8888.html?from=rank
2026-07-31,2026-07-31T16:23:23+08:00,酷狗音乐,热歌榜,酷狗TOP500,2026-07-31,352,暧昧,薛之谦,,5:12,B3A4E466F13F44FA0B91FA4EB8E6DECA,7818079,https://www.kugou.com/yy/rank/home/16-8888.html?from=rank
2026-07-31,2026-07-31T16:23:23+08:00,酷狗音乐,热歌榜,酷狗TOP500,2026-07-31,353,都有这一天,老中青民谣、小巷先生,,3:10,47029DA948301F7B495F81B15881C914,199411740,https://www.kugou.com/yy/rank/home/17-8888.html?from=rank
2026-07-31,2026-07-31T16:23:23+08:00,酷狗音乐,热歌榜,酷狗TOP500,2026-07-31,354,容易受伤的女人,王菲,,4:21,C4BDD79D611789B65B368283D4DDAB0F,980244,https://www.kugou.com/yy/rank/home/17-8888.html?from=rank
2026-07-31,2026-07-31T16:23:23+08:00,酷狗音乐,热歌榜,酷狗TOP500,2026-07-31,355,句号,G.E.M. 邓紫棋,,3:56,0EC0DFE7A4090B3C5C2C1831D7F3ED51,35503028,https://www.kugou.com/yy/rank/home/17-8888.html?from=rank
2026-07-31,2026-07-31T16:23:23+08:00,酷狗音乐,热歌榜,酷狗TOP500,2026-07-31,356,光年之外 (G.E.M.重生版),G.E.M. 邓紫棋,,3:55,B0EB2A1CC6832B3596E0D71E3CAFCD5F,150256944,https://www.kugou.com/yy/rank/home/17-8888.html?from=rank
2026-07-31,2026-07-31T16:23:23+08:00,酷狗音乐,热歌榜,酷狗TOP500,2026-07-31,357,雨蝶,李翊君,,3:51,C83424ACF417185057E278554B91D4C0,7549108,https://www.kugou.com/yy/rank/home/17-8888.html?from=rank
2026-07-31,2026-07-31T16:23:23+08:00,酷狗音乐,热歌榜,酷狗TOP500,2026-07-31,358,故乡,许巍,,5:14,9EFC9C93AB181E42113F226DFCFA454D,971568,https://www.kugou.com/yy/rank/home/17-8888.html?from=rank
2026-07-31,2026-07-31T16:23:23+08:00,酷狗音乐,热歌榜,酷狗TOP500,2026-07-31,359,本末,任素汐,,3:22,2591284F609E7EE9FEAF172570C88FBF,191975390,https://www.kugou.com/yy/rank/home/17-8888.html?from=rank
2026-07-31,2026-07-31T16:23:23+08:00,酷狗音乐,热歌榜,酷狗TOP500,2026-07-31,360,我曾像傻子一样爱你,老板,,4:03,85F18C8A9470C0BE7BD1D679ACFC6E21,171863030,https://www.kugou.com/yy/rank/home/17-8888.html?from=rank
2026-07-31,2026-07-31T16:23:23+08:00,酷狗音乐,热歌榜,酷狗TOP500,2026-07-31,361,阿衣莫,阿吉太组合,,5:14,000B4DC2694B23AD4258EE551A00C599,4138802,https://www.kugou.com/yy/rank/home/17-8888.html?from=rank
2026-07-31,2026-07-31T16:23:23+08:00,酷狗音乐,热歌榜,酷狗TOP500,2026-07-31,362,求佛,誓言,,4:46,7B7140B23A836DC6EE63B6CD48482402,7614,https://www.kugou.com/yy/rank/home/17-8888.html?from=rank
2026-07-31,2026-07-31T16:23:23+08:00,酷狗音乐,热歌榜,酷狗TOP500,2026-07-31,363,手写的从前,周杰伦,,4:58,C1992BBF6FB5BB2BB86DECF657509FD3,962593,https://www.kugou.com/yy/rank/home/17-8888.html?from=rank
2026-07-31,2026-07-31T16:23:23+08:00,酷狗音乐,热歌榜,酷狗TOP500,2026-07-31,364,再爱你也没用,范贵宾,,3:29,BDBD97AB8C5069D49A5159EB7EC60A72,197763885,https://www.kugou.com/yy/rank/home/17-8888.html?from=rank
2026-07-31,2026-07-31T16:23:23+08:00,酷狗音乐,热歌榜,酷狗TOP500,2026-07-31,365,像鱼,王贰浪,,4:45,6215C5A85B30E53C2E4C20C4DED38D72,13621986,https://www.kugou.com/yy/rank/home/17-8888.html?from=rank
2026-07-31,2026-07-31T16:23:23+08:00,酷狗音乐,热歌榜,酷狗TOP500,2026-07-31,366,跨不过的距离,虎二,,4:31,FED5892036FBD176F6FEAE973C565E59,38209191,https://www.kugou.com/yy/rank/home/17-8888.html?from=rank
2026-07-31,2026-07-31T16:23:23+08:00,酷狗音乐,热歌榜,酷狗TOP500,2026-07-31,367,左转灯 (1000 Times +1),派伟俊、mac ova seas,,3:17,E51ABAF534E7D2BA42DB5604421D4838,164658305,https://www.kugou.com/yy/rank/home/17-8888.html?from=rank
2026-07-31,2026-07-31T16:23:23+08:00,酷狗音乐,热歌榜,酷狗TOP500,2026-07-31,368,虚拟,陈粒,,4:01,AEF0740270FE89918F07807C8D669FB7,1749208,https://www.kugou.com/yy/rank/home/17-8888.html?from=rank
2026-07-31,2026-07-31T16:23:23+08:00,酷狗音乐,热歌榜,酷狗TOP500,2026-07-31,369,一程山路,毛不易,,3:36,F4B3D7DFFA85DAE7737243598153A168,34631159,https://www.kugou.com/yy/rank/home/17-8888.html?from=rank
2026-07-31,2026-07-31T16:23:23+08:00,酷狗音乐,热歌榜,酷狗TOP500,2026-07-31,370,第一次,光良,,4:23,2C202C0CE252384AD5022CC3A99B697A,930386,https://www.kugou.com/yy/rank/home/17-8888.html?from=rank
2026-07-31,2026-07-31T16:23:23+08:00,酷狗音乐,热歌榜,酷狗TOP500,2026-07-31,371,我听人说思念像风一样 (你看 起风了),KAI,,3:32,AE8B438E919935F2C81D91978E302CA7,200170880,https://www.kugou.com/yy/rank/home/17-8888.html?from=rank
2026-07-31,2026-07-31T16:23:23+08:00,酷狗音乐,热歌榜,酷狗TOP500,2026-07-31,372,淘汰,陈奕迅,,4:45,90C64A1FB2F32663FA8037D847AABB57,962514,https://www.kugou.com/yy/rank/home/17-8888.html?from=rank
2026-07-31,2026-07-31T16:23:23+08:00,酷狗音乐,热歌榜,酷狗TOP500,2026-07-31,373,月亮照山川,窝窝,,3:18,B96C803232E044E3D6308EAE37ADDE1D,142338715,https://www.kugou.com/yy/rank/home/17-8888.html?from=rank
2026-07-31,2026-07-31T16:23:23+08:00,酷狗音乐,热歌榜,酷狗TOP500,2026-07-31,374,情人,蔡徐坤,,3:15,120F234213ACB64E202B391612D5D9CA,37760326,https://www.kugou.com/yy/rank/home/17-8888.html?from=rank
2026-07-31,2026-07-31T16:23:23+08:00,酷狗音乐,热歌榜,酷狗TOP500,2026-07-31,375,我落泪情绪零碎,周杰伦,,4:18,27943EB1CBD46F7BB165B054CE6EBDC8,958812,https://www.kugou.com/yy/rank/home/18-8888.html?from=rank
2026-07-31,2026-07-31T16:23:23+08:00,酷狗音乐,热歌榜,酷狗TOP500,2026-07-31,376,茫,李润祺,,3:47,7B82C70A1736D61A28849DE87AA4B812,40168846,https://www.kugou.com/yy/rank/home/18-8888.html?from=rank
2026-07-31,2026-07-31T16:23:23+08:00,酷狗音乐,热歌榜,酷狗TOP500,2026-07-31,377,当爱在靠近,刘若英,,4:11,D988B9B4B769D979279D4AC9E84907F1,978209,https://www.kugou.com/yy/rank/home/18-8888.html?from=rank
2026-07-31,2026-07-31T16:23:23+08:00,酷狗音乐,热歌榜,酷狗TOP500,2026-07-31,378,麦恩莉,方大同,,4:48,3A08C7B067EC2E9B552AB8664490FCEB,971920,https://www.kugou.com/yy/rank/home/18-8888.html?from=rank
2026-07-31,2026-07-31T16:23:23+08:00,酷狗音乐,热歌榜,酷狗TOP500,2026-07-31,379,孤雏,AGA,,4:53,8BB44BFFC9A9CFC06706D37DA52B617B,1821989,https://www.kugou.com/yy/rank/home/18-8888.html?from=rank
2026-07-31,2026-07-31T16:23:23+08:00,酷狗音乐,热歌榜,酷狗TOP500,2026-07-31,380,可能,程响,,3:37,38B234C1135A5E9A4C98D55C058A4894,57727291,https://www.kugou.com/yy/rank/home/18-8888.html?from=rank
2026-07-31,2026-07-31T16:23:23+08:00,酷狗音乐,热歌榜,酷狗TOP500,2026-07-31,381,不负众望,陈婉菁,,3:55,B54BD54DD6B27B311A9F7E2CF9505D3E,62005607,https://www.kugou.com/yy/rank/home/18-8888.html?from=rank
2026-07-31,2026-07-31T16:23:23+08:00,酷狗音乐,热歌榜,酷狗TOP500,2026-07-31,382,表白,萧亚轩,,3:29,0521A7354DF37C1C9705A3E3FD204B95,18052287,https://www.kugou.com/yy/rank/home/18-8888.html?from=rank
2026-07-31,2026-07-31T16:23:23+08:00,酷狗音乐,热歌榜,酷狗TOP500,2026-07-31,383,小美满,周深,,3:34,04A21DB1AB3C8E0D1D8F51F11BDB03A1,83112420,https://www.kugou.com/yy/rank/home/18-8888.html?from=rank
2026-07-31,2026-07-31T16:23:23+08:00,酷狗音乐,热歌榜,酷狗TOP500,2026-07-31,384,这个年纪,齐一,,4:45,B44AD73957D993731BC125BF0A1EFFF5,2657166,https://www.kugou.com/yy/rank/home/18-8888.html?from=rank
2026-07-31,2026-07-31T16:23:23+08:00,酷狗音乐,热歌榜,酷狗TOP500,2026-07-31,385,走走,李荣浩,,5:04,0BD5B6F56CED35BB3380425EC02E1098,106374641,https://www.kugou.com/yy/rank/home/18-8888.html?from=rank
2026-07-31,2026-07-31T16:23:23+08:00,酷狗音乐,热歌榜,酷狗TOP500,2026-07-31,386,就让岁月开成一朵花,阿云朵,,5:19,AFEC70D28F29BB844F93D6BC3B8A5EE9,183681654,https://www.kugou.com/yy/rank/home/18-8888.html?from=rank
2026-07-31,2026-07-31T16:23:23+08:00,酷狗音乐,热歌榜,酷狗TOP500,2026-07-31,387,寂寞沙洲冷,周传雄,,4:35,36A4F5EAA748324A5D509D8EDC47699F,984377,https://www.kugou.com/yy/rank/home/18-8888.html?from=rank
2026-07-31,2026-07-31T16:23:23+08:00,酷狗音乐,热歌榜,酷狗TOP500,2026-07-31,388,怎么说我不爱你,萧敬腾,,4:35,30A31A94C77268C92886E00D912AC03B,958893,https://www.kugou.com/yy/rank/home/18-8888.html?from=rank
2026-07-31,2026-07-31T16:23:23+08:00,酷狗音乐,热歌榜,酷狗TOP500,2026-07-31,389,不如见一面,海来阿木,,4:08,A8CC7F0EA73DE4DE226B26C3F44DD563,80038154,https://www.kugou.com/yy/rank/home/18-8888.html?from=rank
2026-07-31,2026-07-31T16:23:23+08:00,酷狗音乐,热歌榜,酷狗TOP500,2026-07-31,390,你要的全拿走,胡彦斌,,4:59,489E4872BD06E51C969AE81748E78A10,8317330,https://www.kugou.com/yy/rank/home/18-8888.html?from=rank
2026-07-31,2026-07-31T16:23:23+08:00,酷狗音乐,热歌榜,酷狗TOP500,2026-07-31,391,回到过去,周杰伦,,3:54,79A00772CAC20558F4DC7780DA7BC5FC,961807,https://www.kugou.com/yy/rank/home/18-8888.html?from=rank
2026-07-31,2026-07-31T16:23:23+08:00,酷狗音乐,热歌榜,酷狗TOP500,2026-07-31,392,爱在西元前,周杰伦,,3:54,66B756FB1331807B032EF97F7BA9948E,958706,https://www.kugou.com/yy/rank/home/18-8888.html?from=rank
2026-07-31,2026-07-31T16:23:23+08:00,酷狗音乐,热歌榜,酷狗TOP500,2026-07-31,393,半点心,草蜢,,3:52,6DF94BFD206BB819120C0D021B93EDBC,564642,https://www.kugou.com/yy/rank/home/18-8888.html?from=rank
2026-07-31,2026-07-31T16:23:23+08:00,酷狗音乐,热歌榜,酷狗TOP500,2026-07-31,394,单身情歌,林志炫,,4:35,ACD27A452FE3D0348D38540762DA7BEB,971171,https://www.kugou.com/yy/rank/home/18-8888.html?from=rank
2026-07-31,2026-07-31T16:23:23+08:00,酷狗音乐,热歌榜,酷狗TOP500,2026-07-31,395,不甘 (烟嗓微醺版),涂一乐,,3:14,CEE987401D7D2B66C266A7CABC347B94,200143319,https://www.kugou.com/yy/rank/home/18-8888.html?from=rank
2026-07-31,2026-07-31T16:23:23+08:00,酷狗音乐,热歌榜,酷狗TOP500,2026-07-31,396,有点甜,汪苏泷、BY2,,3:55,99CFDC717FEB7DABCD8A6392D821FC08,516425,https://www.kugou.com/yy/rank/home/18-8888.html?from=rank
2026-07-31,2026-07-31T16:23:23+08:00,酷狗音乐,热歌榜,酷狗TOP500,2026-07-31,397,我的秘密 (G.E.M.重生版),G.E.M. 邓紫棋,,4:10,427CD3B1785609EE485CA3BCD6608FFE,150256944,https://www.kugou.com/yy/rank/home/19-8888.html?from=rank
2026-07-31,2026-07-31T16:23:23+08:00,酷狗音乐,热歌榜,酷狗TOP500,2026-07-31,398,相遇的意义 (烟嗓R&B版),落日微醺,,3:09,1DB50CE5AFC2AE239D1E0E68C8A21B1A,196504361,https://www.kugou.com/yy/rank/home/19-8888.html?from=rank
2026-07-31,2026-07-31T16:23:23+08:00,酷狗音乐,热歌榜,酷狗TOP500,2026-07-31,399,最后的借口,h3R3刘清云、罗可Lorkin,,3:44,706B222A3B62060A17C8C4F87B3FEF17,199501920,https://www.kugou.com/yy/rank/home/19-8888.html?from=rank
2026-07-31,2026-07-31T16:23:23+08:00,酷狗音乐,热歌榜,酷狗TOP500,2026-07-31,400,晚风心里吹,阿梨粤,,3:07,DFFB8F6768AC5044881BB6DD11BDED53,55808898,https://www.kugou.com/yy/rank/home/19-8888.html?from=rank
2026-07-31,2026-07-31T16:23:23+08:00,酷狗音乐,热歌榜,酷狗TOP500,2026-07-31,401,三国恋,Tank,,4:06,1325E661C6044048943A8D7D417ED280,966742,https://www.kugou.com/yy/rank/home/19-8888.html?from=rank
2026-07-31,2026-07-31T16:23:23+08:00,酷狗音乐,热歌榜,酷狗TOP500,2026-07-31,402,手放开,李圣杰,,4:25,022583751858F1E3558F32EC4ECF7DD5,959847,https://www.kugou.com/yy/rank/home/19-8888.html?from=rank
2026-07-31,2026-07-31T16:23:23+08:00,酷狗音乐,热歌榜,酷狗TOP500,2026-07-31,403,玉芬啊玉芬你让彪哥好伤心,老韩很哇塞,,3:00,AFF2135F30F90B6768AF3320505559CF,177493243,https://www.kugou.com/yy/rank/home/19-8888.html?from=rank
2026-07-31,2026-07-31T16:23:23+08:00,酷狗音乐,热歌榜,酷狗TOP500,2026-07-31,404,我太笨,锤娜丽莎,,4:25,A5D4F40382C0DF1A95A48A617793F03E,46432417,https://www.kugou.com/yy/rank/home/19-8888.html?from=rank
2026-07-31,2026-07-31T16:23:23+08:00,酷狗音乐,热歌榜,酷狗TOP500,2026-07-31,405,离别开出花 (弹唱版),就是南方凯,,2:52,67911051D7E5B9B3343847D73BF883F5,81781305,https://www.kugou.com/yy/rank/home/19-8888.html?from=rank
2026-07-31,2026-07-31T16:23:23+08:00,酷狗音乐,热歌榜,酷狗TOP500,2026-07-31,406,睡过你的枕边 (爆发女版),雨姐,,2:22,954158DE9546FB7DD59ACCBD21A565A7,193064563,https://www.kugou.com/yy/rank/home/19-8888.html?from=rank
2026-07-31,2026-07-31T16:23:23+08:00,酷狗音乐,热歌榜,酷狗TOP500,2026-07-31,407,意外,薛之谦,,4:52,04E0EDE41EA3CCFF76C04F414E1D03A7,960327,https://www.kugou.com/yy/rank/home/19-8888.html?from=rank
2026-07-31,2026-07-31T16:23:23+08:00,酷狗音乐,热歌榜,酷狗TOP500,2026-07-31,408,相思,毛阿敏,,3:02,FE1F0058EAC6B344D03DB2D0D4315EA1,967188,https://www.kugou.com/yy/rank/home/19-8888.html?from=rank
2026-07-31,2026-07-31T16:23:23+08:00,酷狗音乐,热歌榜,酷狗TOP500,2026-07-31,409,天下,张杰,,3:42,17B11C65674378CA43995537331E1D9C,38606351,https://www.kugou.com/yy/rank/home/19-8888.html?from=rank
2026-07-31,2026-07-31T16:23:23+08:00,酷狗音乐,热歌榜,酷狗TOP500,2026-07-31,410,指纹,杜宣达,,4:00,EAF4CB91DA618DBEDC751F54B3B3620D,50057639,https://www.kugou.com/yy/rank/home/19-8888.html?from=rank
2026-07-31,2026-07-31T16:23:23+08:00,酷狗音乐,热歌榜,酷狗TOP500,2026-07-31,411,如果这就是爱情,张靓颖,,4:43,4E871DF1E2034CF6BAAD7B03D2386058,2597425,https://www.kugou.com/yy/rank/home/19-8888.html?from=rank
2026-07-31,2026-07-31T16:23:23+08:00,酷狗音乐,热歌榜,酷狗TOP500,2026-07-31,412,读心术,卓文萱,,4:20,3F98A771F8F33556966A9990F66D95C4,965920,https://www.kugou.com/yy/rank/home/19-8888.html?from=rank
2026-07-31,2026-07-31T16:23:23+08:00,酷狗音乐,热歌榜,酷狗TOP500,2026-07-31,413,少一点天份,孙盛希,,4:35,FFD1F05E5D06A1DDFAEDFE6A3379A271,566029,https://www.kugou.com/yy/rank/home/19-8888.html?from=rank
2026-07-31,2026-07-31T16:23:23+08:00,酷狗音乐,热歌榜,酷狗TOP500,2026-07-31,414,我漂泊的船能不能靠在你的岸,沙哑大叔,,3:57,CFF8A99F25DCFB42F10F7C4BFCB57EA1,183209266,https://www.kugou.com/yy/rank/home/19-8888.html?from=rank
2026-07-31,2026-07-31T16:23:23+08:00,酷狗音乐,热歌榜,酷狗TOP500,2026-07-31,415,whistle,八方BAFANG,,5:13,9A060F115050E98F3CB9E9229AB30DF6,199629909,https://www.kugou.com/yy/rank/home/19-8888.html?from=rank
2026-07-31,2026-07-31T16:23:23+08:00,酷狗音乐,热歌榜,酷狗TOP500,2026-07-31,416,突然想起你,萧亚轩,,3:54,7D31D9DC20F5A50B3D660C1A54434E1E,980330,https://www.kugou.com/yy/rank/home/19-8888.html?from=rank
2026-07-31,2026-07-31T16:23:23+08:00,酷狗音乐,热歌榜,酷狗TOP500,2026-07-31,417,西楼儿女,海来阿木,,4:18,84DA47460010F3D91E203F777233DAA4,62931439,https://www.kugou.com/yy/rank/home/19-8888.html?from=rank
2026-07-31,2026-07-31T16:23:23+08:00,酷狗音乐,热歌榜,酷狗TOP500,2026-07-31,418,痴心绝对,李圣杰,,4:22,2B7176CC7B1E7F5A136A5A1E1AACD365,966511,https://www.kugou.com/yy/rank/home/19-8888.html?from=rank
2026-07-31,2026-07-31T16:23:23+08:00,酷狗音乐,热歌榜,酷狗TOP500,2026-07-31,419,我想念,汪苏泷,,3:45,A6545AABFE93C5495BA8ADB2A555B84F,76163380,https://www.kugou.com/yy/rank/home/20-8888.html?from=rank
2026-07-31,2026-07-31T16:23:23+08:00,酷狗音乐,热歌榜,酷狗TOP500,2026-07-31,420,鲜花,回春丹乐队,,5:41,7AB95100C11973D7A29B0F4AA61AB5EC,78809386,https://www.kugou.com/yy/rank/home/20-8888.html?from=rank
2026-07-31,2026-07-31T16:23:23+08:00,酷狗音乐,热歌榜,酷狗TOP500,2026-07-31,421,有一种爱叫做放手,阿木,,4:24,8ACE2D4510E26FBDC4736055C5AE4B03,971509,https://www.kugou.com/yy/rank/home/20-8888.html?from=rank
2026-07-31,2026-07-31T16:23:23+08:00,酷狗音乐,热歌榜,酷狗TOP500,2026-07-31,422,悬溺,葛东琪,,3:17,666484E904A54B1E62C9FBFDBE6E2563,23773597,https://www.kugou.com/yy/rank/home/20-8888.html?from=rank
2026-07-31,2026-07-31T16:23:23+08:00,酷狗音乐,热歌榜,酷狗TOP500,2026-07-31,423,下雨天,南拳妈妈,,4:13,947127F991A6A4FF77C89779E6B25AF4,983794,https://www.kugou.com/yy/rank/home/20-8888.html?from=rank
2026-07-31,2026-07-31T16:23:23+08:00,酷狗音乐,热歌榜,酷狗TOP500,2026-07-31,424,不再犹豫,BEYOND,,4:15,C477FE5B38147B7522DFCF3DC5BB8A6B,8176296,https://www.kugou.com/yy/rank/home/20-8888.html?from=rank
2026-07-31,2026-07-31T16:23:23+08:00,酷狗音乐,热歌榜,酷狗TOP500,2026-07-31,425,媚人,薛之谦,,3:46,E483477C86BE5ECCAFBF090F0E8F866B,199628146,https://www.kugou.com/yy/rank/home/20-8888.html?from=rank
2026-07-31,2026-07-31T16:23:23+08:00,酷狗音乐,热歌榜,酷狗TOP500,2026-07-31,426,这世界那么多人,莫文蔚,,4:46,8217FD6FE2973658781FB08DA4F8C4D6,44349469,https://www.kugou.com/yy/rank/home/20-8888.html?from=rank
2026-07-31,2026-07-31T16:23:23+08:00,酷狗音乐,热歌榜,酷狗TOP500,2026-07-31,427,选择失忆,季彦霖,,4:39,6ED5E6DAA2F1A97A2EA5B1113F469BA7,8441500,https://www.kugou.com/yy/rank/home/20-8888.html?from=rank
2026-07-31,2026-07-31T16:23:23+08:00,酷狗音乐,热歌榜,酷狗TOP500,2026-07-31,428,反方向的钟,周杰伦,,4:18,A6049AAB184A305CAA906C6BBB8E8233,978031,https://www.kugou.com/yy/rank/home/20-8888.html?from=rank
2026-07-31,2026-07-31T16:23:23+08:00,酷狗音乐,热歌榜,酷狗TOP500,2026-07-31,429,K歌之王 (粤语版),陈奕迅,,3:42,86B9F10B3EDFAF51E71F48D8B37B043B,2996273,https://www.kugou.com/yy/rank/home/20-8888.html?from=rank
2026-07-31,2026-07-31T16:23:23+08:00,酷狗音乐,热歌榜,酷狗TOP500,2026-07-31,430,命运,家家,,3:51,B149A3BFD19481F91B9A652AA8EA21C1,959745,https://www.kugou.com/yy/rank/home/20-8888.html?from=rank
2026-07-31,2026-07-31T16:23:23+08:00,酷狗音乐,热歌榜,酷狗TOP500,2026-07-31,431,愿与愁,林俊杰,,3:52,4A2A7260442B0A5D5F17295F1DD7241B,71681690,https://www.kugou.com/yy/rank/home/20-8888.html?from=rank
2026-07-31,2026-07-31T16:23:23+08:00,酷狗音乐,热歌榜,酷狗TOP500,2026-07-31,432,深爱过的人怎么放手,万能和弦,,3:57,43E2C5962E6540E6649B45F9212BFF06,179359732,https://www.kugou.com/yy/rank/home/20-8888.html?from=rank
2026-07-31,2026-07-31T16:23:23+08:00,酷狗音乐,热歌榜,酷狗TOP500,2026-07-31,433,去有风的地方,郁可唯,,3:51,603C05D769BD7865CCAF8070DAC75CC8,67547464,https://www.kugou.com/yy/rank/home/20-8888.html?from=rank
2026-07-31,2026-07-31T16:23:23+08:00,酷狗音乐,热歌榜,酷狗TOP500,2026-07-31,434,修炼爱情,林俊杰,,4:47,8748C12719DCA9F588B1118AC05F6BF8,972188,https://www.kugou.com/yy/rank/home/20-8888.html?from=rank
2026-07-31,2026-07-31T16:23:23+08:00,酷狗音乐,热歌榜,酷狗TOP500,2026-07-31,435,别怕我伤心,张信哲,,4:47,976677A739F25908591FA822CB1F1DF3,538030,https://www.kugou.com/yy/rank/home/20-8888.html?from=rank
2026-07-31,2026-07-31T16:23:23+08:00,酷狗音乐,热歌榜,酷狗TOP500,2026-07-31,436,单车,陈奕迅,,3:31,3FA554270A2AE0FE64AAACDDDBD8D0B7,504206,https://www.kugou.com/yy/rank/home/20-8888.html?from=rank
2026-07-31,2026-07-31T16:23:23+08:00,酷狗音乐,热歌榜,酷狗TOP500,2026-07-31,437,我不配,周杰伦,,4:49,00CBE76AE7676D5D2A3D832D202C8FFD,979856,https://www.kugou.com/yy/rank/home/20-8888.html?from=rank
2026-07-31,2026-07-31T16:23:23+08:00,酷狗音乐,热歌榜,酷狗TOP500,2026-07-31,438,世界赠予我的,王菲,,4:04,BE84F84C55D0D1B458158092272CC3A8,135677703,https://www.kugou.com/yy/rank/home/20-8888.html?from=rank
2026-07-31,2026-07-31T16:23:23+08:00,酷狗音乐,热歌榜,酷狗TOP500,2026-07-31,439,大城小爱,王力宏,,3:45,3EAF74E9E5065C03B050F356F0567311,2820176,https://www.kugou.com/yy/rank/home/20-8888.html?from=rank
2026-07-31,2026-07-31T16:23:23+08:00,酷狗音乐,热歌榜,酷狗TOP500,2026-07-31,440,明天，你好,牛奶咖啡,,4:32,A9527F71F7149F13E1F78B23C25DD30B,967562,https://www.kugou.com/yy/rank/home/20-8888.html?from=rank
2026-07-31,2026-07-31T16:23:23+08:00,酷狗音乐,热歌榜,酷狗TOP500,2026-07-31,441,花落花,陈少熙,,4:10,43495EE9D35E1071F7E666A49CC0B645,201202257,https://www.kugou.com/yy/rank/home/21-8888.html?from=rank
2026-07-31,2026-07-31T16:23:23+08:00,酷狗音乐,热歌榜,酷狗TOP500,2026-07-31,442,多情种,胡杨林,,4:47,5073FDDE229BBFEF04DBBA5E3FB44F56,8455212,https://www.kugou.com/yy/rank/home/21-8888.html?from=rank
2026-07-31,2026-07-31T16:23:23+08:00,酷狗音乐,热歌榜,酷狗TOP500,2026-07-31,443,一生中最爱,谭咏麟,,4:19,360AD5530A95B8983E2AB369607A7D1B,960008,https://www.kugou.com/yy/rank/home/21-8888.html?from=rank
2026-07-31,2026-07-31T16:23:23+08:00,酷狗音乐,热歌榜,酷狗TOP500,2026-07-31,444,那些年,胡夏,,6:11,95A46E232F3F0CFFDA7811B7D9C8E6C4,542864,https://www.kugou.com/yy/rank/home/21-8888.html?from=rank
2026-07-31,2026-07-31T16:23:23+08:00,酷狗音乐,热歌榜,酷狗TOP500,2026-07-31,445,人间,王菲,,4:45,AEC30C06392150FB0F3A8FAC4C57E784,20142,https://www.kugou.com/yy/rank/home/21-8888.html?from=rank
2026-07-31,2026-07-31T16:23:23+08:00,酷狗音乐,热歌榜,酷狗TOP500,2026-07-31,446,沈园外,阿YueYue、戾格、小田音乐社,,3:43,9B46F3774EEC55D47508E93A468FF5FC,40796517,https://www.kugou.com/yy/rank/home/21-8888.html?from=rank
2026-07-31,2026-07-31T16:23:23+08:00,酷狗音乐,热歌榜,酷狗TOP500,2026-07-31,447,My Bed (Explicit),Leah Kate,,2:44,6E6104198DA489F603C8F4C5D2E7FF4C,65853253,https://www.kugou.com/yy/rank/home/21-8888.html?from=rank
2026-07-31,2026-07-31T16:23:23+08:00,酷狗音乐,热歌榜,酷狗TOP500,2026-07-31,448,同手同脚,温岚,,4:18,1DB5F549DF57C1C9553D9BDD735C763A,2997107,https://www.kugou.com/yy/rank/home/21-8888.html?from=rank
2026-07-31,2026-07-31T16:23:23+08:00,酷狗音乐,热歌榜,酷狗TOP500,2026-07-31,449,借口,枕星而歌,,2:37,92FEA67D36C8178F418F5FF71096945D,191018202,https://www.kugou.com/yy/rank/home/21-8888.html?from=rank
2026-07-31,2026-07-31T16:23:23+08:00,酷狗音乐,热歌榜,酷狗TOP500,2026-07-31,450,有我呢,郭一凡,,4:35,8E21C8F3484FB56833F563754A05CB25,32452531,https://www.kugou.com/yy/rank/home/21-8888.html?from=rank
2026-07-31,2026-07-31T16:23:23+08:00,酷狗音乐,热歌榜,酷狗TOP500,2026-07-31,451,主角,王菲,,5:00,5AC9B20840021F9BE51D76C3067BCC26,189702143,https://www.kugou.com/yy/rank/home/21-8888.html?from=rank
2026-07-31,2026-07-31T16:23:23+08:00,酷狗音乐,热歌榜,酷狗TOP500,2026-07-31,452,天若有情,A-Lin,,4:17,2E6CE4E79982AE2119A69C1D30537EA2,1805426,https://www.kugou.com/yy/rank/home/21-8888.html?from=rank
2026-07-31,2026-07-31T16:23:23+08:00,酷狗音乐,热歌榜,酷狗TOP500,2026-07-31,453,연애의 조건 (恋爱的条件),BESTie,,3:12,FBE0D895B585AFAD693FE42529311608,959733,https://www.kugou.com/yy/rank/home/21-8888.html?from=rank
2026-07-31,2026-07-31T16:23:23+08:00,酷狗音乐,热歌榜,酷狗TOP500,2026-07-31,454,大眠,王心凌,,4:00,A7FABF26BF07963E8BFB7705DBB503FC,13487578,https://www.kugou.com/yy/rank/home/21-8888.html?from=rank
2026-07-31,2026-07-31T16:23:23+08:00,酷狗音乐,热歌榜,酷狗TOP500,2026-07-31,455,梦幻诛仙,汪苏泷,,4:05,57DD6F0DD26A3FB4FAE122D7FAA418B0,1816146,https://www.kugou.com/yy/rank/home/21-8888.html?from=rank
2026-07-31,2026-07-31T16:23:23+08:00,酷狗音乐,热歌榜,酷狗TOP500,2026-07-31,456,清空,王忻辰、苏星婕,,2:57,13D65D3EE2C3D720800610D53BECA492,41190434,https://www.kugou.com/yy/rank/home/21-8888.html?from=rank
2026-07-31,2026-07-31T16:23:23+08:00,酷狗音乐,热歌榜,酷狗TOP500,2026-07-31,457,只若初见,张德伊玲,,3:24,0AC57BC59B96F7BF216744F93617FC8B,58285492,https://www.kugou.com/yy/rank/home/21-8888.html?from=rank
2026-07-31,2026-07-31T16:23:23+08:00,酷狗音乐,热歌榜,酷狗TOP500,2026-07-31,458,玫瑰花的葬礼,许嵩,,4:21,0A335E9374392B72E5965D8F6165E564,1968878,https://www.kugou.com/yy/rank/home/21-8888.html?from=rank
2026-07-31,2026-07-31T16:23:23+08:00,酷狗音乐,热歌榜,酷狗TOP500,2026-07-31,459,风若是拦不住,亚飞,,3:17,580E4A7F99C7C8C8959627E5D33C8FC7,200516203,https://www.kugou.com/yy/rank/home/21-8888.html?from=rank
2026-07-31,2026-07-31T16:23:23+08:00,酷狗音乐,热歌榜,酷狗TOP500,2026-07-31,460,传奇,王菲,,4:56,A72FE2B2521CE45FD632AC3E559F6691,959238,https://www.kugou.com/yy/rank/home/21-8888.html?from=rank
2026-07-31,2026-07-31T16:23:23+08:00,酷狗音乐,热歌榜,酷狗TOP500,2026-07-31,461,美丽的神话,孙楠、韩红,,4:52,877281C8E094A848F022BCAAA76945CB,964166,https://www.kugou.com/yy/rank/home/21-8888.html?from=rank
2026-07-31,2026-07-31T16:23:23+08:00,酷狗音乐,热歌榜,酷狗TOP500,2026-07-31,462,我爱的是爱我的你,纯手动洗衣机,,3:40,E8A313D72B0624C85227D48D5D55BF6F,184901497,https://www.kugou.com/yy/rank/home/21-8888.html?from=rank
2026-07-31,2026-07-31T16:23:23+08:00,酷狗音乐,热歌榜,酷狗TOP500,2026-07-31,463,目瑙纵歌,Zhen Zhen （半夏水玉）,,4:33,7A4D7128DA4CC9C7670CC9E355C079A0,178112369,https://www.kugou.com/yy/rank/home/22-8888.html?from=rank
2026-07-31,2026-07-31T16:23:23+08:00,酷狗音乐,热歌榜,酷狗TOP500,2026-07-31,464,下辈子不一定还能遇见你,陈雅森,,3:59,83FC2CC990AD148882949E2A9B5523E1,35787261,https://www.kugou.com/yy/rank/home/22-8888.html?from=rank
2026-07-31,2026-07-31T16:23:23+08:00,酷狗音乐,热歌榜,酷狗TOP500,2026-07-31,465,天亮以前说再见 (雪花多舍不得冬天),四熹丸子,,3:53,36255921966B48B35A6E31D843C1CDD4,133064388,https://www.kugou.com/yy/rank/home/22-8888.html?from=rank
2026-07-31,2026-07-31T16:23:23+08:00,酷狗音乐,热歌榜,酷狗TOP500,2026-07-31,466,你想要的,颜人中,,3:53,6012E4AB4265603B548966BF5E85FC9B,36812133,https://www.kugou.com/yy/rank/home/22-8888.html?from=rank
2026-07-31,2026-07-31T16:23:23+08:00,酷狗音乐,热歌榜,酷狗TOP500,2026-07-31,467,谢谢你,刀郎,,5:57,3DEC8B7A042EBD960FE43C7D5FA33ED9,559697,https://www.kugou.com/yy/rank/home/22-8888.html?from=rank
2026-07-31,2026-07-31T16:23:23+08:00,酷狗音乐,热歌榜,酷狗TOP500,2026-07-31,468,一个人想着一个人 (说唱版),艾比利,,3:09,A4C9C11B5C6CD698FBA54D0AB3FE71CA,102363749,https://www.kugou.com/yy/rank/home/22-8888.html?from=rank
2026-07-31,2026-07-31T16:23:23+08:00,酷狗音乐,热歌榜,酷狗TOP500,2026-07-31,469,可惜春风不懂我伤悲,范贵宾,,3:28,51322D0ED8F8CE337E61DA61AD45E698,181550159,https://www.kugou.com/yy/rank/home/22-8888.html?from=rank
2026-07-31,2026-07-31T16:23:23+08:00,酷狗音乐,热歌榜,酷狗TOP500,2026-07-31,470,追光者,岑宁儿,,3:56,03F818EF5B72D16F65BD6298FB99B440,2706911,https://www.kugou.com/yy/rank/home/22-8888.html?from=rank
2026-07-31,2026-07-31T16:23:23+08:00,酷狗音乐,热歌榜,酷狗TOP500,2026-07-31,471,情罪,陈瑞,,4:45,9642484D6F37650295B370CD52553DC5,80617215,https://www.kugou.com/yy/rank/home/22-8888.html?from=rank
2026-07-31,2026-07-31T16:23:23+08:00,酷狗音乐,热歌榜,酷狗TOP500,2026-07-31,472,不如见一面2026,海来阿木,,3:57,4866C4CEB901B773ABD6276802E393C9,181816199,https://www.kugou.com/yy/rank/home/22-8888.html?from=rank
2026-07-31,2026-07-31T16:23:23+08:00,酷狗音乐,热歌榜,酷狗TOP500,2026-07-31,473,初恋情人,刘小慧,,4:40,24BD04781E52FE8E7FAB2A6452D85320,532546,https://www.kugou.com/yy/rank/home/22-8888.html?from=rank
2026-07-31,2026-07-31T16:23:23+08:00,酷狗音乐,热歌榜,酷狗TOP500,2026-07-31,474,竞速游戏,TOP登陆少年组合,,3:12,54430ED66CD1E96F6E729791C349CC57,200664416,https://www.kugou.com/yy/rank/home/22-8888.html?from=rank
2026-07-31,2026-07-31T16:23:23+08:00,酷狗音乐,热歌榜,酷狗TOP500,2026-07-31,475,谁,洋澜一,,3:40,445C54E59AB287FCF15D68FAF92CD9B7,89608819,https://www.kugou.com/yy/rank/home/22-8888.html?from=rank
2026-07-31,2026-07-31T16:23:23+08:00,酷狗音乐,热歌榜,酷狗TOP500,2026-07-31,476,忘了你 忘了我,王杰,,4:40,C09030D0EF71188A5ED48C991E635D8A,517177,https://www.kugou.com/yy/rank/home/22-8888.html?from=rank
2026-07-31,2026-07-31T16:23:23+08:00,酷狗音乐,热歌榜,酷狗TOP500,2026-07-31,477,给我一首歌的时间,周杰伦,,4:14,237FD34BF80D05228D4A43F6CD5BEECF,960399,https://www.kugou.com/yy/rank/home/22-8888.html?from=rank
2026-07-31,2026-07-31T16:23:23+08:00,酷狗音乐,热歌榜,酷狗TOP500,2026-07-31,478,刚好遇见你,李玉刚,,3:20,58B004C56B6AB6CE1CA3C1E8C6781D0E,1820033,https://www.kugou.com/yy/rank/home/22-8888.html?from=rank
2026-07-31,2026-07-31T16:23:23+08:00,酷狗音乐,热歌榜,酷狗TOP500,2026-07-31,479,莫问归期,蒋雪儿Snow.J,,3:39,F0E418FB19E8D295D0F78E50AE3B7E30,27453193,https://www.kugou.com/yy/rank/home/22-8888.html?from=rank
2026-07-31,2026-07-31T16:23:23+08:00,酷狗音乐,热歌榜,酷狗TOP500,2026-07-31,480,零距离的思念,TINY7,,3:06,279A50FF5784F3A92F0ABB689B0335EE,137584528,https://www.kugou.com/yy/rank/home/22-8888.html?from=rank
2026-07-31,2026-07-31T16:23:23+08:00,酷狗音乐,热歌榜,酷狗TOP500,2026-07-31,481,包容,郑源,,4:23,34000A6CA0043801440E74059F4759EF,967724,https://www.kugou.com/yy/rank/home/22-8888.html?from=rank
2026-07-31,2026-07-31T16:23:23+08:00,酷狗音乐,热歌榜,酷狗TOP500,2026-07-31,482,到时说爱我,茜拉 (Shila Amzah),,3:22,06085E4FDF0789E8C53561ADA39EDB79,58314622,https://www.kugou.com/yy/rank/home/22-8888.html?from=rank
2026-07-31,2026-07-31T16:23:23+08:00,酷狗音乐,热歌榜,酷狗TOP500,2026-07-31,483,红蔷薇白玫瑰 (G.E.M.重生版),G.E.M. 邓紫棋,,4:45,FF4AAAE19876C6F2B9B888794FA6E664,150256944,https://www.kugou.com/yy/rank/home/22-8888.html?from=rank
2026-07-31,2026-07-31T16:23:23+08:00,酷狗音乐,热歌榜,酷狗TOP500,2026-07-31,484,遇上你是我的缘,央金兰泽,,3:27,5F84C75779CC014F3DC67FBCE90C651E,168286349,https://www.kugou.com/yy/rank/home/22-8888.html?from=rank
2026-07-31,2026-07-31T16:23:23+08:00,酷狗音乐,热歌榜,酷狗TOP500,2026-07-31,485,一万个理由,郑源,,4:25,6BE0597021C8E5E3D7A9AE5FB782947A,977094,https://www.kugou.com/yy/rank/home/23-8888.html?from=rank
2026-07-31,2026-07-31T16:23:23+08:00,酷狗音乐,热歌榜,酷狗TOP500,2026-07-31,486,也许在下雨天 (眼泪才不被看见),向思思,,3:47,5251BCAF8CD6D7B43C4528F3AE53BAED,197728284,https://www.kugou.com/yy/rank/home/23-8888.html?from=rank
2026-07-31,2026-07-31T16:23:23+08:00,酷狗音乐,热歌榜,酷狗TOP500,2026-07-31,487,春泥,余超颖,,4:01,24E58A122DCBE890FBC87A275244BF22,55863407,https://www.kugou.com/yy/rank/home/23-8888.html?from=rank
2026-07-31,2026-07-31T16:23:23+08:00,酷狗音乐,热歌榜,酷狗TOP500,2026-07-31,488,Dear John,比莉,,5:11,71951213A1C3C313DEEB017D3C9E77CC,2528933,https://www.kugou.com/yy/rank/home/23-8888.html?from=rank
2026-07-31,2026-07-31T16:23:23+08:00,酷狗音乐,热歌榜,酷狗TOP500,2026-07-31,489,男孩 (Live),梁博,,5:12,7888BA9869F728304E06047048137CDD,1985016,https://www.kugou.com/yy/rank/home/23-8888.html?from=rank
2026-07-31,2026-07-31T16:23:23+08:00,酷狗音乐,热歌榜,酷狗TOP500,2026-07-31,490,也许在下雨天 (雷鬼版),白兰的,,4:39,475C69BA60AECD59F26F8B5BBBD70633,197843226,https://www.kugou.com/yy/rank/home/23-8888.html?from=rank
2026-07-31,2026-07-31T16:23:23+08:00,酷狗音乐,热歌榜,酷狗TOP500,2026-07-31,491,还是分开,张叶蕾,,3:49,A9B126E712C82BAB3CCCA272BE4B84E4,51924399,https://www.kugou.com/yy/rank/home/23-8888.html?from=rank
2026-07-31,2026-07-31T16:23:23+08:00,酷狗音乐,热歌榜,酷狗TOP500,2026-07-31,492,问爱,Yamy郭颖,,3:02,E35C44C974EAE0C29D62C8945D4D71F5,196970329,https://www.kugou.com/yy/rank/home/23-8888.html?from=rank
2026-07-31,2026-07-31T16:23:23+08:00,酷狗音乐,热歌榜,酷狗TOP500,2026-07-31,493,周旋,王以太、艾热AIR,,4:50,D4B5A2762AD5716EB290DD452721B5E4,198788223,https://www.kugou.com/yy/rank/home/23-8888.html?from=rank
2026-07-31,2026-07-31T16:23:23+08:00,酷狗音乐,热歌榜,酷狗TOP500,2026-07-31,494,天龙八部之宿敌,许嵩,,4:24,9092283E08915874302A9C64032BC79D,503947,https://www.kugou.com/yy/rank/home/23-8888.html?from=rank
2026-07-31,2026-07-31T16:23:23+08:00,酷狗音乐,热歌榜,酷狗TOP500,2026-07-31,495,像风一样,薛之谦,,4:15,ACC9BB4136622B3E2BA561B87FFF00D9,7818079,https://www.kugou.com/yy/rank/home/23-8888.html?from=rank
2026-07-31,2026-07-31T16:23:23+08:00,酷狗音乐,热歌榜,酷狗TOP500,2026-07-31,496,咏春,七朵组合,,4:31,9C54B0CCA0581987E92560F11413E88F,8344834,https://www.kugou.com/yy/rank/home/23-8888.html?from=rank
2026-07-31,2026-07-31T16:23:23+08:00,酷狗音乐,热歌榜,酷狗TOP500,2026-07-31,497,颜色,Gareth.T,,3:31,550CDD3C7EA9939D258C0A976B3FA0E4,145760181,https://www.kugou.com/yy/rank/home/23-8888.html?from=rank
2026-07-31,2026-07-31T16:23:23+08:00,酷狗音乐,热歌榜,酷狗TOP500,2026-07-31,498,那天下雨了,周杰伦,,3:43,1335F720C701863F127FB14CCC9C08A2,179652761,https://www.kugou.com/yy/rank/home/23-8888.html?from=rank
2026-07-31,2026-07-31T16:23:23+08:00,酷狗音乐,热歌榜,酷狗TOP500,2026-07-31,499,姑娘别哭泣,柯柯柯啊,,3:56,1B537C99761F8F25AEFFF30B6DCE08D5,77472711,https://www.kugou.com/yy/rank/home/23-8888.html?from=rank
2026-07-31,2026-07-31T16:23:23+08:00,酷狗音乐,热歌榜,酷狗TOP500,2026-07-31,500,The Cure,Lady Gaga,,3:31,3EF072E796A8CF441C83BC751BCB5C38,1994338,https://www.kugou.com/yy/rank/home/23-8888.html?from=rank
2026-07-31,2026-07-31T16:23:23+08:00,酷狗音乐,飙升榜,酷狗飙升榜,2026-07-31,1,也许你就在对岸,张杰,,3:00,4AD43FA556262579243CA41E8B898AE3,201303666,https://www.kugou.com/yy/rank/home/1-6666.html?from=rank
2026-07-31,2026-07-31T16:23:23+08:00,酷狗音乐,飙升榜,酷狗飙升榜,2026-07-31,2,如果他真的温柔,郑大钱,,4:01,5FB23F64B70D9A347C99721969F9DD34,197731141,https://www.kugou.com/yy/rank/home/1-6666.html?from=rank
2026-07-31,2026-07-31T16:23:23+08:00,酷狗音乐,飙升榜,酷狗飙升榜,2026-07-31,3,飞行少年团 (空军招飞主题歌曲),易烊千玺,,3:13,EDB3369E9819016A805560E36560E953,201335014,https://www.kugou.com/yy/rank/home/1-6666.html?from=rank
2026-07-31,2026-07-31T16:23:23+08:00,酷狗音乐,飙升榜,酷狗飙升榜,2026-07-31,4,深深浅浅悟人生,河南三妹5233,,3:18,37FAF97AA6053FE917A8A3647E1580A8,200832705,https://www.kugou.com/yy/rank/home/1-6666.html?from=rank
2026-07-31,2026-07-31T16:23:23+08:00,酷狗音乐,飙升榜,酷狗飙升榜,2026-07-31,5,讨厌情歌,张艺兴,,2:36,BF165D36608EE35227F9C4E6E1737999,197848865,https://www.kugou.com/yy/rank/home/1-6666.html?from=rank
2026-07-31,2026-07-31T16:23:23+08:00,酷狗音乐,飙升榜,酷狗飙升榜,2026-07-31,6,国风,张国全,,4:31,6F9F46F4F0795B5649C82F9AE2578AD2,56640207,https://www.kugou.com/yy/rank/home/1-6666.html?from=rank
2026-07-31,2026-07-31T16:23:23+08:00,酷狗音乐,飙升榜,酷狗飙升榜,2026-07-31,7,多情种,胡杨林,,4:47,5073FDDE229BBFEF04DBBA5E3FB44F56,8455212,https://www.kugou.com/yy/rank/home/1-6666.html?from=rank
2026-07-31,2026-07-31T16:23:23+08:00,酷狗音乐,飙升榜,酷狗飙升榜,2026-07-31,8,泪海,许茹芸,,4:58,FBC174E7C22B9AF471B7B93A61751E1B,975212,https://www.kugou.com/yy/rank/home/1-6666.html?from=rank
2026-07-31,2026-07-31T16:23:23+08:00,酷狗音乐,飙升榜,酷狗飙升榜,2026-07-31,9,Dehors (外面)(Single Version),Jordann,,3:15,3D6391A8A0FB81B62C68C6A4429F63FD,42153287,https://www.kugou.com/yy/rank/home/1-6666.html?from=rank
2026-07-31,2026-07-31T16:23:23+08:00,酷狗音乐,飙升榜,酷狗飙升榜,2026-07-31,10,小模样 (温暖版),小蓝背心,,2:59,EF27860E96E15DF9DD19AC65E1B1E7B9,201346101,https://www.kugou.com/yy/rank/home/1-6666.html?from=rank
2026-07-31,2026-07-31T16:23:23+08:00,酷狗音乐,飙升榜,酷狗飙升榜,2026-07-31,11,不会心疼 (律动版),怪阿姨,,2:51,DA1142CA3E5AEC0EB5326C15D6B89B2E,201344081,https://www.kugou.com/yy/rank/home/1-6666.html?from=rank
2026-07-31,2026-07-31T16:23:23+08:00,酷狗音乐,飙升榜,酷狗飙升榜,2026-07-31,12,如果你什么事都原谅,沧桑小杰office,,3:20,ED15F4167B8183AC03099044AECAAD65,200106989,https://www.kugou.com/yy/rank/home/1-6666.html?from=rank
2026-07-31,2026-07-31T16:23:23+08:00,酷狗音乐,飙升榜,酷狗飙升榜,2026-07-31,13,点火探戈,鱼蛋,,2:58,510C96028F82454A21A1227FE5DECD14,201350110,https://www.kugou.com/yy/rank/home/1-6666.html?from=rank
2026-07-31,2026-07-31T16:23:23+08:00,酷狗音乐,飙升榜,酷狗飙升榜,2026-07-31,14,若不是因为你 (氛围版),魏佳艺,,3:17,845CEFF83F7A064F8C71CB1F6BB32A98,200592583,https://www.kugou.com/yy/rank/home/1-6666.html?from=rank
2026-07-31,2026-07-31T16:23:23+08:00,酷狗音乐,飙升榜,酷狗飙升榜,2026-07-31,15,Amani (女声版),落日微醺,,3:54,0E1705D85CE6D8BE87784DFA9C9A5624,194642479,https://www.kugou.com/yy/rank/home/1-6666.html?from=rank
2026-07-31,2026-07-31T16:23:23+08:00,酷狗音乐,飙升榜,酷狗飙升榜,2026-07-31,16,放弃的界限,张敬轩,,3:37,0CA6C0662A40540009FA7E1C66FA5F0B,201349612,https://www.kugou.com/yy/rank/home/1-6666.html?from=rank
2026-07-31,2026-07-31T16:23:23+08:00,酷狗音乐,飙升榜,酷狗飙升榜,2026-07-31,17,我借 (深情男版),周文凯,,4:07,3F090CF35661F616FCAC10674E03915D,201296788,https://www.kugou.com/yy/rank/home/1-6666.html?from=rank
2026-07-31,2026-07-31T16:23:23+08:00,酷狗音乐,飙升榜,酷狗飙升榜,2026-07-31,18,만찬가,太妍 (태연),,3:39,F4DBB5BFCDCF6EC7709B458800C62427,197502435,https://www.kugou.com/yy/rank/home/1-6666.html?from=rank
2026-07-31,2026-07-31T16:23:23+08:00,酷狗音乐,飙升榜,酷狗飙升榜,2026-07-31,19,梦哑,任然,,3:54,3194D1AA995469BEF8620E96989D6BA8,193630889,https://www.kugou.com/yy/rank/home/1-6666.html?from=rank
2026-07-31,2026-07-31T16:23:23+08:00,酷狗音乐,飙升榜,酷狗飙升榜,2026-07-31,20,舍不得又没资格,洋澜一,,3:28,509F4E4B8BD22A720D5502656504AB04,201361960,https://www.kugou.com/yy/rank/home/1-6666.html?from=rank
2026-07-31,2026-07-31T16:23:23+08:00,酷狗音乐,飙升榜,酷狗飙升榜,2026-07-31,21,不再留恋不再纠缠 (对唱版),艺凌、庄众,,3:15,28AE513EFA5743B4DC7B42E7FB1D2CA9,201334357,https://www.kugou.com/yy/rank/home/1-6666.html?from=rank
2026-07-31,2026-07-31T16:23:23+08:00,酷狗音乐,飙升榜,酷狗飙升榜,2026-07-31,22,Silent Scream (氛围版),Thalya万,,3:45,7F81FDC635E1AC22DAD9C15091E47F7A,199284167,https://www.kugou.com/yy/rank/home/1-6666.html?from=rank
2026-07-31,2026-07-31T16:23:23+08:00,酷狗音乐,飙升榜,酷狗飙升榜,2026-07-31,23,你 (鼓点钢琴曲),杰庶,,2:10,42F6C9F58AFF36070E5B4B0E98137CDC,200155697,https://www.kugou.com/yy/rank/home/2-6666.html?from=rank
2026-07-31,2026-07-31T16:23:23+08:00,酷狗音乐,飙升榜,酷狗飙升榜,2026-07-31,24,池鱼思故人,池鱼,,3:19,D9CD75BBE1CB8456A3D2F70FF1FD27E1,201326019,https://www.kugou.com/yy/rank/home/2-6666.html?from=rank
2026-07-31,2026-07-31T16:23:23+08:00,酷狗音乐,飙升榜,酷狗飙升榜,2026-07-31,25,戏书间,侯泽润,,4:10,089F5F916480E96A1DFF10A975DD62BB,201353978,https://www.kugou.com/yy/rank/home/2-6666.html?from=rank
2026-07-31,2026-07-31T16:23:23+08:00,酷狗音乐,飙升榜,酷狗飙升榜,2026-07-31,26,木客行,司南、三多,,3:45,71499A8A0F73F66C0EF25CB2543958D0,201201478,https://www.kugou.com/yy/rank/home/2-6666.html?from=rank
2026-07-31,2026-07-31T16:23:23+08:00,酷狗音乐,飙升榜,酷狗飙升榜,2026-07-31,27,你 (纯音乐),Holy Spear,,3:28,81457D7E7742D9EE8A345EA7CDF30328,199802182,https://www.kugou.com/yy/rank/home/2-6666.html?from=rank
2026-07-31,2026-07-31T16:23:23+08:00,酷狗音乐,飙升榜,酷狗飙升榜,2026-07-31,28,听无声处,周深,,4:14,AF851254B523B8D7B74CC0380202BFAA,201244738,https://www.kugou.com/yy/rank/home/2-6666.html?from=rank
2026-07-31,2026-07-31T16:23:23+08:00,酷狗音乐,飙升榜,酷狗飙升榜,2026-07-31,29,海鸟情书,洛天依、滑片P_official,,4:46,852F53FA6BC25A7BF79EF8AB92FEC77F,201162680,https://www.kugou.com/yy/rank/home/2-6666.html?from=rank
2026-07-31,2026-07-31T16:23:23+08:00,酷狗音乐,飙升榜,酷狗飙升榜,2026-07-31,30,我们再回不到从前,草原兄弟,,4:05,F8402C8288C976BA12DCA67FA9988AEA,162449362,https://www.kugou.com/yy/rank/home/2-6666.html?from=rank
2026-07-31,2026-07-31T16:23:23+08:00,酷狗音乐,飙升榜,酷狗飙升榜,2026-07-31,31,在被遗忘的海边,陈默之,,3:13,4E6B2507DE3728A77D622D0D81A7E543,201325751,https://www.kugou.com/yy/rank/home/2-6666.html?from=rank
2026-07-31,2026-07-31T16:23:23+08:00,酷狗音乐,飙升榜,酷狗飙升榜,2026-07-31,32,踏马四处去流浪,雷鬼叔,,3:23,AAB63728D73F59F829A47C5D4DC572F4,200131359,https://www.kugou.com/yy/rank/home/2-6666.html?from=rank
2026-07-31,2026-07-31T16:23:23+08:00,酷狗音乐,飙升榜,酷狗飙升榜,2026-07-31,33,听说当初你找过我 (BB鼓版),贺一航,,2:52,84534D3C09D05379264B8EC54EC271D9,201443671,https://www.kugou.com/yy/rank/home/2-6666.html?from=rank
2026-07-31,2026-07-31T16:23:23+08:00,酷狗音乐,飙升榜,酷狗飙升榜,2026-07-31,34,也许在下雨天 (走心对唱版),何遇Hayu、杜一、吕嘉慧,,3:48,D1FE9671D9D581E1F73B972728B3696B,201332274,https://www.kugou.com/yy/rank/home/2-6666.html?from=rank
2026-07-31,2026-07-31T16:23:23+08:00,酷狗音乐,飙升榜,酷狗飙升榜,2026-07-31,35,做了一场梦 (爱上一阵风),张蓓蓓,,2:29,0C808E6CEC3FF63CDFF42F227C70E124,201087713,https://www.kugou.com/yy/rank/home/2-6666.html?from=rank
2026-07-31,2026-07-31T16:23:23+08:00,酷狗音乐,飙升榜,酷狗飙升榜,2026-07-31,36,春,黄龄,,3:18,C5373A136D8314016D9D1DC8F5B0A73A,201345758,https://www.kugou.com/yy/rank/home/2-6666.html?from=rank
2026-07-31,2026-07-31T16:23:23+08:00,酷狗音乐,飙升榜,酷狗飙升榜,2026-07-31,37,杀青,菲菲公主（陆绮菲）,,2:19,F29A64FAC959715161964C776388473E,201333369,https://www.kugou.com/yy/rank/home/2-6666.html?from=rank
2026-07-31,2026-07-31T16:23:23+08:00,酷狗音乐,飙升榜,酷狗飙升榜,2026-07-31,38,My heart Will Go on (纯音乐),DJ文宝,,4:45,CEEBF2AB8C6395AD71120D552E85BC4C,197727278,https://www.kugou.com/yy/rank/home/2-6666.html?from=rank
2026-07-31,2026-07-31T16:23:23+08:00,酷狗音乐,飙升榜,酷狗飙升榜,2026-07-31,39,人生本是遇见又说再见,姜雨涵,,3:29,65D3A14B95F25F82E1241C358A5D0DF6,200394031,https://www.kugou.com/yy/rank/home/2-6666.html?from=rank
2026-07-31,2026-07-31T16:23:23+08:00,酷狗音乐,飙升榜,酷狗飙升榜,2026-07-31,40,赴约宇宙邀请,静谧,,3:18,C859FB6B3728290ED822BFF243AB8BAE,199623887,https://www.kugou.com/yy/rank/home/2-6666.html?from=rank
2026-07-31,2026-07-31T16:23:23+08:00,酷狗音乐,飙升榜,酷狗飙升榜,2026-07-31,41,当星星落下来,刘思鉴,,3:10,970383188BECCCCE282E6F33D79C17B1,79102595,https://www.kugou.com/yy/rank/home/2-6666.html?from=rank
2026-07-31,2026-07-31T16:23:23+08:00,酷狗音乐,飙升榜,酷狗飙升榜,2026-07-31,42,求你别离开我 (海屿你),DJ铁柱,,2:14,B6FA986008FE95388751652CE85857CC,201333403,https://www.kugou.com/yy/rank/home/2-6666.html?from=rank
2026-07-31,2026-07-31T16:23:23+08:00,酷狗音乐,飙升榜,酷狗飙升榜,2026-07-31,43,人生海海爱茫茫,鱼精,,3:28,C56B505148D3BCFE5AAE0F815E02CDB0,160781832,https://www.kugou.com/yy/rank/home/2-6666.html?from=rank
2026-07-31,2026-07-31T16:23:23+08:00,酷狗音乐,飙升榜,酷狗飙升榜,2026-07-31,44,甲乙丙丁,江易泽,,3:12,B063F6A396AD9469B28D28AFF6283FF2,197549799,https://www.kugou.com/yy/rank/home/2-6666.html?from=rank
2026-07-31,2026-07-31T16:23:23+08:00,酷狗音乐,飙升榜,酷狗飙升榜,2026-07-31,45,各人日子各人爱 (低音版),DJ铁柱,,3:08,EEFCB8872FEAC6BB352827C0360E9406,199277081,https://www.kugou.com/yy/rank/home/3-6666.html?from=rank
2026-07-31,2026-07-31T16:23:23+08:00,酷狗音乐,飙升榜,酷狗飙升榜,2026-07-31,46,失重色,SEHUN,,2:47,D2DA1C9830D995EA44C0FEC9960ED57D,201068419,https://www.kugou.com/yy/rank/home/3-6666.html?from=rank
2026-07-31,2026-07-31T16:23:23+08:00,酷狗音乐,飙升榜,酷狗飙升榜,2026-07-31,47,没资格又舍不得,王一一,,3:28,84A4BA8711621A29E8EB4BBAA568C289,201338177,https://www.kugou.com/yy/rank/home/3-6666.html?from=rank
2026-07-31,2026-07-31T16:23:23+08:00,酷狗音乐,飙升榜,酷狗飙升榜,2026-07-31,48,散了就散了 (陕西话版),半糖记,,2:58,F515C0B7E141E33B64B70BBDCF37FC37,201340006,https://www.kugou.com/yy/rank/home/3-6666.html?from=rank
2026-07-31,2026-07-31T16:23:23+08:00,酷狗音乐,飙升榜,酷狗飙升榜,2026-07-31,49,I Miss You (暗黑Trap版),超级大瓜,,2:56,D04E732B1310DF5536506CEF6826A96A,197475978,https://www.kugou.com/yy/rank/home/3-6666.html?from=rank
2026-07-31,2026-07-31T16:23:23+08:00,酷狗音乐,飙升榜,酷狗飙升榜,2026-07-31,50,把你娶进门儿,张猛,,3:29,8831D934D96F5A43D11340A41376688A,201170050,https://www.kugou.com/yy/rank/home/3-6666.html?from=rank
2026-07-31,2026-07-31T16:23:23+08:00,酷狗音乐,飙升榜,酷狗飙升榜,2026-07-31,51,就当爱情没来过,洋澜一,,4:09,4FF5FCC3F66E6B4801AF548FD42E5CB7,201353380,https://www.kugou.com/yy/rank/home/3-6666.html?from=rank
2026-07-31,2026-07-31T16:23:23+08:00,酷狗音乐,飙升榜,酷狗飙升榜,2026-07-31,52,旧憾,半吨兄弟,,4:50,350BA9F17971C1FE7789B76166CB3BCF,201380690,https://www.kugou.com/yy/rank/home/3-6666.html?from=rank
2026-07-31,2026-07-31T16:23:23+08:00,酷狗音乐,飙升榜,酷狗飙升榜,2026-07-31,53,也许在下雨天 (对唱版),何遇Hayu、杜一、赵堇彤,,3:47,59D685EE6EE43505BE1883C64A3E509E,201331556,https://www.kugou.com/yy/rank/home/3-6666.html?from=rank
2026-07-31,2026-07-31T16:23:23+08:00,酷狗音乐,飙升榜,酷狗飙升榜,2026-07-31,54,不甘 (空灵鼓版),平生不晚,,3:37,327AD3488778947B314B6DB989C6C766,200571376,https://www.kugou.com/yy/rank/home/3-6666.html?from=rank
2026-07-31,2026-07-31T16:23:23+08:00,酷狗音乐,飙升榜,酷狗飙升榜,2026-07-31,55,愿我们别来无恙 (深情对唱),张良、王清楠,,3:34,B0F46233005E0E0D2407B70621D11CB3,201214746,https://www.kugou.com/yy/rank/home/3-6666.html?from=rank
2026-07-31,2026-07-31T16:23:23+08:00,酷狗音乐,飙升榜,酷狗飙升榜,2026-07-31,56,各人日子各人爱,荧光镜,,2:38,338365D90440123815F1D31A6F521534,198518587,https://www.kugou.com/yy/rank/home/3-6666.html?from=rank
2026-07-31,2026-07-31T16:23:23+08:00,酷狗音乐,飙升榜,酷狗飙升榜,2026-07-31,57,一切都是为了爱,李乐乐,,3:26,DC0A7B15D6F0724C464B1213CC264B9A,172281698,https://www.kugou.com/yy/rank/home/3-6666.html?from=rank
2026-07-31,2026-07-31T16:23:23+08:00,酷狗音乐,飙升榜,酷狗飙升榜,2026-07-31,58,我爱你用了心 (忘你却用了命),大潞,,4:13,2F509C794A1B1F6B28C3856DBEBCB56E,201388416,https://www.kugou.com/yy/rank/home/3-6666.html?from=rank
2026-07-31,2026-07-31T16:23:23+08:00,酷狗音乐,飙升榜,酷狗飙升榜,2026-07-31,59,博弈,杨瑜婷,,3:17,AB829596F229F33FE8C8EF3A14E98D23,175838441,https://www.kugou.com/yy/rank/home/3-6666.html?from=rank
2026-07-31,2026-07-31T16:23:23+08:00,酷狗音乐,飙升榜,酷狗飙升榜,2026-07-31,60,我与清风共明月,锦上,,3:00,61A9CDD6E49E90B6DC8535C0B3C6C67E,201351352,https://www.kugou.com/yy/rank/home/3-6666.html?from=rank
2026-07-31,2026-07-31T16:23:23+08:00,酷狗音乐,飙升榜,酷狗飙升榜,2026-07-31,61,Angetena (wo de hiao),DJ Exister,,2:05,46E2B0637B8ADD2E02FE05D55C1CA67C,199483344,https://www.kugou.com/yy/rank/home/3-6666.html?from=rank
2026-07-31,2026-07-31T16:23:23+08:00,酷狗音乐,飙升榜,酷狗飙升榜,2026-07-31,62,2026放过你放过我 (对唱版),韩小欠、江美凌,,2:58,B894D808D1859179E3F6CBCCBDD42B04,201408279,https://www.kugou.com/yy/rank/home/3-6666.html?from=rank
2026-07-31,2026-07-31T16:23:23+08:00,酷狗音乐,飙升榜,酷狗飙升榜,2026-07-31,63,旧账 (R&B版),微醺日落,,3:51,80C96F92B68C1DA3BB862D91BFA1FE89,198079574,https://www.kugou.com/yy/rank/home/3-6666.html?from=rank
2026-07-31,2026-07-31T16:23:23+08:00,酷狗音乐,飙升榜,酷狗飙升榜,2026-07-31,64,我听人说思念像风一样 (你看 起风了),KAI,,3:32,AE8B438E919935F2C81D91978E302CA7,200170880,https://www.kugou.com/yy/rank/home/3-6666.html?from=rank
2026-07-31,2026-07-31T16:23:23+08:00,酷狗音乐,飙升榜,酷狗飙升榜,2026-07-31,65,听说你,烟(许佳豪),,3:53,29A87E82643C7939B1417D56C45C097B,201198508,https://www.kugou.com/yy/rank/home/3-6666.html?from=rank
2026-07-31,2026-07-31T16:23:23+08:00,酷狗音乐,飙升榜,酷狗飙升榜,2026-07-31,66,岁月如笔写春秋 (晚秋版),李晚秋,,3:54,F7F9017CA8C3D56C46D4F9938F2D39A5,199910794,https://www.kugou.com/yy/rank/home/3-6666.html?from=rank
2026-07-31,2026-07-31T16:23:23+08:00,酷狗音乐,飙升榜,酷狗飙升榜,2026-07-31,67,失去所有也不愿失去你 (对唱版),李英、周小洲,,4:11,9DCC7F76EECF9A414E00CC1A8273298A,201372387,https://www.kugou.com/yy/rank/home/4-6666.html?from=rank
2026-07-31,2026-07-31T16:23:23+08:00,酷狗音乐,飙升榜,酷狗飙升榜,2026-07-31,68,踏马寻花向自由 (洒脱版),好多倩,,2:59,267BCC5B7FDFFDFD32A6BD45103ABDED,201351548,https://www.kugou.com/yy/rank/home/4-6666.html?from=rank
2026-07-31,2026-07-31T16:23:23+08:00,酷狗音乐,飙升榜,酷狗飙升榜,2026-07-31,69,过客之名归还人海-DJ炫烁版,龙翼,,3:42,774D32425B2AAF2D9E37AEC19DACB9B4,201189233,https://www.kugou.com/yy/rank/home/4-6666.html?from=rank
2026-07-31,2026-07-31T16:23:23+08:00,酷狗音乐,飙升榜,酷狗飙升榜,2026-07-31,70,这一程最对味,可乐味的多肉,,4:22,F66E199CE97F047634594AFA5A56F67D,194666256,https://www.kugou.com/yy/rank/home/4-6666.html?from=rank
2026-07-31,2026-07-31T16:23:23+08:00,酷狗音乐,飙升榜,酷狗飙升榜,2026-07-31,71,But You Don't Know Me,张艺兴,,2:38,144B46F531E38583A02C60AB1363D7D0,197848865,https://www.kugou.com/yy/rank/home/4-6666.html?from=rank
2026-07-31,2026-07-31T16:23:23+08:00,酷狗音乐,飙升榜,酷狗飙升榜,2026-07-31,72,Stutter Love,张艺兴,,2:40,8676D47A6555F1467827F80DACD86A0C,197848865,https://www.kugou.com/yy/rank/home/4-6666.html?from=rank
2026-07-31,2026-07-31T16:23:23+08:00,酷狗音乐,飙升榜,酷狗飙升榜,2026-07-31,73,你会原谅我吗,何雨溪,,3:01,AADA18D96AAF7D7A0384B1697CAE2A31,201327015,https://www.kugou.com/yy/rank/home/4-6666.html?from=rank
2026-07-31,2026-07-31T16:23:23+08:00,酷狗音乐,飙升榜,酷狗飙升榜,2026-07-31,74,琵琶行 (幻大唐盛夜Beat),Grimmmz、Pao7oO、Elovibe,,2:25,B81E0A7D500539BCA93F81867B8E832C,199666089,https://www.kugou.com/yy/rank/home/4-6666.html?from=rank
2026-07-31,2026-07-31T16:23:23+08:00,酷狗音乐,飙升榜,酷狗飙升榜,2026-07-31,75,心头月 又圆了,散人TR、黄馨冉,,2:36,54C49707AA88F184A8046E0E2D0AACFE,201311248,https://www.kugou.com/yy/rank/home/4-6666.html?from=rank
2026-07-31,2026-07-31T16:23:23+08:00,酷狗音乐,飙升榜,酷狗飙升榜,2026-07-31,76,谢绝再见,齐修远,,3:07,ECFCB355F99CA8ADA265E28A4C8A4A34,201429386,https://www.kugou.com/yy/rank/home/4-6666.html?from=rank
2026-07-31,2026-07-31T16:23:23+08:00,酷狗音乐,飙升榜,酷狗飙升榜,2026-07-31,77,也许在下雨天 (眼泪才不被看见),马师傅,,3:48,95530BAF5E0BF85EDE5317378CE6163E,198255970,https://www.kugou.com/yy/rank/home/4-6666.html?from=rank
2026-07-31,2026-07-31T16:23:23+08:00,酷狗音乐,飙升榜,酷狗飙升榜,2026-07-31,78,难解 (前世不欠 今生不见),郑鱼,,3:47,BAFF8C413B3521D2BCC8799EEB605232,200773558,https://www.kugou.com/yy/rank/home/4-6666.html?from=rank
2026-07-31,2026-07-31T16:23:23+08:00,酷狗音乐,飙升榜,酷狗飙升榜,2026-07-31,79,苦酒杯杯难入喉,小匆匆,,3:14,660E6E62BFC9FD01755F3411D041D67D,201341456,https://www.kugou.com/yy/rank/home/4-6666.html?from=rank
2026-07-31,2026-07-31T16:23:23+08:00,酷狗音乐,飙升榜,酷狗飙升榜,2026-07-31,80,我给你自由+thatgirl,DJ铁柱,,2:42,A6F1BB68C2F1C4A69EA9F21A45393231,201345415,https://www.kugou.com/yy/rank/home/4-6666.html?from=rank
2026-07-31,2026-07-31T16:23:23+08:00,酷狗音乐,飙升榜,酷狗飙升榜,2026-07-31,81,在你心里全都归0,叶筱萱,,3:36,DAAAF0E8F202D3157551B9BF1E8D9B68,201216519,https://www.kugou.com/yy/rank/home/4-6666.html?from=rank
2026-07-31,2026-07-31T16:23:23+08:00,酷狗音乐,飙升榜,酷狗飙升榜,2026-07-31,82,就当爱情没来过,田园,,4:09,70AFB4528E05C991C32311381AEA8600,201333380,https://www.kugou.com/yy/rank/home/4-6666.html?from=rank
2026-07-31,2026-07-31T16:23:23+08:00,酷狗音乐,飙升榜,酷狗飙升榜,2026-07-31,83,听风捎来旧时谣 (氛围男声),Roling7,,3:48,5635A4527E64E1B19C47480B7CC1B95A,201333806,https://www.kugou.com/yy/rank/home/4-6666.html?from=rank
2026-07-31,2026-07-31T16:23:23+08:00,酷狗音乐,飙升榜,酷狗飙升榜,2026-07-31,84,沉溺,萨满（Saman）、听潮阁,,2:16,C6CF1530102BAD6B9735A991DAB7513D,195833257,https://www.kugou.com/yy/rank/home/4-6666.html?from=rank
2026-07-31,2026-07-31T16:23:23+08:00,酷狗音乐,飙升榜,酷狗飙升榜,2026-07-31,85,休止符,张艺兴,,3:22,7B92EED86F554984647AE1B59BA9A338,197848865,https://www.kugou.com/yy/rank/home/4-6666.html?from=rank
2026-07-31,2026-07-31T16:23:23+08:00,酷狗音乐,飙升榜,酷狗飙升榜,2026-07-31,86,一生有你 (女声版),落日微醺,,3:48,0A1777238096096E70CD06AB9DE41527,195005243,https://www.kugou.com/yy/rank/home/4-6666.html?from=rank
2026-07-31,2026-07-31T16:23:23+08:00,酷狗音乐,飙升榜,酷狗飙升榜,2026-07-31,87,双子星,痛苦王子艾克斯,,2:09,E9B6B463B306336F37A91308803BDD24,201321738,https://www.kugou.com/yy/rank/home/4-6666.html?from=rank
2026-07-31,2026-07-31T16:23:23+08:00,酷狗音乐,飙升榜,酷狗飙升榜,2026-07-31,88,那是我第一次恨自己,Jonice、DJ幻昼,,2:14,21F0891457174A20DC710FD2D434D996,201347388,https://www.kugou.com/yy/rank/home/4-6666.html?from=rank
2026-07-31,2026-07-31T16:23:23+08:00,酷狗音乐,飙升榜,酷狗飙升榜,2026-07-31,89,如今路又在何处,晓雪,,5:13,07E9C0911F1C5B6D0FF7B3166E3AC13D,201371855,https://www.kugou.com/yy/rank/home/5-6666.html?from=rank
2026-07-31,2026-07-31T16:23:23+08:00,酷狗音乐,飙升榜,酷狗飙升榜,2026-07-31,90,才发现我们早已回不到从前,炽空忆,,2:08,91A08A2E3D2A3B314C3D69821883AEF7,198783391,https://www.kugou.com/yy/rank/home/5-6666.html?from=rank
2026-07-31,2026-07-31T16:23:23+08:00,酷狗音乐,飙升榜,酷狗飙升榜,2026-07-31,91,一斩,正太Monster,,3:07,A5C409E406846E97CE195D36971C82ED,200552312,https://www.kugou.com/yy/rank/home/5-6666.html?from=rank
2026-07-31,2026-07-31T16:23:23+08:00,酷狗音乐,飙升榜,酷狗飙升榜,2026-07-31,92,爱我就跟我走 (烟嗓版),半吨兄弟,,4:16,6B4E1F6224F0E738E24DE77D09E11DDE,201341137,https://www.kugou.com/yy/rank/home/5-6666.html?from=rank
2026-07-31,2026-07-31T16:23:23+08:00,酷狗音乐,飙升榜,酷狗飙升榜,2026-07-31,93,Energy low,VodKe、HSHK,,2:02,4CA01F4289B98F78BA5535BF17EE01FF,199508512,https://www.kugou.com/yy/rank/home/5-6666.html?from=rank
2026-07-31,2026-07-31T16:23:23+08:00,酷狗音乐,飙升榜,酷狗飙升榜,2026-07-31,94,黄昏 (尾奏solo版),DJ真心,,4:35,5A901023F1966C12122F5EFCA1B65067,200367063,https://www.kugou.com/yy/rank/home/5-6666.html?from=rank
2026-07-31,2026-07-31T16:23:23+08:00,酷狗音乐,飙升榜,酷狗飙升榜,2026-07-31,95,伞,安又琪,,3:03,F7F3767EC20821CD87E1BF98D3838C1A,201271180,https://www.kugou.com/yy/rank/home/5-6666.html?from=rank
2026-07-31,2026-07-31T16:23:23+08:00,酷狗音乐,飙升榜,酷狗飙升榜,2026-07-31,96,怪我太贱太懦弱,弹棉花的小花,,3:23,8C687F18E7B913FCE4E6E289742FADC0,201330911,https://www.kugou.com/yy/rank/home/5-6666.html?from=rank
2026-07-31,2026-07-31T16:23:23+08:00,酷狗音乐,飙升榜,酷狗飙升榜,2026-07-31,97,最念的是你 最伤的是你,烟嗓船长,,3:55,2F3C4B776E0DD5D12533AE38522A7DEC,191582218,https://www.kugou.com/yy/rank/home/5-6666.html?from=rank
2026-07-31,2026-07-31T16:23:23+08:00,酷狗音乐,飙升榜,酷狗飙升榜,2026-07-31,98,走错太多路 (走心版),梅芳芳,,3:30,F602048F528AB78CFF6F6837964F9AAB,199775102,https://www.kugou.com/yy/rank/home/5-6666.html?from=rank
2026-07-31,2026-07-31T16:23:23+08:00,酷狗音乐,飙升榜,酷狗飙升榜,2026-07-31,99,你说忘了就好 (轻快版),王麟,,2:35,EA11545EE166F7CBD4A36A72C427FA9C,195026041,https://www.kugou.com/yy/rank/home/5-6666.html?from=rank
2026-07-31,2026-07-31T16:23:23+08:00,酷狗音乐,飙升榜,酷狗飙升榜,2026-07-31,100,你是我的城堡 (语录版),王爱华,,3:40,0FBD7B05AC12A73485D4282749CDBCB7,201354340,https://www.kugou.com/yy/rank/home/5-6666.html?from=rank
2026-07-31,2026-07-31T16:23:23+08:00,微博,热搜榜,微博热搜榜,,1,C罗晒与16岁儿子肌肉合照,体育,热度 1113517,,C罗晒与16岁儿子肌肉合照,,https://s.weibo.com/weibo?q=%23C%E7%BD%97%E6%99%92%E4%B8%8E16%E5%B2%81%E5%84%BF%E5%AD%90%E8%82%8C%E8%82%89%E5%90%88%E7%85%A7%23
2026-07-31,2026-07-31T16:23:23+08:00,微博,热搜榜,微博热搜榜,,2,百花奖,电影,热度 792028；新,,百花奖,盛典,https://s.weibo.com/weibo?q=%23%E7%99%BE%E8%8A%B1%E5%A5%96%23
2026-07-31,2026-07-31T16:23:23+08:00,微博,热搜榜,微博热搜榜,,3,读懂好感度攀升背后的中国魅力,国内时政,热度 656953；新,,读懂好感度攀升背后的中国魅力,,https://s.weibo.com/weibo?q=%23%E8%AF%BB%E6%87%82%E5%A5%BD%E6%84%9F%E5%BA%A6%E6%94%80%E5%8D%87%E8%83%8C%E5%90%8E%E7%9A%84%E4%B8%AD%E5%9B%BD%E9%AD%85%E5%8A%9B%23
2026-07-31,2026-07-31T16:23:23+08:00,微博,热搜榜,微博热搜榜,,4,一直对月薪4千没概念直到换成天,情感,热度 584315；新,,一直对月薪4千没概念直到换成天,,https://s.weibo.com/weibo?q=%23%E4%B8%80%E7%9B%B4%E5%AF%B9%E6%9C%88%E8%96%AA4%E5%8D%83%E6%B2%A1%E6%A6%82%E5%BF%B5%E7%9B%B4%E5%88%B0%E6%8D%A2%E6%88%90%E5%A4%A9%23
2026-07-31,2026-07-31T16:23:23+08:00,微博,热搜榜,微博热搜榜,,5,突然发现朋友月薪五万,情感,热度 547442；新,,突然发现朋友月薪五万,,https://s.weibo.com/weibo?q=%23%E7%AA%81%E7%84%B6%E5%8F%91%E7%8E%B0%E6%9C%8B%E5%8F%8B%E6%9C%88%E8%96%AA%E4%BA%94%E4%B8%87%23
2026-07-31,2026-07-31T16:23:23+08:00,微博,热搜榜,微博热搜榜,,6,李晟十日终焉领口带血,剧集,热度 546749；沸,,李晟十日终焉领口带血,剧集,https://s.weibo.com/weibo?q=%23%E6%9D%8E%E6%99%9F%E5%8D%81%E6%97%A5%E7%BB%88%E7%84%89%E9%A2%86%E5%8F%A3%E5%B8%A6%E8%A1%80%23
2026-07-31,2026-07-31T16:23:23+08:00,微博,热搜榜,微博热搜榜,,7,油价,财经,热度 483178；新,,油价,,https://s.weibo.com/weibo?q=%23%E6%B2%B9%E4%BB%B7%23
2026-07-31,2026-07-31T16:23:23+08:00,微博,热搜榜,微博热搜榜,,8,王楚钦恐怖如斯的核心,体育,热度 449587,,王楚钦恐怖如斯的核心,,https://s.weibo.com/weibo?q=%23%E7%8E%8B%E6%A5%9A%E9%92%A6%E6%81%90%E6%80%96%E5%A6%82%E6%96%AF%E7%9A%84%E6%A0%B8%E5%BF%83%23
2026-07-31,2026-07-31T16:23:23+08:00,微博,热搜榜,微博热搜榜,,9,男子恶意撞死高三学生先后追了3次,民生新闻,热度 448437；新,,男子恶意撞死高三学生先后追了3次,,https://s.weibo.com/weibo?q=%23%E7%94%B7%E5%AD%90%E6%81%B6%E6%84%8F%E6%92%9E%E6%AD%BB%E9%AB%98%E4%B8%89%E5%AD%A6%E7%94%9F%E5%85%88%E5%90%8E%E8%BF%BD%E4%BA%863%E6%AC%A1%23
2026-07-31,2026-07-31T16:23:23+08:00,微博,热搜榜,微博热搜榜,,10,DeepSeekV4Flash正式版上线,互联网,热度 433323；新,,DeepSeekV4Flash正式版上线,,https://s.weibo.com/weibo?q=%23DeepSeekV4Flash%E6%AD%A3%E5%BC%8F%E7%89%88%E4%B8%8A%E7%BA%BF%23
2026-07-31,2026-07-31T16:23:23+08:00,微博,热搜榜,微博热搜榜,,11,消防员 劳务派遣,舆论监督,热度 416078；新,,消防员 劳务派遣,,https://s.weibo.com/weibo?q=%23%E6%B6%88%E9%98%B2%E5%91%98%20%E5%8A%B3%E5%8A%A1%E6%B4%BE%E9%81%A3%23
2026-07-31,2026-07-31T16:23:23+08:00,微博,热搜榜,微博热搜榜,,12,虞书欣大腿淤青,艺人,热度 395964；新,,虞书欣大腿淤青,,https://s.weibo.com/weibo?q=%23%E8%99%9E%E4%B9%A6%E6%AC%A3%E5%A4%A7%E8%85%BF%E6%B7%A4%E9%9D%92%23
2026-07-31,2026-07-31T16:23:23+08:00,微博,热搜榜,微博热搜榜,,13,电影八仙,电影,热度 391455；新,,电影八仙,电影,https://s.weibo.com/weibo?q=%23%E7%94%B5%E5%BD%B1%E5%85%AB%E4%BB%99%23
2026-07-31,2026-07-31T16:23:23+08:00,微博,热搜榜,微博热搜榜,,14,卫健委回应原配申请销毁婚外胚胎,民生新闻,热度 378844,,卫健委回应原配申请销毁婚外胚胎,,https://s.weibo.com/weibo?q=%23%E5%8D%AB%E5%81%A5%E5%A7%94%E5%9B%9E%E5%BA%94%E5%8E%9F%E9%85%8D%E7%94%B3%E8%AF%B7%E9%94%80%E6%AF%81%E5%A9%9A%E5%A4%96%E8%83%9A%E8%83%8E%23
2026-07-31,2026-07-31T16:23:23+08:00,微博,热搜榜,微博热搜榜,,15,敖瑞鹏工作室回应接中剧,艺人,热度 362861；新,,敖瑞鹏工作室回应接中剧,['敖瑞鹏'],https://s.weibo.com/weibo?q=%23%E6%95%96%E7%91%9E%E9%B9%8F%E5%B7%A5%E4%BD%9C%E5%AE%A4%E5%9B%9E%E5%BA%94%E6%8E%A5%E4%B8%AD%E5%89%A7%23
2026-07-31,2026-07-31T16:23:23+08:00,微博,热搜榜,微博热搜榜,,16,何广智回应恋情,综艺,热度 356496,,何广智回应恋情,综艺,https://s.weibo.com/weibo?q=%23%E4%BD%95%E5%B9%BF%E6%99%BA%E5%9B%9E%E5%BA%94%E6%81%8B%E6%83%85%23
2026-07-31,2026-07-31T16:23:23+08:00,微博,热搜榜,微博热搜榜,,17,连云港火灾 消防,民生新闻,热度 352489；新,,连云港火灾 消防,,https://s.weibo.com/weibo?q=%23%E8%BF%9E%E4%BA%91%E6%B8%AF%E7%81%AB%E7%81%BE%20%E6%B6%88%E9%98%B2%23
2026-07-31,2026-07-31T16:23:23+08:00,微博,热搜榜,微博热搜榜,,18,攒了一年钱买的自行车没骑就走了,情感,热度 341351,,攒了一年钱买的自行车没骑就走了,,https://s.weibo.com/weibo?q=%23%E6%94%92%E4%BA%86%E4%B8%80%E5%B9%B4%E9%92%B1%E4%B9%B0%E7%9A%84%E8%87%AA%E8%A1%8C%E8%BD%A6%E6%B2%A1%E9%AA%91%E5%B0%B1%E8%B5%B0%E4%BA%86%23
2026-07-31,2026-07-31T16:23:23+08:00,微博,热搜榜,微博热搜榜,,19,肖战片场跪地咳嗽,艺人,热度 304999；新,,肖战片场跪地咳嗽,['肖战'],https://s.weibo.com/weibo?q=%23%E8%82%96%E6%88%98%E7%89%87%E5%9C%BA%E8%B7%AA%E5%9C%B0%E5%92%B3%E5%97%BD%23
2026-07-31,2026-07-31T16:23:23+08:00,微博,热搜榜,微博热搜榜,,20,老人捡空瓶再灌水卖5元一瓶,民生新闻,热度 283364,,老人捡空瓶再灌水卖5元一瓶,,https://s.weibo.com/weibo?q=%23%E8%80%81%E4%BA%BA%E6%8D%A1%E7%A9%BA%E7%93%B6%E5%86%8D%E7%81%8C%E6%B0%B4%E5%8D%965%E5%85%83%E4%B8%80%E7%93%B6%23
2026-07-31,2026-07-31T16:23:23+08:00,微博,热搜榜,微博热搜榜,,21,连云港母女救援责任认定仍在调查,舆论监督,热度 268713；新,,连云港母女救援责任认定仍在调查,,https://s.weibo.com/weibo?q=%23%E8%BF%9E%E4%BA%91%E6%B8%AF%E6%AF%8D%E5%A5%B3%E6%95%91%E6%8F%B4%E8%B4%A3%E4%BB%BB%E8%AE%A4%E5%AE%9A%E4%BB%8D%E5%9C%A8%E8%B0%83%E6%9F%A5%23
2026-07-31,2026-07-31T16:23:23+08:00,微博,热搜榜,微博热搜榜,,22,贵州通天河伴漂 擦边,民生新闻,热度 268408,,贵州通天河伴漂 擦边,,https://s.weibo.com/weibo?q=%23%E8%B4%B5%E5%B7%9E%E9%80%9A%E5%A4%A9%E6%B2%B3%E4%BC%B4%E6%BC%82%20%E6%93%A6%E8%BE%B9%23
2026-07-31,2026-07-31T16:23:23+08:00,微博,热搜榜,微博热搜榜,,23,唐艺昕张若昀女儿近照,艺人,热度 265022,,唐艺昕张若昀女儿近照,"['唐艺昕', '张若昀']",https://s.weibo.com/weibo?q=%23%E5%94%90%E8%89%BA%E6%98%95%E5%BC%A0%E8%8B%A5%E6%98%80%E5%A5%B3%E5%84%BF%E8%BF%91%E7%85%A7%23
2026-07-31,2026-07-31T16:23:23+08:00,微博,热搜榜,微博热搜榜,,24,看到请假记录天都塌了,情感,热度 252110,,看到请假记录天都塌了,,https://s.weibo.com/weibo?q=%23%E7%9C%8B%E5%88%B0%E8%AF%B7%E5%81%87%E8%AE%B0%E5%BD%95%E5%A4%A9%E9%83%BD%E5%A1%8C%E4%BA%86%23
2026-07-31,2026-07-31T16:23:23+08:00,微博,热搜榜,微博热搜榜,,25,发现人是真的不能gap,幽默,热度 222515；新,,发现人是真的不能gap,,https://s.weibo.com/weibo?q=%23%E5%8F%91%E7%8E%B0%E4%BA%BA%E6%98%AF%E7%9C%9F%E7%9A%84%E4%B8%8D%E8%83%BDgap%23
2026-07-31,2026-07-31T16:23:23+08:00,微博,热搜榜,微博热搜榜,,26,7月A股收官,财经,热度 222289；新,,7月A股收官,,https://s.weibo.com/weibo?q=%237%E6%9C%88A%E8%82%A1%E6%94%B6%E5%AE%98%23
2026-07-31,2026-07-31T16:23:23+08:00,微博,热搜榜,微博热搜榜,,27,赞达亚荷兰弟互画肖像外网爆火,艺人,热度 219339,,赞达亚荷兰弟互画肖像外网爆火,"['荷兰弟', '赞达亚']",https://s.weibo.com/weibo?q=%23%E8%B5%9E%E8%BE%BE%E4%BA%9A%E8%8D%B7%E5%85%B0%E5%BC%9F%E4%BA%92%E7%94%BB%E8%82%96%E5%83%8F%E5%A4%96%E7%BD%91%E7%88%86%E7%81%AB%23
2026-07-31,2026-07-31T16:23:23+08:00,微博,热搜榜,微博热搜榜,,28,林大厨让王俊凯不要生气,综艺,热度 192003,,林大厨让王俊凯不要生气,综艺,https://s.weibo.com/weibo?q=%23%E6%9E%97%E5%A4%A7%E5%8E%A8%E8%AE%A9%E7%8E%8B%E4%BF%8A%E5%87%AF%E4%B8%8D%E8%A6%81%E7%94%9F%E6%B0%94%23
2026-07-31,2026-07-31T16:23:23+08:00,微博,热搜榜,微博热搜榜,,29,郭艾伦告别广州龙狮,体育,热度 189533；新,,郭艾伦告别广州龙狮,,https://s.weibo.com/weibo?q=%23%E9%83%AD%E8%89%BE%E4%BC%A6%E5%91%8A%E5%88%AB%E5%B9%BF%E5%B7%9E%E9%BE%99%E7%8B%AE%23
2026-07-31,2026-07-31T16:23:23+08:00,微博,热搜榜,微博热搜榜,,30,三伏天喝啥最补水,"美食,健康医疗",热度 186070,,三伏天喝啥最补水,,https://s.weibo.com/weibo?q=%23%E4%B8%89%E4%BC%8F%E5%A4%A9%E5%96%9D%E5%95%A5%E6%9C%80%E8%A1%A5%E6%B0%B4%23
2026-07-31,2026-07-31T16:23:23+08:00,微博,热搜榜,微博热搜榜,,31,挡住刘亦菲的脸展示珠宝,艺人,热度 185899,,挡住刘亦菲的脸展示珠宝,['刘亦菲'],https://s.weibo.com/weibo?q=%23%E6%8C%A1%E4%BD%8F%E5%88%98%E4%BA%A6%E8%8F%B2%E7%9A%84%E8%84%B8%E5%B1%95%E7%A4%BA%E7%8F%A0%E5%AE%9D%23
2026-07-31,2026-07-31T16:23:23+08:00,微博,热搜榜,微博热搜榜,,32,老板3千招大学生退孩子万元暑假班,民生新闻,热度 185591；新,,老板3千招大学生退孩子万元暑假班,,https://s.weibo.com/weibo?q=%23%E8%80%81%E6%9D%BF3%E5%8D%83%E6%8B%9B%E5%A4%A7%E5%AD%A6%E7%94%9F%E9%80%80%E5%AD%A9%E5%AD%90%E4%B8%87%E5%85%83%E6%9A%91%E5%81%87%E7%8F%AD%23
2026-07-31,2026-07-31T16:23:23+08:00,微博,热搜榜,微博热搜榜,,33,白鹿八月行程图穿高定,艺人,热度 181134,,白鹿八月行程图穿高定,['白鹿'],https://s.weibo.com/weibo?q=%23%E7%99%BD%E9%B9%BF%E5%85%AB%E6%9C%88%E8%A1%8C%E7%A8%8B%E5%9B%BE%E7%A9%BF%E9%AB%98%E5%AE%9A%23
2026-07-31,2026-07-31T16:23:23+08:00,微博,热搜榜,微博热搜榜,,34,宋亚轩舍不得删的照片,综艺,热度 176866；新,,宋亚轩舍不得删的照片,综艺,https://s.weibo.com/weibo?q=%23%E5%AE%8B%E4%BA%9A%E8%BD%A9%E8%88%8D%E4%B8%8D%E5%BE%97%E5%88%A0%E7%9A%84%E7%85%A7%E7%89%87%23
2026-07-31,2026-07-31T16:23:23+08:00,微博,热搜榜,微博热搜榜,,35,第一次对薄有了新的认知,情感,热度 176587,,第一次对薄有了新的认知,,https://s.weibo.com/weibo?q=%23%E7%AC%AC%E4%B8%80%E6%AC%A1%E5%AF%B9%E8%96%84%E6%9C%89%E4%BA%86%E6%96%B0%E7%9A%84%E8%AE%A4%E7%9F%A5%23
2026-07-31,2026-07-31T16:23:23+08:00,微博,热搜榜,微博热搜榜,,36,一件事坚持了10年会发生什么,情感,热度 173712；新,,一件事坚持了10年会发生什么,,https://s.weibo.com/weibo?q=%23%E4%B8%80%E4%BB%B6%E4%BA%8B%E5%9D%9A%E6%8C%81%E4%BA%8610%E5%B9%B4%E4%BC%9A%E5%8F%91%E7%94%9F%E4%BB%80%E4%B9%88%23
2026-07-31,2026-07-31T16:23:23+08:00,微博,热搜榜,微博热搜榜,,37,丈夫与小三试管反怪妻子毁自己孩子,民生新闻,热度 162479,,丈夫与小三试管反怪妻子毁自己孩子,,https://s.weibo.com/weibo?q=%23%E4%B8%88%E5%A4%AB%E4%B8%8E%E5%B0%8F%E4%B8%89%E8%AF%95%E7%AE%A1%E5%8F%8D%E6%80%AA%E5%A6%BB%E5%AD%90%E6%AF%81%E8%87%AA%E5%B7%B1%E5%AD%A9%E5%AD%90%23
2026-07-31,2026-07-31T16:23:23+08:00,微博,热搜榜,微博热搜榜,,38,宋威龙徒手抓知了,艺人,热度 149855；新,,宋威龙徒手抓知了,['宋威龙'],https://s.weibo.com/weibo?q=%23%E5%AE%8B%E5%A8%81%E9%BE%99%E5%BE%92%E6%89%8B%E6%8A%93%E7%9F%A5%E4%BA%86%23
2026-07-31,2026-07-31T16:23:23+08:00,微博,热搜榜,微博热搜榜,,39,杨超越6年后还是心动忙内,综艺,热度 149761；新,,杨超越6年后还是心动忙内,综艺,https://s.weibo.com/weibo?q=%23%E6%9D%A8%E8%B6%85%E8%B6%8A6%E5%B9%B4%E5%90%8E%E8%BF%98%E6%98%AF%E5%BF%83%E5%8A%A8%E5%BF%99%E5%86%85%23
2026-07-31,2026-07-31T16:23:23+08:00,微博,热搜榜,微博热搜榜,,40,这一秒过火想要的片头belike,剧集,热度 149570；新,,这一秒过火想要的片头belike,剧集,https://s.weibo.com/weibo?q=%23%E8%BF%99%E4%B8%80%E7%A7%92%E8%BF%87%E7%81%AB%E6%83%B3%E8%A6%81%E7%9A%84%E7%89%87%E5%A4%B4belike%23
2026-07-31,2026-07-31T16:23:23+08:00,微博,热搜榜,微博热搜榜,,41,宋亚轩刘耀文未发布合照,综艺,热度 149491,,宋亚轩刘耀文未发布合照,综艺,https://s.weibo.com/weibo?q=%23%E5%AE%8B%E4%BA%9A%E8%BD%A9%E5%88%98%E8%80%80%E6%96%87%E6%9C%AA%E5%8F%91%E5%B8%83%E5%90%88%E7%85%A7%23
2026-07-31,2026-07-31T16:23:23+08:00,微博,热搜榜,微博热搜榜,,42,九门开一次门消失一个人,剧集,热度 149299；新,,九门开一次门消失一个人,剧集,https://s.weibo.com/weibo?q=%23%E4%B9%9D%E9%97%A8%E5%BC%80%E4%B8%80%E6%AC%A1%E9%97%A8%E6%B6%88%E5%A4%B1%E4%B8%80%E4%B8%AA%E4%BA%BA%23
2026-07-31,2026-07-31T16:23:23+08:00,微博,热搜榜,微博热搜榜,,43,长鑫员工千万身家锁定三年,"财经,互联网",热度 149227,,长鑫员工千万身家锁定三年,,https://s.weibo.com/weibo?q=%23%E9%95%BF%E9%91%AB%E5%91%98%E5%B7%A5%E5%8D%83%E4%B8%87%E8%BA%AB%E5%AE%B6%E9%94%81%E5%AE%9A%E4%B8%89%E5%B9%B4%23
2026-07-31,2026-07-31T16:23:23+08:00,微博,热搜榜,微博热搜榜,,44,十个勤天刚上班vs上班四年,综艺,热度 148406,,十个勤天刚上班vs上班四年,综艺,https://s.weibo.com/weibo?q=%23%E5%8D%81%E4%B8%AA%E5%8B%A4%E5%A4%A9%E5%88%9A%E4%B8%8A%E7%8F%ADvs%E4%B8%8A%E7%8F%AD%E5%9B%9B%E5%B9%B4%23
2026-07-31,2026-07-31T16:23:23+08:00,微博,热搜榜,微博热搜榜,,45,Seedance2.5接入豆包专业版,互联网,热度 146670；新,,Seedance2.5接入豆包专业版,,https://s.weibo.com/weibo?q=%23Seedance2.5%E6%8E%A5%E5%85%A5%E8%B1%86%E5%8C%85%E4%B8%93%E4%B8%9A%E7%89%88%23
2026-07-31,2026-07-31T16:23:23+08:00,微博,热搜榜,微博热搜榜,,46,当妈妈把欧洲特产蒸了后,幽默,热度 146590；新,,当妈妈把欧洲特产蒸了后,,https://s.weibo.com/weibo?q=%23%E5%BD%93%E5%A6%88%E5%A6%88%E6%8A%8A%E6%AC%A7%E6%B4%B2%E7%89%B9%E4%BA%A7%E8%92%B8%E4%BA%86%E5%90%8E%23
2026-07-31,2026-07-31T16:23:23+08:00,微博,热搜榜,微博热搜榜,,47,小澈复播状态,网红,热度 146450,,小澈复播状态,['小澈'],https://s.weibo.com/weibo?q=%23%E5%B0%8F%E6%BE%88%E5%A4%8D%E6%92%AD%E7%8A%B6%E6%80%81%23
2026-07-31,2026-07-31T16:23:23+08:00,微博,热搜榜,微博热搜榜,,48,王楚钦周启豪2比1王吉轩龙宇,体育,热度 144902,,王楚钦周启豪2比1王吉轩龙宇,,https://s.weibo.com/weibo?q=%23%E7%8E%8B%E6%A5%9A%E9%92%A6%E5%91%A8%E5%90%AF%E8%B1%AA2%E6%AF%941%E7%8E%8B%E5%90%89%E8%BD%A9%E9%BE%99%E5%AE%87%23
2026-07-31,2026-07-31T16:23:23+08:00,微博,热搜榜,微博热搜榜,,49,KPL进入闫浩时代,电竞,热度 144289,,KPL进入闫浩时代,,https://s.weibo.com/weibo?q=%23KPL%E8%BF%9B%E5%85%A5%E9%97%AB%E6%B5%A9%E6%97%B6%E4%BB%A3%23
2026-07-31,2026-07-31T16:23:23+08:00,微博,热搜榜,微博热搜榜,,50,男子用私密视频勒索前女友50多次,民生新闻,热度 143852；新,,男子用私密视频勒索前女友50多次,,https://s.weibo.com/weibo?q=%23%E7%94%B7%E5%AD%90%E7%94%A8%E7%A7%81%E5%AF%86%E8%A7%86%E9%A2%91%E5%8B%92%E7%B4%A2%E5%89%8D%E5%A5%B3%E5%8F%8B50%E5%A4%9A%E6%AC%A1%23
2026-07-31,2026-07-31T16:23:23+08:00,微博,文娱热搜榜,微博热搜榜-文娱条目,,1,百花奖,电影,总榜排名 2；热度 792028；新,,百花奖,盛典,https://s.weibo.com/weibo?q=%23%E7%99%BE%E8%8A%B1%E5%A5%96%23
2026-07-31,2026-07-31T16:23:23+08:00,微博,文娱热搜榜,微博热搜榜-文娱条目,,2,李晟十日终焉领口带血,剧集,总榜排名 6；热度 546749；沸,,李晟十日终焉领口带血,剧集,https://s.weibo.com/weibo?q=%23%E6%9D%8E%E6%99%9F%E5%8D%81%E6%97%A5%E7%BB%88%E7%84%89%E9%A2%86%E5%8F%A3%E5%B8%A6%E8%A1%80%23
2026-07-31,2026-07-31T16:23:23+08:00,微博,文娱热搜榜,微博热搜榜-文娱条目,,3,虞书欣大腿淤青,艺人,总榜排名 12；热度 395964；新,,虞书欣大腿淤青,,https://s.weibo.com/weibo?q=%23%E8%99%9E%E4%B9%A6%E6%AC%A3%E5%A4%A7%E8%85%BF%E6%B7%A4%E9%9D%92%23
2026-07-31,2026-07-31T16:23:23+08:00,微博,文娱热搜榜,微博热搜榜-文娱条目,,4,电影八仙,电影,总榜排名 13；热度 391455；新,,电影八仙,电影,https://s.weibo.com/weibo?q=%23%E7%94%B5%E5%BD%B1%E5%85%AB%E4%BB%99%23
2026-07-31,2026-07-31T16:23:23+08:00,微博,文娱热搜榜,微博热搜榜-文娱条目,,5,敖瑞鹏工作室回应接中剧,艺人,总榜排名 15；热度 362861；新,,敖瑞鹏工作室回应接中剧,['敖瑞鹏'],https://s.weibo.com/weibo?q=%23%E6%95%96%E7%91%9E%E9%B9%8F%E5%B7%A5%E4%BD%9C%E5%AE%A4%E5%9B%9E%E5%BA%94%E6%8E%A5%E4%B8%AD%E5%89%A7%23
2026-07-31,2026-07-31T16:23:23+08:00,微博,文娱热搜榜,微博热搜榜-文娱条目,,6,何广智回应恋情,综艺,总榜排名 16；热度 356496,,何广智回应恋情,综艺,https://s.weibo.com/weibo?q=%23%E4%BD%95%E5%B9%BF%E6%99%BA%E5%9B%9E%E5%BA%94%E6%81%8B%E6%83%85%23
2026-07-31,2026-07-31T16:23:23+08:00,微博,文娱热搜榜,微博热搜榜-文娱条目,,7,肖战片场跪地咳嗽,艺人,总榜排名 19；热度 304999；新,,肖战片场跪地咳嗽,['肖战'],https://s.weibo.com/weibo?q=%23%E8%82%96%E6%88%98%E7%89%87%E5%9C%BA%E8%B7%AA%E5%9C%B0%E5%92%B3%E5%97%BD%23
2026-07-31,2026-07-31T16:23:23+08:00,微博,文娱热搜榜,微博热搜榜-文娱条目,,8,唐艺昕张若昀女儿近照,艺人,总榜排名 23；热度 265022,,唐艺昕张若昀女儿近照,"['唐艺昕', '张若昀']",https://s.weibo.com/weibo?q=%23%E5%94%90%E8%89%BA%E6%98%95%E5%BC%A0%E8%8B%A5%E6%98%80%E5%A5%B3%E5%84%BF%E8%BF%91%E7%85%A7%23
2026-07-31,2026-07-31T16:23:23+08:00,微博,文娱热搜榜,微博热搜榜-文娱条目,,9,赞达亚荷兰弟互画肖像外网爆火,艺人,总榜排名 27；热度 219339,,赞达亚荷兰弟互画肖像外网爆火,"['荷兰弟', '赞达亚']",https://s.weibo.com/weibo?q=%23%E8%B5%9E%E8%BE%BE%E4%BA%9A%E8%8D%B7%E5%85%B0%E5%BC%9F%E4%BA%92%E7%94%BB%E8%82%96%E5%83%8F%E5%A4%96%E7%BD%91%E7%88%86%E7%81%AB%23
2026-07-31,2026-07-31T16:23:23+08:00,微博,文娱热搜榜,微博热搜榜-文娱条目,,10,林大厨让王俊凯不要生气,综艺,总榜排名 28；热度 192003,,林大厨让王俊凯不要生气,综艺,https://s.weibo.com/weibo?q=%23%E6%9E%97%E5%A4%A7%E5%8E%A8%E8%AE%A9%E7%8E%8B%E4%BF%8A%E5%87%AF%E4%B8%8D%E8%A6%81%E7%94%9F%E6%B0%94%23
2026-07-31,2026-07-31T16:23:23+08:00,微博,文娱热搜榜,微博热搜榜-文娱条目,,11,挡住刘亦菲的脸展示珠宝,艺人,总榜排名 31；热度 185899,,挡住刘亦菲的脸展示珠宝,['刘亦菲'],https://s.weibo.com/weibo?q=%23%E6%8C%A1%E4%BD%8F%E5%88%98%E4%BA%A6%E8%8F%B2%E7%9A%84%E8%84%B8%E5%B1%95%E7%A4%BA%E7%8F%A0%E5%AE%9D%23
2026-07-31,2026-07-31T16:23:23+08:00,微博,文娱热搜榜,微博热搜榜-文娱条目,,12,白鹿八月行程图穿高定,艺人,总榜排名 33；热度 181134,,白鹿八月行程图穿高定,['白鹿'],https://s.weibo.com/weibo?q=%23%E7%99%BD%E9%B9%BF%E5%85%AB%E6%9C%88%E8%A1%8C%E7%A8%8B%E5%9B%BE%E7%A9%BF%E9%AB%98%E5%AE%9A%23
2026-07-31,2026-07-31T16:23:23+08:00,微博,文娱热搜榜,微博热搜榜-文娱条目,,13,宋亚轩舍不得删的照片,综艺,总榜排名 34；热度 176866；新,,宋亚轩舍不得删的照片,综艺,https://s.weibo.com/weibo?q=%23%E5%AE%8B%E4%BA%9A%E8%BD%A9%E8%88%8D%E4%B8%8D%E5%BE%97%E5%88%A0%E7%9A%84%E7%85%A7%E7%89%87%23
2026-07-31,2026-07-31T16:23:23+08:00,微博,文娱热搜榜,微博热搜榜-文娱条目,,14,宋威龙徒手抓知了,艺人,总榜排名 38；热度 149855；新,,宋威龙徒手抓知了,['宋威龙'],https://s.weibo.com/weibo?q=%23%E5%AE%8B%E5%A8%81%E9%BE%99%E5%BE%92%E6%89%8B%E6%8A%93%E7%9F%A5%E4%BA%86%23
2026-07-31,2026-07-31T16:23:23+08:00,微博,文娱热搜榜,微博热搜榜-文娱条目,,15,杨超越6年后还是心动忙内,综艺,总榜排名 39；热度 149761；新,,杨超越6年后还是心动忙内,综艺,https://s.weibo.com/weibo?q=%23%E6%9D%A8%E8%B6%85%E8%B6%8A6%E5%B9%B4%E5%90%8E%E8%BF%98%E6%98%AF%E5%BF%83%E5%8A%A8%E5%BF%99%E5%86%85%23
2026-07-31,2026-07-31T16:23:23+08:00,微博,文娱热搜榜,微博热搜榜-文娱条目,,16,这一秒过火想要的片头belike,剧集,总榜排名 40；热度 149570；新,,这一秒过火想要的片头belike,剧集,https://s.weibo.com/weibo?q=%23%E8%BF%99%E4%B8%80%E7%A7%92%E8%BF%87%E7%81%AB%E6%83%B3%E8%A6%81%E7%9A%84%E7%89%87%E5%A4%B4belike%23
2026-07-31,2026-07-31T16:23:23+08:00,微博,文娱热搜榜,微博热搜榜-文娱条目,,17,宋亚轩刘耀文未发布合照,综艺,总榜排名 41；热度 149491,,宋亚轩刘耀文未发布合照,综艺,https://s.weibo.com/weibo?q=%23%E5%AE%8B%E4%BA%9A%E8%BD%A9%E5%88%98%E8%80%80%E6%96%87%E6%9C%AA%E5%8F%91%E5%B8%83%E5%90%88%E7%85%A7%23
2026-07-31,2026-07-31T16:23:23+08:00,微博,文娱热搜榜,微博热搜榜-文娱条目,,18,九门开一次门消失一个人,剧集,总榜排名 42；热度 149299；新,,九门开一次门消失一个人,剧集,https://s.weibo.com/weibo?q=%23%E4%B9%9D%E9%97%A8%E5%BC%80%E4%B8%80%E6%AC%A1%E9%97%A8%E6%B6%88%E5%A4%B1%E4%B8%80%E4%B8%AA%E4%BA%BA%23
2026-07-31,2026-07-31T16:23:23+08:00,微博,文娱热搜榜,微博热搜榜-文娱条目,,19,十个勤天刚上班vs上班四年,综艺,总榜排名 44；热度 148406,,十个勤天刚上班vs上班四年,综艺,https://s.weibo.com/weibo?q=%23%E5%8D%81%E4%B8%AA%E5%8B%A4%E5%A4%A9%E5%88%9A%E4%B8%8A%E7%8F%ADvs%E4%B8%8A%E7%8F%AD%E5%9B%9B%E5%B9%B4%23
2026-07-31,2026-07-31T16:23:23+08:00,微博,文娱热搜榜,微博热搜榜-文娱条目,,20,小澈复播状态,网红,总榜排名 47；热度 146450,,小澈复播状态,['小澈'],https://s.weibo.com/weibo?q=%23%E5%B0%8F%E6%BE%88%E5%A4%8D%E6%92%AD%E7%8A%B6%E6%80%81%23
