snapshot_date,captured_at,platform,chart,official_chart,platform_date,rank,song_name,artist,chart_metric,duration,song_id,album_id,source_url
2026-08-04,2026-08-04T11:42:53+08:00,QQ音乐,热歌榜,热歌榜,2026-08-04,1,No More Tomorrow,严浩翔,新进,,711989205,003KeoBI3AypAk,https://y.qq.com/n/ryqq/toplist/26
2026-08-04,2026-08-04T11:42:53+08:00,QQ音乐,热歌榜,热歌榜,2026-08-04,2,恋人,李荣浩,上升 1,,496054946,004HaG7p4ZkhXA,https://y.qq.com/n/ryqq/toplist/26
2026-08-04,2026-08-04T11:42:53+08:00,QQ音乐,热歌榜,热歌榜,2026-08-04,3,甲乙丙丁 (你我怎么两清),李佳薇,下降 1,,696262512,00446QRA1fTdqA,https://y.qq.com/n/ryqq/toplist/26
2026-08-04,2026-08-04T11:42:53+08:00,QQ音乐,热歌榜,热歌榜,2026-08-04,4,失眠,Suki刘舒妤,0,,4733575,002xCeeN4EJ1Ke,https://y.qq.com/n/ryqq/toplist/26
2026-08-04,2026-08-04T11:42:53+08:00,QQ音乐,热歌榜,热歌榜,2026-08-04,5,雨爱,杨丞琳,0,,645819,000jcKFG0sQrD0,https://y.qq.com/n/ryqq/toplist/26
2026-08-04,2026-08-04T11:42:53+08:00,QQ音乐,热歌榜,热歌榜,2026-08-04,6,我怀念的,孙燕姿,0,,5211338,000P3l050Olt27,https://y.qq.com/n/ryqq/toplist/26
2026-08-04,2026-08-04T11:42:53+08:00,QQ音乐,热歌榜,热歌榜,2026-08-04,7,无人之岛,任然,0,,203452364,002lMPc30c4rOO,https://y.qq.com/n/ryqq/toplist/26
2026-08-04,2026-08-04T11:42:53+08:00,QQ音乐,热歌榜,热歌榜,2026-08-04,8,爱错,王力宏,上升 1,,105905415,002ElVxf43rOue,https://y.qq.com/n/ryqq/toplist/26
2026-08-04,2026-08-04T11:42:53+08:00,QQ音乐,热歌榜,热歌榜,2026-08-04,9,ANGEL (天使),尹美莱 (윤미래)/Tiger JK/Bizzy (비지),下降 1,,101138130,000qiKcT05rSr9,https://y.qq.com/n/ryqq/toplist/26
2026-08-04,2026-08-04T11:42:53+08:00,QQ音乐,热歌榜,热歌榜,2026-08-04,10,Always Online,林俊杰,上升 3,,447257,002g6zv02X7SNi,https://y.qq.com/n/ryqq/toplist/26
2026-08-04,2026-08-04T11:42:53+08:00,QQ音乐,热歌榜,热歌榜,2026-08-04,11,阴天,莫文蔚,0,,4830345,000hTTJN3oScZr,https://y.qq.com/n/ryqq/toplist/26
2026-08-04,2026-08-04T11:42:53+08:00,QQ音乐,热歌榜,热歌榜,2026-08-04,12,雨过后的风景,Dizzy Dizzo (蔡诗芸),0,,1960263,0038xSkp1EcVBf,https://y.qq.com/n/ryqq/toplist/26
2026-08-04,2026-08-04T11:42:53+08:00,QQ音乐,热歌榜,热歌榜,2026-08-04,13,唯一,G.E.M. 邓紫棋,上升 1,,438910555,002d6m7k0xCbSv,https://y.qq.com/n/ryqq/toplist/26
2026-08-04,2026-08-04T11:42:53+08:00,QQ音乐,热歌榜,热歌榜,2026-08-04,14,情歌,梁静茹,上升 8,,462188,002E4IXe1ESUij,https://y.qq.com/n/ryqq/toplist/26
2026-08-04,2026-08-04T11:42:53+08:00,QQ音乐,热歌榜,热歌榜,2026-08-04,15,碎碎念,队长,上升 18,,448738462,000DTFwk0oV4YR,https://y.qq.com/n/ryqq/toplist/26
2026-08-04,2026-08-04T11:42:53+08:00,QQ音乐,热歌榜,热歌榜,2026-08-04,16,樱花草,Sweety,上升 1,,481456,000pKXff1doeOd,https://y.qq.com/n/ryqq/toplist/26
2026-08-04,2026-08-04T11:42:53+08:00,QQ音乐,热歌榜,热歌榜,2026-08-04,17,特别的人,方大同,上升 2,,5293866,000GvdTR0qcKh8,https://y.qq.com/n/ryqq/toplist/26
2026-08-04,2026-08-04T11:42:53+08:00,QQ音乐,热歌榜,热歌榜,2026-08-04,18,我不难过,孙燕姿,0,,8136,004VSvF52mQoQp,https://y.qq.com/n/ryqq/toplist/26
2026-08-04,2026-08-04T11:42:53+08:00,QQ音乐,热歌榜,热歌榜,2026-08-04,19,演员,薛之谦,下降 4,,102636799,003y8dsH2wBHlo,https://y.qq.com/n/ryqq/toplist/26
2026-08-04,2026-08-04T11:42:53+08:00,QQ音乐,热歌榜,热歌榜,2026-08-04,20,盛夏的果实,莫文蔚,下降 4,,4830161,000KeV8l1PIjxt,https://y.qq.com/n/ryqq/toplist/26
2026-08-04,2026-08-04T11:42:53+08:00,QQ音乐,热歌榜,热歌榜,2026-08-04,21,红色高跟鞋,蔡健雅,下降 1,,624649,002dOge41xlS8x,https://y.qq.com/n/ryqq/toplist/26
2026-08-04,2026-08-04T11:42:53+08:00,QQ音乐,热歌榜,热歌榜,2026-08-04,22,江南,林俊杰,上升 2,,9063002,000y5gq7449K9I,https://y.qq.com/n/ryqq/toplist/26
2026-08-04,2026-08-04T11:42:53+08:00,QQ音乐,热歌榜,热歌榜,2026-08-04,23,春娇与志明,街道办GDC/欧阳耀莹,0,,205357640,000lrXyA0MlEEo,https://y.qq.com/n/ryqq/toplist/26
2026-08-04,2026-08-04T11:42:53+08:00,QQ音乐,热歌榜,热歌榜,2026-08-04,24,Surfin' Boy,Red Velvet (레드벨벳),新进,,709321998,0005LnLJ0teyen,https://y.qq.com/n/ryqq/toplist/26
2026-08-04,2026-08-04T11:42:53+08:00,QQ音乐,热歌榜,热歌榜,2026-08-04,25,开始懂了,孙燕姿,上升 1,,5646,004KRIQr1oCp2A,https://y.qq.com/n/ryqq/toplist/26
2026-08-04,2026-08-04T11:42:53+08:00,QQ音乐,热歌榜,热歌榜,2026-08-04,26,我们俩,郭顶,上升 2,,105413206,003sMyYb4HZAAz,https://y.qq.com/n/ryqq/toplist/26
2026-08-04,2026-08-04T11:42:53+08:00,QQ音乐,热歌榜,热歌榜,2026-08-04,27,其实,薛之谦,上升 2,,104775877,000QgFcm0v8WaF,https://y.qq.com/n/ryqq/toplist/26
2026-08-04,2026-08-04T11:42:53+08:00,QQ音乐,热歌榜,热歌榜,2026-08-04,28,多远都要在一起,G.E.M. 邓紫棋,上升 2,,102174489,003c616O2Zlswm,https://y.qq.com/n/ryqq/toplist/26
2026-08-04,2026-08-04T11:42:53+08:00,QQ音乐,热歌榜,热歌榜,2026-08-04,29,刻在我心底的名字,卢广仲,下降 2,,316472364,004QG0W52P5GUq,https://y.qq.com/n/ryqq/toplist/26
2026-08-04,2026-08-04T11:42:53+08:00,QQ音乐,热歌榜,热歌榜,2026-08-04,30,心墙,郭静,上升 1,,474797,003EHcB24J8t9Z,https://y.qq.com/n/ryqq/toplist/26
2026-08-04,2026-08-04T11:42:53+08:00,QQ音乐,热歌榜,热歌榜,2026-08-04,31,偏爱,张芸京,上升 1,,473137,003ha6C92GRuVE,https://y.qq.com/n/ryqq/toplist/26
2026-08-04,2026-08-04T11:42:53+08:00,QQ音乐,热歌榜,热歌榜,2026-08-04,32,素颜,许嵩/何曼婷,上升 3,,101813361,0035f8nw11cjkf,https://y.qq.com/n/ryqq/toplist/26
2026-08-04,2026-08-04T11:42:53+08:00,QQ音乐,热歌榜,热歌榜,2026-08-04,33,最佳损友,陈奕迅,上升 9,,1338414,002FT46H18G1jW,https://y.qq.com/n/ryqq/toplist/26
2026-08-04,2026-08-04T11:42:53+08:00,QQ音乐,热歌榜,热歌榜,2026-08-04,34,离开我的依赖,王艳薇,0,,253383943,004CSyAN1oc97b,https://y.qq.com/n/ryqq/toplist/26
2026-08-04,2026-08-04T11:42:53+08:00,QQ音乐,热歌榜,热歌榜,2026-08-04,35,富士山下,陈奕迅,上升 1,,260678,004Z85XP1c25b7,https://y.qq.com/n/ryqq/toplist/26
2026-08-04,2026-08-04T11:42:53+08:00,QQ音乐,热歌榜,热歌榜,2026-08-04,36,讨厌,芮恩,上升 1,,138194,001EFkTG1wgW4n,https://y.qq.com/n/ryqq/toplist/26
2026-08-04,2026-08-04T11:42:53+08:00,QQ音乐,热歌榜,热歌榜,2026-08-04,37,天外来物,薛之谦,上升 11,,272125057,000K9Zp13TZp5s,https://y.qq.com/n/ryqq/toplist/26
2026-08-04,2026-08-04T11:42:53+08:00,QQ音乐,热歌榜,热歌榜,2026-08-04,38,遇见,孙燕姿,0,,8145,002ehzTm0TxXC2,https://y.qq.com/n/ryqq/toplist/26
2026-08-04,2026-08-04T11:42:53+08:00,QQ音乐,热歌榜,热歌榜,2026-08-04,39,晴天,周杰伦,0,,97773,000MkMni19ClKG,https://y.qq.com/n/ryqq/toplist/26
2026-08-04,2026-08-04T11:42:53+08:00,QQ音乐,热歌榜,热歌榜,2026-08-04,40,坏女孩,徐良/小凌,上升 3,,7112749,002apRhZ4Bq99d,https://y.qq.com/n/ryqq/toplist/26
2026-08-04,2026-08-04T11:42:53+08:00,QQ音乐,热歌榜,热歌榜,2026-08-04,41,The Other Side Of Paradise (Explicit),Glass Animals,上升 5,,319782348,001eucpH3ZIJnM,https://y.qq.com/n/ryqq/toplist/26
2026-08-04,2026-08-04T11:42:53+08:00,QQ音乐,热歌榜,热歌榜,2026-08-04,42,美人鱼,林俊杰,上升 7,,95292,000y5gq7449K9I,https://y.qq.com/n/ryqq/toplist/26
2026-08-04,2026-08-04T11:42:53+08:00,QQ音乐,热歌榜,热歌榜,2026-08-04,43,背对背拥抱,林俊杰,下降 3,,648231,002C0kX720gMQi,https://y.qq.com/n/ryqq/toplist/26
2026-08-04,2026-08-04T11:42:53+08:00,QQ音乐,热歌榜,热歌榜,2026-08-04,44,泪海,许茹芸,下降 19,,106585340,001Ugmj01giuzO,https://y.qq.com/n/ryqq/toplist/26
2026-08-04,2026-08-04T11:42:53+08:00,QQ音乐,热歌榜,热歌榜,2026-08-04,45,Beauty And A Beat,Justin Bieber/Nicki Minaj,上升 2,,1473252,002XddZv4cGsXb,https://y.qq.com/n/ryqq/toplist/26
2026-08-04,2026-08-04T11:42:53+08:00,QQ音乐,热歌榜,热歌榜,2026-08-04,46,晨间新闻,蔡健雅,上升 16,,102193380,001VqGlj2Oj52k,https://y.qq.com/n/ryqq/toplist/26
2026-08-04,2026-08-04T11:42:53+08:00,QQ音乐,热歌榜,热歌榜,2026-08-04,47,泡沫,G.E.M. 邓紫棋,下降 2,,1530858,002YFufr4bXZyI,https://y.qq.com/n/ryqq/toplist/26
2026-08-04,2026-08-04T11:42:53+08:00,QQ音乐,热歌榜,热歌榜,2026-08-04,48,不将就,李荣浩,上升 3,,102367085,001fi1zG0EjU2u,https://y.qq.com/n/ryqq/toplist/26
2026-08-04,2026-08-04T11:42:53+08:00,QQ音乐,热歌榜,热歌榜,2026-08-04,49,海阔天空,BEYOND,下降 5,,4835784,002qcJuX3lO3EZ,https://y.qq.com/n/ryqq/toplist/26
2026-08-04,2026-08-04T11:42:53+08:00,QQ音乐,热歌榜,热歌榜,2026-08-04,50,十年,陈奕迅,上升 2,,4830342,000GDz8k03UOaI,https://y.qq.com/n/ryqq/toplist/26
2026-08-04,2026-08-04T11:42:53+08:00,QQ音乐,热歌榜,热歌榜,2026-08-04,51,Baby,Justin Bieber/Ludacris,下降 1,,203644381,002TfnxG2yN1na,https://y.qq.com/n/ryqq/toplist/26
2026-08-04,2026-08-04T11:42:53+08:00,QQ音乐,热歌榜,热歌榜,2026-08-04,52,人间共鸣,李健,上升 1,,641742655,003RVJjp1svtyz,https://y.qq.com/n/ryqq/toplist/26
2026-08-04,2026-08-04T11:42:53+08:00,QQ音乐,热歌榜,热歌榜,2026-08-04,53,瞬,郑润泽,上升 4,,422061155,001qvyI10urb5z,https://y.qq.com/n/ryqq/toplist/26
2026-08-04,2026-08-04T11:42:53+08:00,QQ音乐,热歌榜,热歌榜,2026-08-04,54,后会无期,徐良/汪苏泷,0,,7112743,002apRhZ4Bq99d,https://y.qq.com/n/ryqq/toplist/26
2026-08-04,2026-08-04T11:42:53+08:00,QQ音乐,热歌榜,热歌榜,2026-08-04,55,认真的雪,薛之谦,上升 1,,1333803,003mUYW22JXKVK,https://y.qq.com/n/ryqq/toplist/26
2026-08-04,2026-08-04T11:42:53+08:00,QQ音乐,热歌榜,热歌榜,2026-08-04,56,Letting Go,蔡健雅,上升 5,,1030353,001aC9dM35U6KB,https://y.qq.com/n/ryqq/toplist/26
2026-08-04,2026-08-04T11:42:53+08:00,QQ音乐,热歌榜,热歌榜,2026-08-04,57,会呼吸的痛,梁静茹,上升 11,,411228,002oy2Mp3I8Rgo,https://y.qq.com/n/ryqq/toplist/26
2026-08-04,2026-08-04T11:42:53+08:00,QQ音乐,热歌榜,热歌榜,2026-08-04,58,你要的全拿走,胡彦斌,上升 9,,212808217,001eyHlv2fu50T,https://y.qq.com/n/ryqq/toplist/26
2026-08-04,2026-08-04T11:42:53+08:00,QQ音乐,热歌榜,热歌榜,2026-08-04,59,黄昏,周传雄,下降 4,,526713,001U6x8f2uJhig,https://y.qq.com/n/ryqq/toplist/26
2026-08-04,2026-08-04T11:42:53+08:00,QQ音乐,热歌榜,热歌榜,2026-08-04,60,我们的歌,王力宏,0,,102193483,002Zwh5p4HgecI,https://y.qq.com/n/ryqq/toplist/26
2026-08-04,2026-08-04T11:42:53+08:00,QQ音乐,热歌榜,热歌榜,2026-08-04,61,至少还有你,林忆莲,上升 9,,102204563,001JqgRv0mRHEQ,https://y.qq.com/n/ryqq/toplist/26
2026-08-04,2026-08-04T11:42:53+08:00,QQ音乐,热歌榜,热歌榜,2026-08-04,62,勇气,梁静茹,下降 3,,4830164,001DEgPu1004bl,https://y.qq.com/n/ryqq/toplist/26
2026-08-04,2026-08-04T11:42:53+08:00,QQ音乐,热歌榜,热歌榜,2026-08-04,63,麦恩莉,方大同,上升 2,,2550926,000ih4iv3HCmno,https://y.qq.com/n/ryqq/toplist/26
2026-08-04,2026-08-04T11:42:53+08:00,QQ音乐,热歌榜,热歌榜,2026-08-04,64,修炼爱情,林俊杰,0,,5063375,001gqOnU3DTg2S,https://y.qq.com/n/ryqq/toplist/26
2026-08-04,2026-08-04T11:42:53+08:00,QQ音乐,热歌榜,热歌榜,2026-08-04,65,如愿,王菲,下降 7,,326584182,004Kbn3m2HV9Y3,https://y.qq.com/n/ryqq/toplist/26
2026-08-04,2026-08-04T11:42:53+08:00,QQ音乐,热歌榜,热歌榜,2026-08-04,66,如果可以,韦礼安,上升 3,,330977131,003WBcyJ1siUkh,https://y.qq.com/n/ryqq/toplist/26
2026-08-04,2026-08-04T11:42:53+08:00,QQ音乐,热歌榜,热歌榜,2026-08-04,67,爱情讯息,郭静,下降 1,,876549,003PKZMI1Wyx1A,https://y.qq.com/n/ryqq/toplist/26
2026-08-04,2026-08-04T11:42:53+08:00,QQ音乐,热歌榜,热歌榜,2026-08-04,68,最后一页,江语晨,上升 5,,721636,003FO4XF40Ky8L,https://y.qq.com/n/ryqq/toplist/26
2026-08-04,2026-08-04T11:42:53+08:00,QQ音乐,热歌榜,热歌榜,2026-08-04,69,我知道,BY2,上升 14,,470336,001P410a0Iq4K0,https://y.qq.com/n/ryqq/toplist/26
2026-08-04,2026-08-04T11:42:53+08:00,QQ音乐,热歌榜,热歌榜,2026-08-04,70,下完这场雨,后弦,上升 2,,108787382,004ZXlA63dZBCa,https://y.qq.com/n/ryqq/toplist/26
2026-08-04,2026-08-04T11:42:53+08:00,QQ音乐,热歌榜,热歌榜,2026-08-04,71,野心家,张靓颖,上升 4,,591592617,003TmXW52e0F4P,https://y.qq.com/n/ryqq/toplist/26
2026-08-04,2026-08-04T11:42:53+08:00,QQ音乐,热歌榜,热歌榜,2026-08-04,72,可不可以,张紫豪,上升 5,,213958134,004VR1w241uBhB,https://y.qq.com/n/ryqq/toplist/26
2026-08-04,2026-08-04T11:42:53+08:00,QQ音乐,热歌榜,热歌榜,2026-08-04,73,倒数,G.E.M. 邓紫棋,下降 2,,215540451,003cKIKZ1J4Yyu,https://y.qq.com/n/ryqq/toplist/26
2026-08-04,2026-08-04T11:42:53+08:00,QQ音乐,热歌榜,热歌榜,2026-08-04,74,同花顺,林倛玉,上升 2,,103970682,004789lA4cH3Kq,https://y.qq.com/n/ryqq/toplist/26
2026-08-04,2026-08-04T11:42:53+08:00,QQ音乐,热歌榜,热歌榜,2026-08-04,75,爱我还是他,陶喆,上升 9,,7211247,003ofGzS3C23Ow,https://y.qq.com/n/ryqq/toplist/26
2026-08-04,2026-08-04T11:42:53+08:00,QQ音乐,热歌榜,热歌榜,2026-08-04,76,一样的月光,徐佳莹,上升 6,,7063423,000cchEp2CGNEf,https://y.qq.com/n/ryqq/toplist/26
2026-08-04,2026-08-04T11:42:53+08:00,QQ音乐,热歌榜,热歌榜,2026-08-04,77,童话,光良,下降 14,,4830267,002AaUF60cnS3w,https://y.qq.com/n/ryqq/toplist/26
2026-08-04,2026-08-04T11:42:53+08:00,QQ音乐,热歌榜,热歌榜,2026-08-04,78,句号,G.E.M. 邓紫棋,0,,247347346,0049MVh824D7bM,https://y.qq.com/n/ryqq/toplist/26
2026-08-04,2026-08-04T11:42:53+08:00,QQ音乐,热歌榜,热歌榜,2026-08-04,79,愿与愁,林俊杰,上升 7,,405007729,004ZOIop1doXru,https://y.qq.com/n/ryqq/toplist/26
2026-08-04,2026-08-04T11:42:53+08:00,QQ音乐,热歌榜,热歌榜,2026-08-04,80,明天过后,张杰,上升 27,,273032694,000pVkCf3KsUQ9,https://y.qq.com/n/ryqq/toplist/26
2026-08-04,2026-08-04T11:42:53+08:00,QQ音乐,热歌榜,热歌榜,2026-08-04,81,青花,周传雄,下降 7,,102204539,001Vj7aX0PixwV,https://y.qq.com/n/ryqq/toplist/26
2026-08-04,2026-08-04T11:42:53+08:00,QQ音乐,热歌榜,热歌榜,2026-08-04,82,有何不可,许嵩,下降 3,,102296985,002KSDg90IaScI,https://y.qq.com/n/ryqq/toplist/26
2026-08-04,2026-08-04T11:42:53+08:00,QQ音乐,热歌榜,热歌榜,2026-08-04,83,那些你很冒险的梦,林俊杰,上升 5,,102388808,002PQCmo2azasb,https://y.qq.com/n/ryqq/toplist/26
2026-08-04,2026-08-04T11:42:53+08:00,QQ音乐,热歌榜,热歌榜,2026-08-04,84,IF YOU,BIGBANG (빅뱅),上升 9,,102793935,001xpUdt2jEjWu,https://y.qq.com/n/ryqq/toplist/26
2026-08-04,2026-08-04T11:42:53+08:00,QQ音乐,热歌榜,热歌榜,2026-08-04,85,半壶纱,刘珂矣,下降 5,,7048773,0009EZjm1c7iQe,https://y.qq.com/n/ryqq/toplist/26
2026-08-04,2026-08-04T11:42:53+08:00,QQ音乐,热歌榜,热歌榜,2026-08-04,86,第57次取消发送,菲菲公主（陆绮菲）,上升 3,,560063927,000KrDC019mc82,https://y.qq.com/n/ryqq/toplist/26
2026-08-04,2026-08-04T11:42:53+08:00,QQ音乐,热歌榜,热歌榜,2026-08-04,87,后来,刘若英,0,,4830150,0017zqT34WuQwa,https://y.qq.com/n/ryqq/toplist/26
2026-08-04,2026-08-04T11:42:53+08:00,QQ音乐,热歌榜,热歌榜,2026-08-04,88,Dehors (Live),Jordann,下降 47,,457608824,00373oN248uprz,https://y.qq.com/n/ryqq/toplist/26
2026-08-04,2026-08-04T11:42:53+08:00,QQ音乐,热歌榜,热歌榜,2026-08-04,89,无名之辈,陈雪燃,上升 25,,127045912,000V8cXJ1hSjke,https://y.qq.com/n/ryqq/toplist/26
2026-08-04,2026-08-04T11:42:53+08:00,QQ音乐,热歌榜,热歌榜,2026-08-04,90,一个人想着一个人,曾沛慈,上升 5,,4716045,003wP0m32WRVql,https://y.qq.com/n/ryqq/toplist/26
2026-08-04,2026-08-04T11:42:53+08:00,QQ音乐,热歌榜,热歌榜,2026-08-04,91,如果爱忘了 (Live),汪苏泷/单依纯,上升 8,,471040573,001rd1S93gcWUF,https://y.qq.com/n/ryqq/toplist/26
2026-08-04,2026-08-04T11:42:53+08:00,QQ音乐,热歌榜,热歌榜,2026-08-04,92,无名的人,毛不易,上升 8,,336582682,002mPgSG01LLtu,https://y.qq.com/n/ryqq/toplist/26
2026-08-04,2026-08-04T11:42:53+08:00,QQ音乐,热歌榜,热歌榜,2026-08-04,93,出现又离开 (Live),梁博,下降 2,,231594573,000eQZ1q4g6AsF,https://y.qq.com/n/ryqq/toplist/26
2026-08-04,2026-08-04T11:42:53+08:00,QQ音乐,热歌榜,热歌榜,2026-08-04,94,红尘客栈,周杰伦,0,,5177680,003Ow85E3pnoqi,https://y.qq.com/n/ryqq/toplist/26
2026-08-04,2026-08-04T11:42:53+08:00,QQ音乐,热歌榜,热歌榜,2026-08-04,95,小半,陈粒,上升 2,,107762070,004fAhFe0fdHYF,https://y.qq.com/n/ryqq/toplist/26
2026-08-04,2026-08-04T11:42:53+08:00,QQ音乐,热歌榜,热歌榜,2026-08-04,96,下一个天亮,郭静,0,,876541,003PKZMI1Wyx1A,https://y.qq.com/n/ryqq/toplist/26
2026-08-04,2026-08-04T11:42:53+08:00,QQ音乐,热歌榜,热歌榜,2026-08-04,97,Love Story,Taylor Swift,下降 12,,639141,002Q1XUj3HBAzw,https://y.qq.com/n/ryqq/toplist/26
2026-08-04,2026-08-04T11:42:53+08:00,QQ音乐,热歌榜,热歌榜,2026-08-04,98,恶作剧,王蓝茵,0,,257621,0031ftBk2foLzq,https://y.qq.com/n/ryqq/toplist/26
2026-08-04,2026-08-04T11:42:53+08:00,QQ音乐,热歌榜,热歌榜,2026-08-04,99,幻听,许嵩,下降 9,,1531817,004RbL3b0BDIe2,https://y.qq.com/n/ryqq/toplist/26
2026-08-04,2026-08-04T11:42:53+08:00,QQ音乐,热歌榜,热歌榜,2026-08-04,100,后来的我们,五月天,上升 5,,107709592,002fRO0N4FftzY,https://y.qq.com/n/ryqq/toplist/26
2026-08-04,2026-08-04T11:42:53+08:00,QQ音乐,飙升榜,飙升榜,2026-08-04,1,No More Tomorrow,严浩翔,热度 98%,,711989205,003KeoBI3AypAk,https://y.qq.com/n/ryqq/toplist/62
2026-08-04,2026-08-04T11:42:53+08:00,QQ音乐,飙升榜,飙升榜,2026-08-04,2,Surfin' Boy,Red Velvet (레드벨벳),热度 26%,,709321998,0005LnLJ0teyen,https://y.qq.com/n/ryqq/toplist/62
2026-08-04,2026-08-04T11:42:53+08:00,QQ音乐,飙升榜,飙升榜,2026-08-04,3,Orchestra,Red Velvet (레드벨벳),热度 18%,,709322003,0005LnLJ0teyen,https://y.qq.com/n/ryqq/toplist/62
2026-08-04,2026-08-04T11:42:53+08:00,QQ音乐,飙升榜,飙升榜,2026-08-04,4,The Gentlemen (绅士们) (Live),弹壳/Vinz-T,热度 17%,,712587283,000JTy3o3yMvjR,https://y.qq.com/n/ryqq/toplist/62
2026-08-04,2026-08-04T11:42:53+08:00,QQ音乐,飙升榜,飙升榜,2026-08-04,5,Hot Girls Cold Vibe,Red Velvet (레드벨벳),热度 16%,,709321999,0005LnLJ0teyen,https://y.qq.com/n/ryqq/toplist/62
2026-08-04,2026-08-04T11:42:53+08:00,QQ音乐,飙升榜,飙升榜,2026-08-04,6,Hula Hoop,Red Velvet (레드벨벳),热度 16%,,709322000,0005LnLJ0teyen,https://y.qq.com/n/ryqq/toplist/62
2026-08-04,2026-08-04T11:42:53+08:00,QQ音乐,飙升榜,飙升榜,2026-08-04,7,碎碎念,队长,热度 14%,,448738462,000DTFwk0oV4YR,https://y.qq.com/n/ryqq/toplist/62
2026-08-04,2026-08-04T11:42:53+08:00,QQ音乐,飙升榜,飙升榜,2026-08-04,8,Hawaii,Red Velvet (레드벨벳),热度 13%,,709322006,0005LnLJ0teyen,https://y.qq.com/n/ryqq/toplist/62
2026-08-04,2026-08-04T11:42:53+08:00,QQ音乐,飙升榜,飙升榜,2026-08-04,9,来我的岛,刘宇宁,热度 12%,,712381354,003mFnJ72MmdnQ,https://y.qq.com/n/ryqq/toplist/62
2026-08-04,2026-08-04T11:42:53+08:00,QQ音乐,飙升榜,飙升榜,2026-08-04,10,SODA SODA,TWS (투어스),热度 12%,,711439100,000GPyxn08QOJL,https://y.qq.com/n/ryqq/toplist/62
2026-08-04,2026-08-04T11:42:53+08:00,QQ音乐,飙升榜,飙升榜,2026-08-04,11,晨间新闻,蔡健雅,热度 9%,,102193380,001VqGlj2Oj52k,https://y.qq.com/n/ryqq/toplist/62
2026-08-04,2026-08-04T11:42:53+08:00,QQ音乐,飙升榜,飙升榜,2026-08-04,12,别怕变老,王以太/艾热AIR,热度 9%,,334473919,000KoPeI484qGg,https://y.qq.com/n/ryqq/toplist/62
2026-08-04,2026-08-04T11:42:53+08:00,QQ音乐,飙升榜,飙升榜,2026-08-04,13,无名之辈,陈雪燃,热度 8%,,127045912,000V8cXJ1hSjke,https://y.qq.com/n/ryqq/toplist/62
2026-08-04,2026-08-04T11:42:53+08:00,QQ音乐,飙升榜,飙升榜,2026-08-04,14,听说当初你找过我,贺一航,热度 7%,,200696390,000AE2CI0FKIXp,https://y.qq.com/n/ryqq/toplist/62
2026-08-04,2026-08-04T11:42:53+08:00,QQ音乐,飙升榜,飙升榜,2026-08-04,15,MOON,BABYMONSTER (베이비몬스터),热度 7%,,659400037,000USjdV3gYC9l,https://y.qq.com/n/ryqq/toplist/62
2026-08-04,2026-08-04T11:42:53+08:00,QQ音乐,飙升榜,飙升榜,2026-08-04,16,月光,徐良/阿悄,热度 7%,,722061,003e3ohO0HKzIL,https://y.qq.com/n/ryqq/toplist/62
2026-08-04,2026-08-04T11:42:53+08:00,QQ音乐,飙升榜,飙升榜,2026-08-04,17,发如雪,周杰伦,热度 6%,,718475,0024bjiL2aocxT,https://y.qq.com/n/ryqq/toplist/62
2026-08-04,2026-08-04T11:42:53+08:00,QQ音乐,飙升榜,飙升榜,2026-08-04,18,用背脊唱情歌,Gareth.T,热度 5%,,582719416,003ILfFN0Tndyq,https://y.qq.com/n/ryqq/toplist/62
2026-08-04,2026-08-04T11:42:53+08:00,QQ音乐,飙升榜,飙升榜,2026-08-04,19,等等等等,容祖儿,热度 5%,,712492164,002YTN8n2ZAXiX,https://y.qq.com/n/ryqq/toplist/62
2026-08-04,2026-08-04T11:42:53+08:00,QQ音乐,飙升榜,飙升榜,2026-08-04,20,Nice to Meet Ya,TOMORROW X TOGETHER (투모로우바이투게더),热度 5%,,713192371,004XYpin1xeRxr,https://y.qq.com/n/ryqq/toplist/62
2026-08-04,2026-08-04T11:42:53+08:00,QQ音乐,飙升榜,飙升榜,2026-08-04,21,Whiplash,aespa (에스파),热度 5%,,526191277,004fDvtA0IopKG,https://y.qq.com/n/ryqq/toplist/62
2026-08-04,2026-08-04T11:42:53+08:00,QQ音乐,飙升榜,飙升榜,2026-08-04,22,春雪 (我想爱你浅浅不停息),徐来,热度 5%,,573209642,004Fz1mp1QOu94,https://y.qq.com/n/ryqq/toplist/62
2026-08-04,2026-08-04T11:42:53+08:00,QQ音乐,飙升榜,飙升榜,2026-08-04,23,明天过后,张杰,热度 5%,,273032694,000pVkCf3KsUQ9,https://y.qq.com/n/ryqq/toplist/62
2026-08-04,2026-08-04T11:42:53+08:00,QQ音乐,飙升榜,飙升榜,2026-08-04,24,词不达意,林忆莲,热度 5%,,167545,001PPU2o2fOzcs,https://y.qq.com/n/ryqq/toplist/62
2026-08-04,2026-08-04T11:42:53+08:00,QQ音乐,飙升榜,飙升榜,2026-08-04,25,迟迟,薛之谦,热度 4%,,291902614,000K9Zp13TZp5s,https://y.qq.com/n/ryqq/toplist/62
2026-08-04,2026-08-04T11:42:53+08:00,QQ音乐,飙升榜,飙升榜,2026-08-04,26,花花公子 (feat. step.jad),马思唯/Higher Brothers/step.jad依加,热度 4%,,254603429,004Ipck62Edlaa,https://y.qq.com/n/ryqq/toplist/62
2026-08-04,2026-08-04T11:42:53+08:00,QQ音乐,飙升榜,飙升榜,2026-08-04,27,Psycho,Red Velvet (레드벨벳),热度 4%,,248105592,003A6HUX2I6hsY,https://y.qq.com/n/ryqq/toplist/62
2026-08-04,2026-08-04T11:42:53+08:00,QQ音乐,飙升榜,飙升榜,2026-08-04,28,讨厌情歌,张艺兴,热度 4%,,697611948,001w138z3PZEcz,https://y.qq.com/n/ryqq/toplist/62
2026-08-04,2026-08-04T11:42:53+08:00,QQ音乐,飙升榜,飙升榜,2026-08-04,29,情歌,梁静茹,热度 4%,,462188,002E4IXe1ESUij,https://y.qq.com/n/ryqq/toplist/62
2026-08-04,2026-08-04T11:42:53+08:00,QQ音乐,飙升榜,飙升榜,2026-08-04,30,丝路,梁静茹,热度 4%,,4830280,0032KQTV1qkMmW,https://y.qq.com/n/ryqq/toplist/62
2026-08-04,2026-08-04T11:42:53+08:00,QQ音乐,飙升榜,飙升榜,2026-08-04,31,晴,汪苏泷,热度 4%,,5665622,000CMxvP3yRuvR,https://y.qq.com/n/ryqq/toplist/62
2026-08-04,2026-08-04T11:42:53+08:00,QQ音乐,飙升榜,飙升榜,2026-08-04,32,问爱,Yamy郭颖,热度 4%,,692540272,000nsQXX2AYOBd,https://y.qq.com/n/ryqq/toplist/62
2026-08-04,2026-08-04T11:42:53+08:00,QQ音乐,飙升榜,飙升榜,2026-08-04,33,最佳损友,陈奕迅,热度 4%,,1338414,002FT46H18G1jW,https://y.qq.com/n/ryqq/toplist/62
2026-08-04,2026-08-04T11:42:53+08:00,QQ音乐,飙升榜,飙升榜,2026-08-04,34,深深爱过你 (前世),薛之谦,热度 4%,,1257198,001OdsAb1vBRlV,https://y.qq.com/n/ryqq/toplist/62
2026-08-04,2026-08-04T11:42:53+08:00,QQ音乐,飙升榜,飙升榜,2026-08-04,35,小幸运,田馥甄,热度 4%,,104838718,0040aH1l3ykBRh,https://y.qq.com/n/ryqq/toplist/62
2026-08-04,2026-08-04T11:42:53+08:00,QQ音乐,飙升榜,飙升榜,2026-08-04,36,삐딱하게 (Crooked) (狂放),G-DRAGON (权志龙),热度 4%,,5026823,003xpVKT3C9KpA,https://y.qq.com/n/ryqq/toplist/62
2026-08-04,2026-08-04T11:42:53+08:00,QQ音乐,飙升榜,飙升榜,2026-08-04,37,手放开,李圣杰,热度 4%,,4830262,000PqsbU0ZdEk8,https://y.qq.com/n/ryqq/toplist/62
2026-08-04,2026-08-04T11:42:53+08:00,QQ音乐,飙升榜,飙升榜,2026-08-04,38,我想念,汪苏泷,热度 4%,,423519525,001PSxRj3szxIV,https://y.qq.com/n/ryqq/toplist/62
2026-08-04,2026-08-04T11:42:53+08:00,QQ音乐,飙升榜,飙升榜,2026-08-04,39,那时雨,徐良,热度 4%,,229661539,002JsVIJ31j7qR,https://y.qq.com/n/ryqq/toplist/62
2026-08-04,2026-08-04T11:42:53+08:00,QQ音乐,飙升榜,飙升榜,2026-08-04,40,野心,薛之谦,热度 4%,,288584812,000K9Zp13TZp5s,https://y.qq.com/n/ryqq/toplist/62
2026-08-04,2026-08-04T11:42:53+08:00,QQ音乐,飙升榜,飙升榜,2026-08-04,41,聊表心意,薛之谦/刘惜君,热度 4%,,233704415,000DMpJ73yeITP,https://y.qq.com/n/ryqq/toplist/62
2026-08-04,2026-08-04T11:42:53+08:00,QQ音乐,飙升榜,飙升榜,2026-08-04,42,问你一个人类梦寐以求的深奥问题,汪苏泷,热度 3%,,647658696,000A1M903iHvyT,https://y.qq.com/n/ryqq/toplist/62
2026-08-04,2026-08-04T11:42:53+08:00,QQ音乐,飙升榜,飙升榜,2026-08-04,43,빨간 맛 (Red Flavor) (红色味道),Red Velvet (레드벨벳),热度 3%,,203107934,000B9TmA1yIpla,https://y.qq.com/n/ryqq/toplist/62
2026-08-04,2026-08-04T11:42:53+08:00,QQ音乐,飙升榜,飙升榜,2026-08-04,44,像晴天像雨天,汪苏泷,热度 3%,,560651613,001V8PDy1om05K,https://y.qq.com/n/ryqq/toplist/62
2026-08-04,2026-08-04T11:42:53+08:00,QQ音乐,飙升榜,飙升榜,2026-08-04,45,写故事的人,汪苏泷,热度 3%,,655794073,000A1M903iHvyT,https://y.qq.com/n/ryqq/toplist/62
2026-08-04,2026-08-04T11:42:53+08:00,QQ音乐,飙升榜,飙升榜,2026-08-04,46,人间共鸣,李健,热度 3%,,641742655,003RVJjp1svtyz,https://y.qq.com/n/ryqq/toplist/62
2026-08-04,2026-08-04T11:42:53+08:00,QQ音乐,飙升榜,飙升榜,2026-08-04,47,耗尽,薛之谦/郭聪明,热度 3%,,286223746,000K9Zp13TZp5s,https://y.qq.com/n/ryqq/toplist/62
2026-08-04,2026-08-04T11:42:53+08:00,QQ音乐,飙升榜,飙升榜,2026-08-04,48,相爱分开都是罪,六哲,热度 3%,,4829386,003DUoZr2eaaaX,https://y.qq.com/n/ryqq/toplist/62
2026-08-04,2026-08-04T11:42:53+08:00,QQ音乐,飙升榜,飙升榜,2026-08-04,49,那是你离开了北京的生活,薛之谦,热度 3%,,226389887,002RCBfC1QExPO,https://y.qq.com/n/ryqq/toplist/62
2026-08-04,2026-08-04T11:42:53+08:00,QQ音乐,飙升榜,飙升榜,2026-08-04,50,Bad Boy,Red Velvet (레드벨벳),热度 3%,,212983486,003X0JPP0f55FS,https://y.qq.com/n/ryqq/toplist/62
2026-08-04,2026-08-04T11:42:53+08:00,QQ音乐,飙升榜,飙升榜,2026-08-04,51,狐狸,薛之谦,热度 3%,,212623641,0015rUVB2OUdGA,https://y.qq.com/n/ryqq/toplist/62
2026-08-04,2026-08-04T11:42:53+08:00,QQ音乐,飙升榜,飙升榜,2026-08-04,52,trust me (Live),姚晓棠/Top Barry,热度 3%,,712416302,002UG75B1ucVD0,https://y.qq.com/n/ryqq/toplist/62
2026-08-04,2026-08-04T11:42:53+08:00,QQ音乐,飙升榜,飙升榜,2026-08-04,53,岸边客,夏子航（2603）,热度 3%,,604768553,000JKgts2c7S5f,https://y.qq.com/n/ryqq/toplist/62
2026-08-04,2026-08-04T11:42:53+08:00,QQ音乐,飙升榜,飙升榜,2026-08-04,54,绅士,薛之谦,热度 3%,,102425546,003y8dsH2wBHlo,https://y.qq.com/n/ryqq/toplist/62
2026-08-04,2026-08-04T11:42:53+08:00,QQ音乐,飙升榜,飙升榜,2026-08-04,55,天外来物,薛之谦,热度 3%,,272125057,000K9Zp13TZp5s,https://y.qq.com/n/ryqq/toplist/62
2026-08-04,2026-08-04T11:42:53+08:00,QQ音乐,飙升榜,飙升榜,2026-08-04,56,灰色轨迹,BEYOND,热度 3%,,280550228,003m8gWx2oeSGr,https://y.qq.com/n/ryqq/toplist/62
2026-08-04,2026-08-04T11:42:53+08:00,QQ音乐,飙升榜,飙升榜,2026-08-04,57,嚣张,en (王翊恩),热度 3%,,235802819,002lJJi244utqN,https://y.qq.com/n/ryqq/toplist/62
2026-08-04,2026-08-04T11:42:53+08:00,QQ音乐,飙升榜,飙升榜,2026-08-04,58,Let Go,Beau Young Prince,热度 3%,,225090194,001m3z3o35FnnV,https://y.qq.com/n/ryqq/toplist/62
2026-08-04,2026-08-04T11:42:53+08:00,QQ音乐,飙升榜,飙升榜,2026-08-04,59,其实,薛之谦,热度 3%,,104775877,000QgFcm0v8WaF,https://y.qq.com/n/ryqq/toplist/62
2026-08-04,2026-08-04T11:42:53+08:00,QQ音乐,飙升榜,飙升榜,2026-08-04,60,Spotlight (聚光灯),蔡徐坤,热度 3%,,451887939,004YsqMW4X5LDo,https://y.qq.com/n/ryqq/toplist/62
2026-08-04,2026-08-04T11:42:53+08:00,QQ音乐,飙升榜,飙升榜,2026-08-04,61,几分之几,卢广仲,热度 3%,,213015059,002lsrMk3W1ORB,https://y.qq.com/n/ryqq/toplist/62
2026-08-04,2026-08-04T11:42:53+08:00,QQ音乐,飙升榜,飙升榜,2026-08-04,62,Cosmic,Red Velvet (레드벨벳),热度 3%,,495904085,0009Xtcd16hJec,https://y.qq.com/n/ryqq/toplist/62
2026-08-04,2026-08-04T11:42:53+08:00,QQ音乐,飙升榜,飙升榜,2026-08-04,63,差一步,大壮,热度 3%,,209378295,000lEj821EaXUu,https://y.qq.com/n/ryqq/toplist/62
2026-08-04,2026-08-04T11:42:53+08:00,QQ音乐,飙升榜,飙升榜,2026-08-04,64,像风一样,薛之谦,热度 3%,,207323048,001L7UIu3GXVtT,https://y.qq.com/n/ryqq/toplist/62
2026-08-04,2026-08-04T11:42:53+08:00,QQ音乐,飙升榜,飙升榜,2026-08-04,65,妥协,蔡依林,热度 3%,,469217,003G0veA193M3O,https://y.qq.com/n/ryqq/toplist/62
2026-08-04,2026-08-04T11:42:53+08:00,QQ音乐,飙升榜,飙升榜,2026-08-04,66,你要快乐,时代少年团,热度 3%,,359807805,002MSpgL3OG6Xx,https://y.qq.com/n/ryqq/toplist/62
2026-08-04,2026-08-04T11:42:53+08:00,QQ音乐,飙升榜,飙升榜,2026-08-04,67,刚刚好,薛之谦,热度 3%,,107192538,000dcZ9I1nzO62,https://y.qq.com/n/ryqq/toplist/62
2026-08-04,2026-08-04T11:42:53+08:00,QQ音乐,飙升榜,飙升榜,2026-08-04,68,方圆几里,薛之谦,热度 3%,,3585639,000QgFcm0v8WaF,https://y.qq.com/n/ryqq/toplist/62
2026-08-04,2026-08-04T11:42:53+08:00,QQ音乐,飙升榜,飙升榜,2026-08-04,69,连名带姓,张惠妹,热度 3%,,212048594,001vt8C105tVY0,https://y.qq.com/n/ryqq/toplist/62
2026-08-04,2026-08-04T11:42:53+08:00,QQ音乐,飙升榜,飙升榜,2026-08-04,70,动物世界,薛之谦,热度 3%,,201452010,001L7UIu3GXVtT,https://y.qq.com/n/ryqq/toplist/62
2026-08-04,2026-08-04T11:42:53+08:00,QQ音乐,飙升榜,飙升榜,2026-08-04,71,我好像在哪见过你,薛之谦,热度 3%,,107439472,000dcZ9I1nzO62,https://y.qq.com/n/ryqq/toplist/62
2026-08-04,2026-08-04T11:42:53+08:00,QQ音乐,飙升榜,飙升榜,2026-08-04,72,想到我们,汪苏泷,热度 3%,,488729602,000XailV0KWvDK,https://y.qq.com/n/ryqq/toplist/62
2026-08-04,2026-08-04T11:42:53+08:00,QQ音乐,飙升榜,飙升榜,2026-08-04,73,无名的人,毛不易,热度 3%,,336582682,002mPgSG01LLtu,https://y.qq.com/n/ryqq/toplist/62
2026-08-04,2026-08-04T11:42:53+08:00,QQ音乐,飙升榜,飙升榜,2026-08-04,74,trust me,sunkis 宋秉勤,热度 3%,,307329883,003AFAoH0HgqaS,https://y.qq.com/n/ryqq/toplist/62
2026-08-04,2026-08-04T11:42:53+08:00,QQ音乐,飙升榜,飙升榜,2026-08-04,75,耿,汪苏泷,热度 3%,,232875126,004Onabc0qNJs1,https://y.qq.com/n/ryqq/toplist/62
2026-08-04,2026-08-04T11:42:53+08:00,QQ音乐,飙升榜,飙升榜,2026-08-04,76,绝对占有 相对自由,陈粒,热度 3%,,102068213,004GArUe26PXvZ,https://y.qq.com/n/ryqq/toplist/62
2026-08-04,2026-08-04T11:42:53+08:00,QQ音乐,飙升榜,飙升榜,2026-08-04,77,违背的青春,薛之谦,热度 3%,,216514336,0015rUVB2OUdGA,https://y.qq.com/n/ryqq/toplist/62
2026-08-04,2026-08-04T11:42:53+08:00,QQ音乐,飙升榜,飙升榜,2026-08-04,78,梦幻诛仙,汪苏泷,热度 3%,,109108877,0030iuSu0jDwnF,https://y.qq.com/n/ryqq/toplist/62
2026-08-04,2026-08-04T11:42:53+08:00,QQ音乐,飙升榜,飙升榜,2026-08-04,79,봄눈 (春雪),10CM (십센치),热度 3%,,489447473,002BEQZM2XQORG,https://y.qq.com/n/ryqq/toplist/62
2026-08-04,2026-08-04T11:42:53+08:00,QQ音乐,飙升榜,飙升榜,2026-08-04,80,至少还有你,林忆莲,热度 3%,,102204563,001JqgRv0mRHEQ,https://y.qq.com/n/ryqq/toplist/62
2026-08-04,2026-08-04T11:42:53+08:00,QQ音乐,飙升榜,飙升榜,2026-08-04,81,再爱你也没用 (闽南语版),范贵宾,热度 3%,,705379683,002kHwMi2tbHKa,https://y.qq.com/n/ryqq/toplist/62
2026-08-04,2026-08-04T11:42:53+08:00,QQ音乐,飙升榜,飙升榜,2026-08-04,82,你就不要想起我,田馥甄,热度 3%,,5079006,001RIii71KURpF,https://y.qq.com/n/ryqq/toplist/62
2026-08-04,2026-08-04T11:42:53+08:00,QQ音乐,飙升榜,飙升榜,2026-08-04,83,What a Day,蔡徐坤,热度 3%,,638918960,003Q9it10RWLId,https://y.qq.com/n/ryqq/toplist/62
2026-08-04,2026-08-04T11:42:53+08:00,QQ音乐,飙升榜,飙升榜,2026-08-04,84,下雨了,薛之谦,热度 3%,,102636800,003y8dsH2wBHlo,https://y.qq.com/n/ryqq/toplist/62
2026-08-04,2026-08-04T11:42:53+08:00,QQ音乐,飙升榜,飙升榜,2026-08-04,85,相思锁,张真源,热度 3%,,693727302,003YtOnb3UDtqO,https://y.qq.com/n/ryqq/toplist/62
2026-08-04,2026-08-04T11:42:53+08:00,QQ音乐,飙升榜,飙升榜,2026-08-04,86,러시안 룰렛 (Russian Roulette) (俄罗斯轮盘),Red Velvet (레드벨벳),热度 3%,,108435983,003iaE450BaEpM,https://y.qq.com/n/ryqq/toplist/62
2026-08-04,2026-08-04T11:42:53+08:00,QQ音乐,飙升榜,飙升榜,2026-08-04,87,女孩,韦礼安,热度 3%,,103536823,000lIOGO3jN8w7,https://y.qq.com/n/ryqq/toplist/62
2026-08-04,2026-08-04T11:42:53+08:00,QQ音乐,飙升榜,飙升榜,2026-08-04,88,念,薛之谦,热度 3%,,422072002,002N4fUq1kRST2,https://y.qq.com/n/ryqq/toplist/62
2026-08-04,2026-08-04T11:42:53+08:00,QQ音乐,飙升榜,飙升榜,2026-08-04,89,恶作剧,王蓝茵,热度 3%,,257621,0031ftBk2foLzq,https://y.qq.com/n/ryqq/toplist/62
2026-08-04,2026-08-04T11:42:53+08:00,QQ音乐,飙升榜,飙升榜,2026-08-04,90,짠 (feat. DINO),Picheolin/DINO (디노),热度 3%,,710341491,000r1Zl44HAbYl,https://y.qq.com/n/ryqq/toplist/62
2026-08-04,2026-08-04T11:42:53+08:00,QQ音乐,飙升榜,飙升榜,2026-08-04,91,顽疾,薛之谦,热度 3%,,655167781,0033ZoPK0kL53m,https://y.qq.com/n/ryqq/toplist/62
2026-08-04,2026-08-04T11:42:53+08:00,QQ音乐,飙升榜,飙升榜,2026-08-04,92,租购,薛之谦,热度 3%,,545772161,002N4fUq1kRST2,https://y.qq.com/n/ryqq/toplist/62
2026-08-04,2026-08-04T11:42:53+08:00,QQ音乐,飙升榜,飙升榜,2026-08-04,93,如果爱忘了 (Live),汪苏泷/单依纯,热度 3%,,471040573,001rd1S93gcWUF,https://y.qq.com/n/ryqq/toplist/62
2026-08-04,2026-08-04T11:42:53+08:00,QQ音乐,飙升榜,飙升榜,2026-08-04,94,知了,陈默之,热度 3%,,482500528,000fHDnB1K1Hcf,https://y.qq.com/n/ryqq/toplist/62
2026-08-04,2026-08-04T11:42:53+08:00,QQ音乐,飙升榜,飙升榜,2026-08-04,95,怪咖,薛之谦,热度 3%,,214182478,0015rUVB2OUdGA,https://y.qq.com/n/ryqq/toplist/62
2026-08-04,2026-08-04T11:42:53+08:00,QQ音乐,飙升榜,飙升榜,2026-08-04,96,놀아보세 (prod. Hitchhiker),Picheolin,热度 3%,,710341492,000r1Zl44HAbYl,https://y.qq.com/n/ryqq/toplist/62
2026-08-04,2026-08-04T11:42:53+08:00,QQ音乐,飙升榜,飙升榜,2026-08-04,97,意外,薛之谦,热度 3%,,5106590,000QgFcm0v8WaF,https://y.qq.com/n/ryqq/toplist/62
2026-08-04,2026-08-04T11:42:53+08:00,QQ音乐,飙升榜,飙升榜,2026-08-04,98,我的雅典娜,薛之谦,热度 3%,,647956,0036fT613sAeZn,https://y.qq.com/n/ryqq/toplist/62
2026-08-04,2026-08-04T11:42:53+08:00,QQ音乐,飙升榜,飙升榜,2026-08-04,99,丑八怪,薛之谦,热度 3%,,5106429,000QgFcm0v8WaF,https://y.qq.com/n/ryqq/toplist/62
2026-08-04,2026-08-04T11:42:53+08:00,QQ音乐,飙升榜,飙升榜,2026-08-04,100,指纹,杜宣达,热度 3%,,331264584,004SjWnA1NcK5d,https://y.qq.com/n/ryqq/toplist/62
2026-08-04,2026-08-04T11:42:53+08:00,酷狗音乐,热歌榜,酷狗TOP500,2026-08-04,1,山风山风等等我,万海东,,3:29,CE256D96F1F025D60468D8F0BC9EE64B,200106963,https://www.kugou.com/yy/rank/home/1-8888.html?from=rank
2026-08-04,2026-08-04T11:42:53+08:00,酷狗音乐,热歌榜,酷狗TOP500,2026-08-04,2,甲乙丙丁 (你我怎么两清),李佳薇,,3:30,213D580CA0BDCC28A5FDBA995FFDA106,197648995,https://www.kugou.com/yy/rank/home/1-8888.html?from=rank
2026-08-04,2026-08-04T11:42:53+08:00,酷狗音乐,热歌榜,酷狗TOP500,2026-08-04,3,金达莱花 (猛Remix),猛弟/邹子寒,,2:18,E93CB193E4133C79EA9BCC9F852375AD,201184757,https://www.kugou.com/yy/rank/home/1-8888.html?from=rank
2026-08-04,2026-08-04T11:42:53+08:00,酷狗音乐,热歌榜,酷狗TOP500,2026-08-04,4,吹吹山顶的风,巴扎黑,,2:59,87311B26EDEE637CA1448E14230BCB68,198304563,https://www.kugou.com/yy/rank/home/1-8888.html?from=rank
2026-08-04,2026-08-04T11:42:53+08:00,酷狗音乐,热歌榜,酷狗TOP500,2026-08-04,5,你有没有真的爱过我,阿图表妹,,4:03,FE39668F68770C3FB3BE57A3E86CCC10,190170015,https://www.kugou.com/yy/rank/home/1-8888.html?from=rank
2026-08-04,2026-08-04T11:42:53+08:00,酷狗音乐,热歌榜,酷狗TOP500,2026-08-04,6,失眠,Suki刘舒妤,,3:31,EC476A2009EF5DCAC13EDCD11870DF55,671621,https://www.kugou.com/yy/rank/home/1-8888.html?from=rank
2026-08-04,2026-08-04T11:42:53+08:00,酷狗音乐,热歌榜,酷狗TOP500,2026-08-04,7,踏马寻花向自由 (雷鬼版),超哥,,2:59,B5BA68A039E54847B4E14A46A268991B,194886112,https://www.kugou.com/yy/rank/home/1-8888.html?from=rank
2026-08-04,2026-08-04T11:42:53+08:00,酷狗音乐,热歌榜,酷狗TOP500,2026-08-04,8,盛夏的果实,莫文蔚,,4:11,1C86CBC64AE9A6C3539A36CAADDF1A59,978378,https://www.kugou.com/yy/rank/home/1-8888.html?from=rank
2026-08-04,2026-08-04T11:42:53+08:00,酷狗音乐,热歌榜,酷狗TOP500,2026-08-04,9,梦哑,任然,,3:54,3194D1AA995469BEF8620E96989D6BA8,193630889,https://www.kugou.com/yy/rank/home/1-8888.html?from=rank
2026-08-04,2026-08-04T11:42:53+08:00,酷狗音乐,热歌榜,酷狗TOP500,2026-08-04,10,人生路漫漫,白小白,,3:55,B8CA573A69DB5050C7EE0C1AB79144E5,179917533,https://www.kugou.com/yy/rank/home/1-8888.html?from=rank
2026-08-04,2026-08-04T11:42:53+08:00,酷狗音乐,热歌榜,酷狗TOP500,2026-08-04,11,岁月如笔写春秋,河南三妹5233,,4:11,5D4C2F9D994E5BECDC9BA0FBC6BD3DD8,191576482,https://www.kugou.com/yy/rank/home/1-8888.html?from=rank
2026-08-04,2026-08-04T11:42:53+08:00,酷狗音乐,热歌榜,酷狗TOP500,2026-08-04,12,樱花草,Sweety,,4:44,F0B01830164E4974A2AC9E85DD446D45,507451,https://www.kugou.com/yy/rank/home/1-8888.html?from=rank
2026-08-04,2026-08-04T11:42:53+08:00,酷狗音乐,热歌榜,酷狗TOP500,2026-08-04,13,唯我论者的独白,马嘉祺,,3:40,7251740620390DA2939069838804D0DA,200668871,https://www.kugou.com/yy/rank/home/1-8888.html?from=rank
2026-08-04,2026-08-04T11:42:53+08:00,酷狗音乐,热歌榜,酷狗TOP500,2026-08-04,14,雨过后的风景,Dizzy Dizzo (蔡诗芸),,4:03,E3F046EDB5EB76BBA5A44FFA3D8F8C42,974143,https://www.kugou.com/yy/rank/home/1-8888.html?from=rank
2026-08-04,2026-08-04T11:42:53+08:00,酷狗音乐,热歌榜,酷狗TOP500,2026-08-04,15,恋人,李荣浩,,4:36,9DA7851E2BF83B18C74CBBAB461CEFDD,106374641,https://www.kugou.com/yy/rank/home/1-8888.html?from=rank
2026-08-04,2026-08-04T11:42:53+08:00,酷狗音乐,热歌榜,酷狗TOP500,2026-08-04,16,阴天,莫文蔚,,4:02,E4271CB5938F401AA283FBEA49223BF8,970575,https://www.kugou.com/yy/rank/home/1-8888.html?from=rank
2026-08-04,2026-08-04T11:42:53+08:00,酷狗音乐,热歌榜,酷狗TOP500,2026-08-04,17,雨爱,杨丞琳,,4:21,2592FFA57A2D8B1A16F18D991B7098CD,2694607,https://www.kugou.com/yy/rank/home/1-8888.html?from=rank
2026-08-04,2026-08-04T11:42:53+08:00,酷狗音乐,热歌榜,酷狗TOP500,2026-08-04,18,黄昏 (纵然青丝如霜)(R&B版),落日微醺,,4:05,423FC1778078ACF260242626820E4244,194767721,https://www.kugou.com/yy/rank/home/1-8888.html?from=rank
2026-08-04,2026-08-04T11:42:53+08:00,酷狗音乐,热歌榜,酷狗TOP500,2026-08-04,19,Dehors (外面)(Single Version),Jordann,,3:15,3D6391A8A0FB81B62C68C6A4429F63FD,42153287,https://www.kugou.com/yy/rank/home/1-8888.html?from=rank
2026-08-04,2026-08-04T11:42:53+08:00,酷狗音乐,热歌榜,酷狗TOP500,2026-08-04,20,别怕我伤心 (Live),张远,,4:43,985292520343A9547C51A3DE623711B9,201659441,https://www.kugou.com/yy/rank/home/1-8888.html?from=rank
2026-08-04,2026-08-04T11:42:53+08:00,酷狗音乐,热歌榜,酷狗TOP500,2026-08-04,21,小半,陈粒,,4:57,AFEA9FFE5D7F0EF0874119A363820D33,1749208,https://www.kugou.com/yy/rank/home/1-8888.html?from=rank
2026-08-04,2026-08-04T11:42:53+08:00,酷狗音乐,热歌榜,酷狗TOP500,2026-08-04,22,也许你就在对岸,张杰,,3:00,4AD43FA556262579243CA41E8B898AE3,201303666,https://www.kugou.com/yy/rank/home/1-8888.html?from=rank
2026-08-04,2026-08-04T11:42:53+08:00,酷狗音乐,热歌榜,酷狗TOP500,2026-08-04,23,落日微醺 (晚风中一杯酒),落日微醺,,4:14,CB22754AB8A0F20FCC015D0A800758CE,196517740,https://www.kugou.com/yy/rank/home/2-8888.html?from=rank
2026-08-04,2026-08-04T11:42:53+08:00,酷狗音乐,热歌榜,酷狗TOP500,2026-08-04,24,若不是因为你 (深情版),林栖,,4:13,6CCB2559DE8FC8965E98F641C4C33B6A,176013962,https://www.kugou.com/yy/rank/home/2-8888.html?from=rank
2026-08-04,2026-08-04T11:42:53+08:00,酷狗音乐,热歌榜,酷狗TOP500,2026-08-04,25,偏爱,张芸京,,3:33,4A544525C1F78DBDF25361DB0E255495,968788,https://www.kugou.com/yy/rank/home/2-8888.html?from=rank
2026-08-04,2026-08-04T11:42:53+08:00,酷狗音乐,热歌榜,酷狗TOP500,2026-08-04,26,离开我的依赖,王艳薇,,3:54,A9C377CC1B9931F0CE81907E23E4D588,36181053,https://www.kugou.com/yy/rank/home/2-8888.html?from=rank
2026-08-04,2026-08-04T11:42:53+08:00,酷狗音乐,热歌榜,酷狗TOP500,2026-08-04,27,忘情牛肉面,马健涛,,3:02,E9E3E3F40397839A715537F5AA5C93CE,32988895,https://www.kugou.com/yy/rank/home/2-8888.html?from=rank
2026-08-04,2026-08-04T11:42:53+08:00,酷狗音乐,热歌榜,酷狗TOP500,2026-08-04,28,晴天,周杰伦,,4:29,B3A52A7A958BF0AED0EBFBA2E9A818B7,966846,https://www.kugou.com/yy/rank/home/2-8888.html?from=rank
2026-08-04,2026-08-04T11:42:53+08:00,酷狗音乐,热歌榜,酷狗TOP500,2026-08-04,29,Angel,尹美莱、Tiger JK、Bizzy,,4:15,157D75DA9A1B5B4FED6C529C2B1C2452,964390,https://www.kugou.com/yy/rank/home/2-8888.html?from=rank
2026-08-04,2026-08-04T11:42:53+08:00,酷狗音乐,热歌榜,酷狗TOP500,2026-08-04,30,Fever Pitch,Richz,,2:15,594B915AEEDA7DA8F5BD70B63EA76EAD,180499937,https://www.kugou.com/yy/rank/home/2-8888.html?from=rank
2026-08-04,2026-08-04T11:42:53+08:00,酷狗音乐,热歌榜,酷狗TOP500,2026-08-04,31,人间的剧本,老韩很哇塞,,3:18,F80698DAC679080F9E38F3DBB07BD17A,195240853,https://www.kugou.com/yy/rank/home/2-8888.html?from=rank
2026-08-04,2026-08-04T11:42:53+08:00,酷狗音乐,热歌榜,酷狗TOP500,2026-08-04,32,晨间新闻,蔡健雅,,3:50,09A4599755FAF50EACBA75F5153A9D92,965319,https://www.kugou.com/yy/rank/home/2-8888.html?from=rank
2026-08-04,2026-08-04T11:42:53+08:00,酷狗音乐,热歌榜,酷狗TOP500,2026-08-04,33,街角的晚风,陈小春,,4:00,18B89D66950B7856EABB131BB6273F6E,169830039,https://www.kugou.com/yy/rank/home/2-8888.html?from=rank
2026-08-04,2026-08-04T11:42:53+08:00,酷狗音乐,热歌榜,酷狗TOP500,2026-08-04,34,好想再爱你,潘广益,,4:31,B78BA4062528E712B68C42DC6A4D9AAE,957659,https://www.kugou.com/yy/rank/home/2-8888.html?from=rank
2026-08-04,2026-08-04T11:42:53+08:00,酷狗音乐,热歌榜,酷狗TOP500,2026-08-04,35,有风的日落,万海东,,3:49,94774F06E73EF9ABD739423E1A414593,181906094,https://www.kugou.com/yy/rank/home/2-8888.html?from=rank
2026-08-04,2026-08-04T11:42:53+08:00,酷狗音乐,热歌榜,酷狗TOP500,2026-08-04,36,锈 (Live),黄霄雲、TF_ING张子墨,,3:49,4E3B5CC21C7C2576BD2D1D93A2802CCB,201660223,https://www.kugou.com/yy/rank/home/2-8888.html?from=rank
2026-08-04,2026-08-04T11:42:53+08:00,酷狗音乐,热歌榜,酷狗TOP500,2026-08-04,37,北方的后海没有海 (r&b微醺版),落日微醺,,3:26,DB3D10DE8DF3C5188EC036A9724F9418,196519034,https://www.kugou.com/yy/rank/home/2-8888.html?from=rank
2026-08-04,2026-08-04T11:42:53+08:00,酷狗音乐,热歌榜,酷狗TOP500,2026-08-04,38,无人之岛,任然,,4:45,8E568D8806F771607104D8BF9695ACE0,2916172,https://www.kugou.com/yy/rank/home/2-8888.html?from=rank
2026-08-04,2026-08-04T11:42:53+08:00,酷狗音乐,热歌榜,酷狗TOP500,2026-08-04,39,黄昏,周传雄,,5:44,7DE9A9CD041157F6BF3FE9FFBCF120E3,964612,https://www.kugou.com/yy/rank/home/2-8888.html?from=rank
2026-08-04,2026-08-04T11:42:53+08:00,酷狗音乐,热歌榜,酷狗TOP500,2026-08-04,40,最佳损友,陈奕迅,,3:54,CBFA7DDE592B23322E21E4BDAA9BE9F9,964332,https://www.kugou.com/yy/rank/home/2-8888.html?from=rank
2026-08-04,2026-08-04T11:42:53+08:00,酷狗音乐,热歌榜,酷狗TOP500,2026-08-04,41,碎碎念,队长,,2:13,A823AE8D84854FD2EB5B8E599D1263FA,79831015,https://www.kugou.com/yy/rank/home/2-8888.html?from=rank
2026-08-04,2026-08-04T11:42:53+08:00,酷狗音乐,热歌榜,酷狗TOP500,2026-08-04,42,我不难过,孙燕姿,,5:20,3FD7E1EC51122C745C637735C8BDE716,965883,https://www.kugou.com/yy/rank/home/2-8888.html?from=rank
2026-08-04,2026-08-04T11:42:53+08:00,酷狗音乐,热歌榜,酷狗TOP500,2026-08-04,43,讨厌,芮恩,,4:18,C88A8D3EF16E2C4E944B947E0F56A7AD,2996887,https://www.kugou.com/yy/rank/home/2-8888.html?from=rank
2026-08-04,2026-08-04T11:42:53+08:00,酷狗音乐,热歌榜,酷狗TOP500,2026-08-04,44,The Other Side Of Paradise (Explicit),Glass Animals,,5:21,222314858D998CCDDD4BF0B7BAF2F5A2,47764102,https://www.kugou.com/yy/rank/home/2-8888.html?from=rank
2026-08-04,2026-08-04T11:42:53+08:00,酷狗音乐,热歌榜,酷狗TOP500,2026-08-04,45,空心 (Live),黄霄雲、刘端端,,4:55,6F74F7B3D9B87CA771573ABD27B2A820,199810791,https://www.kugou.com/yy/rank/home/3-8888.html?from=rank
2026-08-04,2026-08-04T11:42:53+08:00,酷狗音乐,热歌榜,酷狗TOP500,2026-08-04,46,山歌追上云朵,央金拉姆,,3:35,B81F368C6B44B98B0E2B4E9F417F1002,193932928,https://www.kugou.com/yy/rank/home/3-8888.html?from=rank
2026-08-04,2026-08-04T11:42:53+08:00,酷狗音乐,热歌榜,酷狗TOP500,2026-08-04,47,演员,薛之谦,,4:21,097E777171F692855EAE98B6965F9477,14456909,https://www.kugou.com/yy/rank/home/3-8888.html?from=rank
2026-08-04,2026-08-04T11:42:53+08:00,酷狗音乐,热歌榜,酷狗TOP500,2026-08-04,48,唯一,G.E.M. 邓紫棋,,4:14,AB05B8F658851282DCB2CBAD548AEB9B,82564821,https://www.kugou.com/yy/rank/home/3-8888.html?from=rank
2026-08-04,2026-08-04T11:42:53+08:00,酷狗音乐,热歌榜,酷狗TOP500,2026-08-04,49,过海,王赫野、黄龄,,3:47,35405E44573EF6D9F2F0AB42AE8BD716,199401816,https://www.kugou.com/yy/rank/home/3-8888.html?from=rank
2026-08-04,2026-08-04T11:42:53+08:00,酷狗音乐,热歌榜,酷狗TOP500,2026-08-04,50,红尘客栈,周杰伦,,4:34,48729371F20FB048EF4E51D4CD41DBF5,982051,https://www.kugou.com/yy/rank/home/3-8888.html?from=rank
2026-08-04,2026-08-04T11:42:53+08:00,酷狗音乐,热歌榜,酷狗TOP500,2026-08-04,51,我怀念的,孙燕姿,,4:49,1A3CAACB1E361DAF217A2383E9C8E292,984086,https://www.kugou.com/yy/rank/home/3-8888.html?from=rank
2026-08-04,2026-08-04T11:42:53+08:00,酷狗音乐,热歌榜,酷狗TOP500,2026-08-04,52,坏女孩,徐良、小凌,,4:07,9365223F903B13D0DAF54B6091AC3E7B,511536,https://www.kugou.com/yy/rank/home/3-8888.html?from=rank
2026-08-04,2026-08-04T11:42:53+08:00,酷狗音乐,热歌榜,酷狗TOP500,2026-08-04,53,半壶纱,刘珂矣,,3:41,951AB088C5A08F491471A1296DF93707,948327,https://www.kugou.com/yy/rank/home/3-8888.html?from=rank
2026-08-04,2026-08-04T11:42:53+08:00,酷狗音乐,热歌榜,酷狗TOP500,2026-08-04,54,抽离,徐良、刘丹萌,,4:18,37A9C74C33A9FAEFF672CFDF4C699581,547514,https://www.kugou.com/yy/rank/home/3-8888.html?from=rank
2026-08-04,2026-08-04T11:42:53+08:00,酷狗音乐,热歌榜,酷狗TOP500,2026-08-04,55,哼着你爱听的歌,杨小壮,,3:21,BAF3B2A7AC043CDB154EBAFD69A6C76A,104507270,https://www.kugou.com/yy/rank/home/3-8888.html?from=rank
2026-08-04,2026-08-04T11:42:53+08:00,酷狗音乐,热歌榜,酷狗TOP500,2026-08-04,56,爱错,王力宏,,3:59,8E021794DFD02C48D2C6281A55BCBDC6,2996462,https://www.kugou.com/yy/rank/home/3-8888.html?from=rank
2026-08-04,2026-08-04T11:42:53+08:00,酷狗音乐,热歌榜,酷狗TOP500,2026-08-04,57,心墙,郭静,,3:47,97870F3D4B01A7822DC497C6127EA66D,968033,https://www.kugou.com/yy/rank/home/3-8888.html?from=rank
2026-08-04,2026-08-04T11:42:53+08:00,酷狗音乐,热歌榜,酷狗TOP500,2026-08-04,58,全世界的雨,周深、Ella陈嘉桦,,4:08,88334169DA8F72EFA45C6211FD641737,199401705,https://www.kugou.com/yy/rank/home/3-8888.html?from=rank
2026-08-04,2026-08-04T11:42:53+08:00,酷狗音乐,热歌榜,酷狗TOP500,2026-08-04,59,我不该动情,老板,,3:57,DFA780605FE78F1572761712931024A7,197593768,https://www.kugou.com/yy/rank/home/3-8888.html?from=rank
2026-08-04,2026-08-04T11:42:53+08:00,酷狗音乐,热歌榜,酷狗TOP500,2026-08-04,60,开始懂了,孙燕姿,,4:32,93F260998A10F4AD6B46606AF5C8EC72,972102,https://www.kugou.com/yy/rank/home/3-8888.html?from=rank
2026-08-04,2026-08-04T11:42:53+08:00,酷狗音乐,热歌榜,酷狗TOP500,2026-08-04,61,枪火 (相对那就针锋相对),宝石Gem,,3:18,76923758046CB591DC9556D1FB69D976,154798334,https://www.kugou.com/yy/rank/home/3-8888.html?from=rank
2026-08-04,2026-08-04T11:42:53+08:00,酷狗音乐,热歌榜,酷狗TOP500,2026-08-04,62,茶花开了，该回家了,王睿卓、加木,,3:10,99F0F17B7C6F110346411E7AD552156D,133732298,https://www.kugou.com/yy/rank/home/3-8888.html?from=rank
2026-08-04,2026-08-04T11:42:53+08:00,酷狗音乐,热歌榜,酷狗TOP500,2026-08-04,63,听说当初你找过我,贺一航,,4:06,8853D5BDDDE97FEACFAF65371B68AD57,1969900,https://www.kugou.com/yy/rank/home/3-8888.html?from=rank
2026-08-04,2026-08-04T11:42:53+08:00,酷狗音乐,热歌榜,酷狗TOP500,2026-08-04,64,情歌,梁静茹,,4:20,72DB6DA75FFE23A3A6361BDB8F44D5F4,2997268,https://www.kugou.com/yy/rank/home/3-8888.html?from=rank
2026-08-04,2026-08-04T11:42:53+08:00,酷狗音乐,热歌榜,酷狗TOP500,2026-08-04,65,童话,光良,,4:04,472FF9D57BCE90288EC88CBE100BCB2A,974097,https://www.kugou.com/yy/rank/home/3-8888.html?from=rank
2026-08-04,2026-08-04T11:42:53+08:00,酷狗音乐,热歌榜,酷狗TOP500,2026-08-04,66,无名之辈,陈雪燃,,4:23,D08C3E2B2463AA9FC72D65AD6DA94E4E,24460217,https://www.kugou.com/yy/rank/home/3-8888.html?from=rank
2026-08-04,2026-08-04T11:42:53+08:00,酷狗音乐,热歌榜,酷狗TOP500,2026-08-04,67,街道,林俊杰,,4:02,D9DF39A88E29EADDB272A4B04393D357,963179,https://www.kugou.com/yy/rank/home/4-8888.html?from=rank
2026-08-04,2026-08-04T11:42:53+08:00,酷狗音乐,热歌榜,酷狗TOP500,2026-08-04,68,野心家,张靓颖,,4:43,1789AD88CFDD254910125F22494C0E8B,161637189,https://www.kugou.com/yy/rank/home/4-8888.html?from=rank
2026-08-04,2026-08-04T11:42:53+08:00,酷狗音乐,热歌榜,酷狗TOP500,2026-08-04,69,红色高跟鞋,蔡健雅,,3:27,055A804B8A3CCC05240D08F8FF1F7DE8,978459,https://www.kugou.com/yy/rank/home/4-8888.html?from=rank
2026-08-04,2026-08-04T11:42:53+08:00,酷狗音乐,热歌榜,酷狗TOP500,2026-08-04,70,Copines,Aya Nakamura,,2:52,1CDA977A7FC0BCCC23BC7DF4D0194389,39155596,https://www.kugou.com/yy/rank/home/4-8888.html?from=rank
2026-08-04,2026-08-04T11:42:53+08:00,酷狗音乐,热歌榜,酷狗TOP500,2026-08-04,71,青花瓷,周杰伦,,3:59,37A8F50A9EC3B267C3CC6BEC633D9C4A,979856,https://www.kugou.com/yy/rank/home/4-8888.html?from=rank
2026-08-04,2026-08-04T11:42:53+08:00,酷狗音乐,热歌榜,酷狗TOP500,2026-08-04,72,其实,薛之谦,,4:02,2A8911EAD4838BF967CF5A300D787E53,960327,https://www.kugou.com/yy/rank/home/4-8888.html?from=rank
2026-08-04,2026-08-04T11:42:53+08:00,酷狗音乐,热歌榜,酷狗TOP500,2026-08-04,73,再爱你也没用 (闽南语版),范贵宾,,3:04,0845EB625A532BC763C8DBC0DD4DCEEB,198412455,https://www.kugou.com/yy/rank/home/4-8888.html?from=rank
2026-08-04,2026-08-04T11:42:53+08:00,酷狗音乐,热歌榜,酷狗TOP500,2026-08-04,74,下完这场雨,后弦,,4:31,2EEFFF98A4F19D945BBA7C78FB2079C0,1964990,https://www.kugou.com/yy/rank/home/4-8888.html?from=rank
2026-08-04,2026-08-04T11:42:53+08:00,酷狗音乐,热歌榜,酷狗TOP500,2026-08-04,75,海屿你,DJ铁柱,,4:33,741FD028FD4104B0C1E0017E33D23357,197102975,https://www.kugou.com/yy/rank/home/4-8888.html?from=rank
2026-08-04,2026-08-04T11:42:53+08:00,酷狗音乐,热歌榜,酷狗TOP500,2026-08-04,76,有些,颜人中,,3:49,D79E556C176AE1A3ADE8B532810C4CE8,34604592,https://www.kugou.com/yy/rank/home/4-8888.html?from=rank
2026-08-04,2026-08-04T11:42:53+08:00,酷狗音乐,热歌榜,酷狗TOP500,2026-08-04,77,玻璃,Gareth.T,,3:05,ED0ED6B17B6C29695E97F5CC945C7901,191663409,https://www.kugou.com/yy/rank/home/4-8888.html?from=rank
2026-08-04,2026-08-04T11:42:53+08:00,酷狗音乐,热歌榜,酷狗TOP500,2026-08-04,78,稻香,周杰伦,,3:44,8909E1809908CD8E3BF6CF85D98B93F0,960399,https://www.kugou.com/yy/rank/home/4-8888.html?from=rank
2026-08-04,2026-08-04T11:42:53+08:00,酷狗音乐,热歌榜,酷狗TOP500,2026-08-04,79,背对背拥抱,林俊杰,,3:55,D3CB60981A747455AE3142C25809051E,975828,https://www.kugou.com/yy/rank/home/4-8888.html?from=rank
2026-08-04,2026-08-04T11:42:53+08:00,酷狗音乐,热歌榜,酷狗TOP500,2026-08-04,80,泪海,许茹芸,,4:58,FBC174E7C22B9AF471B7B93A61751E1B,975212,https://www.kugou.com/yy/rank/home/4-8888.html?from=rank
2026-08-04,2026-08-04T11:42:53+08:00,酷狗音乐,热歌榜,酷狗TOP500,2026-08-04,81,勇气,梁静茹,,3:59,A4D0C350CF4475BFBB0AB28DC6E25A8D,973299,https://www.kugou.com/yy/rank/home/4-8888.html?from=rank
2026-08-04,2026-08-04T11:42:53+08:00,酷狗音乐,热歌榜,酷狗TOP500,2026-08-04,82,后来,刘若英,,5:38,C4904D4E3BBA872D41D3BDBF597E2B18,16562,https://www.kugou.com/yy/rank/home/4-8888.html?from=rank
2026-08-04,2026-08-04T11:42:53+08:00,酷狗音乐,热歌榜,酷狗TOP500,2026-08-04,83,人间共鸣,李健,,4:19,C9A5658204BD4E941F3DB2FB132D4968,176253415,https://www.kugou.com/yy/rank/home/4-8888.html?from=rank
2026-08-04,2026-08-04T11:42:53+08:00,酷狗音乐,热歌榜,酷狗TOP500,2026-08-04,84,舍不得又没资格 (男女合唱版),弦外之音,,2:57,39DBF61AACB72EAEB828D89C947E8AC7,199845860,https://www.kugou.com/yy/rank/home/4-8888.html?from=rank
2026-08-04,2026-08-04T11:42:53+08:00,酷狗音乐,热歌榜,酷狗TOP500,2026-08-04,85,Amani (女声版),落日微醺,,3:54,0E1705D85CE6D8BE87784DFA9C9A5624,194642479,https://www.kugou.com/yy/rank/home/4-8888.html?from=rank
2026-08-04,2026-08-04T11:42:53+08:00,酷狗音乐,热歌榜,酷狗TOP500,2026-08-04,86,告白气球,周杰伦,,3:36,688857974673645CE89EDA26A36DB19D,1645030,https://www.kugou.com/yy/rank/home/4-8888.html?from=rank
2026-08-04,2026-08-04T11:42:53+08:00,酷狗音乐,热歌榜,酷狗TOP500,2026-08-04,87,我们俩,郭顶,,3:14,DD4D224BC3DBFD1A0F6E338928620E69,979601,https://www.kugou.com/yy/rank/home/4-8888.html?from=rank
2026-08-04,2026-08-04T11:42:53+08:00,酷狗音乐,热歌榜,酷狗TOP500,2026-08-04,88,第57次取消发送,菲菲公主（陆绮菲）,,3:01,F17C489C53382E608F9CBB3ED9F6D2AA,137397074,https://www.kugou.com/yy/rank/home/4-8888.html?from=rank
2026-08-04,2026-08-04T11:42:53+08:00,酷狗音乐,热歌榜,酷狗TOP500,2026-08-04,89,如愿,王菲,,4:25,EC1A18BBD6B61CB203E656B91F5CF2D1,49057589,https://www.kugou.com/yy/rank/home/5-8888.html?from=rank
2026-08-04,2026-08-04T11:42:53+08:00,酷狗音乐,热歌榜,酷狗TOP500,2026-08-04,90,爱情讯息,郭静,,4:41,D8E857250D8EEA9C5FAFDAF7857640A5,971139,https://www.kugou.com/yy/rank/home/5-8888.html?from=rank
2026-08-04,2026-08-04T11:42:53+08:00,酷狗音乐,热歌榜,酷狗TOP500,2026-08-04,91,泡泡,牛佳钰,,3:37,CB6BD8CDFF1DA01DAEF01C389CBAD645,37403884,https://www.kugou.com/yy/rank/home/5-8888.html?from=rank
2026-08-04,2026-08-04T11:42:53+08:00,酷狗音乐,热歌榜,酷狗TOP500,2026-08-04,92,岁月如笔写春秋,郭少杰,,4:11,6FCF099C6A88F85FC8417AFD452D54FD,190046745,https://www.kugou.com/yy/rank/home/5-8888.html?from=rank
2026-08-04,2026-08-04T11:42:53+08:00,酷狗音乐,热歌榜,酷狗TOP500,2026-08-04,93,认真的雪,薛之谦,,4:19,D2E00CC158DB4DA18927AC3B01CC371B,2689239,https://www.kugou.com/yy/rank/home/5-8888.html?from=rank
2026-08-04,2026-08-04T11:42:53+08:00,酷狗音乐,热歌榜,酷狗TOP500,2026-08-04,94,搁浅,周杰伦,,4:00,8141FAA45AAD5BCFF5FF9873B89709E3,971783,https://www.kugou.com/yy/rank/home/5-8888.html?from=rank
2026-08-04,2026-08-04T11:42:53+08:00,酷狗音乐,热歌榜,酷狗TOP500,2026-08-04,95,一直很安静,阿桑,,4:10,44816EF0288A3B1ED2C4A5C5FE6B93B3,972917,https://www.kugou.com/yy/rank/home/5-8888.html?from=rank
2026-08-04,2026-08-04T11:42:53+08:00,酷狗音乐,热歌榜,酷狗TOP500,2026-08-04,96,带我走,杨丞琳,,4:50,0C57DE35C3CB2A32A8CF634E4F8309C4,975441,https://www.kugou.com/yy/rank/home/5-8888.html?from=rank
2026-08-04,2026-08-04T11:42:53+08:00,酷狗音乐,热歌榜,酷狗TOP500,2026-08-04,97,海阔天空,BEYOND,,5:25,C41E80A18D1448FA47086372999C7F43,973001,https://www.kugou.com/yy/rank/home/5-8888.html?from=rank
2026-08-04,2026-08-04T11:42:53+08:00,酷狗音乐,热歌榜,酷狗TOP500,2026-08-04,98,等一分钟,徐誉滕,,3:56,52ED380B09C692BDF4CE65FD56D918F3,2530746,https://www.kugou.com/yy/rank/home/5-8888.html?from=rank
2026-08-04,2026-08-04T11:42:53+08:00,酷狗音乐,热歌榜,酷狗TOP500,2026-08-04,99,异常加载中,TF家族、TF家族-张桂源、TF家族-张函瑞、TF家族-王橹杰、TF家族-左奇函、TF家族-陈奕恒、TF家族-杨博文、TF家族-陈思罕、TF家族-陈浚铭,,2:59,4728465901F6F482FF8A3AA5EF216944,201800711,https://www.kugou.com/yy/rank/home/5-8888.html?from=rank
2026-08-04,2026-08-04T11:42:53+08:00,酷狗音乐,热歌榜,酷狗TOP500,2026-08-04,100,光辉岁月,BEYOND,,5:04,BBFE9596615ADE83FF6B117831C45E4D,960181,https://www.kugou.com/yy/rank/home/5-8888.html?from=rank
2026-08-04,2026-08-04T11:42:53+08:00,酷狗音乐,热歌榜,酷狗TOP500,2026-08-04,101,亲爱的你啊,任素汐,,3:56,C42C2C5C7A68CDAFBF543F29AF883B1D,144348541,https://www.kugou.com/yy/rank/home/5-8888.html?from=rank
2026-08-04,2026-08-04T11:42:53+08:00,酷狗音乐,热歌榜,酷狗TOP500,2026-08-04,102,富士山下,陈奕迅,,4:19,0433F1A94FA162B20FB8AE576A951D6B,976404,https://www.kugou.com/yy/rank/home/5-8888.html?from=rank
2026-08-04,2026-08-04T11:42:53+08:00,酷狗音乐,热歌榜,酷狗TOP500,2026-08-04,103,知了,陈默之,,3:52,FE6608CE529684B94CBA506E2B0C7BB6,91222498,https://www.kugou.com/yy/rank/home/5-8888.html?from=rank
2026-08-04,2026-08-04T11:42:53+08:00,酷狗音乐,热歌榜,酷狗TOP500,2026-08-04,104,来不及爱你,h3R3刘清云,,3:25,E3ED52965CEE83A40D73C5FB1DA7FF62,76488384,https://www.kugou.com/yy/rank/home/5-8888.html?from=rank
2026-08-04,2026-08-04T11:42:53+08:00,酷狗音乐,热歌榜,酷狗TOP500,2026-08-04,105,烟火 (孤孤单单一个人),京六,,4:06,495D65F83F80948BE9E2683AEFD0E20A,198377118,https://www.kugou.com/yy/rank/home/5-8888.html?from=rank
2026-08-04,2026-08-04T11:42:53+08:00,酷狗音乐,热歌榜,酷狗TOP500,2026-08-04,106,西厢寻他,伯爵Johnny、唐伯虎Annie,,3:44,2B657B5B5D781C1A61D7E0D1F5E2DE22,53205523,https://www.kugou.com/yy/rank/home/5-8888.html?from=rank
2026-08-04,2026-08-04T11:42:53+08:00,酷狗音乐,热歌榜,酷狗TOP500,2026-08-04,107,江南,林俊杰,,4:28,B83DBB8E3DD3FCF86BF32690B91547F5,969588,https://www.kugou.com/yy/rank/home/5-8888.html?from=rank
2026-08-04,2026-08-04T11:42:53+08:00,酷狗音乐,热歌榜,酷狗TOP500,2026-08-04,108,Beauty And A Beat,Justin Bieber、Nicki Minaj,,3:47,FF5719341A9B004AA3E7312D617AE305,16996733,https://www.kugou.com/yy/rank/home/5-8888.html?from=rank
2026-08-04,2026-08-04T11:42:53+08:00,酷狗音乐,热歌榜,酷狗TOP500,2026-08-04,109,十年,陈奕迅,,3:25,5146461A5717B942F4B13125978618E3,504194,https://www.kugou.com/yy/rank/home/5-8888.html?from=rank
2026-08-04,2026-08-04T11:42:53+08:00,酷狗音乐,热歌榜,酷狗TOP500,2026-08-04,110,后会无期,汪苏泷、徐良,,3:32,5F86140467A73FBF9C4F339F7B9AFC2C,511536,https://www.kugou.com/yy/rank/home/5-8888.html?from=rank
2026-08-04,2026-08-04T11:42:53+08:00,酷狗音乐,热歌榜,酷狗TOP500,2026-08-04,111,舍得,王唯旖,,4:22,62C406C76F45C3EF39F451F2C4F22D95,1944276,https://www.kugou.com/yy/rank/home/6-8888.html?from=rank
2026-08-04,2026-08-04T11:42:53+08:00,酷狗音乐,热歌榜,酷狗TOP500,2026-08-04,112,美人鱼,林俊杰,,4:14,CDAE8C7E2FAF7F08DC18E78A1D65117B,969588,https://www.kugou.com/yy/rank/home/6-8888.html?from=rank
2026-08-04,2026-08-04T11:42:53+08:00,酷狗音乐,热歌榜,酷狗TOP500,2026-08-04,113,特别的人,方大同,,4:19,0F7A79ADAAEEB6EA1DA3E19DD637FD73,965097,https://www.kugou.com/yy/rank/home/6-8888.html?from=rank
2026-08-04,2026-08-04T11:42:53+08:00,酷狗音乐,热歌榜,酷狗TOP500,2026-08-04,114,我不该动情 (藏语男女合唱版),万能和弦,,3:25,E1CDCF04108F3E2A756E3732E80EEF42,199546874,https://www.kugou.com/yy/rank/home/6-8888.html?from=rank
2026-08-04,2026-08-04T11:42:53+08:00,酷狗音乐,热歌榜,酷狗TOP500,2026-08-04,115,Always Online,林俊杰,,3:45,16A4E4895905B703AC0F31007A495D4C,963179,https://www.kugou.com/yy/rank/home/6-8888.html?from=rank
2026-08-04,2026-08-04T11:42:53+08:00,酷狗音乐,热歌榜,酷狗TOP500,2026-08-04,116,七里香,周杰伦,,4:59,9218D81686C6AC681BC7CA621958AD6D,971783,https://www.kugou.com/yy/rank/home/6-8888.html?from=rank
2026-08-04,2026-08-04T11:42:53+08:00,酷狗音乐,热歌榜,酷狗TOP500,2026-08-04,117,We Don't Talk Anymore (Mr. Collipark Remix),Charlie Puth、Selena Gomez,,4:14,8F323B0610BE8D862B7CBB41C3398766,1746993,https://www.kugou.com/yy/rank/home/6-8888.html?from=rank
2026-08-04,2026-08-04T11:42:53+08:00,酷狗音乐,热歌榜,酷狗TOP500,2026-08-04,118,失控,井迪,,4:15,44FE8C442EB1F254D15717F1DC03C9BF,40221609,https://www.kugou.com/yy/rank/home/6-8888.html?from=rank
2026-08-04,2026-08-04T11:42:53+08:00,酷狗音乐,热歌榜,酷狗TOP500,2026-08-04,119,来我的岛,刘宇宁,,3:43,424EAB2C807878334DF890BBE262EE74,201648884,https://www.kugou.com/yy/rank/home/6-8888.html?from=rank
2026-08-04,2026-08-04T11:42:53+08:00,酷狗音乐,热歌榜,酷狗TOP500,2026-08-04,120,相爱分开都是罪,六哲,,4:20,1A2DE05E3AC06781F4B337F77B1C63DF,2996446,https://www.kugou.com/yy/rank/home/6-8888.html?from=rank
2026-08-04,2026-08-04T11:42:53+08:00,酷狗音乐,热歌榜,酷狗TOP500,2026-08-04,121,至少还有你,林忆莲,,4:35,BA9D67DAB59FA6DCE243F4B6B70ACA95,967340,https://www.kugou.com/yy/rank/home/6-8888.html?from=rank
2026-08-04,2026-08-04T11:42:53+08:00,酷狗音乐,热歌榜,酷狗TOP500,2026-08-04,122,会呼吸的痛,梁静茹,,4:32,1EB00DC46AE8E1446B6A9860A56487AC,500574,https://www.kugou.com/yy/rank/home/6-8888.html?from=rank
2026-08-04,2026-08-04T11:42:53+08:00,酷狗音乐,热歌榜,酷狗TOP500,2026-08-04,123,遇见,孙燕姿,,3:31,9F865C787E90E013B2BC847BAAA306AA,964325,https://www.kugou.com/yy/rank/home/6-8888.html?from=rank
2026-08-04,2026-08-04T11:42:53+08:00,酷狗音乐,热歌榜,酷狗TOP500,2026-08-04,124,发如雪,周杰伦,,4:59,1F7E7659B9FFF4FB6F71562A61BBC25F,958909,https://www.kugou.com/yy/rank/home/6-8888.html?from=rank
2026-08-04,2026-08-04T11:42:53+08:00,酷狗音乐,热歌榜,酷狗TOP500,2026-08-04,125,猜不透,丁当,,3:53,B1B4CC4F4E90134603CE66CBCF8FA73B,973244,https://www.kugou.com/yy/rank/home/6-8888.html?from=rank
2026-08-04,2026-08-04T11:42:53+08:00,酷狗音乐,热歌榜,酷狗TOP500,2026-08-04,126,只对你有感觉,飞轮海、田馥甄,,3:59,E400C3F475001BA5B0F197F2E1923F47,556347,https://www.kugou.com/yy/rank/home/6-8888.html?from=rank
2026-08-04,2026-08-04T11:42:53+08:00,酷狗音乐,热歌榜,酷狗TOP500,2026-08-04,127,泡沫 (G.E.M.重生版),G.E.M. 邓紫棋,,4:18,53F2510610AC38F0C15F73B2605E5CEE,150256944,https://www.kugou.com/yy/rank/home/6-8888.html?from=rank
2026-08-04,2026-08-04T11:42:53+08:00,酷狗音乐,热歌榜,酷狗TOP500,2026-08-04,128,我曾心比天高 (温柔女生版),A小咩咩,,2:28,E8D11253DAC770F89946A95AE7A4781E,193841549,https://www.kugou.com/yy/rank/home/6-8888.html?from=rank
2026-08-04,2026-08-04T11:42:53+08:00,酷狗音乐,热歌榜,酷狗TOP500,2026-08-04,129,好人好梦 (雷鬼版),雷鬼白兰的,,3:54,9E76F7AAA7D90F00210E1FD871F6EAB4,195530127,https://www.kugou.com/yy/rank/home/6-8888.html?from=rank
2026-08-04,2026-08-04T11:42:53+08:00,酷狗音乐,热歌榜,酷狗TOP500,2026-08-04,130,多远都要在一起,G.E.M. 邓紫棋,,3:38,768F6FA531A3D883BE3F6C91AAF60612,555825,https://www.kugou.com/yy/rank/home/6-8888.html?from=rank
2026-08-04,2026-08-04T11:42:53+08:00,酷狗音乐,热歌榜,酷狗TOP500,2026-08-04,131,一路向北,周杰伦,,4:54,F73F22FB046CA1A135C70417163AF82E,1739223,https://www.kugou.com/yy/rank/home/6-8888.html?from=rank
2026-08-04,2026-08-04T11:42:53+08:00,酷狗音乐,热歌榜,酷狗TOP500,2026-08-04,132,体面,于文文,,4:43,B0927C5353E9DD8BD72242BB730DAFF4,8149034,https://www.kugou.com/yy/rank/home/6-8888.html?from=rank
2026-08-04,2026-08-04T11:42:53+08:00,酷狗音乐,热歌榜,酷狗TOP500,2026-08-04,133,退后,周杰伦,,4:22,5971DE0B235D5B2708D6A6FEB3D31B6F,965291,https://www.kugou.com/yy/rank/home/7-8888.html?from=rank
2026-08-04,2026-08-04T11:42:53+08:00,酷狗音乐,热歌榜,酷狗TOP500,2026-08-04,134,Baby,Justin Bieber、Ludacris,,3:37,493CD2904FAFDAEB8785CC83B8056F5A,508825,https://www.kugou.com/yy/rank/home/7-8888.html?from=rank
2026-08-04,2026-08-04T11:42:53+08:00,酷狗音乐,热歌榜,酷狗TOP500,2026-08-04,135,灰色轨迹,BEYOND,,5:28,4476FAA4B6567CCC2292BFBBCA93CB9C,39629213,https://www.kugou.com/yy/rank/home/7-8888.html?from=rank
2026-08-04,2026-08-04T11:42:53+08:00,酷狗音乐,热歌榜,酷狗TOP500,2026-08-04,136,夜曲,周杰伦,,3:47,16C8AB298231370293D16BCF9E5FF9B6,958909,https://www.kugou.com/yy/rank/home/7-8888.html?from=rank
2026-08-04,2026-08-04T11:42:53+08:00,酷狗音乐,热歌榜,酷狗TOP500,2026-08-04,137,我知道,BY2,,4:10,38CB283F880797F94A80968E682191E2,530437,https://www.kugou.com/yy/rank/home/7-8888.html?from=rank
2026-08-04,2026-08-04T11:42:53+08:00,酷狗音乐,热歌榜,酷狗TOP500,2026-08-04,138,爱旧爱 (怪我曾爱你爱的太深),恩几,,2:48,E8973BC4EF96021352693BBD9E34D9E2,200504903,https://www.kugou.com/yy/rank/home/7-8888.html?from=rank
2026-08-04,2026-08-04T11:42:53+08:00,酷狗音乐,热歌榜,酷狗TOP500,2026-08-04,139,戒烟,李荣浩,,4:54,AF36A623D725B98893DAEFDF8010F22E,49390931,https://www.kugou.com/yy/rank/home/7-8888.html?from=rank
2026-08-04,2026-08-04T11:42:53+08:00,酷狗音乐,热歌榜,酷狗TOP500,2026-08-04,140,可不可以,张紫豪,,4:01,6079A2ACBA5E782FE24695FDFCDB1887,9618875,https://www.kugou.com/yy/rank/home/7-8888.html?from=rank
2026-08-04,2026-08-04T11:42:53+08:00,酷狗音乐,热歌榜,酷狗TOP500,2026-08-04,141,青花,周传雄,,4:58,09B46455BAE7C613ABD0DB362A5DDBDE,960448,https://www.kugou.com/yy/rank/home/7-8888.html?from=rank
2026-08-04,2026-08-04T11:42:53+08:00,酷狗音乐,热歌榜,酷狗TOP500,2026-08-04,142,春娇与志明,街道办GDC、欧阳耀莹,,3:24,E84947402A5E0952FA067566C10264CB,8543461,https://www.kugou.com/yy/rank/home/7-8888.html?from=rank
2026-08-04,2026-08-04T11:42:53+08:00,酷狗音乐,热歌榜,酷狗TOP500,2026-08-04,143,沦陷,贾格JuggShots,,3:04,64C2E5D33BE5F53758F3E96DC8EEC3C3,95717116,https://www.kugou.com/yy/rank/home/7-8888.html?from=rank
2026-08-04,2026-08-04T11:42:53+08:00,酷狗音乐,热歌榜,酷狗TOP500,2026-08-04,144,阳光下的星星,金海心,,4:44,8B60D8B58137C2D256DAA71B9D84C046,1738155,https://www.kugou.com/yy/rank/home/7-8888.html?from=rank
2026-08-04,2026-08-04T11:42:53+08:00,酷狗音乐,热歌榜,酷狗TOP500,2026-08-04,145,不将就,李荣浩,,5:12,E5F0905C662872A9B05A423FD1ED48B5,1004040,https://www.kugou.com/yy/rank/home/7-8888.html?from=rank
2026-08-04,2026-08-04T11:42:53+08:00,酷狗音乐,热歌榜,酷狗TOP500,2026-08-04,146,讲不出再见,谭咏麟,,4:54,2E0BFDC7BA2F759B0208A58CB2C26523,2337635,https://www.kugou.com/yy/rank/home/7-8888.html?from=rank
2026-08-04,2026-08-04T11:42:53+08:00,酷狗音乐,热歌榜,酷狗TOP500,2026-08-04,147,老男孩,筷子兄弟,,4:59,EB494F1F9199AA29F66E056F116D2F1C,17165001,https://www.kugou.com/yy/rank/home/7-8888.html?from=rank
2026-08-04,2026-08-04T11:42:53+08:00,酷狗音乐,热歌榜,酷狗TOP500,2026-08-04,148,落了白,蒋雪儿Snow.J,,3:01,74390D89B6BD2E18CFD7F25968EFD98A,40300587,https://www.kugou.com/yy/rank/home/7-8888.html?from=rank
2026-08-04,2026-08-04T11:42:53+08:00,酷狗音乐,热歌榜,酷狗TOP500,2026-08-04,149,此生不换,青鸟飞鱼,,4:26,F73630B79647324AB3415C21BFA5BD3D,553897,https://www.kugou.com/yy/rank/home/7-8888.html?from=rank
2026-08-04,2026-08-04T11:42:53+08:00,酷狗音乐,热歌榜,酷狗TOP500,2026-08-04,150,素颜,许嵩、何曼婷,,3:59,30C94AE2868E63B1058DA7685E0CDF3B,13264539,https://www.kugou.com/yy/rank/home/7-8888.html?from=rank
2026-08-04,2026-08-04T11:42:53+08:00,酷狗音乐,热歌榜,酷狗TOP500,2026-08-04,151,那时雨,徐良,,3:34,CE76C60251F6193BC5BBA5B46B977747,16900987,https://www.kugou.com/yy/rank/home/7-8888.html?from=rank
2026-08-04,2026-08-04T11:42:53+08:00,酷狗音乐,热歌榜,酷狗TOP500,2026-08-04,152,回到小村落,宋盐球,,3:45,AF27C3A04E82042F66D51EF604B47AD5,200330995,https://www.kugou.com/yy/rank/home/7-8888.html?from=rank
2026-08-04,2026-08-04T11:42:53+08:00,酷狗音乐,热歌榜,酷狗TOP500,2026-08-04,153,兰亭序,周杰伦,,4:14,4EC10B1B7B9BEB2F0ADB89BBEC5F664B,960399,https://www.kugou.com/yy/rank/home/7-8888.html?from=rank
2026-08-04,2026-08-04T11:42:53+08:00,酷狗音乐,热歌榜,酷狗TOP500,2026-08-04,154,刻在我心底的名字,卢广仲,,5:20,5CDCAAF9E7B91E94FD012589D00FDBEA,39020767,https://www.kugou.com/yy/rank/home/7-8888.html?from=rank
2026-08-04,2026-08-04T11:42:53+08:00,酷狗音乐,热歌榜,酷狗TOP500,2026-08-04,155,也许在下雨天 (对唱版),红小乐、王一佳,,3:47,A2A29E71663ADD0691782EA9F0399118,199516804,https://www.kugou.com/yy/rank/home/8-8888.html?from=rank
2026-08-04,2026-08-04T11:42:53+08:00,酷狗音乐,热歌榜,酷狗TOP500,2026-08-04,156,为爱痴狂 (想要问问你敢不敢),金志文,,2:21,8CA8C420761A7C36FF16DD42FE5D331D,194629486,https://www.kugou.com/yy/rank/home/8-8888.html?from=rank
2026-08-04,2026-08-04T11:42:53+08:00,酷狗音乐,热歌榜,酷狗TOP500,2026-08-04,157,明天过后,张杰,,3:59,5B900D95E79765AE62664BE5C871DD9E,38606351,https://www.kugou.com/yy/rank/home/8-8888.html?from=rank
2026-08-04,2026-08-04T11:42:53+08:00,酷狗音乐,热歌榜,酷狗TOP500,2026-08-04,158,说好的幸福呢,周杰伦,,4:17,892B7AD62499C97A1A994454423E30F6,960399,https://www.kugou.com/yy/rank/home/8-8888.html?from=rank
2026-08-04,2026-08-04T11:42:53+08:00,酷狗音乐,热歌榜,酷狗TOP500,2026-08-04,159,过火,张信哲,,5:02,E34CBC6EBE64B9EE9ADB5C46E2178A84,982639,https://www.kugou.com/yy/rank/home/8-8888.html?from=rank
2026-08-04,2026-08-04T11:42:53+08:00,酷狗音乐,热歌榜,酷狗TOP500,2026-08-04,160,三万英尺 (氛围版),瑞-Gary、东木木,,4:51,FE0AD509C6219D2CEAA68A3029B23805,200405242,https://www.kugou.com/yy/rank/home/8-8888.html?from=rank
2026-08-04,2026-08-04T11:42:53+08:00,酷狗音乐,热歌榜,酷狗TOP500,2026-08-04,161,什么是逍遥,王同学Able,,3:28,4BF659E4D3060B52D4F9925AF9D0CA02,45288306,https://www.kugou.com/yy/rank/home/8-8888.html?from=rank
2026-08-04,2026-08-04T11:42:53+08:00,酷狗音乐,热歌榜,酷狗TOP500,2026-08-04,162,成都,赵雷,,5:28,A06B033B356BFC974C5245D0195086A5,1802652,https://www.kugou.com/yy/rank/home/8-8888.html?from=rank
2026-08-04,2026-08-04T11:42:53+08:00,酷狗音乐,热歌榜,酷狗TOP500,2026-08-04,163,琵琶曲,郑浩、冰洁,,3:55,244A022D6CB3FDE50B24E76402053EB3,180917343,https://www.kugou.com/yy/rank/home/8-8888.html?from=rank
2026-08-04,2026-08-04T11:42:53+08:00,酷狗音乐,热歌榜,酷狗TOP500,2026-08-04,164,说了再见,周杰伦,,4:43,966C718DA96EE29B3B466F773BFA9E2F,958812,https://www.kugou.com/yy/rank/home/8-8888.html?from=rank
2026-08-04,2026-08-04T11:42:53+08:00,酷狗音乐,热歌榜,酷狗TOP500,2026-08-04,165,可怜天下父母亲,付飞社,,5:02,25C6B20DA2ED8253C82301B388684842,201648069,https://www.kugou.com/yy/rank/home/8-8888.html?from=rank
2026-08-04,2026-08-04T11:42:53+08:00,酷狗音乐,热歌榜,酷狗TOP500,2026-08-04,166,花海,周杰伦,,4:25,3328808CECBD1A1038166003840FDDD7,960399,https://www.kugou.com/yy/rank/home/8-8888.html?from=rank
2026-08-04,2026-08-04T11:42:53+08:00,酷狗音乐,热歌榜,酷狗TOP500,2026-08-04,167,后来的我们,五月天,,5:46,09120C11A5C376EC7D1640098FA70CDC,1748942,https://www.kugou.com/yy/rank/home/8-8888.html?from=rank
2026-08-04,2026-08-04T11:42:53+08:00,酷狗音乐,热歌榜,酷狗TOP500,2026-08-04,168,耀眼的我们,周深,,3:23,4B1BD75B7074BFAAB4BB48B79822FF1D,201710311,https://www.kugou.com/yy/rank/home/8-8888.html?from=rank
2026-08-04,2026-08-04T11:42:53+08:00,酷狗音乐,热歌榜,酷狗TOP500,2026-08-04,169,奢香夫人,凤凰传奇,,4:20,478C572FC9E2E15777A41260DEE293A0,984412,https://www.kugou.com/yy/rank/home/8-8888.html?from=rank
2026-08-04,2026-08-04T11:42:53+08:00,酷狗音乐,热歌榜,酷狗TOP500,2026-08-04,170,一场游戏一场梦,王杰,,4:17,55340B431243FF5F112527EFC0591232,7547885,https://www.kugou.com/yy/rank/home/8-8888.html?from=rank
2026-08-04,2026-08-04T11:42:53+08:00,酷狗音乐,热歌榜,酷狗TOP500,2026-08-04,171,疑心病,任然,,4:43,9D8C7468BE4391B85794617090585646,1818864,https://www.kugou.com/yy/rank/home/8-8888.html?from=rank
2026-08-04,2026-08-04T11:42:53+08:00,酷狗音乐,热歌榜,酷狗TOP500,2026-08-04,172,冲动的惩罚,刀郎,,7:50,0952AF2D4F602114F71E700C48E8EE55,559697,https://www.kugou.com/yy/rank/home/8-8888.html?from=rank
2026-08-04,2026-08-04T11:42:53+08:00,酷狗音乐,热歌榜,酷狗TOP500,2026-08-04,173,茶花开了,王睿卓,,4:30,007A7A8EAFA3FF9EA51EF6A767AC3497,130468077,https://www.kugou.com/yy/rank/home/8-8888.html?from=rank
2026-08-04,2026-08-04T11:42:53+08:00,酷狗音乐,热歌榜,酷狗TOP500,2026-08-04,174,出现又离开 (Live),梁博,,6:43,DEAB3B0160E9A410CE0AAA9ED8AC602E,19284949,https://www.kugou.com/yy/rank/home/8-8888.html?from=rank
2026-08-04,2026-08-04T11:42:53+08:00,酷狗音乐,热歌榜,酷狗TOP500,2026-08-04,175,关不上的窗,周传雄,,4:53,C9FF4C5E86A76043F004E3BB17E08942,982655,https://www.kugou.com/yy/rank/home/8-8888.html?from=rank
2026-08-04,2026-08-04T11:42:53+08:00,酷狗音乐,热歌榜,酷狗TOP500,2026-08-04,176,租购,薛之谦,,4:31,B96A6102B2238E21C463E96A7D81E840,130133801,https://www.kugou.com/yy/rank/home/8-8888.html?from=rank
2026-08-04,2026-08-04T11:42:53+08:00,酷狗音乐,热歌榜,酷狗TOP500,2026-08-04,177,相见恨晚,彭佳慧,,4:15,01214FB85BAF49AB74F10AFA4C363540,977553,https://www.kugou.com/yy/rank/home/9-8888.html?from=rank
2026-08-04,2026-08-04T11:42:53+08:00,酷狗音乐,热歌榜,酷狗TOP500,2026-08-04,178,枫,周杰伦,,4:36,0D7E8C11C961A17EB8779FEB0CA772E3,958909,https://www.kugou.com/yy/rank/home/9-8888.html?from=rank
2026-08-04,2026-08-04T11:42:53+08:00,酷狗音乐,热歌榜,酷狗TOP500,2026-08-04,179,慢冷 (Live),李荣浩,,2:44,3536800EC50F04EBF68FB22E7AF6B124,59599171,https://www.kugou.com/yy/rank/home/9-8888.html?from=rank
2026-08-04,2026-08-04T11:42:53+08:00,酷狗音乐,热歌榜,酷狗TOP500,2026-08-04,180,千千阕歌,陈慧娴,,5:01,81E5A1C3B9E016D61FE91B809B4A7DC1,971621,https://www.kugou.com/yy/rank/home/9-8888.html?from=rank
2026-08-04,2026-08-04T11:42:53+08:00,酷狗音乐,热歌榜,酷狗TOP500,2026-08-04,181,可惜没如果,林俊杰,,4:58,57D6EAF8F7E593A2C4B780D8045DE5C1,542795,https://www.kugou.com/yy/rank/home/9-8888.html?from=rank
2026-08-04,2026-08-04T11:42:53+08:00,酷狗音乐,热歌榜,酷狗TOP500,2026-08-04,182,在你的身边,盛哲,,4:22,38698C9A8BB6637CDDE413C6E210FA54,4128050,https://www.kugou.com/yy/rank/home/9-8888.html?from=rank
2026-08-04,2026-08-04T11:42:53+08:00,酷狗音乐,热歌榜,酷狗TOP500,2026-08-04,183,曾经的你,许巍,,4:21,8D27A0FD0D8B6A9059D3FEEC95E2088D,976268,https://www.kugou.com/yy/rank/home/9-8888.html?from=rank
2026-08-04,2026-08-04T11:42:53+08:00,酷狗音乐,热歌榜,酷狗TOP500,2026-08-04,184,蒲公英的约定,周杰伦,,4:07,A14373681262867AB43FEF5467F4CC1D,979856,https://www.kugou.com/yy/rank/home/9-8888.html?from=rank
2026-08-04,2026-08-04T11:42:53+08:00,酷狗音乐,热歌榜,酷狗TOP500,2026-08-04,185,你瞒我瞒,陈柏宇,,3:58,E8EE57D671769402710C4FF9259D841F,965453,https://www.kugou.com/yy/rank/home/9-8888.html?from=rank
2026-08-04,2026-08-04T11:42:53+08:00,酷狗音乐,热歌榜,酷狗TOP500,2026-08-04,186,谁 (男女扎心合唱),梨子芥菜、戚悦,,3:58,38DAABE4EEA0ADDC04897AC14E15B54E,185936379,https://www.kugou.com/yy/rank/home/9-8888.html?from=rank
2026-08-04,2026-08-04T11:42:53+08:00,酷狗音乐,热歌榜,酷狗TOP500,2026-08-04,187,烟花易冷,周杰伦,,4:23,B9FC03DF9015D6BFF0554A110BF2C84F,958812,https://www.kugou.com/yy/rank/home/9-8888.html?from=rank
2026-08-04,2026-08-04T11:42:53+08:00,酷狗音乐,热歌榜,酷狗TOP500,2026-08-04,188,誓言 (Live),窦靖童,,4:19,9378F3F79A8D9D7ED4852FA06D2444F0,201659441,https://www.kugou.com/yy/rank/home/9-8888.html?from=rank
2026-08-04,2026-08-04T11:42:53+08:00,酷狗音乐,热歌榜,酷狗TOP500,2026-08-04,189,天外来物,薛之谦,,4:17,761C1EAFBD1E22504B487F84D2152DF5,40890018,https://www.kugou.com/yy/rank/home/9-8888.html?from=rank
2026-08-04,2026-08-04T11:42:53+08:00,酷狗音乐,热歌榜,酷狗TOP500,2026-08-04,190,我好像在哪见过你,薛之谦,,4:39,6A350E487263733359E7F2B64BD974AC,1747549,https://www.kugou.com/yy/rank/home/9-8888.html?from=rank
2026-08-04,2026-08-04T11:42:53+08:00,酷狗音乐,热歌榜,酷狗TOP500,2026-08-04,191,红颜旧 (氛围版),周深深,,3:48,76FA92299B2443816030D744CF70FA3B,198814170,https://www.kugou.com/yy/rank/home/9-8888.html?from=rank
2026-08-04,2026-08-04T11:42:53+08:00,酷狗音乐,热歌榜,酷狗TOP500,2026-08-04,192,去年夏天,王大毛,,4:05,5CD03A78A74761494A39CADFAA832550,8542577,https://www.kugou.com/yy/rank/home/9-8888.html?from=rank
2026-08-04,2026-08-04T11:42:53+08:00,酷狗音乐,热歌榜,酷狗TOP500,2026-08-04,193,I Miss You (暗黑Trap版),超级大瓜,,2:56,D04E732B1310DF5536506CEF6826A96A,197475978,https://www.kugou.com/yy/rank/home/9-8888.html?from=rank
2026-08-04,2026-08-04T11:42:53+08:00,酷狗音乐,热歌榜,酷狗TOP500,2026-08-04,194,Баллада (民谣),Xcho、Мот,,3:02,0B2EC37A6E065AD181378AAD27391F8F,91468549,https://www.kugou.com/yy/rank/home/9-8888.html?from=rank
2026-08-04,2026-08-04T11:42:53+08:00,酷狗音乐,热歌榜,酷狗TOP500,2026-08-04,195,Creepin' up on You,Darren Hayes,,4:53,6348CF4041BEE19FAD536C563C32695A,1593407,https://www.kugou.com/yy/rank/home/9-8888.html?from=rank
2026-08-04,2026-08-04T11:42:53+08:00,酷狗音乐,热歌榜,酷狗TOP500,2026-08-04,196,下一个天亮,郭静,,4:27,7E2AD47232E7148C642B6836041826C9,971139,https://www.kugou.com/yy/rank/home/9-8888.html?from=rank
2026-08-04,2026-08-04T11:42:53+08:00,酷狗音乐,热歌榜,酷狗TOP500,2026-08-04,197,幻听,许嵩,,4:33,24F5E7555646965CD7D1A924452B3300,973046,https://www.kugou.com/yy/rank/home/9-8888.html?from=rank
2026-08-04,2026-08-04T11:42:53+08:00,酷狗音乐,热歌榜,酷狗TOP500,2026-08-04,198,我是真的爱上你,王杰,,5:03,7C353B672AC945A3FE56022000A239FE,2996801,https://www.kugou.com/yy/rank/home/9-8888.html?from=rank
2026-08-04,2026-08-04T11:42:53+08:00,酷狗音乐,热歌榜,酷狗TOP500,2026-08-04,199,同花顺,林倛玉,,3:57,87C979FC3CBA27D6345528A1BEF05477,8603846,https://www.kugou.com/yy/rank/home/10-8888.html?from=rank
2026-08-04,2026-08-04T11:42:53+08:00,酷狗音乐,热歌榜,酷狗TOP500,2026-08-04,200,冷夜,陈默之,,4:07,DC939521FA5F5736A33765D56B90E03C,84595635,https://www.kugou.com/yy/rank/home/10-8888.html?from=rank
2026-08-04,2026-08-04T11:42:53+08:00,酷狗音乐,热歌榜,酷狗TOP500,2026-08-04,201,是你没选我啊,音乐科代表洪嘉源,,3:07,65D611715B7CC7131E6629F5E1745544,172307133,https://www.kugou.com/yy/rank/home/10-8888.html?from=rank
2026-08-04,2026-08-04T11:42:53+08:00,酷狗音乐,热歌榜,酷狗TOP500,2026-08-04,202,太聪明,陈绮贞,,4:23,89101DA817101FEA0C9ECF64EAE2B46F,959335,https://www.kugou.com/yy/rank/home/10-8888.html?from=rank
2026-08-04,2026-08-04T11:42:53+08:00,酷狗音乐,热歌榜,酷狗TOP500,2026-08-04,203,Alive,Blue,,3:40,996EE22D2450A7C7528394F7F98432E6,560693,https://www.kugou.com/yy/rank/home/10-8888.html?from=rank
2026-08-04,2026-08-04T11:42:53+08:00,酷狗音乐,热歌榜,酷狗TOP500,2026-08-04,204,我走后,小咪,,4:08,00751DE0946619BCDE4A4E15397F2A15,22216764,https://www.kugou.com/yy/rank/home/10-8888.html?from=rank
2026-08-04,2026-08-04T11:42:53+08:00,酷狗音乐,热歌榜,酷狗TOP500,2026-08-04,205,爱情转移,陈奕迅,,4:19,A549238FA1B05EABE841DFE110899647,962514,https://www.kugou.com/yy/rank/home/10-8888.html?from=rank
2026-08-04,2026-08-04T11:42:53+08:00,酷狗音乐,热歌榜,酷狗TOP500,2026-08-04,206,珊瑚海,周杰伦、Lara梁心颐,,4:16,90E34F0C582168E7EA857915771AB220,958909,https://www.kugou.com/yy/rank/home/10-8888.html?from=rank
2026-08-04,2026-08-04T11:42:53+08:00,酷狗音乐,热歌榜,酷狗TOP500,2026-08-04,207,Radio (Dum-Dum),宋雨琦 (YUQI),,2:32,E8FFC3F649DA4476E2CEABFF3F94D103,140913986,https://www.kugou.com/yy/rank/home/10-8888.html?from=rank
2026-08-04,2026-08-04T11:42:53+08:00,酷狗音乐,热歌榜,酷狗TOP500,2026-08-04,208,西海情歌,刀郎,,5:43,0E5FB14E78AFF13C2DEF97C814537CB7,984281,https://www.kugou.com/yy/rank/home/10-8888.html?from=rank
2026-08-04,2026-08-04T11:42:53+08:00,酷狗音乐,热歌榜,酷狗TOP500,2026-08-04,209,他真的对你好吗,付豪,,4:18,B1B875147F45355FF807402402F5B573,55501876,https://www.kugou.com/yy/rank/home/10-8888.html?from=rank
2026-08-04,2026-08-04T11:42:53+08:00,酷狗音乐,热歌榜,酷狗TOP500,2026-08-04,210,锈,江辰,,3:42,999A93FD5D7B34A72831CE5CCCC3D0EE,130013955,https://www.kugou.com/yy/rank/home/10-8888.html?from=rank
2026-08-04,2026-08-04T11:42:53+08:00,酷狗音乐,热歌榜,酷狗TOP500,2026-08-04,211,IF YOU,BIGBANG,,4:24,33C5FC6AB3AF0B5B142F12C9556CB178,549436,https://www.kugou.com/yy/rank/home/10-8888.html?from=rank
2026-08-04,2026-08-04T11:42:53+08:00,酷狗音乐,热歌榜,酷狗TOP500,2026-08-04,212,最长的电影,周杰伦,,3:56,2F6D441163A92AEE5E52B8E94F36A3C7,979856,https://www.kugou.com/yy/rank/home/10-8888.html?from=rank
2026-08-04,2026-08-04T11:42:53+08:00,酷狗音乐,热歌榜,酷狗TOP500,2026-08-04,213,夏天的风,温岚,,4:01,33431BA8C2FB438ED064AE5DEEB2985F,2997111,https://www.kugou.com/yy/rank/home/10-8888.html?from=rank
2026-08-04,2026-08-04T11:42:53+08:00,酷狗音乐,热歌榜,酷狗TOP500,2026-08-04,214,岸边客,夏子航（2603）,,4:32,E87EEB7804D4708714E6C38DE1F8E649,161846818,https://www.kugou.com/yy/rank/home/10-8888.html?from=rank
2026-08-04,2026-08-04T11:42:53+08:00,酷狗音乐,热歌榜,酷狗TOP500,2026-08-04,215,求你别离开我 (因为我欠你太多),苏子欲,,4:55,8C7E878814996A87FB84AED479E8C4C6,199782537,https://www.kugou.com/yy/rank/home/10-8888.html?from=rank
2026-08-04,2026-08-04T11:42:53+08:00,酷狗音乐,热歌榜,酷狗TOP500,2026-08-04,216,我的歌声里,曲婉婷,,3:37,227D8E7B7B6EAF7509BB345A7B718EB2,516422,https://www.kugou.com/yy/rank/home/10-8888.html?from=rank
2026-08-04,2026-08-04T11:42:53+08:00,酷狗音乐,热歌榜,酷狗TOP500,2026-08-04,217,不该 (with aMEI),周杰伦、张惠妹,,4:51,FCF336E81DA45A8E696032FFC1708175,1645030,https://www.kugou.com/yy/rank/home/10-8888.html?from=rank
2026-08-04,2026-08-04T11:42:53+08:00,酷狗音乐,热歌榜,酷狗TOP500,2026-08-04,218,琵琶行,奇然、沈谧仁,,5:35,0AB355EF75A56A57E1790734B2E26ED9,2563381,https://www.kugou.com/yy/rank/home/10-8888.html?from=rank
2026-08-04,2026-08-04T11:42:53+08:00,酷狗音乐,热歌榜,酷狗TOP500,2026-08-04,219,牵丝戏,银临、Aki阿杰,,3:59,5E7FF596F7D6021DA63AF36E91BECE4B,568968,https://www.kugou.com/yy/rank/home/10-8888.html?from=rank
2026-08-04,2026-08-04T11:42:53+08:00,酷狗音乐,热歌榜,酷狗TOP500,2026-08-04,220,先说爱的人为什么先离开,田园,,3:40,6379393814B0A74AB7B87B2FA9E87689,107655422,https://www.kugou.com/yy/rank/home/10-8888.html?from=rank
2026-08-04,2026-08-04T11:42:53+08:00,酷狗音乐,热歌榜,酷狗TOP500,2026-08-04,221,有何不可,许嵩,,4:01,B3D5D7D3A140628D1605BD392467E348,973251,https://www.kugou.com/yy/rank/home/11-8888.html?from=rank
2026-08-04,2026-08-04T11:42:53+08:00,酷狗音乐,热歌榜,酷狗TOP500,2026-08-04,222,种田放羊采野花 (我想余生为自己而活),老韩很哇塞,,3:43,94B695618E96B1D484F9AD1670811C51,201309139,https://www.kugou.com/yy/rank/home/11-8888.html?from=rank
2026-08-04,2026-08-04T11:42:53+08:00,酷狗音乐,热歌榜,酷狗TOP500,2026-08-04,223,勋章,鹿晗,,3:34,6FB3EB3F13CD64DF6E9784F6E487BAB1,2059004,https://www.kugou.com/yy/rank/home/11-8888.html?from=rank
2026-08-04,2026-08-04T11:42:53+08:00,酷狗音乐,热歌榜,酷狗TOP500,2026-08-04,224,最后一页,江语晨,,4:06,EF053996094A323B42C35195E9781A30,1596655,https://www.kugou.com/yy/rank/home/11-8888.html?from=rank
2026-08-04,2026-08-04T11:42:53+08:00,酷狗音乐,热歌榜,酷狗TOP500,2026-08-04,225,明明就,周杰伦,,4:20,D85C14E02008B7A2F97D55CDC29C2221,982051,https://www.kugou.com/yy/rank/home/11-8888.html?from=rank
2026-08-04,2026-08-04T11:42:53+08:00,酷狗音乐,热歌榜,酷狗TOP500,2026-08-04,226,你最近还好吗,Ghost (王琳凯),,3:31,A1ADE90292D40A8A23F54DA5C3B2E96A,35318614,https://www.kugou.com/yy/rank/home/11-8888.html?from=rank
2026-08-04,2026-08-04T11:42:53+08:00,酷狗音乐,热歌榜,酷狗TOP500,2026-08-04,227,是非题,莫文蔚,,4:07,60431D272D830AC994DF2584BA56D196,973717,https://www.kugou.com/yy/rank/home/11-8888.html?from=rank
2026-08-04,2026-08-04T11:42:53+08:00,酷狗音乐,热歌榜,酷狗TOP500,2026-08-04,228,是我不够好,李毓芬,,3:37,2B152C85BA2B73CBC79EA722928EF425,1590098,https://www.kugou.com/yy/rank/home/11-8888.html?from=rank
2026-08-04,2026-08-04T11:42:53+08:00,酷狗音乐,热歌榜,酷狗TOP500,2026-08-04,229,英雄出处,高冷,,3:19,9CBBBCAAF22AA9C5A0D203C5924B3854,198302448,https://www.kugou.com/yy/rank/home/11-8888.html?from=rank
2026-08-04,2026-08-04T11:42:53+08:00,酷狗音乐,热歌榜,酷狗TOP500,2026-08-04,230,吻别 (烟嗓女版),烟嗓小希,,4:49,12750D3982067B33EB395B9BF2A714E0,200693191,https://www.kugou.com/yy/rank/home/11-8888.html?from=rank
2026-08-04,2026-08-04T11:42:53+08:00,酷狗音乐,热歌榜,酷狗TOP500,2026-08-04,231,一样的月光,徐佳莹,,4:00,E470A579E87A5436E68FAA51AD18A379,972101,https://www.kugou.com/yy/rank/home/11-8888.html?from=rank
2026-08-04,2026-08-04T11:42:53+08:00,酷狗音乐,热歌榜,酷狗TOP500,2026-08-04,232,忘了你忘了我,王杰,,4:38,95CBD367E98724883CA99874AD626446,962390,https://www.kugou.com/yy/rank/home/11-8888.html?from=rank
2026-08-04,2026-08-04T11:42:53+08:00,酷狗音乐,热歌榜,酷狗TOP500,2026-08-04,233,总有一天你会出现在我身边,棱镜乐队,,4:30,8E6A42453EF5B06A87772F8FF4AD5188,10808308,https://www.kugou.com/yy/rank/home/11-8888.html?from=rank
2026-08-04,2026-08-04T11:42:53+08:00,酷狗音乐,热歌榜,酷狗TOP500,2026-08-04,234,祝福祖国,顿株拉姆,,3:20,4278C1D6B994A3C6313E08270B924D78,200182409,https://www.kugou.com/yy/rank/home/11-8888.html?from=rank
2026-08-04,2026-08-04T11:42:53+08:00,酷狗音乐,热歌榜,酷狗TOP500,2026-08-04,235,离人赋,云汐,,3:57,321EC3B1BB1D8F1D2EFB7A40AC911CA4,64168081,https://www.kugou.com/yy/rank/home/11-8888.html?from=rank
2026-08-04,2026-08-04T11:42:53+08:00,酷狗音乐,热歌榜,酷狗TOP500,2026-08-04,236,土坡上的狗尾草,卢润泽,,3:15,5E40742110D3DB109A22BDB1012C6EBB,104913971,https://www.kugou.com/yy/rank/home/11-8888.html?from=rank
2026-08-04,2026-08-04T11:42:53+08:00,酷狗音乐,热歌榜,酷狗TOP500,2026-08-04,237,想你的夜,关喆,,4:25,1404A292A6E122C99696BDFF04CE982F,963737,https://www.kugou.com/yy/rank/home/11-8888.html?from=rank
2026-08-04,2026-08-04T11:42:53+08:00,酷狗音乐,热歌榜,酷狗TOP500,2026-08-04,238,遗留在岁月的曾经,曲木老表,,3:49,4C1A5D2BD02B857C72364B1416124256,167884062,https://www.kugou.com/yy/rank/home/11-8888.html?from=rank
2026-08-04,2026-08-04T11:42:53+08:00,酷狗音乐,热歌榜,酷狗TOP500,2026-08-04,239,瞬,郑润泽,,4:45,C06970FDB48E8E1F9BBC7577B7BC1938,75949211,https://www.kugou.com/yy/rank/home/11-8888.html?from=rank
2026-08-04,2026-08-04T11:42:53+08:00,酷狗音乐,热歌榜,酷狗TOP500,2026-08-04,240,模特,李荣浩,,5:06,87EBC49856D2CB3C04992C9A87E5A5C5,968143,https://www.kugou.com/yy/rank/home/11-8888.html?from=rank
2026-08-04,2026-08-04T11:42:53+08:00,酷狗音乐,热歌榜,酷狗TOP500,2026-08-04,241,飞鸟和蝉,任然,,4:56,EB5F5AF3993F6537F2C70B959F2DCD6B,38339036,https://www.kugou.com/yy/rank/home/11-8888.html?from=rank
2026-08-04,2026-08-04T11:42:53+08:00,酷狗音乐,热歌榜,酷狗TOP500,2026-08-04,242,蓝莲花,许巍,,4:31,EDCDC42FEE3A4BC8F2ADBAF96ADE9D77,15247919,https://www.kugou.com/yy/rank/home/11-8888.html?from=rank
2026-08-04,2026-08-04T11:42:53+08:00,酷狗音乐,热歌榜,酷狗TOP500,2026-08-04,243,年少有为,李荣浩,,4:39,3A5C1D6CDABB2FDA813F8F8B7E4D08B0,8873395,https://www.kugou.com/yy/rank/home/12-8888.html?from=rank
2026-08-04,2026-08-04T11:42:53+08:00,酷狗音乐,热歌榜,酷狗TOP500,2026-08-04,244,老街,李荣浩,,5:19,30E7F7CCB57EB16D1BE3EC71D7ADB071,964378,https://www.kugou.com/yy/rank/home/12-8888.html?from=rank
2026-08-04,2026-08-04T11:42:53+08:00,酷狗音乐,热歌榜,酷狗TOP500,2026-08-04,245,踏马寻花向自由 (潇洒版),雷鬼叔,,2:49,2AB7A8EBAD8E05DEF40E7F9330FCB01E,198887108,https://www.kugou.com/yy/rank/home/12-8888.html?from=rank
2026-08-04,2026-08-04T11:42:53+08:00,酷狗音乐,热歌榜,酷狗TOP500,2026-08-04,246,水手,郑智化,,4:53,6DCF10DEA98A7C9F755BE385E822BE05,967718,https://www.kugou.com/yy/rank/home/12-8888.html?from=rank
2026-08-04,2026-08-04T11:42:53+08:00,酷狗音乐,热歌榜,酷狗TOP500,2026-08-04,247,不浪漫罪名,王杰,,4:48,4255D3F001B95B07F2D5BE330D14A780,503247,https://www.kugou.com/yy/rank/home/12-8888.html?from=rank
2026-08-04,2026-08-04T11:42:53+08:00,酷狗音乐,热歌榜,酷狗TOP500,2026-08-04,248,如果当时,许嵩,,5:16,697712B7504DA5541C3ED4D117AE1018,973251,https://www.kugou.com/yy/rank/home/12-8888.html?from=rank
2026-08-04,2026-08-04T11:42:53+08:00,酷狗音乐,热歌榜,酷狗TOP500,2026-08-04,249,爱如潮水,张信哲,,4:31,7D372165ED6AD2C00DD2B473529BE9CE,538030,https://www.kugou.com/yy/rank/home/12-8888.html?from=rank
2026-08-04,2026-08-04T11:42:53+08:00,酷狗音乐,热歌榜,酷狗TOP500,2026-08-04,250,起风了,买辣椒也用券,,5:26,5C035CBF390FEF6B536020A57749EF70,53218722,https://www.kugou.com/yy/rank/home/12-8888.html?from=rank
2026-08-04,2026-08-04T11:42:53+08:00,酷狗音乐,热歌榜,酷狗TOP500,2026-08-04,251,如果可以,韦礼安,,4:34,70425DF5F0C9FCED5E0468189A7F4A70,49958186,https://www.kugou.com/yy/rank/home/12-8888.html?from=rank
2026-08-04,2026-08-04T11:42:53+08:00,酷狗音乐,热歌榜,酷狗TOP500,2026-08-04,252,喜欢你 (G.E.M.重生版),G.E.M. 邓紫棋,,4:03,AA4D82A7506DE809B7A89F91B73F3E1E,150256944,https://www.kugou.com/yy/rank/home/12-8888.html?from=rank
2026-08-04,2026-08-04T11:42:53+08:00,酷狗音乐,热歌榜,酷狗TOP500,2026-08-04,253,平凡之路,朴树,,5:01,2BE5DE80E68B3346918D38CF7527D979,2944963,https://www.kugou.com/yy/rank/home/12-8888.html?from=rank
2026-08-04,2026-08-04T11:42:53+08:00,酷狗音乐,热歌榜,酷狗TOP500,2026-08-04,254,不遗憾,李荣浩,,5:20,40CE38D5DB930F404EB26F58978BEC3D,44404137,https://www.kugou.com/yy/rank/home/12-8888.html?from=rank
2026-08-04,2026-08-04T11:42:53+08:00,酷狗音乐,热歌榜,酷狗TOP500,2026-08-04,255,爱你太多,刘一手,,3:41,284D6DEC3BF7D23E0EA79B5C70C3F2D1,201304866,https://www.kugou.com/yy/rank/home/12-8888.html?from=rank
2026-08-04,2026-08-04T11:42:53+08:00,酷狗音乐,热歌榜,酷狗TOP500,2026-08-04,256,我们的歌,王力宏,,4:08,4E294957A0D9B72A78B61F3C2A63B6CC,503223,https://www.kugou.com/yy/rank/home/12-8888.html?from=rank
2026-08-04,2026-08-04T11:42:53+08:00,酷狗音乐,热歌榜,酷狗TOP500,2026-08-04,257,没那么简单,黄小琥,,5:08,90D82FB9EB6C1F5385F6F086318EE1FA,962530,https://www.kugou.com/yy/rank/home/12-8888.html?from=rank
2026-08-04,2026-08-04T11:42:53+08:00,酷狗音乐,热歌榜,酷狗TOP500,2026-08-04,258,谁明浪子心,王杰,,5:01,1E54C9C01C9DFC5C68F743368F353711,983991,https://www.kugou.com/yy/rank/home/12-8888.html?from=rank
2026-08-04,2026-08-04T11:42:53+08:00,酷狗音乐,热歌榜,酷狗TOP500,2026-08-04,259,爱，请问怎么走,A-Lin,,4:28,D67CB2EA6082D5AB871509EC06B48370,964045,https://www.kugou.com/yy/rank/home/12-8888.html?from=rank
2026-08-04,2026-08-04T11:42:53+08:00,酷狗音乐,热歌榜,酷狗TOP500,2026-08-04,260,虚拟,陈粒,,4:01,AEF0740270FE89918F07807C8D669FB7,1749208,https://www.kugou.com/yy/rank/home/12-8888.html?from=rank
2026-08-04,2026-08-04T11:42:53+08:00,酷狗音乐,热歌榜,酷狗TOP500,2026-08-04,261,别说你还深深爱着我,婉婷、杨烬,,3:45,0938FF862C986F6A93B4A7657CAA1125,195023851,https://www.kugou.com/yy/rank/home/12-8888.html?from=rank
2026-08-04,2026-08-04T11:42:53+08:00,酷狗音乐,热歌榜,酷狗TOP500,2026-08-04,262,梦的翅膀受了伤,蒋雪儿Snow.J,,4:36,7B00B1F90C13C270CE96EA51DA863B96,1965074,https://www.kugou.com/yy/rank/home/12-8888.html?from=rank
2026-08-04,2026-08-04T11:42:53+08:00,酷狗音乐,热歌榜,酷狗TOP500,2026-08-04,263,恶作剧,王蓝茵,,3:47,05B893FC78627C3F5635491BBB35167E,720564,https://www.kugou.com/yy/rank/home/12-8888.html?from=rank
2026-08-04,2026-08-04T11:42:53+08:00,酷狗音乐,热歌榜,酷狗TOP500,2026-08-04,264,座位,于冬然,,3:29,D87A09DB3166215E5DFD4A30C922509E,137485296,https://www.kugou.com/yy/rank/home/12-8888.html?from=rank
2026-08-04,2026-08-04T11:42:53+08:00,酷狗音乐,热歌榜,酷狗TOP500,2026-08-04,265,迷人的危险,Dance Flow,,3:26,0F666EF632DB9404308219BE5AAE43B4,551560,https://www.kugou.com/yy/rank/home/13-8888.html?from=rank
2026-08-04,2026-08-04T11:42:53+08:00,酷狗音乐,热歌榜,酷狗TOP500,2026-08-04,266,我记得,赵雷,,5:30,8CE80CF10A01F37354D63E49C1B60B60,60018447,https://www.kugou.com/yy/rank/home/13-8888.html?from=rank
2026-08-04,2026-08-04T11:42:53+08:00,酷狗音乐,热歌榜,酷狗TOP500,2026-08-04,267,半点心,草蜢,,3:52,6DF94BFD206BB819120C0D021B93EDBC,564642,https://www.kugou.com/yy/rank/home/13-8888.html?from=rank
2026-08-04,2026-08-04T11:42:53+08:00,酷狗音乐,热歌榜,酷狗TOP500,2026-08-04,268,Lonely,Nana,,6:21,DD6AD636BD00699C1218CD25D7657099,45833884,https://www.kugou.com/yy/rank/home/13-8888.html?from=rank
2026-08-04,2026-08-04T11:42:53+08:00,酷狗音乐,热歌榜,酷狗TOP500,2026-08-04,269,爱情麻辣烫,马健涛,,3:14,26715A4B40721445397606340F4022AE,201642810,https://www.kugou.com/yy/rank/home/13-8888.html?from=rank
2026-08-04,2026-08-04T11:42:53+08:00,酷狗音乐,热歌榜,酷狗TOP500,2026-08-04,270,哼着你爱听的歌 (女版),田园,,3:20,37B0685181098FB8427291594EDBC8CD,162686180,https://www.kugou.com/yy/rank/home/13-8888.html?from=rank
2026-08-04,2026-08-04T11:42:53+08:00,酷狗音乐,热歌榜,酷狗TOP500,2026-08-04,271,无名的人,毛不易,,4:42,525A854C4A4EDF63CAF528D693F69CE0,51231315,https://www.kugou.com/yy/rank/home/13-8888.html?from=rank
2026-08-04,2026-08-04T11:42:53+08:00,酷狗音乐,热歌榜,酷狗TOP500,2026-08-04,272,喜欢,阿肆,,4:10,F4233033E11BEF5AECD3BD64528A8236,14167090,https://www.kugou.com/yy/rank/home/13-8888.html?from=rank
2026-08-04,2026-08-04T11:42:53+08:00,酷狗音乐,热歌榜,酷狗TOP500,2026-08-04,273,你还要我怎样,薛之谦,,5:11,8C6AAC48FB5C3759042E4C8699544C6F,960327,https://www.kugou.com/yy/rank/home/13-8888.html?from=rank
2026-08-04,2026-08-04T11:42:53+08:00,酷狗音乐,热歌榜,酷狗TOP500,2026-08-04,274,感谢你曾来过,Ayo97、周思涵,,4:10,39DCBBDCB0B377628BEF5FD48EF01254,9101627,https://www.kugou.com/yy/rank/home/13-8888.html?from=rank
2026-08-04,2026-08-04T11:42:53+08:00,酷狗音乐,热歌榜,酷狗TOP500,2026-08-04,275,半岛铁盒,周杰伦,,5:19,67BA8A4A0681F2078BC423CB13B904B7,961807,https://www.kugou.com/yy/rank/home/13-8888.html?from=rank
2026-08-04,2026-08-04T11:42:53+08:00,酷狗音乐,热歌榜,酷狗TOP500,2026-08-04,276,世界上的另一个我,阿肆、郭采洁,,3:58,73C0E5566146583A631C9A94203405D6,4255765,https://www.kugou.com/yy/rank/home/13-8888.html?from=rank
2026-08-04,2026-08-04T11:42:53+08:00,酷狗音乐,热歌榜,酷狗TOP500,2026-08-04,277,你就不要想起我,田馥甄,,4:41,33E67CD9B775093E93CBABBD649DF087,965595,https://www.kugou.com/yy/rank/home/13-8888.html?from=rank
2026-08-04,2026-08-04T11:42:53+08:00,酷狗音乐,热歌榜,酷狗TOP500,2026-08-04,278,倒数,G.E.M. 邓紫棋,,3:49,65945C4D6FB03D7997AE133C9BE5715D,9373625,https://www.kugou.com/yy/rank/home/13-8888.html?from=rank
2026-08-04,2026-08-04T11:42:53+08:00,酷狗音乐,热歌榜,酷狗TOP500,2026-08-04,279,第一次爱的人,王心凌,,3:53,38539E18FBB3E9A8DFA84A892CA718F6,979891,https://www.kugou.com/yy/rank/home/13-8888.html?from=rank
2026-08-04,2026-08-04T11:42:53+08:00,酷狗音乐,热歌榜,酷狗TOP500,2026-08-04,280,不能说的秘密,周杰伦,,4:57,EDFC5DD1AC3D58971AB95B3E2700D015,554150,https://www.kugou.com/yy/rank/home/13-8888.html?from=rank
2026-08-04,2026-08-04T11:42:53+08:00,酷狗音乐,热歌榜,酷狗TOP500,2026-08-04,281,忘记时间,胡歌,,4:32,BB2759C850804CB32A55480D85D21080,493001,https://www.kugou.com/yy/rank/home/13-8888.html?from=rank
2026-08-04,2026-08-04T11:42:53+08:00,酷狗音乐,热歌榜,酷狗TOP500,2026-08-04,282,雪下的时候,乔佳旭,,4:24,F6B3AA5971A01E755A344C2256606418,35913748,https://www.kugou.com/yy/rank/home/13-8888.html?from=rank
2026-08-04,2026-08-04T11:42:53+08:00,酷狗音乐,热歌榜,酷狗TOP500,2026-08-04,283,坠落,蔡健雅,,4:10,233254CB517BAA74387361C2158519DA,974379,https://www.kugou.com/yy/rank/home/13-8888.html?from=rank
2026-08-04,2026-08-04T11:42:53+08:00,酷狗音乐,热歌榜,酷狗TOP500,2026-08-04,284,情人,蔡徐坤,,3:15,120F234213ACB64E202B391612D5D9CA,37760326,https://www.kugou.com/yy/rank/home/13-8888.html?from=rank
2026-08-04,2026-08-04T11:42:53+08:00,酷狗音乐,热歌榜,酷狗TOP500,2026-08-04,285,怪我们缘分太浅 (别难过),刘纯,,3:57,4C9C9BFA509C9E16056F13255A6D6FCD,199992101,https://www.kugou.com/yy/rank/home/13-8888.html?from=rank
2026-08-04,2026-08-04T11:42:53+08:00,酷狗音乐,热歌榜,酷狗TOP500,2026-08-04,286,广东爱情故事,广东雨神,,3:34,7A2956668C7D5393FF16AD930C23F2FD,4162049,https://www.kugou.com/yy/rank/home/13-8888.html?from=rank
2026-08-04,2026-08-04T11:42:53+08:00,酷狗音乐,热歌榜,酷狗TOP500,2026-08-04,287,不由人,二龙湖浩哥,,3:32,93BCFDF3A943B05AF659A0A45D9FE033,199943834,https://www.kugou.com/yy/rank/home/14-8888.html?from=rank
2026-08-04,2026-08-04T11:42:53+08:00,酷狗音乐,热歌榜,酷狗TOP500,2026-08-04,288,Letting Go,蔡健雅,,4:23,326CBB23BAA90062047512376AA406A4,978874,https://www.kugou.com/yy/rank/home/14-8888.html?from=rank
2026-08-04,2026-08-04T11:42:53+08:00,酷狗音乐,热歌榜,酷狗TOP500,2026-08-04,289,远走高飞 (独唱版),金志文,,4:02,7196122D828128AF3173560B82528092,2139938,https://www.kugou.com/yy/rank/home/14-8888.html?from=rank
2026-08-04,2026-08-04T11:42:53+08:00,酷狗音乐,热歌榜,酷狗TOP500,2026-08-04,290,简单爱,周杰伦,,4:30,6E44CE19BE5872384FA184B995CCE23B,958706,https://www.kugou.com/yy/rank/home/14-8888.html?from=rank
2026-08-04,2026-08-04T11:42:53+08:00,酷狗音乐,热歌榜,酷狗TOP500,2026-08-04,291,白鸽乌鸦相爱的戏码,潘成（皮卡潘）,,2:54,1B5005F285D8B7FD083CA61C5753E9DB,100112898,https://www.kugou.com/yy/rank/home/14-8888.html?from=rank
2026-08-04,2026-08-04T11:42:53+08:00,酷狗音乐,热歌榜,酷狗TOP500,2026-08-04,292,踏马寻花向自由,半吨兄弟,,2:59,6DD4615AB1A9D1C595CCC15E16597434,198491409,https://www.kugou.com/yy/rank/home/14-8888.html?from=rank
2026-08-04,2026-08-04T11:42:53+08:00,酷狗音乐,热歌榜,酷狗TOP500,2026-08-04,293,摇太阳 (雷鬼版),白兰的,,4:32,97915750F2E7DEBEB4E2C7AF4AA7F5A1,183678520,https://www.kugou.com/yy/rank/home/14-8888.html?from=rank
2026-08-04,2026-08-04T11:42:53+08:00,酷狗音乐,热歌榜,酷狗TOP500,2026-08-04,294,吹梦到西洲,昭爻tsuki、千世,,5:15,FB50469DA48A8CE34532F2888578B7B8,25402785,https://www.kugou.com/yy/rank/home/14-8888.html?from=rank
2026-08-04,2026-08-04T11:42:53+08:00,酷狗音乐,热歌榜,酷狗TOP500,2026-08-04,295,麻雀,李荣浩,,4:13,2E4C5A85A751AF5A0B200D5AA0629226,34731198,https://www.kugou.com/yy/rank/home/14-8888.html?from=rank
2026-08-04,2026-08-04T11:42:53+08:00,酷狗音乐,热歌榜,酷狗TOP500,2026-08-04,296,左转灯 (1000 Times +1),派伟俊、mac ova seas,,3:17,E51ABAF534E7D2BA42DB5604421D4838,164658305,https://www.kugou.com/yy/rank/home/14-8888.html?from=rank
2026-08-04,2026-08-04T11:42:53+08:00,酷狗音乐,热歌榜,酷狗TOP500,2026-08-04,297,句号,G.E.M. 邓紫棋,,3:56,0EC0DFE7A4090B3C5C2C1831D7F3ED51,35503028,https://www.kugou.com/yy/rank/home/14-8888.html?from=rank
2026-08-04,2026-08-04T11:42:53+08:00,酷狗音乐,热歌榜,酷狗TOP500,2026-08-04,298,august,Taylor Swift,,4:22,9A0D270E60A5B85B02BA9C75DE815528,38627144,https://www.kugou.com/yy/rank/home/14-8888.html?from=rank
2026-08-04,2026-08-04T11:42:53+08:00,酷狗音乐,热歌榜,酷狗TOP500,2026-08-04,299,冬天的秘密,周传雄,,4:33,1088AEEAB9674A49F8067DCDEB1FC1EE,982655,https://www.kugou.com/yy/rank/home/14-8888.html?from=rank
2026-08-04,2026-08-04T11:42:53+08:00,酷狗音乐,热歌榜,酷狗TOP500,2026-08-04,300,是你没选我啊,于冬然,,3:22,885046DF8380B7506A6B12EC8F6E201D,176303736,https://www.kugou.com/yy/rank/home/14-8888.html?from=rank
2026-08-04,2026-08-04T11:42:53+08:00,酷狗音乐,热歌榜,酷狗TOP500,2026-08-04,301,NIGHT DANCER (夜中舞者),imase,,3:31,572C3807BF90891332ED77A72DB74272,59918395,https://www.kugou.com/yy/rank/home/14-8888.html?from=rank
2026-08-04,2026-08-04T11:42:53+08:00,酷狗音乐,热歌榜,酷狗TOP500,2026-08-04,302,断点,张敬轩,,4:28,2C2A571D91FF7BF6FE814887FFA7E592,2996592,https://www.kugou.com/yy/rank/home/14-8888.html?from=rank
2026-08-04,2026-08-04T11:42:53+08:00,酷狗音乐,热歌榜,酷狗TOP500,2026-08-04,303,夏夜最后的烟火,颜人中,,4:40,4E418EDAB22093B51C78C81C0A8C9B31,39949767,https://www.kugou.com/yy/rank/home/14-8888.html?from=rank
2026-08-04,2026-08-04T11:42:53+08:00,酷狗音乐,热歌榜,酷狗TOP500,2026-08-04,304,执子之手,宝石Gem、哩哩,,3:10,A84D44A92F427A3198ECEE703B708478,61962429,https://www.kugou.com/yy/rank/home/14-8888.html?from=rank
2026-08-04,2026-08-04T11:42:53+08:00,酷狗音乐,热歌榜,酷狗TOP500,2026-08-04,305,落空,印子月,,3:53,F2823FEC8D01EDE2587ED3D32F787782,15394482,https://www.kugou.com/yy/rank/home/14-8888.html?from=rank
2026-08-04,2026-08-04T11:42:53+08:00,酷狗音乐,热歌榜,酷狗TOP500,2026-08-04,306,你的承诺,海鸣威,,3:53,B1996C2589FADECA9759A420E1EC3FE3,19347507,https://www.kugou.com/yy/rank/home/14-8888.html?from=rank
2026-08-04,2026-08-04T11:42:53+08:00,酷狗音乐,热歌榜,酷狗TOP500,2026-08-04,307,再见只是陌生人,庄心妍,,4:12,67F2E5F1B47C2B86E201518FD24D9831,556403,https://www.kugou.com/yy/rank/home/14-8888.html?from=rank
2026-08-04,2026-08-04T11:42:53+08:00,酷狗音乐,热歌榜,酷狗TOP500,2026-08-04,308,苹果香 (Live),乌兰图雅、白小白,,3:25,CBF16CA04BF861A063B532668C192005,201660223,https://www.kugou.com/yy/rank/home/14-8888.html?from=rank
2026-08-04,2026-08-04T11:42:53+08:00,酷狗音乐,热歌榜,酷狗TOP500,2026-08-04,309,天地龙鳞,王力宏,,3:17,DD83DC4A30C3A05D60FFCE6944FB441C,50749156,https://www.kugou.com/yy/rank/home/15-8888.html?from=rank
2026-08-04,2026-08-04T11:42:53+08:00,酷狗音乐,热歌榜,酷狗TOP500,2026-08-04,310,搀扶,马健涛,,5:28,D95AE3CC810BB62D28505AE1510C329F,130332417,https://www.kugou.com/yy/rank/home/15-8888.html?from=rank
2026-08-04,2026-08-04T11:42:53+08:00,酷狗音乐,热歌榜,酷狗TOP500,2026-08-04,311,求求你别再说爱我,杨不乖,,3:30,B847847C32E0A77E3AF6833B765EE836,200754416,https://www.kugou.com/yy/rank/home/15-8888.html?from=rank
2026-08-04,2026-08-04T11:42:53+08:00,酷狗音乐,热歌榜,酷狗TOP500,2026-08-04,312,不潮不用花钱,林俊杰,,3:54,5A84BBA4C673BEA45083C521ADF366AF,963179,https://www.kugou.com/yy/rank/home/15-8888.html?from=rank
2026-08-04,2026-08-04T11:42:53+08:00,酷狗音乐,热歌榜,酷狗TOP500,2026-08-04,313,老人与海,海鸣威、吴琼,,4:26,64550F3E833ABE710545EA84FC82754E,1778632,https://www.kugou.com/yy/rank/home/15-8888.html?from=rank
2026-08-04,2026-08-04T11:42:53+08:00,酷狗音乐,热歌榜,酷狗TOP500,2026-08-04,314,最爱,周慧敏,,4:25,DBC221919A9686F684F90E1920179363,568311,https://www.kugou.com/yy/rank/home/15-8888.html?from=rank
2026-08-04,2026-08-04T11:42:53+08:00,酷狗音乐,热歌榜,酷狗TOP500,2026-08-04,315,刚刚好,薛之谦,,4:11,956EEC514146039E6D6A16B30DD64A7B,1747549,https://www.kugou.com/yy/rank/home/15-8888.html?from=rank
2026-08-04,2026-08-04T11:42:53+08:00,酷狗音乐,热歌榜,酷狗TOP500,2026-08-04,316,真的爱你,BEYOND,,4:35,C46916711631EA28508A41C325A74E1B,971451,https://www.kugou.com/yy/rank/home/15-8888.html?from=rank
2026-08-04,2026-08-04T11:42:53+08:00,酷狗音乐,热歌榜,酷狗TOP500,2026-08-04,317,记事本,陈慧琳,,4:11,26684870E2CE3936A3D72559F67C0606,2996651,https://www.kugou.com/yy/rank/home/15-8888.html?from=rank
2026-08-04,2026-08-04T11:42:53+08:00,酷狗音乐,热歌榜,酷狗TOP500,2026-08-04,318,也许在下雨天 (眼泪才不被看见),何遇Hayu、Crybird,,3:47,18D96FA29BBCB2873400BEAB17B817CF,194623547,https://www.kugou.com/yy/rank/home/15-8888.html?from=rank
2026-08-04,2026-08-04T11:42:53+08:00,酷狗音乐,热歌榜,酷狗TOP500,2026-08-04,319,陷阱,王北车,,4:41,2FA2217B2F80DFE16F0421E1EF42AEB3,8747471,https://www.kugou.com/yy/rank/home/15-8888.html?from=rank
2026-08-04,2026-08-04T11:42:53+08:00,酷狗音乐,热歌榜,酷狗TOP500,2026-08-04,320,不负众望,陈婉菁,,3:55,B54BD54DD6B27B311A9F7E2CF9505D3E,62005607,https://www.kugou.com/yy/rank/home/15-8888.html?from=rank
2026-08-04,2026-08-04T11:42:53+08:00,酷狗音乐,热歌榜,酷狗TOP500,2026-08-04,321,九百九十九朵玫瑰 (r&b),落日微醺,,4:07,0969B2B26405C8DDEC7C72292F794D48,184352572,https://www.kugou.com/yy/rank/home/15-8888.html?from=rank
2026-08-04,2026-08-04T11:42:53+08:00,酷狗音乐,热歌榜,酷狗TOP500,2026-08-04,322,如果他真的温柔,郑大钱,,4:01,5FB23F64B70D9A347C99721969F9DD34,197731141,https://www.kugou.com/yy/rank/home/15-8888.html?from=rank
2026-08-04,2026-08-04T11:42:53+08:00,酷狗音乐,热歌榜,酷狗TOP500,2026-08-04,323,unhappy,s0rrow,,1:38,F7F1E29418D6C944163FA5F1B9730B08,171727951,https://www.kugou.com/yy/rank/home/15-8888.html?from=rank
2026-08-04,2026-08-04T11:42:53+08:00,酷狗音乐,热歌榜,酷狗TOP500,2026-08-04,324,偏偏喜欢你,陈百强,,3:32,D186383AA965D13601CFF4857F844FEE,983655,https://www.kugou.com/yy/rank/home/15-8888.html?from=rank
2026-08-04,2026-08-04T11:42:53+08:00,酷狗音乐,热歌榜,酷狗TOP500,2026-08-04,325,背着风流泪,文夫,,4:14,93313560CDE28F74AA7D2894E3C4D7F7,146986506,https://www.kugou.com/yy/rank/home/15-8888.html?from=rank
2026-08-04,2026-08-04T11:42:53+08:00,酷狗音乐,热歌榜,酷狗TOP500,2026-08-04,326,那些你很冒险的梦,林俊杰,,4:05,468A823BD25A585841F4BC5ED3EF945B,977237,https://www.kugou.com/yy/rank/home/15-8888.html?from=rank
2026-08-04,2026-08-04T11:42:53+08:00,酷狗音乐,热歌榜,酷狗TOP500,2026-08-04,327,其实雨也没多大 (对唱版),万豹、羊羊,,3:46,3DCAD49A6417CF61F031111716AB1572,164325869,https://www.kugou.com/yy/rank/home/15-8888.html?from=rank
2026-08-04,2026-08-04T11:42:53+08:00,酷狗音乐,热歌榜,酷狗TOP500,2026-08-04,328,红豆,王菲,,4:16,AEF916A18BAAE9C8E7807179C8DA64D1,960812,https://www.kugou.com/yy/rank/home/15-8888.html?from=rank
2026-08-04,2026-08-04T11:42:53+08:00,酷狗音乐,热歌榜,酷狗TOP500,2026-08-04,329,遗失的心跳,萧亚轩,,3:37,54C1A6E877BB37D052A86D4C41604FE7,521727,https://www.kugou.com/yy/rank/home/15-8888.html?from=rank
2026-08-04,2026-08-04T11:42:53+08:00,酷狗音乐,热歌榜,酷狗TOP500,2026-08-04,330,暧昧,薛之谦,,5:12,B3A4E466F13F44FA0B91FA4EB8E6DECA,7818079,https://www.kugou.com/yy/rank/home/15-8888.html?from=rank
2026-08-04,2026-08-04T11:42:53+08:00,酷狗音乐,热歌榜,酷狗TOP500,2026-08-04,331,听哭了自己,沧桑老叔,,3:32,2F886E50337A0268514AA517C5E13A39,184905718,https://www.kugou.com/yy/rank/home/16-8888.html?from=rank
2026-08-04,2026-08-04T11:42:53+08:00,酷狗音乐,热歌榜,酷狗TOP500,2026-08-04,332,也许在下雨天 (对唱版),何遇Hayu、徐文晶,,3:47,2BDBC49FA2776FFBA2F35DE04CEA1A9A,201216785,https://www.kugou.com/yy/rank/home/16-8888.html?from=rank
2026-08-04,2026-08-04T11:42:53+08:00,酷狗音乐,热歌榜,酷狗TOP500,2026-08-04,333,若今生无缘 (若今生已无缘),万海东,,3:40,E74F4CC22263126EDD4A721AD0D0D0A8,195038536,https://www.kugou.com/yy/rank/home/16-8888.html?from=rank
2026-08-04,2026-08-04T11:42:53+08:00,酷狗音乐,热歌榜,酷狗TOP500,2026-08-04,334,Love Story,Taylor Swift,,3:56,193B72D4456A4CC02A3DE7C673FC4E23,13721135,https://www.kugou.com/yy/rank/home/16-8888.html?from=rank
2026-08-04,2026-08-04T11:42:53+08:00,酷狗音乐,热歌榜,酷狗TOP500,2026-08-04,335,我曾像傻子一样爱你,老板,,4:03,85F18C8A9470C0BE7BD1D679ACFC6E21,171863030,https://www.kugou.com/yy/rank/home/16-8888.html?from=rank
2026-08-04,2026-08-04T11:42:53+08:00,酷狗音乐,热歌榜,酷狗TOP500,2026-08-04,336,静音恋人 (两颗缠绕的心),礼越,,3:26,61F7ABEFA41C847C8F237C68883027CA,183361126,https://www.kugou.com/yy/rank/home/16-8888.html?from=rank
2026-08-04,2026-08-04T11:42:53+08:00,酷狗音乐,热歌榜,酷狗TOP500,2026-08-04,337,还爱着你,文夫,,3:52,A61924D891C970A28150FDF9E5E56C53,171019019,https://www.kugou.com/yy/rank/home/16-8888.html?from=rank
2026-08-04,2026-08-04T11:42:53+08:00,酷狗音乐,热歌榜,酷狗TOP500,2026-08-04,338,故乡,许巍,,5:14,9EFC9C93AB181E42113F226DFCFA454D,971568,https://www.kugou.com/yy/rank/home/16-8888.html?from=rank
2026-08-04,2026-08-04T11:42:53+08:00,酷狗音乐,热歌榜,酷狗TOP500,2026-08-04,339,光年之外 (G.E.M.重生版),G.E.M. 邓紫棋,,3:55,B0EB2A1CC6832B3596E0D71E3CAFCD5F,150256944,https://www.kugou.com/yy/rank/home/16-8888.html?from=rank
2026-08-04,2026-08-04T11:42:53+08:00,酷狗音乐,热歌榜,酷狗TOP500,2026-08-04,340,好久不见,陈奕迅,,4:11,8E1DDAF172D9C60A28C19358B07BFBF8,962514,https://www.kugou.com/yy/rank/home/16-8888.html?from=rank
2026-08-04,2026-08-04T11:42:53+08:00,酷狗音乐,热歌榜,酷狗TOP500,2026-08-04,341,一个人想着一个人,曾沛慈,,4:04,C9148675D85D3C2B306E966000BC5ABD,542900,https://www.kugou.com/yy/rank/home/16-8888.html?from=rank
2026-08-04,2026-08-04T11:42:53+08:00,酷狗音乐,热歌榜,酷狗TOP500,2026-08-04,342,雀跃,任然、小来,,3:56,F928CB7A772F8A6214EEAEB21FA310D8,2820318,https://www.kugou.com/yy/rank/home/16-8888.html?from=rank
2026-08-04,2026-08-04T11:42:53+08:00,酷狗音乐,热歌榜,酷狗TOP500,2026-08-04,343,爱我还是他,陶喆,,4:53,004A93C3A157D825B92A91EEB17DA36A,7547427,https://www.kugou.com/yy/rank/home/16-8888.html?from=rank
2026-08-04,2026-08-04T11:42:53+08:00,酷狗音乐,热歌榜,酷狗TOP500,2026-08-04,344,麦恩莉,方大同,,4:48,3A08C7B067EC2E9B552AB8664490FCEB,971920,https://www.kugou.com/yy/rank/home/16-8888.html?from=rank
2026-08-04,2026-08-04T11:42:53+08:00,酷狗音乐,热歌榜,酷狗TOP500,2026-08-04,345,不再犹豫,BEYOND,,4:15,C477FE5B38147B7522DFCF3DC5BB8A6B,8176296,https://www.kugou.com/yy/rank/home/16-8888.html?from=rank
2026-08-04,2026-08-04T11:42:53+08:00,酷狗音乐,热歌榜,酷狗TOP500,2026-08-04,346,不如见一面,海来阿木,,4:08,A8CC7F0EA73DE4DE226B26C3F44DD563,80038154,https://www.kugou.com/yy/rank/home/16-8888.html?from=rank
2026-08-04,2026-08-04T11:42:53+08:00,酷狗音乐,热歌榜,酷狗TOP500,2026-08-04,347,睡过你的枕边 (爆发女版),雨姐,,2:22,954158DE9546FB7DD59ACCBD21A565A7,193064563,https://www.kugou.com/yy/rank/home/16-8888.html?from=rank
2026-08-04,2026-08-04T11:42:53+08:00,酷狗音乐,热歌榜,酷狗TOP500,2026-08-04,348,淘汰,陈奕迅,,4:45,90C64A1FB2F32663FA8037D847AABB57,962514,https://www.kugou.com/yy/rank/home/16-8888.html?from=rank
2026-08-04,2026-08-04T11:42:53+08:00,酷狗音乐,热歌榜,酷狗TOP500,2026-08-04,349,我不配,周杰伦,,4:49,00CBE76AE7676D5D2A3D832D202C8FFD,979856,https://www.kugou.com/yy/rank/home/16-8888.html?from=rank
2026-08-04,2026-08-04T11:42:53+08:00,酷狗音乐,热歌榜,酷狗TOP500,2026-08-04,350,像鱼,王贰浪,,4:45,6215C5A85B30E53C2E4C20C4DED38D72,13621986,https://www.kugou.com/yy/rank/home/16-8888.html?from=rank
2026-08-04,2026-08-04T11:42:53+08:00,酷狗音乐,热歌榜,酷狗TOP500,2026-08-04,351,Because of You,Kelly Clarkson,,3:39,FED9A7BE6BC7D2FF3B8426ECEF34A2B6,1592158,https://www.kugou.com/yy/rank/home/16-8888.html?from=rank
2026-08-04,2026-08-04T11:42:53+08:00,酷狗音乐,热歌榜,酷狗TOP500,2026-08-04,352,倒带,蔡依林,,4:26,446507D2332BC3F263596363A97C6E95,976925,https://www.kugou.com/yy/rank/home/16-8888.html?from=rank
2026-08-04,2026-08-04T11:42:53+08:00,酷狗音乐,热歌榜,酷狗TOP500,2026-08-04,353,空心,光泽,,4:39,4465EE613CC3CF7DCF9448F8ACFED1CA,4141939,https://www.kugou.com/yy/rank/home/17-8888.html?from=rank
2026-08-04,2026-08-04T11:42:53+08:00,酷狗音乐,热歌榜,酷狗TOP500,2026-08-04,354,风若是拦不住,亚飞,,3:17,580E4A7F99C7C8C8959627E5D33C8FC7,200516203,https://www.kugou.com/yy/rank/home/17-8888.html?from=rank
2026-08-04,2026-08-04T11:42:53+08:00,酷狗音乐,热歌榜,酷狗TOP500,2026-08-04,355,大海,张雨生,,4:40,BF8252BEAE57AEB53490145CA8E81BB4,967705,https://www.kugou.com/yy/rank/home/17-8888.html?from=rank
2026-08-04,2026-08-04T11:42:53+08:00,酷狗音乐,热歌榜,酷狗TOP500,2026-08-04,356,只为你着迷,李秉成,,4:01,C2F47FB042D8FE6A2B5265DFCF8919A5,11795396,https://www.kugou.com/yy/rank/home/17-8888.html?from=rank
2026-08-04,2026-08-04T11:42:53+08:00,酷狗音乐,热歌榜,酷狗TOP500,2026-08-04,357,time machine (feat. aren park)(Original Mix),mj apanay、aren park,,3:46,6FC23D8694067908061BB145B6DFCB87,100264848,https://www.kugou.com/yy/rank/home/17-8888.html?from=rank
2026-08-04,2026-08-04T11:42:53+08:00,酷狗音乐,热歌榜,酷狗TOP500,2026-08-04,358,指纹,杜宣达,,4:00,EAF4CB91DA618DBEDC751F54B3B3620D,50057639,https://www.kugou.com/yy/rank/home/17-8888.html?from=rank
2026-08-04,2026-08-04T11:42:53+08:00,酷狗音乐,热歌榜,酷狗TOP500,2026-08-04,359,跨不过的距离,虎二,,4:31,FED5892036FBD176F6FEAE973C565E59,38209191,https://www.kugou.com/yy/rank/home/17-8888.html?from=rank
2026-08-04,2026-08-04T11:42:53+08:00,酷狗音乐,热歌榜,酷狗TOP500,2026-08-04,360,走走,李荣浩,,5:04,0BD5B6F56CED35BB3380425EC02E1098,106374641,https://www.kugou.com/yy/rank/home/17-8888.html?from=rank
2026-08-04,2026-08-04T11:42:53+08:00,酷狗音乐,热歌榜,酷狗TOP500,2026-08-04,361,手写的从前,周杰伦,,4:58,C1992BBF6FB5BB2BB86DECF657509FD3,962593,https://www.kugou.com/yy/rank/home/17-8888.html?from=rank
2026-08-04,2026-08-04T11:42:53+08:00,酷狗音乐,热歌榜,酷狗TOP500,2026-08-04,362,雨蝶,李翊君,,3:51,C83424ACF417185057E278554B91D4C0,7549108,https://www.kugou.com/yy/rank/home/17-8888.html?from=rank
2026-08-04,2026-08-04T11:42:53+08:00,酷狗音乐,热歌榜,酷狗TOP500,2026-08-04,363,我听人说思念像风一样 (你看 起风了),KAI,,3:32,AE8B438E919935F2C81D91978E302CA7,200170880,https://www.kugou.com/yy/rank/home/17-8888.html?from=rank
2026-08-04,2026-08-04T11:42:53+08:00,酷狗音乐,热歌榜,酷狗TOP500,2026-08-04,364,西乌旗99号公路,LunaLiu刘不语、张川海,,3:29,F65BB0D87F5543387A50AEEBF55A1E8A,185310075,https://www.kugou.com/yy/rank/home/17-8888.html?from=rank
2026-08-04,2026-08-04T11:42:53+08:00,酷狗音乐,热歌榜,酷狗TOP500,2026-08-04,365,玉芬啊玉芬你让彪哥好伤心,老韩很哇塞,,3:00,AFF2135F30F90B6768AF3320505559CF,177493243,https://www.kugou.com/yy/rank/home/17-8888.html?from=rank
2026-08-04,2026-08-04T11:42:53+08:00,酷狗音乐,热歌榜,酷狗TOP500,2026-08-04,366,天际,洋澜一,,5:46,DEAE9D1FC61F4810A0C15AA9CFD83722,76611526,https://www.kugou.com/yy/rank/home/17-8888.html?from=rank
2026-08-04,2026-08-04T11:42:53+08:00,酷狗音乐,热歌榜,酷狗TOP500,2026-08-04,367,可能,程响,,3:37,38B234C1135A5E9A4C98D55C058A4894,57727291,https://www.kugou.com/yy/rank/home/17-8888.html?from=rank
2026-08-04,2026-08-04T11:42:53+08:00,酷狗音乐,热歌榜,酷狗TOP500,2026-08-04,368,你要的全拿走,胡彦斌,,4:59,489E4872BD06E51C969AE81748E78A10,8317330,https://www.kugou.com/yy/rank/home/17-8888.html?from=rank
2026-08-04,2026-08-04T11:42:53+08:00,酷狗音乐,热歌榜,酷狗TOP500,2026-08-04,369,孤雏,AGA,,4:53,8BB44BFFC9A9CFC06706D37DA52B617B,1821989,https://www.kugou.com/yy/rank/home/17-8888.html?from=rank
2026-08-04,2026-08-04T11:42:53+08:00,酷狗音乐,热歌榜,酷狗TOP500,2026-08-04,370,我落泪情绪零碎,周杰伦,,4:18,27943EB1CBD46F7BB165B054CE6EBDC8,958812,https://www.kugou.com/yy/rank/home/17-8888.html?from=rank
2026-08-04,2026-08-04T11:42:53+08:00,酷狗音乐,热歌榜,酷狗TOP500,2026-08-04,371,少一点天份,孙盛希,,4:35,FFD1F05E5D06A1DDFAEDFE6A3379A271,566029,https://www.kugou.com/yy/rank/home/17-8888.html?from=rank
2026-08-04,2026-08-04T11:42:53+08:00,酷狗音乐,热歌榜,酷狗TOP500,2026-08-04,372,月亮照山川,窝窝,,3:18,B96C803232E044E3D6308EAE37ADDE1D,142338715,https://www.kugou.com/yy/rank/home/17-8888.html?from=rank
2026-08-04,2026-08-04T11:42:53+08:00,酷狗音乐,热歌榜,酷狗TOP500,2026-08-04,373,他不懂,张杰,,3:52,BA40D69184A05D7BCD335028C5C613BE,38606351,https://www.kugou.com/yy/rank/home/17-8888.html?from=rank
2026-08-04,2026-08-04T11:42:53+08:00,酷狗音乐,热歌榜,酷狗TOP500,2026-08-04,374,大眠,王心凌,,4:00,A7FABF26BF07963E8BFB7705DBB503FC,13487578,https://www.kugou.com/yy/rank/home/17-8888.html?from=rank
2026-08-04,2026-08-04T11:42:53+08:00,酷狗音乐,热歌榜,酷狗TOP500,2026-08-04,375,反方向的钟,周杰伦,,4:18,A6049AAB184A305CAA906C6BBB8E8233,978031,https://www.kugou.com/yy/rank/home/18-8888.html?from=rank
2026-08-04,2026-08-04T11:42:53+08:00,酷狗音乐,热歌榜,酷狗TOP500,2026-08-04,376,西楼儿女,海来阿木,,4:18,84DA47460010F3D91E203F777233DAA4,62931439,https://www.kugou.com/yy/rank/home/18-8888.html?from=rank
2026-08-04,2026-08-04T11:42:53+08:00,酷狗音乐,热歌榜,酷狗TOP500,2026-08-04,377,手放开,李圣杰,,4:25,022583751858F1E3558F32EC4ECF7DD5,959847,https://www.kugou.com/yy/rank/home/18-8888.html?from=rank
2026-08-04,2026-08-04T11:42:53+08:00,酷狗音乐,热歌榜,酷狗TOP500,2026-08-04,378,爱在西元前,周杰伦,,3:54,66B756FB1331807B032EF97F7BA9948E,958706,https://www.kugou.com/yy/rank/home/18-8888.html?from=rank
2026-08-04,2026-08-04T11:42:53+08:00,酷狗音乐,热歌榜,酷狗TOP500,2026-08-04,379,意外,薛之谦,,4:52,04E0EDE41EA3CCFF76C04F414E1D03A7,960327,https://www.kugou.com/yy/rank/home/18-8888.html?from=rank
2026-08-04,2026-08-04T11:42:53+08:00,酷狗音乐,热歌榜,酷狗TOP500,2026-08-04,380,一直下,陈宇祥,,2:59,90D1389A725B29EDA4714BACB6450C94,198016246,https://www.kugou.com/yy/rank/home/18-8888.html?from=rank
2026-08-04,2026-08-04T11:42:53+08:00,酷狗音乐,热歌榜,酷狗TOP500,2026-08-04,381,匿名的好友,杨丞琳,,4:23,F9CE6B13B4C90B01B3C129FF11B11C87,2694607,https://www.kugou.com/yy/rank/home/18-8888.html?from=rank
2026-08-04,2026-08-04T11:42:53+08:00,酷狗音乐,热歌榜,酷狗TOP500,2026-08-04,382,Take Me to Your Heart,Michael Learns To Rock,,3:59,97ED0BF75D3D6EEB97A326073F503AC8,561642,https://www.kugou.com/yy/rank/home/18-8888.html?from=rank
2026-08-04,2026-08-04T11:42:53+08:00,酷狗音乐,热歌榜,酷狗TOP500,2026-08-04,383,怎么说我不爱你,萧敬腾,,4:35,30A31A94C77268C92886E00D912AC03B,958893,https://www.kugou.com/yy/rank/home/18-8888.html?from=rank
2026-08-04,2026-08-04T11:42:53+08:00,酷狗音乐,热歌榜,酷狗TOP500,2026-08-04,384,单身情歌,林志炫,,4:35,ACD27A452FE3D0348D38540762DA7BEB,971171,https://www.kugou.com/yy/rank/home/18-8888.html?from=rank
2026-08-04,2026-08-04T11:42:53+08:00,酷狗音乐,热歌榜,酷狗TOP500,2026-08-04,385,小美满,周深,,3:34,04A21DB1AB3C8E0D1D8F51F11BDB03A1,83112420,https://www.kugou.com/yy/rank/home/18-8888.html?from=rank
2026-08-04,2026-08-04T11:42:53+08:00,酷狗音乐,热歌榜,酷狗TOP500,2026-08-04,386,当爱在靠近,刘若英,,4:11,D988B9B4B769D979279D4AC9E84907F1,978209,https://www.kugou.com/yy/rank/home/18-8888.html?from=rank
2026-08-04,2026-08-04T11:42:53+08:00,酷狗音乐,热歌榜,酷狗TOP500,2026-08-04,387,不分手的恋爱,汪苏泷,,3:26,543A6E13C527E52886E51BBF14191C8F,37376237,https://www.kugou.com/yy/rank/home/18-8888.html?from=rank
2026-08-04,2026-08-04T11:42:53+08:00,酷狗音乐,热歌榜,酷狗TOP500,2026-08-04,388,阿衣莫,阿吉太组合,,5:14,000B4DC2694B23AD4258EE551A00C599,4138802,https://www.kugou.com/yy/rank/home/18-8888.html?from=rank
2026-08-04,2026-08-04T11:42:53+08:00,酷狗音乐,热歌榜,酷狗TOP500,2026-08-04,389,到时说爱我,茜拉 (Shila Amzah),,3:22,06085E4FDF0789E8C53561ADA39EDB79,58314622,https://www.kugou.com/yy/rank/home/18-8888.html?from=rank
2026-08-04,2026-08-04T11:42:53+08:00,酷狗音乐,热歌榜,酷狗TOP500,2026-08-04,390,求佛,誓言,,4:46,7B7140B23A836DC6EE63B6CD48482402,7614,https://www.kugou.com/yy/rank/home/18-8888.html?from=rank
2026-08-04,2026-08-04T11:42:53+08:00,酷狗音乐,热歌榜,酷狗TOP500,2026-08-04,391,爱你没差,周杰伦,,4:41,66F31869BBAA767A929F35EEE1CCC5C9,982051,https://www.kugou.com/yy/rank/home/18-8888.html?from=rank
2026-08-04,2026-08-04T11:42:53+08:00,酷狗音乐,热歌榜,酷狗TOP500,2026-08-04,392,再见,张震岳,,3:31,BF7E5BC14D95F2F4DD6932097168D3FF,1746826,https://www.kugou.com/yy/rank/home/18-8888.html?from=rank
2026-08-04,2026-08-04T11:42:53+08:00,酷狗音乐,热歌榜,酷狗TOP500,2026-08-04,393,The Cure,Lady Gaga,,3:31,3EF072E796A8CF441C83BC751BCB5C38,1994338,https://www.kugou.com/yy/rank/home/18-8888.html?from=rank
2026-08-04,2026-08-04T11:42:53+08:00,酷狗音乐,热歌榜,酷狗TOP500,2026-08-04,394,愿与愁,林俊杰,,3:52,4A2A7260442B0A5D5F17295F1DD7241B,71681690,https://www.kugou.com/yy/rank/home/18-8888.html?from=rank
2026-08-04,2026-08-04T11:42:53+08:00,酷狗音乐,热歌榜,酷狗TOP500,2026-08-04,395,只若初见,张德伊玲,,3:24,0AC57BC59B96F7BF216744F93617FC8B,58285492,https://www.kugou.com/yy/rank/home/18-8888.html?from=rank
2026-08-04,2026-08-04T11:42:53+08:00,酷狗音乐,热歌榜,酷狗TOP500,2026-08-04,396,晚风心里吹,阿梨粤,,3:07,DFFB8F6768AC5044881BB6DD11BDED53,55808898,https://www.kugou.com/yy/rank/home/18-8888.html?from=rank
2026-08-04,2026-08-04T11:42:53+08:00,酷狗音乐,热歌榜,酷狗TOP500,2026-08-04,397,不甘 (烟嗓微醺版),涂一乐,,3:14,CEE987401D7D2B66C266A7CABC347B94,200143319,https://www.kugou.com/yy/rank/home/19-8888.html?from=rank
2026-08-04,2026-08-04T11:42:53+08:00,酷狗音乐,热歌榜,酷狗TOP500,2026-08-04,398,That Girl,Olly Murs,,2:57,B32C3C7FA2452E7338BFC6F2283FE8ED,1820815,https://www.kugou.com/yy/rank/home/19-8888.html?from=rank
2026-08-04,2026-08-04T11:42:53+08:00,酷狗音乐,热歌榜,酷狗TOP500,2026-08-04,399,容易受伤的女人,王菲,,4:21,C4BDD79D611789B65B368283D4DDAB0F,980244,https://www.kugou.com/yy/rank/home/19-8888.html?from=rank
2026-08-04,2026-08-04T11:42:53+08:00,酷狗音乐,热歌榜,酷狗TOP500,2026-08-04,400,遇上你是我的缘,央金兰泽,,3:27,5F84C75779CC014F3DC67FBCE90C651E,168286349,https://www.kugou.com/yy/rank/home/19-8888.html?from=rank
2026-08-04,2026-08-04T11:42:53+08:00,酷狗音乐,热歌榜,酷狗TOP500,2026-08-04,401,有点甜,汪苏泷、BY2,,3:55,99CFDC717FEB7DABCD8A6392D821FC08,516425,https://www.kugou.com/yy/rank/home/19-8888.html?from=rank
2026-08-04,2026-08-04T11:42:53+08:00,酷狗音乐,热歌榜,酷狗TOP500,2026-08-04,402,我太笨,锤娜丽莎,,4:25,A5D4F40382C0DF1A95A48A617793F03E,46432417,https://www.kugou.com/yy/rank/home/19-8888.html?from=rank
2026-08-04,2026-08-04T11:42:53+08:00,酷狗音乐,热歌榜,酷狗TOP500,2026-08-04,403,연애의 조건 (恋爱的条件),BESTie,,3:12,FBE0D895B585AFAD693FE42529311608,959733,https://www.kugou.com/yy/rank/home/19-8888.html?from=rank
2026-08-04,2026-08-04T11:42:53+08:00,酷狗音乐,热歌榜,酷狗TOP500,2026-08-04,404,修炼爱情,林俊杰,,4:47,8748C12719DCA9F588B1118AC05F6BF8,972188,https://www.kugou.com/yy/rank/home/19-8888.html?from=rank
2026-08-04,2026-08-04T11:42:53+08:00,酷狗音乐,热歌榜,酷狗TOP500,2026-08-04,405,如果爱忘了 (Live),汪苏泷、单依纯,,4:05,50F260DC0A2E7203A1AB89E1937F3927,83718089,https://www.kugou.com/yy/rank/home/19-8888.html?from=rank
2026-08-04,2026-08-04T11:42:53+08:00,酷狗音乐,热歌榜,酷狗TOP500,2026-08-04,406,这个年纪,齐一,,4:45,B44AD73957D993731BC125BF0A1EFFF5,2657166,https://www.kugou.com/yy/rank/home/19-8888.html?from=rank
2026-08-04,2026-08-04T11:42:53+08:00,酷狗音乐,热歌榜,酷狗TOP500,2026-08-04,407,爱情的苦楚,正云,,3:28,8FF5C37CFD5808FEFE0D686267D3B295,201063544,https://www.kugou.com/yy/rank/home/19-8888.html?from=rank
2026-08-04,2026-08-04T11:42:53+08:00,酷狗音乐,热歌榜,酷狗TOP500,2026-08-04,408,天下,张杰,,3:42,17B11C65674378CA43995537331E1D9C,38606351,https://www.kugou.com/yy/rank/home/19-8888.html?from=rank
2026-08-04,2026-08-04T11:42:53+08:00,酷狗音乐,热歌榜,酷狗TOP500,2026-08-04,409,嘉宾,张远,,5:34,96D0DEFE09DFE43C57EE9AC3B1EA408E,39699796,https://www.kugou.com/yy/rank/home/19-8888.html?from=rank
2026-08-04,2026-08-04T11:42:53+08:00,酷狗音乐,热歌榜,酷狗TOP500,2026-08-04,410,读心术,卓文萱,,4:20,3F98A771F8F33556966A9990F66D95C4,965920,https://www.kugou.com/yy/rank/home/19-8888.html?from=rank
2026-08-04,2026-08-04T11:42:53+08:00,酷狗音乐,热歌榜,酷狗TOP500,2026-08-04,411,鲜花,回春丹乐队,,5:41,7AB95100C11973D7A29B0F4AA61AB5EC,78809386,https://www.kugou.com/yy/rank/home/19-8888.html?from=rank
2026-08-04,2026-08-04T11:42:53+08:00,酷狗音乐,热歌榜,酷狗TOP500,2026-08-04,412,表白,萧亚轩,,3:29,0521A7354DF37C1C9705A3E3FD204B95,18052287,https://www.kugou.com/yy/rank/home/19-8888.html?from=rank
2026-08-04,2026-08-04T11:42:53+08:00,酷狗音乐,热歌榜,酷狗TOP500,2026-08-04,413,不负,迟木,,2:34,75CCC65F3CBFD5A54EF6FEE8703A793D,201404157,https://www.kugou.com/yy/rank/home/19-8888.html?from=rank
2026-08-04,2026-08-04T11:42:53+08:00,酷狗音乐,热歌榜,酷狗TOP500,2026-08-04,414,你有没有真的爱过我 (对唱版),阿图表妹、寂寞阿图,,4:03,3C425FC4496E67468562CA377D7F2B23,190170015,https://www.kugou.com/yy/rank/home/19-8888.html?from=rank
2026-08-04,2026-08-04T11:42:53+08:00,酷狗音乐,热歌榜,酷狗TOP500,2026-08-04,415,逆流成河,金南玲,,2:05,F12381673024C26DF3CC2589AA52987F,976591,https://www.kugou.com/yy/rank/home/19-8888.html?from=rank
2026-08-04,2026-08-04T11:42:53+08:00,酷狗音乐,热歌榜,酷狗TOP500,2026-08-04,416,情罪,陈瑞,,4:45,9642484D6F37650295B370CD52553DC5,80617215,https://www.kugou.com/yy/rank/home/19-8888.html?from=rank
2026-08-04,2026-08-04T11:42:53+08:00,酷狗音乐,热歌榜,酷狗TOP500,2026-08-04,417,壁上观 (边水版),七元,,3:34,5F0B062803F1D48C8C6DA26B2844DF46,103326092,https://www.kugou.com/yy/rank/home/19-8888.html?from=rank
2026-08-04,2026-08-04T11:42:53+08:00,酷狗音乐,热歌榜,酷狗TOP500,2026-08-04,418,悬溺,葛东琪,,3:17,666484E904A54B1E62C9FBFDBE6E2563,23773597,https://www.kugou.com/yy/rank/home/19-8888.html?from=rank
2026-08-04,2026-08-04T11:42:53+08:00,酷狗音乐,热歌榜,酷狗TOP500,2026-08-04,419,一生所爱,卢冠廷、莫文蔚,,4:34,C965B31DB9B5F4E4DB94DC071830C78F,3995801,https://www.kugou.com/yy/rank/home/20-8888.html?from=rank
2026-08-04,2026-08-04T11:42:53+08:00,酷狗音乐,热歌榜,酷狗TOP500,2026-08-04,420,"Baby, Don't Cry (人鱼的眼泪)(Chinese Ver.)",EXO,,3:56,B692ED61ED4DDE69C50EB8B975D4E04D,22436133,https://www.kugou.com/yy/rank/home/20-8888.html?from=rank
2026-08-04,2026-08-04T11:42:53+08:00,酷狗音乐,热歌榜,酷狗TOP500,2026-08-04,421,我曾,菜园子不CAi,,3:09,F446EE01D14CC4395D0BBC3832088A1D,199368733,https://www.kugou.com/yy/rank/home/20-8888.html?from=rank
2026-08-04,2026-08-04T11:42:53+08:00,酷狗音乐,热歌榜,酷狗TOP500,2026-08-04,422,一程山路,毛不易,,3:36,F4B3D7DFFA85DAE7737243598153A168,34631159,https://www.kugou.com/yy/rank/home/20-8888.html?from=rank
2026-08-04,2026-08-04T11:42:53+08:00,酷狗音乐,热歌榜,酷狗TOP500,2026-08-04,423,我的秘密 (G.E.M.重生版),G.E.M. 邓紫棋,,4:10,427CD3B1785609EE485CA3BCD6608FFE,150256944,https://www.kugou.com/yy/rank/home/20-8888.html?from=rank
2026-08-04,2026-08-04T11:42:53+08:00,酷狗音乐,热歌榜,酷狗TOP500,2026-08-04,424,美丽心情,刘惜君,,4:13,CD2D71E38BF94B31CC89E1C83BE8C255,8624759,https://www.kugou.com/yy/rank/home/20-8888.html?from=rank
2026-08-04,2026-08-04T11:42:53+08:00,酷狗音乐,热歌榜,酷狗TOP500,2026-08-04,425,明天，你好,牛奶咖啡,,4:32,A9527F71F7149F13E1F78B23C25DD30B,967562,https://www.kugou.com/yy/rank/home/20-8888.html?from=rank
2026-08-04,2026-08-04T11:42:53+08:00,酷狗音乐,热歌榜,酷狗TOP500,2026-08-04,426,暖一杯茶,邵帅,,4:03,26A9B8C6480C22BC4342F22CB897E760,23061596,https://www.kugou.com/yy/rank/home/20-8888.html?from=rank
2026-08-04,2026-08-04T11:42:53+08:00,酷狗音乐,热歌榜,酷狗TOP500,2026-08-04,427,别怕我伤心,张信哲,,4:47,976677A739F25908591FA822CB1F1DF3,538030,https://www.kugou.com/yy/rank/home/20-8888.html?from=rank
2026-08-04,2026-08-04T11:42:53+08:00,酷狗音乐,热歌榜,酷狗TOP500,2026-08-04,428,寂寞沙洲冷,周传雄,,4:35,36A4F5EAA748324A5D509D8EDC47699F,984377,https://www.kugou.com/yy/rank/home/20-8888.html?from=rank
2026-08-04,2026-08-04T11:42:53+08:00,酷狗音乐,热歌榜,酷狗TOP500,2026-08-04,429,时差 (On call),鹿晗,,3:20,337B7DFC3EA7954785D50D4C3948F64D,1993188,https://www.kugou.com/yy/rank/home/20-8888.html?from=rank
2026-08-04,2026-08-04T11:42:53+08:00,酷狗音乐,热歌榜,酷狗TOP500,2026-08-04,430,见山河,刘宇宁,,4:14,080BD4AB6E6F09A5DDD715863D0DEFC3,200755323,https://www.kugou.com/yy/rank/home/20-8888.html?from=rank
2026-08-04,2026-08-04T11:42:53+08:00,酷狗音乐,热歌榜,酷狗TOP500,2026-08-04,431,天若有情,A-Lin,,4:17,2E6CE4E79982AE2119A69C1D30537EA2,1805426,https://www.kugou.com/yy/rank/home/20-8888.html?from=rank
2026-08-04,2026-08-04T11:42:53+08:00,酷狗音乐,热歌榜,酷狗TOP500,2026-08-04,432,如果这就是爱情,张靓颖,,4:43,4E871DF1E2034CF6BAAD7B03D2386058,2597425,https://www.kugou.com/yy/rank/home/20-8888.html?from=rank
2026-08-04,2026-08-04T11:42:53+08:00,酷狗音乐,热歌榜,酷狗TOP500,2026-08-04,433,初恋情人,刘小慧,,4:40,24BD04781E52FE8E7FAB2A6452D85320,532546,https://www.kugou.com/yy/rank/home/20-8888.html?from=rank
2026-08-04,2026-08-04T11:42:53+08:00,酷狗音乐,热歌榜,酷狗TOP500,2026-08-04,434,可惜春风不懂我伤悲,田园,,3:26,FA6A0CE74A6E7770E581078EF38B9278,195387503,https://www.kugou.com/yy/rank/home/20-8888.html?from=rank
2026-08-04,2026-08-04T11:42:53+08:00,酷狗音乐,热歌榜,酷狗TOP500,2026-08-04,435,玫瑰花的葬礼,许嵩,,4:21,0A335E9374392B72E5965D8F6165E564,1968878,https://www.kugou.com/yy/rank/home/20-8888.html?from=rank
2026-08-04,2026-08-04T11:42:53+08:00,酷狗音乐,热歌榜,酷狗TOP500,2026-08-04,436,我想念,汪苏泷,,3:45,A6545AABFE93C5495BA8ADB2A555B84F,76163380,https://www.kugou.com/yy/rank/home/20-8888.html?from=rank
2026-08-04,2026-08-04T11:42:53+08:00,酷狗音乐,热歌榜,酷狗TOP500,2026-08-04,437,离别开出花 (弹唱版),就是南方凯,,2:52,67911051D7E5B9B3343847D73BF883F5,81781305,https://www.kugou.com/yy/rank/home/20-8888.html?from=rank
2026-08-04,2026-08-04T11:42:53+08:00,酷狗音乐,热歌榜,酷狗TOP500,2026-08-04,438,一生中最爱,谭咏麟,,4:19,360AD5530A95B8983E2AB369607A7D1B,960008,https://www.kugou.com/yy/rank/home/20-8888.html?from=rank
2026-08-04,2026-08-04T11:42:53+08:00,酷狗音乐,热歌榜,酷狗TOP500,2026-08-04,439,差一步,大壮,,4:06,08C2E4AF2BDDB11D36E2B04A51DA30CE,6194568,https://www.kugou.com/yy/rank/home/20-8888.html?from=rank
2026-08-04,2026-08-04T11:42:53+08:00,酷狗音乐,热歌榜,酷狗TOP500,2026-08-04,440,不如见一面2026,海来阿木,,3:57,4866C4CEB901B773ABD6276802E393C9,181816199,https://www.kugou.com/yy/rank/home/20-8888.html?from=rank
2026-08-04,2026-08-04T11:42:53+08:00,酷狗音乐,热歌榜,酷狗TOP500,2026-08-04,441,多年不见你过的好吗,洛琦,,4:04,4CF3A1195E88BE2CB246A3C3D2B2504B,198871271,https://www.kugou.com/yy/rank/home/21-8888.html?from=rank
2026-08-04,2026-08-04T11:42:53+08:00,酷狗音乐,热歌榜,酷狗TOP500,2026-08-04,442,包容,郑源,,4:23,34000A6CA0043801440E74059F4759EF,967724,https://www.kugou.com/yy/rank/home/21-8888.html?from=rank
2026-08-04,2026-08-04T11:42:53+08:00,酷狗音乐,热歌榜,酷狗TOP500,2026-08-04,443,我曾像傻子一样爱你,烟嗓船长,,4:12,5942618D3ADC210460F2C4F6CA658609,181561429,https://www.kugou.com/yy/rank/home/21-8888.html?from=rank
2026-08-04,2026-08-04T11:42:53+08:00,酷狗音乐,热歌榜,酷狗TOP500,2026-08-04,444,深深浅浅悟人生,河南三妹5233,,3:18,37FAF97AA6053FE917A8A3647E1580A8,200832705,https://www.kugou.com/yy/rank/home/21-8888.html?from=rank
2026-08-04,2026-08-04T11:42:53+08:00,酷狗音乐,热歌榜,酷狗TOP500,2026-08-04,445,沈园外,阿YueYue、戾格、小田音乐社,,3:43,9B46F3774EEC55D47508E93A468FF5FC,40796517,https://www.kugou.com/yy/rank/home/21-8888.html?from=rank
2026-08-04,2026-08-04T11:42:53+08:00,酷狗音乐,热歌榜,酷狗TOP500,2026-08-04,446,我借 (御姐版),铁锤夫妇,,4:07,EC2F26754FED82D125388E7B27D536AA,197901242,https://www.kugou.com/yy/rank/home/21-8888.html?from=rank
2026-08-04,2026-08-04T11:42:53+08:00,酷狗音乐,热歌榜,酷狗TOP500,2026-08-04,447,相思,毛阿敏,,3:02,FE1F0058EAC6B344D03DB2D0D4315EA1,967188,https://www.kugou.com/yy/rank/home/21-8888.html?from=rank
2026-08-04,2026-08-04T11:42:53+08:00,酷狗音乐,热歌榜,酷狗TOP500,2026-08-04,448,一点一滴 (Live),张信哲、黄子弘凡,,4:07,1FAAA3C499715D419AA45EB0AD2CA2FB,201660223,https://www.kugou.com/yy/rank/home/21-8888.html?from=rank
2026-08-04,2026-08-04T11:42:53+08:00,酷狗音乐,热歌榜,酷狗TOP500,2026-08-04,449,I Love You So,The Walters,,2:40,268A58AA8B646B725126E77194C0AF0D,15109280,https://www.kugou.com/yy/rank/home/21-8888.html?from=rank
2026-08-04,2026-08-04T11:42:53+08:00,酷狗音乐,热歌榜,酷狗TOP500,2026-08-04,450,人间,王菲,,4:45,AEC30C06392150FB0F3A8FAC4C57E784,20142,https://www.kugou.com/yy/rank/home/21-8888.html?from=rank
2026-08-04,2026-08-04T11:42:53+08:00,酷狗音乐,热歌榜,酷狗TOP500,2026-08-04,451,传奇,王菲,,4:56,A72FE2B2521CE45FD632AC3E559F6691,959238,https://www.kugou.com/yy/rank/home/21-8888.html?from=rank
2026-08-04,2026-08-04T11:42:53+08:00,酷狗音乐,热歌榜,酷狗TOP500,2026-08-04,452,第一次,光良,,4:23,2C202C0CE252384AD5022CC3A99B697A,930386,https://www.kugou.com/yy/rank/home/21-8888.html?from=rank
2026-08-04,2026-08-04T11:42:53+08:00,酷狗音乐,热歌榜,酷狗TOP500,2026-08-04,453,一个人想着一个人 (说唱版),艾比利,,3:09,A4C9C11B5C6CD698FBA54D0AB3FE71CA,102363749,https://www.kugou.com/yy/rank/home/21-8888.html?from=rank
2026-08-04,2026-08-04T11:42:53+08:00,酷狗音乐,热歌榜,酷狗TOP500,2026-08-04,454,这世界那么多人,莫文蔚,,4:46,8217FD6FE2973658781FB08DA4F8C4D6,44349469,https://www.kugou.com/yy/rank/home/21-8888.html?from=rank
2026-08-04,2026-08-04T11:42:53+08:00,酷狗音乐,热歌榜,酷狗TOP500,2026-08-04,455,痴心绝对,李圣杰,,4:22,2B7176CC7B1E7F5A136A5A1E1AACD365,966511,https://www.kugou.com/yy/rank/home/21-8888.html?from=rank
2026-08-04,2026-08-04T11:42:53+08:00,酷狗音乐,热歌榜,酷狗TOP500,2026-08-04,456,大城小爱,王力宏,,3:45,3EAF74E9E5065C03B050F356F0567311,2820176,https://www.kugou.com/yy/rank/home/21-8888.html?from=rank
2026-08-04,2026-08-04T11:42:53+08:00,酷狗音乐,热歌榜,酷狗TOP500,2026-08-04,457,还是分开,张叶蕾,,3:49,A9B126E712C82BAB3CCCA272BE4B84E4,51924399,https://www.kugou.com/yy/rank/home/21-8888.html?from=rank
2026-08-04,2026-08-04T11:42:53+08:00,酷狗音乐,热歌榜,酷狗TOP500,2026-08-04,458,下雨天,南拳妈妈,,4:13,947127F991A6A4FF77C89779E6B25AF4,983794,https://www.kugou.com/yy/rank/home/21-8888.html?from=rank
2026-08-04,2026-08-04T11:42:53+08:00,酷狗音乐,热歌榜,酷狗TOP500,2026-08-04,459,谁,洋澜一,,3:40,445C54E59AB287FCF15D68FAF92CD9B7,89608819,https://www.kugou.com/yy/rank/home/21-8888.html?from=rank
2026-08-04,2026-08-04T11:42:53+08:00,酷狗音乐,热歌榜,酷狗TOP500,2026-08-04,460,侧脸,于果,,3:38,6E0D71237817092E2F5EB8E1B3623781,8334245,https://www.kugou.com/yy/rank/home/21-8888.html?from=rank
2026-08-04,2026-08-04T11:42:53+08:00,酷狗音乐,热歌榜,酷狗TOP500,2026-08-04,461,一路生花,温奕心,,4:16,4F18553F2AF06E355AD75A5EE6173456,45305792,https://www.kugou.com/yy/rank/home/21-8888.html?from=rank
2026-08-04,2026-08-04T11:42:53+08:00,酷狗音乐,热歌榜,酷狗TOP500,2026-08-04,462,叹云兮,鞠婧祎,,4:43,DB94CC1C55558D7ED4B0E402A2DF065D,8700851,https://www.kugou.com/yy/rank/home/21-8888.html?from=rank
2026-08-04,2026-08-04T11:42:53+08:00,酷狗音乐,热歌榜,酷狗TOP500,2026-08-04,463,Dear John,比莉,,5:11,71951213A1C3C313DEEB017D3C9E77CC,2528933,https://www.kugou.com/yy/rank/home/22-8888.html?from=rank
2026-08-04,2026-08-04T11:42:53+08:00,酷狗音乐,热歌榜,酷狗TOP500,2026-08-04,464,主角,王菲,,5:00,5AC9B20840021F9BE51D76C3067BCC26,189702143,https://www.kugou.com/yy/rank/home/22-8888.html?from=rank
2026-08-04,2026-08-04T11:42:53+08:00,酷狗音乐,热歌榜,酷狗TOP500,2026-08-04,465,莫问归期,蒋雪儿Snow.J,,3:39,F0E418FB19E8D295D0F78E50AE3B7E30,27453193,https://www.kugou.com/yy/rank/home/22-8888.html?from=rank
2026-08-04,2026-08-04T11:42:53+08:00,酷狗音乐,热歌榜,酷狗TOP500,2026-08-04,466,沪上龙王,郭有才,,3:24,5BC72AAD6BD63DA97B5525B6FC061B50,198875748,https://www.kugou.com/yy/rank/home/22-8888.html?from=rank
2026-08-04,2026-08-04T11:42:53+08:00,酷狗音乐,热歌榜,酷狗TOP500,2026-08-04,467,春泥,余超颖,,4:01,24E58A122DCBE890FBC87A275244BF22,55863407,https://www.kugou.com/yy/rank/home/22-8888.html?from=rank
2026-08-04,2026-08-04T11:42:53+08:00,酷狗音乐,热歌榜,酷狗TOP500,2026-08-04,468,突然想起你,萧亚轩,,3:54,7D31D9DC20F5A50B3D660C1A54434E1E,980330,https://www.kugou.com/yy/rank/home/22-8888.html?from=rank
2026-08-04,2026-08-04T11:42:53+08:00,酷狗音乐,热歌榜,酷狗TOP500,2026-08-04,469,单车,陈奕迅,,3:31,3FA554270A2AE0FE64AAACDDDBD8D0B7,504206,https://www.kugou.com/yy/rank/home/22-8888.html?from=rank
2026-08-04,2026-08-04T11:42:53+08:00,酷狗音乐,热歌榜,酷狗TOP500,2026-08-04,470,No More Tomorrow,严浩翔,,3:45,FF7513517F0F11A1CAAE07BA37CDFDBA,201671723,https://www.kugou.com/yy/rank/home/22-8888.html?from=rank
2026-08-04,2026-08-04T11:42:53+08:00,酷狗音乐,热歌榜,酷狗TOP500,2026-08-04,471,飞行少年团 (空军招飞主题歌曲),易烊千玺,,3:13,EDB3369E9819016A805560E36560E953,201335014,https://www.kugou.com/yy/rank/home/22-8888.html?from=rank
2026-08-04,2026-08-04T11:42:53+08:00,酷狗音乐,热歌榜,酷狗TOP500,2026-08-04,472,再见,G.E.M. 邓紫棋,,3:26,DB01B91EB3279E0F6B064706441087D2,555825,https://www.kugou.com/yy/rank/home/22-8888.html?from=rank
2026-08-04,2026-08-04T11:42:53+08:00,酷狗音乐,热歌榜,酷狗TOP500,2026-08-04,473,不得不爱,潘玮柏、弦子,,4:41,8F9E3FD474EA612C61EB20D1415767BF,972809,https://www.kugou.com/yy/rank/home/22-8888.html?from=rank
2026-08-04,2026-08-04T11:42:53+08:00,酷狗音乐,热歌榜,酷狗TOP500,2026-08-04,474,咏春,七朵组合,,4:31,9C54B0CCA0581987E92560F11413E88F,8344834,https://www.kugou.com/yy/rank/home/22-8888.html?from=rank
2026-08-04,2026-08-04T11:42:53+08:00,酷狗音乐,热歌榜,酷狗TOP500,2026-08-04,475,戒不掉,欧阳耀莹,,3:07,C53849004337DD113C795E8EC1E9BE29,9265598,https://www.kugou.com/yy/rank/home/22-8888.html?from=rank
2026-08-04,2026-08-04T11:42:53+08:00,酷狗音乐,热歌榜,酷狗TOP500,2026-08-04,476,三国恋,Tank,,4:06,1325E661C6044048943A8D7D417ED280,966742,https://www.kugou.com/yy/rank/home/22-8888.html?from=rank
2026-08-04,2026-08-04T11:42:53+08:00,酷狗音乐,热歌榜,酷狗TOP500,2026-08-04,477,美丽的神话,孙楠、韩红,,4:52,877281C8E094A848F022BCAAA76945CB,964166,https://www.kugou.com/yy/rank/home/22-8888.html?from=rank
2026-08-04,2026-08-04T11:42:53+08:00,酷狗音乐,热歌榜,酷狗TOP500,2026-08-04,478,心如止水,Ice Paper,,3:05,AB6CF665EAD04F0C07240888A4411288,19138812,https://www.kugou.com/yy/rank/home/22-8888.html?from=rank
2026-08-04,2026-08-04T11:42:53+08:00,酷狗音乐,热歌榜,酷狗TOP500,2026-08-04,479,有我呢,郭一凡,,4:35,8E21C8F3484FB56833F563754A05CB25,32452531,https://www.kugou.com/yy/rank/home/22-8888.html?from=rank
2026-08-04,2026-08-04T11:42:53+08:00,酷狗音乐,热歌榜,酷狗TOP500,2026-08-04,480,你听得到,周杰伦,,3:50,D7F42691CB6134BA8AA247F0A1DBD060,966846,https://www.kugou.com/yy/rank/home/22-8888.html?from=rank
2026-08-04,2026-08-04T11:42:53+08:00,酷狗音乐,热歌榜,酷狗TOP500,2026-08-04,481,那些年,胡夏,,6:11,95A46E232F3F0CFFDA7811B7D9C8E6C4,542864,https://www.kugou.com/yy/rank/home/22-8888.html?from=rank
2026-08-04,2026-08-04T11:42:53+08:00,酷狗音乐,热歌榜,酷狗TOP500,2026-08-04,482,有一种爱叫做放手,阿木,,4:24,8ACE2D4510E26FBDC4736055C5AE4B03,971509,https://www.kugou.com/yy/rank/home/22-8888.html?from=rank
2026-08-04,2026-08-04T11:42:53+08:00,酷狗音乐,热歌榜,酷狗TOP500,2026-08-04,483,就是爱你,陶喆,,4:24,43485D7A650AFF532E5ECF24D7FB6381,7547427,https://www.kugou.com/yy/rank/home/22-8888.html?from=rank
2026-08-04,2026-08-04T11:42:53+08:00,酷狗音乐,热歌榜,酷狗TOP500,2026-08-04,484,命运,家家,,3:51,B149A3BFD19481F91B9A652AA8EA21C1,959745,https://www.kugou.com/yy/rank/home/22-8888.html?from=rank
2026-08-04,2026-08-04T11:42:53+08:00,酷狗音乐,热歌榜,酷狗TOP500,2026-08-04,485,窝囊废,刘凤瑶、曾一鸣、张玮、李琦、派克特,,4:36,FDBDA52CDFE3B16758698D657BCECC70,198643730,https://www.kugou.com/yy/rank/home/23-8888.html?from=rank
2026-08-04,2026-08-04T11:42:53+08:00,酷狗音乐,热歌榜,酷狗TOP500,2026-08-04,486,像风一样,薛之谦,,4:15,ACC9BB4136622B3E2BA561B87FFF00D9,7818079,https://www.kugou.com/yy/rank/home/23-8888.html?from=rank
2026-08-04,2026-08-04T11:42:53+08:00,酷狗音乐,热歌榜,酷狗TOP500,2026-08-04,487,梦幻诛仙,汪苏泷,,4:05,57DD6F0DD26A3FB4FAE122D7FAA418B0,1816146,https://www.kugou.com/yy/rank/home/23-8888.html?from=rank
2026-08-04,2026-08-04T11:42:53+08:00,酷狗音乐,热歌榜,酷狗TOP500,2026-08-04,488,给我一首歌的时间,周杰伦,,4:14,237FD34BF80D05228D4A43F6CD5BEECF,960399,https://www.kugou.com/yy/rank/home/23-8888.html?from=rank
2026-08-04,2026-08-04T11:42:53+08:00,酷狗音乐,热歌榜,酷狗TOP500,2026-08-04,489,同手同脚,温岚,,4:18,1DB5F549DF57C1C9553D9BDD735C763A,2997107,https://www.kugou.com/yy/rank/home/23-8888.html?from=rank
2026-08-04,2026-08-04T11:42:53+08:00,酷狗音乐,热歌榜,酷狗TOP500,2026-08-04,490,追光者,岑宁儿,,3:56,03F818EF5B72D16F65BD6298FB99B440,2706911,https://www.kugou.com/yy/rank/home/23-8888.html?from=rank
2026-08-04,2026-08-04T11:42:53+08:00,酷狗音乐,热歌榜,酷狗TOP500,2026-08-04,491,我爱的是爱我的你,纯手动洗衣机,,3:40,E8A313D72B0624C85227D48D5D55BF6F,184901497,https://www.kugou.com/yy/rank/home/23-8888.html?from=rank
2026-08-04,2026-08-04T11:42:53+08:00,酷狗音乐,热歌榜,酷狗TOP500,2026-08-04,492,Deadman,蔡徐坤,,3:56,313EFEED9A2AD13DB6FF06CC07B49A0C,148486521,https://www.kugou.com/yy/rank/home/23-8888.html?from=rank
2026-08-04,2026-08-04T11:42:53+08:00,酷狗音乐,热歌榜,酷狗TOP500,2026-08-04,493,那天下雨了,周杰伦,,3:43,1335F720C701863F127FB14CCC9C08A2,179652761,https://www.kugou.com/yy/rank/home/23-8888.html?from=rank
2026-08-04,2026-08-04T11:42:53+08:00,酷狗音乐,热歌榜,酷狗TOP500,2026-08-04,494,不要忘记我爱你,张碧晨,,3:45,C8EBD31EB4B28B4B845119637D90C58D,17022285,https://www.kugou.com/yy/rank/home/23-8888.html?from=rank
2026-08-04,2026-08-04T11:42:53+08:00,酷狗音乐,热歌榜,酷狗TOP500,2026-08-04,495,孤独患者,陈奕迅,,4:34,72A9BB44569890399978A49D631DF310,530848,https://www.kugou.com/yy/rank/home/23-8888.html?from=rank
2026-08-04,2026-08-04T11:42:53+08:00,酷狗音乐,热歌榜,酷狗TOP500,2026-08-04,496,MOTION (feat. Juicy J),CORTIS、Juicy J,,2:37,C31AEDE0B4EA0D2644477E4AFD1CF23B,201621675,https://www.kugou.com/yy/rank/home/23-8888.html?from=rank
2026-08-04,2026-08-04T11:42:53+08:00,酷狗音乐,热歌榜,酷狗TOP500,2026-08-04,497,茫,李润祺,,3:47,7B82C70A1736D61A28849DE87AA4B812,40168846,https://www.kugou.com/yy/rank/home/23-8888.html?from=rank
2026-08-04,2026-08-04T11:42:53+08:00,酷狗音乐,热歌榜,酷狗TOP500,2026-08-04,498,十面埋伏,陈奕迅,,3:52,90B8469459CBA58A5DDEDD9350286DD8,2996227,https://www.kugou.com/yy/rank/home/23-8888.html?from=rank
2026-08-04,2026-08-04T11:42:53+08:00,酷狗音乐,热歌榜,酷狗TOP500,2026-08-04,499,尘念,桑耶,,3:16,FBE82E5DCC11A3A8AF6B8A5B74E2F2BB,190711369,https://www.kugou.com/yy/rank/home/23-8888.html?from=rank
2026-08-04,2026-08-04T11:42:53+08:00,酷狗音乐,热歌榜,酷狗TOP500,2026-08-04,500,世界赠予我的,王菲,,4:04,BE84F84C55D0D1B458158092272CC3A8,135677703,https://www.kugou.com/yy/rank/home/23-8888.html?from=rank
2026-08-04,2026-08-04T11:42:53+08:00,酷狗音乐,飙升榜,酷狗飙升榜,2026-08-04,1,别怕我伤心 (Live),张远,,4:43,985292520343A9547C51A3DE623711B9,201659441,https://www.kugou.com/yy/rank/home/1-6666.html?from=rank
2026-08-04,2026-08-04T11:42:53+08:00,酷狗音乐,飙升榜,酷狗飙升榜,2026-08-04,2,求你别离开我 (海屿你),DJ铁柱,,2:14,B6FA986008FE95388751652CE85857CC,201333403,https://www.kugou.com/yy/rank/home/1-6666.html?from=rank
2026-08-04,2026-08-04T11:42:53+08:00,酷狗音乐,飙升榜,酷狗飙升榜,2026-08-04,3,也许在下雨天 (走心对唱版),何遇Hayu、杜一、吕嘉慧,,3:48,D1FE9671D9D581E1F73B972728B3696B,201332274,https://www.kugou.com/yy/rank/home/1-6666.html?from=rank
2026-08-04,2026-08-04T11:42:53+08:00,酷狗音乐,飙升榜,酷狗飙升榜,2026-08-04,4,踏马寻花向自由 (洒脱版),好多倩,,2:59,267BCC5B7FDFFDFD32A6BD45103ABDED,201351548,https://www.kugou.com/yy/rank/home/1-6666.html?from=rank
2026-08-04,2026-08-04T11:42:53+08:00,酷狗音乐,飙升榜,酷狗飙升榜,2026-08-04,5,落日微醺 (晚风中一杯酒),落日微醺,,4:14,CB22754AB8A0F20FCC015D0A800758CE,196517740,https://www.kugou.com/yy/rank/home/1-6666.html?from=rank
2026-08-04,2026-08-04T11:42:53+08:00,酷狗音乐,飙升榜,酷狗飙升榜,2026-08-04,6,异常加载中,TF家族、TF家族-张桂源、TF家族-张函瑞、TF家族-王橹杰、TF家族-左奇函、TF家族-陈奕恒、TF家族-杨博文、TF家族-陈思罕、TF家族-陈浚铭,,2:59,4728465901F6F482FF8A3AA5EF216944,201800711,https://www.kugou.com/yy/rank/home/1-6666.html?from=rank
2026-08-04,2026-08-04T11:42:53+08:00,酷狗音乐,飙升榜,酷狗飙升榜,2026-08-04,7,不联系不等于不想念,杨友友,,3:06,A986863D5922EEAFC3ACA31A0C22EB86,201902160,https://www.kugou.com/yy/rank/home/1-6666.html?from=rank
2026-08-04,2026-08-04T11:42:53+08:00,酷狗音乐,飙升榜,酷狗飙升榜,2026-08-04,8,囚,小阿七,,3:40,E9FD25FC78CC5DB33BBB65E434032701,201648287,https://www.kugou.com/yy/rank/home/1-6666.html?from=rank
2026-08-04,2026-08-04T11:42:53+08:00,酷狗音乐,飙升榜,酷狗飙升榜,2026-08-04,9,这人生路漫漫,涵哥,,3:07,047A0D8915C2AC9AEBC9EBB09C0808BF,201648629,https://www.kugou.com/yy/rank/home/1-6666.html?from=rank
2026-08-04,2026-08-04T11:42:53+08:00,酷狗音乐,飙升榜,酷狗飙升榜,2026-08-04,10,失忆,杨树人,,3:25,CFACD34769B0163AA2C2C37D2B78E0A5,202003469,https://www.kugou.com/yy/rank/home/1-6666.html?from=rank
2026-08-04,2026-08-04T11:42:53+08:00,酷狗音乐,飙升榜,酷狗飙升榜,2026-08-04,11,甲乙丙丁,七分可可,,3:48,0B96FEEB51604A6904899D0C618F446D,197347781,https://www.kugou.com/yy/rank/home/1-6666.html?from=rank
2026-08-04,2026-08-04T11:42:53+08:00,酷狗音乐,飙升榜,酷狗飙升榜,2026-08-04,12,听说当初你找过我 (BB鼓版),贺一航,,2:52,84534D3C09D05379264B8EC54EC271D9,201443671,https://www.kugou.com/yy/rank/home/1-6666.html?from=rank
2026-08-04,2026-08-04T11:42:53+08:00,酷狗音乐,飙升榜,酷狗飙升榜,2026-08-04,13,等等等等,容祖儿,,3:14,9F53C09AD7FD9E1DA056174DD9F7D0B3,201668820,https://www.kugou.com/yy/rank/home/1-6666.html?from=rank
2026-08-04,2026-08-04T11:42:53+08:00,酷狗音乐,飙升榜,酷狗飙升榜,2026-08-04,14,誓言 (Live),窦靖童,,4:19,9378F3F79A8D9D7ED4852FA06D2444F0,201659441,https://www.kugou.com/yy/rank/home/1-6666.html?from=rank
2026-08-04,2026-08-04T11:42:53+08:00,酷狗音乐,飙升榜,酷狗飙升榜,2026-08-04,15,来我的岛,刘宇宁,,3:43,424EAB2C807878334DF890BBE262EE74,201648884,https://www.kugou.com/yy/rank/home/1-6666.html?from=rank
2026-08-04,2026-08-04T11:42:53+08:00,酷狗音乐,飙升榜,酷狗飙升榜,2026-08-04,16,来生不忘,广东吴勇,,4:16,F02F31CF9AB27E58F8E89F05414D8511,201960329,https://www.kugou.com/yy/rank/home/1-6666.html?from=rank
2026-08-04,2026-08-04T11:42:53+08:00,酷狗音乐,飙升榜,酷狗飙升榜,2026-08-04,17,时光时光请慢慢走,万海东,,3:15,08F939BD0F793E8C9BEE625F44F4EA51,201940071,https://www.kugou.com/yy/rank/home/1-6666.html?from=rank
2026-08-04,2026-08-04T11:42:53+08:00,酷狗音乐,飙升榜,酷狗飙升榜,2026-08-04,18,Be My Light,段奥娟,,4:04,C51357E65715F1BCD483AA9D87DC0848,201710311,https://www.kugou.com/yy/rank/home/1-6666.html?from=rank
2026-08-04,2026-08-04T11:42:53+08:00,酷狗音乐,飙升榜,酷狗飙升榜,2026-08-04,19,天下 (合唱版),谷明轩、悦开心,,2:28,B797425DD58AA08215D4DACF3612427E,132392523,https://www.kugou.com/yy/rank/home/1-6666.html?from=rank
2026-08-04,2026-08-04T11:42:53+08:00,酷狗音乐,飙升榜,酷狗飙升榜,2026-08-04,20,同归,曾舜晞,,4:35,898C622C91990C93E694436B5A062EC4,201244724,https://www.kugou.com/yy/rank/home/1-6666.html?from=rank
2026-08-04,2026-08-04T11:42:53+08:00,酷狗音乐,飙升榜,酷狗飙升榜,2026-08-04,21,摘心,苏潇潇,,3:49,9659CB430FE67A984AE4934E0C69E42A,201902149,https://www.kugou.com/yy/rank/home/1-6666.html?from=rank
2026-08-04,2026-08-04T11:42:53+08:00,酷狗音乐,飙升榜,酷狗飙升榜,2026-08-04,22,先斩意中人 (男版),DJ铁柱,,3:29,5A9731B9BE64E06819D4BC72A14439D3,198491436,https://www.kugou.com/yy/rank/home/1-6666.html?from=rank
2026-08-04,2026-08-04T11:42:53+08:00,酷狗音乐,飙升榜,酷狗飙升榜,2026-08-04,23,也许在下雨天 (合唱版),王一佳、林乐儿,,3:47,BB2AC1B167BFB2BDAE364B6707285354,200745941,https://www.kugou.com/yy/rank/home/2-6666.html?from=rank
2026-08-04,2026-08-04T11:42:53+08:00,酷狗音乐,飙升榜,酷狗飙升榜,2026-08-04,24,让花是花 让树是树 (顺其自然)(架子鼓版),国产阿发,,2:02,2F22CC5F24A8059D5C88278ABEF12AAD,196400635,https://www.kugou.com/yy/rank/home/2-6666.html?from=rank
2026-08-04,2026-08-04T11:42:53+08:00,酷狗音乐,飙升榜,酷狗飙升榜,2026-08-04,25,樱花树下的约定 (情伤难画),张家旺,,3:06,89496C08EB5F9040E021B0085553340B,201945697,https://www.kugou.com/yy/rank/home/2-6666.html?from=rank
2026-08-04,2026-08-04T11:42:53+08:00,酷狗音乐,飙升榜,酷狗飙升榜,2026-08-04,26,南方没有你北方没有雨,魏佳艺,,5:12,E66CA7E596A34BC323B1FE2BE072FF06,201940221,https://www.kugou.com/yy/rank/home/2-6666.html?from=rank
2026-08-04,2026-08-04T11:42:53+08:00,酷狗音乐,飙升榜,酷狗飙升榜,2026-08-04,27,辞九门回忆 (送那人御街打马),A江也眠,,4:45,352E370BD5B2E9B8D7A6CBE3676FCE55,199250808,https://www.kugou.com/yy/rank/home/2-6666.html?from=rank
2026-08-04,2026-08-04T11:42:53+08:00,酷狗音乐,飙升榜,酷狗飙升榜,2026-08-04,28,其实我根本舍不得 (高燃旋律版),404Hz、马僖嘉、7MSTRT,,3:04,A28CCE48C6FE46AA76A1FD3F1229BA08,179103115,https://www.kugou.com/yy/rank/home/2-6666.html?from=rank
2026-08-04,2026-08-04T11:42:53+08:00,酷狗音乐,飙升榜,酷狗飙升榜,2026-08-04,29,十二月念情郎,影子,,3:00,08C209F2C51B372A85C765D1B2C0FF56,201982515,https://www.kugou.com/yy/rank/home/2-6666.html?from=rank
2026-08-04,2026-08-04T11:42:53+08:00,酷狗音乐,飙升榜,酷狗飙升榜,2026-08-04,30,月满西楼约 (旧路上的晚风啊),巴扎黑,,3:04,A8DB5E6E3487950C5AEBDB39BD475885,198903589,https://www.kugou.com/yy/rank/home/2-6666.html?from=rank
2026-08-04,2026-08-04T11:42:53+08:00,酷狗音乐,飙升榜,酷狗飙升榜,2026-08-04,31,岁月如笔写春秋 (EDM粤语版),陈靓靓,,3:57,91AA8BA8FA1496B1AC9AAE8B2B9CED5A,197385302,https://www.kugou.com/yy/rank/home/2-6666.html?from=rank
2026-08-04,2026-08-04T11:42:53+08:00,酷狗音乐,飙升榜,酷狗飙升榜,2026-08-04,32,口水旋律 vol.105,DJ Du,,2:06,00D3CAF18BA5B88E352C6436CBB7356D,201902593,https://www.kugou.com/yy/rank/home/2-6666.html?from=rank
2026-08-04,2026-08-04T11:42:53+08:00,酷狗音乐,飙升榜,酷狗飙升榜,2026-08-04,33,可惜春风不懂我伤悲,田园,,3:26,FA6A0CE74A6E7770E581078EF38B9278,195387503,https://www.kugou.com/yy/rank/home/2-6666.html?from=rank
2026-08-04,2026-08-04T11:42:53+08:00,酷狗音乐,飙升榜,酷狗飙升榜,2026-08-04,34,Golden Wheat,Tofu Ryoko、初音ミク,,2:27,A58115FE90D532D4299C3F028B6B152E,201939900,https://www.kugou.com/yy/rank/home/2-6666.html?from=rank
2026-08-04,2026-08-04T11:42:53+08:00,酷狗音乐,飙升榜,酷狗飙升榜,2026-08-04,35,不照我,沙宝亮,,4:16,05F765B7305BD3EAA6E1B6C1AE12324F,201668843,https://www.kugou.com/yy/rank/home/2-6666.html?from=rank
2026-08-04,2026-08-04T11:42:53+08:00,酷狗音乐,飙升榜,酷狗飙升榜,2026-08-04,36,早已注定的结局,叶筱萱,,3:37,603CCD25C24F6AB7FCF8DD584FCF3A25,201901820,https://www.kugou.com/yy/rank/home/2-6666.html?from=rank
2026-08-04,2026-08-04T11:42:53+08:00,酷狗音乐,飙升榜,酷狗飙升榜,2026-08-04,37,爱我的人和我爱的人 (对唱版),张家旺、悦开心,,3:52,FFD58B572BFB5227CA53F66BAD45FF52,59950148,https://www.kugou.com/yy/rank/home/2-6666.html?from=rank
2026-08-04,2026-08-04T11:42:53+08:00,酷狗音乐,飙升榜,酷狗飙升榜,2026-08-04,38,The Other Side Of Paradise (Explicit),Glass Animals,,5:21,222314858D998CCDDD4BF0B7BAF2F5A2,47764102,https://www.kugou.com/yy/rank/home/2-6666.html?from=rank
2026-08-04,2026-08-04T11:42:53+08:00,酷狗音乐,飙升榜,酷狗飙升榜,2026-08-04,39,我会为你挡子弹,李乐乐,,4:04,742A84557DA586162F174457A73DB7D7,201902066,https://www.kugou.com/yy/rank/home/2-6666.html?from=rank
2026-08-04,2026-08-04T11:42:53+08:00,酷狗音乐,飙升榜,酷狗飙升榜,2026-08-04,40,听闻山顶来的风,刘书云,,3:32,DE9CD77631A59C74BBE764C4583A67A7,201901882,https://www.kugou.com/yy/rank/home/2-6666.html?from=rank
2026-08-04,2026-08-04T11:42:53+08:00,酷狗音乐,飙升榜,酷狗飙升榜,2026-08-04,41,SODA SODA,TWS,,3:12,B3FE53C7B2A5A85FE30A4FFAE4AB934A,201896709,https://www.kugou.com/yy/rank/home/2-6666.html?from=rank
2026-08-04,2026-08-04T11:42:53+08:00,酷狗音乐,飙升榜,酷狗飙升榜,2026-08-04,42,玉芬啊玉芬你让彪哥好伤心,万海东,,3:00,F23A2E6BDC46921878BEEE9E09DBA329,201999139,https://www.kugou.com/yy/rank/home/2-6666.html?from=rank
2026-08-04,2026-08-04T11:42:53+08:00,酷狗音乐,飙升榜,酷狗飙升榜,2026-08-04,43,晨间新闻,蔡健雅,,3:50,09A4599755FAF50EACBA75F5153A9D92,965319,https://www.kugou.com/yy/rank/home/2-6666.html?from=rank
2026-08-04,2026-08-04T11:42:53+08:00,酷狗音乐,飙升榜,酷狗飙升榜,2026-08-04,44,所谓有求而不得 (氛围版),阿米嘎、小米嘎、青天大老爷,,2:05,E4E23B25413F1B2D7631941824843223,189758952,https://www.kugou.com/yy/rank/home/2-6666.html?from=rank
2026-08-04,2026-08-04T11:42:53+08:00,酷狗音乐,飙升榜,酷狗飙升榜,2026-08-04,45,愤怒的情人 (伤感版),情绪化,,3:03,6EEE2EEE45F99B0D51F7C69C59F463BD,196502382,https://www.kugou.com/yy/rank/home/3-6666.html?from=rank
2026-08-04,2026-08-04T11:42:53+08:00,酷狗音乐,飙升榜,酷狗飙升榜,2026-08-04,46,不说爱你却更爱你 (对唱版),王超然、戎大姨,,3:31,F99AA806BE810547C74E03068328ED64,201901595,https://www.kugou.com/yy/rank/home/3-6666.html?from=rank
2026-08-04,2026-08-04T11:42:53+08:00,酷狗音乐,飙升榜,酷狗飙升榜,2026-08-04,47,苹果香 (Live),乌兰图雅、白小白,,3:25,CBF16CA04BF861A063B532668C192005,201660223,https://www.kugou.com/yy/rank/home/3-6666.html?from=rank
2026-08-04,2026-08-04T11:42:53+08:00,酷狗音乐,飙升榜,酷狗飙升榜,2026-08-04,48,口水旋律 vol.67,DJ Du,,2:04,A5A0CC2E558E7BB42B1371506F8B4313,201924246,https://www.kugou.com/yy/rank/home/3-6666.html?from=rank
2026-08-04,2026-08-04T11:42:53+08:00,酷狗音乐,飙升榜,酷狗飙升榜,2026-08-04,49,遥远的东方,哈基眯,,3:28,0F3787E339CD0BDEDC97EB3FCD7160EC,197175030,https://www.kugou.com/yy/rank/home/3-6666.html?from=rank
2026-08-04,2026-08-04T11:42:53+08:00,酷狗音乐,飙升榜,酷狗飙升榜,2026-08-04,50,只看着我 + Angel (祖国人进行曲),Grimmmz、Vortexis,,2:10,83CEA564909AC0C6D5269E7235B8B916,199645526,https://www.kugou.com/yy/rank/home/3-6666.html?from=rank
2026-08-04,2026-08-04T11:42:53+08:00,酷狗音乐,飙升榜,酷狗飙升榜,2026-08-04,51,折现,李乐乐,,3:49,99965BC332239013313D1E3BC8E0AF3D,201902175,https://www.kugou.com/yy/rank/home/3-6666.html?from=rank
2026-08-04,2026-08-04T11:42:53+08:00,酷狗音乐,飙升榜,酷狗飙升榜,2026-08-04,52,片片,陈默之,,3:24,A49A8E796CF6DE7B523C9C2271339253,201896736,https://www.kugou.com/yy/rank/home/3-6666.html?from=rank
2026-08-04,2026-08-04T11:42:53+08:00,酷狗音乐,飙升榜,酷狗飙升榜,2026-08-04,53,如今挣钱实在难,伊然,,3:46,EB983D207FC36C61588BFC66C43467F3,201940062,https://www.kugou.com/yy/rank/home/3-6666.html?from=rank
2026-08-04,2026-08-04T11:42:53+08:00,酷狗音乐,飙升榜,酷狗飙升榜,2026-08-04,54,最怕有人提起你的名字,张新华,,4:38,E3ECEA73E7D6783C63DC430F5AF1AA63,201938434,https://www.kugou.com/yy/rank/home/3-6666.html?from=rank
2026-08-04,2026-08-04T11:42:53+08:00,酷狗音乐,飙升榜,酷狗飙升榜,2026-08-04,55,第三片海,陈默之,,4:09,577FF6FDCCB61D78024AAA428C3066B7,201896636,https://www.kugou.com/yy/rank/home/3-6666.html?from=rank
2026-08-04,2026-08-04T11:42:53+08:00,酷狗音乐,飙升榜,酷狗飙升榜,2026-08-04,56,我是飘零的尘埃 (男生版),卢润泽,,3:30,E6F6106296B412193B18E279EC94E8A6,172258191,https://www.kugou.com/yy/rank/home/3-6666.html?from=rank
2026-08-04,2026-08-04T11:42:53+08:00,酷狗音乐,飙升榜,酷狗飙升榜,2026-08-04,57,趁还未老多去拍拍照 合唱版 发行音频MMM,杨奚乔、钟瑜,,3:19,F498B5173B4732A286306A67290AAB9D,201945686,https://www.kugou.com/yy/rank/home/3-6666.html?from=rank
2026-08-04,2026-08-04T11:42:53+08:00,酷狗音乐,飙升榜,酷狗飙升榜,2026-08-04,58,过海,王赫野、黄龄,,3:47,35405E44573EF6D9F2F0AB42AE8BD716,199401816,https://www.kugou.com/yy/rank/home/3-6666.html?from=rank
2026-08-04,2026-08-04T11:42:53+08:00,酷狗音乐,飙升榜,酷狗飙升榜,2026-08-04,59,意外 (释怀版),坠.,,3:40,631A5AB5DDE6800FCF7A8F64C4A12868,81271555,https://www.kugou.com/yy/rank/home/3-6666.html?from=rank
2026-08-04,2026-08-04T11:42:53+08:00,酷狗音乐,飙升榜,酷狗飙升榜,2026-08-04,60,Nice to Meet Ya,TOMORROW X TOGETHER,,3:24,D734A5708190BDD1A013CABD68A0A622,202015843,https://www.kugou.com/yy/rank/home/3-6666.html?from=rank
2026-08-04,2026-08-04T11:42:53+08:00,酷狗音乐,飙升榜,酷狗飙升榜,2026-08-04,61,我在等你也等风,刘书云,,3:24,1319A8A1EF818AC4F0AE65280ABF4588,201902089,https://www.kugou.com/yy/rank/home/3-6666.html?from=rank
2026-08-04,2026-08-04T11:42:53+08:00,酷狗音乐,飙升榜,酷狗飙升榜,2026-08-04,62,心门封了锁,恰恰恰恰恰,,3:31,DFA1B33F32E7AC3EFABE489554ACC0B0,201902108,https://www.kugou.com/yy/rank/home/3-6666.html?from=rank
2026-08-04,2026-08-04T11:42:53+08:00,酷狗音乐,飙升榜,酷狗飙升榜,2026-08-04,63,风花雪月与你,孙艺琪,,3:19,6531C36C0EF1D677AC56D38EF6649309,201940089,https://www.kugou.com/yy/rank/home/3-6666.html?from=rank
2026-08-04,2026-08-04T11:42:53+08:00,酷狗音乐,飙升榜,酷狗飙升榜,2026-08-04,64,多疑的恋人,王赫野,,3:11,34ACC7CE14848B3370E6748A279FBF3F,195842464,https://www.kugou.com/yy/rank/home/3-6666.html?from=rank
2026-08-04,2026-08-04T11:42:53+08:00,酷狗音乐,飙升榜,酷狗飙升榜,2026-08-04,65,秋天不回来,王强,,4:11,11EA50AA115FA8C4D521B7488C7EB234,2508912,https://www.kugou.com/yy/rank/home/3-6666.html?from=rank
2026-08-04,2026-08-04T11:42:53+08:00,酷狗音乐,飙升榜,酷狗飙升榜,2026-08-04,66,簪花宴的烟火,余又,,3:43,40ED9E7FFB62EA613B65C1EE67076B1F,201648232,https://www.kugou.com/yy/rank/home/3-6666.html?from=rank
2026-08-04,2026-08-04T11:42:53+08:00,酷狗音乐,飙升榜,酷狗飙升榜,2026-08-04,67,故梦难追,星频 Echo、京仔、律引,,3:39,46288369EA7502F50FF75B296F5130AD,201896960,https://www.kugou.com/yy/rank/home/4-6666.html?from=rank
2026-08-04,2026-08-04T11:42:53+08:00,酷狗音乐,飙升榜,酷狗飙升榜,2026-08-04,68,你在，不在 (律动版),洋澜一,,3:42,2E7A25831C653D4B1679B5AD4E6A89EB,201939915,https://www.kugou.com/yy/rank/home/4-6666.html?from=rank
2026-08-04,2026-08-04T11:42:53+08:00,酷狗音乐,飙升榜,酷狗飙升榜,2026-08-04,69,夜半 (有一天你会明白),向思思,,3:56,90B49E897356EAB6C1A36B87A2FD9207,201901570,https://www.kugou.com/yy/rank/home/4-6666.html?from=rank
2026-08-04,2026-08-04T11:42:53+08:00,酷狗音乐,飙升榜,酷狗飙升榜,2026-08-04,70,见一面少一面 (对唱版),黑大婶回乡带娃、吴章磊,,4:05,40A6D7DDE5E3D1251A9A43BEAE8FC603,197637981,https://www.kugou.com/yy/rank/home/4-6666.html?from=rank
2026-08-04,2026-08-04T11:42:53+08:00,酷狗音乐,飙升榜,酷狗飙升榜,2026-08-04,71,NIGHT DANCER,imase,,3:30,066EDA46A2D0024CCED7825C4D7A6BAB,201952505,https://www.kugou.com/yy/rank/home/4-6666.html?from=rank
2026-08-04,2026-08-04T11:42:53+08:00,酷狗音乐,飙升榜,酷狗飙升榜,2026-08-04,72,以命运之名,兰音Reine,,4:27,5DC71BE6145C0DBA98415C18884BB8E4,201905233,https://www.kugou.com/yy/rank/home/4-6666.html?from=rank
2026-08-04,2026-08-04T11:42:53+08:00,酷狗音乐,飙升榜,酷狗飙升榜,2026-08-04,73,听说你身边有了她 (对唱版),庄众、李翠华,,2:39,0E211AE29C1BBF1EF5E3F3B0BF48FD6E,201993356,https://www.kugou.com/yy/rank/home/4-6666.html?from=rank
2026-08-04,2026-08-04T11:42:53+08:00,酷狗音乐,飙升榜,酷狗飙升榜,2026-08-04,74,倾听我,徐洁儿,,4:51,84F0ED65386B0F74D6DCD36CA2A12AED,201667932,https://www.kugou.com/yy/rank/home/4-6666.html?from=rank
2026-08-04,2026-08-04T11:42:53+08:00,酷狗音乐,飙升榜,酷狗飙升榜,2026-08-04,75,风越吹越伤悲,王一佳,,3:12,75831FE84C6EDA7EE88FB41E04E69A5B,201940181,https://www.kugou.com/yy/rank/home/4-6666.html?from=rank
2026-08-04,2026-08-04T11:42:53+08:00,酷狗音乐,飙升榜,酷狗飙升榜,2026-08-04,76,奢求,淑元、奥利,,4:11,AF4A556D7CE8B203A0FF8A66A9313648,196671839,https://www.kugou.com/yy/rank/home/4-6666.html?from=rank
2026-08-04,2026-08-04T11:42:53+08:00,酷狗音乐,飙升榜,酷狗飙升榜,2026-08-04,77,Closure,Hayd,,3:16,46B4350DF8768D091903B42D28AD19D1,201952505,https://www.kugou.com/yy/rank/home/4-6666.html?from=rank
2026-08-04,2026-08-04T11:42:53+08:00,酷狗音乐,飙升榜,酷狗飙升榜,2026-08-04,78,从此我的世界不再有你 (深情版),刘书云,,3:31,EA07BE35E1441DA61343603C8A9D26A7,193068023,https://www.kugou.com/yy/rank/home/4-6666.html?from=rank
2026-08-04,2026-08-04T11:42:53+08:00,酷狗音乐,飙升榜,酷狗飙升榜,2026-08-04,79,不爱我放过我,田园,,3:25,6FD249CF41C75A080B64C49EE56E49F9,197709436,https://www.kugou.com/yy/rank/home/4-6666.html?from=rank
2026-08-04,2026-08-04T11:42:53+08:00,酷狗音乐,飙升榜,酷狗飙升榜,2026-08-04,80,让花是花 让树是树 (女声版),苏晚星,,2:59,52C430AC2340E4FC014CDBD656682AB7,196827544,https://www.kugou.com/yy/rank/home/4-6666.html?from=rank
2026-08-04,2026-08-04T11:42:53+08:00,酷狗音乐,飙升榜,酷狗飙升榜,2026-08-04,81,No More Tomorrow,严浩翔,,3:45,FF7513517F0F11A1CAAE07BA37CDFDBA,201671723,https://www.kugou.com/yy/rank/home/4-6666.html?from=rank
2026-08-04,2026-08-04T11:42:53+08:00,酷狗音乐,飙升榜,酷狗飙升榜,2026-08-04,82,明明不想哭,黑豆ado,,3:51,73BD920DD10BE1CEC239875BA5D81502,201909306,https://www.kugou.com/yy/rank/home/4-6666.html?from=rank
2026-08-04,2026-08-04T11:42:53+08:00,酷狗音乐,飙升榜,酷狗飙升榜,2026-08-04,83,Old Mill,Tofu Ryoko、初音ミク,,2:45,0319694A15D0215319F17C1DD40252EC,201939900,https://www.kugou.com/yy/rank/home/4-6666.html?from=rank
2026-08-04,2026-08-04T11:42:53+08:00,酷狗音乐,飙升榜,酷狗飙升榜,2026-08-04,84,Titanic x 开门进行曲 (旋律高燃版),HMWM,,2:44,A8700DBC3F64BE59045521CDC47BDE15,168384352,https://www.kugou.com/yy/rank/home/4-6666.html?from=rank
2026-08-04,2026-08-04T11:42:53+08:00,酷狗音乐,飙升榜,酷狗飙升榜,2026-08-04,85,眼泪它不听话,冷漠,,3:49,AE9DEE043E5D19681B2470149B23F5EC,201939903,https://www.kugou.com/yy/rank/home/4-6666.html?from=rank
2026-08-04,2026-08-04T11:42:53+08:00,酷狗音乐,飙升榜,酷狗飙升榜,2026-08-04,86,如果能选择忘记 (忘记每一段过去),404Hz、暗号的暗,,2:11,B1F69DE74DA5C6B1F5A8A286668B1266,199818421,https://www.kugou.com/yy/rank/home/4-6666.html?from=rank
2026-08-04,2026-08-04T11:42:53+08:00,酷狗音乐,飙升榜,酷狗飙升榜,2026-08-04,87,你走之后让我如何挽留,刘书云,,2:59,9076187750BEB86D8082E8F244C5C289,201945842,https://www.kugou.com/yy/rank/home/4-6666.html?from=rank
2026-08-04,2026-08-04T11:42:53+08:00,酷狗音乐,飙升榜,酷狗飙升榜,2026-08-04,88,吹过人间的晚风,张艺迈,,3:34,BC58731DCFB646D7AFAC2BEE170F617D,196936857,https://www.kugou.com/yy/rank/home/4-6666.html?from=rank
2026-08-04,2026-08-04T11:42:53+08:00,酷狗音乐,飙升榜,酷狗飙升榜,2026-08-04,89,爱你我逢赌必输 (对唱版),田园、山有扶苏,,3:05,5152BC0518E9490C075262CDCAADDDA7,201996258,https://www.kugou.com/yy/rank/home/5-6666.html?from=rank
2026-08-04,2026-08-04T11:42:53+08:00,酷狗音乐,飙升榜,酷狗飙升榜,2026-08-04,90,汹涌,吴莫愁,,4:21,EAB2C9D1CA6E34AF3A9BE58BD85272BB,199849767,https://www.kugou.com/yy/rank/home/5-6666.html?from=rank
2026-08-04,2026-08-04T11:42:53+08:00,酷狗音乐,飙升榜,酷狗飙升榜,2026-08-04,91,忘记时间 (L4TX版),七元,,3:12,CE2FA650CD1DFC440D03AB9F84111105,161539662,https://www.kugou.com/yy/rank/home/5-6666.html?from=rank
2026-08-04,2026-08-04T11:42:53+08:00,酷狗音乐,飙升榜,酷狗飙升榜,2026-08-04,92,不问潇潇雨,风华音纪、指尖笑,,3:16,1466522659913F70040BCBA69D9BAEB7,180379740,https://www.kugou.com/yy/rank/home/5-6666.html?from=rank
2026-08-04,2026-08-04T11:42:53+08:00,酷狗音乐,飙升榜,酷狗飙升榜,2026-08-04,93,Good Things (我已爱你爱到不聪明),一颗玻璃心,,5:01,0E83E86D3C7E01E6968A20F804C5F36E,196983664,https://www.kugou.com/yy/rank/home/5-6666.html?from=rank
2026-08-04,2026-08-04T11:42:53+08:00,酷狗音乐,飙升榜,酷狗飙升榜,2026-08-04,94,打哈欠,黄雅莉,,3:34,9967E152052A569E06865D3BA571DDC8,202002416,https://www.kugou.com/yy/rank/home/5-6666.html?from=rank
2026-08-04,2026-08-04T11:42:53+08:00,酷狗音乐,飙升榜,酷狗飙升榜,2026-08-04,95,乌鸦的沉默,马雨梵,,4:29,02808E79837A173BF655E23C18810635,201901199,https://www.kugou.com/yy/rank/home/5-6666.html?from=rank
2026-08-04,2026-08-04T11:42:53+08:00,酷狗音乐,飙升榜,酷狗飙升榜,2026-08-04,96,人生真的会突然变好 (划走了依然有效),coco-木子文,,3:06,FB8104A64023EE9ADC06096EC4BE0C0C,201880981,https://www.kugou.com/yy/rank/home/5-6666.html?from=rank
2026-08-04,2026-08-04T11:42:53+08:00,酷狗音乐,飙升榜,酷狗飙升榜,2026-08-04,97,海棠,玄觞,,4:51,47C1664F92ADB699DD70839F3DFC0E97,42357913,https://www.kugou.com/yy/rank/home/5-6666.html?from=rank
2026-08-04,2026-08-04T11:42:53+08:00,酷狗音乐,飙升榜,酷狗飙升榜,2026-08-04,98,从不会投降 (对唱版),常超凡、花心姐,,3:07,1317308F6E8260F2718A181769D8DFC5,201901822,https://www.kugou.com/yy/rank/home/5-6666.html?from=rank
2026-08-04,2026-08-04T11:42:53+08:00,酷狗音乐,飙升榜,酷狗飙升榜,2026-08-04,99,las tres de la noche (纯音乐),DJ小栖,,4:16,4677CFA7F7317B2803F1A65A5DA9C46F,200415429,https://www.kugou.com/yy/rank/home/5-6666.html?from=rank
2026-08-04,2026-08-04T11:42:53+08:00,酷狗音乐,飙升榜,酷狗飙升榜,2026-08-04,100,哪凉快哪去 (Live),刘凤瑶、张玮、曾一鸣、李琦、派克特、蒋一帆,,5:10,06B93056C891BC78491A94087DCA27D1,201660223,https://www.kugou.com/yy/rank/home/5-6666.html?from=rank
2026-08-04,2026-08-04T11:42:53+08:00,微博,热搜榜,微博热搜榜,,1,花开锦绣定档,剧集,热度 1962557；新,,花开锦绣定档,剧集,https://s.weibo.com/weibo?q=%23%E8%8A%B1%E5%BC%80%E9%94%A6%E7%BB%A3%E5%AE%9A%E6%A1%A3%23
2026-08-04,2026-08-04T11:42:53+08:00,微博,热搜榜,微博热搜榜,,2,国庆假期上3休7上3,民生新闻,热度 981677；热,,国庆假期上3休7上3,,https://s.weibo.com/weibo?q=%23%E5%9B%BD%E5%BA%86%E5%81%87%E6%9C%9F%E4%B8%8A3%E4%BC%917%E4%B8%8A3%23
2026-08-04,2026-08-04T11:42:53+08:00,微博,热搜榜,微博热搜榜,,3,我军三型无人机成体系应用首次公开,"民生新闻,军事",热度 820189；新,,我军三型无人机成体系应用首次公开,,https://s.weibo.com/weibo?q=%23%E6%88%91%E5%86%9B%E4%B8%89%E5%9E%8B%E6%97%A0%E4%BA%BA%E6%9C%BA%E6%88%90%E4%BD%93%E7%B3%BB%E5%BA%94%E7%94%A8%E9%A6%96%E6%AC%A1%E5%85%AC%E5%BC%80%23
2026-08-04,2026-08-04T11:42:53+08:00,微博,热搜榜,微博热搜榜,,4,不要抽穷公司的团建奖,幽默,热度 820080；新,,不要抽穷公司的团建奖,,https://s.weibo.com/weibo?q=%23%E4%B8%8D%E8%A6%81%E6%8A%BD%E7%A9%B7%E5%85%AC%E5%8F%B8%E7%9A%84%E5%9B%A2%E5%BB%BA%E5%A5%96%23
2026-08-04,2026-08-04T11:42:53+08:00,微博,热搜榜,微博热搜榜,,5,张凌赫卢昱晓 刺棠,剧集,热度 818708；新,,张凌赫卢昱晓 刺棠,剧集,https://s.weibo.com/weibo?q=%23%E5%BC%A0%E5%87%8C%E8%B5%AB%E5%8D%A2%E6%98%B1%E6%99%93%20%E5%88%BA%E6%A3%A0%23
2026-08-04,2026-08-04T11:42:53+08:00,微博,热搜榜,微博热搜榜,,6,台风,民生新闻,热度 757604；新,,台风,,https://s.weibo.com/weibo?q=%23%E5%8F%B0%E9%A3%8E%23
2026-08-04,2026-08-04T11:42:53+08:00,微博,热搜榜,微博热搜榜,,7,几乎灭绝的床虱为何又卷土重来,民生新闻,热度 729097；新,,几乎灭绝的床虱为何又卷土重来,,https://s.weibo.com/weibo?q=%23%E5%87%A0%E4%B9%8E%E7%81%AD%E7%BB%9D%E7%9A%84%E5%BA%8A%E8%99%B1%E4%B8%BA%E4%BD%95%E5%8F%88%E5%8D%B7%E5%9C%9F%E9%87%8D%E6%9D%A5%23
2026-08-04,2026-08-04T11:42:53+08:00,微博,热搜榜,微博热搜榜,,8,DeepSeek斩杀线,互联网,热度 559051；新,,DeepSeek斩杀线,,https://s.weibo.com/weibo?q=%23DeepSeek%E6%96%A9%E6%9D%80%E7%BA%BF%23
2026-08-04,2026-08-04T11:42:53+08:00,微博,热搜榜,微博热搜榜,,9,打工人三件套集体大涨价,数码,热度 467876,,打工人三件套集体大涨价,,https://s.weibo.com/weibo?q=%23%E6%89%93%E5%B7%A5%E4%BA%BA%E4%B8%89%E4%BB%B6%E5%A5%97%E9%9B%86%E4%BD%93%E5%A4%A7%E6%B6%A8%E4%BB%B7%23
2026-08-04,2026-08-04T11:42:53+08:00,微博,热搜榜,微博热搜榜,,10,樊振东巴黎夺冠成就超级金满贯,体育,热度 465844；新,,樊振东巴黎夺冠成就超级金满贯,,https://s.weibo.com/weibo?q=%23%E6%A8%8A%E6%8C%AF%E4%B8%9C%E5%B7%B4%E9%BB%8E%E5%A4%BA%E5%86%A0%E6%88%90%E5%B0%B1%E8%B6%85%E7%BA%A7%E9%87%91%E6%BB%A1%E8%B4%AF%23
2026-08-04,2026-08-04T11:42:53+08:00,微博,热搜榜,微博热搜榜,,11,钟美美回应4年留学花费约300万,网红,热度 464426；热,,钟美美回应4年留学花费约300万,,https://s.weibo.com/weibo?q=%23%E9%92%9F%E7%BE%8E%E7%BE%8E%E5%9B%9E%E5%BA%944%E5%B9%B4%E7%95%99%E5%AD%A6%E8%8A%B1%E8%B4%B9%E7%BA%A6300%E4%B8%87%23
2026-08-04,2026-08-04T11:42:53+08:00,微博,热搜榜,微博热搜榜,,12,9岁女孩性早熟骨骼已接近闭合,民生新闻,热度 461535；热,,9岁女孩性早熟骨骼已接近闭合,,https://s.weibo.com/weibo?q=%239%E5%B2%81%E5%A5%B3%E5%AD%A9%E6%80%A7%E6%97%A9%E7%86%9F%E9%AA%A8%E9%AA%BC%E5%B7%B2%E6%8E%A5%E8%BF%91%E9%97%AD%E5%90%88%23
2026-08-04,2026-08-04T11:42:53+08:00,微博,热搜榜,微博热搜榜,,13,罗正一年花170元146给了苹果,艺人,热度 460880；热,,罗正一年花170元146给了苹果,['罗正'],https://s.weibo.com/weibo?q=%23%E7%BD%97%E6%AD%A3%E4%B8%80%E5%B9%B4%E8%8A%B1170%E5%85%83146%E7%BB%99%E4%BA%86%E8%8B%B9%E6%9E%9C%23
2026-08-04,2026-08-04T11:42:53+08:00,微博,热搜榜,微博热搜榜,,14,丁程鑫 避谶,艺人,热度 457840；热,,丁程鑫 避谶,['丁程鑫'],https://s.weibo.com/weibo?q=%23%E4%B8%81%E7%A8%8B%E9%91%AB%20%E9%81%BF%E8%B0%B6%23
2026-08-04,2026-08-04T11:42:53+08:00,微博,热搜榜,微博热搜榜,,15,韩国年轻人正进入无恋爱社会,海外新闻,热度 456196；新,,韩国年轻人正进入无恋爱社会,,https://s.weibo.com/weibo?q=%23%E9%9F%A9%E5%9B%BD%E5%B9%B4%E8%BD%BB%E4%BA%BA%E6%AD%A3%E8%BF%9B%E5%85%A5%E6%97%A0%E6%81%8B%E7%88%B1%E7%A4%BE%E4%BC%9A%23
2026-08-04,2026-08-04T11:42:53+08:00,微博,热搜榜,微博热搜榜,,16,TF四代五公抢票,演出,热度 452822；新,,TF四代五公抢票,演出,https://s.weibo.com/weibo?q=%23TF%E5%9B%9B%E4%BB%A3%E4%BA%94%E5%85%AC%E6%8A%A2%E7%A5%A8%23
2026-08-04,2026-08-04T11:42:53+08:00,微博,热搜榜,微博热搜榜,,17,7岁女童性早熟竟是美甲贴纸所致,健康医疗,热度 451919；新,,7岁女童性早熟竟是美甲贴纸所致,,https://s.weibo.com/weibo?q=%237%E5%B2%81%E5%A5%B3%E7%AB%A5%E6%80%A7%E6%97%A9%E7%86%9F%E7%AB%9F%E6%98%AF%E7%BE%8E%E7%94%B2%E8%B4%B4%E7%BA%B8%E6%89%80%E8%87%B4%23
2026-08-04,2026-08-04T11:42:53+08:00,微博,热搜榜,微博热搜榜,,18,维尼修斯回归皇马,体育,热度 449245,,维尼修斯回归皇马,,https://s.weibo.com/weibo?q=%23%E7%BB%B4%E5%B0%BC%E4%BF%AE%E6%96%AF%E5%9B%9E%E5%BD%92%E7%9A%87%E9%A9%AC%23
2026-08-04,2026-08-04T11:42:53+08:00,微博,热搜榜,微博热搜榜,,19,5千万token仅需不到两块五,互联网,热度 446175；新,,5千万token仅需不到两块五,,https://s.weibo.com/weibo?q=%235%E5%8D%83%E4%B8%87token%E4%BB%85%E9%9C%80%E4%B8%8D%E5%88%B0%E4%B8%A4%E5%9D%97%E4%BA%94%23
2026-08-04,2026-08-04T11:42:53+08:00,微博,热搜榜,微博热搜榜,,20,婚外试管丈夫声称离婚5个0不属实,民生新闻,热度 443534；新,,婚外试管丈夫声称离婚5个0不属实,,https://s.weibo.com/weibo?q=%23%E5%A9%9A%E5%A4%96%E8%AF%95%E7%AE%A1%E4%B8%88%E5%A4%AB%E5%A3%B0%E7%A7%B0%E7%A6%BB%E5%A9%9A5%E4%B8%AA0%E4%B8%8D%E5%B1%9E%E5%AE%9E%23
2026-08-04,2026-08-04T11:42:53+08:00,微博,热搜榜,微博热搜榜,,21,杀个西瓜吃欧洲西瓜太硬了,幽默,热度 442392；热,,杀个西瓜吃欧洲西瓜太硬了,,https://s.weibo.com/weibo?q=%23%E6%9D%80%E4%B8%AA%E8%A5%BF%E7%93%9C%E5%90%83%E6%AC%A7%E6%B4%B2%E8%A5%BF%E7%93%9C%E5%A4%AA%E7%A1%AC%E4%BA%86%23
2026-08-04,2026-08-04T11:42:53+08:00,微博,热搜榜,微博热搜榜,,22,迪丽热巴 闵塔鲨,艺人,热度 439581,,迪丽热巴 闵塔鲨,"['闵塔鲨', '迪丽热巴']",https://s.weibo.com/weibo?q=%23%E8%BF%AA%E4%B8%BD%E7%83%AD%E5%B7%B4%20%E9%97%B5%E5%A1%94%E9%B2%A8%23
2026-08-04,2026-08-04T11:42:53+08:00,微博,热搜榜,微博热搜榜,,23,罗正经纪人问到底动了谁的蛋糕,艺人,热度 438669；新,,罗正经纪人问到底动了谁的蛋糕,['罗正'],https://s.weibo.com/weibo?q=%23%E7%BD%97%E6%AD%A3%E7%BB%8F%E7%BA%AA%E4%BA%BA%E9%97%AE%E5%88%B0%E5%BA%95%E5%8A%A8%E4%BA%86%E8%B0%81%E7%9A%84%E8%9B%8B%E7%B3%95%23
2026-08-04,2026-08-04T11:42:53+08:00,微博,热搜榜,微博热搜榜,,24,日本多次向外国灾区送千纸鹤被婉拒,海外新闻,热度 435629,,日本多次向外国灾区送千纸鹤被婉拒,,https://s.weibo.com/weibo?q=%23%E6%97%A5%E6%9C%AC%E5%A4%9A%E6%AC%A1%E5%90%91%E5%A4%96%E5%9B%BD%E7%81%BE%E5%8C%BA%E9%80%81%E5%8D%83%E7%BA%B8%E9%B9%A4%E8%A2%AB%E5%A9%89%E6%8B%92%23
2026-08-04,2026-08-04T11:42:53+08:00,微博,热搜榜,微博热搜榜,,25,重温樊振东奥运夺冠时刻,体育,热度 434099；新,,重温樊振东奥运夺冠时刻,,https://s.weibo.com/weibo?q=%23%E9%87%8D%E6%B8%A9%E6%A8%8A%E6%8C%AF%E4%B8%9C%E5%A5%A5%E8%BF%90%E5%A4%BA%E5%86%A0%E6%97%B6%E5%88%BB%23
2026-08-04,2026-08-04T11:42:53+08:00,微博,热搜榜,微博热搜榜,,26,Wendy的胯引起热议,艺人,热度 430769,,Wendy的胯引起热议,['wendy'],https://s.weibo.com/weibo?q=%23Wendy%E7%9A%84%E8%83%AF%E5%BC%95%E8%B5%B7%E7%83%AD%E8%AE%AE%23
2026-08-04,2026-08-04T11:42:53+08:00,微博,热搜榜,微博热搜榜,,27,东莞9岁女孩确诊性早熟,民生新闻,热度 429485,,东莞9岁女孩确诊性早熟,,https://s.weibo.com/weibo?q=%23%E4%B8%9C%E8%8E%9E9%E5%B2%81%E5%A5%B3%E5%AD%A9%E7%A1%AE%E8%AF%8A%E6%80%A7%E6%97%A9%E7%86%9F%23
2026-08-04,2026-08-04T11:42:53+08:00,微博,热搜榜,微博热搜榜,,28,钟美美自曝38岁母亲求职一年未果,综艺,热度 426965,,钟美美自曝38岁母亲求职一年未果,,https://s.weibo.com/weibo?q=%23%E9%92%9F%E7%BE%8E%E7%BE%8E%E8%87%AA%E6%9B%9D38%E5%B2%81%E6%AF%8D%E4%BA%B2%E6%B1%82%E8%81%8C%E4%B8%80%E5%B9%B4%E6%9C%AA%E6%9E%9C%23
2026-08-04,2026-08-04T11:42:53+08:00,微博,热搜榜,微博热搜榜,,29,马嘉祺丁程鑫严浩翔身体现状,演出,热度 424155,,马嘉祺丁程鑫严浩翔身体现状,演出,https://s.weibo.com/weibo?q=%23%E9%A9%AC%E5%98%89%E7%A5%BA%E4%B8%81%E7%A8%8B%E9%91%AB%E4%B8%A5%E6%B5%A9%E7%BF%94%E8%BA%AB%E4%BD%93%E7%8E%B0%E7%8A%B6%23
2026-08-04,2026-08-04T11:42:53+08:00,微博,热搜榜,微博热搜榜,,30,幼儿园里来了个大学生,幽默,热度 422685,,幼儿园里来了个大学生,,https://s.weibo.com/weibo?q=%23%E5%B9%BC%E5%84%BF%E5%9B%AD%E9%87%8C%E6%9D%A5%E4%BA%86%E4%B8%AA%E5%A4%A7%E5%AD%A6%E7%94%9F%23
2026-08-04,2026-08-04T11:42:53+08:00,微博,热搜榜,微博热搜榜,,31,钟美美称被父亲家暴至今恐惧敲门声,网红,热度 419793；新,,钟美美称被父亲家暴至今恐惧敲门声,,https://s.weibo.com/weibo?q=%23%E9%92%9F%E7%BE%8E%E7%BE%8E%E7%A7%B0%E8%A2%AB%E7%88%B6%E4%BA%B2%E5%AE%B6%E6%9A%B4%E8%87%B3%E4%BB%8A%E6%81%90%E6%83%A7%E6%95%B2%E9%97%A8%E5%A3%B0%23
2026-08-04,2026-08-04T11:42:53+08:00,微博,热搜榜,微博热搜榜,,32,钟美美谈拉黑父亲原因,网红,热度 418011；新,,钟美美谈拉黑父亲原因,,https://s.weibo.com/weibo?q=%23%E9%92%9F%E7%BE%8E%E7%BE%8E%E8%B0%88%E6%8B%89%E9%BB%91%E7%88%B6%E4%BA%B2%E5%8E%9F%E5%9B%A0%23
2026-08-04,2026-08-04T11:42:53+08:00,微博,热搜榜,微博热搜榜,,33,建议不要和已产生隔阂的人示好,情感,热度 415972,,建议不要和已产生隔阂的人示好,,https://s.weibo.com/weibo?q=%23%E5%BB%BA%E8%AE%AE%E4%B8%8D%E8%A6%81%E5%92%8C%E5%B7%B2%E4%BA%A7%E7%94%9F%E9%9A%94%E9%98%82%E7%9A%84%E4%BA%BA%E7%A4%BA%E5%A5%BD%23
2026-08-04,2026-08-04T11:42:53+08:00,微博,热搜榜,微博热搜榜,,34,Gigi库珀订婚,艺人,热度 413210；新,,Gigi库珀订婚,,https://s.weibo.com/weibo?q=%23Gigi%E5%BA%93%E7%8F%80%E8%AE%A2%E5%A9%9A%23
2026-08-04,2026-08-04T11:42:53+08:00,微博,热搜榜,微博热搜榜,,35,韩国赌场限制本国人却招赌中国游客,海外新闻,热度 410694；新,,韩国赌场限制本国人却招赌中国游客,,https://s.weibo.com/weibo?q=%23%E9%9F%A9%E5%9B%BD%E8%B5%8C%E5%9C%BA%E9%99%90%E5%88%B6%E6%9C%AC%E5%9B%BD%E4%BA%BA%E5%8D%B4%E6%8B%9B%E8%B5%8C%E4%B8%AD%E5%9B%BD%E6%B8%B8%E5%AE%A2%23
2026-08-04,2026-08-04T11:42:53+08:00,微博,热搜榜,微博热搜榜,,36,偶遇宋威龙全伊伦散步,艺人,热度 409871；新,,偶遇宋威龙全伊伦散步,"['宋威龙', '全伊伦']",https://s.weibo.com/weibo?q=%23%E5%81%B6%E9%81%87%E5%AE%8B%E5%A8%81%E9%BE%99%E5%85%A8%E4%BC%8A%E4%BC%A6%E6%95%A3%E6%AD%A5%23
2026-08-04,2026-08-04T11:42:53+08:00,微博,热搜榜,微博热搜榜,,37,2026国庆放假通知,民生新闻,热度 407125,,2026国庆放假通知,,https://s.weibo.com/weibo?q=%232026%E5%9B%BD%E5%BA%86%E6%94%BE%E5%81%87%E9%80%9A%E7%9F%A5%23
2026-08-04,2026-08-04T11:42:53+08:00,微博,热搜榜,微博热搜榜,,38,白鹿粉发特工,艺人,热度 404914；新,,白鹿粉发特工,['白鹿'],https://s.weibo.com/weibo?q=%23%E7%99%BD%E9%B9%BF%E7%B2%89%E5%8F%91%E7%89%B9%E5%B7%A5%23
2026-08-04,2026-08-04T11:42:53+08:00,微博,热搜榜,微博热搜榜,,39,空调不制冷还有异味师傅撕下层棉被,民生新闻,热度 403473,,空调不制冷还有异味师傅撕下层棉被,,https://s.weibo.com/weibo?q=%23%E7%A9%BA%E8%B0%83%E4%B8%8D%E5%88%B6%E5%86%B7%E8%BF%98%E6%9C%89%E5%BC%82%E5%91%B3%E5%B8%88%E5%82%85%E6%92%95%E4%B8%8B%E5%B1%82%E6%A3%89%E8%A2%AB%23
2026-08-04,2026-08-04T11:42:53+08:00,微博,热搜榜,微博热搜榜,,40,闵塔鲨删博了,艺人,热度 400817,,闵塔鲨删博了,['闵塔鲨'],https://s.weibo.com/weibo?q=%23%E9%97%B5%E5%A1%94%E9%B2%A8%E5%88%A0%E5%8D%9A%E4%BA%86%23
2026-08-04,2026-08-04T11:42:53+08:00,微博,热搜榜,微博热搜榜,,41,停车欠费近1.5万被判连本带息偿还,民生新闻,热度 398935；新,,停车欠费近1.5万被判连本带息偿还,,https://s.weibo.com/weibo?q=%23%E5%81%9C%E8%BD%A6%E6%AC%A0%E8%B4%B9%E8%BF%911.5%E4%B8%87%E8%A2%AB%E5%88%A4%E8%BF%9E%E6%9C%AC%E5%B8%A6%E6%81%AF%E5%81%BF%E8%BF%98%23
2026-08-04,2026-08-04T11:42:53+08:00,微博,热搜榜,微博热搜榜,,42,豆包的配得感还是太高了,互联网,热度 395457；新,,豆包的配得感还是太高了,,https://s.weibo.com/weibo?q=%23%E8%B1%86%E5%8C%85%E7%9A%84%E9%85%8D%E5%BE%97%E6%84%9F%E8%BF%98%E6%98%AF%E5%A4%AA%E9%AB%98%E4%BA%86%23
2026-08-04,2026-08-04T11:42:53+08:00,微博,热搜榜,微博热搜榜,,43,拼车拼到一只柴犬,幽默,热度 392814,,拼车拼到一只柴犬,,https://s.weibo.com/weibo?q=%23%E6%8B%BC%E8%BD%A6%E6%8B%BC%E5%88%B0%E4%B8%80%E5%8F%AA%E6%9F%B4%E7%8A%AC%23
2026-08-04,2026-08-04T11:42:53+08:00,微博,热搜榜,微博热搜榜,,44,怪不得长沙人晚上不睡觉,民生新闻,热度 390565,,怪不得长沙人晚上不睡觉,,https://s.weibo.com/weibo?q=%23%E6%80%AA%E4%B8%8D%E5%BE%97%E9%95%BF%E6%B2%99%E4%BA%BA%E6%99%9A%E4%B8%8A%E4%B8%8D%E7%9D%A1%E8%A7%89%23
2026-08-04,2026-08-04T11:42:53+08:00,微博,热搜榜,微博热搜榜,,45,被裁掉的女孩第二季口碑翻车,剧集,热度 389164；新,,被裁掉的女孩第二季口碑翻车,剧集,https://s.weibo.com/weibo?q=%23%E8%A2%AB%E8%A3%81%E6%8E%89%E7%9A%84%E5%A5%B3%E5%AD%A9%E7%AC%AC%E4%BA%8C%E5%AD%A3%E5%8F%A3%E7%A2%91%E7%BF%BB%E8%BD%A6%23
2026-08-04,2026-08-04T11:42:53+08:00,微博,热搜榜,微博热搜榜,,46,仙剑翻拍吗我有人选,剧集,热度 387875；新,,仙剑翻拍吗我有人选,剧集,https://s.weibo.com/weibo?q=%23%E4%BB%99%E5%89%91%E7%BF%BB%E6%8B%8D%E5%90%97%E6%88%91%E6%9C%89%E4%BA%BA%E9%80%89%23
2026-08-04,2026-08-04T11:42:53+08:00,微博,热搜榜,微博热搜榜,,47,女子制止吸烟捅死男友不构成正当防卫,民生新闻,热度 383844；新,,女子制止吸烟捅死男友不构成正当防卫,,https://s.weibo.com/weibo?q=%23%E5%A5%B3%E5%AD%90%E5%88%B6%E6%AD%A2%E5%90%B8%E7%83%9F%E6%8D%85%E6%AD%BB%E7%94%B7%E5%8F%8B%E4%B8%8D%E6%9E%84%E6%88%90%E6%AD%A3%E5%BD%93%E9%98%B2%E5%8D%AB%23
2026-08-04,2026-08-04T11:42:53+08:00,微博,热搜榜,微博热搜榜,,48,凤不栖官宣杀青,剧集,热度 382150；新,,凤不栖官宣杀青,剧集,https://s.weibo.com/weibo?q=%23%E5%87%A4%E4%B8%8D%E6%A0%96%E5%AE%98%E5%AE%A3%E6%9D%80%E9%9D%92%23
2026-08-04,2026-08-04T11:42:53+08:00,微博,热搜榜,微博热搜榜,,49,严浩翔看到粉丝要打耳洞的反应,艺人,热度 379992；新,,严浩翔看到粉丝要打耳洞的反应,['严浩翔'],https://s.weibo.com/weibo?q=%23%E4%B8%A5%E6%B5%A9%E7%BF%94%E7%9C%8B%E5%88%B0%E7%B2%89%E4%B8%9D%E8%A6%81%E6%89%93%E8%80%B3%E6%B4%9E%E7%9A%84%E5%8F%8D%E5%BA%94%23
2026-08-04,2026-08-04T11:42:53+08:00,微博,热搜榜,微博热搜榜,,50,宋亚轩这个折叠度,艺人,热度 377957；新,,宋亚轩这个折叠度,['宋亚轩'],https://s.weibo.com/weibo?q=%23%E5%AE%8B%E4%BA%9A%E8%BD%A9%E8%BF%99%E4%B8%AA%E6%8A%98%E5%8F%A0%E5%BA%A6%23
2026-08-04,2026-08-04T11:42:53+08:00,微博,文娱热搜榜,微博热搜榜-文娱条目,,1,花开锦绣定档,剧集,总榜排名 1；热度 1962557；新,,花开锦绣定档,剧集,https://s.weibo.com/weibo?q=%23%E8%8A%B1%E5%BC%80%E9%94%A6%E7%BB%A3%E5%AE%9A%E6%A1%A3%23
2026-08-04,2026-08-04T11:42:53+08:00,微博,文娱热搜榜,微博热搜榜-文娱条目,,2,张凌赫卢昱晓 刺棠,剧集,总榜排名 5；热度 818708；新,,张凌赫卢昱晓 刺棠,剧集,https://s.weibo.com/weibo?q=%23%E5%BC%A0%E5%87%8C%E8%B5%AB%E5%8D%A2%E6%98%B1%E6%99%93%20%E5%88%BA%E6%A3%A0%23
2026-08-04,2026-08-04T11:42:53+08:00,微博,文娱热搜榜,微博热搜榜-文娱条目,,3,钟美美回应4年留学花费约300万,网红,总榜排名 11；热度 464426；热,,钟美美回应4年留学花费约300万,,https://s.weibo.com/weibo?q=%23%E9%92%9F%E7%BE%8E%E7%BE%8E%E5%9B%9E%E5%BA%944%E5%B9%B4%E7%95%99%E5%AD%A6%E8%8A%B1%E8%B4%B9%E7%BA%A6300%E4%B8%87%23
2026-08-04,2026-08-04T11:42:53+08:00,微博,文娱热搜榜,微博热搜榜-文娱条目,,4,罗正一年花170元146给了苹果,艺人,总榜排名 13；热度 460880；热,,罗正一年花170元146给了苹果,['罗正'],https://s.weibo.com/weibo?q=%23%E7%BD%97%E6%AD%A3%E4%B8%80%E5%B9%B4%E8%8A%B1170%E5%85%83146%E7%BB%99%E4%BA%86%E8%8B%B9%E6%9E%9C%23
2026-08-04,2026-08-04T11:42:53+08:00,微博,文娱热搜榜,微博热搜榜-文娱条目,,5,丁程鑫 避谶,艺人,总榜排名 14；热度 457840；热,,丁程鑫 避谶,['丁程鑫'],https://s.weibo.com/weibo?q=%23%E4%B8%81%E7%A8%8B%E9%91%AB%20%E9%81%BF%E8%B0%B6%23
2026-08-04,2026-08-04T11:42:53+08:00,微博,文娱热搜榜,微博热搜榜-文娱条目,,6,TF四代五公抢票,演出,总榜排名 16；热度 452822；新,,TF四代五公抢票,演出,https://s.weibo.com/weibo?q=%23TF%E5%9B%9B%E4%BB%A3%E4%BA%94%E5%85%AC%E6%8A%A2%E7%A5%A8%23
2026-08-04,2026-08-04T11:42:53+08:00,微博,文娱热搜榜,微博热搜榜-文娱条目,,7,迪丽热巴 闵塔鲨,艺人,总榜排名 22；热度 439581,,迪丽热巴 闵塔鲨,"['闵塔鲨', '迪丽热巴']",https://s.weibo.com/weibo?q=%23%E8%BF%AA%E4%B8%BD%E7%83%AD%E5%B7%B4%20%E9%97%B5%E5%A1%94%E9%B2%A8%23
2026-08-04,2026-08-04T11:42:53+08:00,微博,文娱热搜榜,微博热搜榜-文娱条目,,8,罗正经纪人问到底动了谁的蛋糕,艺人,总榜排名 23；热度 438669；新,,罗正经纪人问到底动了谁的蛋糕,['罗正'],https://s.weibo.com/weibo?q=%23%E7%BD%97%E6%AD%A3%E7%BB%8F%E7%BA%AA%E4%BA%BA%E9%97%AE%E5%88%B0%E5%BA%95%E5%8A%A8%E4%BA%86%E8%B0%81%E7%9A%84%E8%9B%8B%E7%B3%95%23
2026-08-04,2026-08-04T11:42:53+08:00,微博,文娱热搜榜,微博热搜榜-文娱条目,,9,Wendy的胯引起热议,艺人,总榜排名 26；热度 430769,,Wendy的胯引起热议,['wendy'],https://s.weibo.com/weibo?q=%23Wendy%E7%9A%84%E8%83%AF%E5%BC%95%E8%B5%B7%E7%83%AD%E8%AE%AE%23
2026-08-04,2026-08-04T11:42:53+08:00,微博,文娱热搜榜,微博热搜榜-文娱条目,,10,钟美美自曝38岁母亲求职一年未果,综艺,总榜排名 28；热度 426965,,钟美美自曝38岁母亲求职一年未果,,https://s.weibo.com/weibo?q=%23%E9%92%9F%E7%BE%8E%E7%BE%8E%E8%87%AA%E6%9B%9D38%E5%B2%81%E6%AF%8D%E4%BA%B2%E6%B1%82%E8%81%8C%E4%B8%80%E5%B9%B4%E6%9C%AA%E6%9E%9C%23
2026-08-04,2026-08-04T11:42:53+08:00,微博,文娱热搜榜,微博热搜榜-文娱条目,,11,马嘉祺丁程鑫严浩翔身体现状,演出,总榜排名 29；热度 424155,,马嘉祺丁程鑫严浩翔身体现状,演出,https://s.weibo.com/weibo?q=%23%E9%A9%AC%E5%98%89%E7%A5%BA%E4%B8%81%E7%A8%8B%E9%91%AB%E4%B8%A5%E6%B5%A9%E7%BF%94%E8%BA%AB%E4%BD%93%E7%8E%B0%E7%8A%B6%23
2026-08-04,2026-08-04T11:42:53+08:00,微博,文娱热搜榜,微博热搜榜-文娱条目,,12,钟美美称被父亲家暴至今恐惧敲门声,网红,总榜排名 31；热度 419793；新,,钟美美称被父亲家暴至今恐惧敲门声,,https://s.weibo.com/weibo?q=%23%E9%92%9F%E7%BE%8E%E7%BE%8E%E7%A7%B0%E8%A2%AB%E7%88%B6%E4%BA%B2%E5%AE%B6%E6%9A%B4%E8%87%B3%E4%BB%8A%E6%81%90%E6%83%A7%E6%95%B2%E9%97%A8%E5%A3%B0%23
2026-08-04,2026-08-04T11:42:53+08:00,微博,文娱热搜榜,微博热搜榜-文娱条目,,13,钟美美谈拉黑父亲原因,网红,总榜排名 32；热度 418011；新,,钟美美谈拉黑父亲原因,,https://s.weibo.com/weibo?q=%23%E9%92%9F%E7%BE%8E%E7%BE%8E%E8%B0%88%E6%8B%89%E9%BB%91%E7%88%B6%E4%BA%B2%E5%8E%9F%E5%9B%A0%23
2026-08-04,2026-08-04T11:42:53+08:00,微博,文娱热搜榜,微博热搜榜-文娱条目,,14,Gigi库珀订婚,艺人,总榜排名 34；热度 413210；新,,Gigi库珀订婚,,https://s.weibo.com/weibo?q=%23Gigi%E5%BA%93%E7%8F%80%E8%AE%A2%E5%A9%9A%23
2026-08-04,2026-08-04T11:42:53+08:00,微博,文娱热搜榜,微博热搜榜-文娱条目,,15,偶遇宋威龙全伊伦散步,艺人,总榜排名 36；热度 409871；新,,偶遇宋威龙全伊伦散步,"['宋威龙', '全伊伦']",https://s.weibo.com/weibo?q=%23%E5%81%B6%E9%81%87%E5%AE%8B%E5%A8%81%E9%BE%99%E5%85%A8%E4%BC%8A%E4%BC%A6%E6%95%A3%E6%AD%A5%23
2026-08-04,2026-08-04T11:42:53+08:00,微博,文娱热搜榜,微博热搜榜-文娱条目,,16,白鹿粉发特工,艺人,总榜排名 38；热度 404914；新,,白鹿粉发特工,['白鹿'],https://s.weibo.com/weibo?q=%23%E7%99%BD%E9%B9%BF%E7%B2%89%E5%8F%91%E7%89%B9%E5%B7%A5%23
2026-08-04,2026-08-04T11:42:53+08:00,微博,文娱热搜榜,微博热搜榜-文娱条目,,17,闵塔鲨删博了,艺人,总榜排名 40；热度 400817,,闵塔鲨删博了,['闵塔鲨'],https://s.weibo.com/weibo?q=%23%E9%97%B5%E5%A1%94%E9%B2%A8%E5%88%A0%E5%8D%9A%E4%BA%86%23
2026-08-04,2026-08-04T11:42:53+08:00,微博,文娱热搜榜,微博热搜榜-文娱条目,,18,被裁掉的女孩第二季口碑翻车,剧集,总榜排名 45；热度 389164；新,,被裁掉的女孩第二季口碑翻车,剧集,https://s.weibo.com/weibo?q=%23%E8%A2%AB%E8%A3%81%E6%8E%89%E7%9A%84%E5%A5%B3%E5%AD%A9%E7%AC%AC%E4%BA%8C%E5%AD%A3%E5%8F%A3%E7%A2%91%E7%BF%BB%E8%BD%A6%23
2026-08-04,2026-08-04T11:42:53+08:00,微博,文娱热搜榜,微博热搜榜-文娱条目,,19,仙剑翻拍吗我有人选,剧集,总榜排名 46；热度 387875；新,,仙剑翻拍吗我有人选,剧集,https://s.weibo.com/weibo?q=%23%E4%BB%99%E5%89%91%E7%BF%BB%E6%8B%8D%E5%90%97%E6%88%91%E6%9C%89%E4%BA%BA%E9%80%89%23
2026-08-04,2026-08-04T11:42:53+08:00,微博,文娱热搜榜,微博热搜榜-文娱条目,,20,凤不栖官宣杀青,剧集,总榜排名 48；热度 382150；新,,凤不栖官宣杀青,剧集,https://s.weibo.com/weibo?q=%23%E5%87%A4%E4%B8%8D%E6%A0%96%E5%AE%98%E5%AE%A3%E6%9D%80%E9%9D%92%23
2026-08-04,2026-08-04T11:42:53+08:00,微博,文娱热搜榜,微博热搜榜-文娱条目,,21,严浩翔看到粉丝要打耳洞的反应,艺人,总榜排名 49；热度 379992；新,,严浩翔看到粉丝要打耳洞的反应,['严浩翔'],https://s.weibo.com/weibo?q=%23%E4%B8%A5%E6%B5%A9%E7%BF%94%E7%9C%8B%E5%88%B0%E7%B2%89%E4%B8%9D%E8%A6%81%E6%89%93%E8%80%B3%E6%B4%9E%E7%9A%84%E5%8F%8D%E5%BA%94%23
2026-08-04,2026-08-04T11:42:53+08:00,微博,文娱热搜榜,微博热搜榜-文娱条目,,22,宋亚轩这个折叠度,艺人,总榜排名 50；热度 377957；新,,宋亚轩这个折叠度,['宋亚轩'],https://s.weibo.com/weibo?q=%23%E5%AE%8B%E4%BA%9A%E8%BD%A9%E8%BF%99%E4%B8%AA%E6%8A%98%E5%8F%A0%E5%BA%A6%23
