snapshot_date,captured_at,platform,chart,official_chart,platform_date,rank,song_name,artist,chart_metric,duration,song_id,album_id,source_url
2026-07-25,2026-07-25T15:27:25+08:00,QQ音乐,热歌榜,热歌榜,2026-07-25,1,Less than a Lover,JENNIE (제니),新进,,709877824,0020Qh2y3qVF9M,https://y.qq.com/n/ryqq/toplist/26
2026-07-25,2026-07-25T15:27:25+08:00,QQ音乐,热歌榜,热歌榜,2026-07-25,2,甲乙丙丁 (你我怎么两清),李佳薇,下降 1,,696262512,00446QRA1fTdqA,https://y.qq.com/n/ryqq/toplist/26
2026-07-25,2026-07-25T15:27:25+08:00,QQ音乐,热歌榜,热歌榜,2026-07-25,3,KISS N TELL,aespa (에스파),上升 128,,710110979,001XxyUp4Wkbbt,https://y.qq.com/n/ryqq/toplist/26
2026-07-25,2026-07-25T15:27:25+08:00,QQ音乐,热歌榜,热歌榜,2026-07-25,4,失眠,Suki刘舒妤,下降 1,,4733575,002xCeeN4EJ1Ke,https://y.qq.com/n/ryqq/toplist/26
2026-07-25,2026-07-25T15:27:25+08:00,QQ音乐,热歌榜,热歌榜,2026-07-25,5,无人之岛,任然,下降 3,,203452364,002lMPc30c4rOO,https://y.qq.com/n/ryqq/toplist/26
2026-07-25,2026-07-25T15:27:25+08:00,QQ音乐,热歌榜,热歌榜,2026-07-25,6,ANGEL (天使),尹美莱 (윤미래)/Tiger JK/Bizzy (비지),下降 1,,101138130,000qiKcT05rSr9,https://y.qq.com/n/ryqq/toplist/26
2026-07-25,2026-07-25T15:27:25+08:00,QQ音乐,热歌榜,热歌榜,2026-07-25,7,樱花草,Sweety,下降 3,,481456,000pKXff1doeOd,https://y.qq.com/n/ryqq/toplist/26
2026-07-25,2026-07-25T15:27:25+08:00,QQ音乐,热歌榜,热歌榜,2026-07-25,8,恋人,李荣浩,下降 1,,496054946,004HaG7p4ZkhXA,https://y.qq.com/n/ryqq/toplist/26
2026-07-25,2026-07-25T15:27:25+08:00,QQ音乐,热歌榜,热歌榜,2026-07-25,9,雨爱,杨丞琳,下降 1,,645819,000jcKFG0sQrD0,https://y.qq.com/n/ryqq/toplist/26
2026-07-25,2026-07-25T15:27:25+08:00,QQ音乐,热歌榜,热歌榜,2026-07-25,10,空心 (Live),黄霄雲/刘端端,0,,708620814,0041Hhx80wRmCK,https://y.qq.com/n/ryqq/toplist/26
2026-07-25,2026-07-25T15:27:25+08:00,QQ音乐,热歌榜,热歌榜,2026-07-25,11,阴天,莫文蔚,下降 2,,4830345,000hTTJN3oScZr,https://y.qq.com/n/ryqq/toplist/26
2026-07-25,2026-07-25T15:27:25+08:00,QQ音乐,热歌榜,热歌榜,2026-07-25,12,我怀念的,孙燕姿,下降 1,,5211338,000P3l050Olt27,https://y.qq.com/n/ryqq/toplist/26
2026-07-25,2026-07-25T15:27:25+08:00,QQ音乐,热歌榜,热歌榜,2026-07-25,13,爱错,王力宏,上升 1,,105905415,002ElVxf43rOue,https://y.qq.com/n/ryqq/toplist/26
2026-07-25,2026-07-25T15:27:25+08:00,QQ音乐,热歌榜,热歌榜,2026-07-25,14,雨过后的风景,Dizzy Dizzo (蔡诗芸),下降 2,,1960263,0038xSkp1EcVBf,https://y.qq.com/n/ryqq/toplist/26
2026-07-25,2026-07-25T15:27:25+08:00,QQ音乐,热歌榜,热歌榜,2026-07-25,15,唯一,G.E.M. 邓紫棋,上升 2,,438910555,002d6m7k0xCbSv,https://y.qq.com/n/ryqq/toplist/26
2026-07-25,2026-07-25T15:27:25+08:00,QQ音乐,热歌榜,热歌榜,2026-07-25,16,讨厌,芮恩,下降 1,,138194,001EFkTG1wgW4n,https://y.qq.com/n/ryqq/toplist/26
2026-07-25,2026-07-25T15:27:25+08:00,QQ音乐,热歌榜,热歌榜,2026-07-25,17,Always Online,林俊杰,下降 1,,447257,002g6zv02X7SNi,https://y.qq.com/n/ryqq/toplist/26
2026-07-25,2026-07-25T15:27:25+08:00,QQ音乐,热歌榜,热歌榜,2026-07-25,18,盛夏的果实,莫文蔚,下降 5,,4830161,000KeV8l1PIjxt,https://y.qq.com/n/ryqq/toplist/26
2026-07-25,2026-07-25T15:27:25+08:00,QQ音乐,热歌榜,热歌榜,2026-07-25,19,我不难过,孙燕姿,下降 1,,8136,004VSvF52mQoQp,https://y.qq.com/n/ryqq/toplist/26
2026-07-25,2026-07-25T15:27:25+08:00,QQ音乐,热歌榜,热歌榜,2026-07-25,20,特别的人,方大同,下降 1,,5293866,000GvdTR0qcKh8,https://y.qq.com/n/ryqq/toplist/26
2026-07-25,2026-07-25T15:27:25+08:00,QQ音乐,热歌榜,热歌榜,2026-07-25,21,演员,薛之谦,0,,102636799,003y8dsH2wBHlo,https://y.qq.com/n/ryqq/toplist/26
2026-07-25,2026-07-25T15:27:25+08:00,QQ音乐,热歌榜,热歌榜,2026-07-25,22,红色高跟鞋,蔡健雅,0,,624649,002dOge41xlS8x,https://y.qq.com/n/ryqq/toplist/26
2026-07-25,2026-07-25T15:27:25+08:00,QQ音乐,热歌榜,热歌榜,2026-07-25,23,情歌,梁静茹,下降 3,,462188,002E4IXe1ESUij,https://y.qq.com/n/ryqq/toplist/26
2026-07-25,2026-07-25T15:27:25+08:00,QQ音乐,热歌榜,热歌榜,2026-07-25,24,Beauty And A Beat,Justin Bieber/Nicki Minaj,0,,1473252,002XddZv4cGsXb,https://y.qq.com/n/ryqq/toplist/26
2026-07-25,2026-07-25T15:27:25+08:00,QQ音乐,热歌榜,热歌榜,2026-07-25,25,开始懂了,孙燕姿,上升 5,,5646,004KRIQr1oCp2A,https://y.qq.com/n/ryqq/toplist/26
2026-07-25,2026-07-25T15:27:25+08:00,QQ音乐,热歌榜,热歌榜,2026-07-25,26,春娇与志明,街道办GDC/欧阳耀莹,下降 3,,205357640,000lrXyA0MlEEo,https://y.qq.com/n/ryqq/toplist/26
2026-07-25,2026-07-25T15:27:25+08:00,QQ音乐,热歌榜,热歌榜,2026-07-25,27,江南,林俊杰,下降 2,,9063002,000y5gq7449K9I,https://y.qq.com/n/ryqq/toplist/26
2026-07-25,2026-07-25T15:27:25+08:00,QQ音乐,热歌榜,热歌榜,2026-07-25,28,其实,薛之谦,下降 1,,104775877,000QgFcm0v8WaF,https://y.qq.com/n/ryqq/toplist/26
2026-07-25,2026-07-25T15:27:25+08:00,QQ音乐,热歌榜,热歌榜,2026-07-25,29,我们俩,郭顶,下降 1,,105413206,003sMyYb4HZAAz,https://y.qq.com/n/ryqq/toplist/26
2026-07-25,2026-07-25T15:27:25+08:00,QQ音乐,热歌榜,热歌榜,2026-07-25,30,多远都要在一起,G.E.M. 邓紫棋,上升 3,,102174489,003c616O2Zlswm,https://y.qq.com/n/ryqq/toplist/26
2026-07-25,2026-07-25T15:27:25+08:00,QQ音乐,热歌榜,热歌榜,2026-07-25,31,离开我的依赖,王艳薇,下降 5,,253383943,004CSyAN1oc97b,https://y.qq.com/n/ryqq/toplist/26
2026-07-25,2026-07-25T15:27:25+08:00,QQ音乐,热歌榜,热歌榜,2026-07-25,32,心墙,郭静,下降 1,,474797,003EHcB24J8t9Z,https://y.qq.com/n/ryqq/toplist/26
2026-07-25,2026-07-25T15:27:25+08:00,QQ音乐,热歌榜,热歌榜,2026-07-25,33,街道,林俊杰,下降 1,,447258,002g6zv02X7SNi,https://y.qq.com/n/ryqq/toplist/26
2026-07-25,2026-07-25T15:27:25+08:00,QQ音乐,热歌榜,热歌榜,2026-07-25,34,偏爱,张芸京,0,,473137,003ha6C92GRuVE,https://y.qq.com/n/ryqq/toplist/26
2026-07-25,2026-07-25T15:27:25+08:00,QQ音乐,热歌榜,热歌榜,2026-07-25,35,Copines,Aya Nakamura,下降 6,,221075279,000cg2qP1c8ceJ,https://y.qq.com/n/ryqq/toplist/26
2026-07-25,2026-07-25T15:27:25+08:00,QQ音乐,热歌榜,热歌榜,2026-07-25,36,后会无期,徐良/汪苏泷,0,,7112743,002apRhZ4Bq99d,https://y.qq.com/n/ryqq/toplist/26
2026-07-25,2026-07-25T15:27:25+08:00,QQ音乐,热歌榜,热歌榜,2026-07-25,37,富士山下,陈奕迅,下降 2,,260678,004Z85XP1c25b7,https://y.qq.com/n/ryqq/toplist/26
2026-07-25,2026-07-25T15:27:25+08:00,QQ音乐,热歌榜,热歌榜,2026-07-25,38,素颜,许嵩/何曼婷,下降 1,,101813361,0035f8nw11cjkf,https://y.qq.com/n/ryqq/toplist/26
2026-07-25,2026-07-25T15:27:25+08:00,QQ音乐,热歌榜,热歌榜,2026-07-25,39,晴天,周杰伦,0,,97773,000MkMni19ClKG,https://y.qq.com/n/ryqq/toplist/26
2026-07-25,2026-07-25T15:27:25+08:00,QQ音乐,热歌榜,热歌榜,2026-07-25,40,Baby,Justin Bieber/Ludacris,0,,203644381,002TfnxG2yN1na,https://y.qq.com/n/ryqq/toplist/26
2026-07-25,2026-07-25T15:27:25+08:00,QQ音乐,热歌榜,热歌榜,2026-07-25,41,坏女孩,徐良/小凌,下降 3,,7112749,002apRhZ4Bq99d,https://y.qq.com/n/ryqq/toplist/26
2026-07-25,2026-07-25T15:27:25+08:00,QQ音乐,热歌榜,热歌榜,2026-07-25,42,背对背拥抱,林俊杰,下降 1,,648231,002C0kX720gMQi,https://y.qq.com/n/ryqq/toplist/26
2026-07-25,2026-07-25T15:27:25+08:00,QQ音乐,热歌榜,热歌榜,2026-07-25,43,遇见,孙燕姿,下降 1,,8145,002ehzTm0TxXC2,https://y.qq.com/n/ryqq/toplist/26
2026-07-25,2026-07-25T15:27:25+08:00,QQ音乐,热歌榜,热歌榜,2026-07-25,44,不将就,李荣浩,上升 2,,102367085,001fi1zG0EjU2u,https://y.qq.com/n/ryqq/toplist/26
2026-07-25,2026-07-25T15:27:25+08:00,QQ音乐,热歌榜,热歌榜,2026-07-25,45,海阔天空,BEYOND,下降 1,,4835784,002qcJuX3lO3EZ,https://y.qq.com/n/ryqq/toplist/26
2026-07-25,2026-07-25T15:27:25+08:00,QQ音乐,热歌榜,热歌榜,2026-07-25,46,瞬,郑润泽,上升 2,,422061155,001qvyI10urb5z,https://y.qq.com/n/ryqq/toplist/26
2026-07-25,2026-07-25T15:27:25+08:00,QQ音乐,热歌榜,热歌榜,2026-07-25,47,十年,陈奕迅,上升 2,,4830342,000GDz8k03UOaI,https://y.qq.com/n/ryqq/toplist/26
2026-07-25,2026-07-25T15:27:25+08:00,QQ音乐,热歌榜,热歌榜,2026-07-25,48,最佳损友,陈奕迅,下降 3,,1338414,002FT46H18G1jW,https://y.qq.com/n/ryqq/toplist/26
2026-07-25,2026-07-25T15:27:25+08:00,QQ音乐,热歌榜,热歌榜,2026-07-25,49,泡沫,G.E.M. 邓紫棋,上升 2,,1530858,002YFufr4bXZyI,https://y.qq.com/n/ryqq/toplist/26
2026-07-25,2026-07-25T15:27:25+08:00,QQ音乐,热歌榜,热歌榜,2026-07-25,50,你要的全拿走,胡彦斌,上升 3,,212808217,001eyHlv2fu50T,https://y.qq.com/n/ryqq/toplist/26
2026-07-25,2026-07-25T15:27:25+08:00,QQ音乐,热歌榜,热歌榜,2026-07-25,51,天外来物,薛之谦,上升 1,,272125057,000K9Zp13TZp5s,https://y.qq.com/n/ryqq/toplist/26
2026-07-25,2026-07-25T15:27:25+08:00,QQ音乐,热歌榜,热歌榜,2026-07-25,52,你有没有真的爱过我,阿图表妹,下降 5,,663654314,003dkz1e31kMCF,https://y.qq.com/n/ryqq/toplist/26
2026-07-25,2026-07-25T15:27:25+08:00,QQ音乐,热歌榜,热歌榜,2026-07-25,53,云儿,喻言,新进,,709612764,000OKrMP12fasl,https://y.qq.com/n/ryqq/toplist/26
2026-07-25,2026-07-25T15:27:25+08:00,QQ音乐,热歌榜,热歌榜,2026-07-25,54,美人鱼,林俊杰,下降 4,,95292,000y5gq7449K9I,https://y.qq.com/n/ryqq/toplist/26
2026-07-25,2026-07-25T15:27:25+08:00,QQ音乐,热歌榜,热歌榜,2026-07-25,55,麦恩莉,方大同,0,,2550926,000ih4iv3HCmno,https://y.qq.com/n/ryqq/toplist/26
2026-07-25,2026-07-25T15:27:25+08:00,QQ音乐,热歌榜,热歌榜,2026-07-25,56,认真的雪,薛之谦,0,,1333803,003mUYW22JXKVK,https://y.qq.com/n/ryqq/toplist/26
2026-07-25,2026-07-25T15:27:25+08:00,QQ音乐,热歌榜,热歌榜,2026-07-25,57,下完这场雨,后弦,上升 44,,108787382,004ZXlA63dZBCa,https://y.qq.com/n/ryqq/toplist/26
2026-07-25,2026-07-25T15:27:25+08:00,QQ音乐,热歌榜,热歌榜,2026-07-25,58,Letting Go,蔡健雅,下降 1,,1030353,001aC9dM35U6KB,https://y.qq.com/n/ryqq/toplist/26
2026-07-25,2026-07-25T15:27:25+08:00,QQ音乐,热歌榜,热歌榜,2026-07-25,59,爱情讯息,郭静,上升 1,,876549,003PKZMI1Wyx1A,https://y.qq.com/n/ryqq/toplist/26
2026-07-25,2026-07-25T15:27:25+08:00,QQ音乐,热歌榜,热歌榜,2026-07-25,60,半壶纱,刘珂矣,下降 1,,7048773,0009EZjm1c7iQe,https://y.qq.com/n/ryqq/toplist/26
2026-07-25,2026-07-25T15:27:25+08:00,QQ音乐,热歌榜,热歌榜,2026-07-25,61,修炼爱情,林俊杰,下降 3,,5063375,001gqOnU3DTg2S,https://y.qq.com/n/ryqq/toplist/26
2026-07-25,2026-07-25T15:27:25+08:00,QQ音乐,热歌榜,热歌榜,2026-07-25,62,最后一页,江语晨,上升 1,,721636,003FO4XF40Ky8L,https://y.qq.com/n/ryqq/toplist/26
2026-07-25,2026-07-25T15:27:25+08:00,QQ音乐,热歌榜,热歌榜,2026-07-25,63,至少还有你,林忆莲,下降 1,,102204563,001JqgRv0mRHEQ,https://y.qq.com/n/ryqq/toplist/26
2026-07-25,2026-07-25T15:27:25+08:00,QQ音乐,热歌榜,热歌榜,2026-07-25,64,倒数,G.E.M. 邓紫棋,上升 1,,215540451,003cKIKZ1J4Yyu,https://y.qq.com/n/ryqq/toplist/26
2026-07-25,2026-07-25T15:27:25+08:00,QQ音乐,热歌榜,热歌榜,2026-07-25,65,Fever Pitch,Richz,下降 11,,650672929,0013EMSw3bvHuu,https://y.qq.com/n/ryqq/toplist/26
2026-07-25,2026-07-25T15:27:25+08:00,QQ音乐,热歌榜,热歌榜,2026-07-25,66,如愿,王菲,上升 4,,326584182,004Kbn3m2HV9Y3,https://y.qq.com/n/ryqq/toplist/26
2026-07-25,2026-07-25T15:27:25+08:00,QQ音乐,热歌榜,热歌榜,2026-07-25,67,愿与愁,林俊杰,上升 9,,405007729,004ZOIop1doXru,https://y.qq.com/n/ryqq/toplist/26
2026-07-25,2026-07-25T15:27:25+08:00,QQ音乐,热歌榜,热歌榜,2026-07-25,68,IF YOU,BIGBANG (빅뱅),上升 17,,102793935,001xpUdt2jEjWu,https://y.qq.com/n/ryqq/toplist/26
2026-07-25,2026-07-25T15:27:25+08:00,QQ音乐,热歌榜,热歌榜,2026-07-25,69,第57次取消发送,菲菲公主（陆绮菲）,0,,560063927,000KrDC019mc82,https://y.qq.com/n/ryqq/toplist/26
2026-07-25,2026-07-25T15:27:25+08:00,QQ音乐,热歌榜,热歌榜,2026-07-25,70,如果爱忘了 (Live),汪苏泷/单依纯,下降 6,,471040573,001rd1S93gcWUF,https://y.qq.com/n/ryqq/toplist/26
2026-07-25,2026-07-25T15:27:25+08:00,QQ音乐,热歌榜,热歌榜,2026-07-25,71,可不可以,张紫豪,下降 10,,213958134,004VR1w241uBhB,https://y.qq.com/n/ryqq/toplist/26
2026-07-25,2026-07-25T15:27:25+08:00,QQ音乐,热歌榜,热歌榜,2026-07-25,72,会呼吸的痛,梁静茹,上升 1,,411228,002oy2Mp3I8Rgo,https://y.qq.com/n/ryqq/toplist/26
2026-07-25,2026-07-25T15:27:25+08:00,QQ音乐,热歌榜,热歌榜,2026-07-25,73,黄昏,周传雄,下降 2,,526713,001U6x8f2uJhig,https://y.qq.com/n/ryqq/toplist/26
2026-07-25,2026-07-25T15:27:25+08:00,QQ音乐,热歌榜,热歌榜,2026-07-25,74,Love Story,Taylor Swift,上升 5,,639141,002Q1XUj3HBAzw,https://y.qq.com/n/ryqq/toplist/26
2026-07-25,2026-07-25T15:27:25+08:00,QQ音乐,热歌榜,热歌榜,2026-07-25,75,出现又离开 (Live),梁博,下降 1,,231594573,000eQZ1q4g6AsF,https://y.qq.com/n/ryqq/toplist/26
2026-07-25,2026-07-25T15:27:25+08:00,QQ音乐,热歌榜,热歌榜,2026-07-25,76,是非题,莫文蔚,上升 33,,4933775,002HGTBj1YlOAn,https://y.qq.com/n/ryqq/toplist/26
2026-07-25,2026-07-25T15:27:25+08:00,QQ音乐,热歌榜,热歌榜,2026-07-25,77,句号,G.E.M. 邓紫棋,上升 6,,247347346,0049MVh824D7bM,https://y.qq.com/n/ryqq/toplist/26
2026-07-25,2026-07-25T15:27:25+08:00,QQ音乐,热歌榜,热歌榜,2026-07-25,78,街角的晚风,陈小春,下降 6,,622453461,0028jKt80PGmlB,https://y.qq.com/n/ryqq/toplist/26
2026-07-25,2026-07-25T15:27:25+08:00,QQ音乐,热歌榜,热歌榜,2026-07-25,79,那些你很冒险的梦,林俊杰,下降 11,,102388808,002PQCmo2azasb,https://y.qq.com/n/ryqq/toplist/26
2026-07-25,2026-07-25T15:27:25+08:00,QQ音乐,热歌榜,热歌榜,2026-07-25,80,一样的月光,徐佳莹,0,,7063423,000cchEp2CGNEf,https://y.qq.com/n/ryqq/toplist/26
2026-07-25,2026-07-25T15:27:25+08:00,QQ音乐,热歌榜,热歌榜,2026-07-25,81,勇气,梁静茹,下降 3,,4830164,001DEgPu1004bl,https://y.qq.com/n/ryqq/toplist/26
2026-07-25,2026-07-25T15:27:25+08:00,QQ音乐,热歌榜,热歌榜,2026-07-25,82,The Other Side Of Paradise (Explicit),Glass Animals,上升 23,,319782348,001eucpH3ZIJnM,https://y.qq.com/n/ryqq/toplist/26
2026-07-25,2026-07-25T15:27:25+08:00,QQ音乐,热歌榜,热歌榜,2026-07-25,83,如果可以,韦礼安,下降 8,,330977131,003WBcyJ1siUkh,https://y.qq.com/n/ryqq/toplist/26
2026-07-25,2026-07-25T15:27:25+08:00,QQ音乐,热歌榜,热歌榜,2026-07-25,84,下一个天亮,郭静,上升 9,,876541,003PKZMI1Wyx1A,https://y.qq.com/n/ryqq/toplist/26
2026-07-25,2026-07-25T15:27:25+08:00,QQ音乐,热歌榜,热歌榜,2026-07-25,85,吹吹山顶的风,巴扎黑,下降 18,,704031733,003fdCjM2I4CYg,https://y.qq.com/n/ryqq/toplist/26
2026-07-25,2026-07-25T15:27:25+08:00,QQ音乐,热歌榜,热歌榜,2026-07-25,86,爱我还是他,陶喆,下降 4,,7211247,003ofGzS3C23Ow,https://y.qq.com/n/ryqq/toplist/26
2026-07-25,2026-07-25T15:27:25+08:00,QQ音乐,热歌榜,热歌榜,2026-07-25,87,我知道,BY2,下降 6,,470336,001P410a0Iq4K0,https://y.qq.com/n/ryqq/toplist/26
2026-07-25,2026-07-25T15:27:25+08:00,QQ音乐,热歌榜,热歌榜,2026-07-25,88,红尘客栈,周杰伦,下降 4,,5177680,003Ow85E3pnoqi,https://y.qq.com/n/ryqq/toplist/26
2026-07-25,2026-07-25T15:27:25+08:00,QQ音乐,热歌榜,热歌榜,2026-07-25,89,恶作剧,王蓝茵,上升 2,,257621,0031ftBk2foLzq,https://y.qq.com/n/ryqq/toplist/26
2026-07-25,2026-07-25T15:27:25+08:00,QQ音乐,热歌榜,热歌榜,2026-07-25,90,童话,光良,上升 22,,4830267,002AaUF60cnS3w,https://y.qq.com/n/ryqq/toplist/26
2026-07-25,2026-07-25T15:27:25+08:00,QQ音乐,热歌榜,热歌榜,2026-07-25,91,静音恋人 (两颗缠绕的心),礼越,下降 14,,655822815,0002luCJ26Yi4n,https://y.qq.com/n/ryqq/toplist/26
2026-07-25,2026-07-25T15:27:25+08:00,QQ音乐,热歌榜,热歌榜,2026-07-25,92,有何不可,许嵩,上升 4,,102296985,002KSDg90IaScI,https://y.qq.com/n/ryqq/toplist/26
2026-07-25,2026-07-25T15:27:25+08:00,QQ音乐,热歌榜,热歌榜,2026-07-25,93,幻听,许嵩,下降 27,,1531817,004RbL3b0BDIe2,https://y.qq.com/n/ryqq/toplist/26
2026-07-25,2026-07-25T15:27:25+08:00,QQ音乐,热歌榜,热歌榜,2026-07-25,94,同花顺,林倛玉,上升 5,,103970682,004789lA4cH3Kq,https://y.qq.com/n/ryqq/toplist/26
2026-07-25,2026-07-25T15:27:25+08:00,QQ音乐,热歌榜,热歌榜,2026-07-25,95,我们的歌,王力宏,下降 5,,102193483,002Zwh5p4HgecI,https://y.qq.com/n/ryqq/toplist/26
2026-07-25,2026-07-25T15:27:25+08:00,QQ音乐,热歌榜,热歌榜,2026-07-25,96,小半,陈粒,下降 7,,107762070,004fAhFe0fdHYF,https://y.qq.com/n/ryqq/toplist/26
2026-07-25,2026-07-25T15:27:25+08:00,QQ音乐,热歌榜,热歌榜,2026-07-25,97,一个人想着一个人,曾沛慈,下降 11,,4716045,003wP0m32WRVql,https://y.qq.com/n/ryqq/toplist/26
2026-07-25,2026-07-25T15:27:25+08:00,QQ音乐,热歌榜,热歌榜,2026-07-25,98,夏夜最后的烟火,颜人中,下降 10,,459088908,002tspXk0JB6qZ,https://y.qq.com/n/ryqq/toplist/26
2026-07-25,2026-07-25T15:27:25+08:00,QQ音乐,热歌榜,热歌榜,2026-07-25,99,后来,刘若英,下降 1,,4830150,0017zqT34WuQwa,https://y.qq.com/n/ryqq/toplist/26
2026-07-25,2026-07-25T15:27:25+08:00,QQ音乐,热歌榜,热歌榜,2026-07-25,100,夏天的风,温岚,下降 13,,140269,001LB0Mp3zyU1Z,https://y.qq.com/n/ryqq/toplist/26
2026-07-25,2026-07-25T15:27:25+08:00,QQ音乐,飙升榜,飙升榜,2026-07-25,1,Less than a Lover,JENNIE (제니),热度 100%,,709877824,0020Qh2y3qVF9M,https://y.qq.com/n/ryqq/toplist/62
2026-07-25,2026-07-25T15:27:25+08:00,QQ音乐,飙升榜,飙升榜,2026-07-25,2,KISS N TELL,aespa (에스파),热度 42%,,710110979,001XxyUp4Wkbbt,https://y.qq.com/n/ryqq/toplist/62
2026-07-25,2026-07-25T15:27:25+08:00,QQ音乐,飙升榜,飙升榜,2026-07-25,3,雪崩,王源,热度 18%,,587941417,004RlWZ52GsCrG,https://y.qq.com/n/ryqq/toplist/62
2026-07-25,2026-07-25T15:27:25+08:00,QQ音乐,飙升榜,飙升榜,2026-07-25,4,Animal,KATSEYE,热度 16%,,710270896,0006CsLJ0FVHKX,https://y.qq.com/n/ryqq/toplist/62
2026-07-25,2026-07-25T15:27:25+08:00,QQ音乐,飙升榜,飙升榜,2026-07-25,5,Orbit Pop,aespa (에스파),热度 15%,,710110996,001XxyUp4Wkbbt,https://y.qq.com/n/ryqq/toplist/62
2026-07-25,2026-07-25T15:27:25+08:00,QQ音乐,飙升榜,飙升榜,2026-07-25,6,Fangirl,aespa (에스파),热度 14%,,710110980,001XxyUp4Wkbbt,https://y.qq.com/n/ryqq/toplist/62
2026-07-25,2026-07-25T15:27:25+08:00,QQ音乐,飙升榜,飙升榜,2026-07-25,7,Done with Rules,aespa (에스파),热度 14%,,710110969,001XxyUp4Wkbbt,https://y.qq.com/n/ryqq/toplist/62
2026-07-25,2026-07-25T15:27:25+08:00,QQ音乐,飙升榜,飙升榜,2026-07-25,8,kick,何浩楠,热度 14%,,710223269,003tARiO3v9OTh,https://y.qq.com/n/ryqq/toplist/62
2026-07-25,2026-07-25T15:27:25+08:00,QQ音乐,飙升榜,飙升榜,2026-07-25,9,In Halo,aespa (에스파),热度 13%,,710111009,001XxyUp4Wkbbt,https://y.qq.com/n/ryqq/toplist/62
2026-07-25,2026-07-25T15:27:25+08:00,QQ音乐,飙升榜,飙升榜,2026-07-25,10,DREAMING,ZHANGYE/Skylar Grey,热度 11%,,709868168,0039qNQ62C9uGt,https://y.qq.com/n/ryqq/toplist/62
2026-07-25,2026-07-25T15:27:25+08:00,QQ音乐,飙升榜,飙升榜,2026-07-25,11,ATTITUDE,aespa (에스파),热度 11%,,710110997,001XxyUp4Wkbbt,https://y.qq.com/n/ryqq/toplist/62
2026-07-25,2026-07-25T15:27:25+08:00,QQ音乐,飙升榜,飙升榜,2026-07-25,12,甲乙丙丁 (你我怎么两清),李佳薇,热度 9%,,696262512,00446QRA1fTdqA,https://y.qq.com/n/ryqq/toplist/62
2026-07-25,2026-07-25T15:27:25+08:00,QQ音乐,飙升榜,飙升榜,2026-07-25,13,言不由衷 (Live),黄子弘凡/Rapeter,热度 8%,,710434076,003FiJ9j2s7DKN,https://y.qq.com/n/ryqq/toplist/62
2026-07-25,2026-07-25T15:27:25+08:00,QQ音乐,飙升榜,飙升榜,2026-07-25,14,梦幻诛仙,汪苏泷,热度 7%,,109108877,0030iuSu0jDwnF,https://y.qq.com/n/ryqq/toplist/62
2026-07-25,2026-07-25T15:27:25+08:00,QQ音乐,飙升榜,飙升榜,2026-07-25,15,月牙湾,安崎,热度 7%,,709910161,002EU2uN2DfEMn,https://y.qq.com/n/ryqq/toplist/62
2026-07-25,2026-07-25T15:27:25+08:00,QQ音乐,飙升榜,飙升榜,2026-07-25,16,云儿,喻言,热度 7%,,709612764,000OKrMP12fasl,https://y.qq.com/n/ryqq/toplist/62
2026-07-25,2026-07-25T15:27:25+08:00,QQ音乐,飙升榜,飙升榜,2026-07-25,17,童话,光良,热度 7%,,4830267,002AaUF60cnS3w,https://y.qq.com/n/ryqq/toplist/62
2026-07-25,2026-07-25T15:27:25+08:00,QQ音乐,飙升榜,飙升榜,2026-07-25,18,思念是一种病,张震岳/蔡健雅,热度 7%,,103697658,0044oT0A0isMzR,https://y.qq.com/n/ryqq/toplist/62
2026-07-25,2026-07-25T15:27:25+08:00,QQ音乐,飙升榜,飙升榜,2026-07-25,19,我不难过,孙燕姿,热度 7%,,8136,004VSvF52mQoQp,https://y.qq.com/n/ryqq/toplist/62
2026-07-25,2026-07-25T15:27:25+08:00,QQ音乐,飙升榜,飙升榜,2026-07-25,20,别在伤口撒盐 (男声版),赵家豪,热度 6%,,706551964,0048XsGm2eUO2z,https://y.qq.com/n/ryqq/toplist/62
2026-07-25,2026-07-25T15:27:25+08:00,QQ音乐,飙升榜,飙升榜,2026-07-25,21,JUST FOR THE NIGHT,HENRY刘宪华,热度 6%,,709659254,000LDvbF3cIn2A,https://y.qq.com/n/ryqq/toplist/62
2026-07-25,2026-07-25T15:27:25+08:00,QQ音乐,飙升榜,飙升榜,2026-07-25,22,Go 4 It! 就在此刻,希林娜依高/LABUBU,热度 6%,,709881043,002SXsW130LJED,https://y.qq.com/n/ryqq/toplist/62
2026-07-25,2026-07-25T15:27:25+08:00,QQ音乐,飙升榜,飙升榜,2026-07-25,23,妥协（王俊凯live）,茉莉雨.,热度 5%,,710171495,004TmGaU4g7Ijw,https://y.qq.com/n/ryqq/toplist/62
2026-07-25,2026-07-25T15:27:25+08:00,QQ音乐,飙升榜,飙升榜,2026-07-25,24,开始懂了,孙燕姿,热度 5%,,5646,004KRIQr1oCp2A,https://y.qq.com/n/ryqq/toplist/62
2026-07-25,2026-07-25T15:27:25+08:00,QQ音乐,飙升榜,飙升榜,2026-07-25,25,知了,陈默之,热度 5%,,482500528,000fHDnB1K1Hcf,https://y.qq.com/n/ryqq/toplist/62
2026-07-25,2026-07-25T15:27:25+08:00,QQ音乐,飙升榜,飙升榜,2026-07-25,26,幻听,许嵩,热度 5%,,1531817,004RbL3b0BDIe2,https://y.qq.com/n/ryqq/toplist/62
2026-07-25,2026-07-25T15:27:25+08:00,QQ音乐,飙升榜,飙升榜,2026-07-25,27,Camera (Explicit),Charli xcx,热度 5%,,710081877,002roWi13DbaoC,https://y.qq.com/n/ryqq/toplist/62
2026-07-25,2026-07-25T15:27:25+08:00,QQ音乐,飙升榜,飙升榜,2026-07-25,28,明天过后,张杰,热度 4%,,273032694,000pVkCf3KsUQ9,https://y.qq.com/n/ryqq/toplist/62
2026-07-25,2026-07-25T15:27:25+08:00,QQ音乐,飙升榜,飙升榜,2026-07-25,29,慢冷 (Live),李荣浩,热度 4%,,370148568,000QVv8i2dXoC2,https://y.qq.com/n/ryqq/toplist/62
2026-07-25,2026-07-25T15:27:25+08:00,QQ音乐,飙升榜,飙升榜,2026-07-25,30,Rock Music,Charli xcx,热度 4%,,710081827,002roWi13DbaoC,https://y.qq.com/n/ryqq/toplist/62
2026-07-25,2026-07-25T15:27:25+08:00,QQ音乐,飙升榜,飙升榜,2026-07-25,31,2007,Charli xcx,热度 4%,,710081822,002roWi13DbaoC,https://y.qq.com/n/ryqq/toplist/62
2026-07-25,2026-07-25T15:27:25+08:00,QQ音乐,飙升榜,飙升榜,2026-07-25,32,有何不可,许嵩,热度 4%,,102296985,002KSDg90IaScI,https://y.qq.com/n/ryqq/toplist/62
2026-07-25,2026-07-25T15:27:25+08:00,QQ音乐,飙升榜,飙升榜,2026-07-25,33,SS26,Charli xcx,热度 4%,,710081856,002roWi13DbaoC,https://y.qq.com/n/ryqq/toplist/62
2026-07-25,2026-07-25T15:27:25+08:00,QQ音乐,飙升榜,飙升榜,2026-07-25,34,Card Declined,Charli xcx,热度 4%,,710081886,002roWi13DbaoC,https://y.qq.com/n/ryqq/toplist/62
2026-07-25,2026-07-25T15:27:25+08:00,QQ音乐,飙升榜,飙升榜,2026-07-25,35,别在伤口撒盐,张惠妹,热度 4%,,166339,003Xl0VN464omW,https://y.qq.com/n/ryqq/toplist/62
2026-07-25,2026-07-25T15:27:25+08:00,QQ音乐,飙升榜,飙升榜,2026-07-25,36,稻香,周杰伦,热度 4%,,449205,002Neh8l0uciQZ,https://y.qq.com/n/ryqq/toplist/62
2026-07-25,2026-07-25T15:27:25+08:00,QQ音乐,飙升榜,飙升榜,2026-07-25,37,你最近还好吗,Ghost (王琳凯),热度 4%,,257410171,002oDYDz3D83QZ,https://y.qq.com/n/ryqq/toplist/62
2026-07-25,2026-07-25T15:27:25+08:00,QQ音乐,飙升榜,飙升榜,2026-07-25,38,别在伤口洒盐,张惠妹,热度 4%,,856309,001I4kxU2dxwoF,https://y.qq.com/n/ryqq/toplist/62
2026-07-25,2026-07-25T15:27:25+08:00,QQ音乐,飙升榜,飙升榜,2026-07-25,39,野心家,张靓颖,热度 4%,,591592617,003TmXW52e0F4P,https://y.qq.com/n/ryqq/toplist/62
2026-07-25,2026-07-25T15:27:25+08:00,QQ音乐,飙升榜,飙升榜,2026-07-25,40,I’m Afraid,Charli xcx,热度 3%,,710081840,002roWi13DbaoC,https://y.qq.com/n/ryqq/toplist/62
2026-07-25,2026-07-25T15:27:25+08:00,QQ音乐,飙升榜,飙升榜,2026-07-25,41,失眠,Suki刘舒妤,热度 3%,,4733575,002xCeeN4EJ1Ke,https://y.qq.com/n/ryqq/toplist/62
2026-07-25,2026-07-25T15:27:25+08:00,QQ音乐,飙升榜,飙升榜,2026-07-25,42,素颜,许嵩/何曼婷,热度 3%,,101813361,0035f8nw11cjkf,https://y.qq.com/n/ryqq/toplist/62
2026-07-25,2026-07-25T15:27:25+08:00,QQ音乐,飙升榜,飙升榜,2026-07-25,43,缠,那英,热度 3%,,708701057,003mTx4M2vjsxl,https://y.qq.com/n/ryqq/toplist/62
2026-07-25,2026-07-25T15:27:25+08:00,QQ音乐,飙升榜,飙升榜,2026-07-25,44,如果当时,许嵩,热度 3%,,460049,002KSDg90IaScI,https://y.qq.com/n/ryqq/toplist/62
2026-07-25,2026-07-25T15:27:25+08:00,QQ音乐,飙升榜,飙升榜,2026-07-25,45,海阔天空,BEYOND,热度 3%,,4835784,002qcJuX3lO3EZ,https://y.qq.com/n/ryqq/toplist/62
2026-07-25,2026-07-25T15:27:25+08:00,QQ音乐,飙升榜,飙升榜,2026-07-25,46,鲜花,回春丹乐队,热度 3%,,440094680,0008dKk41MKfaW,https://y.qq.com/n/ryqq/toplist/62
2026-07-25,2026-07-25T15:27:25+08:00,QQ音乐,飙升榜,飙升榜,2026-07-25,47,多余的解释,许嵩,热度 3%,,460866,002KSDg90IaScI,https://y.qq.com/n/ryqq/toplist/62
2026-07-25,2026-07-25T15:27:25+08:00,QQ音乐,飙升榜,飙升榜,2026-07-25,48,爱如潮水,张信哲,热度 3%,,105876234,004Jb90N04Uazg,https://y.qq.com/n/ryqq/toplist/62
2026-07-25,2026-07-25T15:27:25+08:00,QQ音乐,飙升榜,飙升榜,2026-07-25,49,Yeah,Charli xcx,热度 3%,,710081849,002roWi13DbaoC,https://y.qq.com/n/ryqq/toplist/62
2026-07-25,2026-07-25T15:27:25+08:00,QQ音乐,飙升榜,飙升榜,2026-07-25,50,Angel,陶喆,热度 3%,,804558,001mvhPh0qevad,https://y.qq.com/n/ryqq/toplist/62
2026-07-25,2026-07-25T15:27:25+08:00,QQ音乐,飙升榜,飙升榜,2026-07-25,51,搁浅,周杰伦,热度 3%,,102065750,003DFRzD192KKD,https://y.qq.com/n/ryqq/toplist/62
2026-07-25,2026-07-25T15:27:25+08:00,QQ音乐,飙升榜,飙升榜,2026-07-25,52,岸边客,夏子航（2603）,热度 3%,,604768553,000JKgts2c7S5f,https://y.qq.com/n/ryqq/toplist/62
2026-07-25,2026-07-25T15:27:25+08:00,QQ音乐,飙升榜,飙升榜,2026-07-25,53,Wink Wink (Explicit),Charli xcx,热度 3%,,710081828,002roWi13DbaoC,https://y.qq.com/n/ryqq/toplist/62
2026-07-25,2026-07-25T15:27:25+08:00,QQ音乐,飙升榜,飙升榜,2026-07-25,54,相思 (老登版),炸毛登叔,热度 3%,,710168774,002jCrdb1Ijf0y,https://y.qq.com/n/ryqq/toplist/62
2026-07-25,2026-07-25T15:27:25+08:00,QQ音乐,飙升榜,飙升榜,2026-07-25,55,Persona (Explicit),Charli xcx,热度 3%,,710081872,002roWi13DbaoC,https://y.qq.com/n/ryqq/toplist/62
2026-07-25,2026-07-25T15:27:25+08:00,QQ音乐,飙升榜,飙升榜,2026-07-25,56,相思,毛阿敏,热度 3%,,4838530,0036ApPL3v2jVH,https://y.qq.com/n/ryqq/toplist/62
2026-07-25,2026-07-25T15:27:25+08:00,QQ音乐,飙升榜,飙升榜,2026-07-25,57,爱旧爱（怪我曾爱你爱的太深）,恩几,热度 3%,,710122101,003SOJ190L6pju,https://y.qq.com/n/ryqq/toplist/62
2026-07-25,2026-07-25T15:27:25+08:00,QQ音乐,飙升榜,飙升榜,2026-07-25,58,Magic Metal Montana,Charli xcx,热度 3%,,710081857,002roWi13DbaoC,https://y.qq.com/n/ryqq/toplist/62
2026-07-25,2026-07-25T15:27:25+08:00,QQ音乐,飙升榜,飙升榜,2026-07-25,59,like JENNIE (Explicit),JENNIE (제니),热度 3%,,573328244,000csqLJ2Inbeq,https://y.qq.com/n/ryqq/toplist/62
2026-07-25,2026-07-25T15:27:25+08:00,QQ音乐,飙升榜,飙升榜,2026-07-25,60,天龙八部之宿敌,许嵩,热度 3%,,4829554,002JzRQD2zjvxG,https://y.qq.com/n/ryqq/toplist/62
2026-07-25,2026-07-25T15:27:25+08:00,QQ音乐,飙升榜,飙升榜,2026-07-25,61,再见,G.E.M. 邓紫棋,热度 3%,,104883226,003c616O2Zlswm,https://y.qq.com/n/ryqq/toplist/62
2026-07-25,2026-07-25T15:27:25+08:00,QQ音乐,飙升榜,飙升榜,2026-07-25,62,后会无期,徐良/汪苏泷,热度 3%,,7112743,002apRhZ4Bq99d,https://y.qq.com/n/ryqq/toplist/62
2026-07-25,2026-07-25T15:27:25+08:00,QQ音乐,飙升榜,飙升榜,2026-07-25,63,下完这场雨,后弦,热度 3%,,108787382,004ZXlA63dZBCa,https://y.qq.com/n/ryqq/toplist/62
2026-07-25,2026-07-25T15:27:25+08:00,QQ音乐,飙升榜,飙升榜,2026-07-25,64,回到过去,周杰伦,热度 3%,,97767,004MGitN0zEHpb,https://y.qq.com/n/ryqq/toplist/62
2026-07-25,2026-07-25T15:27:25+08:00,QQ音乐,飙升榜,飙升榜,2026-07-25,65,忘情牛肉面,马健涛,热度 3%,,244566708,002lZQct26V3rb,https://y.qq.com/n/ryqq/toplist/62
2026-07-25,2026-07-25T15:27:25+08:00,QQ音乐,飙升榜,飙升榜,2026-07-25,66,一场游戏一场梦,王杰,热度 3%,,228688,0026DG8k3Fw488,https://y.qq.com/n/ryqq/toplist/62
2026-07-25,2026-07-25T15:27:25+08:00,QQ音乐,飙升榜,飙升榜,2026-07-25,67,多远都要在一起,G.E.M. 邓紫棋,热度 3%,,102174489,003c616O2Zlswm,https://y.qq.com/n/ryqq/toplist/62
2026-07-25,2026-07-25T15:27:25+08:00,QQ音乐,飙升榜,飙升榜,2026-07-25,68,必杀技,古巨基,热度 3%,,101835271,004MOwZC3HaQFc,https://y.qq.com/n/ryqq/toplist/62
2026-07-25,2026-07-25T15:27:25+08:00,QQ音乐,飙升榜,飙升榜,2026-07-25,69,问你一个人类梦寐以求的深奥问题,汪苏泷,热度 3%,,647658696,000A1M903iHvyT,https://y.qq.com/n/ryqq/toplist/62
2026-07-25,2026-07-25T15:27:25+08:00,QQ音乐,飙升榜,飙升榜,2026-07-25,70,夏夜最后的烟火,颜人中,热度 3%,,459088908,002tspXk0JB6qZ,https://y.qq.com/n/ryqq/toplist/62
2026-07-25,2026-07-25T15:27:25+08:00,QQ音乐,飙升榜,飙升榜,2026-07-25,71,唯一,G.E.M. 邓紫棋,热度 3%,,438910555,002d6m7k0xCbSv,https://y.qq.com/n/ryqq/toplist/62
2026-07-25,2026-07-25T15:27:25+08:00,QQ音乐,飙升榜,飙升榜,2026-07-25,72,清风微微,曾舜晞,热度 3%,,710130334,001lOTOO3XaXbu,https://y.qq.com/n/ryqq/toplist/62
2026-07-25,2026-07-25T15:27:25+08:00,QQ音乐,飙升榜,飙升榜,2026-07-25,73,夜曲,周杰伦,热度 3%,,718477,0024bjiL2aocxT,https://y.qq.com/n/ryqq/toplist/62
2026-07-25,2026-07-25T15:27:25+08:00,QQ音乐,飙升榜,飙升榜,2026-07-25,74,我想念,汪苏泷,热度 3%,,423519525,001PSxRj3szxIV,https://y.qq.com/n/ryqq/toplist/62
2026-07-25,2026-07-25T15:27:25+08:00,QQ音乐,飙升榜,飙升榜,2026-07-25,75,红色高跟鞋,蔡健雅,热度 3%,,624649,002dOge41xlS8x,https://y.qq.com/n/ryqq/toplist/62
2026-07-25,2026-07-25T15:27:25+08:00,QQ音乐,飙升榜,飙升榜,2026-07-25,76,夏日尽头的我们,何西奚,热度 2%,,708555647,003ewLRu0VHarZ,https://y.qq.com/n/ryqq/toplist/62
2026-07-25,2026-07-25T15:27:25+08:00,QQ音乐,飙升榜,飙升榜,2026-07-25,77,静音恋人 (两颗缠绕的心),礼越,热度 2%,,655822815,0002luCJ26Yi4n,https://y.qq.com/n/ryqq/toplist/62
2026-07-25,2026-07-25T15:27:25+08:00,QQ音乐,飙升榜,飙升榜,2026-07-25,78,断桥残雪,许嵩,热度 2%,,436088,001jmC6x1RMfh0,https://y.qq.com/n/ryqq/toplist/62
2026-07-25,2026-07-25T15:27:25+08:00,QQ音乐,飙升榜,飙升榜,2026-07-25,79,一路向北,周杰伦,热度 2%,,5105986,002MAeob3zLXwZ,https://y.qq.com/n/ryqq/toplist/62
2026-07-25,2026-07-25T15:27:25+08:00,QQ音乐,飙升榜,飙升榜,2026-07-25,80,青花瓷,周杰伦,热度 2%,,410316,002eFUFm2XYZ7z,https://y.qq.com/n/ryqq/toplist/62
2026-07-25,2026-07-25T15:27:25+08:00,QQ音乐,飙升榜,飙升榜,2026-07-25,81,求佛,誓言,热度 2%,,241277,003KNYfv0crVRG,https://y.qq.com/n/ryqq/toplist/62
2026-07-25,2026-07-25T15:27:25+08:00,QQ音乐,飙升榜,飙升榜,2026-07-25,82,兰亭序,周杰伦,热度 2%,,449201,002Neh8l0uciQZ,https://y.qq.com/n/ryqq/toplist/62
2026-07-25,2026-07-25T15:27:25+08:00,QQ音乐,飙升榜,飙升榜,2026-07-25,83,泪海,许茹芸,热度 2%,,106585340,001Ugmj01giuzO,https://y.qq.com/n/ryqq/toplist/62
2026-07-25,2026-07-25T15:27:25+08:00,QQ音乐,飙升榜,飙升榜,2026-07-25,84,晴天,周杰伦,热度 2%,,97773,000MkMni19ClKG,https://y.qq.com/n/ryqq/toplist/62
2026-07-25,2026-07-25T15:27:25+08:00,QQ音乐,飙升榜,飙升榜,2026-07-25,85,来自天堂的魔鬼,G.E.M. 邓紫棋,热度 2%,,104913384,003c616O2Zlswm,https://y.qq.com/n/ryqq/toplist/62
2026-07-25,2026-07-25T15:27:25+08:00,QQ音乐,飙升榜,飙升榜,2026-07-25,86,谁明浪子心,王杰,热度 2%,,8223,003mwGsZ4OHBk4,https://y.qq.com/n/ryqq/toplist/62
2026-07-25,2026-07-25T15:27:25+08:00,QQ音乐,飙升榜,飙升榜,2026-07-25,87,告白气球,周杰伦,热度 2%,,107192078,003RMaRI1iFoYd,https://y.qq.com/n/ryqq/toplist/62
2026-07-25,2026-07-25T15:27:25+08:00,QQ音乐,飙升榜,飙升榜,2026-07-25,88,晨间新闻,蔡健雅,热度 2%,,102193380,001VqGlj2Oj52k,https://y.qq.com/n/ryqq/toplist/62
2026-07-25,2026-07-25T15:27:25+08:00,QQ音乐,飙升榜,飙升榜,2026-07-25,89,小狗有话要说,陈添祥,热度 2%,,709657045,001MszYT3x7e7L,https://y.qq.com/n/ryqq/toplist/62
2026-07-25,2026-07-25T15:27:25+08:00,QQ音乐,飙升榜,飙升榜,2026-07-25,90,光年之外,G.E.M. 邓紫棋,热度 2%,,200255722,001mTkmb4GJlh4,https://y.qq.com/n/ryqq/toplist/62
2026-07-25,2026-07-25T15:27:25+08:00,QQ音乐,飙升榜,飙升榜,2026-07-25,91,No One Lasts Forever featuring David Cronenberg,Charli xcx/David Cronenberg,热度 2%,,710082035,002roWi13DbaoC,https://y.qq.com/n/ryqq/toplist/62
2026-07-25,2026-07-25T15:27:25+08:00,QQ音乐,飙升榜,飙升榜,2026-07-25,92,羚羊,王源,热度 2%,,587941528,004RlWZ52GsCrG,https://y.qq.com/n/ryqq/toplist/62
2026-07-25,2026-07-25T15:27:25+08:00,QQ音乐,飙升榜,飙升榜,2026-07-25,93,野心家 (Live),杨丞琳/黄霄雲,热度 2%,,710434045,003FiJ9j2s7DKN,https://y.qq.com/n/ryqq/toplist/62
2026-07-25,2026-07-25T15:27:25+08:00,QQ音乐,飙升榜,飙升榜,2026-07-25,94,奢香夫人,凤凰传奇,热度 2%,,475408,0021YkiD1WR578,https://y.qq.com/n/ryqq/toplist/62
2026-07-25,2026-07-25T15:27:25+08:00,QQ音乐,飙升榜,飙升榜,2026-07-25,95,黄昏,周传雄,热度 2%,,526713,001U6x8f2uJhig,https://y.qq.com/n/ryqq/toplist/62
2026-07-25,2026-07-25T15:27:25+08:00,QQ音乐,飙升榜,飙升榜,2026-07-25,96,庐州月,许嵩,热度 2%,,651382,002CJON012PxwU,https://y.qq.com/n/ryqq/toplist/62
2026-07-25,2026-07-25T15:27:25+08:00,QQ音乐,飙升榜,飙升榜,2026-07-25,97,嗜好,江易泽,热度 2%,,584673797,0011AEre31s5l7,https://y.qq.com/n/ryqq/toplist/62
2026-07-25,2026-07-25T15:27:25+08:00,QQ音乐,飙升榜,飙升榜,2026-07-25,98,山风山风等等我,万海东,热度 2%,,708639670,002O92eu0Jubpi,https://y.qq.com/n/ryqq/toplist/62
2026-07-25,2026-07-25T15:27:25+08:00,QQ音乐,飙升榜,飙升榜,2026-07-25,99,玫瑰花的葬礼,许嵩,热度 2%,,102433800,001jmC6x1RMfh0,https://y.qq.com/n/ryqq/toplist/62
2026-07-25,2026-07-25T15:27:25+08:00,QQ音乐,飙升榜,飙升榜,2026-07-25,100,梦幻诛仙,张碧晨,热度 2%,,109009889,000hLSoW0jFYYf,https://y.qq.com/n/ryqq/toplist/62
2026-07-25,2026-07-25T15:27:25+08:00,酷狗音乐,热歌榜,酷狗TOP500,2026-07-25,1,甲乙丙丁 (你我怎么两清),李佳薇,,3:30,213D580CA0BDCC28A5FDBA995FFDA106,197648995,https://www.kugou.com/yy/rank/home/1-8888.html?from=rank
2026-07-25,2026-07-25T15:27:25+08:00,酷狗音乐,热歌榜,酷狗TOP500,2026-07-25,2,吹吹山顶的风,巴扎黑,,2:59,87311B26EDEE637CA1448E14230BCB68,198304563,https://www.kugou.com/yy/rank/home/1-8888.html?from=rank
2026-07-25,2026-07-25T15:27:25+08:00,酷狗音乐,热歌榜,酷狗TOP500,2026-07-25,3,你有没有真的爱过我,阿图表妹,,4:03,FE39668F68770C3FB3BE57A3E86CCC10,190170015,https://www.kugou.com/yy/rank/home/1-8888.html?from=rank
2026-07-25,2026-07-25T15:27:25+08:00,酷狗音乐,热歌榜,酷狗TOP500,2026-07-25,4,空心 (Live),黄霄雲、刘端端,,4:55,6F74F7B3D9B87CA771573ABD27B2A820,199810791,https://www.kugou.com/yy/rank/home/1-8888.html?from=rank
2026-07-25,2026-07-25T15:27:25+08:00,酷狗音乐,热歌榜,酷狗TOP500,2026-07-25,5,踏马寻花向自由 (雷鬼版),超哥,,2:59,B5BA68A039E54847B4E14A46A268991B,194886112,https://www.kugou.com/yy/rank/home/1-8888.html?from=rank
2026-07-25,2026-07-25T15:27:25+08:00,酷狗音乐,热歌榜,酷狗TOP500,2026-07-25,6,失眠,Suki刘舒妤,,3:31,EC476A2009EF5DCAC13EDCD11870DF55,671621,https://www.kugou.com/yy/rank/home/1-8888.html?from=rank
2026-07-25,2026-07-25T15:27:25+08:00,酷狗音乐,热歌榜,酷狗TOP500,2026-07-25,7,人生路漫漫,白小白,,3:55,B8CA573A69DB5050C7EE0C1AB79144E5,179917533,https://www.kugou.com/yy/rank/home/1-8888.html?from=rank
2026-07-25,2026-07-25T15:27:25+08:00,酷狗音乐,热歌榜,酷狗TOP500,2026-07-25,8,岁月如笔写春秋,河南三妹5233,,4:11,5D4C2F9D994E5BECDC9BA0FBC6BD3DD8,191576482,https://www.kugou.com/yy/rank/home/1-8888.html?from=rank
2026-07-25,2026-07-25T15:27:25+08:00,酷狗音乐,热歌榜,酷狗TOP500,2026-07-25,9,樱花草,Sweety,,4:44,F0B01830164E4974A2AC9E85DD446D45,507451,https://www.kugou.com/yy/rank/home/1-8888.html?from=rank
2026-07-25,2026-07-25T15:27:25+08:00,酷狗音乐,热歌榜,酷狗TOP500,2026-07-25,10,人间的剧本,老韩很哇塞,,3:18,F80698DAC679080F9E38F3DBB07BD17A,195240853,https://www.kugou.com/yy/rank/home/1-8888.html?from=rank
2026-07-25,2026-07-25T15:27:25+08:00,酷狗音乐,热歌榜,酷狗TOP500,2026-07-25,11,梦哑,任然,,3:54,3194D1AA995469BEF8620E96989D6BA8,193630889,https://www.kugou.com/yy/rank/home/1-8888.html?from=rank
2026-07-25,2026-07-25T15:27:25+08:00,酷狗音乐,热歌榜,酷狗TOP500,2026-07-25,12,盛夏的果实,莫文蔚,,4:11,1C86CBC64AE9A6C3539A36CAADDF1A59,978378,https://www.kugou.com/yy/rank/home/1-8888.html?from=rank
2026-07-25,2026-07-25T15:27:25+08:00,酷狗音乐,热歌榜,酷狗TOP500,2026-07-25,13,北方的后海没有海 (r&b微醺版),落日微醺,,3:26,DB3D10DE8DF3C5188EC036A9724F9418,196519034,https://www.kugou.com/yy/rank/home/1-8888.html?from=rank
2026-07-25,2026-07-25T15:27:25+08:00,酷狗音乐,热歌榜,酷狗TOP500,2026-07-25,14,黄昏 (纵然青丝如霜)(R&B版),落日微醺,,4:05,423FC1778078ACF260242626820E4244,194767721,https://www.kugou.com/yy/rank/home/1-8888.html?from=rank
2026-07-25,2026-07-25T15:27:25+08:00,酷狗音乐,热歌榜,酷狗TOP500,2026-07-25,15,泡泡,牛佳钰,,3:37,CB6BD8CDFF1DA01DAEF01C389CBAD645,37403884,https://www.kugou.com/yy/rank/home/1-8888.html?from=rank
2026-07-25,2026-07-25T15:27:25+08:00,酷狗音乐,热歌榜,酷狗TOP500,2026-07-25,16,雨过后的风景,Dizzy Dizzo (蔡诗芸),,4:03,E3F046EDB5EB76BBA5A44FFA3D8F8C42,974143,https://www.kugou.com/yy/rank/home/1-8888.html?from=rank
2026-07-25,2026-07-25T15:27:25+08:00,酷狗音乐,热歌榜,酷狗TOP500,2026-07-25,17,阴天,莫文蔚,,4:02,E4271CB5938F401AA283FBEA49223BF8,970575,https://www.kugou.com/yy/rank/home/1-8888.html?from=rank
2026-07-25,2026-07-25T15:27:25+08:00,酷狗音乐,热歌榜,酷狗TOP500,2026-07-25,18,恋人,李荣浩,,4:36,9DA7851E2BF83B18C74CBBAB461CEFDD,106374641,https://www.kugou.com/yy/rank/home/1-8888.html?from=rank
2026-07-25,2026-07-25T15:27:25+08:00,酷狗音乐,热歌榜,酷狗TOP500,2026-07-25,19,若不是因为你 (深情版),林栖,,4:13,6CCB2559DE8FC8965E98F641C4C33B6A,176013962,https://www.kugou.com/yy/rank/home/1-8888.html?from=rank
2026-07-25,2026-07-25T15:27:25+08:00,酷狗音乐,热歌榜,酷狗TOP500,2026-07-25,20,我不该动情 (藏语男女合唱版),万能和弦,,3:25,E1CDCF04108F3E2A756E3732E80EEF42,199546874,https://www.kugou.com/yy/rank/home/1-8888.html?from=rank
2026-07-25,2026-07-25T15:27:25+08:00,酷狗音乐,热歌榜,酷狗TOP500,2026-07-25,21,无人之岛,任然,,4:45,8E568D8806F771607104D8BF9695ACE0,2916172,https://www.kugou.com/yy/rank/home/1-8888.html?from=rank
2026-07-25,2026-07-25T15:27:25+08:00,酷狗音乐,热歌榜,酷狗TOP500,2026-07-25,22,街道,林俊杰,,4:02,D9DF39A88E29EADDB272A4B04393D357,963179,https://www.kugou.com/yy/rank/home/1-8888.html?from=rank
2026-07-25,2026-07-25T15:27:25+08:00,酷狗音乐,热歌榜,酷狗TOP500,2026-07-25,23,讨厌,芮恩,,4:18,C88A8D3EF16E2C4E944B947E0F56A7AD,2996887,https://www.kugou.com/yy/rank/home/2-8888.html?from=rank
2026-07-25,2026-07-25T15:27:25+08:00,酷狗音乐,热歌榜,酷狗TOP500,2026-07-25,24,小半,陈粒,,4:57,AFEA9FFE5D7F0EF0874119A363820D33,1749208,https://www.kugou.com/yy/rank/home/2-8888.html?from=rank
2026-07-25,2026-07-25T15:27:25+08:00,酷狗音乐,热歌榜,酷狗TOP500,2026-07-25,25,雨爱,杨丞琳,,4:21,2592FFA57A2D8B1A16F18D991B7098CD,2694607,https://www.kugou.com/yy/rank/home/2-8888.html?from=rank
2026-07-25,2026-07-25T15:27:25+08:00,酷狗音乐,热歌榜,酷狗TOP500,2026-07-25,26,山风山风等等我,万海东,,3:29,CE256D96F1F025D60468D8F0BC9EE64B,200106963,https://www.kugou.com/yy/rank/home/2-8888.html?from=rank
2026-07-25,2026-07-25T15:27:25+08:00,酷狗音乐,热歌榜,酷狗TOP500,2026-07-25,27,离开我的依赖,王艳薇,,3:54,A9C377CC1B9931F0CE81907E23E4D588,36181053,https://www.kugou.com/yy/rank/home/2-8888.html?from=rank
2026-07-25,2026-07-25T15:27:25+08:00,酷狗音乐,热歌榜,酷狗TOP500,2026-07-25,28,晴天,周杰伦,,4:29,B3A52A7A958BF0AED0EBFBA2E9A818B7,966846,https://www.kugou.com/yy/rank/home/2-8888.html?from=rank
2026-07-25,2026-07-25T15:27:25+08:00,酷狗音乐,热歌榜,酷狗TOP500,2026-07-25,29,街角的晚风,陈小春,,4:00,18B89D66950B7856EABB131BB6273F6E,169830039,https://www.kugou.com/yy/rank/home/2-8888.html?from=rank
2026-07-25,2026-07-25T15:27:25+08:00,酷狗音乐,热歌榜,酷狗TOP500,2026-07-25,30,Fever Pitch,Richz,,2:15,594B915AEEDA7DA8F5BD70B63EA76EAD,180499937,https://www.kugou.com/yy/rank/home/2-8888.html?from=rank
2026-07-25,2026-07-25T15:27:25+08:00,酷狗音乐,热歌榜,酷狗TOP500,2026-07-25,31,偏爱,张芸京,,3:33,4A544525C1F78DBDF25361DB0E255495,968788,https://www.kugou.com/yy/rank/home/2-8888.html?from=rank
2026-07-25,2026-07-25T15:27:25+08:00,酷狗音乐,热歌榜,酷狗TOP500,2026-07-25,32,好想再爱你,潘广益,,4:31,B78BA4062528E712B68C42DC6A4D9AAE,957659,https://www.kugou.com/yy/rank/home/2-8888.html?from=rank
2026-07-25,2026-07-25T15:27:25+08:00,酷狗音乐,热歌榜,酷狗TOP500,2026-07-25,33,我不该动情,老板,,3:57,DFA780605FE78F1572761712931024A7,197593768,https://www.kugou.com/yy/rank/home/2-8888.html?from=rank
2026-07-25,2026-07-25T15:27:25+08:00,酷狗音乐,热歌榜,酷狗TOP500,2026-07-25,34,红尘客栈,周杰伦,,4:34,48729371F20FB048EF4E51D4CD41DBF5,982051,https://www.kugou.com/yy/rank/home/2-8888.html?from=rank
2026-07-25,2026-07-25T15:27:25+08:00,酷狗音乐,热歌榜,酷狗TOP500,2026-07-25,35,Angel,尹美莱、Tiger JK、Bizzy,,4:15,062EA07BB74A381C54524C9F91714D81,964390,https://www.kugou.com/yy/rank/home/2-8888.html?from=rank
2026-07-25,2026-07-25T15:27:25+08:00,酷狗音乐,热歌榜,酷狗TOP500,2026-07-25,36,Copines,Aya Nakamura,,2:52,1CDA977A7FC0BCCC23BC7DF4D0194389,39155596,https://www.kugou.com/yy/rank/home/2-8888.html?from=rank
2026-07-25,2026-07-25T15:27:25+08:00,酷狗音乐,热歌榜,酷狗TOP500,2026-07-25,37,有风的日落,万海东,,3:49,94774F06E73EF9ABD739423E1A414593,181906094,https://www.kugou.com/yy/rank/home/2-8888.html?from=rank
2026-07-25,2026-07-25T15:27:25+08:00,酷狗音乐,热歌榜,酷狗TOP500,2026-07-25,38,枪火 (相对那就针锋相对),宝石Gem,,3:18,76923758046CB591DC9556D1FB69D976,154798334,https://www.kugou.com/yy/rank/home/2-8888.html?from=rank
2026-07-25,2026-07-25T15:27:25+08:00,酷狗音乐,热歌榜,酷狗TOP500,2026-07-25,39,心似烟火,陈壹千,,4:34,206F1EE57278EE6E8FA5910B021F780E,191932853,https://www.kugou.com/yy/rank/home/2-8888.html?from=rank
2026-07-25,2026-07-25T15:27:25+08:00,酷狗音乐,热歌榜,酷狗TOP500,2026-07-25,40,黄昏,周传雄,,5:44,7DE9A9CD041157F6BF3FE9FFBCF120E3,964612,https://www.kugou.com/yy/rank/home/2-8888.html?from=rank
2026-07-25,2026-07-25T15:27:25+08:00,酷狗音乐,热歌榜,酷狗TOP500,2026-07-25,41,唯一,G.E.M. 邓紫棋,,4:14,AB05B8F658851282DCB2CBAD548AEB9B,82564821,https://www.kugou.com/yy/rank/home/2-8888.html?from=rank
2026-07-25,2026-07-25T15:27:25+08:00,酷狗音乐,热歌榜,酷狗TOP500,2026-07-25,42,抽离,徐良、刘丹萌,,4:18,37A9C74C33A9FAEFF672CFDF4C699581,547514,https://www.kugou.com/yy/rank/home/2-8888.html?from=rank
2026-07-25,2026-07-25T15:27:25+08:00,酷狗音乐,热歌榜,酷狗TOP500,2026-07-25,43,爱错,王力宏,,3:59,EC25602B56D5DAE36B27E82780FC6A22,2996462,https://www.kugou.com/yy/rank/home/2-8888.html?from=rank
2026-07-25,2026-07-25T15:27:25+08:00,酷狗音乐,热歌榜,酷狗TOP500,2026-07-25,44,情歌,梁静茹,,4:20,72DB6DA75FFE23A3A6361BDB8F44D5F4,2997268,https://www.kugou.com/yy/rank/home/2-8888.html?from=rank
2026-07-25,2026-07-25T15:27:25+08:00,酷狗音乐,热歌榜,酷狗TOP500,2026-07-25,45,演员,薛之谦,,4:21,097E777171F692855EAE98B6965F9477,14456909,https://www.kugou.com/yy/rank/home/3-8888.html?from=rank
2026-07-25,2026-07-25T15:27:25+08:00,酷狗音乐,热歌榜,酷狗TOP500,2026-07-25,46,我不难过,孙燕姿,,5:20,3FD7E1EC51122C745C637735C8BDE716,965883,https://www.kugou.com/yy/rank/home/3-8888.html?from=rank
2026-07-25,2026-07-25T15:27:25+08:00,酷狗音乐,热歌榜,酷狗TOP500,2026-07-25,47,总有一天你会出现在我身边,棱镜乐队,,4:30,8E6A42453EF5B06A87772F8FF4AD5188,10808308,https://www.kugou.com/yy/rank/home/3-8888.html?from=rank
2026-07-25,2026-07-25T15:27:25+08:00,酷狗音乐,热歌榜,酷狗TOP500,2026-07-25,48,有些,颜人中,,3:49,D79E556C176AE1A3ADE8B532810C4CE8,34604592,https://www.kugou.com/yy/rank/home/3-8888.html?from=rank
2026-07-25,2026-07-25T15:27:25+08:00,酷狗音乐,热歌榜,酷狗TOP500,2026-07-25,49,坏女孩,徐良、小凌,,4:07,9365223F903B13D0DAF54B6091AC3E7B,511536,https://www.kugou.com/yy/rank/home/3-8888.html?from=rank
2026-07-25,2026-07-25T15:27:25+08:00,酷狗音乐,热歌榜,酷狗TOP500,2026-07-25,50,我怀念的,孙燕姿,,4:49,1A3CAACB1E361DAF217A2383E9C8E292,984086,https://www.kugou.com/yy/rank/home/3-8888.html?from=rank
2026-07-25,2026-07-25T15:27:25+08:00,酷狗音乐,热歌榜,酷狗TOP500,2026-07-25,51,半壶纱,刘珂矣,,3:41,951AB088C5A08F491471A1296DF93707,948327,https://www.kugou.com/yy/rank/home/3-8888.html?from=rank
2026-07-25,2026-07-25T15:27:25+08:00,酷狗音乐,热歌榜,酷狗TOP500,2026-07-25,52,玻璃,Gareth.T,,3:05,ED0ED6B17B6C29695E97F5CC945C7901,191663409,https://www.kugou.com/yy/rank/home/3-8888.html?from=rank
2026-07-25,2026-07-25T15:27:25+08:00,酷狗音乐,热歌榜,酷狗TOP500,2026-07-25,53,岁月如笔写春秋,郭少杰,,4:11,6FCF099C6A88F85FC8417AFD452D54FD,190046745,https://www.kugou.com/yy/rank/home/3-8888.html?from=rank
2026-07-25,2026-07-25T15:27:25+08:00,酷狗音乐,热歌榜,酷狗TOP500,2026-07-25,54,茶花开了，该回家了,王睿卓、加木,,3:10,99F0F17B7C6F110346411E7AD552156D,133732298,https://www.kugou.com/yy/rank/home/3-8888.html?from=rank
2026-07-25,2026-07-25T15:27:25+08:00,酷狗音乐,热歌榜,酷狗TOP500,2026-07-25,55,最佳损友,陈奕迅,,3:54,CBFA7DDE592B23322E21E4BDAA9BE9F9,964332,https://www.kugou.com/yy/rank/home/3-8888.html?from=rank
2026-07-25,2026-07-25T15:27:25+08:00,酷狗音乐,热歌榜,酷狗TOP500,2026-07-25,56,其实,薛之谦,,4:02,2A8911EAD4838BF967CF5A300D787E53,960327,https://www.kugou.com/yy/rank/home/3-8888.html?from=rank
2026-07-25,2026-07-25T15:27:25+08:00,酷狗音乐,热歌榜,酷狗TOP500,2026-07-25,57,后会无期,汪苏泷、徐良,,3:32,5F86140467A73FBF9C4F339F7B9AFC2C,511536,https://www.kugou.com/yy/rank/home/3-8888.html?from=rank
2026-07-25,2026-07-25T15:27:25+08:00,酷狗音乐,热歌榜,酷狗TOP500,2026-07-25,58,一直很安静,阿桑,,4:10,44816EF0288A3B1ED2C4A5C5FE6B93B3,972917,https://www.kugou.com/yy/rank/home/3-8888.html?from=rank
2026-07-25,2026-07-25T15:27:25+08:00,酷狗音乐,热歌榜,酷狗TOP500,2026-07-25,59,来不及爱你,h3R3,,3:25,E3ED52965CEE83A40D73C5FB1DA7FF62,76488384,https://www.kugou.com/yy/rank/home/3-8888.html?from=rank
2026-07-25,2026-07-25T15:27:25+08:00,酷狗音乐,热歌榜,酷狗TOP500,2026-07-25,60,西厢寻他,伯爵Johnny、唐伯虎Annie,,3:44,2B657B5B5D781C1A61D7E0D1F5E2DE22,53205523,https://www.kugou.com/yy/rank/home/3-8888.html?from=rank
2026-07-25,2026-07-25T15:27:25+08:00,酷狗音乐,热歌榜,酷狗TOP500,2026-07-25,61,踏马寻花向自由,半吨兄弟,,2:59,6DD4615AB1A9D1C595CCC15E16597434,198491409,https://www.kugou.com/yy/rank/home/3-8888.html?from=rank
2026-07-25,2026-07-25T15:27:25+08:00,酷狗音乐,热歌榜,酷狗TOP500,2026-07-25,62,开始懂了,孙燕姿,,4:32,93F260998A10F4AD6B46606AF5C8EC72,972102,https://www.kugou.com/yy/rank/home/3-8888.html?from=rank
2026-07-25,2026-07-25T15:27:25+08:00,酷狗音乐,热歌榜,酷狗TOP500,2026-07-25,63,稻香,周杰伦,,3:44,8909E1809908CD8E3BF6CF85D98B93F0,960399,https://www.kugou.com/yy/rank/home/3-8888.html?from=rank
2026-07-25,2026-07-25T15:27:25+08:00,酷狗音乐,热歌榜,酷狗TOP500,2026-07-25,64,心墙,郭静,,3:47,97870F3D4B01A7822DC497C6127EA66D,968033,https://www.kugou.com/yy/rank/home/3-8888.html?from=rank
2026-07-25,2026-07-25T15:27:25+08:00,酷狗音乐,热歌榜,酷狗TOP500,2026-07-25,65,青花瓷,周杰伦,,3:59,37A8F50A9EC3B267C3CC6BEC633D9C4A,979856,https://www.kugou.com/yy/rank/home/3-8888.html?from=rank
2026-07-25,2026-07-25T15:27:25+08:00,酷狗音乐,热歌榜,酷狗TOP500,2026-07-25,66,The Other Side Of Paradise (Explicit),Glass Animals,,5:21,222314858D998CCDDD4BF0B7BAF2F5A2,47764102,https://www.kugou.com/yy/rank/home/3-8888.html?from=rank
2026-07-25,2026-07-25T15:27:25+08:00,酷狗音乐,热歌榜,酷狗TOP500,2026-07-25,67,红色高跟鞋,蔡健雅,,3:27,055A804B8A3CCC05240D08F8FF1F7DE8,978459,https://www.kugou.com/yy/rank/home/4-8888.html?from=rank
2026-07-25,2026-07-25T15:27:25+08:00,酷狗音乐,热歌榜,酷狗TOP500,2026-07-25,68,烟火 (孤孤单单一个人),京六,,4:06,495D65F83F80948BE9E2683AEFD0E20A,198377118,https://www.kugou.com/yy/rank/home/4-8888.html?from=rank
2026-07-25,2026-07-25T15:27:25+08:00,酷狗音乐,热歌榜,酷狗TOP500,2026-07-25,69,后来,刘若英,,5:38,C4904D4E3BBA872D41D3BDBF597E2B18,16562,https://www.kugou.com/yy/rank/home/4-8888.html?from=rank
2026-07-25,2026-07-25T15:27:25+08:00,酷狗音乐,热歌榜,酷狗TOP500,2026-07-25,70,告白气球,周杰伦,,3:36,688857974673645CE89EDA26A36DB19D,1645030,https://www.kugou.com/yy/rank/home/4-8888.html?from=rank
2026-07-25,2026-07-25T15:27:25+08:00,酷狗音乐,热歌榜,酷狗TOP500,2026-07-25,71,光辉岁月,BEYOND,,5:04,42577AE022051D2E3C76890E40EE1AAD,960181,https://www.kugou.com/yy/rank/home/4-8888.html?from=rank
2026-07-25,2026-07-25T15:27:25+08:00,酷狗音乐,热歌榜,酷狗TOP500,2026-07-25,72,等一分钟,徐誉滕,,3:56,52ED380B09C692BDF4CE65FD56D918F3,2530746,https://www.kugou.com/yy/rank/home/4-8888.html?from=rank
2026-07-25,2026-07-25T15:27:25+08:00,酷狗音乐,热歌榜,酷狗TOP500,2026-07-25,73,英雄出处,高冷,,3:19,9CBBBCAAF22AA9C5A0D203C5924B3854,198302448,https://www.kugou.com/yy/rank/home/4-8888.html?from=rank
2026-07-25,2026-07-25T15:27:25+08:00,酷狗音乐,热歌榜,酷狗TOP500,2026-07-25,74,踏马寻花向自由 (潇洒版),雷鬼叔,,2:49,2AB7A8EBAD8E05DEF40E7F9330FCB01E,198887108,https://www.kugou.com/yy/rank/home/4-8888.html?from=rank
2026-07-25,2026-07-25T15:27:25+08:00,酷狗音乐,热歌榜,酷狗TOP500,2026-07-25,75,山歌追上云朵,央金拉姆,,3:35,B81F368C6B44B98B0E2B4E9F417F1002,193932928,https://www.kugou.com/yy/rank/home/4-8888.html?from=rank
2026-07-25,2026-07-25T15:27:25+08:00,酷狗音乐,热歌榜,酷狗TOP500,2026-07-25,76,爱情讯息,郭静,,4:41,D8E857250D8EEA9C5FAFDAF7857640A5,971139,https://www.kugou.com/yy/rank/home/4-8888.html?from=rank
2026-07-25,2026-07-25T15:27:25+08:00,酷狗音乐,热歌榜,酷狗TOP500,2026-07-25,77,搁浅,周杰伦,,4:00,FBC234520FED713C30C1C026E7352770,971783,https://www.kugou.com/yy/rank/home/4-8888.html?from=rank
2026-07-25,2026-07-25T15:27:25+08:00,酷狗音乐,热歌榜,酷狗TOP500,2026-07-25,78,全世界的雨,周深、Ella陈嘉桦,,4:08,88334169DA8F72EFA45C6211FD641737,199401705,https://www.kugou.com/yy/rank/home/4-8888.html?from=rank
2026-07-25,2026-07-25T15:27:25+08:00,酷狗音乐,热歌榜,酷狗TOP500,2026-07-25,79,下完这场雨,后弦,,4:31,2EEFFF98A4F19D945BBA7C78FB2079C0,1964990,https://www.kugou.com/yy/rank/home/4-8888.html?from=rank
2026-07-25,2026-07-25T15:27:25+08:00,酷狗音乐,热歌榜,酷狗TOP500,2026-07-25,80,以为有以后,李廷旭,,3:40,6E614BA7EC0D510401C6C68CD8628D8A,195258314,https://www.kugou.com/yy/rank/home/4-8888.html?from=rank
2026-07-25,2026-07-25T15:27:25+08:00,酷狗音乐,热歌榜,酷狗TOP500,2026-07-25,81,亲爱的你啊,任素汐,,3:56,C42C2C5C7A68CDAFBF543F29AF883B1D,144348541,https://www.kugou.com/yy/rank/home/4-8888.html?from=rank
2026-07-25,2026-07-25T15:27:25+08:00,酷狗音乐,热歌榜,酷狗TOP500,2026-07-25,82,第57次取消发送,菲菲公主（陆绮菲）,,3:01,F17C489C53382E608F9CBB3ED9F6D2AA,137397074,https://www.kugou.com/yy/rank/home/4-8888.html?from=rank
2026-07-25,2026-07-25T15:27:25+08:00,酷狗音乐,热歌榜,酷狗TOP500,2026-07-25,83,背对背拥抱,林俊杰,,3:55,C6B5A741051FCBC1AF7531CA2CEECC15,975828,https://www.kugou.com/yy/rank/home/4-8888.html?from=rank
2026-07-25,2026-07-25T15:27:25+08:00,酷狗音乐,热歌榜,酷狗TOP500,2026-07-25,84,我们俩,郭顶,,3:14,DD4D224BC3DBFD1A0F6E338928620E69,979601,https://www.kugou.com/yy/rank/home/4-8888.html?from=rank
2026-07-25,2026-07-25T15:27:25+08:00,酷狗音乐,热歌榜,酷狗TOP500,2026-07-25,85,Beauty And A Beat,Justin Bieber、Nicki Minaj,,3:47,FF5719341A9B004AA3E7312D617AE305,16996733,https://www.kugou.com/yy/rank/home/4-8888.html?from=rank
2026-07-25,2026-07-25T15:27:25+08:00,酷狗音乐,热歌榜,酷狗TOP500,2026-07-25,86,可不可以,张紫豪,,4:01,6079A2ACBA5E782FE24695FDFCDB1887,9618875,https://www.kugou.com/yy/rank/home/4-8888.html?from=rank
2026-07-25,2026-07-25T15:27:25+08:00,酷狗音乐,热歌榜,酷狗TOP500,2026-07-25,87,带我走,杨丞琳,,4:50,0C57DE35C3CB2A32A8CF634E4F8309C4,975441,https://www.kugou.com/yy/rank/home/4-8888.html?from=rank
2026-07-25,2026-07-25T15:27:25+08:00,酷狗音乐,热歌榜,酷狗TOP500,2026-07-25,88,再爱你也没用,范贵宾,,3:29,BDBD97AB8C5069D49A5159EB7EC60A72,197763885,https://www.kugou.com/yy/rank/home/4-8888.html?from=rank
2026-07-25,2026-07-25T15:27:25+08:00,酷狗音乐,热歌榜,酷狗TOP500,2026-07-25,89,你懂我的眼泪,A江也眠,,2:59,FE39AF92D44C38DCB28F6F125EB33F3C,195545640,https://www.kugou.com/yy/rank/home/5-8888.html?from=rank
2026-07-25,2026-07-25T15:27:25+08:00,酷狗音乐,热歌榜,酷狗TOP500,2026-07-25,90,媚人,薛之谦,,3:46,E483477C86BE5ECCAFBF090F0E8F866B,199628146,https://www.kugou.com/yy/rank/home/5-8888.html?from=rank
2026-07-25,2026-07-25T15:27:25+08:00,酷狗音乐,热歌榜,酷狗TOP500,2026-07-25,91,Always Online,林俊杰,,3:45,16A4E4895905B703AC0F31007A495D4C,963179,https://www.kugou.com/yy/rank/home/5-8888.html?from=rank
2026-07-25,2026-07-25T15:27:25+08:00,酷狗音乐,热歌榜,酷狗TOP500,2026-07-25,92,富士山下,陈奕迅,,4:19,0433F1A94FA162B20FB8AE576A951D6B,976404,https://www.kugou.com/yy/rank/home/5-8888.html?from=rank
2026-07-25,2026-07-25T15:27:25+08:00,酷狗音乐,热歌榜,酷狗TOP500,2026-07-25,93,江南,林俊杰,,4:28,819B74BD09009E0422B8F563E12BA96E,969588,https://www.kugou.com/yy/rank/home/5-8888.html?from=rank
2026-07-25,2026-07-25T15:27:25+08:00,酷狗音乐,热歌榜,酷狗TOP500,2026-07-25,94,阳光下的星星,金海心,,4:44,8B60D8B58137C2D256DAA71B9D84C046,1738155,https://www.kugou.com/yy/rank/home/5-8888.html?from=rank
2026-07-25,2026-07-25T15:27:25+08:00,酷狗音乐,热歌榜,酷狗TOP500,2026-07-25,95,Baby,Justin Bieber、Ludacris,,3:37,493CD2904FAFDAEB8785CC83B8056F5A,508825,https://www.kugou.com/yy/rank/home/5-8888.html?from=rank
2026-07-25,2026-07-25T15:27:25+08:00,酷狗音乐,热歌榜,酷狗TOP500,2026-07-25,96,岸边客,夏子航（2603）,,4:32,E87EEB7804D4708714E6C38DE1F8E649,161846818,https://www.kugou.com/yy/rank/home/5-8888.html?from=rank
2026-07-25,2026-07-25T15:27:25+08:00,酷狗音乐,热歌榜,酷狗TOP500,2026-07-25,97,We Don't Talk Anymore (Mr. Collipark Remix),Charlie Puth、Selena Gomez,,4:14,8F323B0610BE8D862B7CBB41C3398766,1746993,https://www.kugou.com/yy/rank/home/5-8888.html?from=rank
2026-07-25,2026-07-25T15:27:25+08:00,酷狗音乐,热歌榜,酷狗TOP500,2026-07-25,98,特别的人,方大同,,4:19,0F7A79ADAAEEB6EA1DA3E19DD637FD73,965097,https://www.kugou.com/yy/rank/home/5-8888.html?from=rank
2026-07-25,2026-07-25T15:27:25+08:00,酷狗音乐,热歌榜,酷狗TOP500,2026-07-25,99,如愿,王菲,,4:25,EC1A18BBD6B61CB203E656B91F5CF2D1,49057589,https://www.kugou.com/yy/rank/home/5-8888.html?from=rank
2026-07-25,2026-07-25T15:27:25+08:00,酷狗音乐,热歌榜,酷狗TOP500,2026-07-25,100,童话,光良,,4:04,472FF9D57BCE90288EC88CBE100BCB2A,974097,https://www.kugou.com/yy/rank/home/5-8888.html?from=rank
2026-07-25,2026-07-25T15:27:25+08:00,酷狗音乐,热歌榜,酷狗TOP500,2026-07-25,101,为爱痴狂 (想要问问你敢不敢),金志文,,2:21,8CA8C420761A7C36FF16DD42FE5D331D,194629486,https://www.kugou.com/yy/rank/home/5-8888.html?from=rank
2026-07-25,2026-07-25T15:27:25+08:00,酷狗音乐,热歌榜,酷狗TOP500,2026-07-25,102,认真的雪,薛之谦,,4:19,D2E00CC158DB4DA18927AC3B01CC371B,2689239,https://www.kugou.com/yy/rank/home/5-8888.html?from=rank
2026-07-25,2026-07-25T15:27:25+08:00,酷狗音乐,热歌榜,酷狗TOP500,2026-07-25,103,勇气,梁静茹,,3:59,A4D0C350CF4475BFBB0AB28DC6E25A8D,973299,https://www.kugou.com/yy/rank/home/5-8888.html?from=rank
2026-07-25,2026-07-25T15:27:25+08:00,酷狗音乐,热歌榜,酷狗TOP500,2026-07-25,104,听说当初你找过我,贺一航,,4:06,8853D5BDDDE97FEACFAF65371B68AD57,1969900,https://www.kugou.com/yy/rank/home/5-8888.html?from=rank
2026-07-25,2026-07-25T15:27:25+08:00,酷狗音乐,热歌榜,酷狗TOP500,2026-07-25,105,此生不换,青鸟飞鱼,,4:28,61AA3E30BF3F50F23FCAABD56DB46755,49812122,https://www.kugou.com/yy/rank/home/5-8888.html?from=rank
2026-07-25,2026-07-25T15:27:25+08:00,酷狗音乐,热歌榜,酷狗TOP500,2026-07-25,106,猜不透,丁当,,3:53,B1B4CC4F4E90134603CE66CBCF8FA73B,973244,https://www.kugou.com/yy/rank/home/5-8888.html?from=rank
2026-07-25,2026-07-25T15:27:25+08:00,酷狗音乐,热歌榜,酷狗TOP500,2026-07-25,107,海阔天空,BEYOND,,5:25,C41E80A18D1448FA47086372999C7F43,973001,https://www.kugou.com/yy/rank/home/5-8888.html?from=rank
2026-07-25,2026-07-25T15:27:25+08:00,酷狗音乐,热歌榜,酷狗TOP500,2026-07-25,108,十年,陈奕迅,,3:25,5146461A5717B942F4B13125978618E3,504194,https://www.kugou.com/yy/rank/home/5-8888.html?from=rank
2026-07-25,2026-07-25T15:27:25+08:00,酷狗音乐,热歌榜,酷狗TOP500,2026-07-25,109,你有没有真的爱过我 (对唱版),阿图表妹、寂寞阿图,,4:03,3C425FC4496E67468562CA377D7F2B23,190170015,https://www.kugou.com/yy/rank/home/5-8888.html?from=rank
2026-07-25,2026-07-25T15:27:25+08:00,酷狗音乐,热歌榜,酷狗TOP500,2026-07-25,110,归途恰恰,黄泥,,3:34,F16077C8A6D2DB48FDB99A30896186E2,198492004,https://www.kugou.com/yy/rank/home/5-8888.html?from=rank
2026-07-25,2026-07-25T15:27:25+08:00,酷狗音乐,热歌榜,酷狗TOP500,2026-07-25,111,Баллада (民谣),Xcho、Мот,,3:02,0B2EC37A6E065AD181378AAD27391F8F,91468549,https://www.kugou.com/yy/rank/home/6-8888.html?from=rank
2026-07-25,2026-07-25T15:27:25+08:00,酷狗音乐,热歌榜,酷狗TOP500,2026-07-25,112,七里香,周杰伦,,4:59,2C7CEB6CC2340ECC8948E0ACE62F0CF8,971783,https://www.kugou.com/yy/rank/home/6-8888.html?from=rank
2026-07-25,2026-07-25T15:27:25+08:00,酷狗音乐,热歌榜,酷狗TOP500,2026-07-25,113,舍得,王唯旖,,4:22,62C406C76F45C3EF39F451F2C4F22D95,1944276,https://www.kugou.com/yy/rank/home/6-8888.html?from=rank
2026-07-25,2026-07-25T15:27:25+08:00,酷狗音乐,热歌榜,酷狗TOP500,2026-07-25,114,会呼吸的痛,梁静茹,,4:32,1EB00DC46AE8E1446B6A9860A56487AC,500574,https://www.kugou.com/yy/rank/home/6-8888.html?from=rank
2026-07-25,2026-07-25T15:27:25+08:00,酷狗音乐,热歌榜,酷狗TOP500,2026-07-25,115,体面,于文文,,4:43,0F57843484D3AF06AAEA623D66BB286C,8149034,https://www.kugou.com/yy/rank/home/6-8888.html?from=rank
2026-07-25,2026-07-25T15:27:25+08:00,酷狗音乐,热歌榜,酷狗TOP500,2026-07-25,116,过海,王赫野、黄龄,,3:47,35405E44573EF6D9F2F0AB42AE8BD716,199401816,https://www.kugou.com/yy/rank/home/6-8888.html?from=rank
2026-07-25,2026-07-25T15:27:25+08:00,酷狗音乐,热歌榜,酷狗TOP500,2026-07-25,117,后来的我们,五月天,,5:46,09120C11A5C376EC7D1640098FA70CDC,1748942,https://www.kugou.com/yy/rank/home/6-8888.html?from=rank
2026-07-25,2026-07-25T15:27:25+08:00,酷狗音乐,热歌榜,酷狗TOP500,2026-07-25,118,奢香夫人,凤凰传奇,,4:20,478C572FC9E2E15777A41260DEE293A0,984412,https://www.kugou.com/yy/rank/home/6-8888.html?from=rank
2026-07-25,2026-07-25T15:27:25+08:00,酷狗音乐,热歌榜,酷狗TOP500,2026-07-25,119,忘情牛肉面,马健涛,,3:02,E9E3E3F40397839A715537F5AA5C93CE,32988895,https://www.kugou.com/yy/rank/home/6-8888.html?from=rank
2026-07-25,2026-07-25T15:27:25+08:00,酷狗音乐,热歌榜,酷狗TOP500,2026-07-25,120,离人赋,云汐,,3:57,321EC3B1BB1D8F1D2EFB7A40AC911CA4,64168081,https://www.kugou.com/yy/rank/home/6-8888.html?from=rank
2026-07-25,2026-07-25T15:27:25+08:00,酷狗音乐,热歌榜,酷狗TOP500,2026-07-25,121,空耳 + 还你茉莉 (Live),单依纯,,8:58,D4D625C285543462D61EE766BD3DF622,199795800,https://www.kugou.com/yy/rank/home/6-8888.html?from=rank
2026-07-25,2026-07-25T15:27:25+08:00,酷狗音乐,热歌榜,酷狗TOP500,2026-07-25,122,青花,周传雄,,4:58,09B46455BAE7C613ABD0DB362A5DDBDE,960448,https://www.kugou.com/yy/rank/home/6-8888.html?from=rank
2026-07-25,2026-07-25T15:27:25+08:00,酷狗音乐,热歌榜,酷狗TOP500,2026-07-25,123,夜曲,周杰伦,,3:47,16C8AB298231370293D16BCF9E5FF9B6,958909,https://www.kugou.com/yy/rank/home/6-8888.html?from=rank
2026-07-25,2026-07-25T15:27:25+08:00,酷狗音乐,热歌榜,酷狗TOP500,2026-07-25,124,野心家,张靓颖,,4:43,1789AD88CFDD254910125F22494C0E8B,161637189,https://www.kugou.com/yy/rank/home/6-8888.html?from=rank
2026-07-25,2026-07-25T15:27:25+08:00,酷狗音乐,热歌榜,酷狗TOP500,2026-07-25,125,泡沫 (G.E.M.重生版),G.E.M. 邓紫棋,,4:18,53F2510610AC38F0C15F73B2605E5CEE,150256944,https://www.kugou.com/yy/rank/home/6-8888.html?from=rank
2026-07-25,2026-07-25T15:27:25+08:00,酷狗音乐,热歌榜,酷狗TOP500,2026-07-25,126,戒烟,李荣浩,,4:54,AF36A623D725B98893DAEFDF8010F22E,49390931,https://www.kugou.com/yy/rank/home/6-8888.html?from=rank
2026-07-25,2026-07-25T15:27:25+08:00,酷狗音乐,热歌榜,酷狗TOP500,2026-07-25,127,过火,张信哲,,5:02,E34CBC6EBE64B9EE9ADB5C46E2178A84,982639,https://www.kugou.com/yy/rank/home/6-8888.html?from=rank
2026-07-25,2026-07-25T15:27:25+08:00,酷狗音乐,热歌榜,酷狗TOP500,2026-07-25,128,至少还有你,林忆莲,,4:35,BA9D67DAB59FA6DCE243F4B6B70ACA95,967340,https://www.kugou.com/yy/rank/home/6-8888.html?from=rank
2026-07-25,2026-07-25T15:27:25+08:00,酷狗音乐,热歌榜,酷狗TOP500,2026-07-25,129,落了白,蒋雪儿Snow.J,,3:01,74390D89B6BD2E18CFD7F25968EFD98A,40300587,https://www.kugou.com/yy/rank/home/6-8888.html?from=rank
2026-07-25,2026-07-25T15:27:25+08:00,酷狗音乐,热歌榜,酷狗TOP500,2026-07-25,130,退后,周杰伦,,4:22,5971DE0B235D5B2708D6A6FEB3D31B6F,965291,https://www.kugou.com/yy/rank/home/6-8888.html?from=rank
2026-07-25,2026-07-25T15:27:25+08:00,酷狗音乐,热歌榜,酷狗TOP500,2026-07-25,131,多远都要在一起,G.E.M. 邓紫棋,,3:38,A0AE93E5D475CBC7B52C6F45A7403F98,555825,https://www.kugou.com/yy/rank/home/6-8888.html?from=rank
2026-07-25,2026-07-25T15:27:25+08:00,酷狗音乐,热歌榜,酷狗TOP500,2026-07-25,132,不将就,李荣浩,,5:12,E5F0905C662872A9B05A423FD1ED48B5,1004040,https://www.kugou.com/yy/rank/home/6-8888.html?from=rank
2026-07-25,2026-07-25T15:27:25+08:00,酷狗音乐,热歌榜,酷狗TOP500,2026-07-25,133,遇见,孙燕姿,,3:31,9F865C787E90E013B2BC847BAAA306AA,964325,https://www.kugou.com/yy/rank/home/7-8888.html?from=rank
2026-07-25,2026-07-25T15:27:25+08:00,酷狗音乐,热歌榜,酷狗TOP500,2026-07-25,134,老男孩,筷子兄弟,,4:59,EB494F1F9199AA29F66E056F116D2F1C,17165001,https://www.kugou.com/yy/rank/home/7-8888.html?from=rank
2026-07-25,2026-07-25T15:27:25+08:00,酷狗音乐,热歌榜,酷狗TOP500,2026-07-25,135,疑心病,任然,,4:43,9D8C7468BE4391B85794617090585646,1818864,https://www.kugou.com/yy/rank/home/7-8888.html?from=rank
2026-07-25,2026-07-25T15:27:25+08:00,酷狗音乐,热歌榜,酷狗TOP500,2026-07-25,136,一路向北,周杰伦,,4:54,F73F22FB046CA1A135C70417163AF82E,1739223,https://www.kugou.com/yy/rank/home/7-8888.html?from=rank
2026-07-25,2026-07-25T15:27:25+08:00,酷狗音乐,热歌榜,酷狗TOP500,2026-07-25,137,出现又离开 (Live),梁博,,6:43,DEAB3B0160E9A410CE0AAA9ED8AC602E,19284949,https://www.kugou.com/yy/rank/home/7-8888.html?from=rank
2026-07-25,2026-07-25T15:27:25+08:00,酷狗音乐,热歌榜,酷狗TOP500,2026-07-25,138,耳朵,JOSHUA,,4:02,1A830B1A870EC69337CEC9F708B8F4C2,200392214,https://www.kugou.com/yy/rank/home/7-8888.html?from=rank
2026-07-25,2026-07-25T15:27:25+08:00,酷狗音乐,热歌榜,酷狗TOP500,2026-07-25,139,兰亭序,周杰伦,,4:14,4EC10B1B7B9BEB2F0ADB89BBEC5F664B,960399,https://www.kugou.com/yy/rank/home/7-8888.html?from=rank
2026-07-25,2026-07-25T15:27:25+08:00,酷狗音乐,热歌榜,酷狗TOP500,2026-07-25,140,那时雨,徐良,,3:34,CE76C60251F6193BC5BBA5B46B977747,16900987,https://www.kugou.com/yy/rank/home/7-8888.html?from=rank
2026-07-25,2026-07-25T15:27:25+08:00,酷狗音乐,热歌榜,酷狗TOP500,2026-07-25,141,沪上龙王,郭有才,,3:24,5BC72AAD6BD63DA97B5525B6FC061B50,198875748,https://www.kugou.com/yy/rank/home/7-8888.html?from=rank
2026-07-25,2026-07-25T15:27:25+08:00,酷狗音乐,热歌榜,酷狗TOP500,2026-07-25,142,你本就是光,刘亦辰,,3:01,5943DA649B2516ABBEF2379C29202051,195268232,https://www.kugou.com/yy/rank/home/7-8888.html?from=rank
2026-07-25,2026-07-25T15:27:25+08:00,酷狗音乐,热歌榜,酷狗TOP500,2026-07-25,143,秋天不回来,王强,,4:14,81056FF4FC4F2D0A0E9B38757A60D2F7,81746524,https://www.kugou.com/yy/rank/home/7-8888.html?from=rank
2026-07-25,2026-07-25T15:27:25+08:00,酷狗音乐,热歌榜,酷狗TOP500,2026-07-25,144,花海,周杰伦,,4:25,3328808CECBD1A1038166003840FDDD7,960399,https://www.kugou.com/yy/rank/home/7-8888.html?from=rank
2026-07-25,2026-07-25T15:27:25+08:00,酷狗音乐,热歌榜,酷狗TOP500,2026-07-25,145,说好的幸福呢,周杰伦,,4:17,892B7AD62499C97A1A994454423E30F6,960399,https://www.kugou.com/yy/rank/home/7-8888.html?from=rank
2026-07-25,2026-07-25T15:27:25+08:00,酷狗音乐,热歌榜,酷狗TOP500,2026-07-25,146,千千阕歌,陈慧娴,,5:01,81E5A1C3B9E016D61FE91B809B4A7DC1,971621,https://www.kugou.com/yy/rank/home/7-8888.html?from=rank
2026-07-25,2026-07-25T15:27:25+08:00,酷狗音乐,热歌榜,酷狗TOP500,2026-07-25,147,发如雪,周杰伦,,4:59,1F7E7659B9FFF4FB6F71562A61BBC25F,958909,https://www.kugou.com/yy/rank/home/7-8888.html?from=rank
2026-07-25,2026-07-25T15:27:25+08:00,酷狗音乐,热歌榜,酷狗TOP500,2026-07-25,148,去年夏天,王大毛,,4:05,5CD03A78A74761494A39CADFAA832550,8542577,https://www.kugou.com/yy/rank/home/7-8888.html?from=rank
2026-07-25,2026-07-25T15:27:25+08:00,酷狗音乐,热歌榜,酷狗TOP500,2026-07-25,149,Less than a Lover,JENNIE,,2:25,CC40F2BEAB23481B69EB7D9C25CD9C18,200519628,https://www.kugou.com/yy/rank/home/7-8888.html?from=rank
2026-07-25,2026-07-25T15:27:25+08:00,酷狗音乐,热歌榜,酷狗TOP500,2026-07-25,150,我走后,小咪,,4:08,00751DE0946619BCDE4A4E15397F2A15,22216764,https://www.kugou.com/yy/rank/home/7-8888.html?from=rank
2026-07-25,2026-07-25T15:27:25+08:00,酷狗音乐,热歌榜,酷狗TOP500,2026-07-25,151,成都,赵雷,,5:28,A06B033B356BFC974C5245D0195086A5,1802652,https://www.kugou.com/yy/rank/home/7-8888.html?from=rank
2026-07-25,2026-07-25T15:27:25+08:00,酷狗音乐,热歌榜,酷狗TOP500,2026-07-25,152,落日微醺 (晚风中一杯酒),落日微醺,,4:14,CB22754AB8A0F20FCC015D0A800758CE,196517740,https://www.kugou.com/yy/rank/home/7-8888.html?from=rank
2026-07-25,2026-07-25T15:27:25+08:00,酷狗音乐,热歌榜,酷狗TOP500,2026-07-25,153,素颜,许嵩、何曼婷,,3:59,30C94AE2868E63B1058DA7685E0CDF3B,13264539,https://www.kugou.com/yy/rank/home/7-8888.html?from=rank
2026-07-25,2026-07-25T15:27:25+08:00,酷狗音乐,热歌榜,酷狗TOP500,2026-07-25,154,若今生无缘 (若今生已无缘),万海东,,3:40,E74F4CC22263126EDD4A721AD0D0D0A8,195038536,https://www.kugou.com/yy/rank/home/7-8888.html?from=rank
2026-07-25,2026-07-25T15:27:25+08:00,酷狗音乐,热歌榜,酷狗TOP500,2026-07-25,155,春娇与志明,街道办GDC、欧阳耀莹,,3:24,E84947402A5E0952FA067566C10264CB,8543461,https://www.kugou.com/yy/rank/home/8-8888.html?from=rank
2026-07-25,2026-07-25T15:27:25+08:00,酷狗音乐,热歌榜,酷狗TOP500,2026-07-25,156,空心,光泽,,4:39,4465EE613CC3CF7DCF9448F8ACFED1CA,4141939,https://www.kugou.com/yy/rank/home/8-8888.html?from=rank
2026-07-25,2026-07-25T15:27:25+08:00,酷狗音乐,热歌榜,酷狗TOP500,2026-07-25,157,说了再见,周杰伦,,4:43,966C718DA96EE29B3B466F773BFA9E2F,958812,https://www.kugou.com/yy/rank/home/8-8888.html?from=rank
2026-07-25,2026-07-25T15:27:25+08:00,酷狗音乐,热歌榜,酷狗TOP500,2026-07-25,158,讲不出再见,谭咏麟,,4:54,2E0BFDC7BA2F759B0208A58CB2C26523,2337635,https://www.kugou.com/yy/rank/home/8-8888.html?from=rank
2026-07-25,2026-07-25T15:27:25+08:00,酷狗音乐,热歌榜,酷狗TOP500,2026-07-25,159,相见恨晚,彭佳慧,,4:15,01214FB85BAF49AB74F10AFA4C363540,977553,https://www.kugou.com/yy/rank/home/8-8888.html?from=rank
2026-07-25,2026-07-25T15:27:25+08:00,酷狗音乐,热歌榜,酷狗TOP500,2026-07-25,160,租购,薛之谦,,4:31,B96A6102B2238E21C463E96A7D81E840,130133801,https://www.kugou.com/yy/rank/home/8-8888.html?from=rank
2026-07-25,2026-07-25T15:27:25+08:00,酷狗音乐,热歌榜,酷狗TOP500,2026-07-25,161,茶花开了,王睿卓,,4:30,007A7A8EAFA3FF9EA51EF6A767AC3497,130468077,https://www.kugou.com/yy/rank/home/8-8888.html?from=rank
2026-07-25,2026-07-25T15:27:25+08:00,酷狗音乐,热歌榜,酷狗TOP500,2026-07-25,162,NIGHT DANCER (夜中舞者),imase,,3:31,572C3807BF90891332ED77A72DB74272,59918395,https://www.kugou.com/yy/rank/home/8-8888.html?from=rank
2026-07-25,2026-07-25T15:27:25+08:00,酷狗音乐,热歌榜,酷狗TOP500,2026-07-25,163,灰色轨迹,BEYOND,,5:28,4476FAA4B6567CCC2292BFBBCA93CB9C,39629213,https://www.kugou.com/yy/rank/home/8-8888.html?from=rank
2026-07-25,2026-07-25T15:27:25+08:00,酷狗音乐,热歌榜,酷狗TOP500,2026-07-25,164,碎碎念,队长,,2:13,A823AE8D84854FD2EB5B8E599D1263FA,79831015,https://www.kugou.com/yy/rank/home/8-8888.html?from=rank
2026-07-25,2026-07-25T15:27:25+08:00,酷狗音乐,热歌榜,酷狗TOP500,2026-07-25,165,美人鱼,林俊杰,,4:14,CDAE8C7E2FAF7F08DC18E78A1D65117B,969588,https://www.kugou.com/yy/rank/home/8-8888.html?from=rank
2026-07-25,2026-07-25T15:27:25+08:00,酷狗音乐,热歌榜,酷狗TOP500,2026-07-25,166,蒲公英的约定,周杰伦,,4:07,6996B4D89596673746AEE3D54F7E5367,979856,https://www.kugou.com/yy/rank/home/8-8888.html?from=rank
2026-07-25,2026-07-25T15:27:25+08:00,酷狗音乐,热歌榜,酷狗TOP500,2026-07-25,167,Radio (Dum-Dum),宋雨琦 (YUQI),,2:32,E8FFC3F649DA4476E2CEABFF3F94D103,140913986,https://www.kugou.com/yy/rank/home/8-8888.html?from=rank
2026-07-25,2026-07-25T15:27:25+08:00,酷狗音乐,热歌榜,酷狗TOP500,2026-07-25,168,关不上的窗,周传雄,,4:53,C9FF4C5E86A76043F004E3BB17E08942,982655,https://www.kugou.com/yy/rank/home/8-8888.html?from=rank
2026-07-25,2026-07-25T15:27:25+08:00,酷狗音乐,热歌榜,酷狗TOP500,2026-07-25,169,我知道,BY2,,4:10,A225CDE22D07C38D381AC212633BE757,530437,https://www.kugou.com/yy/rank/home/8-8888.html?from=rank
2026-07-25,2026-07-25T15:27:25+08:00,酷狗音乐,热歌榜,酷狗TOP500,2026-07-25,170,一直下,陈宇祥,,2:59,90D1389A725B29EDA4714BACB6450C94,198016246,https://www.kugou.com/yy/rank/home/8-8888.html?from=rank
2026-07-25,2026-07-25T15:27:25+08:00,酷狗音乐,热歌榜,酷狗TOP500,2026-07-25,171,也许在下雨天 (对唱版),戎明睿、王一佳,,3:52,4CB350AE6C500934F12C4B85D348D95A,198650892,https://www.kugou.com/yy/rank/home/8-8888.html?from=rank
2026-07-25,2026-07-25T15:27:25+08:00,酷狗音乐,热歌榜,酷狗TOP500,2026-07-25,172,是非题,莫文蔚,,4:07,60431D272D830AC994DF2584BA56D196,973717,https://www.kugou.com/yy/rank/home/8-8888.html?from=rank
2026-07-25,2026-07-25T15:27:25+08:00,酷狗音乐,热歌榜,酷狗TOP500,2026-07-25,173,失控,井迪,,4:15,44FE8C442EB1F254D15717F1DC03C9BF,40221609,https://www.kugou.com/yy/rank/home/8-8888.html?from=rank
2026-07-25,2026-07-25T15:27:25+08:00,酷狗音乐,热歌榜,酷狗TOP500,2026-07-25,174,曾经的你,许巍,,4:21,8D27A0FD0D8B6A9059D3FEEC95E2088D,976268,https://www.kugou.com/yy/rank/home/8-8888.html?from=rank
2026-07-25,2026-07-25T15:27:25+08:00,酷狗音乐,热歌榜,酷狗TOP500,2026-07-25,175,烟花易冷,周杰伦,,4:23,B9FC03DF9015D6BFF0554A110BF2C84F,958812,https://www.kugou.com/yy/rank/home/8-8888.html?from=rank
2026-07-25,2026-07-25T15:27:25+08:00,酷狗音乐,热歌榜,酷狗TOP500,2026-07-25,176,枫,周杰伦,,4:36,0D7E8C11C961A17EB8779FEB0CA772E3,958909,https://www.kugou.com/yy/rank/home/8-8888.html?from=rank
2026-07-25,2026-07-25T15:27:25+08:00,酷狗音乐,热歌榜,酷狗TOP500,2026-07-25,177,西乌旗99号公路,LunaLiu刘不语、张川海,,3:29,F65BB0D87F5543387A50AEEBF55A1E8A,185310075,https://www.kugou.com/yy/rank/home/9-8888.html?from=rank
2026-07-25,2026-07-25T15:27:25+08:00,酷狗音乐,热歌榜,酷狗TOP500,2026-07-25,178,可惜没如果,林俊杰,,4:58,57D6EAF8F7E593A2C4B780D8045DE5C1,542795,https://www.kugou.com/yy/rank/home/9-8888.html?from=rank
2026-07-25,2026-07-25T15:27:25+08:00,酷狗音乐,热歌榜,酷狗TOP500,2026-07-25,179,你瞒我瞒,陈柏宇,,3:58,E8EE57D671769402710C4FF9259D841F,965453,https://www.kugou.com/yy/rank/home/9-8888.html?from=rank
2026-07-25,2026-07-25T15:27:25+08:00,酷狗音乐,热歌榜,酷狗TOP500,2026-07-25,180,在你的身边,盛哲,,4:22,38698C9A8BB6637CDDE413C6E210FA54,4128050,https://www.kugou.com/yy/rank/home/9-8888.html?from=rank
2026-07-25,2026-07-25T15:27:25+08:00,酷狗音乐,热歌榜,酷狗TOP500,2026-07-25,181,老人与海,海鸣威、吴琼,,4:26,64550F3E833ABE710545EA84FC82754E,1778632,https://www.kugou.com/yy/rank/home/9-8888.html?from=rank
2026-07-25,2026-07-25T15:27:25+08:00,酷狗音乐,热歌榜,酷狗TOP500,2026-07-25,182,静音恋人 (两颗缠绕的心),礼越,,3:26,61F7ABEFA41C847C8F237C68883027CA,183361126,https://www.kugou.com/yy/rank/home/9-8888.html?from=rank
2026-07-25,2026-07-25T15:27:25+08:00,酷狗音乐,热歌榜,酷狗TOP500,2026-07-25,183,飞鸟和蝉,任然,,4:56,EB5F5AF3993F6537F2C70B959F2DCD6B,38339036,https://www.kugou.com/yy/rank/home/9-8888.html?from=rank
2026-07-25,2026-07-25T15:27:25+08:00,酷狗音乐,热歌榜,酷狗TOP500,2026-07-25,184,是你没选我啊,音乐科代表洪嘉源,,3:07,65D611715B7CC7131E6629F5E1745544,172307133,https://www.kugou.com/yy/rank/home/9-8888.html?from=rank
2026-07-25,2026-07-25T15:27:25+08:00,酷狗音乐,热歌榜,酷狗TOP500,2026-07-25,185,勋章,鹿晗,,3:34,6FB3EB3F13CD64DF6E9784F6E487BAB1,2059004,https://www.kugou.com/yy/rank/home/9-8888.html?from=rank
2026-07-25,2026-07-25T15:27:25+08:00,酷狗音乐,热歌榜,酷狗TOP500,2026-07-25,186,Cold Blooded (Moon Version),严浩翔,,3:30,5B5ED790661420057BED7E51116A9036,199797392,https://www.kugou.com/yy/rank/home/9-8888.html?from=rank
2026-07-25,2026-07-25T15:27:25+08:00,酷狗音乐,热歌榜,酷狗TOP500,2026-07-25,187,喜欢,阿肆,,4:10,F4233033E11BEF5AECD3BD64528A8236,14167090,https://www.kugou.com/yy/rank/home/9-8888.html?from=rank
2026-07-25,2026-07-25T15:27:25+08:00,酷狗音乐,热歌榜,酷狗TOP500,2026-07-25,188,阿衣莫,阿吉太组合,,5:14,6994BA45B41271F48D78881D674EDCF7,4138802,https://www.kugou.com/yy/rank/home/9-8888.html?from=rank
2026-07-25,2026-07-25T15:27:25+08:00,酷狗音乐,热歌榜,酷狗TOP500,2026-07-25,189,你有没有真的爱过我 (烟嗓版),寂寞阿图,,3:45,5EF8404977086AB95C304D857271FB10,190169654,https://www.kugou.com/yy/rank/home/9-8888.html?from=rank
2026-07-25,2026-07-25T15:27:25+08:00,酷狗音乐,热歌榜,酷狗TOP500,2026-07-25,190,夏天的风,温岚,,4:01,50AF6B58086928F4A94170AFFAA12A2D,2997111,https://www.kugou.com/yy/rank/home/9-8888.html?from=rank
2026-07-25,2026-07-25T15:27:25+08:00,酷狗音乐,热歌榜,酷狗TOP500,2026-07-25,191,舍不得又没资格 (男女合唱版),弦外之音,,2:57,39DBF61AACB72EAEB828D89C947E8AC7,199845860,https://www.kugou.com/yy/rank/home/9-8888.html?from=rank
2026-07-25,2026-07-25T15:27:25+08:00,酷狗音乐,热歌榜,酷狗TOP500,2026-07-25,192,珊瑚海,周杰伦、Lara梁心颐,,4:16,90E34F0C582168E7EA857915771AB220,958909,https://www.kugou.com/yy/rank/home/9-8888.html?from=rank
2026-07-25,2026-07-25T15:27:25+08:00,酷狗音乐,热歌榜,酷狗TOP500,2026-07-25,193,爱情转移,陈奕迅,,4:19,A549238FA1B05EABE841DFE110899647,962514,https://www.kugou.com/yy/rank/home/9-8888.html?from=rank
2026-07-25,2026-07-25T15:27:25+08:00,酷狗音乐,热歌榜,酷狗TOP500,2026-07-25,194,是我不够好,李毓芬,,3:37,2B152C85BA2B73CBC79EA722928EF425,1590098,https://www.kugou.com/yy/rank/home/9-8888.html?from=rank
2026-07-25,2026-07-25T15:27:25+08:00,酷狗音乐,热歌榜,酷狗TOP500,2026-07-25,195,西海情歌,刀郎,,5:43,0E5FB14E78AFF13C2DEF97C814537CB7,984281,https://www.kugou.com/yy/rank/home/9-8888.html?from=rank
2026-07-25,2026-07-25T15:27:25+08:00,酷狗音乐,热歌榜,酷狗TOP500,2026-07-25,196,只对你有感觉,飞轮海、田馥甄,,3:59,180D6E82A1AEFEDF10BE440454956E1F,556347,https://www.kugou.com/yy/rank/home/9-8888.html?from=rank
2026-07-25,2026-07-25T15:27:25+08:00,酷狗音乐,热歌榜,酷狗TOP500,2026-07-25,197,琵琶行,奇然、沈谧仁,,5:35,0AB355EF75A56A57E1790734B2E26ED9,2563381,https://www.kugou.com/yy/rank/home/9-8888.html?from=rank
2026-07-25,2026-07-25T15:27:25+08:00,酷狗音乐,热歌榜,酷狗TOP500,2026-07-25,198,下一个天亮,郭静,,4:27,7E2AD47232E7148C642B6836041826C9,971139,https://www.kugou.com/yy/rank/home/9-8888.html?from=rank
2026-07-25,2026-07-25T15:27:25+08:00,酷狗音乐,热歌榜,酷狗TOP500,2026-07-25,199,我是真的爱上你,王杰,,5:03,7C353B672AC945A3FE56022000A239FE,2996801,https://www.kugou.com/yy/rank/home/10-8888.html?from=rank
2026-07-25,2026-07-25T15:27:25+08:00,酷狗音乐,热歌榜,酷狗TOP500,2026-07-25,200,Creepin' up on You,Darren Hayes,,4:53,6348CF4041BEE19FAD536C563C32695A,1593407,https://www.kugou.com/yy/rank/home/10-8888.html?from=rank
2026-07-25,2026-07-25T15:27:25+08:00,酷狗音乐,热歌榜,酷狗TOP500,2026-07-25,201,沦陷,贾格JuggShots,,3:04,64C2E5D33BE5F53758F3E96DC8EEC3C3,95717116,https://www.kugou.com/yy/rank/home/10-8888.html?from=rank
2026-07-25,2026-07-25T15:27:25+08:00,酷狗音乐,热歌榜,酷狗TOP500,2026-07-25,202,最后一页,江语晨,,4:06,EF053996094A323B42C35195E9781A30,1596655,https://www.kugou.com/yy/rank/home/10-8888.html?from=rank
2026-07-25,2026-07-25T15:27:25+08:00,酷狗音乐,热歌榜,酷狗TOP500,2026-07-25,203,先说爱的人为什么先离开,田园,,3:40,6379393814B0A74AB7B87B2FA9E87689,107655422,https://www.kugou.com/yy/rank/home/10-8888.html?from=rank
2026-07-25,2026-07-25T15:27:25+08:00,酷狗音乐,热歌榜,酷狗TOP500,2026-07-25,204,周旋,王以太、艾热AIR,,4:50,D4B5A2762AD5716EB290DD452721B5E4,198788223,https://www.kugou.com/yy/rank/home/10-8888.html?from=rank
2026-07-25,2026-07-25T15:27:25+08:00,酷狗音乐,热歌榜,酷狗TOP500,2026-07-25,205,那天下雨了,周杰伦,,3:43,1335F720C701863F127FB14CCC9C08A2,179652761,https://www.kugou.com/yy/rank/home/10-8888.html?from=rank
2026-07-25,2026-07-25T15:27:25+08:00,酷狗音乐,热歌榜,酷狗TOP500,2026-07-25,206,起风了,买辣椒也用券,,5:26,5C035CBF390FEF6B536020A57749EF70,53218722,https://www.kugou.com/yy/rank/home/10-8888.html?from=rank
2026-07-25,2026-07-25T15:27:25+08:00,酷狗音乐,热歌榜,酷狗TOP500,2026-07-25,207,想你的夜,关喆,,4:25,1404A292A6E122C99696BDFF04CE982F,963737,https://www.kugou.com/yy/rank/home/10-8888.html?from=rank
2026-07-25,2026-07-25T15:27:25+08:00,酷狗音乐,热歌榜,酷狗TOP500,2026-07-25,208,表白,萧亚轩,,3:29,0521A7354DF37C1C9705A3E3FD204B95,18052287,https://www.kugou.com/yy/rank/home/10-8888.html?from=rank
2026-07-25,2026-07-25T15:27:25+08:00,酷狗音乐,热歌榜,酷狗TOP500,2026-07-25,209,太聪明,陈绮贞,,4:23,89101DA817101FEA0C9ECF64EAE2B46F,959335,https://www.kugou.com/yy/rank/home/10-8888.html?from=rank
2026-07-25,2026-07-25T15:27:25+08:00,酷狗音乐,热歌榜,酷狗TOP500,2026-07-25,210,爱如潮水,张信哲,,4:31,03542812844EE77A22E096A9D6974858,538030,https://www.kugou.com/yy/rank/home/10-8888.html?from=rank
2026-07-25,2026-07-25T15:27:25+08:00,酷狗音乐,热歌榜,酷狗TOP500,2026-07-25,211,牵丝戏,银临、Aki阿杰,,3:59,5E7FF596F7D6021DA63AF36E91BECE4B,568968,https://www.kugou.com/yy/rank/home/10-8888.html?from=rank
2026-07-25,2026-07-25T15:27:25+08:00,酷狗音乐,热歌榜,酷狗TOP500,2026-07-25,212,水手,郑智化,,4:53,6DCF10DEA98A7C9F755BE385E822BE05,967718,https://www.kugou.com/yy/rank/home/10-8888.html?from=rank
2026-07-25,2026-07-25T15:27:25+08:00,酷狗音乐,热歌榜,酷狗TOP500,2026-07-25,213,冲动的惩罚,刀郎,,7:54,84073718AE6A82366444C3B5AE526FAC,964521,https://www.kugou.com/yy/rank/home/10-8888.html?from=rank
2026-07-25,2026-07-25T15:27:25+08:00,酷狗音乐,热歌榜,酷狗TOP500,2026-07-25,214,IF YOU,BIGBANG,,4:24,33C5FC6AB3AF0B5B142F12C9556CB178,549436,https://www.kugou.com/yy/rank/home/10-8888.html?from=rank
2026-07-25,2026-07-25T15:27:25+08:00,酷狗音乐,热歌榜,酷狗TOP500,2026-07-25,215,迷人的危险,Dance Flow,,3:26,0F666EF632DB9404308219BE5AAE43B4,551560,https://www.kugou.com/yy/rank/home/10-8888.html?from=rank
2026-07-25,2026-07-25T15:27:25+08:00,酷狗音乐,热歌榜,酷狗TOP500,2026-07-25,216,忘记时间,胡歌,,4:32,BB2759C850804CB32A55480D85D21080,493001,https://www.kugou.com/yy/rank/home/10-8888.html?from=rank
2026-07-25,2026-07-25T15:27:25+08:00,酷狗音乐,热歌榜,酷狗TOP500,2026-07-25,217,下一站 Beyond This Station,小林未郁、HOYO-MiX,,3:49,1DBD46650E8F900E82B75D5B77FBD32A,199481595,https://www.kugou.com/yy/rank/home/10-8888.html?from=rank
2026-07-25,2026-07-25T15:27:25+08:00,酷狗音乐,热歌榜,酷狗TOP500,2026-07-25,218,KISS N TELL,aespa,,2:46,055F47669FD750E1F6FD0564A75050CD,200502168,https://www.kugou.com/yy/rank/home/10-8888.html?from=rank
2026-07-25,2026-07-25T15:27:25+08:00,酷狗音乐,热歌榜,酷狗TOP500,2026-07-25,219,也许在下雨天 (氛围版),晚月moon,,3:31,0CB347FCE5634E129B99A00DBC874274,198025603,https://www.kugou.com/yy/rank/home/10-8888.html?from=rank
2026-07-25,2026-07-25T15:27:25+08:00,酷狗音乐,热歌榜,酷狗TOP500,2026-07-25,220,广东爱情故事,广东雨神,,3:34,7A2956668C7D5393FF16AD930C23F2FD,4162049,https://www.kugou.com/yy/rank/home/10-8888.html?from=rank
2026-07-25,2026-07-25T15:27:25+08:00,酷狗音乐,热歌榜,酷狗TOP500,2026-07-25,221,瞬,郑润泽,,4:45,C06970FDB48E8E1F9BBC7577B7BC1938,75949211,https://www.kugou.com/yy/rank/home/11-8888.html?from=rank
2026-07-25,2026-07-25T15:27:25+08:00,酷狗音乐,热歌榜,酷狗TOP500,2026-07-25,222,谁 (男女扎心合唱),梨子芥菜、戚悦,,3:58,38DAABE4EEA0ADDC04897AC14E15B54E,185936379,https://www.kugou.com/yy/rank/home/11-8888.html?from=rank
2026-07-25,2026-07-25T15:27:25+08:00,酷狗音乐,热歌榜,酷狗TOP500,2026-07-25,223,明明就,周杰伦,,4:20,D85C14E02008B7A2F97D55CDC29C2221,982051,https://www.kugou.com/yy/rank/home/11-8888.html?from=rank
2026-07-25,2026-07-25T15:27:25+08:00,酷狗音乐,热歌榜,酷狗TOP500,2026-07-25,224,第一次爱的人,王心凌,,3:53,31B213E45501B3698702EDB7C0A3E5A6,979891,https://www.kugou.com/yy/rank/home/11-8888.html?from=rank
2026-07-25,2026-07-25T15:27:25+08:00,酷狗音乐,热歌榜,酷狗TOP500,2026-07-25,225,不该 (with aMEI),周杰伦、张惠妹,,4:51,FCF336E81DA45A8E696032FFC1708175,1645030,https://www.kugou.com/yy/rank/home/11-8888.html?from=rank
2026-07-25,2026-07-25T15:27:25+08:00,酷狗音乐,热歌榜,酷狗TOP500,2026-07-25,226,最长的电影,周杰伦,,3:56,DBE8FCD4C5072CF6139A28E32D45B990,979856,https://www.kugou.com/yy/rank/home/11-8888.html?from=rank
2026-07-25,2026-07-25T15:27:25+08:00,酷狗音乐,热歌榜,酷狗TOP500,2026-07-25,227,倒数,G.E.M. 邓紫棋,,3:49,65945C4D6FB03D7997AE133C9BE5715D,9373625,https://www.kugou.com/yy/rank/home/11-8888.html?from=rank
2026-07-25,2026-07-25T15:27:25+08:00,酷狗音乐,热歌榜,酷狗TOP500,2026-07-25,228,不要在我寂寞的时候说爱我 (funky版),Bobo博official,,2:24,5E043A1E610CC92EC4D10816861667F8,180788163,https://www.kugou.com/yy/rank/home/11-8888.html?from=rank
2026-07-25,2026-07-25T15:27:25+08:00,酷狗音乐,热歌榜,酷狗TOP500,2026-07-25,229,九百九十九朵玫瑰 (r&b),落日微醺,,4:07,0969B2B26405C8DDEC7C72292F794D48,184352572,https://www.kugou.com/yy/rank/home/11-8888.html?from=rank
2026-07-25,2026-07-25T15:27:25+08:00,酷狗音乐,热歌榜,酷狗TOP500,2026-07-25,230,我的歌声里,曲婉婷,,3:37,227D8E7B7B6EAF7509BB345A7B718EB2,516422,https://www.kugou.com/yy/rank/home/11-8888.html?from=rank
2026-07-25,2026-07-25T15:27:25+08:00,酷狗音乐,热歌榜,酷狗TOP500,2026-07-25,231,如果可以,韦礼安,,4:34,70425DF5F0C9FCED5E0468189A7F4A70,49958186,https://www.kugou.com/yy/rank/home/11-8888.html?from=rank
2026-07-25,2026-07-25T15:27:25+08:00,酷狗音乐,热歌榜,酷狗TOP500,2026-07-25,232,一样的月光,徐佳莹,,4:00,F6B097E66D65A9B20453B46E4E5D9EBE,972101,https://www.kugou.com/yy/rank/home/11-8888.html?from=rank
2026-07-25,2026-07-25T15:27:25+08:00,酷狗音乐,热歌榜,酷狗TOP500,2026-07-25,233,你的承诺,海鸣威,,3:53,B1996C2589FADECA9759A420E1EC3FE3,19347507,https://www.kugou.com/yy/rank/home/11-8888.html?from=rank
2026-07-25,2026-07-25T15:27:25+08:00,酷狗音乐,热歌榜,酷狗TOP500,2026-07-25,234,有何不可,许嵩,,4:01,B3D5D7D3A140628D1605BD392467E348,973251,https://www.kugou.com/yy/rank/home/11-8888.html?from=rank
2026-07-25,2026-07-25T15:27:25+08:00,酷狗音乐,热歌榜,酷狗TOP500,2026-07-25,235,还是分开,张叶蕾,,3:49,A9B126E712C82BAB3CCCA272BE4B84E4,51924399,https://www.kugou.com/yy/rank/home/11-8888.html?from=rank
2026-07-25,2026-07-25T15:27:25+08:00,酷狗音乐,热歌榜,酷狗TOP500,2026-07-25,236,模特,李荣浩,,5:06,87EBC49856D2CB3C04992C9A87E5A5C5,968143,https://www.kugou.com/yy/rank/home/11-8888.html?from=rank
2026-07-25,2026-07-25T15:27:25+08:00,酷狗音乐,热歌榜,酷狗TOP500,2026-07-25,237,年少有为,李荣浩,,4:39,3A5C1D6CDABB2FDA813F8F8B7E4D08B0,8873395,https://www.kugou.com/yy/rank/home/11-8888.html?from=rank
2026-07-25,2026-07-25T15:27:25+08:00,酷狗音乐,热歌榜,酷狗TOP500,2026-07-25,238,月满西楼约,如梦,,3:53,9D46CB34459F26B7D109F52BF0A68472,182028898,https://www.kugou.com/yy/rank/home/11-8888.html?from=rank
2026-07-25,2026-07-25T15:27:25+08:00,酷狗音乐,热歌榜,酷狗TOP500,2026-07-25,239,Alive,Blue,,3:40,996EE22D2450A7C7528394F7F98432E6,560693,https://www.kugou.com/yy/rank/home/11-8888.html?from=rank
2026-07-25,2026-07-25T15:27:25+08:00,酷狗音乐,热歌榜,酷狗TOP500,2026-07-25,240,不潮不用花钱,林俊杰,,3:54,5A84BBA4C673BEA45083C521ADF366AF,963179,https://www.kugou.com/yy/rank/home/11-8888.html?from=rank
2026-07-25,2026-07-25T15:27:25+08:00,酷狗音乐,热歌榜,酷狗TOP500,2026-07-25,241,最爱,周慧敏,,4:25,DBC221919A9686F684F90E1920179363,568311,https://www.kugou.com/yy/rank/home/11-8888.html?from=rank
2026-07-25,2026-07-25T15:27:25+08:00,酷狗音乐,热歌榜,酷狗TOP500,2026-07-25,242,座位,于冬然,,3:29,D87A09DB3166215E5DFD4A30C922509E,137485296,https://www.kugou.com/yy/rank/home/11-8888.html?from=rank
2026-07-25,2026-07-25T15:27:25+08:00,酷狗音乐,热歌榜,酷狗TOP500,2026-07-25,243,恶作剧,王蓝茵,,3:47,05B893FC78627C3F5635491BBB35167E,720564,https://www.kugou.com/yy/rank/home/12-8888.html?from=rank
2026-07-25,2026-07-25T15:27:25+08:00,酷狗音乐,热歌榜,酷狗TOP500,2026-07-25,244,不遗憾,李荣浩,,5:20,40CE38D5DB930F404EB26F58978BEC3D,44404137,https://www.kugou.com/yy/rank/home/12-8888.html?from=rank
2026-07-25,2026-07-25T15:27:25+08:00,酷狗音乐,热歌榜,酷狗TOP500,2026-07-25,245,不能说的秘密,周杰伦,,4:57,EDFC5DD1AC3D58971AB95B3E2700D015,554150,https://www.kugou.com/yy/rank/home/12-8888.html?from=rank
2026-07-25,2026-07-25T15:27:25+08:00,酷狗音乐,热歌榜,酷狗TOP500,2026-07-25,246,也许在下雨天 (眼泪才不被看见),何遇Hayu、Crybird,,3:47,18D96FA29BBCB2873400BEAB17B817CF,194623547,https://www.kugou.com/yy/rank/home/12-8888.html?from=rank
2026-07-25,2026-07-25T15:27:25+08:00,酷狗音乐,热歌榜,酷狗TOP500,2026-07-25,247,世界上的另一个我,阿肆、郭采洁,,3:58,73C0E5566146583A631C9A94203405D6,4255765,https://www.kugou.com/yy/rank/home/12-8888.html?from=rank
2026-07-25,2026-07-25T15:27:25+08:00,酷狗音乐,热歌榜,酷狗TOP500,2026-07-25,248,遗失的心跳,萧亚轩,,3:37,54C1A6E877BB37D052A86D4C41604FE7,521727,https://www.kugou.com/yy/rank/home/12-8888.html?from=rank
2026-07-25,2026-07-25T15:27:25+08:00,酷狗音乐,热歌榜,酷狗TOP500,2026-07-25,249,一生所爱,卢冠廷、莫文蔚,,4:34,C965B31DB9B5F4E4DB94DC071830C78F,3995801,https://www.kugou.com/yy/rank/home/12-8888.html?from=rank
2026-07-25,2026-07-25T15:27:25+08:00,酷狗音乐,热歌榜,酷狗TOP500,2026-07-25,250,相遇的意义 (烟嗓R&B版),落日微醺,,3:09,1DB50CE5AFC2AE239D1E0E68C8A21B1A,196504361,https://www.kugou.com/yy/rank/home/12-8888.html?from=rank
2026-07-25,2026-07-25T15:27:25+08:00,酷狗音乐,热歌榜,酷狗TOP500,2026-07-25,251,土坡上的狗尾草,卢润泽,,3:15,5E40742110D3DB109A22BDB1012C6EBB,104913971,https://www.kugou.com/yy/rank/home/12-8888.html?from=rank
2026-07-25,2026-07-25T15:27:25+08:00,酷狗音乐,热歌榜,酷狗TOP500,2026-07-25,252,坠落,蔡健雅,,4:10,233254CB517BAA74387361C2158519DA,974379,https://www.kugou.com/yy/rank/home/12-8888.html?from=rank
2026-07-25,2026-07-25T15:27:25+08:00,酷狗音乐,热歌榜,酷狗TOP500,2026-07-25,253,你还要我怎样,薛之谦,,5:11,8C6AAC48FB5C3759042E4C8699544C6F,960327,https://www.kugou.com/yy/rank/home/12-8888.html?from=rank
2026-07-25,2026-07-25T15:27:25+08:00,酷狗音乐,热歌榜,酷狗TOP500,2026-07-25,254,蓝莲花,许巍,,4:31,EDCDC42FEE3A4BC8F2ADBAF96ADE9D77,15247919,https://www.kugou.com/yy/rank/home/12-8888.html?from=rank
2026-07-25,2026-07-25T15:27:25+08:00,酷狗音乐,热歌榜,酷狗TOP500,2026-07-25,255,暖一杯茶,邵帅,,4:03,26A9B8C6480C22BC4342F22CB897E760,23061596,https://www.kugou.com/yy/rank/home/12-8888.html?from=rank
2026-07-25,2026-07-25T15:27:25+08:00,酷狗音乐,热歌榜,酷狗TOP500,2026-07-25,256,老街,李荣浩,,5:19,30E7F7CCB57EB16D1BE3EC71D7ADB071,964378,https://www.kugou.com/yy/rank/home/12-8888.html?from=rank
2026-07-25,2026-07-25T15:27:25+08:00,酷狗音乐,热歌榜,酷狗TOP500,2026-07-25,257,执子之手,宝石Gem、哩哩,,3:10,A84D44A92F427A3198ECEE703B708478,61962429,https://www.kugou.com/yy/rank/home/12-8888.html?from=rank
2026-07-25,2026-07-25T15:27:25+08:00,酷狗音乐,热歌榜,酷狗TOP500,2026-07-25,258,半岛铁盒,周杰伦,,5:19,67BA8A4A0681F2078BC423CB13B904B7,961807,https://www.kugou.com/yy/rank/home/12-8888.html?from=rank
2026-07-25,2026-07-25T15:27:25+08:00,酷狗音乐,热歌榜,酷狗TOP500,2026-07-25,259,我借 (御姐版),铁锤夫妇,,4:07,EC2F26754FED82D125388E7B27D536AA,197901242,https://www.kugou.com/yy/rank/home/12-8888.html?from=rank
2026-07-25,2026-07-25T15:27:25+08:00,酷狗音乐,热歌榜,酷狗TOP500,2026-07-25,260,香烟与吻痕 (我在月光下许过情真),黄龄,,3:48,E846D1F54C3125EDE925EDD67A8671BC,198019905,https://www.kugou.com/yy/rank/home/12-8888.html?from=rank
2026-07-25,2026-07-25T15:27:25+08:00,酷狗音乐,热歌榜,酷狗TOP500,2026-07-25,261,白鸽乌鸦相爱的戏码,潘成（皮卡潘）,,2:54,1B5005F285D8B7FD083CA61C5753E9DB,100112898,https://www.kugou.com/yy/rank/home/12-8888.html?from=rank
2026-07-25,2026-07-25T15:27:25+08:00,酷狗音乐,热歌榜,酷狗TOP500,2026-07-25,262,幻听,许嵩,,4:33,24F5E7555646965CD7D1A924452B3300,973046,https://www.kugou.com/yy/rank/home/12-8888.html?from=rank
2026-07-25,2026-07-25T15:27:25+08:00,酷狗音乐,热歌榜,酷狗TOP500,2026-07-25,263,我记得,赵雷,,5:30,8CE80CF10A01F37354D63E49C1B60B60,60018447,https://www.kugou.com/yy/rank/home/12-8888.html?from=rank
2026-07-25,2026-07-25T15:27:25+08:00,酷狗音乐,热歌榜,酷狗TOP500,2026-07-25,264,只为你着迷,李秉成,,4:01,C2F47FB042D8FE6A2B5265DFCF8919A5,11795396,https://www.kugou.com/yy/rank/home/12-8888.html?from=rank
2026-07-25,2026-07-25T15:27:25+08:00,酷狗音乐,热歌榜,酷狗TOP500,2026-07-25,265,是你没选我啊,于冬然,,3:22,885046DF8380B7506A6B12EC8F6E201D,176303736,https://www.kugou.com/yy/rank/home/13-8888.html?from=rank
2026-07-25,2026-07-25T15:27:25+08:00,酷狗音乐,热歌榜,酷狗TOP500,2026-07-25,266,还爱着你,文夫,,3:52,A61924D891C970A28150FDF9E5E56C53,171019019,https://www.kugou.com/yy/rank/home/13-8888.html?from=rank
2026-07-25,2026-07-25T15:27:25+08:00,酷狗音乐,热歌榜,酷狗TOP500,2026-07-25,267,再见只是陌生人,庄心妍,,4:12,67F2E5F1B47C2B86E201518FD24D9831,556403,https://www.kugou.com/yy/rank/home/13-8888.html?from=rank
2026-07-25,2026-07-25T15:27:25+08:00,酷狗音乐,热歌榜,酷狗TOP500,2026-07-25,268,天地龙鳞,王力宏,,3:17,DD83DC4A30C3A05D60FFCE6944FB441C,50749156,https://www.kugou.com/yy/rank/home/13-8888.html?from=rank
2026-07-25,2026-07-25T15:27:25+08:00,酷狗音乐,热歌榜,酷狗TOP500,2026-07-25,269,喜欢你 (G.E.M.重生版),G.E.M. 邓紫棋,,4:03,AA4D82A7506DE809B7A89F91B73F3E1E,150256944,https://www.kugou.com/yy/rank/home/13-8888.html?from=rank
2026-07-25,2026-07-25T15:27:25+08:00,酷狗音乐,热歌榜,酷狗TOP500,2026-07-25,270,平凡之路,朴树,,5:01,2BE5DE80E68B3346918D38CF7527D979,2944963,https://www.kugou.com/yy/rank/home/13-8888.html?from=rank
2026-07-25,2026-07-25T15:27:25+08:00,酷狗音乐,热歌榜,酷狗TOP500,2026-07-25,271,落空,印子月,,3:53,F2823FEC8D01EDE2587ED3D32F787782,15394482,https://www.kugou.com/yy/rank/home/13-8888.html?from=rank
2026-07-25,2026-07-25T15:27:25+08:00,酷狗音乐,热歌榜,酷狗TOP500,2026-07-25,272,如果当时,许嵩,,5:16,697712B7504DA5541C3ED4D117AE1018,973251,https://www.kugou.com/yy/rank/home/13-8888.html?from=rank
2026-07-25,2026-07-25T15:27:25+08:00,酷狗音乐,热歌榜,酷狗TOP500,2026-07-25,273,天外来物,薛之谦,,4:17,761C1EAFBD1E22504B487F84D2152DF5,40890018,https://www.kugou.com/yy/rank/home/13-8888.html?from=rank
2026-07-25,2026-07-25T15:27:25+08:00,酷狗音乐,热歌榜,酷狗TOP500,2026-07-25,274,那些你很冒险的梦,林俊杰,,4:05,468A823BD25A585841F4BC5ED3EF945B,977237,https://www.kugou.com/yy/rank/home/13-8888.html?from=rank
2026-07-25,2026-07-25T15:27:25+08:00,酷狗音乐,热歌榜,酷狗TOP500,2026-07-25,275,爱我还是他,陶喆,,4:53,004A93C3A157D825B92A91EEB17DA36A,7547427,https://www.kugou.com/yy/rank/home/13-8888.html?from=rank
2026-07-25,2026-07-25T15:27:25+08:00,酷狗音乐,热歌榜,酷狗TOP500,2026-07-25,276,忘了你忘了我,王杰,,4:38,95CBD367E98724883CA99874AD626446,962390,https://www.kugou.com/yy/rank/home/13-8888.html?from=rank
2026-07-25,2026-07-25T15:27:25+08:00,酷狗音乐,热歌榜,酷狗TOP500,2026-07-25,277,断点,张敬轩,,4:28,2C2A571D91FF7BF6FE814887FFA7E592,2996592,https://www.kugou.com/yy/rank/home/13-8888.html?from=rank
2026-07-25,2026-07-25T15:27:25+08:00,酷狗音乐,热歌榜,酷狗TOP500,2026-07-25,278,摇太阳 (雷鬼版),白兰的,,4:32,97915750F2E7DEBEB4E2C7AF4AA7F5A1,183678520,https://www.kugou.com/yy/rank/home/13-8888.html?from=rank
2026-07-25,2026-07-25T15:27:25+08:00,酷狗音乐,热歌榜,酷狗TOP500,2026-07-25,279,也许在下雨天 (R&B版),落日微醺,,3:49,C9527B6C9EA30FA690641B372B3310EC,195588821,https://www.kugou.com/yy/rank/home/13-8888.html?from=rank
2026-07-25,2026-07-25T15:27:25+08:00,酷狗音乐,热歌榜,酷狗TOP500,2026-07-25,280,怎么两清 (做回甲乙丙丁),欢子,,3:22,342245E480BE5995EEAACD411B1E5CCA,199624225,https://www.kugou.com/yy/rank/home/13-8888.html?from=rank
2026-07-25,2026-07-25T15:27:25+08:00,酷狗音乐,热歌榜,酷狗TOP500,2026-07-25,281,简单爱,周杰伦,,4:30,6E44CE19BE5872384FA184B995CCE23B,958706,https://www.kugou.com/yy/rank/home/13-8888.html?from=rank
2026-07-25,2026-07-25T15:27:25+08:00,酷狗音乐,热歌榜,酷狗TOP500,2026-07-25,282,Because of You,Kelly Clarkson,,3:39,FED9A7BE6BC7D2FF3B8426ECEF34A2B6,1592158,https://www.kugou.com/yy/rank/home/13-8888.html?from=rank
2026-07-25,2026-07-25T15:27:25+08:00,酷狗音乐,热歌榜,酷狗TOP500,2026-07-25,283,雪下的时候,乔佳旭,,4:24,F6B3AA5971A01E755A344C2256606418,35913748,https://www.kugou.com/yy/rank/home/13-8888.html?from=rank
2026-07-25,2026-07-25T15:27:25+08:00,酷狗音乐,热歌榜,酷狗TOP500,2026-07-25,284,我们的歌,王力宏,,4:08,4E294957A0D9B72A78B61F3C2A63B6CC,503223,https://www.kugou.com/yy/rank/home/13-8888.html?from=rank
2026-07-25,2026-07-25T15:27:25+08:00,酷狗音乐,热歌榜,酷狗TOP500,2026-07-25,285,如果爱忘了 (Live),汪苏泷、单依纯,,4:05,50F260DC0A2E7203A1AB89E1937F3927,83718089,https://www.kugou.com/yy/rank/home/13-8888.html?from=rank
2026-07-25,2026-07-25T15:27:25+08:00,酷狗音乐,热歌榜,酷狗TOP500,2026-07-25,286,"Baby, Don't Cry (人鱼的眼泪)(Chinese Ver.)",EXO,,3:56,B692ED61ED4DDE69C50EB8B975D4E04D,22436133,https://www.kugou.com/yy/rank/home/13-8888.html?from=rank
2026-07-25,2026-07-25T15:27:25+08:00,酷狗音乐,热歌榜,酷狗TOP500,2026-07-25,287,我曾像傻子一样爱你,老板,,4:03,85F18C8A9470C0BE7BD1D679ACFC6E21,171863030,https://www.kugou.com/yy/rank/home/14-8888.html?from=rank
2026-07-25,2026-07-25T15:27:25+08:00,酷狗音乐,热歌榜,酷狗TOP500,2026-07-25,288,没那么简单,黄小琥,,5:08,90D82FB9EB6C1F5385F6F086318EE1FA,962530,https://www.kugou.com/yy/rank/home/14-8888.html?from=rank
2026-07-25,2026-07-25T15:27:25+08:00,酷狗音乐,热歌榜,酷狗TOP500,2026-07-25,289,他真的对你好吗,付豪,,4:18,B1B875147F45355FF807402402F5B573,55501876,https://www.kugou.com/yy/rank/home/14-8888.html?from=rank
2026-07-25,2026-07-25T15:27:25+08:00,酷狗音乐,热歌榜,酷狗TOP500,2026-07-25,290,情人,蔡徐坤,,3:15,120F234213ACB64E202B391612D5D9CA,37760326,https://www.kugou.com/yy/rank/home/14-8888.html?from=rank
2026-07-25,2026-07-25T15:27:25+08:00,酷狗音乐,热歌榜,酷狗TOP500,2026-07-25,291,不分手的恋爱,汪苏泷,,3:26,543A6E13C527E52886E51BBF14191C8F,37376237,https://www.kugou.com/yy/rank/home/14-8888.html?from=rank
2026-07-25,2026-07-25T15:27:25+08:00,酷狗音乐,热歌榜,酷狗TOP500,2026-07-25,292,背着风流泪,文夫,,4:14,93313560CDE28F74AA7D2894E3C4D7F7,146986506,https://www.kugou.com/yy/rank/home/14-8888.html?from=rank
2026-07-25,2026-07-25T15:27:25+08:00,酷狗音乐,热歌榜,酷狗TOP500,2026-07-25,293,Letting Go,蔡健雅,,4:23,326CBB23BAA90062047512376AA406A4,978874,https://www.kugou.com/yy/rank/home/14-8888.html?from=rank
2026-07-25,2026-07-25T15:27:25+08:00,酷狗音乐,热歌榜,酷狗TOP500,2026-07-25,294,一个人想着一个人,曾沛慈,,4:04,C9148675D85D3C2B306E966000BC5ABD,542900,https://www.kugou.com/yy/rank/home/14-8888.html?from=rank
2026-07-25,2026-07-25T15:27:25+08:00,酷狗音乐,热歌榜,酷狗TOP500,2026-07-25,295,一场游戏一场梦,王杰,,4:17,55340B431243FF5F112527EFC0591232,7547885,https://www.kugou.com/yy/rank/home/14-8888.html?from=rank
2026-07-25,2026-07-25T15:27:25+08:00,酷狗音乐,热歌榜,酷狗TOP500,2026-07-25,296,同花顺,林倛玉,,3:57,87C979FC3CBA27D6345528A1BEF05477,8603846,https://www.kugou.com/yy/rank/home/14-8888.html?from=rank
2026-07-25,2026-07-25T15:27:25+08:00,酷狗音乐,热歌榜,酷狗TOP500,2026-07-25,297,大海,张雨生,,4:40,BF8252BEAE57AEB53490145CA8E81BB4,967705,https://www.kugou.com/yy/rank/home/14-8888.html?from=rank
2026-07-25,2026-07-25T15:27:25+08:00,酷狗音乐,热歌榜,酷狗TOP500,2026-07-25,298,你就不要想起我,田馥甄,,4:41,33E67CD9B775093E93CBABBD649DF087,965595,https://www.kugou.com/yy/rank/home/14-8888.html?from=rank
2026-07-25,2026-07-25T15:27:25+08:00,酷狗音乐,热歌榜,酷狗TOP500,2026-07-25,299,时差 (On call),鹿晗,,3:20,36AA9D4AB12C3037C589E1073D35F1C6,1993188,https://www.kugou.com/yy/rank/home/14-8888.html?from=rank
2026-07-25,2026-07-25T15:27:25+08:00,酷狗音乐,热歌榜,酷狗TOP500,2026-07-25,300,尘念,桑耶,,3:16,FBE82E5DCC11A3A8AF6B8A5B74E2F2BB,190711369,https://www.kugou.com/yy/rank/home/14-8888.html?from=rank
2026-07-25,2026-07-25T15:27:25+08:00,酷狗音乐,热歌榜,酷狗TOP500,2026-07-25,301,Lonely,Nana,,6:21,3514D26D3754FAF4949A3C40F4BBDA63,45833884,https://www.kugou.com/yy/rank/home/14-8888.html?from=rank
2026-07-25,2026-07-25T15:27:25+08:00,酷狗音乐,热歌榜,酷狗TOP500,2026-07-25,302,夏夜最后的烟火,颜人中,,4:40,4E418EDAB22093B51C78C81C0A8C9B31,39949767,https://www.kugou.com/yy/rank/home/14-8888.html?from=rank
2026-07-25,2026-07-25T15:27:25+08:00,酷狗音乐,热歌榜,酷狗TOP500,2026-07-25,303,偏偏喜欢你,陈百强,,3:32,D186383AA965D13601CFF4857F844FEE,983655,https://www.kugou.com/yy/rank/home/14-8888.html?from=rank
2026-07-25,2026-07-25T15:27:25+08:00,酷狗音乐,热歌榜,酷狗TOP500,2026-07-25,304,记事本,陈慧琳,,4:11,26684870E2CE3936A3D72559F67C0606,2996651,https://www.kugou.com/yy/rank/home/14-8888.html?from=rank
2026-07-25,2026-07-25T15:27:25+08:00,酷狗音乐,热歌榜,酷狗TOP500,2026-07-25,305,That Girl,Olly Murs,,2:57,B32C3C7FA2452E7338BFC6F2283FE8ED,1820815,https://www.kugou.com/yy/rank/home/14-8888.html?from=rank
2026-07-25,2026-07-25T15:27:25+08:00,酷狗音乐,热歌榜,酷狗TOP500,2026-07-25,306,只若初见,张德伊玲,,3:24,0AC57BC59B96F7BF216744F93617FC8B,58285492,https://www.kugou.com/yy/rank/home/14-8888.html?from=rank
2026-07-25,2026-07-25T15:27:25+08:00,酷狗音乐,热歌榜,酷狗TOP500,2026-07-25,307,不浪漫罪名,王杰,,4:48,4255D3F001B95B07F2D5BE330D14A780,503247,https://www.kugou.com/yy/rank/home/14-8888.html?from=rank
2026-07-25,2026-07-25T15:27:25+08:00,酷狗音乐,热歌榜,酷狗TOP500,2026-07-25,308,雀跃,任然、小来,,3:56,6F07E18E17B811C4931349D7D87C1A43,2820318,https://www.kugou.com/yy/rank/home/14-8888.html?from=rank
2026-07-25,2026-07-25T15:27:25+08:00,酷狗音乐,热歌榜,酷狗TOP500,2026-07-25,309,麦恩莉,方大同,,4:48,3A08C7B067EC2E9B552AB8664490FCEB,971920,https://www.kugou.com/yy/rank/home/15-8888.html?from=rank
2026-07-25,2026-07-25T15:27:25+08:00,酷狗音乐,热歌榜,酷狗TOP500,2026-07-25,310,依兰爱情故事,金志文,,4:52,21C7EF72EE4E29653FF4C028D82BB889,198293753,https://www.kugou.com/yy/rank/home/15-8888.html?from=rank
2026-07-25,2026-07-25T15:27:25+08:00,酷狗音乐,热歌榜,酷狗TOP500,2026-07-25,311,爱，请问怎么走,A-Lin,,4:28,D67CB2EA6082D5AB871509EC06B48370,964045,https://www.kugou.com/yy/rank/home/15-8888.html?from=rank
2026-07-25,2026-07-25T15:27:25+08:00,酷狗音乐,热歌榜,酷狗TOP500,2026-07-25,312,我不配,周杰伦,,4:49,00CBE76AE7676D5D2A3D832D202C8FFD,979856,https://www.kugou.com/yy/rank/home/15-8888.html?from=rank
2026-07-25,2026-07-25T15:27:25+08:00,酷狗音乐,热歌榜,酷狗TOP500,2026-07-25,313,谁明浪子心,王杰,,5:01,1E54C9C01C9DFC5C68F743368F353711,983991,https://www.kugou.com/yy/rank/home/15-8888.html?from=rank
2026-07-25,2026-07-25T15:27:25+08:00,酷狗音乐,热歌榜,酷狗TOP500,2026-07-25,314,好久不见,陈奕迅,,4:11,8E1DDAF172D9C60A28C19358B07BFBF8,962514,https://www.kugou.com/yy/rank/home/15-8888.html?from=rank
2026-07-25,2026-07-25T15:27:25+08:00,酷狗音乐,热歌榜,酷狗TOP500,2026-07-25,315,无名的人,毛不易,,4:42,525A854C4A4EDF63CAF528D693F69CE0,51231315,https://www.kugou.com/yy/rank/home/15-8888.html?from=rank
2026-07-25,2026-07-25T15:27:25+08:00,酷狗音乐,热歌榜,酷狗TOP500,2026-07-25,316,搀扶,马健涛,,5:28,D95AE3CC810BB62D28505AE1510C329F,130332417,https://www.kugou.com/yy/rank/home/15-8888.html?from=rank
2026-07-25,2026-07-25T15:27:25+08:00,酷狗音乐,热歌榜,酷狗TOP500,2026-07-25,317,冬天的秘密,周传雄,,4:33,1088AEEAB9674A49F8067DCDEB1FC1EE,982655,https://www.kugou.com/yy/rank/home/15-8888.html?from=rank
2026-07-25,2026-07-25T15:27:25+08:00,酷狗音乐,热歌榜,酷狗TOP500,2026-07-25,318,句号,G.E.M. 邓紫棋,,3:56,0EC0DFE7A4090B3C5C2C1831D7F3ED51,35503028,https://www.kugou.com/yy/rank/home/15-8888.html?from=rank
2026-07-25,2026-07-25T15:27:25+08:00,酷狗音乐,热歌榜,酷狗TOP500,2026-07-25,319,不如见一面,海来阿木,,4:08,A8CC7F0EA73DE4DE226B26C3F44DD563,80038154,https://www.kugou.com/yy/rank/home/15-8888.html?from=rank
2026-07-25,2026-07-25T15:27:25+08:00,酷狗音乐,热歌榜,酷狗TOP500,2026-07-25,320,相思 (老登版),炸毛登叔,,5:35,42681CDDEEC149BB2587F2674CDB22EA,200513593,https://www.kugou.com/yy/rank/home/15-8888.html?from=rank
2026-07-25,2026-07-25T15:27:25+08:00,酷狗音乐,热歌榜,酷狗TOP500,2026-07-25,321,匿名的好友,杨丞琳,,4:23,F9CE6B13B4C90B01B3C129FF11B11C87,2694607,https://www.kugou.com/yy/rank/home/15-8888.html?from=rank
2026-07-25,2026-07-25T15:27:25+08:00,酷狗音乐,热歌榜,酷狗TOP500,2026-07-25,322,天际,洋澜一,,5:46,DEAE9D1FC61F4810A0C15AA9CFD83722,76611526,https://www.kugou.com/yy/rank/home/15-8888.html?from=rank
2026-07-25,2026-07-25T15:27:25+08:00,酷狗音乐,热歌榜,酷狗TOP500,2026-07-25,323,问爱 (Live),Yamy郭颖,,3:05,A219A06DA079E6763FB495312BA6C517,199916227,https://www.kugou.com/yy/rank/home/15-8888.html?from=rank
2026-07-25,2026-07-25T15:27:25+08:00,酷狗音乐,热歌榜,酷狗TOP500,2026-07-25,324,琵琶曲,郑浩、冰洁,,3:55,244A022D6CB3FDE50B24E76402053EB3,180917343,https://www.kugou.com/yy/rank/home/15-8888.html?from=rank
2026-07-25,2026-07-25T15:27:25+08:00,酷狗音乐,热歌榜,酷狗TOP500,2026-07-25,325,别说你还深深爱着我,婉婷、杨烬,,3:45,0938FF862C986F6A93B4A7657CAA1125,195023851,https://www.kugou.com/yy/rank/home/15-8888.html?from=rank
2026-07-25,2026-07-25T15:27:25+08:00,酷狗音乐,热歌榜,酷狗TOP500,2026-07-25,326,연애의 조건 (恋爱的条件),BESTie,,3:12,FBE0D895B585AFAD693FE42529311608,959733,https://www.kugou.com/yy/rank/home/15-8888.html?from=rank
2026-07-25,2026-07-25T15:27:25+08:00,酷狗音乐,热歌榜,酷狗TOP500,2026-07-25,327,哼着你爱听的歌 (女版),田园,,3:20,37B0685181098FB8427291594EDBC8CD,162686180,https://www.kugou.com/yy/rank/home/15-8888.html?from=rank
2026-07-25,2026-07-25T15:27:25+08:00,酷狗音乐,热歌榜,酷狗TOP500,2026-07-25,328,西楼儿女,海来阿木,,4:18,84DA47460010F3D91E203F777233DAA4,62931439,https://www.kugou.com/yy/rank/home/15-8888.html?from=rank
2026-07-25,2026-07-25T15:27:25+08:00,酷狗音乐,热歌榜,酷狗TOP500,2026-07-25,329,我爱的是爱我的你,纯手动洗衣机,,3:40,E8A313D72B0624C85227D48D5D55BF6F,184901497,https://www.kugou.com/yy/rank/home/15-8888.html?from=rank
2026-07-25,2026-07-25T15:27:25+08:00,酷狗音乐,热歌榜,酷狗TOP500,2026-07-25,330,顺其自然 (让花是花 让树是树),国产阿发,,2:00,54D8581160D1CCB7D3D3307F7F0196A1,196400635,https://www.kugou.com/yy/rank/home/15-8888.html?from=rank
2026-07-25,2026-07-25T15:27:25+08:00,酷狗音乐,热歌榜,酷狗TOP500,2026-07-25,331,像鱼,王贰浪,,4:45,6215C5A85B30E53C2E4C20C4DED38D72,13621986,https://www.kugou.com/yy/rank/home/16-8888.html?from=rank
2026-07-25,2026-07-25T15:27:25+08:00,酷狗音乐,热歌榜,酷狗TOP500,2026-07-25,332,月亮照山川,窝窝,,3:18,B96C803232E044E3D6308EAE37ADDE1D,142338715,https://www.kugou.com/yy/rank/home/16-8888.html?from=rank
2026-07-25,2026-07-25T15:27:25+08:00,酷狗音乐,热歌榜,酷狗TOP500,2026-07-25,333,也许在下雨天 (眼泪才不被看见),向思思,,3:47,5251BCAF8CD6D7B43C4528F3AE53BAED,197728284,https://www.kugou.com/yy/rank/home/16-8888.html?from=rank
2026-07-25,2026-07-25T15:27:25+08:00,酷狗音乐,热歌榜,酷狗TOP500,2026-07-25,334,爱你没差,周杰伦,,4:41,66F31869BBAA767A929F35EEE1CCC5C9,982051,https://www.kugou.com/yy/rank/home/16-8888.html?from=rank
2026-07-25,2026-07-25T15:27:25+08:00,酷狗音乐,热歌榜,酷狗TOP500,2026-07-25,335,虚拟,陈粒,,4:01,AEF0740270FE89918F07807C8D669FB7,1749208,https://www.kugou.com/yy/rank/home/16-8888.html?from=rank
2026-07-25,2026-07-25T15:27:25+08:00,酷狗音乐,热歌榜,酷狗TOP500,2026-07-25,336,你 (钢琴曲),灰色思绪,,2:11,2AB9F8464415499CE2D81B8280E62706,199393212,https://www.kugou.com/yy/rank/home/16-8888.html?from=rank
2026-07-25,2026-07-25T15:27:25+08:00,酷狗音乐,热歌榜,酷狗TOP500,2026-07-25,337,爱在西元前,周杰伦,,3:54,66B756FB1331807B032EF97F7BA9948E,958706,https://www.kugou.com/yy/rank/home/16-8888.html?from=rank
2026-07-25,2026-07-25T15:27:25+08:00,酷狗音乐,热歌榜,酷狗TOP500,2026-07-25,338,感谢你曾来过,Ayo97、周思涵,,4:10,39DCBBDCB0B377628BEF5FD48EF01254,9101627,https://www.kugou.com/yy/rank/home/16-8888.html?from=rank
2026-07-25,2026-07-25T15:27:25+08:00,酷狗音乐,热歌榜,酷狗TOP500,2026-07-25,339,借口,枕星而歌,,2:37,92FEA67D36C8178F418F5FF71096945D,191018202,https://www.kugou.com/yy/rank/home/16-8888.html?from=rank
2026-07-25,2026-07-25T15:27:25+08:00,酷狗音乐,热歌榜,酷狗TOP500,2026-07-25,340,光年之外 (G.E.M.重生版),G.E.M. 邓紫棋,,3:55,B0EB2A1CC6832B3596E0D71E3CAFCD5F,150256944,https://www.kugou.com/yy/rank/home/16-8888.html?from=rank
2026-07-25,2026-07-25T15:27:25+08:00,酷狗音乐,热歌榜,酷狗TOP500,2026-07-25,341,遗留在岁月的曾经,曲木老表,,3:49,4C1A5D2BD02B857C72364B1416124256,167884062,https://www.kugou.com/yy/rank/home/16-8888.html?from=rank
2026-07-25,2026-07-25T15:27:25+08:00,酷狗音乐,热歌榜,酷狗TOP500,2026-07-25,342,就让岁月开成一朵花,阿云朵,,5:19,AFEC70D28F29BB844F93D6BC3B8A5EE9,183681654,https://www.kugou.com/yy/rank/home/16-8888.html?from=rank
2026-07-25,2026-07-25T15:27:25+08:00,酷狗音乐,热歌榜,酷狗TOP500,2026-07-25,343,真的爱你,BEYOND,,4:35,C46916711631EA28508A41C325A74E1B,971451,https://www.kugou.com/yy/rank/home/16-8888.html?from=rank
2026-07-25,2026-07-25T15:27:25+08:00,酷狗音乐,热歌榜,酷狗TOP500,2026-07-25,344,红豆,王菲,,4:16,AEF916A18BAAE9C8E7807179C8DA64D1,960812,https://www.kugou.com/yy/rank/home/16-8888.html?from=rank
2026-07-25,2026-07-25T15:27:25+08:00,酷狗音乐,热歌榜,酷狗TOP500,2026-07-25,345,悬溺,葛东琪,,3:17,666484E904A54B1E62C9FBFDBE6E2563,23773597,https://www.kugou.com/yy/rank/home/16-8888.html?from=rank
2026-07-25,2026-07-25T15:27:25+08:00,酷狗音乐,热歌榜,酷狗TOP500,2026-07-25,346,你要的全拿走,胡彦斌,,4:59,489E4872BD06E51C969AE81748E78A10,8317330,https://www.kugou.com/yy/rank/home/16-8888.html?from=rank
2026-07-25,2026-07-25T15:27:25+08:00,酷狗音乐,热歌榜,酷狗TOP500,2026-07-25,347,手放开,李圣杰,,4:25,022583751858F1E3558F32EC4ECF7DD5,959847,https://www.kugou.com/yy/rank/home/16-8888.html?from=rank
2026-07-25,2026-07-25T15:27:25+08:00,酷狗音乐,热歌榜,酷狗TOP500,2026-07-25,348,Love Story,Taylor Swift,,3:56,193B72D4456A4CC02A3DE7C673FC4E23,13721135,https://www.kugou.com/yy/rank/home/16-8888.html?from=rank
2026-07-25,2026-07-25T15:27:25+08:00,酷狗音乐,热歌榜,酷狗TOP500,2026-07-25,349,有点甜,汪苏泷、BY2,,3:55,99CFDC717FEB7DABCD8A6392D821FC08,516425,https://www.kugou.com/yy/rank/home/16-8888.html?from=rank
2026-07-25,2026-07-25T15:27:25+08:00,酷狗音乐,热歌榜,酷狗TOP500,2026-07-25,350,我落泪情绪零碎,周杰伦,,4:18,27943EB1CBD46F7BB165B054CE6EBDC8,958812,https://www.kugou.com/yy/rank/home/16-8888.html?from=rank
2026-07-25,2026-07-25T15:27:25+08:00,酷狗音乐,热歌榜,酷狗TOP500,2026-07-25,351,人间共鸣,李健,,4:19,C9A5658204BD4E941F3DB2FB132D4968,176253415,https://www.kugou.com/yy/rank/home/16-8888.html?from=rank
2026-07-25,2026-07-25T15:27:25+08:00,酷狗音乐,热歌榜,酷狗TOP500,2026-07-25,352,一程山路,毛不易,,3:36,F4B3D7DFFA85DAE7737243598153A168,34631159,https://www.kugou.com/yy/rank/home/16-8888.html?from=rank
2026-07-25,2026-07-25T15:27:25+08:00,酷狗音乐,热歌榜,酷狗TOP500,2026-07-25,353,我曾,菜园子不CAi,,3:09,F446EE01D14CC4395D0BBC3832088A1D,199368733,https://www.kugou.com/yy/rank/home/17-8888.html?from=rank
2026-07-25,2026-07-25T15:27:25+08:00,酷狗音乐,热歌榜,酷狗TOP500,2026-07-25,354,等风回,陈焱鑫,,3:26,B27924C112E714B9E78E5C62A5B275B1,198449896,https://www.kugou.com/yy/rank/home/17-8888.html?from=rank
2026-07-25,2026-07-25T15:27:25+08:00,酷狗音乐,热歌榜,酷狗TOP500,2026-07-25,355,Amani (女声版),落日微醺,,3:54,0E1705D85CE6D8BE87784DFA9C9A5624,194642479,https://www.kugou.com/yy/rank/home/17-8888.html?from=rank
2026-07-25,2026-07-25T15:27:25+08:00,酷狗音乐,热歌榜,酷狗TOP500,2026-07-25,356,手写的从前,周杰伦,,4:58,2920D0149AD73FAC588C264539F7927F,962593,https://www.kugou.com/yy/rank/home/17-8888.html?from=rank
2026-07-25,2026-07-25T15:27:25+08:00,酷狗音乐,热歌榜,酷狗TOP500,2026-07-25,357,容易受伤的女人,王菲,,4:21,C4BDD79D611789B65B368283D4DDAB0F,980244,https://www.kugou.com/yy/rank/home/17-8888.html?from=rank
2026-07-25,2026-07-25T15:27:25+08:00,酷狗音乐,热歌榜,酷狗TOP500,2026-07-25,358,暧昧,薛之谦,,5:12,B3A4E466F13F44FA0B91FA4EB8E6DECA,7818079,https://www.kugou.com/yy/rank/home/17-8888.html?from=rank
2026-07-25,2026-07-25T15:27:25+08:00,酷狗音乐,热歌榜,酷狗TOP500,2026-07-25,359,主角,王菲,,5:00,5AC9B20840021F9BE51D76C3067BCC26,189702143,https://www.kugou.com/yy/rank/home/17-8888.html?from=rank
2026-07-25,2026-07-25T15:27:25+08:00,酷狗音乐,热歌榜,酷狗TOP500,2026-07-25,360,问爱,Yamy郭颖,,3:02,E35C44C974EAE0C29D62C8945D4D71F5,196970329,https://www.kugou.com/yy/rank/home/17-8888.html?from=rank
2026-07-25,2026-07-25T15:27:25+08:00,酷狗音乐,热歌榜,酷狗TOP500,2026-07-25,361,指纹,杜宣达,,4:00,EAF4CB91DA618DBEDC751F54B3B3620D,50057639,https://www.kugou.com/yy/rank/home/17-8888.html?from=rank
2026-07-25,2026-07-25T15:27:25+08:00,酷狗音乐,热歌榜,酷狗TOP500,2026-07-25,362,远走高飞,金志文,,3:59,2D35C69F623AA9C7589D6BF7E8D16B67,79985556,https://www.kugou.com/yy/rank/home/17-8888.html?from=rank
2026-07-25,2026-07-25T15:27:25+08:00,酷狗音乐,热歌榜,酷狗TOP500,2026-07-25,363,雨蝶,李翊君,,3:51,C83424ACF417185057E278554B91D4C0,7549108,https://www.kugou.com/yy/rank/home/17-8888.html?from=rank
2026-07-25,2026-07-25T15:27:25+08:00,酷狗音乐,热歌榜,酷狗TOP500,2026-07-25,364,不负众望,陈婉菁,,3:55,B54BD54DD6B27B311A9F7E2CF9505D3E,62005607,https://www.kugou.com/yy/rank/home/17-8888.html?from=rank
2026-07-25,2026-07-25T15:27:25+08:00,酷狗音乐,热歌榜,酷狗TOP500,2026-07-25,365,可惜春风不懂我伤悲,范贵宾,,3:28,51322D0ED8F8CE337E61DA61AD45E698,181550159,https://www.kugou.com/yy/rank/home/17-8888.html?from=rank
2026-07-25,2026-07-25T15:27:25+08:00,酷狗音乐,热歌榜,酷狗TOP500,2026-07-25,366,可能,程响,,3:37,38B234C1135A5E9A4C98D55C058A4894,57727291,https://www.kugou.com/yy/rank/home/17-8888.html?from=rank
2026-07-25,2026-07-25T15:27:25+08:00,酷狗音乐,热歌榜,酷狗TOP500,2026-07-25,367,走走,李荣浩,,5:04,0BD5B6F56CED35BB3380425EC02E1098,106374641,https://www.kugou.com/yy/rank/home/17-8888.html?from=rank
2026-07-25,2026-07-25T15:27:25+08:00,酷狗音乐,热歌榜,酷狗TOP500,2026-07-25,368,半点心,草蜢,,3:52,6DF94BFD206BB819120C0D021B93EDBC,564642,https://www.kugou.com/yy/rank/home/17-8888.html?from=rank
2026-07-25,2026-07-25T15:27:25+08:00,酷狗音乐,热歌榜,酷狗TOP500,2026-07-25,369,别错过 (Live),杨宗纬、姚晓棠,,2:58,502C61B5F8E5666E184E9173D17AA6F6,199810791,https://www.kugou.com/yy/rank/home/17-8888.html?from=rank
2026-07-25,2026-07-25T15:27:25+08:00,酷狗音乐,热歌榜,酷狗TOP500,2026-07-25,370,左转灯 (1000 Times +1),派伟俊、mac ova seas,,3:17,E51ABAF534E7D2BA42DB5604421D4838,164658305,https://www.kugou.com/yy/rank/home/17-8888.html?from=rank
2026-07-25,2026-07-25T15:27:25+08:00,酷狗音乐,热歌榜,酷狗TOP500,2026-07-25,371,单身情歌,林志炫,,4:35,ACD27A452FE3D0348D38540762DA7BEB,971171,https://www.kugou.com/yy/rank/home/17-8888.html?from=rank
2026-07-25,2026-07-25T15:27:25+08:00,酷狗音乐,热歌榜,酷狗TOP500,2026-07-25,372,这世界那么多人,莫文蔚,,4:46,8217FD6FE2973658781FB08DA4F8C4D6,44349469,https://www.kugou.com/yy/rank/home/17-8888.html?from=rank
2026-07-25,2026-07-25T15:27:25+08:00,酷狗音乐,热歌榜,酷狗TOP500,2026-07-25,373,我好像在哪见过你,薛之谦,,4:39,6A350E487263733359E7F2B64BD974AC,1747549,https://www.kugou.com/yy/rank/home/17-8888.html?from=rank
2026-07-25,2026-07-25T15:27:25+08:00,酷狗音乐,热歌榜,酷狗TOP500,2026-07-25,374,当爱在靠近,刘若英,,4:11,D988B9B4B769D979279D4AC9E84907F1,978209,https://www.kugou.com/yy/rank/home/17-8888.html?from=rank
2026-07-25,2026-07-25T15:27:25+08:00,酷狗音乐,热歌榜,酷狗TOP500,2026-07-25,375,追光者,岑宁儿,,3:56,03F818EF5B72D16F65BD6298FB99B440,2706911,https://www.kugou.com/yy/rank/home/18-8888.html?from=rank
2026-07-25,2026-07-25T15:27:25+08:00,酷狗音乐,热歌榜,酷狗TOP500,2026-07-25,376,意外,薛之谦,,4:52,04E0EDE41EA3CCFF76C04F414E1D03A7,960327,https://www.kugou.com/yy/rank/home/18-8888.html?from=rank
2026-07-25,2026-07-25T15:27:25+08:00,酷狗音乐,热歌榜,酷狗TOP500,2026-07-25,377,淘汰,陈奕迅,,4:45,90C64A1FB2F32663FA8037D847AABB57,962514,https://www.kugou.com/yy/rank/home/18-8888.html?from=rank
2026-07-25,2026-07-25T15:27:25+08:00,酷狗音乐,热歌榜,酷狗TOP500,2026-07-25,378,就是爱你,陶喆,,4:24,43485D7A650AFF532E5ECF24D7FB6381,7547427,https://www.kugou.com/yy/rank/home/18-8888.html?from=rank
2026-07-25,2026-07-25T15:27:25+08:00,酷狗音乐,热歌榜,酷狗TOP500,2026-07-25,379,倒带,蔡依林,,4:26,446507D2332BC3F263596363A97C6E95,976925,https://www.kugou.com/yy/rank/home/18-8888.html?from=rank
2026-07-25,2026-07-25T15:27:25+08:00,酷狗音乐,热歌榜,酷狗TOP500,2026-07-25,380,先说谎的人,h3R3、张鑫,,2:49,4F2F51A01A6FF91435D80EEC62E759C0,51331566,https://www.kugou.com/yy/rank/home/18-8888.html?from=rank
2026-07-25,2026-07-25T15:27:25+08:00,酷狗音乐,热歌榜,酷狗TOP500,2026-07-25,381,我太笨,锤娜丽莎,,4:25,A5D4F40382C0DF1A95A48A617793F03E,46432417,https://www.kugou.com/yy/rank/home/18-8888.html?from=rank
2026-07-25,2026-07-25T15:27:25+08:00,酷狗音乐,热歌榜,酷狗TOP500,2026-07-25,382,愿与愁,林俊杰,,3:52,4A2A7260442B0A5D5F17295F1DD7241B,71681690,https://www.kugou.com/yy/rank/home/18-8888.html?from=rank
2026-07-25,2026-07-25T15:27:25+08:00,酷狗音乐,热歌榜,酷狗TOP500,2026-07-25,383,Take Me to Your Heart,Michael Learns To Rock,,3:59,97ED0BF75D3D6EEB97A326073F503AC8,561642,https://www.kugou.com/yy/rank/home/18-8888.html?from=rank
2026-07-25,2026-07-25T15:27:25+08:00,酷狗音乐,热歌榜,酷狗TOP500,2026-07-25,384,寂寞沙洲冷,周传雄,,4:35,36A4F5EAA748324A5D509D8EDC47699F,984377,https://www.kugou.com/yy/rank/home/18-8888.html?from=rank
2026-07-25,2026-07-25T15:27:25+08:00,酷狗音乐,热歌榜,酷狗TOP500,2026-07-25,385,梦的翅膀受了伤,蒋雪儿Snow.J,,4:36,7A81BAEB183BF72FFD9FF9F7DA9BE89E,965597,https://www.kugou.com/yy/rank/home/18-8888.html?from=rank
2026-07-25,2026-07-25T15:27:25+08:00,酷狗音乐,热歌榜,酷狗TOP500,2026-07-25,386,再见,张震岳,,3:31,BF7E5BC14D95F2F4DD6932097168D3FF,1746826,https://www.kugou.com/yy/rank/home/18-8888.html?from=rank
2026-07-25,2026-07-25T15:27:25+08:00,酷狗音乐,热歌榜,酷狗TOP500,2026-07-25,387,明天，你好,牛奶咖啡,,4:32,A9527F71F7149F13E1F78B23C25DD30B,967562,https://www.kugou.com/yy/rank/home/18-8888.html?from=rank
2026-07-25,2026-07-25T15:27:25+08:00,酷狗音乐,热歌榜,酷狗TOP500,2026-07-25,388,求佛,誓言,,4:46,7B7140B23A836DC6EE63B6CD48482402,7614,https://www.kugou.com/yy/rank/home/18-8888.html?from=rank
2026-07-25,2026-07-25T15:27:25+08:00,酷狗音乐,热歌榜,酷狗TOP500,2026-07-25,389,我想念,汪苏泷,,3:45,A6545AABFE93C5495BA8ADB2A555B84F,76163380,https://www.kugou.com/yy/rank/home/18-8888.html?from=rank
2026-07-25,2026-07-25T15:27:25+08:00,酷狗音乐,热歌榜,酷狗TOP500,2026-07-25,390,玉芬啊玉芬你让彪哥好伤心,老韩很哇塞,,3:00,AFF2135F30F90B6768AF3320505559CF,177493243,https://www.kugou.com/yy/rank/home/18-8888.html?from=rank
2026-07-25,2026-07-25T15:27:25+08:00,酷狗音乐,热歌榜,酷狗TOP500,2026-07-25,391,怎么说我不爱你,萧敬腾,,4:35,30A31A94C77268C92886E00D912AC03B,958893,https://www.kugou.com/yy/rank/home/18-8888.html?from=rank
2026-07-25,2026-07-25T15:27:25+08:00,酷狗音乐,热歌榜,酷狗TOP500,2026-07-25,392,那些年,胡夏,,6:10,954D4606AF23C1B7A9740676838BCFB2,974137,https://www.kugou.com/yy/rank/home/18-8888.html?from=rank
2026-07-25,2026-07-25T15:27:25+08:00,酷狗音乐,热歌榜,酷狗TOP500,2026-07-25,393,踏马寻花向自由,烟嗓船长,,2:59,9019B0EC87CF178895B8DFCB25D36927,198640801,https://www.kugou.com/yy/rank/home/18-8888.html?from=rank
2026-07-25,2026-07-25T15:27:25+08:00,酷狗音乐,热歌榜,酷狗TOP500,2026-07-25,394,深爱过的人怎么放手,万能和弦,,3:57,43E2C5962E6540E6649B45F9212BFF06,179359732,https://www.kugou.com/yy/rank/home/18-8888.html?from=rank
2026-07-25,2026-07-25T15:27:25+08:00,酷狗音乐,热歌榜,酷狗TOP500,2026-07-25,395,你的样子 (烟嗓版),十一经典老歌,,3:17,9CF9C5DDBC66437ED5BF2EDB46FF94D8,193387171,https://www.kugou.com/yy/rank/home/18-8888.html?from=rank
2026-07-25,2026-07-25T15:27:25+08:00,酷狗音乐,热歌榜,酷狗TOP500,2026-07-25,396,不如见一面2026,海来阿木,,3:57,4866C4CEB901B773ABD6276802E393C9,181816199,https://www.kugou.com/yy/rank/home/18-8888.html?from=rank
2026-07-25,2026-07-25T15:27:25+08:00,酷狗音乐,热歌榜,酷狗TOP500,2026-07-25,397,明天过后,张杰,,3:59,5B900D95E79765AE62664BE5C871DD9E,38606351,https://www.kugou.com/yy/rank/home/19-8888.html?from=rank
2026-07-25,2026-07-25T15:27:25+08:00,酷狗音乐,热歌榜,酷狗TOP500,2026-07-25,398,刚刚好,薛之谦,,4:11,956EEC514146039E6D6A16B30DD64A7B,1747549,https://www.kugou.com/yy/rank/home/19-8888.html?from=rank
2026-07-25,2026-07-25T15:27:25+08:00,酷狗音乐,热歌榜,酷狗TOP500,2026-07-25,399,茫,李润祺,,3:47,7B82C70A1736D61A28849DE87AA4B812,40168846,https://www.kugou.com/yy/rank/home/19-8888.html?from=rank
2026-07-25,2026-07-25T15:27:25+08:00,酷狗音乐,热歌榜,酷狗TOP500,2026-07-25,400,莫问归期,蒋雪儿Snow.J,,3:39,F0E418FB19E8D295D0F78E50AE3B7E30,27453193,https://www.kugou.com/yy/rank/home/19-8888.html?from=rank
2026-07-25,2026-07-25T15:27:25+08:00,酷狗音乐,热歌榜,酷狗TOP500,2026-07-25,401,零距离的思念,TINY7,,3:06,279A50FF5784F3A92F0ABB689B0335EE,137584528,https://www.kugou.com/yy/rank/home/19-8888.html?from=rank
2026-07-25,2026-07-25T15:27:25+08:00,酷狗音乐,热歌榜,酷狗TOP500,2026-07-25,402,少一点天份,孙盛希,,4:35,FFD1F05E5D06A1DDFAEDFE6A3379A271,566029,https://www.kugou.com/yy/rank/home/19-8888.html?from=rank
2026-07-25,2026-07-25T15:27:25+08:00,酷狗音乐,热歌榜,酷狗TOP500,2026-07-25,403,命运,家家,,3:51,B149A3BFD19481F91B9A652AA8EA21C1,959745,https://www.kugou.com/yy/rank/home/19-8888.html?from=rank
2026-07-25,2026-07-25T15:27:25+08:00,酷狗音乐,热歌榜,酷狗TOP500,2026-07-25,404,天亮以前说再见,何野,,4:00,18E9FC6CF97258B75D090188EDBAE95B,11792318,https://www.kugou.com/yy/rank/home/19-8888.html?from=rank
2026-07-25,2026-07-25T15:27:25+08:00,酷狗音乐,热歌榜,酷狗TOP500,2026-07-25,405,刻在我心底的名字,卢广仲,,5:20,5CDCAAF9E7B91E94FD012589D00FDBEA,39020767,https://www.kugou.com/yy/rank/home/19-8888.html?from=rank
2026-07-25,2026-07-25T15:27:25+08:00,酷狗音乐,热歌榜,酷狗TOP500,2026-07-25,406,初恋情人,刘小慧,,4:40,24BD04781E52FE8E7FAB2A6452D85320,532546,https://www.kugou.com/yy/rank/home/19-8888.html?from=rank
2026-07-25,2026-07-25T15:27:25+08:00,酷狗音乐,热歌榜,酷狗TOP500,2026-07-25,407,小半 (Live),王铮亮、谭松韵,,5:14,D0CF7A8F58E9AB02D7B3305E425AE73C,196185049,https://www.kugou.com/yy/rank/home/19-8888.html?from=rank
2026-07-25,2026-07-25T15:27:25+08:00,酷狗音乐,热歌榜,酷狗TOP500,2026-07-25,408,爱如潮水 (Remix),前男友、situasian张太郎,,3:55,97F5996106EA9161A70B6C1956EB98EF,8440470,https://www.kugou.com/yy/rank/home/19-8888.html?from=rank
2026-07-25,2026-07-25T15:27:25+08:00,酷狗音乐,热歌榜,酷狗TOP500,2026-07-25,409,三国恋,Tank,,4:06,1325E661C6044048943A8D7D417ED280,966742,https://www.kugou.com/yy/rank/home/19-8888.html?from=rank
2026-07-25,2026-07-25T15:27:25+08:00,酷狗音乐,热歌榜,酷狗TOP500,2026-07-25,410,小美满,周深,,3:34,04A21DB1AB3C8E0D1D8F51F11BDB03A1,83112420,https://www.kugou.com/yy/rank/home/19-8888.html?from=rank
2026-07-25,2026-07-25T15:27:25+08:00,酷狗音乐,热歌榜,酷狗TOP500,2026-07-25,411,想你和我们的以后,苏运莹,,4:32,5EBA7A9F8385FE7657E751870A287AFD,13669576,https://www.kugou.com/yy/rank/home/19-8888.html?from=rank
2026-07-25,2026-07-25T15:27:25+08:00,酷狗音乐,热歌榜,酷狗TOP500,2026-07-25,412,time machine (feat. aren park)(Original Mix),mj apanay、aren park,,3:46,6FC23D8694067908061BB145B6DFCB87,100264848,https://www.kugou.com/yy/rank/home/19-8888.html?from=rank
2026-07-25,2026-07-25T15:27:25+08:00,酷狗音乐,热歌榜,酷狗TOP500,2026-07-25,413,包容,郑源,,4:23,34000A6CA0043801440E74059F4759EF,967724,https://www.kugou.com/yy/rank/home/19-8888.html?from=rank
2026-07-25,2026-07-25T15:27:25+08:00,酷狗音乐,热歌榜,酷狗TOP500,2026-07-25,414,冷夜,陈默之,,4:07,DC939521FA5F5736A33765D56B90E03C,84595635,https://www.kugou.com/yy/rank/home/19-8888.html?from=rank
2026-07-25,2026-07-25T15:27:25+08:00,酷狗音乐,热歌榜,酷狗TOP500,2026-07-25,415,海屿你,沈辞,,4:55,989579857295930A28831210D7842474,187023837,https://www.kugou.com/yy/rank/home/19-8888.html?from=rank
2026-07-25,2026-07-25T15:27:25+08:00,酷狗音乐,热歌榜,酷狗TOP500,2026-07-25,416,反方向的钟,周杰伦,,4:18,A6049AAB184A305CAA906C6BBB8E8233,978031,https://www.kugou.com/yy/rank/home/19-8888.html?from=rank
2026-07-25,2026-07-25T15:27:25+08:00,酷狗音乐,热歌榜,酷狗TOP500,2026-07-25,417,修炼爱情,林俊杰,,4:47,8748C12719DCA9F588B1118AC05F6BF8,972188,https://www.kugou.com/yy/rank/home/19-8888.html?from=rank
2026-07-25,2026-07-25T15:27:25+08:00,酷狗音乐,热歌榜,酷狗TOP500,2026-07-25,418,不再犹豫,BEYOND,,4:15,C477FE5B38147B7522DFCF3DC5BB8A6B,8176296,https://www.kugou.com/yy/rank/home/19-8888.html?from=rank
2026-07-25,2026-07-25T15:27:25+08:00,酷狗音乐,热歌榜,酷狗TOP500,2026-07-25,419,跨不过的距离,虎二,,4:31,FED5892036FBD176F6FEAE973C565E59,38209191,https://www.kugou.com/yy/rank/home/20-8888.html?from=rank
2026-07-25,2026-07-25T15:27:25+08:00,酷狗音乐,热歌榜,酷狗TOP500,2026-07-25,420,他不懂,张杰,,3:52,BA40D69184A05D7BCD335028C5C613BE,38606351,https://www.kugou.com/yy/rank/home/20-8888.html?from=rank
2026-07-25,2026-07-25T15:27:25+08:00,酷狗音乐,热歌榜,酷狗TOP500,2026-07-25,421,这个年纪,齐一,,4:45,B44AD73957D993731BC125BF0A1EFFF5,2657166,https://www.kugou.com/yy/rank/home/20-8888.html?from=rank
2026-07-25,2026-07-25T15:27:25+08:00,酷狗音乐,热歌榜,酷狗TOP500,2026-07-25,422,其实雨也没多大 (对唱版),万豹、羊羊,,3:46,3DCAD49A6417CF61F031111716AB1572,164325869,https://www.kugou.com/yy/rank/home/20-8888.html?from=rank
2026-07-25,2026-07-25T15:27:25+08:00,酷狗音乐,热歌榜,酷狗TOP500,2026-07-25,423,第一次,光良,,4:23,2C202C0CE252384AD5022CC3A99B697A,930386,https://www.kugou.com/yy/rank/home/20-8888.html?from=rank
2026-07-25,2026-07-25T15:27:25+08:00,酷狗音乐,热歌榜,酷狗TOP500,2026-07-25,424,咏春,七朵组合,,4:31,9C54B0CCA0581987E92560F11413E88F,8344834,https://www.kugou.com/yy/rank/home/20-8888.html?from=rank
2026-07-25,2026-07-25T15:27:25+08:00,酷狗音乐,热歌榜,酷狗TOP500,2026-07-25,425,美丽的神话,孙楠、韩红,,4:52,877281C8E094A848F022BCAAA76945CB,964166,https://www.kugou.com/yy/rank/home/20-8888.html?from=rank
2026-07-25,2026-07-25T15:27:25+08:00,酷狗音乐,热歌榜,酷狗TOP500,2026-07-25,426,痴心绝对,李圣杰,,4:22,2B7176CC7B1E7F5A136A5A1E1AACD365,966511,https://www.kugou.com/yy/rank/home/20-8888.html?from=rank
2026-07-25,2026-07-25T15:27:25+08:00,酷狗音乐,热歌榜,酷狗TOP500,2026-07-25,427,麻雀,李荣浩,,4:13,2E4C5A85A751AF5A0B200D5AA0629226,34731198,https://www.kugou.com/yy/rank/home/20-8888.html?from=rank
2026-07-25,2026-07-25T15:27:25+08:00,酷狗音乐,热歌榜,酷狗TOP500,2026-07-25,428,情罪,陈瑞,,4:45,9642484D6F37650295B370CD52553DC5,80617215,https://www.kugou.com/yy/rank/home/20-8888.html?from=rank
2026-07-25,2026-07-25T15:27:25+08:00,酷狗音乐,热歌榜,酷狗TOP500,2026-07-25,429,谁,洋澜一,,3:40,445C54E59AB287FCF15D68FAF92CD9B7,89608819,https://www.kugou.com/yy/rank/home/20-8888.html?from=rank
2026-07-25,2026-07-25T15:27:25+08:00,酷狗音乐,热歌榜,酷狗TOP500,2026-07-25,430,可惜春风不懂我伤悲,田园,,3:26,FA6A0CE74A6E7770E581078EF38B9278,195387503,https://www.kugou.com/yy/rank/home/20-8888.html?from=rank
2026-07-25,2026-07-25T15:27:25+08:00,酷狗音乐,热歌榜,酷狗TOP500,2026-07-25,431,都有这一天,老中青民谣、小巷先生,,3:10,47029DA948301F7B495F81B15881C914,199411740,https://www.kugou.com/yy/rank/home/20-8888.html?from=rank
2026-07-25,2026-07-25T15:27:25+08:00,酷狗音乐,热歌榜,酷狗TOP500,2026-07-25,432,如果你也刚好抬头看树,孙天宇,,3:16,28706D01F48BC0194DF6DFEE889ECC5D,199511727,https://www.kugou.com/yy/rank/home/20-8888.html?from=rank
2026-07-25,2026-07-25T15:27:25+08:00,酷狗音乐,热歌榜,酷狗TOP500,2026-07-25,433,别怕我伤心,张信哲,,4:47,976677A739F25908591FA822CB1F1DF3,538030,https://www.kugou.com/yy/rank/home/20-8888.html?from=rank
2026-07-25,2026-07-25T15:27:25+08:00,酷狗音乐,热歌榜,酷狗TOP500,2026-07-25,434,祝福祖国,顿株拉姆,,3:20,4278C1D6B994A3C6313E08270B924D78,200182409,https://www.kugou.com/yy/rank/home/20-8888.html?from=rank
2026-07-25,2026-07-25T15:27:25+08:00,酷狗音乐,热歌榜,酷狗TOP500,2026-07-25,435,刚好遇见你,李玉刚,,3:20,58B004C56B6AB6CE1CA3C1E8C6781D0E,1820033,https://www.kugou.com/yy/rank/home/20-8888.html?from=rank
2026-07-25,2026-07-25T15:27:25+08:00,酷狗音乐,热歌榜,酷狗TOP500,2026-07-25,436,沈园外,阿YueYue、戾格、小田音乐社,,3:43,9B46F3774EEC55D47508E93A468FF5FC,40796517,https://www.kugou.com/yy/rank/home/20-8888.html?from=rank
2026-07-25,2026-07-25T15:27:25+08:00,酷狗音乐,热歌榜,酷狗TOP500,2026-07-25,437,天若有情,A-Lin,,4:17,2E6CE4E79982AE2119A69C1D30537EA2,1805426,https://www.kugou.com/yy/rank/home/20-8888.html?from=rank
2026-07-25,2026-07-25T15:27:25+08:00,酷狗音乐,热歌榜,酷狗TOP500,2026-07-25,438,这叫爱,BY2,,3:30,5F0149010F4D5DB5255CB85DB41B0381,980795,https://www.kugou.com/yy/rank/home/20-8888.html?from=rank
2026-07-25,2026-07-25T15:27:25+08:00,酷狗音乐,热歌榜,酷狗TOP500,2026-07-25,439,给我一首歌的时间,周杰伦,,4:14,EAD10DC931A1102A10FDCD3665010322,960399,https://www.kugou.com/yy/rank/home/20-8888.html?from=rank
2026-07-25,2026-07-25T15:27:25+08:00,酷狗音乐,热歌榜,酷狗TOP500,2026-07-25,440,晚风心里吹,阿梨粤,,3:07,DFFB8F6768AC5044881BB6DD11BDED53,55808898,https://www.kugou.com/yy/rank/home/20-8888.html?from=rank
2026-07-25,2026-07-25T15:27:25+08:00,酷狗音乐,热歌榜,酷狗TOP500,2026-07-25,441,同手同脚,温岚,,4:18,740026E6D6602F129D0B8430C47AC859,2997107,https://www.kugou.com/yy/rank/home/21-8888.html?from=rank
2026-07-25,2026-07-25T15:27:25+08:00,酷狗音乐,热歌榜,酷狗TOP500,2026-07-25,442,人间,王菲,,4:45,AEC30C06392150FB0F3A8FAC4C57E784,20142,https://www.kugou.com/yy/rank/home/21-8888.html?from=rank
2026-07-25,2026-07-25T15:27:25+08:00,酷狗音乐,热歌榜,酷狗TOP500,2026-07-25,443,天下,张杰,,3:42,17B11C65674378CA43995537331E1D9C,38606351,https://www.kugou.com/yy/rank/home/21-8888.html?from=rank
2026-07-25,2026-07-25T15:27:25+08:00,酷狗音乐,热歌榜,酷狗TOP500,2026-07-25,444,我的秘密 (G.E.M.重生版),G.E.M. 邓紫棋,,4:10,427CD3B1785609EE485CA3BCD6608FFE,150256944,https://www.kugou.com/yy/rank/home/21-8888.html?from=rank
2026-07-25,2026-07-25T15:27:25+08:00,酷狗音乐,热歌榜,酷狗TOP500,2026-07-25,445,离别开出花 (弹唱版),就是南方凯,,2:52,67911051D7E5B9B3343847D73BF883F5,81781305,https://www.kugou.com/yy/rank/home/21-8888.html?from=rank
2026-07-25,2026-07-25T15:27:25+08:00,酷狗音乐,热歌榜,酷狗TOP500,2026-07-25,446,如果这就是爱情,张靓颖,,4:43,4E871DF1E2034CF6BAAD7B03D2386058,2597425,https://www.kugou.com/yy/rank/home/21-8888.html?from=rank
2026-07-25,2026-07-25T15:27:25+08:00,酷狗音乐,热歌榜,酷狗TOP500,2026-07-25,447,单车,陈奕迅,,3:31,3FA554270A2AE0FE64AAACDDDBD8D0B7,504206,https://www.kugou.com/yy/rank/home/21-8888.html?from=rank
2026-07-25,2026-07-25T15:27:25+08:00,酷狗音乐,热歌榜,酷狗TOP500,2026-07-25,448,该死的温柔,马天宇,,3:45,44EEFA9AEE76F7116CC48121A178DA69,2590299,https://www.kugou.com/yy/rank/home/21-8888.html?from=rank
2026-07-25,2026-07-25T15:27:25+08:00,酷狗音乐,热歌榜,酷狗TOP500,2026-07-25,449,选择失忆,季彦霖,,4:39,6ED5E6DAA2F1A97A2EA5B1113F469BA7,8441500,https://www.kugou.com/yy/rank/home/21-8888.html?from=rank
2026-07-25,2026-07-25T15:27:25+08:00,酷狗音乐,热歌榜,酷狗TOP500,2026-07-25,450,等你下课 (with 杨瑞代),周杰伦,,4:30,5D043EC8BF78A185A01CC45A6032DE1F,58849245,https://www.kugou.com/yy/rank/home/21-8888.html?from=rank
2026-07-25,2026-07-25T15:27:25+08:00,酷狗音乐,热歌榜,酷狗TOP500,2026-07-25,451,Jealousy (Extended Version),3Rd Coast,,2:34,945490530F3337D8F0515715EF1A7EB2,1010154,https://www.kugou.com/yy/rank/home/21-8888.html?from=rank
2026-07-25,2026-07-25T15:27:25+08:00,酷狗音乐,热歌榜,酷狗TOP500,2026-07-25,452,一个人想着一个人 (说唱版),艾比利,,3:09,A4C9C11B5C6CD698FBA54D0AB3FE71CA,102363749,https://www.kugou.com/yy/rank/home/21-8888.html?from=rank
2026-07-25,2026-07-25T15:27:25+08:00,酷狗音乐,热歌榜,酷狗TOP500,2026-07-25,453,像风一样,薛之谦,,4:15,ACC9BB4136622B3E2BA561B87FFF00D9,7818079,https://www.kugou.com/yy/rank/home/21-8888.html?from=rank
2026-07-25,2026-07-25T15:27:25+08:00,酷狗音乐,热歌榜,酷狗TOP500,2026-07-25,454,多幸运,韩安旭,,4:09,CBAB4AB8D340C977AB800C1ED4D35ED9,555393,https://www.kugou.com/yy/rank/home/21-8888.html?from=rank
2026-07-25,2026-07-25T15:27:25+08:00,酷狗音乐,热歌榜,酷狗TOP500,2026-07-25,455,泪海,许茹芸,,4:58,FBC174E7C22B9AF471B7B93A61751E1B,975212,https://www.kugou.com/yy/rank/home/21-8888.html?from=rank
2026-07-25,2026-07-25T15:27:25+08:00,酷狗音乐,热歌榜,酷狗TOP500,2026-07-25,456,世界赠予我的,王菲,,4:04,BE84F84C55D0D1B458158092272CC3A8,135677703,https://www.kugou.com/yy/rank/home/21-8888.html?from=rank
2026-07-25,2026-07-25T15:27:25+08:00,酷狗音乐,热歌榜,酷狗TOP500,2026-07-25,457,天黑黑,孙燕姿,,3:56,D4601C9FFEADB42961CE4E623FAFD279,973684,https://www.kugou.com/yy/rank/home/21-8888.html?from=rank
2026-07-25,2026-07-25T15:27:25+08:00,酷狗音乐,热歌榜,酷狗TOP500,2026-07-25,458,My Bed (Explicit),Leah Kate,,2:44,6E6104198DA489F603C8F4C5D2E7FF4C,65853253,https://www.kugou.com/yy/rank/home/21-8888.html?from=rank
2026-07-25,2026-07-25T15:27:25+08:00,酷狗音乐,热歌榜,酷狗TOP500,2026-07-25,459,下雨天,南拳妈妈,,4:13,947127F991A6A4FF77C89779E6B25AF4,983794,https://www.kugou.com/yy/rank/home/21-8888.html?from=rank
2026-07-25,2026-07-25T15:27:25+08:00,酷狗音乐,热歌榜,酷狗TOP500,2026-07-25,460,别怕变老,王以太、艾热AIR,,4:05,90B83D2211AF3ED21387C7E7043AE6BC,48657971,https://www.kugou.com/yy/rank/home/21-8888.html?from=rank
2026-07-25,2026-07-25T15:27:25+08:00,酷狗音乐,热歌榜,酷狗TOP500,2026-07-25,461,大城小爱,王力宏,,3:45,3EAF74E9E5065C03B050F356F0567311,2820176,https://www.kugou.com/yy/rank/home/21-8888.html?from=rank
2026-07-25,2026-07-25T15:27:25+08:00,酷狗音乐,热歌榜,酷狗TOP500,2026-07-25,462,也许在下雨天 (烟嗓版),徐文晶,,3:47,0B712C5FC6977E3FD259FDB28478F391,196003383,https://www.kugou.com/yy/rank/home/21-8888.html?from=rank
2026-07-25,2026-07-25T15:27:25+08:00,酷狗音乐,热歌榜,酷狗TOP500,2026-07-25,463,读心术,卓文萱,,4:20,3F98A771F8F33556966A9990F66D95C4,965920,https://www.kugou.com/yy/rank/home/22-8888.html?from=rank
2026-07-25,2026-07-25T15:27:25+08:00,酷狗音乐,热歌榜,酷狗TOP500,2026-07-25,464,玫瑰花的葬礼,许嵩,,4:21,0A335E9374392B72E5965D8F6165E564,1968878,https://www.kugou.com/yy/rank/home/22-8888.html?from=rank
2026-07-25,2026-07-25T15:27:25+08:00,酷狗音乐,热歌榜,酷狗TOP500,2026-07-25,465,须尽欢,郑浩,,4:38,7C70742885B39CBB1C917FB91DE58586,49639151,https://www.kugou.com/yy/rank/home/22-8888.html?from=rank
2026-07-25,2026-07-25T15:27:25+08:00,酷狗音乐,热歌榜,酷狗TOP500,2026-07-25,466,黄昏 (日落西山暮色沉沉)(女版),王佳音,,3:26,F056FB14CAF06E23982AACD978F7AC79,135637088,https://www.kugou.com/yy/rank/home/22-8888.html?from=rank
2026-07-25,2026-07-25T15:27:25+08:00,酷狗音乐,热歌榜,酷狗TOP500,2026-07-25,467,安和桥,宇西,,4:09,BFB6233E7687776800FDA3FD76EBFB41,13667444,https://www.kugou.com/yy/rank/home/22-8888.html?from=rank
2026-07-25,2026-07-25T15:27:25+08:00,酷狗音乐,热歌榜,酷狗TOP500,2026-07-25,468,烟火,吴奇隆,,5:00,80BF542BB2000F40D56979EB29589F5B,565340,https://www.kugou.com/yy/rank/home/22-8888.html?from=rank
2026-07-25,2026-07-25T15:27:25+08:00,酷狗音乐,热歌榜,酷狗TOP500,2026-07-25,469,天亮以前说再见 (雪花多舍不得冬天),四熹丸子,,3:53,36255921966B48B35A6E31D843C1CDD4,133064388,https://www.kugou.com/yy/rank/home/22-8888.html?from=rank
2026-07-25,2026-07-25T15:27:25+08:00,酷狗音乐,热歌榜,酷狗TOP500,2026-07-25,470,胡广生,任素汐,,3:34,8C655F575EBB2414B53EFF0D2C13188D,12506106,https://www.kugou.com/yy/rank/home/22-8888.html?from=rank
2026-07-25,2026-07-25T15:27:25+08:00,酷狗音乐,热歌榜,酷狗TOP500,2026-07-25,471,借口,周杰伦,,4:20,47C5990AEBDBDC27239D989BC3FF638E,971783,https://www.kugou.com/yy/rank/home/22-8888.html?from=rank
2026-07-25,2026-07-25T15:27:25+08:00,酷狗音乐,热歌榜,酷狗TOP500,2026-07-25,472,有我呢,郭一凡,,4:35,8E21C8F3484FB56833F563754A05CB25,32452531,https://www.kugou.com/yy/rank/home/22-8888.html?from=rank
2026-07-25,2026-07-25T15:27:25+08:00,酷狗音乐,热歌榜,酷狗TOP500,2026-07-25,473,故乡,许巍,,5:14,9EFC9C93AB181E42113F226DFCFA454D,971568,https://www.kugou.com/yy/rank/home/22-8888.html?from=rank
2026-07-25,2026-07-25T15:27:25+08:00,酷狗音乐,热歌榜,酷狗TOP500,2026-07-25,474,推开世界的门,杨乃文,,4:42,6B5A905C8904FD4A23D255DA1B5592C9,1803972,https://www.kugou.com/yy/rank/home/22-8888.html?from=rank
2026-07-25,2026-07-25T15:27:25+08:00,酷狗音乐,热歌榜,酷狗TOP500,2026-07-25,475,叹云兮,鞠婧祎,,4:43,9CBB77B83B8D7D8113C6A60B8230D3E4,8700851,https://www.kugou.com/yy/rank/home/22-8888.html?from=rank
2026-07-25,2026-07-25T15:27:25+08:00,酷狗音乐,热歌榜,酷狗TOP500,2026-07-25,476,多年不见你过的好吗,洛琦,,4:04,4CF3A1195E88BE2CB246A3C3D2B2504B,198871271,https://www.kugou.com/yy/rank/home/22-8888.html?from=rank
2026-07-25,2026-07-25T15:27:25+08:00,酷狗音乐,热歌榜,酷狗TOP500,2026-07-25,477,秋殇别恋 (男女撕裂对唱),梨子芥菜、戚悦,,4:19,CA8495DA3927226C0A3FBBD6B95B8315,190178204,https://www.kugou.com/yy/rank/home/22-8888.html?from=rank
2026-07-25,2026-07-25T15:27:25+08:00,酷狗音乐,热歌榜,酷狗TOP500,2026-07-25,478,孤独患者,陈奕迅,,4:34,72A9BB44569890399978A49D631DF310,530848,https://www.kugou.com/yy/rank/home/22-8888.html?from=rank
2026-07-25,2026-07-25T15:27:25+08:00,酷狗音乐,热歌榜,酷狗TOP500,2026-07-25,479,相思,毛阿敏,,3:02,FE1F0058EAC6B344D03DB2D0D4315EA1,967188,https://www.kugou.com/yy/rank/home/22-8888.html?from=rank
2026-07-25,2026-07-25T15:27:25+08:00,酷狗音乐,热歌榜,酷狗TOP500,2026-07-25,480,最好的安排,曲婉婷,,4:11,6EACFC7A929FC3160AD45561B614C4C7,4331811,https://www.kugou.com/yy/rank/home/22-8888.html?from=rank
2026-07-25,2026-07-25T15:27:25+08:00,酷狗音乐,热歌榜,酷狗TOP500,2026-07-25,481,为中国喝彩,徐杰亮,,4:34,3875A5F14871D054D0FEFFEC3068E94C,197539610,https://www.kugou.com/yy/rank/home/22-8888.html?from=rank
2026-07-25,2026-07-25T15:27:25+08:00,酷狗音乐,热歌榜,酷狗TOP500,2026-07-25,482,Dear John,比莉,,5:11,71951213A1C3C313DEEB017D3C9E77CC,2528933,https://www.kugou.com/yy/rank/home/22-8888.html?from=rank
2026-07-25,2026-07-25T15:27:25+08:00,酷狗音乐,热歌榜,酷狗TOP500,2026-07-25,483,哼着你爱听的歌,杨小壮,,3:21,BAF3B2A7AC043CDB154EBAFD69A6C76A,104507270,https://www.kugou.com/yy/rank/home/22-8888.html?from=rank
2026-07-25,2026-07-25T15:27:25+08:00,酷狗音乐,热歌榜,酷狗TOP500,2026-07-25,484,有一种爱叫做放手,阿木,,4:24,8ACE2D4510E26FBDC4736055C5AE4B03,971509,https://www.kugou.com/yy/rank/home/22-8888.html?from=rank
2026-07-25,2026-07-25T15:27:25+08:00,酷狗音乐,热歌榜,酷狗TOP500,2026-07-25,485,你想要的,颜人中,,3:53,6012E4AB4265603B548966BF5E85FC9B,36812133,https://www.kugou.com/yy/rank/home/23-8888.html?from=rank
2026-07-25,2026-07-25T15:27:25+08:00,酷狗音乐,热歌榜,酷狗TOP500,2026-07-25,486,缠,那英,,4:44,290A3B398FD9FCA2DF6C18CCC785C2E3,199849767,https://www.kugou.com/yy/rank/home/23-8888.html?from=rank
2026-07-25,2026-07-25T15:27:25+08:00,酷狗音乐,热歌榜,酷狗TOP500,2026-07-25,487,我恨明月不照我,阿YueYue,,4:12,B1B259EEA7E93DE5F6C759BA6C45777C,172322576,https://www.kugou.com/yy/rank/home/23-8888.html?from=rank
2026-07-25,2026-07-25T15:27:25+08:00,酷狗音乐,热歌榜,酷狗TOP500,2026-07-25,488,Hmm,展轩,,2:52,BA4ED443870C07F6B2B455E73D32D1C7,199650102,https://www.kugou.com/yy/rank/home/23-8888.html?from=rank
2026-07-25,2026-07-25T15:27:25+08:00,酷狗音乐,热歌榜,酷狗TOP500,2026-07-25,489,心如止水,Ice Paper,,3:05,AB6CF665EAD04F0C07240888A4411288,19138812,https://www.kugou.com/yy/rank/home/23-8888.html?from=rank
2026-07-25,2026-07-25T15:27:25+08:00,酷狗音乐,热歌榜,酷狗TOP500,2026-07-25,490,往事如烟 (R&B版),落日微醺,,4:34,C4148CDAE0A57131607D096740BE08B3,194290753,https://www.kugou.com/yy/rank/home/23-8888.html?from=rank
2026-07-25,2026-07-25T15:27:25+08:00,酷狗音乐,热歌榜,酷狗TOP500,2026-07-25,491,逆流成河,金南玲,,2:05,F12381673024C26DF3CC2589AA52987F,976591,https://www.kugou.com/yy/rank/home/23-8888.html?from=rank
2026-07-25,2026-07-25T15:27:25+08:00,酷狗音乐,热歌榜,酷狗TOP500,2026-07-25,492,淋雨的人,阿图表妹,,3:59,EEB3B4F416E4D8777817C79127FCBFFC,183624154,https://www.kugou.com/yy/rank/home/23-8888.html?from=rank
2026-07-25,2026-07-25T15:27:25+08:00,酷狗音乐,热歌榜,酷狗TOP500,2026-07-25,493,慢冷 (Live),李荣浩,,2:44,3536800EC50F04EBF68FB22E7AF6B124,59599171,https://www.kugou.com/yy/rank/home/23-8888.html?from=rank
2026-07-25,2026-07-25T15:27:25+08:00,酷狗音乐,热歌榜,酷狗TOP500,2026-07-25,494,孤雏,AGA,,4:53,8BB44BFFC9A9CFC06706D37DA52B617B,1821989,https://www.kugou.com/yy/rank/home/23-8888.html?from=rank
2026-07-25,2026-07-25T15:27:25+08:00,酷狗音乐,热歌榜,酷狗TOP500,2026-07-25,495,今生啊 多相见,万仁,,3:44,AAE144B41CB32D4256E02C17CFEF0A29,172326826,https://www.kugou.com/yy/rank/home/23-8888.html?from=rank
2026-07-25,2026-07-25T15:27:25+08:00,酷狗音乐,热歌榜,酷狗TOP500,2026-07-25,496,清空,王忻辰、苏星婕,,2:57,13D65D3EE2C3D720800610D53BECA492,41190434,https://www.kugou.com/yy/rank/home/23-8888.html?from=rank
2026-07-25,2026-07-25T15:27:25+08:00,酷狗音乐,热歌榜,酷狗TOP500,2026-07-25,497,海屿你,林樾,,4:57,E13794CAEBCF1117B9DDC444D4AFC785,192446853,https://www.kugou.com/yy/rank/home/23-8888.html?from=rank
2026-07-25,2026-07-25T15:27:25+08:00,酷狗音乐,热歌榜,酷狗TOP500,2026-07-25,498,一万个理由,郑源,,4:25,6BE0597021C8E5E3D7A9AE5FB782947A,977094,https://www.kugou.com/yy/rank/home/23-8888.html?from=rank
2026-07-25,2026-07-25T15:27:25+08:00,酷狗音乐,热歌榜,酷狗TOP500,2026-07-25,499,I'm Waiting (Radio Edit),Stage Rockers,,4:30,5FB4D4C2336C116945C5CCA9862D7B67,1949715,https://www.kugou.com/yy/rank/home/23-8888.html?from=rank
2026-07-25,2026-07-25T15:27:25+08:00,酷狗音乐,热歌榜,酷狗TOP500,2026-07-25,500,匆匆那年,王菲,,4:00,08519C4B628FCC6292A46A508E11DFA2,4139345,https://www.kugou.com/yy/rank/home/23-8888.html?from=rank
2026-07-25,2026-07-25T15:27:25+08:00,酷狗音乐,飙升榜,酷狗飙升榜,2026-07-25,1,骗子的承诺,任夏,,3:38,8BE5438F72ED7681652BAAFFE72980C4,200568099,https://www.kugou.com/yy/rank/home/1-6666.html?from=rank
2026-07-25,2026-07-25T15:27:25+08:00,酷狗音乐,飙升榜,酷狗飙升榜,2026-07-25,2,限时知己,何仟仟,,3:41,585EF4DF538147F703CD90C1BBDEFD94,200521419,https://www.kugou.com/yy/rank/home/1-6666.html?from=rank
2026-07-25,2026-07-25T15:27:25+08:00,酷狗音乐,飙升榜,酷狗飙升榜,2026-07-25,3,你笑起来,姚晓棠,,3:30,2837F5F9675E163A140AB2590382EB7C,200514191,https://www.kugou.com/yy/rank/home/1-6666.html?from=rank
2026-07-25,2026-07-25T15:27:25+08:00,酷狗音乐,飙升榜,酷狗飙升榜,2026-07-25,4,半衰期 (我还是很想你),江堇,,2:52,8074D5BD8BBE48DB8A1E583D299BF550,198635374,https://www.kugou.com/yy/rank/home/1-6666.html?from=rank
2026-07-25,2026-07-25T15:27:25+08:00,酷狗音乐,飙升榜,酷狗飙升榜,2026-07-25,5,我带你看人间烟火,崔伟立,,3:45,3F18A0B95B85C366EA29742740B4F668,200557803,https://www.kugou.com/yy/rank/home/1-6666.html?from=rank
2026-07-25,2026-07-25T15:27:25+08:00,酷狗音乐,飙升榜,酷狗飙升榜,2026-07-25,6,也许在下雨天,王小黑,,3:47,6EB7954F0D48CC281D1B67888AA90092,198707654,https://www.kugou.com/yy/rank/home/1-6666.html?from=rank
2026-07-25,2026-07-25T15:27:25+08:00,酷狗音乐,飙升榜,酷狗飙升榜,2026-07-25,7,同学，我有一本关于你的日记,陈卓璇,,3:28,1F6DA16673181B0AAC88F9FE8C78DBFF,200399073,https://www.kugou.com/yy/rank/home/1-6666.html?from=rank
2026-07-25,2026-07-25T15:27:25+08:00,酷狗音乐,飙升榜,酷狗飙升榜,2026-07-25,8,见一面少一面 (律动版),洋澜一,,4:04,E7383959E054BBDC86ADC7F7A491B8B0,200553451,https://www.kugou.com/yy/rank/home/1-6666.html?from=rank
2026-07-25,2026-07-25T15:27:25+08:00,酷狗音乐,飙升榜,酷狗飙升榜,2026-07-25,9,Go 4 It! 就在此刻,希林娜依高、LABUBU,,2:49,66CA8F5E4258C86F6622F8DFE9B785AD,200555446,https://www.kugou.com/yy/rank/home/1-6666.html?from=rank
2026-07-25,2026-07-25T15:27:25+08:00,酷狗音乐,飙升榜,酷狗飙升榜,2026-07-25,10,相逢长安 离散江南,夏婉安,,3:33,8A692D9C703A660A6AC5FB8484332D29,200522094,https://www.kugou.com/yy/rank/home/1-6666.html?from=rank
2026-07-25,2026-07-25T15:27:25+08:00,酷狗音乐,飙升榜,酷狗飙升榜,2026-07-25,11,Fireflies,Martin Garrix、U2,,4:23,B7F1BBBC3003E84B154C66686CCC3741,200552152,https://www.kugou.com/yy/rank/home/1-6666.html?from=rank
2026-07-25,2026-07-25T15:27:25+08:00,酷狗音乐,飙升榜,酷狗飙升榜,2026-07-25,12,爱老虎油,闫东,,2:55,F98F2085D6263CB44805A96B10DB1F43,200649645,https://www.kugou.com/yy/rank/home/1-6666.html?from=rank
2026-07-25,2026-07-25T15:27:25+08:00,酷狗音乐,飙升榜,酷狗飙升榜,2026-07-25,13,KISS N TELL,aespa,,2:46,055F47669FD750E1F6FD0564A75050CD,200502168,https://www.kugou.com/yy/rank/home/1-6666.html?from=rank
2026-07-25,2026-07-25T15:27:25+08:00,酷狗音乐,飙升榜,酷狗飙升榜,2026-07-25,14,感谢爱我的人,赵鑫,,3:57,B7448141414590C8AA554DCBADC6D642,200559610,https://www.kugou.com/yy/rank/home/1-6666.html?from=rank
2026-07-25,2026-07-25T15:27:25+08:00,酷狗音乐,飙升榜,酷狗飙升榜,2026-07-25,15,想你了,刘瑞琦,,3:50,47D4B13634D4A043286F3B073AB06DF6,200412233,https://www.kugou.com/yy/rank/home/1-6666.html?from=rank
2026-07-25,2026-07-25T15:27:25+08:00,酷狗音乐,飙升榜,酷狗飙升榜,2026-07-25,16,清风微微,曾舜晞,,2:48,CECB4A7B3E6F2FF023A5C45B0E3EB11F,200514195,https://www.kugou.com/yy/rank/home/1-6666.html?from=rank
2026-07-25,2026-07-25T15:27:25+08:00,酷狗音乐,飙升榜,酷狗飙升榜,2026-07-25,17,大梦一场空,丫蛋,,3:08,E4B5F20648ED364159B7F57C376CBD06,163959504,https://www.kugou.com/yy/rank/home/1-6666.html?from=rank
2026-07-25,2026-07-25T15:27:25+08:00,酷狗音乐,飙升榜,酷狗飙升榜,2026-07-25,18,失落天涯,洛先生,,3:40,EA50FB31A61B3ADC2DD00868B085C854,200612507,https://www.kugou.com/yy/rank/home/1-6666.html?from=rank
2026-07-25,2026-07-25T15:27:25+08:00,酷狗音乐,飙升榜,酷狗飙升榜,2026-07-25,19,风带思念回山川,窝窝,,3:05,EB39BCFC7C10672D9BA8C3762D674F02,146523734,https://www.kugou.com/yy/rank/home/1-6666.html?from=rank
2026-07-25,2026-07-25T15:27:25+08:00,酷狗音乐,飙升榜,酷狗飙升榜,2026-07-25,20,失去,李志远,,3:29,856F8745780E40B01DA14598456F83E6,76476100,https://www.kugou.com/yy/rank/home/1-6666.html?from=rank
2026-07-25,2026-07-25T15:27:25+08:00,酷狗音乐,飙升榜,酷狗飙升榜,2026-07-25,21,边界 (我决定了),白允y,,3:40,0B7C9A6FE297A948CFFF865773E0FFDC,200554600,https://www.kugou.com/yy/rank/home/1-6666.html?from=rank
2026-07-25,2026-07-25T15:27:25+08:00,酷狗音乐,飙升榜,酷狗飙升榜,2026-07-25,22,汹涌,吴莫愁,,4:21,EAB2C9D1CA6E34AF3A9BE58BD85272BB,199849767,https://www.kugou.com/yy/rank/home/1-6666.html?from=rank
2026-07-25,2026-07-25T15:27:25+08:00,酷狗音乐,飙升榜,酷狗飙升榜,2026-07-25,23,敬今朝,刘阳阳,,3:08,81635671D499998FF62B5831FCA14988,143383697,https://www.kugou.com/yy/rank/home/2-6666.html?from=rank
2026-07-25,2026-07-25T15:27:25+08:00,酷狗音乐,飙升榜,酷狗飙升榜,2026-07-25,24,像一阵细雨洒落我心底,DJ晗晗,,2:31,F358581BD7E73212D4EAA2775DE404C8,195938958,https://www.kugou.com/yy/rank/home/2-6666.html?from=rank
2026-07-25,2026-07-25T15:27:25+08:00,酷狗音乐,飙升榜,酷狗飙升榜,2026-07-25,25,归乡谣,晚月moon,,3:18,E8A0ADA0123409B36318E9D7940A2CE6,174848162,https://www.kugou.com/yy/rank/home/2-6666.html?from=rank
2026-07-25,2026-07-25T15:27:25+08:00,酷狗音乐,飙升榜,酷狗飙升榜,2026-07-25,26,JUST FOR THE NIGHT,HENRY刘宪华,,3:43,B5E6E09825C43D33E2AB6E0551BFA6B3,200411055,https://www.kugou.com/yy/rank/home/2-6666.html?from=rank
2026-07-25,2026-07-25T15:27:25+08:00,酷狗音乐,飙升榜,酷狗飙升榜,2026-07-25,27,小情歌 (苏打绿版),苏打绿,,4:37,117151FEDB1F0DA9B34E146CD620EEC5,54634696,https://www.kugou.com/yy/rank/home/2-6666.html?from=rank
2026-07-25,2026-07-25T15:27:25+08:00,酷狗音乐,飙升榜,酷狗飙升榜,2026-07-25,28,忘了你等于忘了自我,苍狼,,4:18,62469EDF09EBF17D6BC3A01EA8E63204,200607735,https://www.kugou.com/yy/rank/home/2-6666.html?from=rank
2026-07-25,2026-07-25T15:27:25+08:00,酷狗音乐,飙升榜,酷狗飙升榜,2026-07-25,29,都有这一天,老中青民谣、小巷先生,,3:10,47029DA948301F7B495F81B15881C914,199411740,https://www.kugou.com/yy/rank/home/2-6666.html?from=rank
2026-07-25,2026-07-25T15:27:25+08:00,酷狗音乐,飙升榜,酷狗飙升榜,2026-07-25,30,尘世外,指尖笑,,3:04,60BDF3057320D90FF9E64BDBCC16F1ED,200583158,https://www.kugou.com/yy/rank/home/2-6666.html?from=rank
2026-07-25,2026-07-25T15:27:25+08:00,酷狗音乐,飙升榜,酷狗飙升榜,2026-07-25,31,红颜旧 (氛围版),周深深,,3:48,76FA92299B2443816030D744CF70FA3B,198814170,https://www.kugou.com/yy/rank/home/2-6666.html?from=rank
2026-07-25,2026-07-25T15:27:25+08:00,酷狗音乐,飙升榜,酷狗飙升榜,2026-07-25,32,也许在下雨天 (说唱版),何遇Hayu、艾比利,,2:56,60375BDA29966FB3DB21E82B22FE31EE,198707724,https://www.kugou.com/yy/rank/home/2-6666.html?from=rank
2026-07-25,2026-07-25T15:27:25+08:00,酷狗音乐,飙升榜,酷狗飙升榜,2026-07-25,33,彼此不打扰,刘诺儿,,3:21,0F88E3DB305285739B34157B60FB5002,173852979,https://www.kugou.com/yy/rank/home/2-6666.html?from=rank
2026-07-25,2026-07-25T15:27:25+08:00,酷狗音乐,飙升榜,酷狗飙升榜,2026-07-25,34,让过去都过去,小白牙,,3:30,4CD028349117826E197F1428FE16FC1C,139709045,https://www.kugou.com/yy/rank/home/2-6666.html?from=rank
2026-07-25,2026-07-25T15:27:25+08:00,酷狗音乐,飙升榜,酷狗飙升榜,2026-07-25,35,青空下,吴宣仪,,3:37,A8041610B7618C33360833F2394916B2,200399073,https://www.kugou.com/yy/rank/home/2-6666.html?from=rank
2026-07-25,2026-07-25T15:27:25+08:00,酷狗音乐,飙升榜,酷狗飙升榜,2026-07-25,36,也许在下雨天 (雷鬼版),白兰的,,4:39,475C69BA60AECD59F26F8B5BBBD70633,197843226,https://www.kugou.com/yy/rank/home/2-6666.html?from=rank
2026-07-25,2026-07-25T15:27:25+08:00,酷狗音乐,飙升榜,酷狗飙升榜,2026-07-25,37,一身悲伤与谁讲 (对唱版),草原兄弟、丁小婉,,3:42,D1F7CF7A729A7F069F80320A4202CFE1,200371603,https://www.kugou.com/yy/rank/home/2-6666.html?from=rank
2026-07-25,2026-07-25T15:27:25+08:00,酷狗音乐,飙升榜,酷狗飙升榜,2026-07-25,38,只因恋上你,刘君,,4:30,8470F537A80FED3AC557D96B5578B522,57406544,https://www.kugou.com/yy/rank/home/2-6666.html?from=rank
2026-07-25,2026-07-25T15:27:25+08:00,酷狗音乐,飙升榜,酷狗飙升榜,2026-07-25,39,等不到的人,张艺迈,,3:56,138007877E38487666F6C34A4EF6ECD5,155374847,https://www.kugou.com/yy/rank/home/2-6666.html?from=rank
2026-07-25,2026-07-25T15:27:25+08:00,酷狗音乐,飙升榜,酷狗飙升榜,2026-07-25,40,好想忘了你是谁 (白天不懂夜的黑)(对唱版),金禾安,,5:00,5BE3FF2AB398C3C27CE127C72A2B6D69,199805453,https://www.kugou.com/yy/rank/home/2-6666.html?from=rank
2026-07-25,2026-07-25T15:27:25+08:00,酷狗音乐,飙升榜,酷狗飙升榜,2026-07-25,41,Done with Rules,aespa,,2:16,9149676D384C21675774AD8B1047B5AC,200502168,https://www.kugou.com/yy/rank/home/2-6666.html?from=rank
2026-07-25,2026-07-25T15:27:25+08:00,酷狗音乐,飙升榜,酷狗飙升榜,2026-07-25,42,说好不再见,江皓南,,3:30,BB945A18321E97BEF66375DA2CF6E49B,200556306,https://www.kugou.com/yy/rank/home/2-6666.html?from=rank
2026-07-25,2026-07-25T15:27:25+08:00,酷狗音乐,飙升榜,酷狗飙升榜,2026-07-25,43,In Halo,aespa,,3:24,84492E28695B382C754C653FFC8B3348,200502168,https://www.kugou.com/yy/rank/home/2-6666.html?from=rank
2026-07-25,2026-07-25T15:27:25+08:00,酷狗音乐,飙升榜,酷狗飙升榜,2026-07-25,44,若今生无缘 (若今生已无缘),柯杰,,3:40,846A2FC1B897FE87BC491F3A34DEA929,197579600,https://www.kugou.com/yy/rank/home/2-6666.html?from=rank
2026-07-25,2026-07-25T15:27:25+08:00,酷狗音乐,飙升榜,酷狗飙升榜,2026-07-25,45,听说你 (沈念版),洋澜一,,3:40,D890D73BF8C865B691B89AD62594B506,200636810,https://www.kugou.com/yy/rank/home/3-6666.html?from=rank
2026-07-25,2026-07-25T15:27:25+08:00,酷狗音乐,飙升榜,酷狗飙升榜,2026-07-25,46,做自己的英雄,邓典,,3:39,961F7D30DFDA4C6F6B7CBC314A130A5C,200336747,https://www.kugou.com/yy/rank/home/3-6666.html?from=rank
2026-07-25,2026-07-25T15:27:25+08:00,酷狗音乐,飙升榜,酷狗飙升榜,2026-07-25,47,Fangirl,aespa,,2:44,E8F777C9D12826A0F2AC2E74BB7A70CC,200502168,https://www.kugou.com/yy/rank/home/3-6666.html?from=rank
2026-07-25,2026-07-25T15:27:25+08:00,酷狗音乐,飙升榜,酷狗飙升榜,2026-07-25,48,兵自风中来,欧豪,,3:18,08AB32F852BDBB0833806EC628F439CE,200336747,https://www.kugou.com/yy/rank/home/3-6666.html?from=rank
2026-07-25,2026-07-25T15:27:25+08:00,酷狗音乐,飙升榜,酷狗飙升榜,2026-07-25,49,梨香,陈默之,,4:31,279E24C6B1B7E49FC9198E32A0FE9988,200516458,https://www.kugou.com/yy/rank/home/3-6666.html?from=rank
2026-07-25,2026-07-25T15:27:25+08:00,酷狗音乐,飙升榜,酷狗飙升榜,2026-07-25,50,GIve Up (感觉至上),Grimmmz、Rush Surge,,2:11,B9864D330B41F5A6ED35C679D78D39CF,197453755,https://www.kugou.com/yy/rank/home/3-6666.html?from=rank
2026-07-25,2026-07-25T15:27:25+08:00,酷狗音乐,飙升榜,酷狗飙升榜,2026-07-25,51,ATTITUDE,aespa,,3:05,B54DD5EE0FC0368815A90BB520533F4F,200502168,https://www.kugou.com/yy/rank/home/3-6666.html?from=rank
2026-07-25,2026-07-25T15:27:25+08:00,酷狗音乐,飙升榜,酷狗飙升榜,2026-07-25,52,你到底爱没爱过我 (哪怕一刻心疼过),大柚子plus,,3:50,86310E5984E9DA736C41C54ADB71CC09,197698861,https://www.kugou.com/yy/rank/home/3-6666.html?from=rank
2026-07-25,2026-07-25T15:27:25+08:00,酷狗音乐,飙升榜,酷狗飙升榜,2026-07-25,53,Tsiab peb caug xyoo tshiab,Buy a dreamer,,3:42,F0CAA46B15C83F41AA323CD1FC47C529,31044938,https://www.kugou.com/yy/rank/home/3-6666.html?from=rank
2026-07-25,2026-07-25T15:27:25+08:00,酷狗音乐,飙升榜,酷狗飙升榜,2026-07-25,54,Orbit Pop,aespa,,3:02,6C3566B1EFBE4EB0D72C365ABAE28153,200502168,https://www.kugou.com/yy/rank/home/3-6666.html?from=rank
2026-07-25,2026-07-25T15:27:25+08:00,酷狗音乐,飙升榜,酷狗飙升榜,2026-07-25,55,爱一夏,杨胖雨,,2:45,4532732A3468BE2BB6385C8A2E7ADD90,200568017,https://www.kugou.com/yy/rank/home/3-6666.html?from=rank
2026-07-25,2026-07-25T15:27:25+08:00,酷狗音乐,飙升榜,酷狗飙升榜,2026-07-25,56,怎么灿烂怎么闪,王一佳,,3:10,D3C51FB6D4F4A72FA03C52F78271D273,200606407,https://www.kugou.com/yy/rank/home/3-6666.html?from=rank
2026-07-25,2026-07-25T15:27:25+08:00,酷狗音乐,飙升榜,酷狗飙升榜,2026-07-25,57,上头,野洵、听潮阁,,3:53,2B08C0C69F89184AA5E655F28EF2C92C,200293104,https://www.kugou.com/yy/rank/home/3-6666.html?from=rank
2026-07-25,2026-07-25T15:27:25+08:00,酷狗音乐,飙升榜,酷狗飙升榜,2026-07-25,58,你是先说爱的人,金钰儿,,3:22,6C2E0CD7CA024CB9F25CFBCCD4FEAAD7,200530020,https://www.kugou.com/yy/rank/home/3-6666.html?from=rank
2026-07-25,2026-07-25T15:27:25+08:00,酷狗音乐,飙升榜,酷狗飙升榜,2026-07-25,59,小凡,王梓屹,,4:09,D8CF5B5CF154B1330651A08F574AACD3,200544189,https://www.kugou.com/yy/rank/home/3-6666.html?from=rank
2026-07-25,2026-07-25T15:27:25+08:00,酷狗音乐,飙升榜,酷狗飙升榜,2026-07-25,60,过海,王赫野、黄龄,,3:47,35405E44573EF6D9F2F0AB42AE8BD716,199401816,https://www.kugou.com/yy/rank/home/3-6666.html?from=rank
2026-07-25,2026-07-25T15:27:25+08:00,酷狗音乐,飙升榜,酷狗飙升榜,2026-07-25,61,注定错过你,王超然,,3:29,7CA475C43E5D0EB8AABD49883E9DB680,200535806,https://www.kugou.com/yy/rank/home/3-6666.html?from=rank
2026-07-25,2026-07-25T15:27:25+08:00,酷狗音乐,飙升榜,酷狗飙升榜,2026-07-25,62,遗迹 (我们游过这废墟),凌奈,,2:53,9BCB85B2C0B1F5697BA5B9B739369907,195851775,https://www.kugou.com/yy/rank/home/3-6666.html?from=rank
2026-07-25,2026-07-25T15:27:25+08:00,酷狗音乐,飙升榜,酷狗飙升榜,2026-07-25,63,踏马寻花向自由 (潇洒版),雷鬼叔,,2:49,2AB7A8EBAD8E05DEF40E7F9330FCB01E,198887108,https://www.kugou.com/yy/rank/home/3-6666.html?from=rank
2026-07-25,2026-07-25T15:27:25+08:00,酷狗音乐,飙升榜,酷狗飙升榜,2026-07-25,64,来生不进你家门,大美,,3:21,259DD113F83255F2619DBD78B7273A85,105855692,https://www.kugou.com/yy/rank/home/3-6666.html?from=rank
2026-07-25,2026-07-25T15:27:25+08:00,酷狗音乐,飙升榜,酷狗飙升榜,2026-07-25,65,我是你的红颜你是我的知己,肖雨蒙,,3:27,85CA54999BF69D0A7C89FCB5B5F2C7A7,131473133,https://www.kugou.com/yy/rank/home/3-6666.html?from=rank
2026-07-25,2026-07-25T15:27:25+08:00,酷狗音乐,飙升榜,酷狗飙升榜,2026-07-25,66,Everlasting Truth (你的相册里已经是另一个女孩了吧),流行电台司令,,2:21,F4C368C08CC983D8F76B3F5FB2FB4CBC,198900675,https://www.kugou.com/yy/rank/home/3-6666.html?from=rank
2026-07-25,2026-07-25T15:27:25+08:00,酷狗音乐,飙升榜,酷狗飙升榜,2026-07-25,67,孤 Gu,拼音师BGM、拼音师,,3:44,731492E3BA71BF1147FD562DBC144FC5,192163305,https://www.kugou.com/yy/rank/home/4-6666.html?from=rank
2026-07-25,2026-07-25T15:27:25+08:00,酷狗音乐,飙升榜,酷狗飙升榜,2026-07-25,68,kick,何浩楠,,3:06,E557F97C93E745D04C9108725CE89002,200617090,https://www.kugou.com/yy/rank/home/4-6666.html?from=rank
2026-07-25,2026-07-25T15:27:25+08:00,酷狗音乐,飙升榜,酷狗飙升榜,2026-07-25,69,让花成花 让树成树,姜成万,,2:27,6A7720B4432AC709E542946E0EB411F4,195867673,https://www.kugou.com/yy/rank/home/4-6666.html?from=rank
2026-07-25,2026-07-25T15:27:25+08:00,酷狗音乐,飙升榜,酷狗飙升榜,2026-07-25,70,涉山涉水不涉爱河,王一佳,,3:47,2840350B715FDB89A9BB4205AA263B3E,199553934,https://www.kugou.com/yy/rank/home/4-6666.html?from=rank
2026-07-25,2026-07-25T15:27:25+08:00,酷狗音乐,飙升榜,酷狗飙升榜,2026-07-25,71,问爱,Yamy郭颖,,3:02,E35C44C974EAE0C29D62C8945D4D71F5,196970329,https://www.kugou.com/yy/rank/home/4-6666.html?from=rank
2026-07-25,2026-07-25T15:27:25+08:00,酷狗音乐,飙升榜,酷狗飙升榜,2026-07-25,72,天籁西辽河,魏新雨,,3:43,73A91ED85014F8031B979DEF4B00915B,200549158,https://www.kugou.com/yy/rank/home/4-6666.html?from=rank
2026-07-25,2026-07-25T15:27:25+08:00,酷狗音乐,飙升榜,酷狗飙升榜,2026-07-25,73,别人撑伞我等雨停,艺凌,,3:33,E00AB3609F63CDC5DF4977564817DDD6,130482241,https://www.kugou.com/yy/rank/home/4-6666.html?from=rank
2026-07-25,2026-07-25T15:27:25+08:00,酷狗音乐,飙升榜,酷狗飙升榜,2026-07-25,74,余情旧梦,彭沛绮,,3:57,F870A7C976DAFA620DA1723685717F88,200526787,https://www.kugou.com/yy/rank/home/4-6666.html?from=rank
2026-07-25,2026-07-25T15:27:25+08:00,酷狗音乐,飙升榜,酷狗飙升榜,2026-07-25,75,遗忘我的歌,伟歌歌,,3:02,C763DD37720422456259F424562EEF56,192398149,https://www.kugou.com/yy/rank/home/4-6666.html?from=rank
2026-07-25,2026-07-25T15:27:25+08:00,酷狗音乐,飙升榜,酷狗飙升榜,2026-07-25,76,岁月如笔写春秋,饶天亮,,4:11,FC8A358AF090A0D58A670B671A0C65B2,198583508,https://www.kugou.com/yy/rank/home/4-6666.html?from=rank
2026-07-25,2026-07-25T15:27:25+08:00,酷狗音乐,飙升榜,酷狗飙升榜,2026-07-25,77,跳楼机,李毅恩Lye,,3:22,B4248A7EA7601515A9150CA9D7E0A7B8,200560193,https://www.kugou.com/yy/rank/home/4-6666.html?from=rank
2026-07-25,2026-07-25T15:27:25+08:00,酷狗音乐,飙升榜,酷狗飙升榜,2026-07-25,78,甲乙丙丁 (你我怎么两清),李佳薇,,3:30,213D580CA0BDCC28A5FDBA995FFDA106,197648995,https://www.kugou.com/yy/rank/home/4-6666.html?from=rank
2026-07-25,2026-07-25T15:27:25+08:00,酷狗音乐,飙升榜,酷狗飙升榜,2026-07-25,79,我在月光许过情真 (r&b旋律说唱版),丁点儿、比利五,,2:14,DBC86A4731D581A7C5995CCE416AD6CB,196066686,https://www.kugou.com/yy/rank/home/4-6666.html?from=rank
2026-07-25,2026-07-25T15:27:25+08:00,酷狗音乐,飙升榜,酷狗飙升榜,2026-07-25,80,这场雨下完就忘了你,戎大姨,,3:24,13BCE0EF27162A76E9F5687E8EB97408,198910803,https://www.kugou.com/yy/rank/home/4-6666.html?from=rank
2026-07-25,2026-07-25T15:27:25+08:00,酷狗音乐,飙升榜,酷狗飙升榜,2026-07-25,81,起风了 (逝去的青春),LINGCHENHAI,,3:28,C417E9D1B3C38466ADB88EDAF2EC38B6,199817722,https://www.kugou.com/yy/rank/home/4-6666.html?from=rank
2026-07-25,2026-07-25T15:27:25+08:00,酷狗音乐,飙升榜,酷狗飙升榜,2026-07-25,82,熬过大雪熬过冬夜,沧桑小杰office,,3:45,88D843C454527F3DEE21F6810F902CB5,199579538,https://www.kugou.com/yy/rank/home/4-6666.html?from=rank
2026-07-25,2026-07-25T15:27:25+08:00,酷狗音乐,飙升榜,酷狗飙升榜,2026-07-25,83,难寄相思,刘君,,3:31,29AE474BE2FE43E1815269FE89BDB12E,170711383,https://www.kugou.com/yy/rank/home/4-6666.html?from=rank
2026-07-25,2026-07-25T15:27:25+08:00,酷狗音乐,飙升榜,酷狗飙升榜,2026-07-25,84,Less than a Lover,JENNIE,,2:25,CC40F2BEAB23481B69EB7D9C25CD9C18,200519628,https://www.kugou.com/yy/rank/home/4-6666.html?from=rank
2026-07-25,2026-07-25T15:27:25+08:00,酷狗音乐,飙升榜,酷狗飙升榜,2026-07-25,85,余生陪你到老,朱俊卫,,4:39,98647BAA8B927A081E3762D74CB56930,200515549,https://www.kugou.com/yy/rank/home/4-6666.html?from=rank
2026-07-25,2026-07-25T15:27:25+08:00,酷狗音乐,飙升榜,酷狗飙升榜,2026-07-25,86,归零,林忆莲,,4:31,AE2159C7CE937FBAEE77FC4B2D22A93A,200664888,https://www.kugou.com/yy/rank/home/4-6666.html?from=rank
2026-07-25,2026-07-25T15:27:25+08:00,酷狗音乐,飙升榜,酷狗飙升榜,2026-07-25,87,路灯下点烟时没有打火机,王永清,,3:29,58132CA97FE9A18E13DDA8FCA4650499,107860593,https://www.kugou.com/yy/rank/home/4-6666.html?from=rank
2026-07-25,2026-07-25T15:27:25+08:00,酷狗音乐,飙升榜,酷狗飙升榜,2026-07-25,88,宝贝乖乖 (合唱版),许丽静、金匀,,3:35,3408475D4B6B837373F441C91324AF4B,200400911,https://www.kugou.com/yy/rank/home/4-6666.html?from=rank
2026-07-25,2026-07-25T15:27:25+08:00,酷狗音乐,飙升榜,酷狗飙升榜,2026-07-25,89,你又偷偷偷掉眼泪,404Hz、Sova1,,2:01,8EA45A4B91362C37B1B8CBE815366D95,198505482,https://www.kugou.com/yy/rank/home/5-6666.html?from=rank
2026-07-25,2026-07-25T15:27:25+08:00,酷狗音乐,飙升榜,酷狗飙升榜,2026-07-25,90,琵琶行 (感我此言良久立),Grimmmz、烬风Zer,,2:25,F6DBE42DFFDEB4B5AF977FB6940DAE56,199392750,https://www.kugou.com/yy/rank/home/5-6666.html?from=rank
2026-07-25,2026-07-25T15:27:25+08:00,酷狗音乐,飙升榜,酷狗飙升榜,2026-07-25,91,缺了半份,叶梓晴,,3:18,522382A2D6698D761A10BE78F153D8D0,200524456,https://www.kugou.com/yy/rank/home/5-6666.html?from=rank
2026-07-25,2026-07-25T15:27:25+08:00,酷狗音乐,飙升榜,酷狗飙升榜,2026-07-25,92,樱缘,方三俊、洪晶晶,,3:35,3E5388C1D819F70772AED4B376FE4B02,89544542,https://www.kugou.com/yy/rank/home/5-6666.html?from=rank
2026-07-25,2026-07-25T15:27:25+08:00,酷狗音乐,飙升榜,酷狗飙升榜,2026-07-25,93,为什么你的房间还有别人,陈玉建,,3:47,52CE4A98893E1960AAA1B87FDBDAECC3,196800864,https://www.kugou.com/yy/rank/home/5-6666.html?from=rank
2026-07-25,2026-07-25T15:27:25+08:00,酷狗音乐,飙升榜,酷狗飙升榜,2026-07-25,94,明天会更好 (架子鼓版),不想呼吸,,3:48,983F16CC8604861EC1C2ED961E3A1BE9,195542510,https://www.kugou.com/yy/rank/home/5-6666.html?from=rank
2026-07-25,2026-07-25T15:27:25+08:00,酷狗音乐,飙升榜,酷狗飙升榜,2026-07-25,95,阵痛,小水,,3:08,6A1718BDEB431956214919F35C4D4A61,197027952,https://www.kugou.com/yy/rank/home/5-6666.html?from=rank
2026-07-25,2026-07-25T15:27:25+08:00,酷狗音乐,飙升榜,酷狗飙升榜,2026-07-25,96,不爱不恨度余生,姚文斌,,3:30,2E394384B844095886DA744674DC27A8,96796696,https://www.kugou.com/yy/rank/home/5-6666.html?from=rank
2026-07-25,2026-07-25T15:27:25+08:00,酷狗音乐,飙升榜,酷狗飙升榜,2026-07-25,97,姑娘爱情郎 (沈念律动版),王一佳,,3:25,689234D6F1F8A60F39E2D2CD6BC3D9B6,199553749,https://www.kugou.com/yy/rank/home/5-6666.html?from=rank
2026-07-25,2026-07-25T15:27:25+08:00,酷狗音乐,飙升榜,酷狗飙升榜,2026-07-25,98,五分之一人生,张博闻,,4:10,042E6230A75F8D4FD13399C6AA689064,197471866,https://www.kugou.com/yy/rank/home/5-6666.html?from=rank
2026-07-25,2026-07-25T15:27:25+08:00,酷狗音乐,飙升榜,酷狗飙升榜,2026-07-25,99,新的现在,曹杨,,3:02,7DE0E8B9F14E7C1BE7672FC5BA2DC313,200411030,https://www.kugou.com/yy/rank/home/5-6666.html?from=rank
2026-07-25,2026-07-25T15:27:25+08:00,酷狗音乐,飙升榜,酷狗飙升榜,2026-07-25,100,下辈子我再爱你一次 (动感版),安儿陈,,3:26,E8B4AB00FD253D56527822354498BAD8,200599799,https://www.kugou.com/yy/rank/home/5-6666.html?from=rank
2026-07-25,2026-07-25T15:27:25+08:00,微博,热搜榜,微博热搜榜,,1,王楚钦爆冷不敌张煜东,体育,热度 2342034；热；体育领域热度TOP1,,王楚钦爆冷不敌张煜东,,https://s.weibo.com/weibo?q=%23%E7%8E%8B%E6%A5%9A%E9%92%A6%E7%88%86%E5%86%B7%E4%B8%8D%E6%95%8C%E5%BC%A0%E7%85%9C%E4%B8%9C%23
2026-07-25,2026-07-25T15:27:25+08:00,微博,热搜榜,微博热搜榜,,2,携程被罚51.79亿,民生新闻,热度 1495846；沸；民生新闻领域热度TOP1,,携程被罚51.79亿,,https://s.weibo.com/weibo?q=%23%E6%90%BA%E7%A8%8B%E8%A2%AB%E7%BD%9A51.79%E4%BA%BF%23
2026-07-25,2026-07-25T15:27:25+08:00,微博,热搜榜,微博热搜榜,,3,景德镇手工瓷业遗存列入世界遗产,国内时政,热度 1183929；国内时政领域热度TOP2,,景德镇手工瓷业遗存列入世界遗产,,https://s.weibo.com/weibo?q=%23%E6%99%AF%E5%BE%B7%E9%95%87%E6%89%8B%E5%B7%A5%E7%93%B7%E4%B8%9A%E9%81%97%E5%AD%98%E5%88%97%E5%85%A5%E4%B8%96%E7%95%8C%E9%81%97%E4%BA%A7%23
2026-07-25,2026-07-25T15:27:25+08:00,微博,热搜榜,微博热搜榜,,4,孔雪儿一个人努力好心酸,剧集,热度 1181616；热；剧集领域热度TOP1,,孔雪儿一个人努力好心酸,['孔雪儿'],https://s.weibo.com/weibo?q=%23%E5%AD%94%E9%9B%AA%E5%84%BF%E4%B8%80%E4%B8%AA%E4%BA%BA%E5%8A%AA%E5%8A%9B%E5%A5%BD%E5%BF%83%E9%85%B8%23
2026-07-25,2026-07-25T15:27:25+08:00,微博,热搜榜,微博热搜榜,,5,泡面 换水,美食,热度 1163484；美食领域热度TOP1,,泡面 换水,,https://s.weibo.com/weibo?q=%23%E6%B3%A1%E9%9D%A2%20%E6%8D%A2%E6%B0%B4%23
2026-07-25,2026-07-25T15:27:25+08:00,微博,热搜榜,微博热搜榜,,6,学英语就是为了看懂这种笑话,幽默,热度 1015697；幽默领域热度TOP1,,学英语就是为了看懂这种笑话,,https://s.weibo.com/weibo?q=%23%E5%AD%A6%E8%8B%B1%E8%AF%AD%E5%B0%B1%E6%98%AF%E4%B8%BA%E4%BA%86%E7%9C%8B%E6%87%82%E8%BF%99%E7%A7%8D%E7%AC%91%E8%AF%9D%23
2026-07-25,2026-07-25T15:27:25+08:00,微博,热搜榜,微博热搜榜,,7,山西运城一路面塌陷处现大量白骨,民生新闻,热度 957538；新；民生新闻领域热度TOP2,,山西运城一路面塌陷处现大量白骨,,https://s.weibo.com/weibo?q=%23%E5%B1%B1%E8%A5%BF%E8%BF%90%E5%9F%8E%E4%B8%80%E8%B7%AF%E9%9D%A2%E5%A1%8C%E9%99%B7%E5%A4%84%E7%8E%B0%E5%A4%A7%E9%87%8F%E7%99%BD%E9%AA%A8%23
2026-07-25,2026-07-25T15:27:25+08:00,微博,热搜榜,微博热搜榜,,8,台风红霞,民生新闻,热度 711882；新；民生新闻领域热度TOP3,,台风红霞,,https://s.weibo.com/weibo?q=%23%E5%8F%B0%E9%A3%8E%E7%BA%A2%E9%9C%9E%23
2026-07-25,2026-07-25T15:27:25+08:00,微博,热搜榜,微博热搜榜,,9,除了玩手机还有这么多低成本爱好,情感,热度 705963；情感领域热度TOP1,,除了玩手机还有这么多低成本爱好,,https://s.weibo.com/weibo?q=%23%E9%99%A4%E4%BA%86%E7%8E%A9%E6%89%8B%E6%9C%BA%E8%BF%98%E6%9C%89%E8%BF%99%E4%B9%88%E5%A4%9A%E4%BD%8E%E6%88%90%E6%9C%AC%E7%88%B1%E5%A5%BD%23
2026-07-25,2026-07-25T15:27:25+08:00,微博,热搜榜,微博热搜榜,,10,宋威龙觉得和张婧仪缺一个婚纱照,剧集,热度 465222；剧集领域热度TOP2,,宋威龙觉得和张婧仪缺一个婚纱照,剧集,https://s.weibo.com/weibo?q=%23%E5%AE%8B%E5%A8%81%E9%BE%99%E8%A7%89%E5%BE%97%E5%92%8C%E5%BC%A0%E5%A9%A7%E4%BB%AA%E7%BC%BA%E4%B8%80%E4%B8%AA%E5%A9%9A%E7%BA%B1%E7%85%A7%23
2026-07-25,2026-07-25T15:27:25+08:00,微博,热搜榜,微博热搜榜,,11,黄雅琼怀孕,体育,热度 455424；热；体育领域热度TOP2,,黄雅琼怀孕,,https://s.weibo.com/weibo?q=%23%E9%BB%84%E9%9B%85%E7%90%BC%E6%80%80%E5%AD%95%23
2026-07-25,2026-07-25T15:27:25+08:00,微博,热搜榜,微博热搜榜,,12,郭碧婷称你们最好永远误解,艺人,热度 444828；热；艺人领域热度TOP3,,郭碧婷称你们最好永远误解,['郭碧婷'],https://s.weibo.com/weibo?q=%23%E9%83%AD%E7%A2%A7%E5%A9%B7%E7%A7%B0%E4%BD%A0%E4%BB%AC%E6%9C%80%E5%A5%BD%E6%B0%B8%E8%BF%9C%E8%AF%AF%E8%A7%A3%23
2026-07-25,2026-07-25T15:27:25+08:00,微博,热搜榜,微博热搜榜,,13,曝讲真打布洛芬,网红,热度 429666；网红领域热度TOP1,,曝讲真打布洛芬,,https://s.weibo.com/weibo?q=%23%E6%9B%9D%E8%AE%B2%E7%9C%9F%E6%89%93%E5%B8%83%E6%B4%9B%E8%8A%AC%23
2026-07-25,2026-07-25T15:27:25+08:00,微博,热搜榜,微博热搜榜,,14,24岁女孩地包天做手术反成鞋拔子脸,民生新闻,热度 421228；民生新闻领域热度TOP4,,24岁女孩地包天做手术反成鞋拔子脸,,https://s.weibo.com/weibo?q=%2324%E5%B2%81%E5%A5%B3%E5%AD%A9%E5%9C%B0%E5%8C%85%E5%A4%A9%E5%81%9A%E6%89%8B%E6%9C%AF%E5%8F%8D%E6%88%90%E9%9E%8B%E6%8B%94%E5%AD%90%E8%84%B8%23
2026-07-25,2026-07-25T15:27:25+08:00,微博,热搜榜,微博热搜榜,,15,曲婉婷点赞冰雪女王梗,艺人,热度 402368；艺人领域热度TOP4,,曲婉婷点赞冰雪女王梗,['曲婉婷'],https://s.weibo.com/weibo?q=%23%E6%9B%B2%E5%A9%89%E5%A9%B7%E7%82%B9%E8%B5%9E%E5%86%B0%E9%9B%AA%E5%A5%B3%E7%8E%8B%E6%A2%97%23
2026-07-25,2026-07-25T15:27:25+08:00,微博,热搜榜,微博热搜榜,,16,黄雅琼回应怀孕后还玩拼豆,体育,热度 380941；新；体育领域热度TOP3,,黄雅琼回应怀孕后还玩拼豆,,https://s.weibo.com/weibo?q=%23%E9%BB%84%E9%9B%85%E7%90%BC%E5%9B%9E%E5%BA%94%E6%80%80%E5%AD%95%E5%90%8E%E8%BF%98%E7%8E%A9%E6%8B%BC%E8%B1%86%23
2026-07-25,2026-07-25T15:27:25+08:00,微博,热搜榜,微博热搜榜,,17,TOP青岛演唱会伴手礼,演出,热度 380405；新；演出领域热度TOP2,,TOP青岛演唱会伴手礼,演出,https://s.weibo.com/weibo?q=%23TOP%E9%9D%92%E5%B2%9B%E6%BC%94%E5%94%B1%E4%BC%9A%E4%BC%B4%E6%89%8B%E7%A4%BC%23
2026-07-25,2026-07-25T15:27:25+08:00,微博,热搜榜,微博热搜榜,,18,王腾谈携程被罚51.79亿,互联网,热度 223158；互联网领域热度TOP2,,王腾谈携程被罚51.79亿,,https://s.weibo.com/weibo?q=%23%E7%8E%8B%E8%85%BE%E8%B0%88%E6%90%BA%E7%A8%8B%E8%A2%AB%E7%BD%9A51.79%E4%BA%BF%23
2026-07-25,2026-07-25T15:27:25+08:00,微博,热搜榜,微博热搜榜,,19,欧盟宣布4年来最大规模对俄制裁,国际时政,热度 222971；国际时政领域热度TOP1,,欧盟宣布4年来最大规模对俄制裁,,https://s.weibo.com/weibo?q=%23%E6%AC%A7%E7%9B%9F%E5%AE%A3%E5%B8%834%E5%B9%B4%E6%9D%A5%E6%9C%80%E5%A4%A7%E8%A7%84%E6%A8%A1%E5%AF%B9%E4%BF%84%E5%88%B6%E8%A3%81%23
2026-07-25,2026-07-25T15:27:25+08:00,微博,热搜榜,微博热搜榜,,20,AI血检提前15年预警心脏病,互联网,热度 222704；互联网领域热度TOP4,,AI血检提前15年预警心脏病,,https://s.weibo.com/weibo?q=%23AI%E8%A1%80%E6%A3%80%E6%8F%90%E5%89%8D15%E5%B9%B4%E9%A2%84%E8%AD%A6%E5%BF%83%E8%84%8F%E7%97%85%23
2026-07-25,2026-07-25T15:27:25+08:00,微博,热搜榜,微博热搜榜,,21,宋威龙现偶一年双爆,剧集,热度 222101；剧集领域热度TOP3,,宋威龙现偶一年双爆,剧集,https://s.weibo.com/weibo?q=%23%E5%AE%8B%E5%A8%81%E9%BE%99%E7%8E%B0%E5%81%B6%E4%B8%80%E5%B9%B4%E5%8F%8C%E7%88%86%23
2026-07-25,2026-07-25T15:27:25+08:00,微博,热搜榜,微博热搜榜,,22,郭碧婷说什么叫我给人家生孩子,艺人,热度 221896；艺人领域热度TOP5,,郭碧婷说什么叫我给人家生孩子,['郭碧婷'],https://s.weibo.com/weibo?q=%23%E9%83%AD%E7%A2%A7%E5%A9%B7%E8%AF%B4%E4%BB%80%E4%B9%88%E5%8F%AB%E6%88%91%E7%BB%99%E4%BA%BA%E5%AE%B6%E7%94%9F%E5%AD%A9%E5%AD%90%23
2026-07-25,2026-07-25T15:27:25+08:00,微博,热搜榜,微博热搜榜,,23,王楚钦1比2张煜东,体育,热度 221540；体育领域热度TOP5,,王楚钦1比2张煜东,,https://s.weibo.com/weibo?q=%23%E7%8E%8B%E6%A5%9A%E9%92%A61%E6%AF%942%E5%BC%A0%E7%85%9C%E4%B8%9C%23
2026-07-25,2026-07-25T15:27:25+08:00,微博,热搜榜,微博热搜榜,,24,夏天千万不要把食物敞开放,幽默,热度 221088；幽默领域热度TOP2,,夏天千万不要把食物敞开放,,https://s.weibo.com/weibo?q=%23%E5%A4%8F%E5%A4%A9%E5%8D%83%E4%B8%87%E4%B8%8D%E8%A6%81%E6%8A%8A%E9%A3%9F%E7%89%A9%E6%95%9E%E5%BC%80%E6%94%BE%23
2026-07-25,2026-07-25T15:27:25+08:00,微博,热搜榜,微博热搜榜,,25,TOP青岛演唱会,演出,热度 220824；新；演出领域热度TOP3,,TOP青岛演唱会,演出,https://s.weibo.com/weibo?q=%23TOP%E9%9D%92%E5%B2%9B%E6%BC%94%E5%94%B1%E4%BC%9A%23
2026-07-25,2026-07-25T15:27:25+08:00,微博,热搜榜,微博热搜榜,,26,丁程鑫一只手戴戒指一只手戴支具,综艺,热度 220313；新；综艺领域热度TOP1,,丁程鑫一只手戴戒指一只手戴支具,综艺,https://s.weibo.com/weibo?q=%23%E4%B8%81%E7%A8%8B%E9%91%AB%E4%B8%80%E5%8F%AA%E6%89%8B%E6%88%B4%E6%88%92%E6%8C%87%E4%B8%80%E5%8F%AA%E6%89%8B%E6%88%B4%E6%94%AF%E5%85%B7%23
2026-07-25,2026-07-25T15:27:25+08:00,微博,热搜榜,微博热搜榜,,27,八字弱的听完得烧三天,幽默,热度 219848；新；幽默领域热度TOP3,,八字弱的听完得烧三天,,https://s.weibo.com/weibo?q=%23%E5%85%AB%E5%AD%97%E5%BC%B1%E7%9A%84%E5%90%AC%E5%AE%8C%E5%BE%97%E7%83%A7%E4%B8%89%E5%A4%A9%23
2026-07-25,2026-07-25T15:27:25+08:00,微博,热搜榜,微博热搜榜,,28,申遗成功后中方代表嘴角压不住了,民生新闻,热度 219420；新；民生新闻领域热度TOP5,,申遗成功后中方代表嘴角压不住了,,https://s.weibo.com/weibo?q=%23%E7%94%B3%E9%81%97%E6%88%90%E5%8A%9F%E5%90%8E%E4%B8%AD%E6%96%B9%E4%BB%A3%E8%A1%A8%E5%98%B4%E8%A7%92%E5%8E%8B%E4%B8%8D%E4%BD%8F%E4%BA%86%23
2026-07-25,2026-07-25T15:27:25+08:00,微博,热搜榜,微博热搜榜,,29,王冰冰再演短剧,剧集,热度 219055；剧集领域热度TOP4,,王冰冰再演短剧,['王冰冰'],https://s.weibo.com/weibo?q=%23%E7%8E%8B%E5%86%B0%E5%86%B0%E5%86%8D%E6%BC%94%E7%9F%AD%E5%89%A7%23
2026-07-25,2026-07-25T15:27:25+08:00,微博,热搜榜,微博热搜榜,,30,特朗普宣布新一轮加征关税,国际时政,热度 218739；国际时政领域热度TOP2,,特朗普宣布新一轮加征关税,,https://s.weibo.com/weibo?q=%23%E7%89%B9%E6%9C%97%E6%99%AE%E5%AE%A3%E5%B8%83%E6%96%B0%E4%B8%80%E8%BD%AE%E5%8A%A0%E5%BE%81%E5%85%B3%E7%A8%8E%23
2026-07-25,2026-07-25T15:27:25+08:00,微博,热搜榜,微博热搜榜,,31,恋与深空敖尹,游戏,热度 218353；游戏领域热度TOP1,,恋与深空敖尹,,https://s.weibo.com/weibo?q=%23%E6%81%8B%E4%B8%8E%E6%B7%B1%E7%A9%BA%E6%95%96%E5%B0%B9%23
2026-07-25,2026-07-25T15:27:25+08:00,微博,热搜榜,微博热搜榜,,32,苏新皓青岛演唱会现场红海,演出,热度 217883；新；演出领域热度TOP4,,苏新皓青岛演唱会现场红海,演出,https://s.weibo.com/weibo?q=%23%E8%8B%8F%E6%96%B0%E7%9A%93%E9%9D%92%E5%B2%9B%E6%BC%94%E5%94%B1%E4%BC%9A%E7%8E%B0%E5%9C%BA%E7%BA%A2%E6%B5%B7%23
2026-07-25,2026-07-25T15:27:25+08:00,微博,热搜榜,微博热搜榜,,33,邹市明带了消磁身份证去离婚,综艺,热度 217723；新；综艺领域热度TOP2,,邹市明带了消磁身份证去离婚,综艺,https://s.weibo.com/weibo?q=%23%E9%82%B9%E5%B8%82%E6%98%8E%E5%B8%A6%E4%BA%86%E6%B6%88%E7%A3%81%E8%BA%AB%E4%BB%BD%E8%AF%81%E5%8E%BB%E7%A6%BB%E5%A9%9A%23
2026-07-25,2026-07-25T15:27:25+08:00,微博,热搜榜,微博热搜榜,,34,菲尔兹奖美国得主因中文太好走红,民生新闻,热度 212165；民生新闻领域热度TOP6,,菲尔兹奖美国得主因中文太好走红,,https://s.weibo.com/weibo?q=%23%E8%8F%B2%E5%B0%94%E5%85%B9%E5%A5%96%E7%BE%8E%E5%9B%BD%E5%BE%97%E4%B8%BB%E5%9B%A0%E4%B8%AD%E6%96%87%E5%A4%AA%E5%A5%BD%E8%B5%B0%E7%BA%A2%23
2026-07-25,2026-07-25T15:27:25+08:00,微博,热搜榜,微博热搜榜,,35,王一博排位赛结束,艺人,热度 207357；艺人领域热度TOP8,,王一博排位赛结束,['王一博'],https://s.weibo.com/weibo?q=%23%E7%8E%8B%E4%B8%80%E5%8D%9A%E6%8E%92%E4%BD%8D%E8%B5%9B%E7%BB%93%E6%9D%9F%23
2026-07-25,2026-07-25T15:27:25+08:00,微博,热搜榜,微博热搜榜,,36,唐禹哲苏小轩二胎得女,艺人,热度 200691；新；艺人领域热度TOP9,,唐禹哲苏小轩二胎得女,"['唐禹哲', '小轩']",https://s.weibo.com/weibo?q=%23%E5%94%90%E7%A6%B9%E5%93%B2%E8%8B%8F%E5%B0%8F%E8%BD%A9%E4%BA%8C%E8%83%8E%E5%BE%97%E5%A5%B3%23
2026-07-25,2026-07-25T15:27:25+08:00,微博,热搜榜,微博热搜榜,,37,10岁孩子救了一栋楼,民生新闻,热度 194957；新；民生新闻领域热度TOP7,,10岁孩子救了一栋楼,,https://s.weibo.com/weibo?q=%2310%E5%B2%81%E5%AD%A9%E5%AD%90%E6%95%91%E4%BA%86%E4%B8%80%E6%A0%8B%E6%A5%BC%23
2026-07-25,2026-07-25T15:27:25+08:00,微博,热搜榜,微博热搜榜,,38,国乐无双李宇春谈原生家庭氛围,综艺,热度 190269；新；综艺领域热度TOP24,,国乐无双李宇春谈原生家庭氛围,综艺,https://s.weibo.com/weibo?q=%23%E5%9B%BD%E4%B9%90%E6%97%A0%E5%8F%8C%E6%9D%8E%E5%AE%87%E6%98%A5%E8%B0%88%E5%8E%9F%E7%94%9F%E5%AE%B6%E5%BA%AD%E6%B0%9B%E5%9B%B4%23
2026-07-25,2026-07-25T15:27:25+08:00,微博,热搜榜,微博热搜榜,,39,刘宇宁一口生鹿肉直接表情失控,综艺,热度 190053；新；综艺领域热度TOP3,,刘宇宁一口生鹿肉直接表情失控,综艺,https://s.weibo.com/weibo?q=%23%E5%88%98%E5%AE%87%E5%AE%81%E4%B8%80%E5%8F%A3%E7%94%9F%E9%B9%BF%E8%82%89%E7%9B%B4%E6%8E%A5%E8%A1%A8%E6%83%85%E5%A4%B1%E6%8E%A7%23
2026-07-25,2026-07-25T15:27:25+08:00,微博,热搜榜,微博热搜榜,,40,携程回应被罚51.79亿,民生新闻,热度 189894；民生新闻领域热度TOP8,,携程回应被罚51.79亿,,https://s.weibo.com/weibo?q=%23%E6%90%BA%E7%A8%8B%E5%9B%9E%E5%BA%94%E8%A2%AB%E7%BD%9A51.79%E4%BA%BF%23
2026-07-25,2026-07-25T15:27:25+08:00,微博,热搜榜,微博热搜榜,,41,TheShy回应Xiaohu,电竞,热度 187579；新；电竞领域热度TOP1,,TheShy回应Xiaohu,,https://s.weibo.com/weibo?q=%23TheShy%E5%9B%9E%E5%BA%94Xiaohu%23
2026-07-25,2026-07-25T15:27:25+08:00,微博,热搜榜,微博热搜榜,,42,邓煜母亲在菲尔兹奖现场发朋友圈,科学科普,热度 181792；新；科学科普领域热度TOP1,,邓煜母亲在菲尔兹奖现场发朋友圈,,https://s.weibo.com/weibo?q=%23%E9%82%93%E7%85%9C%E6%AF%8D%E4%BA%B2%E5%9C%A8%E8%8F%B2%E5%B0%94%E5%85%B9%E5%A5%96%E7%8E%B0%E5%9C%BA%E5%8F%91%E6%9C%8B%E5%8F%8B%E5%9C%88%23
2026-07-25,2026-07-25T15:27:25+08:00,微博,热搜榜,微博热搜榜,,43,JDG对战WB,电竞,热度 180123；新；电竞领域热度TOP2,,JDG对战WB,,https://s.weibo.com/weibo?q=%23JDG%E5%AF%B9%E6%88%98WB%23
2026-07-25,2026-07-25T15:27:25+08:00,微博,热搜榜,微博热搜榜,,44,林一身高190体重68公斤,艺人,热度 179416；新；艺人领域热度TOP10,,林一身高190体重68公斤,['林一'],https://s.weibo.com/weibo?q=%23%E6%9E%97%E4%B8%80%E8%BA%AB%E9%AB%98190%E4%BD%93%E9%87%8D68%E5%85%AC%E6%96%A4%23
2026-07-25,2026-07-25T15:27:25+08:00,微博,热搜榜,微博热搜榜,,45,功夫女足票房破18亿,电影,热度 176434；新；电影领域热度TOP1,,功夫女足票房破18亿,电影,https://s.weibo.com/weibo?q=%23%E5%8A%9F%E5%A4%AB%E5%A5%B3%E8%B6%B3%E7%A5%A8%E6%88%BF%E7%A0%B418%E4%BA%BF%23
2026-07-25,2026-07-25T15:27:25+08:00,微博,热搜榜,微博热搜榜,,46,亳州市公安局成立调查组,舆论监督,热度 162381；新；舆论监督领域热度TOP1,,亳州市公安局成立调查组,,https://s.weibo.com/weibo?q=%23%E4%BA%B3%E5%B7%9E%E5%B8%82%E5%85%AC%E5%AE%89%E5%B1%80%E6%88%90%E7%AB%8B%E8%B0%83%E6%9F%A5%E7%BB%84%23
2026-07-25,2026-07-25T15:27:25+08:00,微博,热搜榜,微博热搜榜,,47,李宏毅剧宣时的表情,剧集,热度 161377；剧集领域热度TOP5,,李宏毅剧宣时的表情,['李宏毅'],https://s.weibo.com/weibo?q=%23%E6%9D%8E%E5%AE%8F%E6%AF%85%E5%89%A7%E5%AE%A3%E6%97%B6%E7%9A%84%E8%A1%A8%E6%83%85%23
2026-07-25,2026-07-25T15:27:25+08:00,微博,热搜榜,微博热搜榜,,48,詹姆斯加盟76人内幕,体育,热度 160357；新；体育领域热度TOP7,,詹姆斯加盟76人内幕,,https://s.weibo.com/weibo?q=%23%E8%A9%B9%E5%A7%86%E6%96%AF%E5%8A%A0%E7%9B%9F76%E4%BA%BA%E5%86%85%E5%B9%95%23
2026-07-25,2026-07-25T15:27:25+08:00,微博,热搜榜,微博热搜榜,,49,英伟达与SK集团推出5000亿美元AI计划,数码,热度 159042；数码领域热度TOP1,,英伟达与SK集团推出5000亿美元AI计划,,https://s.weibo.com/weibo?q=%23%E8%8B%B1%E4%BC%9F%E8%BE%BE%E4%B8%8ESK%E9%9B%86%E5%9B%A2%E6%8E%A8%E5%87%BA5000%E4%BA%BF%E7%BE%8E%E5%85%83AI%E8%AE%A1%E5%88%92%23
2026-07-25,2026-07-25T15:27:25+08:00,微博,热搜榜,微博热搜榜,,50,特朗普称詹姆斯是种族主义者,国际时政,热度 158966；国际时政领域热度TOP3,,特朗普称詹姆斯是种族主义者,,https://s.weibo.com/weibo?q=%23%E7%89%B9%E6%9C%97%E6%99%AE%E7%A7%B0%E8%A9%B9%E5%A7%86%E6%96%AF%E6%98%AF%E7%A7%8D%E6%97%8F%E4%B8%BB%E4%B9%89%E8%80%85%23
2026-07-25,2026-07-25T15:27:25+08:00,微博,文娱热搜榜,微博热搜榜-文娱条目,,1,孔雪儿一个人努力好心酸,剧集,总榜排名 4；热度 1181616；热；剧集领域热度TOP1,,孔雪儿一个人努力好心酸,['孔雪儿'],https://s.weibo.com/weibo?q=%23%E5%AD%94%E9%9B%AA%E5%84%BF%E4%B8%80%E4%B8%AA%E4%BA%BA%E5%8A%AA%E5%8A%9B%E5%A5%BD%E5%BF%83%E9%85%B8%23
2026-07-25,2026-07-25T15:27:25+08:00,微博,文娱热搜榜,微博热搜榜-文娱条目,,2,宋威龙觉得和张婧仪缺一个婚纱照,剧集,总榜排名 10；热度 465222；剧集领域热度TOP2,,宋威龙觉得和张婧仪缺一个婚纱照,剧集,https://s.weibo.com/weibo?q=%23%E5%AE%8B%E5%A8%81%E9%BE%99%E8%A7%89%E5%BE%97%E5%92%8C%E5%BC%A0%E5%A9%A7%E4%BB%AA%E7%BC%BA%E4%B8%80%E4%B8%AA%E5%A9%9A%E7%BA%B1%E7%85%A7%23
2026-07-25,2026-07-25T15:27:25+08:00,微博,文娱热搜榜,微博热搜榜-文娱条目,,3,郭碧婷称你们最好永远误解,艺人,总榜排名 12；热度 444828；热；艺人领域热度TOP3,,郭碧婷称你们最好永远误解,['郭碧婷'],https://s.weibo.com/weibo?q=%23%E9%83%AD%E7%A2%A7%E5%A9%B7%E7%A7%B0%E4%BD%A0%E4%BB%AC%E6%9C%80%E5%A5%BD%E6%B0%B8%E8%BF%9C%E8%AF%AF%E8%A7%A3%23
2026-07-25,2026-07-25T15:27:25+08:00,微博,文娱热搜榜,微博热搜榜-文娱条目,,4,曝讲真打布洛芬,网红,总榜排名 13；热度 429666；网红领域热度TOP1,,曝讲真打布洛芬,,https://s.weibo.com/weibo?q=%23%E6%9B%9D%E8%AE%B2%E7%9C%9F%E6%89%93%E5%B8%83%E6%B4%9B%E8%8A%AC%23
2026-07-25,2026-07-25T15:27:25+08:00,微博,文娱热搜榜,微博热搜榜-文娱条目,,5,曲婉婷点赞冰雪女王梗,艺人,总榜排名 15；热度 402368；艺人领域热度TOP4,,曲婉婷点赞冰雪女王梗,['曲婉婷'],https://s.weibo.com/weibo?q=%23%E6%9B%B2%E5%A9%89%E5%A9%B7%E7%82%B9%E8%B5%9E%E5%86%B0%E9%9B%AA%E5%A5%B3%E7%8E%8B%E6%A2%97%23
2026-07-25,2026-07-25T15:27:25+08:00,微博,文娱热搜榜,微博热搜榜-文娱条目,,6,TOP青岛演唱会伴手礼,演出,总榜排名 17；热度 380405；新；演出领域热度TOP2,,TOP青岛演唱会伴手礼,演出,https://s.weibo.com/weibo?q=%23TOP%E9%9D%92%E5%B2%9B%E6%BC%94%E5%94%B1%E4%BC%9A%E4%BC%B4%E6%89%8B%E7%A4%BC%23
2026-07-25,2026-07-25T15:27:25+08:00,微博,文娱热搜榜,微博热搜榜-文娱条目,,7,宋威龙现偶一年双爆,剧集,总榜排名 21；热度 222101；剧集领域热度TOP3,,宋威龙现偶一年双爆,剧集,https://s.weibo.com/weibo?q=%23%E5%AE%8B%E5%A8%81%E9%BE%99%E7%8E%B0%E5%81%B6%E4%B8%80%E5%B9%B4%E5%8F%8C%E7%88%86%23
2026-07-25,2026-07-25T15:27:25+08:00,微博,文娱热搜榜,微博热搜榜-文娱条目,,8,郭碧婷说什么叫我给人家生孩子,艺人,总榜排名 22；热度 221896；艺人领域热度TOP5,,郭碧婷说什么叫我给人家生孩子,['郭碧婷'],https://s.weibo.com/weibo?q=%23%E9%83%AD%E7%A2%A7%E5%A9%B7%E8%AF%B4%E4%BB%80%E4%B9%88%E5%8F%AB%E6%88%91%E7%BB%99%E4%BA%BA%E5%AE%B6%E7%94%9F%E5%AD%A9%E5%AD%90%23
2026-07-25,2026-07-25T15:27:25+08:00,微博,文娱热搜榜,微博热搜榜-文娱条目,,9,TOP青岛演唱会,演出,总榜排名 25；热度 220824；新；演出领域热度TOP3,,TOP青岛演唱会,演出,https://s.weibo.com/weibo?q=%23TOP%E9%9D%92%E5%B2%9B%E6%BC%94%E5%94%B1%E4%BC%9A%23
2026-07-25,2026-07-25T15:27:25+08:00,微博,文娱热搜榜,微博热搜榜-文娱条目,,10,丁程鑫一只手戴戒指一只手戴支具,综艺,总榜排名 26；热度 220313；新；综艺领域热度TOP1,,丁程鑫一只手戴戒指一只手戴支具,综艺,https://s.weibo.com/weibo?q=%23%E4%B8%81%E7%A8%8B%E9%91%AB%E4%B8%80%E5%8F%AA%E6%89%8B%E6%88%B4%E6%88%92%E6%8C%87%E4%B8%80%E5%8F%AA%E6%89%8B%E6%88%B4%E6%94%AF%E5%85%B7%23
2026-07-25,2026-07-25T15:27:25+08:00,微博,文娱热搜榜,微博热搜榜-文娱条目,,11,王冰冰再演短剧,剧集,总榜排名 29；热度 219055；剧集领域热度TOP4,,王冰冰再演短剧,['王冰冰'],https://s.weibo.com/weibo?q=%23%E7%8E%8B%E5%86%B0%E5%86%B0%E5%86%8D%E6%BC%94%E7%9F%AD%E5%89%A7%23
2026-07-25,2026-07-25T15:27:25+08:00,微博,文娱热搜榜,微博热搜榜-文娱条目,,12,苏新皓青岛演唱会现场红海,演出,总榜排名 32；热度 217883；新；演出领域热度TOP4,,苏新皓青岛演唱会现场红海,演出,https://s.weibo.com/weibo?q=%23%E8%8B%8F%E6%96%B0%E7%9A%93%E9%9D%92%E5%B2%9B%E6%BC%94%E5%94%B1%E4%BC%9A%E7%8E%B0%E5%9C%BA%E7%BA%A2%E6%B5%B7%23
2026-07-25,2026-07-25T15:27:25+08:00,微博,文娱热搜榜,微博热搜榜-文娱条目,,13,邹市明带了消磁身份证去离婚,综艺,总榜排名 33；热度 217723；新；综艺领域热度TOP2,,邹市明带了消磁身份证去离婚,综艺,https://s.weibo.com/weibo?q=%23%E9%82%B9%E5%B8%82%E6%98%8E%E5%B8%A6%E4%BA%86%E6%B6%88%E7%A3%81%E8%BA%AB%E4%BB%BD%E8%AF%81%E5%8E%BB%E7%A6%BB%E5%A9%9A%23
2026-07-25,2026-07-25T15:27:25+08:00,微博,文娱热搜榜,微博热搜榜-文娱条目,,14,王一博排位赛结束,艺人,总榜排名 35；热度 207357；艺人领域热度TOP8,,王一博排位赛结束,['王一博'],https://s.weibo.com/weibo?q=%23%E7%8E%8B%E4%B8%80%E5%8D%9A%E6%8E%92%E4%BD%8D%E8%B5%9B%E7%BB%93%E6%9D%9F%23
2026-07-25,2026-07-25T15:27:25+08:00,微博,文娱热搜榜,微博热搜榜-文娱条目,,15,唐禹哲苏小轩二胎得女,艺人,总榜排名 36；热度 200691；新；艺人领域热度TOP9,,唐禹哲苏小轩二胎得女,"['唐禹哲', '小轩']",https://s.weibo.com/weibo?q=%23%E5%94%90%E7%A6%B9%E5%93%B2%E8%8B%8F%E5%B0%8F%E8%BD%A9%E4%BA%8C%E8%83%8E%E5%BE%97%E5%A5%B3%23
2026-07-25,2026-07-25T15:27:25+08:00,微博,文娱热搜榜,微博热搜榜-文娱条目,,16,国乐无双李宇春谈原生家庭氛围,综艺,总榜排名 38；热度 190269；新；综艺领域热度TOP24,,国乐无双李宇春谈原生家庭氛围,综艺,https://s.weibo.com/weibo?q=%23%E5%9B%BD%E4%B9%90%E6%97%A0%E5%8F%8C%E6%9D%8E%E5%AE%87%E6%98%A5%E8%B0%88%E5%8E%9F%E7%94%9F%E5%AE%B6%E5%BA%AD%E6%B0%9B%E5%9B%B4%23
2026-07-25,2026-07-25T15:27:25+08:00,微博,文娱热搜榜,微博热搜榜-文娱条目,,17,刘宇宁一口生鹿肉直接表情失控,综艺,总榜排名 39；热度 190053；新；综艺领域热度TOP3,,刘宇宁一口生鹿肉直接表情失控,综艺,https://s.weibo.com/weibo?q=%23%E5%88%98%E5%AE%87%E5%AE%81%E4%B8%80%E5%8F%A3%E7%94%9F%E9%B9%BF%E8%82%89%E7%9B%B4%E6%8E%A5%E8%A1%A8%E6%83%85%E5%A4%B1%E6%8E%A7%23
2026-07-25,2026-07-25T15:27:25+08:00,微博,文娱热搜榜,微博热搜榜-文娱条目,,18,林一身高190体重68公斤,艺人,总榜排名 44；热度 179416；新；艺人领域热度TOP10,,林一身高190体重68公斤,['林一'],https://s.weibo.com/weibo?q=%23%E6%9E%97%E4%B8%80%E8%BA%AB%E9%AB%98190%E4%BD%93%E9%87%8D68%E5%85%AC%E6%96%A4%23
2026-07-25,2026-07-25T15:27:25+08:00,微博,文娱热搜榜,微博热搜榜-文娱条目,,19,功夫女足票房破18亿,电影,总榜排名 45；热度 176434；新；电影领域热度TOP1,,功夫女足票房破18亿,电影,https://s.weibo.com/weibo?q=%23%E5%8A%9F%E5%A4%AB%E5%A5%B3%E8%B6%B3%E7%A5%A8%E6%88%BF%E7%A0%B418%E4%BA%BF%23
2026-07-25,2026-07-25T15:27:25+08:00,微博,文娱热搜榜,微博热搜榜-文娱条目,,20,李宏毅剧宣时的表情,剧集,总榜排名 47；热度 161377；剧集领域热度TOP5,,李宏毅剧宣时的表情,['李宏毅'],https://s.weibo.com/weibo?q=%23%E6%9D%8E%E5%AE%8F%E6%AF%85%E5%89%A7%E5%AE%A3%E6%97%B6%E7%9A%84%E8%A1%A8%E6%83%85%23
