snapshot_date,captured_at,platform,chart,official_chart,platform_date,rank,song_name,artist,chart_metric,duration,song_id,album_id,source_url
2026-09-17,2026-09-17T12:59:18+08:00,QQ音乐,热歌榜,热歌榜,2026-09-17,1,我不难过,孙燕姿,0,,8136,004VSvF52mQoQp,https://y.qq.com/n/ryqq/toplist/26
2026-09-17,2026-09-17T12:59:18+08:00,QQ音乐,热歌榜,热歌榜,2026-09-17,2,茶汤,郁可唯,上升 2,,4936030,002iWKlh2DcjFL,https://y.qq.com/n/ryqq/toplist/26
2026-09-17,2026-09-17T12:59:18+08:00,QQ音乐,热歌榜,热歌榜,2026-09-17,3,泪海,许茹芸,下降 1,,106585340,001Ugmj01giuzO,https://y.qq.com/n/ryqq/toplist/26
2026-09-17,2026-09-17T12:59:18+08:00,QQ音乐,热歌榜,热歌榜,2026-09-17,4,甲乙丙丁 (你我怎么两清),李佳薇,下降 1,,696262512,00446QRA1fTdqA,https://y.qq.com/n/ryqq/toplist/26
2026-09-17,2026-09-17T12:59:18+08:00,QQ音乐,热歌榜,热歌榜,2026-09-17,5,恋人,李荣浩,上升 5,,496054946,004HaG7p4ZkhXA,https://y.qq.com/n/ryqq/toplist/26
2026-09-17,2026-09-17T12:59:18+08:00,QQ音乐,热歌榜,热歌榜,2026-09-17,6,情歌,梁静茹,上升 3,,462188,002E4IXe1ESUij,https://y.qq.com/n/ryqq/toplist/26
2026-09-17,2026-09-17T12:59:18+08:00,QQ音乐,热歌榜,热歌榜,2026-09-17,7,我记得,赵雷,上升 1,,372639235,003QIVDT3UB8zG,https://y.qq.com/n/ryqq/toplist/26
2026-09-17,2026-09-17T12:59:18+08:00,QQ音乐,热歌榜,热歌榜,2026-09-17,8,我怀念的,孙燕姿,上升 3,,5211338,000P3l050Olt27,https://y.qq.com/n/ryqq/toplist/26
2026-09-17,2026-09-17T12:59:18+08:00,QQ音乐,热歌榜,热歌榜,2026-09-17,9,开始懂了,孙燕姿,上升 3,,5646,004KRIQr1oCp2A,https://y.qq.com/n/ryqq/toplist/26
2026-09-17,2026-09-17T12:59:18+08:00,QQ音乐,热歌榜,热歌榜,2026-09-17,10,雨爱,杨丞琳,上升 3,,645819,000jcKFG0sQrD0,https://y.qq.com/n/ryqq/toplist/26
2026-09-17,2026-09-17T12:59:18+08:00,QQ音乐,热歌榜,热歌榜,2026-09-17,11,爱错,王力宏,上升 3,,105905415,002ElVxf43rOue,https://y.qq.com/n/ryqq/toplist/26
2026-09-17,2026-09-17T12:59:18+08:00,QQ音乐,热歌榜,热歌榜,2026-09-17,12,特别的人,方大同,上升 3,,5293866,000GvdTR0qcKh8,https://y.qq.com/n/ryqq/toplist/26
2026-09-17,2026-09-17T12:59:18+08:00,QQ音乐,热歌榜,热歌榜,2026-09-17,13,雨终曲,宋雨琦 (YUQI) (우기),下降 8,,724436660,004bOIbU1KQ93o,https://y.qq.com/n/ryqq/toplist/26
2026-09-17,2026-09-17T12:59:18+08:00,QQ音乐,热歌榜,热歌榜,2026-09-17,14,Always Online,林俊杰,上升 2,,447257,002g6zv02X7SNi,https://y.qq.com/n/ryqq/toplist/26
2026-09-17,2026-09-17T12:59:18+08:00,QQ音乐,热歌榜,热歌榜,2026-09-17,15,失眠,Suki刘舒妤,上升 2,,4733575,002xCeeN4EJ1Ke,https://y.qq.com/n/ryqq/toplist/26
2026-09-17,2026-09-17T12:59:18+08:00,QQ音乐,热歌榜,热歌榜,2026-09-17,16,唯一,G.E.M.邓紫棋,上升 3,,438910555,002d6m7k0xCbSv,https://y.qq.com/n/ryqq/toplist/26
2026-09-17,2026-09-17T12:59:18+08:00,QQ音乐,热歌榜,热歌榜,2026-09-17,17,春娇与志明,街道办GDC/欧阳耀莹,上升 4,,205357640,000lrXyA0MlEEo,https://y.qq.com/n/ryqq/toplist/26
2026-09-17,2026-09-17T12:59:18+08:00,QQ音乐,热歌榜,热歌榜,2026-09-17,18,阴天,莫文蔚,上升 4,,4830345,000hTTJN3oScZr,https://y.qq.com/n/ryqq/toplist/26
2026-09-17,2026-09-17T12:59:18+08:00,QQ音乐,热歌榜,热歌榜,2026-09-17,19,红色高跟鞋,蔡健雅,上升 5,,624649,002dOge41xlS8x,https://y.qq.com/n/ryqq/toplist/26
2026-09-17,2026-09-17T12:59:18+08:00,QQ音乐,热歌榜,热歌榜,2026-09-17,20,演员,薛之谦,0,,102636799,003y8dsH2wBHlo,https://y.qq.com/n/ryqq/toplist/26
2026-09-17,2026-09-17T12:59:18+08:00,QQ音乐,热歌榜,热歌榜,2026-09-17,21,遇见,孙燕姿,上升 7,,8145,002ehzTm0TxXC2,https://y.qq.com/n/ryqq/toplist/26
2026-09-17,2026-09-17T12:59:18+08:00,QQ音乐,热歌榜,热歌榜,2026-09-17,22,雨过后的风景,Dizzy Dizzo (蔡诗芸),上升 3,,1960263,0038xSkp1EcVBf,https://y.qq.com/n/ryqq/toplist/26
2026-09-17,2026-09-17T12:59:18+08:00,QQ音乐,热歌榜,热歌榜,2026-09-17,23,盛夏的果实,莫文蔚,0,,4830161,000KeV8l1PIjxt,https://y.qq.com/n/ryqq/toplist/26
2026-09-17,2026-09-17T12:59:18+08:00,QQ音乐,热歌榜,热歌榜,2026-09-17,24,富士山下,陈奕迅,上升 2,,260678,004Z85XP1c25b7,https://y.qq.com/n/ryqq/toplist/26
2026-09-17,2026-09-17T12:59:18+08:00,QQ音乐,热歌榜,热歌榜,2026-09-17,25,江南,林俊杰,上升 2,,9063002,000y5gq7449K9I,https://y.qq.com/n/ryqq/toplist/26
2026-09-17,2026-09-17T12:59:18+08:00,QQ音乐,热歌榜,热歌榜,2026-09-17,26,最佳损友,陈奕迅,上升 3,,1338414,002FT46H18G1jW,https://y.qq.com/n/ryqq/toplist/26
2026-09-17,2026-09-17T12:59:18+08:00,QQ音乐,热歌榜,热歌榜,2026-09-17,27,琵琶曲,郑浩/冰洁,上升 3,,627317850,002PmUzc12N5S7,https://y.qq.com/n/ryqq/toplist/26
2026-09-17,2026-09-17T12:59:18+08:00,QQ音乐,热歌榜,热歌榜,2026-09-17,28,偏爱,张芸京,上升 7,,473137,003ha6C92GRuVE,https://y.qq.com/n/ryqq/toplist/26
2026-09-17,2026-09-17T12:59:18+08:00,QQ音乐,热歌榜,热歌榜,2026-09-17,29,多远都要在一起,G.E.M.邓紫棋,上升 5,,102174489,003c616O2Zlswm,https://y.qq.com/n/ryqq/toplist/26
2026-09-17,2026-09-17T12:59:18+08:00,QQ音乐,热歌榜,热歌榜,2026-09-17,30,我们俩,郭顶,上升 6,,105413206,003sMyYb4HZAAz,https://y.qq.com/n/ryqq/toplist/26
2026-09-17,2026-09-17T12:59:18+08:00,QQ音乐,热歌榜,热歌榜,2026-09-17,31,樱花草,Sweety,上升 2,,481456,000pKXff1doeOd,https://y.qq.com/n/ryqq/toplist/26
2026-09-17,2026-09-17T12:59:18+08:00,QQ音乐,热歌榜,热歌榜,2026-09-17,32,美人鱼,林俊杰,上升 5,,95292,000y5gq7449K9I,https://y.qq.com/n/ryqq/toplist/26
2026-09-17,2026-09-17T12:59:18+08:00,QQ音乐,热歌榜,热歌榜,2026-09-17,33,玻璃,Gareth.T,上升 8,,666124541,002kIED92uw8L5,https://y.qq.com/n/ryqq/toplist/26
2026-09-17,2026-09-17T12:59:18+08:00,QQ音乐,热歌榜,热歌榜,2026-09-17,34,青花,周传雄,上升 5,,102204539,001Vj7aX0PixwV,https://y.qq.com/n/ryqq/toplist/26
2026-09-17,2026-09-17T12:59:18+08:00,QQ音乐,热歌榜,热歌榜,2026-09-17,35,十年,陈奕迅,上升 7,,4830342,000GDz8k03UOaI,https://y.qq.com/n/ryqq/toplist/26
2026-09-17,2026-09-17T12:59:18+08:00,QQ音乐,热歌榜,热歌榜,2026-09-17,36,素颜,许嵩/何曼婷,上升 2,,101813361,0035f8nw11cjkf,https://y.qq.com/n/ryqq/toplist/26
2026-09-17,2026-09-17T12:59:18+08:00,QQ音乐,热歌榜,热歌榜,2026-09-17,37,如愿,王菲,上升 8,,326584182,004Kbn3m2HV9Y3,https://y.qq.com/n/ryqq/toplist/26
2026-09-17,2026-09-17T12:59:18+08:00,QQ音乐,热歌榜,热歌榜,2026-09-17,38,成都,赵雷,下降 7,,200790315,003ltiMR4RSrgo,https://y.qq.com/n/ryqq/toplist/26
2026-09-17,2026-09-17T12:59:18+08:00,QQ音乐,热歌榜,热歌榜,2026-09-17,39,碎碎念,队长,上升 7,,448738462,000DTFwk0oV4YR,https://y.qq.com/n/ryqq/toplist/26
2026-09-17,2026-09-17T12:59:18+08:00,QQ音乐,热歌榜,热歌榜,2026-09-17,40,晴天,周杰伦,上升 3,,97773,000MkMni19ClKG,https://y.qq.com/n/ryqq/toplist/26
2026-09-17,2026-09-17T12:59:18+08:00,QQ音乐,热歌榜,热歌榜,2026-09-17,41,其实,薛之谦,上升 3,,104775877,000QgFcm0v8WaF,https://y.qq.com/n/ryqq/toplist/26
2026-09-17,2026-09-17T12:59:18+08:00,QQ音乐,热歌榜,热歌榜,2026-09-17,42,鼓楼,赵雷,上升 12,,200549981,000jE4g74VS43p,https://y.qq.com/n/ryqq/toplist/26
2026-09-17,2026-09-17T12:59:18+08:00,QQ音乐,热歌榜,热歌榜,2026-09-17,43,ANGEL (天使),尹美莱 (윤미래)/Tiger JK/Bizzy (비지),上升 19,,101138130,000qiKcT05rSr9,https://y.qq.com/n/ryqq/toplist/26
2026-09-17,2026-09-17T12:59:18+08:00,QQ音乐,热歌榜,热歌榜,2026-09-17,44,黄昏,周传雄,上升 7,,526713,001U6x8f2uJhig,https://y.qq.com/n/ryqq/toplist/26
2026-09-17,2026-09-17T12:59:18+08:00,QQ音乐,热歌榜,热歌榜,2026-09-17,45,幻听,许嵩,上升 8,,1531817,004RbL3b0BDIe2,https://y.qq.com/n/ryqq/toplist/26
2026-09-17,2026-09-17T12:59:18+08:00,QQ音乐,热歌榜,热歌榜,2026-09-17,46,海阔天空,BEYOND,上升 6,,4835784,002qcJuX3lO3EZ,https://y.qq.com/n/ryqq/toplist/26
2026-09-17,2026-09-17T12:59:18+08:00,QQ音乐,热歌榜,热歌榜,2026-09-17,47,爱我还是他,陶喆,0,,7211247,003ofGzS3C23Ow,https://y.qq.com/n/ryqq/toplist/26
2026-09-17,2026-09-17T12:59:18+08:00,QQ音乐,热歌榜,热歌榜,2026-09-17,48,不将就,李荣浩,上升 1,,102367085,001fi1zG0EjU2u,https://y.qq.com/n/ryqq/toplist/26
2026-09-17,2026-09-17T12:59:18+08:00,QQ音乐,热歌榜,热歌榜,2026-09-17,49,TWINROSE,刘竞屿/熊艺文,新进,,724805533,000lai3A2r9D9E,https://y.qq.com/n/ryqq/toplist/26
2026-09-17,2026-09-17T12:59:18+08:00,QQ音乐,热歌榜,热歌榜,2026-09-17,50,她,刘宇宁,下降 10,,718438327,0009ERg64Rxwzu,https://y.qq.com/n/ryqq/toplist/26
2026-09-17,2026-09-17T12:59:18+08:00,QQ音乐,热歌榜,热歌榜,2026-09-17,51,下完这场雨,后弦,上升 13,,108787382,004ZXlA63dZBCa,https://y.qq.com/n/ryqq/toplist/26
2026-09-17,2026-09-17T12:59:18+08:00,QQ音乐,热歌榜,热歌榜,2026-09-17,52,认真的雪,薛之谦,下降 4,,1333803,003mUYW22JXKVK,https://y.qq.com/n/ryqq/toplist/26
2026-09-17,2026-09-17T12:59:18+08:00,QQ音乐,热歌榜,热歌榜,2026-09-17,53,冻结,林俊杰,上升 4,,101659148,002vlOfM1X5TQ0,https://y.qq.com/n/ryqq/toplist/26
2026-09-17,2026-09-17T12:59:18+08:00,QQ音乐,热歌榜,热歌榜,2026-09-17,54,我好像在哪见过你,薛之谦,下降 4,,107439472,000dcZ9I1nzO62,https://y.qq.com/n/ryqq/toplist/26
2026-09-17,2026-09-17T12:59:18+08:00,QQ音乐,热歌榜,热歌榜,2026-09-17,55,出现又离开 (Live),梁博,上升 5,,231594573,000eQZ1q4g6AsF,https://y.qq.com/n/ryqq/toplist/26
2026-09-17,2026-09-17T12:59:18+08:00,QQ音乐,热歌榜,热歌榜,2026-09-17,56,离开我的依赖,王艳薇,上升 5,,253383943,004CSyAN1oc97b,https://y.qq.com/n/ryqq/toplist/26
2026-09-17,2026-09-17T12:59:18+08:00,QQ音乐,热歌榜,热歌榜,2026-09-17,57,瞬,郑润泽,上升 1,,422061155,001qvyI10urb5z,https://y.qq.com/n/ryqq/toplist/26
2026-09-17,2026-09-17T12:59:18+08:00,QQ音乐,热歌榜,热歌榜,2026-09-17,58,天外来物,薛之谦,下降 2,,272125057,000K9Zp13TZp5s,https://y.qq.com/n/ryqq/toplist/26
2026-09-17,2026-09-17T12:59:18+08:00,QQ音乐,热歌榜,热歌榜,2026-09-17,59,会呼吸的痛,梁静茹,0,,411228,002oy2Mp3I8Rgo,https://y.qq.com/n/ryqq/toplist/26
2026-09-17,2026-09-17T12:59:18+08:00,QQ音乐,热歌榜,热歌榜,2026-09-17,60,心墙,郭静,上升 8,,474797,003EHcB24J8t9Z,https://y.qq.com/n/ryqq/toplist/26
2026-09-17,2026-09-17T12:59:18+08:00,QQ音乐,热歌榜,热歌榜,2026-09-17,61,泡沫,G.E.M.邓紫棋,上升 4,,1530858,002YFufr4bXZyI,https://y.qq.com/n/ryqq/toplist/26
2026-09-17,2026-09-17T12:59:18+08:00,QQ音乐,热歌榜,热歌榜,2026-09-17,62,我好想你 (苏打绿版),苏打绿,上升 1,,4884947,004QF5kp0jgyba,https://y.qq.com/n/ryqq/toplist/26
2026-09-17,2026-09-17T12:59:18+08:00,QQ音乐,热歌榜,热歌榜,2026-09-17,63,坏女孩,徐良/小凌,上升 7,,7112749,002apRhZ4Bq99d,https://y.qq.com/n/ryqq/toplist/26
2026-09-17,2026-09-17T12:59:18+08:00,QQ音乐,热歌榜,热歌榜,2026-09-17,64,爱情讯息,郭静,上升 5,,876549,003PKZMI1Wyx1A,https://y.qq.com/n/ryqq/toplist/26
2026-09-17,2026-09-17T12:59:18+08:00,QQ音乐,热歌榜,热歌榜,2026-09-17,65,I Love You But I Gotta Let You Go (NINGNING Solo),aespa (에스파),下降 58,,725336534,001hZRBF1VCiQN,https://y.qq.com/n/ryqq/toplist/26
2026-09-17,2026-09-17T12:59:18+08:00,QQ音乐,热歌榜,热歌榜,2026-09-17,66,第57次取消发送,菲菲公主（陆绮菲）,上升 6,,560063927,000KrDC019mc82,https://y.qq.com/n/ryqq/toplist/26
2026-09-17,2026-09-17T12:59:18+08:00,QQ音乐,热歌榜,热歌榜,2026-09-17,67,我们的歌,王力宏,上升 7,,102193483,002Zwh5p4HgecI,https://y.qq.com/n/ryqq/toplist/26
2026-09-17,2026-09-17T12:59:18+08:00,QQ音乐,热歌榜,热歌榜,2026-09-17,68,葡萄成熟时,陈奕迅,下降 1,,1251167,003J6fvc0bVJon,https://y.qq.com/n/ryqq/toplist/26
2026-09-17,2026-09-17T12:59:18+08:00,QQ音乐,热歌榜,热歌榜,2026-09-17,69,Letting Go,蔡健雅,上升 2,,1030353,001aC9dM35U6KB,https://y.qq.com/n/ryqq/toplist/26
2026-09-17,2026-09-17T12:59:18+08:00,QQ音乐,热歌榜,热歌榜,2026-09-17,70,至少还有你,林忆莲,上升 6,,102204563,001JqgRv0mRHEQ,https://y.qq.com/n/ryqq/toplist/26
2026-09-17,2026-09-17T12:59:18+08:00,QQ音乐,热歌榜,热歌榜,2026-09-17,71,勇气,梁静茹,上升 7,,4830164,001DEgPu1004bl,https://y.qq.com/n/ryqq/toplist/26
2026-09-17,2026-09-17T12:59:18+08:00,QQ音乐,热歌榜,热歌榜,2026-09-17,72,修炼爱情,林俊杰,上升 7,,5063375,001gqOnU3DTg2S,https://y.qq.com/n/ryqq/toplist/26
2026-09-17,2026-09-17T12:59:18+08:00,QQ音乐,热歌榜,热歌榜,2026-09-17,73,背对背拥抱,林俊杰,上升 2,,648231,002C0kX720gMQi,https://y.qq.com/n/ryqq/toplist/26
2026-09-17,2026-09-17T12:59:18+08:00,QQ音乐,热歌榜,热歌榜,2026-09-17,74,野心家,张靓颖,上升 11,,591592617,003TmXW52e0F4P,https://y.qq.com/n/ryqq/toplist/26
2026-09-17,2026-09-17T12:59:18+08:00,QQ音乐,热歌榜,热歌榜,2026-09-17,75,落了白,蒋雪儿Snow.J,上升 5,,285994795,001vZDq92ImKof,https://y.qq.com/n/ryqq/toplist/26
2026-09-17,2026-09-17T12:59:18+08:00,QQ音乐,热歌榜,热歌榜,2026-09-17,76,如果可以,韦礼安,上升 6,,330977131,003WBcyJ1siUkh,https://y.qq.com/n/ryqq/toplist/26
2026-09-17,2026-09-17T12:59:18+08:00,QQ音乐,热歌榜,热歌榜,2026-09-17,77,茶花开了，该回家了,王睿卓/加木,上升 15,,553433850,001KCGcF29Na3i,https://y.qq.com/n/ryqq/toplist/26
2026-09-17,2026-09-17T12:59:18+08:00,QQ音乐,热歌榜,热歌榜,2026-09-17,78,后来,刘若英,下降 1,,4830150,0017zqT34WuQwa,https://y.qq.com/n/ryqq/toplist/26
2026-09-17,2026-09-17T12:59:18+08:00,QQ音乐,热歌榜,热歌榜,2026-09-17,79,无名的人,毛不易,上升 9,,336582682,002mPgSG01LLtu,https://y.qq.com/n/ryqq/toplist/26
2026-09-17,2026-09-17T12:59:18+08:00,QQ音乐,热歌榜,热歌榜,2026-09-17,80,可不可以,张紫豪,上升 3,,213958134,004VR1w241uBhB,https://y.qq.com/n/ryqq/toplist/26
2026-09-17,2026-09-17T12:59:18+08:00,QQ音乐,热歌榜,热歌榜,2026-09-17,81,倒数,G.E.M.邓紫棋,上升 10,,215540451,003cKIKZ1J4Yyu,https://y.qq.com/n/ryqq/toplist/26
2026-09-17,2026-09-17T12:59:18+08:00,QQ音乐,热歌榜,热歌榜,2026-09-17,82,程艾影,赵雷,下降 16,,372639323,003QIVDT3UB8zG,https://y.qq.com/n/ryqq/toplist/26
2026-09-17,2026-09-17T12:59:18+08:00,QQ音乐,热歌榜,热歌榜,2026-09-17,83,有何不可,许嵩,上升 10,,102296985,002KSDg90IaScI,https://y.qq.com/n/ryqq/toplist/26
2026-09-17,2026-09-17T12:59:18+08:00,QQ音乐,热歌榜,热歌榜,2026-09-17,84,IF YOU,BIGBANG (빅뱅),上升 14,,102793935,001xpUdt2jEjWu,https://y.qq.com/n/ryqq/toplist/26
2026-09-17,2026-09-17T12:59:18+08:00,QQ音乐,热歌榜,热歌榜,2026-09-17,85,光年之外,G.E.M.邓紫棋,上升 10,,200255722,001mTkmb4GJlh4,https://y.qq.com/n/ryqq/toplist/26
2026-09-17,2026-09-17T12:59:18+08:00,QQ音乐,热歌榜,热歌榜,2026-09-17,86,刻在我心底的名字,卢广仲,上升 1,,316472364,004QG0W52P5GUq,https://y.qq.com/n/ryqq/toplist/26
2026-09-17,2026-09-17T12:59:18+08:00,QQ音乐,热歌榜,热歌榜,2026-09-17,87,我知道,BY2,下降 6,,470336,001P410a0Iq4K0,https://y.qq.com/n/ryqq/toplist/26
2026-09-17,2026-09-17T12:59:18+08:00,QQ音乐,热歌榜,热歌榜,2026-09-17,88,明天过后,张杰,下降 2,,273032694,000pVkCf3KsUQ9,https://y.qq.com/n/ryqq/toplist/26
2026-09-17,2026-09-17T12:59:18+08:00,QQ音乐,热歌榜,热歌榜,2026-09-17,89,句号,G.E.M.邓紫棋,上升 7,,247347346,0049MVh824D7bM,https://y.qq.com/n/ryqq/toplist/26
2026-09-17,2026-09-17T12:59:18+08:00,QQ音乐,热歌榜,热歌榜,2026-09-17,90,愿与愁,林俊杰,上升 4,,405007729,004ZOIop1doXru,https://y.qq.com/n/ryqq/toplist/26
2026-09-17,2026-09-17T12:59:18+08:00,QQ音乐,热歌榜,热歌榜,2026-09-17,91,空心,光泽,上升 24,,200390803,001vjIoV01nThA,https://y.qq.com/n/ryqq/toplist/26
2026-09-17,2026-09-17T12:59:18+08:00,QQ音乐,热歌榜,热歌榜,2026-09-17,92,麦恩莉,方大同,上升 5,,2550926,000ih4iv3HCmno,https://y.qq.com/n/ryqq/toplist/26
2026-09-17,2026-09-17T12:59:18+08:00,QQ音乐,热歌榜,热歌榜,2026-09-17,93,最后一页,江语晨,上升 8,,721636,003FO4XF40Ky8L,https://y.qq.com/n/ryqq/toplist/26
2026-09-17,2026-09-17T12:59:18+08:00,QQ音乐,热歌榜,热歌榜,2026-09-17,94,梦哑,任然,上升 6,,670769297,000JotAZ2WZEkq,https://y.qq.com/n/ryqq/toplist/26
2026-09-17,2026-09-17T12:59:18+08:00,QQ音乐,热歌榜,热歌榜,2026-09-17,95,下一个天亮,郭静,下降 6,,876541,003PKZMI1Wyx1A,https://y.qq.com/n/ryqq/toplist/26
2026-09-17,2026-09-17T12:59:18+08:00,QQ音乐,热歌榜,热歌榜,2026-09-17,96,同花顺,林倛玉,上升 10,,103970682,004789lA4cH3Kq,https://y.qq.com/n/ryqq/toplist/26
2026-09-17,2026-09-17T12:59:18+08:00,QQ音乐,热歌榜,热歌榜,2026-09-17,97,读心术,卓文萱,上升 8,,1130991,004Xux2V0Phif9,https://y.qq.com/n/ryqq/toplist/26
2026-09-17,2026-09-17T12:59:18+08:00,QQ音乐,热歌榜,热歌榜,2026-09-17,98,闭目入神,郑中基,下降 25,,96440,004bb67O0ABuHL,https://y.qq.com/n/ryqq/toplist/26
2026-09-17,2026-09-17T12:59:18+08:00,QQ音乐,热歌榜,热歌榜,2026-09-17,99,天黑黑,孙燕姿,上升 20,,5211222,002UZ9ob4Ecg0S,https://y.qq.com/n/ryqq/toplist/26
2026-09-17,2026-09-17T12:59:18+08:00,QQ音乐,热歌榜,热歌榜,2026-09-17,100,人儿啊请慢下来,石满仓,上升 107,,723963838,0016yQUL3M7OWt,https://y.qq.com/n/ryqq/toplist/26
2026-09-17,2026-09-17T12:59:18+08:00,QQ音乐,飙升榜,飙升榜,2026-09-17,1,TWINROSE,刘竞屿/熊艺文,热度 34%,,724805533,000lai3A2r9D9E,https://y.qq.com/n/ryqq/toplist/62
2026-09-17,2026-09-17T12:59:18+08:00,QQ音乐,飙升榜,飙升榜,2026-09-17,2,茶汤,郁可唯,热度 27%,,4936030,002iWKlh2DcjFL,https://y.qq.com/n/ryqq/toplist/62
2026-09-17,2026-09-17T12:59:18+08:00,QQ音乐,飙升榜,飙升榜,2026-09-17,3,同归人,鹭卓,热度 12%,,725477742,001dR6DN4aBi6s,https://y.qq.com/n/ryqq/toplist/62
2026-09-17,2026-09-17T12:59:18+08:00,QQ音乐,飙升榜,飙升榜,2026-09-17,4,不是真的爱我,孙燕姿,热度 12%,,5652,004U2Cn83dZlWt,https://y.qq.com/n/ryqq/toplist/62
2026-09-17,2026-09-17T12:59:18+08:00,QQ音乐,飙升榜,飙升榜,2026-09-17,5,朋友(Friend),ONER,热度 10%,,725379410,0042WyEi1mFA7W,https://y.qq.com/n/ryqq/toplist/62
2026-09-17,2026-09-17T12:59:18+08:00,QQ音乐,飙升榜,飙升榜,2026-09-17,6,泪海,许茹芸,热度 9%,,106585340,001Ugmj01giuzO,https://y.qq.com/n/ryqq/toplist/62
2026-09-17,2026-09-17T12:59:18+08:00,QQ音乐,飙升榜,飙升榜,2026-09-17,7,If The Sun Burns Out Tonight (feat. Oli Sykes & Courtney LaPlante) (炽日将烬),无畏契约/Grabbitz/Oli Sykes/Courtney Laplante,热度 7%,,726209712,003za1wU3CHrFg,https://y.qq.com/n/ryqq/toplist/62
2026-09-17,2026-09-17T12:59:18+08:00,QQ音乐,飙升榜,飙升榜,2026-09-17,8,Do your dance,RIIZE (라이즈),热度 7%,,667505865,001psyJR497cto,https://y.qq.com/n/ryqq/toplist/62
2026-09-17,2026-09-17T12:59:18+08:00,QQ音乐,飙升榜,飙升榜,2026-09-17,9,爱情陷阱,谭咏麟,热度 6%,,102381350,002DuAUN31XtKF,https://y.qq.com/n/ryqq/toplist/62
2026-09-17,2026-09-17T12:59:18+08:00,QQ音乐,飙升榜,飙升榜,2026-09-17,10,牡丹亭,浅影阿,热度 6%,,715894658,002oqXGl2YFXsJ,https://y.qq.com/n/ryqq/toplist/62
2026-09-17,2026-09-17T12:59:18+08:00,QQ音乐,飙升榜,飙升榜,2026-09-17,11,大小姐,苏醒AllenSu,热度 5%,,717293215,0024QyvN2VDr97,https://y.qq.com/n/ryqq/toplist/62
2026-09-17,2026-09-17T12:59:18+08:00,QQ音乐,飙升榜,飙升榜,2026-09-17,12,千秋,孙楠,热度 5%,,101798580,001mD4xI1ZsxLI,https://y.qq.com/n/ryqq/toplist/62
2026-09-17,2026-09-17T12:59:18+08:00,QQ音乐,飙升榜,飙升榜,2026-09-17,13,风月吻眉梢,礼越,热度 5%,,586620109,001NXQwE1ywPDV,https://y.qq.com/n/ryqq/toplist/62
2026-09-17,2026-09-17T12:59:18+08:00,QQ音乐,飙升榜,飙升榜,2026-09-17,14,Star Crossing Night (feat. GALI),徐明浩/GALI,热度 4%,,599967147,004dw7qr31AOdc,https://y.qq.com/n/ryqq/toplist/62
2026-09-17,2026-09-17T12:59:18+08:00,QQ音乐,飙升榜,飙升榜,2026-09-17,15,森林狂想曲,黛青塔娜,热度 4%,,718103864,000pg0l8390qmz,https://y.qq.com/n/ryqq/toplist/62
2026-09-17,2026-09-17T12:59:18+08:00,QQ音乐,飙升榜,飙升榜,2026-09-17,16,天黑黑,孙燕姿,热度 4%,,5211222,002UZ9ob4Ecg0S,https://y.qq.com/n/ryqq/toplist/62
2026-09-17,2026-09-17T12:59:18+08:00,QQ音乐,飙升榜,飙升榜,2026-09-17,17,望月 (美声女教授),江枝婉,热度 4%,,723401152,003Wwf1u1mX6he,https://y.qq.com/n/ryqq/toplist/62
2026-09-17,2026-09-17T12:59:18+08:00,QQ音乐,飙升榜,飙升榜,2026-09-17,18,半句再见,孙燕姿,热度 3%,,213446637,003c8Hsp0OrnXY,https://y.qq.com/n/ryqq/toplist/62
2026-09-17,2026-09-17T12:59:18+08:00,QQ音乐,飙升榜,飙升榜,2026-09-17,19,为你我受冷风吹,林忆莲,热度 3%,,4935175,002Un0ie1Y37xL,https://y.qq.com/n/ryqq/toplist/62
2026-09-17,2026-09-17T12:59:18+08:00,QQ音乐,飙升榜,飙升榜,2026-09-17,20,D-D-Done,RIIZE (라이즈),热度 3%,,667505863,001psyJR497cto,https://y.qq.com/n/ryqq/toplist/62
2026-09-17,2026-09-17T12:59:18+08:00,QQ音乐,飙升榜,飙升榜,2026-09-17,21,满纸长情,熊艺文/刘竞屿,热度 3%,,687251772,002KPZ59035SK7,https://y.qq.com/n/ryqq/toplist/62
2026-09-17,2026-09-17T12:59:18+08:00,QQ音乐,飙升榜,飙升榜,2026-09-17,22,会好一点吗,孟美岐,热度 3%,,725357241,003Qhdqh3squTw,https://y.qq.com/n/ryqq/toplist/62
2026-09-17,2026-09-17T12:59:18+08:00,QQ音乐,飙升榜,飙升榜,2026-09-17,23,我不难过,孙燕姿,热度 3%,,8136,004VSvF52mQoQp,https://y.qq.com/n/ryqq/toplist/62
2026-09-17,2026-09-17T12:59:18+08:00,QQ音乐,飙升榜,飙升榜,2026-09-17,24,相思,杰夫李Jeffrey,热度 3%,,725373524,000llgWl1PRjGh,https://y.qq.com/n/ryqq/toplist/62
2026-09-17,2026-09-17T12:59:18+08:00,QQ音乐,飙升榜,飙升榜,2026-09-17,25,No photo of you left to survey（one day when I was twenty）,冬妍DYan,热度 3%,,723354858,003kIV9e1utoDU,https://y.qq.com/n/ryqq/toplist/62
2026-09-17,2026-09-17T12:59:18+08:00,QQ音乐,飙升榜,飙升榜,2026-09-17,26,明知故犯（you know that I feel bad）,一泰/南风,热度 3%,,724791002,004YDrm04PJGb9,https://y.qq.com/n/ryqq/toplist/62
2026-09-17,2026-09-17T12:59:18+08:00,QQ音乐,飙升榜,飙升榜,2026-09-17,27,不是对手,李圣杰,热度 3%,,4932608,000PqsbU0ZdEk8,https://y.qq.com/n/ryqq/toplist/62
2026-09-17,2026-09-17T12:59:18+08:00,QQ音乐,飙升榜,飙升榜,2026-09-17,28,하루하루 (一天一天),BIGBANG (빅뱅),热度 2%,,7086704,002Z9cl22TWRYU,https://y.qq.com/n/ryqq/toplist/62
2026-09-17,2026-09-17T12:59:18+08:00,QQ音乐,飙升榜,飙升榜,2026-09-17,29,我以为,品冠,热度 2%,,180178,0007xAFh0pl4KK,https://y.qq.com/n/ryqq/toplist/62
2026-09-17,2026-09-17T12:59:18+08:00,QQ音乐,飙升榜,飙升榜,2026-09-17,30,离人,张学友,热度 2%,,4822860,000W50Ni1rt0ep,https://y.qq.com/n/ryqq/toplist/62
2026-09-17,2026-09-17T12:59:18+08:00,QQ音乐,飙升榜,飙升榜,2026-09-17,31,我听人说思念像风一样,雪山阿木,热度 2%,,717500544,002whLGe0pIIEg,https://y.qq.com/n/ryqq/toplist/62
2026-09-17,2026-09-17T12:59:18+08:00,QQ音乐,飙升榜,飙升榜,2026-09-17,32,Counting Stars,OneRepublic,热度 2%,,229660624,003B9BDD0fD8AH,https://y.qq.com/n/ryqq/toplist/62
2026-09-17,2026-09-17T12:59:18+08:00,QQ音乐,飙升榜,飙升榜,2026-09-17,33,眼泪成诗,孙燕姿,热度 2%,,97253,0019FoJV2aPJiz,https://y.qq.com/n/ryqq/toplist/62
2026-09-17,2026-09-17T12:59:18+08:00,QQ音乐,飙升榜,飙升榜,2026-09-17,34,回到你身边 (让你知道),h3R3刘清云,热度 2%,,692095638,0031yTwA0yq3b5,https://y.qq.com/n/ryqq/toplist/62
2026-09-17,2026-09-17T12:59:18+08:00,QQ音乐,飙升榜,飙升榜,2026-09-17,35,BLUE (蓝色),BIGBANG (빅뱅),热度 2%,,1148636,001FFpMe09To1V,https://y.qq.com/n/ryqq/toplist/62
2026-09-17,2026-09-17T12:59:18+08:00,QQ音乐,飙升榜,飙升榜,2026-09-17,36,开始懂了,孙燕姿,热度 2%,,5646,004KRIQr1oCp2A,https://y.qq.com/n/ryqq/toplist/62
2026-09-17,2026-09-17T12:59:18+08:00,QQ音乐,飙升榜,飙升榜,2026-09-17,37,See You Again,Wiz Khalifa/Charlie Puth,热度 2%,,105539549,004Ws4fG3pT6eA,https://y.qq.com/n/ryqq/toplist/62
2026-09-17,2026-09-17T12:59:18+08:00,QQ音乐,飙升榜,飙升榜,2026-09-17,38,情深深雨濛濛 (R&B版),DinDin,热度 2%,,636213572,001mIgSY0Esd9c,https://y.qq.com/n/ryqq/toplist/62
2026-09-17,2026-09-17T12:59:18+08:00,QQ音乐,飙升榜,飙升榜,2026-09-17,39,淋一场雨,LBI利比（时柏尘）,热度 2%,,501210660,000j7ojf3ZTAy3,https://y.qq.com/n/ryqq/toplist/62
2026-09-17,2026-09-17T12:59:18+08:00,QQ音乐,飙升榜,飙升榜,2026-09-17,40,雨天,孙燕姿,热度 2%,,100893820,000VMnoi2Lgt44,https://y.qq.com/n/ryqq/toplist/62
2026-09-17,2026-09-17T12:59:18+08:00,QQ音乐,飙升榜,飙升榜,2026-09-17,41,离地两万里,李俊宜（宜宝）,热度 2%,,725401188,002sskLa3Ht1PO,https://y.qq.com/n/ryqq/toplist/62
2026-09-17,2026-09-17T12:59:18+08:00,QQ音乐,飙升榜,飙升榜,2026-09-17,42,多余的解释,许嵩,热度 2%,,460866,002KSDg90IaScI,https://y.qq.com/n/ryqq/toplist/62
2026-09-17,2026-09-17T12:59:18+08:00,QQ音乐,飙升榜,飙升榜,2026-09-17,43,We Don't Talk Anymore,Charlie Puth/Selena Gomez,热度 2%,,105539541,004Ws4fG3pT6eA,https://y.qq.com/n/ryqq/toplist/62
2026-09-17,2026-09-17T12:59:18+08:00,QQ音乐,飙升榜,飙升榜,2026-09-17,44,Tik Tok,2PM (투피엠)/尹恩惠 (윤은혜),热度 2%,,106001351,002iS2SD4Cp5KS,https://y.qq.com/n/ryqq/toplist/62
2026-09-17,2026-09-17T12:59:18+08:00,QQ音乐,飙升榜,飙升榜,2026-09-17,45,幻听,许嵩,热度 2%,,1531817,004RbL3b0BDIe2,https://y.qq.com/n/ryqq/toplist/62
2026-09-17,2026-09-17T12:59:18+08:00,QQ音乐,飙升榜,飙升榜,2026-09-17,46,千里之外,周杰伦/费玉清,热度 2%,,102698215,002jLGWe16Tf1H,https://y.qq.com/n/ryqq/toplist/62
2026-09-17,2026-09-17T12:59:18+08:00,QQ音乐,飙升榜,飙升榜,2026-09-17,47,黑蝴蝶,张胜希,热度 2%,,725356369,003po0CF1wj03b,https://y.qq.com/n/ryqq/toplist/62
2026-09-17,2026-09-17T12:59:18+08:00,QQ音乐,飙升榜,飙升榜,2026-09-17,48,那天下雨了,周杰伦,热度 2%,,649556362,0041WVfh2vtlJE,https://y.qq.com/n/ryqq/toplist/62
2026-09-17,2026-09-17T12:59:18+08:00,QQ音乐,飙升榜,飙升榜,2026-09-17,49,做梦,黄泥,热度 2%,,723831728,004E3kik1Mr2EF,https://y.qq.com/n/ryqq/toplist/62
2026-09-17,2026-09-17T12:59:18+08:00,QQ音乐,飙升榜,飙升榜,2026-09-17,50,比恋人多点恨,任然,热度 2%,,724809138,0022ODEL2CeI2r,https://y.qq.com/n/ryqq/toplist/62
2026-09-17,2026-09-17T12:59:18+08:00,QQ音乐,飙升榜,飙升榜,2026-09-17,51,云会带我去呀,何美延/梁老师T.Song/梁喜九,热度 2%,,724430963,004cpoz92fdAu8,https://y.qq.com/n/ryqq/toplist/62
2026-09-17,2026-09-17T12:59:18+08:00,QQ音乐,飙升榜,飙升榜,2026-09-17,52,Sunset Glow (红霞),BIGBANG (빅뱅),热度 2%,,877202,001nNbRx0Io0rZ,https://y.qq.com/n/ryqq/toplist/62
2026-09-17,2026-09-17T12:59:18+08:00,QQ音乐,飙升榜,飙升榜,2026-09-17,53,天龙八部之宿敌,许嵩,热度 1%,,4829554,002JzRQD2zjvxG,https://y.qq.com/n/ryqq/toplist/62
2026-09-17,2026-09-17T12:59:18+08:00,QQ音乐,飙升榜,飙升榜,2026-09-17,54,将错,JS/听潮阁,热度 1%,,725786491,000KyyUP1VJ0oq,https://y.qq.com/n/ryqq/toplist/62
2026-09-17,2026-09-17T12:59:18+08:00,QQ音乐,飙升榜,飙升榜,2026-09-17,55,无言感激,谭咏麟,热度 1%,,1287074,002FBcIb3sA7x3,https://y.qq.com/n/ryqq/toplist/62
2026-09-17,2026-09-17T12:59:18+08:00,QQ音乐,飙升榜,飙升榜,2026-09-17,56,自由的味道,曾轶可,热度 1%,,725135429,002PodGT2YaF1Y,https://y.qq.com/n/ryqq/toplist/62
2026-09-17,2026-09-17T12:59:18+08:00,QQ音乐,飙升榜,飙升榜,2026-09-17,57,逆光,孙燕姿,热度 1%,,5211334,000P3l050Olt27,https://y.qq.com/n/ryqq/toplist/62
2026-09-17,2026-09-17T12:59:18+08:00,QQ音乐,飙升榜,飙升榜,2026-09-17,58,同道,李佳薇,热度 1%,,725475128,0047Ik9r4TS71X,https://y.qq.com/n/ryqq/toplist/62
2026-09-17,2026-09-17T12:59:18+08:00,QQ音乐,飙升榜,飙升榜,2026-09-17,59,嘉宾,张远,热度 1%,,281506863,00498Sbg1wnDAY,https://y.qq.com/n/ryqq/toplist/62
2026-09-17,2026-09-17T12:59:18+08:00,QQ音乐,飙升榜,飙升榜,2026-09-17,60,像风一样,薛之谦,热度 1%,,207323048,001L7UIu3GXVtT,https://y.qq.com/n/ryqq/toplist/62
2026-09-17,2026-09-17T12:59:18+08:00,QQ音乐,飙升榜,飙升榜,2026-09-17,61,执子之手,宝石Gem/哩哩,热度 1%,,382212594,003aL8Lm48lfHR,https://y.qq.com/n/ryqq/toplist/62
2026-09-17,2026-09-17T12:59:18+08:00,QQ音乐,飙升榜,飙升榜,2026-09-17,62,我听见了，你的痛苦成立,供销社乐队,热度 1%,,683134249,00303kd94Gqzxu,https://y.qq.com/n/ryqq/toplist/62
2026-09-17,2026-09-17T12:59:18+08:00,QQ音乐,飙升榜,飙升榜,2026-09-17,63,LOSER (失败者),BIGBANG (빅뱅),热度 1%,,102376507,00078fT84A2h6x,https://y.qq.com/n/ryqq/toplist/62
2026-09-17,2026-09-17T12:59:18+08:00,QQ音乐,飙升榜,飙升榜,2026-09-17,64,遇见,孙燕姿,热度 1%,,8145,002ehzTm0TxXC2,https://y.qq.com/n/ryqq/toplist/62
2026-09-17,2026-09-17T12:59:18+08:00,QQ音乐,飙升榜,飙升榜,2026-09-17,65,翅膀,曾轶可,热度 1%,,725135333,002PodGT2YaF1Y,https://y.qq.com/n/ryqq/toplist/62
2026-09-17,2026-09-17T12:59:18+08:00,QQ音乐,飙升榜,飙升榜,2026-09-17,66,交给时间斑驳,供销社乐队,热度 1%,,636258932,000Aj3Xp0rOVmk,https://y.qq.com/n/ryqq/toplist/62
2026-09-17,2026-09-17T12:59:18+08:00,QQ音乐,飙升榜,飙升榜,2026-09-17,67,迷失拉斯维加斯,曾轶可,热度 1%,,725135320,002PodGT2YaF1Y,https://y.qq.com/n/ryqq/toplist/62
2026-09-17,2026-09-17T12:59:18+08:00,QQ音乐,飙升榜,飙升榜,2026-09-17,68,泪海,大头针 Official,热度 1%,,611461349,002INzCH3hOoxd,https://y.qq.com/n/ryqq/toplist/62
2026-09-17,2026-09-17T12:59:18+08:00,QQ音乐,飙升榜,飙升榜,2026-09-17,69,麻花情,海来阿木,热度 1%,,724656962,002RiR871tVNtY,https://y.qq.com/n/ryqq/toplist/62
2026-09-17,2026-09-17T12:59:18+08:00,QQ音乐,飙升榜,飙升榜,2026-09-17,70,上海情歌,曾轶可,热度 1%,,725135358,002PodGT2YaF1Y,https://y.qq.com/n/ryqq/toplist/62
2026-09-17,2026-09-17T12:59:18+08:00,QQ音乐,飙升榜,飙升榜,2026-09-17,71,我怀念的,孙燕姿,热度 1%,,5211338,000P3l050Olt27,https://y.qq.com/n/ryqq/toplist/62
2026-09-17,2026-09-17T12:59:18+08:00,QQ音乐,飙升榜,飙升榜,2026-09-17,72,一生中最爱,谭咏麟,热度 1%,,4829696,0018tEZm032RCk,https://y.qq.com/n/ryqq/toplist/62
2026-09-17,2026-09-17T12:59:18+08:00,QQ音乐,飙升榜,飙升榜,2026-09-17,73,没有你是漫长雨季,梓渝,热度 1%,,718554421,0035Y3b01o1BsG,https://y.qq.com/n/ryqq/toplist/62
2026-09-17,2026-09-17T12:59:18+08:00,QQ音乐,飙升榜,飙升榜,2026-09-17,74,爱像尘埃石沉大海,Mogoo蘑菇,热度 1%,,724835231,0023Rvh94HPB9Q,https://y.qq.com/n/ryqq/toplist/62
2026-09-17,2026-09-17T12:59:18+08:00,QQ音乐,飙升榜,飙升榜,2026-09-17,75,Whatever Happens,Michael Jackson/Carlos Santana,热度 1%,,315453,003fmcI10dzkHT,https://y.qq.com/n/ryqq/toplist/62
2026-09-17,2026-09-17T12:59:18+08:00,QQ音乐,飙升榜,飙升榜,2026-09-17,76,若此生缘太浅（庄周一生梦一蝶）,黄静美/亦瑶,热度 1%,,722725266,0020QFA20oSI6P,https://y.qq.com/n/ryqq/toplist/62
2026-09-17,2026-09-17T12:59:18+08:00,QQ音乐,飙升榜,飙升榜,2026-09-17,77,青花瓷,周杰伦,热度 1%,,410316,002eFUFm2XYZ7z,https://y.qq.com/n/ryqq/toplist/62
2026-09-17,2026-09-17T12:59:18+08:00,QQ音乐,飙升榜,飙升榜,2026-09-17,78,绿光,孙燕姿,热度 1%,,5651,004U2Cn83dZlWt,https://y.qq.com/n/ryqq/toplist/62
2026-09-17,2026-09-17T12:59:18+08:00,QQ音乐,飙升榜,飙升榜,2026-09-17,79,我并不要求你,曾轶可,热度 1%,,725135376,002PodGT2YaF1Y,https://y.qq.com/n/ryqq/toplist/62
2026-09-17,2026-09-17T12:59:18+08:00,QQ音乐,飙升榜,飙升榜,2026-09-17,80,原来你什么都不要,孙燕姿,热度 1%,,491782,000FAIFd0r22m9,https://y.qq.com/n/ryqq/toplist/62
2026-09-17,2026-09-17T12:59:18+08:00,QQ音乐,飙升榜,飙升榜,2026-09-17,81,落了白,蒋雪儿Snow.J,热度 1%,,285994795,001vZDq92ImKof,https://y.qq.com/n/ryqq/toplist/62
2026-09-17,2026-09-17T12:59:18+08:00,QQ音乐,飙升榜,飙升榜,2026-09-17,82,异常加载中,TF家族/TF家族-张桂源/TF家族-张函瑞/TF家族-王橹杰/TF家族-左奇函/TF家族-陈奕恒/TF家族-杨博文/TF家族-陈思罕/TF家族-陈浚铭,热度 1%,,712778629,000bjZ7v0vnJHl,https://y.qq.com/n/ryqq/toplist/62
2026-09-17,2026-09-17T12:59:18+08:00,QQ音乐,飙升榜,飙升榜,2026-09-17,83,写故事的人,汪苏泷,热度 1%,,655794073,000A1M903iHvyT,https://y.qq.com/n/ryqq/toplist/62
2026-09-17,2026-09-17T12:59:18+08:00,QQ音乐,飙升榜,飙升榜,2026-09-17,84,我也很想他,孙燕姿,热度 1%,,5373,003CS0lX1DwEcN,https://y.qq.com/n/ryqq/toplist/62
2026-09-17,2026-09-17T12:59:18+08:00,QQ音乐,飙升榜,飙升榜,2026-09-17,85,青花,周传雄,热度 1%,,102204539,001Vj7aX0PixwV,https://y.qq.com/n/ryqq/toplist/62
2026-09-17,2026-09-17T12:59:18+08:00,QQ音乐,飙升榜,飙升榜,2026-09-17,86,BAE BAE,BIGBANG (빅뱅),热度 1%,,102376508,00078fT84A2h6x,https://y.qq.com/n/ryqq/toplist/62
2026-09-17,2026-09-17T12:59:18+08:00,QQ音乐,飙升榜,飙升榜,2026-09-17,87,FANTASTIC BABY,BIGBANG (빅뱅),热度 1%,,1166273,001FFpMe09To1V,https://y.qq.com/n/ryqq/toplist/62
2026-09-17,2026-09-17T12:59:18+08:00,QQ音乐,飙升榜,飙升榜,2026-09-17,88,Fly Up,RIIZE (라이즈),热度 1%,,576162267,003Nuudz4cBOug,https://y.qq.com/n/ryqq/toplist/62
2026-09-17,2026-09-17T12:59:18+08:00,QQ音乐,飙升榜,飙升榜,2026-09-17,89,爱你但说不出口,Karencici,热度 1%,,503135974,001LZP6s3Y3y5A,https://y.qq.com/n/ryqq/toplist/62
2026-09-17,2026-09-17T12:59:18+08:00,QQ音乐,飙升榜,飙升榜,2026-09-17,90,一路向北,周杰伦,热度 1%,,5105986,002MAeob3zLXwZ,https://y.qq.com/n/ryqq/toplist/62
2026-09-17,2026-09-17T12:59:18+08:00,QQ音乐,飙升榜,飙升榜,2026-09-17,91,发如雪,周杰伦,热度 1%,,718475,0024bjiL2aocxT,https://y.qq.com/n/ryqq/toplist/62
2026-09-17,2026-09-17T12:59:18+08:00,QQ音乐,飙升榜,飙升榜,2026-09-17,92,卡拉永远OK (Future Underworld Mix),谭咏麟,热度 1%,,157182,0046SvA41Mh5co,https://y.qq.com/n/ryqq/toplist/62
2026-09-17,2026-09-17T12:59:18+08:00,QQ音乐,飙升榜,飙升榜,2026-09-17,93,讲不出再见,谭咏麟,热度 1%,,1336591,002WT91x3wgdTo,https://y.qq.com/n/ryqq/toplist/62
2026-09-17,2026-09-17T12:59:18+08:00,QQ音乐,飙升榜,飙升榜,2026-09-17,94,BINGBIAN病变 (女声版),鞠文娴,热度 1%,,212859961,000zFECL2iqwch,https://y.qq.com/n/ryqq/toplist/62
2026-09-17,2026-09-17T12:59:18+08:00,QQ音乐,飙升榜,飙升榜,2026-09-17,95,Tonight,BIGBANG (빅뱅),热度 1%,,811866,001mGBvu1HyA2g,https://y.qq.com/n/ryqq/toplist/62
2026-09-17,2026-09-17T12:59:18+08:00,QQ音乐,飙升榜,飙升榜,2026-09-17,96,我要辞职了,小黑吃CD,热度 1%,,724265117,00404JwD1uugLH,https://y.qq.com/n/ryqq/toplist/62
2026-09-17,2026-09-17T12:59:18+08:00,QQ音乐,飙升榜,飙升榜,2026-09-17,97,情深深雨濛濛,杨胖雨,热度 1%,,232687484,002lM0pQ3ylmFW,https://y.qq.com/n/ryqq/toplist/62
2026-09-17,2026-09-17T12:59:18+08:00,QQ音乐,飙升榜,飙升榜,2026-09-17,98,新鸳鸯蝴蝶梦,黄安,热度 1%,,4829801,000H4sce1by4ys,https://y.qq.com/n/ryqq/toplist/62
2026-09-17,2026-09-17T12:59:18+08:00,QQ音乐,飙升榜,飙升榜,2026-09-17,99,结婚,曾轶可,热度 1%,,725135341,002PodGT2YaF1Y,https://y.qq.com/n/ryqq/toplist/62
2026-09-17,2026-09-17T12:59:18+08:00,QQ音乐,飙升榜,飙升榜,2026-09-17,100,Lies (谎言),BIGBANG (빅뱅),热度 1%,,7094913,0048pbv04daWud,https://y.qq.com/n/ryqq/toplist/62
2026-09-17,2026-09-17T12:59:18+08:00,酷狗音乐,热歌榜,酷狗TOP500,2026-09-17,1,甲乙丙丁 (你我怎么两清),李佳薇,,3:30,213D580CA0BDCC28A5FDBA995FFDA106,197648995,https://www.kugou.com/yy/rank/home/1-8888.html?from=rank
2026-09-17,2026-09-17T12:59:18+08:00,酷狗音乐,热歌榜,酷狗TOP500,2026-09-17,2,我不难过,孙燕姿,,5:20,3FD7E1EC51122C745C637735C8BDE716,965883,https://www.kugou.com/yy/rank/home/1-8888.html?from=rank
2026-09-17,2026-09-17T12:59:18+08:00,酷狗音乐,热歌榜,酷狗TOP500,2026-09-17,3,你有没有真的爱过我,阿图表妹,,4:03,FE39668F68770C3FB3BE57A3E86CCC10,190170015,https://www.kugou.com/yy/rank/home/1-8888.html?from=rank
2026-09-17,2026-09-17T12:59:18+08:00,酷狗音乐,热歌榜,酷狗TOP500,2026-09-17,4,泪海,许茹芸,,4:58,FBC174E7C22B9AF471B7B93A61751E1B,975212,https://www.kugou.com/yy/rank/home/1-8888.html?from=rank
2026-09-17,2026-09-17T12:59:18+08:00,酷狗音乐,热歌榜,酷狗TOP500,2026-09-17,5,山风山风等等我,万海东,,3:29,CE256D96F1F025D60468D8F0BC9EE64B,200106963,https://www.kugou.com/yy/rank/home/1-8888.html?from=rank
2026-09-17,2026-09-17T12:59:18+08:00,酷狗音乐,热歌榜,酷狗TOP500,2026-09-17,6,牡丹亭,浅影阿,,3:00,E3DDA5DFCDC44BCF146E2BDC3916779A,203271867,https://www.kugou.com/yy/rank/home/1-8888.html?from=rank
2026-09-17,2026-09-17T12:59:18+08:00,酷狗音乐,热歌榜,酷狗TOP500,2026-09-17,7,你不该权衡利弊,李婷雪,,3:49,B4EE7D20EADA2A043636B4E560663F29,203889405,https://www.kugou.com/yy/rank/home/1-8888.html?from=rank
2026-09-17,2026-09-17T12:59:18+08:00,酷狗音乐,热歌榜,酷狗TOP500,2026-09-17,8,茶花开了，该回家了,王睿卓、加木,,3:10,99F0F17B7C6F110346411E7AD552156D,133732298,https://www.kugou.com/yy/rank/home/1-8888.html?from=rank
2026-09-17,2026-09-17T12:59:18+08:00,酷狗音乐,热歌榜,酷狗TOP500,2026-09-17,9,茶汤,郁可唯,,5:09,187D31F57E1B299AFA2880635B20F69A,4012536,https://www.kugou.com/yy/rank/home/1-8888.html?from=rank
2026-09-17,2026-09-17T12:59:18+08:00,酷狗音乐,热歌榜,酷狗TOP500,2026-09-17,10,她,刘宇宁,,3:41,A46200A65547E5A267D10B1F32C6A3B1,204979963,https://www.kugou.com/yy/rank/home/1-8888.html?from=rank
2026-09-17,2026-09-17T12:59:18+08:00,酷狗音乐,热歌榜,酷狗TOP500,2026-09-17,11,人生路漫漫,白小白,,3:55,B8CA573A69DB5050C7EE0C1AB79144E5,179917533,https://www.kugou.com/yy/rank/home/1-8888.html?from=rank
2026-09-17,2026-09-17T12:59:18+08:00,酷狗音乐,热歌榜,酷狗TOP500,2026-09-17,12,如果累了就回故乡 (少年版),酷酷里、面妹孔佳奇,,3:50,02B553BC8BB80E6948A78DE0CF4ED354,203339346,https://www.kugou.com/yy/rank/home/1-8888.html?from=rank
2026-09-17,2026-09-17T12:59:18+08:00,酷狗音乐,热歌榜,酷狗TOP500,2026-09-17,13,泪海 (你怎么舍得让我的泪流向海),段俊,,3:24,C990ED71F7E9FC6A11279F1D6DE8F503,206839041,https://www.kugou.com/yy/rank/home/1-8888.html?from=rank
2026-09-17,2026-09-17T12:59:18+08:00,酷狗音乐,热歌榜,酷狗TOP500,2026-09-17,14,情歌,梁静茹,,4:20,72DB6DA75FFE23A3A6361BDB8F44D5F4,2997268,https://www.kugou.com/yy/rank/home/1-8888.html?from=rank
2026-09-17,2026-09-17T12:59:18+08:00,酷狗音乐,热歌榜,酷狗TOP500,2026-09-17,15,No photo of you left to survey (one day when I was twenty),冬妍DYan,,3:05,7523CFC6EDE31E4C56B30E5220A06B35,206681376,https://www.kugou.com/yy/rank/home/1-8888.html?from=rank
2026-09-17,2026-09-17T12:59:18+08:00,酷狗音乐,热歌榜,酷狗TOP500,2026-09-17,16,慢品人间烟火气 (微醺版),涂一乐,,2:21,D097F9EC5D9A175447E0A120DCEEF3B8,204334307,https://www.kugou.com/yy/rank/home/1-8888.html?from=rank
2026-09-17,2026-09-17T12:59:18+08:00,酷狗音乐,热歌榜,酷狗TOP500,2026-09-17,17,看淡,花姐,,3:54,9AEA353F161DFD90E16E9068047D1AB2,206162878,https://www.kugou.com/yy/rank/home/1-8888.html?from=rank
2026-09-17,2026-09-17T12:59:18+08:00,酷狗音乐,热歌榜,酷狗TOP500,2026-09-17,18,偏爱,张芸京,,3:33,4A544525C1F78DBDF25361DB0E255495,968788,https://www.kugou.com/yy/rank/home/1-8888.html?from=rank
2026-09-17,2026-09-17T12:59:18+08:00,酷狗音乐,热歌榜,酷狗TOP500,2026-09-17,19,樱花草,Sweety,,4:44,F0B01830164E4974A2AC9E85DD446D45,507451,https://www.kugou.com/yy/rank/home/1-8888.html?from=rank
2026-09-17,2026-09-17T12:59:18+08:00,酷狗音乐,热歌榜,酷狗TOP500,2026-09-17,20,敬岁月一杯酒,万海东,,3:32,C417C9621CD6D9A48DA79900D9B9502D,201889141,https://www.kugou.com/yy/rank/home/1-8888.html?from=rank
2026-09-17,2026-09-17T12:59:18+08:00,酷狗音乐,热歌榜,酷狗TOP500,2026-09-17,21,盛夏的果实,莫文蔚,,4:11,1C86CBC64AE9A6C3539A36CAADDF1A59,978378,https://www.kugou.com/yy/rank/home/1-8888.html?from=rank
2026-09-17,2026-09-17T12:59:18+08:00,酷狗音乐,热歌榜,酷狗TOP500,2026-09-17,22,恋人,李荣浩,,4:36,9DA7851E2BF83B18C74CBBAB461CEFDD,106374641,https://www.kugou.com/yy/rank/home/1-8888.html?from=rank
2026-09-17,2026-09-17T12:59:18+08:00,酷狗音乐,热歌榜,酷狗TOP500,2026-09-17,23,琵琶曲,郑浩、冰洁,,3:55,244A022D6CB3FDE50B24E76402053EB3,180917343,https://www.kugou.com/yy/rank/home/2-8888.html?from=rank
2026-09-17,2026-09-17T12:59:18+08:00,酷狗音乐,热歌榜,酷狗TOP500,2026-09-17,24,黄昏,周传雄,,5:44,7DE9A9CD041157F6BF3FE9FFBCF120E3,964612,https://www.kugou.com/yy/rank/home/2-8888.html?from=rank
2026-09-17,2026-09-17T12:59:18+08:00,酷狗音乐,热歌榜,酷狗TOP500,2026-09-17,25,开始懂了,孙燕姿,,4:32,93F260998A10F4AD6B46606AF5C8EC72,972102,https://www.kugou.com/yy/rank/home/2-8888.html?from=rank
2026-09-17,2026-09-17T12:59:18+08:00,酷狗音乐,热歌榜,酷狗TOP500,2026-09-17,26,失眠,Suki刘舒妤,,3:31,EC476A2009EF5DCAC13EDCD11870DF55,671621,https://www.kugou.com/yy/rank/home/2-8888.html?from=rank
2026-09-17,2026-09-17T12:59:18+08:00,酷狗音乐,热歌榜,酷狗TOP500,2026-09-17,27,雨过后的风景,Dizzy Dizzo (蔡诗芸),,4:03,E3F046EDB5EB76BBA5A44FFA3D8F8C42,974143,https://www.kugou.com/yy/rank/home/2-8888.html?from=rank
2026-09-17,2026-09-17T12:59:18+08:00,酷狗音乐,热歌榜,酷狗TOP500,2026-09-17,28,雨爱,杨丞琳,,4:21,2592FFA57A2D8B1A16F18D991B7098CD,2694607,https://www.kugou.com/yy/rank/home/2-8888.html?from=rank
2026-09-17,2026-09-17T12:59:18+08:00,酷狗音乐,热歌榜,酷狗TOP500,2026-09-17,29,再见太难,利得汇,,4:48,AFAA7ACF75FCF8DAC78C0AF7C40D3E9D,2996827,https://www.kugou.com/yy/rank/home/2-8888.html?from=rank
2026-09-17,2026-09-17T12:59:18+08:00,酷狗音乐,热歌榜,酷狗TOP500,2026-09-17,30,吹吹山顶的风,巴扎黑,,2:59,87311B26EDEE637CA1448E14230BCB68,198304563,https://www.kugou.com/yy/rank/home/2-8888.html?from=rank
2026-09-17,2026-09-17T12:59:18+08:00,酷狗音乐,热歌榜,酷狗TOP500,2026-09-17,31,岁月如笔写春秋,河南三妹5233,,4:11,5D4C2F9D994E5BECDC9BA0FBC6BD3DD8,191576482,https://www.kugou.com/yy/rank/home/2-8888.html?from=rank
2026-09-17,2026-09-17T12:59:18+08:00,酷狗音乐,热歌榜,酷狗TOP500,2026-09-17,32,时间能不能走慢点 (青春别散场live大合唱版),Lee 木子,,3:56,0E82477B4256D8DC3C620F762606C16A,204235408,https://www.kugou.com/yy/rank/home/2-8888.html?from=rank
2026-09-17,2026-09-17T12:59:18+08:00,酷狗音乐,热歌榜,酷狗TOP500,2026-09-17,33,落了白,蒋雪儿Snow.J,,3:01,74390D89B6BD2E18CFD7F25968EFD98A,40300587,https://www.kugou.com/yy/rank/home/2-8888.html?from=rank
2026-09-17,2026-09-17T12:59:18+08:00,酷狗音乐,热歌榜,酷狗TOP500,2026-09-17,34,山风不语,李琦,,2:53,B97ED08282533E429B6626A294EB67EF,207300018,https://www.kugou.com/yy/rank/home/2-8888.html?from=rank
2026-09-17,2026-09-17T12:59:18+08:00,酷狗音乐,热歌榜,酷狗TOP500,2026-09-17,35,我怀念的,孙燕姿,,4:49,1A3CAACB1E361DAF217A2383E9C8E292,984086,https://www.kugou.com/yy/rank/home/2-8888.html?from=rank
2026-09-17,2026-09-17T12:59:18+08:00,酷狗音乐,热歌榜,酷狗TOP500,2026-09-17,36,阴天,莫文蔚,,4:02,E4271CB5938F401AA283FBEA49223BF8,970575,https://www.kugou.com/yy/rank/home/2-8888.html?from=rank
2026-09-17,2026-09-17T12:59:18+08:00,酷狗音乐,热歌榜,酷狗TOP500,2026-09-17,37,我记得,赵雷,,5:30,8CE80CF10A01F37354D63E49C1B60B60,60018447,https://www.kugou.com/yy/rank/home/2-8888.html?from=rank
2026-09-17,2026-09-17T12:59:18+08:00,酷狗音乐,热歌榜,酷狗TOP500,2026-09-17,38,你往南走 (风往北刮),南歌,,3:18,1FC3B465CD5ACA8654A64BE5DE4E9A12,205420335,https://www.kugou.com/yy/rank/home/2-8888.html?from=rank
2026-09-17,2026-09-17T12:59:18+08:00,酷狗音乐,热歌榜,酷狗TOP500,2026-09-17,39,青花,周传雄,,4:58,09B46455BAE7C613ABD0DB362A5DDBDE,960448,https://www.kugou.com/yy/rank/home/2-8888.html?from=rank
2026-09-17,2026-09-17T12:59:18+08:00,酷狗音乐,热歌榜,酷狗TOP500,2026-09-17,40,大梦归,周深,,3:49,FCEDAF78465CD283E1DA72A8DEAC553A,206967328,https://www.kugou.com/yy/rank/home/2-8888.html?from=rank
2026-09-17,2026-09-17T12:59:18+08:00,酷狗音乐,热歌榜,酷狗TOP500,2026-09-17,41,晴天,周杰伦,,4:29,B3A52A7A958BF0AED0EBFBA2E9A818B7,966846,https://www.kugou.com/yy/rank/home/2-8888.html?from=rank
2026-09-17,2026-09-17T12:59:18+08:00,酷狗音乐,热歌榜,酷狗TOP500,2026-09-17,42,成都,赵雷,,5:28,A06B033B356BFC974C5245D0195086A5,1802652,https://www.kugou.com/yy/rank/home/2-8888.html?from=rank
2026-09-17,2026-09-17T12:59:18+08:00,酷狗音乐,热歌榜,酷狗TOP500,2026-09-17,43,如果回到那从前 (遗憾),刘纯,,3:18,0B2478BA6332B6F0E791CC7A2DA9ECBA,203722456,https://www.kugou.com/yy/rank/home/2-8888.html?from=rank
2026-09-17,2026-09-17T12:59:18+08:00,酷狗音乐,热歌榜,酷狗TOP500,2026-09-17,44,等一分钟,徐誉滕,,3:56,52ED380B09C692BDF4CE65FD56D918F3,2530746,https://www.kugou.com/yy/rank/home/2-8888.html?from=rank
2026-09-17,2026-09-17T12:59:18+08:00,酷狗音乐,热歌榜,酷狗TOP500,2026-09-17,45,认真的雪,薛之谦,,4:19,D2E00CC158DB4DA18927AC3B01CC371B,2689239,https://www.kugou.com/yy/rank/home/3-8888.html?from=rank
2026-09-17,2026-09-17T12:59:18+08:00,酷狗音乐,热歌榜,酷狗TOP500,2026-09-17,46,遇见,孙燕姿,,3:31,9F865C787E90E013B2BC847BAAA306AA,964325,https://www.kugou.com/yy/rank/home/3-8888.html?from=rank
2026-09-17,2026-09-17T12:59:18+08:00,酷狗音乐,热歌榜,酷狗TOP500,2026-09-17,47,最佳损友,陈奕迅,,3:54,CBFA7DDE592B23322E21E4BDAA9BE9F9,964332,https://www.kugou.com/yy/rank/home/3-8888.html?from=rank
2026-09-17,2026-09-17T12:59:18+08:00,酷狗音乐,热歌榜,酷狗TOP500,2026-09-17,48,雨终曲,宋雨琦 (YUQI),,3:34,B55CABB4E6657F1E8FA04B7A390D75A5,207123010,https://www.kugou.com/yy/rank/home/3-8888.html?from=rank
2026-09-17,2026-09-17T12:59:18+08:00,酷狗音乐,热歌榜,酷狗TOP500,2026-09-17,49,茶花开了,王睿卓,,4:30,007A7A8EAFA3FF9EA51EF6A767AC3497,130468077,https://www.kugou.com/yy/rank/home/3-8888.html?from=rank
2026-09-17,2026-09-17T12:59:18+08:00,酷狗音乐,热歌榜,酷狗TOP500,2026-09-17,50,如愿,王菲,,4:25,EC1A18BBD6B61CB203E656B91F5CF2D1,49057589,https://www.kugou.com/yy/rank/home/3-8888.html?from=rank
2026-09-17,2026-09-17T12:59:18+08:00,酷狗音乐,热歌榜,酷狗TOP500,2026-09-17,51,梦哑,任然,,3:54,3194D1AA995469BEF8620E96989D6BA8,193630889,https://www.kugou.com/yy/rank/home/3-8888.html?from=rank
2026-09-17,2026-09-17T12:59:18+08:00,酷狗音乐,热歌榜,酷狗TOP500,2026-09-17,52,小半,陈粒,,4:57,AFEA9FFE5D7F0EF0874119A363820D33,1749208,https://www.kugou.com/yy/rank/home/3-8888.html?from=rank
2026-09-17,2026-09-17T12:59:18+08:00,酷狗音乐,热歌榜,酷狗TOP500,2026-09-17,53,碎碎念,队长,,2:13,A823AE8D84854FD2EB5B8E599D1263FA,79831015,https://www.kugou.com/yy/rank/home/3-8888.html?from=rank
2026-09-17,2026-09-17T12:59:18+08:00,酷狗音乐,热歌榜,酷狗TOP500,2026-09-17,54,回到小村落 (烟嗓版),烟嗓别针plus,,3:39,B3A557C464546E69AFB5A7FBE370E6A2,203603720,https://www.kugou.com/yy/rank/home/3-8888.html?from=rank
2026-09-17,2026-09-17T12:59:18+08:00,酷狗音乐,热歌榜,酷狗TOP500,2026-09-17,55,下完这场雨,后弦,,4:31,2EEFFF98A4F19D945BBA7C78FB2079C0,1964990,https://www.kugou.com/yy/rank/home/3-8888.html?from=rank
2026-09-17,2026-09-17T12:59:18+08:00,酷狗音乐,热歌榜,酷狗TOP500,2026-09-17,56,思念漫过海岸线,欢子,,3:53,8D2C6FA2B7F281E87E967DDB3B7A95DB,205286218,https://www.kugou.com/yy/rank/home/3-8888.html?from=rank
2026-09-17,2026-09-17T12:59:18+08:00,酷狗音乐,热歌榜,酷狗TOP500,2026-09-17,57,秋天不回来,王强,,4:14,81056FF4FC4F2D0A0E9B38757A60D2F7,81746524,https://www.kugou.com/yy/rank/home/3-8888.html?from=rank
2026-09-17,2026-09-17T12:59:18+08:00,酷狗音乐,热歌榜,酷狗TOP500,2026-09-17,58,麻花情,海来阿木,,3:47,15DE5A6243A25631593B8735A8AF7172,207237297,https://www.kugou.com/yy/rank/home/3-8888.html?from=rank
2026-09-17,2026-09-17T12:59:18+08:00,酷狗音乐,热歌榜,酷狗TOP500,2026-09-17,59,唯一,G.E.M.邓紫棋,,4:14,AB05B8F658851282DCB2CBAD548AEB9B,82564821,https://www.kugou.com/yy/rank/home/3-8888.html?from=rank
2026-09-17,2026-09-17T12:59:18+08:00,酷狗音乐,热歌榜,酷狗TOP500,2026-09-17,60,像我这样爱你的人,落日微醺本薰、张多金,,4:22,2AEE05C92035800815DE6AFEE285FD0B,201366705,https://www.kugou.com/yy/rank/home/3-8888.html?from=rank
2026-09-17,2026-09-17T12:59:18+08:00,酷狗音乐,热歌榜,酷狗TOP500,2026-09-17,61,离开我的依赖,王艳薇,,3:54,A9C377CC1B9931F0CE81907E23E4D588,36181053,https://www.kugou.com/yy/rank/home/3-8888.html?from=rank
2026-09-17,2026-09-17T12:59:18+08:00,酷狗音乐,热歌榜,酷狗TOP500,2026-09-17,62,坏女孩,徐良、小凌,,4:07,9365223F903B13D0DAF54B6091AC3E7B,511536,https://www.kugou.com/yy/rank/home/3-8888.html?from=rank
2026-09-17,2026-09-17T12:59:18+08:00,酷狗音乐,热歌榜,酷狗TOP500,2026-09-17,63,我好想你 (苏打绿版),苏打绿,,5:29,55FEA1927AC4D460F6EB3B9262AC9981,108011230,https://www.kugou.com/yy/rank/home/3-8888.html?from=rank
2026-09-17,2026-09-17T12:59:18+08:00,酷狗音乐,热歌榜,酷狗TOP500,2026-09-17,64,街角的晚风,陈小春,,4:00,18B89D66950B7856EABB131BB6273F6E,169830039,https://www.kugou.com/yy/rank/home/3-8888.html?from=rank
2026-09-17,2026-09-17T12:59:18+08:00,酷狗音乐,热歌榜,酷狗TOP500,2026-09-17,65,爱错,王力宏,,3:59,8E021794DFD02C48D2C6281A55BCBDC6,2996462,https://www.kugou.com/yy/rank/home/3-8888.html?from=rank
2026-09-17,2026-09-17T12:59:18+08:00,酷狗音乐,热歌榜,酷狗TOP500,2026-09-17,66,情一动心就痛,海生,,3:52,760B61FE988DF30C730F0965AACF660B,958222,https://www.kugou.com/yy/rank/home/3-8888.html?from=rank
2026-09-17,2026-09-17T12:59:18+08:00,酷狗音乐,热歌榜,酷狗TOP500,2026-09-17,67,若不是因为你 (深情版),林栖,,4:13,6CCB2559DE8FC8965E98F641C4C33B6A,176013962,https://www.kugou.com/yy/rank/home/4-8888.html?from=rank
2026-09-17,2026-09-17T12:59:18+08:00,酷狗音乐,热歌榜,酷狗TOP500,2026-09-17,68,黄昏 (纵然青丝如霜)(R&B版),落日微醺,,4:05,423FC1778078ACF260242626820E4244,194767721,https://www.kugou.com/yy/rank/home/4-8888.html?from=rank
2026-09-17,2026-09-17T12:59:18+08:00,酷狗音乐,热歌榜,酷狗TOP500,2026-09-17,69,雪下的时候,乔佳旭,,4:24,F6B3AA5971A01E755A344C2256606418,35913748,https://www.kugou.com/yy/rank/home/4-8888.html?from=rank
2026-09-17,2026-09-17T12:59:18+08:00,酷狗音乐,热歌榜,酷狗TOP500,2026-09-17,70,演员,薛之谦,,4:21,097E777171F692855EAE98B6965F9477,14456909,https://www.kugou.com/yy/rank/home/4-8888.html?from=rank
2026-09-17,2026-09-17T12:59:18+08:00,酷狗音乐,热歌榜,酷狗TOP500,2026-09-17,71,后来,刘若英,,5:38,C4904D4E3BBA872D41D3BDBF597E2B18,16562,https://www.kugou.com/yy/rank/home/4-8888.html?from=rank
2026-09-17,2026-09-17T12:59:18+08:00,酷狗音乐,热歌榜,酷狗TOP500,2026-09-17,72,如果还会遇见,何遇Hayu、Crybird,,3:48,B740AAF49578F8F9C9E52DD560E122BF,201658284,https://www.kugou.com/yy/rank/home/4-8888.html?from=rank
2026-09-17,2026-09-17T12:59:18+08:00,酷狗音乐,热歌榜,酷狗TOP500,2026-09-17,73,富士山下,陈奕迅,,4:19,0433F1A94FA162B20FB8AE576A951D6B,976404,https://www.kugou.com/yy/rank/home/4-8888.html?from=rank
2026-09-17,2026-09-17T12:59:18+08:00,酷狗音乐,热歌榜,酷狗TOP500,2026-09-17,74,落日微醺 (晚风中一杯酒),落日微醺,,4:14,CB22754AB8A0F20FCC015D0A800758CE,196517740,https://www.kugou.com/yy/rank/home/4-8888.html?from=rank
2026-09-17,2026-09-17T12:59:18+08:00,酷狗音乐,热歌榜,酷狗TOP500,2026-09-17,75,一直很安静,阿桑,,4:10,44816EF0288A3B1ED2C4A5C5FE6B93B3,972917,https://www.kugou.com/yy/rank/home/4-8888.html?from=rank
2026-09-17,2026-09-17T12:59:18+08:00,酷狗音乐,热歌榜,酷狗TOP500,2026-09-17,76,今生劫换来生缘 (花开又花谢花满天),黄静美,,2:32,0EC832D2791A7AD5F6B76135F2D2313E,202565327,https://www.kugou.com/yy/rank/home/4-8888.html?from=rank
2026-09-17,2026-09-17T12:59:18+08:00,酷狗音乐,热歌榜,酷狗TOP500,2026-09-17,77,来不及爱你,h3R3刘清云,,3:25,E3ED52965CEE83A40D73C5FB1DA7FF62,76488384,https://www.kugou.com/yy/rank/home/4-8888.html?from=rank
2026-09-17,2026-09-17T12:59:18+08:00,酷狗音乐,热歌榜,酷狗TOP500,2026-09-17,78,若此生缘太浅 (庄周一生梦一蝶),黄静美、亦瑶,,3:10,B2CE02B106C9FA437E1C81B096E8F7A0,206369549,https://www.kugou.com/yy/rank/home/4-8888.html?from=rank
2026-09-17,2026-09-17T12:59:18+08:00,酷狗音乐,热歌榜,酷狗TOP500,2026-09-17,79,童话,光良,,4:04,472FF9D57BCE90288EC88CBE100BCB2A,974097,https://www.kugou.com/yy/rank/home/4-8888.html?from=rank
2026-09-17,2026-09-17T12:59:18+08:00,酷狗音乐,热歌榜,酷狗TOP500,2026-09-17,80,千千阕歌,陈慧娴,,5:01,81E5A1C3B9E016D61FE91B809B4A7DC1,971621,https://www.kugou.com/yy/rank/home/4-8888.html?from=rank
2026-09-17,2026-09-17T12:59:18+08:00,酷狗音乐,热歌榜,酷狗TOP500,2026-09-17,81,野心家,张靓颖,,4:43,1789AD88CFDD254910125F22494C0E8B,161637189,https://www.kugou.com/yy/rank/home/4-8888.html?from=rank
2026-09-17,2026-09-17T12:59:18+08:00,酷狗音乐,热歌榜,酷狗TOP500,2026-09-17,82,第57次取消发送,菲菲公主（陆绮菲）,,3:01,F17C489C53382E608F9CBB3ED9F6D2AA,137397074,https://www.kugou.com/yy/rank/home/4-8888.html?from=rank
2026-09-17,2026-09-17T12:59:18+08:00,酷狗音乐,热歌榜,酷狗TOP500,2026-09-17,83,青花瓷,周杰伦,,3:59,37A8F50A9EC3B267C3CC6BEC633D9C4A,979856,https://www.kugou.com/yy/rank/home/4-8888.html?from=rank
2026-09-17,2026-09-17T12:59:18+08:00,酷狗音乐,热歌榜,酷狗TOP500,2026-09-17,84,山歌追上云朵,央金拉姆,,3:35,B81F368C6B44B98B0E2B4E9F417F1002,193932928,https://www.kugou.com/yy/rank/home/4-8888.html?from=rank
2026-09-17,2026-09-17T12:59:18+08:00,酷狗音乐,热歌榜,酷狗TOP500,2026-09-17,85,一瓯春,周深,,4:39,3DCC566115E79BC418B5EDC4979311F2,207568047,https://www.kugou.com/yy/rank/home/4-8888.html?from=rank
2026-09-17,2026-09-17T12:59:18+08:00,酷狗音乐,热歌榜,酷狗TOP500,2026-09-17,86,孤独的总和,吴汶芳,,4:05,5418708078525F6CAC0F73BB83F45240,8374677,https://www.kugou.com/yy/rank/home/4-8888.html?from=rank
2026-09-17,2026-09-17T12:59:18+08:00,酷狗音乐,热歌榜,酷狗TOP500,2026-09-17,87,人儿啊请慢下来,石满仓,,3:32,81127FC1186063281CB602F623A74BD7,206903720,https://www.kugou.com/yy/rank/home/4-8888.html?from=rank
2026-09-17,2026-09-17T12:59:18+08:00,酷狗音乐,热歌榜,酷狗TOP500,2026-09-17,88,此生不换,青鸟飞鱼,,4:26,F73630B79647324AB3415C21BFA5BD3D,553897,https://www.kugou.com/yy/rank/home/4-8888.html?from=rank
2026-09-17,2026-09-17T12:59:18+08:00,酷狗音乐,热歌榜,酷狗TOP500,2026-09-17,89,红色高跟鞋,蔡健雅,,3:27,055A804B8A3CCC05240D08F8FF1F7DE8,978459,https://www.kugou.com/yy/rank/home/5-8888.html?from=rank
2026-09-17,2026-09-17T12:59:18+08:00,酷狗音乐,热歌榜,酷狗TOP500,2026-09-17,90,失忆,李佳薇,,3:44,9F408EF17E45AA384C5B01E78E79325B,206308166,https://www.kugou.com/yy/rank/home/5-8888.html?from=rank
2026-09-17,2026-09-17T12:59:18+08:00,酷狗音乐,热歌榜,酷狗TOP500,2026-09-17,91,江南,林俊杰,,4:28,B83DBB8E3DD3FCF86BF32690B91547F5,969588,https://www.kugou.com/yy/rank/home/5-8888.html?from=rank
2026-09-17,2026-09-17T12:59:18+08:00,酷狗音乐,热歌榜,酷狗TOP500,2026-09-17,92,我听人说思念像风一样,雪山阿木,,3:32,943196741A4E6EC43A07BE0620624543,204044392,https://www.kugou.com/yy/rank/home/5-8888.html?from=rank
2026-09-17,2026-09-17T12:59:18+08:00,酷狗音乐,热歌榜,酷狗TOP500,2026-09-17,93,说文解字,灯叔、方大树,,2:44,8E1C8E7914488017C3BCCCB5C26E579C,205506790,https://www.kugou.com/yy/rank/home/5-8888.html?from=rank
2026-09-17,2026-09-17T12:59:18+08:00,酷狗音乐,热歌榜,酷狗TOP500,2026-09-17,94,踏马寻花向自由 (雷鬼版),超哥,,2:59,B5BA68A039E54847B4E14A46A268991B,194886112,https://www.kugou.com/yy/rank/home/5-8888.html?from=rank
2026-09-17,2026-09-17T12:59:18+08:00,酷狗音乐,热歌榜,酷狗TOP500,2026-09-17,95,好想再爱你,潘广益,,4:31,B78BA4062528E712B68C42DC6A4D9AAE,957659,https://www.kugou.com/yy/rank/home/5-8888.html?from=rank
2026-09-17,2026-09-17T12:59:18+08:00,酷狗音乐,热歌榜,酷狗TOP500,2026-09-17,96,稻香,周杰伦,,3:44,8909E1809908CD8E3BF6CF85D98B93F0,960399,https://www.kugou.com/yy/rank/home/5-8888.html?from=rank
2026-09-17,2026-09-17T12:59:18+08:00,酷狗音乐,热歌榜,酷狗TOP500,2026-09-17,97,空心,光泽,,4:39,4465EE613CC3CF7DCF9448F8ACFED1CA,4141939,https://www.kugou.com/yy/rank/home/5-8888.html?from=rank
2026-09-17,2026-09-17T12:59:18+08:00,酷狗音乐,热歌榜,酷狗TOP500,2026-09-17,98,特别的人,方大同,,4:19,0F7A79ADAAEEB6EA1DA3E19DD637FD73,965097,https://www.kugou.com/yy/rank/home/5-8888.html?from=rank
2026-09-17,2026-09-17T12:59:18+08:00,酷狗音乐,热歌榜,酷狗TOP500,2026-09-17,99,半壶纱,刘珂矣,,3:41,951AB088C5A08F491471A1296DF93707,948327,https://www.kugou.com/yy/rank/home/5-8888.html?from=rank
2026-09-17,2026-09-17T12:59:18+08:00,酷狗音乐,热歌榜,酷狗TOP500,2026-09-17,100,讲不出再见,谭咏麟,,4:54,2E0BFDC7BA2F759B0208A58CB2C26523,2337635,https://www.kugou.com/yy/rank/home/5-8888.html?from=rank
2026-09-17,2026-09-17T12:59:18+08:00,酷狗音乐,热歌榜,酷狗TOP500,2026-09-17,101,光辉岁月,BEYOND,,5:04,BBFE9596615ADE83FF6B117831C45E4D,960181,https://www.kugou.com/yy/rank/home/5-8888.html?from=rank
2026-09-17,2026-09-17T12:59:18+08:00,酷狗音乐,热歌榜,酷狗TOP500,2026-09-17,102,抽离,徐良、刘丹萌,,4:18,37A9C74C33A9FAEFF672CFDF4C699581,547514,https://www.kugou.com/yy/rank/home/5-8888.html?from=rank
2026-09-17,2026-09-17T12:59:18+08:00,酷狗音乐,热歌榜,酷狗TOP500,2026-09-17,103,勇气,梁静茹,,3:59,A4D0C350CF4475BFBB0AB28DC6E25A8D,973299,https://www.kugou.com/yy/rank/home/5-8888.html?from=rank
2026-09-17,2026-09-17T12:59:18+08:00,酷狗音乐,热歌榜,酷狗TOP500,2026-09-17,104,十年,陈奕迅,,3:25,5146461A5717B942F4B13125978618E3,504194,https://www.kugou.com/yy/rank/home/5-8888.html?from=rank
2026-09-17,2026-09-17T12:59:18+08:00,酷狗音乐,热歌榜,酷狗TOP500,2026-09-17,105,失控,井迪,,4:15,44FE8C442EB1F254D15717F1DC03C9BF,40221609,https://www.kugou.com/yy/rank/home/5-8888.html?from=rank
2026-09-17,2026-09-17T12:59:18+08:00,酷狗音乐,热歌榜,酷狗TOP500,2026-09-17,106,可不可以,张紫豪,,4:01,6079A2ACBA5E782FE24695FDFCDB1887,9618875,https://www.kugou.com/yy/rank/home/5-8888.html?from=rank
2026-09-17,2026-09-17T12:59:18+08:00,酷狗音乐,热歌榜,酷狗TOP500,2026-09-17,107,你有没有真的爱过我 (对唱版),阿图表妹、寂寞阿图,,4:03,3C425FC4496E67468562CA377D7F2B23,190170015,https://www.kugou.com/yy/rank/home/5-8888.html?from=rank
2026-09-17,2026-09-17T12:59:18+08:00,酷狗音乐,热歌榜,酷狗TOP500,2026-09-17,108,奢香夫人,凤凰传奇,,4:20,478C572FC9E2E15777A41260DEE293A0,984412,https://www.kugou.com/yy/rank/home/5-8888.html?from=rank
2026-09-17,2026-09-17T12:59:18+08:00,酷狗音乐,热歌榜,酷狗TOP500,2026-09-17,109,海阔天空,BEYOND,,5:25,C41E80A18D1448FA47086372999C7F43,973001,https://www.kugou.com/yy/rank/home/5-8888.html?from=rank
2026-09-17,2026-09-17T12:59:18+08:00,酷狗音乐,热歌榜,酷狗TOP500,2026-09-17,110,美人鱼,林俊杰,,4:14,CDAE8C7E2FAF7F08DC18E78A1D65117B,969588,https://www.kugou.com/yy/rank/home/5-8888.html?from=rank
2026-09-17,2026-09-17T12:59:18+08:00,酷狗音乐,热歌榜,酷狗TOP500,2026-09-17,111,红尘客栈,周杰伦,,4:34,48729371F20FB048EF4E51D4CD41DBF5,982051,https://www.kugou.com/yy/rank/home/6-8888.html?from=rank
2026-09-17,2026-09-17T12:59:18+08:00,酷狗音乐,热歌榜,酷狗TOP500,2026-09-17,112,街角的晚风 (烟嗓R&B版),落日微醺,,3:56,D636D97870D4098ACD3C317BFFDA03D9,196517616,https://www.kugou.com/yy/rank/home/6-8888.html?from=rank
2026-09-17,2026-09-17T12:59:18+08:00,酷狗音乐,热歌榜,酷狗TOP500,2026-09-17,113,梦的翅膀受了伤,蒋雪儿Snow.J,,4:36,7B00B1F90C13C270CE96EA51DA863B96,1965074,https://www.kugou.com/yy/rank/home/6-8888.html?from=rank
2026-09-17,2026-09-17T12:59:18+08:00,酷狗音乐,热歌榜,酷狗TOP500,2026-09-17,114,爱情讯息,郭静,,4:41,D8E857250D8EEA9C5FAFDAF7857640A5,971139,https://www.kugou.com/yy/rank/home/6-8888.html?from=rank
2026-09-17,2026-09-17T12:59:18+08:00,酷狗音乐,热歌榜,酷狗TOP500,2026-09-17,115,夜曲,周杰伦,,3:47,16C8AB298231370293D16BCF9E5FF9B6,958909,https://www.kugou.com/yy/rank/home/6-8888.html?from=rank
2026-09-17,2026-09-17T12:59:18+08:00,酷狗音乐,热歌榜,酷狗TOP500,2026-09-17,116,拥抱着你的滋味,自由派对,,3:23,EBBBF8EE37CDAC484B6D0EFB08B4AB9D,26982910,https://www.kugou.com/yy/rank/home/6-8888.html?from=rank
2026-09-17,2026-09-17T12:59:18+08:00,酷狗音乐,热歌榜,酷狗TOP500,2026-09-17,117,舍得,王唯旖,,4:22,62C406C76F45C3EF39F451F2C4F22D95,1944276,https://www.kugou.com/yy/rank/home/6-8888.html?from=rank
2026-09-17,2026-09-17T12:59:18+08:00,酷狗音乐,热歌榜,酷狗TOP500,2026-09-17,118,带我走,杨丞琳,,4:50,0C57DE35C3CB2A32A8CF634E4F8309C4,975441,https://www.kugou.com/yy/rank/home/6-8888.html?from=rank
2026-09-17,2026-09-17T12:59:18+08:00,酷狗音乐,热歌榜,酷狗TOP500,2026-09-17,119,静待知音人,李袁杰、吕晶,,3:54,7A2AA5EDA035E32127961ABC9218BC80,207297988,https://www.kugou.com/yy/rank/home/6-8888.html?from=rank
2026-09-17,2026-09-17T12:59:18+08:00,酷狗音乐,热歌榜,酷狗TOP500,2026-09-17,120,座位,于冬然,,3:29,D87A09DB3166215E5DFD4A30C922509E,137485296,https://www.kugou.com/yy/rank/home/6-8888.html?from=rank
2026-09-17,2026-09-17T12:59:18+08:00,酷狗音乐,热歌榜,酷狗TOP500,2026-09-17,121,会呼吸的痛,梁静茹,,4:32,1EB00DC46AE8E1446B6A9860A56487AC,500574,https://www.kugou.com/yy/rank/home/6-8888.html?from=rank
2026-09-17,2026-09-17T12:59:18+08:00,酷狗音乐,热歌榜,酷狗TOP500,2026-09-17,122,有些,颜人中,,3:49,D79E556C176AE1A3ADE8B532810C4CE8,34604592,https://www.kugou.com/yy/rank/home/6-8888.html?from=rank
2026-09-17,2026-09-17T12:59:18+08:00,酷狗音乐,热歌榜,酷狗TOP500,2026-09-17,123,灰色轨迹,BEYOND,,5:28,4476FAA4B6567CCC2292BFBBCA93CB9C,39629213,https://www.kugou.com/yy/rank/home/6-8888.html?from=rank
2026-09-17,2026-09-17T12:59:18+08:00,酷狗音乐,热歌榜,酷狗TOP500,2026-09-17,124,出现又离开 (Live),梁博,,6:43,DEAB3B0160E9A410CE0AAA9ED8AC602E,19284949,https://www.kugou.com/yy/rank/home/6-8888.html?from=rank
2026-09-17,2026-09-17T12:59:18+08:00,酷狗音乐,热歌榜,酷狗TOP500,2026-09-17,125,ORA,受伤的梅、王昱蒙,,4:15,5FAB85DDFA9F7EB6D64AA7568EAB466E,203945585,https://www.kugou.com/yy/rank/home/6-8888.html?from=rank
2026-09-17,2026-09-17T12:59:18+08:00,酷狗音乐,热歌榜,酷狗TOP500,2026-09-17,126,冻结,林俊杰,,4:49,AE291096B510F20B93D7D87DCBEF1E43,971150,https://www.kugou.com/yy/rank/home/6-8888.html?from=rank
2026-09-17,2026-09-17T12:59:18+08:00,酷狗音乐,热歌榜,酷狗TOP500,2026-09-17,127,莫忙,乡野低频,,3:00,CF77A3DEE3D707DD355FC0CA3F78FBE5,203395383,https://www.kugou.com/yy/rank/home/6-8888.html?from=rank
2026-09-17,2026-09-17T12:59:18+08:00,酷狗音乐,热歌榜,酷狗TOP500,2026-09-17,128,差一步,大壮,,4:06,08C2E4AF2BDDB11D36E2B04A51DA30CE,6194568,https://www.kugou.com/yy/rank/home/6-8888.html?from=rank
2026-09-17,2026-09-17T12:59:18+08:00,酷狗音乐,热歌榜,酷狗TOP500,2026-09-17,129,我们俩,郭顶,,3:14,DD4D224BC3DBFD1A0F6E338928620E69,979601,https://www.kugou.com/yy/rank/home/6-8888.html?from=rank
2026-09-17,2026-09-17T12:59:18+08:00,酷狗音乐,热歌榜,酷狗TOP500,2026-09-17,130,猜不透,丁当,,3:53,B1B4CC4F4E90134603CE66CBCF8FA73B,973244,https://www.kugou.com/yy/rank/home/6-8888.html?from=rank
2026-09-17,2026-09-17T12:59:18+08:00,酷狗音乐,热歌榜,酷狗TOP500,2026-09-17,131,破局者,张杰,,4:42,18F4E830DEEB1C86BBD56660AF5B147A,207208266,https://www.kugou.com/yy/rank/home/6-8888.html?from=rank
2026-09-17,2026-09-17T12:59:18+08:00,酷狗音乐,热歌榜,酷狗TOP500,2026-09-17,132,搁浅,周杰伦,,4:00,8141FAA45AAD5BCFF5FF9873B89709E3,971783,https://www.kugou.com/yy/rank/home/6-8888.html?from=rank
2026-09-17,2026-09-17T12:59:18+08:00,酷狗音乐,热歌榜,酷狗TOP500,2026-09-17,133,其实,薛之谦,,4:02,2A8911EAD4838BF967CF5A300D787E53,960327,https://www.kugou.com/yy/rank/home/7-8888.html?from=rank
2026-09-17,2026-09-17T12:59:18+08:00,酷狗音乐,热歌榜,酷狗TOP500,2026-09-17,134,至少还有你,林忆莲,,4:35,BA9D67DAB59FA6DCE243F4B6B70ACA95,967340,https://www.kugou.com/yy/rank/home/7-8888.html?from=rank
2026-09-17,2026-09-17T12:59:18+08:00,酷狗音乐,热歌榜,酷狗TOP500,2026-09-17,135,你这坏坏的扑街仔 (偏偏爱上你这笨脑袋)(对唱版),马耀火、金禾安,,3:02,4C04BB8F9C9F93D4E0325BF625F11BEC,203511794,https://www.kugou.com/yy/rank/home/7-8888.html?from=rank
2026-09-17,2026-09-17T12:59:18+08:00,酷狗音乐,热歌榜,酷狗TOP500,2026-09-17,136,时间能不能走慢点 (青春别散场live大合唱版),7past、Allie艾梨,,4:01,D93C852279D5D83F1C466C21BA608964,206330074,https://www.kugou.com/yy/rank/home/7-8888.html?from=rank
2026-09-17,2026-09-17T12:59:18+08:00,酷狗音乐,热歌榜,酷狗TOP500,2026-09-17,137,风吹过千山万水,恰恰恰恰恰,,3:18,A71D67A3786AC40778C2411B2D0A73A9,203122093,https://www.kugou.com/yy/rank/home/7-8888.html?from=rank
2026-09-17,2026-09-17T12:59:18+08:00,酷狗音乐,热歌榜,酷狗TOP500,2026-09-17,138,那时雨,徐良,,3:34,CE76C60251F6193BC5BBA5B46B977747,16900987,https://www.kugou.com/yy/rank/home/7-8888.html?from=rank
2026-09-17,2026-09-17T12:59:18+08:00,酷狗音乐,热歌榜,酷狗TOP500,2026-09-17,139,洛神,乱徵,,4:37,C7F29D050D8C8161FD26E27BC494FD8A,206138430,https://www.kugou.com/yy/rank/home/7-8888.html?from=rank
2026-09-17,2026-09-17T12:59:18+08:00,酷狗音乐,热歌榜,酷狗TOP500,2026-09-17,140,黑街,陈雅雯,,4:05,3FDEDFDA2D0131280D7F65CD7D9618D3,1597547,https://www.kugou.com/yy/rank/home/7-8888.html?from=rank
2026-09-17,2026-09-17T12:59:18+08:00,酷狗音乐,热歌榜,酷狗TOP500,2026-09-17,141,七里香,周杰伦,,4:59,9218D81686C6AC681BC7CA621958AD6D,971783,https://www.kugou.com/yy/rank/home/7-8888.html?from=rank
2026-09-17,2026-09-17T12:59:18+08:00,酷狗音乐,热歌榜,酷狗TOP500,2026-09-17,142,开不了口,周杰伦,,4:44,32DD461A82439D4B75E87ECC3F047E6A,958706,https://www.kugou.com/yy/rank/home/7-8888.html?from=rank
2026-09-17,2026-09-17T12:59:18+08:00,酷狗音乐,热歌榜,酷狗TOP500,2026-09-17,143,闭目入神,郑中基,,3:36,386EF80136EFD753F8C9CD75D18159C3,7547818,https://www.kugou.com/yy/rank/home/7-8888.html?from=rank
2026-09-17,2026-09-17T12:59:18+08:00,酷狗音乐,热歌榜,酷狗TOP500,2026-09-17,144,体面,于文文,,4:43,B0927C5353E9DD8BD72242BB730DAFF4,8149034,https://www.kugou.com/yy/rank/home/7-8888.html?from=rank
2026-09-17,2026-09-17T12:59:18+08:00,酷狗音乐,热歌榜,酷狗TOP500,2026-09-17,145,时光你等等我,郭芊彤,,4:19,35752B1309268B40355A1CEE7821EDEE,201198246,https://www.kugou.com/yy/rank/home/7-8888.html?from=rank
2026-09-17,2026-09-17T12:59:18+08:00,酷狗音乐,热歌榜,酷狗TOP500,2026-09-17,146,望月 (美声女教授),江枝婉,,3:44,930AAC9B37F4416C88E031F37A936002,206706430,https://www.kugou.com/yy/rank/home/7-8888.html?from=rank
2026-09-17,2026-09-17T12:59:18+08:00,酷狗音乐,热歌榜,酷狗TOP500,2026-09-17,147,只对你有感觉,飞轮海、田馥甄,,3:59,E400C3F475001BA5B0F197F2E1923F47,556347,https://www.kugou.com/yy/rank/home/7-8888.html?from=rank
2026-09-17,2026-09-17T12:59:18+08:00,酷狗音乐,热歌榜,酷狗TOP500,2026-09-17,148,春娇与志明,街道办GDC、欧阳耀莹,,3:24,E84947402A5E0952FA067566C10264CB,8543461,https://www.kugou.com/yy/rank/home/7-8888.html?from=rank
2026-09-17,2026-09-17T12:59:18+08:00,酷狗音乐,热歌榜,酷狗TOP500,2026-09-17,149,戒烟,李荣浩,,4:54,AF36A623D725B98893DAEFDF8010F22E,49390931,https://www.kugou.com/yy/rank/home/7-8888.html?from=rank
2026-09-17,2026-09-17T12:59:18+08:00,酷狗音乐,热歌榜,酷狗TOP500,2026-09-17,150,亲爱的你啊,任素汐,,3:56,C42C2C5C7A68CDAFBF543F29AF883B1D,144348541,https://www.kugou.com/yy/rank/home/7-8888.html?from=rank
2026-09-17,2026-09-17T12:59:18+08:00,酷狗音乐,热歌榜,酷狗TOP500,2026-09-17,151,没那么简单,黄小琥,,5:08,90D82FB9EB6C1F5385F6F086318EE1FA,962530,https://www.kugou.com/yy/rank/home/7-8888.html?from=rank
2026-09-17,2026-09-17T12:59:18+08:00,酷狗音乐,热歌榜,酷狗TOP500,2026-09-17,152,老男孩,筷子兄弟,,4:59,EB494F1F9199AA29F66E056F116D2F1C,17165001,https://www.kugou.com/yy/rank/home/7-8888.html?from=rank
2026-09-17,2026-09-17T12:59:18+08:00,酷狗音乐,热歌榜,酷狗TOP500,2026-09-17,153,退后,周杰伦,,4:22,5971DE0B235D5B2708D6A6FEB3D31B6F,965291,https://www.kugou.com/yy/rank/home/7-8888.html?from=rank
2026-09-17,2026-09-17T12:59:18+08:00,酷狗音乐,热歌榜,酷狗TOP500,2026-09-17,154,北方的后海没有海 (r&b微醺版),落日微醺,,3:26,DB3D10DE8DF3C5188EC036A9724F9418,196519034,https://www.kugou.com/yy/rank/home/7-8888.html?from=rank
2026-09-17,2026-09-17T12:59:18+08:00,酷狗音乐,热歌榜,酷狗TOP500,2026-09-17,155,心墙,郭静,,3:47,97870F3D4B01A7822DC497C6127EA66D,968033,https://www.kugou.com/yy/rank/home/8-8888.html?from=rank
2026-09-17,2026-09-17T12:59:18+08:00,酷狗音乐,热歌榜,酷狗TOP500,2026-09-17,156,我好像在哪见过你,薛之谦,,4:39,6A350E487263733359E7F2B64BD974AC,1747549,https://www.kugou.com/yy/rank/home/8-8888.html?from=rank
2026-09-17,2026-09-17T12:59:18+08:00,酷狗音乐,热歌榜,酷狗TOP500,2026-09-17,157,告白气球,周杰伦,,3:36,688857974673645CE89EDA26A36DB19D,1645030,https://www.kugou.com/yy/rank/home/8-8888.html?from=rank
2026-09-17,2026-09-17T12:59:18+08:00,酷狗音乐,热歌榜,酷狗TOP500,2026-09-17,158,Always Online,林俊杰,,3:45,16A4E4895905B703AC0F31007A495D4C,963179,https://www.kugou.com/yy/rank/home/8-8888.html?from=rank
2026-09-17,2026-09-17T12:59:18+08:00,酷狗音乐,热歌榜,酷狗TOP500,2026-09-17,159,青花 (老登版),炸毛登叔,,4:57,E3F28B52E357D5AC8C07426C65E1864A,204950199,https://www.kugou.com/yy/rank/home/8-8888.html?from=rank
2026-09-17,2026-09-17T12:59:18+08:00,酷狗音乐,热歌榜,酷狗TOP500,2026-09-17,160,人间共鸣,李健,,4:19,C9A5658204BD4E941F3DB2FB132D4968,176253415,https://www.kugou.com/yy/rank/home/8-8888.html?from=rank
2026-09-17,2026-09-17T12:59:18+08:00,酷狗音乐,热歌榜,酷狗TOP500,2026-09-17,161,幻听,许嵩,,4:33,24F5E7555646965CD7D1A924452B3300,973046,https://www.kugou.com/yy/rank/home/8-8888.html?from=rank
2026-09-17,2026-09-17T12:59:18+08:00,酷狗音乐,热歌榜,酷狗TOP500,2026-09-17,162,Whatever Happens,Michael Jackson,,4:57,C0E4D361A67DE916D8A5990C0EF34479,1786970,https://www.kugou.com/yy/rank/home/8-8888.html?from=rank
2026-09-17,2026-09-17T12:59:18+08:00,酷狗音乐,热歌榜,酷狗TOP500,2026-09-17,163,我不该动情,老板,,3:57,DFA780605FE78F1572761712931024A7,197593768,https://www.kugou.com/yy/rank/home/8-8888.html?from=rank
2026-09-17,2026-09-17T12:59:18+08:00,酷狗音乐,热歌榜,酷狗TOP500,2026-09-17,164,相见恨晚,彭佳慧,,4:15,01214FB85BAF49AB74F10AFA4C363540,977553,https://www.kugou.com/yy/rank/home/8-8888.html?from=rank
2026-09-17,2026-09-17T12:59:18+08:00,酷狗音乐,热歌榜,酷狗TOP500,2026-09-17,165,素颜,许嵩、何曼婷,,3:59,30C94AE2868E63B1058DA7685E0CDF3B,13264539,https://www.kugou.com/yy/rank/home/8-8888.html?from=rank
2026-09-17,2026-09-17T12:59:18+08:00,酷狗音乐,热歌榜,酷狗TOP500,2026-09-17,166,明天过后,张杰,,3:59,5B900D95E79765AE62664BE5C871DD9E,38606351,https://www.kugou.com/yy/rank/home/8-8888.html?from=rank
2026-09-17,2026-09-17T12:59:18+08:00,酷狗音乐,热歌榜,酷狗TOP500,2026-09-17,167,山风山风等等我 (合唱版),万海东、人生感悟、吴章磊、天雯,,3:29,509AB53405C872C7A81200CDF2F3F11A,204486191,https://www.kugou.com/yy/rank/home/8-8888.html?from=rank
2026-09-17,2026-09-17T12:59:18+08:00,酷狗音乐,热歌榜,酷狗TOP500,2026-09-17,168,西海情歌,刀郎,,5:43,0E5FB14E78AFF13C2DEF97C814537CB7,984281,https://www.kugou.com/yy/rank/home/8-8888.html?from=rank
2026-09-17,2026-09-17T12:59:18+08:00,酷狗音乐,热歌榜,酷狗TOP500,2026-09-17,169,Fever Pitch,Richz,,2:15,594B915AEEDA7DA8F5BD70B63EA76EAD,180499937,https://www.kugou.com/yy/rank/home/8-8888.html?from=rank
2026-09-17,2026-09-17T12:59:18+08:00,酷狗音乐,热歌榜,酷狗TOP500,2026-09-17,170,过火,张信哲,,5:02,E34CBC6EBE64B9EE9ADB5C46E2178A84,982639,https://www.kugou.com/yy/rank/home/8-8888.html?from=rank
2026-09-17,2026-09-17T12:59:18+08:00,酷狗音乐,热歌榜,酷狗TOP500,2026-09-17,171,兰亭序,周杰伦,,4:14,4EC10B1B7B9BEB2F0ADB89BBEC5F664B,960399,https://www.kugou.com/yy/rank/home/8-8888.html?from=rank
2026-09-17,2026-09-17T12:59:18+08:00,酷狗音乐,热歌榜,酷狗TOP500,2026-09-17,172,或许 (现场live大合唱版),7paste、艾利（Ellie）,,3:30,C77D56A5B1526AC1F0FA5B93787002C0,203036081,https://www.kugou.com/yy/rank/home/8-8888.html?from=rank
2026-09-17,2026-09-17T12:59:18+08:00,酷狗音乐,热歌榜,酷狗TOP500,2026-09-17,173,TIMELESS,张力尹、XIA (준수),,4:12,9C0D714BE64E257C0F2A09B3BED0FBE9,960877,https://www.kugou.com/yy/rank/home/8-8888.html?from=rank
2026-09-17,2026-09-17T12:59:18+08:00,酷狗音乐,热歌榜,酷狗TOP500,2026-09-17,174,我知道,BY2,,4:10,38CB283F880797F94A80968E682191E2,530437,https://www.kugou.com/yy/rank/home/8-8888.html?from=rank
2026-09-17,2026-09-17T12:59:18+08:00,酷狗音乐,热歌榜,酷狗TOP500,2026-09-17,175,葡萄成熟时,陈奕迅,,4:37,FDEEA17B3BAD24C0C88E4D45F71F1946,968210,https://www.kugou.com/yy/rank/home/8-8888.html?from=rank
2026-09-17,2026-09-17T12:59:18+08:00,酷狗音乐,热歌榜,酷狗TOP500,2026-09-17,176,老街,李荣浩,,5:19,30E7F7CCB57EB16D1BE3EC71D7ADB071,964378,https://www.kugou.com/yy/rank/home/8-8888.html?from=rank
2026-09-17,2026-09-17T12:59:18+08:00,酷狗音乐,热歌榜,酷狗TOP500,2026-09-17,177,关不上的窗,周传雄,,4:53,C9FF4C5E86A76043F004E3BB17E08942,982655,https://www.kugou.com/yy/rank/home/9-8888.html?from=rank
2026-09-17,2026-09-17T12:59:18+08:00,酷狗音乐,热歌榜,酷狗TOP500,2026-09-17,178,Lost,满舒克、Jony J,,4:10,E4C0A549FB93FC128B5A0E8DBD3CD32A,2537526,https://www.kugou.com/yy/rank/home/9-8888.html?from=rank
2026-09-17,2026-09-17T12:59:18+08:00,酷狗音乐,热歌榜,酷狗TOP500,2026-09-17,179,一路向北,周杰伦,,4:54,F73F22FB046CA1A135C70417163AF82E,1739223,https://www.kugou.com/yy/rank/home/9-8888.html?from=rank
2026-09-17,2026-09-17T12:59:18+08:00,酷狗音乐,热歌榜,酷狗TOP500,2026-09-17,180,不将就,李荣浩,,5:12,E5F0905C662872A9B05A423FD1ED48B5,1004040,https://www.kugou.com/yy/rank/home/9-8888.html?from=rank
2026-09-17,2026-09-17T12:59:18+08:00,酷狗音乐,热歌榜,酷狗TOP500,2026-09-17,181,谁 (男女扎心合唱),梨子芥菜、戚悦,,3:58,38DAABE4EEA0ADDC04897AC14E15B54E,185936379,https://www.kugou.com/yy/rank/home/9-8888.html?from=rank
2026-09-17,2026-09-17T12:59:18+08:00,酷狗音乐,热歌榜,酷狗TOP500,2026-09-17,182,偏偏喜欢你,陈百强,,3:32,D186383AA965D13601CFF4857F844FEE,983655,https://www.kugou.com/yy/rank/home/9-8888.html?from=rank
2026-09-17,2026-09-17T12:59:18+08:00,酷狗音乐,热歌榜,酷狗TOP500,2026-09-17,183,枫,周杰伦,,4:36,0D7E8C11C961A17EB8779FEB0CA772E3,958909,https://www.kugou.com/yy/rank/home/9-8888.html?from=rank
2026-09-17,2026-09-17T12:59:18+08:00,酷狗音乐,热歌榜,酷狗TOP500,2026-09-17,184,可惜没如果,林俊杰,,4:58,57D6EAF8F7E593A2C4B780D8045DE5C1,542795,https://www.kugou.com/yy/rank/home/9-8888.html?from=rank
2026-09-17,2026-09-17T12:59:18+08:00,酷狗音乐,热歌榜,酷狗TOP500,2026-09-17,185,背对背拥抱,林俊杰,,3:55,D3CB60981A747455AE3142C25809051E,975828,https://www.kugou.com/yy/rank/home/9-8888.html?from=rank
2026-09-17,2026-09-17T12:59:18+08:00,酷狗音乐,热歌榜,酷狗TOP500,2026-09-17,186,秋风一吹又老一岁 (女版烟嗓),微醺森林,,3:41,6024903A2603AFB6FBD0453162BDED63,207534691,https://www.kugou.com/yy/rank/home/9-8888.html?from=rank
2026-09-17,2026-09-17T12:59:18+08:00,酷狗音乐,热歌榜,酷狗TOP500,2026-09-17,187,玻璃,Gareth.T,,3:05,ED0ED6B17B6C29695E97F5CC945C7901,191663409,https://www.kugou.com/yy/rank/home/9-8888.html?from=rank
2026-09-17,2026-09-17T12:59:18+08:00,酷狗音乐,热歌榜,酷狗TOP500,2026-09-17,188,曾经的你,许巍,,4:21,8D27A0FD0D8B6A9059D3FEEC95E2088D,976268,https://www.kugou.com/yy/rank/home/9-8888.html?from=rank
2026-09-17,2026-09-17T12:59:18+08:00,酷狗音乐,热歌榜,酷狗TOP500,2026-09-17,189,执子之手,宝石Gem、哩哩,,3:10,A84D44A92F427A3198ECEE703B708478,61962429,https://www.kugou.com/yy/rank/home/9-8888.html?from=rank
2026-09-17,2026-09-17T12:59:18+08:00,酷狗音乐,热歌榜,酷狗TOP500,2026-09-17,190,多远都要在一起,G.E.M.邓紫棋,,3:38,768F6FA531A3D883BE3F6C91AAF60612,555825,https://www.kugou.com/yy/rank/home/9-8888.html?from=rank
2026-09-17,2026-09-17T12:59:18+08:00,酷狗音乐,热歌榜,酷狗TOP500,2026-09-17,191,逆风的船 (看那朝阳爬过了山峦),蓝波,,3:16,0FC1FA099A3F6984C1C1D4EC211D5A7B,199831134,https://www.kugou.com/yy/rank/home/9-8888.html?from=rank
2026-09-17,2026-09-17T12:59:18+08:00,酷狗音乐,热歌榜,酷狗TOP500,2026-09-17,192,年少有为,李荣浩,,4:39,3A5C1D6CDABB2FDA813F8F8B7E4D08B0,8873395,https://www.kugou.com/yy/rank/home/9-8888.html?from=rank
2026-09-17,2026-09-17T12:59:18+08:00,酷狗音乐,热歌榜,酷狗TOP500,2026-09-17,193,勋章,鹿晗,,3:34,6FB3EB3F13CD64DF6E9784F6E487BAB1,2059004,https://www.kugou.com/yy/rank/home/9-8888.html?from=rank
2026-09-17,2026-09-17T12:59:18+08:00,酷狗音乐,热歌榜,酷狗TOP500,2026-09-17,194,Angel,尹美莱、Tiger JK、Bizzy,,4:15,157D75DA9A1B5B4FED6C529C2B1C2452,964390,https://www.kugou.com/yy/rank/home/9-8888.html?from=rank
2026-09-17,2026-09-17T12:59:18+08:00,酷狗音乐,热歌榜,酷狗TOP500,2026-09-17,195,不要说话,陈奕迅,,4:48,4A002DE48D2ED4C0942FA1A5851832C7,973108,https://www.kugou.com/yy/rank/home/9-8888.html?from=rank
2026-09-17,2026-09-17T12:59:18+08:00,酷狗音乐,热歌榜,酷狗TOP500,2026-09-17,196,鼓楼,赵雷,,4:41,5A794095301611FB8600A85301B0BFC4,1946722,https://www.kugou.com/yy/rank/home/9-8888.html?from=rank
2026-09-17,2026-09-17T12:59:18+08:00,酷狗音乐,热歌榜,酷狗TOP500,2026-09-17,197,泡沫,G.E.M.邓紫棋,,4:19,8574D02543B5F902469FB4E27E3A350D,968370,https://www.kugou.com/yy/rank/home/9-8888.html?from=rank
2026-09-17,2026-09-17T12:59:18+08:00,酷狗音乐,热歌榜,酷狗TOP500,2026-09-17,198,空心 (Live),黄霄雲、刘端端,,4:55,6F74F7B3D9B87CA771573ABD27B2A820,199810791,https://www.kugou.com/yy/rank/home/9-8888.html?from=rank
2026-09-17,2026-09-17T12:59:18+08:00,酷狗音乐,热歌榜,酷狗TOP500,2026-09-17,199,牵丝戏,银临、Aki阿杰,,3:59,5E7FF596F7D6021DA63AF36E91BECE4B,568968,https://www.kugou.com/yy/rank/home/10-8888.html?from=rank
2026-09-17,2026-09-17T12:59:18+08:00,酷狗音乐,热歌榜,酷狗TOP500,2026-09-17,200,偏向,陈子晴,,3:06,8C75BDF9AA0370D34E43A0DF1430020E,41687570,https://www.kugou.com/yy/rank/home/10-8888.html?from=rank
2026-09-17,2026-09-17T12:59:18+08:00,酷狗音乐,热歌榜,酷狗TOP500,2026-09-17,201,无言感激,谭咏麟,,5:10,1C96D60D5332CF7EB218289C357CCF00,206844858,https://www.kugou.com/yy/rank/home/10-8888.html?from=rank
2026-09-17,2026-09-17T12:59:18+08:00,酷狗音乐,热歌榜,酷狗TOP500,2026-09-17,202,发如雪,周杰伦,,4:59,1F7E7659B9FFF4FB6F71562A61BBC25F,958909,https://www.kugou.com/yy/rank/home/10-8888.html?from=rank
2026-09-17,2026-09-17T12:59:18+08:00,酷狗音乐,热歌榜,酷狗TOP500,2026-09-17,203,无人之岛,任然,,4:45,8E568D8806F771607104D8BF9695ACE0,2916172,https://www.kugou.com/yy/rank/home/10-8888.html?from=rank
2026-09-17,2026-09-17T12:59:18+08:00,酷狗音乐,热歌榜,酷狗TOP500,2026-09-17,204,甲乙丙丁,七分可可,,3:48,0B96FEEB51604A6904899D0C618F446D,197347781,https://www.kugou.com/yy/rank/home/10-8888.html?from=rank
2026-09-17,2026-09-17T12:59:18+08:00,酷狗音乐,热歌榜,酷狗TOP500,2026-09-17,205,跨不过的距离,虎二,,4:31,FED5892036FBD176F6FEAE973C565E59,38209191,https://www.kugou.com/yy/rank/home/10-8888.html?from=rank
2026-09-17,2026-09-17T12:59:18+08:00,酷狗音乐,热歌榜,酷狗TOP500,2026-09-17,206,在你的身边,盛哲,,4:22,38698C9A8BB6637CDDE413C6E210FA54,4128050,https://www.kugou.com/yy/rank/home/10-8888.html?from=rank
2026-09-17,2026-09-17T12:59:18+08:00,酷狗音乐,热歌榜,酷狗TOP500,2026-09-17,207,你瞒我瞒,陈柏宇,,3:58,E8EE57D671769402710C4FF9259D841F,965453,https://www.kugou.com/yy/rank/home/10-8888.html?from=rank
2026-09-17,2026-09-17T12:59:18+08:00,酷狗音乐,热歌榜,酷狗TOP500,2026-09-17,208,枪火 (相对那就针锋相对),宝石Gem,,3:18,76923758046CB591DC9556D1FB69D976,154798334,https://www.kugou.com/yy/rank/home/10-8888.html?from=rank
2026-09-17,2026-09-17T12:59:18+08:00,酷狗音乐,热歌榜,酷狗TOP500,2026-09-17,209,起风了,买辣椒也用券,,5:26,5C035CBF390FEF6B536020A57749EF70,53218722,https://www.kugou.com/yy/rank/home/10-8888.html?from=rank
2026-09-17,2026-09-17T12:59:18+08:00,酷狗音乐,热歌榜,酷狗TOP500,2026-09-17,210,我是真的爱上你,王杰,,5:03,7C353B672AC945A3FE56022000A239FE,2996801,https://www.kugou.com/yy/rank/home/10-8888.html?from=rank
2026-09-17,2026-09-17T12:59:18+08:00,酷狗音乐,热歌榜,酷狗TOP500,2026-09-17,211,一场游戏一场梦,王杰,,4:17,55340B431243FF5F112527EFC0591232,7547885,https://www.kugou.com/yy/rank/home/10-8888.html?from=rank
2026-09-17,2026-09-17T12:59:18+08:00,酷狗音乐,热歌榜,酷狗TOP500,2026-09-17,212,我太笨,锤娜丽莎,,4:25,A5D4F40382C0DF1A95A48A617793F03E,46432417,https://www.kugou.com/yy/rank/home/10-8888.html?from=rank
2026-09-17,2026-09-17T12:59:18+08:00,酷狗音乐,热歌榜,酷狗TOP500,2026-09-17,213,冲动的惩罚,刀郎,,7:54,84073718AE6A82366444C3B5AE526FAC,964521,https://www.kugou.com/yy/rank/home/10-8888.html?from=rank
2026-09-17,2026-09-17T12:59:18+08:00,酷狗音乐,热歌榜,酷狗TOP500,2026-09-17,214,蓝莲花,许巍,,4:31,EDCDC42FEE3A4BC8F2ADBAF96ADE9D77,15247919,https://www.kugou.com/yy/rank/home/10-8888.html?from=rank
2026-09-17,2026-09-17T12:59:18+08:00,酷狗音乐,热歌榜,酷狗TOP500,2026-09-17,215,第一次爱的人,王心凌,,3:53,38539E18FBB3E9A8DFA84A892CA718F6,979891,https://www.kugou.com/yy/rank/home/10-8888.html?from=rank
2026-09-17,2026-09-17T12:59:18+08:00,酷狗音乐,热歌榜,酷狗TOP500,2026-09-17,216,离歌,信乐团,,4:28,FF7DCA5474C907E2EE3ED3CA24D30D61,981338,https://www.kugou.com/yy/rank/home/10-8888.html?from=rank
2026-09-17,2026-09-17T12:59:18+08:00,酷狗音乐,热歌榜,酷狗TOP500,2026-09-17,217,有风的日落,万海东,,3:49,94774F06E73EF9ABD739423E1A414593,181906094,https://www.kugou.com/yy/rank/home/10-8888.html?from=rank
2026-09-17,2026-09-17T12:59:18+08:00,酷狗音乐,热歌榜,酷狗TOP500,2026-09-17,218,花海,周杰伦,,4:25,3328808CECBD1A1038166003840FDDD7,960399,https://www.kugou.com/yy/rank/home/10-8888.html?from=rank
2026-09-17,2026-09-17T12:59:18+08:00,酷狗音乐,热歌榜,酷狗TOP500,2026-09-17,219,倘若你爱一人,王唯旖,,3:57,452F7E058B44E2229B59A693E9AD3524,198657446,https://www.kugou.com/yy/rank/home/10-8888.html?from=rank
2026-09-17,2026-09-17T12:59:18+08:00,酷狗音乐,热歌榜,酷狗TOP500,2026-09-17,220,天际,洋澜一,,5:46,DEAE9D1FC61F4810A0C15AA9CFD83722,76611526,https://www.kugou.com/yy/rank/home/10-8888.html?from=rank
2026-09-17,2026-09-17T12:59:18+08:00,酷狗音乐,热歌榜,酷狗TOP500,2026-09-17,221,逍遥叹,胡歌,,5:14,1415E6EAB8E8B0538F5FB66526C9EB65,970409,https://www.kugou.com/yy/rank/home/11-8888.html?from=rank
2026-09-17,2026-09-17T12:59:18+08:00,酷狗音乐,热歌榜,酷狗TOP500,2026-09-17,222,半点心,草蜢,,3:52,6DF94BFD206BB819120C0D021B93EDBC,564642,https://www.kugou.com/yy/rank/home/11-8888.html?from=rank
2026-09-17,2026-09-17T12:59:18+08:00,酷狗音乐,热歌榜,酷狗TOP500,2026-09-17,223,你就不要想起我,田馥甄,,4:41,33E67CD9B775093E93CBABBD649DF087,965595,https://www.kugou.com/yy/rank/home/11-8888.html?from=rank
2026-09-17,2026-09-17T12:59:18+08:00,酷狗音乐,热歌榜,酷狗TOP500,2026-09-17,224,模特,李荣浩,,5:06,87EBC49856D2CB3C04992C9A87E5A5C5,968143,https://www.kugou.com/yy/rank/home/11-8888.html?from=rank
2026-09-17,2026-09-17T12:59:18+08:00,酷狗音乐,热歌榜,酷狗TOP500,2026-09-17,225,忘记时间,胡歌,,4:32,BB2759C850804CB32A55480D85D21080,493001,https://www.kugou.com/yy/rank/home/11-8888.html?from=rank
2026-09-17,2026-09-17T12:59:18+08:00,酷狗音乐,热歌榜,酷狗TOP500,2026-09-17,226,手放开,李圣杰,,4:25,022583751858F1E3558F32EC4ECF7DD5,959847,https://www.kugou.com/yy/rank/home/11-8888.html?from=rank
2026-09-17,2026-09-17T12:59:18+08:00,酷狗音乐,热歌榜,酷狗TOP500,2026-09-17,227,We Don't Talk Anymore (Mr. Collipark Remix),Charlie Puth、Selena Gomez,,4:14,8F323B0610BE8D862B7CBB41C3398766,1746993,https://www.kugou.com/yy/rank/home/11-8888.html?from=rank
2026-09-17,2026-09-17T12:59:18+08:00,酷狗音乐,热歌榜,酷狗TOP500,2026-09-17,228,做梦,黄泥,,3:53,B22D8A17353BBACB21B27037AAAD8E9C,207018852,https://www.kugou.com/yy/rank/home/11-8888.html?from=rank
2026-09-17,2026-09-17T12:59:18+08:00,酷狗音乐,热歌榜,酷狗TOP500,2026-09-17,229,爱情转移,陈奕迅,,4:19,A549238FA1B05EABE841DFE110899647,962514,https://www.kugou.com/yy/rank/home/11-8888.html?from=rank
2026-09-17,2026-09-17T12:59:18+08:00,酷狗音乐,热歌榜,酷狗TOP500,2026-09-17,230,西厢寻他,伯爵Johnny、唐伯虎Annie,,3:44,2B657B5B5D781C1A61D7E0D1F5E2DE22,53205523,https://www.kugou.com/yy/rank/home/11-8888.html?from=rank
2026-09-17,2026-09-17T12:59:18+08:00,酷狗音乐,热歌榜,酷狗TOP500,2026-09-17,231,我走后,小咪,,4:08,00751DE0946619BCDE4A4E15397F2A15,22216764,https://www.kugou.com/yy/rank/home/11-8888.html?from=rank
2026-09-17,2026-09-17T12:59:18+08:00,酷狗音乐,热歌榜,酷狗TOP500,2026-09-17,232,风月吻眉梢,礼越,,3:26,DDE279AF8DB58030F87ED111E108D8A8,152382604,https://www.kugou.com/yy/rank/home/11-8888.html?from=rank
2026-09-17,2026-09-17T12:59:18+08:00,酷狗音乐,热歌榜,酷狗TOP500,2026-09-17,233,爱如潮水,张信哲,,4:31,7D372165ED6AD2C00DD2B473529BE9CE,538030,https://www.kugou.com/yy/rank/home/11-8888.html?from=rank
2026-09-17,2026-09-17T12:59:18+08:00,酷狗音乐,热歌榜,酷狗TOP500,2026-09-17,234,无名的人,毛不易,,4:42,525A854C4A4EDF63CAF528D693F69CE0,51231315,https://www.kugou.com/yy/rank/home/11-8888.html?from=rank
2026-09-17,2026-09-17T12:59:18+08:00,酷狗音乐,热歌榜,酷狗TOP500,2026-09-17,235,蒲公英的约定,周杰伦,,4:07,A14373681262867AB43FEF5467F4CC1D,979856,https://www.kugou.com/yy/rank/home/11-8888.html?from=rank
2026-09-17,2026-09-17T12:59:18+08:00,酷狗音乐,热歌榜,酷狗TOP500,2026-09-17,236,雨蝶,李翊君,,3:51,C83424ACF417185057E278554B91D4C0,7549108,https://www.kugou.com/yy/rank/home/11-8888.html?from=rank
2026-09-17,2026-09-17T12:59:18+08:00,酷狗音乐,热歌榜,酷狗TOP500,2026-09-17,237,知了,陈默之,,3:52,FE6608CE529684B94CBA506E2B0C7BB6,91222498,https://www.kugou.com/yy/rank/home/11-8888.html?from=rank
2026-09-17,2026-09-17T12:59:18+08:00,酷狗音乐,热歌榜,酷狗TOP500,2026-09-17,238,十面埋伏,陈奕迅,,3:52,90B8469459CBA58A5DDEDD9350286DD8,2996227,https://www.kugou.com/yy/rank/home/11-8888.html?from=rank
2026-09-17,2026-09-17T12:59:18+08:00,酷狗音乐,热歌榜,酷狗TOP500,2026-09-17,239,说好的幸福呢,周杰伦,,4:17,892B7AD62499C97A1A994454423E30F6,960399,https://www.kugou.com/yy/rank/home/11-8888.html?from=rank
2026-09-17,2026-09-17T12:59:18+08:00,酷狗音乐,热歌榜,酷狗TOP500,2026-09-17,240,遗憾 (如果回到那从前),阿美呀、刘纯,,3:19,FE7CA8832ABD70BDA48A61CEC207F034,206144715,https://www.kugou.com/yy/rank/home/11-8888.html?from=rank
2026-09-17,2026-09-17T12:59:18+08:00,酷狗音乐,热歌榜,酷狗TOP500,2026-09-17,241,Dear John,比莉,,5:11,71951213A1C3C313DEEB017D3C9E77CC,2528933,https://www.kugou.com/yy/rank/home/11-8888.html?from=rank
2026-09-17,2026-09-17T12:59:18+08:00,酷狗音乐,热歌榜,酷狗TOP500,2026-09-17,242,下一个天亮,郭静,,4:27,7E2AD47232E7148C642B6836041826C9,971139,https://www.kugou.com/yy/rank/home/11-8888.html?from=rank
2026-09-17,2026-09-17T12:59:18+08:00,酷狗音乐,热歌榜,酷狗TOP500,2026-09-17,243,说了再见,周杰伦,,4:43,966C718DA96EE29B3B466F773BFA9E2F,958812,https://www.kugou.com/yy/rank/home/12-8888.html?from=rank
2026-09-17,2026-09-17T12:59:18+08:00,酷狗音乐,热歌榜,酷狗TOP500,2026-09-17,244,后会无期,汪苏泷、徐良,,3:32,5F86140467A73FBF9C4F339F7B9AFC2C,511536,https://www.kugou.com/yy/rank/home/12-8888.html?from=rank
2026-09-17,2026-09-17T12:59:18+08:00,酷狗音乐,热歌榜,酷狗TOP500,2026-09-17,245,人间逍遥仙,老韩很哇塞,,3:59,2584553963CA027E3BB07F8D8F380F58,205336714,https://www.kugou.com/yy/rank/home/12-8888.html?from=rank
2026-09-17,2026-09-17T12:59:18+08:00,酷狗音乐,热歌榜,酷狗TOP500,2026-09-17,246,Lonely,Nana,,6:21,284173346DD3E03FA86D027025F50CC7,45833884,https://www.kugou.com/yy/rank/home/12-8888.html?from=rank
2026-09-17,2026-09-17T12:59:18+08:00,酷狗音乐,热歌榜,酷狗TOP500,2026-09-17,247,忘了你忘了我,王杰,,4:38,95CBD367E98724883CA99874AD626446,962390,https://www.kugou.com/yy/rank/home/12-8888.html?from=rank
2026-09-17,2026-09-17T12:59:18+08:00,酷狗音乐,热歌榜,酷狗TOP500,2026-09-17,248,一个人挺好,杨小壮,,4:30,394676E1537FC24C7847CE3BA75ADB05,26827357,https://www.kugou.com/yy/rank/home/12-8888.html?from=rank
2026-09-17,2026-09-17T12:59:18+08:00,酷狗音乐,热歌榜,酷狗TOP500,2026-09-17,249,Creepin' up on You,Darren Hayes,,4:53,6348CF4041BEE19FAD536C563C32695A,1593407,https://www.kugou.com/yy/rank/home/12-8888.html?from=rank
2026-09-17,2026-09-17T12:59:18+08:00,酷狗音乐,热歌榜,酷狗TOP500,2026-09-17,250,老人与海,海鸣威、吴琼,,4:26,64550F3E833ABE710545EA84FC82754E,1778632,https://www.kugou.com/yy/rank/home/12-8888.html?from=rank
2026-09-17,2026-09-17T12:59:18+08:00,酷狗音乐,热歌榜,酷狗TOP500,2026-09-17,251,夏夜最后的烟火,颜人中,,4:40,4E418EDAB22093B51C78C81C0A8C9B31,39949767,https://www.kugou.com/yy/rank/home/12-8888.html?from=rank
2026-09-17,2026-09-17T12:59:18+08:00,酷狗音乐,热歌榜,酷狗TOP500,2026-09-17,252,我们的时光,赵雷,,4:31,84EA1667187279849794A9CC96FA0D27,963934,https://www.kugou.com/yy/rank/home/12-8888.html?from=rank
2026-09-17,2026-09-17T12:59:18+08:00,酷狗音乐,热歌榜,酷狗TOP500,2026-09-17,253,谁明浪子心,王杰,,5:01,1E54C9C01C9DFC5C68F743368F353711,983991,https://www.kugou.com/yy/rank/home/12-8888.html?from=rank
2026-09-17,2026-09-17T12:59:18+08:00,酷狗音乐,热歌榜,酷狗TOP500,2026-09-17,254,感谢你曾来过,Ayo97、周思涵,,4:10,39DCBBDCB0B377628BEF5FD48EF01254,9101627,https://www.kugou.com/yy/rank/home/12-8888.html?from=rank
2026-09-17,2026-09-17T12:59:18+08:00,酷狗音乐,热歌榜,酷狗TOP500,2026-09-17,255,讨厌,芮恩,,4:18,C88A8D3EF16E2C4E944B947E0F56A7AD,2996887,https://www.kugou.com/yy/rank/home/12-8888.html?from=rank
2026-09-17,2026-09-17T12:59:18+08:00,酷狗音乐,热歌榜,酷狗TOP500,2026-09-17,256,突然好想你,五月天,,4:26,CF67FCE66C4F54823FDFCBD529797552,976965,https://www.kugou.com/yy/rank/home/12-8888.html?from=rank
2026-09-17,2026-09-17T12:59:18+08:00,酷狗音乐,热歌榜,酷狗TOP500,2026-09-17,257,有何不可,许嵩,,4:01,B3D5D7D3A140628D1605BD392467E348,973251,https://www.kugou.com/yy/rank/home/12-8888.html?from=rank
2026-09-17,2026-09-17T12:59:18+08:00,酷狗音乐,热歌榜,酷狗TOP500,2026-09-17,258,程艾影,赵雷,,5:00,6DA5EA9D9A1FA98072E8A5D7540DC7D5,60018447,https://www.kugou.com/yy/rank/home/12-8888.html?from=rank
2026-09-17,2026-09-17T12:59:18+08:00,酷狗音乐,热歌榜,酷狗TOP500,2026-09-17,259,初恋情人,刘小慧,,4:40,24BD04781E52FE8E7FAB2A6452D85320,532546,https://www.kugou.com/yy/rank/home/12-8888.html?from=rank
2026-09-17,2026-09-17T12:59:18+08:00,酷狗音乐,热歌榜,酷狗TOP500,2026-09-17,260,你不该权衡利弊,七喜,,3:41,EC4D4FC28AD4AFFA1819C38355BE3296,205423359,https://www.kugou.com/yy/rank/home/12-8888.html?from=rank
2026-09-17,2026-09-17T12:59:18+08:00,酷狗音乐,热歌榜,酷狗TOP500,2026-09-17,261,你是我触碰不到的风 (酒后释怀live对唱版),艾利（Ellie）、7paste,,3:52,63F146A4A7132C267C78F4832CD62C10,202093916,https://www.kugou.com/yy/rank/home/12-8888.html?from=rank
2026-09-17,2026-09-17T12:59:18+08:00,酷狗音乐,热歌榜,酷狗TOP500,2026-09-17,262,瞬,郑润泽,,4:45,C06970FDB48E8E1F9BBC7577B7BC1938,75949211,https://www.kugou.com/yy/rank/home/12-8888.html?from=rank
2026-09-17,2026-09-17T12:59:18+08:00,酷狗音乐,热歌榜,酷狗TOP500,2026-09-17,263,TWINROSE,刘竞屿、熊艺文,,3:56,6DA3CFBC3B934CFFEB9A02D3E3471C01,207295292,https://www.kugou.com/yy/rank/home/12-8888.html?from=rank
2026-09-17,2026-09-17T12:59:18+08:00,酷狗音乐,热歌榜,酷狗TOP500,2026-09-17,264,珊瑚海,周杰伦、Lara梁心颐,,4:16,90E34F0C582168E7EA857915771AB220,958909,https://www.kugou.com/yy/rank/home/12-8888.html?from=rank
2026-09-17,2026-09-17T12:59:18+08:00,酷狗音乐,热歌榜,酷狗TOP500,2026-09-17,265,后来的我们,五月天,,5:46,09120C11A5C376EC7D1640098FA70CDC,1748942,https://www.kugou.com/yy/rank/home/13-8888.html?from=rank
2026-09-17,2026-09-17T12:59:18+08:00,酷狗音乐,热歌榜,酷狗TOP500,2026-09-17,266,我们的歌,王力宏,,4:08,4E294957A0D9B72A78B61F3C2A63B6CC,503223,https://www.kugou.com/yy/rank/home/13-8888.html?from=rank
2026-09-17,2026-09-17T12:59:18+08:00,酷狗音乐,热歌榜,酷狗TOP500,2026-09-17,267,如果可以,韦礼安,,4:34,70425DF5F0C9FCED5E0468189A7F4A70,49958186,https://www.kugou.com/yy/rank/home/13-8888.html?from=rank
2026-09-17,2026-09-17T12:59:18+08:00,酷狗音乐,热歌榜,酷狗TOP500,2026-09-17,268,单身情歌,林志炫,,4:35,ACD27A452FE3D0348D38540762DA7BEB,971171,https://www.kugou.com/yy/rank/home/13-8888.html?from=rank
2026-09-17,2026-09-17T12:59:18+08:00,酷狗音乐,热歌榜,酷狗TOP500,2026-09-17,269,I Love You But I Gotta Let You Go (NINGNING Solo),aespa,,3:36,009C858AF4E1F67FFC0A16DC2B1D489B,207537443,https://www.kugou.com/yy/rank/home/13-8888.html?from=rank
2026-09-17,2026-09-17T12:59:18+08:00,酷狗音乐,热歌榜,酷狗TOP500,2026-09-17,270,烟花易冷,周杰伦,,4:23,B9FC03DF9015D6BFF0554A110BF2C84F,958812,https://www.kugou.com/yy/rank/home/13-8888.html?from=rank
2026-09-17,2026-09-17T12:59:18+08:00,酷狗音乐,热歌榜,酷狗TOP500,2026-09-17,271,一程山路,毛不易,,3:36,72F2E36F606EB3DACF2ACD9DE67FCBD3,34631159,https://www.kugou.com/yy/rank/home/13-8888.html?from=rank
2026-09-17,2026-09-17T12:59:18+08:00,酷狗音乐,热歌榜,酷狗TOP500,2026-09-17,272,听说你,于冬然,,3:59,D74845DF9E5EB016BFC5FC86F639CA49,58983593,https://www.kugou.com/yy/rank/home/13-8888.html?from=rank
2026-09-17,2026-09-17T12:59:18+08:00,酷狗音乐,热歌榜,酷狗TOP500,2026-09-17,273,如果累了就回故乡 (节奏版),王一佳,,3:18,FA307120FEEC9F7FBBEAC8847479B93D,204628878,https://www.kugou.com/yy/rank/home/13-8888.html?from=rank
2026-09-17,2026-09-17T12:59:18+08:00,酷狗音乐,热歌榜,酷狗TOP500,2026-09-17,274,不分手的恋爱,汪苏泷,,3:26,543A6E13C527E52886E51BBF14191C8F,37376237,https://www.kugou.com/yy/rank/home/13-8888.html?from=rank
2026-09-17,2026-09-17T12:59:18+08:00,酷狗音乐,热歌榜,酷狗TOP500,2026-09-17,275,断点,张敬轩,,4:28,2C2A571D91FF7BF6FE814887FFA7E592,2996592,https://www.kugou.com/yy/rank/home/13-8888.html?from=rank
2026-09-17,2026-09-17T12:59:18+08:00,酷狗音乐,热歌榜,酷狗TOP500,2026-09-17,276,梦的翅膀受了伤,大圆哥,,4:35,F2A2EBE34172E1CBFDD551DBFB361CA4,204867653,https://www.kugou.com/yy/rank/home/13-8888.html?from=rank
2026-09-17,2026-09-17T12:59:18+08:00,酷狗音乐,热歌榜,酷狗TOP500,2026-09-17,277,冬天的秘密,周传雄,,4:33,1088AEEAB9674A49F8067DCDEB1FC1EE,982655,https://www.kugou.com/yy/rank/home/13-8888.html?from=rank
2026-09-17,2026-09-17T12:59:18+08:00,酷狗音乐,热歌榜,酷狗TOP500,2026-09-17,278,先说爱的人为什么先离开,田园,,3:40,6379393814B0A74AB7B87B2FA9E87689,107655422,https://www.kugou.com/yy/rank/home/13-8888.html?from=rank
2026-09-17,2026-09-17T12:59:18+08:00,酷狗音乐,热歌榜,酷狗TOP500,2026-09-17,279,同花顺,林倛玉,,3:57,87C979FC3CBA27D6345528A1BEF05477,8603846,https://www.kugou.com/yy/rank/home/13-8888.html?from=rank
2026-09-17,2026-09-17T12:59:18+08:00,酷狗音乐,热歌榜,酷狗TOP500,2026-09-17,280,背着风流泪,文夫,,4:14,93313560CDE28F74AA7D2894E3C4D7F7,146986506,https://www.kugou.com/yy/rank/home/13-8888.html?from=rank
2026-09-17,2026-09-17T12:59:18+08:00,酷狗音乐,热歌榜,酷狗TOP500,2026-09-17,281,吻别 (烟嗓女版),烟嗓小希,,4:49,12750D3982067B33EB395B9BF2A714E0,200693191,https://www.kugou.com/yy/rank/home/13-8888.html?from=rank
2026-09-17,2026-09-17T12:59:18+08:00,酷狗音乐,热歌榜,酷狗TOP500,2026-09-17,282,就是爱你,陶喆,,4:24,43485D7A650AFF532E5ECF24D7FB6381,7547427,https://www.kugou.com/yy/rank/home/13-8888.html?from=rank
2026-09-17,2026-09-17T12:59:18+08:00,酷狗音乐,热歌榜,酷狗TOP500,2026-09-17,283,喜欢你,G.E.M.邓紫棋,,3:59,426D6BC62A73DF288F55CB3FCA8D2A62,557512,https://www.kugou.com/yy/rank/home/13-8888.html?from=rank
2026-09-17,2026-09-17T12:59:18+08:00,酷狗音乐,热歌榜,酷狗TOP500,2026-09-17,284,山风不语,伍零五,,2:54,8CA921D7DEB3E847BF2060E557402231,199624105,https://www.kugou.com/yy/rank/home/13-8888.html?from=rank
2026-09-17,2026-09-17T12:59:18+08:00,酷狗音乐,热歌榜,酷狗TOP500,2026-09-17,285,你的样子 (烟嗓版),十一经典老歌,,3:17,9CF9C5DDBC66437ED5BF2EDB46FF94D8,193387171,https://www.kugou.com/yy/rank/home/13-8888.html?from=rank
2026-09-17,2026-09-17T12:59:18+08:00,酷狗音乐,热歌榜,酷狗TOP500,2026-09-17,286,生而为人,尚士达,,5:20,2789D88534017546B173E0BFA9D6233B,13946205,https://www.kugou.com/yy/rank/home/13-8888.html?from=rank
2026-09-17,2026-09-17T12:59:18+08:00,酷狗音乐,热歌榜,酷狗TOP500,2026-09-17,287,不该 (with aMEI),周杰伦、张惠妹,,4:51,FCF336E81DA45A8E696032FFC1708175,1645030,https://www.kugou.com/yy/rank/home/14-8888.html?from=rank
2026-09-17,2026-09-17T12:59:18+08:00,酷狗音乐,热歌榜,酷狗TOP500,2026-09-17,288,平凡之路,朴树,,5:01,2BE5DE80E68B3346918D38CF7527D979,2944963,https://www.kugou.com/yy/rank/home/14-8888.html?from=rank
2026-09-17,2026-09-17T12:59:18+08:00,酷狗音乐,热歌榜,酷狗TOP500,2026-09-17,289,阳光下的星星,金海心,,4:44,8B60D8B58137C2D256DAA71B9D84C046,1738155,https://www.kugou.com/yy/rank/home/14-8888.html?from=rank
2026-09-17,2026-09-17T12:59:18+08:00,酷狗音乐,热歌榜,酷狗TOP500,2026-09-17,290,不遗憾,李荣浩,,5:20,40CE38D5DB930F404EB26F58978BEC3D,44404137,https://www.kugou.com/yy/rank/home/14-8888.html?from=rank
2026-09-17,2026-09-17T12:59:18+08:00,酷狗音乐,热歌榜,酷狗TOP500,2026-09-17,291,他真的对你好吗,付豪,,4:18,B1B875147F45355FF807402402F5B573,55501876,https://www.kugou.com/yy/rank/home/14-8888.html?from=rank
2026-09-17,2026-09-17T12:59:18+08:00,酷狗音乐,热歌榜,酷狗TOP500,2026-09-17,292,怎么说我不爱你,萧敬腾,,4:35,30A31A94C77268C92886E00D912AC03B,958893,https://www.kugou.com/yy/rank/home/14-8888.html?from=rank
2026-09-17,2026-09-17T12:59:18+08:00,酷狗音乐,热歌榜,酷狗TOP500,2026-09-17,293,水手,郑智化,,4:53,6DCF10DEA98A7C9F755BE385E822BE05,967718,https://www.kugou.com/yy/rank/home/14-8888.html?from=rank
2026-09-17,2026-09-17T12:59:18+08:00,酷狗音乐,热歌榜,酷狗TOP500,2026-09-17,294,不浪漫罪名,王杰,,4:48,4255D3F001B95B07F2D5BE330D14A780,503247,https://www.kugou.com/yy/rank/home/14-8888.html?from=rank
2026-09-17,2026-09-17T12:59:18+08:00,酷狗音乐,热歌榜,酷狗TOP500,2026-09-17,295,广东爱情故事,广东雨神,,3:34,7A2956668C7D5393FF16AD930C23F2FD,4162049,https://www.kugou.com/yy/rank/home/14-8888.html?from=rank
2026-09-17,2026-09-17T12:59:18+08:00,酷狗音乐,热歌榜,酷狗TOP500,2026-09-17,296,天龙八部之宿敌,许嵩,,4:24,9092283E08915874302A9C64032BC79D,503947,https://www.kugou.com/yy/rank/home/14-8888.html?from=rank
2026-09-17,2026-09-17T12:59:18+08:00,酷狗音乐,热歌榜,酷狗TOP500,2026-09-17,297,天黑黑,孙燕姿,,3:56,D4601C9FFEADB42961CE4E623FAFD279,973684,https://www.kugou.com/yy/rank/home/14-8888.html?from=rank
2026-09-17,2026-09-17T12:59:18+08:00,酷狗音乐,热歌榜,酷狗TOP500,2026-09-17,298,如果当时,许嵩,,5:16,697712B7504DA5541C3ED4D117AE1018,973251,https://www.kugou.com/yy/rank/home/14-8888.html?from=rank
2026-09-17,2026-09-17T12:59:18+08:00,酷狗音乐,热歌榜,酷狗TOP500,2026-09-17,299,我在月光下许过情真 (微醺版),苏晚星,,4:01,90D5CE02942E4B72FD20129E72A3DEA3,192801861,https://www.kugou.com/yy/rank/home/14-8888.html?from=rank
2026-09-17,2026-09-17T12:59:18+08:00,酷狗音乐,热歌榜,酷狗TOP500,2026-09-17,300,好久不见,陈奕迅,,4:11,8E1DDAF172D9C60A28C19358B07BFBF8,962514,https://www.kugou.com/yy/rank/home/14-8888.html?from=rank
2026-09-17,2026-09-17T12:59:18+08:00,酷狗音乐,热歌榜,酷狗TOP500,2026-09-17,301,像风一样,薛之谦,,4:15,ACC9BB4136622B3E2BA561B87FFF00D9,7818079,https://www.kugou.com/yy/rank/home/14-8888.html?from=rank
2026-09-17,2026-09-17T12:59:18+08:00,酷狗音乐,热歌榜,酷狗TOP500,2026-09-17,302,哼着你爱听的歌 (女版),田园,,3:20,37B0685181098FB8427291594EDBC8CD,162686180,https://www.kugou.com/yy/rank/home/14-8888.html?from=rank
2026-09-17,2026-09-17T12:59:18+08:00,酷狗音乐,热歌榜,酷狗TOP500,2026-09-17,303,西楼儿女,海来阿木,,4:18,84DA47460010F3D91E203F777233DAA4,62931439,https://www.kugou.com/yy/rank/home/14-8888.html?from=rank
2026-09-17,2026-09-17T12:59:18+08:00,酷狗音乐,热歌榜,酷狗TOP500,2026-09-17,304,不能说的秘密,周杰伦,,4:57,EDFC5DD1AC3D58971AB95B3E2700D015,554150,https://www.kugou.com/yy/rank/home/14-8888.html?from=rank
2026-09-17,2026-09-17T12:59:18+08:00,酷狗音乐,热歌榜,酷狗TOP500,2026-09-17,305,病态的爱 (忘不掉你带给我的吻),哈利白特、Zkaaai,,3:21,AA92A86A3BEF25416ADD03573FBBDEEE,133804191,https://www.kugou.com/yy/rank/home/14-8888.html?from=rank
2026-09-17,2026-09-17T12:59:18+08:00,酷狗音乐,热歌榜,酷狗TOP500,2026-09-17,306,那些年,胡夏,,6:11,95A46E232F3F0CFFDA7811B7D9C8E6C4,542864,https://www.kugou.com/yy/rank/home/14-8888.html?from=rank
2026-09-17,2026-09-17T12:59:18+08:00,酷狗音乐,热歌榜,酷狗TOP500,2026-09-17,307,I Miss You (暗黑Trap版),超级大瓜,,2:56,D04E732B1310DF5536506CEF6826A96A,197475978,https://www.kugou.com/yy/rank/home/14-8888.html?from=rank
2026-09-17,2026-09-17T12:59:18+08:00,酷狗音乐,热歌榜,酷狗TOP500,2026-09-17,308,求佛,誓言,,4:46,7B7140B23A836DC6EE63B6CD48482402,7614,https://www.kugou.com/yy/rank/home/14-8888.html?from=rank
2026-09-17,2026-09-17T12:59:18+08:00,酷狗音乐,热歌榜,酷狗TOP500,2026-09-17,309,爱我还是他,陶喆,,4:52,99BB8912A33F263BA28381DE8F52BFE6,7547427,https://www.kugou.com/yy/rank/home/15-8888.html?from=rank
2026-09-17,2026-09-17T12:59:18+08:00,酷狗音乐,热歌榜,酷狗TOP500,2026-09-17,310,IF YOU,BIGBANG,,4:24,33C5FC6AB3AF0B5B142F12C9556CB178,549436,https://www.kugou.com/yy/rank/home/15-8888.html?from=rank
2026-09-17,2026-09-17T12:59:18+08:00,酷狗音乐,热歌榜,酷狗TOP500,2026-09-17,311,就忘了吧+言不由衷+不如+醒不来的梦+我会等 (青春遗憾万人live合唱版),艾利（Ellie）、7paste、克里、夏莉依,,4:16,74640780EE99A1528F8A33816EE6B75F,203957635,https://www.kugou.com/yy/rank/home/15-8888.html?from=rank
2026-09-17,2026-09-17T12:59:18+08:00,酷狗音乐,热歌榜,酷狗TOP500,2026-09-17,312,不如见一面,海来阿木,,4:08,A8CC7F0EA73DE4DE226B26C3F44DD563,80038154,https://www.kugou.com/yy/rank/home/15-8888.html?from=rank
2026-09-17,2026-09-17T12:59:18+08:00,酷狗音乐,热歌榜,酷狗TOP500,2026-09-17,313,琵琶曲,刘宇,,3:45,F8E49EF8D5F52FC5927B3C19C226E1EF,206315389,https://www.kugou.com/yy/rank/home/15-8888.html?from=rank
2026-09-17,2026-09-17T12:59:18+08:00,酷狗音乐,热歌榜,酷狗TOP500,2026-09-17,314,是我不够好,李毓芬,,3:37,2B152C85BA2B73CBC79EA722928EF425,1590098,https://www.kugou.com/yy/rank/home/15-8888.html?from=rank
2026-09-17,2026-09-17T12:59:18+08:00,酷狗音乐,热歌榜,酷狗TOP500,2026-09-17,315,寂寞沙洲冷,周传雄,,4:35,36A4F5EAA748324A5D509D8EDC47699F,984377,https://www.kugou.com/yy/rank/home/15-8888.html?from=rank
2026-09-17,2026-09-17T12:59:18+08:00,酷狗音乐,热歌榜,酷狗TOP500,2026-09-17,316,读心术,卓文萱,,4:20,3F98A771F8F33556966A9990F66D95C4,965920,https://www.kugou.com/yy/rank/home/15-8888.html?from=rank
2026-09-17,2026-09-17T12:59:18+08:00,酷狗音乐,热歌榜,酷狗TOP500,2026-09-17,317,不配说爱我,常艾非,,3:36,10EF68690853322F1085306BE4AE823B,974903,https://www.kugou.com/yy/rank/home/15-8888.html?from=rank
2026-09-17,2026-09-17T12:59:18+08:00,酷狗音乐,热歌榜,酷狗TOP500,2026-09-17,318,冷夜,陈默之,,4:07,DC939521FA5F5736A33765D56B90E03C,84595635,https://www.kugou.com/yy/rank/home/15-8888.html?from=rank
2026-09-17,2026-09-17T12:59:18+08:00,酷狗音乐,热歌榜,酷狗TOP500,2026-09-17,319,虚拟,陈粒,,4:01,AEF0740270FE89918F07807C8D669FB7,1749208,https://www.kugou.com/yy/rank/home/15-8888.html?from=rank
2026-09-17,2026-09-17T12:59:18+08:00,酷狗音乐,热歌榜,酷狗TOP500,2026-09-17,320,岁月如笔写春秋,郭少杰,,4:11,6FCF099C6A88F85FC8417AFD452D54FD,190046745,https://www.kugou.com/yy/rank/home/15-8888.html?from=rank
2026-09-17,2026-09-17T12:59:18+08:00,酷狗音乐,热歌榜,酷狗TOP500,2026-09-17,321,你还要我怎样,薛之谦,,5:11,8C6AAC48FB5C3759042E4C8699544C6F,960327,https://www.kugou.com/yy/rank/home/15-8888.html?from=rank
2026-09-17,2026-09-17T12:59:18+08:00,酷狗音乐,热歌榜,酷狗TOP500,2026-09-17,322,天外来物,薛之谦,,4:17,761C1EAFBD1E22504B487F84D2152DF5,40890018,https://www.kugou.com/yy/rank/home/15-8888.html?from=rank
2026-09-17,2026-09-17T12:59:18+08:00,酷狗音乐,热歌榜,酷狗TOP500,2026-09-17,323,天地龙鳞,王力宏,,3:17,DD83DC4A30C3A05D60FFCE6944FB441C,50749156,https://www.kugou.com/yy/rank/home/15-8888.html?from=rank
2026-09-17,2026-09-17T12:59:18+08:00,酷狗音乐,热歌榜,酷狗TOP500,2026-09-17,324,沦陷,贾格JuggShots,,3:04,64C2E5D33BE5F53758F3E96DC8EEC3C3,95717116,https://www.kugou.com/yy/rank/home/15-8888.html?from=rank
2026-09-17,2026-09-17T12:59:18+08:00,酷狗音乐,热歌榜,酷狗TOP500,2026-09-17,325,真的爱你,BEYOND,,4:35,C46916711631EA28508A41C325A74E1B,971451,https://www.kugou.com/yy/rank/home/15-8888.html?from=rank
2026-09-17,2026-09-17T12:59:18+08:00,酷狗音乐,热歌榜,酷狗TOP500,2026-09-17,326,光年之外,G.E.M.邓紫棋,,3:56,AA47B03289C80586FF72146359914A0C,1952211,https://www.kugou.com/yy/rank/home/15-8888.html?from=rank
2026-09-17,2026-09-17T12:59:18+08:00,酷狗音乐,热歌榜,酷狗TOP500,2026-09-17,327,淘汰,陈奕迅,,4:45,90C64A1FB2F32663FA8037D847AABB57,962514,https://www.kugou.com/yy/rank/home/15-8888.html?from=rank
2026-09-17,2026-09-17T12:59:18+08:00,酷狗音乐,热歌榜,酷狗TOP500,2026-09-17,328,只为你着迷,李秉成,,4:01,C2F47FB042D8FE6A2B5265DFCF8919A5,11795396,https://www.kugou.com/yy/rank/home/15-8888.html?from=rank
2026-09-17,2026-09-17T12:59:18+08:00,酷狗音乐,热歌榜,酷狗TOP500,2026-09-17,329,最后一页,江语晨,,4:06,EF053996094A323B42C35195E9781A30,1596655,https://www.kugou.com/yy/rank/home/15-8888.html?from=rank
2026-09-17,2026-09-17T12:59:18+08:00,酷狗音乐,热歌榜,酷狗TOP500,2026-09-17,330,雨天,孙燕姿,,4:02,9077648AA3ABA06B76FD7569FB715EAF,4075477,https://www.kugou.com/yy/rank/home/15-8888.html?from=rank
2026-09-17,2026-09-17T12:59:18+08:00,酷狗音乐,热歌榜,酷狗TOP500,2026-09-17,331,再见只是陌生人,庄心妍,,4:12,67F2E5F1B47C2B86E201518FD24D9831,556403,https://www.kugou.com/yy/rank/home/16-8888.html?from=rank
2026-09-17,2026-09-17T12:59:18+08:00,酷狗音乐,热歌榜,酷狗TOP500,2026-09-17,332,疑心病,任然,,4:52,030BE0EE70580141E406B90363A08494,1006462,https://www.kugou.com/yy/rank/home/16-8888.html?from=rank
2026-09-17,2026-09-17T12:59:18+08:00,酷狗音乐,热歌榜,酷狗TOP500,2026-09-17,333,搀扶,马健涛,,5:28,D95AE3CC810BB62D28505AE1510C329F,130332417,https://www.kugou.com/yy/rank/home/16-8888.html?from=rank
2026-09-17,2026-09-17T12:59:18+08:00,酷狗音乐,热歌榜,酷狗TOP500,2026-09-17,334,你怕啥子嘛,乡野低频,,2:55,A1E31862580AA1515C375F16DDF95D9E,206040461,https://www.kugou.com/yy/rank/home/16-8888.html?from=rank
2026-09-17,2026-09-17T12:59:18+08:00,酷狗音乐,热歌榜,酷狗TOP500,2026-09-17,335,Take Me To Your Heart,Michael Learns To Rock,,3:58,C4B0F9CDC445058C9F5BCD60F5CF0D91,959808,https://www.kugou.com/yy/rank/home/16-8888.html?from=rank
2026-09-17,2026-09-17T12:59:18+08:00,酷狗音乐,热歌榜,酷狗TOP500,2026-09-17,336,指纹,杜宣达,,4:00,EAF4CB91DA618DBEDC751F54B3B3620D,50057639,https://www.kugou.com/yy/rank/home/16-8888.html?from=rank
2026-09-17,2026-09-17T12:59:18+08:00,酷狗音乐,热歌榜,酷狗TOP500,2026-09-17,337,恶作剧,王蓝茵,,3:47,05B893FC78627C3F5635491BBB35167E,720564,https://www.kugou.com/yy/rank/home/16-8888.html?from=rank
2026-09-17,2026-09-17T12:59:18+08:00,酷狗音乐,热歌榜,酷狗TOP500,2026-09-17,338,可能,程响,,3:37,38B234C1135A5E9A4C98D55C058A4894,57727291,https://www.kugou.com/yy/rank/home/16-8888.html?from=rank
2026-09-17,2026-09-17T12:59:18+08:00,酷狗音乐,热歌榜,酷狗TOP500,2026-09-17,339,怪你勾了我的魂 (现场版),彭妃妃,,2:29,93B8B6EA8302B0EDF0B20B2BF07A65F7,206678506,https://www.kugou.com/yy/rank/home/16-8888.html?from=rank
2026-09-17,2026-09-17T12:59:18+08:00,酷狗音乐,热歌榜,酷狗TOP500,2026-09-17,340,活成这样多可笑,任夏,,3:12,CEEF208FAFC37FF2EAB238927E6E30E1,205928743,https://www.kugou.com/yy/rank/home/16-8888.html?from=rank
2026-09-17,2026-09-17T12:59:18+08:00,酷狗音乐,热歌榜,酷狗TOP500,2026-09-17,341,天亮以前说再见,何野,,4:00,18E9FC6CF97258B75D090188EDBAE95B,11792318,https://www.kugou.com/yy/rank/home/16-8888.html?from=rank
2026-09-17,2026-09-17T12:59:18+08:00,酷狗音乐,热歌榜,酷狗TOP500,2026-09-17,342,是你没选我啊,于冬然,,3:22,885046DF8380B7506A6B12EC8F6E201D,176303736,https://www.kugou.com/yy/rank/home/16-8888.html?from=rank
2026-09-17,2026-09-17T12:59:18+08:00,酷狗音乐,热歌榜,酷狗TOP500,2026-09-17,343,最长的电影,周杰伦,,3:56,2F6D441163A92AEE5E52B8E94F36A3C7,979856,https://www.kugou.com/yy/rank/home/16-8888.html?from=rank
2026-09-17,2026-09-17T12:59:18+08:00,酷狗音乐,热歌榜,酷狗TOP500,2026-09-17,344,红豆,王菲,,4:16,AEF916A18BAAE9C8E7807179C8DA64D1,960812,https://www.kugou.com/yy/rank/home/16-8888.html?from=rank
2026-09-17,2026-09-17T12:59:18+08:00,酷狗音乐,热歌榜,酷狗TOP500,2026-09-17,345,过客,周思涵,,4:30,D713CDE36C5CB3F89495C28300880A92,2584684,https://www.kugou.com/yy/rank/home/16-8888.html?from=rank
2026-09-17,2026-09-17T12:59:18+08:00,酷狗音乐,热歌榜,酷狗TOP500,2026-09-17,346,落空,印子月,,3:53,F2823FEC8D01EDE2587ED3D32F787782,15394482,https://www.kugou.com/yy/rank/home/16-8888.html?from=rank
2026-09-17,2026-09-17T12:59:18+08:00,酷狗音乐,热歌榜,酷狗TOP500,2026-09-17,347,你的承诺,海鸣威,,3:53,9F08ECA9AE8E5EE2432E37FF914B95DE,490417,https://www.kugou.com/yy/rank/home/16-8888.html?from=rank
2026-09-17,2026-09-17T12:59:18+08:00,酷狗音乐,热歌榜,酷狗TOP500,2026-09-17,348,想你的话我再没有说,戎大姨,,2:55,8BF89D80B0A07EF35E2D7B2E8FA903E9,201189833,https://www.kugou.com/yy/rank/home/16-8888.html?from=rank
2026-09-17,2026-09-17T12:59:18+08:00,酷狗音乐,热歌榜,酷狗TOP500,2026-09-17,349,画,赵雷,,3:46,F5F4E2CAE64AC055C3E22A6C807832EE,965599,https://www.kugou.com/yy/rank/home/16-8888.html?from=rank
2026-09-17,2026-09-17T12:59:18+08:00,酷狗音乐,热歌榜,酷狗TOP500,2026-09-17,350,我恨明月不照我,阿YueYue,,4:12,B1B259EEA7E93DE5F6C759BA6C45777C,172322576,https://www.kugou.com/yy/rank/home/16-8888.html?from=rank
2026-09-17,2026-09-17T12:59:18+08:00,酷狗音乐,热歌榜,酷狗TOP500,2026-09-17,351,冷雨夜,BEYOND,,4:19,34721C6BD44CB5F92BF3E4150AE3B5F1,976137,https://www.kugou.com/yy/rank/home/16-8888.html?from=rank
2026-09-17,2026-09-17T12:59:18+08:00,酷狗音乐,热歌榜,酷狗TOP500,2026-09-17,352,独角戏,许茹芸,,4:37,59A58ADD9C4F4EECA6B20F3A1A04E956,973658,https://www.kugou.com/yy/rank/home/16-8888.html?from=rank
2026-09-17,2026-09-17T12:59:18+08:00,酷狗音乐,热歌榜,酷狗TOP500,2026-09-17,353,想你的夜,关喆,,4:25,1404A292A6E122C99696BDFF04CE982F,963737,https://www.kugou.com/yy/rank/home/17-8888.html?from=rank
2026-09-17,2026-09-17T12:59:18+08:00,酷狗音乐,热歌榜,酷狗TOP500,2026-09-17,354,太聪明,陈绮贞,,4:23,89101DA817101FEA0C9ECF64EAE2B46F,959335,https://www.kugou.com/yy/rank/home/17-8888.html?from=rank
2026-09-17,2026-09-17T12:59:18+08:00,酷狗音乐,热歌榜,酷狗TOP500,2026-09-17,355,Beauty And A Beat,Justin Bieber、Nicki Minaj,,3:47,FF5719341A9B004AA3E7312D617AE305,16996733,https://www.kugou.com/yy/rank/home/17-8888.html?from=rank
2026-09-17,2026-09-17T12:59:18+08:00,酷狗音乐,热歌榜,酷狗TOP500,2026-09-17,356,明明就,周杰伦,,4:20,D85C14E02008B7A2F97D55CDC29C2221,982051,https://www.kugou.com/yy/rank/home/17-8888.html?from=rank
2026-09-17,2026-09-17T12:59:18+08:00,酷狗音乐,热歌榜,酷狗TOP500,2026-09-17,357,总有一天你会出现在我身边,棱镜乐队,,4:30,8E6A42453EF5B06A87772F8FF4AD5188,10808308,https://www.kugou.com/yy/rank/home/17-8888.html?from=rank
2026-09-17,2026-09-17T12:59:18+08:00,酷狗音乐,热歌榜,酷狗TOP500,2026-09-17,358,大海,张雨生,,4:40,BF8252BEAE57AEB53490145CA8E81BB4,967705,https://www.kugou.com/yy/rank/home/17-8888.html?from=rank
2026-09-17,2026-09-17T12:59:18+08:00,酷狗音乐,热歌榜,酷狗TOP500,2026-09-17,359,留不住的夏天,黄霄雲,,3:36,726602612F82ECD0975401563EEBC0BF,207079434,https://www.kugou.com/yy/rank/home/17-8888.html?from=rank
2026-09-17,2026-09-17T12:59:18+08:00,酷狗音乐,热歌榜,酷狗TOP500,2026-09-17,360,总有风把你吹向远方 (现场念白live版),7paste,,3:27,BB67DD90D46992A2EF5548191FE35C21,203473109,https://www.kugou.com/yy/rank/home/17-8888.html?from=rank
2026-09-17,2026-09-17T12:59:18+08:00,酷狗音乐,热歌榜,酷狗TOP500,2026-09-17,361,不再犹豫,BEYOND,,4:15,C477FE5B38147B7522DFCF3DC5BB8A6B,8176296,https://www.kugou.com/yy/rank/home/17-8888.html?from=rank
2026-09-17,2026-09-17T12:59:18+08:00,酷狗音乐,热歌榜,酷狗TOP500,2026-09-17,362,花落叹,涂一乐,,2:14,8F285C629AE6F58493A951A66C5E07AB,204042603,https://www.kugou.com/yy/rank/home/17-8888.html?from=rank
2026-09-17,2026-09-17T12:59:18+08:00,酷狗音乐,热歌榜,酷狗TOP500,2026-09-17,363,你的背包,陈奕迅,,3:58,8D288C3652EABA7CA6EF6CEF790CE9AC,2996291,https://www.kugou.com/yy/rank/home/17-8888.html?from=rank
2026-09-17,2026-09-17T12:59:18+08:00,酷狗音乐,热歌榜,酷狗TOP500,2026-09-17,364,走走,李荣浩,,5:04,0BD5B6F56CED35BB3380425EC02E1098,106374641,https://www.kugou.com/yy/rank/home/17-8888.html?from=rank
2026-09-17,2026-09-17T12:59:18+08:00,酷狗音乐,热歌榜,酷狗TOP500,2026-09-17,365,ありがとう… (谢谢…),KOKIA,,4:09,E9A08A98614DD992F11A68A5E5F1C79F,1491689,https://www.kugou.com/yy/rank/home/17-8888.html?from=rank
2026-09-17,2026-09-17T12:59:18+08:00,酷狗音乐,热歌榜,酷狗TOP500,2026-09-17,366,Fast Cars & Superstars,Cristian Marchi、Reverend Haus,,2:52,9EA177A8A77A9E31B164F6BDA20D4776,81561846,https://www.kugou.com/yy/rank/home/17-8888.html?from=rank
2026-09-17,2026-09-17T12:59:18+08:00,酷狗音乐,热歌榜,酷狗TOP500,2026-09-17,367,情罪,陈瑞,,4:45,9642484D6F37650295B370CD52553DC5,80617215,https://www.kugou.com/yy/rank/home/17-8888.html?from=rank
2026-09-17,2026-09-17T12:59:18+08:00,酷狗音乐,热歌榜,酷狗TOP500,2026-09-17,368,春庭雪 (r&b微醺版),落日微醺,,3:44,34F0A836850778DA37190AA74ED2A06E,195834505,https://www.kugou.com/yy/rank/home/17-8888.html?from=rank
2026-09-17,2026-09-17T12:59:18+08:00,酷狗音乐,热歌榜,酷狗TOP500,2026-09-17,369,斑马，斑马,宋冬野,,4:13,E8D0F5B041E589F66D667ECEDBD58C35,979124,https://www.kugou.com/yy/rank/home/17-8888.html?from=rank
2026-09-17,2026-09-17T12:59:18+08:00,酷狗音乐,热歌榜,酷狗TOP500,2026-09-17,370,不得不爱,潘玮柏、弦子,,4:41,8F9E3FD474EA612C61EB20D1415767BF,972809,https://www.kugou.com/yy/rank/home/17-8888.html?from=rank
2026-09-17,2026-09-17T12:59:18+08:00,酷狗音乐,热歌榜,酷狗TOP500,2026-09-17,371,Radio (Dum-Dum),宋雨琦 (YUQI),,2:32,E8FFC3F649DA4476E2CEABFF3F94D103,140913986,https://www.kugou.com/yy/rank/home/17-8888.html?from=rank
2026-09-17,2026-09-17T12:59:18+08:00,酷狗音乐,热歌榜,酷狗TOP500,2026-09-17,372,白鸽乌鸦相爱的戏码,潘成（皮卡潘）,,2:54,1B5005F285D8B7FD083CA61C5753E9DB,100112898,https://www.kugou.com/yy/rank/home/17-8888.html?from=rank
2026-09-17,2026-09-17T12:59:18+08:00,酷狗音乐,热歌榜,酷狗TOP500,2026-09-17,373,해줘 (就骗我一次)(KOR Ver.),沈佳润Nina,,3:49,56277D54C5A19FB1852A0EDF75B25514,205394620,https://www.kugou.com/yy/rank/home/17-8888.html?from=rank
2026-09-17,2026-09-17T12:59:18+08:00,酷狗音乐,热歌榜,酷狗TOP500,2026-09-17,374,岸边客,夏子航（2603）,,4:32,E87EEB7804D4708714E6C38DE1F8E649,161846818,https://www.kugou.com/yy/rank/home/17-8888.html?from=rank
2026-09-17,2026-09-17T12:59:18+08:00,酷狗音乐,热歌榜,酷狗TOP500,2026-09-17,375,故乡,许巍,,5:14,9EFC9C93AB181E42113F226DFCFA454D,971568,https://www.kugou.com/yy/rank/home/18-8888.html?from=rank
2026-09-17,2026-09-17T12:59:18+08:00,酷狗音乐,热歌榜,酷狗TOP500,2026-09-17,376,命运,家家,,3:51,B149A3BFD19481F91B9A652AA8EA21C1,959745,https://www.kugou.com/yy/rank/home/18-8888.html?from=rank
2026-09-17,2026-09-17T12:59:18+08:00,酷狗音乐,热歌榜,酷狗TOP500,2026-09-17,377,喀什噶尔胡杨,刀郎,,6:16,878B55D6F1BC4799D3D1976E64329082,961038,https://www.kugou.com/yy/rank/home/18-8888.html?from=rank
2026-09-17,2026-09-17T12:59:18+08:00,酷狗音乐,热歌榜,酷狗TOP500,2026-09-17,378,背叛情歌 (烟嗓版),谢尔西,,4:39,0C2FCE33BA27021CA0964D45484F2DE5,198720373,https://www.kugou.com/yy/rank/home/18-8888.html?from=rank
2026-09-17,2026-09-17T12:59:18+08:00,酷狗音乐,热歌榜,酷狗TOP500,2026-09-17,379,红蔷薇白玫瑰 (G.E.M.重生版),G.E.M.邓紫棋,,4:45,FF4AAAE19876C6F2B9B888794FA6E664,150256944,https://www.kugou.com/yy/rank/home/18-8888.html?from=rank
2026-09-17,2026-09-17T12:59:18+08:00,酷狗音乐,热歌榜,酷狗TOP500,2026-09-17,380,爱，请问怎么走,A-Lin,,4:28,D67CB2EA6082D5AB871509EC06B48370,964045,https://www.kugou.com/yy/rank/home/18-8888.html?from=rank
2026-09-17,2026-09-17T12:59:18+08:00,酷狗音乐,热歌榜,酷狗TOP500,2026-09-17,381,此刻,袁娅维TIA RAY,,3:34,659A08774AB3B2E9D64AA7273EB202FC,204979963,https://www.kugou.com/yy/rank/home/18-8888.html?from=rank
2026-09-17,2026-09-17T12:59:18+08:00,酷狗音乐,热歌榜,酷狗TOP500,2026-09-17,382,嘉宾,张远,,5:34,96D0DEFE09DFE43C57EE9AC3B1EA408E,39699796,https://www.kugou.com/yy/rank/home/18-8888.html?from=rank
2026-09-17,2026-09-17T12:59:18+08:00,酷狗音乐,热歌榜,酷狗TOP500,2026-09-17,383,痴心绝对,李圣杰,,4:22,2B7176CC7B1E7F5A136A5A1E1AACD365,966511,https://www.kugou.com/yy/rank/home/18-8888.html?from=rank
2026-09-17,2026-09-17T12:59:18+08:00,酷狗音乐,热歌榜,酷狗TOP500,2026-09-17,384,记事本,陈慧琳,,4:11,26684870E2CE3936A3D72559F67C0606,2996651,https://www.kugou.com/yy/rank/home/18-8888.html?from=rank
2026-09-17,2026-09-17T12:59:18+08:00,酷狗音乐,热歌榜,酷狗TOP500,2026-09-17,385,如果这就是爱情,张靓颖,,4:43,4E871DF1E2034CF6BAAD7B03D2386058,2597425,https://www.kugou.com/yy/rank/home/18-8888.html?from=rank
2026-09-17,2026-09-17T12:59:18+08:00,酷狗音乐,热歌榜,酷狗TOP500,2026-09-17,386,只若初见,张德伊玲,,3:24,0AC57BC59B96F7BF216744F93617FC8B,58285492,https://www.kugou.com/yy/rank/home/18-8888.html?from=rank
2026-09-17,2026-09-17T12:59:18+08:00,酷狗音乐,热歌榜,酷狗TOP500,2026-09-17,387,慢冷 (Live),李荣浩,,2:44,3536800EC50F04EBF68FB22E7AF6B124,59599171,https://www.kugou.com/yy/rank/home/18-8888.html?from=rank
2026-09-17,2026-09-17T12:59:18+08:00,酷狗音乐,热歌榜,酷狗TOP500,2026-09-17,388,山高路远,全幺九,,3:19,2D9FB42C6D533DCB3999B5297E7BF9A8,161052913,https://www.kugou.com/yy/rank/home/18-8888.html?from=rank
2026-09-17,2026-09-17T12:59:18+08:00,酷狗音乐,热歌榜,酷狗TOP500,2026-09-17,389,山风山风等等我 (女声对唱版),鱼精、大潞、王一佳,,3:29,678FAD133317FCF0357AE11ABF5051D8,207258882,https://www.kugou.com/yy/rank/home/18-8888.html?from=rank
2026-09-17,2026-09-17T12:59:18+08:00,酷狗音乐,热歌榜,酷狗TOP500,2026-09-17,390,好心分手,王力宏、卢巧音,,2:56,44F1E1700FFD6D05711534DCF79A4CB2,49308241,https://www.kugou.com/yy/rank/home/18-8888.html?from=rank
2026-09-17,2026-09-17T12:59:18+08:00,酷狗音乐,热歌榜,酷狗TOP500,2026-09-17,391,最爱,周慧敏,,4:25,DBC221919A9686F684F90E1920179363,568311,https://www.kugou.com/yy/rank/home/18-8888.html?from=rank
2026-09-17,2026-09-17T12:59:18+08:00,酷狗音乐,热歌榜,酷狗TOP500,2026-09-17,392,月光,胡彦斌,,4:32,3ED31D9A5C8B2F28529E69E8B17DFEA3,7547355,https://www.kugou.com/yy/rank/home/18-8888.html?from=rank
2026-09-17,2026-09-17T12:59:18+08:00,酷狗音乐,热歌榜,酷狗TOP500,2026-09-17,393,明天，你好,牛奶咖啡,,4:32,A9527F71F7149F13E1F78B23C25DD30B,967562,https://www.kugou.com/yy/rank/home/18-8888.html?from=rank
2026-09-17,2026-09-17T12:59:18+08:00,酷狗音乐,热歌榜,酷狗TOP500,2026-09-17,394,左手指月,萨顶顶,,3:51,EBCCDE59F97BC06183F3B1A8502B7479,22191384,https://www.kugou.com/yy/rank/home/18-8888.html?from=rank
2026-09-17,2026-09-17T12:59:18+08:00,酷狗音乐,热歌榜,酷狗TOP500,2026-09-17,395,无赖,郑中基,,4:04,1C8DCCD42F3FA29BB2878E20C90281E3,7547818,https://www.kugou.com/yy/rank/home/18-8888.html?from=rank
2026-09-17,2026-09-17T12:59:18+08:00,酷狗音乐,热歌榜,酷狗TOP500,2026-09-17,396,美丽的神话,孙楠、韩红,,4:52,877281C8E094A848F022BCAAA76945CB,964166,https://www.kugou.com/yy/rank/home/18-8888.html?from=rank
2026-09-17,2026-09-17T12:59:18+08:00,酷狗音乐,热歌榜,酷狗TOP500,2026-09-17,397,迷人的危险,Dance Flow,,3:26,0F666EF632DB9404308219BE5AAE43B4,551560,https://www.kugou.com/yy/rank/home/19-8888.html?from=rank
2026-09-17,2026-09-17T12:59:18+08:00,酷狗音乐,热歌榜,酷狗TOP500,2026-09-17,398,遗失的心跳,萧亚轩,,3:37,54C1A6E877BB37D052A86D4C41604FE7,521727,https://www.kugou.com/yy/rank/home/19-8888.html?from=rank
2026-09-17,2026-09-17T12:59:18+08:00,酷狗音乐,热歌榜,酷狗TOP500,2026-09-17,399,晚风心里吹,阿梨粤,,3:07,DFFB8F6768AC5044881BB6DD11BDED53,55808898,https://www.kugou.com/yy/rank/home/19-8888.html?from=rank
2026-09-17,2026-09-17T12:59:18+08:00,酷狗音乐,热歌榜,酷狗TOP500,2026-09-17,400,三国恋,Tank,,4:06,1325E661C6044048943A8D7D417ED280,966742,https://www.kugou.com/yy/rank/home/19-8888.html?from=rank
2026-09-17,2026-09-17T12:59:18+08:00,酷狗音乐,热歌榜,酷狗TOP500,2026-09-17,401,容易受伤的女人,王菲,,4:21,C4BDD79D611789B65B368283D4DDAB0F,980244,https://www.kugou.com/yy/rank/home/19-8888.html?from=rank
2026-09-17,2026-09-17T12:59:18+08:00,酷狗音乐,热歌榜,酷狗TOP500,2026-09-17,402,谁在意我流下的泪 (重制版),蒋雪儿Snow.J,,5:23,A21D9575037EB1F234F60A5000C8C59F,24184391,https://www.kugou.com/yy/rank/home/19-8888.html?from=rank
2026-09-17,2026-09-17T12:59:18+08:00,酷狗音乐,热歌榜,酷狗TOP500,2026-09-17,403,听海,张惠妹,,5:18,8ACB6E60840E6D30822BEA443309BE58,973665,https://www.kugou.com/yy/rank/home/19-8888.html?from=rank
2026-09-17,2026-09-17T12:59:18+08:00,酷狗音乐,热歌榜,酷狗TOP500,2026-09-17,404,小小的一片云 (氛围版),泥小蝶bye,,3:18,B5A9A210C06F18FE996F16AF5E026E62,205700202,https://www.kugou.com/yy/rank/home/19-8888.html?from=rank
2026-09-17,2026-09-17T12:59:18+08:00,酷狗音乐,热歌榜,酷狗TOP500,2026-09-17,405,秋殇别恋 (男女撕裂对唱),梨子芥菜、戚悦,,4:19,CA8495DA3927226C0A3FBBD6B95B8315,190178204,https://www.kugou.com/yy/rank/home/19-8888.html?from=rank
2026-09-17,2026-09-17T12:59:18+08:00,酷狗音乐,热歌榜,酷狗TOP500,2026-09-17,406,不潮不用花钱,林俊杰,,3:54,5A84BBA4C673BEA45083C521ADF366AF,963179,https://www.kugou.com/yy/rank/home/19-8888.html?from=rank
2026-09-17,2026-09-17T12:59:18+08:00,酷狗音乐,热歌榜,酷狗TOP500,2026-09-17,407,Letting Go,蔡健雅,,4:23,326CBB23BAA90062047512376AA406A4,978874,https://www.kugou.com/yy/rank/home/19-8888.html?from=rank
2026-09-17,2026-09-17T12:59:18+08:00,酷狗音乐,热歌榜,酷狗TOP500,2026-09-17,408,句号,G.E.M.邓紫棋,,3:56,0EC0DFE7A4090B3C5C2C1831D7F3ED51,35503028,https://www.kugou.com/yy/rank/home/19-8888.html?from=rank
2026-09-17,2026-09-17T12:59:18+08:00,酷狗音乐,热歌榜,酷狗TOP500,2026-09-17,409,你有没有真的爱过我 (烟嗓版),寂寞阿图,,3:45,5EF8404977086AB95C304D857271FB10,190169654,https://www.kugou.com/yy/rank/home/19-8888.html?from=rank
2026-09-17,2026-09-17T12:59:18+08:00,酷狗音乐,热歌榜,酷狗TOP500,2026-09-17,410,难却,平生不晚,,3:07,7522BE83CE2ECBB483C702E3D67B2F85,59487317,https://www.kugou.com/yy/rank/home/19-8888.html?from=rank
2026-09-17,2026-09-17T12:59:18+08:00,酷狗音乐,热歌榜,酷狗TOP500,2026-09-17,411,说散就散,袁娅维TIA RAY,,4:03,837D7CEC9202B47F077BB7FE8C0C1A08,8025931,https://www.kugou.com/yy/rank/home/19-8888.html?from=rank
2026-09-17,2026-09-17T12:59:18+08:00,酷狗音乐,热歌榜,酷狗TOP500,2026-09-17,412,等你等到我心痛,张学友,,4:13,4A1ADC422B26B1388DE746F4E1DD5EB4,977805,https://www.kugou.com/yy/rank/home/19-8888.html?from=rank
2026-09-17,2026-09-17T12:59:18+08:00,酷狗音乐,热歌榜,酷狗TOP500,2026-09-17,413,野孩子,杨千嬅,,3:42,ED4FCCCEDC3C6116DD3431D2B6B62991,963906,https://www.kugou.com/yy/rank/home/19-8888.html?from=rank
2026-09-17,2026-09-17T12:59:18+08:00,酷狗音乐,热歌榜,酷狗TOP500,2026-09-17,414,撕夜,阿杜,,4:39,F4654DA8D595995AA50EC54232E1D525,963634,https://www.kugou.com/yy/rank/home/19-8888.html?from=rank
2026-09-17,2026-09-17T12:59:18+08:00,酷狗音乐,热歌榜,酷狗TOP500,2026-09-17,415,坠落,蔡健雅,,4:10,233254CB517BAA74387361C2158519DA,974379,https://www.kugou.com/yy/rank/home/19-8888.html?from=rank
2026-09-17,2026-09-17T12:59:18+08:00,酷狗音乐,热歌榜,酷狗TOP500,2026-09-17,416,推开世界的门,杨乃文,,4:42,6B5A905C8904FD4A23D255DA1B5592C9,1803972,https://www.kugou.com/yy/rank/home/19-8888.html?from=rank
2026-09-17,2026-09-17T12:59:18+08:00,酷狗音乐,热歌榜,酷狗TOP500,2026-09-17,417,我记得你眼里的依恋,音乐磁场,,4:26,3DC14999D44A869D4FC0134F7E489573,8597706,https://www.kugou.com/yy/rank/home/19-8888.html?from=rank
2026-09-17,2026-09-17T12:59:18+08:00,酷狗音乐,热歌榜,酷狗TOP500,2026-09-17,418,淋雨的人,阿图表妹,,3:59,EEB3B4F416E4D8777817C79127FCBFFC,183624154,https://www.kugou.com/yy/rank/home/19-8888.html?from=rank
2026-09-17,2026-09-17T12:59:18+08:00,酷狗音乐,热歌榜,酷狗TOP500,2026-09-17,419,琵琶行,奇然、沈谧仁,,5:35,0AB355EF75A56A57E1790734B2E26ED9,2563381,https://www.kugou.com/yy/rank/home/20-8888.html?from=rank
2026-09-17,2026-09-17T12:59:18+08:00,酷狗音乐,热歌榜,酷狗TOP500,2026-09-17,420,愿与愁,林俊杰,,3:52,4A2A7260442B0A5D5F17295F1DD7241B,71681690,https://www.kugou.com/yy/rank/home/20-8888.html?from=rank
2026-09-17,2026-09-17T12:59:18+08:00,酷狗音乐,热歌榜,酷狗TOP500,2026-09-17,421,叹云兮,鞠婧祎,,4:43,DB94CC1C55558D7ED4B0E402A2DF065D,8700851,https://www.kugou.com/yy/rank/home/20-8888.html?from=rank
2026-09-17,2026-09-17T12:59:18+08:00,酷狗音乐,热歌榜,酷狗TOP500,2026-09-17,422,听哭了自己,沧桑老叔,,3:32,2F886E50337A0268514AA517C5E13A39,184905718,https://www.kugou.com/yy/rank/home/20-8888.html?from=rank
2026-09-17,2026-09-17T12:59:18+08:00,酷狗音乐,热歌榜,酷狗TOP500,2026-09-17,423,悬溺,葛东琪,,3:17,666484E904A54B1E62C9FBFDBE6E2563,23773597,https://www.kugou.com/yy/rank/home/20-8888.html?from=rank
2026-09-17,2026-09-17T12:59:18+08:00,酷狗音乐,热歌榜,酷狗TOP500,2026-09-17,424,别回头 (不朽版),PAMajor,,3:32,887215E010BC9D5CB82830A131C86596,163052521,https://www.kugou.com/yy/rank/home/20-8888.html?from=rank
2026-09-17,2026-09-17T12:59:18+08:00,酷狗音乐,热歌榜,酷狗TOP500,2026-09-17,425,安和桥,宇西,,4:09,BFB6233E7687776800FDA3FD76EBFB41,13667444,https://www.kugou.com/yy/rank/home/20-8888.html?from=rank
2026-09-17,2026-09-17T12:59:18+08:00,酷狗音乐,热歌榜,酷狗TOP500,2026-09-17,426,一样的月光,徐佳莹,,4:00,E470A579E87A5436E68FAA51AD18A379,972101,https://www.kugou.com/yy/rank/home/20-8888.html?from=rank
2026-09-17,2026-09-17T12:59:18+08:00,酷狗音乐,热歌榜,酷狗TOP500,2026-09-17,427,少一点天份,孙盛希,,4:35,FFD1F05E5D06A1DDFAEDFE6A3379A271,566029,https://www.kugou.com/yy/rank/home/20-8888.html?from=rank
2026-09-17,2026-09-17T12:59:18+08:00,酷狗音乐,热歌榜,酷狗TOP500,2026-09-17,428,有点甜,汪苏泷、BY2,,3:55,99CFDC717FEB7DABCD8A6392D821FC08,516425,https://www.kugou.com/yy/rank/home/20-8888.html?from=rank
2026-09-17,2026-09-17T12:59:18+08:00,酷狗音乐,热歌榜,酷狗TOP500,2026-09-17,429,等你下课 (with 杨瑞代),周杰伦,,4:30,5D043EC8BF78A185A01CC45A6032DE1F,58849245,https://www.kugou.com/yy/rank/home/20-8888.html?from=rank
2026-09-17,2026-09-17T12:59:18+08:00,酷狗音乐,热歌榜,酷狗TOP500,2026-09-17,430,刻在我心底的名字,卢广仲,,5:20,5CDCAAF9E7B91E94FD012589D00FDBEA,39020767,https://www.kugou.com/yy/rank/home/20-8888.html?from=rank
2026-09-17,2026-09-17T12:59:18+08:00,酷狗音乐,热歌榜,酷狗TOP500,2026-09-17,431,大城小爱,王力宏,,3:45,3EAF74E9E5065C03B050F356F0567311,2820176,https://www.kugou.com/yy/rank/home/20-8888.html?from=rank
2026-09-17,2026-09-17T12:59:18+08:00,酷狗音乐,热歌榜,酷狗TOP500,2026-09-17,432,拆穿,小霞,,3:57,365C579BC6436ECA01A004531ADFCE04,938970,https://www.kugou.com/yy/rank/home/20-8888.html?from=rank
2026-09-17,2026-09-17T12:59:18+08:00,酷狗音乐,热歌榜,酷狗TOP500,2026-09-17,433,天若有情,A-Lin,,4:17,2E6CE4E79982AE2119A69C1D30537EA2,1805426,https://www.kugou.com/yy/rank/home/20-8888.html?from=rank
2026-09-17,2026-09-17T12:59:18+08:00,酷狗音乐,热歌榜,酷狗TOP500,2026-09-17,434,意外,薛之谦,,4:52,04E0EDE41EA3CCFF76C04F414E1D03A7,960327,https://www.kugou.com/yy/rank/home/20-8888.html?from=rank
2026-09-17,2026-09-17T12:59:18+08:00,酷狗音乐,热歌榜,酷狗TOP500,2026-09-17,435,反方向的钟,周杰伦,,4:18,A6049AAB184A305CAA906C6BBB8E8233,978031,https://www.kugou.com/yy/rank/home/20-8888.html?from=rank
2026-09-17,2026-09-17T12:59:18+08:00,酷狗音乐,热歌榜,酷狗TOP500,2026-09-17,436,如果累了就回故乡 (微醺版),落日微醺,,3:44,4B63841480B40824990E763D112C5D1F,205125995,https://www.kugou.com/yy/rank/home/20-8888.html?from=rank
2026-09-17,2026-09-17T12:59:18+08:00,酷狗音乐,热歌榜,酷狗TOP500,2026-09-17,437,そばにいるね (留在我身边),青山テルマ、SoulJa,,5:00,15ECAE5528C7B8E085423F27AA07E63A,16051946,https://www.kugou.com/yy/rank/home/20-8888.html?from=rank
2026-09-17,2026-09-17T12:59:18+08:00,酷狗音乐,热歌榜,酷狗TOP500,2026-09-17,438,연애의 조건 (恋爱的条件),BESTie,,3:12,FBE0D895B585AFAD693FE42529311608,959733,https://www.kugou.com/yy/rank/home/20-8888.html?from=rank
2026-09-17,2026-09-17T12:59:18+08:00,酷狗音乐,热歌榜,酷狗TOP500,2026-09-17,439,也许在下雨天 (眼泪才不被看见),何遇Hayu、Crybird,,3:47,18D96FA29BBCB2873400BEAB17B817CF,194623547,https://www.kugou.com/yy/rank/home/20-8888.html?from=rank
2026-09-17,2026-09-17T12:59:18+08:00,酷狗音乐,热歌榜,酷狗TOP500,2026-09-17,440,多余的解释,许嵩,,4:37,9678D4878727F744FD3D19663CAA8AD9,973251,https://www.kugou.com/yy/rank/home/20-8888.html?from=rank
2026-09-17,2026-09-17T12:59:18+08:00,酷狗音乐,热歌榜,酷狗TOP500,2026-09-17,441,Because of You,Kelly Clarkson,,3:39,FED9A7BE6BC7D2FF3B8426ECEF34A2B6,1592158,https://www.kugou.com/yy/rank/home/21-8888.html?from=rank
2026-09-17,2026-09-17T12:59:18+08:00,酷狗音乐,热歌榜,酷狗TOP500,2026-09-17,442,周旋,王以太、艾热AIR,,4:50,D4B5A2762AD5716EB290DD452721B5E4,198788223,https://www.kugou.com/yy/rank/home/21-8888.html?from=rank
2026-09-17,2026-09-17T12:59:18+08:00,酷狗音乐,热歌榜,酷狗TOP500,2026-09-17,443,一个人想着一个人,曾沛慈,,4:04,C9148675D85D3C2B306E966000BC5ABD,542900,https://www.kugou.com/yy/rank/home/21-8888.html?from=rank
2026-09-17,2026-09-17T12:59:18+08:00,酷狗音乐,热歌榜,酷狗TOP500,2026-09-17,444,倒数,G.E.M.邓紫棋,,3:49,65945C4D6FB03D7997AE133C9BE5715D,9373625,https://www.kugou.com/yy/rank/home/21-8888.html?from=rank
2026-09-17,2026-09-17T12:59:18+08:00,酷狗音乐,热歌榜,酷狗TOP500,2026-09-17,445,土坡上的狗尾草,卢润泽,,3:15,5E40742110D3DB109A22BDB1012C6EBB,104913971,https://www.kugou.com/yy/rank/home/21-8888.html?from=rank
2026-09-17,2026-09-17T12:59:18+08:00,酷狗音乐,热歌榜,酷狗TOP500,2026-09-17,446,怎么会狠心伤害我,郑源,,4:31,A920AE990FFE0A48E557B30EBC2DC4A1,969284,https://www.kugou.com/yy/rank/home/21-8888.html?from=rank
2026-09-17,2026-09-17T12:59:18+08:00,酷狗音乐,热歌榜,酷狗TOP500,2026-09-17,447,一生中最爱,谭咏麟,,4:19,360AD5530A95B8983E2AB369607A7D1B,960008,https://www.kugou.com/yy/rank/home/21-8888.html?from=rank
2026-09-17,2026-09-17T12:59:18+08:00,酷狗音乐,热歌榜,酷狗TOP500,2026-09-17,448,Copines,Aya Nakamura,,2:52,1CDA977A7FC0BCCC23BC7DF4D0194389,39155596,https://www.kugou.com/yy/rank/home/21-8888.html?from=rank
2026-09-17,2026-09-17T12:59:18+08:00,酷狗音乐,热歌榜,酷狗TOP500,2026-09-17,449,别怕我伤心,张信哲,,4:47,976677A739F25908591FA822CB1F1DF3,538030,https://www.kugou.com/yy/rank/home/21-8888.html?from=rank
2026-09-17,2026-09-17T12:59:18+08:00,酷狗音乐,热歌榜,酷狗TOP500,2026-09-17,450,默,那英,,5:26,E154060676D6BDFEF0AF092E64492D6F,547706,https://www.kugou.com/yy/rank/home/21-8888.html?from=rank
2026-09-17,2026-09-17T12:59:18+08:00,酷狗音乐,热歌榜,酷狗TOP500,2026-09-17,451,天后,陈势安,,4:49,BACAD417B46756425B18E0CDE6C3B308,1378,https://www.kugou.com/yy/rank/home/21-8888.html?from=rank
2026-09-17,2026-09-17T12:59:18+08:00,酷狗音乐,热歌榜,酷狗TOP500,2026-09-17,452,荒,郑鱼,,3:30,1D1B5597513DF51039D2E6F34F9CB31C,70140125,https://www.kugou.com/yy/rank/home/21-8888.html?from=rank
2026-09-17,2026-09-17T12:59:18+08:00,酷狗音乐,热歌榜,酷狗TOP500,2026-09-17,453,暧昧,薛之谦,,5:12,B3A4E466F13F44FA0B91FA4EB8E6DECA,7818079,https://www.kugou.com/yy/rank/home/21-8888.html?from=rank
2026-09-17,2026-09-17T12:59:18+08:00,酷狗音乐,热歌榜,酷狗TOP500,2026-09-17,454,姑娘别哭泣,柯柯柯啊,,3:56,1B537C99761F8F25AEFFF30B6DCE08D5,77472711,https://www.kugou.com/yy/rank/home/21-8888.html?from=rank
2026-09-17,2026-09-17T12:59:18+08:00,酷狗音乐,热歌榜,酷狗TOP500,2026-09-17,455,匿名的好友,杨丞琳,,4:23,F9CE6B13B4C90B01B3C129FF11B11C87,2694607,https://www.kugou.com/yy/rank/home/21-8888.html?from=rank
2026-09-17,2026-09-17T12:59:18+08:00,酷狗音乐,热歌榜,酷狗TOP500,2026-09-17,456,从前说,小阿七,,4:12,56851B29C26109489361B0021A4FDD9E,51858164,https://www.kugou.com/yy/rank/home/21-8888.html?from=rank
2026-09-17,2026-09-17T12:59:18+08:00,酷狗音乐,热歌榜,酷狗TOP500,2026-09-17,457,我向山河借束光,木娜,,4:26,68E474B0ACE21FAEADFAC86EE9883D3C,205786167,https://www.kugou.com/yy/rank/home/21-8888.html?from=rank
2026-09-17,2026-09-17T12:59:18+08:00,酷狗音乐,热歌榜,酷狗TOP500,2026-09-17,458,倒带,蔡依林,,4:26,446507D2332BC3F263596363A97C6E95,976925,https://www.kugou.com/yy/rank/home/21-8888.html?from=rank
2026-09-17,2026-09-17T12:59:18+08:00,酷狗音乐,热歌榜,酷狗TOP500,2026-09-17,459,卡布奇诺,6诗人,,3:04,5FE82C07C44F70E5B5F357F707C04549,8499380,https://www.kugou.com/yy/rank/home/21-8888.html?from=rank
2026-09-17,2026-09-17T12:59:18+08:00,酷狗音乐,热歌榜,酷狗TOP500,2026-09-17,460,下雨天,南拳妈妈,,4:13,947127F991A6A4FF77C89779E6B25AF4,983794,https://www.kugou.com/yy/rank/home/21-8888.html?from=rank
2026-09-17,2026-09-17T12:59:18+08:00,酷狗音乐,热歌榜,酷狗TOP500,2026-09-17,461,Amani (女声版),落日微醺,,3:54,0E1705D85CE6D8BE87784DFA9C9A5624,194642479,https://www.kugou.com/yy/rank/home/21-8888.html?from=rank
2026-09-17,2026-09-17T12:59:18+08:00,酷狗音乐,热歌榜,酷狗TOP500,2026-09-17,462,秋风一吹 又老一岁,呆呆妹,,3:28,89F25A2DFD3CD293C6CA0D49F4EC115D,205824830,https://www.kugou.com/yy/rank/home/21-8888.html?from=rank
2026-09-17,2026-09-17T12:59:18+08:00,酷狗音乐,热歌榜,酷狗TOP500,2026-09-17,463,莫问归期,蒋雪儿Snow.J,,3:39,F0E418FB19E8D295D0F78E50AE3B7E30,27453193,https://www.kugou.com/yy/rank/home/22-8888.html?from=rank
2026-09-17,2026-09-17T12:59:18+08:00,酷狗音乐,热歌榜,酷狗TOP500,2026-09-17,464,听说当初你找过我,贺一航,,4:06,8853D5BDDDE97FEACFAF65371B68AD57,1969900,https://www.kugou.com/yy/rank/home/22-8888.html?from=rank
2026-09-17,2026-09-17T12:59:18+08:00,酷狗音乐,热歌榜,酷狗TOP500,2026-09-17,465,得到你的人却得不到你的心,欢子,,4:21,A8A9714EBEC289A4D2FD6AFDFA20D0B9,969836,https://www.kugou.com/yy/rank/home/22-8888.html?from=rank
2026-09-17,2026-09-17T12:59:18+08:00,酷狗音乐,热歌榜,酷狗TOP500,2026-09-17,466,中意你 (万人大合唱live版),7paste,,3:47,B84C1F8D11652ABBEFC2D3AEE9160E28,203170200,https://www.kugou.com/yy/rank/home/22-8888.html?from=rank
2026-09-17,2026-09-17T12:59:18+08:00,酷狗音乐,热歌榜,酷狗TOP500,2026-09-17,467,朋友的酒,李晓杰,,4:22,67D5EF87795797D3BFE6A8C21013F552,573413,https://www.kugou.com/yy/rank/home/22-8888.html?from=rank
2026-09-17,2026-09-17T12:59:18+08:00,酷狗音乐,热歌榜,酷狗TOP500,2026-09-17,468,麦恩莉,方大同,,4:48,3A08C7B067EC2E9B552AB8664490FCEB,971920,https://www.kugou.com/yy/rank/home/22-8888.html?from=rank
2026-09-17,2026-09-17T12:59:18+08:00,酷狗音乐,热歌榜,酷狗TOP500,2026-09-17,469,漂洋过海来看你,刘明湘,,4:59,1A8FC548D34377622017AAEF1C6418FD,1791001,https://www.kugou.com/yy/rank/home/22-8888.html?from=rank
2026-09-17,2026-09-17T12:59:18+08:00,酷狗音乐,热歌榜,酷狗TOP500,2026-09-17,470,爱丫爱丫,BY2,,3:51,18008576BCFBA9750C2C60EB6C204270,981935,https://www.kugou.com/yy/rank/home/22-8888.html?from=rank
2026-09-17,2026-09-17T12:59:18+08:00,酷狗音乐,热歌榜,酷狗TOP500,2026-09-17,471,阿衣莫,阿吉太组合,,5:14,000B4DC2694B23AD4258EE551A00C599,4138802,https://www.kugou.com/yy/rank/home/22-8888.html?from=rank
2026-09-17,2026-09-17T12:59:18+08:00,酷狗音乐,热歌榜,酷狗TOP500,2026-09-17,472,下个，路口，见,李宇春,,3:30,64F80BAE486AB418084E941AADA27545,502503,https://www.kugou.com/yy/rank/home/22-8888.html?from=rank
2026-09-17,2026-09-17T12:59:18+08:00,酷狗音乐,热歌榜,酷狗TOP500,2026-09-17,473,三生三世,张杰,,4:18,E9CF47F6EB2D0D2C7349247792062557,1969016,https://www.kugou.com/yy/rank/home/22-8888.html?from=rank
2026-09-17,2026-09-17T12:59:18+08:00,酷狗音乐,热歌榜,酷狗TOP500,2026-09-17,474,你到底爱谁,刘嘉亮,,4:17,FC2FBAE20F74C10E3326E2F5DC823678,2512786,https://www.kugou.com/yy/rank/home/22-8888.html?from=rank
2026-09-17,2026-09-17T12:59:18+08:00,酷狗音乐,热歌榜,酷狗TOP500,2026-09-17,475,我能百依百顺也能不闻不问,肖雨蒙,,3:14,1DE7FF0F7097C7B71DB4465B33E486B1,205575981,https://www.kugou.com/yy/rank/home/22-8888.html?from=rank
2026-09-17,2026-09-17T12:59:18+08:00,酷狗音乐,热歌榜,酷狗TOP500,2026-09-17,476,或许 (万人演唱会现场live版),沧桑小杰office,,2:56,277DD6ABD5363EE39004AAFE1877EE11,205026271,https://www.kugou.com/yy/rank/home/22-8888.html?from=rank
2026-09-17,2026-09-17T12:59:18+08:00,酷狗音乐,热歌榜,酷狗TOP500,2026-09-17,477,暖一杯茶,邵帅,,4:03,26A9B8C6480C22BC4342F22CB897E760,23061596,https://www.kugou.com/yy/rank/home/22-8888.html?from=rank
2026-09-17,2026-09-17T12:59:18+08:00,酷狗音乐,热歌榜,酷狗TOP500,2026-09-17,478,为爱痴狂 (想要问问你敢不敢),金志文,,2:21,8CA8C420761A7C36FF16DD42FE5D331D,194629486,https://www.kugou.com/yy/rank/home/22-8888.html?from=rank
2026-09-17,2026-09-17T12:59:18+08:00,酷狗音乐,热歌榜,酷狗TOP500,2026-09-17,479,像鱼,王贰浪,,4:45,6215C5A85B30E53C2E4C20C4DED38D72,13621986,https://www.kugou.com/yy/rank/home/22-8888.html?from=rank
2026-09-17,2026-09-17T12:59:18+08:00,酷狗音乐,热歌榜,酷狗TOP500,2026-09-17,480,That Girl,Olly Murs,,2:57,B32C3C7FA2452E7338BFC6F2283FE8ED,1820815,https://www.kugou.com/yy/rank/home/22-8888.html?from=rank
2026-09-17,2026-09-17T12:59:18+08:00,酷狗音乐,热歌榜,酷狗TOP500,2026-09-17,481,说谎,林宥嘉,,4:24,979866465F3AFF04A1D7DAC788FEED0C,979165,https://www.kugou.com/yy/rank/home/22-8888.html?from=rank
2026-09-17,2026-09-17T12:59:18+08:00,酷狗音乐,热歌榜,酷狗TOP500,2026-09-17,482,你不知道的事,王力宏,,4:39,3722EE8644818A260FD8AF3A173D71C3,982128,https://www.kugou.com/yy/rank/home/22-8888.html?from=rank
2026-09-17,2026-09-17T12:59:18+08:00,酷狗音乐,热歌榜,酷狗TOP500,2026-09-17,483,最熟悉的陌生人,萧亚轩,,4:19,A5E45E9EBA41EC78F59FABB35143B106,980330,https://www.kugou.com/yy/rank/home/22-8888.html?from=rank
2026-09-17,2026-09-17T12:59:18+08:00,酷狗音乐,热歌榜,酷狗TOP500,2026-09-17,484,玫瑰花的葬礼,许嵩,,4:21,0A335E9374392B72E5965D8F6165E564,1968878,https://www.kugou.com/yy/rank/home/22-8888.html?from=rank
2026-09-17,2026-09-17T12:59:18+08:00,酷狗音乐,热歌榜,酷狗TOP500,2026-09-17,485,水为媒,礼越,,4:18,463569CA5AE9A787A32B66D590C8C98D,200545877,https://www.kugou.com/yy/rank/home/23-8888.html?from=rank
2026-09-17,2026-09-17T12:59:18+08:00,酷狗音乐,热歌榜,酷狗TOP500,2026-09-17,486,爱在西元前,周杰伦,,3:54,66B756FB1331807B032EF97F7BA9948E,958706,https://www.kugou.com/yy/rank/home/23-8888.html?from=rank
2026-09-17,2026-09-17T12:59:18+08:00,酷狗音乐,热歌榜,酷狗TOP500,2026-09-17,487,难却 (戏幕开戏幕落),浅影阿,,2:58,A9684E5A0D5E0570FB9EA078B823456F,197930882,https://www.kugou.com/yy/rank/home/23-8888.html?from=rank
2026-09-17,2026-09-17T12:59:18+08:00,酷狗音乐,热歌榜,酷狗TOP500,2026-09-17,488,左转灯 (1000 Times +1),派伟俊、mac ova seas,,3:17,E51ABAF534E7D2BA42DB5604421D4838,164658305,https://www.kugou.com/yy/rank/home/23-8888.html?from=rank
2026-09-17,2026-09-17T12:59:18+08:00,酷狗音乐,热歌榜,酷狗TOP500,2026-09-17,489,第一次,光良,,4:23,2C202C0CE252384AD5022CC3A99B697A,930386,https://www.kugou.com/yy/rank/home/23-8888.html?from=rank
2026-09-17,2026-09-17T12:59:18+08:00,酷狗音乐,热歌榜,酷狗TOP500,2026-09-17,490,千年泪,Tank,,4:20,44267017D31CE619BA68E358A233BA01,557277,https://www.kugou.com/yy/rank/home/23-8888.html?from=rank
2026-09-17,2026-09-17T12:59:18+08:00,酷狗音乐,热歌榜,酷狗TOP500,2026-09-17,491,这世界那么多人,莫文蔚,,4:46,8217FD6FE2973658781FB08DA4F8C4D6,44349469,https://www.kugou.com/yy/rank/home/23-8888.html?from=rank
2026-09-17,2026-09-17T12:59:18+08:00,酷狗音乐,热歌榜,酷狗TOP500,2026-09-17,492,胡广生,任素汐,,3:34,8C655F575EBB2414B53EFF0D2C13188D,12506106,https://www.kugou.com/yy/rank/home/23-8888.html?from=rank
2026-09-17,2026-09-17T12:59:18+08:00,酷狗音乐,热歌榜,酷狗TOP500,2026-09-17,493,天下,张杰,,3:42,17B11C65674378CA43995537331E1D9C,38606351,https://www.kugou.com/yy/rank/home/23-8888.html?from=rank
2026-09-17,2026-09-17T12:59:18+08:00,酷狗音乐,热歌榜,酷狗TOP500,2026-09-17,494,别说你还深深爱着我,婉婷、杨烬,,3:45,0938FF862C986F6A93B4A7657CAA1125,195023851,https://www.kugou.com/yy/rank/home/23-8888.html?from=rank
2026-09-17,2026-09-17T12:59:18+08:00,酷狗音乐,热歌榜,酷狗TOP500,2026-09-17,495,你的万水千山,海来阿木,,4:10,FFD933E5C7325D15924421D7E6E0BF3F,37735226,https://www.kugou.com/yy/rank/home/23-8888.html?from=rank
2026-09-17,2026-09-17T12:59:18+08:00,酷狗音乐,热歌榜,酷狗TOP500,2026-09-17,496,哼着你爱听的歌,杨小壮,,3:21,BAF3B2A7AC043CDB154EBAFD69A6C76A,104507270,https://www.kugou.com/yy/rank/home/23-8888.html?from=rank
2026-09-17,2026-09-17T12:59:18+08:00,酷狗音乐,热歌榜,酷狗TOP500,2026-09-17,497,当爱在靠近,刘若英,,4:11,D988B9B4B769D979279D4AC9E84907F1,978209,https://www.kugou.com/yy/rank/home/23-8888.html?from=rank
2026-09-17,2026-09-17T12:59:18+08:00,酷狗音乐,热歌榜,酷狗TOP500,2026-09-17,498,秋风有点凉,落日微勳,,3:17,C89DC59574DAD324641634DAE2FEB215,206067605,https://www.kugou.com/yy/rank/home/23-8888.html?from=rank
2026-09-17,2026-09-17T12:59:18+08:00,酷狗音乐,热歌榜,酷狗TOP500,2026-09-17,499,爸爸妈妈,乡野低频,,3:00,C1EF0C54DA1572E05167633D8A267E0E,202573533,https://www.kugou.com/yy/rank/home/23-8888.html?from=rank
2026-09-17,2026-09-17T12:59:18+08:00,酷狗音乐,热歌榜,酷狗TOP500,2026-09-17,500,爱人如养花,云旗,,2:52,EDAC8ECE9B5A0FC0246F50B506A1630F,207610791,https://www.kugou.com/yy/rank/home/23-8888.html?from=rank
2026-09-17,2026-09-17T12:59:18+08:00,酷狗音乐,飙升榜,酷狗飙升榜,2026-09-17,1,牡丹亭,浅影阿,,3:00,E3DDA5DFCDC44BCF146E2BDC3916779A,203271867,https://www.kugou.com/yy/rank/home/1-6666.html?from=rank
2026-09-17,2026-09-17T12:59:18+08:00,酷狗音乐,飙升榜,酷狗飙升榜,2026-09-17,2,如果你想起曾经的他,以安,,2:06,41434F0B776BFD0769500C3FBA492512,202317459,https://www.kugou.com/yy/rank/home/1-6666.html?from=rank
2026-09-17,2026-09-17T12:59:18+08:00,酷狗音乐,飙升榜,酷狗飙升榜,2026-09-17,3,等不到天黑,一只小熊,,3:17,CF6B8EC3F5E4D6921BAEA410915B3A3C,64201568,https://www.kugou.com/yy/rank/home/1-6666.html?from=rank
2026-09-17,2026-09-17T12:59:18+08:00,酷狗音乐,飙升榜,酷狗飙升榜,2026-09-17,4,你不明白 (粤语版),神勇尼尼,,3:37,C4ABBC890442062FA487755DAE709F19,206025076,https://www.kugou.com/yy/rank/home/1-6666.html?from=rank
2026-09-17,2026-09-17T12:59:18+08:00,酷狗音乐,飙升榜,酷狗飙升榜,2026-09-17,5,不舍,郑亦辰,,3:52,4AADC730BDDAFC4BC5CD5924D4256FC8,18245674,https://www.kugou.com/yy/rank/home/1-6666.html?from=rank
2026-09-17,2026-09-17T12:59:18+08:00,酷狗音乐,飙升榜,酷狗飙升榜,2026-09-17,6,我以为忘了想念,一只小熊,,2:13,38B2EFCB50855A28FEBC362C4EB32331,60975521,https://www.kugou.com/yy/rank/home/1-6666.html?from=rank
2026-09-17,2026-09-17T12:59:18+08:00,酷狗音乐,飙升榜,酷狗飙升榜,2026-09-17,7,如是观,卓玛朵朵,,3:40,53E11DA18ED97D0B018A9F31ECF17185,195548854,https://www.kugou.com/yy/rank/home/1-6666.html?from=rank
2026-09-17,2026-09-17T12:59:18+08:00,酷狗音乐,飙升榜,酷狗飙升榜,2026-09-17,8,听说分开后你曾找过我,居然,,2:32,05C81B35F3282AB453298464DED48625,202938946,https://www.kugou.com/yy/rank/home/1-6666.html?from=rank
2026-09-17,2026-09-17T12:59:18+08:00,酷狗音乐,飙升榜,酷狗飙升榜,2026-09-17,9,晚风中一杯酒,刘阳阳,,4:16,87BCED6A9A8463C0E8B6C83E0EBFE6AA,206804523,https://www.kugou.com/yy/rank/home/1-6666.html?from=rank
2026-09-17,2026-09-17T12:59:18+08:00,酷狗音乐,飙升榜,酷狗飙升榜,2026-09-17,10,慢冷 (弹唱版),陈墨一（吖毛）,,3:31,093FD34AAF7BADFF27E1DC316D703A4B,200428298,https://www.kugou.com/yy/rank/home/1-6666.html?from=rank
2026-09-17,2026-09-17T12:59:18+08:00,酷狗音乐,飙升榜,酷狗飙升榜,2026-09-17,11,落日飞行,赵希予,,2:37,1393A07289FB6B3523FDF76C5321F504,204823640,https://www.kugou.com/yy/rank/home/1-6666.html?from=rank
2026-09-17,2026-09-17T12:59:18+08:00,酷狗音乐,飙升榜,酷狗飙升榜,2026-09-17,12,山风山风等等我 (群星大合唱),万海东、魏佳艺、郭少杰、老韩很哇塞、王超然、天雯,,3:29,EEF4EA2B4C859675C8880F7860058CF6,207699110,https://www.kugou.com/yy/rank/home/1-6666.html?from=rank
2026-09-17,2026-09-17T12:59:18+08:00,酷狗音乐,飙升榜,酷狗飙升榜,2026-09-17,13,你想爱谁就爱谁 (女版),杨友友,,2:15,C3B7A47DF30C94B43EBC7D300524BE23,196496492,https://www.kugou.com/yy/rank/home/1-6666.html?from=rank
2026-09-17,2026-09-17T12:59:18+08:00,酷狗音乐,飙升榜,酷狗飙升榜,2026-09-17,14,同归人,鹭卓,,4:07,55EBF835D512B54D7AF1E5DDF6FCE6F2,207568047,https://www.kugou.com/yy/rank/home/1-6666.html?from=rank
2026-09-17,2026-09-17T12:59:18+08:00,酷狗音乐,飙升榜,酷狗飙升榜,2026-09-17,15,没有好好说再见,侯泽润,,4:04,A743C66717335F6FDE256A164448FBAA,207703102,https://www.kugou.com/yy/rank/home/1-6666.html?from=rank
2026-09-17,2026-09-17T12:59:18+08:00,酷狗音乐,飙升榜,酷狗飙升榜,2026-09-17,16,有一片海 (2026新版),任承浩,,3:55,405705D0DBC6715F4C11DBC6048A16AE,199622794,https://www.kugou.com/yy/rank/home/1-6666.html?from=rank
2026-09-17,2026-09-17T12:59:18+08:00,酷狗音乐,飙升榜,酷狗飙升榜,2026-09-17,17,雨终曲,宋雨琦 (YUQI),,3:34,B55CABB4E6657F1E8FA04B7A390D75A5,207123010,https://www.kugou.com/yy/rank/home/1-6666.html?from=rank
2026-09-17,2026-09-17T12:59:18+08:00,酷狗音乐,飙升榜,酷狗飙升榜,2026-09-17,18,山风山风等等我 (女声对唱版),鱼精、大潞、王一佳,,3:29,678FAD133317FCF0357AE11ABF5051D8,207258882,https://www.kugou.com/yy/rank/home/1-6666.html?from=rank
2026-09-17,2026-09-17T12:59:18+08:00,酷狗音乐,飙升榜,酷狗飙升榜,2026-09-17,19,如果今生只能到这里,李婕,,3:37,266E06BA2A46A27031843F019425554D,202125220,https://www.kugou.com/yy/rank/home/1-6666.html?from=rank
2026-09-17,2026-09-17T12:59:18+08:00,酷狗音乐,飙升榜,酷狗飙升榜,2026-09-17,20,临江别序,张国全,,3:56,D971778451F1B7189530AF0409783564,63435532,https://www.kugou.com/yy/rank/home/1-6666.html?from=rank
2026-09-17,2026-09-17T12:59:18+08:00,酷狗音乐,飙升榜,酷狗飙升榜,2026-09-17,21,世间知己最难求,杨子一,,3:45,A000697CCE8A4353A6412F43CC171B66,207315511,https://www.kugou.com/yy/rank/home/1-6666.html?from=rank
2026-09-17,2026-09-17T12:59:18+08:00,酷狗音乐,飙升榜,酷狗飙升榜,2026-09-17,22,如果回到那从前 (别把遗憾留在秋天里),刘纯、DJ铁柱,,3:17,FFE06DD416B267DD348D048DE57CA612,207670353,https://www.kugou.com/yy/rank/home/1-6666.html?from=rank
2026-09-17,2026-09-17T12:59:18+08:00,酷狗音乐,飙升榜,酷狗飙升榜,2026-09-17,23,等下完这场雨 (合唱版),杨友友、田园,,2:45,A4578F92F000DC363074B08698A3FD22,202993254,https://www.kugou.com/yy/rank/home/2-6666.html?from=rank
2026-09-17,2026-09-17T12:59:18+08:00,酷狗音乐,飙升榜,酷狗飙升榜,2026-09-17,24,我向山河借束光,木娜,,4:26,68E474B0ACE21FAEADFAC86EE9883D3C,205786167,https://www.kugou.com/yy/rank/home/2-6666.html?from=rank
2026-09-17,2026-09-17T12:59:18+08:00,酷狗音乐,飙升榜,酷狗飙升榜,2026-09-17,25,提笔写半生,任夏,,3:49,B54B87767B5A862775D41C9B912C5BA8,207705710,https://www.kugou.com/yy/rank/home/2-6666.html?from=rank
2026-09-17,2026-09-17T12:59:18+08:00,酷狗音乐,飙升榜,酷狗飙升榜,2026-09-17,26,HE,何浩楠,,2:45,DC3C956DDAF5828265005F668AAC4D94,207573805,https://www.kugou.com/yy/rank/home/2-6666.html?from=rank
2026-09-17,2026-09-17T12:59:18+08:00,酷狗音乐,飙升榜,酷狗飙升榜,2026-09-17,27,说文解字,灯叔,,2:44,BCE422A87B7AD13F1716BB979D9CDC19,207705823,https://www.kugou.com/yy/rank/home/2-6666.html?from=rank
2026-09-17,2026-09-17T12:59:18+08:00,酷狗音乐,飙升榜,酷狗飙升榜,2026-09-17,28,怪我们缘分太浅 (双向奔赴),刘纯、ทิดแอม,,3:57,1D71AFA3EBCF9081063C6EE3A1F1A322,207667026,https://www.kugou.com/yy/rank/home/2-6666.html?from=rank
2026-09-17,2026-09-17T12:59:18+08:00,酷狗音乐,飙升榜,酷狗飙升榜,2026-09-17,29,爱你太深怎会有错 (今生偶遇结尘缘),庄众,,3:10,6A1680ACF731E109CA0E0604B079187A,207673468,https://www.kugou.com/yy/rank/home/2-6666.html?from=rank
2026-09-17,2026-09-17T12:59:18+08:00,酷狗音乐,飙升榜,酷狗飙升榜,2026-09-17,30,Light Ahead (冲破阴霾),GFY1994、越心,,3:05,8C7A7B07E93EFA3B7E613BB86D5F173D,207673209,https://www.kugou.com/yy/rank/home/2-6666.html?from=rank
2026-09-17,2026-09-17T12:59:18+08:00,酷狗音乐,飙升榜,酷狗飙升榜,2026-09-17,31,同道,李佳薇,,4:00,C847D30DBE57CF09CE285C605294961B,207572496,https://www.kugou.com/yy/rank/home/2-6666.html?from=rank
2026-09-17,2026-09-17T12:59:18+08:00,酷狗音乐,飙升榜,酷狗飙升榜,2026-09-17,32,她,刘宇宁,,3:41,A46200A65547E5A267D10B1F32C6A3B1,204979963,https://www.kugou.com/yy/rank/home/2-6666.html?from=rank
2026-09-17,2026-09-17T12:59:18+08:00,酷狗音乐,飙升榜,酷狗飙升榜,2026-09-17,33,我做了个梦,李佳薇,,4:00,305F7B2D1B7100518EB1F2845DF9CC12,207671395,https://www.kugou.com/yy/rank/home/2-6666.html?from=rank
2026-09-17,2026-09-17T12:59:18+08:00,酷狗音乐,飙升榜,酷狗飙升榜,2026-09-17,34,比恋人多点恨,任然,,3:54,CD4B1ED7B696DFDCC0DD18F7BDB13340,207671603,https://www.kugou.com/yy/rank/home/2-6666.html?from=rank
2026-09-17,2026-09-17T12:59:18+08:00,酷狗音乐,飙升榜,酷狗飙升榜,2026-09-17,35,谁会希望你的好-DJ版,老韩很哇塞,,3:21,84BC8851F2A01B6608F15BEBF41679E1,207177496,https://www.kugou.com/yy/rank/home/2-6666.html?from=rank
2026-09-17,2026-09-17T12:59:18+08:00,酷狗音乐,飙升榜,酷狗飙升榜,2026-09-17,36,Fake Promises,京仔,,3:50,2D5486F7BFBCB0B148FE87C4642F067C,207666338,https://www.kugou.com/yy/rank/home/2-6666.html?from=rank
2026-09-17,2026-09-17T12:59:18+08:00,酷狗音乐,飙升榜,酷狗飙升榜,2026-09-17,37,深宵秋别,张偲偲,,4:43,7513A68B6039A27356B00E459CE3E9EF,207725081,https://www.kugou.com/yy/rank/home/2-6666.html?from=rank
2026-09-17,2026-09-17T12:59:18+08:00,酷狗音乐,飙升榜,酷狗飙升榜,2026-09-17,38,收起你的菩萨心肠,肖雨蒙,,3:12,7E46015DDA55BADBFAC22B4717F7B810,207662369,https://www.kugou.com/yy/rank/home/2-6666.html?from=rank
2026-09-17,2026-09-17T12:59:18+08:00,酷狗音乐,飙升榜,酷狗飙升榜,2026-09-17,39,远方的人我等你回家,许茉莉,,3:43,171AE74F8EAAE195162AF755F3DBCD52,206914981,https://www.kugou.com/yy/rank/home/2-6666.html?from=rank
2026-09-17,2026-09-17T12:59:18+08:00,酷狗音乐,飙升榜,酷狗飙升榜,2026-09-17,40,好人坏人,Joysaaaa,,3:12,13AC05BE9081910429AE39C186369382,207696399,https://www.kugou.com/yy/rank/home/2-6666.html?from=rank
2026-09-17,2026-09-17T12:59:18+08:00,酷狗音乐,飙升榜,酷狗飙升榜,2026-09-17,41,一晃又是一个秋 (女声合唱版),杨友友、田园,,2:17,E2C6234B5CD52C94C8DF1B872BB8E84D,207695621,https://www.kugou.com/yy/rank/home/2-6666.html?from=rank
2026-09-17,2026-09-17T12:59:18+08:00,酷狗音乐,飙升榜,酷狗飙升榜,2026-09-17,42,你看着我别走开 (律动版),谱曲者,,3:26,92BC2D9A08B573602C926DE85BD560E6,207698758,https://www.kugou.com/yy/rank/home/2-6666.html?from=rank
2026-09-17,2026-09-17T12:59:18+08:00,酷狗音乐,飙升榜,酷狗飙升榜,2026-09-17,43,句句是遗憾,曲肖冰、凤璃,,3:18,78C027C9047F5CCA74195E93D54F8173,207701668,https://www.kugou.com/yy/rank/home/2-6666.html?from=rank
2026-09-17,2026-09-17T12:59:18+08:00,酷狗音乐,飙升榜,酷狗飙升榜,2026-09-17,44,动了情的人如此难忘 (我还在傻傻盼你回头望),草原兄弟,,3:18,A5FEB92D985A6C306A370FC845CECD14,207705391,https://www.kugou.com/yy/rank/home/2-6666.html?from=rank
2026-09-17,2026-09-17T12:59:18+08:00,酷狗音乐,飙升榜,酷狗飙升榜,2026-09-17,45,Whatever Happens,Michael Jackson,,4:57,C0E4D361A67DE916D8A5990C0EF34479,1786970,https://www.kugou.com/yy/rank/home/3-6666.html?from=rank
2026-09-17,2026-09-17T12:59:18+08:00,酷狗音乐,飙升榜,酷狗飙升榜,2026-09-17,46,花蕾,蒋雪儿Snow.J,,3:40,4B433D0E6C19B796A820BCFEAD3AF78E,207671303,https://www.kugou.com/yy/rank/home/3-6666.html?from=rank
2026-09-17,2026-09-17T12:59:18+08:00,酷狗音乐,飙升榜,酷狗飙升榜,2026-09-17,47,做恋人不可能 (合唱版),杨友友、烟嗓船长,,2:27,DD9555465AC52538E516E8755D51D7C3,207695610,https://www.kugou.com/yy/rank/home/3-6666.html?from=rank
2026-09-17,2026-09-17T12:59:18+08:00,酷狗音乐,飙升榜,酷狗飙升榜,2026-09-17,48,就忘了吧+言不由衷+不如+醒不来的梦+我会等 (青春遗憾万人live合唱版),艾利（Ellie）、7paste、克里、夏莉依,,4:16,74640780EE99A1528F8A33816EE6B75F,203957635,https://www.kugou.com/yy/rank/home/3-6666.html?from=rank
2026-09-17,2026-09-17T12:59:18+08:00,酷狗音乐,飙升榜,酷狗飙升榜,2026-09-17,49,No Photo (韩语氛围版),DJ果果,,2:51,4B6A1CBD8D42A968ECBDCD10385DA17F,206967107,https://www.kugou.com/yy/rank/home/3-6666.html?from=rank
2026-09-17,2026-09-17T12:59:18+08:00,酷狗音乐,飙升榜,酷狗飙升榜,2026-09-17,50,可惜我没遇上董小姐 (红尘酒馆民谣live走心合唱版),7pastes、Allie艾梨,,3:54,96FB3A577F678AB3160D28EF26343DB5,206246487,https://www.kugou.com/yy/rank/home/3-6666.html?from=rank
2026-09-17,2026-09-17T12:59:18+08:00,酷狗音乐,飙升榜,酷狗飙升榜,2026-09-17,51,敬往事杯中沉浮 (随缘),韩小欠,,3:05,C1B77B13B5EFFE1199EBEC4D7005051D,207687137,https://www.kugou.com/yy/rank/home/3-6666.html?from=rank
2026-09-17,2026-09-17T12:59:18+08:00,酷狗音乐,飙升榜,酷狗飙升榜,2026-09-17,52,那天的雨懂离别,庄东茹,,2:37,829E603A6B3897D6056EB09765D560C5,207658362,https://www.kugou.com/yy/rank/home/3-6666.html?from=rank
2026-09-17,2026-09-17T12:59:18+08:00,酷狗音乐,飙升榜,酷狗飙升榜,2026-09-17,53,劝自己忘了你 (自己默默承受),刘纯、ทิดแอม,,3:36,7C44F331476792377088F4198F67BF5C,207666973,https://www.kugou.com/yy/rank/home/3-6666.html?from=rank
2026-09-17,2026-09-17T12:59:18+08:00,酷狗音乐,飙升榜,酷狗飙升榜,2026-09-17,54,酒杯酒杯别流泪,张良,,3:39,50EBF2374D45EA0A760703CEFF53BF65,207546524,https://www.kugou.com/yy/rank/home/3-6666.html?from=rank
2026-09-17,2026-09-17T12:59:18+08:00,酷狗音乐,飙升榜,酷狗飙升榜,2026-09-17,55,No photo of you left to survey (one day when I was twenty),冬妍DYan,,3:05,7523CFC6EDE31E4C56B30E5220A06B35,206681376,https://www.kugou.com/yy/rank/home/3-6666.html?from=rank
2026-09-17,2026-09-17T12:59:18+08:00,酷狗音乐,飙升榜,酷狗飙升榜,2026-09-17,56,这些年欠自己太多 (演唱会大合唱live版),7pastes,,3:07,109B7F69C4A6BDCEB2A5952BA3D523E6,205434383,https://www.kugou.com/yy/rank/home/3-6666.html?from=rank
2026-09-17,2026-09-17T12:59:18+08:00,酷狗音乐,飙升榜,酷狗飙升榜,2026-09-17,57,顺其自然就得到,李发发,,3:19,7118A0E34FBCF7686284D70057845663,206482980,https://www.kugou.com/yy/rank/home/3-6666.html?from=rank
2026-09-17,2026-09-17T12:59:18+08:00,酷狗音乐,飙升榜,酷狗飙升榜,2026-09-17,58,TWINROSE,刘竞屿、熊艺文,,3:56,6DA3CFBC3B934CFFEB9A02D3E3471C01,207295292,https://www.kugou.com/yy/rank/home/3-6666.html?from=rank
2026-09-17,2026-09-17T12:59:18+08:00,酷狗音乐,飙升榜,酷狗飙升榜,2026-09-17,59,莫要慌忙,宇野匆匆,,2:16,6082C5B929086CC335E5E8A8A53A6911,207073035,https://www.kugou.com/yy/rank/home/3-6666.html?from=rank
2026-09-17,2026-09-17T12:59:18+08:00,酷狗音乐,飙升榜,酷狗飙升榜,2026-09-17,60,孤独是一种信仰,楠林,,3:10,F44D1C9C6ECDF565D949E23758685114,207666426,https://www.kugou.com/yy/rank/home/3-6666.html?from=rank
2026-09-17,2026-09-17T12:59:18+08:00,酷狗音乐,飙升榜,酷狗飙升榜,2026-09-17,61,失重 (CHINA-自在),徐梦圆,,2:43,188CF453AC6F1DE2E2E44B3F28BAEE05,207546006,https://www.kugou.com/yy/rank/home/3-6666.html?from=rank
2026-09-17,2026-09-17T12:59:18+08:00,酷狗音乐,飙升榜,酷狗飙升榜,2026-09-17,62,其实很孤单,金南玲,,4:15,0C15DDEC303D0AD1CF9B7899DB1DBE65,19418742,https://www.kugou.com/yy/rank/home/3-6666.html?from=rank
2026-09-17,2026-09-17T12:59:18+08:00,酷狗音乐,飙升榜,酷狗飙升榜,2026-09-17,63,十个承诺九个哄 (现场版),音萌萌,,3:57,F3107E3BEA823D3E8878018D12CC21C9,207055964,https://www.kugou.com/yy/rank/home/3-6666.html?from=rank
2026-09-17,2026-09-17T12:59:18+08:00,酷狗音乐,飙升榜,酷狗飙升榜,2026-09-17,64,见一面少一面,黑大婶回乡带娃、中首,,4:03,E1C2757D823FFE56F0CAE857AF219BB5,207667095,https://www.kugou.com/yy/rank/home/3-6666.html?from=rank
2026-09-17,2026-09-17T12:59:18+08:00,酷狗音乐,飙升榜,酷狗飙升榜,2026-09-17,65,摇晃,洛天依,,2:48,569CCFCDADA9D689EDEA5ECEB1E9D39C,207678028,https://www.kugou.com/yy/rank/home/3-6666.html?from=rank
2026-09-17,2026-09-17T12:59:18+08:00,酷狗音乐,飙升榜,酷狗飙升榜,2026-09-17,66,你来时如风 (对唱版),恰恰恰恰恰、温实初,,3:35,EA11FBA2FF39EDBFADAD293EE99D2D00,202729733,https://www.kugou.com/yy/rank/home/3-6666.html?from=rank
2026-09-17,2026-09-17T12:59:18+08:00,酷狗音乐,飙升榜,酷狗飙升榜,2026-09-17,67,我留不住岁月,艺凌,,3:45,0362E3F06BEF871F0F372D681E2DD405,207606837,https://www.kugou.com/yy/rank/home/4-6666.html?from=rank
2026-09-17,2026-09-17T12:59:18+08:00,酷狗音乐,飙升榜,酷狗飙升榜,2026-09-17,68,月老月老你别睡,怪阿姨,,3:18,C13D97FB883BEC5D843ABC8E478B543B,207676808,https://www.kugou.com/yy/rank/home/4-6666.html?from=rank
2026-09-17,2026-09-17T12:59:18+08:00,酷狗音乐,飙升榜,酷狗飙升榜,2026-09-17,69,有伞撑伞没伞淋雨,刘书云,,4:17,E9288D64760F4DE587CDE2C6FB7501BF,207696946,https://www.kugou.com/yy/rank/home/4-6666.html?from=rank
2026-09-17,2026-09-17T12:59:18+08:00,酷狗音乐,飙升榜,酷狗飙升榜,2026-09-17,70,如果声音不记得,吴青峰,,4:59,D49713ADCE544BB3EDF871FFFCC4AE4A,40437970,https://www.kugou.com/yy/rank/home/4-6666.html?from=rank
2026-09-17,2026-09-17T12:59:18+08:00,酷狗音乐,飙升榜,酷狗飙升榜,2026-09-17,71,往事就别回头 (遗憾),刘纯,,3:04,310C2508607D5EC15E46C0EFDE2D82BC,206917719,https://www.kugou.com/yy/rank/home/4-6666.html?from=rank
2026-09-17,2026-09-17T12:59:18+08:00,酷狗音乐,飙升榜,酷狗飙升榜,2026-09-17,72,牵我的手好吗,吴琳珂Moske,,4:03,ABB248B71160FDE6D1EB164BA111786C,207545264,https://www.kugou.com/yy/rank/home/4-6666.html?from=rank
2026-09-17,2026-09-17T12:59:18+08:00,酷狗音乐,飙升榜,酷狗飙升榜,2026-09-17,73,I Love You But I Gotta Let You Go (NINGNING Solo),aespa,,3:36,009C858AF4E1F67FFC0A16DC2B1D489B,207537443,https://www.kugou.com/yy/rank/home/4-6666.html?from=rank
2026-09-17,2026-09-17T12:59:18+08:00,酷狗音乐,飙升榜,酷狗飙升榜,2026-09-17,74,静待知音人 (男版),李袁杰,,3:54,F0A40D529E89086E2A18460DA4B57B08,207523394,https://www.kugou.com/yy/rank/home/4-6666.html?from=rank
2026-09-17,2026-09-17T12:59:18+08:00,酷狗音乐,飙升榜,酷狗飙升榜,2026-09-17,75,我是飘零的尘埃 (男生版),卢润泽,,3:30,E6F6106296B412193B18E279EC94E8A6,172258191,https://www.kugou.com/yy/rank/home/4-6666.html?from=rank
2026-09-17,2026-09-17T12:59:18+08:00,酷狗音乐,飙升榜,酷狗飙升榜,2026-09-17,76,如果来生能早点遇见,肖雨蒙,,3:40,86FC27A16675765AFAE9C0EF24A80284,207532885,https://www.kugou.com/yy/rank/home/4-6666.html?from=rank
2026-09-17,2026-09-17T12:59:18+08:00,酷狗音乐,飙升榜,酷狗飙升榜,2026-09-17,77,我们都在慢慢地老去,王娜,,3:55,B337489830E00480B616A7C1CCC434B3,207644956,https://www.kugou.com/yy/rank/home/4-6666.html?from=rank
2026-09-17,2026-09-17T12:59:18+08:00,酷狗音乐,飙升榜,酷狗飙升榜,2026-09-17,78,寻找远方的你,小璐,,4:25,09FC28BAB4E7BE4D64ED4CC80CC3065B,206017441,https://www.kugou.com/yy/rank/home/4-6666.html?from=rank
2026-09-17,2026-09-17T12:59:18+08:00,酷狗音乐,飙升榜,酷狗飙升榜,2026-09-17,79,人生这道难题,亚飞,,3:35,F6CEEF0EB8B6A1FB878EE717AD454421,204954398,https://www.kugou.com/yy/rank/home/4-6666.html?from=rank
2026-09-17,2026-09-17T12:59:18+08:00,酷狗音乐,飙升榜,酷狗飙升榜,2026-09-17,80,我怕会想你,陈小满,,3:48,7560F2F759654DB2736FB346A174B673,207664324,https://www.kugou.com/yy/rank/home/4-6666.html?from=rank
2026-09-17,2026-09-17T12:59:18+08:00,酷狗音乐,飙升榜,酷狗飙升榜,2026-09-17,81,虎落平阳仍是王 (万般的努力 只为出人头地),Roling7、拖鞋pd,,2:54,13D5C9D75D5E8B1D1CBBF5E842D3A6AF,205221411,https://www.kugou.com/yy/rank/home/4-6666.html?from=rank
2026-09-17,2026-09-17T12:59:18+08:00,酷狗音乐,飙升榜,酷狗飙升榜,2026-09-17,82,半生泪 (男版),刘书云,,4:09,73E05C4AC1EEE056F3C9A8E4E2942ACD,207671224,https://www.kugou.com/yy/rank/home/4-6666.html?from=rank
2026-09-17,2026-09-17T12:59:18+08:00,酷狗音乐,飙升榜,酷狗飙升榜,2026-09-17,83,Jump and Shake,星频 Echo、京仔、律引,,3:05,BCE4851DFE313FC775C7ADF44A69181E,207664106,https://www.kugou.com/yy/rank/home/4-6666.html?from=rank
2026-09-17,2026-09-17T12:59:18+08:00,酷狗音乐,飙升榜,酷狗飙升榜,2026-09-17,84,我再也找不回从前的我 (终将会让你变得更强大),刘纯、ทิดแอม,,3:19,8207F23D6A101BFF95B8ED8260F43EFB,207668155,https://www.kugou.com/yy/rank/home/4-6666.html?from=rank
2026-09-17,2026-09-17T12:59:18+08:00,酷狗音乐,飙升榜,酷狗飙升榜,2026-09-17,85,叶落向远方,老韩很哇塞,,3:05,F0C96A95C21DC60F2D83803FA4A06F76,207578897,https://www.kugou.com/yy/rank/home/4-6666.html?from=rank
2026-09-17,2026-09-17T12:59:18+08:00,酷狗音乐,飙升榜,酷狗飙升榜,2026-09-17,86,等夏天 等秋天,李劲松,,3:43,97DA94B0B09D5371CC5E8D5442613B6A,80524835,https://www.kugou.com/yy/rank/home/4-6666.html?from=rank
2026-09-17,2026-09-17T12:59:18+08:00,酷狗音乐,飙升榜,酷狗飙升榜,2026-09-17,87,爬不上的山我偏要攀,沈C,,3:01,11CCFD8219BC8B5138669A29CAFDD531,207707864,https://www.kugou.com/yy/rank/home/4-6666.html?from=rank
2026-09-17,2026-09-17T12:59:18+08:00,酷狗音乐,飙升榜,酷狗飙升榜,2026-09-17,88,独逍遥 (十杯酒)(对唱版),庄众、李翠华,,3:37,24712AAFAD853BF746E8F4640EA70007,207672178,https://www.kugou.com/yy/rank/home/4-6666.html?from=rank
2026-09-17,2026-09-17T12:59:18+08:00,酷狗音乐,飙升榜,酷狗飙升榜,2026-09-17,89,几秒热度,孟慧圆,,3:37,AE6322FFE27E95235BBB7FABB9B8C902,193338041,https://www.kugou.com/yy/rank/home/5-6666.html?from=rank
2026-09-17,2026-09-17T12:59:18+08:00,酷狗音乐,飙升榜,酷狗飙升榜,2026-09-17,90,五百年沧海桑田 (你知道我这五百年是怎么过的吗),七喜,,2:15,37006F638B2EF097867522ED00E80837,206958169,https://www.kugou.com/yy/rank/home/5-6666.html?from=rank
2026-09-17,2026-09-17T12:59:18+08:00,酷狗音乐,飙升榜,酷狗飙升榜,2026-09-17,91,踏浪 (氛围说唱版),拖鞋pd、Andree Son,,3:14,C3BE66E17EDE7F55B7E850320E1D286F,206697411,https://www.kugou.com/yy/rank/home/5-6666.html?from=rank
2026-09-17,2026-09-17T12:59:18+08:00,酷狗音乐,飙升榜,酷狗飙升榜,2026-09-17,92,不曾了无牵挂,刘书云,,3:38,19D926009116083B91425070F41F983F,207670867,https://www.kugou.com/yy/rank/home/5-6666.html?from=rank
2026-09-17,2026-09-17T12:59:18+08:00,酷狗音乐,飙升榜,酷狗飙升榜,2026-09-17,93,无人广场,星频 Echo、京仔、律引,,3:41,97C51185C7295F8F1E57BAD11B4BB56E,207663898,https://www.kugou.com/yy/rank/home/5-6666.html?from=rank
2026-09-17,2026-09-17T12:59:18+08:00,酷狗音乐,飙升榜,酷狗飙升榜,2026-09-17,94,别高估谁的关系 (演唱会现场大合唱live版),沧桑小杰office,,3:12,59FC35D7A382CCC164F5F2157CC2108C,206869400,https://www.kugou.com/yy/rank/home/5-6666.html?from=rank
2026-09-17,2026-09-17T12:59:18+08:00,酷狗音乐,飙升榜,酷狗飙升榜,2026-09-17,95,你来了一阵子 (走心对唱版),王超然、天雯,,4:30,F1146330A20FFA8589FE1E35E86DC945,206718081,https://www.kugou.com/yy/rank/home/5-6666.html?from=rank
2026-09-17,2026-09-17T12:59:18+08:00,酷狗音乐,飙升榜,酷狗飙升榜,2026-09-17,96,有你的梦,电白小七,,3:30,E2CAA0445239BDB59FB6F4403968BD85,207635817,https://www.kugou.com/yy/rank/home/5-6666.html?from=rank
2026-09-17,2026-09-17T12:59:18+08:00,酷狗音乐,飙升榜,酷狗飙升榜,2026-09-17,97,当家的人,沧桑小杰office,,3:37,ADCDE0D2DA3AFCF96CF68BEFD88F9486,207643552,https://www.kugou.com/yy/rank/home/5-6666.html?from=rank
2026-09-17,2026-09-17T12:59:18+08:00,酷狗音乐,飙升榜,酷狗飙升榜,2026-09-17,98,对我说,李希侃SayKan,,3:08,730DE157033D67459D1C125B2C3C19B0,207542308,https://www.kugou.com/yy/rank/home/5-6666.html?from=rank
2026-09-17,2026-09-17T12:59:18+08:00,酷狗音乐,飙升榜,酷狗飙升榜,2026-09-17,99,敬岁月一杯酒 (女生温馨合唱),姜雨涵、方辰、艺凌,,3:27,369AEF41B603387CFBB4E04D41DA6A1E,207671868,https://www.kugou.com/yy/rank/home/5-6666.html?from=rank
2026-09-17,2026-09-17T12:59:18+08:00,酷狗音乐,飙升榜,酷狗飙升榜,2026-09-17,100,人不能既要又要还要,沧桑小杰office,,3:21,B5FFCD2D8CBED64CEF8A8D076D6AB7F7,205711264,https://www.kugou.com/yy/rank/home/5-6666.html?from=rank
2026-09-17,2026-09-17T12:59:18+08:00,微博,热搜榜,微博热搜榜,,1,举手式睡姿是身体在求救,健康医疗,热度 2279631；沸,,举手式睡姿是身体在求救,,https://s.weibo.com/weibo?q=%23%E4%B8%BE%E6%89%8B%E5%BC%8F%E7%9D%A1%E5%A7%BF%E6%98%AF%E8%BA%AB%E4%BD%93%E5%9C%A8%E6%B1%82%E6%95%91%23
2026-09-17,2026-09-17T12:59:18+08:00,微博,热搜榜,微博热搜榜,,2,众多央视主持人现场送别敬一丹,民生新闻,热度 1388955；新,,众多央视主持人现场送别敬一丹,,https://s.weibo.com/weibo?q=%23%E4%BC%97%E5%A4%9A%E5%A4%AE%E8%A7%86%E4%B8%BB%E6%8C%81%E4%BA%BA%E7%8E%B0%E5%9C%BA%E9%80%81%E5%88%AB%E6%95%AC%E4%B8%80%E4%B8%B9%23
2026-09-17,2026-09-17T12:59:18+08:00,微博,热搜榜,微博热搜榜,,3,多举措发力推动经济持续向好,国内时政,热度 1286298,,多举措发力推动经济持续向好,,https://s.weibo.com/weibo?q=%23%E5%A4%9A%E4%B8%BE%E6%8E%AA%E5%8F%91%E5%8A%9B%E6%8E%A8%E5%8A%A8%E7%BB%8F%E6%B5%8E%E6%8C%81%E7%BB%AD%E5%90%91%E5%A5%BD%23
2026-09-17,2026-09-17T12:59:18+08:00,微博,热搜榜,微博热搜榜,,4,胡歌被排到了第八位,剧集,热度 1241487；热,,胡歌被排到了第八位,剧集,https://s.weibo.com/weibo?q=%23%E8%83%A1%E6%AD%8C%E8%A2%AB%E6%8E%92%E5%88%B0%E4%BA%86%E7%AC%AC%E5%85%AB%E4%BD%8D%23
2026-09-17,2026-09-17T12:59:18+08:00,微博,热搜榜,微博热搜榜,,5,小朋友什么行为显得没家教,母婴育儿,热度 1129789,,小朋友什么行为显得没家教,,https://s.weibo.com/weibo?q=%23%E5%B0%8F%E6%9C%8B%E5%8F%8B%E4%BB%80%E4%B9%88%E8%A1%8C%E4%B8%BA%E6%98%BE%E5%BE%97%E6%B2%A1%E5%AE%B6%E6%95%99%23
2026-09-17,2026-09-17T12:59:18+08:00,微博,热搜榜,微博热搜榜,,6,儿子突然的离世父亲的天塌了,情感,热度 987066；热,,儿子突然的离世父亲的天塌了,,https://s.weibo.com/weibo?q=%23%E5%84%BF%E5%AD%90%E7%AA%81%E7%84%B6%E7%9A%84%E7%A6%BB%E4%B8%96%E7%88%B6%E4%BA%B2%E7%9A%84%E5%A4%A9%E5%A1%8C%E4%BA%86%23
2026-09-17,2026-09-17T12:59:18+08:00,微博,热搜榜,微博热搜榜,,7,影视飓风Tim称iPhoneDuo烫到握不住,数码,热度 865628；新,,影视飓风Tim称iPhoneDuo烫到握不住,,https://s.weibo.com/weibo?q=%23%E5%BD%B1%E8%A7%86%E9%A3%93%E9%A3%8ETim%E7%A7%B0iPhoneDuo%E7%83%AB%E5%88%B0%E6%8F%A1%E4%B8%8D%E4%BD%8F%23
2026-09-17,2026-09-17T12:59:18+08:00,微博,热搜榜,微博热搜榜,,8,敬一丹告别仪式,"民生新闻,艺人",热度 753158,,敬一丹告别仪式,,https://s.weibo.com/weibo?q=%23%E6%95%AC%E4%B8%80%E4%B8%B9%E5%91%8A%E5%88%AB%E4%BB%AA%E5%BC%8F%23
2026-09-17,2026-09-17T12:59:18+08:00,微博,热搜榜,微博热搜榜,,9,曹骏徐正溪领衔主演何不同舟渡,剧集,热度 590740,,曹骏徐正溪领衔主演何不同舟渡,剧集,https://s.weibo.com/weibo?q=%23%E6%9B%B9%E9%AA%8F%E5%BE%90%E6%AD%A3%E6%BA%AA%E9%A2%86%E8%A1%94%E4%B8%BB%E6%BC%94%E4%BD%95%E4%B8%8D%E5%90%8C%E8%88%9F%E6%B8%A1%23
2026-09-17,2026-09-17T12:59:18+08:00,微博,热搜榜,微博热搜榜,,10,2岁幼童从18楼坠亡事发时窗户没关,民生新闻,热度 558400；新,,2岁幼童从18楼坠亡事发时窗户没关,,https://s.weibo.com/weibo?q=%232%E5%B2%81%E5%B9%BC%E7%AB%A5%E4%BB%8E18%E6%A5%BC%E5%9D%A0%E4%BA%A1%E4%BA%8B%E5%8F%91%E6%97%B6%E7%AA%97%E6%88%B7%E6%B2%A1%E5%85%B3%23
2026-09-17,2026-09-17T12:59:18+08:00,微博,热搜榜,微博热搜榜,,11,小雪删除互动回复,艺人,热度 556731；热,,小雪删除互动回复,['小雪'],https://s.weibo.com/weibo?q=%23%E5%B0%8F%E9%9B%AA%E5%88%A0%E9%99%A4%E4%BA%92%E5%8A%A8%E5%9B%9E%E5%A4%8D%23
2026-09-17,2026-09-17T12:59:18+08:00,微博,热搜榜,微博热搜榜,,12,景甜风波后首个封面,艺人,热度 533033；新,,景甜风波后首个封面,,https://s.weibo.com/weibo?q=%23%E6%99%AF%E7%94%9C%E9%A3%8E%E6%B3%A2%E5%90%8E%E9%A6%96%E4%B8%AA%E5%B0%81%E9%9D%A2%23
2026-09-17,2026-09-17T12:59:18+08:00,微博,热搜榜,微博热搜榜,,13,编造导师压榨坠楼学生谣言涉嫌犯罪,民生新闻,热度 500244,,编造导师压榨坠楼学生谣言涉嫌犯罪,,https://s.weibo.com/weibo?q=%23%E7%BC%96%E9%80%A0%E5%AF%BC%E5%B8%88%E5%8E%8B%E6%A6%A8%E5%9D%A0%E6%A5%BC%E5%AD%A6%E7%94%9F%E8%B0%A3%E8%A8%80%E6%B6%89%E5%AB%8C%E7%8A%AF%E7%BD%AA%23
2026-09-17,2026-09-17T12:59:18+08:00,微博,热搜榜,微博热搜榜,,14,范玮琪7年6大失言争议,艺人,热度 470984；新,,范玮琪7年6大失言争议,['范玮琪'],https://s.weibo.com/weibo?q=%23%E8%8C%83%E7%8E%AE%E7%90%AA7%E5%B9%B46%E5%A4%A7%E5%A4%B1%E8%A8%80%E4%BA%89%E8%AE%AE%23
2026-09-17,2026-09-17T12:59:18+08:00,微博,热搜榜,微博热搜榜,,15,南医大坠楼案反转传谣始作俑者是谁,民生新闻,热度 468912；新,,南医大坠楼案反转传谣始作俑者是谁,,https://s.weibo.com/weibo?q=%23%E5%8D%97%E5%8C%BB%E5%A4%A7%E5%9D%A0%E6%A5%BC%E6%A1%88%E5%8F%8D%E8%BD%AC%E4%BC%A0%E8%B0%A3%E5%A7%8B%E4%BD%9C%E4%BF%91%E8%80%85%E6%98%AF%E8%B0%81%23
2026-09-17,2026-09-17T12:59:18+08:00,微博,热搜榜,微博热搜榜,,16,张百乔小雪 没离婚,艺人,热度 436100；新,,张百乔小雪 没离婚,"['小雪', '张百乔']",https://s.weibo.com/weibo?q=%23%E5%BC%A0%E7%99%BE%E4%B9%94%E5%B0%8F%E9%9B%AA%20%E6%B2%A1%E7%A6%BB%E5%A9%9A%23
2026-09-17,2026-09-17T12:59:18+08:00,微博,热搜榜,微博热搜榜,,17,湾区升明月晚会确定阵容,演出,热度 357542；新,,湾区升明月晚会确定阵容,演出,https://s.weibo.com/weibo?q=%23%E6%B9%BE%E5%8C%BA%E5%8D%87%E6%98%8E%E6%9C%88%E6%99%9A%E4%BC%9A%E7%A1%AE%E5%AE%9A%E9%98%B5%E5%AE%B9%23
2026-09-17,2026-09-17T12:59:18+08:00,微博,热搜榜,微博热搜榜,,18,一汽大众回应易立竞10连问,汽车,热度 349687；新,,一汽大众回应易立竞10连问,,https://s.weibo.com/weibo?q=%23%E4%B8%80%E6%B1%BD%E5%A4%A7%E4%BC%97%E5%9B%9E%E5%BA%94%E6%98%93%E7%AB%8B%E7%AB%9E10%E8%BF%9E%E9%97%AE%23
2026-09-17,2026-09-17T12:59:18+08:00,微博,热搜榜,微博热搜榜,,19,范玮琪说不然就会像大S,艺人,热度 349667,,范玮琪说不然就会像大S,"['范玮琪', '大s']",https://s.weibo.com/weibo?q=%23%E8%8C%83%E7%8E%AE%E7%90%AA%E8%AF%B4%E4%B8%8D%E7%84%B6%E5%B0%B1%E4%BC%9A%E5%83%8F%E5%A4%A7S%23
2026-09-17,2026-09-17T12:59:18+08:00,微博,热搜榜,微博热搜榜,,20,何不同舟渡,剧集,热度 348966；沸,,何不同舟渡,剧集,https://s.weibo.com/weibo?q=%23%E4%BD%95%E4%B8%8D%E5%90%8C%E8%88%9F%E6%B8%A1%23
2026-09-17,2026-09-17T12:59:18+08:00,微博,热搜榜,微博热搜榜,,21,影视飓风Tim反掰iPhoneDuo被质疑,数码,热度 334204,,影视飓风Tim反掰iPhoneDuo被质疑,,https://s.weibo.com/weibo?q=%23%E5%BD%B1%E8%A7%86%E9%A3%93%E9%A3%8ETim%E5%8F%8D%E6%8E%B0iPhoneDuo%E8%A2%AB%E8%B4%A8%E7%96%91%23
2026-09-17,2026-09-17T12:59:18+08:00,微博,热搜榜,微博热搜榜,,22,Tim反向掰一下iPhoneDuo后出现闪屏,数码,热度 333455,,Tim反向掰一下iPhoneDuo后出现闪屏,,https://s.weibo.com/weibo?q=%23Tim%E5%8F%8D%E5%90%91%E6%8E%B0%E4%B8%80%E4%B8%8BiPhoneDuo%E5%90%8E%E5%87%BA%E7%8E%B0%E9%97%AA%E5%B1%8F%23
2026-09-17,2026-09-17T12:59:18+08:00,微博,热搜榜,微博热搜榜,,23,中国女子板球队未战淘汰,体育,热度 318418；新,,中国女子板球队未战淘汰,,https://s.weibo.com/weibo?q=%23%E4%B8%AD%E5%9B%BD%E5%A5%B3%E5%AD%90%E6%9D%BF%E7%90%83%E9%98%9F%E6%9C%AA%E6%88%98%E6%B7%98%E6%B1%B0%23
2026-09-17,2026-09-17T12:59:18+08:00,微博,热搜榜,微博热搜榜,,24,37岁女子备孕拒体检确诊癌症晚期,健康医疗,热度 315005,,37岁女子备孕拒体检确诊癌症晚期,,https://s.weibo.com/weibo?q=%2337%E5%B2%81%E5%A5%B3%E5%AD%90%E5%A4%87%E5%AD%95%E6%8B%92%E4%BD%93%E6%A3%80%E7%A1%AE%E8%AF%8A%E7%99%8C%E7%97%87%E6%99%9A%E6%9C%9F%23
2026-09-17,2026-09-17T12:59:18+08:00,微博,热搜榜,微博热搜榜,,25,敬一丹一路走好,"民生新闻,艺人",热度 313142；新,,敬一丹一路走好,,https://s.weibo.com/weibo?q=%23%E6%95%AC%E4%B8%80%E4%B8%B9%E4%B8%80%E8%B7%AF%E8%B5%B0%E5%A5%BD%23
2026-09-17,2026-09-17T12:59:18+08:00,微博,热搜榜,微博热搜榜,,26,天哪这就1000块了,财经,热度 310838,,天哪这就1000块了,,https://s.weibo.com/weibo?q=%23%E5%A4%A9%E5%93%AA%E8%BF%99%E5%B0%B11000%E5%9D%97%E4%BA%86%23
2026-09-17,2026-09-17T12:59:18+08:00,微博,热搜榜,微博热搜榜,,27,井柏然第一次收官发女主,剧集,热度 304482,,井柏然第一次收官发女主,剧集,https://s.weibo.com/weibo?q=%23%E4%BA%95%E6%9F%8F%E7%84%B6%E7%AC%AC%E4%B8%80%E6%AC%A1%E6%94%B6%E5%AE%98%E5%8F%91%E5%A5%B3%E4%B8%BB%23
2026-09-17,2026-09-17T12:59:18+08:00,微博,热搜榜,微博热搜榜,,28,芒果一口气推出89部大剧,剧集,热度 300623,,芒果一口气推出89部大剧,剧集,https://s.weibo.com/weibo?q=%23%E8%8A%92%E6%9E%9C%E4%B8%80%E5%8F%A3%E6%B0%94%E6%8E%A8%E5%87%BA89%E9%83%A8%E5%A4%A7%E5%89%A7%23
2026-09-17,2026-09-17T12:59:18+08:00,微博,热搜榜,微博热搜榜,,29,张凌赫安克高山流水遇知音,艺人,热度 300599；新,,张凌赫安克高山流水遇知音,['张凌赫'],https://s.weibo.com/weibo?q=%23%E5%BC%A0%E5%87%8C%E8%B5%AB%E5%AE%89%E5%85%8B%E9%AB%98%E5%B1%B1%E6%B5%81%E6%B0%B4%E9%81%87%E7%9F%A5%E9%9F%B3%23
2026-09-17,2026-09-17T12:59:18+08:00,微博,热搜榜,微博热搜榜,,30,南医大坠亡事件导师学生聊天记录,民生新闻,热度 300404,,南医大坠亡事件导师学生聊天记录,,https://s.weibo.com/weibo?q=%23%E5%8D%97%E5%8C%BB%E5%A4%A7%E5%9D%A0%E4%BA%A1%E4%BA%8B%E4%BB%B6%E5%AF%BC%E5%B8%88%E5%AD%A6%E7%94%9F%E8%81%8A%E5%A4%A9%E8%AE%B0%E5%BD%95%23
2026-09-17,2026-09-17T12:59:18+08:00,微博,热搜榜,微博热搜榜,,31,曾辉在披哥胖到156斤,综艺,热度 300300；新,,曾辉在披哥胖到156斤,综艺,https://s.weibo.com/weibo?q=%23%E6%9B%BE%E8%BE%89%E5%9C%A8%E6%8A%AB%E5%93%A5%E8%83%96%E5%88%B0156%E6%96%A4%23
2026-09-17,2026-09-17T12:59:18+08:00,微博,热搜榜,微博热搜榜,,32,肖战圆头被当VOGUE的O,艺人,热度 300124；新,,肖战圆头被当VOGUE的O,['肖战'],https://s.weibo.com/weibo?q=%23%E8%82%96%E6%88%98%E5%9C%86%E5%A4%B4%E8%A2%AB%E5%BD%93VOGUE%E7%9A%84O%23
2026-09-17,2026-09-17T12:59:18+08:00,微博,热搜榜,微博热搜榜,,33,恋与深空,游戏,热度 300045；新,,恋与深空,,https://s.weibo.com/weibo?q=%23%E6%81%8B%E4%B8%8E%E6%B7%B1%E7%A9%BA%23
2026-09-17,2026-09-17T12:59:18+08:00,微博,热搜榜,微博热搜榜,,34,一点点否认威胁离职员工家人,舆论监督,热度 299926；新,,一点点否认威胁离职员工家人,,https://s.weibo.com/weibo?q=%23%E4%B8%80%E7%82%B9%E7%82%B9%E5%90%A6%E8%AE%A4%E5%A8%81%E8%83%81%E7%A6%BB%E8%81%8C%E5%91%98%E5%B7%A5%E5%AE%B6%E4%BA%BA%23
2026-09-17,2026-09-17T12:59:18+08:00,微博,热搜榜,微博热搜榜,,35,领克极限爆胎测试不用AI用高管,汽车,热度 298119；新,,领克极限爆胎测试不用AI用高管,,https://s.weibo.com/weibo?q=%23%E9%A2%86%E5%85%8B%E6%9E%81%E9%99%90%E7%88%86%E8%83%8E%E6%B5%8B%E8%AF%95%E4%B8%8D%E7%94%A8AI%E7%94%A8%E9%AB%98%E7%AE%A1%23
2026-09-17,2026-09-17T12:59:18+08:00,微博,热搜榜,微博热搜榜,,36,启境高管回应L3提前布局,汽车,热度 296945；新,,启境高管回应L3提前布局,,https://s.weibo.com/weibo?q=%23%E5%90%AF%E5%A2%83%E9%AB%98%E7%AE%A1%E5%9B%9E%E5%BA%94L3%E6%8F%90%E5%89%8D%E5%B8%83%E5%B1%80%23
2026-09-17,2026-09-17T12:59:18+08:00,微博,热搜榜,微博热搜榜,,37,张博恒名古屋饿12个小时肚子,体育,热度 296856,,张博恒名古屋饿12个小时肚子,,https://s.weibo.com/weibo?q=%23%E5%BC%A0%E5%8D%9A%E6%81%92%E5%90%8D%E5%8F%A4%E5%B1%8B%E9%A5%BF12%E4%B8%AA%E5%B0%8F%E6%97%B6%E8%82%9A%E5%AD%90%23
2026-09-17,2026-09-17T12:59:18+08:00,微博,热搜榜,微博热搜榜,,38,国乒男队去哪了,体育,热度 296816；新,,国乒男队去哪了,,https://s.weibo.com/weibo?q=%23%E5%9B%BD%E4%B9%92%E7%94%B7%E9%98%9F%E5%8E%BB%E5%93%AA%E4%BA%86%23
2026-09-17,2026-09-17T12:59:18+08:00,微博,热搜榜,微博热搜榜,,39,长生契定档0924,剧集,热度 291440；新,,长生契定档0924,剧集,https://s.weibo.com/weibo?q=%23%E9%95%BF%E7%94%9F%E5%A5%91%E5%AE%9A%E6%A1%A30924%23
2026-09-17,2026-09-17T12:59:18+08:00,微博,热搜榜,微博热搜榜,,40,22岁全款300万买房后的生活,议题讨论,热度 284868；新,,22岁全款300万买房后的生活,,https://s.weibo.com/weibo?q=%2322%E5%B2%81%E5%85%A8%E6%AC%BE300%E4%B8%87%E4%B9%B0%E6%88%BF%E5%90%8E%E7%9A%84%E7%94%9F%E6%B4%BB%23
2026-09-17,2026-09-17T12:59:18+08:00,微博,热搜榜,微博热搜榜,,41,向太说在家吃饭要等家里男人先吃完,艺人,热度 280620；新,,向太说在家吃饭要等家里男人先吃完,['向太'],https://s.weibo.com/weibo?q=%23%E5%90%91%E5%A4%AA%E8%AF%B4%E5%9C%A8%E5%AE%B6%E5%90%83%E9%A5%AD%E8%A6%81%E7%AD%89%E5%AE%B6%E9%87%8C%E7%94%B7%E4%BA%BA%E5%85%88%E5%90%83%E5%AE%8C%23
2026-09-17,2026-09-17T12:59:18+08:00,微博,热搜榜,微博热搜榜,,42,白鹿单脚站立穿鞋,艺人,热度 278673；新,,白鹿单脚站立穿鞋,['白鹿'],https://s.weibo.com/weibo?q=%23%E7%99%BD%E9%B9%BF%E5%8D%95%E8%84%9A%E7%AB%99%E7%AB%8B%E7%A9%BF%E9%9E%8B%23
2026-09-17,2026-09-17T12:59:18+08:00,微博,热搜榜,微博热搜榜,,43,天阶夜色,剧集,热度 278554；新,,天阶夜色,剧集,https://s.weibo.com/weibo?q=%23%E5%A4%A9%E9%98%B6%E5%A4%9C%E8%89%B2%23
2026-09-17,2026-09-17T12:59:18+08:00,微博,热搜榜,微博热搜榜,,44,让身体炎症全部消失的方法,健康医疗,热度 278475,,让身体炎症全部消失的方法,,https://s.weibo.com/weibo?q=%23%E8%AE%A9%E8%BA%AB%E4%BD%93%E7%82%8E%E7%97%87%E5%85%A8%E9%83%A8%E6%B6%88%E5%A4%B1%E7%9A%84%E6%96%B9%E6%B3%95%23
2026-09-17,2026-09-17T12:59:18+08:00,微博,热搜榜,微博热搜榜,,45,康辉送别敬一丹,民生新闻,热度 253391；新,,康辉送别敬一丹,,https://s.weibo.com/weibo?q=%23%E5%BA%B7%E8%BE%89%E9%80%81%E5%88%AB%E6%95%AC%E4%B8%80%E4%B8%B9%23
2026-09-17,2026-09-17T12:59:18+08:00,微博,热搜榜,微博热搜榜,,46,倪萍 给敬大姐的一封信,艺人,热度 252323,,倪萍 给敬大姐的一封信,['倪萍'],https://s.weibo.com/weibo?q=%23%E5%80%AA%E8%90%8D%20%E7%BB%99%E6%95%AC%E5%A4%A7%E5%A7%90%E7%9A%84%E4%B8%80%E5%B0%81%E4%BF%A1%23
2026-09-17,2026-09-17T12:59:18+08:00,微博,热搜榜,微博热搜榜,,47,VOGUE肖战十月刊封面,时尚,热度 247440,,VOGUE肖战十月刊封面,['肖战'],https://s.weibo.com/weibo?q=%23VOGUE%E8%82%96%E6%88%98%E5%8D%81%E6%9C%88%E5%88%8A%E5%B0%81%E9%9D%A2%23
2026-09-17,2026-09-17T12:59:18+08:00,微博,热搜榜,微博热搜榜,,48,田馥甄新专辑,音乐,热度 241917；新,,田馥甄新专辑,音乐,https://s.weibo.com/weibo?q=%23%E7%94%B0%E9%A6%A5%E7%94%84%E6%96%B0%E4%B8%93%E8%BE%91%23
2026-09-17,2026-09-17T12:59:18+08:00,微博,热搜榜,微博热搜榜,,49,咸鱼飞升,剧集,热度 240312,,咸鱼飞升,剧集,https://s.weibo.com/weibo?q=%23%E5%92%B8%E9%B1%BC%E9%A3%9E%E5%8D%87%23
2026-09-17,2026-09-17T12:59:18+08:00,微博,热搜榜,微博热搜榜,,50,KPL十周年,电竞,热度 221684；新,,KPL十周年,,https://s.weibo.com/weibo?q=%23KPL%E5%8D%81%E5%91%A8%E5%B9%B4%23
2026-09-17,2026-09-17T12:59:18+08:00,微博,文娱热搜榜,微博热搜榜-文娱条目,,1,胡歌被排到了第八位,剧集,总榜排名 4；热度 1241487；热,,胡歌被排到了第八位,剧集,https://s.weibo.com/weibo?q=%23%E8%83%A1%E6%AD%8C%E8%A2%AB%E6%8E%92%E5%88%B0%E4%BA%86%E7%AC%AC%E5%85%AB%E4%BD%8D%23
2026-09-17,2026-09-17T12:59:18+08:00,微博,文娱热搜榜,微博热搜榜-文娱条目,,2,曹骏徐正溪领衔主演何不同舟渡,剧集,总榜排名 9；热度 590740,,曹骏徐正溪领衔主演何不同舟渡,剧集,https://s.weibo.com/weibo?q=%23%E6%9B%B9%E9%AA%8F%E5%BE%90%E6%AD%A3%E6%BA%AA%E9%A2%86%E8%A1%94%E4%B8%BB%E6%BC%94%E4%BD%95%E4%B8%8D%E5%90%8C%E8%88%9F%E6%B8%A1%23
2026-09-17,2026-09-17T12:59:18+08:00,微博,文娱热搜榜,微博热搜榜-文娱条目,,3,小雪删除互动回复,艺人,总榜排名 11；热度 556731；热,,小雪删除互动回复,['小雪'],https://s.weibo.com/weibo?q=%23%E5%B0%8F%E9%9B%AA%E5%88%A0%E9%99%A4%E4%BA%92%E5%8A%A8%E5%9B%9E%E5%A4%8D%23
2026-09-17,2026-09-17T12:59:18+08:00,微博,文娱热搜榜,微博热搜榜-文娱条目,,4,景甜风波后首个封面,艺人,总榜排名 12；热度 533033；新,,景甜风波后首个封面,,https://s.weibo.com/weibo?q=%23%E6%99%AF%E7%94%9C%E9%A3%8E%E6%B3%A2%E5%90%8E%E9%A6%96%E4%B8%AA%E5%B0%81%E9%9D%A2%23
2026-09-17,2026-09-17T12:59:18+08:00,微博,文娱热搜榜,微博热搜榜-文娱条目,,5,范玮琪7年6大失言争议,艺人,总榜排名 14；热度 470984；新,,范玮琪7年6大失言争议,['范玮琪'],https://s.weibo.com/weibo?q=%23%E8%8C%83%E7%8E%AE%E7%90%AA7%E5%B9%B46%E5%A4%A7%E5%A4%B1%E8%A8%80%E4%BA%89%E8%AE%AE%23
2026-09-17,2026-09-17T12:59:18+08:00,微博,文娱热搜榜,微博热搜榜-文娱条目,,6,张百乔小雪 没离婚,艺人,总榜排名 16；热度 436100；新,,张百乔小雪 没离婚,"['小雪', '张百乔']",https://s.weibo.com/weibo?q=%23%E5%BC%A0%E7%99%BE%E4%B9%94%E5%B0%8F%E9%9B%AA%20%E6%B2%A1%E7%A6%BB%E5%A9%9A%23
2026-09-17,2026-09-17T12:59:18+08:00,微博,文娱热搜榜,微博热搜榜-文娱条目,,7,湾区升明月晚会确定阵容,演出,总榜排名 17；热度 357542；新,,湾区升明月晚会确定阵容,演出,https://s.weibo.com/weibo?q=%23%E6%B9%BE%E5%8C%BA%E5%8D%87%E6%98%8E%E6%9C%88%E6%99%9A%E4%BC%9A%E7%A1%AE%E5%AE%9A%E9%98%B5%E5%AE%B9%23
2026-09-17,2026-09-17T12:59:18+08:00,微博,文娱热搜榜,微博热搜榜-文娱条目,,8,范玮琪说不然就会像大S,艺人,总榜排名 19；热度 349667,,范玮琪说不然就会像大S,"['范玮琪', '大s']",https://s.weibo.com/weibo?q=%23%E8%8C%83%E7%8E%AE%E7%90%AA%E8%AF%B4%E4%B8%8D%E7%84%B6%E5%B0%B1%E4%BC%9A%E5%83%8F%E5%A4%A7S%23
2026-09-17,2026-09-17T12:59:18+08:00,微博,文娱热搜榜,微博热搜榜-文娱条目,,9,何不同舟渡,剧集,总榜排名 20；热度 348966；沸,,何不同舟渡,剧集,https://s.weibo.com/weibo?q=%23%E4%BD%95%E4%B8%8D%E5%90%8C%E8%88%9F%E6%B8%A1%23
2026-09-17,2026-09-17T12:59:18+08:00,微博,文娱热搜榜,微博热搜榜-文娱条目,,10,井柏然第一次收官发女主,剧集,总榜排名 27；热度 304482,,井柏然第一次收官发女主,剧集,https://s.weibo.com/weibo?q=%23%E4%BA%95%E6%9F%8F%E7%84%B6%E7%AC%AC%E4%B8%80%E6%AC%A1%E6%94%B6%E5%AE%98%E5%8F%91%E5%A5%B3%E4%B8%BB%23
2026-09-17,2026-09-17T12:59:18+08:00,微博,文娱热搜榜,微博热搜榜-文娱条目,,11,芒果一口气推出89部大剧,剧集,总榜排名 28；热度 300623,,芒果一口气推出89部大剧,剧集,https://s.weibo.com/weibo?q=%23%E8%8A%92%E6%9E%9C%E4%B8%80%E5%8F%A3%E6%B0%94%E6%8E%A8%E5%87%BA89%E9%83%A8%E5%A4%A7%E5%89%A7%23
2026-09-17,2026-09-17T12:59:18+08:00,微博,文娱热搜榜,微博热搜榜-文娱条目,,12,张凌赫安克高山流水遇知音,艺人,总榜排名 29；热度 300599；新,,张凌赫安克高山流水遇知音,['张凌赫'],https://s.weibo.com/weibo?q=%23%E5%BC%A0%E5%87%8C%E8%B5%AB%E5%AE%89%E5%85%8B%E9%AB%98%E5%B1%B1%E6%B5%81%E6%B0%B4%E9%81%87%E7%9F%A5%E9%9F%B3%23
2026-09-17,2026-09-17T12:59:18+08:00,微博,文娱热搜榜,微博热搜榜-文娱条目,,13,曾辉在披哥胖到156斤,综艺,总榜排名 31；热度 300300；新,,曾辉在披哥胖到156斤,综艺,https://s.weibo.com/weibo?q=%23%E6%9B%BE%E8%BE%89%E5%9C%A8%E6%8A%AB%E5%93%A5%E8%83%96%E5%88%B0156%E6%96%A4%23
2026-09-17,2026-09-17T12:59:18+08:00,微博,文娱热搜榜,微博热搜榜-文娱条目,,14,肖战圆头被当VOGUE的O,艺人,总榜排名 32；热度 300124；新,,肖战圆头被当VOGUE的O,['肖战'],https://s.weibo.com/weibo?q=%23%E8%82%96%E6%88%98%E5%9C%86%E5%A4%B4%E8%A2%AB%E5%BD%93VOGUE%E7%9A%84O%23
2026-09-17,2026-09-17T12:59:18+08:00,微博,文娱热搜榜,微博热搜榜-文娱条目,,15,长生契定档0924,剧集,总榜排名 39；热度 291440；新,,长生契定档0924,剧集,https://s.weibo.com/weibo?q=%23%E9%95%BF%E7%94%9F%E5%A5%91%E5%AE%9A%E6%A1%A30924%23
2026-09-17,2026-09-17T12:59:18+08:00,微博,文娱热搜榜,微博热搜榜-文娱条目,,16,向太说在家吃饭要等家里男人先吃完,艺人,总榜排名 41；热度 280620；新,,向太说在家吃饭要等家里男人先吃完,['向太'],https://s.weibo.com/weibo?q=%23%E5%90%91%E5%A4%AA%E8%AF%B4%E5%9C%A8%E5%AE%B6%E5%90%83%E9%A5%AD%E8%A6%81%E7%AD%89%E5%AE%B6%E9%87%8C%E7%94%B7%E4%BA%BA%E5%85%88%E5%90%83%E5%AE%8C%23
2026-09-17,2026-09-17T12:59:18+08:00,微博,文娱热搜榜,微博热搜榜-文娱条目,,17,白鹿单脚站立穿鞋,艺人,总榜排名 42；热度 278673；新,,白鹿单脚站立穿鞋,['白鹿'],https://s.weibo.com/weibo?q=%23%E7%99%BD%E9%B9%BF%E5%8D%95%E8%84%9A%E7%AB%99%E7%AB%8B%E7%A9%BF%E9%9E%8B%23
2026-09-17,2026-09-17T12:59:18+08:00,微博,文娱热搜榜,微博热搜榜-文娱条目,,18,天阶夜色,剧集,总榜排名 43；热度 278554；新,,天阶夜色,剧集,https://s.weibo.com/weibo?q=%23%E5%A4%A9%E9%98%B6%E5%A4%9C%E8%89%B2%23
2026-09-17,2026-09-17T12:59:18+08:00,微博,文娱热搜榜,微博热搜榜-文娱条目,,19,倪萍 给敬大姐的一封信,艺人,总榜排名 46；热度 252323,,倪萍 给敬大姐的一封信,['倪萍'],https://s.weibo.com/weibo?q=%23%E5%80%AA%E8%90%8D%20%E7%BB%99%E6%95%AC%E5%A4%A7%E5%A7%90%E7%9A%84%E4%B8%80%E5%B0%81%E4%BF%A1%23
2026-09-17,2026-09-17T12:59:18+08:00,微博,文娱热搜榜,微博热搜榜-文娱条目,,20,田馥甄新专辑,音乐,总榜排名 48；热度 241917；新,,田馥甄新专辑,音乐,https://s.weibo.com/weibo?q=%23%E7%94%B0%E9%A6%A5%E7%94%84%E6%96%B0%E4%B8%93%E8%BE%91%23
2026-09-17,2026-09-17T12:59:18+08:00,微博,文娱热搜榜,微博热搜榜-文娱条目,,21,咸鱼飞升,剧集,总榜排名 49；热度 240312,,咸鱼飞升,剧集,https://s.weibo.com/weibo?q=%23%E5%92%B8%E9%B1%BC%E9%A3%9E%E5%8D%87%23
