snapshot_date,captured_at,platform,chart,official_chart,platform_date,rank,song_name,artist,chart_metric,duration,song_id,album_id,source_url
2026-10-06,2026-10-06T10:29:24+08:00,QQ音乐,热歌榜,热歌榜,2026-10-06,1,我不难过,孙燕姿,0,,8136,004VSvF52mQoQp,https://y.qq.com/n/ryqq/toplist/26
2026-10-06,2026-10-06T10:29:24+08:00,QQ音乐,热歌榜,热歌榜,2026-10-06,2,甲乙丙丁 (你我怎么两清),李佳薇,0,,696262512,00446QRA1fTdqA,https://y.qq.com/n/ryqq/toplist/26
2026-10-06,2026-10-06T10:29:24+08:00,QQ音乐,热歌榜,热歌榜,2026-10-06,3,茶汤,郁可唯,0,,4936030,002iWKlh2DcjFL,https://y.qq.com/n/ryqq/toplist/26
2026-10-06,2026-10-06T10:29:24+08:00,QQ音乐,热歌榜,热歌榜,2026-10-06,4,情歌,梁静茹,0,,462188,002E4IXe1ESUij,https://y.qq.com/n/ryqq/toplist/26
2026-10-06,2026-10-06T10:29:24+08:00,QQ音乐,热歌榜,热歌榜,2026-10-06,5,雨爱,杨丞琳,0,,645819,000jcKFG0sQrD0,https://y.qq.com/n/ryqq/toplist/26
2026-10-06,2026-10-06T10:29:24+08:00,QQ音乐,热歌榜,热歌榜,2026-10-06,6,我怀念的,孙燕姿,上升 1,,5211338,000P3l050Olt27,https://y.qq.com/n/ryqq/toplist/26
2026-10-06,2026-10-06T10:29:24+08:00,QQ音乐,热歌榜,热歌榜,2026-10-06,7,恋人,李荣浩,下降 1,,496054946,004HaG7p4ZkhXA,https://y.qq.com/n/ryqq/toplist/26
2026-10-06,2026-10-06T10:29:24+08:00,QQ音乐,热歌榜,热歌榜,2026-10-06,8,泪海,许茹芸,0,,106585340,001Ugmj01giuzO,https://y.qq.com/n/ryqq/toplist/26
2026-10-06,2026-10-06T10:29:24+08:00,QQ音乐,热歌榜,热歌榜,2026-10-06,9,Always Online,林俊杰,0,,447257,002g6zv02X7SNi,https://y.qq.com/n/ryqq/toplist/26
2026-10-06,2026-10-06T10:29:24+08:00,QQ音乐,热歌榜,热歌榜,2026-10-06,10,特别的人,方大同,0,,5293866,000GvdTR0qcKh8,https://y.qq.com/n/ryqq/toplist/26
2026-10-06,2026-10-06T10:29:24+08:00,QQ音乐,热歌榜,热歌榜,2026-10-06,11,茶花开了，该回家了,王睿卓/加木,0,,553433850,001KCGcF29Na3i,https://y.qq.com/n/ryqq/toplist/26
2026-10-06,2026-10-06T10:29:24+08:00,QQ音乐,热歌榜,热歌榜,2026-10-06,12,爱错,王力宏,上升 1,,105905415,002ElVxf43rOue,https://y.qq.com/n/ryqq/toplist/26
2026-10-06,2026-10-06T10:29:24+08:00,QQ音乐,热歌榜,热歌榜,2026-10-06,13,开始懂了,孙燕姿,下降 1,,5646,004KRIQr1oCp2A,https://y.qq.com/n/ryqq/toplist/26
2026-10-06,2026-10-06T10:29:24+08:00,QQ音乐,热歌榜,热歌榜,2026-10-06,14,红色高跟鞋,蔡健雅,上升 1,,624649,002dOge41xlS8x,https://y.qq.com/n/ryqq/toplist/26
2026-10-06,2026-10-06T10:29:24+08:00,QQ音乐,热歌榜,热歌榜,2026-10-06,15,失眠,Suki刘舒妤,上升 1,,4733575,002xCeeN4EJ1Ke,https://y.qq.com/n/ryqq/toplist/26
2026-10-06,2026-10-06T10:29:24+08:00,QQ音乐,热歌榜,热歌榜,2026-10-06,16,演员,薛之谦,下降 2,,102636799,003y8dsH2wBHlo,https://y.qq.com/n/ryqq/toplist/26
2026-10-06,2026-10-06T10:29:24+08:00,QQ音乐,热歌榜,热歌榜,2026-10-06,17,素颜,许嵩/何曼婷,0,,101813361,0035f8nw11cjkf,https://y.qq.com/n/ryqq/toplist/26
2026-10-06,2026-10-06T10:29:24+08:00,QQ音乐,热歌榜,热歌榜,2026-10-06,18,唯一,G.E.M.邓紫棋,0,,438910555,002d6m7k0xCbSv,https://y.qq.com/n/ryqq/toplist/26
2026-10-06,2026-10-06T10:29:24+08:00,QQ音乐,热歌榜,热歌榜,2026-10-06,19,春娇与志明,街道办GDC/欧阳耀莹,0,,205357640,000lrXyA0MlEEo,https://y.qq.com/n/ryqq/toplist/26
2026-10-06,2026-10-06T10:29:24+08:00,QQ音乐,热歌榜,热歌榜,2026-10-06,20,我们俩,郭顶,上升 2,,105413206,003sMyYb4HZAAz,https://y.qq.com/n/ryqq/toplist/26
2026-10-06,2026-10-06T10:29:24+08:00,QQ音乐,热歌榜,热歌榜,2026-10-06,21,江南,林俊杰,下降 1,,9063002,000y5gq7449K9I,https://y.qq.com/n/ryqq/toplist/26
2026-10-06,2026-10-06T10:29:24+08:00,QQ音乐,热歌榜,热歌榜,2026-10-06,22,美人鱼,林俊杰,下降 1,,95292,000y5gq7449K9I,https://y.qq.com/n/ryqq/toplist/26
2026-10-06,2026-10-06T10:29:24+08:00,QQ音乐,热歌榜,热歌榜,2026-10-06,23,雨过后的风景,Dizzy Dizzo (蔡诗芸),上升 4,,1960263,0038xSkp1EcVBf,https://y.qq.com/n/ryqq/toplist/26
2026-10-06,2026-10-06T10:29:24+08:00,QQ音乐,热歌榜,热歌榜,2026-10-06,24,多远都要在一起,G.E.M.邓紫棋,上升 5,,102174489,003c616O2Zlswm,https://y.qq.com/n/ryqq/toplist/26
2026-10-06,2026-10-06T10:29:24+08:00,QQ音乐,热歌榜,热歌榜,2026-10-06,25,遇见,孙燕姿,下降 1,,8145,002ehzTm0TxXC2,https://y.qq.com/n/ryqq/toplist/26
2026-10-06,2026-10-06T10:29:24+08:00,QQ音乐,热歌榜,热歌榜,2026-10-06,26,阴天,莫文蔚,上升 2,,4830345,000hTTJN3oScZr,https://y.qq.com/n/ryqq/toplist/26
2026-10-06,2026-10-06T10:29:24+08:00,QQ音乐,热歌榜,热歌榜,2026-10-06,27,大梦归,周深,上升 13,,724093215,003ZuQ5z05yCAP,https://y.qq.com/n/ryqq/toplist/26
2026-10-06,2026-10-06T10:29:24+08:00,QQ音乐,热歌榜,热歌榜,2026-10-06,28,幻听,许嵩,上升 9,,1531817,004RbL3b0BDIe2,https://y.qq.com/n/ryqq/toplist/26
2026-10-06,2026-10-06T10:29:24+08:00,QQ音乐,热歌榜,热歌榜,2026-10-06,29,琵琶曲,郑浩/冰洁,下降 4,,627317850,002PmUzc12N5S7,https://y.qq.com/n/ryqq/toplist/26
2026-10-06,2026-10-06T10:29:24+08:00,QQ音乐,热歌榜,热歌榜,2026-10-06,30,富士山下,陈奕迅,上升 1,,260678,004Z85XP1c25b7,https://y.qq.com/n/ryqq/toplist/26
2026-10-06,2026-10-06T10:29:24+08:00,QQ音乐,热歌榜,热歌榜,2026-10-06,31,阿楚姑娘,袁娅维TIA RAY,下降 8,,105769829,0014PIct2LKiPl,https://y.qq.com/n/ryqq/toplist/26
2026-10-06,2026-10-06T10:29:24+08:00,QQ音乐,热歌榜,热歌榜,2026-10-06,32,晴天,周杰伦,下降 6,,97773,000MkMni19ClKG,https://y.qq.com/n/ryqq/toplist/26
2026-10-06,2026-10-06T10:29:24+08:00,QQ音乐,热歌榜,热歌榜,2026-10-06,33,偏爱,张芸京,下降 1,,473137,003ha6C92GRuVE,https://y.qq.com/n/ryqq/toplist/26
2026-10-06,2026-10-06T10:29:24+08:00,QQ音乐,热歌榜,热歌榜,2026-10-06,34,出现又离开 (Live),梁博,0,,231594573,000eQZ1q4g6AsF,https://y.qq.com/n/ryqq/toplist/26
2026-10-06,2026-10-06T10:29:24+08:00,QQ音乐,热歌榜,热歌榜,2026-10-06,35,心墙,郭静,下降 5,,474797,003EHcB24J8t9Z,https://y.qq.com/n/ryqq/toplist/26
2026-10-06,2026-10-06T10:29:24+08:00,QQ音乐,热歌榜,热歌榜,2026-10-06,36,玻璃,Gareth.T,上升 2,,666124541,002kIED92uw8L5,https://y.qq.com/n/ryqq/toplist/26
2026-10-06,2026-10-06T10:29:24+08:00,QQ音乐,热歌榜,热歌榜,2026-10-06,37,海阔天空,BEYOND,下降 2,,4835784,002qcJuX3lO3EZ,https://y.qq.com/n/ryqq/toplist/26
2026-10-06,2026-10-06T10:29:24+08:00,QQ音乐,热歌榜,热歌榜,2026-10-06,38,其实,薛之谦,下降 2,,104775877,000QgFcm0v8WaF,https://y.qq.com/n/ryqq/toplist/26
2026-10-06,2026-10-06T10:29:24+08:00,QQ音乐,热歌榜,热歌榜,2026-10-06,39,最佳损友,陈奕迅,0,,1338414,002FT46H18G1jW,https://y.qq.com/n/ryqq/toplist/26
2026-10-06,2026-10-06T10:29:24+08:00,QQ音乐,热歌榜,热歌榜,2026-10-06,40,坏女孩,徐良/小凌,上升 2,,7112749,002apRhZ4Bq99d,https://y.qq.com/n/ryqq/toplist/26
2026-10-06,2026-10-06T10:29:24+08:00,QQ音乐,热歌榜,热歌榜,2026-10-06,41,Whatever Happens,Michael Jackson/Carlos Santana,下降 8,,315453,003fmcI10dzkHT,https://y.qq.com/n/ryqq/toplist/26
2026-10-06,2026-10-06T10:29:24+08:00,QQ音乐,热歌榜,热歌榜,2026-10-06,42,盛夏的果实,莫文蔚,上升 3,,4830161,000KeV8l1PIjxt,https://y.qq.com/n/ryqq/toplist/26
2026-10-06,2026-10-06T10:29:24+08:00,QQ音乐,热歌榜,热歌榜,2026-10-06,43,十年,陈奕迅,上升 1,,4830342,000GDz8k03UOaI,https://y.qq.com/n/ryqq/toplist/26
2026-10-06,2026-10-06T10:29:24+08:00,QQ音乐,热歌榜,热歌榜,2026-10-06,44,不将就,李荣浩,下降 1,,102367085,001fi1zG0EjU2u,https://y.qq.com/n/ryqq/toplist/26
2026-10-06,2026-10-06T10:29:24+08:00,QQ音乐,热歌榜,热歌榜,2026-10-06,45,ANGEL (天使),尹美莱 (윤미래)/Tiger JK/Bizzy (비지),上升 10,,101138130,000qiKcT05rSr9,https://y.qq.com/n/ryqq/toplist/26
2026-10-06,2026-10-06T10:29:24+08:00,QQ音乐,热歌榜,热歌榜,2026-10-06,46,如愿,王菲,上升 4,,326584182,004Kbn3m2HV9Y3,https://y.qq.com/n/ryqq/toplist/26
2026-10-06,2026-10-06T10:29:24+08:00,QQ音乐,热歌榜,热歌榜,2026-10-06,47,瞬,郑润泽,上升 2,,422061155,001qvyI10urb5z,https://y.qq.com/n/ryqq/toplist/26
2026-10-06,2026-10-06T10:29:24+08:00,QQ音乐,热歌榜,热歌榜,2026-10-06,48,天外来物,薛之谦,下降 2,,272125057,000K9Zp13TZp5s,https://y.qq.com/n/ryqq/toplist/26
2026-10-06,2026-10-06T10:29:24+08:00,QQ音乐,热歌榜,热歌榜,2026-10-06,49,背对背拥抱,林俊杰,下降 1,,648231,002C0kX720gMQi,https://y.qq.com/n/ryqq/toplist/26
2026-10-06,2026-10-06T10:29:24+08:00,QQ音乐,热歌榜,热歌榜,2026-10-06,50,泡沫,G.E.M.邓紫棋,上升 1,,1530858,002YFufr4bXZyI,https://y.qq.com/n/ryqq/toplist/26
2026-10-06,2026-10-06T10:29:24+08:00,QQ音乐,热歌榜,热歌榜,2026-10-06,51,麦恩莉,方大同,下降 4,,2550926,000ih4iv3HCmno,https://y.qq.com/n/ryqq/toplist/26
2026-10-06,2026-10-06T10:29:24+08:00,QQ音乐,热歌榜,热歌榜,2026-10-06,52,You Are All I Need,FLY COAST/二宮愛 (にのみや あい),上升 37,,101718248,000B8U3p19UV0b,https://y.qq.com/n/ryqq/toplist/26
2026-10-06,2026-10-06T10:29:24+08:00,QQ音乐,热歌榜,热歌榜,2026-10-06,53,刻在我心底的名字,卢广仲,下降 1,,316472364,004QG0W52P5GUq,https://y.qq.com/n/ryqq/toplist/26
2026-10-06,2026-10-06T10:29:24+08:00,QQ音乐,热歌榜,热歌榜,2026-10-06,54,认真的雪,薛之谦,0,,1333803,003mUYW22JXKVK,https://y.qq.com/n/ryqq/toplist/26
2026-10-06,2026-10-06T10:29:24+08:00,QQ音乐,热歌榜,热歌榜,2026-10-06,55,失控,井迪,上升 1,,284945036,0014Iqfp1PMAbs,https://y.qq.com/n/ryqq/toplist/26
2026-10-06,2026-10-06T10:29:24+08:00,QQ音乐,热歌榜,热歌榜,2026-10-06,56,Sold Out,Hawk Nelson/Jonathan Steingard,下降 15,,102326316,0014FEcP01xOWv,https://y.qq.com/n/ryqq/toplist/26
2026-10-06,2026-10-06T10:29:24+08:00,QQ音乐,热歌榜,热歌榜,2026-10-06,57,风月吻眉梢,礼越,上升 1,,586620109,001NXQwE1ywPDV,https://y.qq.com/n/ryqq/toplist/26
2026-10-06,2026-10-06T10:29:24+08:00,QQ音乐,热歌榜,热歌榜,2026-10-06,58,愿与愁,林俊杰,上升 4,,405007729,004ZOIop1doXru,https://y.qq.com/n/ryqq/toplist/26
2026-10-06,2026-10-06T10:29:24+08:00,QQ音乐,热歌榜,热歌榜,2026-10-06,59,修炼爱情,林俊杰,下降 2,,5063375,001gqOnU3DTg2S,https://y.qq.com/n/ryqq/toplist/26
2026-10-06,2026-10-06T10:29:24+08:00,QQ音乐,热歌榜,热歌榜,2026-10-06,60,樱花草,Sweety,上升 1,,481456,000pKXff1doeOd,https://y.qq.com/n/ryqq/toplist/26
2026-10-06,2026-10-06T10:29:24+08:00,QQ音乐,热歌榜,热歌榜,2026-10-06,61,我好像在哪见过你,薛之谦,下降 8,,107439472,000dcZ9I1nzO62,https://y.qq.com/n/ryqq/toplist/26
2026-10-06,2026-10-06T10:29:24+08:00,QQ音乐,热歌榜,热歌榜,2026-10-06,62,光年之外,G.E.M.邓紫棋,上升 1,,200255722,001mTkmb4GJlh4,https://y.qq.com/n/ryqq/toplist/26
2026-10-06,2026-10-06T10:29:24+08:00,QQ音乐,热歌榜,热歌榜,2026-10-06,63,爱情讯息,郭静,下降 4,,876549,003PKZMI1Wyx1A,https://y.qq.com/n/ryqq/toplist/26
2026-10-06,2026-10-06T10:29:24+08:00,QQ音乐,热歌榜,热歌榜,2026-10-06,64,至少还有你,林忆莲,上升 3,,102204563,001JqgRv0mRHEQ,https://y.qq.com/n/ryqq/toplist/26
2026-10-06,2026-10-06T10:29:24+08:00,QQ音乐,热歌榜,热歌榜,2026-10-06,65,黄昏,周传雄,0,,526713,001U6x8f2uJhig,https://y.qq.com/n/ryqq/toplist/26
2026-10-06,2026-10-06T10:29:24+08:00,QQ音乐,热歌榜,热歌榜,2026-10-06,66,天龙八部之宿敌,许嵩,上升 5,,4829554,002JzRQD2zjvxG,https://y.qq.com/n/ryqq/toplist/26
2026-10-06,2026-10-06T10:29:24+08:00,QQ音乐,热歌榜,热歌榜,2026-10-06,67,勇气,梁静茹,下降 3,,4830164,001DEgPu1004bl,https://y.qq.com/n/ryqq/toplist/26
2026-10-06,2026-10-06T10:29:24+08:00,QQ音乐,热歌榜,热歌榜,2026-10-06,68,爱我还是他,陶喆,下降 8,,7211247,003ofGzS3C23Ow,https://y.qq.com/n/ryqq/toplist/26
2026-10-06,2026-10-06T10:29:24+08:00,QQ音乐,热歌榜,热歌榜,2026-10-06,69,如果可以,韦礼安,0,,330977131,003WBcyJ1siUkh,https://y.qq.com/n/ryqq/toplist/26
2026-10-06,2026-10-06T10:29:24+08:00,QQ音乐,热歌榜,热歌榜,2026-10-06,70,Letting Go,蔡健雅,下降 4,,1030353,001aC9dM35U6KB,https://y.qq.com/n/ryqq/toplist/26
2026-10-06,2026-10-06T10:29:24+08:00,QQ音乐,热歌榜,热歌榜,2026-10-06,71,我们的歌,王力宏,下降 1,,102193483,002Zwh5p4HgecI,https://y.qq.com/n/ryqq/toplist/26
2026-10-06,2026-10-06T10:29:24+08:00,QQ音乐,热歌榜,热歌榜,2026-10-06,72,有何不可,许嵩,上升 1,,102296985,002KSDg90IaScI,https://y.qq.com/n/ryqq/toplist/26
2026-10-06,2026-10-06T10:29:24+08:00,QQ音乐,热歌榜,热歌榜,2026-10-06,73,离开我的依赖,王艳薇,上升 6,,253383943,004CSyAN1oc97b,https://y.qq.com/n/ryqq/toplist/26
2026-10-06,2026-10-06T10:29:24+08:00,QQ音乐,热歌榜,热歌榜,2026-10-06,74,倒数,G.E.M.邓紫棋,上升 1,,215540451,003cKIKZ1J4Yyu,https://y.qq.com/n/ryqq/toplist/26
2026-10-06,2026-10-06T10:29:24+08:00,QQ音乐,热歌榜,热歌榜,2026-10-06,75,夏夜最后的烟火,颜人中,下降 1,,459088908,002tspXk0JB6qZ,https://y.qq.com/n/ryqq/toplist/26
2026-10-06,2026-10-06T10:29:24+08:00,QQ音乐,热歌榜,热歌榜,2026-10-06,76,同花顺,林倛玉,0,,103970682,004789lA4cH3Kq,https://y.qq.com/n/ryqq/toplist/26
2026-10-06,2026-10-06T10:29:24+08:00,QQ音乐,热歌榜,热歌榜,2026-10-06,77,青花,周传雄,上升 3,,102204539,001Vj7aX0PixwV,https://y.qq.com/n/ryqq/toplist/26
2026-10-06,2026-10-06T10:29:24+08:00,QQ音乐,热歌榜,热歌榜,2026-10-06,78,最后一页,江语晨,下降 6,,721636,003FO4XF40Ky8L,https://y.qq.com/n/ryqq/toplist/26
2026-10-06,2026-10-06T10:29:24+08:00,QQ音乐,热歌榜,热歌榜,2026-10-06,79,会呼吸的痛,梁静茹,下降 1,,411228,002oy2Mp3I8Rgo,https://y.qq.com/n/ryqq/toplist/26
2026-10-06,2026-10-06T10:29:24+08:00,QQ音乐,热歌榜,热歌榜,2026-10-06,80,我记得,赵雷,下降 12,,372639235,003QIVDT3UB8zG,https://y.qq.com/n/ryqq/toplist/26
2026-10-06,2026-10-06T10:29:24+08:00,QQ音乐,热歌榜,热歌榜,2026-10-06,81,多余的解释,许嵩,上升 3,,460866,002KSDg90IaScI,https://y.qq.com/n/ryqq/toplist/26
2026-10-06,2026-10-06T10:29:24+08:00,QQ音乐,热歌榜,热歌榜,2026-10-06,82,可不可以,张紫豪,上升 1,,213958134,004VR1w241uBhB,https://y.qq.com/n/ryqq/toplist/26
2026-10-06,2026-10-06T10:29:24+08:00,QQ音乐,热歌榜,热歌榜,2026-10-06,83,下完这场雨,后弦,下降 6,,108787382,004ZXlA63dZBCa,https://y.qq.com/n/ryqq/toplist/26
2026-10-06,2026-10-06T10:29:24+08:00,QQ音乐,热歌榜,热歌榜,2026-10-06,84,第57次取消发送,菲菲公主（陆绮菲）,下降 3,,560063927,000KrDC019mc82,https://y.qq.com/n/ryqq/toplist/26
2026-10-06,2026-10-06T10:29:24+08:00,QQ音乐,热歌榜,热歌榜,2026-10-06,85,IF YOU,BIGBANG (빅뱅),下降 3,,102793935,001xpUdt2jEjWu,https://y.qq.com/n/ryqq/toplist/26
2026-10-06,2026-10-06T10:29:24+08:00,QQ音乐,热歌榜,热歌榜,2026-10-06,86,碎碎念,队长,0,,448738462,000DTFwk0oV4YR,https://y.qq.com/n/ryqq/toplist/26
2026-10-06,2026-10-06T10:29:24+08:00,QQ音乐,热歌榜,热歌榜,2026-10-06,87,你要的全拿走,胡彦斌,0,,212808217,001eyHlv2fu50T,https://y.qq.com/n/ryqq/toplist/26
2026-10-06,2026-10-06T10:29:24+08:00,QQ音乐,热歌榜,热歌榜,2026-10-06,88,后来,刘若英,下降 3,,4830150,0017zqT34WuQwa,https://y.qq.com/n/ryqq/toplist/26
2026-10-06,2026-10-06T10:29:24+08:00,QQ音乐,热歌榜,热歌榜,2026-10-06,89,句号,G.E.M.邓紫棋,上升 1,,247347346,0049MVh824D7bM,https://y.qq.com/n/ryqq/toplist/26
2026-10-06,2026-10-06T10:29:24+08:00,QQ音乐,热歌榜,热歌榜,2026-10-06,90,恶作剧,王蓝茵,上升 3,,257621,0031ftBk2foLzq,https://y.qq.com/n/ryqq/toplist/26
2026-10-06,2026-10-06T10:29:24+08:00,QQ音乐,热歌榜,热歌榜,2026-10-06,91,我知道,BY2,下降 3,,470336,001P410a0Iq4K0,https://y.qq.com/n/ryqq/toplist/26
2026-10-06,2026-10-06T10:29:24+08:00,QQ音乐,热歌榜,热歌榜,2026-10-06,92,冻结,林俊杰,上升 2,,101659148,002vlOfM1X5TQ0,https://y.qq.com/n/ryqq/toplist/26
2026-10-06,2026-10-06T10:29:24+08:00,QQ音乐,热歌榜,热歌榜,2026-10-06,93,孤独患者,陈奕迅,下降 1,,1021078,003YQ8lP3NBXKl,https://y.qq.com/n/ryqq/toplist/26
2026-10-06,2026-10-06T10:29:24+08:00,QQ音乐,热歌榜,热歌榜,2026-10-06,94,下一个天亮,郭静,下降 3,,876541,003PKZMI1Wyx1A,https://y.qq.com/n/ryqq/toplist/26
2026-10-06,2026-10-06T10:29:24+08:00,QQ音乐,热歌榜,热歌榜,2026-10-06,95,一样的月光,徐佳莹,0,,7063423,000cchEp2CGNEf,https://y.qq.com/n/ryqq/toplist/26
2026-10-06,2026-10-06T10:29:24+08:00,QQ音乐,热歌榜,热歌榜,2026-10-06,96,一直很安静,阿桑,上升 10,,448593,002fNZDg1LHT3o,https://y.qq.com/n/ryqq/toplist/26
2026-10-06,2026-10-06T10:29:24+08:00,QQ音乐,热歌榜,热歌榜,2026-10-06,97,如果当时,许嵩,0,,460049,002KSDg90IaScI,https://y.qq.com/n/ryqq/toplist/26
2026-10-06,2026-10-06T10:29:24+08:00,QQ音乐,热歌榜,热歌榜,2026-10-06,98,红尘客栈,周杰伦,上升 2,,5177680,003Ow85E3pnoqi,https://y.qq.com/n/ryqq/toplist/26
2026-10-06,2026-10-06T10:29:24+08:00,QQ音乐,热歌榜,热歌榜,2026-10-06,99,那些你很冒险的梦,林俊杰,下降 3,,102388808,002PQCmo2azasb,https://y.qq.com/n/ryqq/toplist/26
2026-10-06,2026-10-06T10:29:24+08:00,QQ音乐,热歌榜,热歌榜,2026-10-06,100,淘汰,陈奕迅,上升 11,,1313988,003yQidc3s7P65,https://y.qq.com/n/ryqq/toplist/26
2026-10-06,2026-10-06T10:29:24+08:00,QQ音乐,飙升榜,飙升榜,2026-10-06,1,Proof,檀健次,热度 11%,,727791558,004WxXLs0ZCYBc,https://y.qq.com/n/ryqq/toplist/62
2026-10-06,2026-10-06T10:29:24+08:00,QQ音乐,飙升榜,飙升榜,2026-10-06,2,You Are All I Need,FLY COAST/二宮愛 (にのみや あい),热度 9%,,101718248,000B8U3p19UV0b,https://y.qq.com/n/ryqq/toplist/62
2026-10-06,2026-10-06T10:29:24+08:00,QQ音乐,飙升榜,飙升榜,2026-10-06,3,Dead Reflex (intro),檀健次,热度 8%,,727791564,004WxXLs0ZCYBc,https://y.qq.com/n/ryqq/toplist/62
2026-10-06,2026-10-06T10:29:24+08:00,QQ音乐,飙升榜,飙升榜,2026-10-06,4,趁早,张惠妹,热度 7%,,525929,000iHM083qltkN,https://y.qq.com/n/ryqq/toplist/62
2026-10-06,2026-10-06T10:29:24+08:00,QQ音乐,飙升榜,飙升榜,2026-10-06,5,Trouble In My DMs,檀健次,热度 7%,,727791562,004WxXLs0ZCYBc,https://y.qq.com/n/ryqq/toplist/62
2026-10-06,2026-10-06T10:29:24+08:00,QQ音乐,飙升榜,飙升榜,2026-10-06,6,U&ME,檀健次,热度 6%,,727791555,004WxXLs0ZCYBc,https://y.qq.com/n/ryqq/toplist/62
2026-10-06,2026-10-06T10:29:24+08:00,QQ音乐,飙升榜,飙升榜,2026-10-06,7,此间是少年,梓渝,热度 6%,,718554411,0035Y3b01o1BsG,https://y.qq.com/n/ryqq/toplist/62
2026-10-06,2026-10-06T10:29:24+08:00,QQ音乐,飙升榜,飙升榜,2026-10-06,8,等不到的等待,檀健次,热度 5%,,427805843,002Pw7Di3NGWlY,https://y.qq.com/n/ryqq/toplist/62
2026-10-06,2026-10-06T10:29:24+08:00,QQ音乐,飙升榜,飙升榜,2026-10-06,9,宠,檀健次,热度 5%,,649822576,001pEKRz4LW4Vx,https://y.qq.com/n/ryqq/toplist/62
2026-10-06,2026-10-06T10:29:24+08:00,QQ音乐,飙升榜,飙升榜,2026-10-06,10,你不要那样看着我的眼睛,蔡琴,热度 5%,,8135137,003HVu7R0mCMM8,https://y.qq.com/n/ryqq/toplist/62
2026-10-06,2026-10-06T10:29:24+08:00,QQ音乐,飙升榜,飙升榜,2026-10-06,11,大梦归,周深,热度 5%,,724093215,003ZuQ5z05yCAP,https://y.qq.com/n/ryqq/toplist/62
2026-10-06,2026-10-06T10:29:24+08:00,QQ音乐,飙升榜,飙升榜,2026-10-06,12,会吗,王靖雯,热度 5%,,291474977,000TNQnH2uGPHD,https://y.qq.com/n/ryqq/toplist/62
2026-10-06,2026-10-06T10:29:24+08:00,QQ音乐,飙升榜,飙升榜,2026-10-06,13,等你的季节,刘诗诗,热度 5%,,1007609,000yHulX2v0QhZ,https://y.qq.com/n/ryqq/toplist/62
2026-10-06,2026-10-06T10:29:24+08:00,QQ音乐,飙升榜,飙升榜,2026-10-06,14,茶花开了，该回家了,王睿卓/加木,热度 5%,,553433850,001KCGcF29Na3i,https://y.qq.com/n/ryqq/toplist/62
2026-10-06,2026-10-06T10:29:24+08:00,QQ音乐,飙升榜,飙升榜,2026-10-06,15,阿亓,檀健次,热度 4%,,721316921,0025sVha1z0vn4,https://y.qq.com/n/ryqq/toplist/62
2026-10-06,2026-10-06T10:29:24+08:00,QQ音乐,飙升榜,飙升榜,2026-10-06,16,蒙娜丽莎,檀健次,热度 4%,,459584567,003Z5Bp32CNm8W,https://y.qq.com/n/ryqq/toplist/62
2026-10-06,2026-10-06T10:29:24+08:00,QQ音乐,飙升榜,飙升榜,2026-10-06,17,呐呐呐,金财神,热度 4%,,720214249,002I642R3MwEHf,https://y.qq.com/n/ryqq/toplist/62
2026-10-06,2026-10-06T10:29:24+08:00,QQ音乐,飙升榜,飙升榜,2026-10-06,18,三生三世,张杰,热度 4%,,200397365,0011IIJE3XYf9L,https://y.qq.com/n/ryqq/toplist/62
2026-10-06,2026-10-06T10:29:24+08:00,QQ音乐,飙升榜,飙升榜,2026-10-06,19,朝夕,檀健次,热度 4%,,453656918,0046q6al323BUY,https://y.qq.com/n/ryqq/toplist/62
2026-10-06,2026-10-06T10:29:24+08:00,QQ音乐,飙升榜,飙升榜,2026-10-06,20,多远都要在一起,G.E.M.邓紫棋,热度 4%,,102174489,003c616O2Zlswm,https://y.qq.com/n/ryqq/toplist/62
2026-10-06,2026-10-06T10:29:24+08:00,QQ音乐,飙升榜,飙升榜,2026-10-06,21,每到周末我要离开地球,檀健次,热度 4%,,493580093,001fT8TM36pY76,https://y.qq.com/n/ryqq/toplist/62
2026-10-06,2026-10-06T10:29:24+08:00,QQ音乐,飙升榜,飙升榜,2026-10-06,22,Silk Sheets (国语),檀健次,热度 3%,,727791556,004WxXLs0ZCYBc,https://y.qq.com/n/ryqq/toplist/62
2026-10-06,2026-10-06T10:29:24+08:00,QQ音乐,飙升榜,飙升榜,2026-10-06,23,震耳欲聋,檀健次,热度 3%,,607164023,002YMcEs1jMexT,https://y.qq.com/n/ryqq/toplist/62
2026-10-06,2026-10-06T10:29:24+08:00,QQ音乐,飙升榜,飙升榜,2026-10-06,24,再见,G.E.M.邓紫棋,热度 3%,,104883226,003c616O2Zlswm,https://y.qq.com/n/ryqq/toplist/62
2026-10-06,2026-10-06T10:29:24+08:00,QQ音乐,飙升榜,飙升榜,2026-10-06,25,无名的人,毛不易,热度 3%,,336582682,002mPgSG01LLtu,https://y.qq.com/n/ryqq/toplist/62
2026-10-06,2026-10-06T10:29:24+08:00,QQ音乐,飙升榜,飙升榜,2026-10-06,26,Dive,檀健次,热度 3%,,727791560,004WxXLs0ZCYBc,https://y.qq.com/n/ryqq/toplist/62
2026-10-06,2026-10-06T10:29:24+08:00,QQ音乐,飙升榜,飙升榜,2026-10-06,27,春娇与志明,街道办GDC/欧阳耀莹,热度 3%,,205357640,000lrXyA0MlEEo,https://y.qq.com/n/ryqq/toplist/62
2026-10-06,2026-10-06T10:29:24+08:00,QQ音乐,飙升榜,飙升榜,2026-10-06,28,Sold Out,Hawk Nelson/Jonathan Steingard,热度 3%,,102326316,0014FEcP01xOWv,https://y.qq.com/n/ryqq/toplist/62
2026-10-06,2026-10-06T10:29:24+08:00,QQ音乐,飙升榜,飙升榜,2026-10-06,29,走走,李荣浩,热度 3%,,501223907,004HaG7p4ZkhXA,https://y.qq.com/n/ryqq/toplist/62
2026-10-06,2026-10-06T10:29:24+08:00,QQ音乐,飙升榜,飙升榜,2026-10-06,30,Shivers,Rachel Platten,热度 3%,,204441314,001eVUDU0cnjr8,https://y.qq.com/n/ryqq/toplist/62
2026-10-06,2026-10-06T10:29:24+08:00,QQ音乐,飙升榜,飙升榜,2026-10-06,31,花开满篱院,刘学义,热度 3%,,725475800,003ZuQ5z05yCAP,https://y.qq.com/n/ryqq/toplist/62
2026-10-06,2026-10-06T10:29:24+08:00,QQ音乐,飙升榜,飙升榜,2026-10-06,32,拯救我,檀健次,热度 3%,,717717921,004D1u3Z1LBBQz,https://y.qq.com/n/ryqq/toplist/62
2026-10-06,2026-10-06T10:29:24+08:00,QQ音乐,飙升榜,飙升榜,2026-10-06,33,声声,檀健次,热度 3%,,453656916,0046q6al323BUY,https://y.qq.com/n/ryqq/toplist/62
2026-10-06,2026-10-06T10:29:24+08:00,QQ音乐,飙升榜,飙升榜,2026-10-06,34,唯一,G.E.M.邓紫棋,热度 3%,,438910555,002d6m7k0xCbSv,https://y.qq.com/n/ryqq/toplist/62
2026-10-06,2026-10-06T10:29:24+08:00,QQ音乐,飙升榜,飙升榜,2026-10-06,35,过季短袖,廖俊涛,热度 3%,,450578201,0027yN1G2zupEz,https://y.qq.com/n/ryqq/toplist/62
2026-10-06,2026-10-06T10:29:24+08:00,QQ音乐,飙升榜,飙升榜,2026-10-06,36,囡囡,张云雷,热度 3%,,596736156,002IYXQG1EXDN3,https://y.qq.com/n/ryqq/toplist/62
2026-10-06,2026-10-06T10:29:24+08:00,QQ音乐,飙升榜,飙升榜,2026-10-06,37,Rise On,檀健次,热度 3%,,727791567,004WxXLs0ZCYBc,https://y.qq.com/n/ryqq/toplist/62
2026-10-06,2026-10-06T10:29:24+08:00,QQ音乐,飙升榜,飙升榜,2026-10-06,38,恋人,李荣浩,热度 3%,,496054946,004HaG7p4ZkhXA,https://y.qq.com/n/ryqq/toplist/62
2026-10-06,2026-10-06T10:29:24+08:00,QQ音乐,飙升榜,飙升榜,2026-10-06,39,そばにいるね (留在我身边),青山黛玛 (青山テルマ)/SoulJa,热度 3%,,875073,002MtX5w2vH6lo,https://y.qq.com/n/ryqq/toplist/62
2026-10-06,2026-10-06T10:29:24+08:00,QQ音乐,飙升榜,飙升榜,2026-10-06,40,幻火,檀健次,热度 3%,,727791565,004WxXLs0ZCYBc,https://y.qq.com/n/ryqq/toplist/62
2026-10-06,2026-10-06T10:29:24+08:00,QQ音乐,飙升榜,飙升榜,2026-10-06,41,风月吻眉梢,礼越,热度 3%,,586620109,001NXQwE1ywPDV,https://y.qq.com/n/ryqq/toplist/62
2026-10-06,2026-10-06T10:29:24+08:00,QQ音乐,飙升榜,飙升榜,2026-10-06,42,我们俩,郭顶,热度 3%,,105413206,003sMyYb4HZAAz,https://y.qq.com/n/ryqq/toplist/62
2026-10-06,2026-10-06T10:29:24+08:00,QQ音乐,飙升榜,飙升榜,2026-10-06,43,游爱场,檀健次,热度 3%,,727791561,004WxXLs0ZCYBc,https://y.qq.com/n/ryqq/toplist/62
2026-10-06,2026-10-06T10:29:24+08:00,QQ音乐,飙升榜,飙升榜,2026-10-06,44,青花,周传雄,热度 2%,,102204539,001Vj7aX0PixwV,https://y.qq.com/n/ryqq/toplist/62
2026-10-06,2026-10-06T10:29:24+08:00,QQ音乐,飙升榜,飙升榜,2026-10-06,45,偏爱,张芸京,热度 2%,,473137,003ha6C92GRuVE,https://y.qq.com/n/ryqq/toplist/62
2026-10-06,2026-10-06T10:29:24+08:00,QQ音乐,飙升榜,飙升榜,2026-10-06,46,静待清光,许明明,热度 2%,,725475725,003ZuQ5z05yCAP,https://y.qq.com/n/ryqq/toplist/62
2026-10-06,2026-10-06T10:29:24+08:00,QQ音乐,飙升榜,飙升榜,2026-10-06,47,别放过,檀健次,热度 2%,,727791557,004WxXLs0ZCYBc,https://y.qq.com/n/ryqq/toplist/62
2026-10-06,2026-10-06T10:29:24+08:00,QQ音乐,飙升榜,飙升榜,2026-10-06,48,ICONIC HEART (Korean Ver.),Hearts2Hearts,热度 2%,,730371557,002Nh6II36RCBr,https://y.qq.com/n/ryqq/toplist/62
2026-10-06,2026-10-06T10:29:24+08:00,QQ音乐,飙升榜,飙升榜,2026-10-06,49,Drop (Explicit),檀健次,热度 2%,,727791559,004WxXLs0ZCYBc,https://y.qq.com/n/ryqq/toplist/62
2026-10-06,2026-10-06T10:29:24+08:00,QQ音乐,飙升榜,飙升榜,2026-10-06,50,万骨催沙,檀健次,热度 2%,,453656913,0046q6al323BUY,https://y.qq.com/n/ryqq/toplist/62
2026-10-06,2026-10-06T10:29:24+08:00,QQ音乐,飙升榜,飙升榜,2026-10-06,51,可爱女人,周杰伦,热度 2%,,97750,000f01724fd7TH,https://y.qq.com/n/ryqq/toplist/62
2026-10-06,2026-10-06T10:29:24+08:00,QQ音乐,飙升榜,飙升榜,2026-10-06,52,花开满篱院,谭松韵,热度 2%,,724372636,003ZuQ5z05yCAP,https://y.qq.com/n/ryqq/toplist/62
2026-10-06,2026-10-06T10:29:24+08:00,QQ音乐,飙升榜,飙升榜,2026-10-06,53,淘汰,陈奕迅,热度 2%,,1313988,003yQidc3s7P65,https://y.qq.com/n/ryqq/toplist/62
2026-10-06,2026-10-06T10:29:24+08:00,QQ音乐,飙升榜,飙升榜,2026-10-06,54,Get To It,檀健次,热度 2%,,619782139,002cwSlj2jzcR9,https://y.qq.com/n/ryqq/toplist/62
2026-10-06,2026-10-06T10:29:24+08:00,QQ音乐,飙升榜,飙升榜,2026-10-06,55,李白,李荣浩,热度 2%,,5016168,004AhJHV3slLjN,https://y.qq.com/n/ryqq/toplist/62
2026-10-06,2026-10-06T10:29:24+08:00,QQ音乐,飙升榜,飙升榜,2026-10-06,56,牡丹亭,浅影阿,热度 2%,,715894658,002oqXGl2YFXsJ,https://y.qq.com/n/ryqq/toplist/62
2026-10-06,2026-10-06T10:29:24+08:00,QQ音乐,飙升榜,飙升榜,2026-10-06,57,老街,李荣浩,热度 2%,,102069682,001LP8hk0a6pOp,https://y.qq.com/n/ryqq/toplist/62
2026-10-06,2026-10-06T10:29:24+08:00,QQ音乐,飙升榜,飙升榜,2026-10-06,58,如果这就是爱情,张靓颖,热度 2%,,770724,00458UNF0evQeN,https://y.qq.com/n/ryqq/toplist/62
2026-10-06,2026-10-06T10:29:24+08:00,QQ音乐,飙升榜,飙升榜,2026-10-06,59,最佳损友,en (王翊恩),热度 2%,,726260719,000L56na3xsHcB,https://y.qq.com/n/ryqq/toplist/62
2026-10-06,2026-10-06T10:29:24+08:00,QQ音乐,飙升榜,飙升榜,2026-10-06,60,冷夜,陈默之,热度 2%,,467646860,003ILMG04IvA9R,https://y.qq.com/n/ryqq/toplist/62
2026-10-06,2026-10-06T10:29:24+08:00,QQ音乐,飙升榜,飙升榜,2026-10-06,61,月声尽，心灯明,鸣潮先约电台/jixwang/Cassie Wei,热度 2%,,728834042,003oAlSH2mmMIc,https://y.qq.com/n/ryqq/toplist/62
2026-10-06,2026-10-06T10:29:24+08:00,QQ音乐,飙升榜,飙升榜,2026-10-06,62,遇见,孙燕姿,热度 2%,,8145,002ehzTm0TxXC2,https://y.qq.com/n/ryqq/toplist/62
2026-10-06,2026-10-06T10:29:24+08:00,QQ音乐,飙升榜,飙升榜,2026-10-06,63,孤独患者,陈奕迅,热度 2%,,1021078,003YQ8lP3NBXKl,https://y.qq.com/n/ryqq/toplist/62
2026-10-06,2026-10-06T10:29:24+08:00,QQ音乐,飙升榜,飙升榜,2026-10-06,64,深深的我们,刘惜君,热度 2%,,724779426,003ZuQ5z05yCAP,https://y.qq.com/n/ryqq/toplist/62
2026-10-06,2026-10-06T10:29:24+08:00,QQ音乐,飙升榜,飙升榜,2026-10-06,65,别怕我伤心,张信哲,热度 2%,,5160887,001pgjfy24hjYB,https://y.qq.com/n/ryqq/toplist/62
2026-10-06,2026-10-06T10:29:24+08:00,QQ音乐,飙升榜,飙升榜,2026-10-06,66,辩友,檀健次,热度 2%,,727791566,004WxXLs0ZCYBc,https://y.qq.com/n/ryqq/toplist/62
2026-10-06,2026-10-06T10:29:24+08:00,QQ音乐,飙升榜,飙升榜,2026-10-06,67,呆头鸟,礼越,热度 2%,,716143326,003bzaxA2iIaI3,https://y.qq.com/n/ryqq/toplist/62
2026-10-06,2026-10-06T10:29:24+08:00,QQ音乐,飙升榜,飙升榜,2026-10-06,68,天若有情,A-Lin,热度 2%,,109009325,003lH16N2uNuxx,https://y.qq.com/n/ryqq/toplist/62
2026-10-06,2026-10-06T10:29:24+08:00,QQ音乐,飙升榜,飙升榜,2026-10-06,69,乌梅子酱,李荣浩,热度 2%,,384263699,002PwL9x3TiVdh,https://y.qq.com/n/ryqq/toplist/62
2026-10-06,2026-10-06T10:29:24+08:00,QQ音乐,飙升榜,飙升榜,2026-10-06,70,不将就,李荣浩,热度 2%,,102367085,001fi1zG0EjU2u,https://y.qq.com/n/ryqq/toplist/62
2026-10-06,2026-10-06T10:29:24+08:00,QQ音乐,飙升榜,飙升榜,2026-10-06,71,不能说的秘密,周杰伦,热度 2%,,403778,001UP7mW458ipG,https://y.qq.com/n/ryqq/toplist/62
2026-10-06,2026-10-06T10:29:24+08:00,QQ音乐,飙升榜,飙升榜,2026-10-06,72,慢冷 (Live),李荣浩,热度 2%,,370148568,000QVv8i2dXoC2,https://y.qq.com/n/ryqq/toplist/62
2026-10-06,2026-10-06T10:29:24+08:00,QQ音乐,飙升榜,飙升榜,2026-10-06,73,爱琴海,周杰伦,热度 2%,,649556366,0041WVfh2vtlJE,https://y.qq.com/n/ryqq/toplist/62
2026-10-06,2026-10-06T10:29:24+08:00,QQ音乐,飙升榜,飙升榜,2026-10-06,74,我落泪情绪零碎,周杰伦,热度 2%,,680284,000bviBl4FjTpO,https://y.qq.com/n/ryqq/toplist/62
2026-10-06,2026-10-06T10:29:24+08:00,QQ音乐,飙升榜,飙升榜,2026-10-06,75,若月亮没来 (Live),杨宗纬/宝石Gem/王宇宙Leto,热度 2%,,491538633,003bzQbg0actxt,https://y.qq.com/n/ryqq/toplist/62
2026-10-06,2026-10-06T10:29:24+08:00,QQ音乐,飙升榜,飙升榜,2026-10-06,76,句号,G.E.M.邓紫棋,热度 2%,,247347346,0049MVh824D7bM,https://y.qq.com/n/ryqq/toplist/62
2026-10-06,2026-10-06T10:29:24+08:00,QQ音乐,飙升榜,飙升榜,2026-10-06,77,说好的幸福呢,周杰伦,热度 2%,,449200,002Neh8l0uciQZ,https://y.qq.com/n/ryqq/toplist/62
2026-10-06,2026-10-06T10:29:24+08:00,QQ音乐,飙升榜,飙升榜,2026-10-06,78,幻听,许嵩,热度 2%,,1531817,004RbL3b0BDIe2,https://y.qq.com/n/ryqq/toplist/62
2026-10-06,2026-10-06T10:29:24+08:00,QQ音乐,飙升榜,飙升榜,2026-10-06,79,爱，请问怎么走,A-Lin,热度 2%,,393966,001TuWBG0TOW2P,https://y.qq.com/n/ryqq/toplist/62
2026-10-06,2026-10-06T10:29:24+08:00,QQ音乐,飙升榜,飙升榜,2026-10-06,80,无情画,王唯旖,热度 2%,,217507760,0036fYXJ0tcx1e,https://y.qq.com/n/ryqq/toplist/62
2026-10-06,2026-10-06T10:29:24+08:00,QQ音乐,飙升榜,飙升榜,2026-10-06,81,爱我还是他,陶喆,热度 2%,,7211247,003ofGzS3C23Ow,https://y.qq.com/n/ryqq/toplist/62
2026-10-06,2026-10-06T10:29:24+08:00,QQ音乐,飙升榜,飙升榜,2026-10-06,82,倒数,G.E.M.邓紫棋,热度 2%,,215540451,003cKIKZ1J4Yyu,https://y.qq.com/n/ryqq/toplist/62
2026-10-06,2026-10-06T10:29:24+08:00,QQ音乐,飙升榜,飙升榜,2026-10-06,83,不再犹豫,BEYOND,热度 2%,,411132095,000hy2NT0ZxIuZ,https://y.qq.com/n/ryqq/toplist/62
2026-10-06,2026-10-06T10:29:24+08:00,QQ音乐,飙升榜,飙升榜,2026-10-06,84,可不可以,张紫豪,热度 2%,,213958134,004VR1w241uBhB,https://y.qq.com/n/ryqq/toplist/62
2026-10-06,2026-10-06T10:29:24+08:00,QQ音乐,飙升榜,飙升榜,2026-10-06,85,离歌,信乐团,热度 2%,,102408,001VSVPU2Rf79l,https://y.qq.com/n/ryqq/toplist/62
2026-10-06,2026-10-06T10:29:24+08:00,QQ音乐,飙升榜,飙升榜,2026-10-06,86,离开我的依赖,王艳薇,热度 2%,,253383943,004CSyAN1oc97b,https://y.qq.com/n/ryqq/toplist/62
2026-10-06,2026-10-06T10:29:24+08:00,QQ音乐,飙升榜,飙升榜,2026-10-06,87,珊瑚海,周杰伦/Lara梁心颐,热度 2%,,718486,0024bjiL2aocxT,https://y.qq.com/n/ryqq/toplist/62
2026-10-06,2026-10-06T10:29:24+08:00,QQ音乐,飙升榜,飙升榜,2026-10-06,88,爸爸妈妈,李荣浩,热度 2%,,105526949,001fi1zG0EjU2u,https://y.qq.com/n/ryqq/toplist/62
2026-10-06,2026-10-06T10:29:24+08:00,QQ音乐,飙升榜,飙升榜,2026-10-06,89,十年,陈奕迅,热度 2%,,4830342,000GDz8k03UOaI,https://y.qq.com/n/ryqq/toplist/62
2026-10-06,2026-10-06T10:29:24+08:00,QQ音乐,飙升榜,飙升榜,2026-10-06,90,会吗,刘可以,热度 2%,,335303544,0008RP3r2Y4nuX,https://y.qq.com/n/ryqq/toplist/62
2026-10-06,2026-10-06T10:29:24+08:00,QQ音乐,飙升榜,飙升榜,2026-10-06,91,麻雀,李荣浩,热度 2%,,246492240,003P3ByD1n8nBK,https://y.qq.com/n/ryqq/toplist/62
2026-10-06,2026-10-06T10:29:24+08:00,QQ音乐,飙升榜,飙升榜,2026-10-06,92,红色高跟鞋,蔡健雅,热度 2%,,624649,002dOge41xlS8x,https://y.qq.com/n/ryqq/toplist/62
2026-10-06,2026-10-06T10:29:24+08:00,QQ音乐,飙升榜,飙升榜,2026-10-06,93,说好不哭 (with 五月天阿信),周杰伦,热度 2%,,237773700,002gBTVk4JEE2T,https://y.qq.com/n/ryqq/toplist/62
2026-10-06,2026-10-06T10:29:24+08:00,QQ音乐,飙升榜,飙升榜,2026-10-06,94,跳楼机,LBI利比（时柏尘）,热度 2%,,542574330,000SDUwR2buEUa,https://y.qq.com/n/ryqq/toplist/62
2026-10-06,2026-10-06T10:29:24+08:00,QQ音乐,飙升榜,飙升榜,2026-10-06,95,兰香如故,叶炫清,热度 2%,,725476644,003ZuQ5z05yCAP,https://y.qq.com/n/ryqq/toplist/62
2026-10-06,2026-10-06T10:29:24+08:00,QQ音乐,飙升榜,飙升榜,2026-10-06,96,爱错,王力宏,热度 2%,,105905415,002ElVxf43rOue,https://y.qq.com/n/ryqq/toplist/62
2026-10-06,2026-10-06T10:29:24+08:00,QQ音乐,飙升榜,飙升榜,2026-10-06,97,消愁 (Live),毛不易,热度 2%,,203451421,002xoonH2Bk7FR,https://y.qq.com/n/ryqq/toplist/62
2026-10-06,2026-10-06T10:29:24+08:00,QQ音乐,飙升榜,飙升榜,2026-10-06,98,美人鱼,林俊杰,热度 2%,,95292,000y5gq7449K9I,https://y.qq.com/n/ryqq/toplist/62
2026-10-06,2026-10-06T10:29:24+08:00,QQ音乐,飙升榜,飙升榜,2026-10-06,99,枫,周杰伦,热度 2%,,718479,0024bjiL2aocxT,https://y.qq.com/n/ryqq/toplist/62
2026-10-06,2026-10-06T10:29:24+08:00,QQ音乐,飙升榜,飙升榜,2026-10-06,100,Moonride,Hearts2Hearts,热度 2%,,723944263,004BnVzt0HGFcy,https://y.qq.com/n/ryqq/toplist/62
2026-10-06,2026-10-06T10:29:24+08:00,酷狗音乐,热歌榜,酷狗TOP500,2026-10-06,1,茶汤,郁可唯,,5:06,E2948B4513F34F7A4C7767EAD15BC4F8,4012536,https://www.kugou.com/yy/rank/home/1-8888.html?from=rank
2026-10-06,2026-10-06T10:29:24+08:00,酷狗音乐,热歌榜,酷狗TOP500,2026-10-06,2,我不难过,孙燕姿,,5:20,3FD7E1EC51122C745C637735C8BDE716,965883,https://www.kugou.com/yy/rank/home/1-8888.html?from=rank
2026-10-06,2026-10-06T10:29:24+08:00,酷狗音乐,热歌榜,酷狗TOP500,2026-10-06,3,甲乙丙丁 (你我怎么两清),李佳薇,,3:30,213D580CA0BDCC28A5FDBA995FFDA106,197648995,https://www.kugou.com/yy/rank/home/1-8888.html?from=rank
2026-10-06,2026-10-06T10:29:24+08:00,酷狗音乐,热歌榜,酷狗TOP500,2026-10-06,4,牡丹亭,浅影阿,,3:00,E3DDA5DFCDC44BCF146E2BDC3916779A,203271867,https://www.kugou.com/yy/rank/home/1-8888.html?from=rank
2026-10-06,2026-10-06T10:29:24+08:00,酷狗音乐,热歌榜,酷狗TOP500,2026-10-06,5,祝福祖国 (合唱版),晴婉、赵若海,,3:18,67C10F06DBCE4E957E2E1B5859F7E99C,209433401,https://www.kugou.com/yy/rank/home/1-8888.html?from=rank
2026-10-06,2026-10-06T10:29:24+08:00,酷狗音乐,热歌榜,酷狗TOP500,2026-10-06,6,红尘误此生,宋晓峰,,3:45,9F882DE24A9C98FE3F793B0CECFD3B42,208371033,https://www.kugou.com/yy/rank/home/1-8888.html?from=rank
2026-10-06,2026-10-06T10:29:24+08:00,酷狗音乐,热歌榜,酷狗TOP500,2026-10-06,7,大梦归,周深,,3:49,FCEDAF78465CD283E1DA72A8DEAC553A,208910910,https://www.kugou.com/yy/rank/home/1-8888.html?from=rank
2026-10-06,2026-10-06T10:29:24+08:00,酷狗音乐,热歌榜,酷狗TOP500,2026-10-06,8,茶花开了，该回家了,王睿卓、加木,,3:10,99F0F17B7C6F110346411E7AD552156D,133732298,https://www.kugou.com/yy/rank/home/1-8888.html?from=rank
2026-10-06,2026-10-06T10:29:24+08:00,酷狗音乐,热歌榜,酷狗TOP500,2026-10-06,9,Whatever Happens,Michael Jackson,,4:57,C0E4D361A67DE916D8A5990C0EF34479,1786970,https://www.kugou.com/yy/rank/home/1-8888.html?from=rank
2026-10-06,2026-10-06T10:29:24+08:00,酷狗音乐,热歌榜,酷狗TOP500,2026-10-06,10,我听人说思念像风一样 (宿命版),顿珠拉姆,,3:32,A1A54A845122AA0473BC649F77808ACB,207663627,https://www.kugou.com/yy/rank/home/1-8888.html?from=rank
2026-10-06,2026-10-06T10:29:24+08:00,酷狗音乐,热歌榜,酷狗TOP500,2026-10-06,11,泪海,许茹芸,,4:58,FBC174E7C22B9AF471B7B93A61751E1B,975212,https://www.kugou.com/yy/rank/home/1-8888.html?from=rank
2026-10-06,2026-10-06T10:29:24+08:00,酷狗音乐,热歌榜,酷狗TOP500,2026-10-06,12,如果累了就回故乡 (少年版),酷酷里、面妹孔佳奇,,3:50,02B553BC8BB80E6948A78DE0CF4ED354,203339346,https://www.kugou.com/yy/rank/home/1-8888.html?from=rank
2026-10-06,2026-10-06T10:29:24+08:00,酷狗音乐,热歌榜,酷狗TOP500,2026-10-06,13,山风山风等等我,万海东,,3:29,CE256D96F1F025D60468D8F0BC9EE64B,200106963,https://www.kugou.com/yy/rank/home/1-8888.html?from=rank
2026-10-06,2026-10-06T10:29:24+08:00,酷狗音乐,热歌榜,酷狗TOP500,2026-10-06,14,无奈的思绪 (烟嗓版),嘉慧,,2:36,EEC9FD2DBB1BB3C5C1A282C35C537814,208549253,https://www.kugou.com/yy/rank/home/1-8888.html?from=rank
2026-10-06,2026-10-06T10:29:24+08:00,酷狗音乐,热歌榜,酷狗TOP500,2026-10-06,15,情歌,梁静茹,,4:20,72DB6DA75FFE23A3A6361BDB8F44D5F4,2997268,https://www.kugou.com/yy/rank/home/1-8888.html?from=rank
2026-10-06,2026-10-06T10:29:24+08:00,酷狗音乐,热歌榜,酷狗TOP500,2026-10-06,16,你有没有真的爱过我,阿图表妹,,4:03,FE39668F68770C3FB3BE57A3E86CCC10,190170015,https://www.kugou.com/yy/rank/home/1-8888.html?from=rank
2026-10-06,2026-10-06T10:29:24+08:00,酷狗音乐,热歌榜,酷狗TOP500,2026-10-06,17,月亮替我望故乡,任夏,,3:32,7A4E37A535C66AB760E761DE8322B04D,207826335,https://www.kugou.com/yy/rank/home/1-8888.html?from=rank
2026-10-06,2026-10-06T10:29:24+08:00,酷狗音乐,热歌榜,酷狗TOP500,2026-10-06,18,雨爱,杨丞琳,,4:21,2592FFA57A2D8B1A16F18D991B7098CD,2694607,https://www.kugou.com/yy/rank/home/1-8888.html?from=rank
2026-10-06,2026-10-06T10:29:24+08:00,酷狗音乐,热歌榜,酷狗TOP500,2026-10-06,19,秋风一吹又老一岁 (女版烟嗓),微醺森林,,3:41,6024903A2603AFB6FBD0453162BDED63,207534691,https://www.kugou.com/yy/rank/home/1-8888.html?from=rank
2026-10-06,2026-10-06T10:29:24+08:00,酷狗音乐,热歌榜,酷狗TOP500,2026-10-06,20,回到你身边 (让你知道),h3R3刘清云,,3:51,D47C45995D6D88F23AB76601702D9C9E,199501920,https://www.kugou.com/yy/rank/home/1-8888.html?from=rank
2026-10-06,2026-10-06T10:29:24+08:00,酷狗音乐,热歌榜,酷狗TOP500,2026-10-06,21,人间情多,石红豆,,3:10,98E274BC0E94D59F3490EDFED90EE19B,209416308,https://www.kugou.com/yy/rank/home/1-8888.html?from=rank
2026-10-06,2026-10-06T10:29:24+08:00,酷狗音乐,热歌榜,酷狗TOP500,2026-10-06,22,偏爱,张芸京,,3:33,4A544525C1F78DBDF25361DB0E255495,968788,https://www.kugou.com/yy/rank/home/1-8888.html?from=rank
2026-10-06,2026-10-06T10:29:24+08:00,酷狗音乐,热歌榜,酷狗TOP500,2026-10-06,23,失眠,Suki刘舒妤,,3:31,EC476A2009EF5DCAC13EDCD11870DF55,671621,https://www.kugou.com/yy/rank/home/2-8888.html?from=rank
2026-10-06,2026-10-06T10:29:24+08:00,酷狗音乐,热歌榜,酷狗TOP500,2026-10-06,24,不死鸟,霍尊,,4:26,64A97CF5A13020E8B2475FD8C0B6BE93,39743917,https://www.kugou.com/yy/rank/home/2-8888.html?from=rank
2026-10-06,2026-10-06T10:29:24+08:00,酷狗音乐,热歌榜,酷狗TOP500,2026-10-06,25,开始懂了,孙燕姿,,4:32,93F260998A10F4AD6B46606AF5C8EC72,972102,https://www.kugou.com/yy/rank/home/2-8888.html?from=rank
2026-10-06,2026-10-06T10:29:24+08:00,酷狗音乐,热歌榜,酷狗TOP500,2026-10-06,26,雨过后的风景,Dizzy Dizzo (蔡诗芸),,4:03,E3F046EDB5EB76BBA5A44FFA3D8F8C42,974143,https://www.kugou.com/yy/rank/home/2-8888.html?from=rank
2026-10-06,2026-10-06T10:29:24+08:00,酷狗音乐,热歌榜,酷狗TOP500,2026-10-06,27,人生路漫漫,白小白,,3:55,B8CA573A69DB5050C7EE0C1AB79144E5,179917533,https://www.kugou.com/yy/rank/home/2-8888.html?from=rank
2026-10-06,2026-10-06T10:29:24+08:00,酷狗音乐,热歌榜,酷狗TOP500,2026-10-06,28,黄昏,周传雄,,5:44,7DE9A9CD041157F6BF3FE9FFBCF120E3,964612,https://www.kugou.com/yy/rank/home/2-8888.html?from=rank
2026-10-06,2026-10-06T10:29:24+08:00,酷狗音乐,热歌榜,酷狗TOP500,2026-10-06,29,恋人,李荣浩,,4:36,9DA7851E2BF83B18C74CBBAB461CEFDD,106374641,https://www.kugou.com/yy/rank/home/2-8888.html?from=rank
2026-10-06,2026-10-06T10:29:24+08:00,酷狗音乐,热歌榜,酷狗TOP500,2026-10-06,30,晴天,周杰伦,,4:29,B3A52A7A958BF0AED0EBFBA2E9A818B7,966846,https://www.kugou.com/yy/rank/home/2-8888.html?from=rank
2026-10-06,2026-10-06T10:29:24+08:00,酷狗音乐,热歌榜,酷狗TOP500,2026-10-06,31,盛夏的果实,莫文蔚,,4:11,1C86CBC64AE9A6C3539A36CAADDF1A59,978378,https://www.kugou.com/yy/rank/home/2-8888.html?from=rank
2026-10-06,2026-10-06T10:29:24+08:00,酷狗音乐,热歌榜,酷狗TOP500,2026-10-06,32,樱花草,Sweety,,4:44,F0B01830164E4974A2AC9E85DD446D45,507451,https://www.kugou.com/yy/rank/home/2-8888.html?from=rank
2026-10-06,2026-10-06T10:29:24+08:00,酷狗音乐,热歌榜,酷狗TOP500,2026-10-06,33,No photo of you left to survey (二十岁的某一天英文版),冬妍DYan,,3:05,7523CFC6EDE31E4C56B30E5220A06B35,206681376,https://www.kugou.com/yy/rank/home/2-8888.html?from=rank
2026-10-06,2026-10-06T10:29:24+08:00,酷狗音乐,热歌榜,酷狗TOP500,2026-10-06,34,我怀念的,孙燕姿,,4:49,1A3CAACB1E361DAF217A2383E9C8E292,984086,https://www.kugou.com/yy/rank/home/2-8888.html?from=rank
2026-10-06,2026-10-06T10:29:24+08:00,酷狗音乐,热歌榜,酷狗TOP500,2026-10-06,35,你不该权衡利弊,李婷雪,,3:49,B4EE7D20EADA2A043636B4E560663F29,203889405,https://www.kugou.com/yy/rank/home/2-8888.html?from=rank
2026-10-06,2026-10-06T10:29:24+08:00,酷狗音乐,热歌榜,酷狗TOP500,2026-10-06,36,茶花开了,王睿卓,,4:30,007A7A8EAFA3FF9EA51EF6A767AC3497,130468077,https://www.kugou.com/yy/rank/home/2-8888.html?from=rank
2026-10-06,2026-10-06T10:29:24+08:00,酷狗音乐,热歌榜,酷狗TOP500,2026-10-06,37,最佳损友,陈奕迅,,3:54,CBFA7DDE592B23322E21E4BDAA9BE9F9,964332,https://www.kugou.com/yy/rank/home/2-8888.html?from=rank
2026-10-06,2026-10-06T10:29:24+08:00,酷狗音乐,热歌榜,酷狗TOP500,2026-10-06,38,出现又离开 (Live),梁博,,6:43,DEAB3B0160E9A410CE0AAA9ED8AC602E,19284949,https://www.kugou.com/yy/rank/home/2-8888.html?from=rank
2026-10-06,2026-10-06T10:29:24+08:00,酷狗音乐,热歌榜,酷狗TOP500,2026-10-06,39,素颜,许嵩、何曼婷,,3:59,30C94AE2868E63B1058DA7685E0CDF3B,13264539,https://www.kugou.com/yy/rank/home/2-8888.html?from=rank
2026-10-06,2026-10-06T10:29:24+08:00,酷狗音乐,热歌榜,酷狗TOP500,2026-10-06,40,慢品人间烟火气 (微醺版),涂一乐,,2:21,D097F9EC5D9A175447E0A120DCEEF3B8,204334307,https://www.kugou.com/yy/rank/home/2-8888.html?from=rank
2026-10-06,2026-10-06T10:29:24+08:00,酷狗音乐,热歌榜,酷狗TOP500,2026-10-06,41,遇见,孙燕姿,,3:31,9F865C787E90E013B2BC847BAAA306AA,964325,https://www.kugou.com/yy/rank/home/2-8888.html?from=rank
2026-10-06,2026-10-06T10:29:24+08:00,酷狗音乐,热歌榜,酷狗TOP500,2026-10-06,42,泡沫 (男声版),杨树人,,3:43,7BDDB1E8C78AF6D936DF994FFEA47780,60332412,https://www.kugou.com/yy/rank/home/2-8888.html?from=rank
2026-10-06,2026-10-06T10:29:24+08:00,酷狗音乐,热歌榜,酷狗TOP500,2026-10-06,43,阴天,莫文蔚,,4:02,E4271CB5938F401AA283FBEA49223BF8,970575,https://www.kugou.com/yy/rank/home/2-8888.html?from=rank
2026-10-06,2026-10-06T10:29:24+08:00,酷狗音乐,热歌榜,酷狗TOP500,2026-10-06,44,如愿,王菲,,4:25,EC1A18BBD6B61CB203E656B91F5CF2D1,49057589,https://www.kugou.com/yy/rank/home/2-8888.html?from=rank
2026-10-06,2026-10-06T10:29:24+08:00,酷狗音乐,热歌榜,酷狗TOP500,2026-10-06,45,不遗憾,李荣浩,,5:20,40CE38D5DB930F404EB26F58978BEC3D,44404137,https://www.kugou.com/yy/rank/home/3-8888.html?from=rank
2026-10-06,2026-10-06T10:29:24+08:00,酷狗音乐,热歌榜,酷狗TOP500,2026-10-06,46,一直很安静,阿桑,,4:10,44816EF0288A3B1ED2C4A5C5FE6B93B3,972917,https://www.kugou.com/yy/rank/home/3-8888.html?from=rank
2026-10-06,2026-10-06T10:29:24+08:00,酷狗音乐,热歌榜,酷狗TOP500,2026-10-06,47,失控,井迪,,4:15,44FE8C442EB1F254D15717F1DC03C9BF,40221609,https://www.kugou.com/yy/rank/home/3-8888.html?from=rank
2026-10-06,2026-10-06T10:29:24+08:00,酷狗音乐,热歌榜,酷狗TOP500,2026-10-06,48,异想天开,肖战,,3:17,F957C93D8EA8D3EF2335FF72BB5E1585,209339223,https://www.kugou.com/yy/rank/home/3-8888.html?from=rank
2026-10-06,2026-10-06T10:29:24+08:00,酷狗音乐,热歌榜,酷狗TOP500,2026-10-06,49,演员,薛之谦,,4:21,097E777171F692855EAE98B6965F9477,14456909,https://www.kugou.com/yy/rank/home/3-8888.html?from=rank
2026-10-06,2026-10-06T10:29:24+08:00,酷狗音乐,热歌榜,酷狗TOP500,2026-10-06,50,下完这场雨,后弦,,4:31,2EEFFF98A4F19D945BBA7C78FB2079C0,1964990,https://www.kugou.com/yy/rank/home/3-8888.html?from=rank
2026-10-06,2026-10-06T10:29:24+08:00,酷狗音乐,热歌榜,酷狗TOP500,2026-10-06,51,琵琶曲,郑浩、冰洁,,3:55,244A022D6CB3FDE50B24E76402053EB3,180917343,https://www.kugou.com/yy/rank/home/3-8888.html?from=rank
2026-10-06,2026-10-06T10:29:24+08:00,酷狗音乐,热歌榜,酷狗TOP500,2026-10-06,52,青花,周传雄,,4:58,09B46455BAE7C613ABD0DB362A5DDBDE,960448,https://www.kugou.com/yy/rank/home/3-8888.html?from=rank
2026-10-06,2026-10-06T10:29:24+08:00,酷狗音乐,热歌榜,酷狗TOP500,2026-10-06,53,坏女孩,徐良、小凌,,4:07,9365223F903B13D0DAF54B6091AC3E7B,511536,https://www.kugou.com/yy/rank/home/3-8888.html?from=rank
2026-10-06,2026-10-06T10:29:24+08:00,酷狗音乐,热歌榜,酷狗TOP500,2026-10-06,54,小半,陈粒,,4:57,AFEA9FFE5D7F0EF0874119A363820D33,1749208,https://www.kugou.com/yy/rank/home/3-8888.html?from=rank
2026-10-06,2026-10-06T10:29:24+08:00,酷狗音乐,热歌榜,酷狗TOP500,2026-10-06,55,不再执着未来 (深情版),张多金,,3:47,812A60F0E4D672F15FE07921405DA6AF,208333434,https://www.kugou.com/yy/rank/home/3-8888.html?from=rank
2026-10-06,2026-10-06T10:29:24+08:00,酷狗音乐,热歌榜,酷狗TOP500,2026-10-06,56,美人鱼,林俊杰,,4:14,CDAE8C7E2FAF7F08DC18E78A1D65117B,969588,https://www.kugou.com/yy/rank/home/3-8888.html?from=rank
2026-10-06,2026-10-06T10:29:24+08:00,酷狗音乐,热歌榜,酷狗TOP500,2026-10-06,57,青花瓷,周杰伦,,3:59,37A8F50A9EC3B267C3CC6BEC633D9C4A,979856,https://www.kugou.com/yy/rank/home/3-8888.html?from=rank
2026-10-06,2026-10-06T10:29:24+08:00,酷狗音乐,热歌榜,酷狗TOP500,2026-10-06,58,唯一,G.E.M.邓紫棋,,4:14,AB05B8F658851282DCB2CBAD548AEB9B,82564821,https://www.kugou.com/yy/rank/home/3-8888.html?from=rank
2026-10-06,2026-10-06T10:29:24+08:00,酷狗音乐,热歌榜,酷狗TOP500,2026-10-06,59,红色高跟鞋,蔡健雅,,3:27,055A804B8A3CCC05240D08F8FF1F7DE8,978459,https://www.kugou.com/yy/rank/home/3-8888.html?from=rank
2026-10-06,2026-10-06T10:29:24+08:00,酷狗音乐,热歌榜,酷狗TOP500,2026-10-06,60,等一分钟,徐誉滕,,3:56,52ED380B09C692BDF4CE65FD56D918F3,2530746,https://www.kugou.com/yy/rank/home/3-8888.html?from=rank
2026-10-06,2026-10-06T10:29:24+08:00,酷狗音乐,热歌榜,酷狗TOP500,2026-10-06,61,风月吻眉梢,礼越,,3:26,DDE279AF8DB58030F87ED111E108D8A8,152382604,https://www.kugou.com/yy/rank/home/3-8888.html?from=rank
2026-10-06,2026-10-06T10:29:24+08:00,酷狗音乐,热歌榜,酷狗TOP500,2026-10-06,62,江南,林俊杰,,4:28,B83DBB8E3DD3FCF86BF32690B91547F5,969588,https://www.kugou.com/yy/rank/home/3-8888.html?from=rank
2026-10-06,2026-10-06T10:29:24+08:00,酷狗音乐,热歌榜,酷狗TOP500,2026-10-06,63,稻香,周杰伦,,3:44,8909E1809908CD8E3BF6CF85D98B93F0,960399,https://www.kugou.com/yy/rank/home/3-8888.html?from=rank
2026-10-06,2026-10-06T10:29:24+08:00,酷狗音乐,热歌榜,酷狗TOP500,2026-10-06,64,多余的解释,许嵩,,4:37,9678D4878727F744FD3D19663CAA8AD9,973251,https://www.kugou.com/yy/rank/home/3-8888.html?from=rank
2026-10-06,2026-10-06T10:29:24+08:00,酷狗音乐,热歌榜,酷狗TOP500,2026-10-06,65,黑街,陈雅雯,,4:05,3FDEDFDA2D0131280D7F65CD7D9618D3,1597547,https://www.kugou.com/yy/rank/home/3-8888.html?from=rank
2026-10-06,2026-10-06T10:29:24+08:00,酷狗音乐,热歌榜,酷狗TOP500,2026-10-06,66,爱错,王力宏,,3:59,8E021794DFD02C48D2C6281A55BCBDC6,2996462,https://www.kugou.com/yy/rank/home/3-8888.html?from=rank
2026-10-06,2026-10-06T10:29:24+08:00,酷狗音乐,热歌榜,酷狗TOP500,2026-10-06,67,光辉岁月,BEYOND,,5:04,BBFE9596615ADE83FF6B117831C45E4D,960181,https://www.kugou.com/yy/rank/home/4-8888.html?from=rank
2026-10-06,2026-10-06T10:29:24+08:00,酷狗音乐,热歌榜,酷狗TOP500,2026-10-06,68,落了白,蒋雪儿Snow.J,,3:01,74390D89B6BD2E18CFD7F25968EFD98A,40300587,https://www.kugou.com/yy/rank/home/4-8888.html?from=rank
2026-10-06,2026-10-06T10:29:24+08:00,酷狗音乐,热歌榜,酷狗TOP500,2026-10-06,69,背对背拥抱,林俊杰,,3:55,D3CB60981A747455AE3142C25809051E,975828,https://www.kugou.com/yy/rank/home/4-8888.html?from=rank
2026-10-06,2026-10-06T10:29:24+08:00,酷狗音乐,热歌榜,酷狗TOP500,2026-10-06,70,此生不换,青鸟飞鱼,,4:26,F73630B79647324AB3415C21BFA5BD3D,553897,https://www.kugou.com/yy/rank/home/4-8888.html?from=rank
2026-10-06,2026-10-06T10:29:24+08:00,酷狗音乐,热歌榜,酷狗TOP500,2026-10-06,71,富士山下,陈奕迅,,4:19,0433F1A94FA162B20FB8AE576A951D6B,976404,https://www.kugou.com/yy/rank/home/4-8888.html?from=rank
2026-10-06,2026-10-06T10:29:24+08:00,酷狗音乐,热歌榜,酷狗TOP500,2026-10-06,72,认真的雪,薛之谦,,4:19,D2E00CC158DB4DA18927AC3B01CC371B,2689239,https://www.kugou.com/yy/rank/home/4-8888.html?from=rank
2026-10-06,2026-10-06T10:29:24+08:00,酷狗音乐,热歌榜,酷狗TOP500,2026-10-06,73,发如雪,周杰伦,,4:59,1F7E7659B9FFF4FB6F71562A61BBC25F,958909,https://www.kugou.com/yy/rank/home/4-8888.html?from=rank
2026-10-06,2026-10-06T10:29:24+08:00,酷狗音乐,热歌榜,酷狗TOP500,2026-10-06,74,后来,刘若英,,5:38,C4904D4E3BBA872D41D3BDBF597E2B18,16562,https://www.kugou.com/yy/rank/home/4-8888.html?from=rank
2026-10-06,2026-10-06T10:29:24+08:00,酷狗音乐,热歌榜,酷狗TOP500,2026-10-06,75,成都,赵雷,,5:28,A06B033B356BFC974C5245D0195086A5,1802652,https://www.kugou.com/yy/rank/home/4-8888.html?from=rank
2026-10-06,2026-10-06T10:29:24+08:00,酷狗音乐,热歌榜,酷狗TOP500,2026-10-06,76,幻听,许嵩,,4:33,24F5E7555646965CD7D1A924452B3300,973046,https://www.kugou.com/yy/rank/home/4-8888.html?from=rank
2026-10-06,2026-10-06T10:29:24+08:00,酷狗音乐,热歌榜,酷狗TOP500,2026-10-06,77,像我这样爱你的人,落日微醺本薰、张多金,,4:22,2AEE05C92035800815DE6AFEE285FD0B,201366705,https://www.kugou.com/yy/rank/home/4-8888.html?from=rank
2026-10-06,2026-10-06T10:29:24+08:00,酷狗音乐,热歌榜,酷狗TOP500,2026-10-06,78,勇气,梁静茹,,3:59,A4D0C350CF4475BFBB0AB28DC6E25A8D,973299,https://www.kugou.com/yy/rank/home/4-8888.html?from=rank
2026-10-06,2026-10-06T10:29:24+08:00,酷狗音乐,热歌榜,酷狗TOP500,2026-10-06,79,我知道,BY2,,4:10,38CB283F880797F94A80968E682191E2,530437,https://www.kugou.com/yy/rank/home/4-8888.html?from=rank
2026-10-06,2026-10-06T10:29:24+08:00,酷狗音乐,热歌榜,酷狗TOP500,2026-10-06,80,梦哑,任然,,3:54,3194D1AA995469BEF8620E96989D6BA8,193630889,https://www.kugou.com/yy/rank/home/4-8888.html?from=rank
2026-10-06,2026-10-06T10:29:24+08:00,酷狗音乐,热歌榜,酷狗TOP500,2026-10-06,81,有些,颜人中,,3:49,D79E556C176AE1A3ADE8B532810C4CE8,34604592,https://www.kugou.com/yy/rank/home/4-8888.html?from=rank
2026-10-06,2026-10-06T10:29:24+08:00,酷狗音乐,热歌榜,酷狗TOP500,2026-10-06,82,夜曲,周杰伦,,3:47,16C8AB298231370293D16BCF9E5FF9B6,958909,https://www.kugou.com/yy/rank/home/4-8888.html?from=rank
2026-10-06,2026-10-06T10:29:24+08:00,酷狗音乐,热歌榜,酷狗TOP500,2026-10-06,83,我们俩,郭顶,,3:14,DD4D224BC3DBFD1A0F6E338928620E69,979601,https://www.kugou.com/yy/rank/home/4-8888.html?from=rank
2026-10-06,2026-10-06T10:29:24+08:00,酷狗音乐,热歌榜,酷狗TOP500,2026-10-06,84,我好像在哪见过你,薛之谦,,4:39,6A350E487263733359E7F2B64BD974AC,1747549,https://www.kugou.com/yy/rank/home/4-8888.html?from=rank
2026-10-06,2026-10-06T10:29:24+08:00,酷狗音乐,热歌榜,酷狗TOP500,2026-10-06,85,搁浅,周杰伦,,4:00,8141FAA45AAD5BCFF5FF9873B89709E3,971783,https://www.kugou.com/yy/rank/home/4-8888.html?from=rank
2026-10-06,2026-10-06T10:29:24+08:00,酷狗音乐,热歌榜,酷狗TOP500,2026-10-06,86,红尘客栈,周杰伦,,4:34,48729371F20FB048EF4E51D4CD41DBF5,982051,https://www.kugou.com/yy/rank/home/4-8888.html?from=rank
2026-10-06,2026-10-06T10:29:24+08:00,酷狗音乐,热歌榜,酷狗TOP500,2026-10-06,87,十年,陈奕迅,,3:25,5146461A5717B942F4B13125978618E3,504194,https://www.kugou.com/yy/rank/home/4-8888.html?from=rank
2026-10-06,2026-10-06T10:29:24+08:00,酷狗音乐,热歌榜,酷狗TOP500,2026-10-06,88,我喝了爱情的鹤顶红,归来小易,,2:58,E8134CE0D3DDBCDEC6CC1A6CF89F4AE8,208291891,https://www.kugou.com/yy/rank/home/4-8888.html?from=rank
2026-10-06,2026-10-06T10:29:24+08:00,酷狗音乐,热歌榜,酷狗TOP500,2026-10-06,89,再见太难,利得汇,,4:48,AFAA7ACF75FCF8DAC78C0AF7C40D3E9D,2996827,https://www.kugou.com/yy/rank/home/5-8888.html?from=rank
2026-10-06,2026-10-06T10:29:24+08:00,酷狗音乐,热歌榜,酷狗TOP500,2026-10-06,90,我好想你 (苏打绿版),苏打绿,,5:29,55FEA1927AC4D460F6EB3B9262AC9981,108011230,https://www.kugou.com/yy/rank/home/5-8888.html?from=rank
2026-10-06,2026-10-06T10:29:24+08:00,酷狗音乐,热歌榜,酷狗TOP500,2026-10-06,91,离开我的依赖,王艳薇,,3:54,A9C377CC1B9931F0CE81907E23E4D588,36181053,https://www.kugou.com/yy/rank/home/5-8888.html?from=rank
2026-10-06,2026-10-06T10:29:24+08:00,酷狗音乐,热歌榜,酷狗TOP500,2026-10-06,92,告白气球,周杰伦,,3:36,688857974673645CE89EDA26A36DB19D,1645030,https://www.kugou.com/yy/rank/home/5-8888.html?from=rank
2026-10-06,2026-10-06T10:29:24+08:00,酷狗音乐,热歌榜,酷狗TOP500,2026-10-06,93,山风山风等等我 (女声合唱),佳佳、宋盐球、金钰双双、天雯,,3:29,A7F74A6D359F6A82A8ED0887513FE39E,208673557,https://www.kugou.com/yy/rank/home/5-8888.html?from=rank
2026-10-06,2026-10-06T10:29:24+08:00,酷狗音乐,热歌榜,酷狗TOP500,2026-10-06,94,碎碎念,队长,,2:13,A823AE8D84854FD2EB5B8E599D1263FA,79831015,https://www.kugou.com/yy/rank/home/5-8888.html?from=rank
2026-10-06,2026-10-06T10:29:24+08:00,酷狗音乐,热歌榜,酷狗TOP500,2026-10-06,95,海阔天空,BEYOND,,5:25,C41E80A18D1448FA47086372999C7F43,973001,https://www.kugou.com/yy/rank/home/5-8888.html?from=rank
2026-10-06,2026-10-06T10:29:24+08:00,酷狗音乐,热歌榜,酷狗TOP500,2026-10-06,96,其实,薛之谦,,4:02,2A8911EAD4838BF967CF5A300D787E53,960327,https://www.kugou.com/yy/rank/home/5-8888.html?from=rank
2026-10-06,2026-10-06T10:29:24+08:00,酷狗音乐,热歌榜,酷狗TOP500,2026-10-06,97,我记得,赵雷,,5:30,8CE80CF10A01F37354D63E49C1B60B60,60018447,https://www.kugou.com/yy/rank/home/5-8888.html?from=rank
2026-10-06,2026-10-06T10:29:24+08:00,酷狗音乐,热歌榜,酷狗TOP500,2026-10-06,98,岁月如笔写春秋,河南三妹5233,,4:11,5D4C2F9D994E5BECDC9BA0FBC6BD3DD8,191576482,https://www.kugou.com/yy/rank/home/5-8888.html?from=rank
2026-10-06,2026-10-06T10:29:24+08:00,酷狗音乐,热歌榜,酷狗TOP500,2026-10-06,99,如果当时,许嵩,,5:16,697712B7504DA5541C3ED4D117AE1018,973251,https://www.kugou.com/yy/rank/home/5-8888.html?from=rank
2026-10-06,2026-10-06T10:29:24+08:00,酷狗音乐,热歌榜,酷狗TOP500,2026-10-06,100,童话,光良,,4:04,472FF9D57BCE90288EC88CBE100BCB2A,974097,https://www.kugou.com/yy/rank/home/5-8888.html?from=rank
2026-10-06,2026-10-06T10:29:24+08:00,酷狗音乐,热歌榜,酷狗TOP500,2026-10-06,101,特别的人,方大同,,4:19,0F7A79ADAAEEB6EA1DA3E19DD637FD73,965097,https://www.kugou.com/yy/rank/home/5-8888.html?from=rank
2026-10-06,2026-10-06T10:29:24+08:00,酷狗音乐,热歌榜,酷狗TOP500,2026-10-06,102,七里香,周杰伦,,4:59,9218D81686C6AC681BC7CA621958AD6D,971783,https://www.kugou.com/yy/rank/home/5-8888.html?from=rank
2026-10-06,2026-10-06T10:29:24+08:00,酷狗音乐,热歌榜,酷狗TOP500,2026-10-06,103,天龙八部之宿敌,许嵩,,4:24,9092283E08915874302A9C64032BC79D,503947,https://www.kugou.com/yy/rank/home/5-8888.html?from=rank
2026-10-06,2026-10-06T10:29:24+08:00,酷狗音乐,热歌榜,酷狗TOP500,2026-10-06,104,会呼吸的痛,梁静茹,,4:32,1EB00DC46AE8E1446B6A9860A56487AC,500574,https://www.kugou.com/yy/rank/home/5-8888.html?from=rank
2026-10-06,2026-10-06T10:29:24+08:00,酷狗音乐,热歌榜,酷狗TOP500,2026-10-06,105,第57次取消发送,菲菲公主（陆绮菲）,,3:01,F17C489C53382E608F9CBB3ED9F6D2AA,137397074,https://www.kugou.com/yy/rank/home/5-8888.html?from=rank
2026-10-06,2026-10-06T10:29:24+08:00,酷狗音乐,热歌榜,酷狗TOP500,2026-10-06,106,吹吹山顶的风,巴扎黑,,2:59,87311B26EDEE637CA1448E14230BCB68,198304563,https://www.kugou.com/yy/rank/home/5-8888.html?from=rank
2026-10-06,2026-10-06T10:29:24+08:00,酷狗音乐,热歌榜,酷狗TOP500,2026-10-06,107,雪下的时候,乔佳旭,,4:24,F6B3AA5971A01E755A344C2256606418,35913748,https://www.kugou.com/yy/rank/home/5-8888.html?from=rank
2026-10-06,2026-10-06T10:29:24+08:00,酷狗音乐,热歌榜,酷狗TOP500,2026-10-06,108,心墙,郭静,,3:47,97870F3D4B01A7822DC497C6127EA66D,968033,https://www.kugou.com/yy/rank/home/5-8888.html?from=rank
2026-10-06,2026-10-06T10:29:24+08:00,酷狗音乐,热歌榜,酷狗TOP500,2026-10-06,109,千千阕歌,陈慧娴,,5:01,81E5A1C3B9E016D61FE91B809B4A7DC1,971621,https://www.kugou.com/yy/rank/home/5-8888.html?from=rank
2026-10-06,2026-10-06T10:29:24+08:00,酷狗音乐,热歌榜,酷狗TOP500,2026-10-06,110,秋天不回来,王强,,4:14,81056FF4FC4F2D0A0E9B38757A60D2F7,81746524,https://www.kugou.com/yy/rank/home/5-8888.html?from=rank
2026-10-06,2026-10-06T10:29:24+08:00,酷狗音乐,热歌榜,酷狗TOP500,2026-10-06,111,讲不出再见,谭咏麟,,4:54,2E0BFDC7BA2F759B0208A58CB2C26523,2337635,https://www.kugou.com/yy/rank/home/6-8888.html?from=rank
2026-10-06,2026-10-06T10:29:24+08:00,酷狗音乐,热歌榜,酷狗TOP500,2026-10-06,112,猜不透,丁当,,3:53,B1B4CC4F4E90134603CE66CBCF8FA73B,973244,https://www.kugou.com/yy/rank/home/6-8888.html?from=rank
2026-10-06,2026-10-06T10:29:24+08:00,酷狗音乐,热歌榜,酷狗TOP500,2026-10-06,113,奢香夫人,凤凰传奇,,4:20,478C572FC9E2E15777A41260DEE293A0,984412,https://www.kugou.com/yy/rank/home/6-8888.html?from=rank
2026-10-06,2026-10-06T10:29:24+08:00,酷狗音乐,热歌榜,酷狗TOP500,2026-10-06,114,如果累了就回故乡 (微醺版),落日微醺,,3:44,4B63841480B40824990E763D112C5D1F,205125995,https://www.kugou.com/yy/rank/home/6-8888.html?from=rank
2026-10-06,2026-10-06T10:29:24+08:00,酷狗音乐,热歌榜,酷狗TOP500,2026-10-06,115,枫,周杰伦,,4:36,0D7E8C11C961A17EB8779FEB0CA772E3,958909,https://www.kugou.com/yy/rank/home/6-8888.html?from=rank
2026-10-06,2026-10-06T10:29:24+08:00,酷狗音乐,热歌榜,酷狗TOP500,2026-10-06,116,半壶纱,刘珂矣,,3:41,951AB088C5A08F491471A1296DF93707,948327,https://www.kugou.com/yy/rank/home/6-8888.html?from=rank
2026-10-06,2026-10-06T10:29:24+08:00,酷狗音乐,热歌榜,酷狗TOP500,2026-10-06,117,老男孩,筷子兄弟,,4:59,EB494F1F9199AA29F66E056F116D2F1C,17165001,https://www.kugou.com/yy/rank/home/6-8888.html?from=rank
2026-10-06,2026-10-06T10:29:24+08:00,酷狗音乐,热歌榜,酷狗TOP500,2026-10-06,118,Always Online,林俊杰,,3:45,16A4E4895905B703AC0F31007A495D4C,963179,https://www.kugou.com/yy/rank/home/6-8888.html?from=rank
2026-10-06,2026-10-06T10:29:24+08:00,酷狗音乐,热歌榜,酷狗TOP500,2026-10-06,119,戒烟,李荣浩,,4:54,AF36A623D725B98893DAEFDF8010F22E,49390931,https://www.kugou.com/yy/rank/home/6-8888.html?from=rank
2026-10-06,2026-10-06T10:29:24+08:00,酷狗音乐,热歌榜,酷狗TOP500,2026-10-06,120,一路向北,周杰伦,,4:54,F73F22FB046CA1A135C70417163AF82E,1739223,https://www.kugou.com/yy/rank/home/6-8888.html?from=rank
2026-10-06,2026-10-06T10:29:24+08:00,酷狗音乐,热歌榜,酷狗TOP500,2026-10-06,121,只对你有感觉,飞轮海、田馥甄,,3:59,E400C3F475001BA5B0F197F2E1923F47,556347,https://www.kugou.com/yy/rank/home/6-8888.html?from=rank
2026-10-06,2026-10-06T10:29:24+08:00,酷狗音乐,热歌榜,酷狗TOP500,2026-10-06,122,不将就,李荣浩,,5:12,E5F0905C662872A9B05A423FD1ED48B5,1004040,https://www.kugou.com/yy/rank/home/6-8888.html?from=rank
2026-10-06,2026-10-06T10:29:24+08:00,酷狗音乐,热歌榜,酷狗TOP500,2026-10-06,123,有何不可,许嵩,,4:01,B3D5D7D3A140628D1605BD392467E348,973251,https://www.kugou.com/yy/rank/home/6-8888.html?from=rank
2026-10-06,2026-10-06T10:29:24+08:00,酷狗音乐,热歌榜,酷狗TOP500,2026-10-06,124,灰色轨迹,BEYOND,,5:28,4476FAA4B6567CCC2292BFBBCA93CB9C,39629213,https://www.kugou.com/yy/rank/home/6-8888.html?from=rank
2026-10-06,2026-10-06T10:29:24+08:00,酷狗音乐,热歌榜,酷狗TOP500,2026-10-06,125,沦陷,贾格JuggShots,,3:04,64C2E5D33BE5F53758F3E96DC8EEC3C3,95717116,https://www.kugou.com/yy/rank/home/6-8888.html?from=rank
2026-10-06,2026-10-06T10:29:24+08:00,酷狗音乐,热歌榜,酷狗TOP500,2026-10-06,126,可不可以,张紫豪,,4:01,6079A2ACBA5E782FE24695FDFCDB1887,9618875,https://www.kugou.com/yy/rank/home/6-8888.html?from=rank
2026-10-06,2026-10-06T10:29:24+08:00,酷狗音乐,热歌榜,酷狗TOP500,2026-10-06,127,至少还有你,林忆莲,,4:35,BA9D67DAB59FA6DCE243F4B6B70ACA95,967340,https://www.kugou.com/yy/rank/home/6-8888.html?from=rank
2026-10-06,2026-10-06T10:29:24+08:00,酷狗音乐,热歌榜,酷狗TOP500,2026-10-06,128,体面,于文文,,4:43,B0927C5353E9DD8BD72242BB730DAFF4,8149034,https://www.kugou.com/yy/rank/home/6-8888.html?from=rank
2026-10-06,2026-10-06T10:29:24+08:00,酷狗音乐,热歌榜,酷狗TOP500,2026-10-06,129,兰亭序,周杰伦,,4:14,4EC10B1B7B9BEB2F0ADB89BBEC5F664B,960399,https://www.kugou.com/yy/rank/home/6-8888.html?from=rank
2026-10-06,2026-10-06T10:29:24+08:00,酷狗音乐,热歌榜,酷狗TOP500,2026-10-06,130,带我走,杨丞琳,,4:50,0C57DE35C3CB2A32A8CF634E4F8309C4,975441,https://www.kugou.com/yy/rank/home/6-8888.html?from=rank
2026-10-06,2026-10-06T10:29:24+08:00,酷狗音乐,热歌榜,酷狗TOP500,2026-10-06,131,退后,周杰伦,,4:22,5971DE0B235D5B2708D6A6FEB3D31B6F,965291,https://www.kugou.com/yy/rank/home/6-8888.html?from=rank
2026-10-06,2026-10-06T10:29:24+08:00,酷狗音乐,热歌榜,酷狗TOP500,2026-10-06,132,我是真的爱上你,王杰,,5:03,7C353B672AC945A3FE56022000A239FE,2996801,https://www.kugou.com/yy/rank/home/6-8888.html?from=rank
2026-10-06,2026-10-06T10:29:24+08:00,酷狗音乐,热歌榜,酷狗TOP500,2026-10-06,133,踏马寻花向自由 (雷鬼版),超哥,,2:59,B5BA68A039E54847B4E14A46A268991B,194886112,https://www.kugou.com/yy/rank/home/7-8888.html?from=rank
2026-10-06,2026-10-06T10:29:24+08:00,酷狗音乐,热歌榜,酷狗TOP500,2026-10-06,134,她,刘宇宁,,3:41,A46200A65547E5A267D10B1F32C6A3B1,204979963,https://www.kugou.com/yy/rank/home/7-8888.html?from=rank
2026-10-06,2026-10-06T10:29:24+08:00,酷狗音乐,热歌榜,酷狗TOP500,2026-10-06,135,我们在场,周深、王者荣耀,,3:20,AE1E9503424BD9581A1F9CC5760E907D,209454115,https://www.kugou.com/yy/rank/home/7-8888.html?from=rank
2026-10-06,2026-10-06T10:29:24+08:00,酷狗音乐,热歌榜,酷狗TOP500,2026-10-06,136,有魅,刘宇宁,,4:02,3DC73A229F132C1051CFEBFC54D9F85A,209565278,https://www.kugou.com/yy/rank/home/7-8888.html?from=rank
2026-10-06,2026-10-06T10:29:24+08:00,酷狗音乐,热歌榜,酷狗TOP500,2026-10-06,137,爱情讯息,郭静,,4:41,D8E857250D8EEA9C5FAFDAF7857640A5,971139,https://www.kugou.com/yy/rank/home/7-8888.html?from=rank
2026-10-06,2026-10-06T10:29:24+08:00,酷狗音乐,热歌榜,酷狗TOP500,2026-10-06,138,天地龙鳞,王力宏,,3:17,DD83DC4A30C3A05D60FFCE6944FB441C,50749156,https://www.kugou.com/yy/rank/home/7-8888.html?from=rank
2026-10-06,2026-10-06T10:29:24+08:00,酷狗音乐,热歌榜,酷狗TOP500,2026-10-06,139,春娇与志明,街道办GDC、欧阳耀莹,,3:24,E84947402A5E0952FA067566C10264CB,8543461,https://www.kugou.com/yy/rank/home/7-8888.html?from=rank
2026-10-06,2026-10-06T10:29:24+08:00,酷狗音乐,热歌榜,酷狗TOP500,2026-10-06,140,落日微醺 (晚风中一杯酒),落日微醺,,4:14,CB22754AB8A0F20FCC015D0A800758CE,196517740,https://www.kugou.com/yy/rank/home/7-8888.html?from=rank
2026-10-06,2026-10-06T10:29:24+08:00,酷狗音乐,热歌榜,酷狗TOP500,2026-10-06,141,山河共此心,吉克隽逸、刘凤瑶,,3:44,D1C842C65C4747FF9A63D1D5541BC067,208978433,https://www.kugou.com/yy/rank/home/7-8888.html?from=rank
2026-10-06,2026-10-06T10:29:24+08:00,酷狗音乐,热歌榜,酷狗TOP500,2026-10-06,142,玻璃,Gareth.T,,3:05,ED0ED6B17B6C29695E97F5CC945C7901,191663409,https://www.kugou.com/yy/rank/home/7-8888.html?from=rank
2026-10-06,2026-10-06T10:29:24+08:00,酷狗音乐,热歌榜,酷狗TOP500,2026-10-06,143,泡沫,G.E.M.邓紫棋,,4:19,8574D02543B5F902469FB4E27E3A350D,968370,https://www.kugou.com/yy/rank/home/7-8888.html?from=rank
2026-10-06,2026-10-06T10:29:24+08:00,酷狗音乐,热歌榜,酷狗TOP500,2026-10-06,144,好想再爱你,潘广益,,4:31,B78BA4062528E712B68C42DC6A4D9AAE,957659,https://www.kugou.com/yy/rank/home/7-8888.html?from=rank
2026-10-06,2026-10-06T10:29:24+08:00,酷狗音乐,热歌榜,酷狗TOP500,2026-10-06,145,过火,张信哲,,5:02,E34CBC6EBE64B9EE9ADB5C46E2178A84,982639,https://www.kugou.com/yy/rank/home/7-8888.html?from=rank
2026-10-06,2026-10-06T10:29:24+08:00,酷狗音乐,热歌榜,酷狗TOP500,2026-10-06,146,相见恨晚,彭佳慧,,4:15,01214FB85BAF49AB74F10AFA4C363540,977553,https://www.kugou.com/yy/rank/home/7-8888.html?from=rank
2026-10-06,2026-10-06T10:29:24+08:00,酷狗音乐,热歌榜,酷狗TOP500,2026-10-06,147,祝福祖国,顿珠拉姆,,3:19,5DA11A7E705CEAC07CC2F21488DBA9AD,204038427,https://www.kugou.com/yy/rank/home/7-8888.html?from=rank
2026-10-06,2026-10-06T10:29:24+08:00,酷狗音乐,热歌榜,酷狗TOP500,2026-10-06,148,山不语,檬小妖,,4:09,AEF516FDB79AE4EF580D72BD82A5E049,209342398,https://www.kugou.com/yy/rank/home/7-8888.html?from=rank
2026-10-06,2026-10-06T10:29:24+08:00,酷狗音乐,热歌榜,酷狗TOP500,2026-10-06,149,我在等一个懂我的人 (深情版),糖小小,,3:46,D1DFACDE17091D188055EF9B76B6CC2A,209299701,https://www.kugou.com/yy/rank/home/7-8888.html?from=rank
2026-10-06,2026-10-06T10:29:24+08:00,酷狗音乐,热歌榜,酷狗TOP500,2026-10-06,150,舍得,王唯旖,,4:22,62C406C76F45C3EF39F451F2C4F22D95,1944276,https://www.kugou.com/yy/rank/home/7-8888.html?from=rank
2026-10-06,2026-10-06T10:29:24+08:00,酷狗音乐,热歌榜,酷狗TOP500,2026-10-06,151,Lost,满舒克、Jony J,,4:10,E4C0A549FB93FC128B5A0E8DBD3CD32A,2537526,https://www.kugou.com/yy/rank/home/7-8888.html?from=rank
2026-10-06,2026-10-06T10:29:24+08:00,酷狗音乐,热歌榜,酷狗TOP500,2026-10-06,152,野心家,张靓颖,,4:43,1789AD88CFDD254910125F22494C0E8B,161637189,https://www.kugou.com/yy/rank/home/7-8888.html?from=rank
2026-10-06,2026-10-06T10:29:24+08:00,酷狗音乐,热歌榜,酷狗TOP500,2026-10-06,153,谁明浪子心,王杰,,5:01,1E54C9C01C9DFC5C68F743368F353711,983991,https://www.kugou.com/yy/rank/home/7-8888.html?from=rank
2026-10-06,2026-10-06T10:29:24+08:00,酷狗音乐,热歌榜,酷狗TOP500,2026-10-06,154,光年之外,G.E.M.邓紫棋,,3:56,AA47B03289C80586FF72146359914A0C,1952211,https://www.kugou.com/yy/rank/home/7-8888.html?from=rank
2026-10-06,2026-10-06T10:29:24+08:00,酷狗音乐,热歌榜,酷狗TOP500,2026-10-06,155,麻花情,海来阿木,,3:47,15DE5A6243A25631593B8735A8AF7172,207237297,https://www.kugou.com/yy/rank/home/8-8888.html?from=rank
2026-10-06,2026-10-06T10:29:24+08:00,酷狗音乐,热歌榜,酷狗TOP500,2026-10-06,156,Fever Pitch,Richz,,2:15,594B915AEEDA7DA8F5BD70B63EA76EAD,180499937,https://www.kugou.com/yy/rank/home/8-8888.html?from=rank
2026-10-06,2026-10-06T10:29:24+08:00,酷狗音乐,热歌榜,酷狗TOP500,2026-10-06,157,逍遥叹,胡歌,,5:14,1415E6EAB8E8B0538F5FB66526C9EB65,970409,https://www.kugou.com/yy/rank/home/8-8888.html?from=rank
2026-10-06,2026-10-06T10:29:24+08:00,酷狗音乐,热歌榜,酷狗TOP500,2026-10-06,158,那时雨,徐良,,3:34,CE76C60251F6193BC5BBA5B46B977747,16900987,https://www.kugou.com/yy/rank/home/8-8888.html?from=rank
2026-10-06,2026-10-06T10:29:24+08:00,酷狗音乐,热歌榜,酷狗TOP500,2026-10-06,159,反方向的钟,周杰伦,,4:18,A6049AAB184A305CAA906C6BBB8E8233,978031,https://www.kugou.com/yy/rank/home/8-8888.html?from=rank
2026-10-06,2026-10-06T10:29:24+08:00,酷狗音乐,热歌榜,酷狗TOP500,2026-10-06,160,若不是因为你 (深情版),林栖,,4:13,6CCB2559DE8FC8965E98F641C4C33B6A,176013962,https://www.kugou.com/yy/rank/home/8-8888.html?from=rank
2026-10-06,2026-10-06T10:29:24+08:00,酷狗音乐,热歌榜,酷狗TOP500,2026-10-06,161,We Don't Talk Anymore (Mr. Collipark Remix),Charlie Puth、Selena Gomez,,4:14,8F323B0610BE8D862B7CBB41C3398766,1746993,https://www.kugou.com/yy/rank/home/8-8888.html?from=rank
2026-10-06,2026-10-06T10:29:24+08:00,酷狗音乐,热歌榜,酷狗TOP500,2026-10-06,162,多远都要在一起,G.E.M.邓紫棋,,3:38,768F6FA531A3D883BE3F6C91AAF60612,555825,https://www.kugou.com/yy/rank/home/8-8888.html?from=rank
2026-10-06,2026-10-06T10:29:24+08:00,酷狗音乐,热歌榜,酷狗TOP500,2026-10-06,163,这些年在忙什么,田园,,3:41,3B92EB6F7A2583AE370B0D13B1ECCDE6,130559559,https://www.kugou.com/yy/rank/home/8-8888.html?from=rank
2026-10-06,2026-10-06T10:29:24+08:00,酷狗音乐,热歌榜,酷狗TOP500,2026-10-06,164,山上的山花开 (无说唱版),一万种声音,,2:31,826A6B5F4B2445157D2AEF0BE786CF1A,207879049,https://www.kugou.com/yy/rank/home/8-8888.html?from=rank
2026-10-06,2026-10-06T10:29:24+08:00,酷狗音乐,热歌榜,酷狗TOP500,2026-10-06,165,清风万里候君来 (深情版),糖晓苑,,3:51,A8018ACC45462F712FC1CDC394224AF4,208834587,https://www.kugou.com/yy/rank/home/8-8888.html?from=rank
2026-10-06,2026-10-06T10:29:24+08:00,酷狗音乐,热歌榜,酷狗TOP500,2026-10-06,166,抽离,徐良、刘丹萌,,4:18,37A9C74C33A9FAEFF672CFDF4C699581,547514,https://www.kugou.com/yy/rank/home/8-8888.html?from=rank
2026-10-06,2026-10-06T10:29:24+08:00,酷狗音乐,热歌榜,酷狗TOP500,2026-10-06,167,月亮替我望故乡,烟嗓船长,,3:29,243AABC48B40593DF6EF4E34739CE2E9,209588210,https://www.kugou.com/yy/rank/home/8-8888.html?from=rank
2026-10-06,2026-10-06T10:29:24+08:00,酷狗音乐,热歌榜,酷狗TOP500,2026-10-06,168,我听见了，你的痛苦成立,供销社乐队,,3:31,6CB6A16FFFEB35428346D73908442DBB,194648616,https://www.kugou.com/yy/rank/home/8-8888.html?from=rank
2026-10-06,2026-10-06T10:29:24+08:00,酷狗音乐,热歌榜,酷狗TOP500,2026-10-06,169,来不及爱你,h3R3刘清云,,3:25,E3ED52965CEE83A40D73C5FB1DA7FF62,76488384,https://www.kugou.com/yy/rank/home/8-8888.html?from=rank
2026-10-06,2026-10-06T10:29:24+08:00,酷狗音乐,热歌榜,酷狗TOP500,2026-10-06,170,夏夜最后的烟火,颜人中,,4:40,4E418EDAB22093B51C78C81C0A8C9B31,39949767,https://www.kugou.com/yy/rank/home/8-8888.html?from=rank
2026-10-06,2026-10-06T10:29:24+08:00,酷狗音乐,热歌榜,酷狗TOP500,2026-10-06,171,说好的幸福呢,周杰伦,,4:17,892B7AD62499C97A1A994454423E30F6,960399,https://www.kugou.com/yy/rank/home/8-8888.html?from=rank
2026-10-06,2026-10-06T10:29:24+08:00,酷狗音乐,热歌榜,酷狗TOP500,2026-10-06,172,没那么简单,黄小琥,,5:08,90D82FB9EB6C1F5385F6F086318EE1FA,962530,https://www.kugou.com/yy/rank/home/8-8888.html?from=rank
2026-10-06,2026-10-06T10:29:24+08:00,酷狗音乐,热歌榜,酷狗TOP500,2026-10-06,173,Lonely,Nana,,6:21,284173346DD3E03FA86D027025F50CC7,45833884,https://www.kugou.com/yy/rank/home/8-8888.html?from=rank
2026-10-06,2026-10-06T10:29:24+08:00,酷狗音乐,热歌榜,酷狗TOP500,2026-10-06,174,无名的人,毛不易,,4:42,525A854C4A4EDF63CAF528D693F69CE0,51231315,https://www.kugou.com/yy/rank/home/8-8888.html?from=rank
2026-10-06,2026-10-06T10:29:24+08:00,酷狗音乐,热歌榜,酷狗TOP500,2026-10-06,175,蒲公英的约定,周杰伦,,4:07,A14373681262867AB43FEF5467F4CC1D,979856,https://www.kugou.com/yy/rank/home/8-8888.html?from=rank
2026-10-06,2026-10-06T10:29:24+08:00,酷狗音乐,热歌榜,酷狗TOP500,2026-10-06,176,不潮不用花钱,林俊杰,,3:54,5A84BBA4C673BEA45083C521ADF366AF,963179,https://www.kugou.com/yy/rank/home/8-8888.html?from=rank
2026-10-06,2026-10-06T10:29:24+08:00,酷狗音乐,热歌榜,酷狗TOP500,2026-10-06,177,我们的歌,王力宏,,4:08,4E294957A0D9B72A78B61F3C2A63B6CC,503223,https://www.kugou.com/yy/rank/home/9-8888.html?from=rank
2026-10-06,2026-10-06T10:29:24+08:00,酷狗音乐,热歌榜,酷狗TOP500,2026-10-06,178,卡布奇诺,6诗人,,3:04,5FE82C07C44F70E5B5F357F707C04549,8499380,https://www.kugou.com/yy/rank/home/9-8888.html?from=rank
2026-10-06,2026-10-06T10:29:24+08:00,酷狗音乐,热歌榜,酷狗TOP500,2026-10-06,179,山河吟,海来阿木,,4:04,6E5E8E349B443DECEF7DA211DB1AEAE7,209573991,https://www.kugou.com/yy/rank/home/9-8888.html?from=rank
2026-10-06,2026-10-06T10:29:24+08:00,酷狗音乐,热歌榜,酷狗TOP500,2026-10-06,180,曾经的你,许巍,,4:21,8D27A0FD0D8B6A9059D3FEEC95E2088D,976268,https://www.kugou.com/yy/rank/home/9-8888.html?from=rank
2026-10-06,2026-10-06T10:29:24+08:00,酷狗音乐,热歌榜,酷狗TOP500,2026-10-06,181,蓝莲花,许巍,,4:31,EDCDC42FEE3A4BC8F2ADBAF96ADE9D77,15247919,https://www.kugou.com/yy/rank/home/9-8888.html?from=rank
2026-10-06,2026-10-06T10:29:24+08:00,酷狗音乐,热歌榜,酷狗TOP500,2026-10-06,182,花海,周杰伦,,4:25,3328808CECBD1A1038166003840FDDD7,960399,https://www.kugou.com/yy/rank/home/9-8888.html?from=rank
2026-10-06,2026-10-06T10:29:24+08:00,酷狗音乐,热歌榜,酷狗TOP500,2026-10-06,183,老街,李荣浩,,5:19,30E7F7CCB57EB16D1BE3EC71D7ADB071,964378,https://www.kugou.com/yy/rank/home/9-8888.html?from=rank
2026-10-06,2026-10-06T10:29:24+08:00,酷狗音乐,热歌榜,酷狗TOP500,2026-10-06,184,Dear John,比莉,,5:11,71951213A1C3C313DEEB017D3C9E77CC,2528933,https://www.kugou.com/yy/rank/home/9-8888.html?from=rank
2026-10-06,2026-10-06T10:29:24+08:00,酷狗音乐,热歌榜,酷狗TOP500,2026-10-06,185,年少有为,李荣浩,,4:39,3A5C1D6CDABB2FDA813F8F8B7E4D08B0,8873395,https://www.kugou.com/yy/rank/home/9-8888.html?from=rank
2026-10-06,2026-10-06T10:29:24+08:00,酷狗音乐,热歌榜,酷狗TOP500,2026-10-06,186,人儿啊请慢下来,石满仓,,3:32,81127FC1186063281CB602F623A74BD7,206903720,https://www.kugou.com/yy/rank/home/9-8888.html?from=rank
2026-10-06,2026-10-06T10:29:24+08:00,酷狗音乐,热歌榜,酷狗TOP500,2026-10-06,187,忘记时间,胡歌,,4:32,BB2759C850804CB32A55480D85D21080,493001,https://www.kugou.com/yy/rank/home/9-8888.html?from=rank
2026-10-06,2026-10-06T10:29:24+08:00,酷狗音乐,热歌榜,酷狗TOP500,2026-10-06,188,阿楚姑娘,袁娅维TIA RAY,,4:09,3848D19461B6679AB8F8918567E8F919,1399265,https://www.kugou.com/yy/rank/home/9-8888.html?from=rank
2026-10-06,2026-10-06T10:29:24+08:00,酷狗音乐,热歌榜,酷狗TOP500,2026-10-06,189,北方的后海没有海 (r&b微醺版),落日微醺,,3:26,DB3D10DE8DF3C5188EC036A9724F9418,196519034,https://www.kugou.com/yy/rank/home/9-8888.html?from=rank
2026-10-06,2026-10-06T10:29:24+08:00,酷狗音乐,热歌榜,酷狗TOP500,2026-10-06,190,最长的电影,周杰伦,,3:56,2F6D441163A92AEE5E52B8E94F36A3C7,979856,https://www.kugou.com/yy/rank/home/9-8888.html?from=rank
2026-10-06,2026-10-06T10:29:24+08:00,酷狗音乐,热歌榜,酷狗TOP500,2026-10-06,191,慢冷 (Live),李荣浩,,2:44,3536800EC50F04EBF68FB22E7AF6B124,59599171,https://www.kugou.com/yy/rank/home/9-8888.html?from=rank
2026-10-06,2026-10-06T10:29:24+08:00,酷狗音乐,热歌榜,酷狗TOP500,2026-10-06,192,"Allez, aimez!",肖战,,3:22,74ACB6EC1B0678DB8B6EBE512263BF46,209339223,https://www.kugou.com/yy/rank/home/9-8888.html?from=rank
2026-10-06,2026-10-06T10:29:24+08:00,酷狗音乐,热歌榜,酷狗TOP500,2026-10-06,193,谁 (男女扎心合唱),梨子芥菜、戚悦,,3:58,38DAABE4EEA0ADDC04897AC14E15B54E,185936379,https://www.kugou.com/yy/rank/home/9-8888.html?from=rank
2026-10-06,2026-10-06T10:29:24+08:00,酷狗音乐,热歌榜,酷狗TOP500,2026-10-06,194,亲爱的你啊,任素汐,,3:56,C42C2C5C7A68CDAFBF543F29AF883B1D,144348541,https://www.kugou.com/yy/rank/home/9-8888.html?from=rank
2026-10-06,2026-10-06T10:29:24+08:00,酷狗音乐,热歌榜,酷狗TOP500,2026-10-06,195,差一步,大壮,,4:06,08C2E4AF2BDDB11D36E2B04A51DA30CE,6194568,https://www.kugou.com/yy/rank/home/9-8888.html?from=rank
2026-10-06,2026-10-06T10:29:24+08:00,酷狗音乐,热歌榜,酷狗TOP500,2026-10-06,196,刻在我心底的名字,卢广仲,,5:20,5CDCAAF9E7B91E94FD012589D00FDBEA,39020767,https://www.kugou.com/yy/rank/home/9-8888.html?from=rank
2026-10-06,2026-10-06T10:29:24+08:00,酷狗音乐,热歌榜,酷狗TOP500,2026-10-06,197,梦的翅膀受了伤,蒋雪儿Snow.J,,4:36,7B00B1F90C13C270CE96EA51DA863B96,1965074,https://www.kugou.com/yy/rank/home/9-8888.html?from=rank
2026-10-06,2026-10-06T10:29:24+08:00,酷狗音乐,热歌榜,酷狗TOP500,2026-10-06,198,关不上的窗,周传雄,,4:53,C9FF4C5E86A76043F004E3BB17E08942,982655,https://www.kugou.com/yy/rank/home/9-8888.html?from=rank
2026-10-06,2026-10-06T10:29:24+08:00,酷狗音乐,热歌榜,酷狗TOP500,2026-10-06,199,呆头鸟,礼越,,2:29,2345AB90879AE221FAE8B57802ECFFDF,203333898,https://www.kugou.com/yy/rank/home/10-8888.html?from=rank
2026-10-06,2026-10-06T10:29:24+08:00,酷狗音乐,热歌榜,酷狗TOP500,2026-10-06,200,可惜没如果,林俊杰,,4:58,57D6EAF8F7E593A2C4B780D8045DE5C1,542795,https://www.kugou.com/yy/rank/home/10-8888.html?from=rank
2026-10-06,2026-10-06T10:29:24+08:00,酷狗音乐,热歌榜,酷狗TOP500,2026-10-06,201,半点心,草蜢,,3:52,6DF94BFD206BB819120C0D021B93EDBC,564642,https://www.kugou.com/yy/rank/home/10-8888.html?from=rank
2026-10-06,2026-10-06T10:29:24+08:00,酷狗音乐,热歌榜,酷狗TOP500,2026-10-06,202,如果可以,韦礼安,,4:34,70425DF5F0C9FCED5E0468189A7F4A70,49958186,https://www.kugou.com/yy/rank/home/10-8888.html?from=rank
2026-10-06,2026-10-06T10:29:24+08:00,酷狗音乐,热歌榜,酷狗TOP500,2026-10-06,203,爱从没有结束,陆尘,,3:47,11C77D52321842A12F338AFE0FD46F95,208449083,https://www.kugou.com/yy/rank/home/10-8888.html?from=rank
2026-10-06,2026-10-06T10:29:24+08:00,酷狗音乐,热歌榜,酷狗TOP500,2026-10-06,204,男人歌 (feat.大壮),宝石Gem、大壮,,5:07,E869C3A6962D31689E7421350C26EFC3,154798334,https://www.kugou.com/yy/rank/home/10-8888.html?from=rank
2026-10-06,2026-10-06T10:29:24+08:00,酷狗音乐,热歌榜,酷狗TOP500,2026-10-06,205,执子之手,宝石Gem、哩哩,,3:10,A84D44A92F427A3198ECEE703B708478,61962429,https://www.kugou.com/yy/rank/home/10-8888.html?from=rank
2026-10-06,2026-10-06T10:29:24+08:00,酷狗音乐,热歌榜,酷狗TOP500,2026-10-06,206,等你的季节,刘诗诗,,4:02,A7D65FC45CAF8CC897E01EA072529EF0,4005115,https://www.kugou.com/yy/rank/home/10-8888.html?from=rank
2026-10-06,2026-10-06T10:29:24+08:00,酷狗音乐,热歌榜,酷狗TOP500,2026-10-06,207,下一个天亮,郭静,,4:27,7E2AD47232E7148C642B6836041826C9,971139,https://www.kugou.com/yy/rank/home/10-8888.html?from=rank
2026-10-06,2026-10-06T10:29:24+08:00,酷狗音乐,热歌榜,酷狗TOP500,2026-10-06,208,不合时宜,肖战,,3:45,6A82E5A3F8EB93B040AD743768C1C0AB,209339223,https://www.kugou.com/yy/rank/home/10-8888.html?from=rank
2026-10-06,2026-10-06T10:29:24+08:00,酷狗音乐,热歌榜,酷狗TOP500,2026-10-06,209,明天过后,张杰,,3:59,5B900D95E79765AE62664BE5C871DD9E,38606351,https://www.kugou.com/yy/rank/home/10-8888.html?from=rank
2026-10-06,2026-10-06T10:29:24+08:00,酷狗音乐,热歌榜,酷狗TOP500,2026-10-06,210,Angel,尹美莱、Tiger JK、Bizzy,,4:15,157D75DA9A1B5B4FED6C529C2B1C2452,964390,https://www.kugou.com/yy/rank/home/10-8888.html?from=rank
2026-10-06,2026-10-06T10:29:24+08:00,酷狗音乐,热歌榜,酷狗TOP500,2026-10-06,211,天外来物,薛之谦,,4:17,761C1EAFBD1E22504B487F84D2152DF5,40890018,https://www.kugou.com/yy/rank/home/10-8888.html?from=rank
2026-10-06,2026-10-06T10:29:24+08:00,酷狗音乐,热歌榜,酷狗TOP500,2026-10-06,212,说了再见,周杰伦,,4:43,966C718DA96EE29B3B466F773BFA9E2F,958812,https://www.kugou.com/yy/rank/home/10-8888.html?from=rank
2026-10-06,2026-10-06T10:29:24+08:00,酷狗音乐,热歌榜,酷狗TOP500,2026-10-06,213,座位,于冬然,,3:29,D87A09DB3166215E5DFD4A30C922509E,137485296,https://www.kugou.com/yy/rank/home/10-8888.html?from=rank
2026-10-06,2026-10-06T10:29:24+08:00,酷狗音乐,热歌榜,酷狗TOP500,2026-10-06,214,指纹,杜宣达,,4:00,EAF4CB91DA618DBEDC751F54B3B3620D,50057639,https://www.kugou.com/yy/rank/home/10-8888.html?from=rank
2026-10-06,2026-10-06T10:29:24+08:00,酷狗音乐,热歌榜,酷狗TOP500,2026-10-06,215,先说爱的人为什么先离开,田园,,3:40,6379393814B0A74AB7B87B2FA9E87689,107655422,https://www.kugou.com/yy/rank/home/10-8888.html?from=rank
2026-10-06,2026-10-06T10:29:24+08:00,酷狗音乐,热歌榜,酷狗TOP500,2026-10-06,216,黄土谣,石满仓,,3:51,A1D87E7F13D98A0049D5D9375BF40889,208016285,https://www.kugou.com/yy/rank/home/10-8888.html?from=rank
2026-10-06,2026-10-06T10:29:24+08:00,酷狗音乐,热歌榜,酷狗TOP500,2026-10-06,217,Alive,Blue,,3:40,996EE22D2450A7C7528394F7F98432E6,560693,https://www.kugou.com/yy/rank/home/10-8888.html?from=rank
2026-10-06,2026-10-06T10:29:24+08:00,酷狗音乐,热歌榜,酷狗TOP500,2026-10-06,218,烟花易冷,周杰伦,,4:23,B9FC03DF9015D6BFF0554A110BF2C84F,958812,https://www.kugou.com/yy/rank/home/10-8888.html?from=rank
2026-10-06,2026-10-06T10:29:24+08:00,酷狗音乐,热歌榜,酷狗TOP500,2026-10-06,219,爱如潮水,张信哲,,4:31,7D372165ED6AD2C00DD2B473529BE9CE,538030,https://www.kugou.com/yy/rank/home/10-8888.html?from=rank
2026-10-06,2026-10-06T10:29:24+08:00,酷狗音乐,热歌榜,酷狗TOP500,2026-10-06,220,Letting Go,蔡健雅,,4:23,326CBB23BAA90062047512376AA406A4,978874,https://www.kugou.com/yy/rank/home/10-8888.html?from=rank
2026-10-06,2026-10-06T10:29:24+08:00,酷狗音乐,热歌榜,酷狗TOP500,2026-10-06,221,街角的晚风,陈小春,,4:00,18B89D66950B7856EABB131BB6273F6E,169830039,https://www.kugou.com/yy/rank/home/11-8888.html?from=rank
2026-10-06,2026-10-06T10:29:24+08:00,酷狗音乐,热歌榜,酷狗TOP500,2026-10-06,222,不能说的秘密,周杰伦,,4:57,EDFC5DD1AC3D58971AB95B3E2700D015,554150,https://www.kugou.com/yy/rank/home/11-8888.html?from=rank
2026-10-06,2026-10-06T10:29:24+08:00,酷狗音乐,热歌榜,酷狗TOP500,2026-10-06,223,下个，路口，见,李宇春,,3:30,64F80BAE486AB418084E941AADA27545,502503,https://www.kugou.com/yy/rank/home/11-8888.html?from=rank
2026-10-06,2026-10-06T10:29:24+08:00,酷狗音乐,热歌榜,酷狗TOP500,2026-10-06,224,太聪明,陈绮贞,,4:23,89101DA817101FEA0C9ECF64EAE2B46F,959335,https://www.kugou.com/yy/rank/home/11-8888.html?from=rank
2026-10-06,2026-10-06T10:29:24+08:00,酷狗音乐,热歌榜,酷狗TOP500,2026-10-06,225,一场游戏一场梦,王杰,,4:17,55340B431243FF5F112527EFC0591232,7547885,https://www.kugou.com/yy/rank/home/11-8888.html?from=rank
2026-10-06,2026-10-06T10:29:24+08:00,酷狗音乐,热歌榜,酷狗TOP500,2026-10-06,226,模特,李荣浩,,5:06,87EBC49856D2CB3C04992C9A87E5A5C5,968143,https://www.kugou.com/yy/rank/home/11-8888.html?from=rank
2026-10-06,2026-10-06T10:29:24+08:00,酷狗音乐,热歌榜,酷狗TOP500,2026-10-06,227,你瞒我瞒,陈柏宇,,3:58,E8EE57D671769402710C4FF9259D841F,965453,https://www.kugou.com/yy/rank/home/11-8888.html?from=rank
2026-10-06,2026-10-06T10:29:24+08:00,酷狗音乐,热歌榜,酷狗TOP500,2026-10-06,228,水手,郑智化,,4:53,6DCF10DEA98A7C9F755BE385E822BE05,967718,https://www.kugou.com/yy/rank/home/11-8888.html?from=rank
2026-10-06,2026-10-06T10:29:24+08:00,酷狗音乐,热歌榜,酷狗TOP500,2026-10-06,229,Love Me,JMSN,,4:33,C8A0559F862B815E8B4D135228944D4D,76048254,https://www.kugou.com/yy/rank/home/11-8888.html?from=rank
2026-10-06,2026-10-06T10:29:24+08:00,酷狗音乐,热歌榜,酷狗TOP500,2026-10-06,230,不分手的恋爱,汪苏泷,,3:26,543A6E13C527E52886E51BBF14191C8F,37376237,https://www.kugou.com/yy/rank/home/11-8888.html?from=rank
2026-10-06,2026-10-06T10:29:24+08:00,酷狗音乐,热歌榜,酷狗TOP500,2026-10-06,231,西海情歌,刀郎,,5:43,0E5FB14E78AFF13C2DEF97C814537CB7,984281,https://www.kugou.com/yy/rank/home/11-8888.html?from=rank
2026-10-06,2026-10-06T10:29:24+08:00,酷狗音乐,热歌榜,酷狗TOP500,2026-10-06,232,生而为人,尚士达,,5:20,2789D88534017546B173E0BFA9D6233B,13946205,https://www.kugou.com/yy/rank/home/11-8888.html?from=rank
2026-10-06,2026-10-06T10:29:24+08:00,酷狗音乐,热歌榜,酷狗TOP500,2026-10-06,233,雨蝶,李翊君,,3:51,C83424ACF417185057E278554B91D4C0,7549108,https://www.kugou.com/yy/rank/home/11-8888.html?from=rank
2026-10-06,2026-10-06T10:29:24+08:00,酷狗音乐,热歌榜,酷狗TOP500,2026-10-06,234,冻结,林俊杰,,4:49,AE291096B510F20B93D7D87DCBEF1E43,971150,https://www.kugou.com/yy/rank/home/11-8888.html?from=rank
2026-10-06,2026-10-06T10:29:24+08:00,酷狗音乐,热歌榜,酷狗TOP500,2026-10-06,235,你还要我怎样,薛之谦,,5:11,8C6AAC48FB5C3759042E4C8699544C6F,960327,https://www.kugou.com/yy/rank/home/11-8888.html?from=rank
2026-10-06,2026-10-06T10:29:24+08:00,酷狗音乐,热歌榜,酷狗TOP500,2026-10-06,236,无人之岛,任然,,4:45,8E568D8806F771607104D8BF9695ACE0,2916172,https://www.kugou.com/yy/rank/home/11-8888.html?from=rank
2026-10-06,2026-10-06T10:29:24+08:00,酷狗音乐,热歌榜,酷狗TOP500,2026-10-06,237,离歌,信乐团,,4:28,59CF0756AABF490875CEA51FEBCAACB5,981338,https://www.kugou.com/yy/rank/home/11-8888.html?from=rank
2026-10-06,2026-10-06T10:29:24+08:00,酷狗音乐,热歌榜,酷狗TOP500,2026-10-06,238,我走后,小咪,,4:08,00751DE0946619BCDE4A4E15397F2A15,22216764,https://www.kugou.com/yy/rank/home/11-8888.html?from=rank
2026-10-06,2026-10-06T10:29:24+08:00,酷狗音乐,热歌榜,酷狗TOP500,2026-10-06,239,喜欢你,G.E.M.邓紫棋,,3:59,426D6BC62A73DF288F55CB3FCA8D2A62,557512,https://www.kugou.com/yy/rank/home/11-8888.html?from=rank
2026-10-06,2026-10-06T10:29:24+08:00,酷狗音乐,热歌榜,酷狗TOP500,2026-10-06,240,一夜凉风起 人间又一秋,司徒兰芳,,3:59,C9C6F7705DF8E62CA0954652C86F8BBF,208894218,https://www.kugou.com/yy/rank/home/11-8888.html?from=rank
2026-10-06,2026-10-06T10:29:24+08:00,酷狗音乐,热歌榜,酷狗TOP500,2026-10-06,241,琵琶行,奇然、沈谧仁,,5:35,0AB355EF75A56A57E1790734B2E26ED9,2563381,https://www.kugou.com/yy/rank/home/11-8888.html?from=rank
2026-10-06,2026-10-06T10:29:24+08:00,酷狗音乐,热歌榜,酷狗TOP500,2026-10-06,242,那些年,胡夏,,6:11,95A46E232F3F0CFFDA7811B7D9C8E6C4,542864,https://www.kugou.com/yy/rank/home/11-8888.html?from=rank
2026-10-06,2026-10-06T10:29:24+08:00,酷狗音乐,热歌榜,酷狗TOP500,2026-10-06,243,忘情牛肉面,马健涛,,3:02,E9E3E3F40397839A715537F5AA5C93CE,32988895,https://www.kugou.com/yy/rank/home/12-8888.html?from=rank
2026-10-06,2026-10-06T10:29:24+08:00,酷狗音乐,热歌榜,酷狗TOP500,2026-10-06,244,同花顺,林倛玉,,3:57,87C979FC3CBA27D6345528A1BEF05477,8603846,https://www.kugou.com/yy/rank/home/12-8888.html?from=rank
2026-10-06,2026-10-06T10:29:24+08:00,酷狗音乐,热歌榜,酷狗TOP500,2026-10-06,245,你有没有真的爱过我 (对唱版),阿图表妹、寂寞阿图,,4:03,3C425FC4496E67468562CA377D7F2B23,190170015,https://www.kugou.com/yy/rank/home/12-8888.html?from=rank
2026-10-06,2026-10-06T10:29:24+08:00,酷狗音乐,热歌榜,酷狗TOP500,2026-10-06,246,瞬,郑润泽,,4:45,C06970FDB48E8E1F9BBC7577B7BC1938,75949211,https://www.kugou.com/yy/rank/home/12-8888.html?from=rank
2026-10-06,2026-10-06T10:29:24+08:00,酷狗音乐,热歌榜,酷狗TOP500,2026-10-06,247,忘了你忘了我,王杰,,4:38,95CBD367E98724883CA99874AD626446,962390,https://www.kugou.com/yy/rank/home/12-8888.html?from=rank
2026-10-06,2026-10-06T10:29:24+08:00,酷狗音乐,热歌榜,酷狗TOP500,2026-10-06,248,在你的身边,盛哲,,4:22,38698C9A8BB6637CDDE413C6E210FA54,4128050,https://www.kugou.com/yy/rank/home/12-8888.html?from=rank
2026-10-06,2026-10-06T10:29:24+08:00,酷狗音乐,热歌榜,酷狗TOP500,2026-10-06,249,遥远的不是爱,肖战,,3:02,AEC91B6DD57D04C5B8FFF1E52FBE304F,209339223,https://www.kugou.com/yy/rank/home/12-8888.html?from=rank
2026-10-06,2026-10-06T10:29:24+08:00,酷狗音乐,热歌榜,酷狗TOP500,2026-10-06,250,IF YOU,BIGBANG,,4:24,33C5FC6AB3AF0B5B142F12C9556CB178,549436,https://www.kugou.com/yy/rank/home/12-8888.html?from=rank
2026-10-06,2026-10-06T10:29:24+08:00,酷狗音乐,热歌榜,酷狗TOP500,2026-10-06,251,遗失的心跳,萧亚轩,,3:37,54C1A6E877BB37D052A86D4C41604FE7,521727,https://www.kugou.com/yy/rank/home/12-8888.html?from=rank
2026-10-06,2026-10-06T10:29:24+08:00,酷狗音乐,热歌榜,酷狗TOP500,2026-10-06,252,牵丝戏,银临、Aki阿杰,,3:59,5E7FF596F7D6021DA63AF36E91BECE4B,568968,https://www.kugou.com/yy/rank/home/12-8888.html?from=rank
2026-10-06,2026-10-06T10:29:24+08:00,酷狗音乐,热歌榜,酷狗TOP500,2026-10-06,253,最后一页,江语晨,,4:06,EF053996094A323B42C35195E9781A30,1596655,https://www.kugou.com/yy/rank/home/12-8888.html?from=rank
2026-10-06,2026-10-06T10:29:24+08:00,酷狗音乐,热歌榜,酷狗TOP500,2026-10-06,254,第一次爱的人,王心凌,,3:53,38539E18FBB3E9A8DFA84A892CA718F6,979891,https://www.kugou.com/yy/rank/home/12-8888.html?from=rank
2026-10-06,2026-10-06T10:29:24+08:00,酷狗音乐,热歌榜,酷狗TOP500,2026-10-06,255,后来的我们,五月天,,5:46,09120C11A5C376EC7D1640098FA70CDC,1748942,https://www.kugou.com/yy/rank/home/12-8888.html?from=rank
2026-10-06,2026-10-06T10:29:24+08:00,酷狗音乐,热歌榜,酷狗TOP500,2026-10-06,256,我听人说思念像风一样 (前世不欠，今生不见),顿珠拉姆、自游诗,,3:32,888FE08D95D95A235A86CD51EC68F80E,208776648,https://www.kugou.com/yy/rank/home/12-8888.html?from=rank
2026-10-06,2026-10-06T10:29:24+08:00,酷狗音乐,热歌榜,酷狗TOP500,2026-10-06,257,Beauty And A Beat,Justin Bieber、Nicki Minaj,,3:47,FF5719341A9B004AA3E7312D617AE305,16996733,https://www.kugou.com/yy/rank/home/12-8888.html?from=rank
2026-10-06,2026-10-06T10:29:24+08:00,酷狗音乐,热歌榜,酷狗TOP500,2026-10-06,258,莫伤怀,藏族次仁大叔,,3:27,475C02A75D74F13BD1A0B711A9A3F465,208296519,https://www.kugou.com/yy/rank/home/12-8888.html?from=rank
2026-10-06,2026-10-06T10:29:24+08:00,酷狗音乐,热歌榜,酷狗TOP500,2026-10-06,259,时间会回答,DJ小虾米,,3:04,4EA1C2242BE0B2D484B3B08577378179,207903400,https://www.kugou.com/yy/rank/home/12-8888.html?from=rank
2026-10-06,2026-10-06T10:29:24+08:00,酷狗音乐,热歌榜,酷狗TOP500,2026-10-06,260,谦让,王靖雯,,4:07,C9BE6B3B0E04E9AEB8CDA9568C8B7EE4,96383965,https://www.kugou.com/yy/rank/home/12-8888.html?from=rank
2026-10-06,2026-10-06T10:29:24+08:00,酷狗音乐,热歌榜,酷狗TOP500,2026-10-06,261,Creepin' up on You,Darren Hayes,,4:53,6348CF4041BEE19FAD536C563C32695A,1593407,https://www.kugou.com/yy/rank/home/12-8888.html?from=rank
2026-10-06,2026-10-06T10:29:24+08:00,酷狗音乐,热歌榜,酷狗TOP500,2026-10-06,262,勋章,鹿晗,,3:34,6FB3EB3F13CD64DF6E9784F6E487BAB1,2059004,https://www.kugou.com/yy/rank/home/12-8888.html?from=rank
2026-10-06,2026-10-06T10:29:24+08:00,酷狗音乐,热歌榜,酷狗TOP500,2026-10-06,263,淘汰,陈奕迅,,4:45,90C64A1FB2F32663FA8037D847AABB57,962514,https://www.kugou.com/yy/rank/home/12-8888.html?from=rank
2026-10-06,2026-10-06T10:29:24+08:00,酷狗音乐,热歌榜,酷狗TOP500,2026-10-06,264,不该 (with aMEI),周杰伦、张惠妹,,4:51,FCF336E81DA45A8E696032FFC1708175,1645030,https://www.kugou.com/yy/rank/home/12-8888.html?from=rank
2026-10-06,2026-10-06T10:29:24+08:00,酷狗音乐,热歌榜,酷狗TOP500,2026-10-06,265,爱情转移,陈奕迅,,4:19,A549238FA1B05EABE841DFE110899647,962514,https://www.kugou.com/yy/rank/home/13-8888.html?from=rank
2026-10-06,2026-10-06T10:29:24+08:00,酷狗音乐,热歌榜,酷狗TOP500,2026-10-06,266,爱乐之城 (lalaland钢琴间奏),Kam Ridr,,2:23,CD862B1A4D425C39F2AA7B09F2A0E139,179222828,https://www.kugou.com/yy/rank/home/13-8888.html?from=rank
2026-10-06,2026-10-06T10:29:24+08:00,酷狗音乐,热歌榜,酷狗TOP500,2026-10-06,267,简单爱,周杰伦,,4:30,6E44CE19BE5872384FA184B995CCE23B,958706,https://www.kugou.com/yy/rank/home/13-8888.html?from=rank
2026-10-06,2026-10-06T10:29:24+08:00,酷狗音乐,热歌榜,酷狗TOP500,2026-10-06,268,我不该动情,老板,,3:57,DFA780605FE78F1572761712931024A7,197593768,https://www.kugou.com/yy/rank/home/13-8888.html?from=rank
2026-10-06,2026-10-06T10:29:24+08:00,酷狗音乐,热歌榜,酷狗TOP500,2026-10-06,269,冷夜,陈默之,,4:07,DC939521FA5F5736A33765D56B90E03C,84595635,https://www.kugou.com/yy/rank/home/13-8888.html?from=rank
2026-10-06,2026-10-06T10:29:24+08:00,酷狗音乐,热歌榜,酷狗TOP500,2026-10-06,270,爱我还是他,陶喆,,4:52,99BB8912A33F263BA28381DE8F52BFE6,7547427,https://www.kugou.com/yy/rank/home/13-8888.html?from=rank
2026-10-06,2026-10-06T10:29:24+08:00,酷狗音乐,热歌榜,酷狗TOP500,2026-10-06,271,就是爱你,陶喆,,4:24,43485D7A650AFF532E5ECF24D7FB6381,7547427,https://www.kugou.com/yy/rank/home/13-8888.html?from=rank
2026-10-06,2026-10-06T10:29:24+08:00,酷狗音乐,热歌榜,酷狗TOP500,2026-10-06,272,山歌追上云朵,央金拉姆,,3:35,B81F368C6B44B98B0E2B4E9F417F1002,193932928,https://www.kugou.com/yy/rank/home/13-8888.html?from=rank
2026-10-06,2026-10-06T10:29:24+08:00,酷狗音乐,热歌榜,酷狗TOP500,2026-10-06,273,撕夜,阿杜,,4:39,F4654DA8D595995AA50EC54232E1D525,963634,https://www.kugou.com/yy/rank/home/13-8888.html?from=rank
2026-10-06,2026-10-06T10:29:24+08:00,酷狗音乐,热歌榜,酷狗TOP500,2026-10-06,274,有我呢,郭一凡,,4:35,8E21C8F3484FB56833F563754A05CB25,32452531,https://www.kugou.com/yy/rank/home/13-8888.html?from=rank
2026-10-06,2026-10-06T10:29:24+08:00,酷狗音乐,热歌榜,酷狗TOP500,2026-10-06,275,空心 (Live),黄霄雲、刘端端,,4:55,6F74F7B3D9B87CA771573ABD27B2A820,199810791,https://www.kugou.com/yy/rank/home/13-8888.html?from=rank
2026-10-06,2026-10-06T10:29:24+08:00,酷狗音乐,热歌榜,酷狗TOP500,2026-10-06,276,等你下课 (with 杨瑞代),周杰伦,,4:30,5D043EC8BF78A185A01CC45A6032DE1F,58849245,https://www.kugou.com/yy/rank/home/13-8888.html?from=rank
2026-10-06,2026-10-06T10:29:24+08:00,酷狗音乐,热歌榜,酷狗TOP500,2026-10-06,277,冬天的秘密,周传雄,,4:33,1088AEEAB9674A49F8067DCDEB1FC1EE,982655,https://www.kugou.com/yy/rank/home/13-8888.html?from=rank
2026-10-06,2026-10-06T10:29:24+08:00,酷狗音乐,热歌榜,酷狗TOP500,2026-10-06,278,明明就,周杰伦,,4:20,D85C14E02008B7A2F97D55CDC29C2221,982051,https://www.kugou.com/yy/rank/home/13-8888.html?from=rank
2026-10-06,2026-10-06T10:29:24+08:00,酷狗音乐,热歌榜,酷狗TOP500,2026-10-06,279,真的爱你,BEYOND,,4:35,C46916711631EA28508A41C325A74E1B,971451,https://www.kugou.com/yy/rank/home/13-8888.html?from=rank
2026-10-06,2026-10-06T10:29:24+08:00,酷狗音乐,热歌榜,酷狗TOP500,2026-10-06,280,寂寞沙洲冷,周传雄,,4:35,36A4F5EAA748324A5D509D8EDC47699F,984377,https://www.kugou.com/yy/rank/home/13-8888.html?from=rank
2026-10-06,2026-10-06T10:29:24+08:00,酷狗音乐,热歌榜,酷狗TOP500,2026-10-06,281,初恋情人,刘小慧,,4:40,24BD04781E52FE8E7FAB2A6452D85320,532546,https://www.kugou.com/yy/rank/home/13-8888.html?from=rank
2026-10-06,2026-10-06T10:29:24+08:00,酷狗音乐,热歌榜,酷狗TOP500,2026-10-06,282,时间能不能走慢点 (青春别散场live大合唱版),Lee 木子,,3:56,0E82477B4256D8DC3C620F762606C16A,204235408,https://www.kugou.com/yy/rank/home/13-8888.html?from=rank
2026-10-06,2026-10-06T10:29:24+08:00,酷狗音乐,热歌榜,酷狗TOP500,2026-10-06,283,空心,光泽,,4:39,4465EE613CC3CF7DCF9448F8ACFED1CA,4141939,https://www.kugou.com/yy/rank/home/13-8888.html?from=rank
2026-10-06,2026-10-06T10:29:24+08:00,酷狗音乐,热歌榜,酷狗TOP500,2026-10-06,284,疑心病,任然,,4:52,030BE0EE70580141E406B90363A08494,1006462,https://www.kugou.com/yy/rank/home/13-8888.html?from=rank
2026-10-06,2026-10-06T10:29:24+08:00,酷狗音乐,热歌榜,酷狗TOP500,2026-10-06,285,平凡之路,朴树,,5:01,2BE5DE80E68B3346918D38CF7527D979,2944963,https://www.kugou.com/yy/rank/home/13-8888.html?from=rank
2026-10-06,2026-10-06T10:29:24+08:00,酷狗音乐,热歌榜,酷狗TOP500,2026-10-06,286,月声尽，心灯明,鸣潮先约电台、jixwang、Cassie Wei,,4:14,ED0A26B571E6024F9B752787BE32D681,209449720,https://www.kugou.com/yy/rank/home/13-8888.html?from=rank
2026-10-06,2026-10-06T10:29:24+08:00,酷狗音乐,热歌榜,酷狗TOP500,2026-10-06,287,起风了,买辣椒也用券,,5:26,5C035CBF390FEF6B536020A57749EF70,53218722,https://www.kugou.com/yy/rank/home/14-8888.html?from=rank
2026-10-06,2026-10-06T10:29:24+08:00,酷狗音乐,热歌榜,酷狗TOP500,2026-10-06,288,你就不要想起我,田馥甄,,4:41,33E67CD9B775093E93CBABBD649DF087,965595,https://www.kugou.com/yy/rank/home/14-8888.html?from=rank
2026-10-06,2026-10-06T10:29:24+08:00,酷狗音乐,热歌榜,酷狗TOP500,2026-10-06,289,潮汐 (Natural),傅梦彤,,2:49,A4713521E4754B8ED3F09AF1E41756E5,39769270,https://www.kugou.com/yy/rank/home/14-8888.html?from=rank
2026-10-06,2026-10-06T10:29:24+08:00,酷狗音乐,热歌榜,酷狗TOP500,2026-10-06,290,好久不见,陈奕迅,,4:11,8E1DDAF172D9C60A28C19358B07BFBF8,962514,https://www.kugou.com/yy/rank/home/14-8888.html?from=rank
2026-10-06,2026-10-06T10:29:24+08:00,酷狗音乐,热歌榜,酷狗TOP500,2026-10-06,291,甲乙丙丁,七分可可,,3:48,0B96FEEB51604A6904899D0C618F446D,197347781,https://www.kugou.com/yy/rank/home/14-8888.html?from=rank
2026-10-06,2026-10-06T10:29:24+08:00,酷狗音乐,热歌榜,酷狗TOP500,2026-10-06,292,冲动的惩罚,刀郎,,7:54,84073718AE6A82366444C3B5AE526FAC,964521,https://www.kugou.com/yy/rank/home/14-8888.html?from=rank
2026-10-06,2026-10-06T10:29:24+08:00,酷狗音乐,热歌榜,酷狗TOP500,2026-10-06,293,写给黄淮 (Live),邵帅,,6:49,56CA5E49436D42D4F9F246FBF2B77B94,36751557,https://www.kugou.com/yy/rank/home/14-8888.html?from=rank
2026-10-06,2026-10-06T10:29:24+08:00,酷狗音乐,热歌榜,酷狗TOP500,2026-10-06,294,麦恩莉,方大同,,4:48,3A08C7B067EC2E9B552AB8664490FCEB,971920,https://www.kugou.com/yy/rank/home/14-8888.html?from=rank
2026-10-06,2026-10-06T10:29:24+08:00,酷狗音乐,热歌榜,酷狗TOP500,2026-10-06,295,虚拟,陈粒,,4:01,AEF0740270FE89918F07807C8D669FB7,1749208,https://www.kugou.com/yy/rank/home/14-8888.html?from=rank
2026-10-06,2026-10-06T10:29:24+08:00,酷狗音乐,热歌榜,酷狗TOP500,2026-10-06,296,不浪漫罪名,王杰,,4:48,4255D3F001B95B07F2D5BE330D14A780,503247,https://www.kugou.com/yy/rank/home/14-8888.html?from=rank
2026-10-06,2026-10-06T10:29:24+08:00,酷狗音乐,热歌榜,酷狗TOP500,2026-10-06,297,阳光下的星星,金海心,,4:44,8B60D8B58137C2D256DAA71B9D84C046,1738155,https://www.kugou.com/yy/rank/home/14-8888.html?from=rank
2026-10-06,2026-10-06T10:29:24+08:00,酷狗音乐,热歌榜,酷狗TOP500,2026-10-06,298,愿与愁,林俊杰,,3:52,4A2A7260442B0A5D5F17295F1DD7241B,71681690,https://www.kugou.com/yy/rank/home/14-8888.html?from=rank
2026-10-06,2026-10-06T10:29:24+08:00,酷狗音乐,热歌榜,酷狗TOP500,2026-10-06,299,玫瑰花的葬礼,许嵩,,4:21,0A335E9374392B72E5965D8F6165E564,1968878,https://www.kugou.com/yy/rank/home/14-8888.html?from=rank
2026-10-06,2026-10-06T10:29:24+08:00,酷狗音乐,热歌榜,酷狗TOP500,2026-10-06,300,珊瑚海,周杰伦、Lara梁心颐,,4:16,90E34F0C582168E7EA857915771AB220,958909,https://www.kugou.com/yy/rank/home/14-8888.html?from=rank
2026-10-06,2026-10-06T10:29:24+08:00,酷狗音乐,热歌榜,酷狗TOP500,2026-10-06,301,不再犹豫,BEYOND,,4:15,C477FE5B38147B7522DFCF3DC5BB8A6B,8176296,https://www.kugou.com/yy/rank/home/14-8888.html?from=rank
2026-10-06,2026-10-06T10:29:24+08:00,酷狗音乐,热歌榜,酷狗TOP500,2026-10-06,302,下雨天,南拳妈妈,,4:13,947127F991A6A4FF77C89779E6B25AF4,983794,https://www.kugou.com/yy/rank/home/14-8888.html?from=rank
2026-10-06,2026-10-06T10:29:24+08:00,酷狗音乐,热歌榜,酷狗TOP500,2026-10-06,303,人间共鸣,李健,,4:19,C9A5658204BD4E941F3DB2FB132D4968,176253415,https://www.kugou.com/yy/rank/home/14-8888.html?from=rank
2026-10-06,2026-10-06T10:29:24+08:00,酷狗音乐,热歌榜,酷狗TOP500,2026-10-06,304,默,那英,,5:26,E154060676D6BDFEF0AF092E64492D6F,547706,https://www.kugou.com/yy/rank/home/14-8888.html?from=rank
2026-10-06,2026-10-06T10:29:24+08:00,酷狗音乐,热歌榜,酷狗TOP500,2026-10-06,305,天若有情,A-Lin,,4:17,2E6CE4E79982AE2119A69C1D30537EA2,1805426,https://www.kugou.com/yy/rank/home/14-8888.html?from=rank
2026-10-06,2026-10-06T10:29:24+08:00,酷狗音乐,热歌榜,酷狗TOP500,2026-10-06,306,暧昧,薛之谦,,5:12,B3A4E466F13F44FA0B91FA4EB8E6DECA,7818079,https://www.kugou.com/yy/rank/home/14-8888.html?from=rank
2026-10-06,2026-10-06T10:29:24+08:00,酷狗音乐,热歌榜,酷狗TOP500,2026-10-06,307,后会无期,汪苏泷、徐良,,3:32,5F86140467A73FBF9C4F339F7B9AFC2C,511536,https://www.kugou.com/yy/rank/home/14-8888.html?from=rank
2026-10-06,2026-10-06T10:29:24+08:00,酷狗音乐,热歌榜,酷狗TOP500,2026-10-06,308,夜间巡航 (忧郁版),缘似雨.,,2:22,4666A42F16E05177D254B5AF8367BE46,207701563,https://www.kugou.com/yy/rank/home/14-8888.html?from=rank
2026-10-06,2026-10-06T10:29:24+08:00,酷狗音乐,热歌榜,酷狗TOP500,2026-10-06,309,一样的月光,徐佳莹,,4:00,E470A579E87A5436E68FAA51AD18A379,972101,https://www.kugou.com/yy/rank/home/15-8888.html?from=rank
2026-10-06,2026-10-06T10:29:24+08:00,酷狗音乐,热歌榜,酷狗TOP500,2026-10-06,310,怎么说我不爱你,萧敬腾,,4:35,30A31A94C77268C92886E00D912AC03B,958893,https://www.kugou.com/yy/rank/home/15-8888.html?from=rank
2026-10-06,2026-10-06T10:29:24+08:00,酷狗音乐,热歌榜,酷狗TOP500,2026-10-06,311,少一点天份,孙盛希,,4:35,FFD1F05E5D06A1DDFAEDFE6A3379A271,566029,https://www.kugou.com/yy/rank/home/15-8888.html?from=rank
2026-10-06,2026-10-06T10:29:24+08:00,酷狗音乐,热歌榜,酷狗TOP500,2026-10-06,312,就忘了吧+言不由衷+不如+醒不来的梦+我会等 (青春遗憾万人live合唱版),艾利（Ellie）、7paste、克里、夏莉依,,4:16,74640780EE99A1528F8A33816EE6B75F,203957635,https://www.kugou.com/yy/rank/home/15-8888.html?from=rank
2026-10-06,2026-10-06T10:29:24+08:00,酷狗音乐,热歌榜,酷狗TOP500,2026-10-06,313,我知我,阿卜,,3:25,92E856367679EFAFA2918F19B9BEC278,209417665,https://www.kugou.com/yy/rank/home/15-8888.html?from=rank
2026-10-06,2026-10-06T10:29:24+08:00,酷狗音乐,热歌榜,酷狗TOP500,2026-10-06,314,倒数,G.E.M.邓紫棋,,3:49,65945C4D6FB03D7997AE133C9BE5715D,9373625,https://www.kugou.com/yy/rank/home/15-8888.html?from=rank
2026-10-06,2026-10-06T10:29:24+08:00,酷狗音乐,热歌榜,酷狗TOP500,2026-10-06,315,一个人想着一个人,曾沛慈,,4:04,C9148675D85D3C2B306E966000BC5ABD,542900,https://www.kugou.com/yy/rank/home/15-8888.html?from=rank
2026-10-06,2026-10-06T10:29:24+08:00,酷狗音乐,热歌榜,酷狗TOP500,2026-10-06,316,西厢寻他,伯爵Johnny、唐伯虎Annie,,3:44,2B657B5B5D781C1A61D7E0D1F5E2DE22,53205523,https://www.kugou.com/yy/rank/home/15-8888.html?from=rank
2026-10-06,2026-10-06T10:29:24+08:00,酷狗音乐,热歌榜,酷狗TOP500,2026-10-06,317,秋风一吹又老一岁 (烟嗓版),烟嗓船长,,3:03,273FDF37B3B18A443C4398C19993EC90,206655582,https://www.kugou.com/yy/rank/home/15-8888.html?from=rank
2026-10-06,2026-10-06T10:29:24+08:00,酷狗音乐,热歌榜,酷狗TOP500,2026-10-06,318,开不了口,周杰伦,,4:44,32DD461A82439D4B75E87ECC3F047E6A,958706,https://www.kugou.com/yy/rank/home/15-8888.html?from=rank
2026-10-06,2026-10-06T10:29:24+08:00,酷狗音乐,热歌榜,酷狗TOP500,2026-10-06,319,红豆,王菲,,4:16,AEF916A18BAAE9C8E7807179C8DA64D1,960812,https://www.kugou.com/yy/rank/home/15-8888.html?from=rank
2026-10-06,2026-10-06T10:29:24+08:00,酷狗音乐,热歌榜,酷狗TOP500,2026-10-06,320,三国恋,Tank,,4:06,1325E661C6044048943A8D7D417ED280,966742,https://www.kugou.com/yy/rank/home/15-8888.html?from=rank
2026-10-06,2026-10-06T10:29:24+08:00,酷狗音乐,热歌榜,酷狗TOP500,2026-10-06,321,是我不够好,李毓芬,,3:37,2B152C85BA2B73CBC79EA722928EF425,1590098,https://www.kugou.com/yy/rank/home/15-8888.html?from=rank
2026-10-06,2026-10-06T10:29:24+08:00,酷狗音乐,热歌榜,酷狗TOP500,2026-10-06,322,倒带,蔡依林,,4:26,446507D2332BC3F263596363A97C6E95,976925,https://www.kugou.com/yy/rank/home/15-8888.html?from=rank
2026-10-06,2026-10-06T10:29:24+08:00,酷狗音乐,热歌榜,酷狗TOP500,2026-10-06,323,短发女孩 (她留短发淡的妆),Zzh、白允y,,2:23,777C7211715D4FC9FB3ADB928F4F7F94,204981235,https://www.kugou.com/yy/rank/home/15-8888.html?from=rank
2026-10-06,2026-10-06T10:29:24+08:00,酷狗音乐,热歌榜,酷狗TOP500,2026-10-06,324,我的秘密,G.E.M.邓紫棋,,4:12,7FBB35DEDD24B54A8F0D895C7F61D04C,976561,https://www.kugou.com/yy/rank/home/15-8888.html?from=rank
2026-10-06,2026-10-06T10:29:24+08:00,酷狗音乐,热歌榜,酷狗TOP500,2026-10-06,325,金玉良缘,李琦,,3:40,75EA10E7339DA290A5D3AA707C4E2713,535893,https://www.kugou.com/yy/rank/home/15-8888.html?from=rank
2026-10-06,2026-10-06T10:29:24+08:00,酷狗音乐,热歌榜,酷狗TOP500,2026-10-06,326,爱在西元前,周杰伦,,3:54,66B756FB1331807B032EF97F7BA9948E,958706,https://www.kugou.com/yy/rank/home/15-8888.html?from=rank
2026-10-06,2026-10-06T10:29:24+08:00,酷狗音乐,热歌榜,酷狗TOP500,2026-10-06,327,恶作剧,王蓝茵,,3:47,05B893FC78627C3F5635491BBB35167E,720564,https://www.kugou.com/yy/rank/home/15-8888.html?from=rank
2026-10-06,2026-10-06T10:29:24+08:00,酷狗音乐,热歌榜,酷狗TOP500,2026-10-06,328,读心术,卓文萱,,4:20,3F98A771F8F33556966A9990F66D95C4,965920,https://www.kugou.com/yy/rank/home/15-8888.html?from=rank
2026-10-06,2026-10-06T10:29:24+08:00,酷狗音乐,热歌榜,酷狗TOP500,2026-10-06,329,枪火 (相对那就针锋相对),宝石Gem,,3:18,76923758046CB591DC9556D1FB69D976,154798334,https://www.kugou.com/yy/rank/home/15-8888.html?from=rank
2026-10-06,2026-10-06T10:29:24+08:00,酷狗音乐,热歌榜,酷狗TOP500,2026-10-06,330,天际,洋澜一,,5:46,DEAE9D1FC61F4810A0C15AA9CFD83722,76611526,https://www.kugou.com/yy/rank/home/15-8888.html?from=rank
2026-10-06,2026-10-06T10:29:24+08:00,酷狗音乐,热歌榜,酷狗TOP500,2026-10-06,331,断点,张敬轩,,4:28,2C2A571D91FF7BF6FE814887FFA7E592,2996592,https://www.kugou.com/yy/rank/home/16-8888.html?from=rank
2026-10-06,2026-10-06T10:29:24+08:00,酷狗音乐,热歌榜,酷狗TOP500,2026-10-06,332,そばにいるね (留在我身边),青山テルマ、SoulJa,,5:00,15ECAE5528C7B8E085423F27AA07E63A,16051946,https://www.kugou.com/yy/rank/home/16-8888.html?from=rank
2026-10-06,2026-10-06T10:29:24+08:00,酷狗音乐,热歌榜,酷狗TOP500,2026-10-06,333,小美满,周深,,3:34,04A21DB1AB3C8E0D1D8F51F11BDB03A1,83112420,https://www.kugou.com/yy/rank/home/16-8888.html?from=rank
2026-10-06,2026-10-06T10:29:24+08:00,酷狗音乐,热歌榜,酷狗TOP500,2026-10-06,334,你的样子 (烟嗓版),十一经典老歌,,3:17,9CF9C5DDBC66437ED5BF2EDB46FF94D8,193387171,https://www.kugou.com/yy/rank/home/16-8888.html?from=rank
2026-10-06,2026-10-06T10:29:24+08:00,酷狗音乐,热歌榜,酷狗TOP500,2026-10-06,335,走走,李荣浩,,5:04,0BD5B6F56CED35BB3380425EC02E1098,106374641,https://www.kugou.com/yy/rank/home/16-8888.html?from=rank
2026-10-06,2026-10-06T10:29:24+08:00,酷狗音乐,热歌榜,酷狗TOP500,2026-10-06,336,有点甜,汪苏泷、BY2,,3:55,99CFDC717FEB7DABCD8A6392D821FC08,516425,https://www.kugou.com/yy/rank/home/16-8888.html?from=rank
2026-10-06,2026-10-06T10:29:24+08:00,酷狗音乐,热歌榜,酷狗TOP500,2026-10-06,337,街角的晚风 (烟嗓R&B版),落日微醺,,3:56,D636D97870D4098ACD3C317BFFDA03D9,196517616,https://www.kugou.com/yy/rank/home/16-8888.html?from=rank
2026-10-06,2026-10-06T10:29:24+08:00,酷狗音乐,热歌榜,酷狗TOP500,2026-10-06,338,求佛,誓言,,4:46,7B7140B23A836DC6EE63B6CD48482402,7614,https://www.kugou.com/yy/rank/home/16-8888.html?from=rank
2026-10-06,2026-10-06T10:29:24+08:00,酷狗音乐,热歌榜,酷狗TOP500,2026-10-06,339,感谢你曾来过,Ayo97、周思涵,,4:10,39DCBBDCB0B377628BEF5FD48EF01254,9101627,https://www.kugou.com/yy/rank/home/16-8888.html?from=rank
2026-10-06,2026-10-06T10:29:24+08:00,酷狗音乐,热歌榜,酷狗TOP500,2026-10-06,340,还是分开 (Acoustic Version),张叶蕾,,3:49,CCB537741E41A89D63810C75D50BCFE6,130014024,https://www.kugou.com/yy/rank/home/16-8888.html?from=rank
2026-10-06,2026-10-06T10:29:24+08:00,酷狗音乐,热歌榜,酷狗TOP500,2026-10-06,341,是你没选我啊,于冬然,,3:22,885046DF8380B7506A6B12EC8F6E201D,176303736,https://www.kugou.com/yy/rank/home/16-8888.html?from=rank
2026-10-06,2026-10-06T10:29:24+08:00,酷狗音乐,热歌榜,酷狗TOP500,2026-10-06,342,不得不爱,潘玮柏、弦子,,4:41,8F9E3FD474EA612C61EB20D1415767BF,972809,https://www.kugou.com/yy/rank/home/16-8888.html?from=rank
2026-10-06,2026-10-06T10:29:24+08:00,酷狗音乐,热歌榜,酷狗TOP500,2026-10-06,343,跨不过的距离,虎二,,4:31,FED5892036FBD176F6FEAE973C565E59,38209191,https://www.kugou.com/yy/rank/home/16-8888.html?from=rank
2026-10-06,2026-10-06T10:29:24+08:00,酷狗音乐,热歌榜,酷狗TOP500,2026-10-06,344,你这坏坏的扑街仔 (偏偏爱上你这笨脑袋)(对唱版),马耀火、金禾安,,3:02,4C04BB8F9C9F93D4E0325BF625F11BEC,203511794,https://www.kugou.com/yy/rank/home/16-8888.html?from=rank
2026-10-06,2026-10-06T10:29:24+08:00,酷狗音乐,热歌榜,酷狗TOP500,2026-10-06,345,弯弯的月亮,刘欢,,5:08,8C6E5E220011AB0FF5559CFC88350DA2,2512664,https://www.kugou.com/yy/rank/home/16-8888.html?from=rank
2026-10-06,2026-10-06T10:29:24+08:00,酷狗音乐,热歌榜,酷狗TOP500,2026-10-06,346,胆小鬼,梁咏琪,,4:21,E68B94742750691AE00B1D4303818B1F,2822245,https://www.kugou.com/yy/rank/home/16-8888.html?from=rank
2026-10-06,2026-10-06T10:29:24+08:00,酷狗音乐,热歌榜,酷狗TOP500,2026-10-06,347,想你的夜,关喆,,4:25,1404A292A6E122C99696BDFF04CE982F,963737,https://www.kugou.com/yy/rank/home/16-8888.html?from=rank
2026-10-06,2026-10-06T10:29:24+08:00,酷狗音乐,热歌榜,酷狗TOP500,2026-10-06,348,美丽的神话,孙楠、韩红,,4:52,877281C8E094A848F022BCAAA76945CB,964166,https://www.kugou.com/yy/rank/home/16-8888.html?from=rank
2026-10-06,2026-10-06T10:29:24+08:00,酷狗音乐,热歌榜,酷狗TOP500,2026-10-06,349,逆风的船 (看那朝阳爬过了山峦),蓝波,,3:16,0FC1FA099A3F6984C1C1D4EC211D5A7B,199831134,https://www.kugou.com/yy/rank/home/16-8888.html?from=rank
2026-10-06,2026-10-06T10:29:24+08:00,酷狗音乐,热歌榜,酷狗TOP500,2026-10-06,350,情人,蔡徐坤,,3:15,120F234213ACB64E202B391612D5D9CA,37760326,https://www.kugou.com/yy/rank/home/16-8888.html?from=rank
2026-10-06,2026-10-06T10:29:24+08:00,酷狗音乐,热歌榜,酷狗TOP500,2026-10-06,351,假装快乐,呆呆破,,4:09,64E79DB11E571AE18B6CC093A69ED4BC,45381876,https://www.kugou.com/yy/rank/home/16-8888.html?from=rank
2026-10-06,2026-10-06T10:29:24+08:00,酷狗音乐,热歌榜,酷狗TOP500,2026-10-06,352,time machine (feat. aren park)(Original Mix),mj apanay、aren park,,3:46,6FC23D8694067908061BB145B6DFCB87,100264848,https://www.kugou.com/yy/rank/home/16-8888.html?from=rank
2026-10-06,2026-10-06T10:29:24+08:00,酷狗音乐,热歌榜,酷狗TOP500,2026-10-06,353,像风一样,薛之谦,,4:15,ACC9BB4136622B3E2BA561B87FFF00D9,7818079,https://www.kugou.com/yy/rank/home/17-8888.html?from=rank
2026-10-06,2026-10-06T10:29:24+08:00,酷狗音乐,热歌榜,酷狗TOP500,2026-10-06,354,单身情歌,林志炫,,4:35,ACD27A452FE3D0348D38540762DA7BEB,971171,https://www.kugou.com/yy/rank/home/17-8888.html?from=rank
2026-10-06,2026-10-06T10:29:24+08:00,酷狗音乐,热歌榜,酷狗TOP500,2026-10-06,355,别怕我伤心,张信哲,,4:47,976677A739F25908591FA822CB1F1DF3,538030,https://www.kugou.com/yy/rank/home/17-8888.html?from=rank
2026-10-06,2026-10-06T10:29:24+08:00,酷狗音乐,热歌榜,酷狗TOP500,2026-10-06,356,句号,G.E.M.邓紫棋,,3:56,0EC0DFE7A4090B3C5C2C1831D7F3ED51,35503028,https://www.kugou.com/yy/rank/home/17-8888.html?from=rank
2026-10-06,2026-10-06T10:29:24+08:00,酷狗音乐,热歌榜,酷狗TOP500,2026-10-06,357,大海,张雨生,,4:40,BF8252BEAE57AEB53490145CA8E81BB4,967705,https://www.kugou.com/yy/rank/home/17-8888.html?from=rank
2026-10-06,2026-10-06T10:29:24+08:00,酷狗音乐,热歌榜,酷狗TOP500,2026-10-06,358,意外,薛之谦,,4:52,04E0EDE41EA3CCFF76C04F414E1D03A7,960327,https://www.kugou.com/yy/rank/home/17-8888.html?from=rank
2026-10-06,2026-10-06T10:29:24+08:00,酷狗音乐,热歌榜,酷狗TOP500,2026-10-06,359,暖一杯茶,邵帅,,4:03,26A9B8C6480C22BC4342F22CB897E760,23061596,https://www.kugou.com/yy/rank/home/17-8888.html?from=rank
2026-10-06,2026-10-06T10:29:24+08:00,酷狗音乐,热歌榜,酷狗TOP500,2026-10-06,360,坠落,蔡健雅,,4:10,233254CB517BAA74387361C2158519DA,974379,https://www.kugou.com/yy/rank/home/17-8888.html?from=rank
2026-10-06,2026-10-06T10:29:24+08:00,酷狗音乐,热歌榜,酷狗TOP500,2026-10-06,361,我落泪情绪零碎,周杰伦,,4:18,27943EB1CBD46F7BB165B054CE6EBDC8,958812,https://www.kugou.com/yy/rank/home/17-8888.html?from=rank
2026-10-06,2026-10-06T10:29:24+08:00,酷狗音乐,热歌榜,酷狗TOP500,2026-10-06,362,一万个理由,郑源,,4:25,6BE0597021C8E5E3D7A9AE5FB782947A,977094,https://www.kugou.com/yy/rank/home/17-8888.html?from=rank
2026-10-06,2026-10-06T10:29:24+08:00,酷狗音乐,热歌榜,酷狗TOP500,2026-10-06,363,哼着你爱听的歌 (女版),田园,,3:20,37B0685181098FB8427291594EDBC8CD,162686180,https://www.kugou.com/yy/rank/home/17-8888.html?from=rank
2026-10-06,2026-10-06T10:29:24+08:00,酷狗音乐,热歌榜,酷狗TOP500,2026-10-06,364,雨天,孙燕姿,,4:02,9077648AA3ABA06B76FD7569FB715EAF,4075477,https://www.kugou.com/yy/rank/home/17-8888.html?from=rank
2026-10-06,2026-10-06T10:29:24+08:00,酷狗音乐,热歌榜,酷狗TOP500,2026-10-06,365,再见只是陌生人,庄心妍,,4:12,67F2E5F1B47C2B86E201518FD24D9831,556403,https://www.kugou.com/yy/rank/home/17-8888.html?from=rank
2026-10-06,2026-10-06T10:29:24+08:00,酷狗音乐,热歌榜,酷狗TOP500,2026-10-06,366,互删 (我走以后),江辰,,3:31,94A0B604F7D4BC7C2338C38D10A2AF1C,204994142,https://www.kugou.com/yy/rank/home/17-8888.html?from=rank
2026-10-06,2026-10-06T10:29:24+08:00,酷狗音乐,热歌榜,酷狗TOP500,2026-10-06,367,Copines,Aya Nakamura,,2:52,1CDA977A7FC0BCCC23BC7DF4D0194389,39155596,https://www.kugou.com/yy/rank/home/17-8888.html?from=rank
2026-10-06,2026-10-06T10:29:24+08:00,酷狗音乐,热歌榜,酷狗TOP500,2026-10-06,368,广东爱情故事,广东雨神,,3:34,7A2956668C7D5393FF16AD930C23F2FD,4162049,https://www.kugou.com/yy/rank/home/17-8888.html?from=rank
2026-10-06,2026-10-06T10:29:24+08:00,酷狗音乐,热歌榜,酷狗TOP500,2026-10-06,369,他真的对你好吗,付豪,,4:18,B1B875147F45355FF807402402F5B573,55501876,https://www.kugou.com/yy/rank/home/17-8888.html?from=rank
2026-10-06,2026-10-06T10:29:24+08:00,酷狗音乐,热歌榜,酷狗TOP500,2026-10-06,370,葡萄成熟时,陈奕迅,,4:37,FDEEA17B3BAD24C0C88E4D45F71F1946,968210,https://www.kugou.com/yy/rank/home/17-8888.html?from=rank
2026-10-06,2026-10-06T10:29:24+08:00,酷狗音乐,热歌榜,酷狗TOP500,2026-10-06,371,山风山风等等我 (合唱版),万海东、人生感悟、吴章磊、天雯,,3:29,509AB53405C872C7A81200CDF2F3F11A,204486191,https://www.kugou.com/yy/rank/home/17-8888.html?from=rank
2026-10-06,2026-10-06T10:29:24+08:00,酷狗音乐,热歌榜,酷狗TOP500,2026-10-06,372,夜空中最亮的星,逃跑计划,,4:12,766877C1D3DD28BE7546506922EA17D7,961718,https://www.kugou.com/yy/rank/home/17-8888.html?from=rank
2026-10-06,2026-10-06T10:29:24+08:00,酷狗音乐,热歌榜,酷狗TOP500,2026-10-06,373,女孩,韦礼安,,5:06,A0701AE5A100E543DE602E75C64A7424,1766500,https://www.kugou.com/yy/rank/home/17-8888.html?from=rank
2026-10-06,2026-10-06T10:29:24+08:00,酷狗音乐,热歌榜,酷狗TOP500,2026-10-06,374,老人与海,海鸣威、吴琼,,4:26,64550F3E833ABE710545EA84FC82754E,1778632,https://www.kugou.com/yy/rank/home/17-8888.html?from=rank
2026-10-06,2026-10-06T10:29:24+08:00,酷狗音乐,热歌榜,酷狗TOP500,2026-10-06,375,Poker Face,Lady Gaga,,3:57,645E837927E3207AD0AEA3997EB00444,38501704,https://www.kugou.com/yy/rank/home/18-8888.html?from=rank
2026-10-06,2026-10-06T10:29:24+08:00,酷狗音乐,热歌榜,酷狗TOP500,2026-10-06,376,你不知道的事,王力宏,,4:39,3722EE8644818A260FD8AF3A173D71C3,982128,https://www.kugou.com/yy/rank/home/18-8888.html?from=rank
2026-10-06,2026-10-06T10:29:24+08:00,酷狗音乐,热歌榜,酷狗TOP500,2026-10-06,377,半岛铁盒,周杰伦,,5:19,67BA8A4A0681F2078BC423CB13B904B7,961807,https://www.kugou.com/yy/rank/home/18-8888.html?from=rank
2026-10-06,2026-10-06T10:29:24+08:00,酷狗音乐,热歌榜,酷狗TOP500,2026-10-06,378,命运,家家,,3:51,B149A3BFD19481F91B9A652AA8EA21C1,959745,https://www.kugou.com/yy/rank/home/18-8888.html?from=rank
2026-10-06,2026-10-06T10:29:24+08:00,酷狗音乐,热歌榜,酷狗TOP500,2026-10-06,379,爱丫爱丫,BY2,,3:51,18008576BCFBA9750C2C60EB6C204270,981935,https://www.kugou.com/yy/rank/home/18-8888.html?from=rank
2026-10-06,2026-10-06T10:29:24+08:00,酷狗音乐,热歌榜,酷狗TOP500,2026-10-06,380,西楼儿女,海来阿木,,4:18,84DA47460010F3D91E203F777233DAA4,62931439,https://www.kugou.com/yy/rank/home/18-8888.html?from=rank
2026-10-06,2026-10-06T10:29:24+08:00,酷狗音乐,热歌榜,酷狗TOP500,2026-10-06,381,天下,张杰,,3:42,17B11C65674378CA43995537331E1D9C,38606351,https://www.kugou.com/yy/rank/home/18-8888.html?from=rank
2026-10-06,2026-10-06T10:29:24+08:00,酷狗音乐,热歌榜,酷狗TOP500,2026-10-06,382,左转灯 (1000 Times +1),派伟俊、mac ova seas,,3:17,E51ABAF534E7D2BA42DB5604421D4838,164658305,https://www.kugou.com/yy/rank/home/18-8888.html?from=rank
2026-10-06,2026-10-06T10:29:24+08:00,酷狗音乐,热歌榜,酷狗TOP500,2026-10-06,383,记事本,陈慧琳,,4:11,26684870E2CE3936A3D72559F67C0606,2996651,https://www.kugou.com/yy/rank/home/18-8888.html?from=rank
2026-10-06,2026-10-06T10:29:24+08:00,酷狗音乐,热歌榜,酷狗TOP500,2026-10-06,384,手放开,李圣杰,,4:25,022583751858F1E3558F32EC4ECF7DD5,959847,https://www.kugou.com/yy/rank/home/18-8888.html?from=rank
2026-10-06,2026-10-06T10:29:24+08:00,酷狗音乐,热歌榜,酷狗TOP500,2026-10-06,385,我恨明月不照我,阿YueYue,,4:12,B1B259EEA7E93DE5F6C759BA6C45777C,172322576,https://www.kugou.com/yy/rank/home/18-8888.html?from=rank
2026-10-06,2026-10-06T10:29:24+08:00,酷狗音乐,热歌榜,酷狗TOP500,2026-10-06,386,我来人间做了场梦,微醺森林,,3:42,9E108EB07B6DF69F663DDAFF599B19DA,209373933,https://www.kugou.com/yy/rank/home/18-8888.html?from=rank
2026-10-06,2026-10-06T10:29:24+08:00,酷狗音乐,热歌榜,酷狗TOP500,2026-10-06,387,朋友的酒,李晓杰、玉萨,,4:22,67D5EF87795797D3BFE6A8C21013F552,573413,https://www.kugou.com/yy/rank/home/18-8888.html?from=rank
2026-10-06,2026-10-06T10:29:24+08:00,酷狗音乐,热歌榜,酷狗TOP500,2026-10-06,388,三生三世,张杰,,4:18,E9CF47F6EB2D0D2C7349247792062557,1969016,https://www.kugou.com/yy/rank/home/18-8888.html?from=rank
2026-10-06,2026-10-06T10:29:24+08:00,酷狗音乐,热歌榜,酷狗TOP500,2026-10-06,389,你听得到,周杰伦,,3:50,D7F42691CB6134BA8AA247F0A1DBD060,966846,https://www.kugou.com/yy/rank/home/18-8888.html?from=rank
2026-10-06,2026-10-06T10:29:24+08:00,酷狗音乐,热歌榜,酷狗TOP500,2026-10-06,390,云与海,阿YueYue,,4:18,B2A0D0283A6127D57350962564BAF200,39316870,https://www.kugou.com/yy/rank/home/18-8888.html?from=rank
2026-10-06,2026-10-06T10:29:24+08:00,酷狗音乐,热歌榜,酷狗TOP500,2026-10-06,391,一程山路,毛不易,,3:36,72F2E36F606EB3DACF2ACD9DE67FCBD3,34631159,https://www.kugou.com/yy/rank/home/18-8888.html?from=rank
2026-10-06,2026-10-06T10:29:24+08:00,酷狗音乐,热歌榜,酷狗TOP500,2026-10-06,392,一生中最爱,谭咏麟,,4:19,360AD5530A95B8983E2AB369607A7D1B,960008,https://www.kugou.com/yy/rank/home/18-8888.html?from=rank
2026-10-06,2026-10-06T10:29:24+08:00,酷狗音乐,热歌榜,酷狗TOP500,2026-10-06,393,Call You Tonight,Whitney Houston,,4:10,3378039942BA822731531F34BACF9CA1,561454,https://www.kugou.com/yy/rank/home/18-8888.html?from=rank
2026-10-06,2026-10-06T10:29:24+08:00,酷狗音乐,热歌榜,酷狗TOP500,2026-10-06,394,手写的从前,周杰伦,,4:58,C1992BBF6FB5BB2BB86DECF657509FD3,962593,https://www.kugou.com/yy/rank/home/18-8888.html?from=rank
2026-10-06,2026-10-06T10:29:24+08:00,酷狗音乐,热歌榜,酷狗TOP500,2026-10-06,395,Take Me to Your Heart,Michael Learns To Rock,,3:59,97ED0BF75D3D6EEB97A326073F503AC8,561642,https://www.kugou.com/yy/rank/home/18-8888.html?from=rank
2026-10-06,2026-10-06T10:29:24+08:00,酷狗音乐,热歌榜,酷狗TOP500,2026-10-06,396,修炼爱情,林俊杰,,4:47,8748C12719DCA9F588B1118AC05F6BF8,972188,https://www.kugou.com/yy/rank/home/18-8888.html?from=rank
2026-10-06,2026-10-06T10:29:24+08:00,酷狗音乐,热歌榜,酷狗TOP500,2026-10-06,397,浪漫樱花 (Psy Bounce)(猛Remix),猛弟/邹子寒,,3:10,67A7C495801ED718C2AD1D844AC82BF9,209416548,https://www.kugou.com/yy/rank/home/19-8888.html?from=rank
2026-10-06,2026-10-06T10:29:24+08:00,酷狗音乐,热歌榜,酷狗TOP500,2026-10-06,398,落空,印子月,,3:53,F2823FEC8D01EDE2587ED3D32F787782,15394482,https://www.kugou.com/yy/rank/home/19-8888.html?from=rank
2026-10-06,2026-10-06T10:29:24+08:00,酷狗音乐,热歌榜,酷狗TOP500,2026-10-06,399,十面埋伏,陈奕迅,,3:52,90B8469459CBA58A5DDEDD9350286DD8,2996227,https://www.kugou.com/yy/rank/home/19-8888.html?from=rank
2026-10-06,2026-10-06T10:29:24+08:00,酷狗音乐,热歌榜,酷狗TOP500,2026-10-06,400,说散就散,袁娅维TIA RAY,,4:03,837D7CEC9202B47F077BB7FE8C0C1A08,8025931,https://www.kugou.com/yy/rank/home/19-8888.html?from=rank
2026-10-06,2026-10-06T10:29:24+08:00,酷狗音乐,热歌榜,酷狗TOP500,2026-10-06,401,绅士,薛之谦,,4:50,D6CACA3903CD758D2B4208BF3E4E50EE,14456909,https://www.kugou.com/yy/rank/home/19-8888.html?from=rank
2026-10-06,2026-10-06T10:29:24+08:00,酷狗音乐,热歌榜,酷狗TOP500,2026-10-06,402,倘若你爱一人,王唯旖,,3:57,452F7E058B44E2229B59A693E9AD3524,198657446,https://www.kugou.com/yy/rank/home/19-8888.html?from=rank
2026-10-06,2026-10-06T10:29:24+08:00,酷狗音乐,热歌榜,酷狗TOP500,2026-10-06,403,最爱,周慧敏,,4:25,DBC221919A9686F684F90E1920179363,568311,https://www.kugou.com/yy/rank/home/19-8888.html?from=rank
2026-10-06,2026-10-06T10:29:24+08:00,酷狗音乐,热歌榜,酷狗TOP500,2026-10-06,404,冷雨夜,BEYOND,,4:19,34721C6BD44CB5F92BF3E4150AE3B5F1,976137,https://www.kugou.com/yy/rank/home/19-8888.html?from=rank
2026-10-06,2026-10-06T10:29:24+08:00,酷狗音乐,热歌榜,酷狗TOP500,2026-10-06,405,我可以抱你吗,张惠妹,,4:56,29AC33B8120266986966CAA1B6A9F061,968973,https://www.kugou.com/yy/rank/home/19-8888.html?from=rank
2026-10-06,2026-10-06T10:29:24+08:00,酷狗音乐,热歌榜,酷狗TOP500,2026-10-06,406,讨厌,芮恩,,4:18,C88A8D3EF16E2C4E944B947E0F56A7AD,2996887,https://www.kugou.com/yy/rank/home/19-8888.html?from=rank
2026-10-06,2026-10-06T10:29:24+08:00,酷狗音乐,热歌榜,酷狗TOP500,2026-10-06,407,给我一首歌的时间,周杰伦,,4:14,237FD34BF80D05228D4A43F6CD5BEECF,960399,https://www.kugou.com/yy/rank/home/19-8888.html?from=rank
2026-10-06,2026-10-06T10:29:24+08:00,酷狗音乐,热歌榜,酷狗TOP500,2026-10-06,408,偏偏喜欢你,陈百强,,3:32,D186383AA965D13601CFF4857F844FEE,983655,https://www.kugou.com/yy/rank/home/19-8888.html?from=rank
2026-10-06,2026-10-06T10:29:24+08:00,酷狗音乐,热歌榜,酷狗TOP500,2026-10-06,409,男孩 (Live),梁博,,5:12,7888BA9869F728304E06047048137CDD,1985016,https://www.kugou.com/yy/rank/home/19-8888.html?from=rank
2026-10-06,2026-10-06T10:29:24+08:00,酷狗音乐,热歌榜,酷狗TOP500,2026-10-06,410,逆流成河,金南玲,,2:05,F12381673024C26DF3CC2589AA52987F,976591,https://www.kugou.com/yy/rank/home/19-8888.html?from=rank
2026-10-06,2026-10-06T10:29:24+08:00,酷狗音乐,热歌榜,酷狗TOP500,2026-10-06,411,吻别 (烟嗓女版),烟嗓小希,,4:49,12750D3982067B33EB395B9BF2A714E0,200693191,https://www.kugou.com/yy/rank/home/19-8888.html?from=rank
2026-10-06,2026-10-06T10:29:24+08:00,酷狗音乐,热歌榜,酷狗TOP500,2026-10-06,412,越来越不懂,蔡健雅,,4:09,BBE6718165E22DA2725C429CAD927563,965319,https://www.kugou.com/yy/rank/home/19-8888.html?from=rank
2026-10-06,2026-10-06T10:29:24+08:00,酷狗音乐,热歌榜,酷狗TOP500,2026-10-06,413,我的一个道姑朋友 (而你撑伞拥我入怀中),晚月moon,,4:44,5F4222918D3A175A8ECB52ED337C2B01,208084022,https://www.kugou.com/yy/rank/home/19-8888.html?from=rank
2026-10-06,2026-10-06T10:29:24+08:00,酷狗音乐,热歌榜,酷狗TOP500,2026-10-06,414,叹云兮,鞠婧祎,,4:43,DB94CC1C55558D7ED4B0E402A2DF065D,8700851,https://www.kugou.com/yy/rank/home/19-8888.html?from=rank
2026-10-06,2026-10-06T10:29:24+08:00,酷狗音乐,热歌榜,酷狗TOP500,2026-10-06,415,如果这就是爱情,张靓颖,,4:43,4E871DF1E2034CF6BAAD7B03D2386058,2597425,https://www.kugou.com/yy/rank/home/19-8888.html?from=rank
2026-10-06,2026-10-06T10:29:24+08:00,酷狗音乐,热歌榜,酷狗TOP500,2026-10-06,416,你有没有真的爱过我 (烟嗓版),寂寞阿图,,3:45,5EF8404977086AB95C304D857271FB10,190169654,https://www.kugou.com/yy/rank/home/19-8888.html?from=rank
2026-10-06,2026-10-06T10:29:24+08:00,酷狗音乐,热歌榜,酷狗TOP500,2026-10-06,417,That Girl,Olly Murs,,2:57,B32C3C7FA2452E7338BFC6F2283FE8ED,1820815,https://www.kugou.com/yy/rank/home/19-8888.html?from=rank
2026-10-06,2026-10-06T10:29:24+08:00,酷狗音乐,热歌榜,酷狗TOP500,2026-10-06,418,我想念,汪苏泷,,3:45,A6545AABFE93C5495BA8ADB2A555B84F,76163380,https://www.kugou.com/yy/rank/home/19-8888.html?from=rank
2026-10-06,2026-10-06T10:29:24+08:00,酷狗音乐,热歌榜,酷狗TOP500,2026-10-06,419,Fast Cars & Superstars,Cristian Marchi、Reverend Haus,,2:52,9EA177A8A77A9E31B164F6BDA20D4776,81561846,https://www.kugou.com/yy/rank/home/20-8888.html?from=rank
2026-10-06,2026-10-06T10:29:24+08:00,酷狗音乐,热歌榜,酷狗TOP500,2026-10-06,420,"i hate u, i love u (feat. olivia o'brien)(Explicit)",gnash、Olivia O'Brien,,3:46,729E20B7E80E5616CC306DA3F48CB5DD,12687595,https://www.kugou.com/yy/rank/home/20-8888.html?from=rank
2026-10-06,2026-10-06T10:29:24+08:00,酷狗音乐,热歌榜,酷狗TOP500,2026-10-06,421,只为你着迷,李秉成,,4:01,C2F47FB042D8FE6A2B5265DFCF8919A5,11795396,https://www.kugou.com/yy/rank/home/20-8888.html?from=rank
2026-10-06,2026-10-06T10:29:24+08:00,酷狗音乐,热歌榜,酷狗TOP500,2026-10-06,422,白鸽乌鸦相爱的戏码,潘成（皮卡潘）,,2:54,1B5005F285D8B7FD083CA61C5753E9DB,100112898,https://www.kugou.com/yy/rank/home/20-8888.html?from=rank
2026-10-06,2026-10-06T10:29:24+08:00,酷狗音乐,热歌榜,酷狗TOP500,2026-10-06,423,黄昏 (纵然青丝如霜)(R&B版),落日微醺,,4:05,423FC1778078ACF260242626820E4244,194767721,https://www.kugou.com/yy/rank/home/20-8888.html?from=rank
2026-10-06,2026-10-06T10:29:24+08:00,酷狗音乐,热歌榜,酷狗TOP500,2026-10-06,424,莫问归期,蒋雪儿Snow.J,,3:39,F0E418FB19E8D295D0F78E50AE3B7E30,27453193,https://www.kugou.com/yy/rank/home/20-8888.html?from=rank
2026-10-06,2026-10-06T10:29:24+08:00,酷狗音乐,热歌榜,酷狗TOP500,2026-10-06,425,Baby,Justin Bieber、Ludacris,,3:37,493CD2904FAFDAEB8785CC83B8056F5A,508825,https://www.kugou.com/yy/rank/home/20-8888.html?from=rank
2026-10-06,2026-10-06T10:29:24+08:00,酷狗音乐,热歌榜,酷狗TOP500,2026-10-06,426,我不配,周杰伦,,4:49,00CBE76AE7676D5D2A3D832D202C8FFD,979856,https://www.kugou.com/yy/rank/home/20-8888.html?from=rank
2026-10-06,2026-10-06T10:29:24+08:00,酷狗音乐,热歌榜,酷狗TOP500,2026-10-06,427,我太笨,锤娜丽莎,,4:25,A5D4F40382C0DF1A95A48A617793F03E,46432417,https://www.kugou.com/yy/rank/home/20-8888.html?from=rank
2026-10-06,2026-10-06T10:29:24+08:00,酷狗音乐,热歌榜,酷狗TOP500,2026-10-06,428,孤独患者,陈奕迅,,4:34,72A9BB44569890399978A49D631DF310,530848,https://www.kugou.com/yy/rank/home/20-8888.html?from=rank
2026-10-06,2026-10-06T10:29:24+08:00,酷狗音乐,热歌榜,酷狗TOP500,2026-10-06,429,渐冷 (r&b微醺版),落日微醺,,4:04,3AE15B1422C36C6C0BCE88CFBA92C7DC,195834507,https://www.kugou.com/yy/rank/home/20-8888.html?from=rank
2026-10-06,2026-10-06T10:29:24+08:00,酷狗音乐,热歌榜,酷狗TOP500,2026-10-06,430,天黑黑,孙燕姿,,3:56,D4601C9FFEADB42961CE4E623FAFD279,973684,https://www.kugou.com/yy/rank/home/20-8888.html?from=rank
2026-10-06,2026-10-06T10:29:24+08:00,酷狗音乐,热歌榜,酷狗TOP500,2026-10-06,431,后来,夏婉安,,3:33,AC6C42990DB1475A05938F42ABABFC80,67448575,https://www.kugou.com/yy/rank/home/20-8888.html?from=rank
2026-10-06,2026-10-06T10:29:24+08:00,酷狗音乐,热歌榜,酷狗TOP500,2026-10-06,432,忘了没有,王靖雯,,4:17,BBC2F58FA16CA6ED4D3F672818EBC363,40646352,https://www.kugou.com/yy/rank/home/20-8888.html?from=rank
2026-10-06,2026-10-06T10:29:24+08:00,酷狗音乐,热歌榜,酷狗TOP500,2026-10-06,433,背着风流泪,文夫,,4:14,93313560CDE28F74AA7D2894E3C4D7F7,146986506,https://www.kugou.com/yy/rank/home/20-8888.html?from=rank
2026-10-06,2026-10-06T10:29:24+08:00,酷狗音乐,热歌榜,酷狗TOP500,2026-10-06,434,无情画,王唯旖,,4:15,B017A5C57FFF594987236DB3F1499436,10738255,https://www.kugou.com/yy/rank/home/20-8888.html?from=rank
2026-10-06,2026-10-06T10:29:24+08:00,酷狗音乐,热歌榜,酷狗TOP500,2026-10-06,435,你的承诺,海鸣威,,3:53,9F08ECA9AE8E5EE2432E37FF914B95DE,490417,https://www.kugou.com/yy/rank/home/20-8888.html?from=rank
2026-10-06,2026-10-06T10:29:24+08:00,酷狗音乐,热歌榜,酷狗TOP500,2026-10-06,436,大城小爱,王力宏,,3:45,3EAF74E9E5065C03B050F356F0567311,2820176,https://www.kugou.com/yy/rank/home/20-8888.html?from=rank
2026-10-06,2026-10-06T10:29:24+08:00,酷狗音乐,热歌榜,酷狗TOP500,2026-10-06,437,Dear John (Live),孙楠、满江、张彬彬、曾辉,,4:34,B37F073FC6615F62E14415EE84124C8A,209920020,https://www.kugou.com/yy/rank/home/20-8888.html?from=rank
2026-10-06,2026-10-06T10:29:24+08:00,酷狗音乐,热歌榜,酷狗TOP500,2026-10-06,438,情非得已,庾澄庆,,4:34,9531137EBFDCCB82120BFB972146724F,969314,https://www.kugou.com/yy/rank/home/20-8888.html?from=rank
2026-10-06,2026-10-06T10:29:24+08:00,酷狗音乐,热歌榜,酷狗TOP500,2026-10-06,439,如果还会遇见,何遇Hayu、Crybird,,3:48,B740AAF49578F8F9C9E52DD560E122BF,201658284,https://www.kugou.com/yy/rank/home/20-8888.html?from=rank
2026-10-06,2026-10-06T10:29:24+08:00,酷狗音乐,热歌榜,酷狗TOP500,2026-10-06,440,别回头 别停留 往前走,Roling7,,3:34,7E272D73C619A19C0F4AC728EBEEC30D,191953356,https://www.kugou.com/yy/rank/home/20-8888.html?from=rank
2026-10-06,2026-10-06T10:29:24+08:00,酷狗音乐,热歌榜,酷狗TOP500,2026-10-06,441,刚好遇见你,李玉刚,,3:20,58B004C56B6AB6CE1CA3C1E8C6781D0E,1820033,https://www.kugou.com/yy/rank/home/21-8888.html?from=rank
2026-10-06,2026-10-06T10:29:24+08:00,酷狗音乐,热歌榜,酷狗TOP500,2026-10-06,442,匿名的好友,杨丞琳,,4:23,F9CE6B13B4C90B01B3C129FF11B11C87,2694607,https://www.kugou.com/yy/rank/home/21-8888.html?from=rank
2026-10-06,2026-10-06T10:29:24+08:00,酷狗音乐,热歌榜,酷狗TOP500,2026-10-06,443,山风不语,伍零五,,2:54,8CA921D7DEB3E847BF2060E557402231,199624105,https://www.kugou.com/yy/rank/home/21-8888.html?from=rank
2026-10-06,2026-10-06T10:29:24+08:00,酷狗音乐,热歌榜,酷狗TOP500,2026-10-06,444,悬溺,葛东琪,,3:17,666484E904A54B1E62C9FBFDBE6E2563,23773597,https://www.kugou.com/yy/rank/home/21-8888.html?from=rank
2026-10-06,2026-10-06T10:29:24+08:00,酷狗音乐,热歌榜,酷狗TOP500,2026-10-06,445,九张机,叶炫清,,3:40,8D82C3340BACF5AA3C763C4910557316,2759902,https://www.kugou.com/yy/rank/home/21-8888.html?from=rank
2026-10-06,2026-10-06T10:29:24+08:00,酷狗音乐,热歌榜,酷狗TOP500,2026-10-06,446,晚风心里吹,阿梨粤,,3:07,DFFB8F6768AC5044881BB6DD11BDED53,55808898,https://www.kugou.com/yy/rank/home/21-8888.html?from=rank
2026-10-06,2026-10-06T10:29:24+08:00,酷狗音乐,热歌榜,酷狗TOP500,2026-10-06,447,病态的爱 (忘不掉你带给我的吻),哈利白特、Zkaaai,,3:21,AA92A86A3BEF25416ADD03573FBBDEEE,133804191,https://www.kugou.com/yy/rank/home/21-8888.html?from=rank
2026-10-06,2026-10-06T10:29:24+08:00,酷狗音乐,热歌榜,酷狗TOP500,2026-10-06,448,你要的全拿走,胡彦斌,,4:59,489E4872BD06E51C969AE81748E78A10,8317330,https://www.kugou.com/yy/rank/home/21-8888.html?from=rank
2026-10-06,2026-10-06T10:29:24+08:00,酷狗音乐,热歌榜,酷狗TOP500,2026-10-06,449,搀扶,马健涛,,5:28,D95AE3CC810BB62D28505AE1510C329F,130332417,https://www.kugou.com/yy/rank/home/21-8888.html?from=rank
2026-10-06,2026-10-06T10:29:24+08:00,酷狗音乐,热歌榜,酷狗TOP500,2026-10-06,450,月光,胡彦斌,,4:32,3ED31D9A5C8B2F28529E69E8B17DFEA3,7547355,https://www.kugou.com/yy/rank/home/21-8888.html?from=rank
2026-10-06,2026-10-06T10:29:24+08:00,酷狗音乐,热歌榜,酷狗TOP500,2026-10-06,451,若月亮没来 (Live),杨宗纬、宝石Gem、王宇宙Leto,,4:12,031A57CE8B26F88D73626C47169AD581,94628686,https://www.kugou.com/yy/rank/home/21-8888.html?from=rank
2026-10-06,2026-10-06T10:29:24+08:00,酷狗音乐,热歌榜,酷狗TOP500,2026-10-06,452,路过人间,郁可唯,,4:06,2570131E77CC024747EE342E7404F99D,20288614,https://www.kugou.com/yy/rank/home/21-8888.html?from=rank
2026-10-06,2026-10-06T10:29:24+08:00,酷狗音乐,热歌榜,酷狗TOP500,2026-10-06,453,不如见一面,海来阿木,,4:08,A8CC7F0EA73DE4DE226B26C3F44DD563,80038154,https://www.kugou.com/yy/rank/home/21-8888.html?from=rank
2026-10-06,2026-10-06T10:29:24+08:00,酷狗音乐,热歌榜,酷狗TOP500,2026-10-06,454,独角戏,许茹芸,,4:37,59A58ADD9C4F4EECA6B20F3A1A04E956,973658,https://www.kugou.com/yy/rank/home/21-8888.html?from=rank
2026-10-06,2026-10-06T10:29:24+08:00,酷狗音乐,热歌榜,酷狗TOP500,2026-10-06,455,"Baby, Don't Cry (人鱼的眼泪)(Chinese Ver.)",EXO,,3:56,B692ED61ED4DDE69C50EB8B975D4E04D,22436133,https://www.kugou.com/yy/rank/home/21-8888.html?from=rank
2026-10-06,2026-10-06T10:29:24+08:00,酷狗音乐,热歌榜,酷狗TOP500,2026-10-06,456,明天，你好,牛奶咖啡,,4:32,A9527F71F7149F13E1F78B23C25DD30B,967562,https://www.kugou.com/yy/rank/home/21-8888.html?from=rank
2026-10-06,2026-10-06T10:29:24+08:00,酷狗音乐,热歌榜,酷狗TOP500,2026-10-06,457,Because of You,Kelly Clarkson,,3:39,FED9A7BE6BC7D2FF3B8426ECEF34A2B6,1592158,https://www.kugou.com/yy/rank/home/21-8888.html?from=rank
2026-10-06,2026-10-06T10:29:24+08:00,酷狗音乐,热歌榜,酷狗TOP500,2026-10-06,458,他一定很爱你,阿杜,,3:31,05E693C88CE84950E159DA62EB1013ED,963634,https://www.kugou.com/yy/rank/home/21-8888.html?from=rank
2026-10-06,2026-10-06T10:29:24+08:00,酷狗音乐,热歌榜,酷狗TOP500,2026-10-06,459,刚刚好,薛之谦,,4:11,956EEC514146039E6D6A16B30DD64A7B,1747549,https://www.kugou.com/yy/rank/home/21-8888.html?from=rank
2026-10-06,2026-10-06T10:29:24+08:00,酷狗音乐,热歌榜,酷狗TOP500,2026-10-06,460,你从未离去,白挺,,3:43,8CB352EA34844A50424A6D6CD0F2515C,648995,https://www.kugou.com/yy/rank/home/21-8888.html?from=rank
2026-10-06,2026-10-06T10:29:24+08:00,酷狗音乐,热歌榜,酷狗TOP500,2026-10-06,461,水为媒,礼越,,4:18,463569CA5AE9A787A32B66D590C8C98D,200545877,https://www.kugou.com/yy/rank/home/21-8888.html?from=rank
2026-10-06,2026-10-06T10:29:24+08:00,酷狗音乐,热歌榜,酷狗TOP500,2026-10-06,462,鼓楼,赵雷,,4:41,5A794095301611FB8600A85301B0BFC4,1946722,https://www.kugou.com/yy/rank/home/21-8888.html?from=rank
2026-10-06,2026-10-06T10:29:24+08:00,酷狗音乐,热歌榜,酷狗TOP500,2026-10-06,463,追光者,岑宁儿,,3:56,03F818EF5B72D16F65BD6298FB99B440,2706911,https://www.kugou.com/yy/rank/home/22-8888.html?from=rank
2026-10-06,2026-10-06T10:29:24+08:00,酷狗音乐,热歌榜,酷狗TOP500,2026-10-06,464,同手同脚,温岚,,4:18,1DB5F549DF57C1C9553D9BDD735C763A,2997107,https://www.kugou.com/yy/rank/home/22-8888.html?from=rank
2026-10-06,2026-10-06T10:29:24+08:00,酷狗音乐,热歌榜,酷狗TOP500,2026-10-06,465,画,赵雷,,3:46,F5F4E2CAE64AC055C3E22A6C807832EE,965599,https://www.kugou.com/yy/rank/home/22-8888.html?from=rank
2026-10-06,2026-10-06T10:29:24+08:00,酷狗音乐,热歌榜,酷狗TOP500,2026-10-06,466,曹操,林俊杰,,4:02,E5CC5B3EFAF927A85B97EDADD3266239,977396,https://www.kugou.com/yy/rank/home/22-8888.html?from=rank
2026-10-06,2026-10-06T10:29:24+08:00,酷狗音乐,热歌榜,酷狗TOP500,2026-10-06,467,你是我触碰不到的风 (酒后释怀live对唱版),艾利（Ellie）、7paste,,3:52,63F146A4A7132C267C78F4832CD62C10,202093916,https://www.kugou.com/yy/rank/home/22-8888.html?from=rank
2026-10-06,2026-10-06T10:29:24+08:00,酷狗音乐,热歌榜,酷狗TOP500,2026-10-06,468,雀跃,任然、小来,,3:56,F928CB7A772F8A6214EEAEB21FA310D8,2820318,https://www.kugou.com/yy/rank/home/22-8888.html?from=rank
2026-10-06,2026-10-06T10:29:24+08:00,酷狗音乐,热歌榜,酷狗TOP500,2026-10-06,469,我爱你中国 (Live),孙楠、韩红、黄绮珊、古巨基、陈楚生、王心凌、谭维维、胡彦斌、郁可唯、汪苏泷、周深、宋亚轩、杨坤、单依纯、何炅、李莎旻子,,5:31,5500C3CE8B32416812A7572FB6CB1F0D,83718089,https://www.kugou.com/yy/rank/home/22-8888.html?from=rank
2026-10-06,2026-10-06T10:29:24+08:00,酷狗音乐,热歌榜,酷狗TOP500,2026-10-06,470,心如止水,Ice Paper,,3:05,AB6CF665EAD04F0C07240888A4411288,19138812,https://www.kugou.com/yy/rank/home/22-8888.html?from=rank
2026-10-06,2026-10-06T10:29:24+08:00,酷狗音乐,热歌榜,酷狗TOP500,2026-10-06,471,夏天的风,温岚,,4:01,33431BA8C2FB438ED064AE5DEEB2985F,2997111,https://www.kugou.com/yy/rank/home/22-8888.html?from=rank
2026-10-06,2026-10-06T10:29:24+08:00,酷狗音乐,热歌榜,酷狗TOP500,2026-10-06,472,漂洋过海来看你,刘明湘,,4:59,1A8FC548D34377622017AAEF1C6418FD,1791001,https://www.kugou.com/yy/rank/home/22-8888.html?from=rank
2026-10-06,2026-10-06T10:29:24+08:00,酷狗音乐,热歌榜,酷狗TOP500,2026-10-06,473,现在那边是几点,黄小琥,,4:28,A8EC1E9AD70A907D62DAA2924482F4DA,2997328,https://www.kugou.com/yy/rank/home/22-8888.html?from=rank
2026-10-06,2026-10-06T10:29:24+08:00,酷狗音乐,热歌榜,酷狗TOP500,2026-10-06,474,孤独的总和,吴汶芳,,4:05,5418708078525F6CAC0F73BB83F45240,8374677,https://www.kugou.com/yy/rank/home/22-8888.html?from=rank
2026-10-06,2026-10-06T10:29:24+08:00,酷狗音乐,热歌榜,酷狗TOP500,2026-10-06,475,有风的日落,万海东,,3:49,94774F06E73EF9ABD739423E1A414593,181906094,https://www.kugou.com/yy/rank/home/22-8888.html?from=rank
2026-10-06,2026-10-06T10:29:24+08:00,酷狗音乐,热歌榜,酷狗TOP500,2026-10-06,476,一路生花,温奕心,,4:16,4F18553F2AF06E355AD75A5EE6173456,45305792,https://www.kugou.com/yy/rank/home/22-8888.html?from=rank
2026-10-06,2026-10-06T10:29:24+08:00,酷狗音乐,热歌榜,酷狗TOP500,2026-10-06,477,爱，请问怎么走,A-Lin,,4:28,D67CB2EA6082D5AB871509EC06B48370,964045,https://www.kugou.com/yy/rank/home/22-8888.html?from=rank
2026-10-06,2026-10-06T10:29:24+08:00,酷狗音乐,热歌榜,酷狗TOP500,2026-10-06,478,虞兮叹,闻人听書_,,3:30,8DA925F04704696E1F355FE160940DC7,38984809,https://www.kugou.com/yy/rank/home/22-8888.html?from=rank
2026-10-06,2026-10-06T10:29:24+08:00,酷狗音乐,热歌榜,酷狗TOP500,2026-10-06,479,爱你没差,周杰伦,,4:41,66F31869BBAA767A929F35EEE1CCC5C9,982051,https://www.kugou.com/yy/rank/home/22-8888.html?from=rank
2026-10-06,2026-10-06T10:29:24+08:00,酷狗音乐,热歌榜,酷狗TOP500,2026-10-06,480,只想在你身边陪伴 (深情版),糖小小,,4:04,A708DA67D3C1A9832A2AD738A5185940,208450351,https://www.kugou.com/yy/rank/home/22-8888.html?from=rank
2026-10-06,2026-10-06T10:29:24+08:00,酷狗音乐,热歌榜,酷狗TOP500,2026-10-06,481,再见,G.E.M.邓紫棋,,3:26,DB01B91EB3279E0F6B064706441087D2,555825,https://www.kugou.com/yy/rank/home/22-8888.html?from=rank
2026-10-06,2026-10-06T10:29:24+08:00,酷狗音乐,热歌榜,酷狗TOP500,2026-10-06,482,麻雀,李荣浩,,4:13,2E4C5A85A751AF5A0B200D5AA0629226,34731198,https://www.kugou.com/yy/rank/home/22-8888.html?from=rank
2026-10-06,2026-10-06T10:29:24+08:00,酷狗音乐,热歌榜,酷狗TOP500,2026-10-06,483,无赖,郑中基,,4:04,1C8DCCD42F3FA29BB2878E20C90281E3,7547818,https://www.kugou.com/yy/rank/home/22-8888.html?from=rank
2026-10-06,2026-10-06T10:29:24+08:00,酷狗音乐,热歌榜,酷狗TOP500,2026-10-06,484,他不懂,张杰,,3:52,BA40D69184A05D7BCD335028C5C613BE,38606351,https://www.kugou.com/yy/rank/home/22-8888.html?from=rank
2026-10-06,2026-10-06T10:29:24+08:00,酷狗音乐,热歌榜,酷狗TOP500,2026-10-06,485,嘉宾,张远,,5:34,96D0DEFE09DFE43C57EE9AC3B1EA408E,39699796,https://www.kugou.com/yy/rank/home/23-8888.html?from=rank
2026-10-06,2026-10-06T10:29:24+08:00,酷狗音乐,热歌榜,酷狗TOP500,2026-10-06,486,姑娘别哭泣,柯柯柯啊,,3:56,1B537C99761F8F25AEFFF30B6DCE08D5,77472711,https://www.kugou.com/yy/rank/home/23-8888.html?from=rank
2026-10-06,2026-10-06T10:29:24+08:00,酷狗音乐,热歌榜,酷狗TOP500,2026-10-06,487,故乡,许巍,,5:14,9EFC9C93AB181E42113F226DFCFA454D,971568,https://www.kugou.com/yy/rank/home/23-8888.html?from=rank
2026-10-06,2026-10-06T10:29:24+08:00,酷狗音乐,热歌榜,酷狗TOP500,2026-10-06,488,突然好想你,五月天,,4:26,CF67FCE66C4F54823FDFCBD529797552,976965,https://www.kugou.com/yy/rank/home/23-8888.html?from=rank
2026-10-06,2026-10-06T10:29:24+08:00,酷狗音乐,热歌榜,酷狗TOP500,2026-10-06,489,暖暖,梁静茹,,4:03,270985359774149E730B22A568305AAD,2997466,https://www.kugou.com/yy/rank/home/23-8888.html?from=rank
2026-10-06,2026-10-06T10:29:24+08:00,酷狗音乐,热歌榜,酷狗TOP500,2026-10-06,490,像鱼,王贰浪,,4:45,6215C5A85B30E53C2E4C20C4DED38D72,13621986,https://www.kugou.com/yy/rank/home/23-8888.html?from=rank
2026-10-06,2026-10-06T10:29:24+08:00,酷狗音乐,热歌榜,酷狗TOP500,2026-10-06,491,我们的时光,赵雷,,4:31,84EA1667187279849794A9CC96FA0D27,963934,https://www.kugou.com/yy/rank/home/23-8888.html?from=rank
2026-10-06,2026-10-06T10:29:24+08:00,酷狗音乐,热歌榜,酷狗TOP500,2026-10-06,492,听说你,于冬然,,3:59,D74845DF9E5EB016BFC5FC86F639CA49,58983593,https://www.kugou.com/yy/rank/home/23-8888.html?from=rank
2026-10-06,2026-10-06T10:29:24+08:00,酷狗音乐,热歌榜,酷狗TOP500,2026-10-06,493,当爱在靠近,刘若英,,4:11,D988B9B4B769D979279D4AC9E84907F1,978209,https://www.kugou.com/yy/rank/home/23-8888.html?from=rank
2026-10-06,2026-10-06T10:29:24+08:00,酷狗音乐,热歌榜,酷狗TOP500,2026-10-06,494,睡前别想太多,李雨霏,,3:30,96837F7FAD9EA5960B15072F9B214733,209014656,https://www.kugou.com/yy/rank/home/23-8888.html?from=rank
2026-10-06,2026-10-06T10:29:24+08:00,酷狗音乐,热歌榜,酷狗TOP500,2026-10-06,495,听海,张惠妹,,5:18,8ACB6E60840E6D30822BEA443309BE58,973665,https://www.kugou.com/yy/rank/home/23-8888.html?from=rank
2026-10-06,2026-10-06T10:29:24+08:00,酷狗音乐,热歌榜,酷狗TOP500,2026-10-06,496,Love Song,方大同,,4:29,5FB771D357022F4A23A94B469299863A,971428,https://www.kugou.com/yy/rank/home/23-8888.html?from=rank
2026-10-06,2026-10-06T10:29:24+08:00,酷狗音乐,热歌榜,酷狗TOP500,2026-10-06,497,不要忘记我爱你,张碧晨,,3:45,C8EBD31EB4B28B4B845119637D90C58D,17022285,https://www.kugou.com/yy/rank/home/23-8888.html?from=rank
2026-10-06,2026-10-06T10:29:24+08:00,酷狗音乐,热歌榜,酷狗TOP500,2026-10-06,498,天亮以前说再见,何野,,4:00,18E9FC6CF97258B75D090188EDBAE95B,11792318,https://www.kugou.com/yy/rank/home/23-8888.html?from=rank
2026-10-06,2026-10-06T10:29:24+08:00,酷狗音乐,热歌榜,酷狗TOP500,2026-10-06,499,推开世界的门,杨乃文,,4:42,6B5A905C8904FD4A23D255DA1B5592C9,1803972,https://www.kugou.com/yy/rank/home/23-8888.html?from=rank
2026-10-06,2026-10-06T10:29:24+08:00,酷狗音乐,热歌榜,酷狗TOP500,2026-10-06,500,那些你很冒险的梦,林俊杰,,4:05,468A823BD25A585841F4BC5ED3EF945B,977237,https://www.kugou.com/yy/rank/home/23-8888.html?from=rank
2026-10-06,2026-10-06T10:29:24+08:00,酷狗音乐,飙升榜,酷狗飙升榜,2026-10-06,1,若你看见花开,杨小壮,,2:42,032B8E2183C3CC4CB8C66328991CEC2D,210083455,https://www.kugou.com/yy/rank/home/1-6666.html?from=rank
2026-10-06,2026-10-06T10:29:24+08:00,酷狗音乐,飙升榜,酷狗飙升榜,2026-10-06,2,是我想得太多,小军,,4:34,9E88AA6293D9DF2CCDD1503AA90E4830,208558085,https://www.kugou.com/yy/rank/home/1-6666.html?from=rank
2026-10-06,2026-10-06T10:29:24+08:00,酷狗音乐,飙升榜,酷狗飙升榜,2026-10-06,3,Dear John (Live),孙楠、满江、张彬彬、曾辉,,4:34,B37F073FC6615F62E14415EE84124C8A,209920020,https://www.kugou.com/yy/rank/home/1-6666.html?from=rank
2026-10-06,2026-10-06T10:29:24+08:00,酷狗音乐,飙升榜,酷狗飙升榜,2026-10-06,4,感情都在酒里头,庄妮,,3:23,DF2A59E2AEF16B406EB5527376BD5DA9,210116539,https://www.kugou.com/yy/rank/home/1-6666.html?from=rank
2026-10-06,2026-10-06T10:29:24+08:00,酷狗音乐,飙升榜,酷狗飙升榜,2026-10-06,5,一夜凉风起 人间又一秋 (dj阿尼版),司徒兰芳,,3:16,8FA06B29F2C72D5ADDAEC4F271DE86AC,208894218,https://www.kugou.com/yy/rank/home/1-6666.html?from=rank
2026-10-06,2026-10-06T10:29:24+08:00,酷狗音乐,飙升榜,酷狗飙升榜,2026-10-06,6,再爱也是无结局 (合唱版),豆豆吃不饱、高杰,,4:21,320980892C91A55BDE30C0E104904795,208026821,https://www.kugou.com/yy/rank/home/1-6666.html?from=rank
2026-10-06,2026-10-06T10:29:24+08:00,酷狗音乐,飙升榜,酷狗飙升榜,2026-10-06,7,我和我的祖国,肖战,,3:52,D8C151E402B8672759F76B7F80BF5FF5,209568315,https://www.kugou.com/yy/rank/home/1-6666.html?from=rank
2026-10-06,2026-10-06T10:29:24+08:00,酷狗音乐,飙升榜,酷狗飙升榜,2026-10-06,8,算计 (你的爱来了又去),文夫,,3:58,B97153AB22D8B5EE006EBDFCCB7DAC02,180726282,https://www.kugou.com/yy/rank/home/1-6666.html?from=rank
2026-10-06,2026-10-06T10:29:24+08:00,酷狗音乐,飙升榜,酷狗飙升榜,2026-10-06,9,怎么可能和谁过都一样,李发发,,3:44,5C17FE91618D9066901010CF0A29938A,149492415,https://www.kugou.com/yy/rank/home/1-6666.html?from=rank
2026-10-06,2026-10-06T10:29:24+08:00,酷狗音乐,飙升榜,酷狗飙升榜,2026-10-06,10,山风不语,伍零五,,2:54,8CA921D7DEB3E847BF2060E557402231,199624105,https://www.kugou.com/yy/rank/home/1-6666.html?from=rank
2026-10-06,2026-10-06T10:29:24+08:00,酷狗音乐,飙升榜,酷狗飙升榜,2026-10-06,11,TOUCH IT,MIRBRO、7ivers,,2:00,78206D7006FFB71043AF34E1B68C9471,210121593,https://www.kugou.com/yy/rank/home/1-6666.html?from=rank
2026-10-06,2026-10-06T10:29:24+08:00,酷狗音乐,飙升榜,酷狗飙升榜,2026-10-06,12,真的爱着你 (国语版),慕滨阳,,3:34,88ACC12355DAFABAB1D26C9722D8708D,94960289,https://www.kugou.com/yy/rank/home/1-6666.html?from=rank
2026-10-06,2026-10-06T10:29:24+08:00,酷狗音乐,飙升榜,酷狗飙升榜,2026-10-06,13,归人,岩贵,,2:10,59A479512957057EDBC8E5EEC56FC175,207471552,https://www.kugou.com/yy/rank/home/1-6666.html?from=rank
2026-10-06,2026-10-06T10:29:24+08:00,酷狗音乐,飙升榜,酷狗飙升榜,2026-10-06,14,踏风追山海,王一佳,,3:25,192F79FFF68F188B3F745855337C509E,205043175,https://www.kugou.com/yy/rank/home/1-6666.html?from=rank
2026-10-06,2026-10-06T10:29:24+08:00,酷狗音乐,飙升榜,酷狗飙升榜,2026-10-06,15,多情的人总被无情的伤 (新版),佑龙,,3:27,8390F87B65D6086FF46E4B0750CAE35A,56891683,https://www.kugou.com/yy/rank/home/1-6666.html?from=rank
2026-10-06,2026-10-06T10:29:24+08:00,酷狗音乐,飙升榜,酷狗飙升榜,2026-10-06,16,我在等一个懂我的人 (深情版),糖小小,,3:46,D1DFACDE17091D188055EF9B76B6CC2A,209299701,https://www.kugou.com/yy/rank/home/1-6666.html?from=rank
2026-10-06,2026-10-06T10:29:24+08:00,酷狗音乐,飙升榜,酷狗飙升榜,2026-10-06,17,心碎在秋天 (风吹起落叶片片),黑豆ado,,3:21,E63AEE321172BFE4D7BD07731D18FC9D,163239026,https://www.kugou.com/yy/rank/home/1-6666.html?from=rank
2026-10-06,2026-10-06T10:29:24+08:00,酷狗音乐,飙升榜,酷狗飙升榜,2026-10-06,18,自由的你,G.E.M.邓紫棋,,4:56,98CA3FB8B73C0E4C35312A88D3F348E5,207873836,https://www.kugou.com/yy/rank/home/1-6666.html?from=rank
2026-10-06,2026-10-06T10:29:24+08:00,酷狗音乐,飙升榜,酷狗飙升榜,2026-10-06,19,与生活和解,安儿陈,,3:45,67BA6DBAE2E79855AD5B786D134D3EC0,96925053,https://www.kugou.com/yy/rank/home/1-6666.html?from=rank
2026-10-06,2026-10-06T10:29:24+08:00,酷狗音乐,飙升榜,酷狗飙升榜,2026-10-06,20,无奈的思绪 (烟嗓版),嘉慧,,2:36,EEC9FD2DBB1BB3C5C1A282C35C537814,208549253,https://www.kugou.com/yy/rank/home/1-6666.html?from=rank
2026-10-06,2026-10-06T10:29:24+08:00,酷狗音乐,飙升榜,酷狗飙升榜,2026-10-06,21,人生好难,烟嗓船长,,3:44,FDC1F266C213EE43B21350ACD7CB191E,185097338,https://www.kugou.com/yy/rank/home/1-6666.html?from=rank
2026-10-06,2026-10-06T10:29:24+08:00,酷狗音乐,飙升榜,酷狗飙升榜,2026-10-06,22,大梦归,周深,,3:49,FCEDAF78465CD283E1DA72A8DEAC553A,208910910,https://www.kugou.com/yy/rank/home/1-6666.html?from=rank
2026-10-06,2026-10-06T10:29:24+08:00,酷狗音乐,飙升榜,酷狗飙升榜,2026-10-06,23,这些年抗的累不累,曾诗涵,,2:42,B035ED9B9A563CB9188AA2FBB59B1BA4,169839997,https://www.kugou.com/yy/rank/home/2-6666.html?from=rank
2026-10-06,2026-10-06T10:29:24+08:00,酷狗音乐,飙升榜,酷狗飙升榜,2026-10-06,24,我也不想这样 (架子鼓版),DJ铁柱,,2:02,6602F8B6D426D6E3B6E4AA04CDE943A2,206832043,https://www.kugou.com/yy/rank/home/2-6666.html?from=rank
2026-10-06,2026-10-06T10:29:24+08:00,酷狗音乐,飙升榜,酷狗飙升榜,2026-10-06,25,月亮与六便士,窝窝,,3:19,16F83853C624FFB8D8D93C25E10C1C86,162510168,https://www.kugou.com/yy/rank/home/2-6666.html?from=rank
2026-10-06,2026-10-06T10:29:24+08:00,酷狗音乐,飙升榜,酷狗飙升榜,2026-10-06,26,杀手,林俊杰,,4:54,8A23B12123C5601C85DB53BBDB7C39C0,34175963,https://www.kugou.com/yy/rank/home/2-6666.html?from=rank
2026-10-06,2026-10-06T10:29:24+08:00,酷狗音乐,飙升榜,酷狗飙升榜,2026-10-06,27,你有没有真的爱过我2026,谈柒柒,,4:03,80BCFBF432FCC57FEA008C1E94425BED,205112138,https://www.kugou.com/yy/rank/home/2-6666.html?from=rank
2026-10-06,2026-10-06T10:29:24+08:00,酷狗音乐,飙升榜,酷狗飙升榜,2026-10-06,28,"잘 지내자, 우리",SUHO,,4:10,995E18FF6A0EC6DE21C5DA116E2FC24F,210058055,https://www.kugou.com/yy/rank/home/2-6666.html?from=rank
2026-10-06,2026-10-06T10:29:24+08:00,酷狗音乐,飙升榜,酷狗飙升榜,2026-10-06,29,云雨弦寂 (古筝曲大全纯音乐),景珩,,2:50,3451C2A7EA8730C1A4632F43E1D9A1C9,208331694,https://www.kugou.com/yy/rank/home/2-6666.html?from=rank
2026-10-06,2026-10-06T10:29:24+08:00,酷狗音乐,飙升榜,酷狗飙升榜,2026-10-06,30,遗憾 (如果回到那从前),阿美呀,,3:20,EEF63BB6C5DC56AAE9CBECAD40388D81,205379657,https://www.kugou.com/yy/rank/home/2-6666.html?from=rank
2026-10-06,2026-10-06T10:29:24+08:00,酷狗音乐,飙升榜,酷狗飙升榜,2026-10-06,31,越努力忘越难忘,胖球鱼,,3:19,723DE4C2E125F5EB60CBF55C576483E4,210112012,https://www.kugou.com/yy/rank/home/2-6666.html?from=rank
2026-10-06,2026-10-06T10:29:24+08:00,酷狗音乐,飙升榜,酷狗飙升榜,2026-10-06,32,秋风一吹 又老一岁 (想把当年的我找回),李发发,,3:03,451662647AE82ED44E83D78961620E0D,206368627,https://www.kugou.com/yy/rank/home/2-6666.html?from=rank
2026-10-06,2026-10-06T10:29:24+08:00,酷狗音乐,飙升榜,酷狗飙升榜,2026-10-06,33,午夜的风,赵乃吉,,3:54,858D84DBFB1528E35EBE467CC047C21E,78113992,https://www.kugou.com/yy/rank/home/2-6666.html?from=rank
2026-10-06,2026-10-06T10:29:24+08:00,酷狗音乐,飙升榜,酷狗飙升榜,2026-10-06,34,总会有一天,张家旺、悦开心,,3:08,071882BE99B6D75C427BA5DFED5D84FD,88582388,https://www.kugou.com/yy/rank/home/2-6666.html?from=rank
2026-10-06,2026-10-06T10:29:24+08:00,酷狗音乐,飙升榜,酷狗飙升榜,2026-10-06,35,故乡的客,任夏,,3:29,C69A21DC11DBC645E72CDEC1939DE9FC,210116745,https://www.kugou.com/yy/rank/home/2-6666.html?from=rank
2026-10-06,2026-10-06T10:29:24+08:00,酷狗音乐,飙升榜,酷狗飙升榜,2026-10-06,36,女人心软容易受伤,晨昭,,3:14,586C295390B890FF16DB1A5965085C2D,210083971,https://www.kugou.com/yy/rank/home/2-6666.html?from=rank
2026-10-06,2026-10-06T10:29:24+08:00,酷狗音乐,飙升榜,酷狗飙升榜,2026-10-06,37,如果回到那从前 (全明星大合唱),刘纯、ทิดแอม、DJ铁柱,,3:14,15150323DDDCD05A3DF1481BA60D31CB,210064824,https://www.kugou.com/yy/rank/home/2-6666.html?from=rank
2026-10-06,2026-10-06T10:29:24+08:00,酷狗音乐,飙升榜,酷狗飙升榜,2026-10-06,38,人生的路口,万海东,,4:14,3A410499D1AEE227B5E3DA807C67C1EC,210079922,https://www.kugou.com/yy/rank/home/2-6666.html?from=rank
2026-10-06,2026-10-06T10:29:24+08:00,酷狗音乐,飙升榜,酷狗飙升榜,2026-10-06,39,今晚喝醉你陪我,艳丽、程清学、清风、小麦子,,2:08,0E33DDD4E86A520854947F5119090647,210119419,https://www.kugou.com/yy/rank/home/2-6666.html?from=rank
2026-10-06,2026-10-06T10:29:24+08:00,酷狗音乐,飙升榜,酷狗飙升榜,2026-10-06,40,各凭本事闯天地,风里微醺,,2:16,E7A341184B8F800BD4B2B29D32621BDC,209421287,https://www.kugou.com/yy/rank/home/2-6666.html?from=rank
2026-10-06,2026-10-06T10:29:24+08:00,酷狗音乐,飙升榜,酷狗飙升榜,2026-10-06,41,一半的勇敢,社长,,3:03,96DFB5EA6858ED6CBFCF0DCE0DC60E5B,206952422,https://www.kugou.com/yy/rank/home/2-6666.html?from=rank
2026-10-06,2026-10-06T10:29:24+08:00,酷狗音乐,飙升榜,酷狗飙升榜,2026-10-06,42,今夜的风悄悄月悄悄,顾星辞,,3:00,F576AD992D32F7F9D466F844DD4C04C7,207621597,https://www.kugou.com/yy/rank/home/2-6666.html?from=rank
2026-10-06,2026-10-06T10:29:24+08:00,酷狗音乐,飙升榜,酷狗飙升榜,2026-10-06,43,可惜如果是如果,九贤,,5:16,19A1166EAFF02DC79787094DA2FFF998,210120862,https://www.kugou.com/yy/rank/home/2-6666.html?from=rank
2026-10-06,2026-10-06T10:29:24+08:00,酷狗音乐,飙升榜,酷狗飙升榜,2026-10-06,44,最痛没有眼泪,陈婉菁,,3:56,36929447FE39318BA01A14AACC586EB6,147058991,https://www.kugou.com/yy/rank/home/2-6666.html?from=rank
2026-10-06,2026-10-06T10:29:24+08:00,酷狗音乐,飙升榜,酷狗飙升榜,2026-10-06,45,我一直在这里 (重制版),李玉刚,,3:42,DB8C6D91107167D7D0BED509B4A35D29,206317749,https://www.kugou.com/yy/rank/home/3-6666.html?from=rank
2026-10-06,2026-10-06T10:29:24+08:00,酷狗音乐,飙升榜,酷狗飙升榜,2026-10-06,46,真的爱着你,陈婉菁,,4:47,FDA48DA13439F1AC5311E024A0DFD7D0,144891781,https://www.kugou.com/yy/rank/home/3-6666.html?from=rank
2026-10-06,2026-10-06T10:29:24+08:00,酷狗音乐,飙升榜,酷狗飙升榜,2026-10-06,47,小船晃悠悠,窝窝,,3:06,9E827E2C95B5C9581CF4466F10224100,202790009,https://www.kugou.com/yy/rank/home/3-6666.html?from=rank
2026-10-06,2026-10-06T10:29:24+08:00,酷狗音乐,飙升榜,酷狗飙升榜,2026-10-06,48,See You in the Dark,方逸伦,,3:33,4293388ECBB97D8F08E9D3F3149236FB,209609435,https://www.kugou.com/yy/rank/home/3-6666.html?from=rank
2026-10-06,2026-10-06T10:29:24+08:00,酷狗音乐,飙升榜,酷狗飙升榜,2026-10-06,49,前世欠你一场相逢 (烟嗓男版),烟嗓船长,,3:39,A9C41E751E9D4D70CFDC6D3A73BA5FD8,210116716,https://www.kugou.com/yy/rank/home/3-6666.html?from=rank
2026-10-06,2026-10-06T10:29:24+08:00,酷狗音乐,飙升榜,酷狗飙升榜,2026-10-06,50,想到你又想哭又心疼 (合唱现场版),彭妃妃,,3:37,4D49E4B9ADE521D5DEB5BE067974FE56,209490983,https://www.kugou.com/yy/rank/home/3-6666.html?from=rank
2026-10-06,2026-10-06T10:29:24+08:00,酷狗音乐,飙升榜,酷狗飙升榜,2026-10-06,51,互换,小沈阳、沈春阳,,3:45,67D02417DF9F6D1B31E7FB8C7C598ABD,209492812,https://www.kugou.com/yy/rank/home/3-6666.html?from=rank
2026-10-06,2026-10-06T10:29:24+08:00,酷狗音乐,飙升榜,酷狗飙升榜,2026-10-06,52,我听见了，你的痛苦成立,供销社乐队,,3:31,6CB6A16FFFEB35428346D73908442DBB,194648616,https://www.kugou.com/yy/rank/home/3-6666.html?from=rank
2026-10-06,2026-10-06T10:29:24+08:00,酷狗音乐,飙升榜,酷狗飙升榜,2026-10-06,53,山高水远难相见,何欢浪,,3:25,7E0F9B4A051DAB1FB46BB1D47C99B1A3,201547692,https://www.kugou.com/yy/rank/home/3-6666.html?from=rank
2026-10-06,2026-10-06T10:29:24+08:00,酷狗音乐,飙升榜,酷狗飙升榜,2026-10-06,54,我可以抱你吗,张惠妹,,4:56,29AC33B8120266986966CAA1B6A9F061,968973,https://www.kugou.com/yy/rank/home/3-6666.html?from=rank
2026-10-06,2026-10-06T10:29:24+08:00,酷狗音乐,飙升榜,酷狗飙升榜,2026-10-06,55,背对背拥抱,林俊杰,,3:59,B16C0759B1BF33CA738025656EE2BBAA,1740482,https://www.kugou.com/yy/rank/home/3-6666.html?from=rank
2026-10-06,2026-10-06T10:29:24+08:00,酷狗音乐,飙升榜,酷狗飙升榜,2026-10-06,56,翻过山就能看见河,袁小葳,,2:51,AAE0FB3CBFE74B1B7FACAE80E80162EC,96553145,https://www.kugou.com/yy/rank/home/3-6666.html?from=rank
2026-10-06,2026-10-06T10:29:24+08:00,酷狗音乐,飙升榜,酷狗飙升榜,2026-10-06,57,此生无憾,侗寨欢欢,,4:14,C47E4D33EF079ED40BA38E8C9D432E87,161578926,https://www.kugou.com/yy/rank/home/3-6666.html?from=rank
2026-10-06,2026-10-06T10:29:24+08:00,酷狗音乐,飙升榜,酷狗飙升榜,2026-10-06,58,雨丝情愁 (港风女声版),嘉欣,,4:35,E4155EA5F1C4C35D23951C0D7D5F7568,196922390,https://www.kugou.com/yy/rank/home/3-6666.html?from=rank
2026-10-06,2026-10-06T10:29:24+08:00,酷狗音乐,飙升榜,酷狗飙升榜,2026-10-06,59,红尘梦里,张梦弘,,3:49,B9D357AC2DB8B4BB069C172C574133F8,158651175,https://www.kugou.com/yy/rank/home/3-6666.html?from=rank
2026-10-06,2026-10-06T10:29:24+08:00,酷狗音乐,飙升榜,酷狗飙升榜,2026-10-06,60,蝴蝶停,李玉顺,,3:36,B7969970D4BAA10447EF74B2B0E5A087,208995441,https://www.kugou.com/yy/rank/home/3-6666.html?from=rank
2026-10-06,2026-10-06T10:29:24+08:00,酷狗音乐,飙升榜,酷狗飙升榜,2026-10-06,61,丽娃河畔我们再启航,清晨大攀,,3:12,DC9B0C6F8B10AA85AC80F818D9144A52,210120393,https://www.kugou.com/yy/rank/home/3-6666.html?from=rank
2026-10-06,2026-10-06T10:29:24+08:00,酷狗音乐,飙升榜,酷狗飙升榜,2026-10-06,62,如果你只是经过,Zkaaai,,3:54,8A3DAF66107C04C95D35D9D7D39527F0,43980784,https://www.kugou.com/yy/rank/home/3-6666.html?from=rank
2026-10-06,2026-10-06T10:29:24+08:00,酷狗音乐,飙升榜,酷狗飙升榜,2026-10-06,63,今生劫换来生缘 (串烧版),田园,,2:37,4233DCD4CC3B4C11E496A8A787D010DA,205791921,https://www.kugou.com/yy/rank/home/3-6666.html?from=rank
2026-10-06,2026-10-06T10:29:24+08:00,酷狗音乐,飙升榜,酷狗飙升榜,2026-10-06,64,都怪我贪恋你的温柔,小璐,,3:03,9F476807207513A84036FC647D79D4BC,141521144,https://www.kugou.com/yy/rank/home/3-6666.html?from=rank
2026-10-06,2026-10-06T10:29:24+08:00,酷狗音乐,飙升榜,酷狗飙升榜,2026-10-06,65,高原节拍,香巴拉组合,,3:37,6AC2636984F9BCB6A8093B39CF645F1E,205214499,https://www.kugou.com/yy/rank/home/3-6666.html?from=rank
2026-10-06,2026-10-06T10:29:24+08:00,酷狗音乐,飙升榜,酷狗飙升榜,2026-10-06,66,你不明白,沂楠,,3:47,8E0C71EFC61933E323CC8DE79B59827B,49273318,https://www.kugou.com/yy/rank/home/3-6666.html?from=rank
2026-10-06,2026-10-06T10:29:24+08:00,酷狗音乐,飙升榜,酷狗飙升榜,2026-10-06,67,像我这样爱你的人,田园,,3:15,349E8B04405604A2F61967D28A4991E4,203557216,https://www.kugou.com/yy/rank/home/4-6666.html?from=rank
2026-10-06,2026-10-06T10:29:24+08:00,酷狗音乐,飙升榜,酷狗飙升榜,2026-10-06,68,一次动情•念一生,潇慕涵,,5:47,ED5EAAAB355FE9F82FF60718D849693E,210118061,https://www.kugou.com/yy/rank/home/4-6666.html?from=rank
2026-10-06,2026-10-06T10:29:24+08:00,酷狗音乐,飙升榜,酷狗飙升榜,2026-10-06,69,你怎么舍得我难过 (烟嗓版),谢尔西,,4:24,0C66B54F2DB9050557EAE282010F7C19,199378154,https://www.kugou.com/yy/rank/home/4-6666.html?from=rank
2026-10-06,2026-10-06T10:29:24+08:00,酷狗音乐,飙升榜,酷狗飙升榜,2026-10-06,70,千千阕歌,陈慧娴,,5:01,81E5A1C3B9E016D61FE91B809B4A7DC1,971621,https://www.kugou.com/yy/rank/home/4-6666.html?from=rank
2026-10-06,2026-10-06T10:29:24+08:00,酷狗音乐,飙升榜,酷狗飙升榜,2026-10-06,71,在不该动情的年纪爱上你 (对唱版),烟嗓超哥、田妤,,4:00,1B91411CFC136A6C942EDFDCE4973CF0,189981370,https://www.kugou.com/yy/rank/home/4-6666.html?from=rank
2026-10-06,2026-10-06T10:29:24+08:00,酷狗音乐,飙升榜,酷狗飙升榜,2026-10-06,72,童年 (雷鬼版),白兰的,,4:27,51A9E1F42298FF9CE1C1321DF495FE35,184198773,https://www.kugou.com/yy/rank/home/4-6666.html?from=rank
2026-10-06,2026-10-06T10:29:24+08:00,酷狗音乐,飙升榜,酷狗飙升榜,2026-10-06,73,明月夜 (雷鬼版),白兰的,,4:14,0E0EBFBC24471652D85204099357E516,196982549,https://www.kugou.com/yy/rank/home/4-6666.html?from=rank
2026-10-06,2026-10-06T10:29:24+08:00,酷狗音乐,飙升榜,酷狗飙升榜,2026-10-06,74,Rainy Day,奥華子,,5:48,A1E9137EF14171E0509E55C122D7695B,209604425,https://www.kugou.com/yy/rank/home/4-6666.html?from=rank
2026-10-06,2026-10-06T10:29:24+08:00,酷狗音乐,飙升榜,酷狗飙升榜,2026-10-06,75,人生路多酸楚 (现场版),彭妃妃,,4:11,D7EE905F0324037AB6760366C558B1A9,209619753,https://www.kugou.com/yy/rank/home/4-6666.html?from=rank
2026-10-06,2026-10-06T10:29:24+08:00,酷狗音乐,飙升榜,酷狗飙升榜,2026-10-06,76,我会,李泽华,,4:29,31EE875D9D9AAF34A100E24282D57317,63544491,https://www.kugou.com/yy/rank/home/4-6666.html?from=rank
2026-10-06,2026-10-06T10:29:24+08:00,酷狗音乐,飙升榜,酷狗飙升榜,2026-10-06,77,爱过了就不遗憾 (对唱版),烟嗓超哥、田妤,,4:00,BC4944A6670E061DB9D2320895CACE7F,191508514,https://www.kugou.com/yy/rank/home/4-6666.html?from=rank
2026-10-06,2026-10-06T10:29:24+08:00,酷狗音乐,飙升榜,酷狗飙升榜,2026-10-06,78,如果还能再见一面 (Live),熊照华,,4:42,4F49B9DE18741E8BD89A36DA528D0B98,209484370,https://www.kugou.com/yy/rank/home/4-6666.html?from=rank
2026-10-06,2026-10-06T10:29:24+08:00,酷狗音乐,飙升榜,酷狗飙升榜,2026-10-06,79,泪海 (你怎么舍得让我的泪流向海),段俊,,3:24,C990ED71F7E9FC6A11279F1D6DE8F503,206839041,https://www.kugou.com/yy/rank/home/4-6666.html?from=rank
2026-10-06,2026-10-06T10:29:24+08:00,酷狗音乐,飙升榜,酷狗飙升榜,2026-10-06,80,无名的人,毛不易,,4:42,525A854C4A4EDF63CAF528D693F69CE0,51231315,https://www.kugou.com/yy/rank/home/4-6666.html?from=rank
2026-10-06,2026-10-06T10:29:24+08:00,酷狗音乐,飙升榜,酷狗飙升榜,2026-10-06,81,雾谷筝音 (古筝十大名曲),周泽农,,2:36,E1EF025045F4CA9DA73CDCEFF4DE9D76,206324246,https://www.kugou.com/yy/rank/home/4-6666.html?from=rank
2026-10-06,2026-10-06T10:29:24+08:00,酷狗音乐,飙升榜,酷狗飙升榜,2026-10-06,82,若不是因为你,赵乃吉,,3:07,9E09E68D779B0DE81497AAEA74FFEE52,198182118,https://www.kugou.com/yy/rank/home/4-6666.html?from=rank
2026-10-06,2026-10-06T10:29:24+08:00,酷狗音乐,飙升榜,酷狗飙升榜,2026-10-06,83,最先失守是双眼,格小温,,2:35,BA933B5602FEED1C12744F724B54821D,208404919,https://www.kugou.com/yy/rank/home/4-6666.html?from=rank
2026-10-06,2026-10-06T10:29:24+08:00,酷狗音乐,飙升榜,酷狗飙升榜,2026-10-06,84,心上伊犁 (对唱版),广东吴勇、侗寨欢欢,,4:27,FD81CDD2F9A723F646DC6A104370D96B,205430320,https://www.kugou.com/yy/rank/home/4-6666.html?from=rank
2026-10-06,2026-10-06T10:29:24+08:00,酷狗音乐,飙升榜,酷狗飙升榜,2026-10-06,85,南城,ycccc,,3:06,8A3A49A5F32584429F86B391FFCE3CE0,79779105,https://www.kugou.com/yy/rank/home/4-6666.html?from=rank
2026-10-06,2026-10-06T10:29:24+08:00,酷狗音乐,飙升榜,酷狗飙升榜,2026-10-06,86,梨花雨,黄龄、旷骏祥,,4:32,2E51C9825E3B14A42BEAA3226900CBA4,204120492,https://www.kugou.com/yy/rank/home/4-6666.html?from=rank
2026-10-06,2026-10-06T10:29:24+08:00,酷狗音乐,飙升榜,酷狗飙升榜,2026-10-06,87,如果当初没遇见,一凡,,4:45,A8B3B71C37A013576A432876A931018E,201198536,https://www.kugou.com/yy/rank/home/4-6666.html?from=rank
2026-10-06,2026-10-06T10:29:24+08:00,酷狗音乐,飙升榜,酷狗飙升榜,2026-10-06,88,愿你抬头是晴空,赵乃吉,,3:51,DE815020957A6D96FF61D7D452BB8598,91683189,https://www.kugou.com/yy/rank/home/4-6666.html?from=rank
2026-10-06,2026-10-06T10:29:24+08:00,酷狗音乐,飙升榜,酷狗飙升榜,2026-10-06,89,花开漫山,亚明,,3:08,483E0E679CED043B47124A97FAE09C29,208056700,https://www.kugou.com/yy/rank/home/5-6666.html?from=rank
2026-10-06,2026-10-06T10:29:24+08:00,酷狗音乐,飙升榜,酷狗飙升榜,2026-10-06,90,雨楹静韵 (古筝曲大全纯音乐),景珩,,2:35,2F208A30BACA794690FFD485718C2CC3,208331694,https://www.kugou.com/yy/rank/home/5-6666.html?from=rank
2026-10-06,2026-10-06T10:29:24+08:00,酷狗音乐,飙升榜,酷狗飙升榜,2026-10-06,91,那天你在雨后街角答应接受我的爱,哈基咪,,5:20,87463FA0C2ED6E47FDE2569933583A89,149392315,https://www.kugou.com/yy/rank/home/5-6666.html?from=rank
2026-10-06,2026-10-06T10:29:24+08:00,酷狗音乐,飙升榜,酷狗飙升榜,2026-10-06,92,也许是我不够好 (合唱版),朱玲、李卫平,,3:18,A67114748F005A217175D452E90DA116,210060167,https://www.kugou.com/yy/rank/home/5-6666.html?from=rank
2026-10-06,2026-10-06T10:29:24+08:00,酷狗音乐,飙升榜,酷狗飙升榜,2026-10-06,93,Too Far to Mend,京仔,,4:09,9948A24C324537A48EDA0B06ACD48EC5,207784764,https://www.kugou.com/yy/rank/home/5-6666.html?from=rank
2026-10-06,2026-10-06T10:29:24+08:00,酷狗音乐,飙升榜,酷狗飙升榜,2026-10-06,94,望故乡 (雷鬼女版),湫的歌,,4:18,E9012959AE919AF3A704F23C75CD3C8B,209347107,https://www.kugou.com/yy/rank/home/5-6666.html?from=rank
2026-10-06,2026-10-06T10:29:24+08:00,酷狗音乐,飙升榜,酷狗飙升榜,2026-10-06,95,打工三个月都系裤袋空 (粤语Remix),响碎娇,,2:06,2E9A3B7C4FEAECDBF904EB842EF5816E,208464888,https://www.kugou.com/yy/rank/home/5-6666.html?from=rank
2026-10-06,2026-10-06T10:29:24+08:00,酷狗音乐,飙升榜,酷狗飙升榜,2026-10-06,96,叶里藏花,指尖笑,,3:21,B2349E764601DBB102F42070F5C4F46C,84550158,https://www.kugou.com/yy/rank/home/5-6666.html?from=rank
2026-10-06,2026-10-06T10:29:24+08:00,酷狗音乐,飙升榜,酷狗飙升榜,2026-10-06,97,雨蝶,李翊君,,3:53,72EDF64005B7A44E412F23C5141443D9,26744026,https://www.kugou.com/yy/rank/home/5-6666.html?from=rank
2026-10-06,2026-10-06T10:29:24+08:00,酷狗音乐,飙升榜,酷狗飙升榜,2026-10-06,98,新鸳鸯蝴蝶梦 (R&B律动版),沈听风,,3:21,732E2BFC27BA9A418A0940BBCD0F235D,190034852,https://www.kugou.com/yy/rank/home/5-6666.html?from=rank
2026-10-06,2026-10-06T10:29:24+08:00,酷狗音乐,飙升榜,酷狗飙升榜,2026-10-06,99,最痛不过是深情 (群星大合唱版),烟嗓船长、刘纯、草原兄弟,,4:10,6424D21E9869CA2E91A8054704236BD4,210179487,https://www.kugou.com/yy/rank/home/5-6666.html?from=rank
2026-10-06,2026-10-06T10:29:24+08:00,酷狗音乐,飙升榜,酷狗飙升榜,2026-10-06,100,人间情多,石红豆,,3:10,98E274BC0E94D59F3490EDFED90EE19B,209416308,https://www.kugou.com/yy/rank/home/5-6666.html?from=rank
2026-10-06,2026-10-06T10:29:24+08:00,微博,热搜榜,微博热搜榜,,1,中方放弃谈判直接抓佤邦副总司令,国内时政,热度 1872930；热,,中方放弃谈判直接抓佤邦副总司令,,https://s.weibo.com/weibo?q=%23%E4%B8%AD%E6%96%B9%E6%94%BE%E5%BC%83%E8%B0%88%E5%88%A4%E7%9B%B4%E6%8E%A5%E6%8A%93%E4%BD%A4%E9%82%A6%E5%89%AF%E6%80%BB%E5%8F%B8%E4%BB%A4%23
2026-10-06,2026-10-06T10:29:24+08:00,微博,热搜榜,微博热搜榜,,2,明学昌畏罪自杀身亡照片曝光,民生新闻,热度 1285886；新,,明学昌畏罪自杀身亡照片曝光,,https://s.weibo.com/weibo?q=%23%E6%98%8E%E5%AD%A6%E6%98%8C%E7%95%8F%E7%BD%AA%E8%87%AA%E6%9D%80%E8%BA%AB%E4%BA%A1%E7%85%A7%E7%89%87%E6%9B%9D%E5%85%89%23
2026-10-06,2026-10-06T10:29:24+08:00,微博,热搜榜,微博热搜榜,,3,国庆假期返程9个小贴士,民生新闻,热度 732249；新,,国庆假期返程9个小贴士,,https://s.weibo.com/weibo?q=%23%E5%9B%BD%E5%BA%86%E5%81%87%E6%9C%9F%E8%BF%94%E7%A8%8B9%E4%B8%AA%E5%B0%8F%E8%B4%B4%E5%A3%AB%23
2026-10-06,2026-10-06T10:29:24+08:00,微博,热搜榜,微博热搜榜,,4,黄金睡眠时长出炉,健康医疗,热度 628851,,黄金睡眠时长出炉,,https://s.weibo.com/weibo?q=%23%E9%BB%84%E9%87%91%E7%9D%A1%E7%9C%A0%E6%97%B6%E9%95%BF%E5%87%BA%E7%82%89%23
2026-10-06,2026-10-06T10:29:24+08:00,微博,热搜榜,微博热搜榜,,5,回老家掰苞米感觉世界割裂,情感,热度 575385,,回老家掰苞米感觉世界割裂,,https://s.weibo.com/weibo?q=%23%E5%9B%9E%E8%80%81%E5%AE%B6%E6%8E%B0%E8%8B%9E%E7%B1%B3%E6%84%9F%E8%A7%89%E4%B8%96%E7%95%8C%E5%89%B2%E8%A3%82%23
2026-10-06,2026-10-06T10:29:24+08:00,微博,热搜榜,微博热搜榜,,6,网友称泰山躲雨80元一小时,民生新闻,热度 570932；新,,网友称泰山躲雨80元一小时,,https://s.weibo.com/weibo?q=%23%E7%BD%91%E5%8F%8B%E7%A7%B0%E6%B3%B0%E5%B1%B1%E8%BA%B2%E9%9B%A880%E5%85%83%E4%B8%80%E5%B0%8F%E6%97%B6%23
2026-10-06,2026-10-06T10:29:24+08:00,微博,热搜榜,微博热搜榜,,7,李荣浩回复邓紫棋,"音乐,演出",热度 512567；新,,李荣浩回复邓紫棋,音乐,https://s.weibo.com/weibo?q=%23%E6%9D%8E%E8%8D%A3%E6%B5%A9%E5%9B%9E%E5%A4%8D%E9%82%93%E7%B4%AB%E6%A3%8B%23
2026-10-06,2026-10-06T10:29:24+08:00,微博,热搜榜,微博热搜榜,,8,蒋欣让谭松韵别看兰香如故大结局,剧集,热度 489832；新,,蒋欣让谭松韵别看兰香如故大结局,剧集,https://s.weibo.com/weibo?q=%23%E8%92%8B%E6%AC%A3%E8%AE%A9%E8%B0%AD%E6%9D%BE%E9%9F%B5%E5%88%AB%E7%9C%8B%E5%85%B0%E9%A6%99%E5%A6%82%E6%95%85%E5%A4%A7%E7%BB%93%E5%B1%80%23
2026-10-06,2026-10-06T10:29:24+08:00,微博,热搜榜,微博热搜榜,,9,中国空心光纤网速更快了,国内时政,热度 395099,,中国空心光纤网速更快了,,https://s.weibo.com/weibo?q=%23%E4%B8%AD%E5%9B%BD%E7%A9%BA%E5%BF%83%E5%85%89%E7%BA%A4%E7%BD%91%E9%80%9F%E6%9B%B4%E5%BF%AB%E4%BA%86%23
2026-10-06,2026-10-06T10:29:24+08:00,微博,热搜榜,微博热搜榜,,10,中国代表点名警告英澳日等国,国际时政,热度 381059；新,,中国代表点名警告英澳日等国,,https://s.weibo.com/weibo?q=%23%E4%B8%AD%E5%9B%BD%E4%BB%A3%E8%A1%A8%E7%82%B9%E5%90%8D%E8%AD%A6%E5%91%8A%E8%8B%B1%E6%BE%B3%E6%97%A5%E7%AD%89%E5%9B%BD%23
2026-10-06,2026-10-06T10:29:24+08:00,微博,热搜榜,微博热搜榜,,11,瑞幸发刘亦菲宣传照,艺人,热度 380241；新,,瑞幸发刘亦菲宣传照,['刘亦菲'],https://s.weibo.com/weibo?q=%23%E7%91%9E%E5%B9%B8%E5%8F%91%E5%88%98%E4%BA%A6%E8%8F%B2%E5%AE%A3%E4%BC%A0%E7%85%A7%23
2026-10-06,2026-10-06T10:29:24+08:00,微博,热搜榜,微博热搜榜,,12,黄子韬直播回应王鹤棣为人如何,艺人,热度 377461,,黄子韬直播回应王鹤棣为人如何,"['黄子韬', '王鹤棣']",https://s.weibo.com/weibo?q=%23%E9%BB%84%E5%AD%90%E9%9F%AC%E7%9B%B4%E6%92%AD%E5%9B%9E%E5%BA%94%E7%8E%8B%E9%B9%A4%E6%A3%A3%E4%B8%BA%E4%BA%BA%E5%A6%82%E4%BD%95%23
2026-10-06,2026-10-06T10:29:24+08:00,微博,热搜榜,微博热搜榜,,13,陈楚生刑事民事重拳追责,艺人,热度 375822；新,,陈楚生刑事民事重拳追责,['陈楚生'],https://s.weibo.com/weibo?q=%23%E9%99%88%E6%A5%9A%E7%94%9F%E5%88%91%E4%BA%8B%E6%B0%91%E4%BA%8B%E9%87%8D%E6%8B%B3%E8%BF%BD%E8%B4%A3%23
2026-10-06,2026-10-06T10:29:24+08:00,微博,热搜榜,微博热搜榜,,14,黑泽曾爆料代露娃爱打麻将,艺人,热度 372443,,黑泽曾爆料代露娃爱打麻将,"['代露娃', '黑泽']",https://s.weibo.com/weibo?q=%23%E9%BB%91%E6%B3%BD%E6%9B%BE%E7%88%86%E6%96%99%E4%BB%A3%E9%9C%B2%E5%A8%83%E7%88%B1%E6%89%93%E9%BA%BB%E5%B0%86%23
2026-10-06,2026-10-06T10:29:24+08:00,微博,热搜榜,微博热搜榜,,15,缅方一直说没有中国人死,民生新闻,热度 371717；新,,缅方一直说没有中国人死,,https://s.weibo.com/weibo?q=%23%E7%BC%85%E6%96%B9%E4%B8%80%E7%9B%B4%E8%AF%B4%E6%B2%A1%E6%9C%89%E4%B8%AD%E5%9B%BD%E4%BA%BA%E6%AD%BB%23
2026-10-06,2026-10-06T10:29:24+08:00,微博,热搜榜,微博热搜榜,,16,缅甸电诈园区或卷土重来,国际时政,热度 355831,,缅甸电诈园区或卷土重来,,https://s.weibo.com/weibo?q=%23%E7%BC%85%E7%94%B8%E7%94%B5%E8%AF%88%E5%9B%AD%E5%8C%BA%E6%88%96%E5%8D%B7%E5%9C%9F%E9%87%8D%E6%9D%A5%23
2026-10-06,2026-10-06T10:29:24+08:00,微博,热搜榜,微博热搜榜,,17,肖战吓得兔牙都出来了,艺人,热度 303227,,肖战吓得兔牙都出来了,['肖战'],https://s.weibo.com/weibo?q=%23%E8%82%96%E6%88%98%E5%90%93%E5%BE%97%E5%85%94%E7%89%99%E9%83%BD%E5%87%BA%E6%9D%A5%E4%BA%86%23
2026-10-06,2026-10-06T10:29:24+08:00,微博,热搜榜,微博热搜榜,,18,建议大家买房一定要远离公园,民生新闻,热度 248922,,建议大家买房一定要远离公园,,https://s.weibo.com/weibo?q=%23%E5%BB%BA%E8%AE%AE%E5%A4%A7%E5%AE%B6%E4%B9%B0%E6%88%BF%E4%B8%80%E5%AE%9A%E8%A6%81%E8%BF%9C%E7%A6%BB%E5%85%AC%E5%9B%AD%23
2026-10-06,2026-10-06T10:29:24+08:00,微博,热搜榜,微博热搜榜,,19,代露娃不被同情的原因,综艺,热度 248869,,代露娃不被同情的原因,综艺,https://s.weibo.com/weibo?q=%23%E4%BB%A3%E9%9C%B2%E5%A8%83%E4%B8%8D%E8%A2%AB%E5%90%8C%E6%83%85%E7%9A%84%E5%8E%9F%E5%9B%A0%23
2026-10-06,2026-10-06T10:29:24+08:00,微博,热搜榜,微博热搜榜,,20,未来几年能留住现金流最重要,互联网,热度 248523,,未来几年能留住现金流最重要,,https://s.weibo.com/weibo?q=%23%E6%9C%AA%E6%9D%A5%E5%87%A0%E5%B9%B4%E8%83%BD%E7%95%99%E4%BD%8F%E7%8E%B0%E9%87%91%E6%B5%81%E6%9C%80%E9%87%8D%E8%A6%81%23
2026-10-06,2026-10-06T10:29:24+08:00,微博,热搜榜,微博热搜榜,,21,明珍珍笑着讲述杀人埋尸,民生新闻,热度 248078；热,,明珍珍笑着讲述杀人埋尸,,https://s.weibo.com/weibo?q=%23%E6%98%8E%E7%8F%8D%E7%8F%8D%E7%AC%91%E7%9D%80%E8%AE%B2%E8%BF%B0%E6%9D%80%E4%BA%BA%E5%9F%8B%E5%B0%B8%23
2026-10-06,2026-10-06T10:29:24+08:00,微博,热搜榜,微博热搜榜,,22,博主称已婚宝妈不吃苦是假象,情感,热度 247997,,博主称已婚宝妈不吃苦是假象,,https://s.weibo.com/weibo?q=%23%E5%8D%9A%E4%B8%BB%E7%A7%B0%E5%B7%B2%E5%A9%9A%E5%AE%9D%E5%A6%88%E4%B8%8D%E5%90%83%E8%8B%A6%E6%98%AF%E5%81%87%E8%B1%A1%23
2026-10-06,2026-10-06T10:29:24+08:00,微博,热搜榜,微博热搜榜,,23,刘亦菲 掉代言,艺人,热度 247549,,刘亦菲 掉代言,['刘亦菲'],https://s.weibo.com/weibo?q=%23%E5%88%98%E4%BA%A6%E8%8F%B2%20%E6%8E%89%E4%BB%A3%E8%A8%80%23
2026-10-06,2026-10-06T10:29:24+08:00,微博,热搜榜,微博热搜榜,,24,重庆盗矿案件7人死亡,民生新闻,热度 247494；新,,重庆盗矿案件7人死亡,,https://s.weibo.com/weibo?q=%23%E9%87%8D%E5%BA%86%E7%9B%97%E7%9F%BF%E6%A1%88%E4%BB%B67%E4%BA%BA%E6%AD%BB%E4%BA%A1%23
2026-10-06,2026-10-06T10:29:24+08:00,微博,热搜榜,微博热搜榜,,25,王一博你到底怎么了开心成这样,艺人,热度 247235；新,,王一博你到底怎么了开心成这样,['王一博'],https://s.weibo.com/weibo?q=%23%E7%8E%8B%E4%B8%80%E5%8D%9A%E4%BD%A0%E5%88%B0%E5%BA%95%E6%80%8E%E4%B9%88%E4%BA%86%E5%BC%80%E5%BF%83%E6%88%90%E8%BF%99%E6%A0%B7%23
2026-10-06,2026-10-06T10:29:24+08:00,微博,热搜榜,微博热搜榜,,26,老人称女儿退休每月拿两万多,民生新闻,热度 245865,,老人称女儿退休每月拿两万多,,https://s.weibo.com/weibo?q=%23%E8%80%81%E4%BA%BA%E7%A7%B0%E5%A5%B3%E5%84%BF%E9%80%80%E4%BC%91%E6%AF%8F%E6%9C%88%E6%8B%BF%E4%B8%A4%E4%B8%87%E5%A4%9A%23
2026-10-06,2026-10-06T10:29:24+08:00,微博,热搜榜,微博热搜榜,,27,你身边那个无痕旅游的朋友,幽默,热度 238923；新,,你身边那个无痕旅游的朋友,,https://s.weibo.com/weibo?q=%23%E4%BD%A0%E8%BA%AB%E8%BE%B9%E9%82%A3%E4%B8%AA%E6%97%A0%E7%97%95%E6%97%85%E6%B8%B8%E7%9A%84%E6%9C%8B%E5%8F%8B%23
2026-10-06,2026-10-06T10:29:24+08:00,微博,热搜榜,微博热搜榜,,28,瑞幸官微下场,艺人,热度 231685；新,,瑞幸官微下场,,https://s.weibo.com/weibo?q=%23%E7%91%9E%E5%B9%B8%E5%AE%98%E5%BE%AE%E4%B8%8B%E5%9C%BA%23
2026-10-06,2026-10-06T10:29:24+08:00,微博,热搜榜,微博热搜榜,,29,李勒优现在正在拼豆店打工,艺人,热度 215475,,李勒优现在正在拼豆店打工,['李勒优'],https://s.weibo.com/weibo?q=%23%E6%9D%8E%E5%8B%92%E4%BC%98%E7%8E%B0%E5%9C%A8%E6%AD%A3%E5%9C%A8%E6%8B%BC%E8%B1%86%E5%BA%97%E6%89%93%E5%B7%A5%23
2026-10-06,2026-10-06T10:29:24+08:00,微博,热搜榜,微博热搜榜,,30,刘学义没对谭松韵用绅士手,剧集,热度 207620,,刘学义没对谭松韵用绅士手,剧集,https://s.weibo.com/weibo?q=%23%E5%88%98%E5%AD%A6%E4%B9%89%E6%B2%A1%E5%AF%B9%E8%B0%AD%E6%9D%BE%E9%9F%B5%E7%94%A8%E7%BB%85%E5%A3%AB%E6%89%8B%23
2026-10-06,2026-10-06T10:29:24+08:00,微博,热搜榜,微博热搜榜,,31,高芙表示赛后已向孙心然道歉,体育,热度 207198；新,,高芙表示赛后已向孙心然道歉,,https://s.weibo.com/weibo?q=%23%E9%AB%98%E8%8A%99%E8%A1%A8%E7%A4%BA%E8%B5%9B%E5%90%8E%E5%B7%B2%E5%90%91%E5%AD%99%E5%BF%83%E7%84%B6%E9%81%93%E6%AD%89%23
2026-10-06,2026-10-06T10:29:24+08:00,微博,热搜榜,微博热搜榜,,32,中国警方缅北战火下挖出同胞遗体,民生新闻,热度 204713,,中国警方缅北战火下挖出同胞遗体,,https://s.weibo.com/weibo?q=%23%E4%B8%AD%E5%9B%BD%E8%AD%A6%E6%96%B9%E7%BC%85%E5%8C%97%E6%88%98%E7%81%AB%E4%B8%8B%E6%8C%96%E5%87%BA%E5%90%8C%E8%83%9E%E9%81%97%E4%BD%93%23
2026-10-06,2026-10-06T10:29:24+08:00,微博,热搜榜,微博热搜榜,,33,恒山悬空寺在科威特火了,旅游,热度 195834,,恒山悬空寺在科威特火了,,https://s.weibo.com/weibo?q=%23%E6%81%92%E5%B1%B1%E6%82%AC%E7%A9%BA%E5%AF%BA%E5%9C%A8%E7%A7%91%E5%A8%81%E7%89%B9%E7%81%AB%E4%BA%86%23
2026-10-06,2026-10-06T10:29:24+08:00,微博,热搜榜,微博热搜榜,,34,伦敦冰箱贴竟印着郑州,幽默,热度 192158,,伦敦冰箱贴竟印着郑州,,https://s.weibo.com/weibo?q=%23%E4%BC%A6%E6%95%A6%E5%86%B0%E7%AE%B1%E8%B4%B4%E7%AB%9F%E5%8D%B0%E7%9D%80%E9%83%91%E5%B7%9E%23
2026-10-06,2026-10-06T10:29:24+08:00,微博,热搜榜,微博热搜榜,,35,男孩买3瓶饮料连中71瓶,民生新闻,热度 178622,,男孩买3瓶饮料连中71瓶,,https://s.weibo.com/weibo?q=%23%E7%94%B7%E5%AD%A9%E4%B9%B03%E7%93%B6%E9%A5%AE%E6%96%99%E8%BF%9E%E4%B8%AD71%E7%93%B6%23
2026-10-06,2026-10-06T10:29:24+08:00,微博,热搜榜,微博热搜榜,,36,月老啊 他俩的红线一定要牵紧了,作品衍生,热度 175822；新,,月老啊 他俩的红线一定要牵紧了,,https://s.weibo.com/weibo?q=%23%E6%9C%88%E8%80%81%E5%95%8A%20%E4%BB%96%E4%BF%A9%E7%9A%84%E7%BA%A2%E7%BA%BF%E4%B8%80%E5%AE%9A%E8%A6%81%E7%89%B5%E7%B4%A7%E4%BA%86%23
2026-10-06,2026-10-06T10:29:24+08:00,微博,热搜榜,微博热搜榜,,37,英航一客机7分钟急坠8230米,民生新闻,热度 175234；新,,英航一客机7分钟急坠8230米,,https://s.weibo.com/weibo?q=%23%E8%8B%B1%E8%88%AA%E4%B8%80%E5%AE%A2%E6%9C%BA7%E5%88%86%E9%92%9F%E6%80%A5%E5%9D%A08230%E7%B1%B3%23
2026-10-06,2026-10-06T10:29:24+08:00,微博,热搜榜,微博热搜榜,,38,一百万买车预算只剩两万,幽默,热度 174352,,一百万买车预算只剩两万,,https://s.weibo.com/weibo?q=%23%E4%B8%80%E7%99%BE%E4%B8%87%E4%B9%B0%E8%BD%A6%E9%A2%84%E7%AE%97%E5%8F%AA%E5%89%A9%E4%B8%A4%E4%B8%87%23
2026-10-06,2026-10-06T10:29:24+08:00,微博,热搜榜,微博热搜榜,,39,村民放螺丝钉占路晒玉米,民生新闻,热度 171617；新,,村民放螺丝钉占路晒玉米,,https://s.weibo.com/weibo?q=%23%E6%9D%91%E6%B0%91%E6%94%BE%E8%9E%BA%E4%B8%9D%E9%92%89%E5%8D%A0%E8%B7%AF%E6%99%92%E7%8E%89%E7%B1%B3%23
2026-10-06,2026-10-06T10:29:24+08:00,微博,热搜榜,微博热搜榜,,40,阿根廷队长最后一练后晒照,体育,热度 171444；新,,阿根廷队长最后一练后晒照,,https://s.weibo.com/weibo?q=%23%E9%98%BF%E6%A0%B9%E5%BB%B7%E9%98%9F%E9%95%BF%E6%9C%80%E5%90%8E%E4%B8%80%E7%BB%83%E5%90%8E%E6%99%92%E7%85%A7%23
2026-10-06,2026-10-06T10:29:24+08:00,微博,热搜榜,微博热搜榜,,41,杰伦布朗76人首秀22分,体育,热度 171256；新,,杰伦布朗76人首秀22分,,https://s.weibo.com/weibo?q=%23%E6%9D%B0%E4%BC%A6%E5%B8%83%E6%9C%9776%E4%BA%BA%E9%A6%96%E7%A7%8022%E5%88%86%23
2026-10-06,2026-10-06T10:29:24+08:00,微博,热搜榜,微博热搜榜,,42,沙玥儿 陈鹤文,艺人,热度 169390；新,,沙玥儿 陈鹤文,,https://s.weibo.com/weibo?q=%23%E6%B2%99%E7%8E%A5%E5%84%BF%20%E9%99%88%E9%B9%A4%E6%96%87%23
2026-10-06,2026-10-06T10:29:24+08:00,微博,热搜榜,微博热搜榜,,43,辛芷蕾chanel大秀G社生图,作品衍生,热度 166686；新,,辛芷蕾chanel大秀G社生图,['辛芷蕾'],https://s.weibo.com/weibo?q=%23%E8%BE%9B%E8%8A%B7%E8%95%BEchanel%E5%A4%A7%E7%A7%80G%E7%A4%BE%E7%94%9F%E5%9B%BE%23
2026-10-06,2026-10-06T10:29:24+08:00,微博,热搜榜,微博热搜榜,,44,港媒拍到杨幂又悄悄到香港了,艺人,热度 163663,,港媒拍到杨幂又悄悄到香港了,['杨幂'],https://s.weibo.com/weibo?q=%23%E6%B8%AF%E5%AA%92%E6%8B%8D%E5%88%B0%E6%9D%A8%E5%B9%82%E5%8F%88%E6%82%84%E6%82%84%E5%88%B0%E9%A6%99%E6%B8%AF%E4%BA%86%23
2026-10-06,2026-10-06T10:29:24+08:00,微博,热搜榜,微博热搜榜,,45,游客免费住宿舍学生同意了吗,民生新闻,热度 154859,,游客免费住宿舍学生同意了吗,,https://s.weibo.com/weibo?q=%23%E6%B8%B8%E5%AE%A2%E5%85%8D%E8%B4%B9%E4%BD%8F%E5%AE%BF%E8%88%8D%E5%AD%A6%E7%94%9F%E5%90%8C%E6%84%8F%E4%BA%86%E5%90%97%23
2026-10-06,2026-10-06T10:29:24+08:00,微博,热搜榜,微博热搜榜,,46,蔡天凤案导火索是6000万豪宅,民生新闻,热度 152526,,蔡天凤案导火索是6000万豪宅,,https://s.weibo.com/weibo?q=%23%E8%94%A1%E5%A4%A9%E5%87%A4%E6%A1%88%E5%AF%BC%E7%81%AB%E7%B4%A2%E6%98%AF6000%E4%B8%87%E8%B1%AA%E5%AE%85%23
2026-10-06,2026-10-06T10:29:24+08:00,微博,热搜榜,微博热搜榜,,47,尼克斯vs76人,体育,热度 149250,,尼克斯vs76人,,https://s.weibo.com/weibo?q=%23%E5%B0%BC%E5%85%8B%E6%96%AFvs76%E4%BA%BA%23
2026-10-06,2026-10-06T10:29:24+08:00,微博,热搜榜,微博热搜榜,,48,张居正 胡歌,剧集,热度 147315,,张居正 胡歌,剧集,https://s.weibo.com/weibo?q=%23%E5%BC%A0%E5%B1%85%E6%AD%A3%20%E8%83%A1%E6%AD%8C%23
2026-10-06,2026-10-06T10:29:24+08:00,微博,热搜榜,微博热搜榜,,49,郑钦文将战莱巴金娜终结者,体育,热度 146620；新,,郑钦文将战莱巴金娜终结者,,https://s.weibo.com/weibo?q=%23%E9%83%91%E9%92%A6%E6%96%87%E5%B0%86%E6%88%98%E8%8E%B1%E5%B7%B4%E9%87%91%E5%A8%9C%E7%BB%88%E7%BB%93%E8%80%85%23
2026-10-06,2026-10-06T10:29:24+08:00,微博,热搜榜,微博热搜榜,,50,东哥称明星美女难接触科技新贵,互联网,热度 146608,,东哥称明星美女难接触科技新贵,,https://s.weibo.com/weibo?q=%23%E4%B8%9C%E5%93%A5%E7%A7%B0%E6%98%8E%E6%98%9F%E7%BE%8E%E5%A5%B3%E9%9A%BE%E6%8E%A5%E8%A7%A6%E7%A7%91%E6%8A%80%E6%96%B0%E8%B4%B5%23
2026-10-06,2026-10-06T10:29:24+08:00,微博,文娱热搜榜,微博热搜榜-文娱条目,,1,李荣浩回复邓紫棋,"音乐,演出",总榜排名 7；热度 512567；新,,李荣浩回复邓紫棋,音乐,https://s.weibo.com/weibo?q=%23%E6%9D%8E%E8%8D%A3%E6%B5%A9%E5%9B%9E%E5%A4%8D%E9%82%93%E7%B4%AB%E6%A3%8B%23
2026-10-06,2026-10-06T10:29:24+08:00,微博,文娱热搜榜,微博热搜榜-文娱条目,,2,蒋欣让谭松韵别看兰香如故大结局,剧集,总榜排名 8；热度 489832；新,,蒋欣让谭松韵别看兰香如故大结局,剧集,https://s.weibo.com/weibo?q=%23%E8%92%8B%E6%AC%A3%E8%AE%A9%E8%B0%AD%E6%9D%BE%E9%9F%B5%E5%88%AB%E7%9C%8B%E5%85%B0%E9%A6%99%E5%A6%82%E6%95%85%E5%A4%A7%E7%BB%93%E5%B1%80%23
2026-10-06,2026-10-06T10:29:24+08:00,微博,文娱热搜榜,微博热搜榜-文娱条目,,3,瑞幸发刘亦菲宣传照,艺人,总榜排名 11；热度 380241；新,,瑞幸发刘亦菲宣传照,['刘亦菲'],https://s.weibo.com/weibo?q=%23%E7%91%9E%E5%B9%B8%E5%8F%91%E5%88%98%E4%BA%A6%E8%8F%B2%E5%AE%A3%E4%BC%A0%E7%85%A7%23
2026-10-06,2026-10-06T10:29:24+08:00,微博,文娱热搜榜,微博热搜榜-文娱条目,,4,黄子韬直播回应王鹤棣为人如何,艺人,总榜排名 12；热度 377461,,黄子韬直播回应王鹤棣为人如何,"['黄子韬', '王鹤棣']",https://s.weibo.com/weibo?q=%23%E9%BB%84%E5%AD%90%E9%9F%AC%E7%9B%B4%E6%92%AD%E5%9B%9E%E5%BA%94%E7%8E%8B%E9%B9%A4%E6%A3%A3%E4%B8%BA%E4%BA%BA%E5%A6%82%E4%BD%95%23
2026-10-06,2026-10-06T10:29:24+08:00,微博,文娱热搜榜,微博热搜榜-文娱条目,,5,陈楚生刑事民事重拳追责,艺人,总榜排名 13；热度 375822；新,,陈楚生刑事民事重拳追责,['陈楚生'],https://s.weibo.com/weibo?q=%23%E9%99%88%E6%A5%9A%E7%94%9F%E5%88%91%E4%BA%8B%E6%B0%91%E4%BA%8B%E9%87%8D%E6%8B%B3%E8%BF%BD%E8%B4%A3%23
2026-10-06,2026-10-06T10:29:24+08:00,微博,文娱热搜榜,微博热搜榜-文娱条目,,6,黑泽曾爆料代露娃爱打麻将,艺人,总榜排名 14；热度 372443,,黑泽曾爆料代露娃爱打麻将,"['代露娃', '黑泽']",https://s.weibo.com/weibo?q=%23%E9%BB%91%E6%B3%BD%E6%9B%BE%E7%88%86%E6%96%99%E4%BB%A3%E9%9C%B2%E5%A8%83%E7%88%B1%E6%89%93%E9%BA%BB%E5%B0%86%23
2026-10-06,2026-10-06T10:29:24+08:00,微博,文娱热搜榜,微博热搜榜-文娱条目,,7,肖战吓得兔牙都出来了,艺人,总榜排名 17；热度 303227,,肖战吓得兔牙都出来了,['肖战'],https://s.weibo.com/weibo?q=%23%E8%82%96%E6%88%98%E5%90%93%E5%BE%97%E5%85%94%E7%89%99%E9%83%BD%E5%87%BA%E6%9D%A5%E4%BA%86%23
2026-10-06,2026-10-06T10:29:24+08:00,微博,文娱热搜榜,微博热搜榜-文娱条目,,8,代露娃不被同情的原因,综艺,总榜排名 19；热度 248869,,代露娃不被同情的原因,综艺,https://s.weibo.com/weibo?q=%23%E4%BB%A3%E9%9C%B2%E5%A8%83%E4%B8%8D%E8%A2%AB%E5%90%8C%E6%83%85%E7%9A%84%E5%8E%9F%E5%9B%A0%23
2026-10-06,2026-10-06T10:29:24+08:00,微博,文娱热搜榜,微博热搜榜-文娱条目,,9,刘亦菲 掉代言,艺人,总榜排名 23；热度 247549,,刘亦菲 掉代言,['刘亦菲'],https://s.weibo.com/weibo?q=%23%E5%88%98%E4%BA%A6%E8%8F%B2%20%E6%8E%89%E4%BB%A3%E8%A8%80%23
2026-10-06,2026-10-06T10:29:24+08:00,微博,文娱热搜榜,微博热搜榜-文娱条目,,10,王一博你到底怎么了开心成这样,艺人,总榜排名 25；热度 247235；新,,王一博你到底怎么了开心成这样,['王一博'],https://s.weibo.com/weibo?q=%23%E7%8E%8B%E4%B8%80%E5%8D%9A%E4%BD%A0%E5%88%B0%E5%BA%95%E6%80%8E%E4%B9%88%E4%BA%86%E5%BC%80%E5%BF%83%E6%88%90%E8%BF%99%E6%A0%B7%23
2026-10-06,2026-10-06T10:29:24+08:00,微博,文娱热搜榜,微博热搜榜-文娱条目,,11,瑞幸官微下场,艺人,总榜排名 28；热度 231685；新,,瑞幸官微下场,,https://s.weibo.com/weibo?q=%23%E7%91%9E%E5%B9%B8%E5%AE%98%E5%BE%AE%E4%B8%8B%E5%9C%BA%23
2026-10-06,2026-10-06T10:29:24+08:00,微博,文娱热搜榜,微博热搜榜-文娱条目,,12,李勒优现在正在拼豆店打工,艺人,总榜排名 29；热度 215475,,李勒优现在正在拼豆店打工,['李勒优'],https://s.weibo.com/weibo?q=%23%E6%9D%8E%E5%8B%92%E4%BC%98%E7%8E%B0%E5%9C%A8%E6%AD%A3%E5%9C%A8%E6%8B%BC%E8%B1%86%E5%BA%97%E6%89%93%E5%B7%A5%23
2026-10-06,2026-10-06T10:29:24+08:00,微博,文娱热搜榜,微博热搜榜-文娱条目,,13,刘学义没对谭松韵用绅士手,剧集,总榜排名 30；热度 207620,,刘学义没对谭松韵用绅士手,剧集,https://s.weibo.com/weibo?q=%23%E5%88%98%E5%AD%A6%E4%B9%89%E6%B2%A1%E5%AF%B9%E8%B0%AD%E6%9D%BE%E9%9F%B5%E7%94%A8%E7%BB%85%E5%A3%AB%E6%89%8B%23
2026-10-06,2026-10-06T10:29:24+08:00,微博,文娱热搜榜,微博热搜榜-文娱条目,,14,月老啊 他俩的红线一定要牵紧了,作品衍生,总榜排名 36；热度 175822；新,,月老啊 他俩的红线一定要牵紧了,,https://s.weibo.com/weibo?q=%23%E6%9C%88%E8%80%81%E5%95%8A%20%E4%BB%96%E4%BF%A9%E7%9A%84%E7%BA%A2%E7%BA%BF%E4%B8%80%E5%AE%9A%E8%A6%81%E7%89%B5%E7%B4%A7%E4%BA%86%23
2026-10-06,2026-10-06T10:29:24+08:00,微博,文娱热搜榜,微博热搜榜-文娱条目,,15,沙玥儿 陈鹤文,艺人,总榜排名 42；热度 169390；新,,沙玥儿 陈鹤文,,https://s.weibo.com/weibo?q=%23%E6%B2%99%E7%8E%A5%E5%84%BF%20%E9%99%88%E9%B9%A4%E6%96%87%23
2026-10-06,2026-10-06T10:29:24+08:00,微博,文娱热搜榜,微博热搜榜-文娱条目,,16,辛芷蕾chanel大秀G社生图,作品衍生,总榜排名 43；热度 166686；新,,辛芷蕾chanel大秀G社生图,['辛芷蕾'],https://s.weibo.com/weibo?q=%23%E8%BE%9B%E8%8A%B7%E8%95%BEchanel%E5%A4%A7%E7%A7%80G%E7%A4%BE%E7%94%9F%E5%9B%BE%23
2026-10-06,2026-10-06T10:29:24+08:00,微博,文娱热搜榜,微博热搜榜-文娱条目,,17,港媒拍到杨幂又悄悄到香港了,艺人,总榜排名 44；热度 163663,,港媒拍到杨幂又悄悄到香港了,['杨幂'],https://s.weibo.com/weibo?q=%23%E6%B8%AF%E5%AA%92%E6%8B%8D%E5%88%B0%E6%9D%A8%E5%B9%82%E5%8F%88%E6%82%84%E6%82%84%E5%88%B0%E9%A6%99%E6%B8%AF%E4%BA%86%23
2026-10-06,2026-10-06T10:29:24+08:00,微博,文娱热搜榜,微博热搜榜-文娱条目,,18,张居正 胡歌,剧集,总榜排名 48；热度 147315,,张居正 胡歌,剧集,https://s.weibo.com/weibo?q=%23%E5%BC%A0%E5%B1%85%E6%AD%A3%20%E8%83%A1%E6%AD%8C%23
