snapshot_date,captured_at,platform,chart,official_chart,platform_date,rank,song_name,artist,chart_metric,duration,song_id,album_id,source_url
2026-07-28,2026-07-28T16:02:20+08:00,QQ音乐,热歌榜,热歌榜,2026-07-28,1,唯我论者的独白,马嘉祺,新进,,710185115,002SyJWd06jbh4,https://y.qq.com/n/ryqq/toplist/26
2026-07-28,2026-07-28T16:02:20+08:00,QQ音乐,热歌榜,热歌榜,2026-07-28,2,甲乙丙丁 (你我怎么两清),李佳薇,0,,696262512,00446QRA1fTdqA,https://y.qq.com/n/ryqq/toplist/26
2026-07-28,2026-07-28T16:02:20+08:00,QQ音乐,热歌榜,热歌榜,2026-07-28,3,恋人,李荣浩,上升 1,,496054946,004HaG7p4ZkhXA,https://y.qq.com/n/ryqq/toplist/26
2026-07-28,2026-07-28T16:02:20+08:00,QQ音乐,热歌榜,热歌榜,2026-07-28,4,失眠,Suki刘舒妤,上升 1,,4733575,002xCeeN4EJ1Ke,https://y.qq.com/n/ryqq/toplist/26
2026-07-28,2026-07-28T16:02:20+08:00,QQ音乐,热歌榜,热歌榜,2026-07-28,5,无人之岛,任然,下降 2,,203452364,002lMPc30c4rOO,https://y.qq.com/n/ryqq/toplist/26
2026-07-28,2026-07-28T16:02:20+08:00,QQ音乐,热歌榜,热歌榜,2026-07-28,6,ANGEL (天使),尹美莱 (윤미래)/Tiger JK/Bizzy (비지),0,,101138130,000qiKcT05rSr9,https://y.qq.com/n/ryqq/toplist/26
2026-07-28,2026-07-28T16:02:20+08:00,QQ音乐,热歌榜,热歌榜,2026-07-28,7,雨爱,杨丞琳,上升 2,,645819,000jcKFG0sQrD0,https://y.qq.com/n/ryqq/toplist/26
2026-07-28,2026-07-28T16:02:20+08:00,QQ音乐,热歌榜,热歌榜,2026-07-28,8,樱花草,Sweety,下降 1,,481456,000pKXff1doeOd,https://y.qq.com/n/ryqq/toplist/26
2026-07-28,2026-07-28T16:02:20+08:00,QQ音乐,热歌榜,热歌榜,2026-07-28,9,阴天,莫文蔚,下降 1,,4830345,000hTTJN3oScZr,https://y.qq.com/n/ryqq/toplist/26
2026-07-28,2026-07-28T16:02:20+08:00,QQ音乐,热歌榜,热歌榜,2026-07-28,10,我怀念的,孙燕姿,0,,5211338,000P3l050Olt27,https://y.qq.com/n/ryqq/toplist/26
2026-07-28,2026-07-28T16:02:20+08:00,QQ音乐,热歌榜,热歌榜,2026-07-28,11,雨过后的风景,Dizzy Dizzo (蔡诗芸),上升 1,,1960263,0038xSkp1EcVBf,https://y.qq.com/n/ryqq/toplist/26
2026-07-28,2026-07-28T16:02:20+08:00,QQ音乐,热歌榜,热歌榜,2026-07-28,12,爱错,王力宏,下降 1,,105905415,002ElVxf43rOue,https://y.qq.com/n/ryqq/toplist/26
2026-07-28,2026-07-28T16:02:20+08:00,QQ音乐,热歌榜,热歌榜,2026-07-28,13,唯一,G.E.M. 邓紫棋,上升 1,,438910555,002d6m7k0xCbSv,https://y.qq.com/n/ryqq/toplist/26
2026-07-28,2026-07-28T16:02:20+08:00,QQ音乐,热歌榜,热歌榜,2026-07-28,14,Always Online,林俊杰,上升 1,,447257,002g6zv02X7SNi,https://y.qq.com/n/ryqq/toplist/26
2026-07-28,2026-07-28T16:02:20+08:00,QQ音乐,热歌榜,热歌榜,2026-07-28,15,演员,薛之谦,上升 1,,102636799,003y8dsH2wBHlo,https://y.qq.com/n/ryqq/toplist/26
2026-07-28,2026-07-28T16:02:20+08:00,QQ音乐,热歌榜,热歌榜,2026-07-28,16,盛夏的果实,莫文蔚,上升 1,,4830161,000KeV8l1PIjxt,https://y.qq.com/n/ryqq/toplist/26
2026-07-28,2026-07-28T16:02:20+08:00,QQ音乐,热歌榜,热歌榜,2026-07-28,17,讨厌,芮恩,下降 4,,138194,001EFkTG1wgW4n,https://y.qq.com/n/ryqq/toplist/26
2026-07-28,2026-07-28T16:02:20+08:00,QQ音乐,热歌榜,热歌榜,2026-07-28,18,我不难过,孙燕姿,上升 2,,8136,004VSvF52mQoQp,https://y.qq.com/n/ryqq/toplist/26
2026-07-28,2026-07-28T16:02:20+08:00,QQ音乐,热歌榜,热歌榜,2026-07-28,19,特别的人,方大同,下降 1,,5293866,000GvdTR0qcKh8,https://y.qq.com/n/ryqq/toplist/26
2026-07-28,2026-07-28T16:02:20+08:00,QQ音乐,热歌榜,热歌榜,2026-07-28,20,生日不快乐,张艺兴,新进,,697611954,001w138z3PZEcz,https://y.qq.com/n/ryqq/toplist/26
2026-07-28,2026-07-28T16:02:20+08:00,QQ音乐,热歌榜,热歌榜,2026-07-28,21,红色高跟鞋,蔡健雅,下降 2,,624649,002dOge41xlS8x,https://y.qq.com/n/ryqq/toplist/26
2026-07-28,2026-07-28T16:02:20+08:00,QQ音乐,热歌榜,热歌榜,2026-07-28,22,情歌,梁静茹,下降 1,,462188,002E4IXe1ESUij,https://y.qq.com/n/ryqq/toplist/26
2026-07-28,2026-07-28T16:02:20+08:00,QQ音乐,热歌榜,热歌榜,2026-07-28,23,刻在我心底的名字,卢广仲,下降 1,,316472364,004QG0W52P5GUq,https://y.qq.com/n/ryqq/toplist/26
2026-07-28,2026-07-28T16:02:20+08:00,QQ音乐,热歌榜,热歌榜,2026-07-28,24,春娇与志明,街道办GDC/欧阳耀莹,下降 1,,205357640,000lrXyA0MlEEo,https://y.qq.com/n/ryqq/toplist/26
2026-07-28,2026-07-28T16:02:20+08:00,QQ音乐,热歌榜,热歌榜,2026-07-28,25,多远都要在一起,G.E.M. 邓紫棋,0,,102174489,003c616O2Zlswm,https://y.qq.com/n/ryqq/toplist/26
2026-07-28,2026-07-28T16:02:20+08:00,QQ音乐,热歌榜,热歌榜,2026-07-28,26,江南,林俊杰,下降 2,,9063002,000y5gq7449K9I,https://y.qq.com/n/ryqq/toplist/26
2026-07-28,2026-07-28T16:02:20+08:00,QQ音乐,热歌榜,热歌榜,2026-07-28,27,其实,薛之谦,0,,104775877,000QgFcm0v8WaF,https://y.qq.com/n/ryqq/toplist/26
2026-07-28,2026-07-28T16:02:20+08:00,QQ音乐,热歌榜,热歌榜,2026-07-28,28,开始懂了,孙燕姿,0,,5646,004KRIQr1oCp2A,https://y.qq.com/n/ryqq/toplist/26
2026-07-28,2026-07-28T16:02:20+08:00,QQ音乐,热歌榜,热歌榜,2026-07-28,29,心墙,郭静,上升 2,,474797,003EHcB24J8t9Z,https://y.qq.com/n/ryqq/toplist/26
2026-07-28,2026-07-28T16:02:20+08:00,QQ音乐,热歌榜,热歌榜,2026-07-28,30,我们俩,郭顶,上升 2,,105413206,003sMyYb4HZAAz,https://y.qq.com/n/ryqq/toplist/26
2026-07-28,2026-07-28T16:02:20+08:00,QQ音乐,热歌榜,热歌榜,2026-07-28,31,偏爱,张芸京,下降 2,,473137,003ha6C92GRuVE,https://y.qq.com/n/ryqq/toplist/26
2026-07-28,2026-07-28T16:02:20+08:00,QQ音乐,热歌榜,热歌榜,2026-07-28,32,离开我的依赖,王艳薇,下降 2,,253383943,004CSyAN1oc97b,https://y.qq.com/n/ryqq/toplist/26
2026-07-28,2026-07-28T16:02:20+08:00,QQ音乐,热歌榜,热歌榜,2026-07-28,33,富士山下,陈奕迅,上升 3,,260678,004Z85XP1c25b7,https://y.qq.com/n/ryqq/toplist/26
2026-07-28,2026-07-28T16:02:20+08:00,QQ音乐,热歌榜,热歌榜,2026-07-28,34,素颜,许嵩/何曼婷,上升 1,,101813361,0035f8nw11cjkf,https://y.qq.com/n/ryqq/toplist/26
2026-07-28,2026-07-28T16:02:20+08:00,QQ音乐,热歌榜,热歌榜,2026-07-28,35,后会无期,徐良/汪苏泷,下降 1,,7112743,002apRhZ4Bq99d,https://y.qq.com/n/ryqq/toplist/26
2026-07-28,2026-07-28T16:02:20+08:00,QQ音乐,热歌榜,热歌榜,2026-07-28,36,最佳损友,陈奕迅,上升 3,,1338414,002FT46H18G1jW,https://y.qq.com/n/ryqq/toplist/26
2026-07-28,2026-07-28T16:02:20+08:00,QQ音乐,热歌榜,热歌榜,2026-07-28,37,坏女孩,徐良/小凌,上升 9,,7112749,002apRhZ4Bq99d,https://y.qq.com/n/ryqq/toplist/26
2026-07-28,2026-07-28T16:02:20+08:00,QQ音乐,热歌榜,热歌榜,2026-07-28,38,背对背拥抱,林俊杰,上升 4,,648231,002C0kX720gMQi,https://y.qq.com/n/ryqq/toplist/26
2026-07-28,2026-07-28T16:02:20+08:00,QQ音乐,热歌榜,热歌榜,2026-07-28,39,晴天,周杰伦,下降 2,,97773,000MkMni19ClKG,https://y.qq.com/n/ryqq/toplist/26
2026-07-28,2026-07-28T16:02:20+08:00,QQ音乐,热歌榜,热歌榜,2026-07-28,40,Baby,Justin Bieber/Ludacris,下降 2,,203644381,002TfnxG2yN1na,https://y.qq.com/n/ryqq/toplist/26
2026-07-28,2026-07-28T16:02:20+08:00,QQ音乐,热歌榜,热歌榜,2026-07-28,41,遇见,孙燕姿,0,,8145,002ehzTm0TxXC2,https://y.qq.com/n/ryqq/toplist/26
2026-07-28,2026-07-28T16:02:20+08:00,QQ音乐,热歌榜,热歌榜,2026-07-28,42,街道,林俊杰,下降 2,,447258,002g6zv02X7SNi,https://y.qq.com/n/ryqq/toplist/26
2026-07-28,2026-07-28T16:02:20+08:00,QQ音乐,热歌榜,热歌榜,2026-07-28,43,泡沫,G.E.M. 邓紫棋,上升 4,,1530858,002YFufr4bXZyI,https://y.qq.com/n/ryqq/toplist/26
2026-07-28,2026-07-28T16:02:20+08:00,QQ音乐,热歌榜,热歌榜,2026-07-28,44,Beauty And A Beat,Justin Bieber/Nicki Minaj,下降 11,,1473252,002XddZv4cGsXb,https://y.qq.com/n/ryqq/toplist/26
2026-07-28,2026-07-28T16:02:20+08:00,QQ音乐,热歌榜,热歌榜,2026-07-28,45,不将就,李荣浩,上升 3,,102367085,001fi1zG0EjU2u,https://y.qq.com/n/ryqq/toplist/26
2026-07-28,2026-07-28T16:02:20+08:00,QQ音乐,热歌榜,热歌榜,2026-07-28,46,认真的雪,薛之谦,下降 2,,1333803,003mUYW22JXKVK,https://y.qq.com/n/ryqq/toplist/26
2026-07-28,2026-07-28T16:02:20+08:00,QQ音乐,热歌榜,热歌榜,2026-07-28,47,海阔天空,BEYOND,下降 2,,4835784,002qcJuX3lO3EZ,https://y.qq.com/n/ryqq/toplist/26
2026-07-28,2026-07-28T16:02:20+08:00,QQ音乐,热歌榜,热歌榜,2026-07-28,48,空心 (Live),黄霄雲/刘端端,下降 22,,708620814,0041Hhx80wRmCK,https://y.qq.com/n/ryqq/toplist/26
2026-07-28,2026-07-28T16:02:20+08:00,QQ音乐,热歌榜,热歌榜,2026-07-28,49,十年,陈奕迅,0,,4830342,000GDz8k03UOaI,https://y.qq.com/n/ryqq/toplist/26
2026-07-28,2026-07-28T16:02:20+08:00,QQ音乐,热歌榜,热歌榜,2026-07-28,50,天外来物,薛之谦,上升 2,,272125057,000K9Zp13TZp5s,https://y.qq.com/n/ryqq/toplist/26
2026-07-28,2026-07-28T16:02:20+08:00,QQ音乐,热歌榜,热歌榜,2026-07-28,51,瞬,郑润泽,0,,422061155,001qvyI10urb5z,https://y.qq.com/n/ryqq/toplist/26
2026-07-28,2026-07-28T16:02:20+08:00,QQ音乐,热歌榜,热歌榜,2026-07-28,52,下完这场雨,后弦,上升 15,,108787382,004ZXlA63dZBCa,https://y.qq.com/n/ryqq/toplist/26
2026-07-28,2026-07-28T16:02:20+08:00,QQ音乐,热歌榜,热歌榜,2026-07-28,53,KISS N TELL,aespa (에스파),下降 10,,710110979,001XxyUp4Wkbbt,https://y.qq.com/n/ryqq/toplist/26
2026-07-28,2026-07-28T16:02:20+08:00,QQ音乐,热歌榜,热歌榜,2026-07-28,54,你要的全拿走,胡彦斌,上升 3,,212808217,001eyHlv2fu50T,https://y.qq.com/n/ryqq/toplist/26
2026-07-28,2026-07-28T16:02:20+08:00,QQ音乐,热歌榜,热歌榜,2026-07-28,55,美人鱼,林俊杰,下降 2,,95292,000y5gq7449K9I,https://y.qq.com/n/ryqq/toplist/26
2026-07-28,2026-07-28T16:02:20+08:00,QQ音乐,热歌榜,热歌榜,2026-07-28,56,同花顺,林倛玉,下降 6,,103970682,004789lA4cH3Kq,https://y.qq.com/n/ryqq/toplist/26
2026-07-28,2026-07-28T16:02:20+08:00,QQ音乐,热歌榜,热歌榜,2026-07-28,57,修炼爱情,林俊杰,上升 2,,5063375,001gqOnU3DTg2S,https://y.qq.com/n/ryqq/toplist/26
2026-07-28,2026-07-28T16:02:20+08:00,QQ音乐,热歌榜,热歌榜,2026-07-28,58,麦恩莉,方大同,上升 8,,2550926,000ih4iv3HCmno,https://y.qq.com/n/ryqq/toplist/26
2026-07-28,2026-07-28T16:02:20+08:00,QQ音乐,热歌榜,热歌榜,2026-07-28,59,Letting Go,蔡健雅,上升 2,,1030353,001aC9dM35U6KB,https://y.qq.com/n/ryqq/toplist/26
2026-07-28,2026-07-28T16:02:20+08:00,QQ音乐,热歌榜,热歌榜,2026-07-28,60,Copines,Aya Nakamura,下降 5,,221075279,000cg2qP1c8ceJ,https://y.qq.com/n/ryqq/toplist/26
2026-07-28,2026-07-28T16:02:20+08:00,QQ音乐,热歌榜,热歌榜,2026-07-28,61,泪海,许茹芸,上升 80,,106585340,001Ugmj01giuzO,https://y.qq.com/n/ryqq/toplist/26
2026-07-28,2026-07-28T16:02:20+08:00,QQ音乐,热歌榜,热歌榜,2026-07-28,62,野心家,张靓颖,上升 1,,591592617,003TmXW52e0F4P,https://y.qq.com/n/ryqq/toplist/26
2026-07-28,2026-07-28T16:02:20+08:00,QQ音乐,热歌榜,热歌榜,2026-07-28,63,爱情讯息,郭静,上升 1,,876549,003PKZMI1Wyx1A,https://y.qq.com/n/ryqq/toplist/26
2026-07-28,2026-07-28T16:02:20+08:00,QQ音乐,热歌榜,热歌榜,2026-07-28,64,倒数,G.E.M. 邓紫棋,上升 1,,215540451,003cKIKZ1J4Yyu,https://y.qq.com/n/ryqq/toplist/26
2026-07-28,2026-07-28T16:02:20+08:00,QQ音乐,热歌榜,热歌榜,2026-07-28,65,黄昏,周传雄,下降 5,,526713,001U6x8f2uJhig,https://y.qq.com/n/ryqq/toplist/26
2026-07-28,2026-07-28T16:02:20+08:00,QQ音乐,热歌榜,热歌榜,2026-07-28,66,如愿,王菲,下降 4,,326584182,004Kbn3m2HV9Y3,https://y.qq.com/n/ryqq/toplist/26
2026-07-28,2026-07-28T16:02:20+08:00,QQ音乐,热歌榜,热歌榜,2026-07-28,67,愿与愁,林俊杰,上升 22,,405007729,004ZOIop1doXru,https://y.qq.com/n/ryqq/toplist/26
2026-07-28,2026-07-28T16:02:20+08:00,QQ音乐,热歌榜,热歌榜,2026-07-28,68,你有没有真的爱过我,阿图表妹,下降 14,,663654314,003dkz1e31kMCF,https://y.qq.com/n/ryqq/toplist/26
2026-07-28,2026-07-28T16:02:20+08:00,QQ音乐,热歌榜,热歌榜,2026-07-28,69,可不可以,张紫豪,上升 1,,213958134,004VR1w241uBhB,https://y.qq.com/n/ryqq/toplist/26
2026-07-28,2026-07-28T16:02:20+08:00,QQ音乐,热歌榜,热歌榜,2026-07-28,70,至少还有你,林忆莲,上升 1,,102204563,001JqgRv0mRHEQ,https://y.qq.com/n/ryqq/toplist/26
2026-07-28,2026-07-28T16:02:20+08:00,QQ音乐,热歌榜,热歌榜,2026-07-28,71,会呼吸的痛,梁静茹,上升 2,,411228,002oy2Mp3I8Rgo,https://y.qq.com/n/ryqq/toplist/26
2026-07-28,2026-07-28T16:02:20+08:00,QQ音乐,热歌榜,热歌榜,2026-07-28,72,勇气,梁静茹,下降 4,,4830164,001DEgPu1004bl,https://y.qq.com/n/ryqq/toplist/26
2026-07-28,2026-07-28T16:02:20+08:00,QQ音乐,热歌榜,热歌榜,2026-07-28,73,最后一页,江语晨,上升 2,,721636,003FO4XF40Ky8L,https://y.qq.com/n/ryqq/toplist/26
2026-07-28,2026-07-28T16:02:20+08:00,QQ音乐,热歌榜,热歌榜,2026-07-28,74,句号,G.E.M. 邓紫棋,上升 6,,247347346,0049MVh824D7bM,https://y.qq.com/n/ryqq/toplist/26
2026-07-28,2026-07-28T16:02:20+08:00,QQ音乐,热歌榜,热歌榜,2026-07-28,75,我知道,BY2,上升 11,,470336,001P410a0Iq4K0,https://y.qq.com/n/ryqq/toplist/26
2026-07-28,2026-07-28T16:02:20+08:00,QQ音乐,热歌榜,热歌榜,2026-07-28,76,第57次取消发送,菲菲公主（陆绮菲）,0,,560063927,000KrDC019mc82,https://y.qq.com/n/ryqq/toplist/26
2026-07-28,2026-07-28T16:02:20+08:00,QQ音乐,热歌榜,热歌榜,2026-07-28,77,海屿你 (破碎版),白慕寒,0,,638781692,004XiRpR3QMgTR,https://y.qq.com/n/ryqq/toplist/26
2026-07-28,2026-07-28T16:02:20+08:00,QQ音乐,热歌榜,热歌榜,2026-07-28,78,如果可以,韦礼安,上升 4,,330977131,003WBcyJ1siUkh,https://y.qq.com/n/ryqq/toplist/26
2026-07-28,2026-07-28T16:02:20+08:00,QQ音乐,热歌榜,热歌榜,2026-07-28,79,那些你很冒险的梦,林俊杰,下降 1,,102388808,002PQCmo2azasb,https://y.qq.com/n/ryqq/toplist/26
2026-07-28,2026-07-28T16:02:20+08:00,QQ音乐,热歌榜,热歌榜,2026-07-28,80,The Other Side Of Paradise (Explicit),Glass Animals,下降 8,,319782348,001eucpH3ZIJnM,https://y.qq.com/n/ryqq/toplist/26
2026-07-28,2026-07-28T16:02:20+08:00,QQ音乐,热歌榜,热歌榜,2026-07-28,81,一样的月光,徐佳莹,上升 6,,7063423,000cchEp2CGNEf,https://y.qq.com/n/ryqq/toplist/26
2026-07-28,2026-07-28T16:02:20+08:00,QQ音乐,热歌榜,热歌榜,2026-07-28,82,爱我还是他,陶喆,上升 10,,7211247,003ofGzS3C23Ow,https://y.qq.com/n/ryqq/toplist/26
2026-07-28,2026-07-28T16:02:20+08:00,QQ音乐,热歌榜,热歌榜,2026-07-28,83,如果爱忘了 (Live),汪苏泷/单依纯,上升 1,,471040573,001rd1S93gcWUF,https://y.qq.com/n/ryqq/toplist/26
2026-07-28,2026-07-28T16:02:20+08:00,QQ音乐,热歌榜,热歌榜,2026-07-28,84,玻璃,Gareth.T,上升 11,,666124541,002kIED92uw8L5,https://y.qq.com/n/ryqq/toplist/26
2026-07-28,2026-07-28T16:02:20+08:00,QQ音乐,热歌榜,热歌榜,2026-07-28,85,IF YOU,BIGBANG (빅뱅),上升 5,,102793935,001xpUdt2jEjWu,https://y.qq.com/n/ryqq/toplist/26
2026-07-28,2026-07-28T16:02:20+08:00,QQ音乐,热歌榜,热歌榜,2026-07-28,86,是非题,莫文蔚,下降 5,,4933775,002HGTBj1YlOAn,https://y.qq.com/n/ryqq/toplist/26
2026-07-28,2026-07-28T16:02:20+08:00,QQ音乐,热歌榜,热歌榜,2026-07-28,87,出现又离开 (Live),梁博,下降 8,,231594573,000eQZ1q4g6AsF,https://y.qq.com/n/ryqq/toplist/26
2026-07-28,2026-07-28T16:02:20+08:00,QQ音乐,热歌榜,热歌榜,2026-07-28,88,Love Story,Taylor Swift,下降 14,,639141,002Q1XUj3HBAzw,https://y.qq.com/n/ryqq/toplist/26
2026-07-28,2026-07-28T16:02:20+08:00,QQ音乐,热歌榜,热歌榜,2026-07-28,89,孤独患者,陈奕迅,上升 5,,1021078,003YQ8lP3NBXKl,https://y.qq.com/n/ryqq/toplist/26
2026-07-28,2026-07-28T16:02:20+08:00,QQ音乐,热歌榜,热歌榜,2026-07-28,90,半壶纱,刘珂矣,下降 21,,7048773,0009EZjm1c7iQe,https://y.qq.com/n/ryqq/toplist/26
2026-07-28,2026-07-28T16:02:20+08:00,QQ音乐,热歌榜,热歌榜,2026-07-28,91,红尘客栈,周杰伦,下降 8,,5177680,003Ow85E3pnoqi,https://y.qq.com/n/ryqq/toplist/26
2026-07-28,2026-07-28T16:02:20+08:00,QQ音乐,热歌榜,热歌榜,2026-07-28,92,童话,光良,下降 4,,4830267,002AaUF60cnS3w,https://y.qq.com/n/ryqq/toplist/26
2026-07-28,2026-07-28T16:02:20+08:00,QQ音乐,热歌榜,热歌榜,2026-07-28,93,小半,陈粒,上升 4,,107762070,004fAhFe0fdHYF,https://y.qq.com/n/ryqq/toplist/26
2026-07-28,2026-07-28T16:02:20+08:00,QQ音乐,热歌榜,热歌榜,2026-07-28,94,爱，请问怎么走,A-Lin,上升 12,,393966,001TuWBG0TOW2P,https://y.qq.com/n/ryqq/toplist/26
2026-07-28,2026-07-28T16:02:20+08:00,QQ音乐,热歌榜,热歌榜,2026-07-28,95,时差 (On call),鹿晗,下降 39,,201781918,00435a2s4YeuWb,https://y.qq.com/n/ryqq/toplist/26
2026-07-28,2026-07-28T16:02:20+08:00,QQ音乐,热歌榜,热歌榜,2026-07-28,96,空心,光泽,下降 38,,200390803,001vjIoV01nThA,https://y.qq.com/n/ryqq/toplist/26
2026-07-28,2026-07-28T16:02:20+08:00,QQ音乐,热歌榜,热歌榜,2026-07-28,97,有何不可,许嵩,下降 12,,102296985,002KSDg90IaScI,https://y.qq.com/n/ryqq/toplist/26
2026-07-28,2026-07-28T16:02:20+08:00,QQ音乐,热歌榜,热歌榜,2026-07-28,98,青花,周传雄,下降 7,,102204539,001Vj7aX0PixwV,https://y.qq.com/n/ryqq/toplist/26
2026-07-28,2026-07-28T16:02:20+08:00,QQ音乐,热歌榜,热歌榜,2026-07-28,99,我们的歌,王力宏,上升 3,,102193483,002Zwh5p4HgecI,https://y.qq.com/n/ryqq/toplist/26
2026-07-28,2026-07-28T16:02:20+08:00,QQ音乐,热歌榜,热歌榜,2026-07-28,100,下一个天亮,郭静,下降 2,,876541,003PKZMI1Wyx1A,https://y.qq.com/n/ryqq/toplist/26
2026-07-28,2026-07-28T16:02:20+08:00,QQ音乐,飙升榜,飙升榜,2026-07-28,1,唯我论者的独白,马嘉祺,热度 352%,,710185115,002SyJWd06jbh4,https://y.qq.com/n/ryqq/toplist/62
2026-07-28,2026-07-28T16:02:20+08:00,QQ音乐,飙升榜,飙升榜,2026-07-28,2,生日不快乐,张艺兴,热度 25%,,697611954,001w138z3PZEcz,https://y.qq.com/n/ryqq/toplist/62
2026-07-28,2026-07-28T16:02:20+08:00,QQ音乐,飙升榜,飙升榜,2026-07-28,3,人间共鸣,李健,热度 12%,,641742655,003RVJjp1svtyz,https://y.qq.com/n/ryqq/toplist/62
2026-07-28,2026-07-28T16:02:20+08:00,QQ音乐,飙升榜,飙升榜,2026-07-28,4,我不难过,孙燕姿,热度 10%,,8136,004VSvF52mQoQp,https://y.qq.com/n/ryqq/toplist/62
2026-07-28,2026-07-28T16:02:20+08:00,QQ音乐,飙升榜,飙升榜,2026-07-28,5,梦幻诛仙,汪苏泷,热度 9%,,109108877,0030iuSu0jDwnF,https://y.qq.com/n/ryqq/toplist/62
2026-07-28,2026-07-28T16:02:20+08:00,QQ音乐,飙升榜,飙升榜,2026-07-28,6,雪崩,王源,热度 9%,,587941417,004RlWZ52GsCrG,https://y.qq.com/n/ryqq/toplist/62
2026-07-28,2026-07-28T16:02:20+08:00,QQ音乐,飙升榜,飙升榜,2026-07-28,7,山风山风等等我,万海东,热度 9%,,708639670,002O92eu0Jubpi,https://y.qq.com/n/ryqq/toplist/62
2026-07-28,2026-07-28T16:02:20+08:00,QQ音乐,飙升榜,飙升榜,2026-07-28,8,Glow in My Arms,光与夜之恋官方音乐号/袁娅维TIA RAY,热度 8%,,690213825,001WbYeA1My5lA,https://y.qq.com/n/ryqq/toplist/62
2026-07-28,2026-07-28T16:02:20+08:00,QQ音乐,飙升榜,飙升榜,2026-07-28,9,甲乙丙丁 (你我怎么两清),李佳薇,热度 8%,,696262512,00446QRA1fTdqA,https://y.qq.com/n/ryqq/toplist/62
2026-07-28,2026-07-28T16:02:20+08:00,QQ音乐,飙升榜,飙升榜,2026-07-28,10,最佳损友,陈奕迅,热度 8%,,1338414,002FT46H18G1jW,https://y.qq.com/n/ryqq/toplist/62
2026-07-28,2026-07-28T16:02:20+08:00,QQ音乐,飙升榜,飙升榜,2026-07-28,11,恋人,李荣浩,热度 8%,,496054946,004HaG7p4ZkhXA,https://y.qq.com/n/ryqq/toplist/62
2026-07-28,2026-07-28T16:02:20+08:00,QQ音乐,飙升榜,飙升榜,2026-07-28,12,汹涌,吴莫愁,热度 8%,,709042254,003mTx4M2vjsxl,https://y.qq.com/n/ryqq/toplist/62
2026-07-28,2026-07-28T16:02:20+08:00,QQ音乐,飙升榜,飙升榜,2026-07-28,13,刻在我心底的名字,卢广仲,热度 8%,,316472364,004QG0W52P5GUq,https://y.qq.com/n/ryqq/toplist/62
2026-07-28,2026-07-28T16:02:20+08:00,QQ音乐,飙升榜,飙升榜,2026-07-28,14,Beauty And A Beat,Justin Bieber/Nicki Minaj,热度 7%,,229717052,004G9cHX1kQ7Ro,https://y.qq.com/n/ryqq/toplist/62
2026-07-28,2026-07-28T16:02:20+08:00,QQ音乐,飙升榜,飙升榜,2026-07-28,15,小尖尖,韩红/薛之谦,热度 7%,,275492762,000K9Zp13TZp5s,https://y.qq.com/n/ryqq/toplist/62
2026-07-28,2026-07-28T16:02:20+08:00,QQ音乐,飙升榜,飙升榜,2026-07-28,16,泪海,许茹芸,热度 7%,,106585340,001Ugmj01giuzO,https://y.qq.com/n/ryqq/toplist/62
2026-07-28,2026-07-28T16:02:20+08:00,QQ音乐,飙升榜,飙升榜,2026-07-28,17,知了,陈默之,热度 7%,,482500528,000fHDnB1K1Hcf,https://y.qq.com/n/ryqq/toplist/62
2026-07-28,2026-07-28T16:02:20+08:00,QQ音乐,飙升榜,飙升榜,2026-07-28,18,野心家,张靓颖,热度 7%,,591592617,003TmXW52e0F4P,https://y.qq.com/n/ryqq/toplist/62
2026-07-28,2026-07-28T16:02:20+08:00,QQ音乐,飙升榜,飙升榜,2026-07-28,19,多远都要在一起,G.E.M. 邓紫棋,热度 6%,,102174489,003c616O2Zlswm,https://y.qq.com/n/ryqq/toplist/62
2026-07-28,2026-07-28T16:02:20+08:00,QQ音乐,飙升榜,飙升榜,2026-07-28,20,一半一半,Top Barry/INDEcompany,热度 6%,,630091806,000atonk3Hxpxb,https://y.qq.com/n/ryqq/toplist/62
2026-07-28,2026-07-28T16:02:20+08:00,QQ音乐,飙升榜,飙升榜,2026-07-28,21,慢冷 (Live),李荣浩,热度 6%,,370148568,000QVv8i2dXoC2,https://y.qq.com/n/ryqq/toplist/62
2026-07-28,2026-07-28T16:02:20+08:00,QQ音乐,飙升榜,飙升榜,2026-07-28,22,开始懂了,孙燕姿,热度 6%,,5646,004KRIQr1oCp2A,https://y.qq.com/n/ryqq/toplist/62
2026-07-28,2026-07-28T16:02:20+08:00,QQ音乐,飙升榜,飙升榜,2026-07-28,23,冷夜,陈默之,热度 6%,,467646860,003ILMG04IvA9R,https://y.qq.com/n/ryqq/toplist/62
2026-07-28,2026-07-28T16:02:20+08:00,QQ音乐,飙升榜,飙升榜,2026-07-28,24,租购,薛之谦,热度 6%,,545772161,002N4fUq1kRST2,https://y.qq.com/n/ryqq/toplist/62
2026-07-28,2026-07-28T16:02:20+08:00,QQ音乐,飙升榜,飙升榜,2026-07-28,25,给我一个理由忘记,A-Lin,热度 6%,,777554,000Nlo922ahOEE,https://y.qq.com/n/ryqq/toplist/62
2026-07-28,2026-07-28T16:02:20+08:00,QQ音乐,飙升榜,飙升榜,2026-07-28,26,下完这场雨,后弦,热度 6%,,108787382,004ZXlA63dZBCa,https://y.qq.com/n/ryqq/toplist/62
2026-07-28,2026-07-28T16:02:20+08:00,QQ音乐,飙升榜,飙升榜,2026-07-28,27,其实,薛之谦,热度 6%,,104775877,000QgFcm0v8WaF,https://y.qq.com/n/ryqq/toplist/62
2026-07-28,2026-07-28T16:02:20+08:00,QQ音乐,飙升榜,飙升榜,2026-07-28,28,要我怎么忘了他,谢霆锋,热度 6%,,1148376,0017scxQ1SHqud,https://y.qq.com/n/ryqq/toplist/62
2026-07-28,2026-07-28T16:02:20+08:00,QQ音乐,飙升榜,飙升榜,2026-07-28,29,孤独患者,陈奕迅,热度 5%,,1021078,003YQ8lP3NBXKl,https://y.qq.com/n/ryqq/toplist/62
2026-07-28,2026-07-28T16:02:20+08:00,QQ音乐,飙升榜,飙升榜,2026-07-28,30,Sunburst,RIIZE (라이즈),热度 5%,,710739706,002fJ7ox3Sd4Ff,https://y.qq.com/n/ryqq/toplist/62
2026-07-28,2026-07-28T16:02:20+08:00,QQ音乐,飙升榜,飙升榜,2026-07-28,31,We Don't Talk Anymore,Charlie Puth/Selena Gomez,热度 5%,,105539541,004Ws4fG3pT6eA,https://y.qq.com/n/ryqq/toplist/62
2026-07-28,2026-07-28T16:02:20+08:00,QQ音乐,飙升榜,飙升榜,2026-07-28,32,THIS IS FOR,TWICE (트와이스),热度 5%,,586664785,0029E25S0rdkEp,https://y.qq.com/n/ryqq/toplist/62
2026-07-28,2026-07-28T16:02:20+08:00,QQ音乐,飙升榜,飙升榜,2026-07-28,33,香,张艺兴,热度 5%,,697611936,001w138z3PZEcz,https://y.qq.com/n/ryqq/toplist/62
2026-07-28,2026-07-28T16:02:20+08:00,QQ音乐,飙升榜,飙升榜,2026-07-28,34,雨过后的风景,Dizzy Dizzo (蔡诗芸),热度 5%,,1960263,0038xSkp1EcVBf,https://y.qq.com/n/ryqq/toplist/62
2026-07-28,2026-07-28T16:02:20+08:00,QQ音乐,飙升榜,飙升榜,2026-07-28,35,演员,薛之谦,热度 5%,,102636799,003y8dsH2wBHlo,https://y.qq.com/n/ryqq/toplist/62
2026-07-28,2026-07-28T16:02:20+08:00,QQ音乐,飙升榜,飙升榜,2026-07-28,36,绛色的爱,张艺兴,热度 5%,,697611953,001w138z3PZEcz,https://y.qq.com/n/ryqq/toplist/62
2026-07-28,2026-07-28T16:02:20+08:00,QQ音乐,飙升榜,飙升榜,2026-07-28,37,情歌,梁静茹,热度 5%,,462188,002E4IXe1ESUij,https://y.qq.com/n/ryqq/toplist/62
2026-07-28,2026-07-28T16:02:20+08:00,QQ音乐,飙升榜,飙升榜,2026-07-28,38,春娇与志明,街道办GDC/欧阳耀莹,热度 5%,,205357640,000lrXyA0MlEEo,https://y.qq.com/n/ryqq/toplist/62
2026-07-28,2026-07-28T16:02:20+08:00,QQ音乐,飙升榜,飙升榜,2026-07-28,39,野心,薛之谦,热度 5%,,288584812,000K9Zp13TZp5s,https://y.qq.com/n/ryqq/toplist/62
2026-07-28,2026-07-28T16:02:20+08:00,QQ音乐,飙升榜,飙升榜,2026-07-28,40,我只要我开心,时代少年团,热度 5%,,706504693,002zvO7r0gSXWZ,https://y.qq.com/n/ryqq/toplist/62
2026-07-28,2026-07-28T16:02:20+08:00,QQ音乐,飙升榜,飙升榜,2026-07-28,41,我好像在哪见过你,薛之谦,热度 5%,,107439472,000dcZ9I1nzO62,https://y.qq.com/n/ryqq/toplist/62
2026-07-28,2026-07-28T16:02:20+08:00,QQ音乐,飙升榜,飙升榜,2026-07-28,42,违背的青春,薛之谦,热度 5%,,216514336,0015rUVB2OUdGA,https://y.qq.com/n/ryqq/toplist/62
2026-07-28,2026-07-28T16:02:20+08:00,QQ音乐,飙升榜,飙升榜,2026-07-28,43,"I Got Your Back (Feat. JISOO, MOMOKA of HANA)",ILLIT (아일릿)/JISOO (ジス)/MOMOKA (モモカ),热度 5%,,711115854,004Bn8234d5wcW,https://y.qq.com/n/ryqq/toplist/62
2026-07-28,2026-07-28T16:02:20+08:00,QQ音乐,飙升榜,飙升榜,2026-07-28,44,吹梦到西洲,昭爻tsuki/千世,热度 5%,,252584459,0026p4fw2juLDM,https://y.qq.com/n/ryqq/toplist/62
2026-07-28,2026-07-28T16:02:20+08:00,QQ音乐,飙升榜,飙升榜,2026-07-28,45,富士山下,陈奕迅,热度 4%,,260678,004Z85XP1c25b7,https://y.qq.com/n/ryqq/toplist/62
2026-07-28,2026-07-28T16:02:20+08:00,QQ音乐,飙升榜,飙升榜,2026-07-28,46,失眠,Suki刘舒妤,热度 4%,,4733575,002xCeeN4EJ1Ke,https://y.qq.com/n/ryqq/toplist/62
2026-07-28,2026-07-28T16:02:20+08:00,QQ音乐,飙升榜,飙升榜,2026-07-28,47,北京的雨,张艺兴,热度 4%,,697611951,001w138z3PZEcz,https://y.qq.com/n/ryqq/toplist/62
2026-07-28,2026-07-28T16:02:20+08:00,QQ音乐,飙升榜,飙升榜,2026-07-28,48,认真的雪,薛之谦,热度 4%,,1333803,003mUYW22JXKVK,https://y.qq.com/n/ryqq/toplist/62
2026-07-28,2026-07-28T16:02:20+08:00,QQ音乐,飙升榜,飙升榜,2026-07-28,49,Whiplash,aespa (에스파),热度 4%,,526191277,004fDvtA0IopKG,https://y.qq.com/n/ryqq/toplist/62
2026-07-28,2026-07-28T16:02:20+08:00,QQ音乐,飙升榜,飙升榜,2026-07-28,50,蜉蝣,马嘉祺,热度 4%,,495535149,003ymqLv2TPAf2,https://y.qq.com/n/ryqq/toplist/62
2026-07-28,2026-07-28T16:02:20+08:00,QQ音乐,飙升榜,飙升榜,2026-07-28,51,小人物 (Live),辉子,热度 4%,,710693435,004Htim00n3oIo,https://y.qq.com/n/ryqq/toplist/62
2026-07-28,2026-07-28T16:02:20+08:00,QQ音乐,飙升榜,飙升榜,2026-07-28,52,爱，请问怎么走,A-Lin,热度 4%,,393966,001TuWBG0TOW2P,https://y.qq.com/n/ryqq/toplist/62
2026-07-28,2026-07-28T16:02:20+08:00,QQ音乐,飙升榜,飙升榜,2026-07-28,53,我怀念的,孙燕姿,热度 4%,,5211338,000P3l050Olt27,https://y.qq.com/n/ryqq/toplist/62
2026-07-28,2026-07-28T16:02:20+08:00,QQ音乐,飙升榜,飙升榜,2026-07-28,54,十面埋伏,陈奕迅,热度 4%,,4907821,003Hjc6L1WajuE,https://y.qq.com/n/ryqq/toplist/62
2026-07-28,2026-07-28T16:02:20+08:00,QQ音乐,飙升榜,飙升榜,2026-07-28,55,不将就,李荣浩,热度 4%,,102367085,001fi1zG0EjU2u,https://y.qq.com/n/ryqq/toplist/62
2026-07-28,2026-07-28T16:02:20+08:00,QQ音乐,飙升榜,飙升榜,2026-07-28,56,天外来物,薛之谦,热度 4%,,272125057,000K9Zp13TZp5s,https://y.qq.com/n/ryqq/toplist/62
2026-07-28,2026-07-28T16:02:20+08:00,QQ音乐,飙升榜,飙升榜,2026-07-28,57,意外,薛之谦,热度 4%,,5106590,000QgFcm0v8WaF,https://y.qq.com/n/ryqq/toplist/62
2026-07-28,2026-07-28T16:02:20+08:00,QQ音乐,飙升榜,飙升榜,2026-07-28,58,那时雨,徐良,热度 4%,,229661539,002JsVIJ31j7qR,https://y.qq.com/n/ryqq/toplist/62
2026-07-28,2026-07-28T16:02:20+08:00,QQ音乐,飙升榜,飙升榜,2026-07-28,59,如果可以,韦礼安,热度 4%,,330977131,003WBcyJ1siUkh,https://y.qq.com/n/ryqq/toplist/62
2026-07-28,2026-07-28T16:02:20+08:00,QQ音乐,飙升榜,飙升榜,2026-07-28,60,单车,陈奕迅,热度 4%,,4907894,004S8YQr3UmEbG,https://y.qq.com/n/ryqq/toplist/62
2026-07-28,2026-07-28T16:02:20+08:00,QQ音乐,飙升榜,飙升榜,2026-07-28,61,绅士,薛之谦,热度 4%,,102425546,003y8dsH2wBHlo,https://y.qq.com/n/ryqq/toplist/62
2026-07-28,2026-07-28T16:02:20+08:00,QQ音乐,飙升榜,飙升榜,2026-07-28,62,玻璃,Gareth.T,热度 4%,,666124541,002kIED92uw8L5,https://y.qq.com/n/ryqq/toplist/62
2026-07-28,2026-07-28T16:02:20+08:00,QQ音乐,飙升榜,飙升榜,2026-07-28,63,葡萄成熟时,陈奕迅,热度 4%,,1251167,003J6fvc0bVJon,https://y.qq.com/n/ryqq/toplist/62
2026-07-28,2026-07-28T16:02:20+08:00,QQ音乐,飙升榜,飙升榜,2026-07-28,64,失控,井迪,热度 4%,,284945036,0014Iqfp1PMAbs,https://y.qq.com/n/ryqq/toplist/62
2026-07-28,2026-07-28T16:02:20+08:00,QQ音乐,飙升榜,飙升榜,2026-07-28,65,聊表心意,薛之谦/刘惜君,热度 4%,,233704415,000DMpJ73yeITP,https://y.qq.com/n/ryqq/toplist/62
2026-07-28,2026-07-28T16:02:20+08:00,QQ音乐,飙升榜,飙升榜,2026-07-28,66,顽疾,薛之谦,热度 4%,,655167781,0033ZoPK0kL53m,https://y.qq.com/n/ryqq/toplist/62
2026-07-28,2026-07-28T16:02:20+08:00,QQ音乐,飙升榜,飙升榜,2026-07-28,67,像晴天像雨天,汪苏泷,热度 4%,,560651613,001V8PDy1om05K,https://y.qq.com/n/ryqq/toplist/62
2026-07-28,2026-07-28T16:02:20+08:00,QQ音乐,飙升榜,飙升榜,2026-07-28,68,离开我的依赖,王艳薇,热度 4%,,253383943,004CSyAN1oc97b,https://y.qq.com/n/ryqq/toplist/62
2026-07-28,2026-07-28T16:02:20+08:00,QQ音乐,飙升榜,飙升榜,2026-07-28,69,一千一万朵,马嘉祺,热度 4%,,652527304,000wnM8m1zJfSe,https://y.qq.com/n/ryqq/toplist/62
2026-07-28,2026-07-28T16:02:20+08:00,QQ音乐,飙升榜,飙升榜,2026-07-28,70,写故事的人,汪苏泷,热度 4%,,655794073,000A1M903iHvyT,https://y.qq.com/n/ryqq/toplist/62
2026-07-28,2026-07-28T16:02:20+08:00,QQ音乐,飙升榜,飙升榜,2026-07-28,71,淘汰,陈奕迅,热度 4%,,1313988,003yQidc3s7P65,https://y.qq.com/n/ryqq/toplist/62
2026-07-28,2026-07-28T16:02:20+08:00,QQ音乐,飙升榜,飙升榜,2026-07-28,72,刚刚好,薛之谦,热度 4%,,107192538,000dcZ9I1nzO62,https://y.qq.com/n/ryqq/toplist/62
2026-07-28,2026-07-28T16:02:20+08:00,QQ音乐,飙升榜,飙升榜,2026-07-28,73,老街,李荣浩,热度 4%,,102069682,001LP8hk0a6pOp,https://y.qq.com/n/ryqq/toplist/62
2026-07-28,2026-07-28T16:02:20+08:00,QQ音乐,飙升榜,飙升榜,2026-07-28,74,向野,宋威龙,热度 4%,,709304084,002fkkxd0nfCnH,https://y.qq.com/n/ryqq/toplist/62
2026-07-28,2026-07-28T16:02:20+08:00,QQ音乐,飙升榜,飙升榜,2026-07-28,75,ICONIC BY MISTAKE,LE SSERAFIM (르세라핌)/ILLIT (아일릿)/KATSEYE,热度 4%,,687067430,004EovRd2UE9MI,https://y.qq.com/n/ryqq/toplist/62
2026-07-28,2026-07-28T16:02:20+08:00,QQ音乐,飙升榜,飙升榜,2026-07-28,76,Dats Me (通通是我) (Live),Top Barry,热度 4%,,710434278,004Htim00n3oIo,https://y.qq.com/n/ryqq/toplist/62
2026-07-28,2026-07-28T16:02:20+08:00,QQ音乐,飙升榜,飙升榜,2026-07-28,77,Shall We Talk,陈奕迅,热度 4%,,1050043,004S8YQr3UmEbG,https://y.qq.com/n/ryqq/toplist/62
2026-07-28,2026-07-28T16:02:20+08:00,QQ音乐,飙升榜,飙升榜,2026-07-28,78,颜色,Gareth.T,热度 4%,,577069284,004JCDGM3t28q8,https://y.qq.com/n/ryqq/toplist/62
2026-07-28,2026-07-28T16:02:20+08:00,QQ音乐,飙升榜,飙升榜,2026-07-28,79,你最近还好吗,Ghost (王琳凯),热度 4%,,257410171,002oDYDz3D83QZ,https://y.qq.com/n/ryqq/toplist/62
2026-07-28,2026-07-28T16:02:20+08:00,QQ音乐,飙升榜,飙升榜,2026-07-28,80,Call My Name,张艺兴,热度 4%,,692853408,001w138z3PZEcz,https://y.qq.com/n/ryqq/toplist/62
2026-07-28,2026-07-28T16:02:20+08:00,QQ音乐,飙升榜,飙升榜,2026-07-28,81,天若有情,A-Lin,热度 4%,,109009325,003lH16N2uNuxx,https://y.qq.com/n/ryqq/toplist/62
2026-07-28,2026-07-28T16:02:20+08:00,QQ音乐,飙升榜,飙升榜,2026-07-28,82,海屿你 (破碎版),白慕寒,热度 4%,,638781692,004XiRpR3QMgTR,https://y.qq.com/n/ryqq/toplist/62
2026-07-28,2026-07-28T16:02:20+08:00,QQ音乐,飙升榜,飙升榜,2026-07-28,83,唯一,G.E.M. 邓紫棋,热度 4%,,438910555,002d6m7k0xCbSv,https://y.qq.com/n/ryqq/toplist/62
2026-07-28,2026-07-28T16:02:20+08:00,QQ音乐,飙升榜,飙升榜,2026-07-28,84,过海,王赫野/黄龄,热度 4%,,707586368,003sDdGY2FtUY2,https://y.qq.com/n/ryqq/toplist/62
2026-07-28,2026-07-28T16:02:20+08:00,QQ音乐,飙升榜,飙升榜,2026-07-28,85,迷人的危险,Dance Flow,热度 4%,,678348,001nbs4r2IUDYl,https://y.qq.com/n/ryqq/toplist/62
2026-07-28,2026-07-28T16:02:20+08:00,QQ音乐,飙升榜,飙升榜,2026-07-28,86,迟迟,薛之谦,热度 4%,,291902614,000K9Zp13TZp5s,https://y.qq.com/n/ryqq/toplist/62
2026-07-28,2026-07-28T16:02:20+08:00,QQ音乐,飙升榜,飙升榜,2026-07-28,87,碎碎念,队长,热度 4%,,448738462,000DTFwk0oV4YR,https://y.qq.com/n/ryqq/toplist/62
2026-07-28,2026-07-28T16:02:20+08:00,QQ音乐,飙升榜,飙升榜,2026-07-28,88,动物世界,薛之谦,热度 4%,,201452010,001L7UIu3GXVtT,https://y.qq.com/n/ryqq/toplist/62
2026-07-28,2026-07-28T16:02:20+08:00,QQ音乐,飙升榜,飙升榜,2026-07-28,89,陪你去流浪,薛之谦,热度 4%,,233704383,000DMpJ73yeITP,https://y.qq.com/n/ryqq/toplist/62
2026-07-28,2026-07-28T16:02:20+08:00,QQ音乐,飙升榜,飙升榜,2026-07-28,90,爱错,王力宏,热度 4%,,105905415,002ElVxf43rOue,https://y.qq.com/n/ryqq/toplist/62
2026-07-28,2026-07-28T16:02:20+08:00,QQ音乐,飙升榜,飙升榜,2026-07-28,91,同花顺,林倛玉,热度 4%,,103970682,004789lA4cH3Kq,https://y.qq.com/n/ryqq/toplist/62
2026-07-28,2026-07-28T16:02:20+08:00,QQ音乐,飙升榜,飙升榜,2026-07-28,92,陷阱,王北车,热度 4%,,214360296,001Kl4V12ENRKg,https://y.qq.com/n/ryqq/toplist/62
2026-07-28,2026-07-28T16:02:20+08:00,QQ音乐,飙升榜,飙升榜,2026-07-28,93,大江南,刀郎/奚晓天,热度 4%,,652123787,0042UNmv3tjqE2,https://y.qq.com/n/ryqq/toplist/62
2026-07-28,2026-07-28T16:02:20+08:00,QQ音乐,飙升榜,飙升榜,2026-07-28,94,抽离,徐良/刘丹萌,热度 4%,,5021671,001GraMO3JQQLr,https://y.qq.com/n/ryqq/toplist/62
2026-07-28,2026-07-28T16:02:20+08:00,QQ音乐,飙升榜,飙升榜,2026-07-28,95,雨天,孙燕姿,热度 4%,,100893820,000VMnoi2Lgt44,https://y.qq.com/n/ryqq/toplist/62
2026-07-28,2026-07-28T16:02:20+08:00,QQ音乐,飙升榜,飙升榜,2026-07-28,96,几分之几,卢广仲,热度 4%,,213015059,002lsrMk3W1ORB,https://y.qq.com/n/ryqq/toplist/62
2026-07-28,2026-07-28T16:02:20+08:00,QQ音乐,飙升榜,飙升榜,2026-07-28,97,如果爱忘了 (Live),汪苏泷/单依纯,热度 4%,,471040573,001rd1S93gcWUF,https://y.qq.com/n/ryqq/toplist/62
2026-07-28,2026-07-28T16:02:20+08:00,QQ音乐,飙升榜,飙升榜,2026-07-28,98,Steal The Moon,王俊凯,热度 4%,,690924478,001Dp4r216cqJL,https://y.qq.com/n/ryqq/toplist/62
2026-07-28,2026-07-28T16:02:20+08:00,QQ音乐,飙升榜,飙升榜,2026-07-28,99,我记得,赵雷,热度 4%,,372639235,003QIVDT3UB8zG,https://y.qq.com/n/ryqq/toplist/62
2026-07-28,2026-07-28T16:02:20+08:00,QQ音乐,飙升榜,飙升榜,2026-07-28,100,半句再见,孙燕姿,热度 4%,,213446637,003c8Hsp0OrnXY,https://y.qq.com/n/ryqq/toplist/62
2026-07-28,2026-07-28T16:02:20+08:00,酷狗音乐,热歌榜,酷狗TOP500,2026-07-28,1,甲乙丙丁 (你我怎么两清),李佳薇,,3:30,213D580CA0BDCC28A5FDBA995FFDA106,197648995,https://www.kugou.com/yy/rank/home/1-8888.html?from=rank
2026-07-28,2026-07-28T16:02:20+08:00,酷狗音乐,热歌榜,酷狗TOP500,2026-07-28,2,山风山风等等我,万海东,,3:29,CE256D96F1F025D60468D8F0BC9EE64B,200106963,https://www.kugou.com/yy/rank/home/1-8888.html?from=rank
2026-07-28,2026-07-28T16:02:20+08:00,酷狗音乐,热歌榜,酷狗TOP500,2026-07-28,3,你有没有真的爱过我,阿图表妹,,4:03,FE39668F68770C3FB3BE57A3E86CCC10,190170015,https://www.kugou.com/yy/rank/home/1-8888.html?from=rank
2026-07-28,2026-07-28T16:02:20+08:00,酷狗音乐,热歌榜,酷狗TOP500,2026-07-28,4,吹吹山顶的风,巴扎黑,,2:59,87311B26EDEE637CA1448E14230BCB68,198304563,https://www.kugou.com/yy/rank/home/1-8888.html?from=rank
2026-07-28,2026-07-28T16:02:20+08:00,酷狗音乐,热歌榜,酷狗TOP500,2026-07-28,5,唯我论者的独白,马嘉祺,,3:40,7251740620390DA2939069838804D0DA,200668871,https://www.kugou.com/yy/rank/home/1-8888.html?from=rank
2026-07-28,2026-07-28T16:02:20+08:00,酷狗音乐,热歌榜,酷狗TOP500,2026-07-28,6,失眠,Suki刘舒妤,,3:31,EC476A2009EF5DCAC13EDCD11870DF55,671621,https://www.kugou.com/yy/rank/home/1-8888.html?from=rank
2026-07-28,2026-07-28T16:02:20+08:00,酷狗音乐,热歌榜,酷狗TOP500,2026-07-28,7,踏马寻花向自由 (雷鬼版),超哥,,2:59,B5BA68A039E54847B4E14A46A268991B,194886112,https://www.kugou.com/yy/rank/home/1-8888.html?from=rank
2026-07-28,2026-07-28T16:02:20+08:00,酷狗音乐,热歌榜,酷狗TOP500,2026-07-28,8,岁月如笔写春秋,河南三妹5233,,4:11,5D4C2F9D994E5BECDC9BA0FBC6BD3DD8,191576482,https://www.kugou.com/yy/rank/home/1-8888.html?from=rank
2026-07-28,2026-07-28T16:02:20+08:00,酷狗音乐,热歌榜,酷狗TOP500,2026-07-28,9,樱花草,Sweety,,4:44,F0B01830164E4974A2AC9E85DD446D45,507451,https://www.kugou.com/yy/rank/home/1-8888.html?from=rank
2026-07-28,2026-07-28T16:02:20+08:00,酷狗音乐,热歌榜,酷狗TOP500,2026-07-28,10,人生路漫漫,白小白,,3:55,B8CA573A69DB5050C7EE0C1AB79144E5,179917533,https://www.kugou.com/yy/rank/home/1-8888.html?from=rank
2026-07-28,2026-07-28T16:02:20+08:00,酷狗音乐,热歌榜,酷狗TOP500,2026-07-28,11,空心 (Live),黄霄雲、刘端端,,4:55,6F74F7B3D9B87CA771573ABD27B2A820,199810791,https://www.kugou.com/yy/rank/home/1-8888.html?from=rank
2026-07-28,2026-07-28T16:02:20+08:00,酷狗音乐,热歌榜,酷狗TOP500,2026-07-28,12,北方的后海没有海 (r&b微醺版),落日微醺,,3:26,DB3D10DE8DF3C5188EC036A9724F9418,196519034,https://www.kugou.com/yy/rank/home/1-8888.html?from=rank
2026-07-28,2026-07-28T16:02:20+08:00,酷狗音乐,热歌榜,酷狗TOP500,2026-07-28,13,盛夏的果实,莫文蔚,,4:11,1C86CBC64AE9A6C3539A36CAADDF1A59,978378,https://www.kugou.com/yy/rank/home/1-8888.html?from=rank
2026-07-28,2026-07-28T16:02:20+08:00,酷狗音乐,热歌榜,酷狗TOP500,2026-07-28,14,如约,周深,,3:56,A1082325C0D33E556D6BB6A4C2BA0C98,200721208,https://www.kugou.com/yy/rank/home/1-8888.html?from=rank
2026-07-28,2026-07-28T16:02:20+08:00,酷狗音乐,热歌榜,酷狗TOP500,2026-07-28,15,黄昏 (纵然青丝如霜)(R&B版),落日微醺,,4:05,423FC1778078ACF260242626820E4244,194767721,https://www.kugou.com/yy/rank/home/1-8888.html?from=rank
2026-07-28,2026-07-28T16:02:20+08:00,酷狗音乐,热歌榜,酷狗TOP500,2026-07-28,16,雨过后的风景,Dizzy Dizzo (蔡诗芸),,4:03,E3F046EDB5EB76BBA5A44FFA3D8F8C42,974143,https://www.kugou.com/yy/rank/home/1-8888.html?from=rank
2026-07-28,2026-07-28T16:02:20+08:00,酷狗音乐,热歌榜,酷狗TOP500,2026-07-28,17,梦哑,任然,,3:54,3194D1AA995469BEF8620E96989D6BA8,193630889,https://www.kugou.com/yy/rank/home/1-8888.html?from=rank
2026-07-28,2026-07-28T16:02:20+08:00,酷狗音乐,热歌榜,酷狗TOP500,2026-07-28,18,英雄出处,高冷,,3:19,9CBBBCAAF22AA9C5A0D203C5924B3854,198302448,https://www.kugou.com/yy/rank/home/1-8888.html?from=rank
2026-07-28,2026-07-28T16:02:20+08:00,酷狗音乐,热歌榜,酷狗TOP500,2026-07-28,19,相思 (老登版),炸毛登叔,,5:35,42681CDDEEC149BB2587F2674CDB22EA,200513593,https://www.kugou.com/yy/rank/home/1-8888.html?from=rank
2026-07-28,2026-07-28T16:02:20+08:00,酷狗音乐,热歌榜,酷狗TOP500,2026-07-28,20,野心家 (Live),杨丞琳、黄霄雲,,4:41,60570F98B8DCE215882953F546BF27C5,200699351,https://www.kugou.com/yy/rank/home/1-8888.html?from=rank
2026-07-28,2026-07-28T16:02:20+08:00,酷狗音乐,热歌榜,酷狗TOP500,2026-07-28,21,恋人,李荣浩,,4:36,9DA7851E2BF83B18C74CBBAB461CEFDD,106374641,https://www.kugou.com/yy/rank/home/1-8888.html?from=rank
2026-07-28,2026-07-28T16:02:20+08:00,酷狗音乐,热歌榜,酷狗TOP500,2026-07-28,22,若不是因为你 (深情版),林栖,,4:13,6CCB2559DE8FC8965E98F641C4C33B6A,176013962,https://www.kugou.com/yy/rank/home/1-8888.html?from=rank
2026-07-28,2026-07-28T16:02:20+08:00,酷狗音乐,热歌榜,酷狗TOP500,2026-07-28,23,阴天,莫文蔚,,4:02,E4271CB5938F401AA283FBEA49223BF8,970575,https://www.kugou.com/yy/rank/home/2-8888.html?from=rank
2026-07-28,2026-07-28T16:02:20+08:00,酷狗音乐,热歌榜,酷狗TOP500,2026-07-28,24,踏马寻花向自由 (潇洒版),雷鬼叔,,2:49,2AB7A8EBAD8E05DEF40E7F9330FCB01E,198887108,https://www.kugou.com/yy/rank/home/2-8888.html?from=rank
2026-07-28,2026-07-28T16:02:20+08:00,酷狗音乐,热歌榜,酷狗TOP500,2026-07-28,25,雨爱,杨丞琳,,4:21,2592FFA57A2D8B1A16F18D991B7098CD,2694607,https://www.kugou.com/yy/rank/home/2-8888.html?from=rank
2026-07-28,2026-07-28T16:02:20+08:00,酷狗音乐,热歌榜,酷狗TOP500,2026-07-28,26,讨厌,芮恩,,4:18,C88A8D3EF16E2C4E944B947E0F56A7AD,2996887,https://www.kugou.com/yy/rank/home/2-8888.html?from=rank
2026-07-28,2026-07-28T16:02:20+08:00,酷狗音乐,热歌榜,酷狗TOP500,2026-07-28,27,小半,陈粒,,4:57,AFEA9FFE5D7F0EF0874119A363820D33,1749208,https://www.kugou.com/yy/rank/home/2-8888.html?from=rank
2026-07-28,2026-07-28T16:02:20+08:00,酷狗音乐,热歌榜,酷狗TOP500,2026-07-28,28,泡泡,牛佳钰,,3:37,CB6BD8CDFF1DA01DAEF01C389CBAD645,37403884,https://www.kugou.com/yy/rank/home/2-8888.html?from=rank
2026-07-28,2026-07-28T16:02:20+08:00,酷狗音乐,热歌榜,酷狗TOP500,2026-07-28,29,人间的剧本,老韩很哇塞,,3:18,F80698DAC679080F9E38F3DBB07BD17A,195240853,https://www.kugou.com/yy/rank/home/2-8888.html?from=rank
2026-07-28,2026-07-28T16:02:20+08:00,酷狗音乐,热歌榜,酷狗TOP500,2026-07-28,30,无人之岛,任然,,4:45,8E568D8806F771607104D8BF9695ACE0,2916172,https://www.kugou.com/yy/rank/home/2-8888.html?from=rank
2026-07-28,2026-07-28T16:02:20+08:00,酷狗音乐,热歌榜,酷狗TOP500,2026-07-28,31,我不该动情 (藏语男女合唱版),万能和弦,,3:25,E1CDCF04108F3E2A756E3732E80EEF42,199546874,https://www.kugou.com/yy/rank/home/2-8888.html?from=rank
2026-07-28,2026-07-28T16:02:20+08:00,酷狗音乐,热歌榜,酷狗TOP500,2026-07-28,32,离开我的依赖,王艳薇,,3:54,A9C377CC1B9931F0CE81907E23E4D588,36181053,https://www.kugou.com/yy/rank/home/2-8888.html?from=rank
2026-07-28,2026-07-28T16:02:20+08:00,酷狗音乐,热歌榜,酷狗TOP500,2026-07-28,33,晴天,周杰伦,,4:29,B3A52A7A958BF0AED0EBFBA2E9A818B7,966846,https://www.kugou.com/yy/rank/home/2-8888.html?from=rank
2026-07-28,2026-07-28T16:02:20+08:00,酷狗音乐,热歌榜,酷狗TOP500,2026-07-28,34,偏爱,张芸京,,3:33,4A544525C1F78DBDF25361DB0E255495,968788,https://www.kugou.com/yy/rank/home/2-8888.html?from=rank
2026-07-28,2026-07-28T16:02:20+08:00,酷狗音乐,热歌榜,酷狗TOP500,2026-07-28,35,Fever Pitch,Richz,,2:15,594B915AEEDA7DA8F5BD70B63EA76EAD,180499937,https://www.kugou.com/yy/rank/home/2-8888.html?from=rank
2026-07-28,2026-07-28T16:02:20+08:00,酷狗音乐,热歌榜,酷狗TOP500,2026-07-28,36,有风的日落,万海东,,3:49,94774F06E73EF9ABD739423E1A414593,181906094,https://www.kugou.com/yy/rank/home/2-8888.html?from=rank
2026-07-28,2026-07-28T16:02:20+08:00,酷狗音乐,热歌榜,酷狗TOP500,2026-07-28,37,街道,林俊杰,,4:02,D9DF39A88E29EADDB272A4B04393D357,963179,https://www.kugou.com/yy/rank/home/2-8888.html?from=rank
2026-07-28,2026-07-28T16:02:20+08:00,酷狗音乐,热歌榜,酷狗TOP500,2026-07-28,38,街角的晚风,陈小春,,4:00,18B89D66950B7856EABB131BB6273F6E,169830039,https://www.kugou.com/yy/rank/home/2-8888.html?from=rank
2026-07-28,2026-07-28T16:02:20+08:00,酷狗音乐,热歌榜,酷狗TOP500,2026-07-28,39,Angel,尹美莱、Tiger JK、Bizzy,,4:15,157D75DA9A1B5B4FED6C529C2B1C2452,964390,https://www.kugou.com/yy/rank/home/2-8888.html?from=rank
2026-07-28,2026-07-28T16:02:20+08:00,酷狗音乐,热歌榜,酷狗TOP500,2026-07-28,40,我不该动情,老板,,3:57,DFA780605FE78F1572761712931024A7,197593768,https://www.kugou.com/yy/rank/home/2-8888.html?from=rank
2026-07-28,2026-07-28T16:02:20+08:00,酷狗音乐,热歌榜,酷狗TOP500,2026-07-28,41,红尘客栈,周杰伦,,4:34,48729371F20FB048EF4E51D4CD41DBF5,982051,https://www.kugou.com/yy/rank/home/2-8888.html?from=rank
2026-07-28,2026-07-28T16:02:20+08:00,酷狗音乐,热歌榜,酷狗TOP500,2026-07-28,42,黄昏,周传雄,,5:44,7DE9A9CD041157F6BF3FE9FFBCF120E3,964612,https://www.kugou.com/yy/rank/home/2-8888.html?from=rank
2026-07-28,2026-07-28T16:02:20+08:00,酷狗音乐,热歌榜,酷狗TOP500,2026-07-28,43,好想再爱你,潘广益,,4:31,B78BA4062528E712B68C42DC6A4D9AAE,957659,https://www.kugou.com/yy/rank/home/2-8888.html?from=rank
2026-07-28,2026-07-28T16:02:20+08:00,酷狗音乐,热歌榜,酷狗TOP500,2026-07-28,44,The Other Side Of Paradise (Explicit),Glass Animals,,5:21,222314858D998CCDDD4BF0B7BAF2F5A2,47764102,https://www.kugou.com/yy/rank/home/2-8888.html?from=rank
2026-07-28,2026-07-28T16:02:20+08:00,酷狗音乐,热歌榜,酷狗TOP500,2026-07-28,45,最佳损友,陈奕迅,,3:54,CBFA7DDE592B23322E21E4BDAA9BE9F9,964332,https://www.kugou.com/yy/rank/home/3-8888.html?from=rank
2026-07-28,2026-07-28T16:02:20+08:00,酷狗音乐,热歌榜,酷狗TOP500,2026-07-28,46,Copines,Aya Nakamura,,2:52,1CDA977A7FC0BCCC23BC7DF4D0194389,39155596,https://www.kugou.com/yy/rank/home/3-8888.html?from=rank
2026-07-28,2026-07-28T16:02:20+08:00,酷狗音乐,热歌榜,酷狗TOP500,2026-07-28,47,唯一,G.E.M. 邓紫棋,,4:14,AB05B8F658851282DCB2CBAD548AEB9B,82564821,https://www.kugou.com/yy/rank/home/3-8888.html?from=rank
2026-07-28,2026-07-28T16:02:20+08:00,酷狗音乐,热歌榜,酷狗TOP500,2026-07-28,48,爱错,王力宏,,3:59,8E021794DFD02C48D2C6281A55BCBDC6,2996462,https://www.kugou.com/yy/rank/home/3-8888.html?from=rank
2026-07-28,2026-07-28T16:02:20+08:00,酷狗音乐,热歌榜,酷狗TOP500,2026-07-28,49,情歌,梁静茹,,4:20,72DB6DA75FFE23A3A6361BDB8F44D5F4,2997268,https://www.kugou.com/yy/rank/home/3-8888.html?from=rank
2026-07-28,2026-07-28T16:02:20+08:00,酷狗音乐,热歌榜,酷狗TOP500,2026-07-28,50,枪火 (相对那就针锋相对),宝石Gem,,3:18,76923758046CB591DC9556D1FB69D976,154798334,https://www.kugou.com/yy/rank/home/3-8888.html?from=rank
2026-07-28,2026-07-28T16:02:20+08:00,酷狗音乐,热歌榜,酷狗TOP500,2026-07-28,51,抽离,徐良、刘丹萌,,4:18,37A9C74C33A9FAEFF672CFDF4C699581,547514,https://www.kugou.com/yy/rank/home/3-8888.html?from=rank
2026-07-28,2026-07-28T16:02:20+08:00,酷狗音乐,热歌榜,酷狗TOP500,2026-07-28,52,演员,薛之谦,,4:21,097E777171F692855EAE98B6965F9477,14456909,https://www.kugou.com/yy/rank/home/3-8888.html?from=rank
2026-07-28,2026-07-28T16:02:20+08:00,酷狗音乐,热歌榜,酷狗TOP500,2026-07-28,53,我不难过,孙燕姿,,5:20,3FD7E1EC51122C745C637735C8BDE716,965883,https://www.kugou.com/yy/rank/home/3-8888.html?from=rank
2026-07-28,2026-07-28T16:02:20+08:00,酷狗音乐,热歌榜,酷狗TOP500,2026-07-28,54,玻璃,Gareth.T,,3:05,ED0ED6B17B6C29695E97F5CC945C7901,191663409,https://www.kugou.com/yy/rank/home/3-8888.html?from=rank
2026-07-28,2026-07-28T16:02:20+08:00,酷狗音乐,热歌榜,酷狗TOP500,2026-07-28,55,来不及爱你,h3R3,,3:25,E3ED52965CEE83A40D73C5FB1DA7FF62,76488384,https://www.kugou.com/yy/rank/home/3-8888.html?from=rank
2026-07-28,2026-07-28T16:02:20+08:00,酷狗音乐,热歌榜,酷狗TOP500,2026-07-28,56,野心家,张靓颖,,4:43,1789AD88CFDD254910125F22494C0E8B,161637189,https://www.kugou.com/yy/rank/home/3-8888.html?from=rank
2026-07-28,2026-07-28T16:02:20+08:00,酷狗音乐,热歌榜,酷狗TOP500,2026-07-28,57,后会无期,汪苏泷、徐良,,3:32,5F86140467A73FBF9C4F339F7B9AFC2C,511536,https://www.kugou.com/yy/rank/home/3-8888.html?from=rank
2026-07-28,2026-07-28T16:02:20+08:00,酷狗音乐,热歌榜,酷狗TOP500,2026-07-28,58,半壶纱,刘珂矣,,3:41,951AB088C5A08F491471A1296DF93707,948327,https://www.kugou.com/yy/rank/home/3-8888.html?from=rank
2026-07-28,2026-07-28T16:02:20+08:00,酷狗音乐,热歌榜,酷狗TOP500,2026-07-28,59,坏女孩,徐良、小凌,,4:07,9365223F903B13D0DAF54B6091AC3E7B,511536,https://www.kugou.com/yy/rank/home/3-8888.html?from=rank
2026-07-28,2026-07-28T16:02:20+08:00,酷狗音乐,热歌榜,酷狗TOP500,2026-07-28,60,我怀念的,孙燕姿,,4:49,1A3CAACB1E361DAF217A2383E9C8E292,984086,https://www.kugou.com/yy/rank/home/3-8888.html?from=rank
2026-07-28,2026-07-28T16:02:20+08:00,酷狗音乐,热歌榜,酷狗TOP500,2026-07-28,61,竞速游戏,TOP登陆少年组合,,3:12,54430ED66CD1E96F6E729791C349CC57,200664416,https://www.kugou.com/yy/rank/home/3-8888.html?from=rank
2026-07-28,2026-07-28T16:02:20+08:00,酷狗音乐,热歌榜,酷狗TOP500,2026-07-28,62,红色高跟鞋,蔡健雅,,3:27,055A804B8A3CCC05240D08F8FF1F7DE8,978459,https://www.kugou.com/yy/rank/home/3-8888.html?from=rank
2026-07-28,2026-07-28T16:02:20+08:00,酷狗音乐,热歌榜,酷狗TOP500,2026-07-28,63,茶花开了，该回家了,王睿卓、加木,,3:10,99F0F17B7C6F110346411E7AD552156D,133732298,https://www.kugou.com/yy/rank/home/3-8888.html?from=rank
2026-07-28,2026-07-28T16:02:20+08:00,酷狗音乐,热歌榜,酷狗TOP500,2026-07-28,64,岁月如笔写春秋,郭少杰,,4:11,6FCF099C6A88F85FC8417AFD452D54FD,190046745,https://www.kugou.com/yy/rank/home/3-8888.html?from=rank
2026-07-28,2026-07-28T16:02:20+08:00,酷狗音乐,热歌榜,酷狗TOP500,2026-07-28,65,青花瓷,周杰伦,,3:59,37A8F50A9EC3B267C3CC6BEC633D9C4A,979856,https://www.kugou.com/yy/rank/home/3-8888.html?from=rank
2026-07-28,2026-07-28T16:02:20+08:00,酷狗音乐,热歌榜,酷狗TOP500,2026-07-28,66,有些,颜人中,,3:49,D79E556C176AE1A3ADE8B532810C4CE8,34604592,https://www.kugou.com/yy/rank/home/3-8888.html?from=rank
2026-07-28,2026-07-28T16:02:20+08:00,酷狗音乐,热歌榜,酷狗TOP500,2026-07-28,67,其实,薛之谦,,4:02,2A8911EAD4838BF967CF5A300D787E53,960327,https://www.kugou.com/yy/rank/home/4-8888.html?from=rank
2026-07-28,2026-07-28T16:02:20+08:00,酷狗音乐,热歌榜,酷狗TOP500,2026-07-28,68,童话,光良,,4:04,472FF9D57BCE90288EC88CBE100BCB2A,974097,https://www.kugou.com/yy/rank/home/4-8888.html?from=rank
2026-07-28,2026-07-28T16:02:20+08:00,酷狗音乐,热歌榜,酷狗TOP500,2026-07-28,69,一直很安静,阿桑,,4:10,44816EF0288A3B1ED2C4A5C5FE6B93B3,972917,https://www.kugou.com/yy/rank/home/4-8888.html?from=rank
2026-07-28,2026-07-28T16:02:20+08:00,酷狗音乐,热歌榜,酷狗TOP500,2026-07-28,70,光辉岁月,BEYOND,,5:04,BBFE9596615ADE83FF6B117831C45E4D,960181,https://www.kugou.com/yy/rank/home/4-8888.html?from=rank
2026-07-28,2026-07-28T16:02:20+08:00,酷狗音乐,热歌榜,酷狗TOP500,2026-07-28,71,下完这场雨,后弦,,4:31,2EEFFF98A4F19D945BBA7C78FB2079C0,1964990,https://www.kugou.com/yy/rank/home/4-8888.html?from=rank
2026-07-28,2026-07-28T16:02:20+08:00,酷狗音乐,热歌榜,酷狗TOP500,2026-07-28,72,心墙,郭静,,3:47,97870F3D4B01A7822DC497C6127EA66D,968033,https://www.kugou.com/yy/rank/home/4-8888.html?from=rank
2026-07-28,2026-07-28T16:02:20+08:00,酷狗音乐,热歌榜,酷狗TOP500,2026-07-28,73,山歌追上云朵,央金拉姆,,3:35,B81F368C6B44B98B0E2B4E9F417F1002,193932928,https://www.kugou.com/yy/rank/home/4-8888.html?from=rank
2026-07-28,2026-07-28T16:02:20+08:00,酷狗音乐,热歌榜,酷狗TOP500,2026-07-28,74,稻香,周杰伦,,3:44,8909E1809908CD8E3BF6CF85D98B93F0,960399,https://www.kugou.com/yy/rank/home/4-8888.html?from=rank
2026-07-28,2026-07-28T16:02:20+08:00,酷狗音乐,热歌榜,酷狗TOP500,2026-07-28,75,搁浅,周杰伦,,4:00,8141FAA45AAD5BCFF5FF9873B89709E3,971783,https://www.kugou.com/yy/rank/home/4-8888.html?from=rank
2026-07-28,2026-07-28T16:02:20+08:00,酷狗音乐,热歌榜,酷狗TOP500,2026-07-28,76,开始懂了,孙燕姿,,4:32,93F260998A10F4AD6B46606AF5C8EC72,972102,https://www.kugou.com/yy/rank/home/4-8888.html?from=rank
2026-07-28,2026-07-28T16:02:20+08:00,酷狗音乐,热歌榜,酷狗TOP500,2026-07-28,77,忘情牛肉面,马健涛,,3:02,E9E3E3F40397839A715537F5AA5C93CE,32988895,https://www.kugou.com/yy/rank/home/4-8888.html?from=rank
2026-07-28,2026-07-28T16:02:20+08:00,酷狗音乐,热歌榜,酷狗TOP500,2026-07-28,78,后来,刘若英,,5:38,C4904D4E3BBA872D41D3BDBF597E2B18,16562,https://www.kugou.com/yy/rank/home/4-8888.html?from=rank
2026-07-28,2026-07-28T16:02:20+08:00,酷狗音乐,热歌榜,酷狗TOP500,2026-07-28,79,爱情讯息,郭静,,4:41,D8E857250D8EEA9C5FAFDAF7857640A5,971139,https://www.kugou.com/yy/rank/home/4-8888.html?from=rank
2026-07-28,2026-07-28T16:02:20+08:00,酷狗音乐,热歌榜,酷狗TOP500,2026-07-28,80,西厢寻他,伯爵Johnny、唐伯虎Annie,,3:44,2B657B5B5D781C1A61D7E0D1F5E2DE22,53205523,https://www.kugou.com/yy/rank/home/4-8888.html?from=rank
2026-07-28,2026-07-28T16:02:20+08:00,酷狗音乐,热歌榜,酷狗TOP500,2026-07-28,81,踏马寻花向自由,半吨兄弟,,2:59,6DD4615AB1A9D1C595CCC15E16597434,198491409,https://www.kugou.com/yy/rank/home/4-8888.html?from=rank
2026-07-28,2026-07-28T16:02:20+08:00,酷狗音乐,热歌榜,酷狗TOP500,2026-07-28,82,烟火 (孤孤单单一个人),京六,,4:06,495D65F83F80948BE9E2683AEFD0E20A,198377118,https://www.kugou.com/yy/rank/home/4-8888.html?from=rank
2026-07-28,2026-07-28T16:02:20+08:00,酷狗音乐,热歌榜,酷狗TOP500,2026-07-28,83,告白气球,周杰伦,,3:36,688857974673645CE89EDA26A36DB19D,1645030,https://www.kugou.com/yy/rank/home/4-8888.html?from=rank
2026-07-28,2026-07-28T16:02:20+08:00,酷狗音乐,热歌榜,酷狗TOP500,2026-07-28,84,等一分钟,徐誉滕,,3:56,52ED380B09C692BDF4CE65FD56D918F3,2530746,https://www.kugou.com/yy/rank/home/4-8888.html?from=rank
2026-07-28,2026-07-28T16:02:20+08:00,酷狗音乐,热歌榜,酷狗TOP500,2026-07-28,85,我们俩,郭顶,,3:14,DD4D224BC3DBFD1A0F6E338928620E69,979601,https://www.kugou.com/yy/rank/home/4-8888.html?from=rank
2026-07-28,2026-07-28T16:02:20+08:00,酷狗音乐,热歌榜,酷狗TOP500,2026-07-28,86,可不可以,张紫豪,,4:01,6079A2ACBA5E782FE24695FDFCDB1887,9618875,https://www.kugou.com/yy/rank/home/4-8888.html?from=rank
2026-07-28,2026-07-28T16:02:20+08:00,酷狗音乐,热歌榜,酷狗TOP500,2026-07-28,87,背对背拥抱,林俊杰,,3:55,D3CB60981A747455AE3142C25809051E,975828,https://www.kugou.com/yy/rank/home/4-8888.html?from=rank
2026-07-28,2026-07-28T16:02:20+08:00,酷狗音乐,热歌榜,酷狗TOP500,2026-07-28,88,亲爱的你啊,任素汐,,3:56,C42C2C5C7A68CDAFBF543F29AF883B1D,144348541,https://www.kugou.com/yy/rank/home/4-8888.html?from=rank
2026-07-28,2026-07-28T16:02:20+08:00,酷狗音乐,热歌榜,酷狗TOP500,2026-07-28,89,认真的雪,薛之谦,,4:19,D2E00CC158DB4DA18927AC3B01CC371B,2689239,https://www.kugou.com/yy/rank/home/5-8888.html?from=rank
2026-07-28,2026-07-28T16:02:20+08:00,酷狗音乐,热歌榜,酷狗TOP500,2026-07-28,90,We Don't Talk Anymore (Mr. Collipark Remix),Charlie Puth、Selena Gomez,,4:14,8F323B0610BE8D862B7CBB41C3398766,1746993,https://www.kugou.com/yy/rank/home/5-8888.html?from=rank
2026-07-28,2026-07-28T16:02:20+08:00,酷狗音乐,热歌榜,酷狗TOP500,2026-07-28,91,第57次取消发送,菲菲公主（陆绮菲）,,3:01,F17C489C53382E608F9CBB3ED9F6D2AA,137397074,https://www.kugou.com/yy/rank/home/5-8888.html?from=rank
2026-07-28,2026-07-28T16:02:20+08:00,酷狗音乐,热歌榜,酷狗TOP500,2026-07-28,92,富士山下,陈奕迅,,4:19,0433F1A94FA162B20FB8AE576A951D6B,976404,https://www.kugou.com/yy/rank/home/5-8888.html?from=rank
2026-07-28,2026-07-28T16:02:20+08:00,酷狗音乐,热歌榜,酷狗TOP500,2026-07-28,93,总有一天你会出现在我身边,棱镜乐队,,4:30,8E6A42453EF5B06A87772F8FF4AD5188,10808308,https://www.kugou.com/yy/rank/home/5-8888.html?from=rank
2026-07-28,2026-07-28T16:02:20+08:00,酷狗音乐,热歌榜,酷狗TOP500,2026-07-28,94,Dehors (外面)(Single Version),Jordann,,3:15,3D6391A8A0FB81B62C68C6A4429F63FD,42153287,https://www.kugou.com/yy/rank/home/5-8888.html?from=rank
2026-07-28,2026-07-28T16:02:20+08:00,酷狗音乐,热歌榜,酷狗TOP500,2026-07-28,95,带我走,杨丞琳,,4:50,0C57DE35C3CB2A32A8CF634E4F8309C4,975441,https://www.kugou.com/yy/rank/home/5-8888.html?from=rank
2026-07-28,2026-07-28T16:02:20+08:00,酷狗音乐,热歌榜,酷狗TOP500,2026-07-28,96,特别的人,方大同,,4:19,0F7A79ADAAEEB6EA1DA3E19DD637FD73,965097,https://www.kugou.com/yy/rank/home/5-8888.html?from=rank
2026-07-28,2026-07-28T16:02:20+08:00,酷狗音乐,热歌榜,酷狗TOP500,2026-07-28,97,勇气,梁静茹,,3:59,A4D0C350CF4475BFBB0AB28DC6E25A8D,973299,https://www.kugou.com/yy/rank/home/5-8888.html?from=rank
2026-07-28,2026-07-28T16:02:20+08:00,酷狗音乐,热歌榜,酷狗TOP500,2026-07-28,98,Baby,Justin Bieber、Ludacris,,3:37,493CD2904FAFDAEB8785CC83B8056F5A,508825,https://www.kugou.com/yy/rank/home/5-8888.html?from=rank
2026-07-28,2026-07-28T16:02:20+08:00,酷狗音乐,热歌榜,酷狗TOP500,2026-07-28,99,此生不换,青鸟飞鱼,,4:28,61AA3E30BF3F50F23FCAABD56DB46755,49812122,https://www.kugou.com/yy/rank/home/5-8888.html?from=rank
2026-07-28,2026-07-28T16:02:20+08:00,酷狗音乐,热歌榜,酷狗TOP500,2026-07-28,100,海阔天空,BEYOND,,5:25,C41E80A18D1448FA47086372999C7F43,973001,https://www.kugou.com/yy/rank/home/5-8888.html?from=rank
2026-07-28,2026-07-28T16:02:20+08:00,酷狗音乐,热歌榜,酷狗TOP500,2026-07-28,101,江南,林俊杰,,4:28,B83DBB8E3DD3FCF86BF32690B91547F5,969588,https://www.kugou.com/yy/rank/home/5-8888.html?from=rank
2026-07-28,2026-07-28T16:02:20+08:00,酷狗音乐,热歌榜,酷狗TOP500,2026-07-28,102,Beauty And A Beat,Justin Bieber、Nicki Minaj,,3:47,FF5719341A9B004AA3E7312D617AE305,16996733,https://www.kugou.com/yy/rank/home/5-8888.html?from=rank
2026-07-28,2026-07-28T16:02:20+08:00,酷狗音乐,热歌榜,酷狗TOP500,2026-07-28,103,以为有以后,李廷旭,,3:40,6E614BA7EC0D510401C6C68CD8628D8A,195258314,https://www.kugou.com/yy/rank/home/5-8888.html?from=rank
2026-07-28,2026-07-28T16:02:20+08:00,酷狗音乐,热歌榜,酷狗TOP500,2026-07-28,104,阳光下的星星,金海心,,4:44,8B60D8B58137C2D256DAA71B9D84C046,1738155,https://www.kugou.com/yy/rank/home/5-8888.html?from=rank
2026-07-28,2026-07-28T16:02:20+08:00,酷狗音乐,热歌榜,酷狗TOP500,2026-07-28,105,爱旧爱 (怪我曾爱你爱的太深),恩几,,2:48,E8973BC4EF96021352693BBD9E34D9E2,200504903,https://www.kugou.com/yy/rank/home/5-8888.html?from=rank
2026-07-28,2026-07-28T16:02:20+08:00,酷狗音乐,热歌榜,酷狗TOP500,2026-07-28,106,猜不透,丁当,,3:53,B1B4CC4F4E90134603CE66CBCF8FA73B,973244,https://www.kugou.com/yy/rank/home/5-8888.html?from=rank
2026-07-28,2026-07-28T16:02:20+08:00,酷狗音乐,热歌榜,酷狗TOP500,2026-07-28,107,Always Online,林俊杰,,3:45,16A4E4895905B703AC0F31007A495D4C,963179,https://www.kugou.com/yy/rank/home/5-8888.html?from=rank
2026-07-28,2026-07-28T16:02:20+08:00,酷狗音乐,热歌榜,酷狗TOP500,2026-07-28,108,舍得,王唯旖,,4:22,62C406C76F45C3EF39F451F2C4F22D95,1944276,https://www.kugou.com/yy/rank/home/5-8888.html?from=rank
2026-07-28,2026-07-28T16:02:20+08:00,酷狗音乐,热歌榜,酷狗TOP500,2026-07-28,109,如愿,王菲,,4:25,EC1A18BBD6B61CB203E656B91F5CF2D1,49057589,https://www.kugou.com/yy/rank/home/5-8888.html?from=rank
2026-07-28,2026-07-28T16:02:20+08:00,酷狗音乐,热歌榜,酷狗TOP500,2026-07-28,110,十年,陈奕迅,,3:25,5146461A5717B942F4B13125978618E3,504194,https://www.kugou.com/yy/rank/home/5-8888.html?from=rank
2026-07-28,2026-07-28T16:02:20+08:00,酷狗音乐,热歌榜,酷狗TOP500,2026-07-28,111,七里香,周杰伦,,4:59,9218D81686C6AC681BC7CA621958AD6D,971783,https://www.kugou.com/yy/rank/home/6-8888.html?from=rank
2026-07-28,2026-07-28T16:02:20+08:00,酷狗音乐,热歌榜,酷狗TOP500,2026-07-28,112,为爱痴狂 (想要问问你敢不敢),金志文,,2:21,8CA8C420761A7C36FF16DD42FE5D331D,194629486,https://www.kugou.com/yy/rank/home/6-8888.html?from=rank
2026-07-28,2026-07-28T16:02:20+08:00,酷狗音乐,热歌榜,酷狗TOP500,2026-07-28,113,会呼吸的痛,梁静茹,,4:32,1EB00DC46AE8E1446B6A9860A56487AC,500574,https://www.kugou.com/yy/rank/home/6-8888.html?from=rank
2026-07-28,2026-07-28T16:02:20+08:00,酷狗音乐,热歌榜,酷狗TOP500,2026-07-28,114,多远都要在一起,G.E.M. 邓紫棋,,3:38,768F6FA531A3D883BE3F6C91AAF60612,555825,https://www.kugou.com/yy/rank/home/6-8888.html?from=rank
2026-07-28,2026-07-28T16:02:20+08:00,酷狗音乐,热歌榜,酷狗TOP500,2026-07-28,115,体面,于文文,,4:43,B0927C5353E9DD8BD72242BB730DAFF4,8149034,https://www.kugou.com/yy/rank/home/6-8888.html?from=rank
2026-07-28,2026-07-28T16:02:20+08:00,酷狗音乐,热歌榜,酷狗TOP500,2026-07-28,116,落了白,蒋雪儿Snow.J,,3:01,74390D89B6BD2E18CFD7F25968EFD98A,40300587,https://www.kugou.com/yy/rank/home/6-8888.html?from=rank
2026-07-28,2026-07-28T16:02:20+08:00,酷狗音乐,热歌榜,酷狗TOP500,2026-07-28,117,老男孩,筷子兄弟,,4:59,EB494F1F9199AA29F66E056F116D2F1C,17165001,https://www.kugou.com/yy/rank/home/6-8888.html?from=rank
2026-07-28,2026-07-28T16:02:20+08:00,酷狗音乐,热歌榜,酷狗TOP500,2026-07-28,118,不将就,李荣浩,,5:12,E5F0905C662872A9B05A423FD1ED48B5,1004040,https://www.kugou.com/yy/rank/home/6-8888.html?from=rank
2026-07-28,2026-07-28T16:02:20+08:00,酷狗音乐,热歌榜,酷狗TOP500,2026-07-28,119,岸边客,夏子航（2603）,,4:32,E87EEB7804D4708714E6C38DE1F8E649,161846818,https://www.kugou.com/yy/rank/home/6-8888.html?from=rank
2026-07-28,2026-07-28T16:02:20+08:00,酷狗音乐,热歌榜,酷狗TOP500,2026-07-28,120,泡沫 (G.E.M.重生版),G.E.M. 邓紫棋,,4:18,53F2510610AC38F0C15F73B2605E5CEE,150256944,https://www.kugou.com/yy/rank/home/6-8888.html?from=rank
2026-07-28,2026-07-28T16:02:20+08:00,酷狗音乐,热歌榜,酷狗TOP500,2026-07-28,121,至少还有你,林忆莲,,4:35,BA9D67DAB59FA6DCE243F4B6B70ACA95,967340,https://www.kugou.com/yy/rank/home/6-8888.html?from=rank
2026-07-28,2026-07-28T16:02:20+08:00,酷狗音乐,热歌榜,酷狗TOP500,2026-07-28,122,后来的我们,五月天,,5:46,09120C11A5C376EC7D1640098FA70CDC,1748942,https://www.kugou.com/yy/rank/home/6-8888.html?from=rank
2026-07-28,2026-07-28T16:02:20+08:00,酷狗音乐,热歌榜,酷狗TOP500,2026-07-28,123,也许在下雨天 (对唱版),戎明睿、王一佳,,3:52,4CB350AE6C500934F12C4B85D348D95A,198650892,https://www.kugou.com/yy/rank/home/6-8888.html?from=rank
2026-07-28,2026-07-28T16:02:20+08:00,酷狗音乐,热歌榜,酷狗TOP500,2026-07-28,124,美人鱼,林俊杰,,4:14,CDAE8C7E2FAF7F08DC18E78A1D65117B,969588,https://www.kugou.com/yy/rank/home/6-8888.html?from=rank
2026-07-28,2026-07-28T16:02:20+08:00,酷狗音乐,热歌榜,酷狗TOP500,2026-07-28,125,过火,张信哲,,5:02,E34CBC6EBE64B9EE9ADB5C46E2178A84,982639,https://www.kugou.com/yy/rank/home/6-8888.html?from=rank
2026-07-28,2026-07-28T16:02:20+08:00,酷狗音乐,热歌榜,酷狗TOP500,2026-07-28,126,戒烟,李荣浩,,4:54,AF36A623D725B98893DAEFDF8010F22E,49390931,https://www.kugou.com/yy/rank/home/6-8888.html?from=rank
2026-07-28,2026-07-28T16:02:20+08:00,酷狗音乐,热歌榜,酷狗TOP500,2026-07-28,127,青花,周传雄,,4:58,09B46455BAE7C613ABD0DB362A5DDBDE,960448,https://www.kugou.com/yy/rank/home/6-8888.html?from=rank
2026-07-28,2026-07-28T16:02:20+08:00,酷狗音乐,热歌榜,酷狗TOP500,2026-07-28,128,夜曲,周杰伦,,3:47,16C8AB298231370293D16BCF9E5FF9B6,958909,https://www.kugou.com/yy/rank/home/6-8888.html?from=rank
2026-07-28,2026-07-28T16:02:20+08:00,酷狗音乐,热歌榜,酷狗TOP500,2026-07-28,129,奢香夫人,凤凰传奇,,4:20,478C572FC9E2E15777A41260DEE293A0,984412,https://www.kugou.com/yy/rank/home/6-8888.html?from=rank
2026-07-28,2026-07-28T16:02:20+08:00,酷狗音乐,热歌榜,酷狗TOP500,2026-07-28,130,遇见,孙燕姿,,3:31,9F865C787E90E013B2BC847BAAA306AA,964325,https://www.kugou.com/yy/rank/home/6-8888.html?from=rank
2026-07-28,2026-07-28T16:02:20+08:00,酷狗音乐,热歌榜,酷狗TOP500,2026-07-28,131,疑心病,任然,,4:43,9D8C7468BE4391B85794617090585646,1818864,https://www.kugou.com/yy/rank/home/6-8888.html?from=rank
2026-07-28,2026-07-28T16:02:20+08:00,酷狗音乐,热歌榜,酷狗TOP500,2026-07-28,132,空心,光泽,,4:39,4465EE613CC3CF7DCF9448F8ACFED1CA,4141939,https://www.kugou.com/yy/rank/home/6-8888.html?from=rank
2026-07-28,2026-07-28T16:02:20+08:00,酷狗音乐,热歌榜,酷狗TOP500,2026-07-28,133,秋天不回来,王强,,4:14,81056FF4FC4F2D0A0E9B38757A60D2F7,81746524,https://www.kugou.com/yy/rank/home/7-8888.html?from=rank
2026-07-28,2026-07-28T16:02:20+08:00,酷狗音乐,热歌榜,酷狗TOP500,2026-07-28,134,Баллада (民谣),Xcho、Мот,,3:02,0B2EC37A6E065AD181378AAD27391F8F,91468549,https://www.kugou.com/yy/rank/home/7-8888.html?from=rank
2026-07-28,2026-07-28T16:02:20+08:00,酷狗音乐,热歌榜,酷狗TOP500,2026-07-28,135,听说当初你找过我,贺一航,,4:06,8853D5BDDDE97FEACFAF65371B68AD57,1969900,https://www.kugou.com/yy/rank/home/7-8888.html?from=rank
2026-07-28,2026-07-28T16:02:20+08:00,酷狗音乐,热歌榜,酷狗TOP500,2026-07-28,136,退后,周杰伦,,4:22,5971DE0B235D5B2708D6A6FEB3D31B6F,965291,https://www.kugou.com/yy/rank/home/7-8888.html?from=rank
2026-07-28,2026-07-28T16:02:20+08:00,酷狗音乐,热歌榜,酷狗TOP500,2026-07-28,137,兰亭序,周杰伦,,4:14,4EC10B1B7B9BEB2F0ADB89BBEC5F664B,960399,https://www.kugou.com/yy/rank/home/7-8888.html?from=rank
2026-07-28,2026-07-28T16:02:20+08:00,酷狗音乐,热歌榜,酷狗TOP500,2026-07-28,138,灰色轨迹,BEYOND,,5:28,4476FAA4B6567CCC2292BFBBCA93CB9C,39629213,https://www.kugou.com/yy/rank/home/7-8888.html?from=rank
2026-07-28,2026-07-28T16:02:20+08:00,酷狗音乐,热歌榜,酷狗TOP500,2026-07-28,139,一路向北,周杰伦,,4:54,F73F22FB046CA1A135C70417163AF82E,1739223,https://www.kugou.com/yy/rank/home/7-8888.html?from=rank
2026-07-28,2026-07-28T16:02:20+08:00,酷狗音乐,热歌榜,酷狗TOP500,2026-07-28,140,那时雨,徐良,,3:34,CE76C60251F6193BC5BBA5B46B977747,16900987,https://www.kugou.com/yy/rank/home/7-8888.html?from=rank
2026-07-28,2026-07-28T16:02:20+08:00,酷狗音乐,热歌榜,酷狗TOP500,2026-07-28,141,沪上龙王,郭有才,,3:24,5BC72AAD6BD63DA97B5525B6FC061B50,198875748,https://www.kugou.com/yy/rank/home/7-8888.html?from=rank
2026-07-28,2026-07-28T16:02:20+08:00,酷狗音乐,热歌榜,酷狗TOP500,2026-07-28,142,再爱你也没用,范贵宾,,3:29,BDBD97AB8C5069D49A5159EB7EC60A72,197763885,https://www.kugou.com/yy/rank/home/7-8888.html?from=rank
2026-07-28,2026-07-28T16:02:20+08:00,酷狗音乐,热歌榜,酷狗TOP500,2026-07-28,143,发如雪,周杰伦,,4:59,1F7E7659B9FFF4FB6F71562A61BBC25F,958909,https://www.kugou.com/yy/rank/home/7-8888.html?from=rank
2026-07-28,2026-07-28T16:02:20+08:00,酷狗音乐,热歌榜,酷狗TOP500,2026-07-28,144,出现又离开 (Live),梁博,,6:43,DEAB3B0160E9A410CE0AAA9ED8AC602E,19284949,https://www.kugou.com/yy/rank/home/7-8888.html?from=rank
2026-07-28,2026-07-28T16:02:20+08:00,酷狗音乐,热歌榜,酷狗TOP500,2026-07-28,145,离人赋,云汐,,3:57,321EC3B1BB1D8F1D2EFB7A40AC911CA4,64168081,https://www.kugou.com/yy/rank/home/7-8888.html?from=rank
2026-07-28,2026-07-28T16:02:20+08:00,酷狗音乐,热歌榜,酷狗TOP500,2026-07-28,146,说好的幸福呢,周杰伦,,4:17,892B7AD62499C97A1A994454423E30F6,960399,https://www.kugou.com/yy/rank/home/7-8888.html?from=rank
2026-07-28,2026-07-28T16:02:20+08:00,酷狗音乐,热歌榜,酷狗TOP500,2026-07-28,147,谁 (男女扎心合唱),梨子芥菜、戚悦,,3:58,38DAABE4EEA0ADDC04897AC14E15B54E,185936379,https://www.kugou.com/yy/rank/home/7-8888.html?from=rank
2026-07-28,2026-07-28T16:02:20+08:00,酷狗音乐,热歌榜,酷狗TOP500,2026-07-28,148,素颜,许嵩、何曼婷,,3:59,30C94AE2868E63B1058DA7685E0CDF3B,13264539,https://www.kugou.com/yy/rank/home/7-8888.html?from=rank
2026-07-28,2026-07-28T16:02:20+08:00,酷狗音乐,热歌榜,酷狗TOP500,2026-07-28,149,我走后,小咪,,4:08,00751DE0946619BCDE4A4E15397F2A15,22216764,https://www.kugou.com/yy/rank/home/7-8888.html?from=rank
2026-07-28,2026-07-28T16:02:20+08:00,酷狗音乐,热歌榜,酷狗TOP500,2026-07-28,150,Amani (女声版),落日微醺,,3:54,0E1705D85CE6D8BE87784DFA9C9A5624,194642479,https://www.kugou.com/yy/rank/home/7-8888.html?from=rank
2026-07-28,2026-07-28T16:02:20+08:00,酷狗音乐,热歌榜,酷狗TOP500,2026-07-28,151,花海,周杰伦,,4:25,3328808CECBD1A1038166003840FDDD7,960399,https://www.kugou.com/yy/rank/home/7-8888.html?from=rank
2026-07-28,2026-07-28T16:02:20+08:00,酷狗音乐,热歌榜,酷狗TOP500,2026-07-28,152,你有没有真的爱过我 (对唱版),阿图表妹、寂寞阿图,,4:03,3C425FC4496E67468562CA377D7F2B23,190170015,https://www.kugou.com/yy/rank/home/7-8888.html?from=rank
2026-07-28,2026-07-28T16:02:20+08:00,酷狗音乐,热歌榜,酷狗TOP500,2026-07-28,153,慢冷 (Live),李荣浩,,2:44,3536800EC50F04EBF68FB22E7AF6B124,59599171,https://www.kugou.com/yy/rank/home/7-8888.html?from=rank
2026-07-28,2026-07-28T16:02:20+08:00,酷狗音乐,热歌榜,酷狗TOP500,2026-07-28,154,讲不出再见,谭咏麟,,4:54,2E0BFDC7BA2F759B0208A58CB2C26523,2337635,https://www.kugou.com/yy/rank/home/7-8888.html?from=rank
2026-07-28,2026-07-28T16:02:20+08:00,酷狗音乐,热歌榜,酷狗TOP500,2026-07-28,155,千千阕歌,陈慧娴,,5:01,81E5A1C3B9E016D61FE91B809B4A7DC1,971621,https://www.kugou.com/yy/rank/home/8-8888.html?from=rank
2026-07-28,2026-07-28T16:02:20+08:00,酷狗音乐,热歌榜,酷狗TOP500,2026-07-28,156,蒲公英的约定,周杰伦,,4:07,A14373681262867AB43FEF5467F4CC1D,979856,https://www.kugou.com/yy/rank/home/8-8888.html?from=rank
2026-07-28,2026-07-28T16:02:20+08:00,酷狗音乐,热歌榜,酷狗TOP500,2026-07-28,157,春娇与志明,街道办GDC、欧阳耀莹,,3:24,E84947402A5E0952FA067566C10264CB,8543461,https://www.kugou.com/yy/rank/home/8-8888.html?from=rank
2026-07-28,2026-07-28T16:02:20+08:00,酷狗音乐,热歌榜,酷狗TOP500,2026-07-28,158,是非题,莫文蔚,,4:07,60431D272D830AC994DF2584BA56D196,973717,https://www.kugou.com/yy/rank/home/8-8888.html?from=rank
2026-07-28,2026-07-28T16:02:20+08:00,酷狗音乐,热歌榜,酷狗TOP500,2026-07-28,159,刻在我心底的名字,卢广仲,,5:20,5CDCAAF9E7B91E94FD012589D00FDBEA,39020767,https://www.kugou.com/yy/rank/home/8-8888.html?from=rank
2026-07-28,2026-07-28T16:02:20+08:00,酷狗音乐,热歌榜,酷狗TOP500,2026-07-28,160,碎碎念,队长,,2:13,A823AE8D84854FD2EB5B8E599D1263FA,79831015,https://www.kugou.com/yy/rank/home/8-8888.html?from=rank
2026-07-28,2026-07-28T16:02:20+08:00,酷狗音乐,热歌榜,酷狗TOP500,2026-07-28,161,去年夏天,王大毛,,4:05,5CD03A78A74761494A39CADFAA832550,8542577,https://www.kugou.com/yy/rank/home/8-8888.html?from=rank
2026-07-28,2026-07-28T16:02:20+08:00,酷狗音乐,热歌榜,酷狗TOP500,2026-07-28,162,茶花开了,王睿卓,,4:30,007A7A8EAFA3FF9EA51EF6A767AC3497,130468077,https://www.kugou.com/yy/rank/home/8-8888.html?from=rank
2026-07-28,2026-07-28T16:02:20+08:00,酷狗音乐,热歌榜,酷狗TOP500,2026-07-28,163,全世界的雨,周深、Ella陈嘉桦,,4:08,88334169DA8F72EFA45C6211FD641737,199401705,https://www.kugou.com/yy/rank/home/8-8888.html?from=rank
2026-07-28,2026-07-28T16:02:20+08:00,酷狗音乐,热歌榜,酷狗TOP500,2026-07-28,164,租购,薛之谦,,4:31,B96A6102B2238E21C463E96A7D81E840,130133801,https://www.kugou.com/yy/rank/home/8-8888.html?from=rank
2026-07-28,2026-07-28T16:02:20+08:00,酷狗音乐,热歌榜,酷狗TOP500,2026-07-28,165,成都,赵雷,,5:28,A06B033B356BFC974C5245D0195086A5,1802652,https://www.kugou.com/yy/rank/home/8-8888.html?from=rank
2026-07-28,2026-07-28T16:02:20+08:00,酷狗音乐,热歌榜,酷狗TOP500,2026-07-28,166,关不上的窗,周传雄,,4:53,C9FF4C5E86A76043F004E3BB17E08942,982655,https://www.kugou.com/yy/rank/home/8-8888.html?from=rank
2026-07-28,2026-07-28T16:02:20+08:00,酷狗音乐,热歌榜,酷狗TOP500,2026-07-28,167,曾经的你,许巍,,4:21,8D27A0FD0D8B6A9059D3FEEC95E2088D,976268,https://www.kugou.com/yy/rank/home/8-8888.html?from=rank
2026-07-28,2026-07-28T16:02:20+08:00,酷狗音乐,热歌榜,酷狗TOP500,2026-07-28,168,我知道,BY2,,4:10,38CB283F880797F94A80968E682191E2,530437,https://www.kugou.com/yy/rank/home/8-8888.html?from=rank
2026-07-28,2026-07-28T16:02:20+08:00,酷狗音乐,热歌榜,酷狗TOP500,2026-07-28,169,说了再见,周杰伦,,4:43,966C718DA96EE29B3B466F773BFA9E2F,958812,https://www.kugou.com/yy/rank/home/8-8888.html?from=rank
2026-07-28,2026-07-28T16:02:20+08:00,酷狗音乐,热歌榜,酷狗TOP500,2026-07-28,170,烟花易冷,周杰伦,,4:23,B9FC03DF9015D6BFF0554A110BF2C84F,958812,https://www.kugou.com/yy/rank/home/8-8888.html?from=rank
2026-07-28,2026-07-28T16:02:20+08:00,酷狗音乐,热歌榜,酷狗TOP500,2026-07-28,171,你瞒我瞒,陈柏宇,,3:58,E8EE57D671769402710C4FF9259D841F,965453,https://www.kugou.com/yy/rank/home/8-8888.html?from=rank
2026-07-28,2026-07-28T16:02:20+08:00,酷狗音乐,热歌榜,酷狗TOP500,2026-07-28,172,相见恨晚,彭佳慧,,4:15,01214FB85BAF49AB74F10AFA4C363540,977553,https://www.kugou.com/yy/rank/home/8-8888.html?from=rank
2026-07-28,2026-07-28T16:02:20+08:00,酷狗音乐,热歌榜,酷狗TOP500,2026-07-28,173,同花顺,林倛玉,,3:57,87C979FC3CBA27D6345528A1BEF05477,8603846,https://www.kugou.com/yy/rank/home/8-8888.html?from=rank
2026-07-28,2026-07-28T16:02:20+08:00,酷狗音乐,热歌榜,酷狗TOP500,2026-07-28,174,怎么两清 (做回甲乙丙丁),欢子,,3:22,342245E480BE5995EEAACD411B1E5CCA,199624225,https://www.kugou.com/yy/rank/home/8-8888.html?from=rank
2026-07-28,2026-07-28T16:02:20+08:00,酷狗音乐,热歌榜,酷狗TOP500,2026-07-28,175,在你的身边,盛哲,,4:22,38698C9A8BB6637CDDE413C6E210FA54,4128050,https://www.kugou.com/yy/rank/home/8-8888.html?from=rank
2026-07-28,2026-07-28T16:02:20+08:00,酷狗音乐,热歌榜,酷狗TOP500,2026-07-28,176,祝福祖国,顿株拉姆,,3:20,4278C1D6B994A3C6313E08270B924D78,200182409,https://www.kugou.com/yy/rank/home/8-8888.html?from=rank
2026-07-28,2026-07-28T16:02:20+08:00,酷狗音乐,热歌榜,酷狗TOP500,2026-07-28,177,失控,井迪,,4:15,44FE8C442EB1F254D15717F1DC03C9BF,40221609,https://www.kugou.com/yy/rank/home/9-8888.html?from=rank
2026-07-28,2026-07-28T16:02:20+08:00,酷狗音乐,热歌榜,酷狗TOP500,2026-07-28,178,你懂我的眼泪,A江也眠,,2:59,FE39AF92D44C38DCB28F6F125EB33F3C,195545640,https://www.kugou.com/yy/rank/home/9-8888.html?from=rank
2026-07-28,2026-07-28T16:02:20+08:00,酷狗音乐,热歌榜,酷狗TOP500,2026-07-28,179,夏天的风,温岚,,4:01,50AF6B58086928F4A94170AFFAA12A2D,2997111,https://www.kugou.com/yy/rank/home/9-8888.html?from=rank
2026-07-28,2026-07-28T16:02:20+08:00,酷狗音乐,热歌榜,酷狗TOP500,2026-07-28,180,我是真的爱上你,王杰,,5:03,7C353B672AC945A3FE56022000A239FE,2996801,https://www.kugou.com/yy/rank/home/9-8888.html?from=rank
2026-07-28,2026-07-28T16:02:20+08:00,酷狗音乐,热歌榜,酷狗TOP500,2026-07-28,181,可惜没如果,林俊杰,,4:58,57D6EAF8F7E593A2C4B780D8045DE5C1,542795,https://www.kugou.com/yy/rank/home/9-8888.html?from=rank
2026-07-28,2026-07-28T16:02:20+08:00,酷狗音乐,热歌榜,酷狗TOP500,2026-07-28,182,老人与海,海鸣威、吴琼,,4:26,64550F3E833ABE710545EA84FC82754E,1778632,https://www.kugou.com/yy/rank/home/9-8888.html?from=rank
2026-07-28,2026-07-28T16:02:20+08:00,酷狗音乐,热歌榜,酷狗TOP500,2026-07-28,183,过海,王赫野、黄龄,,3:47,35405E44573EF6D9F2F0AB42AE8BD716,199401816,https://www.kugou.com/yy/rank/home/9-8888.html?from=rank
2026-07-28,2026-07-28T16:02:20+08:00,酷狗音乐,热歌榜,酷狗TOP500,2026-07-28,184,Angel (你懂我的眼泪),A江也眠,,2:59,040448400F8ED46374DF168E462173FF,198490347,https://www.kugou.com/yy/rank/home/9-8888.html?from=rank
2026-07-28,2026-07-28T16:02:20+08:00,酷狗音乐,热歌榜,酷狗TOP500,2026-07-28,185,若今生无缘 (若今生已无缘),万海东,,3:40,E74F4CC22263126EDD4A721AD0D0D0A8,195038536,https://www.kugou.com/yy/rank/home/9-8888.html?from=rank
2026-07-28,2026-07-28T16:02:20+08:00,酷狗音乐,热歌榜,酷狗TOP500,2026-07-28,186,Creepin' up on You,Darren Hayes,,4:53,6348CF4041BEE19FAD536C563C32695A,1593407,https://www.kugou.com/yy/rank/home/9-8888.html?from=rank
2026-07-28,2026-07-28T16:02:20+08:00,酷狗音乐,热歌榜,酷狗TOP500,2026-07-28,187,我好像在哪见过你,薛之谦,,4:39,6A350E487263733359E7F2B64BD974AC,1747549,https://www.kugou.com/yy/rank/home/9-8888.html?from=rank
2026-07-28,2026-07-28T16:02:20+08:00,酷狗音乐,热歌榜,酷狗TOP500,2026-07-28,188,爱情转移,陈奕迅,,4:19,A549238FA1B05EABE841DFE110899647,962514,https://www.kugou.com/yy/rank/home/9-8888.html?from=rank
2026-07-28,2026-07-28T16:02:20+08:00,酷狗音乐,热歌榜,酷狗TOP500,2026-07-28,189,Alive,Blue,,3:40,996EE22D2450A7C7528394F7F98432E6,560693,https://www.kugou.com/yy/rank/home/9-8888.html?from=rank
2026-07-28,2026-07-28T16:02:20+08:00,酷狗音乐,热歌榜,酷狗TOP500,2026-07-28,190,冲动的惩罚,刀郎,,7:54,84073718AE6A82366444C3B5AE526FAC,964521,https://www.kugou.com/yy/rank/home/9-8888.html?from=rank
2026-07-28,2026-07-28T16:02:20+08:00,酷狗音乐,热歌榜,酷狗TOP500,2026-07-28,191,枫,周杰伦,,4:36,0D7E8C11C961A17EB8779FEB0CA772E3,958909,https://www.kugou.com/yy/rank/home/9-8888.html?from=rank
2026-07-28,2026-07-28T16:02:20+08:00,酷狗音乐,热歌榜,酷狗TOP500,2026-07-28,192,什么是逍遥,王同学Able,,3:28,4BF659E4D3060B52D4F9925AF9D0CA02,45288306,https://www.kugou.com/yy/rank/home/9-8888.html?from=rank
2026-07-28,2026-07-28T16:02:20+08:00,酷狗音乐,热歌榜,酷狗TOP500,2026-07-28,193,睡过你的枕边 (爆发女版),雨姐,,2:22,954158DE9546FB7DD59ACCBD21A565A7,193064563,https://www.kugou.com/yy/rank/home/9-8888.html?from=rank
2026-07-28,2026-07-28T16:02:20+08:00,酷狗音乐,热歌榜,酷狗TOP500,2026-07-28,194,西海情歌,刀郎,,5:43,0E5FB14E78AFF13C2DEF97C814537CB7,984281,https://www.kugou.com/yy/rank/home/9-8888.html?from=rank
2026-07-28,2026-07-28T16:02:20+08:00,酷狗音乐,热歌榜,酷狗TOP500,2026-07-28,195,我的歌声里,曲婉婷,,3:37,227D8E7B7B6EAF7509BB345A7B718EB2,516422,https://www.kugou.com/yy/rank/home/9-8888.html?from=rank
2026-07-28,2026-07-28T16:02:20+08:00,酷狗音乐,热歌榜,酷狗TOP500,2026-07-28,196,起风了,买辣椒也用券,,5:26,5C035CBF390FEF6B536020A57749EF70,53218722,https://www.kugou.com/yy/rank/home/9-8888.html?from=rank
2026-07-28,2026-07-28T16:02:20+08:00,酷狗音乐,热歌榜,酷狗TOP500,2026-07-28,197,有何不可,许嵩,,4:01,B3D5D7D3A140628D1605BD392467E348,973251,https://www.kugou.com/yy/rank/home/9-8888.html?from=rank
2026-07-28,2026-07-28T16:02:20+08:00,酷狗音乐,热歌榜,酷狗TOP500,2026-07-28,198,NIGHT DANCER (夜中舞者),imase,,3:31,572C3807BF90891332ED77A72DB74272,59918395,https://www.kugou.com/yy/rank/home/9-8888.html?from=rank
2026-07-28,2026-07-28T16:02:20+08:00,酷狗音乐,热歌榜,酷狗TOP500,2026-07-28,199,一场游戏一场梦,王杰,,4:17,55340B431243FF5F112527EFC0591232,7547885,https://www.kugou.com/yy/rank/home/10-8888.html?from=rank
2026-07-28,2026-07-28T16:02:20+08:00,酷狗音乐,热歌榜,酷狗TOP500,2026-07-28,200,泪海,许茹芸,,4:58,FBC174E7C22B9AF471B7B93A61751E1B,975212,https://www.kugou.com/yy/rank/home/10-8888.html?from=rank
2026-07-28,2026-07-28T16:02:20+08:00,酷狗音乐,热歌榜,酷狗TOP500,2026-07-28,201,下一个天亮,郭静,,4:27,7E2AD47232E7148C642B6836041826C9,971139,https://www.kugou.com/yy/rank/home/10-8888.html?from=rank
2026-07-28,2026-07-28T16:02:20+08:00,酷狗音乐,热歌榜,酷狗TOP500,2026-07-28,202,只对你有感觉,飞轮海、田馥甄,,3:59,E400C3F475001BA5B0F197F2E1923F47,556347,https://www.kugou.com/yy/rank/home/10-8888.html?from=rank
2026-07-28,2026-07-28T16:02:20+08:00,酷狗音乐,热歌榜,酷狗TOP500,2026-07-28,203,Radio (Dum-Dum),宋雨琦 (YUQI),,2:32,E8FFC3F649DA4476E2CEABFF3F94D103,140913986,https://www.kugou.com/yy/rank/home/10-8888.html?from=rank
2026-07-28,2026-07-28T16:02:20+08:00,酷狗音乐,热歌榜,酷狗TOP500,2026-07-28,204,水手,郑智化,,4:53,6DCF10DEA98A7C9F755BE385E822BE05,967718,https://www.kugou.com/yy/rank/home/10-8888.html?from=rank
2026-07-28,2026-07-28T16:02:20+08:00,酷狗音乐,热歌榜,酷狗TOP500,2026-07-28,205,如果可以,韦礼安,,4:34,70425DF5F0C9FCED5E0468189A7F4A70,49958186,https://www.kugou.com/yy/rank/home/10-8888.html?from=rank
2026-07-28,2026-07-28T16:02:20+08:00,酷狗音乐,热歌榜,酷狗TOP500,2026-07-28,206,我曾,菜园子不CAi,,3:09,F446EE01D14CC4395D0BBC3832088A1D,199368733,https://www.kugou.com/yy/rank/home/10-8888.html?from=rank
2026-07-28,2026-07-28T16:02:20+08:00,酷狗音乐,热歌榜,酷狗TOP500,2026-07-28,207,爱如潮水,张信哲,,4:31,7D372165ED6AD2C00DD2B473529BE9CE,538030,https://www.kugou.com/yy/rank/home/10-8888.html?from=rank
2026-07-28,2026-07-28T16:02:20+08:00,酷狗音乐,热歌榜,酷狗TOP500,2026-07-28,208,IF YOU,BIGBANG,,4:24,33C5FC6AB3AF0B5B142F12C9556CB178,549436,https://www.kugou.com/yy/rank/home/10-8888.html?from=rank
2026-07-28,2026-07-28T16:02:20+08:00,酷狗音乐,热歌榜,酷狗TOP500,2026-07-28,209,世界上的另一个我,阿肆、郭采洁,,3:58,73C0E5566146583A631C9A94203405D6,4255765,https://www.kugou.com/yy/rank/home/10-8888.html?from=rank
2026-07-28,2026-07-28T16:02:20+08:00,酷狗音乐,热歌榜,酷狗TOP500,2026-07-28,210,最长的电影,周杰伦,,3:56,2F6D441163A92AEE5E52B8E94F36A3C7,979856,https://www.kugou.com/yy/rank/home/10-8888.html?from=rank
2026-07-28,2026-07-28T16:02:20+08:00,酷狗音乐,热歌榜,酷狗TOP500,2026-07-28,211,土坡上的狗尾草,卢润泽,,3:15,5E40742110D3DB109A22BDB1012C6EBB,104913971,https://www.kugou.com/yy/rank/home/10-8888.html?from=rank
2026-07-28,2026-07-28T16:02:20+08:00,酷狗音乐,热歌榜,酷狗TOP500,2026-07-28,212,牵丝戏,银临、Aki阿杰,,3:59,5E7FF596F7D6021DA63AF36E91BECE4B,568968,https://www.kugou.com/yy/rank/home/10-8888.html?from=rank
2026-07-28,2026-07-28T16:02:20+08:00,酷狗音乐,热歌榜,酷狗TOP500,2026-07-28,213,是你没选我啊,音乐科代表洪嘉源,,3:07,65D611715B7CC7131E6629F5E1745544,172307133,https://www.kugou.com/yy/rank/home/10-8888.html?from=rank
2026-07-28,2026-07-28T16:02:20+08:00,酷狗音乐,热歌榜,酷狗TOP500,2026-07-28,214,不甘 (烟嗓微醺版),涂一乐,,3:14,CEE987401D7D2B66C266A7CABC347B94,200143319,https://www.kugou.com/yy/rank/home/10-8888.html?from=rank
2026-07-28,2026-07-28T16:02:20+08:00,酷狗音乐,热歌榜,酷狗TOP500,2026-07-28,215,忘了你忘了我,王杰,,4:38,95CBD367E98724883CA99874AD626446,962390,https://www.kugou.com/yy/rank/home/10-8888.html?from=rank
2026-07-28,2026-07-28T16:02:20+08:00,酷狗音乐,热歌榜,酷狗TOP500,2026-07-28,216,琵琶曲,郑浩、冰洁,,3:55,244A022D6CB3FDE50B24E76402053EB3,180917343,https://www.kugou.com/yy/rank/home/10-8888.html?from=rank
2026-07-28,2026-07-28T16:02:20+08:00,酷狗音乐,热歌榜,酷狗TOP500,2026-07-28,217,执子之手,宝石Gem、哩哩,,3:10,A84D44A92F427A3198ECEE703B708478,61962429,https://www.kugou.com/yy/rank/home/10-8888.html?from=rank
2026-07-28,2026-07-28T16:02:20+08:00,酷狗音乐,热歌榜,酷狗TOP500,2026-07-28,218,是我不够好,李毓芬,,3:37,2B152C85BA2B73CBC79EA722928EF425,1590098,https://www.kugou.com/yy/rank/home/10-8888.html?from=rank
2026-07-28,2026-07-28T16:02:20+08:00,酷狗音乐,热歌榜,酷狗TOP500,2026-07-28,219,先说爱的人为什么先离开,田园,,3:40,6379393814B0A74AB7B87B2FA9E87689,107655422,https://www.kugou.com/yy/rank/home/10-8888.html?from=rank
2026-07-28,2026-07-28T16:02:20+08:00,酷狗音乐,热歌榜,酷狗TOP500,2026-07-28,220,勋章,鹿晗,,3:34,6FB3EB3F13CD64DF6E9784F6E487BAB1,2059004,https://www.kugou.com/yy/rank/home/10-8888.html?from=rank
2026-07-28,2026-07-28T16:02:20+08:00,酷狗音乐,热歌榜,酷狗TOP500,2026-07-28,221,西乌旗99号公路,LunaLiu刘不语、张川海,,3:29,F65BB0D87F5543387A50AEEBF55A1E8A,185310075,https://www.kugou.com/yy/rank/home/11-8888.html?from=rank
2026-07-28,2026-07-28T16:02:20+08:00,酷狗音乐,热歌榜,酷狗TOP500,2026-07-28,222,媚人,薛之谦,,3:46,E483477C86BE5ECCAFBF090F0E8F866B,199628146,https://www.kugou.com/yy/rank/home/11-8888.html?from=rank
2026-07-28,2026-07-28T16:02:20+08:00,酷狗音乐,热歌榜,酷狗TOP500,2026-07-28,223,琵琶行,奇然、沈谧仁,,5:35,0AB355EF75A56A57E1790734B2E26ED9,2563381,https://www.kugou.com/yy/rank/home/11-8888.html?from=rank
2026-07-28,2026-07-28T16:02:20+08:00,酷狗音乐,热歌榜,酷狗TOP500,2026-07-28,224,喜欢,阿肆,,4:10,F4233033E11BEF5AECD3BD64528A8236,14167090,https://www.kugou.com/yy/rank/home/11-8888.html?from=rank
2026-07-28,2026-07-28T16:02:20+08:00,酷狗音乐,热歌榜,酷狗TOP500,2026-07-28,225,第一次爱的人,王心凌,,3:53,38539E18FBB3E9A8DFA84A892CA718F6,979891,https://www.kugou.com/yy/rank/home/11-8888.html?from=rank
2026-07-28,2026-07-28T16:02:20+08:00,酷狗音乐,热歌榜,酷狗TOP500,2026-07-28,226,珊瑚海,周杰伦、Lara梁心颐,,4:16,90E34F0C582168E7EA857915771AB220,958909,https://www.kugou.com/yy/rank/home/11-8888.html?from=rank
2026-07-28,2026-07-28T16:02:20+08:00,酷狗音乐,热歌榜,酷狗TOP500,2026-07-28,227,最后一页,江语晨,,4:06,EF053996094A323B42C35195E9781A30,1596655,https://www.kugou.com/yy/rank/home/11-8888.html?from=rank
2026-07-28,2026-07-28T16:02:20+08:00,酷狗音乐,热歌榜,酷狗TOP500,2026-07-28,228,秋殇别恋 (男女撕裂对唱),梨子芥菜、戚悦,,4:19,CA8495DA3927226C0A3FBBD6B95B8315,190178204,https://www.kugou.com/yy/rank/home/11-8888.html?from=rank
2026-07-28,2026-07-28T16:02:20+08:00,酷狗音乐,热歌榜,酷狗TOP500,2026-07-28,229,恶作剧,王蓝茵,,3:47,05B893FC78627C3F5635491BBB35167E,720564,https://www.kugou.com/yy/rank/home/11-8888.html?from=rank
2026-07-28,2026-07-28T16:02:20+08:00,酷狗音乐,热歌榜,酷狗TOP500,2026-07-28,230,沦陷,贾格JuggShots,,3:04,64C2E5D33BE5F53758F3E96DC8EEC3C3,95717116,https://www.kugou.com/yy/rank/home/11-8888.html?from=rank
2026-07-28,2026-07-28T16:02:20+08:00,酷狗音乐,热歌榜,酷狗TOP500,2026-07-28,231,模特,李荣浩,,5:06,87EBC49856D2CB3C04992C9A87E5A5C5,968143,https://www.kugou.com/yy/rank/home/11-8888.html?from=rank
2026-07-28,2026-07-28T16:02:20+08:00,酷狗音乐,热歌榜,酷狗TOP500,2026-07-28,232,一样的月光,徐佳莹,,4:00,E470A579E87A5436E68FAA51AD18A379,972101,https://www.kugou.com/yy/rank/home/11-8888.html?from=rank
2026-07-28,2026-07-28T16:02:20+08:00,酷狗音乐,热歌榜,酷狗TOP500,2026-07-28,233,蓝莲花,许巍,,4:31,EDCDC42FEE3A4BC8F2ADBAF96ADE9D77,15247919,https://www.kugou.com/yy/rank/home/11-8888.html?from=rank
2026-07-28,2026-07-28T16:02:20+08:00,酷狗音乐,热歌榜,酷狗TOP500,2026-07-28,234,落日微醺 (晚风中一杯酒),落日微醺,,4:14,CB22754AB8A0F20FCC015D0A800758CE,196517740,https://www.kugou.com/yy/rank/home/11-8888.html?from=rank
2026-07-28,2026-07-28T16:02:20+08:00,酷狗音乐,热歌榜,酷狗TOP500,2026-07-28,235,老街,李荣浩,,5:19,30E7F7CCB57EB16D1BE3EC71D7ADB071,964378,https://www.kugou.com/yy/rank/home/11-8888.html?from=rank
2026-07-28,2026-07-28T16:02:20+08:00,酷狗音乐,热歌榜,酷狗TOP500,2026-07-28,236,飞鸟和蝉,任然,,4:56,EB5F5AF3993F6537F2C70B959F2DCD6B,38339036,https://www.kugou.com/yy/rank/home/11-8888.html?from=rank
2026-07-28,2026-07-28T16:02:20+08:00,酷狗音乐,热歌榜,酷狗TOP500,2026-07-28,237,年少有为,李荣浩,,4:39,3A5C1D6CDABB2FDA813F8F8B7E4D08B0,8873395,https://www.kugou.com/yy/rank/home/11-8888.html?from=rank
2026-07-28,2026-07-28T16:02:20+08:00,酷狗音乐,热歌榜,酷狗TOP500,2026-07-28,238,瞬,郑润泽,,4:45,C06970FDB48E8E1F9BBC7577B7BC1938,75949211,https://www.kugou.com/yy/rank/home/11-8888.html?from=rank
2026-07-28,2026-07-28T16:02:20+08:00,酷狗音乐,热歌榜,酷狗TOP500,2026-07-28,239,忘记时间,胡歌,,4:32,BB2759C850804CB32A55480D85D21080,493001,https://www.kugou.com/yy/rank/home/11-8888.html?from=rank
2026-07-28,2026-07-28T16:02:20+08:00,酷狗音乐,热歌榜,酷狗TOP500,2026-07-28,240,都有这一天,老中青民谣、小巷先生,,3:10,47029DA948301F7B495F81B15881C914,199411740,https://www.kugou.com/yy/rank/home/11-8888.html?from=rank
2026-07-28,2026-07-28T16:02:20+08:00,酷狗音乐,热歌榜,酷狗TOP500,2026-07-28,241,阿衣莫,阿吉太组合,,5:14,000B4DC2694B23AD4258EE551A00C599,4138802,https://www.kugou.com/yy/rank/home/11-8888.html?from=rank
2026-07-28,2026-07-28T16:02:20+08:00,酷狗音乐,热歌榜,酷狗TOP500,2026-07-28,242,广东爱情故事,广东雨神,,3:34,7A2956668C7D5393FF16AD930C23F2FD,4162049,https://www.kugou.com/yy/rank/home/11-8888.html?from=rank
2026-07-28,2026-07-28T16:02:20+08:00,酷狗音乐,热歌榜,酷狗TOP500,2026-07-28,243,舍不得又没资格 (男女合唱版),弦外之音,,2:57,39DBF61AACB72EAEB828D89C947E8AC7,199845860,https://www.kugou.com/yy/rank/home/12-8888.html?from=rank
2026-07-28,2026-07-28T16:02:20+08:00,酷狗音乐,热歌榜,酷狗TOP500,2026-07-28,244,静音恋人 (两颗缠绕的心),礼越,,3:26,61F7ABEFA41C847C8F237C68883027CA,183361126,https://www.kugou.com/yy/rank/home/12-8888.html?from=rank
2026-07-28,2026-07-28T16:02:20+08:00,酷狗音乐,热歌榜,酷狗TOP500,2026-07-28,245,一直下,陈宇祥,,2:59,90D1389A725B29EDA4714BACB6450C94,198016246,https://www.kugou.com/yy/rank/home/12-8888.html?from=rank
2026-07-28,2026-07-28T16:02:20+08:00,酷狗音乐,热歌榜,酷狗TOP500,2026-07-28,246,太聪明,陈绮贞,,4:23,89101DA817101FEA0C9ECF64EAE2B46F,959335,https://www.kugou.com/yy/rank/home/12-8888.html?from=rank
2026-07-28,2026-07-28T16:02:20+08:00,酷狗音乐,热歌榜,酷狗TOP500,2026-07-28,247,明明就,周杰伦,,4:20,D85C14E02008B7A2F97D55CDC29C2221,982051,https://www.kugou.com/yy/rank/home/12-8888.html?from=rank
2026-07-28,2026-07-28T16:02:20+08:00,酷狗音乐,热歌榜,酷狗TOP500,2026-07-28,248,白鸽乌鸦相爱的戏码,潘成（皮卡潘）,,2:54,1B5005F285D8B7FD083CA61C5753E9DB,100112898,https://www.kugou.com/yy/rank/home/12-8888.html?from=rank
2026-07-28,2026-07-28T16:02:20+08:00,酷狗音乐,热歌榜,酷狗TOP500,2026-07-28,249,迷人的危险,Dance Flow,,3:26,0F666EF632DB9404308219BE5AAE43B4,551560,https://www.kugou.com/yy/rank/home/12-8888.html?from=rank
2026-07-28,2026-07-28T16:02:20+08:00,酷狗音乐,热歌榜,酷狗TOP500,2026-07-28,250,你的承诺,海鸣威,,3:53,B1996C2589FADECA9759A420E1EC3FE3,19347507,https://www.kugou.com/yy/rank/home/12-8888.html?from=rank
2026-07-28,2026-07-28T16:02:20+08:00,酷狗音乐,热歌榜,酷狗TOP500,2026-07-28,251,不潮不用花钱,林俊杰,,3:54,5A84BBA4C673BEA45083C521ADF366AF,963179,https://www.kugou.com/yy/rank/home/12-8888.html?from=rank
2026-07-28,2026-07-28T16:02:20+08:00,酷狗音乐,热歌榜,酷狗TOP500,2026-07-28,252,想你的夜,关喆,,4:25,1404A292A6E122C99696BDFF04CE982F,963737,https://www.kugou.com/yy/rank/home/12-8888.html?from=rank
2026-07-28,2026-07-28T16:02:20+08:00,酷狗音乐,热歌榜,酷狗TOP500,2026-07-28,253,最爱,周慧敏,,4:25,DBC221919A9686F684F90E1920179363,568311,https://www.kugou.com/yy/rank/home/12-8888.html?from=rank
2026-07-28,2026-07-28T16:02:20+08:00,酷狗音乐,热歌榜,酷狗TOP500,2026-07-28,254,谁明浪子心,王杰,,5:01,1E54C9C01C9DFC5C68F743368F353711,983991,https://www.kugou.com/yy/rank/home/12-8888.html?from=rank
2026-07-28,2026-07-28T16:02:20+08:00,酷狗音乐,热歌榜,酷狗TOP500,2026-07-28,255,你就不要想起我,田馥甄,,4:41,33E67CD9B775093E93CBABBD649DF087,965595,https://www.kugou.com/yy/rank/home/12-8888.html?from=rank
2026-07-28,2026-07-28T16:02:20+08:00,酷狗音乐,热歌榜,酷狗TOP500,2026-07-28,256,红颜旧 (氛围版),周深深,,3:48,76FA92299B2443816030D744CF70FA3B,198814170,https://www.kugou.com/yy/rank/home/12-8888.html?from=rank
2026-07-28,2026-07-28T16:02:20+08:00,酷狗音乐,热歌榜,酷狗TOP500,2026-07-28,257,坠落,蔡健雅,,4:10,233254CB517BAA74387361C2158519DA,974379,https://www.kugou.com/yy/rank/home/12-8888.html?from=rank
2026-07-28,2026-07-28T16:02:20+08:00,酷狗音乐,热歌榜,酷狗TOP500,2026-07-28,258,天地龙鳞,王力宏,,3:17,DD83DC4A30C3A05D60FFCE6944FB441C,50749156,https://www.kugou.com/yy/rank/home/12-8888.html?from=rank
2026-07-28,2026-07-28T16:02:20+08:00,酷狗音乐,热歌榜,酷狗TOP500,2026-07-28,259,倒数,G.E.M. 邓紫棋,,3:49,65945C4D6FB03D7997AE133C9BE5715D,9373625,https://www.kugou.com/yy/rank/home/12-8888.html?from=rank
2026-07-28,2026-07-28T16:02:20+08:00,酷狗音乐,热歌榜,酷狗TOP500,2026-07-28,260,九百九十九朵玫瑰 (r&b),落日微醺,,4:07,0969B2B26405C8DDEC7C72292F794D48,184352572,https://www.kugou.com/yy/rank/home/12-8888.html?from=rank
2026-07-28,2026-07-28T16:02:20+08:00,酷狗音乐,热歌榜,酷狗TOP500,2026-07-28,261,不遗憾,李荣浩,,5:20,40CE38D5DB930F404EB26F58978BEC3D,44404137,https://www.kugou.com/yy/rank/home/12-8888.html?from=rank
2026-07-28,2026-07-28T16:02:20+08:00,酷狗音乐,热歌榜,酷狗TOP500,2026-07-28,262,喜欢你 (G.E.M.重生版),G.E.M. 邓紫棋,,4:03,AA4D82A7506DE809B7A89F91B73F3E1E,150256944,https://www.kugou.com/yy/rank/home/12-8888.html?from=rank
2026-07-28,2026-07-28T16:02:20+08:00,酷狗音乐,热歌榜,酷狗TOP500,2026-07-28,263,是你没选我啊,于冬然,,3:22,885046DF8380B7506A6B12EC8F6E201D,176303736,https://www.kugou.com/yy/rank/home/12-8888.html?from=rank
2026-07-28,2026-07-28T16:02:20+08:00,酷狗音乐,热歌榜,酷狗TOP500,2026-07-28,264,哼着你爱听的歌,杨小壮,,3:21,BAF3B2A7AC043CDB154EBAFD69A6C76A,104507270,https://www.kugou.com/yy/rank/home/12-8888.html?from=rank
2026-07-28,2026-07-28T16:02:20+08:00,酷狗音乐,热歌榜,酷狗TOP500,2026-07-28,265,BANG BANG BANG (平壤版),404Hz、DJ Cctta,,4:06,22D7268FA0A71F764E80E139090F593B,200665924,https://www.kugou.com/yy/rank/home/13-8888.html?from=rank
2026-07-28,2026-07-28T16:02:20+08:00,酷狗音乐,热歌榜,酷狗TOP500,2026-07-28,266,时差 (On call),鹿晗,,3:20,337B7DFC3EA7954785D50D4C3948F64D,1993188,https://www.kugou.com/yy/rank/home/13-8888.html?from=rank
2026-07-28,2026-07-28T16:02:20+08:00,酷狗音乐,热歌榜,酷狗TOP500,2026-07-28,267,遗留在岁月的曾经,曲木老表,,3:49,4C1A5D2BD02B857C72364B1416124256,167884062,https://www.kugou.com/yy/rank/home/13-8888.html?from=rank
2026-07-28,2026-07-28T16:02:20+08:00,酷狗音乐,热歌榜,酷狗TOP500,2026-07-28,268,还爱着你,文夫,,3:52,A61924D891C970A28150FDF9E5E56C53,171019019,https://www.kugou.com/yy/rank/home/13-8888.html?from=rank
2026-07-28,2026-07-28T16:02:20+08:00,酷狗音乐,热歌榜,酷狗TOP500,2026-07-28,269,unhappy,s0rrow,,1:38,F7F1E29418D6C944163FA5F1B9730B08,171727951,https://www.kugou.com/yy/rank/home/13-8888.html?from=rank
2026-07-28,2026-07-28T16:02:20+08:00,酷狗音乐,热歌榜,酷狗TOP500,2026-07-28,270,断点,张敬轩,,4:28,2C2A571D91FF7BF6FE814887FFA7E592,2996592,https://www.kugou.com/yy/rank/home/13-8888.html?from=rank
2026-07-28,2026-07-28T16:02:20+08:00,酷狗音乐,热歌榜,酷狗TOP500,2026-07-28,271,没那么简单,黄小琥,,5:08,90D82FB9EB6C1F5385F6F086318EE1FA,962530,https://www.kugou.com/yy/rank/home/13-8888.html?from=rank
2026-07-28,2026-07-28T16:02:20+08:00,酷狗音乐,热歌榜,酷狗TOP500,2026-07-28,272,也许在下雨天 (R&B版),落日微醺,,3:49,C9527B6C9EA30FA690641B372B3310EC,195588821,https://www.kugou.com/yy/rank/home/13-8888.html?from=rank
2026-07-28,2026-07-28T16:02:20+08:00,酷狗音乐,热歌榜,酷狗TOP500,2026-07-28,273,梦的翅膀受了伤,蒋雪儿Snow.J,,4:36,7A81BAEB183BF72FFD9FF9F7DA9BE89E,965597,https://www.kugou.com/yy/rank/home/13-8888.html?from=rank
2026-07-28,2026-07-28T16:02:20+08:00,酷狗音乐,热歌榜,酷狗TOP500,2026-07-28,274,我记得,赵雷,,5:30,8CE80CF10A01F37354D63E49C1B60B60,60018447,https://www.kugou.com/yy/rank/home/13-8888.html?from=rank
2026-07-28,2026-07-28T16:02:20+08:00,酷狗音乐,热歌榜,酷狗TOP500,2026-07-28,275,哼着你爱听的歌 (女版),田园,,3:20,37B0685181098FB8427291594EDBC8CD,162686180,https://www.kugou.com/yy/rank/home/13-8888.html?from=rank
2026-07-28,2026-07-28T16:02:20+08:00,酷狗音乐,热歌榜,酷狗TOP500,2026-07-28,276,我们的歌,王力宏,,4:08,4E294957A0D9B72A78B61F3C2A63B6CC,503223,https://www.kugou.com/yy/rank/home/13-8888.html?from=rank
2026-07-28,2026-07-28T16:02:20+08:00,酷狗音乐,热歌榜,酷狗TOP500,2026-07-28,277,Lonely,Nana,,6:21,3514D26D3754FAF4949A3C40F4BBDA63,45833884,https://www.kugou.com/yy/rank/home/13-8888.html?from=rank
2026-07-28,2026-07-28T16:02:20+08:00,酷狗音乐,热歌榜,酷狗TOP500,2026-07-28,278,背着风流泪,文夫,,4:14,93313560CDE28F74AA7D2894E3C4D7F7,146986506,https://www.kugou.com/yy/rank/home/13-8888.html?from=rank
2026-07-28,2026-07-28T16:02:20+08:00,酷狗音乐,热歌榜,酷狗TOP500,2026-07-28,279,天外来物,薛之谦,,4:17,761C1EAFBD1E22504B487F84D2152DF5,40890018,https://www.kugou.com/yy/rank/home/13-8888.html?from=rank
2026-07-28,2026-07-28T16:02:20+08:00,酷狗音乐,热歌榜,酷狗TOP500,2026-07-28,280,爱我还是他,陶喆,,4:53,004A93C3A157D825B92A91EEB17DA36A,7547427,https://www.kugou.com/yy/rank/home/13-8888.html?from=rank
2026-07-28,2026-07-28T16:02:20+08:00,酷狗音乐,热歌榜,酷狗TOP500,2026-07-28,281,落空,印子月,,3:53,F2823FEC8D01EDE2587ED3D32F787782,15394482,https://www.kugou.com/yy/rank/home/13-8888.html?from=rank
2026-07-28,2026-07-28T16:02:20+08:00,酷狗音乐,热歌榜,酷狗TOP500,2026-07-28,282,再见只是陌生人,庄心妍,,4:12,67F2E5F1B47C2B86E201518FD24D9831,556403,https://www.kugou.com/yy/rank/home/13-8888.html?from=rank
2026-07-28,2026-07-28T16:02:20+08:00,酷狗音乐,热歌榜,酷狗TOP500,2026-07-28,283,要我怎么忘了他,谢霆锋,,4:58,041D203DE96A92A44E644ED5C8AEB8DF,2996772,https://www.kugou.com/yy/rank/home/13-8888.html?from=rank
2026-07-28,2026-07-28T16:02:20+08:00,酷狗音乐,热歌榜,酷狗TOP500,2026-07-28,284,冬天的秘密,周传雄,,4:33,1088AEEAB9674A49F8067DCDEB1FC1EE,982655,https://www.kugou.com/yy/rank/home/13-8888.html?from=rank
2026-07-28,2026-07-28T16:02:20+08:00,酷狗音乐,热歌榜,酷狗TOP500,2026-07-28,285,不能说的秘密,周杰伦,,4:57,EDFC5DD1AC3D58971AB95B3E2700D015,554150,https://www.kugou.com/yy/rank/home/13-8888.html?from=rank
2026-07-28,2026-07-28T16:02:20+08:00,酷狗音乐,热歌榜,酷狗TOP500,2026-07-28,286,遗失的心跳,萧亚轩,,3:37,54C1A6E877BB37D052A86D4C41604FE7,521727,https://www.kugou.com/yy/rank/home/13-8888.html?from=rank
2026-07-28,2026-07-28T16:02:20+08:00,酷狗音乐,热歌榜,酷狗TOP500,2026-07-28,287,平凡之路,朴树,,5:01,2BE5DE80E68B3346918D38CF7527D979,2944963,https://www.kugou.com/yy/rank/home/14-8888.html?from=rank
2026-07-28,2026-07-28T16:02:20+08:00,酷狗音乐,热歌榜,酷狗TOP500,2026-07-28,288,你还要我怎样,薛之谦,,5:11,8C6AAC48FB5C3759042E4C8699544C6F,960327,https://www.kugou.com/yy/rank/home/14-8888.html?from=rank
2026-07-28,2026-07-28T16:02:20+08:00,酷狗音乐,热歌榜,酷狗TOP500,2026-07-28,289,人间共鸣,李健,,4:19,C9A5658204BD4E941F3DB2FB132D4968,176253415,https://www.kugou.com/yy/rank/home/14-8888.html?from=rank
2026-07-28,2026-07-28T16:02:20+08:00,酷狗音乐,热歌榜,酷狗TOP500,2026-07-28,290,一个人想着一个人,曾沛慈,,4:04,C9148675D85D3C2B306E966000BC5ABD,542900,https://www.kugou.com/yy/rank/home/14-8888.html?from=rank
2026-07-28,2026-07-28T16:02:20+08:00,酷狗音乐,热歌榜,酷狗TOP500,2026-07-28,291,"Baby, Don't Cry (人鱼的眼泪)(Chinese Ver.)",EXO,,3:56,B692ED61ED4DDE69C50EB8B975D4E04D,22436133,https://www.kugou.com/yy/rank/home/14-8888.html?from=rank
2026-07-28,2026-07-28T16:02:20+08:00,酷狗音乐,热歌榜,酷狗TOP500,2026-07-28,292,那些你很冒险的梦,林俊杰,,4:05,468A823BD25A585841F4BC5ED3EF945B,977237,https://www.kugou.com/yy/rank/home/14-8888.html?from=rank
2026-07-28,2026-07-28T16:02:20+08:00,酷狗音乐,热歌榜,酷狗TOP500,2026-07-28,293,他不懂,张杰,,3:52,BA40D69184A05D7BCD335028C5C613BE,38606351,https://www.kugou.com/yy/rank/home/14-8888.html?from=rank
2026-07-28,2026-07-28T16:02:20+08:00,酷狗音乐,热歌榜,酷狗TOP500,2026-07-28,294,不浪漫罪名,王杰,,4:48,4255D3F001B95B07F2D5BE330D14A780,503247,https://www.kugou.com/yy/rank/home/14-8888.html?from=rank
2026-07-28,2026-07-28T16:02:20+08:00,酷狗音乐,热歌榜,酷狗TOP500,2026-07-28,295,搀扶,马健涛,,5:28,D95AE3CC810BB62D28505AE1510C329F,130332417,https://www.kugou.com/yy/rank/home/14-8888.html?from=rank
2026-07-28,2026-07-28T16:02:20+08:00,酷狗音乐,热歌榜,酷狗TOP500,2026-07-28,296,Take Me to Your Heart,Michael Learns To Rock,,3:59,97ED0BF75D3D6EEB97A326073F503AC8,561642,https://www.kugou.com/yy/rank/home/14-8888.html?from=rank
2026-07-28,2026-07-28T16:02:20+08:00,酷狗音乐,热歌榜,酷狗TOP500,2026-07-28,297,天际,洋澜一,,5:46,DEAE9D1FC61F4810A0C15AA9CFD83722,76611526,https://www.kugou.com/yy/rank/home/14-8888.html?from=rank
2026-07-28,2026-07-28T16:02:20+08:00,酷狗音乐,热歌榜,酷狗TOP500,2026-07-28,298,你有没有真的爱过我 (烟嗓版),寂寞阿图,,3:45,5EF8404977086AB95C304D857271FB10,190169654,https://www.kugou.com/yy/rank/home/14-8888.html?from=rank
2026-07-28,2026-07-28T16:02:20+08:00,酷狗音乐,热歌榜,酷狗TOP500,2026-07-28,299,Letting Go,蔡健雅,,4:23,326CBB23BAA90062047512376AA406A4,978874,https://www.kugou.com/yy/rank/home/14-8888.html?from=rank
2026-07-28,2026-07-28T16:02:20+08:00,酷狗音乐,热歌榜,酷狗TOP500,2026-07-28,300,半岛铁盒,周杰伦,,5:19,67BA8A4A0681F2078BC423CB13B904B7,961807,https://www.kugou.com/yy/rank/home/14-8888.html?from=rank
2026-07-28,2026-07-28T16:02:20+08:00,酷狗音乐,热歌榜,酷狗TOP500,2026-07-28,301,座位,于冬然,,3:29,D87A09DB3166215E5DFD4A30C922509E,137485296,https://www.kugou.com/yy/rank/home/14-8888.html?from=rank
2026-07-28,2026-07-28T16:02:20+08:00,酷狗音乐,热歌榜,酷狗TOP500,2026-07-28,302,如果当时,许嵩,,5:16,697712B7504DA5541C3ED4D117AE1018,973251,https://www.kugou.com/yy/rank/home/14-8888.html?from=rank
2026-07-28,2026-07-28T16:02:20+08:00,酷狗音乐,热歌榜,酷狗TOP500,2026-07-28,303,大海,张雨生,,4:40,BF8252BEAE57AEB53490145CA8E81BB4,967705,https://www.kugou.com/yy/rank/home/14-8888.html?from=rank
2026-07-28,2026-07-28T16:02:20+08:00,酷狗音乐,热歌榜,酷狗TOP500,2026-07-28,304,他真的对你好吗,付豪,,4:18,B1B875147F45355FF807402402F5B573,55501876,https://www.kugou.com/yy/rank/home/14-8888.html?from=rank
2026-07-28,2026-07-28T16:02:20+08:00,酷狗音乐,热歌榜,酷狗TOP500,2026-07-28,305,简单爱,周杰伦,,4:30,6E44CE19BE5872384FA184B995CCE23B,958706,https://www.kugou.com/yy/rank/home/14-8888.html?from=rank
2026-07-28,2026-07-28T16:02:20+08:00,酷狗音乐,热歌榜,酷狗TOP500,2026-07-28,306,表白,萧亚轩,,3:29,0521A7354DF37C1C9705A3E3FD204B95,18052287,https://www.kugou.com/yy/rank/home/14-8888.html?from=rank
2026-07-28,2026-07-28T16:02:20+08:00,酷狗音乐,热歌榜,酷狗TOP500,2026-07-28,307,远走高飞,金志文,,3:59,2D35C69F623AA9C7589D6BF7E8D16B67,79985556,https://www.kugou.com/yy/rank/home/14-8888.html?from=rank
2026-07-28,2026-07-28T16:02:20+08:00,酷狗音乐,热歌榜,酷狗TOP500,2026-07-28,308,不分手的恋爱,汪苏泷,,3:26,543A6E13C527E52886E51BBF14191C8F,37376237,https://www.kugou.com/yy/rank/home/14-8888.html?from=rank
2026-07-28,2026-07-28T16:02:20+08:00,酷狗音乐,热歌榜,酷狗TOP500,2026-07-28,309,摇太阳 (雷鬼版),白兰的,,4:32,97915750F2E7DEBEB4E2C7AF4AA7F5A1,183678520,https://www.kugou.com/yy/rank/home/15-8888.html?from=rank
2026-07-28,2026-07-28T16:02:20+08:00,酷狗音乐,热歌榜,酷狗TOP500,2026-07-28,310,雪下的时候,乔佳旭,,4:24,F6B3AA5971A01E755A344C2256606418,35913748,https://www.kugou.com/yy/rank/home/15-8888.html?from=rank
2026-07-28,2026-07-28T16:02:20+08:00,酷狗音乐,热歌榜,酷狗TOP500,2026-07-28,311,只为你着迷,李秉成,,4:01,C2F47FB042D8FE6A2B5265DFCF8919A5,11795396,https://www.kugou.com/yy/rank/home/15-8888.html?from=rank
2026-07-28,2026-07-28T16:02:20+08:00,酷狗音乐,热歌榜,酷狗TOP500,2026-07-28,312,偏偏喜欢你,陈百强,,3:32,D186383AA965D13601CFF4857F844FEE,983655,https://www.kugou.com/yy/rank/home/15-8888.html?from=rank
2026-07-28,2026-07-28T16:02:20+08:00,酷狗音乐,热歌榜,酷狗TOP500,2026-07-28,313,匿名的好友,杨丞琳,,4:23,F9CE6B13B4C90B01B3C129FF11B11C87,2694607,https://www.kugou.com/yy/rank/home/15-8888.html?from=rank
2026-07-28,2026-07-28T16:02:20+08:00,酷狗音乐,热歌榜,酷狗TOP500,2026-07-28,314,夏夜最后的烟火,颜人中,,4:40,4E418EDAB22093B51C78C81C0A8C9B31,39949767,https://www.kugou.com/yy/rank/home/15-8888.html?from=rank
2026-07-28,2026-07-28T16:02:20+08:00,酷狗音乐,热歌榜,酷狗TOP500,2026-07-28,315,别说你还深深爱着我,婉婷、杨烬,,3:45,0938FF862C986F6A93B4A7657CAA1125,195023851,https://www.kugou.com/yy/rank/home/15-8888.html?from=rank
2026-07-28,2026-07-28T16:02:20+08:00,酷狗音乐,热歌榜,酷狗TOP500,2026-07-28,316,相思,毛阿敏,,3:02,FE1F0058EAC6B344D03DB2D0D4315EA1,967188,https://www.kugou.com/yy/rank/home/15-8888.html?from=rank
2026-07-28,2026-07-28T16:02:20+08:00,酷狗音乐,热歌榜,酷狗TOP500,2026-07-28,317,冷夜,陈默之,,4:07,DC939521FA5F5736A33765D56B90E03C,84595635,https://www.kugou.com/yy/rank/home/15-8888.html?from=rank
2026-07-28,2026-07-28T16:02:20+08:00,酷狗音乐,热歌榜,酷狗TOP500,2026-07-28,318,你从春天走来,刘若英,,3:57,050ED3130EB7195AE1AE408A7E2B9798,197111096,https://www.kugou.com/yy/rank/home/15-8888.html?from=rank
2026-07-28,2026-07-28T16:02:20+08:00,酷狗音乐,热歌榜,酷狗TOP500,2026-07-28,319,问爱,Yamy郭颖,,3:02,E35C44C974EAE0C29D62C8945D4D71F5,196970329,https://www.kugou.com/yy/rank/home/15-8888.html?from=rank
2026-07-28,2026-07-28T16:02:20+08:00,酷狗音乐,热歌榜,酷狗TOP500,2026-07-28,320,无名的人,毛不易,,4:42,525A854C4A4EDF63CAF528D693F69CE0,51231315,https://www.kugou.com/yy/rank/home/15-8888.html?from=rank
2026-07-28,2026-07-28T16:02:20+08:00,酷狗音乐,热歌榜,酷狗TOP500,2026-07-28,321,幻听,许嵩,,4:33,24F5E7555646965CD7D1A924452B3300,973046,https://www.kugou.com/yy/rank/home/15-8888.html?from=rank
2026-07-28,2026-07-28T16:02:20+08:00,酷狗音乐,热歌榜,酷狗TOP500,2026-07-28,322,That Girl,Olly Murs,,2:57,B32C3C7FA2452E7338BFC6F2283FE8ED,1820815,https://www.kugou.com/yy/rank/home/15-8888.html?from=rank
2026-07-28,2026-07-28T16:02:20+08:00,酷狗音乐,热歌榜,酷狗TOP500,2026-07-28,323,如果爱忘了 (Live),汪苏泷、单依纯,,4:05,50F260DC0A2E7203A1AB89E1937F3927,83718089,https://www.kugou.com/yy/rank/home/15-8888.html?from=rank
2026-07-28,2026-07-28T16:02:20+08:00,酷狗音乐,热歌榜,酷狗TOP500,2026-07-28,324,记事本,陈慧琳,,4:11,26684870E2CE3936A3D72559F67C0606,2996651,https://www.kugou.com/yy/rank/home/15-8888.html?from=rank
2026-07-28,2026-07-28T16:02:20+08:00,酷狗音乐,热歌榜,酷狗TOP500,2026-07-28,325,我曾像傻子一样爱你,老板,,4:03,85F18C8A9470C0BE7BD1D679ACFC6E21,171863030,https://www.kugou.com/yy/rank/home/15-8888.html?from=rank
2026-07-28,2026-07-28T16:02:20+08:00,酷狗音乐,热歌榜,酷狗TOP500,2026-07-28,326,也许在下雨天 (眼泪才不被看见),何遇Hayu、Crybird,,3:47,18D96FA29BBCB2873400BEAB17B817CF,194623547,https://www.kugou.com/yy/rank/home/15-8888.html?from=rank
2026-07-28,2026-07-28T16:02:20+08:00,酷狗音乐,热歌榜,酷狗TOP500,2026-07-28,327,岁月如笔写春秋,饶天亮,,4:11,FC8A358AF090A0D58A670B671A0C65B2,198583508,https://www.kugou.com/yy/rank/home/15-8888.html?from=rank
2026-07-28,2026-07-28T16:02:20+08:00,酷狗音乐,热歌榜,酷狗TOP500,2026-07-28,328,暖一杯茶,邵帅,,4:03,26A9B8C6480C22BC4342F22CB897E760,23061596,https://www.kugou.com/yy/rank/home/15-8888.html?from=rank
2026-07-28,2026-07-28T16:02:20+08:00,酷狗音乐,热歌榜,酷狗TOP500,2026-07-28,329,一生所爱,卢冠廷、莫文蔚,,4:34,C965B31DB9B5F4E4DB94DC071830C78F,3995801,https://www.kugou.com/yy/rank/home/15-8888.html?from=rank
2026-07-28,2026-07-28T16:02:20+08:00,酷狗音乐,热歌榜,酷狗TOP500,2026-07-28,330,情人,蔡徐坤,,3:15,120F234213ACB64E202B391612D5D9CA,37760326,https://www.kugou.com/yy/rank/home/15-8888.html?from=rank
2026-07-28,2026-07-28T16:02:20+08:00,酷狗音乐,热歌榜,酷狗TOP500,2026-07-28,331,下辈子不一定还能遇见你,陈雅森,,3:59,83FC2CC990AD148882949E2A9B5523E1,35787261,https://www.kugou.com/yy/rank/home/16-8888.html?from=rank
2026-07-28,2026-07-28T16:02:20+08:00,酷狗音乐,热歌榜,酷狗TOP500,2026-07-28,332,Because of You,Kelly Clarkson,,3:39,FED9A7BE6BC7D2FF3B8426ECEF34A2B6,1592158,https://www.kugou.com/yy/rank/home/16-8888.html?from=rank
2026-07-28,2026-07-28T16:02:20+08:00,酷狗音乐,热歌榜,酷狗TOP500,2026-07-28,333,容易受伤的女人,王菲,,4:21,C4BDD79D611789B65B368283D4DDAB0F,980244,https://www.kugou.com/yy/rank/home/16-8888.html?from=rank
2026-07-28,2026-07-28T16:02:20+08:00,酷狗音乐,热歌榜,酷狗TOP500,2026-07-28,334,三万英尺 (氛围版),瑞-Gary、东木木,,4:51,FE0AD509C6219D2CEAA68A3029B23805,200405242,https://www.kugou.com/yy/rank/home/16-8888.html?from=rank
2026-07-28,2026-07-28T16:02:20+08:00,酷狗音乐,热歌榜,酷狗TOP500,2026-07-28,335,左转灯 (1000 Times +1),派伟俊、mac ova seas,,3:17,E51ABAF534E7D2BA42DB5604421D4838,164658305,https://www.kugou.com/yy/rank/home/16-8888.html?from=rank
2026-07-28,2026-07-28T16:02:20+08:00,酷狗音乐,热歌榜,酷狗TOP500,2026-07-28,336,句号,G.E.M. 邓紫棋,,3:56,0EC0DFE7A4090B3C5C2C1831D7F3ED51,35503028,https://www.kugou.com/yy/rank/home/16-8888.html?from=rank
2026-07-28,2026-07-28T16:02:20+08:00,酷狗音乐,热歌榜,酷狗TOP500,2026-07-28,337,Love Story,Taylor Swift,,3:56,193B72D4456A4CC02A3DE7C673FC4E23,13721135,https://www.kugou.com/yy/rank/home/16-8888.html?from=rank
2026-07-28,2026-07-28T16:02:20+08:00,酷狗音乐,热歌榜,酷狗TOP500,2026-07-28,338,那天下雨了,周杰伦,,3:43,1335F720C701863F127FB14CCC9C08A2,179652761,https://www.kugou.com/yy/rank/home/16-8888.html?from=rank
2026-07-28,2026-07-28T16:02:20+08:00,酷狗音乐,热歌榜,酷狗TOP500,2026-07-28,339,明天过后,张杰,,3:59,5B900D95E79765AE62664BE5C871DD9E,38606351,https://www.kugou.com/yy/rank/home/16-8888.html?from=rank
2026-07-28,2026-07-28T16:02:20+08:00,酷狗音乐,热歌榜,酷狗TOP500,2026-07-28,340,真的爱你,BEYOND,,4:35,C46916711631EA28508A41C325A74E1B,971451,https://www.kugou.com/yy/rank/home/16-8888.html?from=rank
2026-07-28,2026-07-28T16:02:20+08:00,酷狗音乐,热歌榜,酷狗TOP500,2026-07-28,341,光年之外 (G.E.M.重生版),G.E.M. 邓紫棋,,3:55,B0EB2A1CC6832B3596E0D71E3CAFCD5F,150256944,https://www.kugou.com/yy/rank/home/16-8888.html?from=rank
2026-07-28,2026-07-28T16:02:20+08:00,酷狗音乐,热歌榜,酷狗TOP500,2026-07-28,342,小美满,周深,,3:34,04A21DB1AB3C8E0D1D8F51F11BDB03A1,83112420,https://www.kugou.com/yy/rank/home/16-8888.html?from=rank
2026-07-28,2026-07-28T16:02:20+08:00,酷狗音乐,热歌榜,酷狗TOP500,2026-07-28,343,感谢你曾来过,Ayo97、周思涵,,4:10,39DCBBDCB0B377628BEF5FD48EF01254,9101627,https://www.kugou.com/yy/rank/home/16-8888.html?from=rank
2026-07-28,2026-07-28T16:02:20+08:00,酷狗音乐,热歌榜,酷狗TOP500,2026-07-28,344,求佛,誓言,,4:46,7B7140B23A836DC6EE63B6CD48482402,7614,https://www.kugou.com/yy/rank/home/16-8888.html?from=rank
2026-07-28,2026-07-28T16:02:20+08:00,酷狗音乐,热歌榜,酷狗TOP500,2026-07-28,345,传奇,王菲,,4:56,A72FE2B2521CE45FD632AC3E559F6691,959238,https://www.kugou.com/yy/rank/home/16-8888.html?from=rank
2026-07-28,2026-07-28T16:02:20+08:00,酷狗音乐,热歌榜,酷狗TOP500,2026-07-28,346,虚拟,陈粒,,4:01,AEF0740270FE89918F07807C8D669FB7,1749208,https://www.kugou.com/yy/rank/home/16-8888.html?from=rank
2026-07-28,2026-07-28T16:02:20+08:00,酷狗音乐,热歌榜,酷狗TOP500,2026-07-28,347,可能,程响,,3:37,38B234C1135A5E9A4C98D55C058A4894,57727291,https://www.kugou.com/yy/rank/home/16-8888.html?from=rank
2026-07-28,2026-07-28T16:02:20+08:00,酷狗音乐,热歌榜,酷狗TOP500,2026-07-28,348,Alive,王嘉尔、五月天 阿信,,3:58,066600C482958787649B4D7DD0C038A1,192929872,https://www.kugou.com/yy/rank/home/16-8888.html?from=rank
2026-07-28,2026-07-28T16:02:20+08:00,酷狗音乐,热歌榜,酷狗TOP500,2026-07-28,349,红豆,王菲,,4:16,AEF916A18BAAE9C8E7807179C8DA64D1,960812,https://www.kugou.com/yy/rank/home/16-8888.html?from=rank
2026-07-28,2026-07-28T16:02:20+08:00,酷狗音乐,热歌榜,酷狗TOP500,2026-07-28,350,好久不见,陈奕迅,,4:11,8E1DDAF172D9C60A28C19358B07BFBF8,962514,https://www.kugou.com/yy/rank/home/16-8888.html?from=rank
2026-07-28,2026-07-28T16:02:20+08:00,酷狗音乐,热歌榜,酷狗TOP500,2026-07-28,351,麻雀,李荣浩,,4:13,2E4C5A85A751AF5A0B200D5AA0629226,34731198,https://www.kugou.com/yy/rank/home/16-8888.html?from=rank
2026-07-28,2026-07-28T16:02:20+08:00,酷狗音乐,热歌榜,酷狗TOP500,2026-07-28,352,西楼儿女,海来阿木,,4:18,84DA47460010F3D91E203F777233DAA4,62931439,https://www.kugou.com/yy/rank/home/16-8888.html?from=rank
2026-07-28,2026-07-28T16:02:20+08:00,酷狗音乐,热歌榜,酷狗TOP500,2026-07-28,353,K歌之王 (粤语版),陈奕迅,,3:42,86B9F10B3EDFAF51E71F48D8B37B043B,2996273,https://www.kugou.com/yy/rank/home/17-8888.html?from=rank
2026-07-28,2026-07-28T16:02:20+08:00,酷狗音乐,热歌榜,酷狗TOP500,2026-07-28,354,麦恩莉,方大同,,4:48,3A08C7B067EC2E9B552AB8664490FCEB,971920,https://www.kugou.com/yy/rank/home/17-8888.html?from=rank
2026-07-28,2026-07-28T16:02:20+08:00,酷狗音乐,热歌榜,酷狗TOP500,2026-07-28,355,目瑙纵歌,Zhen Zhen （半夏水玉）,,4:33,7A4D7128DA4CC9C7670CC9E355C079A0,178112369,https://www.kugou.com/yy/rank/home/17-8888.html?from=rank
2026-07-28,2026-07-28T16:02:20+08:00,酷狗音乐,热歌榜,酷狗TOP500,2026-07-28,356,有点甜,汪苏泷、BY2,,3:55,99CFDC717FEB7DABCD8A6392D821FC08,516425,https://www.kugou.com/yy/rank/home/17-8888.html?from=rank
2026-07-28,2026-07-28T16:02:20+08:00,酷狗音乐,热歌榜,酷狗TOP500,2026-07-28,357,就是爱你,陶喆,,4:24,43485D7A650AFF532E5ECF24D7FB6381,7547427,https://www.kugou.com/yy/rank/home/17-8888.html?from=rank
2026-07-28,2026-07-28T16:02:20+08:00,酷狗音乐,热歌榜,酷狗TOP500,2026-07-28,358,茫,李润祺,,3:47,7B82C70A1736D61A28849DE87AA4B812,40168846,https://www.kugou.com/yy/rank/home/17-8888.html?from=rank
2026-07-28,2026-07-28T16:02:20+08:00,酷狗音乐,热歌榜,酷狗TOP500,2026-07-28,359,不如见一面,海来阿木,,4:08,A8CC7F0EA73DE4DE226B26C3F44DD563,80038154,https://www.kugou.com/yy/rank/home/17-8888.html?from=rank
2026-07-28,2026-07-28T16:02:20+08:00,酷狗音乐,热歌榜,酷狗TOP500,2026-07-28,360,像鱼,王贰浪,,4:45,6215C5A85B30E53C2E4C20C4DED38D72,13621986,https://www.kugou.com/yy/rank/home/17-8888.html?from=rank
2026-07-28,2026-07-28T16:02:20+08:00,酷狗音乐,热歌榜,酷狗TOP500,2026-07-28,361,time machine (feat. aren park)(Original Mix),mj apanay、aren park,,3:46,6FC23D8694067908061BB145B6DFCB87,100264848,https://www.kugou.com/yy/rank/home/17-8888.html?from=rank
2026-07-28,2026-07-28T16:02:20+08:00,酷狗音乐,热歌榜,酷狗TOP500,2026-07-28,362,爱在西元前,周杰伦,,3:54,66B756FB1331807B032EF97F7BA9948E,958706,https://www.kugou.com/yy/rank/home/17-8888.html?from=rank
2026-07-28,2026-07-28T16:02:20+08:00,酷狗音乐,热歌榜,酷狗TOP500,2026-07-28,363,追光者,岑宁儿,,3:56,03F818EF5B72D16F65BD6298FB99B440,2706911,https://www.kugou.com/yy/rank/home/17-8888.html?from=rank
2026-07-28,2026-07-28T16:02:20+08:00,酷狗音乐,热歌榜,酷狗TOP500,2026-07-28,364,爱，请问怎么走,A-Lin,,4:28,D67CB2EA6082D5AB871509EC06B48370,964045,https://www.kugou.com/yy/rank/home/17-8888.html?from=rank
2026-07-28,2026-07-28T16:02:20+08:00,酷狗音乐,热歌榜,酷狗TOP500,2026-07-28,365,爱你没差,周杰伦,,4:41,66F31869BBAA767A929F35EEE1CCC5C9,982051,https://www.kugou.com/yy/rank/home/17-8888.html?from=rank
2026-07-28,2026-07-28T16:02:20+08:00,酷狗音乐,热歌榜,酷狗TOP500,2026-07-28,366,不该 (with aMEI),周杰伦、张惠妹,,4:51,FCF336E81DA45A8E696032FFC1708175,1645030,https://www.kugou.com/yy/rank/home/17-8888.html?from=rank
2026-07-28,2026-07-28T16:02:20+08:00,酷狗音乐,热歌榜,酷狗TOP500,2026-07-28,367,倒带,蔡依林,,4:26,446507D2332BC3F263596363A97C6E95,976925,https://www.kugou.com/yy/rank/home/17-8888.html?from=rank
2026-07-28,2026-07-28T16:02:20+08:00,酷狗音乐,热歌榜,酷狗TOP500,2026-07-28,368,当爱在靠近,刘若英,,4:11,D988B9B4B769D979279D4AC9E84907F1,978209,https://www.kugou.com/yy/rank/home/17-8888.html?from=rank
2026-07-28,2026-07-28T16:02:20+08:00,酷狗音乐,热歌榜,酷狗TOP500,2026-07-28,369,再见,张震岳,,3:31,BF7E5BC14D95F2F4DD6932097168D3FF,1746826,https://www.kugou.com/yy/rank/home/17-8888.html?from=rank
2026-07-28,2026-07-28T16:02:20+08:00,酷狗音乐,热歌榜,酷狗TOP500,2026-07-28,370,就让岁月开成一朵花,阿云朵,,5:19,AFEC70D28F29BB844F93D6BC3B8A5EE9,183681654,https://www.kugou.com/yy/rank/home/17-8888.html?from=rank
2026-07-28,2026-07-28T16:02:20+08:00,酷狗音乐,热歌榜,酷狗TOP500,2026-07-28,371,相遇的意义 (烟嗓R&B版),落日微醺,,3:09,1DB50CE5AFC2AE239D1E0E68C8A21B1A,196504361,https://www.kugou.com/yy/rank/home/17-8888.html?from=rank
2026-07-28,2026-07-28T16:02:20+08:00,酷狗音乐,热歌榜,酷狗TOP500,2026-07-28,372,我爱的是爱我的你,纯手动洗衣机,,3:40,E8A313D72B0624C85227D48D5D55BF6F,184901497,https://www.kugou.com/yy/rank/home/17-8888.html?from=rank
2026-07-28,2026-07-28T16:02:20+08:00,酷狗音乐,热歌榜,酷狗TOP500,2026-07-28,373,雀跃,任然、小来,,3:56,6F07E18E17B811C4931349D7D87C1A43,2820318,https://www.kugou.com/yy/rank/home/17-8888.html?from=rank
2026-07-28,2026-07-28T16:02:20+08:00,酷狗音乐,热歌榜,酷狗TOP500,2026-07-28,374,你要的全拿走,胡彦斌,,4:59,489E4872BD06E51C969AE81748E78A10,8317330,https://www.kugou.com/yy/rank/home/17-8888.html?from=rank
2026-07-28,2026-07-28T16:02:20+08:00,酷狗音乐,热歌榜,酷狗TOP500,2026-07-28,375,怎么说我不爱你,萧敬腾,,4:35,30A31A94C77268C92886E00D912AC03B,958893,https://www.kugou.com/yy/rank/home/18-8888.html?from=rank
2026-07-28,2026-07-28T16:02:20+08:00,酷狗音乐,热歌榜,酷狗TOP500,2026-07-28,376,可惜春风不懂我伤悲,范贵宾,,3:28,51322D0ED8F8CE337E61DA61AD45E698,181550159,https://www.kugou.com/yy/rank/home/18-8888.html?from=rank
2026-07-28,2026-07-28T16:02:20+08:00,酷狗音乐,热歌榜,酷狗TOP500,2026-07-28,377,海屿你,DJ铁柱,,4:33,741FD028FD4104B0C1E0017E33D23357,197102975,https://www.kugou.com/yy/rank/home/18-8888.html?from=rank
2026-07-28,2026-07-28T16:02:20+08:00,酷狗音乐,热歌榜,酷狗TOP500,2026-07-28,378,命运,家家,,3:51,B149A3BFD19481F91B9A652AA8EA21C1,959745,https://www.kugou.com/yy/rank/home/18-8888.html?from=rank
2026-07-28,2026-07-28T16:02:20+08:00,酷狗音乐,热歌榜,酷狗TOP500,2026-07-28,379,一程山路,毛不易,,3:36,F4B3D7DFFA85DAE7737243598153A168,34631159,https://www.kugou.com/yy/rank/home/18-8888.html?from=rank
2026-07-28,2026-07-28T16:02:20+08:00,酷狗音乐,热歌榜,酷狗TOP500,2026-07-28,380,主角,王菲,,5:00,5AC9B20840021F9BE51D76C3067BCC26,189702143,https://www.kugou.com/yy/rank/home/18-8888.html?from=rank
2026-07-28,2026-07-28T16:02:20+08:00,酷狗音乐,热歌榜,酷狗TOP500,2026-07-28,381,雨蝶,李翊君,,3:51,C83424ACF417185057E278554B91D4C0,7549108,https://www.kugou.com/yy/rank/home/18-8888.html?from=rank
2026-07-28,2026-07-28T16:02:20+08:00,酷狗音乐,热歌榜,酷狗TOP500,2026-07-28,382,手写的从前,周杰伦,,4:58,C1992BBF6FB5BB2BB86DECF657509FD3,962593,https://www.kugou.com/yy/rank/home/18-8888.html?from=rank
2026-07-28,2026-07-28T16:02:20+08:00,酷狗音乐,热歌榜,酷狗TOP500,2026-07-28,383,你的样子 (烟嗓版),十一经典老歌,,3:17,9CF9C5DDBC66437ED5BF2EDB46FF94D8,193387171,https://www.kugou.com/yy/rank/home/18-8888.html?from=rank
2026-07-28,2026-07-28T16:02:20+08:00,酷狗音乐,热歌榜,酷狗TOP500,2026-07-28,384,跨不过的距离,虎二,,4:31,FED5892036FBD176F6FEAE973C565E59,38209191,https://www.kugou.com/yy/rank/home/18-8888.html?from=rank
2026-07-28,2026-07-28T16:02:20+08:00,酷狗音乐,热歌榜,酷狗TOP500,2026-07-28,385,玉芬啊玉芬你让彪哥好伤心,老韩很哇塞,,3:00,AFF2135F30F90B6768AF3320505559CF,177493243,https://www.kugou.com/yy/rank/home/18-8888.html?from=rank
2026-07-28,2026-07-28T16:02:20+08:00,酷狗音乐,热歌榜,酷狗TOP500,2026-07-28,386,尘念,桑耶,,3:16,FBE82E5DCC11A3A8AF6B8A5B74E2F2BB,190711369,https://www.kugou.com/yy/rank/home/18-8888.html?from=rank
2026-07-28,2026-07-28T16:02:20+08:00,酷狗音乐,热歌榜,酷狗TOP500,2026-07-28,387,那些年,胡夏,,6:11,95A46E232F3F0CFFDA7811B7D9C8E6C4,542864,https://www.kugou.com/yy/rank/home/18-8888.html?from=rank
2026-07-28,2026-07-28T16:02:20+08:00,酷狗音乐,热歌榜,酷狗TOP500,2026-07-28,388,单身情歌,林志炫,,4:35,ACD27A452FE3D0348D38540762DA7BEB,971171,https://www.kugou.com/yy/rank/home/18-8888.html?from=rank
2026-07-28,2026-07-28T16:02:20+08:00,酷狗音乐,热歌榜,酷狗TOP500,2026-07-28,389,不要在我寂寞的时候说爱我 (funky版),Bobo博official,,2:24,5E043A1E610CC92EC4D10816861667F8,180788163,https://www.kugou.com/yy/rank/home/18-8888.html?from=rank
2026-07-28,2026-07-28T16:02:20+08:00,酷狗音乐,热歌榜,酷狗TOP500,2026-07-28,390,指纹,杜宣达,,4:00,EAF4CB91DA618DBEDC751F54B3B3620D,50057639,https://www.kugou.com/yy/rank/home/18-8888.html?from=rank
2026-07-28,2026-07-28T16:02:20+08:00,酷狗音乐,热歌榜,酷狗TOP500,2026-07-28,391,三国恋,Tank,,4:06,1325E661C6044048943A8D7D417ED280,966742,https://www.kugou.com/yy/rank/home/18-8888.html?from=rank
2026-07-28,2026-07-28T16:02:20+08:00,酷狗音乐,热歌榜,酷狗TOP500,2026-07-28,392,不再犹豫,BEYOND,,4:15,C477FE5B38147B7522DFCF3DC5BB8A6B,8176296,https://www.kugou.com/yy/rank/home/18-8888.html?from=rank
2026-07-28,2026-07-28T16:02:20+08:00,酷狗音乐,热歌榜,酷狗TOP500,2026-07-28,393,我落泪情绪零碎,周杰伦,,4:18,27943EB1CBD46F7BB165B054CE6EBDC8,958812,https://www.kugou.com/yy/rank/home/18-8888.html?from=rank
2026-07-28,2026-07-28T16:02:20+08:00,酷狗音乐,热歌榜,酷狗TOP500,2026-07-28,394,反方向的钟,周杰伦,,4:18,A6049AAB184A305CAA906C6BBB8E8233,978031,https://www.kugou.com/yy/rank/home/18-8888.html?from=rank
2026-07-28,2026-07-28T16:02:20+08:00,酷狗音乐,热歌榜,酷狗TOP500,2026-07-28,395,回到过去,周杰伦,,3:54,79A00772CAC20558F4DC7780DA7BC5FC,961807,https://www.kugou.com/yy/rank/home/18-8888.html?from=rank
2026-07-28,2026-07-28T16:02:20+08:00,酷狗音乐,热歌榜,酷狗TOP500,2026-07-28,396,莫问归期,蒋雪儿Snow.J,,3:39,F0E418FB19E8D295D0F78E50AE3B7E30,27453193,https://www.kugou.com/yy/rank/home/18-8888.html?from=rank
2026-07-28,2026-07-28T16:02:20+08:00,酷狗音乐,热歌榜,酷狗TOP500,2026-07-28,397,因为爱所以爱,谢霆锋,,4:23,EC4FD71BB66AC75154D9766453B430F2,2996768,https://www.kugou.com/yy/rank/home/19-8888.html?from=rank
2026-07-28,2026-07-28T16:02:20+08:00,酷狗音乐,热歌榜,酷狗TOP500,2026-07-28,398,刚刚好,薛之谦,,4:11,956EEC514146039E6D6A16B30DD64A7B,1747549,https://www.kugou.com/yy/rank/home/19-8888.html?from=rank
2026-07-28,2026-07-28T16:02:20+08:00,酷狗音乐,热歌榜,酷狗TOP500,2026-07-28,399,不如见一面2026,海来阿木,,3:57,4866C4CEB901B773ABD6276802E393C9,181816199,https://www.kugou.com/yy/rank/home/19-8888.html?from=rank
2026-07-28,2026-07-28T16:02:20+08:00,酷狗音乐,热歌榜,酷狗TOP500,2026-07-28,400,淘汰,陈奕迅,,4:45,90C64A1FB2F32663FA8037D847AABB57,962514,https://www.kugou.com/yy/rank/home/19-8888.html?from=rank
2026-07-28,2026-07-28T16:02:20+08:00,酷狗音乐,热歌榜,酷狗TOP500,2026-07-28,401,只若初见,张德伊玲,,3:24,0AC57BC59B96F7BF216744F93617FC8B,58285492,https://www.kugou.com/yy/rank/home/19-8888.html?from=rank
2026-07-28,2026-07-28T16:02:20+08:00,酷狗音乐,热歌榜,酷狗TOP500,2026-07-28,402,沈园外,阿YueYue、戾格、小田音乐社,,3:43,9B46F3774EEC55D47508E93A468FF5FC,40796517,https://www.kugou.com/yy/rank/home/19-8888.html?from=rank
2026-07-28,2026-07-28T16:02:20+08:00,酷狗音乐,热歌榜,酷狗TOP500,2026-07-28,403,踏马寻花向自由,烟嗓船长,,2:59,9019B0EC87CF178895B8DFCB25D36927,198640801,https://www.kugou.com/yy/rank/home/19-8888.html?from=rank
2026-07-28,2026-07-28T16:02:20+08:00,酷狗音乐,热歌榜,酷狗TOP500,2026-07-28,404,暧昧,薛之谦,,5:12,B3A4E466F13F44FA0B91FA4EB8E6DECA,7818079,https://www.kugou.com/yy/rank/home/19-8888.html?from=rank
2026-07-28,2026-07-28T16:02:20+08:00,酷狗音乐,热歌榜,酷狗TOP500,2026-07-28,405,我借 (御姐版),铁锤夫妇,,4:07,EC2F26754FED82D125388E7B27D536AA,197901242,https://www.kugou.com/yy/rank/home/19-8888.html?from=rank
2026-07-28,2026-07-28T16:02:20+08:00,酷狗音乐,热歌榜,酷狗TOP500,2026-07-28,406,我太笨,锤娜丽莎,,4:25,A5D4F40382C0DF1A95A48A617793F03E,46432417,https://www.kugou.com/yy/rank/home/19-8888.html?from=rank
2026-07-28,2026-07-28T16:02:20+08:00,酷狗音乐,热歌榜,酷狗TOP500,2026-07-28,407,故乡,许巍,,5:14,9EFC9C93AB181E42113F226DFCFA454D,971568,https://www.kugou.com/yy/rank/home/19-8888.html?from=rank
2026-07-28,2026-07-28T16:02:20+08:00,酷狗音乐,热歌榜,酷狗TOP500,2026-07-28,408,鲜花,回春丹乐队,,5:41,7AB95100C11973D7A29B0F4AA61AB5EC,78809386,https://www.kugou.com/yy/rank/home/19-8888.html?from=rank
2026-07-28,2026-07-28T16:02:20+08:00,酷狗音乐,热歌榜,酷狗TOP500,2026-07-28,409,My Bed (Explicit),Leah Kate,,2:44,6E6104198DA489F603C8F4C5D2E7FF4C,65853253,https://www.kugou.com/yy/rank/home/19-8888.html?from=rank
2026-07-28,2026-07-28T16:02:20+08:00,酷狗音乐,热歌榜,酷狗TOP500,2026-07-28,410,手放开,李圣杰,,4:25,022583751858F1E3558F32EC4ECF7DD5,959847,https://www.kugou.com/yy/rank/home/19-8888.html?from=rank
2026-07-28,2026-07-28T16:02:20+08:00,酷狗音乐,热歌榜,酷狗TOP500,2026-07-28,411,零距离的思念,TINY7,,3:06,279A50FF5784F3A92F0ABB689B0335EE,137584528,https://www.kugou.com/yy/rank/home/19-8888.html?from=rank
2026-07-28,2026-07-28T16:02:20+08:00,酷狗音乐,热歌榜,酷狗TOP500,2026-07-28,412,第一次,光良,,4:23,2C202C0CE252384AD5022CC3A99B697A,930386,https://www.kugou.com/yy/rank/home/19-8888.html?from=rank
2026-07-28,2026-07-28T16:02:20+08:00,酷狗音乐,热歌榜,酷狗TOP500,2026-07-28,413,寂寞沙洲冷,周传雄,,4:35,36A4F5EAA748324A5D509D8EDC47699F,984377,https://www.kugou.com/yy/rank/home/19-8888.html?from=rank
2026-07-28,2026-07-28T16:02:20+08:00,酷狗音乐,热歌榜,酷狗TOP500,2026-07-28,414,不负众望,陈婉菁,,3:55,B54BD54DD6B27B311A9F7E2CF9505D3E,62005607,https://www.kugou.com/yy/rank/home/19-8888.html?from=rank
2026-07-28,2026-07-28T16:02:20+08:00,酷狗音乐,热歌榜,酷狗TOP500,2026-07-28,415,悬溺,葛东琪,,3:17,666484E904A54B1E62C9FBFDBE6E2563,23773597,https://www.kugou.com/yy/rank/home/19-8888.html?from=rank
2026-07-28,2026-07-28T16:02:20+08:00,酷狗音乐,热歌榜,酷狗TOP500,2026-07-28,416,半点心,草蜢,,3:52,6DF94BFD206BB819120C0D021B93EDBC,564642,https://www.kugou.com/yy/rank/home/19-8888.html?from=rank
2026-07-28,2026-07-28T16:02:20+08:00,酷狗音乐,热歌榜,酷狗TOP500,2026-07-28,417,下雨天,南拳妈妈,,4:13,947127F991A6A4FF77C89779E6B25AF4,983794,https://www.kugou.com/yy/rank/home/19-8888.html?from=rank
2026-07-28,2026-07-28T16:02:20+08:00,酷狗音乐,热歌榜,酷狗TOP500,2026-07-28,418,走走,李荣浩,,5:04,0BD5B6F56CED35BB3380425EC02E1098,106374641,https://www.kugou.com/yy/rank/home/19-8888.html?from=rank
2026-07-28,2026-07-28T16:02:20+08:00,酷狗音乐,热歌榜,酷狗TOP500,2026-07-28,419,연애의 조건 (恋爱的条件),BESTie,,3:12,FBE0D895B585AFAD693FE42529311608,959733,https://www.kugou.com/yy/rank/home/20-8888.html?from=rank
2026-07-28,2026-07-28T16:02:20+08:00,酷狗音乐,热歌榜,酷狗TOP500,2026-07-28,420,这世界那么多人,莫文蔚,,4:46,8217FD6FE2973658781FB08DA4F8C4D6,44349469,https://www.kugou.com/yy/rank/home/20-8888.html?from=rank
2026-07-28,2026-07-28T16:02:20+08:00,酷狗音乐,热歌榜,酷狗TOP500,2026-07-28,421,少一点天份,孙盛希,,4:35,FFD1F05E5D06A1DDFAEDFE6A3379A271,566029,https://www.kugou.com/yy/rank/home/20-8888.html?from=rank
2026-07-28,2026-07-28T16:02:20+08:00,酷狗音乐,热歌榜,酷狗TOP500,2026-07-28,422,有一种爱叫做放手,阿木,,4:24,8ACE2D4510E26FBDC4736055C5AE4B03,971509,https://www.kugou.com/yy/rank/home/20-8888.html?from=rank
2026-07-28,2026-07-28T16:02:20+08:00,酷狗音乐,热歌榜,酷狗TOP500,2026-07-28,423,情罪,陈瑞,,4:45,9642484D6F37650295B370CD52553DC5,80617215,https://www.kugou.com/yy/rank/home/20-8888.html?from=rank
2026-07-28,2026-07-28T16:02:20+08:00,酷狗音乐,热歌榜,酷狗TOP500,2026-07-28,424,月亮照山川,窝窝,,3:18,B96C803232E044E3D6308EAE37ADDE1D,142338715,https://www.kugou.com/yy/rank/home/20-8888.html?from=rank
2026-07-28,2026-07-28T16:02:20+08:00,酷狗音乐,热歌榜,酷狗TOP500,2026-07-28,425,先说谎的人,h3R3、张鑫,,2:49,4F2F51A01A6FF91435D80EEC62E759C0,51331566,https://www.kugou.com/yy/rank/home/20-8888.html?from=rank
2026-07-28,2026-07-28T16:02:20+08:00,酷狗音乐,热歌榜,酷狗TOP500,2026-07-28,426,问爱 (Live),Yamy郭颖,,3:05,A219A06DA079E6763FB495312BA6C517,199916227,https://www.kugou.com/yy/rank/home/20-8888.html?from=rank
2026-07-28,2026-07-28T16:02:20+08:00,酷狗音乐,热歌榜,酷狗TOP500,2026-07-28,427,意外,薛之谦,,4:52,04E0EDE41EA3CCFF76C04F414E1D03A7,960327,https://www.kugou.com/yy/rank/home/20-8888.html?from=rank
2026-07-28,2026-07-28T16:02:20+08:00,酷狗音乐,热歌榜,酷狗TOP500,2026-07-28,428,我不配,周杰伦,,4:49,00CBE76AE7676D5D2A3D832D202C8FFD,979856,https://www.kugou.com/yy/rank/home/20-8888.html?from=rank
2026-07-28,2026-07-28T16:02:20+08:00,酷狗音乐,热歌榜,酷狗TOP500,2026-07-28,429,愿与愁,林俊杰,,3:52,4A2A7260442B0A5D5F17295F1DD7241B,71681690,https://www.kugou.com/yy/rank/home/20-8888.html?from=rank
2026-07-28,2026-07-28T16:02:20+08:00,酷狗音乐,热歌榜,酷狗TOP500,2026-07-28,430,小半 (Live),王铮亮、谭松韵,,5:14,D0CF7A8F58E9AB02D7B3305E425AE73C,196185049,https://www.kugou.com/yy/rank/home/20-8888.html?from=rank
2026-07-28,2026-07-28T16:02:20+08:00,酷狗音乐,热歌榜,酷狗TOP500,2026-07-28,431,我在月光许过情真 (r&b旋律说唱版),丁点儿、比利五,,2:14,DBC86A4731D581A7C5995CCE416AD6CB,196066686,https://www.kugou.com/yy/rank/home/20-8888.html?from=rank
2026-07-28,2026-07-28T16:02:20+08:00,酷狗音乐,热歌榜,酷狗TOP500,2026-07-28,432,明天，你好,牛奶咖啡,,4:32,A9527F71F7149F13E1F78B23C25DD30B,967562,https://www.kugou.com/yy/rank/home/20-8888.html?from=rank
2026-07-28,2026-07-28T16:02:20+08:00,酷狗音乐,热歌榜,酷狗TOP500,2026-07-28,433,也许在下雨天 (氛围版),晚月moon,,3:31,0CB347FCE5634E129B99A00DBC874274,198025603,https://www.kugou.com/yy/rank/home/20-8888.html?from=rank
2026-07-28,2026-07-28T16:02:20+08:00,酷狗音乐,热歌榜,酷狗TOP500,2026-07-28,434,深爱过的人怎么放手,万能和弦,,3:57,43E2C5962E6540E6649B45F9212BFF06,179359732,https://www.kugou.com/yy/rank/home/20-8888.html?from=rank
2026-07-28,2026-07-28T16:02:20+08:00,酷狗音乐,热歌榜,酷狗TOP500,2026-07-28,435,别怕我伤心,张信哲,,4:47,976677A739F25908591FA822CB1F1DF3,538030,https://www.kugou.com/yy/rank/home/20-8888.html?from=rank
2026-07-28,2026-07-28T16:02:20+08:00,酷狗音乐,热歌榜,酷狗TOP500,2026-07-28,436,红蔷薇白玫瑰 (G.E.M.重生版),G.E.M. 邓紫棋,,4:45,FF4AAAE19876C6F2B9B888794FA6E664,150256944,https://www.kugou.com/yy/rank/home/20-8888.html?from=rank
2026-07-28,2026-07-28T16:02:20+08:00,酷狗音乐,热歌榜,酷狗TOP500,2026-07-28,437,我想念,汪苏泷,,3:45,A6545AABFE93C5495BA8ADB2A555B84F,76163380,https://www.kugou.com/yy/rank/home/20-8888.html?from=rank
2026-07-28,2026-07-28T16:02:20+08:00,酷狗音乐,热歌榜,酷狗TOP500,2026-07-28,438,修炼爱情,林俊杰,,4:47,8748C12719DCA9F588B1118AC05F6BF8,972188,https://www.kugou.com/yy/rank/home/20-8888.html?from=rank
2026-07-28,2026-07-28T16:02:20+08:00,酷狗音乐,热歌榜,酷狗TOP500,2026-07-28,439,初恋情人,刘小慧,,4:40,24BD04781E52FE8E7FAB2A6452D85320,532546,https://www.kugou.com/yy/rank/home/20-8888.html?from=rank
2026-07-28,2026-07-28T16:02:20+08:00,酷狗音乐,热歌榜,酷狗TOP500,2026-07-28,440,离别开出花 (弹唱版),就是南方凯,,2:52,67911051D7E5B9B3343847D73BF883F5,81781305,https://www.kugou.com/yy/rank/home/20-8888.html?from=rank
2026-07-28,2026-07-28T16:02:20+08:00,酷狗音乐,热歌榜,酷狗TOP500,2026-07-28,441,一万个理由,郑源,,4:25,6BE0597021C8E5E3D7A9AE5FB782947A,977094,https://www.kugou.com/yy/rank/home/21-8888.html?from=rank
2026-07-28,2026-07-28T16:02:20+08:00,酷狗音乐,热歌榜,酷狗TOP500,2026-07-28,442,晚风心里吹,阿梨粤,,3:07,DFFB8F6768AC5044881BB6DD11BDED53,55808898,https://www.kugou.com/yy/rank/home/21-8888.html?from=rank
2026-07-28,2026-07-28T16:02:20+08:00,酷狗音乐,热歌榜,酷狗TOP500,2026-07-28,443,想你和我们的以后,苏运莹,,4:32,5EBA7A9F8385FE7657E751870A287AFD,13669576,https://www.kugou.com/yy/rank/home/21-8888.html?from=rank
2026-07-28,2026-07-28T16:02:20+08:00,酷狗音乐,热歌榜,酷狗TOP500,2026-07-28,444,天下,张杰,,3:42,17B11C65674378CA43995537331E1D9C,38606351,https://www.kugou.com/yy/rank/home/21-8888.html?from=rank
2026-07-28,2026-07-28T16:02:20+08:00,酷狗音乐,热歌榜,酷狗TOP500,2026-07-28,445,选择失忆,季彦霖,,4:39,6ED5E6DAA2F1A97A2EA5B1113F469BA7,8441500,https://www.kugou.com/yy/rank/home/21-8888.html?from=rank
2026-07-28,2026-07-28T16:02:20+08:00,酷狗音乐,热歌榜,酷狗TOP500,2026-07-28,446,刚好遇见你,李玉刚,,3:20,58B004C56B6AB6CE1CA3C1E8C6781D0E,1820033,https://www.kugou.com/yy/rank/home/21-8888.html?from=rank
2026-07-28,2026-07-28T16:02:20+08:00,酷狗音乐,热歌榜,酷狗TOP500,2026-07-28,447,孤独患者,陈奕迅,,4:34,72A9BB44569890399978A49D631DF310,530848,https://www.kugou.com/yy/rank/home/21-8888.html?from=rank
2026-07-28,2026-07-28T16:02:20+08:00,酷狗音乐,热歌榜,酷狗TOP500,2026-07-28,448,这个年纪,齐一,,4:45,B44AD73957D993731BC125BF0A1EFFF5,2657166,https://www.kugou.com/yy/rank/home/21-8888.html?from=rank
2026-07-28,2026-07-28T16:02:20+08:00,酷狗音乐,热歌榜,酷狗TOP500,2026-07-28,449,依兰爱情故事,金志文,,4:52,21C7EF72EE4E29653FF4C028D82BB889,198293753,https://www.kugou.com/yy/rank/home/21-8888.html?from=rank
2026-07-28,2026-07-28T16:02:20+08:00,酷狗音乐,热歌榜,酷狗TOP500,2026-07-28,450,同手同脚,温岚,,4:18,1DB5F549DF57C1C9553D9BDD735C763A,2997107,https://www.kugou.com/yy/rank/home/21-8888.html?from=rank
2026-07-28,2026-07-28T16:02:20+08:00,酷狗音乐,热歌榜,酷狗TOP500,2026-07-28,451,人间,王菲,,4:45,AEC30C06392150FB0F3A8FAC4C57E784,20142,https://www.kugou.com/yy/rank/home/21-8888.html?from=rank
2026-07-28,2026-07-28T16:02:20+08:00,酷狗音乐,热歌榜,酷狗TOP500,2026-07-28,452,借口,枕星而歌,,2:37,92FEA67D36C8178F418F5FF71096945D,191018202,https://www.kugou.com/yy/rank/home/21-8888.html?from=rank
2026-07-28,2026-07-28T16:02:20+08:00,酷狗音乐,热歌榜,酷狗TOP500,2026-07-28,453,落红,小阿七,,3:35,7CDB99E96849CAD1C815E973712E8E71,199810619,https://www.kugou.com/yy/rank/home/21-8888.html?from=rank
2026-07-28,2026-07-28T16:02:20+08:00,酷狗音乐,热歌榜,酷狗TOP500,2026-07-28,454,KISS N TELL,aespa,,2:46,055F47669FD750E1F6FD0564A75050CD,200502168,https://www.kugou.com/yy/rank/home/21-8888.html?from=rank
2026-07-28,2026-07-28T16:02:20+08:00,酷狗音乐,热歌榜,酷狗TOP500,2026-07-28,455,天亮以前说再见,何野,,4:00,18E9FC6CF97258B75D090188EDBAE95B,11792318,https://www.kugou.com/yy/rank/home/21-8888.html?from=rank
2026-07-28,2026-07-28T16:02:20+08:00,酷狗音乐,热歌榜,酷狗TOP500,2026-07-28,456,包容,郑源,,4:23,34000A6CA0043801440E74059F4759EF,967724,https://www.kugou.com/yy/rank/home/21-8888.html?from=rank
2026-07-28,2026-07-28T16:02:20+08:00,酷狗音乐,热歌榜,酷狗TOP500,2026-07-28,457,归途恰恰,黄泥,,3:34,F16077C8A6D2DB48FDB99A30896186E2,198492004,https://www.kugou.com/yy/rank/home/21-8888.html?from=rank
2026-07-28,2026-07-28T16:02:20+08:00,酷狗音乐,热歌榜,酷狗TOP500,2026-07-28,458,世界赠予我的,王菲,,4:04,BE84F84C55D0D1B458158092272CC3A8,135677703,https://www.kugou.com/yy/rank/home/21-8888.html?from=rank
2026-07-28,2026-07-28T16:02:20+08:00,酷狗音乐,热歌榜,酷狗TOP500,2026-07-28,459,月满西楼约,如梦,,3:53,9D46CB34459F26B7D109F52BF0A68472,182028898,https://www.kugou.com/yy/rank/home/21-8888.html?from=rank
2026-07-28,2026-07-28T16:02:20+08:00,酷狗音乐,热歌榜,酷狗TOP500,2026-07-28,460,如果这就是爱情,张靓颖,,4:43,4E871DF1E2034CF6BAAD7B03D2386058,2597425,https://www.kugou.com/yy/rank/home/21-8888.html?from=rank
2026-07-28,2026-07-28T16:02:20+08:00,酷狗音乐,热歌榜,酷狗TOP500,2026-07-28,461,天若有情,A-Lin,,4:17,2E6CE4E79982AE2119A69C1D30537EA2,1805426,https://www.kugou.com/yy/rank/home/21-8888.html?from=rank
2026-07-28,2026-07-28T16:02:20+08:00,酷狗音乐,热歌榜,酷狗TOP500,2026-07-28,462,大城小爱,王力宏,,3:45,3EAF74E9E5065C03B050F356F0567311,2820176,https://www.kugou.com/yy/rank/home/21-8888.html?from=rank
2026-07-28,2026-07-28T16:02:20+08:00,酷狗音乐,热歌榜,酷狗TOP500,2026-07-28,463,吹梦到西洲,昭爻tsuki、千世,,5:15,FB50469DA48A8CE34532F2888578B7B8,25402785,https://www.kugou.com/yy/rank/home/22-8888.html?from=rank
2026-07-28,2026-07-28T16:02:20+08:00,酷狗音乐,热歌榜,酷狗TOP500,2026-07-28,464,有我呢,郭一凡,,4:35,8E21C8F3484FB56833F563754A05CB25,32452531,https://www.kugou.com/yy/rank/home/22-8888.html?from=rank
2026-07-28,2026-07-28T16:02:20+08:00,酷狗音乐,热歌榜,酷狗TOP500,2026-07-28,465,可惜春风不懂我伤悲,田园,,3:26,FA6A0CE74A6E7770E581078EF38B9278,195387503,https://www.kugou.com/yy/rank/home/22-8888.html?from=rank
2026-07-28,2026-07-28T16:02:20+08:00,酷狗音乐,热歌榜,酷狗TOP500,2026-07-28,466,Jealousy (Extended Version),3Rd Coast,,2:34,945490530F3337D8F0515715EF1A7EB2,1010154,https://www.kugou.com/yy/rank/home/22-8888.html?from=rank
2026-07-28,2026-07-28T16:02:20+08:00,酷狗音乐,热歌榜,酷狗TOP500,2026-07-28,467,痴心绝对,李圣杰,,4:22,2B7176CC7B1E7F5A136A5A1E1AACD365,966511,https://www.kugou.com/yy/rank/home/22-8888.html?from=rank
2026-07-28,2026-07-28T16:02:20+08:00,酷狗音乐,热歌榜,酷狗TOP500,2026-07-28,468,周旋,王以太、艾热AIR,,4:50,D4B5A2762AD5716EB290DD452721B5E4,198788223,https://www.kugou.com/yy/rank/home/22-8888.html?from=rank
2026-07-28,2026-07-28T16:02:20+08:00,酷狗音乐,热歌榜,酷狗TOP500,2026-07-28,469,多幸运,韩安旭,,4:09,CBAB4AB8D340C977AB800C1ED4D35ED9,555393,https://www.kugou.com/yy/rank/home/22-8888.html?from=rank
2026-07-28,2026-07-28T16:02:20+08:00,酷狗音乐,热歌榜,酷狗TOP500,2026-07-28,470,也许在下雨天 (雷鬼版),白兰的,,4:39,475C69BA60AECD59F26F8B5BBBD70633,197843226,https://www.kugou.com/yy/rank/home/22-8888.html?from=rank
2026-07-28,2026-07-28T16:02:20+08:00,酷狗音乐,热歌榜,酷狗TOP500,2026-07-28,471,你想要的,颜人中,,3:53,6012E4AB4265603B548966BF5E85FC9B,36812133,https://www.kugou.com/yy/rank/home/22-8888.html?from=rank
2026-07-28,2026-07-28T16:02:20+08:00,酷狗音乐,热歌榜,酷狗TOP500,2026-07-28,472,天亮以前说再见 (雪花多舍不得冬天),四熹丸子,,3:53,36255921966B48B35A6E31D843C1CDD4,133064388,https://www.kugou.com/yy/rank/home/22-8888.html?from=rank
2026-07-28,2026-07-28T16:02:20+08:00,酷狗音乐,热歌榜,酷狗TOP500,2026-07-28,473,黄昏 (日落西山暮色沉沉)(女版),王佳音,,3:26,F056FB14CAF06E23982AACD978F7AC79,135637088,https://www.kugou.com/yy/rank/home/22-8888.html?from=rank
2026-07-28,2026-07-28T16:02:20+08:00,酷狗音乐,热歌榜,酷狗TOP500,2026-07-28,474,美丽的神话,孙楠、韩红,,4:52,877281C8E094A848F022BCAAA76945CB,964166,https://www.kugou.com/yy/rank/home/22-8888.html?from=rank
2026-07-28,2026-07-28T16:02:20+08:00,酷狗音乐,热歌榜,酷狗TOP500,2026-07-28,475,玫瑰花的葬礼,许嵩,,4:21,0A335E9374392B72E5965D8F6165E564,1968878,https://www.kugou.com/yy/rank/home/22-8888.html?from=rank
2026-07-28,2026-07-28T16:02:20+08:00,酷狗音乐,热歌榜,酷狗TOP500,2026-07-28,476,给我一首歌的时间,周杰伦,,4:14,237FD34BF80D05228D4A43F6CD5BEECF,960399,https://www.kugou.com/yy/rank/home/22-8888.html?from=rank
2026-07-28,2026-07-28T16:02:20+08:00,酷狗音乐,热歌榜,酷狗TOP500,2026-07-28,477,咏春,七朵组合,,4:31,9C54B0CCA0581987E92560F11413E88F,8344834,https://www.kugou.com/yy/rank/home/22-8888.html?from=rank
2026-07-28,2026-07-28T16:02:20+08:00,酷狗音乐,热歌榜,酷狗TOP500,2026-07-28,478,单车,陈奕迅,,3:31,3FA554270A2AE0FE64AAACDDDBD8D0B7,504206,https://www.kugou.com/yy/rank/home/22-8888.html?from=rank
2026-07-28,2026-07-28T16:02:20+08:00,酷狗音乐,热歌榜,酷狗TOP500,2026-07-28,479,突然想起你,萧亚轩,,3:54,7D31D9DC20F5A50B3D660C1A54434E1E,980330,https://www.kugou.com/yy/rank/home/22-8888.html?from=rank
2026-07-28,2026-07-28T16:02:20+08:00,酷狗音乐,热歌榜,酷狗TOP500,2026-07-28,480,陷阱,王北车,,4:41,2FA2217B2F80DFE16F0421E1EF42AEB3,8747471,https://www.kugou.com/yy/rank/home/22-8888.html?from=rank
2026-07-28,2026-07-28T16:02:20+08:00,酷狗音乐,热歌榜,酷狗TOP500,2026-07-28,481,知了,陈默之,,3:52,FE6608CE529684B94CBA506E2B0C7BB6,91222498,https://www.kugou.com/yy/rank/home/22-8888.html?from=rank
2026-07-28,2026-07-28T16:02:20+08:00,酷狗音乐,热歌榜,酷狗TOP500,2026-07-28,482,像风一样,薛之谦,,4:15,ACC9BB4136622B3E2BA561B87FFF00D9,7818079,https://www.kugou.com/yy/rank/home/22-8888.html?from=rank
2026-07-28,2026-07-28T16:02:20+08:00,酷狗音乐,热歌榜,酷狗TOP500,2026-07-28,483,孤雏,AGA,,4:53,8BB44BFFC9A9CFC06706D37DA52B617B,1821989,https://www.kugou.com/yy/rank/home/22-8888.html?from=rank
2026-07-28,2026-07-28T16:02:20+08:00,酷狗音乐,热歌榜,酷狗TOP500,2026-07-28,484,洛神,乱徵,,4:37,C7F29D050D8C8161FD26E27BC494FD8A,0,https://www.kugou.com/yy/rank/home/22-8888.html?from=rank
2026-07-28,2026-07-28T16:02:20+08:00,酷狗音乐,热歌榜,酷狗TOP500,2026-07-28,485,男孩 (Live),梁博,,5:12,7888BA9869F728304E06047048137CDD,1985016,https://www.kugou.com/yy/rank/home/23-8888.html?from=rank
2026-07-28,2026-07-28T16:02:20+08:00,酷狗音乐,热歌榜,酷狗TOP500,2026-07-28,486,I Love You So,The Walters,,2:40,268A58AA8B646B725126E77194C0AF0D,15109280,https://www.kugou.com/yy/rank/home/23-8888.html?from=rank
2026-07-28,2026-07-28T16:02:20+08:00,酷狗音乐,热歌榜,酷狗TOP500,2026-07-28,487,我漂泊的船能不能靠在你的岸,沙哑大叔,,3:57,CFF8A99F25DCFB42F10F7C4BFCB57EA1,183209266,https://www.kugou.com/yy/rank/home/23-8888.html?from=rank
2026-07-28,2026-07-28T16:02:20+08:00,酷狗音乐,热歌榜,酷狗TOP500,2026-07-28,488,读心术,卓文萱,,4:20,3F98A771F8F33556966A9990F66D95C4,965920,https://www.kugou.com/yy/rank/home/23-8888.html?from=rank
2026-07-28,2026-07-28T16:02:20+08:00,酷狗音乐,热歌榜,酷狗TOP500,2026-07-28,489,顺其自然 (让花是花 让树是树),国产阿发,,2:00,54D8581160D1CCB7D3D3307F7F0196A1,196400635,https://www.kugou.com/yy/rank/home/23-8888.html?from=rank
2026-07-28,2026-07-28T16:02:20+08:00,酷狗音乐,热歌榜,酷狗TOP500,2026-07-28,490,谁,洋澜一,,3:40,445C54E59AB287FCF15D68FAF92CD9B7,89608819,https://www.kugou.com/yy/rank/home/23-8888.html?from=rank
2026-07-28,2026-07-28T16:02:20+08:00,酷狗音乐,热歌榜,酷狗TOP500,2026-07-28,491,Dear John,比莉,,5:11,71951213A1C3C313DEEB017D3C9E77CC,2528933,https://www.kugou.com/yy/rank/home/23-8888.html?from=rank
2026-07-28,2026-07-28T16:02:20+08:00,酷狗音乐,热歌榜,酷狗TOP500,2026-07-28,492,九万字,黄诗扶,,3:52,546EA8CFAAD8B4FE95D40D84491799A7,14636608,https://www.kugou.com/yy/rank/home/23-8888.html?from=rank
2026-07-28,2026-07-28T16:02:20+08:00,酷狗音乐,热歌榜,酷狗TOP500,2026-07-28,493,第一次做人 (Live),张远,,4:52,A1B6F4492EA33DB2CA925C489BB65C11,200699375,https://www.kugou.com/yy/rank/home/23-8888.html?from=rank
2026-07-28,2026-07-28T16:02:20+08:00,酷狗音乐,热歌榜,酷狗TOP500,2026-07-28,494,一路生花,温奕心,,4:16,4F18553F2AF06E355AD75A5EE6173456,45305792,https://www.kugou.com/yy/rank/home/23-8888.html?from=rank
2026-07-28,2026-07-28T16:02:20+08:00,酷狗音乐,热歌榜,酷狗TOP500,2026-07-28,495,逆流成河,金南玲,,2:05,F12381673024C26DF3CC2589AA52987F,976591,https://www.kugou.com/yy/rank/home/23-8888.html?from=rank
2026-07-28,2026-07-28T16:02:20+08:00,酷狗音乐,热歌榜,酷狗TOP500,2026-07-28,496,今生啊 多相见,万仁,,3:44,AAE144B41CB32D4256E02C17CFEF0A29,172326826,https://www.kugou.com/yy/rank/home/23-8888.html?from=rank
2026-07-28,2026-07-28T16:02:20+08:00,酷狗音乐,热歌榜,酷狗TOP500,2026-07-28,497,我们的爱,F.I.R.飞儿乐团,,4:47,74B0A84B2894468B588EE0092B590960,509214,https://www.kugou.com/yy/rank/home/23-8888.html?from=rank
2026-07-28,2026-07-28T16:02:20+08:00,酷狗音乐,热歌榜,酷狗TOP500,2026-07-28,498,清空,王忻辰、苏星婕,,2:57,13D65D3EE2C3D720800610D53BECA492,41190434,https://www.kugou.com/yy/rank/home/23-8888.html?from=rank
2026-07-28,2026-07-28T16:02:20+08:00,酷狗音乐,热歌榜,酷狗TOP500,2026-07-28,499,香水有毒,胡杨林,,4:51,A97A9820CD327D3CEF951EAC63F92B95,3912985,https://www.kugou.com/yy/rank/home/23-8888.html?from=rank
2026-07-28,2026-07-28T16:02:20+08:00,酷狗音乐,热歌榜,酷狗TOP500,2026-07-28,500,忘了你 忘了我,王杰,,4:40,C09030D0EF71188A5ED48C991E635D8A,517177,https://www.kugou.com/yy/rank/home/23-8888.html?from=rank
2026-07-28,2026-07-28T16:02:20+08:00,酷狗音乐,飙升榜,酷狗飙升榜,2026-07-28,1,野心家 (Live),杨丞琳、黄霄雲,,4:41,60570F98B8DCE215882953F546BF27C5,200699351,https://www.kugou.com/yy/rank/home/1-6666.html?from=rank
2026-07-28,2026-07-28T16:02:20+08:00,酷狗音乐,飙升榜,酷狗飙升榜,2026-07-28,2,唯我论者的独白,马嘉祺,,3:40,7251740620390DA2939069838804D0DA,200668871,https://www.kugou.com/yy/rank/home/1-6666.html?from=rank
2026-07-28,2026-07-28T16:02:20+08:00,酷狗音乐,飙升榜,酷狗飙升榜,2026-07-28,3,爱旧爱 (怪我曾爱你爱的太深),恩几,,2:48,E8973BC4EF96021352693BBD9E34D9E2,200504903,https://www.kugou.com/yy/rank/home/1-6666.html?from=rank
2026-07-28,2026-07-28T16:02:20+08:00,酷狗音乐,飙升榜,酷狗飙升榜,2026-07-28,4,山风山风等等我,万海东,,3:29,CE256D96F1F025D60468D8F0BC9EE64B,200106963,https://www.kugou.com/yy/rank/home/1-6666.html?from=rank
2026-07-28,2026-07-28T16:02:20+08:00,酷狗音乐,飙升榜,酷狗飙升榜,2026-07-28,5,我不该动情 (男女对唱氛围版),VEHSJ,,4:03,47B086F1681BFC0A86EA56F9AC7C189B,199557047,https://www.kugou.com/yy/rank/home/1-6666.html?from=rank
2026-07-28,2026-07-28T16:02:20+08:00,酷狗音乐,飙升榜,酷狗飙升榜,2026-07-28,6,怪我们缘分太浅 (别难过),刘纯,,3:57,4C9C9BFA509C9E16056F13255A6D6FCD,199992101,https://www.kugou.com/yy/rank/home/1-6666.html?from=rank
2026-07-28,2026-07-28T16:02:20+08:00,酷狗音乐,飙升榜,酷狗飙升榜,2026-07-28,7,竞速游戏,TOP登陆少年组合,,3:12,54430ED66CD1E96F6E729791C349CC57,200664416,https://www.kugou.com/yy/rank/home/1-6666.html?from=rank
2026-07-28,2026-07-28T16:02:20+08:00,酷狗音乐,飙升榜,酷狗飙升榜,2026-07-28,8,黄昏进行曲,LINGCHENHAI,,2:15,EE2875D4A278B3986C11429791C0D090,197749209,https://www.kugou.com/yy/rank/home/1-6666.html?from=rank
2026-07-28,2026-07-28T16:02:20+08:00,酷狗音乐,飙升榜,酷狗飙升榜,2026-07-28,9,也许在下雨天 (对唱版),戎明睿、吕口口,,3:52,250A8F0357CCB0868B77286E1AD4CF97,199795174,https://www.kugou.com/yy/rank/home/1-6666.html?from=rank
2026-07-28,2026-07-28T16:02:20+08:00,酷狗音乐,飙升榜,酷狗飙升榜,2026-07-28,10,爱的主打歌 (Live),刘宇,,4:59,50188D4943C417A32719CDA7D5179A46,200756564,https://www.kugou.com/yy/rank/home/1-6666.html?from=rank
2026-07-28,2026-07-28T16:02:20+08:00,酷狗音乐,飙升榜,酷狗飙升榜,2026-07-28,11,岁月如笔写春秋,饶天亮,,4:11,FC8A358AF090A0D58A670B671A0C65B2,198583508,https://www.kugou.com/yy/rank/home/1-6666.html?from=rank
2026-07-28,2026-07-28T16:02:20+08:00,酷狗音乐,飙升榜,酷狗飙升榜,2026-07-28,12,Round We Go (超燃听感),Grimmmz、@割舍,,2:49,94F7230148B13F6849AB0676922020C1,198486679,https://www.kugou.com/yy/rank/home/1-6666.html?from=rank
2026-07-28,2026-07-28T16:02:20+08:00,酷狗音乐,飙升榜,酷狗飙升榜,2026-07-28,13,踏马寻花向自由 (女版),七喜,,2:59,CE09B7991CDC8818D5E5B8036F672ADF,200331277,https://www.kugou.com/yy/rank/home/1-6666.html?from=rank
2026-07-28,2026-07-28T16:02:20+08:00,酷狗音乐,飙升榜,酷狗飙升榜,2026-07-28,14,whistle,八方BAFANG,,5:13,9A060F115050E98F3CB9E9229AB30DF6,199629909,https://www.kugou.com/yy/rank/home/1-6666.html?from=rank
2026-07-28,2026-07-28T16:02:20+08:00,酷狗音乐,飙升榜,酷狗飙升榜,2026-07-28,15,海屿你,DJ铁柱,,4:33,741FD028FD4104B0C1E0017E33D23357,197102975,https://www.kugou.com/yy/rank/home/1-6666.html?from=rank
2026-07-28,2026-07-28T16:02:20+08:00,酷狗音乐,飙升榜,酷狗飙升榜,2026-07-28,16,心碎的声音 (心痛对唱版),黑豆ado、白领大叔,,3:10,616F88AD96F6B4D60780F13F147CFF75,200374161,https://www.kugou.com/yy/rank/home/1-6666.html?from=rank
2026-07-28,2026-07-28T16:02:20+08:00,酷狗音乐,飙升榜,酷狗飙升榜,2026-07-28,17,你的心里到底住着谁,莫文文,,3:12,2DE6732BC46EB5654C6759D8427B9F51,198885840,https://www.kugou.com/yy/rank/home/1-6666.html?from=rank
2026-07-28,2026-07-28T16:02:20+08:00,酷狗音乐,飙升榜,酷狗飙升榜,2026-07-28,18,天际,马雨梵,,5:46,9AF0087EBD028FB6A59A1AD853EB649D,199929977,https://www.kugou.com/yy/rank/home/1-6666.html?from=rank
2026-07-28,2026-07-28T16:02:20+08:00,酷狗音乐,飙升榜,酷狗飙升榜,2026-07-28,19,candy经典旋律,Sloaney,,1:59,25624B1D421BFDD418EE8F29445ECC84,198047282,https://www.kugou.com/yy/rank/home/1-6666.html?from=rank
2026-07-28,2026-07-28T16:02:20+08:00,酷狗音乐,飙升榜,酷狗飙升榜,2026-07-28,20,感恩与你相逢,木木名,,3:53,BA9AF080C82D7658C366DB5879FD570C,199628277,https://www.kugou.com/yy/rank/home/1-6666.html?from=rank
2026-07-28,2026-07-28T16:02:20+08:00,酷狗音乐,飙升榜,酷狗飙升榜,2026-07-28,21,GIve Up (感觉至上),Grimmmz、Rush Surge,,2:11,B9864D330B41F5A6ED35C679D78D39CF,197453755,https://www.kugou.com/yy/rank/home/1-6666.html?from=rank
2026-07-28,2026-07-28T16:02:20+08:00,酷狗音乐,飙升榜,酷狗飙升榜,2026-07-28,22,熬过大雪熬过冬夜,沧桑小杰office,,3:45,88D843C454527F3DEE21F6810F902CB5,199579538,https://www.kugou.com/yy/rank/home/1-6666.html?from=rank
2026-07-28,2026-07-28T16:02:20+08:00,酷狗音乐,飙升榜,酷狗飙升榜,2026-07-28,23,Nexus,Siicko,,3:20,2ECB3C8EA75131563FFEB8C163090FC6,189830185,https://www.kugou.com/yy/rank/home/2-6666.html?from=rank
2026-07-28,2026-07-28T16:02:20+08:00,酷狗音乐,飙升榜,酷狗飙升榜,2026-07-28,24,宿命,CBACBAaaa,,2:48,17C8B05C23F3A8DAB0C3845FD046527B,193475007,https://www.kugou.com/yy/rank/home/2-6666.html?from=rank
2026-07-28,2026-07-28T16:02:20+08:00,酷狗音乐,飙升榜,酷狗飙升榜,2026-07-28,25,做个叛逆的中年老登,半吨兄弟,,3:37,2065025B268A35C8CE6864B2D7DE1E70,200959883,https://www.kugou.com/yy/rank/home/2-6666.html?from=rank
2026-07-28,2026-07-28T16:02:20+08:00,酷狗音乐,飙升榜,酷狗飙升榜,2026-07-28,26,相思 (老登版),炸毛登叔,,5:35,42681CDDEEC149BB2587F2674CDB22EA,200513593,https://www.kugou.com/yy/rank/home/2-6666.html?from=rank
2026-07-28,2026-07-28T16:02:20+08:00,酷狗音乐,飙升榜,酷狗飙升榜,2026-07-28,27,爱情36计 (Live),裘德,,4:03,B316CA977D23B520030A9F03017CECAC,200756564,https://www.kugou.com/yy/rank/home/2-6666.html?from=rank
2026-07-28,2026-07-28T16:02:20+08:00,酷狗音乐,飙升榜,酷狗飙升榜,2026-07-28,28,深深浅浅悟人生,河南三妹5233,,3:18,37FAF97AA6053FE917A8A3647E1580A8,200832705,https://www.kugou.com/yy/rank/home/2-6666.html?from=rank
2026-07-28,2026-07-28T16:02:20+08:00,酷狗音乐,飙升榜,酷狗飙升榜,2026-07-28,29,也许在下雨天 (雷鬼版),保安王队长,,3:49,0FFB81E70E2FD004E00FB6BC6BB8B982,195020013,https://www.kugou.com/yy/rank/home/2-6666.html?from=rank
2026-07-28,2026-07-28T16:02:20+08:00,酷狗音乐,飙升榜,酷狗飙升榜,2026-07-28,30,求你别离开我 (因为我欠你太多),苏子欲,,4:55,8C7E878814996A87FB84AED479E8C4C6,199782537,https://www.kugou.com/yy/rank/home/2-6666.html?from=rank
2026-07-28,2026-07-28T16:02:20+08:00,酷狗音乐,飙升榜,酷狗飙升榜,2026-07-28,31,爱不释手 (与君共勉),烟嗓船长,,2:29,7AB085E029E93A5E6DAE596199F591CF,200905092,https://www.kugou.com/yy/rank/home/2-6666.html?from=rank
2026-07-28,2026-07-28T16:02:20+08:00,酷狗音乐,飙升榜,酷狗飙升榜,2026-07-28,32,起风了Elector house (纯享版),404Hz、夜烬辞,,2:46,2E7695E1A148A8BB3A77FAF8C2129BEB,199630692,https://www.kugou.com/yy/rank/home/2-6666.html?from=rank
2026-07-28,2026-07-28T16:02:20+08:00,酷狗音乐,飙升榜,酷狗飙升榜,2026-07-28,33,单枪匹马闯江湖,袁小袁,,3:35,61081A8E6FD6D7C8ED87ECFF3FC667A4,144475759,https://www.kugou.com/yy/rank/home/2-6666.html?from=rank
2026-07-28,2026-07-28T16:02:20+08:00,酷狗音乐,飙升榜,酷狗飙升榜,2026-07-28,34,Tell Me What You What,我的心事,,3:20,38CF670A53F90612171CBB2C14692DD3,176033605,https://www.kugou.com/yy/rank/home/2-6666.html?from=rank
2026-07-28,2026-07-28T16:02:20+08:00,酷狗音乐,飙升榜,酷狗飙升榜,2026-07-28,35,现在我才听说你当初找过我,DJ小库,,3:37,D3AE8261FB3B6EF24E8509136D57E6A1,199854028,https://www.kugou.com/yy/rank/home/2-6666.html?from=rank
2026-07-28,2026-07-28T16:02:20+08:00,酷狗音乐,飙升榜,酷狗飙升榜,2026-07-28,36,也许在下雨天,羊羊,,3:47,AAEBA521046D002A130BB8754C810894,199659098,https://www.kugou.com/yy/rank/home/2-6666.html?from=rank
2026-07-28,2026-07-28T16:02:20+08:00,酷狗音乐,飙升榜,酷狗飙升榜,2026-07-28,37,碎银几两苦中求,苍狼,,2:57,A0C6FA608F9252297C31B66E245A3B5D,91169967,https://www.kugou.com/yy/rank/home/2-6666.html?from=rank
2026-07-28,2026-07-28T16:02:20+08:00,酷狗音乐,飙升榜,酷狗飙升榜,2026-07-28,38,我的选择我认栽,吕口口,,3:20,25887F59E5180B6662F2776ECAB78F5D,201011850,https://www.kugou.com/yy/rank/home/2-6666.html?from=rank
2026-07-28,2026-07-28T16:02:20+08:00,酷狗音乐,飙升榜,酷狗飙升榜,2026-07-28,39,不甘,弦子,,3:46,276D3998C3C45F213E314613CA2EF728,199810482,https://www.kugou.com/yy/rank/home/2-6666.html?from=rank
2026-07-28,2026-07-28T16:02:20+08:00,酷狗音乐,飙升榜,酷狗飙升榜,2026-07-28,40,见一面少一面 (深情对唱版),黑大婶回乡带娃、鸟叔,,4:05,45B89F056DDA0EB113248CAFF4A4B4FE,200503541,https://www.kugou.com/yy/rank/home/2-6666.html?from=rank
2026-07-28,2026-07-28T16:02:20+08:00,酷狗音乐,飙升榜,酷狗飙升榜,2026-07-28,41,心痛到想哭,侯泽润、许茉莉,,3:29,F383B4E53F6783A516D17E07F67792DB,201044082,https://www.kugou.com/yy/rank/home/2-6666.html?from=rank
2026-07-28,2026-07-28T16:02:20+08:00,酷狗音乐,飙升榜,酷狗飙升榜,2026-07-28,42,漫长的告白 (见证孤单的终点),星垂野甸,,2:34,C9D0DFCF1BA1B63CC7CE392FE8B00124,198490262,https://www.kugou.com/yy/rank/home/2-6666.html?from=rank
2026-07-28,2026-07-28T16:02:20+08:00,酷狗音乐,飙升榜,酷狗飙升榜,2026-07-28,43,一笑江湖 (剑起江湖恩怨),DJ果果,,3:35,480D6A1BC5D15C1D2341A5A8FF320CD0,198524637,https://www.kugou.com/yy/rank/home/2-6666.html?from=rank
2026-07-28,2026-07-28T16:02:20+08:00,酷狗音乐,飙升榜,酷狗飙升榜,2026-07-28,44,夜无痕,高睿,,2:52,90343F42AF84298ABEB3B3F1536A7B13,200898827,https://www.kugou.com/yy/rank/home/2-6666.html?from=rank
2026-07-28,2026-07-28T16:02:20+08:00,酷狗音乐,飙升榜,酷狗飙升榜,2026-07-28,45,Backtrack Blow Up (Max Styler Remix),Samantha Loveridge,,3:37,53B3B33CA34CAD0AF5DED291A48E2EBF,155320484,https://www.kugou.com/yy/rank/home/3-6666.html?from=rank
2026-07-28,2026-07-28T16:02:20+08:00,酷狗音乐,飙升榜,酷狗飙升榜,2026-07-28,46,不一样的大唐盛世,缘似雨.,,2:25,C90DE8B37CA41C68F293F9F9C35420F9,199688597,https://www.kugou.com/yy/rank/home/3-6666.html?from=rank
2026-07-28,2026-07-28T16:02:20+08:00,酷狗音乐,飙升榜,酷狗飙升榜,2026-07-28,47,你存在我深深的脑海里,江念之,,4:15,A8F9B07FC92D76962A95087511B86C72,200214470,https://www.kugou.com/yy/rank/home/3-6666.html?from=rank
2026-07-28,2026-07-28T16:02:20+08:00,酷狗音乐,飙升榜,酷狗飙升榜,2026-07-28,48,可是我最近真的好累,沧桑小杰office,,3:20,F5634E72657D37A00258B4B9DBFA3938,200106925,https://www.kugou.com/yy/rank/home/3-6666.html?from=rank
2026-07-28,2026-07-28T16:02:20+08:00,酷狗音乐,飙升榜,酷狗飙升榜,2026-07-28,49,熬过的苦比糖甜,艺凌,,4:04,8FD9E974A0631B170D6F69B56BF8FF24,99102022,https://www.kugou.com/yy/rank/home/3-6666.html?from=rank
2026-07-28,2026-07-28T16:02:20+08:00,酷狗音乐,飙升榜,酷狗飙升榜,2026-07-28,50,我把思念说给风,刘书云,,3:40,F0467E24B1F6D2BB96FD5ED268C7DE1B,198731786,https://www.kugou.com/yy/rank/home/3-6666.html?from=rank
2026-07-28,2026-07-28T16:02:20+08:00,酷狗音乐,飙升榜,酷狗飙升榜,2026-07-28,51,都有这一天,老中青民谣、小巷先生,,3:10,47029DA948301F7B495F81B15881C914,199411740,https://www.kugou.com/yy/rank/home/3-6666.html?from=rank
2026-07-28,2026-07-28T16:02:20+08:00,酷狗音乐,飙升榜,酷狗飙升榜,2026-07-28,52,月老千万别掉线,鱼精,,3:21,2D9A1AE27461D1114B9C17005562F54F,200868842,https://www.kugou.com/yy/rank/home/3-6666.html?from=rank
2026-07-28,2026-07-28T16:02:20+08:00,酷狗音乐,飙升榜,酷狗飙升榜,2026-07-28,53,为什么相爱的人渐渐变陌生,陈雅森,,3:58,8D83CAAC8B4DBEAA711CFF8444152A54,200943115,https://www.kugou.com/yy/rank/home/3-6666.html?from=rank
2026-07-28,2026-07-28T16:02:20+08:00,酷狗音乐,飙升榜,酷狗飙升榜,2026-07-28,54,the other side of paradise (顶级智斗),Kam Ridr,,3:09,BE01ED1C85527BA0A84F720DC5C6E5F6,200741286,https://www.kugou.com/yy/rank/home/3-6666.html?from=rank
2026-07-28,2026-07-28T16:02:20+08:00,酷狗音乐,飙升榜,酷狗飙升榜,2026-07-28,55,我听人说思念像风一样 (你看 起风了),KAI,,3:32,AE8B438E919935F2C81D91978E302CA7,200170880,https://www.kugou.com/yy/rank/home/3-6666.html?from=rank
2026-07-28,2026-07-28T16:02:20+08:00,酷狗音乐,飙升榜,酷狗飙升榜,2026-07-28,56,童话,光良,,4:05,4CD1380F7F82F07CBA84FBF5A31DDA29,930387,https://www.kugou.com/yy/rank/home/3-6666.html?from=rank
2026-07-28,2026-07-28T16:02:20+08:00,酷狗音乐,飙升榜,酷狗飙升榜,2026-07-28,57,破晓以后,胡彦斌,,4:40,93D768F8C2798A3FECDDCF9DFB872F16,200182582,https://www.kugou.com/yy/rank/home/3-6666.html?from=rank
2026-07-28,2026-07-28T16:02:20+08:00,酷狗音乐,飙升榜,酷狗飙升榜,2026-07-28,58,为什么你的房间还有别人,朱小朱,,3:45,1A7EB7A8722729E00A5959D75D27370F,201022525,https://www.kugou.com/yy/rank/home/3-6666.html?from=rank
2026-07-28,2026-07-28T16:02:20+08:00,酷狗音乐,飙升榜,酷狗飙升榜,2026-07-28,59,66传奇,阿酣,,3:05,AFFD9B0A468D4BE0824AB83FDAEC3868,195644664,https://www.kugou.com/yy/rank/home/3-6666.html?from=rank
2026-07-28,2026-07-28T16:02:20+08:00,酷狗音乐,飙升榜,酷狗飙升榜,2026-07-28,60,每天都是限量版,7vuk,,2:06,23CB7627CDAF341CB1514364FEFCC8E2,198385192,https://www.kugou.com/yy/rank/home/3-6666.html?from=rank
2026-07-28,2026-07-28T16:02:20+08:00,酷狗音乐,飙升榜,酷狗飙升榜,2026-07-28,61,人生像闯关,红孩儿,,3:23,196C7640FC53711921D86A49977E8302,130409053,https://www.kugou.com/yy/rank/home/3-6666.html?from=rank
2026-07-28,2026-07-28T16:02:20+08:00,酷狗音乐,飙升榜,酷狗飙升榜,2026-07-28,62,愿你余生漫长 (降速氛围版),暴躁kiki,,3:53,7AE1E6C61BC49224380CE97409D6570E,200538818,https://www.kugou.com/yy/rank/home/3-6666.html?from=rank
2026-07-28,2026-07-28T16:02:20+08:00,酷狗音乐,飙升榜,酷狗飙升榜,2026-07-28,63,偏偏挑这个时候 (对唱版),烟嗓船长、戎大姨,,3:37,4FCEC1D21ABB8CBA6E6D900B28D4A6E3,200866338,https://www.kugou.com/yy/rank/home/3-6666.html?from=rank
2026-07-28,2026-07-28T16:02:20+08:00,酷狗音乐,飙升榜,酷狗飙升榜,2026-07-28,64,老树要发芽,老中青民谣、小巷先生,,2:59,32CD91E413B48F50197B25ECA4F55082,200154803,https://www.kugou.com/yy/rank/home/3-6666.html?from=rank
2026-07-28,2026-07-28T16:02:20+08:00,酷狗音乐,飙升榜,酷狗飙升榜,2026-07-28,65,Travel Light,星频 Echo、京仔,,3:00,DD8A287A489987DE7E1F360D1E9943BA,195941017,https://www.kugou.com/yy/rank/home/3-6666.html?from=rank
2026-07-28,2026-07-28T16:02:20+08:00,酷狗音乐,飙升榜,酷狗飙升榜,2026-07-28,66,年少虽有三千梦,刘阳阳,,3:34,62808521730906A6E0C4D79F429C4CB0,96612442,https://www.kugou.com/yy/rank/home/3-6666.html?from=rank
2026-07-28,2026-07-28T16:02:20+08:00,酷狗音乐,飙升榜,酷狗飙升榜,2026-07-28,67,落笔匆匆,余佳运、井迪,,2:38,8A54A0810A2953374B0F4F33AA92F9CE,200697151,https://www.kugou.com/yy/rank/home/4-6666.html?from=rank
2026-07-28,2026-07-28T16:02:20+08:00,酷狗音乐,飙升榜,酷狗飙升榜,2026-07-28,68,年少的心,南征北战NZBZ,,3:36,D0A6E3D7023349EA7A6D2C0A7D17EC2A,200411909,https://www.kugou.com/yy/rank/home/4-6666.html?from=rank
2026-07-28,2026-07-28T16:02:20+08:00,酷狗音乐,飙升榜,酷狗飙升榜,2026-07-28,69,功夫女足插曲,森耳音乐,,2:17,E680F9C8B62D3E733CBF18E306ECB58F,196644370,https://www.kugou.com/yy/rank/home/4-6666.html?from=rank
2026-07-28,2026-07-28T16:02:20+08:00,酷狗音乐,飙升榜,酷狗飙升榜,2026-07-28,70,也许在下雨天 (沧桑版),草原兄弟,,3:48,2D64D1441993DE1D2756209C252E6EAC,200470234,https://www.kugou.com/yy/rank/home/4-6666.html?from=rank
2026-07-28,2026-07-28T16:02:20+08:00,酷狗音乐,飙升榜,酷狗飙升榜,2026-07-28,71,第一张照片不太敢亲密的 (氛围满满),愿望讲给我听,,4:26,429714D72741C57CAFF9164572B57FD9,199838016,https://www.kugou.com/yy/rank/home/4-6666.html?from=rank
2026-07-28,2026-07-28T16:02:20+08:00,酷狗音乐,飙升榜,酷狗飙升榜,2026-07-28,72,琵琶行 (氛围版),Electronic Ponos,,2:15,0535C71B983FD8C711D05BDC9DA2E4CA,200148185,https://www.kugou.com/yy/rank/home/4-6666.html?from=rank
2026-07-28,2026-07-28T16:02:20+08:00,酷狗音乐,飙升榜,酷狗飙升榜,2026-07-28,73,舍不得又没资格,黄静美,,3:39,2AC8FCC2B68C261DA6E6CB238E84F050,201036878,https://www.kugou.com/yy/rank/home/4-6666.html?from=rank
2026-07-28,2026-07-28T16:02:20+08:00,酷狗音乐,飙升榜,酷狗飙升榜,2026-07-28,74,琵琶行 (大唐盛夜版),DJ盒子,,3:02,D0E3B5D871032BD50B09AF92036FCBEA,199251591,https://www.kugou.com/yy/rank/home/4-6666.html?from=rank
2026-07-28,2026-07-28T16:02:20+08:00,酷狗音乐,飙升榜,酷狗飙升榜,2026-07-28,75,Sweet Dream (英文版),七元,,3:46,41D9188F8AABDE8CDB70669201C91F84,200929708,https://www.kugou.com/yy/rank/home/4-6666.html?from=rank
2026-07-28,2026-07-28T16:02:20+08:00,酷狗音乐,飙升榜,酷狗飙升榜,2026-07-28,76,鹰击长空,达珍拉姆,,2:52,66112F894D2F32EDADD9FC159815F4F0,200376299,https://www.kugou.com/yy/rank/home/4-6666.html?from=rank
2026-07-28,2026-07-28T16:02:20+08:00,酷狗音乐,飙升榜,酷狗飙升榜,2026-07-28,77,你说你怎么忍心,任夏,,3:42,6C1AFFAEABD1BBB2190A0CFD0B7961F2,201057981,https://www.kugou.com/yy/rank/home/4-6666.html?from=rank
2026-07-28,2026-07-28T16:02:20+08:00,酷狗音乐,飙升榜,酷狗飙升榜,2026-07-28,78,风要怎么吹散思念,戎大姨,,3:08,419E37750186035BE596841E4B0EB97D,199624553,https://www.kugou.com/yy/rank/home/4-6666.html?from=rank
2026-07-28,2026-07-28T16:02:20+08:00,酷狗音乐,飙升榜,酷狗飙升榜,2026-07-28,79,红颜旧 (氛围版),周深深,,3:48,76FA92299B2443816030D744CF70FA3B,198814170,https://www.kugou.com/yy/rank/home/4-6666.html?from=rank
2026-07-28,2026-07-28T16:02:20+08:00,酷狗音乐,飙升榜,酷狗飙升榜,2026-07-28,80,巨星 (舞台女神特别版),吴宣仪,,2:50,9E676A0888AD420BB2DF464AEF09F29A,200221139,https://www.kugou.com/yy/rank/home/4-6666.html?from=rank
2026-07-28,2026-07-28T16:02:20+08:00,酷狗音乐,飙升榜,酷狗飙升榜,2026-07-28,81,headlock (phonk),Electronic Bloom,,2:01,56AE54397E449AD682484214A538A41C,198932465,https://www.kugou.com/yy/rank/home/4-6666.html?from=rank
2026-07-28,2026-07-28T16:02:20+08:00,酷狗音乐,飙升榜,酷狗飙升榜,2026-07-28,82,谢谢你出现在我的生命中,RROvO,,2:07,78C93727AFBD2DB32F85772533F294DB,199689224,https://www.kugou.com/yy/rank/home/4-6666.html?from=rank
2026-07-28,2026-07-28T16:02:20+08:00,酷狗音乐,飙升榜,酷狗飙升榜,2026-07-28,83,也许在下雨天 (温柔版),一颗糖,,3:48,E9740503D4191EE097A914FC9A3BCB5A,200183547,https://www.kugou.com/yy/rank/home/4-6666.html?from=rank
2026-07-28,2026-07-28T16:02:20+08:00,酷狗音乐,飙升榜,酷狗飙升榜,2026-07-28,84,踏马寻花向自由 (社会版),王虹-王棚主,,2:46,6DDA4748CD9FD14B538D0ACCDC809914,198349972,https://www.kugou.com/yy/rank/home/4-6666.html?from=rank
2026-07-28,2026-07-28T16:02:20+08:00,酷狗音乐,飙升榜,酷狗飙升榜,2026-07-28,85,落红,小阿七,,3:35,7CDB99E96849CAD1C815E973712E8E71,199810619,https://www.kugou.com/yy/rank/home/4-6666.html?from=rank
2026-07-28,2026-07-28T16:02:20+08:00,酷狗音乐,飙升榜,酷狗飙升榜,2026-07-28,86,刺情,花僮,,4:00,275A018B9DA75D98DADD8475A54D3518,200943121,https://www.kugou.com/yy/rank/home/4-6666.html?from=rank
2026-07-28,2026-07-28T16:02:20+08:00,酷狗音乐,飙升榜,酷狗飙升榜,2026-07-28,87,敷衍你我做不到,向思思,,3:27,02E2DEA7EF155BDED4E38BE53BF869C0,174658826,https://www.kugou.com/yy/rank/home/4-6666.html?from=rank
2026-07-28,2026-07-28T16:02:20+08:00,酷狗音乐,飙升榜,酷狗飙升榜,2026-07-28,88,明明知道放手会心疼,李乐乐,,3:51,B9CA3B7FC812DEB78126E23C4F092B04,200874643,https://www.kugou.com/yy/rank/home/4-6666.html?from=rank
2026-07-28,2026-07-28T16:02:20+08:00,酷狗音乐,飙升榜,酷狗飙升榜,2026-07-28,89,花怎么能开天际,DL.小任好困、Xy.BLUE、造梦师DreamMaker,,3:14,D0E20379B4E526259E00055C72C63224,200708387,https://www.kugou.com/yy/rank/home/5-6666.html?from=rank
2026-07-28,2026-07-28T16:02:20+08:00,酷狗音乐,飙升榜,酷狗飙升榜,2026-07-28,90,怎么样才能走进你心里,7one1y,,2:00,3493F65E77E9D54E13C148C1DC7AE75E,199301530,https://www.kugou.com/yy/rank/home/5-6666.html?from=rank
2026-07-28,2026-07-28T16:02:20+08:00,酷狗音乐,飙升榜,酷狗飙升榜,2026-07-28,91,三万英尺 (氛围版),瑞-Gary、东木木,,4:51,FE0AD509C6219D2CEAA68A3029B23805,200405242,https://www.kugou.com/yy/rank/home/5-6666.html?from=rank
2026-07-28,2026-07-28T16:02:20+08:00,酷狗音乐,飙升榜,酷狗飙升榜,2026-07-28,92,想的人是你,田园,,4:15,11948D37316CBB247A3DE962CF82F8FC,200943374,https://www.kugou.com/yy/rank/home/5-6666.html?from=rank
2026-07-28,2026-07-28T16:02:20+08:00,酷狗音乐,飙升榜,酷狗飙升榜,2026-07-28,93,我以消逝来亲吻你,王贰浪,,5:23,26EA879623B6E4D254F47F27399A41F7,200834659,https://www.kugou.com/yy/rank/home/5-6666.html?from=rank
2026-07-28,2026-07-28T16:02:20+08:00,酷狗音乐,飙升榜,酷狗飙升榜,2026-07-28,94,那么爱你为什么 (离开你是傻是对是错),烬歌、东木木,,3:16,894946729D3B181C961C086D17C1D012,200518291,https://www.kugou.com/yy/rank/home/5-6666.html?from=rank
2026-07-28,2026-07-28T16:02:20+08:00,酷狗音乐,飙升榜,酷狗飙升榜,2026-07-28,95,也许在下雨天 (走心对唱版),王一佳、阿美呀,,3:48,692BE7DAE15F791A2760C4E1D5EAEA0C,199371391,https://www.kugou.com/yy/rank/home/5-6666.html?from=rank
2026-07-28,2026-07-28T16:02:20+08:00,酷狗音乐,飙升榜,酷狗飙升榜,2026-07-28,96,鬼迷心窍,黑豆ado,,3:38,0B8D6A734686CD8EADFAB808A8B11766,199797484,https://www.kugou.com/yy/rank/home/5-6666.html?from=rank
2026-07-28,2026-07-28T16:02:20+08:00,酷狗音乐,飙升榜,酷狗飙升榜,2026-07-28,97,Danger,Journey,,2:28,ACCC642BC43A0CDA7FB84282F232B961,171258785,https://www.kugou.com/yy/rank/home/5-6666.html?from=rank
2026-07-28,2026-07-28T16:02:20+08:00,酷狗音乐,飙升榜,酷狗飙升榜,2026-07-28,98,小河淌水 (大理调版),耳朵温柔乡,,2:38,D55CEFF27F3CCCD1394EDAAFD5F52FF6,199534228,https://www.kugou.com/yy/rank/home/5-6666.html?from=rank
2026-07-28,2026-07-28T16:02:20+08:00,酷狗音乐,飙升榜,酷狗飙升榜,2026-07-28,99,过半,梁雨,,4:08,784D2260390C7FCEFA6A2EB451C621D1,197005031,https://www.kugou.com/yy/rank/home/5-6666.html?from=rank
2026-07-28,2026-07-28T16:02:20+08:00,酷狗音乐,飙升榜,酷狗飙升榜,2026-07-28,100,吻别 (烟嗓女版),烟嗓小希,,4:49,12750D3982067B33EB395B9BF2A714E0,200693191,https://www.kugou.com/yy/rank/home/5-6666.html?from=rank
2026-07-28,2026-07-28T16:02:20+08:00,微博,热搜榜,微博热搜榜,,1,日本地震,海外新闻,热度 4435599；新,,日本地震,,https://s.weibo.com/weibo?q=%23%E6%97%A5%E6%9C%AC%E5%9C%B0%E9%9C%87%23
2026-07-28,2026-07-28T16:02:20+08:00,微博,热搜榜,微博热搜榜,,2,上海震感,突发/灾害,热度 1260814；新,,上海震感,,https://s.weibo.com/weibo?q=%23%E4%B8%8A%E6%B5%B7%E9%9C%87%E6%84%9F%23
2026-07-28,2026-07-28T16:02:20+08:00,微博,热搜榜,微博热搜榜,,3,请查收这份家庭防汛防灾应急包,民生新闻,热度 1210199；新,,请查收这份家庭防汛防灾应急包,,https://s.weibo.com/weibo?q=%23%E8%AF%B7%E6%9F%A5%E6%94%B6%E8%BF%99%E4%BB%BD%E5%AE%B6%E5%BA%AD%E9%98%B2%E6%B1%9B%E9%98%B2%E7%81%BE%E5%BA%94%E6%80%A5%E5%8C%85%23
2026-07-28,2026-07-28T16:02:20+08:00,微博,热搜榜,微博热搜榜,,4,王虹,教育,热度 1170709；新,,王虹,,https://s.weibo.com/weibo?q=%23%E7%8E%8B%E8%99%B9%23
2026-07-28,2026-07-28T16:02:20+08:00,微博,热搜榜,微博热搜榜,,5,改善脖子前倾最简单的动作,运动健身,热度 1006512；沸,,改善脖子前倾最简单的动作,,https://s.weibo.com/weibo?q=%23%E6%94%B9%E5%96%84%E8%84%96%E5%AD%90%E5%89%8D%E5%80%BE%E6%9C%80%E7%AE%80%E5%8D%95%E7%9A%84%E5%8A%A8%E4%BD%9C%23
2026-07-28,2026-07-28T16:02:20+08:00,微博,热搜榜,微博热搜榜,,6,日本熊本县附近发生7.1级地震,海外新闻,热度 732609；新,,日本熊本县附近发生7.1级地震,,https://s.weibo.com/weibo?q=%23%E6%97%A5%E6%9C%AC%E7%86%8A%E6%9C%AC%E5%8E%BF%E9%99%84%E8%BF%91%E5%8F%91%E7%94%9F7.1%E7%BA%A7%E5%9C%B0%E9%9C%87%23
2026-07-28,2026-07-28T16:02:20+08:00,微博,热搜榜,微博热搜榜,,7,折个鸡,综艺,热度 704088,,折个鸡,综艺,https://s.weibo.com/weibo?q=%23%E6%8A%98%E4%B8%AA%E9%B8%A1%23
2026-07-28,2026-07-28T16:02:20+08:00,微博,热搜榜,微博热搜榜,,8,念相思妆造廉价感,剧集,热度 632756；新,,念相思妆造廉价感,剧集,https://s.weibo.com/weibo?q=%23%E5%BF%B5%E7%9B%B8%E6%80%9D%E5%A6%86%E9%80%A0%E5%BB%89%E4%BB%B7%E6%84%9F%23
2026-07-28,2026-07-28T16:02:20+08:00,微博,热搜榜,微博热搜榜,,9,C罗无世界杯冠军遭航空公司嘲讽,体育,热度 558016；新,,C罗无世界杯冠军遭航空公司嘲讽,,https://s.weibo.com/weibo?q=%23C%E7%BD%97%E6%97%A0%E4%B8%96%E7%95%8C%E6%9D%AF%E5%86%A0%E5%86%9B%E9%81%AD%E8%88%AA%E7%A9%BA%E5%85%AC%E5%8F%B8%E5%98%B2%E8%AE%BD%23
2026-07-28,2026-07-28T16:02:20+08:00,微博,热搜榜,微博热搜榜,,10,小米展出澎程6万公里路测车,汽车,热度 556924,,小米展出澎程6万公里路测车,,https://s.weibo.com/weibo?q=%23%E5%B0%8F%E7%B1%B3%E5%B1%95%E5%87%BA%E6%BE%8E%E7%A8%8B6%E4%B8%87%E5%85%AC%E9%87%8C%E8%B7%AF%E6%B5%8B%E8%BD%A6%23
2026-07-28,2026-07-28T16:02:20+08:00,微博,热搜榜,微博热搜榜,,11,熬夜时最恐怖的事,幽默,热度 554019；新,,熬夜时最恐怖的事,,https://s.weibo.com/weibo?q=%23%E7%86%AC%E5%A4%9C%E6%97%B6%E6%9C%80%E6%81%90%E6%80%96%E7%9A%84%E4%BA%8B%23
2026-07-28,2026-07-28T16:02:20+08:00,微博,热搜榜,微博热搜榜,,12,泰国国家旅游局发文致歉,艺人,热度 552666；热,,泰国国家旅游局发文致歉,,https://s.weibo.com/weibo?q=%23%E6%B3%B0%E5%9B%BD%E5%9B%BD%E5%AE%B6%E6%97%85%E6%B8%B8%E5%B1%80%E5%8F%91%E6%96%87%E8%87%B4%E6%AD%89%23
2026-07-28,2026-07-28T16:02:20+08:00,微博,热搜榜,微博热搜榜,,13,刘亦菲素颜女大,艺人,热度 549764,,刘亦菲素颜女大,['刘亦菲'],https://s.weibo.com/weibo?q=%23%E5%88%98%E4%BA%A6%E8%8F%B2%E7%B4%A0%E9%A2%9C%E5%A5%B3%E5%A4%A7%23
2026-07-28,2026-07-28T16:02:20+08:00,微博,热搜榜,微博热搜榜,,14,地震50年后突然搜到已故父亲名字,民生新闻,热度 548078,,地震50年后突然搜到已故父亲名字,,https://s.weibo.com/weibo?q=%23%E5%9C%B0%E9%9C%8750%E5%B9%B4%E5%90%8E%E7%AA%81%E7%84%B6%E6%90%9C%E5%88%B0%E5%B7%B2%E6%95%85%E7%88%B6%E4%BA%B2%E5%90%8D%E5%AD%97%23
2026-07-28,2026-07-28T16:02:20+08:00,微博,热搜榜,微博热搜榜,,15,李娟说贫穷才是真正的痛苦,艺人,热度 547477；新,,李娟说贫穷才是真正的痛苦,,https://s.weibo.com/weibo?q=%23%E6%9D%8E%E5%A8%9F%E8%AF%B4%E8%B4%AB%E7%A9%B7%E6%89%8D%E6%98%AF%E7%9C%9F%E6%AD%A3%E7%9A%84%E7%97%9B%E8%8B%A6%23
2026-07-28,2026-07-28T16:02:20+08:00,微博,热搜榜,微博热搜榜,,16,管乐加黄灿灿微信秀美甲,艺人,热度 547055；新,,管乐加黄灿灿微信秀美甲,"['管乐', '黄灿灿']",https://s.weibo.com/weibo?q=%23%E7%AE%A1%E4%B9%90%E5%8A%A0%E9%BB%84%E7%81%BF%E7%81%BF%E5%BE%AE%E4%BF%A1%E7%A7%80%E7%BE%8E%E7%94%B2%23
2026-07-28,2026-07-28T16:02:20+08:00,微博,热搜榜,微博热搜榜,,17,詹姆斯引用中国名言却写错出处,体育,热度 497195,,詹姆斯引用中国名言却写错出处,,https://s.weibo.com/weibo?q=%23%E8%A9%B9%E5%A7%86%E6%96%AF%E5%BC%95%E7%94%A8%E4%B8%AD%E5%9B%BD%E5%90%8D%E8%A8%80%E5%8D%B4%E5%86%99%E9%94%99%E5%87%BA%E5%A4%84%23
2026-07-28,2026-07-28T16:02:20+08:00,微博,热搜榜,微博热搜榜,,18,宋威龙张婧仪 共享手机密码,剧集,热度 489493,,宋威龙张婧仪 共享手机密码,剧集,https://s.weibo.com/weibo?q=%23%E5%AE%8B%E5%A8%81%E9%BE%99%E5%BC%A0%E5%A9%A7%E4%BB%AA%20%E5%85%B1%E4%BA%AB%E6%89%8B%E6%9C%BA%E5%AF%86%E7%A0%81%23
2026-07-28,2026-07-28T16:02:20+08:00,微博,热搜榜,微博热搜榜,,19,杨天真 切胃瘦了但迅速又胖了,艺人,热度 447835；热,,杨天真 切胃瘦了但迅速又胖了,['杨天真'],https://s.weibo.com/weibo?q=%23%E6%9D%A8%E5%A4%A9%E7%9C%9F%20%E5%88%87%E8%83%83%E7%98%A6%E4%BA%86%E4%BD%86%E8%BF%85%E9%80%9F%E5%8F%88%E8%83%96%E4%BA%86%23
2026-07-28,2026-07-28T16:02:20+08:00,微博,热搜榜,微博热搜榜,,20,英伟达微软反对禁止中国开源AI,互联网,热度 350870；新,,英伟达微软反对禁止中国开源AI,,https://s.weibo.com/weibo?q=%23%E8%8B%B1%E4%BC%9F%E8%BE%BE%E5%BE%AE%E8%BD%AF%E5%8F%8D%E5%AF%B9%E7%A6%81%E6%AD%A2%E4%B8%AD%E5%9B%BD%E5%BC%80%E6%BA%90AI%23
2026-07-28,2026-07-28T16:02:20+08:00,微博,热搜榜,微博热搜榜,,21,大一班主任回应为王虹写留学推荐信,民生新闻,热度 342983；新,,大一班主任回应为王虹写留学推荐信,,https://s.weibo.com/weibo?q=%23%E5%A4%A7%E4%B8%80%E7%8F%AD%E4%B8%BB%E4%BB%BB%E5%9B%9E%E5%BA%94%E4%B8%BA%E7%8E%8B%E8%99%B9%E5%86%99%E7%95%99%E5%AD%A6%E6%8E%A8%E8%8D%90%E4%BF%A1%23
2026-07-28,2026-07-28T16:02:20+08:00,微博,热搜榜,微博热搜榜,,22,患癌妻子申请销毁婚外胚胎遭拒,民生新闻,热度 336338；新,,患癌妻子申请销毁婚外胚胎遭拒,,https://s.weibo.com/weibo?q=%23%E6%82%A3%E7%99%8C%E5%A6%BB%E5%AD%90%E7%94%B3%E8%AF%B7%E9%94%80%E6%AF%81%E5%A9%9A%E5%A4%96%E8%83%9A%E8%83%8E%E9%81%AD%E6%8B%92%23
2026-07-28,2026-07-28T16:02:20+08:00,微博,热搜榜,微博热搜榜,,23,时代少年团演唱会直播价,演出,热度 325752；新,,时代少年团演唱会直播价,演出,https://s.weibo.com/weibo?q=%23%E6%97%B6%E4%BB%A3%E5%B0%91%E5%B9%B4%E5%9B%A2%E6%BC%94%E5%94%B1%E4%BC%9A%E7%9B%B4%E6%92%AD%E4%BB%B7%23
2026-07-28,2026-07-28T16:02:20+08:00,微博,热搜榜,微博热搜榜,,24,黄磊小儿子长得好像黄磊,艺人,热度 310976,,黄磊小儿子长得好像黄磊,['黄磊'],https://s.weibo.com/weibo?q=%23%E9%BB%84%E7%A3%8A%E5%B0%8F%E5%84%BF%E5%AD%90%E9%95%BF%E5%BE%97%E5%A5%BD%E5%83%8F%E9%BB%84%E7%A3%8A%23
2026-07-28,2026-07-28T16:02:20+08:00,微博,热搜榜,微博热搜榜,,25,韩股暴跌逼近6000点,财经,热度 308502；新,,韩股暴跌逼近6000点,,https://s.weibo.com/weibo?q=%23%E9%9F%A9%E8%82%A1%E6%9A%B4%E8%B7%8C%E9%80%BC%E8%BF%916000%E7%82%B9%23
2026-07-28,2026-07-28T16:02:20+08:00,微博,热搜榜,微博热搜榜,,26,王菊一念江南古装路透,剧集,热度 302601；新,,王菊一念江南古装路透,剧集,https://s.weibo.com/weibo?q=%23%E7%8E%8B%E8%8F%8A%E4%B8%80%E5%BF%B5%E6%B1%9F%E5%8D%97%E5%8F%A4%E8%A3%85%E8%B7%AF%E9%80%8F%23
2026-07-28,2026-07-28T16:02:20+08:00,微博,热搜榜,微博热搜榜,,27,全球芯片股暴跌原因找到了,财经,热度 297045,,全球芯片股暴跌原因找到了,,https://s.weibo.com/weibo?q=%23%E5%85%A8%E7%90%83%E8%8A%AF%E7%89%87%E8%82%A1%E6%9A%B4%E8%B7%8C%E5%8E%9F%E5%9B%A0%E6%89%BE%E5%88%B0%E4%BA%86%23
2026-07-28,2026-07-28T16:02:20+08:00,微博,热搜榜,微博热搜榜,,28,王祖蓝俩女儿颜值,艺人,热度 286585,,王祖蓝俩女儿颜值,['王祖蓝'],https://s.weibo.com/weibo?q=%23%E7%8E%8B%E7%A5%96%E8%93%9D%E4%BF%A9%E5%A5%B3%E5%84%BF%E9%A2%9C%E5%80%BC%23
2026-07-28,2026-07-28T16:02:20+08:00,微博,热搜榜,微博热搜榜,,29,青海地震,突发/灾害,热度 286264,,青海地震,,https://s.weibo.com/weibo?q=%23%E9%9D%92%E6%B5%B7%E5%9C%B0%E9%9C%87%23
2026-07-28,2026-07-28T16:02:20+08:00,微博,热搜榜,微博热搜榜,,30,肝癌早期几乎没有明显症状,健康医疗,热度 268868；新,,肝癌早期几乎没有明显症状,,https://s.weibo.com/weibo?q=%23%E8%82%9D%E7%99%8C%E6%97%A9%E6%9C%9F%E5%87%A0%E4%B9%8E%E6%B2%A1%E6%9C%89%E6%98%8E%E6%98%BE%E7%97%87%E7%8A%B6%23
2026-07-28,2026-07-28T16:02:20+08:00,微博,热搜榜,微博热搜榜,,31,王虹北大录取照与巴黎理工学生照,教育,热度 267692,,王虹北大录取照与巴黎理工学生照,,https://s.weibo.com/weibo?q=%23%E7%8E%8B%E8%99%B9%E5%8C%97%E5%A4%A7%E5%BD%95%E5%8F%96%E7%85%A7%E4%B8%8E%E5%B7%B4%E9%BB%8E%E7%90%86%E5%B7%A5%E5%AD%A6%E7%94%9F%E7%85%A7%23
2026-07-28,2026-07-28T16:02:20+08:00,微博,热搜榜,微博热搜榜,,32,妈妈回应买大路灯孩子视力1年涨200度,民生新闻,热度 265701,,妈妈回应买大路灯孩子视力1年涨200度,,https://s.weibo.com/weibo?q=%23%E5%A6%88%E5%A6%88%E5%9B%9E%E5%BA%94%E4%B9%B0%E5%A4%A7%E8%B7%AF%E7%81%AF%E5%AD%A9%E5%AD%90%E8%A7%86%E5%8A%9B1%E5%B9%B4%E6%B6%A8200%E5%BA%A6%23
2026-07-28,2026-07-28T16:02:20+08:00,微博,热搜榜,微博热搜榜,,33,功夫女足破20亿票房,电影,热度 264384；新,,功夫女足破20亿票房,电影,https://s.weibo.com/weibo?q=%23%E5%8A%9F%E5%A4%AB%E5%A5%B3%E8%B6%B3%E7%A0%B420%E4%BA%BF%E7%A5%A8%E6%88%BF%23
2026-07-28,2026-07-28T16:02:20+08:00,微博,热搜榜,微博热搜榜,,34,听泉赏宝宣布彻底告别股市,网红,热度 250631,,听泉赏宝宣布彻底告别股市,,https://s.weibo.com/weibo?q=%23%E5%90%AC%E6%B3%89%E8%B5%8F%E5%AE%9D%E5%AE%A3%E5%B8%83%E5%BD%BB%E5%BA%95%E5%91%8A%E5%88%AB%E8%82%A1%E5%B8%82%23
2026-07-28,2026-07-28T16:02:20+08:00,微博,热搜榜,微博热搜榜,,35,AI毁掉了我的胡迪警长,互联网,热度 242726；新,,AI毁掉了我的胡迪警长,,https://s.weibo.com/weibo?q=%23AI%E6%AF%81%E6%8E%89%E4%BA%86%E6%88%91%E7%9A%84%E8%83%A1%E8%BF%AA%E8%AD%A6%E9%95%BF%23
2026-07-28,2026-07-28T16:02:20+08:00,微博,热搜榜,微博热搜榜,,36,刘亦菲给员工送黄金,艺人,热度 241830；新,,刘亦菲给员工送黄金,['刘亦菲'],https://s.weibo.com/weibo?q=%23%E5%88%98%E4%BA%A6%E8%8F%B2%E7%BB%99%E5%91%98%E5%B7%A5%E9%80%81%E9%BB%84%E9%87%91%23
2026-07-28,2026-07-28T16:02:20+08:00,微博,热搜榜,微博热搜榜,,37,在张雅琪身上看到了自己的同事,综艺,热度 235906,,在张雅琪身上看到了自己的同事,综艺,https://s.weibo.com/weibo?q=%23%E5%9C%A8%E5%BC%A0%E9%9B%85%E7%90%AA%E8%BA%AB%E4%B8%8A%E7%9C%8B%E5%88%B0%E4%BA%86%E8%87%AA%E5%B7%B1%E7%9A%84%E5%90%8C%E4%BA%8B%23
2026-07-28,2026-07-28T16:02:20+08:00,微博,热搜榜,微博热搜榜,,38,美国高收入华人牙医称差点掉入斩杀线,海外新闻,热度 209285；新,,美国高收入华人牙医称差点掉入斩杀线,,https://s.weibo.com/weibo?q=%23%E7%BE%8E%E5%9B%BD%E9%AB%98%E6%94%B6%E5%85%A5%E5%8D%8E%E4%BA%BA%E7%89%99%E5%8C%BB%E7%A7%B0%E5%B7%AE%E7%82%B9%E6%8E%89%E5%85%A5%E6%96%A9%E6%9D%80%E7%BA%BF%23
2026-07-28,2026-07-28T16:02:20+08:00,微博,热搜榜,微博热搜榜,,39,林志颖的基因彩票还在发力,艺人,热度 208924,,林志颖的基因彩票还在发力,['林志颖'],https://s.weibo.com/weibo?q=%23%E6%9E%97%E5%BF%97%E9%A2%96%E7%9A%84%E5%9F%BA%E5%9B%A0%E5%BD%A9%E7%A5%A8%E8%BF%98%E5%9C%A8%E5%8F%91%E5%8A%9B%23
2026-07-28,2026-07-28T16:02:20+08:00,微博,热搜榜,微博热搜榜,,40,女子被家暴13年丈夫一审获刑6个月,舆论监督,热度 207572；新,,女子被家暴13年丈夫一审获刑6个月,,https://s.weibo.com/weibo?q=%23%E5%A5%B3%E5%AD%90%E8%A2%AB%E5%AE%B6%E6%9A%B413%E5%B9%B4%E4%B8%88%E5%A4%AB%E4%B8%80%E5%AE%A1%E8%8E%B7%E5%88%916%E4%B8%AA%E6%9C%88%23
2026-07-28,2026-07-28T16:02:20+08:00,微博,热搜榜,微博热搜榜,,41,当我把讨厌的人做成桌宠,幽默,热度 206525；新,,当我把讨厌的人做成桌宠,,https://s.weibo.com/weibo?q=%23%E5%BD%93%E6%88%91%E6%8A%8A%E8%AE%A8%E5%8E%8C%E7%9A%84%E4%BA%BA%E5%81%9A%E6%88%90%E6%A1%8C%E5%AE%A0%23
2026-07-28,2026-07-28T16:02:20+08:00,微博,热搜榜,微博热搜榜,,42,雷军称澎程比上代增程车进步巨大,汽车,热度 205897；新,,雷军称澎程比上代增程车进步巨大,,https://s.weibo.com/weibo?q=%23%E9%9B%B7%E5%86%9B%E7%A7%B0%E6%BE%8E%E7%A8%8B%E6%AF%94%E4%B8%8A%E4%BB%A3%E5%A2%9E%E7%A8%8B%E8%BD%A6%E8%BF%9B%E6%AD%A5%E5%B7%A8%E5%A4%A7%23
2026-07-28,2026-07-28T16:02:20+08:00,微博,热搜榜,微博热搜榜,,43,武艺综艺谈上一段恋情分手原因,综艺,热度 204713；新,,武艺综艺谈上一段恋情分手原因,综艺,https://s.weibo.com/weibo?q=%23%E6%AD%A6%E8%89%BA%E7%BB%BC%E8%89%BA%E8%B0%88%E4%B8%8A%E4%B8%80%E6%AE%B5%E6%81%8B%E6%83%85%E5%88%86%E6%89%8B%E5%8E%9F%E5%9B%A0%23
2026-07-28,2026-07-28T16:02:20+08:00,微博,热搜榜,微博热搜榜,,44,当我发现同事是伪人,幽默,热度 204153,,当我发现同事是伪人,,https://s.weibo.com/weibo?q=%23%E5%BD%93%E6%88%91%E5%8F%91%E7%8E%B0%E5%90%8C%E4%BA%8B%E6%98%AF%E4%BC%AA%E4%BA%BA%23
2026-07-28,2026-07-28T16:02:20+08:00,微博,热搜榜,微博热搜榜,,45,交警被强行冲卡货车碾压牺牲,民生新闻,热度 184096,,交警被强行冲卡货车碾压牺牲,,https://s.weibo.com/weibo?q=%23%E4%BA%A4%E8%AD%A6%E8%A2%AB%E5%BC%BA%E8%A1%8C%E5%86%B2%E5%8D%A1%E8%B4%A7%E8%BD%A6%E7%A2%BE%E5%8E%8B%E7%89%BA%E7%89%B2%23
2026-07-28,2026-07-28T16:02:20+08:00,微博,热搜榜,微博热搜榜,,46,多国掀起反印度移民浪潮,国际时政,热度 182556,,多国掀起反印度移民浪潮,,https://s.weibo.com/weibo?q=%23%E5%A4%9A%E5%9B%BD%E6%8E%80%E8%B5%B7%E5%8F%8D%E5%8D%B0%E5%BA%A6%E7%A7%BB%E6%B0%91%E6%B5%AA%E6%BD%AE%23
2026-07-28,2026-07-28T16:02:20+08:00,微博,热搜榜,微博热搜榜,,47,18楼坠楼女子家属拒男友探视,民生新闻,热度 177895,,18楼坠楼女子家属拒男友探视,,https://s.weibo.com/weibo?q=%2318%E6%A5%BC%E5%9D%A0%E6%A5%BC%E5%A5%B3%E5%AD%90%E5%AE%B6%E5%B1%9E%E6%8B%92%E7%94%B7%E5%8F%8B%E6%8E%A2%E8%A7%86%23
2026-07-28,2026-07-28T16:02:20+08:00,微博,热搜榜,微博热搜榜,,48,KPL周最佳辅助,电竞,热度 165428；新,,KPL周最佳辅助,,https://s.weibo.com/weibo?q=%23KPL%E5%91%A8%E6%9C%80%E4%BD%B3%E8%BE%85%E5%8A%A9%23
2026-07-28,2026-07-28T16:02:20+08:00,微博,热搜榜,微博热搜榜,,49,世界杯决赛后立刻挂哨的两位裁判,体育,热度 164997,,世界杯决赛后立刻挂哨的两位裁判,,https://s.weibo.com/weibo?q=%23%E4%B8%96%E7%95%8C%E6%9D%AF%E5%86%B3%E8%B5%9B%E5%90%8E%E7%AB%8B%E5%88%BB%E6%8C%82%E5%93%A8%E7%9A%84%E4%B8%A4%E4%BD%8D%E8%A3%81%E5%88%A4%23
2026-07-28,2026-07-28T16:02:20+08:00,微博,热搜榜,微博热搜榜,,50,功夫女足进入年度票房榜前二,电影,热度 164632；新,,功夫女足进入年度票房榜前二,电影,https://s.weibo.com/weibo?q=%23%E5%8A%9F%E5%A4%AB%E5%A5%B3%E8%B6%B3%E8%BF%9B%E5%85%A5%E5%B9%B4%E5%BA%A6%E7%A5%A8%E6%88%BF%E6%A6%9C%E5%89%8D%E4%BA%8C%23
2026-07-28,2026-07-28T16:02:20+08:00,微博,文娱热搜榜,微博热搜榜-文娱条目,,1,折个鸡,综艺,总榜排名 7；热度 704088,,折个鸡,综艺,https://s.weibo.com/weibo?q=%23%E6%8A%98%E4%B8%AA%E9%B8%A1%23
2026-07-28,2026-07-28T16:02:20+08:00,微博,文娱热搜榜,微博热搜榜-文娱条目,,2,念相思妆造廉价感,剧集,总榜排名 8；热度 632756；新,,念相思妆造廉价感,剧集,https://s.weibo.com/weibo?q=%23%E5%BF%B5%E7%9B%B8%E6%80%9D%E5%A6%86%E9%80%A0%E5%BB%89%E4%BB%B7%E6%84%9F%23
2026-07-28,2026-07-28T16:02:20+08:00,微博,文娱热搜榜,微博热搜榜-文娱条目,,3,泰国国家旅游局发文致歉,艺人,总榜排名 12；热度 552666；热,,泰国国家旅游局发文致歉,,https://s.weibo.com/weibo?q=%23%E6%B3%B0%E5%9B%BD%E5%9B%BD%E5%AE%B6%E6%97%85%E6%B8%B8%E5%B1%80%E5%8F%91%E6%96%87%E8%87%B4%E6%AD%89%23
2026-07-28,2026-07-28T16:02:20+08:00,微博,文娱热搜榜,微博热搜榜-文娱条目,,4,刘亦菲素颜女大,艺人,总榜排名 13；热度 549764,,刘亦菲素颜女大,['刘亦菲'],https://s.weibo.com/weibo?q=%23%E5%88%98%E4%BA%A6%E8%8F%B2%E7%B4%A0%E9%A2%9C%E5%A5%B3%E5%A4%A7%23
2026-07-28,2026-07-28T16:02:20+08:00,微博,文娱热搜榜,微博热搜榜-文娱条目,,5,李娟说贫穷才是真正的痛苦,艺人,总榜排名 15；热度 547477；新,,李娟说贫穷才是真正的痛苦,,https://s.weibo.com/weibo?q=%23%E6%9D%8E%E5%A8%9F%E8%AF%B4%E8%B4%AB%E7%A9%B7%E6%89%8D%E6%98%AF%E7%9C%9F%E6%AD%A3%E7%9A%84%E7%97%9B%E8%8B%A6%23
2026-07-28,2026-07-28T16:02:20+08:00,微博,文娱热搜榜,微博热搜榜-文娱条目,,6,管乐加黄灿灿微信秀美甲,艺人,总榜排名 16；热度 547055；新,,管乐加黄灿灿微信秀美甲,"['管乐', '黄灿灿']",https://s.weibo.com/weibo?q=%23%E7%AE%A1%E4%B9%90%E5%8A%A0%E9%BB%84%E7%81%BF%E7%81%BF%E5%BE%AE%E4%BF%A1%E7%A7%80%E7%BE%8E%E7%94%B2%23
2026-07-28,2026-07-28T16:02:20+08:00,微博,文娱热搜榜,微博热搜榜-文娱条目,,7,宋威龙张婧仪 共享手机密码,剧集,总榜排名 18；热度 489493,,宋威龙张婧仪 共享手机密码,剧集,https://s.weibo.com/weibo?q=%23%E5%AE%8B%E5%A8%81%E9%BE%99%E5%BC%A0%E5%A9%A7%E4%BB%AA%20%E5%85%B1%E4%BA%AB%E6%89%8B%E6%9C%BA%E5%AF%86%E7%A0%81%23
2026-07-28,2026-07-28T16:02:20+08:00,微博,文娱热搜榜,微博热搜榜-文娱条目,,8,杨天真 切胃瘦了但迅速又胖了,艺人,总榜排名 19；热度 447835；热,,杨天真 切胃瘦了但迅速又胖了,['杨天真'],https://s.weibo.com/weibo?q=%23%E6%9D%A8%E5%A4%A9%E7%9C%9F%20%E5%88%87%E8%83%83%E7%98%A6%E4%BA%86%E4%BD%86%E8%BF%85%E9%80%9F%E5%8F%88%E8%83%96%E4%BA%86%23
2026-07-28,2026-07-28T16:02:20+08:00,微博,文娱热搜榜,微博热搜榜-文娱条目,,9,时代少年团演唱会直播价,演出,总榜排名 23；热度 325752；新,,时代少年团演唱会直播价,演出,https://s.weibo.com/weibo?q=%23%E6%97%B6%E4%BB%A3%E5%B0%91%E5%B9%B4%E5%9B%A2%E6%BC%94%E5%94%B1%E4%BC%9A%E7%9B%B4%E6%92%AD%E4%BB%B7%23
2026-07-28,2026-07-28T16:02:20+08:00,微博,文娱热搜榜,微博热搜榜-文娱条目,,10,黄磊小儿子长得好像黄磊,艺人,总榜排名 24；热度 310976,,黄磊小儿子长得好像黄磊,['黄磊'],https://s.weibo.com/weibo?q=%23%E9%BB%84%E7%A3%8A%E5%B0%8F%E5%84%BF%E5%AD%90%E9%95%BF%E5%BE%97%E5%A5%BD%E5%83%8F%E9%BB%84%E7%A3%8A%23
2026-07-28,2026-07-28T16:02:20+08:00,微博,文娱热搜榜,微博热搜榜-文娱条目,,11,王菊一念江南古装路透,剧集,总榜排名 26；热度 302601；新,,王菊一念江南古装路透,剧集,https://s.weibo.com/weibo?q=%23%E7%8E%8B%E8%8F%8A%E4%B8%80%E5%BF%B5%E6%B1%9F%E5%8D%97%E5%8F%A4%E8%A3%85%E8%B7%AF%E9%80%8F%23
2026-07-28,2026-07-28T16:02:20+08:00,微博,文娱热搜榜,微博热搜榜-文娱条目,,12,王祖蓝俩女儿颜值,艺人,总榜排名 28；热度 286585,,王祖蓝俩女儿颜值,['王祖蓝'],https://s.weibo.com/weibo?q=%23%E7%8E%8B%E7%A5%96%E8%93%9D%E4%BF%A9%E5%A5%B3%E5%84%BF%E9%A2%9C%E5%80%BC%23
2026-07-28,2026-07-28T16:02:20+08:00,微博,文娱热搜榜,微博热搜榜-文娱条目,,13,功夫女足破20亿票房,电影,总榜排名 33；热度 264384；新,,功夫女足破20亿票房,电影,https://s.weibo.com/weibo?q=%23%E5%8A%9F%E5%A4%AB%E5%A5%B3%E8%B6%B3%E7%A0%B420%E4%BA%BF%E7%A5%A8%E6%88%BF%23
2026-07-28,2026-07-28T16:02:20+08:00,微博,文娱热搜榜,微博热搜榜-文娱条目,,14,听泉赏宝宣布彻底告别股市,网红,总榜排名 34；热度 250631,,听泉赏宝宣布彻底告别股市,,https://s.weibo.com/weibo?q=%23%E5%90%AC%E6%B3%89%E8%B5%8F%E5%AE%9D%E5%AE%A3%E5%B8%83%E5%BD%BB%E5%BA%95%E5%91%8A%E5%88%AB%E8%82%A1%E5%B8%82%23
2026-07-28,2026-07-28T16:02:20+08:00,微博,文娱热搜榜,微博热搜榜-文娱条目,,15,刘亦菲给员工送黄金,艺人,总榜排名 36；热度 241830；新,,刘亦菲给员工送黄金,['刘亦菲'],https://s.weibo.com/weibo?q=%23%E5%88%98%E4%BA%A6%E8%8F%B2%E7%BB%99%E5%91%98%E5%B7%A5%E9%80%81%E9%BB%84%E9%87%91%23
2026-07-28,2026-07-28T16:02:20+08:00,微博,文娱热搜榜,微博热搜榜-文娱条目,,16,在张雅琪身上看到了自己的同事,综艺,总榜排名 37；热度 235906,,在张雅琪身上看到了自己的同事,综艺,https://s.weibo.com/weibo?q=%23%E5%9C%A8%E5%BC%A0%E9%9B%85%E7%90%AA%E8%BA%AB%E4%B8%8A%E7%9C%8B%E5%88%B0%E4%BA%86%E8%87%AA%E5%B7%B1%E7%9A%84%E5%90%8C%E4%BA%8B%23
2026-07-28,2026-07-28T16:02:20+08:00,微博,文娱热搜榜,微博热搜榜-文娱条目,,17,林志颖的基因彩票还在发力,艺人,总榜排名 39；热度 208924,,林志颖的基因彩票还在发力,['林志颖'],https://s.weibo.com/weibo?q=%23%E6%9E%97%E5%BF%97%E9%A2%96%E7%9A%84%E5%9F%BA%E5%9B%A0%E5%BD%A9%E7%A5%A8%E8%BF%98%E5%9C%A8%E5%8F%91%E5%8A%9B%23
2026-07-28,2026-07-28T16:02:20+08:00,微博,文娱热搜榜,微博热搜榜-文娱条目,,18,武艺综艺谈上一段恋情分手原因,综艺,总榜排名 43；热度 204713；新,,武艺综艺谈上一段恋情分手原因,综艺,https://s.weibo.com/weibo?q=%23%E6%AD%A6%E8%89%BA%E7%BB%BC%E8%89%BA%E8%B0%88%E4%B8%8A%E4%B8%80%E6%AE%B5%E6%81%8B%E6%83%85%E5%88%86%E6%89%8B%E5%8E%9F%E5%9B%A0%23
2026-07-28,2026-07-28T16:02:20+08:00,微博,文娱热搜榜,微博热搜榜-文娱条目,,19,功夫女足进入年度票房榜前二,电影,总榜排名 50；热度 164632；新,,功夫女足进入年度票房榜前二,电影,https://s.weibo.com/weibo?q=%23%E5%8A%9F%E5%A4%AB%E5%A5%B3%E8%B6%B3%E8%BF%9B%E5%85%A5%E5%B9%B4%E5%BA%A6%E7%A5%A8%E6%88%BF%E6%A6%9C%E5%89%8D%E4%BA%8C%23
