snapshot_date,captured_at,platform,chart,official_chart,platform_date,rank,song_name,artist,chart_metric,duration,song_id,album_id,source_url
2026-08-17,2026-08-17T11:32:53+08:00,QQ音乐,热歌榜,热歌榜,2026-08-17,1,冻结,林俊杰,0,,101659148,002vlOfM1X5TQ0,https://y.qq.com/n/ryqq/toplist/26
2026-08-17,2026-08-17T11:32:53+08:00,QQ音乐,热歌榜,热歌榜,2026-08-17,2,明天过后,张杰,0,,273032694,000pVkCf3KsUQ9,https://y.qq.com/n/ryqq/toplist/26
2026-08-17,2026-08-17T11:32:53+08:00,QQ音乐,热歌榜,热歌榜,2026-08-17,3,我不难过,孙燕姿,0,,8136,004VSvF52mQoQp,https://y.qq.com/n/ryqq/toplist/26
2026-08-17,2026-08-17T11:32:53+08:00,QQ音乐,热歌榜,热歌榜,2026-08-17,4,闭目入神,郑中基,上升 8,,96440,004bb67O0ABuHL,https://y.qq.com/n/ryqq/toplist/26
2026-08-17,2026-08-17T11:32:53+08:00,QQ音乐,热歌榜,热歌榜,2026-08-17,5,恋人,李荣浩,下降 1,,496054946,004HaG7p4ZkhXA,https://y.qq.com/n/ryqq/toplist/26
2026-08-17,2026-08-17T11:32:53+08:00,QQ音乐,热歌榜,热歌榜,2026-08-17,6,甲乙丙丁 (你我怎么两清),李佳薇,0,,696262512,00446QRA1fTdqA,https://y.qq.com/n/ryqq/toplist/26
2026-08-17,2026-08-17T11:32:53+08:00,QQ音乐,热歌榜,热歌榜,2026-08-17,7,雨爱,杨丞琳,下降 2,,645819,000jcKFG0sQrD0,https://y.qq.com/n/ryqq/toplist/26
2026-08-17,2026-08-17T11:32:53+08:00,QQ音乐,热歌榜,热歌榜,2026-08-17,8,情歌,梁静茹,上升 1,,462188,002E4IXe1ESUij,https://y.qq.com/n/ryqq/toplist/26
2026-08-17,2026-08-17T11:32:53+08:00,QQ音乐,热歌榜,热歌榜,2026-08-17,9,失眠,Suki刘舒妤,下降 2,,4733575,002xCeeN4EJ1Ke,https://y.qq.com/n/ryqq/toplist/26
2026-08-17,2026-08-17T11:32:53+08:00,QQ音乐,热歌榜,热歌榜,2026-08-17,10,我怀念的,孙燕姿,下降 2,,5211338,000P3l050Olt27,https://y.qq.com/n/ryqq/toplist/26
2026-08-17,2026-08-17T11:32:53+08:00,QQ音乐,热歌榜,热歌榜,2026-08-17,11,Always Online,林俊杰,0,,447257,002g6zv02X7SNi,https://y.qq.com/n/ryqq/toplist/26
2026-08-17,2026-08-17T11:32:53+08:00,QQ音乐,热歌榜,热歌榜,2026-08-17,12,特别的人,方大同,下降 2,,5293866,000GvdTR0qcKh8,https://y.qq.com/n/ryqq/toplist/26
2026-08-17,2026-08-17T11:32:53+08:00,QQ音乐,热歌榜,热歌榜,2026-08-17,13,爱错,王力宏,0,,105905415,002ElVxf43rOue,https://y.qq.com/n/ryqq/toplist/26
2026-08-17,2026-08-17T11:32:53+08:00,QQ音乐,热歌榜,热歌榜,2026-08-17,14,唯一,G.E.M. 邓紫棋,0,,438910555,002d6m7k0xCbSv,https://y.qq.com/n/ryqq/toplist/26
2026-08-17,2026-08-17T11:32:53+08:00,QQ音乐,热歌榜,热歌榜,2026-08-17,15,山风山风等等我,万海东,上升 23,,708639670,002O92eu0Jubpi,https://y.qq.com/n/ryqq/toplist/26
2026-08-17,2026-08-17T11:32:53+08:00,QQ音乐,热歌榜,热歌榜,2026-08-17,16,红色高跟鞋,蔡健雅,0,,624649,002dOge41xlS8x,https://y.qq.com/n/ryqq/toplist/26
2026-08-17,2026-08-17T11:32:53+08:00,QQ音乐,热歌榜,热歌榜,2026-08-17,17,开始懂了,孙燕姿,上升 6,,5646,004KRIQr1oCp2A,https://y.qq.com/n/ryqq/toplist/26
2026-08-17,2026-08-17T11:32:53+08:00,QQ音乐,热歌榜,热歌榜,2026-08-17,18,演员,薛之谦,下降 1,,102636799,003y8dsH2wBHlo,https://y.qq.com/n/ryqq/toplist/26
2026-08-17,2026-08-17T11:32:53+08:00,QQ音乐,热歌榜,热歌榜,2026-08-17,19,雨过后的风景,Dizzy Dizzo (蔡诗芸),上升 1,,1960263,0038xSkp1EcVBf,https://y.qq.com/n/ryqq/toplist/26
2026-08-17,2026-08-17T11:32:53+08:00,QQ音乐,热歌榜,热歌榜,2026-08-17,20,盛夏的果实,莫文蔚,下降 2,,4830161,000KeV8l1PIjxt,https://y.qq.com/n/ryqq/toplist/26
2026-08-17,2026-08-17T11:32:53+08:00,QQ音乐,热歌榜,热歌榜,2026-08-17,21,我好想你 (苏打绿版),苏打绿,上升 8,,4884947,004QF5kp0jgyba,https://y.qq.com/n/ryqq/toplist/26
2026-08-17,2026-08-17T11:32:53+08:00,QQ音乐,热歌榜,热歌榜,2026-08-17,22,春娇与志明,街道办GDC/欧阳耀莹,0,,205357640,000lrXyA0MlEEo,https://y.qq.com/n/ryqq/toplist/26
2026-08-17,2026-08-17T11:32:53+08:00,QQ音乐,热歌榜,热歌榜,2026-08-17,23,碎碎念,队长,下降 4,,448738462,000DTFwk0oV4YR,https://y.qq.com/n/ryqq/toplist/26
2026-08-17,2026-08-17T11:32:53+08:00,QQ音乐,热歌榜,热歌榜,2026-08-17,24,阴天,莫文蔚,下降 3,,4830345,000hTTJN3oScZr,https://y.qq.com/n/ryqq/toplist/26
2026-08-17,2026-08-17T11:32:53+08:00,QQ音乐,热歌榜,热歌榜,2026-08-17,25,ANGEL (天使),尹美莱 (윤미래)/Tiger JK/Bizzy (비지),上升 2,,101138130,000qiKcT05rSr9,https://y.qq.com/n/ryqq/toplist/26
2026-08-17,2026-08-17T11:32:53+08:00,QQ音乐,热歌榜,热歌榜,2026-08-17,26,江南,林俊杰,下降 2,,9063002,000y5gq7449K9I,https://y.qq.com/n/ryqq/toplist/26
2026-08-17,2026-08-17T11:32:53+08:00,QQ音乐,热歌榜,热歌榜,2026-08-17,27,美人鱼,林俊杰,下降 2,,95292,000y5gq7449K9I,https://y.qq.com/n/ryqq/toplist/26
2026-08-17,2026-08-17T11:32:53+08:00,QQ音乐,热歌榜,热歌榜,2026-08-17,28,富士山下,陈奕迅,上升 2,,260678,004Z85XP1c25b7,https://y.qq.com/n/ryqq/toplist/26
2026-08-17,2026-08-17T11:32:53+08:00,QQ音乐,热歌榜,热歌榜,2026-08-17,29,樱花草,Sweety,下降 3,,481456,000pKXff1doeOd,https://y.qq.com/n/ryqq/toplist/26
2026-08-17,2026-08-17T11:32:53+08:00,QQ音乐,热歌榜,热歌榜,2026-08-17,30,其实,薛之谦,上升 2,,104775877,000QgFcm0v8WaF,https://y.qq.com/n/ryqq/toplist/26
2026-08-17,2026-08-17T11:32:53+08:00,QQ音乐,热歌榜,热歌榜,2026-08-17,31,多远都要在一起,G.E.M. 邓紫棋,上升 3,,102174489,003c616O2Zlswm,https://y.qq.com/n/ryqq/toplist/26
2026-08-17,2026-08-17T11:32:53+08:00,QQ音乐,热歌榜,热歌榜,2026-08-17,32,我们俩,郭顶,下降 1,,105413206,003sMyYb4HZAAz,https://y.qq.com/n/ryqq/toplist/26
2026-08-17,2026-08-17T11:32:53+08:00,QQ音乐,热歌榜,热歌榜,2026-08-17,33,差一步,大壮,下降 5,,209378295,000lEj821EaXUu,https://y.qq.com/n/ryqq/toplist/26
2026-08-17,2026-08-17T11:32:53+08:00,QQ音乐,热歌榜,热歌榜,2026-08-17,34,坏女孩,徐良/小凌,上升 3,,7112749,002apRhZ4Bq99d,https://y.qq.com/n/ryqq/toplist/26
2026-08-17,2026-08-17T11:32:53+08:00,QQ音乐,热歌榜,热歌榜,2026-08-17,35,喜欢你 (Live),周深,上升 79,,716731515,001YsGbT0HMBgD,https://y.qq.com/n/ryqq/toplist/26
2026-08-17,2026-08-17T11:32:53+08:00,QQ音乐,热歌榜,热歌榜,2026-08-17,36,心墙,郭静,下降 1,,474797,003EHcB24J8t9Z,https://y.qq.com/n/ryqq/toplist/26
2026-08-17,2026-08-17T11:32:53+08:00,QQ音乐,热歌榜,热歌榜,2026-08-17,37,晴天,周杰伦,上升 2,,97773,000MkMni19ClKG,https://y.qq.com/n/ryqq/toplist/26
2026-08-17,2026-08-17T11:32:53+08:00,QQ音乐,热歌榜,热歌榜,2026-08-17,38,素颜,许嵩/何曼婷,下降 2,,101813361,0035f8nw11cjkf,https://y.qq.com/n/ryqq/toplist/26
2026-08-17,2026-08-17T11:32:53+08:00,QQ音乐,热歌榜,热歌榜,2026-08-17,39,遇见,孙燕姿,上升 2,,8145,002ehzTm0TxXC2,https://y.qq.com/n/ryqq/toplist/26
2026-08-17,2026-08-17T11:32:53+08:00,QQ音乐,热歌榜,热歌榜,2026-08-17,40,海阔天空,BEYOND,上升 3,,4835784,002qcJuX3lO3EZ,https://y.qq.com/n/ryqq/toplist/26
2026-08-17,2026-08-17T11:32:53+08:00,QQ音乐,热歌榜,热歌榜,2026-08-17,41,离开我的依赖,王艳薇,上升 1,,253383943,004CSyAN1oc97b,https://y.qq.com/n/ryqq/toplist/26
2026-08-17,2026-08-17T11:32:53+08:00,QQ音乐,热歌榜,热歌榜,2026-08-17,42,偏爱,张芸京,上升 2,,473137,003ha6C92GRuVE,https://y.qq.com/n/ryqq/toplist/26
2026-08-17,2026-08-17T11:32:53+08:00,QQ音乐,热歌榜,热歌榜,2026-08-17,43,黄昏,周传雄,上升 5,,526713,001U6x8f2uJhig,https://y.qq.com/n/ryqq/toplist/26
2026-08-17,2026-08-17T11:32:53+08:00,QQ音乐,热歌榜,热歌榜,2026-08-17,44,最佳损友,陈奕迅,上升 5,,1338414,002FT46H18G1jW,https://y.qq.com/n/ryqq/toplist/26
2026-08-17,2026-08-17T11:32:53+08:00,QQ音乐,热歌榜,热歌榜,2026-08-17,45,下完这场雨,后弦,0,,108787382,004ZXlA63dZBCa,https://y.qq.com/n/ryqq/toplist/26
2026-08-17,2026-08-17T11:32:53+08:00,QQ音乐,热歌榜,热歌榜,2026-08-17,46,泡沫,G.E.M. 邓紫棋,上升 1,,1530858,002YFufr4bXZyI,https://y.qq.com/n/ryqq/toplist/26
2026-08-17,2026-08-17T11:32:53+08:00,QQ音乐,热歌榜,热歌榜,2026-08-17,47,野心家,张靓颖,上升 4,,591592617,003TmXW52e0F4P,https://y.qq.com/n/ryqq/toplist/26
2026-08-17,2026-08-17T11:32:53+08:00,QQ音乐,热歌榜,热歌榜,2026-08-17,48,背对背拥抱,林俊杰,下降 8,,648231,002C0kX720gMQi,https://y.qq.com/n/ryqq/toplist/26
2026-08-17,2026-08-17T11:32:53+08:00,QQ音乐,热歌榜,热歌榜,2026-08-17,49,十年,陈奕迅,上升 6,,4830342,000GDz8k03UOaI,https://y.qq.com/n/ryqq/toplist/26
2026-08-17,2026-08-17T11:32:53+08:00,QQ音乐,热歌榜,热歌榜,2026-08-17,50,一半一半 (Live),宋亚轩,下降 35,,716583441,001YsGbT0HMBgD,https://y.qq.com/n/ryqq/toplist/26
2026-08-17,2026-08-17T11:32:53+08:00,QQ音乐,热歌榜,热歌榜,2026-08-17,51,无人之岛,任然,下降 18,,203452364,002lMPc30c4rOO,https://y.qq.com/n/ryqq/toplist/26
2026-08-17,2026-08-17T11:32:53+08:00,QQ音乐,热歌榜,热歌榜,2026-08-17,52,如愿,王菲,上升 1,,326584182,004Kbn3m2HV9Y3,https://y.qq.com/n/ryqq/toplist/26
2026-08-17,2026-08-17T11:32:53+08:00,QQ音乐,热歌榜,热歌榜,2026-08-17,53,那时雨,徐良,下降 3,,229661539,002JsVIJ31j7qR,https://y.qq.com/n/ryqq/toplist/26
2026-08-17,2026-08-17T11:32:53+08:00,QQ音乐,热歌榜,热歌榜,2026-08-17,54,青花,周传雄,上升 2,,102204539,001Vj7aX0PixwV,https://y.qq.com/n/ryqq/toplist/26
2026-08-17,2026-08-17T11:32:53+08:00,QQ音乐,热歌榜,热歌榜,2026-08-17,55,淘汰,陈奕迅,上升 43,,1313988,003yQidc3s7P65,https://y.qq.com/n/ryqq/toplist/26
2026-08-17,2026-08-17T11:32:53+08:00,QQ音乐,热歌榜,热歌榜,2026-08-17,56,从前说,小阿七,上升 62,,337805783,001en2Lq0PZK7i,https://y.qq.com/n/ryqq/toplist/26
2026-08-17,2026-08-17T11:32:53+08:00,QQ音乐,热歌榜,热歌榜,2026-08-17,57,不将就,李荣浩,下降 3,,102367085,001fi1zG0EjU2u,https://y.qq.com/n/ryqq/toplist/26
2026-08-17,2026-08-17T11:32:53+08:00,QQ音乐,热歌榜,热歌榜,2026-08-17,58,瞬,郑润泽,上升 2,,422061155,001qvyI10urb5z,https://y.qq.com/n/ryqq/toplist/26
2026-08-17,2026-08-17T11:32:53+08:00,QQ音乐,热歌榜,热歌榜,2026-08-17,59,天外来物,薛之谦,下降 7,,272125057,000K9Zp13TZp5s,https://y.qq.com/n/ryqq/toplist/26
2026-08-17,2026-08-17T11:32:53+08:00,QQ音乐,热歌榜,热歌榜,2026-08-17,60,我好像在哪见过你,薛之谦,下降 1,,107439472,000dcZ9I1nzO62,https://y.qq.com/n/ryqq/toplist/26
2026-08-17,2026-08-17T11:32:53+08:00,QQ音乐,热歌榜,热歌榜,2026-08-17,61,后会无期,徐良/汪苏泷,下降 4,,7112743,002apRhZ4Bq99d,https://y.qq.com/n/ryqq/toplist/26
2026-08-17,2026-08-17T11:32:53+08:00,QQ音乐,热歌榜,热歌榜,2026-08-17,62,认真的雪,薛之谦,下降 1,,1333803,003mUYW22JXKVK,https://y.qq.com/n/ryqq/toplist/26
2026-08-17,2026-08-17T11:32:53+08:00,QQ音乐,热歌榜,热歌榜,2026-08-17,63,勇气,梁静茹,上升 16,,4830164,001DEgPu1004bl,https://y.qq.com/n/ryqq/toplist/26
2026-08-17,2026-08-17T11:32:53+08:00,QQ音乐,热歌榜,热歌榜,2026-08-17,64,因为了解,汪苏泷,上升 9,,7112772,003cnv3z1IHcYt,https://y.qq.com/n/ryqq/toplist/26
2026-08-17,2026-08-17T11:32:53+08:00,QQ音乐,热歌榜,热歌榜,2026-08-17,65,出现又离开 (Live),梁博,下降 2,,231594573,000eQZ1q4g6AsF,https://y.qq.com/n/ryqq/toplist/26
2026-08-17,2026-08-17T11:32:53+08:00,QQ音乐,热歌榜,热歌榜,2026-08-17,66,我们的歌,王力宏,上升 4,,102193483,002Zwh5p4HgecI,https://y.qq.com/n/ryqq/toplist/26
2026-08-17,2026-08-17T11:32:53+08:00,QQ音乐,热歌榜,热歌榜,2026-08-17,67,至少还有你,林忆莲,上升 4,,102204563,001JqgRv0mRHEQ,https://y.qq.com/n/ryqq/toplist/26
2026-08-17,2026-08-17T11:32:53+08:00,QQ音乐,热歌榜,热歌榜,2026-08-17,68,麦恩莉,方大同,0,,2550926,000ih4iv3HCmno,https://y.qq.com/n/ryqq/toplist/26
2026-08-17,2026-08-17T11:32:53+08:00,QQ音乐,热歌榜,热歌榜,2026-08-17,69,IF YOU,BIGBANG (빅뱅),上升 6,,102793935,001xpUdt2jEjWu,https://y.qq.com/n/ryqq/toplist/26
2026-08-17,2026-08-17T11:32:53+08:00,QQ音乐,热歌榜,热歌榜,2026-08-17,70,修炼爱情,林俊杰,下降 1,,5063375,001gqOnU3DTg2S,https://y.qq.com/n/ryqq/toplist/26
2026-08-17,2026-08-17T11:32:53+08:00,QQ音乐,热歌榜,热歌榜,2026-08-17,71,会呼吸的痛,梁静茹,下降 4,,411228,002oy2Mp3I8Rgo,https://y.qq.com/n/ryqq/toplist/26
2026-08-17,2026-08-17T11:32:53+08:00,QQ音乐,热歌榜,热歌榜,2026-08-17,72,Letting Go,蔡健雅,下降 6,,1030353,001aC9dM35U6KB,https://y.qq.com/n/ryqq/toplist/26
2026-08-17,2026-08-17T11:32:53+08:00,QQ音乐,热歌榜,热歌榜,2026-08-17,73,爱情讯息,郭静,上升 1,,876549,003PKZMI1Wyx1A,https://y.qq.com/n/ryqq/toplist/26
2026-08-17,2026-08-17T11:32:53+08:00,QQ音乐,热歌榜,热歌榜,2026-08-17,74,倒数,G.E.M. 邓紫棋,下降 2,,215540451,003cKIKZ1J4Yyu,https://y.qq.com/n/ryqq/toplist/26
2026-08-17,2026-08-17T11:32:53+08:00,QQ音乐,热歌榜,热歌榜,2026-08-17,75,第57次取消发送,菲菲公主（陆绮菲）,上升 15,,560063927,000KrDC019mc82,https://y.qq.com/n/ryqq/toplist/26
2026-08-17,2026-08-17T11:32:53+08:00,QQ音乐,热歌榜,热歌榜,2026-08-17,76,愿与愁,林俊杰,下降 12,,405007729,004ZOIop1doXru,https://y.qq.com/n/ryqq/toplist/26
2026-08-17,2026-08-17T11:32:53+08:00,QQ音乐,热歌榜,热歌榜,2026-08-17,77,Come Back To Me,Utada (宇多田光),上升 14,,1231026,003sHGTS2QAhqp,https://y.qq.com/n/ryqq/toplist/26
2026-08-17,2026-08-17T11:32:53+08:00,QQ音乐,热歌榜,热歌榜,2026-08-17,78,如果可以,韦礼安,下降 16,,330977131,003WBcyJ1siUkh,https://y.qq.com/n/ryqq/toplist/26
2026-08-17,2026-08-17T11:32:53+08:00,QQ音乐,热歌榜,热歌榜,2026-08-17,79,刻在我心底的名字,卢广仲,下降 14,,316472364,004QG0W52P5GUq,https://y.qq.com/n/ryqq/toplist/26
2026-08-17,2026-08-17T11:32:53+08:00,QQ音乐,热歌榜,热歌榜,2026-08-17,80,句号,G.E.M. 邓紫棋,下降 4,,247347346,0049MVh824D7bM,https://y.qq.com/n/ryqq/toplist/26
2026-08-17,2026-08-17T11:32:53+08:00,QQ音乐,热歌榜,热歌榜,2026-08-17,81,我记得,赵雷,上升 23,,372639235,003QIVDT3UB8zG,https://y.qq.com/n/ryqq/toplist/26
2026-08-17,2026-08-17T11:32:53+08:00,QQ音乐,热歌榜,热歌榜,2026-08-17,82,Beauty And A Beat,Justin Bieber/Nicki Minaj,0,,1473252,002XddZv4cGsXb,https://y.qq.com/n/ryqq/toplist/26
2026-08-17,2026-08-17T11:32:53+08:00,QQ音乐,热歌榜,热歌榜,2026-08-17,83,最后一页,江语晨,下降 5,,721636,003FO4XF40Ky8L,https://y.qq.com/n/ryqq/toplist/26
2026-08-17,2026-08-17T11:32:53+08:00,QQ音乐,热歌榜,热歌榜,2026-08-17,84,讨厌,芮恩,下降 7,,138194,001EFkTG1wgW4n,https://y.qq.com/n/ryqq/toplist/26
2026-08-17,2026-08-17T11:32:53+08:00,QQ音乐,热歌榜,热歌榜,2026-08-17,85,有何不可,许嵩,下降 4,,102296985,002KSDg90IaScI,https://y.qq.com/n/ryqq/toplist/26
2026-08-17,2026-08-17T11:32:53+08:00,QQ音乐,热歌榜,热歌榜,2026-08-17,86,同花顺,林倛玉,下降 28,,103970682,004789lA4cH3Kq,https://y.qq.com/n/ryqq/toplist/26
2026-08-17,2026-08-17T11:32:53+08:00,QQ音乐,热歌榜,热歌榜,2026-08-17,87,可不可以,张紫豪,下降 3,,213958134,004VR1w241uBhB,https://y.qq.com/n/ryqq/toplist/26
2026-08-17,2026-08-17T11:32:53+08:00,QQ音乐,热歌榜,热歌榜,2026-08-17,88,冷夜,陈默之,下降 8,,467646860,003ILMG04IvA9R,https://y.qq.com/n/ryqq/toplist/26
2026-08-17,2026-08-17T11:32:53+08:00,QQ音乐,热歌榜,热歌榜,2026-08-17,89,爱我还是他,陶喆,下降 2,,7211247,003ofGzS3C23Ow,https://y.qq.com/n/ryqq/toplist/26
2026-08-17,2026-08-17T11:32:53+08:00,QQ音乐,热歌榜,热歌榜,2026-08-17,90,下一个天亮,郭静,上升 7,,876541,003PKZMI1Wyx1A,https://y.qq.com/n/ryqq/toplist/26
2026-08-17,2026-08-17T11:32:53+08:00,QQ音乐,热歌榜,热歌榜,2026-08-17,91,Baby,Justin Bieber/Ludacris,下降 8,,203644381,002TfnxG2yN1na,https://y.qq.com/n/ryqq/toplist/26
2026-08-17,2026-08-17T11:32:53+08:00,QQ音乐,热歌榜,热歌榜,2026-08-17,92,后来,刘若英,0,,4830150,0017zqT34WuQwa,https://y.qq.com/n/ryqq/toplist/26
2026-08-17,2026-08-17T11:32:53+08:00,QQ音乐,热歌榜,热歌榜,2026-08-17,93,无名的人,毛不易,下降 4,,336582682,002mPgSG01LLtu,https://y.qq.com/n/ryqq/toplist/26
2026-08-17,2026-08-17T11:32:53+08:00,QQ音乐,热歌榜,热歌榜,2026-08-17,94,你要的全拿走,胡彦斌,下降 9,,212808217,001eyHlv2fu50T,https://y.qq.com/n/ryqq/toplist/26
2026-08-17,2026-08-17T11:32:53+08:00,QQ音乐,热歌榜,热歌榜,2026-08-17,95,我知道,BY2,下降 2,,470336,001P410a0Iq4K0,https://y.qq.com/n/ryqq/toplist/26
2026-08-17,2026-08-17T11:32:53+08:00,QQ音乐,热歌榜,热歌榜,2026-08-17,96,空心,光泽,下降 8,,200390803,001vjIoV01nThA,https://y.qq.com/n/ryqq/toplist/26
2026-08-17,2026-08-17T11:32:53+08:00,QQ音乐,热歌榜,热歌榜,2026-08-17,97,那些你很冒险的梦,林俊杰,下降 11,,102388808,002PQCmo2azasb,https://y.qq.com/n/ryqq/toplist/26
2026-08-17,2026-08-17T11:32:53+08:00,QQ音乐,热歌榜,热歌榜,2026-08-17,98,摇曳！摇曳！,TF家族-张桂源/TF家族-张函瑞/TF家族-王橹杰/TF家族-左奇函/TF家族-陈奕恒/TF家族-杨博文/TF家族-陈思罕/TF家族-陈浚铭,新进,,715897288,003MQp6H2Peuj3,https://y.qq.com/n/ryqq/toplist/26
2026-08-17,2026-08-17T11:32:53+08:00,QQ音乐,热歌榜,热歌榜,2026-08-17,99,红尘客栈,周杰伦,0,,5177680,003Ow85E3pnoqi,https://y.qq.com/n/ryqq/toplist/26
2026-08-17,2026-08-17T11:32:53+08:00,QQ音乐,热歌榜,热歌榜,2026-08-17,100,光年之外,G.E.M. 邓紫棋,下降 5,,200255722,001mTkmb4GJlh4,https://y.qq.com/n/ryqq/toplist/26
2026-08-17,2026-08-17T11:32:53+08:00,QQ音乐,飙升榜,飙升榜,2026-08-17,1,闭目入神,郑中基,热度 37%,,96440,004bb67O0ABuHL,https://y.qq.com/n/ryqq/toplist/62
2026-08-17,2026-08-17T11:32:53+08:00,QQ音乐,飙升榜,飙升榜,2026-08-17,2,摇曳！摇曳！,TF家族-张桂源/TF家族-张函瑞/TF家族-王橹杰/TF家族-左奇函/TF家族-陈奕恒/TF家族-杨博文/TF家族-陈思罕/TF家族-陈浚铭,热度 20%,,715897288,003MQp6H2Peuj3,https://y.qq.com/n/ryqq/toplist/62
2026-08-17,2026-08-17T11:32:53+08:00,QQ音乐,飙升榜,飙升榜,2026-08-17,3,一半一半 (Live),宋亚轩,热度 16%,,716583441,001YsGbT0HMBgD,https://y.qq.com/n/ryqq/toplist/62
2026-08-17,2026-08-17T11:32:53+08:00,QQ音乐,飙升榜,飙升榜,2026-08-17,4,一直在身边,TF家族-张桂源/TF家族-张函瑞/TF家族-王橹杰/TF家族-左奇函/TF家族-陈奕恒/TF家族-杨博文/TF家族-陈思罕/TF家族-陈浚铭,热度 14%,,715929567,003MQp6H2Peuj3,https://y.qq.com/n/ryqq/toplist/62
2026-08-17,2026-08-17T11:32:53+08:00,QQ音乐,飙升榜,飙升榜,2026-08-17,5,没关系 (Live),周深,热度 13%,,716731506,001YsGbT0HMBgD,https://y.qq.com/n/ryqq/toplist/62
2026-08-17,2026-08-17T11:32:53+08:00,QQ音乐,飙升榜,飙升榜,2026-08-17,6,喜欢你 (Live),周深,热度 11%,,716731515,001YsGbT0HMBgD,https://y.qq.com/n/ryqq/toplist/62
2026-08-17,2026-08-17T11:32:53+08:00,QQ音乐,飙升榜,飙升榜,2026-08-17,7,小美满 (Live),宋亚轩/AGA/黄子弘凡/姚晓棠/周深/吴莫愁/金志文/龚琳娜/陈小春,热度 10%,,716731504,001YsGbT0HMBgD,https://y.qq.com/n/ryqq/toplist/62
2026-08-17,2026-08-17T11:32:53+08:00,QQ音乐,飙升榜,飙升榜,2026-08-17,8,少年有种,TF家族-张桂源/TF家族-张函瑞/TF家族-王橹杰/TF家族-左奇函/TF家族-陈奕恒/TF家族-杨博文/TF家族-陈思罕/TF家族-陈浚铭,热度 9%,,715929467,003MQp6H2Peuj3,https://y.qq.com/n/ryqq/toplist/62
2026-08-17,2026-08-17T11:32:53+08:00,QQ音乐,飙升榜,飙升榜,2026-08-17,9,奔向你,张睿,热度 8%,,926880,0019ofJF0rzcpB,https://y.qq.com/n/ryqq/toplist/62
2026-08-17,2026-08-17T11:32:53+08:00,QQ音乐,飙升榜,飙升榜,2026-08-17,10,抑人 (e),银河快递 (Galaxy Express)/门尼,热度 6%,,513449525,0029eCfb2nbbVm,https://y.qq.com/n/ryqq/toplist/62
2026-08-17,2026-08-17T11:32:53+08:00,QQ音乐,飙升榜,飙升榜,2026-08-17,11,我好想你 (苏打绿版),苏打绿,热度 6%,,4884947,004QF5kp0jgyba,https://y.qq.com/n/ryqq/toplist/62
2026-08-17,2026-08-17T11:32:53+08:00,QQ音乐,飙升榜,飙升榜,2026-08-17,12,放手一搏 Always Be My Bro,言承旭/吴建豪/周渝民/五月天 阿信,热度 5%,,628146350,004RYM7T4bLIeN,https://y.qq.com/n/ryqq/toplist/62
2026-08-17,2026-08-17T11:32:53+08:00,QQ音乐,飙升榜,飙升榜,2026-08-17,13,从前说,小阿七,热度 5%,,337805783,001en2Lq0PZK7i,https://y.qq.com/n/ryqq/toplist/62
2026-08-17,2026-08-17T11:32:53+08:00,QQ音乐,飙升榜,飙升榜,2026-08-17,14,山风山风等等我,万海东,热度 5%,,708639670,002O92eu0Jubpi,https://y.qq.com/n/ryqq/toplist/62
2026-08-17,2026-08-17T11:32:53+08:00,QQ音乐,飙升榜,飙升榜,2026-08-17,15,野孩子,杨千嬅,热度 5%,,1406731,001mImhQ4doM89,https://y.qq.com/n/ryqq/toplist/62
2026-08-17,2026-08-17T11:32:53+08:00,QQ音乐,飙升榜,飙升榜,2026-08-17,16,Setsuna Hanabi,TOMORROW X TOGETHER (투모로우바이투게더),热度 4%,,715300509,000JRsxU0KRZEe,https://y.qq.com/n/ryqq/toplist/62
2026-08-17,2026-08-17T11:32:53+08:00,QQ音乐,飙升榜,飙升榜,2026-08-17,17,江声入旧年,聲無哀樂/龚琳娜/杨宗勋,热度 4%,,632261902,000oWqe736RUqn,https://y.qq.com/n/ryqq/toplist/62
2026-08-17,2026-08-17T11:32:53+08:00,QQ音乐,飙升榜,飙升榜,2026-08-17,18,十面埋伏,陈奕迅,热度 4%,,4907821,003Hjc6L1WajuE,https://y.qq.com/n/ryqq/toplist/62
2026-08-17,2026-08-17T11:32:53+08:00,QQ音乐,飙升榜,飙升榜,2026-08-17,19,彩虹天堂,刘畊宏,热度 4%,,146346,002ZXzKZ0CJnLf,https://y.qq.com/n/ryqq/toplist/62
2026-08-17,2026-08-17T11:32:53+08:00,QQ音乐,飙升榜,飙升榜,2026-08-17,20,最完美的存在,刘芯妤Roselyn,热度 4%,,713867329,003cPthj1M9OrO,https://y.qq.com/n/ryqq/toplist/62
2026-08-17,2026-08-17T11:32:53+08:00,QQ音乐,飙升榜,飙升榜,2026-08-17,21,杀破狼 (R&B氛围版),萧泽,热度 4%,,716167219,003OTVit1iJFal,https://y.qq.com/n/ryqq/toplist/62
2026-08-17,2026-08-17T11:32:53+08:00,QQ音乐,飙升榜,飙升榜,2026-08-17,22,Marilag,Dionela,热度 3%,,541266790,003stLoi3Z2yq8,https://y.qq.com/n/ryqq/toplist/62
2026-08-17,2026-08-17T11:32:53+08:00,QQ音乐,飙升榜,飙升榜,2026-08-17,23,애쓰지 마요 (不要费心),朴宝蓝 (박보람),热度 3%,,213115552,003x7LPh2ZqWi3,https://y.qq.com/n/ryqq/toplist/62
2026-08-17,2026-08-17T11:32:53+08:00,QQ音乐,飙升榜,飙升榜,2026-08-17,24,花落花,陈少熙,热度 3%,,711408174,001xHj3E16iEe3,https://y.qq.com/n/ryqq/toplist/62
2026-08-17,2026-08-17T11:32:53+08:00,QQ音乐,飙升榜,飙升榜,2026-08-17,25,人一個,陈小春,热度 3%,,715912862,003vMoQU4gJo0c,https://y.qq.com/n/ryqq/toplist/62
2026-08-17,2026-08-17T11:32:53+08:00,QQ音乐,飙升榜,飙升榜,2026-08-17,26,原点,孙燕姿/蔡健雅,热度 3%,,5206,002BeK7Q2i3uo2,https://y.qq.com/n/ryqq/toplist/62
2026-08-17,2026-08-17T11:32:53+08:00,QQ音乐,飙升榜,飙升榜,2026-08-17,27,还魂门,胡彦斌,热度 3%,,107602121,003oId0h1W92Ho,https://y.qq.com/n/ryqq/toplist/62
2026-08-17,2026-08-17T11:32:53+08:00,QQ音乐,飙升榜,飙升榜,2026-08-17,28,情歌,梁静茹,热度 3%,,462188,002E4IXe1ESUij,https://y.qq.com/n/ryqq/toplist/62
2026-08-17,2026-08-17T11:32:53+08:00,QQ音乐,飙升榜,飙升榜,2026-08-17,29,Silence,TOMORROW X TOGETHER (투모로우바이투게더),热度 3%,,715300462,000JRsxU0KRZEe,https://y.qq.com/n/ryqq/toplist/62
2026-08-17,2026-08-17T11:32:53+08:00,QQ音乐,飙升榜,飙升榜,2026-08-17,30,天后 (Live),付辛博/姜潮,热度 3%,,716531933,003ivCBx1uljWi,https://y.qq.com/n/ryqq/toplist/62
2026-08-17,2026-08-17T11:32:53+08:00,QQ音乐,飙升榜,飙升榜,2026-08-17,31,等 (Live),余文乐,热度 3%,,716831434,004eCeze42Tb9g,https://y.qq.com/n/ryqq/toplist/62
2026-08-17,2026-08-17T11:32:53+08:00,QQ音乐,飙升榜,飙升榜,2026-08-17,32,胆小鬼 (Live),宋亚轩,热度 2%,,670758120,004Z2eht2HShHT,https://y.qq.com/n/ryqq/toplist/62
2026-08-17,2026-08-17T11:32:53+08:00,QQ音乐,飙升榜,飙升榜,2026-08-17,33,Take Me Hand,DAISHI DANCE (ダイシ・ダンス)/Cécile Corbel,热度 2%,,335208865,001ANRIv12RuuN,https://y.qq.com/n/ryqq/toplist/62
2026-08-17,2026-08-17T11:32:53+08:00,QQ音乐,飙升榜,飙升榜,2026-08-17,34,那时雨,徐良,热度 2%,,229661539,002JsVIJ31j7qR,https://y.qq.com/n/ryqq/toplist/62
2026-08-17,2026-08-17T11:32:53+08:00,QQ音乐,飙升榜,飙升榜,2026-08-17,35,我爱你,S.H.E,热度 2%,,106589042,003Zc90o1Pepbs,https://y.qq.com/n/ryqq/toplist/62
2026-08-17,2026-08-17T11:32:53+08:00,QQ音乐,飙升榜,飙升榜,2026-08-17,36,指纹 (Live),杨坤/高睿,热度 2%,,716531928,003ivCBx1uljWi,https://y.qq.com/n/ryqq/toplist/62
2026-08-17,2026-08-17T11:32:53+08:00,QQ音乐,飙升榜,飙升榜,2026-08-17,37,如果累了就回故乡 (少年版),酷酷里,热度 2%,,716724166,00286d6v3Td13Y,https://y.qq.com/n/ryqq/toplist/62
2026-08-17,2026-08-17T11:32:53+08:00,QQ音乐,飙升榜,飙升榜,2026-08-17,38,葡萄成熟时,陈奕迅,热度 2%,,1251167,003J6fvc0bVJon,https://y.qq.com/n/ryqq/toplist/62
2026-08-17,2026-08-17T11:32:53+08:00,QQ音乐,飙升榜,飙升榜,2026-08-17,39,Sacred Play Secret Place,matryoshka,热度 2%,,3583378,002tklHM3KtCoM,https://y.qq.com/n/ryqq/toplist/62
2026-08-17,2026-08-17T11:32:53+08:00,QQ音乐,飙升榜,飙升榜,2026-08-17,40,天使,刘思鉴,热度 2%,,439510345,002qrhZd1axJcr,https://y.qq.com/n/ryqq/toplist/62
2026-08-17,2026-08-17T11:32:53+08:00,QQ音乐,飙升榜,飙升榜,2026-08-17,41,孤雏 (Live),宋亚轩,热度 2%,,664944303,0018NYYN3XPdbm,https://y.qq.com/n/ryqq/toplist/62
2026-08-17,2026-08-17T11:32:53+08:00,QQ音乐,飙升榜,飙升榜,2026-08-17,42,南京恋爱通告 (Will You?),银河快递 (Galaxy Express),热度 2%,,445764777,003TEbMf1OoRq9,https://y.qq.com/n/ryqq/toplist/62
2026-08-17,2026-08-17T11:32:53+08:00,QQ音乐,飙升榜,飙升榜,2026-08-17,43,信者得爱 (Live),黄子弘凡,热度 2%,,716731529,001YsGbT0HMBgD,https://y.qq.com/n/ryqq/toplist/62
2026-08-17,2026-08-17T11:32:53+08:00,QQ音乐,飙升榜,飙升榜,2026-08-17,44,岁岁,任素汐,热度 2%,,447894436,004e1Iv63SdkgC,https://y.qq.com/n/ryqq/toplist/62
2026-08-17,2026-08-17T11:32:53+08:00,QQ音乐,飙升榜,飙升榜,2026-08-17,45,La Lumière(此刻尽燃),无畏契约/WILLIM缪维霖/贺仙人,热度 2%,,711339993,000cCyl14AX81A,https://y.qq.com/n/ryqq/toplist/62
2026-08-17,2026-08-17T11:32:53+08:00,QQ音乐,飙升榜,飙升榜,2026-08-17,46,二十二 (Live),宋亚轩,热度 2%,,712624988,003Uj2Op2NJB1R,https://y.qq.com/n/ryqq/toplist/62
2026-08-17,2026-08-17T11:32:53+08:00,QQ音乐,飙升榜,飙升榜,2026-08-17,47,知了,陈默之,热度 2%,,482500528,000fHDnB1K1Hcf,https://y.qq.com/n/ryqq/toplist/62
2026-08-17,2026-08-17T11:32:53+08:00,QQ音乐,飙升榜,飙升榜,2026-08-17,48,Song for U (Live),宋亚轩,热度 2%,,667860502,002VzpQA4NulbQ,https://y.qq.com/n/ryqq/toplist/62
2026-08-17,2026-08-17T11:32:53+08:00,QQ音乐,飙升榜,飙升榜,2026-08-17,49,孤雏 (Live),AGA,热度 2%,,716731583,001YsGbT0HMBgD,https://y.qq.com/n/ryqq/toplist/62
2026-08-17,2026-08-17T11:32:53+08:00,QQ音乐,飙升榜,飙升榜,2026-08-17,50,失,戾格/小田音乐社,热度 2%,,306960067,004HslzZ0IBvRh,https://y.qq.com/n/ryqq/toplist/62
2026-08-17,2026-08-17T11:32:53+08:00,QQ音乐,飙升榜,飙升榜,2026-08-17,51,勋章,鹿晗,热度 2%,,104780330,002ZXwUj3RlnVN,https://y.qq.com/n/ryqq/toplist/62
2026-08-17,2026-08-17T11:32:53+08:00,QQ音乐,飙升榜,飙升榜,2026-08-17,52,好想再爱你,潘广益,热度 2%,,5350362,001oc1YP1CEtrA,https://y.qq.com/n/ryqq/toplist/62
2026-08-17,2026-08-17T11:32:53+08:00,QQ音乐,飙升榜,飙升榜,2026-08-17,53,思凡,林宥嘉,热度 2%,,4830756,001DsL4Y1N5Aly,https://y.qq.com/n/ryqq/toplist/62
2026-08-17,2026-08-17T11:32:53+08:00,QQ音乐,飙升榜,飙升榜,2026-08-17,54,我不难过,孙燕姿,热度 2%,,8136,004VSvF52mQoQp,https://y.qq.com/n/ryqq/toplist/62
2026-08-17,2026-08-17T11:32:53+08:00,QQ音乐,飙升榜,飙升榜,2026-08-17,55,盗墓笔记·十年人间,李常超（Lao乾妈）,热度 2%,,215400896,0009NU2K0oNnlt,https://y.qq.com/n/ryqq/toplist/62
2026-08-17,2026-08-17T11:32:53+08:00,QQ音乐,飙升榜,飙升榜,2026-08-17,56,晚风告白,星野,热度 2%,,379363916,0008IAML0V6eAM,https://y.qq.com/n/ryqq/toplist/62
2026-08-17,2026-08-17T11:32:53+08:00,QQ音乐,飙升榜,飙升榜,2026-08-17,57,离不开你 (Live),黄绮珊,热度 2%,,4726164,002zRPDQ0erohR,https://y.qq.com/n/ryqq/toplist/62
2026-08-17,2026-08-17T11:32:53+08:00,QQ音乐,飙升榜,飙升榜,2026-08-17,58,淘汰,陈奕迅,热度 2%,,1313988,003yQidc3s7P65,https://y.qq.com/n/ryqq/toplist/62
2026-08-17,2026-08-17T11:32:53+08:00,QQ音乐,飙升榜,飙升榜,2026-08-17,59,同花顺 (Live),宋亚轩,热度 2%,,689548043,000ganWu0vjvXF,https://y.qq.com/n/ryqq/toplist/62
2026-08-17,2026-08-17T11:32:53+08:00,QQ音乐,飙升榜,飙升榜,2026-08-17,60,只对你有感觉,飞轮海/田馥甄,热度 2%,,7126044,000VS0dP1P39Bj,https://y.qq.com/n/ryqq/toplist/62
2026-08-17,2026-08-17T11:32:53+08:00,QQ音乐,飙升榜,飙升榜,2026-08-17,61,Allergy,i-dle (아이들),热度 2%,,411988736,000g65uO0hDh0E,https://y.qq.com/n/ryqq/toplist/62
2026-08-17,2026-08-17T11:32:53+08:00,QQ音乐,飙升榜,飙升榜,2026-08-17,62,晚风定义,陆杰awr,热度 2%,,491096811,003H87ID3hFaE8,https://y.qq.com/n/ryqq/toplist/62
2026-08-17,2026-08-17T11:32:53+08:00,QQ音乐,飙升榜,飙升榜,2026-08-17,63,周旋,王以太/艾热AIR,热度 2%,,706257656,000TFXPO1bLY2u,https://y.qq.com/n/ryqq/toplist/62
2026-08-17,2026-08-17T11:32:53+08:00,QQ音乐,飙升榜,飙升榜,2026-08-17,64,Badi Badi,王俊凯,热度 1%,,705544282,001Dp4r216cqJL,https://y.qq.com/n/ryqq/toplist/62
2026-08-17,2026-08-17T11:32:53+08:00,QQ音乐,飙升榜,飙升榜,2026-08-17,65,...Baby One More Time,Britney Spears,热度 1%,,456891728,000bo2O12a5PDP,https://y.qq.com/n/ryqq/toplist/62
2026-08-17,2026-08-17T11:32:53+08:00,QQ音乐,飙升榜,飙升榜,2026-08-17,66,白昼之月,林宥嘉,热度 1%,,107307103,002SGVdR1R3rkG,https://y.qq.com/n/ryqq/toplist/62
2026-08-17,2026-08-17T11:32:53+08:00,QQ音乐,飙升榜,飙升榜,2026-08-17,67,画心,张靓颖,热度 1%,,441134,004045x24ewU7g,https://y.qq.com/n/ryqq/toplist/62
2026-08-17,2026-08-17T11:32:53+08:00,QQ音乐,飙升榜,飙升榜,2026-08-17,68,Steal The Moon,王俊凯,热度 1%,,690924478,001Dp4r216cqJL,https://y.qq.com/n/ryqq/toplist/62
2026-08-17,2026-08-17T11:32:53+08:00,QQ音乐,飙升榜,飙升榜,2026-08-17,69,无赖,郑中基,热度 1%,,96439,004bb67O0ABuHL,https://y.qq.com/n/ryqq/toplist/62
2026-08-17,2026-08-17T11:32:53+08:00,QQ音乐,飙升榜,飙升榜,2026-08-17,70,礼物,刘力扬,热度 1%,,640060,001GaLuO3Lkb1T,https://y.qq.com/n/ryqq/toplist/62
2026-08-17,2026-08-17T11:32:53+08:00,QQ音乐,飙升榜,飙升榜,2026-08-17,71,树读,王俊凯,热度 1%,,108030930,0022vZQA3f1Tuj,https://y.qq.com/n/ryqq/toplist/62
2026-08-17,2026-08-17T11:32:53+08:00,QQ音乐,飙升榜,飙升榜,2026-08-17,72,虚拟,陈粒,热度 1%,,107762076,004fAhFe0fdHYF,https://y.qq.com/n/ryqq/toplist/62
2026-08-17,2026-08-17T11:32:53+08:00,QQ音乐,飙升榜,飙升榜,2026-08-17,73,银河少年,王啸坤/薛之谦,热度 1%,,391198456,002N4fUq1kRST2,https://y.qq.com/n/ryqq/toplist/62
2026-08-17,2026-08-17T11:32:53+08:00,QQ音乐,飙升榜,飙升榜,2026-08-17,74,你不该权衡利弊,羽墨,热度 1%,,716784631,004F6Hpj1w5AVF,https://y.qq.com/n/ryqq/toplist/62
2026-08-17,2026-08-17T11:32:53+08:00,QQ音乐,飙升榜,飙升榜,2026-08-17,75,关山酒,邓寓君(等什么君),热度 1%,,237270257,000Q5EDB1gg5I2,https://y.qq.com/n/ryqq/toplist/62
2026-08-17,2026-08-17T11:32:53+08:00,QQ音乐,飙升榜,飙升榜,2026-08-17,76,取愿,李星星,热度 1%,,715865499,000ITtUR3IS9tp,https://y.qq.com/n/ryqq/toplist/62
2026-08-17,2026-08-17T11:32:53+08:00,QQ音乐,飙升榜,飙升榜,2026-08-17,77,等,陈百强,热度 1%,,5156382,004VqQPL2osIv0,https://y.qq.com/n/ryqq/toplist/62
2026-08-17,2026-08-17T11:32:53+08:00,QQ音乐,飙升榜,飙升榜,2026-08-17,78,Shero,S.H.E,热度 1%,,665053,0047Yas83owaQU,https://y.qq.com/n/ryqq/toplist/62
2026-08-17,2026-08-17T11:32:53+08:00,QQ音乐,飙升榜,飙升榜,2026-08-17,79,Nice to Meet Ya,TOMORROW X TOGETHER (투모로우바이투게더),热度 1%,,715300511,000JRsxU0KRZEe,https://y.qq.com/n/ryqq/toplist/62
2026-08-17,2026-08-17T11:32:53+08:00,QQ音乐,飙升榜,飙升榜,2026-08-17,80,หรูเหอ (如何 Skyline) (From แปลรักฉันด้วยใจเธอ),PP KRIT,热度 1%,,283609933,001wJ1aV4BgsF1,https://y.qq.com/n/ryqq/toplist/62
2026-08-17,2026-08-17T11:32:53+08:00,QQ音乐,飙升榜,飙升榜,2026-08-17,81,南墙,烟嗓,热度 1%,,332066545,004EeRev1MXpP2,https://y.qq.com/n/ryqq/toplist/62
2026-08-17,2026-08-17T11:32:53+08:00,QQ音乐,飙升榜,飙升榜,2026-08-17,82,夜来香 (Live),宋亚轩,热度 1%,,708646500,0027Wsk24O3s5g,https://y.qq.com/n/ryqq/toplist/62
2026-08-17,2026-08-17T11:32:53+08:00,QQ音乐,飙升榜,飙升榜,2026-08-17,83,疑疑疑,王俊凯,热度 1%,,696865201,001Dp4r216cqJL,https://y.qq.com/n/ryqq/toplist/62
2026-08-17,2026-08-17T11:32:53+08:00,QQ音乐,飙升榜,飙升榜,2026-08-17,84,Tik Tak Tok (feat. So!YoON!),실리카겔 (Silica Gel)/So!YoON! (황소윤),热度 1%,,430582622,000Lg7o82qg5t2,https://y.qq.com/n/ryqq/toplist/62
2026-08-17,2026-08-17T11:32:53+08:00,QQ音乐,飙升榜,飙升榜,2026-08-17,85,别怕再见,房东的猫,热度 1%,,715929466,003MQp6H2Peuj3,https://y.qq.com/n/ryqq/toplist/62
2026-08-17,2026-08-17T11:32:53+08:00,QQ音乐,飙升榜,飙升榜,2026-08-17,86,笼 (Live),阿云嘎,热度 1%,,716831436,004eCeze42Tb9g,https://y.qq.com/n/ryqq/toplist/62
2026-08-17,2026-08-17T11:32:53+08:00,QQ音乐,飙升榜,飙升榜,2026-08-17,87,直来直往 (Live),姚晓棠,热度 1%,,716731502,001YsGbT0HMBgD,https://y.qq.com/n/ryqq/toplist/62
2026-08-17,2026-08-17T11:32:53+08:00,QQ音乐,飙升榜,飙升榜,2026-08-17,88,The Way You Make Me Feel (Live),宋亚轩,热度 1%,,694020463,0046dvAw0CjcIw,https://y.qq.com/n/ryqq/toplist/62
2026-08-17,2026-08-17T11:32:53+08:00,QQ音乐,飙升榜,飙升榜,2026-08-17,89,无人乐园,王俊凯,热度 1%,,651444837,001Dp4r216cqJL,https://y.qq.com/n/ryqq/toplist/62
2026-08-17,2026-08-17T11:32:53+08:00,QQ音乐,飙升榜,飙升榜,2026-08-17,90,飞回乌鲁木齐 (Live),AThree,热度 1%,,716724092,00156xwm3mnN3j,https://y.qq.com/n/ryqq/toplist/62
2026-08-17,2026-08-17T11:32:53+08:00,QQ音乐,飙升榜,飙升榜,2026-08-17,91,我的宣言,周柏豪,热度 1%,,5004538,000drjPU0q4wo8,https://y.qq.com/n/ryqq/toplist/62
2026-08-17,2026-08-17T11:32:53+08:00,QQ音乐,飙升榜,飙升榜,2026-08-17,92,岸边客,夏子航（2603）,热度 1%,,604768553,000JKgts2c7S5f,https://y.qq.com/n/ryqq/toplist/62
2026-08-17,2026-08-17T11:32:53+08:00,QQ音乐,飙升榜,飙升榜,2026-08-17,93,疯狂爱人,汪苏泷,热度 1%,,655794077,000A1M903iHvyT,https://y.qq.com/n/ryqq/toplist/62
2026-08-17,2026-08-17T11:32:53+08:00,QQ音乐,飙升榜,飙升榜,2026-08-17,94,Call You Tonight,Whitney Houston,热度 1%,,102200648,001OXYAj1YEZGs,https://y.qq.com/n/ryqq/toplist/62
2026-08-17,2026-08-17T11:32:53+08:00,QQ音乐,飙升榜,飙升榜,2026-08-17,95,别来无恙,任素汐,热度 1%,,667141630,0033vNiW2uLR2S,https://y.qq.com/n/ryqq/toplist/62
2026-08-17,2026-08-17T11:32:53+08:00,QQ音乐,飙升榜,飙升榜,2026-08-17,96,伤不起 (Live),宋亚轩,热度 1%,,699579916,002smrLb1INOm3,https://y.qq.com/n/ryqq/toplist/62
2026-08-17,2026-08-17T11:32:53+08:00,QQ音乐,飙升榜,飙升榜,2026-08-17,97,It's Raining Men,The Weather Girls,热度 1%,,1583268,002aB90y3kAJJi,https://y.qq.com/n/ryqq/toplist/62
2026-08-17,2026-08-17T11:32:53+08:00,QQ音乐,飙升榜,飙升榜,2026-08-17,98,走马,陈粒,热度 1%,,102068215,004GArUe26PXvZ,https://y.qq.com/n/ryqq/toplist/62
2026-08-17,2026-08-17T11:32:53+08:00,QQ音乐,飙升榜,飙升榜,2026-08-17,99,空心,光泽,热度 1%,,200390803,001vjIoV01nThA,https://y.qq.com/n/ryqq/toplist/62
2026-08-17,2026-08-17T11:32:53+08:00,QQ音乐,飙升榜,飙升榜,2026-08-17,100,Alive,Blue,热度 1%,,2063347,002Z7yc609u0xq,https://y.qq.com/n/ryqq/toplist/62
2026-08-17,2026-08-17T11:32:53+08:00,酷狗音乐,热歌榜,酷狗TOP500,2026-08-17,1,山风山风等等我,万海东,,3:29,CE256D96F1F025D60468D8F0BC9EE64B,200106963,https://www.kugou.com/yy/rank/home/1-8888.html?from=rank
2026-08-17,2026-08-17T11:32:53+08:00,酷狗音乐,热歌榜,酷狗TOP500,2026-08-17,2,你有没有真的爱过我,阿图表妹,,4:03,FE39668F68770C3FB3BE57A3E86CCC10,190170015,https://www.kugou.com/yy/rank/home/1-8888.html?from=rank
2026-08-17,2026-08-17T11:32:53+08:00,酷狗音乐,热歌榜,酷狗TOP500,2026-08-17,3,甲乙丙丁 (你我怎么两清),李佳薇,,3:30,213D580CA0BDCC28A5FDBA995FFDA106,197648995,https://www.kugou.com/yy/rank/home/1-8888.html?from=rank
2026-08-17,2026-08-17T11:32:53+08:00,酷狗音乐,热歌榜,酷狗TOP500,2026-08-17,4,吹吹山顶的风,巴扎黑,,2:59,87311B26EDEE637CA1448E14230BCB68,198304563,https://www.kugou.com/yy/rank/home/1-8888.html?from=rank
2026-08-17,2026-08-17T11:32:53+08:00,酷狗音乐,热歌榜,酷狗TOP500,2026-08-17,5,明天过后,张杰,,3:59,5B900D95E79765AE62664BE5C871DD9E,38606351,https://www.kugou.com/yy/rank/home/1-8888.html?from=rank
2026-08-17,2026-08-17T11:32:53+08:00,酷狗音乐,热歌榜,酷狗TOP500,2026-08-17,6,回到小村落 (听着蛐蛐唱着歌),宋盐球,,3:45,AF27C3A04E82042F66D51EF604B47AD5,200330995,https://www.kugou.com/yy/rank/home/1-8888.html?from=rank
2026-08-17,2026-08-17T11:32:53+08:00,酷狗音乐,热歌榜,酷狗TOP500,2026-08-17,7,多情种,胡杨林,,4:47,5073FDDE229BBFEF04DBBA5E3FB44F56,8455212,https://www.kugou.com/yy/rank/home/1-8888.html?from=rank
2026-08-17,2026-08-17T11:32:53+08:00,酷狗音乐,热歌榜,酷狗TOP500,2026-08-17,8,像我这样爱你的人,落日微醺本薰、张多金,,4:22,2AEE05C92035800815DE6AFEE285FD0B,201366705,https://www.kugou.com/yy/rank/home/1-8888.html?from=rank
2026-08-17,2026-08-17T11:32:53+08:00,酷狗音乐,热歌榜,酷狗TOP500,2026-08-17,9,差一步,大壮,,4:06,08C2E4AF2BDDB11D36E2B04A51DA30CE,6194568,https://www.kugou.com/yy/rank/home/1-8888.html?from=rank
2026-08-17,2026-08-17T11:32:53+08:00,酷狗音乐,热歌榜,酷狗TOP500,2026-08-17,10,失眠,Suki刘舒妤,,3:31,EC476A2009EF5DCAC13EDCD11870DF55,671621,https://www.kugou.com/yy/rank/home/1-8888.html?from=rank
2026-08-17,2026-08-17T11:32:53+08:00,酷狗音乐,热歌榜,酷狗TOP500,2026-08-17,11,冻结,林俊杰,,4:49,AE291096B510F20B93D7D87DCBEF1E43,971150,https://www.kugou.com/yy/rank/home/1-8888.html?from=rank
2026-08-17,2026-08-17T11:32:53+08:00,酷狗音乐,热歌榜,酷狗TOP500,2026-08-17,12,人生路漫漫,白小白,,3:55,B8CA573A69DB5050C7EE0C1AB79144E5,179917533,https://www.kugou.com/yy/rank/home/1-8888.html?from=rank
2026-08-17,2026-08-17T11:32:53+08:00,酷狗音乐,热歌榜,酷狗TOP500,2026-08-17,13,我不难过,孙燕姿,,5:20,3FD7E1EC51122C745C637735C8BDE716,965883,https://www.kugou.com/yy/rank/home/1-8888.html?from=rank
2026-08-17,2026-08-17T11:32:53+08:00,酷狗音乐,热歌榜,酷狗TOP500,2026-08-17,14,踏马寻花向自由 (雷鬼版),超哥,,2:59,B5BA68A039E54847B4E14A46A268991B,194886112,https://www.kugou.com/yy/rank/home/1-8888.html?from=rank
2026-08-17,2026-08-17T11:32:53+08:00,酷狗音乐,热歌榜,酷狗TOP500,2026-08-17,15,山风山风等等我 (对唱版),万海东、天雯,,3:29,43B0AEE07D3AAD4DFE80DAF34307F2DB,203008238,https://www.kugou.com/yy/rank/home/1-8888.html?from=rank
2026-08-17,2026-08-17T11:32:53+08:00,酷狗音乐,热歌榜,酷狗TOP500,2026-08-17,16,盛夏的果实,莫文蔚,,4:11,1C86CBC64AE9A6C3539A36CAADDF1A59,978378,https://www.kugou.com/yy/rank/home/1-8888.html?from=rank
2026-08-17,2026-08-17T11:32:53+08:00,酷狗音乐,热歌榜,酷狗TOP500,2026-08-17,17,岁月如笔写春秋,河南三妹5233,,4:11,5D4C2F9D994E5BECDC9BA0FBC6BD3DD8,191576482,https://www.kugou.com/yy/rank/home/1-8888.html?from=rank
2026-08-17,2026-08-17T11:32:53+08:00,酷狗音乐,热歌榜,酷狗TOP500,2026-08-17,18,此生不换,青鸟飞鱼,,4:26,F73630B79647324AB3415C21BFA5BD3D,553897,https://www.kugou.com/yy/rank/home/1-8888.html?from=rank
2026-08-17,2026-08-17T11:32:53+08:00,酷狗音乐,热歌榜,酷狗TOP500,2026-08-17,19,樱花草,Sweety,,4:44,F0B01830164E4974A2AC9E85DD446D45,507451,https://www.kugou.com/yy/rank/home/1-8888.html?from=rank
2026-08-17,2026-08-17T11:32:53+08:00,酷狗音乐,热歌榜,酷狗TOP500,2026-08-17,20,梦哑,任然,,3:54,3194D1AA995469BEF8620E96989D6BA8,193630889,https://www.kugou.com/yy/rank/home/1-8888.html?from=rank
2026-08-17,2026-08-17T11:32:53+08:00,酷狗音乐,热歌榜,酷狗TOP500,2026-08-17,21,偏爱,张芸京,,3:33,4A544525C1F78DBDF25361DB0E255495,968788,https://www.kugou.com/yy/rank/home/1-8888.html?from=rank
2026-08-17,2026-08-17T11:32:53+08:00,酷狗音乐,热歌榜,酷狗TOP500,2026-08-17,22,雨过后的风景,Dizzy Dizzo (蔡诗芸),,4:03,E3F046EDB5EB76BBA5A44FFA3D8F8C42,974143,https://www.kugou.com/yy/rank/home/1-8888.html?from=rank
2026-08-17,2026-08-17T11:32:53+08:00,酷狗音乐,热歌榜,酷狗TOP500,2026-08-17,23,雨爱,杨丞琳,,4:21,2592FFA57A2D8B1A16F18D991B7098CD,2694607,https://www.kugou.com/yy/rank/home/2-8888.html?from=rank
2026-08-17,2026-08-17T11:32:53+08:00,酷狗音乐,热歌榜,酷狗TOP500,2026-08-17,24,黄昏 (纵然青丝如霜)(R&B版),落日微醺,,4:05,423FC1778078ACF260242626820E4244,194767721,https://www.kugou.com/yy/rank/home/2-8888.html?from=rank
2026-08-17,2026-08-17T11:32:53+08:00,酷狗音乐,热歌榜,酷狗TOP500,2026-08-17,25,恋人,李荣浩,,4:36,9DA7851E2BF83B18C74CBBAB461CEFDD,106374641,https://www.kugou.com/yy/rank/home/2-8888.html?from=rank
2026-08-17,2026-08-17T11:32:53+08:00,酷狗音乐,热歌榜,酷狗TOP500,2026-08-17,26,阴天,莫文蔚,,4:02,E4271CB5938F401AA283FBEA49223BF8,970575,https://www.kugou.com/yy/rank/home/2-8888.html?from=rank
2026-08-17,2026-08-17T11:32:53+08:00,酷狗音乐,热歌榜,酷狗TOP500,2026-08-17,27,杀破狼 (R&B氛围版),萧泽,,3:18,7C9D7ECC13361B9C73CA7B0541EDE63F,203330688,https://www.kugou.com/yy/rank/home/2-8888.html?from=rank
2026-08-17,2026-08-17T11:32:53+08:00,酷狗音乐,热歌榜,酷狗TOP500,2026-08-17,28,碎碎念,队长,,2:13,A823AE8D84854FD2EB5B8E599D1263FA,79831015,https://www.kugou.com/yy/rank/home/2-8888.html?from=rank
2026-08-17,2026-08-17T11:32:53+08:00,酷狗音乐,热歌榜,酷狗TOP500,2026-08-17,29,情歌,梁静茹,,4:20,72DB6DA75FFE23A3A6361BDB8F44D5F4,2997268,https://www.kugou.com/yy/rank/home/2-8888.html?from=rank
2026-08-17,2026-08-17T11:32:53+08:00,酷狗音乐,热歌榜,酷狗TOP500,2026-08-17,30,黄昏,周传雄,,5:44,7DE9A9CD041157F6BF3FE9FFBCF120E3,964612,https://www.kugou.com/yy/rank/home/2-8888.html?from=rank
2026-08-17,2026-08-17T11:32:53+08:00,酷狗音乐,热歌榜,酷狗TOP500,2026-08-17,31,美人鱼,林俊杰,,4:14,CDAE8C7E2FAF7F08DC18E78A1D65117B,969588,https://www.kugou.com/yy/rank/home/2-8888.html?from=rank
2026-08-17,2026-08-17T11:32:53+08:00,酷狗音乐,热歌榜,酷狗TOP500,2026-08-17,32,晴天,周杰伦,,4:29,B3A52A7A958BF0AED0EBFBA2E9A818B7,966846,https://www.kugou.com/yy/rank/home/2-8888.html?from=rank
2026-08-17,2026-08-17T11:32:53+08:00,酷狗音乐,热歌榜,酷狗TOP500,2026-08-17,33,小半,陈粒,,4:57,AFEA9FFE5D7F0EF0874119A363820D33,1749208,https://www.kugou.com/yy/rank/home/2-8888.html?from=rank
2026-08-17,2026-08-17T11:32:53+08:00,酷狗音乐,热歌榜,酷狗TOP500,2026-08-17,34,离开我的依赖,王艳薇,,3:54,A9C377CC1B9931F0CE81907E23E4D588,36181053,https://www.kugou.com/yy/rank/home/2-8888.html?from=rank
2026-08-17,2026-08-17T11:32:53+08:00,酷狗音乐,热歌榜,酷狗TOP500,2026-08-17,35,我在你身后,李飘飘,,3:02,807AA4CA90CE4586D6A4645B97CD9F94,38833495,https://www.kugou.com/yy/rank/home/2-8888.html?from=rank
2026-08-17,2026-08-17T11:32:53+08:00,酷狗音乐,热歌榜,酷狗TOP500,2026-08-17,36,在拥挤的人潮 (嗜好),KAI,,3:36,54B38378A93BC87CD34E74701EE2442D,202986874,https://www.kugou.com/yy/rank/home/2-8888.html?from=rank
2026-08-17,2026-08-17T11:32:53+08:00,酷狗音乐,热歌榜,酷狗TOP500,2026-08-17,37,好想再爱你,潘广益,,4:31,B78BA4062528E712B68C42DC6A4D9AAE,957659,https://www.kugou.com/yy/rank/home/2-8888.html?from=rank
2026-08-17,2026-08-17T11:32:53+08:00,酷狗音乐,热歌榜,酷狗TOP500,2026-08-17,38,像我这样爱你的人,马健涛,,3:14,1FD6FF1E5530A70A93BC0AD8D54A301D,203265779,https://www.kugou.com/yy/rank/home/2-8888.html?from=rank
2026-08-17,2026-08-17T11:32:53+08:00,酷狗音乐,热歌榜,酷狗TOP500,2026-08-17,39,落日微醺 (晚风中一杯酒),落日微醺,,4:14,CB22754AB8A0F20FCC015D0A800758CE,196517740,https://www.kugou.com/yy/rank/home/2-8888.html?from=rank
2026-08-17,2026-08-17T11:32:53+08:00,酷狗音乐,热歌榜,酷狗TOP500,2026-08-17,40,我怀念的,孙燕姿,,4:49,1A3CAACB1E361DAF217A2383E9C8E292,984086,https://www.kugou.com/yy/rank/home/2-8888.html?from=rank
2026-08-17,2026-08-17T11:32:53+08:00,酷狗音乐,热歌榜,酷狗TOP500,2026-08-17,41,半壶纱,刘珂矣,,3:41,951AB088C5A08F491471A1296DF93707,948327,https://www.kugou.com/yy/rank/home/2-8888.html?from=rank
2026-08-17,2026-08-17T11:32:53+08:00,酷狗音乐,热歌榜,酷狗TOP500,2026-08-17,42,开始懂了,孙燕姿,,4:32,93F260998A10F4AD6B46606AF5C8EC72,972102,https://www.kugou.com/yy/rank/home/2-8888.html?from=rank
2026-08-17,2026-08-17T11:32:53+08:00,酷狗音乐,热歌榜,酷狗TOP500,2026-08-17,43,野心家,张靓颖,,4:43,1789AD88CFDD254910125F22494C0E8B,161637189,https://www.kugou.com/yy/rank/home/2-8888.html?from=rank
2026-08-17,2026-08-17T11:32:53+08:00,酷狗音乐,热歌榜,酷狗TOP500,2026-08-17,44,下完这场雨,后弦,,4:31,2EEFFF98A4F19D945BBA7C78FB2079C0,1964990,https://www.kugou.com/yy/rank/home/2-8888.html?from=rank
2026-08-17,2026-08-17T11:32:53+08:00,酷狗音乐,热歌榜,酷狗TOP500,2026-08-17,45,坏女孩,徐良、小凌,,4:07,9365223F903B13D0DAF54B6091AC3E7B,511536,https://www.kugou.com/yy/rank/home/3-8888.html?from=rank
2026-08-17,2026-08-17T11:32:53+08:00,酷狗音乐,热歌榜,酷狗TOP500,2026-08-17,46,最佳损友,陈奕迅,,3:54,CBFA7DDE592B23322E21E4BDAA9BE9F9,964332,https://www.kugou.com/yy/rank/home/3-8888.html?from=rank
2026-08-17,2026-08-17T11:32:53+08:00,酷狗音乐,热歌榜,酷狗TOP500,2026-08-17,47,雪下的时候,乔佳旭,,4:24,F6B3AA5971A01E755A344C2256606418,35913748,https://www.kugou.com/yy/rank/home/3-8888.html?from=rank
2026-08-17,2026-08-17T11:32:53+08:00,酷狗音乐,热歌榜,酷狗TOP500,2026-08-17,48,金达莱花 (猛Remix),猛弟/邹子寒,,2:18,E93CB193E4133C79EA9BCC9F852375AD,201184757,https://www.kugou.com/yy/rank/home/3-8888.html?from=rank
2026-08-17,2026-08-17T11:32:53+08:00,酷狗音乐,热歌榜,酷狗TOP500,2026-08-17,49,谁 (男女扎心合唱),梨子芥菜、戚悦,,3:58,38DAABE4EEA0ADDC04897AC14E15B54E,185936379,https://www.kugou.com/yy/rank/home/3-8888.html?from=rank
2026-08-17,2026-08-17T11:32:53+08:00,酷狗音乐,热歌榜,酷狗TOP500,2026-08-17,50,若不是因为你 (深情版),林栖,,4:13,6CCB2559DE8FC8965E98F641C4C33B6A,176013962,https://www.kugou.com/yy/rank/home/3-8888.html?from=rank
2026-08-17,2026-08-17T11:32:53+08:00,酷狗音乐,热歌榜,酷狗TOP500,2026-08-17,51,街角的晚风,陈小春,,4:00,18B89D66950B7856EABB131BB6273F6E,169830039,https://www.kugou.com/yy/rank/home/3-8888.html?from=rank
2026-08-17,2026-08-17T11:32:53+08:00,酷狗音乐,热歌榜,酷狗TOP500,2026-08-17,52,演员,薛之谦,,4:21,097E777171F692855EAE98B6965F9477,14456909,https://www.kugou.com/yy/rank/home/3-8888.html?from=rank
2026-08-17,2026-08-17T11:32:53+08:00,酷狗音乐,热歌榜,酷狗TOP500,2026-08-17,53,唯一,G.E.M. 邓紫棋,,4:14,AB05B8F658851282DCB2CBAD548AEB9B,82564821,https://www.kugou.com/yy/rank/home/3-8888.html?from=rank
2026-08-17,2026-08-17T11:32:53+08:00,酷狗音乐,热歌榜,酷狗TOP500,2026-08-17,54,我好想你 (苏打绿版),苏打绿,,5:29,55FEA1927AC4D460F6EB3B9262AC9981,108011230,https://www.kugou.com/yy/rank/home/3-8888.html?from=rank
2026-08-17,2026-08-17T11:32:53+08:00,酷狗音乐,热歌榜,酷狗TOP500,2026-08-17,55,亲爱的你啊,任素汐,,3:56,C42C2C5C7A68CDAFBF543F29AF883B1D,144348541,https://www.kugou.com/yy/rank/home/3-8888.html?from=rank
2026-08-17,2026-08-17T11:32:53+08:00,酷狗音乐,热歌榜,酷狗TOP500,2026-08-17,56,千千阕歌,陈慧娴,,5:01,81E5A1C3B9E016D61FE91B809B4A7DC1,971621,https://www.kugou.com/yy/rank/home/3-8888.html?from=rank
2026-08-17,2026-08-17T11:32:53+08:00,酷狗音乐,热歌榜,酷狗TOP500,2026-08-17,57,爱错,王力宏,,3:59,8E021794DFD02C48D2C6281A55BCBDC6,2996462,https://www.kugou.com/yy/rank/home/3-8888.html?from=rank
2026-08-17,2026-08-17T11:32:53+08:00,酷狗音乐,热歌榜,酷狗TOP500,2026-08-17,58,茶花开了，该回家了,王睿卓、加木,,3:10,99F0F17B7C6F110346411E7AD552156D,133732298,https://www.kugou.com/yy/rank/home/3-8888.html?from=rank
2026-08-17,2026-08-17T11:32:53+08:00,酷狗音乐,热歌榜,酷狗TOP500,2026-08-17,59,红尘客栈,周杰伦,,4:34,48729371F20FB048EF4E51D4CD41DBF5,982051,https://www.kugou.com/yy/rank/home/3-8888.html?from=rank
2026-08-17,2026-08-17T11:32:53+08:00,酷狗音乐,热歌榜,酷狗TOP500,2026-08-17,60,童话,光良,,4:04,472FF9D57BCE90288EC88CBE100BCB2A,974097,https://www.kugou.com/yy/rank/home/3-8888.html?from=rank
2026-08-17,2026-08-17T11:32:53+08:00,酷狗音乐,热歌榜,酷狗TOP500,2026-08-17,61,有风的日落,万海东,,3:49,94774F06E73EF9ABD739423E1A414593,181906094,https://www.kugou.com/yy/rank/home/3-8888.html?from=rank
2026-08-17,2026-08-17T11:32:53+08:00,酷狗音乐,热歌榜,酷狗TOP500,2026-08-17,62,那时雨,徐良,,3:34,CE76C60251F6193BC5BBA5B46B977747,16900987,https://www.kugou.com/yy/rank/home/3-8888.html?from=rank
2026-08-17,2026-08-17T11:32:53+08:00,酷狗音乐,热歌榜,酷狗TOP500,2026-08-17,63,富士山下,陈奕迅,,4:19,0433F1A94FA162B20FB8AE576A951D6B,976404,https://www.kugou.com/yy/rank/home/3-8888.html?from=rank
2026-08-17,2026-08-17T11:32:53+08:00,酷狗音乐,热歌榜,酷狗TOP500,2026-08-17,64,Fever Pitch,Richz,,2:15,594B915AEEDA7DA8F5BD70B63EA76EAD,180499937,https://www.kugou.com/yy/rank/home/3-8888.html?from=rank
2026-08-17,2026-08-17T11:32:53+08:00,酷狗音乐,热歌榜,酷狗TOP500,2026-08-17,65,如愿,王菲,,4:25,EC1A18BBD6B61CB203E656B91F5CF2D1,49057589,https://www.kugou.com/yy/rank/home/3-8888.html?from=rank
2026-08-17,2026-08-17T11:32:53+08:00,酷狗音乐,热歌榜,酷狗TOP500,2026-08-17,66,海阔天空,BEYOND,,5:25,C41E80A18D1448FA47086372999C7F43,973001,https://www.kugou.com/yy/rank/home/3-8888.html?from=rank
2026-08-17,2026-08-17T11:32:53+08:00,酷狗音乐,热歌榜,酷狗TOP500,2026-08-17,67,特别的人,方大同,,4:19,0F7A79ADAAEEB6EA1DA3E19DD637FD73,965097,https://www.kugou.com/yy/rank/home/4-8888.html?from=rank
2026-08-17,2026-08-17T11:32:53+08:00,酷狗音乐,热歌榜,酷狗TOP500,2026-08-17,68,讨厌,芮恩,,4:18,C88A8D3EF16E2C4E944B947E0F56A7AD,2996887,https://www.kugou.com/yy/rank/home/4-8888.html?from=rank
2026-08-17,2026-08-17T11:32:53+08:00,酷狗音乐,热歌榜,酷狗TOP500,2026-08-17,69,稻香,周杰伦,,3:44,8909E1809908CD8E3BF6CF85D98B93F0,960399,https://www.kugou.com/yy/rank/home/4-8888.html?from=rank
2026-08-17,2026-08-17T11:32:53+08:00,酷狗音乐,热歌榜,酷狗TOP500,2026-08-17,70,带我走,杨丞琳,,4:50,0C57DE35C3CB2A32A8CF634E4F8309C4,975441,https://www.kugou.com/yy/rank/home/4-8888.html?from=rank
2026-08-17,2026-08-17T11:32:53+08:00,酷狗音乐,热歌榜,酷狗TOP500,2026-08-17,71,后来,刘若英,,5:38,C4904D4E3BBA872D41D3BDBF597E2B18,16562,https://www.kugou.com/yy/rank/home/4-8888.html?from=rank
2026-08-17,2026-08-17T11:32:53+08:00,酷狗音乐,热歌榜,酷狗TOP500,2026-08-17,72,街角的晚风 (烟嗓R&B版),落日微醺,,3:56,D636D97870D4098ACD3C317BFFDA03D9,196517616,https://www.kugou.com/yy/rank/home/4-8888.html?from=rank
2026-08-17,2026-08-17T11:32:53+08:00,酷狗音乐,热歌榜,酷狗TOP500,2026-08-17,73,说了再见,周杰伦,,4:43,966C718DA96EE29B3B466F773BFA9E2F,958812,https://www.kugou.com/yy/rank/home/4-8888.html?from=rank
2026-08-17,2026-08-17T11:32:53+08:00,酷狗音乐,热歌榜,酷狗TOP500,2026-08-17,74,青花瓷,周杰伦,,3:59,37A8F50A9EC3B267C3CC6BEC633D9C4A,979856,https://www.kugou.com/yy/rank/home/4-8888.html?from=rank
2026-08-17,2026-08-17T11:32:53+08:00,酷狗音乐,热歌榜,酷狗TOP500,2026-08-17,75,心墙,郭静,,3:47,97870F3D4B01A7822DC497C6127EA66D,968033,https://www.kugou.com/yy/rank/home/4-8888.html?from=rank
2026-08-17,2026-08-17T11:32:53+08:00,酷狗音乐,热歌榜,酷狗TOP500,2026-08-17,76,我不该动情,老板,,3:57,DFA780605FE78F1572761712931024A7,197593768,https://www.kugou.com/yy/rank/home/4-8888.html?from=rank
2026-08-17,2026-08-17T11:32:53+08:00,酷狗音乐,热歌榜,酷狗TOP500,2026-08-17,77,红色高跟鞋,蔡健雅,,3:27,055A804B8A3CCC05240D08F8FF1F7DE8,978459,https://www.kugou.com/yy/rank/home/4-8888.html?from=rank
2026-08-17,2026-08-17T11:32:53+08:00,酷狗音乐,热歌榜,酷狗TOP500,2026-08-17,78,青花,周传雄,,4:58,09B46455BAE7C613ABD0DB362A5DDBDE,960448,https://www.kugou.com/yy/rank/home/4-8888.html?from=rank
2026-08-17,2026-08-17T11:32:53+08:00,酷狗音乐,热歌榜,酷狗TOP500,2026-08-17,79,光辉岁月,BEYOND,,5:04,BBFE9596615ADE83FF6B117831C45E4D,960181,https://www.kugou.com/yy/rank/home/4-8888.html?from=rank
2026-08-17,2026-08-17T11:32:53+08:00,酷狗音乐,热歌榜,酷狗TOP500,2026-08-17,80,十年,陈奕迅,,3:25,5146461A5717B942F4B13125978618E3,504194,https://www.kugou.com/yy/rank/home/4-8888.html?from=rank
2026-08-17,2026-08-17T11:32:53+08:00,酷狗音乐,热歌榜,酷狗TOP500,2026-08-17,81,无人之岛,任然,,4:45,8E568D8806F771607104D8BF9695ACE0,2916172,https://www.kugou.com/yy/rank/home/4-8888.html?from=rank
2026-08-17,2026-08-17T11:32:53+08:00,酷狗音乐,热歌榜,酷狗TOP500,2026-08-17,82,遇见,孙燕姿,,3:31,9F865C787E90E013B2BC847BAAA306AA,964325,https://www.kugou.com/yy/rank/home/4-8888.html?from=rank
2026-08-17,2026-08-17T11:32:53+08:00,酷狗音乐,热歌榜,酷狗TOP500,2026-08-17,83,空心 (Live),黄霄雲、刘端端,,4:55,6F74F7B3D9B87CA771573ABD27B2A820,199810791,https://www.kugou.com/yy/rank/home/4-8888.html?from=rank
2026-08-17,2026-08-17T11:32:53+08:00,酷狗音乐,热歌榜,酷狗TOP500,2026-08-17,84,一直很安静,阿桑,,4:10,44816EF0288A3B1ED2C4A5C5FE6B93B3,972917,https://www.kugou.com/yy/rank/home/4-8888.html?from=rank
2026-08-17,2026-08-17T11:32:53+08:00,酷狗音乐,热歌榜,酷狗TOP500,2026-08-17,85,我借 (御姐版),铁锤夫妇,,4:07,EC2F26754FED82D125388E7B27D536AA,197901242,https://www.kugou.com/yy/rank/home/4-8888.html?from=rank
2026-08-17,2026-08-17T11:32:53+08:00,酷狗音乐,热歌榜,酷狗TOP500,2026-08-17,86,哼着你爱听的歌,杨小壮,,3:21,BAF3B2A7AC043CDB154EBAFD69A6C76A,104507270,https://www.kugou.com/yy/rank/home/4-8888.html?from=rank
2026-08-17,2026-08-17T11:32:53+08:00,酷狗音乐,热歌榜,酷狗TOP500,2026-08-17,87,其实,薛之谦,,4:02,2A8911EAD4838BF967CF5A300D787E53,960327,https://www.kugou.com/yy/rank/home/4-8888.html?from=rank
2026-08-17,2026-08-17T11:32:53+08:00,酷狗音乐,热歌榜,酷狗TOP500,2026-08-17,88,北方的后海没有海 (r&b微醺版),落日微醺,,3:26,DB3D10DE8DF3C5188EC036A9724F9418,196519034,https://www.kugou.com/yy/rank/home/4-8888.html?from=rank
2026-08-17,2026-08-17T11:32:53+08:00,酷狗音乐,热歌榜,酷狗TOP500,2026-08-17,89,抽离,徐良、刘丹萌,,4:18,37A9C74C33A9FAEFF672CFDF4C699581,547514,https://www.kugou.com/yy/rank/home/5-8888.html?from=rank
2026-08-17,2026-08-17T11:32:53+08:00,酷狗音乐,热歌榜,酷狗TOP500,2026-08-17,90,茶花开了,王睿卓,,4:30,007A7A8EAFA3FF9EA51EF6A767AC3497,130468077,https://www.kugou.com/yy/rank/home/5-8888.html?from=rank
2026-08-17,2026-08-17T11:32:53+08:00,酷狗音乐,热歌榜,酷狗TOP500,2026-08-17,91,江南,林俊杰,,4:28,B83DBB8E3DD3FCF86BF32690B91547F5,969588,https://www.kugou.com/yy/rank/home/5-8888.html?from=rank
2026-08-17,2026-08-17T11:32:53+08:00,酷狗音乐,热歌榜,酷狗TOP500,2026-08-17,92,闭目入神,郑中基,,3:36,386EF80136EFD753F8C9CD75D18159C3,7547818,https://www.kugou.com/yy/rank/home/5-8888.html?from=rank
2026-08-17,2026-08-17T11:32:53+08:00,酷狗音乐,热歌榜,酷狗TOP500,2026-08-17,93,Angel,尹美莱、Tiger JK、Bizzy,,4:15,157D75DA9A1B5B4FED6C529C2B1C2452,964390,https://www.kugou.com/yy/rank/home/5-8888.html?from=rank
2026-08-17,2026-08-17T11:32:53+08:00,酷狗音乐,热歌榜,酷狗TOP500,2026-08-17,94,勇气,梁静茹,,3:59,A4D0C350CF4475BFBB0AB28DC6E25A8D,973299,https://www.kugou.com/yy/rank/home/5-8888.html?from=rank
2026-08-17,2026-08-17T11:32:53+08:00,酷狗音乐,热歌榜,酷狗TOP500,2026-08-17,95,第57次取消发送,菲菲公主（陆绮菲）,,3:01,F17C489C53382E608F9CBB3ED9F6D2AA,137397074,https://www.kugou.com/yy/rank/home/5-8888.html?from=rank
2026-08-17,2026-08-17T11:32:53+08:00,酷狗音乐,热歌榜,酷狗TOP500,2026-08-17,96,告白气球,周杰伦,,3:36,688857974673645CE89EDA26A36DB19D,1645030,https://www.kugou.com/yy/rank/home/5-8888.html?from=rank
2026-08-17,2026-08-17T11:32:53+08:00,酷狗音乐,热歌榜,酷狗TOP500,2026-08-17,97,枪火 (相对那就针锋相对),宝石Gem,,3:18,76923758046CB591DC9556D1FB69D976,154798334,https://www.kugou.com/yy/rank/home/5-8888.html?from=rank
2026-08-17,2026-08-17T11:32:53+08:00,酷狗音乐,热歌榜,酷狗TOP500,2026-08-17,98,忘情牛肉面,马健涛,,3:02,E9E3E3F40397839A715537F5AA5C93CE,32988895,https://www.kugou.com/yy/rank/home/5-8888.html?from=rank
2026-08-17,2026-08-17T11:32:53+08:00,酷狗音乐,热歌榜,酷狗TOP500,2026-08-17,99,我在月光下许过情真 (微醺版),苏晚星,,4:01,90D5CE02942E4B72FD20129E72A3DEA3,192801861,https://www.kugou.com/yy/rank/home/5-8888.html?from=rank
2026-08-17,2026-08-17T11:32:53+08:00,酷狗音乐,热歌榜,酷狗TOP500,2026-08-17,100,山风山风等等我,佳佳,,3:29,243ADFFB84B93B769FDE5531F1871592,203235200,https://www.kugou.com/yy/rank/home/5-8888.html?from=rank
2026-08-17,2026-08-17T11:32:53+08:00,酷狗音乐,热歌榜,酷狗TOP500,2026-08-17,101,Always Online,林俊杰,,3:45,16A4E4895905B703AC0F31007A495D4C,963179,https://www.kugou.com/yy/rank/home/5-8888.html?from=rank
2026-08-17,2026-08-17T11:32:53+08:00,酷狗音乐,热歌榜,酷狗TOP500,2026-08-17,102,知了,陈默之,,3:52,FE6608CE529684B94CBA506E2B0C7BB6,91222498,https://www.kugou.com/yy/rank/home/5-8888.html?from=rank
2026-08-17,2026-08-17T11:32:53+08:00,酷狗音乐,热歌榜,酷狗TOP500,2026-08-17,103,有些,颜人中,,3:49,D79E556C176AE1A3ADE8B532810C4CE8,34604592,https://www.kugou.com/yy/rank/home/5-8888.html?from=rank
2026-08-17,2026-08-17T11:32:53+08:00,酷狗音乐,热歌榜,酷狗TOP500,2026-08-17,104,背对背拥抱,林俊杰,,3:55,D3CB60981A747455AE3142C25809051E,975828,https://www.kugou.com/yy/rank/home/5-8888.html?from=rank
2026-08-17,2026-08-17T11:32:53+08:00,酷狗音乐,热歌榜,酷狗TOP500,2026-08-17,105,搁浅,周杰伦,,4:00,8141FAA45AAD5BCFF5FF9873B89709E3,971783,https://www.kugou.com/yy/rank/home/5-8888.html?from=rank
2026-08-17,2026-08-17T11:32:53+08:00,酷狗音乐,热歌榜,酷狗TOP500,2026-08-17,106,爱情讯息,郭静,,4:41,D8E857250D8EEA9C5FAFDAF7857640A5,971139,https://www.kugou.com/yy/rank/home/5-8888.html?from=rank
2026-08-17,2026-08-17T11:32:53+08:00,酷狗音乐,热歌榜,酷狗TOP500,2026-08-17,107,痛得比你深 (神不在香港版),еяхат музыка、阿智Rmx、La Mer,,2:31,B1D866642E61231F4856EA3BA13CD709,202466853,https://www.kugou.com/yy/rank/home/5-8888.html?from=rank
2026-08-17,2026-08-17T11:32:53+08:00,酷狗音乐,热歌榜,酷狗TOP500,2026-08-17,108,只对你有感觉,飞轮海、田馥甄,,3:59,E400C3F475001BA5B0F197F2E1923F47,556347,https://www.kugou.com/yy/rank/home/5-8888.html?from=rank
2026-08-17,2026-08-17T11:32:53+08:00,酷狗音乐,热歌榜,酷狗TOP500,2026-08-17,109,梦的翅膀受了伤,蒋雪儿Snow.J,,4:36,7B00B1F90C13C270CE96EA51DA863B96,1965074,https://www.kugou.com/yy/rank/home/5-8888.html?from=rank
2026-08-17,2026-08-17T11:32:53+08:00,酷狗音乐,热歌榜,酷狗TOP500,2026-08-17,110,玻璃,Gareth.T,,3:05,ED0ED6B17B6C29695E97F5CC945C7901,191663409,https://www.kugou.com/yy/rank/home/5-8888.html?from=rank
2026-08-17,2026-08-17T11:32:53+08:00,酷狗音乐,热歌榜,酷狗TOP500,2026-08-17,111,来不及爱你,h3R3刘清云,,3:25,E3ED52965CEE83A40D73C5FB1DA7FF62,76488384,https://www.kugou.com/yy/rank/home/6-8888.html?from=rank
2026-08-17,2026-08-17T11:32:53+08:00,酷狗音乐,热歌榜,酷狗TOP500,2026-08-17,112,会呼吸的痛,梁静茹,,4:32,1EB00DC46AE8E1446B6A9860A56487AC,500574,https://www.kugou.com/yy/rank/home/6-8888.html?from=rank
2026-08-17,2026-08-17T11:32:53+08:00,酷狗音乐,热歌榜,酷狗TOP500,2026-08-17,113,บักคนซั่ว (坏家伙),ทิดแอม,,4:35,438C8E10A7947E197411BA14810091C1,99159069,https://www.kugou.com/yy/rank/home/6-8888.html?from=rank
2026-08-17,2026-08-17T11:32:53+08:00,酷狗音乐,热歌榜,酷狗TOP500,2026-08-17,114,Love Me,JMSN,,4:33,C8A0559F862B815E8B4D135228944D4D,76048254,https://www.kugou.com/yy/rank/home/6-8888.html?from=rank
2026-08-17,2026-08-17T11:32:53+08:00,酷狗音乐,热歌榜,酷狗TOP500,2026-08-17,115,猜不透,丁当,,3:53,B1B4CC4F4E90134603CE66CBCF8FA73B,973244,https://www.kugou.com/yy/rank/home/6-8888.html?from=rank
2026-08-17,2026-08-17T11:32:53+08:00,酷狗音乐,热歌榜,酷狗TOP500,2026-08-17,116,我们俩,郭顶,,3:14,DD4D224BC3DBFD1A0F6E338928620E69,979601,https://www.kugou.com/yy/rank/home/6-8888.html?from=rank
2026-08-17,2026-08-17T11:32:53+08:00,酷狗音乐,热歌榜,酷狗TOP500,2026-08-17,117,过火,张信哲,,5:02,E34CBC6EBE64B9EE9ADB5C46E2178A84,982639,https://www.kugou.com/yy/rank/home/6-8888.html?from=rank
2026-08-17,2026-08-17T11:32:53+08:00,酷狗音乐,热歌榜,酷狗TOP500,2026-08-17,118,认真的雪,薛之谦,,4:19,D2E00CC158DB4DA18927AC3B01CC371B,2689239,https://www.kugou.com/yy/rank/home/6-8888.html?from=rank
2026-08-17,2026-08-17T11:32:53+08:00,酷狗音乐,热歌榜,酷狗TOP500,2026-08-17,119,山歌追上云朵,央金拉姆,,3:35,B81F368C6B44B98B0E2B4E9F417F1002,193932928,https://www.kugou.com/yy/rank/home/6-8888.html?from=rank
2026-08-17,2026-08-17T11:32:53+08:00,酷狗音乐,热歌榜,酷狗TOP500,2026-08-17,120,戒烟,李荣浩,,4:54,AF36A623D725B98893DAEFDF8010F22E,49390931,https://www.kugou.com/yy/rank/home/6-8888.html?from=rank
2026-08-17,2026-08-17T11:32:53+08:00,酷狗音乐,热歌榜,酷狗TOP500,2026-08-17,121,至少还有你,林忆莲,,4:35,BA9D67DAB59FA6DCE243F4B6B70ACA95,967340,https://www.kugou.com/yy/rank/home/6-8888.html?from=rank
2026-08-17,2026-08-17T11:32:53+08:00,酷狗音乐,热歌榜,酷狗TOP500,2026-08-17,122,我好像在哪见过你,薛之谦,,4:39,6A350E487263733359E7F2B64BD974AC,1747549,https://www.kugou.com/yy/rank/home/6-8888.html?from=rank
2026-08-17,2026-08-17T11:32:53+08:00,酷狗音乐,热歌榜,酷狗TOP500,2026-08-17,123,一路向北,周杰伦,,4:54,F73F22FB046CA1A135C70417163AF82E,1739223,https://www.kugou.com/yy/rank/home/6-8888.html?from=rank
2026-08-17,2026-08-17T11:32:53+08:00,酷狗音乐,热歌榜,酷狗TOP500,2026-08-17,124,奢香夫人,凤凰传奇,,4:20,478C572FC9E2E15777A41260DEE293A0,984412,https://www.kugou.com/yy/rank/home/6-8888.html?from=rank
2026-08-17,2026-08-17T11:32:53+08:00,酷狗音乐,热歌榜,酷狗TOP500,2026-08-17,125,七里香,周杰伦,,4:59,9218D81686C6AC681BC7CA621958AD6D,971783,https://www.kugou.com/yy/rank/home/6-8888.html?from=rank
2026-08-17,2026-08-17T11:32:53+08:00,酷狗音乐,热歌榜,酷狗TOP500,2026-08-17,126,退后,周杰伦,,4:22,5971DE0B235D5B2708D6A6FEB3D31B6F,965291,https://www.kugou.com/yy/rank/home/6-8888.html?from=rank
2026-08-17,2026-08-17T11:32:53+08:00,酷狗音乐,热歌榜,酷狗TOP500,2026-08-17,127,舍得,王唯旖,,4:22,62C406C76F45C3EF39F451F2C4F22D95,1944276,https://www.kugou.com/yy/rank/home/6-8888.html?from=rank
2026-08-17,2026-08-17T11:32:53+08:00,酷狗音乐,热歌榜,酷狗TOP500,2026-08-17,128,比石头还硬的心,高冷,,3:40,EB25D70A5D8DFD50F479ADE68C77DB70,191837924,https://www.kugou.com/yy/rank/home/6-8888.html?from=rank
2026-08-17,2026-08-17T11:32:53+08:00,酷狗音乐,热歌榜,酷狗TOP500,2026-08-17,129,出现又离开 (Live),梁博,,6:43,DEAB3B0160E9A410CE0AAA9ED8AC602E,19284949,https://www.kugou.com/yy/rank/home/6-8888.html?from=rank
2026-08-17,2026-08-17T11:32:53+08:00,酷狗音乐,热歌榜,酷狗TOP500,2026-08-17,130,Copines,Aya Nakamura,,2:52,1CDA977A7FC0BCCC23BC7DF4D0194389,39155596,https://www.kugou.com/yy/rank/home/6-8888.html?from=rank
2026-08-17,2026-08-17T11:32:53+08:00,酷狗音乐,热歌榜,酷狗TOP500,2026-08-17,131,因果 (我就站在这因果里),金针菇,,2:47,E89C5166CE3DD7D5D5B0A986BC39F70D,202013549,https://www.kugou.com/yy/rank/home/6-8888.html?from=rank
2026-08-17,2026-08-17T11:32:53+08:00,酷狗音乐,热歌榜,酷狗TOP500,2026-08-17,132,半点心,草蜢,,3:52,6DF94BFD206BB819120C0D021B93EDBC,564642,https://www.kugou.com/yy/rank/home/6-8888.html?from=rank
2026-08-17,2026-08-17T11:32:53+08:00,酷狗音乐,热歌榜,酷狗TOP500,2026-08-17,133,秋天不回来,王强,,4:14,81056FF4FC4F2D0A0E9B38757A60D2F7,81746524,https://www.kugou.com/yy/rank/home/7-8888.html?from=rank
2026-08-17,2026-08-17T11:32:53+08:00,酷狗音乐,热歌榜,酷狗TOP500,2026-08-17,134,后会无期,汪苏泷、徐良,,3:32,5F86140467A73FBF9C4F339F7B9AFC2C,511536,https://www.kugou.com/yy/rank/home/7-8888.html?from=rank
2026-08-17,2026-08-17T11:32:53+08:00,酷狗音乐,热歌榜,酷狗TOP500,2026-08-17,135,一场游戏一场梦,王杰,,4:17,55340B431243FF5F112527EFC0591232,7547885,https://www.kugou.com/yy/rank/home/7-8888.html?from=rank
2026-08-17,2026-08-17T11:32:53+08:00,酷狗音乐,热歌榜,酷狗TOP500,2026-08-17,136,灰色轨迹,BEYOND,,5:28,4476FAA4B6567CCC2292BFBBCA93CB9C,39629213,https://www.kugou.com/yy/rank/home/7-8888.html?from=rank
2026-08-17,2026-08-17T11:32:53+08:00,酷狗音乐,热歌榜,酷狗TOP500,2026-08-17,137,兰亭序,周杰伦,,4:14,4EC10B1B7B9BEB2F0ADB89BBEC5F664B,960399,https://www.kugou.com/yy/rank/home/7-8888.html?from=rank
2026-08-17,2026-08-17T11:32:53+08:00,酷狗音乐,热歌榜,酷狗TOP500,2026-08-17,138,冷夜,陈默之,,4:07,DC939521FA5F5736A33765D56B90E03C,84595635,https://www.kugou.com/yy/rank/home/7-8888.html?from=rank
2026-08-17,2026-08-17T11:32:53+08:00,酷狗音乐,热歌榜,酷狗TOP500,2026-08-17,139,我知道,BY2,,4:10,38CB283F880797F94A80968E682191E2,530437,https://www.kugou.com/yy/rank/home/7-8888.html?from=rank
2026-08-17,2026-08-17T11:32:53+08:00,酷狗音乐,热歌榜,酷狗TOP500,2026-08-17,140,讲不出再见,谭咏麟,,4:54,2E0BFDC7BA2F759B0208A58CB2C26523,2337635,https://www.kugou.com/yy/rank/home/7-8888.html?from=rank
2026-08-17,2026-08-17T11:32:53+08:00,酷狗音乐,热歌榜,酷狗TOP500,2026-08-17,141,岁月如笔写春秋,郭少杰,,4:11,6FCF099C6A88F85FC8417AFD452D54FD,190046745,https://www.kugou.com/yy/rank/home/7-8888.html?from=rank
2026-08-17,2026-08-17T11:32:53+08:00,酷狗音乐,热歌榜,酷狗TOP500,2026-08-17,142,成都,赵雷,,5:28,A06B033B356BFC974C5245D0195086A5,1802652,https://www.kugou.com/yy/rank/home/7-8888.html?from=rank
2026-08-17,2026-08-17T11:32:53+08:00,酷狗音乐,热歌榜,酷狗TOP500,2026-08-17,143,泡沫 (G.E.M.重生版),G.E.M. 邓紫棋,,4:18,53F2510610AC38F0C15F73B2605E5CEE,150256944,https://www.kugou.com/yy/rank/home/7-8888.html?from=rank
2026-08-17,2026-08-17T11:32:53+08:00,酷狗音乐,热歌榜,酷狗TOP500,2026-08-17,144,体面,于文文,,4:43,B0927C5353E9DD8BD72242BB730DAFF4,8149034,https://www.kugou.com/yy/rank/home/7-8888.html?from=rank
2026-08-17,2026-08-17T11:32:53+08:00,酷狗音乐,热歌榜,酷狗TOP500,2026-08-17,145,ありがとう… (谢谢…),KOKIA,,4:09,E9A08A98614DD992F11A68A5E5F1C79F,1491689,https://www.kugou.com/yy/rank/home/7-8888.html?from=rank
2026-08-17,2026-08-17T11:32:53+08:00,酷狗音乐,热歌榜,酷狗TOP500,2026-08-17,146,淋雨的人,阿图表妹,,3:59,EEB3B4F416E4D8777817C79127FCBFFC,183624154,https://www.kugou.com/yy/rank/home/7-8888.html?from=rank
2026-08-17,2026-08-17T11:32:53+08:00,酷狗音乐,热歌榜,酷狗TOP500,2026-08-17,147,夜曲,周杰伦,,3:47,16C8AB298231370293D16BCF9E5FF9B6,958909,https://www.kugou.com/yy/rank/home/7-8888.html?from=rank
2026-08-17,2026-08-17T11:32:53+08:00,酷狗音乐,热歌榜,酷狗TOP500,2026-08-17,148,人间共鸣,李健,,4:19,C9A5658204BD4E941F3DB2FB132D4968,176253415,https://www.kugou.com/yy/rank/home/7-8888.html?from=rank
2026-08-17,2026-08-17T11:32:53+08:00,酷狗音乐,热歌榜,酷狗TOP500,2026-08-17,149,多远都要在一起,G.E.M. 邓紫棋,,3:38,768F6FA531A3D883BE3F6C91AAF60612,555825,https://www.kugou.com/yy/rank/home/7-8888.html?from=rank
2026-08-17,2026-08-17T11:32:53+08:00,酷狗音乐,热歌榜,酷狗TOP500,2026-08-17,150,不该 (with aMEI),周杰伦、张惠妹,,4:51,FCF336E81DA45A8E696032FFC1708175,1645030,https://www.kugou.com/yy/rank/home/7-8888.html?from=rank
2026-08-17,2026-08-17T11:32:53+08:00,酷狗音乐,热歌榜,酷狗TOP500,2026-08-17,151,落了白,蒋雪儿Snow.J,,3:01,74390D89B6BD2E18CFD7F25968EFD98A,40300587,https://www.kugou.com/yy/rank/home/7-8888.html?from=rank
2026-08-17,2026-08-17T11:32:53+08:00,酷狗音乐,热歌榜,酷狗TOP500,2026-08-17,152,不将就,李荣浩,,5:12,E5F0905C662872A9B05A423FD1ED48B5,1004040,https://www.kugou.com/yy/rank/home/7-8888.html?from=rank
2026-08-17,2026-08-17T11:32:53+08:00,酷狗音乐,热歌榜,酷狗TOP500,2026-08-17,153,爸爸妈妈,乡野低频,,3:00,C1EF0C54DA1572E05167633D8A267E0E,202573533,https://www.kugou.com/yy/rank/home/7-8888.html?from=rank
2026-08-17,2026-08-17T11:32:53+08:00,酷狗音乐,热歌榜,酷狗TOP500,2026-08-17,154,春庭雪 (r&b微醺版),落日微醺,,3:44,34F0A836850778DA37190AA74ED2A06E,195834505,https://www.kugou.com/yy/rank/home/7-8888.html?from=rank
2026-08-17,2026-08-17T11:32:53+08:00,酷狗音乐,热歌榜,酷狗TOP500,2026-08-17,155,西厢寻他,伯爵Johnny、唐伯虎Annie,,3:44,2B657B5B5D781C1A61D7E0D1F5E2DE22,53205523,https://www.kugou.com/yy/rank/home/8-8888.html?from=rank
2026-08-17,2026-08-17T11:32:53+08:00,酷狗音乐,热歌榜,酷狗TOP500,2026-08-17,156,街道,林俊杰,,4:02,D9DF39A88E29EADDB272A4B04393D357,963179,https://www.kugou.com/yy/rank/home/8-8888.html?from=rank
2026-08-17,2026-08-17T11:32:53+08:00,酷狗音乐,热歌榜,酷狗TOP500,2026-08-17,157,素颜,许嵩、何曼婷,,3:59,30C94AE2868E63B1058DA7685E0CDF3B,13264539,https://www.kugou.com/yy/rank/home/8-8888.html?from=rank
2026-08-17,2026-08-17T11:32:53+08:00,酷狗音乐,热歌榜,酷狗TOP500,2026-08-17,158,曾经的你,许巍,,4:21,8D27A0FD0D8B6A9059D3FEEC95E2088D,976268,https://www.kugou.com/yy/rank/home/8-8888.html?from=rank
2026-08-17,2026-08-17T11:32:53+08:00,酷狗音乐,热歌榜,酷狗TOP500,2026-08-17,159,吻别 (烟嗓女版),烟嗓小希,,4:49,12750D3982067B33EB395B9BF2A714E0,200693191,https://www.kugou.com/yy/rank/home/8-8888.html?from=rank
2026-08-17,2026-08-17T11:32:53+08:00,酷狗音乐,热歌榜,酷狗TOP500,2026-08-17,160,发如雪,周杰伦,,4:59,1F7E7659B9FFF4FB6F71562A61BBC25F,958909,https://www.kugou.com/yy/rank/home/8-8888.html?from=rank
2026-08-17,2026-08-17T11:32:53+08:00,酷狗音乐,热歌榜,酷狗TOP500,2026-08-17,161,春娇与志明,街道办GDC、欧阳耀莹,,3:24,E84947402A5E0952FA067566C10264CB,8543461,https://www.kugou.com/yy/rank/home/8-8888.html?from=rank
2026-08-17,2026-08-17T11:32:53+08:00,酷狗音乐,热歌榜,酷狗TOP500,2026-08-17,162,可不可以,张紫豪,,4:01,6079A2ACBA5E782FE24695FDFCDB1887,9618875,https://www.kugou.com/yy/rank/home/8-8888.html?from=rank
2026-08-17,2026-08-17T11:32:53+08:00,酷狗音乐,热歌榜,酷狗TOP500,2026-08-17,163,We Don't Talk Anymore (Mr. Collipark Remix),Charlie Puth、Selena Gomez,,4:14,8F323B0610BE8D862B7CBB41C3398766,1746993,https://www.kugou.com/yy/rank/home/8-8888.html?from=rank
2026-08-17,2026-08-17T11:32:53+08:00,酷狗音乐,热歌榜,酷狗TOP500,2026-08-17,164,空心,光泽,,4:39,4465EE613CC3CF7DCF9448F8ACFED1CA,4141939,https://www.kugou.com/yy/rank/home/8-8888.html?from=rank
2026-08-17,2026-08-17T11:32:53+08:00,酷狗音乐,热歌榜,酷狗TOP500,2026-08-17,165,一生能有多少个秋天,一叶儿知秋,,3:58,8638058FBC28673B1FBC64903725E474,202001781,https://www.kugou.com/yy/rank/home/8-8888.html?from=rank
2026-08-17,2026-08-17T11:32:53+08:00,酷狗音乐,热歌榜,酷狗TOP500,2026-08-17,166,慢冷 (Live),李荣浩,,2:44,3536800EC50F04EBF68FB22E7AF6B124,59599171,https://www.kugou.com/yy/rank/home/8-8888.html?from=rank
2026-08-17,2026-08-17T11:32:53+08:00,酷狗音乐,热歌榜,酷狗TOP500,2026-08-17,167,阳光下的星星,金海心,,4:44,8B60D8B58137C2D256DAA71B9D84C046,1738155,https://www.kugou.com/yy/rank/home/8-8888.html?from=rank
2026-08-17,2026-08-17T11:32:53+08:00,酷狗音乐,热歌榜,酷狗TOP500,2026-08-17,168,Alive,Blue,,3:40,996EE22D2450A7C7528394F7F98432E6,560693,https://www.kugou.com/yy/rank/home/8-8888.html?from=rank
2026-08-17,2026-08-17T11:32:53+08:00,酷狗音乐,热歌榜,酷狗TOP500,2026-08-17,169,还爱着你,文夫,,3:52,A61924D891C970A28150FDF9E5E56C53,171019019,https://www.kugou.com/yy/rank/home/8-8888.html?from=rank
2026-08-17,2026-08-17T11:32:53+08:00,酷狗音乐,热歌榜,酷狗TOP500,2026-08-17,170,爱是难解的签,林响,,3:18,FAA8606D41DE96F865D86398F8A700D9,202168237,https://www.kugou.com/yy/rank/home/8-8888.html?from=rank
2026-08-17,2026-08-17T11:32:53+08:00,酷狗音乐,热歌榜,酷狗TOP500,2026-08-17,171,The Other Side Of Paradise (Explicit),Glass Animals,,5:21,222314858D998CCDDD4BF0B7BAF2F5A2,47764102,https://www.kugou.com/yy/rank/home/8-8888.html?from=rank
2026-08-17,2026-08-17T11:32:53+08:00,酷狗音乐,热歌榜,酷狗TOP500,2026-08-17,172,老男孩,筷子兄弟,,4:59,EB494F1F9199AA29F66E056F116D2F1C,17165001,https://www.kugou.com/yy/rank/home/8-8888.html?from=rank
2026-08-17,2026-08-17T11:32:53+08:00,酷狗音乐,热歌榜,酷狗TOP500,2026-08-17,173,背着风流泪,文夫,,4:14,93313560CDE28F74AA7D2894E3C4D7F7,146986506,https://www.kugou.com/yy/rank/home/8-8888.html?from=rank
2026-08-17,2026-08-17T11:32:53+08:00,酷狗音乐,热歌榜,酷狗TOP500,2026-08-17,174,你有没有真的爱过我 (对唱版),阿图表妹、寂寞阿图,,4:03,3C425FC4496E67468562CA377D7F2B23,190170015,https://www.kugou.com/yy/rank/home/8-8888.html?from=rank
2026-08-17,2026-08-17T11:32:53+08:00,酷狗音乐,热歌榜,酷狗TOP500,2026-08-17,175,西海情歌,刀郎,,5:43,0E5FB14E78AFF13C2DEF97C814537CB7,984281,https://www.kugou.com/yy/rank/home/8-8888.html?from=rank
2026-08-17,2026-08-17T11:32:53+08:00,酷狗音乐,热歌榜,酷狗TOP500,2026-08-17,176,花海,周杰伦,,4:25,3328808CECBD1A1038166003840FDDD7,960399,https://www.kugou.com/yy/rank/home/8-8888.html?from=rank
2026-08-17,2026-08-17T11:32:53+08:00,酷狗音乐,热歌榜,酷狗TOP500,2026-08-17,177,淘汰,陈奕迅,,4:45,90C64A1FB2F32663FA8037D847AABB57,962514,https://www.kugou.com/yy/rank/home/9-8888.html?from=rank
2026-08-17,2026-08-17T11:32:53+08:00,酷狗音乐,热歌榜,酷狗TOP500,2026-08-17,178,关不上的窗,周传雄,,4:53,C9FF4C5E86A76043F004E3BB17E08942,982655,https://www.kugou.com/yy/rank/home/9-8888.html?from=rank
2026-08-17,2026-08-17T11:32:53+08:00,酷狗音乐,热歌榜,酷狗TOP500,2026-08-17,179,失控,井迪,,4:15,44FE8C442EB1F254D15717F1DC03C9BF,40221609,https://www.kugou.com/yy/rank/home/9-8888.html?from=rank
2026-08-17,2026-08-17T11:32:53+08:00,酷狗音乐,热歌榜,酷狗TOP500,2026-08-17,180,枫,周杰伦,,4:36,0D7E8C11C961A17EB8779FEB0CA772E3,958909,https://www.kugou.com/yy/rank/home/9-8888.html?from=rank
2026-08-17,2026-08-17T11:32:53+08:00,酷狗音乐,热歌榜,酷狗TOP500,2026-08-17,181,「最好的地方Ⅱ」演唱会主题曲,王力宏,,2:10,3EEF060170DBB1B29F85775FD0E40B15,202989624,https://www.kugou.com/yy/rank/home/9-8888.html?from=rank
2026-08-17,2026-08-17T11:32:53+08:00,酷狗音乐,热歌榜,酷狗TOP500,2026-08-17,182,晨间新闻,蔡健雅,,3:50,09A4599755FAF50EACBA75F5153A9D92,965319,https://www.kugou.com/yy/rank/home/9-8888.html?from=rank
2026-08-17,2026-08-17T11:32:53+08:00,酷狗音乐,热歌榜,酷狗TOP500,2026-08-17,183,相见恨晚,彭佳慧,,4:15,01214FB85BAF49AB74F10AFA4C363540,977553,https://www.kugou.com/yy/rank/home/9-8888.html?from=rank
2026-08-17,2026-08-17T11:32:53+08:00,酷狗音乐,热歌榜,酷狗TOP500,2026-08-17,184,同花顺,林倛玉,,3:57,87C979FC3CBA27D6345528A1BEF05477,8603846,https://www.kugou.com/yy/rank/home/9-8888.html?from=rank
2026-08-17,2026-08-17T11:32:53+08:00,酷狗音乐,热歌榜,酷狗TOP500,2026-08-17,185,蒲公英的约定,周杰伦,,4:07,A14373681262867AB43FEF5467F4CC1D,979856,https://www.kugou.com/yy/rank/home/9-8888.html?from=rank
2026-08-17,2026-08-17T11:32:53+08:00,酷狗音乐,热歌榜,酷狗TOP500,2026-08-17,186,谁,洋澜一,,3:40,445C54E59AB287FCF15D68FAF92CD9B7,89608819,https://www.kugou.com/yy/rank/home/9-8888.html?from=rank
2026-08-17,2026-08-17T11:32:53+08:00,酷狗音乐,热歌榜,酷狗TOP500,2026-08-17,187,后来的我们,五月天,,5:46,09120C11A5C376EC7D1640098FA70CDC,1748942,https://www.kugou.com/yy/rank/home/9-8888.html?from=rank
2026-08-17,2026-08-17T11:32:53+08:00,酷狗音乐,热歌榜,酷狗TOP500,2026-08-17,188,在你的身边,盛哲,,4:22,38698C9A8BB6637CDDE413C6E210FA54,4128050,https://www.kugou.com/yy/rank/home/9-8888.html?from=rank
2026-08-17,2026-08-17T11:32:53+08:00,酷狗音乐,热歌榜,酷狗TOP500,2026-08-17,189,我是真的爱上你,王杰,,5:03,7C353B672AC945A3FE56022000A239FE,2996801,https://www.kugou.com/yy/rank/home/9-8888.html?from=rank
2026-08-17,2026-08-17T11:32:53+08:00,酷狗音乐,热歌榜,酷狗TOP500,2026-08-17,190,IF YOU,BIGBANG,,4:24,33C5FC6AB3AF0B5B142F12C9556CB178,549436,https://www.kugou.com/yy/rank/home/9-8888.html?from=rank
2026-08-17,2026-08-17T11:32:53+08:00,酷狗音乐,热歌榜,酷狗TOP500,2026-08-17,191,牵丝戏,银临、Aki阿杰,,3:59,5E7FF596F7D6021DA63AF36E91BECE4B,568968,https://www.kugou.com/yy/rank/home/9-8888.html?from=rank
2026-08-17,2026-08-17T11:32:53+08:00,酷狗音乐,热歌榜,酷狗TOP500,2026-08-17,192,甲乙丙丁,七分可可,,3:48,0B96FEEB51604A6904899D0C618F446D,197347781,https://www.kugou.com/yy/rank/home/9-8888.html?from=rank
2026-08-17,2026-08-17T11:32:53+08:00,酷狗音乐,热歌榜,酷狗TOP500,2026-08-17,193,我记得,赵雷,,5:30,8CE80CF10A01F37354D63E49C1B60B60,60018447,https://www.kugou.com/yy/rank/home/9-8888.html?from=rank
2026-08-17,2026-08-17T11:32:53+08:00,酷狗音乐,热歌榜,酷狗TOP500,2026-08-17,194,记事本,陈慧琳,,4:11,26684870E2CE3936A3D72559F67C0606,2996651,https://www.kugou.com/yy/rank/home/9-8888.html?from=rank
2026-08-17,2026-08-17T11:32:53+08:00,酷狗音乐,热歌榜,酷狗TOP500,2026-08-17,195,左边画个虫虫,MOONBOI（杨望舒）,,2:36,DFBE6B78C7622433C29A7F3A1CFA3361,29308257,https://www.kugou.com/yy/rank/home/9-8888.html?from=rank
2026-08-17,2026-08-17T11:32:53+08:00,酷狗音乐,热歌榜,酷狗TOP500,2026-08-17,196,白鸽乌鸦相爱的戏码,潘成（皮卡潘）,,2:54,1B5005F285D8B7FD083CA61C5753E9DB,100112898,https://www.kugou.com/yy/rank/home/9-8888.html?from=rank
2026-08-17,2026-08-17T11:32:53+08:00,酷狗音乐,热歌榜,酷狗TOP500,2026-08-17,197,Beauty And A Beat,Justin Bieber、Nicki Minaj,,3:47,FF5719341A9B004AA3E7312D617AE305,16996733,https://www.kugou.com/yy/rank/home/9-8888.html?from=rank
2026-08-17,2026-08-17T11:32:53+08:00,酷狗音乐,热歌榜,酷狗TOP500,2026-08-17,198,说好的幸福呢,周杰伦,,4:17,892B7AD62499C97A1A994454423E30F6,960399,https://www.kugou.com/yy/rank/home/9-8888.html?from=rank
2026-08-17,2026-08-17T11:32:53+08:00,酷狗音乐,热歌榜,酷狗TOP500,2026-08-17,199,从前说,小阿七,,4:12,56851B29C26109489361B0021A4FDD9E,51858164,https://www.kugou.com/yy/rank/home/10-8888.html?from=rank
2026-08-17,2026-08-17T11:32:53+08:00,酷狗音乐,热歌榜,酷狗TOP500,2026-08-17,200,忘记时间,胡歌,,4:32,BB2759C850804CB32A55480D85D21080,493001,https://www.kugou.com/yy/rank/home/10-8888.html?from=rank
2026-08-17,2026-08-17T11:32:53+08:00,酷狗音乐,热歌榜,酷狗TOP500,2026-08-17,201,下一个天亮,郭静,,4:27,7E2AD47232E7148C642B6836041826C9,971139,https://www.kugou.com/yy/rank/home/10-8888.html?from=rank
2026-08-17,2026-08-17T11:32:53+08:00,酷狗音乐,热歌榜,酷狗TOP500,2026-08-17,202,泪海,许茹芸,,4:58,FBC174E7C22B9AF471B7B93A61751E1B,975212,https://www.kugou.com/yy/rank/home/10-8888.html?from=rank
2026-08-17,2026-08-17T11:32:53+08:00,酷狗音乐,热歌榜,酷狗TOP500,2026-08-17,203,我走后,小咪,,4:08,00751DE0946619BCDE4A4E15397F2A15,22216764,https://www.kugou.com/yy/rank/home/10-8888.html?from=rank
2026-08-17,2026-08-17T11:32:53+08:00,酷狗音乐,热歌榜,酷狗TOP500,2026-08-17,204,太聪明,陈绮贞,,4:23,89101DA817101FEA0C9ECF64EAE2B46F,959335,https://www.kugou.com/yy/rank/home/10-8888.html?from=rank
2026-08-17,2026-08-17T11:32:53+08:00,酷狗音乐,热歌榜,酷狗TOP500,2026-08-17,205,Baby,Justin Bieber、Ludacris,,3:37,493CD2904FAFDAEB8785CC83B8056F5A,508825,https://www.kugou.com/yy/rank/home/10-8888.html?from=rank
2026-08-17,2026-08-17T11:32:53+08:00,酷狗音乐,热歌榜,酷狗TOP500,2026-08-17,206,珊瑚海,周杰伦、Lara梁心颐,,4:16,90E34F0C582168E7EA857915771AB220,958909,https://www.kugou.com/yy/rank/home/10-8888.html?from=rank
2026-08-17,2026-08-17T11:32:53+08:00,酷狗音乐,热歌榜,酷狗TOP500,2026-08-17,207,你瞒我瞒,陈柏宇,,3:58,E8EE57D671769402710C4FF9259D841F,965453,https://www.kugou.com/yy/rank/home/10-8888.html?from=rank
2026-08-17,2026-08-17T11:32:53+08:00,酷狗音乐,热歌榜,酷狗TOP500,2026-08-17,208,今生劫换来生缘 (花开又花谢花满天),黄静美,,2:32,0EC832D2791A7AD5F6B76135F2D2313E,202565327,https://www.kugou.com/yy/rank/home/10-8888.html?from=rank
2026-08-17,2026-08-17T11:32:53+08:00,酷狗音乐,热歌榜,酷狗TOP500,2026-08-17,209,渐冷 (r&b微醺版),落日微醺,,4:04,3AE15B1422C36C6C0BCE88CFBA92C7DC,195834507,https://www.kugou.com/yy/rank/home/10-8888.html?from=rank
2026-08-17,2026-08-17T11:32:53+08:00,酷狗音乐,热歌榜,酷狗TOP500,2026-08-17,210,没那么简单,黄小琥,,5:08,90D82FB9EB6C1F5385F6F086318EE1FA,962530,https://www.kugou.com/yy/rank/home/10-8888.html?from=rank
2026-08-17,2026-08-17T11:32:53+08:00,酷狗音乐,热歌榜,酷狗TOP500,2026-08-17,211,烟花易冷,周杰伦,,4:23,B9FC03DF9015D6BFF0554A110BF2C84F,958812,https://www.kugou.com/yy/rank/home/10-8888.html?from=rank
2026-08-17,2026-08-17T11:32:53+08:00,酷狗音乐,热歌榜,酷狗TOP500,2026-08-17,212,给我一个理由忘记 (Live),丁当、侯明昊,,4:36,D195F74E418D87284BAB6CBFD6C2E427,203565305,https://www.kugou.com/yy/rank/home/10-8888.html?from=rank
2026-08-17,2026-08-17T11:32:53+08:00,酷狗音乐,热歌榜,酷狗TOP500,2026-08-17,213,可惜没如果,林俊杰,,4:58,57D6EAF8F7E593A2C4B780D8045DE5C1,542795,https://www.kugou.com/yy/rank/home/10-8888.html?from=rank
2026-08-17,2026-08-17T11:32:53+08:00,酷狗音乐,热歌榜,酷狗TOP500,2026-08-17,214,如果可以,韦礼安,,4:34,70425DF5F0C9FCED5E0468189A7F4A70,49958186,https://www.kugou.com/yy/rank/home/10-8888.html?from=rank
2026-08-17,2026-08-17T11:32:53+08:00,酷狗音乐,热歌榜,酷狗TOP500,2026-08-17,215,吹梦到西洲,昭爻tsuki、千世,,5:15,FB50469DA48A8CE34532F2888578B7B8,25402785,https://www.kugou.com/yy/rank/home/10-8888.html?from=rank
2026-08-17,2026-08-17T11:32:53+08:00,酷狗音乐,热歌榜,酷狗TOP500,2026-08-17,216,疑心病,任然,,4:43,9D8C7468BE4391B85794617090585646,1818864,https://www.kugou.com/yy/rank/home/10-8888.html?from=rank
2026-08-17,2026-08-17T11:32:53+08:00,酷狗音乐,热歌榜,酷狗TOP500,2026-08-17,217,明天过后 (降调版),二木,,3:20,0C26230D217349FBBDD2AC4F46033406,200443160,https://www.kugou.com/yy/rank/home/10-8888.html?from=rank
2026-08-17,2026-08-17T11:32:53+08:00,酷狗音乐,热歌榜,酷狗TOP500,2026-08-17,218,爱情转移,陈奕迅,,4:19,A549238FA1B05EABE841DFE110899647,962514,https://www.kugou.com/yy/rank/home/10-8888.html?from=rank
2026-08-17,2026-08-17T11:32:53+08:00,酷狗音乐,热歌榜,酷狗TOP500,2026-08-17,219,我是人间的孤独 (现场版),彭妃妃,,3:58,0036FE55B8EC6AD3DF8C9F368129C137,202418617,https://www.kugou.com/yy/rank/home/10-8888.html?from=rank
2026-08-17,2026-08-17T11:32:53+08:00,酷狗音乐,热歌榜,酷狗TOP500,2026-08-17,220,勋章,鹿晗,,3:34,6FB3EB3F13CD64DF6E9784F6E487BAB1,2059004,https://www.kugou.com/yy/rank/home/10-8888.html?from=rank
2026-08-17,2026-08-17T11:32:53+08:00,酷狗音乐,热歌榜,酷狗TOP500,2026-08-17,221,不想失去你,毛不易,,3:30,E14716FBE31AB3CE5BDF84E4A73D288D,203090027,https://www.kugou.com/yy/rank/home/11-8888.html?from=rank
2026-08-17,2026-08-17T11:32:53+08:00,酷狗音乐,热歌榜,酷狗TOP500,2026-08-17,222,先说爱的人为什么先离开,田园,,3:40,6379393814B0A74AB7B87B2FA9E87689,107655422,https://www.kugou.com/yy/rank/home/11-8888.html?from=rank
2026-08-17,2026-08-17T11:32:53+08:00,酷狗音乐,热歌榜,酷狗TOP500,2026-08-17,223,他真的对你好吗,付豪,,4:18,B1B875147F45355FF807402402F5B573,55501876,https://www.kugou.com/yy/rank/home/11-8888.html?from=rank
2026-08-17,2026-08-17T11:32:53+08:00,酷狗音乐,热歌榜,酷狗TOP500,2026-08-17,224,有何不可,许嵩,,4:01,B3D5D7D3A140628D1605BD392467E348,973251,https://www.kugou.com/yy/rank/home/11-8888.html?from=rank
2026-08-17,2026-08-17T11:32:53+08:00,酷狗音乐,热歌榜,酷狗TOP500,2026-08-17,225,感谢你曾来过,Ayo97、周思涵,,4:10,39DCBBDCB0B377628BEF5FD48EF01254,9101627,https://www.kugou.com/yy/rank/home/11-8888.html?from=rank
2026-08-17,2026-08-17T11:32:53+08:00,酷狗音乐,热歌榜,酷狗TOP500,2026-08-17,226,蓝莲花,许巍,,4:31,EDCDC42FEE3A4BC8F2ADBAF96ADE9D77,15247919,https://www.kugou.com/yy/rank/home/11-8888.html?from=rank
2026-08-17,2026-08-17T11:32:53+08:00,酷狗音乐,热歌榜,酷狗TOP500,2026-08-17,227,土坡上的狗尾草,卢润泽,,3:15,5E40742110D3DB109A22BDB1012C6EBB,104913971,https://www.kugou.com/yy/rank/home/11-8888.html?from=rank
2026-08-17,2026-08-17T11:32:53+08:00,酷狗音乐,热歌榜,酷狗TOP500,2026-08-17,228,踏马寻花向自由 (低音版),DJ铁柱,,2:58,0E38423B5CF278ADB8E359692609EAF7,201099960,https://www.kugou.com/yy/rank/home/11-8888.html?from=rank
2026-08-17,2026-08-17T11:32:53+08:00,酷狗音乐,热歌榜,酷狗TOP500,2026-08-17,229,再见太难,利得汇,,4:48,AFAA7ACF75FCF8DAC78C0AF7C40D3E9D,2996827,https://www.kugou.com/yy/rank/home/11-8888.html?from=rank
2026-08-17,2026-08-17T11:32:53+08:00,酷狗音乐,热歌榜,酷狗TOP500,2026-08-17,230,为爱痴狂 (想要问问你敢不敢),金志文,,2:21,8CA8C420761A7C36FF16DD42FE5D331D,194629486,https://www.kugou.com/yy/rank/home/11-8888.html?from=rank
2026-08-17,2026-08-17T11:32:53+08:00,酷狗音乐,热歌榜,酷狗TOP500,2026-08-17,231,不浪漫罪名,王杰,,4:48,4255D3F001B95B07F2D5BE330D14A780,503247,https://www.kugou.com/yy/rank/home/11-8888.html?from=rank
2026-08-17,2026-08-17T11:32:53+08:00,酷狗音乐,热歌榜,酷狗TOP500,2026-08-17,232,想你爱你在梦里,陈雅森,,3:59,521966C98C1D1B6503453A80179ABC80,203095846,https://www.kugou.com/yy/rank/home/11-8888.html?from=rank
2026-08-17,2026-08-17T11:32:53+08:00,酷狗音乐,热歌榜,酷狗TOP500,2026-08-17,233,菩提树下我为你流泪,铃小花,,2:40,65F6501868D8B30C24CABD25B36BDDAD,178028527,https://www.kugou.com/yy/rank/home/11-8888.html?from=rank
2026-08-17,2026-08-17T11:32:53+08:00,酷狗音乐,热歌榜,酷狗TOP500,2026-08-17,234,Radio (Dum-Dum),宋雨琦 (YUQI),,2:32,E8FFC3F649DA4476E2CEABFF3F94D103,140913986,https://www.kugou.com/yy/rank/home/11-8888.html?from=rank
2026-08-17,2026-08-17T11:32:53+08:00,酷狗音乐,热歌榜,酷狗TOP500,2026-08-17,235,别回头 (不朽版),PAMajor,,3:32,887215E010BC9D5CB82830A131C86596,163052521,https://www.kugou.com/yy/rank/home/11-8888.html?from=rank
2026-08-17,2026-08-17T11:32:53+08:00,酷狗音乐,热歌榜,酷狗TOP500,2026-08-17,236,起风了,买辣椒也用券,,5:26,5C035CBF390FEF6B536020A57749EF70,53218722,https://www.kugou.com/yy/rank/home/11-8888.html?from=rank
2026-08-17,2026-08-17T11:32:53+08:00,酷狗音乐,热歌榜,酷狗TOP500,2026-08-17,237,每个人 (舒楠监制 官方正式版|贵州方言完整版),周深,,3:51,E3A3ABE2665108CE67F09094D4AE02A8,202043425,https://www.kugou.com/yy/rank/home/11-8888.html?from=rank
2026-08-17,2026-08-17T11:32:53+08:00,酷狗音乐,热歌榜,酷狗TOP500,2026-08-17,238,手放开,李圣杰,,4:25,022583751858F1E3558F32EC4ECF7DD5,959847,https://www.kugou.com/yy/rank/home/11-8888.html?from=rank
2026-08-17,2026-08-17T11:32:53+08:00,酷狗音乐,热歌榜,酷狗TOP500,2026-08-17,239,最难念的经是情,千百顺,,3:46,926D86B70FEE4C3B3CC4676824F0C4E0,202295046,https://www.kugou.com/yy/rank/home/11-8888.html?from=rank
2026-08-17,2026-08-17T11:32:53+08:00,酷狗音乐,热歌榜,酷狗TOP500,2026-08-17,240,最后一页,江语晨,,4:06,EF053996094A323B42C35195E9781A30,1596655,https://www.kugou.com/yy/rank/home/11-8888.html?from=rank
2026-08-17,2026-08-17T11:32:53+08:00,酷狗音乐,热歌榜,酷狗TOP500,2026-08-17,241,什么是逍遥,王同学Able,,3:28,4BF659E4D3060B52D4F9925AF9D0CA02,45288306,https://www.kugou.com/yy/rank/home/11-8888.html?from=rank
2026-08-17,2026-08-17T11:32:53+08:00,酷狗音乐,热歌榜,酷狗TOP500,2026-08-17,242,太多 (R&B),落日微醺,,3:54,0FAE8E25895CB68F57A20A676B09E04E,196615244,https://www.kugou.com/yy/rank/home/11-8888.html?from=rank
2026-08-17,2026-08-17T11:32:53+08:00,酷狗音乐,热歌榜,酷狗TOP500,2026-08-17,243,沦陷,贾格JuggShots,,3:04,64C2E5D33BE5F53758F3E96DC8EEC3C3,95717116,https://www.kugou.com/yy/rank/home/12-8888.html?from=rank
2026-08-17,2026-08-17T11:32:53+08:00,酷狗音乐,热歌榜,酷狗TOP500,2026-08-17,244,我的歌声里,曲婉婷,,3:37,227D8E7B7B6EAF7509BB345A7B718EB2,516422,https://www.kugou.com/yy/rank/home/12-8888.html?from=rank
2026-08-17,2026-08-17T11:32:53+08:00,酷狗音乐,热歌榜,酷狗TOP500,2026-08-17,245,爱如潮水,张信哲,,4:31,7D372165ED6AD2C00DD2B473529BE9CE,538030,https://www.kugou.com/yy/rank/home/12-8888.html?from=rank
2026-08-17,2026-08-17T11:32:53+08:00,酷狗音乐,热歌榜,酷狗TOP500,2026-08-17,246,虚拟,陈粒,,4:01,AEF0740270FE89918F07807C8D669FB7,1749208,https://www.kugou.com/yy/rank/home/12-8888.html?from=rank
2026-08-17,2026-08-17T11:32:53+08:00,酷狗音乐,热歌榜,酷狗TOP500,2026-08-17,247,不再犹豫,BEYOND,,4:15,C477FE5B38147B7522DFCF3DC5BB8A6B,8176296,https://www.kugou.com/yy/rank/home/12-8888.html?from=rank
2026-08-17,2026-08-17T11:32:53+08:00,酷狗音乐,热歌榜,酷狗TOP500,2026-08-17,248,听说当初你找过我,贺一航,,4:06,8853D5BDDDE97FEACFAF65371B68AD57,1969900,https://www.kugou.com/yy/rank/home/12-8888.html?from=rank
2026-08-17,2026-08-17T11:32:53+08:00,酷狗音乐,热歌榜,酷狗TOP500,2026-08-17,249,明明就,周杰伦,,4:20,D85C14E02008B7A2F97D55CDC29C2221,982051,https://www.kugou.com/yy/rank/home/12-8888.html?from=rank
2026-08-17,2026-08-17T11:32:53+08:00,酷狗音乐,热歌榜,酷狗TOP500,2026-08-17,250,你有没有真的爱过我 (烟嗓版),寂寞阿图,,3:45,5EF8404977086AB95C304D857271FB10,190169654,https://www.kugou.com/yy/rank/home/12-8888.html?from=rank
2026-08-17,2026-08-17T11:32:53+08:00,酷狗音乐,热歌榜,酷狗TOP500,2026-08-17,251,十面埋伏,陈奕迅,,3:52,90B8469459CBA58A5DDEDD9350286DD8,2996227,https://www.kugou.com/yy/rank/home/12-8888.html?from=rank
2026-08-17,2026-08-17T11:32:53+08:00,酷狗音乐,热歌榜,酷狗TOP500,2026-08-17,252,Creepin' up on You,Darren Hayes,,4:53,6348CF4041BEE19FAD536C563C32695A,1593407,https://www.kugou.com/yy/rank/home/12-8888.html?from=rank
2026-08-17,2026-08-17T11:32:53+08:00,酷狗音乐,热歌榜,酷狗TOP500,2026-08-17,253,琵琶曲,郑浩、冰洁,,3:55,244A022D6CB3FDE50B24E76402053EB3,180917343,https://www.kugou.com/yy/rank/home/12-8888.html?from=rank
2026-08-17,2026-08-17T11:32:53+08:00,酷狗音乐,热歌榜,酷狗TOP500,2026-08-17,254,模特,李荣浩,,5:06,87EBC49856D2CB3C04992C9A87E5A5C5,968143,https://www.kugou.com/yy/rank/home/12-8888.html?from=rank
2026-08-17,2026-08-17T11:32:53+08:00,酷狗音乐,热歌榜,酷狗TOP500,2026-08-17,255,刻在我心底的名字,卢广仲,,5:20,5CDCAAF9E7B91E94FD012589D00FDBEA,39020767,https://www.kugou.com/yy/rank/home/12-8888.html?from=rank
2026-08-17,2026-08-17T11:32:53+08:00,酷狗音乐,热歌榜,酷狗TOP500,2026-08-17,256,Lonely,Nana,,6:21,DD6AD636BD00699C1218CD25D7657099,45833884,https://www.kugou.com/yy/rank/home/12-8888.html?from=rank
2026-08-17,2026-08-17T11:32:53+08:00,酷狗音乐,热歌榜,酷狗TOP500,2026-08-17,257,夏夜最后的烟火,颜人中,,4:40,4E418EDAB22093B51C78C81C0A8C9B31,39949767,https://www.kugou.com/yy/rank/home/12-8888.html?from=rank
2026-08-17,2026-08-17T11:32:53+08:00,酷狗音乐,热歌榜,酷狗TOP500,2026-08-17,258,冲动的惩罚,刀郎,,7:54,84073718AE6A82366444C3B5AE526FAC,964521,https://www.kugou.com/yy/rank/home/12-8888.html?from=rank
2026-08-17,2026-08-17T11:32:53+08:00,酷狗音乐,热歌榜,酷狗TOP500,2026-08-17,259,幻听,许嵩,,4:33,24F5E7555646965CD7D1A924452B3300,973046,https://www.kugou.com/yy/rank/home/12-8888.html?from=rank
2026-08-17,2026-08-17T11:32:53+08:00,酷狗音乐,热歌榜,酷狗TOP500,2026-08-17,260,阿衣莫,阿吉太组合,,5:14,000B4DC2694B23AD4258EE551A00C599,4138802,https://www.kugou.com/yy/rank/home/12-8888.html?from=rank
2026-08-17,2026-08-17T11:32:53+08:00,酷狗音乐,热歌榜,酷狗TOP500,2026-08-17,261,最长的电影,周杰伦,,3:56,2F6D441163A92AEE5E52B8E94F36A3C7,979856,https://www.kugou.com/yy/rank/home/12-8888.html?from=rank
2026-08-17,2026-08-17T11:32:53+08:00,酷狗音乐,热歌榜,酷狗TOP500,2026-08-17,262,不遗憾,李荣浩,,5:20,40CE38D5DB930F404EB26F58978BEC3D,44404137,https://www.kugou.com/yy/rank/home/12-8888.html?from=rank
2026-08-17,2026-08-17T11:32:53+08:00,酷狗音乐,热歌榜,酷狗TOP500,2026-08-17,263,I Miss You (暗黑Trap版),超级大瓜,,2:56,D04E732B1310DF5536506CEF6826A96A,197475978,https://www.kugou.com/yy/rank/home/12-8888.html?from=rank
2026-08-17,2026-08-17T11:32:53+08:00,酷狗音乐,热歌榜,酷狗TOP500,2026-08-17,264,老街,李荣浩,,5:19,30E7F7CCB57EB16D1BE3EC71D7ADB071,964378,https://www.kugou.com/yy/rank/home/12-8888.html?from=rank
2026-08-17,2026-08-17T11:32:53+08:00,酷狗音乐,热歌榜,酷狗TOP500,2026-08-17,265,Poker Face,Lady Gaga,,3:57,645E837927E3207AD0AEA3997EB00444,38501704,https://www.kugou.com/yy/rank/home/13-8888.html?from=rank
2026-08-17,2026-08-17T11:32:53+08:00,酷狗音乐,热歌榜,酷狗TOP500,2026-08-17,266,最坏名字,童珺,,3:37,567C9AD42E3BA332F025EA685DD481EC,138535179,https://www.kugou.com/yy/rank/home/13-8888.html?from=rank
2026-08-17,2026-08-17T11:32:53+08:00,酷狗音乐,热歌榜,酷狗TOP500,2026-08-17,267,我们的歌,王力宏,,4:08,4E294957A0D9B72A78B61F3C2A63B6CC,503223,https://www.kugou.com/yy/rank/home/13-8888.html?from=rank
2026-08-17,2026-08-17T11:32:53+08:00,酷狗音乐,热歌榜,酷狗TOP500,2026-08-17,268,冬天的秘密,周传雄,,4:33,1088AEEAB9674A49F8067DCDEB1FC1EE,982655,https://www.kugou.com/yy/rank/home/13-8888.html?from=rank
2026-08-17,2026-08-17T11:32:53+08:00,酷狗音乐,热歌榜,酷狗TOP500,2026-08-17,269,真的爱你,BEYOND,,4:35,C46916711631EA28508A41C325A74E1B,971451,https://www.kugou.com/yy/rank/home/13-8888.html?from=rank
2026-08-17,2026-08-17T11:32:53+08:00,酷狗音乐,热歌榜,酷狗TOP500,2026-08-17,270,Amani (女声版),落日微醺,,3:54,0E1705D85CE6D8BE87784DFA9C9A5624,194642479,https://www.kugou.com/yy/rank/home/13-8888.html?from=rank
2026-08-17,2026-08-17T11:32:53+08:00,酷狗音乐,热歌榜,酷狗TOP500,2026-08-17,271,别想太多,心栖原野,,2:48,A8366A02D584B678C5555B7251E3157A,202304456,https://www.kugou.com/yy/rank/home/13-8888.html?from=rank
2026-08-17,2026-08-17T11:32:53+08:00,酷狗音乐,热歌榜,酷狗TOP500,2026-08-17,272,哼着你爱听的歌 (女版),田园,,3:20,37B0685181098FB8427291594EDBC8CD,162686180,https://www.kugou.com/yy/rank/home/13-8888.html?from=rank
2026-08-17,2026-08-17T11:32:53+08:00,酷狗音乐,热歌榜,酷狗TOP500,2026-08-17,273,瞬,郑润泽,,4:45,C06970FDB48E8E1F9BBC7577B7BC1938,75949211,https://www.kugou.com/yy/rank/home/13-8888.html?from=rank
2026-08-17,2026-08-17T11:32:53+08:00,酷狗音乐,热歌榜,酷狗TOP500,2026-08-17,274,一样的月光,徐佳莹,,4:00,E470A579E87A5436E68FAA51AD18A379,972101,https://www.kugou.com/yy/rank/home/13-8888.html?from=rank
2026-08-17,2026-08-17T11:32:53+08:00,酷狗音乐,热歌榜,酷狗TOP500,2026-08-17,275,谁明浪子心,王杰,,5:01,1E54C9C01C9DFC5C68F743368F353711,983991,https://www.kugou.com/yy/rank/home/13-8888.html?from=rank
2026-08-17,2026-08-17T11:32:53+08:00,酷狗音乐,热歌榜,酷狗TOP500,2026-08-17,276,喜欢你 (G.E.M.重生版),G.E.M. 邓紫棋,,4:03,AA4D82A7506DE809B7A89F91B73F3E1E,150256944,https://www.kugou.com/yy/rank/home/13-8888.html?from=rank
2026-08-17,2026-08-17T11:32:53+08:00,酷狗音乐,热歌榜,酷狗TOP500,2026-08-17,277,不能说的秘密,周杰伦,,4:57,EDFC5DD1AC3D58971AB95B3E2700D015,554150,https://www.kugou.com/yy/rank/home/13-8888.html?from=rank
2026-08-17,2026-08-17T11:32:53+08:00,酷狗音乐,热歌榜,酷狗TOP500,2026-08-17,278,天外来物,薛之谦,,4:17,761C1EAFBD1E22504B487F84D2152DF5,40890018,https://www.kugou.com/yy/rank/home/13-8888.html?from=rank
2026-08-17,2026-08-17T11:32:53+08:00,酷狗音乐,热歌榜,酷狗TOP500,2026-08-17,279,年少有为,李荣浩,,4:39,3A5C1D6CDABB2FDA813F8F8B7E4D08B0,8873395,https://www.kugou.com/yy/rank/home/13-8888.html?from=rank
2026-08-17,2026-08-17T11:32:53+08:00,酷狗音乐,热歌榜,酷狗TOP500,2026-08-17,280,第一次爱的人,王心凌,,3:53,38539E18FBB3E9A8DFA84A892CA718F6,979891,https://www.kugou.com/yy/rank/home/13-8888.html?from=rank
2026-08-17,2026-08-17T11:32:53+08:00,酷狗音乐,热歌榜,酷狗TOP500,2026-08-17,281,你还要我怎样,薛之谦,,5:11,8C6AAC48FB5C3759042E4C8699544C6F,960327,https://www.kugou.com/yy/rank/home/13-8888.html?from=rank
2026-08-17,2026-08-17T11:32:53+08:00,酷狗音乐,热歌榜,酷狗TOP500,2026-08-17,282,无名的人,毛不易,,4:42,525A854C4A4EDF63CAF528D693F69CE0,51231315,https://www.kugou.com/yy/rank/home/13-8888.html?from=rank
2026-08-17,2026-08-17T11:32:53+08:00,酷狗音乐,热歌榜,酷狗TOP500,2026-08-17,283,无名之辈,陈雪燃,,4:23,D08C3E2B2463AA9FC72D65AD6DA94E4E,24460217,https://www.kugou.com/yy/rank/home/13-8888.html?from=rank
2026-08-17,2026-08-17T11:32:53+08:00,酷狗音乐,热歌榜,酷狗TOP500,2026-08-17,284,Баллада (民谣),Xcho、Мот,,3:02,0B2EC37A6E065AD181378AAD27391F8F,91468549,https://www.kugou.com/yy/rank/home/13-8888.html?from=rank
2026-08-17,2026-08-17T11:32:53+08:00,酷狗音乐,热歌榜,酷狗TOP500,2026-08-17,285,水手,郑智化,,4:53,6DCF10DEA98A7C9F755BE385E822BE05,967718,https://www.kugou.com/yy/rank/home/13-8888.html?from=rank
2026-08-17,2026-08-17T11:32:53+08:00,酷狗音乐,热歌榜,酷狗TOP500,2026-08-17,286,梦哑 (Live),杨丞琳、黄子弘凡,,4:07,FB6169D741E2119A03D6BDAE5A5E4113,203565305,https://www.kugou.com/yy/rank/home/13-8888.html?from=rank
2026-08-17,2026-08-17T11:32:53+08:00,酷狗音乐,热歌榜,酷狗TOP500,2026-08-17,287,岸边客,夏子航（2603）,,4:32,E87EEB7804D4708714E6C38DE1F8E649,161846818,https://www.kugou.com/yy/rank/home/14-8888.html?from=rank
2026-08-17,2026-08-17T11:32:53+08:00,酷狗音乐,热歌榜,酷狗TOP500,2026-08-17,288,忘了你忘了我,王杰,,4:38,95CBD367E98724883CA99874AD626446,962390,https://www.kugou.com/yy/rank/home/14-8888.html?from=rank
2026-08-17,2026-08-17T11:32:53+08:00,酷狗音乐,热歌榜,酷狗TOP500,2026-08-17,289,执子之手,宝石Gem、哩哩,,3:10,A84D44A92F427A3198ECEE703B708478,61962429,https://www.kugou.com/yy/rank/home/14-8888.html?from=rank
2026-08-17,2026-08-17T11:32:53+08:00,酷狗音乐,热歌榜,酷狗TOP500,2026-08-17,290,Fatal Love,Jori King,,3:10,C7D617F765E8F748C0F82C21267D0898,658485,https://www.kugou.com/yy/rank/home/14-8888.html?from=rank
2026-08-17,2026-08-17T11:32:53+08:00,酷狗音乐,热歌榜,酷狗TOP500,2026-08-17,291,搀扶,马健涛,,5:28,D95AE3CC810BB62D28505AE1510C329F,130332417,https://www.kugou.com/yy/rank/home/14-8888.html?from=rank
2026-08-17,2026-08-17T11:32:53+08:00,酷狗音乐,热歌榜,酷狗TOP500,2026-08-17,292,Fast Cars & Superstars,Cristian Marchi、Reverend Haus,,2:52,9EA177A8A77A9E31B164F6BDA20D4776,81561846,https://www.kugou.com/yy/rank/home/14-8888.html?from=rank
2026-08-17,2026-08-17T11:32:53+08:00,酷狗音乐,热歌榜,酷狗TOP500,2026-08-17,293,我不该动情 (藏语男女合唱版),万能和弦,,3:25,E1CDCF04108F3E2A756E3732E80EEF42,199546874,https://www.kugou.com/yy/rank/home/14-8888.html?from=rank
2026-08-17,2026-08-17T11:32:53+08:00,酷狗音乐,热歌榜,酷狗TOP500,2026-08-17,294,如果当时,许嵩,,5:16,697712B7504DA5541C3ED4D117AE1018,973251,https://www.kugou.com/yy/rank/home/14-8888.html?from=rank
2026-08-17,2026-08-17T11:32:53+08:00,酷狗音乐,热歌榜,酷狗TOP500,2026-08-17,295,飞鸟和蝉,任然,,4:56,EB5F5AF3993F6537F2C70B959F2DCD6B,38339036,https://www.kugou.com/yy/rank/home/14-8888.html?from=rank
2026-08-17,2026-08-17T11:32:53+08:00,酷狗音乐,热歌榜,酷狗TOP500,2026-08-17,296,租购,薛之谦,,4:31,B96A6102B2238E21C463E96A7D81E840,130133801,https://www.kugou.com/yy/rank/home/14-8888.html?from=rank
2026-08-17,2026-08-17T11:32:53+08:00,酷狗音乐,热歌榜,酷狗TOP500,2026-08-17,297,你就不要想起我,田馥甄,,4:41,33E67CD9B775093E93CBABBD649DF087,965595,https://www.kugou.com/yy/rank/home/14-8888.html?from=rank
2026-08-17,2026-08-17T11:32:53+08:00,酷狗音乐,热歌榜,酷狗TOP500,2026-08-17,298,跨不过的距离,虎二,,4:31,FED5892036FBD176F6FEAE973C565E59,38209191,https://www.kugou.com/yy/rank/home/14-8888.html?from=rank
2026-08-17,2026-08-17T11:32:53+08:00,酷狗音乐,热歌榜,酷狗TOP500,2026-08-17,299,연애의 조건 (恋爱的条件),BESTie,,3:12,FBE0D895B585AFAD693FE42529311608,959733,https://www.kugou.com/yy/rank/home/14-8888.html?from=rank
2026-08-17,2026-08-17T11:32:53+08:00,酷狗音乐,热歌榜,酷狗TOP500,2026-08-17,300,遗失的心跳,萧亚轩,,3:37,54C1A6E877BB37D052A86D4C41604FE7,521727,https://www.kugou.com/yy/rank/home/14-8888.html?from=rank
2026-08-17,2026-08-17T11:32:53+08:00,酷狗音乐,热歌榜,酷狗TOP500,2026-08-17,301,真夜中のドア/Stay With Me (深夜门扉/留在我身边)(シングルver.),松原みき,,4:34,1E1898733BB33FBEE0CD6EDAD4AC0DEB,9661475,https://www.kugou.com/yy/rank/home/14-8888.html?from=rank
2026-08-17,2026-08-17T11:32:53+08:00,酷狗音乐,热歌榜,酷狗TOP500,2026-08-17,302,不潮不用花钱,林俊杰,,3:54,5A84BBA4C673BEA45083C521ADF366AF,963179,https://www.kugou.com/yy/rank/home/14-8888.html?from=rank
2026-08-17,2026-08-17T11:32:53+08:00,酷狗音乐,热歌榜,酷狗TOP500,2026-08-17,303,Letting Go,蔡健雅,,4:23,326CBB23BAA90062047512376AA406A4,978874,https://www.kugou.com/yy/rank/home/14-8888.html?from=rank
2026-08-17,2026-08-17T11:32:53+08:00,酷狗音乐,热歌榜,酷狗TOP500,2026-08-17,304,断点,张敬轩,,4:28,2C2A571D91FF7BF6FE814887FFA7E592,2996592,https://www.kugou.com/yy/rank/home/14-8888.html?from=rank
2026-08-17,2026-08-17T11:32:53+08:00,酷狗音乐,热歌榜,酷狗TOP500,2026-08-17,305,情罪,陈瑞,,4:45,9642484D6F37650295B370CD52553DC5,80617215,https://www.kugou.com/yy/rank/home/14-8888.html?from=rank
2026-08-17,2026-08-17T11:32:53+08:00,酷狗音乐,热歌榜,酷狗TOP500,2026-08-17,306,走走,李荣浩,,5:04,0BD5B6F56CED35BB3380425EC02E1098,106374641,https://www.kugou.com/yy/rank/home/14-8888.html?from=rank
2026-08-17,2026-08-17T11:32:53+08:00,酷狗音乐,热歌榜,酷狗TOP500,2026-08-17,307,花开忘忧,周深,,4:13,D56829B960F16427899EE933A67F6F85,60562012,https://www.kugou.com/yy/rank/home/14-8888.html?from=rank
2026-08-17,2026-08-17T11:32:53+08:00,酷狗音乐,热歌榜,酷狗TOP500,2026-08-17,308,九百九十九朵玫瑰 (r&b),落日微醺,,4:07,0969B2B26405C8DDEC7C72292F794D48,184352572,https://www.kugou.com/yy/rank/home/14-8888.html?from=rank
2026-08-17,2026-08-17T11:32:53+08:00,酷狗音乐,热歌榜,酷狗TOP500,2026-08-17,309,老人与海,海鸣威、吴琼,,4:26,64550F3E833ABE710545EA84FC82754E,1778632,https://www.kugou.com/yy/rank/home/15-8888.html?from=rank
2026-08-17,2026-08-17T11:32:53+08:00,酷狗音乐,热歌榜,酷狗TOP500,2026-08-17,310,雨蝶,李翊君,,3:51,C83424ACF417185057E278554B91D4C0,7549108,https://www.kugou.com/yy/rank/home/15-8888.html?from=rank
2026-08-17,2026-08-17T11:32:53+08:00,酷狗音乐,热歌榜,酷狗TOP500,2026-08-17,311,座位,于冬然,,3:29,D87A09DB3166215E5DFD4A30C922509E,137485296,https://www.kugou.com/yy/rank/home/15-8888.html?from=rank
2026-08-17,2026-08-17T11:32:53+08:00,酷狗音乐,热歌榜,酷狗TOP500,2026-08-17,312,Because of You,Kelly Clarkson,,3:39,FED9A7BE6BC7D2FF3B8426ECEF34A2B6,1592158,https://www.kugou.com/yy/rank/home/15-8888.html?from=rank
2026-08-17,2026-08-17T11:32:53+08:00,酷狗音乐,热歌榜,酷狗TOP500,2026-08-17,313,不要忘记我爱你,张碧晨,,3:45,C8EBD31EB4B28B4B845119637D90C58D,17022285,https://www.kugou.com/yy/rank/home/15-8888.html?from=rank
2026-08-17,2026-08-17T11:32:53+08:00,酷狗音乐,热歌榜,酷狗TOP500,2026-08-17,314,恶作剧,王蓝茵,,3:47,05B893FC78627C3F5635491BBB35167E,720564,https://www.kugou.com/yy/rank/home/15-8888.html?from=rank
2026-08-17,2026-08-17T11:32:53+08:00,酷狗音乐,热歌榜,酷狗TOP500,2026-08-17,315,想你的夜,关喆,,4:25,1404A292A6E122C99696BDFF04CE982F,963737,https://www.kugou.com/yy/rank/home/15-8888.html?from=rank
2026-08-17,2026-08-17T11:32:53+08:00,酷狗音乐,热歌榜,酷狗TOP500,2026-08-17,316,是我不够好,李毓芬,,3:37,2B152C85BA2B73CBC79EA722928EF425,1590098,https://www.kugou.com/yy/rank/home/15-8888.html?from=rank
2026-08-17,2026-08-17T11:32:53+08:00,酷狗音乐,热歌榜,酷狗TOP500,2026-08-17,317,你的承诺,海鸣威,,3:53,B1996C2589FADECA9759A420E1EC3FE3,19347507,https://www.kugou.com/yy/rank/home/15-8888.html?from=rank
2026-08-17,2026-08-17T11:32:53+08:00,酷狗音乐,热歌榜,酷狗TOP500,2026-08-17,318,Come Back To Me,宇多田ヒカル,,3:58,0689D23157B40D6FDCFA3D1D3784B6FC,966129,https://www.kugou.com/yy/rank/home/15-8888.html?from=rank
2026-08-17,2026-08-17T11:32:53+08:00,酷狗音乐,热歌榜,酷狗TOP500,2026-08-17,319,我们总是喜欢在夏天讨论永远,时代少年团,,4:48,027DCDA8A5732E8C9C10FB65B71BCF36,202607051,https://www.kugou.com/yy/rank/home/15-8888.html?from=rank
2026-08-17,2026-08-17T11:32:53+08:00,酷狗音乐,热歌榜,酷狗TOP500,2026-08-17,320,平凡之路,朴树,,5:01,2BE5DE80E68B3346918D38CF7527D979,2944963,https://www.kugou.com/yy/rank/home/15-8888.html?from=rank
2026-08-17,2026-08-17T11:32:53+08:00,酷狗音乐,热歌榜,酷狗TOP500,2026-08-17,321,烟火 (孤孤单单一个人),京六,,4:06,495D65F83F80948BE9E2683AEFD0E20A,198377118,https://www.kugou.com/yy/rank/home/15-8888.html?from=rank
2026-08-17,2026-08-17T11:32:53+08:00,酷狗音乐,热歌榜,酷狗TOP500,2026-08-17,322,坠落,蔡健雅,,4:10,233254CB517BAA74387361C2158519DA,974379,https://www.kugou.com/yy/rank/home/15-8888.html?from=rank
2026-08-17,2026-08-17T11:32:53+08:00,酷狗音乐,热歌榜,酷狗TOP500,2026-08-17,323,叹云兮,鞠婧祎,,4:43,DB94CC1C55558D7ED4B0E402A2DF065D,8700851,https://www.kugou.com/yy/rank/home/15-8888.html?from=rank
2026-08-17,2026-08-17T11:32:53+08:00,酷狗音乐,热歌榜,酷狗TOP500,2026-08-17,324,夏天的风,温岚,,4:01,33431BA8C2FB438ED064AE5DEEB2985F,2997111,https://www.kugou.com/yy/rank/home/15-8888.html?from=rank
2026-08-17,2026-08-17T11:32:53+08:00,酷狗音乐,热歌榜,酷狗TOP500,2026-08-17,325,红颜旧 (氛围版),周深深,,3:48,76FA92299B2443816030D744CF70FA3B,198814170,https://www.kugou.com/yy/rank/home/15-8888.html?from=rank
2026-08-17,2026-08-17T11:32:53+08:00,酷狗音乐,热歌榜,酷狗TOP500,2026-08-17,326,秋殇别恋 (男女撕裂对唱),梨子芥菜、戚悦,,4:19,CA8495DA3927226C0A3FBBD6B95B8315,190178204,https://www.kugou.com/yy/rank/home/15-8888.html?from=rank
2026-08-17,2026-08-17T11:32:53+08:00,酷狗音乐,热歌榜,酷狗TOP500,2026-08-17,327,倒数,G.E.M. 邓紫棋,,3:49,65945C4D6FB03D7997AE133C9BE5715D,9373625,https://www.kugou.com/yy/rank/home/15-8888.html?from=rank
2026-08-17,2026-08-17T11:32:53+08:00,酷狗音乐,热歌榜,酷狗TOP500,2026-08-17,328,再见只是陌生人,庄心妍,,4:12,67F2E5F1B47C2B86E201518FD24D9831,556403,https://www.kugou.com/yy/rank/home/15-8888.html?from=rank
2026-08-17,2026-08-17T11:32:53+08:00,酷狗音乐,热歌榜,酷狗TOP500,2026-08-17,329,我太笨,锤娜丽莎,,4:25,A5D4F40382C0DF1A95A48A617793F03E,46432417,https://www.kugou.com/yy/rank/home/15-8888.html?from=rank
2026-08-17,2026-08-17T11:32:53+08:00,酷狗音乐,热歌榜,酷狗TOP500,2026-08-17,330,不负众望,陈婉菁,,3:55,B54BD54DD6B27B311A9F7E2CF9505D3E,62005607,https://www.kugou.com/yy/rank/home/15-8888.html?from=rank
2026-08-17,2026-08-17T11:32:53+08:00,酷狗音乐,热歌榜,酷狗TOP500,2026-08-17,331,爱我的人和我爱的人 (对唱版),张家旺、悦开心,,3:52,FFD58B572BFB5227CA53F66BAD45FF52,59950148,https://www.kugou.com/yy/rank/home/16-8888.html?from=rank
2026-08-17,2026-08-17T11:32:53+08:00,酷狗音乐,热歌榜,酷狗TOP500,2026-08-17,332,暧昧,薛之谦,,5:12,B3A4E466F13F44FA0B91FA4EB8E6DECA,7818079,https://www.kugou.com/yy/rank/home/16-8888.html?from=rank
2026-08-17,2026-08-17T11:32:53+08:00,酷狗音乐,热歌榜,酷狗TOP500,2026-08-17,333,不得不爱,潘玮柏、弦子,,4:41,8F9E3FD474EA612C61EB20D1415767BF,972809,https://www.kugou.com/yy/rank/home/16-8888.html?from=rank
2026-08-17,2026-08-17T11:32:53+08:00,酷狗音乐,热歌榜,酷狗TOP500,2026-08-17,334,还魂门,胡彦斌,,4:16,9DFF2FBFA5D536C143F8EBC289E85F9D,1746982,https://www.kugou.com/yy/rank/home/16-8888.html?from=rank
2026-08-17,2026-08-17T11:32:53+08:00,酷狗音乐,热歌榜,酷狗TOP500,2026-08-17,335,是你没选我啊,于冬然,,3:22,885046DF8380B7506A6B12EC8F6E201D,176303736,https://www.kugou.com/yy/rank/home/16-8888.html?from=rank
2026-08-17,2026-08-17T11:32:53+08:00,酷狗音乐,热歌榜,酷狗TOP500,2026-08-17,336,爱我还是他,陶喆,,4:53,004A93C3A157D825B92A91EEB17DA36A,7547427,https://www.kugou.com/yy/rank/home/16-8888.html?from=rank
2026-08-17,2026-08-17T11:32:53+08:00,酷狗音乐,热歌榜,酷狗TOP500,2026-08-17,337,遗留在岁月的曾经,曲木老表,,3:49,4C1A5D2BD02B857C72364B1416124256,167884062,https://www.kugou.com/yy/rank/home/16-8888.html?from=rank
2026-08-17,2026-08-17T11:32:53+08:00,酷狗音乐,热歌榜,酷狗TOP500,2026-08-17,338,敬岁月一杯酒,万海东,,3:32,C417C9621CD6D9A48DA79900D9B9502D,201889141,https://www.kugou.com/yy/rank/home/16-8888.html?from=rank
2026-08-17,2026-08-17T11:32:53+08:00,酷狗音乐,热歌榜,酷狗TOP500,2026-08-17,339,天际,洋澜一,,5:46,DEAE9D1FC61F4810A0C15AA9CFD83722,76611526,https://www.kugou.com/yy/rank/home/16-8888.html?from=rank
2026-08-17,2026-08-17T11:32:53+08:00,酷狗音乐,热歌榜,酷狗TOP500,2026-08-17,340,世界上的另一个我,阿肆、郭采洁,,3:58,73C0E5566146583A631C9A94203405D6,4255765,https://www.kugou.com/yy/rank/home/16-8888.html?from=rank
2026-08-17,2026-08-17T11:32:53+08:00,酷狗音乐,热歌榜,酷狗TOP500,2026-08-17,341,落空,印子月,,3:53,F2823FEC8D01EDE2587ED3D32F787782,15394482,https://www.kugou.com/yy/rank/home/16-8888.html?from=rank
2026-08-17,2026-08-17T11:32:53+08:00,酷狗音乐,热歌榜,酷狗TOP500,2026-08-17,342,庙堂之外,陈楚生,,4:42,65CC0C98906C215C18D4F84BD52362FE,154339092,https://www.kugou.com/yy/rank/home/16-8888.html?from=rank
2026-08-17,2026-08-17T11:32:53+08:00,酷狗音乐,热歌榜,酷狗TOP500,2026-08-17,343,光年之外 (G.E.M.重生版),G.E.M. 邓紫棋,,3:55,B0EB2A1CC6832B3596E0D71E3CAFCD5F,150256944,https://www.kugou.com/yy/rank/home/16-8888.html?from=rank
2026-08-17,2026-08-17T11:32:53+08:00,酷狗音乐,热歌榜,酷狗TOP500,2026-08-17,344,偏偏喜欢你,陈百强,,3:32,D186383AA965D13601CFF4857F844FEE,983655,https://www.kugou.com/yy/rank/home/16-8888.html?from=rank
2026-08-17,2026-08-17T11:32:53+08:00,酷狗音乐,热歌榜,酷狗TOP500,2026-08-17,345,you know 2 (Phonk),KEVER,,2:06,9E57996D3286C817DF8E6F47C8A34726,197704912,https://www.kugou.com/yy/rank/home/16-8888.html?from=rank
2026-08-17,2026-08-17T11:32:53+08:00,酷狗音乐,热歌榜,酷狗TOP500,2026-08-17,346,同进退2026,倪浩毅,,3:41,A28A70DBD343E5013A0C61FADDE4A1AB,201506819,https://www.kugou.com/yy/rank/home/16-8888.html?from=rank
2026-08-17,2026-08-17T11:32:53+08:00,酷狗音乐,热歌榜,酷狗TOP500,2026-08-17,347,是你没选我啊,音乐科代表洪嘉源,,3:07,65D611715B7CC7131E6629F5E1745544,172307133,https://www.kugou.com/yy/rank/home/16-8888.html?from=rank
2026-08-17,2026-08-17T11:32:53+08:00,酷狗音乐,热歌榜,酷狗TOP500,2026-08-17,348,广东爱情故事,广东雨神,,3:34,7A2956668C7D5393FF16AD930C23F2FD,4162049,https://www.kugou.com/yy/rank/home/16-8888.html?from=rank
2026-08-17,2026-08-17T11:32:53+08:00,酷狗音乐,热歌榜,酷狗TOP500,2026-08-17,349,独库公路G217,生命树下,,3:15,EE48FBB0DFE3975C3256335F542E5A40,201684632,https://www.kugou.com/yy/rank/home/16-8888.html?from=rank
2026-08-17,2026-08-17T11:32:53+08:00,酷狗音乐,热歌榜,酷狗TOP500,2026-08-17,350,只为你着迷,李秉成,,4:01,C2F47FB042D8FE6A2B5265DFCF8919A5,11795396,https://www.kugou.com/yy/rank/home/16-8888.html?from=rank
2026-08-17,2026-08-17T11:32:53+08:00,酷狗音乐,热歌榜,酷狗TOP500,2026-08-17,351,麦恩莉,方大同,,4:48,3A08C7B067EC2E9B552AB8664490FCEB,971920,https://www.kugou.com/yy/rank/home/16-8888.html?from=rank
2026-08-17,2026-08-17T11:32:53+08:00,酷狗音乐,热歌榜,酷狗TOP500,2026-08-17,352,最爱,周慧敏,,4:25,DBC221919A9686F684F90E1920179363,568311,https://www.kugou.com/yy/rank/home/16-8888.html?from=rank
2026-08-17,2026-08-17T11:32:53+08:00,酷狗音乐,热歌榜,酷狗TOP500,2026-08-17,353,江声入旧年,聲無哀樂乐队THEWEAPONS、龚琳娜、杨宗勋,,4:11,CC9C270CD9409E62960A83BC5B28DC6C,172928690,https://www.kugou.com/yy/rank/home/17-8888.html?from=rank
2026-08-17,2026-08-17T11:32:53+08:00,酷狗音乐,热歌榜,酷狗TOP500,2026-08-17,354,愿与愁,林俊杰,,3:52,4A2A7260442B0A5D5F17295F1DD7241B,71681690,https://www.kugou.com/yy/rank/home/17-8888.html?from=rank
2026-08-17,2026-08-17T11:32:53+08:00,酷狗音乐,热歌榜,酷狗TOP500,2026-08-17,355,远走高飞 (独唱版),金志文,,4:02,7196122D828128AF3173560B82528092,2139938,https://www.kugou.com/yy/rank/home/17-8888.html?from=rank
2026-08-17,2026-08-17T11:32:53+08:00,酷狗音乐,热歌榜,酷狗TOP500,2026-08-17,356,句号,G.E.M. 邓紫棋,,3:56,0EC0DFE7A4090B3C5C2C1831D7F3ED51,35503028,https://www.kugou.com/yy/rank/home/17-8888.html?from=rank
2026-08-17,2026-08-17T11:32:53+08:00,酷狗音乐,热歌榜,酷狗TOP500,2026-08-17,357,不分手的恋爱,汪苏泷,,3:26,543A6E13C527E52886E51BBF14191C8F,37376237,https://www.kugou.com/yy/rank/home/17-8888.html?from=rank
2026-08-17,2026-08-17T11:32:53+08:00,酷狗音乐,热歌榜,酷狗TOP500,2026-08-17,358,天地龙鳞,王力宏,,3:17,DD83DC4A30C3A05D60FFCE6944FB441C,50749156,https://www.kugou.com/yy/rank/home/17-8888.html?from=rank
2026-08-17,2026-08-17T11:32:53+08:00,酷狗音乐,热歌榜,酷狗TOP500,2026-08-17,359,孤雏,AGA,,4:53,8BB44BFFC9A9CFC06706D37DA52B617B,1821989,https://www.kugou.com/yy/rank/home/17-8888.html?from=rank
2026-08-17,2026-08-17T11:32:53+08:00,酷狗音乐,热歌榜,酷狗TOP500,2026-08-17,360,寂寞沙洲冷,周传雄,,4:35,36A4F5EAA748324A5D509D8EDC47699F,984377,https://www.kugou.com/yy/rank/home/17-8888.html?from=rank
2026-08-17,2026-08-17T11:32:53+08:00,酷狗音乐,热歌榜,酷狗TOP500,2026-08-17,361,舍不得又没资格 (男女合唱版),弦外之音,,2:57,39DBF61AACB72EAEB828D89C947E8AC7,199845860,https://www.kugou.com/yy/rank/home/17-8888.html?from=rank
2026-08-17,2026-08-17T11:32:53+08:00,酷狗音乐,热歌榜,酷狗TOP500,2026-08-17,362,到时说爱我,茜拉 (Shila Amzah),,3:22,06085E4FDF0789E8C53561ADA39EDB79,58314622,https://www.kugou.com/yy/rank/home/17-8888.html?from=rank
2026-08-17,2026-08-17T11:32:53+08:00,酷狗音乐,热歌榜,酷狗TOP500,2026-08-17,363,time machine (feat. aren park)(Original Mix),mj apanay、aren park,,3:46,6FC23D8694067908061BB145B6DFCB87,100264848,https://www.kugou.com/yy/rank/home/17-8888.html?from=rank
2026-08-17,2026-08-17T11:32:53+08:00,酷狗音乐,热歌榜,酷狗TOP500,2026-08-17,364,好久不见,陈奕迅,,4:11,8E1DDAF172D9C60A28C19358B07BFBF8,962514,https://www.kugou.com/yy/rank/home/17-8888.html?from=rank
2026-08-17,2026-08-17T11:32:53+08:00,酷狗音乐,热歌榜,酷狗TOP500,2026-08-17,365,泡泡,牛佳钰,,3:37,CB6BD8CDFF1DA01DAEF01C389CBAD645,37403884,https://www.kugou.com/yy/rank/home/17-8888.html?from=rank
2026-08-17,2026-08-17T11:32:53+08:00,酷狗音乐,热歌榜,酷狗TOP500,2026-08-17,366,简单爱,周杰伦,,4:30,6E44CE19BE5872384FA184B995CCE23B,958706,https://www.kugou.com/yy/rank/home/17-8888.html?from=rank
2026-08-17,2026-08-17T11:32:53+08:00,酷狗音乐,热歌榜,酷狗TOP500,2026-08-17,367,Dear John,比莉,,5:11,71951213A1C3C313DEEB017D3C9E77CC,2528933,https://www.kugou.com/yy/rank/home/17-8888.html?from=rank
2026-08-17,2026-08-17T11:32:53+08:00,酷狗音乐,热歌榜,酷狗TOP500,2026-08-17,368,单身情歌,林志炫,,4:35,ACD27A452FE3D0348D38540762DA7BEB,971171,https://www.kugou.com/yy/rank/home/17-8888.html?from=rank
2026-08-17,2026-08-17T11:32:53+08:00,酷狗音乐,热歌榜,酷狗TOP500,2026-08-17,369,迷人的危险,Dance Flow,,3:26,0F666EF632DB9404308219BE5AAE43B4,551560,https://www.kugou.com/yy/rank/home/17-8888.html?from=rank
2026-08-17,2026-08-17T11:32:53+08:00,酷狗音乐,热歌榜,酷狗TOP500,2026-08-17,370,求佛,誓言,,4:46,7B7140B23A836DC6EE63B6CD48482402,7614,https://www.kugou.com/yy/rank/home/17-8888.html?from=rank
2026-08-17,2026-08-17T11:32:53+08:00,酷狗音乐,热歌榜,酷狗TOP500,2026-08-17,371,当爱在靠近,刘若英,,4:11,D988B9B4B769D979279D4AC9E84907F1,978209,https://www.kugou.com/yy/rank/home/17-8888.html?from=rank
2026-08-17,2026-08-17T11:32:53+08:00,酷狗音乐,热歌榜,酷狗TOP500,2026-08-17,372,大海,张雨生,,4:40,BF8252BEAE57AEB53490145CA8E81BB4,967705,https://www.kugou.com/yy/rank/home/17-8888.html?from=rank
2026-08-17,2026-08-17T11:32:53+08:00,酷狗音乐,热歌榜,酷狗TOP500,2026-08-17,373,只若初见,张德伊玲,,3:24,0AC57BC59B96F7BF216744F93617FC8B,58285492,https://www.kugou.com/yy/rank/home/17-8888.html?from=rank
2026-08-17,2026-08-17T11:32:53+08:00,酷狗音乐,热歌榜,酷狗TOP500,2026-08-17,374,反方向的钟,周杰伦,,4:18,A6049AAB184A305CAA906C6BBB8E8233,978031,https://www.kugou.com/yy/rank/home/17-8888.html?from=rank
2026-08-17,2026-08-17T11:32:53+08:00,酷狗音乐,热歌榜,酷狗TOP500,2026-08-17,375,去年夏天,王大毛,,4:05,5CD03A78A74761494A39CADFAA832550,8542577,https://www.kugou.com/yy/rank/home/18-8888.html?from=rank
2026-08-17,2026-08-17T11:32:53+08:00,酷狗音乐,热歌榜,酷狗TOP500,2026-08-17,376,一个人想着一个人,曾沛慈,,4:04,C9148675D85D3C2B306E966000BC5ABD,542900,https://www.kugou.com/yy/rank/home/18-8888.html?from=rank
2026-08-17,2026-08-17T11:32:53+08:00,酷狗音乐,热歌榜,酷狗TOP500,2026-08-17,377,陷阱,王北车,,4:41,2FA2217B2F80DFE16F0421E1EF42AEB3,8747471,https://www.kugou.com/yy/rank/home/18-8888.html?from=rank
2026-08-17,2026-08-17T11:32:53+08:00,酷狗音乐,热歌榜,酷狗TOP500,2026-08-17,378,红豆,王菲,,4:16,AEF916A18BAAE9C8E7807179C8DA64D1,960812,https://www.kugou.com/yy/rank/home/18-8888.html?from=rank
2026-08-17,2026-08-17T11:32:53+08:00,酷狗音乐,热歌榜,酷狗TOP500,2026-08-17,379,因为了解,汪苏泷,,4:08,6454C09C594BC83A21AD2EC10F61FC39,37376237,https://www.kugou.com/yy/rank/home/18-8888.html?from=rank
2026-08-17,2026-08-17T11:32:53+08:00,酷狗音乐,热歌榜,酷狗TOP500,2026-08-17,380,不如见一面,海来阿木,,4:08,A8CC7F0EA73DE4DE226B26C3F44DD563,80038154,https://www.kugou.com/yy/rank/home/18-8888.html?from=rank
2026-08-17,2026-08-17T11:32:53+08:00,酷狗音乐,热歌榜,酷狗TOP500,2026-08-17,381,就是爱你,陶喆,,4:24,43485D7A650AFF532E5ECF24D7FB6381,7547427,https://www.kugou.com/yy/rank/home/18-8888.html?from=rank
2026-08-17,2026-08-17T11:32:53+08:00,酷狗音乐,热歌榜,酷狗TOP500,2026-08-17,382,Call You Tonight,Whitney Houston,,4:10,3378039942BA822731531F34BACF9CA1,561454,https://www.kugou.com/yy/rank/home/18-8888.html?from=rank
2026-08-17,2026-08-17T11:32:53+08:00,酷狗音乐,热歌榜,酷狗TOP500,2026-08-17,383,爱在西元前,周杰伦,,3:54,66B756FB1331807B032EF97F7BA9948E,958706,https://www.kugou.com/yy/rank/home/18-8888.html?from=rank
2026-08-17,2026-08-17T11:32:53+08:00,酷狗音乐,热歌榜,酷狗TOP500,2026-08-17,384,相思,毛阿敏,,3:02,FE1F0058EAC6B344D03DB2D0D4315EA1,967188,https://www.kugou.com/yy/rank/home/18-8888.html?from=rank
2026-08-17,2026-08-17T11:32:53+08:00,酷狗音乐,热歌榜,酷狗TOP500,2026-08-17,385,听说你,于冬然,,3:59,D74845DF9E5EB016BFC5FC86F639CA49,58983593,https://www.kugou.com/yy/rank/home/18-8888.html?from=rank
2026-08-17,2026-08-17T11:32:53+08:00,酷狗音乐,热歌榜,酷狗TOP500,2026-08-17,386,坠入爱的沉鱼,胡卡卡,,3:21,FD488DC728308A24C3753CEFA07515AA,132700195,https://www.kugou.com/yy/rank/home/18-8888.html?from=rank
2026-08-17,2026-08-17T11:32:53+08:00,酷狗音乐,热歌榜,酷狗TOP500,2026-08-17,387,有点甜,汪苏泷、BY2,,3:55,99CFDC717FEB7DABCD8A6392D821FC08,516425,https://www.kugou.com/yy/rank/home/18-8888.html?from=rank
2026-08-17,2026-08-17T11:32:53+08:00,酷狗音乐,热歌榜,酷狗TOP500,2026-08-17,388,命运,家家,,3:51,B149A3BFD19481F91B9A652AA8EA21C1,959745,https://www.kugou.com/yy/rank/home/18-8888.html?from=rank
2026-08-17,2026-08-17T11:32:53+08:00,酷狗音乐,热歌榜,酷狗TOP500,2026-08-17,389,我曾像傻子一样爱你,老板,,4:03,85F18C8A9470C0BE7BD1D679ACFC6E21,171863030,https://www.kugou.com/yy/rank/home/18-8888.html?from=rank
2026-08-17,2026-08-17T11:32:53+08:00,酷狗音乐,热歌榜,酷狗TOP500,2026-08-17,390,小美满,周深,,3:34,04A21DB1AB3C8E0D1D8F51F11BDB03A1,83112420,https://www.kugou.com/yy/rank/home/18-8888.html?from=rank
2026-08-17,2026-08-17T11:32:53+08:00,酷狗音乐,热歌榜,酷狗TOP500,2026-08-17,391,不是我不小心,祁隆,,4:41,B9A692ED0BADE530E5027832734A355F,203091135,https://www.kugou.com/yy/rank/home/18-8888.html?from=rank
2026-08-17,2026-08-17T11:32:53+08:00,酷狗音乐,热歌榜,酷狗TOP500,2026-08-17,392,天龙八部之宿敌,许嵩,,4:24,9092283E08915874302A9C64032BC79D,503947,https://www.kugou.com/yy/rank/home/18-8888.html?from=rank
2026-08-17,2026-08-17T11:32:53+08:00,酷狗音乐,热歌榜,酷狗TOP500,2026-08-17,393,爱江山更爱美人,小阿枫,,3:57,0D520519BDFE1CE0071AF809BE4C9906,27763428,https://www.kugou.com/yy/rank/home/18-8888.html?from=rank
2026-08-17,2026-08-17T11:32:53+08:00,酷狗音乐,热歌榜,酷狗TOP500,2026-08-17,394,是非题,莫文蔚,,4:07,60431D272D830AC994DF2584BA56D196,973717,https://www.kugou.com/yy/rank/home/18-8888.html?from=rank
2026-08-17,2026-08-17T11:32:53+08:00,酷狗音乐,热歌榜,酷狗TOP500,2026-08-17,395,同进退,倪浩毅,,3:32,AE00F612149291CF78504047C40F8F17,158299285,https://www.kugou.com/yy/rank/home/18-8888.html?from=rank
2026-08-17,2026-08-17T11:32:53+08:00,酷狗音乐,热歌榜,酷狗TOP500,2026-08-17,396,你最近还好吗,Ghost (王琳凯),,3:31,A1ADE90292D40A8A23F54DA5C3B2E96A,35318614,https://www.kugou.com/yy/rank/home/18-8888.html?from=rank
2026-08-17,2026-08-17T11:32:53+08:00,酷狗音乐,热歌榜,酷狗TOP500,2026-08-17,397,NIGHT DANCER (夜中舞者),imase,,3:31,572C3807BF90891332ED77A72DB74272,59918395,https://www.kugou.com/yy/rank/home/19-8888.html?from=rank
2026-08-17,2026-08-17T11:32:53+08:00,酷狗音乐,热歌榜,酷狗TOP500,2026-08-17,398,你不知道的事,王力宏,,4:39,3722EE8644818A260FD8AF3A173D71C3,982128,https://www.kugou.com/yy/rank/home/19-8888.html?from=rank
2026-08-17,2026-08-17T11:32:53+08:00,酷狗音乐,热歌榜,酷狗TOP500,2026-08-17,399,天亮以前说再见,何野,,4:00,18E9FC6CF97258B75D090188EDBAE95B,11792318,https://www.kugou.com/yy/rank/home/19-8888.html?from=rank
2026-08-17,2026-08-17T11:32:53+08:00,酷狗音乐,热歌榜,酷狗TOP500,2026-08-17,400,手写的从前,周杰伦,,4:58,C1992BBF6FB5BB2BB86DECF657509FD3,962593,https://www.kugou.com/yy/rank/home/19-8888.html?from=rank
2026-08-17,2026-08-17T11:32:53+08:00,酷狗音乐,热歌榜,酷狗TOP500,2026-08-17,401,那些年,胡夏,,6:11,95A46E232F3F0CFFDA7811B7D9C8E6C4,542864,https://www.kugou.com/yy/rank/home/19-8888.html?from=rank
2026-08-17,2026-08-17T11:32:53+08:00,酷狗音乐,热歌榜,酷狗TOP500,2026-08-17,402,爱，请问怎么走,A-Lin,,4:28,D67CB2EA6082D5AB871509EC06B48370,964045,https://www.kugou.com/yy/rank/home/19-8888.html?from=rank
2026-08-17,2026-08-17T11:32:53+08:00,酷狗音乐,热歌榜,酷狗TOP500,2026-08-17,403,那些你很冒险的梦,林俊杰,,4:05,468A823BD25A585841F4BC5ED3EF945B,977237,https://www.kugou.com/yy/rank/home/19-8888.html?from=rank
2026-08-17,2026-08-17T11:32:53+08:00,酷狗音乐,热歌榜,酷狗TOP500,2026-08-17,404,Dehors (外面)(Single Version),Jordann,,3:15,3D6391A8A0FB81B62C68C6A4429F63FD,42153287,https://www.kugou.com/yy/rank/home/19-8888.html?from=rank
2026-08-17,2026-08-17T11:32:53+08:00,酷狗音乐,热歌榜,酷狗TOP500,2026-08-17,405,刚刚好,薛之谦,,4:11,956EEC514146039E6D6A16B30DD64A7B,1747549,https://www.kugou.com/yy/rank/home/19-8888.html?from=rank
2026-08-17,2026-08-17T11:32:53+08:00,酷狗音乐,热歌榜,酷狗TOP500,2026-08-17,406,别说你还深深爱着我,婉婷、杨烬,,3:45,0938FF862C986F6A93B4A7657CAA1125,195023851,https://www.kugou.com/yy/rank/home/19-8888.html?from=rank
2026-08-17,2026-08-17T11:32:53+08:00,酷狗音乐,热歌榜,酷狗TOP500,2026-08-17,407,写不完的温柔,G.E.M. 邓紫棋,,3:59,49FB51CDB58302ABAD7D6A5E41F5581B,4414381,https://www.kugou.com/yy/rank/home/19-8888.html?from=rank
2026-08-17,2026-08-17T11:32:53+08:00,酷狗音乐,热歌榜,酷狗TOP500,2026-08-17,408,今生啊 多相见,万仁,,3:44,AAE144B41CB32D4256E02C17CFEF0A29,172326826,https://www.kugou.com/yy/rank/home/19-8888.html?from=rank
2026-08-17,2026-08-17T11:32:53+08:00,酷狗音乐,热歌榜,酷狗TOP500,2026-08-17,409,他不懂,张杰,,3:52,BA40D69184A05D7BCD335028C5C613BE,38606351,https://www.kugou.com/yy/rank/home/19-8888.html?from=rank
2026-08-17,2026-08-17T11:32:53+08:00,酷狗音乐,热歌榜,酷狗TOP500,2026-08-17,410,意外,薛之谦,,4:52,04E0EDE41EA3CCFF76C04F414E1D03A7,960327,https://www.kugou.com/yy/rank/home/19-8888.html?from=rank
2026-08-17,2026-08-17T11:32:53+08:00,酷狗音乐,热歌榜,酷狗TOP500,2026-08-17,411,一程山路,毛不易,,3:36,72F2E36F606EB3DACF2ACD9DE67FCBD3,34631159,https://www.kugou.com/yy/rank/home/19-8888.html?from=rank
2026-08-17,2026-08-17T11:32:53+08:00,酷狗音乐,热歌榜,酷狗TOP500,2026-08-17,412,杀死从前的自己,落日微薰,,3:12,AB863C004354D3402530B2C52616667E,202174405,https://www.kugou.com/yy/rank/home/19-8888.html?from=rank
2026-08-17,2026-08-17T11:32:53+08:00,酷狗音乐,热歌榜,酷狗TOP500,2026-08-17,413,天若有情,A-Lin,,4:17,2E6CE4E79982AE2119A69C1D30537EA2,1805426,https://www.kugou.com/yy/rank/home/19-8888.html?from=rank
2026-08-17,2026-08-17T11:32:53+08:00,酷狗音乐,热歌榜,酷狗TOP500,2026-08-17,414,离别开出花 (弹唱版),就是南方凯,,2:52,67911051D7E5B9B3343847D73BF883F5,81781305,https://www.kugou.com/yy/rank/home/19-8888.html?from=rank
2026-08-17,2026-08-17T11:32:53+08:00,酷狗音乐,热歌榜,酷狗TOP500,2026-08-17,415,容易受伤的女人,王菲,,4:21,C4BDD79D611789B65B368283D4DDAB0F,980244,https://www.kugou.com/yy/rank/home/19-8888.html?from=rank
2026-08-17,2026-08-17T11:32:53+08:00,酷狗音乐,热歌榜,酷狗TOP500,2026-08-17,416,匿名的好友,杨丞琳,,4:23,F9CE6B13B4C90B01B3C129FF11B11C87,2694607,https://www.kugou.com/yy/rank/home/19-8888.html?from=rank
2026-08-17,2026-08-17T11:32:53+08:00,酷狗音乐,热歌榜,酷狗TOP500,2026-08-17,417,Love Story,Taylor Swift,,3:56,193B72D4456A4CC02A3DE7C673FC4E23,13721135,https://www.kugou.com/yy/rank/home/19-8888.html?from=rank
2026-08-17,2026-08-17T11:32:53+08:00,酷狗音乐,热歌榜,酷狗TOP500,2026-08-17,418,可能,程响,,3:37,38B234C1135A5E9A4C98D55C058A4894,57727291,https://www.kugou.com/yy/rank/home/19-8888.html?from=rank
2026-08-17,2026-08-17T11:32:53+08:00,酷狗音乐,热歌榜,酷狗TOP500,2026-08-17,419,玫瑰花的葬礼,许嵩,,4:21,0A335E9374392B72E5965D8F6165E564,1968878,https://www.kugou.com/yy/rank/home/20-8888.html?from=rank
2026-08-17,2026-08-17T11:32:53+08:00,酷狗音乐,热歌榜,酷狗TOP500,2026-08-17,420,你的爱情像剪刀 (男女对唱版),马耀火、金禾安,,3:00,9740F3C43FBA6654E509C8534614C71F,201311484,https://www.kugou.com/yy/rank/home/20-8888.html?from=rank
2026-08-17,2026-08-17T11:32:53+08:00,酷狗音乐,热歌榜,酷狗TOP500,2026-08-17,421,处处吻,杨千嬅,,3:19,A0AEFE0227938F366FF4F9D4F0F6CBE5,971688,https://www.kugou.com/yy/rank/home/20-8888.html?from=rank
2026-08-17,2026-08-17T11:32:53+08:00,酷狗音乐,热歌榜,酷狗TOP500,2026-08-17,422,晚风心里吹,阿梨粤,,3:07,DFFB8F6768AC5044881BB6DD11BDED53,55808898,https://www.kugou.com/yy/rank/home/20-8888.html?from=rank
2026-08-17,2026-08-17T11:32:53+08:00,酷狗音乐,热歌榜,酷狗TOP500,2026-08-17,423,倒带,蔡依林,,4:26,446507D2332BC3F263596363A97C6E95,976925,https://www.kugou.com/yy/rank/home/20-8888.html?from=rank
2026-08-17,2026-08-17T11:32:53+08:00,酷狗音乐,热歌榜,酷狗TOP500,2026-08-17,424,我漂泊的船能不能靠在你的岸,沙哑大叔,,3:57,CFF8A99F25DCFB42F10F7C4BFCB57EA1,183209266,https://www.kugou.com/yy/rank/home/20-8888.html?from=rank
2026-08-17,2026-08-17T11:32:53+08:00,酷狗音乐,热歌榜,酷狗TOP500,2026-08-17,425,西楼儿女,海来阿木,,4:18,84DA47460010F3D91E203F777233DAA4,62931439,https://www.kugou.com/yy/rank/home/20-8888.html?from=rank
2026-08-17,2026-08-17T11:32:53+08:00,酷狗音乐,热歌榜,酷狗TOP500,2026-08-17,426,再见,张震岳,,3:04,13B04C6FA7B92D747534CD88718CADAC,969234,https://www.kugou.com/yy/rank/home/20-8888.html?from=rank
2026-08-17,2026-08-17T11:32:53+08:00,酷狗音乐,热歌榜,酷狗TOP500,2026-08-17,427,水为媒,礼越,,4:18,463569CA5AE9A787A32B66D590C8C98D,200545877,https://www.kugou.com/yy/rank/home/20-8888.html?from=rank
2026-08-17,2026-08-17T11:32:53+08:00,酷狗音乐,热歌榜,酷狗TOP500,2026-08-17,428,一城山水,Lunhui轮回,,4:24,C965FA5DFDC0E816D2869FEB68BE008F,36621482,https://www.kugou.com/yy/rank/home/20-8888.html?from=rank
2026-08-17,2026-08-17T11:32:53+08:00,酷狗音乐,热歌榜,酷狗TOP500,2026-08-17,429,如果当初没遇见,一凡,,4:45,A8B3B71C37A013576A432876A931018E,201198536,https://www.kugou.com/yy/rank/home/20-8888.html?from=rank
2026-08-17,2026-08-17T11:32:53+08:00,酷狗音乐,热歌榜,酷狗TOP500,2026-08-17,430,美丽的神话,孙楠、韩红,,4:52,877281C8E094A848F022BCAAA76945CB,964166,https://www.kugou.com/yy/rank/home/20-8888.html?from=rank
2026-08-17,2026-08-17T11:32:53+08:00,酷狗音乐,热歌榜,酷狗TOP500,2026-08-17,431,拉过勾的 (不管明天),栗晨,,3:44,D54D5DFEEC2AE1E3D8D4D2C30BA82CBF,197603476,https://www.kugou.com/yy/rank/home/20-8888.html?from=rank
2026-08-17,2026-08-17T11:32:53+08:00,酷狗音乐,热歌榜,酷狗TOP500,2026-08-17,432,我的秘密 (G.E.M.重生版),G.E.M. 邓紫棋,,4:10,427CD3B1785609EE485CA3BCD6608FFE,150256944,https://www.kugou.com/yy/rank/home/20-8888.html?from=rank
2026-08-17,2026-08-17T11:32:53+08:00,酷狗音乐,热歌榜,酷狗TOP500,2026-08-17,433,相遇的意义 (烟嗓R&B版),落日微醺,,3:09,1DB50CE5AFC2AE239D1E0E68C8A21B1A,196504361,https://www.kugou.com/yy/rank/home/20-8888.html?from=rank
2026-08-17,2026-08-17T11:32:53+08:00,酷狗音乐,热歌榜,酷狗TOP500,2026-08-17,434,明天，你好,牛奶咖啡,,4:32,A9527F71F7149F13E1F78B23C25DD30B,967562,https://www.kugou.com/yy/rank/home/20-8888.html?from=rank
2026-08-17,2026-08-17T11:32:53+08:00,酷狗音乐,热歌榜,酷狗TOP500,2026-08-17,435,读心术,卓文萱,,4:20,3F98A771F8F33556966A9990F66D95C4,965920,https://www.kugou.com/yy/rank/home/20-8888.html?from=rank
2026-08-17,2026-08-17T11:32:53+08:00,酷狗音乐,热歌榜,酷狗TOP500,2026-08-17,436,月亮照山川,窝窝,,3:18,B96C803232E044E3D6308EAE37ADDE1D,142338715,https://www.kugou.com/yy/rank/home/20-8888.html?from=rank
2026-08-17,2026-08-17T11:32:53+08:00,酷狗音乐,热歌榜,酷狗TOP500,2026-08-17,437,壁上观 (边水版),七元,,3:34,5F0B062803F1D48C8C6DA26B2844DF46,103326092,https://www.kugou.com/yy/rank/home/20-8888.html?from=rank
2026-08-17,2026-08-17T11:32:53+08:00,酷狗音乐,热歌榜,酷狗TOP500,2026-08-17,438,这世界那么多人,莫文蔚,,4:46,8217FD6FE2973658781FB08DA4F8C4D6,44349469,https://www.kugou.com/yy/rank/home/20-8888.html?from=rank
2026-08-17,2026-08-17T11:32:53+08:00,酷狗音乐,热歌榜,酷狗TOP500,2026-08-17,439,琵琶行,奇然、沈谧仁,,5:35,0AB355EF75A56A57E1790734B2E26ED9,2563381,https://www.kugou.com/yy/rank/home/20-8888.html?from=rank
2026-08-17,2026-08-17T11:32:53+08:00,酷狗音乐,热歌榜,酷狗TOP500,2026-08-17,440,悬溺,葛东琪,,3:17,666484E904A54B1E62C9FBFDBE6E2563,23773597,https://www.kugou.com/yy/rank/home/20-8888.html?from=rank
2026-08-17,2026-08-17T11:32:53+08:00,酷狗音乐,热歌榜,酷狗TOP500,2026-08-17,441,总有一天你会出现在我身边,棱镜乐队,,4:30,8E6A42453EF5B06A87772F8FF4AD5188,10808308,https://www.kugou.com/yy/rank/home/21-8888.html?from=rank
2026-08-17,2026-08-17T11:32:53+08:00,酷狗音乐,热歌榜,酷狗TOP500,2026-08-17,442,大城小爱,王力宏,,3:45,3EAF74E9E5065C03B050F356F0567311,2820176,https://www.kugou.com/yy/rank/home/21-8888.html?from=rank
2026-08-17,2026-08-17T11:32:53+08:00,酷狗音乐,热歌榜,酷狗TOP500,2026-08-17,443,静音恋人 (两颗缠绕的心),礼越,,3:26,61F7ABEFA41C847C8F237C68883027CA,183361126,https://www.kugou.com/yy/rank/home/21-8888.html?from=rank
2026-08-17,2026-08-17T11:32:53+08:00,酷狗音乐,热歌榜,酷狗TOP500,2026-08-17,444,女孩,韦礼安,,5:06,A0701AE5A100E543DE602E75C64A7424,1766500,https://www.kugou.com/yy/rank/home/21-8888.html?from=rank
2026-08-17,2026-08-17T11:32:53+08:00,酷狗音乐,热歌榜,酷狗TOP500,2026-08-17,445,修炼爱情,林俊杰,,4:47,8748C12719DCA9F588B1118AC05F6BF8,972188,https://www.kugou.com/yy/rank/home/21-8888.html?from=rank
2026-08-17,2026-08-17T11:32:53+08:00,酷狗音乐,热歌榜,酷狗TOP500,2026-08-17,446,三国恋,Tank,,4:06,1325E661C6044048943A8D7D417ED280,966742,https://www.kugou.com/yy/rank/home/21-8888.html?from=rank
2026-08-17,2026-08-17T11:32:53+08:00,酷狗音乐,热歌榜,酷狗TOP500,2026-08-17,447,爱你太多,刘一手,,3:41,284D6DEC3BF7D23E0EA79B5C70C3F2D1,201304866,https://www.kugou.com/yy/rank/home/21-8888.html?from=rank
2026-08-17,2026-08-17T11:32:53+08:00,酷狗音乐,热歌榜,酷狗TOP500,2026-08-17,448,初恋情人,刘小慧,,4:40,24BD04781E52FE8E7FAB2A6452D85320,532546,https://www.kugou.com/yy/rank/home/21-8888.html?from=rank
2026-08-17,2026-08-17T11:32:53+08:00,酷狗音乐,热歌榜,酷狗TOP500,2026-08-17,449,左转灯 (1000 Times +1),派伟俊、mac ova seas,,3:17,E51ABAF534E7D2BA42DB5604421D4838,164658305,https://www.kugou.com/yy/rank/home/21-8888.html?from=rank
2026-08-17,2026-08-17T11:32:53+08:00,酷狗音乐,热歌榜,酷狗TOP500,2026-08-17,450,指纹,杜宣达,,4:00,EAF4CB91DA618DBEDC751F54B3B3620D,50057639,https://www.kugou.com/yy/rank/home/21-8888.html?from=rank
2026-08-17,2026-08-17T11:32:53+08:00,酷狗音乐,热歌榜,酷狗TOP500,2026-08-17,451,爱殇,小时姑娘,,5:04,707A4FE62FAD89DDA2F95B99453CA25B,45951672,https://www.kugou.com/yy/rank/home/21-8888.html?from=rank
2026-08-17,2026-08-17T11:32:53+08:00,酷狗音乐,热歌榜,酷狗TOP500,2026-08-17,452,半岛铁盒,周杰伦,,5:19,67BA8A4A0681F2078BC423CB13B904B7,961807,https://www.kugou.com/yy/rank/home/21-8888.html?from=rank
2026-08-17,2026-08-17T11:32:53+08:00,酷狗音乐,热歌榜,酷狗TOP500,2026-08-17,453,西乌旗99号公路,LunaLiu刘不语、张川海,,3:29,F65BB0D87F5543387A50AEEBF55A1E8A,185310075,https://www.kugou.com/yy/rank/home/21-8888.html?from=rank
2026-08-17,2026-08-17T11:32:53+08:00,酷狗音乐,热歌榜,酷狗TOP500,2026-08-17,454,下雨天,南拳妈妈,,4:13,947127F991A6A4FF77C89779E6B25AF4,983794,https://www.kugou.com/yy/rank/home/21-8888.html?from=rank
2026-08-17,2026-08-17T11:32:53+08:00,酷狗音乐,热歌榜,酷狗TOP500,2026-08-17,455,刚好遇见你,李玉刚,,3:20,58B004C56B6AB6CE1CA3C1E8C6781D0E,1820033,https://www.kugou.com/yy/rank/home/21-8888.html?from=rank
2026-08-17,2026-08-17T11:32:53+08:00,酷狗音乐,热歌榜,酷狗TOP500,2026-08-17,456,无赖,郑中基,,4:04,1C8DCCD42F3FA29BB2878E20C90281E3,7547818,https://www.kugou.com/yy/rank/home/21-8888.html?from=rank
2026-08-17,2026-08-17T11:32:53+08:00,酷狗音乐,热歌榜,酷狗TOP500,2026-08-17,457,你要的全拿走,胡彦斌,,4:59,489E4872BD06E51C969AE81748E78A10,8317330,https://www.kugou.com/yy/rank/home/21-8888.html?from=rank
2026-08-17,2026-08-17T11:32:53+08:00,酷狗音乐,热歌榜,酷狗TOP500,2026-08-17,458,喜欢,阿肆,,4:10,F4233033E11BEF5AECD3BD64528A8236,14167090,https://www.kugou.com/yy/rank/home/21-8888.html?from=rank
2026-08-17,2026-08-17T11:32:53+08:00,酷狗音乐,热歌榜,酷狗TOP500,2026-08-17,459,同手同脚,温岚,,4:18,1DB5F549DF57C1C9553D9BDD735C763A,2997107,https://www.kugou.com/yy/rank/home/21-8888.html?from=rank
2026-08-17,2026-08-17T11:32:53+08:00,酷狗音乐,热歌榜,酷狗TOP500,2026-08-17,460,多幸运,韩安旭,,4:09,CBAB4AB8D340C977AB800C1ED4D35ED9,555393,https://www.kugou.com/yy/rank/home/21-8888.html?from=rank
2026-08-17,2026-08-17T11:32:53+08:00,酷狗音乐,热歌榜,酷狗TOP500,2026-08-17,461,爱你没差,周杰伦,,4:41,66F31869BBAA767A929F35EEE1CCC5C9,982051,https://www.kugou.com/yy/rank/home/21-8888.html?from=rank
2026-08-17,2026-08-17T11:32:53+08:00,酷狗音乐,热歌榜,酷狗TOP500,2026-08-17,462,怎么说我不爱你,萧敬腾,,4:35,30A31A94C77268C92886E00D912AC03B,958893,https://www.kugou.com/yy/rank/home/21-8888.html?from=rank
2026-08-17,2026-08-17T11:32:53+08:00,酷狗音乐,热歌榜,酷狗TOP500,2026-08-17,463,喜欢你 (Live),周深,,3:49,1FBBFF211FCC38DBF5C26FC74092976F,203650520,https://www.kugou.com/yy/rank/home/22-8888.html?from=rank
2026-08-17,2026-08-17T11:32:53+08:00,酷狗音乐,热歌榜,酷狗TOP500,2026-08-17,464,人间的剧本,老韩很哇塞,,3:18,F80698DAC679080F9E38F3DBB07BD17A,195240853,https://www.kugou.com/yy/rank/home/22-8888.html?from=rank
2026-08-17,2026-08-17T11:32:53+08:00,酷狗音乐,热歌榜,酷狗TOP500,2026-08-17,465,如果这就是爱情,张靓颖,,4:43,4E871DF1E2034CF6BAAD7B03D2386058,2597425,https://www.kugou.com/yy/rank/home/22-8888.html?from=rank
2026-08-17,2026-08-17T11:32:53+08:00,酷狗音乐,热歌榜,酷狗TOP500,2026-08-17,466,别怕我伤心,张信哲,,4:47,976677A739F25908591FA822CB1F1DF3,538030,https://www.kugou.com/yy/rank/home/22-8888.html?from=rank
2026-08-17,2026-08-17T11:32:53+08:00,酷狗音乐,热歌榜,酷狗TOP500,2026-08-17,467,问情 (烟嗓良人Remix),大头钉团队,,4:16,A495E8DA73ED8EB8FC3CFAFE6F0CD48D,202389890,https://www.kugou.com/yy/rank/home/22-8888.html?from=rank
2026-08-17,2026-08-17T11:32:53+08:00,酷狗音乐,热歌榜,酷狗TOP500,2026-08-17,468,大眠,王心凌,,4:00,A7FABF26BF07963E8BFB7705DBB503FC,13487578,https://www.kugou.com/yy/rank/home/22-8888.html?from=rank
2026-08-17,2026-08-17T11:32:53+08:00,酷狗音乐,热歌榜,酷狗TOP500,2026-08-17,469,我落泪情绪零碎,周杰伦,,4:18,27943EB1CBD46F7BB165B054CE6EBDC8,958812,https://www.kugou.com/yy/rank/home/22-8888.html?from=rank
2026-08-17,2026-08-17T11:32:53+08:00,酷狗音乐,热歌榜,酷狗TOP500,2026-08-17,470,天下,张杰,,3:42,17B11C65674378CA43995537331E1D9C,38606351,https://www.kugou.com/yy/rank/home/22-8888.html?from=rank
2026-08-17,2026-08-17T11:32:53+08:00,酷狗音乐,热歌榜,酷狗TOP500,2026-08-17,471,忘了你 忘了我,王杰,,4:40,C09030D0EF71188A5ED48C991E635D8A,517177,https://www.kugou.com/yy/rank/home/22-8888.html?from=rank
2026-08-17,2026-08-17T11:32:53+08:00,酷狗音乐,热歌榜,酷狗TOP500,2026-08-17,472,暖一杯茶,邵帅,,4:03,26A9B8C6480C22BC4342F22CB897E760,23061596,https://www.kugou.com/yy/rank/home/22-8888.html?from=rank
2026-08-17,2026-08-17T11:32:53+08:00,酷狗音乐,热歌榜,酷狗TOP500,2026-08-17,473,给我一个理由忘记,A-Lin,,4:46,DB766B8394709DA055B4336C9E8F144E,2694642,https://www.kugou.com/yy/rank/home/22-8888.html?from=rank
2026-08-17,2026-08-17T11:32:53+08:00,酷狗音乐,热歌榜,酷狗TOP500,2026-08-17,474,That Girl,Olly Murs,,2:57,B32C3C7FA2452E7338BFC6F2283FE8ED,1820815,https://www.kugou.com/yy/rank/home/22-8888.html?from=rank
2026-08-17,2026-08-17T11:32:53+08:00,酷狗音乐,热歌榜,酷狗TOP500,2026-08-17,475,病态的爱 (忘不掉你带给我的吻),哈利白特、Zkaaai,,3:21,AA92A86A3BEF25416ADD03573FBBDEEE,133804191,https://www.kugou.com/yy/rank/home/22-8888.html?from=rank
2026-08-17,2026-08-17T11:32:53+08:00,酷狗音乐,热歌榜,酷狗TOP500,2026-08-17,476,如果爱忘了 (Live),汪苏泷、单依纯,,4:05,50F260DC0A2E7203A1AB89E1937F3927,83718089,https://www.kugou.com/yy/rank/home/22-8888.html?from=rank
2026-08-17,2026-08-17T11:32:53+08:00,酷狗音乐,热歌榜,酷狗TOP500,2026-08-17,477,孤独患者,陈奕迅,,4:34,72A9BB44569890399978A49D631DF310,530848,https://www.kugou.com/yy/rank/home/22-8888.html?from=rank
2026-08-17,2026-08-17T11:32:53+08:00,酷狗音乐,热歌榜,酷狗TOP500,2026-08-17,478,一路生花,温奕心,,4:16,4F18553F2AF06E355AD75A5EE6173456,45305792,https://www.kugou.com/yy/rank/home/22-8888.html?from=rank
2026-08-17,2026-08-17T11:32:53+08:00,酷狗音乐,热歌榜,酷狗TOP500,2026-08-17,479,雀跃,任然、小来,,3:56,F928CB7A772F8A6214EEAEB21FA310D8,2820318,https://www.kugou.com/yy/rank/home/22-8888.html?from=rank
2026-08-17,2026-08-17T11:32:53+08:00,酷狗音乐,热歌榜,酷狗TOP500,2026-08-17,480,"Baby, Don't Cry (人鱼的眼泪)(Chinese Ver.)",EXO,,3:56,B692ED61ED4DDE69C50EB8B975D4E04D,22436133,https://www.kugou.com/yy/rank/home/22-8888.html?from=rank
2026-08-17,2026-08-17T11:32:53+08:00,酷狗音乐,热歌榜,酷狗TOP500,2026-08-17,481,再见,G.E.M. 邓紫棋,,3:26,DB01B91EB3279E0F6B064706441087D2,555825,https://www.kugou.com/yy/rank/home/22-8888.html?from=rank
2026-08-17,2026-08-17T11:32:53+08:00,酷狗音乐,热歌榜,酷狗TOP500,2026-08-17,482,乌兰巴托的夜 (空灵女版),几行,,2:26,2C3D97DF03D54820B6537F1BA77D4A9C,179042571,https://www.kugou.com/yy/rank/home/22-8888.html?from=rank
2026-08-17,2026-08-17T11:32:53+08:00,酷狗音乐,热歌榜,酷狗TOP500,2026-08-17,483,若今生无缘 (若今生已无缘),万海东,,3:40,E74F4CC22263126EDD4A721AD0D0D0A8,195038536,https://www.kugou.com/yy/rank/home/22-8888.html?from=rank
2026-08-17,2026-08-17T11:32:53+08:00,酷狗音乐,热歌榜,酷狗TOP500,2026-08-17,484,我不配,周杰伦,,4:49,00CBE76AE7676D5D2A3D832D202C8FFD,979856,https://www.kugou.com/yy/rank/home/22-8888.html?from=rank
2026-08-17,2026-08-17T11:32:53+08:00,酷狗音乐,热歌榜,酷狗TOP500,2026-08-17,485,追着山风寻自由 (dj阿尼版),王一佳,,3:01,61543EB5160598AF13FEC633B4B7FC65,201321549,https://www.kugou.com/yy/rank/home/23-8888.html?from=rank
2026-08-17,2026-08-17T11:32:53+08:00,酷狗音乐,热歌榜,酷狗TOP500,2026-08-17,486,玉芬啊玉芬你让彪哥好伤心,老韩很哇塞,,3:00,AFF2135F30F90B6768AF3320505559CF,177493243,https://www.kugou.com/yy/rank/home/23-8888.html?from=rank
2026-08-17,2026-08-17T11:32:53+08:00,酷狗音乐,热歌榜,酷狗TOP500,2026-08-17,487,这个年纪,齐一,,4:45,B44AD73957D993731BC125BF0A1EFFF5,2657166,https://www.kugou.com/yy/rank/home/23-8888.html?from=rank
2026-08-17,2026-08-17T11:32:53+08:00,酷狗音乐,热歌榜,酷狗TOP500,2026-08-17,488,天黑黑,孙燕姿,,3:56,D4601C9FFEADB42961CE4E623FAFD279,973684,https://www.kugou.com/yy/rank/home/23-8888.html?from=rank
2026-08-17,2026-08-17T11:32:53+08:00,酷狗音乐,热歌榜,酷狗TOP500,2026-08-17,489,习惯失恋,容祖儿,,3:57,AE122E306884C427CAC1E93F65EFE670,533125,https://www.kugou.com/yy/rank/home/23-8888.html?from=rank
2026-08-17,2026-08-17T11:32:53+08:00,酷狗音乐,热歌榜,酷狗TOP500,2026-08-17,490,空城,杨坤,,4:38,DA161354AF9D51C38EC4119929AE1F44,2996783,https://www.kugou.com/yy/rank/home/23-8888.html?from=rank
2026-08-17,2026-08-17T11:32:53+08:00,酷狗音乐,热歌榜,酷狗TOP500,2026-08-17,491,选择失忆,季彦霖,,4:39,6ED5E6DAA2F1A97A2EA5B1113F469BA7,8441500,https://www.kugou.com/yy/rank/home/23-8888.html?from=rank
2026-08-17,2026-08-17T11:32:53+08:00,酷狗音乐,热歌榜,酷狗TOP500,2026-08-17,492,曾经是情侣 (Live),梁博,,6:43,DC1CEEF56AF567CC4484DE1025CB822D,19906403,https://www.kugou.com/yy/rank/home/23-8888.html?from=rank
2026-08-17,2026-08-17T11:32:53+08:00,酷狗音乐,热歌榜,酷狗TOP500,2026-08-17,493,The Cure,Lady Gaga,,3:31,3EF072E796A8CF441C83BC751BCB5C38,1994338,https://www.kugou.com/yy/rank/home/23-8888.html?from=rank
2026-08-17,2026-08-17T11:32:53+08:00,酷狗音乐,热歌榜,酷狗TOP500,2026-08-17,494,孤单心事,蓝又时,,4:28,B97DE9A26F441D631C1BE050AC2C54B1,555591,https://www.kugou.com/yy/rank/home/23-8888.html?from=rank
2026-08-17,2026-08-17T11:32:53+08:00,酷狗音乐,热歌榜,酷狗TOP500,2026-08-17,495,嘉宾,张远,,5:34,96D0DEFE09DFE43C57EE9AC3B1EA408E,39699796,https://www.kugou.com/yy/rank/home/23-8888.html?from=rank
2026-08-17,2026-08-17T11:32:53+08:00,酷狗音乐,热歌榜,酷狗TOP500,2026-08-17,496,淋雨一直走,张韶涵,,3:25,A02F7D09CC7EA191B500834BB5686468,520379,https://www.kugou.com/yy/rank/home/23-8888.html?from=rank
2026-08-17,2026-08-17T11:32:53+08:00,酷狗音乐,热歌榜,酷狗TOP500,2026-08-17,497,安和桥,宇西,,4:09,BFB6233E7687776800FDA3FD76EBFB41,13667444,https://www.kugou.com/yy/rank/home/23-8888.html?from=rank
2026-08-17,2026-08-17T11:32:53+08:00,酷狗音乐,热歌榜,酷狗TOP500,2026-08-17,498,我曾心比天高 (温柔女生版),A小咩咩,,2:28,E8D11253DAC770F89946A95AE7A4781E,193841549,https://www.kugou.com/yy/rank/home/23-8888.html?from=rank
2026-08-17,2026-08-17T11:32:53+08:00,酷狗音乐,热歌榜,酷狗TOP500,2026-08-17,499,零距离的思念,TINY7,,3:06,279A50FF5784F3A92F0ABB689B0335EE,137584528,https://www.kugou.com/yy/rank/home/23-8888.html?from=rank
2026-08-17,2026-08-17T11:32:53+08:00,酷狗音乐,热歌榜,酷狗TOP500,2026-08-17,500,痴心绝对,李圣杰,,4:22,2B7176CC7B1E7F5A136A5A1E1AACD365,966511,https://www.kugou.com/yy/rank/home/23-8888.html?from=rank
2026-08-17,2026-08-17T11:32:53+08:00,酷狗音乐,飙升榜,酷狗飙升榜,2026-08-17,1,山风山风等等我,佳佳,,3:29,243ADFFB84B93B769FDE5531F1871592,203235200,https://www.kugou.com/yy/rank/home/1-6666.html?from=rank
2026-08-17,2026-08-17T11:32:53+08:00,酷狗音乐,飙升榜,酷狗飙升榜,2026-08-17,2,没关系 (Live),周深,,3:36,AB9BB1D494EFA5432126EEF4394A0CCD,203650520,https://www.kugou.com/yy/rank/home/1-6666.html?from=rank
2026-08-17,2026-08-17T11:32:53+08:00,酷狗音乐,飙升榜,酷狗飙升榜,2026-08-17,3,喜欢你 (Live),周深,,3:49,1FBBFF211FCC38DBF5C26FC74092976F,203650520,https://www.kugou.com/yy/rank/home/1-6666.html?from=rank
2026-08-17,2026-08-17T11:32:53+08:00,酷狗音乐,飙升榜,酷狗飙升榜,2026-08-17,4,也许在下雨天 (群星版),何遇Hayu、晚秋、王子义、李沐瑶、薇薇金、杜一、姜雨涵、林乐儿、马莲、露一泉、卡卡、徐文晶、黑豆ado,,3:47,68D45279AB83AD6C632DB4190C85A963,203112488,https://www.kugou.com/yy/rank/home/1-6666.html?from=rank
2026-08-17,2026-08-17T11:32:53+08:00,酷狗音乐,飙升榜,酷狗飙升榜,2026-08-17,5,山风山风等等我,大潞,,3:29,9B90385A5C66F1C95668B34E4358E689,203206906,https://www.kugou.com/yy/rank/home/1-6666.html?from=rank
2026-08-17,2026-08-17T11:32:53+08:00,酷狗音乐,飙升榜,酷狗飙升榜,2026-08-17,6,如果当初没遇见 (对唱版),一凡、烟嗓阿文,,4:45,CCAD690C57C1B4535A7442C2E1A9FCB4,203084859,https://www.kugou.com/yy/rank/home/1-6666.html?from=rank
2026-08-17,2026-08-17T11:32:53+08:00,酷狗音乐,飙升榜,酷狗飙升榜,2026-08-17,7,直来直往 (Live),姚晓棠,,3:35,8B053726E7A48EE6F2701BE6C4396FD5,203650520,https://www.kugou.com/yy/rank/home/1-6666.html?from=rank
2026-08-17,2026-08-17T11:32:53+08:00,酷狗音乐,飙升榜,酷狗飙升榜,2026-08-17,8,一生能有多少个秋天 (对唱版),一叶儿知秋、刘书云,,4:11,3A4076E34CC7F762A7740025FF26373E,202959034,https://www.kugou.com/yy/rank/home/1-6666.html?from=rank
2026-08-17,2026-08-17T11:32:53+08:00,酷狗音乐,飙升榜,酷狗飙升榜,2026-08-17,9,我叹,一只白羊、郑鱼,,2:30,D4C73C708DF9C23FB2E8CB505E68C5F2,203722411,https://www.kugou.com/yy/rank/home/1-6666.html?from=rank
2026-08-17,2026-08-17T11:32:53+08:00,酷狗音乐,飙升榜,酷狗飙升榜,2026-08-17,10,边走边唱 (Live),金志文、额尔古纳乐队,,4:02,EFE075E50772D79CFF6BEF7E133AD0C6,203650520,https://www.kugou.com/yy/rank/home/1-6666.html?from=rank
2026-08-17,2026-08-17T11:32:53+08:00,酷狗音乐,飙升榜,酷狗飙升榜,2026-08-17,11,逆季 ((反季)粤语版),张鑫,,3:36,46BC9961D8880BFE9C2C258EC4D9E632,203560679,https://www.kugou.com/yy/rank/home/1-6666.html?from=rank
2026-08-17,2026-08-17T11:32:53+08:00,酷狗音乐,飙升榜,酷狗飙升榜,2026-08-17,12,29 (Live),ICE杨长青,,3:55,465AB234173BC2E921FDC1731584CDE5,203647097,https://www.kugou.com/yy/rank/home/1-6666.html?from=rank
2026-08-17,2026-08-17T11:32:53+08:00,酷狗音乐,飙升榜,酷狗飙升榜,2026-08-17,13,小美满 (Live),宋亚轩、AGA、黄子弘凡、姚晓棠、周深、吴莫愁、金志文、龚琳娜、陈小春,,3:25,2BAAAF0D75AB0769A3ABF6CB582BF319,203650520,https://www.kugou.com/yy/rank/home/1-6666.html?from=rank
2026-08-17,2026-08-17T11:32:53+08:00,酷狗音乐,飙升榜,酷狗飙升榜,2026-08-17,14,EPIC (剧作)(Live),加木,,3:25,0D9317B8CC570EF01714B362407BB5EC,203647097,https://www.kugou.com/yy/rank/home/1-6666.html?from=rank
2026-08-17,2026-08-17T11:32:53+08:00,酷狗音乐,飙升榜,酷狗飙升榜,2026-08-17,15,劈你的雷正在路上 (Live),吴莫愁,,3:24,A31D2B616F63E3DC62DA96B29BE1B91C,203650520,https://www.kugou.com/yy/rank/home/1-6666.html?from=rank
2026-08-17,2026-08-17T11:32:53+08:00,酷狗音乐,飙升榜,酷狗飙升榜,2026-08-17,16,孤雏 (Live),AGA,,4:58,36EACAAE97C111522B92BF7BAC0F3AE5,203650520,https://www.kugou.com/yy/rank/home/1-6666.html?from=rank
2026-08-17,2026-08-17T11:32:53+08:00,酷狗音乐,飙升榜,酷狗飙升榜,2026-08-17,17,偏爱你一人,童珺,,3:20,C33EF12144DFC05B3A2D900D41FCCD88,172815154,https://www.kugou.com/yy/rank/home/1-6666.html?from=rank
2026-08-17,2026-08-17T11:32:53+08:00,酷狗音乐,飙升榜,酷狗飙升榜,2026-08-17,18,踏马寻花向自由 (低音版),DJ铁柱,,2:58,0E38423B5CF278ADB8E359692609EAF7,201099960,https://www.kugou.com/yy/rank/home/1-6666.html?from=rank
2026-08-17,2026-08-17T11:32:53+08:00,酷狗音乐,飙升榜,酷狗飙升榜,2026-08-17,19,爸爸妈妈,乡野低频,,3:00,C1EF0C54DA1572E05167633D8A267E0E,202573533,https://www.kugou.com/yy/rank/home/1-6666.html?from=rank
2026-08-17,2026-08-17T11:32:53+08:00,酷狗音乐,飙升榜,酷狗飙升榜,2026-08-17,20,昨天今天下雨天,梦涵,,4:19,605C38B5A01E57DF5BBF7859B747A8E4,203695386,https://www.kugou.com/yy/rank/home/1-6666.html?from=rank
2026-08-17,2026-08-17T11:32:53+08:00,酷狗音乐,飙升榜,酷狗飙升榜,2026-08-17,21,나만 바라봐+Angel,Liora Voss,,2:05,162BC6DC8F5A54D95E94F3EE1784FB3A,201502937,https://www.kugou.com/yy/rank/home/1-6666.html?from=rank
2026-08-17,2026-08-17T11:32:53+08:00,酷狗音乐,飙升榜,酷狗飙升榜,2026-08-17,22,see oh we oh we yeah (时至今日无法忘记),晴奈栗,,2:00,AED7A618B660AC9FF2E6A65DBEE1376D,202990909,https://www.kugou.com/yy/rank/home/1-6666.html?from=rank
2026-08-17,2026-08-17T11:32:53+08:00,酷狗音乐,飙升榜,酷狗飙升榜,2026-08-17,23,祝你一路顺风,罗小罗,,4:08,A904D50C9793EE3C5A94DFA631AFF25E,104445182,https://www.kugou.com/yy/rank/home/2-6666.html?from=rank
2026-08-17,2026-08-17T11:32:53+08:00,酷狗音乐,飙升榜,酷狗飙升榜,2026-08-17,24,花落花,陈少熙,,4:10,43495EE9D35E1071F7E666A49CC0B645,201202257,https://www.kugou.com/yy/rank/home/2-6666.html?from=rank
2026-08-17,2026-08-17T11:32:53+08:00,酷狗音乐,飙升榜,酷狗飙升榜,2026-08-17,25,一曲情缘 (合唱版),郭少杰、河南三妹5233,,4:22,F4F8ADD36E6DBC126926E295C767E471,203677857,https://www.kugou.com/yy/rank/home/2-6666.html?from=rank
2026-08-17,2026-08-17T11:32:53+08:00,酷狗音乐,飙升榜,酷狗飙升榜,2026-08-17,26,还情长,猪猪,,3:12,EEDB394141CD34679C124FF0F27EA3DD,66305007,https://www.kugou.com/yy/rank/home/2-6666.html?from=rank
2026-08-17,2026-08-17T11:32:53+08:00,酷狗音乐,飙升榜,酷狗飙升榜,2026-08-17,27,爱你爱得丢了魂,苏潇潇,,4:08,5AE7CC456D3B469BD8B4A22D7CAE914C,203708414,https://www.kugou.com/yy/rank/home/2-6666.html?from=rank
2026-08-17,2026-08-17T11:32:53+08:00,酷狗音乐,飙升榜,酷狗飙升榜,2026-08-17,28,想让你知道,Dose,,3:02,E08EF544630198177FE00E57A2ADC69D,137896697,https://www.kugou.com/yy/rank/home/2-6666.html?from=rank
2026-08-17,2026-08-17T11:32:53+08:00,酷狗音乐,飙升榜,酷狗飙升榜,2026-08-17,29,是我不够了解,冷漠,,3:54,74F7FFF56ABC07821E25F19E076214F6,203698508,https://www.kugou.com/yy/rank/home/2-6666.html?from=rank
2026-08-17,2026-08-17T11:32:53+08:00,酷狗音乐,飙升榜,酷狗飙升榜,2026-08-17,30,后视镜,唐汉霄,,4:50,F0D8446B4EB4B9D777F8A2ED8658FFB5,203532012,https://www.kugou.com/yy/rank/home/2-6666.html?from=rank
2026-08-17,2026-08-17T11:32:53+08:00,酷狗音乐,飙升榜,酷狗飙升榜,2026-08-17,31,乌兰巴托的夜 (空灵女版),几行,,2:26,2C3D97DF03D54820B6537F1BA77D4A9C,179042571,https://www.kugou.com/yy/rank/home/2-6666.html?from=rank
2026-08-17,2026-08-17T11:32:53+08:00,酷狗音乐,飙升榜,酷狗飙升榜,2026-08-17,32,别爱太满 别睡太晚,戎大姨,,3:18,0EF65544A752635329AF256EC2597032,203665099,https://www.kugou.com/yy/rank/home/2-6666.html?from=rank
2026-08-17,2026-08-17T11:32:53+08:00,酷狗音乐,飙升榜,酷狗飙升榜,2026-08-17,33,那个坏小子 (บักคนซั่ว),ทิดแอม,,2:31,BCBC6D081482F9BC0B049255D45F0D71,201362051,https://www.kugou.com/yy/rank/home/2-6666.html?from=rank
2026-08-17,2026-08-17T11:32:53+08:00,酷狗音乐,飙升榜,酷狗飙升榜,2026-08-17,34,爱过境未迁,赵乃吉,,3:42,4E083976BD0D68CE1D7FA9CF4B0D0DCA,162967172,https://www.kugou.com/yy/rank/home/2-6666.html?from=rank
2026-08-17,2026-08-17T11:32:53+08:00,酷狗音乐,飙升榜,酷狗飙升榜,2026-08-17,35,爸妈给远嫁女儿的话 (远嫁的女儿),王剑锋,,3:44,9B27F48242A3FBEDC354D498C56044A0,203722532,https://www.kugou.com/yy/rank/home/2-6666.html?from=rank
2026-08-17,2026-08-17T11:32:53+08:00,酷狗音乐,飙升榜,酷狗飙升榜,2026-08-17,36,爱像风吹过,刘书云,,3:13,3E5233A93DEAA30C700B66A677567CE7,203665340,https://www.kugou.com/yy/rank/home/2-6666.html?from=rank
2026-08-17,2026-08-17T11:32:53+08:00,酷狗音乐,飙升榜,酷狗飙升榜,2026-08-17,37,奔向你 (Live),张睿,,2:02,CFC97036E22050C9CE0951D81E2FFCED,203702015,https://www.kugou.com/yy/rank/home/2-6666.html?from=rank
2026-08-17,2026-08-17T11:32:53+08:00,酷狗音乐,飙升榜,酷狗飙升榜,2026-08-17,38,连傻子都知道,张良,,3:43,1E529FED36FB0B3E886B73694D710F44,203695286,https://www.kugou.com/yy/rank/home/2-6666.html?from=rank
2026-08-17,2026-08-17T11:32:53+08:00,酷狗音乐,飙升榜,酷狗飙升榜,2026-08-17,39,Pretty Girl Rock (Explicit),DJ铁柱,,3:46,E0ABBD6FDEE7C1568B2A5AB391DC2AE9,203513805,https://www.kugou.com/yy/rank/home/2-6666.html?from=rank
2026-08-17,2026-08-17T11:32:53+08:00,酷狗音乐,飙升榜,酷狗飙升榜,2026-08-17,40,郁,旺仔加真露,,4:16,BEAB63E6C1C9A3E81DEFFB5F5A848436,79266189,https://www.kugou.com/yy/rank/home/2-6666.html?from=rank
2026-08-17,2026-08-17T11:32:53+08:00,酷狗音乐,飙升榜,酷狗飙升榜,2026-08-17,41,若明月能照亮路前,啾叨怡,,3:00,30314C0E8ADF278381DE9789087930A5,133650978,https://www.kugou.com/yy/rank/home/2-6666.html?from=rank
2026-08-17,2026-08-17T11:32:53+08:00,酷狗音乐,飙升榜,酷狗飙升榜,2026-08-17,42,转身就呼呼,旺仔加真露,,2:51,DBE8EC217EEBE3AF3AFCAF39643BD303,156759807,https://www.kugou.com/yy/rank/home/2-6666.html?from=rank
2026-08-17,2026-08-17T11:32:53+08:00,酷狗音乐,飙升榜,酷狗飙升榜,2026-08-17,43,Fatal Love,Jori King,,3:10,C7D617F765E8F748C0F82C21267D0898,658485,https://www.kugou.com/yy/rank/home/2-6666.html?from=rank
2026-08-17,2026-08-17T11:32:53+08:00,酷狗音乐,飙升榜,酷狗飙升榜,2026-08-17,44,仲夏夜空,陈子晴,,3:12,70CF8C8132AC303C08E197C4E678D553,72175932,https://www.kugou.com/yy/rank/home/2-6666.html?from=rank
2026-08-17,2026-08-17T11:32:53+08:00,酷狗音乐,飙升榜,酷狗飙升榜,2026-08-17,45,字字句句 (r&b微醺版),落日微醺,,3:29,6BE4283E31694D3817E06C0368D33EC3,195834396,https://www.kugou.com/yy/rank/home/3-6666.html?from=rank
2026-08-17,2026-08-17T11:32:53+08:00,酷狗音乐,飙升榜,酷狗飙升榜,2026-08-17,46,信者得爱 (Live),黄子弘凡,,3:54,B652A580C3FC46440C99CF16D61C3F3F,203650520,https://www.kugou.com/yy/rank/home/3-6666.html?from=rank
2026-08-17,2026-08-17T11:32:53+08:00,酷狗音乐,飙升榜,酷狗飙升榜,2026-08-17,47,逐梦滚烫,对角巷乐队,,4:04,93D60E95C73E384074E92529128FE4BF,203404403,https://www.kugou.com/yy/rank/home/3-6666.html?from=rank
2026-08-17,2026-08-17T11:32:53+08:00,酷狗音乐,飙升榜,酷狗飙升榜,2026-08-17,48,此生无憾 (港风女声版),林咏诗,,3:29,DF119260E07D633BF81FCB2DFFF11E08,183637764,https://www.kugou.com/yy/rank/home/3-6666.html?from=rank
2026-08-17,2026-08-17T11:32:53+08:00,酷狗音乐,飙升榜,酷狗飙升榜,2026-08-17,49,一步一坎坷 (对唱版),鱼精、刘书云,,3:44,25D97CA7F4A6F15946F0B6B4CE216F0C,203667088,https://www.kugou.com/yy/rank/home/3-6666.html?from=rank
2026-08-17,2026-08-17T11:32:53+08:00,酷狗音乐,飙升榜,酷狗飙升榜,2026-08-17,50,为什么是她不是我,关心,,3:50,D5C2827A17DB4355E9C9E74C04AF1F79,203665361,https://www.kugou.com/yy/rank/home/3-6666.html?from=rank
2026-08-17,2026-08-17T11:32:53+08:00,酷狗音乐,飙升榜,酷狗飙升榜,2026-08-17,51,只因恋上你,刘君,,4:30,8470F537A80FED3AC557D96B5578B522,57406544,https://www.kugou.com/yy/rank/home/3-6666.html?from=rank
2026-08-17,2026-08-17T11:32:53+08:00,酷狗音乐,飙升榜,酷狗飙升榜,2026-08-17,52,不挽留没回头,烟嗓船长,,3:06,FE63311429B060A1A69BC34A36019FAB,203698510,https://www.kugou.com/yy/rank/home/3-6666.html?from=rank
2026-08-17,2026-08-17T11:32:53+08:00,酷狗音乐,飙升榜,酷狗飙升榜,2026-08-17,53,每个人 (舒楠监制 官方正式版|贵州方言完整版),周深,,3:51,E3A3ABE2665108CE67F09094D4AE02A8,202043425,https://www.kugou.com/yy/rank/home/3-6666.html?from=rank
2026-08-17,2026-08-17T11:32:53+08:00,酷狗音乐,飙升榜,酷狗飙升榜,2026-08-17,54,那时风那时雨,林心念,,2:45,6D21C38EFBC01BB871B4916A3018465C,74924165,https://www.kugou.com/yy/rank/home/3-6666.html?from=rank
2026-08-17,2026-08-17T11:32:53+08:00,酷狗音乐,飙升榜,酷狗飙升榜,2026-08-17,55,Club Music (俱乐部音乐)(Live),那奇沃夫,,2:08,5B266A086544AFB40D84185358E9E671,203647097,https://www.kugou.com/yy/rank/home/3-6666.html?from=rank
2026-08-17,2026-08-17T11:32:53+08:00,酷狗音乐,飙升榜,酷狗飙升榜,2026-08-17,56,逍遥叹 (烟嗓版),半吨兄弟,,3:42,0B579B1CE16A62D1A7D76669054569B3,73264278,https://www.kugou.com/yy/rank/home/3-6666.html?from=rank
2026-08-17,2026-08-17T11:32:53+08:00,酷狗音乐,飙升榜,酷狗飙升榜,2026-08-17,57,痴痴,大坨,,3:52,3F6CF46EE37F338558F65EDA2C51B44B,155064666,https://www.kugou.com/yy/rank/home/3-6666.html?from=rank
2026-08-17,2026-08-17T11:32:53+08:00,酷狗音乐,飙升榜,酷狗飙升榜,2026-08-17,58,牺牲品 (遗憾版),任宇轩,,3:24,3E7C4786B97E353F929F489970BC35D0,203674042,https://www.kugou.com/yy/rank/home/3-6666.html?from=rank
2026-08-17,2026-08-17T11:32:53+08:00,酷狗音乐,飙升榜,酷狗飙升榜,2026-08-17,59,一直在身边,TF家族-张桂源、TF家族-张函瑞、TF家族-王橹杰、TF家族-左奇函、TF家族-陈奕恒、TF家族-杨博文、TF家族-陈思罕、TF家族-陈浚铭,,3:44,9079115BBDEAA08A579A86ABBD593E78,203249548,https://www.kugou.com/yy/rank/home/3-6666.html?from=rank
2026-08-17,2026-08-17T11:32:53+08:00,酷狗音乐,飙升榜,酷狗飙升榜,2026-08-17,60,约定 (远处的钟声回荡在雨里),洋澜一,,4:02,A128ECC982F790233E2F8EC0D3645196,140653130,https://www.kugou.com/yy/rank/home/3-6666.html?from=rank
2026-08-17,2026-08-17T11:32:53+08:00,酷狗音乐,飙升榜,酷狗飙升榜,2026-08-17,61,南方没有你北方没有雨,魏佳艺,,5:12,77765089F43B7DBF1F24406EE444D97F,201940221,https://www.kugou.com/yy/rank/home/3-6666.html?from=rank
2026-08-17,2026-08-17T11:32:53+08:00,酷狗音乐,飙升榜,酷狗飙升榜,2026-08-17,62,La Lumière (此刻尽燃),无畏契约、WILLIM缪维霖、贺仙人,,3:22,D294D8BE4A0B370F96761AD57FB98E5B,203225476,https://www.kugou.com/yy/rank/home/3-6666.html?from=rank
2026-08-17,2026-08-17T11:32:53+08:00,酷狗音乐,飙升榜,酷狗飙升榜,2026-08-17,63,风大雨大都不怕 (国粤双语),蒋蕙林,,3:27,17A28562EA7208BC04030C5795031120,203698449,https://www.kugou.com/yy/rank/home/3-6666.html?from=rank
2026-08-17,2026-08-17T11:32:53+08:00,酷狗音乐,飙升榜,酷狗飙升榜,2026-08-17,64,北方的后海没有海 (烟嗓氛围版),正在进行石女士,,3:48,6B24D845A908346B492202E420B69DA7,202289730,https://www.kugou.com/yy/rank/home/3-6666.html?from=rank
2026-08-17,2026-08-17T11:32:53+08:00,酷狗音乐,飙升榜,酷狗飙升榜,2026-08-17,65,就当你是个过客,张良,,4:01,1BC06D84D6F3B8EE90EABA521E5E2305,203695291,https://www.kugou.com/yy/rank/home/3-6666.html?from=rank
2026-08-17,2026-08-17T11:32:53+08:00,酷狗音乐,飙升榜,酷狗飙升榜,2026-08-17,66,逃 (女版),张茜（张惜淇）,,3:33,08A067139D53A49B13C7DA1625F51784,70551271,https://www.kugou.com/yy/rank/home/3-6666.html?from=rank
2026-08-17,2026-08-17T11:32:53+08:00,酷狗音乐,飙升榜,酷狗飙升榜,2026-08-17,67,日子走着走着就会有答案,吴瑞斯、徐时一,,2:22,83572875921B578C3CA7DD76C6693A05,159511572,https://www.kugou.com/yy/rank/home/4-6666.html?from=rank
2026-08-17,2026-08-17T11:32:53+08:00,酷狗音乐,飙升榜,酷狗飙升榜,2026-08-17,68,红尘路相思苦 (合唱版),赵洋、鸟叔、丁小婉,,4:44,620FF14FA20F773E789948C7993369D7,203667730,https://www.kugou.com/yy/rank/home/4-6666.html?from=rank
2026-08-17,2026-08-17T11:32:53+08:00,酷狗音乐,飙升榜,酷狗飙升榜,2026-08-17,69,笼 (Live),阿云嘎,,2:22,8475CEB0350EBF4DFE66C07C6EF4D214,203702015,https://www.kugou.com/yy/rank/home/4-6666.html?from=rank
2026-08-17,2026-08-17T11:32:53+08:00,酷狗音乐,飙升榜,酷狗飙升榜,2026-08-17,70,我们到底有没有结果,许丽静,,4:10,17274A3827B1309B32DD415564314FF5,203667354,https://www.kugou.com/yy/rank/home/4-6666.html?from=rank
2026-08-17,2026-08-17T11:32:53+08:00,酷狗音乐,飙升榜,酷狗飙升榜,2026-08-17,71,一半一半 (Live),宋亚轩,,4:11,27F5DEDBF9C22FDD10D829F2971C411A,203650520,https://www.kugou.com/yy/rank/home/4-6666.html?from=rank
2026-08-17,2026-08-17T11:32:53+08:00,酷狗音乐,飙升榜,酷狗飙升榜,2026-08-17,72,你我皆是黑马,郑在,,4:15,CD93F5AB972F691B8A54105C02B679AE,198891521,https://www.kugou.com/yy/rank/home/4-6666.html?from=rank
2026-08-17,2026-08-17T11:32:53+08:00,酷狗音乐,飙升榜,酷狗飙升榜,2026-08-17,73,老话说DJ版,吴三,,3:26,D7962EF5841DDC0CF82AB5335D6BC6AB,179546253,https://www.kugou.com/yy/rank/home/4-6666.html?from=rank
2026-08-17,2026-08-17T11:32:53+08:00,酷狗音乐,飙升榜,酷狗飙升榜,2026-08-17,74,风不渡海,徐靖雯、屿溪、海绵偶巴,,2:48,24065C496C33FB827720240C7545E2A1,203666938,https://www.kugou.com/yy/rank/home/4-6666.html?from=rank
2026-08-17,2026-08-17T11:32:53+08:00,酷狗音乐,飙升榜,酷狗飙升榜,2026-08-17,75,五音养五脏·土音 健脾和胃,轻音乐纯音乐,,2:34,CD53617279FB0A838295458D63F14C7F,200138268,https://www.kugou.com/yy/rank/home/4-6666.html?from=rank
2026-08-17,2026-08-17T11:32:53+08:00,酷狗音乐,飙升榜,酷狗飙升榜,2026-08-17,76,偏爱自己的花,李芥末,,3:04,5F92935859BDF8243664A935753C8956,108542227,https://www.kugou.com/yy/rank/home/4-6666.html?from=rank
2026-08-17,2026-08-17T11:32:53+08:00,酷狗音乐,飙升榜,酷狗飙升榜,2026-08-17,77,谁是谁的例外,JeffGuo,,3:38,5EC6B101D917435D351ED14802B7618B,199782453,https://www.kugou.com/yy/rank/home/4-6666.html?from=rank
2026-08-17,2026-08-17T11:32:53+08:00,酷狗音乐,飙升榜,酷狗飙升榜,2026-08-17,78,唯愿 The Only Wish,Noworries,,3:09,6DAADDDEB5474142AE0D6BD4A28823FC,197081960,https://www.kugou.com/yy/rank/home/4-6666.html?from=rank
2026-08-17,2026-08-17T11:32:53+08:00,酷狗音乐,飙升榜,酷狗飙升榜,2026-08-17,79,嘉桐摇 (我好中意你啊你知不知),еяхат музыка、LongTran Final、我期待的不是你,,2:02,2DB792B1BEEB07DE2635720887AF30D0,203565452,https://www.kugou.com/yy/rank/home/4-6666.html?from=rank
2026-08-17,2026-08-17T11:32:53+08:00,酷狗音乐,飙升榜,酷狗飙升榜,2026-08-17,80,寻梦之旅,刘君,,3:19,97A8F35079B619DCA0D58BC6E64EE2DB,21818042,https://www.kugou.com/yy/rank/home/4-6666.html?from=rank
2026-08-17,2026-08-17T11:32:53+08:00,酷狗音乐,飙升榜,酷狗飙升榜,2026-08-17,81,浪人心声 (国粤对唱版),吉他的天空、唐一乐,,3:30,452A5A6E5CBFC9852AEA3CA7CD4B5118,199501776,https://www.kugou.com/yy/rank/home/4-6666.html?from=rank
2026-08-17,2026-08-17T11:32:53+08:00,酷狗音乐,飙升榜,酷狗飙升榜,2026-08-17,82,月儿弯 回忆暖,辰子唯、Seven6,,3:18,82E67392CD7A05DAE93E4538455EC476,146719035,https://www.kugou.com/yy/rank/home/4-6666.html?from=rank
2026-08-17,2026-08-17T11:32:53+08:00,酷狗音乐,飙升榜,酷狗飙升榜,2026-08-17,83,说了再见,周杰伦,,4:43,966C718DA96EE29B3B466F773BFA9E2F,958812,https://www.kugou.com/yy/rank/home/4-6666.html?from=rank
2026-08-17,2026-08-17T11:32:53+08:00,酷狗音乐,飙升榜,酷狗飙升榜,2026-08-17,84,Summer Calling,塞壬唱片-MSR、Jason Walsh、MAUMAUMAU,,3:18,C30EE722DD9177F5E6AAD8FDB9DDD658,203459537,https://www.kugou.com/yy/rank/home/4-6666.html?from=rank
2026-08-17,2026-08-17T11:32:53+08:00,酷狗音乐,飙升榜,酷狗飙升榜,2026-08-17,85,whistle,八方BAFANG,,5:13,9A060F115050E98F3CB9E9229AB30DF6,199629909,https://www.kugou.com/yy/rank/home/4-6666.html?from=rank
2026-08-17,2026-08-17T11:32:53+08:00,酷狗音乐,飙升榜,酷狗飙升榜,2026-08-17,86,没有期待就没有伤害,郑鱼,,3:46,61C78307B02277BDC0E704EC86CF5949,203722549,https://www.kugou.com/yy/rank/home/4-6666.html?from=rank
2026-08-17,2026-08-17T11:32:53+08:00,酷狗音乐,飙升榜,酷狗飙升榜,2026-08-17,87,忘了 (R&B版),老板,,3:25,ED716A31D379A8DCE6A97C79DEDE6342,189620670,https://www.kugou.com/yy/rank/home/4-6666.html?from=rank
2026-08-17,2026-08-17T11:32:53+08:00,酷狗音乐,飙升榜,酷狗飙升榜,2026-08-17,88,心有山海 (静而不争),耳朵休息站,,2:29,B87237B4A86DC9B1EA0B697F0805BA36,181021944,https://www.kugou.com/yy/rank/home/4-6666.html?from=rank
2026-08-17,2026-08-17T11:32:53+08:00,酷狗音乐,飙升榜,酷狗飙升榜,2026-08-17,89,北上南下 (Live),BrAnTB白景屹,,4:50,C129BA160972199331BE0B01ECB8186A,203647097,https://www.kugou.com/yy/rank/home/5-6666.html?from=rank
2026-08-17,2026-08-17T11:32:53+08:00,酷狗音乐,飙升榜,酷狗飙升榜,2026-08-17,90,平平淡淡生活,万海东,,3:21,327F4CD387FAF999E9D99983F7C7FF77,203698419,https://www.kugou.com/yy/rank/home/5-6666.html?from=rank
2026-08-17,2026-08-17T11:32:53+08:00,酷狗音乐,飙升榜,酷狗飙升榜,2026-08-17,91,国王皇后进行曲,雷霆猪猪,,2:04,F8FAFC981017BB4144A101D92AB46882,200300620,https://www.kugou.com/yy/rank/home/5-6666.html?from=rank
2026-08-17,2026-08-17T11:32:53+08:00,酷狗音乐,飙升榜,酷狗飙升榜,2026-08-17,92,冻结,林俊杰,,4:49,AE291096B510F20B93D7D87DCBEF1E43,971150,https://www.kugou.com/yy/rank/home/5-6666.html?from=rank
2026-08-17,2026-08-17T11:32:53+08:00,酷狗音乐,飙升榜,酷狗飙升榜,2026-08-17,93,冰棍儿 (Live),SHarK,,3:18,C4AC421209BDC51D07BC774399B0C5C8,203647097,https://www.kugou.com/yy/rank/home/5-6666.html?from=rank
2026-08-17,2026-08-17T11:32:53+08:00,酷狗音乐,飙升榜,酷狗飙升榜,2026-08-17,94,亲爱的别走,司马刚,,3:38,25A939603D2F8F117836ED2320E1CBE0,63748010,https://www.kugou.com/yy/rank/home/5-6666.html?from=rank
2026-08-17,2026-08-17T11:32:53+08:00,酷狗音乐,飙升榜,酷狗飙升榜,2026-08-17,95,逆风的船,蓝波,,3:16,0FC1FA099A3F6984C1C1D4EC211D5A7B,199831134,https://www.kugou.com/yy/rank/home/5-6666.html?from=rank
2026-08-17,2026-08-17T11:32:53+08:00,酷狗音乐,飙升榜,酷狗飙升榜,2026-08-17,96,清风吹散林中雾 (Live),王一佳,,2:58,9D0242B594D2EE8297EE385191A94477,94177546,https://www.kugou.com/yy/rank/home/5-6666.html?from=rank
2026-08-17,2026-08-17T11:32:53+08:00,酷狗音乐,飙升榜,酷狗飙升榜,2026-08-17,97,敬岁月酒一壶 (执着版),草原兄弟,,3:02,8E4BC66FB56390F2761C3B3965D4BF85,203722461,https://www.kugou.com/yy/rank/home/5-6666.html?from=rank
2026-08-17,2026-08-17T11:32:53+08:00,酷狗音乐,飙升榜,酷狗飙升榜,2026-08-17,98,暖一杯茶 (时间会证明我多爱你啊),周小冉,,2:51,51E3961FE12B14257A8B249B7D3A7FDC,199805646,https://www.kugou.com/yy/rank/home/5-6666.html?from=rank
2026-08-17,2026-08-17T11:32:53+08:00,酷狗音乐,飙升榜,酷狗飙升榜,2026-08-17,99,烟墨,执素兮,,4:07,042854C29C822F4D562E117B185BEB33,36842539,https://www.kugou.com/yy/rank/home/5-6666.html?from=rank
2026-08-17,2026-08-17T11:32:53+08:00,酷狗音乐,飙升榜,酷狗飙升榜,2026-08-17,100,I Miss You (暗黑Trap版),超级大瓜,,2:56,D04E732B1310DF5536506CEF6826A96A,197475978,https://www.kugou.com/yy/rank/home/5-6666.html?from=rank
2026-08-17,2026-08-17T11:32:53+08:00,微博,热搜榜,微博热搜榜,,1,建议这类手机壳赶紧扔掉,数码,热度 1190332；新,,建议这类手机壳赶紧扔掉,,https://s.weibo.com/weibo?q=%23%E5%BB%BA%E8%AE%AE%E8%BF%99%E7%B1%BB%E6%89%8B%E6%9C%BA%E5%A3%B3%E8%B5%B6%E7%B4%A7%E6%89%94%E6%8E%89%23
2026-08-17,2026-08-17T11:32:53+08:00,微博,热搜榜,微博热搜榜,,2,纪念江泽民同志诞辰100周年大会,民生新闻,热度 870413,,纪念江泽民同志诞辰100周年大会,,https://s.weibo.com/weibo?q=%23%E7%BA%AA%E5%BF%B5%E6%B1%9F%E6%B3%BD%E6%B0%91%E5%90%8C%E5%BF%97%E8%AF%9E%E8%BE%B0100%E5%91%A8%E5%B9%B4%E5%A4%A7%E4%BC%9A%23
2026-08-17,2026-08-17T11:32:53+08:00,微博,热搜榜,微博热搜榜,,3,暴雨天留心4个风险点,民生新闻,热度 856140；新,,暴雨天留心4个风险点,,https://s.weibo.com/weibo?q=%23%E6%9A%B4%E9%9B%A8%E5%A4%A9%E7%95%99%E5%BF%834%E4%B8%AA%E9%A3%8E%E9%99%A9%E7%82%B9%23
2026-08-17,2026-08-17T11:32:53+08:00,微博,热搜榜,微博热搜榜,,4,人生不只有考公考研两条路,情感,热度 848147,,人生不只有考公考研两条路,,https://s.weibo.com/weibo?q=%23%E4%BA%BA%E7%94%9F%E4%B8%8D%E5%8F%AA%E6%9C%89%E8%80%83%E5%85%AC%E8%80%83%E7%A0%94%E4%B8%A4%E6%9D%A1%E8%B7%AF%23
2026-08-17,2026-08-17T11:32:53+08:00,微博,热搜榜,微博热搜榜,,5,对瘦女淡饭产生了逆反心理,情感,热度 654673；新,,对瘦女淡饭产生了逆反心理,,https://s.weibo.com/weibo?q=%23%E5%AF%B9%E7%98%A6%E5%A5%B3%E6%B7%A1%E9%A5%AD%E4%BA%A7%E7%94%9F%E4%BA%86%E9%80%86%E5%8F%8D%E5%BF%83%E7%90%86%23
2026-08-17,2026-08-17T11:32:53+08:00,微博,热搜榜,微博热搜榜,,6,李荣浩给杨丞琳送花篮落款先生,演出,热度 567828；新,,李荣浩给杨丞琳送花篮落款先生,演出,https://s.weibo.com/weibo?q=%23%E6%9D%8E%E8%8D%A3%E6%B5%A9%E7%BB%99%E6%9D%A8%E4%B8%9E%E7%90%B3%E9%80%81%E8%8A%B1%E7%AF%AE%E8%90%BD%E6%AC%BE%E5%85%88%E7%94%9F%23
2026-08-17,2026-08-17T11:32:53+08:00,微博,热搜榜,微博热搜榜,,7,兰州拉面集体更名的背后,民生新闻,热度 558158；新,,兰州拉面集体更名的背后,,https://s.weibo.com/weibo?q=%23%E5%85%B0%E5%B7%9E%E6%8B%89%E9%9D%A2%E9%9B%86%E4%BD%93%E6%9B%B4%E5%90%8D%E7%9A%84%E8%83%8C%E5%90%8E%23
2026-08-17,2026-08-17T11:32:53+08:00,微博,热搜榜,微博热搜榜,,8,胖东来被涨租逼走却从不涨商户租,议题讨论,热度 306757,,胖东来被涨租逼走却从不涨商户租,,https://s.weibo.com/weibo?q=%23%E8%83%96%E4%B8%9C%E6%9D%A5%E8%A2%AB%E6%B6%A8%E7%A7%9F%E9%80%BC%E8%B5%B0%E5%8D%B4%E4%BB%8E%E4%B8%8D%E6%B6%A8%E5%95%86%E6%88%B7%E7%A7%9F%23
2026-08-17,2026-08-17T11:32:53+08:00,微博,热搜榜,微博热搜榜,,9,龙餐馆原型说当时做饭很难吃,电影,热度 304547,,龙餐馆原型说当时做饭很难吃,电影,https://s.weibo.com/weibo?q=%23%E9%BE%99%E9%A4%90%E9%A6%86%E5%8E%9F%E5%9E%8B%E8%AF%B4%E5%BD%93%E6%97%B6%E5%81%9A%E9%A5%AD%E5%BE%88%E9%9A%BE%E5%90%83%23
2026-08-17,2026-08-17T11:32:53+08:00,微博,热搜榜,微博热搜榜,,10,极少数巨婴碰瓷了大量公共资源,民生新闻,热度 297592；新,,极少数巨婴碰瓷了大量公共资源,,https://s.weibo.com/weibo?q=%23%E6%9E%81%E5%B0%91%E6%95%B0%E5%B7%A8%E5%A9%B4%E7%A2%B0%E7%93%B7%E4%BA%86%E5%A4%A7%E9%87%8F%E5%85%AC%E5%85%B1%E8%B5%84%E6%BA%90%23
2026-08-17,2026-08-17T11:32:53+08:00,微博,热搜榜,微博热搜榜,,11,欢天喜地七仙女凡间造型,剧集,热度 288714；新,,欢天喜地七仙女凡间造型,剧集,https://s.weibo.com/weibo?q=%23%E6%AC%A2%E5%A4%A9%E5%96%9C%E5%9C%B0%E4%B8%83%E4%BB%99%E5%A5%B3%E5%87%A1%E9%97%B4%E9%80%A0%E5%9E%8B%23
2026-08-17,2026-08-17T11:32:53+08:00,微博,热搜榜,微博热搜榜,,12,披荆斩棘一公组队,综艺,热度 284898；新,,披荆斩棘一公组队,综艺,https://s.weibo.com/weibo?q=%23%E6%8A%AB%E8%8D%86%E6%96%A9%E6%A3%98%E4%B8%80%E5%85%AC%E7%BB%84%E9%98%9F%23
2026-08-17,2026-08-17T11:32:53+08:00,微博,热搜榜,微博热搜榜,,13,iPhone17或全球涨价,数码,热度 275823；新,,iPhone17或全球涨价,,https://s.weibo.com/weibo?q=%23iPhone17%E6%88%96%E5%85%A8%E7%90%83%E6%B6%A8%E4%BB%B7%23
2026-08-17,2026-08-17T11:32:53+08:00,微博,热搜榜,微博热搜榜,,14,王一博造型郭琪,作品衍生,热度 273384；新,,王一博造型郭琪,盛典,https://s.weibo.com/weibo?q=%23%E7%8E%8B%E4%B8%80%E5%8D%9A%E9%80%A0%E5%9E%8B%E9%83%AD%E7%90%AA%23
2026-08-17,2026-08-17T11:32:53+08:00,微博,热搜榜,微博热搜榜,,15,王楚钦三线作战,体育,热度 270539；新,,王楚钦三线作战,,https://s.weibo.com/weibo?q=%23%E7%8E%8B%E6%A5%9A%E9%92%A6%E4%B8%89%E7%BA%BF%E4%BD%9C%E6%88%98%23
2026-08-17,2026-08-17T11:32:53+08:00,微博,热搜榜,微博热搜榜,,16,惠英红 两部暑期档电影,电影,热度 261593；新,,惠英红 两部暑期档电影,['惠英红'],https://s.weibo.com/weibo?q=%23%E6%83%A0%E8%8B%B1%E7%BA%A2%20%E4%B8%A4%E9%83%A8%E6%9A%91%E6%9C%9F%E6%A1%A3%E7%94%B5%E5%BD%B1%23
2026-08-17,2026-08-17T11:32:53+08:00,微博,热搜榜,微博热搜榜,,17,A股,财经,热度 260390；新,,A股,,https://s.weibo.com/weibo?q=%23A%E8%82%A1%23
2026-08-17,2026-08-17T11:32:53+08:00,微博,热搜榜,微博热搜榜,,18,手机壳 医疗垃圾,舆论监督,热度 256137,,手机壳 医疗垃圾,,https://s.weibo.com/weibo?q=%23%E6%89%8B%E6%9C%BA%E5%A3%B3%20%E5%8C%BB%E7%96%97%E5%9E%83%E5%9C%BE%23
2026-08-17,2026-08-17T11:32:53+08:00,微博,热搜榜,微博热搜榜,,19,电影数到三定档,电影,热度 235041；新,,电影数到三定档,电影,https://s.weibo.com/weibo?q=%23%E7%94%B5%E5%BD%B1%E6%95%B0%E5%88%B0%E4%B8%89%E5%AE%9A%E6%A1%A3%23
2026-08-17,2026-08-17T11:32:53+08:00,微博,热搜榜,微博热搜榜,,20,DeepSeek正式涨价,互联网,热度 234570,,DeepSeek正式涨价,,https://s.weibo.com/weibo?q=%23DeepSeek%E6%AD%A3%E5%BC%8F%E6%B6%A8%E4%BB%B7%23
2026-08-17,2026-08-17T11:32:53+08:00,微博,热搜榜,微博热搜榜,,21,曝虞书欣补偿一念江南换角亏损,艺人,热度 233219；新,,曝虞书欣补偿一念江南换角亏损,['虞书欣'],https://s.weibo.com/weibo?q=%23%E6%9B%9D%E8%99%9E%E4%B9%A6%E6%AC%A3%E8%A1%A5%E5%81%BF%E4%B8%80%E5%BF%B5%E6%B1%9F%E5%8D%97%E6%8D%A2%E8%A7%92%E4%BA%8F%E6%8D%9F%23
2026-08-17,2026-08-17T11:32:53+08:00,微博,热搜榜,微博热搜榜,,22,辟谣恋情都按谷爱凌这个标准来,体育,热度 231965；热,,辟谣恋情都按谷爱凌这个标准来,,https://s.weibo.com/weibo?q=%23%E8%BE%9F%E8%B0%A3%E6%81%8B%E6%83%85%E9%83%BD%E6%8C%89%E8%B0%B7%E7%88%B1%E5%87%8C%E8%BF%99%E4%B8%AA%E6%A0%87%E5%87%86%E6%9D%A5%23
2026-08-17,2026-08-17T11:32:53+08:00,微博,热搜榜,微博热搜榜,,23,王一博的手部特写,艺人,热度 230787,,王一博的手部特写,['王一博'],https://s.weibo.com/weibo?q=%23%E7%8E%8B%E4%B8%80%E5%8D%9A%E7%9A%84%E6%89%8B%E9%83%A8%E7%89%B9%E5%86%99%23
2026-08-17,2026-08-17T11:32:53+08:00,微博,热搜榜,微博热搜榜,,24,张元英水晶凉鞋,艺人,热度 230242,,张元英水晶凉鞋,['张元英'],https://s.weibo.com/weibo?q=%23%E5%BC%A0%E5%85%83%E8%8B%B1%E6%B0%B4%E6%99%B6%E5%87%89%E9%9E%8B%23
2026-08-17,2026-08-17T11:32:53+08:00,微博,热搜榜,微博热搜榜,,25,居民存款7月又少了6300亿,财经,热度 229089,,居民存款7月又少了6300亿,,https://s.weibo.com/weibo?q=%23%E5%B1%85%E6%B0%91%E5%AD%98%E6%AC%BE7%E6%9C%88%E5%8F%88%E5%B0%91%E4%BA%866300%E4%BA%BF%23
2026-08-17,2026-08-17T11:32:53+08:00,微博,热搜榜,微博热搜榜,,26,王俊凯妈妈好年轻,艺人,热度 227803；新,,王俊凯妈妈好年轻,,https://s.weibo.com/weibo?q=%23%E7%8E%8B%E4%BF%8A%E5%87%AF%E5%A6%88%E5%A6%88%E5%A5%BD%E5%B9%B4%E8%BD%BB%23
2026-08-17,2026-08-17T11:32:53+08:00,微博,热搜榜,微博热搜榜,,27,娜扎刚起床的素颜,艺人,热度 226827,,娜扎刚起床的素颜,['娜扎'],https://s.weibo.com/weibo?q=%23%E5%A8%9C%E6%89%8E%E5%88%9A%E8%B5%B7%E5%BA%8A%E7%9A%84%E7%B4%A0%E9%A2%9C%23
2026-08-17,2026-08-17T11:32:53+08:00,微博,热搜榜,微博热搜榜,,28,瑞幸联名漫画 抄袭,美食,热度 225577；新,,瑞幸联名漫画 抄袭,,https://s.weibo.com/weibo?q=%23%E7%91%9E%E5%B9%B8%E8%81%94%E5%90%8D%E6%BC%AB%E7%94%BB%20%E6%8A%84%E8%A2%AD%23
2026-08-17,2026-08-17T11:32:53+08:00,微博,热搜榜,微博热搜榜,,29,韩汶栩与女友合照,艺人,热度 224310,,韩汶栩与女友合照,,https://s.weibo.com/weibo?q=%23%E9%9F%A9%E6%B1%B6%E6%A0%A9%E4%B8%8E%E5%A5%B3%E5%8F%8B%E5%90%88%E7%85%A7%23
2026-08-17,2026-08-17T11:32:53+08:00,微博,热搜榜,微博热搜榜,,30,严浩翔nl真的分清楚了吗,艺人,热度 223169；新,,严浩翔nl真的分清楚了吗,['严浩翔'],https://s.weibo.com/weibo?q=%23%E4%B8%A5%E6%B5%A9%E7%BF%94nl%E7%9C%9F%E7%9A%84%E5%88%86%E6%B8%85%E6%A5%9A%E4%BA%86%E5%90%97%23
2026-08-17,2026-08-17T11:32:53+08:00,微博,热搜榜,微博热搜榜,,31,劣迹艺人那艺娜活动被当场叫停,演出,热度 222317,,劣迹艺人那艺娜活动被当场叫停,演出,https://s.weibo.com/weibo?q=%23%E5%8A%A3%E8%BF%B9%E8%89%BA%E4%BA%BA%E9%82%A3%E8%89%BA%E5%A8%9C%E6%B4%BB%E5%8A%A8%E8%A2%AB%E5%BD%93%E5%9C%BA%E5%8F%AB%E5%81%9C%23
2026-08-17,2026-08-17T11:32:53+08:00,微博,热搜榜,微博热搜榜,,32,档案袋被外婆拆了好崩溃,情感,热度 221607,,档案袋被外婆拆了好崩溃,,https://s.weibo.com/weibo?q=%23%E6%A1%A3%E6%A1%88%E8%A2%8B%E8%A2%AB%E5%A4%96%E5%A9%86%E6%8B%86%E4%BA%86%E5%A5%BD%E5%B4%A9%E6%BA%83%23
2026-08-17,2026-08-17T11:32:53+08:00,微博,热搜榜,微博热搜榜,,33,王俊凯妈妈给粉丝送伴手礼,演出,热度 220256,,王俊凯妈妈给粉丝送伴手礼,演出,https://s.weibo.com/weibo?q=%23%E7%8E%8B%E4%BF%8A%E5%87%AF%E5%A6%88%E5%A6%88%E7%BB%99%E7%B2%89%E4%B8%9D%E9%80%81%E4%BC%B4%E6%89%8B%E7%A4%BC%23
2026-08-17,2026-08-17T11:32:53+08:00,微博,热搜榜,微博热搜榜,,34,小沈阳口碑,演出,热度 219132,,小沈阳口碑,演出,https://s.weibo.com/weibo?q=%23%E5%B0%8F%E6%B2%88%E9%98%B3%E5%8F%A3%E7%A2%91%23
2026-08-17,2026-08-17T11:32:53+08:00,微博,热搜榜,微博热搜榜,,35,有种缘分就到这的感觉了,情感,热度 218598；新,,有种缘分就到这的感觉了,,https://s.weibo.com/weibo?q=%23%E6%9C%89%E7%A7%8D%E7%BC%98%E5%88%86%E5%B0%B1%E5%88%B0%E8%BF%99%E7%9A%84%E6%84%9F%E8%A7%89%E4%BA%86%23
2026-08-17,2026-08-17T11:32:53+08:00,微博,热搜榜,微博热搜榜,,36,男子要查3孩生父被妻子卡证据,民生新闻,热度 217126；新,,男子要查3孩生父被妻子卡证据,,https://s.weibo.com/weibo?q=%23%E7%94%B7%E5%AD%90%E8%A6%81%E6%9F%A53%E5%AD%A9%E7%94%9F%E7%88%B6%E8%A2%AB%E5%A6%BB%E5%AD%90%E5%8D%A1%E8%AF%81%E6%8D%AE%23
2026-08-17,2026-08-17T11:32:53+08:00,微博,热搜榜,微博热搜榜,,37,四个儿子争着养95岁老母亲,正能量,热度 215692；新,,四个儿子争着养95岁老母亲,,https://s.weibo.com/weibo?q=%23%E5%9B%9B%E4%B8%AA%E5%84%BF%E5%AD%90%E4%BA%89%E7%9D%80%E5%85%BB95%E5%B2%81%E8%80%81%E6%AF%8D%E4%BA%B2%23
2026-08-17,2026-08-17T11:32:53+08:00,微博,热搜榜,微博热搜榜,,38,唐九洲凭高考647分加入乐华,综艺,热度 214488,,唐九洲凭高考647分加入乐华,['唐九洲'],https://s.weibo.com/weibo?q=%23%E5%94%90%E4%B9%9D%E6%B4%B2%E5%87%AD%E9%AB%98%E8%80%83647%E5%88%86%E5%8A%A0%E5%85%A5%E4%B9%90%E5%8D%8E%23
2026-08-17,2026-08-17T11:32:53+08:00,微博,热搜榜,微博热搜榜,,39,儿科医生杨国辉去世妻子发声,民生新闻,热度 213725,,儿科医生杨国辉去世妻子发声,,https://s.weibo.com/weibo?q=%23%E5%84%BF%E7%A7%91%E5%8C%BB%E7%94%9F%E6%9D%A8%E5%9B%BD%E8%BE%89%E5%8E%BB%E4%B8%96%E5%A6%BB%E5%AD%90%E5%8F%91%E5%A3%B0%23
2026-08-17,2026-08-17T11:32:53+08:00,微博,热搜榜,微博热搜榜,,40,小沈阳一公组队,综艺,热度 212889；新,,小沈阳一公组队,综艺,https://s.weibo.com/weibo?q=%23%E5%B0%8F%E6%B2%88%E9%98%B3%E4%B8%80%E5%85%AC%E7%BB%84%E9%98%9F%23
2026-08-17,2026-08-17T11:32:53+08:00,微博,热搜榜,微博热搜榜,,41,AI对气候最大威胁并非耗电,互联网,热度 212276；新,,AI对气候最大威胁并非耗电,,https://s.weibo.com/weibo?q=%23AI%E5%AF%B9%E6%B0%94%E5%80%99%E6%9C%80%E5%A4%A7%E5%A8%81%E8%83%81%E5%B9%B6%E9%9D%9E%E8%80%97%E7%94%B5%23
2026-08-17,2026-08-17T11:32:53+08:00,微博,热搜榜,微博热搜榜,,42,41岁妈妈和23岁女儿同年生娃,母婴育儿,热度 210795,,41岁妈妈和23岁女儿同年生娃,,https://s.weibo.com/weibo?q=%2341%E5%B2%81%E5%A6%88%E5%A6%88%E5%92%8C23%E5%B2%81%E5%A5%B3%E5%84%BF%E5%90%8C%E5%B9%B4%E7%94%9F%E5%A8%83%23
2026-08-17,2026-08-17T11:32:53+08:00,微博,热搜榜,微博热搜榜,,43,睡不好的人调整一下洗漱时间,健康医疗,热度 209824,,睡不好的人调整一下洗漱时间,,https://s.weibo.com/weibo?q=%23%E7%9D%A1%E4%B8%8D%E5%A5%BD%E7%9A%84%E4%BA%BA%E8%B0%83%E6%95%B4%E4%B8%80%E4%B8%8B%E6%B4%97%E6%BC%B1%E6%97%B6%E9%97%B4%23
2026-08-17,2026-08-17T11:32:53+08:00,微博,热搜榜,微博热搜榜,,44,3孩非亲生男子愿意放弃30万赔偿,舆论监督,热度 208846,,3孩非亲生男子愿意放弃30万赔偿,,https://s.weibo.com/weibo?q=%233%E5%AD%A9%E9%9D%9E%E4%BA%B2%E7%94%9F%E7%94%B7%E5%AD%90%E6%84%BF%E6%84%8F%E6%94%BE%E5%BC%8330%E4%B8%87%E8%B5%94%E5%81%BF%23
2026-08-17,2026-08-17T11:32:53+08:00,微博,热搜榜,微博热搜榜,,45,王曼昱夺冠后比1庆祝,体育,热度 207034,,王曼昱夺冠后比1庆祝,,https://s.weibo.com/weibo?q=%23%E7%8E%8B%E6%9B%BC%E6%98%B1%E5%A4%BA%E5%86%A0%E5%90%8E%E6%AF%941%E5%BA%86%E7%A5%9D%23
2026-08-17,2026-08-17T11:32:53+08:00,微博,热搜榜,微博热搜榜,,46,杨洋 还是依赖我吧,艺人,热度 206442；新,,杨洋 还是依赖我吧,['杨洋'],https://s.weibo.com/weibo?q=%23%E6%9D%A8%E6%B4%8B%20%E8%BF%98%E6%98%AF%E4%BE%9D%E8%B5%96%E6%88%91%E5%90%A7%23
2026-08-17,2026-08-17T11:32:53+08:00,微博,热搜榜,微博热搜榜,,47,特朗普发文欢迎中东各国自保,海外新闻,热度 204876,,特朗普发文欢迎中东各国自保,,https://s.weibo.com/weibo?q=%23%E7%89%B9%E6%9C%97%E6%99%AE%E5%8F%91%E6%96%87%E6%AC%A2%E8%BF%8E%E4%B8%AD%E4%B8%9C%E5%90%84%E5%9B%BD%E8%87%AA%E4%BF%9D%23
2026-08-17,2026-08-17T11:32:53+08:00,微博,热搜榜,微博热搜榜,,48,美伊冲突,国际时政,热度 203910；新,,美伊冲突,,https://s.weibo.com/weibo?q=%23%E7%BE%8E%E4%BC%8A%E5%86%B2%E7%AA%81%23
2026-08-17,2026-08-17T11:32:53+08:00,微博,热搜榜,微博热搜榜,,49,王奕关注沈梦瑶,艺人,热度 203251；新,,王奕关注沈梦瑶,"['王奕', '沈梦瑶']",https://s.weibo.com/weibo?q=%23%E7%8E%8B%E5%A5%95%E5%85%B3%E6%B3%A8%E6%B2%88%E6%A2%A6%E7%91%B6%23
2026-08-17,2026-08-17T11:32:53+08:00,微博,热搜榜,微博热搜榜,,50,我以前就是在乱用便利贴,幽默,热度 201817；新,,我以前就是在乱用便利贴,,https://s.weibo.com/weibo?q=%23%E6%88%91%E4%BB%A5%E5%89%8D%E5%B0%B1%E6%98%AF%E5%9C%A8%E4%B9%B1%E7%94%A8%E4%BE%BF%E5%88%A9%E8%B4%B4%23
2026-08-17,2026-08-17T11:32:53+08:00,微博,文娱热搜榜,微博热搜榜-文娱条目,,1,李荣浩给杨丞琳送花篮落款先生,演出,总榜排名 6；热度 567828；新,,李荣浩给杨丞琳送花篮落款先生,演出,https://s.weibo.com/weibo?q=%23%E6%9D%8E%E8%8D%A3%E6%B5%A9%E7%BB%99%E6%9D%A8%E4%B8%9E%E7%90%B3%E9%80%81%E8%8A%B1%E7%AF%AE%E8%90%BD%E6%AC%BE%E5%85%88%E7%94%9F%23
2026-08-17,2026-08-17T11:32:53+08:00,微博,文娱热搜榜,微博热搜榜-文娱条目,,2,龙餐馆原型说当时做饭很难吃,电影,总榜排名 9；热度 304547,,龙餐馆原型说当时做饭很难吃,电影,https://s.weibo.com/weibo?q=%23%E9%BE%99%E9%A4%90%E9%A6%86%E5%8E%9F%E5%9E%8B%E8%AF%B4%E5%BD%93%E6%97%B6%E5%81%9A%E9%A5%AD%E5%BE%88%E9%9A%BE%E5%90%83%23
2026-08-17,2026-08-17T11:32:53+08:00,微博,文娱热搜榜,微博热搜榜-文娱条目,,3,欢天喜地七仙女凡间造型,剧集,总榜排名 11；热度 288714；新,,欢天喜地七仙女凡间造型,剧集,https://s.weibo.com/weibo?q=%23%E6%AC%A2%E5%A4%A9%E5%96%9C%E5%9C%B0%E4%B8%83%E4%BB%99%E5%A5%B3%E5%87%A1%E9%97%B4%E9%80%A0%E5%9E%8B%23
2026-08-17,2026-08-17T11:32:53+08:00,微博,文娱热搜榜,微博热搜榜-文娱条目,,4,披荆斩棘一公组队,综艺,总榜排名 12；热度 284898；新,,披荆斩棘一公组队,综艺,https://s.weibo.com/weibo?q=%23%E6%8A%AB%E8%8D%86%E6%96%A9%E6%A3%98%E4%B8%80%E5%85%AC%E7%BB%84%E9%98%9F%23
2026-08-17,2026-08-17T11:32:53+08:00,微博,文娱热搜榜,微博热搜榜-文娱条目,,5,王一博造型郭琪,作品衍生,总榜排名 14；热度 273384；新,,王一博造型郭琪,盛典,https://s.weibo.com/weibo?q=%23%E7%8E%8B%E4%B8%80%E5%8D%9A%E9%80%A0%E5%9E%8B%E9%83%AD%E7%90%AA%23
2026-08-17,2026-08-17T11:32:53+08:00,微博,文娱热搜榜,微博热搜榜-文娱条目,,6,惠英红 两部暑期档电影,电影,总榜排名 16；热度 261593；新,,惠英红 两部暑期档电影,['惠英红'],https://s.weibo.com/weibo?q=%23%E6%83%A0%E8%8B%B1%E7%BA%A2%20%E4%B8%A4%E9%83%A8%E6%9A%91%E6%9C%9F%E6%A1%A3%E7%94%B5%E5%BD%B1%23
2026-08-17,2026-08-17T11:32:53+08:00,微博,文娱热搜榜,微博热搜榜-文娱条目,,7,电影数到三定档,电影,总榜排名 19；热度 235041；新,,电影数到三定档,电影,https://s.weibo.com/weibo?q=%23%E7%94%B5%E5%BD%B1%E6%95%B0%E5%88%B0%E4%B8%89%E5%AE%9A%E6%A1%A3%23
2026-08-17,2026-08-17T11:32:53+08:00,微博,文娱热搜榜,微博热搜榜-文娱条目,,8,曝虞书欣补偿一念江南换角亏损,艺人,总榜排名 21；热度 233219；新,,曝虞书欣补偿一念江南换角亏损,['虞书欣'],https://s.weibo.com/weibo?q=%23%E6%9B%9D%E8%99%9E%E4%B9%A6%E6%AC%A3%E8%A1%A5%E5%81%BF%E4%B8%80%E5%BF%B5%E6%B1%9F%E5%8D%97%E6%8D%A2%E8%A7%92%E4%BA%8F%E6%8D%9F%23
2026-08-17,2026-08-17T11:32:53+08:00,微博,文娱热搜榜,微博热搜榜-文娱条目,,9,王一博的手部特写,艺人,总榜排名 23；热度 230787,,王一博的手部特写,['王一博'],https://s.weibo.com/weibo?q=%23%E7%8E%8B%E4%B8%80%E5%8D%9A%E7%9A%84%E6%89%8B%E9%83%A8%E7%89%B9%E5%86%99%23
2026-08-17,2026-08-17T11:32:53+08:00,微博,文娱热搜榜,微博热搜榜-文娱条目,,10,张元英水晶凉鞋,艺人,总榜排名 24；热度 230242,,张元英水晶凉鞋,['张元英'],https://s.weibo.com/weibo?q=%23%E5%BC%A0%E5%85%83%E8%8B%B1%E6%B0%B4%E6%99%B6%E5%87%89%E9%9E%8B%23
2026-08-17,2026-08-17T11:32:53+08:00,微博,文娱热搜榜,微博热搜榜-文娱条目,,11,王俊凯妈妈好年轻,艺人,总榜排名 26；热度 227803；新,,王俊凯妈妈好年轻,,https://s.weibo.com/weibo?q=%23%E7%8E%8B%E4%BF%8A%E5%87%AF%E5%A6%88%E5%A6%88%E5%A5%BD%E5%B9%B4%E8%BD%BB%23
2026-08-17,2026-08-17T11:32:53+08:00,微博,文娱热搜榜,微博热搜榜-文娱条目,,12,娜扎刚起床的素颜,艺人,总榜排名 27；热度 226827,,娜扎刚起床的素颜,['娜扎'],https://s.weibo.com/weibo?q=%23%E5%A8%9C%E6%89%8E%E5%88%9A%E8%B5%B7%E5%BA%8A%E7%9A%84%E7%B4%A0%E9%A2%9C%23
2026-08-17,2026-08-17T11:32:53+08:00,微博,文娱热搜榜,微博热搜榜-文娱条目,,13,韩汶栩与女友合照,艺人,总榜排名 29；热度 224310,,韩汶栩与女友合照,,https://s.weibo.com/weibo?q=%23%E9%9F%A9%E6%B1%B6%E6%A0%A9%E4%B8%8E%E5%A5%B3%E5%8F%8B%E5%90%88%E7%85%A7%23
2026-08-17,2026-08-17T11:32:53+08:00,微博,文娱热搜榜,微博热搜榜-文娱条目,,14,严浩翔nl真的分清楚了吗,艺人,总榜排名 30；热度 223169；新,,严浩翔nl真的分清楚了吗,['严浩翔'],https://s.weibo.com/weibo?q=%23%E4%B8%A5%E6%B5%A9%E7%BF%94nl%E7%9C%9F%E7%9A%84%E5%88%86%E6%B8%85%E6%A5%9A%E4%BA%86%E5%90%97%23
2026-08-17,2026-08-17T11:32:53+08:00,微博,文娱热搜榜,微博热搜榜-文娱条目,,15,劣迹艺人那艺娜活动被当场叫停,演出,总榜排名 31；热度 222317,,劣迹艺人那艺娜活动被当场叫停,演出,https://s.weibo.com/weibo?q=%23%E5%8A%A3%E8%BF%B9%E8%89%BA%E4%BA%BA%E9%82%A3%E8%89%BA%E5%A8%9C%E6%B4%BB%E5%8A%A8%E8%A2%AB%E5%BD%93%E5%9C%BA%E5%8F%AB%E5%81%9C%23
2026-08-17,2026-08-17T11:32:53+08:00,微博,文娱热搜榜,微博热搜榜-文娱条目,,16,王俊凯妈妈给粉丝送伴手礼,演出,总榜排名 33；热度 220256,,王俊凯妈妈给粉丝送伴手礼,演出,https://s.weibo.com/weibo?q=%23%E7%8E%8B%E4%BF%8A%E5%87%AF%E5%A6%88%E5%A6%88%E7%BB%99%E7%B2%89%E4%B8%9D%E9%80%81%E4%BC%B4%E6%89%8B%E7%A4%BC%23
2026-08-17,2026-08-17T11:32:53+08:00,微博,文娱热搜榜,微博热搜榜-文娱条目,,17,小沈阳口碑,演出,总榜排名 34；热度 219132,,小沈阳口碑,演出,https://s.weibo.com/weibo?q=%23%E5%B0%8F%E6%B2%88%E9%98%B3%E5%8F%A3%E7%A2%91%23
2026-08-17,2026-08-17T11:32:53+08:00,微博,文娱热搜榜,微博热搜榜-文娱条目,,18,唐九洲凭高考647分加入乐华,综艺,总榜排名 38；热度 214488,,唐九洲凭高考647分加入乐华,['唐九洲'],https://s.weibo.com/weibo?q=%23%E5%94%90%E4%B9%9D%E6%B4%B2%E5%87%AD%E9%AB%98%E8%80%83647%E5%88%86%E5%8A%A0%E5%85%A5%E4%B9%90%E5%8D%8E%23
2026-08-17,2026-08-17T11:32:53+08:00,微博,文娱热搜榜,微博热搜榜-文娱条目,,19,小沈阳一公组队,综艺,总榜排名 40；热度 212889；新,,小沈阳一公组队,综艺,https://s.weibo.com/weibo?q=%23%E5%B0%8F%E6%B2%88%E9%98%B3%E4%B8%80%E5%85%AC%E7%BB%84%E9%98%9F%23
2026-08-17,2026-08-17T11:32:53+08:00,微博,文娱热搜榜,微博热搜榜-文娱条目,,20,杨洋 还是依赖我吧,艺人,总榜排名 46；热度 206442；新,,杨洋 还是依赖我吧,['杨洋'],https://s.weibo.com/weibo?q=%23%E6%9D%A8%E6%B4%8B%20%E8%BF%98%E6%98%AF%E4%BE%9D%E8%B5%96%E6%88%91%E5%90%A7%23
2026-08-17,2026-08-17T11:32:53+08:00,微博,文娱热搜榜,微博热搜榜-文娱条目,,21,王奕关注沈梦瑶,艺人,总榜排名 49；热度 203251；新,,王奕关注沈梦瑶,"['王奕', '沈梦瑶']",https://s.weibo.com/weibo?q=%23%E7%8E%8B%E5%A5%95%E5%85%B3%E6%B3%A8%E6%B2%88%E6%A2%A6%E7%91%B6%23
