snapshot_date,captured_at,platform,chart,official_chart,platform_date,rank,song_name,artist,chart_metric,duration,song_id,album_id,source_url
2026-08-02,2026-08-02T15:41:49+08:00,QQ音乐,热歌榜,热歌榜,2026-08-02,1,甲乙丙丁 (你我怎么两清),李佳薇,上升 1,,696262512,00446QRA1fTdqA,https://y.qq.com/n/ryqq/toplist/26
2026-08-02,2026-08-02T15:41:49+08:00,QQ音乐,热歌榜,热歌榜,2026-08-02,2,恋人,李荣浩,上升 1,,496054946,004HaG7p4ZkhXA,https://y.qq.com/n/ryqq/toplist/26
2026-08-02,2026-08-02T15:41:49+08:00,QQ音乐,热歌榜,热歌榜,2026-08-02,3,失眠,Suki刘舒妤,上升 1,,4733575,002xCeeN4EJ1Ke,https://y.qq.com/n/ryqq/toplist/26
2026-08-02,2026-08-02T15:41:49+08:00,QQ音乐,热歌榜,热歌榜,2026-08-02,4,雨爱,杨丞琳,上升 2,,645819,000jcKFG0sQrD0,https://y.qq.com/n/ryqq/toplist/26
2026-08-02,2026-08-02T15:41:49+08:00,QQ音乐,热歌榜,热歌榜,2026-08-02,5,ANGEL (天使),尹美莱 (윤미래)/Tiger JK/Bizzy (비지),0,,101138130,000qiKcT05rSr9,https://y.qq.com/n/ryqq/toplist/26
2026-08-02,2026-08-02T15:41:49+08:00,QQ音乐,热歌榜,热歌榜,2026-08-02,6,阴天,莫文蔚,上升 3,,4830345,000hTTJN3oScZr,https://y.qq.com/n/ryqq/toplist/26
2026-08-02,2026-08-02T15:41:49+08:00,QQ音乐,热歌榜,热歌榜,2026-08-02,7,我怀念的,孙燕姿,0,,5211338,000P3l050Olt27,https://y.qq.com/n/ryqq/toplist/26
2026-08-02,2026-08-02T15:41:49+08:00,QQ音乐,热歌榜,热歌榜,2026-08-02,8,无人之岛,任然,上升 5,,203452364,002lMPc30c4rOO,https://y.qq.com/n/ryqq/toplist/26
2026-08-02,2026-08-02T15:41:49+08:00,QQ音乐,热歌榜,热歌榜,2026-08-02,9,樱花草,Sweety,下降 1,,481456,000pKXff1doeOd,https://y.qq.com/n/ryqq/toplist/26
2026-08-02,2026-08-02T15:41:49+08:00,QQ音乐,热歌榜,热歌榜,2026-08-02,10,爱错,王力宏,0,,105905415,002ElVxf43rOue,https://y.qq.com/n/ryqq/toplist/26
2026-08-02,2026-08-02T15:41:49+08:00,QQ音乐,热歌榜,热歌榜,2026-08-02,11,盛夏的果实,莫文蔚,上升 7,,4830161,000KeV8l1PIjxt,https://y.qq.com/n/ryqq/toplist/26
2026-08-02,2026-08-02T15:41:49+08:00,QQ音乐,热歌榜,热歌榜,2026-08-02,12,雨过后的风景,Dizzy Dizzo (蔡诗芸),下降 1,,1960263,0038xSkp1EcVBf,https://y.qq.com/n/ryqq/toplist/26
2026-08-02,2026-08-02T15:41:49+08:00,QQ音乐,热歌榜,热歌榜,2026-08-02,13,Always Online,林俊杰,下降 1,,447257,002g6zv02X7SNi,https://y.qq.com/n/ryqq/toplist/26
2026-08-02,2026-08-02T15:41:49+08:00,QQ音乐,热歌榜,热歌榜,2026-08-02,14,唯一,G.E.M. 邓紫棋,上升 1,,438910555,002d6m7k0xCbSv,https://y.qq.com/n/ryqq/toplist/26
2026-08-02,2026-08-02T15:41:49+08:00,QQ音乐,热歌榜,热歌榜,2026-08-02,15,演员,薛之谦,上升 2,,102636799,003y8dsH2wBHlo,https://y.qq.com/n/ryqq/toplist/26
2026-08-02,2026-08-02T15:41:49+08:00,QQ音乐,热歌榜,热歌榜,2026-08-02,16,我不难过,孙燕姿,上升 4,,8136,004VSvF52mQoQp,https://y.qq.com/n/ryqq/toplist/26
2026-08-02,2026-08-02T15:41:49+08:00,QQ音乐,热歌榜,热歌榜,2026-08-02,17,MOTION (feat. Juicy J),CORTIS/Juicy J,下降 16,,712303479,003Vl2TT2iciCP,https://y.qq.com/n/ryqq/toplist/26
2026-08-02,2026-08-02T15:41:49+08:00,QQ音乐,热歌榜,热歌榜,2026-08-02,18,特别的人,方大同,下降 2,,5293866,000GvdTR0qcKh8,https://y.qq.com/n/ryqq/toplist/26
2026-08-02,2026-08-02T15:41:49+08:00,QQ音乐,热歌榜,热歌榜,2026-08-02,19,红色高跟鞋,蔡健雅,上升 3,,624649,002dOge41xlS8x,https://y.qq.com/n/ryqq/toplist/26
2026-08-02,2026-08-02T15:41:49+08:00,QQ音乐,热歌榜,热歌榜,2026-08-02,20,The Other Side Of Paradise (Explicit),Glass Animals,上升 3,,319782348,001eucpH3ZIJnM,https://y.qq.com/n/ryqq/toplist/26
2026-08-02,2026-08-02T15:41:49+08:00,QQ音乐,热歌榜,热歌榜,2026-08-02,21,情歌,梁静茹,下降 2,,462188,002E4IXe1ESUij,https://y.qq.com/n/ryqq/toplist/26
2026-08-02,2026-08-02T15:41:49+08:00,QQ音乐,热歌榜,热歌榜,2026-08-02,22,春娇与志明,街道办GDC/欧阳耀莹,上升 2,,205357640,000lrXyA0MlEEo,https://y.qq.com/n/ryqq/toplist/26
2026-08-02,2026-08-02T15:41:49+08:00,QQ音乐,热歌榜,热歌榜,2026-08-02,23,江南,林俊杰,上升 5,,9063002,000y5gq7449K9I,https://y.qq.com/n/ryqq/toplist/26
2026-08-02,2026-08-02T15:41:49+08:00,QQ音乐,热歌榜,热歌榜,2026-08-02,24,开始懂了,孙燕姿,下降 10,,5646,004KRIQr1oCp2A,https://y.qq.com/n/ryqq/toplist/26
2026-08-02,2026-08-02T15:41:49+08:00,QQ音乐,热歌榜,热歌榜,2026-08-02,25,耀眼的我们,周深,新进,,712549334,000COpN7455Mvj,https://y.qq.com/n/ryqq/toplist/26
2026-08-02,2026-08-02T15:41:49+08:00,QQ音乐,热歌榜,热歌榜,2026-08-02,26,我们俩,郭顶,0,,105413206,003sMyYb4HZAAz,https://y.qq.com/n/ryqq/toplist/26
2026-08-02,2026-08-02T15:41:49+08:00,QQ音乐,热歌榜,热歌榜,2026-08-02,27,其实,薛之谦,上升 3,,104775877,000QgFcm0v8WaF,https://y.qq.com/n/ryqq/toplist/26
2026-08-02,2026-08-02T15:41:49+08:00,QQ音乐,热歌榜,热歌榜,2026-08-02,28,心墙,郭静,下降 3,,474797,003EHcB24J8t9Z,https://y.qq.com/n/ryqq/toplist/26
2026-08-02,2026-08-02T15:41:49+08:00,QQ音乐,热歌榜,热歌榜,2026-08-02,29,多远都要在一起,G.E.M. 邓紫棋,上升 2,,102174489,003c616O2Zlswm,https://y.qq.com/n/ryqq/toplist/26
2026-08-02,2026-08-02T15:41:49+08:00,QQ音乐,热歌榜,热歌榜,2026-08-02,30,偏爱,张芸京,上升 4,,473137,003ha6C92GRuVE,https://y.qq.com/n/ryqq/toplist/26
2026-08-02,2026-08-02T15:41:49+08:00,QQ音乐,热歌榜,热歌榜,2026-08-02,31,Beauty And A Beat,Justin Bieber/Nicki Minaj,上升 2,,1473252,002XddZv4cGsXb,https://y.qq.com/n/ryqq/toplist/26
2026-08-02,2026-08-02T15:41:49+08:00,QQ音乐,热歌榜,热歌榜,2026-08-02,32,离开我的依赖,王艳薇,上升 3,,253383943,004CSyAN1oc97b,https://y.qq.com/n/ryqq/toplist/26
2026-08-02,2026-08-02T15:41:49+08:00,QQ音乐,热歌榜,热歌榜,2026-08-02,33,讨厌,芮恩,下降 6,,138194,001EFkTG1wgW4n,https://y.qq.com/n/ryqq/toplist/26
2026-08-02,2026-08-02T15:41:49+08:00,QQ音乐,热歌榜,热歌榜,2026-08-02,34,刻在我心底的名字,卢广仲,下降 2,,316472364,004QG0W52P5GUq,https://y.qq.com/n/ryqq/toplist/26
2026-08-02,2026-08-02T15:41:49+08:00,QQ音乐,热歌榜,热歌榜,2026-08-02,35,泪海,许茹芸,下降 14,,106585340,001Ugmj01giuzO,https://y.qq.com/n/ryqq/toplist/26
2026-08-02,2026-08-02T15:41:49+08:00,QQ音乐,热歌榜,热歌榜,2026-08-02,36,素颜,许嵩/何曼婷,上升 2,,101813361,0035f8nw11cjkf,https://y.qq.com/n/ryqq/toplist/26
2026-08-02,2026-08-02T15:41:49+08:00,QQ音乐,热歌榜,热歌榜,2026-08-02,37,坏女孩,徐良/小凌,上升 7,,7112749,002apRhZ4Bq99d,https://y.qq.com/n/ryqq/toplist/26
2026-08-02,2026-08-02T15:41:49+08:00,QQ音乐,热歌榜,热歌榜,2026-08-02,38,晴天,周杰伦,上升 3,,97773,000MkMni19ClKG,https://y.qq.com/n/ryqq/toplist/26
2026-08-02,2026-08-02T15:41:49+08:00,QQ音乐,热歌榜,热歌榜,2026-08-02,39,富士山下,陈奕迅,下降 2,,260678,004Z85XP1c25b7,https://y.qq.com/n/ryqq/toplist/26
2026-08-02,2026-08-02T15:41:49+08:00,QQ音乐,热歌榜,热歌榜,2026-08-02,40,遇见,孙燕姿,上升 2,,8145,002ehzTm0TxXC2,https://y.qq.com/n/ryqq/toplist/26
2026-08-02,2026-08-02T15:41:49+08:00,QQ音乐,热歌榜,热歌榜,2026-08-02,41,海阔天空,BEYOND,上升 2,,4835784,002qcJuX3lO3EZ,https://y.qq.com/n/ryqq/toplist/26
2026-08-02,2026-08-02T15:41:49+08:00,QQ音乐,热歌榜,热歌榜,2026-08-02,42,泡沫,G.E.M. 邓紫棋,上升 6,,1530858,002YFufr4bXZyI,https://y.qq.com/n/ryqq/toplist/26
2026-08-02,2026-08-02T15:41:49+08:00,QQ音乐,热歌榜,热歌榜,2026-08-02,43,最佳损友,陈奕迅,下降 3,,1338414,002FT46H18G1jW,https://y.qq.com/n/ryqq/toplist/26
2026-08-02,2026-08-02T15:41:49+08:00,QQ音乐,热歌榜,热歌榜,2026-08-02,44,天外来物,薛之谦,下降 5,,272125057,000K9Zp13TZp5s,https://y.qq.com/n/ryqq/toplist/26
2026-08-02,2026-08-02T15:41:49+08:00,QQ音乐,热歌榜,热歌榜,2026-08-02,45,背对背拥抱,林俊杰,上升 1,,648231,002C0kX720gMQi,https://y.qq.com/n/ryqq/toplist/26
2026-08-02,2026-08-02T15:41:49+08:00,QQ音乐,热歌榜,热歌榜,2026-08-02,46,人间共鸣,李健,上升 16,,641742655,003RVJjp1svtyz,https://y.qq.com/n/ryqq/toplist/26
2026-08-02,2026-08-02T15:41:49+08:00,QQ音乐,热歌榜,热歌榜,2026-08-02,47,Baby,Justin Bieber/Ludacris,上升 2,,203644381,002TfnxG2yN1na,https://y.qq.com/n/ryqq/toplist/26
2026-08-02,2026-08-02T15:41:49+08:00,QQ音乐,热歌榜,热歌榜,2026-08-02,48,十年,陈奕迅,上升 4,,4830342,000GDz8k03UOaI,https://y.qq.com/n/ryqq/toplist/26
2026-08-02,2026-08-02T15:41:49+08:00,QQ音乐,热歌榜,热歌榜,2026-08-02,49,不将就,李荣浩,下降 2,,102367085,001fi1zG0EjU2u,https://y.qq.com/n/ryqq/toplist/26
2026-08-02,2026-08-02T15:41:49+08:00,QQ音乐,热歌榜,热歌榜,2026-08-02,50,后会无期,徐良/汪苏泷,0,,7112743,002apRhZ4Bq99d,https://y.qq.com/n/ryqq/toplist/26
2026-08-02,2026-08-02T15:41:49+08:00,QQ音乐,热歌榜,热歌榜,2026-08-02,51,美人鱼,林俊杰,上升 2,,95292,000y5gq7449K9I,https://y.qq.com/n/ryqq/toplist/26
2026-08-02,2026-08-02T15:41:49+08:00,QQ音乐,热歌榜,热歌榜,2026-08-02,52,童话,光良,下降 7,,4830267,002AaUF60cnS3w,https://y.qq.com/n/ryqq/toplist/26
2026-08-02,2026-08-02T15:41:49+08:00,QQ音乐,热歌榜,热歌榜,2026-08-02,53,认真的雪,薛之谦,下降 2,,1333803,003mUYW22JXKVK,https://y.qq.com/n/ryqq/toplist/26
2026-08-02,2026-08-02T15:41:49+08:00,QQ音乐,热歌榜,热歌榜,2026-08-02,54,如愿,王菲,上升 10,,326584182,004Kbn3m2HV9Y3,https://y.qq.com/n/ryqq/toplist/26
2026-08-02,2026-08-02T15:41:49+08:00,QQ音乐,热歌榜,热歌榜,2026-08-02,55,瞬,郑润泽,0,,422061155,001qvyI10urb5z,https://y.qq.com/n/ryqq/toplist/26
2026-08-02,2026-08-02T15:41:49+08:00,QQ音乐,热歌榜,热歌榜,2026-08-02,56,黄昏,周传雄,上升 2,,526713,001U6x8f2uJhig,https://y.qq.com/n/ryqq/toplist/26
2026-08-02,2026-08-02T15:41:49+08:00,QQ音乐,热歌榜,热歌榜,2026-08-02,57,麦恩莉,方大同,下降 3,,2550926,000ih4iv3HCmno,https://y.qq.com/n/ryqq/toplist/26
2026-08-02,2026-08-02T15:41:49+08:00,QQ音乐,热歌榜,热歌榜,2026-08-02,58,Letting Go,蔡健雅,上升 2,,1030353,001aC9dM35U6KB,https://y.qq.com/n/ryqq/toplist/26
2026-08-02,2026-08-02T15:41:49+08:00,QQ音乐,热歌榜,热歌榜,2026-08-02,59,碎碎念,队长,上升 17,,448738462,000DTFwk0oV4YR,https://y.qq.com/n/ryqq/toplist/26
2026-08-02,2026-08-02T15:41:49+08:00,QQ音乐,热歌榜,热歌榜,2026-08-02,60,我们的歌,王力宏,下降 4,,102193483,002Zwh5p4HgecI,https://y.qq.com/n/ryqq/toplist/26
2026-08-02,2026-08-02T15:41:49+08:00,QQ音乐,热歌榜,热歌榜,2026-08-02,61,勇气,梁静茹,上升 2,,4830164,001DEgPu1004bl,https://y.qq.com/n/ryqq/toplist/26
2026-08-02,2026-08-02T15:41:49+08:00,QQ音乐,热歌榜,热歌榜,2026-08-02,62,野心家,张靓颖,下降 1,,591592617,003TmXW52e0F4P,https://y.qq.com/n/ryqq/toplist/26
2026-08-02,2026-08-02T15:41:49+08:00,QQ音乐,热歌榜,热歌榜,2026-08-02,63,你要的全拿走,胡彦斌,下降 4,,212808217,001eyHlv2fu50T,https://y.qq.com/n/ryqq/toplist/26
2026-08-02,2026-08-02T15:41:49+08:00,QQ音乐,热歌榜,热歌榜,2026-08-02,64,爱情讯息,郭静,上升 1,,876549,003PKZMI1Wyx1A,https://y.qq.com/n/ryqq/toplist/26
2026-08-02,2026-08-02T15:41:49+08:00,QQ音乐,热歌榜,热歌榜,2026-08-02,65,会呼吸的痛,梁静茹,上升 10,,411228,002oy2Mp3I8Rgo,https://y.qq.com/n/ryqq/toplist/26
2026-08-02,2026-08-02T15:41:49+08:00,QQ音乐,热歌榜,热歌榜,2026-08-02,66,修炼爱情,林俊杰,上升 1,,5063375,001gqOnU3DTg2S,https://y.qq.com/n/ryqq/toplist/26
2026-08-02,2026-08-02T15:41:49+08:00,QQ音乐,热歌榜,热歌榜,2026-08-02,67,Dehors (Live),Jordann,上升 29,,457608824,00373oN248uprz,https://y.qq.com/n/ryqq/toplist/26
2026-08-02,2026-08-02T15:41:49+08:00,QQ音乐,热歌榜,热歌榜,2026-08-02,68,如果可以,韦礼安,上升 2,,330977131,003WBcyJ1siUkh,https://y.qq.com/n/ryqq/toplist/26
2026-08-02,2026-08-02T15:41:49+08:00,QQ音乐,热歌榜,热歌榜,2026-08-02,69,至少还有你,林忆莲,上升 2,,102204563,001JqgRv0mRHEQ,https://y.qq.com/n/ryqq/toplist/26
2026-08-02,2026-08-02T15:41:49+08:00,QQ音乐,热歌榜,热歌榜,2026-08-02,70,幻听,许嵩,下降 13,,1531817,004RbL3b0BDIe2,https://y.qq.com/n/ryqq/toplist/26
2026-08-02,2026-08-02T15:41:49+08:00,QQ音乐,热歌榜,热歌榜,2026-08-02,71,最后一页,江语晨,下降 2,,721636,003FO4XF40Ky8L,https://y.qq.com/n/ryqq/toplist/26
2026-08-02,2026-08-02T15:41:49+08:00,QQ音乐,热歌榜,热歌榜,2026-08-02,72,二十二 (Live),宋亚轩,新进,,712624988,003Uj2Op2NJB1R,https://y.qq.com/n/ryqq/toplist/26
2026-08-02,2026-08-02T15:41:49+08:00,QQ音乐,热歌榜,热歌榜,2026-08-02,73,半壶纱,刘珂矣,上升 4,,7048773,0009EZjm1c7iQe,https://y.qq.com/n/ryqq/toplist/26
2026-08-02,2026-08-02T15:41:49+08:00,QQ音乐,热歌榜,热歌榜,2026-08-02,74,我知道,BY2,下降 6,,470336,001P410a0Iq4K0,https://y.qq.com/n/ryqq/toplist/26
2026-08-02,2026-08-02T15:41:49+08:00,QQ音乐,热歌榜,热歌榜,2026-08-02,75,街道,林俊杰,下降 9,,447258,002g6zv02X7SNi,https://y.qq.com/n/ryqq/toplist/26
2026-08-02,2026-08-02T15:41:49+08:00,QQ音乐,热歌榜,热歌榜,2026-08-02,76,倒数,G.E.M. 邓紫棋,下降 3,,215540451,003cKIKZ1J4Yyu,https://y.qq.com/n/ryqq/toplist/26
2026-08-02,2026-08-02T15:41:49+08:00,QQ音乐,热歌榜,热歌榜,2026-08-02,77,可不可以,张紫豪,上升 3,,213958134,004VR1w241uBhB,https://y.qq.com/n/ryqq/toplist/26
2026-08-02,2026-08-02T15:41:49+08:00,QQ音乐,热歌榜,热歌榜,2026-08-02,78,下完这场雨,后弦,下降 6,,108787382,004ZXlA63dZBCa,https://y.qq.com/n/ryqq/toplist/26
2026-08-02,2026-08-02T15:41:49+08:00,QQ音乐,热歌榜,热歌榜,2026-08-02,79,愿与愁,林俊杰,0,,405007729,004ZOIop1doXru,https://y.qq.com/n/ryqq/toplist/26
2026-08-02,2026-08-02T15:41:49+08:00,QQ音乐,热歌榜,热歌榜,2026-08-02,80,青花,周传雄,上升 3,,102204539,001Vj7aX0PixwV,https://y.qq.com/n/ryqq/toplist/26
2026-08-02,2026-08-02T15:41:49+08:00,QQ音乐,热歌榜,热歌榜,2026-08-02,81,一样的月光,徐佳莹,上升 8,,7063423,000cchEp2CGNEf,https://y.qq.com/n/ryqq/toplist/26
2026-08-02,2026-08-02T15:41:49+08:00,QQ音乐,热歌榜,热歌榜,2026-08-02,82,爱我还是他,陶喆,上升 10,,7211247,003ofGzS3C23Ow,https://y.qq.com/n/ryqq/toplist/26
2026-08-02,2026-08-02T15:41:49+08:00,QQ音乐,热歌榜,热歌榜,2026-08-02,83,第57次取消发送,菲菲公主（陆绮菲）,下降 9,,560063927,000KrDC019mc82,https://y.qq.com/n/ryqq/toplist/26
2026-08-02,2026-08-02T15:41:49+08:00,QQ音乐,热歌榜,热歌榜,2026-08-02,84,有何不可,许嵩,上升 9,,102296985,002KSDg90IaScI,https://y.qq.com/n/ryqq/toplist/26
2026-08-02,2026-08-02T15:41:49+08:00,QQ音乐,热歌榜,热歌榜,2026-08-02,85,句号,G.E.M. 邓紫棋,下降 3,,247347346,0049MVh824D7bM,https://y.qq.com/n/ryqq/toplist/26
2026-08-02,2026-08-02T15:41:49+08:00,QQ音乐,热歌榜,热歌榜,2026-08-02,86,那些你很冒险的梦,林俊杰,下降 1,,102388808,002PQCmo2azasb,https://y.qq.com/n/ryqq/toplist/26
2026-08-02,2026-08-02T15:41:49+08:00,QQ音乐,热歌榜,热歌榜,2026-08-02,87,一个人想着一个人,曾沛慈,上升 10,,4716045,003wP0m32WRVql,https://y.qq.com/n/ryqq/toplist/26
2026-08-02,2026-08-02T15:41:49+08:00,QQ音乐,热歌榜,热歌榜,2026-08-02,88,IF YOU,BIGBANG (빅뱅),下降 7,,102793935,001xpUdt2jEjWu,https://y.qq.com/n/ryqq/toplist/26
2026-08-02,2026-08-02T15:41:49+08:00,QQ音乐,热歌榜,热歌榜,2026-08-02,89,出现又离开 (Live),梁博,上升 2,,231594573,000eQZ1q4g6AsF,https://y.qq.com/n/ryqq/toplist/26
2026-08-02,2026-08-02T15:41:49+08:00,QQ音乐,热歌榜,热歌榜,2026-08-02,90,Love Story,Taylor Swift,下降 2,,639141,002Q1XUj3HBAzw,https://y.qq.com/n/ryqq/toplist/26
2026-08-02,2026-08-02T15:41:49+08:00,QQ音乐,热歌榜,热歌榜,2026-08-02,91,同花顺,林倛玉,下降 1,,103970682,004789lA4cH3Kq,https://y.qq.com/n/ryqq/toplist/26
2026-08-02,2026-08-02T15:41:49+08:00,QQ音乐,热歌榜,热歌榜,2026-08-02,92,红尘客栈,周杰伦,下降 5,,5177680,003Ow85E3pnoqi,https://y.qq.com/n/ryqq/toplist/26
2026-08-02,2026-08-02T15:41:49+08:00,QQ音乐,热歌榜,热歌榜,2026-08-02,93,后来,刘若英,上升 2,,4830150,0017zqT34WuQwa,https://y.qq.com/n/ryqq/toplist/26
2026-08-02,2026-08-02T15:41:49+08:00,QQ音乐,热歌榜,热歌榜,2026-08-02,94,海屿你 (破碎版),白慕寒,下降 8,,638781692,004XiRpR3QMgTR,https://y.qq.com/n/ryqq/toplist/26
2026-08-02,2026-08-02T15:41:49+08:00,QQ音乐,热歌榜,热歌榜,2026-08-02,95,小半,陈粒,上升 11,,107762070,004fAhFe0fdHYF,https://y.qq.com/n/ryqq/toplist/26
2026-08-02,2026-08-02T15:41:49+08:00,QQ音乐,热歌榜,热歌榜,2026-08-02,96,下一个天亮,郭静,下降 2,,876541,003PKZMI1Wyx1A,https://y.qq.com/n/ryqq/toplist/26
2026-08-02,2026-08-02T15:41:49+08:00,QQ音乐,热歌榜,热歌榜,2026-08-02,97,如果爱忘了 (Live),汪苏泷/单依纯,下降 13,,471040573,001rd1S93gcWUF,https://y.qq.com/n/ryqq/toplist/26
2026-08-02,2026-08-02T15:41:49+08:00,QQ音乐,热歌榜,热歌榜,2026-08-02,98,孤独患者,陈奕迅,0,,1021078,003YQ8lP3NBXKl,https://y.qq.com/n/ryqq/toplist/26
2026-08-02,2026-08-02T15:41:49+08:00,QQ音乐,热歌榜,热歌榜,2026-08-02,99,体面,于文文,上升 8,,212606735,001qYTzY2oyDyZ,https://y.qq.com/n/ryqq/toplist/26
2026-08-02,2026-08-02T15:41:49+08:00,QQ音乐,热歌榜,热歌榜,2026-08-02,100,恶作剧,王蓝茵,上升 2,,257621,0031ftBk2foLzq,https://y.qq.com/n/ryqq/toplist/26
2026-08-02,2026-08-02T15:41:49+08:00,QQ音乐,飙升榜,飙升榜,2026-08-02,1,耀眼的我们,周深,热度 36%,,712549334,000COpN7455Mvj,https://y.qq.com/n/ryqq/toplist/62
2026-08-02,2026-08-02T15:41:49+08:00,QQ音乐,飙升榜,飙升榜,2026-08-02,2,august,Taylor Swift,热度 29%,,273139288,004JYFa61vPS88,https://y.qq.com/n/ryqq/toplist/62
2026-08-02,2026-08-02T15:41:49+08:00,QQ音乐,飙升榜,飙升榜,2026-08-02,3,锈 (Live),黄霄雲/TF_ING张子墨,热度 26%,,712416267,002UG75B1ucVD0,https://y.qq.com/n/ryqq/toplist/62
2026-08-02,2026-08-02T15:41:49+08:00,QQ音乐,飙升榜,飙升榜,2026-08-02,4,二十二 (Live),宋亚轩,热度 21%,,712624988,003Uj2Op2NJB1R,https://y.qq.com/n/ryqq/toplist/62
2026-08-02,2026-08-02T15:41:49+08:00,QQ音乐,飙升榜,飙升榜,2026-08-02,5,别怕我伤心 (Live),张远,热度 18%,,712397625,003cLKbZ2cUTC5,https://y.qq.com/n/ryqq/toplist/62
2026-08-02,2026-08-02T15:41:49+08:00,QQ音乐,飙升榜,飙升榜,2026-08-02,6,第三人称 (Live),杨丞琳/王栎鑫,热度 18%,,712416363,002UG75B1ucVD0,https://y.qq.com/n/ryqq/toplist/62
2026-08-02,2026-08-02T15:41:49+08:00,QQ音乐,飙升榜,飙升榜,2026-08-02,7,一点一滴 (Live),张信哲/黄子弘凡,热度 16%,,712416287,002UG75B1ucVD0,https://y.qq.com/n/ryqq/toplist/62
2026-08-02,2026-08-02T15:41:49+08:00,QQ音乐,飙升榜,飙升榜,2026-08-02,8,誓言 (Live),窦靖童,热度 12%,,712396552,003cLKbZ2cUTC5,https://y.qq.com/n/ryqq/toplist/62
2026-08-02,2026-08-02T15:41:49+08:00,QQ音乐,飙升榜,飙升榜,2026-08-02,9,如果你也这样过 (Live),尤长靖,热度 12%,,712396640,003cLKbZ2cUTC5,https://y.qq.com/n/ryqq/toplist/62
2026-08-02,2026-08-02T15:41:49+08:00,QQ音乐,飙升榜,飙升榜,2026-08-02,10,trust me (Live),姚晓棠/Top Barry,热度 11%,,712416302,002UG75B1ucVD0,https://y.qq.com/n/ryqq/toplist/62
2026-08-02,2026-08-02T15:41:49+08:00,QQ音乐,飙升榜,飙升榜,2026-08-02,11,无名之辈,陈雪燃,热度 9%,,127045912,000V8cXJ1hSjke,https://y.qq.com/n/ryqq/toplist/62
2026-08-02,2026-08-02T15:41:49+08:00,QQ音乐,飙升榜,飙升榜,2026-08-02,12,强军战歌,阎维文,热度 9%,,7211917,003pTybC16SsVw,https://y.qq.com/n/ryqq/toplist/62
2026-08-02,2026-08-02T15:41:49+08:00,QQ音乐,飙升榜,飙升榜,2026-08-02,13,过海,王赫野/黄龄,热度 9%,,707586368,003sDdGY2FtUY2,https://y.qq.com/n/ryqq/toplist/62
2026-08-02,2026-08-02T15:41:49+08:00,QQ音乐,飙升榜,飙升榜,2026-08-02,14,唤醒我 (Live),万妮达Vinida Weng,热度 9%,,712396544,003cLKbZ2cUTC5,https://y.qq.com/n/ryqq/toplist/62
2026-08-02,2026-08-02T15:41:49+08:00,QQ音乐,飙升榜,飙升榜,2026-08-02,15,写给云的歌,谭子荐,热度 9%,,640295153,002jyJVJ06QhbT,https://y.qq.com/n/ryqq/toplist/62
2026-08-02,2026-08-02T15:41:49+08:00,QQ音乐,飙升榜,飙升榜,2026-08-02,16,End Of The Road,Boyz II Men,热度 9%,,2966129,00010J3v16Y4lv,https://y.qq.com/n/ryqq/toplist/62
2026-08-02,2026-08-02T15:41:49+08:00,QQ音乐,飙升榜,飙升榜,2026-08-02,17,守候,薛之谦,热度 7%,,375970420,003kUptv2UE2iY,https://y.qq.com/n/ryqq/toplist/62
2026-08-02,2026-08-02T15:41:49+08:00,QQ音乐,飙升榜,飙升榜,2026-08-02,18,誓言,王菲,热度 6%,,101821371,003sm1HE4YysTz,https://y.qq.com/n/ryqq/toplist/62
2026-08-02,2026-08-02T15:41:49+08:00,QQ音乐,飙升榜,飙升榜,2026-08-02,19,哪凉快哪去 (Live),刘凤瑶/张玮/曾一鸣/李琦/派克特/蒋一帆,热度 6%,,712416349,002UG75B1ucVD0,https://y.qq.com/n/ryqq/toplist/62
2026-08-02,2026-08-02T15:41:49+08:00,QQ音乐,飙升榜,飙升榜,2026-08-02,20,你不知道的事,王力宏,热度 6%,,740362,002iWU6B2ZvA8V,https://y.qq.com/n/ryqq/toplist/62
2026-08-02,2026-08-02T15:41:49+08:00,QQ音乐,飙升榜,飙升榜,2026-08-02,21,果实,陈粒,热度 6%,,584968879,002LsNuR2ah5f9,https://y.qq.com/n/ryqq/toplist/62
2026-08-02,2026-08-02T15:41:49+08:00,QQ音乐,飙升榜,飙升榜,2026-08-02,22,晨间新闻,蔡健雅,热度 6%,,102193380,001VqGlj2Oj52k,https://y.qq.com/n/ryqq/toplist/62
2026-08-02,2026-08-02T15:41:49+08:00,QQ音乐,飙升榜,飙升榜,2026-08-02,23,再飞行,逃跑计划,热度 6%,,102692390,001pzEIY4S8Ch4,https://y.qq.com/n/ryqq/toplist/62
2026-08-02,2026-08-02T15:41:49+08:00,QQ音乐,飙升榜,飙升榜,2026-08-02,24,奢香夫人,凤凰传奇,热度 6%,,475408,0021YkiD1WR578,https://y.qq.com/n/ryqq/toplist/62
2026-08-02,2026-08-02T15:41:49+08:00,QQ音乐,飙升榜,飙升榜,2026-08-02,25,Alive,王嘉尔/五月天 阿信,热度 6%,,669135735,001PC3JU3e688L,https://y.qq.com/n/ryqq/toplist/62
2026-08-02,2026-08-02T15:41:49+08:00,QQ音乐,飙升榜,飙升榜,2026-08-02,26,"EYES, NOSE, LIPS",Epik High (에픽하이)/TAEYANG (太阳),热度 5%,,8554021,004EUqCP1y1v9C,https://y.qq.com/n/ryqq/toplist/62
2026-08-02,2026-08-02T15:41:49+08:00,QQ音乐,飙升榜,飙升榜,2026-08-02,27,全世界的雨,周深/Ella陈嘉桦,热度 5%,,707587181,003K9rwV09UxLk,https://y.qq.com/n/ryqq/toplist/62
2026-08-02,2026-08-02T15:41:49+08:00,QQ音乐,飙升榜,飙升榜,2026-08-02,28,反乌托邦,宸寻,热度 5%,,712050243,003d41Sh4NFjXS,https://y.qq.com/n/ryqq/toplist/62
2026-08-02,2026-08-02T15:41:49+08:00,QQ音乐,飙升榜,飙升榜,2026-08-02,29,苹果香 (Live),乌兰图雅/白小白,热度 5%,,712416232,002UG75B1ucVD0,https://y.qq.com/n/ryqq/toplist/62
2026-08-02,2026-08-02T15:41:49+08:00,QQ音乐,飙升榜,飙升榜,2026-08-02,30,碎碎念,队长,热度 5%,,448738462,000DTFwk0oV4YR,https://y.qq.com/n/ryqq/toplist/62
2026-08-02,2026-08-02T15:41:49+08:00,QQ音乐,飙升榜,飙升榜,2026-08-02,31,最炫民族风,凤凰传奇,热度 4%,,102210812,0021YkiD1WR578,https://y.qq.com/n/ryqq/toplist/62
2026-08-02,2026-08-02T15:41:49+08:00,QQ音乐,飙升榜,飙升榜,2026-08-02,32,你从春天走来,刘若英,热度 4%,,693913541,003PHxFb4EbMCi,https://y.qq.com/n/ryqq/toplist/62
2026-08-02,2026-08-02T15:41:49+08:00,QQ音乐,飙升榜,飙升榜,2026-08-02,33,小美满,周深,热度 4%,,468749280,0002ATV00WcBgd,https://y.qq.com/n/ryqq/toplist/62
2026-08-02,2026-08-02T15:41:49+08:00,QQ音乐,飙升榜,飙升榜,2026-08-02,34,Bad Boy,Red Velvet (레드벨벳),热度 4%,,212983486,003X0JPP0f55FS,https://y.qq.com/n/ryqq/toplist/62
2026-08-02,2026-08-02T15:41:49+08:00,QQ音乐,飙升榜,飙升榜,2026-08-02,35,半点心 (Live),王铮亮/灼海豚乐队,热度 4%,,712416304,002UG75B1ucVD0,https://y.qq.com/n/ryqq/toplist/62
2026-08-02,2026-08-02T15:41:49+08:00,QQ音乐,飙升榜,飙升榜,2026-08-02,36,摆脱地心引力,时代少年团,热度 4%,,655745837,003z3BSV0YW7tJ,https://y.qq.com/n/ryqq/toplist/62
2026-08-02,2026-08-02T15:41:49+08:00,QQ音乐,飙升榜,飙升榜,2026-08-02,37,Stories (Live),齐豫,热度 4%,,712397730,003cLKbZ2cUTC5,https://y.qq.com/n/ryqq/toplist/62
2026-08-02,2026-08-02T15:41:49+08:00,QQ音乐,飙升榜,飙升榜,2026-08-02,38,The End of the World (Live),Elliot James Reay,热度 4%,,712397490,003cLKbZ2cUTC5,https://y.qq.com/n/ryqq/toplist/62
2026-08-02,2026-08-02T15:41:49+08:00,QQ音乐,飙升榜,飙升榜,2026-08-02,39,白自在 (Live),胡彦斌,热度 4%,,712396695,003cLKbZ2cUTC5,https://y.qq.com/n/ryqq/toplist/62
2026-08-02,2026-08-02T15:41:49+08:00,QQ音乐,飙升榜,飙升榜,2026-08-02,40,The Other Side Of Paradise (Explicit),Glass Animals,热度 4%,,319782348,001eucpH3ZIJnM,https://y.qq.com/n/ryqq/toplist/62
2026-08-02,2026-08-02T15:41:49+08:00,QQ音乐,飙升榜,飙升榜,2026-08-02,41,生日祝福歌,格格,热度 4%,,202448156,000kOSKt1K3ZIk,https://y.qq.com/n/ryqq/toplist/62
2026-08-02,2026-08-02T15:41:49+08:00,QQ音乐,飙升榜,飙升榜,2026-08-02,42,Let It Go,Idina Menzel,热度 3%,,102150080,002SssR44FoXvY,https://y.qq.com/n/ryqq/toplist/62
2026-08-02,2026-08-02T15:41:49+08:00,QQ音乐,飙升榜,飙升榜,2026-08-02,43,小人国,黄健怡,热度 3%,,575045750,002rqiiL3h0k0j,https://y.qq.com/n/ryqq/toplist/62
2026-08-02,2026-08-02T15:41:49+08:00,QQ音乐,飙升榜,飙升榜,2026-08-02,44,卧室巨星,时代少年团,热度 3%,,546217563,000baZsq3XftLq,https://y.qq.com/n/ryqq/toplist/62
2026-08-02,2026-08-02T15:41:49+08:00,QQ音乐,飙升榜,飙升榜,2026-08-02,45,"Zoo (From ""Zootopia 2"")",Disney/Shakira,热度 3%,,609402571,003fBqRg1wwU6Z,https://y.qq.com/n/ryqq/toplist/62
2026-08-02,2026-08-02T15:41:49+08:00,QQ音乐,飙升榜,飙升榜,2026-08-02,46,我只要我开心,时代少年团,热度 3%,,706504693,002zvO7r0gSXWZ,https://y.qq.com/n/ryqq/toplist/62
2026-08-02,2026-08-02T15:41:49+08:00,QQ音乐,飙升榜,飙升榜,2026-08-02,47,军中绿花,小曾,热度 3%,,2947458,003mIAAB4LIv9j,https://y.qq.com/n/ryqq/toplist/62
2026-08-02,2026-08-02T15:41:49+08:00,QQ音乐,飙升榜,飙升榜,2026-08-02,48,全是爱,凤凰传奇,热度 3%,,475394,0021YkiD1WR578,https://y.qq.com/n/ryqq/toplist/62
2026-08-02,2026-08-02T15:41:49+08:00,QQ音乐,飙升榜,飙升榜,2026-08-02,49,生日快乐,卓依婷,热度 3%,,653045,0008OsNo3oznw2,https://y.qq.com/n/ryqq/toplist/62
2026-08-02,2026-08-02T15:41:49+08:00,QQ音乐,飙升榜,飙升榜,2026-08-02,50,"눈,코,입 (眼，鼻，嘴)",TAEYANG (太阳),热度 3%,,5665639,002EpDSj40ImGO,https://y.qq.com/n/ryqq/toplist/62
2026-08-02,2026-08-02T15:41:49+08:00,QQ音乐,飙升榜,飙升榜,2026-08-02,51,百忧戒,时代少年团,热度 3%,,383577723,001LzPDM2kFkLn,https://y.qq.com/n/ryqq/toplist/62
2026-08-02,2026-08-02T15:41:49+08:00,QQ音乐,飙升榜,飙升榜,2026-08-02,52,我从草原来,凤凰传奇,热度 3%,,726888,002jdWB13atXv8,https://y.qq.com/n/ryqq/toplist/62
2026-08-02,2026-08-02T15:41:49+08:00,QQ音乐,飙升榜,飙升榜,2026-08-02,53,留白,吴炳文,热度 3%,,272949169,001nh1rv26xW1I,https://y.qq.com/n/ryqq/toplist/62
2026-08-02,2026-08-02T15:41:49+08:00,QQ音乐,飙升榜,飙升榜,2026-08-02,54,蓝莲花,许巍,热度 3%,,1007827,003GDQSA1c4k5T,https://y.qq.com/n/ryqq/toplist/62
2026-08-02,2026-08-02T15:41:49+08:00,QQ音乐,飙升榜,飙升榜,2026-08-02,55,全世界我最美,时代少年团,热度 3%,,576370402,002NwOCp33wuDM,https://y.qq.com/n/ryqq/toplist/62
2026-08-02,2026-08-02T15:41:49+08:00,QQ音乐,飙升榜,飙升榜,2026-08-02,56,如愿,王菲,热度 3%,,326584182,004Kbn3m2HV9Y3,https://y.qq.com/n/ryqq/toplist/62
2026-08-02,2026-08-02T15:41:49+08:00,QQ音乐,飙升榜,飙升榜,2026-08-02,57,人间共鸣,李健,热度 3%,,641742655,003RVJjp1svtyz,https://y.qq.com/n/ryqq/toplist/62
2026-08-02,2026-08-02T15:41:49+08:00,QQ音乐,飙升榜,飙升榜,2026-08-02,58,山风山风等等我,万海东,热度 3%,,708639670,002O92eu0Jubpi,https://y.qq.com/n/ryqq/toplist/62
2026-08-02,2026-08-02T15:41:49+08:00,QQ音乐,飙升榜,飙升榜,2026-08-02,59,无尽的冒险,时代少年团,热度 3%,,245513641,000io1950KoJSv,https://y.qq.com/n/ryqq/toplist/62
2026-08-02,2026-08-02T15:41:49+08:00,QQ音乐,飙升榜,飙升榜,2026-08-02,60,Psycho,Red Velvet (레드벨벳),热度 3%,,248105592,003A6HUX2I6hsY,https://y.qq.com/n/ryqq/toplist/62
2026-08-02,2026-08-02T15:41:49+08:00,QQ音乐,飙升榜,飙升榜,2026-08-02,61,自由飞翔,凤凰传奇,热度 3%,,399539,000xdvfH2DxJ4f,https://y.qq.com/n/ryqq/toplist/62
2026-08-02,2026-08-02T15:41:49+08:00,QQ音乐,飙升榜,飙升榜,2026-08-02,62,还魂门,胡彦斌,热度 3%,,107602121,003oId0h1W92Ho,https://y.qq.com/n/ryqq/toplist/62
2026-08-02,2026-08-02T15:41:49+08:00,QQ音乐,飙升榜,飙升榜,2026-08-02,63,两只老虎,儿歌多多/小呱呱乐队,热度 3%,,245689105,004VNRPs0AkHb8,https://y.qq.com/n/ryqq/toplist/62
2026-08-02,2026-08-02T15:41:49+08:00,QQ音乐,飙升榜,飙升榜,2026-08-02,64,郎的诱惑,凤凰传奇,热度 2%,,5075092,0021YkiD1WR578,https://y.qq.com/n/ryqq/toplist/62
2026-08-02,2026-08-02T15:41:49+08:00,QQ音乐,飙升榜,飙升榜,2026-08-02,65,躺着真舒服,时代少年团,热度 2%,,424083893,000baZsq3XftLq,https://y.qq.com/n/ryqq/toplist/62
2026-08-02,2026-08-02T15:41:49+08:00,QQ音乐,飙升榜,飙升榜,2026-08-02,66,刺,时代少年团,热度 2%,,657674603,000I9a4s1sFmaf,https://y.qq.com/n/ryqq/toplist/62
2026-08-02,2026-08-02T15:41:49+08:00,QQ音乐,飙升榜,飙升榜,2026-08-02,67,绝配,时代少年团,热度 2%,,368589649,000Ez12M0Fj0LT,https://y.qq.com/n/ryqq/toplist/62
2026-08-02,2026-08-02T15:41:49+08:00,QQ音乐,飙升榜,飙升榜,2026-08-02,68,빨간 맛 (Red Flavor) (红色味道),Red Velvet (레드벨벳),热度 2%,,203107934,000B9TmA1yIpla,https://y.qq.com/n/ryqq/toplist/62
2026-08-02,2026-08-02T15:41:49+08:00,QQ音乐,飙升榜,飙升榜,2026-08-02,69,小苹果,筷子兄弟,热度 2%,,5645193,000owywt4caGcV,https://y.qq.com/n/ryqq/toplist/62
2026-08-02,2026-08-02T15:41:49+08:00,QQ音乐,飙升榜,飙升榜,2026-08-02,70,白龙马,吸引力组合,热度 2%,,9077847,000L6nUC4Ahw9t,https://y.qq.com/n/ryqq/toplist/62
2026-08-02,2026-08-02T15:41:49+08:00,QQ音乐,飙升榜,飙升榜,2026-08-02,71,我喜欢你,时代少年团,热度 2%,,317737429,000Ez12M0Fj0LT,https://y.qq.com/n/ryqq/toplist/62
2026-08-02,2026-08-02T15:41:49+08:00,QQ音乐,飙升榜,飙升榜,2026-08-02,72,亲爱的你，放心吧,孟颐舟,热度 2%,,711716886,0045gOHx25469y,https://y.qq.com/n/ryqq/toplist/62
2026-08-02,2026-08-02T15:41:49+08:00,QQ音乐,飙升榜,飙升榜,2026-08-02,73,无期,GAI周延/功夫胖KUNGFU-PEN/KEY.L刘聪/盛宇D-SHINE,热度 2%,,582719693,001qocFr1gpWDC,https://y.qq.com/n/ryqq/toplist/62
2026-08-02,2026-08-02T15:41:49+08:00,QQ音乐,飙升榜,飙升榜,2026-08-02,74,渐暖,时代少年团,热度 2%,,341942830,001emlRT0JbjwS,https://y.qq.com/n/ryqq/toplist/62
2026-08-02,2026-08-02T15:41:49+08:00,QQ音乐,飙升榜,飙升榜,2026-08-02,75,相遇,时代少年团,热度 2%,,275852004,000io1950KoJSv,https://y.qq.com/n/ryqq/toplist/62
2026-08-02,2026-08-02T15:41:49+08:00,QQ音乐,飙升榜,飙升榜,2026-08-02,76,奇迹再现,毛华锋,热度 2%,,103972826,003qbwr50QOnya,https://y.qq.com/n/ryqq/toplist/62
2026-08-02,2026-08-02T15:41:49+08:00,QQ音乐,飙升榜,飙升榜,2026-08-02,77,孤勇者,陈奕迅,热度 2%,,331839675,001uaPM93kxk1R,https://y.qq.com/n/ryqq/toplist/62
2026-08-02,2026-08-02T15:41:49+08:00,QQ音乐,飙升榜,飙升榜,2026-08-02,78,I Like U Like,时代少年团,热度 2%,,597580440,001J6Xqt1GXBzU,https://y.qq.com/n/ryqq/toplist/62
2026-08-02,2026-08-02T15:41:49+08:00,QQ音乐,飙升榜,飙升榜,2026-08-02,79,ZOOM ZOOM,TREASURE (트레저),热度 2%,,664352050,000tK3v01XfxP7,https://y.qq.com/n/ryqq/toplist/62
2026-08-02,2026-08-02T15:41:49+08:00,QQ音乐,飙升榜,飙升榜,2026-08-02,80,Teeth,5 Seconds Of Summer,热度 2%,,236800431,002vL7hY4GQ0dc,https://y.qq.com/n/ryqq/toplist/62
2026-08-02,2026-08-02T15:41:49+08:00,QQ音乐,飙升榜,飙升榜,2026-08-02,81,登顶,时代少年团,热度 2%,,589165050,003i5bYA07yXL6,https://y.qq.com/n/ryqq/toplist/62
2026-08-02,2026-08-02T15:41:49+08:00,QQ音乐,飙升榜,飙升榜,2026-08-02,82,Deadman,蔡徐坤,热度 2%,,638918971,003Q9it10RWLId,https://y.qq.com/n/ryqq/toplist/62
2026-08-02,2026-08-02T15:41:49+08:00,QQ音乐,飙升榜,飙升榜,2026-08-02,83,Cosmic,Red Velvet (레드벨벳),热度 2%,,495904085,0009Xtcd16hJec,https://y.qq.com/n/ryqq/toplist/62
2026-08-02,2026-08-02T15:41:49+08:00,QQ音乐,飙升榜,飙升榜,2026-08-02,84,醉,时代少年团,热度 2%,,333407709,000Ez12M0Fj0LT,https://y.qq.com/n/ryqq/toplist/62
2026-08-02,2026-08-02T15:41:49+08:00,QQ音乐,飙升榜,飙升榜,2026-08-02,85,人间的剧本,老韩很哇塞,热度 2%,,687246141,002F2Rfl3kTcYx,https://y.qq.com/n/ryqq/toplist/62
2026-08-02,2026-08-02T15:41:49+08:00,QQ音乐,飙升榜,飙升榜,2026-08-02,86,仰望,杨丞琳,热度 2%,,905303,002kNxyK1x3ver,https://y.qq.com/n/ryqq/toplist/62
2026-08-02,2026-08-02T15:41:49+08:00,QQ音乐,飙升榜,飙升榜,2026-08-02,87,Queendom,Red Velvet (레드벨벳),热度 2%,,319901311,002v3tsx2XrmUa,https://y.qq.com/n/ryqq/toplist/62
2026-08-02,2026-08-02T15:41:49+08:00,QQ音乐,飙升榜,飙升榜,2026-08-02,88,小跳蛙,青蛙乐队,热度 2%,,654027,001bzVl70hm0zN,https://y.qq.com/n/ryqq/toplist/62
2026-08-02,2026-08-02T15:41:49+08:00,QQ音乐,飙升榜,飙升榜,2026-08-02,89,这一程,时代少年团,热度 2%,,617184191,0048mq4O2DZfKY,https://y.qq.com/n/ryqq/toplist/62
2026-08-02,2026-08-02T15:41:49+08:00,QQ音乐,飙升榜,飙升榜,2026-08-02,90,理想之途,时代少年团,热度 2%,,389955296,000Ez12M0Fj0LT,https://y.qq.com/n/ryqq/toplist/62
2026-08-02,2026-08-02T15:41:49+08:00,QQ音乐,飙升榜,飙升榜,2026-08-02,91,达拉崩吧 (Live),周深,热度 2%,,333963346,002VhUiT3k2SjC,https://y.qq.com/n/ryqq/toplist/62
2026-08-02,2026-08-02T15:41:49+08:00,QQ音乐,飙升榜,飙升榜,2026-08-02,92,虚拟,陈粒,热度 2%,,107762076,004fAhFe0fdHYF,https://y.qq.com/n/ryqq/toplist/62
2026-08-02,2026-08-02T15:41:49+08:00,QQ音乐,飙升榜,飙升榜,2026-08-02,93,러시안 룰렛 (Russian Roulette) (俄罗斯轮盘),Red Velvet (레드벨벳),热度 2%,,108435983,003iaE450BaEpM,https://y.qq.com/n/ryqq/toplist/62
2026-08-02,2026-08-02T15:41:49+08:00,QQ音乐,飙升榜,飙升榜,2026-08-02,94,等爱的玫瑰,凤凰传奇,热度 2%,,399546,000xdvfH2DxJ4f,https://y.qq.com/n/ryqq/toplist/62
2026-08-02,2026-08-02T15:41:49+08:00,QQ音乐,飙升榜,飙升榜,2026-08-02,95,光芒,凤凰传奇,热度 2%,,935918,001uQV7J3Ld3e8,https://y.qq.com/n/ryqq/toplist/62
2026-08-02,2026-08-02T15:41:49+08:00,QQ音乐,飙升榜,飙升榜,2026-08-02,96,歌曲：立春,周慧敏/刘敏涛/梁咏琪/秦海璐/薛凯琪/张钧甯/姜妍/热依扎/刘惜君/希林娜依高,热度 2%,,642838009,0035vSQz38uITD,https://y.qq.com/n/ryqq/toplist/62
2026-08-02,2026-08-02T15:41:49+08:00,QQ音乐,飙升榜,飙升榜,2026-08-02,97,多疑的恋人,王赫野,热度 2%,,688806258,004CULjA2BpuA8,https://y.qq.com/n/ryqq/toplist/62
2026-08-02,2026-08-02T15:41:49+08:00,QQ音乐,飙升榜,飙升榜,2026-08-02,98,中国人民解放军进行曲,中国人民解放军军乐团,热度 2%,,212052510,002JhIVb48bsX5,https://y.qq.com/n/ryqq/toplist/62
2026-08-02,2026-08-02T15:41:49+08:00,QQ音乐,飙升榜,飙升榜,2026-08-02,99,稻香,周杰伦,热度 2%,,449205,002Neh8l0uciQZ,https://y.qq.com/n/ryqq/toplist/62
2026-08-02,2026-08-02T15:41:49+08:00,QQ音乐,飙升榜,飙升榜,2026-08-02,100,冷战,TizzyT/万妮达Vinida Weng,热度 2%,,450428606,000ovqF60onhrI,https://y.qq.com/n/ryqq/toplist/62
2026-08-02,2026-08-02T15:41:49+08:00,酷狗音乐,热歌榜,酷狗TOP500,2026-08-02,1,山风山风等等我,万海东,,3:29,CE256D96F1F025D60468D8F0BC9EE64B,200106963,https://www.kugou.com/yy/rank/home/1-8888.html?from=rank
2026-08-02,2026-08-02T15:41:49+08:00,酷狗音乐,热歌榜,酷狗TOP500,2026-08-02,2,甲乙丙丁 (你我怎么两清),李佳薇,,3:30,213D580CA0BDCC28A5FDBA995FFDA106,197648995,https://www.kugou.com/yy/rank/home/1-8888.html?from=rank
2026-08-02,2026-08-02T15:41:49+08:00,酷狗音乐,热歌榜,酷狗TOP500,2026-08-02,3,也许你就在对岸,张杰,,3:00,4AD43FA556262579243CA41E8B898AE3,201303666,https://www.kugou.com/yy/rank/home/1-8888.html?from=rank
2026-08-02,2026-08-02T15:41:49+08:00,酷狗音乐,热歌榜,酷狗TOP500,2026-08-02,4,吹吹山顶的风,巴扎黑,,2:59,87311B26EDEE637CA1448E14230BCB68,198304563,https://www.kugou.com/yy/rank/home/1-8888.html?from=rank
2026-08-02,2026-08-02T15:41:49+08:00,酷狗音乐,热歌榜,酷狗TOP500,2026-08-02,5,唯我论者的独白,马嘉祺,,3:40,7251740620390DA2939069838804D0DA,200668871,https://www.kugou.com/yy/rank/home/1-8888.html?from=rank
2026-08-02,2026-08-02T15:41:49+08:00,酷狗音乐,热歌榜,酷狗TOP500,2026-08-02,6,你有没有真的爱过我,阿图表妹,,4:03,FE39668F68770C3FB3BE57A3E86CCC10,190170015,https://www.kugou.com/yy/rank/home/1-8888.html?from=rank
2026-08-02,2026-08-02T15:41:49+08:00,酷狗音乐,热歌榜,酷狗TOP500,2026-08-02,7,失眠,Suki刘舒妤,,3:31,EC476A2009EF5DCAC13EDCD11870DF55,671621,https://www.kugou.com/yy/rank/home/1-8888.html?from=rank
2026-08-02,2026-08-02T15:41:49+08:00,酷狗音乐,热歌榜,酷狗TOP500,2026-08-02,8,金达莱花 (猛Remix),猛弟/邹子寒,,2:18,E93CB193E4133C79EA9BCC9F852375AD,201184757,https://www.kugou.com/yy/rank/home/1-8888.html?from=rank
2026-08-02,2026-08-02T15:41:49+08:00,酷狗音乐,热歌榜,酷狗TOP500,2026-08-02,9,人生路漫漫,白小白,,3:55,B8CA573A69DB5050C7EE0C1AB79144E5,179917533,https://www.kugou.com/yy/rank/home/1-8888.html?from=rank
2026-08-02,2026-08-02T15:41:49+08:00,酷狗音乐,热歌榜,酷狗TOP500,2026-08-02,10,踏马寻花向自由 (雷鬼版),超哥,,2:59,B5BA68A039E54847B4E14A46A268991B,194886112,https://www.kugou.com/yy/rank/home/1-8888.html?from=rank
2026-08-02,2026-08-02T15:41:49+08:00,酷狗音乐,热歌榜,酷狗TOP500,2026-08-02,11,梦哑,任然,,3:54,3194D1AA995469BEF8620E96989D6BA8,193630889,https://www.kugou.com/yy/rank/home/1-8888.html?from=rank
2026-08-02,2026-08-02T15:41:49+08:00,酷狗音乐,热歌榜,酷狗TOP500,2026-08-02,12,樱花草,Sweety,,4:44,F0B01830164E4974A2AC9E85DD446D45,507451,https://www.kugou.com/yy/rank/home/1-8888.html?from=rank
2026-08-02,2026-08-02T15:41:49+08:00,酷狗音乐,热歌榜,酷狗TOP500,2026-08-02,13,盛夏的果实,莫文蔚,,4:11,1C86CBC64AE9A6C3539A36CAADDF1A59,978378,https://www.kugou.com/yy/rank/home/1-8888.html?from=rank
2026-08-02,2026-08-02T15:41:49+08:00,酷狗音乐,热歌榜,酷狗TOP500,2026-08-02,14,岁月如笔写春秋,河南三妹5233,,4:11,5D4C2F9D994E5BECDC9BA0FBC6BD3DD8,191576482,https://www.kugou.com/yy/rank/home/1-8888.html?from=rank
2026-08-02,2026-08-02T15:41:49+08:00,酷狗音乐,热歌榜,酷狗TOP500,2026-08-02,15,雨过后的风景,Dizzy Dizzo (蔡诗芸),,4:03,E3F046EDB5EB76BBA5A44FFA3D8F8C42,974143,https://www.kugou.com/yy/rank/home/1-8888.html?from=rank
2026-08-02,2026-08-02T15:41:49+08:00,酷狗音乐,热歌榜,酷狗TOP500,2026-08-02,16,黄昏 (纵然青丝如霜)(R&B版),落日微醺,,4:05,423FC1778078ACF260242626820E4244,194767721,https://www.kugou.com/yy/rank/home/1-8888.html?from=rank
2026-08-02,2026-08-02T15:41:49+08:00,酷狗音乐,热歌榜,酷狗TOP500,2026-08-02,17,恋人,李荣浩,,4:36,9DA7851E2BF83B18C74CBBAB461CEFDD,106374641,https://www.kugou.com/yy/rank/home/1-8888.html?from=rank
2026-08-02,2026-08-02T15:41:49+08:00,酷狗音乐,热歌榜,酷狗TOP500,2026-08-02,18,阴天,莫文蔚,,4:02,E4271CB5938F401AA283FBEA49223BF8,970575,https://www.kugou.com/yy/rank/home/1-8888.html?from=rank
2026-08-02,2026-08-02T15:41:49+08:00,酷狗音乐,热歌榜,酷狗TOP500,2026-08-02,19,雨爱,杨丞琳,,4:21,2592FFA57A2D8B1A16F18D991B7098CD,2694607,https://www.kugou.com/yy/rank/home/1-8888.html?from=rank
2026-08-02,2026-08-02T15:41:49+08:00,酷狗音乐,热歌榜,酷狗TOP500,2026-08-02,20,Dehors (外面)(Single Version),Jordann,,3:15,3D6391A8A0FB81B62C68C6A4429F63FD,42153287,https://www.kugou.com/yy/rank/home/1-8888.html?from=rank
2026-08-02,2026-08-02T15:41:49+08:00,酷狗音乐,热歌榜,酷狗TOP500,2026-08-02,21,小半,陈粒,,4:57,AFEA9FFE5D7F0EF0874119A363820D33,1749208,https://www.kugou.com/yy/rank/home/1-8888.html?from=rank
2026-08-02,2026-08-02T15:41:49+08:00,酷狗音乐,热歌榜,酷狗TOP500,2026-08-02,22,海屿你,DJ铁柱,,4:33,741FD028FD4104B0C1E0017E33D23357,197102975,https://www.kugou.com/yy/rank/home/1-8888.html?from=rank
2026-08-02,2026-08-02T15:41:49+08:00,酷狗音乐,热歌榜,酷狗TOP500,2026-08-02,23,北方的后海没有海 (r&b微醺版),落日微醺,,3:26,DB3D10DE8DF3C5188EC036A9724F9418,196519034,https://www.kugou.com/yy/rank/home/2-8888.html?from=rank
2026-08-02,2026-08-02T15:41:49+08:00,酷狗音乐,热歌榜,酷狗TOP500,2026-08-02,24,求你别离开我 (因为我欠你太多),苏子欲,,4:55,8C7E878814996A87FB84AED479E8C4C6,199782537,https://www.kugou.com/yy/rank/home/2-8888.html?from=rank
2026-08-02,2026-08-02T15:41:49+08:00,酷狗音乐,热歌榜,酷狗TOP500,2026-08-02,25,忘情牛肉面,马健涛,,3:02,E9E3E3F40397839A715537F5AA5C93CE,32988895,https://www.kugou.com/yy/rank/home/2-8888.html?from=rank
2026-08-02,2026-08-02T15:41:49+08:00,酷狗音乐,热歌榜,酷狗TOP500,2026-08-02,26,若不是因为你 (深情版),林栖,,4:13,6CCB2559DE8FC8965E98F641C4C33B6A,176013962,https://www.kugou.com/yy/rank/home/2-8888.html?from=rank
2026-08-02,2026-08-02T15:41:49+08:00,酷狗音乐,热歌榜,酷狗TOP500,2026-08-02,27,空心 (Live),黄霄雲、刘端端,,4:55,6F74F7B3D9B87CA771573ABD27B2A820,199810791,https://www.kugou.com/yy/rank/home/2-8888.html?from=rank
2026-08-02,2026-08-02T15:41:49+08:00,酷狗音乐,热歌榜,酷狗TOP500,2026-08-02,28,离开我的依赖,王艳薇,,3:54,A9C377CC1B9931F0CE81907E23E4D588,36181053,https://www.kugou.com/yy/rank/home/2-8888.html?from=rank
2026-08-02,2026-08-02T15:41:49+08:00,酷狗音乐,热歌榜,酷狗TOP500,2026-08-02,29,Fever Pitch,Richz,,2:15,594B915AEEDA7DA8F5BD70B63EA76EAD,180499937,https://www.kugou.com/yy/rank/home/2-8888.html?from=rank
2026-08-02,2026-08-02T15:41:49+08:00,酷狗音乐,热歌榜,酷狗TOP500,2026-08-02,30,晴天,周杰伦,,4:29,B3A52A7A958BF0AED0EBFBA2E9A818B7,966846,https://www.kugou.com/yy/rank/home/2-8888.html?from=rank
2026-08-02,2026-08-02T15:41:49+08:00,酷狗音乐,热歌榜,酷狗TOP500,2026-08-02,31,好想再爱你,潘广益,,4:31,B78BA4062528E712B68C42DC6A4D9AAE,957659,https://www.kugou.com/yy/rank/home/2-8888.html?from=rank
2026-08-02,2026-08-02T15:41:49+08:00,酷狗音乐,热歌榜,酷狗TOP500,2026-08-02,32,偏爱,张芸京,,3:33,4A544525C1F78DBDF25361DB0E255495,968788,https://www.kugou.com/yy/rank/home/2-8888.html?from=rank
2026-08-02,2026-08-02T15:41:49+08:00,酷狗音乐,热歌榜,酷狗TOP500,2026-08-02,33,Angel,尹美莱、Tiger JK、Bizzy,,4:15,157D75DA9A1B5B4FED6C529C2B1C2452,964390,https://www.kugou.com/yy/rank/home/2-8888.html?from=rank
2026-08-02,2026-08-02T15:41:49+08:00,酷狗音乐,热歌榜,酷狗TOP500,2026-08-02,34,讨厌,芮恩,,4:18,C88A8D3EF16E2C4E944B947E0F56A7AD,2996887,https://www.kugou.com/yy/rank/home/2-8888.html?from=rank
2026-08-02,2026-08-02T15:41:49+08:00,酷狗音乐,热歌榜,酷狗TOP500,2026-08-02,35,Amani (女声版),落日微醺,,3:54,0E1705D85CE6D8BE87784DFA9C9A5624,194642479,https://www.kugou.com/yy/rank/home/2-8888.html?from=rank
2026-08-02,2026-08-02T15:41:49+08:00,酷狗音乐,热歌榜,酷狗TOP500,2026-08-02,36,无人之岛,任然,,4:45,8E568D8806F771607104D8BF9695ACE0,2916172,https://www.kugou.com/yy/rank/home/2-8888.html?from=rank
2026-08-02,2026-08-02T15:41:49+08:00,酷狗音乐,热歌榜,酷狗TOP500,2026-08-02,37,街角的晚风,陈小春,,4:00,18B89D66950B7856EABB131BB6273F6E,169830039,https://www.kugou.com/yy/rank/home/2-8888.html?from=rank
2026-08-02,2026-08-02T15:41:49+08:00,酷狗音乐,热歌榜,酷狗TOP500,2026-08-02,38,有风的日落,万海东,,3:49,94774F06E73EF9ABD739423E1A414593,181906094,https://www.kugou.com/yy/rank/home/2-8888.html?from=rank
2026-08-02,2026-08-02T15:41:49+08:00,酷狗音乐,热歌榜,酷狗TOP500,2026-08-02,39,人间的剧本,老韩很哇塞,,3:18,F80698DAC679080F9E38F3DBB07BD17A,195240853,https://www.kugou.com/yy/rank/home/2-8888.html?from=rank
2026-08-02,2026-08-02T15:41:49+08:00,酷狗音乐,热歌榜,酷狗TOP500,2026-08-02,40,黄昏,周传雄,,5:44,7DE9A9CD041157F6BF3FE9FFBCF120E3,964612,https://www.kugou.com/yy/rank/home/2-8888.html?from=rank
2026-08-02,2026-08-02T15:41:49+08:00,酷狗音乐,热歌榜,酷狗TOP500,2026-08-02,41,我不该动情,老板,,3:57,DFA780605FE78F1572761712931024A7,197593768,https://www.kugou.com/yy/rank/home/2-8888.html?from=rank
2026-08-02,2026-08-02T15:41:49+08:00,酷狗音乐,热歌榜,酷狗TOP500,2026-08-02,42,红尘客栈,周杰伦,,4:34,48729371F20FB048EF4E51D4CD41DBF5,982051,https://www.kugou.com/yy/rank/home/2-8888.html?from=rank
2026-08-02,2026-08-02T15:41:49+08:00,酷狗音乐,热歌榜,酷狗TOP500,2026-08-02,43,我不难过,孙燕姿,,5:20,3FD7E1EC51122C745C637735C8BDE716,965883,https://www.kugou.com/yy/rank/home/2-8888.html?from=rank
2026-08-02,2026-08-02T15:41:49+08:00,酷狗音乐,热歌榜,酷狗TOP500,2026-08-02,44,唯一,G.E.M. 邓紫棋,,4:14,AB05B8F658851282DCB2CBAD548AEB9B,82564821,https://www.kugou.com/yy/rank/home/2-8888.html?from=rank
2026-08-02,2026-08-02T15:41:49+08:00,酷狗音乐,热歌榜,酷狗TOP500,2026-08-02,45,演员,薛之谦,,4:21,097E777171F692855EAE98B6965F9477,14456909,https://www.kugou.com/yy/rank/home/3-8888.html?from=rank
2026-08-02,2026-08-02T15:41:49+08:00,酷狗音乐,热歌榜,酷狗TOP500,2026-08-02,46,最佳损友,陈奕迅,,3:54,CBFA7DDE592B23322E21E4BDAA9BE9F9,964332,https://www.kugou.com/yy/rank/home/3-8888.html?from=rank
2026-08-02,2026-08-02T15:41:49+08:00,酷狗音乐,热歌榜,酷狗TOP500,2026-08-02,47,The Other Side Of Paradise (Explicit),Glass Animals,,5:21,222314858D998CCDDD4BF0B7BAF2F5A2,47764102,https://www.kugou.com/yy/rank/home/3-8888.html?from=rank
2026-08-02,2026-08-02T15:41:49+08:00,酷狗音乐,热歌榜,酷狗TOP500,2026-08-02,48,山歌追上云朵,央金拉姆,,3:35,B81F368C6B44B98B0E2B4E9F417F1002,193932928,https://www.kugou.com/yy/rank/home/3-8888.html?from=rank
2026-08-02,2026-08-02T15:41:49+08:00,酷狗音乐,热歌榜,酷狗TOP500,2026-08-02,49,童话,光良,,4:04,472FF9D57BCE90288EC88CBE100BCB2A,974097,https://www.kugou.com/yy/rank/home/3-8888.html?from=rank
2026-08-02,2026-08-02T15:41:49+08:00,酷狗音乐,热歌榜,酷狗TOP500,2026-08-02,50,抽离,徐良、刘丹萌,,4:18,37A9C74C33A9FAEFF672CFDF4C699581,547514,https://www.kugou.com/yy/rank/home/3-8888.html?from=rank
2026-08-02,2026-08-02T15:41:49+08:00,酷狗音乐,热歌榜,酷狗TOP500,2026-08-02,51,开始懂了,孙燕姿,,4:32,93F260998A10F4AD6B46606AF5C8EC72,972102,https://www.kugou.com/yy/rank/home/3-8888.html?from=rank
2026-08-02,2026-08-02T15:41:49+08:00,酷狗音乐,热歌榜,酷狗TOP500,2026-08-02,52,野心家,张靓颖,,4:43,1789AD88CFDD254910125F22494C0E8B,161637189,https://www.kugou.com/yy/rank/home/3-8888.html?from=rank
2026-08-02,2026-08-02T15:41:49+08:00,酷狗音乐,热歌榜,酷狗TOP500,2026-08-02,53,茶花开了，该回家了,王睿卓、加木,,3:10,99F0F17B7C6F110346411E7AD552156D,133732298,https://www.kugou.com/yy/rank/home/3-8888.html?from=rank
2026-08-02,2026-08-02T15:41:49+08:00,酷狗音乐,热歌榜,酷狗TOP500,2026-08-02,54,半壶纱,刘珂矣,,3:41,951AB088C5A08F491471A1296DF93707,948327,https://www.kugou.com/yy/rank/home/3-8888.html?from=rank
2026-08-02,2026-08-02T15:41:49+08:00,酷狗音乐,热歌榜,酷狗TOP500,2026-08-02,55,心墙,郭静,,3:47,97870F3D4B01A7822DC497C6127EA66D,968033,https://www.kugou.com/yy/rank/home/3-8888.html?from=rank
2026-08-02,2026-08-02T15:41:49+08:00,酷狗音乐,热歌榜,酷狗TOP500,2026-08-02,56,爱错,王力宏,,3:59,8E021794DFD02C48D2C6281A55BCBDC6,2996462,https://www.kugou.com/yy/rank/home/3-8888.html?from=rank
2026-08-02,2026-08-02T15:41:49+08:00,酷狗音乐,热歌榜,酷狗TOP500,2026-08-02,57,枪火 (相对那就针锋相对),宝石Gem,,3:18,76923758046CB591DC9556D1FB69D976,154798334,https://www.kugou.com/yy/rank/home/3-8888.html?from=rank
2026-08-02,2026-08-02T15:41:49+08:00,酷狗音乐,热歌榜,酷狗TOP500,2026-08-02,58,泪海,许茹芸,,4:58,FBC174E7C22B9AF471B7B93A61751E1B,975212,https://www.kugou.com/yy/rank/home/3-8888.html?from=rank
2026-08-02,2026-08-02T15:41:49+08:00,酷狗音乐,热歌榜,酷狗TOP500,2026-08-02,59,踏马寻花向自由 (潇洒版),雷鬼叔,,2:49,2AB7A8EBAD8E05DEF40E7F9330FCB01E,198887108,https://www.kugou.com/yy/rank/home/3-8888.html?from=rank
2026-08-02,2026-08-02T15:41:49+08:00,酷狗音乐,热歌榜,酷狗TOP500,2026-08-02,60,哼着你爱听的歌,杨小壮,,3:21,BAF3B2A7AC043CDB154EBAFD69A6C76A,104507270,https://www.kugou.com/yy/rank/home/3-8888.html?from=rank
2026-08-02,2026-08-02T15:41:49+08:00,酷狗音乐,热歌榜,酷狗TOP500,2026-08-02,61,情歌,梁静茹,,4:20,72DB6DA75FFE23A3A6361BDB8F44D5F4,2997268,https://www.kugou.com/yy/rank/home/3-8888.html?from=rank
2026-08-02,2026-08-02T15:41:49+08:00,酷狗音乐,热歌榜,酷狗TOP500,2026-08-02,62,我怀念的,孙燕姿,,4:49,1A3CAACB1E361DAF217A2383E9C8E292,984086,https://www.kugou.com/yy/rank/home/3-8888.html?from=rank
2026-08-02,2026-08-02T15:41:49+08:00,酷狗音乐,热歌榜,酷狗TOP500,2026-08-02,63,坏女孩,徐良、小凌,,4:07,9365223F903B13D0DAF54B6091AC3E7B,511536,https://www.kugou.com/yy/rank/home/3-8888.html?from=rank
2026-08-02,2026-08-02T15:41:49+08:00,酷狗音乐,热歌榜,酷狗TOP500,2026-08-02,64,街道,林俊杰,,4:02,D9DF39A88E29EADDB272A4B04393D357,963179,https://www.kugou.com/yy/rank/home/3-8888.html?from=rank
2026-08-02,2026-08-02T15:41:49+08:00,酷狗音乐,热歌榜,酷狗TOP500,2026-08-02,65,红色高跟鞋,蔡健雅,,3:27,055A804B8A3CCC05240D08F8FF1F7DE8,978459,https://www.kugou.com/yy/rank/home/3-8888.html?from=rank
2026-08-02,2026-08-02T15:41:49+08:00,酷狗音乐,热歌榜,酷狗TOP500,2026-08-02,66,Copines,Aya Nakamura,,2:52,1CDA977A7FC0BCCC23BC7DF4D0194389,39155596,https://www.kugou.com/yy/rank/home/3-8888.html?from=rank
2026-08-02,2026-08-02T15:41:49+08:00,酷狗音乐,热歌榜,酷狗TOP500,2026-08-02,67,青花瓷,周杰伦,,3:59,37A8F50A9EC3B267C3CC6BEC633D9C4A,979856,https://www.kugou.com/yy/rank/home/4-8888.html?from=rank
2026-08-02,2026-08-02T15:41:49+08:00,酷狗音乐,热歌榜,酷狗TOP500,2026-08-02,68,泡泡,牛佳钰,,3:37,CB6BD8CDFF1DA01DAEF01C389CBAD645,37403884,https://www.kugou.com/yy/rank/home/4-8888.html?from=rank
2026-08-02,2026-08-02T15:41:49+08:00,酷狗音乐,热歌榜,酷狗TOP500,2026-08-02,69,我不该动情 (藏语男女合唱版),万能和弦,,3:25,E1CDCF04108F3E2A756E3732E80EEF42,199546874,https://www.kugou.com/yy/rank/home/4-8888.html?from=rank
2026-08-02,2026-08-02T15:41:49+08:00,酷狗音乐,热歌榜,酷狗TOP500,2026-08-02,70,下完这场雨,后弦,,4:31,2EEFFF98A4F19D945BBA7C78FB2079C0,1964990,https://www.kugou.com/yy/rank/home/4-8888.html?from=rank
2026-08-02,2026-08-02T15:41:49+08:00,酷狗音乐,热歌榜,酷狗TOP500,2026-08-02,71,光辉岁月,BEYOND,,5:04,BBFE9596615ADE83FF6B117831C45E4D,960181,https://www.kugou.com/yy/rank/home/4-8888.html?from=rank
2026-08-02,2026-08-02T15:41:49+08:00,酷狗音乐,热歌榜,酷狗TOP500,2026-08-02,72,其实,薛之谦,,4:02,2A8911EAD4838BF967CF5A300D787E53,960327,https://www.kugou.com/yy/rank/home/4-8888.html?from=rank
2026-08-02,2026-08-02T15:41:49+08:00,酷狗音乐,热歌榜,酷狗TOP500,2026-08-02,73,玻璃,Gareth.T,,3:05,ED0ED6B17B6C29695E97F5CC945C7901,191663409,https://www.kugou.com/yy/rank/home/4-8888.html?from=rank
2026-08-02,2026-08-02T15:41:49+08:00,酷狗音乐,热歌榜,酷狗TOP500,2026-08-02,74,烟火 (孤孤单单一个人),京六,,4:06,495D65F83F80948BE9E2683AEFD0E20A,198377118,https://www.kugou.com/yy/rank/home/4-8888.html?from=rank
2026-08-02,2026-08-02T15:41:49+08:00,酷狗音乐,热歌榜,酷狗TOP500,2026-08-02,75,稻香,周杰伦,,3:44,8909E1809908CD8E3BF6CF85D98B93F0,960399,https://www.kugou.com/yy/rank/home/4-8888.html?from=rank
2026-08-02,2026-08-02T15:41:49+08:00,酷狗音乐,热歌榜,酷狗TOP500,2026-08-02,76,如愿,王菲,,4:25,EC1A18BBD6B61CB203E656B91F5CF2D1,49057589,https://www.kugou.com/yy/rank/home/4-8888.html?from=rank
2026-08-02,2026-08-02T15:41:49+08:00,酷狗音乐,热歌榜,酷狗TOP500,2026-08-02,77,背对背拥抱,林俊杰,,3:55,D3CB60981A747455AE3142C25809051E,975828,https://www.kugou.com/yy/rank/home/4-8888.html?from=rank
2026-08-02,2026-08-02T15:41:49+08:00,酷狗音乐,热歌榜,酷狗TOP500,2026-08-02,78,有些,颜人中,,3:49,D79E556C176AE1A3ADE8B532810C4CE8,34604592,https://www.kugou.com/yy/rank/home/4-8888.html?from=rank
2026-08-02,2026-08-02T15:41:49+08:00,酷狗音乐,热歌榜,酷狗TOP500,2026-08-02,79,第57次取消发送,菲菲公主（陆绮菲）,,3:01,F17C489C53382E608F9CBB3ED9F6D2AA,137397074,https://www.kugou.com/yy/rank/home/4-8888.html?from=rank
2026-08-02,2026-08-02T15:41:49+08:00,酷狗音乐,热歌榜,酷狗TOP500,2026-08-02,80,来不及爱你,h3R3刘清云,,3:25,E3ED52965CEE83A40D73C5FB1DA7FF62,76488384,https://www.kugou.com/yy/rank/home/4-8888.html?from=rank
2026-08-02,2026-08-02T15:41:49+08:00,酷狗音乐,热歌榜,酷狗TOP500,2026-08-02,81,一直很安静,阿桑,,4:10,44816EF0288A3B1ED2C4A5C5FE6B93B3,972917,https://www.kugou.com/yy/rank/home/4-8888.html?from=rank
2026-08-02,2026-08-02T15:41:49+08:00,酷狗音乐,热歌榜,酷狗TOP500,2026-08-02,82,后来,刘若英,,5:38,C4904D4E3BBA872D41D3BDBF597E2B18,16562,https://www.kugou.com/yy/rank/home/4-8888.html?from=rank
2026-08-02,2026-08-02T15:41:49+08:00,酷狗音乐,热歌榜,酷狗TOP500,2026-08-02,83,爱情讯息,郭静,,4:41,D8E857250D8EEA9C5FAFDAF7857640A5,971139,https://www.kugou.com/yy/rank/home/4-8888.html?from=rank
2026-08-02,2026-08-02T15:41:49+08:00,酷狗音乐,热歌榜,酷狗TOP500,2026-08-02,84,勇气,梁静茹,,3:59,A4D0C350CF4475BFBB0AB28DC6E25A8D,973299,https://www.kugou.com/yy/rank/home/4-8888.html?from=rank
2026-08-02,2026-08-02T15:41:49+08:00,酷狗音乐,热歌榜,酷狗TOP500,2026-08-02,85,后会无期,汪苏泷、徐良,,3:32,5F86140467A73FBF9C4F339F7B9AFC2C,511536,https://www.kugou.com/yy/rank/home/4-8888.html?from=rank
2026-08-02,2026-08-02T15:41:49+08:00,酷狗音乐,热歌榜,酷狗TOP500,2026-08-02,86,搁浅,周杰伦,,4:00,8141FAA45AAD5BCFF5FF9873B89709E3,971783,https://www.kugou.com/yy/rank/home/4-8888.html?from=rank
2026-08-02,2026-08-02T15:41:49+08:00,酷狗音乐,热歌榜,酷狗TOP500,2026-08-02,87,告白气球,周杰伦,,3:36,688857974673645CE89EDA26A36DB19D,1645030,https://www.kugou.com/yy/rank/home/4-8888.html?from=rank
2026-08-02,2026-08-02T15:41:49+08:00,酷狗音乐,热歌榜,酷狗TOP500,2026-08-02,88,我们俩,郭顶,,3:14,DD4D224BC3DBFD1A0F6E338928620E69,979601,https://www.kugou.com/yy/rank/home/4-8888.html?from=rank
2026-08-02,2026-08-02T15:41:49+08:00,酷狗音乐,热歌榜,酷狗TOP500,2026-08-02,89,岁月如笔写春秋,郭少杰,,4:11,6FCF099C6A88F85FC8417AFD452D54FD,190046745,https://www.kugou.com/yy/rank/home/5-8888.html?from=rank
2026-08-02,2026-08-02T15:41:49+08:00,酷狗音乐,热歌榜,酷狗TOP500,2026-08-02,90,等一分钟,徐誉滕,,3:56,52ED380B09C692BDF4CE65FD56D918F3,2530746,https://www.kugou.com/yy/rank/home/5-8888.html?from=rank
2026-08-02,2026-08-02T15:41:49+08:00,酷狗音乐,热歌榜,酷狗TOP500,2026-08-02,91,认真的雪,薛之谦,,4:19,D2E00CC158DB4DA18927AC3B01CC371B,2689239,https://www.kugou.com/yy/rank/home/5-8888.html?from=rank
2026-08-02,2026-08-02T15:41:49+08:00,酷狗音乐,热歌榜,酷狗TOP500,2026-08-02,92,爱旧爱 (怪我曾爱你爱的太深),恩几,,2:48,E8973BC4EF96021352693BBD9E34D9E2,200504903,https://www.kugou.com/yy/rank/home/5-8888.html?from=rank
2026-08-02,2026-08-02T15:41:49+08:00,酷狗音乐,热歌榜,酷狗TOP500,2026-08-02,93,舍不得又没资格 (男女合唱版),弦外之音,,2:57,39DBF61AACB72EAEB828D89C947E8AC7,199845860,https://www.kugou.com/yy/rank/home/5-8888.html?from=rank
2026-08-02,2026-08-02T15:41:49+08:00,酷狗音乐,热歌榜,酷狗TOP500,2026-08-02,94,富士山下,陈奕迅,,4:19,0433F1A94FA162B20FB8AE576A951D6B,976404,https://www.kugou.com/yy/rank/home/5-8888.html?from=rank
2026-08-02,2026-08-02T15:41:49+08:00,酷狗音乐,热歌榜,酷狗TOP500,2026-08-02,95,碎碎念,队长,,2:13,A823AE8D84854FD2EB5B8E599D1263FA,79831015,https://www.kugou.com/yy/rank/home/5-8888.html?from=rank
2026-08-02,2026-08-02T15:41:49+08:00,酷狗音乐,热歌榜,酷狗TOP500,2026-08-02,96,海阔天空,BEYOND,,5:25,C41E80A18D1448FA47086372999C7F43,973001,https://www.kugou.com/yy/rank/home/5-8888.html?from=rank
2026-08-02,2026-08-02T15:41:49+08:00,酷狗音乐,热歌榜,酷狗TOP500,2026-08-02,97,亲爱的你啊,任素汐,,3:56,C42C2C5C7A68CDAFBF543F29AF883B1D,144348541,https://www.kugou.com/yy/rank/home/5-8888.html?from=rank
2026-08-02,2026-08-02T15:41:49+08:00,酷狗音乐,热歌榜,酷狗TOP500,2026-08-02,98,MOTION (feat. Juicy J),CORTIS、Juicy J,,2:37,C31AEDE0B4EA0D2644477E4AFD1CF23B,201621675,https://www.kugou.com/yy/rank/home/5-8888.html?from=rank
2026-08-02,2026-08-02T15:41:49+08:00,酷狗音乐,热歌榜,酷狗TOP500,2026-08-02,99,西厢寻他,伯爵Johnny、唐伯虎Annie,,3:44,2B657B5B5D781C1A61D7E0D1F5E2DE22,53205523,https://www.kugou.com/yy/rank/home/5-8888.html?from=rank
2026-08-02,2026-08-02T15:41:49+08:00,酷狗音乐,热歌榜,酷狗TOP500,2026-08-02,100,带我走,杨丞琳,,4:50,0C57DE35C3CB2A32A8CF634E4F8309C4,975441,https://www.kugou.com/yy/rank/home/5-8888.html?from=rank
2026-08-02,2026-08-02T15:41:49+08:00,酷狗音乐,热歌榜,酷狗TOP500,2026-08-02,101,江南,林俊杰,,4:28,B83DBB8E3DD3FCF86BF32690B91547F5,969588,https://www.kugou.com/yy/rank/home/5-8888.html?from=rank
2026-08-02,2026-08-02T15:41:49+08:00,酷狗音乐,热歌榜,酷狗TOP500,2026-08-02,102,人间共鸣,李健,,4:19,C9A5658204BD4E941F3DB2FB132D4968,176253415,https://www.kugou.com/yy/rank/home/5-8888.html?from=rank
2026-08-02,2026-08-02T15:41:49+08:00,酷狗音乐,热歌榜,酷狗TOP500,2026-08-02,103,Beauty And A Beat,Justin Bieber、Nicki Minaj,,3:47,FF5719341A9B004AA3E7312D617AE305,16996733,https://www.kugou.com/yy/rank/home/5-8888.html?from=rank
2026-08-02,2026-08-02T15:41:49+08:00,酷狗音乐,热歌榜,酷狗TOP500,2026-08-02,104,We Don't Talk Anymore (Mr. Collipark Remix),Charlie Puth、Selena Gomez,,4:14,8F323B0610BE8D862B7CBB41C3398766,1746993,https://www.kugou.com/yy/rank/home/5-8888.html?from=rank
2026-08-02,2026-08-02T15:41:49+08:00,酷狗音乐,热歌榜,酷狗TOP500,2026-08-02,105,落日微醺 (晚风中一杯酒),落日微醺,,4:14,CB22754AB8A0F20FCC015D0A800758CE,196517740,https://www.kugou.com/yy/rank/home/5-8888.html?from=rank
2026-08-02,2026-08-02T15:41:49+08:00,酷狗音乐,热歌榜,酷狗TOP500,2026-08-02,106,听说当初你找过我,贺一航,,4:06,8853D5BDDDE97FEACFAF65371B68AD57,1969900,https://www.kugou.com/yy/rank/home/5-8888.html?from=rank
2026-08-02,2026-08-02T15:41:49+08:00,酷狗音乐,热歌榜,酷狗TOP500,2026-08-02,107,特别的人,方大同,,4:19,0F7A79ADAAEEB6EA1DA3E19DD637FD73,965097,https://www.kugou.com/yy/rank/home/5-8888.html?from=rank
2026-08-02,2026-08-02T15:41:49+08:00,酷狗音乐,热歌榜,酷狗TOP500,2026-08-02,108,舍得,王唯旖,,4:22,62C406C76F45C3EF39F451F2C4F22D95,1944276,https://www.kugou.com/yy/rank/home/5-8888.html?from=rank
2026-08-02,2026-08-02T15:41:49+08:00,酷狗音乐,热歌榜,酷狗TOP500,2026-08-02,109,七里香,周杰伦,,4:59,9218D81686C6AC681BC7CA621958AD6D,971783,https://www.kugou.com/yy/rank/home/5-8888.html?from=rank
2026-08-02,2026-08-02T15:41:49+08:00,酷狗音乐,热歌榜,酷狗TOP500,2026-08-02,110,三万英尺 (氛围版),瑞-Gary、东木木,,4:51,FE0AD509C6219D2CEAA68A3029B23805,200405242,https://www.kugou.com/yy/rank/home/5-8888.html?from=rank
2026-08-02,2026-08-02T15:41:49+08:00,酷狗音乐,热歌榜,酷狗TOP500,2026-08-02,111,十年,陈奕迅,,3:25,5146461A5717B942F4B13125978618E3,504194,https://www.kugou.com/yy/rank/home/6-8888.html?from=rank
2026-08-02,2026-08-02T15:41:49+08:00,酷狗音乐,热歌榜,酷狗TOP500,2026-08-02,112,猜不透,丁当,,3:53,B1B4CC4F4E90134603CE66CBCF8FA73B,973244,https://www.kugou.com/yy/rank/home/6-8888.html?from=rank
2026-08-02,2026-08-02T15:41:49+08:00,酷狗音乐,热歌榜,酷狗TOP500,2026-08-02,113,灰色轨迹,BEYOND,,5:28,4476FAA4B6567CCC2292BFBBCA93CB9C,39629213,https://www.kugou.com/yy/rank/home/6-8888.html?from=rank
2026-08-02,2026-08-02T15:41:49+08:00,酷狗音乐,热歌榜,酷狗TOP500,2026-08-02,114,可不可以,张紫豪,,4:01,6079A2ACBA5E782FE24695FDFCDB1887,9618875,https://www.kugou.com/yy/rank/home/6-8888.html?from=rank
2026-08-02,2026-08-02T15:41:49+08:00,酷狗音乐,热歌榜,酷狗TOP500,2026-08-02,115,美人鱼,林俊杰,,4:14,CDAE8C7E2FAF7F08DC18E78A1D65117B,969588,https://www.kugou.com/yy/rank/home/6-8888.html?from=rank
2026-08-02,2026-08-02T15:41:49+08:00,酷狗音乐,热歌榜,酷狗TOP500,2026-08-02,116,无名之辈,陈雪燃,,4:23,D08C3E2B2463AA9FC72D65AD6DA94E4E,24460217,https://www.kugou.com/yy/rank/home/6-8888.html?from=rank
2026-08-02,2026-08-02T15:41:49+08:00,酷狗音乐,热歌榜,酷狗TOP500,2026-08-02,117,会呼吸的痛,梁静茹,,4:32,1EB00DC46AE8E1446B6A9860A56487AC,500574,https://www.kugou.com/yy/rank/home/6-8888.html?from=rank
2026-08-02,2026-08-02T15:41:49+08:00,酷狗音乐,热歌榜,酷狗TOP500,2026-08-02,118,泡沫 (G.E.M.重生版),G.E.M. 邓紫棋,,4:18,53F2510610AC38F0C15F73B2605E5CEE,150256944,https://www.kugou.com/yy/rank/home/6-8888.html?from=rank
2026-08-02,2026-08-02T15:41:49+08:00,酷狗音乐,热歌榜,酷狗TOP500,2026-08-02,119,此生不换,青鸟飞鱼,,4:28,61AA3E30BF3F50F23FCAABD56DB46755,49812122,https://www.kugou.com/yy/rank/home/6-8888.html?from=rank
2026-08-02,2026-08-02T15:41:49+08:00,酷狗音乐,热歌榜,酷狗TOP500,2026-08-02,120,青花,周传雄,,4:58,09B46455BAE7C613ABD0DB362A5DDBDE,960448,https://www.kugou.com/yy/rank/home/6-8888.html?from=rank
2026-08-02,2026-08-02T15:41:49+08:00,酷狗音乐,热歌榜,酷狗TOP500,2026-08-02,121,为爱痴狂 (想要问问你敢不敢),金志文,,2:21,8CA8C420761A7C36FF16DD42FE5D331D,194629486,https://www.kugou.com/yy/rank/home/6-8888.html?from=rank
2026-08-02,2026-08-02T15:41:49+08:00,酷狗音乐,热歌榜,酷狗TOP500,2026-08-02,122,知了,陈默之,,3:52,FE6608CE529684B94CBA506E2B0C7BB6,91222498,https://www.kugou.com/yy/rank/home/6-8888.html?from=rank
2026-08-02,2026-08-02T15:41:49+08:00,酷狗音乐,热歌榜,酷狗TOP500,2026-08-02,123,一场游戏一场梦,王杰,,4:17,55340B431243FF5F112527EFC0591232,7547885,https://www.kugou.com/yy/rank/home/6-8888.html?from=rank
2026-08-02,2026-08-02T15:41:49+08:00,酷狗音乐,热歌榜,酷狗TOP500,2026-08-02,124,Always Online,林俊杰,,3:45,16A4E4895905B703AC0F31007A495D4C,963179,https://www.kugou.com/yy/rank/home/6-8888.html?from=rank
2026-08-02,2026-08-02T15:41:49+08:00,酷狗音乐,热歌榜,酷狗TOP500,2026-08-02,125,体面,于文文,,4:43,B0927C5353E9DD8BD72242BB730DAFF4,8149034,https://www.kugou.com/yy/rank/home/6-8888.html?from=rank
2026-08-02,2026-08-02T15:41:49+08:00,酷狗音乐,热歌榜,酷狗TOP500,2026-08-02,126,以为有以后,李廷旭,,3:40,6E614BA7EC0D510401C6C68CD8628D8A,195258314,https://www.kugou.com/yy/rank/home/6-8888.html?from=rank
2026-08-02,2026-08-02T15:41:49+08:00,酷狗音乐,热歌榜,酷狗TOP500,2026-08-02,127,讲不出再见,谭咏麟,,4:54,2E0BFDC7BA2F759B0208A58CB2C26523,2337635,https://www.kugou.com/yy/rank/home/6-8888.html?from=rank
2026-08-02,2026-08-02T15:41:49+08:00,酷狗音乐,热歌榜,酷狗TOP500,2026-08-02,128,至少还有你,林忆莲,,4:35,BA9D67DAB59FA6DCE243F4B6B70ACA95,967340,https://www.kugou.com/yy/rank/home/6-8888.html?from=rank
2026-08-02,2026-08-02T15:41:49+08:00,酷狗音乐,热歌榜,酷狗TOP500,2026-08-02,129,只对你有感觉,飞轮海、田馥甄,,3:59,E400C3F475001BA5B0F197F2E1923F47,556347,https://www.kugou.com/yy/rank/home/6-8888.html?from=rank
2026-08-02,2026-08-02T15:41:49+08:00,酷狗音乐,热歌榜,酷狗TOP500,2026-08-02,130,多远都要在一起,G.E.M. 邓紫棋,,3:38,768F6FA531A3D883BE3F6C91AAF60612,555825,https://www.kugou.com/yy/rank/home/6-8888.html?from=rank
2026-08-02,2026-08-02T15:41:49+08:00,酷狗音乐,热歌榜,酷狗TOP500,2026-08-02,131,落了白,蒋雪儿Snow.J,,3:01,74390D89B6BD2E18CFD7F25968EFD98A,40300587,https://www.kugou.com/yy/rank/home/6-8888.html?from=rank
2026-08-02,2026-08-02T15:41:49+08:00,酷狗音乐,热歌榜,酷狗TOP500,2026-08-02,132,老男孩,筷子兄弟,,4:59,EB494F1F9199AA29F66E056F116D2F1C,17165001,https://www.kugou.com/yy/rank/home/6-8888.html?from=rank
2026-08-02,2026-08-02T15:41:49+08:00,酷狗音乐,热歌榜,酷狗TOP500,2026-08-02,133,Baby,Justin Bieber、Ludacris,,3:37,493CD2904FAFDAEB8785CC83B8056F5A,508825,https://www.kugou.com/yy/rank/home/7-8888.html?from=rank
2026-08-02,2026-08-02T15:41:49+08:00,酷狗音乐,热歌榜,酷狗TOP500,2026-08-02,134,那时雨,徐良,,3:34,CE76C60251F6193BC5BBA5B46B977747,16900987,https://www.kugou.com/yy/rank/home/7-8888.html?from=rank
2026-08-02,2026-08-02T15:41:49+08:00,酷狗音乐,热歌榜,酷狗TOP500,2026-08-02,135,夜曲,周杰伦,,3:47,16C8AB298231370293D16BCF9E5FF9B6,958909,https://www.kugou.com/yy/rank/home/7-8888.html?from=rank
2026-08-02,2026-08-02T15:41:49+08:00,酷狗音乐,热歌榜,酷狗TOP500,2026-08-02,136,兰亭序,周杰伦,,4:14,4EC10B1B7B9BEB2F0ADB89BBEC5F664B,960399,https://www.kugou.com/yy/rank/home/7-8888.html?from=rank
2026-08-02,2026-08-02T15:41:49+08:00,酷狗音乐,热歌榜,酷狗TOP500,2026-08-02,137,你瞒我瞒,陈柏宇,,3:58,E8EE57D671769402710C4FF9259D841F,965453,https://www.kugou.com/yy/rank/home/7-8888.html?from=rank
2026-08-02,2026-08-02T15:41:49+08:00,酷狗音乐,热歌榜,酷狗TOP500,2026-08-02,138,飞行少年团 (空军招飞主题歌曲),易烊千玺,,3:13,EDB3369E9819016A805560E36560E953,201335014,https://www.kugou.com/yy/rank/home/7-8888.html?from=rank
2026-08-02,2026-08-02T15:41:49+08:00,酷狗音乐,热歌榜,酷狗TOP500,2026-08-02,139,戒烟,李荣浩,,4:54,AF36A623D725B98893DAEFDF8010F22E,49390931,https://www.kugou.com/yy/rank/home/7-8888.html?from=rank
2026-08-02,2026-08-02T15:41:49+08:00,酷狗音乐,热歌榜,酷狗TOP500,2026-08-02,140,遇见,孙燕姿,,3:31,9F865C787E90E013B2BC847BAAA306AA,964325,https://www.kugou.com/yy/rank/home/7-8888.html?from=rank
2026-08-02,2026-08-02T15:41:49+08:00,酷狗音乐,热歌榜,酷狗TOP500,2026-08-02,141,不将就,李荣浩,,5:12,E5F0905C662872A9B05A423FD1ED48B5,1004040,https://www.kugou.com/yy/rank/home/7-8888.html?from=rank
2026-08-02,2026-08-02T15:41:49+08:00,酷狗音乐,热歌榜,酷狗TOP500,2026-08-02,142,过火,张信哲,,5:02,E34CBC6EBE64B9EE9ADB5C46E2178A84,982639,https://www.kugou.com/yy/rank/home/7-8888.html?from=rank
2026-08-02,2026-08-02T15:41:49+08:00,酷狗音乐,热歌榜,酷狗TOP500,2026-08-02,143,发如雪,周杰伦,,4:59,1F7E7659B9FFF4FB6F71562A61BBC25F,958909,https://www.kugou.com/yy/rank/home/7-8888.html?from=rank
2026-08-02,2026-08-02T15:41:49+08:00,酷狗音乐,热歌榜,酷狗TOP500,2026-08-02,144,多情种,胡杨林,,4:47,5073FDDE229BBFEF04DBBA5E3FB44F56,8455212,https://www.kugou.com/yy/rank/home/7-8888.html?from=rank
2026-08-02,2026-08-02T15:41:49+08:00,酷狗音乐,热歌榜,酷狗TOP500,2026-08-02,145,春娇与志明,街道办GDC、欧阳耀莹,,3:24,E84947402A5E0952FA067566C10264CB,8543461,https://www.kugou.com/yy/rank/home/7-8888.html?from=rank
2026-08-02,2026-08-02T15:41:49+08:00,酷狗音乐,热歌榜,酷狗TOP500,2026-08-02,146,素颜,许嵩、何曼婷,,3:59,30C94AE2868E63B1058DA7685E0CDF3B,13264539,https://www.kugou.com/yy/rank/home/7-8888.html?from=rank
2026-08-02,2026-08-02T15:41:49+08:00,酷狗音乐,热歌榜,酷狗TOP500,2026-08-02,147,失控,井迪,,4:15,44FE8C442EB1F254D15717F1DC03C9BF,40221609,https://www.kugou.com/yy/rank/home/7-8888.html?from=rank
2026-08-02,2026-08-02T15:41:49+08:00,酷狗音乐,热歌榜,酷狗TOP500,2026-08-02,148,阳光下的星星,金海心,,4:44,8B60D8B58137C2D256DAA71B9D84C046,1738155,https://www.kugou.com/yy/rank/home/7-8888.html?from=rank
2026-08-02,2026-08-02T15:41:49+08:00,酷狗音乐,热歌榜,酷狗TOP500,2026-08-02,149,关不上的窗,周传雄,,4:53,C9FF4C5E86A76043F004E3BB17E08942,982655,https://www.kugou.com/yy/rank/home/7-8888.html?from=rank
2026-08-02,2026-08-02T15:41:49+08:00,酷狗音乐,热歌榜,酷狗TOP500,2026-08-02,150,退后,周杰伦,,4:22,5971DE0B235D5B2708D6A6FEB3D31B6F,965291,https://www.kugou.com/yy/rank/home/7-8888.html?from=rank
2026-08-02,2026-08-02T15:41:49+08:00,酷狗音乐,热歌榜,酷狗TOP500,2026-08-02,151,刻在我心底的名字,卢广仲,,5:20,5CDCAAF9E7B91E94FD012589D00FDBEA,39020767,https://www.kugou.com/yy/rank/home/7-8888.html?from=rank
2026-08-02,2026-08-02T15:41:49+08:00,酷狗音乐,热歌榜,酷狗TOP500,2026-08-02,152,说好的幸福呢,周杰伦,,4:17,892B7AD62499C97A1A994454423E30F6,960399,https://www.kugou.com/yy/rank/home/7-8888.html?from=rank
2026-08-02,2026-08-02T15:41:49+08:00,酷狗音乐,热歌榜,酷狗TOP500,2026-08-02,153,一路向北,周杰伦,,4:54,F73F22FB046CA1A135C70417163AF82E,1739223,https://www.kugou.com/yy/rank/home/7-8888.html?from=rank
2026-08-02,2026-08-02T15:41:49+08:00,酷狗音乐,热歌榜,酷狗TOP500,2026-08-02,154,踏马寻花向自由,半吨兄弟,,2:59,6DD4615AB1A9D1C595CCC15E16597434,198491409,https://www.kugou.com/yy/rank/home/7-8888.html?from=rank
2026-08-02,2026-08-02T15:41:49+08:00,酷狗音乐,热歌榜,酷狗TOP500,2026-08-02,155,我知道,BY2,,4:10,38CB283F880797F94A80968E682191E2,530437,https://www.kugou.com/yy/rank/home/8-8888.html?from=rank
2026-08-02,2026-08-02T15:41:49+08:00,酷狗音乐,热歌榜,酷狗TOP500,2026-08-02,156,曾经的你,许巍,,4:21,8D27A0FD0D8B6A9059D3FEEC95E2088D,976268,https://www.kugou.com/yy/rank/home/8-8888.html?from=rank
2026-08-02,2026-08-02T15:41:49+08:00,酷狗音乐,热歌榜,酷狗TOP500,2026-08-02,157,深深浅浅悟人生,河南三妹5233,,3:18,37FAF97AA6053FE917A8A3647E1580A8,200832705,https://www.kugou.com/yy/rank/home/8-8888.html?from=rank
2026-08-02,2026-08-02T15:41:49+08:00,酷狗音乐,热歌榜,酷狗TOP500,2026-08-02,158,奢香夫人,凤凰传奇,,4:20,478C572FC9E2E15777A41260DEE293A0,984412,https://www.kugou.com/yy/rank/home/8-8888.html?from=rank
2026-08-02,2026-08-02T15:41:49+08:00,酷狗音乐,热歌榜,酷狗TOP500,2026-08-02,159,花海,周杰伦,,4:25,3328808CECBD1A1038166003840FDDD7,960399,https://www.kugou.com/yy/rank/home/8-8888.html?from=rank
2026-08-02,2026-08-02T15:41:49+08:00,酷狗音乐,热歌榜,酷狗TOP500,2026-08-02,160,空心,光泽,,4:39,4465EE613CC3CF7DCF9448F8ACFED1CA,4141939,https://www.kugou.com/yy/rank/home/8-8888.html?from=rank
2026-08-02,2026-08-02T15:41:49+08:00,酷狗音乐,热歌榜,酷狗TOP500,2026-08-02,161,沦陷,贾格JuggShots,,3:04,64C2E5D33BE5F53758F3E96DC8EEC3C3,95717116,https://www.kugou.com/yy/rank/home/8-8888.html?from=rank
2026-08-02,2026-08-02T15:41:49+08:00,酷狗音乐,热歌榜,酷狗TOP500,2026-08-02,162,千千阕歌,陈慧娴,,5:01,81E5A1C3B9E016D61FE91B809B4A7DC1,971621,https://www.kugou.com/yy/rank/home/8-8888.html?from=rank
2026-08-02,2026-08-02T15:41:49+08:00,酷狗音乐,热歌榜,酷狗TOP500,2026-08-02,163,后来的我们,五月天,,5:46,09120C11A5C376EC7D1640098FA70CDC,1748942,https://www.kugou.com/yy/rank/home/8-8888.html?from=rank
2026-08-02,2026-08-02T15:41:49+08:00,酷狗音乐,热歌榜,酷狗TOP500,2026-08-02,164,幻听,许嵩,,4:33,24F5E7555646965CD7D1A924452B3300,973046,https://www.kugou.com/yy/rank/home/8-8888.html?from=rank
2026-08-02,2026-08-02T15:41:49+08:00,酷狗音乐,热歌榜,酷狗TOP500,2026-08-02,165,晨间新闻,蔡健雅,,3:50,09A4599755FAF50EACBA75F5153A9D92,965319,https://www.kugou.com/yy/rank/home/8-8888.html?from=rank
2026-08-02,2026-08-02T15:41:49+08:00,酷狗音乐,热歌榜,酷狗TOP500,2026-08-02,166,疑心病,任然,,4:43,9D8C7468BE4391B85794617090585646,1818864,https://www.kugou.com/yy/rank/home/8-8888.html?from=rank
2026-08-02,2026-08-02T15:41:49+08:00,酷狗音乐,热歌榜,酷狗TOP500,2026-08-02,167,放弃的界限,张敬轩,,3:37,0CA6C0662A40540009FA7E1C66FA5F0B,201349612,https://www.kugou.com/yy/rank/home/8-8888.html?from=rank
2026-08-02,2026-08-02T15:41:49+08:00,酷狗音乐,热歌榜,酷狗TOP500,2026-08-02,168,说了再见,周杰伦,,4:43,966C718DA96EE29B3B466F773BFA9E2F,958812,https://www.kugou.com/yy/rank/home/8-8888.html?from=rank
2026-08-02,2026-08-02T15:41:49+08:00,酷狗音乐,热歌榜,酷狗TOP500,2026-08-02,169,蒲公英的约定,周杰伦,,4:07,A14373681262867AB43FEF5467F4CC1D,979856,https://www.kugou.com/yy/rank/home/8-8888.html?from=rank
2026-08-02,2026-08-02T15:41:49+08:00,酷狗音乐,热歌榜,酷狗TOP500,2026-08-02,170,谁 (男女扎心合唱),梨子芥菜、戚悦,,3:58,38DAABE4EEA0ADDC04897AC14E15B54E,185936379,https://www.kugou.com/yy/rank/home/8-8888.html?from=rank
2026-08-02,2026-08-02T15:41:49+08:00,酷狗音乐,热歌榜,酷狗TOP500,2026-08-02,171,出现又离开 (Live),梁博,,6:43,DEAB3B0160E9A410CE0AAA9ED8AC602E,19284949,https://www.kugou.com/yy/rank/home/8-8888.html?from=rank
2026-08-02,2026-08-02T15:41:49+08:00,酷狗音乐,热歌榜,酷狗TOP500,2026-08-02,172,成都,赵雷,,5:28,A06B033B356BFC974C5245D0195086A5,1802652,https://www.kugou.com/yy/rank/home/8-8888.html?from=rank
2026-08-02,2026-08-02T15:41:49+08:00,酷狗音乐,热歌榜,酷狗TOP500,2026-08-02,173,茶花开了,王睿卓,,4:30,007A7A8EAFA3FF9EA51EF6A767AC3497,130468077,https://www.kugou.com/yy/rank/home/8-8888.html?from=rank
2026-08-02,2026-08-02T15:41:49+08:00,酷狗音乐,热歌榜,酷狗TOP500,2026-08-02,174,过海,王赫野、黄龄,,3:47,35405E44573EF6D9F2F0AB42AE8BD716,199401816,https://www.kugou.com/yy/rank/home/8-8888.html?from=rank
2026-08-02,2026-08-02T15:41:49+08:00,酷狗音乐,热歌榜,酷狗TOP500,2026-08-02,175,什么是逍遥,王同学Able,,3:28,4BF659E4D3060B52D4F9925AF9D0CA02,45288306,https://www.kugou.com/yy/rank/home/8-8888.html?from=rank
2026-08-02,2026-08-02T15:41:49+08:00,酷狗音乐,热歌榜,酷狗TOP500,2026-08-02,176,冲动的惩罚,刀郎,,7:54,84073718AE6A82366444C3B5AE526FAC,964521,https://www.kugou.com/yy/rank/home/8-8888.html?from=rank
2026-08-02,2026-08-02T15:41:49+08:00,酷狗音乐,热歌榜,酷狗TOP500,2026-08-02,177,烟花易冷,周杰伦,,4:23,B9FC03DF9015D6BFF0554A110BF2C84F,958812,https://www.kugou.com/yy/rank/home/9-8888.html?from=rank
2026-08-02,2026-08-02T15:41:49+08:00,酷狗音乐,热歌榜,酷狗TOP500,2026-08-02,178,可惜没如果,林俊杰,,4:58,57D6EAF8F7E593A2C4B780D8045DE5C1,542795,https://www.kugou.com/yy/rank/home/9-8888.html?from=rank
2026-08-02,2026-08-02T15:41:49+08:00,酷狗音乐,热歌榜,酷狗TOP500,2026-08-02,179,相见恨晚,彭佳慧,,4:15,01214FB85BAF49AB74F10AFA4C363540,977553,https://www.kugou.com/yy/rank/home/9-8888.html?from=rank
2026-08-02,2026-08-02T15:41:49+08:00,酷狗音乐,热歌榜,酷狗TOP500,2026-08-02,180,慢冷 (Live),李荣浩,,2:44,3536800EC50F04EBF68FB22E7AF6B124,59599171,https://www.kugou.com/yy/rank/home/9-8888.html?from=rank
2026-08-02,2026-08-02T15:41:49+08:00,酷狗音乐,热歌榜,酷狗TOP500,2026-08-02,181,枫,周杰伦,,4:36,0D7E8C11C961A17EB8779FEB0CA772E3,958909,https://www.kugou.com/yy/rank/home/9-8888.html?from=rank
2026-08-02,2026-08-02T15:41:49+08:00,酷狗音乐,热歌榜,酷狗TOP500,2026-08-02,182,Баллада (民谣),Xcho、Мот,,3:02,0B2EC37A6E065AD181378AAD27391F8F,91468549,https://www.kugou.com/yy/rank/home/9-8888.html?from=rank
2026-08-02,2026-08-02T15:41:49+08:00,酷狗音乐,热歌榜,酷狗TOP500,2026-08-02,183,Creepin' up on You,Darren Hayes,,4:53,6348CF4041BEE19FAD536C563C32695A,1593407,https://www.kugou.com/yy/rank/home/9-8888.html?from=rank
2026-08-02,2026-08-02T15:41:49+08:00,酷狗音乐,热歌榜,酷狗TOP500,2026-08-02,184,总有一天你会出现在我身边,棱镜乐队,,4:30,8E6A42453EF5B06A87772F8FF4AD5188,10808308,https://www.kugou.com/yy/rank/home/9-8888.html?from=rank
2026-08-02,2026-08-02T15:41:49+08:00,酷狗音乐,热歌榜,酷狗TOP500,2026-08-02,185,我好像在哪见过你,薛之谦,,4:39,6A350E487263733359E7F2B64BD974AC,1747549,https://www.kugou.com/yy/rank/home/9-8888.html?from=rank
2026-08-02,2026-08-02T15:41:49+08:00,酷狗音乐,热歌榜,酷狗TOP500,2026-08-02,186,我是真的爱上你,王杰,,5:03,7C353B672AC945A3FE56022000A239FE,2996801,https://www.kugou.com/yy/rank/home/9-8888.html?from=rank
2026-08-02,2026-08-02T15:41:49+08:00,酷狗音乐,热歌榜,酷狗TOP500,2026-08-02,187,琵琶曲,郑浩、冰洁,,3:55,244A022D6CB3FDE50B24E76402053EB3,180917343,https://www.kugou.com/yy/rank/home/9-8888.html?from=rank
2026-08-02,2026-08-02T15:41:49+08:00,酷狗音乐,热歌榜,酷狗TOP500,2026-08-02,188,租购,薛之谦,,4:31,B96A6102B2238E21C463E96A7D81E840,130133801,https://www.kugou.com/yy/rank/home/9-8888.html?from=rank
2026-08-02,2026-08-02T15:41:49+08:00,酷狗音乐,热歌榜,酷狗TOP500,2026-08-02,189,红颜旧 (氛围版),周深深,,3:48,76FA92299B2443816030D744CF70FA3B,198814170,https://www.kugou.com/yy/rank/home/9-8888.html?from=rank
2026-08-02,2026-08-02T15:41:49+08:00,酷狗音乐,热歌榜,酷狗TOP500,2026-08-02,190,明天过后,张杰,,3:59,5B900D95E79765AE62664BE5C871DD9E,38606351,https://www.kugou.com/yy/rank/home/9-8888.html?from=rank
2026-08-02,2026-08-02T15:41:49+08:00,酷狗音乐,热歌榜,酷狗TOP500,2026-08-02,191,全世界的雨,周深、Ella陈嘉桦,,4:08,88334169DA8F72EFA45C6211FD641737,199401705,https://www.kugou.com/yy/rank/home/9-8888.html?from=rank
2026-08-02,2026-08-02T15:41:49+08:00,酷狗音乐,热歌榜,酷狗TOP500,2026-08-02,192,先说爱的人为什么先离开,田园,,3:40,6379393814B0A74AB7B87B2FA9E87689,107655422,https://www.kugou.com/yy/rank/home/9-8888.html?from=rank
2026-08-02,2026-08-02T15:41:49+08:00,酷狗音乐,热歌榜,酷狗TOP500,2026-08-02,193,是你没选我啊,音乐科代表洪嘉源,,3:07,65D611715B7CC7131E6629F5E1745544,172307133,https://www.kugou.com/yy/rank/home/9-8888.html?from=rank
2026-08-02,2026-08-02T15:41:49+08:00,酷狗音乐,热歌榜,酷狗TOP500,2026-08-02,194,夏天的风,温岚,,4:01,50AF6B58086928F4A94170AFFAA12A2D,2997111,https://www.kugou.com/yy/rank/home/9-8888.html?from=rank
2026-08-02,2026-08-02T15:41:49+08:00,酷狗音乐,热歌榜,酷狗TOP500,2026-08-02,195,爱情转移,陈奕迅,,4:19,A549238FA1B05EABE841DFE110899647,962514,https://www.kugou.com/yy/rank/home/9-8888.html?from=rank
2026-08-02,2026-08-02T15:41:49+08:00,酷狗音乐,热歌榜,酷狗TOP500,2026-08-02,196,是非题,莫文蔚,,4:07,60431D272D830AC994DF2584BA56D196,973717,https://www.kugou.com/yy/rank/home/9-8888.html?from=rank
2026-08-02,2026-08-02T15:41:49+08:00,酷狗音乐,热歌榜,酷狗TOP500,2026-08-02,197,去年夏天,王大毛,,4:05,5CD03A78A74761494A39CADFAA832550,8542577,https://www.kugou.com/yy/rank/home/9-8888.html?from=rank
2026-08-02,2026-08-02T15:41:49+08:00,酷狗音乐,热歌榜,酷狗TOP500,2026-08-02,198,在你的身边,盛哲,,4:22,38698C9A8BB6637CDDE413C6E210FA54,4128050,https://www.kugou.com/yy/rank/home/9-8888.html?from=rank
2026-08-02,2026-08-02T15:41:49+08:00,酷狗音乐,热歌榜,酷狗TOP500,2026-08-02,199,西海情歌,刀郎,,5:43,0E5FB14E78AFF13C2DEF97C814537CB7,984281,https://www.kugou.com/yy/rank/home/10-8888.html?from=rank
2026-08-02,2026-08-02T15:41:49+08:00,酷狗音乐,热歌榜,酷狗TOP500,2026-08-02,200,珊瑚海,周杰伦、Lara梁心颐,,4:16,90E34F0C582168E7EA857915771AB220,958909,https://www.kugou.com/yy/rank/home/10-8888.html?from=rank
2026-08-02,2026-08-02T15:41:49+08:00,酷狗音乐,热歌榜,酷狗TOP500,2026-08-02,201,Radio (Dum-Dum),宋雨琦 (YUQI),,2:32,E8FFC3F649DA4476E2CEABFF3F94D103,140913986,https://www.kugou.com/yy/rank/home/10-8888.html?from=rank
2026-08-02,2026-08-02T15:41:49+08:00,酷狗音乐,热歌榜,酷狗TOP500,2026-08-02,202,勋章,鹿晗,,3:34,6FB3EB3F13CD64DF6E9784F6E487BAB1,2059004,https://www.kugou.com/yy/rank/home/10-8888.html?from=rank
2026-08-02,2026-08-02T15:41:49+08:00,酷狗音乐,热歌榜,酷狗TOP500,2026-08-02,203,下一个天亮,郭静,,4:27,7E2AD47232E7148C642B6836041826C9,971139,https://www.kugou.com/yy/rank/home/10-8888.html?from=rank
2026-08-02,2026-08-02T15:41:49+08:00,酷狗音乐,热歌榜,酷狗TOP500,2026-08-02,204,土坡上的狗尾草,卢润泽,,3:15,5E40742110D3DB109A22BDB1012C6EBB,104913971,https://www.kugou.com/yy/rank/home/10-8888.html?from=rank
2026-08-02,2026-08-02T15:41:49+08:00,酷狗音乐,热歌榜,酷狗TOP500,2026-08-02,205,有何不可,许嵩,,4:01,B3D5D7D3A140628D1605BD392467E348,973251,https://www.kugou.com/yy/rank/home/10-8888.html?from=rank
2026-08-02,2026-08-02T15:41:49+08:00,酷狗音乐,热歌榜,酷狗TOP500,2026-08-02,206,天外来物,薛之谦,,4:17,761C1EAFBD1E22504B487F84D2152DF5,40890018,https://www.kugou.com/yy/rank/home/10-8888.html?from=rank
2026-08-02,2026-08-02T15:41:49+08:00,酷狗音乐,热歌榜,酷狗TOP500,2026-08-02,207,听无声处,周深,,4:14,AF851254B523B8D7B74CC0380202BFAA,201244738,https://www.kugou.com/yy/rank/home/10-8888.html?from=rank
2026-08-02,2026-08-02T15:41:49+08:00,酷狗音乐,热歌榜,酷狗TOP500,2026-08-02,208,如约,周深,,3:56,A1082325C0D33E556D6BB6A4C2BA0C98,200721208,https://www.kugou.com/yy/rank/home/10-8888.html?from=rank
2026-08-02,2026-08-02T15:41:49+08:00,酷狗音乐,热歌榜,酷狗TOP500,2026-08-02,209,IF YOU,BIGBANG,,4:24,33C5FC6AB3AF0B5B142F12C9556CB178,549436,https://www.kugou.com/yy/rank/home/10-8888.html?from=rank
2026-08-02,2026-08-02T15:41:49+08:00,酷狗音乐,热歌榜,酷狗TOP500,2026-08-02,210,岸边客,夏子航（2603）,,4:32,E87EEB7804D4708714E6C38DE1F8E649,161846818,https://www.kugou.com/yy/rank/home/10-8888.html?from=rank
2026-08-02,2026-08-02T15:41:49+08:00,酷狗音乐,热歌榜,酷狗TOP500,2026-08-02,211,我走后,小咪,,4:08,00751DE0946619BCDE4A4E15397F2A15,22216764,https://www.kugou.com/yy/rank/home/10-8888.html?from=rank
2026-08-02,2026-08-02T15:41:49+08:00,酷狗音乐,热歌榜,酷狗TOP500,2026-08-02,212,琵琶行,奇然、沈谧仁,,5:35,0AB355EF75A56A57E1790734B2E26ED9,2563381,https://www.kugou.com/yy/rank/home/10-8888.html?from=rank
2026-08-02,2026-08-02T15:41:49+08:00,酷狗音乐,热歌榜,酷狗TOP500,2026-08-02,213,爱如潮水,张信哲,,4:31,7D372165ED6AD2C00DD2B473529BE9CE,538030,https://www.kugou.com/yy/rank/home/10-8888.html?from=rank
2026-08-02,2026-08-02T15:41:49+08:00,酷狗音乐,热歌榜,酷狗TOP500,2026-08-02,214,如果他真的温柔,郑大钱,,4:01,5FB23F64B70D9A347C99721969F9DD34,197731141,https://www.kugou.com/yy/rank/home/10-8888.html?from=rank
2026-08-02,2026-08-02T15:41:49+08:00,酷狗音乐,热歌榜,酷狗TOP500,2026-08-02,215,讨厌情歌,张艺兴,,2:36,BF165D36608EE35227F9C4E6E1737999,197848865,https://www.kugou.com/yy/rank/home/10-8888.html?from=rank
2026-08-02,2026-08-02T15:41:49+08:00,酷狗音乐,热歌榜,酷狗TOP500,2026-08-02,216,离人赋,云汐,,3:57,321EC3B1BB1D8F1D2EFB7A40AC911CA4,64168081,https://www.kugou.com/yy/rank/home/10-8888.html?from=rank
2026-08-02,2026-08-02T15:41:49+08:00,酷狗音乐,热歌榜,酷狗TOP500,2026-08-02,217,Alive,Blue,,3:40,996EE22D2450A7C7528394F7F98432E6,560693,https://www.kugou.com/yy/rank/home/10-8888.html?from=rank
2026-08-02,2026-08-02T15:41:49+08:00,酷狗音乐,热歌榜,酷狗TOP500,2026-08-02,218,同花顺,林倛玉,,3:57,87C979FC3CBA27D6345528A1BEF05477,8603846,https://www.kugou.com/yy/rank/home/10-8888.html?from=rank
2026-08-02,2026-08-02T15:41:49+08:00,酷狗音乐,热歌榜,酷狗TOP500,2026-08-02,219,最后一页,江语晨,,4:06,EF053996094A323B42C35195E9781A30,1596655,https://www.kugou.com/yy/rank/home/10-8888.html?from=rank
2026-08-02,2026-08-02T15:41:49+08:00,酷狗音乐,热歌榜,酷狗TOP500,2026-08-02,220,冷夜,陈默之,,4:07,DC939521FA5F5736A33765D56B90E03C,84595635,https://www.kugou.com/yy/rank/home/10-8888.html?from=rank
2026-08-02,2026-08-02T15:41:49+08:00,酷狗音乐,热歌榜,酷狗TOP500,2026-08-02,221,我的歌声里,曲婉婷,,3:37,227D8E7B7B6EAF7509BB345A7B718EB2,516422,https://www.kugou.com/yy/rank/home/11-8888.html?from=rank
2026-08-02,2026-08-02T15:41:49+08:00,酷狗音乐,热歌榜,酷狗TOP500,2026-08-02,222,如果可以,韦礼安,,4:34,70425DF5F0C9FCED5E0468189A7F4A70,49958186,https://www.kugou.com/yy/rank/home/11-8888.html?from=rank
2026-08-02,2026-08-02T15:41:49+08:00,酷狗音乐,热歌榜,酷狗TOP500,2026-08-02,223,谁明浪子心,王杰,,5:01,1E54C9C01C9DFC5C68F743368F353711,983991,https://www.kugou.com/yy/rank/home/11-8888.html?from=rank
2026-08-02,2026-08-02T15:41:49+08:00,酷狗音乐,热歌榜,酷狗TOP500,2026-08-02,224,怪我们缘分太浅 (别难过),刘纯,,3:57,4C9C9BFA509C9E16056F13255A6D6FCD,199992101,https://www.kugou.com/yy/rank/home/11-8888.html?from=rank
2026-08-02,2026-08-02T15:41:49+08:00,酷狗音乐,热歌榜,酷狗TOP500,2026-08-02,225,老街,李荣浩,,5:19,30E7F7CCB57EB16D1BE3EC71D7ADB071,964378,https://www.kugou.com/yy/rank/home/11-8888.html?from=rank
2026-08-02,2026-08-02T15:41:49+08:00,酷狗音乐,热歌榜,酷狗TOP500,2026-08-02,226,最长的电影,周杰伦,,3:56,2F6D441163A92AEE5E52B8E94F36A3C7,979856,https://www.kugou.com/yy/rank/home/11-8888.html?from=rank
2026-08-02,2026-08-02T15:41:49+08:00,酷狗音乐,热歌榜,酷狗TOP500,2026-08-02,227,是我不够好,李毓芬,,3:37,2B152C85BA2B73CBC79EA722928EF425,1590098,https://www.kugou.com/yy/rank/home/11-8888.html?from=rank
2026-08-02,2026-08-02T15:41:49+08:00,酷狗音乐,热歌榜,酷狗TOP500,2026-08-02,228,祝福祖国,顿株拉姆,,3:20,4278C1D6B994A3C6313E08270B924D78,200182409,https://www.kugou.com/yy/rank/home/11-8888.html?from=rank
2026-08-02,2026-08-02T15:41:49+08:00,酷狗音乐,热歌榜,酷狗TOP500,2026-08-02,229,太聪明,陈绮贞,,4:23,89101DA817101FEA0C9ECF64EAE2B46F,959335,https://www.kugou.com/yy/rank/home/11-8888.html?from=rank
2026-08-02,2026-08-02T15:41:49+08:00,酷狗音乐,热歌榜,酷狗TOP500,2026-08-02,230,水手,郑智化,,4:53,6DCF10DEA98A7C9F755BE385E822BE05,967718,https://www.kugou.com/yy/rank/home/11-8888.html?from=rank
2026-08-02,2026-08-02T15:41:49+08:00,酷狗音乐,热歌榜,酷狗TOP500,2026-08-02,231,老人与海,海鸣威、吴琼,,4:26,64550F3E833ABE710545EA84FC82754E,1778632,https://www.kugou.com/yy/rank/home/11-8888.html?from=rank
2026-08-02,2026-08-02T15:41:49+08:00,酷狗音乐,热歌榜,酷狗TOP500,2026-08-02,232,忘记时间,胡歌,,4:32,BB2759C850804CB32A55480D85D21080,493001,https://www.kugou.com/yy/rank/home/11-8888.html?from=rank
2026-08-02,2026-08-02T15:41:49+08:00,酷狗音乐,热歌榜,酷狗TOP500,2026-08-02,233,一样的月光,徐佳莹,,4:00,E470A579E87A5436E68FAA51AD18A379,972101,https://www.kugou.com/yy/rank/home/11-8888.html?from=rank
2026-08-02,2026-08-02T15:41:49+08:00,酷狗音乐,热歌榜,酷狗TOP500,2026-08-02,234,蓝莲花,许巍,,4:31,EDCDC42FEE3A4BC8F2ADBAF96ADE9D77,15247919,https://www.kugou.com/yy/rank/home/11-8888.html?from=rank
2026-08-02,2026-08-02T15:41:49+08:00,酷狗音乐,热歌榜,酷狗TOP500,2026-08-02,235,如果当时,许嵩,,5:16,697712B7504DA5541C3ED4D117AE1018,973251,https://www.kugou.com/yy/rank/home/11-8888.html?from=rank
2026-08-02,2026-08-02T15:41:49+08:00,酷狗音乐,热歌榜,酷狗TOP500,2026-08-02,236,不该 (with aMEI),周杰伦、张惠妹,,4:51,FCF336E81DA45A8E696032FFC1708175,1645030,https://www.kugou.com/yy/rank/home/11-8888.html?from=rank
2026-08-02,2026-08-02T15:41:49+08:00,酷狗音乐,热歌榜,酷狗TOP500,2026-08-02,237,牵丝戏,银临、Aki阿杰,,3:59,5E7FF596F7D6021DA63AF36E91BECE4B,568968,https://www.kugou.com/yy/rank/home/11-8888.html?from=rank
2026-08-02,2026-08-02T15:41:49+08:00,酷狗音乐,热歌榜,酷狗TOP500,2026-08-02,238,瞬,郑润泽,,4:45,C06970FDB48E8E1F9BBC7577B7BC1938,75949211,https://www.kugou.com/yy/rank/home/11-8888.html?from=rank
2026-08-02,2026-08-02T15:41:49+08:00,酷狗音乐,热歌榜,酷狗TOP500,2026-08-02,239,飞鸟和蝉,任然,,4:56,EB5F5AF3993F6537F2C70B959F2DCD6B,38339036,https://www.kugou.com/yy/rank/home/11-8888.html?from=rank
2026-08-02,2026-08-02T15:41:49+08:00,酷狗音乐,热歌榜,酷狗TOP500,2026-08-02,240,广东爱情故事,广东雨神,,3:34,7A2956668C7D5393FF16AD930C23F2FD,4162049,https://www.kugou.com/yy/rank/home/11-8888.html?from=rank
2026-08-02,2026-08-02T15:41:49+08:00,酷狗音乐,热歌榜,酷狗TOP500,2026-08-02,241,冬天的秘密,周传雄,,4:33,1088AEEAB9674A49F8067DCDEB1FC1EE,982655,https://www.kugou.com/yy/rank/home/11-8888.html?from=rank
2026-08-02,2026-08-02T15:41:49+08:00,酷狗音乐,热歌榜,酷狗TOP500,2026-08-02,242,梦的翅膀受了伤,蒋雪儿Snow.J,,4:36,7B00B1F90C13C270CE96EA51DA863B96,1965074,https://www.kugou.com/yy/rank/home/11-8888.html?from=rank
2026-08-02,2026-08-02T15:41:49+08:00,酷狗音乐,热歌榜,酷狗TOP500,2026-08-02,243,明明就,周杰伦,,4:20,D85C14E02008B7A2F97D55CDC29C2221,982051,https://www.kugou.com/yy/rank/home/12-8888.html?from=rank
2026-08-02,2026-08-02T15:41:49+08:00,酷狗音乐,热歌榜,酷狗TOP500,2026-08-02,244,平凡之路,朴树,,5:01,2BE5DE80E68B3346918D38CF7527D979,2944963,https://www.kugou.com/yy/rank/home/12-8888.html?from=rank
2026-08-02,2026-08-02T15:41:49+08:00,酷狗音乐,热歌榜,酷狗TOP500,2026-08-02,245,不浪漫罪名,王杰,,4:48,4255D3F001B95B07F2D5BE330D14A780,503247,https://www.kugou.com/yy/rank/home/12-8888.html?from=rank
2026-08-02,2026-08-02T15:41:49+08:00,酷狗音乐,热歌榜,酷狗TOP500,2026-08-02,246,年少有为,李荣浩,,4:39,3A5C1D6CDABB2FDA813F8F8B7E4D08B0,8873395,https://www.kugou.com/yy/rank/home/12-8888.html?from=rank
2026-08-02,2026-08-02T15:41:49+08:00,酷狗音乐,热歌榜,酷狗TOP500,2026-08-02,247,他真的对你好吗,付豪,,4:18,B1B875147F45355FF807402402F5B573,55501876,https://www.kugou.com/yy/rank/home/12-8888.html?from=rank
2026-08-02,2026-08-02T15:41:49+08:00,酷狗音乐,热歌榜,酷狗TOP500,2026-08-02,248,执子之手,宝石Gem、哩哩,,3:10,A84D44A92F427A3198ECEE703B708478,61962429,https://www.kugou.com/yy/rank/home/12-8888.html?from=rank
2026-08-02,2026-08-02T15:41:49+08:00,酷狗音乐,热歌榜,酷狗TOP500,2026-08-02,249,你最近还好吗,Ghost (王琳凯),,3:31,A1ADE90292D40A8A23F54DA5C3B2E96A,35318614,https://www.kugou.com/yy/rank/home/12-8888.html?from=rank
2026-08-02,2026-08-02T15:41:49+08:00,酷狗音乐,热歌榜,酷狗TOP500,2026-08-02,250,再见只是陌生人,庄心妍,,4:12,67F2E5F1B47C2B86E201518FD24D9831,556403,https://www.kugou.com/yy/rank/home/12-8888.html?from=rank
2026-08-02,2026-08-02T15:41:49+08:00,酷狗音乐,热歌榜,酷狗TOP500,2026-08-02,251,是你没选我啊,于冬然,,3:22,885046DF8380B7506A6B12EC8F6E201D,176303736,https://www.kugou.com/yy/rank/home/12-8888.html?from=rank
2026-08-02,2026-08-02T15:41:49+08:00,酷狗音乐,热歌榜,酷狗TOP500,2026-08-02,252,模特,李荣浩,,5:06,87EBC49856D2CB3C04992C9A87E5A5C5,968143,https://www.kugou.com/yy/rank/home/12-8888.html?from=rank
2026-08-02,2026-08-02T15:41:49+08:00,酷狗音乐,热歌榜,酷狗TOP500,2026-08-02,253,喜欢你 (G.E.M.重生版),G.E.M. 邓紫棋,,4:03,AA4D82A7506DE809B7A89F91B73F3E1E,150256944,https://www.kugou.com/yy/rank/home/12-8888.html?from=rank
2026-08-02,2026-08-02T15:41:49+08:00,酷狗音乐,热歌榜,酷狗TOP500,2026-08-02,254,世界上的另一个我,阿肆、郭采洁,,3:58,73C0E5566146583A631C9A94203405D6,4255765,https://www.kugou.com/yy/rank/home/12-8888.html?from=rank
2026-08-02,2026-08-02T15:41:49+08:00,酷狗音乐,热歌榜,酷狗TOP500,2026-08-02,255,第一次爱的人,王心凌,,3:53,38539E18FBB3E9A8DFA84A892CA718F6,979891,https://www.kugou.com/yy/rank/home/12-8888.html?from=rank
2026-08-02,2026-08-02T15:41:49+08:00,酷狗音乐,热歌榜,酷狗TOP500,2026-08-02,256,起风了,买辣椒也用券,,5:26,5C035CBF390FEF6B536020A57749EF70,53218722,https://www.kugou.com/yy/rank/home/12-8888.html?from=rank
2026-08-02,2026-08-02T15:41:49+08:00,酷狗音乐,热歌榜,酷狗TOP500,2026-08-02,257,我们的歌,王力宏,,4:08,4E294957A0D9B72A78B61F3C2A63B6CC,503223,https://www.kugou.com/yy/rank/home/12-8888.html?from=rank
2026-08-02,2026-08-02T15:41:49+08:00,酷狗音乐,热歌榜,酷狗TOP500,2026-08-02,258,忘了你忘了我,王杰,,4:38,95CBD367E98724883CA99874AD626446,962390,https://www.kugou.com/yy/rank/home/12-8888.html?from=rank
2026-08-02,2026-08-02T15:41:49+08:00,酷狗音乐,热歌榜,酷狗TOP500,2026-08-02,259,喜欢,阿肆,,4:10,F4233033E11BEF5AECD3BD64528A8236,14167090,https://www.kugou.com/yy/rank/home/12-8888.html?from=rank
2026-08-02,2026-08-02T15:41:49+08:00,酷狗音乐,热歌榜,酷狗TOP500,2026-08-02,260,没那么简单,黄小琥,,5:08,90D82FB9EB6C1F5385F6F086318EE1FA,962530,https://www.kugou.com/yy/rank/home/12-8888.html?from=rank
2026-08-02,2026-08-02T15:41:49+08:00,酷狗音乐,热歌榜,酷狗TOP500,2026-08-02,261,白鸽乌鸦相爱的戏码,潘成（皮卡潘）,,2:54,1B5005F285D8B7FD083CA61C5753E9DB,100112898,https://www.kugou.com/yy/rank/home/12-8888.html?from=rank
2026-08-02,2026-08-02T15:41:49+08:00,酷狗音乐,热歌榜,酷狗TOP500,2026-08-02,262,秋殇别恋 (男女撕裂对唱),梨子芥菜、戚悦,,4:19,CA8495DA3927226C0A3FBBD6B95B8315,190178204,https://www.kugou.com/yy/rank/home/12-8888.html?from=rank
2026-08-02,2026-08-02T15:41:49+08:00,酷狗音乐,热歌榜,酷狗TOP500,2026-08-02,263,恶作剧,王蓝茵,,3:47,05B893FC78627C3F5635491BBB35167E,720564,https://www.kugou.com/yy/rank/home/12-8888.html?from=rank
2026-08-02,2026-08-02T15:41:49+08:00,酷狗音乐,热歌榜,酷狗TOP500,2026-08-02,264,不甘 (烟嗓微醺版),涂一乐,,3:14,CEE987401D7D2B66C266A7CABC347B94,200143319,https://www.kugou.com/yy/rank/home/12-8888.html?from=rank
2026-08-02,2026-08-02T15:41:49+08:00,酷狗音乐,热歌榜,酷狗TOP500,2026-08-02,265,我记得,赵雷,,5:30,8CE80CF10A01F37354D63E49C1B60B60,60018447,https://www.kugou.com/yy/rank/home/13-8888.html?from=rank
2026-08-02,2026-08-02T15:41:49+08:00,酷狗音乐,热歌榜,酷狗TOP500,2026-08-02,266,座位,于冬然,,3:29,D87A09DB3166215E5DFD4A30C922509E,137485296,https://www.kugou.com/yy/rank/home/13-8888.html?from=rank
2026-08-02,2026-08-02T15:41:49+08:00,酷狗音乐,热歌榜,酷狗TOP500,2026-08-02,267,摇太阳 (雷鬼版),白兰的,,4:32,97915750F2E7DEBEB4E2C7AF4AA7F5A1,183678520,https://www.kugou.com/yy/rank/home/13-8888.html?from=rank
2026-08-02,2026-08-02T15:41:49+08:00,酷狗音乐,热歌榜,酷狗TOP500,2026-08-02,268,不遗憾,李荣浩,,5:20,40CE38D5DB930F404EB26F58978BEC3D,44404137,https://www.kugou.com/yy/rank/home/13-8888.html?from=rank
2026-08-02,2026-08-02T15:41:49+08:00,酷狗音乐,热歌榜,酷狗TOP500,2026-08-02,269,你的承诺,海鸣威,,3:53,B1996C2589FADECA9759A420E1EC3FE3,19347507,https://www.kugou.com/yy/rank/home/13-8888.html?from=rank
2026-08-02,2026-08-02T15:41:49+08:00,酷狗音乐,热歌榜,酷狗TOP500,2026-08-02,270,倒数,G.E.M. 邓紫棋,,3:49,65945C4D6FB03D7997AE133C9BE5715D,9373625,https://www.kugou.com/yy/rank/home/13-8888.html?from=rank
2026-08-02,2026-08-02T15:41:49+08:00,酷狗音乐,热歌榜,酷狗TOP500,2026-08-02,271,坠落,蔡健雅,,4:10,233254CB517BAA74387361C2158519DA,974379,https://www.kugou.com/yy/rank/home/13-8888.html?from=rank
2026-08-02,2026-08-02T15:41:49+08:00,酷狗音乐,热歌榜,酷狗TOP500,2026-08-02,272,感谢你曾来过,Ayo97、周思涵,,4:10,39DCBBDCB0B377628BEF5FD48EF01254,9101627,https://www.kugou.com/yy/rank/home/13-8888.html?from=rank
2026-08-02,2026-08-02T15:41:49+08:00,酷狗音乐,热歌榜,酷狗TOP500,2026-08-02,273,你还要我怎样,薛之谦,,5:11,8C6AAC48FB5C3759042E4C8699544C6F,960327,https://www.kugou.com/yy/rank/home/13-8888.html?from=rank
2026-08-02,2026-08-02T15:41:49+08:00,酷狗音乐,热歌榜,酷狗TOP500,2026-08-02,274,也许在下雨天 (眼泪才不被看见),何遇Hayu、Crybird,,3:47,18D96FA29BBCB2873400BEAB17B817CF,194623547,https://www.kugou.com/yy/rank/home/13-8888.html?from=rank
2026-08-02,2026-08-02T15:41:49+08:00,酷狗音乐,热歌榜,酷狗TOP500,2026-08-02,275,想你的夜,关喆,,4:25,1404A292A6E122C99696BDFF04CE982F,963737,https://www.kugou.com/yy/rank/home/13-8888.html?from=rank
2026-08-02,2026-08-02T15:41:49+08:00,酷狗音乐,热歌榜,酷狗TOP500,2026-08-02,276,一直下,陈宇祥,,2:59,90D1389A725B29EDA4714BACB6450C94,198016246,https://www.kugou.com/yy/rank/home/13-8888.html?from=rank
2026-08-02,2026-08-02T15:41:49+08:00,酷狗音乐,热歌榜,酷狗TOP500,2026-08-02,277,真的爱你,BEYOND,,4:35,C46916711631EA28508A41C325A74E1B,971451,https://www.kugou.com/yy/rank/home/13-8888.html?from=rank
2026-08-02,2026-08-02T15:41:49+08:00,酷狗音乐,热歌榜,酷狗TOP500,2026-08-02,278,偏偏喜欢你,陈百强,,3:32,D186383AA965D13601CFF4857F844FEE,983655,https://www.kugou.com/yy/rank/home/13-8888.html?from=rank
2026-08-02,2026-08-02T15:41:49+08:00,酷狗音乐,热歌榜,酷狗TOP500,2026-08-02,279,Lonely,Nana,,6:21,3514D26D3754FAF4949A3C40F4BBDA63,45833884,https://www.kugou.com/yy/rank/home/13-8888.html?from=rank
2026-08-02,2026-08-02T15:41:49+08:00,酷狗音乐,热歌榜,酷狗TOP500,2026-08-02,280,不能说的秘密,周杰伦,,4:57,EDFC5DD1AC3D58971AB95B3E2700D015,554150,https://www.kugou.com/yy/rank/home/13-8888.html?from=rank
2026-08-02,2026-08-02T15:41:49+08:00,酷狗音乐,热歌榜,酷狗TOP500,2026-08-02,281,落空,印子月,,3:53,F2823FEC8D01EDE2587ED3D32F787782,15394482,https://www.kugou.com/yy/rank/home/13-8888.html?from=rank
2026-08-02,2026-08-02T15:41:49+08:00,酷狗音乐,热歌榜,酷狗TOP500,2026-08-02,282,august,Taylor Swift,,4:22,9A0D270E60A5B85B02BA9C75DE815528,38627144,https://www.kugou.com/yy/rank/home/13-8888.html?from=rank
2026-08-02,2026-08-02T15:41:49+08:00,酷狗音乐,热歌榜,酷狗TOP500,2026-08-02,283,无名的人,毛不易,,4:42,525A854C4A4EDF63CAF528D693F69CE0,51231315,https://www.kugou.com/yy/rank/home/13-8888.html?from=rank
2026-08-02,2026-08-02T15:41:49+08:00,酷狗音乐,热歌榜,酷狗TOP500,2026-08-02,284,最爱,周慧敏,,4:25,DBC221919A9686F684F90E1920179363,568311,https://www.kugou.com/yy/rank/home/13-8888.html?from=rank
2026-08-02,2026-08-02T15:41:49+08:00,酷狗音乐,热歌榜,酷狗TOP500,2026-08-02,285,陷阱,王北车,,4:41,2FA2217B2F80DFE16F0421E1EF42AEB3,8747471,https://www.kugou.com/yy/rank/home/13-8888.html?from=rank
2026-08-02,2026-08-02T15:41:49+08:00,酷狗音乐,热歌榜,酷狗TOP500,2026-08-02,286,其实雨也没多大 (对唱版),万豹、羊羊,,3:46,3DCAD49A6417CF61F031111716AB1572,164325869,https://www.kugou.com/yy/rank/home/13-8888.html?from=rank
2026-08-02,2026-08-02T15:41:49+08:00,酷狗音乐,热歌榜,酷狗TOP500,2026-08-02,287,NIGHT DANCER (夜中舞者),imase,,3:31,572C3807BF90891332ED77A72DB74272,59918395,https://www.kugou.com/yy/rank/home/14-8888.html?from=rank
2026-08-02,2026-08-02T15:41:49+08:00,酷狗音乐,热歌榜,酷狗TOP500,2026-08-02,288,麻雀,李荣浩,,4:13,2E4C5A85A751AF5A0B200D5AA0629226,34731198,https://www.kugou.com/yy/rank/home/14-8888.html?from=rank
2026-08-02,2026-08-02T15:41:49+08:00,酷狗音乐,热歌榜,酷狗TOP500,2026-08-02,289,简单爱,周杰伦,,4:30,6E44CE19BE5872384FA184B995CCE23B,958706,https://www.kugou.com/yy/rank/home/14-8888.html?from=rank
2026-08-02,2026-08-02T15:41:49+08:00,酷狗音乐,热歌榜,酷狗TOP500,2026-08-02,290,Love Story,Taylor Swift,,3:56,193B72D4456A4CC02A3DE7C673FC4E23,13721135,https://www.kugou.com/yy/rank/home/14-8888.html?from=rank
2026-08-02,2026-08-02T15:41:49+08:00,酷狗音乐,热歌榜,酷狗TOP500,2026-08-02,291,别说你还深深爱着我,婉婷、杨烬,,3:45,0938FF862C986F6A93B4A7657CAA1125,195023851,https://www.kugou.com/yy/rank/home/14-8888.html?from=rank
2026-08-02,2026-08-02T15:41:49+08:00,酷狗音乐,热歌榜,酷狗TOP500,2026-08-02,292,九百九十九朵玫瑰 (r&b),落日微醺,,4:07,0969B2B26405C8DDEC7C72292F794D48,184352572,https://www.kugou.com/yy/rank/home/14-8888.html?from=rank
2026-08-02,2026-08-02T15:41:49+08:00,酷狗音乐,热歌榜,酷狗TOP500,2026-08-02,293,哼着你爱听的歌 (女版),田园,,3:20,37B0685181098FB8427291594EDBC8CD,162686180,https://www.kugou.com/yy/rank/home/14-8888.html?from=rank
2026-08-02,2026-08-02T15:41:49+08:00,酷狗音乐,热歌榜,酷狗TOP500,2026-08-02,294,英雄出处,高冷,,3:19,9CBBBCAAF22AA9C5A0D203C5924B3854,198302448,https://www.kugou.com/yy/rank/home/14-8888.html?from=rank
2026-08-02,2026-08-02T15:41:49+08:00,酷狗音乐,热歌榜,酷狗TOP500,2026-08-02,295,还爱着你,文夫,,3:52,A61924D891C970A28150FDF9E5E56C53,171019019,https://www.kugou.com/yy/rank/home/14-8888.html?from=rank
2026-08-02,2026-08-02T15:41:49+08:00,酷狗音乐,热歌榜,酷狗TOP500,2026-08-02,296,你就不要想起我,田馥甄,,4:41,33E67CD9B775093E93CBABBD649DF087,965595,https://www.kugou.com/yy/rank/home/14-8888.html?from=rank
2026-08-02,2026-08-02T15:41:49+08:00,酷狗音乐,热歌榜,酷狗TOP500,2026-08-02,297,迷人的危险,Dance Flow,,3:26,0F666EF632DB9404308219BE5AAE43B4,551560,https://www.kugou.com/yy/rank/home/14-8888.html?from=rank
2026-08-02,2026-08-02T15:41:49+08:00,酷狗音乐,热歌榜,酷狗TOP500,2026-08-02,298,一生所爱,卢冠廷、莫文蔚,,4:34,C965B31DB9B5F4E4DB94DC071830C78F,3995801,https://www.kugou.com/yy/rank/home/14-8888.html?from=rank
2026-08-02,2026-08-02T15:41:49+08:00,酷狗音乐,热歌榜,酷狗TOP500,2026-08-02,299,遗留在岁月的曾经,曲木老表,,3:49,4C1A5D2BD02B857C72364B1416124256,167884062,https://www.kugou.com/yy/rank/home/14-8888.html?from=rank
2026-08-02,2026-08-02T15:41:49+08:00,酷狗音乐,热歌榜,酷狗TOP500,2026-08-02,300,大海,张雨生,,4:40,BF8252BEAE57AEB53490145CA8E81BB4,967705,https://www.kugou.com/yy/rank/home/14-8888.html?from=rank
2026-08-02,2026-08-02T15:41:49+08:00,酷狗音乐,热歌榜,酷狗TOP500,2026-08-02,301,断点,张敬轩,,4:28,2C2A571D91FF7BF6FE814887FFA7E592,2996592,https://www.kugou.com/yy/rank/home/14-8888.html?from=rank
2026-08-02,2026-08-02T15:41:49+08:00,酷狗音乐,热歌榜,酷狗TOP500,2026-08-02,302,爱你太多,刘一手,,3:41,284D6DEC3BF7D23E0EA79B5C70C3F2D1,201304866,https://www.kugou.com/yy/rank/home/14-8888.html?from=rank
2026-08-02,2026-08-02T15:41:49+08:00,酷狗音乐,热歌榜,酷狗TOP500,2026-08-02,303,背着风流泪,文夫,,4:14,93313560CDE28F74AA7D2894E3C4D7F7,146986506,https://www.kugou.com/yy/rank/home/14-8888.html?from=rank
2026-08-02,2026-08-02T15:41:49+08:00,酷狗音乐,热歌榜,酷狗TOP500,2026-08-02,304,爱，请问怎么走,A-Lin,,4:28,D67CB2EA6082D5AB871509EC06B48370,964045,https://www.kugou.com/yy/rank/home/14-8888.html?from=rank
2026-08-02,2026-08-02T15:41:49+08:00,酷狗音乐,热歌榜,酷狗TOP500,2026-08-02,305,半岛铁盒,周杰伦,,5:19,67BA8A4A0681F2078BC423CB13B904B7,961807,https://www.kugou.com/yy/rank/home/14-8888.html?from=rank
2026-08-02,2026-08-02T15:41:49+08:00,酷狗音乐,热歌榜,酷狗TOP500,2026-08-02,306,Letting Go,蔡健雅,,4:23,326CBB23BAA90062047512376AA406A4,978874,https://www.kugou.com/yy/rank/home/14-8888.html?from=rank
2026-08-02,2026-08-02T15:41:49+08:00,酷狗音乐,热歌榜,酷狗TOP500,2026-08-02,307,左转灯 (1000 Times +1),派伟俊、mac ova seas,,3:17,E51ABAF534E7D2BA42DB5604421D4838,164658305,https://www.kugou.com/yy/rank/home/14-8888.html?from=rank
2026-08-02,2026-08-02T15:41:49+08:00,酷狗音乐,热歌榜,酷狗TOP500,2026-08-02,308,见山河,刘宇宁,,4:14,080BD4AB6E6F09A5DDD715863D0DEFC3,200755323,https://www.kugou.com/yy/rank/home/14-8888.html?from=rank
2026-08-02,2026-08-02T15:41:49+08:00,酷狗音乐,热歌榜,酷狗TOP500,2026-08-02,309,锈 (Live),黄霄雲、TF_ING张子墨,,3:49,4E3B5CC21C7C2576BD2D1D93A2802CCB,201660223,https://www.kugou.com/yy/rank/home/15-8888.html?from=rank
2026-08-02,2026-08-02T15:41:49+08:00,酷狗音乐,热歌榜,酷狗TOP500,2026-08-02,310,遗失的心跳,萧亚轩,,3:37,54C1A6E877BB37D052A86D4C41604FE7,521727,https://www.kugou.com/yy/rank/home/15-8888.html?from=rank
2026-08-02,2026-08-02T15:41:49+08:00,酷狗音乐,热歌榜,酷狗TOP500,2026-08-02,311,我借 (御姐版),铁锤夫妇,,4:07,EC2F26754FED82D125388E7B27D536AA,197901242,https://www.kugou.com/yy/rank/home/15-8888.html?from=rank
2026-08-02,2026-08-02T15:41:49+08:00,酷狗音乐,热歌榜,酷狗TOP500,2026-08-02,312,petal,Ariana Grande,,3:04,BAFE284867B0E8DB53CD63FE14DCE59A,201622484,https://www.kugou.com/yy/rank/home/15-8888.html?from=rank
2026-08-02,2026-08-02T15:41:49+08:00,酷狗音乐,热歌榜,酷狗TOP500,2026-08-02,313,美丽心情,刘惜君,,4:13,CD2D71E38BF94B31CC89E1C83BE8C255,8624759,https://www.kugou.com/yy/rank/home/15-8888.html?from=rank
2026-08-02,2026-08-02T15:41:49+08:00,酷狗音乐,热歌榜,酷狗TOP500,2026-08-02,314,那些你很冒险的梦,林俊杰,,4:05,468A823BD25A585841F4BC5ED3EF945B,977237,https://www.kugou.com/yy/rank/home/15-8888.html?from=rank
2026-08-02,2026-08-02T15:41:49+08:00,酷狗音乐,热歌榜,酷狗TOP500,2026-08-02,315,刚刚好,薛之谦,,4:11,956EEC514146039E6D6A16B30DD64A7B,1747549,https://www.kugou.com/yy/rank/home/15-8888.html?from=rank
2026-08-02,2026-08-02T15:41:49+08:00,酷狗音乐,热歌榜,酷狗TOP500,2026-08-02,316,搀扶,马健涛,,5:28,D95AE3CC810BB62D28505AE1510C329F,130332417,https://www.kugou.com/yy/rank/home/15-8888.html?from=rank
2026-08-02,2026-08-02T15:41:49+08:00,酷狗音乐,热歌榜,酷狗TOP500,2026-08-02,317,天地龙鳞,王力宏,,3:17,DD83DC4A30C3A05D60FFCE6944FB441C,50749156,https://www.kugou.com/yy/rank/home/15-8888.html?from=rank
2026-08-02,2026-08-02T15:41:49+08:00,酷狗音乐,热歌榜,酷狗TOP500,2026-08-02,318,远走高飞 (独唱版),金志文,,4:02,7196122D828128AF3173560B82528092,2139938,https://www.kugou.com/yy/rank/home/15-8888.html?from=rank
2026-08-02,2026-08-02T15:41:49+08:00,酷狗音乐,热歌榜,酷狗TOP500,2026-08-02,319,吹梦到西洲,昭爻tsuki、千世,,5:15,FB50469DA48A8CE34532F2888578B7B8,25402785,https://www.kugou.com/yy/rank/home/15-8888.html?from=rank
2026-08-02,2026-08-02T15:41:49+08:00,酷狗音乐,热歌榜,酷狗TOP500,2026-08-02,320,红豆,王菲,,4:16,AEF916A18BAAE9C8E7807179C8DA64D1,960812,https://www.kugou.com/yy/rank/home/15-8888.html?from=rank
2026-08-02,2026-08-02T15:41:49+08:00,酷狗音乐,热歌榜,酷狗TOP500,2026-08-02,321,I Miss You (暗黑Trap版),超级大瓜,,2:56,D04E732B1310DF5536506CEF6826A96A,197475978,https://www.kugou.com/yy/rank/home/15-8888.html?from=rank
2026-08-02,2026-08-02T15:41:49+08:00,酷狗音乐,热歌榜,酷狗TOP500,2026-08-02,322,雪下的时候,乔佳旭,,4:24,F6B3AA5971A01E755A344C2256606418,35913748,https://www.kugou.com/yy/rank/home/15-8888.html?from=rank
2026-08-02,2026-08-02T15:41:49+08:00,酷狗音乐,热歌榜,酷狗TOP500,2026-08-02,323,只为你着迷,李秉成,,4:01,C2F47FB042D8FE6A2B5265DFCF8919A5,11795396,https://www.kugou.com/yy/rank/home/15-8888.html?from=rank
2026-08-02,2026-08-02T15:41:49+08:00,酷狗音乐,热歌榜,酷狗TOP500,2026-08-02,324,也许在下雨天 (对唱版),红小乐、王一佳,,3:47,A2A29E71663ADD0691782EA9F0399118,199516804,https://www.kugou.com/yy/rank/home/15-8888.html?from=rank
2026-08-02,2026-08-02T15:41:49+08:00,酷狗音乐,热歌榜,酷狗TOP500,2026-08-02,325,Because of You,Kelly Clarkson,,3:39,FED9A7BE6BC7D2FF3B8426ECEF34A2B6,1592158,https://www.kugou.com/yy/rank/home/15-8888.html?from=rank
2026-08-02,2026-08-02T15:41:49+08:00,酷狗音乐,热歌榜,酷狗TOP500,2026-08-02,326,不潮不用花钱,林俊杰,,3:54,5A84BBA4C673BEA45083C521ADF366AF,963179,https://www.kugou.com/yy/rank/home/15-8888.html?from=rank
2026-08-02,2026-08-02T15:41:49+08:00,酷狗音乐,热歌榜,酷狗TOP500,2026-08-02,327,句号,G.E.M. 邓紫棋,,3:56,0EC0DFE7A4090B3C5C2C1831D7F3ED51,35503028,https://www.kugou.com/yy/rank/home/15-8888.html?from=rank
2026-08-02,2026-08-02T15:41:49+08:00,酷狗音乐,热歌榜,酷狗TOP500,2026-08-02,328,静音恋人 (两颗缠绕的心),礼越,,3:26,61F7ABEFA41C847C8F237C68883027CA,183361126,https://www.kugou.com/yy/rank/home/15-8888.html?from=rank
2026-08-02,2026-08-02T15:41:49+08:00,酷狗音乐,热歌榜,酷狗TOP500,2026-08-02,329,虚拟,陈粒,,4:01,AEF0740270FE89918F07807C8D669FB7,1749208,https://www.kugou.com/yy/rank/home/15-8888.html?from=rank
2026-08-02,2026-08-02T15:41:49+08:00,酷狗音乐,热歌榜,酷狗TOP500,2026-08-02,330,好久不见,陈奕迅,,4:11,8E1DDAF172D9C60A28C19358B07BFBF8,962514,https://www.kugou.com/yy/rank/home/15-8888.html?from=rank
2026-08-02,2026-08-02T15:41:49+08:00,酷狗音乐,热歌榜,酷狗TOP500,2026-08-02,331,月亮照山川,窝窝,,3:18,B96C803232E044E3D6308EAE37ADDE1D,142338715,https://www.kugou.com/yy/rank/home/16-8888.html?from=rank
2026-08-02,2026-08-02T15:41:49+08:00,酷狗音乐,热歌榜,酷狗TOP500,2026-08-02,332,天下,张杰,,3:42,17B11C65674378CA43995537331E1D9C,38606351,https://www.kugou.com/yy/rank/home/16-8888.html?from=rank
2026-08-02,2026-08-02T15:41:49+08:00,酷狗音乐,热歌榜,酷狗TOP500,2026-08-02,333,好人好梦 (雷鬼版),雷鬼白兰的,,3:54,9E76F7AAA7D90F00210E1FD871F6EAB4,195530127,https://www.kugou.com/yy/rank/home/16-8888.html?from=rank
2026-08-02,2026-08-02T15:41:49+08:00,酷狗音乐,热歌榜,酷狗TOP500,2026-08-02,334,如果爱忘了 (Live),汪苏泷、单依纯,,4:05,50F260DC0A2E7203A1AB89E1937F3927,83718089,https://www.kugou.com/yy/rank/home/16-8888.html?from=rank
2026-08-02,2026-08-02T15:41:49+08:00,酷狗音乐,热歌榜,酷狗TOP500,2026-08-02,335,记事本,陈慧琳,,4:11,26684870E2CE3936A3D72559F67C0606,2996651,https://www.kugou.com/yy/rank/home/16-8888.html?from=rank
2026-08-02,2026-08-02T15:41:49+08:00,酷狗音乐,热歌榜,酷狗TOP500,2026-08-02,336,夏夜最后的烟火,颜人中,,4:40,4E418EDAB22093B51C78C81C0A8C9B31,39949767,https://www.kugou.com/yy/rank/home/16-8888.html?from=rank
2026-08-02,2026-08-02T15:41:49+08:00,酷狗音乐,热歌榜,酷狗TOP500,2026-08-02,337,若今生无缘 (若今生已无缘),万海东,,3:40,E74F4CC22263126EDD4A721AD0D0D0A8,195038536,https://www.kugou.com/yy/rank/home/16-8888.html?from=rank
2026-08-02,2026-08-02T15:41:49+08:00,酷狗音乐,热歌榜,酷狗TOP500,2026-08-02,338,故乡,许巍,,5:14,9EFC9C93AB181E42113F226DFCFA454D,971568,https://www.kugou.com/yy/rank/home/16-8888.html?from=rank
2026-08-02,2026-08-02T15:41:49+08:00,酷狗音乐,热歌榜,酷狗TOP500,2026-08-02,339,西乌旗99号公路,LunaLiu刘不语、张川海,,3:29,F65BB0D87F5543387A50AEEBF55A1E8A,185310075,https://www.kugou.com/yy/rank/home/16-8888.html?from=rank
2026-08-02,2026-08-02T15:41:49+08:00,酷狗音乐,热歌榜,酷狗TOP500,2026-08-02,340,半点心,草蜢,,3:52,6DF94BFD206BB819120C0D021B93EDBC,564642,https://www.kugou.com/yy/rank/home/16-8888.html?from=rank
2026-08-02,2026-08-02T15:41:49+08:00,酷狗音乐,热歌榜,酷狗TOP500,2026-08-02,341,不负众望,陈婉菁,,3:55,B54BD54DD6B27B311A9F7E2CF9505D3E,62005607,https://www.kugou.com/yy/rank/home/16-8888.html?from=rank
2026-08-02,2026-08-02T15:41:49+08:00,酷狗音乐,热歌榜,酷狗TOP500,2026-08-02,342,我听人说思念像风一样 (你看 起风了),KAI,,3:32,AE8B438E919935F2C81D91978E302CA7,200170880,https://www.kugou.com/yy/rank/home/16-8888.html?from=rank
2026-08-02,2026-08-02T15:41:49+08:00,酷狗音乐,热歌榜,酷狗TOP500,2026-08-02,343,暧昧,薛之谦,,5:12,B3A4E466F13F44FA0B91FA4EB8E6DECA,7818079,https://www.kugou.com/yy/rank/home/16-8888.html?from=rank
2026-08-02,2026-08-02T15:41:49+08:00,酷狗音乐,热歌榜,酷狗TOP500,2026-08-02,344,That Girl,Olly Murs,,2:57,B32C3C7FA2452E7338BFC6F2283FE8ED,1820815,https://www.kugou.com/yy/rank/home/16-8888.html?from=rank
2026-08-02,2026-08-02T15:41:49+08:00,酷狗音乐,热歌榜,酷狗TOP500,2026-08-02,345,光年之外 (G.E.M.重生版),G.E.M. 邓紫棋,,3:55,B0EB2A1CC6832B3596E0D71E3CAFCD5F,150256944,https://www.kugou.com/yy/rank/home/16-8888.html?from=rank
2026-08-02,2026-08-02T15:41:49+08:00,酷狗音乐,热歌榜,酷狗TOP500,2026-08-02,346,不再犹豫,BEYOND,,4:15,C477FE5B38147B7522DFCF3DC5BB8A6B,8176296,https://www.kugou.com/yy/rank/home/16-8888.html?from=rank
2026-08-02,2026-08-02T15:41:49+08:00,酷狗音乐,热歌榜,酷狗TOP500,2026-08-02,347,爱我还是他,陶喆,,4:53,004A93C3A157D825B92A91EEB17DA36A,7547427,https://www.kugou.com/yy/rank/home/16-8888.html?from=rank
2026-08-02,2026-08-02T15:41:49+08:00,酷狗音乐,热歌榜,酷狗TOP500,2026-08-02,348,unhappy,s0rrow,,1:38,F7F1E29418D6C944163FA5F1B9730B08,171727951,https://www.kugou.com/yy/rank/home/16-8888.html?from=rank
2026-08-02,2026-08-02T15:41:49+08:00,酷狗音乐,热歌榜,酷狗TOP500,2026-08-02,349,Take Me to Your Heart,Michael Learns To Rock,,3:59,97ED0BF75D3D6EEB97A326073F503AC8,561642,https://www.kugou.com/yy/rank/home/16-8888.html?from=rank
2026-08-02,2026-08-02T15:41:49+08:00,酷狗音乐,热歌榜,酷狗TOP500,2026-08-02,350,再见,张震岳,,3:31,BF7E5BC14D95F2F4DD6932097168D3FF,1746826,https://www.kugou.com/yy/rank/home/16-8888.html?from=rank
2026-08-02,2026-08-02T15:41:49+08:00,酷狗音乐,热歌榜,酷狗TOP500,2026-08-02,351,他不懂,张杰,,3:52,BA40D69184A05D7BCD335028C5C613BE,38606351,https://www.kugou.com/yy/rank/home/16-8888.html?from=rank
2026-08-02,2026-08-02T15:41:49+08:00,酷狗音乐,热歌榜,酷狗TOP500,2026-08-02,352,求佛,誓言,,4:46,7B7140B23A836DC6EE63B6CD48482402,7614,https://www.kugou.com/yy/rank/home/16-8888.html?from=rank
2026-08-02,2026-08-02T15:41:49+08:00,酷狗音乐,热歌榜,酷狗TOP500,2026-08-02,353,求求你别再说爱我,杨不乖,,3:30,B847847C32E0A77E3AF6833B765EE836,200754416,https://www.kugou.com/yy/rank/home/17-8888.html?from=rank
2026-08-02,2026-08-02T15:41:49+08:00,酷狗音乐,热歌榜,酷狗TOP500,2026-08-02,354,"Baby, Don't Cry (人鱼的眼泪)(Chinese Ver.)",EXO,,3:56,B692ED61ED4DDE69C50EB8B975D4E04D,22436133,https://www.kugou.com/yy/rank/home/17-8888.html?from=rank
2026-08-02,2026-08-02T15:41:49+08:00,酷狗音乐,热歌榜,酷狗TOP500,2026-08-02,355,阿衣莫,阿吉太组合,,5:14,000B4DC2694B23AD4258EE551A00C599,4138802,https://www.kugou.com/yy/rank/home/17-8888.html?from=rank
2026-08-02,2026-08-02T15:41:49+08:00,酷狗音乐,热歌榜,酷狗TOP500,2026-08-02,356,可能,程响,,3:37,38B234C1135A5E9A4C98D55C058A4894,57727291,https://www.kugou.com/yy/rank/home/17-8888.html?from=rank
2026-08-02,2026-08-02T15:41:49+08:00,酷狗音乐,热歌榜,酷狗TOP500,2026-08-02,357,你有没有真的爱过我 (对唱版),阿图表妹、寂寞阿图,,4:03,3C425FC4496E67468562CA377D7F2B23,190170015,https://www.kugou.com/yy/rank/home/17-8888.html?from=rank
2026-08-02,2026-08-02T15:41:49+08:00,酷狗音乐,热歌榜,酷狗TOP500,2026-08-02,358,回到小村落,宋盐球,,3:45,AF27C3A04E82042F66D51EF604B47AD5,200330995,https://www.kugou.com/yy/rank/home/17-8888.html?from=rank
2026-08-02,2026-08-02T15:41:49+08:00,酷狗音乐,热歌榜,酷狗TOP500,2026-08-02,359,再爱你也没用,范贵宾,,3:29,BDBD97AB8C5069D49A5159EB7EC60A72,197763885,https://www.kugou.com/yy/rank/home/17-8888.html?from=rank
2026-08-02,2026-08-02T15:41:49+08:00,酷狗音乐,热歌榜,酷狗TOP500,2026-08-02,360,倒带,蔡依林,,4:26,446507D2332BC3F263596363A97C6E95,976925,https://www.kugou.com/yy/rank/home/17-8888.html?from=rank
2026-08-02,2026-08-02T15:41:49+08:00,酷狗音乐,热歌榜,酷狗TOP500,2026-08-02,361,容易受伤的女人,王菲,,4:21,C4BDD79D611789B65B368283D4DDAB0F,980244,https://www.kugou.com/yy/rank/home/17-8888.html?from=rank
2026-08-02,2026-08-02T15:41:49+08:00,酷狗音乐,热歌榜,酷狗TOP500,2026-08-02,362,不分手的恋爱,汪苏泷,,3:26,543A6E13C527E52886E51BBF14191C8F,37376237,https://www.kugou.com/yy/rank/home/17-8888.html?from=rank
2026-08-02,2026-08-02T15:41:49+08:00,酷狗音乐,热歌榜,酷狗TOP500,2026-08-02,363,匿名的好友,杨丞琳,,4:23,F9CE6B13B4C90B01B3C129FF11B11C87,2694607,https://www.kugou.com/yy/rank/home/17-8888.html?from=rank
2026-08-02,2026-08-02T15:41:49+08:00,酷狗音乐,热歌榜,酷狗TOP500,2026-08-02,364,像鱼,王贰浪,,4:45,6215C5A85B30E53C2E4C20C4DED38D72,13621986,https://www.kugou.com/yy/rank/home/17-8888.html?from=rank
2026-08-02,2026-08-02T15:41:49+08:00,酷狗音乐,热歌榜,酷狗TOP500,2026-08-02,365,爱你没差,周杰伦,,4:41,66F31869BBAA767A929F35EEE1CCC5C9,982051,https://www.kugou.com/yy/rank/home/17-8888.html?from=rank
2026-08-02,2026-08-02T15:41:49+08:00,酷狗音乐,热歌榜,酷狗TOP500,2026-08-02,366,雀跃,任然、小来,,3:56,6F07E18E17B811C4931349D7D87C1A43,2820318,https://www.kugou.com/yy/rank/home/17-8888.html?from=rank
2026-08-02,2026-08-02T15:41:49+08:00,酷狗音乐,热歌榜,酷狗TOP500,2026-08-02,367,一个人想着一个人,曾沛慈,,4:04,C9148675D85D3C2B306E966000BC5ABD,542900,https://www.kugou.com/yy/rank/home/17-8888.html?from=rank
2026-08-02,2026-08-02T15:41:49+08:00,酷狗音乐,热歌榜,酷狗TOP500,2026-08-02,368,跨不过的距离,虎二,,4:31,FED5892036FBD176F6FEAE973C565E59,38209191,https://www.kugou.com/yy/rank/home/17-8888.html?from=rank
2026-08-02,2026-08-02T15:41:49+08:00,酷狗音乐,热歌榜,酷狗TOP500,2026-08-02,369,不负,迟木,,2:34,75CCC65F3CBFD5A54EF6FEE8703A793D,201404157,https://www.kugou.com/yy/rank/home/17-8888.html?from=rank
2026-08-02,2026-08-02T15:41:49+08:00,酷狗音乐,热歌榜,酷狗TOP500,2026-08-02,370,我落泪情绪零碎,周杰伦,,4:18,27943EB1CBD46F7BB165B054CE6EBDC8,958812,https://www.kugou.com/yy/rank/home/17-8888.html?from=rank
2026-08-02,2026-08-02T15:41:49+08:00,酷狗音乐,热歌榜,酷狗TOP500,2026-08-02,371,手写的从前,周杰伦,,4:58,C1992BBF6FB5BB2BB86DECF657509FD3,962593,https://www.kugou.com/yy/rank/home/17-8888.html?from=rank
2026-08-02,2026-08-02T15:41:49+08:00,酷狗音乐,热歌榜,酷狗TOP500,2026-08-02,372,走走,李荣浩,,5:04,0BD5B6F56CED35BB3380425EC02E1098,106374641,https://www.kugou.com/yy/rank/home/17-8888.html?from=rank
2026-08-02,2026-08-02T15:41:49+08:00,酷狗音乐,热歌榜,酷狗TOP500,2026-08-02,373,锈,江辰,,3:42,999A93FD5D7B34A72831CE5CCCC3D0EE,130013955,https://www.kugou.com/yy/rank/home/17-8888.html?from=rank
2026-08-02,2026-08-02T15:41:49+08:00,酷狗音乐,热歌榜,酷狗TOP500,2026-08-02,374,麦恩莉,方大同,,4:48,3A08C7B067EC2E9B552AB8664490FCEB,971920,https://www.kugou.com/yy/rank/home/17-8888.html?from=rank
2026-08-02,2026-08-02T15:41:49+08:00,酷狗音乐,热歌榜,酷狗TOP500,2026-08-02,375,我曾,菜园子不CAi,,3:09,F446EE01D14CC4395D0BBC3832088A1D,199368733,https://www.kugou.com/yy/rank/home/18-8888.html?from=rank
2026-08-02,2026-08-02T15:41:49+08:00,酷狗音乐,热歌榜,酷狗TOP500,2026-08-02,376,晚风心里吹,阿梨粤,,3:07,DFFB8F6768AC5044881BB6DD11BDED53,55808898,https://www.kugou.com/yy/rank/home/18-8888.html?from=rank
2026-08-02,2026-08-02T15:41:49+08:00,酷狗音乐,热歌榜,酷狗TOP500,2026-08-02,377,不如见一面,海来阿木,,4:08,A8CC7F0EA73DE4DE226B26C3F44DD563,80038154,https://www.kugou.com/yy/rank/home/18-8888.html?from=rank
2026-08-02,2026-08-02T15:41:49+08:00,酷狗音乐,热歌榜,酷狗TOP500,2026-08-02,378,暖一杯茶,邵帅,,4:03,26A9B8C6480C22BC4342F22CB897E760,23061596,https://www.kugou.com/yy/rank/home/18-8888.html?from=rank
2026-08-02,2026-08-02T15:41:49+08:00,酷狗音乐,热歌榜,酷狗TOP500,2026-08-02,379,有点甜,汪苏泷、BY2,,3:55,99CFDC717FEB7DABCD8A6392D821FC08,516425,https://www.kugou.com/yy/rank/home/18-8888.html?from=rank
2026-08-02,2026-08-02T15:41:49+08:00,酷狗音乐,热歌榜,酷狗TOP500,2026-08-02,380,雨蝶,李翊君,,3:51,C83424ACF417185057E278554B91D4C0,7549108,https://www.kugou.com/yy/rank/home/18-8888.html?from=rank
2026-08-02,2026-08-02T15:41:49+08:00,酷狗音乐,热歌榜,酷狗TOP500,2026-08-02,381,鲜花,回春丹乐队,,5:41,7AB95100C11973D7A29B0F4AA61AB5EC,78809386,https://www.kugou.com/yy/rank/home/18-8888.html?from=rank
2026-08-02,2026-08-02T15:41:49+08:00,酷狗音乐,热歌榜,酷狗TOP500,2026-08-02,382,意外,薛之谦,,4:52,04E0EDE41EA3CCFF76C04F414E1D03A7,960327,https://www.kugou.com/yy/rank/home/18-8888.html?from=rank
2026-08-02,2026-08-02T15:41:49+08:00,酷狗音乐,热歌榜,酷狗TOP500,2026-08-02,383,情人,蔡徐坤,,3:15,120F234213ACB64E202B391612D5D9CA,37760326,https://www.kugou.com/yy/rank/home/18-8888.html?from=rank
2026-08-02,2026-08-02T15:41:49+08:00,酷狗音乐,热歌榜,酷狗TOP500,2026-08-02,384,一程山路,毛不易,,3:36,F4B3D7DFFA85DAE7737243598153A168,34631159,https://www.kugou.com/yy/rank/home/18-8888.html?from=rank
2026-08-02,2026-08-02T15:41:49+08:00,酷狗音乐,热歌榜,酷狗TOP500,2026-08-02,385,小美满,周深,,3:34,04A21DB1AB3C8E0D1D8F51F11BDB03A1,83112420,https://www.kugou.com/yy/rank/home/18-8888.html?from=rank
2026-08-02,2026-08-02T15:41:49+08:00,酷狗音乐,热歌榜,酷狗TOP500,2026-08-02,386,当爱在靠近,刘若英,,4:11,D988B9B4B769D979279D4AC9E84907F1,978209,https://www.kugou.com/yy/rank/home/18-8888.html?from=rank
2026-08-02,2026-08-02T15:41:49+08:00,酷狗音乐,热歌榜,酷狗TOP500,2026-08-02,387,怎么说我不爱你,萧敬腾,,4:35,30A31A94C77268C92886E00D912AC03B,958893,https://www.kugou.com/yy/rank/home/18-8888.html?from=rank
2026-08-02,2026-08-02T15:41:49+08:00,酷狗音乐,热歌榜,酷狗TOP500,2026-08-02,388,我曾像傻子一样爱你,老板,,4:03,85F18C8A9470C0BE7BD1D679ACFC6E21,171863030,https://www.kugou.com/yy/rank/home/18-8888.html?from=rank
2026-08-02,2026-08-02T15:41:49+08:00,酷狗音乐,热歌榜,酷狗TOP500,2026-08-02,389,风若是拦不住,亚飞,,3:17,580E4A7F99C7C8C8959627E5D33C8FC7,200516203,https://www.kugou.com/yy/rank/home/18-8888.html?from=rank
2026-08-02,2026-08-02T15:41:49+08:00,酷狗音乐,热歌榜,酷狗TOP500,2026-08-02,390,单身情歌,林志炫,,4:35,ACD27A452FE3D0348D38540762DA7BEB,971171,https://www.kugou.com/yy/rank/home/18-8888.html?from=rank
2026-08-02,2026-08-02T15:41:49+08:00,酷狗音乐,热歌榜,酷狗TOP500,2026-08-02,391,玉芬啊玉芬你让彪哥好伤心,老韩很哇塞,,3:00,AFF2135F30F90B6768AF3320505559CF,177493243,https://www.kugou.com/yy/rank/home/18-8888.html?from=rank
2026-08-02,2026-08-02T15:41:49+08:00,酷狗音乐,热歌榜,酷狗TOP500,2026-08-02,392,time machine (feat. aren park)(Original Mix),mj apanay、aren park,,3:46,6FC23D8694067908061BB145B6DFCB87,100264848,https://www.kugou.com/yy/rank/home/18-8888.html?from=rank
2026-08-02,2026-08-02T15:41:49+08:00,酷狗音乐,热歌榜,酷狗TOP500,2026-08-02,393,爱在西元前,周杰伦,,3:54,66B756FB1331807B032EF97F7BA9948E,958706,https://www.kugou.com/yy/rank/home/18-8888.html?from=rank
2026-08-02,2026-08-02T15:41:49+08:00,酷狗音乐,热歌榜,酷狗TOP500,2026-08-02,394,都有这一天,老中青民谣、小巷先生,,3:10,47029DA948301F7B495F81B15881C914,199411740,https://www.kugou.com/yy/rank/home/18-8888.html?from=rank
2026-08-02,2026-08-02T15:41:49+08:00,酷狗音乐,热歌榜,酷狗TOP500,2026-08-02,395,时差 (On call),鹿晗,,3:20,337B7DFC3EA7954785D50D4C3948F64D,1993188,https://www.kugou.com/yy/rank/home/18-8888.html?from=rank
2026-08-02,2026-08-02T15:41:49+08:00,酷狗音乐,热歌榜,酷狗TOP500,2026-08-02,396,听哭了自己,沧桑老叔,,3:32,2F886E50337A0268514AA517C5E13A39,184905718,https://www.kugou.com/yy/rank/home/18-8888.html?from=rank
2026-08-02,2026-08-02T15:41:49+08:00,酷狗音乐,热歌榜,酷狗TOP500,2026-08-02,397,遇上你是我的缘,央金兰泽,,3:27,5F84C75779CC014F3DC67FBCE90C651E,168286349,https://www.kugou.com/yy/rank/home/19-8888.html?from=rank
2026-08-02,2026-08-02T15:41:49+08:00,酷狗音乐,热歌榜,酷狗TOP500,2026-08-02,398,当星星落下来,刘思鉴,,3:10,970383188BECCCCE282E6F33D79C17B1,79102595,https://www.kugou.com/yy/rank/home/19-8888.html?from=rank
2026-08-02,2026-08-02T15:41:49+08:00,酷狗音乐,热歌榜,酷狗TOP500,2026-08-02,399,孤雏,AGA,,4:53,8BB44BFFC9A9CFC06706D37DA52B617B,1821989,https://www.kugou.com/yy/rank/home/19-8888.html?from=rank
2026-08-02,2026-08-02T15:41:49+08:00,酷狗音乐,热歌榜,酷狗TOP500,2026-08-02,400,第一次,光良,,4:23,2C202C0CE252384AD5022CC3A99B697A,930386,https://www.kugou.com/yy/rank/home/19-8888.html?from=rank
2026-08-02,2026-08-02T15:41:49+08:00,酷狗音乐,热歌榜,酷狗TOP500,2026-08-02,401,淘汰,陈奕迅,,4:45,90C64A1FB2F32663FA8037D847AABB57,962514,https://www.kugou.com/yy/rank/home/19-8888.html?from=rank
2026-08-02,2026-08-02T15:41:49+08:00,酷狗音乐,热歌榜,酷狗TOP500,2026-08-02,402,西楼儿女,海来阿木,,4:18,84DA47460010F3D91E203F777233DAA4,62931439,https://www.kugou.com/yy/rank/home/19-8888.html?from=rank
2026-08-02,2026-08-02T15:41:49+08:00,酷狗音乐,热歌榜,酷狗TOP500,2026-08-02,403,我太笨,锤娜丽莎,,4:25,A5D4F40382C0DF1A95A48A617793F03E,46432417,https://www.kugou.com/yy/rank/home/19-8888.html?from=rank
2026-08-02,2026-08-02T15:41:49+08:00,酷狗音乐,热歌榜,酷狗TOP500,2026-08-02,404,这个年纪,齐一,,4:45,B44AD73957D993731BC125BF0A1EFFF5,2657166,https://www.kugou.com/yy/rank/home/19-8888.html?from=rank
2026-08-02,2026-08-02T15:41:49+08:00,酷狗音乐,热歌榜,酷狗TOP500,2026-08-02,405,悬溺,葛东琪,,3:17,666484E904A54B1E62C9FBFDBE6E2563,23773597,https://www.kugou.com/yy/rank/home/19-8888.html?from=rank
2026-08-02,2026-08-02T15:41:49+08:00,酷狗音乐,热歌榜,酷狗TOP500,2026-08-02,406,不如见一面2026,海来阿木,,3:57,4866C4CEB901B773ABD6276802E393C9,181816199,https://www.kugou.com/yy/rank/home/19-8888.html?from=rank
2026-08-02,2026-08-02T15:41:49+08:00,酷狗音乐,热歌榜,酷狗TOP500,2026-08-02,407,天际,洋澜一,,5:46,DEAE9D1FC61F4810A0C15AA9CFD83722,76611526,https://www.kugou.com/yy/rank/home/19-8888.html?from=rank
2026-08-02,2026-08-02T15:41:49+08:00,酷狗音乐,热歌榜,酷狗TOP500,2026-08-02,408,读心术,卓文萱,,4:20,3F98A771F8F33556966A9990F66D95C4,965920,https://www.kugou.com/yy/rank/home/19-8888.html?from=rank
2026-08-02,2026-08-02T15:41:49+08:00,酷狗音乐,热歌榜,酷狗TOP500,2026-08-02,409,寂寞沙洲冷,周传雄,,4:35,36A4F5EAA748324A5D509D8EDC47699F,984377,https://www.kugou.com/yy/rank/home/19-8888.html?from=rank
2026-08-02,2026-08-02T15:41:49+08:00,酷狗音乐,热歌榜,酷狗TOP500,2026-08-02,410,大眠,王心凌,,4:00,A7FABF26BF07963E8BFB7705DBB503FC,13487578,https://www.kugou.com/yy/rank/home/19-8888.html?from=rank
2026-08-02,2026-08-02T15:41:49+08:00,酷狗音乐,热歌榜,酷狗TOP500,2026-08-02,411,离别开出花 (弹唱版),就是南方凯,,2:52,67911051D7E5B9B3343847D73BF883F5,81781305,https://www.kugou.com/yy/rank/home/19-8888.html?from=rank
2026-08-02,2026-08-02T15:41:49+08:00,酷狗音乐,热歌榜,酷狗TOP500,2026-08-02,412,你要的全拿走,胡彦斌,,4:59,489E4872BD06E51C969AE81748E78A10,8317330,https://www.kugou.com/yy/rank/home/19-8888.html?from=rank
2026-08-02,2026-08-02T15:41:49+08:00,酷狗音乐,热歌榜,酷狗TOP500,2026-08-02,413,相思,毛阿敏,,3:02,FE1F0058EAC6B344D03DB2D0D4315EA1,967188,https://www.kugou.com/yy/rank/home/19-8888.html?from=rank
2026-08-02,2026-08-02T15:41:49+08:00,酷狗音乐,热歌榜,酷狗TOP500,2026-08-02,414,一生有你 (女声版),落日微醺,,3:48,0A1777238096096E70CD06AB9DE41527,195005243,https://www.kugou.com/yy/rank/home/19-8888.html?from=rank
2026-08-02,2026-08-02T15:41:49+08:00,酷狗音乐,热歌榜,酷狗TOP500,2026-08-02,415,灵魂相愿,张敬轩,,5:00,F1B07E220757A499611A49198E6E7A9C,201500069,https://www.kugou.com/yy/rank/home/19-8888.html?from=rank
2026-08-02,2026-08-02T15:41:49+08:00,酷狗音乐,热歌榜,酷狗TOP500,2026-08-02,416,指纹,杜宣达,,4:00,EAF4CB91DA618DBEDC751F54B3B3620D,50057639,https://www.kugou.com/yy/rank/home/19-8888.html?from=rank
2026-08-02,2026-08-02T15:41:49+08:00,酷狗音乐,热歌榜,酷狗TOP500,2026-08-02,417,表白,萧亚轩,,3:29,0521A7354DF37C1C9705A3E3FD204B95,18052287,https://www.kugou.com/yy/rank/home/19-8888.html?from=rank
2026-08-02,2026-08-02T15:41:49+08:00,酷狗音乐,热歌榜,酷狗TOP500,2026-08-02,418,手放开,李圣杰,,4:25,022583751858F1E3558F32EC4ECF7DD5,959847,https://www.kugou.com/yy/rank/home/19-8888.html?from=rank
2026-08-02,2026-08-02T15:41:49+08:00,酷狗音乐,热歌榜,酷狗TOP500,2026-08-02,419,反方向的钟,周杰伦,,4:18,A6049AAB184A305CAA906C6BBB8E8233,978031,https://www.kugou.com/yy/rank/home/20-8888.html?from=rank
2026-08-02,2026-08-02T15:41:49+08:00,酷狗音乐,热歌榜,酷狗TOP500,2026-08-02,420,回到过去,周杰伦,,3:54,79A00772CAC20558F4DC7780DA7BC5FC,961807,https://www.kugou.com/yy/rank/home/20-8888.html?from=rank
2026-08-02,2026-08-02T15:41:49+08:00,酷狗音乐,热歌榜,酷狗TOP500,2026-08-02,421,明天，你好,牛奶咖啡,,4:32,A9527F71F7149F13E1F78B23C25DD30B,967562,https://www.kugou.com/yy/rank/home/20-8888.html?from=rank
2026-08-02,2026-08-02T15:41:49+08:00,酷狗音乐,热歌榜,酷狗TOP500,2026-08-02,422,愿与愁,林俊杰,,3:52,4A2A7260442B0A5D5F17295F1DD7241B,71681690,https://www.kugou.com/yy/rank/home/20-8888.html?from=rank
2026-08-02,2026-08-02T15:41:49+08:00,酷狗音乐,热歌榜,酷狗TOP500,2026-08-02,423,如果这就是爱情,张靓颖,,4:43,4E871DF1E2034CF6BAAD7B03D2386058,2597425,https://www.kugou.com/yy/rank/home/20-8888.html?from=rank
2026-08-02,2026-08-02T15:41:49+08:00,酷狗音乐,热歌榜,酷狗TOP500,2026-08-02,424,野心家 (Live),杨丞琳、黄霄雲,,4:41,60570F98B8DCE215882953F546BF27C5,200699351,https://www.kugou.com/yy/rank/home/20-8888.html?from=rank
2026-08-02,2026-08-02T15:41:49+08:00,酷狗音乐,热歌榜,酷狗TOP500,2026-08-02,425,主角,王菲,,5:00,5AC9B20840021F9BE51D76C3067BCC26,189702143,https://www.kugou.com/yy/rank/home/20-8888.html?from=rank
2026-08-02,2026-08-02T15:41:49+08:00,酷狗音乐,热歌榜,酷狗TOP500,2026-08-02,426,我的秘密 (G.E.M.重生版),G.E.M. 邓紫棋,,4:10,427CD3B1785609EE485CA3BCD6608FFE,150256944,https://www.kugou.com/yy/rank/home/20-8888.html?from=rank
2026-08-02,2026-08-02T15:41:49+08:00,酷狗音乐,热歌榜,酷狗TOP500,2026-08-02,427,天若有情,A-Lin,,4:17,2E6CE4E79982AE2119A69C1D30537EA2,1805426,https://www.kugou.com/yy/rank/home/20-8888.html?from=rank
2026-08-02,2026-08-02T15:41:49+08:00,酷狗音乐,热歌榜,酷狗TOP500,2026-08-02,428,只若初见,张德伊玲,,3:24,0AC57BC59B96F7BF216744F93617FC8B,58285492,https://www.kugou.com/yy/rank/home/20-8888.html?from=rank
2026-08-02,2026-08-02T15:41:49+08:00,酷狗音乐,热歌榜,酷狗TOP500,2026-08-02,429,这世界那么多人,莫文蔚,,4:46,8217FD6FE2973658781FB08DA4F8C4D6,44349469,https://www.kugou.com/yy/rank/home/20-8888.html?from=rank
2026-08-02,2026-08-02T15:41:49+08:00,酷狗音乐,热歌榜,酷狗TOP500,2026-08-02,430,修炼爱情,林俊杰,,4:47,8748C12719DCA9F588B1118AC05F6BF8,972188,https://www.kugou.com/yy/rank/home/20-8888.html?from=rank
2026-08-02,2026-08-02T15:41:49+08:00,酷狗音乐,热歌榜,酷狗TOP500,2026-08-02,431,一生中最爱,谭咏麟,,4:19,360AD5530A95B8983E2AB369607A7D1B,960008,https://www.kugou.com/yy/rank/home/20-8888.html?from=rank
2026-08-02,2026-08-02T15:41:49+08:00,酷狗音乐,热歌榜,酷狗TOP500,2026-08-02,432,我不配,周杰伦,,4:49,00CBE76AE7676D5D2A3D832D202C8FFD,979856,https://www.kugou.com/yy/rank/home/20-8888.html?from=rank
2026-08-02,2026-08-02T15:41:49+08:00,酷狗音乐,热歌榜,酷狗TOP500,2026-08-02,433,先说谎的人,h3R3刘清云、张鑫,,2:49,4F2F51A01A6FF91435D80EEC62E759C0,51331566,https://www.kugou.com/yy/rank/home/20-8888.html?from=rank
2026-08-02,2026-08-02T15:41:49+08:00,酷狗音乐,热歌榜,酷狗TOP500,2026-08-02,434,单车,陈奕迅,,3:31,3FA554270A2AE0FE64AAACDDDBD8D0B7,504206,https://www.kugou.com/yy/rank/home/20-8888.html?from=rank
2026-08-02,2026-08-02T15:41:49+08:00,酷狗音乐,热歌榜,酷狗TOP500,2026-08-02,435,玫瑰花的葬礼,许嵩,,4:21,0A335E9374392B72E5965D8F6165E564,1968878,https://www.kugou.com/yy/rank/home/20-8888.html?from=rank
2026-08-02,2026-08-02T15:41:49+08:00,酷狗音乐,热歌榜,酷狗TOP500,2026-08-02,436,少一点天份,孙盛希,,4:35,FFD1F05E5D06A1DDFAEDFE6A3379A271,566029,https://www.kugou.com/yy/rank/home/20-8888.html?from=rank
2026-08-02,2026-08-02T15:41:49+08:00,酷狗音乐,热歌榜,酷狗TOP500,2026-08-02,437,听风捎来旧时谣,窝窝,,3:17,EF86B368D2CDBC99A8FC00EF4FE7BBE4,195682602,https://www.kugou.com/yy/rank/home/20-8888.html?from=rank
2026-08-02,2026-08-02T15:41:49+08:00,酷狗音乐,热歌榜,酷狗TOP500,2026-08-02,438,大城小爱,王力宏,,3:45,3EAF74E9E5065C03B050F356F0567311,2820176,https://www.kugou.com/yy/rank/home/20-8888.html?from=rank
2026-08-02,2026-08-02T15:41:49+08:00,酷狗音乐,热歌榜,酷狗TOP500,2026-08-02,439,一个人想着一个人 (说唱版),艾比利,,3:09,A4C9C11B5C6CD698FBA54D0AB3FE71CA,102363749,https://www.kugou.com/yy/rank/home/20-8888.html?from=rank
2026-08-02,2026-08-02T15:41:49+08:00,酷狗音乐,热歌榜,酷狗TOP500,2026-08-02,440,我想念,汪苏泷,,3:45,A6545AABFE93C5495BA8ADB2A555B84F,76163380,https://www.kugou.com/yy/rank/home/20-8888.html?from=rank
2026-08-02,2026-08-02T15:41:49+08:00,酷狗音乐,热歌榜,酷狗TOP500,2026-08-02,441,初恋情人,刘小慧,,4:40,24BD04781E52FE8E7FAB2A6452D85320,532546,https://www.kugou.com/yy/rank/home/21-8888.html?from=rank
2026-08-02,2026-08-02T15:41:49+08:00,酷狗音乐,热歌榜,酷狗TOP500,2026-08-02,442,就是爱你,陶喆,,4:24,43485D7A650AFF532E5ECF24D7FB6381,7547427,https://www.kugou.com/yy/rank/home/21-8888.html?from=rank
2026-08-02,2026-08-02T15:41:49+08:00,酷狗音乐,热歌榜,酷狗TOP500,2026-08-02,443,世界赠予我的,王菲,,4:04,BE84F84C55D0D1B458158092272CC3A8,135677703,https://www.kugou.com/yy/rank/home/21-8888.html?from=rank
2026-08-02,2026-08-02T15:41:49+08:00,酷狗音乐,热歌榜,酷狗TOP500,2026-08-02,444,包容,郑源,,4:23,34000A6CA0043801440E74059F4759EF,967724,https://www.kugou.com/yy/rank/home/21-8888.html?from=rank
2026-08-02,2026-08-02T15:41:49+08:00,酷狗音乐,热歌榜,酷狗TOP500,2026-08-02,445,莫问归期,蒋雪儿Snow.J,,3:39,F0E418FB19E8D295D0F78E50AE3B7E30,27453193,https://www.kugou.com/yy/rank/home/21-8888.html?from=rank
2026-08-02,2026-08-02T15:41:49+08:00,酷狗音乐,热歌榜,酷狗TOP500,2026-08-02,446,别怕我伤心,张信哲,,4:47,976677A739F25908591FA822CB1F1DF3,538030,https://www.kugou.com/yy/rank/home/21-8888.html?from=rank
2026-08-02,2026-08-02T15:41:49+08:00,酷狗音乐,热歌榜,酷狗TOP500,2026-08-02,447,红蔷薇白玫瑰 (G.E.M.重生版),G.E.M. 邓紫棋,,4:45,FF4AAAE19876C6F2B9B888794FA6E664,150256944,https://www.kugou.com/yy/rank/home/21-8888.html?from=rank
2026-08-02,2026-08-02T15:41:49+08:00,酷狗音乐,热歌榜,酷狗TOP500,2026-08-02,448,人间,王菲,,4:45,AEC30C06392150FB0F3A8FAC4C57E784,20142,https://www.kugou.com/yy/rank/home/21-8888.html?from=rank
2026-08-02,2026-08-02T15:41:49+08:00,酷狗音乐,热歌榜,酷狗TOP500,2026-08-02,449,情罪,陈瑞,,4:45,9642484D6F37650295B370CD52553DC5,80617215,https://www.kugou.com/yy/rank/home/21-8888.html?from=rank
2026-08-02,2026-08-02T15:41:49+08:00,酷狗音乐,热歌榜,酷狗TOP500,2026-08-02,450,乌兰巴托的夜 (空灵女版),几行,,2:26,2C3D97DF03D54820B6537F1BA77D4A9C,179042571,https://www.kugou.com/yy/rank/home/21-8888.html?from=rank
2026-08-02,2026-08-02T15:41:49+08:00,酷狗音乐,热歌榜,酷狗TOP500,2026-08-02,451,三国恋,Tank,,4:06,1325E661C6044048943A8D7D417ED280,966742,https://www.kugou.com/yy/rank/home/21-8888.html?from=rank
2026-08-02,2026-08-02T15:41:49+08:00,酷狗音乐,热歌榜,酷狗TOP500,2026-08-02,452,去有风的地方,郁可唯,,3:51,603C05D769BD7865CCAF8070DAC75CC8,67547464,https://www.kugou.com/yy/rank/home/21-8888.html?from=rank
2026-08-02,2026-08-02T15:41:49+08:00,酷狗音乐,热歌榜,酷狗TOP500,2026-08-02,453,还是分开,张叶蕾,,3:49,A9B126E712C82BAB3CCCA272BE4B84E4,51924399,https://www.kugou.com/yy/rank/home/21-8888.html?from=rank
2026-08-02,2026-08-02T15:41:49+08:00,酷狗音乐,热歌榜,酷狗TOP500,2026-08-02,454,也许在下雨天 (雷鬼版),白兰的,,4:39,475C69BA60AECD59F26F8B5BBBD70633,197843226,https://www.kugou.com/yy/rank/home/21-8888.html?from=rank
2026-08-02,2026-08-02T15:41:49+08:00,酷狗音乐,热歌榜,酷狗TOP500,2026-08-02,455,那些年,胡夏,,6:11,95A46E232F3F0CFFDA7811B7D9C8E6C4,542864,https://www.kugou.com/yy/rank/home/21-8888.html?from=rank
2026-08-02,2026-08-02T15:41:49+08:00,酷狗音乐,热歌榜,酷狗TOP500,2026-08-02,456,有一种爱叫做放手,阿木,,4:24,8ACE2D4510E26FBDC4736055C5AE4B03,971509,https://www.kugou.com/yy/rank/home/21-8888.html?from=rank
2026-08-02,2026-08-02T15:41:49+08:00,酷狗音乐,热歌榜,酷狗TOP500,2026-08-02,457,突然想起你,萧亚轩,,3:54,7D31D9DC20F5A50B3D660C1A54434E1E,980330,https://www.kugou.com/yy/rank/home/21-8888.html?from=rank
2026-08-02,2026-08-02T15:41:49+08:00,酷狗音乐,热歌榜,酷狗TOP500,2026-08-02,458,相遇的意义 (烟嗓R&B版),落日微醺,,3:09,1DB50CE5AFC2AE239D1E0E68C8A21B1A,196504361,https://www.kugou.com/yy/rank/home/21-8888.html?from=rank
2026-08-02,2026-08-02T15:41:49+08:00,酷狗音乐,热歌榜,酷狗TOP500,2026-08-02,459,whistle,八方BAFANG,,5:13,9A060F115050E98F3CB9E9229AB30DF6,199629909,https://www.kugou.com/yy/rank/home/21-8888.html?from=rank
2026-08-02,2026-08-02T15:41:49+08:00,酷狗音乐,热歌榜,酷狗TOP500,2026-08-02,460,下雨天,南拳妈妈,,4:13,947127F991A6A4FF77C89779E6B25AF4,983794,https://www.kugou.com/yy/rank/home/21-8888.html?from=rank
2026-08-02,2026-08-02T15:41:49+08:00,酷狗音乐,热歌榜,酷狗TOP500,2026-08-02,461,My Bed (Explicit),Leah Kate,,2:44,6E6104198DA489F603C8F4C5D2E7FF4C,65853253,https://www.kugou.com/yy/rank/home/21-8888.html?from=rank
2026-08-02,2026-08-02T15:41:49+08:00,酷狗音乐,热歌榜,酷狗TOP500,2026-08-02,462,叹云兮,鞠婧祎,,4:43,9CBB77B83B8D7D8113C6A60B8230D3E4,8700851,https://www.kugou.com/yy/rank/home/21-8888.html?from=rank
2026-08-02,2026-08-02T15:41:49+08:00,酷狗音乐,热歌榜,酷狗TOP500,2026-08-02,463,茫,李润祺,,3:47,7B82C70A1736D61A28849DE87AA4B812,40168846,https://www.kugou.com/yy/rank/home/22-8888.html?from=rank
2026-08-02,2026-08-02T15:41:49+08:00,酷狗音乐,热歌榜,酷狗TOP500,2026-08-02,464,美丽的神话,孙楠、韩红,,4:52,877281C8E094A848F022BCAAA76945CB,964166,https://www.kugou.com/yy/rank/home/22-8888.html?from=rank
2026-08-02,2026-08-02T15:41:49+08:00,酷狗音乐,热歌榜,酷狗TOP500,2026-08-02,465,忘了你 忘了我,王杰,,4:40,C09030D0EF71188A5ED48C991E635D8A,517177,https://www.kugou.com/yy/rank/home/22-8888.html?from=rank
2026-08-02,2026-08-02T15:41:49+08:00,酷狗音乐,热歌榜,酷狗TOP500,2026-08-02,466,咏春,七朵组合,,4:31,9C54B0CCA0581987E92560F11413E88F,8344834,https://www.kugou.com/yy/rank/home/22-8888.html?from=rank
2026-08-02,2026-08-02T15:41:49+08:00,酷狗音乐,热歌榜,酷狗TOP500,2026-08-02,467,刚好遇见你,李玉刚,,3:20,58B004C56B6AB6CE1CA3C1E8C6781D0E,1820033,https://www.kugou.com/yy/rank/home/22-8888.html?from=rank
2026-08-02,2026-08-02T15:41:49+08:00,酷狗音乐,热歌榜,酷狗TOP500,2026-08-02,468,我只在乎你,邓丽君,,4:17,71BE31F92B6C0B418E457C89A2E12DDD,1383240,https://www.kugou.com/yy/rank/home/22-8888.html?from=rank
2026-08-02,2026-08-02T15:41:49+08:00,酷狗音乐,热歌榜,酷狗TOP500,2026-08-02,469,我漂泊的船能不能靠在你的岸,沙哑大叔,,3:57,CFF8A99F25DCFB42F10F7C4BFCB57EA1,183209266,https://www.kugou.com/yy/rank/home/22-8888.html?from=rank
2026-08-02,2026-08-02T15:41:49+08:00,酷狗音乐,热歌榜,酷狗TOP500,2026-08-02,470,你懂我的眼泪,A江也眠,,2:59,FE39AF92D44C38DCB28F6F125EB33F3C,195545640,https://www.kugou.com/yy/rank/home/22-8888.html?from=rank
2026-08-02,2026-08-02T15:41:49+08:00,酷狗音乐,热歌榜,酷狗TOP500,2026-08-02,471,痴心绝对,李圣杰,,4:22,2B7176CC7B1E7F5A136A5A1E1AACD365,966511,https://www.kugou.com/yy/rank/home/22-8888.html?from=rank
2026-08-02,2026-08-02T15:41:49+08:00,酷狗音乐,热歌榜,酷狗TOP500,2026-08-02,472,给我一首歌的时间,周杰伦,,4:14,237FD34BF80D05228D4A43F6CD5BEECF,960399,https://www.kugou.com/yy/rank/home/22-8888.html?from=rank
2026-08-02,2026-08-02T15:41:49+08:00,酷狗音乐,热歌榜,酷狗TOP500,2026-08-02,473,像风一样,薛之谦,,4:15,ACC9BB4136622B3E2BA561B87FFF00D9,7818079,https://www.kugou.com/yy/rank/home/22-8888.html?from=rank
2026-08-02,2026-08-02T15:41:49+08:00,酷狗音乐,热歌榜,酷狗TOP500,2026-08-02,474,姑娘别哭泣,柯柯柯啊,,3:56,1B537C99761F8F25AEFFF30B6DCE08D5,77472711,https://www.kugou.com/yy/rank/home/22-8888.html?from=rank
2026-08-02,2026-08-02T15:41:49+08:00,酷狗音乐,热歌榜,酷狗TOP500,2026-08-02,475,同手同脚,温岚,,4:18,1DB5F549DF57C1C9553D9BDD735C763A,2997107,https://www.kugou.com/yy/rank/home/22-8888.html?from=rank
2026-08-02,2026-08-02T15:41:49+08:00,酷狗音乐,热歌榜,酷狗TOP500,2026-08-02,476,연애의 조건 (恋爱的条件),BESTie,,3:12,FBE0D895B585AFAD693FE42529311608,959733,https://www.kugou.com/yy/rank/home/22-8888.html?from=rank
2026-08-02,2026-08-02T15:41:49+08:00,酷狗音乐,热歌榜,酷狗TOP500,2026-08-02,477,春风何时来,巴扎黑,,4:26,D8E39D3C8DCB8A79CDDDAA9D9FF30D6E,82760992,https://www.kugou.com/yy/rank/home/22-8888.html?from=rank
2026-08-02,2026-08-02T15:41:49+08:00,酷狗音乐,热歌榜,酷狗TOP500,2026-08-02,478,命运,家家,,3:51,B149A3BFD19481F91B9A652AA8EA21C1,959745,https://www.kugou.com/yy/rank/home/22-8888.html?from=rank
2026-08-02,2026-08-02T15:41:49+08:00,酷狗音乐,热歌榜,酷狗TOP500,2026-08-02,479,选择失忆,季彦霖,,4:39,6ED5E6DAA2F1A97A2EA5B1113F469BA7,8441500,https://www.kugou.com/yy/rank/home/22-8888.html?from=rank
2026-08-02,2026-08-02T15:41:49+08:00,酷狗音乐,热歌榜,酷狗TOP500,2026-08-02,480,尘念,桑耶,,3:16,FBE82E5DCC11A3A8AF6B8A5B74E2F2BB,190711369,https://www.kugou.com/yy/rank/home/22-8888.html?from=rank
2026-08-02,2026-08-02T15:41:49+08:00,酷狗音乐,热歌榜,酷狗TOP500,2026-08-02,481,谁,洋澜一,,3:40,445C54E59AB287FCF15D68FAF92CD9B7,89608819,https://www.kugou.com/yy/rank/home/22-8888.html?from=rank
2026-08-02,2026-08-02T15:41:49+08:00,酷狗音乐,热歌榜,酷狗TOP500,2026-08-02,482,再见,G.E.M. 邓紫棋,,3:26,DB01B91EB3279E0F6B064706441087D2,555825,https://www.kugou.com/yy/rank/home/22-8888.html?from=rank
2026-08-02,2026-08-02T15:41:49+08:00,酷狗音乐,热歌榜,酷狗TOP500,2026-08-02,483,那天下雨了,周杰伦,,3:43,1335F720C701863F127FB14CCC9C08A2,179652761,https://www.kugou.com/yy/rank/home/22-8888.html?from=rank
2026-08-02,2026-08-02T15:41:49+08:00,酷狗音乐,热歌榜,酷狗TOP500,2026-08-02,484,有我呢,郭一凡,,4:35,8E21C8F3484FB56833F563754A05CB25,32452531,https://www.kugou.com/yy/rank/home/22-8888.html?from=rank
2026-08-02,2026-08-02T15:41:49+08:00,酷狗音乐,热歌榜,酷狗TOP500,2026-08-02,485,孤独患者,陈奕迅,,4:34,72A9BB44569890399978A49D631DF310,530848,https://www.kugou.com/yy/rank/home/23-8888.html?from=rank
2026-08-02,2026-08-02T15:41:49+08:00,酷狗音乐,热歌榜,酷狗TOP500,2026-08-02,486,沈园外,阿YueYue、戾格、小田音乐社,,3:43,9B46F3774EEC55D47508E93A468FF5FC,40796517,https://www.kugou.com/yy/rank/home/23-8888.html?from=rank
2026-08-02,2026-08-02T15:41:49+08:00,酷狗音乐,热歌榜,酷狗TOP500,2026-08-02,487,一路生花,温奕心,,4:16,4F18553F2AF06E355AD75A5EE6173456,45305792,https://www.kugou.com/yy/rank/home/23-8888.html?from=rank
2026-08-02,2026-08-02T15:41:49+08:00,酷狗音乐,热歌榜,酷狗TOP500,2026-08-02,488,梦幻诛仙,汪苏泷,,4:05,57DD6F0DD26A3FB4FAE122D7FAA418B0,1816146,https://www.kugou.com/yy/rank/home/23-8888.html?from=rank
2026-08-02,2026-08-02T15:41:49+08:00,酷狗音乐,热歌榜,酷狗TOP500,2026-08-02,489,逆流成河,金南玲,,2:05,F12381673024C26DF3CC2589AA52987F,976591,https://www.kugou.com/yy/rank/home/23-8888.html?from=rank
2026-08-02,2026-08-02T15:41:49+08:00,酷狗音乐,热歌榜,酷狗TOP500,2026-08-02,490,Dear John,比莉,,5:11,71951213A1C3C313DEEB017D3C9E77CC,2528933,https://www.kugou.com/yy/rank/home/23-8888.html?from=rank
2026-08-02,2026-08-02T15:41:49+08:00,酷狗音乐,热歌榜,酷狗TOP500,2026-08-02,491,传奇,王菲,,4:56,A72FE2B2521CE45FD632AC3E559F6691,959238,https://www.kugou.com/yy/rank/home/23-8888.html?from=rank
2026-08-02,2026-08-02T15:41:49+08:00,酷狗音乐,热歌榜,酷狗TOP500,2026-08-02,492,零距离的思念,TINY7,,3:06,279A50FF5784F3A92F0ABB689B0335EE,137584528,https://www.kugou.com/yy/rank/home/23-8888.html?from=rank
2026-08-02,2026-08-02T15:41:49+08:00,酷狗音乐,热歌榜,酷狗TOP500,2026-08-02,493,Two to Tango 交缠舞步,三Z-STUDIO、HOYO-MiX,,4:06,85E51E9D6A327465B25DE995B6D3D3A4,200711121,https://www.kugou.com/yy/rank/home/23-8888.html?from=rank
2026-08-02,2026-08-02T15:41:49+08:00,酷狗音乐,热歌榜,酷狗TOP500,2026-08-02,494,到时说爱我,茜拉 (Shila Amzah),,3:22,06085E4FDF0789E8C53561ADA39EDB79,58314622,https://www.kugou.com/yy/rank/home/23-8888.html?from=rank
2026-08-02,2026-08-02T15:41:49+08:00,酷狗音乐,热歌榜,酷狗TOP500,2026-08-02,495,心如止水,Ice Paper,,3:05,AB6CF665EAD04F0C07240888A4411288,19138812,https://www.kugou.com/yy/rank/home/23-8888.html?from=rank
2026-08-02,2026-08-02T15:41:49+08:00,酷狗音乐,热歌榜,酷狗TOP500,2026-08-02,496,春泥,余超颖,,4:01,24E58A122DCBE890FBC87A275244BF22,55863407,https://www.kugou.com/yy/rank/home/23-8888.html?from=rank
2026-08-02,2026-08-02T15:41:49+08:00,酷狗音乐,热歌榜,酷狗TOP500,2026-08-02,497,你听得到,周杰伦,,3:50,D7F42691CB6134BA8AA247F0A1DBD060,966846,https://www.kugou.com/yy/rank/home/23-8888.html?from=rank
2026-08-02,2026-08-02T15:41:49+08:00,酷狗音乐,热歌榜,酷狗TOP500,2026-08-02,498,K歌之王 (粤语版),陈奕迅,,3:42,86B9F10B3EDFAF51E71F48D8B37B043B,2996273,https://www.kugou.com/yy/rank/home/23-8888.html?from=rank
2026-08-02,2026-08-02T15:41:49+08:00,酷狗音乐,热歌榜,酷狗TOP500,2026-08-02,499,大花轿 (feat.火风),张艺兴、火风,,3:11,E851D731AB952CC8BA6B7EE0822696A5,173139857,https://www.kugou.com/yy/rank/home/23-8888.html?from=rank
2026-08-02,2026-08-02T15:41:49+08:00,酷狗音乐,热歌榜,酷狗TOP500,2026-08-02,500,The Cure,Lady Gaga,,3:31,3EF072E796A8CF441C83BC751BCB5C38,1994338,https://www.kugou.com/yy/rank/home/23-8888.html?from=rank
2026-08-02,2026-08-02T15:41:49+08:00,酷狗音乐,飙升榜,酷狗飙升榜,2026-08-02,1,金达莱花 (猛Remix),猛弟/邹子寒,,2:18,E93CB193E4133C79EA9BCC9F852375AD,201184757,https://www.kugou.com/yy/rank/home/1-6666.html?from=rank
2026-08-02,2026-08-02T15:41:49+08:00,酷狗音乐,飙升榜,酷狗飙升榜,2026-08-02,2,锈 (Live),黄霄雲、TF_ING张子墨,,3:49,4E3B5CC21C7C2576BD2D1D93A2802CCB,201660223,https://www.kugou.com/yy/rank/home/1-6666.html?from=rank
2026-08-02,2026-08-02T15:41:49+08:00,酷狗音乐,飙升榜,酷狗飙升榜,2026-08-02,3,别怕我伤心 (Live),张远,,4:43,985292520343A9547C51A3DE623711B9,201659441,https://www.kugou.com/yy/rank/home/1-6666.html?from=rank
2026-08-02,2026-08-02T15:41:49+08:00,酷狗音乐,飙升榜,酷狗飙升榜,2026-08-02,4,苹果香 (Live),乌兰图雅、白小白,,3:25,CBF16CA04BF861A063B532668C192005,201660223,https://www.kugou.com/yy/rank/home/1-6666.html?from=rank
2026-08-02,2026-08-02T15:41:49+08:00,酷狗音乐,飙升榜,酷狗飙升榜,2026-08-02,5,也许在下雨天 (深情对唱版),烟嗓船长、深海,,3:53,C67176B3888AC3F551C95C44F41B6E12,199517188,https://www.kugou.com/yy/rank/home/1-6666.html?from=rank
2026-08-02,2026-08-02T15:41:49+08:00,酷狗音乐,飙升榜,酷狗飙升榜,2026-08-02,6,誓言 (Live),窦靖童,,4:19,9378F3F79A8D9D7ED4852FA06D2444F0,201659441,https://www.kugou.com/yy/rank/home/1-6666.html?from=rank
2026-08-02,2026-08-02T15:41:49+08:00,酷狗音乐,飙升榜,酷狗飙升榜,2026-08-02,7,岁月如笔写春秋,马智宇,,4:10,E516DE090630A4F320F35B9FDF5817DC,200918954,https://www.kugou.com/yy/rank/home/1-6666.html?from=rank
2026-08-02,2026-08-02T15:41:49+08:00,酷狗音乐,飙升榜,酷狗飙升榜,2026-08-02,8,也许在下雨天 (对唱版),何遇Hayu、李伟宾,,3:47,91BA5F804651111D231D215C61791A9A,197727974,https://www.kugou.com/yy/rank/home/1-6666.html?from=rank
2026-08-02,2026-08-02T15:41:49+08:00,酷狗音乐,飙升榜,酷狗飙升榜,2026-08-02,9,踏马四处去流浪,雷鬼叔,,3:23,AAB63728D73F59F829A47C5D4DC572F4,200131359,https://www.kugou.com/yy/rank/home/1-6666.html?from=rank
2026-08-02,2026-08-02T15:41:49+08:00,酷狗音乐,飙升榜,酷狗飙升榜,2026-08-02,10,倔强 (氛围女声),半糖记,,3:39,198337AD7BA4DD92154685EDD0E753FF,201082275,https://www.kugou.com/yy/rank/home/1-6666.html?from=rank
2026-08-02,2026-08-02T15:41:49+08:00,酷狗音乐,飙升榜,酷狗飙升榜,2026-08-02,11,我曾心比天高 (温柔女生版),A小咩咩,,2:28,E8D11253DAC770F89946A95AE7A4781E,193841549,https://www.kugou.com/yy/rank/home/1-6666.html?from=rank
2026-08-02,2026-08-02T15:41:49+08:00,酷狗音乐,飙升榜,酷狗飙升榜,2026-08-02,12,见山河,刘宇宁,,4:14,080BD4AB6E6F09A5DDD715863D0DEFC3,200755323,https://www.kugou.com/yy/rank/home/1-6666.html?from=rank
2026-08-02,2026-08-02T15:41:49+08:00,酷狗音乐,飙升榜,酷狗飙升榜,2026-08-02,13,只是太爱你 (原谅我真的喝醉了),正在进行石女士,,3:34,EAF31F16E8739961FF51E460E0CC5B8B,201651052,https://www.kugou.com/yy/rank/home/1-6666.html?from=rank
2026-08-02,2026-08-02T15:41:49+08:00,酷狗音乐,飙升榜,酷狗飙升榜,2026-08-02,14,第三人称 (Live),杨丞琳、王栎鑫,,5:18,FC0FB7A853733D371957F3F88CD305E2,201660223,https://www.kugou.com/yy/rank/home/1-6666.html?from=rank
2026-08-02,2026-08-02T15:41:49+08:00,酷狗音乐,飙升榜,酷狗飙升榜,2026-08-02,15,一点一滴 (Live),张信哲、黄子弘凡,,4:07,1FAAA3C499715D419AA45EB0AD2CA2FB,201660223,https://www.kugou.com/yy/rank/home/1-6666.html?from=rank
2026-08-02,2026-08-02T15:41:49+08:00,酷狗音乐,飙升榜,酷狗飙升榜,2026-08-02,16,壁上观 (边水版),七元,,3:34,5F0B062803F1D48C8C6DA26B2844DF46,103326092,https://www.kugou.com/yy/rank/home/1-6666.html?from=rank
2026-08-02,2026-08-02T15:41:49+08:00,酷狗音乐,飙升榜,酷狗飙升榜,2026-08-02,17,年少驻足的仰望,A江也眠,,2:12,38618DB3E6859BD716BA89A83E2FFA8C,201055141,https://www.kugou.com/yy/rank/home/1-6666.html?from=rank
2026-08-02,2026-08-02T15:41:49+08:00,酷狗音乐,飙升榜,酷狗飙升榜,2026-08-02,18,舍不得又没资格,周沐晴、DJ铁柱,,3:24,1C0EF350B19CDE656CE7FD274A8CF9A4,200501476,https://www.kugou.com/yy/rank/home/1-6666.html?from=rank
2026-08-02,2026-08-02T15:41:49+08:00,酷狗音乐,飙升榜,酷狗飙升榜,2026-08-02,19,忍住 (我把想念忍住),社长,,3:55,13BB078E184FD1A4EA7406D6F41127A1,173057020,https://www.kugou.com/yy/rank/home/1-6666.html?from=rank
2026-08-02,2026-08-02T15:41:49+08:00,酷狗音乐,飙升榜,酷狗飙升榜,2026-08-02,20,回到小村落,宋盐球,,3:45,AF27C3A04E82042F66D51EF604B47AD5,200330995,https://www.kugou.com/yy/rank/home/1-6666.html?from=rank
2026-08-02,2026-08-02T15:41:49+08:00,酷狗音乐,飙升榜,酷狗飙升榜,2026-08-02,21,山风替我去自由,王一佳,,3:15,A12E1DDDE811356C30B78ADDF61AEC0A,201541812,https://www.kugou.com/yy/rank/home/1-6666.html?from=rank
2026-08-02,2026-08-02T15:41:49+08:00,酷狗音乐,飙升榜,酷狗飙升榜,2026-08-02,22,香烟进肺酒入胃,烟嗓船长,,3:35,6CB0C1E49B123B769C6E734E8FB5FB8B,165228450,https://www.kugou.com/yy/rank/home/1-6666.html?from=rank
2026-08-02,2026-08-02T15:41:49+08:00,酷狗音乐,飙升榜,酷狗飙升榜,2026-08-02,23,我愿一生为你追寻 (氛围版),La Mer、404Hz、叫姐,,2:02,57A821E9896FA69ED6FAA92A75D85848,199537927,https://www.kugou.com/yy/rank/home/2-6666.html?from=rank
2026-08-02,2026-08-02T15:41:49+08:00,酷狗音乐,飙升榜,酷狗飙升榜,2026-08-02,24,无人的岛 (治愈版),曲木老表、李安然,,3:39,ABE51B81E4792CD9D8A973712F4727AC,201088392,https://www.kugou.com/yy/rank/home/2-6666.html?from=rank
2026-08-02,2026-08-02T15:41:49+08:00,酷狗音乐,飙升榜,酷狗飙升榜,2026-08-02,25,宁可满身酒味,张艺迈,,3:34,7B022B25B2B0EC6A4CEFE4581C71144B,171541200,https://www.kugou.com/yy/rank/home/2-6666.html?from=rank
2026-08-02,2026-08-02T15:41:49+08:00,酷狗音乐,飙升榜,酷狗飙升榜,2026-08-02,26,这一程最对味,可乐味的多肉,,4:22,F66E199CE97F047634594AFA5A56F67D,194666256,https://www.kugou.com/yy/rank/home/2-6666.html?from=rank
2026-08-02,2026-08-02T15:41:49+08:00,酷狗音乐,飙升榜,酷狗飙升榜,2026-08-02,27,从没后悔过,任夏,,4:35,688DCD775CB008AC837AA398624439F6,201674827,https://www.kugou.com/yy/rank/home/2-6666.html?from=rank
2026-08-02,2026-08-02T15:41:49+08:00,酷狗音乐,飙升榜,酷狗飙升榜,2026-08-02,28,吻别 (烟嗓女版),烟嗓小希,,4:49,12750D3982067B33EB395B9BF2A714E0,200693191,https://www.kugou.com/yy/rank/home/2-6666.html?from=rank
2026-08-02,2026-08-02T15:41:49+08:00,酷狗音乐,飙升榜,酷狗飙升榜,2026-08-02,29,潮汐 (Natural),文玖言,,2:48,0E905F1706AC5129C2930E58108C39BE,201169972,https://www.kugou.com/yy/rank/home/2-6666.html?from=rank
2026-08-02,2026-08-02T15:41:49+08:00,酷狗音乐,飙升榜,酷狗飙升榜,2026-08-02,30,可怜天下父母亲,付飞社,,5:02,25C6B20DA2ED8253C82301B388684842,201648069,https://www.kugou.com/yy/rank/home/2-6666.html?from=rank
2026-08-02,2026-08-02T15:41:49+08:00,酷狗音乐,飙升榜,酷狗飙升榜,2026-08-02,31,寂寞烟火 (释怀版),KAI,,2:25,F7CD95267B59C703A14BAF651EA10E80,201083135,https://www.kugou.com/yy/rank/home/2-6666.html?from=rank
2026-08-02,2026-08-02T15:41:49+08:00,酷狗音乐,飙升榜,酷狗飙升榜,2026-08-02,32,半点心 (Live),王铮亮、灼海豚乐队,,4:08,D6763702552CB2411DE8A50B3F2BCB1B,201660223,https://www.kugou.com/yy/rank/home/2-6666.html?from=rank
2026-08-02,2026-08-02T15:41:49+08:00,酷狗音乐,飙升榜,酷狗飙升榜,2026-08-02,33,trust me (Live),姚晓棠、Top Barry,,3:42,6B6A0C3FCF6C03E26BD0C149EEEDDB6B,201660223,https://www.kugou.com/yy/rank/home/2-6666.html?from=rank
2026-08-02,2026-08-02T15:41:49+08:00,酷狗音乐,飙升榜,酷狗飙升榜,2026-08-02,34,爱情能超越一切,A江也眠,,3:34,A0841E55F778D7F2E74C00E559D401A2,201126657,https://www.kugou.com/yy/rank/home/2-6666.html?from=rank
2026-08-02,2026-08-02T15:41:49+08:00,酷狗音乐,飙升榜,酷狗飙升榜,2026-08-02,35,好想再爱你 (女版回忆杀),袁小葳,,3:52,127038BDBF0E47E7BF468EA86784E9EB,201063675,https://www.kugou.com/yy/rank/home/2-6666.html?from=rank
2026-08-02,2026-08-02T15:41:49+08:00,酷狗音乐,飙升榜,酷狗飙升榜,2026-08-02,36,阿妈啦巴拉巴,7one1y,,2:01,ED81D7CC392F33F6CDB26004B350BA4F,200882480,https://www.kugou.com/yy/rank/home/2-6666.html?from=rank
2026-08-02,2026-08-02T15:41:49+08:00,酷狗音乐,飙升榜,酷狗飙升榜,2026-08-02,37,如果你也这样过 (Live),尤长靖,,5:10,662D3653DD709EFDDF490E0C74349459,201659441,https://www.kugou.com/yy/rank/home/2-6666.html?from=rank
2026-08-02,2026-08-02T15:41:49+08:00,酷狗音乐,飙升榜,酷狗飙升榜,2026-08-02,38,我虽有不伤人的教养,沧桑小杰office,,3:20,E6D0DC600FB8AE4D77738B125B82AC6B,200473543,https://www.kugou.com/yy/rank/home/2-6666.html?from=rank
2026-08-02,2026-08-02T15:41:49+08:00,酷狗音乐,飙升榜,酷狗飙升榜,2026-08-02,39,回不去的何止是青春,DrPhonkV,,2:22,CB5F91D164C456C1DF940D9FB6F11974,198630287,https://www.kugou.com/yy/rank/home/2-6666.html?from=rank
2026-08-02,2026-08-02T15:41:49+08:00,酷狗音乐,飙升榜,酷狗飙升榜,2026-08-02,40,盛世长歌,邓寓君(等什么君),,3:50,DB85E9473BDD6FDF3972748FC6C72AEA,201645671,https://www.kugou.com/yy/rank/home/2-6666.html?from=rank
2026-08-02,2026-08-02T15:41:49+08:00,酷狗音乐,飙升榜,酷狗飙升榜,2026-08-02,41,见一面少一面 (对唱版),田园、温实初,,4:05,BDD79F33A856B0FA986A7EA7CBAE8991,201625256,https://www.kugou.com/yy/rank/home/2-6666.html?from=rank
2026-08-02,2026-08-02T15:41:49+08:00,酷狗音乐,飙升榜,酷狗飙升榜,2026-08-02,42,耀眼的我们,周深,,3:23,4B1BD75B7074BFAAB4BB48B79822FF1D,201681256,https://www.kugou.com/yy/rank/home/2-6666.html?from=rank
2026-08-02,2026-08-02T15:41:49+08:00,酷狗音乐,飙升榜,酷狗飙升榜,2026-08-02,43,也许在下雨天 (对唱版),何遇Hayu、吕嘉慧,,3:47,F8CDD72BE64D4F06244951CCC2BBEDDE,198651498,https://www.kugou.com/yy/rank/home/2-6666.html?from=rank
2026-08-02,2026-08-02T15:41:49+08:00,酷狗音乐,飙升榜,酷狗飙升榜,2026-08-02,44,天苍苍野茫茫,豆包、零一九零贰,,3:15,3F391FEAB97D361D0123BF421D532B56,201648662,https://www.kugou.com/yy/rank/home/2-6666.html?from=rank
2026-08-02,2026-08-02T15:41:49+08:00,酷狗音乐,飙升榜,酷狗飙升榜,2026-08-02,45,我不愿看到你流泪的眼睛 (伤感氛围版),404Hz、DJariium、YYYu,,2:09,4ED1A6C7107F491FD94F29F40B094EA8,197856649,https://www.kugou.com/yy/rank/home/3-6666.html?from=rank
2026-08-02,2026-08-02T15:41:49+08:00,酷狗音乐,飙升榜,酷狗飙升榜,2026-08-02,46,神的降临,周文凯,,3:26,744C21FCCBE0F587741DCDB174172EED,201604288,https://www.kugou.com/yy/rank/home/3-6666.html?from=rank
2026-08-02,2026-08-02T15:41:49+08:00,酷狗音乐,飙升榜,酷狗飙升榜,2026-08-02,47,求求你别再说爱我,任夏,,3:32,503727B6341F866C0B3FC1DAE0EAB454,201698076,https://www.kugou.com/yy/rank/home/3-6666.html?from=rank
2026-08-02,2026-08-02T15:41:49+08:00,酷狗音乐,飙升榜,酷狗飙升榜,2026-08-02,48,大风歌 (Live),孙楠,,5:01,9502AA1FB154D3E71CB52CA3AA409280,201659441,https://www.kugou.com/yy/rank/home/3-6666.html?from=rank
2026-08-02,2026-08-02T15:41:49+08:00,酷狗音乐,飙升榜,酷狗飙升榜,2026-08-02,49,何种好友,鱼蛋,,3:42,01A9858BC2A9CDF9CF8CF73C53603D77,201677169,https://www.kugou.com/yy/rank/home/3-6666.html?from=rank
2026-08-02,2026-08-02T15:41:49+08:00,酷狗音乐,飙升榜,酷狗飙升榜,2026-08-02,50,我不是真的爱喝酒,洋澜一,,4:21,F267B92EA0731F8DF8219F47F86E473D,201607403,https://www.kugou.com/yy/rank/home/3-6666.html?from=rank
2026-08-02,2026-08-02T15:41:49+08:00,酷狗音乐,飙升榜,酷狗飙升榜,2026-08-02,51,明知道我们没可能,杨不乖,,3:59,32FCDD20D0946724E36C2CD10F403DB1,201676296,https://www.kugou.com/yy/rank/home/3-6666.html?from=rank
2026-08-02,2026-08-02T15:41:49+08:00,酷狗音乐,飙升榜,酷狗飙升榜,2026-08-02,52,也许在下雨天 (雷鬼版),保安王队长,,3:49,0FFB81E70E2FD004E00FB6BC6BB8B982,195020013,https://www.kugou.com/yy/rank/home/3-6666.html?from=rank
2026-08-02,2026-08-02T15:41:49+08:00,酷狗音乐,飙升榜,酷狗飙升榜,2026-08-02,53,Silent Scream (顶级纯音乐),404Hz、DJ绷带,,4:12,6B269E74402350931FEE059DCA4A10BF,195717672,https://www.kugou.com/yy/rank/home/3-6666.html?from=rank
2026-08-02,2026-08-02T15:41:49+08:00,酷狗音乐,飙升榜,酷狗飙升榜,2026-08-02,54,从没后悔过,杨不乖,,4:35,010AA969D8B85A45F2AF8E3B22E69977,201697615,https://www.kugou.com/yy/rank/home/3-6666.html?from=rank
2026-08-02,2026-08-02T15:41:49+08:00,酷狗音乐,飙升榜,酷狗飙升榜,2026-08-02,55,烟火 (烟嗓版),烟嗓船长,,4:05,350F5AEA4CCE35CD8105DD5B068AB2B4,201755650,https://www.kugou.com/yy/rank/home/3-6666.html?from=rank
2026-08-02,2026-08-02T15:41:49+08:00,酷狗音乐,飙升榜,酷狗飙升榜,2026-08-02,56,如果还会遇见,何遇Hayu、Crybird,,3:48,B740AAF49578F8F9C9E52DD560E122BF,201658284,https://www.kugou.com/yy/rank/home/3-6666.html?from=rank
2026-08-02,2026-08-02T15:41:49+08:00,酷狗音乐,飙升榜,酷狗飙升榜,2026-08-02,57,想念是我爱过你的证据 (对唱版),烟嗓超哥、田妤,,3:55,6796395362C8E3C8119EBE1A0B6C3819,200418128,https://www.kugou.com/yy/rank/home/3-6666.html?from=rank
2026-08-02,2026-08-02T15:41:49+08:00,酷狗音乐,飙升榜,酷狗飙升榜,2026-08-02,58,若是真英雄怎会怕 (高燃版),Grimmmz、Betsy Jacket,,6:11,2E5545A92F4F3CCFF42CD89952988946,200321346,https://www.kugou.com/yy/rank/home/3-6666.html?from=rank
2026-08-02,2026-08-02T15:41:49+08:00,酷狗音乐,飙升榜,酷狗飙升榜,2026-08-02,59,西乌旗99号公路,404Hz、Lridescence、千禧果,,3:02,38AC9E71F52F06F590FAF913E6C90D4C,200937352,https://www.kugou.com/yy/rank/home/3-6666.html?from=rank
2026-08-02,2026-08-02T15:41:49+08:00,酷狗音乐,飙升榜,酷狗飙升榜,2026-08-02,60,凛冬破晓,王斩,,2:16,99ACD21D89CB272D898FCB8C888B3E81,201647875,https://www.kugou.com/yy/rank/home/3-6666.html?from=rank
2026-08-02,2026-08-02T15:41:49+08:00,酷狗音乐,飙升榜,酷狗飙升榜,2026-08-02,61,爱你太多,刘一手,,3:41,284D6DEC3BF7D23E0EA79B5C70C3F2D1,201304866,https://www.kugou.com/yy/rank/home/3-6666.html?from=rank
2026-08-02,2026-08-02T15:41:49+08:00,酷狗音乐,飙升榜,酷狗飙升榜,2026-08-02,62,童话 (氛围版),A江也眠,,3:48,69539731C37BDB9BB5000719A1E8CCD5,200577719,https://www.kugou.com/yy/rank/home/3-6666.html?from=rank
2026-08-02,2026-08-02T15:41:49+08:00,酷狗音乐,飙升榜,酷狗飙升榜,2026-08-02,63,风筝终有坠落那天 (翻唱版),混音仙人,,2:04,CE2265AD372D816B01F5EF09ECDF111F,200728118,https://www.kugou.com/yy/rank/home/3-6666.html?from=rank
2026-08-02,2026-08-02T15:41:49+08:00,酷狗音乐,飙升榜,酷狗飙升榜,2026-08-02,64,哪凉快哪去 (Live),刘凤瑶、张玮、曾一鸣、李琦、派克特、蒋一帆,,5:10,06B93056C891BC78491A94087DCA27D1,201660223,https://www.kugou.com/yy/rank/home/3-6666.html?from=rank
2026-08-02,2026-08-02T15:41:49+08:00,酷狗音乐,飙升榜,酷狗飙升榜,2026-08-02,65,Candy,小困困,,2:15,2A2CFDDCCCAEEAB60BA7164ECD8A30BD,198630990,https://www.kugou.com/yy/rank/home/3-6666.html?from=rank
2026-08-02,2026-08-02T15:41:49+08:00,酷狗音乐,飙升榜,酷狗飙升榜,2026-08-02,66,西湖是我流的泪,阿美呀,,3:19,713984DD6D603982DA596867221BBC99,201699247,https://www.kugou.com/yy/rank/home/3-6666.html?from=rank
2026-08-02,2026-08-02T15:41:49+08:00,酷狗音乐,飙升榜,酷狗飙升榜,2026-08-02,67,求求你别再说爱我,杨不乖,,3:30,B847847C32E0A77E3AF6833B765EE836,200754416,https://www.kugou.com/yy/rank/home/4-6666.html?from=rank
2026-08-02,2026-08-02T15:41:49+08:00,酷狗音乐,飙升榜,酷狗飙升榜,2026-08-02,68,就当你是个过客,任夏,,3:48,DAC6D9ADE60FE5D210C7A00A8CEB8008,201697571,https://www.kugou.com/yy/rank/home/4-6666.html?from=rank
2026-08-02,2026-08-02T15:41:49+08:00,酷狗音乐,飙升榜,酷狗飙升榜,2026-08-02,69,你说忘了就好 (轻快版),王麟,,2:35,EA11545EE166F7CBD4A36A72C427FA9C,195026041,https://www.kugou.com/yy/rank/home/4-6666.html?from=rank
2026-08-02,2026-08-02T15:41:49+08:00,酷狗音乐,飙升榜,酷狗飙升榜,2026-08-02,70,踏马肆意挥霍 (就别管那么多),戎大姨,,2:48,C5B3D2B6E4094CC91CFB6EBD3B2E41EE,200176632,https://www.kugou.com/yy/rank/home/4-6666.html?from=rank
2026-08-02,2026-08-02T15:41:49+08:00,酷狗音乐,飙升榜,酷狗飙升榜,2026-08-02,71,酒醉心难藏 (我不敢把酒倒满),草原兄弟,,3:36,AFA683593026699C6B22D92E0E1C89CE,153904421,https://www.kugou.com/yy/rank/home/4-6666.html?from=rank
2026-08-02,2026-08-02T15:41:49+08:00,酷狗音乐,飙升榜,酷狗飙升榜,2026-08-02,72,因为我爱你 (鼓点氛围版),Grimmmz、DreamSky,,2:11,B52E5B35D876FD7F54A2D90470D7EBA3,200582365,https://www.kugou.com/yy/rank/home/4-6666.html?from=rank
2026-08-02,2026-08-02T15:41:49+08:00,酷狗音乐,飙升榜,酷狗飙升榜,2026-08-02,73,失眠 (破碎氛围版),暴躁小猫,,2:42,91B731CEE78FBC9AF794B047B43BD82B,201066561,https://www.kugou.com/yy/rank/home/4-6666.html?from=rank
2026-08-02,2026-08-02T15:41:49+08:00,酷狗音乐,飙升榜,酷狗飙升榜,2026-08-02,74,泪桥,赵十三,,2:56,2C4A9F17B86A872DD555CD54698391E7,176346778,https://www.kugou.com/yy/rank/home/4-6666.html?from=rank
2026-08-02,2026-08-02T15:41:49+08:00,酷狗音乐,飙升榜,酷狗飙升榜,2026-08-02,75,也许在下雨天 (合唱版),王一佳、林乐儿,,3:47,BB2AC1B167BFB2BDAE364B6707285354,200745941,https://www.kugou.com/yy/rank/home/4-6666.html?from=rank
2026-08-02,2026-08-02T15:41:49+08:00,酷狗音乐,飙升榜,酷狗飙升榜,2026-08-02,76,因为爱情 (说唱版),张家旺、七元,,2:43,6FC1989CC6EB14AF5E06FD2295B83453,91413250,https://www.kugou.com/yy/rank/home/4-6666.html?from=rank
2026-08-02,2026-08-02T15:41:49+08:00,酷狗音乐,飙升榜,酷狗飙升榜,2026-08-02,77,only look at me (氛围版),404Hz、耳朵补给站,,4:24,4E9B6BCCFBCDC4FE19C3ED76770588FB,196684872,https://www.kugou.com/yy/rank/home/4-6666.html?from=rank
2026-08-02,2026-08-02T15:41:49+08:00,酷狗音乐,飙升榜,酷狗飙升榜,2026-08-02,78,海底 (散落的月光穿过了云),并不是水濑,,4:16,F6F0B49B26BBA7F282ABFE14A6C01D59,199539052,https://www.kugou.com/yy/rank/home/4-6666.html?from=rank
2026-08-02,2026-08-02T15:41:49+08:00,酷狗音乐,飙升榜,酷狗飙升榜,2026-08-02,79,我问秋雨红尘情 (对唱版),张艺迈、花心姐,,3:29,671EBE77763298382F0B19F651475779,199804500,https://www.kugou.com/yy/rank/home/4-6666.html?from=rank
2026-08-02,2026-08-02T15:41:49+08:00,酷狗音乐,飙升榜,酷狗飙升榜,2026-08-02,80,Choose,Agera,,2:06,592C2C4E3B98D605277016C93AA1BD79,198628476,https://www.kugou.com/yy/rank/home/4-6666.html?from=rank
2026-08-02,2026-08-02T15:41:49+08:00,酷狗音乐,飙升榜,酷狗飙升榜,2026-08-02,81,多想问你,庄淇玟29,,3:03,6DE5CB55BFF1F76A833106EC746883CC,201671402,https://www.kugou.com/yy/rank/home/4-6666.html?from=rank
2026-08-02,2026-08-02T15:41:49+08:00,酷狗音乐,飙升榜,酷狗飙升榜,2026-08-02,82,下辈子定要和你成个家 (没能为你披上的婚纱),烟嗓船长,,3:26,3E65426ADB8814AA1FD780DDAA67AC58,201534961,https://www.kugou.com/yy/rank/home/4-6666.html?from=rank
2026-08-02,2026-08-02T15:41:49+08:00,酷狗音乐,飙升榜,酷狗飙升榜,2026-08-02,83,天下 (顾不顾将相王侯)(超燃版),夏小夏、峰峰疯了,,2:28,C4859D6041812B6DD23BE8DD85AF98BD,130525955,https://www.kugou.com/yy/rank/home/4-6666.html?from=rank
2026-08-02,2026-08-02T15:41:49+08:00,酷狗音乐,飙升榜,酷狗飙升榜,2026-08-02,84,人间的剧本,灿哥,,3:18,385E681AB4C6EAA58987E38C7D56CDA1,201093589,https://www.kugou.com/yy/rank/home/4-6666.html?from=rank
2026-08-02,2026-08-02T15:41:49+08:00,酷狗音乐,飙升榜,酷狗飙升榜,2026-08-02,85,漫漫行人间,花僮,,2:50,C2AC974E0A6D59CCE995387A1C01A6F2,201645499,https://www.kugou.com/yy/rank/home/4-6666.html?from=rank
2026-08-02,2026-08-02T15:41:49+08:00,酷狗音乐,飙升榜,酷狗飙升榜,2026-08-02,86,你现在好吗,玄觞,,4:34,F74F75E2F97EC5E5ED22DDD6AD170947,42357913,https://www.kugou.com/yy/rank/home/4-6666.html?from=rank
2026-08-02,2026-08-02T15:41:49+08:00,酷狗音乐,飙升榜,酷狗飙升榜,2026-08-02,87,梦里梦外梦远方,向思思,,2:52,F2F36022F3853D06361FA7A80E6DDD62,107232619,https://www.kugou.com/yy/rank/home/4-6666.html?from=rank
2026-08-02,2026-08-02T15:41:49+08:00,酷狗音乐,飙升榜,酷狗飙升榜,2026-08-02,88,Angel (动感氛围版),еяхат музыка、Pao7oO、Grimmmz、Ameriie,,2:22,3AD86F7705C2564523D4625A457FB93D,199540375,https://www.kugou.com/yy/rank/home/4-6666.html?from=rank
2026-08-02,2026-08-02T15:41:49+08:00,酷狗音乐,飙升榜,酷狗飙升榜,2026-08-02,89,爱是一首老歌,晨熙,,3:47,E871FCDE9C32158682BB9F371B266DDE,201662179,https://www.kugou.com/yy/rank/home/5-6666.html?from=rank
2026-08-02,2026-08-02T15:41:49+08:00,酷狗音乐,飙升榜,酷狗飙升榜,2026-08-02,90,我和你猜了又猜 (氛围版),DJ林沐沐,,2:01,AF14DCC48F067EDCDD1F72F24E4A241E,200181419,https://www.kugou.com/yy/rank/home/5-6666.html?from=rank
2026-08-02,2026-08-02T15:41:49+08:00,酷狗音乐,飙升榜,酷狗飙升榜,2026-08-02,91,不要在我寂寞的时候说爱我 DJ,吕口口,,2:24,5CD8A43AB23F3FE93B96F057B71D2FD5,184335396,https://www.kugou.com/yy/rank/home/5-6666.html?from=rank
2026-08-02,2026-08-02T15:41:49+08:00,酷狗音乐,飙升榜,酷狗飙升榜,2026-08-02,92,白自在 (Live),胡彦斌,,5:11,F44A5845EE548454A455F9D09C13DF99,201659441,https://www.kugou.com/yy/rank/home/5-6666.html?from=rank
2026-08-02,2026-08-02T15:41:49+08:00,酷狗音乐,飙升榜,酷狗飙升榜,2026-08-02,93,雪花落满天 (语录版),烟嗓船长,,3:24,07E408CF352520CE5EBE0CB14059A351,201623548,https://www.kugou.com/yy/rank/home/5-6666.html?from=rank
2026-08-02,2026-08-02T15:41:49+08:00,酷狗音乐,飙升榜,酷狗飙升榜,2026-08-02,94,两个我们 (谢谢你燃烧了我的青春),Y小雷,,4:55,1573AE5B4A7C4EF960DAA5485E04A86D,200728473,https://www.kugou.com/yy/rank/home/5-6666.html?from=rank
2026-08-02,2026-08-02T15:41:49+08:00,酷狗音乐,飙升榜,酷狗飙升榜,2026-08-02,95,深爱过的人一生惦记 (对唱版),木木名、阿佳依,,3:37,EB19626D85AA6BDA6265171576152142,198922156,https://www.kugou.com/yy/rank/home/5-6666.html?from=rank
2026-08-02,2026-08-02T15:41:49+08:00,酷狗音乐,飙升榜,酷狗飙升榜,2026-08-02,96,也许在下雨天 (对唱版),何遇Hayu、姜雨涵,,3:48,86865447C35E3C1A414AFA6F84E7FC33,198623154,https://www.kugou.com/yy/rank/home/5-6666.html?from=rank
2026-08-02,2026-08-02T15:41:49+08:00,酷狗音乐,飙升榜,酷狗飙升榜,2026-08-02,97,最真的梦 (女生版),高高在这呢,,3:06,F55AB3D390CFD8660BF757640B30A698,103592993,https://www.kugou.com/yy/rank/home/5-6666.html?from=rank
2026-08-02,2026-08-02T15:41:49+08:00,酷狗音乐,飙升榜,酷狗飙升榜,2026-08-02,98,兄弟不散,高洋、刘老板,,4:02,F8C0572E23B0B13CAFB4F8088F20BED4,201365415,https://www.kugou.com/yy/rank/home/5-6666.html?from=rank
2026-08-02,2026-08-02T15:41:49+08:00,酷狗音乐,飙升榜,酷狗飙升榜,2026-08-02,99,难解 (前世不欠 今生不见),郑鱼,,3:47,BAFF8C413B3521D2BCC8799EEB605232,200773558,https://www.kugou.com/yy/rank/home/5-6666.html?from=rank
2026-08-02,2026-08-02T15:41:49+08:00,酷狗音乐,飙升榜,酷狗飙升榜,2026-08-02,100,加麻不加辣 (抒情版),阿厦,,2:46,3304313AC149C71B72C14671C3B458F9,201067057,https://www.kugou.com/yy/rank/home/5-6666.html?from=rank
2026-08-02,2026-08-02T15:41:49+08:00,微博,热搜榜,微博热搜榜,,1,瑞幸员工对嘴喷奶油,民生新闻,热度 2618461；热,,瑞幸员工对嘴喷奶油,,https://s.weibo.com/weibo?q=%23%E7%91%9E%E5%B9%B8%E5%91%98%E5%B7%A5%E5%AF%B9%E5%98%B4%E5%96%B7%E5%A5%B6%E6%B2%B9%23
2026-08-02,2026-08-02T15:41:49+08:00,微博,热搜榜,微博热搜榜,,2,集中供冷真的来了,民生新闻,热度 1416789；热,,集中供冷真的来了,,https://s.weibo.com/weibo?q=%23%E9%9B%86%E4%B8%AD%E4%BE%9B%E5%86%B7%E7%9C%9F%E7%9A%84%E6%9D%A5%E4%BA%86%23
2026-08-02,2026-08-02T15:41:49+08:00,微博,热搜榜,微博热搜榜,,3,新一代通信网建设加快,国内时政,热度 1294896；新,,新一代通信网建设加快,,https://s.weibo.com/weibo?q=%23%E6%96%B0%E4%B8%80%E4%BB%A3%E9%80%9A%E4%BF%A1%E7%BD%91%E5%BB%BA%E8%AE%BE%E5%8A%A0%E5%BF%AB%23
2026-08-02,2026-08-02T15:41:49+08:00,微博,热搜榜,微博热搜榜,,4,女孩截图假付款,民生新闻,热度 1285984；新,,女孩截图假付款,,https://s.weibo.com/weibo?q=%23%E5%A5%B3%E5%AD%A9%E6%88%AA%E5%9B%BE%E5%81%87%E4%BB%98%E6%AC%BE%23
2026-08-02,2026-08-02T15:41:49+08:00,微博,热搜榜,微博热搜榜,,5,情侣是一种很诡异的亲密关系,情感,热度 959512；新,,情侣是一种很诡异的亲密关系,,https://s.weibo.com/weibo?q=%23%E6%83%85%E4%BE%A3%E6%98%AF%E4%B8%80%E7%A7%8D%E5%BE%88%E8%AF%A1%E5%BC%82%E7%9A%84%E4%BA%B2%E5%AF%86%E5%85%B3%E7%B3%BB%23
2026-08-02,2026-08-02T15:41:49+08:00,微博,热搜榜,微博热搜榜,,6,TF四代青岛演唱会官宣,演出,热度 788499；新,,TF四代青岛演唱会官宣,演出,https://s.weibo.com/weibo?q=%23TF%E5%9B%9B%E4%BB%A3%E9%9D%92%E5%B2%9B%E6%BC%94%E5%94%B1%E4%BC%9A%E5%AE%98%E5%AE%A3%23
2026-08-02,2026-08-02T15:41:49+08:00,微博,热搜榜,微博热搜榜,,7,日本地震灾区呼吁不要再送千纸鹤,民生新闻,热度 722319；新,,日本地震灾区呼吁不要再送千纸鹤,,https://s.weibo.com/weibo?q=%23%E6%97%A5%E6%9C%AC%E5%9C%B0%E9%9C%87%E7%81%BE%E5%8C%BA%E5%91%BC%E5%90%81%E4%B8%8D%E8%A6%81%E5%86%8D%E9%80%81%E5%8D%83%E7%BA%B8%E9%B9%A4%23
2026-08-02,2026-08-02T15:41:49+08:00,微博,热搜榜,微博热搜榜,,8,天才女友 AI片头,剧集,热度 394041,,天才女友 AI片头,剧集,https://s.weibo.com/weibo?q=%23%E5%A4%A9%E6%89%8D%E5%A5%B3%E5%8F%8B%20AI%E7%89%87%E5%A4%B4%23
2026-08-02,2026-08-02T15:41:49+08:00,微博,热搜榜,微博热搜榜,,9,C罗结婚酒店当天仍可预订,体育,热度 392934,,C罗结婚酒店当天仍可预订,,https://s.weibo.com/weibo?q=%23C%E7%BD%97%E7%BB%93%E5%A9%9A%E9%85%92%E5%BA%97%E5%BD%93%E5%A4%A9%E4%BB%8D%E5%8F%AF%E9%A2%84%E8%AE%A2%23
2026-08-02,2026-08-02T15:41:49+08:00,微博,热搜榜,微博热搜榜,,10,一看就想睡的装修风格,休闲,热度 392211,,一看就想睡的装修风格,,https://s.weibo.com/weibo?q=%23%E4%B8%80%E7%9C%8B%E5%B0%B1%E6%83%B3%E7%9D%A1%E7%9A%84%E8%A3%85%E4%BF%AE%E9%A3%8E%E6%A0%BC%23
2026-08-02,2026-08-02T15:41:49+08:00,微博,热搜榜,微博热搜榜,,11,明星 哭穷,艺人,热度 389617；热,,明星 哭穷,,https://s.weibo.com/weibo?q=%23%E6%98%8E%E6%98%9F%20%E5%93%AD%E7%A9%B7%23
2026-08-02,2026-08-02T15:41:49+08:00,微博,热搜榜,微博热搜榜,,12,瑞幸回应门店员工被曝用奶油枪喂食,民生新闻,热度 387582,,瑞幸回应门店员工被曝用奶油枪喂食,,https://s.weibo.com/weibo?q=%23%E7%91%9E%E5%B9%B8%E5%9B%9E%E5%BA%94%E9%97%A8%E5%BA%97%E5%91%98%E5%B7%A5%E8%A2%AB%E6%9B%9D%E7%94%A8%E5%A5%B6%E6%B2%B9%E6%9E%AA%E5%96%82%E9%A3%9F%23
2026-08-02,2026-08-02T15:41:49+08:00,微博,热搜榜,微博热搜榜,,13,张继科参赛遭解说嘲讽,体育,热度 386781；热,,张继科参赛遭解说嘲讽,,https://s.weibo.com/weibo?q=%23%E5%BC%A0%E7%BB%A7%E7%A7%91%E5%8F%82%E8%B5%9B%E9%81%AD%E8%A7%A3%E8%AF%B4%E5%98%B2%E8%AE%BD%23
2026-08-02,2026-08-02T15:41:49+08:00,微博,热搜榜,微博热搜榜,,14,刘耀文的手被P没了,综艺,热度 384708；新,,刘耀文的手被P没了,['刘耀文'],https://s.weibo.com/weibo?q=%23%E5%88%98%E8%80%80%E6%96%87%E7%9A%84%E6%89%8B%E8%A2%ABP%E6%B2%A1%E4%BA%86%23
2026-08-02,2026-08-02T15:41:49+08:00,微博,热搜榜,微博热搜榜,,15,天总曝一线明星一部戏收入仅一百多万,网红,热度 383524；新,,天总曝一线明星一部戏收入仅一百多万,,https://s.weibo.com/weibo?q=%23%E5%A4%A9%E6%80%BB%E6%9B%9D%E4%B8%80%E7%BA%BF%E6%98%8E%E6%98%9F%E4%B8%80%E9%83%A8%E6%88%8F%E6%94%B6%E5%85%A5%E4%BB%85%E4%B8%80%E7%99%BE%E5%A4%9A%E4%B8%87%23
2026-08-02,2026-08-02T15:41:49+08:00,微博,热搜榜,微博热搜榜,,16,突然发现摆烂才是最强的谈判技巧,幽默,热度 381589,,突然发现摆烂才是最强的谈判技巧,,https://s.weibo.com/weibo?q=%23%E7%AA%81%E7%84%B6%E5%8F%91%E7%8E%B0%E6%91%86%E7%83%82%E6%89%8D%E6%98%AF%E6%9C%80%E5%BC%BA%E7%9A%84%E8%B0%88%E5%88%A4%E6%8A%80%E5%B7%A7%23
2026-08-02,2026-08-02T15:41:49+08:00,微博,热搜榜,微博热搜榜,,17,宋威龙新头像,艺人,热度 380105；新,,宋威龙新头像,['宋威龙'],https://s.weibo.com/weibo?q=%23%E5%AE%8B%E5%A8%81%E9%BE%99%E6%96%B0%E5%A4%B4%E5%83%8F%23
2026-08-02,2026-08-02T15:41:49+08:00,微博,热搜榜,微博热搜榜,,18,闵塔鲨发白鹿口碑爆棚,艺人,热度 378087,,闵塔鲨发白鹿口碑爆棚,"['白鹿', '闵塔鲨']",https://s.weibo.com/weibo?q=%23%E9%97%B5%E5%A1%94%E9%B2%A8%E5%8F%91%E7%99%BD%E9%B9%BF%E5%8F%A3%E7%A2%91%E7%88%86%E6%A3%9A%23
2026-08-02,2026-08-02T15:41:49+08:00,微博,热搜榜,微博热搜榜,,19,你的公积金将有新变化,民生新闻,热度 377309,,你的公积金将有新变化,,https://s.weibo.com/weibo?q=%23%E4%BD%A0%E7%9A%84%E5%85%AC%E7%A7%AF%E9%87%91%E5%B0%86%E6%9C%89%E6%96%B0%E5%8F%98%E5%8C%96%23
2026-08-02,2026-08-02T15:41:49+08:00,微博,热搜榜,微博热搜榜,,20,登山公司称10人探险队全部遇难,海外新闻,热度 373063,,登山公司称10人探险队全部遇难,,https://s.weibo.com/weibo?q=%23%E7%99%BB%E5%B1%B1%E5%85%AC%E5%8F%B8%E7%A7%B010%E4%BA%BA%E6%8E%A2%E9%99%A9%E9%98%9F%E5%85%A8%E9%83%A8%E9%81%87%E9%9A%BE%23
2026-08-02,2026-08-02T15:41:49+08:00,微博,热搜榜,微博热搜榜,,21,都美竹回应她的钱从哪里来的,网红,热度 364584,,都美竹回应她的钱从哪里来的,,https://s.weibo.com/weibo?q=%23%E9%83%BD%E7%BE%8E%E7%AB%B9%E5%9B%9E%E5%BA%94%E5%A5%B9%E7%9A%84%E9%92%B1%E4%BB%8E%E5%93%AA%E9%87%8C%E6%9D%A5%E7%9A%84%23
2026-08-02,2026-08-02T15:41:49+08:00,微博,热搜榜,微博热搜榜,,22,李荣浩粉丝中考成绩659分要他转659元,艺人,热度 357003,,李荣浩粉丝中考成绩659分要他转659元,['李荣浩'],https://s.weibo.com/weibo?q=%23%E6%9D%8E%E8%8D%A3%E6%B5%A9%E7%B2%89%E4%B8%9D%E4%B8%AD%E8%80%83%E6%88%90%E7%BB%A9659%E5%88%86%E8%A6%81%E4%BB%96%E8%BD%AC659%E5%85%83%23
2026-08-02,2026-08-02T15:41:49+08:00,微博,热搜榜,微博热搜榜,,23,住房公积金条例重大修订,民生新闻,热度 347441,,住房公积金条例重大修订,,https://s.weibo.com/weibo?q=%23%E4%BD%8F%E6%88%BF%E5%85%AC%E7%A7%AF%E9%87%91%E6%9D%A1%E4%BE%8B%E9%87%8D%E5%A4%A7%E4%BF%AE%E8%AE%A2%23
2026-08-02,2026-08-02T15:41:49+08:00,微博,热搜榜,微博热搜榜,,24,王俊凯广州演唱会座位图,演出,热度 344948；新,,王俊凯广州演唱会座位图,演出,https://s.weibo.com/weibo?q=%23%E7%8E%8B%E4%BF%8A%E5%87%AF%E5%B9%BF%E5%B7%9E%E6%BC%94%E5%94%B1%E4%BC%9A%E5%BA%A7%E4%BD%8D%E5%9B%BE%23
2026-08-02,2026-08-02T15:41:49+08:00,微博,热搜榜,微博热搜榜,,25,陈伟霆说陈瑶去了浪姐就是不一样,剧集,热度 326178；新,,陈伟霆说陈瑶去了浪姐就是不一样,综艺,https://s.weibo.com/weibo?q=%23%E9%99%88%E4%BC%9F%E9%9C%86%E8%AF%B4%E9%99%88%E7%91%B6%E5%8E%BB%E4%BA%86%E6%B5%AA%E5%A7%90%E5%B0%B1%E6%98%AF%E4%B8%8D%E4%B8%80%E6%A0%B7%23
2026-08-02,2026-08-02T15:41:49+08:00,微博,热搜榜,微博热搜榜,,26,女孩买烤肠利用手机里支付截图假付款,民生新闻,热度 265947；新,,女孩买烤肠利用手机里支付截图假付款,,https://s.weibo.com/weibo?q=%23%E5%A5%B3%E5%AD%A9%E4%B9%B0%E7%83%A4%E8%82%A0%E5%88%A9%E7%94%A8%E6%89%8B%E6%9C%BA%E9%87%8C%E6%94%AF%E4%BB%98%E6%88%AA%E5%9B%BE%E5%81%87%E4%BB%98%E6%AC%BE%23
2026-08-02,2026-08-02T15:41:49+08:00,微博,热搜榜,微博热搜榜,,27,天才女友热度,剧集,热度 264096,,天才女友热度,剧集,https://s.weibo.com/weibo?q=%23%E5%A4%A9%E6%89%8D%E5%A5%B3%E5%8F%8B%E7%83%AD%E5%BA%A6%23
2026-08-02,2026-08-02T15:41:49+08:00,微博,热搜榜,微博热搜榜,,28,IF椰子水市值从126亿暴跌到16亿,财经,热度 260215,,IF椰子水市值从126亿暴跌到16亿,,https://s.weibo.com/weibo?q=%23IF%E6%A4%B0%E5%AD%90%E6%B0%B4%E5%B8%82%E5%80%BC%E4%BB%8E126%E4%BA%BF%E6%9A%B4%E8%B7%8C%E5%88%B016%E4%BA%BF%23
2026-08-02,2026-08-02T15:41:49+08:00,微博,热搜榜,微博热搜榜,,29,公瑾爆蛋,美食,热度 253706,,公瑾爆蛋,,https://s.weibo.com/weibo?q=%23%E5%85%AC%E7%91%BE%E7%88%86%E8%9B%8B%23
2026-08-02,2026-08-02T15:41:49+08:00,微博,热搜榜,微博热搜榜,,30,又一个网红保健品翻车,民生新闻,热度 252303；新,,又一个网红保健品翻车,,https://s.weibo.com/weibo?q=%23%E5%8F%88%E4%B8%80%E4%B8%AA%E7%BD%91%E7%BA%A2%E4%BF%9D%E5%81%A5%E5%93%81%E7%BF%BB%E8%BD%A6%23
2026-08-02,2026-08-02T15:41:49+08:00,微博,热搜榜,微博热搜榜,,31,小红书旅游帖 诈骗,旅游,热度 249538,,小红书旅游帖 诈骗,,https://s.weibo.com/weibo?q=%23%E5%B0%8F%E7%BA%A2%E4%B9%A6%E6%97%85%E6%B8%B8%E5%B8%96%20%E8%AF%88%E9%AA%97%23
2026-08-02,2026-08-02T15:41:49+08:00,微博,热搜榜,微博热搜榜,,32,白鹿蛇塑,艺人,热度 228159,,白鹿蛇塑,['白鹿'],https://s.weibo.com/weibo?q=%23%E7%99%BD%E9%B9%BF%E8%9B%87%E5%A1%91%23
2026-08-02,2026-08-02T15:41:49+08:00,微博,热搜榜,微博热搜榜,,33,东方甄选前CEO新公司首播,互联网,热度 194212,,东方甄选前CEO新公司首播,,https://s.weibo.com/weibo?q=%23%E4%B8%9C%E6%96%B9%E7%94%84%E9%80%89%E5%89%8DCEO%E6%96%B0%E5%85%AC%E5%8F%B8%E9%A6%96%E6%92%AD%23
2026-08-02,2026-08-02T15:41:49+08:00,微博,热搜榜,微博热搜榜,,34,出轨做试管婴儿男子十多年前就曾出轨,民生新闻,热度 191330,,出轨做试管婴儿男子十多年前就曾出轨,,https://s.weibo.com/weibo?q=%23%E5%87%BA%E8%BD%A8%E5%81%9A%E8%AF%95%E7%AE%A1%E5%A9%B4%E5%84%BF%E7%94%B7%E5%AD%90%E5%8D%81%E5%A4%9A%E5%B9%B4%E5%89%8D%E5%B0%B1%E6%9B%BE%E5%87%BA%E8%BD%A8%23
2026-08-02,2026-08-02T15:41:49+08:00,微博,热搜榜,微博热搜榜,,35,曝C罗婚礼嘉宾名单,体育,热度 189114,,曝C罗婚礼嘉宾名单,,https://s.weibo.com/weibo?q=%23%E6%9B%9DC%E7%BD%97%E5%A9%9A%E7%A4%BC%E5%98%89%E5%AE%BE%E5%90%8D%E5%8D%95%23
2026-08-02,2026-08-02T15:41:49+08:00,微博,热搜榜,微博热搜榜,,36,九门,剧集,热度 172059,,九门,剧集,https://s.weibo.com/weibo?q=%23%E4%B9%9D%E9%97%A8%23
2026-08-02,2026-08-02T15:41:49+08:00,微博,热搜榜,微博热搜榜,,37,人真的要珍惜单身的时间,情感,热度 157725；新,,人真的要珍惜单身的时间,,https://s.weibo.com/weibo?q=%23%E4%BA%BA%E7%9C%9F%E7%9A%84%E8%A6%81%E7%8F%8D%E6%83%9C%E5%8D%95%E8%BA%AB%E7%9A%84%E6%97%B6%E9%97%B4%23
2026-08-02,2026-08-02T15:41:49+08:00,微博,热搜榜,微博热搜榜,,38,戴眼镜的刘亦菲,艺人,热度 151581；新,,戴眼镜的刘亦菲,['刘亦菲'],https://s.weibo.com/weibo?q=%23%E6%88%B4%E7%9C%BC%E9%95%9C%E7%9A%84%E5%88%98%E4%BA%A6%E8%8F%B2%23
2026-08-02,2026-08-02T15:41:49+08:00,微博,热搜榜,微博热搜榜,,39,地铁吐血女孩为嫣然基金捐99999元,民生新闻,热度 150544；新,,地铁吐血女孩为嫣然基金捐99999元,,https://s.weibo.com/weibo?q=%23%E5%9C%B0%E9%93%81%E5%90%90%E8%A1%80%E5%A5%B3%E5%AD%A9%E4%B8%BA%E5%AB%A3%E7%84%B6%E5%9F%BA%E9%87%91%E6%8D%9099999%E5%85%83%23
2026-08-02,2026-08-02T15:41:49+08:00,微博,热搜榜,微博热搜榜,,40,天才女友抽象剧宣,剧集,热度 150369；新,,天才女友抽象剧宣,剧集,https://s.weibo.com/weibo?q=%23%E5%A4%A9%E6%89%8D%E5%A5%B3%E5%8F%8B%E6%8A%BD%E8%B1%A1%E5%89%A7%E5%AE%A3%23
2026-08-02,2026-08-02T15:41:49+08:00,微博,热搜榜,微博热搜榜,,41,代旭说别在女孩面前聊游戏,综艺,热度 150303；新,,代旭说别在女孩面前聊游戏,,https://s.weibo.com/weibo?q=%23%E4%BB%A3%E6%97%AD%E8%AF%B4%E5%88%AB%E5%9C%A8%E5%A5%B3%E5%AD%A9%E9%9D%A2%E5%89%8D%E8%81%8A%E6%B8%B8%E6%88%8F%23
2026-08-02,2026-08-02T15:41:49+08:00,微博,热搜榜,微博热搜榜,,42,周扬青37岁素颜状态,艺人,热度 150269；新,,周扬青37岁素颜状态,['周扬青'],https://s.weibo.com/weibo?q=%23%E5%91%A8%E6%89%AC%E9%9D%9237%E5%B2%81%E7%B4%A0%E9%A2%9C%E7%8A%B6%E6%80%81%23
2026-08-02,2026-08-02T15:41:49+08:00,微博,热搜榜,微博热搜榜,,43,一段关系走向结束的前兆,情感,热度 145809,,一段关系走向结束的前兆,,https://s.weibo.com/weibo?q=%23%E4%B8%80%E6%AE%B5%E5%85%B3%E7%B3%BB%E8%B5%B0%E5%90%91%E7%BB%93%E6%9D%9F%E7%9A%84%E5%89%8D%E5%85%86%23
2026-08-02,2026-08-02T15:41:49+08:00,微博,热搜榜,微博热搜榜,,44,仅凭假结婚证试管不足构成重婚,民生新闻,热度 139534；新,,仅凭假结婚证试管不足构成重婚,,https://s.weibo.com/weibo?q=%23%E4%BB%85%E5%87%AD%E5%81%87%E7%BB%93%E5%A9%9A%E8%AF%81%E8%AF%95%E7%AE%A1%E4%B8%8D%E8%B6%B3%E6%9E%84%E6%88%90%E9%87%8D%E5%A9%9A%23
2026-08-02,2026-08-02T15:41:49+08:00,微博,热搜榜,微博热搜榜,,45,林一和肖战一样都不爱吃茄子,艺人,热度 138824；新,,林一和肖战一样都不爱吃茄子,"['肖战', '林一']",https://s.weibo.com/weibo?q=%23%E6%9E%97%E4%B8%80%E5%92%8C%E8%82%96%E6%88%98%E4%B8%80%E6%A0%B7%E9%83%BD%E4%B8%8D%E7%88%B1%E5%90%83%E8%8C%84%E5%AD%90%23
2026-08-02,2026-08-02T15:41:49+08:00,微博,热搜榜,微博热搜榜,,46,王楚然自曝近视700多度,艺人,热度 137168,,王楚然自曝近视700多度,['王楚然'],https://s.weibo.com/weibo?q=%23%E7%8E%8B%E6%A5%9A%E7%84%B6%E8%87%AA%E6%9B%9D%E8%BF%91%E8%A7%86700%E5%A4%9A%E5%BA%A6%23
2026-08-02,2026-08-02T15:41:49+08:00,微博,热搜榜,微博热搜榜,,47,小时候和妈妈睡觉是有翻身次数限制,幽默,热度 136908；新,,小时候和妈妈睡觉是有翻身次数限制,,https://s.weibo.com/weibo?q=%23%E5%B0%8F%E6%97%B6%E5%80%99%E5%92%8C%E5%A6%88%E5%A6%88%E7%9D%A1%E8%A7%89%E6%98%AF%E6%9C%89%E7%BF%BB%E8%BA%AB%E6%AC%A1%E6%95%B0%E9%99%90%E5%88%B6%23
2026-08-02,2026-08-02T15:41:49+08:00,微博,热搜榜,微博热搜榜,,48,小米手机三轮涨价,数码,热度 136635；新,,小米手机三轮涨价,,https://s.weibo.com/weibo?q=%23%E5%B0%8F%E7%B1%B3%E6%89%8B%E6%9C%BA%E4%B8%89%E8%BD%AE%E6%B6%A8%E4%BB%B7%23
2026-08-02,2026-08-02T15:41:49+08:00,微博,热搜榜,微博热搜榜,,49,闪迪业绩,财经,热度 135835,,闪迪业绩,,https://s.weibo.com/weibo?q=%23%E9%97%AA%E8%BF%AA%E4%B8%9A%E7%BB%A9%23
2026-08-02,2026-08-02T15:41:49+08:00,微博,热搜榜,微博热搜榜,,50,小米手机涨价300到500元,数码,热度 135711,,小米手机涨价300到500元,,https://s.weibo.com/weibo?q=%23%E5%B0%8F%E7%B1%B3%E6%89%8B%E6%9C%BA%E6%B6%A8%E4%BB%B7300%E5%88%B0500%E5%85%83%23
2026-08-02,2026-08-02T15:41:49+08:00,微博,文娱热搜榜,微博热搜榜-文娱条目,,1,TF四代青岛演唱会官宣,演出,总榜排名 6；热度 789694；新,,TF四代青岛演唱会官宣,演出,https://s.weibo.com/weibo?q=%23TF%E5%9B%9B%E4%BB%A3%E9%9D%92%E5%B2%9B%E6%BC%94%E5%94%B1%E4%BC%9A%E5%AE%98%E5%AE%A3%23
2026-08-02,2026-08-02T15:41:49+08:00,微博,文娱热搜榜,微博热搜榜-文娱条目,,2,天才女友 AI片头,剧集,总榜排名 8；热度 389818,,天才女友 AI片头,剧集,https://s.weibo.com/weibo?q=%23%E5%A4%A9%E6%89%8D%E5%A5%B3%E5%8F%8B%20AI%E7%89%87%E5%A4%B4%23
2026-08-02,2026-08-02T15:41:49+08:00,微博,文娱热搜榜,微博热搜榜-文娱条目,,3,明星 哭穷,艺人,总榜排名 11；热度 385197；热,,明星 哭穷,,https://s.weibo.com/weibo?q=%23%E6%98%8E%E6%98%9F%20%E5%93%AD%E7%A9%B7%23
2026-08-02,2026-08-02T15:41:49+08:00,微博,文娱热搜榜,微博热搜榜-文娱条目,,4,刘耀文的手被P没了,综艺,总榜排名 14；热度 378848；热,,刘耀文的手被P没了,['刘耀文'],https://s.weibo.com/weibo?q=%23%E5%88%98%E8%80%80%E6%96%87%E7%9A%84%E6%89%8B%E8%A2%ABP%E6%B2%A1%E4%BA%86%23
2026-08-02,2026-08-02T15:41:49+08:00,微博,文娱热搜榜,微博热搜榜-文娱条目,,5,天总曝一线明星一部戏收入仅一百多万,网红,总榜排名 15；热度 378003；新,,天总曝一线明星一部戏收入仅一百多万,,https://s.weibo.com/weibo?q=%23%E5%A4%A9%E6%80%BB%E6%9B%9D%E4%B8%80%E7%BA%BF%E6%98%8E%E6%98%9F%E4%B8%80%E9%83%A8%E6%88%8F%E6%94%B6%E5%85%A5%E4%BB%85%E4%B8%80%E7%99%BE%E5%A4%9A%E4%B8%87%23
2026-08-02,2026-08-02T15:41:49+08:00,微博,文娱热搜榜,微博热搜榜-文娱条目,,6,宋威龙新头像,艺人,总榜排名 17；热度 373324；新,,宋威龙新头像,['宋威龙'],https://s.weibo.com/weibo?q=%23%E5%AE%8B%E5%A8%81%E9%BE%99%E6%96%B0%E5%A4%B4%E5%83%8F%23
2026-08-02,2026-08-02T15:41:49+08:00,微博,文娱热搜榜,微博热搜榜-文娱条目,,7,闵塔鲨发白鹿口碑爆棚,艺人,总榜排名 18；热度 372540,,闵塔鲨发白鹿口碑爆棚,"['白鹿', '闵塔鲨']",https://s.weibo.com/weibo?q=%23%E9%97%B5%E5%A1%94%E9%B2%A8%E5%8F%91%E7%99%BD%E9%B9%BF%E5%8F%A3%E7%A2%91%E7%88%86%E6%A3%9A%23
2026-08-02,2026-08-02T15:41:49+08:00,微博,文娱热搜榜,微博热搜榜-文娱条目,,8,都美竹回应她的钱从哪里来的,网红,总榜排名 21；热度 359443,,都美竹回应她的钱从哪里来的,,https://s.weibo.com/weibo?q=%23%E9%83%BD%E7%BE%8E%E7%AB%B9%E5%9B%9E%E5%BA%94%E5%A5%B9%E7%9A%84%E9%92%B1%E4%BB%8E%E5%93%AA%E9%87%8C%E6%9D%A5%E7%9A%84%23
2026-08-02,2026-08-02T15:41:49+08:00,微博,文娱热搜榜,微博热搜榜-文娱条目,,9,李荣浩粉丝中考成绩659分要他转659元,艺人,总榜排名 22；热度 353087,,李荣浩粉丝中考成绩659分要他转659元,['李荣浩'],https://s.weibo.com/weibo?q=%23%E6%9D%8E%E8%8D%A3%E6%B5%A9%E7%B2%89%E4%B8%9D%E4%B8%AD%E8%80%83%E6%88%90%E7%BB%A9659%E5%88%86%E8%A6%81%E4%BB%96%E8%BD%AC659%E5%85%83%23
2026-08-02,2026-08-02T15:41:49+08:00,微博,文娱热搜榜,微博热搜榜-文娱条目,,10,陈伟霆说陈瑶去了浪姐就是不一样,剧集,总榜排名 24；热度 345208；新,,陈伟霆说陈瑶去了浪姐就是不一样,综艺,https://s.weibo.com/weibo?q=%23%E9%99%88%E4%BC%9F%E9%9C%86%E8%AF%B4%E9%99%88%E7%91%B6%E5%8E%BB%E4%BA%86%E6%B5%AA%E5%A7%90%E5%B0%B1%E6%98%AF%E4%B8%8D%E4%B8%80%E6%A0%B7%23
2026-08-02,2026-08-02T15:41:49+08:00,微博,文娱热搜榜,微博热搜榜-文娱条目,,11,王俊凯广州演唱会座位图,演出,总榜排名 25；热度 341097；新,,王俊凯广州演唱会座位图,演出,https://s.weibo.com/weibo?q=%23%E7%8E%8B%E4%BF%8A%E5%87%AF%E5%B9%BF%E5%B7%9E%E6%BC%94%E5%94%B1%E4%BC%9A%E5%BA%A7%E4%BD%8D%E5%9B%BE%23
2026-08-02,2026-08-02T15:41:49+08:00,微博,文娱热搜榜,微博热搜榜-文娱条目,,12,天才女友热度,剧集,总榜排名 27；热度 264332,,天才女友热度,剧集,https://s.weibo.com/weibo?q=%23%E5%A4%A9%E6%89%8D%E5%A5%B3%E5%8F%8B%E7%83%AD%E5%BA%A6%23
2026-08-02,2026-08-02T15:41:49+08:00,微博,文娱热搜榜,微博热搜榜-文娱条目,,13,白鹿蛇塑,艺人,总榜排名 32；热度 224224,,白鹿蛇塑,['白鹿'],https://s.weibo.com/weibo?q=%23%E7%99%BD%E9%B9%BF%E8%9B%87%E5%A1%91%23
2026-08-02,2026-08-02T15:41:49+08:00,微博,文娱热搜榜,微博热搜榜-文娱条目,,14,九门,剧集,总榜排名 37；热度 176833,,九门,剧集,https://s.weibo.com/weibo?q=%23%E4%B9%9D%E9%97%A8%23
2026-08-02,2026-08-02T15:41:49+08:00,微博,文娱热搜榜,微博热搜榜-文娱条目,,15,天才女友抽象剧宣,剧集,总榜排名 39；热度 158561；新,,天才女友抽象剧宣,剧集,https://s.weibo.com/weibo?q=%23%E5%A4%A9%E6%89%8D%E5%A5%B3%E5%8F%8B%E6%8A%BD%E8%B1%A1%E5%89%A7%E5%AE%A3%23
2026-08-02,2026-08-02T15:41:49+08:00,微博,文娱热搜榜,微博热搜榜-文娱条目,,16,戴眼镜的刘亦菲,艺人,总榜排名 41；热度 153449；新,,戴眼镜的刘亦菲,['刘亦菲'],https://s.weibo.com/weibo?q=%23%E6%88%B4%E7%9C%BC%E9%95%9C%E7%9A%84%E5%88%98%E4%BA%A6%E8%8F%B2%23
2026-08-02,2026-08-02T15:41:49+08:00,微博,文娱热搜榜,微博热搜榜-文娱条目,,17,赞达亚戴3000年文物耳环被批,电影,总榜排名 42；热度 149784；新,,赞达亚戴3000年文物耳环被批,电影,https://s.weibo.com/weibo?q=%23%E8%B5%9E%E8%BE%BE%E4%BA%9A%E6%88%B43000%E5%B9%B4%E6%96%87%E7%89%A9%E8%80%B3%E7%8E%AF%E8%A2%AB%E6%89%B9%23
2026-08-02,2026-08-02T15:41:49+08:00,微博,文娱热搜榜,微博热搜榜-文娱条目,,18,林一和肖战一样都不爱吃茄子,艺人,总榜排名 44；热度 139594；新,,林一和肖战一样都不爱吃茄子,"['肖战', '林一']",https://s.weibo.com/weibo?q=%23%E6%9E%97%E4%B8%80%E5%92%8C%E8%82%96%E6%88%98%E4%B8%80%E6%A0%B7%E9%83%BD%E4%B8%8D%E7%88%B1%E5%90%83%E8%8C%84%E5%AD%90%23
2026-08-02,2026-08-02T15:41:49+08:00,微博,文娱热搜榜,微博热搜榜-文娱条目,,19,代旭说别在女孩面前聊游戏,综艺,总榜排名 45；热度 139245；新,,代旭说别在女孩面前聊游戏,,https://s.weibo.com/weibo?q=%23%E4%BB%A3%E6%97%AD%E8%AF%B4%E5%88%AB%E5%9C%A8%E5%A5%B3%E5%AD%A9%E9%9D%A2%E5%89%8D%E8%81%8A%E6%B8%B8%E6%88%8F%23
2026-08-02,2026-08-02T15:41:49+08:00,微博,文娱热搜榜,微博热搜榜-文娱条目,,20,周扬青37岁素颜状态,艺人,总榜排名 46；热度 139111；新,,周扬青37岁素颜状态,['周扬青'],https://s.weibo.com/weibo?q=%23%E5%91%A8%E6%89%AC%E9%9D%9237%E5%B2%81%E7%B4%A0%E9%A2%9C%E7%8A%B6%E6%80%81%23
2026-08-02,2026-08-02T15:41:49+08:00,微博,文娱热搜榜,微博热搜榜-文娱条目,,21,王楚然自曝近视700多度,艺人,总榜排名 50；热度 134974,,王楚然自曝近视700多度,['王楚然'],https://s.weibo.com/weibo?q=%23%E7%8E%8B%E6%A5%9A%E7%84%B6%E8%87%AA%E6%9B%9D%E8%BF%91%E8%A7%86700%E5%A4%9A%E5%BA%A6%23
