snapshot_date,captured_at,platform,chart,official_chart,platform_date,rank,song_name,artist,chart_metric,duration,song_id,album_id,source_url
2026-09-12,2026-09-12T12:42:35+08:00,QQ音乐,热歌榜,热歌榜,2026-09-12,1,世界如此,田栩宁,新进,,724019309,001bl3v11V5oQ9,https://y.qq.com/n/ryqq/toplist/26
2026-09-12,2026-09-12T12:42:35+08:00,QQ音乐,热歌榜,热歌榜,2026-09-12,2,我不难过,孙燕姿,下降 1,,8136,004VSvF52mQoQp,https://y.qq.com/n/ryqq/toplist/26
2026-09-12,2026-09-12T12:42:35+08:00,QQ音乐,热歌榜,热歌榜,2026-09-12,3,甲乙丙丁 (你我怎么两清),李佳薇,下降 1,,696262512,00446QRA1fTdqA,https://y.qq.com/n/ryqq/toplist/26
2026-09-12,2026-09-12T12:42:35+08:00,QQ音乐,热歌榜,热歌榜,2026-09-12,4,泪海,许茹芸,下降 1,,106585340,001Ugmj01giuzO,https://y.qq.com/n/ryqq/toplist/26
2026-09-12,2026-09-12T12:42:35+08:00,QQ音乐,热歌榜,热歌榜,2026-09-12,5,恋人,李荣浩,下降 1,,496054946,004HaG7p4ZkhXA,https://y.qq.com/n/ryqq/toplist/26
2026-09-12,2026-09-12T12:42:35+08:00,QQ音乐,热歌榜,热歌榜,2026-09-12,6,情歌,梁静茹,下降 1,,462188,002E4IXe1ESUij,https://y.qq.com/n/ryqq/toplist/26
2026-09-12,2026-09-12T12:42:35+08:00,QQ音乐,热歌榜,热歌榜,2026-09-12,7,我怀念的,孙燕姿,下降 1,,5211338,000P3l050Olt27,https://y.qq.com/n/ryqq/toplist/26
2026-09-12,2026-09-12T12:42:35+08:00,QQ音乐,热歌榜,热歌榜,2026-09-12,8,琵琶曲,郑浩/冰洁,下降 1,,627317850,002PmUzc12N5S7,https://y.qq.com/n/ryqq/toplist/26
2026-09-12,2026-09-12T12:42:35+08:00,QQ音乐,热歌榜,热歌榜,2026-09-12,9,雨爱,杨丞琳,下降 1,,645819,000jcKFG0sQrD0,https://y.qq.com/n/ryqq/toplist/26
2026-09-12,2026-09-12T12:42:35+08:00,QQ音乐,热歌榜,热歌榜,2026-09-12,10,开始懂了,孙燕姿,下降 1,,5646,004KRIQr1oCp2A,https://y.qq.com/n/ryqq/toplist/26
2026-09-12,2026-09-12T12:42:35+08:00,QQ音乐,热歌榜,热歌榜,2026-09-12,11,爱错,王力宏,下降 1,,105905415,002ElVxf43rOue,https://y.qq.com/n/ryqq/toplist/26
2026-09-12,2026-09-12T12:42:35+08:00,QQ音乐,热歌榜,热歌榜,2026-09-12,12,Always Online,林俊杰,0,,447257,002g6zv02X7SNi,https://y.qq.com/n/ryqq/toplist/26
2026-09-12,2026-09-12T12:42:35+08:00,QQ音乐,热歌榜,热歌榜,2026-09-12,13,特别的人,方大同,0,,5293866,000GvdTR0qcKh8,https://y.qq.com/n/ryqq/toplist/26
2026-09-12,2026-09-12T12:42:35+08:00,QQ音乐,热歌榜,热歌榜,2026-09-12,14,失眠,Suki刘舒妤,下降 3,,4733575,002xCeeN4EJ1Ke,https://y.qq.com/n/ryqq/toplist/26
2026-09-12,2026-09-12T12:42:35+08:00,QQ音乐,热歌榜,热歌榜,2026-09-12,15,盛夏的果实,莫文蔚,下降 1,,4830161,000KeV8l1PIjxt,https://y.qq.com/n/ryqq/toplist/26
2026-09-12,2026-09-12T12:42:35+08:00,QQ音乐,热歌榜,热歌榜,2026-09-12,16,江南,林俊杰,下降 1,,9063002,000y5gq7449K9I,https://y.qq.com/n/ryqq/toplist/26
2026-09-12,2026-09-12T12:42:35+08:00,QQ音乐,热歌榜,热歌榜,2026-09-12,17,唯一,G.E.M.邓紫棋,下降 1,,438910555,002d6m7k0xCbSv,https://y.qq.com/n/ryqq/toplist/26
2026-09-12,2026-09-12T12:42:35+08:00,QQ音乐,热歌榜,热歌榜,2026-09-12,18,演员,薛之谦,上升 4,,102636799,003y8dsH2wBHlo,https://y.qq.com/n/ryqq/toplist/26
2026-09-12,2026-09-12T12:42:35+08:00,QQ音乐,热歌榜,热歌榜,2026-09-12,19,阴天,莫文蔚,0,,4830345,000hTTJN3oScZr,https://y.qq.com/n/ryqq/toplist/26
2026-09-12,2026-09-12T12:42:35+08:00,QQ音乐,热歌榜,热歌榜,2026-09-12,20,红色高跟鞋,蔡健雅,0,,624649,002dOge41xlS8x,https://y.qq.com/n/ryqq/toplist/26
2026-09-12,2026-09-12T12:42:35+08:00,QQ音乐,热歌榜,热歌榜,2026-09-12,21,春娇与志明,街道办GDC/欧阳耀莹,下降 4,,205357640,000lrXyA0MlEEo,https://y.qq.com/n/ryqq/toplist/26
2026-09-12,2026-09-12T12:42:35+08:00,QQ音乐,热歌榜,热歌榜,2026-09-12,22,大梦归,周深,新进,,724093215,000yvUoe0smrsz,https://y.qq.com/n/ryqq/toplist/26
2026-09-12,2026-09-12T12:42:35+08:00,QQ音乐,热歌榜,热歌榜,2026-09-12,23,富士山下,陈奕迅,下降 2,,260678,004Z85XP1c25b7,https://y.qq.com/n/ryqq/toplist/26
2026-09-12,2026-09-12T12:42:35+08:00,QQ音乐,热歌榜,热歌榜,2026-09-12,24,她,刘宇宁,下降 6,,718438327,0009ERg64Rxwzu,https://y.qq.com/n/ryqq/toplist/26
2026-09-12,2026-09-12T12:42:35+08:00,QQ音乐,热歌榜,热歌榜,2026-09-12,25,雨过后的风景,Dizzy Dizzo (蔡诗芸),下降 2,,1960263,0038xSkp1EcVBf,https://y.qq.com/n/ryqq/toplist/26
2026-09-12,2026-09-12T12:42:35+08:00,QQ音乐,热歌榜,热歌榜,2026-09-12,26,碎碎念,队长,0,,448738462,000DTFwk0oV4YR,https://y.qq.com/n/ryqq/toplist/26
2026-09-12,2026-09-12T12:42:35+08:00,QQ音乐,热歌榜,热歌榜,2026-09-12,27,最佳损友,陈奕迅,上升 1,,1338414,002FT46H18G1jW,https://y.qq.com/n/ryqq/toplist/26
2026-09-12,2026-09-12T12:42:35+08:00,QQ音乐,热歌榜,热歌榜,2026-09-12,28,会呼吸的痛,梁静茹,上升 42,,411228,002oy2Mp3I8Rgo,https://y.qq.com/n/ryqq/toplist/26
2026-09-12,2026-09-12T12:42:35+08:00,QQ音乐,热歌榜,热歌榜,2026-09-12,29,美人鱼,林俊杰,0,,95292,000y5gq7449K9I,https://y.qq.com/n/ryqq/toplist/26
2026-09-12,2026-09-12T12:42:35+08:00,QQ音乐,热歌榜,热歌榜,2026-09-12,30,遇见,孙燕姿,下降 3,,8145,002ehzTm0TxXC2,https://y.qq.com/n/ryqq/toplist/26
2026-09-12,2026-09-12T12:42:35+08:00,QQ音乐,热歌榜,热歌榜,2026-09-12,31,玻璃,Gareth.T,下降 7,,666124541,002kIED92uw8L5,https://y.qq.com/n/ryqq/toplist/26
2026-09-12,2026-09-12T12:42:35+08:00,QQ音乐,热歌榜,热歌榜,2026-09-12,32,我们俩,郭顶,0,,105413206,003sMyYb4HZAAz,https://y.qq.com/n/ryqq/toplist/26
2026-09-12,2026-09-12T12:42:35+08:00,QQ音乐,热歌榜,热歌榜,2026-09-12,33,偏爱,张芸京,下降 8,,473137,003ha6C92GRuVE,https://y.qq.com/n/ryqq/toplist/26
2026-09-12,2026-09-12T12:42:35+08:00,QQ音乐,热歌榜,热歌榜,2026-09-12,34,多远都要在一起,G.E.M.邓紫棋,下降 4,,102174489,003c616O2Zlswm,https://y.qq.com/n/ryqq/toplist/26
2026-09-12,2026-09-12T12:42:35+08:00,QQ音乐,热歌榜,热歌榜,2026-09-12,35,素颜,许嵩/何曼婷,下降 2,,101813361,0035f8nw11cjkf,https://y.qq.com/n/ryqq/toplist/26
2026-09-12,2026-09-12T12:42:35+08:00,QQ音乐,热歌榜,热歌榜,2026-09-12,36,爱我还是他,陶喆,下降 5,,7211247,003ofGzS3C23Ow,https://y.qq.com/n/ryqq/toplist/26
2026-09-12,2026-09-12T12:42:35+08:00,QQ音乐,热歌榜,热歌榜,2026-09-12,37,樱花草,Sweety,下降 2,,481456,000pKXff1doeOd,https://y.qq.com/n/ryqq/toplist/26
2026-09-12,2026-09-12T12:42:35+08:00,QQ音乐,热歌榜,热歌榜,2026-09-12,38,晴天,周杰伦,上升 1,,97773,000MkMni19ClKG,https://y.qq.com/n/ryqq/toplist/26
2026-09-12,2026-09-12T12:42:35+08:00,QQ音乐,热歌榜,热歌榜,2026-09-12,39,其实,薛之谦,上升 2,,104775877,000QgFcm0v8WaF,https://y.qq.com/n/ryqq/toplist/26
2026-09-12,2026-09-12T12:42:35+08:00,QQ音乐,热歌榜,热歌榜,2026-09-12,40,海阔天空,BEYOND,下降 3,,4835784,002qcJuX3lO3EZ,https://y.qq.com/n/ryqq/toplist/26
2026-09-12,2026-09-12T12:42:35+08:00,QQ音乐,热歌榜,热歌榜,2026-09-12,41,十年,陈奕迅,下降 7,,4830342,000GDz8k03UOaI,https://y.qq.com/n/ryqq/toplist/26
2026-09-12,2026-09-12T12:42:35+08:00,QQ音乐,热歌榜,热歌榜,2026-09-12,42,认真的雪,薛之谦,上升 1,,1333803,003mUYW22JXKVK,https://y.qq.com/n/ryqq/toplist/26
2026-09-12,2026-09-12T12:42:35+08:00,QQ音乐,热歌榜,热歌榜,2026-09-12,43,ANGEL (天使),尹美莱 (윤미래)/Tiger JK/Bizzy (비지),下降 7,,101138130,000qiKcT05rSr9,https://y.qq.com/n/ryqq/toplist/26
2026-09-12,2026-09-12T12:42:35+08:00,QQ音乐,热歌榜,热歌榜,2026-09-12,44,不将就,李荣浩,上升 4,,102367085,001fi1zG0EjU2u,https://y.qq.com/n/ryqq/toplist/26
2026-09-12,2026-09-12T12:42:35+08:00,QQ音乐,热歌榜,热歌榜,2026-09-12,45,天外来物,薛之谦,0,,272125057,000K9Zp13TZp5s,https://y.qq.com/n/ryqq/toplist/26
2026-09-12,2026-09-12T12:42:35+08:00,QQ音乐,热歌榜,热歌榜,2026-09-12,46,如愿,王菲,下降 8,,326584182,004Kbn3m2HV9Y3,https://y.qq.com/n/ryqq/toplist/26
2026-09-12,2026-09-12T12:42:35+08:00,QQ音乐,热歌榜,热歌榜,2026-09-12,47,下完这场雨,后弦,下降 3,,108787382,004ZXlA63dZBCa,https://y.qq.com/n/ryqq/toplist/26
2026-09-12,2026-09-12T12:42:35+08:00,QQ音乐,热歌榜,热歌榜,2026-09-12,48,我好想你 (苏打绿版),苏打绿,下降 6,,4884947,004QF5kp0jgyba,https://y.qq.com/n/ryqq/toplist/26
2026-09-12,2026-09-12T12:42:35+08:00,QQ音乐,热歌榜,热歌榜,2026-09-12,49,我好像在哪见过你,薛之谦,0,,107439472,000dcZ9I1nzO62,https://y.qq.com/n/ryqq/toplist/26
2026-09-12,2026-09-12T12:42:35+08:00,QQ音乐,热歌榜,热歌榜,2026-09-12,50,冻结,林俊杰,上升 2,,101659148,002vlOfM1X5TQ0,https://y.qq.com/n/ryqq/toplist/26
2026-09-12,2026-09-12T12:42:35+08:00,QQ音乐,热歌榜,热歌榜,2026-09-12,51,黄昏,周传雄,下降 11,,526713,001U6x8f2uJhig,https://y.qq.com/n/ryqq/toplist/26
2026-09-12,2026-09-12T12:42:35+08:00,QQ音乐,热歌榜,热歌榜,2026-09-12,52,坏女孩,徐良/小凌,下降 1,,7112749,002apRhZ4Bq99d,https://y.qq.com/n/ryqq/toplist/26
2026-09-12,2026-09-12T12:42:35+08:00,QQ音乐,热歌榜,热歌榜,2026-09-12,53,冰箱没有鸡蛋,马嘉祺,上升 73,,722188458,001dVVVf24XwJG,https://y.qq.com/n/ryqq/toplist/26
2026-09-12,2026-09-12T12:42:35+08:00,QQ音乐,热歌榜,热歌榜,2026-09-12,54,离开我的依赖,王艳薇,下降 8,,253383943,004CSyAN1oc97b,https://y.qq.com/n/ryqq/toplist/26
2026-09-12,2026-09-12T12:42:35+08:00,QQ音乐,热歌榜,热歌榜,2026-09-12,55,闭目入神,郑中基,下降 8,,96440,004bb67O0ABuHL,https://y.qq.com/n/ryqq/toplist/26
2026-09-12,2026-09-12T12:42:35+08:00,QQ音乐,热歌榜,热歌榜,2026-09-12,56,幻听,许嵩,上升 9,,1531817,004RbL3b0BDIe2,https://y.qq.com/n/ryqq/toplist/26
2026-09-12,2026-09-12T12:42:35+08:00,QQ音乐,热歌榜,热歌榜,2026-09-12,57,出现又离开 (Live),梁博,下降 2,,231594573,000eQZ1q4g6AsF,https://y.qq.com/n/ryqq/toplist/26
2026-09-12,2026-09-12T12:42:35+08:00,QQ音乐,热歌榜,热歌榜,2026-09-12,58,青花,周传雄,下降 8,,102204539,001Vj7aX0PixwV,https://y.qq.com/n/ryqq/toplist/26
2026-09-12,2026-09-12T12:42:35+08:00,QQ音乐,热歌榜,热歌榜,2026-09-12,59,明天过后,张杰,下降 3,,273032694,000pVkCf3KsUQ9,https://y.qq.com/n/ryqq/toplist/26
2026-09-12,2026-09-12T12:42:35+08:00,QQ音乐,热歌榜,热歌榜,2026-09-12,60,泡沫,G.E.M.邓紫棋,下降 7,,1530858,002YFufr4bXZyI,https://y.qq.com/n/ryqq/toplist/26
2026-09-12,2026-09-12T12:42:35+08:00,QQ音乐,热歌榜,热歌榜,2026-09-12,61,心墙,郭静,上升 1,,474797,003EHcB24J8t9Z,https://y.qq.com/n/ryqq/toplist/26
2026-09-12,2026-09-12T12:42:35+08:00,QQ音乐,热歌榜,热歌榜,2026-09-12,62,瞬,郑润泽,下降 5,,422061155,001qvyI10urb5z,https://y.qq.com/n/ryqq/toplist/26
2026-09-12,2026-09-12T12:42:35+08:00,QQ音乐,热歌榜,热歌榜,2026-09-12,63,琵琶曲,刘宇,新进,,722602355,00291nvY4dBkR9,https://y.qq.com/n/ryqq/toplist/26
2026-09-12,2026-09-12T12:42:35+08:00,QQ音乐,热歌榜,热歌榜,2026-09-12,64,爱情讯息,郭静,下降 1,,876549,003PKZMI1Wyx1A,https://y.qq.com/n/ryqq/toplist/26
2026-09-12,2026-09-12T12:42:35+08:00,QQ音乐,热歌榜,热歌榜,2026-09-12,65,刻在我心底的名字,卢广仲,上升 11,,316472364,004QG0W52P5GUq,https://y.qq.com/n/ryqq/toplist/26
2026-09-12,2026-09-12T12:42:35+08:00,QQ音乐,热歌榜,热歌榜,2026-09-12,66,背对背拥抱,林俊杰,上升 1,,648231,002C0kX720gMQi,https://y.qq.com/n/ryqq/toplist/26
2026-09-12,2026-09-12T12:42:35+08:00,QQ音乐,热歌榜,热歌榜,2026-09-12,67,修炼爱情,林俊杰,上升 6,,5063375,001gqOnU3DTg2S,https://y.qq.com/n/ryqq/toplist/26
2026-09-12,2026-09-12T12:42:35+08:00,QQ音乐,热歌榜,热歌榜,2026-09-12,68,葡萄成熟时,陈奕迅,下降 10,,1251167,003J6fvc0bVJon,https://y.qq.com/n/ryqq/toplist/26
2026-09-12,2026-09-12T12:42:35+08:00,QQ音乐,热歌榜,热歌榜,2026-09-12,69,我记得,赵雷,下降 1,,372639235,003QIVDT3UB8zG,https://y.qq.com/n/ryqq/toplist/26
2026-09-12,2026-09-12T12:42:35+08:00,QQ音乐,热歌榜,热歌榜,2026-09-12,70,第57次取消发送,菲菲公主（陆绮菲）,下降 9,,560063927,000KrDC019mc82,https://y.qq.com/n/ryqq/toplist/26
2026-09-12,2026-09-12T12:42:35+08:00,QQ音乐,热歌榜,热歌榜,2026-09-12,71,Letting Go,蔡健雅,下降 11,,1030353,001aC9dM35U6KB,https://y.qq.com/n/ryqq/toplist/26
2026-09-12,2026-09-12T12:42:35+08:00,QQ音乐,热歌榜,热歌榜,2026-09-12,72,至少还有你,林忆莲,下降 3,,102204563,001JqgRv0mRHEQ,https://y.qq.com/n/ryqq/toplist/26
2026-09-12,2026-09-12T12:42:35+08:00,QQ音乐,热歌榜,热歌榜,2026-09-12,73,勇气,梁静茹,下降 7,,4830164,001DEgPu1004bl,https://y.qq.com/n/ryqq/toplist/26
2026-09-12,2026-09-12T12:42:35+08:00,QQ音乐,热歌榜,热歌榜,2026-09-12,74,梦哑,任然,下降 10,,670769297,000JotAZ2WZEkq,https://y.qq.com/n/ryqq/toplist/26
2026-09-12,2026-09-12T12:42:35+08:00,QQ音乐,热歌榜,热歌榜,2026-09-12,75,我们的歌,王力宏,下降 1,,102193483,002Zwh5p4HgecI,https://y.qq.com/n/ryqq/toplist/26
2026-09-12,2026-09-12T12:42:35+08:00,QQ音乐,热歌榜,热歌榜,2026-09-12,76,读心术,卓文萱,下降 17,,1130991,004Xux2V0Phif9,https://y.qq.com/n/ryqq/toplist/26
2026-09-12,2026-09-12T12:42:35+08:00,QQ音乐,热歌榜,热歌榜,2026-09-12,77,拆穿,小霞,上升 27,,105419531,001Zk88l3MeuuZ,https://y.qq.com/n/ryqq/toplist/26
2026-09-12,2026-09-12T12:42:35+08:00,QQ音乐,热歌榜,热歌榜,2026-09-12,78,无名的人,毛不易,下降 6,,336582682,002mPgSG01LLtu,https://y.qq.com/n/ryqq/toplist/26
2026-09-12,2026-09-12T12:42:35+08:00,QQ音乐,热歌榜,热歌榜,2026-09-12,79,愿与愁,林俊杰,上升 7,,405007729,004ZOIop1doXru,https://y.qq.com/n/ryqq/toplist/26
2026-09-12,2026-09-12T12:42:35+08:00,QQ音乐,热歌榜,热歌榜,2026-09-12,80,如果可以,韦礼安,0,,330977131,003WBcyJ1siUkh,https://y.qq.com/n/ryqq/toplist/26
2026-09-12,2026-09-12T12:42:35+08:00,QQ音乐,热歌榜,热歌榜,2026-09-12,81,麦恩莉,方大同,上升 16,,2550926,000ih4iv3HCmno,https://y.qq.com/n/ryqq/toplist/26
2026-09-12,2026-09-12T12:42:35+08:00,QQ音乐,热歌榜,热歌榜,2026-09-12,82,可不可以,张紫豪,下降 5,,213958134,004VR1w241uBhB,https://y.qq.com/n/ryqq/toplist/26
2026-09-12,2026-09-12T12:42:35+08:00,QQ音乐,热歌榜,热歌榜,2026-09-12,83,有何不可,许嵩,下降 8,,102296985,002KSDg90IaScI,https://y.qq.com/n/ryqq/toplist/26
2026-09-12,2026-09-12T12:42:35+08:00,QQ音乐,热歌榜,热歌榜,2026-09-12,84,一样的月光,徐佳莹,上升 11,,7063423,000cchEp2CGNEf,https://y.qq.com/n/ryqq/toplist/26
2026-09-12,2026-09-12T12:42:35+08:00,QQ音乐,热歌榜,热歌榜,2026-09-12,85,IF YOU,BIGBANG (빅뱅),下降 2,,102793935,001xpUdt2jEjWu,https://y.qq.com/n/ryqq/toplist/26
2026-09-12,2026-09-12T12:42:35+08:00,QQ音乐,热歌榜,热歌榜,2026-09-12,86,LEMONADE,aespa (에스파),上升 21,,658567374,002jWmZi3hC5v8,https://y.qq.com/n/ryqq/toplist/26
2026-09-12,2026-09-12T12:42:35+08:00,QQ音乐,热歌榜,热歌榜,2026-09-12,87,你要的全拿走,胡彦斌,上升 5,,212808217,001eyHlv2fu50T,https://y.qq.com/n/ryqq/toplist/26
2026-09-12,2026-09-12T12:42:35+08:00,QQ音乐,热歌榜,热歌榜,2026-09-12,88,倒数,G.E.M.邓紫棋,下降 10,,215540451,003cKIKZ1J4Yyu,https://y.qq.com/n/ryqq/toplist/26
2026-09-12,2026-09-12T12:42:35+08:00,QQ音乐,热歌榜,热歌榜,2026-09-12,89,同花顺,林倛玉,下降 10,,103970682,004789lA4cH3Kq,https://y.qq.com/n/ryqq/toplist/26
2026-09-12,2026-09-12T12:42:35+08:00,QQ音乐,热歌榜,热歌榜,2026-09-12,90,童话,光良,下降 9,,4830267,002AaUF60cnS3w,https://y.qq.com/n/ryqq/toplist/26
2026-09-12,2026-09-12T12:42:35+08:00,QQ音乐,热歌榜,热歌榜,2026-09-12,91,后来,刘若英,下降 4,,4830150,0017zqT34WuQwa,https://y.qq.com/n/ryqq/toplist/26
2026-09-12,2026-09-12T12:42:35+08:00,QQ音乐,热歌榜,热歌榜,2026-09-12,92,野心家,张靓颖,上升 13,,591592617,003TmXW52e0F4P,https://y.qq.com/n/ryqq/toplist/26
2026-09-12,2026-09-12T12:42:35+08:00,QQ音乐,热歌榜,热歌榜,2026-09-12,93,最后一页,江语晨,下降 5,,721636,003FO4XF40Ky8L,https://y.qq.com/n/ryqq/toplist/26
2026-09-12,2026-09-12T12:42:35+08:00,QQ音乐,热歌榜,热歌榜,2026-09-12,94,句号,G.E.M.邓紫棋,下降 3,,247347346,0049MVh824D7bM,https://y.qq.com/n/ryqq/toplist/26
2026-09-12,2026-09-12T12:42:35+08:00,QQ音乐,热歌榜,热歌榜,2026-09-12,95,下一个天亮,郭静,下降 5,,876541,003PKZMI1Wyx1A,https://y.qq.com/n/ryqq/toplist/26
2026-09-12,2026-09-12T12:42:35+08:00,QQ音乐,热歌榜,热歌榜,2026-09-12,96,夏夜最后的烟火,颜人中,下降 7,,459088908,002tspXk0JB6qZ,https://y.qq.com/n/ryqq/toplist/26
2026-09-12,2026-09-12T12:42:35+08:00,QQ音乐,热歌榜,热歌榜,2026-09-12,97,空心,光泽,下降 26,,200390803,001vjIoV01nThA,https://y.qq.com/n/ryqq/toplist/26
2026-09-12,2026-09-12T12:42:35+08:00,QQ音乐,热歌榜,热歌榜,2026-09-12,98,舍得,王唯旖,上升 1,,200150419,0015NN8K2RJVPv,https://y.qq.com/n/ryqq/toplist/26
2026-09-12,2026-09-12T12:42:35+08:00,QQ音乐,热歌榜,热歌榜,2026-09-12,99,后会无期,徐良/汪苏泷,下降 17,,7112743,002apRhZ4Bq99d,https://y.qq.com/n/ryqq/toplist/26
2026-09-12,2026-09-12T12:42:35+08:00,QQ音乐,热歌榜,热歌榜,2026-09-12,100,恶作剧,王蓝茵,上升 1,,257621,0031ftBk2foLzq,https://y.qq.com/n/ryqq/toplist/26
2026-09-12,2026-09-12T12:42:35+08:00,QQ音乐,飙升榜,飙升榜,2026-09-12,1,世界如此,田栩宁,热度 162%,,724019309,001bl3v11V5oQ9,https://y.qq.com/n/ryqq/toplist/62
2026-09-12,2026-09-12T12:42:35+08:00,QQ音乐,飙升榜,飙升榜,2026-09-12,2,大梦归,周深,热度 35%,,724093215,000yvUoe0smrsz,https://y.qq.com/n/ryqq/toplist/62
2026-09-12,2026-09-12T12:42:35+08:00,QQ音乐,飙升榜,飙升榜,2026-09-12,3,琵琶曲,刘宇,热度 30%,,722602355,00291nvY4dBkR9,https://y.qq.com/n/ryqq/toplist/62
2026-09-12,2026-09-12T12:42:35+08:00,QQ音乐,飙升榜,飙升榜,2026-09-12,4,会呼吸的痛,梁静茹,热度 18%,,411228,002oy2Mp3I8Rgo,https://y.qq.com/n/ryqq/toplist/62
2026-09-12,2026-09-12T12:42:35+08:00,QQ音乐,飙升榜,飙升榜,2026-09-12,5,我不难过,孙燕姿,热度 16%,,8136,004VSvF52mQoQp,https://y.qq.com/n/ryqq/toplist/62
2026-09-12,2026-09-12T12:42:35+08:00,QQ音乐,飙升榜,飙升榜,2026-09-12,6,甲乙丙丁 (你我怎么两清),李佳薇,热度 15%,,696262512,00446QRA1fTdqA,https://y.qq.com/n/ryqq/toplist/62
2026-09-12,2026-09-12T12:42:35+08:00,QQ音乐,飙升榜,飙升榜,2026-09-12,7,情歌,梁静茹,热度 15%,,462188,002E4IXe1ESUij,https://y.qq.com/n/ryqq/toplist/62
2026-09-12,2026-09-12T12:42:35+08:00,QQ音乐,飙升榜,飙升榜,2026-09-12,8,해줘 (就骗我一次) (KOR Ver.),沈佳润Nina,热度 13%,,719958066,000scDVr1GQk3C,https://y.qq.com/n/ryqq/toplist/62
2026-09-12,2026-09-12T12:42:35+08:00,QQ音乐,飙升榜,飙升榜,2026-09-12,9,说分手的人也会难过,曾沛慈,热度 12%,,724403394,001IJmsh2fR0Og,https://y.qq.com/n/ryqq/toplist/62
2026-09-12,2026-09-12T12:42:35+08:00,QQ音乐,飙升榜,飙升榜,2026-09-12,10,茶汤,郁可唯,热度 12%,,4936030,002iWKlh2DcjFL,https://y.qq.com/n/ryqq/toplist/62
2026-09-12,2026-09-12T12:42:35+08:00,QQ音乐,飙升榜,飙升榜,2026-09-12,11,最佳损友,陈奕迅,热度 11%,,1338414,002FT46H18G1jW,https://y.qq.com/n/ryqq/toplist/62
2026-09-12,2026-09-12T12:42:35+08:00,QQ音乐,飙升榜,飙升榜,2026-09-12,12,失眠,Suki刘舒妤,热度 11%,,4733575,002xCeeN4EJ1Ke,https://y.qq.com/n/ryqq/toplist/62
2026-09-12,2026-09-12T12:42:35+08:00,QQ音乐,飙升榜,飙升榜,2026-09-12,13,泪海,许茹芸,热度 11%,,106585340,001Ugmj01giuzO,https://y.qq.com/n/ryqq/toplist/62
2026-09-12,2026-09-12T12:42:35+08:00,QQ音乐,飙升榜,飙升榜,2026-09-12,14,开始懂了,孙燕姿,热度 10%,,5646,004KRIQr1oCp2A,https://y.qq.com/n/ryqq/toplist/62
2026-09-12,2026-09-12T12:42:35+08:00,QQ音乐,飙升榜,飙升榜,2026-09-12,15,爱错,王力宏,热度 10%,,105905415,002ElVxf43rOue,https://y.qq.com/n/ryqq/toplist/62
2026-09-12,2026-09-12T12:42:35+08:00,QQ音乐,飙升榜,飙升榜,2026-09-12,16,我怀念的,孙燕姿,热度 10%,,5211338,000P3l050Olt27,https://y.qq.com/n/ryqq/toplist/62
2026-09-12,2026-09-12T12:42:35+08:00,QQ音乐,飙升榜,飙升榜,2026-09-12,17,雨爱,杨丞琳,热度 10%,,645819,000jcKFG0sQrD0,https://y.qq.com/n/ryqq/toplist/62
2026-09-12,2026-09-12T12:42:35+08:00,QQ音乐,飙升榜,飙升榜,2026-09-12,18,玻璃,Gareth.T,热度 9%,,666124541,002kIED92uw8L5,https://y.qq.com/n/ryqq/toplist/62
2026-09-12,2026-09-12T12:42:35+08:00,QQ音乐,飙升榜,飙升榜,2026-09-12,19,多远都要在一起,G.E.M.邓紫棋,热度 9%,,102174489,003c616O2Zlswm,https://y.qq.com/n/ryqq/toplist/62
2026-09-12,2026-09-12T12:42:35+08:00,QQ音乐,飙升榜,飙升榜,2026-09-12,20,恋人,李荣浩,热度 9%,,496054946,004HaG7p4ZkhXA,https://y.qq.com/n/ryqq/toplist/62
2026-09-12,2026-09-12T12:42:35+08:00,QQ音乐,飙升榜,飙升榜,2026-09-12,21,Always Online,林俊杰,热度 9%,,447257,002g6zv02X7SNi,https://y.qq.com/n/ryqq/toplist/62
2026-09-12,2026-09-12T12:42:35+08:00,QQ音乐,飙升榜,飙升榜,2026-09-12,22,晴天,周杰伦,热度 9%,,97773,000MkMni19ClKG,https://y.qq.com/n/ryqq/toplist/62
2026-09-12,2026-09-12T12:42:35+08:00,QQ音乐,飙升榜,飙升榜,2026-09-12,23,唯一,G.E.M.邓紫棋,热度 9%,,438910555,002d6m7k0xCbSv,https://y.qq.com/n/ryqq/toplist/62
2026-09-12,2026-09-12T12:42:35+08:00,QQ音乐,飙升榜,飙升榜,2026-09-12,24,富士山下,陈奕迅,热度 9%,,260678,004Z85XP1c25b7,https://y.qq.com/n/ryqq/toplist/62
2026-09-12,2026-09-12T12:42:35+08:00,QQ音乐,飙升榜,飙升榜,2026-09-12,25,红尘客栈,周杰伦,热度 8%,,5177680,003Ow85E3pnoqi,https://y.qq.com/n/ryqq/toplist/62
2026-09-12,2026-09-12T12:42:35+08:00,QQ音乐,飙升榜,飙升榜,2026-09-12,26,光焰,田栩宁,热度 8%,,604957500,002c8UFv2421Qy,https://y.qq.com/n/ryqq/toplist/62
2026-09-12,2026-09-12T12:42:35+08:00,QQ音乐,飙升榜,飙升榜,2026-09-12,27,她,刘宇宁,热度 8%,,718438327,0009ERg64Rxwzu,https://y.qq.com/n/ryqq/toplist/62
2026-09-12,2026-09-12T12:42:35+08:00,QQ音乐,飙升榜,飙升榜,2026-09-12,28,美人鱼,林俊杰,热度 8%,,95292,000y5gq7449K9I,https://y.qq.com/n/ryqq/toplist/62
2026-09-12,2026-09-12T12:42:35+08:00,QQ音乐,飙升榜,飙升榜,2026-09-12,29,七里香,周杰伦,热度 8%,,102065756,003DFRzD192KKD,https://y.qq.com/n/ryqq/toplist/62
2026-09-12,2026-09-12T12:42:35+08:00,QQ音乐,飙升榜,飙升榜,2026-09-12,30,特别的人,方大同,热度 8%,,5293866,000GvdTR0qcKh8,https://y.qq.com/n/ryqq/toplist/62
2026-09-12,2026-09-12T12:42:35+08:00,QQ音乐,飙升榜,飙升榜,2026-09-12,31,枫,周杰伦,热度 8%,,718479,0024bjiL2aocxT,https://y.qq.com/n/ryqq/toplist/62
2026-09-12,2026-09-12T12:42:35+08:00,QQ音乐,飙升榜,飙升榜,2026-09-12,32,江南,林俊杰,热度 8%,,9063002,000y5gq7449K9I,https://y.qq.com/n/ryqq/toplist/62
2026-09-12,2026-09-12T12:42:35+08:00,QQ音乐,飙升榜,飙升榜,2026-09-12,33,搁浅,周杰伦,热度 8%,,102065750,003DFRzD192KKD,https://y.qq.com/n/ryqq/toplist/62
2026-09-12,2026-09-12T12:42:35+08:00,QQ音乐,飙升榜,飙升榜,2026-09-12,34,海阔天空,BEYOND,热度 8%,,4835784,002qcJuX3lO3EZ,https://y.qq.com/n/ryqq/toplist/62
2026-09-12,2026-09-12T12:42:35+08:00,QQ音乐,飙升榜,飙升榜,2026-09-12,35,盛夏的果实,莫文蔚,热度 8%,,4830161,000KeV8l1PIjxt,https://y.qq.com/n/ryqq/toplist/62
2026-09-12,2026-09-12T12:42:35+08:00,QQ音乐,飙升榜,飙升榜,2026-09-12,36,雨过后的风景,Dizzy Dizzo (蔡诗芸),热度 7%,,1960263,0038xSkp1EcVBf,https://y.qq.com/n/ryqq/toplist/62
2026-09-12,2026-09-12T12:42:35+08:00,QQ音乐,飙升榜,飙升榜,2026-09-12,37,遇见,孙燕姿,热度 7%,,8145,002ehzTm0TxXC2,https://y.qq.com/n/ryqq/toplist/62
2026-09-12,2026-09-12T12:42:35+08:00,QQ音乐,飙升榜,飙升榜,2026-09-12,38,幻听,许嵩,热度 7%,,1531817,004RbL3b0BDIe2,https://y.qq.com/n/ryqq/toplist/62
2026-09-12,2026-09-12T12:42:35+08:00,QQ音乐,飙升榜,飙升榜,2026-09-12,39,青花瓷,周杰伦,热度 7%,,410316,002eFUFm2XYZ7z,https://y.qq.com/n/ryqq/toplist/62
2026-09-12,2026-09-12T12:42:35+08:00,QQ音乐,飙升榜,飙升榜,2026-09-12,40,夜曲,周杰伦,热度 7%,,718477,0024bjiL2aocxT,https://y.qq.com/n/ryqq/toplist/62
2026-09-12,2026-09-12T12:42:35+08:00,QQ音乐,飙升榜,飙升榜,2026-09-12,41,十面埋伏,陈奕迅,热度 7%,,4907821,003Hjc6L1WajuE,https://y.qq.com/n/ryqq/toplist/62
2026-09-12,2026-09-12T12:42:35+08:00,QQ音乐,飙升榜,飙升榜,2026-09-12,42,素颜,许嵩/何曼婷,热度 7%,,101813361,0035f8nw11cjkf,https://y.qq.com/n/ryqq/toplist/62
2026-09-12,2026-09-12T12:42:35+08:00,QQ音乐,飙升榜,飙升榜,2026-09-12,43,碎碎念,队长,热度 7%,,448738462,000DTFwk0oV4YR,https://y.qq.com/n/ryqq/toplist/62
2026-09-12,2026-09-12T12:42:35+08:00,QQ音乐,飙升榜,飙升榜,2026-09-12,44,一路向北,周杰伦,热度 7%,,5105986,002MAeob3zLXwZ,https://y.qq.com/n/ryqq/toplist/62
2026-09-12,2026-09-12T12:42:35+08:00,QQ音乐,飙升榜,飙升榜,2026-09-12,45,我记得,赵雷,热度 7%,,372639235,003QIVDT3UB8zG,https://y.qq.com/n/ryqq/toplist/62
2026-09-12,2026-09-12T12:42:35+08:00,QQ音乐,飙升榜,飙升榜,2026-09-12,46,阴天,莫文蔚,热度 7%,,4830345,000hTTJN3oScZr,https://y.qq.com/n/ryqq/toplist/62
2026-09-12,2026-09-12T12:42:35+08:00,QQ音乐,飙升榜,飙升榜,2026-09-12,47,演员,薛之谦,热度 7%,,102636799,003y8dsH2wBHlo,https://y.qq.com/n/ryqq/toplist/62
2026-09-12,2026-09-12T12:42:35+08:00,QQ音乐,飙升榜,飙升榜,2026-09-12,48,兰亭序,周杰伦,热度 7%,,449201,002Neh8l0uciQZ,https://y.qq.com/n/ryqq/toplist/62
2026-09-12,2026-09-12T12:42:35+08:00,QQ音乐,飙升榜,飙升榜,2026-09-12,49,刻在我心底的名字,卢广仲,热度 7%,,316472364,004QG0W52P5GUq,https://y.qq.com/n/ryqq/toplist/62
2026-09-12,2026-09-12T12:42:35+08:00,QQ音乐,飙升榜,飙升榜,2026-09-12,50,句号,G.E.M.邓紫棋,热度 7%,,247347346,0049MVh824D7bM,https://y.qq.com/n/ryqq/toplist/62
2026-09-12,2026-09-12T12:42:35+08:00,QQ音乐,飙升榜,飙升榜,2026-09-12,51,泡沫,G.E.M.邓紫棋,热度 7%,,1530858,002YFufr4bXZyI,https://y.qq.com/n/ryqq/toplist/62
2026-09-12,2026-09-12T12:42:35+08:00,QQ音乐,飙升榜,飙升榜,2026-09-12,52,拆穿,小霞,热度 7%,,105419531,001Zk88l3MeuuZ,https://y.qq.com/n/ryqq/toplist/62
2026-09-12,2026-09-12T12:42:35+08:00,QQ音乐,飙升榜,飙升榜,2026-09-12,53,Made My Night,LE SSERAFIM (르세라핌),热度 7%,,723635717,001xaQWb081XUl,https://y.qq.com/n/ryqq/toplist/62
2026-09-12,2026-09-12T12:42:35+08:00,QQ音乐,飙升榜,飙升榜,2026-09-12,54,ANGEL (天使),尹美莱 (윤미래)/Tiger JK/Bizzy (비지),热度 7%,,101138130,000qiKcT05rSr9,https://y.qq.com/n/ryqq/toplist/62
2026-09-12,2026-09-12T12:42:35+08:00,QQ音乐,飙升榜,飙升榜,2026-09-12,55,明天过后,张杰,热度 7%,,273032694,000pVkCf3KsUQ9,https://y.qq.com/n/ryqq/toplist/62
2026-09-12,2026-09-12T12:42:35+08:00,QQ音乐,飙升榜,飙升榜,2026-09-12,56,退后,周杰伦,热度 7%,,102066449,002jLGWe16Tf1H,https://y.qq.com/n/ryqq/toplist/62
2026-09-12,2026-09-12T12:42:35+08:00,QQ音乐,飙升榜,飙升榜,2026-09-12,57,出现又离开 (Live),梁博,热度 6%,,231594573,000eQZ1q4g6AsF,https://y.qq.com/n/ryqq/toplist/62
2026-09-12,2026-09-12T12:42:35+08:00,QQ音乐,飙升榜,飙升榜,2026-09-12,58,我们俩,郭顶,热度 6%,,105413206,003sMyYb4HZAAz,https://y.qq.com/n/ryqq/toplist/62
2026-09-12,2026-09-12T12:42:35+08:00,QQ音乐,飙升榜,飙升榜,2026-09-12,59,光年之外,G.E.M.邓紫棋,热度 6%,,200255722,001mTkmb4GJlh4,https://y.qq.com/n/ryqq/toplist/62
2026-09-12,2026-09-12T12:42:35+08:00,QQ音乐,飙升榜,飙升榜,2026-09-12,60,发如雪,周杰伦,热度 6%,,718475,0024bjiL2aocxT,https://y.qq.com/n/ryqq/toplist/62
2026-09-12,2026-09-12T12:42:35+08:00,QQ音乐,飙升榜,飙升榜,2026-09-12,61,春娇与志明,街道办GDC/欧阳耀莹,热度 6%,,205357640,000lrXyA0MlEEo,https://y.qq.com/n/ryqq/toplist/62
2026-09-12,2026-09-12T12:42:35+08:00,QQ音乐,飙升榜,飙升榜,2026-09-12,62,稻香,周杰伦,热度 6%,,449205,002Neh8l0uciQZ,https://y.qq.com/n/ryqq/toplist/62
2026-09-12,2026-09-12T12:42:35+08:00,QQ音乐,飙升榜,飙升榜,2026-09-12,63,鼓楼,赵雷,热度 6%,,200549981,000jE4g74VS43p,https://y.qq.com/n/ryqq/toplist/62
2026-09-12,2026-09-12T12:42:35+08:00,QQ音乐,飙升榜,飙升榜,2026-09-12,64,花海,周杰伦,热度 6%,,449198,002Neh8l0uciQZ,https://y.qq.com/n/ryqq/toplist/62
2026-09-12,2026-09-12T12:42:35+08:00,QQ音乐,飙升榜,飙升榜,2026-09-12,65,红色高跟鞋,蔡健雅,热度 6%,,624649,002dOge41xlS8x,https://y.qq.com/n/ryqq/toplist/62
2026-09-12,2026-09-12T12:42:35+08:00,QQ音乐,飙升榜,飙升榜,2026-09-12,66,爱我还是他,陶喆,热度 6%,,7211247,003ofGzS3C23Ow,https://y.qq.com/n/ryqq/toplist/62
2026-09-12,2026-09-12T12:42:35+08:00,QQ音乐,飙升榜,飙升榜,2026-09-12,67,程艾影,赵雷,热度 6%,,372639323,003QIVDT3UB8zG,https://y.qq.com/n/ryqq/toplist/62
2026-09-12,2026-09-12T12:42:35+08:00,QQ音乐,飙升榜,飙升榜,2026-09-12,68,冷雨夜,BEYOND,热度 6%,,1286471,002MGTsZ3Zl6JH,https://y.qq.com/n/ryqq/toplist/62
2026-09-12,2026-09-12T12:42:35+08:00,QQ音乐,飙升榜,飙升榜,2026-09-12,69,十年,陈奕迅,热度 6%,,4830342,000GDz8k03UOaI,https://y.qq.com/n/ryqq/toplist/62
2026-09-12,2026-09-12T12:42:35+08:00,QQ音乐,飙升榜,飙升榜,2026-09-12,70,心墙,郭静,热度 6%,,474797,003EHcB24J8t9Z,https://y.qq.com/n/ryqq/toplist/62
2026-09-12,2026-09-12T12:42:35+08:00,QQ音乐,飙升榜,飙升榜,2026-09-12,71,坏女孩,徐良/小凌,热度 6%,,7112749,002apRhZ4Bq99d,https://y.qq.com/n/ryqq/toplist/62
2026-09-12,2026-09-12T12:42:35+08:00,QQ音乐,飙升榜,飙升榜,2026-09-12,72,琵琶行,奇然/沈谧仁,热度 6%,,202162281,003OSjGL1uNVGw,https://y.qq.com/n/ryqq/toplist/62
2026-09-12,2026-09-12T12:42:35+08:00,QQ音乐,飙升榜,飙升榜,2026-09-12,73,倒数,G.E.M.邓紫棋,热度 6%,,215540451,003cKIKZ1J4Yyu,https://y.qq.com/n/ryqq/toplist/62
2026-09-12,2026-09-12T12:42:35+08:00,QQ音乐,飙升榜,飙升榜,2026-09-12,74,天龙八部之宿敌,许嵩,热度 6%,,4829554,002JzRQD2zjvxG,https://y.qq.com/n/ryqq/toplist/62
2026-09-12,2026-09-12T12:42:35+08:00,QQ音乐,飙升榜,飙升榜,2026-09-12,75,告白气球,周杰伦,热度 6%,,107192078,003RMaRI1iFoYd,https://y.qq.com/n/ryqq/toplist/62
2026-09-12,2026-09-12T12:42:35+08:00,QQ音乐,飙升榜,飙升榜,2026-09-12,76,日落大道,梁博,热度 6%,,104895477,002zaHdb1vJWSQ,https://y.qq.com/n/ryqq/toplist/62
2026-09-12,2026-09-12T12:42:35+08:00,QQ音乐,飙升榜,飙升榜,2026-09-12,77,一样的月光,徐佳莹,热度 6%,,7063423,000cchEp2CGNEf,https://y.qq.com/n/ryqq/toplist/62
2026-09-12,2026-09-12T12:42:35+08:00,QQ音乐,飙升榜,飙升榜,2026-09-12,78,偏爱,张芸京,热度 6%,,473137,003ha6C92GRuVE,https://y.qq.com/n/ryqq/toplist/62
2026-09-12,2026-09-12T12:42:35+08:00,QQ音乐,飙升榜,飙升榜,2026-09-12,79,葡萄成熟时,陈奕迅,热度 6%,,1251167,003J6fvc0bVJon,https://y.qq.com/n/ryqq/toplist/62
2026-09-12,2026-09-12T12:42:35+08:00,QQ音乐,飙升榜,飙升榜,2026-09-12,80,背对背拥抱,林俊杰,热度 6%,,648231,002C0kX720gMQi,https://y.qq.com/n/ryqq/toplist/62
2026-09-12,2026-09-12T12:42:35+08:00,QQ音乐,飙升榜,飙升榜,2026-09-12,81,关键词,林俊杰,热度 6%,,105393420,004Tvu0F207cps,https://y.qq.com/n/ryqq/toplist/62
2026-09-12,2026-09-12T12:42:35+08:00,QQ音乐,飙升榜,飙升榜,2026-09-12,82,说好的幸福呢,周杰伦,热度 5%,,449200,002Neh8l0uciQZ,https://y.qq.com/n/ryqq/toplist/62
2026-09-12,2026-09-12T12:42:35+08:00,QQ音乐,飙升榜,飙升榜,2026-09-12,83,LEMONADE,aespa (에스파),热度 5%,,658567374,002jWmZi3hC5v8,https://y.qq.com/n/ryqq/toplist/62
2026-09-12,2026-09-12T12:42:35+08:00,QQ音乐,飙升榜,飙升榜,2026-09-12,84,琵琶曲,郑浩/冰洁,热度 5%,,627317850,002PmUzc12N5S7,https://y.qq.com/n/ryqq/toplist/62
2026-09-12,2026-09-12T12:42:35+08:00,QQ音乐,飙升榜,飙升榜,2026-09-12,85,失忆,李佳薇,热度 5%,,722566899,002S32Zr1laihT,https://y.qq.com/n/ryqq/toplist/62
2026-09-12,2026-09-12T12:42:35+08:00,QQ音乐,飙升榜,飙升榜,2026-09-12,86,Fly Away,梁静茹,热度 5%,,4830216,002N40J82N3yaM,https://y.qq.com/n/ryqq/toplist/62
2026-09-12,2026-09-12T12:42:35+08:00,QQ音乐,飙升榜,飙升榜,2026-09-12,87,冻结,林俊杰,热度 5%,,101659148,002vlOfM1X5TQ0,https://y.qq.com/n/ryqq/toplist/62
2026-09-12,2026-09-12T12:42:35+08:00,QQ音乐,飙升榜,飙升榜,2026-09-12,88,如果当时,许嵩,热度 5%,,460049,002KSDg90IaScI,https://y.qq.com/n/ryqq/toplist/62
2026-09-12,2026-09-12T12:42:35+08:00,QQ音乐,飙升榜,飙升榜,2026-09-12,89,梦哑,任然,热度 5%,,670769297,000JotAZ2WZEkq,https://y.qq.com/n/ryqq/toplist/62
2026-09-12,2026-09-12T12:42:35+08:00,QQ音乐,飙升榜,飙升榜,2026-09-12,90,天外来物,薛之谦,热度 5%,,272125057,000K9Zp13TZp5s,https://y.qq.com/n/ryqq/toplist/62
2026-09-12,2026-09-12T12:42:35+08:00,QQ音乐,飙升榜,飙升榜,2026-09-12,91,不将就,李荣浩,热度 5%,,102367085,001fi1zG0EjU2u,https://y.qq.com/n/ryqq/toplist/62
2026-09-12,2026-09-12T12:42:35+08:00,QQ音乐,飙升榜,飙升榜,2026-09-12,92,野心家,张靓颖,热度 5%,,591592617,003TmXW52e0F4P,https://y.qq.com/n/ryqq/toplist/62
2026-09-12,2026-09-12T12:42:35+08:00,QQ音乐,飙升榜,飙升榜,2026-09-12,93,云裳羽衣曲,周深,热度 5%,,214188340,001uf8A626x0yY,https://y.qq.com/n/ryqq/toplist/62
2026-09-12,2026-09-12T12:42:35+08:00,QQ音乐,飙升榜,飙升榜,2026-09-12,94,你不知道的事,王力宏,热度 5%,,740362,002iWU6B2ZvA8V,https://y.qq.com/n/ryqq/toplist/62
2026-09-12,2026-09-12T12:42:35+08:00,QQ音乐,飙升榜,飙升榜,2026-09-12,95,那天下雨了,周杰伦,热度 5%,,649556362,0041WVfh2vtlJE,https://y.qq.com/n/ryqq/toplist/62
2026-09-12,2026-09-12T12:42:35+08:00,QQ音乐,飙升榜,飙升榜,2026-09-12,96,爱情讯息,郭静,热度 5%,,876549,003PKZMI1Wyx1A,https://y.qq.com/n/ryqq/toplist/62
2026-09-12,2026-09-12T12:42:35+08:00,QQ音乐,飙升榜,飙升榜,2026-09-12,97,樱花草,Sweety,热度 5%,,481456,000pKXff1doeOd,https://y.qq.com/n/ryqq/toplist/62
2026-09-12,2026-09-12T12:42:35+08:00,QQ音乐,飙升榜,飙升榜,2026-09-12,98,愿与愁,林俊杰,热度 5%,,405007729,004ZOIop1doXru,https://y.qq.com/n/ryqq/toplist/62
2026-09-12,2026-09-12T12:42:35+08:00,QQ音乐,飙升榜,飙升榜,2026-09-12,99,勇气,梁静茹,热度 5%,,4830164,001DEgPu1004bl,https://y.qq.com/n/ryqq/toplist/62
2026-09-12,2026-09-12T12:42:35+08:00,QQ音乐,飙升榜,飙升榜,2026-09-12,100,其实,薛之谦,热度 5%,,104775877,000QgFcm0v8WaF,https://y.qq.com/n/ryqq/toplist/62
2026-09-12,2026-09-12T12:42:35+08:00,酷狗音乐,热歌榜,酷狗TOP500,2026-09-12,1,甲乙丙丁 (你我怎么两清),李佳薇,,3:30,213D580CA0BDCC28A5FDBA995FFDA106,197648995,https://www.kugou.com/yy/rank/home/1-8888.html?from=rank
2026-09-12,2026-09-12T12:42:35+08:00,酷狗音乐,热歌榜,酷狗TOP500,2026-09-12,2,失忆,李佳薇,,3:44,9F408EF17E45AA384C5B01E78E79325B,206308166,https://www.kugou.com/yy/rank/home/1-8888.html?from=rank
2026-09-12,2026-09-12T12:42:35+08:00,酷狗音乐,热歌榜,酷狗TOP500,2026-09-12,3,我不难过,孙燕姿,,5:20,3FD7E1EC51122C745C637735C8BDE716,965883,https://www.kugou.com/yy/rank/home/1-8888.html?from=rank
2026-09-12,2026-09-12T12:42:35+08:00,酷狗音乐,热歌榜,酷狗TOP500,2026-09-12,4,你有没有真的爱过我,阿图表妹,,4:03,FE39668F68770C3FB3BE57A3E86CCC10,190170015,https://www.kugou.com/yy/rank/home/1-8888.html?from=rank
2026-09-12,2026-09-12T12:42:35+08:00,酷狗音乐,热歌榜,酷狗TOP500,2026-09-12,5,山风山风等等我,万海东,,3:29,CE256D96F1F025D60468D8F0BC9EE64B,200106963,https://www.kugou.com/yy/rank/home/1-8888.html?from=rank
2026-09-12,2026-09-12T12:42:35+08:00,酷狗音乐,热歌榜,酷狗TOP500,2026-09-12,6,泪海,许茹芸,,4:58,FBC174E7C22B9AF471B7B93A61751E1B,975212,https://www.kugou.com/yy/rank/home/1-8888.html?from=rank
2026-09-12,2026-09-12T12:42:35+08:00,酷狗音乐,热歌榜,酷狗TOP500,2026-09-12,7,再见太难,利得汇,,4:48,AFAA7ACF75FCF8DAC78C0AF7C40D3E9D,2996827,https://www.kugou.com/yy/rank/home/1-8888.html?from=rank
2026-09-12,2026-09-12T12:42:35+08:00,酷狗音乐,热歌榜,酷狗TOP500,2026-09-12,8,你不该权衡利弊,李婷雪,,3:49,B4EE7D20EADA2A043636B4E560663F29,203889405,https://www.kugou.com/yy/rank/home/1-8888.html?from=rank
2026-09-12,2026-09-12T12:42:35+08:00,酷狗音乐,热歌榜,酷狗TOP500,2026-09-12,9,她,刘宇宁,,3:41,A46200A65547E5A267D10B1F32C6A3B1,204979963,https://www.kugou.com/yy/rank/home/1-8888.html?from=rank
2026-09-12,2026-09-12T12:42:35+08:00,酷狗音乐,热歌榜,酷狗TOP500,2026-09-12,10,山上的山花开 (氛围版),DJ铁叔,,3:00,63CFC67E84821480BC549F86FD0C01C6,205755702,https://www.kugou.com/yy/rank/home/1-8888.html?from=rank
2026-09-12,2026-09-12T12:42:35+08:00,酷狗音乐,热歌榜,酷狗TOP500,2026-09-12,11,人生路漫漫,白小白,,3:55,B8CA573A69DB5050C7EE0C1AB79144E5,179917533,https://www.kugou.com/yy/rank/home/1-8888.html?from=rank
2026-09-12,2026-09-12T12:42:35+08:00,酷狗音乐,热歌榜,酷狗TOP500,2026-09-12,12,琵琶曲,郑浩、冰洁,,3:55,244A022D6CB3FDE50B24E76402053EB3,180917343,https://www.kugou.com/yy/rank/home/1-8888.html?from=rank
2026-09-12,2026-09-12T12:42:35+08:00,酷狗音乐,热歌榜,酷狗TOP500,2026-09-12,13,如果回到那从前 (遗憾),刘纯,,3:18,0B2478BA6332B6F0E791CC7A2DA9ECBA,203722456,https://www.kugou.com/yy/rank/home/1-8888.html?from=rank
2026-09-12,2026-09-12T12:42:35+08:00,酷狗音乐,热歌榜,酷狗TOP500,2026-09-12,14,思念漫过海岸线,欢子,,3:53,8D2C6FA2B7F281E87E967DDB3B7A95DB,205286218,https://www.kugou.com/yy/rank/home/1-8888.html?from=rank
2026-09-12,2026-09-12T12:42:35+08:00,酷狗音乐,热歌榜,酷狗TOP500,2026-09-12,15,笨蛋,汪苏泷、五月天 阿信,,4:10,B6A01EB35B6ED3AA834BEDB6BFDDCDEF,206710059,https://www.kugou.com/yy/rank/home/1-8888.html?from=rank
2026-09-12,2026-09-12T12:42:35+08:00,酷狗音乐,热歌榜,酷狗TOP500,2026-09-12,16,盛夏的果实,莫文蔚,,4:11,1C86CBC64AE9A6C3539A36CAADDF1A59,978378,https://www.kugou.com/yy/rank/home/1-8888.html?from=rank
2026-09-12,2026-09-12T12:42:35+08:00,酷狗音乐,热歌榜,酷狗TOP500,2026-09-12,17,看淡,花姐,,3:54,9AEA353F161DFD90E16E9068047D1AB2,206162878,https://www.kugou.com/yy/rank/home/1-8888.html?from=rank
2026-09-12,2026-09-12T12:42:35+08:00,酷狗音乐,热歌榜,酷狗TOP500,2026-09-12,18,樱花草,Sweety,,4:44,F0B01830164E4974A2AC9E85DD446D45,507451,https://www.kugou.com/yy/rank/home/1-8888.html?from=rank
2026-09-12,2026-09-12T12:42:35+08:00,酷狗音乐,热歌榜,酷狗TOP500,2026-09-12,19,如果累了就回故乡 (少年版),酷酷里、面妹孔佳奇,,3:50,02B553BC8BB80E6948A78DE0CF4ED354,203339346,https://www.kugou.com/yy/rank/home/1-8888.html?from=rank
2026-09-12,2026-09-12T12:42:35+08:00,酷狗音乐,热歌榜,酷狗TOP500,2026-09-12,20,偏爱,张芸京,,3:33,4A544525C1F78DBDF25361DB0E255495,968788,https://www.kugou.com/yy/rank/home/1-8888.html?from=rank
2026-09-12,2026-09-12T12:42:35+08:00,酷狗音乐,热歌榜,酷狗TOP500,2026-09-12,21,你往南走 (风往北刮),南歌,,3:18,1FC3B465CD5ACA8654A64BE5DE4E9A12,205420335,https://www.kugou.com/yy/rank/home/1-8888.html?from=rank
2026-09-12,2026-09-12T12:42:35+08:00,酷狗音乐,热歌榜,酷狗TOP500,2026-09-12,22,慢品人间烟火气 (微醺版),涂一乐,,2:21,D097F9EC5D9A175447E0A120DCEEF3B8,204334307,https://www.kugou.com/yy/rank/home/1-8888.html?from=rank
2026-09-12,2026-09-12T12:42:35+08:00,酷狗音乐,热歌榜,酷狗TOP500,2026-09-12,23,时间能不能走慢点 (青春别散场live大合唱版),Lee 木子,,3:56,0E82477B4256D8DC3C620F762606C16A,204235408,https://www.kugou.com/yy/rank/home/2-8888.html?from=rank
2026-09-12,2026-09-12T12:42:35+08:00,酷狗音乐,热歌榜,酷狗TOP500,2026-09-12,24,黄昏,周传雄,,5:44,7DE9A9CD041157F6BF3FE9FFBCF120E3,964612,https://www.kugou.com/yy/rank/home/2-8888.html?from=rank
2026-09-12,2026-09-12T12:42:35+08:00,酷狗音乐,热歌榜,酷狗TOP500,2026-09-12,25,失眠,Suki刘舒妤,,3:31,EC476A2009EF5DCAC13EDCD11870DF55,671621,https://www.kugou.com/yy/rank/home/2-8888.html?from=rank
2026-09-12,2026-09-12T12:42:35+08:00,酷狗音乐,热歌榜,酷狗TOP500,2026-09-12,26,茶花开了，该回家了,王睿卓、加木,,3:10,99F0F17B7C6F110346411E7AD552156D,133732298,https://www.kugou.com/yy/rank/home/2-8888.html?from=rank
2026-09-12,2026-09-12T12:42:35+08:00,酷狗音乐,热歌榜,酷狗TOP500,2026-09-12,27,情歌,梁静茹,,4:20,72DB6DA75FFE23A3A6361BDB8F44D5F4,2997268,https://www.kugou.com/yy/rank/home/2-8888.html?from=rank
2026-09-12,2026-09-12T12:42:35+08:00,酷狗音乐,热歌榜,酷狗TOP500,2026-09-12,28,恋人,李荣浩,,4:36,9DA7851E2BF83B18C74CBBAB461CEFDD,106374641,https://www.kugou.com/yy/rank/home/2-8888.html?from=rank
2026-09-12,2026-09-12T12:42:35+08:00,酷狗音乐,热歌榜,酷狗TOP500,2026-09-12,29,吹吹山顶的风,巴扎黑,,2:59,87311B26EDEE637CA1448E14230BCB68,198304563,https://www.kugou.com/yy/rank/home/2-8888.html?from=rank
2026-09-12,2026-09-12T12:42:35+08:00,酷狗音乐,热歌榜,酷狗TOP500,2026-09-12,30,岁月如笔写春秋,河南三妹5233,,4:11,5D4C2F9D994E5BECDC9BA0FBC6BD3DD8,191576482,https://www.kugou.com/yy/rank/home/2-8888.html?from=rank
2026-09-12,2026-09-12T12:42:35+08:00,酷狗音乐,热歌榜,酷狗TOP500,2026-09-12,31,雨爱,杨丞琳,,4:21,2592FFA57A2D8B1A16F18D991B7098CD,2694607,https://www.kugou.com/yy/rank/home/2-8888.html?from=rank
2026-09-12,2026-09-12T12:42:35+08:00,酷狗音乐,热歌榜,酷狗TOP500,2026-09-12,32,雨过后的风景,Dizzy Dizzo (蔡诗芸),,4:03,E3F046EDB5EB76BBA5A44FFA3D8F8C42,974143,https://www.kugou.com/yy/rank/home/2-8888.html?from=rank
2026-09-12,2026-09-12T12:42:35+08:00,酷狗音乐,热歌榜,酷狗TOP500,2026-09-12,33,ORA,受伤的梅、王昱蒙,,4:15,5FAB85DDFA9F7EB6D64AA7568EAB466E,203945585,https://www.kugou.com/yy/rank/home/2-8888.html?from=rank
2026-09-12,2026-09-12T12:42:35+08:00,酷狗音乐,热歌榜,酷狗TOP500,2026-09-12,34,开始懂了,孙燕姿,,4:32,93F260998A10F4AD6B46606AF5C8EC72,972102,https://www.kugou.com/yy/rank/home/2-8888.html?from=rank
2026-09-12,2026-09-12T12:42:35+08:00,酷狗音乐,热歌榜,酷狗TOP500,2026-09-12,35,碎碎念,队长,,2:13,A823AE8D84854FD2EB5B8E599D1263FA,79831015,https://www.kugou.com/yy/rank/home/2-8888.html?from=rank
2026-09-12,2026-09-12T12:42:35+08:00,酷狗音乐,热歌榜,酷狗TOP500,2026-09-12,36,泪海 (你怎么舍得让我的泪流向海),段俊,,3:24,C990ED71F7E9FC6A11279F1D6DE8F503,206839041,https://www.kugou.com/yy/rank/home/2-8888.html?from=rank
2026-09-12,2026-09-12T12:42:35+08:00,酷狗音乐,热歌榜,酷狗TOP500,2026-09-12,37,阴天,莫文蔚,,4:02,E4271CB5938F401AA283FBEA49223BF8,970575,https://www.kugou.com/yy/rank/home/2-8888.html?from=rank
2026-09-12,2026-09-12T12:42:35+08:00,酷狗音乐,热歌榜,酷狗TOP500,2026-09-12,38,说文解字,灯叔、方大树,,2:44,8E1C8E7914488017C3BCCCB5C26E579C,205506790,https://www.kugou.com/yy/rank/home/2-8888.html?from=rank
2026-09-12,2026-09-12T12:42:35+08:00,酷狗音乐,热歌榜,酷狗TOP500,2026-09-12,39,晴天,周杰伦,,4:29,B3A52A7A958BF0AED0EBFBA2E9A818B7,966846,https://www.kugou.com/yy/rank/home/2-8888.html?from=rank
2026-09-12,2026-09-12T12:42:35+08:00,酷狗音乐,热歌榜,酷狗TOP500,2026-09-12,40,下完这场雨,后弦,,4:31,2EEFFF98A4F19D945BBA7C78FB2079C0,1964990,https://www.kugou.com/yy/rank/home/2-8888.html?from=rank
2026-09-12,2026-09-12T12:42:35+08:00,酷狗音乐,热歌榜,酷狗TOP500,2026-09-12,41,爱到最后 (全凭良心),马上,,3:19,B3CE07469875886F3A500304C82CC4E6,204099164,https://www.kugou.com/yy/rank/home/2-8888.html?from=rank
2026-09-12,2026-09-12T12:42:35+08:00,酷狗音乐,热歌榜,酷狗TOP500,2026-09-12,42,梦哑,任然,,3:54,3194D1AA995469BEF8620E96989D6BA8,193630889,https://www.kugou.com/yy/rank/home/2-8888.html?from=rank
2026-09-12,2026-09-12T12:42:35+08:00,酷狗音乐,热歌榜,酷狗TOP500,2026-09-12,43,我好想你 (苏打绿版),苏打绿,,5:29,55FEA1927AC4D460F6EB3B9262AC9981,108011230,https://www.kugou.com/yy/rank/home/2-8888.html?from=rank
2026-09-12,2026-09-12T12:42:35+08:00,酷狗音乐,热歌榜,酷狗TOP500,2026-09-12,44,等一分钟,徐誉滕,,3:56,52ED380B09C692BDF4CE65FD56D918F3,2530746,https://www.kugou.com/yy/rank/home/2-8888.html?from=rank
2026-09-12,2026-09-12T12:42:35+08:00,酷狗音乐,热歌榜,酷狗TOP500,2026-09-12,45,认真的雪,薛之谦,,4:19,D2E00CC158DB4DA18927AC3B01CC371B,2689239,https://www.kugou.com/yy/rank/home/3-8888.html?from=rank
2026-09-12,2026-09-12T12:42:35+08:00,酷狗音乐,热歌榜,酷狗TOP500,2026-09-12,46,我怀念的,孙燕姿,,4:49,1A3CAACB1E361DAF217A2383E9C8E292,984086,https://www.kugou.com/yy/rank/home/3-8888.html?from=rank
2026-09-12,2026-09-12T12:42:35+08:00,酷狗音乐,热歌榜,酷狗TOP500,2026-09-12,47,冰箱没有鸡蛋,马嘉祺,,3:10,54D04B09F376BEC775F84079920C8234,206174664,https://www.kugou.com/yy/rank/home/3-8888.html?from=rank
2026-09-12,2026-09-12T12:42:35+08:00,酷狗音乐,热歌榜,酷狗TOP500,2026-09-12,48,思念若是一首诗,万妮达Vinida Weng,,3:52,D38EF017FF734E0466294FEAA0CD264B,206174243,https://www.kugou.com/yy/rank/home/3-8888.html?from=rank
2026-09-12,2026-09-12T12:42:35+08:00,酷狗音乐,热歌榜,酷狗TOP500,2026-09-12,49,像我这样爱你的人,落日微醺本薰、张多金,,4:22,2AEE05C92035800815DE6AFEE285FD0B,201366705,https://www.kugou.com/yy/rank/home/3-8888.html?from=rank
2026-09-12,2026-09-12T12:42:35+08:00,酷狗音乐,热歌榜,酷狗TOP500,2026-09-12,50,想回到小村落 (微醺版),微醺落日,,3:45,B602243BC11E6304DF497BAA41072857,204314245,https://www.kugou.com/yy/rank/home/3-8888.html?from=rank
2026-09-12,2026-09-12T12:42:35+08:00,酷狗音乐,热歌榜,酷狗TOP500,2026-09-12,51,青花,周传雄,,4:58,09B46455BAE7C613ABD0DB362A5DDBDE,960448,https://www.kugou.com/yy/rank/home/3-8888.html?from=rank
2026-09-12,2026-09-12T12:42:35+08:00,酷狗音乐,热歌榜,酷狗TOP500,2026-09-12,52,踏马寻花向自由 (雷鬼版),超哥,,2:59,B5BA68A039E54847B4E14A46A268991B,194886112,https://www.kugou.com/yy/rank/home/3-8888.html?from=rank
2026-09-12,2026-09-12T12:42:35+08:00,酷狗音乐,热歌榜,酷狗TOP500,2026-09-12,53,黄昏 (纵然青丝如霜)(R&B版),落日微醺,,4:05,423FC1778078ACF260242626820E4244,194767721,https://www.kugou.com/yy/rank/home/3-8888.html?from=rank
2026-09-12,2026-09-12T12:42:35+08:00,酷狗音乐,热歌榜,酷狗TOP500,2026-09-12,54,再一次见面,周深,,3:35,DE52CCFFABD4E490B2A2D7C01ED11F8C,205251524,https://www.kugou.com/yy/rank/home/3-8888.html?from=rank
2026-09-12,2026-09-12T12:42:35+08:00,酷狗音乐,热歌榜,酷狗TOP500,2026-09-12,55,最佳损友,陈奕迅,,3:54,CBFA7DDE592B23322E21E4BDAA9BE9F9,964332,https://www.kugou.com/yy/rank/home/3-8888.html?from=rank
2026-09-12,2026-09-12T12:42:35+08:00,酷狗音乐,热歌榜,酷狗TOP500,2026-09-12,56,小半,陈粒,,4:57,AFEA9FFE5D7F0EF0874119A363820D33,1749208,https://www.kugou.com/yy/rank/home/3-8888.html?from=rank
2026-09-12,2026-09-12T12:42:35+08:00,酷狗音乐,热歌榜,酷狗TOP500,2026-09-12,57,街角的晚风,陈小春,,4:00,18B89D66950B7856EABB131BB6273F6E,169830039,https://www.kugou.com/yy/rank/home/3-8888.html?from=rank
2026-09-12,2026-09-12T12:42:35+08:00,酷狗音乐,热歌榜,酷狗TOP500,2026-09-12,58,差一步,大壮,,4:06,08C2E4AF2BDDB11D36E2B04A51DA30CE,6194568,https://www.kugou.com/yy/rank/home/3-8888.html?from=rank
2026-09-12,2026-09-12T12:42:35+08:00,酷狗音乐,热歌榜,酷狗TOP500,2026-09-12,59,离开我的依赖,王艳薇,,3:54,A9C377CC1B9931F0CE81907E23E4D588,36181053,https://www.kugou.com/yy/rank/home/3-8888.html?from=rank
2026-09-12,2026-09-12T12:42:35+08:00,酷狗音乐,热歌榜,酷狗TOP500,2026-09-12,60,唯一,G.E.M.邓紫棋,,4:14,AB05B8F658851282DCB2CBAD548AEB9B,82564821,https://www.kugou.com/yy/rank/home/3-8888.html?from=rank
2026-09-12,2026-09-12T12:42:35+08:00,酷狗音乐,热歌榜,酷狗TOP500,2026-09-12,61,成都,赵雷,,5:28,A06B033B356BFC974C5245D0195086A5,1802652,https://www.kugou.com/yy/rank/home/3-8888.html?from=rank
2026-09-12,2026-09-12T12:42:35+08:00,酷狗音乐,热歌榜,酷狗TOP500,2026-09-12,62,第57次取消发送,菲菲公主（陆绮菲）,,3:01,F17C489C53382E608F9CBB3ED9F6D2AA,137397074,https://www.kugou.com/yy/rank/home/3-8888.html?from=rank
2026-09-12,2026-09-12T12:42:35+08:00,酷狗音乐,热歌榜,酷狗TOP500,2026-09-12,63,若不是因为你 (深情版),林栖,,4:13,6CCB2559DE8FC8965E98F641C4C33B6A,176013962,https://www.kugou.com/yy/rank/home/3-8888.html?from=rank
2026-09-12,2026-09-12T12:42:35+08:00,酷狗音乐,热歌榜,酷狗TOP500,2026-09-12,64,一直很安静,阿桑,,4:10,44816EF0288A3B1ED2C4A5C5FE6B93B3,972917,https://www.kugou.com/yy/rank/home/3-8888.html?from=rank
2026-09-12,2026-09-12T12:42:35+08:00,酷狗音乐,热歌榜,酷狗TOP500,2026-09-12,65,富士山下,陈奕迅,,4:19,0433F1A94FA162B20FB8AE576A951D6B,976404,https://www.kugou.com/yy/rank/home/3-8888.html?from=rank
2026-09-12,2026-09-12T12:42:35+08:00,酷狗音乐,热歌榜,酷狗TOP500,2026-09-12,66,茶花开了,王睿卓,,4:30,007A7A8EAFA3FF9EA51EF6A767AC3497,130468077,https://www.kugou.com/yy/rank/home/3-8888.html?from=rank
2026-09-12,2026-09-12T12:42:35+08:00,酷狗音乐,热歌榜,酷狗TOP500,2026-09-12,67,街角的晚风 (烟嗓R&B版),落日微醺,,3:56,D636D97870D4098ACD3C317BFFDA03D9,196517616,https://www.kugou.com/yy/rank/home/4-8888.html?from=rank
2026-09-12,2026-09-12T12:42:35+08:00,酷狗音乐,热歌榜,酷狗TOP500,2026-09-12,68,今生劫换来生缘 (花开又花谢花满天),黄静美,,2:32,0EC832D2791A7AD5F6B76135F2D2313E,202565327,https://www.kugou.com/yy/rank/home/4-8888.html?from=rank
2026-09-12,2026-09-12T12:42:35+08:00,酷狗音乐,热歌榜,酷狗TOP500,2026-09-12,69,如愿,王菲,,4:25,EC1A18BBD6B61CB203E656B91F5CF2D1,49057589,https://www.kugou.com/yy/rank/home/4-8888.html?from=rank
2026-09-12,2026-09-12T12:42:35+08:00,酷狗音乐,热歌榜,酷狗TOP500,2026-09-12,70,演员,薛之谦,,4:21,097E777171F692855EAE98B6965F9477,14456909,https://www.kugou.com/yy/rank/home/4-8888.html?from=rank
2026-09-12,2026-09-12T12:42:35+08:00,酷狗音乐,热歌榜,酷狗TOP500,2026-09-12,71,坏女孩,徐良、小凌,,4:07,9365223F903B13D0DAF54B6091AC3E7B,511536,https://www.kugou.com/yy/rank/home/4-8888.html?from=rank
2026-09-12,2026-09-12T12:42:35+08:00,酷狗音乐,热歌榜,酷狗TOP500,2026-09-12,72,江南,林俊杰,,4:28,B83DBB8E3DD3FCF86BF32690B91547F5,969588,https://www.kugou.com/yy/rank/home/4-8888.html?from=rank
2026-09-12,2026-09-12T12:42:35+08:00,酷狗音乐,热歌榜,酷狗TOP500,2026-09-12,73,落日微醺 (晚风中一杯酒),落日微醺,,4:14,CB22754AB8A0F20FCC015D0A800758CE,196517740,https://www.kugou.com/yy/rank/home/4-8888.html?from=rank
2026-09-12,2026-09-12T12:42:35+08:00,酷狗音乐,热歌榜,酷狗TOP500,2026-09-12,74,遇见,孙燕姿,,3:31,9F865C787E90E013B2BC847BAAA306AA,964325,https://www.kugou.com/yy/rank/home/4-8888.html?from=rank
2026-09-12,2026-09-12T12:42:35+08:00,酷狗音乐,热歌榜,酷狗TOP500,2026-09-12,75,我能百依百顺也能不闻不问,肖雨蒙,,3:14,1DE7FF0F7097C7B71DB4465B33E486B1,205575981,https://www.kugou.com/yy/rank/home/4-8888.html?from=rank
2026-09-12,2026-09-12T12:42:35+08:00,酷狗音乐,热歌榜,酷狗TOP500,2026-09-12,76,此生不换,青鸟飞鱼,,4:26,F73630B79647324AB3415C21BFA5BD3D,553897,https://www.kugou.com/yy/rank/home/4-8888.html?from=rank
2026-09-12,2026-09-12T12:42:35+08:00,酷狗音乐,热歌榜,酷狗TOP500,2026-09-12,77,青花瓷,周杰伦,,3:59,37A8F50A9EC3B267C3CC6BEC633D9C4A,979856,https://www.kugou.com/yy/rank/home/4-8888.html?from=rank
2026-09-12,2026-09-12T12:42:35+08:00,酷狗音乐,热歌榜,酷狗TOP500,2026-09-12,78,好想再爱你,潘广益,,4:31,B78BA4062528E712B68C42DC6A4D9AAE,957659,https://www.kugou.com/yy/rank/home/4-8888.html?from=rank
2026-09-12,2026-09-12T12:42:35+08:00,酷狗音乐,热歌榜,酷狗TOP500,2026-09-12,79,爱错,王力宏,,3:59,8E021794DFD02C48D2C6281A55BCBDC6,2996462,https://www.kugou.com/yy/rank/home/4-8888.html?from=rank
2026-09-12,2026-09-12T12:42:35+08:00,酷狗音乐,热歌榜,酷狗TOP500,2026-09-12,80,后来,刘若英,,5:38,C4904D4E3BBA872D41D3BDBF597E2B18,16562,https://www.kugou.com/yy/rank/home/4-8888.html?from=rank
2026-09-12,2026-09-12T12:42:35+08:00,酷狗音乐,热歌榜,酷狗TOP500,2026-09-12,81,童话,光良,,4:04,472FF9D57BCE90288EC88CBE100BCB2A,974097,https://www.kugou.com/yy/rank/home/4-8888.html?from=rank
2026-09-12,2026-09-12T12:42:35+08:00,酷狗音乐,热歌榜,酷狗TOP500,2026-09-12,82,空心,光泽,,4:39,4465EE613CC3CF7DCF9448F8ACFED1CA,4141939,https://www.kugou.com/yy/rank/home/4-8888.html?from=rank
2026-09-12,2026-09-12T12:42:35+08:00,酷狗音乐,热歌榜,酷狗TOP500,2026-09-12,83,闭目入神,郑中基,,3:36,386EF80136EFD753F8C9CD75D18159C3,7547818,https://www.kugou.com/yy/rank/home/4-8888.html?from=rank
2026-09-12,2026-09-12T12:42:35+08:00,酷狗音乐,热歌榜,酷狗TOP500,2026-09-12,84,光辉岁月,BEYOND,,5:04,BBFE9596615ADE83FF6B117831C45E4D,960181,https://www.kugou.com/yy/rank/home/4-8888.html?from=rank
2026-09-12,2026-09-12T12:42:35+08:00,酷狗音乐,热歌榜,酷狗TOP500,2026-09-12,85,爱情讯息,郭静,,4:41,D8E857250D8EEA9C5FAFDAF7857640A5,971139,https://www.kugou.com/yy/rank/home/4-8888.html?from=rank
2026-09-12,2026-09-12T12:42:35+08:00,酷狗音乐,热歌榜,酷狗TOP500,2026-09-12,86,半壶纱,刘珂矣,,3:41,951AB088C5A08F491471A1296DF93707,948327,https://www.kugou.com/yy/rank/home/4-8888.html?from=rank
2026-09-12,2026-09-12T12:42:35+08:00,酷狗音乐,热歌榜,酷狗TOP500,2026-09-12,87,没那么简单,黄小琥,,5:08,90D82FB9EB6C1F5385F6F086318EE1FA,962530,https://www.kugou.com/yy/rank/home/4-8888.html?from=rank
2026-09-12,2026-09-12T12:42:35+08:00,酷狗音乐,热歌榜,酷狗TOP500,2026-09-12,88,红色高跟鞋,蔡健雅,,3:27,055A804B8A3CCC05240D08F8FF1F7DE8,978459,https://www.kugou.com/yy/rank/home/4-8888.html?from=rank
2026-09-12,2026-09-12T12:42:35+08:00,酷狗音乐,热歌榜,酷狗TOP500,2026-09-12,89,稻香,周杰伦,,3:44,8909E1809908CD8E3BF6CF85D98B93F0,960399,https://www.kugou.com/yy/rank/home/5-8888.html?from=rank
2026-09-12,2026-09-12T12:42:35+08:00,酷狗音乐,热歌榜,酷狗TOP500,2026-09-12,90,回到小村落 (烟嗓版),烟嗓别针plus,,3:39,B3A557C464546E69AFB5A7FBE370E6A2,203603720,https://www.kugou.com/yy/rank/home/5-8888.html?from=rank
2026-09-12,2026-09-12T12:42:35+08:00,酷狗音乐,热歌榜,酷狗TOP500,2026-09-12,91,会呼吸的痛,梁静茹,,4:32,1EB00DC46AE8E1446B6A9860A56487AC,500574,https://www.kugou.com/yy/rank/home/5-8888.html?from=rank
2026-09-12,2026-09-12T12:42:35+08:00,酷狗音乐,热歌榜,酷狗TOP500,2026-09-12,92,莫忙,乡野低频,,3:00,CF77A3DEE3D707DD355FC0CA3F78FBE5,203395383,https://www.kugou.com/yy/rank/home/5-8888.html?from=rank
2026-09-12,2026-09-12T12:42:35+08:00,酷狗音乐,热歌榜,酷狗TOP500,2026-09-12,93,梦的翅膀受了伤,蒋雪儿Snow.J,,4:36,7B00B1F90C13C270CE96EA51DA863B96,1965074,https://www.kugou.com/yy/rank/home/5-8888.html?from=rank
2026-09-12,2026-09-12T12:42:35+08:00,酷狗音乐,热歌榜,酷狗TOP500,2026-09-12,94,山歌追上云朵,央金拉姆,,3:35,B81F368C6B44B98B0E2B4E9F417F1002,193932928,https://www.kugou.com/yy/rank/home/5-8888.html?from=rank
2026-09-12,2026-09-12T12:42:35+08:00,酷狗音乐,热歌榜,酷狗TOP500,2026-09-12,95,抽离,徐良、刘丹萌,,4:18,37A9C74C33A9FAEFF672CFDF4C699581,547514,https://www.kugou.com/yy/rank/home/5-8888.html?from=rank
2026-09-12,2026-09-12T12:42:35+08:00,酷狗音乐,热歌榜,酷狗TOP500,2026-09-12,96,来不及爱你,h3R3刘清云,,3:25,E3ED52965CEE83A40D73C5FB1DA7FF62,76488384,https://www.kugou.com/yy/rank/home/5-8888.html?from=rank
2026-09-12,2026-09-12T12:42:35+08:00,酷狗音乐,热歌榜,酷狗TOP500,2026-09-12,97,美人鱼,林俊杰,,4:14,CDAE8C7E2FAF7F08DC18E78A1D65117B,969588,https://www.kugou.com/yy/rank/home/5-8888.html?from=rank
2026-09-12,2026-09-12T12:42:35+08:00,酷狗音乐,热歌榜,酷狗TOP500,2026-09-12,98,冻结,林俊杰,,4:49,AE291096B510F20B93D7D87DCBEF1E43,971150,https://www.kugou.com/yy/rank/home/5-8888.html?from=rank
2026-09-12,2026-09-12T12:42:35+08:00,酷狗音乐,热歌榜,酷狗TOP500,2026-09-12,99,带我走,杨丞琳,,4:50,0C57DE35C3CB2A32A8CF634E4F8309C4,975441,https://www.kugou.com/yy/rank/home/5-8888.html?from=rank
2026-09-12,2026-09-12T12:42:35+08:00,酷狗音乐,热歌榜,酷狗TOP500,2026-09-12,100,时光你等等我,郭芊彤,,4:19,35752B1309268B40355A1CEE7821EDEE,201198246,https://www.kugou.com/yy/rank/home/5-8888.html?from=rank
2026-09-12,2026-09-12T12:42:35+08:00,酷狗音乐,热歌榜,酷狗TOP500,2026-09-12,101,奢香夫人,凤凰传奇,,4:20,478C572FC9E2E15777A41260DEE293A0,984412,https://www.kugou.com/yy/rank/home/5-8888.html?from=rank
2026-09-12,2026-09-12T12:42:35+08:00,酷狗音乐,热歌榜,酷狗TOP500,2026-09-12,102,只对你有感觉,飞轮海、田馥甄,,3:59,E400C3F475001BA5B0F197F2E1923F47,556347,https://www.kugou.com/yy/rank/home/5-8888.html?from=rank
2026-09-12,2026-09-12T12:42:35+08:00,酷狗音乐,热歌榜,酷狗TOP500,2026-09-12,103,或许 (现场live大合唱版),7paste、艾利（Ellie）,,3:30,C77D56A5B1526AC1F0FA5B93787002C0,203036081,https://www.kugou.com/yy/rank/home/5-8888.html?from=rank
2026-09-12,2026-09-12T12:42:35+08:00,酷狗音乐,热歌榜,酷狗TOP500,2026-09-12,104,No photo of you left to survey (one day when I was twenty),冬妍DYan,,3:05,7523CFC6EDE31E4C56B30E5220A06B35,206681376,https://www.kugou.com/yy/rank/home/5-8888.html?from=rank
2026-09-12,2026-09-12T12:42:35+08:00,酷狗音乐,热歌榜,酷狗TOP500,2026-09-12,105,十年,陈奕迅,,3:25,5146461A5717B942F4B13125978618E3,504194,https://www.kugou.com/yy/rank/home/5-8888.html?from=rank
2026-09-12,2026-09-12T12:42:35+08:00,酷狗音乐,热歌榜,酷狗TOP500,2026-09-12,106,海阔天空,BEYOND,,5:25,C41E80A18D1448FA47086372999C7F43,973001,https://www.kugou.com/yy/rank/home/5-8888.html?from=rank
2026-09-12,2026-09-12T12:42:35+08:00,酷狗音乐,热歌榜,酷狗TOP500,2026-09-12,107,野心家,张靓颖,,4:43,1789AD88CFDD254910125F22494C0E8B,161637189,https://www.kugou.com/yy/rank/home/5-8888.html?from=rank
2026-09-12,2026-09-12T12:42:35+08:00,酷狗音乐,热歌榜,酷狗TOP500,2026-09-12,108,有些,颜人中,,3:49,D79E556C176AE1A3ADE8B532810C4CE8,34604592,https://www.kugou.com/yy/rank/home/5-8888.html?from=rank
2026-09-12,2026-09-12T12:42:35+08:00,酷狗音乐,热歌榜,酷狗TOP500,2026-09-12,109,体面,于文文,,4:43,B0927C5353E9DD8BD72242BB730DAFF4,8149034,https://www.kugou.com/yy/rank/home/5-8888.html?from=rank
2026-09-12,2026-09-12T12:42:35+08:00,酷狗音乐,热歌榜,酷狗TOP500,2026-09-12,110,勇气,梁静茹,,3:59,A4D0C350CF4475BFBB0AB28DC6E25A8D,973299,https://www.kugou.com/yy/rank/home/5-8888.html?from=rank
2026-09-12,2026-09-12T12:42:35+08:00,酷狗音乐,热歌榜,酷狗TOP500,2026-09-12,111,千千阕歌,陈慧娴,,5:01,81E5A1C3B9E016D61FE91B809B4A7DC1,971621,https://www.kugou.com/yy/rank/home/6-8888.html?from=rank
2026-09-12,2026-09-12T12:42:35+08:00,酷狗音乐,热歌榜,酷狗TOP500,2026-09-12,112,灰色轨迹,BEYOND,,5:28,4476FAA4B6567CCC2292BFBBCA93CB9C,39629213,https://www.kugou.com/yy/rank/home/6-8888.html?from=rank
2026-09-12,2026-09-12T12:42:35+08:00,酷狗音乐,热歌榜,酷狗TOP500,2026-09-12,113,终会再见,刘宇宁,,3:52,98BF2BCA14639FD7C4238112F55C199E,206186959,https://www.kugou.com/yy/rank/home/6-8888.html?from=rank
2026-09-12,2026-09-12T12:42:35+08:00,酷狗音乐,热歌榜,酷狗TOP500,2026-09-12,114,明天过后,张杰,,3:59,5B900D95E79765AE62664BE5C871DD9E,38606351,https://www.kugou.com/yy/rank/home/6-8888.html?from=rank
2026-09-12,2026-09-12T12:42:35+08:00,酷狗音乐,热歌榜,酷狗TOP500,2026-09-12,115,北方的后海没有海 (r&b微醺版),落日微醺,,3:26,DB3D10DE8DF3C5188EC036A9724F9418,196519034,https://www.kugou.com/yy/rank/home/6-8888.html?from=rank
2026-09-12,2026-09-12T12:42:35+08:00,酷狗音乐,热歌榜,酷狗TOP500,2026-09-12,116,特别的人,方大同,,4:19,0F7A79ADAAEEB6EA1DA3E19DD637FD73,965097,https://www.kugou.com/yy/rank/home/6-8888.html?from=rank
2026-09-12,2026-09-12T12:42:35+08:00,酷狗音乐,热歌榜,酷狗TOP500,2026-09-12,117,其实,薛之谦,,4:02,2A8911EAD4838BF967CF5A300D787E53,960327,https://www.kugou.com/yy/rank/home/6-8888.html?from=rank
2026-09-12,2026-09-12T12:42:35+08:00,酷狗音乐,热歌榜,酷狗TOP500,2026-09-12,118,夜曲,周杰伦,,3:47,16C8AB298231370293D16BCF9E5FF9B6,958909,https://www.kugou.com/yy/rank/home/6-8888.html?from=rank
2026-09-12,2026-09-12T12:42:35+08:00,酷狗音乐,热歌榜,酷狗TOP500,2026-09-12,119,搁浅,周杰伦,,4:00,8141FAA45AAD5BCFF5FF9873B89709E3,971783,https://www.kugou.com/yy/rank/home/6-8888.html?from=rank
2026-09-12,2026-09-12T12:42:35+08:00,酷狗音乐,热歌榜,酷狗TOP500,2026-09-12,120,秋天不回来,王强,,4:14,81056FF4FC4F2D0A0E9B38757A60D2F7,81746524,https://www.kugou.com/yy/rank/home/6-8888.html?from=rank
2026-09-12,2026-09-12T12:42:35+08:00,酷狗音乐,热歌榜,酷狗TOP500,2026-09-12,121,舍得,王唯旖,,4:22,62C406C76F45C3EF39F451F2C4F22D95,1944276,https://www.kugou.com/yy/rank/home/6-8888.html?from=rank
2026-09-12,2026-09-12T12:42:35+08:00,酷狗音乐,热歌榜,酷狗TOP500,2026-09-12,122,讲不出再见,谭咏麟,,4:54,2E0BFDC7BA2F759B0208A58CB2C26523,2337635,https://www.kugou.com/yy/rank/home/6-8888.html?from=rank
2026-09-12,2026-09-12T12:42:35+08:00,酷狗音乐,热歌榜,酷狗TOP500,2026-09-12,123,亲爱的你啊,任素汐,,3:56,C42C2C5C7A68CDAFBF543F29AF883B1D,144348541,https://www.kugou.com/yy/rank/home/6-8888.html?from=rank
2026-09-12,2026-09-12T12:42:35+08:00,酷狗音乐,热歌榜,酷狗TOP500,2026-09-12,124,出现又离开 (Live),梁博,,6:43,DEAB3B0160E9A410CE0AAA9ED8AC602E,19284949,https://www.kugou.com/yy/rank/home/6-8888.html?from=rank
2026-09-12,2026-09-12T12:42:35+08:00,酷狗音乐,热歌榜,酷狗TOP500,2026-09-12,125,情一动心就痛,海生,,3:52,760B61FE988DF30C730F0965AACF660B,958222,https://www.kugou.com/yy/rank/home/6-8888.html?from=rank
2026-09-12,2026-09-12T12:42:35+08:00,酷狗音乐,热歌榜,酷狗TOP500,2026-09-12,126,猜不透,丁当,,3:53,B1B4CC4F4E90134603CE66CBCF8FA73B,973244,https://www.kugou.com/yy/rank/home/6-8888.html?from=rank
2026-09-12,2026-09-12T12:42:35+08:00,酷狗音乐,热歌榜,酷狗TOP500,2026-09-12,127,关不上的窗,周传雄,,4:53,C9FF4C5E86A76043F004E3BB17E08942,982655,https://www.kugou.com/yy/rank/home/6-8888.html?from=rank
2026-09-12,2026-09-12T12:42:35+08:00,酷狗音乐,热歌榜,酷狗TOP500,2026-09-12,128,逆风的船 (看那朝阳爬过了山峦),蓝波,,3:16,0FC1FA099A3F6984C1C1D4EC211D5A7B,199831134,https://www.kugou.com/yy/rank/home/6-8888.html?from=rank
2026-09-12,2026-09-12T12:42:35+08:00,酷狗音乐,热歌榜,酷狗TOP500,2026-09-12,129,红尘客栈,周杰伦,,4:34,48729371F20FB048EF4E51D4CD41DBF5,982051,https://www.kugou.com/yy/rank/home/6-8888.html?from=rank
2026-09-12,2026-09-12T12:42:35+08:00,酷狗音乐,热歌榜,酷狗TOP500,2026-09-12,130,谁 (男女扎心合唱),梨子芥菜、戚悦,,3:58,38DAABE4EEA0ADDC04897AC14E15B54E,185936379,https://www.kugou.com/yy/rank/home/6-8888.html?from=rank
2026-09-12,2026-09-12T12:42:35+08:00,酷狗音乐,热歌榜,酷狗TOP500,2026-09-12,131,失控,井迪,,4:15,44FE8C442EB1F254D15717F1DC03C9BF,40221609,https://www.kugou.com/yy/rank/home/6-8888.html?from=rank
2026-09-12,2026-09-12T12:42:35+08:00,酷狗音乐,热歌榜,酷狗TOP500,2026-09-12,132,孤独的总和,吴汶芳,,4:05,5418708078525F6CAC0F73BB83F45240,8374677,https://www.kugou.com/yy/rank/home/6-8888.html?from=rank
2026-09-12,2026-09-12T12:42:35+08:00,酷狗音乐,热歌榜,酷狗TOP500,2026-09-12,133,相见恨晚,彭佳慧,,4:15,01214FB85BAF49AB74F10AFA4C363540,977553,https://www.kugou.com/yy/rank/home/7-8888.html?from=rank
2026-09-12,2026-09-12T12:42:35+08:00,酷狗音乐,热歌榜,酷狗TOP500,2026-09-12,134,告白气球,周杰伦,,3:36,688857974673645CE89EDA26A36DB19D,1645030,https://www.kugou.com/yy/rank/home/7-8888.html?from=rank
2026-09-12,2026-09-12T12:42:35+08:00,酷狗音乐,热歌榜,酷狗TOP500,2026-09-12,135,雪下的时候,乔佳旭,,4:24,F6B3AA5971A01E755A344C2256606418,35913748,https://www.kugou.com/yy/rank/home/7-8888.html?from=rank
2026-09-12,2026-09-12T12:42:35+08:00,酷狗音乐,热歌榜,酷狗TOP500,2026-09-12,136,那时雨,徐良,,3:34,CE76C60251F6193BC5BBA5B46B977747,16900987,https://www.kugou.com/yy/rank/home/7-8888.html?from=rank
2026-09-12,2026-09-12T12:42:35+08:00,酷狗音乐,热歌榜,酷狗TOP500,2026-09-12,137,我不该动情,老板,,3:57,DFA780605FE78F1572761712931024A7,197593768,https://www.kugou.com/yy/rank/home/7-8888.html?from=rank
2026-09-12,2026-09-12T12:42:35+08:00,酷狗音乐,热歌榜,酷狗TOP500,2026-09-12,138,执子之手,宝石Gem、哩哩,,3:10,A84D44A92F427A3198ECEE703B708478,61962429,https://www.kugou.com/yy/rank/home/7-8888.html?from=rank
2026-09-12,2026-09-12T12:42:35+08:00,酷狗音乐,热歌榜,酷狗TOP500,2026-09-12,139,至少还有你,林忆莲,,4:35,BA9D67DAB59FA6DCE243F4B6B70ACA95,967340,https://www.kugou.com/yy/rank/home/7-8888.html?from=rank
2026-09-12,2026-09-12T12:42:35+08:00,酷狗音乐,热歌榜,酷狗TOP500,2026-09-12,140,可不可以,张紫豪,,4:01,6079A2ACBA5E782FE24695FDFCDB1887,9618875,https://www.kugou.com/yy/rank/home/7-8888.html?from=rank
2026-09-12,2026-09-12T12:42:35+08:00,酷狗音乐,热歌榜,酷狗TOP500,2026-09-12,141,你这坏坏的扑街仔 (偏偏爱上你这笨脑袋)(对唱版),马耀火、金禾安,,3:02,4C04BB8F9C9F93D4E0325BF625F11BEC,203511794,https://www.kugou.com/yy/rank/home/7-8888.html?from=rank
2026-09-12,2026-09-12T12:42:35+08:00,酷狗音乐,热歌榜,酷狗TOP500,2026-09-12,142,七里香,周杰伦,,4:59,9218D81686C6AC681BC7CA621958AD6D,971783,https://www.kugou.com/yy/rank/home/7-8888.html?from=rank
2026-09-12,2026-09-12T12:42:35+08:00,酷狗音乐,热歌榜,酷狗TOP500,2026-09-12,143,我好像在哪见过你,薛之谦,,4:39,6A350E487263733359E7F2B64BD974AC,1747549,https://www.kugou.com/yy/rank/home/7-8888.html?from=rank
2026-09-12,2026-09-12T12:42:35+08:00,酷狗音乐,热歌榜,酷狗TOP500,2026-09-12,144,我们俩,郭顶,,3:14,DD4D224BC3DBFD1A0F6E338928620E69,979601,https://www.kugou.com/yy/rank/home/7-8888.html?from=rank
2026-09-12,2026-09-12T12:42:35+08:00,酷狗音乐,热歌榜,酷狗TOP500,2026-09-12,145,黑街,陈雅雯,,4:05,3FDEDFDA2D0131280D7F65CD7D9618D3,1597547,https://www.kugou.com/yy/rank/home/7-8888.html?from=rank
2026-09-12,2026-09-12T12:42:35+08:00,酷狗音乐,热歌榜,酷狗TOP500,2026-09-12,146,曾经的你,许巍,,4:21,8D27A0FD0D8B6A9059D3FEEC95E2088D,976268,https://www.kugou.com/yy/rank/home/7-8888.html?from=rank
2026-09-12,2026-09-12T12:42:35+08:00,酷狗音乐,热歌榜,酷狗TOP500,2026-09-12,147,空心 (Live),黄霄雲、刘端端,,4:55,6F74F7B3D9B87CA771573ABD27B2A820,199810791,https://www.kugou.com/yy/rank/home/7-8888.html?from=rank
2026-09-12,2026-09-12T12:42:35+08:00,酷狗音乐,热歌榜,酷狗TOP500,2026-09-12,148,洛神,乱徵,,4:37,C7F29D050D8C8161FD26E27BC494FD8A,206138430,https://www.kugou.com/yy/rank/home/7-8888.html?from=rank
2026-09-12,2026-09-12T12:42:35+08:00,酷狗音乐,热歌榜,酷狗TOP500,2026-09-12,149,老街,李荣浩,,5:19,30E7F7CCB57EB16D1BE3EC71D7ADB071,964378,https://www.kugou.com/yy/rank/home/7-8888.html?from=rank
2026-09-12,2026-09-12T12:42:35+08:00,酷狗音乐,热歌榜,酷狗TOP500,2026-09-12,150,落了白,蒋雪儿Snow.J,,3:01,74390D89B6BD2E18CFD7F25968EFD98A,40300587,https://www.kugou.com/yy/rank/home/7-8888.html?from=rank
2026-09-12,2026-09-12T12:42:35+08:00,酷狗音乐,热歌榜,酷狗TOP500,2026-09-12,151,你瞒我瞒,陈柏宇,,3:58,E8EE57D671769402710C4FF9259D841F,965453,https://www.kugou.com/yy/rank/home/7-8888.html?from=rank
2026-09-12,2026-09-12T12:42:35+08:00,酷狗音乐,热歌榜,酷狗TOP500,2026-09-12,152,你是我心中最痛的伤疤,龙涛,,4:12,144ED63C33498D21A77548ED08E6A0EC,206497905,https://www.kugou.com/yy/rank/home/7-8888.html?from=rank
2026-09-12,2026-09-12T12:42:35+08:00,酷狗音乐,热歌榜,酷狗TOP500,2026-09-12,153,西海情歌,刀郎,,5:43,0E5FB14E78AFF13C2DEF97C814537CB7,984281,https://www.kugou.com/yy/rank/home/7-8888.html?from=rank
2026-09-12,2026-09-12T12:42:35+08:00,酷狗音乐,热歌榜,酷狗TOP500,2026-09-12,154,你有没有真的爱过我 (对唱版),阿图表妹、寂寞阿图,,4:03,3C425FC4496E67468562CA377D7F2B23,190170015,https://www.kugou.com/yy/rank/home/7-8888.html?from=rank
2026-09-12,2026-09-12T12:42:35+08:00,酷狗音乐,热歌榜,酷狗TOP500,2026-09-12,155,侧脸,黄霄雲,,3:37,955421D2C0B869B3D25116B3E0FA461C,206943192,https://www.kugou.com/yy/rank/home/8-8888.html?from=rank
2026-09-12,2026-09-12T12:42:35+08:00,酷狗音乐,热歌榜,酷狗TOP500,2026-09-12,156,过火,张信哲,,5:02,E34CBC6EBE64B9EE9ADB5C46E2178A84,982639,https://www.kugou.com/yy/rank/home/8-8888.html?from=rank
2026-09-12,2026-09-12T12:42:35+08:00,酷狗音乐,热歌榜,酷狗TOP500,2026-09-12,157,新的关系,李毅恩Lye,,3:36,45AB1DA74F3261FCF9B1FD0606C7A2D9,203404785,https://www.kugou.com/yy/rank/home/8-8888.html?from=rank
2026-09-12,2026-09-12T12:42:35+08:00,酷狗音乐,热歌榜,酷狗TOP500,2026-09-12,158,退后,周杰伦,,4:22,5971DE0B235D5B2708D6A6FEB3D31B6F,965291,https://www.kugou.com/yy/rank/home/8-8888.html?from=rank
2026-09-12,2026-09-12T12:42:35+08:00,酷狗音乐,热歌榜,酷狗TOP500,2026-09-12,159,老男孩,筷子兄弟,,4:59,EB494F1F9199AA29F66E056F116D2F1C,17165001,https://www.kugou.com/yy/rank/home/8-8888.html?from=rank
2026-09-12,2026-09-12T12:42:35+08:00,酷狗音乐,热歌榜,酷狗TOP500,2026-09-12,160,我知道,BY2,,4:10,38CB283F880797F94A80968E682191E2,530437,https://www.kugou.com/yy/rank/home/8-8888.html?from=rank
2026-09-12,2026-09-12T12:42:35+08:00,酷狗音乐,热歌榜,酷狗TOP500,2026-09-12,161,春娇与志明,街道办GDC、欧阳耀莹,,3:24,E84947402A5E0952FA067566C10264CB,8543461,https://www.kugou.com/yy/rank/home/8-8888.html?from=rank
2026-09-12,2026-09-12T12:42:35+08:00,酷狗音乐,热歌榜,酷狗TOP500,2026-09-12,162,Always Online,林俊杰,,3:45,16A4E4895905B703AC0F31007A495D4C,963179,https://www.kugou.com/yy/rank/home/8-8888.html?from=rank
2026-09-12,2026-09-12T12:42:35+08:00,酷狗音乐,热歌榜,酷狗TOP500,2026-09-12,163,牡丹亭,浅影阿,,3:00,E3DDA5DFCDC44BCF146E2BDC3916779A,203271867,https://www.kugou.com/yy/rank/home/8-8888.html?from=rank
2026-09-12,2026-09-12T12:42:35+08:00,酷狗音乐,热歌榜,酷狗TOP500,2026-09-12,164,戒烟,李荣浩,,4:54,AF36A623D725B98893DAEFDF8010F22E,49390931,https://www.kugou.com/yy/rank/home/8-8888.html?from=rank
2026-09-12,2026-09-12T12:42:35+08:00,酷狗音乐,热歌榜,酷狗TOP500,2026-09-12,165,葡萄成熟时,陈奕迅,,4:37,FDEEA17B3BAD24C0C88E4D45F71F1946,968210,https://www.kugou.com/yy/rank/home/8-8888.html?from=rank
2026-09-12,2026-09-12T12:42:35+08:00,酷狗音乐,热歌榜,酷狗TOP500,2026-09-12,166,素颜,许嵩、何曼婷,,3:59,30C94AE2868E63B1058DA7685E0CDF3B,13264539,https://www.kugou.com/yy/rank/home/8-8888.html?from=rank
2026-09-12,2026-09-12T12:42:35+08:00,酷狗音乐,热歌榜,酷狗TOP500,2026-09-12,167,不将就,李荣浩,,5:12,E5F0905C662872A9B05A423FD1ED48B5,1004040,https://www.kugou.com/yy/rank/home/8-8888.html?from=rank
2026-09-12,2026-09-12T12:42:35+08:00,酷狗音乐,热歌榜,酷狗TOP500,2026-09-12,168,在你的身边,盛哲,,4:22,38698C9A8BB6637CDDE413C6E210FA54,4128050,https://www.kugou.com/yy/rank/home/8-8888.html?from=rank
2026-09-12,2026-09-12T12:42:35+08:00,酷狗音乐,热歌榜,酷狗TOP500,2026-09-12,169,心墙,郭静,,3:47,97870F3D4B01A7822DC497C6127EA66D,968033,https://www.kugou.com/yy/rank/home/8-8888.html?from=rank
2026-09-12,2026-09-12T12:42:35+08:00,酷狗音乐,热歌榜,酷狗TOP500,2026-09-12,170,一路向北,周杰伦,,4:54,F73F22FB046CA1A135C70417163AF82E,1739223,https://www.kugou.com/yy/rank/home/8-8888.html?from=rank
2026-09-12,2026-09-12T12:42:35+08:00,酷狗音乐,热歌榜,酷狗TOP500,2026-09-12,171,背对背拥抱,林俊杰,,3:55,D3CB60981A747455AE3142C25809051E,975828,https://www.kugou.com/yy/rank/home/8-8888.html?from=rank
2026-09-12,2026-09-12T12:42:35+08:00,酷狗音乐,热歌榜,酷狗TOP500,2026-09-12,172,玻璃,Gareth.T,,3:05,ED0ED6B17B6C29695E97F5CC945C7901,191663409,https://www.kugou.com/yy/rank/home/8-8888.html?from=rank
2026-09-12,2026-09-12T12:42:35+08:00,酷狗音乐,热歌榜,酷狗TOP500,2026-09-12,173,这最后一次的分离 (张杰卡点版),我期待的不是你、暴躁kiki,,2:20,626632A94A0738EB24F5ADD0C067C68E,203251626,https://www.kugou.com/yy/rank/home/8-8888.html?from=rank
2026-09-12,2026-09-12T12:42:35+08:00,酷狗音乐,热歌榜,酷狗TOP500,2026-09-12,174,Fever Pitch,Richz,,2:15,594B915AEEDA7DA8F5BD70B63EA76EAD,180499937,https://www.kugou.com/yy/rank/home/8-8888.html?from=rank
2026-09-12,2026-09-12T12:42:35+08:00,酷狗音乐,热歌榜,酷狗TOP500,2026-09-12,175,第一次爱的人,王心凌,,3:53,38539E18FBB3E9A8DFA84A892CA718F6,979891,https://www.kugou.com/yy/rank/home/8-8888.html?from=rank
2026-09-12,2026-09-12T12:42:35+08:00,酷狗音乐,热歌榜,酷狗TOP500,2026-09-12,176,泡沫,G.E.M.邓紫棋,,4:19,8574D02543B5F902469FB4E27E3A350D,968370,https://www.kugou.com/yy/rank/home/8-8888.html?from=rank
2026-09-12,2026-09-12T12:42:35+08:00,酷狗音乐,热歌榜,酷狗TOP500,2026-09-12,177,Lost,满舒克、Jony J,,4:10,E4C0A549FB93FC128B5A0E8DBD3CD32A,2537526,https://www.kugou.com/yy/rank/home/9-8888.html?from=rank
2026-09-12,2026-09-12T12:42:35+08:00,酷狗音乐,热歌榜,酷狗TOP500,2026-09-12,178,蓝莲花,许巍,,4:31,EDCDC42FEE3A4BC8F2ADBAF96ADE9D77,15247919,https://www.kugou.com/yy/rank/home/9-8888.html?from=rank
2026-09-12,2026-09-12T12:42:35+08:00,酷狗音乐,热歌榜,酷狗TOP500,2026-09-12,179,无人之岛,任然,,4:45,8E568D8806F771607104D8BF9695ACE0,2916172,https://www.kugou.com/yy/rank/home/9-8888.html?from=rank
2026-09-12,2026-09-12T12:42:35+08:00,酷狗音乐,热歌榜,酷狗TOP500,2026-09-12,180,枫,周杰伦,,4:36,0D7E8C11C961A17EB8779FEB0CA772E3,958909,https://www.kugou.com/yy/rank/home/9-8888.html?from=rank
2026-09-12,2026-09-12T12:42:35+08:00,酷狗音乐,热歌榜,酷狗TOP500,2026-09-12,181,多远都要在一起,G.E.M.邓紫棋,,3:38,768F6FA531A3D883BE3F6C91AAF60612,555825,https://www.kugou.com/yy/rank/home/9-8888.html?from=rank
2026-09-12,2026-09-12T12:42:35+08:00,酷狗音乐,热歌榜,酷狗TOP500,2026-09-12,182,兰亭序,周杰伦,,4:14,4EC10B1B7B9BEB2F0ADB89BBEC5F664B,960399,https://www.kugou.com/yy/rank/home/9-8888.html?from=rank
2026-09-12,2026-09-12T12:42:35+08:00,酷狗音乐,热歌榜,酷狗TOP500,2026-09-12,183,迎着风向前冲,姜月初,,2:52,21A348D348A665C48F1510188451F303,203255858,https://www.kugou.com/yy/rank/home/9-8888.html?from=rank
2026-09-12,2026-09-12T12:42:35+08:00,酷狗音乐,热歌榜,酷狗TOP500,2026-09-12,184,有风的日落,万海东,,3:49,94774F06E73EF9ABD739423E1A414593,181906094,https://www.kugou.com/yy/rank/home/9-8888.html?from=rank
2026-09-12,2026-09-12T12:42:35+08:00,酷狗音乐,热歌榜,酷狗TOP500,2026-09-12,185,幻听,许嵩,,4:33,24F5E7555646965CD7D1A924452B3300,973046,https://www.kugou.com/yy/rank/home/9-8888.html?from=rank
2026-09-12,2026-09-12T12:42:35+08:00,酷狗音乐,热歌榜,酷狗TOP500,2026-09-12,186,座位,于冬然,,3:29,D87A09DB3166215E5DFD4A30C922509E,137485296,https://www.kugou.com/yy/rank/home/9-8888.html?from=rank
2026-09-12,2026-09-12T12:42:35+08:00,酷狗音乐,热歌榜,酷狗TOP500,2026-09-12,187,我是真的爱上你,王杰,,5:03,7C353B672AC945A3FE56022000A239FE,2996801,https://www.kugou.com/yy/rank/home/9-8888.html?from=rank
2026-09-12,2026-09-12T12:42:35+08:00,酷狗音乐,热歌榜,酷狗TOP500,2026-09-12,188,秋风有点凉,落日微勳,,3:17,C89DC59574DAD324641634DAE2FEB215,206067605,https://www.kugou.com/yy/rank/home/9-8888.html?from=rank
2026-09-12,2026-09-12T12:42:35+08:00,酷狗音乐,热歌榜,酷狗TOP500,2026-09-12,189,忘记时间,胡歌,,4:32,BB2759C850804CB32A55480D85D21080,493001,https://www.kugou.com/yy/rank/home/9-8888.html?from=rank
2026-09-12,2026-09-12T12:42:35+08:00,酷狗音乐,热歌榜,酷狗TOP500,2026-09-12,190,拆穿,小霞,,3:57,365C579BC6436ECA01A004531ADFCE04,938970,https://www.kugou.com/yy/rank/home/9-8888.html?from=rank
2026-09-12,2026-09-12T12:42:35+08:00,酷狗音乐,热歌榜,酷狗TOP500,2026-09-12,191,Angel,尹美莱、Tiger JK、Bizzy,,4:15,157D75DA9A1B5B4FED6C529C2B1C2452,964390,https://www.kugou.com/yy/rank/home/9-8888.html?from=rank
2026-09-12,2026-09-12T12:42:35+08:00,酷狗音乐,热歌榜,酷狗TOP500,2026-09-12,192,一场游戏一场梦,王杰,,4:17,55340B431243FF5F112527EFC0591232,7547885,https://www.kugou.com/yy/rank/home/9-8888.html?from=rank
2026-09-12,2026-09-12T12:42:35+08:00,酷狗音乐,热歌榜,酷狗TOP500,2026-09-12,193,勋章,鹿晗,,3:34,6FB3EB3F13CD64DF6E9784F6E487BAB1,2059004,https://www.kugou.com/yy/rank/home/9-8888.html?from=rank
2026-09-12,2026-09-12T12:42:35+08:00,酷狗音乐,热歌榜,酷狗TOP500,2026-09-12,194,忘了你忘了我,王杰,,4:38,95CBD367E98724883CA99874AD626446,962390,https://www.kugou.com/yy/rank/home/9-8888.html?from=rank
2026-09-12,2026-09-12T12:42:35+08:00,酷狗音乐,热歌榜,酷狗TOP500,2026-09-12,195,发如雪,周杰伦,,4:59,1F7E7659B9FFF4FB6F71562A61BBC25F,958909,https://www.kugou.com/yy/rank/home/9-8888.html?from=rank
2026-09-12,2026-09-12T12:42:35+08:00,酷狗音乐,热歌榜,酷狗TOP500,2026-09-12,196,你爱我记得吗,黄楷正,,2:38,A96E1D5F3EED96903DAB3F66AD6DC5C7,206468831,https://www.kugou.com/yy/rank/home/9-8888.html?from=rank
2026-09-12,2026-09-12T12:42:35+08:00,酷狗音乐,热歌榜,酷狗TOP500,2026-09-12,197,你就不要想起我,田馥甄,,4:41,33E67CD9B775093E93CBABBD649DF087,965595,https://www.kugou.com/yy/rank/home/9-8888.html?from=rank
2026-09-12,2026-09-12T12:42:35+08:00,酷狗音乐,热歌榜,酷狗TOP500,2026-09-12,198,知了,陈默之,,3:52,FE6608CE529684B94CBA506E2B0C7BB6,91222498,https://www.kugou.com/yy/rank/home/9-8888.html?from=rank
2026-09-12,2026-09-12T12:42:35+08:00,酷狗音乐,热歌榜,酷狗TOP500,2026-09-12,199,若此生缘太浅 (庄周一生梦一蝶),黄静美、亦瑶,,3:10,B2CE02B106C9FA437E1C81B096E8F7A0,206369549,https://www.kugou.com/yy/rank/home/10-8888.html?from=rank
2026-09-12,2026-09-12T12:42:35+08:00,酷狗音乐,热歌榜,酷狗TOP500,2026-09-12,200,爱如潮水,张信哲,,4:31,7D372165ED6AD2C00DD2B473529BE9CE,538030,https://www.kugou.com/yy/rank/home/10-8888.html?from=rank
2026-09-12,2026-09-12T12:42:35+08:00,酷狗音乐,热歌榜,酷狗TOP500,2026-09-12,201,遗憾 (如果回到那从前),阿美呀、刘纯,,3:19,FE7CA8832ABD70BDA48A61CEC207F034,206144715,https://www.kugou.com/yy/rank/home/10-8888.html?from=rank
2026-09-12,2026-09-12T12:42:35+08:00,酷狗音乐,热歌榜,酷狗TOP500,2026-09-12,202,那些年,胡夏,,6:11,95A46E232F3F0CFFDA7811B7D9C8E6C4,542864,https://www.kugou.com/yy/rank/home/10-8888.html?from=rank
2026-09-12,2026-09-12T12:42:35+08:00,酷狗音乐,热歌榜,酷狗TOP500,2026-09-12,203,我听人说思念像风一样,雪山阿木,,3:32,943196741A4E6EC43A07BE0620624543,204044392,https://www.kugou.com/yy/rank/home/10-8888.html?from=rank
2026-09-12,2026-09-12T12:42:35+08:00,酷狗音乐,热歌榜,酷狗TOP500,2026-09-12,204,甲乙丙丁 (伤感氛围版),Suxiao,,2:29,B3082A5758028297AFA48062EF0B5FE3,202137314,https://www.kugou.com/yy/rank/home/10-8888.html?from=rank
2026-09-12,2026-09-12T12:42:35+08:00,酷狗音乐,热歌榜,酷狗TOP500,2026-09-12,205,不配说爱我,常艾非,,3:36,10EF68690853322F1085306BE4AE823B,974903,https://www.kugou.com/yy/rank/home/10-8888.html?from=rank
2026-09-12,2026-09-12T12:42:35+08:00,酷狗音乐,热歌榜,酷狗TOP500,2026-09-12,206,可惜没如果,林俊杰,,4:58,57D6EAF8F7E593A2C4B780D8045DE5C1,542795,https://www.kugou.com/yy/rank/home/10-8888.html?from=rank
2026-09-12,2026-09-12T12:42:35+08:00,酷狗音乐,热歌榜,酷狗TOP500,2026-09-12,207,下一个天亮,郭静,,4:27,7E2AD47232E7148C642B6836041826C9,971139,https://www.kugou.com/yy/rank/home/10-8888.html?from=rank
2026-09-12,2026-09-12T12:42:35+08:00,酷狗音乐,热歌榜,酷狗TOP500,2026-09-12,208,总有人拥抱你的孤独,微熏落日,,3:38,0D647F352DC5F747A10FEE10F8422E24,204047300,https://www.kugou.com/yy/rank/home/10-8888.html?from=rank
2026-09-12,2026-09-12T12:42:35+08:00,酷狗音乐,热歌榜,酷狗TOP500,2026-09-12,209,模特,李荣浩,,5:06,87EBC49856D2CB3C04992C9A87E5A5C5,968143,https://www.kugou.com/yy/rank/home/10-8888.html?from=rank
2026-09-12,2026-09-12T12:42:35+08:00,酷狗音乐,热歌榜,酷狗TOP500,2026-09-12,210,半点心,草蜢,,3:52,6DF94BFD206BB819120C0D021B93EDBC,564642,https://www.kugou.com/yy/rank/home/10-8888.html?from=rank
2026-09-12,2026-09-12T12:42:35+08:00,酷狗音乐,热歌榜,酷狗TOP500,2026-09-12,211,ありがとう… (谢谢…),KOKIA,,4:09,E9A08A98614DD992F11A68A5E5F1C79F,1491689,https://www.kugou.com/yy/rank/home/10-8888.html?from=rank
2026-09-12,2026-09-12T12:42:35+08:00,酷狗音乐,热歌榜,酷狗TOP500,2026-09-12,212,我走后,小咪,,4:08,00751DE0946619BCDE4A4E15397F2A15,22216764,https://www.kugou.com/yy/rank/home/10-8888.html?from=rank
2026-09-12,2026-09-12T12:42:35+08:00,酷狗音乐,热歌榜,酷狗TOP500,2026-09-12,213,西厢寻他,伯爵Johnny、唐伯虎Annie,,3:44,2B657B5B5D781C1A61D7E0D1F5E2DE22,53205523,https://www.kugou.com/yy/rank/home/10-8888.html?from=rank
2026-09-12,2026-09-12T12:42:35+08:00,酷狗音乐,热歌榜,酷狗TOP500,2026-09-12,214,枪火 (相对那就针锋相对),宝石Gem,,3:18,76923758046CB591DC9556D1FB69D976,154798334,https://www.kugou.com/yy/rank/home/10-8888.html?from=rank
2026-09-12,2026-09-12T12:42:35+08:00,酷狗音乐,热歌榜,酷狗TOP500,2026-09-12,215,有何不可,许嵩,,4:01,B3D5D7D3A140628D1605BD392467E348,973251,https://www.kugou.com/yy/rank/home/10-8888.html?from=rank
2026-09-12,2026-09-12T12:42:35+08:00,酷狗音乐,热歌榜,酷狗TOP500,2026-09-12,216,山风不语,伍零五,,2:54,8CA921D7DEB3E847BF2060E557402231,199624105,https://www.kugou.com/yy/rank/home/10-8888.html?from=rank
2026-09-12,2026-09-12T12:42:35+08:00,酷狗音乐,热歌榜,酷狗TOP500,2026-09-12,217,天际,洋澜一,,5:46,DEAE9D1FC61F4810A0C15AA9CFD83722,76611526,https://www.kugou.com/yy/rank/home/10-8888.html?from=rank
2026-09-12,2026-09-12T12:42:35+08:00,酷狗音乐,热歌榜,酷狗TOP500,2026-09-12,218,逍遥叹,胡歌,,5:14,1415E6EAB8E8B0538F5FB66526C9EB65,970409,https://www.kugou.com/yy/rank/home/10-8888.html?from=rank
2026-09-12,2026-09-12T12:42:35+08:00,酷狗音乐,热歌榜,酷狗TOP500,2026-09-12,219,后会无期,汪苏泷、徐良,,3:32,5F86140467A73FBF9C4F339F7B9AFC2C,511536,https://www.kugou.com/yy/rank/home/10-8888.html?from=rank
2026-09-12,2026-09-12T12:42:35+08:00,酷狗音乐,热歌榜,酷狗TOP500,2026-09-12,220,是你没选我啊,于冬然,,3:22,885046DF8380B7506A6B12EC8F6E201D,176303736,https://www.kugou.com/yy/rank/home/10-8888.html?from=rank
2026-09-12,2026-09-12T12:42:35+08:00,酷狗音乐,热歌榜,酷狗TOP500,2026-09-12,221,冲动的惩罚,刀郎,,7:54,84073718AE6A82366444C3B5AE526FAC,964521,https://www.kugou.com/yy/rank/home/11-8888.html?from=rank
2026-09-12,2026-09-12T12:42:35+08:00,酷狗音乐,热歌榜,酷狗TOP500,2026-09-12,222,起风了,买辣椒也用券,,5:26,5C035CBF390FEF6B536020A57749EF70,53218722,https://www.kugou.com/yy/rank/home/11-8888.html?from=rank
2026-09-12,2026-09-12T12:42:35+08:00,酷狗音乐,热歌榜,酷狗TOP500,2026-09-12,223,手放开,李圣杰,,4:25,022583751858F1E3558F32EC4ECF7DD5,959847,https://www.kugou.com/yy/rank/home/11-8888.html?from=rank
2026-09-12,2026-09-12T12:42:35+08:00,酷狗音乐,热歌榜,酷狗TOP500,2026-09-12,224,爱情转移,陈奕迅,,4:19,A549238FA1B05EABE841DFE110899647,962514,https://www.kugou.com/yy/rank/home/11-8888.html?from=rank
2026-09-12,2026-09-12T12:42:35+08:00,酷狗音乐,热歌榜,酷狗TOP500,2026-09-12,225,后来的我们,五月天,,5:46,09120C11A5C376EC7D1640098FA70CDC,1748942,https://www.kugou.com/yy/rank/home/11-8888.html?from=rank
2026-09-12,2026-09-12T12:42:35+08:00,酷狗音乐,热歌榜,酷狗TOP500,2026-09-12,226,夏夜最后的烟火,颜人中,,4:40,4E418EDAB22093B51C78C81C0A8C9B31,39949767,https://www.kugou.com/yy/rank/home/11-8888.html?from=rank
2026-09-12,2026-09-12T12:42:35+08:00,酷狗音乐,热歌榜,酷狗TOP500,2026-09-12,227,无言感激,谭咏麟,,5:10,058DAAA710CA1781F8FD401C374BC796,984077,https://www.kugou.com/yy/rank/home/11-8888.html?from=rank
2026-09-12,2026-09-12T12:42:35+08:00,酷狗音乐,热歌榜,酷狗TOP500,2026-09-12,228,吻别 (烟嗓女版),烟嗓小希,,4:49,12750D3982067B33EB395B9BF2A714E0,200693191,https://www.kugou.com/yy/rank/home/11-8888.html?from=rank
2026-09-12,2026-09-12T12:42:35+08:00,酷狗音乐,热歌榜,酷狗TOP500,2026-09-12,229,难念的经,周华健,,4:48,DA5DE536081960C10E289341F8420C9E,1737534,https://www.kugou.com/yy/rank/home/11-8888.html?from=rank
2026-09-12,2026-09-12T12:42:35+08:00,酷狗音乐,热歌榜,酷狗TOP500,2026-09-12,230,你是我触碰不到的风 (酒后释怀live对唱版),艾利（Ellie）、7paste,,3:52,63F146A4A7132C267C78F4832CD62C10,202093916,https://www.kugou.com/yy/rank/home/11-8888.html?from=rank
2026-09-12,2026-09-12T12:42:35+08:00,酷狗音乐,热歌榜,酷狗TOP500,2026-09-12,231,我记得,赵雷,,5:30,8CE80CF10A01F37354D63E49C1B60B60,60018447,https://www.kugou.com/yy/rank/home/11-8888.html?from=rank
2026-09-12,2026-09-12T12:42:35+08:00,酷狗音乐,热歌榜,酷狗TOP500,2026-09-12,232,雨蝶,李翊君,,3:51,C83424ACF417185057E278554B91D4C0,7549108,https://www.kugou.com/yy/rank/home/11-8888.html?from=rank
2026-09-12,2026-09-12T12:42:35+08:00,酷狗音乐,热歌榜,酷狗TOP500,2026-09-12,233,年少有为,李荣浩,,4:39,3A5C1D6CDABB2FDA813F8F8B7E4D08B0,8873395,https://www.kugou.com/yy/rank/home/11-8888.html?from=rank
2026-09-12,2026-09-12T12:42:35+08:00,酷狗音乐,热歌榜,酷狗TOP500,2026-09-12,234,蒲公英的约定,周杰伦,,4:07,A14373681262867AB43FEF5467F4CC1D,979856,https://www.kugou.com/yy/rank/home/11-8888.html?from=rank
2026-09-12,2026-09-12T12:42:35+08:00,酷狗音乐,热歌榜,酷狗TOP500,2026-09-12,235,冬天的秘密,周传雄,,4:33,1088AEEAB9674A49F8067DCDEB1FC1EE,982655,https://www.kugou.com/yy/rank/home/11-8888.html?from=rank
2026-09-12,2026-09-12T12:42:35+08:00,酷狗音乐,热歌榜,酷狗TOP500,2026-09-12,236,Lonely,Nana,,6:21,284173346DD3E03FA86D027025F50CC7,45833884,https://www.kugou.com/yy/rank/home/11-8888.html?from=rank
2026-09-12,2026-09-12T12:42:35+08:00,酷狗音乐,热歌榜,酷狗TOP500,2026-09-12,237,人间共鸣,李健,,4:19,C9A5658204BD4E941F3DB2FB132D4968,176253415,https://www.kugou.com/yy/rank/home/11-8888.html?from=rank
2026-09-12,2026-09-12T12:42:35+08:00,酷狗音乐,热歌榜,酷狗TOP500,2026-09-12,238,跨不过的距离,虎二,,4:31,FED5892036FBD176F6FEAE973C565E59,38209191,https://www.kugou.com/yy/rank/home/11-8888.html?from=rank
2026-09-12,2026-09-12T12:42:35+08:00,酷狗音乐,热歌榜,酷狗TOP500,2026-09-12,239,你离开我,付豪,,3:08,C130DE825BCC55DA6DB1BD4E3C2E2DCB,77360593,https://www.kugou.com/yy/rank/home/11-8888.html?from=rank
2026-09-12,2026-09-12T12:42:35+08:00,酷狗音乐,热歌榜,酷狗TOP500,2026-09-12,240,最近,李圣杰,,4:03,72890318C6B53FB51CC949A7127DD4F3,560911,https://www.kugou.com/yy/rank/home/11-8888.html?from=rank
2026-09-12,2026-09-12T12:42:35+08:00,酷狗音乐,热歌榜,酷狗TOP500,2026-09-12,241,说好的幸福呢,周杰伦,,4:17,892B7AD62499C97A1A994454423E30F6,960399,https://www.kugou.com/yy/rank/home/11-8888.html?from=rank
2026-09-12,2026-09-12T12:42:35+08:00,酷狗音乐,热歌榜,酷狗TOP500,2026-09-12,242,大梦归,周深,,3:49,FCEDAF78465CD283E1DA72A8DEAC553A,206967328,https://www.kugou.com/yy/rank/home/11-8888.html?from=rank
2026-09-12,2026-09-12T12:42:35+08:00,酷狗音乐,热歌榜,酷狗TOP500,2026-09-12,243,梦的翅膀受了伤,大圆哥,,4:35,F2A2EBE34172E1CBFDD551DBFB361CA4,204867653,https://www.kugou.com/yy/rank/home/12-8888.html?from=rank
2026-09-12,2026-09-12T12:42:35+08:00,酷狗音乐,热歌榜,酷狗TOP500,2026-09-12,244,怎么说我不爱你,萧敬腾,,4:35,30A31A94C77268C92886E00D912AC03B,958893,https://www.kugou.com/yy/rank/home/12-8888.html?from=rank
2026-09-12,2026-09-12T12:42:35+08:00,酷狗音乐,热歌榜,酷狗TOP500,2026-09-12,245,We Don't Talk Anymore (Mr. Collipark Remix),Charlie Puth、Selena Gomez,,4:14,8F323B0610BE8D862B7CBB41C3398766,1746993,https://www.kugou.com/yy/rank/home/12-8888.html?from=rank
2026-09-12,2026-09-12T12:42:35+08:00,酷狗音乐,热歌榜,酷狗TOP500,2026-09-12,246,单身情歌,林志炫,,4:35,ACD27A452FE3D0348D38540762DA7BEB,971171,https://www.kugou.com/yy/rank/home/12-8888.html?from=rank
2026-09-12,2026-09-12T12:42:35+08:00,酷狗音乐,热歌榜,酷狗TOP500,2026-09-12,247,Dear John,比莉,,5:11,71951213A1C3C313DEEB017D3C9E77CC,2528933,https://www.kugou.com/yy/rank/home/12-8888.html?from=rank
2026-09-12,2026-09-12T12:42:35+08:00,酷狗音乐,热歌榜,酷狗TOP500,2026-09-12,248,琵琶曲,刘宇,,3:45,F8E49EF8D5F52FC5927B3C19C226E1EF,206315389,https://www.kugou.com/yy/rank/home/12-8888.html?from=rank
2026-09-12,2026-09-12T12:42:35+08:00,酷狗音乐,热歌榜,酷狗TOP500,2026-09-12,249,敬岁月一杯酒,万海东,,3:32,C417C9621CD6D9A48DA79900D9B9502D,201889141,https://www.kugou.com/yy/rank/home/12-8888.html?from=rank
2026-09-12,2026-09-12T12:42:35+08:00,酷狗音乐,热歌榜,酷狗TOP500,2026-09-12,250,岁月如笔写春秋,郭少杰,,4:11,6FCF099C6A88F85FC8417AFD452D54FD,190046745,https://www.kugou.com/yy/rank/home/12-8888.html?from=rank
2026-09-12,2026-09-12T12:42:35+08:00,酷狗音乐,热歌榜,酷狗TOP500,2026-09-12,251,背叛情歌 (烟嗓版),谢尔西,,4:39,0C2FCE33BA27021CA0964D45484F2DE5,198720373,https://www.kugou.com/yy/rank/home/12-8888.html?from=rank
2026-09-12,2026-09-12T12:42:35+08:00,酷狗音乐,热歌榜,酷狗TOP500,2026-09-12,252,Creepin' up on You,Darren Hayes,,4:53,6348CF4041BEE19FAD536C563C32695A,1593407,https://www.kugou.com/yy/rank/home/12-8888.html?from=rank
2026-09-12,2026-09-12T12:42:35+08:00,酷狗音乐,热歌榜,酷狗TOP500,2026-09-12,253,记事本,陈慧琳,,4:11,26684870E2CE3936A3D72559F67C0606,2996651,https://www.kugou.com/yy/rank/home/12-8888.html?from=rank
2026-09-12,2026-09-12T12:42:35+08:00,酷狗音乐,热歌榜,酷狗TOP500,2026-09-12,254,病态的爱 (忘不掉你带给我的吻),哈利白特、Zkaaai,,3:21,AA92A86A3BEF25416ADD03573FBBDEEE,133804191,https://www.kugou.com/yy/rank/home/12-8888.html?from=rank
2026-09-12,2026-09-12T12:42:35+08:00,酷狗音乐,热歌榜,酷狗TOP500,2026-09-12,255,花海,周杰伦,,4:25,3328808CECBD1A1038166003840FDDD7,960399,https://www.kugou.com/yy/rank/home/12-8888.html?from=rank
2026-09-12,2026-09-12T12:42:35+08:00,酷狗音乐,热歌榜,酷狗TOP500,2026-09-12,256,天外来物,薛之谦,,4:17,761C1EAFBD1E22504B487F84D2152DF5,40890018,https://www.kugou.com/yy/rank/home/12-8888.html?from=rank
2026-09-12,2026-09-12T12:42:35+08:00,酷狗音乐,热歌榜,酷狗TOP500,2026-09-12,257,说了再见,周杰伦,,4:43,966C718DA96EE29B3B466F773BFA9E2F,958812,https://www.kugou.com/yy/rank/home/12-8888.html?from=rank
2026-09-12,2026-09-12T12:42:35+08:00,酷狗音乐,热歌榜,酷狗TOP500,2026-09-12,258,你的背包,陈奕迅,,3:58,8D288C3652EABA7CA6EF6CEF790CE9AC,2996291,https://www.kugou.com/yy/rank/home/12-8888.html?from=rank
2026-09-12,2026-09-12T12:42:35+08:00,酷狗音乐,热歌榜,酷狗TOP500,2026-09-12,259,我们的歌,王力宏,,4:08,4E294957A0D9B72A78B61F3C2A63B6CC,503223,https://www.kugou.com/yy/rank/home/12-8888.html?from=rank
2026-09-12,2026-09-12T12:42:35+08:00,酷狗音乐,热歌榜,酷狗TOP500,2026-09-12,260,无名的人,毛不易,,4:42,525A854C4A4EDF63CAF528D693F69CE0,51231315,https://www.kugou.com/yy/rank/home/12-8888.html?from=rank
2026-09-12,2026-09-12T12:42:35+08:00,酷狗音乐,热歌榜,酷狗TOP500,2026-09-12,261,阳光下的星星,金海心,,4:44,8B60D8B58137C2D256DAA71B9D84C046,1738155,https://www.kugou.com/yy/rank/home/12-8888.html?from=rank
2026-09-12,2026-09-12T12:42:35+08:00,酷狗音乐,热歌榜,酷狗TOP500,2026-09-12,262,讨厌,芮恩,,4:18,C88A8D3EF16E2C4E944B947E0F56A7AD,2996887,https://www.kugou.com/yy/rank/home/12-8888.html?from=rank
2026-09-12,2026-09-12T12:42:35+08:00,酷狗音乐,热歌榜,酷狗TOP500,2026-09-12,263,水手,郑智化,,4:53,6DCF10DEA98A7C9F755BE385E822BE05,967718,https://www.kugou.com/yy/rank/home/12-8888.html?from=rank
2026-09-12,2026-09-12T12:42:35+08:00,酷狗音乐,热歌榜,酷狗TOP500,2026-09-12,264,淋雨的人,阿图表妹,,3:59,EEB3B4F416E4D8777817C79127FCBFFC,183624154,https://www.kugou.com/yy/rank/home/12-8888.html?from=rank
2026-09-12,2026-09-12T12:42:35+08:00,酷狗音乐,热歌榜,酷狗TOP500,2026-09-12,265,慢冷 (Live),李荣浩,,2:44,3536800EC50F04EBF68FB22E7AF6B124,59599171,https://www.kugou.com/yy/rank/home/13-8888.html?from=rank
2026-09-12,2026-09-12T12:42:35+08:00,酷狗音乐,热歌榜,酷狗TOP500,2026-09-12,266,牵丝戏,银临、Aki阿杰,,3:59,5E7FF596F7D6021DA63AF36E91BECE4B,568968,https://www.kugou.com/yy/rank/home/13-8888.html?from=rank
2026-09-12,2026-09-12T12:42:35+08:00,酷狗音乐,热歌榜,酷狗TOP500,2026-09-12,267,偏偏喜欢你,陈百强,,3:32,D186383AA965D13601CFF4857F844FEE,983655,https://www.kugou.com/yy/rank/home/13-8888.html?from=rank
2026-09-12,2026-09-12T12:42:35+08:00,酷狗音乐,热歌榜,酷狗TOP500,2026-09-12,268,感谢你曾来过,Ayo97、周思涵,,4:10,39DCBBDCB0B377628BEF5FD48EF01254,9101627,https://www.kugou.com/yy/rank/home/13-8888.html?from=rank
2026-09-12,2026-09-12T12:42:35+08:00,酷狗音乐,热歌榜,酷狗TOP500,2026-09-12,269,好久不见,陈奕迅,,4:11,8E1DDAF172D9C60A28C19358B07BFBF8,962514,https://www.kugou.com/yy/rank/home/13-8888.html?from=rank
2026-09-12,2026-09-12T12:42:35+08:00,酷狗音乐,热歌榜,酷狗TOP500,2026-09-12,270,寂寞沙洲冷,周传雄,,4:35,36A4F5EAA748324A5D509D8EDC47699F,984377,https://www.kugou.com/yy/rank/home/13-8888.html?from=rank
2026-09-12,2026-09-12T12:42:35+08:00,酷狗音乐,热歌榜,酷狗TOP500,2026-09-12,271,不遗憾,李荣浩,,5:20,40CE38D5DB930F404EB26F58978BEC3D,44404137,https://www.kugou.com/yy/rank/home/13-8888.html?from=rank
2026-09-12,2026-09-12T12:42:35+08:00,酷狗音乐,热歌榜,酷狗TOP500,2026-09-12,272,烟花易冷,周杰伦,,4:23,B9FC03DF9015D6BFF0554A110BF2C84F,958812,https://www.kugou.com/yy/rank/home/13-8888.html?from=rank
2026-09-12,2026-09-12T12:42:35+08:00,酷狗音乐,热歌榜,酷狗TOP500,2026-09-12,273,就是爱你,陶喆,,4:24,43485D7A650AFF532E5ECF24D7FB6381,7547427,https://www.kugou.com/yy/rank/home/13-8888.html?from=rank
2026-09-12,2026-09-12T12:42:35+08:00,酷狗音乐,热歌榜,酷狗TOP500,2026-09-12,274,广东爱情故事,广东雨神,,3:34,7A2956668C7D5393FF16AD930C23F2FD,4162049,https://www.kugou.com/yy/rank/home/13-8888.html?from=rank
2026-09-12,2026-09-12T12:42:35+08:00,酷狗音乐,热歌榜,酷狗TOP500,2026-09-12,275,平凡之路,朴树,,5:01,2BE5DE80E68B3346918D38CF7527D979,2944963,https://www.kugou.com/yy/rank/home/13-8888.html?from=rank
2026-09-12,2026-09-12T12:42:35+08:00,酷狗音乐,热歌榜,酷狗TOP500,2026-09-12,276,凌晨路灯照着我的疲惫 (微醺版),落日微勳,,3:38,E621ED1DEBA8C381FDF7942F0695DE4F,206067909,https://www.kugou.com/yy/rank/home/13-8888.html?from=rank
2026-09-12,2026-09-12T12:42:35+08:00,酷狗音乐,热歌榜,酷狗TOP500,2026-09-12,277,不能说的秘密,周杰伦,,4:57,EDFC5DD1AC3D58971AB95B3E2700D015,554150,https://www.kugou.com/yy/rank/home/13-8888.html?from=rank
2026-09-12,2026-09-12T12:42:35+08:00,酷狗音乐,热歌榜,酷狗TOP500,2026-09-12,278,喜欢你,G.E.M.邓紫棋,,3:59,426D6BC62A73DF288F55CB3FCA8D2A62,557512,https://www.kugou.com/yy/rank/home/13-8888.html?from=rank
2026-09-12,2026-09-12T12:42:35+08:00,酷狗音乐,热歌榜,酷狗TOP500,2026-09-12,279,不浪漫罪名,王杰,,4:48,4255D3F001B95B07F2D5BE330D14A780,503247,https://www.kugou.com/yy/rank/home/13-8888.html?from=rank
2026-09-12,2026-09-12T12:42:35+08:00,酷狗音乐,热歌榜,酷狗TOP500,2026-09-12,280,他真的对你好吗,付豪,,4:18,B1B875147F45355FF807402402F5B573,55501876,https://www.kugou.com/yy/rank/home/13-8888.html?from=rank
2026-09-12,2026-09-12T12:42:35+08:00,酷狗音乐,热歌榜,酷狗TOP500,2026-09-12,281,总有一天你会出现在我身边,棱镜乐队,,4:30,8E6A42453EF5B06A87772F8FF4AD5188,10808308,https://www.kugou.com/yy/rank/home/13-8888.html?from=rank
2026-09-12,2026-09-12T12:42:35+08:00,酷狗音乐,热歌榜,酷狗TOP500,2026-09-12,282,读心术,卓文萱,,4:20,3F98A771F8F33556966A9990F66D95C4,965920,https://www.kugou.com/yy/rank/home/13-8888.html?from=rank
2026-09-12,2026-09-12T12:42:35+08:00,酷狗音乐,热歌榜,酷狗TOP500,2026-09-12,283,天地龙鳞,王力宏,,3:17,DD83DC4A30C3A05D60FFCE6944FB441C,50749156,https://www.kugou.com/yy/rank/home/13-8888.html?from=rank
2026-09-12,2026-09-12T12:42:35+08:00,酷狗音乐,热歌榜,酷狗TOP500,2026-09-12,284,冷夜,陈默之,,4:07,DC939521FA5F5736A33765D56B90E03C,84595635,https://www.kugou.com/yy/rank/home/13-8888.html?from=rank
2026-09-12,2026-09-12T12:42:35+08:00,酷狗音乐,热歌榜,酷狗TOP500,2026-09-12,285,最后与爱分手 (遗憾),李发发,,3:29,C99FF086D158391089854CA081CC5FAE,205373753,https://www.kugou.com/yy/rank/home/13-8888.html?from=rank
2026-09-12,2026-09-12T12:42:35+08:00,酷狗音乐,热歌榜,酷狗TOP500,2026-09-12,286,断点,张敬轩,,4:28,2C2A571D91FF7BF6FE814887FFA7E592,2996592,https://www.kugou.com/yy/rank/home/13-8888.html?from=rank
2026-09-12,2026-09-12T12:42:35+08:00,酷狗音乐,热歌榜,酷狗TOP500,2026-09-12,287,月光,胡彦斌,,4:32,3ED31D9A5C8B2F28529E69E8B17DFEA3,7547355,https://www.kugou.com/yy/rank/home/14-8888.html?from=rank
2026-09-12,2026-09-12T12:42:35+08:00,酷狗音乐,热歌榜,酷狗TOP500,2026-09-12,288,哼着你爱听的歌 (女版),田园,,3:20,37B0685181098FB8427291594EDBC8CD,162686180,https://www.kugou.com/yy/rank/home/14-8888.html?from=rank
2026-09-12,2026-09-12T12:42:35+08:00,酷狗音乐,热歌榜,酷狗TOP500,2026-09-12,289,谁明浪子心,王杰,,5:01,1E54C9C01C9DFC5C68F743368F353711,983991,https://www.kugou.com/yy/rank/home/14-8888.html?from=rank
2026-09-12,2026-09-12T12:42:35+08:00,酷狗音乐,热歌榜,酷狗TOP500,2026-09-12,290,阿衣莫,阿吉太组合,,5:14,000B4DC2694B23AD4258EE551A00C599,4138802,https://www.kugou.com/yy/rank/home/14-8888.html?from=rank
2026-09-12,2026-09-12T12:42:35+08:00,酷狗音乐,热歌榜,酷狗TOP500,2026-09-12,291,IF YOU,BIGBANG,,4:24,33C5FC6AB3AF0B5B142F12C9556CB178,549436,https://www.kugou.com/yy/rank/home/14-8888.html?from=rank
2026-09-12,2026-09-12T12:42:35+08:00,酷狗音乐,热歌榜,酷狗TOP500,2026-09-12,292,岸边客,夏子航（2603）,,4:32,E87EEB7804D4708714E6C38DE1F8E649,161846818,https://www.kugou.com/yy/rank/home/14-8888.html?from=rank
2026-09-12,2026-09-12T12:42:35+08:00,酷狗音乐,热歌榜,酷狗TOP500,2026-09-12,293,明天，你好,牛奶咖啡,,4:32,A9527F71F7149F13E1F78B23C25DD30B,967562,https://www.kugou.com/yy/rank/home/14-8888.html?from=rank
2026-09-12,2026-09-12T12:42:35+08:00,酷狗音乐,热歌榜,酷狗TOP500,2026-09-12,294,最长的电影,周杰伦,,3:56,2F6D441163A92AEE5E52B8E94F36A3C7,979856,https://www.kugou.com/yy/rank/home/14-8888.html?from=rank
2026-09-12,2026-09-12T12:42:35+08:00,酷狗音乐,热歌榜,酷狗TOP500,2026-09-12,295,Fast Cars & Superstars,Cristian Marchi、Reverend Haus,,2:52,9EA177A8A77A9E31B164F6BDA20D4776,81561846,https://www.kugou.com/yy/rank/home/14-8888.html?from=rank
2026-09-12,2026-09-12T12:42:35+08:00,酷狗音乐,热歌榜,酷狗TOP500,2026-09-12,296,不分手的恋爱,汪苏泷,,3:26,543A6E13C527E52886E51BBF14191C8F,37376237,https://www.kugou.com/yy/rank/home/14-8888.html?from=rank
2026-09-12,2026-09-12T12:42:35+08:00,酷狗音乐,热歌榜,酷狗TOP500,2026-09-12,297,一程山路,毛不易,,3:36,72F2E36F606EB3DACF2ACD9DE67FCBD3,34631159,https://www.kugou.com/yy/rank/home/14-8888.html?from=rank
2026-09-12,2026-09-12T12:42:35+08:00,酷狗音乐,热歌榜,酷狗TOP500,2026-09-12,298,如果可以,韦礼安,,4:34,70425DF5F0C9FCED5E0468189A7F4A70,49958186,https://www.kugou.com/yy/rank/home/14-8888.html?from=rank
2026-09-12,2026-09-12T12:42:35+08:00,酷狗音乐,热歌榜,酷狗TOP500,2026-09-12,299,突然好想你,五月天,,4:26,CF67FCE66C4F54823FDFCBD529797552,976965,https://www.kugou.com/yy/rank/home/14-8888.html?from=rank
2026-09-12,2026-09-12T12:42:35+08:00,酷狗音乐,热歌榜,酷狗TOP500,2026-09-12,300,求佛,誓言,,4:46,7B7140B23A836DC6EE63B6CD48482402,7614,https://www.kugou.com/yy/rank/home/14-8888.html?from=rank
2026-09-12,2026-09-12T12:42:35+08:00,酷狗音乐,热歌榜,酷狗TOP500,2026-09-12,301,再见只是陌生人,庄心妍,,4:12,67F2E5F1B47C2B86E201518FD24D9831,556403,https://www.kugou.com/yy/rank/home/14-8888.html?from=rank
2026-09-12,2026-09-12T12:42:35+08:00,酷狗音乐,热歌榜,酷狗TOP500,2026-09-12,302,我太笨,锤娜丽莎,,4:25,A5D4F40382C0DF1A95A48A617793F03E,46432417,https://www.kugou.com/yy/rank/home/14-8888.html?from=rank
2026-09-12,2026-09-12T12:42:35+08:00,酷狗音乐,热歌榜,酷狗TOP500,2026-09-12,303,从前说,小阿七,,4:12,56851B29C26109489361B0021A4FDD9E,51858164,https://www.kugou.com/yy/rank/home/14-8888.html?from=rank
2026-09-12,2026-09-12T12:42:35+08:00,酷狗音乐,热歌榜,酷狗TOP500,2026-09-12,304,你还要我怎样,薛之谦,,5:11,8C6AAC48FB5C3759042E4C8699544C6F,960327,https://www.kugou.com/yy/rank/home/14-8888.html?from=rank
2026-09-12,2026-09-12T12:42:35+08:00,酷狗音乐,热歌榜,酷狗TOP500,2026-09-12,305,虚拟,陈粒,,4:01,AEF0740270FE89918F07807C8D669FB7,1749208,https://www.kugou.com/yy/rank/home/14-8888.html?from=rank
2026-09-12,2026-09-12T12:42:35+08:00,酷狗音乐,热歌榜,酷狗TOP500,2026-09-12,306,爱我还是他,陶喆,,4:52,99BB8912A33F263BA28381DE8F52BFE6,7547427,https://www.kugou.com/yy/rank/home/14-8888.html?from=rank
2026-09-12,2026-09-12T12:42:35+08:00,酷狗音乐,热歌榜,酷狗TOP500,2026-09-12,307,我不知为何 (氛围版),Rissing,,4:42,D9282622E70F35B04FB7F3F305B5CCCF,179007953,https://www.kugou.com/yy/rank/home/14-8888.html?from=rank
2026-09-12,2026-09-12T12:42:35+08:00,酷狗音乐,热歌榜,酷狗TOP500,2026-09-12,308,真的爱你,BEYOND,,4:35,C46916711631EA28508A41C325A74E1B,971451,https://www.kugou.com/yy/rank/home/14-8888.html?from=rank
2026-09-12,2026-09-12T12:42:35+08:00,酷狗音乐,热歌榜,酷狗TOP500,2026-09-12,309,瞬,郑润泽,,4:45,C06970FDB48E8E1F9BBC7577B7BC1938,75949211,https://www.kugou.com/yy/rank/home/15-8888.html?from=rank
2026-09-12,2026-09-12T12:42:35+08:00,酷狗音乐,热歌榜,酷狗TOP500,2026-09-12,310,只若初见,张德伊玲,,3:24,0AC57BC59B96F7BF216744F93617FC8B,58285492,https://www.kugou.com/yy/rank/home/15-8888.html?from=rank
2026-09-12,2026-09-12T12:42:35+08:00,酷狗音乐,热歌榜,酷狗TOP500,2026-09-12,311,也许在下雨天 (眼泪才不被看见),何遇Hayu、Crybird,,3:47,18D96FA29BBCB2873400BEAB17B817CF,194623547,https://www.kugou.com/yy/rank/home/15-8888.html?from=rank
2026-09-12,2026-09-12T12:42:35+08:00,酷狗音乐,热歌榜,酷狗TOP500,2026-09-12,312,同花顺,林倛玉,,3:57,87C979FC3CBA27D6345528A1BEF05477,8603846,https://www.kugou.com/yy/rank/home/15-8888.html?from=rank
2026-09-12,2026-09-12T12:42:35+08:00,酷狗音乐,热歌榜,酷狗TOP500,2026-09-12,313,是我不够好,李毓芬,,3:37,2B152C85BA2B73CBC79EA722928EF425,1590098,https://www.kugou.com/yy/rank/home/15-8888.html?from=rank
2026-09-12,2026-09-12T12:42:35+08:00,酷狗音乐,热歌榜,酷狗TOP500,2026-09-12,314,生而为人,尚士达,,5:20,2789D88534017546B173E0BFA9D6233B,13946205,https://www.kugou.com/yy/rank/home/15-8888.html?from=rank
2026-09-12,2026-09-12T12:42:35+08:00,酷狗音乐,热歌榜,酷狗TOP500,2026-09-12,315,红豆,王菲,,4:16,AEF916A18BAAE9C8E7807179C8DA64D1,960812,https://www.kugou.com/yy/rank/home/15-8888.html?from=rank
2026-09-12,2026-09-12T12:42:35+08:00,酷狗音乐,热歌榜,酷狗TOP500,2026-09-12,316,山风山风等等我 (合唱版),万海东、人生感悟、吴章磊、天雯,,3:29,509AB53405C872C7A81200CDF2F3F11A,204486191,https://www.kugou.com/yy/rank/home/15-8888.html?from=rank
2026-09-12,2026-09-12T12:42:35+08:00,酷狗音乐,热歌榜,酷狗TOP500,2026-09-12,317,悬溺,葛东琪,,3:17,666484E904A54B1E62C9FBFDBE6E2563,23773597,https://www.kugou.com/yy/rank/home/15-8888.html?from=rank
2026-09-12,2026-09-12T12:42:35+08:00,酷狗音乐,热歌榜,酷狗TOP500,2026-09-12,318,一个人挺好,杨小壮,,4:30,394676E1537FC24C7847CE3BA75ADB05,26827357,https://www.kugou.com/yy/rank/home/15-8888.html?from=rank
2026-09-12,2026-09-12T12:42:35+08:00,酷狗音乐,热歌榜,酷狗TOP500,2026-09-12,319,老人与海,海鸣威、吴琼,,4:26,64550F3E833ABE710545EA84FC82754E,1778632,https://www.kugou.com/yy/rank/home/15-8888.html?from=rank
2026-09-12,2026-09-12T12:42:35+08:00,酷狗音乐,热歌榜,酷狗TOP500,2026-09-12,320,如果当时,许嵩,,5:16,697712B7504DA5541C3ED4D117AE1018,973251,https://www.kugou.com/yy/rank/home/15-8888.html?from=rank
2026-09-12,2026-09-12T12:42:35+08:00,酷狗音乐,热歌榜,酷狗TOP500,2026-09-12,321,沦陷,贾格JuggShots,,3:04,64C2E5D33BE5F53758F3E96DC8EEC3C3,95717116,https://www.kugou.com/yy/rank/home/15-8888.html?from=rank
2026-09-12,2026-09-12T12:42:35+08:00,酷狗音乐,热歌榜,酷狗TOP500,2026-09-12,322,美丽的神话,孙楠、韩红,,4:52,877281C8E094A848F022BCAAA76945CB,964166,https://www.kugou.com/yy/rank/home/15-8888.html?from=rank
2026-09-12,2026-09-12T12:42:35+08:00,酷狗音乐,热歌榜,酷狗TOP500,2026-09-12,323,总有风把你吹向远方 (现场念白live版),7paste,,3:27,BB67DD90D46992A2EF5548191FE35C21,203473109,https://www.kugou.com/yy/rank/home/15-8888.html?from=rank
2026-09-12,2026-09-12T12:42:35+08:00,酷狗音乐,热歌榜,酷狗TOP500,2026-09-12,324,甲乙丙丁,七分可可,,3:48,0B96FEEB51604A6904899D0C618F446D,197347781,https://www.kugou.com/yy/rank/home/15-8888.html?from=rank
2026-09-12,2026-09-12T12:42:35+08:00,酷狗音乐,热歌榜,酷狗TOP500,2026-09-12,325,独角戏,许茹芸,,4:37,59A58ADD9C4F4EECA6B20F3A1A04E956,973658,https://www.kugou.com/yy/rank/home/15-8888.html?from=rank
2026-09-12,2026-09-12T12:42:35+08:00,酷狗音乐,热歌榜,酷狗TOP500,2026-09-12,326,先说爱的人为什么先离开,田园,,3:40,6379393814B0A74AB7B87B2FA9E87689,107655422,https://www.kugou.com/yy/rank/home/15-8888.html?from=rank
2026-09-12,2026-09-12T12:42:35+08:00,酷狗音乐,热歌榜,酷狗TOP500,2026-09-12,327,故乡,许巍,,5:14,9EFC9C93AB181E42113F226DFCFA454D,971568,https://www.kugou.com/yy/rank/home/15-8888.html?from=rank
2026-09-12,2026-09-12T12:42:35+08:00,酷狗音乐,热歌榜,酷狗TOP500,2026-09-12,328,背着风流泪,文夫,,4:14,93313560CDE28F74AA7D2894E3C4D7F7,146986506,https://www.kugou.com/yy/rank/home/15-8888.html?from=rank
2026-09-12,2026-09-12T12:42:35+08:00,酷狗音乐,热歌榜,酷狗TOP500,2026-09-12,329,初恋情人,刘小慧,,4:40,24BD04781E52FE8E7FAB2A6452D85320,532546,https://www.kugou.com/yy/rank/home/15-8888.html?from=rank
2026-09-12,2026-09-12T12:42:35+08:00,酷狗音乐,热歌榜,酷狗TOP500,2026-09-12,330,白鸽乌鸦相爱的戏码,潘成（皮卡潘）,,2:54,1B5005F285D8B7FD083CA61C5753E9DB,100112898,https://www.kugou.com/yy/rank/home/15-8888.html?from=rank
2026-09-12,2026-09-12T12:42:35+08:00,酷狗音乐,热歌榜,酷狗TOP500,2026-09-12,331,漂洋过海来看你,刘明湘,,4:59,1A8FC548D34377622017AAEF1C6418FD,1791001,https://www.kugou.com/yy/rank/home/16-8888.html?from=rank
2026-09-12,2026-09-12T12:42:35+08:00,酷狗音乐,热歌榜,酷狗TOP500,2026-09-12,332,不得不爱,潘玮柏、弦子,,4:41,8F9E3FD474EA612C61EB20D1415767BF,972809,https://www.kugou.com/yy/rank/home/16-8888.html?from=rank
2026-09-12,2026-09-12T12:42:35+08:00,酷狗音乐,热歌榜,酷狗TOP500,2026-09-12,333,西楼儿女,海来阿木,,4:18,84DA47460010F3D91E203F777233DAA4,62931439,https://www.kugou.com/yy/rank/home/16-8888.html?from=rank
2026-09-12,2026-09-12T12:42:35+08:00,酷狗音乐,热歌榜,酷狗TOP500,2026-09-12,334,淘汰,陈奕迅,,4:45,90C64A1FB2F32663FA8037D847AABB57,962514,https://www.kugou.com/yy/rank/home/16-8888.html?from=rank
2026-09-12,2026-09-12T12:42:35+08:00,酷狗音乐,热歌榜,酷狗TOP500,2026-09-12,335,珊瑚海,周杰伦、Lara梁心颐,,4:16,90E34F0C582168E7EA857915771AB220,958909,https://www.kugou.com/yy/rank/home/16-8888.html?from=rank
2026-09-12,2026-09-12T12:42:35+08:00,酷狗音乐,热歌榜,酷狗TOP500,2026-09-12,336,そばにいるね (留在我身边),青山テルマ、SoulJa,,5:00,15ECAE5528C7B8E085423F27AA07E63A,16051946,https://www.kugou.com/yy/rank/home/16-8888.html?from=rank
2026-09-12,2026-09-12T12:42:35+08:00,酷狗音乐,热歌榜,酷狗TOP500,2026-09-12,337,撕夜,阿杜,,4:39,F4654DA8D595995AA50EC54232E1D525,963634,https://www.kugou.com/yy/rank/home/16-8888.html?from=rank
2026-09-12,2026-09-12T12:42:35+08:00,酷狗音乐,热歌榜,酷狗TOP500,2026-09-12,338,没走我的路怎知我的苦 (广州演唱会现场版),温夏,,3:39,6FFB51C4509570C88DB4E8210EBA6B56,204406288,https://www.kugou.com/yy/rank/home/16-8888.html?from=rank
2026-09-12,2026-09-12T12:42:35+08:00,酷狗音乐,热歌榜,酷狗TOP500,2026-09-12,339,如果这就是爱情,张靓颖,,4:43,4E871DF1E2034CF6BAAD7B03D2386058,2597425,https://www.kugou.com/yy/rank/home/16-8888.html?from=rank
2026-09-12,2026-09-12T12:42:35+08:00,酷狗音乐,热歌榜,酷狗TOP500,2026-09-12,340,偏向,陈子晴,,3:06,8C75BDF9AA0370D34E43A0DF1430020E,41687570,https://www.kugou.com/yy/rank/home/16-8888.html?from=rank
2026-09-12,2026-09-12T12:42:35+08:00,酷狗音乐,热歌榜,酷狗TOP500,2026-09-12,341,恶作剧,王蓝茵,,3:47,05B893FC78627C3F5635491BBB35167E,720564,https://www.kugou.com/yy/rank/home/16-8888.html?from=rank
2026-09-12,2026-09-12T12:42:35+08:00,酷狗音乐,热歌榜,酷狗TOP500,2026-09-12,342,最爱,周慧敏,,4:25,DBC221919A9686F684F90E1920179363,568311,https://www.kugou.com/yy/rank/home/16-8888.html?from=rank
2026-09-12,2026-09-12T12:42:35+08:00,酷狗音乐,热歌榜,酷狗TOP500,2026-09-12,343,不该 (with aMEI),周杰伦、张惠妹,,4:51,FCF336E81DA45A8E696032FFC1708175,1645030,https://www.kugou.com/yy/rank/home/16-8888.html?from=rank
2026-09-12,2026-09-12T12:42:35+08:00,酷狗音乐,热歌榜,酷狗TOP500,2026-09-12,344,唯有追赶风的方向 (Only By Chasing the Wind),知更鸟、HOYO-MiX、Chevy,,2:03,9B181325FAF26A3C93D0ECC3D471F8E5,204833475,https://www.kugou.com/yy/rank/home/16-8888.html?from=rank
2026-09-12,2026-09-12T12:42:35+08:00,酷狗音乐,热歌榜,酷狗TOP500,2026-09-12,345,大海,张雨生,,4:40,BF8252BEAE57AEB53490145CA8E81BB4,967705,https://www.kugou.com/yy/rank/home/16-8888.html?from=rank
2026-09-12,2026-09-12T12:42:35+08:00,酷狗音乐,热歌榜,酷狗TOP500,2026-09-12,346,推开世界的门,杨乃文,,4:42,6B5A905C8904FD4A23D255DA1B5592C9,1803972,https://www.kugou.com/yy/rank/home/16-8888.html?from=rank
2026-09-12,2026-09-12T12:42:35+08:00,酷狗音乐,热歌榜,酷狗TOP500,2026-09-12,347,吻,萧亚轩,,3:56,93A716FCDDD1C0798A228D8E08D640C1,970581,https://www.kugou.com/yy/rank/home/16-8888.html?from=rank
2026-09-12,2026-09-12T12:42:35+08:00,酷狗音乐,热歌榜,酷狗TOP500,2026-09-12,348,搀扶,马健涛,,5:28,D95AE3CC810BB62D28505AE1510C329F,130332417,https://www.kugou.com/yy/rank/home/16-8888.html?from=rank
2026-09-12,2026-09-12T12:42:35+08:00,酷狗音乐,热歌榜,酷狗TOP500,2026-09-12,349,可能,程响,,3:37,38B234C1135A5E9A4C98D55C058A4894,57727291,https://www.kugou.com/yy/rank/home/16-8888.html?from=rank
2026-09-12,2026-09-12T12:42:35+08:00,酷狗音乐,热歌榜,酷狗TOP500,2026-09-12,350,春庭雪 (r&b微醺版),落日微醺,,3:44,34F0A836850778DA37190AA74ED2A06E,195834505,https://www.kugou.com/yy/rank/home/16-8888.html?from=rank
2026-09-12,2026-09-12T12:42:35+08:00,酷狗音乐,热歌榜,酷狗TOP500,2026-09-12,351,天龙八部之宿敌,许嵩,,4:24,9092283E08915874302A9C64032BC79D,503947,https://www.kugou.com/yy/rank/home/16-8888.html?from=rank
2026-09-12,2026-09-12T12:42:35+08:00,酷狗音乐,热歌榜,酷狗TOP500,2026-09-12,352,最后一页,江语晨,,4:06,EF053996094A323B42C35195E9781A30,1596655,https://www.kugou.com/yy/rank/home/16-8888.html?from=rank
2026-09-12,2026-09-12T12:42:35+08:00,酷狗音乐,热歌榜,酷狗TOP500,2026-09-12,353,命运,家家,,3:51,B149A3BFD19481F91B9A652AA8EA21C1,959745,https://www.kugou.com/yy/rank/home/17-8888.html?from=rank
2026-09-12,2026-09-12T12:42:35+08:00,酷狗音乐,热歌榜,酷狗TOP500,2026-09-12,354,Take Me to Your Heart,Michael Learns To Rock,,3:59,97ED0BF75D3D6EEB97A326073F503AC8,561642,https://www.kugou.com/yy/rank/home/17-8888.html?from=rank
2026-09-12,2026-09-12T12:42:35+08:00,酷狗音乐,热歌榜,酷狗TOP500,2026-09-12,355,晚风心里吹,阿梨粤,,3:07,DFFB8F6768AC5044881BB6DD11BDED53,55808898,https://www.kugou.com/yy/rank/home/17-8888.html?from=rank
2026-09-12,2026-09-12T12:42:35+08:00,酷狗音乐,热歌榜,酷狗TOP500,2026-09-12,356,嘉宾,张远,,5:34,96D0DEFE09DFE43C57EE9AC3B1EA408E,39699796,https://www.kugou.com/yy/rank/home/17-8888.html?from=rank
2026-09-12,2026-09-12T12:42:35+08:00,酷狗音乐,热歌榜,酷狗TOP500,2026-09-12,357,Radio (Dum-Dum),宋雨琦 (YUQI),,2:32,E8FFC3F649DA4476E2CEABFF3F94D103,140913986,https://www.kugou.com/yy/rank/home/17-8888.html?from=rank
2026-09-12,2026-09-12T12:42:35+08:00,酷狗音乐,热歌榜,酷狗TOP500,2026-09-12,358,不再犹豫,BEYOND,,4:15,C477FE5B38147B7522DFCF3DC5BB8A6B,8176296,https://www.kugou.com/yy/rank/home/17-8888.html?from=rank
2026-09-12,2026-09-12T12:42:35+08:00,酷狗音乐,热歌榜,酷狗TOP500,2026-09-12,359,这些年欠自己太多 (现场大合唱live版),7paste,,3:23,954B129CE1490F02532817A0F2993359,203473677,https://www.kugou.com/yy/rank/home/17-8888.html?from=rank
2026-09-12,2026-09-12T12:42:35+08:00,酷狗音乐,热歌榜,酷狗TOP500,2026-09-12,360,朋友的酒,李晓杰,,4:22,67D5EF87795797D3BFE6A8C21013F552,573413,https://www.kugou.com/yy/rank/home/17-8888.html?from=rank
2026-09-12,2026-09-12T12:42:35+08:00,酷狗音乐,热歌榜,酷狗TOP500,2026-09-12,361,左手指月,萨顶顶,,3:51,EBCCDE59F97BC06183F3B1A8502B7479,22191384,https://www.kugou.com/yy/rank/home/17-8888.html?from=rank
2026-09-12,2026-09-12T12:42:35+08:00,酷狗音乐,热歌榜,酷狗TOP500,2026-09-12,362,指纹,杜宣达,,4:00,EAF4CB91DA618DBEDC751F54B3B3620D,50057639,https://www.kugou.com/yy/rank/home/17-8888.html?from=rank
2026-09-12,2026-09-12T12:42:35+08:00,酷狗音乐,热歌榜,酷狗TOP500,2026-09-12,363,情罪,陈瑞,,4:45,9642484D6F37650295B370CD52553DC5,80617215,https://www.kugou.com/yy/rank/home/17-8888.html?from=rank
2026-09-12,2026-09-12T12:42:35+08:00,酷狗音乐,热歌榜,酷狗TOP500,2026-09-12,364,有点甜,汪苏泷、BY2,,3:55,99CFDC717FEB7DABCD8A6392D821FC08,516425,https://www.kugou.com/yy/rank/home/17-8888.html?from=rank
2026-09-12,2026-09-12T12:42:35+08:00,酷狗音乐,热歌榜,酷狗TOP500,2026-09-12,365,你的承诺,海鸣威,,3:53,9F08ECA9AE8E5EE2432E37FF914B95DE,490417,https://www.kugou.com/yy/rank/home/17-8888.html?from=rank
2026-09-12,2026-09-12T12:42:35+08:00,酷狗音乐,热歌榜,酷狗TOP500,2026-09-12,366,疑心病,任然,,4:52,030BE0EE70580141E406B90363A08494,1006462,https://www.kugou.com/yy/rank/home/17-8888.html?from=rank
2026-09-12,2026-09-12T12:42:35+08:00,酷狗音乐,热歌榜,酷狗TOP500,2026-09-12,367,Beauty And A Beat,Justin Bieber、Nicki Minaj,,3:47,FF5719341A9B004AA3E7312D617AE305,16996733,https://www.kugou.com/yy/rank/home/17-8888.html?from=rank
2026-09-12,2026-09-12T12:42:35+08:00,酷狗音乐,热歌榜,酷狗TOP500,2026-09-12,368,过客,周思涵,,4:30,D713CDE36C5CB3F89495C28300880A92,2584684,https://www.kugou.com/yy/rank/home/17-8888.html?from=rank
2026-09-12,2026-09-12T12:42:35+08:00,酷狗音乐,热歌榜,酷狗TOP500,2026-09-12,369,我在月光下许过情真 (微醺版),苏晚星,,4:01,90D5CE02942E4B72FD20129E72A3DEA3,192801861,https://www.kugou.com/yy/rank/home/17-8888.html?from=rank
2026-09-12,2026-09-12T12:42:35+08:00,酷狗音乐,热歌榜,酷狗TOP500,2026-09-12,370,容易受伤的女人,王菲,,4:21,C4BDD79D611789B65B368283D4DDAB0F,980244,https://www.kugou.com/yy/rank/home/17-8888.html?from=rank
2026-09-12,2026-09-12T12:42:35+08:00,酷狗音乐,热歌榜,酷狗TOP500,2026-09-12,371,太聪明,陈绮贞,,4:23,89101DA817101FEA0C9ECF64EAE2B46F,959335,https://www.kugou.com/yy/rank/home/17-8888.html?from=rank
2026-09-12,2026-09-12T12:42:35+08:00,酷狗音乐,热歌榜,酷狗TOP500,2026-09-12,372,刻在我心底的名字,卢广仲,,5:20,5CDCAAF9E7B91E94FD012589D00FDBEA,39020767,https://www.kugou.com/yy/rank/home/17-8888.html?from=rank
2026-09-12,2026-09-12T12:42:35+08:00,酷狗音乐,热歌榜,酷狗TOP500,2026-09-12,373,Pretty Girl Rock,Keri Hilson,,4:04,A2C34D91F5400B11E4FB0867EE95F8BC,57392885,https://www.kugou.com/yy/rank/home/17-8888.html?from=rank
2026-09-12,2026-09-12T12:42:35+08:00,酷狗音乐,热歌榜,酷狗TOP500,2026-09-12,374,听哭了自己,沧桑老叔,,3:32,2F886E50337A0268514AA517C5E13A39,184905718,https://www.kugou.com/yy/rank/home/17-8888.html?from=rank
2026-09-12,2026-09-12T12:42:35+08:00,酷狗音乐,热歌榜,酷狗TOP500,2026-09-12,375,说散就散,袁娅维TIA RAY,,4:03,837D7CEC9202B47F077BB7FE8C0C1A08,8025931,https://www.kugou.com/yy/rank/home/18-8888.html?from=rank
2026-09-12,2026-09-12T12:42:35+08:00,酷狗音乐,热歌榜,酷狗TOP500,2026-09-12,376,走走,李荣浩,,5:04,0BD5B6F56CED35BB3380425EC02E1098,106374641,https://www.kugou.com/yy/rank/home/18-8888.html?from=rank
2026-09-12,2026-09-12T12:42:35+08:00,酷狗音乐,热歌榜,酷狗TOP500,2026-09-12,377,斑马，斑马,宋冬野,,4:13,E8D0F5B041E589F66D667ECEDBD58C35,979124,https://www.kugou.com/yy/rank/home/18-8888.html?from=rank
2026-09-12,2026-09-12T12:42:35+08:00,酷狗音乐,热歌榜,酷狗TOP500,2026-09-12,378,落空,印子月,,3:53,F2823FEC8D01EDE2587ED3D32F787782,15394482,https://www.kugou.com/yy/rank/home/18-8888.html?from=rank
2026-09-12,2026-09-12T12:42:35+08:00,酷狗音乐,热歌榜,酷狗TOP500,2026-09-12,379,只为你着迷,李秉成,,4:01,C2F47FB042D8FE6A2B5265DFCF8919A5,11795396,https://www.kugou.com/yy/rank/home/18-8888.html?from=rank
2026-09-12,2026-09-12T12:42:35+08:00,酷狗音乐,热歌榜,酷狗TOP500,2026-09-12,380,暧昧,薛之谦,,5:12,B3A4E466F13F44FA0B91FA4EB8E6DECA,7818079,https://www.kugou.com/yy/rank/home/18-8888.html?from=rank
2026-09-12,2026-09-12T12:42:35+08:00,酷狗音乐,热歌榜,酷狗TOP500,2026-09-12,381,我恨明月不照我,阿YueYue,,4:12,B1B259EEA7E93DE5F6C759BA6C45777C,172322576,https://www.kugou.com/yy/rank/home/18-8888.html?from=rank
2026-09-12,2026-09-12T12:42:35+08:00,酷狗音乐,热歌榜,酷狗TOP500,2026-09-12,382,下个，路口，见,李宇春,,3:30,64F80BAE486AB418084E941AADA27545,502503,https://www.kugou.com/yy/rank/home/18-8888.html?from=rank
2026-09-12,2026-09-12T12:42:35+08:00,酷狗音乐,热歌榜,酷狗TOP500,2026-09-12,383,爸爸妈妈,乡野低频,,3:00,C1EF0C54DA1572E05167633D8A267E0E,202573533,https://www.kugou.com/yy/rank/home/18-8888.html?from=rank
2026-09-12,2026-09-12T12:42:35+08:00,酷狗音乐,热歌榜,酷狗TOP500,2026-09-12,384,为爱痴狂 (想要问问你敢不敢),金志文,,2:21,8CA8C420761A7C36FF16DD42FE5D331D,194629486,https://www.kugou.com/yy/rank/home/18-8888.html?from=rank
2026-09-12,2026-09-12T12:42:35+08:00,酷狗音乐,热歌榜,酷狗TOP500,2026-09-12,385,我把半生说给秋天,卓吉拉姆,,3:34,C58D974571F166770AB785992B927DB8,205194697,https://www.kugou.com/yy/rank/home/18-8888.html?from=rank
2026-09-12,2026-09-12T12:42:35+08:00,酷狗音乐,热歌榜,酷狗TOP500,2026-09-12,386,遗失的心跳,萧亚轩,,3:37,54C1A6E877BB37D052A86D4C41604FE7,521727,https://www.kugou.com/yy/rank/home/18-8888.html?from=rank
2026-09-12,2026-09-12T12:42:35+08:00,酷狗音乐,热歌榜,酷狗TOP500,2026-09-12,387,倒带,蔡依林,,4:26,446507D2332BC3F263596363A97C6E95,976925,https://www.kugou.com/yy/rank/home/18-8888.html?from=rank
2026-09-12,2026-09-12T12:42:35+08:00,酷狗音乐,热歌榜,酷狗TOP500,2026-09-12,388,天若有情,A-Lin,,4:17,2E6CE4E79982AE2119A69C1D30537EA2,1805426,https://www.kugou.com/yy/rank/home/18-8888.html?from=rank
2026-09-12,2026-09-12T12:42:35+08:00,酷狗音乐,热歌榜,酷狗TOP500,2026-09-12,389,不如见一面,海来阿木,,4:08,A8CC7F0EA73DE4DE226B26C3F44DD563,80038154,https://www.kugou.com/yy/rank/home/18-8888.html?from=rank
2026-09-12,2026-09-12T12:42:35+08:00,酷狗音乐,热歌榜,酷狗TOP500,2026-09-12,390,等你等到我心痛,张学友,,4:13,4A1ADC422B26B1388DE746F4E1DD5EB4,977805,https://www.kugou.com/yy/rank/home/18-8888.html?from=rank
2026-09-12,2026-09-12T12:42:35+08:00,酷狗音乐,热歌榜,酷狗TOP500,2026-09-12,391,去有风的地方 (Acoustic Version),郁可唯,,2:10,D763906D25E2CCA898316831D2B54946,67547464,https://www.kugou.com/yy/rank/home/18-8888.html?from=rank
2026-09-12,2026-09-12T12:42:35+08:00,酷狗音乐,热歌榜,酷狗TOP500,2026-09-12,392,江声入旧年,聲無哀樂乐队THEWEAPONS、龚琳娜、杨宗勋,,4:11,CC9C270CD9409E62960A83BC5B28DC6C,172928690,https://www.kugou.com/yy/rank/home/18-8888.html?from=rank
2026-09-12,2026-09-12T12:42:35+08:00,酷狗音乐,热歌榜,酷狗TOP500,2026-09-12,393,穿帮,马嘉祺,,3:11,69766AAC34267EFB47A32667D6B7D3AD,206174664,https://www.kugou.com/yy/rank/home/18-8888.html?from=rank
2026-09-12,2026-09-12T12:42:35+08:00,酷狗音乐,热歌榜,酷狗TOP500,2026-09-12,394,爱，请问怎么走,A-Lin,,4:28,D67CB2EA6082D5AB871509EC06B48370,964045,https://www.kugou.com/yy/rank/home/18-8888.html?from=rank
2026-09-12,2026-09-12T12:42:35+08:00,酷狗音乐,热歌榜,酷狗TOP500,2026-09-12,395,倘若你爱一人,王唯旖,,3:57,452F7E058B44E2229B59A693E9AD3524,198657446,https://www.kugou.com/yy/rank/home/18-8888.html?from=rank
2026-09-12,2026-09-12T12:42:35+08:00,酷狗音乐,热歌榜,酷狗TOP500,2026-09-12,396,中意你 (万人大合唱live版),7paste,,3:47,B84C1F8D11652ABBEFC2D3AEE9160E28,203170200,https://www.kugou.com/yy/rank/home/18-8888.html?from=rank
2026-09-12,2026-09-12T12:42:35+08:00,酷狗音乐,热歌榜,酷狗TOP500,2026-09-12,397,反方向的钟,周杰伦,,4:18,A6049AAB184A305CAA906C6BBB8E8233,978031,https://www.kugou.com/yy/rank/home/19-8888.html?from=rank
2026-09-12,2026-09-12T12:42:35+08:00,酷狗音乐,热歌榜,酷狗TOP500,2026-09-12,398,想你的夜,关喆,,4:25,1404A292A6E122C99696BDFF04CE982F,963737,https://www.kugou.com/yy/rank/home/19-8888.html?from=rank
2026-09-12,2026-09-12T12:42:35+08:00,酷狗音乐,热歌榜,酷狗TOP500,2026-09-12,399,如果累了就回故乡 (微醺版),落日微醺,,3:44,4B63841480B40824990E763D112C5D1F,205125995,https://www.kugou.com/yy/rank/home/19-8888.html?from=rank
2026-09-12,2026-09-12T12:42:35+08:00,酷狗音乐,热歌榜,酷狗TOP500,2026-09-12,400,一样的月光,徐佳莹,,4:00,E470A579E87A5436E68FAA51AD18A379,972101,https://www.kugou.com/yy/rank/home/19-8888.html?from=rank
2026-09-12,2026-09-12T12:42:35+08:00,酷狗音乐,热歌榜,酷狗TOP500,2026-09-12,401,Copines,Aya Nakamura,,2:52,1CDA977A7FC0BCCC23BC7DF4D0194389,39155596,https://www.kugou.com/yy/rank/home/19-8888.html?from=rank
2026-09-12,2026-09-12T12:42:35+08:00,酷狗音乐,热歌榜,酷狗TOP500,2026-09-12,402,I Miss You (暗黑Trap版),超级大瓜,,2:56,D04E732B1310DF5536506CEF6826A96A,197475978,https://www.kugou.com/yy/rank/home/19-8888.html?from=rank
2026-09-12,2026-09-12T12:42:35+08:00,酷狗音乐,热歌榜,酷狗TOP500,2026-09-12,403,爱在西元前,周杰伦,,3:54,66B756FB1331807B032EF97F7BA9948E,958706,https://www.kugou.com/yy/rank/home/19-8888.html?from=rank
2026-09-12,2026-09-12T12:42:35+08:00,酷狗音乐,热歌榜,酷狗TOP500,2026-09-12,404,雨天,孙燕姿,,4:02,9077648AA3ABA06B76FD7569FB715EAF,4075477,https://www.kugou.com/yy/rank/home/19-8888.html?from=rank
2026-09-12,2026-09-12T12:42:35+08:00,酷狗音乐,热歌榜,酷狗TOP500,2026-09-12,405,三国恋,Tank,,4:06,1325E661C6044048943A8D7D417ED280,966742,https://www.kugou.com/yy/rank/home/19-8888.html?from=rank
2026-09-12,2026-09-12T12:42:35+08:00,酷狗音乐,热歌榜,酷狗TOP500,2026-09-12,406,像鱼,王贰浪,,4:45,6215C5A85B30E53C2E4C20C4DED38D72,13621986,https://www.kugou.com/yy/rank/home/19-8888.html?from=rank
2026-09-12,2026-09-12T12:42:35+08:00,酷狗音乐,热歌榜,酷狗TOP500,2026-09-12,407,问情 (烟嗓良人Remix),大头钉团队,,4:16,A495E8DA73ED8EB8FC3CFAFE6F0CD48D,202389890,https://www.kugou.com/yy/rank/home/19-8888.html?from=rank
2026-09-12,2026-09-12T12:42:35+08:00,酷狗音乐,热歌榜,酷狗TOP500,2026-09-12,408,红尘疾苦 (合唱版),叶筱萱,,3:11,A1A007593E8C40FB6F1F8315083A5F9D,205017247,https://www.kugou.com/yy/rank/home/19-8888.html?from=rank
2026-09-12,2026-09-12T12:42:35+08:00,酷狗音乐,热歌榜,酷狗TOP500,2026-09-12,409,Because of You,Kelly Clarkson,,3:39,FED9A7BE6BC7D2FF3B8426ECEF34A2B6,1592158,https://www.kugou.com/yy/rank/home/19-8888.html?from=rank
2026-09-12,2026-09-12T12:42:35+08:00,酷狗音乐,热歌榜,酷狗TOP500,2026-09-12,410,天黑黑,孙燕姿,,3:56,D4601C9FFEADB42961CE4E623FAFD279,973684,https://www.kugou.com/yy/rank/home/19-8888.html?from=rank
2026-09-12,2026-09-12T12:42:35+08:00,酷狗音乐,热歌榜,酷狗TOP500,2026-09-12,411,明明就,周杰伦,,4:20,D85C14E02008B7A2F97D55CDC29C2221,982051,https://www.kugou.com/yy/rank/home/19-8888.html?from=rank
2026-09-12,2026-09-12T12:42:35+08:00,酷狗音乐,热歌榜,酷狗TOP500,2026-09-12,412,琵琶行,奇然、沈谧仁,,5:35,0AB355EF75A56A57E1790734B2E26ED9,2563381,https://www.kugou.com/yy/rank/home/19-8888.html?from=rank
2026-09-12,2026-09-12T12:42:35+08:00,酷狗音乐,热歌榜,酷狗TOP500,2026-09-12,413,荒,郑鱼,,3:30,1D1B5597513DF51039D2E6F34F9CB31C,70140125,https://www.kugou.com/yy/rank/home/19-8888.html?from=rank
2026-09-12,2026-09-12T12:42:35+08:00,酷狗音乐,热歌榜,酷狗TOP500,2026-09-12,414,金达莱花 (猛Remix),猛弟/邹子寒,,2:18,E93CB193E4133C79EA9BCC9F852375AD,201184757,https://www.kugou.com/yy/rank/home/19-8888.html?from=rank
2026-09-12,2026-09-12T12:42:35+08:00,酷狗音乐,热歌榜,酷狗TOP500,2026-09-12,415,无赖,郑中基,,4:04,1C8DCCD42F3FA29BB2878E20C90281E3,7547818,https://www.kugou.com/yy/rank/home/19-8888.html?from=rank
2026-09-12,2026-09-12T12:42:35+08:00,酷狗音乐,热歌榜,酷狗TOP500,2026-09-12,416,句号,G.E.M.邓紫棋,,3:56,0EC0DFE7A4090B3C5C2C1831D7F3ED51,35503028,https://www.kugou.com/yy/rank/home/19-8888.html?from=rank
2026-09-12,2026-09-12T12:42:35+08:00,酷狗音乐,热歌榜,酷狗TOP500,2026-09-12,417,冷雨夜,BEYOND,,4:19,34721C6BD44CB5F92BF3E4150AE3B5F1,976137,https://www.kugou.com/yy/rank/home/19-8888.html?from=rank
2026-09-12,2026-09-12T12:42:35+08:00,酷狗音乐,热歌榜,酷狗TOP500,2026-09-12,418,연애의 조건 (恋爱的条件),BESTie,,3:12,FBE0D895B585AFAD693FE42529311608,959733,https://www.kugou.com/yy/rank/home/19-8888.html?from=rank
2026-09-12,2026-09-12T12:42:35+08:00,酷狗音乐,热歌榜,酷狗TOP500,2026-09-12,419,土坡上的狗尾草,卢润泽,,3:15,5E40742110D3DB109A22BDB1012C6EBB,104913971,https://www.kugou.com/yy/rank/home/20-8888.html?from=rank
2026-09-12,2026-09-12T12:42:35+08:00,酷狗音乐,热歌榜,酷狗TOP500,2026-09-12,420,夜空中最亮的星,逃跑计划,,4:12,766877C1D3DD28BE7546506922EA17D7,961718,https://www.kugou.com/yy/rank/home/20-8888.html?from=rank
2026-09-12,2026-09-12T12:42:35+08:00,酷狗音乐,热歌榜,酷狗TOP500,2026-09-12,421,叹云兮,鞠婧祎,,4:43,DB94CC1C55558D7ED4B0E402A2DF065D,8700851,https://www.kugou.com/yy/rank/home/20-8888.html?from=rank
2026-09-12,2026-09-12T12:42:35+08:00,酷狗音乐,热歌榜,酷狗TOP500,2026-09-12,422,光年之外,G.E.M.邓紫棋,,3:56,AA47B03289C80586FF72146359914A0C,1952211,https://www.kugou.com/yy/rank/home/20-8888.html?from=rank
2026-09-12,2026-09-12T12:42:35+08:00,酷狗音乐,热歌榜,酷狗TOP500,2026-09-12,423,或许 (万人演唱会现场live版),沧桑小杰office,,2:56,277DD6ABD5363EE39004AAFE1877EE11,205026271,https://www.kugou.com/yy/rank/home/20-8888.html?from=rank
2026-09-12,2026-09-12T12:42:35+08:00,酷狗音乐,热歌榜,酷狗TOP500,2026-09-12,424,不潮不用花钱,林俊杰,,3:54,5A84BBA4C673BEA45083C521ADF366AF,963179,https://www.kugou.com/yy/rank/home/20-8888.html?from=rank
2026-09-12,2026-09-12T12:42:35+08:00,酷狗音乐,热歌榜,酷狗TOP500,2026-09-12,425,谁在意我流下的泪 (重制版),蒋雪儿Snow.J,,5:23,A21D9575037EB1F234F60A5000C8C59F,24184391,https://www.kugou.com/yy/rank/home/20-8888.html?from=rank
2026-09-12,2026-09-12T12:42:35+08:00,酷狗音乐,热歌榜,酷狗TOP500,2026-09-12,426,不知不觉又是一年秋 (一生能有多少个秋天),庄众,,3:11,C9CBB5224C402B7012925C5886A9DE90,203129542,https://www.kugou.com/yy/rank/home/20-8888.html?from=rank
2026-09-12,2026-09-12T12:42:35+08:00,酷狗音乐,热歌榜,酷狗TOP500,2026-09-12,427,勇敢爱,Mi2,,4:16,1BB6BB0C452E1EAAC93076080BD27342,970681,https://www.kugou.com/yy/rank/home/20-8888.html?from=rank
2026-09-12,2026-09-12T12:42:35+08:00,酷狗音乐,热歌榜,酷狗TOP500,2026-09-12,428,一个人想着一个人,曾沛慈,,4:04,C9148675D85D3C2B306E966000BC5ABD,542900,https://www.kugou.com/yy/rank/home/20-8888.html?from=rank
2026-09-12,2026-09-12T12:42:35+08:00,酷狗音乐,热歌榜,酷狗TOP500,2026-09-12,429,甲乙丙丁 (你我怎么两清)(Live),张碧晨、侯明昊,,4:00,5786B3CB9FB1174FF6E5013AA5BCF6DE,204492749,https://www.kugou.com/yy/rank/home/20-8888.html?from=rank
2026-09-12,2026-09-12T12:42:35+08:00,酷狗音乐,热歌榜,酷狗TOP500,2026-09-12,430,听说当初你找过我,贺一航,,4:06,8853D5BDDDE97FEACFAF65371B68AD57,1969900,https://www.kugou.com/yy/rank/home/20-8888.html?from=rank
2026-09-12,2026-09-12T12:42:35+08:00,酷狗音乐,热歌榜,酷狗TOP500,2026-09-12,431,匿名的好友,杨丞琳,,4:23,F9CE6B13B4C90B01B3C129FF11B11C87,2694607,https://www.kugou.com/yy/rank/home/20-8888.html?from=rank
2026-09-12,2026-09-12T12:42:35+08:00,酷狗音乐,热歌榜,酷狗TOP500,2026-09-12,432,潮汐锁定,马嘉祺,,4:27,582820EEB15F88FE35A3CF6DF3D5D964,206174664,https://www.kugou.com/yy/rank/home/20-8888.html?from=rank
2026-09-12,2026-09-12T12:42:35+08:00,酷狗音乐,热歌榜,酷狗TOP500,2026-09-12,433,莫问归期,蒋雪儿Snow.J,,3:39,F0E418FB19E8D295D0F78E50AE3B7E30,27453193,https://www.kugou.com/yy/rank/home/20-8888.html?from=rank
2026-09-12,2026-09-12T12:42:35+08:00,酷狗音乐,热歌榜,酷狗TOP500,2026-09-12,434,别回头 (不朽版),PAMajor,,3:32,887215E010BC9D5CB82830A131C86596,163052521,https://www.kugou.com/yy/rank/home/20-8888.html?from=rank
2026-09-12,2026-09-12T12:42:35+08:00,酷狗音乐,热歌榜,酷狗TOP500,2026-09-12,435,哼着你爱听的歌,杨小壮,,3:21,BAF3B2A7AC043CDB154EBAFD69A6C76A,104507270,https://www.kugou.com/yy/rank/home/20-8888.html?from=rank
2026-09-12,2026-09-12T12:42:35+08:00,酷狗音乐,热歌榜,酷狗TOP500,2026-09-12,436,我可以抱你吗,张惠妹,,4:56,29AC33B8120266986966CAA1B6A9F061,968973,https://www.kugou.com/yy/rank/home/20-8888.html?from=rank
2026-09-12,2026-09-12T12:42:35+08:00,酷狗音乐,热歌榜,酷狗TOP500,2026-09-12,437,别怕我伤心,张信哲,,4:47,976677A739F25908591FA822CB1F1DF3,538030,https://www.kugou.com/yy/rank/home/20-8888.html?from=rank
2026-09-12,2026-09-12T12:42:35+08:00,酷狗音乐,热歌榜,酷狗TOP500,2026-09-12,438,吴哥窟,吴雨霏,,3:43,DA247CAABD69D2AF6E71CC8399F490B2,964426,https://www.kugou.com/yy/rank/home/20-8888.html?from=rank
2026-09-12,2026-09-12T12:42:35+08:00,酷狗音乐,热歌榜,酷狗TOP500,2026-09-12,439,大城小爱,王力宏,,3:45,3EAF74E9E5065C03B050F356F0567311,2820176,https://www.kugou.com/yy/rank/home/20-8888.html?from=rank
2026-09-12,2026-09-12T12:42:35+08:00,酷狗音乐,热歌榜,酷狗TOP500,2026-09-12,440,放生,范逸臣 Van Fan,,4:33,ECAD846ED5A19AD736F9885F805A7E64,490139,https://www.kugou.com/yy/rank/home/20-8888.html?from=rank
2026-09-12,2026-09-12T12:42:35+08:00,酷狗音乐,热歌榜,酷狗TOP500,2026-09-12,441,曹操,林俊杰,,4:02,E5CC5B3EFAF927A85B97EDADD3266239,977396,https://www.kugou.com/yy/rank/home/21-8888.html?from=rank
2026-09-12,2026-09-12T12:42:35+08:00,酷狗音乐,热歌榜,酷狗TOP500,2026-09-12,442,意外,薛之谦,,4:52,04E0EDE41EA3CCFF76C04F414E1D03A7,960327,https://www.kugou.com/yy/rank/home/21-8888.html?from=rank
2026-09-12,2026-09-12T12:42:35+08:00,酷狗音乐,热歌榜,酷狗TOP500,2026-09-12,443,此刻,袁娅维TIA RAY,,3:34,659A08774AB3B2E9D64AA7273EB202FC,204979963,https://www.kugou.com/yy/rank/home/21-8888.html?from=rank
2026-09-12,2026-09-12T12:42:35+08:00,酷狗音乐,热歌榜,酷狗TOP500,2026-09-12,444,追光者,岑宁儿,,3:56,03F818EF5B72D16F65BD6298FB99B440,2706911,https://www.kugou.com/yy/rank/home/21-8888.html?from=rank
2026-09-12,2026-09-12T12:42:35+08:00,酷狗音乐,热歌榜,酷狗TOP500,2026-09-12,445,梦影,黄霄雲,,4:04,0948D1CCA8BFF90814C2AF816C56B902,205294061,https://www.kugou.com/yy/rank/home/21-8888.html?from=rank
2026-09-12,2026-09-12T12:42:35+08:00,酷狗音乐,热歌榜,酷狗TOP500,2026-09-12,446,像风一样,薛之谦,,4:15,ACC9BB4136622B3E2BA561B87FFF00D9,7818079,https://www.kugou.com/yy/rank/home/21-8888.html?from=rank
2026-09-12,2026-09-12T12:42:35+08:00,酷狗音乐,热歌榜,酷狗TOP500,2026-09-12,447,你怕啥子嘛,乡野低频,,2:55,A1E31862580AA1515C375F16DDF95D9E,206040461,https://www.kugou.com/yy/rank/home/21-8888.html?from=rank
2026-09-12,2026-09-12T12:42:35+08:00,酷狗音乐,热歌榜,酷狗TOP500,2026-09-12,448,天亮以前说再见 (雪花多舍不得冬天),四熹丸子,,3:53,36255921966B48B35A6E31D843C1CDD4,133064388,https://www.kugou.com/yy/rank/home/21-8888.html?from=rank
2026-09-12,2026-09-12T12:42:35+08:00,酷狗音乐,热歌榜,酷狗TOP500,2026-09-12,449,水为媒,礼越,,4:18,463569CA5AE9A787A32B66D590C8C98D,200545877,https://www.kugou.com/yy/rank/home/21-8888.html?from=rank
2026-09-12,2026-09-12T12:42:35+08:00,酷狗音乐,热歌榜,酷狗TOP500,2026-09-12,450,得到你的人却得不到你的心,欢子,,4:21,A8A9714EBEC289A4D2FD6AFDFA20D0B9,969836,https://www.kugou.com/yy/rank/home/21-8888.html?from=rank
2026-09-12,2026-09-12T12:42:35+08:00,酷狗音乐,热歌榜,酷狗TOP500,2026-09-12,451,若感到疲惫就回家乡,宋盐球,,4:26,52B96748927D8372EC4CF9D53BEFA01A,205995291,https://www.kugou.com/yy/rank/home/21-8888.html?from=rank
2026-09-12,2026-09-12T12:42:35+08:00,酷狗音乐,热歌榜,酷狗TOP500,2026-09-12,452,说谎,林宥嘉,,4:24,979866465F3AFF04A1D7DAC788FEED0C,979165,https://www.kugou.com/yy/rank/home/21-8888.html?from=rank
2026-09-12,2026-09-12T12:42:35+08:00,酷狗音乐,热歌榜,酷狗TOP500,2026-09-12,453,忘情牛肉面,马健涛,,3:02,E9E3E3F40397839A715537F5AA5C93CE,32988895,https://www.kugou.com/yy/rank/home/21-8888.html?from=rank
2026-09-12,2026-09-12T12:42:35+08:00,酷狗音乐,热歌榜,酷狗TOP500,2026-09-12,454,如果还会遇见,何遇Hayu、Crybird,,3:48,B740AAF49578F8F9C9E52DD560E122BF,201658284,https://www.kugou.com/yy/rank/home/21-8888.html?from=rank
2026-09-12,2026-09-12T12:42:35+08:00,酷狗音乐,热歌榜,酷狗TOP500,2026-09-12,455,Letting Go,蔡健雅,,4:23,326CBB23BAA90062047512376AA406A4,978874,https://www.kugou.com/yy/rank/home/21-8888.html?from=rank
2026-09-12,2026-09-12T12:42:35+08:00,酷狗音乐,热歌榜,酷狗TOP500,2026-09-12,456,胡广生,任素汐,,3:34,8C655F575EBB2414B53EFF0D2C13188D,12506106,https://www.kugou.com/yy/rank/home/21-8888.html?from=rank
2026-09-12,2026-09-12T12:42:35+08:00,酷狗音乐,热歌榜,酷狗TOP500,2026-09-12,457,多余的解释,许嵩,,4:37,9678D4878727F744FD3D19663CAA8AD9,973251,https://www.kugou.com/yy/rank/home/21-8888.html?from=rank
2026-09-12,2026-09-12T12:42:35+08:00,酷狗音乐,热歌榜,酷狗TOP500,2026-09-12,458,逆流成河,金南玲,,2:05,F12381673024C26DF3CC2589AA52987F,976591,https://www.kugou.com/yy/rank/home/21-8888.html?from=rank
2026-09-12,2026-09-12T12:42:35+08:00,酷狗音乐,热歌榜,酷狗TOP500,2026-09-12,459,安和桥,宇西,,4:09,BFB6233E7687776800FDA3FD76EBFB41,13667444,https://www.kugou.com/yy/rank/home/21-8888.html?from=rank
2026-09-12,2026-09-12T12:42:35+08:00,酷狗音乐,热歌榜,酷狗TOP500,2026-09-12,460,玫瑰花的葬礼,许嵩,,4:21,0A335E9374392B72E5965D8F6165E564,1968878,https://www.kugou.com/yy/rank/home/21-8888.html?from=rank
2026-09-12,2026-09-12T12:42:35+08:00,酷狗音乐,热歌榜,酷狗TOP500,2026-09-12,461,你有没有真的爱过我 (烟嗓版),寂寞阿图,,3:45,5EF8404977086AB95C304D857271FB10,190169654,https://www.kugou.com/yy/rank/home/21-8888.html?from=rank
2026-09-12,2026-09-12T12:42:35+08:00,酷狗音乐,热歌榜,酷狗TOP500,2026-09-12,462,姑娘别哭泣,柯柯柯啊,,3:56,1B537C99761F8F25AEFFF30B6DCE08D5,77472711,https://www.kugou.com/yy/rank/home/21-8888.html?from=rank
2026-09-12,2026-09-12T12:42:35+08:00,酷狗音乐,热歌榜,酷狗TOP500,2026-09-12,463,被伤过的心还可以爱谁,六哲,,5:05,2A74BD4ADD4D0197CDACAD953BAE55E5,500491,https://www.kugou.com/yy/rank/home/22-8888.html?from=rank
2026-09-12,2026-09-12T12:42:35+08:00,酷狗音乐,热歌榜,酷狗TOP500,2026-09-12,464,倒数,G.E.M.邓紫棋,,3:49,65945C4D6FB03D7997AE133C9BE5715D,9373625,https://www.kugou.com/yy/rank/home/22-8888.html?from=rank
2026-09-12,2026-09-12T12:42:35+08:00,酷狗音乐,热歌榜,酷狗TOP500,2026-09-12,465,坠落,蔡健雅,,4:10,233254CB517BAA74387361C2158519DA,974379,https://www.kugou.com/yy/rank/home/22-8888.html?from=rank
2026-09-12,2026-09-12T12:42:35+08:00,酷狗音乐,热歌榜,酷狗TOP500,2026-09-12,466,刚刚好,薛之谦,,4:11,956EEC514146039E6D6A16B30DD64A7B,1747549,https://www.kugou.com/yy/rank/home/22-8888.html?from=rank
2026-09-12,2026-09-12T12:42:35+08:00,酷狗音乐,热歌榜,酷狗TOP500,2026-09-12,467,游京 (我走在风雪中)(长征版),星火社,,3:22,7D76A1AA234CF4030BE3F4B023E4ADC4,201282995,https://www.kugou.com/yy/rank/home/22-8888.html?from=rank
2026-09-12,2026-09-12T12:42:35+08:00,酷狗音乐,热歌榜,酷狗TOP500,2026-09-12,468,简单爱,周杰伦,,4:30,6E44CE19BE5872384FA184B995CCE23B,958706,https://www.kugou.com/yy/rank/home/22-8888.html?from=rank
2026-09-12,2026-09-12T12:42:35+08:00,酷狗音乐,热歌榜,酷狗TOP500,2026-09-12,469,少一点天份,孙盛希,,4:35,FFD1F05E5D06A1DDFAEDFE6A3379A271,566029,https://www.kugou.com/yy/rank/home/22-8888.html?from=rank
2026-09-12,2026-09-12T12:42:35+08:00,酷狗音乐,热歌榜,酷狗TOP500,2026-09-12,470,黑与红,马嘉祺,,3:59,ECD66F03F098EFA1760A776A54766427,206174664,https://www.kugou.com/yy/rank/home/22-8888.html?from=rank
2026-09-12,2026-09-12T12:42:35+08:00,酷狗音乐,热歌榜,酷狗TOP500,2026-09-12,471,吻得太逼真,张敬轩,,3:51,0D2255F04AA5A69200FAE90935CF9FBE,970823,https://www.kugou.com/yy/rank/home/22-8888.html?from=rank
2026-09-12,2026-09-12T12:42:35+08:00,酷狗音乐,热歌榜,酷狗TOP500,2026-09-12,472,刚好遇见你,李玉刚,,3:20,58B004C56B6AB6CE1CA3C1E8C6781D0E,1820033,https://www.kugou.com/yy/rank/home/22-8888.html?from=rank
2026-09-12,2026-09-12T12:42:35+08:00,酷狗音乐,热歌榜,酷狗TOP500,2026-09-12,473,天亮以前说再见,何野,,4:00,18E9FC6CF97258B75D090188EDBAE95B,11792318,https://www.kugou.com/yy/rank/home/22-8888.html?from=rank
2026-09-12,2026-09-12T12:42:35+08:00,酷狗音乐,热歌榜,酷狗TOP500,2026-09-12,474,秋殇别恋 (男女撕裂对唱),梨子芥菜、戚悦,,4:19,CA8495DA3927226C0A3FBBD6B95B8315,190178204,https://www.kugou.com/yy/rank/home/22-8888.html?from=rank
2026-09-12,2026-09-12T12:42:35+08:00,酷狗音乐,热歌榜,酷狗TOP500,2026-09-12,475,你不该权衡利弊,七喜,,3:41,EC4D4FC28AD4AFFA1819C38355BE3296,205423359,https://www.kugou.com/yy/rank/home/22-8888.html?from=rank
2026-09-12,2026-09-12T12:42:35+08:00,酷狗音乐,热歌榜,酷狗TOP500,2026-09-12,476,听海,张惠妹,,5:18,8ACB6E60840E6D30822BEA443309BE58,973665,https://www.kugou.com/yy/rank/home/22-8888.html?from=rank
2026-09-12,2026-09-12T12:42:35+08:00,酷狗音乐,热歌榜,酷狗TOP500,2026-09-12,477,你往南走 (风往北刮),东方神话,,3:31,13AEBEC31B95F0C46E44BFDFCC23D3ED,206075384,https://www.kugou.com/yy/rank/home/22-8888.html?from=rank
2026-09-12,2026-09-12T12:42:35+08:00,酷狗音乐,热歌榜,酷狗TOP500,2026-09-12,478,还爱着你,文夫,,3:52,A61924D891C970A28150FDF9E5E56C53,171019019,https://www.kugou.com/yy/rank/home/22-8888.html?from=rank
2026-09-12,2026-09-12T12:42:35+08:00,酷狗音乐,热歌榜,酷狗TOP500,2026-09-12,479,Amani (女声版),落日微醺,,3:54,0E1705D85CE6D8BE87784DFA9C9A5624,194642479,https://www.kugou.com/yy/rank/home/22-8888.html?from=rank
2026-09-12,2026-09-12T12:42:35+08:00,酷狗音乐,热歌榜,酷狗TOP500,2026-09-12,480,山作嫁,冰洁,,3:52,2C21A49876D12537DB73EFE8F609751C,206664808,https://www.kugou.com/yy/rank/home/22-8888.html?from=rank
2026-09-12,2026-09-12T12:42:35+08:00,酷狗音乐,热歌榜,酷狗TOP500,2026-09-12,481,我看上的姑娘,杨小壮,,3:34,BD52F4AC950F18FA24A0098C5AC08BFC,59879446,https://www.kugou.com/yy/rank/home/22-8888.html?from=rank
2026-09-12,2026-09-12T12:42:35+08:00,酷狗音乐,热歌榜,酷狗TOP500,2026-09-12,482,千年泪,Tank,,4:20,44267017D31CE619BA68E358A233BA01,557277,https://www.kugou.com/yy/rank/home/22-8888.html?from=rank
2026-09-12,2026-09-12T12:42:35+08:00,酷狗音乐,热歌榜,酷狗TOP500,2026-09-12,483,你是朝朝暮暮 (也许来时那段路),许衍,,2:55,86478CE2EAAA92DDBF0A400C15767C1D,206066747,https://www.kugou.com/yy/rank/home/22-8888.html?from=rank
2026-09-12,2026-09-12T12:42:35+08:00,酷狗音乐,热歌榜,酷狗TOP500,2026-09-12,484,入戏太深,马旭东,,3:48,AD2CAEE32A69DE33F26929CCC24572FC,585934,https://www.kugou.com/yy/rank/home/22-8888.html?from=rank
2026-09-12,2026-09-12T12:42:35+08:00,酷狗音乐,热歌榜,酷狗TOP500,2026-09-12,485,像我这样的人 (Live),毛不易,,2:52,4695B8373C1AF8E3262C822BFB5A55BD,2952169,https://www.kugou.com/yy/rank/home/23-8888.html?from=rank
2026-09-12,2026-09-12T12:42:35+08:00,酷狗音乐,热歌榜,酷狗TOP500,2026-09-12,486,匆匆那年,王菲,,4:00,08519C4B628FCC6292A46A508E11DFA2,4139345,https://www.kugou.com/yy/rank/home/23-8888.html?from=rank
2026-09-12,2026-09-12T12:42:35+08:00,酷狗音乐,热歌榜,酷狗TOP500,2026-09-12,487,相思,毛阿敏,,3:02,FE1F0058EAC6B344D03DB2D0D4315EA1,967188,https://www.kugou.com/yy/rank/home/23-8888.html?from=rank
2026-09-12,2026-09-12T12:42:35+08:00,酷狗音乐,热歌榜,酷狗TOP500,2026-09-12,488,披着羊皮的狼,刀郎,,7:28,D8EAB97048F435A4D5D60CC453091224,959477,https://www.kugou.com/yy/rank/home/23-8888.html?from=rank
2026-09-12,2026-09-12T12:42:35+08:00,酷狗音乐,热歌榜,酷狗TOP500,2026-09-12,489,是你没选我啊,音乐科代表洪嘉源,,3:07,65D611715B7CC7131E6629F5E1745544,172307133,https://www.kugou.com/yy/rank/home/23-8888.html?from=rank
2026-09-12,2026-09-12T12:42:35+08:00,酷狗音乐,热歌榜,酷狗TOP500,2026-09-12,490,一万个理由,郑源,,4:25,6BE0597021C8E5E3D7A9AE5FB782947A,977094,https://www.kugou.com/yy/rank/home/23-8888.html?from=rank
2026-09-12,2026-09-12T12:42:35+08:00,酷狗音乐,热歌榜,酷狗TOP500,2026-09-12,491,山风山风等等我,张小宝,,3:29,2B62E2FD67EC0B50BCEC171FC9B576EA,206678577,https://www.kugou.com/yy/rank/home/23-8888.html?from=rank
2026-09-12,2026-09-12T12:42:35+08:00,酷狗音乐,热歌榜,酷狗TOP500,2026-09-12,492,九百九十九朵玫瑰 (r&b),落日微醺,,4:07,0969B2B26405C8DDEC7C72292F794D48,184352572,https://www.kugou.com/yy/rank/home/23-8888.html?from=rank
2026-09-12,2026-09-12T12:42:35+08:00,酷狗音乐,热歌榜,酷狗TOP500,2026-09-12,493,默,那英,,5:26,E154060676D6BDFEF0AF092E64492D6F,547706,https://www.kugou.com/yy/rank/home/23-8888.html?from=rank
2026-09-12,2026-09-12T12:42:35+08:00,酷狗音乐,热歌榜,酷狗TOP500,2026-09-12,494,十面埋伏,陈奕迅,,3:52,90B8469459CBA58A5DDEDD9350286DD8,2996227,https://www.kugou.com/yy/rank/home/23-8888.html?from=rank
2026-09-12,2026-09-12T12:42:35+08:00,酷狗音乐,热歌榜,酷狗TOP500,2026-09-12,495,这世界那么多人,莫文蔚,,4:46,8217FD6FE2973658781FB08DA4F8C4D6,44349469,https://www.kugou.com/yy/rank/home/23-8888.html?from=rank
2026-09-12,2026-09-12T12:42:35+08:00,酷狗音乐,热歌榜,酷狗TOP500,2026-09-12,496,麻雀,李荣浩,,4:13,2E4C5A85A751AF5A0B200D5AA0629226,34731198,https://www.kugou.com/yy/rank/home/23-8888.html?from=rank
2026-09-12,2026-09-12T12:42:35+08:00,酷狗音乐,热歌榜,酷狗TOP500,2026-09-12,497,爆了,古巨基,,3:39,C1EBB02D92734C23E96C684C27AE4443,2996654,https://www.kugou.com/yy/rank/home/23-8888.html?from=rank
2026-09-12,2026-09-12T12:42:35+08:00,酷狗音乐,热歌榜,酷狗TOP500,2026-09-12,498,怎么会狠心伤害我,郑源,,4:31,A920AE990FFE0A48E557B30EBC2DC4A1,969284,https://www.kugou.com/yy/rank/home/23-8888.html?from=rank
2026-09-12,2026-09-12T12:42:35+08:00,酷狗音乐,热歌榜,酷狗TOP500,2026-09-12,499,爱丫爱丫,BY2,,3:51,18008576BCFBA9750C2C60EB6C204270,981935,https://www.kugou.com/yy/rank/home/23-8888.html?from=rank
2026-09-12,2026-09-12T12:42:35+08:00,酷狗音乐,热歌榜,酷狗TOP500,2026-09-12,500,不要在我寂寞的时候说爱我 (funky版),Bobo博official,,2:24,5E043A1E610CC92EC4D10816861667F8,180788163,https://www.kugou.com/yy/rank/home/23-8888.html?from=rank
2026-09-12,2026-09-12T12:42:35+08:00,酷狗音乐,飙升榜,酷狗飙升榜,2026-09-12,1,大梦归,周深,,3:49,FCEDAF78465CD283E1DA72A8DEAC553A,206967328,https://www.kugou.com/yy/rank/home/1-6666.html?from=rank
2026-09-12,2026-09-12T12:42:35+08:00,酷狗音乐,飙升榜,酷狗飙升榜,2026-09-12,2,你种的花就属于你吗,糯米Nomi,,3:04,19D6C6283F1DF2C480D260F1EB0C2F4E,195167360,https://www.kugou.com/yy/rank/home/1-6666.html?from=rank
2026-09-12,2026-09-12T12:42:35+08:00,酷狗音乐,飙升榜,酷狗飙升榜,2026-09-12,3,满了酒杯 忘了伤悲,司徒兰芳,,4:11,C583266D8E2565AAC431EB43BCEB475F,200336727,https://www.kugou.com/yy/rank/home/1-6666.html?from=rank
2026-09-12,2026-09-12T12:42:35+08:00,酷狗音乐,飙升榜,酷狗飙升榜,2026-09-12,4,等不到那场婚礼,黑豆ado,,3:43,CFC663E4783164182F9CF2855B1A14FF,202764288,https://www.kugou.com/yy/rank/home/1-6666.html?from=rank
2026-09-12,2026-09-12T12:42:35+08:00,酷狗音乐,飙升榜,酷狗飙升榜,2026-09-12,5,半边雨 (我以为靠近了你 就能把爱握紧),罗克、SINSA,,3:13,2DBFF3EACC9F4B03ACA1F57BBEB24BFF,197647424,https://www.kugou.com/yy/rank/home/1-6666.html?from=rank
2026-09-12,2026-09-12T12:42:35+08:00,酷狗音乐,飙升榜,酷狗飙升榜,2026-09-12,6,世界如此,田栩宁,,3:24,1A94D37C21167F8C0F2B4819EA675273,206951731,https://www.kugou.com/yy/rank/home/1-6666.html?from=rank
2026-09-12,2026-09-12T12:42:35+08:00,酷狗音乐,飙升榜,酷狗飙升榜,2026-09-12,7,善念引,卓玛朵朵,,4:23,D484AA4A3D4E81F396EB4EE081F7CAFC,196807427,https://www.kugou.com/yy/rank/home/1-6666.html?from=rank
2026-09-12,2026-09-12T12:42:35+08:00,酷狗音乐,飙升榜,酷狗飙升榜,2026-09-12,8,霸王别姬2026,李依晓,,4:15,08D37EECA62F1671ECCBE10F7B9D3F96,184440221,https://www.kugou.com/yy/rank/home/1-6666.html?from=rank
2026-09-12,2026-09-12T12:42:35+08:00,酷狗音乐,飙升榜,酷狗飙升榜,2026-09-12,9,秋风有点凉,落日微勳,,3:17,C89DC59574DAD324641634DAE2FEB215,206067605,https://www.kugou.com/yy/rank/home/1-6666.html?from=rank
2026-09-12,2026-09-12T12:42:35+08:00,酷狗音乐,飙升榜,酷狗飙升榜,2026-09-12,10,时间能不能走慢点 (青春别散场live大合唱版),7past、Allie艾梨,,4:01,D93C852279D5D83F1C466C21BA608964,206330074,https://www.kugou.com/yy/rank/home/1-6666.html?from=rank
2026-09-12,2026-09-12T12:42:35+08:00,酷狗音乐,飙升榜,酷狗飙升榜,2026-09-12,11,遗憾 (如果回到那从前),阿美呀、刘纯,,3:19,FE7CA8832ABD70BDA48A61CEC207F034,206144715,https://www.kugou.com/yy/rank/home/1-6666.html?from=rank
2026-09-12,2026-09-12T12:42:35+08:00,酷狗音乐,飙升榜,酷狗飙升榜,2026-09-12,12,琵琶曲,刘宇,,3:45,F8E49EF8D5F52FC5927B3C19C226E1EF,206315389,https://www.kugou.com/yy/rank/home/1-6666.html?from=rank
2026-09-12,2026-09-12T12:42:35+08:00,酷狗音乐,飙升榜,酷狗飙升榜,2026-09-12,13,小小院落看日落,王梓屹,,3:50,B86A07D1E1B1D7B8DB42CD472D923CCD,206003122,https://www.kugou.com/yy/rank/home/1-6666.html?from=rank
2026-09-12,2026-09-12T12:42:35+08:00,酷狗音乐,飙升榜,酷狗飙升榜,2026-09-12,14,山风山风等等我 (女声合唱版),灿哥、金钰双双、宋盐球、七喜,,3:29,2F5844F45245C4747D26EFEF91B026CC,206797971,https://www.kugou.com/yy/rank/home/1-6666.html?from=rank
2026-09-12,2026-09-12T12:42:35+08:00,酷狗音乐,飙升榜,酷狗飙升榜,2026-09-12,15,春夏秋冬,张国荣,,4:11,D7CBCDBC2AE1AD2037ABA46AC342E75E,207135505,https://www.kugou.com/yy/rank/home/1-6666.html?from=rank
2026-09-12,2026-09-12T12:42:35+08:00,酷狗音乐,飙升榜,酷狗飙升榜,2026-09-12,16,若此生缘太浅 (庄周一生梦一蝶),黄静美、亦瑶,,3:10,B2CE02B106C9FA437E1C81B096E8F7A0,206369549,https://www.kugou.com/yy/rank/home/1-6666.html?from=rank
2026-09-12,2026-09-12T12:42:35+08:00,酷狗音乐,飙升榜,酷狗飙升榜,2026-09-12,17,山风山风等等我 (自由对唱版),万海东、张小宝,,3:29,1312E27616BAAA7FAAD4FBFA048E716D,206957534,https://www.kugou.com/yy/rank/home/1-6666.html?from=rank
2026-09-12,2026-09-12T12:42:35+08:00,酷狗音乐,飙升榜,酷狗飙升榜,2026-09-12,18,你的样子 (烟嗓版),十一经典老歌,,3:17,9CF9C5DDBC66437ED5BF2EDB46FF94D8,193387171,https://www.kugou.com/yy/rank/home/1-6666.html?from=rank
2026-09-12,2026-09-12T12:42:35+08:00,酷狗音乐,飙升榜,酷狗飙升榜,2026-09-12,19,想回到小村落,DJ玖玥,,3:44,23B1E4B8333FCE80C3830E406308E1D3,202167623,https://www.kugou.com/yy/rank/home/1-6666.html?from=rank
2026-09-12,2026-09-12T12:42:35+08:00,酷狗音乐,飙升榜,酷狗飙升榜,2026-09-12,20,怪你勾了我的魂 (现场版),彭妃妃,,2:29,93B8B6EA8302B0EDF0B20B2BF07A65F7,206678506,https://www.kugou.com/yy/rank/home/1-6666.html?from=rank
2026-09-12,2026-09-12T12:42:35+08:00,酷狗音乐,飙升榜,酷狗飙升榜,2026-09-12,21,如果还会遇见,何遇Hayu、Crybird,,3:48,B740AAF49578F8F9C9E52DD560E122BF,201658284,https://www.kugou.com/yy/rank/home/1-6666.html?from=rank
2026-09-12,2026-09-12T12:42:35+08:00,酷狗音乐,飙升榜,酷狗飙升榜,2026-09-12,22,山上的山花开呀 (热门氛围版),QAQA、DD小新,,2:25,2B6392A77B3711921BF17D8EC51D58FF,206016008,https://www.kugou.com/yy/rank/home/1-6666.html?from=rank
2026-09-12,2026-09-12T12:42:35+08:00,酷狗音乐,飙升榜,酷狗飙升榜,2026-09-12,23,我羡慕山也羡慕风 (律动版),王一佳,,3:25,D475E005793519BBE98518A52C2C2048,206196282,https://www.kugou.com/yy/rank/home/2-6666.html?from=rank
2026-09-12,2026-09-12T12:42:35+08:00,酷狗音乐,飙升榜,酷狗飙升榜,2026-09-12,24,泪海 (你怎么舍得让我的泪流向海),段俊,,3:24,C990ED71F7E9FC6A11279F1D6DE8F503,206839041,https://www.kugou.com/yy/rank/home/2-6666.html?from=rank
2026-09-12,2026-09-12T12:42:35+08:00,酷狗音乐,飙升榜,酷狗飙升榜,2026-09-12,25,想你的夜起了风,文夫,,3:33,3212AE83C7C4B6271CAC986515CDF503,207055643,https://www.kugou.com/yy/rank/home/2-6666.html?from=rank
2026-09-12,2026-09-12T12:42:35+08:00,酷狗音乐,飙升榜,酷狗飙升榜,2026-09-12,26,留不住秋风留不住你,王娜,,2:58,FC776F7469350B09A711E3BFCA2281BF,207041719,https://www.kugou.com/yy/rank/home/2-6666.html?from=rank
2026-09-12,2026-09-12T12:42:35+08:00,酷狗音乐,飙升榜,酷狗飙升榜,2026-09-12,27,小尘埃,崔伟立,,3:44,E0B06D0A8AEF7A758E28D63DF2F559DF,207135633,https://www.kugou.com/yy/rank/home/2-6666.html?from=rank
2026-09-12,2026-09-12T12:42:35+08:00,酷狗音乐,飙升榜,酷狗飙升榜,2026-09-12,28,和山风小坐一会 (对唱版),方辰、老韩很哇塞,,3:43,B80388EDFE9B2E0112CC8F2B7FA88D5F,207049982,https://www.kugou.com/yy/rank/home/2-6666.html?from=rank
2026-09-12,2026-09-12T12:42:35+08:00,酷狗音乐,飙升榜,酷狗飙升榜,2026-09-12,29,拆穿,小霞,,3:57,365C579BC6436ECA01A004531ADFCE04,938970,https://www.kugou.com/yy/rank/home/2-6666.html?from=rank
2026-09-12,2026-09-12T12:42:35+08:00,酷狗音乐,飙升榜,酷狗飙升榜,2026-09-12,30,十杯酒 (敬人间),九澧阳哥,,3:38,52E0A59C72452AA7FD9B84BDEBE280A5,206274014,https://www.kugou.com/yy/rank/home/2-6666.html?from=rank
2026-09-12,2026-09-12T12:42:35+08:00,酷狗音乐,飙升榜,酷狗飙升榜,2026-09-12,31,一笔惊鸿,李佳薇,,3:46,556D8AFC51283F1C38B56BE52740C140,206054720,https://www.kugou.com/yy/rank/home/2-6666.html?from=rank
2026-09-12,2026-09-12T12:42:35+08:00,酷狗音乐,飙升榜,酷狗飙升榜,2026-09-12,32,收放自如,洋澜一,,3:29,2E31ED3E26CAED33D2D7563803FF28FB,207106910,https://www.kugou.com/yy/rank/home/2-6666.html?from=rank
2026-09-12,2026-09-12T12:42:35+08:00,酷狗音乐,飙升榜,酷狗飙升榜,2026-09-12,33,后来梅花落满南山 (微醺版),微醺落日,,3:46,57B8B7A3870D9D1026FDB5F6178F4E1A,206294629,https://www.kugou.com/yy/rank/home/2-6666.html?from=rank
2026-09-12,2026-09-12T12:42:35+08:00,酷狗音乐,飙升榜,酷狗飙升榜,2026-09-12,34,吴语,陈华耀,,4:26,75BEB7A0284FAAD9A420F87994331454,60103466,https://www.kugou.com/yy/rank/home/2-6666.html?from=rank
2026-09-12,2026-09-12T12:42:35+08:00,酷狗音乐,飙升榜,酷狗飙升榜,2026-09-12,35,不配说爱我 (氛围律动版),烟嗓船长,,3:20,4A95B35F4AAF56ADDF136E617F881007,207107651,https://www.kugou.com/yy/rank/home/2-6666.html?from=rank
2026-09-12,2026-09-12T12:42:35+08:00,酷狗音乐,飙升榜,酷狗飙升榜,2026-09-12,36,我次次挽留你句句要走,安儿陈,,2:54,189DE3D01C297653A3954B4404E31568,207055832,https://www.kugou.com/yy/rank/home/2-6666.html?from=rank
2026-09-12,2026-09-12T12:42:35+08:00,酷狗音乐,飙升榜,酷狗飙升榜,2026-09-12,37,缘浅福薄 (现场版),彭妃妃,,3:30,5610875E6C883A3A38689C2ACA0AA961,206481446,https://www.kugou.com/yy/rank/home/2-6666.html?from=rank
2026-09-12,2026-09-12T12:42:35+08:00,酷狗音乐,飙升榜,酷狗飙升榜,2026-09-12,38,The Spectre (天聋地哑 孤独怎么会是惩罚),古岛斐,,1:59,922AE853D78D309868CB5D83537B7CA5,205428156,https://www.kugou.com/yy/rank/home/2-6666.html?from=rank
2026-09-12,2026-09-12T12:42:35+08:00,酷狗音乐,飙升榜,酷狗飙升榜,2026-09-12,39,有话好好说,侯泽润,,3:20,A1ADE6999D5F828C9952ED3D58FD6FA0,207152239,https://www.kugou.com/yy/rank/home/2-6666.html?from=rank
2026-09-12,2026-09-12T12:42:35+08:00,酷狗音乐,飙升榜,酷狗飙升榜,2026-09-12,40,暗号,陈小满,,3:36,9DA0913830CC7B07E1E3FAB760049247,207154762,https://www.kugou.com/yy/rank/home/2-6666.html?from=rank
2026-09-12,2026-09-12T12:42:35+08:00,酷狗音乐,飙升榜,酷狗飙升榜,2026-09-12,41,偏,张赫煊,,3:54,F1986ED54DBDCCD2BFE9FA8ABE1F2EA1,206706813,https://www.kugou.com/yy/rank/home/2-6666.html?from=rank
2026-09-12,2026-09-12T12:42:35+08:00,酷狗音乐,飙升榜,酷狗飙升榜,2026-09-12,42,伤疤还没好就忘了疼,蔷薇团长,,4:48,0A258C1654A1829A1AAF1AF4238F51F4,48717818,https://www.kugou.com/yy/rank/home/2-6666.html?from=rank
2026-09-12,2026-09-12T12:42:35+08:00,酷狗音乐,飙升榜,酷狗飙升榜,2026-09-12,43,Passing Days (流逝的时光),GFY1994、越心,,2:47,5870BF0709DCEEEE761C18691B24ECEF,207052409,https://www.kugou.com/yy/rank/home/2-6666.html?from=rank
2026-09-12,2026-09-12T12:42:35+08:00,酷狗音乐,飙升榜,酷狗飙升榜,2026-09-12,44,最后还是信了命 (扎心版),刘阳阳,,3:17,9154440761B9A16CB9C3EC3C23D1D01D,207046070,https://www.kugou.com/yy/rank/home/2-6666.html?from=rank
2026-09-12,2026-09-12T12:42:35+08:00,酷狗音乐,飙升榜,酷狗飙升榜,2026-09-12,45,玻璃之情,张国荣,,4:44,BEBBFF981890405E3BA8D5435D6AAC40,207135505,https://www.kugou.com/yy/rank/home/3-6666.html?from=rank
2026-09-12,2026-09-12T12:42:35+08:00,酷狗音乐,飙升榜,酷狗飙升榜,2026-09-12,46,握手人生,任承浩,,4:42,D2BAA2C65921EA47244453AFEE06EB3C,194750152,https://www.kugou.com/yy/rank/home/3-6666.html?from=rank
2026-09-12,2026-09-12T12:42:35+08:00,酷狗音乐,飙升榜,酷狗飙升榜,2026-09-12,47,秋风吹的我流泪 (新版),李发发,,2:48,1475293F8C626611F01EBEBEC2885566,203899402,https://www.kugou.com/yy/rank/home/3-6666.html?from=rank
2026-09-12,2026-09-12T12:42:35+08:00,酷狗音乐,飙升榜,酷狗飙升榜,2026-09-12,48,深情只是个笑话 (烟嗓版),烟嗓船长,,3:58,F0A9E2AAA3EB65764B7F91D5558BAF42,207053558,https://www.kugou.com/yy/rank/home/3-6666.html?from=rank
2026-09-12,2026-09-12T12:42:35+08:00,酷狗音乐,飙升榜,酷狗飙升榜,2026-09-12,49,今生偶遇结尘缘 (男版),袁小袁,,3:42,E45EF3065F038F6DD3983252ADB3E7FF,207135663,https://www.kugou.com/yy/rank/home/3-6666.html?from=rank
2026-09-12,2026-09-12T12:42:35+08:00,酷狗音乐,飙升榜,酷狗飙升榜,2026-09-12,50,春痕,陈默之,,3:21,C1953076B5229DF8FF820B86062C5205,206958604,https://www.kugou.com/yy/rank/home/3-6666.html?from=rank
2026-09-12,2026-09-12T12:42:35+08:00,酷狗音乐,飙升榜,酷狗飙升榜,2026-09-12,51,是花自然香 是爱自然长,窝窝,,3:16,4DBA9D415F5D6465E729ABF6FCEE11D5,141136205,https://www.kugou.com/yy/rank/home/3-6666.html?from=rank
2026-09-12,2026-09-12T12:42:35+08:00,酷狗音乐,飙升榜,酷狗飙升榜,2026-09-12,52,落日微醺 (晚风中一杯酒),落日微醺,,4:14,CB22754AB8A0F20FCC015D0A800758CE,196517740,https://www.kugou.com/yy/rank/home/3-6666.html?from=rank
2026-09-12,2026-09-12T12:42:35+08:00,酷狗音乐,飙升榜,酷狗飙升榜,2026-09-12,53,想找一个爱我的人 (现场版),彭妃妃,,3:58,521790D1ABB01BE1F66D214B429B7813,207135530,https://www.kugou.com/yy/rank/home/3-6666.html?from=rank
2026-09-12,2026-09-12T12:42:35+08:00,酷狗音乐,飙升榜,酷狗飙升榜,2026-09-12,54,甲乙丙丁 (你我怎么两清),李佳薇,,3:30,213D580CA0BDCC28A5FDBA995FFDA106,197648995,https://www.kugou.com/yy/rank/home/3-6666.html?from=rank
2026-09-12,2026-09-12T12:42:35+08:00,酷狗音乐,飙升榜,酷狗飙升榜,2026-09-12,55,代糖,罗嘉辉、叶梓晴,,3:48,A4FD48170C21EE6D0B1EEB9930818932,206930842,https://www.kugou.com/yy/rank/home/3-6666.html?from=rank
2026-09-12,2026-09-12T12:42:35+08:00,酷狗音乐,飙升榜,酷狗飙升榜,2026-09-12,56,山风山风等等我 (对唱版),万海东、大欢,,3:29,211C34EFEF102CA5DD6BF99170D4A0B7,206776823,https://www.kugou.com/yy/rank/home/3-6666.html?from=rank
2026-09-12,2026-09-12T12:42:35+08:00,酷狗音乐,飙升榜,酷狗飙升榜,2026-09-12,57,爱到最后把你看穿 (我能百依百顺也能不闻不问),刘书云,,3:11,974486C43AD4813669D6CA2070FC9820,207083642,https://www.kugou.com/yy/rank/home/3-6666.html?from=rank
2026-09-12,2026-09-12T12:42:35+08:00,酷狗音乐,飙升榜,酷狗飙升榜,2026-09-12,58,烂尾,马师傅,,4:11,FFD451387E0708057782B4AF6AC78CF9,159535682,https://www.kugou.com/yy/rank/home/3-6666.html?from=rank
2026-09-12,2026-09-12T12:42:35+08:00,酷狗音乐,飙升榜,酷狗飙升榜,2026-09-12,59,我离开了北方不再有眼泪,烟嗓船长,,4:16,EA3A0E2BC4F6B68312E5BD05ECF97754,143380422,https://www.kugou.com/yy/rank/home/3-6666.html?from=rank
2026-09-12,2026-09-12T12:42:35+08:00,酷狗音乐,飙升榜,酷狗飙升榜,2026-09-12,60,热烈的少年 (青春版),李劲松,,3:01,D9B1BFEF1FAF5CB41D0B1586928B379A,89670706,https://www.kugou.com/yy/rank/home/3-6666.html?from=rank
2026-09-12,2026-09-12T12:42:35+08:00,酷狗音乐,飙升榜,酷狗飙升榜,2026-09-12,61,甲乙丙丁 (伤感氛围版),Suxiao,,2:29,B3082A5758028297AFA48062EF0B5FE3,202137314,https://www.kugou.com/yy/rank/home/3-6666.html?from=rank
2026-09-12,2026-09-12T12:42:35+08:00,酷狗音乐,飙升榜,酷狗飙升榜,2026-09-12,62,茶花开了，该回家了 (进行曲版),王睿卓、加木,,2:20,36CD2C3277FE6AFCD91BB1C104ABC183,206698328,https://www.kugou.com/yy/rank/home/3-6666.html?from=rank
2026-09-12,2026-09-12T12:42:35+08:00,酷狗音乐,飙升榜,酷狗飙升榜,2026-09-12,63,这最后一次的分离 (张杰 卡点版),Echo.D、拖鞋pd,,2:15,BF4FF1B7D202A610223B2C04FA541B92,203573721,https://www.kugou.com/yy/rank/home/3-6666.html?from=rank
2026-09-12,2026-09-12T12:42:35+08:00,酷狗音乐,飙升榜,酷狗飙升榜,2026-09-12,64,人,刘若英,,4:12,3431B25D7718A5DA08256B621CC94A90,42897012,https://www.kugou.com/yy/rank/home/3-6666.html?from=rank
2026-09-12,2026-09-12T12:42:35+08:00,酷狗音乐,飙升榜,酷狗飙升榜,2026-09-12,65,亲爱的做自己就好 (烟嗓版),落日烟熏,,3:31,46A632EF3DD346F0CF3F74710A1FD826,206115655,https://www.kugou.com/yy/rank/home/3-6666.html?from=rank
2026-09-12,2026-09-12T12:42:35+08:00,酷狗音乐,飙升榜,酷狗飙升榜,2026-09-12,66,因果 (抒情版),吕口口,,2:35,D84FF46F5B4BCBB324350E247E1F18A4,207096198,https://www.kugou.com/yy/rank/home/3-6666.html?from=rank
2026-09-12,2026-09-12T12:42:35+08:00,酷狗音乐,飙升榜,酷狗飙升榜,2026-09-12,67,好想给生活按下暂停,杨顺高,,3:08,8F35957807DE5580AA40D580648FB9E8,207036489,https://www.kugou.com/yy/rank/home/4-6666.html?from=rank
2026-09-12,2026-09-12T12:42:35+08:00,酷狗音乐,飙升榜,酷狗飙升榜,2026-09-12,68,观音难渡痴情人 (动感版),老韩很哇塞,,2:51,09F90DA839D1784392CA767B15DE2B12,203093396,https://www.kugou.com/yy/rank/home/4-6666.html?from=rank
2026-09-12,2026-09-12T12:42:35+08:00,酷狗音乐,飙升榜,酷狗飙升榜,2026-09-12,69,海与你 (氛围版),Key,,4:59,759387088F33C5FCA1FCCB5224D2660F,202987992,https://www.kugou.com/yy/rank/home/4-6666.html?from=rank
2026-09-12,2026-09-12T12:42:35+08:00,酷狗音乐,飙升榜,酷狗飙升榜,2026-09-12,70,醋意摇 (ABS防爆),不要等失去才懂,,2:24,BBA8EFE5DEC6B6C9C17FD36ABEF454B9,196789036,https://www.kugou.com/yy/rank/home/4-6666.html?from=rank
2026-09-12,2026-09-12T12:42:35+08:00,酷狗音乐,飙升榜,酷狗飙升榜,2026-09-12,71,凌晨十二点,烟嗓船长,,3:14,657DAB3B01B58F1C3EF18E988E7CACBF,162291961,https://www.kugou.com/yy/rank/home/4-6666.html?from=rank
2026-09-12,2026-09-12T12:42:35+08:00,酷狗音乐,飙升榜,酷狗飙升榜,2026-09-12,72,敬岁月一杯酒 (这半生转转兜兜),万海东、灯叔、草原兄弟,,3:31,1489FD62C605B6E4F8BCBADEB712248D,207080254,https://www.kugou.com/yy/rank/home/4-6666.html?from=rank
2026-09-12,2026-09-12T12:42:35+08:00,酷狗音乐,飙升榜,酷狗飙升榜,2026-09-12,73,不做情人,邓岳章,,3:25,48142C87F1248DEBA85F9284BD5F4262,65326186,https://www.kugou.com/yy/rank/home/4-6666.html?from=rank
2026-09-12,2026-09-12T12:42:35+08:00,酷狗音乐,飙升榜,酷狗飙升榜,2026-09-12,74,月亮代表我的心,张国荣,,4:12,A68BB74F37962715A728E7E2B79FDAD7,207135505,https://www.kugou.com/yy/rank/home/4-6666.html?from=rank
2026-09-12,2026-09-12T12:42:35+08:00,酷狗音乐,飙升榜,酷狗飙升榜,2026-09-12,75,岁月总是匆匆流,万海东,,3:25,9D8B6800400C8081964A71D66BBA8957,199400891,https://www.kugou.com/yy/rank/home/4-6666.html?from=rank
2026-09-12,2026-09-12T12:42:35+08:00,酷狗音乐,飙升榜,酷狗飙升榜,2026-09-12,76,总有风把你吹向远方 (演唱会现场live版),沧桑小杰office,,3:06,503D247B6AA08CDFFDF7371F7F80AAD4,205769868,https://www.kugou.com/yy/rank/home/4-6666.html?from=rank
2026-09-12,2026-09-12T12:42:35+08:00,酷狗音乐,飙升榜,酷狗飙升榜,2026-09-12,77,新的关系 (女版),是晚星呀,,2:45,0A5EED154D2F84AB9F459ACCBF7528A6,205202541,https://www.kugou.com/yy/rank/home/4-6666.html?from=rank
2026-09-12,2026-09-12T12:42:35+08:00,酷狗音乐,飙升榜,酷狗飙升榜,2026-09-12,78,虹影婆娑,茶理理理子,,3:36,2D9D5FD7F8AAD2E0C6E6ABC8FF3882BE,207026258,https://www.kugou.com/yy/rank/home/4-6666.html?from=rank
2026-09-12,2026-09-12T12:42:35+08:00,酷狗音乐,飙升榜,酷狗飙升榜,2026-09-12,79,山上的山花开呀 我才到山上来,梅兰兰、阿布学长,,2:31,B0C57FF9F5A453B7033E6746A092EC00,206071225,https://www.kugou.com/yy/rank/home/4-6666.html?from=rank
2026-09-12,2026-09-12T12:42:35+08:00,酷狗音乐,飙升榜,酷狗飙升榜,2026-09-12,80,牵千结,段奥娟,,4:11,292325C34E0A1371F78F2EBDB7D32121,207026251,https://www.kugou.com/yy/rank/home/4-6666.html?from=rank
2026-09-12,2026-09-12T12:42:35+08:00,酷狗音乐,飙升榜,酷狗飙升榜,2026-09-12,81,山风山风等等我 (兄弟对唱版),万海东、杨嘉乐,,3:29,23C19522B6B9327A90233AFA09B1BB2F,207046402,https://www.kugou.com/yy/rank/home/4-6666.html?from=rank
2026-09-12,2026-09-12T12:42:35+08:00,酷狗音乐,飙升榜,酷狗飙升榜,2026-09-12,82,爱江山更爱美人 (雷鬼版),梨子芥菜,,4:58,B332941C9F8DAC6D20C7D44B3D9F2DE7,183509679,https://www.kugou.com/yy/rank/home/4-6666.html?from=rank
2026-09-12,2026-09-12T12:42:35+08:00,酷狗音乐,飙升榜,酷狗飙升榜,2026-09-12,83,carry摇 (硬曲最高的山),心动超市,,2:49,E81A56692DA4E3835A2DAB5B44C6131D,205797490,https://www.kugou.com/yy/rank/home/4-6666.html?from=rank
2026-09-12,2026-09-12T12:42:35+08:00,酷狗音乐,飙升榜,酷狗飙升榜,2026-09-12,84,也许在下雨天 (专一合唱版),何遇Hayu、王子义,,3:48,C2EE7F8244B7633382460245EAE18101,205781515,https://www.kugou.com/yy/rank/home/4-6666.html?from=rank
2026-09-12,2026-09-12T12:42:35+08:00,酷狗音乐,飙升榜,酷狗飙升榜,2026-09-12,85,想回到小村落 (微醺版),微醺落日,,3:45,B602243BC11E6304DF497BAA41072857,204314245,https://www.kugou.com/yy/rank/home/4-6666.html?from=rank
2026-09-12,2026-09-12T12:42:35+08:00,酷狗音乐,飙升榜,酷狗飙升榜,2026-09-12,86,敬岁月一杯酒 (遗憾),韩小欠,,3:31,B3EBADE146563E483DA32D9E87BCC588,207037516,https://www.kugou.com/yy/rank/home/4-6666.html?from=rank
2026-09-12,2026-09-12T12:42:35+08:00,酷狗音乐,飙升榜,酷狗飙升榜,2026-09-12,87,简单的说话,赵十三,,3:11,19CB5C09A96F3387CC822AA1C3F1D81F,49744517,https://www.kugou.com/yy/rank/home/4-6666.html?from=rank
2026-09-12,2026-09-12T12:42:35+08:00,酷狗音乐,飙升榜,酷狗飙升榜,2026-09-12,88,像雾像云又像雨,谈柒柒,,3:47,2CBD97966BE0BACF33F593436E68D507,150976980,https://www.kugou.com/yy/rank/home/4-6666.html?from=rank
2026-09-12,2026-09-12T12:42:35+08:00,酷狗音乐,飙升榜,酷狗飙升榜,2026-09-12,89,别怕亲爱的有我呢,蓝凯路,,2:24,DA7BB5901F3D343A72FA45C7205C2FE8,167869605,https://www.kugou.com/yy/rank/home/5-6666.html?from=rank
2026-09-12,2026-09-12T12:42:35+08:00,酷狗音乐,飙升榜,酷狗飙升榜,2026-09-12,90,风浪没平息 (我宣告奔跑的意义),DJ铁柱,,2:44,07079D3E783C51CF6721EF3249537F5D,204192957,https://www.kugou.com/yy/rank/home/5-6666.html?from=rank
2026-09-12,2026-09-12T12:42:35+08:00,酷狗音乐,飙升榜,酷狗飙升榜,2026-09-12,91,我想要的以后,z阿康,,3:56,D1987C137CD49E18440F127E43C142BC,205943701,https://www.kugou.com/yy/rank/home/5-6666.html?from=rank
2026-09-12,2026-09-12T12:42:35+08:00,酷狗音乐,飙升榜,酷狗飙升榜,2026-09-12,92,飞向摇摆的爱 (节奏版),Big Cole、黑豆ado,,3:34,7CA8AEEC1458375244D5FE507924F6C9,190048255,https://www.kugou.com/yy/rank/home/5-6666.html?from=rank
2026-09-12,2026-09-12T12:42:35+08:00,酷狗音乐,飙升榜,酷狗飙升榜,2026-09-12,93,孤光,张磊,,3:55,09C1AA22D75501CB8A8ECABC5B2930B0,206923672,https://www.kugou.com/yy/rank/home/5-6666.html?from=rank
2026-09-12,2026-09-12T12:42:35+08:00,酷狗音乐,飙升榜,酷狗飙升榜,2026-09-12,94,把回忆酿成烈酒 (对唱版),李乐乐、刘书云,,3:19,5A6955F6722FC2192013483FB64D665F,207073111,https://www.kugou.com/yy/rank/home/5-6666.html?from=rank
2026-09-12,2026-09-12T12:42:35+08:00,酷狗音乐,飙升榜,酷狗飙升榜,2026-09-12,95,这个冬天没有你了 (微醺版),微醺落日,,4:14,CEB45F02583BC929ACD05312BCAC5500,206308839,https://www.kugou.com/yy/rank/home/5-6666.html?from=rank
2026-09-12,2026-09-12T12:42:35+08:00,酷狗音乐,飙升榜,酷狗飙升榜,2026-09-12,96,回到小村落 (烟嗓版),烟嗓别针plus,,3:39,B3A557C464546E69AFB5A7FBE370E6A2,203603720,https://www.kugou.com/yy/rank/home/5-6666.html?from=rank
2026-09-12,2026-09-12T12:42:35+08:00,酷狗音乐,飙升榜,酷狗飙升榜,2026-09-12,97,至少还有你 (Live 2000),张国荣,,4:27,08A8757580302BE0DBCD4C5434540F21,207135505,https://www.kugou.com/yy/rank/home/5-6666.html?from=rank
2026-09-12,2026-09-12T12:42:35+08:00,酷狗音乐,飙升榜,酷狗飙升榜,2026-09-12,98,大梦狂欢,司雨菲,,3:02,75D6A9769D5B57734ECB3254988D2BBB,198847597,https://www.kugou.com/yy/rank/home/5-6666.html?from=rank
2026-09-12,2026-09-12T12:42:35+08:00,酷狗音乐,飙升榜,酷狗飙升榜,2026-09-12,99,曾照亮我的烟火,竹颜bei,,3:31,93CA9EC75BD144A8D3CD98105AB56607,140314914,https://www.kugou.com/yy/rank/home/5-6666.html?from=rank
2026-09-12,2026-09-12T12:42:35+08:00,酷狗音乐,飙升榜,酷狗飙升榜,2026-09-12,100,梦的翅膀受了伤 (一滴一滴刺痛我的心),Roling7、拖鞋pd,,2:17,E65D397316327FA6219FD3F9CBB2CFBF,203103539,https://www.kugou.com/yy/rank/home/5-6666.html?from=rank
2026-09-12,2026-09-12T12:42:35+08:00,微博,热搜榜,微博热搜榜,,1,支付宝 假APP,互联网,热度 3089190；热,,支付宝 假APP,,https://s.weibo.com/weibo?q=%23%E6%94%AF%E4%BB%98%E5%AE%9D%20%E5%81%87APP%23
2026-09-12,2026-09-12T12:42:35+08:00,微博,热搜榜,微博热搜榜,,2,法考,教育,热度 1081589,,法考,,https://s.weibo.com/weibo?q=%23%E6%B3%95%E8%80%83%23
2026-09-12,2026-09-12T12:42:35+08:00,微博,热搜榜,微博热搜榜,,3,两场展会看中国机遇,民生新闻,热度 836144,,两场展会看中国机遇,,https://s.weibo.com/weibo?q=%23%E4%B8%A4%E5%9C%BA%E5%B1%95%E4%BC%9A%E7%9C%8B%E4%B8%AD%E5%9B%BD%E6%9C%BA%E9%81%87%23
2026-09-12,2026-09-12T12:42:35+08:00,微博,热搜榜,微博热搜榜,,4,宁波大学开学典礼突降暴雨校长只讲3句话,民生新闻,热度 288569,,宁波大学开学典礼突降暴雨校长只讲3句话,,https://s.weibo.com/weibo?q=%23%E5%AE%81%E6%B3%A2%E5%A4%A7%E5%AD%A6%E5%BC%80%E5%AD%A6%E5%85%B8%E7%A4%BC%E7%AA%81%E9%99%8D%E6%9A%B4%E9%9B%A8%E6%A0%A1%E9%95%BF%E5%8F%AA%E8%AE%B23%E5%8F%A5%E8%AF%9D%23
2026-09-12,2026-09-12T12:42:35+08:00,微博,热搜榜,微博热搜榜,,5,短剧版左耳女主是黎吧啦,电影,热度 276969；新,,短剧版左耳女主是黎吧啦,电影,https://s.weibo.com/weibo?q=%23%E7%9F%AD%E5%89%A7%E7%89%88%E5%B7%A6%E8%80%B3%E5%A5%B3%E4%B8%BB%E6%98%AF%E9%BB%8E%E5%90%A7%E5%95%A6%23
2026-09-12,2026-09-12T12:42:35+08:00,微博,热搜榜,微博热搜榜,,6,菲尔兹奖得主称AI与数学正严重错位,科学科普,热度 263852；新,,菲尔兹奖得主称AI与数学正严重错位,,https://s.weibo.com/weibo?q=%23%E8%8F%B2%E5%B0%94%E5%85%B9%E5%A5%96%E5%BE%97%E4%B8%BB%E7%A7%B0AI%E4%B8%8E%E6%95%B0%E5%AD%A6%E6%AD%A3%E4%B8%A5%E9%87%8D%E9%94%99%E4%BD%8D%23
2026-09-12,2026-09-12T12:42:35+08:00,微博,热搜榜,微博热搜榜,,7,黎吧啦许弋二搭演员,剧集,热度 212912；新,,黎吧啦许弋二搭演员,电影,https://s.weibo.com/weibo?q=%23%E9%BB%8E%E5%90%A7%E5%95%A6%E8%AE%B8%E5%BC%8B%E4%BA%8C%E6%90%AD%E6%BC%94%E5%91%98%23
2026-09-12,2026-09-12T12:42:35+08:00,微博,热搜榜,微博热搜榜,,8,关晓彤新剧里面喝的鸡汤是白开水,剧集,热度 212395,,关晓彤新剧里面喝的鸡汤是白开水,剧集,https://s.weibo.com/weibo?q=%23%E5%85%B3%E6%99%93%E5%BD%A4%E6%96%B0%E5%89%A7%E9%87%8C%E9%9D%A2%E5%96%9D%E7%9A%84%E9%B8%A1%E6%B1%A4%E6%98%AF%E7%99%BD%E5%BC%80%E6%B0%B4%23
2026-09-12,2026-09-12T12:42:35+08:00,微博,热搜榜,微博热搜榜,,9,姆巴佩称金球奖应颁给特别球员,体育,热度 211764；新,,姆巴佩称金球奖应颁给特别球员,,https://s.weibo.com/weibo?q=%23%E5%A7%86%E5%B7%B4%E4%BD%A9%E7%A7%B0%E9%87%91%E7%90%83%E5%A5%96%E5%BA%94%E9%A2%81%E7%BB%99%E7%89%B9%E5%88%AB%E7%90%83%E5%91%98%23
2026-09-12,2026-09-12T12:42:35+08:00,微博,热搜榜,微博热搜榜,,10,孙心然超越郑钦文青少年大满贯成绩,体育,热度 211171；新,,孙心然超越郑钦文青少年大满贯成绩,,https://s.weibo.com/weibo?q=%23%E5%AD%99%E5%BF%83%E7%84%B6%E8%B6%85%E8%B6%8A%E9%83%91%E9%92%A6%E6%96%87%E9%9D%92%E5%B0%91%E5%B9%B4%E5%A4%A7%E6%BB%A1%E8%B4%AF%E6%88%90%E7%BB%A9%23
2026-09-12,2026-09-12T12:42:35+08:00,微博,热搜榜,微博热搜榜,,11,郭文韬当爸,艺人,热度 210722；热,,郭文韬当爸,,https://s.weibo.com/weibo?q=%23%E9%83%AD%E6%96%87%E9%9F%AC%E5%BD%93%E7%88%B8%23
2026-09-12,2026-09-12T12:42:35+08:00,微博,热搜榜,微博热搜榜,,12,文韬全程陪伴佳佳生产vlog,艺人,热度 209958；新,,文韬全程陪伴佳佳生产vlog,['文韬'],https://s.weibo.com/weibo?q=%23%E6%96%87%E9%9F%AC%E5%85%A8%E7%A8%8B%E9%99%AA%E4%BC%B4%E4%BD%B3%E4%BD%B3%E7%94%9F%E4%BA%A7vlog%23
2026-09-12,2026-09-12T12:42:35+08:00,微博,热搜榜,微博热搜榜,,13,泰国网红僧侣已被还俗剥夺僧籍,国际时政,热度 209385,,泰国网红僧侣已被还俗剥夺僧籍,,https://s.weibo.com/weibo?q=%23%E6%B3%B0%E5%9B%BD%E7%BD%91%E7%BA%A2%E5%83%A7%E4%BE%A3%E5%B7%B2%E8%A2%AB%E8%BF%98%E4%BF%97%E5%89%A5%E5%A4%BA%E5%83%A7%E7%B1%8D%23
2026-09-12,2026-09-12T12:42:35+08:00,微博,热搜榜,微博热搜榜,,14,LadyGaga疑似代孕,艺人,热度 208899；新,,LadyGaga疑似代孕,,https://s.weibo.com/weibo?q=%23LadyGaga%E7%96%91%E4%BC%BC%E4%BB%A3%E5%AD%95%23
2026-09-12,2026-09-12T12:42:35+08:00,微博,热搜榜,微博热搜榜,,15,杨幂上线回复祝福,艺人,热度 208490；新,,杨幂上线回复祝福,['杨幂'],https://s.weibo.com/weibo?q=%23%E6%9D%A8%E5%B9%82%E4%B8%8A%E7%BA%BF%E5%9B%9E%E5%A4%8D%E7%A5%9D%E7%A6%8F%23
2026-09-12,2026-09-12T12:42:35+08:00,微博,热搜榜,微博热搜榜,,16,华为MateXT2开售即售罄,数码,热度 207873；新,,华为MateXT2开售即售罄,,https://s.weibo.com/weibo?q=%23%E5%8D%8E%E4%B8%BAMateXT2%E5%BC%80%E5%94%AE%E5%8D%B3%E5%94%AE%E7%BD%84%23
2026-09-12,2026-09-12T12:42:35+08:00,微博,热搜榜,微博热搜榜,,17,半夜宝爸将宝妈抱摔下床泡奶,"民生新闻,母婴育儿",热度 206980,,半夜宝爸将宝妈抱摔下床泡奶,,https://s.weibo.com/weibo?q=%23%E5%8D%8A%E5%A4%9C%E5%AE%9D%E7%88%B8%E5%B0%86%E5%AE%9D%E5%A6%88%E6%8A%B1%E6%91%94%E4%B8%8B%E5%BA%8A%E6%B3%A1%E5%A5%B6%23
2026-09-12,2026-09-12T12:42:35+08:00,微博,热搜榜,微博热搜榜,,18,欧阳娜娜说要把签名签到卖不出去,艺人,热度 206710,,欧阳娜娜说要把签名签到卖不出去,['欧阳娜娜'],https://s.weibo.com/weibo?q=%23%E6%AC%A7%E9%98%B3%E5%A8%9C%E5%A8%9C%E8%AF%B4%E8%A6%81%E6%8A%8A%E7%AD%BE%E5%90%8D%E7%AD%BE%E5%88%B0%E5%8D%96%E4%B8%8D%E5%87%BA%E5%8E%BB%23
2026-09-12,2026-09-12T12:42:35+08:00,微博,热搜榜,微博热搜榜,,19,谭维维早春晴朗有些情节倒回去看10遍,剧集,热度 205740；新,,谭维维早春晴朗有些情节倒回去看10遍,剧集,https://s.weibo.com/weibo?q=%23%E8%B0%AD%E7%BB%B4%E7%BB%B4%E6%97%A9%E6%98%A5%E6%99%B4%E6%9C%97%E6%9C%89%E4%BA%9B%E6%83%85%E8%8A%82%E5%80%92%E5%9B%9E%E5%8E%BB%E7%9C%8B10%E9%81%8D%23
2026-09-12,2026-09-12T12:42:35+08:00,微博,热搜榜,微博热搜榜,,20,铁头把打假变生意维权变敲诈,民生新闻,热度 205391；新,,铁头把打假变生意维权变敲诈,,https://s.weibo.com/weibo?q=%23%E9%93%81%E5%A4%B4%E6%8A%8A%E6%89%93%E5%81%87%E5%8F%98%E7%94%9F%E6%84%8F%E7%BB%B4%E6%9D%83%E5%8F%98%E6%95%B2%E8%AF%88%23
2026-09-12,2026-09-12T12:42:35+08:00,微博,热搜榜,微博热搜榜,,21,教资,教育,热度 204397,,教资,,https://s.weibo.com/weibo?q=%23%E6%95%99%E8%B5%84%23
2026-09-12,2026-09-12T12:42:35+08:00,微博,热搜榜,微博热搜榜,,22,胃癌逐渐成年轻化的原因,健康医疗,热度 204340；新,,胃癌逐渐成年轻化的原因,,https://s.weibo.com/weibo?q=%23%E8%83%83%E7%99%8C%E9%80%90%E6%B8%90%E6%88%90%E5%B9%B4%E8%BD%BB%E5%8C%96%E7%9A%84%E5%8E%9F%E5%9B%A0%23
2026-09-12,2026-09-12T12:42:35+08:00,微博,热搜榜,微博热搜榜,,23,胃病向胃癌发展有5个征兆,健康医疗,热度 204054,,胃病向胃癌发展有5个征兆,,https://s.weibo.com/weibo?q=%23%E8%83%83%E7%97%85%E5%90%91%E8%83%83%E7%99%8C%E5%8F%91%E5%B1%95%E6%9C%895%E4%B8%AA%E5%BE%81%E5%85%86%23
2026-09-12,2026-09-12T12:42:35+08:00,微博,热搜榜,微博热搜榜,,24,iPhoneDuo分屏不可调整比例,数码,热度 196326,,iPhoneDuo分屏不可调整比例,,https://s.weibo.com/weibo?q=%23iPhoneDuo%E5%88%86%E5%B1%8F%E4%B8%8D%E5%8F%AF%E8%B0%83%E6%95%B4%E6%AF%94%E4%BE%8B%23
2026-09-12,2026-09-12T12:42:35+08:00,微博,热搜榜,微博热搜榜,,25,李凯尔说中国男篮有2人不会说英语,体育,热度 179483,,李凯尔说中国男篮有2人不会说英语,,https://s.weibo.com/weibo?q=%23%E6%9D%8E%E5%87%AF%E5%B0%94%E8%AF%B4%E4%B8%AD%E5%9B%BD%E7%94%B7%E7%AF%AE%E6%9C%892%E4%BA%BA%E4%B8%8D%E4%BC%9A%E8%AF%B4%E8%8B%B1%E8%AF%AD%23
2026-09-12,2026-09-12T12:42:35+08:00,微博,热搜榜,微博热搜榜,,26,苹果 小米,数码,热度 175922,,苹果 小米,,https://s.weibo.com/weibo?q=%23%E8%8B%B9%E6%9E%9C%20%E5%B0%8F%E7%B1%B3%23
2026-09-12,2026-09-12T12:42:35+08:00,微博,热搜榜,微博热搜榜,,27,LadyGaga疑似当妈,音乐,热度 163026,,LadyGaga疑似当妈,音乐,https://s.weibo.com/weibo?q=%23LadyGaga%E7%96%91%E4%BC%BC%E5%BD%93%E5%A6%88%23
2026-09-12,2026-09-12T12:42:35+08:00,微博,热搜榜,微博热搜榜,,28,日本博主暴雨中直播在排水沟洗头,海外新闻,热度 162983；新,,日本博主暴雨中直播在排水沟洗头,,https://s.weibo.com/weibo?q=%23%E6%97%A5%E6%9C%AC%E5%8D%9A%E4%B8%BB%E6%9A%B4%E9%9B%A8%E4%B8%AD%E7%9B%B4%E6%92%AD%E5%9C%A8%E6%8E%92%E6%B0%B4%E6%B2%9F%E6%B4%97%E5%A4%B4%23
2026-09-12,2026-09-12T12:42:35+08:00,微博,热搜榜,微博热搜榜,,29,一天已经不足24小时了,科学科普,热度 162934,,一天已经不足24小时了,,https://s.weibo.com/weibo?q=%23%E4%B8%80%E5%A4%A9%E5%B7%B2%E7%BB%8F%E4%B8%8D%E8%B6%B324%E5%B0%8F%E6%97%B6%E4%BA%86%23
2026-09-12,2026-09-12T12:42:35+08:00,微博,热搜榜,微博热搜榜,,30,胡塞武装缴获大批美制装甲车,军事,热度 162895；新,,胡塞武装缴获大批美制装甲车,,https://s.weibo.com/weibo?q=%23%E8%83%A1%E5%A1%9E%E6%AD%A6%E8%A3%85%E7%BC%B4%E8%8E%B7%E5%A4%A7%E6%89%B9%E7%BE%8E%E5%88%B6%E8%A3%85%E7%94%B2%E8%BD%A6%23
2026-09-12,2026-09-12T12:42:35+08:00,微博,热搜榜,微博热搜榜,,31,刺棠 梁洁,艺人,热度 162833,,刺棠 梁洁,['梁洁'],https://s.weibo.com/weibo?q=%23%E5%88%BA%E6%A3%A0%20%E6%A2%81%E6%B4%81%23
2026-09-12,2026-09-12T12:42:35+08:00,微博,热搜榜,微博热搜榜,,32,教资作文,教育,热度 162763；新,,教资作文,,https://s.weibo.com/weibo?q=%23%E6%95%99%E8%B5%84%E4%BD%9C%E6%96%87%23
2026-09-12,2026-09-12T12:42:35+08:00,微博,热搜榜,微博热搜榜,,33,刺棠阵容官宣,剧集,热度 162687,,刺棠阵容官宣,剧集,https://s.weibo.com/weibo?q=%23%E5%88%BA%E6%A3%A0%E9%98%B5%E5%AE%B9%E5%AE%98%E5%AE%A3%23
2026-09-12,2026-09-12T12:42:35+08:00,微博,热搜榜,微博热搜榜,,34,教资科一,教育,热度 162614；新,,教资科一,,https://s.weibo.com/weibo?q=%23%E6%95%99%E8%B5%84%E7%A7%91%E4%B8%80%23
2026-09-12,2026-09-12T12:42:35+08:00,微博,热搜榜,微博热搜榜,,35,卢昱晓张凌赫身高差,"艺人,剧集",热度 162582；新,,卢昱晓张凌赫身高差,"['张凌赫', '卢昱晓']",https://s.weibo.com/weibo?q=%23%E5%8D%A2%E6%98%B1%E6%99%93%E5%BC%A0%E5%87%8C%E8%B5%AB%E8%BA%AB%E9%AB%98%E5%B7%AE%23
2026-09-12,2026-09-12T12:42:35+08:00,微博,热搜榜,微博热搜榜,,36,蒋丽莎曝陈浩民曾给前女友买房,艺人,热度 162532,,蒋丽莎曝陈浩民曾给前女友买房,"['蒋丽莎', '陈浩民']",https://s.weibo.com/weibo?q=%23%E8%92%8B%E4%B8%BD%E8%8E%8E%E6%9B%9D%E9%99%88%E6%B5%A9%E6%B0%91%E6%9B%BE%E7%BB%99%E5%89%8D%E5%A5%B3%E5%8F%8B%E4%B9%B0%E6%88%BF%23
2026-09-12,2026-09-12T12:42:35+08:00,微博,热搜榜,微博热搜榜,,37,有家可回的感觉真的太踏实了,情感,热度 155666；新,,有家可回的感觉真的太踏实了,,https://s.weibo.com/weibo?q=%23%E6%9C%89%E5%AE%B6%E5%8F%AF%E5%9B%9E%E7%9A%84%E6%84%9F%E8%A7%89%E7%9C%9F%E7%9A%84%E5%A4%AA%E8%B8%8F%E5%AE%9E%E4%BA%86%23
2026-09-12,2026-09-12T12:42:35+08:00,微博,热搜榜,微博热搜榜,,38,王俊凯23年长文现在依旧有效,艺人,热度 153138,,王俊凯23年长文现在依旧有效,['王俊凯'],https://s.weibo.com/weibo?q=%23%E7%8E%8B%E4%BF%8A%E5%87%AF23%E5%B9%B4%E9%95%BF%E6%96%87%E7%8E%B0%E5%9C%A8%E4%BE%9D%E6%97%A7%E6%9C%89%E6%95%88%23
2026-09-12,2026-09-12T12:42:35+08:00,微博,热搜榜,微博热搜榜,,39,刺棠,剧集,热度 152041,,刺棠,剧集,https://s.weibo.com/weibo?q=%23%E5%88%BA%E6%A3%A0%23
2026-09-12,2026-09-12T12:42:35+08:00,微博,热搜榜,微博热搜榜,,40,举报后遭轮番查是巧合还是报复,民生新闻,热度 137806；新,,举报后遭轮番查是巧合还是报复,,https://s.weibo.com/weibo?q=%23%E4%B8%BE%E6%8A%A5%E5%90%8E%E9%81%AD%E8%BD%AE%E7%95%AA%E6%9F%A5%E6%98%AF%E5%B7%A7%E5%90%88%E8%BF%98%E6%98%AF%E6%8A%A5%E5%A4%8D%23
2026-09-12,2026-09-12T12:42:35+08:00,微博,热搜榜,微博热搜榜,,41,张凌赫李卿逐玉后二搭,剧集,热度 136573；新,,张凌赫李卿逐玉后二搭,剧集,https://s.weibo.com/weibo?q=%23%E5%BC%A0%E5%87%8C%E8%B5%AB%E6%9D%8E%E5%8D%BF%E9%80%90%E7%8E%89%E5%90%8E%E4%BA%8C%E6%90%AD%23
2026-09-12,2026-09-12T12:42:35+08:00,微博,热搜榜,微博热搜榜,,42,称遭公职人员性侵女子发声,民生新闻,热度 135078；新,,称遭公职人员性侵女子发声,,https://s.weibo.com/weibo?q=%23%E7%A7%B0%E9%81%AD%E5%85%AC%E8%81%8C%E4%BA%BA%E5%91%98%E6%80%A7%E4%BE%B5%E5%A5%B3%E5%AD%90%E5%8F%91%E5%A3%B0%23
2026-09-12,2026-09-12T12:42:35+08:00,微博,热搜榜,微博热搜榜,,43,女演员被指卖韭菜盒子,民生新闻,热度 133364,,女演员被指卖韭菜盒子,,https://s.weibo.com/weibo?q=%23%E5%A5%B3%E6%BC%94%E5%91%98%E8%A2%AB%E6%8C%87%E5%8D%96%E9%9F%AD%E8%8F%9C%E7%9B%92%E5%AD%90%23
2026-09-12,2026-09-12T12:42:35+08:00,微博,热搜榜,微博热搜榜,,44,白鹿红秀九月刊封面,时尚,热度 133003；新,,白鹿红秀九月刊封面,['白鹿'],https://s.weibo.com/weibo?q=%23%E7%99%BD%E9%B9%BF%E7%BA%A2%E7%A7%80%E4%B9%9D%E6%9C%88%E5%88%8A%E5%B0%81%E9%9D%A2%23
2026-09-12,2026-09-12T12:42:35+08:00,微博,热搜榜,微博热搜榜,,45,2026KPL夏决首发名单,电竞,热度 132851；新,,2026KPL夏决首发名单,,https://s.weibo.com/weibo?q=%232026KPL%E5%A4%8F%E5%86%B3%E9%A6%96%E5%8F%91%E5%90%8D%E5%8D%95%23
2026-09-12,2026-09-12T12:42:35+08:00,微博,热搜榜,微博热搜榜,,46,宜宾警方复核镇干部被指强奸案,民生新闻,热度 132587,,宜宾警方复核镇干部被指强奸案,,https://s.weibo.com/weibo?q=%23%E5%AE%9C%E5%AE%BE%E8%AD%A6%E6%96%B9%E5%A4%8D%E6%A0%B8%E9%95%87%E5%B9%B2%E9%83%A8%E8%A2%AB%E6%8C%87%E5%BC%BA%E5%A5%B8%E6%A1%88%23
2026-09-12,2026-09-12T12:42:35+08:00,微博,热搜榜,微博热搜榜,,47,铁头案宣判现场有人叫嚣老子不服,辟谣/通报,热度 130880；新,,铁头案宣判现场有人叫嚣老子不服,,https://s.weibo.com/weibo?q=%23%E9%93%81%E5%A4%B4%E6%A1%88%E5%AE%A3%E5%88%A4%E7%8E%B0%E5%9C%BA%E6%9C%89%E4%BA%BA%E5%8F%AB%E5%9A%A3%E8%80%81%E5%AD%90%E4%B8%8D%E6%9C%8D%23
2026-09-12,2026-09-12T12:42:35+08:00,微博,热搜榜,微博热搜榜,,48,凡人修仙传,动漫,热度 128386；新,,凡人修仙传,,https://s.weibo.com/weibo?q=%23%E5%87%A1%E4%BA%BA%E4%BF%AE%E4%BB%99%E4%BC%A0%23
2026-09-12,2026-09-12T12:42:35+08:00,微博,热搜榜,微博热搜榜,,49,刺棠首发概念片,剧集,热度 122751；新,,刺棠首发概念片,剧集,https://s.weibo.com/weibo?q=%23%E5%88%BA%E6%A3%A0%E9%A6%96%E5%8F%91%E6%A6%82%E5%BF%B5%E7%89%87%23
2026-09-12,2026-09-12T12:42:35+08:00,微博,热搜榜,微博热搜榜,,50,日本博主在排水沟洗头后高烧尿血,海外新闻,热度 122663；新,,日本博主在排水沟洗头后高烧尿血,,https://s.weibo.com/weibo?q=%23%E6%97%A5%E6%9C%AC%E5%8D%9A%E4%B8%BB%E5%9C%A8%E6%8E%92%E6%B0%B4%E6%B2%9F%E6%B4%97%E5%A4%B4%E5%90%8E%E9%AB%98%E7%83%A7%E5%B0%BF%E8%A1%80%23
2026-09-12,2026-09-12T12:42:35+08:00,微博,文娱热搜榜,微博热搜榜-文娱条目,,1,短剧版左耳女主是黎吧啦,电影,总榜排名 4；热度 279785；新,,短剧版左耳女主是黎吧啦,电影,https://s.weibo.com/weibo?q=%23%E7%9F%AD%E5%89%A7%E7%89%88%E5%B7%A6%E8%80%B3%E5%A5%B3%E4%B8%BB%E6%98%AF%E9%BB%8E%E5%90%A7%E5%95%A6%23
2026-09-12,2026-09-12T12:42:35+08:00,微博,文娱热搜榜,微博热搜榜-文娱条目,,2,黎吧啦许弋二搭演员,剧集,总榜排名 7；热度 215202；新,,黎吧啦许弋二搭演员,电影,https://s.weibo.com/weibo?q=%23%E9%BB%8E%E5%90%A7%E5%95%A6%E8%AE%B8%E5%BC%8B%E4%BA%8C%E6%90%AD%E6%BC%94%E5%91%98%23
2026-09-12,2026-09-12T12:42:35+08:00,微博,文娱热搜榜,微博热搜榜-文娱条目,,3,关晓彤新剧里面喝的鸡汤是白开水,剧集,总榜排名 8；热度 214820,,关晓彤新剧里面喝的鸡汤是白开水,剧集,https://s.weibo.com/weibo?q=%23%E5%85%B3%E6%99%93%E5%BD%A4%E6%96%B0%E5%89%A7%E9%87%8C%E9%9D%A2%E5%96%9D%E7%9A%84%E9%B8%A1%E6%B1%A4%E6%98%AF%E7%99%BD%E5%BC%80%E6%B0%B4%23
2026-09-12,2026-09-12T12:42:35+08:00,微博,文娱热搜榜,微博热搜榜-文娱条目,,4,郭文韬当爸,艺人,总榜排名 11；热度 213141；热,,郭文韬当爸,,https://s.weibo.com/weibo?q=%23%E9%83%AD%E6%96%87%E9%9F%AC%E5%BD%93%E7%88%B8%23
2026-09-12,2026-09-12T12:42:35+08:00,微博,文娱热搜榜,微博热搜榜-文娱条目,,5,文韬全程陪伴佳佳生产vlog,艺人,总榜排名 12；热度 212578；新,,文韬全程陪伴佳佳生产vlog,['文韬'],https://s.weibo.com/weibo?q=%23%E6%96%87%E9%9F%AC%E5%85%A8%E7%A8%8B%E9%99%AA%E4%BC%B4%E4%BD%B3%E4%BD%B3%E7%94%9F%E4%BA%A7vlog%23
2026-09-12,2026-09-12T12:42:35+08:00,微博,文娱热搜榜,微博热搜榜-文娱条目,,6,LadyGaga疑似代孕,艺人,总榜排名 14；热度 211727；新,,LadyGaga疑似代孕,,https://s.weibo.com/weibo?q=%23LadyGaga%E7%96%91%E4%BC%BC%E4%BB%A3%E5%AD%95%23
2026-09-12,2026-09-12T12:42:35+08:00,微博,文娱热搜榜,微博热搜榜-文娱条目,,7,杨幂上线回复祝福,艺人,总榜排名 15；热度 211169；新,,杨幂上线回复祝福,['杨幂'],https://s.weibo.com/weibo?q=%23%E6%9D%A8%E5%B9%82%E4%B8%8A%E7%BA%BF%E5%9B%9E%E5%A4%8D%E7%A5%9D%E7%A6%8F%23
2026-09-12,2026-09-12T12:42:35+08:00,微博,文娱热搜榜,微博热搜榜-文娱条目,,8,欧阳娜娜说要把签名签到卖不出去,艺人,总榜排名 17；热度 210051,,欧阳娜娜说要把签名签到卖不出去,['欧阳娜娜'],https://s.weibo.com/weibo?q=%23%E6%AC%A7%E9%98%B3%E5%A8%9C%E5%A8%9C%E8%AF%B4%E8%A6%81%E6%8A%8A%E7%AD%BE%E5%90%8D%E7%AD%BE%E5%88%B0%E5%8D%96%E4%B8%8D%E5%87%BA%E5%8E%BB%23
2026-09-12,2026-09-12T12:42:35+08:00,微博,文娱热搜榜,微博热搜榜-文娱条目,,9,LadyGaga疑似当妈,音乐,总榜排名 19；热度 209027,,LadyGaga疑似当妈,音乐,https://s.weibo.com/weibo?q=%23LadyGaga%E7%96%91%E4%BC%BC%E5%BD%93%E5%A6%88%23
2026-09-12,2026-09-12T12:42:35+08:00,微博,文娱热搜榜,微博热搜榜-文娱条目,,10,谭维维早春晴朗有些情节倒回去看10遍,剧集,总榜排名 20；热度 208484；新,,谭维维早春晴朗有些情节倒回去看10遍,剧集,https://s.weibo.com/weibo?q=%23%E8%B0%AD%E7%BB%B4%E7%BB%B4%E6%97%A9%E6%98%A5%E6%99%B4%E6%9C%97%E6%9C%89%E4%BA%9B%E6%83%85%E8%8A%82%E5%80%92%E5%9B%9E%E5%8E%BB%E7%9C%8B10%E9%81%8D%23
2026-09-12,2026-09-12T12:42:35+08:00,微博,文娱热搜榜,微博热搜榜-文娱条目,,11,蒋丽莎曝陈浩民曾给前女友买房,艺人,总榜排名 28；热度 158027,,蒋丽莎曝陈浩民曾给前女友买房,"['蒋丽莎', '陈浩民']",https://s.weibo.com/weibo?q=%23%E8%92%8B%E4%B8%BD%E8%8E%8E%E6%9B%9D%E9%99%88%E6%B5%A9%E6%B0%91%E6%9B%BE%E7%BB%99%E5%89%8D%E5%A5%B3%E5%8F%8B%E4%B9%B0%E6%88%BF%23
2026-09-12,2026-09-12T12:42:35+08:00,微博,文娱热搜榜,微博热搜榜-文娱条目,,12,刺棠 梁洁,艺人,总榜排名 32；热度 157624,,刺棠 梁洁,['梁洁'],https://s.weibo.com/weibo?q=%23%E5%88%BA%E6%A3%A0%20%E6%A2%81%E6%B4%81%23
2026-09-12,2026-09-12T12:42:35+08:00,微博,文娱热搜榜,微博热搜榜-文娱条目,,13,刺棠阵容官宣,剧集,总榜排名 34；热度 157313,,刺棠阵容官宣,剧集,https://s.weibo.com/weibo?q=%23%E5%88%BA%E6%A3%A0%E9%98%B5%E5%AE%B9%E5%AE%98%E5%AE%A3%23
2026-09-12,2026-09-12T12:42:35+08:00,微博,文娱热搜榜,微博热搜榜-文娱条目,,14,卢昱晓张凌赫身高差,"艺人,剧集",总榜排名 36；热度 157068；新,,卢昱晓张凌赫身高差,"['张凌赫', '卢昱晓']",https://s.weibo.com/weibo?q=%23%E5%8D%A2%E6%98%B1%E6%99%93%E5%BC%A0%E5%87%8C%E8%B5%AB%E8%BA%AB%E9%AB%98%E5%B7%AE%23
2026-09-12,2026-09-12T12:42:35+08:00,微博,文娱热搜榜,微博热搜榜-文娱条目,,15,王俊凯23年长文现在依旧有效,艺人,总榜排名 38；热度 153620,,王俊凯23年长文现在依旧有效,['王俊凯'],https://s.weibo.com/weibo?q=%23%E7%8E%8B%E4%BF%8A%E5%87%AF23%E5%B9%B4%E9%95%BF%E6%96%87%E7%8E%B0%E5%9C%A8%E4%BE%9D%E6%97%A7%E6%9C%89%E6%95%88%23
2026-09-12,2026-09-12T12:42:35+08:00,微博,文娱热搜榜,微博热搜榜-文娱条目,,16,刺棠,剧集,总榜排名 39；热度 151395,,刺棠,剧集,https://s.weibo.com/weibo?q=%23%E5%88%BA%E6%A3%A0%23
2026-09-12,2026-09-12T12:42:35+08:00,微博,文娱热搜榜,微博热搜榜-文娱条目,,17,张凌赫李卿逐玉后二搭,剧集,总榜排名 42；热度 133800；新,,张凌赫李卿逐玉后二搭,剧集,https://s.weibo.com/weibo?q=%23%E5%BC%A0%E5%87%8C%E8%B5%AB%E6%9D%8E%E5%8D%BF%E9%80%90%E7%8E%89%E5%90%8E%E4%BA%8C%E6%90%AD%23
2026-09-12,2026-09-12T12:42:35+08:00,微博,文娱热搜榜,微博热搜榜-文娱条目,,18,凡人修仙传,动漫,总榜排名 50；热度 124575；新,,凡人修仙传,,https://s.weibo.com/weibo?q=%23%E5%87%A1%E4%BA%BA%E4%BF%AE%E4%BB%99%E4%BC%A0%23
