snapshot_date,captured_at,platform,chart,official_chart,platform_date,rank,song_name,artist,chart_metric,duration,song_id,album_id,source_url
2026-07-24,2026-07-24T15:42:55+08:00,QQ音乐,热歌榜,热歌榜,2026-07-24,1,甲乙丙丁 (你我怎么两清),李佳薇,0,,696262512,00446QRA1fTdqA,https://y.qq.com/n/ryqq/toplist/26
2026-07-24,2026-07-24T15:42:55+08:00,QQ音乐,热歌榜,热歌榜,2026-07-24,2,无人之岛,任然,上升 2,,203452364,002lMPc30c4rOO,https://y.qq.com/n/ryqq/toplist/26
2026-07-24,2026-07-24T15:42:55+08:00,QQ音乐,热歌榜,热歌榜,2026-07-24,3,失眠,Suki刘舒妤,0,,4733575,002xCeeN4EJ1Ke,https://y.qq.com/n/ryqq/toplist/26
2026-07-24,2026-07-24T15:42:55+08:00,QQ音乐,热歌榜,热歌榜,2026-07-24,4,樱花草,Sweety,下降 2,,481456,000pKXff1doeOd,https://y.qq.com/n/ryqq/toplist/26
2026-07-24,2026-07-24T15:42:55+08:00,QQ音乐,热歌榜,热歌榜,2026-07-24,5,ANGEL (天使),尹美莱 (윤미래)/Tiger JK/Bizzy (비지),0,,101138130,000qiKcT05rSr9,https://y.qq.com/n/ryqq/toplist/26
2026-07-24,2026-07-24T15:42:55+08:00,QQ音乐,热歌榜,热歌榜,2026-07-24,6,耳朵,JOSHUA (조슈아),新进,,709301315,002PtA2u0hqulV,https://y.qq.com/n/ryqq/toplist/26
2026-07-24,2026-07-24T15:42:55+08:00,QQ音乐,热歌榜,热歌榜,2026-07-24,7,恋人,李荣浩,0,,496054946,004HaG7p4ZkhXA,https://y.qq.com/n/ryqq/toplist/26
2026-07-24,2026-07-24T15:42:55+08:00,QQ音乐,热歌榜,热歌榜,2026-07-24,8,雨爱,杨丞琳,0,,645819,000jcKFG0sQrD0,https://y.qq.com/n/ryqq/toplist/26
2026-07-24,2026-07-24T15:42:55+08:00,QQ音乐,热歌榜,热歌榜,2026-07-24,9,阴天,莫文蔚,0,,4830345,000hTTJN3oScZr,https://y.qq.com/n/ryqq/toplist/26
2026-07-24,2026-07-24T15:42:55+08:00,QQ音乐,热歌榜,热歌榜,2026-07-24,10,空心 (Live),黄霄雲/刘端端,下降 4,,708620814,0041Hhx80wRmCK,https://y.qq.com/n/ryqq/toplist/26
2026-07-24,2026-07-24T15:42:55+08:00,QQ音乐,热歌榜,热歌榜,2026-07-24,11,我怀念的,孙燕姿,上升 1,,5211338,000P3l050Olt27,https://y.qq.com/n/ryqq/toplist/26
2026-07-24,2026-07-24T15:42:55+08:00,QQ音乐,热歌榜,热歌榜,2026-07-24,12,雨过后的风景,Dizzy Dizzo (蔡诗芸),下降 2,,1960263,0038xSkp1EcVBf,https://y.qq.com/n/ryqq/toplist/26
2026-07-24,2026-07-24T15:42:55+08:00,QQ音乐,热歌榜,热歌榜,2026-07-24,13,盛夏的果实,莫文蔚,上升 2,,4830161,000KeV8l1PIjxt,https://y.qq.com/n/ryqq/toplist/26
2026-07-24,2026-07-24T15:42:55+08:00,QQ音乐,热歌榜,热歌榜,2026-07-24,14,爱错,王力宏,下降 3,,105905415,002ElVxf43rOue,https://y.qq.com/n/ryqq/toplist/26
2026-07-24,2026-07-24T15:42:55+08:00,QQ音乐,热歌榜,热歌榜,2026-07-24,15,讨厌,芮恩,下降 2,,138194,001EFkTG1wgW4n,https://y.qq.com/n/ryqq/toplist/26
2026-07-24,2026-07-24T15:42:55+08:00,QQ音乐,热歌榜,热歌榜,2026-07-24,16,Always Online,林俊杰,下降 2,,447257,002g6zv02X7SNi,https://y.qq.com/n/ryqq/toplist/26
2026-07-24,2026-07-24T15:42:55+08:00,QQ音乐,热歌榜,热歌榜,2026-07-24,17,唯一,G.E.M. 邓紫棋,下降 1,,438910555,002d6m7k0xCbSv,https://y.qq.com/n/ryqq/toplist/26
2026-07-24,2026-07-24T15:42:55+08:00,QQ音乐,热歌榜,热歌榜,2026-07-24,18,我不难过,孙燕姿,上升 6,,8136,004VSvF52mQoQp,https://y.qq.com/n/ryqq/toplist/26
2026-07-24,2026-07-24T15:42:55+08:00,QQ音乐,热歌榜,热歌榜,2026-07-24,19,特别的人,方大同,下降 2,,5293866,000GvdTR0qcKh8,https://y.qq.com/n/ryqq/toplist/26
2026-07-24,2026-07-24T15:42:55+08:00,QQ音乐,热歌榜,热歌榜,2026-07-24,20,情歌,梁静茹,下降 1,,462188,002E4IXe1ESUij,https://y.qq.com/n/ryqq/toplist/26
2026-07-24,2026-07-24T15:42:55+08:00,QQ音乐,热歌榜,热歌榜,2026-07-24,21,演员,薛之谦,下降 3,,102636799,003y8dsH2wBHlo,https://y.qq.com/n/ryqq/toplist/26
2026-07-24,2026-07-24T15:42:55+08:00,QQ音乐,热歌榜,热歌榜,2026-07-24,22,红色高跟鞋,蔡健雅,下降 1,,624649,002dOge41xlS8x,https://y.qq.com/n/ryqq/toplist/26
2026-07-24,2026-07-24T15:42:55+08:00,QQ音乐,热歌榜,热歌榜,2026-07-24,23,春娇与志明,街道办GDC/欧阳耀莹,下降 3,,205357640,000lrXyA0MlEEo,https://y.qq.com/n/ryqq/toplist/26
2026-07-24,2026-07-24T15:42:55+08:00,QQ音乐,热歌榜,热歌榜,2026-07-24,24,Beauty And A Beat,Justin Bieber/Nicki Minaj,上升 1,,1473252,002XddZv4cGsXb,https://y.qq.com/n/ryqq/toplist/26
2026-07-24,2026-07-24T15:42:55+08:00,QQ音乐,热歌榜,热歌榜,2026-07-24,25,江南,林俊杰,下降 2,,9063002,000y5gq7449K9I,https://y.qq.com/n/ryqq/toplist/26
2026-07-24,2026-07-24T15:42:55+08:00,QQ音乐,热歌榜,热歌榜,2026-07-24,26,离开我的依赖,王艳薇,下降 4,,253383943,004CSyAN1oc97b,https://y.qq.com/n/ryqq/toplist/26
2026-07-24,2026-07-24T15:42:55+08:00,QQ音乐,热歌榜,热歌榜,2026-07-24,27,其实,薛之谦,0,,104775877,000QgFcm0v8WaF,https://y.qq.com/n/ryqq/toplist/26
2026-07-24,2026-07-24T15:42:55+08:00,QQ音乐,热歌榜,热歌榜,2026-07-24,28,我们俩,郭顶,0,,105413206,003sMyYb4HZAAz,https://y.qq.com/n/ryqq/toplist/26
2026-07-24,2026-07-24T15:42:55+08:00,QQ音乐,热歌榜,热歌榜,2026-07-24,29,Copines,Aya Nakamura,0,,221075279,000cg2qP1c8ceJ,https://y.qq.com/n/ryqq/toplist/26
2026-07-24,2026-07-24T15:42:55+08:00,QQ音乐,热歌榜,热歌榜,2026-07-24,30,开始懂了,孙燕姿,上升 2,,5646,004KRIQr1oCp2A,https://y.qq.com/n/ryqq/toplist/26
2026-07-24,2026-07-24T15:42:55+08:00,QQ音乐,热歌榜,热歌榜,2026-07-24,31,心墙,郭静,下降 1,,474797,003EHcB24J8t9Z,https://y.qq.com/n/ryqq/toplist/26
2026-07-24,2026-07-24T15:42:55+08:00,QQ音乐,热歌榜,热歌榜,2026-07-24,32,街道,林俊杰,下降 6,,447258,002g6zv02X7SNi,https://y.qq.com/n/ryqq/toplist/26
2026-07-24,2026-07-24T15:42:55+08:00,QQ音乐,热歌榜,热歌榜,2026-07-24,33,多远都要在一起,G.E.M. 邓紫棋,0,,102174489,003c616O2Zlswm,https://y.qq.com/n/ryqq/toplist/26
2026-07-24,2026-07-24T15:42:55+08:00,QQ音乐,热歌榜,热歌榜,2026-07-24,34,偏爱,张芸京,下降 3,,473137,003ha6C92GRuVE,https://y.qq.com/n/ryqq/toplist/26
2026-07-24,2026-07-24T15:42:55+08:00,QQ音乐,热歌榜,热歌榜,2026-07-24,35,富士山下,陈奕迅,上升 3,,260678,004Z85XP1c25b7,https://y.qq.com/n/ryqq/toplist/26
2026-07-24,2026-07-24T15:42:55+08:00,QQ音乐,热歌榜,热歌榜,2026-07-24,36,后会无期,徐良/汪苏泷,下降 2,,7112743,002apRhZ4Bq99d,https://y.qq.com/n/ryqq/toplist/26
2026-07-24,2026-07-24T15:42:55+08:00,QQ音乐,热歌榜,热歌榜,2026-07-24,37,素颜,许嵩/何曼婷,下降 1,,101813361,0035f8nw11cjkf,https://y.qq.com/n/ryqq/toplist/26
2026-07-24,2026-07-24T15:42:55+08:00,QQ音乐,热歌榜,热歌榜,2026-07-24,38,坏女孩,徐良/小凌,上升 2,,7112749,002apRhZ4Bq99d,https://y.qq.com/n/ryqq/toplist/26
2026-07-24,2026-07-24T15:42:55+08:00,QQ音乐,热歌榜,热歌榜,2026-07-24,39,晴天,周杰伦,下降 2,,97773,000MkMni19ClKG,https://y.qq.com/n/ryqq/toplist/26
2026-07-24,2026-07-24T15:42:55+08:00,QQ音乐,热歌榜,热歌榜,2026-07-24,40,Baby,Justin Bieber/Ludacris,下降 5,,203644381,002TfnxG2yN1na,https://y.qq.com/n/ryqq/toplist/26
2026-07-24,2026-07-24T15:42:55+08:00,QQ音乐,热歌榜,热歌榜,2026-07-24,41,背对背拥抱,林俊杰,下降 2,,648231,002C0kX720gMQi,https://y.qq.com/n/ryqq/toplist/26
2026-07-24,2026-07-24T15:42:55+08:00,QQ音乐,热歌榜,热歌榜,2026-07-24,42,遇见,孙燕姿,上升 3,,8145,002ehzTm0TxXC2,https://y.qq.com/n/ryqq/toplist/26
2026-07-24,2026-07-24T15:42:55+08:00,QQ音乐,热歌榜,热歌榜,2026-07-24,43,绛色的爱,张艺兴,新进,,697611953,001w138z3PZEcz,https://y.qq.com/n/ryqq/toplist/26
2026-07-24,2026-07-24T15:42:55+08:00,QQ音乐,热歌榜,热歌榜,2026-07-24,44,海阔天空,BEYOND,上升 3,,4835784,002qcJuX3lO3EZ,https://y.qq.com/n/ryqq/toplist/26
2026-07-24,2026-07-24T15:42:55+08:00,QQ音乐,热歌榜,热歌榜,2026-07-24,45,最佳损友,陈奕迅,上升 1,,1338414,002FT46H18G1jW,https://y.qq.com/n/ryqq/toplist/26
2026-07-24,2026-07-24T15:42:55+08:00,QQ音乐,热歌榜,热歌榜,2026-07-24,46,不将就,李荣浩,下降 4,,102367085,001fi1zG0EjU2u,https://y.qq.com/n/ryqq/toplist/26
2026-07-24,2026-07-24T15:42:55+08:00,QQ音乐,热歌榜,热歌榜,2026-07-24,47,你有没有真的爱过我,阿图表妹,下降 4,,663654314,003dkz1e31kMCF,https://y.qq.com/n/ryqq/toplist/26
2026-07-24,2026-07-24T15:42:55+08:00,QQ音乐,热歌榜,热歌榜,2026-07-24,48,瞬,郑润泽,下降 4,,422061155,001qvyI10urb5z,https://y.qq.com/n/ryqq/toplist/26
2026-07-24,2026-07-24T15:42:55+08:00,QQ音乐,热歌榜,热歌榜,2026-07-24,49,十年,陈奕迅,下降 1,,4830342,000GDz8k03UOaI,https://y.qq.com/n/ryqq/toplist/26
2026-07-24,2026-07-24T15:42:55+08:00,QQ音乐,热歌榜,热歌榜,2026-07-24,50,美人鱼,林俊杰,0,,95292,000y5gq7449K9I,https://y.qq.com/n/ryqq/toplist/26
2026-07-24,2026-07-24T15:42:55+08:00,QQ音乐,热歌榜,热歌榜,2026-07-24,51,泡沫,G.E.M. 邓紫棋,上升 1,,1530858,002YFufr4bXZyI,https://y.qq.com/n/ryqq/toplist/26
2026-07-24,2026-07-24T15:42:55+08:00,QQ音乐,热歌榜,热歌榜,2026-07-24,52,天外来物,薛之谦,下降 3,,272125057,000K9Zp13TZp5s,https://y.qq.com/n/ryqq/toplist/26
2026-07-24,2026-07-24T15:42:55+08:00,QQ音乐,热歌榜,热歌榜,2026-07-24,53,你要的全拿走,胡彦斌,上升 2,,212808217,001eyHlv2fu50T,https://y.qq.com/n/ryqq/toplist/26
2026-07-24,2026-07-24T15:42:55+08:00,QQ音乐,热歌榜,热歌榜,2026-07-24,54,Fever Pitch,Richz,下降 3,,650672929,0013EMSw3bvHuu,https://y.qq.com/n/ryqq/toplist/26
2026-07-24,2026-07-24T15:42:55+08:00,QQ音乐,热歌榜,热歌榜,2026-07-24,55,麦恩莉,方大同,下降 2,,2550926,000ih4iv3HCmno,https://y.qq.com/n/ryqq/toplist/26
2026-07-24,2026-07-24T15:42:55+08:00,QQ音乐,热歌榜,热歌榜,2026-07-24,56,认真的雪,薛之谦,下降 2,,1333803,003mUYW22JXKVK,https://y.qq.com/n/ryqq/toplist/26
2026-07-24,2026-07-24T15:42:55+08:00,QQ音乐,热歌榜,热歌榜,2026-07-24,57,Letting Go,蔡健雅,下降 1,,1030353,001aC9dM35U6KB,https://y.qq.com/n/ryqq/toplist/26
2026-07-24,2026-07-24T15:42:55+08:00,QQ音乐,热歌榜,热歌榜,2026-07-24,58,修炼爱情,林俊杰,下降 1,,5063375,001gqOnU3DTg2S,https://y.qq.com/n/ryqq/toplist/26
2026-07-24,2026-07-24T15:42:55+08:00,QQ音乐,热歌榜,热歌榜,2026-07-24,59,半壶纱,刘珂矣,上升 1,,7048773,0009EZjm1c7iQe,https://y.qq.com/n/ryqq/toplist/26
2026-07-24,2026-07-24T15:42:55+08:00,QQ音乐,热歌榜,热歌榜,2026-07-24,60,爱情讯息,郭静,下降 2,,876549,003PKZMI1Wyx1A,https://y.qq.com/n/ryqq/toplist/26
2026-07-24,2026-07-24T15:42:55+08:00,QQ音乐,热歌榜,热歌榜,2026-07-24,61,可不可以,张紫豪,0,,213958134,004VR1w241uBhB,https://y.qq.com/n/ryqq/toplist/26
2026-07-24,2026-07-24T15:42:55+08:00,QQ音乐,热歌榜,热歌榜,2026-07-24,62,至少还有你,林忆莲,上升 3,,102204563,001JqgRv0mRHEQ,https://y.qq.com/n/ryqq/toplist/26
2026-07-24,2026-07-24T15:42:55+08:00,QQ音乐,热歌榜,热歌榜,2026-07-24,63,最后一页,江语晨,上升 1,,721636,003FO4XF40Ky8L,https://y.qq.com/n/ryqq/toplist/26
2026-07-24,2026-07-24T15:42:55+08:00,QQ音乐,热歌榜,热歌榜,2026-07-24,64,如果爱忘了 (Live),汪苏泷/单依纯,上升 5,,471040573,001rd1S93gcWUF,https://y.qq.com/n/ryqq/toplist/26
2026-07-24,2026-07-24T15:42:55+08:00,QQ音乐,热歌榜,热歌榜,2026-07-24,65,倒数,G.E.M. 邓紫棋,下降 2,,215540451,003cKIKZ1J4Yyu,https://y.qq.com/n/ryqq/toplist/26
2026-07-24,2026-07-24T15:42:55+08:00,QQ音乐,热歌榜,热歌榜,2026-07-24,66,幻听,许嵩,上升 80,,1531817,004RbL3b0BDIe2,https://y.qq.com/n/ryqq/toplist/26
2026-07-24,2026-07-24T15:42:55+08:00,QQ音乐,热歌榜,热歌榜,2026-07-24,67,吹吹山顶的风,巴扎黑,下降 26,,704031733,003fdCjM2I4CYg,https://y.qq.com/n/ryqq/toplist/26
2026-07-24,2026-07-24T15:42:55+08:00,QQ音乐,热歌榜,热歌榜,2026-07-24,68,那些你很冒险的梦,林俊杰,0,,102388808,002PQCmo2azasb,https://y.qq.com/n/ryqq/toplist/26
2026-07-24,2026-07-24T15:42:55+08:00,QQ音乐,热歌榜,热歌榜,2026-07-24,69,第57次取消发送,菲菲公主（陆绮菲）,下降 10,,560063927,000KrDC019mc82,https://y.qq.com/n/ryqq/toplist/26
2026-07-24,2026-07-24T15:42:55+08:00,QQ音乐,热歌榜,热歌榜,2026-07-24,70,如愿,王菲,下降 3,,326584182,004Kbn3m2HV9Y3,https://y.qq.com/n/ryqq/toplist/26
2026-07-24,2026-07-24T15:42:55+08:00,QQ音乐,热歌榜,热歌榜,2026-07-24,71,黄昏,周传雄,上升 7,,526713,001U6x8f2uJhig,https://y.qq.com/n/ryqq/toplist/26
2026-07-24,2026-07-24T15:42:55+08:00,QQ音乐,热歌榜,热歌榜,2026-07-24,72,街角的晚风,陈小春,上升 3,,622453461,0028jKt80PGmlB,https://y.qq.com/n/ryqq/toplist/26
2026-07-24,2026-07-24T15:42:55+08:00,QQ音乐,热歌榜,热歌榜,2026-07-24,73,会呼吸的痛,梁静茹,下降 11,,411228,002oy2Mp3I8Rgo,https://y.qq.com/n/ryqq/toplist/26
2026-07-24,2026-07-24T15:42:55+08:00,QQ音乐,热歌榜,热歌榜,2026-07-24,74,出现又离开 (Live),梁博,下降 2,,231594573,000eQZ1q4g6AsF,https://y.qq.com/n/ryqq/toplist/26
2026-07-24,2026-07-24T15:42:55+08:00,QQ音乐,热歌榜,热歌榜,2026-07-24,75,如果可以,韦礼安,上升 2,,330977131,003WBcyJ1siUkh,https://y.qq.com/n/ryqq/toplist/26
2026-07-24,2026-07-24T15:42:55+08:00,QQ音乐,热歌榜,热歌榜,2026-07-24,76,愿与愁,林俊杰,下降 10,,405007729,004ZOIop1doXru,https://y.qq.com/n/ryqq/toplist/26
2026-07-24,2026-07-24T15:42:55+08:00,QQ音乐,热歌榜,热歌榜,2026-07-24,77,静音恋人 (两颗缠绕的心),礼越,上升 46,,655822815,0002luCJ26Yi4n,https://y.qq.com/n/ryqq/toplist/26
2026-07-24,2026-07-24T15:42:55+08:00,QQ音乐,热歌榜,热歌榜,2026-07-24,78,勇气,梁静茹,下降 5,,4830164,001DEgPu1004bl,https://y.qq.com/n/ryqq/toplist/26
2026-07-24,2026-07-24T15:42:55+08:00,QQ音乐,热歌榜,热歌榜,2026-07-24,79,Love Story,Taylor Swift,上升 1,,639141,002Q1XUj3HBAzw,https://y.qq.com/n/ryqq/toplist/26
2026-07-24,2026-07-24T15:42:55+08:00,QQ音乐,热歌榜,热歌榜,2026-07-24,80,一样的月光,徐佳莹,下降 1,,7063423,000cchEp2CGNEf,https://y.qq.com/n/ryqq/toplist/26
2026-07-24,2026-07-24T15:42:55+08:00,QQ音乐,热歌榜,热歌榜,2026-07-24,81,我知道,BY2,上升 5,,470336,001P410a0Iq4K0,https://y.qq.com/n/ryqq/toplist/26
2026-07-24,2026-07-24T15:42:55+08:00,QQ音乐,热歌榜,热歌榜,2026-07-24,82,爱我还是他,陶喆,下降 11,,7211247,003ofGzS3C23Ow,https://y.qq.com/n/ryqq/toplist/26
2026-07-24,2026-07-24T15:42:55+08:00,QQ音乐,热歌榜,热歌榜,2026-07-24,83,句号,G.E.M. 邓紫棋,下降 7,,247347346,0049MVh824D7bM,https://y.qq.com/n/ryqq/toplist/26
2026-07-24,2026-07-24T15:42:55+08:00,QQ音乐,热歌榜,热歌榜,2026-07-24,84,红尘客栈,周杰伦,下降 2,,5177680,003Ow85E3pnoqi,https://y.qq.com/n/ryqq/toplist/26
2026-07-24,2026-07-24T15:42:55+08:00,QQ音乐,热歌榜,热歌榜,2026-07-24,85,IF YOU,BIGBANG (빅뱅),下降 1,,102793935,001xpUdt2jEjWu,https://y.qq.com/n/ryqq/toplist/26
2026-07-24,2026-07-24T15:42:55+08:00,QQ音乐,热歌榜,热歌榜,2026-07-24,86,一个人想着一个人,曾沛慈,下降 12,,4716045,003wP0m32WRVql,https://y.qq.com/n/ryqq/toplist/26
2026-07-24,2026-07-24T15:42:55+08:00,QQ音乐,热歌榜,热歌榜,2026-07-24,87,夏天的风,温岚,上升 9,,140269,001LB0Mp3zyU1Z,https://y.qq.com/n/ryqq/toplist/26
2026-07-24,2026-07-24T15:42:55+08:00,QQ音乐,热歌榜,热歌榜,2026-07-24,88,夏夜最后的烟火,颜人中,上升 1,,459088908,002tspXk0JB6qZ,https://y.qq.com/n/ryqq/toplist/26
2026-07-24,2026-07-24T15:42:55+08:00,QQ音乐,热歌榜,热歌榜,2026-07-24,89,小半,陈粒,下降 2,,107762070,004fAhFe0fdHYF,https://y.qq.com/n/ryqq/toplist/26
2026-07-24,2026-07-24T15:42:55+08:00,QQ音乐,热歌榜,热歌榜,2026-07-24,90,我们的歌,王力宏,上升 1,,102193483,002Zwh5p4HgecI,https://y.qq.com/n/ryqq/toplist/26
2026-07-24,2026-07-24T15:42:55+08:00,QQ音乐,热歌榜,热歌榜,2026-07-24,91,恶作剧,王蓝茵,上升 4,,257621,0031ftBk2foLzq,https://y.qq.com/n/ryqq/toplist/26
2026-07-24,2026-07-24T15:42:55+08:00,QQ音乐,热歌榜,热歌榜,2026-07-24,92,后来的我们,五月天,下降 4,,107709592,002fRO0N4FftzY,https://y.qq.com/n/ryqq/toplist/26
2026-07-24,2026-07-24T15:42:55+08:00,QQ音乐,热歌榜,热歌榜,2026-07-24,93,下一个天亮,郭静,下降 1,,876541,003PKZMI1Wyx1A,https://y.qq.com/n/ryqq/toplist/26
2026-07-24,2026-07-24T15:42:55+08:00,QQ音乐,热歌榜,热歌榜,2026-07-24,94,NIGHT DANCER,imase,下降 9,,372025766,002M1v7j4B5Yf7,https://y.qq.com/n/ryqq/toplist/26
2026-07-24,2026-07-24T15:42:55+08:00,QQ音乐,热歌榜,热歌榜,2026-07-24,95,海屿你 (破碎版),白慕寒,下降 25,,638781692,004XiRpR3QMgTR,https://y.qq.com/n/ryqq/toplist/26
2026-07-24,2026-07-24T15:42:55+08:00,QQ音乐,热歌榜,热歌榜,2026-07-24,96,有何不可,许嵩,下降 6,,102296985,002KSDg90IaScI,https://y.qq.com/n/ryqq/toplist/26
2026-07-24,2026-07-24T15:42:55+08:00,QQ音乐,热歌榜,热歌榜,2026-07-24,97,孤独患者,陈奕迅,下降 3,,1021078,003YQ8lP3NBXKl,https://y.qq.com/n/ryqq/toplist/26
2026-07-24,2026-07-24T15:42:55+08:00,QQ音乐,热歌榜,热歌榜,2026-07-24,98,后来,刘若英,上升 2,,4830150,0017zqT34WuQwa,https://y.qq.com/n/ryqq/toplist/26
2026-07-24,2026-07-24T15:42:55+08:00,QQ音乐,热歌榜,热歌榜,2026-07-24,99,同花顺,林倛玉,上升 8,,103970682,004789lA4cH3Kq,https://y.qq.com/n/ryqq/toplist/26
2026-07-24,2026-07-24T15:42:55+08:00,QQ音乐,热歌榜,热歌榜,2026-07-24,100,妥协,蔡依林,下降 19,,469217,003G0veA193M3O,https://y.qq.com/n/ryqq/toplist/26
2026-07-24,2026-07-24T15:42:55+08:00,QQ音乐,飙升榜,飙升榜,2026-07-24,1,耳朵,JOSHUA (조슈아),热度 88%,,709301315,002PtA2u0hqulV,https://y.qq.com/n/ryqq/toplist/62
2026-07-24,2026-07-24T15:42:55+08:00,QQ音乐,飙升榜,飙升榜,2026-07-24,2,甲乙丙丁 (你我怎么两清),李佳薇,热度 21%,,696262512,00446QRA1fTdqA,https://y.qq.com/n/ryqq/toplist/62
2026-07-24,2026-07-24T15:42:55+08:00,QQ音乐,飙升榜,飙升榜,2026-07-24,3,绛色的爱,张艺兴,热度 17%,,697611953,001w138z3PZEcz,https://y.qq.com/n/ryqq/toplist/62
2026-07-24,2026-07-24T15:42:55+08:00,QQ音乐,飙升榜,飙升榜,2026-07-24,4,KISS N TELL,aespa (에스파),热度 16%,,710110979,001XxyUp4Wkbbt,https://y.qq.com/n/ryqq/toplist/62
2026-07-24,2026-07-24T15:42:55+08:00,QQ音乐,飙升榜,飙升榜,2026-07-24,5,泪海,许茹芸,热度 12%,,106585340,001Ugmj01giuzO,https://y.qq.com/n/ryqq/toplist/62
2026-07-24,2026-07-24T15:42:55+08:00,QQ音乐,飙升榜,飙升榜,2026-07-24,6,无人之岛,任然,热度 9%,,203452364,002lMPc30c4rOO,https://y.qq.com/n/ryqq/toplist/62
2026-07-24,2026-07-24T15:42:55+08:00,QQ音乐,飙升榜,飙升榜,2026-07-24,7,童话,光良,热度 8%,,4830267,002AaUF60cnS3w,https://y.qq.com/n/ryqq/toplist/62
2026-07-24,2026-07-24T15:42:55+08:00,QQ音乐,飙升榜,飙升榜,2026-07-24,8,Orbit Pop,aespa (에스파),热度 7%,,710110996,001XxyUp4Wkbbt,https://y.qq.com/n/ryqq/toplist/62
2026-07-24,2026-07-24T15:42:55+08:00,QQ音乐,飙升榜,飙升榜,2026-07-24,9,我不难过,孙燕姿,热度 7%,,8136,004VSvF52mQoQp,https://y.qq.com/n/ryqq/toplist/62
2026-07-24,2026-07-24T15:42:55+08:00,QQ音乐,飙升榜,飙升榜,2026-07-24,10,幻听,许嵩,热度 6%,,1531817,004RbL3b0BDIe2,https://y.qq.com/n/ryqq/toplist/62
2026-07-24,2026-07-24T15:42:55+08:00,QQ音乐,飙升榜,飙升榜,2026-07-24,11,Fangirl,aespa (에스파),热度 6%,,710110980,001XxyUp4Wkbbt,https://y.qq.com/n/ryqq/toplist/62
2026-07-24,2026-07-24T15:42:55+08:00,QQ音乐,飙升榜,飙升榜,2026-07-24,12,词不达意,林忆莲,热度 6%,,167545,001PPU2o2fOzcs,https://y.qq.com/n/ryqq/toplist/62
2026-07-24,2026-07-24T15:42:55+08:00,QQ音乐,飙升榜,飙升榜,2026-07-24,13,Done with Rules,aespa (에스파),热度 6%,,710110969,001XxyUp4Wkbbt,https://y.qq.com/n/ryqq/toplist/62
2026-07-24,2026-07-24T15:42:55+08:00,QQ音乐,飙升榜,飙升榜,2026-07-24,14,贴心,梁咏琪,热度 5%,,709042218,003mTx4M2vjsxl,https://y.qq.com/n/ryqq/toplist/62
2026-07-24,2026-07-24T15:42:55+08:00,QQ音乐,飙升榜,飙升榜,2026-07-24,15,梦幻诛仙,汪苏泷,热度 5%,,109108877,0030iuSu0jDwnF,https://y.qq.com/n/ryqq/toplist/62
2026-07-24,2026-07-24T15:42:55+08:00,QQ音乐,飙升榜,飙升榜,2026-07-24,16,In Halo,aespa (에스파),热度 5%,,710111009,001XxyUp4Wkbbt,https://y.qq.com/n/ryqq/toplist/62
2026-07-24,2026-07-24T15:42:55+08:00,QQ音乐,飙升榜,飙升榜,2026-07-24,17,Ketchup And Lemonade (NINGNING Solo),aespa (에스파),热度 5%,,617605493,001y8dkK03QlP8,https://y.qq.com/n/ryqq/toplist/62
2026-07-24,2026-07-24T15:42:55+08:00,QQ音乐,飙升榜,飙升榜,2026-07-24,18,Whiplash,aespa (에스파),热度 5%,,526191277,004fDvtA0IopKG,https://y.qq.com/n/ryqq/toplist/62
2026-07-24,2026-07-24T15:42:55+08:00,QQ音乐,飙升榜,飙升榜,2026-07-24,19,UP (KARINA Solo),aespa (에스파),热度 4%,,523824051,000yshrK19xj1F,https://y.qq.com/n/ryqq/toplist/62
2026-07-24,2026-07-24T15:42:55+08:00,QQ音乐,飙升榜,飙升榜,2026-07-24,20,พูดจริง,MEYOU,热度 4%,,277400832,0039Ffyg1PRq9c,https://y.qq.com/n/ryqq/toplist/62
2026-07-24,2026-07-24T15:42:55+08:00,QQ音乐,飙升榜,飙升榜,2026-07-24,21,岸边客,夏子航（2603）,热度 4%,,604768553,000JKgts2c7S5f,https://y.qq.com/n/ryqq/toplist/62
2026-07-24,2026-07-24T15:42:55+08:00,QQ音乐,飙升榜,飙升榜,2026-07-24,22,I love you so,王赫野,热度 4%,,688806234,004CULjA2BpuA8,https://y.qq.com/n/ryqq/toplist/62
2026-07-24,2026-07-24T15:42:55+08:00,QQ音乐,飙升榜,飙升榜,2026-07-24,23,ANGEL (天使),尹美莱 (윤미래)/Tiger JK/Bizzy (비지),热度 4%,,101138130,000qiKcT05rSr9,https://y.qq.com/n/ryqq/toplist/62
2026-07-24,2026-07-24T15:42:55+08:00,QQ音乐,飙升榜,飙升榜,2026-07-24,24,静音恋人 (两颗缠绕的心),礼越,热度 4%,,655822815,0002luCJ26Yi4n,https://y.qq.com/n/ryqq/toplist/62
2026-07-24,2026-07-24T15:42:55+08:00,QQ音乐,飙升榜,飙升榜,2026-07-24,25,失眠,Suki刘舒妤,热度 3%,,4733575,002xCeeN4EJ1Ke,https://y.qq.com/n/ryqq/toplist/62
2026-07-24,2026-07-24T15:42:55+08:00,QQ音乐,飙升榜,飙升榜,2026-07-24,26,慢冷 (Live),李荣浩,热度 3%,,370148568,000QVv8i2dXoC2,https://y.qq.com/n/ryqq/toplist/62
2026-07-24,2026-07-24T15:42:55+08:00,QQ音乐,飙升榜,飙升榜,2026-07-24,27,爱不释手,李丽芬,热度 3%,,4830391,002YJHf81WqxA1,https://y.qq.com/n/ryqq/toplist/62
2026-07-24,2026-07-24T15:42:55+08:00,QQ音乐,飙升榜,飙升榜,2026-07-24,28,ATTITUDE,aespa (에스파),热度 3%,,710110997,001XxyUp4Wkbbt,https://y.qq.com/n/ryqq/toplist/62
2026-07-24,2026-07-24T15:42:55+08:00,QQ音乐,飙升榜,飙升榜,2026-07-24,29,听说当初你找过我 (lucky小阳版),魏佳艺,热度 3%,,699336860,002Nv9SE35k1LX,https://y.qq.com/n/ryqq/toplist/62
2026-07-24,2026-07-24T15:42:55+08:00,QQ音乐,飙升榜,飙升榜,2026-07-24,30,K歌之王 (粤语),陈奕迅,热度 3%,,4907901,002X5NAN24f6TQ,https://y.qq.com/n/ryqq/toplist/62
2026-07-24,2026-07-24T15:42:55+08:00,QQ音乐,飙升榜,飙升榜,2026-07-24,31,忘情牛肉面,马健涛,热度 3%,,244566708,002lZQct26V3rb,https://y.qq.com/n/ryqq/toplist/62
2026-07-24,2026-07-24T15:42:55+08:00,QQ音乐,飙升榜,飙升榜,2026-07-24,32,盛夏的果实,莫文蔚,热度 3%,,4830161,000KeV8l1PIjxt,https://y.qq.com/n/ryqq/toplist/62
2026-07-24,2026-07-24T15:42:55+08:00,QQ音乐,飙升榜,飙升榜,2026-07-24,33,思念是一种病,张震岳/蔡健雅,热度 3%,,103697658,0044oT0A0isMzR,https://y.qq.com/n/ryqq/toplist/62
2026-07-24,2026-07-24T15:42:55+08:00,QQ音乐,飙升榜,飙升榜,2026-07-24,34,我被困在一场梦里,澈清/听潮阁,热度 3%,,709778806,001I2NE61C0ZfF,https://y.qq.com/n/ryqq/toplist/62
2026-07-24,2026-07-24T15:42:55+08:00,QQ音乐,飙升榜,飙升榜,2026-07-24,35,知了,陈默之,热度 3%,,482500528,000fHDnB1K1Hcf,https://y.qq.com/n/ryqq/toplist/62
2026-07-24,2026-07-24T15:42:55+08:00,QQ音乐,飙升榜,飙升榜,2026-07-24,36,问爱 (Live),Yamy郭颖,热度 3%,,708731126,002rEW0o1Q8Xxs,https://y.qq.com/n/ryqq/toplist/62
2026-07-24,2026-07-24T15:42:55+08:00,QQ音乐,飙升榜,飙升榜,2026-07-24,37,GOOD STUFF (KARINA Solo),aespa (에스파),热度 3%,,617605446,001y8dkK03QlP8,https://y.qq.com/n/ryqq/toplist/62
2026-07-24,2026-07-24T15:42:55+08:00,QQ音乐,飙升榜,飙升榜,2026-07-24,38,我怀念的,孙燕姿,热度 3%,,5211338,000P3l050Olt27,https://y.qq.com/n/ryqq/toplist/62
2026-07-24,2026-07-24T15:42:55+08:00,QQ音乐,飙升榜,飙升榜,2026-07-24,39,庸人自娱,胡大强,热度 3%,,528507098,0033BpuK0hx2j2,https://y.qq.com/n/ryqq/toplist/62
2026-07-24,2026-07-24T15:42:55+08:00,QQ音乐,飙升榜,飙升榜,2026-07-24,40,有些,颜人中,热度 3%,,277677595,002eL6lK2JEV1D,https://y.qq.com/n/ryqq/toplist/62
2026-07-24,2026-07-24T15:42:55+08:00,QQ音乐,飙升榜,飙升榜,2026-07-24,41,intentions (Explicit),starfall,热度 3%,,467376250,001Zzz9d1lBBSV,https://y.qq.com/n/ryqq/toplist/62
2026-07-24,2026-07-24T15:42:55+08:00,QQ音乐,飙升榜,飙升榜,2026-07-24,42,李白,李荣浩,热度 3%,,5016168,004AhJHV3slLjN,https://y.qq.com/n/ryqq/toplist/62
2026-07-24,2026-07-24T15:42:55+08:00,QQ音乐,飙升榜,飙升榜,2026-07-24,43,我的歌声里,曲婉婷,热度 2%,,1319051,001ZEgp33CTpK9,https://y.qq.com/n/ryqq/toplist/62
2026-07-24,2026-07-24T15:42:55+08:00,QQ音乐,飙升榜,飙升榜,2026-07-24,44,开始懂了,孙燕姿,热度 2%,,5646,004KRIQr1oCp2A,https://y.qq.com/n/ryqq/toplist/62
2026-07-24,2026-07-24T15:42:55+08:00,QQ音乐,飙升榜,飙升榜,2026-07-24,45,樱花草,Sweety,热度 2%,,481456,000pKXff1doeOd,https://y.qq.com/n/ryqq/toplist/62
2026-07-24,2026-07-24T15:42:55+08:00,QQ音乐,飙升榜,飙升榜,2026-07-24,46,Copines,Aya Nakamura,热度 2%,,221075279,000cg2qP1c8ceJ,https://y.qq.com/n/ryqq/toplist/62
2026-07-24,2026-07-24T15:42:55+08:00,QQ音乐,飙升榜,飙升榜,2026-07-24,47,明天过后,张杰,热度 2%,,273032694,000pVkCf3KsUQ9,https://y.qq.com/n/ryqq/toplist/62
2026-07-24,2026-07-24T15:42:55+08:00,QQ音乐,飙升榜,飙升榜,2026-07-24,48,在深秋,阿悄,热度 2%,,7158392,0031LVXe0DRIxZ,https://y.qq.com/n/ryqq/toplist/62
2026-07-24,2026-07-24T15:42:55+08:00,QQ音乐,飙升榜,飙升榜,2026-07-24,49,Because of You,Kelly Clarkson,热度 2%,,314621,004UNgYb3KIfqN,https://y.qq.com/n/ryqq/toplist/62
2026-07-24,2026-07-24T15:42:55+08:00,QQ音乐,飙升榜,飙升榜,2026-07-24,50,一场游戏一场梦,王杰,热度 2%,,228688,0026DG8k3Fw488,https://y.qq.com/n/ryqq/toplist/62
2026-07-24,2026-07-24T15:42:55+08:00,QQ音乐,飙升榜,飙升榜,2026-07-24,51,如果爱忘了 (Live),汪苏泷/单依纯,热度 2%,,471040573,001rd1S93gcWUF,https://y.qq.com/n/ryqq/toplist/62
2026-07-24,2026-07-24T15:42:55+08:00,QQ音乐,飙升榜,飙升榜,2026-07-24,52,遇见,孙燕姿,热度 2%,,8145,002ehzTm0TxXC2,https://y.qq.com/n/ryqq/toplist/62
2026-07-24,2026-07-24T15:42:55+08:00,QQ音乐,飙升榜,飙升榜,2026-07-24,53,可一可再,陈奕迅/eason and the duo band,热度 2%,,215368718,002hU81Y0FOVki,https://y.qq.com/n/ryqq/toplist/62
2026-07-24,2026-07-24T15:42:55+08:00,QQ音乐,飙升榜,飙升榜,2026-07-24,54,同花顺,林倛玉,热度 2%,,103970682,004789lA4cH3Kq,https://y.qq.com/n/ryqq/toplist/62
2026-07-24,2026-07-24T15:42:55+08:00,QQ音乐,飙升榜,飙升榜,2026-07-24,55,英雄出处,高冷,热度 2%,,704000163,001AdgKi38NQEK,https://y.qq.com/n/ryqq/toplist/62
2026-07-24,2026-07-24T15:42:55+08:00,QQ音乐,飙升榜,飙升榜,2026-07-24,56,hate that i made you love me,Ariana Grande,热度 2%,,670505076,0014xj9b2cxvnZ,https://y.qq.com/n/ryqq/toplist/62
2026-07-24,2026-07-24T15:42:55+08:00,QQ音乐,飙升榜,飙升榜,2026-07-24,57,Drama,aespa (에스파),热度 2%,,448414010,002tmC8K4eQEGq,https://y.qq.com/n/ryqq/toplist/62
2026-07-24,2026-07-24T15:42:55+08:00,QQ音乐,飙升榜,飙升榜,2026-07-24,58,天黑黑,孙燕姿,热度 2%,,5211222,002UZ9ob4Ecg0S,https://y.qq.com/n/ryqq/toplist/62
2026-07-24,2026-07-24T15:42:55+08:00,QQ音乐,飙升榜,飙升榜,2026-07-24,59,红色高跟鞋,蔡健雅,热度 2%,,624649,002dOge41xlS8x,https://y.qq.com/n/ryqq/toplist/62
2026-07-24,2026-07-24T15:42:55+08:00,QQ音乐,飙升榜,飙升榜,2026-07-24,60,等风回 (微醺对唱版),404Hz/Echo.D,热度 2%,,709941199,000jXgBl3JmDtZ,https://y.qq.com/n/ryqq/toplist/62
2026-07-24,2026-07-24T15:42:55+08:00,QQ音乐,飙升榜,飙升榜,2026-07-24,61,原点,孙燕姿/蔡健雅,热度 2%,,5206,002BeK7Q2i3uo2,https://y.qq.com/n/ryqq/toplist/62
2026-07-24,2026-07-24T15:42:55+08:00,QQ音乐,飙升榜,飙升榜,2026-07-24,62,春娇与志明,街道办GDC/欧阳耀莹,热度 2%,,205357640,000lrXyA0MlEEo,https://y.qq.com/n/ryqq/toplist/62
2026-07-24,2026-07-24T15:42:55+08:00,QQ音乐,飙升榜,飙升榜,2026-07-24,63,星星点灯,郑智化,热度 2%,,4829634,000jgw9C2ubt5U,https://y.qq.com/n/ryqq/toplist/62
2026-07-24,2026-07-24T15:42:55+08:00,QQ音乐,飙升榜,飙升榜,2026-07-24,64,404 (New Era),KiiiKiii,热度 2%,,635981294,004B6OBw2GR4SE,https://y.qq.com/n/ryqq/toplist/62
2026-07-24,2026-07-24T15:42:55+08:00,QQ音乐,飙升榜,飙升榜,2026-07-24,65,樱花草 (治愈版),许晰晰,热度 2%,,709795174,001lcdPF1ELKY4,https://y.qq.com/n/ryqq/toplist/62
2026-07-24,2026-07-24T15:42:55+08:00,QQ音乐,飙升榜,飙升榜,2026-07-24,66,梦幻诛仙,张碧晨,热度 2%,,109009889,000hLSoW0jFYYf,https://y.qq.com/n/ryqq/toplist/62
2026-07-24,2026-07-24T15:42:55+08:00,QQ音乐,飙升榜,飙升榜,2026-07-24,67,像风一样,薛之谦,热度 2%,,207323048,001L7UIu3GXVtT,https://y.qq.com/n/ryqq/toplist/62
2026-07-24,2026-07-24T15:42:55+08:00,QQ音乐,飙升榜,飙升榜,2026-07-24,68,LEMONADE (Zedd Remix),aespa (에스파)/Zedd,热度 2%,,672316637,00443NDb1P8vEZ,https://y.qq.com/n/ryqq/toplist/62
2026-07-24,2026-07-24T15:42:55+08:00,QQ音乐,飙升榜,飙升榜,2026-07-24,69,春泥,庾澄庆,热度 2%,,14988,004AnyL73LCOJP,https://y.qq.com/n/ryqq/toplist/62
2026-07-24,2026-07-24T15:42:55+08:00,QQ音乐,飙升榜,飙升榜,2026-07-24,70,下一个天亮,郭静,热度 2%,,876541,003PKZMI1Wyx1A,https://y.qq.com/n/ryqq/toplist/62
2026-07-24,2026-07-24T15:42:55+08:00,QQ音乐,飙升榜,飙升榜,2026-07-24,71,缠,那英,热度 2%,,708701057,003mTx4M2vjsxl,https://y.qq.com/n/ryqq/toplist/62
2026-07-24,2026-07-24T15:42:55+08:00,QQ音乐,飙升榜,飙升榜,2026-07-24,72,炙光,张碧晨/侯明昊,热度 2%,,706233557,001RoiSL4Ba6LB,https://y.qq.com/n/ryqq/toplist/62
2026-07-24,2026-07-24T15:42:55+08:00,QQ音乐,飙升榜,飙升榜,2026-07-24,73,心如止水,Ice Paper,热度 2%,,231571087,003Yg4g04XAF4K,https://y.qq.com/n/ryqq/toplist/62
2026-07-24,2026-07-24T15:42:55+08:00,QQ音乐,飙升榜,飙升榜,2026-07-24,74,逆光,孙燕姿,热度 2%,,5211334,000P3l050Olt27,https://y.qq.com/n/ryqq/toplist/62
2026-07-24,2026-07-24T15:42:55+08:00,QQ音乐,飙升榜,飙升榜,2026-07-24,75,我是真的爱上你,王杰,热度 2%,,4829909,0038ogD80A3PUH,https://y.qq.com/n/ryqq/toplist/62
2026-07-24,2026-07-24T15:42:55+08:00,QQ音乐,飙升榜,飙升榜,2026-07-24,76,绿光,孙燕姿,热度 2%,,5651,004U2Cn83dZlWt,https://y.qq.com/n/ryqq/toplist/62
2026-07-24,2026-07-24T15:42:55+08:00,QQ音乐,飙升榜,飙升榜,2026-07-24,77,Thirsty,aespa (에스파),热度 2%,,410958886,000QrWz92buRr2,https://y.qq.com/n/ryqq/toplist/62
2026-07-24,2026-07-24T15:42:55+08:00,QQ音乐,飙升榜,飙升榜,2026-07-24,78,爱，很简单,陶喆,热度 2%,,7090,003ROVwj4PqLPa,https://y.qq.com/n/ryqq/toplist/62
2026-07-24,2026-07-24T15:42:55+08:00,QQ音乐,飙升榜,飙升榜,2026-07-24,79,庙堂之外,陈楚生,热度 1%,,589694978,000mfJaE1YzGON,https://y.qq.com/n/ryqq/toplist/62
2026-07-24,2026-07-24T15:42:55+08:00,QQ音乐,飙升榜,飙升榜,2026-07-24,80,倒数,G.E.M. 邓紫棋,热度 1%,,215540451,003cKIKZ1J4Yyu,https://y.qq.com/n/ryqq/toplist/62
2026-07-24,2026-07-24T15:42:55+08:00,QQ音乐,飙升榜,飙升榜,2026-07-24,81,LEMONADE (Zedd Extended Mix),aespa (에스파)/Zedd,热度 1%,,707264198,000nkqje38Xz21,https://y.qq.com/n/ryqq/toplist/62
2026-07-24,2026-07-24T15:42:55+08:00,QQ音乐,飙升榜,飙升榜,2026-07-24,82,妥协（王俊凯live）,茉莉雨.,热度 1%,,710171495,004TmGaU4g7Ijw,https://y.qq.com/n/ryqq/toplist/62
2026-07-24,2026-07-24T15:42:55+08:00,QQ音乐,飙升榜,飙升榜,2026-07-24,83,摩天动物园,G.E.M. 邓紫棋,热度 1%,,247298283,0049MVh824D7bM,https://y.qq.com/n/ryqq/toplist/62
2026-07-24,2026-07-24T15:42:55+08:00,QQ音乐,飙升榜,飙升榜,2026-07-24,84,The Other Side Of Paradise (Explicit),Glass Animals,热度 1%,,319782348,001eucpH3ZIJnM,https://y.qq.com/n/ryqq/toplist/62
2026-07-24,2026-07-24T15:42:55+08:00,QQ音乐,飙升榜,飙升榜,2026-07-24,85,RUDE!,Hearts2Hearts,热度 1%,,641295468,001CTUur2ZO6k8,https://y.qq.com/n/ryqq/toplist/62
2026-07-24,2026-07-24T15:42:55+08:00,QQ音乐,飙升榜,飙升榜,2026-07-24,86,坏天气,孙燕姿,热度 1%,,5644,004KRIQr1oCp2A,https://y.qq.com/n/ryqq/toplist/62
2026-07-24,2026-07-24T15:42:55+08:00,QQ音乐,飙升榜,飙升榜,2026-07-24,87,手放开,李圣杰,热度 1%,,4830262,000PqsbU0ZdEk8,https://y.qq.com/n/ryqq/toplist/62
2026-07-24,2026-07-24T15:42:55+08:00,QQ音乐,飙升榜,飙升榜,2026-07-24,88,Supernova,aespa (에스파),热度 1%,,488428556,002vx0xQ2nxOnr,https://y.qq.com/n/ryqq/toplist/62
2026-07-24,2026-07-24T15:42:55+08:00,QQ音乐,飙升榜,飙升榜,2026-07-24,89,8+8=8 (Live),岛屿心情,热度 1%,,274242473,000X6NaC2aok5w,https://y.qq.com/n/ryqq/toplist/62
2026-07-24,2026-07-24T15:42:55+08:00,QQ音乐,飙升榜,飙升榜,2026-07-24,90,向天再借五百年 (普通话版),韩磊,热度 1%,,97096,000wgZK30DUyqt,https://y.qq.com/n/ryqq/toplist/62
2026-07-24,2026-07-24T15:42:55+08:00,QQ音乐,飙升榜,飙升榜,2026-07-24,91,租购,薛之谦,热度 1%,,545772161,002N4fUq1kRST2,https://y.qq.com/n/ryqq/toplist/62
2026-07-24,2026-07-24T15:42:55+08:00,QQ音乐,飙升榜,飙升榜,2026-07-24,92,江声入旧年,聲無哀樂/龚琳娜/杨宗勋,热度 1%,,632261902,000oWqe736RUqn,https://y.qq.com/n/ryqq/toplist/62
2026-07-24,2026-07-24T15:42:55+08:00,QQ音乐,飙升榜,飙升榜,2026-07-24,93,恶作剧,王蓝茵,热度 1%,,257621,0031ftBk2foLzq,https://y.qq.com/n/ryqq/toplist/62
2026-07-24,2026-07-24T15:42:55+08:00,QQ音乐,飙升榜,飙升榜,2026-07-24,94,有何不可,许嵩,热度 1%,,102296985,002KSDg90IaScI,https://y.qq.com/n/ryqq/toplist/62
2026-07-24,2026-07-24T15:42:55+08:00,QQ音乐,飙升榜,飙升榜,2026-07-24,95,谁明浪子心,王杰,热度 1%,,8223,003mwGsZ4OHBk4,https://y.qq.com/n/ryqq/toplist/62
2026-07-24,2026-07-24T15:42:55+08:00,QQ音乐,飙升榜,飙升榜,2026-07-24,96,回马枪,张晓棠,热度 1%,,303331886,000Qg86t0823RE,https://y.qq.com/n/ryqq/toplist/62
2026-07-24,2026-07-24T15:42:55+08:00,QQ音乐,飙升榜,飙升榜,2026-07-24,97,INTRO,张艺兴,热度 1%,,697811338,001w138z3PZEcz,https://y.qq.com/n/ryqq/toplist/62
2026-07-24,2026-07-24T15:42:55+08:00,QQ音乐,飙升榜,飙升榜,2026-07-24,98,匕首,韩雍杰,热度 1%,,705950612,001kTs2u4eyXZ4,https://y.qq.com/n/ryqq/toplist/62
2026-07-24,2026-07-24T15:42:55+08:00,QQ音乐,飙升榜,飙升榜,2026-07-24,99,句号,G.E.M. 邓紫棋,热度 1%,,247347346,0049MVh824D7bM,https://y.qq.com/n/ryqq/toplist/62
2026-07-24,2026-07-24T15:42:55+08:00,QQ音乐,飙升榜,飙升榜,2026-07-24,100,手写的从前,周杰伦,热度 1%,,101787870,001uqejs3d6EID,https://y.qq.com/n/ryqq/toplist/62
2026-07-24,2026-07-24T15:42:55+08:00,酷狗音乐,热歌榜,酷狗TOP500,2026-07-24,1,吹吹山顶的风,巴扎黑,,2:59,87311B26EDEE637CA1448E14230BCB68,198304563,https://www.kugou.com/yy/rank/home/1-8888.html?from=rank
2026-07-24,2026-07-24T15:42:55+08:00,酷狗音乐,热歌榜,酷狗TOP500,2026-07-24,2,甲乙丙丁 (你我怎么两清),李佳薇,,3:30,213D580CA0BDCC28A5FDBA995FFDA106,197648995,https://www.kugou.com/yy/rank/home/1-8888.html?from=rank
2026-07-24,2026-07-24T15:42:55+08:00,酷狗音乐,热歌榜,酷狗TOP500,2026-07-24,3,你有没有真的爱过我,阿图表妹,,4:03,FE39668F68770C3FB3BE57A3E86CCC10,190170015,https://www.kugou.com/yy/rank/home/1-8888.html?from=rank
2026-07-24,2026-07-24T15:42:55+08:00,酷狗音乐,热歌榜,酷狗TOP500,2026-07-24,4,空心 (Live),黄霄雲、刘端端,,4:55,6F74F7B3D9B87CA771573ABD27B2A820,199810791,https://www.kugou.com/yy/rank/home/1-8888.html?from=rank
2026-07-24,2026-07-24T15:42:55+08:00,酷狗音乐,热歌榜,酷狗TOP500,2026-07-24,5,踏马寻花向自由 (雷鬼版),超哥,,2:59,B5BA68A039E54847B4E14A46A268991B,194886112,https://www.kugou.com/yy/rank/home/1-8888.html?from=rank
2026-07-24,2026-07-24T15:42:55+08:00,酷狗音乐,热歌榜,酷狗TOP500,2026-07-24,6,人生路漫漫,白小白,,3:55,B8CA573A69DB5050C7EE0C1AB79144E5,179917533,https://www.kugou.com/yy/rank/home/1-8888.html?from=rank
2026-07-24,2026-07-24T15:42:55+08:00,酷狗音乐,热歌榜,酷狗TOP500,2026-07-24,7,失眠,Suki刘舒妤,,3:31,EC476A2009EF5DCAC13EDCD11870DF55,671621,https://www.kugou.com/yy/rank/home/1-8888.html?from=rank
2026-07-24,2026-07-24T15:42:55+08:00,酷狗音乐,热歌榜,酷狗TOP500,2026-07-24,8,岁月如笔写春秋,河南三妹5233,,4:11,5D4C2F9D994E5BECDC9BA0FBC6BD3DD8,191576482,https://www.kugou.com/yy/rank/home/1-8888.html?from=rank
2026-07-24,2026-07-24T15:42:55+08:00,酷狗音乐,热歌榜,酷狗TOP500,2026-07-24,9,樱花草,Sweety,,4:44,F0B01830164E4974A2AC9E85DD446D45,507451,https://www.kugou.com/yy/rank/home/1-8888.html?from=rank
2026-07-24,2026-07-24T15:42:55+08:00,酷狗音乐,热歌榜,酷狗TOP500,2026-07-24,10,梦哑,任然,,3:54,3194D1AA995469BEF8620E96989D6BA8,193630889,https://www.kugou.com/yy/rank/home/1-8888.html?from=rank
2026-07-24,2026-07-24T15:42:55+08:00,酷狗音乐,热歌榜,酷狗TOP500,2026-07-24,11,盛夏的果实,莫文蔚,,4:11,1C86CBC64AE9A6C3539A36CAADDF1A59,978378,https://www.kugou.com/yy/rank/home/1-8888.html?from=rank
2026-07-24,2026-07-24T15:42:55+08:00,酷狗音乐,热歌榜,酷狗TOP500,2026-07-24,12,泡泡,牛佳钰,,3:37,CB6BD8CDFF1DA01DAEF01C389CBAD645,37403884,https://www.kugou.com/yy/rank/home/1-8888.html?from=rank
2026-07-24,2026-07-24T15:42:55+08:00,酷狗音乐,热歌榜,酷狗TOP500,2026-07-24,13,人间的剧本,老韩很哇塞,,3:18,F80698DAC679080F9E38F3DBB07BD17A,195240853,https://www.kugou.com/yy/rank/home/1-8888.html?from=rank
2026-07-24,2026-07-24T15:42:55+08:00,酷狗音乐,热歌榜,酷狗TOP500,2026-07-24,14,心似烟火,陈壹千,,4:34,206F1EE57278EE6E8FA5910B021F780E,191932853,https://www.kugou.com/yy/rank/home/1-8888.html?from=rank
2026-07-24,2026-07-24T15:42:55+08:00,酷狗音乐,热歌榜,酷狗TOP500,2026-07-24,15,黄昏 (纵然青丝如霜)(R&B版),落日微醺,,4:05,423FC1778078ACF260242626820E4244,194767721,https://www.kugou.com/yy/rank/home/1-8888.html?from=rank
2026-07-24,2026-07-24T15:42:55+08:00,酷狗音乐,热歌榜,酷狗TOP500,2026-07-24,16,雨过后的风景,Dizzy Dizzo (蔡诗芸),,4:03,E3F046EDB5EB76BBA5A44FFA3D8F8C42,974143,https://www.kugou.com/yy/rank/home/1-8888.html?from=rank
2026-07-24,2026-07-24T15:42:55+08:00,酷狗音乐,热歌榜,酷狗TOP500,2026-07-24,17,北方的后海没有海 (r&b微醺版),落日微醺,,3:26,DB3D10DE8DF3C5188EC036A9724F9418,196519034,https://www.kugou.com/yy/rank/home/1-8888.html?from=rank
2026-07-24,2026-07-24T15:42:55+08:00,酷狗音乐,热歌榜,酷狗TOP500,2026-07-24,18,阴天,莫文蔚,,4:02,E4271CB5938F401AA283FBEA49223BF8,970575,https://www.kugou.com/yy/rank/home/1-8888.html?from=rank
2026-07-24,2026-07-24T15:42:55+08:00,酷狗音乐,热歌榜,酷狗TOP500,2026-07-24,19,以为有以后,李廷旭,,3:40,6E614BA7EC0D510401C6C68CD8628D8A,195258314,https://www.kugou.com/yy/rank/home/1-8888.html?from=rank
2026-07-24,2026-07-24T15:42:55+08:00,酷狗音乐,热歌榜,酷狗TOP500,2026-07-24,20,我不该动情 (藏语男女合唱版),万能和弦,,3:25,E1CDCF04108F3E2A756E3732E80EEF42,199546874,https://www.kugou.com/yy/rank/home/1-8888.html?from=rank
2026-07-24,2026-07-24T15:42:55+08:00,酷狗音乐,热歌榜,酷狗TOP500,2026-07-24,21,若不是因为你 (深情版),林栖,,4:13,6CCB2559DE8FC8965E98F641C4C33B6A,176013962,https://www.kugou.com/yy/rank/home/1-8888.html?from=rank
2026-07-24,2026-07-24T15:42:55+08:00,酷狗音乐,热歌榜,酷狗TOP500,2026-07-24,22,恋人,李荣浩,,4:36,9DA7851E2BF83B18C74CBBAB461CEFDD,106374641,https://www.kugou.com/yy/rank/home/1-8888.html?from=rank
2026-07-24,2026-07-24T15:42:55+08:00,酷狗音乐,热歌榜,酷狗TOP500,2026-07-24,23,讨厌,芮恩,,4:18,C88A8D3EF16E2C4E944B947E0F56A7AD,2996887,https://www.kugou.com/yy/rank/home/2-8888.html?from=rank
2026-07-24,2026-07-24T15:42:55+08:00,酷狗音乐,热歌榜,酷狗TOP500,2026-07-24,24,街道,林俊杰,,4:02,D9DF39A88E29EADDB272A4B04393D357,963179,https://www.kugou.com/yy/rank/home/2-8888.html?from=rank
2026-07-24,2026-07-24T15:42:55+08:00,酷狗音乐,热歌榜,酷狗TOP500,2026-07-24,25,无人之岛,任然,,4:45,8E568D8806F771607104D8BF9695ACE0,2916172,https://www.kugou.com/yy/rank/home/2-8888.html?from=rank
2026-07-24,2026-07-24T15:42:55+08:00,酷狗音乐,热歌榜,酷狗TOP500,2026-07-24,26,小半,陈粒,,4:57,AFEA9FFE5D7F0EF0874119A363820D33,1749208,https://www.kugou.com/yy/rank/home/2-8888.html?from=rank
2026-07-24,2026-07-24T15:42:55+08:00,酷狗音乐,热歌榜,酷狗TOP500,2026-07-24,27,雨爱,杨丞琳,,4:21,2592FFA57A2D8B1A16F18D991B7098CD,2694607,https://www.kugou.com/yy/rank/home/2-8888.html?from=rank
2026-07-24,2026-07-24T15:42:55+08:00,酷狗音乐,热歌榜,酷狗TOP500,2026-07-24,28,离开我的依赖,王艳薇,,3:54,A9C377CC1B9931F0CE81907E23E4D588,36181053,https://www.kugou.com/yy/rank/home/2-8888.html?from=rank
2026-07-24,2026-07-24T15:42:55+08:00,酷狗音乐,热歌榜,酷狗TOP500,2026-07-24,29,街角的晚风,陈小春,,4:00,18B89D66950B7856EABB131BB6273F6E,169830039,https://www.kugou.com/yy/rank/home/2-8888.html?from=rank
2026-07-24,2026-07-24T15:42:55+08:00,酷狗音乐,热歌榜,酷狗TOP500,2026-07-24,30,Fever Pitch,Richz,,2:15,594B915AEEDA7DA8F5BD70B63EA76EAD,180499937,https://www.kugou.com/yy/rank/home/2-8888.html?from=rank
2026-07-24,2026-07-24T15:42:55+08:00,酷狗音乐,热歌榜,酷狗TOP500,2026-07-24,31,Angel,尹美莱、Tiger JK、Bizzy,,4:15,062EA07BB74A381C54524C9F91714D81,964390,https://www.kugou.com/yy/rank/home/2-8888.html?from=rank
2026-07-24,2026-07-24T15:42:55+08:00,酷狗音乐,热歌榜,酷狗TOP500,2026-07-24,32,好想再爱你,潘广益,,4:31,B78BA4062528E712B68C42DC6A4D9AAE,957659,https://www.kugou.com/yy/rank/home/2-8888.html?from=rank
2026-07-24,2026-07-24T15:42:55+08:00,酷狗音乐,热歌榜,酷狗TOP500,2026-07-24,33,总有一天你会出现在我身边,棱镜乐队,,4:30,8E6A42453EF5B06A87772F8FF4AD5188,10808308,https://www.kugou.com/yy/rank/home/2-8888.html?from=rank
2026-07-24,2026-07-24T15:42:55+08:00,酷狗音乐,热歌榜,酷狗TOP500,2026-07-24,34,晴天,周杰伦,,4:29,B3A52A7A958BF0AED0EBFBA2E9A818B7,966846,https://www.kugou.com/yy/rank/home/2-8888.html?from=rank
2026-07-24,2026-07-24T15:42:55+08:00,酷狗音乐,热歌榜,酷狗TOP500,2026-07-24,35,Copines,Aya Nakamura,,2:52,1CDA977A7FC0BCCC23BC7DF4D0194389,39155596,https://www.kugou.com/yy/rank/home/2-8888.html?from=rank
2026-07-24,2026-07-24T15:42:55+08:00,酷狗音乐,热歌榜,酷狗TOP500,2026-07-24,36,我不该动情,老板,,3:57,DFA780605FE78F1572761712931024A7,197593768,https://www.kugou.com/yy/rank/home/2-8888.html?from=rank
2026-07-24,2026-07-24T15:42:55+08:00,酷狗音乐,热歌榜,酷狗TOP500,2026-07-24,37,偏爱,张芸京,,3:33,4A544525C1F78DBDF25361DB0E255495,968788,https://www.kugou.com/yy/rank/home/2-8888.html?from=rank
2026-07-24,2026-07-24T15:42:55+08:00,酷狗音乐,热歌榜,酷狗TOP500,2026-07-24,38,红尘客栈,周杰伦,,4:34,48729371F20FB048EF4E51D4CD41DBF5,982051,https://www.kugou.com/yy/rank/home/2-8888.html?from=rank
2026-07-24,2026-07-24T15:42:55+08:00,酷狗音乐,热歌榜,酷狗TOP500,2026-07-24,39,枪火 (相对那就针锋相对),宝石Gem,,3:18,76923758046CB591DC9556D1FB69D976,154798334,https://www.kugou.com/yy/rank/home/2-8888.html?from=rank
2026-07-24,2026-07-24T15:42:55+08:00,酷狗音乐,热歌榜,酷狗TOP500,2026-07-24,40,有风的日落,万海东,,3:49,94774F06E73EF9ABD739423E1A414593,181906094,https://www.kugou.com/yy/rank/home/2-8888.html?from=rank
2026-07-24,2026-07-24T15:42:55+08:00,酷狗音乐,热歌榜,酷狗TOP500,2026-07-24,41,媚人,薛之谦,,3:46,E483477C86BE5ECCAFBF090F0E8F866B,199628146,https://www.kugou.com/yy/rank/home/2-8888.html?from=rank
2026-07-24,2026-07-24T15:42:55+08:00,酷狗音乐,热歌榜,酷狗TOP500,2026-07-24,42,抽离,徐良、刘丹萌,,4:18,37A9C74C33A9FAEFF672CFDF4C699581,547514,https://www.kugou.com/yy/rank/home/2-8888.html?from=rank
2026-07-24,2026-07-24T15:42:55+08:00,酷狗音乐,热歌榜,酷狗TOP500,2026-07-24,43,情歌,梁静茹,,4:20,72DB6DA75FFE23A3A6361BDB8F44D5F4,2997268,https://www.kugou.com/yy/rank/home/2-8888.html?from=rank
2026-07-24,2026-07-24T15:42:55+08:00,酷狗音乐,热歌榜,酷狗TOP500,2026-07-24,44,唯一,G.E.M. 邓紫棋,,4:14,AB05B8F658851282DCB2CBAD548AEB9B,82564821,https://www.kugou.com/yy/rank/home/2-8888.html?from=rank
2026-07-24,2026-07-24T15:42:55+08:00,酷狗音乐,热歌榜,酷狗TOP500,2026-07-24,45,黄昏,周传雄,,5:44,7DE9A9CD041157F6BF3FE9FFBCF120E3,964612,https://www.kugou.com/yy/rank/home/3-8888.html?from=rank
2026-07-24,2026-07-24T15:42:55+08:00,酷狗音乐,热歌榜,酷狗TOP500,2026-07-24,46,玻璃,Gareth.T,,3:05,ED0ED6B17B6C29695E97F5CC945C7901,191663409,https://www.kugou.com/yy/rank/home/3-8888.html?from=rank
2026-07-24,2026-07-24T15:42:55+08:00,酷狗音乐,热歌榜,酷狗TOP500,2026-07-24,47,爱错,王力宏,,3:59,EC25602B56D5DAE36B27E82780FC6A22,2996462,https://www.kugou.com/yy/rank/home/3-8888.html?from=rank
2026-07-24,2026-07-24T15:42:55+08:00,酷狗音乐,热歌榜,酷狗TOP500,2026-07-24,48,半壶纱,刘珂矣,,3:41,951AB088C5A08F491471A1296DF93707,948327,https://www.kugou.com/yy/rank/home/3-8888.html?from=rank
2026-07-24,2026-07-24T15:42:55+08:00,酷狗音乐,热歌榜,酷狗TOP500,2026-07-24,49,茶花开了，该回家了,王睿卓、加木,,3:10,99F0F17B7C6F110346411E7AD552156D,133732298,https://www.kugou.com/yy/rank/home/3-8888.html?from=rank
2026-07-24,2026-07-24T15:42:55+08:00,酷狗音乐,热歌榜,酷狗TOP500,2026-07-24,50,演员,薛之谦,,4:21,097E777171F692855EAE98B6965F9477,14456909,https://www.kugou.com/yy/rank/home/3-8888.html?from=rank
2026-07-24,2026-07-24T15:42:55+08:00,酷狗音乐,热歌榜,酷狗TOP500,2026-07-24,51,坏女孩,徐良、小凌,,4:07,9365223F903B13D0DAF54B6091AC3E7B,511536,https://www.kugou.com/yy/rank/home/3-8888.html?from=rank
2026-07-24,2026-07-24T15:42:55+08:00,酷狗音乐,热歌榜,酷狗TOP500,2026-07-24,52,岁月如笔写春秋,郭少杰,,4:11,6FCF099C6A88F85FC8417AFD452D54FD,190046745,https://www.kugou.com/yy/rank/home/3-8888.html?from=rank
2026-07-24,2026-07-24T15:42:55+08:00,酷狗音乐,热歌榜,酷狗TOP500,2026-07-24,53,我怀念的,孙燕姿,,4:49,1A3CAACB1E361DAF217A2383E9C8E292,984086,https://www.kugou.com/yy/rank/home/3-8888.html?from=rank
2026-07-24,2026-07-24T15:42:55+08:00,酷狗音乐,热歌榜,酷狗TOP500,2026-07-24,54,最佳损友,陈奕迅,,3:54,CBFA7DDE592B23322E21E4BDAA9BE9F9,964332,https://www.kugou.com/yy/rank/home/3-8888.html?from=rank
2026-07-24,2026-07-24T15:42:55+08:00,酷狗音乐,热歌榜,酷狗TOP500,2026-07-24,55,西厢寻他,伯爵Johnny、唐伯虎Annie,,3:44,2B657B5B5D781C1A61D7E0D1F5E2DE22,53205523,https://www.kugou.com/yy/rank/home/3-8888.html?from=rank
2026-07-24,2026-07-24T15:42:55+08:00,酷狗音乐,热歌榜,酷狗TOP500,2026-07-24,56,后会无期,汪苏泷、徐良,,3:32,5F86140467A73FBF9C4F339F7B9AFC2C,511536,https://www.kugou.com/yy/rank/home/3-8888.html?from=rank
2026-07-24,2026-07-24T15:42:55+08:00,酷狗音乐,热歌榜,酷狗TOP500,2026-07-24,57,心墙,郭静,,3:47,97870F3D4B01A7822DC497C6127EA66D,968033,https://www.kugou.com/yy/rank/home/3-8888.html?from=rank
2026-07-24,2026-07-24T15:42:55+08:00,酷狗音乐,热歌榜,酷狗TOP500,2026-07-24,58,一直很安静,阿桑,,4:10,44816EF0288A3B1ED2C4A5C5FE6B93B3,972917,https://www.kugou.com/yy/rank/home/3-8888.html?from=rank
2026-07-24,2026-07-24T15:42:55+08:00,酷狗音乐,热歌榜,酷狗TOP500,2026-07-24,59,The Other Side Of Paradise (Explicit),Glass Animals,,5:21,222314858D998CCDDD4BF0B7BAF2F5A2,47764102,https://www.kugou.com/yy/rank/home/3-8888.html?from=rank
2026-07-24,2026-07-24T15:42:55+08:00,酷狗音乐,热歌榜,酷狗TOP500,2026-07-24,60,来不及爱你,h3R3,,3:25,E3ED52965CEE83A40D73C5FB1DA7FF62,76488384,https://www.kugou.com/yy/rank/home/3-8888.html?from=rank
2026-07-24,2026-07-24T15:42:55+08:00,酷狗音乐,热歌榜,酷狗TOP500,2026-07-24,61,有些,颜人中,,3:49,D79E556C176AE1A3ADE8B532810C4CE8,34604592,https://www.kugou.com/yy/rank/home/3-8888.html?from=rank
2026-07-24,2026-07-24T15:42:55+08:00,酷狗音乐,热歌榜,酷狗TOP500,2026-07-24,62,烟火 (孤孤单单一个人),京六,,4:06,495D65F83F80948BE9E2683AEFD0E20A,198377118,https://www.kugou.com/yy/rank/home/3-8888.html?from=rank
2026-07-24,2026-07-24T15:42:55+08:00,酷狗音乐,热歌榜,酷狗TOP500,2026-07-24,63,踏马寻花向自由,半吨兄弟,,2:59,6DD4615AB1A9D1C595CCC15E16597434,198491409,https://www.kugou.com/yy/rank/home/3-8888.html?from=rank
2026-07-24,2026-07-24T15:42:55+08:00,酷狗音乐,热歌榜,酷狗TOP500,2026-07-24,64,其实,薛之谦,,4:02,2A8911EAD4838BF967CF5A300D787E53,960327,https://www.kugou.com/yy/rank/home/3-8888.html?from=rank
2026-07-24,2026-07-24T15:42:55+08:00,酷狗音乐,热歌榜,酷狗TOP500,2026-07-24,65,你懂我的眼泪,A江也眠,,2:59,FE39AF92D44C38DCB28F6F125EB33F3C,195545640,https://www.kugou.com/yy/rank/home/3-8888.html?from=rank
2026-07-24,2026-07-24T15:42:55+08:00,酷狗音乐,热歌榜,酷狗TOP500,2026-07-24,66,等一分钟,徐誉滕,,3:56,52ED380B09C692BDF4CE65FD56D918F3,2530746,https://www.kugou.com/yy/rank/home/3-8888.html?from=rank
2026-07-24,2026-07-24T15:42:55+08:00,酷狗音乐,热歌榜,酷狗TOP500,2026-07-24,67,我不难过,孙燕姿,,5:20,3FD7E1EC51122C745C637735C8BDE716,965883,https://www.kugou.com/yy/rank/home/4-8888.html?from=rank
2026-07-24,2026-07-24T15:42:55+08:00,酷狗音乐,热歌榜,酷狗TOP500,2026-07-24,68,青花瓷,周杰伦,,3:59,37A8F50A9EC3B267C3CC6BEC633D9C4A,979856,https://www.kugou.com/yy/rank/home/4-8888.html?from=rank
2026-07-24,2026-07-24T15:42:55+08:00,酷狗音乐,热歌榜,酷狗TOP500,2026-07-24,69,稻香,周杰伦,,3:44,8909E1809908CD8E3BF6CF85D98B93F0,960399,https://www.kugou.com/yy/rank/home/4-8888.html?from=rank
2026-07-24,2026-07-24T15:42:55+08:00,酷狗音乐,热歌榜,酷狗TOP500,2026-07-24,70,告白气球,周杰伦,,3:36,688857974673645CE89EDA26A36DB19D,1645030,https://www.kugou.com/yy/rank/home/4-8888.html?from=rank
2026-07-24,2026-07-24T15:42:55+08:00,酷狗音乐,热歌榜,酷狗TOP500,2026-07-24,71,光辉岁月,BEYOND,,5:04,42577AE022051D2E3C76890E40EE1AAD,960181,https://www.kugou.com/yy/rank/home/4-8888.html?from=rank
2026-07-24,2026-07-24T15:42:55+08:00,酷狗音乐,热歌榜,酷狗TOP500,2026-07-24,72,红色高跟鞋,蔡健雅,,3:27,055A804B8A3CCC05240D08F8FF1F7DE8,978459,https://www.kugou.com/yy/rank/home/4-8888.html?from=rank
2026-07-24,2026-07-24T15:42:55+08:00,酷狗音乐,热歌榜,酷狗TOP500,2026-07-24,73,山歌追上云朵,央金拉姆,,3:35,B81F368C6B44B98B0E2B4E9F417F1002,193932928,https://www.kugou.com/yy/rank/home/4-8888.html?from=rank
2026-07-24,2026-07-24T15:42:55+08:00,酷狗音乐,热歌榜,酷狗TOP500,2026-07-24,74,后来,刘若英,,5:38,C4904D4E3BBA872D41D3BDBF597E2B18,16562,https://www.kugou.com/yy/rank/home/4-8888.html?from=rank
2026-07-24,2026-07-24T15:42:55+08:00,酷狗音乐,热歌榜,酷狗TOP500,2026-07-24,75,亲爱的你啊,任素汐,,3:56,C42C2C5C7A68CDAFBF543F29AF883B1D,144348541,https://www.kugou.com/yy/rank/home/4-8888.html?from=rank
2026-07-24,2026-07-24T15:42:55+08:00,酷狗音乐,热歌榜,酷狗TOP500,2026-07-24,76,空耳 + 还你茉莉 (Live),单依纯,,8:58,D4D625C285543462D61EE766BD3DF622,199795800,https://www.kugou.com/yy/rank/home/4-8888.html?from=rank
2026-07-24,2026-07-24T15:42:55+08:00,酷狗音乐,热歌榜,酷狗TOP500,2026-07-24,77,下完这场雨,后弦,,4:31,2EEFFF98A4F19D945BBA7C78FB2079C0,1964990,https://www.kugou.com/yy/rank/home/4-8888.html?from=rank
2026-07-24,2026-07-24T15:42:55+08:00,酷狗音乐,热歌榜,酷狗TOP500,2026-07-24,78,第57次取消发送,菲菲公主（陆绮菲）,,3:01,F17C489C53382E608F9CBB3ED9F6D2AA,137397074,https://www.kugou.com/yy/rank/home/4-8888.html?from=rank
2026-07-24,2026-07-24T15:42:55+08:00,酷狗音乐,热歌榜,酷狗TOP500,2026-07-24,79,爱情讯息,郭静,,4:41,D8E857250D8EEA9C5FAFDAF7857640A5,971139,https://www.kugou.com/yy/rank/home/4-8888.html?from=rank
2026-07-24,2026-07-24T15:42:55+08:00,酷狗音乐,热歌榜,酷狗TOP500,2026-07-24,80,搁浅,周杰伦,,4:00,FBC234520FED713C30C1C026E7352770,971783,https://www.kugou.com/yy/rank/home/4-8888.html?from=rank
2026-07-24,2026-07-24T15:42:55+08:00,酷狗音乐,热歌榜,酷狗TOP500,2026-07-24,81,你有没有真的爱过我 (对唱版),阿图表妹、寂寞阿图,,4:03,3C425FC4496E67468562CA377D7F2B23,190170015,https://www.kugou.com/yy/rank/home/4-8888.html?from=rank
2026-07-24,2026-07-24T15:42:55+08:00,酷狗音乐,热歌榜,酷狗TOP500,2026-07-24,82,我们俩,郭顶,,3:14,DD4D224BC3DBFD1A0F6E338928620E69,979601,https://www.kugou.com/yy/rank/home/4-8888.html?from=rank
2026-07-24,2026-07-24T15:42:55+08:00,酷狗音乐,热歌榜,酷狗TOP500,2026-07-24,83,听说当初你找过我,贺一航,,4:06,8853D5BDDDE97FEACFAF65371B68AD57,1969900,https://www.kugou.com/yy/rank/home/4-8888.html?from=rank
2026-07-24,2026-07-24T15:42:55+08:00,酷狗音乐,热歌榜,酷狗TOP500,2026-07-24,84,开始懂了,孙燕姿,,4:32,93F260998A10F4AD6B46606AF5C8EC72,972102,https://www.kugou.com/yy/rank/home/4-8888.html?from=rank
2026-07-24,2026-07-24T15:42:55+08:00,酷狗音乐,热歌榜,酷狗TOP500,2026-07-24,85,背对背拥抱,林俊杰,,3:55,C6B5A741051FCBC1AF7531CA2CEECC15,975828,https://www.kugou.com/yy/rank/home/4-8888.html?from=rank
2026-07-24,2026-07-24T15:42:55+08:00,酷狗音乐,热歌榜,酷狗TOP500,2026-07-24,86,Баллада (民谣),Xcho、Мот,,3:02,0B2EC37A6E065AD181378AAD27391F8F,91468549,https://www.kugou.com/yy/rank/home/4-8888.html?from=rank
2026-07-24,2026-07-24T15:42:55+08:00,酷狗音乐,热歌榜,酷狗TOP500,2026-07-24,87,Beauty And A Beat,Justin Bieber、Nicki Minaj,,3:47,FF5719341A9B004AA3E7312D617AE305,16996733,https://www.kugou.com/yy/rank/home/4-8888.html?from=rank
2026-07-24,2026-07-24T15:42:55+08:00,酷狗音乐,热歌榜,酷狗TOP500,2026-07-24,88,带我走,杨丞琳,,4:50,0C57DE35C3CB2A32A8CF634E4F8309C4,975441,https://www.kugou.com/yy/rank/home/4-8888.html?from=rank
2026-07-24,2026-07-24T15:42:55+08:00,酷狗音乐,热歌榜,酷狗TOP500,2026-07-24,89,如愿,王菲,,4:25,EC1A18BBD6B61CB203E656B91F5CF2D1,49057589,https://www.kugou.com/yy/rank/home/5-8888.html?from=rank
2026-07-24,2026-07-24T15:42:55+08:00,酷狗音乐,热歌榜,酷狗TOP500,2026-07-24,90,阳光下的星星,金海心,,4:44,8B60D8B58137C2D256DAA71B9D84C046,1738155,https://www.kugou.com/yy/rank/home/5-8888.html?from=rank
2026-07-24,2026-07-24T15:42:55+08:00,酷狗音乐,热歌榜,酷狗TOP500,2026-07-24,91,可不可以,张紫豪,,4:01,6079A2ACBA5E782FE24695FDFCDB1887,9618875,https://www.kugou.com/yy/rank/home/5-8888.html?from=rank
2026-07-24,2026-07-24T15:42:55+08:00,酷狗音乐,热歌榜,酷狗TOP500,2026-07-24,92,归途恰恰,黄泥,,3:34,F16077C8A6D2DB48FDB99A30896186E2,198492004,https://www.kugou.com/yy/rank/home/5-8888.html?from=rank
2026-07-24,2026-07-24T15:42:55+08:00,酷狗音乐,热歌榜,酷狗TOP500,2026-07-24,93,特别的人,方大同,,4:19,0F7A79ADAAEEB6EA1DA3E19DD637FD73,965097,https://www.kugou.com/yy/rank/home/5-8888.html?from=rank
2026-07-24,2026-07-24T15:42:55+08:00,酷狗音乐,热歌榜,酷狗TOP500,2026-07-24,94,We Don't Talk Anymore (Mr. Collipark Remix),Charlie Puth、Selena Gomez,,4:14,8F323B0610BE8D862B7CBB41C3398766,1746993,https://www.kugou.com/yy/rank/home/5-8888.html?from=rank
2026-07-24,2026-07-24T15:42:55+08:00,酷狗音乐,热歌榜,酷狗TOP500,2026-07-24,95,为爱痴狂 (想要问问你敢不敢),金志文,,2:21,8CA8C420761A7C36FF16DD42FE5D331D,194629486,https://www.kugou.com/yy/rank/home/5-8888.html?from=rank
2026-07-24,2026-07-24T15:42:55+08:00,酷狗音乐,热歌榜,酷狗TOP500,2026-07-24,96,Always Online,林俊杰,,3:45,16A4E4895905B703AC0F31007A495D4C,963179,https://www.kugou.com/yy/rank/home/5-8888.html?from=rank
2026-07-24,2026-07-24T15:42:55+08:00,酷狗音乐,热歌榜,酷狗TOP500,2026-07-24,97,江南,林俊杰,,4:28,819B74BD09009E0422B8F563E12BA96E,969588,https://www.kugou.com/yy/rank/home/5-8888.html?from=rank
2026-07-24,2026-07-24T15:42:55+08:00,酷狗音乐,热歌榜,酷狗TOP500,2026-07-24,98,富士山下,陈奕迅,,4:19,0433F1A94FA162B20FB8AE576A951D6B,976404,https://www.kugou.com/yy/rank/home/5-8888.html?from=rank
2026-07-24,2026-07-24T15:42:55+08:00,酷狗音乐,热歌榜,酷狗TOP500,2026-07-24,99,舍得,王唯旖,,4:22,62C406C76F45C3EF39F451F2C4F22D95,1944276,https://www.kugou.com/yy/rank/home/5-8888.html?from=rank
2026-07-24,2026-07-24T15:42:55+08:00,酷狗音乐,热歌榜,酷狗TOP500,2026-07-24,100,Baby,Justin Bieber、Ludacris,,3:37,493CD2904FAFDAEB8785CC83B8056F5A,508825,https://www.kugou.com/yy/rank/home/5-8888.html?from=rank
2026-07-24,2026-07-24T15:42:55+08:00,酷狗音乐,热歌榜,酷狗TOP500,2026-07-24,101,英雄出处,高冷,,3:19,9CBBBCAAF22AA9C5A0D203C5924B3854,198302448,https://www.kugou.com/yy/rank/home/5-8888.html?from=rank
2026-07-24,2026-07-24T15:42:55+08:00,酷狗音乐,热歌榜,酷狗TOP500,2026-07-24,102,下一站 Beyond This Station,小林未郁、HOYO-MiX,,3:49,1DBD46650E8F900E82B75D5B77FBD32A,199481595,https://www.kugou.com/yy/rank/home/5-8888.html?from=rank
2026-07-24,2026-07-24T15:42:55+08:00,酷狗音乐,热歌榜,酷狗TOP500,2026-07-24,103,认真的雪,薛之谦,,4:19,D2E00CC158DB4DA18927AC3B01CC371B,2689239,https://www.kugou.com/yy/rank/home/5-8888.html?from=rank
2026-07-24,2026-07-24T15:42:55+08:00,酷狗音乐,热歌榜,酷狗TOP500,2026-07-24,104,再爱你也没用,范贵宾,,3:29,BDBD97AB8C5069D49A5159EB7EC60A72,197763885,https://www.kugou.com/yy/rank/home/5-8888.html?from=rank
2026-07-24,2026-07-24T15:42:55+08:00,酷狗音乐,热歌榜,酷狗TOP500,2026-07-24,105,全世界的雨,周深、Ella陈嘉桦,,4:08,88334169DA8F72EFA45C6211FD641737,199401705,https://www.kugou.com/yy/rank/home/5-8888.html?from=rank
2026-07-24,2026-07-24T15:42:55+08:00,酷狗音乐,热歌榜,酷狗TOP500,2026-07-24,106,此生不换,青鸟飞鱼,,4:28,61AA3E30BF3F50F23FCAABD56DB46755,49812122,https://www.kugou.com/yy/rank/home/5-8888.html?from=rank
2026-07-24,2026-07-24T15:42:55+08:00,酷狗音乐,热歌榜,酷狗TOP500,2026-07-24,107,海阔天空,BEYOND,,5:25,C41E80A18D1448FA47086372999C7F43,973001,https://www.kugou.com/yy/rank/home/5-8888.html?from=rank
2026-07-24,2026-07-24T15:42:55+08:00,酷狗音乐,热歌榜,酷狗TOP500,2026-07-24,108,猜不透,丁当,,3:53,B1B4CC4F4E90134603CE66CBCF8FA73B,973244,https://www.kugou.com/yy/rank/home/5-8888.html?from=rank
2026-07-24,2026-07-24T15:42:55+08:00,酷狗音乐,热歌榜,酷狗TOP500,2026-07-24,109,会呼吸的痛,梁静茹,,4:32,1EB00DC46AE8E1446B6A9860A56487AC,500574,https://www.kugou.com/yy/rank/home/5-8888.html?from=rank
2026-07-24,2026-07-24T15:42:55+08:00,酷狗音乐,热歌榜,酷狗TOP500,2026-07-24,110,后来的我们,五月天,,5:46,09120C11A5C376EC7D1640098FA70CDC,1748942,https://www.kugou.com/yy/rank/home/5-8888.html?from=rank
2026-07-24,2026-07-24T15:42:55+08:00,酷狗音乐,热歌榜,酷狗TOP500,2026-07-24,111,勇气,梁静茹,,3:59,A4D0C350CF4475BFBB0AB28DC6E25A8D,973299,https://www.kugou.com/yy/rank/home/6-8888.html?from=rank
2026-07-24,2026-07-24T15:42:55+08:00,酷狗音乐,热歌榜,酷狗TOP500,2026-07-24,112,十年,陈奕迅,,3:25,5146461A5717B942F4B13125978618E3,504194,https://www.kugou.com/yy/rank/home/6-8888.html?from=rank
2026-07-24,2026-07-24T15:42:55+08:00,酷狗音乐,热歌榜,酷狗TOP500,2026-07-24,113,童话,光良,,4:04,472FF9D57BCE90288EC88CBE100BCB2A,974097,https://www.kugou.com/yy/rank/home/6-8888.html?from=rank
2026-07-24,2026-07-24T15:42:55+08:00,酷狗音乐,热歌榜,酷狗TOP500,2026-07-24,114,七里香,周杰伦,,4:59,2C7CEB6CC2340ECC8948E0ACE62F0CF8,971783,https://www.kugou.com/yy/rank/home/6-8888.html?from=rank
2026-07-24,2026-07-24T15:42:55+08:00,酷狗音乐,热歌榜,酷狗TOP500,2026-07-24,115,空心,光泽,,4:39,4465EE613CC3CF7DCF9448F8ACFED1CA,4141939,https://www.kugou.com/yy/rank/home/6-8888.html?from=rank
2026-07-24,2026-07-24T15:42:55+08:00,酷狗音乐,热歌榜,酷狗TOP500,2026-07-24,116,泡沫 (G.E.M.重生版),G.E.M. 邓紫棋,,4:18,53F2510610AC38F0C15F73B2605E5CEE,150256944,https://www.kugou.com/yy/rank/home/6-8888.html?from=rank
2026-07-24,2026-07-24T15:42:55+08:00,酷狗音乐,热歌榜,酷狗TOP500,2026-07-24,117,青花,周传雄,,4:58,09B46455BAE7C613ABD0DB362A5DDBDE,960448,https://www.kugou.com/yy/rank/home/6-8888.html?from=rank
2026-07-24,2026-07-24T15:42:55+08:00,酷狗音乐,热歌榜,酷狗TOP500,2026-07-24,118,若今生无缘 (若今生已无缘),万海东,,3:40,E74F4CC22263126EDD4A721AD0D0D0A8,195038536,https://www.kugou.com/yy/rank/home/6-8888.html?from=rank
2026-07-24,2026-07-24T15:42:55+08:00,酷狗音乐,热歌榜,酷狗TOP500,2026-07-24,119,夜曲,周杰伦,,3:47,16C8AB298231370293D16BCF9E5FF9B6,958909,https://www.kugou.com/yy/rank/home/6-8888.html?from=rank
2026-07-24,2026-07-24T15:42:55+08:00,酷狗音乐,热歌榜,酷狗TOP500,2026-07-24,120,老男孩,筷子兄弟,,4:59,EB494F1F9199AA29F66E056F116D2F1C,17165001,https://www.kugou.com/yy/rank/home/6-8888.html?from=rank
2026-07-24,2026-07-24T15:42:55+08:00,酷狗音乐,热歌榜,酷狗TOP500,2026-07-24,121,过火,张信哲,,5:02,E34CBC6EBE64B9EE9ADB5C46E2178A84,982639,https://www.kugou.com/yy/rank/home/6-8888.html?from=rank
2026-07-24,2026-07-24T15:42:55+08:00,酷狗音乐,热歌榜,酷狗TOP500,2026-07-24,122,出现又离开 (Live),梁博,,6:43,DEAB3B0160E9A410CE0AAA9ED8AC602E,19284949,https://www.kugou.com/yy/rank/home/6-8888.html?from=rank
2026-07-24,2026-07-24T15:42:55+08:00,酷狗音乐,热歌榜,酷狗TOP500,2026-07-24,123,戒烟,李荣浩,,4:54,AF36A623D725B98893DAEFDF8010F22E,49390931,https://www.kugou.com/yy/rank/home/6-8888.html?from=rank
2026-07-24,2026-07-24T15:42:55+08:00,酷狗音乐,热歌榜,酷狗TOP500,2026-07-24,124,去年夏天,王大毛,,4:05,5CD03A78A74761494A39CADFAA832550,8542577,https://www.kugou.com/yy/rank/home/6-8888.html?from=rank
2026-07-24,2026-07-24T15:42:55+08:00,酷狗音乐,热歌榜,酷狗TOP500,2026-07-24,125,体面,于文文,,4:43,0F57843484D3AF06AAEA623D66BB286C,8149034,https://www.kugou.com/yy/rank/home/6-8888.html?from=rank
2026-07-24,2026-07-24T15:42:55+08:00,酷狗音乐,热歌榜,酷狗TOP500,2026-07-24,126,山风山风等等我,万海东,,3:29,CE256D96F1F025D60468D8F0BC9EE64B,200106963,https://www.kugou.com/yy/rank/home/6-8888.html?from=rank
2026-07-24,2026-07-24T15:42:55+08:00,酷狗音乐,热歌榜,酷狗TOP500,2026-07-24,127,岸边客,夏子航（2603）,,4:32,E87EEB7804D4708714E6C38DE1F8E649,161846818,https://www.kugou.com/yy/rank/home/6-8888.html?from=rank
2026-07-24,2026-07-24T15:42:55+08:00,酷狗音乐,热歌榜,酷狗TOP500,2026-07-24,128,不将就,李荣浩,,5:12,E5F0905C662872A9B05A423FD1ED48B5,1004040,https://www.kugou.com/yy/rank/home/6-8888.html?from=rank
2026-07-24,2026-07-24T15:42:55+08:00,酷狗音乐,热歌榜,酷狗TOP500,2026-07-24,129,NIGHT DANCER (夜中舞者),imase,,3:31,572C3807BF90891332ED77A72DB74272,59918395,https://www.kugou.com/yy/rank/home/6-8888.html?from=rank
2026-07-24,2026-07-24T15:42:55+08:00,酷狗音乐,热歌榜,酷狗TOP500,2026-07-24,130,遇见,孙燕姿,,3:31,9F865C787E90E013B2BC847BAAA306AA,964325,https://www.kugou.com/yy/rank/home/6-8888.html?from=rank
2026-07-24,2026-07-24T15:42:55+08:00,酷狗音乐,热歌榜,酷狗TOP500,2026-07-24,131,退后,周杰伦,,4:22,5971DE0B235D5B2708D6A6FEB3D31B6F,965291,https://www.kugou.com/yy/rank/home/6-8888.html?from=rank
2026-07-24,2026-07-24T15:42:55+08:00,酷狗音乐,热歌榜,酷狗TOP500,2026-07-24,132,野心家,张靓颖,,4:43,1789AD88CFDD254910125F22494C0E8B,161637189,https://www.kugou.com/yy/rank/home/6-8888.html?from=rank
2026-07-24,2026-07-24T15:42:55+08:00,酷狗音乐,热歌榜,酷狗TOP500,2026-07-24,133,至少还有你,林忆莲,,4:35,BA9D67DAB59FA6DCE243F4B6B70ACA95,967340,https://www.kugou.com/yy/rank/home/7-8888.html?from=rank
2026-07-24,2026-07-24T15:42:55+08:00,酷狗音乐,热歌榜,酷狗TOP500,2026-07-24,134,落了白,蒋雪儿Snow.J,,3:01,74390D89B6BD2E18CFD7F25968EFD98A,40300587,https://www.kugou.com/yy/rank/home/7-8888.html?from=rank
2026-07-24,2026-07-24T15:42:55+08:00,酷狗音乐,热歌榜,酷狗TOP500,2026-07-24,135,落日微醺 (晚风中一杯酒),落日微醺,,4:14,CB22754AB8A0F20FCC015D0A800758CE,196517740,https://www.kugou.com/yy/rank/home/7-8888.html?from=rank
2026-07-24,2026-07-24T15:42:55+08:00,酷狗音乐,热歌榜,酷狗TOP500,2026-07-24,136,奢香夫人,凤凰传奇,,4:20,478C572FC9E2E15777A41260DEE293A0,984412,https://www.kugou.com/yy/rank/home/7-8888.html?from=rank
2026-07-24,2026-07-24T15:42:55+08:00,酷狗音乐,热歌榜,酷狗TOP500,2026-07-24,137,周旋,王以太、艾热AIR,,4:50,D4B5A2762AD5716EB290DD452721B5E4,198788223,https://www.kugou.com/yy/rank/home/7-8888.html?from=rank
2026-07-24,2026-07-24T15:42:55+08:00,酷狗音乐,热歌榜,酷狗TOP500,2026-07-24,138,我走后,小咪,,4:08,00751DE0946619BCDE4A4E15397F2A15,22216764,https://www.kugou.com/yy/rank/home/7-8888.html?from=rank
2026-07-24,2026-07-24T15:42:55+08:00,酷狗音乐,热歌榜,酷狗TOP500,2026-07-24,139,那时雨,徐良,,3:34,CE76C60251F6193BC5BBA5B46B977747,16900987,https://www.kugou.com/yy/rank/home/7-8888.html?from=rank
2026-07-24,2026-07-24T15:42:55+08:00,酷狗音乐,热歌榜,酷狗TOP500,2026-07-24,140,多远都要在一起,G.E.M. 邓紫棋,,3:38,A0AE93E5D475CBC7B52C6F45A7403F98,555825,https://www.kugou.com/yy/rank/home/7-8888.html?from=rank
2026-07-24,2026-07-24T15:42:55+08:00,酷狗音乐,热歌榜,酷狗TOP500,2026-07-24,141,离人赋,云汐,,3:57,321EC3B1BB1D8F1D2EFB7A40AC911CA4,64168081,https://www.kugou.com/yy/rank/home/7-8888.html?from=rank
2026-07-24,2026-07-24T15:42:55+08:00,酷狗音乐,热歌榜,酷狗TOP500,2026-07-24,142,疑心病,任然,,4:43,9D8C7468BE4391B85794617090585646,1818864,https://www.kugou.com/yy/rank/home/7-8888.html?from=rank
2026-07-24,2026-07-24T15:42:55+08:00,酷狗音乐,热歌榜,酷狗TOP500,2026-07-24,143,秋天不回来,王强,,4:14,81056FF4FC4F2D0A0E9B38757A60D2F7,81746524,https://www.kugou.com/yy/rank/home/7-8888.html?from=rank
2026-07-24,2026-07-24T15:42:55+08:00,酷狗音乐,热歌榜,酷狗TOP500,2026-07-24,144,一路向北,周杰伦,,4:54,F73F22FB046CA1A135C70417163AF82E,1739223,https://www.kugou.com/yy/rank/home/7-8888.html?from=rank
2026-07-24,2026-07-24T15:42:55+08:00,酷狗音乐,热歌榜,酷狗TOP500,2026-07-24,145,兰亭序,周杰伦,,4:14,4EC10B1B7B9BEB2F0ADB89BBEC5F664B,960399,https://www.kugou.com/yy/rank/home/7-8888.html?from=rank
2026-07-24,2026-07-24T15:42:55+08:00,酷狗音乐,热歌榜,酷狗TOP500,2026-07-24,146,春娇与志明,街道办GDC、欧阳耀莹,,3:24,E84947402A5E0952FA067566C10264CB,8543461,https://www.kugou.com/yy/rank/home/7-8888.html?from=rank
2026-07-24,2026-07-24T15:42:55+08:00,酷狗音乐,热歌榜,酷狗TOP500,2026-07-24,147,素颜,许嵩、何曼婷,,3:59,30C94AE2868E63B1058DA7685E0CDF3B,13264539,https://www.kugou.com/yy/rank/home/7-8888.html?from=rank
2026-07-24,2026-07-24T15:42:55+08:00,酷狗音乐,热歌榜,酷狗TOP500,2026-07-24,148,忘情牛肉面,马健涛,,3:02,E9E3E3F40397839A715537F5AA5C93CE,32988895,https://www.kugou.com/yy/rank/home/7-8888.html?from=rank
2026-07-24,2026-07-24T15:42:55+08:00,酷狗音乐,热歌榜,酷狗TOP500,2026-07-24,149,说好的幸福呢,周杰伦,,4:17,892B7AD62499C97A1A994454423E30F6,960399,https://www.kugou.com/yy/rank/home/7-8888.html?from=rank
2026-07-24,2026-07-24T15:42:55+08:00,酷狗音乐,热歌榜,酷狗TOP500,2026-07-24,150,碎碎念,队长,,2:13,A823AE8D84854FD2EB5B8E599D1263FA,79831015,https://www.kugou.com/yy/rank/home/7-8888.html?from=rank
2026-07-24,2026-07-24T15:42:55+08:00,酷狗音乐,热歌榜,酷狗TOP500,2026-07-24,151,Cold Blooded (Moon Version),严浩翔,,3:30,5B5ED790661420057BED7E51116A9036,199797392,https://www.kugou.com/yy/rank/home/7-8888.html?from=rank
2026-07-24,2026-07-24T15:42:55+08:00,酷狗音乐,热歌榜,酷狗TOP500,2026-07-24,152,花海,周杰伦,,4:25,3328808CECBD1A1038166003840FDDD7,960399,https://www.kugou.com/yy/rank/home/7-8888.html?from=rank
2026-07-24,2026-07-24T15:42:55+08:00,酷狗音乐,热歌榜,酷狗TOP500,2026-07-24,153,你瞒我瞒,陈柏宇,,3:58,E8EE57D671769402710C4FF9259D841F,965453,https://www.kugou.com/yy/rank/home/7-8888.html?from=rank
2026-07-24,2026-07-24T15:42:55+08:00,酷狗音乐,热歌榜,酷狗TOP500,2026-07-24,154,西乌旗99号公路,LunaLiu刘不语、张川海,,3:29,F65BB0D87F5543387A50AEEBF55A1E8A,185310075,https://www.kugou.com/yy/rank/home/7-8888.html?from=rank
2026-07-24,2026-07-24T15:42:55+08:00,酷狗音乐,热歌榜,酷狗TOP500,2026-07-24,155,相见恨晚,彭佳慧,,4:15,01214FB85BAF49AB74F10AFA4C363540,977553,https://www.kugou.com/yy/rank/home/8-8888.html?from=rank
2026-07-24,2026-07-24T15:42:55+08:00,酷狗音乐,热歌榜,酷狗TOP500,2026-07-24,156,发如雪,周杰伦,,4:59,1F7E7659B9FFF4FB6F71562A61BBC25F,958909,https://www.kugou.com/yy/rank/home/8-8888.html?from=rank
2026-07-24,2026-07-24T15:42:55+08:00,酷狗音乐,热歌榜,酷狗TOP500,2026-07-24,157,一直下,陈宇祥,,2:59,90D1389A725B29EDA4714BACB6450C94,198016246,https://www.kugou.com/yy/rank/home/8-8888.html?from=rank
2026-07-24,2026-07-24T15:42:55+08:00,酷狗音乐,热歌榜,酷狗TOP500,2026-07-24,158,是非题,莫文蔚,,4:07,60431D272D830AC994DF2584BA56D196,973717,https://www.kugou.com/yy/rank/home/8-8888.html?from=rank
2026-07-24,2026-07-24T15:42:55+08:00,酷狗音乐,热歌榜,酷狗TOP500,2026-07-24,159,千千阕歌,陈慧娴,,5:01,81E5A1C3B9E016D61FE91B809B4A7DC1,971621,https://www.kugou.com/yy/rank/home/8-8888.html?from=rank
2026-07-24,2026-07-24T15:42:55+08:00,酷狗音乐,热歌榜,酷狗TOP500,2026-07-24,160,茶花开了,王睿卓,,4:30,007A7A8EAFA3FF9EA51EF6A767AC3497,130468077,https://www.kugou.com/yy/rank/home/8-8888.html?from=rank
2026-07-24,2026-07-24T15:42:55+08:00,酷狗音乐,热歌榜,酷狗TOP500,2026-07-24,161,Radio (Dum-Dum),宋雨琦 (YUQI),,2:32,E8FFC3F649DA4476E2CEABFF3F94D103,140913986,https://www.kugou.com/yy/rank/home/8-8888.html?from=rank
2026-07-24,2026-07-24T15:42:55+08:00,酷狗音乐,热歌榜,酷狗TOP500,2026-07-24,162,租购,薛之谦,,4:31,B96A6102B2238E21C463E96A7D81E840,130133801,https://www.kugou.com/yy/rank/home/8-8888.html?from=rank
2026-07-24,2026-07-24T15:42:55+08:00,酷狗音乐,热歌榜,酷狗TOP500,2026-07-24,163,成都,赵雷,,5:28,A06B033B356BFC974C5245D0195086A5,1802652,https://www.kugou.com/yy/rank/home/8-8888.html?from=rank
2026-07-24,2026-07-24T15:42:55+08:00,酷狗音乐,热歌榜,酷狗TOP500,2026-07-24,164,你有没有真的爱过我 (烟嗓版),寂寞阿图,,3:45,5EF8404977086AB95C304D857271FB10,190169654,https://www.kugou.com/yy/rank/home/8-8888.html?from=rank
2026-07-24,2026-07-24T15:42:55+08:00,酷狗音乐,热歌榜,酷狗TOP500,2026-07-24,165,勋章,鹿晗,,3:34,6FB3EB3F13CD64DF6E9784F6E487BAB1,2059004,https://www.kugou.com/yy/rank/home/8-8888.html?from=rank
2026-07-24,2026-07-24T15:42:55+08:00,酷狗音乐,热歌榜,酷狗TOP500,2026-07-24,166,说了再见,周杰伦,,4:43,966C718DA96EE29B3B466F773BFA9E2F,958812,https://www.kugou.com/yy/rank/home/8-8888.html?from=rank
2026-07-24,2026-07-24T15:42:55+08:00,酷狗音乐,热歌榜,酷狗TOP500,2026-07-24,167,沪上龙王,郭有才,,3:24,5BC72AAD6BD63DA97B5525B6FC061B50,198875748,https://www.kugou.com/yy/rank/home/8-8888.html?from=rank
2026-07-24,2026-07-24T15:42:55+08:00,酷狗音乐,热歌榜,酷狗TOP500,2026-07-24,168,阿衣莫,阿吉太组合,,5:14,6994BA45B41271F48D78881D674EDCF7,4138802,https://www.kugou.com/yy/rank/home/8-8888.html?from=rank
2026-07-24,2026-07-24T15:42:55+08:00,酷狗音乐,热歌榜,酷狗TOP500,2026-07-24,169,美人鱼,林俊杰,,4:14,CDAE8C7E2FAF7F08DC18E78A1D65117B,969588,https://www.kugou.com/yy/rank/home/8-8888.html?from=rank
2026-07-24,2026-07-24T15:42:55+08:00,酷狗音乐,热歌榜,酷狗TOP500,2026-07-24,170,讲不出再见,谭咏麟,,4:54,2E0BFDC7BA2F759B0208A58CB2C26523,2337635,https://www.kugou.com/yy/rank/home/8-8888.html?from=rank
2026-07-24,2026-07-24T15:42:55+08:00,酷狗音乐,热歌榜,酷狗TOP500,2026-07-24,171,失控,井迪,,4:15,44FE8C442EB1F254D15717F1DC03C9BF,40221609,https://www.kugou.com/yy/rank/home/8-8888.html?from=rank
2026-07-24,2026-07-24T15:42:55+08:00,酷狗音乐,热歌榜,酷狗TOP500,2026-07-24,172,曾经的你,许巍,,4:21,8D27A0FD0D8B6A9059D3FEEC95E2088D,976268,https://www.kugou.com/yy/rank/home/8-8888.html?from=rank
2026-07-24,2026-07-24T15:42:55+08:00,酷狗音乐,热歌榜,酷狗TOP500,2026-07-24,173,在你的身边,盛哲,,4:22,38698C9A8BB6637CDDE413C6E210FA54,4128050,https://www.kugou.com/yy/rank/home/8-8888.html?from=rank
2026-07-24,2026-07-24T15:42:55+08:00,酷狗音乐,热歌榜,酷狗TOP500,2026-07-24,174,月满西楼约,如梦,,3:53,9D46CB34459F26B7D109F52BF0A68472,182028898,https://www.kugou.com/yy/rank/home/8-8888.html?from=rank
2026-07-24,2026-07-24T15:42:55+08:00,酷狗音乐,热歌榜,酷狗TOP500,2026-07-24,175,蒲公英的约定,周杰伦,,4:07,6996B4D89596673746AEE3D54F7E5367,979856,https://www.kugou.com/yy/rank/home/8-8888.html?from=rank
2026-07-24,2026-07-24T15:42:55+08:00,酷狗音乐,热歌榜,酷狗TOP500,2026-07-24,176,是你没选我啊,音乐科代表洪嘉源,,3:07,65D611715B7CC7131E6629F5E1745544,172307133,https://www.kugou.com/yy/rank/home/8-8888.html?from=rank
2026-07-24,2026-07-24T15:42:55+08:00,酷狗音乐,热歌榜,酷狗TOP500,2026-07-24,177,沦陷,贾格JuggShots,,3:04,64C2E5D33BE5F53758F3E96DC8EEC3C3,95717116,https://www.kugou.com/yy/rank/home/9-8888.html?from=rank
2026-07-24,2026-07-24T15:42:55+08:00,酷狗音乐,热歌榜,酷狗TOP500,2026-07-24,178,只对你有感觉,飞轮海、田馥甄,,3:59,180D6E82A1AEFEDF10BE440454956E1F,556347,https://www.kugou.com/yy/rank/home/9-8888.html?from=rank
2026-07-24,2026-07-24T15:42:55+08:00,酷狗音乐,热歌榜,酷狗TOP500,2026-07-24,179,关不上的窗,周传雄,,4:53,C9FF4C5E86A76043F004E3BB17E08942,982655,https://www.kugou.com/yy/rank/home/9-8888.html?from=rank
2026-07-24,2026-07-24T15:42:55+08:00,酷狗音乐,热歌榜,酷狗TOP500,2026-07-24,180,灰色轨迹,BEYOND,,5:28,4476FAA4B6567CCC2292BFBBCA93CB9C,39629213,https://www.kugou.com/yy/rank/home/9-8888.html?from=rank
2026-07-24,2026-07-24T15:42:55+08:00,酷狗音乐,热歌榜,酷狗TOP500,2026-07-24,181,你本就是光,刘亦辰,,3:01,5943DA649B2516ABBEF2379C29202051,195268232,https://www.kugou.com/yy/rank/home/9-8888.html?from=rank
2026-07-24,2026-07-24T15:42:55+08:00,酷狗音乐,热歌榜,酷狗TOP500,2026-07-24,182,枫,周杰伦,,4:36,0D7E8C11C961A17EB8779FEB0CA772E3,958909,https://www.kugou.com/yy/rank/home/9-8888.html?from=rank
2026-07-24,2026-07-24T15:42:55+08:00,酷狗音乐,热歌榜,酷狗TOP500,2026-07-24,183,喜欢,阿肆,,4:10,F4233033E11BEF5AECD3BD64528A8236,14167090,https://www.kugou.com/yy/rank/home/9-8888.html?from=rank
2026-07-24,2026-07-24T15:42:55+08:00,酷狗音乐,热歌榜,酷狗TOP500,2026-07-24,184,烟花易冷,周杰伦,,4:23,B9FC03DF9015D6BFF0554A110BF2C84F,958812,https://www.kugou.com/yy/rank/home/9-8888.html?from=rank
2026-07-24,2026-07-24T15:42:55+08:00,酷狗音乐,热歌榜,酷狗TOP500,2026-07-24,185,我知道,BY2,,4:10,A225CDE22D07C38D381AC212633BE757,530437,https://www.kugou.com/yy/rank/home/9-8888.html?from=rank
2026-07-24,2026-07-24T15:42:55+08:00,酷狗音乐,热歌榜,酷狗TOP500,2026-07-24,186,舍不得又没资格 (男女合唱版),弦外之音,,2:57,39DBF61AACB72EAEB828D89C947E8AC7,199845860,https://www.kugou.com/yy/rank/home/9-8888.html?from=rank
2026-07-24,2026-07-24T15:42:55+08:00,酷狗音乐,热歌榜,酷狗TOP500,2026-07-24,187,飞鸟和蝉,任然,,4:56,EB5F5AF3993F6537F2C70B959F2DCD6B,38339036,https://www.kugou.com/yy/rank/home/9-8888.html?from=rank
2026-07-24,2026-07-24T15:42:55+08:00,酷狗音乐,热歌榜,酷狗TOP500,2026-07-24,188,Creepin' up on You,Darren Hayes,,4:53,6348CF4041BEE19FAD536C563C32695A,1593407,https://www.kugou.com/yy/rank/home/9-8888.html?from=rank
2026-07-24,2026-07-24T15:42:55+08:00,酷狗音乐,热歌榜,酷狗TOP500,2026-07-24,189,可惜没如果,林俊杰,,4:58,57D6EAF8F7E593A2C4B780D8045DE5C1,542795,https://www.kugou.com/yy/rank/home/9-8888.html?from=rank
2026-07-24,2026-07-24T15:42:55+08:00,酷狗音乐,热歌榜,酷狗TOP500,2026-07-24,190,是我不够好,李毓芬,,3:37,2B152C85BA2B73CBC79EA722928EF425,1590098,https://www.kugou.com/yy/rank/home/9-8888.html?from=rank
2026-07-24,2026-07-24T15:42:55+08:00,酷狗音乐,热歌榜,酷狗TOP500,2026-07-24,191,先说爱的人为什么先离开,田园,,3:40,6379393814B0A74AB7B87B2FA9E87689,107655422,https://www.kugou.com/yy/rank/home/9-8888.html?from=rank
2026-07-24,2026-07-24T15:42:55+08:00,酷狗音乐,热歌榜,酷狗TOP500,2026-07-24,192,老人与海,海鸣威、吴琼,,4:26,64550F3E833ABE710545EA84FC82754E,1778632,https://www.kugou.com/yy/rank/home/9-8888.html?from=rank
2026-07-24,2026-07-24T15:42:55+08:00,酷狗音乐,热歌榜,酷狗TOP500,2026-07-24,193,静音恋人 (两颗缠绕的心),礼越,,3:26,61F7ABEFA41C847C8F237C68883027CA,183361126,https://www.kugou.com/yy/rank/home/9-8888.html?from=rank
2026-07-24,2026-07-24T15:42:55+08:00,酷狗音乐,热歌榜,酷狗TOP500,2026-07-24,194,夏天的风,温岚,,4:01,50AF6B58086928F4A94170AFFAA12A2D,2997111,https://www.kugou.com/yy/rank/home/9-8888.html?from=rank
2026-07-24,2026-07-24T15:42:55+08:00,酷狗音乐,热歌榜,酷狗TOP500,2026-07-24,195,最后一页,江语晨,,4:06,EF053996094A323B42C35195E9781A30,1596655,https://www.kugou.com/yy/rank/home/9-8888.html?from=rank
2026-07-24,2026-07-24T15:42:55+08:00,酷狗音乐,热歌榜,酷狗TOP500,2026-07-24,196,想你的夜,关喆,,4:25,1404A292A6E122C99696BDFF04CE982F,963737,https://www.kugou.com/yy/rank/home/9-8888.html?from=rank
2026-07-24,2026-07-24T15:42:55+08:00,酷狗音乐,热歌榜,酷狗TOP500,2026-07-24,197,珊瑚海,周杰伦、Lara梁心颐,,4:16,90E34F0C582168E7EA857915771AB220,958909,https://www.kugou.com/yy/rank/home/9-8888.html?from=rank
2026-07-24,2026-07-24T15:42:55+08:00,酷狗音乐,热歌榜,酷狗TOP500,2026-07-24,198,不要在我寂寞的时候说爱我 (funky版),Bobo博official,,2:24,5E043A1E610CC92EC4D10816861667F8,180788163,https://www.kugou.com/yy/rank/home/9-8888.html?from=rank
2026-07-24,2026-07-24T15:42:55+08:00,酷狗音乐,热歌榜,酷狗TOP500,2026-07-24,199,琵琶行,奇然、沈谧仁,,5:35,0AB355EF75A56A57E1790734B2E26ED9,2563381,https://www.kugou.com/yy/rank/home/10-8888.html?from=rank
2026-07-24,2026-07-24T15:42:55+08:00,酷狗音乐,热歌榜,酷狗TOP500,2026-07-24,200,相遇的意义 (烟嗓R&B版),落日微醺,,3:09,1DB50CE5AFC2AE239D1E0E68C8A21B1A,196504361,https://www.kugou.com/yy/rank/home/10-8888.html?from=rank
2026-07-24,2026-07-24T15:42:55+08:00,酷狗音乐,热歌榜,酷狗TOP500,2026-07-24,201,九百九十九朵玫瑰 (r&b),落日微醺,,4:07,0969B2B26405C8DDEC7C72292F794D48,184352572,https://www.kugou.com/yy/rank/home/10-8888.html?from=rank
2026-07-24,2026-07-24T15:42:55+08:00,酷狗音乐,热歌榜,酷狗TOP500,2026-07-24,202,迷人的危险,Dance Flow,,3:26,0F666EF632DB9404308219BE5AAE43B4,551560,https://www.kugou.com/yy/rank/home/10-8888.html?from=rank
2026-07-24,2026-07-24T15:42:55+08:00,酷狗音乐,热歌榜,酷狗TOP500,2026-07-24,203,表白,萧亚轩,,3:29,0521A7354DF37C1C9705A3E3FD204B95,18052287,https://www.kugou.com/yy/rank/home/10-8888.html?from=rank
2026-07-24,2026-07-24T15:42:55+08:00,酷狗音乐,热歌榜,酷狗TOP500,2026-07-24,204,也许在下雨天 (对唱版),戎明睿、王一佳,,3:52,4CB350AE6C500934F12C4B85D348D95A,198650892,https://www.kugou.com/yy/rank/home/10-8888.html?from=rank
2026-07-24,2026-07-24T15:42:55+08:00,酷狗音乐,热歌榜,酷狗TOP500,2026-07-24,205,我是真的爱上你,王杰,,5:03,7C353B672AC945A3FE56022000A239FE,2996801,https://www.kugou.com/yy/rank/home/10-8888.html?from=rank
2026-07-24,2026-07-24T15:42:55+08:00,酷狗音乐,热歌榜,酷狗TOP500,2026-07-24,206,太聪明,陈绮贞,,4:23,89101DA817101FEA0C9ECF64EAE2B46F,959335,https://www.kugou.com/yy/rank/home/10-8888.html?from=rank
2026-07-24,2026-07-24T15:42:55+08:00,酷狗音乐,热歌榜,酷狗TOP500,2026-07-24,207,爱情转移,陈奕迅,,4:19,A549238FA1B05EABE841DFE110899647,962514,https://www.kugou.com/yy/rank/home/10-8888.html?from=rank
2026-07-24,2026-07-24T15:42:55+08:00,酷狗音乐,热歌榜,酷狗TOP500,2026-07-24,208,耳朵,JOSHUA,,4:02,1A830B1A870EC69337CEC9F708B8F4C2,200392214,https://www.kugou.com/yy/rank/home/10-8888.html?from=rank
2026-07-24,2026-07-24T15:42:55+08:00,酷狗音乐,热歌榜,酷狗TOP500,2026-07-24,209,我借 (御姐版),铁锤夫妇,,4:07,EC2F26754FED82D125388E7B27D536AA,197901242,https://www.kugou.com/yy/rank/home/10-8888.html?from=rank
2026-07-24,2026-07-24T15:42:55+08:00,酷狗音乐,热歌榜,酷狗TOP500,2026-07-24,210,起风了,买辣椒也用券,,5:26,5C035CBF390FEF6B536020A57749EF70,53218722,https://www.kugou.com/yy/rank/home/10-8888.html?from=rank
2026-07-24,2026-07-24T15:42:55+08:00,酷狗音乐,热歌榜,酷狗TOP500,2026-07-24,211,尘念,桑耶,,3:16,FBE82E5DCC11A3A8AF6B8A5B74E2F2BB,190711369,https://www.kugou.com/yy/rank/home/10-8888.html?from=rank
2026-07-24,2026-07-24T15:42:55+08:00,酷狗音乐,热歌榜,酷狗TOP500,2026-07-24,212,IF YOU,BIGBANG,,4:24,33C5FC6AB3AF0B5B142F12C9556CB178,549436,https://www.kugou.com/yy/rank/home/10-8888.html?from=rank
2026-07-24,2026-07-24T15:42:55+08:00,酷狗音乐,热歌榜,酷狗TOP500,2026-07-24,213,牵丝戏,银临、Aki阿杰,,3:59,5E7FF596F7D6021DA63AF36E91BECE4B,568968,https://www.kugou.com/yy/rank/home/10-8888.html?from=rank
2026-07-24,2026-07-24T15:42:55+08:00,酷狗音乐,热歌榜,酷狗TOP500,2026-07-24,214,下一个天亮,郭静,,4:27,7E2AD47232E7148C642B6836041826C9,971139,https://www.kugou.com/yy/rank/home/10-8888.html?from=rank
2026-07-24,2026-07-24T15:42:55+08:00,酷狗音乐,热歌榜,酷狗TOP500,2026-07-24,215,西海情歌,刀郎,,5:43,0E5FB14E78AFF13C2DEF97C814537CB7,984281,https://www.kugou.com/yy/rank/home/10-8888.html?from=rank
2026-07-24,2026-07-24T15:42:55+08:00,酷狗音乐,热歌榜,酷狗TOP500,2026-07-24,216,时差 (On call),鹿晗,,3:20,36AA9D4AB12C3037C589E1073D35F1C6,1993188,https://www.kugou.com/yy/rank/home/10-8888.html?from=rank
2026-07-24,2026-07-24T15:42:55+08:00,酷狗音乐,热歌榜,酷狗TOP500,2026-07-24,217,一生所爱,卢冠廷、莫文蔚,,4:34,C965B31DB9B5F4E4DB94DC071830C78F,3995801,https://www.kugou.com/yy/rank/home/10-8888.html?from=rank
2026-07-24,2026-07-24T15:42:55+08:00,酷狗音乐,热歌榜,酷狗TOP500,2026-07-24,218,忘记时间,胡歌,,4:32,BB2759C850804CB32A55480D85D21080,493001,https://www.kugou.com/yy/rank/home/10-8888.html?from=rank
2026-07-24,2026-07-24T15:42:55+08:00,酷狗音乐,热歌榜,酷狗TOP500,2026-07-24,219,土坡上的狗尾草,卢润泽,,3:15,5E40742110D3DB109A22BDB1012C6EBB,104913971,https://www.kugou.com/yy/rank/home/10-8888.html?from=rank
2026-07-24,2026-07-24T15:42:55+08:00,酷狗音乐,热歌榜,酷狗TOP500,2026-07-24,220,你的承诺,海鸣威,,3:53,B1996C2589FADECA9759A420E1EC3FE3,19347507,https://www.kugou.com/yy/rank/home/10-8888.html?from=rank
2026-07-24,2026-07-24T15:42:55+08:00,酷狗音乐,热歌榜,酷狗TOP500,2026-07-24,221,也许在下雨天 (眼泪才不被看见),何遇Hayu、Crybird,,3:47,18D96FA29BBCB2873400BEAB17B817CF,194623547,https://www.kugou.com/yy/rank/home/11-8888.html?from=rank
2026-07-24,2026-07-24T15:42:55+08:00,酷狗音乐,热歌榜,酷狗TOP500,2026-07-24,222,那天下雨了,周杰伦,,3:43,1335F720C701863F127FB14CCC9C08A2,179652761,https://www.kugou.com/yy/rank/home/11-8888.html?from=rank
2026-07-24,2026-07-24T15:42:55+08:00,酷狗音乐,热歌榜,酷狗TOP500,2026-07-24,223,瞬,郑润泽,,4:45,C06970FDB48E8E1F9BBC7577B7BC1938,75949211,https://www.kugou.com/yy/rank/home/11-8888.html?from=rank
2026-07-24,2026-07-24T15:42:55+08:00,酷狗音乐,热歌榜,酷狗TOP500,2026-07-24,224,广东爱情故事,广东雨神,,3:34,7A2956668C7D5393FF16AD930C23F2FD,4162049,https://www.kugou.com/yy/rank/home/11-8888.html?from=rank
2026-07-24,2026-07-24T15:42:55+08:00,酷狗音乐,热歌榜,酷狗TOP500,2026-07-24,225,爱如潮水,张信哲,,4:31,03542812844EE77A22E096A9D6974858,538030,https://www.kugou.com/yy/rank/home/11-8888.html?from=rank
2026-07-24,2026-07-24T15:42:55+08:00,酷狗音乐,热歌榜,酷狗TOP500,2026-07-24,226,过海,王赫野、黄龄,,3:47,35405E44573EF6D9F2F0AB42AE8BD716,199401816,https://www.kugou.com/yy/rank/home/11-8888.html?from=rank
2026-07-24,2026-07-24T15:42:55+08:00,酷狗音乐,热歌榜,酷狗TOP500,2026-07-24,227,水手,郑智化,,4:53,6DCF10DEA98A7C9F755BE385E822BE05,967718,https://www.kugou.com/yy/rank/home/11-8888.html?from=rank
2026-07-24,2026-07-24T15:42:55+08:00,酷狗音乐,热歌榜,酷狗TOP500,2026-07-24,228,也许在下雨天 (氛围版),晚月moon,,3:31,0CB347FCE5634E129B99A00DBC874274,198025603,https://www.kugou.com/yy/rank/home/11-8888.html?from=rank
2026-07-24,2026-07-24T15:42:55+08:00,酷狗音乐,热歌榜,酷狗TOP500,2026-07-24,229,最爱,周慧敏,,4:25,DBC221919A9686F684F90E1920179363,568311,https://www.kugou.com/yy/rank/home/11-8888.html?from=rank
2026-07-24,2026-07-24T15:42:55+08:00,酷狗音乐,热歌榜,酷狗TOP500,2026-07-24,230,白鸽乌鸦相爱的戏码,潘成（皮卡潘）,,2:54,1B5005F285D8B7FD083CA61C5753E9DB,100112898,https://www.kugou.com/yy/rank/home/11-8888.html?from=rank
2026-07-24,2026-07-24T15:42:55+08:00,酷狗音乐,热歌榜,酷狗TOP500,2026-07-24,231,还爱着你,文夫,,3:52,A61924D891C970A28150FDF9E5E56C53,171019019,https://www.kugou.com/yy/rank/home/11-8888.html?from=rank
2026-07-24,2026-07-24T15:42:55+08:00,酷狗音乐,热歌榜,酷狗TOP500,2026-07-24,232,有何不可,许嵩,,4:01,B3D5D7D3A140628D1605BD392467E348,973251,https://www.kugou.com/yy/rank/home/11-8888.html?from=rank
2026-07-24,2026-07-24T15:42:55+08:00,酷狗音乐,热歌榜,酷狗TOP500,2026-07-24,233,座位,于冬然,,3:29,D87A09DB3166215E5DFD4A30C922509E,137485296,https://www.kugou.com/yy/rank/home/11-8888.html?from=rank
2026-07-24,2026-07-24T15:42:55+08:00,酷狗音乐,热歌榜,酷狗TOP500,2026-07-24,234,不该 (with aMEI),周杰伦、张惠妹,,4:51,FCF336E81DA45A8E696032FFC1708175,1645030,https://www.kugou.com/yy/rank/home/11-8888.html?from=rank
2026-07-24,2026-07-24T15:42:55+08:00,酷狗音乐,热歌榜,酷狗TOP500,2026-07-24,235,如果可以,韦礼安,,4:34,70425DF5F0C9FCED5E0468189A7F4A70,49958186,https://www.kugou.com/yy/rank/home/11-8888.html?from=rank
2026-07-24,2026-07-24T15:42:55+08:00,酷狗音乐,热歌榜,酷狗TOP500,2026-07-24,236,执子之手,宝石Gem、哩哩,,3:10,A84D44A92F427A3198ECEE703B708478,61962429,https://www.kugou.com/yy/rank/home/11-8888.html?from=rank
2026-07-24,2026-07-24T15:42:55+08:00,酷狗音乐,热歌榜,酷狗TOP500,2026-07-24,237,第一次爱的人,王心凌,,3:53,31B213E45501B3698702EDB7C0A3E5A6,979891,https://www.kugou.com/yy/rank/home/11-8888.html?from=rank
2026-07-24,2026-07-24T15:42:55+08:00,酷狗音乐,热歌榜,酷狗TOP500,2026-07-24,238,我的歌声里,曲婉婷,,3:37,227D8E7B7B6EAF7509BB345A7B718EB2,516422,https://www.kugou.com/yy/rank/home/11-8888.html?from=rank
2026-07-24,2026-07-24T15:42:55+08:00,酷狗音乐,热歌榜,酷狗TOP500,2026-07-24,239,一样的月光,徐佳莹,,4:00,F6B097E66D65A9B20453B46E4E5D9EBE,972101,https://www.kugou.com/yy/rank/home/11-8888.html?from=rank
2026-07-24,2026-07-24T15:42:55+08:00,酷狗音乐,热歌榜,酷狗TOP500,2026-07-24,240,世界上的另一个我,阿肆、郭采洁,,3:58,73C0E5566146583A631C9A94203405D6,4255765,https://www.kugou.com/yy/rank/home/11-8888.html?from=rank
2026-07-24,2026-07-24T15:42:55+08:00,酷狗音乐,热歌榜,酷狗TOP500,2026-07-24,241,只为你着迷,李秉成,,4:01,C2F47FB042D8FE6A2B5265DFCF8919A5,11795396,https://www.kugou.com/yy/rank/home/11-8888.html?from=rank
2026-07-24,2026-07-24T15:42:55+08:00,酷狗音乐,热歌榜,酷狗TOP500,2026-07-24,242,半壶纱 (Live),郁可唯、金晨,,3:31,64BC64363B323E2344B324AA963AE46C,199810791,https://www.kugou.com/yy/rank/home/11-8888.html?from=rank
2026-07-24,2026-07-24T15:42:55+08:00,酷狗音乐,热歌榜,酷狗TOP500,2026-07-24,243,明明就,周杰伦,,4:20,D85C14E02008B7A2F97D55CDC29C2221,982051,https://www.kugou.com/yy/rank/home/12-8888.html?from=rank
2026-07-24,2026-07-24T15:42:55+08:00,酷狗音乐,热歌榜,酷狗TOP500,2026-07-24,244,暖一杯茶,邵帅,,4:03,26A9B8C6480C22BC4342F22CB897E760,23061596,https://www.kugou.com/yy/rank/home/12-8888.html?from=rank
2026-07-24,2026-07-24T15:42:55+08:00,酷狗音乐,热歌榜,酷狗TOP500,2026-07-24,245,恶作剧,王蓝茵,,3:47,05B893FC78627C3F5635491BBB35167E,720564,https://www.kugou.com/yy/rank/home/12-8888.html?from=rank
2026-07-24,2026-07-24T15:42:55+08:00,酷狗音乐,热歌榜,酷狗TOP500,2026-07-24,246,香烟与吻痕 (我在月光下许过情真),黄龄,,3:48,E846D1F54C3125EDE925EDD67A8671BC,198019905,https://www.kugou.com/yy/rank/home/12-8888.html?from=rank
2026-07-24,2026-07-24T15:42:55+08:00,酷狗音乐,热歌榜,酷狗TOP500,2026-07-24,247,不遗憾,李荣浩,,5:20,40CE38D5DB930F404EB26F58978BEC3D,44404137,https://www.kugou.com/yy/rank/home/12-8888.html?from=rank
2026-07-24,2026-07-24T15:42:55+08:00,酷狗音乐,热歌榜,酷狗TOP500,2026-07-24,248,老街,李荣浩,,5:19,30E7F7CCB57EB16D1BE3EC71D7ADB071,964378,https://www.kugou.com/yy/rank/home/12-8888.html?from=rank
2026-07-24,2026-07-24T15:42:55+08:00,酷狗音乐,热歌榜,酷狗TOP500,2026-07-24,249,最长的电影,周杰伦,,3:56,DBE8FCD4C5072CF6139A28E32D45B990,979856,https://www.kugou.com/yy/rank/home/12-8888.html?from=rank
2026-07-24,2026-07-24T15:42:55+08:00,酷狗音乐,热歌榜,酷狗TOP500,2026-07-24,250,天地龙鳞,王力宏,,3:17,DD83DC4A30C3A05D60FFCE6944FB441C,50749156,https://www.kugou.com/yy/rank/home/12-8888.html?from=rank
2026-07-24,2026-07-24T15:42:55+08:00,酷狗音乐,热歌榜,酷狗TOP500,2026-07-24,251,年少有为,李荣浩,,4:39,3A5C1D6CDABB2FDA813F8F8B7E4D08B0,8873395,https://www.kugou.com/yy/rank/home/12-8888.html?from=rank
2026-07-24,2026-07-24T15:42:55+08:00,酷狗音乐,热歌榜,酷狗TOP500,2026-07-24,252,冲动的惩罚,刀郎,,7:54,84073718AE6A82366444C3B5AE526FAC,964521,https://www.kugou.com/yy/rank/home/12-8888.html?from=rank
2026-07-24,2026-07-24T15:42:55+08:00,酷狗音乐,热歌榜,酷狗TOP500,2026-07-24,253,"Baby, Don't Cry (人鱼的眼泪)(Chinese Ver.)",EXO,,3:56,B692ED61ED4DDE69C50EB8B975D4E04D,22436133,https://www.kugou.com/yy/rank/home/12-8888.html?from=rank
2026-07-24,2026-07-24T15:42:55+08:00,酷狗音乐,热歌榜,酷狗TOP500,2026-07-24,254,摇太阳 (雷鬼版),白兰的,,4:32,97915750F2E7DEBEB4E2C7AF4AA7F5A1,183678520,https://www.kugou.com/yy/rank/home/12-8888.html?from=rank
2026-07-24,2026-07-24T15:42:55+08:00,酷狗音乐,热歌榜,酷狗TOP500,2026-07-24,255,模特,李荣浩,,5:06,87EBC49856D2CB3C04992C9A87E5A5C5,968143,https://www.kugou.com/yy/rank/home/12-8888.html?from=rank
2026-07-24,2026-07-24T15:42:55+08:00,酷狗音乐,热歌榜,酷狗TOP500,2026-07-24,256,我记得,赵雷,,5:30,8CE80CF10A01F37354D63E49C1B60B60,60018447,https://www.kugou.com/yy/rank/home/12-8888.html?from=rank
2026-07-24,2026-07-24T15:42:55+08:00,酷狗音乐,热歌榜,酷狗TOP500,2026-07-24,257,倒数,G.E.M. 邓紫棋,,3:49,65945C4D6FB03D7997AE133C9BE5715D,9373625,https://www.kugou.com/yy/rank/home/12-8888.html?from=rank
2026-07-24,2026-07-24T15:42:55+08:00,酷狗音乐,热歌榜,酷狗TOP500,2026-07-24,258,Alive,Blue,,3:40,996EE22D2450A7C7528394F7F98432E6,560693,https://www.kugou.com/yy/rank/home/12-8888.html?from=rank
2026-07-24,2026-07-24T15:42:55+08:00,酷狗音乐,热歌榜,酷狗TOP500,2026-07-24,259,雪下的时候,乔佳旭,,4:24,F6B3AA5971A01E755A344C2256606418,35913748,https://www.kugou.com/yy/rank/home/12-8888.html?from=rank
2026-07-24,2026-07-24T15:42:55+08:00,酷狗音乐,热歌榜,酷狗TOP500,2026-07-24,260,背着风流泪,文夫,,4:14,93313560CDE28F74AA7D2894E3C4D7F7,146986506,https://www.kugou.com/yy/rank/home/12-8888.html?from=rank
2026-07-24,2026-07-24T15:42:55+08:00,酷狗音乐,热歌榜,酷狗TOP500,2026-07-24,261,别错过 (Live),杨宗纬、姚晓棠,,2:58,502C61B5F8E5666E184E9173D17AA6F6,199810791,https://www.kugou.com/yy/rank/home/12-8888.html?from=rank
2026-07-24,2026-07-24T15:42:55+08:00,酷狗音乐,热歌榜,酷狗TOP500,2026-07-24,262,情人,蔡徐坤,,3:15,120F234213ACB64E202B391612D5D9CA,37760326,https://www.kugou.com/yy/rank/home/12-8888.html?from=rank
2026-07-24,2026-07-24T15:42:55+08:00,酷狗音乐,热歌榜,酷狗TOP500,2026-07-24,263,遗失的心跳,萧亚轩,,3:37,54C1A6E877BB37D052A86D4C41604FE7,521727,https://www.kugou.com/yy/rank/home/12-8888.html?from=rank
2026-07-24,2026-07-24T15:42:55+08:00,酷狗音乐,热歌榜,酷狗TOP500,2026-07-24,264,蓝莲花,许巍,,4:31,EDCDC42FEE3A4BC8F2ADBAF96ADE9D77,15247919,https://www.kugou.com/yy/rank/home/12-8888.html?from=rank
2026-07-24,2026-07-24T15:42:55+08:00,酷狗音乐,热歌榜,酷狗TOP500,2026-07-24,265,不潮不用花钱,林俊杰,,3:54,5A84BBA4C673BEA45083C521ADF366AF,963179,https://www.kugou.com/yy/rank/home/13-8888.html?from=rank
2026-07-24,2026-07-24T15:42:55+08:00,酷狗音乐,热歌榜,酷狗TOP500,2026-07-24,266,也许在下雨天 (眼泪才不被看见),向思思,,3:47,5251BCAF8CD6D7B43C4528F3AE53BAED,197728284,https://www.kugou.com/yy/rank/home/13-8888.html?from=rank
2026-07-24,2026-07-24T15:42:55+08:00,酷狗音乐,热歌榜,酷狗TOP500,2026-07-24,267,不能说的秘密,周杰伦,,4:57,EDFC5DD1AC3D58971AB95B3E2700D015,554150,https://www.kugou.com/yy/rank/home/13-8888.html?from=rank
2026-07-24,2026-07-24T15:42:55+08:00,酷狗音乐,热歌榜,酷狗TOP500,2026-07-24,268,依兰爱情故事,金志文,,4:52,21C7EF72EE4E29653FF4C028D82BB889,198293753,https://www.kugou.com/yy/rank/home/13-8888.html?from=rank
2026-07-24,2026-07-24T15:42:55+08:00,酷狗音乐,热歌榜,酷狗TOP500,2026-07-24,269,也许在下雨天 (R&B版),落日微醺,,3:49,C9527B6C9EA30FA690641B372B3310EC,195588821,https://www.kugou.com/yy/rank/home/13-8888.html?from=rank
2026-07-24,2026-07-24T15:42:55+08:00,酷狗音乐,热歌榜,酷狗TOP500,2026-07-24,270,天外来物,薛之谦,,4:17,761C1EAFBD1E22504B487F84D2152DF5,40890018,https://www.kugou.com/yy/rank/home/13-8888.html?from=rank
2026-07-24,2026-07-24T15:42:55+08:00,酷狗音乐,热歌榜,酷狗TOP500,2026-07-24,271,你还要我怎样,薛之谦,,5:11,8C6AAC48FB5C3759042E4C8699544C6F,960327,https://www.kugou.com/yy/rank/home/13-8888.html?from=rank
2026-07-24,2026-07-24T15:42:55+08:00,酷狗音乐,热歌榜,酷狗TOP500,2026-07-24,272,还是分开,张叶蕾,,3:49,A9B126E712C82BAB3CCCA272BE4B84E4,51924399,https://www.kugou.com/yy/rank/home/13-8888.html?from=rank
2026-07-24,2026-07-24T15:42:55+08:00,酷狗音乐,热歌榜,酷狗TOP500,2026-07-24,273,雀跃,任然、小来,,3:56,6F07E18E17B811C4931349D7D87C1A43,2820318,https://www.kugou.com/yy/rank/home/13-8888.html?from=rank
2026-07-24,2026-07-24T15:42:55+08:00,酷狗音乐,热歌榜,酷狗TOP500,2026-07-24,274,喜欢你 (G.E.M.重生版),G.E.M. 邓紫棋,,4:03,AA4D82A7506DE809B7A89F91B73F3E1E,150256944,https://www.kugou.com/yy/rank/home/13-8888.html?from=rank
2026-07-24,2026-07-24T15:42:55+08:00,酷狗音乐,热歌榜,酷狗TOP500,2026-07-24,275,半岛铁盒,周杰伦,,5:19,67BA8A4A0681F2078BC423CB13B904B7,961807,https://www.kugou.com/yy/rank/home/13-8888.html?from=rank
2026-07-24,2026-07-24T15:42:55+08:00,酷狗音乐,热歌榜,酷狗TOP500,2026-07-24,276,不分手的恋爱,汪苏泷,,3:26,543A6E13C527E52886E51BBF14191C8F,37376237,https://www.kugou.com/yy/rank/home/13-8888.html?from=rank
2026-07-24,2026-07-24T15:42:55+08:00,酷狗音乐,热歌榜,酷狗TOP500,2026-07-24,277,如果当时,许嵩,,5:16,697712B7504DA5541C3ED4D117AE1018,973251,https://www.kugou.com/yy/rank/home/13-8888.html?from=rank
2026-07-24,2026-07-24T15:42:55+08:00,酷狗音乐,热歌榜,酷狗TOP500,2026-07-24,278,Lonely,Nana,,6:21,3514D26D3754FAF4949A3C40F4BBDA63,45833884,https://www.kugou.com/yy/rank/home/13-8888.html?from=rank
2026-07-24,2026-07-24T15:42:55+08:00,酷狗音乐,热歌榜,酷狗TOP500,2026-07-24,279,坠落,蔡健雅,,4:10,233254CB517BAA74387361C2158519DA,974379,https://www.kugou.com/yy/rank/home/13-8888.html?from=rank
2026-07-24,2026-07-24T15:42:55+08:00,酷狗音乐,热歌榜,酷狗TOP500,2026-07-24,280,顺其自然 (让花是花 让树是树),国产阿发,,2:00,54D8581160D1CCB7D3D3307F7F0196A1,196400635,https://www.kugou.com/yy/rank/home/13-8888.html?from=rank
2026-07-24,2026-07-24T15:42:55+08:00,酷狗音乐,热歌榜,酷狗TOP500,2026-07-24,281,他真的对你好吗,付豪,,4:18,B1B875147F45355FF807402402F5B573,55501876,https://www.kugou.com/yy/rank/home/13-8888.html?from=rank
2026-07-24,2026-07-24T15:42:55+08:00,酷狗音乐,热歌榜,酷狗TOP500,2026-07-24,282,那些你很冒险的梦,林俊杰,,4:05,468A823BD25A585841F4BC5ED3EF945B,977237,https://www.kugou.com/yy/rank/home/13-8888.html?from=rank
2026-07-24,2026-07-24T15:42:55+08:00,酷狗音乐,热歌榜,酷狗TOP500,2026-07-24,283,平凡之路,朴树,,5:01,2BE5DE80E68B3346918D38CF7527D979,2944963,https://www.kugou.com/yy/rank/home/13-8888.html?from=rank
2026-07-24,2026-07-24T15:42:55+08:00,酷狗音乐,热歌榜,酷狗TOP500,2026-07-24,284,我不配,周杰伦,,4:49,00CBE76AE7676D5D2A3D832D202C8FFD,979856,https://www.kugou.com/yy/rank/home/13-8888.html?from=rank
2026-07-24,2026-07-24T15:42:55+08:00,酷狗音乐,热歌榜,酷狗TOP500,2026-07-24,285,只若初见,张德伊玲,,3:24,0AC57BC59B96F7BF216744F93617FC8B,58285492,https://www.kugou.com/yy/rank/home/13-8888.html?from=rank
2026-07-24,2026-07-24T15:42:55+08:00,酷狗音乐,热歌榜,酷狗TOP500,2026-07-24,286,别说你还深深爱着我,婉婷、杨烬,,3:45,0938FF862C986F6A93B4A7657CAA1125,195023851,https://www.kugou.com/yy/rank/home/13-8888.html?from=rank
2026-07-24,2026-07-24T15:42:55+08:00,酷狗音乐,热歌榜,酷狗TOP500,2026-07-24,287,我曾像傻子一样爱你,老板,,4:03,85F18C8A9470C0BE7BD1D679ACFC6E21,171863030,https://www.kugou.com/yy/rank/home/14-8888.html?from=rank
2026-07-24,2026-07-24T15:42:55+08:00,酷狗音乐,热歌榜,酷狗TOP500,2026-07-24,288,没那么简单,黄小琥,,5:08,90D82FB9EB6C1F5385F6F086318EE1FA,962530,https://www.kugou.com/yy/rank/home/14-8888.html?from=rank
2026-07-24,2026-07-24T15:42:55+08:00,酷狗音乐,热歌榜,酷狗TOP500,2026-07-24,289,落空,印子月,,3:53,F2823FEC8D01EDE2587ED3D32F787782,15394482,https://www.kugou.com/yy/rank/home/14-8888.html?from=rank
2026-07-24,2026-07-24T15:42:55+08:00,酷狗音乐,热歌榜,酷狗TOP500,2026-07-24,290,Because of You,Kelly Clarkson,,3:39,FED9A7BE6BC7D2FF3B8426ECEF34A2B6,1592158,https://www.kugou.com/yy/rank/home/14-8888.html?from=rank
2026-07-24,2026-07-24T15:42:55+08:00,酷狗音乐,热歌榜,酷狗TOP500,2026-07-24,291,如果爱忘了 (Live),汪苏泷、单依纯,,4:05,50F260DC0A2E7203A1AB89E1937F3927,83718089,https://www.kugou.com/yy/rank/home/14-8888.html?from=rank
2026-07-24,2026-07-24T15:42:55+08:00,酷狗音乐,热歌榜,酷狗TOP500,2026-07-24,292,幻听,许嵩,,4:33,24F5E7555646965CD7D1A924452B3300,973046,https://www.kugou.com/yy/rank/home/14-8888.html?from=rank
2026-07-24,2026-07-24T15:42:55+08:00,酷狗音乐,热歌榜,酷狗TOP500,2026-07-24,293,断点,张敬轩,,4:28,2C2A571D91FF7BF6FE814887FFA7E592,2996592,https://www.kugou.com/yy/rank/home/14-8888.html?from=rank
2026-07-24,2026-07-24T15:42:55+08:00,酷狗音乐,热歌榜,酷狗TOP500,2026-07-24,294,天际,洋澜一,,5:46,DEAE9D1FC61F4810A0C15AA9CFD83722,76611526,https://www.kugou.com/yy/rank/home/14-8888.html?from=rank
2026-07-24,2026-07-24T15:42:55+08:00,酷狗音乐,热歌榜,酷狗TOP500,2026-07-24,295,연애의 조건 (恋爱的条件),BESTie,,3:12,FBE0D895B585AFAD693FE42529311608,959733,https://www.kugou.com/yy/rank/home/14-8888.html?from=rank
2026-07-24,2026-07-24T15:42:55+08:00,酷狗音乐,热歌榜,酷狗TOP500,2026-07-24,296,我爱的是爱我的你,纯手动洗衣机,,3:40,E8A313D72B0624C85227D48D5D55BF6F,184901497,https://www.kugou.com/yy/rank/home/14-8888.html?from=rank
2026-07-24,2026-07-24T15:42:55+08:00,酷狗音乐,热歌榜,酷狗TOP500,2026-07-24,297,搀扶,马健涛,,5:28,D95AE3CC810BB62D28505AE1510C329F,130332417,https://www.kugou.com/yy/rank/home/14-8888.html?from=rank
2026-07-24,2026-07-24T15:42:55+08:00,酷狗音乐,热歌榜,酷狗TOP500,2026-07-24,298,借口,枕星而歌,,2:37,92FEA67D36C8178F418F5FF71096945D,191018202,https://www.kugou.com/yy/rank/home/14-8888.html?from=rank
2026-07-24,2026-07-24T15:42:55+08:00,酷狗音乐,热歌榜,酷狗TOP500,2026-07-24,299,月亮照山川,窝窝,,3:18,B96C803232E044E3D6308EAE37ADDE1D,142338715,https://www.kugou.com/yy/rank/home/14-8888.html?from=rank
2026-07-24,2026-07-24T15:42:55+08:00,酷狗音乐,热歌榜,酷狗TOP500,2026-07-24,300,再见只是陌生人,庄心妍,,4:12,67F2E5F1B47C2B86E201518FD24D9831,556403,https://www.kugou.com/yy/rank/home/14-8888.html?from=rank
2026-07-24,2026-07-24T15:42:55+08:00,酷狗音乐,热歌榜,酷狗TOP500,2026-07-24,301,我们的歌,王力宏,,4:08,4E294957A0D9B72A78B61F3C2A63B6CC,503223,https://www.kugou.com/yy/rank/home/14-8888.html?from=rank
2026-07-24,2026-07-24T15:42:55+08:00,酷狗音乐,热歌榜,酷狗TOP500,2026-07-24,302,不如见一面,海来阿木,,4:08,A8CC7F0EA73DE4DE226B26C3F44DD563,80038154,https://www.kugou.com/yy/rank/home/14-8888.html?from=rank
2026-07-24,2026-07-24T15:42:55+08:00,酷狗音乐,热歌榜,酷狗TOP500,2026-07-24,303,That Girl,Olly Murs,,2:57,B32C3C7FA2452E7338BFC6F2283FE8ED,1820815,https://www.kugou.com/yy/rank/home/14-8888.html?from=rank
2026-07-24,2026-07-24T15:42:55+08:00,酷狗音乐,热歌榜,酷狗TOP500,2026-07-24,304,哼着你爱听的歌 (女版),田园,,3:20,37B0685181098FB8427291594EDBC8CD,162686180,https://www.kugou.com/yy/rank/home/14-8888.html?from=rank
2026-07-24,2026-07-24T15:42:55+08:00,酷狗音乐,热歌榜,酷狗TOP500,2026-07-24,305,忘了你忘了我,王杰,,4:38,95CBD367E98724883CA99874AD626446,962390,https://www.kugou.com/yy/rank/home/14-8888.html?from=rank
2026-07-24,2026-07-24T15:42:55+08:00,酷狗音乐,热歌榜,酷狗TOP500,2026-07-24,306,Letting Go,蔡健雅,,4:23,326CBB23BAA90062047512376AA406A4,978874,https://www.kugou.com/yy/rank/home/14-8888.html?from=rank
2026-07-24,2026-07-24T15:42:55+08:00,酷狗音乐,热歌榜,酷狗TOP500,2026-07-24,307,是你没选我啊,于冬然,,3:22,885046DF8380B7506A6B12EC8F6E201D,176303736,https://www.kugou.com/yy/rank/home/14-8888.html?from=rank
2026-07-24,2026-07-24T15:42:55+08:00,酷狗音乐,热歌榜,酷狗TOP500,2026-07-24,308,感谢你曾来过,Ayo97、周思涵,,4:10,39DCBBDCB0B377628BEF5FD48EF01254,9101627,https://www.kugou.com/yy/rank/home/14-8888.html?from=rank
2026-07-24,2026-07-24T15:42:55+08:00,酷狗音乐,热歌榜,酷狗TOP500,2026-07-24,309,简单爱,周杰伦,,4:30,6E44CE19BE5872384FA184B995CCE23B,958706,https://www.kugou.com/yy/rank/home/15-8888.html?from=rank
2026-07-24,2026-07-24T15:42:55+08:00,酷狗音乐,热歌榜,酷狗TOP500,2026-07-24,310,遗留在岁月的曾经,曲木老表,,3:49,4C1A5D2BD02B857C72364B1416124256,167884062,https://www.kugou.com/yy/rank/home/15-8888.html?from=rank
2026-07-24,2026-07-24T15:42:55+08:00,酷狗音乐,热歌榜,酷狗TOP500,2026-07-24,311,爱我还是他,陶喆,,4:53,004A93C3A157D825B92A91EEB17DA36A,7547427,https://www.kugou.com/yy/rank/home/15-8888.html?from=rank
2026-07-24,2026-07-24T15:42:55+08:00,酷狗音乐,热歌榜,酷狗TOP500,2026-07-24,312,夏夜最后的烟火,颜人中,,4:40,4E418EDAB22093B51C78C81C0A8C9B31,39949767,https://www.kugou.com/yy/rank/home/15-8888.html?from=rank
2026-07-24,2026-07-24T15:42:55+08:00,酷狗音乐,热歌榜,酷狗TOP500,2026-07-24,313,等风回,陈焱鑫,,3:26,B27924C112E714B9E78E5C62A5B275B1,198449896,https://www.kugou.com/yy/rank/home/15-8888.html?from=rank
2026-07-24,2026-07-24T15:42:55+08:00,酷狗音乐,热歌榜,酷狗TOP500,2026-07-24,314,手放开,李圣杰,,4:25,022583751858F1E3558F32EC4ECF7DD5,959847,https://www.kugou.com/yy/rank/home/15-8888.html?from=rank
2026-07-24,2026-07-24T15:42:55+08:00,酷狗音乐,热歌榜,酷狗TOP500,2026-07-24,315,麦恩莉,方大同,,4:48,3A08C7B067EC2E9B552AB8664490FCEB,971920,https://www.kugou.com/yy/rank/home/15-8888.html?from=rank
2026-07-24,2026-07-24T15:42:55+08:00,酷狗音乐,热歌榜,酷狗TOP500,2026-07-24,316,不浪漫罪名,王杰,,4:48,4255D3F001B95B07F2D5BE330D14A780,503247,https://www.kugou.com/yy/rank/home/15-8888.html?from=rank
2026-07-24,2026-07-24T15:42:55+08:00,酷狗音乐,热歌榜,酷狗TOP500,2026-07-24,317,记事本,陈慧琳,,4:11,26684870E2CE3936A3D72559F67C0606,2996651,https://www.kugou.com/yy/rank/home/15-8888.html?from=rank
2026-07-24,2026-07-24T15:42:55+08:00,酷狗音乐,热歌榜,酷狗TOP500,2026-07-24,318,你就不要想起我,田馥甄,,4:41,33E67CD9B775093E93CBABBD649DF087,965595,https://www.kugou.com/yy/rank/home/15-8888.html?from=rank
2026-07-24,2026-07-24T15:42:55+08:00,酷狗音乐,热歌榜,酷狗TOP500,2026-07-24,319,一个人想着一个人,曾沛慈,,4:04,C9148675D85D3C2B306E966000BC5ABD,542900,https://www.kugou.com/yy/rank/home/15-8888.html?from=rank
2026-07-24,2026-07-24T15:42:55+08:00,酷狗音乐,热歌榜,酷狗TOP500,2026-07-24,320,就让岁月开成一朵花,阿云朵,,5:19,AFEC70D28F29BB844F93D6BC3B8A5EE9,183681654,https://www.kugou.com/yy/rank/home/15-8888.html?from=rank
2026-07-24,2026-07-24T15:42:55+08:00,酷狗音乐,热歌榜,酷狗TOP500,2026-07-24,321,同花顺,林倛玉,,3:57,87C979FC3CBA27D6345528A1BEF05477,8603846,https://www.kugou.com/yy/rank/home/15-8888.html?from=rank
2026-07-24,2026-07-24T15:42:55+08:00,酷狗音乐,热歌榜,酷狗TOP500,2026-07-24,322,主角,王菲,,5:00,5AC9B20840021F9BE51D76C3067BCC26,189702143,https://www.kugou.com/yy/rank/home/15-8888.html?from=rank
2026-07-24,2026-07-24T15:42:55+08:00,酷狗音乐,热歌榜,酷狗TOP500,2026-07-24,323,问爱 (Live),Yamy郭颖,,3:05,A219A06DA079E6763FB495312BA6C517,199916227,https://www.kugou.com/yy/rank/home/15-8888.html?from=rank
2026-07-24,2026-07-24T15:42:55+08:00,酷狗音乐,热歌榜,酷狗TOP500,2026-07-24,324,大海,张雨生,,4:40,BF8252BEAE57AEB53490145CA8E81BB4,967705,https://www.kugou.com/yy/rank/home/15-8888.html?from=rank
2026-07-24,2026-07-24T15:42:55+08:00,酷狗音乐,热歌榜,酷狗TOP500,2026-07-24,325,冬天的秘密,周传雄,,4:33,1088AEEAB9674A49F8067DCDEB1FC1EE,982655,https://www.kugou.com/yy/rank/home/15-8888.html?from=rank
2026-07-24,2026-07-24T15:42:55+08:00,酷狗音乐,热歌榜,酷狗TOP500,2026-07-24,326,无名的人,毛不易,,4:42,525A854C4A4EDF63CAF528D693F69CE0,51231315,https://www.kugou.com/yy/rank/home/15-8888.html?from=rank
2026-07-24,2026-07-24T15:42:55+08:00,酷狗音乐,热歌榜,酷狗TOP500,2026-07-24,327,偏偏喜欢你,陈百强,,3:32,D186383AA965D13601CFF4857F844FEE,983655,https://www.kugou.com/yy/rank/home/15-8888.html?from=rank
2026-07-24,2026-07-24T15:42:55+08:00,酷狗音乐,热歌榜,酷狗TOP500,2026-07-24,328,爱，请问怎么走,A-Lin,,4:28,D67CB2EA6082D5AB871509EC06B48370,964045,https://www.kugou.com/yy/rank/home/15-8888.html?from=rank
2026-07-24,2026-07-24T15:42:55+08:00,酷狗音乐,热歌榜,酷狗TOP500,2026-07-24,329,像鱼,王贰浪,,4:45,6215C5A85B30E53C2E4C20C4DED38D72,13621986,https://www.kugou.com/yy/rank/home/15-8888.html?from=rank
2026-07-24,2026-07-24T15:42:55+08:00,酷狗音乐,热歌榜,酷狗TOP500,2026-07-24,330,不负众望,陈婉菁,,3:55,B54BD54DD6B27B311A9F7E2CF9505D3E,62005607,https://www.kugou.com/yy/rank/home/15-8888.html?from=rank
2026-07-24,2026-07-24T15:42:55+08:00,酷狗音乐,热歌榜,酷狗TOP500,2026-07-24,331,一程山路,毛不易,,3:36,F4B3D7DFFA85DAE7737243598153A168,34631159,https://www.kugou.com/yy/rank/home/16-8888.html?from=rank
2026-07-24,2026-07-24T15:42:55+08:00,酷狗音乐,热歌榜,酷狗TOP500,2026-07-24,332,琵琶曲,郑浩、冰洁,,3:55,244A022D6CB3FDE50B24E76402053EB3,180917343,https://www.kugou.com/yy/rank/home/16-8888.html?from=rank
2026-07-24,2026-07-24T15:42:55+08:00,酷狗音乐,热歌榜,酷狗TOP500,2026-07-24,333,好久不见,陈奕迅,,4:11,8E1DDAF172D9C60A28C19358B07BFBF8,962514,https://www.kugou.com/yy/rank/home/16-8888.html?from=rank
2026-07-24,2026-07-24T15:42:55+08:00,酷狗音乐,热歌榜,酷狗TOP500,2026-07-24,334,不如见一面2026,海来阿木,,3:57,4866C4CEB901B773ABD6276802E393C9,181816199,https://www.kugou.com/yy/rank/home/16-8888.html?from=rank
2026-07-24,2026-07-24T15:42:55+08:00,酷狗音乐,热歌榜,酷狗TOP500,2026-07-24,335,西楼儿女,海来阿木,,4:18,84DA47460010F3D91E203F777233DAA4,62931439,https://www.kugou.com/yy/rank/home/16-8888.html?from=rank
2026-07-24,2026-07-24T15:42:55+08:00,酷狗音乐,热歌榜,酷狗TOP500,2026-07-24,336,Take Me to Your Heart,Michael Learns To Rock,,3:59,97ED0BF75D3D6EEB97A326073F503AC8,561642,https://www.kugou.com/yy/rank/home/16-8888.html?from=rank
2026-07-24,2026-07-24T15:42:55+08:00,酷狗音乐,热歌榜,酷狗TOP500,2026-07-24,337,谁明浪子心,王杰,,5:01,1E54C9C01C9DFC5C68F743368F353711,983991,https://www.kugou.com/yy/rank/home/16-8888.html?from=rank
2026-07-24,2026-07-24T15:42:55+08:00,酷狗音乐,热歌榜,酷狗TOP500,2026-07-24,338,怎么两清 (做回甲乙丙丁),欢子,,3:22,342245E480BE5995EEAACD411B1E5CCA,199624225,https://www.kugou.com/yy/rank/home/16-8888.html?from=rank
2026-07-24,2026-07-24T15:42:55+08:00,酷狗音乐,热歌榜,酷狗TOP500,2026-07-24,339,踏马寻花向自由 (潇洒版),雷鬼叔,,2:49,2AB7A8EBAD8E05DEF40E7F9330FCB01E,198887108,https://www.kugou.com/yy/rank/home/16-8888.html?from=rank
2026-07-24,2026-07-24T15:42:55+08:00,酷狗音乐,热歌榜,酷狗TOP500,2026-07-24,340,悬溺,葛东琪,,3:17,666484E904A54B1E62C9FBFDBE6E2563,23773597,https://www.kugou.com/yy/rank/home/16-8888.html?from=rank
2026-07-24,2026-07-24T15:42:55+08:00,酷狗音乐,热歌榜,酷狗TOP500,2026-07-24,341,半点心,草蜢,,3:52,6DF94BFD206BB819120C0D021B93EDBC,564642,https://www.kugou.com/yy/rank/home/16-8888.html?from=rank
2026-07-24,2026-07-24T15:42:55+08:00,酷狗音乐,热歌榜,酷狗TOP500,2026-07-24,342,匿名的好友,杨丞琳,,4:23,F9CE6B13B4C90B01B3C129FF11B11C87,2694607,https://www.kugou.com/yy/rank/home/16-8888.html?from=rank
2026-07-24,2026-07-24T15:42:55+08:00,酷狗音乐,热歌榜,酷狗TOP500,2026-07-24,343,爱在西元前,周杰伦,,3:54,66B756FB1331807B032EF97F7BA9948E,958706,https://www.kugou.com/yy/rank/home/16-8888.html?from=rank
2026-07-24,2026-07-24T15:42:55+08:00,酷狗音乐,热歌榜,酷狗TOP500,2026-07-24,344,你要的全拿走,胡彦斌,,4:59,489E4872BD06E51C969AE81748E78A10,8317330,https://www.kugou.com/yy/rank/home/16-8888.html?from=rank
2026-07-24,2026-07-24T15:42:55+08:00,酷狗音乐,热歌榜,酷狗TOP500,2026-07-24,345,左转灯 (1000 Times +1),派伟俊、mac ova seas,,3:17,E51ABAF534E7D2BA42DB5604421D4838,164658305,https://www.kugou.com/yy/rank/home/16-8888.html?from=rank
2026-07-24,2026-07-24T15:42:55+08:00,酷狗音乐,热歌榜,酷狗TOP500,2026-07-24,346,人间共鸣,李健,,4:19,C9A5658204BD4E941F3DB2FB132D4968,176253415,https://www.kugou.com/yy/rank/home/16-8888.html?from=rank
2026-07-24,2026-07-24T15:42:55+08:00,酷狗音乐,热歌榜,酷狗TOP500,2026-07-24,347,真的爱你,BEYOND,,4:35,C46916711631EA28508A41C325A74E1B,971451,https://www.kugou.com/yy/rank/home/16-8888.html?from=rank
2026-07-24,2026-07-24T15:42:55+08:00,酷狗音乐,热歌榜,酷狗TOP500,2026-07-24,348,爱你没差,周杰伦,,4:41,66F31869BBAA767A929F35EEE1CCC5C9,982051,https://www.kugou.com/yy/rank/home/16-8888.html?from=rank
2026-07-24,2026-07-24T15:42:55+08:00,酷狗音乐,热歌榜,酷狗TOP500,2026-07-24,349,虚拟,陈粒,,4:01,AEF0740270FE89918F07807C8D669FB7,1749208,https://www.kugou.com/yy/rank/home/16-8888.html?from=rank
2026-07-24,2026-07-24T15:42:55+08:00,酷狗音乐,热歌榜,酷狗TOP500,2026-07-24,350,你的样子 (烟嗓版),十一经典老歌,,3:17,9CF9C5DDBC66437ED5BF2EDB46FF94D8,193387171,https://www.kugou.com/yy/rank/home/16-8888.html?from=rank
2026-07-24,2026-07-24T15:42:55+08:00,酷狗音乐,热歌榜,酷狗TOP500,2026-07-24,351,Love Story,Taylor Swift,,3:56,193B72D4456A4CC02A3DE7C673FC4E23,13721135,https://www.kugou.com/yy/rank/home/16-8888.html?from=rank
2026-07-24,2026-07-24T15:42:55+08:00,酷狗音乐,热歌榜,酷狗TOP500,2026-07-24,352,句号,G.E.M. 邓紫棋,,3:56,0EC0DFE7A4090B3C5C2C1831D7F3ED51,35503028,https://www.kugou.com/yy/rank/home/16-8888.html?from=rank
2026-07-24,2026-07-24T15:42:55+08:00,酷狗音乐,热歌榜,酷狗TOP500,2026-07-24,353,也许在下雨天 (烟嗓版),徐文晶,,3:47,0B712C5FC6977E3FD259FDB28478F391,196003383,https://www.kugou.com/yy/rank/home/17-8888.html?from=rank
2026-07-24,2026-07-24T15:42:55+08:00,酷狗音乐,热歌榜,酷狗TOP500,2026-07-24,354,我曾,菜园子不CAi,,3:09,F446EE01D14CC4395D0BBC3832088A1D,199368733,https://www.kugou.com/yy/rank/home/17-8888.html?from=rank
2026-07-24,2026-07-24T15:42:55+08:00,酷狗音乐,热歌榜,酷狗TOP500,2026-07-24,355,深爱过的人怎么放手,万能和弦,,3:57,43E2C5962E6540E6649B45F9212BFF06,179359732,https://www.kugou.com/yy/rank/home/17-8888.html?from=rank
2026-07-24,2026-07-24T15:42:55+08:00,酷狗音乐,热歌榜,酷狗TOP500,2026-07-24,356,单身情歌,林志炫,,4:35,ACD27A452FE3D0348D38540762DA7BEB,971171,https://www.kugou.com/yy/rank/home/17-8888.html?from=rank
2026-07-24,2026-07-24T15:42:55+08:00,酷狗音乐,热歌榜,酷狗TOP500,2026-07-24,357,明天，你好,牛奶咖啡,,4:32,A9527F71F7149F13E1F78B23C25DD30B,967562,https://www.kugou.com/yy/rank/home/17-8888.html?from=rank
2026-07-24,2026-07-24T15:42:55+08:00,酷狗音乐,热歌榜,酷狗TOP500,2026-07-24,358,指纹,杜宣达,,4:00,EAF4CB91DA618DBEDC751F54B3B3620D,50057639,https://www.kugou.com/yy/rank/home/17-8888.html?from=rank
2026-07-24,2026-07-24T15:42:55+08:00,酷狗音乐,热歌榜,酷狗TOP500,2026-07-24,359,有点甜,汪苏泷、BY2,,3:55,99CFDC717FEB7DABCD8A6392D821FC08,516425,https://www.kugou.com/yy/rank/home/17-8888.html?from=rank
2026-07-24,2026-07-24T15:42:55+08:00,酷狗音乐,热歌榜,酷狗TOP500,2026-07-24,360,光年之外 (G.E.M.重生版),G.E.M. 邓紫棋,,3:55,B0EB2A1CC6832B3596E0D71E3CAFCD5F,150256944,https://www.kugou.com/yy/rank/home/17-8888.html?from=rank
2026-07-24,2026-07-24T15:42:55+08:00,酷狗音乐,热歌榜,酷狗TOP500,2026-07-24,361,一场游戏一场梦,王杰,,4:17,55340B431243FF5F112527EFC0591232,7547885,https://www.kugou.com/yy/rank/home/17-8888.html?from=rank
2026-07-24,2026-07-24T15:42:55+08:00,酷狗音乐,热歌榜,酷狗TOP500,2026-07-24,362,海屿你,沈辞,,4:55,989579857295930A28831210D7842474,187023837,https://www.kugou.com/yy/rank/home/17-8888.html?from=rank
2026-07-24,2026-07-24T15:42:55+08:00,酷狗音乐,热歌榜,酷狗TOP500,2026-07-24,363,那些年,胡夏,,6:10,954D4606AF23C1B7A9740676838BCFB2,974137,https://www.kugou.com/yy/rank/home/17-8888.html?from=rank
2026-07-24,2026-07-24T15:42:55+08:00,酷狗音乐,热歌榜,酷狗TOP500,2026-07-24,364,我太笨,锤娜丽莎,,4:25,A5D4F40382C0DF1A95A48A617793F03E,46432417,https://www.kugou.com/yy/rank/home/17-8888.html?from=rank
2026-07-24,2026-07-24T15:42:55+08:00,酷狗音乐,热歌榜,酷狗TOP500,2026-07-24,365,其实雨也没多大 (对唱版),万豹、羊羊,,3:46,3DCAD49A6417CF61F031111716AB1572,164325869,https://www.kugou.com/yy/rank/home/17-8888.html?from=rank
2026-07-24,2026-07-24T15:42:55+08:00,酷狗音乐,热歌榜,酷狗TOP500,2026-07-24,366,谁 (男女扎心合唱),梨子芥菜、戚悦,,3:58,38DAABE4EEA0ADDC04897AC14E15B54E,185936379,https://www.kugou.com/yy/rank/home/17-8888.html?from=rank
2026-07-24,2026-07-24T15:42:55+08:00,酷狗音乐,热歌榜,酷狗TOP500,2026-07-24,367,小半 (Live),王铮亮、谭松韵,,5:14,D0CF7A8F58E9AB02D7B3305E425AE73C,196185049,https://www.kugou.com/yy/rank/home/17-8888.html?from=rank
2026-07-24,2026-07-24T15:42:55+08:00,酷狗音乐,热歌榜,酷狗TOP500,2026-07-24,368,冷夜,陈默之,,4:07,DC939521FA5F5736A33765D56B90E03C,84595635,https://www.kugou.com/yy/rank/home/17-8888.html?from=rank
2026-07-24,2026-07-24T15:42:55+08:00,酷狗音乐,热歌榜,酷狗TOP500,2026-07-24,369,小美满,周深,,3:34,04A21DB1AB3C8E0D1D8F51F11BDB03A1,83112420,https://www.kugou.com/yy/rank/home/17-8888.html?from=rank
2026-07-24,2026-07-24T15:42:55+08:00,酷狗音乐,热歌榜,酷狗TOP500,2026-07-24,370,再见,张震岳,,3:31,BF7E5BC14D95F2F4DD6932097168D3FF,1746826,https://www.kugou.com/yy/rank/home/17-8888.html?from=rank
2026-07-24,2026-07-24T15:42:55+08:00,酷狗音乐,热歌榜,酷狗TOP500,2026-07-24,371,追光者,岑宁儿,,3:56,03F818EF5B72D16F65BD6298FB99B440,2706911,https://www.kugou.com/yy/rank/home/17-8888.html?from=rank
2026-07-24,2026-07-24T15:42:55+08:00,酷狗音乐,热歌榜,酷狗TOP500,2026-07-24,372,雨蝶,李翊君,,3:51,C83424ACF417185057E278554B91D4C0,7549108,https://www.kugou.com/yy/rank/home/17-8888.html?from=rank
2026-07-24,2026-07-24T15:42:55+08:00,酷狗音乐,热歌榜,酷狗TOP500,2026-07-24,373,怎么说我不爱你,萧敬腾,,4:35,30A31A94C77268C92886E00D912AC03B,958893,https://www.kugou.com/yy/rank/home/17-8888.html?from=rank
2026-07-24,2026-07-24T15:42:55+08:00,酷狗音乐,热歌榜,酷狗TOP500,2026-07-24,374,我落泪情绪零碎,周杰伦,,4:18,27943EB1CBD46F7BB165B054CE6EBDC8,958812,https://www.kugou.com/yy/rank/home/17-8888.html?from=rank
2026-07-24,2026-07-24T15:42:55+08:00,酷狗音乐,热歌榜,酷狗TOP500,2026-07-24,375,海屿你,林樾,,4:57,E13794CAEBCF1117B9DDC444D4AFC785,192446853,https://www.kugou.com/yy/rank/home/18-8888.html?from=rank
2026-07-24,2026-07-24T15:42:55+08:00,酷狗音乐,热歌榜,酷狗TOP500,2026-07-24,376,愿与愁,林俊杰,,3:52,4A2A7260442B0A5D5F17295F1DD7241B,71681690,https://www.kugou.com/yy/rank/home/18-8888.html?from=rank
2026-07-24,2026-07-24T15:42:55+08:00,酷狗音乐,热歌榜,酷狗TOP500,2026-07-24,377,意外,薛之谦,,4:52,04E0EDE41EA3CCFF76C04F414E1D03A7,960327,https://www.kugou.com/yy/rank/home/18-8888.html?from=rank
2026-07-24,2026-07-24T15:42:55+08:00,酷狗音乐,热歌榜,酷狗TOP500,2026-07-24,378,远走高飞,金志文,,3:59,2D35C69F623AA9C7589D6BF7E8D16B67,79985556,https://www.kugou.com/yy/rank/home/18-8888.html?from=rank
2026-07-24,2026-07-24T15:42:55+08:00,酷狗音乐,热歌榜,酷狗TOP500,2026-07-24,379,容易受伤的女人,王菲,,4:21,C4BDD79D611789B65B368283D4DDAB0F,980244,https://www.kugou.com/yy/rank/home/18-8888.html?from=rank
2026-07-24,2026-07-24T15:42:55+08:00,酷狗音乐,热歌榜,酷狗TOP500,2026-07-24,380,玉芬啊玉芬你让彪哥好伤心,老韩很哇塞,,3:00,AFF2135F30F90B6768AF3320505559CF,177493243,https://www.kugou.com/yy/rank/home/18-8888.html?from=rank
2026-07-24,2026-07-24T15:42:55+08:00,酷狗音乐,热歌榜,酷狗TOP500,2026-07-24,381,莫问归期,蒋雪儿Snow.J,,3:39,F0E418FB19E8D295D0F78E50AE3B7E30,27453193,https://www.kugou.com/yy/rank/home/18-8888.html?from=rank
2026-07-24,2026-07-24T15:42:55+08:00,酷狗音乐,热歌榜,酷狗TOP500,2026-07-24,382,爱如潮水 (Remix),前男友、situasian张太郎,,3:55,97F5996106EA9161A70B6C1956EB98EF,8440470,https://www.kugou.com/yy/rank/home/18-8888.html?from=rank
2026-07-24,2026-07-24T15:42:55+08:00,酷狗音乐,热歌榜,酷狗TOP500,2026-07-24,383,这世界那么多人,莫文蔚,,4:46,8217FD6FE2973658781FB08DA4F8C4D6,44349469,https://www.kugou.com/yy/rank/home/18-8888.html?from=rank
2026-07-24,2026-07-24T15:42:55+08:00,酷狗音乐,热歌榜,酷狗TOP500,2026-07-24,384,可能,程响,,3:37,38B234C1135A5E9A4C98D55C058A4894,57727291,https://www.kugou.com/yy/rank/home/18-8888.html?from=rank
2026-07-24,2026-07-24T15:42:55+08:00,酷狗音乐,热歌榜,酷狗TOP500,2026-07-24,385,天亮以前说再见,何野,,4:00,18E9FC6CF97258B75D090188EDBAE95B,11792318,https://www.kugou.com/yy/rank/home/18-8888.html?from=rank
2026-07-24,2026-07-24T15:42:55+08:00,酷狗音乐,热歌榜,酷狗TOP500,2026-07-24,386,红豆,王菲,,4:16,AEF916A18BAAE9C8E7807179C8DA64D1,960812,https://www.kugou.com/yy/rank/home/18-8888.html?from=rank
2026-07-24,2026-07-24T15:42:55+08:00,酷狗音乐,热歌榜,酷狗TOP500,2026-07-24,387,今生啊 多相见,万仁,,3:44,AAE144B41CB32D4256E02C17CFEF0A29,172326826,https://www.kugou.com/yy/rank/home/18-8888.html?from=rank
2026-07-24,2026-07-24T15:42:55+08:00,酷狗音乐,热歌榜,酷狗TOP500,2026-07-24,388,这个年纪,齐一,,4:45,B44AD73957D993731BC125BF0A1EFFF5,2657166,https://www.kugou.com/yy/rank/home/18-8888.html?from=rank
2026-07-24,2026-07-24T15:42:55+08:00,酷狗音乐,热歌榜,酷狗TOP500,2026-07-24,389,茫,李润祺,,3:47,7B82C70A1736D61A28849DE87AA4B812,40168846,https://www.kugou.com/yy/rank/home/18-8888.html?from=rank
2026-07-24,2026-07-24T15:42:55+08:00,酷狗音乐,热歌榜,酷狗TOP500,2026-07-24,390,可惜春风不懂我伤悲,范贵宾,,3:28,51322D0ED8F8CE337E61DA61AD45E698,181550159,https://www.kugou.com/yy/rank/home/18-8888.html?from=rank
2026-07-24,2026-07-24T15:42:55+08:00,酷狗音乐,热歌榜,酷狗TOP500,2026-07-24,391,Amani (女声版),落日微醺,,3:54,0E1705D85CE6D8BE87784DFA9C9A5624,194642479,https://www.kugou.com/yy/rank/home/18-8888.html?from=rank
2026-07-24,2026-07-24T15:42:55+08:00,酷狗音乐,热歌榜,酷狗TOP500,2026-07-24,392,time machine (feat. aren park)(Original Mix),mj apanay、aren park,,3:46,6FC23D8694067908061BB145B6DFCB87,100264848,https://www.kugou.com/yy/rank/home/18-8888.html?from=rank
2026-07-24,2026-07-24T15:42:55+08:00,酷狗音乐,热歌榜,酷狗TOP500,2026-07-24,393,我想念,汪苏泷,,3:45,A6545AABFE93C5495BA8ADB2A555B84F,76163380,https://www.kugou.com/yy/rank/home/18-8888.html?from=rank
2026-07-24,2026-07-24T15:42:55+08:00,酷狗音乐,热歌榜,酷狗TOP500,2026-07-24,394,别怕变老,王以太、艾热AIR,,4:05,90B83D2211AF3ED21387C7E7043AE6BC,48657971,https://www.kugou.com/yy/rank/home/18-8888.html?from=rank
2026-07-24,2026-07-24T15:42:55+08:00,酷狗音乐,热歌榜,酷狗TOP500,2026-07-24,395,手写的从前,周杰伦,,4:58,2920D0149AD73FAC588C264539F7927F,962593,https://www.kugou.com/yy/rank/home/18-8888.html?from=rank
2026-07-24,2026-07-24T15:42:55+08:00,酷狗音乐,热歌榜,酷狗TOP500,2026-07-24,396,淘汰,陈奕迅,,4:45,90C64A1FB2F32663FA8037D847AABB57,962514,https://www.kugou.com/yy/rank/home/18-8888.html?from=rank
2026-07-24,2026-07-24T15:42:55+08:00,酷狗音乐,热歌榜,酷狗TOP500,2026-07-24,397,可惜春风不懂我伤悲,田园,,3:26,FA6A0CE74A6E7770E581078EF38B9278,195387503,https://www.kugou.com/yy/rank/home/19-8888.html?from=rank
2026-07-24,2026-07-24T15:42:55+08:00,酷狗音乐,热歌榜,酷狗TOP500,2026-07-24,398,刻在我心底的名字,卢广仲,,5:20,5CDCAAF9E7B91E94FD012589D00FDBEA,39020767,https://www.kugou.com/yy/rank/home/19-8888.html?from=rank
2026-07-24,2026-07-24T15:42:55+08:00,酷狗音乐,热歌榜,酷狗TOP500,2026-07-24,399,当爱在靠近,刘若英,,4:11,D988B9B4B769D979279D4AC9E84907F1,978209,https://www.kugou.com/yy/rank/home/19-8888.html?from=rank
2026-07-24,2026-07-24T15:42:55+08:00,酷狗音乐,热歌榜,酷狗TOP500,2026-07-24,400,零距离的思念,TINY7,,3:06,279A50FF5784F3A92F0ABB689B0335EE,137584528,https://www.kugou.com/yy/rank/home/19-8888.html?from=rank
2026-07-24,2026-07-24T15:42:55+08:00,酷狗音乐,热歌榜,酷狗TOP500,2026-07-24,401,走走,李荣浩,,5:04,0BD5B6F56CED35BB3380425EC02E1098,106374641,https://www.kugou.com/yy/rank/home/19-8888.html?from=rank
2026-07-24,2026-07-24T15:42:55+08:00,酷狗音乐,热歌榜,酷狗TOP500,2026-07-24,402,先说谎的人,h3R3、张鑫,,2:49,4F2F51A01A6FF91435D80EEC62E759C0,51331566,https://www.kugou.com/yy/rank/home/19-8888.html?from=rank
2026-07-24,2026-07-24T15:42:55+08:00,酷狗音乐,热歌榜,酷狗TOP500,2026-07-24,403,爱错 (Live),王铮亮、黄子弘凡,,4:37,2A2BA4BC3C861E9D4AC327599BE9DEE7,199810791,https://www.kugou.com/yy/rank/home/19-8888.html?from=rank
2026-07-24,2026-07-24T15:42:55+08:00,酷狗音乐,热歌榜,酷狗TOP500,2026-07-24,404,就是爱你,陶喆,,4:24,43485D7A650AFF532E5ECF24D7FB6381,7547427,https://www.kugou.com/yy/rank/home/19-8888.html?from=rank
2026-07-24,2026-07-24T15:42:55+08:00,酷狗音乐,热歌榜,酷狗TOP500,2026-07-24,405,倒带,蔡依林,,4:26,446507D2332BC3F263596363A97C6E95,976925,https://www.kugou.com/yy/rank/home/19-8888.html?from=rank
2026-07-24,2026-07-24T15:42:55+08:00,酷狗音乐,热歌榜,酷狗TOP500,2026-07-24,406,暧昧,薛之谦,,5:12,B3A4E466F13F44FA0B91FA4EB8E6DECA,7818079,https://www.kugou.com/yy/rank/home/19-8888.html?from=rank
2026-07-24,2026-07-24T15:42:55+08:00,酷狗音乐,热歌榜,酷狗TOP500,2026-07-24,407,Life Goes On,Oliver Tree,,2:42,AD11FCF789EB2D7E5131F0557B5C92AE,45059327,https://www.kugou.com/yy/rank/home/19-8888.html?from=rank
2026-07-24,2026-07-24T15:42:55+08:00,酷狗音乐,热歌榜,酷狗TOP500,2026-07-24,408,想你和我们的以后,苏运莹,,4:32,5EBA7A9F8385FE7657E751870A287AFD,13669576,https://www.kugou.com/yy/rank/home/19-8888.html?from=rank
2026-07-24,2026-07-24T15:42:55+08:00,酷狗音乐,热歌榜,酷狗TOP500,2026-07-24,409,少一点天份,孙盛希,,4:35,FFD1F05E5D06A1DDFAEDFE6A3379A271,566029,https://www.kugou.com/yy/rank/home/19-8888.html?from=rank
2026-07-24,2026-07-24T15:42:55+08:00,酷狗音乐,热歌榜,酷狗TOP500,2026-07-24,410,三国恋,Tank,,4:06,1325E661C6044048943A8D7D417ED280,966742,https://www.kugou.com/yy/rank/home/19-8888.html?from=rank
2026-07-24,2026-07-24T15:42:55+08:00,酷狗音乐,热歌榜,酷狗TOP500,2026-07-24,411,梦的翅膀受了伤,蒋雪儿Snow.J,,4:36,7B00B1F90C13C270CE96EA51DA863B96,1965074,https://www.kugou.com/yy/rank/home/19-8888.html?from=rank
2026-07-24,2026-07-24T15:42:55+08:00,酷狗音乐,热歌榜,酷狗TOP500,2026-07-24,412,寂寞沙洲冷,周传雄,,4:35,36A4F5EAA748324A5D509D8EDC47699F,984377,https://www.kugou.com/yy/rank/home/19-8888.html?from=rank
2026-07-24,2026-07-24T15:42:55+08:00,酷狗音乐,热歌榜,酷狗TOP500,2026-07-24,413,包容,郑源,,4:23,34000A6CA0043801440E74059F4759EF,967724,https://www.kugou.com/yy/rank/home/19-8888.html?from=rank
2026-07-24,2026-07-24T15:42:55+08:00,酷狗音乐,热歌榜,酷狗TOP500,2026-07-24,414,我的秘密 (G.E.M.重生版),G.E.M. 邓紫棋,,4:10,427CD3B1785609EE485CA3BCD6608FFE,150256944,https://www.kugou.com/yy/rank/home/19-8888.html?from=rank
2026-07-24,2026-07-24T15:42:55+08:00,酷狗音乐,热歌榜,酷狗TOP500,2026-07-24,415,一个人想着一个人 (说唱版),艾比利,,3:09,A4C9C11B5C6CD698FBA54D0AB3FE71CA,102363749,https://www.kugou.com/yy/rank/home/19-8888.html?from=rank
2026-07-24,2026-07-24T15:42:55+08:00,酷狗音乐,热歌榜,酷狗TOP500,2026-07-24,416,咏春,七朵组合,,4:31,9C54B0CCA0581987E92560F11413E88F,8344834,https://www.kugou.com/yy/rank/home/19-8888.html?from=rank
2026-07-24,2026-07-24T15:42:55+08:00,酷狗音乐,热歌榜,酷狗TOP500,2026-07-24,417,命运,家家,,3:51,B149A3BFD19481F91B9A652AA8EA21C1,959745,https://www.kugou.com/yy/rank/home/19-8888.html?from=rank
2026-07-24,2026-07-24T15:42:55+08:00,酷狗音乐,热歌榜,酷狗TOP500,2026-07-24,418,反方向的钟,周杰伦,,4:18,A6049AAB184A305CAA906C6BBB8E8233,978031,https://www.kugou.com/yy/rank/home/19-8888.html?from=rank
2026-07-24,2026-07-24T15:42:55+08:00,酷狗音乐,热歌榜,酷狗TOP500,2026-07-24,419,Jealousy (Extended Version),3Rd Coast,,2:34,945490530F3337D8F0515715EF1A7EB2,1010154,https://www.kugou.com/yy/rank/home/20-8888.html?from=rank
2026-07-24,2026-07-24T15:42:55+08:00,酷狗音乐,热歌榜,酷狗TOP500,2026-07-24,420,也许在下雨天 (合唱版),何遇Hayu、李沐瑶,,3:46,ED752F0317AD58978FB57577D7484562,199644729,https://www.kugou.com/yy/rank/home/20-8888.html?from=rank
2026-07-24,2026-07-24T15:42:55+08:00,酷狗音乐,热歌榜,酷狗TOP500,2026-07-24,421,跨不过的距离,虎二,,4:31,FED5892036FBD176F6FEAE973C565E59,38209191,https://www.kugou.com/yy/rank/home/20-8888.html?from=rank
2026-07-24,2026-07-24T15:42:55+08:00,酷狗音乐,热歌榜,酷狗TOP500,2026-07-24,422,问爱,Yamy郭颖,,3:02,E35C44C974EAE0C29D62C8945D4D71F5,196970329,https://www.kugou.com/yy/rank/home/20-8888.html?from=rank
2026-07-24,2026-07-24T15:42:55+08:00,酷狗音乐,热歌榜,酷狗TOP500,2026-07-24,423,刚刚好,薛之谦,,4:11,956EEC514146039E6D6A16B30DD64A7B,1747549,https://www.kugou.com/yy/rank/home/20-8888.html?from=rank
2026-07-24,2026-07-24T15:42:55+08:00,酷狗音乐,热歌榜,酷狗TOP500,2026-07-24,424,天若有情,A-Lin,,4:17,2E6CE4E79982AE2119A69C1D30537EA2,1805426,https://www.kugou.com/yy/rank/home/20-8888.html?from=rank
2026-07-24,2026-07-24T15:42:55+08:00,酷狗音乐,热歌榜,酷狗TOP500,2026-07-24,425,该死的温柔,马天宇,,3:45,44EEFA9AEE76F7116CC48121A178DA69,2590299,https://www.kugou.com/yy/rank/home/20-8888.html?from=rank
2026-07-24,2026-07-24T15:42:55+08:00,酷狗音乐,热歌榜,酷狗TOP500,2026-07-24,426,沈园外,阿YueYue、戾格、小田音乐社,,3:43,9B46F3774EEC55D47508E93A468FF5FC,40796517,https://www.kugou.com/yy/rank/home/20-8888.html?from=rank
2026-07-24,2026-07-24T15:42:55+08:00,酷狗音乐,热歌榜,酷狗TOP500,2026-07-24,427,修炼爱情,林俊杰,,4:47,8748C12719DCA9F588B1118AC05F6BF8,972188,https://www.kugou.com/yy/rank/home/20-8888.html?from=rank
2026-07-24,2026-07-24T15:42:55+08:00,酷狗音乐,热歌榜,酷狗TOP500,2026-07-24,428,刚好遇见你,李玉刚,,3:20,58B004C56B6AB6CE1CA3C1E8C6781D0E,1820033,https://www.kugou.com/yy/rank/home/20-8888.html?from=rank
2026-07-24,2026-07-24T15:42:55+08:00,酷狗音乐,热歌榜,酷狗TOP500,2026-07-24,429,第一次,光良,,4:23,2C202C0CE252384AD5022CC3A99B697A,930386,https://www.kugou.com/yy/rank/home/20-8888.html?from=rank
2026-07-24,2026-07-24T15:42:55+08:00,酷狗音乐,热歌榜,酷狗TOP500,2026-07-24,430,美丽的神话,孙楠、韩红,,4:52,877281C8E094A848F022BCAAA76945CB,964166,https://www.kugou.com/yy/rank/home/20-8888.html?from=rank
2026-07-24,2026-07-24T15:42:55+08:00,酷狗音乐,热歌榜,酷狗TOP500,2026-07-24,431,你把爱情给了谁 (whistle口哨),半糖记,,3:17,2E6533C592BF5F5908907986C39EA38D,196646749,https://www.kugou.com/yy/rank/home/20-8888.html?from=rank
2026-07-24,2026-07-24T15:42:55+08:00,酷狗音乐,热歌榜,酷狗TOP500,2026-07-24,432,读心术,卓文萱,,4:20,3F98A771F8F33556966A9990F66D95C4,965920,https://www.kugou.com/yy/rank/home/20-8888.html?from=rank
2026-07-24,2026-07-24T15:42:55+08:00,酷狗音乐,热歌榜,酷狗TOP500,2026-07-24,433,离别开出花 (弹唱版),就是南方凯,,2:52,67911051D7E5B9B3343847D73BF883F5,81781305,https://www.kugou.com/yy/rank/home/20-8888.html?from=rank
2026-07-24,2026-07-24T15:42:55+08:00,酷狗音乐,热歌榜,酷狗TOP500,2026-07-24,434,My Bed (Explicit),Leah Kate,,2:44,6E6104198DA489F603C8F4C5D2E7FF4C,65853253,https://www.kugou.com/yy/rank/home/20-8888.html?from=rank
2026-07-24,2026-07-24T15:42:55+08:00,酷狗音乐,热歌榜,酷狗TOP500,2026-07-24,435,我好像在哪见过你,薛之谦,,4:39,6A350E487263733359E7F2B64BD974AC,1747549,https://www.kugou.com/yy/rank/home/20-8888.html?from=rank
2026-07-24,2026-07-24T15:42:55+08:00,酷狗音乐,热歌榜,酷狗TOP500,2026-07-24,436,情罪,陈瑞,,4:45,9642484D6F37650295B370CD52553DC5,80617215,https://www.kugou.com/yy/rank/home/20-8888.html?from=rank
2026-07-24,2026-07-24T15:42:55+08:00,酷狗音乐,热歌榜,酷狗TOP500,2026-07-24,437,求佛,誓言,,4:46,7B7140B23A836DC6EE63B6CD48482402,7614,https://www.kugou.com/yy/rank/home/20-8888.html?from=rank
2026-07-24,2026-07-24T15:42:55+08:00,酷狗音乐,热歌榜,酷狗TOP500,2026-07-24,438,这叫爱,BY2,,3:30,5F0149010F4D5DB5255CB85DB41B0381,980795,https://www.kugou.com/yy/rank/home/20-8888.html?from=rank
2026-07-24,2026-07-24T15:42:55+08:00,酷狗音乐,热歌榜,酷狗TOP500,2026-07-24,439,有我呢,郭一凡,,4:35,8E21C8F3484FB56833F563754A05CB25,32452531,https://www.kugou.com/yy/rank/home/20-8888.html?from=rank
2026-07-24,2026-07-24T15:42:55+08:00,酷狗音乐,热歌榜,酷狗TOP500,2026-07-24,440,不再犹豫,BEYOND,,4:15,C477FE5B38147B7522DFCF3DC5BB8A6B,8176296,https://www.kugou.com/yy/rank/home/20-8888.html?from=rank
2026-07-24,2026-07-24T15:42:55+08:00,酷狗音乐,热歌榜,酷狗TOP500,2026-07-24,441,痴心绝对,李圣杰,,4:22,2B7176CC7B1E7F5A136A5A1E1AACD365,966511,https://www.kugou.com/yy/rank/home/21-8888.html?from=rank
2026-07-24,2026-07-24T15:42:55+08:00,酷狗音乐,热歌榜,酷狗TOP500,2026-07-24,442,踏马寻花向自由,烟嗓船长,,2:59,9019B0EC87CF178895B8DFCB25D36927,198640801,https://www.kugou.com/yy/rank/home/21-8888.html?from=rank
2026-07-24,2026-07-24T15:42:55+08:00,酷狗音乐,热歌榜,酷狗TOP500,2026-07-24,443,谁,洋澜一,,3:40,445C54E59AB287FCF15D68FAF92CD9B7,89608819,https://www.kugou.com/yy/rank/home/21-8888.html?from=rank
2026-07-24,2026-07-24T15:42:55+08:00,酷狗音乐,热歌榜,酷狗TOP500,2026-07-24,444,撕夜,阿杜,,4:39,F4654DA8D595995AA50EC54232E1D525,963634,https://www.kugou.com/yy/rank/home/21-8888.html?from=rank
2026-07-24,2026-07-24T15:42:55+08:00,酷狗音乐,热歌榜,酷狗TOP500,2026-07-24,445,初恋情人,刘小慧,,4:40,24BD04781E52FE8E7FAB2A6452D85320,532546,https://www.kugou.com/yy/rank/home/21-8888.html?from=rank
2026-07-24,2026-07-24T15:42:55+08:00,酷狗音乐,热歌榜,酷狗TOP500,2026-07-24,446,他不懂,张杰,,3:52,BA40D69184A05D7BCD335028C5C613BE,38606351,https://www.kugou.com/yy/rank/home/21-8888.html?from=rank
2026-07-24,2026-07-24T15:42:55+08:00,酷狗音乐,热歌榜,酷狗TOP500,2026-07-24,447,大城小爱,王力宏,,3:45,3EAF74E9E5065C03B050F356F0567311,2820176,https://www.kugou.com/yy/rank/home/21-8888.html?from=rank
2026-07-24,2026-07-24T15:42:55+08:00,酷狗音乐,热歌榜,酷狗TOP500,2026-07-24,448,别怕我伤心,张信哲,,4:47,976677A739F25908591FA822CB1F1DF3,538030,https://www.kugou.com/yy/rank/home/21-8888.html?from=rank
2026-07-24,2026-07-24T15:42:55+08:00,酷狗音乐,热歌榜,酷狗TOP500,2026-07-24,449,等你下课 (with 杨瑞代),周杰伦,,4:30,5D043EC8BF78A185A01CC45A6032DE1F,58849245,https://www.kugou.com/yy/rank/home/21-8888.html?from=rank
2026-07-24,2026-07-24T15:42:55+08:00,酷狗音乐,热歌榜,酷狗TOP500,2026-07-24,450,须尽欢,郑浩,,4:38,7C70742885B39CBB1C917FB91DE58586,49639151,https://www.kugou.com/yy/rank/home/21-8888.html?from=rank
2026-07-24,2026-07-24T15:42:55+08:00,酷狗音乐,热歌榜,酷狗TOP500,2026-07-24,451,月满西楼约 (旧路上的晚风啊),巴扎黑,,3:04,A8DB5E6E3487950C5AEBDB39BD475885,198903589,https://www.kugou.com/yy/rank/home/21-8888.html?from=rank
2026-07-24,2026-07-24T15:42:55+08:00,酷狗音乐,热歌榜,酷狗TOP500,2026-07-24,452,单车,陈奕迅,,3:31,3FA554270A2AE0FE64AAACDDDBD8D0B7,504206,https://www.kugou.com/yy/rank/home/21-8888.html?from=rank
2026-07-24,2026-07-24T15:42:55+08:00,酷狗音乐,热歌榜,酷狗TOP500,2026-07-24,453,麻雀,李荣浩,,4:13,2E4C5A85A751AF5A0B200D5AA0629226,34731198,https://www.kugou.com/yy/rank/home/21-8888.html?from=rank
2026-07-24,2026-07-24T15:42:55+08:00,酷狗音乐,热歌榜,酷狗TOP500,2026-07-24,454,晚风心里吹,阿梨粤,,3:07,DFFB8F6768AC5044881BB6DD11BDED53,55808898,https://www.kugou.com/yy/rank/home/21-8888.html?from=rank
2026-07-24,2026-07-24T15:42:55+08:00,酷狗音乐,热歌榜,酷狗TOP500,2026-07-24,455,胡广生,任素汐,,3:34,8C655F575EBB2414B53EFF0D2C13188D,12506106,https://www.kugou.com/yy/rank/home/21-8888.html?from=rank
2026-07-24,2026-07-24T15:42:55+08:00,酷狗音乐,热歌榜,酷狗TOP500,2026-07-24,456,人间,王菲,,4:45,AEC30C06392150FB0F3A8FAC4C57E784,20142,https://www.kugou.com/yy/rank/home/21-8888.html?from=rank
2026-07-24,2026-07-24T15:42:55+08:00,酷狗音乐,热歌榜,酷狗TOP500,2026-07-24,457,Dear John,比莉,,5:11,71951213A1C3C313DEEB017D3C9E77CC,2528933,https://www.kugou.com/yy/rank/home/21-8888.html?from=rank
2026-07-24,2026-07-24T15:42:55+08:00,酷狗音乐,热歌榜,酷狗TOP500,2026-07-24,458,街角的晚风 (烟嗓R&B版),落日微醺,,3:56,D636D97870D4098ACD3C317BFFDA03D9,196517616,https://www.kugou.com/yy/rank/home/21-8888.html?from=rank
2026-07-24,2026-07-24T15:42:55+08:00,酷狗音乐,热歌榜,酷狗TOP500,2026-07-24,459,安和桥,宇西,,4:09,BFB6233E7687776800FDA3FD76EBFB41,13667444,https://www.kugou.com/yy/rank/home/21-8888.html?from=rank
2026-07-24,2026-07-24T15:42:55+08:00,酷狗音乐,热歌榜,酷狗TOP500,2026-07-24,460,窝囊废,刘凤瑶、曾一鸣、张玮、李琦、派克特,,4:36,FDBDA52CDFE3B16758698D657BCECC70,198643730,https://www.kugou.com/yy/rank/home/21-8888.html?from=rank
2026-07-24,2026-07-24T15:42:55+08:00,酷狗音乐,热歌榜,酷狗TOP500,2026-07-24,461,如果这就是爱情,张靓颖,,4:43,4E871DF1E2034CF6BAAD7B03D2386058,2597425,https://www.kugou.com/yy/rank/home/21-8888.html?from=rank
2026-07-24,2026-07-24T15:42:55+08:00,酷狗音乐,热歌榜,酷狗TOP500,2026-07-24,462,姑娘别哭泣,柯柯柯啊,,3:56,1B537C99761F8F25AEFFF30B6DCE08D5,77472711,https://www.kugou.com/yy/rank/home/21-8888.html?from=rank
2026-07-24,2026-07-24T15:42:55+08:00,酷狗音乐,热歌榜,酷狗TOP500,2026-07-24,463,玫瑰花的葬礼,许嵩,,4:21,0A335E9374392B72E5965D8F6165E564,1968878,https://www.kugou.com/yy/rank/home/22-8888.html?from=rank
2026-07-24,2026-07-24T15:42:55+08:00,酷狗音乐,热歌榜,酷狗TOP500,2026-07-24,464,选择失忆,季彦霖,,4:39,6ED5E6DAA2F1A97A2EA5B1113F469BA7,8441500,https://www.kugou.com/yy/rank/home/22-8888.html?from=rank
2026-07-24,2026-07-24T15:42:55+08:00,酷狗音乐,热歌榜,酷狗TOP500,2026-07-24,465,你 (钢琴曲),灰色思绪,,2:11,2AB9F8464415499CE2D81B8280E62706,199393212,https://www.kugou.com/yy/rank/home/22-8888.html?from=rank
2026-07-24,2026-07-24T15:42:55+08:00,酷狗音乐,热歌榜,酷狗TOP500,2026-07-24,466,慢慢离开你,金润吉,,3:51,27915AFE951AD80B584AC4EB4DA41CF7,107320623,https://www.kugou.com/yy/rank/home/22-8888.html?from=rank
2026-07-24,2026-07-24T15:42:55+08:00,酷狗音乐,热歌榜,酷狗TOP500,2026-07-24,467,多幸运,韩安旭,,4:09,CBAB4AB8D340C977AB800C1ED4D35ED9,555393,https://www.kugou.com/yy/rank/home/22-8888.html?from=rank
2026-07-24,2026-07-24T15:42:55+08:00,酷狗音乐,热歌榜,酷狗TOP500,2026-07-24,468,叹云兮,鞠婧祎,,4:43,9CBB77B83B8D7D8113C6A60B8230D3E4,8700851,https://www.kugou.com/yy/rank/home/22-8888.html?from=rank
2026-07-24,2026-07-24T15:42:55+08:00,酷狗音乐,热歌榜,酷狗TOP500,2026-07-24,469,下雨天,南拳妈妈,,4:13,947127F991A6A4FF77C89779E6B25AF4,983794,https://www.kugou.com/yy/rank/home/22-8888.html?from=rank
2026-07-24,2026-07-24T15:42:55+08:00,酷狗音乐,热歌榜,酷狗TOP500,2026-07-24,470,黄昏 (日落西山暮色沉沉)(女版),王佳音,,3:26,F056FB14CAF06E23982AACD978F7AC79,135637088,https://www.kugou.com/yy/rank/home/22-8888.html?from=rank
2026-07-24,2026-07-24T15:42:55+08:00,酷狗音乐,热歌榜,酷狗TOP500,2026-07-24,471,The Cure,Lady Gaga,,3:31,3EF072E796A8CF441C83BC751BCB5C38,1994338,https://www.kugou.com/yy/rank/home/22-8888.html?from=rank
2026-07-24,2026-07-24T15:42:55+08:00,酷狗音乐,热歌榜,酷狗TOP500,2026-07-24,472,淋雨的人,阿图表妹,,3:59,EEB3B4F416E4D8777817C79127FCBFFC,183624154,https://www.kugou.com/yy/rank/home/22-8888.html?from=rank
2026-07-24,2026-07-24T15:42:55+08:00,酷狗音乐,热歌榜,酷狗TOP500,2026-07-24,473,往事如烟 (R&B版),落日微醺,,4:34,C4148CDAE0A57131607D096740BE08B3,194290753,https://www.kugou.com/yy/rank/home/22-8888.html?from=rank
2026-07-24,2026-07-24T15:42:55+08:00,酷狗音乐,热歌榜,酷狗TOP500,2026-07-24,474,天下,张杰,,3:42,17B11C65674378CA43995537331E1D9C,38606351,https://www.kugou.com/yy/rank/home/22-8888.html?from=rank
2026-07-24,2026-07-24T15:42:55+08:00,酷狗音乐,热歌榜,酷狗TOP500,2026-07-24,475,有一种爱叫做放手,阿木,,4:24,8ACE2D4510E26FBDC4736055C5AE4B03,971509,https://www.kugou.com/yy/rank/home/22-8888.html?from=rank
2026-07-24,2026-07-24T15:42:55+08:00,酷狗音乐,热歌榜,酷狗TOP500,2026-07-24,476,推开世界的门,杨乃文,,4:42,6B5A905C8904FD4A23D255DA1B5592C9,1803972,https://www.kugou.com/yy/rank/home/22-8888.html?from=rank
2026-07-24,2026-07-24T15:42:55+08:00,酷狗音乐,热歌榜,酷狗TOP500,2026-07-24,477,天亮以前说再见 (雪花多舍不得冬天),四熹丸子,,3:53,36255921966B48B35A6E31D843C1CDD4,133064388,https://www.kugou.com/yy/rank/home/22-8888.html?from=rank
2026-07-24,2026-07-24T15:42:55+08:00,酷狗音乐,热歌榜,酷狗TOP500,2026-07-24,478,孤雏,AGA,,4:53,8BB44BFFC9A9CFC06706D37DA52B617B,1821989,https://www.kugou.com/yy/rank/home/22-8888.html?from=rank
2026-07-24,2026-07-24T15:42:55+08:00,酷狗音乐,热歌榜,酷狗TOP500,2026-07-24,479,给我一首歌的时间,周杰伦,,4:14,EAD10DC931A1102A10FDCD3665010322,960399,https://www.kugou.com/yy/rank/home/22-8888.html?from=rank
2026-07-24,2026-07-24T15:42:55+08:00,酷狗音乐,热歌榜,酷狗TOP500,2026-07-24,480,天黑黑,孙燕姿,,3:56,D4601C9FFEADB42961CE4E623FAFD279,973684,https://www.kugou.com/yy/rank/home/22-8888.html?from=rank
2026-07-24,2026-07-24T15:42:55+08:00,酷狗音乐,热歌榜,酷狗TOP500,2026-07-24,481,我不难过 (Live),刘雨昕、欧阳娜娜,,5:03,B3D7E47CE62C14EECC92802BC71CADA0,199810791,https://www.kugou.com/yy/rank/home/22-8888.html?from=rank
2026-07-24,2026-07-24T15:42:55+08:00,酷狗音乐,热歌榜,酷狗TOP500,2026-07-24,482,等你的季节,刘诗诗,,4:02,A7D65FC45CAF8CC897E01EA072529EF0,4005115,https://www.kugou.com/yy/rank/home/22-8888.html?from=rank
2026-07-24,2026-07-24T15:42:55+08:00,酷狗音乐,热歌榜,酷狗TOP500,2026-07-24,483,同手同脚,温岚,,4:18,740026E6D6602F129D0B8430C47AC859,2997107,https://www.kugou.com/yy/rank/home/22-8888.html?from=rank
2026-07-24,2026-07-24T15:42:55+08:00,酷狗音乐,热歌榜,酷狗TOP500,2026-07-24,484,颜色,Gareth.T,,3:31,550CDD3C7EA9939D258C0A976B3FA0E4,145760181,https://www.kugou.com/yy/rank/home/22-8888.html?from=rank
2026-07-24,2026-07-24T15:42:55+08:00,酷狗音乐,热歌榜,酷狗TOP500,2026-07-24,485,我恨明月不照我,阿YueYue,,4:12,B1B259EEA7E93DE5F6C759BA6C45777C,172322576,https://www.kugou.com/yy/rank/home/23-8888.html?from=rank
2026-07-24,2026-07-24T15:42:55+08:00,酷狗音乐,热歌榜,酷狗TOP500,2026-07-24,486,大花轿 (feat.火风),张艺兴、火风,,3:11,E851D731AB952CC8BA6B7EE0822696A5,173139857,https://www.kugou.com/yy/rank/home/23-8888.html?from=rank
2026-07-24,2026-07-24T15:42:55+08:00,酷狗音乐,热歌榜,酷狗TOP500,2026-07-24,487,最后的借口,h3R3、罗可Lorkin,,3:44,706B222A3B62060A17C8C4F87B3FEF17,199501920,https://www.kugou.com/yy/rank/home/23-8888.html?from=rank
2026-07-24,2026-07-24T15:42:55+08:00,酷狗音乐,热歌榜,酷狗TOP500,2026-07-24,488,为中国喝彩,徐杰亮,,4:34,3875A5F14871D054D0FEFFEC3068E94C,197539610,https://www.kugou.com/yy/rank/home/23-8888.html?from=rank
2026-07-24,2026-07-24T15:42:55+08:00,酷狗音乐,热歌榜,酷狗TOP500,2026-07-24,489,逆流成河,金南玲,,2:05,F12381673024C26DF3CC2589AA52987F,976591,https://www.kugou.com/yy/rank/home/23-8888.html?from=rank
2026-07-24,2026-07-24T15:42:55+08:00,酷狗音乐,热歌榜,酷狗TOP500,2026-07-24,490,祝福祖国,顿株拉姆,,3:20,4278C1D6B994A3C6313E08270B924D78,200182409,https://www.kugou.com/yy/rank/home/23-8888.html?from=rank
2026-07-24,2026-07-24T15:42:55+08:00,酷狗音乐,热歌榜,酷狗TOP500,2026-07-24,491,一生有你,水木年华,,4:18,B296619A5A37920C595FA5954CB7AA60,961898,https://www.kugou.com/yy/rank/home/23-8888.html?from=rank
2026-07-24,2026-07-24T15:42:55+08:00,酷狗音乐,热歌榜,酷狗TOP500,2026-07-24,492,妥协,蔡依林,,4:24,8D4440AED993AA252B65407B404D12EB,959408,https://www.kugou.com/yy/rank/home/23-8888.html?from=rank
2026-07-24,2026-07-24T15:42:55+08:00,酷狗音乐,热歌榜,酷狗TOP500,2026-07-24,493,烟火,吴奇隆,,5:00,80BF542BB2000F40D56979EB29589F5B,565340,https://www.kugou.com/yy/rank/home/23-8888.html?from=rank
2026-07-24,2026-07-24T15:42:55+08:00,酷狗音乐,热歌榜,酷狗TOP500,2026-07-24,494,不得不爱,潘玮柏、弦子,,4:41,8F9E3FD474EA612C61EB20D1415767BF,972809,https://www.kugou.com/yy/rank/home/23-8888.html?from=rank
2026-07-24,2026-07-24T15:42:55+08:00,酷狗音乐,热歌榜,酷狗TOP500,2026-07-24,495,故乡,许巍,,5:14,9EFC9C93AB181E42113F226DFCFA454D,971568,https://www.kugou.com/yy/rank/home/23-8888.html?from=rank
2026-07-24,2026-07-24T15:42:55+08:00,酷狗音乐,热歌榜,酷狗TOP500,2026-07-24,496,I'm Waiting (Radio Edit),Stage Rockers,,4:30,5FB4D4C2336C116945C5CCA9862D7B67,1949715,https://www.kugou.com/yy/rank/home/23-8888.html?from=rank
2026-07-24,2026-07-24T15:42:55+08:00,酷狗音乐,热歌榜,酷狗TOP500,2026-07-24,497,哼着你爱听的歌,杨小壮,,3:21,BAF3B2A7AC043CDB154EBAFD69A6C76A,104507270,https://www.kugou.com/yy/rank/home/23-8888.html?from=rank
2026-07-24,2026-07-24T15:42:55+08:00,酷狗音乐,热歌榜,酷狗TOP500,2026-07-24,498,蓝眼泪 (女声微醺版),落日微醺,,3:54,D19E12F69998985FBE4E6E0408EDEAFB,195843231,https://www.kugou.com/yy/rank/home/23-8888.html?from=rank
2026-07-24,2026-07-24T15:42:55+08:00,酷狗音乐,热歌榜,酷狗TOP500,2026-07-24,499,世界赠予我的,王菲,,4:04,BE84F84C55D0D1B458158092272CC3A8,135677703,https://www.kugou.com/yy/rank/home/23-8888.html?from=rank
2026-07-24,2026-07-24T15:42:55+08:00,酷狗音乐,热歌榜,酷狗TOP500,2026-07-24,500,Sacred Play Secret Place,matryoshka,,5:18,64996B6ED0F4A1E5BA0B183FDF81E785,611039,https://www.kugou.com/yy/rank/home/23-8888.html?from=rank
2026-07-24,2026-07-24T15:42:55+08:00,酷狗音乐,飙升榜,酷狗飙升榜,2026-07-24,1,踏马寻花向自由 (潇洒版),雷鬼叔,,2:49,2AB7A8EBAD8E05DEF40E7F9330FCB01E,198887108,https://www.kugou.com/yy/rank/home/1-6666.html?from=rank
2026-07-24,2026-07-24T15:42:55+08:00,酷狗音乐,飙升榜,酷狗飙升榜,2026-07-24,2,山风山风等等我,万海东,,3:29,CE256D96F1F025D60468D8F0BC9EE64B,200106963,https://www.kugou.com/yy/rank/home/1-6666.html?from=rank
2026-07-24,2026-07-24T15:42:55+08:00,酷狗音乐,飙升榜,酷狗飙升榜,2026-07-24,3,岁月如笔写春秋,井闪闪,,4:09,B99876B549535DFB02DEA8E2CE5E3182,199932928,https://www.kugou.com/yy/rank/home/1-6666.html?from=rank
2026-07-24,2026-07-24T15:42:55+08:00,酷狗音乐,飙升榜,酷狗飙升榜,2026-07-24,4,岁月如笔写春秋 (古筝版),廖祖勇,,4:24,F67890112CC3269A8B8C4433FDBBDCC1,199607230,https://www.kugou.com/yy/rank/home/1-6666.html?from=rank
2026-07-24,2026-07-24T15:42:55+08:00,酷狗音乐,飙升榜,酷狗飙升榜,2026-07-24,5,明天会更好 (架子鼓版),不想呼吸,,3:48,983F16CC8604861EC1C2ED961E3A1BE9,195542510,https://www.kugou.com/yy/rank/home/1-6666.html?from=rank
2026-07-24,2026-07-24T15:42:55+08:00,酷狗音乐,飙升榜,酷狗飙升榜,2026-07-24,6,可惜我什么都给不起,张艺迈,,3:51,D36BFAE4D5DFEC04DB659DFE9229F637,168476163,https://www.kugou.com/yy/rank/home/1-6666.html?from=rank
2026-07-24,2026-07-24T15:42:55+08:00,酷狗音乐,飙升榜,酷狗飙升榜,2026-07-24,7,北方的后海没有海 (r&b微醺版),落日微醺,,3:26,DB3D10DE8DF3C5188EC036A9724F9418,196519034,https://www.kugou.com/yy/rank/home/1-6666.html?from=rank
2026-07-24,2026-07-24T15:42:55+08:00,酷狗音乐,飙升榜,酷狗飙升榜,2026-07-24,8,想去山里躲一躲 (合唱版),烟嗓船长,,3:01,AFEFDD4D6FE57E05B1581F49AB55AD33,200398476,https://www.kugou.com/yy/rank/home/1-6666.html?from=rank
2026-07-24,2026-07-24T15:42:55+08:00,酷狗音乐,飙升榜,酷狗飙升榜,2026-07-24,9,人间的剧本,老韩很哇塞,,3:18,F80698DAC679080F9E38F3DBB07BD17A,195240853,https://www.kugou.com/yy/rank/home/1-6666.html?from=rank
2026-07-24,2026-07-24T15:42:55+08:00,酷狗音乐,飙升榜,酷狗飙升榜,2026-07-24,10,离人赋,云汐,,3:57,321EC3B1BB1D8F1D2EFB7A40AC911CA4,64168081,https://www.kugou.com/yy/rank/home/1-6666.html?from=rank
2026-07-24,2026-07-24T15:42:55+08:00,酷狗音乐,飙升榜,酷狗飙升榜,2026-07-24,11,乌兰巴托的夜 (师徒对唱版),大双二双、张敏,,3:54,AD6DDE5654BFFCAF54C8839E1EBF4142,200190103,https://www.kugou.com/yy/rank/home/1-6666.html?from=rank
2026-07-24,2026-07-24T15:42:55+08:00,酷狗音乐,飙升榜,酷狗飙升榜,2026-07-24,12,I love you so,王赫野,,3:09,E2644F174258CAC4417F78591263F8C9,195842464,https://www.kugou.com/yy/rank/home/1-6666.html?from=rank
2026-07-24,2026-07-24T15:42:55+08:00,酷狗音乐,飙升榜,酷狗飙升榜,2026-07-24,13,琵琶行 (幻大唐盛夜),月亮失了约zz,,4:38,955492E7C334AAEC4FB35490AB3E70D6,199501588,https://www.kugou.com/yy/rank/home/1-6666.html?from=rank
2026-07-24,2026-07-24T15:42:55+08:00,酷狗音乐,飙升榜,酷狗飙升榜,2026-07-24,14,叹这一生 (对唱版),戎大姨、慕琰,,3:39,2C49327360C45E0AF167750C30350D15,196138635,https://www.kugou.com/yy/rank/home/1-6666.html?from=rank
2026-07-24,2026-07-24T15:42:55+08:00,酷狗音乐,飙升榜,酷狗飙升榜,2026-07-24,15,若山不走来 (闽南语),一只白羊,,4:19,9543079FFD2588B0F9BE2DABC7D3B594,200473764,https://www.kugou.com/yy/rank/home/1-6666.html?from=rank
2026-07-24,2026-07-24T15:42:55+08:00,酷狗音乐,飙升榜,酷狗飙升榜,2026-07-24,16,敬自己 (十七八岁就踏入社会),刘阳阳,,3:47,08422261A282C9C363D77F40D42F1C6A,196477359,https://www.kugou.com/yy/rank/home/1-6666.html?from=rank
2026-07-24,2026-07-24T15:42:55+08:00,酷狗音乐,飙升榜,酷狗飙升榜,2026-07-24,17,也许在下雨天 (说唱版),何遇Hayu、艾比利,,2:56,60375BDA29966FB3DB21E82B22FE31EE,198707724,https://www.kugou.com/yy/rank/home/1-6666.html?from=rank
2026-07-24,2026-07-24T15:42:55+08:00,酷狗音乐,飙升榜,酷狗飙升榜,2026-07-24,18,岁月如笔,陈雅森,,3:13,818433E5FF5688EC62D818F836E9E770,200473828,https://www.kugou.com/yy/rank/home/1-6666.html?from=rank
2026-07-24,2026-07-24T15:42:55+08:00,酷狗音乐,飙升榜,酷狗飙升榜,2026-07-24,19,飞翔的一天,吴宣仪,,3:56,B73A44D55B80B4BD42514F0B17456639,200221144,https://www.kugou.com/yy/rank/home/1-6666.html?from=rank
2026-07-24,2026-07-24T15:42:55+08:00,酷狗音乐,飙升榜,酷狗飙升榜,2026-07-24,20,Take me to the top (Club Mix),Ma.Bra.、LaBelle,,4:40,B99960E13D1BC199AE005D51852082BD,197892150,https://www.kugou.com/yy/rank/home/1-6666.html?from=rank
2026-07-24,2026-07-24T15:42:55+08:00,酷狗音乐,飙升榜,酷狗飙升榜,2026-07-24,21,也许在下雨天,王小黑,,3:47,6EB7954F0D48CC281D1B67888AA90092,198707654,https://www.kugou.com/yy/rank/home/1-6666.html?from=rank
2026-07-24,2026-07-24T15:42:55+08:00,酷狗音乐,飙升榜,酷狗飙升榜,2026-07-24,22,我不该对你动情,苍狼,,4:22,C5C00960BF6D332F348192116B95DB0A,200448737,https://www.kugou.com/yy/rank/home/1-6666.html?from=rank
2026-07-24,2026-07-24T15:42:55+08:00,酷狗音乐,飙升榜,酷狗飙升榜,2026-07-24,23,苍天可曾饶过谁 (语录版),魏佳艺,,3:43,5A8384C252EF33BAE57A5BDBDE695019,200500595,https://www.kugou.com/yy/rank/home/2-6666.html?from=rank
2026-07-24,2026-07-24T15:42:55+08:00,酷狗音乐,飙升榜,酷狗飙升榜,2026-07-24,24,绛色的爱,张艺兴,,3:17,6201F7C2E5ED8DB8FB1B95D697498CDB,197848865,https://www.kugou.com/yy/rank/home/2-6666.html?from=rank
2026-07-24,2026-07-24T15:42:55+08:00,酷狗音乐,飙升榜,酷狗飙升榜,2026-07-24,25,ChecK,孝琳,,2:38,7EEF6C068C0BF096F01472B9B99E0BEC,200395462,https://www.kugou.com/yy/rank/home/2-6666.html?from=rank
2026-07-24,2026-07-24T15:42:55+08:00,酷狗音乐,飙升榜,酷狗飙升榜,2026-07-24,26,也许在下雨天 (眼泪才不被看见),窝窝,,3:48,24DEA759C50A2692B679BE0D76C806D8,197840114,https://www.kugou.com/yy/rank/home/2-6666.html?from=rank
2026-07-24,2026-07-24T15:42:55+08:00,酷狗音乐,飙升榜,酷狗飙升榜,2026-07-24,27,岁月赐我一身风霜,苍狼,,3:00,3698A3D760F194002C3724773BF76EE7,200380762,https://www.kugou.com/yy/rank/home/2-6666.html?from=rank
2026-07-24,2026-07-24T15:42:55+08:00,酷狗音乐,飙升榜,酷狗飙升榜,2026-07-24,28,Floral Punch！,茶理理理子,,3:30,B51959D80C447572BBE602CF3F6D7AD0,200395621,https://www.kugou.com/yy/rank/home/2-6666.html?from=rank
2026-07-24,2026-07-24T15:42:55+08:00,酷狗音乐,飙升榜,酷狗飙升榜,2026-07-24,29,Hard Reset,DJ阿峰,,2:11,EDC96625563DB9B44C4C98B1D4879CB1,172196364,https://www.kugou.com/yy/rank/home/2-6666.html?from=rank
2026-07-24,2026-07-24T15:42:55+08:00,酷狗音乐,飙升榜,酷狗飙升榜,2026-07-24,30,迷宫花,玄觞,,3:38,6A948DEAE10FA4C46D77E5E8E7BBA5BC,200480983,https://www.kugou.com/yy/rank/home/2-6666.html?from=rank
2026-07-24,2026-07-24T15:42:55+08:00,酷狗音乐,飙升榜,酷狗飙升榜,2026-07-24,31,也许在下雨天 (沧桑版),草原兄弟,,3:48,2D64D1441993DE1D2756209C252E6EAC,200470234,https://www.kugou.com/yy/rank/home/2-6666.html?from=rank
2026-07-24,2026-07-24T15:42:55+08:00,酷狗音乐,飙升榜,酷狗飙升榜,2026-07-24,32,南方的雨北方的风 (律动版),田园,,3:23,887F7825F872D90218725B06D54B5A06,200497274,https://www.kugou.com/yy/rank/home/2-6666.html?from=rank
2026-07-24,2026-07-24T15:42:55+08:00,酷狗音乐,飙升榜,酷狗飙升榜,2026-07-24,33,人间的这条路太难走,常超凡,,2:56,0B82D5E5C32CDA44EFFDDED0182D5A7B,200413455,https://www.kugou.com/yy/rank/home/2-6666.html?from=rank
2026-07-24,2026-07-24T15:42:55+08:00,酷狗音乐,飙升榜,酷狗飙升榜,2026-07-24,34,也许在下雨天 (对唱版),轩宣、何遇Hayu,,3:47,8FDAE7F64548B8BF5E6736A61D3EDFFC,199737733,https://www.kugou.com/yy/rank/home/2-6666.html?from=rank
2026-07-24,2026-07-24T15:42:55+08:00,酷狗音乐,飙升榜,酷狗飙升榜,2026-07-24,35,逆风的船 (车载版),蓝波,,3:35,FFC5EBB8B1F23EC10C804E1136EA7BCF,200509663,https://www.kugou.com/yy/rank/home/2-6666.html?from=rank
2026-07-24,2026-07-24T15:42:55+08:00,酷狗音乐,飙升榜,酷狗飙升榜,2026-07-24,36,"Luvsic+夜,萤火虫和你 (混搭版)",404Hz、温柔音综馆,,2:10,0D81F44B289673DB05B5DB848349A63F,198005230,https://www.kugou.com/yy/rank/home/2-6666.html?from=rank
2026-07-24,2026-07-24T15:42:55+08:00,酷狗音乐,飙升榜,酷狗飙升榜,2026-07-24,37,旧时光的城,杨烁,,4:23,F717A96278B8A3F96B7B3FFE0CFDD8C2,200401112,https://www.kugou.com/yy/rank/home/2-6666.html?from=rank
2026-07-24,2026-07-24T15:42:55+08:00,酷狗音乐,飙升榜,酷狗飙升榜,2026-07-24,38,失去,李志远,,3:29,856F8745780E40B01DA14598456F83E6,76476100,https://www.kugou.com/yy/rank/home/2-6666.html?from=rank
2026-07-24,2026-07-24T15:42:55+08:00,酷狗音乐,飙升榜,酷狗飙升榜,2026-07-24,39,若此生不是你,L（桃籽）,,3:35,743533E036448C903323783A194CA0F5,200417926,https://www.kugou.com/yy/rank/home/2-6666.html?from=rank
2026-07-24,2026-07-24T15:42:55+08:00,酷狗音乐,飙升榜,酷狗飙升榜,2026-07-24,40,也许在下雨天,羊羊,,3:47,AAEBA521046D002A130BB8754C810894,199659098,https://www.kugou.com/yy/rank/home/2-6666.html?from=rank
2026-07-24,2026-07-24T15:42:55+08:00,酷狗音乐,飙升榜,酷狗飙升榜,2026-07-24,41,你 (钢琴曲),灰色思绪,,2:11,2AB9F8464415499CE2D81B8280E62706,199393212,https://www.kugou.com/yy/rank/home/2-6666.html?from=rank
2026-07-24,2026-07-24T15:42:55+08:00,酷狗音乐,飙升榜,酷狗飙升榜,2026-07-24,42,南山雪,沉虞CHENY,,3:24,56E89664946CF51B95EF0B283C0F2769,200401510,https://www.kugou.com/yy/rank/home/2-6666.html?from=rank
2026-07-24,2026-07-24T15:42:55+08:00,酷狗音乐,飙升榜,酷狗飙升榜,2026-07-24,43,Angel (氛围版),DJ铁柱,,2:43,54C89D6F4E3DBBF06D1E3E1D7FB2EBD9,198014382,https://www.kugou.com/yy/rank/home/2-6666.html?from=rank
2026-07-24,2026-07-24T15:42:55+08:00,酷狗音乐,飙升榜,酷狗飙升榜,2026-07-24,44,问爱,Yamy郭颖,,3:02,E35C44C974EAE0C29D62C8945D4D71F5,196970329,https://www.kugou.com/yy/rank/home/2-6666.html?from=rank
2026-07-24,2026-07-24T15:42:55+08:00,酷狗音乐,飙升榜,酷狗飙升榜,2026-07-24,45,我听人说思念像风一样,月亮失了约zz,,3:33,CD8863E29959FAC584996C4027027C66,199284748,https://www.kugou.com/yy/rank/home/3-6666.html?from=rank
2026-07-24,2026-07-24T15:42:55+08:00,酷狗音乐,飙升榜,酷狗飙升榜,2026-07-24,46,你有没有真的爱过我,马雨梵,,4:12,DE16A84BBEB09D370D48EF939C09614E,196494416,https://www.kugou.com/yy/rank/home/3-6666.html?from=rank
2026-07-24,2026-07-24T15:42:55+08:00,酷狗音乐,飙升榜,酷狗飙升榜,2026-07-24,47,今生知己最难求,蒋蕙林,,3:50,64073626767031F30D0460776656694E,200401538,https://www.kugou.com/yy/rank/home/3-6666.html?from=rank
2026-07-24,2026-07-24T15:42:55+08:00,酷狗音乐,飙升榜,酷狗飙升榜,2026-07-24,48,山顶看日落 (律动版),鱼精,,2:36,0275B60E9734DF076E7CDE9277439738,200425022,https://www.kugou.com/yy/rank/home/3-6666.html?from=rank
2026-07-24,2026-07-24T15:42:55+08:00,酷狗音乐,飙升榜,酷狗飙升榜,2026-07-24,49,你失约的岛 我替你看,流行前哨站,,2:29,F3EA2381727F1318B88688555ABC841F,197747310,https://www.kugou.com/yy/rank/home/3-6666.html?from=rank
2026-07-24,2026-07-24T15:42:55+08:00,酷狗音乐,飙升榜,酷狗飙升榜,2026-07-24,50,如果不爱我为何招惹我 (对唱版),烟嗓船长、江美凌,,2:51,1F82EE39C561E389745814B7CAE28D84,200498134,https://www.kugou.com/yy/rank/home/3-6666.html?from=rank
2026-07-24,2026-07-24T15:42:55+08:00,酷狗音乐,飙升榜,酷狗飙升榜,2026-07-24,51,烟火 (孤孤单单一个人),京六,,4:06,495D65F83F80948BE9E2683AEFD0E20A,198377118,https://www.kugou.com/yy/rank/home/3-6666.html?from=rank
2026-07-24,2026-07-24T15:42:55+08:00,酷狗音乐,飙升榜,酷狗飙升榜,2026-07-24,52,也许在下雨天 (氛围版),余火火,,3:47,23BAA347D63C61E129E85D8AF31CF858,199251905,https://www.kugou.com/yy/rank/home/3-6666.html?from=rank
2026-07-24,2026-07-24T15:42:55+08:00,酷狗音乐,飙升榜,酷狗飙升榜,2026-07-24,53,还是分开 (Acoustic Version),张叶蕾,,3:49,CCB537741E41A89D63810C75D50BCFE6,130014024,https://www.kugou.com/yy/rank/home/3-6666.html?from=rank
2026-07-24,2026-07-24T15:42:55+08:00,酷狗音乐,飙升榜,酷狗飙升榜,2026-07-24,54,怎么两清 (做回甲乙丙丁),欢子,,3:22,342245E480BE5995EEAACD411B1E5CCA,199624225,https://www.kugou.com/yy/rank/home/3-6666.html?from=rank
2026-07-24,2026-07-24T15:42:55+08:00,酷狗音乐,飙升榜,酷狗飙升榜,2026-07-24,55,耳朵,JOSHUA,,4:02,1A830B1A870EC69337CEC9F708B8F4C2,200392214,https://www.kugou.com/yy/rank/home/3-6666.html?from=rank
2026-07-24,2026-07-24T15:42:55+08:00,酷狗音乐,飙升榜,酷狗飙升榜,2026-07-24,56,自从有了你 (海可枯石可烂天可崩地可裂),音乐小贩子,,3:26,6220F17C927DA7FFF0356876301BCC63,199505302,https://www.kugou.com/yy/rank/home/3-6666.html?from=rank
2026-07-24,2026-07-24T15:42:55+08:00,酷狗音乐,飙升榜,酷狗飙升榜,2026-07-24,57,我那年十八（染个黄毛不敢回家）理想,王虹-王棚主,,2:31,FB426C295F12F44CD0CAEB962C36BE2E,200452998,https://www.kugou.com/yy/rank/home/3-6666.html?from=rank
2026-07-24,2026-07-24T15:42:55+08:00,酷狗音乐,飙升榜,酷狗飙升榜,2026-07-24,58,Telephone,Jemme,,2:46,08D716A5B1433AEEC6C6B2E5FB12B831,174395481,https://www.kugou.com/yy/rank/home/3-6666.html?from=rank
2026-07-24,2026-07-24T15:42:55+08:00,酷狗音乐,飙升榜,酷狗飙升榜,2026-07-24,59,好好照顾自己,陈泳伽,,3:26,41A7E8735A9F11D016C2A6C950FB6C1F,200357705,https://www.kugou.com/yy/rank/home/3-6666.html?from=rank
2026-07-24,2026-07-24T15:42:55+08:00,酷狗音乐,飙升榜,酷狗飙升榜,2026-07-24,60,人间的剧本,鱼精,,3:18,9F88B4CD98010EB19FFC0017A1DA080C,200418837,https://www.kugou.com/yy/rank/home/3-6666.html?from=rank
2026-07-24,2026-07-24T15:42:55+08:00,酷狗音乐,飙升榜,酷狗飙升榜,2026-07-24,61,passion (动感高燃版),La Mer、Ameriie、Grimmmz,,3:01,14B63EF70AF279B97A5EEB01322E6767,197114253,https://www.kugou.com/yy/rank/home/3-6666.html?from=rank
2026-07-24,2026-07-24T15:42:55+08:00,酷狗音乐,飙升榜,酷狗飙升榜,2026-07-24,62,谁先说分手都可以,赵欣宇,,3:35,D10C42AC3E604819FE4329E9826364F5,193965022,https://www.kugou.com/yy/rank/home/3-6666.html?from=rank
2026-07-24,2026-07-24T15:42:55+08:00,酷狗音乐,飙升榜,酷狗飙升榜,2026-07-24,63,爱一个人的话怎么舍得不说出来 (这么简单的道理),天冷冷,,3:12,A1FEC8E6A0ABBEA5558D596A174F4FAE,172722032,https://www.kugou.com/yy/rank/home/3-6666.html?from=rank
2026-07-24,2026-07-24T15:42:55+08:00,酷狗音乐,飙升榜,酷狗飙升榜,2026-07-24,64,这个年纪 (女生版),白允y,,4:11,5C508B00717FC178DD6143901DD36D25,200161893,https://www.kugou.com/yy/rank/home/3-6666.html?from=rank
2026-07-24,2026-07-24T15:42:55+08:00,酷狗音乐,飙升榜,酷狗飙升榜,2026-07-24,65,潇洒的走 (烟嗓r&b),DJ铁柱,,4:05,8B7235155C60260C5F85E65FFF035364,190434294,https://www.kugou.com/yy/rank/home/3-6666.html?from=rank
2026-07-24,2026-07-24T15:42:55+08:00,酷狗音乐,飙升榜,酷狗飙升榜,2026-07-24,66,红颜旧 (氛围版),周深深,,3:48,76FA92299B2443816030D744CF70FA3B,198814170,https://www.kugou.com/yy/rank/home/3-6666.html?from=rank
2026-07-24,2026-07-24T15:42:55+08:00,酷狗音乐,飙升榜,酷狗飙升榜,2026-07-24,67,不要寂寞的时候说爱我 (雷鬼版),白兰的,,3:35,80CE0F37EC806A6206ACBAF129165026,195227125,https://www.kugou.com/yy/rank/home/4-6666.html?from=rank
2026-07-24,2026-07-24T15:42:55+08:00,酷狗音乐,飙升榜,酷狗飙升榜,2026-07-24,68,张三的歌 (我要带你到处去飞翔),徐剑秋,,3:16,67055F0A24953EB1CC52F2FA90BE9BCB,200421977,https://www.kugou.com/yy/rank/home/4-6666.html?from=rank
2026-07-24,2026-07-24T15:42:55+08:00,酷狗音乐,飙升榜,酷狗飙升榜,2026-07-24,69,风一定没说,格雷西西西,,3:05,E12F50631794283EEC9F691736E29A34,200401815,https://www.kugou.com/yy/rank/home/4-6666.html?from=rank
2026-07-24,2026-07-24T15:42:55+08:00,酷狗音乐,飙升榜,酷狗飙升榜,2026-07-24,70,等 (缘分和时间都到了就能见面),杨友友,,2:15,9A17BAB9471CE869FFD6008CD2D2E0B9,200427726,https://www.kugou.com/yy/rank/home/4-6666.html?from=rank
2026-07-24,2026-07-24T15:42:55+08:00,酷狗音乐,飙升榜,酷狗飙升榜,2026-07-24,71,不说爱你却更爱你,王超然,,3:31,302BAC9502F0F01E91DCEAF4C07604A4,200414848,https://www.kugou.com/yy/rank/home/4-6666.html?from=rank
2026-07-24,2026-07-24T15:42:55+08:00,酷狗音乐,飙升榜,酷狗飙升榜,2026-07-24,72,管它是现在还是未来 (旋律氛围版),DJ啊智,,5:53,2FFB46ACCCF4384DF57767C4B27B53A7,171553670,https://www.kugou.com/yy/rank/home/4-6666.html?from=rank
2026-07-24,2026-07-24T15:42:55+08:00,酷狗音乐,飙升榜,酷狗飙升榜,2026-07-24,73,这场雨下完就忘了你,戎大姨,,3:24,13BCE0EF27162A76E9F5687E8EB97408,198910803,https://www.kugou.com/yy/rank/home/4-6666.html?from=rank
2026-07-24,2026-07-24T15:42:55+08:00,酷狗音乐,飙升榜,酷狗飙升榜,2026-07-24,74,夜蚀庄园,陈默之,,3:10,63A6C3854A3893C3D143E9E6C0FBC99E,200395566,https://www.kugou.com/yy/rank/home/4-6666.html?from=rank
2026-07-24,2026-07-24T15:42:55+08:00,酷狗音乐,飙升榜,酷狗飙升榜,2026-07-24,75,风越冷心越疼,徐剑秋,,3:21,26518C145574E2DA75D9A3497FDA866F,177821171,https://www.kugou.com/yy/rank/home/4-6666.html?from=rank
2026-07-24,2026-07-24T15:42:55+08:00,酷狗音乐,飙升榜,酷狗飙升榜,2026-07-24,76,花轿里妹妹你可听见 (柔和吉特巴),赵洋、汪阳阳,,3:45,2E0E7A40801075A5E85FA863D742D38F,197805061,https://www.kugou.com/yy/rank/home/4-6666.html?from=rank
2026-07-24,2026-07-24T15:42:55+08:00,酷狗音乐,飙升榜,酷狗飙升榜,2026-07-24,77,My Girl,萌小猫,,3:22,C57F245378E6892F07AADD511D1811AC,200360984,https://www.kugou.com/yy/rank/home/4-6666.html?from=rank
2026-07-24,2026-07-24T15:42:55+08:00,酷狗音乐,飙升榜,酷狗飙升榜,2026-07-24,78,不循环的缘,安扬,,2:53,BBD554D32F04E02F16531F2801ABE674,200401634,https://www.kugou.com/yy/rank/home/4-6666.html?from=rank
2026-07-24,2026-07-24T15:42:55+08:00,酷狗音乐,飙升榜,酷狗飙升榜,2026-07-24,79,我把思念说给风,刘书云,,3:40,F0467E24B1F6D2BB96FD5ED268C7DE1B,198731786,https://www.kugou.com/yy/rank/home/4-6666.html?from=rank
2026-07-24,2026-07-24T15:42:55+08:00,酷狗音乐,飙升榜,酷狗飙升榜,2026-07-24,80,睡,韦大鱼,,4:00,FF073BF5BA0E7A607EFDBAD84300368A,189708744,https://www.kugou.com/yy/rank/home/4-6666.html?from=rank
2026-07-24,2026-07-24T15:42:55+08:00,酷狗音乐,飙升榜,酷狗飙升榜,2026-07-24,81,My Only Love,Sage Willow,,3:21,FF707DED07BBEF0F4DF77332DAC78842,184411409,https://www.kugou.com/yy/rank/home/4-6666.html?from=rank
2026-07-24,2026-07-24T15:42:55+08:00,酷狗音乐,飙升榜,酷狗飙升榜,2026-07-24,82,Forever,Labrinth,,3:22,B63962001E20B7C0E6BD79C5CDF26E6B,29585596,https://www.kugou.com/yy/rank/home/4-6666.html?from=rank
2026-07-24,2026-07-24T15:42:55+08:00,酷狗音乐,飙升榜,酷狗飙升榜,2026-07-24,83,All Rise,Blue,,3:44,B5C76C24044681C4DAA83113294CBDF0,560691,https://www.kugou.com/yy/rank/home/4-6666.html?from=rank
2026-07-24,2026-07-24T15:42:55+08:00,酷狗音乐,飙升榜,酷狗飙升榜,2026-07-24,84,离人赋 (你送的胭脂扣),Mogoo蘑菇、云汐,,4:25,3A83DDBDE6227040FBC553D470CB94CC,200418062,https://www.kugou.com/yy/rank/home/4-6666.html?from=rank
2026-07-24,2026-07-24T15:42:55+08:00,酷狗音乐,飙升榜,酷狗飙升榜,2026-07-24,85,做个小富婆 (对唱版),媛小小、刘书云,,2:56,927937A15B35B8A535230E3995172011,200400508,https://www.kugou.com/yy/rank/home/4-6666.html?from=rank
2026-07-24,2026-07-24T15:42:55+08:00,酷狗音乐,飙升榜,酷狗飙升榜,2026-07-24,86,见一面少一面,田园,,4:05,10E6E3201B08AE7D0ED3B439579274D3,137762630,https://www.kugou.com/yy/rank/home/4-6666.html?from=rank
2026-07-24,2026-07-24T15:42:55+08:00,酷狗音乐,飙升榜,酷狗飙升榜,2026-07-24,87,秋殇别恋 (男女撕裂对唱),梨子芥菜、戚悦,,4:19,CA8495DA3927226C0A3FBBD6B95B8315,190178204,https://www.kugou.com/yy/rank/home/4-6666.html?from=rank
2026-07-24,2026-07-24T15:42:55+08:00,酷狗音乐,飙升榜,酷狗飙升榜,2026-07-24,88,我在月光许过情真 (r&b旋律说唱版),丁点儿、比利五,,2:14,DBC86A4731D581A7C5995CCE416AD6CB,196066686,https://www.kugou.com/yy/rank/home/4-6666.html?from=rank
2026-07-24,2026-07-24T15:42:55+08:00,酷狗音乐,飙升榜,酷狗飙升榜,2026-07-24,89,让我欢喜让我忧 (粤语女声版),琉璃之夏abc,,4:14,44BF1C592243C8D5F4DB9E279E8EC7D5,190024561,https://www.kugou.com/yy/rank/home/5-6666.html?from=rank
2026-07-24,2026-07-24T15:42:55+08:00,酷狗音乐,飙升榜,酷狗飙升榜,2026-07-24,90,无情的情书 (烟嗓女版),七分可可,,2:19,FB551D5494DB76A574CA6A5292655510,196000180,https://www.kugou.com/yy/rank/home/5-6666.html?from=rank
2026-07-24,2026-07-24T15:42:55+08:00,酷狗音乐,飙升榜,酷狗飙升榜,2026-07-24,91,忍不住伤心,烟嗓船长,,4:45,71F80968774B20669E20B181031F3C59,200447831,https://www.kugou.com/yy/rank/home/5-6666.html?from=rank
2026-07-24,2026-07-24T15:42:55+08:00,酷狗音乐,飙升榜,酷狗飙升榜,2026-07-24,92,跨风跨雨跨不过的过去,田园,,3:21,4B5D64F5BDB600A9701339FDF795B636,200420817,https://www.kugou.com/yy/rank/home/5-6666.html?from=rank
2026-07-24,2026-07-24T15:42:55+08:00,酷狗音乐,飙升榜,酷狗飙升榜,2026-07-24,93,不想谈,zhou6,,2:46,2A9EB3650E84141F81D49FC55C605A8D,193509896,https://www.kugou.com/yy/rank/home/5-6666.html?from=rank
2026-07-24,2026-07-24T15:42:55+08:00,酷狗音乐,飙升榜,酷狗飙升榜,2026-07-24,94,寻你千万遍 (空灵版),一颗狼星,,3:48,20EE3434C1EEEC307650182BA93B9E06,200435896,https://www.kugou.com/yy/rank/home/5-6666.html?from=rank
2026-07-24,2026-07-24T15:42:55+08:00,酷狗音乐,飙升榜,酷狗飙升榜,2026-07-24,95,你的心里到底住着谁,莫文文,,3:12,2DE6732BC46EB5654C6759D8427B9F51,198885840,https://www.kugou.com/yy/rank/home/5-6666.html?from=rank
2026-07-24,2026-07-24T15:42:55+08:00,酷狗音乐,飙升榜,酷狗飙升榜,2026-07-24,96,无法剧终,赵欣宇,,2:49,FC9195CE077CA6AB323F5A5C076990B0,195589956,https://www.kugou.com/yy/rank/home/5-6666.html?from=rank
2026-07-24,2026-07-24T15:42:55+08:00,酷狗音乐,飙升榜,酷狗飙升榜,2026-07-24,97,不哭,王心凌,,4:20,38E9798FCE93DA1AC92CB3BD57DA072E,885145,https://www.kugou.com/yy/rank/home/5-6666.html?from=rank
2026-07-24,2026-07-24T15:42:55+08:00,酷狗音乐,飙升榜,酷狗飙升榜,2026-07-24,98,若不爱了请你直说,恰恰恰恰恰,,3:04,192A27E40F1DD9C0E3FF4D3DE27D6587,200401848,https://www.kugou.com/yy/rank/home/5-6666.html?from=rank
2026-07-24,2026-07-24T15:42:55+08:00,酷狗音乐,飙升榜,酷狗飙升榜,2026-07-24,99,ファントマイム (feat. 初音ミク),MerryBadEnd、初音ミク,,2:14,32A14D763DC68DBE20EF4ADD06C606B4,200447927,https://www.kugou.com/yy/rank/home/5-6666.html?from=rank
2026-07-24,2026-07-24T15:42:55+08:00,酷狗音乐,飙升榜,酷狗飙升榜,2026-07-24,100,江湖不再讲义气,红孩儿,,2:21,6C3CA7314BA655641AA900F19E81B101,200401268,https://www.kugou.com/yy/rank/home/5-6666.html?from=rank
2026-07-24,2026-07-24T15:42:55+08:00,微博,热搜榜,微博热搜榜,,1,王虹教授在清华大学开讲挂谷猜想,教育,热度 2085809；新；教育领域热度TOP1,,王虹教授在清华大学开讲挂谷猜想,,https://s.weibo.com/weibo?q=%23%E7%8E%8B%E8%99%B9%E6%95%99%E6%8E%88%E5%9C%A8%E6%B8%85%E5%8D%8E%E5%A4%A7%E5%AD%A6%E5%BC%80%E8%AE%B2%E6%8C%82%E8%B0%B7%E7%8C%9C%E6%83%B3%23
2026-07-24,2026-07-24T15:42:55+08:00,微博,热搜榜,微博热搜榜,,2,产妇羊水栓塞抢救11小时换3次血,民生新闻,热度 1016674；新；民生新闻领域热度TOP2,,产妇羊水栓塞抢救11小时换3次血,,https://s.weibo.com/weibo?q=%23%E4%BA%A7%E5%A6%87%E7%BE%8A%E6%B0%B4%E6%A0%93%E5%A1%9E%E6%8A%A2%E6%95%9111%E5%B0%8F%E6%97%B6%E6%8D%A23%E6%AC%A1%E8%A1%80%23
2026-07-24,2026-07-24T15:42:55+08:00,微博,热搜榜,微博热搜榜,,3,高温天气如何防护,国内时政,热度 993694；国内时政领域热度TOP2,,高温天气如何防护,,https://s.weibo.com/weibo?q=%23%E9%AB%98%E6%B8%A9%E5%A4%A9%E6%B0%94%E5%A6%82%E4%BD%95%E9%98%B2%E6%8A%A4%23
2026-07-24,2026-07-24T15:42:55+08:00,微博,热搜榜,微博热搜榜,,4,双休和五点下班是什么感觉,幽默,热度 993678；新；幽默领域热度TOP1,,双休和五点下班是什么感觉,,https://s.weibo.com/weibo?q=%23%E5%8F%8C%E4%BC%91%E5%92%8C%E4%BA%94%E7%82%B9%E4%B8%8B%E7%8F%AD%E6%98%AF%E4%BB%80%E4%B9%88%E6%84%9F%E8%A7%89%23
2026-07-24,2026-07-24T15:42:55+08:00,微博,热搜榜,微博热搜榜,,5,白鹿戴假发没遮全,剧集,热度 993308；热；剧集领域热度TOP1,,白鹿戴假发没遮全,剧集,https://s.weibo.com/weibo?q=%23%E7%99%BD%E9%B9%BF%E6%88%B4%E5%81%87%E5%8F%91%E6%B2%A1%E9%81%AE%E5%85%A8%23
2026-07-24,2026-07-24T15:42:55+08:00,微博,热搜榜,微博热搜榜,,6,瘦了二十斤后手的变化,情感,热度 992503；新；情感领域热度TOP1,,瘦了二十斤后手的变化,,https://s.weibo.com/weibo?q=%23%E7%98%A6%E4%BA%86%E4%BA%8C%E5%8D%81%E6%96%A4%E5%90%8E%E6%89%8B%E7%9A%84%E5%8F%98%E5%8C%96%23
2026-07-24,2026-07-24T15:42:55+08:00,微博,热搜榜,微博热搜榜,,7,对月薪三万有了直观的感受,情感,热度 933371；热；情感领域热度TOP2,,对月薪三万有了直观的感受,,https://s.weibo.com/weibo?q=%23%E5%AF%B9%E6%9C%88%E8%96%AA%E4%B8%89%E4%B8%87%E6%9C%89%E4%BA%86%E7%9B%B4%E8%A7%82%E7%9A%84%E6%84%9F%E5%8F%97%23
2026-07-24,2026-07-24T15:42:55+08:00,微博,热搜榜,微博热搜榜,,8,王者荣耀,游戏,热度 675036；新；游戏领域热度TOP1,,王者荣耀,,https://s.weibo.com/weibo?q=%23%E7%8E%8B%E8%80%85%E8%8D%A3%E8%80%80%23
2026-07-24,2026-07-24T15:42:55+08:00,微博,热搜榜,微博热搜榜,,9,腾讯317万年终奖员工因泄密被辞退,互联网,热度 440557；互联网领域热度TOP1,,腾讯317万年终奖员工因泄密被辞退,,https://s.weibo.com/weibo?q=%23%E8%85%BE%E8%AE%AF317%E4%B8%87%E5%B9%B4%E7%BB%88%E5%A5%96%E5%91%98%E5%B7%A5%E5%9B%A0%E6%B3%84%E5%AF%86%E8%A2%AB%E8%BE%9E%E9%80%80%23
2026-07-24,2026-07-24T15:42:55+08:00,微博,热搜榜,微博热搜榜,,10,十个勤天的来时路,综艺,热度 439732；新；综艺领域热度TOP1,,十个勤天的来时路,综艺,https://s.weibo.com/weibo?q=%23%E5%8D%81%E4%B8%AA%E5%8B%A4%E5%A4%A9%E7%9A%84%E6%9D%A5%E6%97%B6%E8%B7%AF%23
2026-07-24,2026-07-24T15:42:55+08:00,微博,热搜榜,微博热搜榜,,11,张柏芝一个人带大两个孩子那些年,艺人,热度 433280；热；艺人领域热度TOP1,,张柏芝一个人带大两个孩子那些年,['张柏芝'],https://s.weibo.com/weibo?q=%23%E5%BC%A0%E6%9F%8F%E8%8A%9D%E4%B8%80%E4%B8%AA%E4%BA%BA%E5%B8%A6%E5%A4%A7%E4%B8%A4%E4%B8%AA%E5%AD%A9%E5%AD%90%E9%82%A3%E4%BA%9B%E5%B9%B4%23
2026-07-24,2026-07-24T15:42:55+08:00,微博,热搜榜,微博热搜榜,,12,男子在家裸体被邻居拍照发群,民生新闻,热度 419133；热；民生新闻领域热度TOP1,,男子在家裸体被邻居拍照发群,,https://s.weibo.com/weibo?q=%23%E7%94%B7%E5%AD%90%E5%9C%A8%E5%AE%B6%E8%A3%B8%E4%BD%93%E8%A2%AB%E9%82%BB%E5%B1%85%E6%8B%8D%E7%85%A7%E5%8F%91%E7%BE%A4%23
2026-07-24,2026-07-24T15:42:55+08:00,微博,热搜榜,微博热搜榜,,13,Angelababy13岁旧照,艺人,热度 404759；新；艺人领域热度TOP2,,Angelababy13岁旧照,['angelababy'],https://s.weibo.com/weibo?q=%23Angelababy13%E5%B2%81%E6%97%A7%E7%85%A7%23
2026-07-24,2026-07-24T15:42:55+08:00,微博,热搜榜,微博热搜榜,,14,印度博主穷游中国,海外新闻,热度 387069；海外新闻领域热度TOP1,,印度博主穷游中国,,https://s.weibo.com/weibo?q=%23%E5%8D%B0%E5%BA%A6%E5%8D%9A%E4%B8%BB%E7%A9%B7%E6%B8%B8%E4%B8%AD%E5%9B%BD%23
2026-07-24,2026-07-24T15:42:55+08:00,微博,热搜榜,微博热搜榜,,15,胡宇威陈庭妮得女,艺人,热度 373212；新；艺人领域热度TOP3,,胡宇威陈庭妮得女,,https://s.weibo.com/weibo?q=%23%E8%83%A1%E5%AE%87%E5%A8%81%E9%99%88%E5%BA%AD%E5%A6%AE%E5%BE%97%E5%A5%B3%23
2026-07-24,2026-07-24T15:42:55+08:00,微博,热搜榜,微博热搜榜,,16,真的建议大家不要过度礼貌,情感,热度 358650；情感领域热度TOP3,,真的建议大家不要过度礼貌,,https://s.weibo.com/weibo?q=%23%E7%9C%9F%E7%9A%84%E5%BB%BA%E8%AE%AE%E5%A4%A7%E5%AE%B6%E4%B8%8D%E8%A6%81%E8%BF%87%E5%BA%A6%E7%A4%BC%E8%B2%8C%23
2026-07-24,2026-07-24T15:42:55+08:00,微博,热搜榜,微博热搜榜,,17,彭冠英单手抱白鹿,剧集,热度 351784；新；剧集领域热度TOP2,,彭冠英单手抱白鹿,剧集,https://s.weibo.com/weibo?q=%23%E5%BD%AD%E5%86%A0%E8%8B%B1%E5%8D%95%E6%89%8B%E6%8A%B1%E7%99%BD%E9%B9%BF%23
2026-07-24,2026-07-24T15:42:55+08:00,微博,热搜榜,微博热搜榜,,18,为什么不见程序员害怕失业抵制AI,互联网,热度 341906；互联网领域热度TOP2,,为什么不见程序员害怕失业抵制AI,,https://s.weibo.com/weibo?q=%23%E4%B8%BA%E4%BB%80%E4%B9%88%E4%B8%8D%E8%A7%81%E7%A8%8B%E5%BA%8F%E5%91%98%E5%AE%B3%E6%80%95%E5%A4%B1%E4%B8%9A%E6%8A%B5%E5%88%B6AI%23
2026-07-24,2026-07-24T15:42:55+08:00,微博,热搜榜,微博热搜榜,,19,西班牙26号给了罗梅罗一巴掌,体育,热度 341340；体育领域热度TOP1,,西班牙26号给了罗梅罗一巴掌,,https://s.weibo.com/weibo?q=%23%E8%A5%BF%E7%8F%AD%E7%89%9926%E5%8F%B7%E7%BB%99%E4%BA%86%E7%BD%97%E6%A2%85%E7%BD%97%E4%B8%80%E5%B7%B4%E6%8E%8C%23
2026-07-24,2026-07-24T15:42:55+08:00,微博,热搜榜,微博热搜榜,,20,母亲发现女儿多张毕业照露出内裤,民生新闻,热度 340010；民生新闻领域热度TOP4,,母亲发现女儿多张毕业照露出内裤,,https://s.weibo.com/weibo?q=%23%E6%AF%8D%E4%BA%B2%E5%8F%91%E7%8E%B0%E5%A5%B3%E5%84%BF%E5%A4%9A%E5%BC%A0%E6%AF%95%E4%B8%9A%E7%85%A7%E9%9C%B2%E5%87%BA%E5%86%85%E8%A3%A4%23
2026-07-24,2026-07-24T15:42:55+08:00,微博,热搜榜,微博热搜榜,,21,山东鲁能女团8比4山东魏桥,体育,热度 333386；新；体育领域热度TOP6,,山东鲁能女团8比4山东魏桥,,https://s.weibo.com/weibo?q=%23%E5%B1%B1%E4%B8%9C%E9%B2%81%E8%83%BD%E5%A5%B3%E5%9B%A28%E6%AF%944%E5%B1%B1%E4%B8%9C%E9%AD%8F%E6%A1%A5%23
2026-07-24,2026-07-24T15:42:55+08:00,微博,热搜榜,微博热搜榜,,22,白鹿常华森领衔主演彭冠英特别出演,剧集,热度 329743；剧集领域热度TOP3,,白鹿常华森领衔主演彭冠英特别出演,剧集,https://s.weibo.com/weibo?q=%23%E7%99%BD%E9%B9%BF%E5%B8%B8%E5%8D%8E%E6%A3%AE%E9%A2%86%E8%A1%94%E4%B8%BB%E6%BC%94%E5%BD%AD%E5%86%A0%E8%8B%B1%E7%89%B9%E5%88%AB%E5%87%BA%E6%BC%94%23
2026-07-24,2026-07-24T15:42:55+08:00,微博,热搜榜,微博热搜榜,,23,裸体在家犯法还是拍别人裸照犯法,民生新闻,热度 323534；民生新闻领域热度TOP3,,裸体在家犯法还是拍别人裸照犯法,,https://s.weibo.com/weibo?q=%23%E8%A3%B8%E4%BD%93%E5%9C%A8%E5%AE%B6%E7%8A%AF%E6%B3%95%E8%BF%98%E6%98%AF%E6%8B%8D%E5%88%AB%E4%BA%BA%E8%A3%B8%E7%85%A7%E7%8A%AF%E6%B3%95%23
2026-07-24,2026-07-24T15:42:55+08:00,微博,热搜榜,微博热搜榜,,24,原来生理性喜欢是这样的,情感,热度 314126；新；情感领域热度TOP4,,原来生理性喜欢是这样的,,https://s.weibo.com/weibo?q=%23%E5%8E%9F%E6%9D%A5%E7%94%9F%E7%90%86%E6%80%A7%E5%96%9C%E6%AC%A2%E6%98%AF%E8%BF%99%E6%A0%B7%E7%9A%84%23
2026-07-24,2026-07-24T15:42:55+08:00,微博,热搜榜,微博热搜榜,,25,郑恺看到苗苗剪短发后的反应,艺人,热度 308113；艺人领域热度TOP4,,郑恺看到苗苗剪短发后的反应,"['苗苗', '郑恺']",https://s.weibo.com/weibo?q=%23%E9%83%91%E6%81%BA%E7%9C%8B%E5%88%B0%E8%8B%97%E8%8B%97%E5%89%AA%E7%9F%AD%E5%8F%91%E5%90%8E%E7%9A%84%E5%8F%8D%E5%BA%94%23
2026-07-24,2026-07-24T15:42:55+08:00,微博,热搜榜,微博热搜榜,,26,发现相亲一个很有趣的现象,情感,热度 302033；情感领域热度TOP5,,发现相亲一个很有趣的现象,,https://s.weibo.com/weibo?q=%23%E5%8F%91%E7%8E%B0%E7%9B%B8%E4%BA%B2%E4%B8%80%E4%B8%AA%E5%BE%88%E6%9C%89%E8%B6%A3%E7%9A%84%E7%8E%B0%E8%B1%A1%23
2026-07-24,2026-07-24T15:42:55+08:00,微博,热搜榜,微博热搜榜,,27,八仙,电影,热度 292163；新；电影领域热度TOP1,,八仙,电影,https://s.weibo.com/weibo?q=%23%E5%85%AB%E4%BB%99%23
2026-07-24,2026-07-24T15:42:55+08:00,微博,热搜榜,微博热搜榜,,28,金饰价格一夜大跌,财经,热度 287245；新；财经领域热度TOP1,,金饰价格一夜大跌,,https://s.weibo.com/weibo?q=%23%E9%87%91%E9%A5%B0%E4%BB%B7%E6%A0%BC%E4%B8%80%E5%A4%9C%E5%A4%A7%E8%B7%8C%23
2026-07-24,2026-07-24T15:42:55+08:00,微博,热搜榜,微博热搜榜,,29,王虹获奖别再说寒门难出贵子,民生新闻,热度 285748；民生新闻领域热度TOP7,,王虹获奖别再说寒门难出贵子,,https://s.weibo.com/weibo?q=%23%E7%8E%8B%E8%99%B9%E8%8E%B7%E5%A5%96%E5%88%AB%E5%86%8D%E8%AF%B4%E5%AF%92%E9%97%A8%E9%9A%BE%E5%87%BA%E8%B4%B5%E5%AD%90%23
2026-07-24,2026-07-24T15:42:55+08:00,微博,热搜榜,微博热搜榜,,30,国务院成立广西六蓝水库溃坝调查组,突发/灾害,热度 284877；突发事件领域热度TOP1,,国务院成立广西六蓝水库溃坝调查组,,https://s.weibo.com/weibo?q=%23%E5%9B%BD%E5%8A%A1%E9%99%A2%E6%88%90%E7%AB%8B%E5%B9%BF%E8%A5%BF%E5%85%AD%E8%93%9D%E6%B0%B4%E5%BA%93%E6%BA%83%E5%9D%9D%E8%B0%83%E6%9F%A5%E7%BB%84%23
2026-07-24,2026-07-24T15:42:55+08:00,微博,热搜榜,微博热搜榜,,31,官俊臣班成绩 全名校阵容,艺人,热度 282716；艺人领域热度TOP5,,官俊臣班成绩 全名校阵容,,https://s.weibo.com/weibo?q=%23%E5%AE%98%E4%BF%8A%E8%87%A3%E7%8F%AD%E6%88%90%E7%BB%A9%20%E5%85%A8%E5%90%8D%E6%A0%A1%E9%98%B5%E5%AE%B9%23
2026-07-24,2026-07-24T15:42:55+08:00,微博,热搜榜,微博热搜榜,,32,王俊凯整治鸡圈霸凌,综艺,热度 281149；新；综艺领域热度TOP7,,王俊凯整治鸡圈霸凌,综艺,https://s.weibo.com/weibo?q=%23%E7%8E%8B%E4%BF%8A%E5%87%AF%E6%95%B4%E6%B2%BB%E9%B8%A1%E5%9C%88%E9%9C%B8%E5%87%8C%23
2026-07-24,2026-07-24T15:42:55+08:00,微博,热搜榜,微博热搜榜,,33,假大师用刀片切患者肿瘤诈骗360万,民生新闻,热度 278371；新；民生新闻领域热度TOP39,,假大师用刀片切患者肿瘤诈骗360万,,https://s.weibo.com/weibo?q=%23%E5%81%87%E5%A4%A7%E5%B8%88%E7%94%A8%E5%88%80%E7%89%87%E5%88%87%E6%82%A3%E8%80%85%E8%82%BF%E7%98%A4%E8%AF%88%E9%AA%97360%E4%B8%87%23
2026-07-24,2026-07-24T15:42:55+08:00,微博,热搜榜,微博热搜榜,,34,BLG Hoya,电竞,热度 277281；电竞领域热度TOP1,,BLG Hoya,,https://s.weibo.com/weibo?q=%23BLG%20Hoya%23
2026-07-24,2026-07-24T15:42:55+08:00,微博,热搜榜,微博热搜榜,,35,赛里木湖打人事件,民生新闻,热度 275895；新；民生新闻领域热度TOP5,,赛里木湖打人事件,,https://s.weibo.com/weibo?q=%23%E8%B5%9B%E9%87%8C%E6%9C%A8%E6%B9%96%E6%89%93%E4%BA%BA%E4%BA%8B%E4%BB%B6%23
2026-07-24,2026-07-24T15:42:55+08:00,微博,热搜榜,微博热搜榜,,36,直观感受到了沈月的美,艺人,热度 273327；艺人领域热度TOP6,,直观感受到了沈月的美,['沈月'],https://s.weibo.com/weibo?q=%23%E7%9B%B4%E8%A7%82%E6%84%9F%E5%8F%97%E5%88%B0%E4%BA%86%E6%B2%88%E6%9C%88%E7%9A%84%E7%BE%8E%23
2026-07-24,2026-07-24T15:42:55+08:00,微博,热搜榜,微博热搜榜,,37,霸王茶姬爆单,美食,热度 272885；美食领域热度TOP1,,霸王茶姬爆单,,https://s.weibo.com/weibo?q=%23%E9%9C%B8%E7%8E%8B%E8%8C%B6%E5%A7%AC%E7%88%86%E5%8D%95%23
2026-07-24,2026-07-24T15:42:55+08:00,微博,热搜榜,微博热搜榜,,38,TVB更名,民生新闻,热度 271136；新；民生新闻领域热度TOP6,,TVB更名,,https://s.weibo.com/weibo?q=%23TVB%E6%9B%B4%E5%90%8D%23
2026-07-24,2026-07-24T15:42:55+08:00,微博,热搜榜,微博热搜榜,,39,小S失去能理解她幽默感的时代,艺人,热度 244035；新；艺人领域热度TOP8,,小S失去能理解她幽默感的时代,,https://s.weibo.com/weibo?q=%23%E5%B0%8FS%E5%A4%B1%E5%8E%BB%E8%83%BD%E7%90%86%E8%A7%A3%E5%A5%B9%E5%B9%BD%E9%BB%98%E6%84%9F%E7%9A%84%E6%97%B6%E4%BB%A3%23
2026-07-24,2026-07-24T15:42:55+08:00,微博,热搜榜,微博热搜榜,,40,开完两小时会豆包提取的会议纪要,幽默,热度 239651；新；幽默领域热度TOP6,,开完两小时会豆包提取的会议纪要,,https://s.weibo.com/weibo?q=%23%E5%BC%80%E5%AE%8C%E4%B8%A4%E5%B0%8F%E6%97%B6%E4%BC%9A%E8%B1%86%E5%8C%85%E6%8F%90%E5%8F%96%E7%9A%84%E4%BC%9A%E8%AE%AE%E7%BA%AA%E8%A6%81%23
2026-07-24,2026-07-24T15:42:55+08:00,微博,热搜榜,微博热搜榜,,41,建议不要粗糙的使用自己的时间,情感,热度 235660；情感领域热度TOP6,,建议不要粗糙的使用自己的时间,,https://s.weibo.com/weibo?q=%23%E5%BB%BA%E8%AE%AE%E4%B8%8D%E8%A6%81%E7%B2%97%E7%B3%99%E7%9A%84%E4%BD%BF%E7%94%A8%E8%87%AA%E5%B7%B1%E7%9A%84%E6%97%B6%E9%97%B4%23
2026-07-24,2026-07-24T15:42:55+08:00,微博,热搜榜,微博热搜榜,,42,迪丽热巴新人美时期,艺人,热度 222182；艺人领域热度TOP10,,迪丽热巴新人美时期,['迪丽热巴'],https://s.weibo.com/weibo?q=%23%E8%BF%AA%E4%B8%BD%E7%83%AD%E5%B7%B4%E6%96%B0%E4%BA%BA%E7%BE%8E%E6%97%B6%E6%9C%9F%23
2026-07-24,2026-07-24T15:42:55+08:00,微博,热搜榜,微博热搜榜,,43,和很好的闺蜜闹掰后,情感,热度 216751；新；情感领域热度TOP7,,和很好的闺蜜闹掰后,,https://s.weibo.com/weibo?q=%23%E5%92%8C%E5%BE%88%E5%A5%BD%E7%9A%84%E9%97%BA%E8%9C%9C%E9%97%B9%E6%8E%B0%E5%90%8E%23
2026-07-24,2026-07-24T15:42:55+08:00,微博,热搜榜,微博热搜榜,,44,丁程鑫一把抱起贺峻霖,综艺,热度 207733；新；综艺领域热度TOP2,,丁程鑫一把抱起贺峻霖,综艺,https://s.weibo.com/weibo?q=%23%E4%B8%81%E7%A8%8B%E9%91%AB%E4%B8%80%E6%8A%8A%E6%8A%B1%E8%B5%B7%E8%B4%BA%E5%B3%BB%E9%9C%96%23
2026-07-24,2026-07-24T15:42:55+08:00,微博,热搜榜,微博热搜榜,,45,王虹接终身教授邀请邮件以为是诈骗,民生新闻,热度 206621；民生新闻领域热度TOP8,,王虹接终身教授邀请邮件以为是诈骗,,https://s.weibo.com/weibo?q=%23%E7%8E%8B%E8%99%B9%E6%8E%A5%E7%BB%88%E8%BA%AB%E6%95%99%E6%8E%88%E9%82%80%E8%AF%B7%E9%82%AE%E4%BB%B6%E4%BB%A5%E4%B8%BA%E6%98%AF%E8%AF%88%E9%AA%97%23
2026-07-24,2026-07-24T15:42:55+08:00,微博,热搜榜,微博热搜榜,,46,A股半日缩量2306亿,财经,热度 204836；新；财经领域热度TOP2,,A股半日缩量2306亿,,https://s.weibo.com/weibo?q=%23A%E8%82%A1%E5%8D%8A%E6%97%A5%E7%BC%A9%E9%87%8F2306%E4%BA%BF%23
2026-07-24,2026-07-24T15:42:55+08:00,微博,热搜榜,微博热搜榜,,47,严浩翔又用鼻梁戴面具,音乐,热度 186394；音乐领域热度TOP1,,严浩翔又用鼻梁戴面具,音乐,https://s.weibo.com/weibo?q=%23%E4%B8%A5%E6%B5%A9%E7%BF%94%E5%8F%88%E7%94%A8%E9%BC%BB%E6%A2%81%E6%88%B4%E9%9D%A2%E5%85%B7%23
2026-07-24,2026-07-24T15:42:55+08:00,微博,热搜榜,微博热搜榜,,48,真的在朋友圈刷到AI婚纱照了,互联网,热度 174929；互联网领域热度TOP4,,真的在朋友圈刷到AI婚纱照了,,https://s.weibo.com/weibo?q=%23%E7%9C%9F%E7%9A%84%E5%9C%A8%E6%9C%8B%E5%8F%8B%E5%9C%88%E5%88%B7%E5%88%B0AI%E5%A9%9A%E7%BA%B1%E7%85%A7%E4%BA%86%23
2026-07-24,2026-07-24T15:42:55+08:00,微博,热搜榜,微博热搜榜,,49,小米汽车公布增程器,汽车,热度 172249；汽车领域热度TOP1,,小米汽车公布增程器,,https://s.weibo.com/weibo?q=%23%E5%B0%8F%E7%B1%B3%E6%B1%BD%E8%BD%A6%E5%85%AC%E5%B8%83%E5%A2%9E%E7%A8%8B%E5%99%A8%23
2026-07-24,2026-07-24T15:42:55+08:00,微博,热搜榜,微博热搜榜,,50,孙伊涵当妈,艺人,热度 171761；艺人领域热度TOP12,,孙伊涵当妈,['孙伊涵'],https://s.weibo.com/weibo?q=%23%E5%AD%99%E4%BC%8A%E6%B6%B5%E5%BD%93%E5%A6%88%23
2026-07-24,2026-07-24T15:42:55+08:00,微博,文娱热搜榜,微博热搜榜-文娱条目,,1,白鹿戴假发没遮全,剧集,总榜排名 5；热度 993308；热；剧集领域热度TOP1,,白鹿戴假发没遮全,剧集,https://s.weibo.com/weibo?q=%23%E7%99%BD%E9%B9%BF%E6%88%B4%E5%81%87%E5%8F%91%E6%B2%A1%E9%81%AE%E5%85%A8%23
2026-07-24,2026-07-24T15:42:55+08:00,微博,文娱热搜榜,微博热搜榜-文娱条目,,2,十个勤天的来时路,综艺,总榜排名 10；热度 439732；新；综艺领域热度TOP1,,十个勤天的来时路,综艺,https://s.weibo.com/weibo?q=%23%E5%8D%81%E4%B8%AA%E5%8B%A4%E5%A4%A9%E7%9A%84%E6%9D%A5%E6%97%B6%E8%B7%AF%23
2026-07-24,2026-07-24T15:42:55+08:00,微博,文娱热搜榜,微博热搜榜-文娱条目,,3,张柏芝一个人带大两个孩子那些年,艺人,总榜排名 11；热度 433280；热；艺人领域热度TOP1,,张柏芝一个人带大两个孩子那些年,['张柏芝'],https://s.weibo.com/weibo?q=%23%E5%BC%A0%E6%9F%8F%E8%8A%9D%E4%B8%80%E4%B8%AA%E4%BA%BA%E5%B8%A6%E5%A4%A7%E4%B8%A4%E4%B8%AA%E5%AD%A9%E5%AD%90%E9%82%A3%E4%BA%9B%E5%B9%B4%23
2026-07-24,2026-07-24T15:42:55+08:00,微博,文娱热搜榜,微博热搜榜-文娱条目,,4,Angelababy13岁旧照,艺人,总榜排名 13；热度 404759；新；艺人领域热度TOP2,,Angelababy13岁旧照,['angelababy'],https://s.weibo.com/weibo?q=%23Angelababy13%E5%B2%81%E6%97%A7%E7%85%A7%23
2026-07-24,2026-07-24T15:42:55+08:00,微博,文娱热搜榜,微博热搜榜-文娱条目,,5,胡宇威陈庭妮得女,艺人,总榜排名 15；热度 373212；新；艺人领域热度TOP3,,胡宇威陈庭妮得女,,https://s.weibo.com/weibo?q=%23%E8%83%A1%E5%AE%87%E5%A8%81%E9%99%88%E5%BA%AD%E5%A6%AE%E5%BE%97%E5%A5%B3%23
2026-07-24,2026-07-24T15:42:55+08:00,微博,文娱热搜榜,微博热搜榜-文娱条目,,6,彭冠英单手抱白鹿,剧集,总榜排名 17；热度 351784；新；剧集领域热度TOP2,,彭冠英单手抱白鹿,剧集,https://s.weibo.com/weibo?q=%23%E5%BD%AD%E5%86%A0%E8%8B%B1%E5%8D%95%E6%89%8B%E6%8A%B1%E7%99%BD%E9%B9%BF%23
2026-07-24,2026-07-24T15:42:55+08:00,微博,文娱热搜榜,微博热搜榜-文娱条目,,7,白鹿常华森领衔主演彭冠英特别出演,剧集,总榜排名 22；热度 329743；剧集领域热度TOP3,,白鹿常华森领衔主演彭冠英特别出演,剧集,https://s.weibo.com/weibo?q=%23%E7%99%BD%E9%B9%BF%E5%B8%B8%E5%8D%8E%E6%A3%AE%E9%A2%86%E8%A1%94%E4%B8%BB%E6%BC%94%E5%BD%AD%E5%86%A0%E8%8B%B1%E7%89%B9%E5%88%AB%E5%87%BA%E6%BC%94%23
2026-07-24,2026-07-24T15:42:55+08:00,微博,文娱热搜榜,微博热搜榜-文娱条目,,8,郑恺看到苗苗剪短发后的反应,艺人,总榜排名 25；热度 308113；艺人领域热度TOP4,,郑恺看到苗苗剪短发后的反应,"['苗苗', '郑恺']",https://s.weibo.com/weibo?q=%23%E9%83%91%E6%81%BA%E7%9C%8B%E5%88%B0%E8%8B%97%E8%8B%97%E5%89%AA%E7%9F%AD%E5%8F%91%E5%90%8E%E7%9A%84%E5%8F%8D%E5%BA%94%23
2026-07-24,2026-07-24T15:42:55+08:00,微博,文娱热搜榜,微博热搜榜-文娱条目,,9,八仙,电影,总榜排名 27；热度 292163；新；电影领域热度TOP1,,八仙,电影,https://s.weibo.com/weibo?q=%23%E5%85%AB%E4%BB%99%23
2026-07-24,2026-07-24T15:42:55+08:00,微博,文娱热搜榜,微博热搜榜-文娱条目,,10,官俊臣班成绩 全名校阵容,艺人,总榜排名 31；热度 282716；艺人领域热度TOP5,,官俊臣班成绩 全名校阵容,,https://s.weibo.com/weibo?q=%23%E5%AE%98%E4%BF%8A%E8%87%A3%E7%8F%AD%E6%88%90%E7%BB%A9%20%E5%85%A8%E5%90%8D%E6%A0%A1%E9%98%B5%E5%AE%B9%23
2026-07-24,2026-07-24T15:42:55+08:00,微博,文娱热搜榜,微博热搜榜-文娱条目,,11,王俊凯整治鸡圈霸凌,综艺,总榜排名 32；热度 281149；新；综艺领域热度TOP7,,王俊凯整治鸡圈霸凌,综艺,https://s.weibo.com/weibo?q=%23%E7%8E%8B%E4%BF%8A%E5%87%AF%E6%95%B4%E6%B2%BB%E9%B8%A1%E5%9C%88%E9%9C%B8%E5%87%8C%23
2026-07-24,2026-07-24T15:42:55+08:00,微博,文娱热搜榜,微博热搜榜-文娱条目,,12,直观感受到了沈月的美,艺人,总榜排名 36；热度 273327；艺人领域热度TOP6,,直观感受到了沈月的美,['沈月'],https://s.weibo.com/weibo?q=%23%E7%9B%B4%E8%A7%82%E6%84%9F%E5%8F%97%E5%88%B0%E4%BA%86%E6%B2%88%E6%9C%88%E7%9A%84%E7%BE%8E%23
2026-07-24,2026-07-24T15:42:55+08:00,微博,文娱热搜榜,微博热搜榜-文娱条目,,13,小S失去能理解她幽默感的时代,艺人,总榜排名 39；热度 244035；新；艺人领域热度TOP8,,小S失去能理解她幽默感的时代,,https://s.weibo.com/weibo?q=%23%E5%B0%8FS%E5%A4%B1%E5%8E%BB%E8%83%BD%E7%90%86%E8%A7%A3%E5%A5%B9%E5%B9%BD%E9%BB%98%E6%84%9F%E7%9A%84%E6%97%B6%E4%BB%A3%23
2026-07-24,2026-07-24T15:42:55+08:00,微博,文娱热搜榜,微博热搜榜-文娱条目,,14,迪丽热巴新人美时期,艺人,总榜排名 42；热度 222182；艺人领域热度TOP10,,迪丽热巴新人美时期,['迪丽热巴'],https://s.weibo.com/weibo?q=%23%E8%BF%AA%E4%B8%BD%E7%83%AD%E5%B7%B4%E6%96%B0%E4%BA%BA%E7%BE%8E%E6%97%B6%E6%9C%9F%23
2026-07-24,2026-07-24T15:42:55+08:00,微博,文娱热搜榜,微博热搜榜-文娱条目,,15,丁程鑫一把抱起贺峻霖,综艺,总榜排名 44；热度 207733；新；综艺领域热度TOP2,,丁程鑫一把抱起贺峻霖,综艺,https://s.weibo.com/weibo?q=%23%E4%B8%81%E7%A8%8B%E9%91%AB%E4%B8%80%E6%8A%8A%E6%8A%B1%E8%B5%B7%E8%B4%BA%E5%B3%BB%E9%9C%96%23
2026-07-24,2026-07-24T15:42:55+08:00,微博,文娱热搜榜,微博热搜榜-文娱条目,,16,严浩翔又用鼻梁戴面具,音乐,总榜排名 47；热度 186394；音乐领域热度TOP1,,严浩翔又用鼻梁戴面具,音乐,https://s.weibo.com/weibo?q=%23%E4%B8%A5%E6%B5%A9%E7%BF%94%E5%8F%88%E7%94%A8%E9%BC%BB%E6%A2%81%E6%88%B4%E9%9D%A2%E5%85%B7%23
2026-07-24,2026-07-24T15:42:55+08:00,微博,文娱热搜榜,微博热搜榜-文娱条目,,17,孙伊涵当妈,艺人,总榜排名 50；热度 171761；艺人领域热度TOP12,,孙伊涵当妈,['孙伊涵'],https://s.weibo.com/weibo?q=%23%E5%AD%99%E4%BC%8A%E6%B6%B5%E5%BD%93%E5%A6%88%23
