snapshot_date,captured_at,platform,chart,official_chart,platform_date,rank,song_name,artist,chart_metric,duration,song_id,album_id,source_url
2026-07-18,2026-07-18T14:27:54+08:00,QQ音乐,热歌榜,热歌榜,2026-07-18,1,媚人,薛之谦,新进,,708240215,002vfBmm41fIRe,https://y.qq.com/n/ryqq/toplist/26
2026-07-18,2026-07-18T14:27:54+08:00,QQ音乐,热歌榜,热歌榜,2026-07-18,2,下一站 Beyond This Station,小林未郁 (こばやし みか)/HOYO-MiX,上升 25,,707859690,003jTob903Cf6i,https://y.qq.com/n/ryqq/toplist/26
2026-07-18,2026-07-18T14:27:54+08:00,QQ音乐,热歌榜,热歌榜,2026-07-18,3,樱花草,Sweety,下降 2,,481456,000pKXff1doeOd,https://y.qq.com/n/ryqq/toplist/26
2026-07-18,2026-07-18T14:27:54+08:00,QQ音乐,热歌榜,热歌榜,2026-07-18,4,讨厌,芮恩,0,,138194,001EFkTG1wgW4n,https://y.qq.com/n/ryqq/toplist/26
2026-07-18,2026-07-18T14:27:54+08:00,QQ音乐,热歌榜,热歌榜,2026-07-18,5,ANGEL (天使),尹美莱 (윤미래)/Tiger JK/Bizzy (비지),下降 2,,101138130,000qiKcT05rSr9,https://y.qq.com/n/ryqq/toplist/26
2026-07-18,2026-07-18T14:27:54+08:00,QQ音乐,热歌榜,热歌榜,2026-07-18,6,无人之岛,任然,下降 1,,203452364,002lMPc30c4rOO,https://y.qq.com/n/ryqq/toplist/26
2026-07-18,2026-07-18T14:27:54+08:00,QQ音乐,热歌榜,热歌榜,2026-07-18,7,失眠,Suki刘舒妤,上升 1,,4733575,002xCeeN4EJ1Ke,https://y.qq.com/n/ryqq/toplist/26
2026-07-18,2026-07-18T14:27:54+08:00,QQ音乐,热歌榜,热歌榜,2026-07-18,8,恋人,李荣浩,下降 2,,496054946,004HaG7p4ZkhXA,https://y.qq.com/n/ryqq/toplist/26
2026-07-18,2026-07-18T14:27:54+08:00,QQ音乐,热歌榜,热歌榜,2026-07-18,9,阴天,莫文蔚,下降 2,,4830345,000hTTJN3oScZr,https://y.qq.com/n/ryqq/toplist/26
2026-07-18,2026-07-18T14:27:54+08:00,QQ音乐,热歌榜,热歌榜,2026-07-18,10,雨爱,杨丞琳,0,,645819,000jcKFG0sQrD0,https://y.qq.com/n/ryqq/toplist/26
2026-07-18,2026-07-18T14:27:54+08:00,QQ音乐,热歌榜,热歌榜,2026-07-18,11,甲乙丙丁 (你我怎么两清),李佳薇,0,,696262512,00446QRA1fTdqA,https://y.qq.com/n/ryqq/toplist/26
2026-07-18,2026-07-18T14:27:54+08:00,QQ音乐,热歌榜,热歌榜,2026-07-18,12,雨过后的风景,Dizzy Dizzo (蔡诗芸),0,,1960263,0038xSkp1EcVBf,https://y.qq.com/n/ryqq/toplist/26
2026-07-18,2026-07-18T14:27:54+08:00,QQ音乐,热歌榜,热歌榜,2026-07-18,13,街道,林俊杰,下降 4,,447258,002g6zv02X7SNi,https://y.qq.com/n/ryqq/toplist/26
2026-07-18,2026-07-18T14:27:54+08:00,QQ音乐,热歌榜,热歌榜,2026-07-18,14,爱错,王力宏,下降 1,,105905415,002ElVxf43rOue,https://y.qq.com/n/ryqq/toplist/26
2026-07-18,2026-07-18T14:27:54+08:00,QQ音乐,热歌榜,热歌榜,2026-07-18,15,我怀念的,孙燕姿,0,,5211338,000P3l050Olt27,https://y.qq.com/n/ryqq/toplist/26
2026-07-18,2026-07-18T14:27:54+08:00,QQ音乐,热歌榜,热歌榜,2026-07-18,16,唯一,G.E.M. 邓紫棋,0,,438910555,002d6m7k0xCbSv,https://y.qq.com/n/ryqq/toplist/26
2026-07-18,2026-07-18T14:27:54+08:00,QQ音乐,热歌榜,热歌榜,2026-07-18,17,特别的人,方大同,下降 3,,5293866,000GvdTR0qcKh8,https://y.qq.com/n/ryqq/toplist/26
2026-07-18,2026-07-18T14:27:54+08:00,QQ音乐,热歌榜,热歌榜,2026-07-18,18,情歌,梁静茹,下降 1,,462188,002E4IXe1ESUij,https://y.qq.com/n/ryqq/toplist/26
2026-07-18,2026-07-18T14:27:54+08:00,QQ音乐,热歌榜,热歌榜,2026-07-18,19,演员,薛之谦,下降 1,,102636799,003y8dsH2wBHlo,https://y.qq.com/n/ryqq/toplist/26
2026-07-18,2026-07-18T14:27:54+08:00,QQ音乐,热歌榜,热歌榜,2026-07-18,20,Always Online,林俊杰,下降 1,,447257,002g6zv02X7SNi,https://y.qq.com/n/ryqq/toplist/26
2026-07-18,2026-07-18T14:27:54+08:00,QQ音乐,热歌榜,热歌榜,2026-07-18,21,离开我的依赖,王艳薇,上升 9,,253383943,004CSyAN1oc97b,https://y.qq.com/n/ryqq/toplist/26
2026-07-18,2026-07-18T14:27:54+08:00,QQ音乐,热歌榜,热歌榜,2026-07-18,22,其实,薛之谦,0,,104775877,000QgFcm0v8WaF,https://y.qq.com/n/ryqq/toplist/26
2026-07-18,2026-07-18T14:27:54+08:00,QQ音乐,热歌榜,热歌榜,2026-07-18,23,后会无期,徐良/汪苏泷,上升 2,,7112743,002apRhZ4Bq99d,https://y.qq.com/n/ryqq/toplist/26
2026-07-18,2026-07-18T14:27:54+08:00,QQ音乐,热歌榜,热歌榜,2026-07-18,24,春娇与志明,街道办GDC/欧阳耀莹,下降 4,,205357640,000lrXyA0MlEEo,https://y.qq.com/n/ryqq/toplist/26
2026-07-18,2026-07-18T14:27:54+08:00,QQ音乐,热歌榜,热歌榜,2026-07-18,25,江南,林俊杰,下降 2,,9063002,000y5gq7449K9I,https://y.qq.com/n/ryqq/toplist/26
2026-07-18,2026-07-18T14:27:54+08:00,QQ音乐,热歌榜,热歌榜,2026-07-18,26,红色高跟鞋,蔡健雅,0,,624649,002dOge41xlS8x,https://y.qq.com/n/ryqq/toplist/26
2026-07-18,2026-07-18T14:27:54+08:00,QQ音乐,热歌榜,热歌榜,2026-07-18,27,盛夏的果实,莫文蔚,上升 2,,4830161,000KeV8l1PIjxt,https://y.qq.com/n/ryqq/toplist/26
2026-07-18,2026-07-18T14:27:54+08:00,QQ音乐,热歌榜,热歌榜,2026-07-18,28,Beauty And A Beat,Justin Bieber/Nicki Minaj,下降 7,,1473252,002XddZv4cGsXb,https://y.qq.com/n/ryqq/toplist/26
2026-07-18,2026-07-18T14:27:54+08:00,QQ音乐,热歌榜,热歌榜,2026-07-18,29,我们俩,郭顶,下降 1,,105413206,003sMyYb4HZAAz,https://y.qq.com/n/ryqq/toplist/26
2026-07-18,2026-07-18T14:27:54+08:00,QQ音乐,热歌榜,热歌榜,2026-07-18,30,Fever Pitch,Richz,下降 6,,650672929,0013EMSw3bvHuu,https://y.qq.com/n/ryqq/toplist/26
2026-07-18,2026-07-18T14:27:54+08:00,QQ音乐,热歌榜,热歌榜,2026-07-18,31,多远都要在一起,G.E.M. 邓紫棋,上升 1,,102174489,003c616O2Zlswm,https://y.qq.com/n/ryqq/toplist/26
2026-07-18,2026-07-18T14:27:54+08:00,QQ音乐,热歌榜,热歌榜,2026-07-18,32,心墙,郭静,上升 1,,474797,003EHcB24J8t9Z,https://y.qq.com/n/ryqq/toplist/26
2026-07-18,2026-07-18T14:27:54+08:00,QQ音乐,热歌榜,热歌榜,2026-07-18,33,周旋,王以太/艾热AIR,下降 2,,706257656,000TFXPO1bLY2u,https://y.qq.com/n/ryqq/toplist/26
2026-07-18,2026-07-18T14:27:54+08:00,QQ音乐,热歌榜,热歌榜,2026-07-18,34,晴天,周杰伦,0,,97773,000MkMni19ClKG,https://y.qq.com/n/ryqq/toplist/26
2026-07-18,2026-07-18T14:27:54+08:00,QQ音乐,热歌榜,热歌榜,2026-07-18,35,Baby,Justin Bieber/Ludacris,0,,203644381,002TfnxG2yN1na,https://y.qq.com/n/ryqq/toplist/26
2026-07-18,2026-07-18T14:27:54+08:00,QQ音乐,热歌榜,热歌榜,2026-07-18,36,偏爱,张芸京,上升 2,,473137,003ha6C92GRuVE,https://y.qq.com/n/ryqq/toplist/26
2026-07-18,2026-07-18T14:27:54+08:00,QQ音乐,热歌榜,热歌榜,2026-07-18,37,背对背拥抱,林俊杰,上升 6,,648231,002C0kX720gMQi,https://y.qq.com/n/ryqq/toplist/26
2026-07-18,2026-07-18T14:27:54+08:00,QQ音乐,热歌榜,热歌榜,2026-07-18,38,最佳损友,陈奕迅,下降 2,,1338414,002FT46H18G1jW,https://y.qq.com/n/ryqq/toplist/26
2026-07-18,2026-07-18T14:27:54+08:00,QQ音乐,热歌榜,热歌榜,2026-07-18,39,素颜,许嵩/何曼婷,0,,101813361,0035f8nw11cjkf,https://y.qq.com/n/ryqq/toplist/26
2026-07-18,2026-07-18T14:27:54+08:00,QQ音乐,热歌榜,热歌榜,2026-07-18,40,富士山下,陈奕迅,下降 3,,260678,004Z85XP1c25b7,https://y.qq.com/n/ryqq/toplist/26
2026-07-18,2026-07-18T14:27:54+08:00,QQ音乐,热歌榜,热歌榜,2026-07-18,41,开始懂了,孙燕姿,上升 1,,5646,004KRIQr1oCp2A,https://y.qq.com/n/ryqq/toplist/26
2026-07-18,2026-07-18T14:27:54+08:00,QQ音乐,热歌榜,热歌榜,2026-07-18,42,街角的晚风,陈小春,上升 12,,622453461,0028jKt80PGmlB,https://y.qq.com/n/ryqq/toplist/26
2026-07-18,2026-07-18T14:27:54+08:00,QQ音乐,热歌榜,热歌榜,2026-07-18,43,坏女孩,徐良/小凌,下降 2,,7112749,002apRhZ4Bq99d,https://y.qq.com/n/ryqq/toplist/26
2026-07-18,2026-07-18T14:27:54+08:00,QQ音乐,热歌榜,热歌榜,2026-07-18,44,天外来物,薛之谦,上升 5,,272125057,000K9Zp13TZp5s,https://y.qq.com/n/ryqq/toplist/26
2026-07-18,2026-07-18T14:27:54+08:00,QQ音乐,热歌榜,热歌榜,2026-07-18,45,The Other Side Of Paradise (Explicit),Glass Animals,上升 47,,319782348,001eucpH3ZIJnM,https://y.qq.com/n/ryqq/toplist/26
2026-07-18,2026-07-18T14:27:54+08:00,QQ音乐,热歌榜,热歌榜,2026-07-18,46,瞬,郑润泽,下降 1,,422061155,001qvyI10urb5z,https://y.qq.com/n/ryqq/toplist/26
2026-07-18,2026-07-18T14:27:54+08:00,QQ音乐,热歌榜,热歌榜,2026-07-18,47,海阔天空,BEYOND,下降 1,,4835784,002qcJuX3lO3EZ,https://y.qq.com/n/ryqq/toplist/26
2026-07-18,2026-07-18T14:27:54+08:00,QQ音乐,热歌榜,热歌榜,2026-07-18,48,不将就,李荣浩,下降 4,,102367085,001fi1zG0EjU2u,https://y.qq.com/n/ryqq/toplist/26
2026-07-18,2026-07-18T14:27:54+08:00,QQ音乐,热歌榜,热歌榜,2026-07-18,49,北京的雨,张艺兴,下降 47,,697611951,001w138z3PZEcz,https://y.qq.com/n/ryqq/toplist/26
2026-07-18,2026-07-18T14:27:54+08:00,QQ音乐,热歌榜,热歌榜,2026-07-18,50,认真的雪,薛之谦,上升 3,,1333803,003mUYW22JXKVK,https://y.qq.com/n/ryqq/toplist/26
2026-07-18,2026-07-18T14:27:54+08:00,QQ音乐,热歌榜,热歌榜,2026-07-18,51,泡沫,G.E.M. 邓紫棋,下降 4,,1530858,002YFufr4bXZyI,https://y.qq.com/n/ryqq/toplist/26
2026-07-18,2026-07-18T14:27:54+08:00,QQ音乐,热歌榜,热歌榜,2026-07-18,52,연애의 조건 (LOVE OPTIONS) (恋爱的条件),BESTie (베스티),下降 12,,101834242,0034h3c72cswaP,https://y.qq.com/n/ryqq/toplist/26
2026-07-18,2026-07-18T14:27:54+08:00,QQ音乐,热歌榜,热歌榜,2026-07-18,53,遇见,孙燕姿,下降 5,,8145,002ehzTm0TxXC2,https://y.qq.com/n/ryqq/toplist/26
2026-07-18,2026-07-18T14:27:54+08:00,QQ音乐,热歌榜,热歌榜,2026-07-18,54,ZESTY,袁一琦,新进,,707976671,000xRIui2ArZ3r,https://y.qq.com/n/ryqq/toplist/26
2026-07-18,2026-07-18T14:27:54+08:00,QQ音乐,热歌榜,热歌榜,2026-07-18,55,别怕变老,王以太/艾热AIR,上升 44,,334473919,000KoPeI484qGg,https://y.qq.com/n/ryqq/toplist/26
2026-07-18,2026-07-18T14:27:54+08:00,QQ音乐,热歌榜,热歌榜,2026-07-18,56,十年,陈奕迅,下降 4,,4830342,000GDz8k03UOaI,https://y.qq.com/n/ryqq/toplist/26
2026-07-18,2026-07-18T14:27:54+08:00,QQ音乐,热歌榜,热歌榜,2026-07-18,57,美人鱼,林俊杰,下降 6,,95292,000y5gq7449K9I,https://y.qq.com/n/ryqq/toplist/26
2026-07-18,2026-07-18T14:27:54+08:00,QQ音乐,热歌榜,热歌榜,2026-07-18,58,麦恩莉,方大同,下降 8,,2550926,000ih4iv3HCmno,https://y.qq.com/n/ryqq/toplist/26
2026-07-18,2026-07-18T14:27:54+08:00,QQ音乐,热歌榜,热歌榜,2026-07-18,59,Love Story,Taylor Swift,下降 3,,639141,002Q1XUj3HBAzw,https://y.qq.com/n/ryqq/toplist/26
2026-07-18,2026-07-18T14:27:54+08:00,QQ音乐,热歌榜,热歌榜,2026-07-18,60,修炼爱情,林俊杰,下降 1,,5063375,001gqOnU3DTg2S,https://y.qq.com/n/ryqq/toplist/26
2026-07-18,2026-07-18T14:27:54+08:00,QQ音乐,热歌榜,热歌榜,2026-07-18,61,你要的全拿走,胡彦斌,下降 4,,212808217,001eyHlv2fu50T,https://y.qq.com/n/ryqq/toplist/26
2026-07-18,2026-07-18T14:27:54+08:00,QQ音乐,热歌榜,热歌榜,2026-07-18,62,那些你很冒险的梦,林俊杰,下降 2,,102388808,002PQCmo2azasb,https://y.qq.com/n/ryqq/toplist/26
2026-07-18,2026-07-18T14:27:54+08:00,QQ音乐,热歌榜,热歌榜,2026-07-18,63,爱情讯息,郭静,下降 5,,876549,003PKZMI1Wyx1A,https://y.qq.com/n/ryqq/toplist/26
2026-07-18,2026-07-18T14:27:54+08:00,QQ音乐,热歌榜,热歌榜,2026-07-18,64,红尘客栈,周杰伦,上升 1,,5177680,003Ow85E3pnoqi,https://y.qq.com/n/ryqq/toplist/26
2026-07-18,2026-07-18T14:27:54+08:00,QQ音乐,热歌榜,热歌榜,2026-07-18,65,会呼吸的痛,梁静茹,下降 10,,411228,002oy2Mp3I8Rgo,https://y.qq.com/n/ryqq/toplist/26
2026-07-18,2026-07-18T14:27:54+08:00,QQ音乐,热歌榜,热歌榜,2026-07-18,66,Letting Go,蔡健雅,下降 3,,1030353,001aC9dM35U6KB,https://y.qq.com/n/ryqq/toplist/26
2026-07-18,2026-07-18T14:27:54+08:00,QQ音乐,热歌榜,热歌榜,2026-07-18,67,最后一页,江语晨,下降 1,,721636,003FO4XF40Ky8L,https://y.qq.com/n/ryqq/toplist/26
2026-07-18,2026-07-18T14:27:54+08:00,QQ音乐,热歌榜,热歌榜,2026-07-18,68,出现又离开 (Live),梁博,上升 5,,231594573,000eQZ1q4g6AsF,https://y.qq.com/n/ryqq/toplist/26
2026-07-18,2026-07-18T14:27:54+08:00,QQ音乐,热歌榜,热歌榜,2026-07-18,69,倒数,G.E.M. 邓紫棋,下降 8,,215540451,003cKIKZ1J4Yyu,https://y.qq.com/n/ryqq/toplist/26
2026-07-18,2026-07-18T14:27:54+08:00,QQ音乐,热歌榜,热歌榜,2026-07-18,70,第57次取消发送,菲菲公主（陆绮菲）,上升 1,,560063927,000KrDC019mc82,https://y.qq.com/n/ryqq/toplist/26
2026-07-18,2026-07-18T14:27:54+08:00,QQ音乐,热歌榜,热歌榜,2026-07-18,71,海屿你 (破碎版),白慕寒,下降 9,,638781692,004XiRpR3QMgTR,https://y.qq.com/n/ryqq/toplist/26
2026-07-18,2026-07-18T14:27:54+08:00,QQ音乐,热歌榜,热歌榜,2026-07-18,72,愿与愁,林俊杰,上升 3,,405007729,004ZOIop1doXru,https://y.qq.com/n/ryqq/toplist/26
2026-07-18,2026-07-18T14:27:54+08:00,QQ音乐,热歌榜,热歌榜,2026-07-18,73,后来的我们,五月天,下降 6,,107709592,002fRO0N4FftzY,https://y.qq.com/n/ryqq/toplist/26
2026-07-18,2026-07-18T14:27:54+08:00,QQ音乐,热歌榜,热歌榜,2026-07-18,74,你有没有真的爱过我,阿图表妹,上升 27,,663654314,003dkz1e31kMCF,https://y.qq.com/n/ryqq/toplist/26
2026-07-18,2026-07-18T14:27:54+08:00,QQ音乐,热歌榜,热歌榜,2026-07-18,75,NIGHT DANCER,imase,下降 11,,372025766,002M1v7j4B5Yf7,https://y.qq.com/n/ryqq/toplist/26
2026-07-18,2026-07-18T14:27:54+08:00,QQ音乐,热歌榜,热歌榜,2026-07-18,76,IF YOU,BIGBANG (빅뱅),下降 6,,102793935,001xpUdt2jEjWu,https://y.qq.com/n/ryqq/toplist/26
2026-07-18,2026-07-18T14:27:54+08:00,QQ音乐,热歌榜,热歌榜,2026-07-18,77,一个人想着一个人,曾沛慈,下降 5,,4716045,003wP0m32WRVql,https://y.qq.com/n/ryqq/toplist/26
2026-07-18,2026-07-18T14:27:54+08:00,QQ音乐,热歌榜,热歌榜,2026-07-18,78,至少还有你,林忆莲,下降 10,,102204563,001JqgRv0mRHEQ,https://y.qq.com/n/ryqq/toplist/26
2026-07-18,2026-07-18T14:27:54+08:00,QQ音乐,热歌榜,热歌榜,2026-07-18,79,一样的月光,徐佳莹,上升 3,,7063423,000cchEp2CGNEf,https://y.qq.com/n/ryqq/toplist/26
2026-07-18,2026-07-18T14:27:54+08:00,QQ音乐,热歌榜,热歌榜,2026-07-18,80,如愿,王菲,上升 1,,326584182,004Kbn3m2HV9Y3,https://y.qq.com/n/ryqq/toplist/26
2026-07-18,2026-07-18T14:27:54+08:00,QQ音乐,热歌榜,热歌榜,2026-07-18,81,黄昏,周传雄,下降 5,,526713,001U6x8f2uJhig,https://y.qq.com/n/ryqq/toplist/26
2026-07-18,2026-07-18T14:27:54+08:00,QQ音乐,热歌榜,热歌榜,2026-07-18,82,小半,陈粒,下降 2,,107762070,004fAhFe0fdHYF,https://y.qq.com/n/ryqq/toplist/26
2026-07-18,2026-07-18T14:27:54+08:00,QQ音乐,热歌榜,热歌榜,2026-07-18,83,勇气,梁静茹,下降 14,,4830164,001DEgPu1004bl,https://y.qq.com/n/ryqq/toplist/26
2026-07-18,2026-07-18T14:27:54+08:00,QQ音乐,热歌榜,热歌榜,2026-07-18,84,爱我还是他,陶喆,下降 10,,7211247,003ofGzS3C23Ow,https://y.qq.com/n/ryqq/toplist/26
2026-07-18,2026-07-18T14:27:54+08:00,QQ音乐,热歌榜,热歌榜,2026-07-18,85,半壶纱,刘珂矣,上升 4,,7048773,0009EZjm1c7iQe,https://y.qq.com/n/ryqq/toplist/26
2026-07-18,2026-07-18T14:27:54+08:00,QQ音乐,热歌榜,热歌榜,2026-07-18,86,可不可以,张紫豪,下降 9,,213958134,004VR1w241uBhB,https://y.qq.com/n/ryqq/toplist/26
2026-07-18,2026-07-18T14:27:54+08:00,QQ音乐,热歌榜,热歌榜,2026-07-18,87,Copines,Aya Nakamura,0,,221075279,000cg2qP1c8ceJ,https://y.qq.com/n/ryqq/toplist/26
2026-07-18,2026-07-18T14:27:54+08:00,QQ音乐,热歌榜,热歌榜,2026-07-18,88,句号,G.E.M. 邓紫棋,下降 5,,247347346,0049MVh824D7bM,https://y.qq.com/n/ryqq/toplist/26
2026-07-18,2026-07-18T14:27:54+08:00,QQ音乐,热歌榜,热歌榜,2026-07-18,89,我知道,BY2,下降 10,,470336,001P410a0Iq4K0,https://y.qq.com/n/ryqq/toplist/26
2026-07-18,2026-07-18T14:27:54+08:00,QQ音乐,热歌榜,热歌榜,2026-07-18,90,夏天的风,温岚,下降 12,,140269,001LB0Mp3zyU1Z,https://y.qq.com/n/ryqq/toplist/26
2026-07-18,2026-07-18T14:27:54+08:00,QQ音乐,热歌榜,热歌榜,2026-07-18,91,我们的歌,王力宏,下降 5,,102193483,002Zwh5p4HgecI,https://y.qq.com/n/ryqq/toplist/26
2026-07-18,2026-07-18T14:27:54+08:00,QQ音乐,热歌榜,热歌榜,2026-07-18,92,下一个天亮,郭静,下降 8,,876541,003PKZMI1Wyx1A,https://y.qq.com/n/ryqq/toplist/26
2026-07-18,2026-07-18T14:27:54+08:00,QQ音乐,热歌榜,热歌榜,2026-07-18,93,有何不可,许嵩,下降 8,,102296985,002KSDg90IaScI,https://y.qq.com/n/ryqq/toplist/26
2026-07-18,2026-07-18T14:27:54+08:00,QQ音乐,热歌榜,热歌榜,2026-07-18,94,如果可以,韦礼安,下降 4,,330977131,003WBcyJ1siUkh,https://y.qq.com/n/ryqq/toplist/26
2026-07-18,2026-07-18T14:27:54+08:00,QQ音乐,热歌榜,热歌榜,2026-07-18,95,青花,周传雄,下降 7,,102204539,001Vj7aX0PixwV,https://y.qq.com/n/ryqq/toplist/26
2026-07-18,2026-07-18T14:27:54+08:00,QQ音乐,热歌榜,热歌榜,2026-07-18,96,我不难过,孙燕姿,上升 27,,8136,004VSvF52mQoQp,https://y.qq.com/n/ryqq/toplist/26
2026-07-18,2026-07-18T14:27:54+08:00,QQ音乐,热歌榜,热歌榜,2026-07-18,97,如果爱忘了 (Live),汪苏泷/单依纯,上升 7,,471040573,001rd1S93gcWUF,https://y.qq.com/n/ryqq/toplist/26
2026-07-18,2026-07-18T14:27:54+08:00,QQ音乐,热歌榜,热歌榜,2026-07-18,98,静音恋人 (两颗缠绕的心),礼越,上升 9,,655822815,0002luCJ26Yi4n,https://y.qq.com/n/ryqq/toplist/26
2026-07-18,2026-07-18T14:27:54+08:00,QQ音乐,热歌榜,热歌榜,2026-07-18,99,夏夜最后的烟火,颜人中,上升 4,,459088908,002tspXk0JB6qZ,https://y.qq.com/n/ryqq/toplist/26
2026-07-18,2026-07-18T14:27:54+08:00,QQ音乐,热歌榜,热歌榜,2026-07-18,100,孤独患者,陈奕迅,下降 7,,1021078,003YQ8lP3NBXKl,https://y.qq.com/n/ryqq/toplist/26
2026-07-18,2026-07-18T14:27:54+08:00,QQ音乐,飙升榜,飙升榜,2026-07-18,1,媚人,薛之谦,热度 417%,,708240215,002vfBmm41fIRe,https://y.qq.com/n/ryqq/toplist/62
2026-07-18,2026-07-18T14:27:54+08:00,QQ音乐,飙升榜,飙升榜,2026-07-18,2,下一站 Beyond This Station,小林未郁 (こばやし みか)/HOYO-MiX,热度 53%,,707859690,003jTob903Cf6i,https://y.qq.com/n/ryqq/toplist/62
2026-07-18,2026-07-18T14:27:54+08:00,QQ音乐,飙升榜,飙升榜,2026-07-18,3,ZESTY,袁一琦,热度 31%,,707976671,000xRIui2ArZ3r,https://y.qq.com/n/ryqq/toplist/62
2026-07-18,2026-07-18T14:27:54+08:00,QQ音乐,飙升榜,飙升榜,2026-07-18,4,别怕变老,王以太/艾热AIR,热度 12%,,334473919,000KoPeI484qGg,https://y.qq.com/n/ryqq/toplist/62
2026-07-18,2026-07-18T14:27:54+08:00,QQ音乐,飙升榜,飙升榜,2026-07-18,5,周旋,王以太/艾热AIR,热度 12%,,706257656,000TFXPO1bLY2u,https://y.qq.com/n/ryqq/toplist/62
2026-07-18,2026-07-18T14:27:54+08:00,QQ音乐,飙升榜,飙升榜,2026-07-18,6,吹吹山顶的风,巴扎黑,热度 9%,,704031733,003fdCjM2I4CYg,https://y.qq.com/n/ryqq/toplist/62
2026-07-18,2026-07-18T14:27:54+08:00,QQ音乐,飙升榜,飙升榜,2026-07-18,7,"봄, 여름, 가을, 겨울",圆佑 (원우),热度 9%,,708250780,003hdgBe4IZTcp,https://y.qq.com/n/ryqq/toplist/62
2026-07-18,2026-07-18T14:27:54+08:00,QQ音乐,飙升榜,飙升榜,2026-07-18,8,为中国喝彩,徐杰亮,热度 9%,,695769856,003vPOr60sdslt,https://y.qq.com/n/ryqq/toplist/62
2026-07-18,2026-07-18T14:27:54+08:00,QQ音乐,飙升榜,飙升榜,2026-07-18,9,The Other Side Of Paradise (Explicit),Glass Animals,热度 8%,,319782348,001eucpH3ZIJnM,https://y.qq.com/n/ryqq/toplist/62
2026-07-18,2026-07-18T14:27:54+08:00,QQ音乐,飙升榜,飙升榜,2026-07-18,10,空心,光泽,热度 8%,,200390803,001vjIoV01nThA,https://y.qq.com/n/ryqq/toplist/62
2026-07-18,2026-07-18T14:27:54+08:00,QQ音乐,飙升榜,飙升榜,2026-07-18,11,剥离之茧,添儿呗,热度 7%,,290957034,0025j7sV1YEFZP,https://y.qq.com/n/ryqq/toplist/62
2026-07-18,2026-07-18T14:27:54+08:00,QQ音乐,飙升榜,飙升榜,2026-07-18,12,甲乙丙丁 (你我怎么两清),李佳薇,热度 7%,,696262512,00446QRA1fTdqA,https://y.qq.com/n/ryqq/toplist/62
2026-07-18,2026-07-18T14:27:54+08:00,QQ音乐,飙升榜,飙升榜,2026-07-18,13,凌绝顶,梓渝,热度 7%,,666401051,004bXPkr3OymlI,https://y.qq.com/n/ryqq/toplist/62
2026-07-18,2026-07-18T14:27:54+08:00,QQ音乐,飙升榜,飙升榜,2026-07-18,14,宇宙游乐场,梓渝,热度 6%,,670876266,001YF9mT23fsBQ,https://y.qq.com/n/ryqq/toplist/62
2026-07-18,2026-07-18T14:27:54+08:00,QQ音乐,飙升榜,飙升榜,2026-07-18,15,红尘客栈,周杰伦,热度 6%,,5177680,003Ow85E3pnoqi,https://y.qq.com/n/ryqq/toplist/62
2026-07-18,2026-07-18T14:27:54+08:00,QQ音乐,飙升榜,飙升榜,2026-07-18,16,过海,王赫野/黄龄,热度 6%,,707586368,003sDdGY2FtUY2,https://y.qq.com/n/ryqq/toplist/62
2026-07-18,2026-07-18T14:27:54+08:00,QQ音乐,飙升榜,飙升榜,2026-07-18,17,离开我的依赖,王艳薇,热度 6%,,253383943,004CSyAN1oc97b,https://y.qq.com/n/ryqq/toplist/62
2026-07-18,2026-07-18T14:27:54+08:00,QQ音乐,飙升榜,飙升榜,2026-07-18,18,心跳赫兹 (Love Got Me Ooh),A2O MAY,热度 6%,,707144715,002qB0Ds2U9Vvy,https://y.qq.com/n/ryqq/toplist/62
2026-07-18,2026-07-18T14:27:54+08:00,QQ音乐,飙升榜,飙升榜,2026-07-18,19,我不难过,孙燕姿,热度 6%,,8136,004VSvF52mQoQp,https://y.qq.com/n/ryqq/toplist/62
2026-07-18,2026-07-18T14:27:54+08:00,QQ音乐,飙升榜,飙升榜,2026-07-18,20,演员,薛之谦,热度 5%,,102636799,003y8dsH2wBHlo,https://y.qq.com/n/ryqq/toplist/62
2026-07-18,2026-07-18T14:27:54+08:00,QQ音乐,飙升榜,飙升榜,2026-07-18,21,不知所措,王靖雯,热度 5%,,273429727,001N1sHC0KHx4s,https://y.qq.com/n/ryqq/toplist/62
2026-07-18,2026-07-18T14:27:54+08:00,QQ音乐,飙升榜,飙升榜,2026-07-18,22,海阔天空,BEYOND,热度 5%,,4835784,002qcJuX3lO3EZ,https://y.qq.com/n/ryqq/toplist/62
2026-07-18,2026-07-18T14:27:54+08:00,QQ音乐,飙升榜,飙升榜,2026-07-18,23,爱错 (Live),王铮亮/黄子弘凡,热度 5%,,708620795,0041Hhx80wRmCK,https://y.qq.com/n/ryqq/toplist/62
2026-07-18,2026-07-18T14:27:54+08:00,QQ音乐,飙升榜,飙升榜,2026-07-18,24,其实,薛之谦,热度 5%,,104775877,000QgFcm0v8WaF,https://y.qq.com/n/ryqq/toplist/62
2026-07-18,2026-07-18T14:27:54+08:00,QQ音乐,飙升榜,飙升榜,2026-07-18,25,稻香,周杰伦,热度 5%,,449205,002Neh8l0uciQZ,https://y.qq.com/n/ryqq/toplist/62
2026-07-18,2026-07-18T14:27:54+08:00,QQ音乐,飙升榜,飙升榜,2026-07-18,26,空心 (Live),黄霄雲/刘端端,热度 5%,,708620814,0041Hhx80wRmCK,https://y.qq.com/n/ryqq/toplist/62
2026-07-18,2026-07-18T14:27:54+08:00,QQ音乐,飙升榜,飙升榜,2026-07-18,27,天外来物,薛之谦,热度 5%,,272125057,000K9Zp13TZp5s,https://y.qq.com/n/ryqq/toplist/62
2026-07-18,2026-07-18T14:27:54+08:00,QQ音乐,飙升榜,飙升榜,2026-07-18,28,爱错,王力宏,热度 5%,,105905415,002ElVxf43rOue,https://y.qq.com/n/ryqq/toplist/62
2026-07-18,2026-07-18T14:27:54+08:00,QQ音乐,飙升榜,飙升榜,2026-07-18,29,失眠,Suki刘舒妤,热度 4%,,4733575,002xCeeN4EJ1Ke,https://y.qq.com/n/ryqq/toplist/62
2026-07-18,2026-07-18T14:27:54+08:00,QQ音乐,飙升榜,飙升榜,2026-07-18,30,认真的雪,薛之谦,热度 4%,,1333803,003mUYW22JXKVK,https://y.qq.com/n/ryqq/toplist/62
2026-07-18,2026-07-18T14:27:54+08:00,QQ音乐,飙升榜,飙升榜,2026-07-18,31,兰亭序,周杰伦,热度 4%,,449201,002Neh8l0uciQZ,https://y.qq.com/n/ryqq/toplist/62
2026-07-18,2026-07-18T14:27:54+08:00,QQ音乐,飙升榜,飙升榜,2026-07-18,32,最后的借口,h3R3/罗可Lorkin,热度 4%,,688839409,0031yTwA0yq3b5,https://y.qq.com/n/ryqq/toplist/62
2026-07-18,2026-07-18T14:27:54+08:00,QQ音乐,飙升榜,飙升榜,2026-07-18,33,七里香,周杰伦,热度 4%,,102065756,003DFRzD192KKD,https://y.qq.com/n/ryqq/toplist/62
2026-07-18,2026-07-18T14:27:54+08:00,QQ音乐,飙升榜,飙升榜,2026-07-18,34,相别 Goodbye,The 1999,热度 4%,,517374236,000FDvMT3B2vod,https://y.qq.com/n/ryqq/toplist/62
2026-07-18,2026-07-18T14:27:54+08:00,QQ音乐,飙升榜,飙升榜,2026-07-18,35,意外,薛之谦,热度 4%,,5106590,000QgFcm0v8WaF,https://y.qq.com/n/ryqq/toplist/62
2026-07-18,2026-07-18T14:27:54+08:00,QQ音乐,飙升榜,飙升榜,2026-07-18,36,青花瓷,周杰伦,热度 4%,,410316,002eFUFm2XYZ7z,https://y.qq.com/n/ryqq/toplist/62
2026-07-18,2026-07-18T14:27:54+08:00,QQ音乐,飙升榜,飙升榜,2026-07-18,37,烟花易冷,周杰伦,热度 4%,,680279,000bviBl4FjTpO,https://y.qq.com/n/ryqq/toplist/62
2026-07-18,2026-07-18T14:27:54+08:00,QQ音乐,飙升榜,飙升榜,2026-07-18,38,情深深雨濛濛,梓渝,热度 4%,,653264500,004d4d3s0RGI34,https://y.qq.com/n/ryqq/toplist/62
2026-07-18,2026-07-18T14:27:54+08:00,QQ音乐,飙升榜,飙升榜,2026-07-18,39,灯暗下来 (ENJOY THE SHOW),HENRY刘宪华,热度 4%,,707619377,002PeBvc0TaC2h,https://y.qq.com/n/ryqq/toplist/62
2026-07-18,2026-07-18T14:27:54+08:00,QQ音乐,飙升榜,飙升榜,2026-07-18,40,花海,周杰伦,热度 4%,,449198,002Neh8l0uciQZ,https://y.qq.com/n/ryqq/toplist/62
2026-07-18,2026-07-18T14:27:54+08:00,QQ音乐,飙升榜,飙升榜,2026-07-18,41,我不难过 (Live),刘雨昕/欧阳娜娜,热度 4%,,708620861,0041Hhx80wRmCK,https://y.qq.com/n/ryqq/toplist/62
2026-07-18,2026-07-18T14:27:54+08:00,QQ音乐,飙升榜,飙升榜,2026-07-18,42,离骚,易烊千玺,热度 4%,,201932121,00234NxJ1o9aLq,https://y.qq.com/n/ryqq/toplist/62
2026-07-18,2026-07-18T14:27:54+08:00,QQ音乐,飙升榜,飙升榜,2026-07-18,43,搁浅,周杰伦,热度 4%,,102065750,003DFRzD192KKD,https://y.qq.com/n/ryqq/toplist/62
2026-07-18,2026-07-18T14:27:54+08:00,QQ音乐,飙升榜,飙升榜,2026-07-18,44,我不该动情 (藏语男女合唱版),万能和弦,热度 4%,,708036080,0028u5bc3qWFBY,https://y.qq.com/n/ryqq/toplist/62
2026-07-18,2026-07-18T14:27:54+08:00,QQ音乐,飙升榜,飙升榜,2026-07-18,45,晴天,周杰伦,热度 4%,,97773,000MkMni19ClKG,https://y.qq.com/n/ryqq/toplist/62
2026-07-18,2026-07-18T14:27:54+08:00,QQ音乐,飙升榜,飙升榜,2026-07-18,46,盛夏的果实,莫文蔚,热度 4%,,4830161,000KeV8l1PIjxt,https://y.qq.com/n/ryqq/toplist/62
2026-07-18,2026-07-18T14:27:54+08:00,QQ音乐,飙升榜,飙升榜,2026-07-18,47,心似烟火,陈壹千,热度 4%,,666418250,002vTVRc3MxQjC,https://y.qq.com/n/ryqq/toplist/62
2026-07-18,2026-07-18T14:27:54+08:00,QQ音乐,飙升榜,飙升榜,2026-07-18,48,听说当初你找过我,贺一航,热度 4%,,200696390,000AE2CI0FKIXp,https://y.qq.com/n/ryqq/toplist/62
2026-07-18,2026-07-18T14:27:54+08:00,QQ音乐,飙升榜,飙升榜,2026-07-18,49,大城小爱,王力宏,热度 4%,,105905352,001a0Dts37jw2M,https://y.qq.com/n/ryqq/toplist/62
2026-07-18,2026-07-18T14:27:54+08:00,QQ音乐,飙升榜,飙升榜,2026-07-18,50,我们的歌,王力宏,热度 4%,,102193483,002Zwh5p4HgecI,https://y.qq.com/n/ryqq/toplist/62
2026-07-18,2026-07-18T14:27:54+08:00,QQ音乐,飙升榜,飙升榜,2026-07-18,51,如果爱忘了 (Live),汪苏泷/单依纯,热度 4%,,471040573,001rd1S93gcWUF,https://y.qq.com/n/ryqq/toplist/62
2026-07-18,2026-07-18T14:27:54+08:00,QQ音乐,飙升榜,飙升榜,2026-07-18,52,动物世界,薛之谦,热度 4%,,201452010,001L7UIu3GXVtT,https://y.qq.com/n/ryqq/toplist/62
2026-07-18,2026-07-18T14:27:54+08:00,QQ音乐,飙升榜,飙升榜,2026-07-18,53,Good Goodbye,华莎 (화사),热度 4%,,610580117,004EeZh70VZ6jy,https://y.qq.com/n/ryqq/toplist/62
2026-07-18,2026-07-18T14:27:54+08:00,QQ音乐,飙升榜,飙升榜,2026-07-18,54,一路向北,周杰伦,热度 3%,,5105986,002MAeob3zLXwZ,https://y.qq.com/n/ryqq/toplist/62
2026-07-18,2026-07-18T14:27:54+08:00,QQ音乐,飙升榜,飙升榜,2026-07-18,55,出现又离开 (Live),梁博,热度 3%,,231594573,000eQZ1q4g6AsF,https://y.qq.com/n/ryqq/toplist/62
2026-07-18,2026-07-18T14:27:54+08:00,QQ音乐,飙升榜,飙升榜,2026-07-18,56,奢香夫人,凤凰传奇,热度 3%,,475408,0021YkiD1WR578,https://y.qq.com/n/ryqq/toplist/62
2026-07-18,2026-07-18T14:27:54+08:00,QQ音乐,飙升榜,飙升榜,2026-07-18,57,乌云童话,MANTA,热度 3%,,707255238,000IPHDi2ljeC9,https://y.qq.com/n/ryqq/toplist/62
2026-07-18,2026-07-18T14:27:54+08:00,QQ音乐,飙升榜,飙升榜,2026-07-18,58,那天下雨了,周杰伦,热度 3%,,649556362,0041WVfh2vtlJE,https://y.qq.com/n/ryqq/toplist/62
2026-07-18,2026-07-18T14:27:54+08:00,QQ音乐,飙升榜,飙升榜,2026-07-18,59,Galway Girl,Ed Sheeran,热度 3%,,200732343,000chBQY44HBam,https://y.qq.com/n/ryqq/toplist/62
2026-07-18,2026-07-18T14:27:54+08:00,QQ音乐,飙升榜,飙升榜,2026-07-18,60,枫,周杰伦,热度 3%,,718479,0024bjiL2aocxT,https://y.qq.com/n/ryqq/toplist/62
2026-07-18,2026-07-18T14:27:54+08:00,QQ音乐,飙升榜,飙升榜,2026-07-18,61,十面埋伏,陈奕迅,热度 3%,,4907821,003Hjc6L1WajuE,https://y.qq.com/n/ryqq/toplist/62
2026-07-18,2026-07-18T14:27:54+08:00,QQ音乐,飙升榜,飙升榜,2026-07-18,62,告白气球,周杰伦,热度 3%,,107192078,003RMaRI1iFoYd,https://y.qq.com/n/ryqq/toplist/62
2026-07-18,2026-07-18T14:27:54+08:00,QQ音乐,飙升榜,飙升榜,2026-07-18,63,思念是一种病,张震岳/蔡健雅,热度 3%,,103697658,0044oT0A0isMzR,https://y.qq.com/n/ryqq/toplist/62
2026-07-18,2026-07-18T14:27:54+08:00,QQ音乐,飙升榜,飙升榜,2026-07-18,64,开始懂了,孙燕姿,热度 3%,,5646,004KRIQr1oCp2A,https://y.qq.com/n/ryqq/toplist/62
2026-07-18,2026-07-18T14:27:54+08:00,QQ音乐,飙升榜,飙升榜,2026-07-18,65,夜曲,周杰伦,热度 3%,,718477,0024bjiL2aocxT,https://y.qq.com/n/ryqq/toplist/62
2026-07-18,2026-07-18T14:27:54+08:00,QQ音乐,飙升榜,飙升榜,2026-07-18,66,天地龙鳞,王力宏,热度 3%,,334382135,004VAoXe40mO4M,https://y.qq.com/n/ryqq/toplist/62
2026-07-18,2026-07-18T14:27:54+08:00,QQ音乐,飙升榜,飙升榜,2026-07-18,67,聊表心意,薛之谦/刘惜君,热度 3%,,233704415,000DMpJ73yeITP,https://y.qq.com/n/ryqq/toplist/62
2026-07-18,2026-07-18T14:27:54+08:00,QQ音乐,飙升榜,飙升榜,2026-07-18,68,江南,林俊杰,热度 3%,,9063002,000y5gq7449K9I,https://y.qq.com/n/ryqq/toplist/62
2026-07-18,2026-07-18T14:27:54+08:00,QQ音乐,飙升榜,飙升榜,2026-07-18,69,鸳鸯债,纸嫁衣,热度 3%,,339135604,002lMcHN21LCGI,https://y.qq.com/n/ryqq/toplist/62
2026-07-18,2026-07-18T14:27:54+08:00,QQ音乐,飙升榜,飙升榜,2026-07-18,70,梦哑,任然,热度 3%,,670769297,000JotAZ2WZEkq,https://y.qq.com/n/ryqq/toplist/62
2026-07-18,2026-07-18T14:27:54+08:00,QQ音乐,飙升榜,飙升榜,2026-07-18,71,共生,The 1999,热度 3%,,464916067,004g17fG2SIjkp,https://y.qq.com/n/ryqq/toplist/62
2026-07-18,2026-07-18T14:27:54+08:00,QQ音乐,飙升榜,飙升榜,2026-07-18,72,美人鱼,林俊杰,热度 3%,,95292,000y5gq7449K9I,https://y.qq.com/n/ryqq/toplist/62
2026-07-18,2026-07-18T14:27:54+08:00,QQ音乐,飙升榜,飙升榜,2026-07-18,73,雨爱,杨丞琳,热度 3%,,645819,000jcKFG0sQrD0,https://y.qq.com/n/ryqq/toplist/62
2026-07-18,2026-07-18T14:27:54+08:00,QQ音乐,飙升榜,飙升榜,2026-07-18,74,赞颂的回声 Glory Reclaimed,The 1999,热度 3%,,613559642,00327vuT4HYPPF,https://y.qq.com/n/ryqq/toplist/62
2026-07-18,2026-07-18T14:27:54+08:00,QQ音乐,飙升榜,飙升榜,2026-07-18,75,拍硬档 (Rock Solid),The 1999/钟明秋,热度 3%,,557150991,000UNG0I38vhKG,https://y.qq.com/n/ryqq/toplist/62
2026-07-18,2026-07-18T14:27:54+08:00,QQ音乐,飙升榜,飙升榜,2026-07-18,76,红色高跟鞋,蔡健雅,热度 3%,,624649,002dOge41xlS8x,https://y.qq.com/n/ryqq/toplist/62
2026-07-18,2026-07-18T14:27:54+08:00,QQ音乐,飙升榜,飙升榜,2026-07-18,77,Copines,Aya Nakamura,热度 3%,,221075279,000cg2qP1c8ceJ,https://y.qq.com/n/ryqq/toplist/62
2026-07-18,2026-07-18T14:27:54+08:00,QQ音乐,飙升榜,飙升榜,2026-07-18,78,后来,刘若英,热度 3%,,4830150,0017zqT34WuQwa,https://y.qq.com/n/ryqq/toplist/62
2026-07-18,2026-07-18T14:27:54+08:00,QQ音乐,飙升榜,飙升榜,2026-07-18,79,发如雪,周杰伦,热度 3%,,718475,0024bjiL2aocxT,https://y.qq.com/n/ryqq/toplist/62
2026-07-18,2026-07-18T14:27:54+08:00,QQ音乐,飙升榜,飙升榜,2026-07-18,80,奇迹再现,毛华锋,热度 3%,,103972826,003qbwr50QOnya,https://y.qq.com/n/ryqq/toplist/62
2026-07-18,2026-07-18T14:27:54+08:00,QQ音乐,飙升榜,飙升榜,2026-07-18,81,富士山下,陈奕迅,热度 3%,,260678,004Z85XP1c25b7,https://y.qq.com/n/ryqq/toplist/62
2026-07-18,2026-07-18T14:27:54+08:00,QQ音乐,飙升榜,飙升榜,2026-07-18,82,十年,陈奕迅,热度 3%,,4830342,000GDz8k03UOaI,https://y.qq.com/n/ryqq/toplist/62
2026-07-18,2026-07-18T14:27:54+08:00,QQ音乐,飙升榜,飙升榜,2026-07-18,83,半岛铁盒,周杰伦,热度 3%,,97761,004MGitN0zEHpb,https://y.qq.com/n/ryqq/toplist/62
2026-07-18,2026-07-18T14:27:54+08:00,QQ音乐,飙升榜,飙升榜,2026-07-18,84,春风何时来,巴扎黑,热度 3%,,465546369,003eZDqu2ReBvQ,https://y.qq.com/n/ryqq/toplist/62
2026-07-18,2026-07-18T14:27:54+08:00,QQ音乐,飙升榜,飙升榜,2026-07-18,85,Hall of Fame,The Script,热度 3%,,1783988,004Zwdcf3uixGU,https://y.qq.com/n/ryqq/toplist/62
2026-07-18,2026-07-18T14:27:54+08:00,QQ音乐,飙升榜,飙升榜,2026-07-18,86,一生所爱,卢冠廷/莫文蔚,热度 3%,,1727258,001UAAKE4QJguW,https://y.qq.com/n/ryqq/toplist/62
2026-07-18,2026-07-18T14:27:54+08:00,QQ音乐,飙升榜,飙升榜,2026-07-18,87,街角的晚风,陈小春,热度 3%,,622453461,0028jKt80PGmlB,https://y.qq.com/n/ryqq/toplist/62
2026-07-18,2026-07-18T14:27:54+08:00,QQ音乐,飙升榜,飙升榜,2026-07-18,88,遇见,孙燕姿,热度 3%,,8145,002ehzTm0TxXC2,https://y.qq.com/n/ryqq/toplist/62
2026-07-18,2026-07-18T14:27:54+08:00,QQ音乐,飙升榜,飙升榜,2026-07-18,89,说好的幸福呢,周杰伦,热度 3%,,449200,002Neh8l0uciQZ,https://y.qq.com/n/ryqq/toplist/62
2026-07-18,2026-07-18T14:27:54+08:00,QQ音乐,飙升榜,飙升榜,2026-07-18,90,背对背拥抱,林俊杰,热度 3%,,648231,002C0kX720gMQi,https://y.qq.com/n/ryqq/toplist/62
2026-07-18,2026-07-18T14:27:54+08:00,QQ音乐,飙升榜,飙升榜,2026-07-18,91,讨厌,芮恩,热度 3%,,138194,001EFkTG1wgW4n,https://y.qq.com/n/ryqq/toplist/62
2026-07-18,2026-07-18T14:27:54+08:00,QQ音乐,飙升榜,飙升榜,2026-07-18,92,黄昏,周传雄,热度 3%,,526713,001U6x8f2uJhig,https://y.qq.com/n/ryqq/toplist/62
2026-07-18,2026-07-18T14:27:54+08:00,QQ音乐,飙升榜,飙升榜,2026-07-18,93,如果可以,韦礼安,热度 3%,,330977131,003WBcyJ1siUkh,https://y.qq.com/n/ryqq/toplist/62
2026-07-18,2026-07-18T14:27:54+08:00,QQ音乐,飙升榜,飙升榜,2026-07-18,94,泡泡,牛佳钰,热度 3%,,261904721,002xjKP10zA33Z,https://y.qq.com/n/ryqq/toplist/62
2026-07-18,2026-07-18T14:27:54+08:00,QQ音乐,飙升榜,飙升榜,2026-07-18,95,修炼爱情,林俊杰,热度 3%,,5063375,001gqOnU3DTg2S,https://y.qq.com/n/ryqq/toplist/62
2026-07-18,2026-07-18T14:27:54+08:00,QQ音乐,飙升榜,飙升榜,2026-07-18,96,缘分一道桥,王力宏/谭维维,热度 3%,,109181039,001z1OuX41cBAx,https://y.qq.com/n/ryqq/toplist/62
2026-07-18,2026-07-18T14:27:54+08:00,QQ音乐,飙升榜,飙升榜,2026-07-18,97,全世界陪我出发,TF家族/TF家族-官俊臣/TF家族-张桂源/TF家族-张函瑞/TF家族-王橹杰/TF家族-王烁然/TF家族-左奇函/TF家族-陈奕恒/TF家族-杨博文/TF家族-杨涵博/TF家族-张奕然/TF家族-聂玮辰/TF家族-陈思罕/TF家族-魏子宸/TF家族-李煜东/TF家族-陈浚铭,热度 3%,,704996514,000dn6vm1EN6ax,https://y.qq.com/n/ryqq/toplist/62
2026-07-18,2026-07-18T14:27:54+08:00,QQ音乐,飙升榜,飙升榜,2026-07-18,98,你不知道的事,王力宏,热度 3%,,740362,002iWU6B2ZvA8V,https://y.qq.com/n/ryqq/toplist/62
2026-07-18,2026-07-18T14:27:54+08:00,QQ音乐,飙升榜,飙升榜,2026-07-18,99,下雨了,薛之谦,热度 3%,,102636800,003y8dsH2wBHlo,https://y.qq.com/n/ryqq/toplist/62
2026-07-18,2026-07-18T14:27:54+08:00,QQ音乐,飙升榜,飙升榜,2026-07-18,100,不负人间,阿YueYue,热度 3%,,317238885,0014Qt7O2Z89rY,https://y.qq.com/n/ryqq/toplist/62
2026-07-18,2026-07-18T14:27:54+08:00,酷狗音乐,热歌榜,酷狗TOP500,2026-07-18,1,媚人,薛之谦,,3:46,E483477C86BE5ECCAFBF090F0E8F866B,199628146,https://www.kugou.com/yy/rank/home/1-8888.html?from=rank
2026-07-18,2026-07-18T14:27:54+08:00,酷狗音乐,热歌榜,酷狗TOP500,2026-07-18,2,吹吹山顶的风,巴扎黑,,2:59,87311B26EDEE637CA1448E14230BCB68,198304563,https://www.kugou.com/yy/rank/home/1-8888.html?from=rank
2026-07-18,2026-07-18T14:27:54+08:00,酷狗音乐,热歌榜,酷狗TOP500,2026-07-18,3,你有没有真的爱过我,阿图表妹,,4:03,FE39668F68770C3FB3BE57A3E86CCC10,190170015,https://www.kugou.com/yy/rank/home/1-8888.html?from=rank
2026-07-18,2026-07-18T14:27:54+08:00,酷狗音乐,热歌榜,酷狗TOP500,2026-07-18,4,甲乙丙丁 (你我怎么两清),李佳薇,,3:30,213D580CA0BDCC28A5FDBA995FFDA106,197648995,https://www.kugou.com/yy/rank/home/1-8888.html?from=rank
2026-07-18,2026-07-18T14:27:54+08:00,酷狗音乐,热歌榜,酷狗TOP500,2026-07-18,5,岁月如笔写春秋,河南三妹5233,,4:11,5D4C2F9D994E5BECDC9BA0FBC6BD3DD8,191576482,https://www.kugou.com/yy/rank/home/1-8888.html?from=rank
2026-07-18,2026-07-18T14:27:54+08:00,酷狗音乐,热歌榜,酷狗TOP500,2026-07-18,6,樱花草,Sweety,,4:44,F0B01830164E4974A2AC9E85DD446D45,507451,https://www.kugou.com/yy/rank/home/1-8888.html?from=rank
2026-07-18,2026-07-18T14:27:54+08:00,酷狗音乐,热歌榜,酷狗TOP500,2026-07-18,7,踏马寻花向自由 (雷鬼版),超哥,,2:59,B5BA68A039E54847B4E14A46A268991B,194886112,https://www.kugou.com/yy/rank/home/1-8888.html?from=rank
2026-07-18,2026-07-18T14:27:54+08:00,酷狗音乐,热歌榜,酷狗TOP500,2026-07-18,8,下一站 Beyond This Station,小林未郁、HOYO-MiX,,3:49,1DBD46650E8F900E82B75D5B77FBD32A,199481595,https://www.kugou.com/yy/rank/home/1-8888.html?from=rank
2026-07-18,2026-07-18T14:27:54+08:00,酷狗音乐,热歌榜,酷狗TOP500,2026-07-18,9,人生路漫漫,白小白,,3:55,B8CA573A69DB5050C7EE0C1AB79144E5,179917533,https://www.kugou.com/yy/rank/home/1-8888.html?from=rank
2026-07-18,2026-07-18T14:27:54+08:00,酷狗音乐,热歌榜,酷狗TOP500,2026-07-18,10,失眠,Suki刘舒妤,,3:31,EC476A2009EF5DCAC13EDCD11870DF55,671621,https://www.kugou.com/yy/rank/home/1-8888.html?from=rank
2026-07-18,2026-07-18T14:27:54+08:00,酷狗音乐,热歌榜,酷狗TOP500,2026-07-18,11,讨厌,芮恩,,4:18,C88A8D3EF16E2C4E944B947E0F56A7AD,2996887,https://www.kugou.com/yy/rank/home/1-8888.html?from=rank
2026-07-18,2026-07-18T14:27:54+08:00,酷狗音乐,热歌榜,酷狗TOP500,2026-07-18,12,黄昏 (纵然青丝如霜)(R&B版),落日微醺,,4:05,423FC1778078ACF260242626820E4244,194767721,https://www.kugou.com/yy/rank/home/1-8888.html?from=rank
2026-07-18,2026-07-18T14:27:54+08:00,酷狗音乐,热歌榜,酷狗TOP500,2026-07-18,13,阴天,莫文蔚,,4:02,E4271CB5938F401AA283FBEA49223BF8,970575,https://www.kugou.com/yy/rank/home/1-8888.html?from=rank
2026-07-18,2026-07-18T14:27:54+08:00,酷狗音乐,热歌榜,酷狗TOP500,2026-07-18,14,无人之岛,任然,,4:45,8E568D8806F771607104D8BF9695ACE0,2916172,https://www.kugou.com/yy/rank/home/1-8888.html?from=rank
2026-07-18,2026-07-18T14:27:54+08:00,酷狗音乐,热歌榜,酷狗TOP500,2026-07-18,15,我不该动情 (藏语男女合唱版),万能和弦,,3:25,E1CDCF04108F3E2A756E3732E80EEF42,199546874,https://www.kugou.com/yy/rank/home/1-8888.html?from=rank
2026-07-18,2026-07-18T14:27:54+08:00,酷狗音乐,热歌榜,酷狗TOP500,2026-07-18,16,街道,林俊杰,,4:02,D9DF39A88E29EADDB272A4B04393D357,963179,https://www.kugou.com/yy/rank/home/1-8888.html?from=rank
2026-07-18,2026-07-18T14:27:54+08:00,酷狗音乐,热歌榜,酷狗TOP500,2026-07-18,17,雨过后的风景,Dizzy Dizzo (蔡诗芸),,4:03,E3F046EDB5EB76BBA5A44FFA3D8F8C42,974143,https://www.kugou.com/yy/rank/home/1-8888.html?from=rank
2026-07-18,2026-07-18T14:27:54+08:00,酷狗音乐,热歌榜,酷狗TOP500,2026-07-18,18,心似烟火,陈壹千,,4:34,206F1EE57278EE6E8FA5910B021F780E,191932853,https://www.kugou.com/yy/rank/home/1-8888.html?from=rank
2026-07-18,2026-07-18T14:27:54+08:00,酷狗音乐,热歌榜,酷狗TOP500,2026-07-18,19,盛夏的果实,莫文蔚,,4:11,1C86CBC64AE9A6C3539A36CAADDF1A59,978378,https://www.kugou.com/yy/rank/home/1-8888.html?from=rank
2026-07-18,2026-07-18T14:27:54+08:00,酷狗音乐,热歌榜,酷狗TOP500,2026-07-18,20,恋人,李荣浩,,4:36,9DA7851E2BF83B18C74CBBAB461CEFDD,106374641,https://www.kugou.com/yy/rank/home/1-8888.html?from=rank
2026-07-18,2026-07-18T14:27:54+08:00,酷狗音乐,热歌榜,酷狗TOP500,2026-07-18,21,我不该动情,老板,,3:57,DFA780605FE78F1572761712931024A7,197593768,https://www.kugou.com/yy/rank/home/1-8888.html?from=rank
2026-07-18,2026-07-18T14:27:54+08:00,酷狗音乐,热歌榜,酷狗TOP500,2026-07-18,22,Angel,尹美莱、Tiger JK、Bizzy,,4:15,062EA07BB74A381C54524C9F91714D81,964390,https://www.kugou.com/yy/rank/home/1-8888.html?from=rank
2026-07-18,2026-07-18T14:27:54+08:00,酷狗音乐,热歌榜,酷狗TOP500,2026-07-18,23,落日微醺 (晚风中一杯酒),落日微醺,,4:14,CB22754AB8A0F20FCC015D0A800758CE,196517740,https://www.kugou.com/yy/rank/home/2-8888.html?from=rank
2026-07-18,2026-07-18T14:27:54+08:00,酷狗音乐,热歌榜,酷狗TOP500,2026-07-18,24,好想再爱你,潘广益,,4:31,B78BA4062528E712B68C42DC6A4D9AAE,957659,https://www.kugou.com/yy/rank/home/2-8888.html?from=rank
2026-07-18,2026-07-18T14:27:54+08:00,酷狗音乐,热歌榜,酷狗TOP500,2026-07-18,25,若不是因为你 (深情版),林栖,,4:13,6CCB2559DE8FC8965E98F641C4C33B6A,176013962,https://www.kugou.com/yy/rank/home/2-8888.html?from=rank
2026-07-18,2026-07-18T14:27:54+08:00,酷狗音乐,热歌榜,酷狗TOP500,2026-07-18,26,雨爱,杨丞琳,,4:21,2592FFA57A2D8B1A16F18D991B7098CD,2694607,https://www.kugou.com/yy/rank/home/2-8888.html?from=rank
2026-07-18,2026-07-18T14:27:54+08:00,酷狗音乐,热歌榜,酷狗TOP500,2026-07-18,27,小半,陈粒,,4:57,AFEA9FFE5D7F0EF0874119A363820D33,1749208,https://www.kugou.com/yy/rank/home/2-8888.html?from=rank
2026-07-18,2026-07-18T14:27:54+08:00,酷狗音乐,热歌榜,酷狗TOP500,2026-07-18,28,梦哑,任然,,3:54,3194D1AA995469BEF8620E96989D6BA8,193630889,https://www.kugou.com/yy/rank/home/2-8888.html?from=rank
2026-07-18,2026-07-18T14:27:54+08:00,酷狗音乐,热歌榜,酷狗TOP500,2026-07-18,29,离开我的依赖,王艳薇,,3:54,A9C377CC1B9931F0CE81907E23E4D588,36181053,https://www.kugou.com/yy/rank/home/2-8888.html?from=rank
2026-07-18,2026-07-18T14:27:54+08:00,酷狗音乐,热歌榜,酷狗TOP500,2026-07-18,30,街角的晚风,陈小春,,4:00,18B89D66950B7856EABB131BB6273F6E,169830039,https://www.kugou.com/yy/rank/home/2-8888.html?from=rank
2026-07-18,2026-07-18T14:27:54+08:00,酷狗音乐,热歌榜,酷狗TOP500,2026-07-18,31,枪火 (相对那就针锋相对),宝石Gem,,3:18,76923758046CB591DC9556D1FB69D976,154798334,https://www.kugou.com/yy/rank/home/2-8888.html?from=rank
2026-07-18,2026-07-18T14:27:54+08:00,酷狗音乐,热歌榜,酷狗TOP500,2026-07-18,32,Fever Pitch,Richz,,2:15,594B915AEEDA7DA8F5BD70B63EA76EAD,180499937,https://www.kugou.com/yy/rank/home/2-8888.html?from=rank
2026-07-18,2026-07-18T14:27:54+08:00,酷狗音乐,热歌榜,酷狗TOP500,2026-07-18,33,晴天,周杰伦,,4:29,B3A52A7A958BF0AED0EBFBA2E9A818B7,966846,https://www.kugou.com/yy/rank/home/2-8888.html?from=rank
2026-07-18,2026-07-18T14:27:54+08:00,酷狗音乐,热歌榜,酷狗TOP500,2026-07-18,34,The Other Side Of Paradise (Explicit),Glass Animals,,5:21,222314858D998CCDDD4BF0B7BAF2F5A2,47764102,https://www.kugou.com/yy/rank/home/2-8888.html?from=rank
2026-07-18,2026-07-18T14:27:54+08:00,酷狗音乐,热歌榜,酷狗TOP500,2026-07-18,35,有风的日落,万海东,,3:49,94774F06E73EF9ABD739423E1A414593,181906094,https://www.kugou.com/yy/rank/home/2-8888.html?from=rank
2026-07-18,2026-07-18T14:27:54+08:00,酷狗音乐,热歌榜,酷狗TOP500,2026-07-18,36,西厢寻他,伯爵Johnny、唐伯虎Annie,,3:44,2B657B5B5D781C1A61D7E0D1F5E2DE22,53205523,https://www.kugou.com/yy/rank/home/2-8888.html?from=rank
2026-07-18,2026-07-18T14:27:54+08:00,酷狗音乐,热歌榜,酷狗TOP500,2026-07-18,37,抽离,徐良、刘丹萌,,4:18,37A9C74C33A9FAEFF672CFDF4C699581,547514,https://www.kugou.com/yy/rank/home/2-8888.html?from=rank
2026-07-18,2026-07-18T14:27:54+08:00,酷狗音乐,热歌榜,酷狗TOP500,2026-07-18,38,人间的剧本,老韩很哇塞,,3:18,F80698DAC679080F9E38F3DBB07BD17A,195240853,https://www.kugou.com/yy/rank/home/2-8888.html?from=rank
2026-07-18,2026-07-18T14:27:54+08:00,酷狗音乐,热歌榜,酷狗TOP500,2026-07-18,39,红尘客栈,周杰伦,,4:34,48729371F20FB048EF4E51D4CD41DBF5,982051,https://www.kugou.com/yy/rank/home/2-8888.html?from=rank
2026-07-18,2026-07-18T14:27:54+08:00,酷狗音乐,热歌榜,酷狗TOP500,2026-07-18,40,偏爱,张芸京,,3:33,4A544525C1F78DBDF25361DB0E255495,968788,https://www.kugou.com/yy/rank/home/2-8888.html?from=rank
2026-07-18,2026-07-18T14:27:54+08:00,酷狗音乐,热歌榜,酷狗TOP500,2026-07-18,41,亲爱的你啊,任素汐,,3:56,C42C2C5C7A68CDAFBF543F29AF883B1D,144348541,https://www.kugou.com/yy/rank/home/2-8888.html?from=rank
2026-07-18,2026-07-18T14:27:54+08:00,酷狗音乐,热歌榜,酷狗TOP500,2026-07-18,42,为爱痴狂 (想要问问你敢不敢),金志文,,2:21,8CA8C420761A7C36FF16DD42FE5D331D,9052054,https://www.kugou.com/yy/rank/home/2-8888.html?from=rank
2026-07-18,2026-07-18T14:27:54+08:00,酷狗音乐,热歌榜,酷狗TOP500,2026-07-18,43,后会无期,汪苏泷、徐良,,3:32,5F86140467A73FBF9C4F339F7B9AFC2C,511536,https://www.kugou.com/yy/rank/home/2-8888.html?from=rank
2026-07-18,2026-07-18T14:27:54+08:00,酷狗音乐,热歌榜,酷狗TOP500,2026-07-18,44,半壶纱,刘珂矣,,3:41,951AB088C5A08F491471A1296DF93707,948327,https://www.kugou.com/yy/rank/home/2-8888.html?from=rank
2026-07-18,2026-07-18T14:27:54+08:00,酷狗音乐,热歌榜,酷狗TOP500,2026-07-18,45,坏女孩,徐良、小凌,,4:07,9365223F903B13D0DAF54B6091AC3E7B,511536,https://www.kugou.com/yy/rank/home/3-8888.html?from=rank
2026-07-18,2026-07-18T14:27:54+08:00,酷狗音乐,热歌榜,酷狗TOP500,2026-07-18,46,演员,薛之谦,,4:21,097E777171F692855EAE98B6965F9477,14456909,https://www.kugou.com/yy/rank/home/3-8888.html?from=rank
2026-07-18,2026-07-18T14:27:54+08:00,酷狗音乐,热歌榜,酷狗TOP500,2026-07-18,47,岁月如笔写春秋,郭少杰,,4:11,6FCF099C6A88F85FC8417AFD452D54FD,190046745,https://www.kugou.com/yy/rank/home/3-8888.html?from=rank
2026-07-18,2026-07-18T14:27:54+08:00,酷狗音乐,热歌榜,酷狗TOP500,2026-07-18,48,北方的后海没有海 (r&b微醺版),落日微醺,,3:26,DB3D10DE8DF3C5188EC036A9724F9418,196519034,https://www.kugou.com/yy/rank/home/3-8888.html?from=rank
2026-07-18,2026-07-18T14:27:54+08:00,酷狗音乐,热歌榜,酷狗TOP500,2026-07-18,49,最佳损友,陈奕迅,,3:54,CBFA7DDE592B23322E21E4BDAA9BE9F9,964332,https://www.kugou.com/yy/rank/home/3-8888.html?from=rank
2026-07-18,2026-07-18T14:27:54+08:00,酷狗音乐,热歌榜,酷狗TOP500,2026-07-18,50,黄昏,周传雄,,5:44,7DE9A9CD041157F6BF3FE9FFBCF120E3,964612,https://www.kugou.com/yy/rank/home/3-8888.html?from=rank
2026-07-18,2026-07-18T14:27:54+08:00,酷狗音乐,热歌榜,酷狗TOP500,2026-07-18,51,情歌,梁静茹,,4:20,72DB6DA75FFE23A3A6361BDB8F44D5F4,2997268,https://www.kugou.com/yy/rank/home/3-8888.html?from=rank
2026-07-18,2026-07-18T14:27:54+08:00,酷狗音乐,热歌榜,酷狗TOP500,2026-07-18,52,唯一,G.E.M. 邓紫棋,,4:14,AB05B8F658851282DCB2CBAD548AEB9B,82564821,https://www.kugou.com/yy/rank/home/3-8888.html?from=rank
2026-07-18,2026-07-18T14:27:54+08:00,酷狗音乐,热歌榜,酷狗TOP500,2026-07-18,53,听说当初你找过我,贺一航,,4:06,8853D5BDDDE97FEACFAF65371B68AD57,1969900,https://www.kugou.com/yy/rank/home/3-8888.html?from=rank
2026-07-18,2026-07-18T14:27:54+08:00,酷狗音乐,热歌榜,酷狗TOP500,2026-07-18,54,爱错,王力宏,,3:59,EC25602B56D5DAE36B27E82780FC6A22,2996462,https://www.kugou.com/yy/rank/home/3-8888.html?from=rank
2026-07-18,2026-07-18T14:27:54+08:00,酷狗音乐,热歌榜,酷狗TOP500,2026-07-18,55,以父之名,周杰伦,,5:42,DBC0207490EB51153EF933EF5A7E98E4,966846,https://www.kugou.com/yy/rank/home/3-8888.html?from=rank
2026-07-18,2026-07-18T14:27:54+08:00,酷狗音乐,热歌榜,酷狗TOP500,2026-07-18,56,我怀念的,孙燕姿,,4:49,1A3CAACB1E361DAF217A2383E9C8E292,984086,https://www.kugou.com/yy/rank/home/3-8888.html?from=rank
2026-07-18,2026-07-18T14:27:54+08:00,酷狗音乐,热歌榜,酷狗TOP500,2026-07-18,57,烟火 (孤孤单单一个人),京六,,4:06,495D65F83F80948BE9E2683AEFD0E20A,198377118,https://www.kugou.com/yy/rank/home/3-8888.html?from=rank
2026-07-18,2026-07-18T14:27:54+08:00,酷狗音乐,热歌榜,酷狗TOP500,2026-07-18,58,依兰爱情故事,金志文,,4:52,21C7EF72EE4E29653FF4C028D82BB889,198293753,https://www.kugou.com/yy/rank/home/3-8888.html?from=rank
2026-07-18,2026-07-18T14:27:54+08:00,酷狗音乐,热歌榜,酷狗TOP500,2026-07-18,59,玻璃,Gareth.T,,3:05,ED0ED6B17B6C29695E97F5CC945C7901,191663409,https://www.kugou.com/yy/rank/home/3-8888.html?from=rank
2026-07-18,2026-07-18T14:27:54+08:00,酷狗音乐,热歌榜,酷狗TOP500,2026-07-18,60,告白气球,周杰伦,,3:36,688857974673645CE89EDA26A36DB19D,1645030,https://www.kugou.com/yy/rank/home/3-8888.html?from=rank
2026-07-18,2026-07-18T14:27:54+08:00,酷狗音乐,热歌榜,酷狗TOP500,2026-07-18,61,来不及爱你,h3R3,,3:25,E3ED52965CEE83A40D73C5FB1DA7FF62,76488384,https://www.kugou.com/yy/rank/home/3-8888.html?from=rank
2026-07-18,2026-07-18T14:27:54+08:00,酷狗音乐,热歌榜,酷狗TOP500,2026-07-18,62,青花瓷,周杰伦,,3:59,37A8F50A9EC3B267C3CC6BEC633D9C4A,979856,https://www.kugou.com/yy/rank/home/3-8888.html?from=rank
2026-07-18,2026-07-18T14:27:54+08:00,酷狗音乐,热歌榜,酷狗TOP500,2026-07-18,63,若今生无缘 (若今生已无缘),万海东,,3:40,E74F4CC22263126EDD4A721AD0D0D0A8,195038536,https://www.kugou.com/yy/rank/home/3-8888.html?from=rank
2026-07-18,2026-07-18T14:27:54+08:00,酷狗音乐,热歌榜,酷狗TOP500,2026-07-18,64,一直很安静,阿桑,,4:10,44816EF0288A3B1ED2C4A5C5FE6B93B3,972917,https://www.kugou.com/yy/rank/home/3-8888.html?from=rank
2026-07-18,2026-07-18T14:27:54+08:00,酷狗音乐,热歌榜,酷狗TOP500,2026-07-18,65,Beauty And A Beat,Justin Bieber、Nicki Minaj,,3:47,FF5719341A9B004AA3E7312D617AE305,16996733,https://www.kugou.com/yy/rank/home/3-8888.html?from=rank
2026-07-18,2026-07-18T14:27:54+08:00,酷狗音乐,热歌榜,酷狗TOP500,2026-07-18,66,光辉岁月,BEYOND,,5:04,42577AE022051D2E3C76890E40EE1AAD,960181,https://www.kugou.com/yy/rank/home/3-8888.html?from=rank
2026-07-18,2026-07-18T14:27:54+08:00,酷狗音乐,热歌榜,酷狗TOP500,2026-07-18,67,其实,薛之谦,,4:02,2A8911EAD4838BF967CF5A300D787E53,960327,https://www.kugou.com/yy/rank/home/4-8888.html?from=rank
2026-07-18,2026-07-18T14:27:54+08:00,酷狗音乐,热歌榜,酷狗TOP500,2026-07-18,68,Баллада,Xcho、Мот,,3:02,0B2EC37A6E065AD181378AAD27391F8F,91468549,https://www.kugou.com/yy/rank/home/4-8888.html?from=rank
2026-07-18,2026-07-18T14:27:54+08:00,酷狗音乐,热歌榜,酷狗TOP500,2026-07-18,69,茶花开了，该回家了,王睿卓、加木,,3:10,99F0F17B7C6F110346411E7AD552156D,133732298,https://www.kugou.com/yy/rank/home/4-8888.html?from=rank
2026-07-18,2026-07-18T14:27:54+08:00,酷狗音乐,热歌榜,酷狗TOP500,2026-07-18,70,心墙,郭静,,3:47,97870F3D4B01A7822DC497C6127EA66D,968033,https://www.kugou.com/yy/rank/home/4-8888.html?from=rank
2026-07-18,2026-07-18T14:27:54+08:00,酷狗音乐,热歌榜,酷狗TOP500,2026-07-18,71,英雄出处,高冷,,3:19,9CBBBCAAF22AA9C5A0D203C5924B3854,198302448,https://www.kugou.com/yy/rank/home/4-8888.html?from=rank
2026-07-18,2026-07-18T14:27:54+08:00,酷狗音乐,热歌榜,酷狗TOP500,2026-07-18,72,稻香,周杰伦,,3:44,8909E1809908CD8E3BF6CF85D98B93F0,960399,https://www.kugou.com/yy/rank/home/4-8888.html?from=rank
2026-07-18,2026-07-18T14:27:54+08:00,酷狗音乐,热歌榜,酷狗TOP500,2026-07-18,73,也许在下雨天 (合唱版),何遇Hayu、露一泉,,3:48,1A4F998912137C635E85A05C8218F047,198627844,https://www.kugou.com/yy/rank/home/4-8888.html?from=rank
2026-07-18,2026-07-18T14:27:54+08:00,酷狗音乐,热歌榜,酷狗TOP500,2026-07-18,74,你本就是光,刘亦辰,,3:01,5943DA649B2516ABBEF2379C29202051,195268232,https://www.kugou.com/yy/rank/home/4-8888.html?from=rank
2026-07-18,2026-07-18T14:27:54+08:00,酷狗音乐,热歌榜,酷狗TOP500,2026-07-18,75,等一分钟,徐誉滕,,3:56,52ED380B09C692BDF4CE65FD56D918F3,2530746,https://www.kugou.com/yy/rank/home/4-8888.html?from=rank
2026-07-18,2026-07-18T14:27:54+08:00,酷狗音乐,热歌榜,酷狗TOP500,2026-07-18,76,搁浅,周杰伦,,4:00,FBC234520FED713C30C1C026E7352770,971783,https://www.kugou.com/yy/rank/home/4-8888.html?from=rank
2026-07-18,2026-07-18T14:27:54+08:00,酷狗音乐,热歌榜,酷狗TOP500,2026-07-18,77,周旋,王以太、艾热AIR,,4:50,D4B5A2762AD5716EB290DD452721B5E4,198788223,https://www.kugou.com/yy/rank/home/4-8888.html?from=rank
2026-07-18,2026-07-18T14:27:54+08:00,酷狗音乐,热歌榜,酷狗TOP500,2026-07-18,78,红色高跟鞋,蔡健雅,,3:27,055A804B8A3CCC05240D08F8FF1F7DE8,978459,https://www.kugou.com/yy/rank/home/4-8888.html?from=rank
2026-07-18,2026-07-18T14:27:54+08:00,酷狗音乐,热歌榜,酷狗TOP500,2026-07-18,79,后来,刘若英,,5:38,C4904D4E3BBA872D41D3BDBF597E2B18,16562,https://www.kugou.com/yy/rank/home/4-8888.html?from=rank
2026-07-18,2026-07-18T14:27:54+08:00,酷狗音乐,热歌榜,酷狗TOP500,2026-07-18,80,爱情讯息,郭静,,4:41,D8E857250D8EEA9C5FAFDAF7857640A5,971139,https://www.kugou.com/yy/rank/home/4-8888.html?from=rank
2026-07-18,2026-07-18T14:27:54+08:00,酷狗音乐,热歌榜,酷狗TOP500,2026-07-18,81,后来的我们,五月天,,5:46,09120C11A5C376EC7D1640098FA70CDC,1748942,https://www.kugou.com/yy/rank/home/4-8888.html?from=rank
2026-07-18,2026-07-18T14:27:54+08:00,酷狗音乐,热歌榜,酷狗TOP500,2026-07-18,82,We Don't Talk Anymore (Mr. Collipark Remix),Charlie Puth、Selena Gomez,,4:14,8F323B0610BE8D862B7CBB41C3398766,1746993,https://www.kugou.com/yy/rank/home/4-8888.html?from=rank
2026-07-18,2026-07-18T14:27:54+08:00,酷狗音乐,热歌榜,酷狗TOP500,2026-07-18,83,山歌追上云朵,央金拉姆,,3:35,B81F368C6B44B98B0E2B4E9F417F1002,193932928,https://www.kugou.com/yy/rank/home/4-8888.html?from=rank
2026-07-18,2026-07-18T14:27:54+08:00,酷狗音乐,热歌榜,酷狗TOP500,2026-07-18,84,窝囊废,刘凤瑶、曾一鸣、张玮、李琦、派克特,,4:36,FDBDA52CDFE3B16758698D657BCECC70,198643730,https://www.kugou.com/yy/rank/home/4-8888.html?from=rank
2026-07-18,2026-07-18T14:27:54+08:00,酷狗音乐,热歌榜,酷狗TOP500,2026-07-18,85,背对背拥抱,林俊杰,,3:55,C6B5A741051FCBC1AF7531CA2CEECC15,975828,https://www.kugou.com/yy/rank/home/4-8888.html?from=rank
2026-07-18,2026-07-18T14:27:54+08:00,酷狗音乐,热歌榜,酷狗TOP500,2026-07-18,86,下完这场雨,后弦,,4:31,2EEFFF98A4F19D945BBA7C78FB2079C0,1964990,https://www.kugou.com/yy/rank/home/4-8888.html?from=rank
2026-07-18,2026-07-18T14:27:54+08:00,酷狗音乐,热歌榜,酷狗TOP500,2026-07-18,87,认真的雪,薛之谦,,4:19,D2E00CC158DB4DA18927AC3B01CC371B,2689239,https://www.kugou.com/yy/rank/home/4-8888.html?from=rank
2026-07-18,2026-07-18T14:27:54+08:00,酷狗音乐,热歌榜,酷狗TOP500,2026-07-18,88,第57次取消发送,菲菲公主（陆绮菲）,,3:01,F17C489C53382E608F9CBB3ED9F6D2AA,137397074,https://www.kugou.com/yy/rank/home/4-8888.html?from=rank
2026-07-18,2026-07-18T14:27:54+08:00,酷狗音乐,热歌榜,酷狗TOP500,2026-07-18,89,江南,林俊杰,,4:28,819B74BD09009E0422B8F563E12BA96E,969588,https://www.kugou.com/yy/rank/home/5-8888.html?from=rank
2026-07-18,2026-07-18T14:27:54+08:00,酷狗音乐,热歌榜,酷狗TOP500,2026-07-18,90,野心家,张靓颖,,4:43,1789AD88CFDD254910125F22494C0E8B,161637189,https://www.kugou.com/yy/rank/home/5-8888.html?from=rank
2026-07-18,2026-07-18T14:27:54+08:00,酷狗音乐,热歌榜,酷狗TOP500,2026-07-18,91,我们俩,郭顶,,3:14,DD4D224BC3DBFD1A0F6E338928620E69,979601,https://www.kugou.com/yy/rank/home/5-8888.html?from=rank
2026-07-18,2026-07-18T14:27:54+08:00,酷狗音乐,热歌榜,酷狗TOP500,2026-07-18,92,特别的人,方大同,,4:19,0F7A79ADAAEEB6EA1DA3E19DD637FD73,965097,https://www.kugou.com/yy/rank/home/5-8888.html?from=rank
2026-07-18,2026-07-18T14:27:54+08:00,酷狗音乐,热歌榜,酷狗TOP500,2026-07-18,93,开始懂了,孙燕姿,,4:32,93F260998A10F4AD6B46606AF5C8EC72,972102,https://www.kugou.com/yy/rank/home/5-8888.html?from=rank
2026-07-18,2026-07-18T14:27:54+08:00,酷狗音乐,热歌榜,酷狗TOP500,2026-07-18,94,Baby,Justin Bieber、Ludacris,,3:37,493CD2904FAFDAEB8785CC83B8056F5A,508825,https://www.kugou.com/yy/rank/home/5-8888.html?from=rank
2026-07-18,2026-07-18T14:27:54+08:00,酷狗音乐,热歌榜,酷狗TOP500,2026-07-18,95,舍得,王唯旖,,4:22,62C406C76F45C3EF39F451F2C4F22D95,1944276,https://www.kugou.com/yy/rank/home/5-8888.html?from=rank
2026-07-18,2026-07-18T14:27:54+08:00,酷狗音乐,热歌榜,酷狗TOP500,2026-07-18,96,Always Online,林俊杰,,3:45,16A4E4895905B703AC0F31007A495D4C,963179,https://www.kugou.com/yy/rank/home/5-8888.html?from=rank
2026-07-18,2026-07-18T14:27:54+08:00,酷狗音乐,热歌榜,酷狗TOP500,2026-07-18,97,阳光下的星星,金海心,,4:44,8B60D8B58137C2D256DAA71B9D84C046,1738155,https://www.kugou.com/yy/rank/home/5-8888.html?from=rank
2026-07-18,2026-07-18T14:27:54+08:00,酷狗音乐,热歌榜,酷狗TOP500,2026-07-18,98,可不可以,张紫豪,,4:01,6079A2ACBA5E782FE24695FDFCDB1887,9618875,https://www.kugou.com/yy/rank/home/5-8888.html?from=rank
2026-07-18,2026-07-18T14:27:54+08:00,酷狗音乐,热歌榜,酷狗TOP500,2026-07-18,99,月满西楼约,如梦,,3:53,9D46CB34459F26B7D109F52BF0A68472,182028898,https://www.kugou.com/yy/rank/home/5-8888.html?from=rank
2026-07-18,2026-07-18T14:27:54+08:00,酷狗音乐,热歌榜,酷狗TOP500,2026-07-18,100,NIGHT DANCER,imase,,3:31,572C3807BF90891332ED77A72DB74272,59918395,https://www.kugou.com/yy/rank/home/5-8888.html?from=rank
2026-07-18,2026-07-18T14:27:54+08:00,酷狗音乐,热歌榜,酷狗TOP500,2026-07-18,101,西乌旗99号公路,LunaLiu刘不语、张川海,,3:29,F65BB0D87F5543387A50AEEBF55A1E8A,185310075,https://www.kugou.com/yy/rank/home/5-8888.html?from=rank
2026-07-18,2026-07-18T14:27:54+08:00,酷狗音乐,热歌榜,酷狗TOP500,2026-07-18,102,夜曲,周杰伦,,3:47,16C8AB298231370293D16BCF9E5FF9B6,958909,https://www.kugou.com/yy/rank/home/5-8888.html?from=rank
2026-07-18,2026-07-18T14:27:54+08:00,酷狗音乐,热歌榜,酷狗TOP500,2026-07-18,103,有些,颜人中,,3:49,D79E556C176AE1A3ADE8B532810C4CE8,34604592,https://www.kugou.com/yy/rank/home/5-8888.html?from=rank
2026-07-18,2026-07-18T14:27:54+08:00,酷狗音乐,热歌榜,酷狗TOP500,2026-07-18,104,七里香,周杰伦,,4:59,2C7CEB6CC2340ECC8948E0ACE62F0CF8,971783,https://www.kugou.com/yy/rank/home/5-8888.html?from=rank
2026-07-18,2026-07-18T14:27:54+08:00,酷狗音乐,热歌榜,酷狗TOP500,2026-07-18,105,猜不透,丁当,,3:53,B1B4CC4F4E90134603CE66CBCF8FA73B,973244,https://www.kugou.com/yy/rank/home/5-8888.html?from=rank
2026-07-18,2026-07-18T14:27:54+08:00,酷狗音乐,热歌榜,酷狗TOP500,2026-07-18,106,勇气,梁静茹,,3:59,A4D0C350CF4475BFBB0AB28DC6E25A8D,973299,https://www.kugou.com/yy/rank/home/5-8888.html?from=rank
2026-07-18,2026-07-18T14:27:54+08:00,酷狗音乐,热歌榜,酷狗TOP500,2026-07-18,107,十年,陈奕迅,,3:25,5146461A5717B942F4B13125978618E3,504194,https://www.kugou.com/yy/rank/home/5-8888.html?from=rank
2026-07-18,2026-07-18T14:27:54+08:00,酷狗音乐,热歌榜,酷狗TOP500,2026-07-18,108,富士山下,陈奕迅,,4:19,0433F1A94FA162B20FB8AE576A951D6B,976404,https://www.kugou.com/yy/rank/home/5-8888.html?from=rank
2026-07-18,2026-07-18T14:27:54+08:00,酷狗音乐,热歌榜,酷狗TOP500,2026-07-18,109,带我走,杨丞琳,,4:50,0C57DE35C3CB2A32A8CF634E4F8309C4,975441,https://www.kugou.com/yy/rank/home/5-8888.html?from=rank
2026-07-18,2026-07-18T14:27:54+08:00,酷狗音乐,热歌榜,酷狗TOP500,2026-07-18,110,疑心病,任然,,4:43,9D8C7468BE4391B85794617090585646,1818864,https://www.kugou.com/yy/rank/home/5-8888.html?from=rank
2026-07-18,2026-07-18T14:27:54+08:00,酷狗音乐,热歌榜,酷狗TOP500,2026-07-18,111,你短暂出现又匆忙离开,金娇儿,,3:35,B863E216B5F770A4C8CE07A44178A9B5,198472263,https://www.kugou.com/yy/rank/home/6-8888.html?from=rank
2026-07-18,2026-07-18T14:27:54+08:00,酷狗音乐,热歌榜,酷狗TOP500,2026-07-18,112,Copines,Aya Nakamura,,2:52,1CDA977A7FC0BCCC23BC7DF4D0194389,39155596,https://www.kugou.com/yy/rank/home/6-8888.html?from=rank
2026-07-18,2026-07-18T14:27:54+08:00,酷狗音乐,热歌榜,酷狗TOP500,2026-07-18,113,如愿,王菲,,4:25,EC1A18BBD6B61CB203E656B91F5CF2D1,49057589,https://www.kugou.com/yy/rank/home/6-8888.html?from=rank
2026-07-18,2026-07-18T14:27:54+08:00,酷狗音乐,热歌榜,酷狗TOP500,2026-07-18,114,海阔天空,BEYOND,,5:25,C41E80A18D1448FA47086372999C7F43,973001,https://www.kugou.com/yy/rank/home/6-8888.html?from=rank
2026-07-18,2026-07-18T14:27:54+08:00,酷狗音乐,热歌榜,酷狗TOP500,2026-07-18,115,会呼吸的痛,梁静茹,,4:32,1EB00DC46AE8E1446B6A9860A56487AC,500574,https://www.kugou.com/yy/rank/home/6-8888.html?from=rank
2026-07-18,2026-07-18T14:27:54+08:00,酷狗音乐,热歌榜,酷狗TOP500,2026-07-18,116,退后,周杰伦,,4:22,5971DE0B235D5B2708D6A6FEB3D31B6F,965291,https://www.kugou.com/yy/rank/home/6-8888.html?from=rank
2026-07-18,2026-07-18T14:27:54+08:00,酷狗音乐,热歌榜,酷狗TOP500,2026-07-18,117,老男孩,筷子兄弟,,4:59,EB494F1F9199AA29F66E056F116D2F1C,17165001,https://www.kugou.com/yy/rank/home/6-8888.html?from=rank
2026-07-18,2026-07-18T14:27:54+08:00,酷狗音乐,热歌榜,酷狗TOP500,2026-07-18,118,过火,张信哲,,5:02,E34CBC6EBE64B9EE9ADB5C46E2178A84,982639,https://www.kugou.com/yy/rank/home/6-8888.html?from=rank
2026-07-18,2026-07-18T14:27:54+08:00,酷狗音乐,热歌榜,酷狗TOP500,2026-07-18,119,碎碎念,队长,,2:13,A823AE8D84854FD2EB5B8E599D1263FA,79831015,https://www.kugou.com/yy/rank/home/6-8888.html?from=rank
2026-07-18,2026-07-18T14:27:54+08:00,酷狗音乐,热歌榜,酷狗TOP500,2026-07-18,120,青花,周传雄,,4:58,09B46455BAE7C613ABD0DB362A5DDBDE,960448,https://www.kugou.com/yy/rank/home/6-8888.html?from=rank
2026-07-18,2026-07-18T14:27:54+08:00,酷狗音乐,热歌榜,酷狗TOP500,2026-07-18,121,多远都要在一起,G.E.M. 邓紫棋,,3:38,A0AE93E5D475CBC7B52C6F45A7403F98,555825,https://www.kugou.com/yy/rank/home/6-8888.html?from=rank
2026-07-18,2026-07-18T14:27:54+08:00,酷狗音乐,热歌榜,酷狗TOP500,2026-07-18,122,素颜,许嵩、何曼婷,,3:59,30C94AE2868E63B1058DA7685E0CDF3B,13264539,https://www.kugou.com/yy/rank/home/6-8888.html?from=rank
2026-07-18,2026-07-18T14:27:54+08:00,酷狗音乐,热歌榜,酷狗TOP500,2026-07-18,123,不将就,李荣浩,,5:12,E5F0905C662872A9B05A423FD1ED48B5,1004040,https://www.kugou.com/yy/rank/home/6-8888.html?from=rank
2026-07-18,2026-07-18T14:27:54+08:00,酷狗音乐,热歌榜,酷狗TOP500,2026-07-18,124,兰亭序,周杰伦,,4:14,4EC10B1B7B9BEB2F0ADB89BBEC5F664B,960399,https://www.kugou.com/yy/rank/home/6-8888.html?from=rank
2026-07-18,2026-07-18T14:27:54+08:00,酷狗音乐,热歌榜,酷狗TOP500,2026-07-18,125,泡沫 (G.E.M.重生版),G.E.M. 邓紫棋,,4:18,53F2510610AC38F0C15F73B2605E5CEE,150256944,https://www.kugou.com/yy/rank/home/6-8888.html?from=rank
2026-07-18,2026-07-18T14:27:54+08:00,酷狗音乐,热歌榜,酷狗TOP500,2026-07-18,126,相见恨晚,彭佳慧,,4:15,01214FB85BAF49AB74F10AFA4C363540,977553,https://www.kugou.com/yy/rank/home/6-8888.html?from=rank
2026-07-18,2026-07-18T14:27:54+08:00,酷狗音乐,热歌榜,酷狗TOP500,2026-07-18,127,我只要我开心,时代少年团,,3:49,AC8E2BA224B8F65849F31A7D644DF6D9,198911799,https://www.kugou.com/yy/rank/home/6-8888.html?from=rank
2026-07-18,2026-07-18T14:27:54+08:00,酷狗音乐,热歌榜,酷狗TOP500,2026-07-18,128,勋章,鹿晗,,3:34,6FB3EB3F13CD64DF6E9784F6E487BAB1,2059004,https://www.kugou.com/yy/rank/home/6-8888.html?from=rank
2026-07-18,2026-07-18T14:27:54+08:00,酷狗音乐,热歌榜,酷狗TOP500,2026-07-18,129,此生不换,青鸟飞鱼,,4:26,F73630B79647324AB3415C21BFA5BD3D,553897,https://www.kugou.com/yy/rank/home/6-8888.html?from=rank
2026-07-18,2026-07-18T14:27:54+08:00,酷狗音乐,热歌榜,酷狗TOP500,2026-07-18,130,至少还有你,林忆莲,,4:35,BA9D67DAB59FA6DCE243F4B6B70ACA95,967340,https://www.kugou.com/yy/rank/home/6-8888.html?from=rank
2026-07-18,2026-07-18T14:27:54+08:00,酷狗音乐,热歌榜,酷狗TOP500,2026-07-18,131,出现又离开 (Live),梁博,,6:43,DEAB3B0160E9A410CE0AAA9ED8AC602E,19284949,https://www.kugou.com/yy/rank/home/6-8888.html?from=rank
2026-07-18,2026-07-18T14:27:54+08:00,酷狗音乐,热歌榜,酷狗TOP500,2026-07-18,132,千千阕歌,陈慧娴,,5:01,81E5A1C3B9E016D61FE91B809B4A7DC1,971621,https://www.kugou.com/yy/rank/home/6-8888.html?from=rank
2026-07-18,2026-07-18T14:27:54+08:00,酷狗音乐,热歌榜,酷狗TOP500,2026-07-18,133,一直下,陈宇祥,,2:59,90D1389A725B29EDA4714BACB6450C94,198016246,https://www.kugou.com/yy/rank/home/7-8888.html?from=rank
2026-07-18,2026-07-18T14:27:54+08:00,酷狗音乐,热歌榜,酷狗TOP500,2026-07-18,134,花海,周杰伦,,4:25,3328808CECBD1A1038166003840FDDD7,960399,https://www.kugou.com/yy/rank/home/7-8888.html?from=rank
2026-07-18,2026-07-18T14:27:54+08:00,酷狗音乐,热歌榜,酷狗TOP500,2026-07-18,135,春娇与志明,街道办GDC、欧阳耀莹,,3:24,E84947402A5E0952FA067566C10264CB,8543461,https://www.kugou.com/yy/rank/home/7-8888.html?from=rank
2026-07-18,2026-07-18T14:27:54+08:00,酷狗音乐,热歌榜,酷狗TOP500,2026-07-18,136,那时雨,徐良,,3:34,CE76C60251F6193BC5BBA5B46B977747,16900987,https://www.kugou.com/yy/rank/home/7-8888.html?from=rank
2026-07-18,2026-07-18T14:27:54+08:00,酷狗音乐,热歌榜,酷狗TOP500,2026-07-18,137,落了白,蒋雪儿Snow.J,,3:01,74390D89B6BD2E18CFD7F25968EFD98A,40300587,https://www.kugou.com/yy/rank/home/7-8888.html?from=rank
2026-07-18,2026-07-18T14:27:54+08:00,酷狗音乐,热歌榜,酷狗TOP500,2026-07-18,138,我走后,小咪,,4:08,00751DE0946619BCDE4A4E15397F2A15,22216764,https://www.kugou.com/yy/rank/home/7-8888.html?from=rank
2026-07-18,2026-07-18T14:27:54+08:00,酷狗音乐,热歌榜,酷狗TOP500,2026-07-18,139,戒烟,李荣浩,,4:54,AF36A623D725B98893DAEFDF8010F22E,49390931,https://www.kugou.com/yy/rank/home/7-8888.html?from=rank
2026-07-18,2026-07-18T14:27:54+08:00,酷狗音乐,热歌榜,酷狗TOP500,2026-07-18,140,美人鱼,林俊杰,,4:14,CDAE8C7E2FAF7F08DC18E78A1D65117B,969588,https://www.kugou.com/yy/rank/home/7-8888.html?from=rank
2026-07-18,2026-07-18T14:27:54+08:00,酷狗音乐,热歌榜,酷狗TOP500,2026-07-18,141,香烟与吻痕 (我在月光下许过情真),黄龄,,3:48,E846D1F54C3125EDE925EDD67A8671BC,198019905,https://www.kugou.com/yy/rank/home/7-8888.html?from=rank
2026-07-18,2026-07-18T14:27:54+08:00,酷狗音乐,热歌榜,酷狗TOP500,2026-07-18,142,说好的幸福呢,周杰伦,,4:17,892B7AD62499C97A1A994454423E30F6,960399,https://www.kugou.com/yy/rank/home/7-8888.html?from=rank
2026-07-18,2026-07-18T14:27:54+08:00,酷狗音乐,热歌榜,酷狗TOP500,2026-07-18,143,亲爱的不要哭,曹雨航,,3:45,78FE176FBAE1ED5497D88482CE3379C2,198959013,https://www.kugou.com/yy/rank/home/7-8888.html?from=rank
2026-07-18,2026-07-18T14:27:54+08:00,酷狗音乐,热歌榜,酷狗TOP500,2026-07-18,144,秋天不回来,王强,,4:14,81056FF4FC4F2D0A0E9B38757A60D2F7,81746524,https://www.kugou.com/yy/rank/home/7-8888.html?from=rank
2026-07-18,2026-07-18T14:27:54+08:00,酷狗音乐,热歌榜,酷狗TOP500,2026-07-18,145,Radio (Dum-Dum),宋雨琦 (YUQI),,2:32,E8FFC3F649DA4476E2CEABFF3F94D103,140913986,https://www.kugou.com/yy/rank/home/7-8888.html?from=rank
2026-07-18,2026-07-18T14:27:54+08:00,酷狗音乐,热歌榜,酷狗TOP500,2026-07-18,146,讲不出再见,谭咏麟,,4:54,2E0BFDC7BA2F759B0208A58CB2C26523,2337635,https://www.kugou.com/yy/rank/home/7-8888.html?from=rank
2026-07-18,2026-07-18T14:27:54+08:00,酷狗音乐,热歌榜,酷狗TOP500,2026-07-18,147,奢香夫人,凤凰传奇,,4:20,478C572FC9E2E15777A41260DEE293A0,984412,https://www.kugou.com/yy/rank/home/7-8888.html?from=rank
2026-07-18,2026-07-18T14:27:54+08:00,酷狗音乐,热歌榜,酷狗TOP500,2026-07-18,148,踏马寻花向自由,半吨兄弟,,2:59,6DD4615AB1A9D1C595CCC15E16597434,198491409,https://www.kugou.com/yy/rank/home/7-8888.html?from=rank
2026-07-18,2026-07-18T14:27:54+08:00,酷狗音乐,热歌榜,酷狗TOP500,2026-07-18,149,说了再见,周杰伦,,4:43,966C718DA96EE29B3B466F773BFA9E2F,958812,https://www.kugou.com/yy/rank/home/7-8888.html?from=rank
2026-07-18,2026-07-18T14:27:54+08:00,酷狗音乐,热歌榜,酷狗TOP500,2026-07-18,150,一路向北,周杰伦,,4:54,F73F22FB046CA1A135C70417163AF82E,1739223,https://www.kugou.com/yy/rank/home/7-8888.html?from=rank
2026-07-18,2026-07-18T14:27:54+08:00,酷狗音乐,热歌榜,酷狗TOP500,2026-07-18,151,夏天的风,温岚,,4:01,50AF6B58086928F4A94170AFFAA12A2D,2997111,https://www.kugou.com/yy/rank/home/7-8888.html?from=rank
2026-07-18,2026-07-18T14:27:54+08:00,酷狗音乐,热歌榜,酷狗TOP500,2026-07-18,152,喜欢,阿肆,,4:10,F4233033E11BEF5AECD3BD64528A8236,14167090,https://www.kugou.com/yy/rank/home/7-8888.html?from=rank
2026-07-18,2026-07-18T14:27:54+08:00,酷狗音乐,热歌榜,酷狗TOP500,2026-07-18,153,月满西楼约 (旧路上的晚风啊),巴扎黑,,3:04,A8DB5E6E3487950C5AEBDB39BD475885,198903589,https://www.kugou.com/yy/rank/home/7-8888.html?from=rank
2026-07-18,2026-07-18T14:27:54+08:00,酷狗音乐,热歌榜,酷狗TOP500,2026-07-18,154,表白,萧亚轩,,3:29,0521A7354DF37C1C9705A3E3FD204B95,18052287,https://www.kugou.com/yy/rank/home/7-8888.html?from=rank
2026-07-18,2026-07-18T14:27:54+08:00,酷狗音乐,热歌榜,酷狗TOP500,2026-07-18,155,去年夏天,王大毛,,4:05,5CD03A78A74761494A39CADFAA832550,8542577,https://www.kugou.com/yy/rank/home/8-8888.html?from=rank
2026-07-18,2026-07-18T14:27:54+08:00,酷狗音乐,热歌榜,酷狗TOP500,2026-07-18,156,IF YOU,BIGBANG,,4:24,33C5FC6AB3AF0B5B142F12C9556CB178,549436,https://www.kugou.com/yy/rank/home/8-8888.html?from=rank
2026-07-18,2026-07-18T14:27:54+08:00,酷狗音乐,热歌榜,酷狗TOP500,2026-07-18,157,蒲公英的约定,周杰伦,,4:07,6996B4D89596673746AEE3D54F7E5367,979856,https://www.kugou.com/yy/rank/home/8-8888.html?from=rank
2026-07-18,2026-07-18T14:27:54+08:00,酷狗音乐,热歌榜,酷狗TOP500,2026-07-18,158,体面,于文文,,4:43,0F57843484D3AF06AAEA623D66BB286C,8149034,https://www.kugou.com/yy/rank/home/8-8888.html?from=rank
2026-07-18,2026-07-18T14:27:54+08:00,酷狗音乐,热歌榜,酷狗TOP500,2026-07-18,159,发如雪,周杰伦,,4:59,1F7E7659B9FFF4FB6F71562A61BBC25F,958909,https://www.kugou.com/yy/rank/home/8-8888.html?from=rank
2026-07-18,2026-07-18T14:27:54+08:00,酷狗音乐,热歌榜,酷狗TOP500,2026-07-18,160,遇见,孙燕姿,,3:31,9F865C787E90E013B2BC847BAAA306AA,964325,https://www.kugou.com/yy/rank/home/8-8888.html?from=rank
2026-07-18,2026-07-18T14:27:54+08:00,酷狗音乐,热歌榜,酷狗TOP500,2026-07-18,161,枫,周杰伦,,4:36,0D7E8C11C961A17EB8779FEB0CA772E3,958909,https://www.kugou.com/yy/rank/home/8-8888.html?from=rank
2026-07-18,2026-07-18T14:27:54+08:00,酷狗音乐,热歌榜,酷狗TOP500,2026-07-18,162,沦陷,贾格JuggShots,,3:04,64C2E5D33BE5F53758F3E96DC8EEC3C3,95717116,https://www.kugou.com/yy/rank/home/8-8888.html?from=rank
2026-07-18,2026-07-18T14:27:54+08:00,酷狗音乐,热歌榜,酷狗TOP500,2026-07-18,163,葡萄未熟时,鱼蛋,,3:07,B5723E905878078F72A7B1634BF86DB1,197239274,https://www.kugou.com/yy/rank/home/8-8888.html?from=rank
2026-07-18,2026-07-18T14:27:54+08:00,酷狗音乐,热歌榜,酷狗TOP500,2026-07-18,164,灰色轨迹,BEYOND,,5:28,4476FAA4B6567CCC2292BFBBCA93CB9C,39629213,https://www.kugou.com/yy/rank/home/8-8888.html?from=rank
2026-07-18,2026-07-18T14:27:54+08:00,酷狗音乐,热歌榜,酷狗TOP500,2026-07-18,165,烟花易冷,周杰伦,,4:23,B9FC03DF9015D6BFF0554A110BF2C84F,958812,https://www.kugou.com/yy/rank/home/8-8888.html?from=rank
2026-07-18,2026-07-18T14:27:54+08:00,酷狗音乐,热歌榜,酷狗TOP500,2026-07-18,166,茶花开了,王睿卓,,4:30,007A7A8EAFA3FF9EA51EF6A767AC3497,130468077,https://www.kugou.com/yy/rank/home/8-8888.html?from=rank
2026-07-18,2026-07-18T14:27:54+08:00,酷狗音乐,热歌榜,酷狗TOP500,2026-07-18,167,那天下雨了,周杰伦,,3:43,1335F720C701863F127FB14CCC9C08A2,179652761,https://www.kugou.com/yy/rank/home/8-8888.html?from=rank
2026-07-18,2026-07-18T14:27:54+08:00,酷狗音乐,热歌榜,酷狗TOP500,2026-07-18,168,租购,薛之谦,,4:31,B96A6102B2238E21C463E96A7D81E840,130133801,https://www.kugou.com/yy/rank/home/8-8888.html?from=rank
2026-07-18,2026-07-18T14:27:54+08:00,酷狗音乐,热歌榜,酷狗TOP500,2026-07-18,169,成都,赵雷,,5:28,A06B033B356BFC974C5245D0195086A5,1802652,https://www.kugou.com/yy/rank/home/8-8888.html?from=rank
2026-07-18,2026-07-18T14:27:54+08:00,酷狗音乐,热歌榜,酷狗TOP500,2026-07-18,170,可惜没如果,林俊杰,,4:58,57D6EAF8F7E593A2C4B780D8045DE5C1,542795,https://www.kugou.com/yy/rank/home/8-8888.html?from=rank
2026-07-18,2026-07-18T14:27:54+08:00,酷狗音乐,热歌榜,酷狗TOP500,2026-07-18,171,Head In You,MIKS,,2:21,4B24CCB71C728ABAB98B4B19759EFE9F,195574210,https://www.kugou.com/yy/rank/home/8-8888.html?from=rank
2026-07-18,2026-07-18T14:27:54+08:00,酷狗音乐,热歌榜,酷狗TOP500,2026-07-18,172,是你没选我啊,音乐科代表洪嘉源,,3:07,65D611715B7CC7131E6629F5E1745544,172307133,https://www.kugou.com/yy/rank/home/8-8888.html?from=rank
2026-07-18,2026-07-18T14:27:54+08:00,酷狗音乐,热歌榜,酷狗TOP500,2026-07-18,173,最爱,周慧敏,,4:25,DBC221919A9686F684F90E1920179363,568311,https://www.kugou.com/yy/rank/home/8-8888.html?from=rank
2026-07-18,2026-07-18T14:27:54+08:00,酷狗音乐,热歌榜,酷狗TOP500,2026-07-18,174,在你的身边,盛哲,,4:22,38698C9A8BB6637CDDE413C6E210FA54,4128050,https://www.kugou.com/yy/rank/home/8-8888.html?from=rank
2026-07-18,2026-07-18T14:27:54+08:00,酷狗音乐,热歌榜,酷狗TOP500,2026-07-18,175,童话,光良,,4:04,472FF9D57BCE90288EC88CBE100BCB2A,974097,https://www.kugou.com/yy/rank/home/8-8888.html?from=rank
2026-07-18,2026-07-18T14:27:54+08:00,酷狗音乐,热歌榜,酷狗TOP500,2026-07-18,176,关不上的窗,周传雄,,4:53,C9FF4C5E86A76043F004E3BB17E08942,982655,https://www.kugou.com/yy/rank/home/8-8888.html?from=rank
2026-07-18,2026-07-18T14:27:54+08:00,酷狗音乐,热歌榜,酷狗TOP500,2026-07-18,177,情人,蔡徐坤,,3:15,120F234213ACB64E202B391612D5D9CA,37760326,https://www.kugou.com/yy/rank/home/9-8888.html?from=rank
2026-07-18,2026-07-18T14:27:54+08:00,酷狗音乐,热歌榜,酷狗TOP500,2026-07-18,178,不该 (with aMEI),周杰伦、张惠妹,,4:51,FCF336E81DA45A8E696032FFC1708175,1645030,https://www.kugou.com/yy/rank/home/9-8888.html?from=rank
2026-07-18,2026-07-18T14:27:54+08:00,酷狗音乐,热歌榜,酷狗TOP500,2026-07-18,179,珊瑚海,周杰伦、Lara梁心颐,,4:16,90E34F0C582168E7EA857915771AB220,958909,https://www.kugou.com/yy/rank/home/9-8888.html?from=rank
2026-07-18,2026-07-18T14:27:54+08:00,酷狗音乐,热歌榜,酷狗TOP500,2026-07-18,180,是我不够好,李毓芬,,3:37,2B152C85BA2B73CBC79EA722928EF425,1590098,https://www.kugou.com/yy/rank/home/9-8888.html?from=rank
2026-07-18,2026-07-18T14:27:54+08:00,酷狗音乐,热歌榜,酷狗TOP500,2026-07-18,181,一生所爱,卢冠廷、莫文蔚,,4:34,C965B31DB9B5F4E4DB94DC071830C78F,3995801,https://www.kugou.com/yy/rank/home/9-8888.html?from=rank
2026-07-18,2026-07-18T14:27:54+08:00,酷狗音乐,热歌榜,酷狗TOP500,2026-07-18,182,广东爱情故事,广东雨神,,3:34,7A2956668C7D5393FF16AD930C23F2FD,4162049,https://www.kugou.com/yy/rank/home/9-8888.html?from=rank
2026-07-18,2026-07-18T14:27:54+08:00,酷狗音乐,热歌榜,酷狗TOP500,2026-07-18,183,再爱你也没用,范贵宾,,3:29,BDBD97AB8C5069D49A5159EB7EC60A72,197763885,https://www.kugou.com/yy/rank/home/9-8888.html?from=rank
2026-07-18,2026-07-18T14:27:54+08:00,酷狗音乐,热歌榜,酷狗TOP500,2026-07-18,184,失控,井迪,,4:15,44FE8C442EB1F254D15717F1DC03C9BF,40221609,https://www.kugou.com/yy/rank/home/9-8888.html?from=rank
2026-07-18,2026-07-18T14:27:54+08:00,酷狗音乐,热歌榜,酷狗TOP500,2026-07-18,185,也许在下雨天 (眼泪才不被看见),何遇Hayu、Crybird,,3:47,18D96FA29BBCB2873400BEAB17B817CF,194623547,https://www.kugou.com/yy/rank/home/9-8888.html?from=rank
2026-07-18,2026-07-18T14:27:54+08:00,酷狗音乐,热歌榜,酷狗TOP500,2026-07-18,186,曾经的你,许巍,,4:21,8D27A0FD0D8B6A9059D3FEEC95E2088D,976268,https://www.kugou.com/yy/rank/home/9-8888.html?from=rank
2026-07-18,2026-07-18T14:27:54+08:00,酷狗音乐,热歌榜,酷狗TOP500,2026-07-18,187,我知道,BY2,,4:10,A225CDE22D07C38D381AC212633BE757,530437,https://www.kugou.com/yy/rank/home/9-8888.html?from=rank
2026-07-18,2026-07-18T14:27:54+08:00,酷狗音乐,热歌榜,酷狗TOP500,2026-07-18,188,无人之岛 (Live),罗云熙、姚晓棠,,4:59,19F7AEFC2BF737FB96D10AFF60512035,198905696,https://www.kugou.com/yy/rank/home/9-8888.html?from=rank
2026-07-18,2026-07-18T14:27:54+08:00,酷狗音乐,热歌榜,酷狗TOP500,2026-07-18,189,先说爱的人为什么先离开,田园,,3:40,6379393814B0A74AB7B87B2FA9E87689,107655422,https://www.kugou.com/yy/rank/home/9-8888.html?from=rank
2026-07-18,2026-07-18T14:27:54+08:00,酷狗音乐,热歌榜,酷狗TOP500,2026-07-18,190,只对你有感觉,飞轮海、田馥甄,,3:59,180D6E82A1AEFEDF10BE440454956E1F,556347,https://www.kugou.com/yy/rank/home/9-8888.html?from=rank
2026-07-18,2026-07-18T14:27:54+08:00,酷狗音乐,热歌榜,酷狗TOP500,2026-07-18,191,一样的月光,徐佳莹,,4:00,F6B097E66D65A9B20453B46E4E5D9EBE,972101,https://www.kugou.com/yy/rank/home/9-8888.html?from=rank
2026-07-18,2026-07-18T14:27:54+08:00,酷狗音乐,热歌榜,酷狗TOP500,2026-07-18,192,我不难过,孙燕姿,,5:20,3FD7E1EC51122C745C637735C8BDE716,965883,https://www.kugou.com/yy/rank/home/9-8888.html?from=rank
2026-07-18,2026-07-18T14:27:54+08:00,酷狗音乐,热歌榜,酷狗TOP500,2026-07-18,193,牵丝戏,银临、Aki阿杰,,3:59,5E7FF596F7D6021DA63AF36E91BECE4B,568968,https://www.kugou.com/yy/rank/home/9-8888.html?from=rank
2026-07-18,2026-07-18T14:27:54+08:00,酷狗音乐,热歌榜,酷狗TOP500,2026-07-18,194,你瞒我瞒,陈柏宇,,3:58,E8EE57D671769402710C4FF9259D841F,965453,https://www.kugou.com/yy/rank/home/9-8888.html?from=rank
2026-07-18,2026-07-18T14:27:54+08:00,酷狗音乐,热歌榜,酷狗TOP500,2026-07-18,195,最后一页,江语晨,,4:06,EF053996094A323B42C35195E9781A30,1596655,https://www.kugou.com/yy/rank/home/9-8888.html?from=rank
2026-07-18,2026-07-18T14:27:54+08:00,酷狗音乐,热歌榜,酷狗TOP500,2026-07-18,196,不如见一面,海来阿木,,4:08,A8CC7F0EA73DE4DE226B26C3F44DD563,80038154,https://www.kugou.com/yy/rank/home/9-8888.html?from=rank
2026-07-18,2026-07-18T14:27:54+08:00,酷狗音乐,热歌榜,酷狗TOP500,2026-07-18,197,九百九十九朵玫瑰 (r&b),落日微醺,,4:07,0969B2B26405C8DDEC7C72292F794D48,184352572,https://www.kugou.com/yy/rank/home/9-8888.html?from=rank
2026-07-18,2026-07-18T14:27:54+08:00,酷狗音乐,热歌榜,酷狗TOP500,2026-07-18,198,下一个天亮,郭静,,4:27,7E2AD47232E7148C642B6836041826C9,971139,https://www.kugou.com/yy/rank/home/9-8888.html?from=rank
2026-07-18,2026-07-18T14:27:54+08:00,酷狗音乐,热歌榜,酷狗TOP500,2026-07-18,199,老人与海,海鸣威、吴琼,,4:26,64550F3E833ABE710545EA84FC82754E,1778632,https://www.kugou.com/yy/rank/home/10-8888.html?from=rank
2026-07-18,2026-07-18T14:27:54+08:00,酷狗音乐,热歌榜,酷狗TOP500,2026-07-18,200,Love Story,Taylor Swift,,3:56,193B72D4456A4CC02A3DE7C673FC4E23,13721135,https://www.kugou.com/yy/rank/home/10-8888.html?from=rank
2026-07-18,2026-07-18T14:27:54+08:00,酷狗音乐,热歌榜,酷狗TOP500,2026-07-18,201,世界上的另一个我,阿肆、郭采洁,,3:58,73C0E5566146583A631C9A94203405D6,4255765,https://www.kugou.com/yy/rank/home/10-8888.html?from=rank
2026-07-18,2026-07-18T14:27:54+08:00,酷狗音乐,热歌榜,酷狗TOP500,2026-07-18,202,飞鸟和蝉,任然,,4:56,EB5F5AF3993F6537F2C70B959F2DCD6B,38339036,https://www.kugou.com/yy/rank/home/10-8888.html?from=rank
2026-07-18,2026-07-18T14:27:54+08:00,酷狗音乐,热歌榜,酷狗TOP500,2026-07-18,203,迷人的危险,Dance Flow,,3:26,0F666EF632DB9404308219BE5AAE43B4,551560,https://www.kugou.com/yy/rank/home/10-8888.html?from=rank
2026-07-18,2026-07-18T14:27:54+08:00,酷狗音乐,热歌榜,酷狗TOP500,2026-07-18,204,阿衣莫,阿吉太组合,,5:14,6994BA45B41271F48D78881D674EDCF7,4138802,https://www.kugou.com/yy/rank/home/10-8888.html?from=rank
2026-07-18,2026-07-18T14:27:54+08:00,酷狗音乐,热歌榜,酷狗TOP500,2026-07-18,205,你还要我怎样,薛之谦,,5:11,8C6AAC48FB5C3759042E4C8699544C6F,960327,https://www.kugou.com/yy/rank/home/10-8888.html?from=rank
2026-07-18,2026-07-18T14:27:54+08:00,酷狗音乐,热歌榜,酷狗TOP500,2026-07-18,206,我是真的爱上你,王杰,,5:03,7C353B672AC945A3FE56022000A239FE,2996801,https://www.kugou.com/yy/rank/home/10-8888.html?from=rank
2026-07-18,2026-07-18T14:27:54+08:00,酷狗音乐,热歌榜,酷狗TOP500,2026-07-18,207,琵琶行,奇然、沈谧仁,,5:35,0AB355EF75A56A57E1790734B2E26ED9,2563381,https://www.kugou.com/yy/rank/home/10-8888.html?from=rank
2026-07-18,2026-07-18T14:27:54+08:00,酷狗音乐,热歌榜,酷狗TOP500,2026-07-18,208,不要在我寂寞的时候说爱我 (funky版),Bobo博official,,2:24,5E043A1E610CC92EC4D10816861667F8,180788163,https://www.kugou.com/yy/rank/home/10-8888.html?from=rank
2026-07-18,2026-07-18T14:27:54+08:00,酷狗音乐,热歌榜,酷狗TOP500,2026-07-18,209,明明就,周杰伦,,4:20,D85C14E02008B7A2F97D55CDC29C2221,982051,https://www.kugou.com/yy/rank/home/10-8888.html?from=rank
2026-07-18,2026-07-18T14:27:54+08:00,酷狗音乐,热歌榜,酷狗TOP500,2026-07-18,210,静音恋人 (两颗缠绕的心),礼越,,3:26,61F7ABEFA41C847C8F237C68883027CA,183361126,https://www.kugou.com/yy/rank/home/10-8888.html?from=rank
2026-07-18,2026-07-18T14:27:54+08:00,酷狗音乐,热歌榜,酷狗TOP500,2026-07-18,211,那些你很冒险的梦,林俊杰,,4:05,468A823BD25A585841F4BC5ED3EF945B,977237,https://www.kugou.com/yy/rank/home/10-8888.html?from=rank
2026-07-18,2026-07-18T14:27:54+08:00,酷狗音乐,热歌榜,酷狗TOP500,2026-07-18,212,起风了,买辣椒也用券,,5:26,5C035CBF390FEF6B536020A57749EF70,53218722,https://www.kugou.com/yy/rank/home/10-8888.html?from=rank
2026-07-18,2026-07-18T14:27:54+08:00,酷狗音乐,热歌榜,酷狗TOP500,2026-07-18,213,雪下的时候,乔佳旭,,4:24,F6B3AA5971A01E755A344C2256606418,35913748,https://www.kugou.com/yy/rank/home/10-8888.html?from=rank
2026-07-18,2026-07-18T14:27:54+08:00,酷狗音乐,热歌榜,酷狗TOP500,2026-07-18,214,天外来物,薛之谦,,4:17,761C1EAFBD1E22504B487F84D2152DF5,40890018,https://www.kugou.com/yy/rank/home/10-8888.html?from=rank
2026-07-18,2026-07-18T14:27:54+08:00,酷狗音乐,热歌榜,酷狗TOP500,2026-07-18,215,有何不可,许嵩,,4:01,B3D5D7D3A140628D1605BD392467E348,973251,https://www.kugou.com/yy/rank/home/10-8888.html?from=rank
2026-07-18,2026-07-18T14:27:54+08:00,酷狗音乐,热歌榜,酷狗TOP500,2026-07-18,216,Lonely,Nana,,6:21,3514D26D3754FAF4949A3C40F4BBDA63,45833884,https://www.kugou.com/yy/rank/home/10-8888.html?from=rank
2026-07-18,2026-07-18T14:27:54+08:00,酷狗音乐,热歌榜,酷狗TOP500,2026-07-18,217,也许在下雨天 (氛围版),晚月moon,,3:31,0CB347FCE5634E129B99A00DBC874274,198025603,https://www.kugou.com/yy/rank/home/10-8888.html?from=rank
2026-07-18,2026-07-18T14:27:54+08:00,酷狗音乐,热歌榜,酷狗TOP500,2026-07-18,218,我爱的是爱我的你,纯手动洗衣机,,3:40,E8A313D72B0624C85227D48D5D55BF6F,184901497,https://www.kugou.com/yy/rank/home/10-8888.html?from=rank
2026-07-18,2026-07-18T14:27:54+08:00,酷狗音乐,热歌榜,酷狗TOP500,2026-07-18,219,爱情转移,陈奕迅,,4:19,A549238FA1B05EABE841DFE110899647,962514,https://www.kugou.com/yy/rank/home/10-8888.html?from=rank
2026-07-18,2026-07-18T14:27:54+08:00,酷狗音乐,热歌榜,酷狗TOP500,2026-07-18,220,模特,李荣浩,,5:06,87EBC49856D2CB3C04992C9A87E5A5C5,968143,https://www.kugou.com/yy/rank/home/10-8888.html?from=rank
2026-07-18,2026-07-18T14:27:54+08:00,酷狗音乐,热歌榜,酷狗TOP500,2026-07-18,221,天地龙鳞,王力宏,,3:17,DD83DC4A30C3A05D60FFCE6944FB441C,50749156,https://www.kugou.com/yy/rank/home/11-8888.html?from=rank
2026-07-18,2026-07-18T14:27:54+08:00,酷狗音乐,热歌榜,酷狗TOP500,2026-07-18,222,Alive,Blue,,3:40,996EE22D2450A7C7528394F7F98432E6,560693,https://www.kugou.com/yy/rank/home/11-8888.html?from=rank
2026-07-18,2026-07-18T14:27:54+08:00,酷狗音乐,热歌榜,酷狗TOP500,2026-07-18,223,不负众望,陈婉菁,,3:55,B54BD54DD6B27B311A9F7E2CF9505D3E,62005607,https://www.kugou.com/yy/rank/home/11-8888.html?from=rank
2026-07-18,2026-07-18T14:27:54+08:00,酷狗音乐,热歌榜,酷狗TOP500,2026-07-18,224,爱在西元前,周杰伦,,3:54,66B756FB1331807B032EF97F7BA9948E,958706,https://www.kugou.com/yy/rank/home/11-8888.html?from=rank
2026-07-18,2026-07-18T14:27:54+08:00,酷狗音乐,热歌榜,酷狗TOP500,2026-07-18,225,倒数,G.E.M. 邓紫棋,,3:49,65945C4D6FB03D7997AE133C9BE5715D,9373625,https://www.kugou.com/yy/rank/home/11-8888.html?from=rank
2026-07-18,2026-07-18T14:27:54+08:00,酷狗音乐,热歌榜,酷狗TOP500,2026-07-18,226,时差 (On call),鹿晗,,3:20,36AA9D4AB12C3037C589E1073D35F1C6,1993188,https://www.kugou.com/yy/rank/home/11-8888.html?from=rank
2026-07-18,2026-07-18T14:27:54+08:00,酷狗音乐,热歌榜,酷狗TOP500,2026-07-18,227,年少有为,李荣浩,,4:39,3A5C1D6CDABB2FDA813F8F8B7E4D08B0,8873395,https://www.kugou.com/yy/rank/home/11-8888.html?from=rank
2026-07-18,2026-07-18T14:27:54+08:00,酷狗音乐,热歌榜,酷狗TOP500,2026-07-18,228,也许在下雨天 (R&B版),落日微醺,,3:49,C9527B6C9EA30FA690641B372B3310EC,195588821,https://www.kugou.com/yy/rank/home/11-8888.html?from=rank
2026-07-18,2026-07-18T14:27:54+08:00,酷狗音乐,热歌榜,酷狗TOP500,2026-07-18,229,爱如潮水,张信哲,,4:31,03542812844EE77A22E096A9D6974858,538030,https://www.kugou.com/yy/rank/home/11-8888.html?from=rank
2026-07-18,2026-07-18T14:27:54+08:00,酷狗音乐,热歌榜,酷狗TOP500,2026-07-18,230,就让岁月开成一朵花,阿云朵,,5:19,AFEC70D28F29BB844F93D6BC3B8A5EE9,183681654,https://www.kugou.com/yy/rank/home/11-8888.html?from=rank
2026-07-18,2026-07-18T14:27:54+08:00,酷狗音乐,热歌榜,酷狗TOP500,2026-07-18,231,相遇的意义 (烟嗓R&B版),落日微醺,,3:09,1DB50CE5AFC2AE239D1E0E68C8A21B1A,196504361,https://www.kugou.com/yy/rank/home/11-8888.html?from=rank
2026-07-18,2026-07-18T14:27:54+08:00,酷狗音乐,热歌榜,酷狗TOP500,2026-07-18,232,如果当时,许嵩,,5:16,697712B7504DA5541C3ED4D117AE1018,973251,https://www.kugou.com/yy/rank/home/11-8888.html?from=rank
2026-07-18,2026-07-18T14:27:54+08:00,酷狗音乐,热歌榜,酷狗TOP500,2026-07-18,233,顺其自然 (让花是花 让树是树),国产阿发,,2:00,54D8581160D1CCB7D3D3307F7F0196A1,196400635,https://www.kugou.com/yy/rank/home/11-8888.html?from=rank
2026-07-18,2026-07-18T14:27:54+08:00,酷狗音乐,热歌榜,酷狗TOP500,2026-07-18,234,小半 (Live),王铮亮、谭松韵,,5:14,D0CF7A8F58E9AB02D7B3305E425AE73C,196185049,https://www.kugou.com/yy/rank/home/11-8888.html?from=rank
2026-07-18,2026-07-18T14:27:54+08:00,酷狗音乐,热歌榜,酷狗TOP500,2026-07-18,235,暖一杯茶,邵帅,,4:03,26A9B8C6480C22BC4342F22CB897E760,23061596,https://www.kugou.com/yy/rank/home/11-8888.html?from=rank
2026-07-18,2026-07-18T14:27:54+08:00,酷狗音乐,热歌榜,酷狗TOP500,2026-07-18,236,还爱着你,文夫,,3:52,A61924D891C970A28150FDF9E5E56C53,171019019,https://www.kugou.com/yy/rank/home/11-8888.html?from=rank
2026-07-18,2026-07-18T14:27:54+08:00,酷狗音乐,热歌榜,酷狗TOP500,2026-07-18,237,海屿你,林樾,,4:57,E13794CAEBCF1117B9DDC444D4AFC785,192446853,https://www.kugou.com/yy/rank/home/11-8888.html?from=rank
2026-07-18,2026-07-18T14:27:54+08:00,酷狗音乐,热歌榜,酷狗TOP500,2026-07-18,238,西海情歌,刀郎,,5:43,0E5FB14E78AFF13C2DEF97C814537CB7,984281,https://www.kugou.com/yy/rank/home/11-8888.html?from=rank
2026-07-18,2026-07-18T14:27:54+08:00,酷狗音乐,热歌榜,酷狗TOP500,2026-07-18,239,我借,z阿康,,4:07,637177625AA52BEA38AA11E0F82151B5,197497307,https://www.kugou.com/yy/rank/home/11-8888.html?from=rank
2026-07-18,2026-07-18T14:27:54+08:00,酷狗音乐,热歌榜,酷狗TOP500,2026-07-18,240,尘念,桑耶,,3:16,FBE82E5DCC11A3A8AF6B8A5B74E2F2BB,190711369,https://www.kugou.com/yy/rank/home/11-8888.html?from=rank
2026-07-18,2026-07-18T14:27:54+08:00,酷狗音乐,热歌榜,酷狗TOP500,2026-07-18,241,遗失的心跳,萧亚轩,,3:37,54C1A6E877BB37D052A86D4C41604FE7,521727,https://www.kugou.com/yy/rank/home/11-8888.html?from=rank
2026-07-18,2026-07-18T14:27:54+08:00,酷狗音乐,热歌榜,酷狗TOP500,2026-07-18,242,연애의 조건 (恋爱的条件),BESTie,,3:12,FBE0D895B585AFAD693FE42529311608,959733,https://www.kugou.com/yy/rank/home/11-8888.html?from=rank
2026-07-18,2026-07-18T14:27:54+08:00,酷狗音乐,热歌榜,酷狗TOP500,2026-07-18,243,不能说的秘密,周杰伦,,4:57,EDFC5DD1AC3D58971AB95B3E2700D015,554150,https://www.kugou.com/yy/rank/home/12-8888.html?from=rank
2026-07-18,2026-07-18T14:27:54+08:00,酷狗音乐,热歌榜,酷狗TOP500,2026-07-18,244,瞬,郑润泽,,4:45,C06970FDB48E8E1F9BBC7577B7BC1938,75949211,https://www.kugou.com/yy/rank/home/12-8888.html?from=rank
2026-07-18,2026-07-18T14:27:54+08:00,酷狗音乐,热歌榜,酷狗TOP500,2026-07-18,245,土坡上的狗尾草,卢润泽,,3:15,5E40742110D3DB109A22BDB1012C6EBB,104913971,https://www.kugou.com/yy/rank/home/12-8888.html?from=rank
2026-07-18,2026-07-18T14:27:54+08:00,酷狗音乐,热歌榜,酷狗TOP500,2026-07-18,246,太聪明,陈绮贞,,4:23,89101DA817101FEA0C9ECF64EAE2B46F,959335,https://www.kugou.com/yy/rank/home/12-8888.html?from=rank
2026-07-18,2026-07-18T14:27:54+08:00,酷狗音乐,热歌榜,酷狗TOP500,2026-07-18,247,蓝莲花,许巍,,4:31,EDCDC42FEE3A4BC8F2ADBAF96ADE9D77,15247919,https://www.kugou.com/yy/rank/home/12-8888.html?from=rank
2026-07-18,2026-07-18T14:27:54+08:00,酷狗音乐,热歌榜,酷狗TOP500,2026-07-18,248,你的承诺,海鸣威,,3:53,B1996C2589FADECA9759A420E1EC3FE3,19347507,https://www.kugou.com/yy/rank/home/12-8888.html?from=rank
2026-07-18,2026-07-18T14:27:54+08:00,酷狗音乐,热歌榜,酷狗TOP500,2026-07-18,249,Creepin' up on You,Darren Hayes,,4:53,6348CF4041BEE19FAD536C563C32695A,1593407,https://www.kugou.com/yy/rank/home/12-8888.html?from=rank
2026-07-18,2026-07-18T14:27:54+08:00,酷狗音乐,热歌榜,酷狗TOP500,2026-07-18,250,我们的歌,王力宏,,4:08,4E294957A0D9B72A78B61F3C2A63B6CC,503223,https://www.kugou.com/yy/rank/home/12-8888.html?from=rank
2026-07-18,2026-07-18T14:27:54+08:00,酷狗音乐,热歌榜,酷狗TOP500,2026-07-18,251,他真的对你好吗,付豪,,4:18,B1B875147F45355FF807402402F5B573,55501876,https://www.kugou.com/yy/rank/home/12-8888.html?from=rank
2026-07-18,2026-07-18T14:27:54+08:00,酷狗音乐,热歌榜,酷狗TOP500,2026-07-18,252,最后的借口,h3R3、罗可Lorkin,,3:44,706B222A3B62060A17C8C4F87B3FEF17,199501920,https://www.kugou.com/yy/rank/home/12-8888.html?from=rank
2026-07-18,2026-07-18T14:27:54+08:00,酷狗音乐,热歌榜,酷狗TOP500,2026-07-18,253,最长的电影,周杰伦,,3:56,DBE8FCD4C5072CF6139A28E32D45B990,979856,https://www.kugou.com/yy/rank/home/12-8888.html?from=rank
2026-07-18,2026-07-18T14:27:54+08:00,酷狗音乐,热歌榜,酷狗TOP500,2026-07-18,254,梦仍是一样,谭咏麟,,4:28,C5A86B7B8BE5832A73CE5022C0E30267,975965,https://www.kugou.com/yy/rank/home/12-8888.html?from=rank
2026-07-18,2026-07-18T14:27:54+08:00,酷狗音乐,热歌榜,酷狗TOP500,2026-07-18,255,主角,王菲,,5:00,5AC9B20840021F9BE51D76C3067BCC26,189702143,https://www.kugou.com/yy/rank/home/12-8888.html?from=rank
2026-07-18,2026-07-18T14:27:54+08:00,酷狗音乐,热歌榜,酷狗TOP500,2026-07-18,256,半岛铁盒,周杰伦,,5:19,67BA8A4A0681F2078BC423CB13B904B7,961807,https://www.kugou.com/yy/rank/home/12-8888.html?from=rank
2026-07-18,2026-07-18T14:27:54+08:00,酷狗音乐,热歌榜,酷狗TOP500,2026-07-18,257,执子之手,宝石Gem、一哩哩一,,3:10,A84D44A92F427A3198ECEE703B708478,61962429,https://www.kugou.com/yy/rank/home/12-8888.html?from=rank
2026-07-18,2026-07-18T14:27:54+08:00,酷狗音乐,热歌榜,酷狗TOP500,2026-07-18,258,不如见一面2026,海来阿木,,3:57,4866C4CEB901B773ABD6276802E393C9,181816199,https://www.kugou.com/yy/rank/home/12-8888.html?from=rank
2026-07-18,2026-07-18T14:27:54+08:00,酷狗音乐,热歌榜,酷狗TOP500,2026-07-18,259,没那么简单,黄小琥,,5:08,90D82FB9EB6C1F5385F6F086318EE1FA,962530,https://www.kugou.com/yy/rank/home/12-8888.html?from=rank
2026-07-18,2026-07-18T14:27:54+08:00,酷狗音乐,热歌榜,酷狗TOP500,2026-07-18,260,只若初见,张德伊玲,,3:24,0AC57BC59B96F7BF216744F93617FC8B,58285492,https://www.kugou.com/yy/rank/home/12-8888.html?from=rank
2026-07-18,2026-07-18T14:27:54+08:00,酷狗音乐,热歌榜,酷狗TOP500,2026-07-18,261,我记得,赵雷,,5:30,8CE80CF10A01F37354D63E49C1B60B60,60018447,https://www.kugou.com/yy/rank/home/12-8888.html?from=rank
2026-07-18,2026-07-18T14:27:54+08:00,酷狗音乐,热歌榜,酷狗TOP500,2026-07-18,262,水手,郑智化,,4:53,6DCF10DEA98A7C9F755BE385E822BE05,967718,https://www.kugou.com/yy/rank/home/12-8888.html?from=rank
2026-07-18,2026-07-18T14:27:54+08:00,酷狗音乐,热歌榜,酷狗TOP500,2026-07-18,263,第一次爱的人,王心凌,,3:53,31B213E45501B3698702EDB7C0A3E5A6,979891,https://www.kugou.com/yy/rank/home/12-8888.html?from=rank
2026-07-18,2026-07-18T14:27:54+08:00,酷狗音乐,热歌榜,酷狗TOP500,2026-07-18,264,背着风流泪,文夫,,4:14,93313560CDE28F74AA7D2894E3C4D7F7,146986506,https://www.kugou.com/yy/rank/home/12-8888.html?from=rank
2026-07-18,2026-07-18T14:27:54+08:00,酷狗音乐,热歌榜,酷狗TOP500,2026-07-18,265,白鸽乌鸦相爱的戏码,潘成（皮卡潘）,,2:54,1B5005F285D8B7FD083CA61C5753E9DB,100112898,https://www.kugou.com/yy/rank/home/13-8888.html?from=rank
2026-07-18,2026-07-18T14:27:54+08:00,酷狗音乐,热歌榜,酷狗TOP500,2026-07-18,266,不分手的恋爱,汪苏泷,,3:26,543A6E13C527E52886E51BBF14191C8F,37376237,https://www.kugou.com/yy/rank/home/13-8888.html?from=rank
2026-07-18,2026-07-18T14:27:54+08:00,酷狗音乐,热歌榜,酷狗TOP500,2026-07-18,267,不遗憾,李荣浩,,5:20,40CE38D5DB930F404EB26F58978BEC3D,44404137,https://www.kugou.com/yy/rank/home/13-8888.html?from=rank
2026-07-18,2026-07-18T14:27:54+08:00,酷狗音乐,热歌榜,酷狗TOP500,2026-07-18,268,再见只是陌生人,庄心妍,,4:12,67F2E5F1B47C2B86E201518FD24D9831,556403,https://www.kugou.com/yy/rank/home/13-8888.html?from=rank
2026-07-18,2026-07-18T14:27:54+08:00,酷狗音乐,热歌榜,酷狗TOP500,2026-07-18,269,Letting Go,蔡健雅,,4:23,326CBB23BAA90062047512376AA406A4,978874,https://www.kugou.com/yy/rank/home/13-8888.html?from=rank
2026-07-18,2026-07-18T14:27:54+08:00,酷狗音乐,热歌榜,酷狗TOP500,2026-07-18,270,Amani (女声版),落日微醺,,3:54,0E1705D85CE6D8BE87784DFA9C9A5624,194642479,https://www.kugou.com/yy/rank/home/13-8888.html?from=rank
2026-07-18,2026-07-18T14:27:54+08:00,酷狗音乐,热歌榜,酷狗TOP500,2026-07-18,271,老街,李荣浩,,5:19,30E7F7CCB57EB16D1BE3EC71D7ADB071,964378,https://www.kugou.com/yy/rank/home/13-8888.html?from=rank
2026-07-18,2026-07-18T14:27:54+08:00,酷狗音乐,热歌榜,酷狗TOP500,2026-07-18,272,谁明浪子心,王杰,,5:01,1E54C9C01C9DFC5C68F743368F353711,983991,https://www.kugou.com/yy/rank/home/13-8888.html?from=rank
2026-07-18,2026-07-18T14:27:54+08:00,酷狗音乐,热歌榜,酷狗TOP500,2026-07-18,273,我不配,周杰伦,,4:49,00CBE76AE7676D5D2A3D832D202C8FFD,979856,https://www.kugou.com/yy/rank/home/13-8888.html?from=rank
2026-07-18,2026-07-18T14:27:54+08:00,酷狗音乐,热歌榜,酷狗TOP500,2026-07-18,274,忘记时间,胡歌,,4:32,BB2759C850804CB32A55480D85D21080,493001,https://www.kugou.com/yy/rank/home/13-8888.html?from=rank
2026-07-18,2026-07-18T14:27:54+08:00,酷狗音乐,热歌榜,酷狗TOP500,2026-07-18,275,本末,任素汐,,3:22,2591284F609E7EE9FEAF172570C88FBF,191975390,https://www.kugou.com/yy/rank/home/13-8888.html?from=rank
2026-07-18,2026-07-18T14:27:54+08:00,酷狗音乐,热歌榜,酷狗TOP500,2026-07-18,276,夏夜最后的烟火,颜人中,,4:40,4E418EDAB22093B51C78C81C0A8C9B31,39949767,https://www.kugou.com/yy/rank/home/13-8888.html?from=rank
2026-07-18,2026-07-18T14:27:54+08:00,酷狗音乐,热歌榜,酷狗TOP500,2026-07-18,277,搀扶,马健涛,,5:28,D95AE3CC810BB62D28505AE1510C329F,130332417,https://www.kugou.com/yy/rank/home/13-8888.html?from=rank
2026-07-18,2026-07-18T14:27:54+08:00,酷狗音乐,热歌榜,酷狗TOP500,2026-07-18,278,你要的全拿走,胡彦斌,,4:59,489E4872BD06E51C969AE81748E78A10,8317330,https://www.kugou.com/yy/rank/home/13-8888.html?from=rank
2026-07-18,2026-07-18T14:27:54+08:00,酷狗音乐,热歌榜,酷狗TOP500,2026-07-18,279,喜欢你 (G.E.M.重生版),G.E.M. 邓紫棋,,4:03,AA4D82A7506DE809B7A89F91B73F3E1E,150256944,https://www.kugou.com/yy/rank/home/13-8888.html?from=rank
2026-07-18,2026-07-18T14:27:54+08:00,酷狗音乐,热歌榜,酷狗TOP500,2026-07-18,280,不潮不用花钱,林俊杰,,3:54,5A84BBA4C673BEA45083C521ADF366AF,963179,https://www.kugou.com/yy/rank/home/13-8888.html?from=rank
2026-07-18,2026-07-18T14:27:54+08:00,酷狗音乐,热歌榜,酷狗TOP500,2026-07-18,281,别怕变老,王以太、艾热AIR,,4:05,90B83D2211AF3ED21387C7E7043AE6BC,48657971,https://www.kugou.com/yy/rank/home/13-8888.html?from=rank
2026-07-18,2026-07-18T14:27:54+08:00,酷狗音乐,热歌榜,酷狗TOP500,2026-07-18,282,真的爱你,BEYOND,,4:35,C46916711631EA28508A41C325A74E1B,971451,https://www.kugou.com/yy/rank/home/13-8888.html?from=rank
2026-07-18,2026-07-18T14:27:54+08:00,酷狗音乐,热歌榜,酷狗TOP500,2026-07-18,283,恶作剧,王蓝茵,,3:47,05B893FC78627C3F5635491BBB35167E,720564,https://www.kugou.com/yy/rank/home/13-8888.html?from=rank
2026-07-18,2026-07-18T14:27:54+08:00,酷狗音乐,热歌榜,酷狗TOP500,2026-07-18,284,一个人想着一个人,曾沛慈,,4:04,C9148675D85D3C2B306E966000BC5ABD,542900,https://www.kugou.com/yy/rank/home/13-8888.html?from=rank
2026-07-18,2026-07-18T14:27:54+08:00,酷狗音乐,热歌榜,酷狗TOP500,2026-07-18,285,半点心,草蜢,,3:52,6DF94BFD206BB819120C0D021B93EDBC,564642,https://www.kugou.com/yy/rank/home/13-8888.html?from=rank
2026-07-18,2026-07-18T14:27:54+08:00,酷狗音乐,热歌榜,酷狗TOP500,2026-07-18,286,Life Goes On,Oliver Tree,,2:42,AD11FCF789EB2D7E5131F0557B5C92AE,45059327,https://www.kugou.com/yy/rank/home/13-8888.html?from=rank
2026-07-18,2026-07-18T14:27:54+08:00,酷狗音乐,热歌榜,酷狗TOP500,2026-07-18,287,座位,于冬然,,3:29,D87A09DB3166215E5DFD4A30C922509E,137485296,https://www.kugou.com/yy/rank/home/14-8888.html?from=rank
2026-07-18,2026-07-18T14:27:54+08:00,酷狗音乐,热歌榜,酷狗TOP500,2026-07-18,288,平凡之路,朴树,,5:01,2BE5DE80E68B3346918D38CF7527D979,2944963,https://www.kugou.com/yy/rank/home/14-8888.html?from=rank
2026-07-18,2026-07-18T14:27:54+08:00,酷狗音乐,热歌榜,酷狗TOP500,2026-07-18,289,爱，请问怎么走,A-Lin,,4:28,D67CB2EA6082D5AB871509EC06B48370,964045,https://www.kugou.com/yy/rank/home/14-8888.html?from=rank
2026-07-18,2026-07-18T14:27:54+08:00,酷狗音乐,热歌榜,酷狗TOP500,2026-07-18,290,冬天的秘密,周传雄,,4:33,1088AEEAB9674A49F8067DCDEB1FC1EE,982655,https://www.kugou.com/yy/rank/home/14-8888.html?from=rank
2026-07-18,2026-07-18T14:27:54+08:00,酷狗音乐,热歌榜,酷狗TOP500,2026-07-18,291,梦中的阿哥,梅度,,3:14,CDEB46A500F53C71D5418A2CB9693CEC,198595120,https://www.kugou.com/yy/rank/home/14-8888.html?from=rank
2026-07-18,2026-07-18T14:27:54+08:00,酷狗音乐,热歌榜,酷狗TOP500,2026-07-18,292,一千零一夜 (R&B版),落日微醺,,4:04,3788E51B85C92FA2B8D69C889270011E,191525119,https://www.kugou.com/yy/rank/home/14-8888.html?from=rank
2026-07-18,2026-07-18T14:27:54+08:00,酷狗音乐,热歌榜,酷狗TOP500,2026-07-18,293,"Baby, Don't Cry (人鱼的眼泪)(Chinese Ver.)",EXO,,3:56,B692ED61ED4DDE69C50EB8B975D4E04D,22436133,https://www.kugou.com/yy/rank/home/14-8888.html?from=rank
2026-07-18,2026-07-18T14:27:54+08:00,酷狗音乐,热歌榜,酷狗TOP500,2026-07-18,294,西楼儿女,海来阿木,,4:18,84DA47460010F3D91E203F777233DAA4,62931439,https://www.kugou.com/yy/rank/home/14-8888.html?from=rank
2026-07-18,2026-07-18T14:27:54+08:00,酷狗音乐,热歌榜,酷狗TOP500,2026-07-18,295,坠落,蔡健雅,,4:10,233254CB517BAA74387361C2158519DA,974379,https://www.kugou.com/yy/rank/home/14-8888.html?from=rank
2026-07-18,2026-07-18T14:27:54+08:00,酷狗音乐,热歌榜,酷狗TOP500,2026-07-18,296,泡泡,牛佳钰,,3:37,CB6BD8CDFF1DA01DAEF01C389CBAD645,37403884,https://www.kugou.com/yy/rank/home/14-8888.html?from=rank
2026-07-18,2026-07-18T14:27:54+08:00,酷狗音乐,热歌榜,酷狗TOP500,2026-07-18,297,The Cure,Lady Gaga,,3:31,3EF072E796A8CF441C83BC751BCB5C38,1994338,https://www.kugou.com/yy/rank/home/14-8888.html?from=rank
2026-07-18,2026-07-18T14:27:54+08:00,酷狗音乐,热歌榜,酷狗TOP500,2026-07-18,298,你就不要想起我,田馥甄,,4:41,33E67CD9B775093E93CBABBD649DF087,965595,https://www.kugou.com/yy/rank/home/14-8888.html?from=rank
2026-07-18,2026-07-18T14:27:54+08:00,酷狗音乐,热歌榜,酷狗TOP500,2026-07-18,299,你有没有真的爱过我 (对唱版),阿图表妹、寂寞阿图,,4:03,3C425FC4496E67468562CA377D7F2B23,190170015,https://www.kugou.com/yy/rank/home/14-8888.html?from=rank
2026-07-18,2026-07-18T14:27:54+08:00,酷狗音乐,热歌榜,酷狗TOP500,2026-07-18,300,雀跃,任然、小来,,3:56,6F07E18E17B811C4931349D7D87C1A43,2820318,https://www.kugou.com/yy/rank/home/14-8888.html?from=rank
2026-07-18,2026-07-18T14:27:54+08:00,酷狗音乐,热歌榜,酷狗TOP500,2026-07-18,301,光明,汪峰,,5:24,9CF872B7B29B7BB6A24680C41D551E7A,979733,https://www.kugou.com/yy/rank/home/14-8888.html?from=rank
2026-07-18,2026-07-18T14:27:54+08:00,酷狗音乐,热歌榜,酷狗TOP500,2026-07-18,302,一程山路,毛不易,,3:36,F4B3D7DFFA85DAE7737243598153A168,34631159,https://www.kugou.com/yy/rank/home/14-8888.html?from=rank
2026-07-18,2026-07-18T14:27:54+08:00,酷狗音乐,热歌榜,酷狗TOP500,2026-07-18,303,简单爱,周杰伦,,4:30,6E44CE19BE5872384FA184B995CCE23B,958706,https://www.kugou.com/yy/rank/home/14-8888.html?from=rank
2026-07-18,2026-07-18T14:27:54+08:00,酷狗音乐,热歌榜,酷狗TOP500,2026-07-18,304,手放开,李圣杰,,4:25,022583751858F1E3558F32EC4ECF7DD5,959847,https://www.kugou.com/yy/rank/home/14-8888.html?from=rank
2026-07-18,2026-07-18T14:27:54+08:00,酷狗音乐,热歌榜,酷狗TOP500,2026-07-18,305,好久不见,陈奕迅,,4:11,8E1DDAF172D9C60A28C19358B07BFBF8,962514,https://www.kugou.com/yy/rank/home/14-8888.html?from=rank
2026-07-18,2026-07-18T14:27:54+08:00,酷狗音乐,热歌榜,酷狗TOP500,2026-07-18,306,也许在下雨天 (眼泪才不被看见),向思思,,3:47,5251BCAF8CD6D7B43C4528F3AE53BAED,197728284,https://www.kugou.com/yy/rank/home/14-8888.html?from=rank
2026-07-18,2026-07-18T14:27:54+08:00,酷狗音乐,热歌榜,酷狗TOP500,2026-07-18,307,愿与愁,林俊杰,,3:52,4A2A7260442B0A5D5F17295F1DD7241B,71681690,https://www.kugou.com/yy/rank/home/14-8888.html?from=rank
2026-07-18,2026-07-18T14:27:54+08:00,酷狗音乐,热歌榜,酷狗TOP500,2026-07-18,308,烟火,吴奇隆,,5:00,80BF542BB2000F40D56979EB29589F5B,565340,https://www.kugou.com/yy/rank/home/14-8888.html?from=rank
2026-07-18,2026-07-18T14:27:54+08:00,酷狗音乐,热歌榜,酷狗TOP500,2026-07-18,309,落空,印子月,,3:53,F2823FEC8D01EDE2587ED3D32F787782,15394482,https://www.kugou.com/yy/rank/home/15-8888.html?from=rank
2026-07-18,2026-07-18T14:27:54+08:00,酷狗音乐,热歌榜,酷狗TOP500,2026-07-18,310,感谢你曾来过,Ayo97、周思涵,,4:10,39DCBBDCB0B377628BEF5FD48EF01254,9101627,https://www.kugou.com/yy/rank/home/15-8888.html?from=rank
2026-07-18,2026-07-18T14:27:54+08:00,酷狗音乐,热歌榜,酷狗TOP500,2026-07-18,311,琵琶曲,郑浩、冰洁,,3:55,244A022D6CB3FDE50B24E76402053EB3,180917343,https://www.kugou.com/yy/rank/home/15-8888.html?from=rank
2026-07-18,2026-07-18T14:27:54+08:00,酷狗音乐,热歌榜,酷狗TOP500,2026-07-18,312,依兰爱情故事,方天雷,,4:52,3A81A43283DE1F061097D1F275C2BF7D,555058,https://www.kugou.com/yy/rank/home/15-8888.html?from=rank
2026-07-18,2026-07-18T14:27:54+08:00,酷狗音乐,热歌榜,酷狗TOP500,2026-07-18,313,摇太阳 (雷鬼版),白兰的,,4:32,97915750F2E7DEBEB4E2C7AF4AA7F5A1,183678520,https://www.kugou.com/yy/rank/home/15-8888.html?from=rank
2026-07-18,2026-07-18T14:27:54+08:00,酷狗音乐,热歌榜,酷狗TOP500,2026-07-18,314,如果可以,韦礼安,,4:34,70425DF5F0C9FCED5E0468189A7F4A70,49958186,https://www.kugou.com/yy/rank/home/15-8888.html?from=rank
2026-07-18,2026-07-18T14:27:54+08:00,酷狗音乐,热歌榜,酷狗TOP500,2026-07-18,315,大海,张雨生,,4:40,BF8252BEAE57AEB53490145CA8E81BB4,967705,https://www.kugou.com/yy/rank/home/15-8888.html?from=rank
2026-07-18,2026-07-18T14:27:54+08:00,酷狗音乐,热歌榜,酷狗TOP500,2026-07-18,316,暧昧,薛之谦,,5:12,B3A4E466F13F44FA0B91FA4EB8E6DECA,7818079,https://www.kugou.com/yy/rank/home/15-8888.html?from=rank
2026-07-18,2026-07-18T14:27:54+08:00,酷狗音乐,热歌榜,酷狗TOP500,2026-07-18,317,岁月如笔写春秋 (合唱版),郭少杰、陈星,,4:11,7608D3CAA1AEA6FE1BBEFA858AC848E6,199000172,https://www.kugou.com/yy/rank/home/15-8888.html?from=rank
2026-07-18,2026-07-18T14:27:54+08:00,酷狗音乐,热歌榜,酷狗TOP500,2026-07-18,318,忘了你忘了我,王杰,,4:38,95CBD367E98724883CA99874AD626446,962390,https://www.kugou.com/yy/rank/home/15-8888.html?from=rank
2026-07-18,2026-07-18T14:27:54+08:00,酷狗音乐,热歌榜,酷狗TOP500,2026-07-18,319,哼着你爱听的歌 (女版),田园,,3:20,37B0685181098FB8427291594EDBC8CD,162686180,https://www.kugou.com/yy/rank/home/15-8888.html?from=rank
2026-07-18,2026-07-18T14:27:54+08:00,酷狗音乐,热歌榜,酷狗TOP500,2026-07-18,320,冲动的惩罚,刀郎,,7:54,84073718AE6A82366444C3B5AE526FAC,964521,https://www.kugou.com/yy/rank/home/15-8888.html?from=rank
2026-07-18,2026-07-18T14:27:54+08:00,酷狗音乐,热歌榜,酷狗TOP500,2026-07-18,321,我曾像傻子一样爱你,老板,,4:03,85F18C8A9470C0BE7BD1D679ACFC6E21,171863030,https://www.kugou.com/yy/rank/home/15-8888.html?from=rank
2026-07-18,2026-07-18T14:27:54+08:00,酷狗音乐,热歌榜,酷狗TOP500,2026-07-18,322,无名的人,毛不易,,4:42,525A854C4A4EDF63CAF528D693F69CE0,51231315,https://www.kugou.com/yy/rank/home/15-8888.html?from=rank
2026-07-18,2026-07-18T14:27:54+08:00,酷狗音乐,热歌榜,酷狗TOP500,2026-07-18,323,Because of You,Kelly Clarkson,,3:39,FED9A7BE6BC7D2FF3B8426ECEF34A2B6,1592158,https://www.kugou.com/yy/rank/home/15-8888.html?from=rank
2026-07-18,2026-07-18T14:27:54+08:00,酷狗音乐,热歌榜,酷狗TOP500,2026-07-18,324,我落泪情绪零碎,周杰伦,,4:18,27943EB1CBD46F7BB165B054CE6EBDC8,958812,https://www.kugou.com/yy/rank/home/15-8888.html?from=rank
2026-07-18,2026-07-18T14:27:54+08:00,酷狗音乐,热歌榜,酷狗TOP500,2026-07-18,325,三国恋,Tank,,4:06,1325E661C6044048943A8D7D417ED280,966742,https://www.kugou.com/yy/rank/home/15-8888.html?from=rank
2026-07-18,2026-07-18T14:27:54+08:00,酷狗音乐,热歌榜,酷狗TOP500,2026-07-18,326,只为你着迷,李秉成,,4:01,C2F47FB042D8FE6A2B5265DFCF8919A5,11795396,https://www.kugou.com/yy/rank/home/15-8888.html?from=rank
2026-07-18,2026-07-18T14:27:54+08:00,酷狗音乐,热歌榜,酷狗TOP500,2026-07-18,327,That Girl,Olly Murs,,2:57,B32C3C7FA2452E7338BFC6F2283FE8ED,1820815,https://www.kugou.com/yy/rank/home/15-8888.html?from=rank
2026-07-18,2026-07-18T14:27:54+08:00,酷狗音乐,热歌榜,酷狗TOP500,2026-07-18,328,茫,李润祺,,3:47,7B82C70A1736D61A28849DE87AA4B812,40168846,https://www.kugou.com/yy/rank/home/15-8888.html?from=rank
2026-07-18,2026-07-18T14:27:54+08:00,酷狗音乐,热歌榜,酷狗TOP500,2026-07-18,329,玄翎谣,鸣潮先约电台、jkinss、薄荷_Miint,,4:38,D994E3BBBF10149D1EDA2A46124E8903,198910330,https://www.kugou.com/yy/rank/home/15-8888.html?from=rank
2026-07-18,2026-07-18T14:27:54+08:00,酷狗音乐,热歌榜,酷狗TOP500,2026-07-18,330,胡广生,任素汐,,3:34,8C655F575EBB2414B53EFF0D2C13188D,12506106,https://www.kugou.com/yy/rank/home/15-8888.html?from=rank
2026-07-18,2026-07-18T14:27:54+08:00,酷狗音乐,热歌榜,酷狗TOP500,2026-07-18,331,断点,张敬轩,,4:28,2C2A571D91FF7BF6FE814887FFA7E592,2996592,https://www.kugou.com/yy/rank/home/16-8888.html?from=rank
2026-07-18,2026-07-18T14:27:54+08:00,酷狗音乐,热歌榜,酷狗TOP500,2026-07-18,332,偏偏喜欢你,陈百强,,3:32,D186383AA965D13601CFF4857F844FEE,983655,https://www.kugou.com/yy/rank/home/16-8888.html?from=rank
2026-07-18,2026-07-18T14:27:54+08:00,酷狗音乐,热歌榜,酷狗TOP500,2026-07-18,333,其实雨也没多大 (对唱版),万豹、羊羊,,3:46,3DCAD49A6417CF61F031111716AB1572,164325869,https://www.kugou.com/yy/rank/home/16-8888.html?from=rank
2026-07-18,2026-07-18T14:27:54+08:00,酷狗音乐,热歌榜,酷狗TOP500,2026-07-18,334,是你没选我啊,于冬然,,3:22,885046DF8380B7506A6B12EC8F6E201D,176303736,https://www.kugou.com/yy/rank/home/16-8888.html?from=rank
2026-07-18,2026-07-18T14:27:54+08:00,酷狗音乐,热歌榜,酷狗TOP500,2026-07-18,335,左转灯 (1000 Times +1),派伟俊、mac ova seas,,3:17,E51ABAF534E7D2BA42DB5604421D4838,164658305,https://www.kugou.com/yy/rank/home/16-8888.html?from=rank
2026-07-18,2026-07-18T14:27:54+08:00,酷狗音乐,热歌榜,酷狗TOP500,2026-07-18,336,别说你还深深爱着我,婉婷、杨烬,,3:45,0938FF862C986F6A93B4A7657CAA1125,195023851,https://www.kugou.com/yy/rank/home/16-8888.html?from=rank
2026-07-18,2026-07-18T14:27:54+08:00,酷狗音乐,热歌榜,酷狗TOP500,2026-07-18,337,不浪漫罪名,王杰,,4:48,4255D3F001B95B07F2D5BE330D14A780,503247,https://www.kugou.com/yy/rank/home/16-8888.html?from=rank
2026-07-18,2026-07-18T14:27:54+08:00,酷狗音乐,热歌榜,酷狗TOP500,2026-07-18,338,麦恩莉,方大同,,4:48,3A08C7B067EC2E9B552AB8664490FCEB,971920,https://www.kugou.com/yy/rank/home/16-8888.html?from=rank
2026-07-18,2026-07-18T14:27:54+08:00,酷狗音乐,热歌榜,酷狗TOP500,2026-07-18,339,意外,薛之谦,,4:52,04E0EDE41EA3CCFF76C04F414E1D03A7,960327,https://www.kugou.com/yy/rank/home/16-8888.html?from=rank
2026-07-18,2026-07-18T14:27:54+08:00,酷狗音乐,热歌榜,酷狗TOP500,2026-07-18,340,爱你没差,周杰伦,,4:41,66F31869BBAA767A929F35EEE1CCC5C9,982051,https://www.kugou.com/yy/rank/home/16-8888.html?from=rank
2026-07-18,2026-07-18T14:27:54+08:00,酷狗音乐,热歌榜,酷狗TOP500,2026-07-18,341,光年之外 (G.E.M.重生版),G.E.M. 邓紫棋,,3:55,B0EB2A1CC6832B3596E0D71E3CAFCD5F,150256944,https://www.kugou.com/yy/rank/home/16-8888.html?from=rank
2026-07-18,2026-07-18T14:27:54+08:00,酷狗音乐,热歌榜,酷狗TOP500,2026-07-18,342,句号,G.E.M. 邓紫棋,,3:56,0EC0DFE7A4090B3C5C2C1831D7F3ED51,35503028,https://www.kugou.com/yy/rank/home/16-8888.html?from=rank
2026-07-18,2026-07-18T14:27:54+08:00,酷狗音乐,热歌榜,酷狗TOP500,2026-07-18,343,西厢寻他 (Live),黄霄雲、刘宇,,3:55,BD81D61AC22C6D752AF2D0BA9E54A3BB,198905696,https://www.kugou.com/yy/rank/home/16-8888.html?from=rank
2026-07-18,2026-07-18T14:27:54+08:00,酷狗音乐,热歌榜,酷狗TOP500,2026-07-18,344,我的歌声里,曲婉婷,,3:37,227D8E7B7B6EAF7509BB345A7B718EB2,516422,https://www.kugou.com/yy/rank/home/16-8888.html?from=rank
2026-07-18,2026-07-18T14:27:54+08:00,酷狗音乐,热歌榜,酷狗TOP500,2026-07-18,345,等你的季节,刘诗诗,,4:02,A7D65FC45CAF8CC897E01EA072529EF0,4005115,https://www.kugou.com/yy/rank/home/16-8888.html?from=rank
2026-07-18,2026-07-18T14:27:54+08:00,酷狗音乐,热歌榜,酷狗TOP500,2026-07-18,346,爱我还是他,陶喆,,4:53,004A93C3A157D825B92A91EEB17DA36A,7547427,https://www.kugou.com/yy/rank/home/16-8888.html?from=rank
2026-07-18,2026-07-18T14:27:54+08:00,酷狗音乐,热歌榜,酷狗TOP500,2026-07-18,347,谁 (男女扎心合唱),梨子芥菜、戚悦,,3:58,38DAABE4EEA0ADDC04897AC14E15B54E,185936379,https://www.kugou.com/yy/rank/home/16-8888.html?from=rank
2026-07-18,2026-07-18T14:27:54+08:00,酷狗音乐,热歌榜,酷狗TOP500,2026-07-18,348,跨不过的距离,虎二,,4:31,FED5892036FBD176F6FEAE973C565E59,38209191,https://www.kugou.com/yy/rank/home/16-8888.html?from=rank
2026-07-18,2026-07-18T14:27:54+08:00,酷狗音乐,热歌榜,酷狗TOP500,2026-07-18,349,再见,张震岳,,3:31,BF7E5BC14D95F2F4DD6932097168D3FF,1746826,https://www.kugou.com/yy/rank/home/16-8888.html?from=rank
2026-07-18,2026-07-18T14:27:54+08:00,酷狗音乐,热歌榜,酷狗TOP500,2026-07-18,350,匿名的好友,杨丞琳,,4:23,F9CE6B13B4C90B01B3C129FF11B11C87,2694607,https://www.kugou.com/yy/rank/home/16-8888.html?from=rank
2026-07-18,2026-07-18T14:27:54+08:00,酷狗音乐,热歌榜,酷狗TOP500,2026-07-18,351,不再犹豫,BEYOND,,4:15,C477FE5B38147B7522DFCF3DC5BB8A6B,8176296,https://www.kugou.com/yy/rank/home/16-8888.html?from=rank
2026-07-18,2026-07-18T14:27:54+08:00,酷狗音乐,热歌榜,酷狗TOP500,2026-07-18,352,Jealousy (Extended Version),3Rd Coast,,2:34,945490530F3337D8F0515715EF1A7EB2,1010154,https://www.kugou.com/yy/rank/home/16-8888.html?from=rank
2026-07-18,2026-07-18T14:27:54+08:00,酷狗音乐,热歌榜,酷狗TOP500,2026-07-18,353,晚风心里吹,阿梨粤,,3:07,DFFB8F6768AC5044881BB6DD11BDED53,55808898,https://www.kugou.com/yy/rank/home/17-8888.html?from=rank
2026-07-18,2026-07-18T14:27:54+08:00,酷狗音乐,热歌榜,酷狗TOP500,2026-07-18,354,你有没有真的爱过我 (烟嗓版),寂寞阿图,,3:45,5EF8404977086AB95C304D857271FB10,190169654,https://www.kugou.com/yy/rank/home/17-8888.html?from=rank
2026-07-18,2026-07-18T14:27:54+08:00,酷狗音乐,热歌榜,酷狗TOP500,2026-07-18,355,痴心绝对,李圣杰,,4:22,2B7176CC7B1E7F5A136A5A1E1AACD365,966511,https://www.kugou.com/yy/rank/home/17-8888.html?from=rank
2026-07-18,2026-07-18T14:27:54+08:00,酷狗音乐,热歌榜,酷狗TOP500,2026-07-18,356,一起闯荡,蓝波,,3:47,11FCCB020B9128364CC42373B034B8EA,1795537,https://www.kugou.com/yy/rank/home/17-8888.html?from=rank
2026-07-18,2026-07-18T14:27:54+08:00,酷狗音乐,热歌榜,酷狗TOP500,2026-07-18,357,就是爱你,陶喆,,4:24,43485D7A650AFF532E5ECF24D7FB6381,7547427,https://www.kugou.com/yy/rank/home/17-8888.html?from=rank
2026-07-18,2026-07-18T14:27:54+08:00,酷狗音乐,热歌榜,酷狗TOP500,2026-07-18,358,这个年纪,齐一,,4:45,B44AD73957D993731BC125BF0A1EFFF5,2657166,https://www.kugou.com/yy/rank/home/17-8888.html?from=rank
2026-07-18,2026-07-18T14:27:54+08:00,酷狗音乐,热歌榜,酷狗TOP500,2026-07-18,359,张三的歌 (欢快版),小梁的（梁思琪）,,3:03,96B0FB54773641CD63DFC72DA1BA918D,180777832,https://www.kugou.com/yy/rank/home/17-8888.html?from=rank
2026-07-18,2026-07-18T14:27:54+08:00,酷狗音乐,热歌榜,酷狗TOP500,2026-07-18,360,幻听,许嵩,,4:33,24F5E7555646965CD7D1A924452B3300,973046,https://www.kugou.com/yy/rank/home/17-8888.html?from=rank
2026-07-18,2026-07-18T14:27:54+08:00,酷狗音乐,热歌榜,酷狗TOP500,2026-07-18,361,黄昏 (日落西山暮色沉沉)(女版),王佳音,,3:26,F056FB14CAF06E23982AACD978F7AC79,135637088,https://www.kugou.com/yy/rank/home/17-8888.html?from=rank
2026-07-18,2026-07-18T14:27:54+08:00,酷狗音乐,热歌榜,酷狗TOP500,2026-07-18,362,虚拟,陈粒,,4:01,AEF0740270FE89918F07807C8D669FB7,1749208,https://www.kugou.com/yy/rank/home/17-8888.html?from=rank
2026-07-18,2026-07-18T14:27:54+08:00,酷狗音乐,热歌榜,酷狗TOP500,2026-07-18,363,月亮照山川,窝窝,,3:18,B96C803232E044E3D6308EAE37ADDE1D,142338715,https://www.kugou.com/yy/rank/home/17-8888.html?from=rank
2026-07-18,2026-07-18T14:27:54+08:00,酷狗音乐,热歌榜,酷狗TOP500,2026-07-18,364,我借 (御姐版),铁锤夫妇,,4:07,EC2F26754FED82D125388E7B27D536AA,197901242,https://www.kugou.com/yy/rank/home/17-8888.html?from=rank
2026-07-18,2026-07-18T14:27:54+08:00,酷狗音乐,热歌榜,酷狗TOP500,2026-07-18,365,刚刚好,薛之谦,,4:11,956EEC514146039E6D6A16B30DD64A7B,1747549,https://www.kugou.com/yy/rank/home/17-8888.html?from=rank
2026-07-18,2026-07-18T14:27:54+08:00,酷狗音乐,热歌榜,酷狗TOP500,2026-07-18,366,当爱在靠近,刘若英,,4:11,D988B9B4B769D979279D4AC9E84907F1,978209,https://www.kugou.com/yy/rank/home/17-8888.html?from=rank
2026-07-18,2026-07-18T14:27:54+08:00,酷狗音乐,热歌榜,酷狗TOP500,2026-07-18,367,淘汰,陈奕迅,,4:45,90C64A1FB2F32663FA8037D847AABB57,962514,https://www.kugou.com/yy/rank/home/17-8888.html?from=rank
2026-07-18,2026-07-18T14:27:54+08:00,酷狗音乐,热歌榜,酷狗TOP500,2026-07-18,368,想你和我们的以后,苏运莹,,4:32,5EBA7A9F8385FE7657E751870A287AFD,13669576,https://www.kugou.com/yy/rank/home/17-8888.html?from=rank
2026-07-18,2026-07-18T14:27:54+08:00,酷狗音乐,热歌榜,酷狗TOP500,2026-07-18,369,为爱痴狂2026,金志文,,3:36,B1E9BC18B02C998DB6CF32CD0E2CF208,194629486,https://www.kugou.com/yy/rank/home/17-8888.html?from=rank
2026-07-18,2026-07-18T14:27:54+08:00,酷狗音乐,热歌榜,酷狗TOP500,2026-07-18,370,陪你去流浪,薛之谦,,4:34,350519FFD1C92192F12B126BADB6FB2E,23509815,https://www.kugou.com/yy/rank/home/17-8888.html?from=rank
2026-07-18,2026-07-18T14:27:54+08:00,酷狗音乐,热歌榜,酷狗TOP500,2026-07-18,371,这叫爱,BY2,,3:30,5F0149010F4D5DB5255CB85DB41B0381,980795,https://www.kugou.com/yy/rank/home/17-8888.html?from=rank
2026-07-18,2026-07-18T14:27:54+08:00,酷狗音乐,热歌榜,酷狗TOP500,2026-07-18,372,记事本,陈慧琳,,4:11,26684870E2CE3936A3D72559F67C0606,2996651,https://www.kugou.com/yy/rank/home/17-8888.html?from=rank
2026-07-18,2026-07-18T14:27:54+08:00,酷狗音乐,热歌榜,酷狗TOP500,2026-07-18,373,悬溺,葛东琪,,3:17,666484E904A54B1E62C9FBFDBE6E2563,23773597,https://www.kugou.com/yy/rank/home/17-8888.html?from=rank
2026-07-18,2026-07-18T14:27:54+08:00,酷狗音乐,热歌榜,酷狗TOP500,2026-07-18,374,指纹,杜宣达,,4:00,EAF4CB91DA618DBEDC751F54B3B3620D,50057639,https://www.kugou.com/yy/rank/home/17-8888.html?from=rank
2026-07-18,2026-07-18T14:27:54+08:00,酷狗音乐,热歌榜,酷狗TOP500,2026-07-18,375,像我这样的人 (Live),毛不易,,2:52,4695B8373C1AF8E3262C822BFB5A55BD,2952169,https://www.kugou.com/yy/rank/home/18-8888.html?from=rank
2026-07-18,2026-07-18T14:27:54+08:00,酷狗音乐,热歌榜,酷狗TOP500,2026-07-18,376,天际,洋澜一,,5:46,DEAE9D1FC61F4810A0C15AA9CFD83722,76611526,https://www.kugou.com/yy/rank/home/18-8888.html?from=rank
2026-07-18,2026-07-18T14:27:54+08:00,酷狗音乐,热歌榜,酷狗TOP500,2026-07-18,377,真的用了心 (烟嗓蓝调版),呆帝,,4:20,01A236DD91CEA3178BF0A579D8867483,191807177,https://www.kugou.com/yy/rank/home/18-8888.html?from=rank
2026-07-18,2026-07-18T14:27:54+08:00,酷狗音乐,热歌榜,酷狗TOP500,2026-07-18,378,可能,程响,,3:37,38B234C1135A5E9A4C98D55C058A4894,57727291,https://www.kugou.com/yy/rank/home/18-8888.html?from=rank
2026-07-18,2026-07-18T14:27:54+08:00,酷狗音乐,热歌榜,酷狗TOP500,2026-07-18,379,有点甜,汪苏泷、BY2,,3:55,99CFDC717FEB7DABCD8A6392D821FC08,516425,https://www.kugou.com/yy/rank/home/18-8888.html?from=rank
2026-07-18,2026-07-18T14:27:54+08:00,酷狗音乐,热歌榜,酷狗TOP500,2026-07-18,380,少一点天份,孙盛希,,4:35,FFD1F05E5D06A1DDFAEDFE6A3379A271,566029,https://www.kugou.com/yy/rank/home/18-8888.html?from=rank
2026-07-18,2026-07-18T14:27:54+08:00,酷狗音乐,热歌榜,酷狗TOP500,2026-07-18,381,太想爱你 (烟嗓版),梁子,,3:21,C7C09A989F99DE50DB3990E0479F61D9,199227232,https://www.kugou.com/yy/rank/home/18-8888.html?from=rank
2026-07-18,2026-07-18T14:27:54+08:00,酷狗音乐,热歌榜,酷狗TOP500,2026-07-18,382,莫问归期,蒋雪儿Snow.J,,3:39,F0E418FB19E8D295D0F78E50AE3B7E30,27453193,https://www.kugou.com/yy/rank/home/18-8888.html?from=rank
2026-07-18,2026-07-18T14:27:54+08:00,酷狗音乐,热歌榜,酷狗TOP500,2026-07-18,383,海屿你,沈辞,,4:55,989579857295930A28831210D7842474,187023837,https://www.kugou.com/yy/rank/home/18-8888.html?from=rank
2026-07-18,2026-07-18T14:27:54+08:00,酷狗音乐,热歌榜,酷狗TOP500,2026-07-18,384,寂寞沙洲冷,周传雄,,4:35,36A4F5EAA748324A5D509D8EDC47699F,984377,https://www.kugou.com/yy/rank/home/18-8888.html?from=rank
2026-07-18,2026-07-18T14:27:54+08:00,酷狗音乐,热歌榜,酷狗TOP500,2026-07-18,385,第一次,光良,,4:23,872C58BF22F873F1F36CDA2500E58EC9,930387,https://www.kugou.com/yy/rank/home/18-8888.html?from=rank
2026-07-18,2026-07-18T14:27:54+08:00,酷狗音乐,热歌榜,酷狗TOP500,2026-07-18,386,明天，你好,牛奶咖啡,,4:32,A9527F71F7149F13E1F78B23C25DD30B,967562,https://www.kugou.com/yy/rank/home/18-8888.html?from=rank
2026-07-18,2026-07-18T14:27:54+08:00,酷狗音乐,热歌榜,酷狗TOP500,2026-07-18,387,小美满,周深,,3:34,04A21DB1AB3C8E0D1D8F51F11BDB03A1,83112420,https://www.kugou.com/yy/rank/home/18-8888.html?from=rank
2026-07-18,2026-07-18T14:27:54+08:00,酷狗音乐,热歌榜,酷狗TOP500,2026-07-18,388,我那么爱你怎么说忘就能忘,洋澜一,,3:48,191BB3AB0692407EF9D6F3D6A88E6D36,198959015,https://www.kugou.com/yy/rank/home/18-8888.html?from=rank
2026-07-18,2026-07-18T14:27:54+08:00,酷狗音乐,热歌榜,酷狗TOP500,2026-07-18,389,手写的从前,周杰伦,,4:58,2920D0149AD73FAC588C264539F7927F,962593,https://www.kugou.com/yy/rank/home/18-8888.html?from=rank
2026-07-18,2026-07-18T14:27:54+08:00,酷狗音乐,热歌榜,酷狗TOP500,2026-07-18,390,倒带,蔡依林,,4:26,446507D2332BC3F263596363A97C6E95,976925,https://www.kugou.com/yy/rank/home/18-8888.html?from=rank
2026-07-18,2026-07-18T14:27:54+08:00,酷狗音乐,热歌榜,酷狗TOP500,2026-07-18,391,走走,李荣浩,,5:04,0BD5B6F56CED35BB3380425EC02E1098,106374641,https://www.kugou.com/yy/rank/home/18-8888.html?from=rank
2026-07-18,2026-07-18T14:27:54+08:00,酷狗音乐,热歌榜,酷狗TOP500,2026-07-18,392,我太笨,锤娜丽莎,,4:25,A5D4F40382C0DF1A95A48A617793F03E,46432417,https://www.kugou.com/yy/rank/home/18-8888.html?from=rank
2026-07-18,2026-07-18T14:27:54+08:00,酷狗音乐,热歌榜,酷狗TOP500,2026-07-18,393,一场游戏一场梦,王杰,,4:17,55340B431243FF5F112527EFC0591232,7547885,https://www.kugou.com/yy/rank/home/18-8888.html?from=rank
2026-07-18,2026-07-18T14:27:54+08:00,酷狗音乐,热歌榜,酷狗TOP500,2026-07-18,394,红豆,王菲,,4:16,AEF916A18BAAE9C8E7807179C8DA64D1,960812,https://www.kugou.com/yy/rank/home/18-8888.html?from=rank
2026-07-18,2026-07-18T14:27:54+08:00,酷狗音乐,热歌榜,酷狗TOP500,2026-07-18,395,我想念,汪苏泷,,3:45,A6545AABFE93C5495BA8ADB2A555B84F,76163380,https://www.kugou.com/yy/rank/home/18-8888.html?from=rank
2026-07-18,2026-07-18T14:27:54+08:00,酷狗音乐,热歌榜,酷狗TOP500,2026-07-18,396,单身情歌,林志炫,,4:35,ACD27A452FE3D0348D38540762DA7BEB,971171,https://www.kugou.com/yy/rank/home/18-8888.html?from=rank
2026-07-18,2026-07-18T14:27:54+08:00,酷狗音乐,热歌榜,酷狗TOP500,2026-07-18,397,一个人想着一个人 (说唱版),艾比利,,3:09,A4C9C11B5C6CD698FBA54D0AB3FE71CA,102363749,https://www.kugou.com/yy/rank/home/19-8888.html?from=rank
2026-07-18,2026-07-18T14:27:54+08:00,酷狗音乐,热歌榜,酷狗TOP500,2026-07-18,398,下雨天,南拳妈妈,,4:13,947127F991A6A4FF77C89779E6B25AF4,983794,https://www.kugou.com/yy/rank/home/19-8888.html?from=rank
2026-07-18,2026-07-18T14:27:54+08:00,酷狗音乐,热歌榜,酷狗TOP500,2026-07-18,399,想你的夜,关喆,,4:25,1404A292A6E122C99696BDFF04CE982F,963737,https://www.kugou.com/yy/rank/home/19-8888.html?from=rank
2026-07-18,2026-07-18T14:27:54+08:00,酷狗音乐,热歌榜,酷狗TOP500,2026-07-18,400,玫瑰花的葬礼,许嵩,,4:21,0A335E9374392B72E5965D8F6165E564,1968878,https://www.kugou.com/yy/rank/home/19-8888.html?from=rank
2026-07-18,2026-07-18T14:27:54+08:00,酷狗音乐,热歌榜,酷狗TOP500,2026-07-18,401,离人赋,云汐,,3:57,321EC3B1BB1D8F1D2EFB7A40AC911CA4,64168081,https://www.kugou.com/yy/rank/home/19-8888.html?from=rank
2026-07-18,2026-07-18T14:27:54+08:00,酷狗音乐,热歌榜,酷狗TOP500,2026-07-18,402,反方向的钟,周杰伦,,4:18,A6049AAB184A305CAA906C6BBB8E8233,978031,https://www.kugou.com/yy/rank/home/19-8888.html?from=rank
2026-07-18,2026-07-18T14:27:54+08:00,酷狗音乐,热歌榜,酷狗TOP500,2026-07-18,403,讨厌 (Live),杨丞琳、欧阳娜娜,,4:02,F676BAF5BCB735BBE7C74135AFA275C5,198905696,https://www.kugou.com/yy/rank/home/19-8888.html?from=rank
2026-07-18,2026-07-18T14:27:54+08:00,酷狗音乐,热歌榜,酷狗TOP500,2026-07-18,404,遗留在岁月的曾经,曲木老表,,3:49,4C1A5D2BD02B857C72364B1416124256,167884062,https://www.kugou.com/yy/rank/home/19-8888.html?from=rank
2026-07-18,2026-07-18T14:27:54+08:00,酷狗音乐,热歌榜,酷狗TOP500,2026-07-18,405,那些年,胡夏,,6:10,954D4606AF23C1B7A9740676838BCFB2,974137,https://www.kugou.com/yy/rank/home/19-8888.html?from=rank
2026-07-18,2026-07-18T14:27:54+08:00,酷狗音乐,热歌榜,酷狗TOP500,2026-07-18,406,玉芬啊玉芬你让彪哥好伤心,老韩很哇塞,,3:00,AFF2135F30F90B6768AF3320505559CF,177493243,https://www.kugou.com/yy/rank/home/19-8888.html?from=rank
2026-07-18,2026-07-18T14:27:54+08:00,酷狗音乐,热歌榜,酷狗TOP500,2026-07-18,407,我的秘密 (G.E.M.重生版),G.E.M. 邓紫棋,,4:10,427CD3B1785609EE485CA3BCD6608FFE,150256944,https://www.kugou.com/yy/rank/home/19-8888.html?from=rank
2026-07-18,2026-07-18T14:27:54+08:00,酷狗音乐,热歌榜,酷狗TOP500,2026-07-18,408,time machine (feat. aren park)(Original Mix),mj apanay、aren park,,3:46,6FC23D8694067908061BB145B6DFCB87,100264848,https://www.kugou.com/yy/rank/home/19-8888.html?from=rank
2026-07-18,2026-07-18T14:27:54+08:00,酷狗音乐,热歌榜,酷狗TOP500,2026-07-18,409,慢慢离开你,金润吉,,3:51,27915AFE951AD80B584AC4EB4DA41CF7,107320623,https://www.kugou.com/yy/rank/home/19-8888.html?from=rank
2026-07-18,2026-07-18T14:27:54+08:00,酷狗音乐,热歌榜,酷狗TOP500,2026-07-18,410,梦的翅膀受了伤,蒋雪儿Snow.J,,4:36,7A81BAEB183BF72FFD9FF9F7DA9BE89E,965597,https://www.kugou.com/yy/rank/home/19-8888.html?from=rank
2026-07-18,2026-07-18T14:27:54+08:00,酷狗音乐,热歌榜,酷狗TOP500,2026-07-18,411,零距离的思念,TINY7,,3:06,279A50FF5784F3A92F0ABB689B0335EE,137584528,https://www.kugou.com/yy/rank/home/19-8888.html?from=rank
2026-07-18,2026-07-18T14:27:54+08:00,酷狗音乐,热歌榜,酷狗TOP500,2026-07-18,412,怎么说我不爱你,萧敬腾,,4:35,30A31A94C77268C92886E00D912AC03B,958893,https://www.kugou.com/yy/rank/home/19-8888.html?from=rank
2026-07-18,2026-07-18T14:27:54+08:00,酷狗音乐,热歌榜,酷狗TOP500,2026-07-18,413,咏春,七朵组合,,4:31,9C54B0CCA0581987E92560F11413E88F,8344834,https://www.kugou.com/yy/rank/home/19-8888.html?from=rank
2026-07-18,2026-07-18T14:27:54+08:00,酷狗音乐,热歌榜,酷狗TOP500,2026-07-18,414,谁,洋澜一,,3:40,445C54E59AB287FCF15D68FAF92CD9B7,89608819,https://www.kugou.com/yy/rank/home/19-8888.html?from=rank
2026-07-18,2026-07-18T14:27:54+08:00,酷狗音乐,热歌榜,酷狗TOP500,2026-07-18,415,故乡,许巍,,5:14,9EFC9C93AB181E42113F226DFCFA454D,971568,https://www.kugou.com/yy/rank/home/19-8888.html?from=rank
2026-07-18,2026-07-18T14:27:54+08:00,酷狗音乐,热歌榜,酷狗TOP500,2026-07-18,416,醒来折花 (微醺版),涂一乐,,2:39,93A636A2129EFB6475B0C01AF0821322,194250362,https://www.kugou.com/yy/rank/home/19-8888.html?from=rank
2026-07-18,2026-07-18T14:27:54+08:00,酷狗音乐,热歌榜,酷狗TOP500,2026-07-18,417,情罪,陈瑞,,4:45,9642484D6F37650295B370CD52553DC5,80617215,https://www.kugou.com/yy/rank/home/19-8888.html?from=rank
2026-07-18,2026-07-18T14:27:54+08:00,酷狗音乐,热歌榜,酷狗TOP500,2026-07-18,418,容易受伤的女人,王菲,,4:21,C4BDD79D611789B65B368283D4DDAB0F,980244,https://www.kugou.com/yy/rank/home/19-8888.html?from=rank
2026-07-18,2026-07-18T14:27:54+08:00,酷狗音乐,热歌榜,酷狗TOP500,2026-07-18,419,读心术,卓文萱,,4:20,3F98A771F8F33556966A9990F66D95C4,965920,https://www.kugou.com/yy/rank/home/20-8888.html?from=rank
2026-07-18,2026-07-18T14:27:54+08:00,酷狗音乐,热歌榜,酷狗TOP500,2026-07-18,420,My Bed (Explicit),Leah Kate,,2:44,6E6104198DA489F603C8F4C5D2E7FF4C,65853253,https://www.kugou.com/yy/rank/home/20-8888.html?from=rank
2026-07-18,2026-07-18T14:27:54+08:00,酷狗音乐,热歌榜,酷狗TOP500,2026-07-18,421,离别开出花 (弹唱版),就是南方凯,,2:52,67911051D7E5B9B3343847D73BF883F5,81781305,https://www.kugou.com/yy/rank/home/20-8888.html?from=rank
2026-07-18,2026-07-18T14:27:54+08:00,酷狗音乐,热歌榜,酷狗TOP500,2026-07-18,422,孤雏,AGA,,4:53,8BB44BFFC9A9CFC06706D37DA52B617B,1821989,https://www.kugou.com/yy/rank/home/20-8888.html?from=rank
2026-07-18,2026-07-18T14:27:54+08:00,酷狗音乐,热歌榜,酷狗TOP500,2026-07-18,423,修炼爱情,林俊杰,,4:47,8748C12719DCA9F588B1118AC05F6BF8,972188,https://www.kugou.com/yy/rank/home/20-8888.html?from=rank
2026-07-18,2026-07-18T14:27:54+08:00,酷狗音乐,热歌榜,酷狗TOP500,2026-07-18,424,可惜春风不懂我伤悲,田园,,3:26,FA6A0CE74A6E7770E581078EF38B9278,195387503,https://www.kugou.com/yy/rank/home/20-8888.html?from=rank
2026-07-18,2026-07-18T14:27:54+08:00,酷狗音乐,热歌榜,酷狗TOP500,2026-07-18,425,天亮以前说再见 (雪花多舍不得冬天),四熹丸子,,3:53,36255921966B48B35A6E31D843C1CDD4,133064388,https://www.kugou.com/yy/rank/home/20-8888.html?from=rank
2026-07-18,2026-07-18T14:27:54+08:00,酷狗音乐,热歌榜,酷狗TOP500,2026-07-18,426,同花顺,林倛玉,,3:57,87C979FC3CBA27D6345528A1BEF05477,8603846,https://www.kugou.com/yy/rank/home/20-8888.html?from=rank
2026-07-18,2026-07-18T14:27:54+08:00,酷狗音乐,热歌榜,酷狗TOP500,2026-07-18,427,雨蝶,李翊君,,3:51,C83424ACF417185057E278554B91D4C0,7549108,https://www.kugou.com/yy/rank/home/20-8888.html?from=rank
2026-07-18,2026-07-18T14:27:54+08:00,酷狗音乐,热歌榜,酷狗TOP500,2026-07-18,428,冷夜,陈默之,,4:07,DC939521FA5F5736A33765D56B90E03C,84595635,https://www.kugou.com/yy/rank/home/20-8888.html?from=rank
2026-07-18,2026-07-18T14:27:54+08:00,酷狗音乐,热歌榜,酷狗TOP500,2026-07-18,429,沈园外,阿YueYue、戾格、小田音乐社,,3:43,9B46F3774EEC55D47508E93A468FF5FC,40796517,https://www.kugou.com/yy/rank/home/20-8888.html?from=rank
2026-07-18,2026-07-18T14:27:54+08:00,酷狗音乐,热歌榜,酷狗TOP500,2026-07-18,430,你听得到,周杰伦,,3:50,D7F42691CB6134BA8AA247F0A1DBD060,966846,https://www.kugou.com/yy/rank/home/20-8888.html?from=rank
2026-07-18,2026-07-18T14:27:54+08:00,酷狗音乐,热歌榜,酷狗TOP500,2026-07-18,431,先说谎的人,h3R3、张鑫,,2:49,4F2F51A01A6FF91435D80EEC62E759C0,51331566,https://www.kugou.com/yy/rank/home/20-8888.html?from=rank
2026-07-18,2026-07-18T14:27:54+08:00,酷狗音乐,热歌榜,酷狗TOP500,2026-07-18,432,给我一首歌的时间,周杰伦,,4:14,EAD10DC931A1102A10FDCD3665010322,960399,https://www.kugou.com/yy/rank/home/20-8888.html?from=rank
2026-07-18,2026-07-18T14:27:54+08:00,酷狗音乐,热歌榜,酷狗TOP500,2026-07-18,433,等你下课 (with 杨瑞代),周杰伦,,4:30,5D043EC8BF78A185A01CC45A6032DE1F,58849245,https://www.kugou.com/yy/rank/home/20-8888.html?from=rank
2026-07-18,2026-07-18T14:27:54+08:00,酷狗音乐,热歌榜,酷狗TOP500,2026-07-18,434,Call You Tonight,Whitney Houston,,4:10,3378039942BA822731531F34BACF9CA1,561454,https://www.kugou.com/yy/rank/home/20-8888.html?from=rank
2026-07-18,2026-07-18T14:27:54+08:00,酷狗音乐,热歌榜,酷狗TOP500,2026-07-18,435,求佛,誓言,,4:46,7B7140B23A836DC6EE63B6CD48482402,7614,https://www.kugou.com/yy/rank/home/20-8888.html?from=rank
2026-07-18,2026-07-18T14:27:54+08:00,酷狗音乐,热歌榜,酷狗TOP500,2026-07-18,436,刚好遇见你,李玉刚,,3:20,58B004C56B6AB6CE1CA3C1E8C6781D0E,1820033,https://www.kugou.com/yy/rank/home/20-8888.html?from=rank
2026-07-18,2026-07-18T14:27:54+08:00,酷狗音乐,热歌榜,酷狗TOP500,2026-07-18,437,空心,光泽,,4:39,4465EE613CC3CF7DCF9448F8ACFED1CA,4141939,https://www.kugou.com/yy/rank/home/20-8888.html?from=rank
2026-07-18,2026-07-18T14:27:54+08:00,酷狗音乐,热歌榜,酷狗TOP500,2026-07-18,438,I'm Waiting (Radio Edit),Stage Rockers,,4:30,5FB4D4C2336C116945C5CCA9862D7B67,1949715,https://www.kugou.com/yy/rank/home/20-8888.html?from=rank
2026-07-18,2026-07-18T14:27:54+08:00,酷狗音乐,热歌榜,酷狗TOP500,2026-07-18,439,有我呢,郭一凡,,4:35,8E21C8F3484FB56833F563754A05CB25,32452531,https://www.kugou.com/yy/rank/home/20-8888.html?from=rank
2026-07-18,2026-07-18T14:27:54+08:00,酷狗音乐,热歌榜,酷狗TOP500,2026-07-18,440,他不懂,张杰,,3:52,BA40D69184A05D7BCD335028C5C613BE,38606351,https://www.kugou.com/yy/rank/home/20-8888.html?from=rank
2026-07-18,2026-07-18T14:27:54+08:00,酷狗音乐,热歌榜,酷狗TOP500,2026-07-18,441,命运,家家,,3:51,B149A3BFD19481F91B9A652AA8EA21C1,959745,https://www.kugou.com/yy/rank/home/21-8888.html?from=rank
2026-07-18,2026-07-18T14:27:54+08:00,酷狗音乐,热歌榜,酷狗TOP500,2026-07-18,442,如果这就是爱情,张靓颖,,4:43,4E871DF1E2034CF6BAAD7B03D2386058,2597425,https://www.kugou.com/yy/rank/home/21-8888.html?from=rank
2026-07-18,2026-07-18T14:27:54+08:00,酷狗音乐,热歌榜,酷狗TOP500,2026-07-18,443,安和桥,宇西,,4:09,BFB6233E7687776800FDA3FD76EBFB41,13667444,https://www.kugou.com/yy/rank/home/21-8888.html?from=rank
2026-07-18,2026-07-18T14:27:54+08:00,酷狗音乐,热歌榜,酷狗TOP500,2026-07-18,444,Bad Boy,万妮达Vinida Weng,,3:06,E262225FEEA662FC66D5C5ADDC665E27,198909938,https://www.kugou.com/yy/rank/home/21-8888.html?from=rank
2026-07-18,2026-07-18T14:27:54+08:00,酷狗音乐,热歌榜,酷狗TOP500,2026-07-18,445,这世界那么多人,莫文蔚,,4:46,8217FD6FE2973658781FB08DA4F8C4D6,44349469,https://www.kugou.com/yy/rank/home/21-8888.html?from=rank
2026-07-18,2026-07-18T14:27:54+08:00,酷狗音乐,热歌榜,酷狗TOP500,2026-07-18,446,我好像在哪见过你,薛之谦,,4:39,6A350E487263733359E7F2B64BD974AC,1747549,https://www.kugou.com/yy/rank/home/21-8888.html?from=rank
2026-07-18,2026-07-18T14:27:54+08:00,酷狗音乐,热歌榜,酷狗TOP500,2026-07-18,447,Take Me to Your Heart,Michael Learns To Rock,,3:59,97ED0BF75D3D6EEB97A326073F503AC8,561642,https://www.kugou.com/yy/rank/home/21-8888.html?from=rank
2026-07-18,2026-07-18T14:27:54+08:00,酷狗音乐,热歌榜,酷狗TOP500,2026-07-18,448,天若有情,A-Lin,,4:17,2E6CE4E79982AE2119A69C1D30537EA2,1805426,https://www.kugou.com/yy/rank/home/21-8888.html?from=rank
2026-07-18,2026-07-18T14:27:54+08:00,酷狗音乐,热歌榜,酷狗TOP500,2026-07-18,449,一生有你 (女声版),落日微醺,,3:48,0A1777238096096E70CD06AB9DE41527,195005243,https://www.kugou.com/yy/rank/home/21-8888.html?from=rank
2026-07-18,2026-07-18T14:27:54+08:00,酷狗音乐,热歌榜,酷狗TOP500,2026-07-18,450,人间共鸣,李健,,4:19,C9A5658204BD4E941F3DB2FB132D4968,176253415,https://www.kugou.com/yy/rank/home/21-8888.html?from=rank
2026-07-18,2026-07-18T14:27:54+08:00,酷狗音乐,热歌榜,酷狗TOP500,2026-07-18,451,不得不爱,潘玮柏、弦子,,4:41,8F9E3FD474EA612C61EB20D1415767BF,972809,https://www.kugou.com/yy/rank/home/21-8888.html?from=rank
2026-07-18,2026-07-18T14:27:54+08:00,酷狗音乐,热歌榜,酷狗TOP500,2026-07-18,452,你的样子 (烟嗓版),十一经典老歌,,3:17,9CF9C5DDBC66437ED5BF2EDB46FF94D8,193387171,https://www.kugou.com/yy/rank/home/21-8888.html?from=rank
2026-07-18,2026-07-18T14:27:54+08:00,酷狗音乐,热歌榜,酷狗TOP500,2026-07-18,453,推开世界的门,杨乃文,,4:42,6B5A905C8904FD4A23D255DA1B5592C9,1803972,https://www.kugou.com/yy/rank/home/21-8888.html?from=rank
2026-07-18,2026-07-18T14:27:54+08:00,酷狗音乐,热歌榜,酷狗TOP500,2026-07-18,454,Wonderful U (Demo Version),AGA,,4:09,622AF1B107CBAA754D91C802A553312A,1076384,https://www.kugou.com/yy/rank/home/21-8888.html?from=rank
2026-07-18,2026-07-18T14:27:54+08:00,酷狗音乐,热歌榜,酷狗TOP500,2026-07-18,455,风说,陈默默,,3:16,0B5170DE93324721489451BA976EA11F,184291436,https://www.kugou.com/yy/rank/home/21-8888.html?from=rank
2026-07-18,2026-07-18T14:27:54+08:00,酷狗音乐,热歌榜,酷狗TOP500,2026-07-18,456,大城小爱,王力宏,,3:45,3EAF74E9E5065C03B050F356F0567311,2820176,https://www.kugou.com/yy/rank/home/21-8888.html?from=rank
2026-07-18,2026-07-18T14:27:54+08:00,酷狗音乐,热歌榜,酷狗TOP500,2026-07-18,457,大花轿 (feat.火风),张艺兴、火风,,3:11,E851D731AB952CC8BA6B7EE0822696A5,173139857,https://www.kugou.com/yy/rank/home/21-8888.html?from=rank
2026-07-18,2026-07-18T14:27:54+08:00,酷狗音乐,热歌榜,酷狗TOP500,2026-07-18,458,Fast Cars & Superstars,Cristian Marchi、Reverend Haus,,2:52,9EA177A8A77A9E31B164F6BDA20D4776,81561846,https://www.kugou.com/yy/rank/home/21-8888.html?from=rank
2026-07-18,2026-07-18T14:27:54+08:00,酷狗音乐,热歌榜,酷狗TOP500,2026-07-18,459,美丽的神话,孙楠、韩红,,4:52,877281C8E094A848F022BCAAA76945CB,964166,https://www.kugou.com/yy/rank/home/21-8888.html?from=rank
2026-07-18,2026-07-18T14:27:54+08:00,酷狗音乐,热歌榜,酷狗TOP500,2026-07-18,460,深爱过的人怎么放手,万能和弦,,3:57,43E2C5962E6540E6649B45F9212BFF06,179359732,https://www.kugou.com/yy/rank/home/21-8888.html?from=rank
2026-07-18,2026-07-18T14:27:54+08:00,酷狗音乐,热歌榜,酷狗TOP500,2026-07-18,461,暖暖,梁静茹,,4:03,D7E7A2C2B33386E834238AC7CBC3524E,2997466,https://www.kugou.com/yy/rank/home/21-8888.html?from=rank
2026-07-18,2026-07-18T14:27:54+08:00,酷狗音乐,热歌榜,酷狗TOP500,2026-07-18,462,画,赵雷,,3:46,F5F4E2CAE64AC055C3E22A6C807832EE,965599,https://www.kugou.com/yy/rank/home/21-8888.html?from=rank
2026-07-18,2026-07-18T14:27:54+08:00,酷狗音乐,热歌榜,酷狗TOP500,2026-07-18,463,Una Mattina,Papa Tin,,2:57,B667D853B7DB6CC5702FABE35DF12009,100895497,https://www.kugou.com/yy/rank/home/22-8888.html?from=rank
2026-07-18,2026-07-18T14:27:54+08:00,酷狗音乐,热歌榜,酷狗TOP500,2026-07-18,464,借口,周杰伦,,4:20,47C5990AEBDBDC27239D989BC3FF638E,971783,https://www.kugou.com/yy/rank/home/22-8888.html?from=rank
2026-07-18,2026-07-18T14:27:54+08:00,酷狗音乐,热歌榜,酷狗TOP500,2026-07-18,465,也许在下雨天 (辣条版),汲麟,,3:53,9187BCC5D5603C613B769A9ED7143A8F,196766502,https://www.kugou.com/yy/rank/home/22-8888.html?from=rank
2026-07-18,2026-07-18T14:27:54+08:00,酷狗音乐,热歌榜,酷狗TOP500,2026-07-18,466,逍遥仙,筷子兄弟,,3:44,DB55839AA8A9EBCECCD87948ED031B15,195208297,https://www.kugou.com/yy/rank/home/22-8888.html?from=rank
2026-07-18,2026-07-18T14:27:54+08:00,酷狗音乐,热歌榜,酷狗TOP500,2026-07-18,467,大眠,王心凌,,4:00,A7FABF26BF07963E8BFB7705DBB503FC,13487578,https://www.kugou.com/yy/rank/home/22-8888.html?from=rank
2026-07-18,2026-07-18T14:27:54+08:00,酷狗音乐,热歌榜,酷狗TOP500,2026-07-18,468,探故知,浅影阿、汐音社,,3:22,50768F55FCD98CC35588BC8FB436C08C,79427976,https://www.kugou.com/yy/rank/home/22-8888.html?from=rank
2026-07-18,2026-07-18T14:27:54+08:00,酷狗音乐,热歌榜,酷狗TOP500,2026-07-18,469,Sinos De Natal,MGD、MXZHPHXNK,,2:12,237C8FD6EC0BFC92E2584EF377705E8F,168252092,https://www.kugou.com/yy/rank/home/22-8888.html?from=rank
2026-07-18,2026-07-18T14:27:54+08:00,酷狗音乐,热歌榜,酷狗TOP500,2026-07-18,470,天下,张杰,,3:42,17B11C65674378CA43995537331E1D9C,38606351,https://www.kugou.com/yy/rank/home/22-8888.html?from=rank
2026-07-18,2026-07-18T14:27:54+08:00,酷狗音乐,热歌榜,酷狗TOP500,2026-07-18,471,追光者,岑宁儿,,3:56,03F818EF5B72D16F65BD6298FB99B440,2706911,https://www.kugou.com/yy/rank/home/22-8888.html?from=rank
2026-07-18,2026-07-18T14:27:54+08:00,酷狗音乐,热歌榜,酷狗TOP500,2026-07-18,472,习惯失恋,容祖儿,,3:57,AE122E306884C427CAC1E93F65EFE670,533125,https://www.kugou.com/yy/rank/home/22-8888.html?from=rank
2026-07-18,2026-07-18T14:27:54+08:00,酷狗音乐,热歌榜,酷狗TOP500,2026-07-18,473,别怕我伤心,张信哲,,4:47,976677A739F25908591FA822CB1F1DF3,538030,https://www.kugou.com/yy/rank/home/22-8888.html?from=rank
2026-07-18,2026-07-18T14:27:54+08:00,酷狗音乐,热歌榜,酷狗TOP500,2026-07-18,474,叹云兮,鞠婧祎,,4:43,9CBB77B83B8D7D8113C6A60B8230D3E4,8700851,https://www.kugou.com/yy/rank/home/22-8888.html?from=rank
2026-07-18,2026-07-18T14:27:54+08:00,酷狗音乐,热歌榜,酷狗TOP500,2026-07-18,475,你的万水千山,海来阿木,,4:10,FFD933E5C7325D15924421D7E6E0BF3F,37735226,https://www.kugou.com/yy/rank/home/22-8888.html?from=rank
2026-07-18,2026-07-18T14:27:54+08:00,酷狗音乐,热歌榜,酷狗TOP500,2026-07-18,476,你不知道的事,王力宏,,4:39,3722EE8644818A260FD8AF3A173D71C3,982128,https://www.kugou.com/yy/rank/home/22-8888.html?from=rank
2026-07-18,2026-07-18T14:27:54+08:00,酷狗音乐,热歌榜,酷狗TOP500,2026-07-18,477,春泥,余超颖,,4:01,24E58A122DCBE890FBC87A275244BF22,55863407,https://www.kugou.com/yy/rank/home/22-8888.html?from=rank
2026-07-18,2026-07-18T14:27:54+08:00,酷狗音乐,热歌榜,酷狗TOP500,2026-07-18,478,动物世界,薛之谦,,3:51,F0CC6DB3E574FF08635CC43B16B8F359,7818079,https://www.kugou.com/yy/rank/home/22-8888.html?from=rank
2026-07-18,2026-07-18T14:27:54+08:00,酷狗音乐,热歌榜,酷狗TOP500,2026-07-18,479,颜色,Gareth.T,,3:31,550CDD3C7EA9939D258C0A976B3FA0E4,145760181,https://www.kugou.com/yy/rank/home/22-8888.html?from=rank
2026-07-18,2026-07-18T14:27:54+08:00,酷狗音乐,热歌榜,酷狗TOP500,2026-07-18,480,人间,王菲,,4:45,AEC30C06392150FB0F3A8FAC4C57E784,20142,https://www.kugou.com/yy/rank/home/22-8888.html?from=rank
2026-07-18,2026-07-18T14:27:54+08:00,酷狗音乐,热歌榜,酷狗TOP500,2026-07-18,481,再见,G.E.M. 邓紫棋,,3:26,EC2F249E4CCA0CF59F660876C54BEC1F,555825,https://www.kugou.com/yy/rank/home/22-8888.html?from=rank
2026-07-18,2026-07-18T14:27:54+08:00,酷狗音乐,热歌榜,酷狗TOP500,2026-07-18,482,淋雨的人,阿图表妹,,3:59,EEB3B4F416E4D8777817C79127FCBFFC,183624154,https://www.kugou.com/yy/rank/home/22-8888.html?from=rank
2026-07-18,2026-07-18T14:27:54+08:00,酷狗音乐,热歌榜,酷狗TOP500,2026-07-18,483,像鱼,王贰浪,,4:45,6215C5A85B30E53C2E4C20C4DED38D72,13621986,https://www.kugou.com/yy/rank/home/22-8888.html?from=rank
2026-07-18,2026-07-18T14:27:54+08:00,酷狗音乐,热歌榜,酷狗TOP500,2026-07-18,484,古风2026,一颗狼星、糯米Nomi、倪浩毅、指尖笑、草帽酱、执素兮、平生不晚、浅影阿,,3:47,6F672BF8E8D7EF9C65E9D4D62B2DB57B,195187933,https://www.kugou.com/yy/rank/home/22-8888.html?from=rank
2026-07-18,2026-07-18T14:27:54+08:00,酷狗音乐,热歌榜,酷狗TOP500,2026-07-18,485,Star Crossing Night (feat. GALI),徐明浩、GALI,,3:25,365E247CFC88B7CEFBF9A03F1576065C,158890325,https://www.kugou.com/yy/rank/home/23-8888.html?from=rank
2026-07-18,2026-07-18T14:27:54+08:00,酷狗音乐,热歌榜,酷狗TOP500,2026-07-18,486,麻雀,李荣浩,,4:13,2E4C5A85A751AF5A0B200D5AA0629226,34731198,https://www.kugou.com/yy/rank/home/23-8888.html?from=rank
2026-07-18,2026-07-18T14:27:54+08:00,酷狗音乐,热歌榜,酷狗TOP500,2026-07-18,487,爱琴海,周杰伦,,3:34,2A6015676A3C8DA32FD1A3BB29B75642,179652761,https://www.kugou.com/yy/rank/home/23-8888.html?from=rank
2026-07-18,2026-07-18T14:27:54+08:00,酷狗音乐,热歌榜,酷狗TOP500,2026-07-18,488,天亮以前说再见,何野,,4:00,18E9FC6CF97258B75D090188EDBAE95B,11792318,https://www.kugou.com/yy/rank/home/23-8888.html?from=rank
2026-07-18,2026-07-18T14:27:54+08:00,酷狗音乐,热歌榜,酷狗TOP500,2026-07-18,489,叹我,阿麦姑娘,,3:33,992A2C772B630F0E6AC3243C22232B26,190806182,https://www.kugou.com/yy/rank/home/23-8888.html?from=rank
2026-07-18,2026-07-18T14:27:54+08:00,酷狗音乐,热歌榜,酷狗TOP500,2026-07-18,490,Poker Face,Lady Gaga,,3:57,645E837927E3207AD0AEA3997EB00444,38501704,https://www.kugou.com/yy/rank/home/23-8888.html?from=rank
2026-07-18,2026-07-18T14:27:54+08:00,酷狗音乐,热歌榜,酷狗TOP500,2026-07-18,491,傻女,陈慧娴,,3:48,3CAA288987F37A48A72852A989A6260D,530943,https://www.kugou.com/yy/rank/home/23-8888.html?from=rank
2026-07-18,2026-07-18T14:27:54+08:00,酷狗音乐,热歌榜,酷狗TOP500,2026-07-18,492,Deadman,蔡徐坤,,3:56,313EFEED9A2AD13DB6FF06CC07B49A0C,148486521,https://www.kugou.com/yy/rank/home/23-8888.html?from=rank
2026-07-18,2026-07-18T14:27:54+08:00,酷狗音乐,热歌榜,酷狗TOP500,2026-07-18,493,你 (钢琴曲),灰色思绪,,2:11,2AB9F8464415499CE2D81B8280E62706,199393212,https://www.kugou.com/yy/rank/home/23-8888.html?from=rank
2026-07-18,2026-07-18T14:27:54+08:00,酷狗音乐,热歌榜,酷狗TOP500,2026-07-18,494,依兰爱情故事 (Live),岳云鹏、金志文、管乐,,4:52,5CE2E8BD87AAD5D6FFA8A0782C4C06F0,197120493,https://www.kugou.com/yy/rank/home/23-8888.html?from=rank
2026-07-18,2026-07-18T14:27:54+08:00,酷狗音乐,热歌榜,酷狗TOP500,2026-07-18,495,世界赠予我的,王菲,,4:04,BE84F84C55D0D1B458158092272CC3A8,135677703,https://www.kugou.com/yy/rank/home/23-8888.html?from=rank
2026-07-18,2026-07-18T14:27:54+08:00,酷狗音乐,热歌榜,酷狗TOP500,2026-07-18,496,如果爱忘了 (Live),汪苏泷、单依纯,,4:05,50F260DC0A2E7203A1AB89E1937F3927,83718089,https://www.kugou.com/yy/rank/home/23-8888.html?from=rank
2026-07-18,2026-07-18T14:27:54+08:00,酷狗音乐,热歌榜,酷狗TOP500,2026-07-18,497,北京的雨,张艺兴,,3:02,47DB8118DF253A2DA33731E002E71592,197848865,https://www.kugou.com/yy/rank/home/23-8888.html?from=rank
2026-07-18,2026-07-18T14:27:54+08:00,酷狗音乐,热歌榜,酷狗TOP500,2026-07-18,498,包容,郑源,,4:23,86470F212F05E4F736C1B36954685338,963730,https://www.kugou.com/yy/rank/home/23-8888.html?from=rank
2026-07-18,2026-07-18T14:27:54+08:00,酷狗音乐,热歌榜,酷狗TOP500,2026-07-18,499,一路生花,温奕心,,4:16,4F18553F2AF06E355AD75A5EE6173456,45305792,https://www.kugou.com/yy/rank/home/23-8888.html?from=rank
2026-07-18,2026-07-18T14:27:54+08:00,酷狗音乐,热歌榜,酷狗TOP500,2026-07-18,500,跳楼机,LBI利比（时柏尘）,,3:22,D3E23078C8DD32E5E47BF12B537C5F61,108413875,https://www.kugou.com/yy/rank/home/23-8888.html?from=rank
2026-07-18,2026-07-18T14:27:54+08:00,酷狗音乐,飙升榜,酷狗飙升榜,2026-07-18,1,媚人,薛之谦,,3:46,E483477C86BE5ECCAFBF090F0E8F866B,199628146,https://www.kugou.com/yy/rank/home/1-6666.html?from=rank
2026-07-18,2026-07-18T14:27:54+08:00,酷狗音乐,飙升榜,酷狗飙升榜,2026-07-18,2,下一站 Beyond This Station,小林未郁、HOYO-MiX,,3:49,1DBD46650E8F900E82B75D5B77FBD32A,199481595,https://www.kugou.com/yy/rank/home/1-6666.html?from=rank
2026-07-18,2026-07-18T14:27:54+08:00,酷狗音乐,飙升榜,酷狗飙升榜,2026-07-18,3,你懂我的眼泪,A江也眠,,2:59,FE39AF92D44C38DCB28F6F125EB33F3C,195545640,https://www.kugou.com/yy/rank/home/1-6666.html?from=rank
2026-07-18,2026-07-18T14:27:54+08:00,酷狗音乐,飙升榜,酷狗飙升榜,2026-07-18,4,太想爱你 (烟嗓版),梁子,,3:21,C7C09A989F99DE50DB3990E0479F61D9,199227232,https://www.kugou.com/yy/rank/home/1-6666.html?from=rank
2026-07-18,2026-07-18T14:27:54+08:00,酷狗音乐,飙升榜,酷狗飙升榜,2026-07-18,5,Head In You,MIKS,,2:21,4B24CCB71C728ABAB98B4B19759EFE9F,195574210,https://www.kugou.com/yy/rank/home/1-6666.html?from=rank
2026-07-18,2026-07-18T14:27:54+08:00,酷狗音乐,飙升榜,酷狗飙升榜,2026-07-18,6,还是分开 (破碎氛围版),月亮失了约zz,,2:04,2B562FA10BE047E8ABAFB7B7BAE332F0,199251213,https://www.kugou.com/yy/rank/home/1-6666.html?from=rank
2026-07-18,2026-07-18T14:27:54+08:00,酷狗音乐,飙升榜,酷狗飙升榜,2026-07-18,7,大雨一场泪一场,花姐,,3:20,D794119B117573484C29C6BECFDE9BBC,199719859,https://www.kugou.com/yy/rank/home/1-6666.html?from=rank
2026-07-18,2026-07-18T14:27:54+08:00,酷狗音乐,飙升榜,酷狗飙升榜,2026-07-18,8,寻鲸记,希林娜依高,,4:19,872A15A3300225F6B056BC6FA0728694,199010621,https://www.kugou.com/yy/rank/home/1-6666.html?from=rank
2026-07-18,2026-07-18T14:27:54+08:00,酷狗音乐,飙升榜,酷狗飙升榜,2026-07-18,9,也许在下雨天 (合唱版),何遇Hayu、露一泉,,3:48,1A4F998912137C635E85A05C8218F047,198627844,https://www.kugou.com/yy/rank/home/1-6666.html?from=rank
2026-07-18,2026-07-18T14:27:54+08:00,酷狗音乐,飙升榜,酷狗飙升榜,2026-07-18,10,你在爱他的时候,杨小壮,,3:34,CD6D30B8F9853C326ADFA75E71F6572C,199754232,https://www.kugou.com/yy/rank/home/1-6666.html?from=rank
2026-07-18,2026-07-18T14:27:54+08:00,酷狗音乐,飙升榜,酷狗飙升榜,2026-07-18,11,若不是因为你 (遗憾版),王一佳,,4:24,A336064F87264AD3A8100A8F7684A7BD,197019709,https://www.kugou.com/yy/rank/home/1-6666.html?from=rank
2026-07-18,2026-07-18T14:27:54+08:00,酷狗音乐,飙升榜,酷狗飙升榜,2026-07-18,12,没有你要我怎么过,王佳音,,3:33,440F3ACE05E79EEAD0229CC74BFC28BD,198366548,https://www.kugou.com/yy/rank/home/1-6666.html?from=rank
2026-07-18,2026-07-18T14:27:54+08:00,酷狗音乐,飙升榜,酷狗飙升榜,2026-07-18,13,笨笨 (Feat. Tiger Li),弦子,,2:50,93A93FFE79249FEFAE3FE92E13FD1272,198514362,https://www.kugou.com/yy/rank/home/1-6666.html?from=rank
2026-07-18,2026-07-18T14:27:54+08:00,酷狗音乐,飙升榜,酷狗飙升榜,2026-07-18,14,别在伤口撒盐 (男声版),赵家豪,,3:42,7FD2B4D45C9C8F94956753846FC1F0F1,199146557,https://www.kugou.com/yy/rank/home/1-6666.html?from=rank
2026-07-18,2026-07-18T14:27:54+08:00,酷狗音乐,飙升榜,酷狗飙升榜,2026-07-18,15,The Other Side Of Paradise (Explicit),Glass Animals,,5:21,222314858D998CCDDD4BF0B7BAF2F5A2,47764102,https://www.kugou.com/yy/rank/home/1-6666.html?from=rank
2026-07-18,2026-07-18T14:27:54+08:00,酷狗音乐,飙升榜,酷狗飙升榜,2026-07-18,16,醒来折花,泽国同学,,3:26,AC23E9F14DC8DA52561DCD4B37ABFEA8,199632323,https://www.kugou.com/yy/rank/home/1-6666.html?from=rank
2026-07-18,2026-07-18T14:27:54+08:00,酷狗音乐,飙升榜,酷狗飙升榜,2026-07-18,17,十秒 (对唱版),向思思、刘书云,,4:08,3048495E5DA33C5CC66FFC3B741E9B13,194902157,https://www.kugou.com/yy/rank/home/1-6666.html?from=rank
2026-07-18,2026-07-18T14:27:54+08:00,酷狗音乐,飙升榜,酷狗飙升榜,2026-07-18,18,多想和你在一起,洋澜一,,4:57,CA4302B619414A09C747C6D1579075A2,199719819,https://www.kugou.com/yy/rank/home/1-6666.html?from=rank
2026-07-18,2026-07-18T14:27:54+08:00,酷狗音乐,飙升榜,酷狗飙升榜,2026-07-18,19,像太阳一样,汤倩,,3:07,1C54FED255DDA9173215550E62347480,199683586,https://www.kugou.com/yy/rank/home/1-6666.html?from=rank
2026-07-18,2026-07-18T14:27:54+08:00,酷狗音乐,飙升榜,酷狗飙升榜,2026-07-18,20,爱我的话 (你只说不做),何遇Hayu,,3:19,C42B52DB10C63F6E7F02BE9BC6DD5173,199654710,https://www.kugou.com/yy/rank/home/1-6666.html?from=rank
2026-07-18,2026-07-18T14:27:54+08:00,酷狗音乐,飙升榜,酷狗飙升榜,2026-07-18,21,Need Your Love (Emilio Piano Version),OneRepublic,,3:09,4AACDDB2AEBCB1C1E3CA588013E40F33,199735663,https://www.kugou.com/yy/rank/home/1-6666.html?from=rank
2026-07-18,2026-07-18T14:27:54+08:00,酷狗音乐,飙升榜,酷狗飙升榜,2026-07-18,22,春娇与志明,彦茹易,,3:39,D6FB897FC012EC8A375196256E6EC713,198393320,https://www.kugou.com/yy/rank/home/1-6666.html?from=rank
2026-07-18,2026-07-18T14:27:54+08:00,酷狗音乐,飙升榜,酷狗飙升榜,2026-07-18,23,看见,ss.沧川、韩、黑羽、ss.轻语、ss.八巷,,4:48,8058CF7AF91AF72DE5616C238AB0008F,199720168,https://www.kugou.com/yy/rank/home/2-6666.html?from=rank
2026-07-18,2026-07-18T14:27:54+08:00,酷狗音乐,飙升榜,酷狗飙升榜,2026-07-18,24,在你世界消失不见,马师傅,,2:58,6C964DA6916432CA3BA7A11FE3A0A029,199699753,https://www.kugou.com/yy/rank/home/2-6666.html?from=rank
2026-07-18,2026-07-18T14:27:54+08:00,酷狗音乐,飙升榜,酷狗飙升榜,2026-07-18,25,让花是花让树是树,黑豆ado,,3:30,378ADC6525F242572BE168F4BA0A25F2,199657132,https://www.kugou.com/yy/rank/home/2-6666.html?from=rank
2026-07-18,2026-07-18T14:27:54+08:00,酷狗音乐,飙升榜,酷狗飙升榜,2026-07-18,26,你把爱情给了谁 (whistle口哨),半糖记,,3:17,2E6533C592BF5F5908907986C39EA38D,196646749,https://www.kugou.com/yy/rank/home/2-6666.html?from=rank
2026-07-18,2026-07-18T14:27:54+08:00,酷狗音乐,飙升榜,酷狗飙升榜,2026-07-18,27,盼与君,冰洁,,3:07,5B0BF44E0966AE0792A74E7DB6D78FA6,199632536,https://www.kugou.com/yy/rank/home/2-6666.html?from=rank
2026-07-18,2026-07-18T14:27:54+08:00,酷狗音乐,飙升榜,酷狗飙升榜,2026-07-18,28,金莲花开,窝窝、墨野Mo,,3:18,902FA39F14F7EE2B284E3E23FFF28610,199632123,https://www.kugou.com/yy/rank/home/2-6666.html?from=rank
2026-07-18,2026-07-18T14:27:54+08:00,酷狗音乐,飙升榜,酷狗飙升榜,2026-07-18,29,总有一天你会出现在我身边,棱镜乐队,,4:30,8E6A42453EF5B06A87772F8FF4AD5188,10808308,https://www.kugou.com/yy/rank/home/2-6666.html?from=rank
2026-07-18,2026-07-18T14:27:54+08:00,酷狗音乐,飙升榜,酷狗飙升榜,2026-07-18,30,等我真心耗尽,烟嗓船长,,3:36,DB28D222A1C321FBD899EF7B475C4137,199776722,https://www.kugou.com/yy/rank/home/2-6666.html?from=rank
2026-07-18,2026-07-18T14:27:54+08:00,酷狗音乐,飙升榜,酷狗飙升榜,2026-07-18,31,一定要爱你 (对唱版),烟嗓船长、亨尼诗,,4:02,4A7422331F40E4168E29504C3F38B229,198874659,https://www.kugou.com/yy/rank/home/2-6666.html?from=rank
2026-07-18,2026-07-18T14:27:54+08:00,酷狗音乐,飙升榜,酷狗飙升榜,2026-07-18,32,照一轮明月 (氛围感),404Hz、陆左左,,4:31,EF52F6A56F60B3A1A606FE52964E8791,195970653,https://www.kugou.com/yy/rank/home/2-6666.html?from=rank
2026-07-18,2026-07-18T14:27:54+08:00,酷狗音乐,飙升榜,酷狗飙升榜,2026-07-18,33,交换明天,三无Marblue、傲七爷(江偌绮),,4:31,CEE1271B809B186677BA6279FD3BE2CF,199613106,https://www.kugou.com/yy/rank/home/2-6666.html?from=rank
2026-07-18,2026-07-18T14:27:54+08:00,酷狗音乐,飙升榜,酷狗飙升榜,2026-07-18,34,灯暗下来 (ENJOY THE SHOW),HENRY刘宪华,,3:52,357197E605368F069F6238240EBB9395,199512493,https://www.kugou.com/yy/rank/home/2-6666.html?from=rank
2026-07-18,2026-07-18T14:27:54+08:00,酷狗音乐,飙升榜,酷狗飙升榜,2026-07-18,35,梦的翅膀受了伤,蒋雪儿Snow.J,,4:36,7A81BAEB183BF72FFD9FF9F7DA9BE89E,965597,https://www.kugou.com/yy/rank/home/2-6666.html?from=rank
2026-07-18,2026-07-18T14:27:54+08:00,酷狗音乐,飙升榜,酷狗飙升榜,2026-07-18,36,只因恋上你,刘君,,4:30,8470F537A80FED3AC557D96B5578B522,57406544,https://www.kugou.com/yy/rank/home/2-6666.html?from=rank
2026-07-18,2026-07-18T14:27:54+08:00,酷狗音乐,飙升榜,酷狗飙升榜,2026-07-18,37,也许在下雨天,羊羊,,3:47,AAEBA521046D002A130BB8754C810894,199659098,https://www.kugou.com/yy/rank/home/2-6666.html?from=rank
2026-07-18,2026-07-18T14:27:54+08:00,酷狗音乐,飙升榜,酷狗飙升榜,2026-07-18,38,Midnight Echo,#596ab8、初音ミク,,3:01,C41F5A576DE0AD9B35BF0DDFF2A73053,199719681,https://www.kugou.com/yy/rank/home/2-6666.html?from=rank
2026-07-18,2026-07-18T14:27:54+08:00,酷狗音乐,飙升榜,酷狗飙升榜,2026-07-18,39,走错太多路,恰恰恰恰恰,,3:32,3C558937C3C9C12F3CFB1D4C62BB6F69,199654756,https://www.kugou.com/yy/rank/home/2-6666.html?from=rank
2026-07-18,2026-07-18T14:27:54+08:00,酷狗音乐,飙升榜,酷狗飙升榜,2026-07-18,40,樱花草 (恋人手中樱花草),纪星眠,,2:11,E92E67CBDCFCD3D507178EB86B98240D,199251250,https://www.kugou.com/yy/rank/home/2-6666.html?from=rank
2026-07-18,2026-07-18T14:27:54+08:00,酷狗音乐,飙升榜,酷狗飙升榜,2026-07-18,41,下辈子能不能早点相认 (治愈男版),茳禾,,3:33,2134562C068395E6AC6B3F22F8169CFF,199392774,https://www.kugou.com/yy/rank/home/2-6666.html?from=rank
2026-07-18,2026-07-18T14:27:54+08:00,酷狗音乐,飙升榜,酷狗飙升榜,2026-07-18,42,接受现实的自己DJ版,影子,,3:39,EEDF83E37CA0ED1BDB4FC35F953CE2E6,199343345,https://www.kugou.com/yy/rank/home/2-6666.html?from=rank
2026-07-18,2026-07-18T14:27:54+08:00,酷狗音乐,飙升榜,酷狗飙升榜,2026-07-18,43,霜停在我的眼眸快结成了痂 (算了吧),厄万泽斯,,2:52,25E5D1177121B04F5B0788CCBF4F9CB8,175531187,https://www.kugou.com/yy/rank/home/2-6666.html?from=rank
2026-07-18,2026-07-18T14:27:54+08:00,酷狗音乐,飙升榜,酷狗飙升榜,2026-07-18,44,相见恨晚 (你说是我们相见恨晚),DJ阿可,,2:11,EC6D474A992492F6536A298ECFE3F510,199252084,https://www.kugou.com/yy/rank/home/2-6666.html?from=rank
2026-07-18,2026-07-18T14:27:54+08:00,酷狗音乐,飙升榜,酷狗飙升榜,2026-07-18,45,忆兄谣,高杰,,3:54,E0F6ACE4A3C913775443379EE70035FB,199725660,https://www.kugou.com/yy/rank/home/3-6666.html?from=rank
2026-07-18,2026-07-18T14:27:54+08:00,酷狗音乐,飙升榜,酷狗飙升榜,2026-07-18,46,我饮人间一碗酒 (0.8x)(Remix),浅影阿,,3:37,6FE53A2492BBC671944107947DBEBFE5,152977091,https://www.kugou.com/yy/rank/home/3-6666.html?from=rank
2026-07-18,2026-07-18T14:27:54+08:00,酷狗音乐,飙升榜,酷狗飙升榜,2026-07-18,47,现在我有了幸福有人照顾应该知足,杨友友,,2:40,EE48F39576964559E22AB013592604D4,199692698,https://www.kugou.com/yy/rank/home/3-6666.html?from=rank
2026-07-18,2026-07-18T14:27:54+08:00,酷狗音乐,飙升榜,酷狗飙升榜,2026-07-18,48,人的一生充满了坎坷,袁小袁,,3:25,7535B351622DFC1CCCBEB0DF701A9061,199632259,https://www.kugou.com/yy/rank/home/3-6666.html?from=rank
2026-07-18,2026-07-18T14:27:54+08:00,酷狗音乐,飙升榜,酷狗飙升榜,2026-07-18,49,Specter,Electronic Mortal、Electronic Ponos,,2:25,509C0DB6D99A0A8B459DA91602049A0F,198624616,https://www.kugou.com/yy/rank/home/3-6666.html?from=rank
2026-07-18,2026-07-18T14:27:54+08:00,酷狗音乐,飙升榜,酷狗飙升榜,2026-07-18,50,英雄出处,高冷,,3:19,9CBBBCAAF22AA9C5A0D203C5924B3854,198302448,https://www.kugou.com/yy/rank/home/3-6666.html?from=rank
2026-07-18,2026-07-18T14:27:54+08:00,酷狗音乐,飙升榜,酷狗飙升榜,2026-07-18,51,踏马寻花向自由 (雷鬼版),超哥,,2:59,B5BA68A039E54847B4E14A46A268991B,194886112,https://www.kugou.com/yy/rank/home/3-6666.html?from=rank
2026-07-18,2026-07-18T14:27:54+08:00,酷狗音乐,飙升榜,酷狗飙升榜,2026-07-18,52,流浪流浪就好,萧敬腾,,3:03,A7764D300D5E1467BD57671EE3C5019E,199629699,https://www.kugou.com/yy/rank/home/3-6666.html?from=rank
2026-07-18,2026-07-18T14:27:54+08:00,酷狗音乐,飙升榜,酷狗飙升榜,2026-07-18,53,我求月老拆了线,关剑,,3:36,C43887DF3AB9E506EB40426784E72F9F,199632555,https://www.kugou.com/yy/rank/home/3-6666.html?from=rank
2026-07-18,2026-07-18T14:27:54+08:00,酷狗音乐,飙升榜,酷狗飙升榜,2026-07-18,54,最好的决定,袁kk,,3:51,A9920AE4A64568C6A9F214DD13404076,199523453,https://www.kugou.com/yy/rank/home/3-6666.html?from=rank
2026-07-18,2026-07-18T14:27:54+08:00,酷狗音乐,飙升榜,酷狗飙升榜,2026-07-18,55,爱情两个字,正在进行石女士,,4:05,3BA32F0665CEDDAB1E36B033500C0058,199501172,https://www.kugou.com/yy/rank/home/3-6666.html?from=rank
2026-07-18,2026-07-18T14:27:54+08:00,酷狗音乐,飙升榜,酷狗飙升榜,2026-07-18,56,离开你我能过的更好,艺凌,,3:23,AA6BA5AA9759602B51765C006CDA2E7A,198729808,https://www.kugou.com/yy/rank/home/3-6666.html?from=rank
2026-07-18,2026-07-18T14:27:54+08:00,酷狗音乐,飙升榜,酷狗飙升榜,2026-07-18,57,BAD IDEA,派伟俊,,2:35,D89E2EA35FE92CA9C5B683F4928A4E86,199631051,https://www.kugou.com/yy/rank/home/3-6666.html?from=rank
2026-07-18,2026-07-18T14:27:54+08:00,酷狗音乐,飙升榜,酷狗飙升榜,2026-07-18,58,你的烂借口 (车窗外的雨滴 滴落在我的心底),励明、周小冉,,3:43,8E11354432C2B000F8B94F7F053258E4,196536243,https://www.kugou.com/yy/rank/home/3-6666.html?from=rank
2026-07-18,2026-07-18T14:27:54+08:00,酷狗音乐,飙升榜,酷狗飙升榜,2026-07-18,59,我想好好地爱一个人,刘书云,,3:00,B9500A06D4095308DB117F1CB5D9058A,199656434,https://www.kugou.com/yy/rank/home/3-6666.html?from=rank
2026-07-18,2026-07-18T14:27:54+08:00,酷狗音乐,飙升榜,酷狗飙升榜,2026-07-18,60,不见故人来,风华音纪、李佳思,,4:14,894E713C09002BD0F5361321A6187972,199529609,https://www.kugou.com/yy/rank/home/3-6666.html?from=rank
2026-07-18,2026-07-18T14:27:54+08:00,酷狗音乐,飙升榜,酷狗飙升榜,2026-07-18,61,这一生多感慨,朵儿,,3:27,2E9F381B622239B2D9756F3C20FB6616,178982898,https://www.kugou.com/yy/rank/home/3-6666.html?from=rank
2026-07-18,2026-07-18T14:27:54+08:00,酷狗音乐,飙升榜,酷狗飙升榜,2026-07-18,62,雨过后的风景REMIX,Dizzy Dizzo (蔡诗芸),,3:49,97480BA9636CECBF2574AF6E6F38F1F7,199699061,https://www.kugou.com/yy/rank/home/3-6666.html?from=rank
2026-07-18,2026-07-18T14:27:54+08:00,酷狗音乐,飙升榜,酷狗飙升榜,2026-07-18,63,问爱,Yamy郭颖,,3:02,E35C44C974EAE0C29D62C8945D4D71F5,196970329,https://www.kugou.com/yy/rank/home/3-6666.html?from=rank
2026-07-18,2026-07-18T14:27:54+08:00,酷狗音乐,飙升榜,酷狗飙升榜,2026-07-18,64,你说冬天就该下场雪,窝窝,,2:39,853B2C9D91E2CFBA427C68989D8D024B,199666354,https://www.kugou.com/yy/rank/home/3-6666.html?from=rank
2026-07-18,2026-07-18T14:27:54+08:00,酷狗音乐,飙升榜,酷狗飙升榜,2026-07-18,65,下雨，想你,庄淇玟29,,3:37,7D90303001610D320E1D3E1AE0BB46F8,199636701,https://www.kugou.com/yy/rank/home/3-6666.html?from=rank
2026-07-18,2026-07-18T14:27:54+08:00,酷狗音乐,飙升榜,酷狗飙升榜,2026-07-18,66,谁赐我失忆的良药,燕宝儿,,3:43,414A39835DBAA0724872C55826663F06,199632166,https://www.kugou.com/yy/rank/home/3-6666.html?from=rank
2026-07-18,2026-07-18T14:27:54+08:00,酷狗音乐,飙升榜,酷狗飙升榜,2026-07-18,67,也许在下雨天 (对唱版),红小乐、王一佳,,3:47,A2A29E71663ADD0691782EA9F0399118,199516804,https://www.kugou.com/yy/rank/home/4-6666.html?from=rank
2026-07-18,2026-07-18T14:27:54+08:00,酷狗音乐,飙升榜,酷狗飙升榜,2026-07-18,68,也许在下雨天 (合唱版),何遇Hayu、李沐瑶,,3:46,ED752F0317AD58978FB57577D7484562,199644729,https://www.kugou.com/yy/rank/home/4-6666.html?from=rank
2026-07-18,2026-07-18T14:27:54+08:00,酷狗音乐,飙升榜,酷狗飙升榜,2026-07-18,69,没能陪我到最后,苍狼,,3:56,DE604BAD8DD393F3580A207EF489C8E6,199519744,https://www.kugou.com/yy/rank/home/4-6666.html?from=rank
2026-07-18,2026-07-18T14:27:54+08:00,酷狗音乐,飙升榜,酷狗飙升榜,2026-07-18,70,泪弦,胜屿,,3:40,D8460A6DF05929BB454168EAC2B8915A,199631957,https://www.kugou.com/yy/rank/home/4-6666.html?from=rank
2026-07-18,2026-07-18T14:27:54+08:00,酷狗音乐,飙升榜,酷狗飙升榜,2026-07-18,71,Chasing The Horizon,Azimov,,3:35,900F09D6760227188E200CD6C1BAD79C,199705899,https://www.kugou.com/yy/rank/home/4-6666.html?from=rank
2026-07-18,2026-07-18T14:27:54+08:00,酷狗音乐,飙升榜,酷狗飙升榜,2026-07-18,72,我站在雪落的长街 (对唱版),李发发、刘书云,,3:15,E6B0E84AA2B514B12DEDE508E5208D57,199632027,https://www.kugou.com/yy/rank/home/4-6666.html?from=rank
2026-07-18,2026-07-18T14:27:54+08:00,酷狗音乐,飙升榜,酷狗飙升榜,2026-07-18,73,心被你伤到千疮百孔,刘纯,,3:44,D3E25E56F4509F54787256981D5449FB,199768339,https://www.kugou.com/yy/rank/home/4-6666.html?from=rank
2026-07-18,2026-07-18T14:27:54+08:00,酷狗音乐,飙升榜,酷狗飙升榜,2026-07-18,74,我要借天上的月,黑豆ado,,3:35,6E524EBEA11DADCDAF0BD19C6283E251,199647256,https://www.kugou.com/yy/rank/home/4-6666.html?from=rank
2026-07-18,2026-07-18T14:27:54+08:00,酷狗音乐,飙升榜,酷狗飙升榜,2026-07-18,75,付出的真心怎么收回,袁小袁,,4:26,4F1013D793E509CBFD021499EA003BB8,199631904,https://www.kugou.com/yy/rank/home/4-6666.html?from=rank
2026-07-18,2026-07-18T14:27:54+08:00,酷狗音乐,飙升榜,酷狗飙升榜,2026-07-18,76,放不下的人是我,烟嗓船长,,3:29,5F008ACFA8DDCE694B882D5578120E41,199719732,https://www.kugou.com/yy/rank/home/4-6666.html?from=rank
2026-07-18,2026-07-18T14:27:54+08:00,酷狗音乐,飙升榜,酷狗飙升榜,2026-07-18,77,所以,罗大佑,,3:55,68C4064F50F1BF03232A0D6F21B7A5BA,198865388,https://www.kugou.com/yy/rank/home/4-6666.html?from=rank
2026-07-18,2026-07-18T14:27:54+08:00,酷狗音乐,飙升榜,酷狗飙升榜,2026-07-18,78,La Révolution,MORTEN、David Guetta,,2:12,3DA45E631CBAFC93A4692CF2B06B485B,199677799,https://www.kugou.com/yy/rank/home/4-6666.html?from=rank
2026-07-18,2026-07-18T14:27:54+08:00,酷狗音乐,飙升榜,酷狗飙升榜,2026-07-18,79,一次心动换一生伤悲 (对唱版),李乐乐、刘书云,,3:30,B93E411C3552FAEB2D0CAB1F5B254F0E,199632604,https://www.kugou.com/yy/rank/home/4-6666.html?from=rank
2026-07-18,2026-07-18T14:27:54+08:00,酷狗音乐,飙升榜,酷狗飙升榜,2026-07-18,80,第57次取消发送 (氛围版),吴瑞斯、黑豹,,2:16,29F199FCCF92FEA4945F53F680F3B667,199777122,https://www.kugou.com/yy/rank/home/4-6666.html?from=rank
2026-07-18,2026-07-18T14:27:54+08:00,酷狗音乐,飙升榜,酷狗飙升榜,2026-07-18,81,赐我一杯断情水 (心被撕碎痛彻心扉),周宇,,3:45,E2BD8364F3AB7A83BF64DD03391C571B,199768358,https://www.kugou.com/yy/rank/home/4-6666.html?from=rank
2026-07-18,2026-07-18T14:27:54+08:00,酷狗音乐,飙升榜,酷狗飙升榜,2026-07-18,82,向前走别回头看,涂泡泡,,3:07,371A3FE8FF04875841B23696FE7D5FAB,199665533,https://www.kugou.com/yy/rank/home/4-6666.html?from=rank
2026-07-18,2026-07-18T14:27:54+08:00,酷狗音乐,飙升榜,酷狗飙升榜,2026-07-18,83,Near You,忧郁小白,,2:46,F3BAC58B2E494863114C90E4F0096525,196792451,https://www.kugou.com/yy/rank/home/4-6666.html?from=rank
2026-07-18,2026-07-18T14:27:54+08:00,酷狗音乐,飙升榜,酷狗飙升榜,2026-07-18,84,OhNo,JelloRio李佳隆、邓典果DDG,,3:48,31D9AB271FBD9AAF617F4A1B0785D246,199630864,https://www.kugou.com/yy/rank/home/4-6666.html?from=rank
2026-07-18,2026-07-18T14:27:54+08:00,酷狗音乐,飙升榜,酷狗飙升榜,2026-07-18,85,人间寻常亦是欢,王若熙,,3:36,E89F0A29D9266B95A676B15A6EB6018E,199793554,https://www.kugou.com/yy/rank/home/4-6666.html?from=rank
2026-07-18,2026-07-18T14:27:54+08:00,酷狗音乐,飙升榜,酷狗飙升榜,2026-07-18,86,Versatile,L.P. Rhythm,,3:14,8A77C3F0AA2A19C35768DD2A16686801,153861083,https://www.kugou.com/yy/rank/home/4-6666.html?from=rank
2026-07-18,2026-07-18T14:27:54+08:00,酷狗音乐,飙升榜,酷狗飙升榜,2026-07-18,87,思念越浓心就越痛 (沈念版),赵洋,,3:57,8007209015C730D67BF3C906BB2DB85C,199719855,https://www.kugou.com/yy/rank/home/4-6666.html?from=rank
2026-07-18,2026-07-18T14:27:54+08:00,酷狗音乐,飙升榜,酷狗飙升榜,2026-07-18,88,爱一次她添一道疤,常超凡,,4:41,FA4EB521B1F8176492E2EBF63D135F3A,199786569,https://www.kugou.com/yy/rank/home/4-6666.html?from=rank
2026-07-18,2026-07-18T14:27:54+08:00,酷狗音乐,飙升榜,酷狗飙升榜,2026-07-18,89,回忆着当年 (律动版),Grimmmz、池一,,5:11,2EB183C5EF40A531A58FA2A11020584D,199686028,https://www.kugou.com/yy/rank/home/5-6666.html?from=rank
2026-07-18,2026-07-18T14:27:54+08:00,酷狗音乐,飙升榜,酷狗飙升榜,2026-07-18,90,After All,Carly Rae Jepsen,,4:12,FF4A01A25632E6B4B3BEEDB8A3798F50,199632126,https://www.kugou.com/yy/rank/home/5-6666.html?from=rank
2026-07-18,2026-07-18T14:27:54+08:00,酷狗音乐,飙升榜,酷狗飙升榜,2026-07-18,91,也,JelloRio李佳隆、等一下就回家,,2:36,9030C274BB5D4BCBBF4B86BB5903B63C,199630864,https://www.kugou.com/yy/rank/home/5-6666.html?from=rank
2026-07-18,2026-07-18T14:27:54+08:00,酷狗音乐,飙升榜,酷狗飙升榜,2026-07-18,92,马上姑娘 (蒙古歌),大叔很下饭,,3:56,0E7F0C6F2F5297B4DF4D26C12F7873D2,199636726,https://www.kugou.com/yy/rank/home/5-6666.html?from=rank
2026-07-18,2026-07-18T14:27:54+08:00,酷狗音乐,飙升榜,酷狗飙升榜,2026-07-18,93,靠近我再丢下我,王理文,,3:27,14DE9154AA59D8CDDB62BEE9AE0047CF,199676346,https://www.kugou.com/yy/rank/home/5-6666.html?from=rank
2026-07-18,2026-07-18T14:27:54+08:00,酷狗音乐,飙升榜,酷狗飙升榜,2026-07-18,94,Crash Out (Explicit),Tinashe,,3:10,316FEA8590ADA1C9C75A07E9C2C9A645,199531844,https://www.kugou.com/yy/rank/home/5-6666.html?from=rank
2026-07-18,2026-07-18T14:27:54+08:00,酷狗音乐,飙升榜,酷狗飙升榜,2026-07-18,95,Always Be My Baby,Mariah Carey,,4:18,074A6F0D23462991DBDAD28AB9D3ABC9,199652538,https://www.kugou.com/yy/rank/home/5-6666.html?from=rank
2026-07-18,2026-07-18T14:27:54+08:00,酷狗音乐,飙升榜,酷狗飙升榜,2026-07-18,96,Melt Away (Writing Session Rough Demo),Mariah Carey,,5:32,9A1B44F9FAA1E1D673B5BF9FDCE635CC,199652538,https://www.kugou.com/yy/rank/home/5-6666.html?from=rank
2026-07-18,2026-07-18T14:27:54+08:00,酷狗音乐,飙升榜,酷狗飙升榜,2026-07-18,97,朝朝暮暮共白头,陈舒岩,,3:52,2889AC88791C794146AC56D547DBEE7D,199658629,https://www.kugou.com/yy/rank/home/5-6666.html?from=rank
2026-07-18,2026-07-18T14:27:54+08:00,酷狗音乐,飙升榜,酷狗飙升榜,2026-07-18,98,说不出的委屈比黄连苦 (对唱版),王超然、花心姐,,4:06,7A28D386604885E83CE8CEEC9A33EFA0,199632393,https://www.kugou.com/yy/rank/home/5-6666.html?from=rank
2026-07-18,2026-07-18T14:27:54+08:00,酷狗音乐,飙升榜,酷狗飙升榜,2026-07-18,99,NobodyLike,JelloRio李佳隆、THOME,,3:29,9E6036663AB0A5042C70B4632065E51C,199630864,https://www.kugou.com/yy/rank/home/5-6666.html?from=rank
2026-07-18,2026-07-18T14:27:54+08:00,酷狗音乐,飙升榜,酷狗飙升榜,2026-07-18,100,也许在下雨天 (对唱版),轩宣、何遇Hayu,,3:47,8FDAE7F64548B8BF5E6736A61D3EDFFC,199737733,https://www.kugou.com/yy/rank/home/5-6666.html?from=rank
2026-07-18,2026-07-18T14:27:54+08:00,微博,热搜榜,微博热搜榜,,1,清华录取通知书极简但有排面,"教育,幽默",热度 1137309；教育领域热度TOP1,,清华录取通知书极简但有排面,,https://s.weibo.com/weibo?q=%23%E6%B8%85%E5%8D%8E%E5%BD%95%E5%8F%96%E9%80%9A%E7%9F%A5%E4%B9%A6%E6%9E%81%E7%AE%80%E4%BD%86%E6%9C%89%E6%8E%92%E9%9D%A2%23
2026-07-18,2026-07-18T14:27:54+08:00,微博,热搜榜,微博热搜榜,,2,重庆山体崩塌,突发/灾害,热度 848594；突发事件领域热度TOP1,,重庆山体崩塌,,https://s.weibo.com/weibo?q=%23%E9%87%8D%E5%BA%86%E5%B1%B1%E4%BD%93%E5%B4%A9%E5%A1%8C%23
2026-07-18,2026-07-18T14:27:54+08:00,微博,热搜榜,微博热搜榜,,3,水利部解读防汛关键期热点问题,民生新闻,热度 770994；民生新闻领域热度TOP30,,水利部解读防汛关键期热点问题,,https://s.weibo.com/weibo?q=%23%E6%B0%B4%E5%88%A9%E9%83%A8%E8%A7%A3%E8%AF%BB%E9%98%B2%E6%B1%9B%E5%85%B3%E9%94%AE%E6%9C%9F%E7%83%AD%E7%82%B9%E9%97%AE%E9%A2%98%23
2026-07-18,2026-07-18T14:27:54+08:00,微博,热搜榜,微博热搜榜,,4,新冠又来了,健康医疗,热度 739814；新；健康医疗领域热度TOP1,,新冠又来了,,https://s.weibo.com/weibo?q=%23%E6%96%B0%E5%86%A0%E5%8F%88%E6%9D%A5%E4%BA%86%23
2026-07-18,2026-07-18T14:27:54+08:00,微博,热搜榜,微博热搜榜,,5,王俊凯喝醉在厕所睡了两个半小时,综艺,热度 737111；新；综艺领域热度TOP1,,王俊凯喝醉在厕所睡了两个半小时,综艺,https://s.weibo.com/weibo?q=%23%E7%8E%8B%E4%BF%8A%E5%87%AF%E5%96%9D%E9%86%89%E5%9C%A8%E5%8E%95%E6%89%80%E7%9D%A1%E4%BA%86%E4%B8%A4%E4%B8%AA%E5%8D%8A%E5%B0%8F%E6%97%B6%23
2026-07-18,2026-07-18T14:27:54+08:00,微博,热搜榜,微博热搜榜,,6,王楚钦孙颖莎有被吓到,体育,热度 707649；体育领域热度TOP1,,王楚钦孙颖莎有被吓到,,https://s.weibo.com/weibo?q=%23%E7%8E%8B%E6%A5%9A%E9%92%A6%E5%AD%99%E9%A2%96%E8%8E%8E%E6%9C%89%E8%A2%AB%E5%90%93%E5%88%B0%23
2026-07-18,2026-07-18T14:27:54+08:00,微博,热搜榜,微博热搜榜,,7,杜华劝邹市明去看病,综艺,热度 629399；新；综艺领域热度TOP2,,杜华劝邹市明去看病,综艺,https://s.weibo.com/weibo?q=%23%E6%9D%9C%E5%8D%8E%E5%8A%9D%E9%82%B9%E5%B8%82%E6%98%8E%E5%8E%BB%E7%9C%8B%E7%97%85%23
2026-07-18,2026-07-18T14:27:54+08:00,微博,热搜榜,微博热搜榜,,8,豆包清理C盘还是太权威了,"情感,互联网",热度 558999；情感领域热度TOP1,,豆包清理C盘还是太权威了,,https://s.weibo.com/weibo?q=%23%E8%B1%86%E5%8C%85%E6%B8%85%E7%90%86C%E7%9B%98%E8%BF%98%E6%98%AF%E5%A4%AA%E6%9D%83%E5%A8%81%E4%BA%86%23
2026-07-18,2026-07-18T14:27:54+08:00,微博,热搜榜,微博热搜榜,,9,嫌机票贵买二手车亏一万多,幽默,热度 521304；新；幽默领域热度TOP1,,嫌机票贵买二手车亏一万多,,https://s.weibo.com/weibo?q=%23%E5%AB%8C%E6%9C%BA%E7%A5%A8%E8%B4%B5%E4%B9%B0%E4%BA%8C%E6%89%8B%E8%BD%A6%E4%BA%8F%E4%B8%80%E4%B8%87%E5%A4%9A%23
2026-07-18,2026-07-18T14:27:54+08:00,微博,热搜榜,微博热搜榜,,10,FIFA主席说可以中美合办世界杯,"国内时政,体育",热度 360448；国内时政领域热度TOP1,,FIFA主席说可以中美合办世界杯,,https://s.weibo.com/weibo?q=%23FIFA%E4%B8%BB%E5%B8%AD%E8%AF%B4%E5%8F%AF%E4%BB%A5%E4%B8%AD%E7%BE%8E%E5%90%88%E5%8A%9E%E4%B8%96%E7%95%8C%E6%9D%AF%23
2026-07-18,2026-07-18T14:27:54+08:00,微博,热搜榜,微博热搜榜,,11,官俊臣 重庆大学,艺人,热度 349828；新；艺人领域热度TOP1,,官俊臣 重庆大学,['官俊臣'],https://s.weibo.com/weibo?q=%23%E5%AE%98%E4%BF%8A%E8%87%A3%20%E9%87%8D%E5%BA%86%E5%A4%A7%E5%AD%A6%23
2026-07-18,2026-07-18T14:27:54+08:00,微博,热搜榜,微博热搜榜,,12,孙怡瘦到连皮靴都直往下掉,艺人,热度 346528；热；艺人领域热度TOP2,,孙怡瘦到连皮靴都直往下掉,['孙怡'],https://s.weibo.com/weibo?q=%23%E5%AD%99%E6%80%A1%E7%98%A6%E5%88%B0%E8%BF%9E%E7%9A%AE%E9%9D%B4%E9%83%BD%E7%9B%B4%E5%BE%80%E4%B8%8B%E6%8E%89%23
2026-07-18,2026-07-18T14:27:54+08:00,微博,热搜榜,微博热搜榜,,13,低精力人群为何总是看起来很疲惫,情感,热度 327946；情感领域热度TOP2,,低精力人群为何总是看起来很疲惫,,https://s.weibo.com/weibo?q=%23%E4%BD%8E%E7%B2%BE%E5%8A%9B%E4%BA%BA%E7%BE%A4%E4%B8%BA%E4%BD%95%E6%80%BB%E6%98%AF%E7%9C%8B%E8%B5%B7%E6%9D%A5%E5%BE%88%E7%96%B2%E6%83%AB%23
2026-07-18,2026-07-18T14:27:54+08:00,微博,热搜榜,微博热搜榜,,14,陈伟霆何穗带儿子出游,艺人,热度 327599；艺人领域热度TOP3,,陈伟霆何穗带儿子出游,"['陈伟霆', '何穗']",https://s.weibo.com/weibo?q=%23%E9%99%88%E4%BC%9F%E9%9C%86%E4%BD%95%E7%A9%97%E5%B8%A6%E5%84%BF%E5%AD%90%E5%87%BA%E6%B8%B8%23
2026-07-18,2026-07-18T14:27:54+08:00,微博,热搜榜,微博热搜榜,,15,童锦程承认抛妻弃子,艺人,热度 326188；新；艺人领域热度TOP4,,童锦程承认抛妻弃子,,https://s.weibo.com/weibo?q=%23%E7%AB%A5%E9%94%A6%E7%A8%8B%E6%89%BF%E8%AE%A4%E6%8A%9B%E5%A6%BB%E5%BC%83%E5%AD%90%23
2026-07-18,2026-07-18T14:27:54+08:00,微博,热搜榜,微博热搜榜,,16,KimiK3,互联网,热度 325770；新；互联网领域热度TOP1,,KimiK3,,https://s.weibo.com/weibo?q=%23KimiK3%23
2026-07-18,2026-07-18T14:27:54+08:00,微博,热搜榜,微博热搜榜,,17,杜华儿子崇拜李飞想去时代峰峻,综艺,热度 324775；综艺领域热度TOP3,,杜华儿子崇拜李飞想去时代峰峻,综艺,https://s.weibo.com/weibo?q=%23%E6%9D%9C%E5%8D%8E%E5%84%BF%E5%AD%90%E5%B4%87%E6%8B%9C%E6%9D%8E%E9%A3%9E%E6%83%B3%E5%8E%BB%E6%97%B6%E4%BB%A3%E5%B3%B0%E5%B3%BB%23
2026-07-18,2026-07-18T14:27:54+08:00,微博,热搜榜,微博热搜榜,,18,95后夫妻手搓500集AI漫剧爆火,互联网,热度 323265；互联网领域热度TOP2,,95后夫妻手搓500集AI漫剧爆火,,https://s.weibo.com/weibo?q=%2395%E5%90%8E%E5%A4%AB%E5%A6%BB%E6%89%8B%E6%90%93500%E9%9B%86AI%E6%BC%AB%E5%89%A7%E7%88%86%E7%81%AB%23
2026-07-18,2026-07-18T14:27:54+08:00,微博,热搜榜,微博热搜榜,,19,韩国35万散户被强制平仓,财经,热度 322228；新；财经领域热度TOP1,,韩国35万散户被强制平仓,,https://s.weibo.com/weibo?q=%23%E9%9F%A9%E5%9B%BD35%E4%B8%87%E6%95%A3%E6%88%B7%E8%A2%AB%E5%BC%BA%E5%88%B6%E5%B9%B3%E4%BB%93%23
2026-07-18,2026-07-18T14:27:54+08:00,微博,热搜榜,微博热搜榜,,20,陈冠希现在长得比姜思达还像大冰,艺人,热度 321278；新；艺人领域热度TOP5,,陈冠希现在长得比姜思达还像大冰,,https://s.weibo.com/weibo?q=%23%E9%99%88%E5%86%A0%E5%B8%8C%E7%8E%B0%E5%9C%A8%E9%95%BF%E5%BE%97%E6%AF%94%E5%A7%9C%E6%80%9D%E8%BE%BE%E8%BF%98%E5%83%8F%E5%A4%A7%E5%86%B0%23
2026-07-18,2026-07-18T14:27:54+08:00,微博,热搜榜,微博热搜榜,,21,单亲妈妈曝遭国企已婚男欺骗细节,民生新闻,热度 320873；新；民生新闻领域热度TOP11,,单亲妈妈曝遭国企已婚男欺骗细节,,https://s.weibo.com/weibo?q=%23%E5%8D%95%E4%BA%B2%E5%A6%88%E5%A6%88%E6%9B%9D%E9%81%AD%E5%9B%BD%E4%BC%81%E5%B7%B2%E5%A9%9A%E7%94%B7%E6%AC%BA%E9%AA%97%E7%BB%86%E8%8A%82%23
2026-07-18,2026-07-18T14:27:54+08:00,微博,热搜榜,微博热搜榜,,22,小店年利润不足2万遭LV索赔25万,民生新闻,热度 319485；新；民生新闻领域热度TOP14,,小店年利润不足2万遭LV索赔25万,,https://s.weibo.com/weibo?q=%23%E5%B0%8F%E5%BA%97%E5%B9%B4%E5%88%A9%E6%B6%A6%E4%B8%8D%E8%B6%B32%E4%B8%87%E9%81%ADLV%E7%B4%A2%E8%B5%9425%E4%B8%87%23
2026-07-18,2026-07-18T14:27:54+08:00,微博,热搜榜,微博热搜榜,,23,婴儿的器官形成与发育科普视频,科学科普,热度 318460；新；科学科普领域热度TOP1,,婴儿的器官形成与发育科普视频,,https://s.weibo.com/weibo?q=%23%E5%A9%B4%E5%84%BF%E7%9A%84%E5%99%A8%E5%AE%98%E5%BD%A2%E6%88%90%E4%B8%8E%E5%8F%91%E8%82%B2%E7%A7%91%E6%99%AE%E8%A7%86%E9%A2%91%23
2026-07-18,2026-07-18T14:27:54+08:00,微博,热搜榜,微博热搜榜,,24,张凌赫14个代言包场,艺人,热度 317225；新；艺人领域热度TOP6,,张凌赫14个代言包场,['张凌赫'],https://s.weibo.com/weibo?q=%23%E5%BC%A0%E5%87%8C%E8%B5%AB14%E4%B8%AA%E4%BB%A3%E8%A8%80%E5%8C%85%E5%9C%BA%23
2026-07-18,2026-07-18T14:27:54+08:00,微博,热搜榜,微博热搜榜,,25,邹市明冉莹颖已还清3家银行欠款,"民生新闻,艺人",热度 317153；热；民生新闻领域热度TOP2,,邹市明冉莹颖已还清3家银行欠款,,https://s.weibo.com/weibo?q=%23%E9%82%B9%E5%B8%82%E6%98%8E%E5%86%89%E8%8E%B9%E9%A2%96%E5%B7%B2%E8%BF%98%E6%B8%853%E5%AE%B6%E9%93%B6%E8%A1%8C%E6%AC%A0%E6%AC%BE%23
2026-07-18,2026-07-18T14:27:54+08:00,微博,热搜榜,微博热搜榜,,26,时代少年团抢票,演出,热度 315239；新；演出领域热度TOP1,,时代少年团抢票,演出,https://s.weibo.com/weibo?q=%23%E6%97%B6%E4%BB%A3%E5%B0%91%E5%B9%B4%E5%9B%A2%E6%8A%A2%E7%A5%A8%23
2026-07-18,2026-07-18T14:27:54+08:00,微博,热搜榜,微博热搜榜,,27,申思祁宏终身禁业,体育,热度 302345；新；体育领域热度TOP2,,申思祁宏终身禁业,,https://s.weibo.com/weibo?q=%23%E7%94%B3%E6%80%9D%E7%A5%81%E5%AE%8F%E7%BB%88%E8%BA%AB%E7%A6%81%E4%B8%9A%23
2026-07-18,2026-07-18T14:27:54+08:00,微博,热搜榜,微博热搜榜,,28,小黄豆复胖,网红,热度 297813；网红领域热度TOP2,,小黄豆复胖,['小黄豆'],https://s.weibo.com/weibo?q=%23%E5%B0%8F%E9%BB%84%E8%B1%86%E5%A4%8D%E8%83%96%23
2026-07-18,2026-07-18T14:27:54+08:00,微博,热搜榜,微博热搜榜,,29,迪丽热巴晒素颜怼脸自拍,电影,热度 287126；新；电影领域热度TOP1,,迪丽热巴晒素颜怼脸自拍,电影,https://s.weibo.com/weibo?q=%23%E8%BF%AA%E4%B8%BD%E7%83%AD%E5%B7%B4%E6%99%92%E7%B4%A0%E9%A2%9C%E6%80%BC%E8%84%B8%E8%87%AA%E6%8B%8D%23
2026-07-18,2026-07-18T14:27:54+08:00,微博,热搜榜,微博热搜榜,,30,美芯片股跌入熊市,"财经,国际时政",热度 286565；财经领域热度TOP2,,美芯片股跌入熊市,,https://s.weibo.com/weibo?q=%23%E7%BE%8E%E8%8A%AF%E7%89%87%E8%82%A1%E8%B7%8C%E5%85%A5%E7%86%8A%E5%B8%82%23
2026-07-18,2026-07-18T14:27:54+08:00,微博,热搜榜,微博热搜榜,,31,宋亚轩头发两年没剪了,艺人,热度 286490；新；艺人领域热度TOP7,,宋亚轩头发两年没剪了,['宋亚轩'],https://s.weibo.com/weibo?q=%23%E5%AE%8B%E4%BA%9A%E8%BD%A9%E5%A4%B4%E5%8F%91%E4%B8%A4%E5%B9%B4%E6%B2%A1%E5%89%AA%E4%BA%86%23
2026-07-18,2026-07-18T14:27:54+08:00,微博,热搜榜,微博热搜榜,,32,阿维塔张凌赫,"汽车,艺人",热度 286376；新；汽车领域热度TOP1,,阿维塔张凌赫,['张凌赫'],https://s.weibo.com/weibo?q=%23%E9%98%BF%E7%BB%B4%E5%A1%94%E5%BC%A0%E5%87%8C%E8%B5%AB%23
2026-07-18,2026-07-18T14:27:54+08:00,微博,热搜榜,微博热搜榜,,33,哈尔滨一榴莲摊晚10点排队像菜市场,民生新闻,热度 281715；民生新闻领域热度TOP3,,哈尔滨一榴莲摊晚10点排队像菜市场,,https://s.weibo.com/weibo?q=%23%E5%93%88%E5%B0%94%E6%BB%A8%E4%B8%80%E6%A6%B4%E8%8E%B2%E6%91%8A%E6%99%9A10%E7%82%B9%E6%8E%92%E9%98%9F%E5%83%8F%E8%8F%9C%E5%B8%82%E5%9C%BA%23
2026-07-18,2026-07-18T14:27:54+08:00,微博,热搜榜,微博热搜榜,,34,6种高发癌症的早期信号,健康医疗,热度 276528；健康医疗领域热度TOP2,,6种高发癌症的早期信号,,https://s.weibo.com/weibo?q=%236%E7%A7%8D%E9%AB%98%E5%8F%91%E7%99%8C%E7%97%87%E7%9A%84%E6%97%A9%E6%9C%9F%E4%BF%A1%E5%8F%B7%23
2026-07-18,2026-07-18T14:27:54+08:00,微博,热搜榜,微博热搜榜,,35,世界杯决赛中场休息17分钟,体育,热度 273286；体育领域热度TOP3,,世界杯决赛中场休息17分钟,,https://s.weibo.com/weibo?q=%23%E4%B8%96%E7%95%8C%E6%9D%AF%E5%86%B3%E8%B5%9B%E4%B8%AD%E5%9C%BA%E4%BC%91%E6%81%AF17%E5%88%86%E9%92%9F%23
2026-07-18,2026-07-18T14:27:54+08:00,微博,热搜榜,微博热搜榜,,36,卖卫生巾的被蒂芙尼告了,民生新闻,热度 256265；民生新闻领域热度TOP4,,卖卫生巾的被蒂芙尼告了,,https://s.weibo.com/weibo?q=%23%E5%8D%96%E5%8D%AB%E7%94%9F%E5%B7%BE%E7%9A%84%E8%A2%AB%E8%92%82%E8%8A%99%E5%B0%BC%E5%91%8A%E4%BA%86%23
2026-07-18,2026-07-18T14:27:54+08:00,微博,热搜榜,微博热搜榜,,37,时代少年团加冠礼演唱会,演出,热度 254091；演出领域热度TOP2,,时代少年团加冠礼演唱会,演出,https://s.weibo.com/weibo?q=%23%E6%97%B6%E4%BB%A3%E5%B0%91%E5%B9%B4%E5%9B%A2%E5%8A%A0%E5%86%A0%E7%A4%BC%E6%BC%94%E5%94%B1%E4%BC%9A%23
2026-07-18,2026-07-18T14:27:54+08:00,微博,热搜榜,微博热搜榜,,38,八仙豆瓣8.3,电影,热度 241020；新；电影领域热度TOP2,,八仙豆瓣8.3,电影,https://s.weibo.com/weibo?q=%23%E5%85%AB%E4%BB%99%E8%B1%86%E7%93%A38.3%23
2026-07-18,2026-07-18T14:27:54+08:00,微博,热搜榜,微博热搜榜,,39,中国足协突然官宣,体育,热度 235484；新；体育领域热度TOP4,,中国足协突然官宣,,https://s.weibo.com/weibo?q=%23%E4%B8%AD%E5%9B%BD%E8%B6%B3%E5%8D%8F%E7%AA%81%E7%84%B6%E5%AE%98%E5%AE%A3%23
2026-07-18,2026-07-18T14:27:54+08:00,微博,热搜榜,微博热搜榜,,40,八仙,电影,热度 230799；电影领域热度TOP3,,八仙,电影,https://s.weibo.com/weibo?q=%23%E5%85%AB%E4%BB%99%23
2026-07-18,2026-07-18T14:27:54+08:00,微博,热搜榜,微博热搜榜,,41,曲婉婷,艺人,热度 226931；新；艺人领域热度TOP10,,曲婉婷,['曲婉婷'],https://s.weibo.com/weibo?q=%23%E6%9B%B2%E5%A9%89%E5%A9%B7%23
2026-07-18,2026-07-18T14:27:54+08:00,微博,热搜榜,微博热搜榜,,42,黄子弘凡吐槽外卖员偷吃,综艺,热度 212512；新；综艺领域热度TOP14,,黄子弘凡吐槽外卖员偷吃,综艺,https://s.weibo.com/weibo?q=%23%E9%BB%84%E5%AD%90%E5%BC%98%E5%87%A1%E5%90%90%E6%A7%BD%E5%A4%96%E5%8D%96%E5%91%98%E5%81%B7%E5%90%83%23
2026-07-18,2026-07-18T14:27:54+08:00,微博,热搜榜,微博热搜榜,,43,Bin满血金身失误,电竞,热度 211148；电竞领域热度TOP1,,Bin满血金身失误,,https://s.weibo.com/weibo?q=%23Bin%E6%BB%A1%E8%A1%80%E9%87%91%E8%BA%AB%E5%A4%B1%E8%AF%AF%23
2026-07-18,2026-07-18T14:27:54+08:00,微博,热搜榜,微博热搜榜,,44,马筱梅5个月儿子会说话了,艺人,热度 210610；艺人领域热度TOP11,,马筱梅5个月儿子会说话了,,https://s.weibo.com/weibo?q=%23%E9%A9%AC%E7%AD%B1%E6%A2%855%E4%B8%AA%E6%9C%88%E5%84%BF%E5%AD%90%E4%BC%9A%E8%AF%B4%E8%AF%9D%E4%BA%86%23
2026-07-18,2026-07-18T14:27:54+08:00,微博,热搜榜,微博热搜榜,,45,洛克王国,游戏,热度 183928；游戏领域热度TOP1,,洛克王国,,https://s.weibo.com/weibo?q=%23%E6%B4%9B%E5%85%8B%E7%8E%8B%E5%9B%BD%23
2026-07-18,2026-07-18T14:27:54+08:00,微博,热搜榜,微博热搜榜,,46,玉骨遥 雪寒薇,剧集,热度 183033；剧集领域热度TOP1,,玉骨遥 雪寒薇,剧集,https://s.weibo.com/weibo?q=%23%E7%8E%89%E9%AA%A8%E9%81%A5%20%E9%9B%AA%E5%AF%92%E8%96%87%23
2026-07-18,2026-07-18T14:27:54+08:00,微博,热搜榜,微博热搜榜,,47,成毅摸了一下苹果水果摊就被搬空了,艺人,热度 182340；艺人领域热度TOP12,,成毅摸了一下苹果水果摊就被搬空了,['成毅'],https://s.weibo.com/weibo?q=%23%E6%88%90%E6%AF%85%E6%91%B8%E4%BA%86%E4%B8%80%E4%B8%8B%E8%8B%B9%E6%9E%9C%E6%B0%B4%E6%9E%9C%E6%91%8A%E5%B0%B1%E8%A2%AB%E6%90%AC%E7%A9%BA%E4%BA%86%23
2026-07-18,2026-07-18T14:27:54+08:00,微博,热搜榜,微博热搜榜,,48,郁可唯的松弛感是奕派M8给的,汽车,热度 181387；汽车领域热度TOP2,,郁可唯的松弛感是奕派M8给的,['郁可唯'],https://s.weibo.com/weibo?q=%23%E9%83%81%E5%8F%AF%E5%94%AF%E7%9A%84%E6%9D%BE%E5%BC%9B%E6%84%9F%E6%98%AF%E5%A5%95%E6%B4%BEM8%E7%BB%99%E7%9A%84%23
2026-07-18,2026-07-18T14:27:54+08:00,微博,热搜榜,微博热搜榜,,49,特朗普称应再次选择美国办世界杯,"国际时政,体育",热度 180745；国际时政领域热度TOP1,,特朗普称应再次选择美国办世界杯,,https://s.weibo.com/weibo?q=%23%E7%89%B9%E6%9C%97%E6%99%AE%E7%A7%B0%E5%BA%94%E5%86%8D%E6%AC%A1%E9%80%89%E6%8B%A9%E7%BE%8E%E5%9B%BD%E5%8A%9E%E4%B8%96%E7%95%8C%E6%9D%AF%23
2026-07-18,2026-07-18T14:27:54+08:00,微博,热搜榜,微博热搜榜,,50,国企已婚男回应致人5年2次流产,民生新闻,热度 180714；民生新闻领域热度TOP6,,国企已婚男回应致人5年2次流产,,https://s.weibo.com/weibo?q=%23%E5%9B%BD%E4%BC%81%E5%B7%B2%E5%A9%9A%E7%94%B7%E5%9B%9E%E5%BA%94%E8%87%B4%E4%BA%BA5%E5%B9%B42%E6%AC%A1%E6%B5%81%E4%BA%A7%23
2026-07-18,2026-07-18T14:27:54+08:00,微博,文娱热搜榜,微博热搜榜-文娱条目,,1,王俊凯喝醉在厕所睡了两个半小时,综艺,总榜排名 5；热度 737111；新；综艺领域热度TOP1,,王俊凯喝醉在厕所睡了两个半小时,综艺,https://s.weibo.com/weibo?q=%23%E7%8E%8B%E4%BF%8A%E5%87%AF%E5%96%9D%E9%86%89%E5%9C%A8%E5%8E%95%E6%89%80%E7%9D%A1%E4%BA%86%E4%B8%A4%E4%B8%AA%E5%8D%8A%E5%B0%8F%E6%97%B6%23
2026-07-18,2026-07-18T14:27:54+08:00,微博,文娱热搜榜,微博热搜榜-文娱条目,,2,杜华劝邹市明去看病,综艺,总榜排名 7；热度 629399；新；综艺领域热度TOP2,,杜华劝邹市明去看病,综艺,https://s.weibo.com/weibo?q=%23%E6%9D%9C%E5%8D%8E%E5%8A%9D%E9%82%B9%E5%B8%82%E6%98%8E%E5%8E%BB%E7%9C%8B%E7%97%85%23
2026-07-18,2026-07-18T14:27:54+08:00,微博,文娱热搜榜,微博热搜榜-文娱条目,,3,官俊臣 重庆大学,艺人,总榜排名 11；热度 349828；新；艺人领域热度TOP1,,官俊臣 重庆大学,['官俊臣'],https://s.weibo.com/weibo?q=%23%E5%AE%98%E4%BF%8A%E8%87%A3%20%E9%87%8D%E5%BA%86%E5%A4%A7%E5%AD%A6%23
2026-07-18,2026-07-18T14:27:54+08:00,微博,文娱热搜榜,微博热搜榜-文娱条目,,4,孙怡瘦到连皮靴都直往下掉,艺人,总榜排名 12；热度 346528；热；艺人领域热度TOP2,,孙怡瘦到连皮靴都直往下掉,['孙怡'],https://s.weibo.com/weibo?q=%23%E5%AD%99%E6%80%A1%E7%98%A6%E5%88%B0%E8%BF%9E%E7%9A%AE%E9%9D%B4%E9%83%BD%E7%9B%B4%E5%BE%80%E4%B8%8B%E6%8E%89%23
2026-07-18,2026-07-18T14:27:54+08:00,微博,文娱热搜榜,微博热搜榜-文娱条目,,5,陈伟霆何穗带儿子出游,艺人,总榜排名 14；热度 327599；艺人领域热度TOP3,,陈伟霆何穗带儿子出游,"['陈伟霆', '何穗']",https://s.weibo.com/weibo?q=%23%E9%99%88%E4%BC%9F%E9%9C%86%E4%BD%95%E7%A9%97%E5%B8%A6%E5%84%BF%E5%AD%90%E5%87%BA%E6%B8%B8%23
2026-07-18,2026-07-18T14:27:54+08:00,微博,文娱热搜榜,微博热搜榜-文娱条目,,6,童锦程承认抛妻弃子,艺人,总榜排名 15；热度 326188；新；艺人领域热度TOP4,,童锦程承认抛妻弃子,,https://s.weibo.com/weibo?q=%23%E7%AB%A5%E9%94%A6%E7%A8%8B%E6%89%BF%E8%AE%A4%E6%8A%9B%E5%A6%BB%E5%BC%83%E5%AD%90%23
2026-07-18,2026-07-18T14:27:54+08:00,微博,文娱热搜榜,微博热搜榜-文娱条目,,7,杜华儿子崇拜李飞想去时代峰峻,综艺,总榜排名 17；热度 324775；综艺领域热度TOP3,,杜华儿子崇拜李飞想去时代峰峻,综艺,https://s.weibo.com/weibo?q=%23%E6%9D%9C%E5%8D%8E%E5%84%BF%E5%AD%90%E5%B4%87%E6%8B%9C%E6%9D%8E%E9%A3%9E%E6%83%B3%E5%8E%BB%E6%97%B6%E4%BB%A3%E5%B3%B0%E5%B3%BB%23
2026-07-18,2026-07-18T14:27:54+08:00,微博,文娱热搜榜,微博热搜榜-文娱条目,,8,陈冠希现在长得比姜思达还像大冰,艺人,总榜排名 20；热度 321278；新；艺人领域热度TOP5,,陈冠希现在长得比姜思达还像大冰,,https://s.weibo.com/weibo?q=%23%E9%99%88%E5%86%A0%E5%B8%8C%E7%8E%B0%E5%9C%A8%E9%95%BF%E5%BE%97%E6%AF%94%E5%A7%9C%E6%80%9D%E8%BE%BE%E8%BF%98%E5%83%8F%E5%A4%A7%E5%86%B0%23
2026-07-18,2026-07-18T14:27:54+08:00,微博,文娱热搜榜,微博热搜榜-文娱条目,,9,张凌赫14个代言包场,艺人,总榜排名 24；热度 317225；新；艺人领域热度TOP6,,张凌赫14个代言包场,['张凌赫'],https://s.weibo.com/weibo?q=%23%E5%BC%A0%E5%87%8C%E8%B5%AB14%E4%B8%AA%E4%BB%A3%E8%A8%80%E5%8C%85%E5%9C%BA%23
2026-07-18,2026-07-18T14:27:54+08:00,微博,文娱热搜榜,微博热搜榜-文娱条目,,10,时代少年团抢票,演出,总榜排名 26；热度 315239；新；演出领域热度TOP1,,时代少年团抢票,演出,https://s.weibo.com/weibo?q=%23%E6%97%B6%E4%BB%A3%E5%B0%91%E5%B9%B4%E5%9B%A2%E6%8A%A2%E7%A5%A8%23
2026-07-18,2026-07-18T14:27:54+08:00,微博,文娱热搜榜,微博热搜榜-文娱条目,,11,小黄豆复胖,网红,总榜排名 28；热度 297813；网红领域热度TOP2,,小黄豆复胖,['小黄豆'],https://s.weibo.com/weibo?q=%23%E5%B0%8F%E9%BB%84%E8%B1%86%E5%A4%8D%E8%83%96%23
2026-07-18,2026-07-18T14:27:54+08:00,微博,文娱热搜榜,微博热搜榜-文娱条目,,12,迪丽热巴晒素颜怼脸自拍,电影,总榜排名 29；热度 287126；新；电影领域热度TOP1,,迪丽热巴晒素颜怼脸自拍,电影,https://s.weibo.com/weibo?q=%23%E8%BF%AA%E4%B8%BD%E7%83%AD%E5%B7%B4%E6%99%92%E7%B4%A0%E9%A2%9C%E6%80%BC%E8%84%B8%E8%87%AA%E6%8B%8D%23
2026-07-18,2026-07-18T14:27:54+08:00,微博,文娱热搜榜,微博热搜榜-文娱条目,,13,宋亚轩头发两年没剪了,艺人,总榜排名 31；热度 286490；新；艺人领域热度TOP7,,宋亚轩头发两年没剪了,['宋亚轩'],https://s.weibo.com/weibo?q=%23%E5%AE%8B%E4%BA%9A%E8%BD%A9%E5%A4%B4%E5%8F%91%E4%B8%A4%E5%B9%B4%E6%B2%A1%E5%89%AA%E4%BA%86%23
2026-07-18,2026-07-18T14:27:54+08:00,微博,文娱热搜榜,微博热搜榜-文娱条目,,14,时代少年团加冠礼演唱会,演出,总榜排名 37；热度 254091；演出领域热度TOP2,,时代少年团加冠礼演唱会,演出,https://s.weibo.com/weibo?q=%23%E6%97%B6%E4%BB%A3%E5%B0%91%E5%B9%B4%E5%9B%A2%E5%8A%A0%E5%86%A0%E7%A4%BC%E6%BC%94%E5%94%B1%E4%BC%9A%23
2026-07-18,2026-07-18T14:27:54+08:00,微博,文娱热搜榜,微博热搜榜-文娱条目,,15,八仙豆瓣8.3,电影,总榜排名 38；热度 241020；新；电影领域热度TOP2,,八仙豆瓣8.3,电影,https://s.weibo.com/weibo?q=%23%E5%85%AB%E4%BB%99%E8%B1%86%E7%93%A38.3%23
2026-07-18,2026-07-18T14:27:54+08:00,微博,文娱热搜榜,微博热搜榜-文娱条目,,16,八仙,电影,总榜排名 40；热度 230799；电影领域热度TOP3,,八仙,电影,https://s.weibo.com/weibo?q=%23%E5%85%AB%E4%BB%99%23
2026-07-18,2026-07-18T14:27:54+08:00,微博,文娱热搜榜,微博热搜榜-文娱条目,,17,曲婉婷,艺人,总榜排名 41；热度 226931；新；艺人领域热度TOP10,,曲婉婷,['曲婉婷'],https://s.weibo.com/weibo?q=%23%E6%9B%B2%E5%A9%89%E5%A9%B7%23
2026-07-18,2026-07-18T14:27:54+08:00,微博,文娱热搜榜,微博热搜榜-文娱条目,,18,黄子弘凡吐槽外卖员偷吃,综艺,总榜排名 42；热度 212512；新；综艺领域热度TOP14,,黄子弘凡吐槽外卖员偷吃,综艺,https://s.weibo.com/weibo?q=%23%E9%BB%84%E5%AD%90%E5%BC%98%E5%87%A1%E5%90%90%E6%A7%BD%E5%A4%96%E5%8D%96%E5%91%98%E5%81%B7%E5%90%83%23
2026-07-18,2026-07-18T14:27:54+08:00,微博,文娱热搜榜,微博热搜榜-文娱条目,,19,马筱梅5个月儿子会说话了,艺人,总榜排名 44；热度 210610；艺人领域热度TOP11,,马筱梅5个月儿子会说话了,,https://s.weibo.com/weibo?q=%23%E9%A9%AC%E7%AD%B1%E6%A2%855%E4%B8%AA%E6%9C%88%E5%84%BF%E5%AD%90%E4%BC%9A%E8%AF%B4%E8%AF%9D%E4%BA%86%23
2026-07-18,2026-07-18T14:27:54+08:00,微博,文娱热搜榜,微博热搜榜-文娱条目,,20,玉骨遥 雪寒薇,剧集,总榜排名 46；热度 183033；剧集领域热度TOP1,,玉骨遥 雪寒薇,剧集,https://s.weibo.com/weibo?q=%23%E7%8E%89%E9%AA%A8%E9%81%A5%20%E9%9B%AA%E5%AF%92%E8%96%87%23
2026-07-18,2026-07-18T14:27:54+08:00,微博,文娱热搜榜,微博热搜榜-文娱条目,,21,成毅摸了一下苹果水果摊就被搬空了,艺人,总榜排名 47；热度 182340；艺人领域热度TOP12,,成毅摸了一下苹果水果摊就被搬空了,['成毅'],https://s.weibo.com/weibo?q=%23%E6%88%90%E6%AF%85%E6%91%B8%E4%BA%86%E4%B8%80%E4%B8%8B%E8%8B%B9%E6%9E%9C%E6%B0%B4%E6%9E%9C%E6%91%8A%E5%B0%B1%E8%A2%AB%E6%90%AC%E7%A9%BA%E4%BA%86%23
