snapshot_date,captured_at,platform,chart,official_chart,platform_date,rank,song_name,artist,chart_metric,duration,song_id,album_id,source_url
2026-08-28,2026-08-28T14:18:34+08:00,QQ音乐,热歌榜,热歌榜,2026-08-28,1,唯有追赶风的方向 (Only By Chasing the Wind),知更鸟/HOYO-MiX/Chevy,0,,719048367,0011AmNK31mn3Z,https://y.qq.com/n/ryqq/toplist/26
2026-08-28,2026-08-28T14:18:34+08:00,QQ音乐,热歌榜,热歌榜,2026-08-28,2,我不难过,孙燕姿,上升 1,,8136,004VSvF52mQoQp,https://y.qq.com/n/ryqq/toplist/26
2026-08-28,2026-08-28T14:18:34+08:00,QQ音乐,热歌榜,热歌榜,2026-08-28,3,甲乙丙丁 (你我怎么两清),李佳薇,上升 1,,696262512,00446QRA1fTdqA,https://y.qq.com/n/ryqq/toplist/26
2026-08-28,2026-08-28T14:18:34+08:00,QQ音乐,热歌榜,热歌榜,2026-08-28,4,闭目入神,郑中基,上升 1,,96440,004bb67O0ABuHL,https://y.qq.com/n/ryqq/toplist/26
2026-08-28,2026-08-28T14:18:34+08:00,QQ音乐,热歌榜,热歌榜,2026-08-28,5,恋人,李荣浩,上升 1,,496054946,004HaG7p4ZkhXA,https://y.qq.com/n/ryqq/toplist/26
2026-08-28,2026-08-28T14:18:34+08:00,QQ音乐,热歌榜,热歌榜,2026-08-28,6,我怀念的,孙燕姿,上升 3,,5211338,000P3l050Olt27,https://y.qq.com/n/ryqq/toplist/26
2026-08-28,2026-08-28T14:18:34+08:00,QQ音乐,热歌榜,热歌榜,2026-08-28,7,碎碎念,队长,0,,448738462,000DTFwk0oV4YR,https://y.qq.com/n/ryqq/toplist/26
2026-08-28,2026-08-28T14:18:34+08:00,QQ音乐,热歌榜,热歌榜,2026-08-28,8,雨爱,杨丞琳,上升 3,,645819,000jcKFG0sQrD0,https://y.qq.com/n/ryqq/toplist/26
2026-08-28,2026-08-28T14:18:34+08:00,QQ音乐,热歌榜,热歌榜,2026-08-28,9,情歌,梁静茹,下降 1,,462188,002E4IXe1ESUij,https://y.qq.com/n/ryqq/toplist/26
2026-08-28,2026-08-28T14:18:34+08:00,QQ音乐,热歌榜,热歌榜,2026-08-28,10,阴天,莫文蔚,上升 4,,4830345,000hTTJN3oScZr,https://y.qq.com/n/ryqq/toplist/26
2026-08-28,2026-08-28T14:18:34+08:00,QQ音乐,热歌榜,热歌榜,2026-08-28,11,甲乙丙丁 (你我怎么两清) (Live),张碧晨/侯明昊,下降 1,,718469270,002yMaKA38C1nv,https://y.qq.com/n/ryqq/toplist/26
2026-08-28,2026-08-28T14:18:34+08:00,QQ音乐,热歌榜,热歌榜,2026-08-28,12,冻结,林俊杰,上升 1,,101659148,002vlOfM1X5TQ0,https://y.qq.com/n/ryqq/toplist/26
2026-08-28,2026-08-28T14:18:34+08:00,QQ音乐,热歌榜,热歌榜,2026-08-28,13,失眠,Suki刘舒妤,下降 1,,4733575,002xCeeN4EJ1Ke,https://y.qq.com/n/ryqq/toplist/26
2026-08-28,2026-08-28T14:18:34+08:00,QQ音乐,热歌榜,热歌榜,2026-08-28,14,爱错,王力宏,上升 1,,105905415,002ElVxf43rOue,https://y.qq.com/n/ryqq/toplist/26
2026-08-28,2026-08-28T14:18:34+08:00,QQ音乐,热歌榜,热歌榜,2026-08-28,15,Always Online,林俊杰,上升 1,,447257,002g6zv02X7SNi,https://y.qq.com/n/ryqq/toplist/26
2026-08-28,2026-08-28T14:18:34+08:00,QQ音乐,热歌榜,热歌榜,2026-08-28,16,我好想你 (苏打绿版),苏打绿,上升 3,,4884947,004QF5kp0jgyba,https://y.qq.com/n/ryqq/toplist/26
2026-08-28,2026-08-28T14:18:34+08:00,QQ音乐,热歌榜,热歌榜,2026-08-28,17,唯一,G.E.M. 邓紫棋,上升 1,,438910555,002d6m7k0xCbSv,https://y.qq.com/n/ryqq/toplist/26
2026-08-28,2026-08-28T14:18:34+08:00,QQ音乐,热歌榜,热歌榜,2026-08-28,18,特别的人,方大同,下降 1,,5293866,000GvdTR0qcKh8,https://y.qq.com/n/ryqq/toplist/26
2026-08-28,2026-08-28T14:18:34+08:00,QQ音乐,热歌榜,热歌榜,2026-08-28,19,富士山下,陈奕迅,上升 1,,260678,004Z85XP1c25b7,https://y.qq.com/n/ryqq/toplist/26
2026-08-28,2026-08-28T14:18:34+08:00,QQ音乐,热歌榜,热歌榜,2026-08-28,20,演员,薛之谦,上升 1,,102636799,003y8dsH2wBHlo,https://y.qq.com/n/ryqq/toplist/26
2026-08-28,2026-08-28T14:18:34+08:00,QQ音乐,热歌榜,热歌榜,2026-08-28,21,红色高跟鞋,蔡健雅,上升 1,,624649,002dOge41xlS8x,https://y.qq.com/n/ryqq/toplist/26
2026-08-28,2026-08-28T14:18:34+08:00,QQ音乐,热歌榜,热歌榜,2026-08-28,22,开始懂了,孙燕姿,上升 1,,5646,004KRIQr1oCp2A,https://y.qq.com/n/ryqq/toplist/26
2026-08-28,2026-08-28T14:18:34+08:00,QQ音乐,热歌榜,热歌榜,2026-08-28,23,我好像在哪见过你,薛之谦,上升 9,,107439472,000dcZ9I1nzO62,https://y.qq.com/n/ryqq/toplist/26
2026-08-28,2026-08-28T14:18:34+08:00,QQ音乐,热歌榜,热歌榜,2026-08-28,24,美人鱼,林俊杰,0,,95292,000y5gq7449K9I,https://y.qq.com/n/ryqq/toplist/26
2026-08-28,2026-08-28T14:18:34+08:00,QQ音乐,热歌榜,热歌榜,2026-08-28,25,春娇与志明,街道办GDC/欧阳耀莹,0,,205357640,000lrXyA0MlEEo,https://y.qq.com/n/ryqq/toplist/26
2026-08-28,2026-08-28T14:18:34+08:00,QQ音乐,热歌榜,热歌榜,2026-08-28,26,雨过后的风景,Dizzy Dizzo (蔡诗芸),上升 1,,1960263,0038xSkp1EcVBf,https://y.qq.com/n/ryqq/toplist/26
2026-08-28,2026-08-28T14:18:34+08:00,QQ音乐,热歌榜,热歌榜,2026-08-28,27,盛夏的果实,莫文蔚,下降 1,,4830161,000KeV8l1PIjxt,https://y.qq.com/n/ryqq/toplist/26
2026-08-28,2026-08-28T14:18:34+08:00,QQ音乐,热歌榜,热歌榜,2026-08-28,28,明天过后,张杰,上升 1,,273032694,000pVkCf3KsUQ9,https://y.qq.com/n/ryqq/toplist/26
2026-08-28,2026-08-28T14:18:34+08:00,QQ音乐,热歌榜,热歌榜,2026-08-28,29,江南,林俊杰,上升 1,,9063002,000y5gq7449K9I,https://y.qq.com/n/ryqq/toplist/26
2026-08-28,2026-08-28T14:18:34+08:00,QQ音乐,热歌榜,热歌榜,2026-08-28,30,多远都要在一起,G.E.M. 邓紫棋,上升 1,,102174489,003c616O2Zlswm,https://y.qq.com/n/ryqq/toplist/26
2026-08-28,2026-08-28T14:18:34+08:00,QQ音乐,热歌榜,热歌榜,2026-08-28,31,玻璃,Gareth.T,下降 3,,666124541,002kIED92uw8L5,https://y.qq.com/n/ryqq/toplist/26
2026-08-28,2026-08-28T14:18:34+08:00,QQ音乐,热歌榜,热歌榜,2026-08-28,32,樱花草,Sweety,上升 1,,481456,000pKXff1doeOd,https://y.qq.com/n/ryqq/toplist/26
2026-08-28,2026-08-28T14:18:34+08:00,QQ音乐,热歌榜,热歌榜,2026-08-28,33,其实,薛之谦,上升 2,,104775877,000QgFcm0v8WaF,https://y.qq.com/n/ryqq/toplist/26
2026-08-28,2026-08-28T14:18:34+08:00,QQ音乐,热歌榜,热歌榜,2026-08-28,34,葡萄成熟时,陈奕迅,上升 2,,1251167,003J6fvc0bVJon,https://y.qq.com/n/ryqq/toplist/26
2026-08-28,2026-08-28T14:18:34+08:00,QQ音乐,热歌榜,热歌榜,2026-08-28,35,ANGEL (天使),尹美莱 (윤미래)/Tiger JK/Bizzy (비지),上升 3,,101138130,000qiKcT05rSr9,https://y.qq.com/n/ryqq/toplist/26
2026-08-28,2026-08-28T14:18:34+08:00,QQ音乐,热歌榜,热歌榜,2026-08-28,36,我们俩,郭顶,下降 2,,105413206,003sMyYb4HZAAz,https://y.qq.com/n/ryqq/toplist/26
2026-08-28,2026-08-28T14:18:34+08:00,QQ音乐,热歌榜,热歌榜,2026-08-28,37,偏爱,张芸京,0,,473137,003ha6C92GRuVE,https://y.qq.com/n/ryqq/toplist/26
2026-08-28,2026-08-28T14:18:34+08:00,QQ音乐,热歌榜,热歌榜,2026-08-28,38,素颜,许嵩/何曼婷,上升 2,,101813361,0035f8nw11cjkf,https://y.qq.com/n/ryqq/toplist/26
2026-08-28,2026-08-28T14:18:34+08:00,QQ音乐,热歌榜,热歌榜,2026-08-28,39,Pretty Girl Rock,Keri Hilson,上升 12,,102688664,003NF4tW1prOV0,https://y.qq.com/n/ryqq/toplist/26
2026-08-28,2026-08-28T14:18:34+08:00,QQ音乐,热歌榜,热歌榜,2026-08-28,40,坏女孩,徐良/小凌,下降 1,,7112749,002apRhZ4Bq99d,https://y.qq.com/n/ryqq/toplist/26
2026-08-28,2026-08-28T14:18:34+08:00,QQ音乐,热歌榜,热歌榜,2026-08-28,41,여름의 속도 (Speed of Summer),WINTER (윈터),新进,,719700293,002IFnBo0vLIDo,https://y.qq.com/n/ryqq/toplist/26
2026-08-28,2026-08-28T14:18:34+08:00,QQ音乐,热歌榜,热歌榜,2026-08-28,42,心墙,郭静,上升 1,,474797,003EHcB24J8t9Z,https://y.qq.com/n/ryqq/toplist/26
2026-08-28,2026-08-28T14:18:34+08:00,QQ音乐,热歌榜,热歌榜,2026-08-28,43,最佳损友,陈奕迅,上升 1,,1338414,002FT46H18G1jW,https://y.qq.com/n/ryqq/toplist/26
2026-08-28,2026-08-28T14:18:34+08:00,QQ音乐,热歌榜,热歌榜,2026-08-28,44,第57次取消发送,菲菲公主（陆绮菲）,上升 1,,560063927,000KrDC019mc82,https://y.qq.com/n/ryqq/toplist/26
2026-08-28,2026-08-28T14:18:34+08:00,QQ音乐,热歌榜,热歌榜,2026-08-28,45,晴天,周杰伦,下降 3,,97773,000MkMni19ClKG,https://y.qq.com/n/ryqq/toplist/26
2026-08-28,2026-08-28T14:18:34+08:00,QQ音乐,热歌榜,热歌榜,2026-08-28,46,爱情讯息,郭静,上升 34,,876549,003PKZMI1Wyx1A,https://y.qq.com/n/ryqq/toplist/26
2026-08-28,2026-08-28T14:18:34+08:00,QQ音乐,热歌榜,热歌榜,2026-08-28,47,不将就,李荣浩,0,,102367085,001fi1zG0EjU2u,https://y.qq.com/n/ryqq/toplist/26
2026-08-28,2026-08-28T14:18:34+08:00,QQ音乐,热歌榜,热歌榜,2026-08-28,48,离开我的依赖,王艳薇,下降 7,,253383943,004CSyAN1oc97b,https://y.qq.com/n/ryqq/toplist/26
2026-08-28,2026-08-28T14:18:34+08:00,QQ音乐,热歌榜,热歌榜,2026-08-28,49,瞬,郑润泽,下降 3,,422061155,001qvyI10urb5z,https://y.qq.com/n/ryqq/toplist/26
2026-08-28,2026-08-28T14:18:34+08:00,QQ音乐,热歌榜,热歌榜,2026-08-28,50,遇见,孙燕姿,下降 2,,8145,002ehzTm0TxXC2,https://y.qq.com/n/ryqq/toplist/26
2026-08-28,2026-08-28T14:18:34+08:00,QQ音乐,热歌榜,热歌榜,2026-08-28,51,海阔天空,BEYOND,上升 1,,4835784,002qcJuX3lO3EZ,https://y.qq.com/n/ryqq/toplist/26
2026-08-28,2026-08-28T14:18:34+08:00,QQ音乐,热歌榜,热歌榜,2026-08-28,52,天外来物,薛之谦,下降 3,,272125057,000K9Zp13TZp5s,https://y.qq.com/n/ryqq/toplist/26
2026-08-28,2026-08-28T14:18:34+08:00,QQ音乐,热歌榜,热歌榜,2026-08-28,53,SUN KISS,TUIDE,上升 12,,718477404,0029Iko843CkkT,https://y.qq.com/n/ryqq/toplist/26
2026-08-28,2026-08-28T14:18:34+08:00,QQ音乐,热歌榜,热歌榜,2026-08-28,54,下完这场雨,后弦,上升 5,,108787382,004ZXlA63dZBCa,https://y.qq.com/n/ryqq/toplist/26
2026-08-28,2026-08-28T14:18:34+08:00,QQ音乐,热歌榜,热歌榜,2026-08-28,55,山风山风等等我,万海东,下降 5,,708639670,002O92eu0Jubpi,https://y.qq.com/n/ryqq/toplist/26
2026-08-28,2026-08-28T14:18:34+08:00,QQ音乐,热歌榜,热歌榜,2026-08-28,56,泡沫,G.E.M. 邓紫棋,下降 1,,1530858,002YFufr4bXZyI,https://y.qq.com/n/ryqq/toplist/26
2026-08-28,2026-08-28T14:18:34+08:00,QQ音乐,热歌榜,热歌榜,2026-08-28,57,认真的雪,薛之谦,下降 1,,1333803,003mUYW22JXKVK,https://y.qq.com/n/ryqq/toplist/26
2026-08-28,2026-08-28T14:18:34+08:00,QQ音乐,热歌榜,热歌榜,2026-08-28,58,背对背拥抱,林俊杰,下降 4,,648231,002C0kX720gMQi,https://y.qq.com/n/ryqq/toplist/26
2026-08-28,2026-08-28T14:18:34+08:00,QQ音乐,热歌榜,热歌榜,2026-08-28,59,十年,陈奕迅,下降 6,,4830342,000GDz8k03UOaI,https://y.qq.com/n/ryqq/toplist/26
2026-08-28,2026-08-28T14:18:34+08:00,QQ音乐,热歌榜,热歌榜,2026-08-28,60,IF YOU,BIGBANG (빅뱅),下降 2,,102793935,001xpUdt2jEjWu,https://y.qq.com/n/ryqq/toplist/26
2026-08-28,2026-08-28T14:18:34+08:00,QQ音乐,热歌榜,热歌榜,2026-08-28,61,MONEYMONEYMONEY,CORTIS,上升 44,,718459547,001FKYJN4adzuN,https://y.qq.com/n/ryqq/toplist/26
2026-08-28,2026-08-28T14:18:34+08:00,QQ音乐,热歌榜,热歌榜,2026-08-28,62,青花,周传雄,0,,102204539,001Vj7aX0PixwV,https://y.qq.com/n/ryqq/toplist/26
2026-08-28,2026-08-28T14:18:34+08:00,QQ音乐,热歌榜,热歌榜,2026-08-28,63,无人之岛,任然,下降 6,,203452364,002lMPc30c4rOO,https://y.qq.com/n/ryqq/toplist/26
2026-08-28,2026-08-28T14:18:34+08:00,QQ音乐,热歌榜,热歌榜,2026-08-28,64,黄昏,周传雄,下降 4,,526713,001U6x8f2uJhig,https://y.qq.com/n/ryqq/toplist/26
2026-08-28,2026-08-28T14:18:34+08:00,QQ音乐,热歌榜,热歌榜,2026-08-28,65,如愿,王菲,下降 2,,326584182,004Kbn3m2HV9Y3,https://y.qq.com/n/ryqq/toplist/26
2026-08-28,2026-08-28T14:18:34+08:00,QQ音乐,热歌榜,热歌榜,2026-08-28,66,如果可以,韦礼安,上升 1,,330977131,003WBcyJ1siUkh,https://y.qq.com/n/ryqq/toplist/26
2026-08-28,2026-08-28T14:18:34+08:00,QQ音乐,热歌榜,热歌榜,2026-08-28,67,后会无期,徐良/汪苏泷,下降 1,,7112743,002apRhZ4Bq99d,https://y.qq.com/n/ryqq/toplist/26
2026-08-28,2026-08-28T14:18:34+08:00,QQ音乐,热歌榜,热歌榜,2026-08-28,68,Letting Go,蔡健雅,上升 6,,1030353,001aC9dM35U6KB,https://y.qq.com/n/ryqq/toplist/26
2026-08-28,2026-08-28T14:18:34+08:00,QQ音乐,热歌榜,热歌榜,2026-08-28,69,至少还有你,林忆莲,上升 1,,102204563,001JqgRv0mRHEQ,https://y.qq.com/n/ryqq/toplist/26
2026-08-28,2026-08-28T14:18:34+08:00,QQ音乐,热歌榜,热歌榜,2026-08-28,70,知了,陈默之,下降 6,,482500528,000fHDnB1K1Hcf,https://y.qq.com/n/ryqq/toplist/26
2026-08-28,2026-08-28T14:18:34+08:00,QQ音乐,热歌榜,热歌榜,2026-08-28,71,出现又离开 (Live),梁博,下降 2,,231594573,000eQZ1q4g6AsF,https://y.qq.com/n/ryqq/toplist/26
2026-08-28,2026-08-28T14:18:34+08:00,QQ音乐,热歌榜,热歌榜,2026-08-28,72,那时雨,徐良,下降 4,,229661539,002JsVIJ31j7qR,https://y.qq.com/n/ryqq/toplist/26
2026-08-28,2026-08-28T14:18:34+08:00,QQ音乐,热歌榜,热歌榜,2026-08-28,73,倒数,G.E.M. 邓紫棋,上升 3,,215540451,003cKIKZ1J4Yyu,https://y.qq.com/n/ryqq/toplist/26
2026-08-28,2026-08-28T14:18:34+08:00,QQ音乐,热歌榜,热歌榜,2026-08-28,74,愿与愁,林俊杰,上升 5,,405007729,004ZOIop1doXru,https://y.qq.com/n/ryqq/toplist/26
2026-08-28,2026-08-28T14:18:34+08:00,QQ音乐,热歌榜,热歌榜,2026-08-28,75,差一步,大壮,下降 14,,209378295,000lEj821EaXUu,https://y.qq.com/n/ryqq/toplist/26
2026-08-28,2026-08-28T14:18:34+08:00,QQ音乐,热歌榜,热歌榜,2026-08-28,76,修炼爱情,林俊杰,下降 4,,5063375,001gqOnU3DTg2S,https://y.qq.com/n/ryqq/toplist/26
2026-08-28,2026-08-28T14:18:34+08:00,QQ音乐,热歌榜,热歌榜,2026-08-28,77,麦恩莉,方大同,下降 4,,2550926,000ih4iv3HCmno,https://y.qq.com/n/ryqq/toplist/26
2026-08-28,2026-08-28T14:18:34+08:00,QQ音乐,热歌榜,热歌榜,2026-08-28,78,幻听,许嵩,下降 7,,1531817,004RbL3b0BDIe2,https://y.qq.com/n/ryqq/toplist/26
2026-08-28,2026-08-28T14:18:34+08:00,QQ音乐,热歌榜,热歌榜,2026-08-28,79,会呼吸的痛,梁静茹,下降 2,,411228,002oy2Mp3I8Rgo,https://y.qq.com/n/ryqq/toplist/26
2026-08-28,2026-08-28T14:18:34+08:00,QQ音乐,热歌榜,热歌榜,2026-08-28,80,我们的歌,王力宏,下降 2,,102193483,002Zwh5p4HgecI,https://y.qq.com/n/ryqq/toplist/26
2026-08-28,2026-08-28T14:18:34+08:00,QQ音乐,热歌榜,热歌榜,2026-08-28,81,最后一页,江语晨,上升 13,,721636,003FO4XF40Ky8L,https://y.qq.com/n/ryqq/toplist/26
2026-08-28,2026-08-28T14:18:34+08:00,QQ音乐,热歌榜,热歌榜,2026-08-28,82,有何不可,许嵩,上升 6,,102296985,002KSDg90IaScI,https://y.qq.com/n/ryqq/toplist/26
2026-08-28,2026-08-28T14:18:34+08:00,QQ音乐,热歌榜,热歌榜,2026-08-28,83,勇气,梁静茹,下降 8,,4830164,001DEgPu1004bl,https://y.qq.com/n/ryqq/toplist/26
2026-08-28,2026-08-28T14:18:34+08:00,QQ音乐,热歌榜,热歌榜,2026-08-28,84,我记得,赵雷,0,,372639235,003QIVDT3UB8zG,https://y.qq.com/n/ryqq/toplist/26
2026-08-28,2026-08-28T14:18:34+08:00,QQ音乐,热歌榜,热歌榜,2026-08-28,85,句号,G.E.M. 邓紫棋,下降 4,,247347346,0049MVh824D7bM,https://y.qq.com/n/ryqq/toplist/26
2026-08-28,2026-08-28T14:18:34+08:00,QQ音乐,热歌榜,热歌榜,2026-08-28,86,你要的全拿走,胡彦斌,上升 1,,212808217,001eyHlv2fu50T,https://y.qq.com/n/ryqq/toplist/26
2026-08-28,2026-08-28T14:18:34+08:00,QQ音乐,热歌榜,热歌榜,2026-08-28,87,失控,井迪,上升 10,,284945036,0014Iqfp1PMAbs,https://y.qq.com/n/ryqq/toplist/26
2026-08-28,2026-08-28T14:18:34+08:00,QQ音乐,热歌榜,热歌榜,2026-08-28,88,可不可以,张紫豪,下降 2,,213958134,004VR1w241uBhB,https://y.qq.com/n/ryqq/toplist/26
2026-08-28,2026-08-28T14:18:34+08:00,QQ音乐,热歌榜,热歌榜,2026-08-28,89,讨厌,芮恩,下降 6,,138194,001EFkTG1wgW4n,https://y.qq.com/n/ryqq/toplist/26
2026-08-28,2026-08-28T14:18:34+08:00,QQ音乐,热歌榜,热歌榜,2026-08-28,90,下一个天亮,郭静,下降 8,,876541,003PKZMI1Wyx1A,https://y.qq.com/n/ryqq/toplist/26
2026-08-28,2026-08-28T14:18:34+08:00,QQ音乐,热歌榜,热歌榜,2026-08-28,91,同花顺,林倛玉,下降 6,,103970682,004789lA4cH3Kq,https://y.qq.com/n/ryqq/toplist/26
2026-08-28,2026-08-28T14:18:34+08:00,QQ音乐,热歌榜,热歌榜,2026-08-28,92,无名的人,毛不易,下降 3,,336582682,002mPgSG01LLtu,https://y.qq.com/n/ryqq/toplist/26
2026-08-28,2026-08-28T14:18:34+08:00,QQ音乐,热歌榜,热歌榜,2026-08-28,93,我知道,BY2,上升 7,,470336,001P410a0Iq4K0,https://y.qq.com/n/ryqq/toplist/26
2026-08-28,2026-08-28T14:18:34+08:00,QQ音乐,热歌榜,热歌榜,2026-08-28,94,Beauty And A Beat,Justin Bieber/Nicki Minaj,上升 17,,1473252,002XddZv4cGsXb,https://y.qq.com/n/ryqq/toplist/26
2026-08-28,2026-08-28T14:18:34+08:00,QQ音乐,热歌榜,热歌榜,2026-08-28,95,空心,光泽,下降 3,,200390803,001vjIoV01nThA,https://y.qq.com/n/ryqq/toplist/26
2026-08-28,2026-08-28T14:18:34+08:00,QQ音乐,热歌榜,热歌榜,2026-08-28,96,那些你很冒险的梦,林俊杰,下降 6,,102388808,002PQCmo2azasb,https://y.qq.com/n/ryqq/toplist/26
2026-08-28,2026-08-28T14:18:34+08:00,QQ音乐,热歌榜,热歌榜,2026-08-28,97,一样的月光,徐佳莹,下降 2,,7063423,000cchEp2CGNEf,https://y.qq.com/n/ryqq/toplist/26
2026-08-28,2026-08-28T14:18:34+08:00,QQ音乐,热歌榜,热歌榜,2026-08-28,98,冷夜,陈默之,下降 7,,467646860,003ILMG04IvA9R,https://y.qq.com/n/ryqq/toplist/26
2026-08-28,2026-08-28T14:18:34+08:00,QQ音乐,热歌榜,热歌榜,2026-08-28,99,Love Story,Taylor Swift,0,,639141,002Q1XUj3HBAzw,https://y.qq.com/n/ryqq/toplist/26
2026-08-28,2026-08-28T14:18:34+08:00,QQ音乐,热歌榜,热歌榜,2026-08-28,100,爱我还是他,陶喆,下降 4,,7211247,003ofGzS3C23Ow,https://y.qq.com/n/ryqq/toplist/26
2026-08-28,2026-08-28T14:18:34+08:00,QQ音乐,飙升榜,飙升榜,2026-08-28,1,여름의 속도 (Speed of Summer),WINTER (윈터),热度 30%,,719700293,002IFnBo0vLIDo,https://y.qq.com/n/ryqq/toplist/62
2026-08-28,2026-08-28T14:18:34+08:00,QQ音乐,飙升榜,飙升榜,2026-08-28,2,强军战歌,阎维文,热度 10%,,7211917,003pTybC16SsVw,https://y.qq.com/n/ryqq/toplist/62
2026-08-28,2026-08-28T14:18:34+08:00,QQ音乐,飙升榜,飙升榜,2026-08-28,3,傻女,王栎鑫,热度 8%,,719345971,002SQDYJ2f81AG,https://y.qq.com/n/ryqq/toplist/62
2026-08-28,2026-08-28T14:18:34+08:00,QQ音乐,飙升榜,飙升榜,2026-08-28,4,Pretty Girl Rock,Keri Hilson,热度 5%,,102688664,003NF4tW1prOV0,https://y.qq.com/n/ryqq/toplist/62
2026-08-28,2026-08-28T14:18:34+08:00,QQ音乐,飙升榜,飙升榜,2026-08-28,5,MONEYMONEYMONEY,CORTIS,热度 4%,,718459547,001FKYJN4adzuN,https://y.qq.com/n/ryqq/toplist/62
2026-08-28,2026-08-28T14:18:34+08:00,QQ音乐,飙升榜,飙升榜,2026-08-28,6,西楼儿女,海来阿木,热度 4%,,380221029,000Nru2B0KDWty,https://y.qq.com/n/ryqq/toplist/62
2026-08-28,2026-08-28T14:18:34+08:00,QQ音乐,飙升榜,飙升榜,2026-08-28,7,REDRED,CORTIS,热度 3%,,657602209,003eh0jU2oyCKS,https://y.qq.com/n/ryqq/toplist/62
2026-08-28,2026-08-28T14:18:34+08:00,QQ音乐,飙升榜,飙升榜,2026-08-28,8,我好像在哪见过你,薛之谦,热度 3%,,107439472,000dcZ9I1nzO62,https://y.qq.com/n/ryqq/toplist/62
2026-08-28,2026-08-28T14:18:34+08:00,QQ音乐,飙升榜,飙升榜,2026-08-28,9,莫忙,乡野低频,热度 3%,,716265846,003TvHXQ02Q4av,https://y.qq.com/n/ryqq/toplist/62
2026-08-28,2026-08-28T14:18:34+08:00,QQ音乐,飙升榜,飙升榜,2026-08-28,10,SUN KISS,TUIDE,热度 3%,,718477404,0029Iko843CkkT,https://y.qq.com/n/ryqq/toplist/62
2026-08-28,2026-08-28T14:18:34+08:00,QQ音乐,飙升榜,飙升榜,2026-08-28,11,Sweet Dreams (feat. Miguel),j-hope/Miguel,热度 3%,,565407645,002HKwGr1gFmv1,https://y.qq.com/n/ryqq/toplist/62
2026-08-28,2026-08-28T14:18:34+08:00,QQ音乐,飙升榜,飙升榜,2026-08-28,12,仿佛又在那天醒来,黄星,热度 3%,,709612805,0028Zntk4TerlA,https://y.qq.com/n/ryqq/toplist/62
2026-08-28,2026-08-28T14:18:34+08:00,QQ音乐,飙升榜,飙升榜,2026-08-28,13,执迷不悟,小乐哥（王唯乐）,热度 2%,,276499661,0021brYM11q58W,https://y.qq.com/n/ryqq/toplist/62
2026-08-28,2026-08-28T14:18:34+08:00,QQ音乐,飙升榜,飙升榜,2026-08-28,14,天下识君,剑网3/流浪的蛙蛙/Smile_小千,热度 2%,,569717827,0024ZqWz0C4tnC,https://y.qq.com/n/ryqq/toplist/62
2026-08-28,2026-08-28T14:18:34+08:00,QQ音乐,飙升榜,飙升榜,2026-08-28,15,ACAI,CORTIS,热度 2%,,657602212,003eh0jU2oyCKS,https://y.qq.com/n/ryqq/toplist/62
2026-08-28,2026-08-28T14:18:34+08:00,QQ音乐,飙升榜,飙升榜,2026-08-28,16,24시간이 모자라 (24小时也不够),宣美 (선미),热度 2%,,105793408,003MgTdw0JrACm,https://y.qq.com/n/ryqq/toplist/62
2026-08-28,2026-08-28T14:18:34+08:00,QQ音乐,飙升榜,飙升榜,2026-08-28,17,有你的快乐,橘子妹,热度 2%,,718429905,000KPE0D0uFTTu,https://y.qq.com/n/ryqq/toplist/62
2026-08-28,2026-08-28T14:18:34+08:00,QQ音乐,飙升榜,飙升榜,2026-08-28,18,TNT,CORTIS,热度 2%,,657602207,003eh0jU2oyCKS,https://y.qq.com/n/ryqq/toplist/62
2026-08-28,2026-08-28T14:18:34+08:00,QQ音乐,飙升榜,飙升榜,2026-08-28,19,MOTION (feat. Juicy J),CORTIS/Juicy J,热度 2%,,712303479,003Vl2TT2iciCP,https://y.qq.com/n/ryqq/toplist/62
2026-08-28,2026-08-28T14:18:34+08:00,QQ音乐,飙升榜,飙升榜,2026-08-28,20,闭目入神 (Live),郑中基,热度 2%,,261734,002HbiIx2B7RvO,https://y.qq.com/n/ryqq/toplist/62
2026-08-28,2026-08-28T14:18:34+08:00,QQ音乐,飙升榜,飙升榜,2026-08-28,21,山海相逢,剑网3/赵景旭（Winky诗）/吾恩,热度 2%,,290195714,001tx5oT3bBlo1,https://y.qq.com/n/ryqq/toplist/62
2026-08-28,2026-08-28T14:18:34+08:00,QQ音乐,飙升榜,飙升榜,2026-08-28,22,What You Want,CORTIS,热度 2%,,597019172,0041s3al2sTyTR,https://y.qq.com/n/ryqq/toplist/62
2026-08-28,2026-08-28T14:18:34+08:00,QQ音乐,飙升榜,飙升榜,2026-08-28,23,天涯共此时 (女声版),晴愔,热度 2%,,228390543,001SPU6y3rfXET,https://y.qq.com/n/ryqq/toplist/62
2026-08-28,2026-08-28T14:18:34+08:00,QQ音乐,飙升榜,飙升榜,2026-08-28,24,真夜中のドア/Stay With Me (深夜之门) (シングルver.),松原みき (まつばら みき),热度 2%,,216143156,003JfxzY1wpDaF,https://y.qq.com/n/ryqq/toplist/62
2026-08-28,2026-08-28T14:18:34+08:00,QQ音乐,飙升榜,飙升榜,2026-08-28,25,岸边客,夏子航（2603）,热度 2%,,604768553,000JKgts2c7S5f,https://y.qq.com/n/ryqq/toplist/62
2026-08-28,2026-08-28T14:18:34+08:00,QQ音乐,飙升榜,飙升榜,2026-08-28,26,狂,剑网3/JX3暗箱组合,热度 2%,,348029623,003JLgEK3vrlhq,https://y.qq.com/n/ryqq/toplist/62
2026-08-28,2026-08-28T14:18:34+08:00,QQ音乐,飙升榜,飙升榜,2026-08-28,27,Blue Lips ​,CORTIS,热度 2%,,657602211,003eh0jU2oyCKS,https://y.qq.com/n/ryqq/toplist/62
2026-08-28,2026-08-28T14:18:34+08:00,QQ音乐,飙升榜,飙升榜,2026-08-28,28,万象长安,剑网3/凤凰传奇/国风新语,热度 2%,,321243404,004RTq544W9p5X,https://y.qq.com/n/ryqq/toplist/62
2026-08-28,2026-08-28T14:18:34+08:00,QQ音乐,飙升榜,飙升榜,2026-08-28,29,入戏太深,马旭东,热度 2%,,5114766,003iLv4M4QxxX7,https://y.qq.com/n/ryqq/toplist/62
2026-08-28,2026-08-28T14:18:34+08:00,QQ音乐,飙升榜,飙升榜,2026-08-28,30,归,久浊,热度 2%,,719739359,000kTVdc2dA6fk,https://y.qq.com/n/ryqq/toplist/62
2026-08-28,2026-08-28T14:18:34+08:00,QQ音乐,飙升榜,飙升榜,2026-08-28,31,GO!,CORTIS,热度 2%,,602767778,003ZAJPu4GdPYT,https://y.qq.com/n/ryqq/toplist/62
2026-08-28,2026-08-28T14:18:34+08:00,QQ音乐,飙升榜,飙升榜,2026-08-28,32,茶花开了,王睿卓,热度 2%,,546815722,00419kHt1vIQje,https://y.qq.com/n/ryqq/toplist/62
2026-08-28,2026-08-28T14:18:34+08:00,QQ音乐,飙升榜,飙升榜,2026-08-28,33,侠者成歌,剑网3/陆深/Smile_小千,热度 2%,,388626744,0047Xu5C4UG42v,https://y.qq.com/n/ryqq/toplist/62
2026-08-28,2026-08-28T14:18:34+08:00,QQ音乐,飙升榜,飙升榜,2026-08-28,34,Curious,AND2BLE,热度 2%,,667071095,001IR6uA12yZtS,https://y.qq.com/n/ryqq/toplist/62
2026-08-28,2026-08-28T14:18:34+08:00,QQ音乐,飙升榜,飙升榜,2026-08-28,35,PACK IT UP,CORTIS,热度 2%,,718459464,001FKYJN4adzuN,https://y.qq.com/n/ryqq/toplist/62
2026-08-28,2026-08-28T14:18:34+08:00,QQ音乐,飙升榜,飙升榜,2026-08-28,36,FaSHioN,CORTIS,热度 2%,,602767761,003ZAJPu4GdPYT,https://y.qq.com/n/ryqq/toplist/62
2026-08-28,2026-08-28T14:18:34+08:00,QQ音乐,飙升榜,飙升榜,2026-08-28,37,colt.45 (烈驹45号) (Live),弹壳,热度 2%,,694417365,002AlaEQ2ZZLbp,https://y.qq.com/n/ryqq/toplist/62
2026-08-28,2026-08-28T14:18:34+08:00,QQ音乐,飙升榜,飙升榜,2026-08-28,38,琵琶曲,郑浩/冰洁,热度 2%,,627317850,002PmUzc12N5S7,https://y.qq.com/n/ryqq/toplist/62
2026-08-28,2026-08-28T14:18:34+08:00,QQ音乐,飙升榜,飙升榜,2026-08-28,39,Training Season,Dua Lipa,热度 2%,,470573351,0015ywFk46DMIL,https://y.qq.com/n/ryqq/toplist/62
2026-08-28,2026-08-28T14:18:34+08:00,QQ音乐,飙升榜,飙升榜,2026-08-28,40,你的万水千山,海来阿木,热度 2%,,265792112,001Abpoj0wpAUx,https://y.qq.com/n/ryqq/toplist/62
2026-08-28,2026-08-28T14:18:34+08:00,QQ音乐,飙升榜,飙升榜,2026-08-28,41,载梦行舟,剑网3/蔡翊昇/柒落Seven,热度 1%,,456752290,000xcz7N363HKP,https://y.qq.com/n/ryqq/toplist/62
2026-08-28,2026-08-28T14:18:34+08:00,QQ音乐,飙升榜,飙升榜,2026-08-28,42,我借 (戏腔版),江枝婉,热度 1%,,719509366,002xuy6Y32guMp,https://y.qq.com/n/ryqq/toplist/62
2026-08-28,2026-08-28T14:18:34+08:00,QQ音乐,飙升榜,飙升榜,2026-08-28,43,望春风,陶喆,热度 1%,,7097,003ROVwj4PqLPa,https://y.qq.com/n/ryqq/toplist/62
2026-08-28,2026-08-28T14:18:34+08:00,QQ音乐,飙升榜,飙升榜,2026-08-28,44,JoyRide,CORTIS,热度 1%,,602767724,003ZAJPu4GdPYT,https://y.qq.com/n/ryqq/toplist/62
2026-08-28,2026-08-28T14:18:34+08:00,QQ音乐,飙升榜,飙升榜,2026-08-28,45,My Jealousy,于梓贝,热度 1%,,718127578,003iJ6pk4DUJmj,https://y.qq.com/n/ryqq/toplist/62
2026-08-28,2026-08-28T14:18:34+08:00,QQ音乐,飙升榜,飙升榜,2026-08-28,46,小尖尖,韩红/薛之谦,热度 1%,,275492762,000K9Zp13TZp5s,https://y.qq.com/n/ryqq/toplist/62
2026-08-28,2026-08-28T14:18:34+08:00,QQ音乐,飙升榜,飙升榜,2026-08-28,47,我的歌声里 (Live),茜拉 (Shila Amzah)/五洲唱响乐团,热度 1%,,102065697,0013Gk7d2eG6xf,https://y.qq.com/n/ryqq/toplist/62
2026-08-28,2026-08-28T14:18:34+08:00,QQ音乐,飙升榜,飙升榜,2026-08-28,48,一点一滴,林倛玉,热度 1%,,274878676,000LaGp435MQrs,https://y.qq.com/n/ryqq/toplist/62
2026-08-28,2026-08-28T14:18:34+08:00,QQ音乐,飙升榜,飙升榜,2026-08-28,49,好运来,祖海,热度 1%,,666059269,001a1yvM13bVYB,https://y.qq.com/n/ryqq/toplist/62
2026-08-28,2026-08-28T14:18:34+08:00,QQ音乐,飙升榜,飙升榜,2026-08-28,50,雨夜钢琴 (Blue Mix),林志美,热度 1%,,5092034,002aPGjs0CjdNK,https://y.qq.com/n/ryqq/toplist/62
2026-08-28,2026-08-28T14:18:34+08:00,QQ音乐,飙升榜,飙升榜,2026-08-28,51,秋风秋风别难过,杨月星,热度 1%,,717191313,003gfMvO45MFFG,https://y.qq.com/n/ryqq/toplist/62
2026-08-28,2026-08-28T14:18:34+08:00,QQ音乐,飙升榜,飙升榜,2026-08-28,52,来不及爱你,h3R3刘清云,热度 1%,,424469983,001hLbi83b5KQr,https://y.qq.com/n/ryqq/toplist/62
2026-08-28,2026-08-28T14:18:34+08:00,QQ音乐,飙升榜,飙升榜,2026-08-28,53,到时说爱我,茜拉 (Shila Amzah),热度 1%,,359549374,004NI00v3APbwE,https://y.qq.com/n/ryqq/toplist/62
2026-08-28,2026-08-28T14:18:34+08:00,QQ音乐,飙升榜,飙升榜,2026-08-28,54,点歌的人,海来阿木,热度 1%,,256080855,001NvtHt3hFmxE,https://y.qq.com/n/ryqq/toplist/62
2026-08-28,2026-08-28T14:18:34+08:00,QQ音乐,飙升榜,飙升榜,2026-08-28,55,假如爱有天意,李健,热度 1%,,105670451,003kPVgS2rCfR4,https://y.qq.com/n/ryqq/toplist/62
2026-08-28,2026-08-28T14:18:34+08:00,QQ音乐,飙升榜,飙升榜,2026-08-28,56,再见太难,利得汇,热度 1%,,688972,003pw9KJ3IxwA1,https://y.qq.com/n/ryqq/toplist/62
2026-08-28,2026-08-28T14:18:34+08:00,QQ音乐,飙升榜,飙升榜,2026-08-28,57,Setsuna Hanabi,TOMORROW X TOGETHER (투모로우바이투게더),热度 1%,,715300509,000JRsxU0KRZEe,https://y.qq.com/n/ryqq/toplist/62
2026-08-28,2026-08-28T14:18:34+08:00,QQ音乐,飙升榜,飙升榜,2026-08-28,58,难却,平生不晚,热度 1%,,369474690,003k1UYD0Epwsu,https://y.qq.com/n/ryqq/toplist/62
2026-08-28,2026-08-28T14:18:34+08:00,QQ音乐,飙升榜,飙升榜,2026-08-28,59,Wassup,CORTIS,热度 1%,,657602208,003eh0jU2oyCKS,https://y.qq.com/n/ryqq/toplist/62
2026-08-28,2026-08-28T14:18:34+08:00,QQ音乐,飙升榜,飙升榜,2026-08-28,60,喜欢,张悬,热度 1%,,4958007,000VBmS93hc4aN,https://y.qq.com/n/ryqq/toplist/62
2026-08-28,2026-08-28T14:18:34+08:00,QQ音乐,飙升榜,飙升榜,2026-08-28,61,当战,NL不分/阿睿凌霓剑裳,热度 1%,,202418175,002VOWxy0cb3bf,https://y.qq.com/n/ryqq/toplist/62
2026-08-28,2026-08-28T14:18:34+08:00,QQ音乐,飙升榜,飙升榜,2026-08-28,62,九万里,剑网3/李常超（Lao乾妈）,热度 1%,,290195700,001tx5oT3bBlo1,https://y.qq.com/n/ryqq/toplist/62
2026-08-28,2026-08-28T14:18:34+08:00,QQ音乐,飙升榜,飙升榜,2026-08-28,63,天外来物,薛之谦,热度 1%,,272125057,000K9Zp13TZp5s,https://y.qq.com/n/ryqq/toplist/62
2026-08-28,2026-08-28T14:18:34+08:00,QQ音乐,飙升榜,飙升榜,2026-08-28,64,YOUNGCREATORCREW,CORTIS,热度 1%,,657602210,003eh0jU2oyCKS,https://y.qq.com/n/ryqq/toplist/62
2026-08-28,2026-08-28T14:18:34+08:00,QQ音乐,飙升榜,飙升榜,2026-08-28,65,大美江湖,银临,热度 1%,,212676222,001uQXe41ow5AX,https://y.qq.com/n/ryqq/toplist/62
2026-08-28,2026-08-28T14:18:34+08:00,QQ音乐,飙升榜,飙升榜,2026-08-28,66,爱的供养,杨幂,热度 1%,,102170021,00293RzI2AMYKF,https://y.qq.com/n/ryqq/toplist/62
2026-08-28,2026-08-28T14:18:34+08:00,QQ音乐,飙升榜,飙升榜,2026-08-28,67,不如见一面,海来阿木,热度 1%,,448362500,001T89Fm4gNcuu,https://y.qq.com/n/ryqq/toplist/62
2026-08-28,2026-08-28T14:18:34+08:00,QQ音乐,飙升榜,飙升榜,2026-08-28,68,怪咖,薛之谦,热度 1%,,214182478,0015rUVB2OUdGA,https://y.qq.com/n/ryqq/toplist/62
2026-08-28,2026-08-28T14:18:34+08:00,QQ音乐,飙升榜,飙升榜,2026-08-28,69,Deja Vu,TOMORROW X TOGETHER (투모로우바이투게더),热度 1%,,479721946,002Zx3z00tEgk4,https://y.qq.com/n/ryqq/toplist/62
2026-08-28,2026-08-28T14:18:34+08:00,QQ音乐,飙升榜,飙升榜,2026-08-28,70,难以抗拒你容颜,张信哲,热度 1%,,4946108,004K5GNM0y6nVk,https://y.qq.com/n/ryqq/toplist/62
2026-08-28,2026-08-28T14:18:34+08:00,QQ音乐,飙升榜,飙升榜,2026-08-28,71,呆头鸟,礼越,热度 1%,,716143326,003bzaxA2iIaI3,https://y.qq.com/n/ryqq/toplist/62
2026-08-28,2026-08-28T14:18:34+08:00,QQ音乐,飙升榜,飙升榜,2026-08-28,72,何必,少年霜,热度 1%,,352945010,0046E1hv2hRmH8,https://y.qq.com/n/ryqq/toplist/62
2026-08-28,2026-08-28T14:18:34+08:00,QQ音乐,飙升榜,飙升榜,2026-08-28,73,爱 欲 浮世绘,张震岳,热度 1%,,672984,001dFvZR0ydHNT,https://y.qq.com/n/ryqq/toplist/62
2026-08-28,2026-08-28T14:18:34+08:00,QQ音乐,飙升榜,飙升榜,2026-08-28,74,人间侠气,剑网3/Smile_小千/蔡翊昇/五色石南叶/赵景旭（Winky诗）/只有影子/叶里/NL不分/_毛毛酱_/流浪的蛙蛙/阿睿凌霓剑裳/裂天/梦璟SAYA/硝酸铜/一千斛担子/柒落Seven/凌寒蕾/流光Hesh/音频怪物/白翎/佑可猫/Padalecki小明,热度 1%,,599439021,0012AQwZ0akk3d,https://y.qq.com/n/ryqq/toplist/62
2026-08-28,2026-08-28T14:18:34+08:00,QQ音乐,飙升榜,飙升榜,2026-08-28,75,老大,李晓杰,热度 1%,,102216709,001OWuMz4QRje2,https://y.qq.com/n/ryqq/toplist/62
2026-08-28,2026-08-28T14:18:34+08:00,QQ音乐,飙升榜,飙升榜,2026-08-28,76,The Other Side Of Paradise (Explicit),Glass Animals,热度 1%,,319782348,001eucpH3ZIJnM,https://y.qq.com/n/ryqq/toplist/62
2026-08-28,2026-08-28T14:18:34+08:00,QQ音乐,飙升榜,飙升榜,2026-08-28,77,失控,井迪,热度 1%,,284945036,0014Iqfp1PMAbs,https://y.qq.com/n/ryqq/toplist/62
2026-08-28,2026-08-28T14:18:34+08:00,QQ音乐,飙升榜,飙升榜,2026-08-28,78,她,刘宇宁,热度 1%,,718438327,004K64ja1667bt,https://y.qq.com/n/ryqq/toplist/62
2026-08-28,2026-08-28T14:18:34+08:00,QQ音乐,飙升榜,飙升榜,2026-08-28,79,The Spectre,Alan Walker,热度 1%,,203810208,002Nf4ht3NmYIO,https://y.qq.com/n/ryqq/toplist/62
2026-08-28,2026-08-28T14:18:34+08:00,QQ音乐,飙升榜,飙升榜,2026-08-28,80,聊表心意,薛之谦/刘惜君,热度 1%,,233704415,000DMpJ73yeITP,https://y.qq.com/n/ryqq/toplist/62
2026-08-28,2026-08-28T14:18:34+08:00,QQ音乐,飙升榜,飙升榜,2026-08-28,81,狐狸,薛之谦,热度 1%,,212623641,0015rUVB2OUdGA,https://y.qq.com/n/ryqq/toplist/62
2026-08-28,2026-08-28T14:18:34+08:00,QQ音乐,飙升榜,飙升榜,2026-08-28,82,这一刻,段奥娟,热度 1%,,719377383,003rNBOO26LAXC,https://y.qq.com/n/ryqq/toplist/62
2026-08-28,2026-08-28T14:18:34+08:00,QQ音乐,飙升榜,飙升榜,2026-08-28,83,真的爱你,BEYOND,热度 1%,,1319248,000eOgmK1fN8Cs,https://y.qq.com/n/ryqq/toplist/62
2026-08-28,2026-08-28T14:18:34+08:00,QQ音乐,飙升榜,飙升榜,2026-08-28,84,我想,刘宇宁,热度 1%,,684679666,002lkcEK0ztfwR,https://y.qq.com/n/ryqq/toplist/62
2026-08-28,2026-08-28T14:18:34+08:00,QQ音乐,飙升榜,飙升榜,2026-08-28,85,山海同心,剑网3/龚琳娜,热度 1%,,599439042,0012AQwZ0akk3d,https://y.qq.com/n/ryqq/toplist/62
2026-08-28,2026-08-28T14:18:34+08:00,QQ音乐,飙升榜,飙升榜,2026-08-28,86,此夜记侠名,剑网3/赵景旭（Winky诗）/蔡翊昇/叶聪明/ya妖精/NL不分/阿睿凌霓剑裳/白翎/柒落Seven/Smile_小千/流浪的蛙蛙/只有影子/_毛毛酱_/裂天/硝酸铜/MUYA/五色石南叶/一千斛担子/佑可猫/凌寒蕾/叶里/Padalecki小明/梦璟SAYA,热度 1%,,599439043,0012AQwZ0akk3d,https://y.qq.com/n/ryqq/toplist/62
2026-08-28,2026-08-28T14:18:34+08:00,QQ音乐,飙升榜,飙升榜,2026-08-28,87,一个人的天荒地老,张宇,热度 1%,,103176840,001hwHIx0KmEUJ,https://y.qq.com/n/ryqq/toplist/62
2026-08-28,2026-08-28T14:18:34+08:00,QQ音乐,飙升榜,飙升榜,2026-08-28,88,此刻,袁娅维TIA RAY,热度 1%,,718437220,004UNiYW01ZbIC,https://y.qq.com/n/ryqq/toplist/62
2026-08-28,2026-08-28T14:18:34+08:00,QQ音乐,飙升榜,飙升榜,2026-08-28,89,丑八怪,薛之谦,热度 1%,,5106429,000QgFcm0v8WaF,https://y.qq.com/n/ryqq/toplist/62
2026-08-28,2026-08-28T14:18:34+08:00,QQ音乐,飙升榜,飙升榜,2026-08-28,90,神女令,Accco小爱,热度 1%,,718076940,001KSenF0jyOJY,https://y.qq.com/n/ryqq/toplist/62
2026-08-28,2026-08-28T14:18:34+08:00,QQ音乐,飙升榜,飙升榜,2026-08-28,91,平庸 (Live),薛之谦,热度 1%,,615409845,001uoJm63VjE3c,https://y.qq.com/n/ryqq/toplist/62
2026-08-28,2026-08-28T14:18:34+08:00,QQ音乐,飙升榜,飙升榜,2026-08-28,92,别知己,海来阿木/阿呷拉古/曲比阿且,热度 1%,,229374224,003TF6Ma1vkvug,https://y.qq.com/n/ryqq/toplist/62
2026-08-28,2026-08-28T14:18:34+08:00,QQ音乐,飙升榜,飙升榜,2026-08-28,93,盗将行,花粥/马雨阳,热度 1%,,214255500,003iJBH73UYvmi,https://y.qq.com/n/ryqq/toplist/62
2026-08-28,2026-08-28T14:18:34+08:00,QQ音乐,飙升榜,飙升榜,2026-08-28,94,悦己令,剑网3/JX3叶芷青/JX3萧白胭,热度 1%,,290195701,001tx5oT3bBlo1,https://y.qq.com/n/ryqq/toplist/62
2026-08-28,2026-08-28T14:18:34+08:00,QQ音乐,飙升榜,飙升榜,2026-08-28,95,请君一战,吾恩/五音Jw,热度 1%,,211791967,0043bm010iL9Fc,https://y.qq.com/n/ryqq/toplist/62
2026-08-28,2026-08-28T14:18:34+08:00,QQ音乐,飙升榜,飙升榜,2026-08-28,96,洋葱 (Live),茜拉 (Shila Amzah),热度 1%,,5254534,002Kk4Gm23RS9K,https://y.qq.com/n/ryqq/toplist/62
2026-08-28,2026-08-28T14:18:34+08:00,QQ音乐,飙升榜,飙升榜,2026-08-28,97,像我这样爱你的人,落日微醺本薰/张多金,热度 1%,,711814531,004Benog1vkGNt,https://y.qq.com/n/ryqq/toplist/62
2026-08-28,2026-08-28T14:18:34+08:00,QQ音乐,飙升榜,飙升榜,2026-08-28,98,其实,薛之谦,热度 1%,,104775877,000QgFcm0v8WaF,https://y.qq.com/n/ryqq/toplist/62
2026-08-28,2026-08-28T14:18:34+08:00,QQ音乐,飙升榜,飙升榜,2026-08-28,99,BANG BANG,IVE (아이브),热度 1%,,639697066,002R7kfb2AUy6c,https://y.qq.com/n/ryqq/toplist/62
2026-08-28,2026-08-28T14:18:34+08:00,QQ音乐,飙升榜,飙升榜,2026-08-28,100,路过晴朗,汪苏泷,热度 1%,,717905714,0005fwYy0NJTpf,https://y.qq.com/n/ryqq/toplist/62
2026-08-28,2026-08-28T14:18:34+08:00,酷狗音乐,热歌榜,酷狗TOP500,2026-08-28,1,唯有追赶风的方向 (Only By Chasing the Wind),知更鸟、HOYO-MiX、Chevy,,2:03,9B181325FAF26A3C93D0ECC3D471F8E5,204833475,https://www.kugou.com/yy/rank/home/1-8888.html?from=rank
2026-08-28,2026-08-28T14:18:34+08:00,酷狗音乐,热歌榜,酷狗TOP500,2026-08-28,2,山风山风等等我,万海东,,3:29,CE256D96F1F025D60468D8F0BC9EE64B,200106963,https://www.kugou.com/yy/rank/home/1-8888.html?from=rank
2026-08-28,2026-08-28T14:18:34+08:00,酷狗音乐,热歌榜,酷狗TOP500,2026-08-28,3,如果累了就回故乡 (少年版),酷酷里、面妹孔佳奇,,3:53,CDCB078226FF05314C211CCBED7F99FF,203339346,https://www.kugou.com/yy/rank/home/1-8888.html?from=rank
2026-08-28,2026-08-28T14:18:34+08:00,酷狗音乐,热歌榜,酷狗TOP500,2026-08-28,4,甲乙丙丁 (你我怎么两清),李佳薇,,3:30,213D580CA0BDCC28A5FDBA995FFDA106,197648995,https://www.kugou.com/yy/rank/home/1-8888.html?from=rank
2026-08-28,2026-08-28T14:18:34+08:00,酷狗音乐,热歌榜,酷狗TOP500,2026-08-28,5,时光你等等我,郭芊彤,,4:19,35752B1309268B40355A1CEE7821EDEE,201198246,https://www.kugou.com/yy/rank/home/1-8888.html?from=rank
2026-08-28,2026-08-28T14:18:34+08:00,酷狗音乐,热歌榜,酷狗TOP500,2026-08-28,6,梦的翅膀受了伤,大圆哥,,4:35,F2A2EBE34172E1CBFDD551DBFB361CA4,204867653,https://www.kugou.com/yy/rank/home/1-8888.html?from=rank
2026-08-28,2026-08-28T14:18:34+08:00,酷狗音乐,热歌榜,酷狗TOP500,2026-08-28,7,你有没有真的爱过我,阿图表妹,,4:03,FE39668F68770C3FB3BE57A3E86CCC10,190170015,https://www.kugou.com/yy/rank/home/1-8888.html?from=rank
2026-08-28,2026-08-28T14:18:34+08:00,酷狗音乐,热歌榜,酷狗TOP500,2026-08-28,8,你不该权衡利弊,李婷雪,,3:49,B4EE7D20EADA2A043636B4E560663F29,203889405,https://www.kugou.com/yy/rank/home/1-8888.html?from=rank
2026-08-28,2026-08-28T14:18:34+08:00,酷狗音乐,热歌榜,酷狗TOP500,2026-08-28,9,我不难过,孙燕姿,,5:20,3FD7E1EC51122C745C637735C8BDE716,965883,https://www.kugou.com/yy/rank/home/1-8888.html?from=rank
2026-08-28,2026-08-28T14:18:34+08:00,酷狗音乐,热歌榜,酷狗TOP500,2026-08-28,10,她,刘宇宁,,3:41,A46200A65547E5A267D10B1F32C6A3B1,204483391,https://www.kugou.com/yy/rank/home/1-8888.html?from=rank
2026-08-28,2026-08-28T14:18:34+08:00,酷狗音乐,热歌榜,酷狗TOP500,2026-08-28,11,如果回到那从前 (遗憾),刘纯,,3:18,0B2478BA6332B6F0E791CC7A2DA9ECBA,203722456,https://www.kugou.com/yy/rank/home/1-8888.html?from=rank
2026-08-28,2026-08-28T14:18:34+08:00,酷狗音乐,热歌榜,酷狗TOP500,2026-08-28,12,莫忙,乡野低频,,3:00,CF77A3DEE3D707DD355FC0CA3F78FBE5,203395383,https://www.kugou.com/yy/rank/home/1-8888.html?from=rank
2026-08-28,2026-08-28T14:18:34+08:00,酷狗音乐,热歌榜,酷狗TOP500,2026-08-28,13,闭目入神,郑中基,,3:36,386EF80136EFD753F8C9CD75D18159C3,7547818,https://www.kugou.com/yy/rank/home/1-8888.html?from=rank
2026-08-28,2026-08-28T14:18:34+08:00,酷狗音乐,热歌榜,酷狗TOP500,2026-08-28,14,碎碎念,队长,,2:13,A823AE8D84854FD2EB5B8E599D1263FA,79831015,https://www.kugou.com/yy/rank/home/1-8888.html?from=rank
2026-08-28,2026-08-28T14:18:34+08:00,酷狗音乐,热歌榜,酷狗TOP500,2026-08-28,15,差一步,大壮,,4:06,08C2E4AF2BDDB11D36E2B04A51DA30CE,6194568,https://www.kugou.com/yy/rank/home/1-8888.html?from=rank
2026-08-28,2026-08-28T14:18:34+08:00,酷狗音乐,热歌榜,酷狗TOP500,2026-08-28,16,吹吹山顶的风,巴扎黑,,2:59,87311B26EDEE637CA1448E14230BCB68,198304563,https://www.kugou.com/yy/rank/home/1-8888.html?from=rank
2026-08-28,2026-08-28T14:18:34+08:00,酷狗音乐,热歌榜,酷狗TOP500,2026-08-28,17,失眠,Suki刘舒妤,,3:31,EC476A2009EF5DCAC13EDCD11870DF55,671621,https://www.kugou.com/yy/rank/home/1-8888.html?from=rank
2026-08-28,2026-08-28T14:18:34+08:00,酷狗音乐,热歌榜,酷狗TOP500,2026-08-28,18,盛夏的果实,莫文蔚,,4:11,1C86CBC64AE9A6C3539A36CAADDF1A59,978378,https://www.kugou.com/yy/rank/home/1-8888.html?from=rank
2026-08-28,2026-08-28T14:18:34+08:00,酷狗音乐,热歌榜,酷狗TOP500,2026-08-28,19,今生劫换来生缘 (花开又花谢花满天),黄静美,,2:32,0EC832D2791A7AD5F6B76135F2D2313E,202565327,https://www.kugou.com/yy/rank/home/1-8888.html?from=rank
2026-08-28,2026-08-28T14:18:34+08:00,酷狗音乐,热歌榜,酷狗TOP500,2026-08-28,20,梦的翅膀受了伤,蒋雪儿Snow.J,,4:36,7B00B1F90C13C270CE96EA51DA863B96,1965074,https://www.kugou.com/yy/rank/home/1-8888.html?from=rank
2026-08-28,2026-08-28T14:18:34+08:00,酷狗音乐,热歌榜,酷狗TOP500,2026-08-28,21,人生路漫漫,白小白,,3:55,B8CA573A69DB5050C7EE0C1AB79144E5,179917533,https://www.kugou.com/yy/rank/home/1-8888.html?from=rank
2026-08-28,2026-08-28T14:18:34+08:00,酷狗音乐,热歌榜,酷狗TOP500,2026-08-28,22,像我这样爱你的人,落日微醺本薰、张多金,,4:22,2AEE05C92035800815DE6AFEE285FD0B,201366705,https://www.kugou.com/yy/rank/home/1-8888.html?from=rank
2026-08-28,2026-08-28T14:18:34+08:00,酷狗音乐,热歌榜,酷狗TOP500,2026-08-28,23,冻结,林俊杰,,4:49,AE291096B510F20B93D7D87DCBEF1E43,971150,https://www.kugou.com/yy/rank/home/2-8888.html?from=rank
2026-08-28,2026-08-28T14:18:34+08:00,酷狗音乐,热歌榜,酷狗TOP500,2026-08-28,24,阴天,莫文蔚,,4:02,E4271CB5938F401AA283FBEA49223BF8,970575,https://www.kugou.com/yy/rank/home/2-8888.html?from=rank
2026-08-28,2026-08-28T14:18:34+08:00,酷狗音乐,热歌榜,酷狗TOP500,2026-08-28,25,樱花草,Sweety,,4:44,F0B01830164E4974A2AC9E85DD446D45,507451,https://www.kugou.com/yy/rank/home/2-8888.html?from=rank
2026-08-28,2026-08-28T14:18:34+08:00,酷狗音乐,热歌榜,酷狗TOP500,2026-08-28,26,踏马寻花向自由 (雷鬼版),超哥,,2:59,B5BA68A039E54847B4E14A46A268991B,194886112,https://www.kugou.com/yy/rank/home/2-8888.html?from=rank
2026-08-28,2026-08-28T14:18:34+08:00,酷狗音乐,热歌榜,酷狗TOP500,2026-08-28,27,恋人,李荣浩,,4:36,9DA7851E2BF83B18C74CBBAB461CEFDD,106374641,https://www.kugou.com/yy/rank/home/2-8888.html?from=rank
2026-08-28,2026-08-28T14:18:34+08:00,酷狗音乐,热歌榜,酷狗TOP500,2026-08-28,28,雨过后的风景,Dizzy Dizzo (蔡诗芸),,4:03,E3F046EDB5EB76BBA5A44FFA3D8F8C42,974143,https://www.kugou.com/yy/rank/home/2-8888.html?from=rank
2026-08-28,2026-08-28T14:18:34+08:00,酷狗音乐,热歌榜,酷狗TOP500,2026-08-28,29,我好想你 (苏打绿版),苏打绿,,5:29,55FEA1927AC4D460F6EB3B9262AC9981,108011230,https://www.kugou.com/yy/rank/home/2-8888.html?from=rank
2026-08-28,2026-08-28T14:18:34+08:00,酷狗音乐,热歌榜,酷狗TOP500,2026-08-28,30,岁月如笔写春秋,河南三妹5233,,4:11,5D4C2F9D994E5BECDC9BA0FBC6BD3DD8,191576482,https://www.kugou.com/yy/rank/home/2-8888.html?from=rank
2026-08-28,2026-08-28T14:18:34+08:00,酷狗音乐,热歌榜,酷狗TOP500,2026-08-28,31,雨爱,杨丞琳,,4:21,2592FFA57A2D8B1A16F18D991B7098CD,2694607,https://www.kugou.com/yy/rank/home/2-8888.html?from=rank
2026-08-28,2026-08-28T14:18:34+08:00,酷狗音乐,热歌榜,酷狗TOP500,2026-08-28,32,偏爱,张芸京,,3:33,4A544525C1F78DBDF25361DB0E255495,968788,https://www.kugou.com/yy/rank/home/2-8888.html?from=rank
2026-08-28,2026-08-28T14:18:34+08:00,酷狗音乐,热歌榜,酷狗TOP500,2026-08-28,33,茶花开了，该回家了,王睿卓、加木,,3:10,99F0F17B7C6F110346411E7AD552156D,133732298,https://www.kugou.com/yy/rank/home/2-8888.html?from=rank
2026-08-28,2026-08-28T14:18:34+08:00,酷狗音乐,热歌榜,酷狗TOP500,2026-08-28,34,情歌,梁静茹,,4:20,72DB6DA75FFE23A3A6361BDB8F44D5F4,2997268,https://www.kugou.com/yy/rank/home/2-8888.html?from=rank
2026-08-28,2026-08-28T14:18:34+08:00,酷狗音乐,热歌榜,酷狗TOP500,2026-08-28,35,敬岁月一杯酒,万海东,,3:32,C417C9621CD6D9A48DA79900D9B9502D,201889141,https://www.kugou.com/yy/rank/home/2-8888.html?from=rank
2026-08-28,2026-08-28T14:18:34+08:00,酷狗音乐,热歌榜,酷狗TOP500,2026-08-28,36,甲乙丙丁 (你我怎么两清)(Live),张碧晨、侯明昊,,4:00,5786B3CB9FB1174FF6E5013AA5BCF6DE,204492749,https://www.kugou.com/yy/rank/home/2-8888.html?from=rank
2026-08-28,2026-08-28T14:18:34+08:00,酷狗音乐,热歌榜,酷狗TOP500,2026-08-28,37,明天过后,张杰,,3:59,5B900D95E79765AE62664BE5C871DD9E,38606351,https://www.kugou.com/yy/rank/home/2-8888.html?from=rank
2026-08-28,2026-08-28T14:18:34+08:00,酷狗音乐,热歌榜,酷狗TOP500,2026-08-28,38,富士山下,陈奕迅,,4:19,0433F1A94FA162B20FB8AE576A951D6B,976404,https://www.kugou.com/yy/rank/home/2-8888.html?from=rank
2026-08-28,2026-08-28T14:18:34+08:00,酷狗音乐,热歌榜,酷狗TOP500,2026-08-28,39,黄昏,周传雄,,5:44,7DE9A9CD041157F6BF3FE9FFBCF120E3,964612,https://www.kugou.com/yy/rank/home/2-8888.html?from=rank
2026-08-28,2026-08-28T14:18:34+08:00,酷狗音乐,热歌榜,酷狗TOP500,2026-08-28,40,回到小村落 (谁也别来掌管我的生活),方辰,,3:49,FE24AE32A5D895F9B419675863D8B424,204153626,https://www.kugou.com/yy/rank/home/2-8888.html?from=rank
2026-08-28,2026-08-28T14:18:34+08:00,酷狗音乐,热歌榜,酷狗TOP500,2026-08-28,41,第57次取消发送,菲菲公主（陆绮菲）,,3:01,F17C489C53382E608F9CBB3ED9F6D2AA,137397074,https://www.kugou.com/yy/rank/home/2-8888.html?from=rank
2026-08-28,2026-08-28T14:18:34+08:00,酷狗音乐,热歌榜,酷狗TOP500,2026-08-28,42,美人鱼,林俊杰,,4:14,CDAE8C7E2FAF7F08DC18E78A1D65117B,969588,https://www.kugou.com/yy/rank/home/2-8888.html?from=rank
2026-08-28,2026-08-28T14:18:34+08:00,酷狗音乐,热歌榜,酷狗TOP500,2026-08-28,43,好想再爱你,潘广益,,4:31,B78BA4062528E712B68C42DC6A4D9AAE,957659,https://www.kugou.com/yy/rank/home/2-8888.html?from=rank
2026-08-28,2026-08-28T14:18:34+08:00,酷狗音乐,热歌榜,酷狗TOP500,2026-08-28,44,茶花开了,王睿卓,,4:30,007A7A8EAFA3FF9EA51EF6A767AC3497,130468077,https://www.kugou.com/yy/rank/home/2-8888.html?from=rank
2026-08-28,2026-08-28T14:18:34+08:00,酷狗音乐,热歌榜,酷狗TOP500,2026-08-28,45,分手就分手,小山,,4:29,C7304F893F98B14527A78D050FDD3BA3,2525673,https://www.kugou.com/yy/rank/home/3-8888.html?from=rank
2026-08-28,2026-08-28T14:18:34+08:00,酷狗音乐,热歌榜,酷狗TOP500,2026-08-28,46,梦哑,任然,,3:54,3194D1AA995469BEF8620E96989D6BA8,193630889,https://www.kugou.com/yy/rank/home/3-8888.html?from=rank
2026-08-28,2026-08-28T14:18:34+08:00,酷狗音乐,热歌榜,酷狗TOP500,2026-08-28,47,晴天,周杰伦,,4:29,B3A52A7A958BF0AED0EBFBA2E9A818B7,966846,https://www.kugou.com/yy/rank/home/3-8888.html?from=rank
2026-08-28,2026-08-28T14:18:34+08:00,酷狗音乐,热歌榜,酷狗TOP500,2026-08-28,48,知了,陈默之,,3:52,FE6608CE529684B94CBA506E2B0C7BB6,91222498,https://www.kugou.com/yy/rank/home/3-8888.html?from=rank
2026-08-28,2026-08-28T14:18:34+08:00,酷狗音乐,热歌榜,酷狗TOP500,2026-08-28,49,我好像在哪见过你,薛之谦,,4:39,6A350E487263733359E7F2B64BD974AC,1747549,https://www.kugou.com/yy/rank/home/3-8888.html?from=rank
2026-08-28,2026-08-28T14:18:34+08:00,酷狗音乐,热歌榜,酷狗TOP500,2026-08-28,50,此生不换,青鸟飞鱼,,4:26,F73630B79647324AB3415C21BFA5BD3D,553897,https://www.kugou.com/yy/rank/home/3-8888.html?from=rank
2026-08-28,2026-08-28T14:18:34+08:00,酷狗音乐,热歌榜,酷狗TOP500,2026-08-28,51,黄昏 (纵然青丝如霜)(R&B版),落日微醺,,4:05,423FC1778078ACF260242626820E4244,194767721,https://www.kugou.com/yy/rank/home/3-8888.html?from=rank
2026-08-28,2026-08-28T14:18:34+08:00,酷狗音乐,热歌榜,酷狗TOP500,2026-08-28,52,开始懂了,孙燕姿,,4:32,93F260998A10F4AD6B46606AF5C8EC72,972102,https://www.kugou.com/yy/rank/home/3-8888.html?from=rank
2026-08-28,2026-08-28T14:18:34+08:00,酷狗音乐,热歌榜,酷狗TOP500,2026-08-28,53,小半,陈粒,,4:57,AFEA9FFE5D7F0EF0874119A363820D33,1749208,https://www.kugou.com/yy/rank/home/3-8888.html?from=rank
2026-08-28,2026-08-28T14:18:34+08:00,酷狗音乐,热歌榜,酷狗TOP500,2026-08-28,54,爸爸妈妈,乡野低频,,3:00,C1EF0C54DA1572E05167633D8A267E0E,202573533,https://www.kugou.com/yy/rank/home/3-8888.html?from=rank
2026-08-28,2026-08-28T14:18:34+08:00,酷狗音乐,热歌榜,酷狗TOP500,2026-08-28,55,来不及爱你,h3R3刘清云,,3:25,E3ED52965CEE83A40D73C5FB1DA7FF62,76488384,https://www.kugou.com/yy/rank/home/3-8888.html?from=rank
2026-08-28,2026-08-28T14:18:34+08:00,酷狗音乐,热歌榜,酷狗TOP500,2026-08-28,56,只对你有感觉,飞轮海、田馥甄,,3:59,E400C3F475001BA5B0F197F2E1923F47,556347,https://www.kugou.com/yy/rank/home/3-8888.html?from=rank
2026-08-28,2026-08-28T14:18:34+08:00,酷狗音乐,热歌榜,酷狗TOP500,2026-08-28,57,我不该动情,老板,,3:57,DFA780605FE78F1572761712931024A7,197593768,https://www.kugou.com/yy/rank/home/3-8888.html?from=rank
2026-08-28,2026-08-28T14:18:34+08:00,酷狗音乐,热歌榜,酷狗TOP500,2026-08-28,58,失控,井迪,,4:15,44FE8C442EB1F254D15717F1DC03C9BF,40221609,https://www.kugou.com/yy/rank/home/3-8888.html?from=rank
2026-08-28,2026-08-28T14:18:34+08:00,酷狗音乐,热歌榜,酷狗TOP500,2026-08-28,59,下完这场雨,后弦,,4:31,2EEFFF98A4F19D945BBA7C78FB2079C0,1964990,https://www.kugou.com/yy/rank/home/3-8888.html?from=rank
2026-08-28,2026-08-28T14:18:34+08:00,酷狗音乐,热歌榜,酷狗TOP500,2026-08-28,60,离开我的依赖,王艳薇,,3:54,A9C377CC1B9931F0CE81907E23E4D588,36181053,https://www.kugou.com/yy/rank/home/3-8888.html?from=rank
2026-08-28,2026-08-28T14:18:34+08:00,酷狗音乐,热歌榜,酷狗TOP500,2026-08-28,61,山歌追上云朵,央金拉姆,,3:35,B81F368C6B44B98B0E2B4E9F417F1002,193932928,https://www.kugou.com/yy/rank/home/3-8888.html?from=rank
2026-08-28,2026-08-28T14:18:34+08:00,酷狗音乐,热歌榜,酷狗TOP500,2026-08-28,62,我怀念的,孙燕姿,,4:49,1A3CAACB1E361DAF217A2383E9C8E292,984086,https://www.kugou.com/yy/rank/home/3-8888.html?from=rank
2026-08-28,2026-08-28T14:18:34+08:00,酷狗音乐,热歌榜,酷狗TOP500,2026-08-28,63,若不是因为你 (深情版),林栖,,4:13,6CCB2559DE8FC8965E98F641C4C33B6A,176013962,https://www.kugou.com/yy/rank/home/3-8888.html?from=rank
2026-08-28,2026-08-28T14:18:34+08:00,酷狗音乐,热歌榜,酷狗TOP500,2026-08-28,64,演员,薛之谦,,4:21,097E777171F692855EAE98B6965F9477,14456909,https://www.kugou.com/yy/rank/home/3-8888.html?from=rank
2026-08-28,2026-08-28T14:18:34+08:00,酷狗音乐,热歌榜,酷狗TOP500,2026-08-28,65,等一分钟,徐誉滕,,3:56,52ED380B09C692BDF4CE65FD56D918F3,2530746,https://www.kugou.com/yy/rank/home/3-8888.html?from=rank
2026-08-28,2026-08-28T14:18:34+08:00,酷狗音乐,热歌榜,酷狗TOP500,2026-08-28,66,唯一,G.E.M. 邓紫棋,,4:14,AB05B8F658851282DCB2CBAD548AEB9B,82564821,https://www.kugou.com/yy/rank/home/3-8888.html?from=rank
2026-08-28,2026-08-28T14:18:34+08:00,酷狗音乐,热歌榜,酷狗TOP500,2026-08-28,67,如果累了就回故乡,鱼精,,3:10,A2895D0C5CEDDC7AC57DCC32AA11CB4F,203339346,https://www.kugou.com/yy/rank/home/4-8888.html?from=rank
2026-08-28,2026-08-28T14:18:34+08:00,酷狗音乐,热歌榜,酷狗TOP500,2026-08-28,68,循迹 (Live),王铮亮、李佳薇,,4:28,C7AE18450F3104C2EAEED2B4212EFE5C,204492749,https://www.kugou.com/yy/rank/home/4-8888.html?from=rank
2026-08-28,2026-08-28T14:18:34+08:00,酷狗音乐,热歌榜,酷狗TOP500,2026-08-28,69,千千阕歌,陈慧娴,,5:01,81E5A1C3B9E016D61FE91B809B4A7DC1,971621,https://www.kugou.com/yy/rank/home/4-8888.html?from=rank
2026-08-28,2026-08-28T14:18:34+08:00,酷狗音乐,热歌榜,酷狗TOP500,2026-08-28,70,坏女孩,徐良、小凌,,4:07,9365223F903B13D0DAF54B6091AC3E7B,511536,https://www.kugou.com/yy/rank/home/4-8888.html?from=rank
2026-08-28,2026-08-28T14:18:34+08:00,酷狗音乐,热歌榜,酷狗TOP500,2026-08-28,71,最佳损友,陈奕迅,,3:54,CBFA7DDE592B23322E21E4BDAA9BE9F9,964332,https://www.kugou.com/yy/rank/home/4-8888.html?from=rank
2026-08-28,2026-08-28T14:18:34+08:00,酷狗音乐,热歌榜,酷狗TOP500,2026-08-28,72,落日微醺 (晚风中一杯酒),落日微醺,,4:14,CB22754AB8A0F20FCC015D0A800758CE,196517740,https://www.kugou.com/yy/rank/home/4-8888.html?from=rank
2026-08-28,2026-08-28T14:18:34+08:00,酷狗音乐,热歌榜,酷狗TOP500,2026-08-28,73,街角的晚风,陈小春,,4:00,18B89D66950B7856EABB131BB6273F6E,169830039,https://www.kugou.com/yy/rank/home/4-8888.html?from=rank
2026-08-28,2026-08-28T14:18:34+08:00,酷狗音乐,热歌榜,酷狗TOP500,2026-08-28,74,雪下的时候,乔佳旭,,4:24,F6B3AA5971A01E755A344C2256606418,35913748,https://www.kugou.com/yy/rank/home/4-8888.html?from=rank
2026-08-28,2026-08-28T14:18:34+08:00,酷狗音乐,热歌榜,酷狗TOP500,2026-08-28,75,爱错,王力宏,,3:59,8E021794DFD02C48D2C6281A55BCBDC6,2996462,https://www.kugou.com/yy/rank/home/4-8888.html?from=rank
2026-08-28,2026-08-28T14:18:34+08:00,酷狗音乐,热歌榜,酷狗TOP500,2026-08-28,76,街角的晚风 (烟嗓R&B版),落日微醺,,3:56,D636D97870D4098ACD3C317BFFDA03D9,196517616,https://www.kugou.com/yy/rank/home/4-8888.html?from=rank
2026-08-28,2026-08-28T14:18:34+08:00,酷狗音乐,热歌榜,酷狗TOP500,2026-08-28,77,海阔天空,BEYOND,,5:25,C41E80A18D1448FA47086372999C7F43,973001,https://www.kugou.com/yy/rank/home/4-8888.html?from=rank
2026-08-28,2026-08-28T14:18:34+08:00,酷狗音乐,热歌榜,酷狗TOP500,2026-08-28,78,抽离,徐良、刘丹萌,,4:18,37A9C74C33A9FAEFF672CFDF4C699581,547514,https://www.kugou.com/yy/rank/home/4-8888.html?from=rank
2026-08-28,2026-08-28T14:18:34+08:00,酷狗音乐,热歌榜,酷狗TOP500,2026-08-28,79,青花,周传雄,,4:58,09B46455BAE7C613ABD0DB362A5DDBDE,960448,https://www.kugou.com/yy/rank/home/4-8888.html?from=rank
2026-08-28,2026-08-28T14:18:34+08:00,酷狗音乐,热歌榜,酷狗TOP500,2026-08-28,80,野心家,张靓颖,,4:43,1789AD88CFDD254910125F22494C0E8B,161637189,https://www.kugou.com/yy/rank/home/4-8888.html?from=rank
2026-08-28,2026-08-28T14:18:34+08:00,酷狗音乐,热歌榜,酷狗TOP500,2026-08-28,81,后来,刘若英,,5:38,C4904D4E3BBA872D41D3BDBF597E2B18,16562,https://www.kugou.com/yy/rank/home/4-8888.html?from=rank
2026-08-28,2026-08-28T14:18:34+08:00,酷狗音乐,热歌榜,酷狗TOP500,2026-08-28,82,童话,光良,,4:04,472FF9D57BCE90288EC88CBE100BCB2A,974097,https://www.kugou.com/yy/rank/home/4-8888.html?from=rank
2026-08-28,2026-08-28T14:18:34+08:00,酷狗音乐,热歌榜,酷狗TOP500,2026-08-28,83,我借 (御姐版),铁锤夫妇,,4:07,EC2F26754FED82D125388E7B27D536AA,197901242,https://www.kugou.com/yy/rank/home/4-8888.html?from=rank
2026-08-28,2026-08-28T14:18:34+08:00,酷狗音乐,热歌榜,酷狗TOP500,2026-08-28,84,红尘客栈,周杰伦,,4:34,48729371F20FB048EF4E51D4CD41DBF5,982051,https://www.kugou.com/yy/rank/home/4-8888.html?from=rank
2026-08-28,2026-08-28T14:18:34+08:00,酷狗音乐,热歌榜,酷狗TOP500,2026-08-28,85,葡萄成熟时,陈奕迅,,4:37,FDEEA17B3BAD24C0C88E4D45F71F1946,968210,https://www.kugou.com/yy/rank/home/4-8888.html?from=rank
2026-08-28,2026-08-28T14:18:34+08:00,酷狗音乐,热歌榜,酷狗TOP500,2026-08-28,86,勇气,梁静茹,,3:59,A4D0C350CF4475BFBB0AB28DC6E25A8D,973299,https://www.kugou.com/yy/rank/home/4-8888.html?from=rank
2026-08-28,2026-08-28T14:18:34+08:00,酷狗音乐,热歌榜,酷狗TOP500,2026-08-28,87,十年,陈奕迅,,3:25,5146461A5717B942F4B13125978618E3,504194,https://www.kugou.com/yy/rank/home/4-8888.html?from=rank
2026-08-28,2026-08-28T14:18:34+08:00,酷狗音乐,热歌榜,酷狗TOP500,2026-08-28,88,遇见,孙燕姿,,3:31,9F865C787E90E013B2BC847BAAA306AA,964325,https://www.kugou.com/yy/rank/home/4-8888.html?from=rank
2026-08-28,2026-08-28T14:18:34+08:00,酷狗音乐,热歌榜,酷狗TOP500,2026-08-28,89,告白气球,周杰伦,,3:36,688857974673645CE89EDA26A36DB19D,1645030,https://www.kugou.com/yy/rank/home/5-8888.html?from=rank
2026-08-28,2026-08-28T14:18:34+08:00,酷狗音乐,热歌榜,酷狗TOP500,2026-08-28,90,其实,薛之谦,,4:02,2A8911EAD4838BF967CF5A300D787E53,960327,https://www.kugou.com/yy/rank/home/5-8888.html?from=rank
2026-08-28,2026-08-28T14:18:34+08:00,酷狗音乐,热歌榜,酷狗TOP500,2026-08-28,91,红色高跟鞋,蔡健雅,,3:27,055A804B8A3CCC05240D08F8FF1F7DE8,978459,https://www.kugou.com/yy/rank/home/5-8888.html?from=rank
2026-08-28,2026-08-28T14:18:34+08:00,酷狗音乐,热歌榜,酷狗TOP500,2026-08-28,92,有风的日落,万海东,,3:49,94774F06E73EF9ABD739423E1A414593,181906094,https://www.kugou.com/yy/rank/home/5-8888.html?from=rank
2026-08-28,2026-08-28T14:18:34+08:00,酷狗音乐,热歌榜,酷狗TOP500,2026-08-28,93,北方的后海没有海 (r&b微醺版),落日微醺,,3:26,DB3D10DE8DF3C5188EC036A9724F9418,196519034,https://www.kugou.com/yy/rank/home/5-8888.html?from=rank
2026-08-28,2026-08-28T14:18:34+08:00,酷狗音乐,热歌榜,酷狗TOP500,2026-08-28,94,半壶纱,刘珂矣,,3:41,951AB088C5A08F491471A1296DF93707,948327,https://www.kugou.com/yy/rank/home/5-8888.html?from=rank
2026-08-28,2026-08-28T14:18:34+08:00,酷狗音乐,热歌榜,酷狗TOP500,2026-08-28,95,那时雨,徐良,,3:34,CE76C60251F6193BC5BBA5B46B977747,16900987,https://www.kugou.com/yy/rank/home/5-8888.html?from=rank
2026-08-28,2026-08-28T14:18:34+08:00,酷狗音乐,热歌榜,酷狗TOP500,2026-08-28,96,光辉岁月,BEYOND,,5:04,BBFE9596615ADE83FF6B117831C45E4D,960181,https://www.kugou.com/yy/rank/home/5-8888.html?from=rank
2026-08-28,2026-08-28T14:18:34+08:00,酷狗音乐,热歌榜,酷狗TOP500,2026-08-28,97,亲爱的你啊,任素汐,,3:56,C42C2C5C7A68CDAFBF543F29AF883B1D,144348541,https://www.kugou.com/yy/rank/home/5-8888.html?from=rank
2026-08-28,2026-08-28T14:18:34+08:00,酷狗音乐,热歌榜,酷狗TOP500,2026-08-28,98,再见太难,利得汇,,4:48,AFAA7ACF75FCF8DAC78C0AF7C40D3E9D,2996827,https://www.kugou.com/yy/rank/home/5-8888.html?from=rank
2026-08-28,2026-08-28T14:18:34+08:00,酷狗音乐,热歌榜,酷狗TOP500,2026-08-28,99,带我走,杨丞琳,,4:50,0C57DE35C3CB2A32A8CF634E4F8309C4,975441,https://www.kugou.com/yy/rank/home/5-8888.html?from=rank
2026-08-28,2026-08-28T14:18:34+08:00,酷狗音乐,热歌榜,酷狗TOP500,2026-08-28,100,如愿,王菲,,4:25,EC1A18BBD6B61CB203E656B91F5CF2D1,49057589,https://www.kugou.com/yy/rank/home/5-8888.html?from=rank
2026-08-28,2026-08-28T14:18:34+08:00,酷狗音乐,热歌榜,酷狗TOP500,2026-08-28,101,空心 (Live),黄霄雲、刘端端,,4:55,6F74F7B3D9B87CA771573ABD27B2A820,199810791,https://www.kugou.com/yy/rank/home/5-8888.html?from=rank
2026-08-28,2026-08-28T14:18:34+08:00,酷狗音乐,热歌榜,酷狗TOP500,2026-08-28,102,特别的人,方大同,,4:19,0F7A79ADAAEEB6EA1DA3E19DD637FD73,965097,https://www.kugou.com/yy/rank/home/5-8888.html?from=rank
2026-08-28,2026-08-28T14:18:34+08:00,酷狗音乐,热歌榜,酷狗TOP500,2026-08-28,103,青花瓷,周杰伦,,3:59,37A8F50A9EC3B267C3CC6BEC633D9C4A,979856,https://www.kugou.com/yy/rank/home/5-8888.html?from=rank
2026-08-28,2026-08-28T14:18:34+08:00,酷狗音乐,热歌榜,酷狗TOP500,2026-08-28,104,昨天，今天,莫文蔚,,2:55,EAA751D5791CD566E4ED55E68C30454B,204483344,https://www.kugou.com/yy/rank/home/5-8888.html?from=rank
2026-08-28,2026-08-28T14:18:34+08:00,酷狗音乐,热歌榜,酷狗TOP500,2026-08-28,105,无人之岛,任然,,4:45,8E568D8806F771607104D8BF9695ACE0,2916172,https://www.kugou.com/yy/rank/home/5-8888.html?from=rank
2026-08-28,2026-08-28T14:18:34+08:00,酷狗音乐,热歌榜,酷狗TOP500,2026-08-28,106,舍得,王唯旖,,4:22,62C406C76F45C3EF39F451F2C4F22D95,1944276,https://www.kugou.com/yy/rank/home/5-8888.html?from=rank
2026-08-28,2026-08-28T14:18:34+08:00,酷狗音乐,热歌榜,酷狗TOP500,2026-08-28,107,一直很安静,阿桑,,4:10,44816EF0288A3B1ED2C4A5C5FE6B93B3,972917,https://www.kugou.com/yy/rank/home/5-8888.html?from=rank
2026-08-28,2026-08-28T14:18:34+08:00,酷狗音乐,热歌榜,酷狗TOP500,2026-08-28,108,搁浅,周杰伦,,4:00,8141FAA45AAD5BCFF5FF9873B89709E3,971783,https://www.kugou.com/yy/rank/home/5-8888.html?from=rank
2026-08-28,2026-08-28T14:18:34+08:00,酷狗音乐,热歌榜,酷狗TOP500,2026-08-28,109,心墙,郭静,,3:47,97870F3D4B01A7822DC497C6127EA66D,968033,https://www.kugou.com/yy/rank/home/5-8888.html?from=rank
2026-08-28,2026-08-28T14:18:34+08:00,酷狗音乐,热歌榜,酷狗TOP500,2026-08-28,110,我在月光下许过情真 (微醺版),苏晚星,,4:01,90D5CE02942E4B72FD20129E72A3DEA3,192801861,https://www.kugou.com/yy/rank/home/5-8888.html?from=rank
2026-08-28,2026-08-28T14:18:34+08:00,酷狗音乐,热歌榜,酷狗TOP500,2026-08-28,111,江南,林俊杰,,4:28,B83DBB8E3DD3FCF86BF32690B91547F5,969588,https://www.kugou.com/yy/rank/home/6-8888.html?from=rank
2026-08-28,2026-08-28T14:18:34+08:00,酷狗音乐,热歌榜,酷狗TOP500,2026-08-28,112,Fever Pitch,Richz,,2:15,594B915AEEDA7DA8F5BD70B63EA76EAD,180499937,https://www.kugou.com/yy/rank/home/6-8888.html?from=rank
2026-08-28,2026-08-28T14:18:34+08:00,酷狗音乐,热歌榜,酷狗TOP500,2026-08-28,113,神女令,Accco小爱,,2:24,55A06D0AE07F5A273DBEC82C7C06B8D4,204273001,https://www.kugou.com/yy/rank/home/6-8888.html?from=rank
2026-08-28,2026-08-28T14:18:34+08:00,酷狗音乐,热歌榜,酷狗TOP500,2026-08-28,114,淋雨的人,阿图表妹,,3:59,EEB3B4F416E4D8777817C79127FCBFFC,183624154,https://www.kugou.com/yy/rank/home/6-8888.html?from=rank
2026-08-28,2026-08-28T14:18:34+08:00,酷狗音乐,热歌榜,酷狗TOP500,2026-08-28,115,有些,颜人中,,3:49,D79E556C176AE1A3ADE8B532810C4CE8,34604592,https://www.kugou.com/yy/rank/home/6-8888.html?from=rank
2026-08-28,2026-08-28T14:18:34+08:00,酷狗音乐,热歌榜,酷狗TOP500,2026-08-28,116,后会无期,汪苏泷、徐良,,3:32,5F86140467A73FBF9C4F339F7B9AFC2C,511536,https://www.kugou.com/yy/rank/home/6-8888.html?from=rank
2026-08-28,2026-08-28T14:18:34+08:00,酷狗音乐,热歌榜,酷狗TOP500,2026-08-28,117,猜不透,丁当,,3:53,B1B4CC4F4E90134603CE66CBCF8FA73B,973244,https://www.kugou.com/yy/rank/home/6-8888.html?from=rank
2026-08-28,2026-08-28T14:18:34+08:00,酷狗音乐,热歌榜,酷狗TOP500,2026-08-28,118,我们俩,郭顶,,3:14,DD4D224BC3DBFD1A0F6E338928620E69,979601,https://www.kugou.com/yy/rank/home/6-8888.html?from=rank
2026-08-28,2026-08-28T14:18:34+08:00,酷狗音乐,热歌榜,酷狗TOP500,2026-08-28,119,空心,光泽,,4:39,4465EE613CC3CF7DCF9448F8ACFED1CA,4141939,https://www.kugou.com/yy/rank/home/6-8888.html?from=rank
2026-08-28,2026-08-28T14:18:34+08:00,酷狗音乐,热歌榜,酷狗TOP500,2026-08-28,120,讨厌,芮恩,,4:18,C88A8D3EF16E2C4E944B947E0F56A7AD,2996887,https://www.kugou.com/yy/rank/home/6-8888.html?from=rank
2026-08-28,2026-08-28T14:18:34+08:00,酷狗音乐,热歌榜,酷狗TOP500,2026-08-28,121,认真的雪,薛之谦,,4:19,D2E00CC158DB4DA18927AC3B01CC371B,2689239,https://www.kugou.com/yy/rank/home/6-8888.html?from=rank
2026-08-28,2026-08-28T14:18:34+08:00,酷狗音乐,热歌榜,酷狗TOP500,2026-08-28,122,稻香,周杰伦,,3:44,8909E1809908CD8E3BF6CF85D98B93F0,960399,https://www.kugou.com/yy/rank/home/6-8888.html?from=rank
2026-08-28,2026-08-28T14:18:34+08:00,酷狗音乐,热歌榜,酷狗TOP500,2026-08-28,123,此间是少年,梓渝,,2:55,8A9D3AF95F31276C16F7525DF11E04F9,202160233,https://www.kugou.com/yy/rank/home/6-8888.html?from=rank
2026-08-28,2026-08-28T14:18:34+08:00,酷狗音乐,热歌榜,酷狗TOP500,2026-08-28,124,退后,周杰伦,,4:22,5971DE0B235D5B2708D6A6FEB3D31B6F,965291,https://www.kugou.com/yy/rank/home/6-8888.html?from=rank
2026-08-28,2026-08-28T14:18:34+08:00,酷狗音乐,热歌榜,酷狗TOP500,2026-08-28,125,Always Online,林俊杰,,3:45,16A4E4895905B703AC0F31007A495D4C,963179,https://www.kugou.com/yy/rank/home/6-8888.html?from=rank
2026-08-28,2026-08-28T14:18:34+08:00,酷狗音乐,热歌榜,酷狗TOP500,2026-08-28,126,过火,张信哲,,5:02,E34CBC6EBE64B9EE9ADB5C46E2178A84,982639,https://www.kugou.com/yy/rank/home/6-8888.html?from=rank
2026-08-28,2026-08-28T14:18:34+08:00,酷狗音乐,热歌榜,酷狗TOP500,2026-08-28,127,讲不出再见,谭咏麟,,4:54,2E0BFDC7BA2F759B0208A58CB2C26523,2337635,https://www.kugou.com/yy/rank/home/6-8888.html?from=rank
2026-08-28,2026-08-28T14:18:34+08:00,酷狗音乐,热歌榜,酷狗TOP500,2026-08-28,128,爱情讯息,郭静,,4:41,D8E857250D8EEA9C5FAFDAF7857640A5,971139,https://www.kugou.com/yy/rank/home/6-8888.html?from=rank
2026-08-28,2026-08-28T14:18:34+08:00,酷狗音乐,热歌榜,酷狗TOP500,2026-08-28,129,谁 (男女扎心合唱),梨子芥菜、戚悦,,3:58,38DAABE4EEA0ADDC04897AC14E15B54E,185936379,https://www.kugou.com/yy/rank/home/6-8888.html?from=rank
2026-08-28,2026-08-28T14:18:34+08:00,酷狗音乐,热歌榜,酷狗TOP500,2026-08-28,130,枪火 (相对那就针锋相对),宝石Gem,,3:18,76923758046CB591DC9556D1FB69D976,154798334,https://www.kugou.com/yy/rank/home/6-8888.html?from=rank
2026-08-28,2026-08-28T14:18:34+08:00,酷狗音乐,热歌榜,酷狗TOP500,2026-08-28,131,你瞒我瞒,陈柏宇,,3:58,E8EE57D671769402710C4FF9259D841F,965453,https://www.kugou.com/yy/rank/home/6-8888.html?from=rank
2026-08-28,2026-08-28T14:18:34+08:00,酷狗音乐,热歌榜,酷狗TOP500,2026-08-28,132,忘情牛肉面,马健涛,,3:02,E9E3E3F40397839A715537F5AA5C93CE,32988895,https://www.kugou.com/yy/rank/home/6-8888.html?from=rank
2026-08-28,2026-08-28T14:18:34+08:00,酷狗音乐,热歌榜,酷狗TOP500,2026-08-28,133,Angel,尹美莱、Tiger JK、Bizzy,,4:15,157D75DA9A1B5B4FED6C529C2B1C2452,964390,https://www.kugou.com/yy/rank/home/7-8888.html?from=rank
2026-08-28,2026-08-28T14:18:34+08:00,酷狗音乐,热歌榜,酷狗TOP500,2026-08-28,134,至少还有你,林忆莲,,4:35,BA9D67DAB59FA6DCE243F4B6B70ACA95,967340,https://www.kugou.com/yy/rank/home/7-8888.html?from=rank
2026-08-28,2026-08-28T14:18:34+08:00,酷狗音乐,热歌榜,酷狗TOP500,2026-08-28,135,会呼吸的痛,梁静茹,,4:32,1EB00DC46AE8E1446B6A9860A56487AC,500574,https://www.kugou.com/yy/rank/home/7-8888.html?from=rank
2026-08-28,2026-08-28T14:18:34+08:00,酷狗音乐,热歌榜,酷狗TOP500,2026-08-28,136,玻璃,Gareth.T,,3:05,ED0ED6B17B6C29695E97F5CC945C7901,191663409,https://www.kugou.com/yy/rank/home/7-8888.html?from=rank
2026-08-28,2026-08-28T14:18:34+08:00,酷狗音乐,热歌榜,酷狗TOP500,2026-08-28,137,出现又离开 (Live),梁博,,6:43,DEAB3B0160E9A410CE0AAA9ED8AC602E,19284949,https://www.kugou.com/yy/rank/home/7-8888.html?from=rank
2026-08-28,2026-08-28T14:18:34+08:00,酷狗音乐,热歌榜,酷狗TOP500,2026-08-28,138,夜曲,周杰伦,,3:47,16C8AB298231370293D16BCF9E5FF9B6,958909,https://www.kugou.com/yy/rank/home/7-8888.html?from=rank
2026-08-28,2026-08-28T14:18:34+08:00,酷狗音乐,热歌榜,酷狗TOP500,2026-08-28,139,你有没有真的爱过我 (对唱版),阿图表妹、寂寞阿图,,4:03,3C425FC4496E67468562CA377D7F2B23,190170015,https://www.kugou.com/yy/rank/home/7-8888.html?from=rank
2026-08-28,2026-08-28T14:18:34+08:00,酷狗音乐,热歌榜,酷狗TOP500,2026-08-28,140,秋天不回来,王强,,4:14,81056FF4FC4F2D0A0E9B38757A60D2F7,81746524,https://www.kugou.com/yy/rank/home/7-8888.html?from=rank
2026-08-28,2026-08-28T14:18:34+08:00,酷狗音乐,热歌榜,酷狗TOP500,2026-08-28,141,七里香,周杰伦,,4:59,9218D81686C6AC681BC7CA621958AD6D,971783,https://www.kugou.com/yy/rank/home/7-8888.html?from=rank
2026-08-28,2026-08-28T14:18:34+08:00,酷狗音乐,热歌榜,酷狗TOP500,2026-08-28,142,是我不够好,李毓芬,,3:37,2B152C85BA2B73CBC79EA722928EF425,1590098,https://www.kugou.com/yy/rank/home/7-8888.html?from=rank
2026-08-28,2026-08-28T14:18:34+08:00,酷狗音乐,热歌榜,酷狗TOP500,2026-08-28,143,灰色轨迹,BEYOND,,5:28,4476FAA4B6567CCC2292BFBBCA93CB9C,39629213,https://www.kugou.com/yy/rank/home/7-8888.html?from=rank
2026-08-28,2026-08-28T14:18:34+08:00,酷狗音乐,热歌榜,酷狗TOP500,2026-08-28,144,奢香夫人,凤凰传奇,,4:20,478C572FC9E2E15777A41260DEE293A0,984412,https://www.kugou.com/yy/rank/home/7-8888.html?from=rank
2026-08-28,2026-08-28T14:18:34+08:00,酷狗音乐,热歌榜,酷狗TOP500,2026-08-28,145,琵琶曲,郑浩、冰洁,,3:55,244A022D6CB3FDE50B24E76402053EB3,180917343,https://www.kugou.com/yy/rank/home/7-8888.html?from=rank
2026-08-28,2026-08-28T14:18:34+08:00,酷狗音乐,热歌榜,酷狗TOP500,2026-08-28,146,戒烟,李荣浩,,4:54,AF36A623D725B98893DAEFDF8010F22E,49390931,https://www.kugou.com/yy/rank/home/7-8888.html?from=rank
2026-08-28,2026-08-28T14:18:34+08:00,酷狗音乐,热歌榜,酷狗TOP500,2026-08-28,147,体面,于文文,,4:43,B0927C5353E9DD8BD72242BB730DAFF4,8149034,https://www.kugou.com/yy/rank/home/7-8888.html?from=rank
2026-08-28,2026-08-28T14:18:34+08:00,酷狗音乐,热歌榜,酷狗TOP500,2026-08-28,148,我是真的爱上你,王杰,,5:03,7C353B672AC945A3FE56022000A239FE,2996801,https://www.kugou.com/yy/rank/home/7-8888.html?from=rank
2026-08-28,2026-08-28T14:18:34+08:00,酷狗音乐,热歌榜,酷狗TOP500,2026-08-28,149,背对背拥抱,林俊杰,,3:55,D3CB60981A747455AE3142C25809051E,975828,https://www.kugou.com/yy/rank/home/7-8888.html?from=rank
2026-08-28,2026-08-28T14:18:34+08:00,酷狗音乐,热歌榜,酷狗TOP500,2026-08-28,150,ありがとう… (谢谢…),KOKIA,,4:09,E9A08A98614DD992F11A68A5E5F1C79F,1491689,https://www.kugou.com/yy/rank/home/7-8888.html?from=rank
2026-08-28,2026-08-28T14:18:34+08:00,酷狗音乐,热歌榜,酷狗TOP500,2026-08-28,151,半点心,草蜢,,3:52,6DF94BFD206BB819120C0D021B93EDBC,564642,https://www.kugou.com/yy/rank/home/7-8888.html?from=rank
2026-08-28,2026-08-28T14:18:34+08:00,酷狗音乐,热歌榜,酷狗TOP500,2026-08-28,152,落了白,蒋雪儿Snow.J,,3:01,74390D89B6BD2E18CFD7F25968EFD98A,40300587,https://www.kugou.com/yy/rank/home/7-8888.html?from=rank
2026-08-28,2026-08-28T14:18:34+08:00,酷狗音乐,热歌榜,酷狗TOP500,2026-08-28,153,从前说,小阿七,,4:12,56851B29C26109489361B0021A4FDD9E,51858164,https://www.kugou.com/yy/rank/home/7-8888.html?from=rank
2026-08-28,2026-08-28T14:18:34+08:00,酷狗音乐,热歌榜,酷狗TOP500,2026-08-28,154,一场游戏一场梦,王杰,,4:17,55340B431243FF5F112527EFC0591232,7547885,https://www.kugou.com/yy/rank/home/7-8888.html?from=rank
2026-08-28,2026-08-28T14:18:34+08:00,酷狗音乐,热歌榜,酷狗TOP500,2026-08-28,155,哼着你爱听的歌,杨小壮,,3:21,BAF3B2A7AC043CDB154EBAFD69A6C76A,104507270,https://www.kugou.com/yy/rank/home/8-8888.html?from=rank
2026-08-28,2026-08-28T14:18:34+08:00,酷狗音乐,热歌榜,酷狗TOP500,2026-08-28,156,反方向的钟,周杰伦,,4:18,A6049AAB184A305CAA906C6BBB8E8233,978031,https://www.kugou.com/yy/rank/home/8-8888.html?from=rank
2026-08-28,2026-08-28T14:18:34+08:00,酷狗音乐,热歌榜,酷狗TOP500,2026-08-28,157,老男孩,筷子兄弟,,4:59,EB494F1F9199AA29F66E056F116D2F1C,17165001,https://www.kugou.com/yy/rank/home/8-8888.html?from=rank
2026-08-28,2026-08-28T14:18:34+08:00,酷狗音乐,热歌榜,酷狗TOP500,2026-08-28,158,We Don't Talk Anymore (Mr. Collipark Remix),Charlie Puth、Selena Gomez,,4:14,8F323B0610BE8D862B7CBB41C3398766,1746993,https://www.kugou.com/yy/rank/home/8-8888.html?from=rank
2026-08-28,2026-08-28T14:18:34+08:00,酷狗音乐,热歌榜,酷狗TOP500,2026-08-28,159,一路向北,周杰伦,,4:54,F73F22FB046CA1A135C70417163AF82E,1739223,https://www.kugou.com/yy/rank/home/8-8888.html?from=rank
2026-08-28,2026-08-28T14:18:34+08:00,酷狗音乐,热歌榜,酷狗TOP500,2026-08-28,160,回声,那英,,5:05,9749972DF4EC26BE6743C63ED3027D45,43622148,https://www.kugou.com/yy/rank/home/8-8888.html?from=rank
2026-08-28,2026-08-28T14:18:34+08:00,酷狗音乐,热歌榜,酷狗TOP500,2026-08-28,161,多远都要在一起,G.E.M. 邓紫棋,,3:38,768F6FA531A3D883BE3F6C91AAF60612,555825,https://www.kugou.com/yy/rank/home/8-8888.html?from=rank
2026-08-28,2026-08-28T14:18:34+08:00,酷狗音乐,热歌榜,酷狗TOP500,2026-08-28,162,幻听,许嵩,,4:33,24F5E7555646965CD7D1A924452B3300,973046,https://www.kugou.com/yy/rank/home/8-8888.html?from=rank
2026-08-28,2026-08-28T14:18:34+08:00,酷狗音乐,热歌榜,酷狗TOP500,2026-08-28,163,不将就,李荣浩,,5:12,E5F0905C662872A9B05A423FD1ED48B5,1004040,https://www.kugou.com/yy/rank/home/8-8888.html?from=rank
2026-08-28,2026-08-28T14:18:34+08:00,酷狗音乐,热歌榜,酷狗TOP500,2026-08-28,164,泡沫 (G.E.M.重生版),G.E.M. 邓紫棋,,4:18,53F2510610AC38F0C15F73B2605E5CEE,150256944,https://www.kugou.com/yy/rank/home/8-8888.html?from=rank
2026-08-28,2026-08-28T14:18:34+08:00,酷狗音乐,热歌榜,酷狗TOP500,2026-08-28,165,西厢寻他,伯爵Johnny、唐伯虎Annie,,3:44,2B657B5B5D781C1A61D7E0D1F5E2DE22,53205523,https://www.kugou.com/yy/rank/home/8-8888.html?from=rank
2026-08-28,2026-08-28T14:18:34+08:00,酷狗音乐,热歌榜,酷狗TOP500,2026-08-28,166,素颜,许嵩、何曼婷,,3:59,30C94AE2868E63B1058DA7685E0CDF3B,13264539,https://www.kugou.com/yy/rank/home/8-8888.html?from=rank
2026-08-28,2026-08-28T14:18:34+08:00,酷狗音乐,热歌榜,酷狗TOP500,2026-08-28,167,成都,赵雷,,5:28,A06B033B356BFC974C5245D0195086A5,1802652,https://www.kugou.com/yy/rank/home/8-8888.html?from=rank
2026-08-28,2026-08-28T14:18:34+08:00,酷狗音乐,热歌榜,酷狗TOP500,2026-08-28,168,爱到最后 (全凭良心),马上,,3:19,B3CE07469875886F3A500304C82CC4E6,204099164,https://www.kugou.com/yy/rank/home/8-8888.html?from=rank
2026-08-28,2026-08-28T14:18:34+08:00,酷狗音乐,热歌榜,酷狗TOP500,2026-08-28,169,兰亭序,周杰伦,,4:14,4EC10B1B7B9BEB2F0ADB89BBEC5F664B,960399,https://www.kugou.com/yy/rank/home/8-8888.html?from=rank
2026-08-28,2026-08-28T14:18:34+08:00,酷狗音乐,热歌榜,酷狗TOP500,2026-08-28,170,牵丝戏,银临、Aki阿杰,,3:59,5E7FF596F7D6021DA63AF36E91BECE4B,568968,https://www.kugou.com/yy/rank/home/8-8888.html?from=rank
2026-08-28,2026-08-28T14:18:34+08:00,酷狗音乐,热歌榜,酷狗TOP500,2026-08-28,171,可不可以,张紫豪,,4:01,6079A2ACBA5E782FE24695FDFCDB1887,9618875,https://www.kugou.com/yy/rank/home/8-8888.html?from=rank
2026-08-28,2026-08-28T14:18:34+08:00,酷狗音乐,热歌榜,酷狗TOP500,2026-08-28,172,春娇与志明,街道办GDC、欧阳耀莹,,3:24,E84947402A5E0952FA067566C10264CB,8543461,https://www.kugou.com/yy/rank/home/8-8888.html?from=rank
2026-08-28,2026-08-28T14:18:34+08:00,酷狗音乐,热歌榜,酷狗TOP500,2026-08-28,173,天龙八部之宿敌,许嵩,,4:24,9092283E08915874302A9C64032BC79D,503947,https://www.kugou.com/yy/rank/home/8-8888.html?from=rank
2026-08-28,2026-08-28T14:18:34+08:00,酷狗音乐,热歌榜,酷狗TOP500,2026-08-28,174,IF YOU,BIGBANG,,4:24,33C5FC6AB3AF0B5B142F12C9556CB178,549436,https://www.kugou.com/yy/rank/home/8-8888.html?from=rank
2026-08-28,2026-08-28T14:18:34+08:00,酷狗音乐,热歌榜,酷狗TOP500,2026-08-28,175,我知道,BY2,,4:10,38CB283F880797F94A80968E682191E2,530437,https://www.kugou.com/yy/rank/home/8-8888.html?from=rank
2026-08-28,2026-08-28T14:18:34+08:00,酷狗音乐,热歌榜,酷狗TOP500,2026-08-28,176,爱情转移,陈奕迅,,4:19,A549238FA1B05EABE841DFE110899647,962514,https://www.kugou.com/yy/rank/home/8-8888.html?from=rank
2026-08-28,2026-08-28T14:18:34+08:00,酷狗音乐,热歌榜,酷狗TOP500,2026-08-28,177,Love Me,JMSN,,4:33,C8A0559F862B815E8B4D135228944D4D,76048254,https://www.kugou.com/yy/rank/home/9-8888.html?from=rank
2026-08-28,2026-08-28T14:18:34+08:00,酷狗音乐,热歌榜,酷狗TOP500,2026-08-28,178,冲动的惩罚,刀郎,,7:54,84073718AE6A82366444C3B5AE526FAC,964521,https://www.kugou.com/yy/rank/home/9-8888.html?from=rank
2026-08-28,2026-08-28T14:18:34+08:00,酷狗音乐,热歌榜,酷狗TOP500,2026-08-28,179,金达莱花 (猛Remix),猛弟/邹子寒,,2:18,E93CB193E4133C79EA9BCC9F852375AD,201184757,https://www.kugou.com/yy/rank/home/9-8888.html?from=rank
2026-08-28,2026-08-28T14:18:34+08:00,酷狗音乐,热歌榜,酷狗TOP500,2026-08-28,180,冷夜,陈默之,,4:07,DC939521FA5F5736A33765D56B90E03C,84595635,https://www.kugou.com/yy/rank/home/9-8888.html?from=rank
2026-08-28,2026-08-28T14:18:34+08:00,酷狗音乐,热歌榜,酷狗TOP500,2026-08-28,181,多情种,胡杨林,,4:47,5073FDDE229BBFEF04DBBA5E3FB44F56,8455212,https://www.kugou.com/yy/rank/home/9-8888.html?from=rank
2026-08-28,2026-08-28T14:18:34+08:00,酷狗音乐,热歌榜,酷狗TOP500,2026-08-28,182,白鸽乌鸦相爱的戏码,潘成（皮卡潘）,,2:54,1B5005F285D8B7FD083CA61C5753E9DB,100112898,https://www.kugou.com/yy/rank/home/9-8888.html?from=rank
2026-08-28,2026-08-28T14:18:34+08:00,酷狗音乐,热歌榜,酷狗TOP500,2026-08-28,183,阳光下的星星,金海心,,4:44,8B60D8B58137C2D256DAA71B9D84C046,1738155,https://www.kugou.com/yy/rank/home/9-8888.html?from=rank
2026-08-28,2026-08-28T14:18:34+08:00,酷狗音乐,热歌榜,酷狗TOP500,2026-08-28,184,Copines,Aya Nakamura,,2:52,1CDA977A7FC0BCCC23BC7DF4D0194389,39155596,https://www.kugou.com/yy/rank/home/9-8888.html?from=rank
2026-08-28,2026-08-28T14:18:34+08:00,酷狗音乐,热歌榜,酷狗TOP500,2026-08-28,185,相见恨晚,彭佳慧,,4:15,01214FB85BAF49AB74F10AFA4C363540,977553,https://www.kugou.com/yy/rank/home/9-8888.html?from=rank
2026-08-28,2026-08-28T14:18:34+08:00,酷狗音乐,热歌榜,酷狗TOP500,2026-08-28,186,在你的身边,盛哲,,4:22,38698C9A8BB6637CDDE413C6E210FA54,4128050,https://www.kugou.com/yy/rank/home/9-8888.html?from=rank
2026-08-28,2026-08-28T14:18:34+08:00,酷狗音乐,热歌榜,酷狗TOP500,2026-08-28,187,谁 (面对你的背叛无力挽回),玲妹儿,,3:31,C6C8F79D0ECEE53378662E69590BE57D,204462654,https://www.kugou.com/yy/rank/home/9-8888.html?from=rank
2026-08-28,2026-08-28T14:18:34+08:00,酷狗音乐,热歌榜,酷狗TOP500,2026-08-28,188,无缘相依,老板、任夏,,4:10,FF896DFA3474C59845E8182164CD50DE,203135442,https://www.kugou.com/yy/rank/home/9-8888.html?from=rank
2026-08-28,2026-08-28T14:18:34+08:00,酷狗音乐,热歌榜,酷狗TOP500,2026-08-28,189,我记得,赵雷,,5:30,8CE80CF10A01F37354D63E49C1B60B60,60018447,https://www.kugou.com/yy/rank/home/9-8888.html?from=rank
2026-08-28,2026-08-28T14:18:34+08:00,酷狗音乐,热歌榜,酷狗TOP500,2026-08-28,190,一城山水,Lunhui轮回,,4:24,C965FA5DFDC0E816D2869FEB68BE008F,36621482,https://www.kugou.com/yy/rank/home/9-8888.html?from=rank
2026-08-28,2026-08-28T14:18:34+08:00,酷狗音乐,热歌榜,酷狗TOP500,2026-08-28,191,祈神怜,一颗狼星,,3:29,94CB7C464D6301E3DE112CFEFD869B81,202989642,https://www.kugou.com/yy/rank/home/9-8888.html?from=rank
2026-08-28,2026-08-28T14:18:34+08:00,酷狗音乐,热歌榜,酷狗TOP500,2026-08-28,192,西海情歌,刀郎,,5:43,0E5FB14E78AFF13C2DEF97C814537CB7,984281,https://www.kugou.com/yy/rank/home/9-8888.html?from=rank
2026-08-28,2026-08-28T14:18:34+08:00,酷狗音乐,热歌榜,酷狗TOP500,2026-08-28,193,手放开,李圣杰,,4:25,022583751858F1E3558F32EC4ECF7DD5,959847,https://www.kugou.com/yy/rank/home/9-8888.html?from=rank
2026-08-28,2026-08-28T14:18:34+08:00,酷狗音乐,热歌榜,酷狗TOP500,2026-08-28,194,你是我触碰不到的风 (酒后释怀live对唱版),艾利（Ellie）、7paste,,3:52,63F146A4A7132C267C78F4832CD62C10,202093916,https://www.kugou.com/yy/rank/home/9-8888.html?from=rank
2026-08-28,2026-08-28T14:18:34+08:00,酷狗音乐,热歌榜,酷狗TOP500,2026-08-28,195,蒲公英的约定,周杰伦,,4:07,A14373681262867AB43FEF5467F4CC1D,979856,https://www.kugou.com/yy/rank/home/9-8888.html?from=rank
2026-08-28,2026-08-28T14:18:34+08:00,酷狗音乐,热歌榜,酷狗TOP500,2026-08-28,196,岁月如笔写春秋,郭少杰,,4:11,6FCF099C6A88F85FC8417AFD452D54FD,190046745,https://www.kugou.com/yy/rank/home/9-8888.html?from=rank
2026-08-28,2026-08-28T14:18:34+08:00,酷狗音乐,热歌榜,酷狗TOP500,2026-08-28,197,发如雪,周杰伦,,4:59,1F7E7659B9FFF4FB6F71562A61BBC25F,958909,https://www.kugou.com/yy/rank/home/9-8888.html?from=rank
2026-08-28,2026-08-28T14:18:34+08:00,酷狗音乐,热歌榜,酷狗TOP500,2026-08-28,198,起风了,买辣椒也用券,,5:26,5C035CBF390FEF6B536020A57749EF70,53218722,https://www.kugou.com/yy/rank/home/9-8888.html?from=rank
2026-08-28,2026-08-28T14:18:34+08:00,酷狗音乐,热歌榜,酷狗TOP500,2026-08-28,199,枫,周杰伦,,4:36,0D7E8C11C961A17EB8779FEB0CA772E3,958909,https://www.kugou.com/yy/rank/home/10-8888.html?from=rank
2026-08-28,2026-08-28T14:18:34+08:00,酷狗音乐,热歌榜,酷狗TOP500,2026-08-28,200,关不上的窗,周传雄,,4:53,C9FF4C5E86A76043F004E3BB17E08942,982655,https://www.kugou.com/yy/rank/home/10-8888.html?from=rank
2026-08-28,2026-08-28T14:18:34+08:00,酷狗音乐,热歌榜,酷狗TOP500,2026-08-28,201,我走后,小咪,,4:08,00751DE0946619BCDE4A4E15397F2A15,22216764,https://www.kugou.com/yy/rank/home/10-8888.html?from=rank
2026-08-28,2026-08-28T14:18:34+08:00,酷狗音乐,热歌榜,酷狗TOP500,2026-08-28,202,从这里闪耀,肖战,,3:27,2CB6AE8FF905D4107449564CB84746DB,204494274,https://www.kugou.com/yy/rank/home/10-8888.html?from=rank
2026-08-28,2026-08-28T14:18:34+08:00,酷狗音乐,热歌榜,酷狗TOP500,2026-08-28,203,难念的经,周华健,,4:48,DA5DE536081960C10E289341F8420C9E,1737534,https://www.kugou.com/yy/rank/home/10-8888.html?from=rank
2026-08-28,2026-08-28T14:18:34+08:00,酷狗音乐,热歌榜,酷狗TOP500,2026-08-28,204,慢冷 (Live),李荣浩,,2:44,3536800EC50F04EBF68FB22E7AF6B124,59599171,https://www.kugou.com/yy/rank/home/10-8888.html?from=rank
2026-08-28,2026-08-28T14:18:34+08:00,酷狗音乐,热歌榜,酷狗TOP500,2026-08-28,205,Fast Cars & Superstars,Cristian Marchi、Reverend Haus,,2:52,9EA177A8A77A9E31B164F6BDA20D4776,81561846,https://www.kugou.com/yy/rank/home/10-8888.html?from=rank
2026-08-28,2026-08-28T14:18:34+08:00,酷狗音乐,热歌榜,酷狗TOP500,2026-08-28,206,老街,李荣浩,,5:19,30E7F7CCB57EB16D1BE3EC71D7ADB071,964378,https://www.kugou.com/yy/rank/home/10-8888.html?from=rank
2026-08-28,2026-08-28T14:18:34+08:00,酷狗音乐,热歌榜,酷狗TOP500,2026-08-28,207,同花顺,林倛玉,,3:57,87C979FC3CBA27D6345528A1BEF05477,8603846,https://www.kugou.com/yy/rank/home/10-8888.html?from=rank
2026-08-28,2026-08-28T14:18:34+08:00,酷狗音乐,热歌榜,酷狗TOP500,2026-08-28,208,没有你是漫长雨季,梓渝,,3:21,44ADF84FC4836CF58EA53C3701662A85,202160233,https://www.kugou.com/yy/rank/home/10-8888.html?from=rank
2026-08-28,2026-08-28T14:18:34+08:00,酷狗音乐,热歌榜,酷狗TOP500,2026-08-28,209,说了再见,周杰伦,,4:43,966C718DA96EE29B3B466F773BFA9E2F,958812,https://www.kugou.com/yy/rank/home/10-8888.html?from=rank
2026-08-28,2026-08-28T14:18:34+08:00,酷狗音乐,热歌榜,酷狗TOP500,2026-08-28,210,先说爱的人为什么先离开,田园,,3:40,6379393814B0A74AB7B87B2FA9E87689,107655422,https://www.kugou.com/yy/rank/home/10-8888.html?from=rank
2026-08-28,2026-08-28T14:18:34+08:00,酷狗音乐,热歌榜,酷狗TOP500,2026-08-28,211,曾经的你,许巍,,4:21,8D27A0FD0D8B6A9059D3FEEC95E2088D,976268,https://www.kugou.com/yy/rank/home/10-8888.html?from=rank
2026-08-28,2026-08-28T14:18:34+08:00,酷狗音乐,热歌榜,酷狗TOP500,2026-08-28,212,可惜没如果,林俊杰,,4:58,57D6EAF8F7E593A2C4B780D8045DE5C1,542795,https://www.kugou.com/yy/rank/home/10-8888.html?from=rank
2026-08-28,2026-08-28T14:18:34+08:00,酷狗音乐,热歌榜,酷狗TOP500,2026-08-28,213,没那么简单,黄小琥,,5:08,90D82FB9EB6C1F5385F6F086318EE1FA,962530,https://www.kugou.com/yy/rank/home/10-8888.html?from=rank
2026-08-28,2026-08-28T14:18:34+08:00,酷狗音乐,热歌榜,酷狗TOP500,2026-08-28,214,别回头 (不朽版),PAMajor,,3:32,887215E010BC9D5CB82830A131C86596,163052521,https://www.kugou.com/yy/rank/home/10-8888.html?from=rank
2026-08-28,2026-08-28T14:18:34+08:00,酷狗音乐,热歌榜,酷狗TOP500,2026-08-28,215,下一个天亮,郭静,,4:27,7E2AD47232E7148C642B6836041826C9,971139,https://www.kugou.com/yy/rank/home/10-8888.html?from=rank
2026-08-28,2026-08-28T14:18:34+08:00,酷狗音乐,热歌榜,酷狗TOP500,2026-08-28,216,沦陷,贾格JuggShots,,3:04,64C2E5D33BE5F53758F3E96DC8EEC3C3,95717116,https://www.kugou.com/yy/rank/home/10-8888.html?from=rank
2026-08-28,2026-08-28T14:18:34+08:00,酷狗音乐,热歌榜,酷狗TOP500,2026-08-28,217,花海,周杰伦,,4:25,3328808CECBD1A1038166003840FDDD7,960399,https://www.kugou.com/yy/rank/home/10-8888.html?from=rank
2026-08-28,2026-08-28T14:18:34+08:00,酷狗音乐,热歌榜,酷狗TOP500,2026-08-28,218,烟花易冷,周杰伦,,4:23,B9FC03DF9015D6BFF0554A110BF2C84F,958812,https://www.kugou.com/yy/rank/home/10-8888.html?from=rank
2026-08-28,2026-08-28T14:18:34+08:00,酷狗音乐,热歌榜,酷狗TOP500,2026-08-28,219,说好的幸福呢,周杰伦,,4:17,892B7AD62499C97A1A994454423E30F6,960399,https://www.kugou.com/yy/rank/home/10-8888.html?from=rank
2026-08-28,2026-08-28T14:18:34+08:00,酷狗音乐,热歌榜,酷狗TOP500,2026-08-28,220,如果当时,许嵩,,5:16,697712B7504DA5541C3ED4D117AE1018,973251,https://www.kugou.com/yy/rank/home/10-8888.html?from=rank
2026-08-28,2026-08-28T14:18:34+08:00,酷狗音乐,热歌榜,酷狗TOP500,2026-08-28,221,他真的对你好吗,付豪,,4:18,B1B875147F45355FF807402402F5B573,55501876,https://www.kugou.com/yy/rank/home/11-8888.html?from=rank
2026-08-28,2026-08-28T14:18:34+08:00,酷狗音乐,热歌榜,酷狗TOP500,2026-08-28,222,渐冷 (r&b微醺版),落日微醺,,4:04,3AE15B1422C36C6C0BCE88CFBA92C7DC,195834507,https://www.kugou.com/yy/rank/home/11-8888.html?from=rank
2026-08-28,2026-08-28T14:18:34+08:00,酷狗音乐,热歌榜,酷狗TOP500,2026-08-28,223,记事本,陈慧琳,,4:11,26684870E2CE3936A3D72559F67C0606,2996651,https://www.kugou.com/yy/rank/home/11-8888.html?from=rank
2026-08-28,2026-08-28T14:18:34+08:00,酷狗音乐,热歌榜,酷狗TOP500,2026-08-28,224,勋章,鹿晗,,3:34,6FB3EB3F13CD64DF6E9784F6E487BAB1,2059004,https://www.kugou.com/yy/rank/home/11-8888.html?from=rank
2026-08-28,2026-08-28T14:18:34+08:00,酷狗音乐,热歌榜,酷狗TOP500,2026-08-28,225,执子之手,宝石Gem、哩哩,,3:10,A84D44A92F427A3198ECEE703B708478,61962429,https://www.kugou.com/yy/rank/home/11-8888.html?from=rank
2026-08-28,2026-08-28T14:18:34+08:00,酷狗音乐,热歌榜,酷狗TOP500,2026-08-28,226,只若初见,张德伊玲,,3:24,0AC57BC59B96F7BF216744F93617FC8B,58285492,https://www.kugou.com/yy/rank/home/11-8888.html?from=rank
2026-08-28,2026-08-28T14:18:34+08:00,酷狗音乐,热歌榜,酷狗TOP500,2026-08-28,227,背着风流泪,文夫,,4:14,93313560CDE28F74AA7D2894E3C4D7F7,146986506,https://www.kugou.com/yy/rank/home/11-8888.html?from=rank
2026-08-28,2026-08-28T14:18:34+08:00,酷狗音乐,热歌榜,酷狗TOP500,2026-08-28,228,最后一页,江语晨,,4:06,EF053996094A323B42C35195E9781A30,1596655,https://www.kugou.com/yy/rank/home/11-8888.html?from=rank
2026-08-28,2026-08-28T14:18:34+08:00,酷狗音乐,热歌榜,酷狗TOP500,2026-08-28,229,珊瑚海,周杰伦、Lara梁心颐,,4:16,90E34F0C582168E7EA857915771AB220,958909,https://www.kugou.com/yy/rank/home/11-8888.html?from=rank
2026-08-28,2026-08-28T14:18:34+08:00,酷狗音乐,热歌榜,酷狗TOP500,2026-08-28,230,淘汰,陈奕迅,,4:45,90C64A1FB2F32663FA8037D847AABB57,962514,https://www.kugou.com/yy/rank/home/11-8888.html?from=rank
2026-08-28,2026-08-28T14:18:34+08:00,酷狗音乐,热歌榜,酷狗TOP500,2026-08-28,231,思念飘零在黄昏的海,落日微醺小醺,,3:58,F8894ABE0C915A6B344BF630D97DBDF6,204048062,https://www.kugou.com/yy/rank/home/11-8888.html?from=rank
2026-08-28,2026-08-28T14:18:34+08:00,酷狗音乐,热歌榜,酷狗TOP500,2026-08-28,232,天外来物,薛之谦,,4:17,761C1EAFBD1E22504B487F84D2152DF5,40890018,https://www.kugou.com/yy/rank/home/11-8888.html?from=rank
2026-08-28,2026-08-28T14:18:34+08:00,酷狗音乐,热歌榜,酷狗TOP500,2026-08-28,233,杀破狼,萧泽,,3:18,7C9D7ECC13361B9C73CA7B0541EDE63F,203330688,https://www.kugou.com/yy/rank/home/11-8888.html?from=rank
2026-08-28,2026-08-28T14:18:34+08:00,酷狗音乐,热歌榜,酷狗TOP500,2026-08-28,234,人间共鸣,李健,,4:19,C9A5658204BD4E941F3DB2FB132D4968,176253415,https://www.kugou.com/yy/rank/home/11-8888.html?from=rank
2026-08-28,2026-08-28T14:18:34+08:00,酷狗音乐,热歌榜,酷狗TOP500,2026-08-28,235,广东爱情故事,广东雨神,,3:34,7A2956668C7D5393FF16AD930C23F2FD,4162049,https://www.kugou.com/yy/rank/home/11-8888.html?from=rank
2026-08-28,2026-08-28T14:18:34+08:00,酷狗音乐,热歌榜,酷狗TOP500,2026-08-28,236,年少有为,李荣浩,,4:39,3A5C1D6CDABB2FDA813F8F8B7E4D08B0,8873395,https://www.kugou.com/yy/rank/home/11-8888.html?from=rank
2026-08-28,2026-08-28T14:18:34+08:00,酷狗音乐,热歌榜,酷狗TOP500,2026-08-28,237,命运,家家,,3:51,B149A3BFD19481F91B9A652AA8EA21C1,959745,https://www.kugou.com/yy/rank/home/11-8888.html?from=rank
2026-08-28,2026-08-28T14:18:34+08:00,酷狗音乐,热歌榜,酷狗TOP500,2026-08-28,238,就是爱你,陶喆,,4:24,43485D7A650AFF532E5ECF24D7FB6381,7547427,https://www.kugou.com/yy/rank/home/11-8888.html?from=rank
2026-08-28,2026-08-28T14:18:34+08:00,酷狗音乐,热歌榜,酷狗TOP500,2026-08-28,239,后来的我们,五月天,,5:46,09120C11A5C376EC7D1640098FA70CDC,1748942,https://www.kugou.com/yy/rank/home/11-8888.html?from=rank
2026-08-28,2026-08-28T14:18:34+08:00,酷狗音乐,热歌榜,酷狗TOP500,2026-08-28,240,有何不可,许嵩,,4:01,B3D5D7D3A140628D1605BD392467E348,973251,https://www.kugou.com/yy/rank/home/11-8888.html?from=rank
2026-08-28,2026-08-28T14:18:34+08:00,酷狗音乐,热歌榜,酷狗TOP500,2026-08-28,241,忘了你忘了我,王杰,,4:38,95CBD367E98724883CA99874AD626446,962390,https://www.kugou.com/yy/rank/home/11-8888.html?from=rank
2026-08-28,2026-08-28T14:18:34+08:00,酷狗音乐,热歌榜,酷狗TOP500,2026-08-28,242,不遗憾,李荣浩,,5:20,40CE38D5DB930F404EB26F58978BEC3D,44404137,https://www.kugou.com/yy/rank/home/11-8888.html?from=rank
2026-08-28,2026-08-28T14:18:34+08:00,酷狗音乐,热歌榜,酷狗TOP500,2026-08-28,243,Beauty And A Beat,Justin Bieber、Nicki Minaj,,3:47,FF5719341A9B004AA3E7312D617AE305,16996733,https://www.kugou.com/yy/rank/home/12-8888.html?from=rank
2026-08-28,2026-08-28T14:18:34+08:00,酷狗音乐,热歌榜,酷狗TOP500,2026-08-28,244,感谢你曾来过,Ayo97、周思涵,,4:10,39DCBBDCB0B377628BEF5FD48EF01254,9101627,https://www.kugou.com/yy/rank/home/12-8888.html?from=rank
2026-08-28,2026-08-28T14:18:34+08:00,酷狗音乐,热歌榜,酷狗TOP500,2026-08-28,245,岸边客,夏子航（2603）,,4:32,E87EEB7804D4708714E6C38DE1F8E649,161846818,https://www.kugou.com/yy/rank/home/12-8888.html?from=rank
2026-08-28,2026-08-28T14:18:34+08:00,酷狗音乐,热歌榜,酷狗TOP500,2026-08-28,246,瞬,郑润泽,,4:45,C06970FDB48E8E1F9BBC7577B7BC1938,75949211,https://www.kugou.com/yy/rank/home/12-8888.html?from=rank
2026-08-28,2026-08-28T14:18:34+08:00,酷狗音乐,热歌榜,酷狗TOP500,2026-08-28,247,吹梦到西洲,昭爻tsuki、千世,,5:15,FB50469DA48A8CE34532F2888578B7B8,25402785,https://www.kugou.com/yy/rank/home/12-8888.html?from=rank
2026-08-28,2026-08-28T14:18:34+08:00,酷狗音乐,热歌榜,酷狗TOP500,2026-08-28,248,不浪漫罪名,王杰,,4:48,4255D3F001B95B07F2D5BE330D14A780,503247,https://www.kugou.com/yy/rank/home/12-8888.html?from=rank
2026-08-28,2026-08-28T14:18:34+08:00,酷狗音乐,热歌榜,酷狗TOP500,2026-08-28,249,周旋,王以太、艾热AIR,,4:50,D4B5A2762AD5716EB290DD452721B5E4,198788223,https://www.kugou.com/yy/rank/home/12-8888.html?from=rank
2026-08-28,2026-08-28T14:18:34+08:00,酷狗音乐,热歌榜,酷狗TOP500,2026-08-28,250,叹云兮,鞠婧祎,,4:43,DB94CC1C55558D7ED4B0E402A2DF065D,8700851,https://www.kugou.com/yy/rank/home/12-8888.html?from=rank
2026-08-28,2026-08-28T14:18:34+08:00,酷狗音乐,热歌榜,酷狗TOP500,2026-08-28,251,如果可以,韦礼安,,4:34,70425DF5F0C9FCED5E0468189A7F4A70,49958186,https://www.kugou.com/yy/rank/home/12-8888.html?from=rank
2026-08-28,2026-08-28T14:18:34+08:00,酷狗音乐,热歌榜,酷狗TOP500,2026-08-28,252,天际,洋澜一,,5:46,DEAE9D1FC61F4810A0C15AA9CFD83722,76611526,https://www.kugou.com/yy/rank/home/12-8888.html?from=rank
2026-08-28,2026-08-28T14:18:34+08:00,酷狗音乐,热歌榜,酷狗TOP500,2026-08-28,253,不能说的秘密,周杰伦,,4:57,EDFC5DD1AC3D58971AB95B3E2700D015,554150,https://www.kugou.com/yy/rank/home/12-8888.html?from=rank
2026-08-28,2026-08-28T14:18:34+08:00,酷狗音乐,热歌榜,酷狗TOP500,2026-08-28,254,雨蝶,李翊君,,3:51,C83424ACF417185057E278554B91D4C0,7549108,https://www.kugou.com/yy/rank/home/12-8888.html?from=rank
2026-08-28,2026-08-28T14:18:34+08:00,酷狗音乐,热歌榜,酷狗TOP500,2026-08-28,255,不该 (with aMEI),周杰伦、张惠妹,,4:51,FCF336E81DA45A8E696032FFC1708175,1645030,https://www.kugou.com/yy/rank/home/12-8888.html?from=rank
2026-08-28,2026-08-28T14:18:34+08:00,酷狗音乐,热歌榜,酷狗TOP500,2026-08-28,256,第一次爱的人,王心凌,,3:53,38539E18FBB3E9A8DFA84A892CA718F6,979891,https://www.kugou.com/yy/rank/home/12-8888.html?from=rank
2026-08-28,2026-08-28T14:18:34+08:00,酷狗音乐,热歌榜,酷狗TOP500,2026-08-28,257,太聪明,陈绮贞,,4:23,89101DA817101FEA0C9ECF64EAE2B46F,959335,https://www.kugou.com/yy/rank/home/12-8888.html?from=rank
2026-08-28,2026-08-28T14:18:34+08:00,酷狗音乐,热歌榜,酷狗TOP500,2026-08-28,258,Lonely,Nana,,6:21,DD6AD636BD00699C1218CD25D7657099,45833884,https://www.kugou.com/yy/rank/home/12-8888.html?from=rank
2026-08-28,2026-08-28T14:18:34+08:00,酷狗音乐,热歌榜,酷狗TOP500,2026-08-28,259,最长的电影,周杰伦,,3:56,2F6D441163A92AEE5E52B8E94F36A3C7,979856,https://www.kugou.com/yy/rank/home/12-8888.html?from=rank
2026-08-28,2026-08-28T14:18:34+08:00,酷狗音乐,热歌榜,酷狗TOP500,2026-08-28,260,Baby,Justin Bieber、Ludacris,,3:37,493CD2904FAFDAEB8785CC83B8056F5A,508825,https://www.kugou.com/yy/rank/home/12-8888.html?from=rank
2026-08-28,2026-08-28T14:18:34+08:00,酷狗音乐,热歌榜,酷狗TOP500,2026-08-28,261,喜欢你 (G.E.M.重生版),G.E.M. 邓紫棋,,4:03,AA4D82A7506DE809B7A89F91B73F3E1E,150256944,https://www.kugou.com/yy/rank/home/12-8888.html?from=rank
2026-08-28,2026-08-28T14:18:34+08:00,酷狗音乐,热歌榜,酷狗TOP500,2026-08-28,262,春庭雪 (r&b微醺版),落日微醺,,3:44,34F0A836850778DA37190AA74ED2A06E,195834505,https://www.kugou.com/yy/rank/home/12-8888.html?from=rank
2026-08-28,2026-08-28T14:18:34+08:00,酷狗音乐,热歌榜,酷狗TOP500,2026-08-28,263,你就不要想起我,田馥甄,,4:41,33E67CD9B775093E93CBABBD649DF087,965595,https://www.kugou.com/yy/rank/home/12-8888.html?from=rank
2026-08-28,2026-08-28T14:18:34+08:00,酷狗音乐,热歌榜,酷狗TOP500,2026-08-28,264,你还要我怎样,薛之谦,,5:11,8C6AAC48FB5C3759042E4C8699544C6F,960327,https://www.kugou.com/yy/rank/home/12-8888.html?from=rank
2026-08-28,2026-08-28T14:18:34+08:00,酷狗音乐,热歌榜,酷狗TOP500,2026-08-28,265,Creepin' up on You,Darren Hayes,,4:53,6348CF4041BEE19FAD536C563C32695A,1593407,https://www.kugou.com/yy/rank/home/13-8888.html?from=rank
2026-08-28,2026-08-28T14:18:34+08:00,酷狗音乐,热歌榜,酷狗TOP500,2026-08-28,266,passion (Speed Up),silent anthem、heart embrace,,2:06,DBB19B339D0787EE5CF39165E7D65FE0,107508992,https://www.kugou.com/yy/rank/home/13-8888.html?from=rank
2026-08-28,2026-08-28T14:18:34+08:00,酷狗音乐,热歌榜,酷狗TOP500,2026-08-28,267,夏夜最后的烟火,颜人中,,4:40,4E418EDAB22093B51C78C81C0A8C9B31,39949767,https://www.kugou.com/yy/rank/home/13-8888.html?from=rank
2026-08-28,2026-08-28T14:18:34+08:00,酷狗音乐,热歌榜,酷狗TOP500,2026-08-28,268,谁明浪子心,王杰,,5:01,1E54C9C01C9DFC5C68F743368F353711,983991,https://www.kugou.com/yy/rank/home/13-8888.html?from=rank
2026-08-28,2026-08-28T14:18:34+08:00,酷狗音乐,热歌榜,酷狗TOP500,2026-08-28,269,你有没有真的爱过我 (烟嗓版),寂寞阿图,,3:45,5EF8404977086AB95C304D857271FB10,190169654,https://www.kugou.com/yy/rank/home/13-8888.html?from=rank
2026-08-28,2026-08-28T14:18:34+08:00,酷狗音乐,热歌榜,酷狗TOP500,2026-08-28,270,入戏太深,马旭东,,3:48,AD2CAEE32A69DE33F26929CCC24572FC,585934,https://www.kugou.com/yy/rank/home/13-8888.html?from=rank
2026-08-28,2026-08-28T14:18:34+08:00,酷狗音乐,热歌榜,酷狗TOP500,2026-08-28,271,Alive,Blue,,3:40,996EE22D2450A7C7528394F7F98432E6,560693,https://www.kugou.com/yy/rank/home/13-8888.html?from=rank
2026-08-28,2026-08-28T14:18:34+08:00,酷狗音乐,热歌榜,酷狗TOP500,2026-08-28,272,SPARK TO FIRE 星火成焰,TOP登陆少年组合,,3:26,8537D0F9B7A15DE88903B77FC745F3F6,203560435,https://www.kugou.com/yy/rank/home/13-8888.html?from=rank
2026-08-28,2026-08-28T14:18:34+08:00,酷狗音乐,热歌榜,酷狗TOP500,2026-08-28,273,泪海,许茹芸,,4:58,FBC174E7C22B9AF471B7B93A61751E1B,975212,https://www.kugou.com/yy/rank/home/13-8888.html?from=rank
2026-08-28,2026-08-28T14:18:34+08:00,酷狗音乐,热歌榜,酷狗TOP500,2026-08-28,274,无名的人,毛不易,,4:42,525A854C4A4EDF63CAF528D693F69CE0,51231315,https://www.kugou.com/yy/rank/home/13-8888.html?from=rank
2026-08-28,2026-08-28T14:18:34+08:00,酷狗音乐,热歌榜,酷狗TOP500,2026-08-28,275,真的爱你,BEYOND,,4:35,C46916711631EA28508A41C325A74E1B,971451,https://www.kugou.com/yy/rank/home/13-8888.html?from=rank
2026-08-28,2026-08-28T14:18:34+08:00,酷狗音乐,热歌榜,酷狗TOP500,2026-08-28,276,跨不过的距离,虎二,,4:31,FED5892036FBD176F6FEAE973C565E59,38209191,https://www.kugou.com/yy/rank/home/13-8888.html?from=rank
2026-08-28,2026-08-28T14:18:34+08:00,酷狗音乐,热歌榜,酷狗TOP500,2026-08-28,277,天亮以前说再见,何野,,4:00,18E9FC6CF97258B75D090188EDBAE95B,11792318,https://www.kugou.com/yy/rank/home/13-8888.html?from=rank
2026-08-28,2026-08-28T14:18:34+08:00,酷狗音乐,热歌榜,酷狗TOP500,2026-08-28,278,走走,李荣浩,,5:04,0BD5B6F56CED35BB3380425EC02E1098,106374641,https://www.kugou.com/yy/rank/home/13-8888.html?from=rank
2026-08-28,2026-08-28T14:18:34+08:00,酷狗音乐,热歌榜,酷狗TOP500,2026-08-28,279,盗墓笔记·十年人间,李常超（Lao乾妈）,,4:37,ABB695DD3590D5B963B4AA25E362A40B,15117855,https://www.kugou.com/yy/rank/home/13-8888.html?from=rank
2026-08-28,2026-08-28T14:18:34+08:00,酷狗音乐,热歌榜,酷狗TOP500,2026-08-28,280,故香,张艺兴,,4:04,2697BB0DEAC80DA91520A3F2DECC55C5,204209516,https://www.kugou.com/yy/rank/home/13-8888.html?from=rank
2026-08-28,2026-08-28T14:18:34+08:00,酷狗音乐,热歌榜,酷狗TOP500,2026-08-28,281,水为媒,礼越,,4:18,463569CA5AE9A787A32B66D590C8C98D,200545877,https://www.kugou.com/yy/rank/home/13-8888.html?from=rank
2026-08-28,2026-08-28T14:18:34+08:00,酷狗音乐,热歌榜,酷狗TOP500,2026-08-28,282,吻别 (烟嗓女版),烟嗓小希,,4:49,12750D3982067B33EB395B9BF2A714E0,200693191,https://www.kugou.com/yy/rank/home/13-8888.html?from=rank
2026-08-28,2026-08-28T14:18:34+08:00,酷狗音乐,热歌榜,酷狗TOP500,2026-08-28,283,为爱痴狂 (想要问问你敢不敢),金志文,,2:21,8CA8C420761A7C36FF16DD42FE5D331D,194629486,https://www.kugou.com/yy/rank/home/13-8888.html?from=rank
2026-08-28,2026-08-28T14:18:34+08:00,酷狗音乐,热歌榜,酷狗TOP500,2026-08-28,284,背叛情歌 (烟嗓版),谢尔西,,4:39,0C2FCE33BA27021CA0964D45484F2DE5,198720373,https://www.kugou.com/yy/rank/home/13-8888.html?from=rank
2026-08-28,2026-08-28T14:18:34+08:00,酷狗音乐,热歌榜,酷狗TOP500,2026-08-28,285,模特,李荣浩,,5:06,87EBC49856D2CB3C04992C9A87E5A5C5,968143,https://www.kugou.com/yy/rank/home/13-8888.html?from=rank
2026-08-28,2026-08-28T14:18:34+08:00,酷狗音乐,热歌榜,酷狗TOP500,2026-08-28,286,情罪,陈瑞,,4:45,9642484D6F37650295B370CD52553DC5,80617215,https://www.kugou.com/yy/rank/home/13-8888.html?from=rank
2026-08-28,2026-08-28T14:18:34+08:00,酷狗音乐,热歌榜,酷狗TOP500,2026-08-28,287,还爱着你,文夫,,3:52,A61924D891C970A28150FDF9E5E56C53,171019019,https://www.kugou.com/yy/rank/home/14-8888.html?from=rank
2026-08-28,2026-08-28T14:18:34+08:00,酷狗音乐,热歌榜,酷狗TOP500,2026-08-28,288,坠落,蔡健雅,,4:10,233254CB517BAA74387361C2158519DA,974379,https://www.kugou.com/yy/rank/home/14-8888.html?from=rank
2026-08-28,2026-08-28T14:18:34+08:00,酷狗音乐,热歌榜,酷狗TOP500,2026-08-28,289,这一生相见太晚,那个老头,,3:14,338BBED0D5D835F464A0E9CAF4CCA21C,201690351,https://www.kugou.com/yy/rank/home/14-8888.html?from=rank
2026-08-28,2026-08-28T14:18:34+08:00,酷狗音乐,热歌榜,酷狗TOP500,2026-08-28,290,永不放弃,白小白,,4:09,7AD3EC7AF0919C16C506AD0C7D30F63B,204018296,https://www.kugou.com/yy/rank/home/14-8888.html?from=rank
2026-08-28,2026-08-28T14:18:34+08:00,酷狗音乐,热歌榜,酷狗TOP500,2026-08-28,291,座位,于冬然,,3:29,D87A09DB3166215E5DFD4A30C922509E,137485296,https://www.kugou.com/yy/rank/home/14-8888.html?from=rank
2026-08-28,2026-08-28T14:18:34+08:00,酷狗音乐,热歌榜,酷狗TOP500,2026-08-28,292,蓝莲花,许巍,,4:31,EDCDC42FEE3A4BC8F2ADBAF96ADE9D77,15247919,https://www.kugou.com/yy/rank/home/14-8888.html?from=rank
2026-08-28,2026-08-28T14:18:34+08:00,酷狗音乐,热歌榜,酷狗TOP500,2026-08-28,293,水手,郑智化,,4:53,6DCF10DEA98A7C9F755BE385E822BE05,967718,https://www.kugou.com/yy/rank/home/14-8888.html?from=rank
2026-08-28,2026-08-28T14:18:34+08:00,酷狗音乐,热歌榜,酷狗TOP500,2026-08-28,294,บักคนซั่ว (坏家伙),ทิดแอม,,4:35,438C8E10A7947E197411BA14810091C1,99159069,https://www.kugou.com/yy/rank/home/14-8888.html?from=rank
2026-08-28,2026-08-28T14:18:34+08:00,酷狗音乐,热歌榜,酷狗TOP500,2026-08-28,295,土坡上的狗尾草,卢润泽,,3:15,5E40742110D3DB109A22BDB1012C6EBB,104913971,https://www.kugou.com/yy/rank/home/14-8888.html?from=rank
2026-08-28,2026-08-28T14:18:34+08:00,酷狗音乐,热歌榜,酷狗TOP500,2026-08-28,296,孽缘 (现场版),彭妃妃,,4:32,F43FD7121BBFA8D57F0664B2A5283E1A,204290922,https://www.kugou.com/yy/rank/home/14-8888.html?from=rank
2026-08-28,2026-08-28T14:18:34+08:00,酷狗音乐,热歌榜,酷狗TOP500,2026-08-28,297,不分手的恋爱,汪苏泷,,3:26,543A6E13C527E52886E51BBF14191C8F,37376237,https://www.kugou.com/yy/rank/home/14-8888.html?from=rank
2026-08-28,2026-08-28T14:18:34+08:00,酷狗音乐,热歌榜,酷狗TOP500,2026-08-28,298,恶作剧,王蓝茵,,3:47,05B893FC78627C3F5635491BBB35167E,720564,https://www.kugou.com/yy/rank/home/14-8888.html?from=rank
2026-08-28,2026-08-28T14:18:34+08:00,酷狗音乐,热歌榜,酷狗TOP500,2026-08-28,299,爱上很简单 要爱下去才难 (戏腔),DJ小农民,,2:42,9D985C8D42B800A736557E8645F3575A,204191360,https://www.kugou.com/yy/rank/home/14-8888.html?from=rank
2026-08-28,2026-08-28T14:18:34+08:00,酷狗音乐,热歌榜,酷狗TOP500,2026-08-28,300,断点,张敬轩,,4:28,2C2A571D91FF7BF6FE814887FFA7E592,2996592,https://www.kugou.com/yy/rank/home/14-8888.html?from=rank
2026-08-28,2026-08-28T14:18:34+08:00,酷狗音乐,热歌榜,酷狗TOP500,2026-08-28,301,冬天的秘密,周传雄,,4:33,1088AEEAB9674A49F8067DCDEB1FC1EE,982655,https://www.kugou.com/yy/rank/home/14-8888.html?from=rank
2026-08-28,2026-08-28T14:18:34+08:00,酷狗音乐,热歌榜,酷狗TOP500,2026-08-28,302,The Other Side Of Paradise (Explicit),Glass Animals,,5:21,222314858D998CCDDD4BF0B7BAF2F5A2,47764102,https://www.kugou.com/yy/rank/home/14-8888.html?from=rank
2026-08-28,2026-08-28T14:18:34+08:00,酷狗音乐,热歌榜,酷狗TOP500,2026-08-28,303,疑心病,任然,,4:43,9D8C7468BE4391B85794617090585646,1818864,https://www.kugou.com/yy/rank/home/14-8888.html?from=rank
2026-08-28,2026-08-28T14:18:34+08:00,酷狗音乐,热歌榜,酷狗TOP500,2026-08-28,304,爱如潮水,张信哲,,4:31,7D372165ED6AD2C00DD2B473529BE9CE,538030,https://www.kugou.com/yy/rank/home/14-8888.html?from=rank
2026-08-28,2026-08-28T14:18:34+08:00,酷狗音乐,热歌榜,酷狗TOP500,2026-08-28,305,若今生无缘 (若今生已无缘),万海东,,3:40,E74F4CC22263126EDD4A721AD0D0D0A8,195038536,https://www.kugou.com/yy/rank/home/14-8888.html?from=rank
2026-08-28,2026-08-28T14:18:34+08:00,酷狗音乐,热歌榜,酷狗TOP500,2026-08-28,306,我们的歌,王力宏,,4:08,4E294957A0D9B72A78B61F3C2A63B6CC,503223,https://www.kugou.com/yy/rank/home/14-8888.html?from=rank
2026-08-28,2026-08-28T14:18:34+08:00,酷狗音乐,热歌榜,酷狗TOP500,2026-08-28,307,再见只是陌生人,庄心妍,,4:12,67F2E5F1B47C2B86E201518FD24D9831,556403,https://www.kugou.com/yy/rank/home/14-8888.html?from=rank
2026-08-28,2026-08-28T14:18:34+08:00,酷狗音乐,热歌榜,酷狗TOP500,2026-08-28,308,一样的月光,徐佳莹,,4:00,E470A579E87A5436E68FAA51AD18A379,972101,https://www.kugou.com/yy/rank/home/14-8888.html?from=rank
2026-08-28,2026-08-28T14:18:34+08:00,酷狗音乐,热歌榜,酷狗TOP500,2026-08-28,309,一生不变,李克勤,,4:22,2BA3828EE871D24FAEA74DC86F7D8D30,558490,https://www.kugou.com/yy/rank/home/15-8888.html?from=rank
2026-08-28,2026-08-28T14:18:34+08:00,酷狗音乐,热歌榜,酷狗TOP500,2026-08-28,310,西楼儿女,海来阿木,,4:18,84DA47460010F3D91E203F777233DAA4,62931439,https://www.kugou.com/yy/rank/home/15-8888.html?from=rank
2026-08-28,2026-08-28T14:18:34+08:00,酷狗音乐,热歌榜,酷狗TOP500,2026-08-28,311,不负众望,陈婉菁,,3:55,B54BD54DD6B27B311A9F7E2CF9505D3E,62005607,https://www.kugou.com/yy/rank/home/15-8888.html?from=rank
2026-08-28,2026-08-28T14:18:34+08:00,酷狗音乐,热歌榜,酷狗TOP500,2026-08-28,312,朋友的酒,李晓杰,,4:22,67D5EF87795797D3BFE6A8C21013F552,573413,https://www.kugou.com/yy/rank/home/15-8888.html?from=rank
2026-08-28,2026-08-28T14:18:34+08:00,酷狗音乐,热歌榜,酷狗TOP500,2026-08-28,313,老人与海,海鸣威、吴琼,,4:26,64550F3E833ABE710545EA84FC82754E,1778632,https://www.kugou.com/yy/rank/home/15-8888.html?from=rank
2026-08-28,2026-08-28T14:18:34+08:00,酷狗音乐,热歌榜,酷狗TOP500,2026-08-28,314,平凡之路,朴树,,5:01,2BE5DE80E68B3346918D38CF7527D979,2944963,https://www.kugou.com/yy/rank/home/15-8888.html?from=rank
2026-08-28,2026-08-28T14:18:34+08:00,酷狗音乐,热歌榜,酷狗TOP500,2026-08-28,315,等你等到我心痛,张学友,,4:13,4A1ADC422B26B1388DE746F4E1DD5EB4,977805,https://www.kugou.com/yy/rank/home/15-8888.html?from=rank
2026-08-28,2026-08-28T14:18:34+08:00,酷狗音乐,热歌榜,酷狗TOP500,2026-08-28,316,偏偏喜欢你,陈百强,,3:32,D186383AA965D13601CFF4857F844FEE,983655,https://www.kugou.com/yy/rank/home/15-8888.html?from=rank
2026-08-28,2026-08-28T14:18:34+08:00,酷狗音乐,热歌榜,酷狗TOP500,2026-08-28,317,暧昧,薛之谦,,5:12,B3A4E466F13F44FA0B91FA4EB8E6DECA,7818079,https://www.kugou.com/yy/rank/home/15-8888.html?from=rank
2026-08-28,2026-08-28T14:18:34+08:00,酷狗音乐,热歌榜,酷狗TOP500,2026-08-28,318,白日慢游,李昀锐,,3:13,DB0FE142AE9BFE5A1BA0068A2CE58791,204473399,https://www.kugou.com/yy/rank/home/15-8888.html?from=rank
2026-08-28,2026-08-28T14:18:34+08:00,酷狗音乐,热歌榜,酷狗TOP500,2026-08-28,319,不得不爱,潘玮柏、弦子,,4:41,8F9E3FD474EA612C61EB20D1415767BF,972809,https://www.kugou.com/yy/rank/home/15-8888.html?from=rank
2026-08-28,2026-08-28T14:18:34+08:00,酷狗音乐,热歌榜,酷狗TOP500,2026-08-28,320,边错边爱 (tell me why)(氛围版),VEHSJ,,3:24,6C38270C3DC32AA5884AA05830E4279A,197844384,https://www.kugou.com/yy/rank/home/15-8888.html?from=rank
2026-08-28,2026-08-28T14:18:34+08:00,酷狗音乐,热歌榜,酷狗TOP500,2026-08-28,321,无赖,郑中基,,4:04,1C8DCCD42F3FA29BB2878E20C90281E3,7547818,https://www.kugou.com/yy/rank/home/15-8888.html?from=rank
2026-08-28,2026-08-28T14:18:34+08:00,酷狗音乐,热歌榜,酷狗TOP500,2026-08-28,322,听说当初你找过我,贺一航,,4:06,8853D5BDDDE97FEACFAF65371B68AD57,1969900,https://www.kugou.com/yy/rank/home/15-8888.html?from=rank
2026-08-28,2026-08-28T14:18:34+08:00,酷狗音乐,热歌榜,酷狗TOP500,2026-08-28,323,好久不见,陈奕迅,,4:11,8E1DDAF172D9C60A28C19358B07BFBF8,962514,https://www.kugou.com/yy/rank/home/15-8888.html?from=rank
2026-08-28,2026-08-28T14:18:34+08:00,酷狗音乐,热歌榜,酷狗TOP500,2026-08-28,324,秋殇别恋 (男女撕裂对唱),梨子芥菜、戚悦,,4:19,CA8495DA3927226C0A3FBBD6B95B8315,190178204,https://www.kugou.com/yy/rank/home/15-8888.html?from=rank
2026-08-28,2026-08-28T14:18:34+08:00,酷狗音乐,热歌榜,酷狗TOP500,2026-08-28,325,搀扶,马健涛,,5:28,D95AE3CC810BB62D28505AE1510C329F,130332417,https://www.kugou.com/yy/rank/home/15-8888.html?from=rank
2026-08-28,2026-08-28T14:18:34+08:00,酷狗音乐,热歌榜,酷狗TOP500,2026-08-28,326,街道,林俊杰,,4:02,D9DF39A88E29EADDB272A4B04393D357,963179,https://www.kugou.com/yy/rank/home/15-8888.html?from=rank
2026-08-28,2026-08-28T14:18:34+08:00,酷狗音乐,热歌榜,酷狗TOP500,2026-08-28,327,不潮不用花钱,林俊杰,,3:54,5A84BBA4C673BEA45083C521ADF366AF,963179,https://www.kugou.com/yy/rank/home/15-8888.html?from=rank
2026-08-28,2026-08-28T14:18:34+08:00,酷狗音乐,热歌榜,酷狗TOP500,2026-08-28,328,真夜中のドア/Stay With Me (深夜门扉/留在我身边)(シングルver.),松原みき,,4:34,1E1898733BB33FBEE0CD6EDAD4AC0DEB,9661475,https://www.kugou.com/yy/rank/home/15-8888.html?from=rank
2026-08-28,2026-08-28T14:18:34+08:00,酷狗音乐,热歌榜,酷狗TOP500,2026-08-28,329,I Miss You (暗黑Trap版),超级大瓜,,2:56,D04E732B1310DF5536506CEF6826A96A,197475978,https://www.kugou.com/yy/rank/home/15-8888.html?from=rank
2026-08-28,2026-08-28T14:18:34+08:00,酷狗音乐,热歌榜,酷狗TOP500,2026-08-28,330,十面埋伏,陈奕迅,,3:52,90B8469459CBA58A5DDEDD9350286DD8,2996227,https://www.kugou.com/yy/rank/home/15-8888.html?from=rank
2026-08-28,2026-08-28T14:18:34+08:00,酷狗音乐,热歌榜,酷狗TOP500,2026-08-28,331,那些年,胡夏,,6:11,95A46E232F3F0CFFDA7811B7D9C8E6C4,542864,https://www.kugou.com/yy/rank/home/16-8888.html?from=rank
2026-08-28,2026-08-28T14:18:34+08:00,酷狗音乐,热歌榜,酷狗TOP500,2026-08-28,332,Pretty Girl Rock,Keri Hilson,,4:04,A2C34D91F5400B11E4FB0867EE95F8BC,57392885,https://www.kugou.com/yy/rank/home/16-8888.html?from=rank
2026-08-28,2026-08-28T14:18:34+08:00,酷狗音乐,热歌榜,酷狗TOP500,2026-08-28,333,不要忘记我爱你,张碧晨,,3:45,C8EBD31EB4B28B4B845119637D90C58D,17022285,https://www.kugou.com/yy/rank/home/16-8888.html?from=rank
2026-08-28,2026-08-28T14:18:34+08:00,酷狗音乐,热歌榜,酷狗TOP500,2026-08-28,334,忘记时间,胡歌,,4:32,BB2759C850804CB32A55480D85D21080,493001,https://www.kugou.com/yy/rank/home/16-8888.html?from=rank
2026-08-28,2026-08-28T14:18:34+08:00,酷狗音乐,热歌榜,酷狗TOP500,2026-08-28,335,연애의 조건 (恋爱的条件),BESTie,,3:12,FBE0D895B585AFAD693FE42529311608,959733,https://www.kugou.com/yy/rank/home/16-8888.html?from=rank
2026-08-28,2026-08-28T14:18:34+08:00,酷狗音乐,热歌榜,酷狗TOP500,2026-08-28,336,Letting Go,蔡健雅,,4:23,326CBB23BAA90062047512376AA406A4,978874,https://www.kugou.com/yy/rank/home/16-8888.html?from=rank
2026-08-28,2026-08-28T14:18:34+08:00,酷狗音乐,热歌榜,酷狗TOP500,2026-08-28,337,明明就,周杰伦,,4:20,D85C14E02008B7A2F97D55CDC29C2221,982051,https://www.kugou.com/yy/rank/home/16-8888.html?from=rank
2026-08-28,2026-08-28T14:18:34+08:00,酷狗音乐,热歌榜,酷狗TOP500,2026-08-28,338,容易受伤的女人,王菲,,4:21,C4BDD79D611789B65B368283D4DDAB0F,980244,https://www.kugou.com/yy/rank/home/16-8888.html?from=rank
2026-08-28,2026-08-28T14:18:34+08:00,酷狗音乐,热歌榜,酷狗TOP500,2026-08-28,339,时间漫步,梓渝,,4:28,1EF9B5ACF4BC7321E953632A0175E97B,202160233,https://www.kugou.com/yy/rank/home/16-8888.html?from=rank
2026-08-28,2026-08-28T14:18:34+08:00,酷狗音乐,热歌榜,酷狗TOP500,2026-08-28,340,一程山路,毛不易,,3:36,72F2E36F606EB3DACF2ACD9DE67FCBD3,34631159,https://www.kugou.com/yy/rank/home/16-8888.html?from=rank
2026-08-28,2026-08-28T14:18:34+08:00,酷狗音乐,热歌榜,酷狗TOP500,2026-08-28,341,Poker Face,Lady Gaga,,3:57,645E837927E3207AD0AEA3997EB00444,38501704,https://www.kugou.com/yy/rank/home/16-8888.html?from=rank
2026-08-28,2026-08-28T14:18:34+08:00,酷狗音乐,热歌榜,酷狗TOP500,2026-08-28,342,谁,洋澜一,,3:40,445C54E59AB287FCF15D68FAF92CD9B7,89608819,https://www.kugou.com/yy/rank/home/16-8888.html?from=rank
2026-08-28,2026-08-28T14:18:34+08:00,酷狗音乐,热歌榜,酷狗TOP500,2026-08-28,343,听哭了自己,沧桑老叔,,3:32,2F886E50337A0268514AA517C5E13A39,184905718,https://www.kugou.com/yy/rank/home/16-8888.html?from=rank
2026-08-28,2026-08-28T14:18:34+08:00,酷狗音乐,热歌榜,酷狗TOP500,2026-08-28,344,晚风心里吹,阿梨粤,,3:07,DFFB8F6768AC5044881BB6DD11BDED53,55808898,https://www.kugou.com/yy/rank/home/16-8888.html?from=rank
2026-08-28,2026-08-28T14:18:34+08:00,酷狗音乐,热歌榜,酷狗TOP500,2026-08-28,345,嘉宾,张远,,5:34,96D0DEFE09DFE43C57EE9AC3B1EA408E,39699796,https://www.kugou.com/yy/rank/home/16-8888.html?from=rank
2026-08-28,2026-08-28T14:18:34+08:00,酷狗音乐,热歌榜,酷狗TOP500,2026-08-28,346,指纹,杜宣达,,4:00,EAF4CB91DA618DBEDC751F54B3B3620D,50057639,https://www.kugou.com/yy/rank/home/16-8888.html?from=rank
2026-08-28,2026-08-28T14:18:34+08:00,酷狗音乐,热歌榜,酷狗TOP500,2026-08-28,347,刚刚好,薛之谦,,4:11,956EEC514146039E6D6A16B30DD64A7B,1747549,https://www.kugou.com/yy/rank/home/16-8888.html?from=rank
2026-08-28,2026-08-28T14:18:34+08:00,酷狗音乐,热歌榜,酷狗TOP500,2026-08-28,348,红豆,王菲,,4:16,AEF916A18BAAE9C8E7807179C8DA64D1,960812,https://www.kugou.com/yy/rank/home/16-8888.html?from=rank
2026-08-28,2026-08-28T14:18:34+08:00,酷狗音乐,热歌榜,酷狗TOP500,2026-08-28,349,相爱分开都是罪,六哲,,4:20,1A2DE05E3AC06781F4B337F77B1C63DF,2996446,https://www.kugou.com/yy/rank/home/16-8888.html?from=rank
2026-08-28,2026-08-28T14:18:34+08:00,酷狗音乐,热歌榜,酷狗TOP500,2026-08-28,350,九百九十九朵玫瑰 (r&b),落日微醺,,4:07,0969B2B26405C8DDEC7C72292F794D48,184352572,https://www.kugou.com/yy/rank/home/16-8888.html?from=rank
2026-08-28,2026-08-28T14:18:34+08:00,酷狗音乐,热歌榜,酷狗TOP500,2026-08-28,351,Come Back To Me,宇多田ヒカル,,3:58,0689D23157B40D6FDCFA3D1D3784B6FC,966129,https://www.kugou.com/yy/rank/home/16-8888.html?from=rank
2026-08-28,2026-08-28T14:18:34+08:00,酷狗音乐,热歌榜,酷狗TOP500,2026-08-28,352,最爱,周慧敏,,4:25,DBC221919A9686F684F90E1920179363,568311,https://www.kugou.com/yy/rank/home/16-8888.html?from=rank
2026-08-28,2026-08-28T14:18:34+08:00,酷狗音乐,热歌榜,酷狗TOP500,2026-08-28,353,吴哥窟,吴雨霏,,3:43,DA247CAABD69D2AF6E71CC8399F490B2,964426,https://www.kugou.com/yy/rank/home/17-8888.html?from=rank
2026-08-28,2026-08-28T14:18:34+08:00,酷狗音乐,热歌榜,酷狗TOP500,2026-08-28,354,你听得到,周杰伦,,3:50,D7F42691CB6134BA8AA247F0A1DBD060,966846,https://www.kugou.com/yy/rank/home/17-8888.html?from=rank
2026-08-28,2026-08-28T14:18:34+08:00,酷狗音乐,热歌榜,酷狗TOP500,2026-08-28,355,哼着你爱听的歌 (女版),田园,,3:20,37B0685181098FB8427291594EDBC8CD,162686180,https://www.kugou.com/yy/rank/home/17-8888.html?from=rank
2026-08-28,2026-08-28T14:18:34+08:00,酷狗音乐,热歌榜,酷狗TOP500,2026-08-28,356,time machine (feat. aren park)(Original Mix),mj apanay、aren park,,3:46,6FC23D8694067908061BB145B6DFCB87,100264848,https://www.kugou.com/yy/rank/home/17-8888.html?from=rank
2026-08-28,2026-08-28T14:18:34+08:00,酷狗音乐,热歌榜,酷狗TOP500,2026-08-28,357,那些你很冒险的梦,林俊杰,,4:05,468A823BD25A585841F4BC5ED3EF945B,977237,https://www.kugou.com/yy/rank/home/17-8888.html?from=rank
2026-08-28,2026-08-28T14:18:34+08:00,酷狗音乐,热歌榜,酷狗TOP500,2026-08-28,358,落空,印子月,,3:53,F2823FEC8D01EDE2587ED3D32F787782,15394482,https://www.kugou.com/yy/rank/home/17-8888.html?from=rank
2026-08-28,2026-08-28T14:18:34+08:00,酷狗音乐,热歌榜,酷狗TOP500,2026-08-28,359,求佛,誓言,,4:46,7B7140B23A836DC6EE63B6CD48482402,7614,https://www.kugou.com/yy/rank/home/17-8888.html?from=rank
2026-08-28,2026-08-28T14:18:34+08:00,酷狗音乐,热歌榜,酷狗TOP500,2026-08-28,360,只为你着迷,李秉成,,4:01,C2F47FB042D8FE6A2B5265DFCF8919A5,11795396,https://www.kugou.com/yy/rank/home/17-8888.html?from=rank
2026-08-28,2026-08-28T14:18:34+08:00,酷狗音乐,热歌榜,酷狗TOP500,2026-08-28,361,孤雏,AGA,,4:53,8BB44BFFC9A9CFC06706D37DA52B617B,1821989,https://www.kugou.com/yy/rank/home/17-8888.html?from=rank
2026-08-28,2026-08-28T14:18:34+08:00,酷狗音乐,热歌榜,酷狗TOP500,2026-08-28,362,租购,薛之谦,,4:31,B96A6102B2238E21C463E96A7D81E840,130133801,https://www.kugou.com/yy/rank/home/17-8888.html?from=rank
2026-08-28,2026-08-28T14:18:34+08:00,酷狗音乐,热歌榜,酷狗TOP500,2026-08-28,363,Love Story,Taylor Swift,,3:56,193B72D4456A4CC02A3DE7C673FC4E23,13721135,https://www.kugou.com/yy/rank/home/17-8888.html?from=rank
2026-08-28,2026-08-28T14:18:34+08:00,酷狗音乐,热歌榜,酷狗TOP500,2026-08-28,364,左转灯 (1000 Times +1),派伟俊、mac ova seas,,3:17,E51ABAF534E7D2BA42DB5604421D4838,164658305,https://www.kugou.com/yy/rank/home/17-8888.html?from=rank
2026-08-28,2026-08-28T14:18:34+08:00,酷狗音乐,热歌榜,酷狗TOP500,2026-08-28,365,像风一样,薛之谦,,4:15,ACC9BB4136622B3E2BA561B87FFF00D9,7818079,https://www.kugou.com/yy/rank/home/17-8888.html?from=rank
2026-08-28,2026-08-28T14:18:34+08:00,酷狗音乐,热歌榜,酷狗TOP500,2026-08-28,366,问情 (烟嗓良人Remix),大头钉团队,,4:16,A495E8DA73ED8EB8FC3CFAFE6F0CD48D,202389890,https://www.kugou.com/yy/rank/home/17-8888.html?from=rank
2026-08-28,2026-08-28T14:18:34+08:00,酷狗音乐,热歌榜,酷狗TOP500,2026-08-28,367,Because of You,Kelly Clarkson,,3:39,FED9A7BE6BC7D2FF3B8426ECEF34A2B6,1592158,https://www.kugou.com/yy/rank/home/17-8888.html?from=rank
2026-08-28,2026-08-28T14:18:34+08:00,酷狗音乐,热歌榜,酷狗TOP500,2026-08-28,368,虚拟,陈粒,,4:01,AEF0740270FE89918F07807C8D669FB7,1749208,https://www.kugou.com/yy/rank/home/17-8888.html?from=rank
2026-08-28,2026-08-28T14:18:34+08:00,酷狗音乐,热歌榜,酷狗TOP500,2026-08-28,369,悬溺,葛东琪,,3:17,666484E904A54B1E62C9FBFDBE6E2563,23773597,https://www.kugou.com/yy/rank/home/17-8888.html?from=rank
2026-08-28,2026-08-28T14:18:34+08:00,酷狗音乐,热歌榜,酷狗TOP500,2026-08-28,370,死了都要爱 (女生版),高高在这呢,,4:16,D5A14B30284A31E8EFF3FA61C523D302,203986497,https://www.kugou.com/yy/rank/home/17-8888.html?from=rank
2026-08-28,2026-08-28T14:18:34+08:00,酷狗音乐,热歌榜,酷狗TOP500,2026-08-28,371,你这坏坏的扑街仔 (偏偏爱上你这笨脑袋)(对唱版),马耀火、金禾安,,3:02,4C04BB8F9C9F93D4E0325BF625F11BEC,203511794,https://www.kugou.com/yy/rank/home/17-8888.html?from=rank
2026-08-28,2026-08-28T14:18:34+08:00,酷狗音乐,热歌榜,酷狗TOP500,2026-08-28,372,遗失的心跳,萧亚轩,,3:37,54C1A6E877BB37D052A86D4C41604FE7,521727,https://www.kugou.com/yy/rank/home/17-8888.html?from=rank
2026-08-28,2026-08-28T14:18:34+08:00,酷狗音乐,热歌榜,酷狗TOP500,2026-08-28,373,意外,薛之谦,,4:52,04E0EDE41EA3CCFF76C04F414E1D03A7,960327,https://www.kugou.com/yy/rank/home/17-8888.html?from=rank
2026-08-28,2026-08-28T14:18:34+08:00,酷狗音乐,热歌榜,酷狗TOP500,2026-08-28,374,别想太多,心栖原野,,2:48,A8366A02D584B678C5555B7251E3157A,202304456,https://www.kugou.com/yy/rank/home/17-8888.html?from=rank
2026-08-28,2026-08-28T14:18:34+08:00,酷狗音乐,热歌榜,酷狗TOP500,2026-08-28,375,天黑黑,孙燕姿,,3:56,D4601C9FFEADB42961CE4E623FAFD279,973684,https://www.kugou.com/yy/rank/home/18-8888.html?from=rank
2026-08-28,2026-08-28T14:18:34+08:00,酷狗音乐,热歌榜,酷狗TOP500,2026-08-28,376,我太笨,锤娜丽莎,,4:25,A5D4F40382C0DF1A95A48A617793F03E,46432417,https://www.kugou.com/yy/rank/home/18-8888.html?from=rank
2026-08-28,2026-08-28T14:18:34+08:00,酷狗音乐,热歌榜,酷狗TOP500,2026-08-28,377,Dear John,比莉,,5:11,71951213A1C3C313DEEB017D3C9E77CC,2528933,https://www.kugou.com/yy/rank/home/18-8888.html?from=rank
2026-08-28,2026-08-28T14:18:34+08:00,酷狗音乐,热歌榜,酷狗TOP500,2026-08-28,378,有点甜,汪苏泷、BY2,,3:55,99CFDC717FEB7DABCD8A6392D821FC08,516425,https://www.kugou.com/yy/rank/home/18-8888.html?from=rank
2026-08-28,2026-08-28T14:18:34+08:00,酷狗音乐,热歌榜,酷狗TOP500,2026-08-28,379,中意你 (万人大合唱live版),7paste,,3:47,B84C1F8D11652ABBEFC2D3AEE9160E28,203170200,https://www.kugou.com/yy/rank/home/18-8888.html?from=rank
2026-08-28,2026-08-28T14:18:34+08:00,酷狗音乐,热歌榜,酷狗TOP500,2026-08-28,380,倒带,蔡依林,,4:26,446507D2332BC3F263596363A97C6E95,976925,https://www.kugou.com/yy/rank/home/18-8888.html?from=rank
2026-08-28,2026-08-28T14:18:34+08:00,酷狗音乐,热歌榜,酷狗TOP500,2026-08-28,381,这世界那么多人,莫文蔚,,4:46,8217FD6FE2973658781FB08DA4F8C4D6,44349469,https://www.kugou.com/yy/rank/home/18-8888.html?from=rank
2026-08-28,2026-08-28T14:18:34+08:00,酷狗音乐,热歌榜,酷狗TOP500,2026-08-28,382,光年之外 (G.E.M.重生版),G.E.M. 邓紫棋,,3:55,B0EB2A1CC6832B3596E0D71E3CAFCD5F,150256944,https://www.kugou.com/yy/rank/home/18-8888.html?from=rank
2026-08-28,2026-08-28T14:18:34+08:00,酷狗音乐,热歌榜,酷狗TOP500,2026-08-28,383,美丽的神话,孙楠、韩红,,4:52,877281C8E094A848F022BCAAA76945CB,964166,https://www.kugou.com/yy/rank/home/18-8888.html?from=rank
2026-08-28,2026-08-28T14:18:34+08:00,酷狗音乐,热歌榜,酷狗TOP500,2026-08-28,384,无名之辈,陈雪燃,,4:23,D08C3E2B2463AA9FC72D65AD6DA94E4E,24460217,https://www.kugou.com/yy/rank/home/18-8888.html?from=rank
2026-08-28,2026-08-28T14:18:34+08:00,酷狗音乐,热歌榜,酷狗TOP500,2026-08-28,385,我可以抱你吗,张惠妹,,4:56,29AC33B8120266986966CAA1B6A9F061,968973,https://www.kugou.com/yy/rank/home/18-8888.html?from=rank
2026-08-28,2026-08-28T14:18:34+08:00,酷狗音乐,热歌榜,酷狗TOP500,2026-08-28,386,烟火 (孤孤单单一个人),京六,,4:06,495D65F83F80948BE9E2683AEFD0E20A,198377118,https://www.kugou.com/yy/rank/home/18-8888.html?from=rank
2026-08-28,2026-08-28T14:18:34+08:00,酷狗音乐,热歌榜,酷狗TOP500,2026-08-28,387,怎么说我不爱你,萧敬腾,,4:35,30A31A94C77268C92886E00D912AC03B,958893,https://www.kugou.com/yy/rank/home/18-8888.html?from=rank
2026-08-28,2026-08-28T14:18:34+08:00,酷狗音乐,热歌榜,酷狗TOP500,2026-08-28,388,倒数,G.E.M. 邓紫棋,,3:49,65945C4D6FB03D7997AE133C9BE5715D,9373625,https://www.kugou.com/yy/rank/home/18-8888.html?from=rank
2026-08-28,2026-08-28T14:18:34+08:00,酷狗音乐,热歌榜,酷狗TOP500,2026-08-28,389,不如见一面,海来阿木,,4:08,A8CC7F0EA73DE4DE226B26C3F44DD563,80038154,https://www.kugou.com/yy/rank/home/18-8888.html?from=rank
2026-08-28,2026-08-28T14:18:34+08:00,酷狗音乐,热歌榜,酷狗TOP500,2026-08-28,390,爱我还是他,陶喆,,4:53,004A93C3A157D825B92A91EEB17DA36A,7547427,https://www.kugou.com/yy/rank/home/18-8888.html?from=rank
2026-08-28,2026-08-28T14:18:34+08:00,酷狗音乐,热歌榜,酷狗TOP500,2026-08-28,391,安和桥,宇西,,4:09,BFB6233E7687776800FDA3FD76EBFB41,13667444,https://www.kugou.com/yy/rank/home/18-8888.html?from=rank
2026-08-28,2026-08-28T14:18:34+08:00,酷狗音乐,热歌榜,酷狗TOP500,2026-08-28,392,简单爱,周杰伦,,4:30,6E44CE19BE5872384FA184B995CCE23B,958706,https://www.kugou.com/yy/rank/home/18-8888.html?from=rank
2026-08-28,2026-08-28T14:18:34+08:00,酷狗音乐,热歌榜,酷狗TOP500,2026-08-28,393,飞鸟和蝉,任然,,4:56,EB5F5AF3993F6537F2C70B959F2DCD6B,38339036,https://www.kugou.com/yy/rank/home/18-8888.html?from=rank
2026-08-28,2026-08-28T14:18:34+08:00,酷狗音乐,热歌榜,酷狗TOP500,2026-08-28,394,寂寞沙洲冷,周传雄,,4:35,36A4F5EAA748324A5D509D8EDC47699F,984377,https://www.kugou.com/yy/rank/home/18-8888.html?from=rank
2026-08-28,2026-08-28T14:18:34+08:00,酷狗音乐,热歌榜,酷狗TOP500,2026-08-28,395,愿与愁,林俊杰,,3:52,4A2A7260442B0A5D5F17295F1DD7241B,71681690,https://www.kugou.com/yy/rank/home/18-8888.html?from=rank
2026-08-28,2026-08-28T14:18:34+08:00,酷狗音乐,热歌榜,酷狗TOP500,2026-08-28,396,世界上的另一个我,阿肆、郭采洁,,3:58,73C0E5566146583A631C9A94203405D6,4255765,https://www.kugou.com/yy/rank/home/18-8888.html?from=rank
2026-08-28,2026-08-28T14:18:34+08:00,酷狗音乐,热歌榜,酷狗TOP500,2026-08-28,397,玫瑰花的葬礼,许嵩,,4:21,0A335E9374392B72E5965D8F6165E564,1968878,https://www.kugou.com/yy/rank/home/19-8888.html?from=rank
2026-08-28,2026-08-28T14:18:34+08:00,酷狗音乐,热歌榜,酷狗TOP500,2026-08-28,398,太多 (R&B),落日微醺,,3:54,0FAE8E25895CB68F57A20A676B09E04E,196615244,https://www.kugou.com/yy/rank/home/19-8888.html?from=rank
2026-08-28,2026-08-28T14:18:34+08:00,酷狗音乐,热歌榜,酷狗TOP500,2026-08-28,399,月光,胡彦斌,,4:32,3ED31D9A5C8B2F28529E69E8B17DFEA3,7547355,https://www.kugou.com/yy/rank/home/19-8888.html?from=rank
2026-08-28,2026-08-28T14:18:34+08:00,酷狗音乐,热歌榜,酷狗TOP500,2026-08-28,400,三国恋,Tank,,4:06,1325E661C6044048943A8D7D417ED280,966742,https://www.kugou.com/yy/rank/home/19-8888.html?from=rank
2026-08-28,2026-08-28T14:18:34+08:00,酷狗音乐,热歌榜,酷狗TOP500,2026-08-28,401,刚好遇见你,李玉刚,,3:20,58B004C56B6AB6CE1CA3C1E8C6781D0E,1820033,https://www.kugou.com/yy/rank/home/19-8888.html?from=rank
2026-08-28,2026-08-28T14:18:34+08:00,酷狗音乐,热歌榜,酷狗TOP500,2026-08-28,402,Hope to Remain,严浩翔,,3:14,5BBB6A74F9AB76E06A423BE613C7402E,204483411,https://www.kugou.com/yy/rank/home/19-8888.html?from=rank
2026-08-28,2026-08-28T14:18:34+08:00,酷狗音乐,热歌榜,酷狗TOP500,2026-08-28,403,Radio (Dum-Dum),宋雨琦 (YUQI),,2:32,E8FFC3F649DA4476E2CEABFF3F94D103,140913986,https://www.kugou.com/yy/rank/home/19-8888.html?from=rank
2026-08-28,2026-08-28T14:18:34+08:00,酷狗音乐,热歌榜,酷狗TOP500,2026-08-28,404,明天，你好,牛奶咖啡,,4:32,A9527F71F7149F13E1F78B23C25DD30B,967562,https://www.kugou.com/yy/rank/home/19-8888.html?from=rank
2026-08-28,2026-08-28T14:18:34+08:00,酷狗音乐,热歌榜,酷狗TOP500,2026-08-28,405,天地龙鳞,王力宏,,3:17,DD83DC4A30C3A05D60FFCE6944FB441C,50749156,https://www.kugou.com/yy/rank/home/19-8888.html?from=rank
2026-08-28,2026-08-28T14:18:34+08:00,酷狗音乐,热歌榜,酷狗TOP500,2026-08-28,406,菩提树下我为你流泪,铃小花,,2:40,65F6501868D8B30C24CABD25B36BDDAD,178028527,https://www.kugou.com/yy/rank/home/19-8888.html?from=rank
2026-08-28,2026-08-28T14:18:34+08:00,酷狗音乐,热歌榜,酷狗TOP500,2026-08-28,407,不再犹豫,BEYOND,,4:15,C477FE5B38147B7522DFCF3DC5BB8A6B,8176296,https://www.kugou.com/yy/rank/home/19-8888.html?from=rank
2026-08-28,2026-08-28T14:18:34+08:00,酷狗音乐,热歌榜,酷狗TOP500,2026-08-28,408,选择失忆,季彦霖,,4:39,6ED5E6DAA2F1A97A2EA5B1113F469BA7,8441500,https://www.kugou.com/yy/rank/home/19-8888.html?from=rank
2026-08-28,2026-08-28T14:18:34+08:00,酷狗音乐,热歌榜,酷狗TOP500,2026-08-28,409,暖一杯茶,邵帅,,4:03,26A9B8C6480C22BC4342F22CB897E760,23061596,https://www.kugou.com/yy/rank/home/19-8888.html?from=rank
2026-08-28,2026-08-28T14:18:34+08:00,酷狗音乐,热歌榜,酷狗TOP500,2026-08-28,410,单身情歌,林志炫,,4:35,ACD27A452FE3D0348D38540762DA7BEB,971171,https://www.kugou.com/yy/rank/home/19-8888.html?from=rank
2026-08-28,2026-08-28T14:18:34+08:00,酷狗音乐,热歌榜,酷狗TOP500,2026-08-28,411,晨间新闻,蔡健雅,,3:50,09A4599755FAF50EACBA75F5153A9D92,965319,https://www.kugou.com/yy/rank/home/19-8888.html?from=rank
2026-08-28,2026-08-28T14:18:34+08:00,酷狗音乐,热歌榜,酷狗TOP500,2026-08-28,412,别说你还深深爱着我,婉婷、杨烬,,3:45,0938FF862C986F6A93B4A7657CAA1125,195023851,https://www.kugou.com/yy/rank/home/19-8888.html?from=rank
2026-08-28,2026-08-28T14:18:34+08:00,酷狗音乐,热歌榜,酷狗TOP500,2026-08-28,413,去年夏天,王大毛,,4:05,5CD03A78A74761494A39CADFAA832550,8542577,https://www.kugou.com/yy/rank/home/19-8888.html?from=rank
2026-08-28,2026-08-28T14:18:34+08:00,酷狗音乐,热歌榜,酷狗TOP500,2026-08-28,414,刻在我心底的名字,卢广仲,,5:20,5CDCAAF9E7B91E94FD012589D00FDBEA,39020767,https://www.kugou.com/yy/rank/home/19-8888.html?from=rank
2026-08-28,2026-08-28T14:18:34+08:00,酷狗音乐,热歌榜,酷狗TOP500,2026-08-28,415,想你的夜,关喆,,4:25,1404A292A6E122C99696BDFF04CE982F,963737,https://www.kugou.com/yy/rank/home/19-8888.html?from=rank
2026-08-28,2026-08-28T14:18:34+08:00,酷狗音乐,热歌榜,酷狗TOP500,2026-08-28,416,雀跃,任然、小来,,3:56,F928CB7A772F8A6214EEAEB21FA310D8,2820318,https://www.kugou.com/yy/rank/home/19-8888.html?from=rank
2026-08-28,2026-08-28T14:18:34+08:00,酷狗音乐,热歌榜,酷狗TOP500,2026-08-28,417,我曾像傻子一样爱你,老板,,4:03,85F18C8A9470C0BE7BD1D679ACFC6E21,171863030,https://www.kugou.com/yy/rank/home/19-8888.html?from=rank
2026-08-28,2026-08-28T14:18:34+08:00,酷狗音乐,热歌榜,酷狗TOP500,2026-08-28,418,阿衣莫,阿吉太组合,,5:14,000B4DC2694B23AD4258EE551A00C599,4138802,https://www.kugou.com/yy/rank/home/19-8888.html?from=rank
2026-08-28,2026-08-28T14:18:34+08:00,酷狗音乐,热歌榜,酷狗TOP500,2026-08-28,419,可能,程响,,3:37,38B234C1135A5E9A4C98D55C058A4894,57727291,https://www.kugou.com/yy/rank/home/20-8888.html?from=rank
2026-08-28,2026-08-28T14:18:34+08:00,酷狗音乐,热歌榜,酷狗TOP500,2026-08-28,420,如果这就是爱情,张靓颖,,4:43,4E871DF1E2034CF6BAAD7B03D2386058,2597425,https://www.kugou.com/yy/rank/home/20-8888.html?from=rank
2026-08-28,2026-08-28T14:18:34+08:00,酷狗音乐,热歌榜,酷狗TOP500,2026-08-28,421,像鱼,王贰浪,,4:45,6215C5A85B30E53C2E4C20C4DED38D72,13621986,https://www.kugou.com/yy/rank/home/20-8888.html?from=rank
2026-08-28,2026-08-28T14:18:34+08:00,酷狗音乐,热歌榜,酷狗TOP500,2026-08-28,422,一个人想着一个人,曾沛慈,,4:04,C9148675D85D3C2B306E966000BC5ABD,542900,https://www.kugou.com/yy/rank/home/20-8888.html?from=rank
2026-08-28,2026-08-28T14:18:34+08:00,酷狗音乐,热歌榜,酷狗TOP500,2026-08-28,423,红颜旧 (氛围版),周深深,,3:48,76FA92299B2443816030D744CF70FA3B,198814170,https://www.kugou.com/yy/rank/home/20-8888.html?from=rank
2026-08-28,2026-08-28T14:18:34+08:00,酷狗音乐,热歌榜,酷狗TOP500,2026-08-28,424,什么是逍遥,王同学Able,,3:28,4BF659E4D3060B52D4F9925AF9D0CA02,45288306,https://www.kugou.com/yy/rank/home/20-8888.html?from=rank
2026-08-28,2026-08-28T14:18:34+08:00,酷狗音乐,热歌榜,酷狗TOP500,2026-08-28,425,听说你,于冬然,,3:59,D74845DF9E5EB016BFC5FC86F639CA49,58983593,https://www.kugou.com/yy/rank/home/20-8888.html?from=rank
2026-08-28,2026-08-28T14:18:34+08:00,酷狗音乐,热歌榜,酷狗TOP500,2026-08-28,426,我借 (戏腔版),江枝婉,,4:07,DB19A3A474D9B99AD6FC6A82C4CB5AAF,204991115,https://www.kugou.com/yy/rank/home/20-8888.html?from=rank
2026-08-28,2026-08-28T14:18:34+08:00,酷狗音乐,热歌榜,酷狗TOP500,2026-08-28,427,女孩,韦礼安,,5:06,A0701AE5A100E543DE602E75C64A7424,1766500,https://www.kugou.com/yy/rank/home/20-8888.html?from=rank
2026-08-28,2026-08-28T14:18:34+08:00,酷狗音乐,热歌榜,酷狗TOP500,2026-08-28,428,别怕变老,王以太、艾热AIR,,4:06,90B83D2211AF3ED21387C7E7043AE6BC,48657971,https://www.kugou.com/yy/rank/home/20-8888.html?from=rank
2026-08-28,2026-08-28T14:18:34+08:00,酷狗音乐,热歌榜,酷狗TOP500,2026-08-28,429,迷人的危险,Dance Flow,,3:26,0F666EF632DB9404308219BE5AAE43B4,551560,https://www.kugou.com/yy/rank/home/20-8888.html?from=rank
2026-08-28,2026-08-28T14:18:34+08:00,酷狗音乐,热歌榜,酷狗TOP500,2026-08-28,430,Amani (女声版),落日微醺,,3:54,0E1705D85CE6D8BE87784DFA9C9A5624,194642479,https://www.kugou.com/yy/rank/home/20-8888.html?from=rank
2026-08-28,2026-08-28T14:18:34+08:00,酷狗音乐,热歌榜,酷狗TOP500,2026-08-28,431,问心 (夜雨落青瓦),黑里黑气,,4:03,FEB92C0C1567A0F661461DDC53821577,204044602,https://www.kugou.com/yy/rank/home/20-8888.html?from=rank
2026-08-28,2026-08-28T14:18:34+08:00,酷狗音乐,热歌榜,酷狗TOP500,2026-08-28,432,初恋情人,刘小慧,,4:40,24BD04781E52FE8E7FAB2A6452D85320,532546,https://www.kugou.com/yy/rank/home/20-8888.html?from=rank
2026-08-28,2026-08-28T14:18:34+08:00,酷狗音乐,热歌榜,酷狗TOP500,2026-08-28,433,匿名的好友,杨丞琳,,4:23,F9CE6B13B4C90B01B3C129FF11B11C87,2694607,https://www.kugou.com/yy/rank/home/20-8888.html?from=rank
2026-08-28,2026-08-28T14:18:34+08:00,酷狗音乐,热歌榜,酷狗TOP500,2026-08-28,434,总有一天你会出现在我身边,棱镜乐队,,4:30,8E6A42453EF5B06A87772F8FF4AD5188,10808308,https://www.kugou.com/yy/rank/home/20-8888.html?from=rank
2026-08-28,2026-08-28T14:18:34+08:00,酷狗音乐,热歌榜,酷狗TOP500,2026-08-28,435,陷阱,王北车,,4:41,2FA2217B2F80DFE16F0421E1EF42AEB3,8747471,https://www.kugou.com/yy/rank/home/20-8888.html?from=rank
2026-08-28,2026-08-28T14:18:34+08:00,酷狗音乐,热歌榜,酷狗TOP500,2026-08-28,436,你的承诺,海鸣威,,3:53,9F08ECA9AE8E5EE2432E37FF914B95DE,490417,https://www.kugou.com/yy/rank/home/20-8888.html?from=rank
2026-08-28,2026-08-28T14:18:34+08:00,酷狗音乐,热歌榜,酷狗TOP500,2026-08-28,437,九张机,叶炫清,,3:40,8D82C3340BACF5AA3C763C4910557316,2759902,https://www.kugou.com/yy/rank/home/20-8888.html?from=rank
2026-08-28,2026-08-28T14:18:34+08:00,酷狗音乐,热歌榜,酷狗TOP500,2026-08-28,438,也许在下雨天 (雷鬼版),白兰的,,4:39,475C69BA60AECD59F26F8B5BBBD70633,197843226,https://www.kugou.com/yy/rank/home/20-8888.html?from=rank
2026-08-28,2026-08-28T14:18:34+08:00,酷狗音乐,热歌榜,酷狗TOP500,2026-08-28,439,麦恩莉,方大同,,4:48,3A08C7B067EC2E9B552AB8664490FCEB,971920,https://www.kugou.com/yy/rank/home/20-8888.html?from=rank
2026-08-28,2026-08-28T14:18:34+08:00,酷狗音乐,热歌榜,酷狗TOP500,2026-08-28,440,Manasha (Over Slowed),Ashreveal、Ashish Swargiary,,2:16,81B05B4C5903C8E1D070D2B81CDDBA7F,108029338,https://www.kugou.com/yy/rank/home/20-8888.html?from=rank
2026-08-28,2026-08-28T14:18:34+08:00,酷狗音乐,热歌榜,酷狗TOP500,2026-08-28,441,推开世界的门,杨乃文,,4:42,6B5A905C8904FD4A23D255DA1B5592C9,1803972,https://www.kugou.com/yy/rank/home/21-8888.html?from=rank
2026-08-28,2026-08-28T14:18:34+08:00,酷狗音乐,热歌榜,酷狗TOP500,2026-08-28,442,大海,张雨生,,4:40,BF8252BEAE57AEB53490145CA8E81BB4,967705,https://www.kugou.com/yy/rank/home/21-8888.html?from=rank
2026-08-28,2026-08-28T14:18:34+08:00,酷狗音乐,热歌榜,酷狗TOP500,2026-08-28,443,写不完的温柔,G.E.M. 邓紫棋,,3:58,E0D4042F7D27F0C26E66F9695F467CA4,4414381,https://www.kugou.com/yy/rank/home/21-8888.html?from=rank
2026-08-28,2026-08-28T14:18:34+08:00,酷狗音乐,热歌榜,酷狗TOP500,2026-08-28,444,夏天的风,温岚,,4:01,33431BA8C2FB438ED064AE5DEEB2985F,2997111,https://www.kugou.com/yy/rank/home/21-8888.html?from=rank
2026-08-28,2026-08-28T14:18:34+08:00,酷狗音乐,热歌榜,酷狗TOP500,2026-08-28,445,病态的爱 (忘不掉你带给我的吻),哈利白特、Zkaaai,,3:21,AA92A86A3BEF25416ADD03573FBBDEEE,133804191,https://www.kugou.com/yy/rank/home/21-8888.html?from=rank
2026-08-28,2026-08-28T14:18:34+08:00,酷狗音乐,热歌榜,酷狗TOP500,2026-08-28,446,放过你也放过我,王小港,,3:26,B528EC87E86934B4AEB1DB60B8C8EF56,204328316,https://www.kugou.com/yy/rank/home/21-8888.html?from=rank
2026-08-28,2026-08-28T14:18:34+08:00,酷狗音乐,热歌榜,酷狗TOP500,2026-08-28,447,是你没选我啊,音乐科代表洪嘉源,,3:07,65D611715B7CC7131E6629F5E1745544,172307133,https://www.kugou.com/yy/rank/home/21-8888.html?from=rank
2026-08-28,2026-08-28T14:18:34+08:00,酷狗音乐,热歌榜,酷狗TOP500,2026-08-28,448,相思,毛阿敏,,3:02,FE1F0058EAC6B344D03DB2D0D4315EA1,967188,https://www.kugou.com/yy/rank/home/21-8888.html?from=rank
2026-08-28,2026-08-28T14:18:34+08:00,酷狗音乐,热歌榜,酷狗TOP500,2026-08-28,449,爱江山更爱美人,小阿枫,,3:57,0D520519BDFE1CE0071AF809BE4C9906,27763428,https://www.kugou.com/yy/rank/home/21-8888.html?from=rank
2026-08-28,2026-08-28T14:18:34+08:00,酷狗音乐,热歌榜,酷狗TOP500,2026-08-28,450,远走高飞 (独唱版),金志文,,4:02,7196122D828128AF3173560B82528092,2139938,https://www.kugou.com/yy/rank/home/21-8888.html?from=rank
2026-08-28,2026-08-28T14:18:34+08:00,酷狗音乐,热歌榜,酷狗TOP500,2026-08-28,451,当爱在靠近,刘若英,,4:11,D988B9B4B769D979279D4AC9E84907F1,978209,https://www.kugou.com/yy/rank/home/21-8888.html?from=rank
2026-08-28,2026-08-28T14:18:34+08:00,酷狗音乐,热歌榜,酷狗TOP500,2026-08-28,452,琵琶行,奇然、沈谧仁,,5:35,0AB355EF75A56A57E1790734B2E26ED9,2563381,https://www.kugou.com/yy/rank/home/21-8888.html?from=rank
2026-08-28,2026-08-28T14:18:34+08:00,酷狗音乐,热歌榜,酷狗TOP500,2026-08-28,453,月亮惹的祸,张宇,,4:23,235B1970027234556654DC52BAA2DEF5,508784,https://www.kugou.com/yy/rank/home/21-8888.html?from=rank
2026-08-28,2026-08-28T14:18:34+08:00,酷狗音乐,热歌榜,酷狗TOP500,2026-08-28,454,手写的从前,周杰伦,,4:58,C1992BBF6FB5BB2BB86DECF657509FD3,962593,https://www.kugou.com/yy/rank/home/21-8888.html?from=rank
2026-08-28,2026-08-28T14:18:34+08:00,酷狗音乐,热歌榜,酷狗TOP500,2026-08-28,455,少一点天份,孙盛希,,4:35,FFD1F05E5D06A1DDFAEDFE6A3379A271,566029,https://www.kugou.com/yy/rank/home/21-8888.html?from=rank
2026-08-28,2026-08-28T14:18:34+08:00,酷狗音乐,热歌榜,酷狗TOP500,2026-08-28,456,别怕我伤心,张信哲,,4:47,976677A739F25908591FA822CB1F1DF3,538030,https://www.kugou.com/yy/rank/home/21-8888.html?from=rank
2026-08-28,2026-08-28T14:18:34+08:00,酷狗音乐,热歌榜,酷狗TOP500,2026-08-28,457,句号,G.E.M. 邓紫棋,,3:56,0EC0DFE7A4090B3C5C2C1831D7F3ED51,35503028,https://www.kugou.com/yy/rank/home/21-8888.html?from=rank
2026-08-28,2026-08-28T14:18:34+08:00,酷狗音乐,热歌榜,酷狗TOP500,2026-08-28,458,Take Me to Your Heart,Michael Learns To Rock,,3:59,97ED0BF75D3D6EEB97A326073F503AC8,561642,https://www.kugou.com/yy/rank/home/21-8888.html?from=rank
2026-08-28,2026-08-28T14:18:34+08:00,酷狗音乐,热歌榜,酷狗TOP500,2026-08-28,459,山风山风等等我 (对唱版),万海东、天雯,,3:29,43B0AEE07D3AAD4DFE80DAF34307F2DB,203008238,https://www.kugou.com/yy/rank/home/21-8888.html?from=rank
2026-08-28,2026-08-28T14:18:34+08:00,酷狗音乐,热歌榜,酷狗TOP500,2026-08-28,460,新的关系,李毅恩Lye,,3:36,45AB1DA74F3261FCF9B1FD0606C7A2D9,203404785,https://www.kugou.com/yy/rank/home/21-8888.html?from=rank
2026-08-28,2026-08-28T14:18:34+08:00,酷狗音乐,热歌榜,酷狗TOP500,2026-08-28,461,That Girl,Olly Murs,,2:57,B32C3C7FA2452E7338BFC6F2283FE8ED,1820815,https://www.kugou.com/yy/rank/home/21-8888.html?from=rank
2026-08-28,2026-08-28T14:18:34+08:00,酷狗音乐,热歌榜,酷狗TOP500,2026-08-28,462,下雨天,南拳妈妈,,4:13,947127F991A6A4FF77C89779E6B25AF4,983794,https://www.kugou.com/yy/rank/home/21-8888.html?from=rank
2026-08-28,2026-08-28T14:18:34+08:00,酷狗音乐,热歌榜,酷狗TOP500,2026-08-28,463,愿得一人心,李行亮,,4:37,8C1FDEBD11AD0C614778F41DA48C2577,520044,https://www.kugou.com/yy/rank/home/22-8888.html?from=rank
2026-08-28,2026-08-28T14:18:34+08:00,酷狗音乐,热歌榜,酷狗TOP500,2026-08-28,464,小美满,周深,,3:34,04A21DB1AB3C8E0D1D8F51F11BDB03A1,83112420,https://www.kugou.com/yy/rank/home/22-8888.html?from=rank
2026-08-28,2026-08-28T14:18:34+08:00,酷狗音乐,热歌榜,酷狗TOP500,2026-08-28,465,我们的时光,赵雷,,4:31,84EA1667187279849794A9CC96FA0D27,963934,https://www.kugou.com/yy/rank/home/22-8888.html?from=rank
2026-08-28,2026-08-28T14:18:34+08:00,酷狗音乐,热歌榜,酷狗TOP500,2026-08-28,466,多余的解释,许嵩,,4:37,9678D4878727F744FD3D19663CAA8AD9,973251,https://www.kugou.com/yy/rank/home/22-8888.html?from=rank
2026-08-28,2026-08-28T14:18:34+08:00,酷狗音乐,热歌榜,酷狗TOP500,2026-08-28,467,爱，请问怎么走,A-Lin,,4:28,D67CB2EA6082D5AB871509EC06B48370,964045,https://www.kugou.com/yy/rank/home/22-8888.html?from=rank
2026-08-28,2026-08-28T14:18:34+08:00,酷狗音乐,热歌榜,酷狗TOP500,2026-08-28,468,好巧是你,周深,,3:52,39CFDE963DCB9F94020D1F3BDE8E6792,204059600,https://www.kugou.com/yy/rank/home/22-8888.html?from=rank
2026-08-28,2026-08-28T14:18:34+08:00,酷狗音乐,热歌榜,酷狗TOP500,2026-08-28,469,修炼爱情,林俊杰,,4:47,8748C12719DCA9F588B1118AC05F6BF8,972188,https://www.kugou.com/yy/rank/home/22-8888.html?from=rank
2026-08-28,2026-08-28T14:18:34+08:00,酷狗音乐,热歌榜,酷狗TOP500,2026-08-28,470,天若有情,A-Lin,,4:17,2E6CE4E79982AE2119A69C1D30537EA2,1805426,https://www.kugou.com/yy/rank/home/22-8888.html?from=rank
2026-08-28,2026-08-28T14:18:34+08:00,酷狗音乐,热歌榜,酷狗TOP500,2026-08-28,471,天下,张杰,,3:42,17B11C65674378CA43995537331E1D9C,38606351,https://www.kugou.com/yy/rank/home/22-8888.html?from=rank
2026-08-28,2026-08-28T14:18:34+08:00,酷狗音乐,热歌榜,酷狗TOP500,2026-08-28,472,天亮以前说再见 (雪花多舍不得冬天),四熹丸子,,3:53,36255921966B48B35A6E31D843C1CDD4,133064388,https://www.kugou.com/yy/rank/home/22-8888.html?from=rank
2026-08-28,2026-08-28T14:18:34+08:00,酷狗音乐,热歌榜,酷狗TOP500,2026-08-28,473,我漂泊的船能不能靠在你的岸,沙哑大叔,,3:57,CFF8A99F25DCFB42F10F7C4BFCB57EA1,183209266,https://www.kugou.com/yy/rank/home/22-8888.html?from=rank
2026-08-28,2026-08-28T14:18:34+08:00,酷狗音乐,热歌榜,酷狗TOP500,2026-08-28,474,半岛铁盒,周杰伦,,5:19,67BA8A4A0681F2078BC423CB13B904B7,961807,https://www.kugou.com/yy/rank/home/22-8888.html?from=rank
2026-08-28,2026-08-28T14:18:34+08:00,酷狗音乐,热歌榜,酷狗TOP500,2026-08-28,475,See You Again (feat. Charlie Puth),Wiz Khalifa、Charlie Puth,,3:50,5DEDE3F17B555BC99DDA5603D775834B,49555822,https://www.kugou.com/yy/rank/home/22-8888.html?from=rank
2026-08-28,2026-08-28T14:18:34+08:00,酷狗音乐,热歌榜,酷狗TOP500,2026-08-28,476,开始懂了 (Live),陈小春,,4:28,067C916F6D349D2F6CF8D6046B0F5D81,201759728,https://www.kugou.com/yy/rank/home/22-8888.html?from=rank
2026-08-28,2026-08-28T14:18:34+08:00,酷狗音乐,热歌榜,酷狗TOP500,2026-08-28,477,仿佛又在那天醒来,黄星,,4:09,326C6D41A3C1C189286ED502397FC473,204156637,https://www.kugou.com/yy/rank/home/22-8888.html?from=rank
2026-08-28,2026-08-28T14:18:34+08:00,酷狗音乐,热歌榜,酷狗TOP500,2026-08-28,478,我落泪情绪零碎,周杰伦,,4:18,27943EB1CBD46F7BB165B054CE6EBDC8,958812,https://www.kugou.com/yy/rank/home/22-8888.html?from=rank
2026-08-28,2026-08-28T14:18:34+08:00,酷狗音乐,热歌榜,酷狗TOP500,2026-08-28,479,离别开出花 (弹唱版),就是南方凯,,2:52,67911051D7E5B9B3343847D73BF883F5,81781305,https://www.kugou.com/yy/rank/home/22-8888.html?from=rank
2026-08-28,2026-08-28T14:18:34+08:00,酷狗音乐,热歌榜,酷狗TOP500,2026-08-28,480,我恨明月不照我,阿YueYue,,4:12,B1B259EEA7E93DE5F6C759BA6C45777C,172322576,https://www.kugou.com/yy/rank/home/22-8888.html?from=rank
2026-08-28,2026-08-28T14:18:34+08:00,酷狗音乐,热歌榜,酷狗TOP500,2026-08-28,481,路过晴朗,汪苏泷,,4:45,5EDEF1C4FFA3BA4B6E301891752EAD03,204209530,https://www.kugou.com/yy/rank/home/22-8888.html?from=rank
2026-08-28,2026-08-28T14:18:34+08:00,酷狗音乐,热歌榜,酷狗TOP500,2026-08-28,482,其实雨也没多大 (对唱版),万豹、羊羊,,3:46,3DCAD49A6417CF61F031111716AB1572,164325869,https://www.kugou.com/yy/rank/home/22-8888.html?from=rank
2026-08-28,2026-08-28T14:18:34+08:00,酷狗音乐,热歌榜,酷狗TOP500,2026-08-28,483,你不知道的事,王力宏,,4:39,3722EE8644818A260FD8AF3A173D71C3,982128,https://www.kugou.com/yy/rank/home/22-8888.html?from=rank
2026-08-28,2026-08-28T14:18:34+08:00,酷狗音乐,热歌榜,酷狗TOP500,2026-08-28,484,一生中最爱,谭咏麟,,4:19,360AD5530A95B8983E2AB369607A7D1B,960008,https://www.kugou.com/yy/rank/home/22-8888.html?from=rank
2026-08-28,2026-08-28T14:18:34+08:00,酷狗音乐,热歌榜,酷狗TOP500,2026-08-28,485,开不了口,周杰伦,,4:44,32DD461A82439D4B75E87ECC3F047E6A,958706,https://www.kugou.com/yy/rank/home/23-8888.html?from=rank
2026-08-28,2026-08-28T14:18:34+08:00,酷狗音乐,热歌榜,酷狗TOP500,2026-08-28,486,他不懂,张杰,,3:52,BA40D69184A05D7BCD335028C5C613BE,38606351,https://www.kugou.com/yy/rank/home/23-8888.html?from=rank
2026-08-28,2026-08-28T14:18:34+08:00,酷狗音乐,热歌榜,酷狗TOP500,2026-08-28,487,Баллада (民谣),Xcho、Мот,,3:02,0B2EC37A6E065AD181378AAD27391F8F,91468549,https://www.kugou.com/yy/rank/home/23-8888.html?from=rank
2026-08-28,2026-08-28T14:18:34+08:00,酷狗音乐,热歌榜,酷狗TOP500,2026-08-28,488,可惜春风不懂我伤悲,范贵宾,,3:28,51322D0ED8F8CE337E61DA61AD45E698,181550159,https://www.kugou.com/yy/rank/home/23-8888.html?from=rank
2026-08-28,2026-08-28T14:18:34+08:00,酷狗音乐,热歌榜,酷狗TOP500,2026-08-28,489,真的爱你 (女声版),落日微醺,,4:02,4981F60948342AB7960E454D2E1936C6,194241585,https://www.kugou.com/yy/rank/home/23-8888.html?from=rank
2026-08-28,2026-08-28T14:18:34+08:00,酷狗音乐,热歌榜,酷狗TOP500,2026-08-28,490,如果当初没遇见,一凡,,4:45,A8B3B71C37A013576A432876A931018E,201198536,https://www.kugou.com/yy/rank/home/23-8888.html?from=rank
2026-08-28,2026-08-28T14:18:34+08:00,酷狗音乐,热歌榜,酷狗TOP500,2026-08-28,491,乌兰巴托的夜 (空灵女版),几行,,2:26,2C3D97DF03D54820B6537F1BA77D4A9C,179042571,https://www.kugou.com/yy/rank/home/23-8888.html?from=rank
2026-08-28,2026-08-28T14:18:34+08:00,酷狗音乐,热歌榜,酷狗TOP500,2026-08-28,492,雨天,孙燕姿,,4:02,9077648AA3ABA06B76FD7569FB715EAF,4075477,https://www.kugou.com/yy/rank/home/23-8888.html?from=rank
2026-08-28,2026-08-28T14:18:34+08:00,酷狗音乐,热歌榜,酷狗TOP500,2026-08-28,493,单车,陈奕迅,,3:31,3FA554270A2AE0FE64AAACDDDBD8D0B7,504206,https://www.kugou.com/yy/rank/home/23-8888.html?from=rank
2026-08-28,2026-08-28T14:18:34+08:00,酷狗音乐,热歌榜,酷狗TOP500,2026-08-28,494,遗留在岁月的曾经,曲木老表,,3:49,4C1A5D2BD02B857C72364B1416124256,167884062,https://www.kugou.com/yy/rank/home/23-8888.html?from=rank
2026-08-28,2026-08-28T14:18:34+08:00,酷狗音乐,热歌榜,酷狗TOP500,2026-08-28,495,月亮照山川,窝窝,,3:18,B96C803232E044E3D6308EAE37ADDE1D,142338715,https://www.kugou.com/yy/rank/home/23-8888.html?from=rank
2026-08-28,2026-08-28T14:18:34+08:00,酷狗音乐,热歌榜,酷狗TOP500,2026-08-28,496,姑娘别哭泣,柯柯柯啊,,3:56,1B537C99761F8F25AEFFF30B6DCE08D5,77472711,https://www.kugou.com/yy/rank/home/23-8888.html?from=rank
2026-08-28,2026-08-28T14:18:34+08:00,酷狗音乐,热歌榜,酷狗TOP500,2026-08-28,497,我的歌声里,曲婉婷,,3:37,227D8E7B7B6EAF7509BB345A7B718EB2,516422,https://www.kugou.com/yy/rank/home/23-8888.html?from=rank
2026-08-28,2026-08-28T14:18:34+08:00,酷狗音乐,热歌榜,酷狗TOP500,2026-08-28,498,大城小爱,王力宏,,3:45,3EAF74E9E5065C03B050F356F0567311,2820176,https://www.kugou.com/yy/rank/home/23-8888.html?from=rank
2026-08-28,2026-08-28T14:18:34+08:00,酷狗音乐,热歌榜,酷狗TOP500,2026-08-28,499,做我老婆好不好,徐誉滕,,4:28,C9C261C150391D9EB94FC4C20F8350D3,967140,https://www.kugou.com/yy/rank/home/23-8888.html?from=rank
2026-08-28,2026-08-28T14:18:34+08:00,酷狗音乐,热歌榜,酷狗TOP500,2026-08-28,500,读心术,卓文萱,,4:20,3F98A771F8F33556966A9990F66D95C4,965920,https://www.kugou.com/yy/rank/home/23-8888.html?from=rank
2026-08-28,2026-08-28T14:18:34+08:00,酷狗音乐,飙升榜,酷狗飙升榜,2026-08-28,1,梦的翅膀受了伤,大圆哥,,4:35,F2A2EBE34172E1CBFDD551DBFB361CA4,204867653,https://www.kugou.com/yy/rank/home/1-6666.html?from=rank
2026-08-28,2026-08-28T14:18:34+08:00,酷狗音乐,飙升榜,酷狗飙升榜,2026-08-28,2,相伴,郑大钱,,4:45,0438B01E63B312B4730F4FDDAA7DD2C1,186925310,https://www.kugou.com/yy/rank/home/1-6666.html?from=rank
2026-08-28,2026-08-28T14:18:34+08:00,酷狗音乐,飙升榜,酷狗飙升榜,2026-08-28,3,你不该仗着我爱你,任夏,,3:45,578A81D9B57CD264B0FD0B4BE649071D,205133629,https://www.kugou.com/yy/rank/home/1-6666.html?from=rank
2026-08-28,2026-08-28T14:18:34+08:00,酷狗音乐,飙升榜,酷狗飙升榜,2026-08-28,4,如果回到那从前 (遗憾),刘纯,,3:18,0B2478BA6332B6F0E791CC7A2DA9ECBA,203722456,https://www.kugou.com/yy/rank/home/1-6666.html?from=rank
2026-08-28,2026-08-28T14:18:34+08:00,酷狗音乐,飙升榜,酷狗飙升榜,2026-08-28,5,把父亲的重担压在我的肩,郑大钱,,3:37,7F8A30387896533C2BED23E9E0ECC229,159532339,https://www.kugou.com/yy/rank/home/1-6666.html?from=rank
2026-08-28,2026-08-28T14:18:34+08:00,酷狗音乐,飙升榜,酷狗飙升榜,2026-08-28,6,敬岁月一杯酒 (深情对唱版),万海东、王清楠,,3:32,B5389AEED378F609BF86010FB7756F40,205100259,https://www.kugou.com/yy/rank/home/1-6666.html?from=rank
2026-08-28,2026-08-28T14:18:34+08:00,酷狗音乐,飙升榜,酷狗飙升榜,2026-08-28,7,山风山风等等我 (男女对唱版),万海东、魏佳艺,,3:28,46189428E8A71FEE2704F6A42A2ABCC4,205106970,https://www.kugou.com/yy/rank/home/1-6666.html?from=rank
2026-08-28,2026-08-28T14:18:34+08:00,酷狗音乐,飙升榜,酷狗飙升榜,2026-08-28,8,回到小村落 (女声版),吕口口,,3:45,78559FD59F34EEFCAF7A9593ACEFE54D,204464046,https://www.kugou.com/yy/rank/home/1-6666.html?from=rank
2026-08-28,2026-08-28T14:18:34+08:00,酷狗音乐,飙升榜,酷狗飙升榜,2026-08-28,9,时光巷口,赵鑫,,3:51,E9C07D1EFAABF41BF414AF828BEA272C,205109278,https://www.kugou.com/yy/rank/home/1-6666.html?from=rank
2026-08-28,2026-08-28T14:18:34+08:00,酷狗音乐,飙升榜,酷狗飙升榜,2026-08-28,10,水滴的旅行,李一一,,3:49,E6C29AB606525AFF51D7A6916BCC3CDB,204354551,https://www.kugou.com/yy/rank/home/1-6666.html?from=rank
2026-08-28,2026-08-28T14:18:34+08:00,酷狗音乐,飙升榜,酷狗飙升榜,2026-08-28,11,爱上很简单 要爱下去才难 (戏腔),DJ小农民,,2:42,9D985C8D42B800A736557E8645F3575A,204191360,https://www.kugou.com/yy/rank/home/1-6666.html?from=rank
2026-08-28,2026-08-28T14:18:34+08:00,酷狗音乐,飙升榜,酷狗飙升榜,2026-08-28,12,鸳鸯痣,周林枫,,4:07,0851FEABAC838207965F7AD43282A11F,205109814,https://www.kugou.com/yy/rank/home/1-6666.html?from=rank
2026-08-28,2026-08-28T14:18:34+08:00,酷狗音乐,飙升榜,酷狗飙升榜,2026-08-28,13,动了情的人如此难忘 (我还在傻傻盼你回头望),艺凌,,3:18,674D6394055BB086CF8AC6E2285F4BF1,205070465,https://www.kugou.com/yy/rank/home/1-6666.html?from=rank
2026-08-28,2026-08-28T14:18:34+08:00,酷狗音乐,飙升榜,酷狗飙升榜,2026-08-28,14,怪我们缘分太浅 (cortis拼尽全力),DJ铁柱,,3:57,AD3ECF0305CAF8188E76880269C4616F,205098217,https://www.kugou.com/yy/rank/home/1-6666.html?from=rank
2026-08-28,2026-08-28T14:18:34+08:00,酷狗音乐,飙升榜,酷狗飙升榜,2026-08-28,15,注定有缘无份,落日微醺小醺,,3:34,8FF04714303C51CF1C099BD213E28625,204166608,https://www.kugou.com/yy/rank/home/1-6666.html?from=rank
2026-08-28,2026-08-28T14:18:34+08:00,酷狗音乐,飙升榜,酷狗飙升榜,2026-08-28,16,爱到深处覆水难收,烟嗓船长,,4:14,A117AFB35222ABAB3F76186C9D756981,205125975,https://www.kugou.com/yy/rank/home/1-6666.html?from=rank
2026-08-28,2026-08-28T14:18:34+08:00,酷狗音乐,飙升榜,酷狗飙升榜,2026-08-28,17,樱花草 (恋人手中樱花草),唐筱优,,4:43,181F6590090F41F339B4E45D0569B9BF,204122231,https://www.kugou.com/yy/rank/home/1-6666.html?from=rank
2026-08-28,2026-08-28T14:18:34+08:00,酷狗音乐,飙升榜,酷狗飙升榜,2026-08-28,18,Brightest Light,Krisu,,4:52,A5A49DD5E123D1EA91DE06FF34DDAE6E,163259737,https://www.kugou.com/yy/rank/home/1-6666.html?from=rank
2026-08-28,2026-08-28T14:18:34+08:00,酷狗音乐,飙升榜,酷狗飙升榜,2026-08-28,19,Silver Rain Serenade (银雨小夜曲),Klinn,,2:26,88FABAD9FD78A80A6BEE65C1517CAF7E,204151399,https://www.kugou.com/yy/rank/home/1-6666.html?from=rank
2026-08-28,2026-08-28T14:18:34+08:00,酷狗音乐,飙升榜,酷狗飙升榜,2026-08-28,20,Move It Again,西米,,2:58,FBD0B26390F605D74527CCE96F7864C5,198837922,https://www.kugou.com/yy/rank/home/1-6666.html?from=rank
2026-08-28,2026-08-28T14:18:34+08:00,酷狗音乐,飙升榜,酷狗飙升榜,2026-08-28,21,这一刻,段奥娟,,3:49,2D1F1CFEDC0E4D48B28A56EF79F54B44,204946848,https://www.kugou.com/yy/rank/home/1-6666.html?from=rank
2026-08-28,2026-08-28T14:18:34+08:00,酷狗音乐,飙升榜,酷狗飙升榜,2026-08-28,22,回到小村落 (谁也别来掌管我的生活),方辰,,3:49,FE24AE32A5D895F9B419675863D8B424,204153626,https://www.kugou.com/yy/rank/home/1-6666.html?from=rank
2026-08-28,2026-08-28T14:18:34+08:00,酷狗音乐,飙升榜,酷狗飙升榜,2026-08-28,23,忘川彼岸,白允y,,2:55,A177A4032EC4CC4A0808102C349222E2,205126179,https://www.kugou.com/yy/rank/home/2-6666.html?from=rank
2026-08-28,2026-08-28T14:18:34+08:00,酷狗音乐,飙升榜,酷狗飙升榜,2026-08-28,24,今生戴花世世漂亮 (闽南语),DJ铁柱、夏晚棠,,3:00,CFCB6AEED6F43C05C9F3041D7B6B01A6,204329437,https://www.kugou.com/yy/rank/home/2-6666.html?from=rank
2026-08-28,2026-08-28T14:18:34+08:00,酷狗音乐,飙升榜,酷狗飙升榜,2026-08-28,25,吹吹山风 看看云朵,苍狼,,3:29,92F829B38983C94974C8439D4F8CD365,205126878,https://www.kugou.com/yy/rank/home/2-6666.html?from=rank
2026-08-28,2026-08-28T14:18:34+08:00,酷狗音乐,飙升榜,酷狗飙升榜,2026-08-28,26,西厢寻他 (公子版),刘宇,,3:58,92DE7F002F74F6BAC377A2BD33530C69,199806892,https://www.kugou.com/yy/rank/home/2-6666.html?from=rank
2026-08-28,2026-08-28T14:18:34+08:00,酷狗音乐,飙升榜,酷狗飙升榜,2026-08-28,27,岁月如风 2026,蓝波,,3:46,EB94DB987241FC65470030FC2C5D0B99,195139627,https://www.kugou.com/yy/rank/home/2-6666.html?from=rank
2026-08-28,2026-08-28T14:18:34+08:00,酷狗音乐,飙升榜,酷狗飙升榜,2026-08-28,28,你是我触碰不到的风 (酒后释怀live对唱版),艾利（Ellie）、7paste,,3:52,63F146A4A7132C267C78F4832CD62C10,202093916,https://www.kugou.com/yy/rank/home/2-6666.html?from=rank
2026-08-28,2026-08-28T14:18:34+08:00,酷狗音乐,飙升榜,酷狗飙升榜,2026-08-28,29,这场雨下完就忘了你,苏冰心,,3:12,FFD83B163472B081686BB9086B110A78,202341980,https://www.kugou.com/yy/rank/home/2-6666.html?from=rank
2026-08-28,2026-08-28T14:18:34+08:00,酷狗音乐,飙升榜,酷狗飙升榜,2026-08-28,30,不是我不小心,半吨兄弟,,3:54,9C1BE0A2331A21EF95CB0EB99D1C4419,204698377,https://www.kugou.com/yy/rank/home/2-6666.html?from=rank
2026-08-28,2026-08-28T14:18:34+08:00,酷狗音乐,飙升榜,酷狗飙升榜,2026-08-28,31,为何秋风不懂我伤悲,洋澜一,,4:02,2547349618D8C012761BFFE5B8CC0D9D,205109878,https://www.kugou.com/yy/rank/home/2-6666.html?from=rank
2026-08-28,2026-08-28T14:18:34+08:00,酷狗音乐,飙升榜,酷狗飙升榜,2026-08-28,32,莫忙,乡野低频,,3:00,CF77A3DEE3D707DD355FC0CA3F78FBE5,203395383,https://www.kugou.com/yy/rank/home/2-6666.html?from=rank
2026-08-28,2026-08-28T14:18:34+08:00,酷狗音乐,飙升榜,酷狗飙升榜,2026-08-28,33,我饮孤独和烈酒,佳艺,,2:30,BD7200373F8AF267FB5670C019DF1508,205096133,https://www.kugou.com/yy/rank/home/2-6666.html?from=rank
2026-08-28,2026-08-28T14:18:34+08:00,酷狗音乐,飙升榜,酷狗飙升榜,2026-08-28,34,纷纷秋雨冷冷入心,许茉莉,,2:53,850EA39CBAC89BA2EB22B4965A8496D5,204191612,https://www.kugou.com/yy/rank/home/2-6666.html?from=rank
2026-08-28,2026-08-28T14:18:34+08:00,酷狗音乐,飙升榜,酷狗飙升榜,2026-08-28,35,你来了一阵子,魏佳艺,,4:29,C11191B64283176E7BAD8679CF152314,205181672,https://www.kugou.com/yy/rank/home/2-6666.html?from=rank
2026-08-28,2026-08-28T14:18:34+08:00,酷狗音乐,飙升榜,酷狗飙升榜,2026-08-28,36,时光你能不能等等我,王超然,,3:15,8B88AFB79754FFA90F864A5BDE6548D9,205193909,https://www.kugou.com/yy/rank/home/2-6666.html?from=rank
2026-08-28,2026-08-28T14:18:34+08:00,酷狗音乐,飙升榜,酷狗飙升榜,2026-08-28,37,我尝尽了他人未尝的苦 (看淡),烟嗓船长,,3:30,21ABC0F869072EF745D3FFAF9068681A,201864788,https://www.kugou.com/yy/rank/home/2-6666.html?from=rank
2026-08-28,2026-08-28T14:18:34+08:00,酷狗音乐,飙升榜,酷狗飙升榜,2026-08-28,38,无止境,江皓南,,4:06,11A76323B9E4A7D194CAE2289740C0B3,205075136,https://www.kugou.com/yy/rank/home/2-6666.html?from=rank
2026-08-28,2026-08-28T14:18:34+08:00,酷狗音乐,飙升榜,酷狗飙升榜,2026-08-28,39,天亮以前说再见,Electronic Ponos、Electronic Mortal,,2:07,1958015375BE5E1310753A2FEC90C54E,203511448,https://www.kugou.com/yy/rank/home/2-6666.html?from=rank
2026-08-28,2026-08-28T14:18:34+08:00,酷狗音乐,飙升榜,酷狗飙升榜,2026-08-28,40,爱上你不是我决定,萧敬腾、A-Lin,,4:02,9ED2A86AB99EAACD3CB773D13F19CF1B,199641946,https://www.kugou.com/yy/rank/home/2-6666.html?from=rank
2026-08-28,2026-08-28T14:18:34+08:00,酷狗音乐,飙升榜,酷狗飙升榜,2026-08-28,41,我曾心比天高 (氛围版),卡司,,2:40,40F2386162729EF762FBBEF8D3090FA6,201940079,https://www.kugou.com/yy/rank/home/2-6666.html?from=rank
2026-08-28,2026-08-28T14:18:34+08:00,酷狗音乐,飙升榜,酷狗飙升榜,2026-08-28,42,化风行万里 (合唱版),匠音夫妇、洋澜一、王梓熙,,4:08,107B839C23FD72D23537D7C5A80909BC,204948130,https://www.kugou.com/yy/rank/home/2-6666.html?from=rank
2026-08-28,2026-08-28T14:18:34+08:00,酷狗音乐,飙升榜,酷狗飙升榜,2026-08-28,43,有缘无份,文夫,,3:51,2A7A9C05C8FE7D4F0ED9C96DD0C8E6E8,203339476,https://www.kugou.com/yy/rank/home/2-6666.html?from=rank
2026-08-28,2026-08-28T14:18:34+08:00,酷狗音乐,飙升榜,酷狗飙升榜,2026-08-28,44,山那边的小阿妹,苍狼,,4:09,224ED203820D3928F29DAAB703B00C20,205126908,https://www.kugou.com/yy/rank/home/2-6666.html?from=rank
2026-08-28,2026-08-28T14:18:34+08:00,酷狗音乐,飙升榜,酷狗飙升榜,2026-08-28,45,耳朵,JOSHUA,,4:02,1A830B1A870EC69337CEC9F708B8F4C2,200392214,https://www.kugou.com/yy/rank/home/3-6666.html?from=rank
2026-08-28,2026-08-28T14:18:34+08:00,酷狗音乐,飙升榜,酷狗飙升榜,2026-08-28,46,儿时不知柴米贵 (80后真的老了),老韩很哇塞,,3:01,31626AB45EB52F05C53D08610433CF1A,205075662,https://www.kugou.com/yy/rank/home/3-6666.html?from=rank
2026-08-28,2026-08-28T14:18:34+08:00,酷狗音乐,飙升榜,酷狗飙升榜,2026-08-28,47,魂牵梦绕,叶子舒,,4:03,1996AE0E284ED1A83FDD252122DCFA2B,171064947,https://www.kugou.com/yy/rank/home/3-6666.html?from=rank
2026-08-28,2026-08-28T14:18:34+08:00,酷狗音乐,飙升榜,酷狗飙升榜,2026-08-28,48,Doze Pure (氛围感),DJ阿酷,,2:03,06332AA811F034A0CD83CB627BBA5DFB,202982291,https://www.kugou.com/yy/rank/home/3-6666.html?from=rank
2026-08-28,2026-08-28T14:18:34+08:00,酷狗音乐,飙升榜,酷狗飙升榜,2026-08-28,49,人生无憾 (对唱版),韩小欠、丁小婉,,3:40,C328301CE348BE8FBF9A487E307E7ADD,199690100,https://www.kugou.com/yy/rank/home/3-6666.html?from=rank
2026-08-28,2026-08-28T14:18:34+08:00,酷狗音乐,飙升榜,酷狗飙升榜,2026-08-28,50,李圣俊进行曲4.0,忧郁的英国人,,2:16,89057D514D9939E357860A485765D896,204299005,https://www.kugou.com/yy/rank/home/3-6666.html?from=rank
2026-08-28,2026-08-28T14:18:34+08:00,酷狗音乐,飙升榜,酷狗飙升榜,2026-08-28,51,半生落定 (律动版),韩小欠,,3:00,1F7921492B14693567C1F1718018D440,205092406,https://www.kugou.com/yy/rank/home/3-6666.html?from=rank
2026-08-28,2026-08-28T14:18:34+08:00,酷狗音乐,飙升榜,酷狗飙升榜,2026-08-28,52,逞强,丁禹兮,,2:54,98DF3BF5F29EC566F9E9A2BED5395A2D,199810541,https://www.kugou.com/yy/rank/home/3-6666.html?from=rank
2026-08-28,2026-08-28T14:18:34+08:00,酷狗音乐,飙升榜,酷狗飙升榜,2026-08-28,53,停在那边,王艳薇,,3:24,BC46A2FADD80A99E051DB424131B89C5,199818564,https://www.kugou.com/yy/rank/home/3-6666.html?from=rank
2026-08-28,2026-08-28T14:18:34+08:00,酷狗音乐,飙升榜,酷狗飙升榜,2026-08-28,54,致亲爱的自己,梓渝,,4:33,A807BCE8AD952AA027C09D588A6A7AD3,202160233,https://www.kugou.com/yy/rank/home/3-6666.html?from=rank
2026-08-28,2026-08-28T14:18:34+08:00,酷狗音乐,飙升榜,酷狗飙升榜,2026-08-28,55,真的爱着你 (国语版),慕滨阳,,3:34,88ACC12355DAFABAB1D26C9722D8708D,94960289,https://www.kugou.com/yy/rank/home/3-6666.html?from=rank
2026-08-28,2026-08-28T14:18:34+08:00,酷狗音乐,飙升榜,酷狗飙升榜,2026-08-28,56,呼啦啦的秋风 (飘落落的叶),蓝心雨,,2:46,84E47CC97B08623C369861F395704AD5,203869914,https://www.kugou.com/yy/rank/home/3-6666.html?from=rank
2026-08-28,2026-08-28T14:18:34+08:00,酷狗音乐,飙升榜,酷狗飙升榜,2026-08-28,57,何必说的那么美,黑豆ado,,3:14,439B6B23FC6F5B561290578F010E77D3,205082854,https://www.kugou.com/yy/rank/home/3-6666.html?from=rank
2026-08-28,2026-08-28T14:18:34+08:00,酷狗音乐,飙升榜,酷狗飙升榜,2026-08-28,58,敬岁月酒一壶 (相处很累的话放弃就好了),草原兄弟,,3:03,5D763F9CDE14994697CF9A29A4FBF83C,200633278,https://www.kugou.com/yy/rank/home/3-6666.html?from=rank
2026-08-28,2026-08-28T14:18:34+08:00,酷狗音乐,飙升榜,酷狗飙升榜,2026-08-28,59,是你让我成为我,丁禹兮,,3:29,E80BB08F1B2214D0C2C2932B9A76134C,199814760,https://www.kugou.com/yy/rank/home/3-6666.html?from=rank
2026-08-28,2026-08-28T14:18:34+08:00,酷狗音乐,飙升榜,酷狗飙升榜,2026-08-28,60,听夜雨 (特别版),礼越、黄铄乔,,2:16,D1B84A38B5D1B9D63EB150CC42D9C02D,205110229,https://www.kugou.com/yy/rank/home/3-6666.html?from=rank
2026-08-28,2026-08-28T14:18:34+08:00,酷狗音乐,飙升榜,酷狗飙升榜,2026-08-28,61,别让今生成别离 (现场版),音萌萌,,4:59,FA05FF2B5C0BD8597BC2DCFC28B29145,205087114,https://www.kugou.com/yy/rank/home/3-6666.html?from=rank
2026-08-28,2026-08-28T14:18:34+08:00,酷狗音乐,飙升榜,酷狗飙升榜,2026-08-28,62,服不,王斩,,2:27,ED39980987F361FE96AFAC6C4FBF3A26,203660457,https://www.kugou.com/yy/rank/home/3-6666.html?from=rank
2026-08-28,2026-08-28T14:18:34+08:00,酷狗音乐,飙升榜,酷狗飙升榜,2026-08-28,63,凤凰游说踏飞鹏 (风展翅我蛟龙腾),自渡野,,2:18,0A7B57C0EA54244D9A4B86B077FA1A88,204487273,https://www.kugou.com/yy/rank/home/3-6666.html?from=rank
2026-08-28,2026-08-28T14:18:34+08:00,酷狗音乐,飙升榜,酷狗飙升榜,2026-08-28,64,两个世界,王一佳,,4:09,E9C8BE20FB4C25AEA3EA20C614A978DA,205125911,https://www.kugou.com/yy/rank/home/3-6666.html?from=rank
2026-08-28,2026-08-28T14:18:34+08:00,酷狗音乐,飙升榜,酷狗飙升榜,2026-08-28,65,情已废,神勇尼尼,,3:19,411EC0DE80DFB2257E262425DACA9737,205126052,https://www.kugou.com/yy/rank/home/3-6666.html?from=rank
2026-08-28,2026-08-28T14:18:34+08:00,酷狗音乐,飙升榜,酷狗飙升榜,2026-08-28,66,秋风不懂我伤悲,田妤,,3:45,26ED7150387BB004C309CA39974D80C1,204461588,https://www.kugou.com/yy/rank/home/3-6666.html?from=rank
2026-08-28,2026-08-28T14:18:34+08:00,酷狗音乐,飙升榜,酷狗飙升榜,2026-08-28,67,Poker Face -硬曲节奏,Ameriie、еяхат музыка、New Point,,3:17,3FDBEB51D3AA216F28CEB779BE132151,205101715,https://www.kugou.com/yy/rank/home/4-6666.html?from=rank
2026-08-28,2026-08-28T14:18:34+08:00,酷狗音乐,飙升榜,酷狗飙升榜,2026-08-28,68,Silent Call (无声的呼唤),GFY1994,,2:31,4CAAD86F2C3713E899C65E581591CDAA,205080685,https://www.kugou.com/yy/rank/home/4-6666.html?from=rank
2026-08-28,2026-08-28T14:18:34+08:00,酷狗音乐,飙升榜,酷狗飙升榜,2026-08-28,69,茶花开了，该回家了,王睿卓、加木,,3:10,99F0F17B7C6F110346411E7AD552156D,133732298,https://www.kugou.com/yy/rank/home/4-6666.html?from=rank
2026-08-28,2026-08-28T14:18:34+08:00,酷狗音乐,飙升榜,酷狗飙升榜,2026-08-28,70,Aether Covenant (渐入佳境),DJ L,,2:19,4C83229813ED71630C6AC3F95F00C66D,204442581,https://www.kugou.com/yy/rank/home/4-6666.html?from=rank
2026-08-28,2026-08-28T14:18:34+08:00,酷狗音乐,飙升榜,酷狗飙升榜,2026-08-28,71,独醉到天亮 (对唱版),曲木老表、丁小婉,,3:38,ACDE95A16518646B1324FAEF4E2B0458,199818014,https://www.kugou.com/yy/rank/home/4-6666.html?from=rank
2026-08-28,2026-08-28T14:18:34+08:00,酷狗音乐,飙升榜,酷狗飙升榜,2026-08-28,72,山还是那座山,落日微醺小醺,,2:57,690DC6D3FA00A7BDBC5D20522249B541,205088986,https://www.kugou.com/yy/rank/home/4-6666.html?from=rank
2026-08-28,2026-08-28T14:18:34+08:00,酷狗音乐,飙升榜,酷狗飙升榜,2026-08-28,73,1234NEVER,NIKS,,2:11,9D93C4F92F6F22EAE950FB59CC1A7261,199678291,https://www.kugou.com/yy/rank/home/4-6666.html?from=rank
2026-08-28,2026-08-28T14:18:34+08:00,酷狗音乐,飙升榜,酷狗飙升榜,2026-08-28,74,连傻子都知道,老板,,3:42,CD4E9E84909AF7D77EEAD91CE8DDE89D,202490393,https://www.kugou.com/yy/rank/home/4-6666.html?from=rank
2026-08-28,2026-08-28T14:18:34+08:00,酷狗音乐,飙升榜,酷狗飙升榜,2026-08-28,75,宿命的人,灿哥,,4:09,D50735480267AF652535A3056F084965,192577839,https://www.kugou.com/yy/rank/home/4-6666.html?from=rank
2026-08-28,2026-08-28T14:18:34+08:00,酷狗音乐,飙升榜,酷狗飙升榜,2026-08-28,76,怎叹,夏子航（2603）,,3:42,EB6CEBEA93C856B08D0B9D1B2EECD378,205076356,https://www.kugou.com/yy/rank/home/4-6666.html?from=rank
2026-08-28,2026-08-28T14:18:34+08:00,酷狗音乐,飙升榜,酷狗飙升榜,2026-08-28,77,忧郁 (李圣俊进行曲),PASSER-A,,2:03,9136FF744142F75F2B5DF8103D034BDA,204459736,https://www.kugou.com/yy/rank/home/4-6666.html?from=rank
2026-08-28,2026-08-28T14:18:34+08:00,酷狗音乐,飙升榜,酷狗飙升榜,2026-08-28,78,一介俗人,拾小柒、彼岸屿声,,3:09,94A1CA3FE13973E4F45FE91DBBD0ACC6,50360245,https://www.kugou.com/yy/rank/home/4-6666.html?from=rank
2026-08-28,2026-08-28T14:18:34+08:00,酷狗音乐,飙升榜,酷狗飙升榜,2026-08-28,79,今生无缘来生见 (对唱版),花心姐、刘书云,,3:38,37251FEFC7331D331C8FBE42DAF7F3AC,204825165,https://www.kugou.com/yy/rank/home/4-6666.html?from=rank
2026-08-28,2026-08-28T14:18:34+08:00,酷狗音乐,飙升榜,酷狗飙升榜,2026-08-28,80,新的关系,李毅恩Lye,,3:36,45AB1DA74F3261FCF9B1FD0606C7A2D9,203404785,https://www.kugou.com/yy/rank/home/4-6666.html?from=rank
2026-08-28,2026-08-28T14:18:34+08:00,酷狗音乐,飙升榜,酷狗飙升榜,2026-08-28,81,化风行万里 (合唱版),匠音夫妇、洋澜一,,4:08,89C4FC855BBD4B4572BEBE60EE31134A,204952675,https://www.kugou.com/yy/rank/home/4-6666.html?from=rank
2026-08-28,2026-08-28T14:18:34+08:00,酷狗音乐,飙升榜,酷狗飙升榜,2026-08-28,82,玫瑰过了花期 (粤语版),励志豪、神勇尼尼,,2:14,FD8BB7C16B9A13BDE93686DD195FB36C,205147271,https://www.kugou.com/yy/rank/home/4-6666.html?from=rank
2026-08-28,2026-08-28T14:18:34+08:00,酷狗音乐,飙升榜,酷狗飙升榜,2026-08-28,83,闯,梓渝,,3:16,1F6F2691ED2E040907C502E6D41BA5A0,202160233,https://www.kugou.com/yy/rank/home/4-6666.html?from=rank
2026-08-28,2026-08-28T14:18:34+08:00,酷狗音乐,飙升榜,酷狗飙升榜,2026-08-28,84,山风啊,落日微醺电台,,3:24,88C0ED8ED5983723C6EE57F8C6B641F8,203528987,https://www.kugou.com/yy/rank/home/4-6666.html?from=rank
2026-08-28,2026-08-28T14:18:34+08:00,酷狗音乐,飙升榜,酷狗飙升榜,2026-08-28,85,晚风微醺 (落日啊落日),落日微醺小醺,,3:59,5BE7E09EBBACCF0CD0EF5A1A6B71EA9A,205079742,https://www.kugou.com/yy/rank/home/4-6666.html?from=rank
2026-08-28,2026-08-28T14:18:34+08:00,酷狗音乐,飙升榜,酷狗飙升榜,2026-08-28,86,沉默了好久 (才学会低头),文夫,,4:04,19518C1D44EA3AFB95FFEF909811A96D,178393376,https://www.kugou.com/yy/rank/home/4-6666.html?from=rank
2026-08-28,2026-08-28T14:18:34+08:00,酷狗音乐,飙升榜,酷狗飙升榜,2026-08-28,87,相思 (烟嗓微醺版),耳麦布响、阿也,,3:20,52C4409AB870D615578A690A8B75826F,201320752,https://www.kugou.com/yy/rank/home/4-6666.html?from=rank
2026-08-28,2026-08-28T14:18:34+08:00,酷狗音乐,飙升榜,酷狗飙升榜,2026-08-28,88,清算,颜若清,,4:43,D9C947D9EEDDE56D334FD2895E08323A,205127126,https://www.kugou.com/yy/rank/home/4-6666.html?from=rank
2026-08-28,2026-08-28T14:18:34+08:00,酷狗音乐,飙升榜,酷狗飙升榜,2026-08-28,89,我知道我说着的太多 (弹唱氛围版),小小徐,,2:08,D3731A4A0B24FA294390B0ED5A30C824,201443647,https://www.kugou.com/yy/rank/home/5-6666.html?from=rank
2026-08-28,2026-08-28T14:18:34+08:00,酷狗音乐,飙升榜,酷狗飙升榜,2026-08-28,90,风筝飞了,袁小葳,,3:02,282F9C315AC8BF9A0A5323009B56643C,205086394,https://www.kugou.com/yy/rank/home/5-6666.html?from=rank
2026-08-28,2026-08-28T14:18:34+08:00,酷狗音乐,飙升榜,酷狗飙升榜,2026-08-28,91,海屿你 (这回忆的漩涡),303Vib、DJ铁柱,,3:31,D0C8D7EC0473F93873E3D3C5B31A8D8F,204796377,https://www.kugou.com/yy/rank/home/5-6666.html?from=rank
2026-08-28,2026-08-28T14:18:34+08:00,酷狗音乐,飙升榜,酷狗飙升榜,2026-08-28,92,心安理得,王天戈,,4:29,3A9A6651713C1F5BAA4D42740711476F,2125823,https://www.kugou.com/yy/rank/home/5-6666.html?from=rank
2026-08-28,2026-08-28T14:18:34+08:00,酷狗音乐,飙升榜,酷狗飙升榜,2026-08-28,93,开败的花 浪也拍打着沙 (氛围节奏版),拖鞋pd,,2:32,F9E894A1416B870EAA0EDB591C34B6D3,194931031,https://www.kugou.com/yy/rank/home/5-6666.html?from=rank
2026-08-28,2026-08-28T14:18:34+08:00,酷狗音乐,飙升榜,酷狗飙升榜,2026-08-28,94,My Jealousy (粤语版),于梓贝,,2:56,4637EFA410F4F6650B427A41D0ECFBF5,204375850,https://www.kugou.com/yy/rank/home/5-6666.html?from=rank
2026-08-28,2026-08-28T14:18:34+08:00,酷狗音乐,飙升榜,酷狗飙升榜,2026-08-28,95,不要连分手都骗我 (深情对唱版),大潞、白领大叔,,4:25,795D358E06E4151C992449128A3016A6,200499184,https://www.kugou.com/yy/rank/home/5-6666.html?from=rank
2026-08-28,2026-08-28T14:18:34+08:00,酷狗音乐,飙升榜,酷狗飙升榜,2026-08-28,96,冷空气,庄淇玟29,,3:00,3E2EB7CEDE5091502ABC7254A6BD156E,205200019,https://www.kugou.com/yy/rank/home/5-6666.html?from=rank
2026-08-28,2026-08-28T14:18:34+08:00,酷狗音乐,飙升榜,酷狗飙升榜,2026-08-28,97,删不掉的照片,陈天润,,3:20,B5D1D9C9464EBC8CA043CFC35D2B8235,204971875,https://www.kugou.com/yy/rank/home/5-6666.html?from=rank
2026-08-28,2026-08-28T14:18:34+08:00,酷狗音乐,飙升榜,酷狗飙升榜,2026-08-28,98,男朋友,刘轩丞,,3:19,196259C702111D53164ECD586821C942,199852451,https://www.kugou.com/yy/rank/home/5-6666.html?from=rank
2026-08-28,2026-08-28T14:18:34+08:00,酷狗音乐,飙升榜,酷狗飙升榜,2026-08-28,99,爱你是写在雪中的诗,张远,,3:26,A3B1680BA8629F98C03F606022A363A6,198922300,https://www.kugou.com/yy/rank/home/5-6666.html?from=rank
2026-08-28,2026-08-28T14:18:34+08:00,酷狗音乐,飙升榜,酷狗飙升榜,2026-08-28,100,从此你我不再相见 (来不及爱你),DJ铁柱,,3:36,862D8D21225F98C3472A1EF79D54115B,205182992,https://www.kugou.com/yy/rank/home/5-6666.html?from=rank
2026-08-28,2026-08-28T14:18:34+08:00,微博,热搜榜,微博热搜榜,,1,教体局回应将低分班级教师称为耻辱,民生新闻,热度 1524849,,教体局回应将低分班级教师称为耻辱,,https://s.weibo.com/weibo?q=%23%E6%95%99%E4%BD%93%E5%B1%80%E5%9B%9E%E5%BA%94%E5%B0%86%E4%BD%8E%E5%88%86%E7%8F%AD%E7%BA%A7%E6%95%99%E5%B8%88%E7%A7%B0%E4%B8%BA%E8%80%BB%E8%BE%B1%23
2026-08-28,2026-08-28T14:18:34+08:00,微博,热搜榜,微博热搜榜,,2,四川地震,民生新闻,热度 908559；新,,四川地震,,https://s.weibo.com/weibo?q=%23%E5%9B%9B%E5%B7%9D%E5%9C%B0%E9%9C%87%23
2026-08-28,2026-08-28T14:18:34+08:00,微博,热搜榜,微博热搜榜,,3,消防救援力量向受灾核心区挺进,民生新闻,热度 732440,,消防救援力量向受灾核心区挺进,,https://s.weibo.com/weibo?q=%23%E6%B6%88%E9%98%B2%E6%95%91%E6%8F%B4%E5%8A%9B%E9%87%8F%E5%90%91%E5%8F%97%E7%81%BE%E6%A0%B8%E5%BF%83%E5%8C%BA%E6%8C%BA%E8%BF%9B%23
2026-08-28,2026-08-28T14:18:34+08:00,微博,热搜榜,微博热搜榜,,4,低分班级教师上台与耻辱二字合影,教育,热度 722707；新,,低分班级教师上台与耻辱二字合影,,https://s.weibo.com/weibo?q=%23%E4%BD%8E%E5%88%86%E7%8F%AD%E7%BA%A7%E6%95%99%E5%B8%88%E4%B8%8A%E5%8F%B0%E4%B8%8E%E8%80%BB%E8%BE%B1%E4%BA%8C%E5%AD%97%E5%90%88%E5%BD%B1%23
2026-08-28,2026-08-28T14:18:34+08:00,微博,热搜榜,微博热搜榜,,5,这才是外貌红利,幽默,热度 707718,,这才是外貌红利,,https://s.weibo.com/weibo?q=%23%E8%BF%99%E6%89%8D%E6%98%AF%E5%A4%96%E8%B2%8C%E7%BA%A2%E5%88%A9%23
2026-08-28,2026-08-28T14:18:34+08:00,微博,热搜榜,微博热搜榜,,6,多部门回应低分班教师耻辱合影,民生新闻,热度 610730,,多部门回应低分班教师耻辱合影,,https://s.weibo.com/weibo?q=%23%E5%A4%9A%E9%83%A8%E9%97%A8%E5%9B%9E%E5%BA%94%E4%BD%8E%E5%88%86%E7%8F%AD%E6%95%99%E5%B8%88%E8%80%BB%E8%BE%B1%E5%90%88%E5%BD%B1%23
2026-08-28,2026-08-28T14:18:34+08:00,微博,热搜榜,微博热搜榜,,7,数到三 母爱的控制欲,电影,热度 549274；新,,数到三 母爱的控制欲,电影,https://s.weibo.com/weibo?q=%23%E6%95%B0%E5%88%B0%E4%B8%89%20%E6%AF%8D%E7%88%B1%E7%9A%84%E6%8E%A7%E5%88%B6%E6%AC%B2%23
2026-08-28,2026-08-28T14:18:34+08:00,微博,热搜榜,微博热搜榜,,8,吉隆口岸救援任务暂缓,突发/灾害,热度 491245,,吉隆口岸救援任务暂缓,,https://s.weibo.com/weibo?q=%23%E5%90%89%E9%9A%86%E5%8F%A3%E5%B2%B8%E6%95%91%E6%8F%B4%E4%BB%BB%E5%8A%A1%E6%9A%82%E7%BC%93%23
2026-08-28,2026-08-28T14:18:34+08:00,微博,热搜榜,微博热搜榜,,9,早春晴朗,剧集,热度 489291,,早春晴朗,剧集,https://s.weibo.com/weibo?q=%23%E6%97%A9%E6%98%A5%E6%99%B4%E6%9C%97%23
2026-08-28,2026-08-28T14:18:34+08:00,微博,热搜榜,微博热搜榜,,10,被环卫车碾轧身亡男孩父亲发声,民生新闻,热度 488228；新,,被环卫车碾轧身亡男孩父亲发声,,https://s.weibo.com/weibo?q=%23%E8%A2%AB%E7%8E%AF%E5%8D%AB%E8%BD%A6%E7%A2%BE%E8%BD%A7%E8%BA%AB%E4%BA%A1%E7%94%B7%E5%AD%A9%E7%88%B6%E4%BA%B2%E5%8F%91%E5%A3%B0%23
2026-08-28,2026-08-28T14:18:34+08:00,微博,热搜榜,微博热搜榜,,11,雷波县教师被羞辱,民生新闻,热度 485628,,雷波县教师被羞辱,,https://s.weibo.com/weibo?q=%23%E9%9B%B7%E6%B3%A2%E5%8E%BF%E6%95%99%E5%B8%88%E8%A2%AB%E7%BE%9E%E8%BE%B1%23
2026-08-28,2026-08-28T14:18:34+08:00,微博,热搜榜,微博热搜榜,,12,管泽元回应删评,电竞,热度 484254；新,,管泽元回应删评,,https://s.weibo.com/weibo?q=%23%E7%AE%A1%E6%B3%BD%E5%85%83%E5%9B%9E%E5%BA%94%E5%88%A0%E8%AF%84%23
2026-08-28,2026-08-28T14:18:34+08:00,微博,热搜榜,微博热搜榜,,13,刘雯内娱最贴心嫂子,艺人,热度 480768,,刘雯内娱最贴心嫂子,['刘雯'],https://s.weibo.com/weibo?q=%23%E5%88%98%E9%9B%AF%E5%86%85%E5%A8%B1%E6%9C%80%E8%B4%B4%E5%BF%83%E5%AB%82%E5%AD%90%23
2026-08-28,2026-08-28T14:18:34+08:00,微博,热搜榜,微博热搜榜,,14,尼泊尔山洪已致469死,海外新闻,热度 479636,,尼泊尔山洪已致469死,,https://s.weibo.com/weibo?q=%23%E5%B0%BC%E6%B3%8A%E5%B0%94%E5%B1%B1%E6%B4%AA%E5%B7%B2%E8%87%B4469%E6%AD%BB%23
2026-08-28,2026-08-28T14:18:34+08:00,微博,热搜榜,微博热搜榜,,15,终于懂为什么年轻人想回家种地了,情感,热度 477787,,终于懂为什么年轻人想回家种地了,,https://s.weibo.com/weibo?q=%23%E7%BB%88%E4%BA%8E%E6%87%82%E4%B8%BA%E4%BB%80%E4%B9%88%E5%B9%B4%E8%BD%BB%E4%BA%BA%E6%83%B3%E5%9B%9E%E5%AE%B6%E7%A7%8D%E5%9C%B0%E4%BA%86%23
2026-08-28,2026-08-28T14:18:34+08:00,微博,热搜榜,微博热搜榜,,16,樊振东进4强需击败所有对手,体育,热度 473486,,樊振东进4强需击败所有对手,,https://s.weibo.com/weibo?q=%23%E6%A8%8A%E6%8C%AF%E4%B8%9C%E8%BF%9B4%E5%BC%BA%E9%9C%80%E5%87%BB%E8%B4%A5%E6%89%80%E6%9C%89%E5%AF%B9%E6%89%8B%23
2026-08-28,2026-08-28T14:18:34+08:00,微博,热搜榜,微博热搜榜,,17,大人在3车厢8岁孩子被分到7车厢,民生新闻,热度 472021,,大人在3车厢8岁孩子被分到7车厢,,https://s.weibo.com/weibo?q=%23%E5%A4%A7%E4%BA%BA%E5%9C%A83%E8%BD%A6%E5%8E%A28%E5%B2%81%E5%AD%A9%E5%AD%90%E8%A2%AB%E5%88%86%E5%88%B07%E8%BD%A6%E5%8E%A2%23
2026-08-28,2026-08-28T14:18:34+08:00,微博,热搜榜,微博热搜榜,,18,张凌赫 惠英红数到三我们影院见,电影,热度 470606；新,,张凌赫 惠英红数到三我们影院见,电影,https://s.weibo.com/weibo?q=%23%E5%BC%A0%E5%87%8C%E8%B5%AB%20%E6%83%A0%E8%8B%B1%E7%BA%A2%E6%95%B0%E5%88%B0%E4%B8%89%E6%88%91%E4%BB%AC%E5%BD%B1%E9%99%A2%E8%A7%81%23
2026-08-28,2026-08-28T14:18:34+08:00,微博,热搜榜,微博热搜榜,,19,13岁女孩用AI三天赚1.8万,互联网,热度 468167；新,,13岁女孩用AI三天赚1.8万,,https://s.weibo.com/weibo?q=%2313%E5%B2%81%E5%A5%B3%E5%AD%A9%E7%94%A8AI%E4%B8%89%E5%A4%A9%E8%B5%9A1.8%E4%B8%87%23
2026-08-28,2026-08-28T14:18:34+08:00,微博,热搜榜,微博热搜榜,,20,西藏泥石流 无人机投送消防员,突发/灾害,热度 466571；新,,西藏泥石流 无人机投送消防员,,https://s.weibo.com/weibo?q=%23%E8%A5%BF%E8%97%8F%E6%B3%A5%E7%9F%B3%E6%B5%81%20%E6%97%A0%E4%BA%BA%E6%9C%BA%E6%8A%95%E9%80%81%E6%B6%88%E9%98%B2%E5%91%98%23
2026-08-28,2026-08-28T14:18:34+08:00,微博,热搜榜,微博热搜榜,,21,重庆震感,突发/灾害,热度 462522；新,,重庆震感,,https://s.weibo.com/weibo?q=%23%E9%87%8D%E5%BA%86%E9%9C%87%E6%84%9F%23
2026-08-28,2026-08-28T14:18:34+08:00,微博,热搜榜,微博热搜榜,,22,西藏吉隆泥石流,突发/灾害,热度 461582；沸,,西藏吉隆泥石流,,https://s.weibo.com/weibo?q=%23%E8%A5%BF%E8%97%8F%E5%90%89%E9%9A%86%E6%B3%A5%E7%9F%B3%E6%B5%81%23
2026-08-28,2026-08-28T14:18:34+08:00,微博,热搜榜,微博热搜榜,,23,容易焦虑的人需要知道的生存法则,情感,热度 457730,,容易焦虑的人需要知道的生存法则,,https://s.weibo.com/weibo?q=%23%E5%AE%B9%E6%98%93%E7%84%A6%E8%99%91%E7%9A%84%E4%BA%BA%E9%9C%80%E8%A6%81%E7%9F%A5%E9%81%93%E7%9A%84%E7%94%9F%E5%AD%98%E6%B3%95%E5%88%99%23
2026-08-28,2026-08-28T14:18:34+08:00,微博,热搜榜,微博热搜榜,,24,Jennie新歌MV,艺人,热度 456031；新,,Jennie新歌MV,['jennie'],https://s.weibo.com/weibo?q=%23Jennie%E6%96%B0%E6%AD%8CMV%23
2026-08-28,2026-08-28T14:18:34+08:00,微博,热搜榜,微博热搜榜,,25,古茗时代少年团周边,艺人,热度 453942；新,,古茗时代少年团周边,['时代少年团'],https://s.weibo.com/weibo?q=%23%E5%8F%A4%E8%8C%97%E6%97%B6%E4%BB%A3%E5%B0%91%E5%B9%B4%E5%9B%A2%E5%91%A8%E8%BE%B9%23
2026-08-28,2026-08-28T14:18:34+08:00,微博,热搜榜,微博热搜榜,,26,尼泊尔山洪977人失联,海外新闻,热度 451025,,尼泊尔山洪977人失联,,https://s.weibo.com/weibo?q=%23%E5%B0%BC%E6%B3%8A%E5%B0%94%E5%B1%B1%E6%B4%AA977%E4%BA%BA%E5%A4%B1%E8%81%94%23
2026-08-28,2026-08-28T14:18:34+08:00,微博,热搜榜,微博热搜榜,,27,王俊凯的修护力肽肽肽顶了,艺人,热度 449687；新,,王俊凯的修护力肽肽肽顶了,['王俊凯'],https://s.weibo.com/weibo?q=%23%E7%8E%8B%E4%BF%8A%E5%87%AF%E7%9A%84%E4%BF%AE%E6%8A%A4%E5%8A%9B%E8%82%BD%E8%82%BD%E8%82%BD%E9%A1%B6%E4%BA%86%23
2026-08-28,2026-08-28T14:18:34+08:00,微博,热搜榜,微博热搜榜,,28,刘翔当教练年薪约20万,体育,热度 447851；新,,刘翔当教练年薪约20万,,https://s.weibo.com/weibo?q=%23%E5%88%98%E7%BF%94%E5%BD%93%E6%95%99%E7%BB%83%E5%B9%B4%E8%96%AA%E7%BA%A620%E4%B8%87%23
2026-08-28,2026-08-28T14:18:34+08:00,微博,热搜榜,微博热搜榜,,29,栾念,剧集,热度 445700,,栾念,剧集,https://s.weibo.com/weibo?q=%23%E6%A0%BE%E5%BF%B5%23
2026-08-28,2026-08-28T14:18:34+08:00,微博,热搜榜,微博热搜榜,,30,偶遇胡军陪向佐购物,综艺,热度 442055；新,,偶遇胡军陪向佐购物,综艺,https://s.weibo.com/weibo?q=%23%E5%81%B6%E9%81%87%E8%83%A1%E5%86%9B%E9%99%AA%E5%90%91%E4%BD%90%E8%B4%AD%E7%89%A9%23
2026-08-28,2026-08-28T14:18:34+08:00,微博,热搜榜,微博热搜榜,,31,第五人格,游戏,热度 440728,,第五人格,,https://s.weibo.com/weibo?q=%23%E7%AC%AC%E4%BA%94%E4%BA%BA%E6%A0%BC%23
2026-08-28,2026-08-28T14:18:34+08:00,微博,热搜榜,微博热搜榜,,32,四川内江隆昌发生4.9级地震,突发/灾害,热度 438526；新,,四川内江隆昌发生4.9级地震,,https://s.weibo.com/weibo?q=%23%E5%9B%9B%E5%B7%9D%E5%86%85%E6%B1%9F%E9%9A%86%E6%98%8C%E5%8F%91%E7%94%9F4.9%E7%BA%A7%E5%9C%B0%E9%9C%87%23
2026-08-28,2026-08-28T14:18:34+08:00,微博,热搜榜,微博热搜榜,,33,但凡女儿有个幼儿园文凭,幽默,热度 435921,,但凡女儿有个幼儿园文凭,,https://s.weibo.com/weibo?q=%23%E4%BD%86%E5%87%A1%E5%A5%B3%E5%84%BF%E6%9C%89%E4%B8%AA%E5%B9%BC%E5%84%BF%E5%9B%AD%E6%96%87%E5%87%AD%23
2026-08-28,2026-08-28T14:18:34+08:00,微博,热搜榜,微博热搜榜,,34,尼泊尔男子趟进洪水带鱼出来,海外新闻,热度 433435；新,,尼泊尔男子趟进洪水带鱼出来,,https://s.weibo.com/weibo?q=%23%E5%B0%BC%E6%B3%8A%E5%B0%94%E7%94%B7%E5%AD%90%E8%B6%9F%E8%BF%9B%E6%B4%AA%E6%B0%B4%E5%B8%A6%E9%B1%BC%E5%87%BA%E6%9D%A5%23
2026-08-28,2026-08-28T14:18:34+08:00,微博,热搜榜,微博热搜榜,,35,外貌红利认知反转,情感,热度 431237,,外貌红利认知反转,,https://s.weibo.com/weibo?q=%23%E5%A4%96%E8%B2%8C%E7%BA%A2%E5%88%A9%E8%AE%A4%E7%9F%A5%E5%8F%8D%E8%BD%AC%23
2026-08-28,2026-08-28T14:18:34+08:00,微博,热搜榜,微博热搜榜,,36,小米澎程用滑轨拉动55吨徐工矿卡,汽车,热度 430274,,小米澎程用滑轨拉动55吨徐工矿卡,,https://s.weibo.com/weibo?q=%23%E5%B0%8F%E7%B1%B3%E6%BE%8E%E7%A8%8B%E7%94%A8%E6%BB%91%E8%BD%A8%E6%8B%89%E5%8A%A855%E5%90%A8%E5%BE%90%E5%B7%A5%E7%9F%BF%E5%8D%A1%23
2026-08-28,2026-08-28T14:18:34+08:00,微博,热搜榜,微博热搜榜,,37,假如把离婚冷静期改成复活期,幽默,热度 427319,,假如把离婚冷静期改成复活期,,https://s.weibo.com/weibo?q=%23%E5%81%87%E5%A6%82%E6%8A%8A%E7%A6%BB%E5%A9%9A%E5%86%B7%E9%9D%99%E6%9C%9F%E6%94%B9%E6%88%90%E5%A4%8D%E6%B4%BB%E6%9C%9F%23
2026-08-28,2026-08-28T14:18:34+08:00,微博,热搜榜,微博热搜榜,,38,吉隆口岸上游堰塞湖现状,突发/灾害,热度 425090,,吉隆口岸上游堰塞湖现状,,https://s.weibo.com/weibo?q=%23%E5%90%89%E9%9A%86%E5%8F%A3%E5%B2%B8%E4%B8%8A%E6%B8%B8%E5%A0%B0%E5%A1%9E%E6%B9%96%E7%8E%B0%E7%8A%B6%23
2026-08-28,2026-08-28T14:18:34+08:00,微博,热搜榜,微博热搜榜,,39,24岁女子因肥胖遭男友抛弃,民生新闻,热度 421994；新,,24岁女子因肥胖遭男友抛弃,,https://s.weibo.com/weibo?q=%2324%E5%B2%81%E5%A5%B3%E5%AD%90%E5%9B%A0%E8%82%A5%E8%83%96%E9%81%AD%E7%94%B7%E5%8F%8B%E6%8A%9B%E5%BC%83%23
2026-08-28,2026-08-28T14:18:34+08:00,微博,热搜榜,微博热搜榜,,40,微博签约首位电竞选手,电竞,热度 421645；新,,微博签约首位电竞选手,,https://s.weibo.com/weibo?q=%23%E5%BE%AE%E5%8D%9A%E7%AD%BE%E7%BA%A6%E9%A6%96%E4%BD%8D%E7%94%B5%E7%AB%9E%E9%80%89%E6%89%8B%23
2026-08-28,2026-08-28T14:18:34+08:00,微博,热搜榜,微博热搜榜,,41,谢霆锋大儿子19岁近照,艺人,热度 419168,,谢霆锋大儿子19岁近照,['谢霆锋'],https://s.weibo.com/weibo?q=%23%E8%B0%A2%E9%9C%86%E9%94%8B%E5%A4%A7%E5%84%BF%E5%AD%9019%E5%B2%81%E8%BF%91%E7%85%A7%23
2026-08-28,2026-08-28T14:18:34+08:00,微博,热搜榜,微博热搜榜,,42,林娜琏购入95亿韩元建筑,艺人,热度 415857；新,,林娜琏购入95亿韩元建筑,['林娜琏'],https://s.weibo.com/weibo?q=%23%E6%9E%97%E5%A8%9C%E7%90%8F%E8%B4%AD%E5%85%A595%E4%BA%BF%E9%9F%A9%E5%85%83%E5%BB%BA%E7%AD%91%23
2026-08-28,2026-08-28T14:18:34+08:00,微博,热搜榜,微博热搜榜,,43,方桃子时尚COSMO封面预告,时尚,热度 413244,,方桃子时尚COSMO封面预告,,https://s.weibo.com/weibo?q=%23%E6%96%B9%E6%A1%83%E5%AD%90%E6%97%B6%E5%B0%9ACOSMO%E5%B0%81%E9%9D%A2%E9%A2%84%E5%91%8A%23
2026-08-28,2026-08-28T14:18:34+08:00,微博,热搜榜,微博热搜榜,,44,歌手徐杰去世原因,艺人,热度 412786；新,,歌手徐杰去世原因,,https://s.weibo.com/weibo?q=%23%E6%AD%8C%E6%89%8B%E5%BE%90%E6%9D%B0%E5%8E%BB%E4%B8%96%E5%8E%9F%E5%9B%A0%23
2026-08-28,2026-08-28T14:18:34+08:00,微博,热搜榜,微博热搜榜,,45,现在就出发欢迎您来龙餐馆,综艺,热度 409025,,现在就出发欢迎您来龙餐馆,综艺,https://s.weibo.com/weibo?q=%23%E7%8E%B0%E5%9C%A8%E5%B0%B1%E5%87%BA%E5%8F%91%E6%AC%A2%E8%BF%8E%E6%82%A8%E6%9D%A5%E9%BE%99%E9%A4%90%E9%A6%86%23
2026-08-28,2026-08-28T14:18:34+08:00,微博,热搜榜,微博热搜榜,,46,亚航一客机起落架内惊现尸体,海外新闻,热度 406750,,亚航一客机起落架内惊现尸体,,https://s.weibo.com/weibo?q=%23%E4%BA%9A%E8%88%AA%E4%B8%80%E5%AE%A2%E6%9C%BA%E8%B5%B7%E8%90%BD%E6%9E%B6%E5%86%85%E6%83%8A%E7%8E%B0%E5%B0%B8%E4%BD%93%23
2026-08-28,2026-08-28T14:18:34+08:00,微博,热搜榜,微博热搜榜,,47,陈丽君让胡军多管管自己的脸,综艺,热度 404082；新,,陈丽君让胡军多管管自己的脸,综艺,https://s.weibo.com/weibo?q=%23%E9%99%88%E4%B8%BD%E5%90%9B%E8%AE%A9%E8%83%A1%E5%86%9B%E5%A4%9A%E7%AE%A1%E7%AE%A1%E8%87%AA%E5%B7%B1%E7%9A%84%E8%84%B8%23
2026-08-28,2026-08-28T14:18:34+08:00,微博,热搜榜,微博热搜榜,,48,数到三 东亚家庭的爱,电影,热度 402655,,数到三 东亚家庭的爱,电影,https://s.weibo.com/weibo?q=%23%E6%95%B0%E5%88%B0%E4%B8%89%20%E4%B8%9C%E4%BA%9A%E5%AE%B6%E5%BA%AD%E7%9A%84%E7%88%B1%23
2026-08-28,2026-08-28T14:18:34+08:00,微博,热搜榜,微博热搜榜,,49,怪不得头发越洗越枯,美妆,热度 401231；新,,怪不得头发越洗越枯,,https://s.weibo.com/weibo?q=%23%E6%80%AA%E4%B8%8D%E5%BE%97%E5%A4%B4%E5%8F%91%E8%B6%8A%E6%B4%97%E8%B6%8A%E6%9E%AF%23
2026-08-28,2026-08-28T14:18:34+08:00,微博,热搜榜,微博热搜榜,,50,徐杰亲友澄清离世原因,艺人,热度 397766,,徐杰亲友澄清离世原因,,https://s.weibo.com/weibo?q=%23%E5%BE%90%E6%9D%B0%E4%BA%B2%E5%8F%8B%E6%BE%84%E6%B8%85%E7%A6%BB%E4%B8%96%E5%8E%9F%E5%9B%A0%23
2026-08-28,2026-08-28T14:18:34+08:00,微博,文娱热搜榜,微博热搜榜-文娱条目,,1,数到三 母爱的控制欲,电影,总榜排名 7；热度 549274；新,,数到三 母爱的控制欲,电影,https://s.weibo.com/weibo?q=%23%E6%95%B0%E5%88%B0%E4%B8%89%20%E6%AF%8D%E7%88%B1%E7%9A%84%E6%8E%A7%E5%88%B6%E6%AC%B2%23
2026-08-28,2026-08-28T14:18:34+08:00,微博,文娱热搜榜,微博热搜榜-文娱条目,,2,早春晴朗,剧集,总榜排名 9；热度 489291,,早春晴朗,剧集,https://s.weibo.com/weibo?q=%23%E6%97%A9%E6%98%A5%E6%99%B4%E6%9C%97%23
2026-08-28,2026-08-28T14:18:34+08:00,微博,文娱热搜榜,微博热搜榜-文娱条目,,3,刘雯内娱最贴心嫂子,艺人,总榜排名 13；热度 480768,,刘雯内娱最贴心嫂子,['刘雯'],https://s.weibo.com/weibo?q=%23%E5%88%98%E9%9B%AF%E5%86%85%E5%A8%B1%E6%9C%80%E8%B4%B4%E5%BF%83%E5%AB%82%E5%AD%90%23
2026-08-28,2026-08-28T14:18:34+08:00,微博,文娱热搜榜,微博热搜榜-文娱条目,,4,张凌赫 惠英红数到三我们影院见,电影,总榜排名 18；热度 470606；新,,张凌赫 惠英红数到三我们影院见,电影,https://s.weibo.com/weibo?q=%23%E5%BC%A0%E5%87%8C%E8%B5%AB%20%E6%83%A0%E8%8B%B1%E7%BA%A2%E6%95%B0%E5%88%B0%E4%B8%89%E6%88%91%E4%BB%AC%E5%BD%B1%E9%99%A2%E8%A7%81%23
2026-08-28,2026-08-28T14:18:34+08:00,微博,文娱热搜榜,微博热搜榜-文娱条目,,5,Jennie新歌MV,艺人,总榜排名 24；热度 456031；新,,Jennie新歌MV,['jennie'],https://s.weibo.com/weibo?q=%23Jennie%E6%96%B0%E6%AD%8CMV%23
2026-08-28,2026-08-28T14:18:34+08:00,微博,文娱热搜榜,微博热搜榜-文娱条目,,6,古茗时代少年团周边,艺人,总榜排名 25；热度 453942；新,,古茗时代少年团周边,['时代少年团'],https://s.weibo.com/weibo?q=%23%E5%8F%A4%E8%8C%97%E6%97%B6%E4%BB%A3%E5%B0%91%E5%B9%B4%E5%9B%A2%E5%91%A8%E8%BE%B9%23
2026-08-28,2026-08-28T14:18:34+08:00,微博,文娱热搜榜,微博热搜榜-文娱条目,,7,王俊凯的修护力肽肽肽顶了,艺人,总榜排名 27；热度 449687；新,,王俊凯的修护力肽肽肽顶了,['王俊凯'],https://s.weibo.com/weibo?q=%23%E7%8E%8B%E4%BF%8A%E5%87%AF%E7%9A%84%E4%BF%AE%E6%8A%A4%E5%8A%9B%E8%82%BD%E8%82%BD%E8%82%BD%E9%A1%B6%E4%BA%86%23
2026-08-28,2026-08-28T14:18:34+08:00,微博,文娱热搜榜,微博热搜榜-文娱条目,,8,栾念,剧集,总榜排名 29；热度 445700,,栾念,剧集,https://s.weibo.com/weibo?q=%23%E6%A0%BE%E5%BF%B5%23
2026-08-28,2026-08-28T14:18:34+08:00,微博,文娱热搜榜,微博热搜榜-文娱条目,,9,偶遇胡军陪向佐购物,综艺,总榜排名 30；热度 442055；新,,偶遇胡军陪向佐购物,综艺,https://s.weibo.com/weibo?q=%23%E5%81%B6%E9%81%87%E8%83%A1%E5%86%9B%E9%99%AA%E5%90%91%E4%BD%90%E8%B4%AD%E7%89%A9%23
2026-08-28,2026-08-28T14:18:34+08:00,微博,文娱热搜榜,微博热搜榜-文娱条目,,10,谢霆锋大儿子19岁近照,艺人,总榜排名 41；热度 419168,,谢霆锋大儿子19岁近照,['谢霆锋'],https://s.weibo.com/weibo?q=%23%E8%B0%A2%E9%9C%86%E9%94%8B%E5%A4%A7%E5%84%BF%E5%AD%9019%E5%B2%81%E8%BF%91%E7%85%A7%23
2026-08-28,2026-08-28T14:18:34+08:00,微博,文娱热搜榜,微博热搜榜-文娱条目,,11,林娜琏购入95亿韩元建筑,艺人,总榜排名 42；热度 415857；新,,林娜琏购入95亿韩元建筑,['林娜琏'],https://s.weibo.com/weibo?q=%23%E6%9E%97%E5%A8%9C%E7%90%8F%E8%B4%AD%E5%85%A595%E4%BA%BF%E9%9F%A9%E5%85%83%E5%BB%BA%E7%AD%91%23
2026-08-28,2026-08-28T14:18:34+08:00,微博,文娱热搜榜,微博热搜榜-文娱条目,,12,歌手徐杰去世原因,艺人,总榜排名 44；热度 412786；新,,歌手徐杰去世原因,,https://s.weibo.com/weibo?q=%23%E6%AD%8C%E6%89%8B%E5%BE%90%E6%9D%B0%E5%8E%BB%E4%B8%96%E5%8E%9F%E5%9B%A0%23
2026-08-28,2026-08-28T14:18:34+08:00,微博,文娱热搜榜,微博热搜榜-文娱条目,,13,现在就出发欢迎您来龙餐馆,综艺,总榜排名 45；热度 409025,,现在就出发欢迎您来龙餐馆,综艺,https://s.weibo.com/weibo?q=%23%E7%8E%B0%E5%9C%A8%E5%B0%B1%E5%87%BA%E5%8F%91%E6%AC%A2%E8%BF%8E%E6%82%A8%E6%9D%A5%E9%BE%99%E9%A4%90%E9%A6%86%23
2026-08-28,2026-08-28T14:18:34+08:00,微博,文娱热搜榜,微博热搜榜-文娱条目,,14,陈丽君让胡军多管管自己的脸,综艺,总榜排名 47；热度 404082；新,,陈丽君让胡军多管管自己的脸,综艺,https://s.weibo.com/weibo?q=%23%E9%99%88%E4%B8%BD%E5%90%9B%E8%AE%A9%E8%83%A1%E5%86%9B%E5%A4%9A%E7%AE%A1%E7%AE%A1%E8%87%AA%E5%B7%B1%E7%9A%84%E8%84%B8%23
2026-08-28,2026-08-28T14:18:34+08:00,微博,文娱热搜榜,微博热搜榜-文娱条目,,15,数到三 东亚家庭的爱,电影,总榜排名 48；热度 402655,,数到三 东亚家庭的爱,电影,https://s.weibo.com/weibo?q=%23%E6%95%B0%E5%88%B0%E4%B8%89%20%E4%B8%9C%E4%BA%9A%E5%AE%B6%E5%BA%AD%E7%9A%84%E7%88%B1%23
2026-08-28,2026-08-28T14:18:34+08:00,微博,文娱热搜榜,微博热搜榜-文娱条目,,16,徐杰亲友澄清离世原因,艺人,总榜排名 50；热度 397766,,徐杰亲友澄清离世原因,,https://s.weibo.com/weibo?q=%23%E5%BE%90%E6%9D%B0%E4%BA%B2%E5%8F%8B%E6%BE%84%E6%B8%85%E7%A6%BB%E4%B8%96%E5%8E%9F%E5%9B%A0%23
