snapshot_date,captured_at,platform,chart,official_chart,platform_date,rank,song_name,artist,chart_metric,duration,song_id,album_id,source_url
2026-07-14,2026-07-14T14:36:17+08:00,QQ音乐,热歌榜,热歌榜,2026-07-14,1,我只要我开心,时代少年团,新进,,706504693,002zvO7r0gSXWZ,https://y.qq.com/n/ryqq/toplist/26
2026-07-14,2026-07-14T14:36:17+08:00,QQ音乐,热歌榜,热歌榜,2026-07-14,2,ANGEL (天使),尹美莱 (윤미래)/Tiger JK/Bizzy (비지),下降 1,,101138130,000qiKcT05rSr9,https://y.qq.com/n/ryqq/toplist/26
2026-07-14,2026-07-14T14:36:17+08:00,QQ音乐,热歌榜,热歌榜,2026-07-14,3,樱花草,Sweety,下降 1,,481456,000pKXff1doeOd,https://y.qq.com/n/ryqq/toplist/26
2026-07-14,2026-07-14T14:36:17+08:00,QQ音乐,热歌榜,热歌榜,2026-07-14,4,讨厌,芮恩,0,,138194,001EFkTG1wgW4n,https://y.qq.com/n/ryqq/toplist/26
2026-07-14,2026-07-14T14:36:17+08:00,QQ音乐,热歌榜,热歌榜,2026-07-14,5,无人之岛,任然,0,,203452364,002lMPc30c4rOO,https://y.qq.com/n/ryqq/toplist/26
2026-07-14,2026-07-14T14:36:17+08:00,QQ音乐,热歌榜,热歌榜,2026-07-14,6,阴天,莫文蔚,下降 3,,4830345,000hTTJN3oScZr,https://y.qq.com/n/ryqq/toplist/26
2026-07-14,2026-07-14T14:36:17+08:00,QQ音乐,热歌榜,热歌榜,2026-07-14,7,恋人,李荣浩,下降 1,,496054946,004HaG7p4ZkhXA,https://y.qq.com/n/ryqq/toplist/26
2026-07-14,2026-07-14T14:36:17+08:00,QQ音乐,热歌榜,热歌榜,2026-07-14,8,街道,林俊杰,0,,447258,002g6zv02X7SNi,https://y.qq.com/n/ryqq/toplist/26
2026-07-14,2026-07-14T14:36:17+08:00,QQ音乐,热歌榜,热歌榜,2026-07-14,9,雨爱,杨丞琳,下降 2,,645819,000jcKFG0sQrD0,https://y.qq.com/n/ryqq/toplist/26
2026-07-14,2026-07-14T14:36:17+08:00,QQ音乐,热歌榜,热歌榜,2026-07-14,10,太阳,张艺兴,新进,,697611916,001w138z3PZEcz,https://y.qq.com/n/ryqq/toplist/26
2026-07-14,2026-07-14T14:36:17+08:00,QQ音乐,热歌榜,热歌榜,2026-07-14,11,失眠,Suki刘舒妤,下降 1,,4733575,002xCeeN4EJ1Ke,https://y.qq.com/n/ryqq/toplist/26
2026-07-14,2026-07-14T14:36:17+08:00,QQ音乐,热歌榜,热歌榜,2026-07-14,12,雨过后的风景,Dizzy Dizzo (蔡诗芸),下降 3,,1960263,0038xSkp1EcVBf,https://y.qq.com/n/ryqq/toplist/26
2026-07-14,2026-07-14T14:36:17+08:00,QQ音乐,热歌榜,热歌榜,2026-07-14,13,我怀念的,孙燕姿,下降 2,,5211338,000P3l050Olt27,https://y.qq.com/n/ryqq/toplist/26
2026-07-14,2026-07-14T14:36:17+08:00,QQ音乐,热歌榜,热歌榜,2026-07-14,14,爱错,王力宏,下降 1,,105905415,002ElVxf43rOue,https://y.qq.com/n/ryqq/toplist/26
2026-07-14,2026-07-14T14:36:17+08:00,QQ音乐,热歌榜,热歌榜,2026-07-14,15,甲乙丙丁 (你我怎么两清),李佳薇,上升 33,,696262512,00446QRA1fTdqA,https://y.qq.com/n/ryqq/toplist/26
2026-07-14,2026-07-14T14:36:17+08:00,QQ音乐,热歌榜,热歌榜,2026-07-14,16,情歌,梁静茹,下降 4,,462188,002E4IXe1ESUij,https://y.qq.com/n/ryqq/toplist/26
2026-07-14,2026-07-14T14:36:17+08:00,QQ音乐,热歌榜,热歌榜,2026-07-14,17,唯一,G.E.M. 邓紫棋,下降 3,,438910555,002d6m7k0xCbSv,https://y.qq.com/n/ryqq/toplist/26
2026-07-14,2026-07-14T14:36:17+08:00,QQ音乐,热歌榜,热歌榜,2026-07-14,18,演员,薛之谦,下降 2,,102636799,003y8dsH2wBHlo,https://y.qq.com/n/ryqq/toplist/26
2026-07-14,2026-07-14T14:36:17+08:00,QQ音乐,热歌榜,热歌榜,2026-07-14,19,Always Online,林俊杰,下降 4,,447257,002g6zv02X7SNi,https://y.qq.com/n/ryqq/toplist/26
2026-07-14,2026-07-14T14:36:17+08:00,QQ音乐,热歌榜,热歌榜,2026-07-14,20,特别的人,方大同,下降 3,,5293866,000GvdTR0qcKh8,https://y.qq.com/n/ryqq/toplist/26
2026-07-14,2026-07-14T14:36:17+08:00,QQ音乐,热歌榜,热歌榜,2026-07-14,21,Beauty And A Beat,Justin Bieber/Nicki Minaj,上升 2,,1473252,002XddZv4cGsXb,https://y.qq.com/n/ryqq/toplist/26
2026-07-14,2026-07-14T14:36:17+08:00,QQ音乐,热歌榜,热歌榜,2026-07-14,22,其实,薛之谦,下降 4,,104775877,000QgFcm0v8WaF,https://y.qq.com/n/ryqq/toplist/26
2026-07-14,2026-07-14T14:36:17+08:00,QQ音乐,热歌榜,热歌榜,2026-07-14,23,春娇与志明,街道办GDC/欧阳耀莹,下降 3,,205357640,000lrXyA0MlEEo,https://y.qq.com/n/ryqq/toplist/26
2026-07-14,2026-07-14T14:36:17+08:00,QQ音乐,热歌榜,热歌榜,2026-07-14,24,江南,林俊杰,下降 5,,9063002,000y5gq7449K9I,https://y.qq.com/n/ryqq/toplist/26
2026-07-14,2026-07-14T14:36:17+08:00,QQ音乐,热歌榜,热歌榜,2026-07-14,25,我们俩,郭顶,0,,105413206,003sMyYb4HZAAz,https://y.qq.com/n/ryqq/toplist/26
2026-07-14,2026-07-14T14:36:17+08:00,QQ音乐,热歌榜,热歌榜,2026-07-14,26,红色高跟鞋,蔡健雅,下降 5,,624649,002dOge41xlS8x,https://y.qq.com/n/ryqq/toplist/26
2026-07-14,2026-07-14T14:36:17+08:00,QQ音乐,热歌榜,热歌榜,2026-07-14,27,多远都要在一起,G.E.M. 邓紫棋,下降 5,,102174489,003c616O2Zlswm,https://y.qq.com/n/ryqq/toplist/26
2026-07-14,2026-07-14T14:36:17+08:00,QQ音乐,热歌榜,热歌榜,2026-07-14,28,Baby,Justin Bieber/Ludacris,下降 4,,203644381,002TfnxG2yN1na,https://y.qq.com/n/ryqq/toplist/26
2026-07-14,2026-07-14T14:36:17+08:00,QQ音乐,热歌榜,热歌榜,2026-07-14,29,后会无期,徐良/汪苏泷,下降 2,,7112743,002apRhZ4Bq99d,https://y.qq.com/n/ryqq/toplist/26
2026-07-14,2026-07-14T14:36:17+08:00,QQ音乐,热歌榜,热歌榜,2026-07-14,30,心墙,郭静,下降 4,,474797,003EHcB24J8t9Z,https://y.qq.com/n/ryqq/toplist/26
2026-07-14,2026-07-14T14:36:17+08:00,QQ音乐,热歌榜,热歌榜,2026-07-14,31,离开我的依赖,王艳薇,下降 1,,253383943,004CSyAN1oc97b,https://y.qq.com/n/ryqq/toplist/26
2026-07-14,2026-07-14T14:36:17+08:00,QQ音乐,热歌榜,热歌榜,2026-07-14,32,最佳损友,陈奕迅,上升 9,,1338414,002FT46H18G1jW,https://y.qq.com/n/ryqq/toplist/26
2026-07-14,2026-07-14T14:36:17+08:00,QQ音乐,热歌榜,热歌榜,2026-07-14,33,坏女孩,徐良/小凌,下降 1,,7112749,002apRhZ4Bq99d,https://y.qq.com/n/ryqq/toplist/26
2026-07-14,2026-07-14T14:36:17+08:00,QQ音乐,热歌榜,热歌榜,2026-07-14,34,富士山下,陈奕迅,下降 5,,260678,004Z85XP1c25b7,https://y.qq.com/n/ryqq/toplist/26
2026-07-14,2026-07-14T14:36:17+08:00,QQ音乐,热歌榜,热歌榜,2026-07-14,35,晴天,周杰伦,下降 2,,97773,000MkMni19ClKG,https://y.qq.com/n/ryqq/toplist/26
2026-07-14,2026-07-14T14:36:17+08:00,QQ音乐,热歌榜,热歌榜,2026-07-14,36,素颜,许嵩/何曼婷,下降 2,,101813361,0035f8nw11cjkf,https://y.qq.com/n/ryqq/toplist/26
2026-07-14,2026-07-14T14:36:17+08:00,QQ音乐,热歌榜,热歌榜,2026-07-14,37,背对背拥抱,林俊杰,下降 1,,648231,002C0kX720gMQi,https://y.qq.com/n/ryqq/toplist/26
2026-07-14,2026-07-14T14:36:17+08:00,QQ音乐,热歌榜,热歌榜,2026-07-14,38,盛夏的果实,莫文蔚,上升 1,,4830161,000KeV8l1PIjxt,https://y.qq.com/n/ryqq/toplist/26
2026-07-14,2026-07-14T14:36:17+08:00,QQ音乐,热歌榜,热歌榜,2026-07-14,39,Love Story,Taylor Swift,下降 11,,639141,002Q1XUj3HBAzw,https://y.qq.com/n/ryqq/toplist/26
2026-07-14,2026-07-14T14:36:17+08:00,QQ音乐,热歌榜,热歌榜,2026-07-14,40,偏爱,张芸京,下降 5,,473137,003ha6C92GRuVE,https://y.qq.com/n/ryqq/toplist/26
2026-07-14,2026-07-14T14:36:17+08:00,QQ音乐,热歌榜,热歌榜,2026-07-14,41,边界,于文文,新进,,697515623,001AnXF325jMfu,https://y.qq.com/n/ryqq/toplist/26
2026-07-14,2026-07-14T14:36:17+08:00,QQ音乐,热歌榜,热歌榜,2026-07-14,42,瞬,郑润泽,下降 5,,422061155,001qvyI10urb5z,https://y.qq.com/n/ryqq/toplist/26
2026-07-14,2026-07-14T14:36:17+08:00,QQ音乐,热歌榜,热歌榜,2026-07-14,43,开始懂了,孙燕姿,下降 3,,5646,004KRIQr1oCp2A,https://y.qq.com/n/ryqq/toplist/26
2026-07-14,2026-07-14T14:36:17+08:00,QQ音乐,热歌榜,热歌榜,2026-07-14,44,不将就,李荣浩,下降 1,,102367085,001fi1zG0EjU2u,https://y.qq.com/n/ryqq/toplist/26
2026-07-14,2026-07-14T14:36:17+08:00,QQ音乐,热歌榜,热歌榜,2026-07-14,45,遇见,孙燕姿,上升 1,,8145,002ehzTm0TxXC2,https://y.qq.com/n/ryqq/toplist/26
2026-07-14,2026-07-14T14:36:17+08:00,QQ音乐,热歌榜,热歌榜,2026-07-14,46,Fever Pitch,Richz,上升 64,,650672929,0013EMSw3bvHuu,https://y.qq.com/n/ryqq/toplist/26
2026-07-14,2026-07-14T14:36:17+08:00,QQ音乐,热歌榜,热歌榜,2026-07-14,47,认真的雪,薛之谦,下降 2,,1333803,003mUYW22JXKVK,https://y.qq.com/n/ryqq/toplist/26
2026-07-14,2026-07-14T14:36:17+08:00,QQ音乐,热歌榜,热歌榜,2026-07-14,48,街角的晚风,陈小春,下降 17,,622453461,0028jKt80PGmlB,https://y.qq.com/n/ryqq/toplist/26
2026-07-14,2026-07-14T14:36:17+08:00,QQ音乐,热歌榜,热歌榜,2026-07-14,49,연애의 조건 (LOVE OPTIONS) (恋爱的条件),BESTie (베스티),下降 11,,101834242,0034h3c72cswaP,https://y.qq.com/n/ryqq/toplist/26
2026-07-14,2026-07-14T14:36:17+08:00,QQ音乐,热歌榜,热歌榜,2026-07-14,50,天外来物,薛之谦,下降 6,,272125057,000K9Zp13TZp5s,https://y.qq.com/n/ryqq/toplist/26
2026-07-14,2026-07-14T14:36:17+08:00,QQ音乐,热歌榜,热歌榜,2026-07-14,51,海阔天空,BEYOND,下降 9,,4835784,002qcJuX3lO3EZ,https://y.qq.com/n/ryqq/toplist/26
2026-07-14,2026-07-14T14:36:17+08:00,QQ音乐,热歌榜,热歌榜,2026-07-14,52,爱情讯息,郭静,0,,876549,003PKZMI1Wyx1A,https://y.qq.com/n/ryqq/toplist/26
2026-07-14,2026-07-14T14:36:17+08:00,QQ音乐,热歌榜,热歌榜,2026-07-14,53,泡沫,G.E.M. 邓紫棋,下降 6,,1530858,002YFufr4bXZyI,https://y.qq.com/n/ryqq/toplist/26
2026-07-14,2026-07-14T14:36:17+08:00,QQ音乐,热歌榜,热歌榜,2026-07-14,54,十年,陈奕迅,下降 4,,4830342,000GDz8k03UOaI,https://y.qq.com/n/ryqq/toplist/26
2026-07-14,2026-07-14T14:36:17+08:00,QQ音乐,热歌榜,热歌榜,2026-07-14,55,美人鱼,林俊杰,上升 1,,95292,000y5gq7449K9I,https://y.qq.com/n/ryqq/toplist/26
2026-07-14,2026-07-14T14:36:17+08:00,QQ音乐,热歌榜,热歌榜,2026-07-14,56,那些你很冒险的梦,林俊杰,下降 5,,102388808,002PQCmo2azasb,https://y.qq.com/n/ryqq/toplist/26
2026-07-14,2026-07-14T14:36:17+08:00,QQ音乐,热歌榜,热歌榜,2026-07-14,57,The Other Side Of Paradise (Explicit),Glass Animals,上升 44,,319782348,001eucpH3ZIJnM,https://y.qq.com/n/ryqq/toplist/26
2026-07-14,2026-07-14T14:36:17+08:00,QQ音乐,热歌榜,热歌榜,2026-07-14,58,你要的全拿走,胡彦斌,下降 3,,212808217,001eyHlv2fu50T,https://y.qq.com/n/ryqq/toplist/26
2026-07-14,2026-07-14T14:36:17+08:00,QQ音乐,热歌榜,热歌榜,2026-07-14,59,麦恩莉,方大同,上升 1,,2550926,000ih4iv3HCmno,https://y.qq.com/n/ryqq/toplist/26
2026-07-14,2026-07-14T14:36:17+08:00,QQ音乐,热歌榜,热歌榜,2026-07-14,60,NIGHT DANCER,imase,下降 7,,372025766,002M1v7j4B5Yf7,https://y.qq.com/n/ryqq/toplist/26
2026-07-14,2026-07-14T14:36:17+08:00,QQ音乐,热歌榜,热歌榜,2026-07-14,61,IF YOU,BIGBANG (빅뱅),下降 12,,102793935,001xpUdt2jEjWu,https://y.qq.com/n/ryqq/toplist/26
2026-07-14,2026-07-14T14:36:17+08:00,QQ音乐,热歌榜,热歌榜,2026-07-14,62,倒数,G.E.M. 邓紫棋,下降 3,,215540451,003cKIKZ1J4Yyu,https://y.qq.com/n/ryqq/toplist/26
2026-07-14,2026-07-14T14:36:17+08:00,QQ音乐,热歌榜,热歌榜,2026-07-14,63,修炼爱情,林俊杰,0,,5063375,001gqOnU3DTg2S,https://y.qq.com/n/ryqq/toplist/26
2026-07-14,2026-07-14T14:36:17+08:00,QQ音乐,热歌榜,热歌榜,2026-07-14,64,Letting Go,蔡健雅,下降 2,,1030353,001aC9dM35U6KB,https://y.qq.com/n/ryqq/toplist/26
2026-07-14,2026-07-14T14:36:17+08:00,QQ音乐,热歌榜,热歌榜,2026-07-14,65,后来的我们,五月天,下降 11,,107709592,002fRO0N4FftzY,https://y.qq.com/n/ryqq/toplist/26
2026-07-14,2026-07-14T14:36:17+08:00,QQ音乐,热歌榜,热歌榜,2026-07-14,66,愿与愁,林俊杰,下降 9,,405007729,004ZOIop1doXru,https://y.qq.com/n/ryqq/toplist/26
2026-07-14,2026-07-14T14:36:17+08:00,QQ音乐,热歌榜,热歌榜,2026-07-14,67,最后一页,江语晨,0,,721636,003FO4XF40Ky8L,https://y.qq.com/n/ryqq/toplist/26
2026-07-14,2026-07-14T14:36:17+08:00,QQ音乐,热歌榜,热歌榜,2026-07-14,68,勇气,梁静茹,下降 2,,4830164,001DEgPu1004bl,https://y.qq.com/n/ryqq/toplist/26
2026-07-14,2026-07-14T14:36:17+08:00,QQ音乐,热歌榜,热歌榜,2026-07-14,69,爱，请问怎么走,A-Lin,上升 7,,393966,001TuWBG0TOW2P,https://y.qq.com/n/ryqq/toplist/26
2026-07-14,2026-07-14T14:36:17+08:00,QQ音乐,热歌榜,热歌榜,2026-07-14,70,一个人想着一个人,曾沛慈,下降 2,,4716045,003wP0m32WRVql,https://y.qq.com/n/ryqq/toplist/26
2026-07-14,2026-07-14T14:36:17+08:00,QQ音乐,热歌榜,热歌榜,2026-07-14,71,会呼吸的痛,梁静茹,下降 13,,411228,002oy2Mp3I8Rgo,https://y.qq.com/n/ryqq/toplist/26
2026-07-14,2026-07-14T14:36:17+08:00,QQ音乐,热歌榜,热歌榜,2026-07-14,72,至少还有你,林忆莲,上升 8,,102204563,001JqgRv0mRHEQ,https://y.qq.com/n/ryqq/toplist/26
2026-07-14,2026-07-14T14:36:17+08:00,QQ音乐,热歌榜,热歌榜,2026-07-14,73,一样的月光,徐佳莹,下降 4,,7063423,000cchEp2CGNEf,https://y.qq.com/n/ryqq/toplist/26
2026-07-14,2026-07-14T14:36:17+08:00,QQ音乐,热歌榜,热歌榜,2026-07-14,74,小半,陈粒,下降 9,,107762070,004fAhFe0fdHYF,https://y.qq.com/n/ryqq/toplist/26
2026-07-14,2026-07-14T14:36:17+08:00,QQ音乐,热歌榜,热歌榜,2026-07-14,75,第57次取消发送,菲菲公主（陆绮菲）,下降 14,,560063927,000KrDC019mc82,https://y.qq.com/n/ryqq/toplist/26
2026-07-14,2026-07-14T14:36:17+08:00,QQ音乐,热歌榜,热歌榜,2026-07-14,76,出现又离开 (Live),梁博,下降 12,,231594573,000eQZ1q4g6AsF,https://y.qq.com/n/ryqq/toplist/26
2026-07-14,2026-07-14T14:36:17+08:00,QQ音乐,热歌榜,热歌榜,2026-07-14,77,爱我还是他,陶喆,0,,7211247,003ofGzS3C23Ow,https://y.qq.com/n/ryqq/toplist/26
2026-07-14,2026-07-14T14:36:17+08:00,QQ音乐,热歌榜,热歌榜,2026-07-14,78,玻璃,Gareth.T,下降 3,,666124541,002kIED92uw8L5,https://y.qq.com/n/ryqq/toplist/26
2026-07-14,2026-07-14T14:36:17+08:00,QQ音乐,热歌榜,热歌榜,2026-07-14,79,选择题,鹭卓,新进,,707019385,002c83pC3o9r3T,https://y.qq.com/n/ryqq/toplist/26
2026-07-14,2026-07-14T14:36:17+08:00,QQ音乐,热歌榜,热歌榜,2026-07-14,80,我知道,BY2,上升 1,,470336,001P410a0Iq4K0,https://y.qq.com/n/ryqq/toplist/26
2026-07-14,2026-07-14T14:36:17+08:00,QQ音乐,热歌榜,热歌榜,2026-07-14,81,海屿你 (破碎版),白慕寒,下降 9,,638781692,004XiRpR3QMgTR,https://y.qq.com/n/ryqq/toplist/26
2026-07-14,2026-07-14T14:36:17+08:00,QQ音乐,热歌榜,热歌榜,2026-07-14,82,黄昏,周传雄,下降 8,,526713,001U6x8f2uJhig,https://y.qq.com/n/ryqq/toplist/26
2026-07-14,2026-07-14T14:36:17+08:00,QQ音乐,热歌榜,热歌榜,2026-07-14,83,可不可以,张紫豪,下降 1,,213958134,004VR1w241uBhB,https://y.qq.com/n/ryqq/toplist/26
2026-07-14,2026-07-14T14:36:17+08:00,QQ音乐,热歌榜,热歌榜,2026-07-14,84,夏天的风,温岚,下降 14,,140269,001LB0Mp3zyU1Z,https://y.qq.com/n/ryqq/toplist/26
2026-07-14,2026-07-14T14:36:17+08:00,QQ音乐,热歌榜,热歌榜,2026-07-14,85,句号,G.E.M. 邓紫棋,下降 6,,247347346,0049MVh824D7bM,https://y.qq.com/n/ryqq/toplist/26
2026-07-14,2026-07-14T14:36:17+08:00,QQ音乐,热歌榜,热歌榜,2026-07-14,86,如愿,王菲,下降 13,,326584182,004Kbn3m2HV9Y3,https://y.qq.com/n/ryqq/toplist/26
2026-07-14,2026-07-14T14:36:17+08:00,QQ音乐,热歌榜,热歌榜,2026-07-14,87,时差 (On call),鹿晗,下降 9,,201781918,00435a2s4YeuWb,https://y.qq.com/n/ryqq/toplist/26
2026-07-14,2026-07-14T14:36:17+08:00,QQ音乐,热歌榜,热歌榜,2026-07-14,88,半壶纱,刘珂矣,下降 17,,7048773,0009EZjm1c7iQe,https://y.qq.com/n/ryqq/toplist/26
2026-07-14,2026-07-14T14:36:17+08:00,QQ音乐,热歌榜,热歌榜,2026-07-14,89,下一个天亮,郭静,下降 3,,876541,003PKZMI1Wyx1A,https://y.qq.com/n/ryqq/toplist/26
2026-07-14,2026-07-14T14:36:17+08:00,QQ音乐,热歌榜,热歌榜,2026-07-14,90,我们的歌,王力宏,上升 1,,102193483,002Zwh5p4HgecI,https://y.qq.com/n/ryqq/toplist/26
2026-07-14,2026-07-14T14:36:17+08:00,QQ音乐,热歌榜,热歌榜,2026-07-14,91,孤独患者,陈奕迅,下降 4,,1021078,003YQ8lP3NBXKl,https://y.qq.com/n/ryqq/toplist/26
2026-07-14,2026-07-14T14:36:17+08:00,QQ音乐,热歌榜,热歌榜,2026-07-14,92,如果可以,韦礼安,下降 7,,330977131,003WBcyJ1siUkh,https://y.qq.com/n/ryqq/toplist/26
2026-07-14,2026-07-14T14:36:17+08:00,QQ音乐,热歌榜,热歌榜,2026-07-14,93,野心家,张靓颖,上升 3,,591592617,003TmXW52e0F4P,https://y.qq.com/n/ryqq/toplist/26
2026-07-14,2026-07-14T14:36:17+08:00,QQ音乐,热歌榜,热歌榜,2026-07-14,94,碎碎念,队长,上升 5,,448738462,000DTFwk0oV4YR,https://y.qq.com/n/ryqq/toplist/26
2026-07-14,2026-07-14T14:36:17+08:00,QQ音乐,热歌榜,热歌榜,2026-07-14,95,有何不可,许嵩,下降 3,,102296985,002KSDg90IaScI,https://y.qq.com/n/ryqq/toplist/26
2026-07-14,2026-07-14T14:36:17+08:00,QQ音乐,热歌榜,热歌榜,2026-07-14,96,红尘客栈,周杰伦,上升 1,,5177680,003Ow85E3pnoqi,https://y.qq.com/n/ryqq/toplist/26
2026-07-14,2026-07-14T14:36:17+08:00,QQ音乐,热歌榜,热歌榜,2026-07-14,97,抽离,徐良/刘丹萌,下降 13,,5021671,001GraMO3JQQLr,https://y.qq.com/n/ryqq/toplist/26
2026-07-14,2026-07-14T14:36:17+08:00,QQ音乐,热歌榜,热歌榜,2026-07-14,98,夏夜最后的烟火,颜人中,下降 4,,459088908,002tspXk0JB6qZ,https://y.qq.com/n/ryqq/toplist/26
2026-07-14,2026-07-14T14:36:17+08:00,QQ音乐,热歌榜,热歌榜,2026-07-14,99,你有没有真的爱过我,阿图表妹,上升 7,,663654314,003dkz1e31kMCF,https://y.qq.com/n/ryqq/toplist/26
2026-07-14,2026-07-14T14:36:17+08:00,QQ音乐,热歌榜,热歌榜,2026-07-14,100,后来,刘若英,下降 7,,4830150,0017zqT34WuQwa,https://y.qq.com/n/ryqq/toplist/26
2026-07-14,2026-07-14T14:36:17+08:00,QQ音乐,飙升榜,飙升榜,2026-07-14,1,我只要我开心,时代少年团,热度 219%,,706504693,002zvO7r0gSXWZ,https://y.qq.com/n/ryqq/toplist/62
2026-07-14,2026-07-14T14:36:17+08:00,QQ音乐,飙升榜,飙升榜,2026-07-14,2,太阳,张艺兴,热度 48%,,697611916,001w138z3PZEcz,https://y.qq.com/n/ryqq/toplist/62
2026-07-14,2026-07-14T14:36:17+08:00,QQ音乐,飙升榜,飙升榜,2026-07-14,3,选择题,鹭卓,热度 35%,,707019385,002c83pC3o9r3T,https://y.qq.com/n/ryqq/toplist/62
2026-07-14,2026-07-14T14:36:17+08:00,QQ音乐,飙升榜,飙升榜,2026-07-14,4,边界,于文文,热度 22%,,697515623,001AnXF325jMfu,https://y.qq.com/n/ryqq/toplist/62
2026-07-14,2026-07-14T14:36:17+08:00,QQ音乐,飙升榜,飙升榜,2026-07-14,5,灌溉,于文文,热度 19%,,697515627,001AnXF325jMfu,https://y.qq.com/n/ryqq/toplist/62
2026-07-14,2026-07-14T14:36:17+08:00,QQ音乐,飙升榜,飙升榜,2026-07-14,6,好演员,于文文,热度 19%,,697515631,001AnXF325jMfu,https://y.qq.com/n/ryqq/toplist/62
2026-07-14,2026-07-14T14:36:17+08:00,QQ音乐,飙升榜,飙升榜,2026-07-14,7,甲乙丙丁 (你我怎么两清),李佳薇,热度 18%,,696262512,00446QRA1fTdqA,https://y.qq.com/n/ryqq/toplist/62
2026-07-14,2026-07-14T14:36:17+08:00,QQ音乐,飙升榜,飙升榜,2026-07-14,8,讨厌,芮恩,热度 17%,,138194,001EFkTG1wgW4n,https://y.qq.com/n/ryqq/toplist/62
2026-07-14,2026-07-14T14:36:17+08:00,QQ音乐,飙升榜,飙升榜,2026-07-14,9,Beauty And A Beat,Justin Bieber/Nicki Minaj,热度 15%,,1473252,002XddZv4cGsXb,https://y.qq.com/n/ryqq/toplist/62
2026-07-14,2026-07-14T14:36:17+08:00,QQ音乐,飙升榜,飙升榜,2026-07-14,10,圆,于文文,热度 13%,,697515632,001AnXF325jMfu,https://y.qq.com/n/ryqq/toplist/62
2026-07-14,2026-07-14T14:36:17+08:00,QQ音乐,飙升榜,飙升榜,2026-07-14,11,终身美丽,郑秀文,热度 12%,,142633,004PGI0m1eIiaC,https://y.qq.com/n/ryqq/toplist/62
2026-07-14,2026-07-14T14:36:17+08:00,QQ音乐,飙升榜,飙升榜,2026-07-14,12,樱花草,Sweety,热度 12%,,481456,000pKXff1doeOd,https://y.qq.com/n/ryqq/toplist/62
2026-07-14,2026-07-14T14:36:17+08:00,QQ音乐,飙升榜,飙升榜,2026-07-14,13,后会无期,徐良/汪苏泷,热度 12%,,7112743,002apRhZ4Bq99d,https://y.qq.com/n/ryqq/toplist/62
2026-07-14,2026-07-14T14:36:17+08:00,QQ音乐,飙升榜,飙升榜,2026-07-14,14,光明,汪峰,热度 11%,,618108,001JooFP2Yu9RI,https://y.qq.com/n/ryqq/toplist/62
2026-07-14,2026-07-14T14:36:17+08:00,QQ音乐,飙升榜,飙升榜,2026-07-14,15,陪你去流浪,薛之谦,热度 11%,,233704383,000DMpJ73yeITP,https://y.qq.com/n/ryqq/toplist/62
2026-07-14,2026-07-14T14:36:17+08:00,QQ音乐,飙升榜,飙升榜,2026-07-14,16,小尖尖,韩红/薛之谦,热度 11%,,275492762,000K9Zp13TZp5s,https://y.qq.com/n/ryqq/toplist/62
2026-07-14,2026-07-14T14:36:17+08:00,QQ音乐,飙升榜,飙升榜,2026-07-14,17,其实,薛之谦,热度 10%,,104775877,000QgFcm0v8WaF,https://y.qq.com/n/ryqq/toplist/62
2026-07-14,2026-07-14T14:36:17+08:00,QQ音乐,飙升榜,飙升榜,2026-07-14,18,街道,林俊杰,热度 9%,,447258,002g6zv02X7SNi,https://y.qq.com/n/ryqq/toplist/62
2026-07-14,2026-07-14T14:36:17+08:00,QQ音乐,飙升榜,飙升榜,2026-07-14,19,无人之岛,任然,热度 9%,,203452364,002lMPc30c4rOO,https://y.qq.com/n/ryqq/toplist/62
2026-07-14,2026-07-14T14:36:17+08:00,QQ音乐,飙升榜,飙升榜,2026-07-14,20,知我,刘雨昕,热度 9%,,706235308,002M78I32hwpoX,https://y.qq.com/n/ryqq/toplist/62
2026-07-14,2026-07-14T14:36:17+08:00,QQ音乐,飙升榜,飙升榜,2026-07-14,21,一直很安静,阿桑,热度 9%,,448593,002fNZDg1LHT3o,https://y.qq.com/n/ryqq/toplist/62
2026-07-14,2026-07-14T14:36:17+08:00,QQ音乐,飙升榜,飙升榜,2026-07-14,22,讨厌 (Live),杨丞琳/欧阳娜娜,热度 9%,,706493068,001AMQ5C1XeIWo,https://y.qq.com/n/ryqq/toplist/62
2026-07-14,2026-07-14T14:36:17+08:00,QQ音乐,飙升榜,飙升榜,2026-07-14,23,时代曲 (Remastered 2026),陈奕迅,热度 8%,,706546385,002ycMir3MTfxh,https://y.qq.com/n/ryqq/toplist/62
2026-07-14,2026-07-14T14:36:17+08:00,QQ音乐,飙升榜,飙升榜,2026-07-14,24,你还要我怎样,薛之谦,热度 8%,,5106430,000QgFcm0v8WaF,https://y.qq.com/n/ryqq/toplist/62
2026-07-14,2026-07-14T14:36:17+08:00,QQ音乐,飙升榜,飙升榜,2026-07-14,25,迟迟,薛之谦,热度 8%,,291902614,000K9Zp13TZp5s,https://y.qq.com/n/ryqq/toplist/62
2026-07-14,2026-07-14T14:36:17+08:00,QQ音乐,飙升榜,飙升榜,2026-07-14,26,那时雨,徐良,热度 8%,,229661539,002JsVIJ31j7qR,https://y.qq.com/n/ryqq/toplist/62
2026-07-14,2026-07-14T14:36:17+08:00,QQ音乐,飙升榜,飙升榜,2026-07-14,27,多远都要在一起,G.E.M. 邓紫棋,热度 7%,,102174489,003c616O2Zlswm,https://y.qq.com/n/ryqq/toplist/62
2026-07-14,2026-07-14T14:36:17+08:00,QQ音乐,飙升榜,飙升榜,2026-07-14,28,乐此不疲,陈伟霆,热度 7%,,706498059,002MRWBb0HhAAO,https://y.qq.com/n/ryqq/toplist/62
2026-07-14,2026-07-14T14:36:17+08:00,QQ音乐,飙升榜,飙升榜,2026-07-14,29,孙尚香,曾沛慈,热度 7%,,551224464,001SNVFk2UwyVd,https://y.qq.com/n/ryqq/toplist/62
2026-07-14,2026-07-14T14:36:17+08:00,QQ音乐,飙升榜,飙升榜,2026-07-14,30,最佳损友,陈奕迅,热度 7%,,1338414,002FT46H18G1jW,https://y.qq.com/n/ryqq/toplist/62
2026-07-14,2026-07-14T14:36:17+08:00,QQ音乐,飙升榜,飙升榜,2026-07-14,31,我不配,周杰伦,热度 7%,,102700397,002eFUFm2XYZ7z,https://y.qq.com/n/ryqq/toplist/62
2026-07-14,2026-07-14T14:36:17+08:00,QQ音乐,飙升榜,飙升榜,2026-07-14,32,租购,薛之谦,热度 7%,,545772161,002N4fUq1kRST2,https://y.qq.com/n/ryqq/toplist/62
2026-07-14,2026-07-14T14:36:17+08:00,QQ音乐,飙升榜,飙升榜,2026-07-14,33,坏女孩,徐良/小凌,热度 7%,,7112749,002apRhZ4Bq99d,https://y.qq.com/n/ryqq/toplist/62
2026-07-14,2026-07-14T14:36:17+08:00,QQ音乐,飙升榜,飙升榜,2026-07-14,34,演员,薛之谦,热度 7%,,102636799,003y8dsH2wBHlo,https://y.qq.com/n/ryqq/toplist/62
2026-07-14,2026-07-14T14:36:17+08:00,QQ音乐,飙升榜,飙升榜,2026-07-14,35,爱在西元前,周杰伦,热度 7%,,97740,000I5jJB3blWeN,https://y.qq.com/n/ryqq/toplist/62
2026-07-14,2026-07-14T14:36:17+08:00,QQ音乐,飙升榜,飙升榜,2026-07-14,36,Call My Name,张艺兴,热度 7%,,692853408,001w138z3PZEcz,https://y.qq.com/n/ryqq/toplist/62
2026-07-14,2026-07-14T14:36:17+08:00,QQ音乐,飙升榜,飙升榜,2026-07-14,37,爱情怎么喊停,曾沛慈,热度 7%,,5655825,00270EmH0YDA3F,https://y.qq.com/n/ryqq/toplist/62
2026-07-14,2026-07-14T14:36:17+08:00,QQ音乐,飙升榜,飙升榜,2026-07-14,38,劫,于文文,热度 7%,,697515628,001AnXF325jMfu,https://y.qq.com/n/ryqq/toplist/62
2026-07-14,2026-07-14T14:36:17+08:00,QQ音乐,飙升榜,飙升榜,2026-07-14,39,别怕变老,王以太/艾热AIR,热度 7%,,334473919,000KoPeI484qGg,https://y.qq.com/n/ryqq/toplist/62
2026-07-14,2026-07-14T14:36:17+08:00,QQ音乐,飙升榜,飙升榜,2026-07-14,40,刚刚好,薛之谦,热度 7%,,107192538,000dcZ9I1nzO62,https://y.qq.com/n/ryqq/toplist/62
2026-07-14,2026-07-14T14:36:17+08:00,QQ音乐,飙升榜,飙升榜,2026-07-14,41,唯一,G.E.M. 邓紫棋,热度 7%,,438910555,002d6m7k0xCbSv,https://y.qq.com/n/ryqq/toplist/62
2026-07-14,2026-07-14T14:36:17+08:00,QQ音乐,飙升榜,飙升榜,2026-07-14,42,开始懂了,孙燕姿,热度 7%,,5646,004KRIQr1oCp2A,https://y.qq.com/n/ryqq/toplist/62
2026-07-14,2026-07-14T14:36:17+08:00,QQ音乐,飙升榜,飙升榜,2026-07-14,43,意外,薛之谦,热度 7%,,5106590,000QgFcm0v8WaF,https://y.qq.com/n/ryqq/toplist/62
2026-07-14,2026-07-14T14:36:17+08:00,QQ音乐,飙升榜,飙升榜,2026-07-14,44,情歌,梁静茹,热度 7%,,462188,002E4IXe1ESUij,https://y.qq.com/n/ryqq/toplist/62
2026-07-14,2026-07-14T14:36:17+08:00,QQ音乐,飙升榜,飙升榜,2026-07-14,45,天外来物,薛之谦,热度 7%,,272125057,000K9Zp13TZp5s,https://y.qq.com/n/ryqq/toplist/62
2026-07-14,2026-07-14T14:36:17+08:00,QQ音乐,飙升榜,飙升榜,2026-07-14,46,梦哑,任然,热度 7%,,670769297,000JotAZ2WZEkq,https://y.qq.com/n/ryqq/toplist/62
2026-07-14,2026-07-14T14:36:17+08:00,QQ音乐,飙升榜,飙升榜,2026-07-14,47,红尘客栈,周杰伦,热度 6%,,5177680,003Ow85E3pnoqi,https://y.qq.com/n/ryqq/toplist/62
2026-07-14,2026-07-14T14:36:17+08:00,QQ音乐,飙升榜,飙升榜,2026-07-14,48,INTRO,张艺兴,热度 6%,,697811338,001w138z3PZEcz,https://y.qq.com/n/ryqq/toplist/62
2026-07-14,2026-07-14T14:36:17+08:00,QQ音乐,飙升榜,飙升榜,2026-07-14,49,恋人,李荣浩,热度 6%,,496054946,004HaG7p4ZkhXA,https://y.qq.com/n/ryqq/toplist/62
2026-07-14,2026-07-14T14:36:17+08:00,QQ音乐,飙升榜,飙升榜,2026-07-14,50,연애의 조건 (LOVE OPTIONS) (恋爱的条件),BESTie (베스티),热度 6%,,101834242,0034h3c72cswaP,https://y.qq.com/n/ryqq/toplist/62
2026-07-14,2026-07-14T14:36:17+08:00,QQ音乐,飙升榜,飙升榜,2026-07-14,51,离开我的依赖,王艳薇,热度 6%,,253383943,004CSyAN1oc97b,https://y.qq.com/n/ryqq/toplist/62
2026-07-14,2026-07-14T14:36:17+08:00,QQ音乐,飙升榜,飙升榜,2026-07-14,52,方圆几里,薛之谦,热度 6%,,3585639,000QgFcm0v8WaF,https://y.qq.com/n/ryqq/toplist/62
2026-07-14,2026-07-14T14:36:17+08:00,QQ音乐,飙升榜,飙升榜,2026-07-14,53,聊表心意,薛之谦/刘惜君,热度 6%,,233704415,000DMpJ73yeITP,https://y.qq.com/n/ryqq/toplist/62
2026-07-14,2026-07-14T14:36:17+08:00,QQ音乐,飙升榜,飙升榜,2026-07-14,54,春娇与志明,街道办GDC/欧阳耀莹,热度 6%,,205357640,000lrXyA0MlEEo,https://y.qq.com/n/ryqq/toplist/62
2026-07-14,2026-07-14T14:36:17+08:00,QQ音乐,飙升榜,飙升榜,2026-07-14,55,暧昧,薛之谦,热度 6%,,201697348,001L7UIu3GXVtT,https://y.qq.com/n/ryqq/toplist/62
2026-07-14,2026-07-14T14:36:17+08:00,QQ音乐,飙升榜,飙升榜,2026-07-14,56,Whiplash,aespa (에스파),热度 6%,,526191277,004fDvtA0IopKG,https://y.qq.com/n/ryqq/toplist/62
2026-07-14,2026-07-14T14:36:17+08:00,QQ音乐,飙升榜,飙升榜,2026-07-14,57,斗战胜佛,张艺兴,热度 6%,,697581244,001w138z3PZEcz,https://y.qq.com/n/ryqq/toplist/62
2026-07-14,2026-07-14T14:36:17+08:00,QQ音乐,飙升榜,飙升榜,2026-07-14,58,动物世界,薛之谦,热度 6%,,201452010,001L7UIu3GXVtT,https://y.qq.com/n/ryqq/toplist/62
2026-07-14,2026-07-14T14:36:17+08:00,QQ音乐,飙升榜,飙升榜,2026-07-14,59,我不难过,孙燕姿,热度 6%,,8136,004VSvF52mQoQp,https://y.qq.com/n/ryqq/toplist/62
2026-07-14,2026-07-14T14:36:17+08:00,QQ音乐,飙升榜,飙升榜,2026-07-14,60,The Other Side Of Paradise (Explicit),Glass Animals,热度 6%,,319782348,001eucpH3ZIJnM,https://y.qq.com/n/ryqq/toplist/62
2026-07-14,2026-07-14T14:36:17+08:00,QQ音乐,飙升榜,飙升榜,2026-07-14,61,写故事的人,汪苏泷,热度 6%,,655794073,000A1M903iHvyT,https://y.qq.com/n/ryqq/toplist/62
2026-07-14,2026-07-14T14:36:17+08:00,QQ音乐,飙升榜,飙升榜,2026-07-14,62,如果爱忘了 (Live),汪苏泷/单依纯,热度 6%,,471040573,001rd1S93gcWUF,https://y.qq.com/n/ryqq/toplist/62
2026-07-14,2026-07-14T14:36:17+08:00,QQ音乐,飙升榜,飙升榜,2026-07-14,63,我好像在哪见过你,薛之谦,热度 6%,,107439472,000dcZ9I1nzO62,https://y.qq.com/n/ryqq/toplist/62
2026-07-14,2026-07-14T14:36:17+08:00,QQ音乐,飙升榜,飙升榜,2026-07-14,64,枫,周杰伦,热度 6%,,718479,0024bjiL2aocxT,https://y.qq.com/n/ryqq/toplist/62
2026-07-14,2026-07-14T14:36:17+08:00,QQ音乐,飙升榜,飙升榜,2026-07-14,65,原来活着,于文文,热度 6%,,697515625,001AnXF325jMfu,https://y.qq.com/n/ryqq/toplist/62
2026-07-14,2026-07-14T14:36:17+08:00,QQ音乐,飙升榜,飙升榜,2026-07-14,66,素颜,许嵩/何曼婷,热度 6%,,101813361,0035f8nw11cjkf,https://y.qq.com/n/ryqq/toplist/62
2026-07-14,2026-07-14T14:36:17+08:00,QQ音乐,飙升榜,飙升榜,2026-07-14,67,像风一样,薛之谦,热度 6%,,207323048,001L7UIu3GXVtT,https://y.qq.com/n/ryqq/toplist/62
2026-07-14,2026-07-14T14:36:17+08:00,QQ音乐,飙升榜,飙升榜,2026-07-14,68,那是你离开了北京的生活,薛之谦,热度 6%,,226389887,002RCBfC1QExPO,https://y.qq.com/n/ryqq/toplist/62
2026-07-14,2026-07-14T14:36:17+08:00,QQ音乐,飙升榜,飙升榜,2026-07-14,69,一个人想着一个人,曾沛慈,热度 6%,,4716045,003wP0m32WRVql,https://y.qq.com/n/ryqq/toplist/62
2026-07-14,2026-07-14T14:36:17+08:00,QQ音乐,飙升榜,飙升榜,2026-07-14,70,下雨了,薛之谦,热度 6%,,102636800,003y8dsH2wBHlo,https://y.qq.com/n/ryqq/toplist/62
2026-07-14,2026-07-14T14:36:17+08:00,QQ音乐,飙升榜,飙升榜,2026-07-14,71,有何不可,许嵩,热度 6%,,102296985,002KSDg90IaScI,https://y.qq.com/n/ryqq/toplist/62
2026-07-14,2026-07-14T14:36:17+08:00,QQ音乐,飙升榜,飙升榜,2026-07-14,72,爱我还是他,陶喆,热度 6%,,7211247,003ofGzS3C23Ow,https://y.qq.com/n/ryqq/toplist/62
2026-07-14,2026-07-14T14:36:17+08:00,QQ音乐,飙升榜,飙升榜,2026-07-14,73,我们俩,郭顶,热度 6%,,105413206,003sMyYb4HZAAz,https://y.qq.com/n/ryqq/toplist/62
2026-07-14,2026-07-14T14:36:17+08:00,QQ音乐,飙升榜,飙升榜,2026-07-14,74,认真的雪,薛之谦,热度 6%,,1333803,003mUYW22JXKVK,https://y.qq.com/n/ryqq/toplist/62
2026-07-14,2026-07-14T14:36:17+08:00,QQ音乐,飙升榜,飙升榜,2026-07-14,75,ANGEL (天使),尹美莱 (윤미래)/Tiger JK/Bizzy (비지),热度 6%,,101138130,000qiKcT05rSr9,https://y.qq.com/n/ryqq/toplist/62
2026-07-14,2026-07-14T14:36:17+08:00,QQ音乐,飙升榜,飙升榜,2026-07-14,76,我落泪情绪零碎,周杰伦,热度 6%,,680284,000bviBl4FjTpO,https://y.qq.com/n/ryqq/toplist/62
2026-07-14,2026-07-14T14:36:17+08:00,QQ音乐,飙升榜,飙升榜,2026-07-14,77,雨爱,杨丞琳,热度 6%,,645819,000jcKFG0sQrD0,https://y.qq.com/n/ryqq/toplist/62
2026-07-14,2026-07-14T14:36:17+08:00,QQ音乐,飙升榜,飙升榜,2026-07-14,78,是什么,于文文,热度 6%,,697515622,001AnXF325jMfu,https://y.qq.com/n/ryqq/toplist/62
2026-07-14,2026-07-14T14:36:17+08:00,QQ音乐,飙升榜,飙升榜,2026-07-14,79,抽离,徐良/刘丹萌,热度 6%,,5021671,001GraMO3JQQLr,https://y.qq.com/n/ryqq/toplist/62
2026-07-14,2026-07-14T14:36:17+08:00,QQ音乐,飙升榜,飙升榜,2026-07-14,80,江南,林俊杰,热度 6%,,9063002,000y5gq7449K9I,https://y.qq.com/n/ryqq/toplist/62
2026-07-14,2026-07-14T14:36:17+08:00,QQ音乐,飙升榜,飙升榜,2026-07-14,81,我怀念的,孙燕姿,热度 6%,,5211338,000P3l050Olt27,https://y.qq.com/n/ryqq/toplist/62
2026-07-14,2026-07-14T14:36:17+08:00,QQ音乐,飙升榜,飙升榜,2026-07-14,82,绅士,薛之谦,热度 5%,,102425546,003y8dsH2wBHlo,https://y.qq.com/n/ryqq/toplist/62
2026-07-14,2026-07-14T14:36:17+08:00,QQ音乐,飙升榜,飙升榜,2026-07-14,83,那天下雨了,周杰伦,热度 5%,,649556362,0041WVfh2vtlJE,https://y.qq.com/n/ryqq/toplist/62
2026-07-14,2026-07-14T14:36:17+08:00,QQ音乐,飙升榜,飙升榜,2026-07-14,84,无常,于文文,热度 5%,,697515624,001AnXF325jMfu,https://y.qq.com/n/ryqq/toplist/62
2026-07-14,2026-07-14T14:36:17+08:00,QQ音乐,飙升榜,飙升榜,2026-07-14,85,像晴天像雨天,汪苏泷,热度 5%,,560651613,001V8PDy1om05K,https://y.qq.com/n/ryqq/toplist/62
2026-07-14,2026-07-14T14:36:17+08:00,QQ音乐,飙升榜,飙升榜,2026-07-14,86,倒数,G.E.M. 邓紫棋,热度 5%,,215540451,003cKIKZ1J4Yyu,https://y.qq.com/n/ryqq/toplist/62
2026-07-14,2026-07-14T14:36:17+08:00,QQ音乐,飙升榜,飙升榜,2026-07-14,87,怪咖,薛之谦,热度 5%,,214182478,0015rUVB2OUdGA,https://y.qq.com/n/ryqq/toplist/62
2026-07-14,2026-07-14T14:36:17+08:00,QQ音乐,飙升榜,飙升榜,2026-07-14,88,爱错,王力宏,热度 5%,,105905415,002ElVxf43rOue,https://y.qq.com/n/ryqq/toplist/62
2026-07-14,2026-07-14T14:36:17+08:00,QQ音乐,飙升榜,飙升榜,2026-07-14,89,爱谁谁,张艺兴,热度 5%,,697581246,001w138z3PZEcz,https://y.qq.com/n/ryqq/toplist/62
2026-07-14,2026-07-14T14:36:17+08:00,QQ音乐,飙升榜,飙升榜,2026-07-14,90,我们的歌,王力宏,热度 5%,,102193483,002Zwh5p4HgecI,https://y.qq.com/n/ryqq/toplist/62
2026-07-14,2026-07-14T14:36:17+08:00,QQ音乐,飙升榜,飙升榜,2026-07-14,91,珊瑚海,周杰伦/Lara梁心颐,热度 5%,,718486,0024bjiL2aocxT,https://y.qq.com/n/ryqq/toplist/62
2026-07-14,2026-07-14T14:36:17+08:00,QQ音乐,飙升榜,飙升榜,2026-07-14,92,修炼爱情,林俊杰,热度 5%,,5063375,001gqOnU3DTg2S,https://y.qq.com/n/ryqq/toplist/62
2026-07-14,2026-07-14T14:36:17+08:00,QQ音乐,飙升榜,飙升榜,2026-07-14,93,Higher,张艺兴,热度 5%,,697581245,001w138z3PZEcz,https://y.qq.com/n/ryqq/toplist/62
2026-07-14,2026-07-14T14:36:17+08:00,QQ音乐,飙升榜,飙升榜,2026-07-14,94,吹吹山顶的风,巴扎黑,热度 5%,,704031733,000XMQpY03njU9,https://y.qq.com/n/ryqq/toplist/62
2026-07-14,2026-07-14T14:36:17+08:00,QQ音乐,飙升榜,飙升榜,2026-07-14,95,无名的人,毛不易,热度 5%,,336582682,002mPgSG01LLtu,https://y.qq.com/n/ryqq/toplist/62
2026-07-14,2026-07-14T14:36:17+08:00,QQ音乐,飙升榜,飙升榜,2026-07-14,96,失眠,Suki刘舒妤,热度 5%,,4733575,002xCeeN4EJ1Ke,https://y.qq.com/n/ryqq/toplist/62
2026-07-14,2026-07-14T14:36:17+08:00,QQ音乐,飙升榜,飙升榜,2026-07-14,97,发如雪,周杰伦,热度 5%,,718475,0024bjiL2aocxT,https://y.qq.com/n/ryqq/toplist/62
2026-07-14,2026-07-14T14:36:17+08:00,QQ音乐,飙升榜,飙升榜,2026-07-14,98,给你的约定 (Promise),SUPER JUNIOR-83z,热度 5%,,697410924,004F1M8940gW9b,https://y.qq.com/n/ryqq/toplist/62
2026-07-14,2026-07-14T14:36:17+08:00,QQ音乐,飙升榜,飙升榜,2026-07-14,99,那些你很冒险的梦,林俊杰,热度 5%,,102388808,002PQCmo2azasb,https://y.qq.com/n/ryqq/toplist/62
2026-07-14,2026-07-14T14:36:17+08:00,QQ音乐,飙升榜,飙升榜,2026-07-14,100,不将就,李荣浩,热度 5%,,102367085,001fi1zG0EjU2u,https://y.qq.com/n/ryqq/toplist/62
2026-07-14,2026-07-14T14:36:17+08:00,酷狗音乐,热歌榜,酷狗TOP500,2026-07-14,1,吹吹山顶的风,巴扎黑,,2:59,87311B26EDEE637CA1448E14230BCB68,198304563,https://www.kugou.com/yy/rank/home/1-8888.html?from=rank
2026-07-14,2026-07-14T14:36:17+08:00,酷狗音乐,热歌榜,酷狗TOP500,2026-07-14,2,你有没有真的爱过我,阿图表妹,,4:03,FE39668F68770C3FB3BE57A3E86CCC10,190170015,https://www.kugou.com/yy/rank/home/1-8888.html?from=rank
2026-07-14,2026-07-14T14:36:17+08:00,酷狗音乐,热歌榜,酷狗TOP500,2026-07-14,3,岁月如笔写春秋,河南三妹5233,,4:11,5D4C2F9D994E5BECDC9BA0FBC6BD3DD8,191576482,https://www.kugou.com/yy/rank/home/1-8888.html?from=rank
2026-07-14,2026-07-14T14:36:17+08:00,酷狗音乐,热歌榜,酷狗TOP500,2026-07-14,4,人生路漫漫,白小白,,3:55,B8CA573A69DB5050C7EE0C1AB79144E5,179917533,https://www.kugou.com/yy/rank/home/1-8888.html?from=rank
2026-07-14,2026-07-14T14:36:17+08:00,酷狗音乐,热歌榜,酷狗TOP500,2026-07-14,5,你本就是光,刘亦辰,,3:01,5943DA649B2516ABBEF2379C29202051,195268232,https://www.kugou.com/yy/rank/home/1-8888.html?from=rank
2026-07-14,2026-07-14T14:36:17+08:00,酷狗音乐,热歌榜,酷狗TOP500,2026-07-14,6,甲乙丙丁 (你我怎么两清),李佳薇,,3:30,213D580CA0BDCC28A5FDBA995FFDA106,197648995,https://www.kugou.com/yy/rank/home/1-8888.html?from=rank
2026-07-14,2026-07-14T14:36:17+08:00,酷狗音乐,热歌榜,酷狗TOP500,2026-07-14,7,樱花草,Sweety,,4:44,F0B01830164E4974A2AC9E85DD446D45,507451,https://www.kugou.com/yy/rank/home/1-8888.html?from=rank
2026-07-14,2026-07-14T14:36:17+08:00,酷狗音乐,热歌榜,酷狗TOP500,2026-07-14,8,踏马寻花向自由 (雷鬼版),超哥,,2:59,B5BA68A039E54847B4E14A46A268991B,194886112,https://www.kugou.com/yy/rank/home/1-8888.html?from=rank
2026-07-14,2026-07-14T14:36:17+08:00,酷狗音乐,热歌榜,酷狗TOP500,2026-07-14,9,阴天,莫文蔚,,4:02,E4271CB5938F401AA283FBEA49223BF8,970575,https://www.kugou.com/yy/rank/home/1-8888.html?from=rank
2026-07-14,2026-07-14T14:36:17+08:00,酷狗音乐,热歌榜,酷狗TOP500,2026-07-14,10,讨厌,芮恩,,4:18,C88A8D3EF16E2C4E944B947E0F56A7AD,2996887,https://www.kugou.com/yy/rank/home/1-8888.html?from=rank
2026-07-14,2026-07-14T14:36:17+08:00,酷狗音乐,热歌榜,酷狗TOP500,2026-07-14,11,失眠,Suki刘舒妤,,3:31,EC476A2009EF5DCAC13EDCD11870DF55,671621,https://www.kugou.com/yy/rank/home/1-8888.html?from=rank
2026-07-14,2026-07-14T14:36:17+08:00,酷狗音乐,热歌榜,酷狗TOP500,2026-07-14,12,雨过后的风景,Dizzy Dizzo (蔡诗芸),,4:03,E3F046EDB5EB76BBA5A44FFA3D8F8C42,974143,https://www.kugou.com/yy/rank/home/1-8888.html?from=rank
2026-07-14,2026-07-14T14:36:17+08:00,酷狗音乐,热歌榜,酷狗TOP500,2026-07-14,13,岁月如笔写春秋,郭少杰,,4:11,6FCF099C6A88F85FC8417AFD452D54FD,190046745,https://www.kugou.com/yy/rank/home/1-8888.html?from=rank
2026-07-14,2026-07-14T14:36:17+08:00,酷狗音乐,热歌榜,酷狗TOP500,2026-07-14,14,Angel,尹美莱、Tiger JK、Bizzy,,4:15,062EA07BB74A381C54524C9F91714D81,964390,https://www.kugou.com/yy/rank/home/1-8888.html?from=rank
2026-07-14,2026-07-14T14:36:17+08:00,酷狗音乐,热歌榜,酷狗TOP500,2026-07-14,15,我只要我开心,时代少年团,,3:49,AC8E2BA224B8F65849F31A7D644DF6D9,198911799,https://www.kugou.com/yy/rank/home/1-8888.html?from=rank
2026-07-14,2026-07-14T14:36:17+08:00,酷狗音乐,热歌榜,酷狗TOP500,2026-07-14,16,街道,林俊杰,,4:02,D9DF39A88E29EADDB272A4B04393D357,963179,https://www.kugou.com/yy/rank/home/1-8888.html?from=rank
2026-07-14,2026-07-14T14:36:17+08:00,酷狗音乐,热歌榜,酷狗TOP500,2026-07-14,17,黄昏 (纵然青丝如霜)(R&B版),落日微醺,,4:05,423FC1778078ACF260242626820E4244,194767721,https://www.kugou.com/yy/rank/home/1-8888.html?from=rank
2026-07-14,2026-07-14T14:36:17+08:00,酷狗音乐,热歌榜,酷狗TOP500,2026-07-14,18,恋人,李荣浩,,4:36,9DA7851E2BF83B18C74CBBAB461CEFDD,106374641,https://www.kugou.com/yy/rank/home/1-8888.html?from=rank
2026-07-14,2026-07-14T14:36:17+08:00,酷狗音乐,热歌榜,酷狗TOP500,2026-07-14,19,街角的晚风,陈小春,,4:00,18B89D66950B7856EABB131BB6273F6E,169830039,https://www.kugou.com/yy/rank/home/1-8888.html?from=rank
2026-07-14,2026-07-14T14:36:17+08:00,酷狗音乐,热歌榜,酷狗TOP500,2026-07-14,20,Fever Pitch,Richz,,2:15,594B915AEEDA7DA8F5BD70B63EA76EAD,180499937,https://www.kugou.com/yy/rank/home/1-8888.html?from=rank
2026-07-14,2026-07-14T14:36:17+08:00,酷狗音乐,热歌榜,酷狗TOP500,2026-07-14,21,小半,陈粒,,4:57,AFEA9FFE5D7F0EF0874119A363820D33,1749208,https://www.kugou.com/yy/rank/home/1-8888.html?from=rank
2026-07-14,2026-07-14T14:36:17+08:00,酷狗音乐,热歌榜,酷狗TOP500,2026-07-14,22,雨爱,杨丞琳,,4:21,2592FFA57A2D8B1A16F18D991B7098CD,2694607,https://www.kugou.com/yy/rank/home/1-8888.html?from=rank
2026-07-14,2026-07-14T14:36:17+08:00,酷狗音乐,热歌榜,酷狗TOP500,2026-07-14,23,枪火 (相对那就针锋相对),宝石Gem,,3:18,76923758046CB591DC9556D1FB69D976,154798334,https://www.kugou.com/yy/rank/home/2-8888.html?from=rank
2026-07-14,2026-07-14T14:36:17+08:00,酷狗音乐,热歌榜,酷狗TOP500,2026-07-14,24,无人之岛,任然,,4:45,8E568D8806F771607104D8BF9695ACE0,2916172,https://www.kugou.com/yy/rank/home/2-8888.html?from=rank
2026-07-14,2026-07-14T14:36:17+08:00,酷狗音乐,热歌榜,酷狗TOP500,2026-07-14,25,梦哑,任然,,3:54,3194D1AA995469BEF8620E96989D6BA8,193630889,https://www.kugou.com/yy/rank/home/2-8888.html?from=rank
2026-07-14,2026-07-14T14:36:17+08:00,酷狗音乐,热歌榜,酷狗TOP500,2026-07-14,26,亲爱的你啊,任素汐,,3:56,C42C2C5C7A68CDAFBF543F29AF883B1D,144348541,https://www.kugou.com/yy/rank/home/2-8888.html?from=rank
2026-07-14,2026-07-14T14:36:17+08:00,酷狗音乐,热歌榜,酷狗TOP500,2026-07-14,27,若不是因为你 (深情版),林栖,,4:13,6CCB2559DE8FC8965E98F641C4C33B6A,176013962,https://www.kugou.com/yy/rank/home/2-8888.html?from=rank
2026-07-14,2026-07-14T14:36:17+08:00,酷狗音乐,热歌榜,酷狗TOP500,2026-07-14,28,好想再爱你,潘广益,,4:31,B78BA4062528E712B68C42DC6A4D9AAE,957659,https://www.kugou.com/yy/rank/home/2-8888.html?from=rank
2026-07-14,2026-07-14T14:36:17+08:00,酷狗音乐,热歌榜,酷狗TOP500,2026-07-14,29,抽离,徐良、刘丹萌,,4:18,37A9C74C33A9FAEFF672CFDF4C699581,547514,https://www.kugou.com/yy/rank/home/2-8888.html?from=rank
2026-07-14,2026-07-14T14:36:17+08:00,酷狗音乐,热歌榜,酷狗TOP500,2026-07-14,30,晴天,周杰伦,,4:29,B3A52A7A958BF0AED0EBFBA2E9A818B7,966846,https://www.kugou.com/yy/rank/home/2-8888.html?from=rank
2026-07-14,2026-07-14T14:36:17+08:00,酷狗音乐,热歌榜,酷狗TOP500,2026-07-14,31,离开我的依赖,王艳薇,,3:54,A9C377CC1B9931F0CE81907E23E4D588,36181053,https://www.kugou.com/yy/rank/home/2-8888.html?from=rank
2026-07-14,2026-07-14T14:36:17+08:00,酷狗音乐,热歌榜,酷狗TOP500,2026-07-14,32,月满西楼约,如梦,,3:53,9D46CB34459F26B7D109F52BF0A68472,182028898,https://www.kugou.com/yy/rank/home/2-8888.html?from=rank
2026-07-14,2026-07-14T14:36:17+08:00,酷狗音乐,热歌榜,酷狗TOP500,2026-07-14,33,若今生无缘 (若今生已无缘),万海东,,3:40,E74F4CC22263126EDD4A721AD0D0D0A8,195038536,https://www.kugou.com/yy/rank/home/2-8888.html?from=rank
2026-07-14,2026-07-14T14:36:17+08:00,酷狗音乐,热歌榜,酷狗TOP500,2026-07-14,34,盛夏的果实,莫文蔚,,4:11,1C86CBC64AE9A6C3539A36CAADDF1A59,978378,https://www.kugou.com/yy/rank/home/2-8888.html?from=rank
2026-07-14,2026-07-14T14:36:17+08:00,酷狗音乐,热歌榜,酷狗TOP500,2026-07-14,35,有风的日落,万海东,,3:49,94774F06E73EF9ABD739423E1A414593,181906094,https://www.kugou.com/yy/rank/home/2-8888.html?from=rank
2026-07-14,2026-07-14T14:36:17+08:00,酷狗音乐,热歌榜,酷狗TOP500,2026-07-14,36,为爱痴狂 (想要问问你敢不敢),金志文,,2:21,8CA8C420761A7C36FF16DD42FE5D331D,9052054,https://www.kugou.com/yy/rank/home/2-8888.html?from=rank
2026-07-14,2026-07-14T14:36:17+08:00,酷狗音乐,热歌榜,酷狗TOP500,2026-07-14,37,半壶纱,刘珂矣,,3:41,951AB088C5A08F491471A1296DF93707,948327,https://www.kugou.com/yy/rank/home/2-8888.html?from=rank
2026-07-14,2026-07-14T14:36:17+08:00,酷狗音乐,热歌榜,酷狗TOP500,2026-07-14,38,Баллада,Xcho、Мот,,3:02,0B2EC37A6E065AD181378AAD27391F8F,91468549,https://www.kugou.com/yy/rank/home/2-8888.html?from=rank
2026-07-14,2026-07-14T14:36:17+08:00,酷狗音乐,热歌榜,酷狗TOP500,2026-07-14,39,西厢寻他,伯爵Johnny、唐伯虎Annie,,3:44,2B657B5B5D781C1A61D7E0D1F5E2DE22,53205523,https://www.kugou.com/yy/rank/home/2-8888.html?from=rank
2026-07-14,2026-07-14T14:36:17+08:00,酷狗音乐,热歌榜,酷狗TOP500,2026-07-14,40,西乌旗99号公路,LunaLiu刘不语、张川海,,3:29,F65BB0D87F5543387A50AEEBF55A1E8A,185310075,https://www.kugou.com/yy/rank/home/2-8888.html?from=rank
2026-07-14,2026-07-14T14:36:17+08:00,酷狗音乐,热歌榜,酷狗TOP500,2026-07-14,41,情歌,梁静茹,,4:20,72DB6DA75FFE23A3A6361BDB8F44D5F4,2997268,https://www.kugou.com/yy/rank/home/2-8888.html?from=rank
2026-07-14,2026-07-14T14:36:17+08:00,酷狗音乐,热歌榜,酷狗TOP500,2026-07-14,42,坏女孩,徐良、小凌,,4:07,813447A7B1220E4AB95CADE34BF7B7B8,511536,https://www.kugou.com/yy/rank/home/2-8888.html?from=rank
2026-07-14,2026-07-14T14:36:17+08:00,酷狗音乐,热歌榜,酷狗TOP500,2026-07-14,43,偏爱,张芸京,,3:33,4A544525C1F78DBDF25361DB0E255495,968788,https://www.kugou.com/yy/rank/home/2-8888.html?from=rank
2026-07-14,2026-07-14T14:36:17+08:00,酷狗音乐,热歌榜,酷狗TOP500,2026-07-14,44,The Other Side Of Paradise (Explicit),Glass Animals,,5:21,222314858D998CCDDD4BF0B7BAF2F5A2,47764102,https://www.kugou.com/yy/rank/home/2-8888.html?from=rank
2026-07-14,2026-07-14T14:36:17+08:00,酷狗音乐,热歌榜,酷狗TOP500,2026-07-14,45,Beauty And A Beat,Justin Bieber、Nicki Minaj,,3:47,FF5719341A9B004AA3E7312D617AE305,16996733,https://www.kugou.com/yy/rank/home/3-8888.html?from=rank
2026-07-14,2026-07-14T14:36:17+08:00,酷狗音乐,热歌榜,酷狗TOP500,2026-07-14,46,落日微醺 (晚风中一杯酒),落日微醺,,4:14,CB22754AB8A0F20FCC015D0A800758CE,196517740,https://www.kugou.com/yy/rank/home/3-8888.html?from=rank
2026-07-14,2026-07-14T14:36:17+08:00,酷狗音乐,热歌榜,酷狗TOP500,2026-07-14,47,最佳损友,陈奕迅,,3:54,CBFA7DDE592B23322E21E4BDAA9BE9F9,964332,https://www.kugou.com/yy/rank/home/3-8888.html?from=rank
2026-07-14,2026-07-14T14:36:17+08:00,酷狗音乐,热歌榜,酷狗TOP500,2026-07-14,48,后会无期,汪苏泷、徐良,,3:32,5F86140467A73FBF9C4F339F7B9AFC2C,511536,https://www.kugou.com/yy/rank/home/3-8888.html?from=rank
2026-07-14,2026-07-14T14:36:17+08:00,酷狗音乐,热歌榜,酷狗TOP500,2026-07-14,49,窝囊废,刘凤瑶、曾一鸣、张玮、李琦、派克特,,4:36,FDBDA52CDFE3B16758698D657BCECC70,198643730,https://www.kugou.com/yy/rank/home/3-8888.html?from=rank
2026-07-14,2026-07-14T14:36:17+08:00,酷狗音乐,热歌榜,酷狗TOP500,2026-07-14,50,演员,薛之谦,,4:21,097E777171F692855EAE98B6965F9477,14456909,https://www.kugou.com/yy/rank/home/3-8888.html?from=rank
2026-07-14,2026-07-14T14:36:17+08:00,酷狗音乐,热歌榜,酷狗TOP500,2026-07-14,51,唯一,G.E.M. 邓紫棋,,4:14,AB05B8F658851282DCB2CBAD548AEB9B,82564821,https://www.kugou.com/yy/rank/home/3-8888.html?from=rank
2026-07-14,2026-07-14T14:36:17+08:00,酷狗音乐,热歌榜,酷狗TOP500,2026-07-14,52,玻璃,Gareth.T,,3:05,ED0ED6B17B6C29695E97F5CC945C7901,191663409,https://www.kugou.com/yy/rank/home/3-8888.html?from=rank
2026-07-14,2026-07-14T14:36:17+08:00,酷狗音乐,热歌榜,酷狗TOP500,2026-07-14,53,听说当初你找过我,贺一航,,4:06,8853D5BDDDE97FEACFAF65371B68AD57,1969900,https://www.kugou.com/yy/rank/home/3-8888.html?from=rank
2026-07-14,2026-07-14T14:36:17+08:00,酷狗音乐,热歌榜,酷狗TOP500,2026-07-14,54,我怀念的,孙燕姿,,4:49,1A3CAACB1E361DAF217A2383E9C8E292,984086,https://www.kugou.com/yy/rank/home/3-8888.html?from=rank
2026-07-14,2026-07-14T14:36:17+08:00,酷狗音乐,热歌榜,酷狗TOP500,2026-07-14,55,告白气球,周杰伦,,3:36,688857974673645CE89EDA26A36DB19D,1645030,https://www.kugou.com/yy/rank/home/3-8888.html?from=rank
2026-07-14,2026-07-14T14:36:17+08:00,酷狗音乐,热歌榜,酷狗TOP500,2026-07-14,56,爱错,王力宏,,3:59,EC25602B56D5DAE36B27E82780FC6A22,2996462,https://www.kugou.com/yy/rank/home/3-8888.html?from=rank
2026-07-14,2026-07-14T14:36:17+08:00,酷狗音乐,热歌榜,酷狗TOP500,2026-07-14,57,茶花开了，该回家了,王睿卓、加木,,3:10,99F0F17B7C6F110346411E7AD552156D,133732298,https://www.kugou.com/yy/rank/home/3-8888.html?from=rank
2026-07-14,2026-07-14T14:36:17+08:00,酷狗音乐,热歌榜,酷狗TOP500,2026-07-14,58,心墙,郭静,,3:47,97870F3D4B01A7822DC497C6127EA66D,968033,https://www.kugou.com/yy/rank/home/3-8888.html?from=rank
2026-07-14,2026-07-14T14:36:17+08:00,酷狗音乐,热歌榜,酷狗TOP500,2026-07-14,59,青花瓷,周杰伦,,3:59,37A8F50A9EC3B267C3CC6BEC633D9C4A,979856,https://www.kugou.com/yy/rank/home/3-8888.html?from=rank
2026-07-14,2026-07-14T14:36:17+08:00,酷狗音乐,热歌榜,酷狗TOP500,2026-07-14,60,野心家,张靓颖,,4:43,1789AD88CFDD254910125F22494C0E8B,161637189,https://www.kugou.com/yy/rank/home/3-8888.html?from=rank
2026-07-14,2026-07-14T14:36:17+08:00,酷狗音乐,热歌榜,酷狗TOP500,2026-07-14,61,红尘客栈,周杰伦,,4:34,48729371F20FB048EF4E51D4CD41DBF5,982051,https://www.kugou.com/yy/rank/home/3-8888.html?from=rank
2026-07-14,2026-07-14T14:36:17+08:00,酷狗音乐,热歌榜,酷狗TOP500,2026-07-14,62,来不及爱你,h3R3,,3:25,E3ED52965CEE83A40D73C5FB1DA7FF62,76488384,https://www.kugou.com/yy/rank/home/3-8888.html?from=rank
2026-07-14,2026-07-14T14:36:17+08:00,酷狗音乐,热歌榜,酷狗TOP500,2026-07-14,63,其实,薛之谦,,4:02,2A8911EAD4838BF967CF5A300D787E53,960327,https://www.kugou.com/yy/rank/home/3-8888.html?from=rank
2026-07-14,2026-07-14T14:36:17+08:00,酷狗音乐,热歌榜,酷狗TOP500,2026-07-14,64,黄昏,周传雄,,5:44,7DE9A9CD041157F6BF3FE9FFBCF120E3,964612,https://www.kugou.com/yy/rank/home/3-8888.html?from=rank
2026-07-14,2026-07-14T14:36:17+08:00,酷狗音乐,热歌榜,酷狗TOP500,2026-07-14,65,烟火 (孤孤单单一个人),京六,,4:06,495D65F83F80948BE9E2683AEFD0E20A,198377118,https://www.kugou.com/yy/rank/home/3-8888.html?from=rank
2026-07-14,2026-07-14T14:36:17+08:00,酷狗音乐,热歌榜,酷狗TOP500,2026-07-14,66,也许在下雨天 (眼泪才不被看见),半糖记,,3:42,0945331DC3FA47261FD3844488DF8927,195573767,https://www.kugou.com/yy/rank/home/3-8888.html?from=rank
2026-07-14,2026-07-14T14:36:17+08:00,酷狗音乐,热歌榜,酷狗TOP500,2026-07-14,67,NIGHT DANCER,imase,,3:31,572C3807BF90891332ED77A72DB74272,59918395,https://www.kugou.com/yy/rank/home/4-8888.html?from=rank
2026-07-14,2026-07-14T14:36:17+08:00,酷狗音乐,热歌榜,酷狗TOP500,2026-07-14,68,光辉岁月,BEYOND,,5:04,42577AE022051D2E3C76890E40EE1AAD,960181,https://www.kugou.com/yy/rank/home/4-8888.html?from=rank
2026-07-14,2026-07-14T14:36:17+08:00,酷狗音乐,热歌榜,酷狗TOP500,2026-07-14,69,山歌追上云朵,央金拉姆,,3:35,B81F368C6B44B98B0E2B4E9F417F1002,193932928,https://www.kugou.com/yy/rank/home/4-8888.html?from=rank
2026-07-14,2026-07-14T14:36:17+08:00,酷狗音乐,热歌榜,酷狗TOP500,2026-07-14,70,一直很安静,阿桑,,4:10,44816EF0288A3B1ED2C4A5C5FE6B93B3,972917,https://www.kugou.com/yy/rank/home/4-8888.html?from=rank
2026-07-14,2026-07-14T14:36:17+08:00,酷狗音乐,热歌榜,酷狗TOP500,2026-07-14,71,稻香,周杰伦,,3:44,8909E1809908CD8E3BF6CF85D98B93F0,960399,https://www.kugou.com/yy/rank/home/4-8888.html?from=rank
2026-07-14,2026-07-14T14:36:17+08:00,酷狗音乐,热歌榜,酷狗TOP500,2026-07-14,72,We Don't Talk Anymore (Mr. Collipark Remix),Charlie Puth、Selena Gomez,,4:14,8F323B0610BE8D862B7CBB41C3398766,1746993,https://www.kugou.com/yy/rank/home/4-8888.html?from=rank
2026-07-14,2026-07-14T14:36:17+08:00,酷狗音乐,热歌榜,酷狗TOP500,2026-07-14,73,Baby,Justin Bieber、Ludacris,,3:37,493CD2904FAFDAEB8785CC83B8056F5A,508825,https://www.kugou.com/yy/rank/home/4-8888.html?from=rank
2026-07-14,2026-07-14T14:36:17+08:00,酷狗音乐,热歌榜,酷狗TOP500,2026-07-14,74,后来的我们,五月天,,5:46,09120C11A5C376EC7D1640098FA70CDC,1748942,https://www.kugou.com/yy/rank/home/4-8888.html?from=rank
2026-07-14,2026-07-14T14:36:17+08:00,酷狗音乐,热歌榜,酷狗TOP500,2026-07-14,75,认真的雪,薛之谦,,4:19,D2E00CC158DB4DA18927AC3B01CC371B,2689239,https://www.kugou.com/yy/rank/home/4-8888.html?from=rank
2026-07-14,2026-07-14T14:36:17+08:00,酷狗音乐,热歌榜,酷狗TOP500,2026-07-14,76,人间的剧本,老韩很哇塞,,3:18,F80698DAC679080F9E38F3DBB07BD17A,195240853,https://www.kugou.com/yy/rank/home/4-8888.html?from=rank
2026-07-14,2026-07-14T14:36:17+08:00,酷狗音乐,热歌榜,酷狗TOP500,2026-07-14,77,爱情讯息,郭静,,4:41,D8E857250D8EEA9C5FAFDAF7857640A5,971139,https://www.kugou.com/yy/rank/home/4-8888.html?from=rank
2026-07-14,2026-07-14T14:36:17+08:00,酷狗音乐,热歌榜,酷狗TOP500,2026-07-14,78,红色高跟鞋,蔡健雅,,3:27,055A804B8A3CCC05240D08F8FF1F7DE8,978459,https://www.kugou.com/yy/rank/home/4-8888.html?from=rank
2026-07-14,2026-07-14T14:36:17+08:00,酷狗音乐,热歌榜,酷狗TOP500,2026-07-14,79,等一分钟,徐誉滕,,3:56,52ED380B09C692BDF4CE65FD56D918F3,2530746,https://www.kugou.com/yy/rank/home/4-8888.html?from=rank
2026-07-14,2026-07-14T14:36:17+08:00,酷狗音乐,热歌榜,酷狗TOP500,2026-07-14,80,搁浅,周杰伦,,4:00,FBC234520FED713C30C1C026E7352770,971783,https://www.kugou.com/yy/rank/home/4-8888.html?from=rank
2026-07-14,2026-07-14T14:36:17+08:00,酷狗音乐,热歌榜,酷狗TOP500,2026-07-14,81,我们俩,郭顶,,3:14,DD4D224BC3DBFD1A0F6E338928620E69,979601,https://www.kugou.com/yy/rank/home/4-8888.html?from=rank
2026-07-14,2026-07-14T14:36:17+08:00,酷狗音乐,热歌榜,酷狗TOP500,2026-07-14,82,江南,林俊杰,,4:28,819B74BD09009E0422B8F563E12BA96E,969588,https://www.kugou.com/yy/rank/home/4-8888.html?from=rank
2026-07-14,2026-07-14T14:36:17+08:00,酷狗音乐,热歌榜,酷狗TOP500,2026-07-14,83,带我走,杨丞琳,,4:50,0C57DE35C3CB2A32A8CF634E4F8309C4,975441,https://www.kugou.com/yy/rank/home/4-8888.html?from=rank
2026-07-14,2026-07-14T14:36:17+08:00,酷狗音乐,热歌榜,酷狗TOP500,2026-07-14,84,北方的后海没有海 (r&b微醺版),落日微醺,,3:26,DB3D10DE8DF3C5188EC036A9724F9418,196519034,https://www.kugou.com/yy/rank/home/4-8888.html?from=rank
2026-07-14,2026-07-14T14:36:17+08:00,酷狗音乐,热歌榜,酷狗TOP500,2026-07-14,85,背对背拥抱,林俊杰,,3:55,C6B5A741051FCBC1AF7531CA2CEECC15,975828,https://www.kugou.com/yy/rank/home/4-8888.html?from=rank
2026-07-14,2026-07-14T14:36:17+08:00,酷狗音乐,热歌榜,酷狗TOP500,2026-07-14,86,后来,刘若英,,5:38,C4904D4E3BBA872D41D3BDBF597E2B18,16562,https://www.kugou.com/yy/rank/home/4-8888.html?from=rank
2026-07-14,2026-07-14T14:36:17+08:00,酷狗音乐,热歌榜,酷狗TOP500,2026-07-14,87,下完这场雨,后弦,,4:31,2EEFFF98A4F19D945BBA7C78FB2079C0,1964990,https://www.kugou.com/yy/rank/home/4-8888.html?from=rank
2026-07-14,2026-07-14T14:36:17+08:00,酷狗音乐,热歌榜,酷狗TOP500,2026-07-14,88,踏马寻花向自由,半吨兄弟,,2:59,6DD4615AB1A9D1C595CCC15E16597434,198491409,https://www.kugou.com/yy/rank/home/4-8888.html?from=rank
2026-07-14,2026-07-14T14:36:17+08:00,酷狗音乐,热歌榜,酷狗TOP500,2026-07-14,89,Radio (Dum-Dum),宋雨琦 (YUQI),,2:32,E8FFC3F649DA4476E2CEABFF3F94D103,140913986,https://www.kugou.com/yy/rank/home/5-8888.html?from=rank
2026-07-14,2026-07-14T14:36:17+08:00,酷狗音乐,热歌榜,酷狗TOP500,2026-07-14,90,我不该动情,老板,,3:57,DFA780605FE78F1572761712931024A7,197593768,https://www.kugou.com/yy/rank/home/5-8888.html?from=rank
2026-07-14,2026-07-14T14:36:17+08:00,酷狗音乐,热歌榜,酷狗TOP500,2026-07-14,91,老男孩,筷子兄弟,,4:59,EB494F1F9199AA29F66E056F116D2F1C,17165001,https://www.kugou.com/yy/rank/home/5-8888.html?from=rank
2026-07-14,2026-07-14T14:36:17+08:00,酷狗音乐,热歌榜,酷狗TOP500,2026-07-14,92,Always Online,林俊杰,,3:45,16A4E4895905B703AC0F31007A495D4C,963179,https://www.kugou.com/yy/rank/home/5-8888.html?from=rank
2026-07-14,2026-07-14T14:36:17+08:00,酷狗音乐,热歌榜,酷狗TOP500,2026-07-14,93,特别的人,方大同,,4:19,0F7A79ADAAEEB6EA1DA3E19DD637FD73,965097,https://www.kugou.com/yy/rank/home/5-8888.html?from=rank
2026-07-14,2026-07-14T14:36:17+08:00,酷狗音乐,热歌榜,酷狗TOP500,2026-07-14,94,富士山下,陈奕迅,,4:19,0433F1A94FA162B20FB8AE576A951D6B,976404,https://www.kugou.com/yy/rank/home/5-8888.html?from=rank
2026-07-14,2026-07-14T14:36:17+08:00,酷狗音乐,热歌榜,酷狗TOP500,2026-07-14,95,勇气,梁静茹,,3:59,A4D0C350CF4475BFBB0AB28DC6E25A8D,973299,https://www.kugou.com/yy/rank/home/5-8888.html?from=rank
2026-07-14,2026-07-14T14:36:17+08:00,酷狗音乐,热歌榜,酷狗TOP500,2026-07-14,96,可不可以,张紫豪,,4:01,6079A2ACBA5E782FE24695FDFCDB1887,9618875,https://www.kugou.com/yy/rank/home/5-8888.html?from=rank
2026-07-14,2026-07-14T14:36:17+08:00,酷狗音乐,热歌榜,酷狗TOP500,2026-07-14,97,依兰爱情故事,金志文,,4:52,21C7EF72EE4E29653FF4C028D82BB889,198293753,https://www.kugou.com/yy/rank/home/5-8888.html?from=rank
2026-07-14,2026-07-14T14:36:17+08:00,酷狗音乐,热歌榜,酷狗TOP500,2026-07-14,98,第57次取消发送,菲菲公主（陆绮菲）,,3:01,F17C489C53382E608F9CBB3ED9F6D2AA,137397074,https://www.kugou.com/yy/rank/home/5-8888.html?from=rank
2026-07-14,2026-07-14T14:36:17+08:00,酷狗音乐,热歌榜,酷狗TOP500,2026-07-14,99,阳光下的星星,金海心,,4:44,8B60D8B58137C2D256DAA71B9D84C046,1738155,https://www.kugou.com/yy/rank/home/5-8888.html?from=rank
2026-07-14,2026-07-14T14:36:17+08:00,酷狗音乐,热歌榜,酷狗TOP500,2026-07-14,100,开始懂了,孙燕姿,,4:32,93F260998A10F4AD6B46606AF5C8EC72,972102,https://www.kugou.com/yy/rank/home/5-8888.html?from=rank
2026-07-14,2026-07-14T14:36:17+08:00,酷狗音乐,热歌榜,酷狗TOP500,2026-07-14,101,七里香,周杰伦,,4:59,2C7CEB6CC2340ECC8948E0ACE62F0CF8,971783,https://www.kugou.com/yy/rank/home/5-8888.html?from=rank
2026-07-14,2026-07-14T14:36:17+08:00,酷狗音乐,热歌榜,酷狗TOP500,2026-07-14,102,海阔天空,BEYOND,,5:25,C41E80A18D1448FA47086372999C7F43,973001,https://www.kugou.com/yy/rank/home/5-8888.html?from=rank
2026-07-14,2026-07-14T14:36:17+08:00,酷狗音乐,热歌榜,酷狗TOP500,2026-07-14,103,猜不透,丁当,,3:53,B1B4CC4F4E90134603CE66CBCF8FA73B,973244,https://www.kugou.com/yy/rank/home/5-8888.html?from=rank
2026-07-14,2026-07-14T14:36:17+08:00,酷狗音乐,热歌榜,酷狗TOP500,2026-07-14,104,喜欢,阿肆,,4:10,F4233033E11BEF5AECD3BD64528A8236,14167090,https://www.kugou.com/yy/rank/home/5-8888.html?from=rank
2026-07-14,2026-07-14T14:36:17+08:00,酷狗音乐,热歌榜,酷狗TOP500,2026-07-14,105,夏天的风,温岚,,4:01,50AF6B58086928F4A94170AFFAA12A2D,2997111,https://www.kugou.com/yy/rank/home/5-8888.html?from=rank
2026-07-14,2026-07-14T14:36:17+08:00,酷狗音乐,热歌榜,酷狗TOP500,2026-07-14,106,多远都要在一起,G.E.M. 邓紫棋,,3:38,A0AE93E5D475CBC7B52C6F45A7403F98,555825,https://www.kugou.com/yy/rank/home/5-8888.html?from=rank
2026-07-14,2026-07-14T14:36:17+08:00,酷狗音乐,热歌榜,酷狗TOP500,2026-07-14,107,也许在下雨天 (眼泪才不被看见),何遇Hayu、Crybird,,3:47,18D96FA29BBCB2873400BEAB17B817CF,194623547,https://www.kugou.com/yy/rank/home/5-8888.html?from=rank
2026-07-14,2026-07-14T14:36:17+08:00,酷狗音乐,热歌榜,酷狗TOP500,2026-07-14,108,表白,萧亚轩,,3:29,0521A7354DF37C1C9705A3E3FD204B95,18052287,https://www.kugou.com/yy/rank/home/5-8888.html?from=rank
2026-07-14,2026-07-14T14:36:17+08:00,酷狗音乐,热歌榜,酷狗TOP500,2026-07-14,109,有些,颜人中,,3:49,D79E556C176AE1A3ADE8B532810C4CE8,34604592,https://www.kugou.com/yy/rank/home/5-8888.html?from=rank
2026-07-14,2026-07-14T14:36:17+08:00,酷狗音乐,热歌榜,酷狗TOP500,2026-07-14,110,十年,陈奕迅,,3:25,5146461A5717B942F4B13125978618E3,504194,https://www.kugou.com/yy/rank/home/5-8888.html?from=rank
2026-07-14,2026-07-14T14:36:17+08:00,酷狗音乐,热歌榜,酷狗TOP500,2026-07-14,111,如愿,王菲,,4:25,EC1A18BBD6B61CB203E656B91F5CF2D1,49057589,https://www.kugou.com/yy/rank/home/6-8888.html?from=rank
2026-07-14,2026-07-14T14:36:17+08:00,酷狗音乐,热歌榜,酷狗TOP500,2026-07-14,112,不将就,李荣浩,,5:12,E5F0905C662872A9B05A423FD1ED48B5,1004040,https://www.kugou.com/yy/rank/home/6-8888.html?from=rank
2026-07-14,2026-07-14T14:36:17+08:00,酷狗音乐,热歌榜,酷狗TOP500,2026-07-14,113,退后,周杰伦,,4:22,5971DE0B235D5B2708D6A6FEB3D31B6F,965291,https://www.kugou.com/yy/rank/home/6-8888.html?from=rank
2026-07-14,2026-07-14T14:36:17+08:00,酷狗音乐,热歌榜,酷狗TOP500,2026-07-14,114,素颜,许嵩、何曼婷,,3:59,30C94AE2868E63B1058DA7685E0CDF3B,13264539,https://www.kugou.com/yy/rank/home/6-8888.html?from=rank
2026-07-14,2026-07-14T14:36:17+08:00,酷狗音乐,热歌榜,酷狗TOP500,2026-07-14,115,夜曲,周杰伦,,3:47,16C8AB298231370293D16BCF9E5FF9B6,958909,https://www.kugou.com/yy/rank/home/6-8888.html?from=rank
2026-07-14,2026-07-14T14:36:17+08:00,酷狗音乐,热歌榜,酷狗TOP500,2026-07-14,116,泡沫 (G.E.M.重生版),G.E.M. 邓紫棋,,4:18,53F2510610AC38F0C15F73B2605E5CEE,150256944,https://www.kugou.com/yy/rank/home/6-8888.html?from=rank
2026-07-14,2026-07-14T14:36:17+08:00,酷狗音乐,热歌榜,酷狗TOP500,2026-07-14,117,春娇与志明,街道办GDC、欧阳耀莹,,3:24,E84947402A5E0952FA067566C10264CB,8543461,https://www.kugou.com/yy/rank/home/6-8888.html?from=rank
2026-07-14,2026-07-14T14:36:17+08:00,酷狗音乐,热歌榜,酷狗TOP500,2026-07-14,118,静音恋人 (两颗缠绕的心),礼越,,3:26,61F7ABEFA41C847C8F237C68883027CA,183361126,https://www.kugou.com/yy/rank/home/6-8888.html?from=rank
2026-07-14,2026-07-14T14:36:17+08:00,酷狗音乐,热歌榜,酷狗TOP500,2026-07-14,119,我借,z阿康,,4:07,637177625AA52BEA38AA11E0F82151B5,197497307,https://www.kugou.com/yy/rank/home/6-8888.html?from=rank
2026-07-14,2026-07-14T14:36:17+08:00,酷狗音乐,热歌榜,酷狗TOP500,2026-07-14,120,Love Story,Taylor Swift,,3:56,193B72D4456A4CC02A3DE7C673FC4E23,13721135,https://www.kugou.com/yy/rank/home/6-8888.html?from=rank
2026-07-14,2026-07-14T14:36:17+08:00,酷狗音乐,热歌榜,酷狗TOP500,2026-07-14,121,碎碎念,队长,,2:13,A823AE8D84854FD2EB5B8E599D1263FA,79831015,https://www.kugou.com/yy/rank/home/6-8888.html?from=rank
2026-07-14,2026-07-14T14:36:17+08:00,酷狗音乐,热歌榜,酷狗TOP500,2026-07-14,122,会呼吸的痛,梁静茹,,4:32,1EB00DC46AE8E1446B6A9860A56487AC,500574,https://www.kugou.com/yy/rank/home/6-8888.html?from=rank
2026-07-14,2026-07-14T14:36:17+08:00,酷狗音乐,热歌榜,酷狗TOP500,2026-07-14,123,那天下雨了,周杰伦,,3:43,1335F720C701863F127FB14CCC9C08A2,179652761,https://www.kugou.com/yy/rank/home/6-8888.html?from=rank
2026-07-14,2026-07-14T14:36:17+08:00,酷狗音乐,热歌榜,酷狗TOP500,2026-07-14,124,IF YOU,BIGBANG,,4:24,33C5FC6AB3AF0B5B142F12C9556CB178,549436,https://www.kugou.com/yy/rank/home/6-8888.html?from=rank
2026-07-14,2026-07-14T14:36:17+08:00,酷狗音乐,热歌榜,酷狗TOP500,2026-07-14,125,出现又离开 (Live),梁博,,6:43,DEAB3B0160E9A410CE0AAA9ED8AC602E,19284949,https://www.kugou.com/yy/rank/home/6-8888.html?from=rank
2026-07-14,2026-07-14T14:36:17+08:00,酷狗音乐,热歌榜,酷狗TOP500,2026-07-14,126,勋章,鹿晗,,3:34,6FB3EB3F13CD64DF6E9784F6E487BAB1,2059004,https://www.kugou.com/yy/rank/home/6-8888.html?from=rank
2026-07-14,2026-07-14T14:36:17+08:00,酷狗音乐,热歌榜,酷狗TOP500,2026-07-14,127,过火,张信哲,,5:02,E6E8CBE6962BDD0F02D6C2A7FD03F716,982639,https://www.kugou.com/yy/rank/home/6-8888.html?from=rank
2026-07-14,2026-07-14T14:36:17+08:00,酷狗音乐,热歌榜,酷狗TOP500,2026-07-14,128,戒烟,李荣浩,,4:54,AF36A623D725B98893DAEFDF8010F22E,49390931,https://www.kugou.com/yy/rank/home/6-8888.html?from=rank
2026-07-14,2026-07-14T14:36:17+08:00,酷狗音乐,热歌榜,酷狗TOP500,2026-07-14,129,顺其自然 (让花是花 让树是树),国产阿发,,2:00,54D8581160D1CCB7D3D3307F7F0196A1,196400635,https://www.kugou.com/yy/rank/home/6-8888.html?from=rank
2026-07-14,2026-07-14T14:36:17+08:00,酷狗音乐,热歌榜,酷狗TOP500,2026-07-14,130,疑心病,任然,,4:43,9D8C7468BE4391B85794617090585646,1818864,https://www.kugou.com/yy/rank/home/6-8888.html?from=rank
2026-07-14,2026-07-14T14:36:17+08:00,酷狗音乐,热歌榜,酷狗TOP500,2026-07-14,131,青花,周传雄,,4:58,09B46455BAE7C613ABD0DB362A5DDBDE,960448,https://www.kugou.com/yy/rank/home/6-8888.html?from=rank
2026-07-14,2026-07-14T14:36:17+08:00,酷狗音乐,热歌榜,酷狗TOP500,2026-07-14,132,亲爱的不要哭,曹雨航,,3:45,78FE176FBAE1ED5497D88482CE3379C2,198959013,https://www.kugou.com/yy/rank/home/6-8888.html?from=rank
2026-07-14,2026-07-14T14:36:17+08:00,酷狗音乐,热歌榜,酷狗TOP500,2026-07-14,133,此生不换,青鸟飞鱼,,4:26,F73630B79647324AB3415C21BFA5BD3D,553897,https://www.kugou.com/yy/rank/home/7-8888.html?from=rank
2026-07-14,2026-07-14T14:36:17+08:00,酷狗音乐,热歌榜,酷狗TOP500,2026-07-14,134,我借 (御姐版),铁锤夫妇,,4:07,EC2F26754FED82D125388E7B27D536AA,197901242,https://www.kugou.com/yy/rank/home/7-8888.html?from=rank
2026-07-14,2026-07-14T14:36:17+08:00,酷狗音乐,热歌榜,酷狗TOP500,2026-07-14,135,也许在下雨天 (眼泪才不被看见),KAI,,3:53,A2AE52172146065FE62ECF7B4D86DB0F,195577954,https://www.kugou.com/yy/rank/home/7-8888.html?from=rank
2026-07-14,2026-07-14T14:36:17+08:00,酷狗音乐,热歌榜,酷狗TOP500,2026-07-14,136,花海,周杰伦,,4:25,3328808CECBD1A1038166003840FDDD7,960399,https://www.kugou.com/yy/rank/home/7-8888.html?from=rank
2026-07-14,2026-07-14T14:36:17+08:00,酷狗音乐,热歌榜,酷狗TOP500,2026-07-14,137,灰色轨迹,BEYOND,,5:28,4476FAA4B6567CCC2292BFBBCA93CB9C,39629213,https://www.kugou.com/yy/rank/home/7-8888.html?from=rank
2026-07-14,2026-07-14T14:36:17+08:00,酷狗音乐,热歌榜,酷狗TOP500,2026-07-14,138,至少还有你,林忆莲,,4:35,BA9D67DAB59FA6DCE243F4B6B70ACA95,967340,https://www.kugou.com/yy/rank/home/7-8888.html?from=rank
2026-07-14,2026-07-14T14:36:17+08:00,酷狗音乐,热歌榜,酷狗TOP500,2026-07-14,139,那时雨,徐良,,3:34,CE76C60251F6193BC5BBA5B46B977747,16900987,https://www.kugou.com/yy/rank/home/7-8888.html?from=rank
2026-07-14,2026-07-14T14:36:17+08:00,酷狗音乐,热歌榜,酷狗TOP500,2026-07-14,140,一路向北,周杰伦,,4:54,F73F22FB046CA1A135C70417163AF82E,1739223,https://www.kugou.com/yy/rank/home/7-8888.html?from=rank
2026-07-14,2026-07-14T14:36:17+08:00,酷狗音乐,热歌榜,酷狗TOP500,2026-07-14,141,就让岁月开成一朵花,阿云朵,,5:19,AFEC70D28F29BB844F93D6BC3B8A5EE9,183681654,https://www.kugou.com/yy/rank/home/7-8888.html?from=rank
2026-07-14,2026-07-14T14:36:17+08:00,酷狗音乐,热歌榜,酷狗TOP500,2026-07-14,142,情人,蔡徐坤,,3:15,120F234213ACB64E202B391612D5D9CA,37760326,https://www.kugou.com/yy/rank/home/7-8888.html?from=rank
2026-07-14,2026-07-14T14:36:17+08:00,酷狗音乐,热歌榜,酷狗TOP500,2026-07-14,143,兰亭序,周杰伦,,4:14,4EC10B1B7B9BEB2F0ADB89BBEC5F664B,960399,https://www.kugou.com/yy/rank/home/7-8888.html?from=rank
2026-07-14,2026-07-14T14:36:17+08:00,酷狗音乐,热歌榜,酷狗TOP500,2026-07-14,144,讨厌 (Live),杨丞琳、欧阳娜娜,,4:02,F676BAF5BCB735BBE7C74135AFA275C5,198905696,https://www.kugou.com/yy/rank/home/7-8888.html?from=rank
2026-07-14,2026-07-14T14:36:17+08:00,酷狗音乐,热歌榜,酷狗TOP500,2026-07-14,145,相遇的意义 (烟嗓R&B版),落日微醺,,3:09,1DB50CE5AFC2AE239D1E0E68C8A21B1A,196504361,https://www.kugou.com/yy/rank/home/7-8888.html?from=rank
2026-07-14,2026-07-14T14:36:17+08:00,酷狗音乐,热歌榜,酷狗TOP500,2026-07-14,146,玄翎谣,鸣潮先约电台、jkinss、薄荷_Miint,,4:38,D994E3BBBF10149D1EDA2A46124E8903,198910330,https://www.kugou.com/yy/rank/home/7-8888.html?from=rank
2026-07-14,2026-07-14T14:36:17+08:00,酷狗音乐,热歌榜,酷狗TOP500,2026-07-14,147,也许在下雨天 (辣条版),汲麟,,3:53,9187BCC5D5603C613B769A9ED7143A8F,196766502,https://www.kugou.com/yy/rank/home/7-8888.html?from=rank
2026-07-14,2026-07-14T14:36:17+08:00,酷狗音乐,热歌榜,酷狗TOP500,2026-07-14,148,失控,井迪,,4:15,44FE8C442EB1F254D15717F1DC03C9BF,40221609,https://www.kugou.com/yy/rank/home/7-8888.html?from=rank
2026-07-14,2026-07-14T14:36:17+08:00,酷狗音乐,热歌榜,酷狗TOP500,2026-07-14,149,枫,周杰伦,,4:36,0D7E8C11C961A17EB8779FEB0CA772E3,958909,https://www.kugou.com/yy/rank/home/7-8888.html?from=rank
2026-07-14,2026-07-14T14:36:17+08:00,酷狗音乐,热歌榜,酷狗TOP500,2026-07-14,150,说了再见,周杰伦,,4:43,966C718DA96EE29B3B466F773BFA9E2F,958812,https://www.kugou.com/yy/rank/home/7-8888.html?from=rank
2026-07-14,2026-07-14T14:36:17+08:00,酷狗音乐,热歌榜,酷狗TOP500,2026-07-14,151,遇见,孙燕姿,,3:31,9F865C787E90E013B2BC847BAAA306AA,964325,https://www.kugou.com/yy/rank/home/7-8888.html?from=rank
2026-07-14,2026-07-14T14:36:17+08:00,酷狗音乐,热歌榜,酷狗TOP500,2026-07-14,152,蒲公英的约定,周杰伦,,4:07,6996B4D89596673746AEE3D54F7E5367,979856,https://www.kugou.com/yy/rank/home/7-8888.html?from=rank
2026-07-14,2026-07-14T14:36:17+08:00,酷狗音乐,热歌榜,酷狗TOP500,2026-07-14,153,美人鱼,林俊杰,,4:14,CDAE8C7E2FAF7F08DC18E78A1D65117B,969588,https://www.kugou.com/yy/rank/home/7-8888.html?from=rank
2026-07-14,2026-07-14T14:36:17+08:00,酷狗音乐,热歌榜,酷狗TOP500,2026-07-14,154,说好的幸福呢,周杰伦,,4:17,892B7AD62499C97A1A994454423E30F6,960399,https://www.kugou.com/yy/rank/home/7-8888.html?from=rank
2026-07-14,2026-07-14T14:36:17+08:00,酷狗音乐,热歌榜,酷狗TOP500,2026-07-14,155,体面,于文文,,4:43,0F57843484D3AF06AAEA623D66BB286C,8149034,https://www.kugou.com/yy/rank/home/8-8888.html?from=rank
2026-07-14,2026-07-14T14:36:17+08:00,酷狗音乐,热歌榜,酷狗TOP500,2026-07-14,156,讲不出再见,谭咏麟,,4:54,2E0BFDC7BA2F759B0208A58CB2C26523,2337635,https://www.kugou.com/yy/rank/home/8-8888.html?from=rank
2026-07-14,2026-07-14T14:36:17+08:00,酷狗音乐,热歌榜,酷狗TOP500,2026-07-14,157,广东爱情故事,广东雨神,,3:34,7A2956668C7D5393FF16AD930C23F2FD,4162049,https://www.kugou.com/yy/rank/home/8-8888.html?from=rank
2026-07-14,2026-07-14T14:36:17+08:00,酷狗音乐,热歌榜,酷狗TOP500,2026-07-14,158,奢香夫人,凤凰传奇,,4:20,478C572FC9E2E15777A41260DEE293A0,984412,https://www.kugou.com/yy/rank/home/8-8888.html?from=rank
2026-07-14,2026-07-14T14:36:17+08:00,酷狗音乐,热歌榜,酷狗TOP500,2026-07-14,159,千千阕歌,陈慧娴,,5:01,81E5A1C3B9E016D61FE91B809B4A7DC1,971621,https://www.kugou.com/yy/rank/home/8-8888.html?from=rank
2026-07-14,2026-07-14T14:36:17+08:00,酷狗音乐,热歌榜,酷狗TOP500,2026-07-14,160,落了白,蒋雪儿Snow.J,,3:01,74390D89B6BD2E18CFD7F25968EFD98A,40300587,https://www.kugou.com/yy/rank/home/8-8888.html?from=rank
2026-07-14,2026-07-14T14:36:17+08:00,酷狗音乐,热歌榜,酷狗TOP500,2026-07-14,161,去年夏天,王大毛,,4:05,5CD03A78A74761494A39CADFAA832550,8542577,https://www.kugou.com/yy/rank/home/8-8888.html?from=rank
2026-07-14,2026-07-14T14:36:17+08:00,酷狗音乐,热歌榜,酷狗TOP500,2026-07-14,162,秋天不回来,王强,,4:14,81056FF4FC4F2D0A0E9B38757A60D2F7,81746524,https://www.kugou.com/yy/rank/home/8-8888.html?from=rank
2026-07-14,2026-07-14T14:36:17+08:00,酷狗音乐,热歌榜,酷狗TOP500,2026-07-14,163,小半 (Live),王铮亮、谭松韵,,5:14,D0CF7A8F58E9AB02D7B3305E425AE73C,196185049,https://www.kugou.com/yy/rank/home/8-8888.html?from=rank
2026-07-14,2026-07-14T14:36:17+08:00,酷狗音乐,热歌榜,酷狗TOP500,2026-07-14,164,成都,赵雷,,5:28,A06B033B356BFC974C5245D0195086A5,1802652,https://www.kugou.com/yy/rank/home/8-8888.html?from=rank
2026-07-14,2026-07-14T14:36:17+08:00,酷狗音乐,热歌榜,酷狗TOP500,2026-07-14,165,沦陷,贾格JuggShots,,3:04,64C2E5D33BE5F53758F3E96DC8EEC3C3,95717116,https://www.kugou.com/yy/rank/home/8-8888.html?from=rank
2026-07-14,2026-07-14T14:36:17+08:00,酷狗音乐,热歌榜,酷狗TOP500,2026-07-14,166,烟花易冷,周杰伦,,4:23,B9FC03DF9015D6BFF0554A110BF2C84F,958812,https://www.kugou.com/yy/rank/home/8-8888.html?from=rank
2026-07-14,2026-07-14T14:36:17+08:00,酷狗音乐,热歌榜,酷狗TOP500,2026-07-14,167,香烟与吻痕 (我在月光下许过情真),黄龄,,3:48,E846D1F54C3125EDE925EDD67A8671BC,198019905,https://www.kugou.com/yy/rank/home/8-8888.html?from=rank
2026-07-14,2026-07-14T14:36:17+08:00,酷狗音乐,热歌榜,酷狗TOP500,2026-07-14,168,Alive,Blue,,3:40,996EE22D2450A7C7528394F7F98432E6,560693,https://www.kugou.com/yy/rank/home/8-8888.html?from=rank
2026-07-14,2026-07-14T14:36:17+08:00,酷狗音乐,热歌榜,酷狗TOP500,2026-07-14,169,月满西楼约 (旧路上的晚风啊),巴扎黑,,3:04,A8DB5E6E3487950C5AEBDB39BD475885,198903589,https://www.kugou.com/yy/rank/home/8-8888.html?from=rank
2026-07-14,2026-07-14T14:36:17+08:00,酷狗音乐,热歌榜,酷狗TOP500,2026-07-14,170,再爱你也没用,范贵宾,,3:29,BDBD97AB8C5069D49A5159EB7EC60A72,197763885,https://www.kugou.com/yy/rank/home/8-8888.html?from=rank
2026-07-14,2026-07-14T14:36:17+08:00,酷狗音乐,热歌榜,酷狗TOP500,2026-07-14,171,白鸽 (落日微醺 烟嗓女版),落日微醺本薰、张多金,,3:36,D7F206082EF8A2856952FECCB19FA971,198026944,https://www.kugou.com/yy/rank/home/8-8888.html?from=rank
2026-07-14,2026-07-14T14:36:17+08:00,酷狗音乐,热歌榜,酷狗TOP500,2026-07-14,172,童话,光良,,4:04,472FF9D57BCE90288EC88CBE100BCB2A,974097,https://www.kugou.com/yy/rank/home/8-8888.html?from=rank
2026-07-14,2026-07-14T14:36:17+08:00,酷狗音乐,热歌榜,酷狗TOP500,2026-07-14,173,租购,薛之谦,,4:31,B96A6102B2238E21C463E96A7D81E840,130133801,https://www.kugou.com/yy/rank/home/8-8888.html?from=rank
2026-07-14,2026-07-14T14:36:17+08:00,酷狗音乐,热歌榜,酷狗TOP500,2026-07-14,174,Creepin' up on You,Darren Hayes,,4:53,6348CF4041BEE19FAD536C563C32695A,1593407,https://www.kugou.com/yy/rank/home/8-8888.html?from=rank
2026-07-14,2026-07-14T14:36:17+08:00,酷狗音乐,热歌榜,酷狗TOP500,2026-07-14,175,起风了,买辣椒也用券,,5:26,5C035CBF390FEF6B536020A57749EF70,53218722,https://www.kugou.com/yy/rank/home/8-8888.html?from=rank
2026-07-14,2026-07-14T14:36:17+08:00,酷狗音乐,热歌榜,酷狗TOP500,2026-07-14,176,关不上的窗,周传雄,,4:53,C9FF4C5E86A76043F004E3BB17E08942,982655,https://www.kugou.com/yy/rank/home/8-8888.html?from=rank
2026-07-14,2026-07-14T14:36:17+08:00,酷狗音乐,热歌榜,酷狗TOP500,2026-07-14,177,想得美,TOP登陆少年组合,,3:15,E81213EA740C7CFC981E50FF5E0B6481,198786298,https://www.kugou.com/yy/rank/home/9-8888.html?from=rank
2026-07-14,2026-07-14T14:36:17+08:00,酷狗音乐,热歌榜,酷狗TOP500,2026-07-14,178,春庭雪 (r&b微醺版),落日微醺,,3:44,34F0A836850778DA37190AA74ED2A06E,195834505,https://www.kugou.com/yy/rank/home/9-8888.html?from=rank
2026-07-14,2026-07-14T14:36:17+08:00,酷狗音乐,热歌榜,酷狗TOP500,2026-07-14,179,阿衣莫,阿吉太组合,,5:14,6994BA45B41271F48D78881D674EDCF7,4138802,https://www.kugou.com/yy/rank/home/9-8888.html?from=rank
2026-07-14,2026-07-14T14:36:17+08:00,酷狗音乐,热歌榜,酷狗TOP500,2026-07-14,180,发如雪,周杰伦,,4:59,1F7E7659B9FFF4FB6F71562A61BBC25F,958909,https://www.kugou.com/yy/rank/home/9-8888.html?from=rank
2026-07-14,2026-07-14T14:36:17+08:00,酷狗音乐,热歌榜,酷狗TOP500,2026-07-14,181,可惜没如果,林俊杰,,4:58,57D6EAF8F7E593A2C4B780D8045DE5C1,542795,https://www.kugou.com/yy/rank/home/9-8888.html?from=rank
2026-07-14,2026-07-14T14:36:17+08:00,酷狗音乐,热歌榜,酷狗TOP500,2026-07-14,182,Lonely,Nana,,6:21,3514D26D3754FAF4949A3C40F4BBDA63,45833884,https://www.kugou.com/yy/rank/home/9-8888.html?from=rank
2026-07-14,2026-07-14T14:36:17+08:00,酷狗音乐,热歌榜,酷狗TOP500,2026-07-14,183,是你没选我啊,音乐科代表洪嘉源,,3:07,65D611715B7CC7131E6629F5E1745544,172307133,https://www.kugou.com/yy/rank/home/9-8888.html?from=rank
2026-07-14,2026-07-14T14:36:17+08:00,酷狗音乐,热歌榜,酷狗TOP500,2026-07-14,184,世界上的另一个我,阿肆、郭采洁,,3:58,73C0E5566146583A631C9A94203405D6,4255765,https://www.kugou.com/yy/rank/home/9-8888.html?from=rank
2026-07-14,2026-07-14T14:36:17+08:00,酷狗音乐,热歌榜,酷狗TOP500,2026-07-14,185,我不难过,孙燕姿,,5:20,3FD7E1EC51122C745C637735C8BDE716,965883,https://www.kugou.com/yy/rank/home/9-8888.html?from=rank
2026-07-14,2026-07-14T14:36:17+08:00,酷狗音乐,热歌榜,酷狗TOP500,2026-07-14,186,我知道,BY2,,4:10,A225CDE22D07C38D381AC212633BE757,530437,https://www.kugou.com/yy/rank/home/9-8888.html?from=rank
2026-07-14,2026-07-14T14:36:17+08:00,酷狗音乐,热歌榜,酷狗TOP500,2026-07-14,187,时差 (On call),鹿晗,,3:20,36AA9D4AB12C3037C589E1073D35F1C6,1993188,https://www.kugou.com/yy/rank/home/9-8888.html?from=rank
2026-07-14,2026-07-14T14:36:17+08:00,酷狗音乐,热歌榜,酷狗TOP500,2026-07-14,188,是我不够好,李毓芬,,3:37,2B152C85BA2B73CBC79EA722928EF425,1590098,https://www.kugou.com/yy/rank/home/9-8888.html?from=rank
2026-07-14,2026-07-14T14:36:17+08:00,酷狗音乐,热歌榜,酷狗TOP500,2026-07-14,189,在你的身边,盛哲,,4:22,38698C9A8BB6637CDDE413C6E210FA54,4128050,https://www.kugou.com/yy/rank/home/9-8888.html?from=rank
2026-07-14,2026-07-14T14:36:17+08:00,酷狗音乐,热歌榜,酷狗TOP500,2026-07-14,190,我走后,小咪,,4:08,00751DE0946619BCDE4A4E15397F2A15,22216764,https://www.kugou.com/yy/rank/home/9-8888.html?from=rank
2026-07-14,2026-07-14T14:36:17+08:00,酷狗音乐,热歌榜,酷狗TOP500,2026-07-14,191,一样的月光,徐佳莹,,4:00,F6B097E66D65A9B20453B46E4E5D9EBE,972101,https://www.kugou.com/yy/rank/home/9-8888.html?from=rank
2026-07-14,2026-07-14T14:36:17+08:00,酷狗音乐,热歌榜,酷狗TOP500,2026-07-14,192,琵琶行,奇然、沈谧仁,,5:35,0AB355EF75A56A57E1790734B2E26ED9,2563381,https://www.kugou.com/yy/rank/home/9-8888.html?from=rank
2026-07-14,2026-07-14T14:36:17+08:00,酷狗音乐,热歌榜,酷狗TOP500,2026-07-14,193,模特,李荣浩,,5:06,87EBC49856D2CB3C04992C9A87E5A5C5,968143,https://www.kugou.com/yy/rank/home/9-8888.html?from=rank
2026-07-14,2026-07-14T14:36:17+08:00,酷狗音乐,热歌榜,酷狗TOP500,2026-07-14,194,九百九十九朵玫瑰 (r&b),落日微醺,,4:07,0969B2B26405C8DDEC7C72292F794D48,184352572,https://www.kugou.com/yy/rank/home/9-8888.html?from=rank
2026-07-14,2026-07-14T14:36:17+08:00,酷狗音乐,热歌榜,酷狗TOP500,2026-07-14,195,下一个天亮,郭静,,4:27,7E2AD47232E7148C642B6836041826C9,971139,https://www.kugou.com/yy/rank/home/9-8888.html?from=rank
2026-07-14,2026-07-14T14:36:17+08:00,酷狗音乐,热歌榜,酷狗TOP500,2026-07-14,196,只对你有感觉,飞轮海、田馥甄,,3:59,180D6E82A1AEFEDF10BE440454956E1F,556347,https://www.kugou.com/yy/rank/home/9-8888.html?from=rank
2026-07-14,2026-07-14T14:36:17+08:00,酷狗音乐,热歌榜,酷狗TOP500,2026-07-14,197,茶花开了,王睿卓,,4:30,007A7A8EAFA3FF9EA51EF6A767AC3497,130468077,https://www.kugou.com/yy/rank/home/9-8888.html?from=rank
2026-07-14,2026-07-14T14:36:17+08:00,酷狗音乐,热歌榜,酷狗TOP500,2026-07-14,198,梦仍是一样,谭咏麟,,4:28,22FE53B466D82B5D20157FCFB27AAC97,198010940,https://www.kugou.com/yy/rank/home/9-8888.html?from=rank
2026-07-14,2026-07-14T14:36:17+08:00,酷狗音乐,热歌榜,酷狗TOP500,2026-07-14,199,天地龙鳞,王力宏,,3:17,DD83DC4A30C3A05D60FFCE6944FB441C,50749156,https://www.kugou.com/yy/rank/home/10-8888.html?from=rank
2026-07-14,2026-07-14T14:36:17+08:00,酷狗音乐,热歌榜,酷狗TOP500,2026-07-14,200,迷人的危险,Dance Flow,,3:26,0F666EF632DB9404308219BE5AAE43B4,551560,https://www.kugou.com/yy/rank/home/10-8888.html?from=rank
2026-07-14,2026-07-14T14:36:17+08:00,酷狗音乐,热歌榜,酷狗TOP500,2026-07-14,201,明明就,周杰伦,,4:20,D85C14E02008B7A2F97D55CDC29C2221,982051,https://www.kugou.com/yy/rank/home/10-8888.html?from=rank
2026-07-14,2026-07-14T14:36:17+08:00,酷狗音乐,热歌榜,酷狗TOP500,2026-07-14,202,牵丝戏,银临、Aki阿杰,,3:59,5E7FF596F7D6021DA63AF36E91BECE4B,568968,https://www.kugou.com/yy/rank/home/10-8888.html?from=rank
2026-07-14,2026-07-14T14:36:17+08:00,酷狗音乐,热歌榜,酷狗TOP500,2026-07-14,203,那些你很冒险的梦,林俊杰,,4:05,468A823BD25A585841F4BC5ED3EF945B,977237,https://www.kugou.com/yy/rank/home/10-8888.html?from=rank
2026-07-14,2026-07-14T14:36:17+08:00,酷狗音乐,热歌榜,酷狗TOP500,2026-07-14,204,相见恨晚,彭佳慧,,4:15,01214FB85BAF49AB74F10AFA4C363540,977553,https://www.kugou.com/yy/rank/home/10-8888.html?from=rank
2026-07-14,2026-07-14T14:36:17+08:00,酷狗音乐,热歌榜,酷狗TOP500,2026-07-14,205,最后一页,江语晨,,4:06,EF053996094A323B42C35195E9781A30,1596655,https://www.kugou.com/yy/rank/home/10-8888.html?from=rank
2026-07-14,2026-07-14T14:36:17+08:00,酷狗音乐,热歌榜,酷狗TOP500,2026-07-14,206,听哭了自己,沧桑老叔,,3:32,2F886E50337A0268514AA517C5E13A39,184905718,https://www.kugou.com/yy/rank/home/10-8888.html?from=rank
2026-07-14,2026-07-14T14:36:17+08:00,酷狗音乐,热歌榜,酷狗TOP500,2026-07-14,207,不如见一面,海来阿木,,4:08,A8CC7F0EA73DE4DE226B26C3F44DD563,80038154,https://www.kugou.com/yy/rank/home/10-8888.html?from=rank
2026-07-14,2026-07-14T14:36:17+08:00,酷狗音乐,热歌榜,酷狗TOP500,2026-07-14,208,曾经的你,许巍,,4:21,8D27A0FD0D8B6A9059D3FEEC95E2088D,976268,https://www.kugou.com/yy/rank/home/10-8888.html?from=rank
2026-07-14,2026-07-14T14:36:17+08:00,酷狗音乐,热歌榜,酷狗TOP500,2026-07-14,209,我爱的是爱我的你,纯手动洗衣机,,3:40,E8A313D72B0624C85227D48D5D55BF6F,184901497,https://www.kugou.com/yy/rank/home/10-8888.html?from=rank
2026-07-14,2026-07-14T14:36:17+08:00,酷狗音乐,热歌榜,酷狗TOP500,2026-07-14,210,主角,王菲,,5:00,5AC9B20840021F9BE51D76C3067BCC26,189702143,https://www.kugou.com/yy/rank/home/10-8888.html?from=rank
2026-07-14,2026-07-14T14:36:17+08:00,酷狗音乐,热歌榜,酷狗TOP500,2026-07-14,211,爱如潮水,张信哲,,4:31,03542812844EE77A22E096A9D6974858,538030,https://www.kugou.com/yy/rank/home/10-8888.html?from=rank
2026-07-14,2026-07-14T14:36:17+08:00,酷狗音乐,热歌榜,酷狗TOP500,2026-07-14,212,老人与海,海鸣威、吴琼,,4:26,64550F3E833ABE710545EA84FC82754E,1778632,https://www.kugou.com/yy/rank/home/10-8888.html?from=rank
2026-07-14,2026-07-14T14:36:17+08:00,酷狗音乐,热歌榜,酷狗TOP500,2026-07-14,213,不要在我寂寞的时候说爱我 (funky版),Bobo博official,,2:24,5E043A1E610CC92EC4D10816861667F8,180788163,https://www.kugou.com/yy/rank/home/10-8888.html?from=rank
2026-07-14,2026-07-14T14:36:17+08:00,酷狗音乐,热歌榜,酷狗TOP500,2026-07-14,214,Life Goes On,Oliver Tree,,2:42,AD11FCF789EB2D7E5131F0557B5C92AE,45059327,https://www.kugou.com/yy/rank/home/10-8888.html?from=rank
2026-07-14,2026-07-14T14:36:17+08:00,酷狗音乐,热歌榜,酷狗TOP500,2026-07-14,215,归途恰恰,黄泥,,3:34,8EB30A22D71531082645D4818B27684A,198492004,https://www.kugou.com/yy/rank/home/10-8888.html?from=rank
2026-07-14,2026-07-14T14:36:17+08:00,酷狗音乐,热歌榜,酷狗TOP500,2026-07-14,216,别说你还深深爱着我,婉婷、杨烬,,3:45,0938FF862C986F6A93B4A7657CAA1125,195023851,https://www.kugou.com/yy/rank/home/10-8888.html?from=rank
2026-07-14,2026-07-14T14:36:17+08:00,酷狗音乐,热歌榜,酷狗TOP500,2026-07-14,217,飞鸟和蝉,任然,,4:56,EB5F5AF3993F6537F2C70B959F2DCD6B,38339036,https://www.kugou.com/yy/rank/home/10-8888.html?from=rank
2026-07-14,2026-07-14T14:36:17+08:00,酷狗音乐,热歌榜,酷狗TOP500,2026-07-14,218,先说爱的人为什么先离开,田园,,3:40,6379393814B0A74AB7B87B2FA9E87689,107655422,https://www.kugou.com/yy/rank/home/10-8888.html?from=rank
2026-07-14,2026-07-14T14:36:17+08:00,酷狗音乐,热歌榜,酷狗TOP500,2026-07-14,219,最爱,周慧敏,,4:25,DBC221919A9686F684F90E1920179363,568311,https://www.kugou.com/yy/rank/home/10-8888.html?from=rank
2026-07-14,2026-07-14T14:36:17+08:00,酷狗音乐,热歌榜,酷狗TOP500,2026-07-14,220,一千零一夜 (R&B版),落日微醺,,4:04,3788E51B85C92FA2B8D69C889270011E,191525119,https://www.kugou.com/yy/rank/home/10-8888.html?from=rank
2026-07-14,2026-07-14T14:36:17+08:00,酷狗音乐,热歌榜,酷狗TOP500,2026-07-14,221,我的秘密 (G.E.M.重生版),G.E.M. 邓紫棋,,4:10,427CD3B1785609EE485CA3BCD6608FFE,150256944,https://www.kugou.com/yy/rank/home/11-8888.html?from=rank
2026-07-14,2026-07-14T14:36:17+08:00,酷狗音乐,热歌榜,酷狗TOP500,2026-07-14,222,爱情转移,陈奕迅,,4:19,A549238FA1B05EABE841DFE110899647,962514,https://www.kugou.com/yy/rank/home/11-8888.html?from=rank
2026-07-14,2026-07-14T14:36:17+08:00,酷狗音乐,热歌榜,酷狗TOP500,2026-07-14,223,That Girl,Olly Murs,,2:57,B32C3C7FA2452E7338BFC6F2283FE8ED,1820815,https://www.kugou.com/yy/rank/home/11-8888.html?from=rank
2026-07-14,2026-07-14T14:36:17+08:00,酷狗音乐,热歌榜,酷狗TOP500,2026-07-14,224,年少有为,李荣浩,,4:39,3A5C1D6CDABB2FDA813F8F8B7E4D08B0,8873395,https://www.kugou.com/yy/rank/home/11-8888.html?from=rank
2026-07-14,2026-07-14T14:36:17+08:00,酷狗音乐,热歌榜,酷狗TOP500,2026-07-14,225,平凡之路,朴树,,5:01,2BE5DE80E68B3346918D38CF7527D979,2944963,https://www.kugou.com/yy/rank/home/11-8888.html?from=rank
2026-07-14,2026-07-14T14:36:17+08:00,酷狗音乐,热歌榜,酷狗TOP500,2026-07-14,226,风又吹了多少遍,花姐,,4:21,537B6332EE27D7EBBB3FD6CB989C3F08,198143604,https://www.kugou.com/yy/rank/home/11-8888.html?from=rank
2026-07-14,2026-07-14T14:36:17+08:00,酷狗音乐,热歌榜,酷狗TOP500,2026-07-14,227,不该 (with aMEI),周杰伦、张惠妹,,4:51,FCF336E81DA45A8E696032FFC1708175,1645030,https://www.kugou.com/yy/rank/home/11-8888.html?from=rank
2026-07-14,2026-07-14T14:36:17+08:00,酷狗音乐,热歌榜,酷狗TOP500,2026-07-14,228,珊瑚海,周杰伦、Lara梁心颐,,4:16,90E34F0C582168E7EA857915771AB220,958909,https://www.kugou.com/yy/rank/home/11-8888.html?from=rank
2026-07-14,2026-07-14T14:36:17+08:00,酷狗音乐,热歌榜,酷狗TOP500,2026-07-14,229,你还要我怎样,薛之谦,,5:11,8C6AAC48FB5C3759042E4C8699544C6F,960327,https://www.kugou.com/yy/rank/home/11-8888.html?from=rank
2026-07-14,2026-07-14T14:36:17+08:00,酷狗音乐,热歌榜,酷狗TOP500,2026-07-14,230,一生多少离和愁,一凡,,3:46,0DAB55AA94C765EADF5236E280EB242D,196824350,https://www.kugou.com/yy/rank/home/11-8888.html?from=rank
2026-07-14,2026-07-14T14:36:17+08:00,酷狗音乐,热歌榜,酷狗TOP500,2026-07-14,231,瞬,郑润泽,,4:45,C06970FDB48E8E1F9BBC7577B7BC1938,75949211,https://www.kugou.com/yy/rank/home/11-8888.html?from=rank
2026-07-14,2026-07-14T14:36:17+08:00,酷狗音乐,热歌榜,酷狗TOP500,2026-07-14,232,烟火,吴奇隆,,5:00,80BF542BB2000F40D56979EB29589F5B,565340,https://www.kugou.com/yy/rank/home/11-8888.html?from=rank
2026-07-14,2026-07-14T14:36:17+08:00,酷狗音乐,热歌榜,酷狗TOP500,2026-07-14,233,有何不可,许嵩,,4:01,B3D5D7D3A140628D1605BD392467E348,973251,https://www.kugou.com/yy/rank/home/11-8888.html?from=rank
2026-07-14,2026-07-14T14:36:17+08:00,酷狗音乐,热歌榜,酷狗TOP500,2026-07-14,234,Bad Boy,万妮达Vinida Weng,,3:06,E262225FEEA662FC66D5C5ADDC665E27,198909938,https://www.kugou.com/yy/rank/home/11-8888.html?from=rank
2026-07-14,2026-07-14T14:36:17+08:00,酷狗音乐,热歌榜,酷狗TOP500,2026-07-14,235,琵琶曲,郑浩、冰洁,,3:55,244A022D6CB3FDE50B24E76402053EB3,180917343,https://www.kugou.com/yy/rank/home/11-8888.html?from=rank
2026-07-14,2026-07-14T14:36:17+08:00,酷狗音乐,热歌榜,酷狗TOP500,2026-07-14,236,最长的电影,周杰伦,,3:56,DBE8FCD4C5072CF6139A28E32D45B990,979856,https://www.kugou.com/yy/rank/home/11-8888.html?from=rank
2026-07-14,2026-07-14T14:36:17+08:00,酷狗音乐,热歌榜,酷狗TOP500,2026-07-14,237,연애의 조건 (恋爱的条件),BESTie,,3:12,FBE0D895B585AFAD693FE42529311608,959733,https://www.kugou.com/yy/rank/home/11-8888.html?from=rank
2026-07-14,2026-07-14T14:36:17+08:00,酷狗音乐,热歌榜,酷狗TOP500,2026-07-14,238,我曾像傻子一样爱你,老板,,4:03,85F18C8A9470C0BE7BD1D679ACFC6E21,171863030,https://www.kugou.com/yy/rank/home/11-8888.html?from=rank
2026-07-14,2026-07-14T14:36:17+08:00,酷狗音乐,热歌榜,酷狗TOP500,2026-07-14,239,老街,李荣浩,,5:19,30E7F7CCB57EB16D1BE3EC71D7ADB071,964378,https://www.kugou.com/yy/rank/home/11-8888.html?from=rank
2026-07-14,2026-07-14T14:36:17+08:00,酷狗音乐,热歌榜,酷狗TOP500,2026-07-14,240,遗失的心跳,萧亚轩,,3:37,54C1A6E877BB37D052A86D4C41604FE7,521727,https://www.kugou.com/yy/rank/home/11-8888.html?from=rank
2026-07-14,2026-07-14T14:36:17+08:00,酷狗音乐,热歌榜,酷狗TOP500,2026-07-14,241,你从春天走来,刘若英,,3:57,050ED3130EB7195AE1AE408A7E2B9798,197111096,https://www.kugou.com/yy/rank/home/11-8888.html?from=rank
2026-07-14,2026-07-14T14:36:17+08:00,酷狗音乐,热歌榜,酷狗TOP500,2026-07-14,242,爱，请问怎么走,A-Lin,,4:28,D67CB2EA6082D5AB871509EC06B48370,964045,https://www.kugou.com/yy/rank/home/11-8888.html?from=rank
2026-07-14,2026-07-14T14:36:17+08:00,酷狗音乐,热歌榜,酷狗TOP500,2026-07-14,243,"Baby, Don't Cry (人鱼的眼泪)(Chinese Ver.)",EXO,,3:56,B692ED61ED4DDE69C50EB8B975D4E04D,22436133,https://www.kugou.com/yy/rank/home/12-8888.html?from=rank
2026-07-14,2026-07-14T14:36:17+08:00,酷狗音乐,热歌榜,酷狗TOP500,2026-07-14,244,你要的全拿走,胡彦斌,,4:59,489E4872BD06E51C969AE81748E78A10,8317330,https://www.kugou.com/yy/rank/home/12-8888.html?from=rank
2026-07-14,2026-07-14T14:36:17+08:00,酷狗音乐,热歌榜,酷狗TOP500,2026-07-14,245,你的承诺,海鸣威,,3:53,B1996C2589FADECA9759A420E1EC3FE3,19347507,https://www.kugou.com/yy/rank/home/12-8888.html?from=rank
2026-07-14,2026-07-14T14:36:17+08:00,酷狗音乐,热歌榜,酷狗TOP500,2026-07-14,246,天外来物,薛之谦,,4:17,761C1EAFBD1E22504B487F84D2152DF5,40890018,https://www.kugou.com/yy/rank/home/12-8888.html?from=rank
2026-07-14,2026-07-14T14:36:17+08:00,酷狗音乐,热歌榜,酷狗TOP500,2026-07-14,247,搀扶,马健涛,,5:28,D95AE3CC810BB62D28505AE1510C329F,130332417,https://www.kugou.com/yy/rank/home/12-8888.html?from=rank
2026-07-14,2026-07-14T14:36:17+08:00,酷狗音乐,热歌榜,酷狗TOP500,2026-07-14,248,太聪明,陈绮贞,,4:23,89101DA817101FEA0C9ECF64EAE2B46F,959335,https://www.kugou.com/yy/rank/home/12-8888.html?from=rank
2026-07-14,2026-07-14T14:36:17+08:00,酷狗音乐,热歌榜,酷狗TOP500,2026-07-14,249,雪下的时候,乔佳旭,,4:24,F6B3AA5971A01E755A344C2256606418,35913748,https://www.kugou.com/yy/rank/home/12-8888.html?from=rank
2026-07-14,2026-07-14T14:36:17+08:00,酷狗音乐,热歌榜,酷狗TOP500,2026-07-14,250,倒数,G.E.M. 邓紫棋,,3:49,65945C4D6FB03D7997AE133C9BE5715D,9373625,https://www.kugou.com/yy/rank/home/12-8888.html?from=rank
2026-07-14,2026-07-14T14:36:17+08:00,酷狗音乐,热歌榜,酷狗TOP500,2026-07-14,251,第一次,光良,,4:23,872C58BF22F873F1F36CDA2500E58EC9,930387,https://www.kugou.com/yy/rank/home/12-8888.html?from=rank
2026-07-14,2026-07-14T14:36:17+08:00,酷狗音乐,热歌榜,酷狗TOP500,2026-07-14,252,半点心,草蜢,,3:52,6DF94BFD206BB819120C0D021B93EDBC,564642,https://www.kugou.com/yy/rank/home/12-8888.html?from=rank
2026-07-14,2026-07-14T14:36:17+08:00,酷狗音乐,热歌榜,酷狗TOP500,2026-07-14,253,忘记时间,胡歌,,4:32,BB2759C850804CB32A55480D85D21080,493001,https://www.kugou.com/yy/rank/home/12-8888.html?from=rank
2026-07-14,2026-07-14T14:36:17+08:00,酷狗音乐,热歌榜,酷狗TOP500,2026-07-14,254,喜欢你 (G.E.M.重生版),G.E.M. 邓紫棋,,4:03,AA4D82A7506DE809B7A89F91B73F3E1E,150256944,https://www.kugou.com/yy/rank/home/12-8888.html?from=rank
2026-07-14,2026-07-14T14:36:17+08:00,酷狗音乐,热歌榜,酷狗TOP500,2026-07-14,255,我们的歌,王力宏,,4:08,4E294957A0D9B72A78B61F3C2A63B6CC,503223,https://www.kugou.com/yy/rank/home/12-8888.html?from=rank
2026-07-14,2026-07-14T14:36:17+08:00,酷狗音乐,热歌榜,酷狗TOP500,2026-07-14,256,海屿你,沈辞,,4:55,989579857295930A28831210D7842474,187023837,https://www.kugou.com/yy/rank/home/12-8888.html?from=rank
2026-07-14,2026-07-14T14:36:17+08:00,酷狗音乐,热歌榜,酷狗TOP500,2026-07-14,257,半岛铁盒,周杰伦,,5:19,67BA8A4A0681F2078BC423CB13B904B7,961807,https://www.kugou.com/yy/rank/home/12-8888.html?from=rank
2026-07-14,2026-07-14T14:36:17+08:00,酷狗音乐,热歌榜,酷狗TOP500,2026-07-14,258,Amani (女声版),落日微醺,,3:54,0E1705D85CE6D8BE87784DFA9C9A5624,194642479,https://www.kugou.com/yy/rank/home/12-8888.html?from=rank
2026-07-14,2026-07-14T14:36:17+08:00,酷狗音乐,热歌榜,酷狗TOP500,2026-07-14,259,你瞒我瞒,陈柏宇,,3:58,E8EE57D671769402710C4FF9259D841F,965453,https://www.kugou.com/yy/rank/home/12-8888.html?from=rank
2026-07-14,2026-07-14T14:36:17+08:00,酷狗音乐,热歌榜,酷狗TOP500,2026-07-14,260,愿与愁,林俊杰,,3:52,4A2A7260442B0A5D5F17295F1DD7241B,71681690,https://www.kugou.com/yy/rank/home/12-8888.html?from=rank
2026-07-14,2026-07-14T14:36:17+08:00,酷狗音乐,热歌榜,酷狗TOP500,2026-07-14,261,恶作剧,王蓝茵,,3:47,05B893FC78627C3F5635491BBB35167E,720564,https://www.kugou.com/yy/rank/home/12-8888.html?from=rank
2026-07-14,2026-07-14T14:36:17+08:00,酷狗音乐,热歌榜,酷狗TOP500,2026-07-14,262,不潮不用花钱,林俊杰,,3:54,5A84BBA4C673BEA45083C521ADF366AF,963179,https://www.kugou.com/yy/rank/home/12-8888.html?from=rank
2026-07-14,2026-07-14T14:36:17+08:00,酷狗音乐,热歌榜,酷狗TOP500,2026-07-14,263,蓝莲花,许巍,,4:31,EDCDC42FEE3A4BC8F2ADBAF96ADE9D77,15247919,https://www.kugou.com/yy/rank/home/12-8888.html?from=rank
2026-07-14,2026-07-14T14:36:17+08:00,酷狗音乐,热歌榜,酷狗TOP500,2026-07-14,264,好久不见,陈奕迅,,4:11,8E1DDAF172D9C60A28C19358B07BFBF8,962514,https://www.kugou.com/yy/rank/home/12-8888.html?from=rank
2026-07-14,2026-07-14T14:36:17+08:00,酷狗音乐,热歌榜,酷狗TOP500,2026-07-14,265,Copines,Aya Nakamura,,2:52,1CDA977A7FC0BCCC23BC7DF4D0194389,39155596,https://www.kugou.com/yy/rank/home/13-8888.html?from=rank
2026-07-14,2026-07-14T14:36:17+08:00,酷狗音乐,热歌榜,酷狗TOP500,2026-07-14,266,不如见一面2026,海来阿木,,3:57,4866C4CEB901B773ABD6276802E393C9,181816199,https://www.kugou.com/yy/rank/home/13-8888.html?from=rank
2026-07-14,2026-07-14T14:36:17+08:00,酷狗音乐,热歌榜,酷狗TOP500,2026-07-14,267,我是真的爱上你,王杰,,5:03,7C353B672AC945A3FE56022000A239FE,2996801,https://www.kugou.com/yy/rank/home/13-8888.html?from=rank
2026-07-14,2026-07-14T14:36:17+08:00,酷狗音乐,热歌榜,酷狗TOP500,2026-07-14,268,Letting Go,蔡健雅,,4:23,326CBB23BAA90062047512376AA406A4,978874,https://www.kugou.com/yy/rank/home/13-8888.html?from=rank
2026-07-14,2026-07-14T14:36:17+08:00,酷狗音乐,热歌榜,酷狗TOP500,2026-07-14,269,简单爱,周杰伦,,4:30,6E44CE19BE5872384FA184B995CCE23B,958706,https://www.kugou.com/yy/rank/home/13-8888.html?from=rank
2026-07-14,2026-07-14T14:36:17+08:00,酷狗音乐,热歌榜,酷狗TOP500,2026-07-14,270,一起闯荡,蓝波,,3:47,11FCCB020B9128364CC42373B034B8EA,1795537,https://www.kugou.com/yy/rank/home/13-8888.html?from=rank
2026-07-14,2026-07-14T14:36:17+08:00,酷狗音乐,热歌榜,酷狗TOP500,2026-07-14,271,胡广生,任素汐,,3:34,8C655F575EBB2414B53EFF0D2C13188D,12506106,https://www.kugou.com/yy/rank/home/13-8888.html?from=rank
2026-07-14,2026-07-14T14:36:17+08:00,酷狗音乐,热歌榜,酷狗TOP500,2026-07-14,272,西海情歌,刀郎,,5:43,0E5FB14E78AFF13C2DEF97C814537CB7,984281,https://www.kugou.com/yy/rank/home/13-8888.html?from=rank
2026-07-14,2026-07-14T14:36:17+08:00,酷狗音乐,热歌榜,酷狗TOP500,2026-07-14,273,也许在下雨天 (R&B版),落日微醺,,3:49,C9527B6C9EA30FA690641B372B3310EC,195588821,https://www.kugou.com/yy/rank/home/13-8888.html?from=rank
2026-07-14,2026-07-14T14:36:17+08:00,酷狗音乐,热歌榜,酷狗TOP500,2026-07-14,274,真的爱你,BEYOND,,4:35,C46916711631EA28508A41C325A74E1B,971451,https://www.kugou.com/yy/rank/home/13-8888.html?from=rank
2026-07-14,2026-07-14T14:36:17+08:00,酷狗音乐,热歌榜,酷狗TOP500,2026-07-14,275,水手,郑智化,,4:53,6DCF10DEA98A7C9F755BE385E822BE05,967718,https://www.kugou.com/yy/rank/home/13-8888.html?from=rank
2026-07-14,2026-07-14T14:36:17+08:00,酷狗音乐,热歌榜,酷狗TOP500,2026-07-14,276,不遗憾,李荣浩,,5:20,40CE38D5DB930F404EB26F58978BEC3D,44404137,https://www.kugou.com/yy/rank/home/13-8888.html?from=rank
2026-07-14,2026-07-14T14:36:17+08:00,酷狗音乐,热歌榜,酷狗TOP500,2026-07-14,277,这个年纪,齐一,,4:45,B44AD73957D993731BC125BF0A1EFFF5,2657166,https://www.kugou.com/yy/rank/home/13-8888.html?from=rank
2026-07-14,2026-07-14T14:36:17+08:00,酷狗音乐,热歌榜,酷狗TOP500,2026-07-14,278,哼着你爱听的歌 (女版),田园,,3:20,37B0685181098FB8427291594EDBC8CD,162686180,https://www.kugou.com/yy/rank/home/13-8888.html?from=rank
2026-07-14,2026-07-14T14:36:17+08:00,酷狗音乐,热歌榜,酷狗TOP500,2026-07-14,279,我记得,赵雷,,5:30,8CE80CF10A01F37354D63E49C1B60B60,60018447,https://www.kugou.com/yy/rank/home/13-8888.html?from=rank
2026-07-14,2026-07-14T14:36:17+08:00,酷狗音乐,热歌榜,酷狗TOP500,2026-07-14,280,也许下在下雨天 (男女对唱版),汲麟、予晴,,3:37,40465C56CB7ED3E50E3A2E343C3C137F,198712252,https://www.kugou.com/yy/rank/home/13-8888.html?from=rank
2026-07-14,2026-07-14T14:36:17+08:00,酷狗音乐,热歌榜,酷狗TOP500,2026-07-14,281,句号,G.E.M. 邓紫棋,,3:56,0EC0DFE7A4090B3C5C2C1831D7F3ED51,35503028,https://www.kugou.com/yy/rank/home/13-8888.html?from=rank
2026-07-14,2026-07-14T14:36:17+08:00,酷狗音乐,热歌榜,酷狗TOP500,2026-07-14,282,这叫爱,BY2,,3:30,5F0149010F4D5DB5255CB85DB41B0381,980795,https://www.kugou.com/yy/rank/home/13-8888.html?from=rank
2026-07-14,2026-07-14T14:36:17+08:00,酷狗音乐,热歌榜,酷狗TOP500,2026-07-14,283,不能说的秘密,周杰伦,,4:57,EDFC5DD1AC3D58971AB95B3E2700D015,554150,https://www.kugou.com/yy/rank/home/13-8888.html?from=rank
2026-07-14,2026-07-14T14:36:17+08:00,酷狗音乐,热歌榜,酷狗TOP500,2026-07-14,284,如果当时,许嵩,,5:16,697712B7504DA5541C3ED4D117AE1018,973251,https://www.kugou.com/yy/rank/home/13-8888.html?from=rank
2026-07-14,2026-07-14T14:36:17+08:00,酷狗音乐,热歌榜,酷狗TOP500,2026-07-14,285,摇太阳 (雷鬼版),白兰的,,4:32,97915750F2E7DEBEB4E2C7AF4AA7F5A1,183678520,https://www.kugou.com/yy/rank/home/13-8888.html?from=rank
2026-07-14,2026-07-14T14:36:17+08:00,酷狗音乐,热歌榜,酷狗TOP500,2026-07-14,286,第一次爱的人,王心凌,,3:53,31B213E45501B3698702EDB7C0A3E5A6,979891,https://www.kugou.com/yy/rank/home/13-8888.html?from=rank
2026-07-14,2026-07-14T14:36:17+08:00,酷狗音乐,热歌榜,酷狗TOP500,2026-07-14,287,执子之手,宝石Gem、一哩哩一,,3:10,A84D44A92F427A3198ECEE703B708478,61962429,https://www.kugou.com/yy/rank/home/14-8888.html?from=rank
2026-07-14,2026-07-14T14:36:17+08:00,酷狗音乐,热歌榜,酷狗TOP500,2026-07-14,288,海屿你,林樾,,4:57,E13794CAEBCF1117B9DDC444D4AFC785,192446853,https://www.kugou.com/yy/rank/home/14-8888.html?from=rank
2026-07-14,2026-07-14T14:36:17+08:00,酷狗音乐,热歌榜,酷狗TOP500,2026-07-14,289,座位,于冬然,,3:29,D87A09DB3166215E5DFD4A30C922509E,137485296,https://www.kugou.com/yy/rank/home/14-8888.html?from=rank
2026-07-14,2026-07-14T14:36:17+08:00,酷狗音乐,热歌榜,酷狗TOP500,2026-07-14,290,白鸽乌鸦相爱的戏码,潘成（皮卡潘）,,2:54,1B5005F285D8B7FD083CA61C5753E9DB,100112898,https://www.kugou.com/yy/rank/home/14-8888.html?from=rank
2026-07-14,2026-07-14T14:36:17+08:00,酷狗音乐,热歌榜,酷狗TOP500,2026-07-14,291,Call You Tonight,Whitney Houston,,4:10,3378039942BA822731531F34BACF9CA1,561454,https://www.kugou.com/yy/rank/home/14-8888.html?from=rank
2026-07-14,2026-07-14T14:36:17+08:00,酷狗音乐,热歌榜,酷狗TOP500,2026-07-14,292,麦恩莉,方大同,,4:48,3A08C7B067EC2E9B552AB8664490FCEB,971920,https://www.kugou.com/yy/rank/home/14-8888.html?from=rank
2026-07-14,2026-07-14T14:36:17+08:00,酷狗音乐,热歌榜,酷狗TOP500,2026-07-14,293,一个人想着一个人,曾沛慈,,4:04,C9148675D85D3C2B306E966000BC5ABD,542900,https://www.kugou.com/yy/rank/home/14-8888.html?from=rank
2026-07-14,2026-07-14T14:36:17+08:00,酷狗音乐,热歌榜,酷狗TOP500,2026-07-14,294,你就不要想起我,田馥甄,,4:41,33E67CD9B775093E93CBABBD649DF087,965595,https://www.kugou.com/yy/rank/home/14-8888.html?from=rank
2026-07-14,2026-07-14T14:36:17+08:00,酷狗音乐,热歌榜,酷狗TOP500,2026-07-14,295,落空,印子月,,3:53,F2823FEC8D01EDE2587ED3D32F787782,15394482,https://www.kugou.com/yy/rank/home/14-8888.html?from=rank
2026-07-14,2026-07-14T14:36:17+08:00,酷狗音乐,热歌榜,酷狗TOP500,2026-07-14,296,大海,张雨生,,4:40,BF8252BEAE57AEB53490145CA8E81BB4,967705,https://www.kugou.com/yy/rank/home/14-8888.html?from=rank
2026-07-14,2026-07-14T14:36:17+08:00,酷狗音乐,热歌榜,酷狗TOP500,2026-07-14,297,Because of You,Kelly Clarkson,,3:39,FED9A7BE6BC7D2FF3B8426ECEF34A2B6,1592158,https://www.kugou.com/yy/rank/home/14-8888.html?from=rank
2026-07-14,2026-07-14T14:36:17+08:00,酷狗音乐,热歌榜,酷狗TOP500,2026-07-14,298,Who,萧景鸿,,3:28,8297BC36154B9E0139073FA6B40B8AFB,197127845,https://www.kugou.com/yy/rank/home/14-8888.html?from=rank
2026-07-14,2026-07-14T14:36:17+08:00,酷狗音乐,热歌榜,酷狗TOP500,2026-07-14,299,坠落,蔡健雅,,4:10,233254CB517BAA74387361C2158519DA,974379,https://www.kugou.com/yy/rank/home/14-8888.html?from=rank
2026-07-14,2026-07-14T14:36:17+08:00,酷狗音乐,热歌榜,酷狗TOP500,2026-07-14,300,他真的对你好吗,付豪,,4:18,B1B875147F45355FF807402402F5B573,55501876,https://www.kugou.com/yy/rank/home/14-8888.html?from=rank
2026-07-14,2026-07-14T14:36:17+08:00,酷狗音乐,热歌榜,酷狗TOP500,2026-07-14,301,还爱着你,文夫,,3:52,A61924D891C970A28150FDF9E5E56C53,171019019,https://www.kugou.com/yy/rank/home/14-8888.html?from=rank
2026-07-14,2026-07-14T14:36:17+08:00,酷狗音乐,热歌榜,酷狗TOP500,2026-07-14,302,一程山路,毛不易,,3:36,F4B3D7DFFA85DAE7737243598153A168,34631159,https://www.kugou.com/yy/rank/home/14-8888.html?from=rank
2026-07-14,2026-07-14T14:36:17+08:00,酷狗音乐,热歌榜,酷狗TOP500,2026-07-14,303,夏夜最后的烟火,颜人中,,4:40,4E418EDAB22093B51C78C81C0A8C9B31,39949767,https://www.kugou.com/yy/rank/home/14-8888.html?from=rank
2026-07-14,2026-07-14T14:36:17+08:00,酷狗音乐,热歌榜,酷狗TOP500,2026-07-14,304,张三的歌 (欢快版),小梁的（梁思琪）,,3:03,96B0FB54773641CD63DFC72DA1BA918D,180777832,https://www.kugou.com/yy/rank/home/14-8888.html?from=rank
2026-07-14,2026-07-14T14:36:17+08:00,酷狗音乐,热歌榜,酷狗TOP500,2026-07-14,305,无名的人,毛不易,,4:42,525A854C4A4EDF63CAF528D693F69CE0,51231315,https://www.kugou.com/yy/rank/home/14-8888.html?from=rank
2026-07-14,2026-07-14T14:36:17+08:00,酷狗音乐,热歌榜,酷狗TOP500,2026-07-14,306,慢慢离开你,金润吉,,3:51,27915AFE951AD80B584AC4EB4DA41CF7,107320623,https://www.kugou.com/yy/rank/home/14-8888.html?from=rank
2026-07-14,2026-07-14T14:36:17+08:00,酷狗音乐,热歌榜,酷狗TOP500,2026-07-14,307,西楼儿女,海来阿木,,4:18,84DA47460010F3D91E203F777233DAA4,62931439,https://www.kugou.com/yy/rank/home/14-8888.html?from=rank
2026-07-14,2026-07-14T14:36:17+08:00,酷狗音乐,热歌榜,酷狗TOP500,2026-07-14,308,想你和我们的以后,苏运莹,,4:32,5EBA7A9F8385FE7657E751870A287AFD,13669576,https://www.kugou.com/yy/rank/home/14-8888.html?from=rank
2026-07-14,2026-07-14T14:36:17+08:00,酷狗音乐,热歌榜,酷狗TOP500,2026-07-14,309,是你没选我啊,于冬然,,3:22,885046DF8380B7506A6B12EC8F6E201D,176303736,https://www.kugou.com/yy/rank/home/15-8888.html?from=rank
2026-07-14,2026-07-14T14:36:17+08:00,酷狗音乐,热歌榜,酷狗TOP500,2026-07-14,310,The Cure,Lady Gaga,,3:31,3EF072E796A8CF441C83BC751BCB5C38,1994338,https://www.kugou.com/yy/rank/home/15-8888.html?from=rank
2026-07-14,2026-07-14T14:36:17+08:00,酷狗音乐,热歌榜,酷狗TOP500,2026-07-14,311,光年之外 (G.E.M.重生版),G.E.M. 邓紫棋,,3:55,B0EB2A1CC6832B3596E0D71E3CAFCD5F,150256944,https://www.kugou.com/yy/rank/home/15-8888.html?from=rank
2026-07-14,2026-07-14T14:36:17+08:00,酷狗音乐,热歌榜,酷狗TOP500,2026-07-14,312,雀跃,任然、小来,,3:56,6F07E18E17B811C4931349D7D87C1A43,2820318,https://www.kugou.com/yy/rank/home/15-8888.html?from=rank
2026-07-14,2026-07-14T14:36:17+08:00,酷狗音乐,热歌榜,酷狗TOP500,2026-07-14,313,晚风心里吹,阿梨粤,,3:07,DFFB8F6768AC5044881BB6DD11BDED53,55808898,https://www.kugou.com/yy/rank/home/15-8888.html?from=rank
2026-07-14,2026-07-14T14:36:17+08:00,酷狗音乐,热歌榜,酷狗TOP500,2026-07-14,314,没那么简单,黄小琥,,5:08,90D82FB9EB6C1F5385F6F086318EE1FA,962530,https://www.kugou.com/yy/rank/home/15-8888.html?from=rank
2026-07-14,2026-07-14T14:36:17+08:00,酷狗音乐,热歌榜,酷狗TOP500,2026-07-14,315,冲动的惩罚,刀郎,,7:54,84073718AE6A82366444C3B5AE526FAC,964521,https://www.kugou.com/yy/rank/home/15-8888.html?from=rank
2026-07-14,2026-07-14T14:36:17+08:00,酷狗音乐,热歌榜,酷狗TOP500,2026-07-14,316,不分手的恋爱,汪苏泷,,3:26,543A6E13C527E52886E51BBF14191C8F,37376237,https://www.kugou.com/yy/rank/home/15-8888.html?from=rank
2026-07-14,2026-07-14T14:36:17+08:00,酷狗音乐,热歌榜,酷狗TOP500,2026-07-14,317,只为你着迷,李秉成,,4:01,C2F47FB042D8FE6A2B5265DFCF8919A5,11795396,https://www.kugou.com/yy/rank/home/15-8888.html?from=rank
2026-07-14,2026-07-14T14:36:17+08:00,酷狗音乐,热歌榜,酷狗TOP500,2026-07-14,318,感谢你曾来过,Ayo97、周思涵,,4:10,39DCBBDCB0B377628BEF5FD48EF01254,9101627,https://www.kugou.com/yy/rank/home/15-8888.html?from=rank
2026-07-14,2026-07-14T14:36:17+08:00,酷狗音乐,热歌榜,酷狗TOP500,2026-07-14,319,谁明浪子心,王杰,,5:01,1E54C9C01C9DFC5C68F743368F353711,983991,https://www.kugou.com/yy/rank/home/15-8888.html?from=rank
2026-07-14,2026-07-14T14:36:17+08:00,酷狗音乐,热歌榜,酷狗TOP500,2026-07-14,320,偏偏喜欢你,陈百强,,3:32,D186383AA965D13601CFF4857F844FEE,983655,https://www.kugou.com/yy/rank/home/15-8888.html?from=rank
2026-07-14,2026-07-14T14:36:17+08:00,酷狗音乐,热歌榜,酷狗TOP500,2026-07-14,321,土坡上的狗尾草,卢润泽,,3:15,5E40742110D3DB109A22BDB1012C6EBB,104913971,https://www.kugou.com/yy/rank/home/15-8888.html?from=rank
2026-07-14,2026-07-14T14:36:17+08:00,酷狗音乐,热歌榜,酷狗TOP500,2026-07-14,322,匿名的好友,杨丞琳,,4:23,F9CE6B13B4C90B01B3C129FF11B11C87,2694607,https://www.kugou.com/yy/rank/home/15-8888.html?from=rank
2026-07-14,2026-07-14T14:36:17+08:00,酷狗音乐,热歌榜,酷狗TOP500,2026-07-14,323,爱在西元前,周杰伦,,3:54,66B756FB1331807B032EF97F7BA9948E,958706,https://www.kugou.com/yy/rank/home/15-8888.html?from=rank
2026-07-14,2026-07-14T14:36:17+08:00,酷狗音乐,热歌榜,酷狗TOP500,2026-07-14,324,指纹,杜宣达,,4:00,EAF4CB91DA618DBEDC751F54B3B3620D,50057639,https://www.kugou.com/yy/rank/home/15-8888.html?from=rank
2026-07-14,2026-07-14T14:36:17+08:00,酷狗音乐,热歌榜,酷狗TOP500,2026-07-14,325,不再犹豫,BEYOND,,4:15,C477FE5B38147B7522DFCF3DC5BB8A6B,8176296,https://www.kugou.com/yy/rank/home/15-8888.html?from=rank
2026-07-14,2026-07-14T14:36:17+08:00,酷狗音乐,热歌榜,酷狗TOP500,2026-07-14,326,Jealousy (Extended Version),3Rd Coast,,2:34,945490530F3337D8F0515715EF1A7EB2,1010154,https://www.kugou.com/yy/rank/home/15-8888.html?from=rank
2026-07-14,2026-07-14T14:36:17+08:00,酷狗音乐,热歌榜,酷狗TOP500,2026-07-14,327,背着风流泪,文夫,,4:14,93313560CDE28F74AA7D2894E3C4D7F7,146986506,https://www.kugou.com/yy/rank/home/15-8888.html?from=rank
2026-07-14,2026-07-14T14:36:17+08:00,酷狗音乐,热歌榜,酷狗TOP500,2026-07-14,328,悬溺,葛东琪,,3:17,666484E904A54B1E62C9FBFDBE6E2563,23773597,https://www.kugou.com/yy/rank/home/15-8888.html?from=rank
2026-07-14,2026-07-14T14:36:17+08:00,酷狗音乐,热歌榜,酷狗TOP500,2026-07-14,329,我落泪情绪零碎,周杰伦,,4:18,27943EB1CBD46F7BB165B054CE6EBDC8,958812,https://www.kugou.com/yy/rank/home/15-8888.html?from=rank
2026-07-14,2026-07-14T14:36:17+08:00,酷狗音乐,热歌榜,酷狗TOP500,2026-07-14,330,借过一下 (Live),陈小春,,4:24,A60B8E5852E414B356C9F71BD7F16BC6,194300314,https://www.kugou.com/yy/rank/home/15-8888.html?from=rank
2026-07-14,2026-07-14T14:36:17+08:00,酷狗音乐,热歌榜,酷狗TOP500,2026-07-14,331,小美满,周深,,3:34,04A21DB1AB3C8E0D1D8F51F11BDB03A1,83112420,https://www.kugou.com/yy/rank/home/16-8888.html?from=rank
2026-07-14,2026-07-14T14:36:17+08:00,酷狗音乐,热歌榜,酷狗TOP500,2026-07-14,332,再见,张震岳,,3:31,BF7E5BC14D95F2F4DD6932097168D3FF,1746826,https://www.kugou.com/yy/rank/home/16-8888.html?from=rank
2026-07-14,2026-07-14T14:36:17+08:00,酷狗音乐,热歌榜,酷狗TOP500,2026-07-14,333,我的歌声里,曲婉婷,,3:37,227D8E7B7B6EAF7509BB345A7B718EB2,516422,https://www.kugou.com/yy/rank/home/16-8888.html?from=rank
2026-07-14,2026-07-14T14:36:17+08:00,酷狗音乐,热歌榜,酷狗TOP500,2026-07-14,334,如果可以,韦礼安,,4:34,70425DF5F0C9FCED5E0468189A7F4A70,49958186,https://www.kugou.com/yy/rank/home/16-8888.html?from=rank
2026-07-14,2026-07-14T14:36:17+08:00,酷狗音乐,热歌榜,酷狗TOP500,2026-07-14,335,再见只是陌生人,庄心妍,,4:12,67F2E5F1B47C2B86E201518FD24D9831,556403,https://www.kugou.com/yy/rank/home/16-8888.html?from=rank
2026-07-14,2026-07-14T14:36:17+08:00,酷狗音乐,热歌榜,酷狗TOP500,2026-07-14,336,有我呢,郭一凡,,4:35,8E21C8F3484FB56833F563754A05CB25,32452531,https://www.kugou.com/yy/rank/home/16-8888.html?from=rank
2026-07-14,2026-07-14T14:36:17+08:00,酷狗音乐,热歌榜,酷狗TOP500,2026-07-14,337,一直下,陈宇祥,,2:59,90D1389A725B29EDA4714BACB6450C94,198016246,https://www.kugou.com/yy/rank/home/16-8888.html?from=rank
2026-07-14,2026-07-14T14:36:17+08:00,酷狗音乐,热歌榜,酷狗TOP500,2026-07-14,338,冬天的秘密,周传雄,,4:33,1088AEEAB9674A49F8067DCDEB1FC1EE,982655,https://www.kugou.com/yy/rank/home/16-8888.html?from=rank
2026-07-14,2026-07-14T14:36:17+08:00,酷狗音乐,热歌榜,酷狗TOP500,2026-07-14,339,就是爱你,陶喆,,4:24,43485D7A650AFF532E5ECF24D7FB6381,7547427,https://www.kugou.com/yy/rank/home/16-8888.html?from=rank
2026-07-14,2026-07-14T14:36:17+08:00,酷狗音乐,热歌榜,酷狗TOP500,2026-07-14,340,爱我还是他,陶喆,,4:53,004A93C3A157D825B92A91EEB17DA36A,7547427,https://www.kugou.com/yy/rank/home/16-8888.html?from=rank
2026-07-14,2026-07-14T14:36:17+08:00,酷狗音乐,热歌榜,酷狗TOP500,2026-07-14,341,幻听,许嵩,,4:33,24F5E7555646965CD7D1A924452B3300,973046,https://www.kugou.com/yy/rank/home/16-8888.html?from=rank
2026-07-14,2026-07-14T14:36:17+08:00,酷狗音乐,热歌榜,酷狗TOP500,2026-07-14,342,左转灯 (1000 Times +1),派伟俊、mac ova seas,,3:17,E51ABAF534E7D2BA42DB5604421D4838,164658305,https://www.kugou.com/yy/rank/home/16-8888.html?from=rank
2026-07-14,2026-07-14T14:36:17+08:00,酷狗音乐,热歌榜,酷狗TOP500,2026-07-14,343,跨不过的距离,虎二,,4:31,FED5892036FBD176F6FEAE973C565E59,38209191,https://www.kugou.com/yy/rank/home/16-8888.html?from=rank
2026-07-14,2026-07-14T14:36:17+08:00,酷狗音乐,热歌榜,酷狗TOP500,2026-07-14,344,先说谎的人,h3R3、张鑫,,2:49,4F2F51A01A6FF91435D80EEC62E759C0,51331566,https://www.kugou.com/yy/rank/home/16-8888.html?from=rank
2026-07-14,2026-07-14T14:36:17+08:00,酷狗音乐,热歌榜,酷狗TOP500,2026-07-14,345,该死的温柔,马天宇,,3:45,1BEB018ACA561E4826C6E905D6B46993,976096,https://www.kugou.com/yy/rank/home/16-8888.html?from=rank
2026-07-14,2026-07-14T14:36:17+08:00,酷狗音乐,热歌榜,酷狗TOP500,2026-07-14,346,暧昧,薛之谦,,5:12,B3A4E466F13F44FA0B91FA4EB8E6DECA,7818079,https://www.kugou.com/yy/rank/home/16-8888.html?from=rank
2026-07-14,2026-07-14T14:36:17+08:00,酷狗音乐,热歌榜,酷狗TOP500,2026-07-14,347,为爱痴狂2026,金志文,,3:36,B1E9BC18B02C998DB6CF32CD0E2CF208,194629486,https://www.kugou.com/yy/rank/home/16-8888.html?from=rank
2026-07-14,2026-07-14T14:36:17+08:00,酷狗音乐,热歌榜,酷狗TOP500,2026-07-14,348,手写的从前,周杰伦,,4:58,2920D0149AD73FAC588C264539F7927F,962593,https://www.kugou.com/yy/rank/home/16-8888.html?from=rank
2026-07-14,2026-07-14T14:36:17+08:00,酷狗音乐,热歌榜,酷狗TOP500,2026-07-14,349,不浪漫罪名,王杰,,4:48,4255D3F001B95B07F2D5BE330D14A780,503247,https://www.kugou.com/yy/rank/home/16-8888.html?from=rank
2026-07-14,2026-07-14T14:36:17+08:00,酷狗音乐,热歌榜,酷狗TOP500,2026-07-14,350,走走,李荣浩,,5:04,0BD5B6F56CED35BB3380425EC02E1098,106374641,https://www.kugou.com/yy/rank/home/16-8888.html?from=rank
2026-07-14,2026-07-14T14:36:17+08:00,酷狗音乐,热歌榜,酷狗TOP500,2026-07-14,351,只若初见,张德伊玲,,3:24,0AC57BC59B96F7BF216744F93617FC8B,58285492,https://www.kugou.com/yy/rank/home/16-8888.html?from=rank
2026-07-14,2026-07-14T14:36:17+08:00,酷狗音乐,热歌榜,酷狗TOP500,2026-07-14,352,爱你没差,周杰伦,,4:41,66F31869BBAA767A929F35EEE1CCC5C9,982051,https://www.kugou.com/yy/rank/home/16-8888.html?from=rank
2026-07-14,2026-07-14T14:36:17+08:00,酷狗音乐,热歌榜,酷狗TOP500,2026-07-14,353,红豆,王菲,,4:16,AEF916A18BAAE9C8E7807179C8DA64D1,960812,https://www.kugou.com/yy/rank/home/17-8888.html?from=rank
2026-07-14,2026-07-14T14:36:17+08:00,酷狗音乐,热歌榜,酷狗TOP500,2026-07-14,354,time machine (feat. aren park)(Original Mix),mj apanay、aren park,,3:46,6FC23D8694067908061BB145B6DFCB87,100264848,https://www.kugou.com/yy/rank/home/17-8888.html?from=rank
2026-07-14,2026-07-14T14:36:17+08:00,酷狗音乐,热歌榜,酷狗TOP500,2026-07-14,355,你有没有真的爱过我 (对唱版),阿图表妹、寂寞阿图,,4:03,3C425FC4496E67468562CA377D7F2B23,190170015,https://www.kugou.com/yy/rank/home/17-8888.html?from=rank
2026-07-14,2026-07-14T14:36:17+08:00,酷狗音乐,热歌榜,酷狗TOP500,2026-07-14,356,也许下在下雨天 (辣条版),汲麟,,3:47,2FBF35D8C2CE8E8ABE34F4EABFF792ED,197991573,https://www.kugou.com/yy/rank/home/17-8888.html?from=rank
2026-07-14,2026-07-14T14:36:17+08:00,酷狗音乐,热歌榜,酷狗TOP500,2026-07-14,357,虚拟,陈粒,,4:01,AEF0740270FE89918F07807C8D669FB7,1749208,https://www.kugou.com/yy/rank/home/17-8888.html?from=rank
2026-07-14,2026-07-14T14:36:17+08:00,酷狗音乐,热歌榜,酷狗TOP500,2026-07-14,358,止不住想念,姜雨涵,,2:57,85CB72D6B64A8AB8D1265902160215D4,197932969,https://www.kugou.com/yy/rank/home/17-8888.html?from=rank
2026-07-14,2026-07-14T14:36:17+08:00,酷狗音乐,热歌榜,酷狗TOP500,2026-07-14,359,淘汰,陈奕迅,,4:45,90C64A1FB2F32663FA8037D847AABB57,962514,https://www.kugou.com/yy/rank/home/17-8888.html?from=rank
2026-07-14,2026-07-14T14:36:17+08:00,酷狗音乐,热歌榜,酷狗TOP500,2026-07-14,360,古风2026,一颗狼星、糯米Nomi、倪浩毅、指尖笑、草帽酱、执素兮、平生不晚、浅影阿,,3:47,6F672BF8E8D7EF9C65E9D4D62B2DB57B,195187933,https://www.kugou.com/yy/rank/home/17-8888.html?from=rank
2026-07-14,2026-07-14T14:36:17+08:00,酷狗音乐,热歌榜,酷狗TOP500,2026-07-14,361,安和桥,宇西,,4:09,BFB6233E7687776800FDA3FD76EBFB41,13667444,https://www.kugou.com/yy/rank/home/17-8888.html?from=rank
2026-07-14,2026-07-14T14:36:17+08:00,酷狗音乐,热歌榜,酷狗TOP500,2026-07-14,362,反方向的钟,周杰伦,,4:18,A6049AAB184A305CAA906C6BBB8E8233,978031,https://www.kugou.com/yy/rank/home/17-8888.html?from=rank
2026-07-14,2026-07-14T14:36:17+08:00,酷狗音乐,热歌榜,酷狗TOP500,2026-07-14,363,Sinos De Natal,MGD、MXZHPHXNK,,2:12,237C8FD6EC0BFC92E2584EF377705E8F,168252092,https://www.kugou.com/yy/rank/home/17-8888.html?from=rank
2026-07-14,2026-07-14T14:36:17+08:00,酷狗音乐,热歌榜,酷狗TOP500,2026-07-14,364,玉芬啊玉芬你让彪哥好伤心,老韩很哇塞,,3:00,AFF2135F30F90B6768AF3320505559CF,177493243,https://www.kugou.com/yy/rank/home/17-8888.html?from=rank
2026-07-14,2026-07-14T14:36:17+08:00,酷狗音乐,热歌榜,酷狗TOP500,2026-07-14,365,尘念,桑耶,,3:16,FBE82E5DCC11A3A8AF6B8A5B74E2F2BB,190711369,https://www.kugou.com/yy/rank/home/17-8888.html?from=rank
2026-07-14,2026-07-14T14:36:17+08:00,酷狗音乐,热歌榜,酷狗TOP500,2026-07-14,366,怎么说我不爱你,萧敬腾,,4:35,30A31A94C77268C92886E00D912AC03B,958893,https://www.kugou.com/yy/rank/home/17-8888.html?from=rank
2026-07-14,2026-07-14T14:36:17+08:00,酷狗音乐,热歌榜,酷狗TOP500,2026-07-14,367,空山野马 (纯音乐),404Hz,,3:33,9CE3139C132E8E667DD78A6C96EC31FA,137346132,https://www.kugou.com/yy/rank/home/17-8888.html?from=rank
2026-07-14,2026-07-14T14:36:17+08:00,酷狗音乐,热歌榜,酷狗TOP500,2026-07-14,368,末班车 (烟嗓女版),田园,,4:22,073113C57BD7CE223B45B1096339176A,198533820,https://www.kugou.com/yy/rank/home/17-8888.html?from=rank
2026-07-14,2026-07-14T14:36:17+08:00,酷狗音乐,热歌榜,酷狗TOP500,2026-07-14,369,当下,巴扎黑,,4:19,19B7F91F6D7BBCF050AE1212CAC25319,153541097,https://www.kugou.com/yy/rank/home/17-8888.html?from=rank
2026-07-14,2026-07-14T14:36:17+08:00,酷狗音乐,热歌榜,酷狗TOP500,2026-07-14,370,无人之岛 (Live),罗云熙、姚晓棠,,4:59,19F7AEFC2BF737FB96D10AFF60512035,198905696,https://www.kugou.com/yy/rank/home/17-8888.html?from=rank
2026-07-14,2026-07-14T14:36:17+08:00,酷狗音乐,热歌榜,酷狗TOP500,2026-07-14,371,断点,张敬轩,,4:28,2C2A571D91FF7BF6FE814887FFA7E592,2996592,https://www.kugou.com/yy/rank/home/17-8888.html?from=rank
2026-07-14,2026-07-14T14:36:17+08:00,酷狗音乐,热歌榜,酷狗TOP500,2026-07-14,372,等你下课 (with 杨瑞代),周杰伦,,4:30,5D043EC8BF78A185A01CC45A6032DE1F,58849245,https://www.kugou.com/yy/rank/home/17-8888.html?from=rank
2026-07-14,2026-07-14T14:36:17+08:00,酷狗音乐,热歌榜,酷狗TOP500,2026-07-14,373,意外,薛之谦,,4:52,04E0EDE41EA3CCFF76C04F414E1D03A7,960327,https://www.kugou.com/yy/rank/home/17-8888.html?from=rank
2026-07-14,2026-07-14T14:36:17+08:00,酷狗音乐,热歌榜,酷狗TOP500,2026-07-14,374,风说,陈默默,,3:16,0B5170DE93324721489451BA976EA11F,184291436,https://www.kugou.com/yy/rank/home/17-8888.html?from=rank
2026-07-14,2026-07-14T14:36:17+08:00,酷狗音乐,热歌榜,酷狗TOP500,2026-07-14,375,有点甜,汪苏泷、BY2,,3:55,99CFDC717FEB7DABCD8A6392D821FC08,516425,https://www.kugou.com/yy/rank/home/18-8888.html?from=rank
2026-07-14,2026-07-14T14:36:17+08:00,酷狗音乐,热歌榜,酷狗TOP500,2026-07-14,376,明天，你好,牛奶咖啡,,4:32,A9527F71F7149F13E1F78B23C25DD30B,967562,https://www.kugou.com/yy/rank/home/18-8888.html?from=rank
2026-07-14,2026-07-14T14:36:17+08:00,酷狗音乐,热歌榜,酷狗TOP500,2026-07-14,377,下雨天,南拳妈妈,,4:13,947127F991A6A4FF77C89779E6B25AF4,983794,https://www.kugou.com/yy/rank/home/18-8888.html?from=rank
2026-07-14,2026-07-14T14:36:17+08:00,酷狗音乐,热歌榜,酷狗TOP500,2026-07-14,378,My Bed (Explicit),Leah Kate,,2:44,6E6104198DA489F603C8F4C5D2E7FF4C,65853253,https://www.kugou.com/yy/rank/home/18-8888.html?from=rank
2026-07-14,2026-07-14T14:36:17+08:00,酷狗音乐,热歌榜,酷狗TOP500,2026-07-14,379,I'm Waiting (Radio Edit),Stage Rockers,,4:30,5FB4D4C2336C116945C5CCA9862D7B67,1949715,https://www.kugou.com/yy/rank/home/18-8888.html?from=rank
2026-07-14,2026-07-14T14:36:17+08:00,酷狗音乐,热歌榜,酷狗TOP500,2026-07-14,380,本末,任素汐,,3:22,2591284F609E7EE9FEAF172570C88FBF,191975390,https://www.kugou.com/yy/rank/home/18-8888.html?from=rank
2026-07-14,2026-07-14T14:36:17+08:00,酷狗音乐,热歌榜,酷狗TOP500,2026-07-14,381,离别开出花 (弹唱版),就是南方凯,,2:52,67911051D7E5B9B3343847D73BF883F5,81781305,https://www.kugou.com/yy/rank/home/18-8888.html?from=rank
2026-07-14,2026-07-14T14:36:17+08:00,酷狗音乐,热歌榜,酷狗TOP500,2026-07-14,382,其实雨也没多大 (对唱版),万豹、羊羊,,3:46,3DCAD49A6417CF61F031111716AB1572,164325869,https://www.kugou.com/yy/rank/home/18-8888.html?from=rank
2026-07-14,2026-07-14T14:36:17+08:00,酷狗音乐,热歌榜,酷狗TOP500,2026-07-14,383,颜色,Gareth.T,,3:31,550CDD3C7EA9939D258C0A976B3FA0E4,145760181,https://www.kugou.com/yy/rank/home/18-8888.html?from=rank
2026-07-14,2026-07-14T14:36:17+08:00,酷狗音乐,热歌榜,酷狗TOP500,2026-07-14,384,真的用了心 (烟嗓蓝调版),呆帝,,4:20,01A236DD91CEA3178BF0A579D8867483,191807177,https://www.kugou.com/yy/rank/home/18-8888.html?from=rank
2026-07-14,2026-07-14T14:36:17+08:00,酷狗音乐,热歌榜,酷狗TOP500,2026-07-14,385,不负众望,陈婉菁,,3:55,B54BD54DD6B27B311A9F7E2CF9505D3E,62005607,https://www.kugou.com/yy/rank/home/18-8888.html?from=rank
2026-07-14,2026-07-14T14:36:17+08:00,酷狗音乐,热歌榜,酷狗TOP500,2026-07-14,386,刚刚好,薛之谦,,4:11,956EEC514146039E6D6A16B30DD64A7B,1747549,https://www.kugou.com/yy/rank/home/18-8888.html?from=rank
2026-07-14,2026-07-14T14:36:17+08:00,酷狗音乐,热歌榜,酷狗TOP500,2026-07-14,387,谁 (男女扎心合唱),梨子芥菜、戚悦,,3:58,38DAABE4EEA0ADDC04897AC14E15B54E,185936379,https://www.kugou.com/yy/rank/home/18-8888.html?from=rank
2026-07-14,2026-07-14T14:36:17+08:00,酷狗音乐,热歌榜,酷狗TOP500,2026-07-14,388,记事本,陈慧琳,,4:11,26684870E2CE3936A3D72559F67C0606,2996651,https://www.kugou.com/yy/rank/home/18-8888.html?from=rank
2026-07-14,2026-07-14T14:36:17+08:00,酷狗音乐,热歌榜,酷狗TOP500,2026-07-14,389,淋雨的人,阿图表妹,,3:59,EEB3B4F416E4D8777817C79127FCBFFC,183624154,https://www.kugou.com/yy/rank/home/18-8888.html?from=rank
2026-07-14,2026-07-14T14:36:17+08:00,酷狗音乐,热歌榜,酷狗TOP500,2026-07-14,390,Attention,Charlie Puth,,3:32,168410180AC07D8EB7B708E997867631,2035461,https://www.kugou.com/yy/rank/home/18-8888.html?from=rank
2026-07-14,2026-07-14T14:36:17+08:00,酷狗音乐,热歌榜,酷狗TOP500,2026-07-14,391,追光者,岑宁儿,,3:56,03F818EF5B72D16F65BD6298FB99B440,2706911,https://www.kugou.com/yy/rank/home/18-8888.html?from=rank
2026-07-14,2026-07-14T14:36:17+08:00,酷狗音乐,热歌榜,酷狗TOP500,2026-07-14,392,依兰爱情故事,方天雷,,4:52,3A81A43283DE1F061097D1F275C2BF7D,555058,https://www.kugou.com/yy/rank/home/18-8888.html?from=rank
2026-07-14,2026-07-14T14:36:17+08:00,酷狗音乐,热歌榜,酷狗TOP500,2026-07-14,393,咏春,七朵组合,,4:31,9C54B0CCA0581987E92560F11413E88F,8344834,https://www.kugou.com/yy/rank/home/18-8888.html?from=rank
2026-07-14,2026-07-14T14:36:17+08:00,酷狗音乐,热歌榜,酷狗TOP500,2026-07-14,394,美丽的神话,孙楠、韩红,,4:52,877281C8E094A848F022BCAAA76945CB,964166,https://www.kugou.com/yy/rank/home/18-8888.html?from=rank
2026-07-14,2026-07-14T14:36:17+08:00,酷狗音乐,热歌榜,酷狗TOP500,2026-07-14,395,世间美好与你环环相扣,柏松,,3:48,1B3D6E1943DE1C750869AB6DB6F03400,66596249,https://www.kugou.com/yy/rank/home/18-8888.html?from=rank
2026-07-14,2026-07-14T14:36:17+08:00,酷狗音乐,热歌榜,酷狗TOP500,2026-07-14,396,犯错,顾峰、斯琴高丽,,3:16,51BAF90D6D5B2F899FB84C9A34E2A6AF,965586,https://www.kugou.com/yy/rank/home/18-8888.html?from=rank
2026-07-14,2026-07-14T14:36:17+08:00,酷狗音乐,热歌榜,酷狗TOP500,2026-07-14,397,痴心绝对,李圣杰,,4:22,2B7176CC7B1E7F5A136A5A1E1AACD365,966511,https://www.kugou.com/yy/rank/home/19-8888.html?from=rank
2026-07-14,2026-07-14T14:36:17+08:00,酷狗音乐,热歌榜,酷狗TOP500,2026-07-14,398,我想念,汪苏泷,,3:45,A6545AABFE93C5495BA8ADB2A555B84F,76163380,https://www.kugou.com/yy/rank/home/19-8888.html?from=rank
2026-07-14,2026-07-14T14:36:17+08:00,酷狗音乐,热歌榜,酷狗TOP500,2026-07-14,399,忘了你忘了我,王杰,,4:38,95CBD367E98724883CA99874AD626446,962390,https://www.kugou.com/yy/rank/home/19-8888.html?from=rank
2026-07-14,2026-07-14T14:36:17+08:00,酷狗音乐,热歌榜,酷狗TOP500,2026-07-14,400,寂寞沙洲冷,周传雄,,4:35,36A4F5EAA748324A5D509D8EDC47699F,984377,https://www.kugou.com/yy/rank/home/19-8888.html?from=rank
2026-07-14,2026-07-14T14:36:17+08:00,酷狗音乐,热歌榜,酷狗TOP500,2026-07-14,401,天际,洋澜一,,5:46,DEAE9D1FC61F4810A0C15AA9CFD83722,76611526,https://www.kugou.com/yy/rank/home/19-8888.html?from=rank
2026-07-14,2026-07-14T14:36:17+08:00,酷狗音乐,热歌榜,酷狗TOP500,2026-07-14,402,这世界那么多人,莫文蔚,,4:46,8217FD6FE2973658781FB08DA4F8C4D6,44349469,https://www.kugou.com/yy/rank/home/19-8888.html?from=rank
2026-07-14,2026-07-14T14:36:17+08:00,酷狗音乐,热歌榜,酷狗TOP500,2026-07-14,403,给我一首歌的时间,周杰伦,,4:14,EAD10DC931A1102A10FDCD3665010322,960399,https://www.kugou.com/yy/rank/home/19-8888.html?from=rank
2026-07-14,2026-07-14T14:36:17+08:00,酷狗音乐,热歌榜,酷狗TOP500,2026-07-14,404,冷雨夜,BEYOND,,4:19,34721C6BD44CB5F92BF3E4150AE3B5F1,976137,https://www.kugou.com/yy/rank/home/19-8888.html?from=rank
2026-07-14,2026-07-14T14:36:17+08:00,酷狗音乐,热歌榜,酷狗TOP500,2026-07-14,405,倒带,蔡依林,,4:26,446507D2332BC3F263596363A97C6E95,976925,https://www.kugou.com/yy/rank/home/19-8888.html?from=rank
2026-07-14,2026-07-14T14:36:17+08:00,酷狗音乐,热歌榜,酷狗TOP500,2026-07-14,406,刚好遇见你,李玉刚,,3:20,106EC000715C5C62AAE36B347B296642,1820033,https://www.kugou.com/yy/rank/home/19-8888.html?from=rank
2026-07-14,2026-07-14T14:36:17+08:00,酷狗音乐,热歌榜,酷狗TOP500,2026-07-14,407,你的样子 (烟嗓版),十一经典老歌,,3:17,9CF9C5DDBC66437ED5BF2EDB46FF94D8,193387171,https://www.kugou.com/yy/rank/home/19-8888.html?from=rank
2026-07-14,2026-07-14T14:36:17+08:00,酷狗音乐,热歌榜,酷狗TOP500,2026-07-14,408,深爱过的人怎么放手,万能和弦,,3:57,43E2C5962E6540E6649B45F9212BFF06,179359732,https://www.kugou.com/yy/rank/home/19-8888.html?from=rank
2026-07-14,2026-07-14T14:36:17+08:00,酷狗音乐,热歌榜,酷狗TOP500,2026-07-14,409,习惯失恋,容祖儿,,3:57,AE122E306884C427CAC1E93F65EFE670,533125,https://www.kugou.com/yy/rank/home/19-8888.html?from=rank
2026-07-14,2026-07-14T14:36:17+08:00,酷狗音乐,热歌榜,酷狗TOP500,2026-07-14,410,莫问归期,蒋雪儿Snow.J,,3:39,F0E418FB19E8D295D0F78E50AE3B7E30,27453193,https://www.kugou.com/yy/rank/home/19-8888.html?from=rank
2026-07-14,2026-07-14T14:36:17+08:00,酷狗音乐,热歌榜,酷狗TOP500,2026-07-14,411,三国恋,Tank,,4:06,1325E661C6044048943A8D7D417ED280,966742,https://www.kugou.com/yy/rank/home/19-8888.html?from=rank
2026-07-14,2026-07-14T14:36:17+08:00,酷狗音乐,热歌榜,酷狗TOP500,2026-07-14,412,暖暖,梁静茹,,4:03,D7E7A2C2B33386E834238AC7CBC3524E,2997466,https://www.kugou.com/yy/rank/home/19-8888.html?from=rank
2026-07-14,2026-07-14T14:36:17+08:00,酷狗音乐,热歌榜,酷狗TOP500,2026-07-14,413,修炼爱情,林俊杰,,4:47,8748C12719DCA9F588B1118AC05F6BF8,972188,https://www.kugou.com/yy/rank/home/19-8888.html?from=rank
2026-07-14,2026-07-14T14:36:17+08:00,酷狗音乐,热歌榜,酷狗TOP500,2026-07-14,414,爱琴海,周杰伦,,3:34,2A6015676A3C8DA32FD1A3BB29B75642,179652761,https://www.kugou.com/yy/rank/home/19-8888.html?from=rank
2026-07-14,2026-07-14T14:36:17+08:00,酷狗音乐,热歌榜,酷狗TOP500,2026-07-14,415,同花顺,林倛玉,,3:57,87C979FC3CBA27D6345528A1BEF05477,8603846,https://www.kugou.com/yy/rank/home/19-8888.html?from=rank
2026-07-14,2026-07-14T14:36:17+08:00,酷狗音乐,热歌榜,酷狗TOP500,2026-07-14,416,茫,李润祺,,3:47,7B82C70A1736D61A28849DE87AA4B812,40168846,https://www.kugou.com/yy/rank/home/19-8888.html?from=rank
2026-07-14,2026-07-14T14:36:17+08:00,酷狗音乐,热歌榜,酷狗TOP500,2026-07-14,417,容易受伤的女人,王菲,,4:21,C4BDD79D611789B65B368283D4DDAB0F,980244,https://www.kugou.com/yy/rank/home/19-8888.html?from=rank
2026-07-14,2026-07-14T14:36:17+08:00,酷狗音乐,热歌榜,酷狗TOP500,2026-07-14,418,情罪,陈瑞,,4:45,9642484D6F37650295B370CD52553DC5,80617215,https://www.kugou.com/yy/rank/home/19-8888.html?from=rank
2026-07-14,2026-07-14T14:36:17+08:00,酷狗音乐,热歌榜,酷狗TOP500,2026-07-14,419,还是分开,张叶蕾,,3:49,A9B126E712C82BAB3CCCA272BE4B84E4,51924399,https://www.kugou.com/yy/rank/home/20-8888.html?from=rank
2026-07-14,2026-07-14T14:36:17+08:00,酷狗音乐,热歌榜,酷狗TOP500,2026-07-14,420,那些年,胡夏,,6:10,954D4606AF23C1B7A9740676838BCFB2,974137,https://www.kugou.com/yy/rank/home/20-8888.html?from=rank
2026-07-14,2026-07-14T14:36:17+08:00,酷狗音乐,热歌榜,酷狗TOP500,2026-07-14,421,零距离的思念,TINY7,,3:06,279A50FF5784F3A92F0ABB689B0335EE,137584528,https://www.kugou.com/yy/rank/home/20-8888.html?from=rank
2026-07-14,2026-07-14T14:36:17+08:00,酷狗音乐,热歌榜,酷狗TOP500,2026-07-14,422,Una Mattina,Papa Tin,,2:57,B667D853B7DB6CC5702FABE35DF12009,100895497,https://www.kugou.com/yy/rank/home/20-8888.html?from=rank
2026-07-14,2026-07-14T14:36:17+08:00,酷狗音乐,热歌榜,酷狗TOP500,2026-07-14,423,他不懂,张杰,,3:52,BA40D69184A05D7BCD335028C5C613BE,38606351,https://www.kugou.com/yy/rank/home/20-8888.html?from=rank
2026-07-14,2026-07-14T14:36:17+08:00,酷狗音乐,热歌榜,酷狗TOP500,2026-07-14,424,心愿便利贴 (雷鬼版),斯俊森,,3:25,4A921DBF8489A56DE1ACC96EADC4FCD2,191650841,https://www.kugou.com/yy/rank/home/20-8888.html?from=rank
2026-07-14,2026-07-14T14:36:17+08:00,酷狗音乐,热歌榜,酷狗TOP500,2026-07-14,425,玫瑰花的葬礼,许嵩,,4:21,0A335E9374392B72E5965D8F6165E564,1968878,https://www.kugou.com/yy/rank/home/20-8888.html?from=rank
2026-07-14,2026-07-14T14:36:17+08:00,酷狗音乐,热歌榜,酷狗TOP500,2026-07-14,426,你不知道的事,王力宏,,4:39,3722EE8644818A260FD8AF3A173D71C3,982128,https://www.kugou.com/yy/rank/home/20-8888.html?from=rank
2026-07-14,2026-07-14T14:36:17+08:00,酷狗音乐,热歌榜,酷狗TOP500,2026-07-14,427,手放开,李圣杰,,4:25,022583751858F1E3558F32EC4ECF7DD5,959847,https://www.kugou.com/yy/rank/home/20-8888.html?from=rank
2026-07-14,2026-07-14T14:36:17+08:00,酷狗音乐,热歌榜,酷狗TOP500,2026-07-14,428,世界赠予我的,王菲,,4:04,BE84F84C55D0D1B458158092272CC3A8,135677703,https://www.kugou.com/yy/rank/home/20-8888.html?from=rank
2026-07-14,2026-07-14T14:36:17+08:00,酷狗音乐,热歌榜,酷狗TOP500,2026-07-14,429,求佛,誓言,,4:46,7B7140B23A836DC6EE63B6CD48482402,7614,https://www.kugou.com/yy/rank/home/20-8888.html?from=rank
2026-07-14,2026-07-14T14:36:17+08:00,酷狗音乐,热歌榜,酷狗TOP500,2026-07-14,430,十面埋伏,陈奕迅,,3:52,90B8469459CBA58A5DDEDD9350286DD8,2996227,https://www.kugou.com/yy/rank/home/20-8888.html?from=rank
2026-07-14,2026-07-14T14:36:17+08:00,酷狗音乐,热歌榜,酷狗TOP500,2026-07-14,431,单身情歌,林志炫,,4:35,ACD27A452FE3D0348D38540762DA7BEB,971171,https://www.kugou.com/yy/rank/home/20-8888.html?from=rank
2026-07-14,2026-07-14T14:36:17+08:00,酷狗音乐,热歌榜,酷狗TOP500,2026-07-14,432,冷夜,陈默之,,4:07,DC939521FA5F5736A33765D56B90E03C,84595635,https://www.kugou.com/yy/rank/home/20-8888.html?from=rank
2026-07-14,2026-07-14T14:36:17+08:00,酷狗音乐,热歌榜,酷狗TOP500,2026-07-14,433,破晓,王俊凯,,3:32,3F19A460CABCAC9E94BF425FF2ECFC9A,180811789,https://www.kugou.com/yy/rank/home/20-8888.html?from=rank
2026-07-14,2026-07-14T14:36:17+08:00,酷狗音乐,热歌榜,酷狗TOP500,2026-07-14,434,一个人想着一个人 (说唱版),艾比利,,3:09,A4C9C11B5C6CD698FBA54D0AB3FE71CA,102363749,https://www.kugou.com/yy/rank/home/20-8888.html?from=rank
2026-07-14,2026-07-14T14:36:17+08:00,酷狗音乐,热歌榜,酷狗TOP500,2026-07-14,435,想你的夜,关喆,,4:25,1404A292A6E122C99696BDFF04CE982F,963737,https://www.kugou.com/yy/rank/home/20-8888.html?from=rank
2026-07-14,2026-07-14T14:36:17+08:00,酷狗音乐,热歌榜,酷狗TOP500,2026-07-14,436,春风何时来,巴扎黑,,4:26,D8E39D3C8DCB8A79CDDDAA9D9FF30D6E,82760992,https://www.kugou.com/yy/rank/home/20-8888.html?from=rank
2026-07-14,2026-07-14T14:36:17+08:00,酷狗音乐,热歌榜,酷狗TOP500,2026-07-14,437,推开世界的门,杨乃文,,4:42,6B5A905C8904FD4A23D255DA1B5592C9,1803972,https://www.kugou.com/yy/rank/home/20-8888.html?from=rank
2026-07-14,2026-07-14T14:36:17+08:00,酷狗音乐,热歌榜,酷狗TOP500,2026-07-14,438,说散就散,袁娅维TIA RAY,,4:03,837D7CEC9202B47F077BB7FE8C0C1A08,8025931,https://www.kugou.com/yy/rank/home/20-8888.html?from=rank
2026-07-14,2026-07-14T14:36:17+08:00,酷狗音乐,热歌榜,酷狗TOP500,2026-07-14,439,叹我,阿麦姑娘,,3:33,992A2C772B630F0E6AC3243C22232B26,190806182,https://www.kugou.com/yy/rank/home/20-8888.html?from=rank
2026-07-14,2026-07-14T14:36:17+08:00,酷狗音乐,热歌榜,酷狗TOP500,2026-07-14,440,当爱在靠近,刘若英,,4:11,D988B9B4B769D979279D4AC9E84907F1,978209,https://www.kugou.com/yy/rank/home/20-8888.html?from=rank
2026-07-14,2026-07-14T14:36:17+08:00,酷狗音乐,热歌榜,酷狗TOP500,2026-07-14,441,月亮照山川,窝窝,,3:18,B96C803232E044E3D6308EAE37ADDE1D,142338715,https://www.kugou.com/yy/rank/home/21-8888.html?from=rank
2026-07-14,2026-07-14T14:36:17+08:00,酷狗音乐,热歌榜,酷狗TOP500,2026-07-14,442,多幸运,韩安旭,,4:09,CBAB4AB8D340C977AB800C1ED4D35ED9,555393,https://www.kugou.com/yy/rank/home/21-8888.html?from=rank
2026-07-14,2026-07-14T14:36:17+08:00,酷狗音乐,热歌榜,酷狗TOP500,2026-07-14,443,天亮以前说再见 (雪花多舍不得冬天),四熹丸子,,3:53,36255921966B48B35A6E31D843C1CDD4,133064388,https://www.kugou.com/yy/rank/home/21-8888.html?from=rank
2026-07-14,2026-07-14T14:36:17+08:00,酷狗音乐,热歌榜,酷狗TOP500,2026-07-14,444,我太笨,锤娜丽莎,,4:25,A5D4F40382C0DF1A95A48A617793F03E,46432417,https://www.kugou.com/yy/rank/home/21-8888.html?from=rank
2026-07-14,2026-07-14T14:36:17+08:00,酷狗音乐,热歌榜,酷狗TOP500,2026-07-14,445,Take Me to Your Heart,Michael Learns To Rock,,3:59,97ED0BF75D3D6EEB97A326073F503AC8,561642,https://www.kugou.com/yy/rank/home/21-8888.html?from=rank
2026-07-14,2026-07-14T14:36:17+08:00,酷狗音乐,热歌榜,酷狗TOP500,2026-07-14,446,醒来折花 (微醺版),涂一乐,,2:39,93A636A2129EFB6475B0C01AF0821322,194250362,https://www.kugou.com/yy/rank/home/21-8888.html?from=rank
2026-07-14,2026-07-14T14:36:17+08:00,酷狗音乐,热歌榜,酷狗TOP500,2026-07-14,447,孤独Person (你对我的了解 无声的告别),Herme4、WhyAce、Zy,,2:49,0ED3953900AC0C7F916034D5716D7A9F,182728802,https://www.kugou.com/yy/rank/home/21-8888.html?from=rank
2026-07-14,2026-07-14T14:36:17+08:00,酷狗音乐,热歌榜,酷狗TOP500,2026-07-14,448,假装 (红了樱桃 绿了芭蕉),周男孩,,3:20,A8C21C093036B9085E392A65E28C750E,198031331,https://www.kugou.com/yy/rank/home/21-8888.html?from=rank
2026-07-14,2026-07-14T14:36:17+08:00,酷狗音乐,热歌榜,酷狗TOP500,2026-07-14,449,我不配,周杰伦,,4:49,00CBE76AE7676D5D2A3D832D202C8FFD,979856,https://www.kugou.com/yy/rank/home/21-8888.html?from=rank
2026-07-14,2026-07-14T14:36:17+08:00,酷狗音乐,热歌榜,酷狗TOP500,2026-07-14,450,读心术,卓文萱,,4:20,3F98A771F8F33556966A9990F66D95C4,965920,https://www.kugou.com/yy/rank/home/21-8888.html?from=rank
2026-07-14,2026-07-14T14:36:17+08:00,酷狗音乐,热歌榜,酷狗TOP500,2026-07-14,451,暖一杯茶,邵帅,,4:03,26A9B8C6480C22BC4342F22CB897E760,23061596,https://www.kugou.com/yy/rank/home/21-8888.html?from=rank
2026-07-14,2026-07-14T14:36:17+08:00,酷狗音乐,热歌榜,酷狗TOP500,2026-07-14,452,一场游戏一场梦,王杰,,4:17,55340B431243FF5F112527EFC0591232,7547885,https://www.kugou.com/yy/rank/home/21-8888.html?from=rank
2026-07-14,2026-07-14T14:36:17+08:00,酷狗音乐,热歌榜,酷狗TOP500,2026-07-14,453,七月七日晴,许慧欣,,4:04,BF84417DB0D5DDC017B346C0885B47B4,959497,https://www.kugou.com/yy/rank/home/21-8888.html?from=rank
2026-07-14,2026-07-14T14:36:17+08:00,酷狗音乐,热歌榜,酷狗TOP500,2026-07-14,454,得意的笑 (雷鬼版),白兰的,,4:07,1392D0C06686D4779E14F4503B330140,182710576,https://www.kugou.com/yy/rank/home/21-8888.html?from=rank
2026-07-14,2026-07-14T14:36:17+08:00,酷狗音乐,热歌榜,酷狗TOP500,2026-07-14,455,叹云兮,鞠婧祎,,4:43,9CBB77B83B8D7D8113C6A60B8230D3E4,8700851,https://www.kugou.com/yy/rank/home/21-8888.html?from=rank
2026-07-14,2026-07-14T14:36:17+08:00,酷狗音乐,热歌榜,酷狗TOP500,2026-07-14,456,你想要的,颜人中,,3:53,6012E4AB4265603B548966BF5E85FC9B,36812133,https://www.kugou.com/yy/rank/home/21-8888.html?from=rank
2026-07-14,2026-07-14T14:36:17+08:00,酷狗音乐,热歌榜,酷狗TOP500,2026-07-14,457,别怕我伤心,张信哲,,4:47,70EC1F2E0383021891A716060CC6EEAE,538030,https://www.kugou.com/yy/rank/home/21-8888.html?from=rank
2026-07-14,2026-07-14T14:36:17+08:00,酷狗音乐,热歌榜,酷狗TOP500,2026-07-14,458,病态的爱 (忘不掉你带给我的吻),哈利白特、Zkaaai,,3:21,AA92A86A3BEF25416ADD03573FBBDEEE,133804191,https://www.kugou.com/yy/rank/home/21-8888.html?from=rank
2026-07-14,2026-07-14T14:36:17+08:00,酷狗音乐,热歌榜,酷狗TOP500,2026-07-14,459,逍遥仙,筷子兄弟,,3:44,DB55839AA8A9EBCECCD87948ED031B15,195208297,https://www.kugou.com/yy/rank/home/21-8888.html?from=rank
2026-07-14,2026-07-14T14:36:17+08:00,酷狗音乐,热歌榜,酷狗TOP500,2026-07-14,460,再见,G.E.M. 邓紫棋,,3:26,EC2F249E4CCA0CF59F660876C54BEC1F,555825,https://www.kugou.com/yy/rank/home/21-8888.html?from=rank
2026-07-14,2026-07-14T14:36:17+08:00,酷狗音乐,热歌榜,酷狗TOP500,2026-07-14,461,新地球,林俊杰,,4:37,12DC6FB3670A3514561C32F1B0E02979,542795,https://www.kugou.com/yy/rank/home/21-8888.html?from=rank
2026-07-14,2026-07-14T14:36:17+08:00,酷狗音乐,热歌榜,酷狗TOP500,2026-07-14,462,借口,周杰伦,,4:20,47C5990AEBDBDC27239D989BC3FF638E,971783,https://www.kugou.com/yy/rank/home/21-8888.html?from=rank
2026-07-14,2026-07-14T14:36:17+08:00,酷狗音乐,热歌榜,酷狗TOP500,2026-07-14,463,孤独患者,陈奕迅,,4:34,72A9BB44569890399978A49D631DF310,530848,https://www.kugou.com/yy/rank/home/22-8888.html?from=rank
2026-07-14,2026-07-14T14:36:17+08:00,酷狗音乐,热歌榜,酷狗TOP500,2026-07-14,464,春泥,余超颖,,4:01,24E58A122DCBE890FBC87A275244BF22,55863407,https://www.kugou.com/yy/rank/home/22-8888.html?from=rank
2026-07-14,2026-07-14T14:36:17+08:00,酷狗音乐,热歌榜,酷狗TOP500,2026-07-14,465,Poker Face,Lady Gaga,,3:57,645E837927E3207AD0AEA3997EB00444,38501704,https://www.kugou.com/yy/rank/home/22-8888.html?from=rank
2026-07-14,2026-07-14T14:36:17+08:00,酷狗音乐,热歌榜,酷狗TOP500,2026-07-14,466,谁,洋澜一,,3:40,445C54E59AB287FCF15D68FAF92CD9B7,89608819,https://www.kugou.com/yy/rank/home/22-8888.html?from=rank
2026-07-14,2026-07-14T14:36:17+08:00,酷狗音乐,热歌榜,酷狗TOP500,2026-07-14,467,写故事的人,汪苏泷,,4:08,394905DDC0A194C35D51854250061DC4,182848644,https://www.kugou.com/yy/rank/home/22-8888.html?from=rank
2026-07-14,2026-07-14T14:36:17+08:00,酷狗音乐,热歌榜,酷狗TOP500,2026-07-14,468,少一点天份,孙盛希,,4:35,FFD1F05E5D06A1DDFAEDFE6A3379A271,566029,https://www.kugou.com/yy/rank/home/22-8888.html?from=rank
2026-07-14,2026-07-14T14:36:17+08:00,酷狗音乐,热歌榜,酷狗TOP500,2026-07-14,469,包容,郑源,,4:23,34000A6CA0043801440E74059F4759EF,967724,https://www.kugou.com/yy/rank/home/22-8888.html?from=rank
2026-07-14,2026-07-14T14:36:17+08:00,酷狗音乐,热歌榜,酷狗TOP500,2026-07-14,470,一路生花,温奕心,,4:16,4F18553F2AF06E355AD75A5EE6173456,45305792,https://www.kugou.com/yy/rank/home/22-8888.html?from=rank
2026-07-14,2026-07-14T14:36:17+08:00,酷狗音乐,热歌榜,酷狗TOP500,2026-07-14,471,长安姑娘,李常超（Lao乾妈）,,4:15,10DAF944AAC0C157FC25047234673072,36787882,https://www.kugou.com/yy/rank/home/22-8888.html?from=rank
2026-07-14,2026-07-14T14:36:17+08:00,酷狗音乐,热歌榜,酷狗TOP500,2026-07-14,472,孤雏,AGA,,4:53,8BB44BFFC9A9CFC06706D37DA52B617B,1821989,https://www.kugou.com/yy/rank/home/22-8888.html?from=rank
2026-07-14,2026-07-14T14:36:17+08:00,酷狗音乐,热歌榜,酷狗TOP500,2026-07-14,473,遗留在岁月的曾经,曲木老表,,3:49,4C1A5D2BD02B857C72364B1416124256,167884062,https://www.kugou.com/yy/rank/home/22-8888.html?from=rank
2026-07-14,2026-07-14T14:36:17+08:00,酷狗音乐,热歌榜,酷狗TOP500,2026-07-14,474,可能,程响,,3:37,38B234C1135A5E9A4C98D55C058A4894,57727291,https://www.kugou.com/yy/rank/home/22-8888.html?from=rank
2026-07-14,2026-07-14T14:36:17+08:00,酷狗音乐,热歌榜,酷狗TOP500,2026-07-14,475,你听得到,周杰伦,,3:50,D7F42691CB6134BA8AA247F0A1DBD060,966846,https://www.kugou.com/yy/rank/home/22-8888.html?from=rank
2026-07-14,2026-07-14T14:36:17+08:00,酷狗音乐,热歌榜,酷狗TOP500,2026-07-14,476,雨蝶,李翊君,,3:51,C83424ACF417185057E278554B91D4C0,7549108,https://www.kugou.com/yy/rank/home/22-8888.html?from=rank
2026-07-14,2026-07-14T14:36:17+08:00,酷狗音乐,热歌榜,酷狗TOP500,2026-07-14,477,像鱼,王贰浪,,4:45,6215C5A85B30E53C2E4C20C4DED38D72,13621986,https://www.kugou.com/yy/rank/home/22-8888.html?from=rank
2026-07-14,2026-07-14T14:36:17+08:00,酷狗音乐,热歌榜,酷狗TOP500,2026-07-14,478,天若有情,A-Lin,,4:17,2E6CE4E79982AE2119A69C1D30537EA2,1805426,https://www.kugou.com/yy/rank/home/22-8888.html?from=rank
2026-07-14,2026-07-14T14:36:17+08:00,酷狗音乐,热歌榜,酷狗TOP500,2026-07-14,479,大眠,王心凌,,4:00,A7FABF26BF07963E8BFB7705DBB503FC,13487578,https://www.kugou.com/yy/rank/home/22-8888.html?from=rank
2026-07-14,2026-07-14T14:36:17+08:00,酷狗音乐,热歌榜,酷狗TOP500,2026-07-14,480,大城小爱,王力宏,,3:45,3EAF74E9E5065C03B050F356F0567311,2820176,https://www.kugou.com/yy/rank/home/22-8888.html?from=rank
2026-07-14,2026-07-14T14:36:17+08:00,酷狗音乐,热歌榜,酷狗TOP500,2026-07-14,481,STAY (Explicit),The Kid LAROI、Justin Bieber,,2:22,8AB580D98574CB8A5B8675A6383D3DDE,46498402,https://www.kugou.com/yy/rank/home/22-8888.html?from=rank
2026-07-14,2026-07-14T14:36:17+08:00,酷狗音乐,热歌榜,酷狗TOP500,2026-07-14,482,绿色,陈雪凝,,4:30,39080698852E5CC51F0571EF438DB175,15270740,https://www.kugou.com/yy/rank/home/22-8888.html?from=rank
2026-07-14,2026-07-14T14:36:17+08:00,酷狗音乐,热歌榜,酷狗TOP500,2026-07-14,483,Fast Cars & Superstars,Cristian Marchi、Reverend Haus,,2:52,9EA177A8A77A9E31B164F6BDA20D4776,81561846,https://www.kugou.com/yy/rank/home/22-8888.html?from=rank
2026-07-14,2026-07-14T14:36:17+08:00,酷狗音乐,热歌榜,酷狗TOP500,2026-07-14,484,Once upon a Time,Max Oazo、Moonessa,,3:26,4D3A87C97FB9247079B7443EABF8CFBC,11637532,https://www.kugou.com/yy/rank/home/22-8888.html?from=rank
2026-07-14,2026-07-14T14:36:17+08:00,酷狗音乐,热歌榜,酷狗TOP500,2026-07-14,485,依兰爱情故事 (Live),岳云鹏、金志文、管乐,,4:52,5CE2E8BD87AAD5D6FFA8A0782C4C06F0,197120493,https://www.kugou.com/yy/rank/home/23-8888.html?from=rank
2026-07-14,2026-07-14T14:36:17+08:00,酷狗音乐,热歌榜,酷狗TOP500,2026-07-14,486,最后的借口,h3R3、罗可Lorkin,,3:44,706B222A3B62060A17C8C4F87B3FEF17,195977837,https://www.kugou.com/yy/rank/home/23-8888.html?from=rank
2026-07-14,2026-07-14T14:36:17+08:00,酷狗音乐,热歌榜,酷狗TOP500,2026-07-14,487,锈,江辰,,3:42,999A93FD5D7B34A72831CE5CCCC3D0EE,130013955,https://www.kugou.com/yy/rank/home/23-8888.html?from=rank
2026-07-14,2026-07-14T14:36:17+08:00,酷狗音乐,热歌榜,酷狗TOP500,2026-07-14,488,沈园外,阿YueYue、戾格、小田音乐社,,3:43,9B46F3774EEC55D47508E93A468FF5FC,40796517,https://www.kugou.com/yy/rank/home/23-8888.html?from=rank
2026-07-14,2026-07-14T14:36:17+08:00,酷狗音乐,热歌榜,酷狗TOP500,2026-07-14,489,九万字,黄诗扶,,3:52,546EA8CFAAD8B4FE95D40D84491799A7,14636608,https://www.kugou.com/yy/rank/home/23-8888.html?from=rank
2026-07-14,2026-07-14T14:36:17+08:00,酷狗音乐,热歌榜,酷狗TOP500,2026-07-14,490,今生啊 多相见,万仁,,3:44,AAE144B41CB32D4256E02C17CFEF0A29,172326826,https://www.kugou.com/yy/rank/home/23-8888.html?from=rank
2026-07-14,2026-07-14T14:36:17+08:00,酷狗音乐,热歌榜,酷狗TOP500,2026-07-14,491,你有没有真的爱过我 (烟嗓版),寂寞阿图,,3:45,5EF8404977086AB95C304D857271FB10,190169654,https://www.kugou.com/yy/rank/home/23-8888.html?from=rank
2026-07-14,2026-07-14T14:36:17+08:00,酷狗音乐,热歌榜,酷狗TOP500,2026-07-14,492,一曲相思 (欲问青天这人生有几何),海来阿木,,3:27,9C59B9CFD65DF259339E035312FB8090,193362791,https://www.kugou.com/yy/rank/home/23-8888.html?from=rank
2026-07-14,2026-07-14T14:36:17+08:00,酷狗音乐,热歌榜,酷狗TOP500,2026-07-14,493,我好像在哪见过你,薛之谦,,4:39,6A350E487263733359E7F2B64BD974AC,1747549,https://www.kugou.com/yy/rank/home/23-8888.html?from=rank
2026-07-14,2026-07-14T14:36:17+08:00,酷狗音乐,热歌榜,酷狗TOP500,2026-07-14,494,一万个理由,郑源,,4:25,6BE0597021C8E5E3D7A9AE5FB782947A,977094,https://www.kugou.com/yy/rank/home/23-8888.html?from=rank
2026-07-14,2026-07-14T14:36:17+08:00,酷狗音乐,热歌榜,酷狗TOP500,2026-07-14,495,逆流成河,金南玲,,2:05,F12381673024C26DF3CC2589AA52987F,976591,https://www.kugou.com/yy/rank/home/23-8888.html?from=rank
2026-07-14,2026-07-14T14:36:17+08:00,酷狗音乐,热歌榜,酷狗TOP500,2026-07-14,496,信仰,张信哲,,4:16,7BC178F32AD57D4AEAA1CA545E8710C1,967699,https://www.kugou.com/yy/rank/home/23-8888.html?from=rank
2026-07-14,2026-07-14T14:36:17+08:00,酷狗音乐,热歌榜,酷狗TOP500,2026-07-14,497,我的爱情给了贼 (对唱版),麻山伙、安小彤,,3:37,183C731E9C890C586256574293E07EB8,193834081,https://www.kugou.com/yy/rank/home/23-8888.html?from=rank
2026-07-14,2026-07-14T14:36:17+08:00,酷狗音乐,热歌榜,酷狗TOP500,2026-07-14,498,心似烟火,张鑫,,4:16,C6A02C9F9E9953EB12AF00AA74D40747,162211093,https://www.kugou.com/yy/rank/home/23-8888.html?from=rank
2026-07-14,2026-07-14T14:36:17+08:00,酷狗音乐,热歌榜,酷狗TOP500,2026-07-14,499,一城山水,Lunhui轮回,,4:24,C965FA5DFDC0E816D2869FEB68BE008F,36621482,https://www.kugou.com/yy/rank/home/23-8888.html?from=rank
2026-07-14,2026-07-14T14:36:17+08:00,酷狗音乐,热歌榜,酷狗TOP500,2026-07-14,500,不要说话,陈奕迅,,4:48,4A002DE48D2ED4C0942FA1A5851832C7,973108,https://www.kugou.com/yy/rank/home/23-8888.html?from=rank
2026-07-14,2026-07-14T14:36:17+08:00,酷狗音乐,飙升榜,酷狗飙升榜,2026-07-14,1,也许下在下雨天 (男女对唱版),汲麟、予晴,,3:37,40465C56CB7ED3E50E3A2E343C3C137F,198712252,https://www.kugou.com/yy/rank/home/1-6666.html?from=rank
2026-07-14,2026-07-14T14:36:17+08:00,酷狗音乐,飙升榜,酷狗飙升榜,2026-07-14,2,也许在下雨天 (合唱版),何遇Hayu、露一泉,,3:48,1A4F998912137C635E85A05C8218F047,198627844,https://www.kugou.com/yy/rank/home/1-6666.html?from=rank
2026-07-14,2026-07-14T14:36:17+08:00,酷狗音乐,飙升榜,酷狗飙升榜,2026-07-14,3,末班车 (烟嗓女版),田园,,4:22,073113C57BD7CE223B45B1096339176A,198533820,https://www.kugou.com/yy/rank/home/1-6666.html?from=rank
2026-07-14,2026-07-14T14:36:17+08:00,酷狗音乐,飙升榜,酷狗飙升榜,2026-07-14,4,我只要我开心,时代少年团,,3:49,AC8E2BA224B8F65849F31A7D644DF6D9,198911799,https://www.kugou.com/yy/rank/home/1-6666.html?from=rank
2026-07-14,2026-07-14T14:36:17+08:00,酷狗音乐,飙升榜,酷狗飙升榜,2026-07-14,5,樱花草 (恋人怀中樱花草),DJ阿智、DJ阿布、yiyi林淑怡,,2:39,2241D4D63F9ADCADACC184F1FAE5B9B2,162876372,https://www.kugou.com/yy/rank/home/1-6666.html?from=rank
2026-07-14,2026-07-14T14:36:17+08:00,酷狗音乐,飙升榜,酷狗飙升榜,2026-07-14,6,吹吹山顶的风,巴扎黑,,2:59,87311B26EDEE637CA1448E14230BCB68,198304563,https://www.kugou.com/yy/rank/home/1-6666.html?from=rank
2026-07-14,2026-07-14T14:36:17+08:00,酷狗音乐,飙升榜,酷狗飙升榜,2026-07-14,7,失眠 (Live),杨丞琳、en (王翊恩),,3:39,5A408E599268ACF5E61041C9E2318ADA,198053621,https://www.kugou.com/yy/rank/home/1-6666.html?from=rank
2026-07-14,2026-07-14T14:36:17+08:00,酷狗音乐,飙升榜,酷狗飙升榜,2026-07-14,8,也许在下雨天 (烟嗓版),徐文晶,,3:47,0B712C5FC6977E3FD259FDB28478F391,196003383,https://www.kugou.com/yy/rank/home/1-6666.html?from=rank
2026-07-14,2026-07-14T14:36:17+08:00,酷狗音乐,飙升榜,酷狗飙升榜,2026-07-14,9,既然你已不爱我,唐朵,,4:44,D5C1EA09065B1AD68D7567BE27D7D750,198516490,https://www.kugou.com/yy/rank/home/1-6666.html?from=rank
2026-07-14,2026-07-14T14:36:17+08:00,酷狗音乐,飙升榜,酷狗飙升榜,2026-07-14,10,好演员,于文文,,3:40,AFADAB1AA297DE20F55300D8336384E7,198883535,https://www.kugou.com/yy/rank/home/1-6666.html?from=rank
2026-07-14,2026-07-14T14:36:17+08:00,酷狗音乐,飙升榜,酷狗飙升榜,2026-07-14,11,雨知道我在想你,任夏,,3:26,09C782D6768CBB08A5E34A9C51E8F4D0,199226989,https://www.kugou.com/yy/rank/home/1-6666.html?from=rank
2026-07-14,2026-07-14T14:36:17+08:00,酷狗音乐,飙升榜,酷狗飙升榜,2026-07-14,12,在卖掉坏掉的过去那哀悼的风,安北辰,,2:16,8DCB3F70571B59D14E6FEFD44FD5C1FD,198524991,https://www.kugou.com/yy/rank/home/1-6666.html?from=rank
2026-07-14,2026-07-14T14:36:17+08:00,酷狗音乐,飙升榜,酷狗飙升榜,2026-07-14,13,太阳,张艺兴,,3:05,5F060B3BD89C130B26B07A69BDA2BD0B,197848865,https://www.kugou.com/yy/rank/home/1-6666.html?from=rank
2026-07-14,2026-07-14T14:36:17+08:00,酷狗音乐,飙升榜,酷狗飙升榜,2026-07-14,14,烟火 (孤孤单单一个人),京六,,4:06,495D65F83F80948BE9E2683AEFD0E20A,198377118,https://www.kugou.com/yy/rank/home/1-6666.html?from=rank
2026-07-14,2026-07-14T14:36:17+08:00,酷狗音乐,飙升榜,酷狗飙升榜,2026-07-14,15,Turbo Slap (硬曲),Electronic Never,,2:02,9CC3D7917AD3F1C2A95FA6EC0B2BA2F0,197711953,https://www.kugou.com/yy/rank/home/1-6666.html?from=rank
2026-07-14,2026-07-14T14:36:17+08:00,酷狗音乐,飙升榜,酷狗飙升榜,2026-07-14,16,亲爱的不要哭,曹雨航,,3:45,78FE176FBAE1ED5497D88482CE3379C2,198959013,https://www.kugou.com/yy/rank/home/1-6666.html?from=rank
2026-07-14,2026-07-14T14:36:17+08:00,酷狗音乐,飙升榜,酷狗飙升榜,2026-07-14,17,香烟与吻痕 (我在月光下许过情真),黄龄,,3:48,E846D1F54C3125EDE925EDD67A8671BC,198019905,https://www.kugou.com/yy/rank/home/1-6666.html?from=rank
2026-07-14,2026-07-14T14:36:17+08:00,酷狗音乐,飙升榜,酷狗飙升榜,2026-07-14,18,凤冠的珍珠挽进头发 (氛围R&B版),404Hz、DJ铁柱、我期待的不是你,,1:59,BC5C7049A86946166F1A98E34289E193,195738993,https://www.kugou.com/yy/rank/home/1-6666.html?from=rank
2026-07-14,2026-07-14T14:36:17+08:00,酷狗音乐,飙升榜,酷狗飙升榜,2026-07-14,19,海屿你,柯杰,,4:57,C88730763E77AFCB5FE8A9E2CA31DEBF,198024216,https://www.kugou.com/yy/rank/home/1-6666.html?from=rank
2026-07-14,2026-07-14T14:36:17+08:00,酷狗音乐,飙升榜,酷狗飙升榜,2026-07-14,20,灌溉,于文文,,4:04,F62DA778DD2D9551F48BB42430601187,198883535,https://www.kugou.com/yy/rank/home/1-6666.html?from=rank
2026-07-14,2026-07-14T14:36:17+08:00,酷狗音乐,飙升榜,酷狗飙升榜,2026-07-14,21,踏马寻花向自由 (雷鬼版),轻烟大叔,,3:01,9F574559B9EA53B97652A7449108B958,198483848,https://www.kugou.com/yy/rank/home/1-6666.html?from=rank
2026-07-14,2026-07-14T14:36:17+08:00,酷狗音乐,飙升榜,酷狗飙升榜,2026-07-14,22,三千,邹沛沛,,3:00,2C12E79AD9E212CDC282FB179395A49F,198917665,https://www.kugou.com/yy/rank/home/1-6666.html?from=rank
2026-07-14,2026-07-14T14:36:17+08:00,酷狗音乐,飙升榜,酷狗飙升榜,2026-07-14,23,我不该动情,洋澜一,,3:58,BB0077D35BCD36CB3B2D8232661E1732,199231683,https://www.kugou.com/yy/rank/home/2-6666.html?from=rank
2026-07-14,2026-07-14T14:36:17+08:00,酷狗音乐,飙升榜,酷狗飙升榜,2026-07-14,24,选择题,鹭卓,,4:04,4B895C62E4A03572A93676041B0C20F0,199183472,https://www.kugou.com/yy/rank/home/2-6666.html?from=rank
2026-07-14,2026-07-14T14:36:17+08:00,酷狗音乐,飙升榜,酷狗飙升榜,2026-07-14,25,圆,于文文,,4:11,8B8EC2A3E1800A21CA941090B8B24567,198883535,https://www.kugou.com/yy/rank/home/2-6666.html?from=rank
2026-07-14,2026-07-14T14:36:17+08:00,酷狗音乐,飙升榜,酷狗飙升榜,2026-07-14,26,加麻不加辣,阿厦,,3:24,422626E8732255F2C230A3B04F228C5F,199233057,https://www.kugou.com/yy/rank/home/2-6666.html?from=rank
2026-07-14,2026-07-14T14:36:17+08:00,酷狗音乐,飙升榜,酷狗飙升榜,2026-07-14,27,落地生花 (语录版),韩小欠,,4:50,A48E2A863A1E7B7F09DBE1B571C824AF,199222237,https://www.kugou.com/yy/rank/home/2-6666.html?from=rank
2026-07-14,2026-07-14T14:36:17+08:00,酷狗音乐,飙升榜,酷狗飙升榜,2026-07-14,28,时代曲 (Remastered 2026),陈奕迅,,4:23,32D8357462E7811F854049FE173AFBC9,199175214,https://www.kugou.com/yy/rank/home/2-6666.html?from=rank
2026-07-14,2026-07-14T14:36:17+08:00,酷狗音乐,飙升榜,酷狗飙升榜,2026-07-14,29,残忍告别式,连诗雅,,4:31,41CE461C4D446442A9E898CF3351D88F,199142130,https://www.kugou.com/yy/rank/home/2-6666.html?from=rank
2026-07-14,2026-07-14T14:36:17+08:00,酷狗音乐,飙升榜,酷狗飙升榜,2026-07-14,30,也许在下雨天 (对唱版),韩小欠、王一佳,,3:47,4B0709BDAE81E29E0D5E63116C3C4604,198491430,https://www.kugou.com/yy/rank/home/2-6666.html?from=rank
2026-07-14,2026-07-14T14:36:17+08:00,酷狗音乐,飙升榜,酷狗飙升榜,2026-07-14,31,乐此不疲,陈伟霆,,3:53,D76EA4A170FFAD5FE3DFAFD07153AC86,198917529,https://www.kugou.com/yy/rank/home/2-6666.html?from=rank
2026-07-14,2026-07-14T14:36:17+08:00,酷狗音乐,飙升榜,酷狗飙升榜,2026-07-14,32,从前曾遥看你和她偷情 (心服口服),梨洛,,2:53,FB97EEE1955DCB88F1916798044434C7,198378860,https://www.kugou.com/yy/rank/home/2-6666.html?from=rank
2026-07-14,2026-07-14T14:36:17+08:00,酷狗音乐,飙升榜,酷狗飙升榜,2026-07-14,33,岁月如笔写春秋 (合唱版),郭少杰、陈星,,4:11,7608D3CAA1AEA6FE1BBEFA858AC848E6,199000172,https://www.kugou.com/yy/rank/home/2-6666.html?from=rank
2026-07-14,2026-07-14T14:36:17+08:00,酷狗音乐,飙升榜,酷狗飙升榜,2026-07-14,34,剑起江湖恩怨,Y小雷,,3:24,326A8F64F398147B9803561D86DF2313,198393020,https://www.kugou.com/yy/rank/home/2-6666.html?from=rank
2026-07-14,2026-07-14T14:36:17+08:00,酷狗音乐,飙升榜,酷狗飙升榜,2026-07-14,35,岁月如笔写春秋,陕西静静,,4:12,22A3BE1C90071FA15C24E52E0D52B36E,198519281,https://www.kugou.com/yy/rank/home/2-6666.html?from=rank
2026-07-14,2026-07-14T14:36:17+08:00,酷狗音乐,飙升榜,酷狗飙升榜,2026-07-14,36,夜鷹 - Yodaka,米津玄師,,3:18,26DC9352202D3547D361ABB9184DF699,199175400,https://www.kugou.com/yy/rank/home/2-6666.html?from=rank
2026-07-14,2026-07-14T14:36:17+08:00,酷狗音乐,飙升榜,酷狗飙升榜,2026-07-14,37,巨星,吴宣仪,,4:06,8A5EEE22E4A3BC0C75B06929C3C5D34C,198657459,https://www.kugou.com/yy/rank/home/2-6666.html?from=rank
2026-07-14,2026-07-14T14:36:17+08:00,酷狗音乐,飙升榜,酷狗飙升榜,2026-07-14,38,也许在下雨天 (对唱版),汲麟、杨优秀,,3:50,37C51801BC8ED86A39A5E74B0BDDEB8D,198386031,https://www.kugou.com/yy/rank/home/2-6666.html?from=rank
2026-07-14,2026-07-14T14:36:17+08:00,酷狗音乐,飙升榜,酷狗飙升榜,2026-07-14,39,我不该动情 (男女对唱版),KAI,,3:57,49ADD7A1F999FC61C816A6861BBB76A8,198020485,https://www.kugou.com/yy/rank/home/2-6666.html?from=rank
2026-07-14,2026-07-14T14:36:17+08:00,酷狗音乐,飙升榜,酷狗飙升榜,2026-07-14,40,Bad Boy,万妮达Vinida Weng,,3:06,E262225FEEA662FC66D5C5ADDC665E27,198909938,https://www.kugou.com/yy/rank/home/2-6666.html?from=rank
2026-07-14,2026-07-14T14:36:17+08:00,酷狗音乐,飙升榜,酷狗飙升榜,2026-07-14,41,甲乙丙丁 (你我怎么两清),李佳薇,,3:30,213D580CA0BDCC28A5FDBA995FFDA106,197648995,https://www.kugou.com/yy/rank/home/2-6666.html?from=rank
2026-07-14,2026-07-14T14:36:17+08:00,酷狗音乐,飙升榜,酷狗飙升榜,2026-07-14,42,浪人心声 (语录版),吉他的天空,,3:30,9A292159B62E9E119BAE1A9B390CE7A0,199222202,https://www.kugou.com/yy/rank/home/2-6666.html?from=rank
2026-07-14,2026-07-14T14:36:17+08:00,酷狗音乐,飙升榜,酷狗飙升榜,2026-07-14,43,边界,于文文,,4:12,851155FDE377F02FC8D31D8E4CFB483D,198883535,https://www.kugou.com/yy/rank/home/2-6666.html?from=rank
2026-07-14,2026-07-14T14:36:17+08:00,酷狗音乐,飙升榜,酷狗飙升榜,2026-07-14,44,开始想念你的口红,A晚风告白信,,2:36,6C04DC98035A214684FEA241CB1D309A,198039839,https://www.kugou.com/yy/rank/home/2-6666.html?from=rank
2026-07-14,2026-07-14T14:36:17+08:00,酷狗音乐,飙升榜,酷狗飙升榜,2026-07-14,45,快撑不下去了 (对唱版),向东刘、刘书云,,3:38,CE919864CD7BCC8B02A7DECFC06D295D,196385253,https://www.kugou.com/yy/rank/home/3-6666.html?from=rank
2026-07-14,2026-07-14T14:36:17+08:00,酷狗音乐,飙升榜,酷狗飙升榜,2026-07-14,46,Head In You,MIKS,,2:21,4B24CCB71C728ABAB98B4B19759EFE9F,195574210,https://www.kugou.com/yy/rank/home/3-6666.html?from=rank
2026-07-14,2026-07-14T14:36:17+08:00,酷狗音乐,飙升榜,酷狗飙升榜,2026-07-14,47,半生风雨半生痕,苍狼,,3:50,4755F503C0993D0576E9157F1A12776E,199176013,https://www.kugou.com/yy/rank/home/3-6666.html?from=rank
2026-07-14,2026-07-14T14:36:17+08:00,酷狗音乐,飙升榜,酷狗飙升榜,2026-07-14,48,你是红尘中最美的邂逅 (男深情版),刘书云,,4:26,195EF2882C3DC1019DF663AF336BFB20,199229712,https://www.kugou.com/yy/rank/home/3-6666.html?from=rank
2026-07-14,2026-07-14T14:36:17+08:00,酷狗音乐,飙升榜,酷狗飙升榜,2026-07-14,49,岁月如笔写春秋,花姐,,4:11,4ACD500FDEA9ED2A0B298F72010479DE,198074979,https://www.kugou.com/yy/rank/home/3-6666.html?from=rank
2026-07-14,2026-07-14T14:36:17+08:00,酷狗音乐,飙升榜,酷狗飙升榜,2026-07-14,50,春庭雪 (r&b微醺版),落日微醺,,3:44,34F0A836850778DA37190AA74ED2A06E,195834505,https://www.kugou.com/yy/rank/home/3-6666.html?from=rank
2026-07-14,2026-07-14T14:36:17+08:00,酷狗音乐,飙升榜,酷狗飙升榜,2026-07-14,51,某同学,潘成（皮卡潘）、余火火、窝窝、懂不董,,2:52,1D9AA8E366D90F262DFE40F701DBE788,199173681,https://www.kugou.com/yy/rank/home/3-6666.html?from=rank
2026-07-14,2026-07-14T14:36:17+08:00,酷狗音乐,飙升榜,酷狗飙升榜,2026-07-14,52,空荡的酒杯 (有些话无人可说),孙艺琪,,3:52,B329390636C2ADEDCDA57FECE7E6142C,199241720,https://www.kugou.com/yy/rank/home/3-6666.html?from=rank
2026-07-14,2026-07-14T14:36:17+08:00,酷狗音乐,飙升榜,酷狗飙升榜,2026-07-14,53,一句先苦后甜 (语录版),韩小欠,,3:28,0EA3219F3B7ED64E6E945674865F6862,199222660,https://www.kugou.com/yy/rank/home/3-6666.html?from=rank
2026-07-14,2026-07-14T14:36:17+08:00,酷狗音乐,飙升榜,酷狗飙升榜,2026-07-14,54,大师我没错,Spin回响,,2:18,F3F20C3A654A509E31485C69CB7CD300,197276430,https://www.kugou.com/yy/rank/home/3-6666.html?from=rank
2026-07-14,2026-07-14T14:36:17+08:00,酷狗音乐,飙升榜,酷狗飙升榜,2026-07-14,55,Feel This Moment,Nicholas Witt,,2:27,5BFB223A6FCC2A8B6C90EB2819CC7F98,197148936,https://www.kugou.com/yy/rank/home/3-6666.html?from=rank
2026-07-14,2026-07-14T14:36:17+08:00,酷狗音乐,飙升榜,酷狗飙升榜,2026-07-14,56,时间会验证我多爱你呀 (抒情版),愿望讲给我听,,3:49,B27E50B9D562EBAF4FD3770D2DF70D12,197749338,https://www.kugou.com/yy/rank/home/3-6666.html?from=rank
2026-07-14,2026-07-14T14:36:17+08:00,酷狗音乐,飙升榜,酷狗飙升榜,2026-07-14,57,知我,刘雨昕,,4:11,43B3F271D70BD0C23F56E011197132C9,198787523,https://www.kugou.com/yy/rank/home/3-6666.html?from=rank
2026-07-14,2026-07-14T14:36:17+08:00,酷狗音乐,飙升榜,酷狗飙升榜,2026-07-14,58,痴情的我犯下痴情的错 (孩子般脆弱),王超然,,3:45,CF2CF545C75E2129B6B5FF851C3B5077,199180911,https://www.kugou.com/yy/rank/home/3-6666.html?from=rank
2026-07-14,2026-07-14T14:36:17+08:00,酷狗音乐,飙升榜,酷狗飙升榜,2026-07-14,59,缘分尽了干脆就分手,陈瑞,,3:22,5191DB33B1C4006F1653E338078DBA04,49098183,https://www.kugou.com/yy/rank/home/3-6666.html?from=rank
2026-07-14,2026-07-14T14:36:17+08:00,酷狗音乐,飙升榜,酷狗飙升榜,2026-07-14,60,隔着天空喊喊话,花僮,,2:48,9B45A8024F066450D3CD44345B779E70,199135574,https://www.kugou.com/yy/rank/home/3-6666.html?from=rank
2026-07-14,2026-07-14T14:36:17+08:00,酷狗音乐,飙升榜,酷狗飙升榜,2026-07-14,61,踏马寻花向自由,烟嗓船长,,2:59,9019B0EC87CF178895B8DFCB25D36927,198640801,https://www.kugou.com/yy/rank/home/3-6666.html?from=rank
2026-07-14,2026-07-14T14:36:17+08:00,酷狗音乐,飙升榜,酷狗飙升榜,2026-07-14,62,龙虎仙记,魏新雨,,2:49,D4D3D99F782E3FFFA36D95F25417D7A7,199201124,https://www.kugou.com/yy/rank/home/3-6666.html?from=rank
2026-07-14,2026-07-14T14:36:17+08:00,酷狗音乐,飙升榜,酷狗飙升榜,2026-07-14,63,Leave The Lights On (Boost House),DJ铁柱,,5:14,52A85EF37BF99F2C72CB9771726811A2,199174970,https://www.kugou.com/yy/rank/home/3-6666.html?from=rank
2026-07-14,2026-07-14T14:36:17+08:00,酷狗音乐,飙升榜,酷狗飙升榜,2026-07-14,64,讨厌 (Live),杨丞琳、欧阳娜娜,,4:02,F676BAF5BCB735BBE7C74135AFA275C5,198905696,https://www.kugou.com/yy/rank/home/3-6666.html?from=rank
2026-07-14,2026-07-14T14:36:17+08:00,酷狗音乐,飙升榜,酷狗飙升榜,2026-07-14,65,还是没爱过,伟歌歌,,4:22,2556E1FE56B32F2F2A8F42DB34F47B17,93161943,https://www.kugou.com/yy/rank/home/3-6666.html?from=rank
2026-07-14,2026-07-14T14:36:17+08:00,酷狗音乐,飙升榜,酷狗飙升榜,2026-07-14,66,摘一朵格桑花带出神山,卓玛朵朵,,3:34,56982C010F67390DB1734F151873EFC0,195793700,https://www.kugou.com/yy/rank/home/3-6666.html?from=rank
2026-07-14,2026-07-14T14:36:17+08:00,酷狗音乐,飙升榜,酷狗飙升榜,2026-07-14,67,想让自己醉一回,婉婷、杨烬,,3:43,FD06383B616F1221489DE7703797D33D,198255826,https://www.kugou.com/yy/rank/home/4-6666.html?from=rank
2026-07-14,2026-07-14T14:36:17+08:00,酷狗音乐,飙升榜,酷狗飙升榜,2026-07-14,68,Angel (DeepHouse),Electronic Mortal、Electronic Ponos,,2:17,39FEE8A857557DF5ED3A818A03E4FFAD,194655955,https://www.kugou.com/yy/rank/home/4-6666.html?from=rank
2026-07-14,2026-07-14T14:36:17+08:00,酷狗音乐,飙升榜,酷狗飙升榜,2026-07-14,69,去无人的旷野 (节奏版),李发发,,2:54,A6FCEEC34AD44B699A61FFD27D0C6799,199175065,https://www.kugou.com/yy/rank/home/4-6666.html?from=rank
2026-07-14,2026-07-14T14:36:17+08:00,酷狗音乐,飙升榜,酷狗飙升榜,2026-07-14,70,清风伴我醉,戎大姨,,4:15,506D20FD5410104D06EA4183E6D78D9C,197745150,https://www.kugou.com/yy/rank/home/4-6666.html?from=rank
2026-07-14,2026-07-14T14:36:17+08:00,酷狗音乐,飙升榜,酷狗飙升榜,2026-07-14,71,莫叹生活辛苦,姜雨涵,,3:00,7763A35B705799090440EC0637938C77,199234882,https://www.kugou.com/yy/rank/home/4-6666.html?from=rank
2026-07-14,2026-07-14T14:36:17+08:00,酷狗音乐,飙升榜,酷狗飙升榜,2026-07-14,72,再见只是陌生人 (九零版),季彦霖,,2:54,445D3926AF8D4CC27FD2D19F9BAF8A2E,199135534,https://www.kugou.com/yy/rank/home/4-6666.html?from=rank
2026-07-14,2026-07-14T14:36:17+08:00,酷狗音乐,飙升榜,酷狗飙升榜,2026-07-14,73,我要找回从前那个我,王一佳,,3:23,79F1A190A10A3574AA0B5FC13A66CAD1,195358619,https://www.kugou.com/yy/rank/home/4-6666.html?from=rank
2026-07-14,2026-07-14T14:36:17+08:00,酷狗音乐,飙升榜,酷狗飙升榜,2026-07-14,74,愁字何解,指尖笑,,3:31,86D14D9296A52C2A55AFFC82B1FD0502,199142137,https://www.kugou.com/yy/rank/home/4-6666.html?from=rank
2026-07-14,2026-07-14T14:36:17+08:00,酷狗音乐,飙升榜,酷狗飙升榜,2026-07-14,75,有风的日落 (烟嗓版),铭泽致远,,4:06,9AC549CFECA5EF0A41A977FA14C89297,192511314,https://www.kugou.com/yy/rank/home/4-6666.html?from=rank
2026-07-14,2026-07-14T14:36:17+08:00,酷狗音乐,飙升榜,酷狗飙升榜,2026-07-14,76,Brand New,Mrs. GREEN APPLE,,3:31,3C6FC6F4E090DAC1000C052C6D38BD43,199130603,https://www.kugou.com/yy/rank/home/4-6666.html?from=rank
2026-07-14,2026-07-14T14:36:17+08:00,酷狗音乐,飙升榜,酷狗飙升榜,2026-07-14,77,等不到的雪 (在我心里),艺凌,,3:13,064A249F45BC40012E018A6EA74A312A,192506822,https://www.kugou.com/yy/rank/home/4-6666.html?from=rank
2026-07-14,2026-07-14T14:36:17+08:00,酷狗音乐,飙升榜,酷狗飙升榜,2026-07-14,78,雨的吻,程响,,3:49,CCC7C45CDE0DAA9038393CD74F3CEE7D,198917599,https://www.kugou.com/yy/rank/home/4-6666.html?from=rank
2026-07-14,2026-07-14T14:36:17+08:00,酷狗音乐,飙升榜,酷狗飙升榜,2026-07-14,79,想你一回伤一回 (女版),谌爱桃（桃子）,,4:10,91A7BF29CCEA82D3BFFB0EC7ACC3FF57,195627349,https://www.kugou.com/yy/rank/home/4-6666.html?from=rank
2026-07-14,2026-07-14T14:36:17+08:00,酷狗音乐,飙升榜,酷狗飙升榜,2026-07-14,80,戏中人 (台上我唱悲欢离合),黄静美,,4:45,091DB0B213DC3421EAE574981C463C34,199223251,https://www.kugou.com/yy/rank/home/4-6666.html?from=rank
2026-07-14,2026-07-14T14:36:17+08:00,酷狗音乐,飙升榜,酷狗飙升榜,2026-07-14,81,勋章 (天下青山都一样),DJ轻寒,,3:22,F72F8311AFE0393E9DF26F3F715CB4DE,198375859,https://www.kugou.com/yy/rank/home/4-6666.html?from=rank
2026-07-14,2026-07-14T14:36:17+08:00,酷狗音乐,飙升榜,酷狗飙升榜,2026-07-14,82,春娇与志明 (鼓点版),纪星眠,,3:32,C098914497C5973F952EAB5D9CDC6E40,196654500,https://www.kugou.com/yy/rank/home/4-6666.html?from=rank
2026-07-14,2026-07-14T14:36:17+08:00,酷狗音乐,飙升榜,酷狗飙升榜,2026-07-14,83,菩萨求你保佑我,沧桑小杰office,,3:23,B0EDCA81BA78816A9E7D1B87FD25BAE2,197959683,https://www.kugou.com/yy/rank/home/4-6666.html?from=rank
2026-07-14,2026-07-14T14:36:17+08:00,酷狗音乐,飙升榜,酷狗飙升榜,2026-07-14,84,一直下,陈宇祥,,2:59,90D1389A725B29EDA4714BACB6450C94,198016246,https://www.kugou.com/yy/rank/home/4-6666.html?from=rank
2026-07-14,2026-07-14T14:36:17+08:00,酷狗音乐,飙升榜,酷狗飙升榜,2026-07-14,85,MAMA (Live),黄子弘凡、肖俊 (XIAOJUN),,4:31,E6B06CDBD94DE3DFC0EA79BF8EC2ECC6,198905696,https://www.kugou.com/yy/rank/home/4-6666.html?from=rank
2026-07-14,2026-07-14T14:36:17+08:00,酷狗音乐,飙升榜,酷狗飙升榜,2026-07-14,86,爱了错了才说算了,田园、赵圣喆,,3:56,DF5CA777DDE2F8175156EFCC96B50773,199243589,https://www.kugou.com/yy/rank/home/4-6666.html?from=rank
2026-07-14,2026-07-14T14:36:17+08:00,酷狗音乐,飙升榜,酷狗飙升榜,2026-07-14,87,爱情没有指南针,杨不乖,,3:18,3BCD69DB44EC0752F1F487AD5CBD3A4C,199227009,https://www.kugou.com/yy/rank/home/4-6666.html?from=rank
2026-07-14,2026-07-14T14:36:17+08:00,酷狗音乐,飙升榜,酷狗飙升榜,2026-07-14,88,你的爱就像是慢性毒药,艾小奈,,3:17,B1CDD40F8753644A809F1E1AACBF2D71,198374586,https://www.kugou.com/yy/rank/home/4-6666.html?from=rank
2026-07-14,2026-07-14T14:36:17+08:00,酷狗音乐,飙升榜,酷狗飙升榜,2026-07-14,89,痴心的为你着了魔 (对唱版),麻山伙、安小彤,,4:02,FFA05AA51EF1661CB50279A434A00EB7,194268284,https://www.kugou.com/yy/rank/home/5-6666.html?from=rank
2026-07-14,2026-07-14T14:36:17+08:00,酷狗音乐,飙升榜,酷狗飙升榜,2026-07-14,90,YO-I-DON!,NCT WISH,,2:44,B06976B3EC7B04C2744286367F89570E,199130335,https://www.kugou.com/yy/rank/home/5-6666.html?from=rank
2026-07-14,2026-07-14T14:36:17+08:00,酷狗音乐,飙升榜,酷狗飙升榜,2026-07-14,91,看山,方大树、灯叔,,3:20,C33DABFC068A6C7A979A958BF7BBFD39,197726229,https://www.kugou.com/yy/rank/home/5-6666.html?from=rank
2026-07-14,2026-07-14T14:36:17+08:00,酷狗音乐,飙升榜,酷狗飙升榜,2026-07-14,92,你从来没有爱过我 (有什么好羡慕的呢),灯叔,,4:42,5E7B35E5BE0CC286DB40A096604F4EBC,176237370,https://www.kugou.com/yy/rank/home/5-6666.html?from=rank
2026-07-14,2026-07-14T14:36:17+08:00,酷狗音乐,飙升榜,酷狗飙升榜,2026-07-14,93,空荡的酒杯 (有些话无人可说),金钰儿,,3:52,CA90FF9C5FD7A04279966C046EC19734,199234770,https://www.kugou.com/yy/rank/home/5-6666.html?from=rank
2026-07-14,2026-07-14T14:36:17+08:00,酷狗音乐,飙升榜,酷狗飙升榜,2026-07-14,94,舍得,王唯旖,,4:22,62C406C76F45C3EF39F451F2C4F22D95,1944276,https://www.kugou.com/yy/rank/home/5-6666.html?from=rank
2026-07-14,2026-07-14T14:36:17+08:00,酷狗音乐,飙升榜,酷狗飙升榜,2026-07-14,95,苦苦等候不见你归来,晓晓,,3:12,7237E7B1944EF2AACA3C7876314D9E9C,199134761,https://www.kugou.com/yy/rank/home/5-6666.html?from=rank
2026-07-14,2026-07-14T14:36:17+08:00,酷狗音乐,飙升榜,酷狗飙升榜,2026-07-14,96,用爱人的身份,李发发,,3:30,CB7FBD00A8B44451EF13DAFFE477B686,185881184,https://www.kugou.com/yy/rank/home/5-6666.html?from=rank
2026-07-14,2026-07-14T14:36:17+08:00,酷狗音乐,飙升榜,酷狗飙升榜,2026-07-14,97,姑娘爱情郎,小鬼阿秋,,3:58,4334FD12413EFD7913F0C763C5D9C872,198387068,https://www.kugou.com/yy/rank/home/5-6666.html?from=rank
2026-07-14,2026-07-14T14:36:17+08:00,酷狗音乐,飙升榜,酷狗飙升榜,2026-07-14,98,笑看人生梦一场,戎大姨,,4:06,6232A8B31FC74AAEC90499AF14434D10,199135651,https://www.kugou.com/yy/rank/home/5-6666.html?from=rank
2026-07-14,2026-07-14T14:36:17+08:00,酷狗音乐,飙升榜,酷狗飙升榜,2026-07-14,99,Drunk Groove (Original Mix),SkeletoN、DJok绷,,2:08,898729B4B0EC18DCB3519697835E3974,196563385,https://www.kugou.com/yy/rank/home/5-6666.html?from=rank
2026-07-14,2026-07-14T14:36:17+08:00,酷狗音乐,飙升榜,酷狗飙升榜,2026-07-14,100,我爱小芳爱得深,南慕容,,3:31,1EFDA39245E47B7E5942BC5C923F2EDC,199193864,https://www.kugou.com/yy/rank/home/5-6666.html?from=rank
2026-07-14,2026-07-14T14:36:17+08:00,微博,热搜榜,微博热搜榜,,1,乐事回应薯片中被曝出现蓝色异物,民生新闻,热度 1168934；民生新闻领域热度TOP1,,乐事回应薯片中被曝出现蓝色异物,,https://s.weibo.com/weibo?q=%23%E4%B9%90%E4%BA%8B%E5%9B%9E%E5%BA%94%E8%96%AF%E7%89%87%E4%B8%AD%E8%A2%AB%E6%9B%9D%E5%87%BA%E7%8E%B0%E8%93%9D%E8%89%B2%E5%BC%82%E7%89%A9%23
2026-07-14,2026-07-14T14:36:17+08:00,微博,热搜榜,微博热搜榜,,2,阿根廷主帅回击请愿逐出阿根廷,体育,热度 919530；新；体育领域热度TOP1,,阿根廷主帅回击请愿逐出阿根廷,,https://s.weibo.com/weibo?q=%23%E9%98%BF%E6%A0%B9%E5%BB%B7%E4%B8%BB%E5%B8%85%E5%9B%9E%E5%87%BB%E8%AF%B7%E6%84%BF%E9%80%90%E5%87%BA%E9%98%BF%E6%A0%B9%E5%BB%B7%23
2026-07-14,2026-07-14T14:36:17+08:00,微博,热搜榜,微博热搜榜,,3,风雨中挺立起守护人民的主心骨,民生新闻,热度 908624；民生新闻领域热度TOP39,,风雨中挺立起守护人民的主心骨,,https://s.weibo.com/weibo?q=%23%E9%A3%8E%E9%9B%A8%E4%B8%AD%E6%8C%BA%E7%AB%8B%E8%B5%B7%E5%AE%88%E6%8A%A4%E4%BA%BA%E6%B0%91%E7%9A%84%E4%B8%BB%E5%BF%83%E9%AA%A8%23
2026-07-14,2026-07-14T14:36:17+08:00,微博,热搜榜,微博热搜榜,,4,张碧晨弃赛声明,综艺,热度 908328；新；综艺领域热度TOP1,,张碧晨弃赛声明,综艺,https://s.weibo.com/weibo?q=%23%E5%BC%A0%E7%A2%A7%E6%99%A8%E5%BC%83%E8%B5%9B%E5%A3%B0%E6%98%8E%23
2026-07-14,2026-07-14T14:36:17+08:00,微博,热搜榜,微博热搜榜,,5,独居的坏处,情感,热度 905930；新；情感领域热度TOP2,,独居的坏处,,https://s.weibo.com/weibo?q=%23%E7%8B%AC%E5%B1%85%E7%9A%84%E5%9D%8F%E5%A4%84%23
2026-07-14,2026-07-14T14:36:17+08:00,微博,热搜榜,微博热搜榜,,6,20岁伴娘遭婚闹致伤残获赔23万,民生新闻,热度 901044；新；民生新闻领域热度TOP2,,20岁伴娘遭婚闹致伤残获赔23万,,https://s.weibo.com/weibo?q=%2320%E5%B2%81%E4%BC%B4%E5%A8%98%E9%81%AD%E5%A9%9A%E9%97%B9%E8%87%B4%E4%BC%A4%E6%AE%8B%E8%8E%B7%E8%B5%9423%E4%B8%87%23
2026-07-14,2026-07-14T14:36:17+08:00,微博,热搜榜,微博热搜榜,,7,沈阳暴雨,突发/灾害,热度 723312；新；突发事件领域热度TOP1,,沈阳暴雨,,https://s.weibo.com/weibo?q=%23%E6%B2%88%E9%98%B3%E6%9A%B4%E9%9B%A8%23
2026-07-14,2026-07-14T14:36:17+08:00,微博,热搜榜,微博热搜榜,,8,哈兰德买买买,体育,热度 599363；新；体育领域热度TOP2,,哈兰德买买买,,https://s.weibo.com/weibo?q=%23%E5%93%88%E5%85%B0%E5%BE%B7%E4%B9%B0%E4%B9%B0%E4%B9%B0%23
2026-07-14,2026-07-14T14:36:17+08:00,微博,热搜榜,微博热搜榜,,9,灿如繁星剧粉把超话吵爆了,剧集,热度 381104；新；剧集领域热度TOP2,,灿如繁星剧粉把超话吵爆了,剧集,https://s.weibo.com/weibo?q=%23%E7%81%BF%E5%A6%82%E7%B9%81%E6%98%9F%E5%89%A7%E7%B2%89%E6%8A%8A%E8%B6%85%E8%AF%9D%E5%90%B5%E7%88%86%E4%BA%86%23
2026-07-14,2026-07-14T14:36:17+08:00,微博,热搜榜,微博热搜榜,,10,副局长自购10亿token月费20多,民生新闻,热度 380463；民生新闻领域热度TOP5,,副局长自购10亿token月费20多,,https://s.weibo.com/weibo?q=%23%E5%89%AF%E5%B1%80%E9%95%BF%E8%87%AA%E8%B4%AD10%E4%BA%BFtoken%E6%9C%88%E8%B4%B920%E5%A4%9A%23
2026-07-14,2026-07-14T14:36:17+08:00,微博,热搜榜,微博热搜榜,,11,邹市明2亿理财亏损始末,艺人,热度 378182；热；艺人领域热度TOP1,,邹市明2亿理财亏损始末,,https://s.weibo.com/weibo?q=%23%E9%82%B9%E5%B8%82%E6%98%8E2%E4%BA%BF%E7%90%86%E8%B4%A2%E4%BA%8F%E6%8D%9F%E5%A7%8B%E6%9C%AB%23
2026-07-14,2026-07-14T14:36:17+08:00,微博,热搜榜,微博热搜榜,,12,沈阳暴雨遍地泡水车救援订单爆满,突发/灾害,热度 377155；新；突发事件领域热度TOP2,,沈阳暴雨遍地泡水车救援订单爆满,,https://s.weibo.com/weibo?q=%23%E6%B2%88%E9%98%B3%E6%9A%B4%E9%9B%A8%E9%81%8D%E5%9C%B0%E6%B3%A1%E6%B0%B4%E8%BD%A6%E6%95%91%E6%8F%B4%E8%AE%A2%E5%8D%95%E7%88%86%E6%BB%A1%23
2026-07-14,2026-07-14T14:36:17+08:00,微博,热搜榜,微博热搜榜,,13,家有儿女放在今天be like,剧集,热度 375904；剧集领域热度TOP1,,家有儿女放在今天be like,剧集,https://s.weibo.com/weibo?q=%23%E5%AE%B6%E6%9C%89%E5%84%BF%E5%A5%B3%E6%94%BE%E5%9C%A8%E4%BB%8A%E5%A4%A9be%20like%23
2026-07-14,2026-07-14T14:36:17+08:00,微博,热搜榜,微博热搜榜,,14,乐事 蓝色薯片,民生新闻,热度 372862；民生新闻领域热度TOP3,,乐事 蓝色薯片,,https://s.weibo.com/weibo?q=%23%E4%B9%90%E4%BA%8B%20%E8%93%9D%E8%89%B2%E8%96%AF%E7%89%87%23
2026-07-14,2026-07-14T14:36:17+08:00,微博,热搜榜,微博热搜榜,,15,马兴瑞被双开,国内时政,热度 371882；国内时政领域热度TOP1,,马兴瑞被双开,,https://s.weibo.com/weibo?q=%23%E9%A9%AC%E5%85%B4%E7%91%9E%E8%A2%AB%E5%8F%8C%E5%BC%80%23
2026-07-14,2026-07-14T14:36:17+08:00,微博,热搜榜,微博热搜榜,,16,AI脸 恐怖谷效应,艺人,热度 370807；艺人领域热度TOP4,,AI脸 恐怖谷效应,,https://s.weibo.com/weibo?q=%23AI%E8%84%B8%20%E6%81%90%E6%80%96%E8%B0%B7%E6%95%88%E5%BA%94%23
2026-07-14,2026-07-14T14:36:17+08:00,微博,热搜榜,微博热搜榜,,17,超250万人请愿将阿根廷逐出世界杯,体育,热度 368420；体育领域热度TOP3,,超250万人请愿将阿根廷逐出世界杯,,https://s.weibo.com/weibo?q=%23%E8%B6%85250%E4%B8%87%E4%BA%BA%E8%AF%B7%E6%84%BF%E5%B0%86%E9%98%BF%E6%A0%B9%E5%BB%B7%E9%80%90%E5%87%BA%E4%B8%96%E7%95%8C%E6%9D%AF%23
2026-07-14,2026-07-14T14:36:17+08:00,微博,热搜榜,微博热搜榜,,18,女子怀二胎工资从7000降到4500,舆论监督,热度 367450；舆论监督领域热度TOP1,,女子怀二胎工资从7000降到4500,,https://s.weibo.com/weibo?q=%23%E5%A5%B3%E5%AD%90%E6%80%80%E4%BA%8C%E8%83%8E%E5%B7%A5%E8%B5%84%E4%BB%8E7000%E9%99%8D%E5%88%B04500%23
2026-07-14,2026-07-14T14:36:17+08:00,微博,热搜榜,微博热搜榜,,19,被长期主义的消费观震惊到了,财经,热度 364564；新；财经领域热度TOP1,,被长期主义的消费观震惊到了,,https://s.weibo.com/weibo?q=%23%E8%A2%AB%E9%95%BF%E6%9C%9F%E4%B8%BB%E4%B9%89%E7%9A%84%E6%B6%88%E8%B4%B9%E8%A7%82%E9%9C%87%E6%83%8A%E5%88%B0%E4%BA%86%23
2026-07-14,2026-07-14T14:36:17+08:00,微博,热搜榜,微博热搜榜,,20,AI杀死时尚行业,互联网,热度 363226；新；互联网领域热度TOP1,,AI杀死时尚行业,,https://s.weibo.com/weibo?q=%23AI%E6%9D%80%E6%AD%BB%E6%97%B6%E5%B0%9A%E8%A1%8C%E4%B8%9A%23
2026-07-14,2026-07-14T14:36:17+08:00,微博,热搜榜,微博热搜榜,,21,活狮子遭麻醉杀害剥皮,民生新闻,热度 361248；新；民生新闻领域热度TOP17,,活狮子遭麻醉杀害剥皮,,https://s.weibo.com/weibo?q=%23%E6%B4%BB%E7%8B%AE%E5%AD%90%E9%81%AD%E9%BA%BB%E9%86%89%E6%9D%80%E5%AE%B3%E5%89%A5%E7%9A%AE%23
2026-07-14,2026-07-14T14:36:17+08:00,微博,热搜榜,微博热搜榜,,22,巴威已在陆地滞留60小时,民生新闻,热度 359830；新；民生新闻领域热度TOP38,,巴威已在陆地滞留60小时,,https://s.weibo.com/weibo?q=%23%E5%B7%B4%E5%A8%81%E5%B7%B2%E5%9C%A8%E9%99%86%E5%9C%B0%E6%BB%9E%E7%95%9960%E5%B0%8F%E6%97%B6%23
2026-07-14,2026-07-14T14:36:17+08:00,微博,热搜榜,微博热搜榜,,23,韩女减重小贴士,健康医疗,热度 357225；新；健康医疗领域热度TOP1,,韩女减重小贴士,,https://s.weibo.com/weibo?q=%23%E9%9F%A9%E5%A5%B3%E5%87%8F%E9%87%8D%E5%B0%8F%E8%B4%B4%E5%A3%AB%23
2026-07-14,2026-07-14T14:36:17+08:00,微博,热搜榜,微博热搜榜,,24,仅因孩子肤色异样韩国夫妻两次弃婴,海外新闻,热度 356106；新；海外新闻领域热度TOP3,,仅因孩子肤色异样韩国夫妻两次弃婴,,https://s.weibo.com/weibo?q=%23%E4%BB%85%E5%9B%A0%E5%AD%A9%E5%AD%90%E8%82%A4%E8%89%B2%E5%BC%82%E6%A0%B7%E9%9F%A9%E5%9B%BD%E5%A4%AB%E5%A6%BB%E4%B8%A4%E6%AC%A1%E5%BC%83%E5%A9%B4%23
2026-07-14,2026-07-14T14:36:17+08:00,微博,热搜榜,微博热搜榜,,25,一万块钱可以花多久,幽默,热度 354885；新；幽默领域热度TOP1,,一万块钱可以花多久,,https://s.weibo.com/weibo?q=%23%E4%B8%80%E4%B8%87%E5%9D%97%E9%92%B1%E5%8F%AF%E4%BB%A5%E8%8A%B1%E5%A4%9A%E4%B9%85%23
2026-07-14,2026-07-14T14:36:17+08:00,微博,热搜榜,微博热搜榜,,26,易烊千玺 连头发都是爱你的形状,艺人,热度 353117；艺人领域热度TOP5,,易烊千玺 连头发都是爱你的形状,['易烊千玺'],https://s.weibo.com/weibo?q=%23%E6%98%93%E7%83%8A%E5%8D%83%E7%8E%BA%20%E8%BF%9E%E5%A4%B4%E5%8F%91%E9%83%BD%E6%98%AF%E7%88%B1%E4%BD%A0%E7%9A%84%E5%BD%A2%E7%8A%B6%23
2026-07-14,2026-07-14T14:36:17+08:00,微博,热搜榜,微博热搜榜,,27,汪东城自曝与初恋分手原因,综艺,热度 351416；综艺领域热度TOP2,,汪东城自曝与初恋分手原因,['汪东城'],https://s.weibo.com/weibo?q=%23%E6%B1%AA%E4%B8%9C%E5%9F%8E%E8%87%AA%E6%9B%9D%E4%B8%8E%E5%88%9D%E6%81%8B%E5%88%86%E6%89%8B%E5%8E%9F%E5%9B%A0%23
2026-07-14,2026-07-14T14:36:17+08:00,微博,热搜榜,微博热搜榜,,28,张雅琪回应中餐厅表现争议,综艺,热度 349495；综艺领域热度TOP3,,张雅琪回应中餐厅表现争议,综艺,https://s.weibo.com/weibo?q=%23%E5%BC%A0%E9%9B%85%E7%90%AA%E5%9B%9E%E5%BA%94%E4%B8%AD%E9%A4%90%E5%8E%85%E8%A1%A8%E7%8E%B0%E4%BA%89%E8%AE%AE%23
2026-07-14,2026-07-14T14:36:17+08:00,微博,热搜榜,微博热搜榜,,29,女子把绿豆汤当水喝致脑出血,健康医疗,热度 348206；健康医疗领域热度TOP2,,女子把绿豆汤当水喝致脑出血,,https://s.weibo.com/weibo?q=%23%E5%A5%B3%E5%AD%90%E6%8A%8A%E7%BB%BF%E8%B1%86%E6%B1%A4%E5%BD%93%E6%B0%B4%E5%96%9D%E8%87%B4%E8%84%91%E5%87%BA%E8%A1%80%23
2026-07-14,2026-07-14T14:36:17+08:00,微博,热搜榜,微博热搜榜,,30,小米汽车紧急避险,汽车,热度 346134；汽车领域热度TOP3,,小米汽车紧急避险,,https://s.weibo.com/weibo?q=%23%E5%B0%8F%E7%B1%B3%E6%B1%BD%E8%BD%A6%E7%B4%A7%E6%80%A5%E9%81%BF%E9%99%A9%23
2026-07-14,2026-07-14T14:36:17+08:00,微博,热搜榜,微博热搜榜,,31,田曦薇机场假装粉丝拍王安宇,艺人,热度 343712；新；艺人领域热度TOP8,,田曦薇机场假装粉丝拍王安宇,"['王安宇', '田曦薇']",https://s.weibo.com/weibo?q=%23%E7%94%B0%E6%9B%A6%E8%96%87%E6%9C%BA%E5%9C%BA%E5%81%87%E8%A3%85%E7%B2%89%E4%B8%9D%E6%8B%8D%E7%8E%8B%E5%AE%89%E5%AE%87%23
2026-07-14,2026-07-14T14:36:17+08:00,微博,热搜榜,微博热搜榜,,32,法国男子来上海出差背了一台空调回国,海外新闻,热度 343397；海外新闻领域热度TOP1,,法国男子来上海出差背了一台空调回国,,https://s.weibo.com/weibo?q=%23%E6%B3%95%E5%9B%BD%E7%94%B7%E5%AD%90%E6%9D%A5%E4%B8%8A%E6%B5%B7%E5%87%BA%E5%B7%AE%E8%83%8C%E4%BA%86%E4%B8%80%E5%8F%B0%E7%A9%BA%E8%B0%83%E5%9B%9E%E5%9B%BD%23
2026-07-14,2026-07-14T14:36:17+08:00,微博,热搜榜,微博热搜榜,,33,名创优品致歉,民生新闻,热度 341811；新；民生新闻领域热度TOP4,,名创优品致歉,,https://s.weibo.com/weibo?q=%23%E5%90%8D%E5%88%9B%E4%BC%98%E5%93%81%E8%87%B4%E6%AD%89%23
2026-07-14,2026-07-14T14:36:17+08:00,微博,热搜榜,微博热搜榜,,34,歌手2026突围名单,综艺,热度 339351；综艺领域热度TOP7,,歌手2026突围名单,综艺,https://s.weibo.com/weibo?q=%23%E6%AD%8C%E6%89%8B2026%E7%AA%81%E5%9B%B4%E5%90%8D%E5%8D%95%23
2026-07-14,2026-07-14T14:36:17+08:00,微博,热搜榜,微博热搜榜,,35,易烊千玺好多东西都是粉色的,艺人,热度 338131；新；艺人领域热度TOP9,,易烊千玺好多东西都是粉色的,['易烊千玺'],https://s.weibo.com/weibo?q=%23%E6%98%93%E7%83%8A%E5%8D%83%E7%8E%BA%E5%A5%BD%E5%A4%9A%E4%B8%9C%E8%A5%BF%E9%83%BD%E6%98%AF%E7%B2%89%E8%89%B2%E7%9A%84%23
2026-07-14,2026-07-14T14:36:17+08:00,微博,热搜榜,微博热搜榜,,36,杨瀚森犀利突破上篮,体育,热度 336152；新；体育领域热度TOP4,,杨瀚森犀利突破上篮,,https://s.weibo.com/weibo?q=%23%E6%9D%A8%E7%80%9A%E6%A3%AE%E7%8A%80%E5%88%A9%E7%AA%81%E7%A0%B4%E4%B8%8A%E7%AF%AE%23
2026-07-14,2026-07-14T14:36:17+08:00,微博,热搜榜,微博热搜榜,,37,田曦薇傣装盘发造型,综艺,热度 334732；综艺领域热度TOP5,,田曦薇傣装盘发造型,综艺,https://s.weibo.com/weibo?q=%23%E7%94%B0%E6%9B%A6%E8%96%87%E5%82%A3%E8%A3%85%E7%9B%98%E5%8F%91%E9%80%A0%E5%9E%8B%23
2026-07-14,2026-07-14T14:36:17+08:00,微博,热搜榜,微博热搜榜,,38,周子瑜不与JYP续约,艺人,热度 331919；艺人领域热度TOP10,,周子瑜不与JYP续约,['周子瑜'],https://s.weibo.com/weibo?q=%23%E5%91%A8%E5%AD%90%E7%91%9C%E4%B8%8D%E4%B8%8EJYP%E7%BB%AD%E7%BA%A6%23
2026-07-14,2026-07-14T14:36:17+08:00,微博,热搜榜,微博热搜榜,,39,小芳首播反馈,剧集,热度 330828；新；剧集领域热度TOP19,,小芳首播反馈,剧集,https://s.weibo.com/weibo?q=%23%E5%B0%8F%E8%8A%B3%E9%A6%96%E6%92%AD%E5%8F%8D%E9%A6%88%23
2026-07-14,2026-07-14T14:36:17+08:00,微博,热搜榜,微博热搜榜,,40,当部门集体不吃压力之后,幽默,热度 328670；新；幽默领域热度TOP4,,当部门集体不吃压力之后,,https://s.weibo.com/weibo?q=%23%E5%BD%93%E9%83%A8%E9%97%A8%E9%9B%86%E4%BD%93%E4%B8%8D%E5%90%83%E5%8E%8B%E5%8A%9B%E4%B9%8B%E5%90%8E%23
2026-07-14,2026-07-14T14:36:17+08:00,微博,热搜榜,微博热搜榜,,41,章若楠跑男化妆师评论区被阴阳白干,综艺,热度 327158；新；综艺领域热度TOP6,,章若楠跑男化妆师评论区被阴阳白干,综艺,https://s.weibo.com/weibo?q=%23%E7%AB%A0%E8%8B%A5%E6%A5%A0%E8%B7%91%E7%94%B7%E5%8C%96%E5%A6%86%E5%B8%88%E8%AF%84%E8%AE%BA%E5%8C%BA%E8%A2%AB%E9%98%B4%E9%98%B3%E7%99%BD%E5%B9%B2%23
2026-07-14,2026-07-14T14:36:17+08:00,微博,热搜榜,微博热搜榜,,42,中国人一旦吃饱就触发善良人格,幽默,热度 325192；幽默领域热度TOP2,,中国人一旦吃饱就触发善良人格,,https://s.weibo.com/weibo?q=%23%E4%B8%AD%E5%9B%BD%E4%BA%BA%E4%B8%80%E6%97%A6%E5%90%83%E9%A5%B1%E5%B0%B1%E8%A7%A6%E5%8F%91%E5%96%84%E8%89%AF%E4%BA%BA%E6%A0%BC%23
2026-07-14,2026-07-14T14:36:17+08:00,微博,热搜榜,微博热搜榜,,43,王橹杰出发运动会,艺人,热度 323358；新；艺人领域热度TOP11,,王橹杰出发运动会,['王橹杰'],https://s.weibo.com/weibo?q=%23%E7%8E%8B%E6%A9%B9%E6%9D%B0%E5%87%BA%E5%8F%91%E8%BF%90%E5%8A%A8%E4%BC%9A%23
2026-07-14,2026-07-14T14:36:17+08:00,微博,热搜榜,微博热搜榜,,44,半熟恋人,综艺,热度 322163；综艺领域热度TOP8,,半熟恋人,综艺,https://s.weibo.com/weibo?q=%23%E5%8D%8A%E7%86%9F%E6%81%8B%E4%BA%BA%23
2026-07-14,2026-07-14T14:36:17+08:00,微博,热搜榜,微博热搜榜,,45,小猫一气之下怒吃两口冻干,幽默,热度 320857；幽默领域热度TOP3,,小猫一气之下怒吃两口冻干,,https://s.weibo.com/weibo?q=%23%E5%B0%8F%E7%8C%AB%E4%B8%80%E6%B0%94%E4%B9%8B%E4%B8%8B%E6%80%92%E5%90%83%E4%B8%A4%E5%8F%A3%E5%86%BB%E5%B9%B2%23
2026-07-14,2026-07-14T14:36:17+08:00,微博,热搜榜,微博热搜榜,,46,安宥真抽中住房申购惹不满,艺人,热度 318204；新；艺人领域热度TOP12,,安宥真抽中住房申购惹不满,['安宥真'],https://s.weibo.com/weibo?q=%23%E5%AE%89%E5%AE%A5%E7%9C%9F%E6%8A%BD%E4%B8%AD%E4%BD%8F%E6%88%BF%E7%94%B3%E8%B4%AD%E6%83%B9%E4%B8%8D%E6%BB%A1%23
2026-07-14,2026-07-14T14:36:17+08:00,微博,热搜榜,微博热搜榜,,47,王源TOP张峻豪TMEA同台,演出,热度 317437；新；演出领域热度TOP1,,王源TOP张峻豪TMEA同台,演出,https://s.weibo.com/weibo?q=%23%E7%8E%8B%E6%BA%90TOP%E5%BC%A0%E5%B3%BB%E8%B1%AATMEA%E5%90%8C%E5%8F%B0%23
2026-07-14,2026-07-14T14:36:17+08:00,微博,热搜榜,微博热搜榜,,48,AI时代最危险的岗位是什么,互联网,热度 315747；互联网领域热度TOP2,,AI时代最危险的岗位是什么,,https://s.weibo.com/weibo?q=%23AI%E6%97%B6%E4%BB%A3%E6%9C%80%E5%8D%B1%E9%99%A9%E7%9A%84%E5%B2%97%E4%BD%8D%E6%98%AF%E4%BB%80%E4%B9%88%23
2026-07-14,2026-07-14T14:36:17+08:00,微博,热搜榜,微博热搜榜,,49,王玉雯嫌弃到翻白眼,综艺,热度 313062；新；综艺领域热度TOP9,,王玉雯嫌弃到翻白眼,综艺,https://s.weibo.com/weibo?q=%23%E7%8E%8B%E7%8E%89%E9%9B%AF%E5%AB%8C%E5%BC%83%E5%88%B0%E7%BF%BB%E7%99%BD%E7%9C%BC%23
2026-07-14,2026-07-14T14:36:17+08:00,微博,热搜榜,微博热搜榜,,50,白鹿莫离被删戏编剧证实,艺人,热度 312127；艺人领域热度TOP13,,白鹿莫离被删戏编剧证实,['白鹿'],https://s.weibo.com/weibo?q=%23%E7%99%BD%E9%B9%BF%E8%8E%AB%E7%A6%BB%E8%A2%AB%E5%88%A0%E6%88%8F%E7%BC%96%E5%89%A7%E8%AF%81%E5%AE%9E%23
2026-07-14,2026-07-14T14:36:17+08:00,微博,文娱热搜榜,微博热搜榜-文娱条目,,1,张碧晨弃赛声明,综艺,总榜排名 4；热度 908328；新；综艺领域热度TOP1,,张碧晨弃赛声明,综艺,https://s.weibo.com/weibo?q=%23%E5%BC%A0%E7%A2%A7%E6%99%A8%E5%BC%83%E8%B5%9B%E5%A3%B0%E6%98%8E%23
2026-07-14,2026-07-14T14:36:17+08:00,微博,文娱热搜榜,微博热搜榜-文娱条目,,2,灿如繁星剧粉把超话吵爆了,剧集,总榜排名 9；热度 381104；新；剧集领域热度TOP2,,灿如繁星剧粉把超话吵爆了,剧集,https://s.weibo.com/weibo?q=%23%E7%81%BF%E5%A6%82%E7%B9%81%E6%98%9F%E5%89%A7%E7%B2%89%E6%8A%8A%E8%B6%85%E8%AF%9D%E5%90%B5%E7%88%86%E4%BA%86%23
2026-07-14,2026-07-14T14:36:17+08:00,微博,文娱热搜榜,微博热搜榜-文娱条目,,3,邹市明2亿理财亏损始末,艺人,总榜排名 11；热度 378182；热；艺人领域热度TOP1,,邹市明2亿理财亏损始末,,https://s.weibo.com/weibo?q=%23%E9%82%B9%E5%B8%82%E6%98%8E2%E4%BA%BF%E7%90%86%E8%B4%A2%E4%BA%8F%E6%8D%9F%E5%A7%8B%E6%9C%AB%23
2026-07-14,2026-07-14T14:36:17+08:00,微博,文娱热搜榜,微博热搜榜-文娱条目,,4,家有儿女放在今天be like,剧集,总榜排名 13；热度 375904；剧集领域热度TOP1,,家有儿女放在今天be like,剧集,https://s.weibo.com/weibo?q=%23%E5%AE%B6%E6%9C%89%E5%84%BF%E5%A5%B3%E6%94%BE%E5%9C%A8%E4%BB%8A%E5%A4%A9be%20like%23
2026-07-14,2026-07-14T14:36:17+08:00,微博,文娱热搜榜,微博热搜榜-文娱条目,,5,AI脸 恐怖谷效应,艺人,总榜排名 16；热度 370807；艺人领域热度TOP4,,AI脸 恐怖谷效应,,https://s.weibo.com/weibo?q=%23AI%E8%84%B8%20%E6%81%90%E6%80%96%E8%B0%B7%E6%95%88%E5%BA%94%23
2026-07-14,2026-07-14T14:36:17+08:00,微博,文娱热搜榜,微博热搜榜-文娱条目,,6,易烊千玺 连头发都是爱你的形状,艺人,总榜排名 26；热度 353117；艺人领域热度TOP5,,易烊千玺 连头发都是爱你的形状,['易烊千玺'],https://s.weibo.com/weibo?q=%23%E6%98%93%E7%83%8A%E5%8D%83%E7%8E%BA%20%E8%BF%9E%E5%A4%B4%E5%8F%91%E9%83%BD%E6%98%AF%E7%88%B1%E4%BD%A0%E7%9A%84%E5%BD%A2%E7%8A%B6%23
2026-07-14,2026-07-14T14:36:17+08:00,微博,文娱热搜榜,微博热搜榜-文娱条目,,7,汪东城自曝与初恋分手原因,综艺,总榜排名 27；热度 351416；综艺领域热度TOP2,,汪东城自曝与初恋分手原因,['汪东城'],https://s.weibo.com/weibo?q=%23%E6%B1%AA%E4%B8%9C%E5%9F%8E%E8%87%AA%E6%9B%9D%E4%B8%8E%E5%88%9D%E6%81%8B%E5%88%86%E6%89%8B%E5%8E%9F%E5%9B%A0%23
2026-07-14,2026-07-14T14:36:17+08:00,微博,文娱热搜榜,微博热搜榜-文娱条目,,8,张雅琪回应中餐厅表现争议,综艺,总榜排名 28；热度 349495；综艺领域热度TOP3,,张雅琪回应中餐厅表现争议,综艺,https://s.weibo.com/weibo?q=%23%E5%BC%A0%E9%9B%85%E7%90%AA%E5%9B%9E%E5%BA%94%E4%B8%AD%E9%A4%90%E5%8E%85%E8%A1%A8%E7%8E%B0%E4%BA%89%E8%AE%AE%23
2026-07-14,2026-07-14T14:36:17+08:00,微博,文娱热搜榜,微博热搜榜-文娱条目,,9,田曦薇机场假装粉丝拍王安宇,艺人,总榜排名 31；热度 343712；新；艺人领域热度TOP8,,田曦薇机场假装粉丝拍王安宇,"['王安宇', '田曦薇']",https://s.weibo.com/weibo?q=%23%E7%94%B0%E6%9B%A6%E8%96%87%E6%9C%BA%E5%9C%BA%E5%81%87%E8%A3%85%E7%B2%89%E4%B8%9D%E6%8B%8D%E7%8E%8B%E5%AE%89%E5%AE%87%23
2026-07-14,2026-07-14T14:36:17+08:00,微博,文娱热搜榜,微博热搜榜-文娱条目,,10,歌手2026突围名单,综艺,总榜排名 34；热度 339351；综艺领域热度TOP7,,歌手2026突围名单,综艺,https://s.weibo.com/weibo?q=%23%E6%AD%8C%E6%89%8B2026%E7%AA%81%E5%9B%B4%E5%90%8D%E5%8D%95%23
2026-07-14,2026-07-14T14:36:17+08:00,微博,文娱热搜榜,微博热搜榜-文娱条目,,11,易烊千玺好多东西都是粉色的,艺人,总榜排名 35；热度 338131；新；艺人领域热度TOP9,,易烊千玺好多东西都是粉色的,['易烊千玺'],https://s.weibo.com/weibo?q=%23%E6%98%93%E7%83%8A%E5%8D%83%E7%8E%BA%E5%A5%BD%E5%A4%9A%E4%B8%9C%E8%A5%BF%E9%83%BD%E6%98%AF%E7%B2%89%E8%89%B2%E7%9A%84%23
2026-07-14,2026-07-14T14:36:17+08:00,微博,文娱热搜榜,微博热搜榜-文娱条目,,12,田曦薇傣装盘发造型,综艺,总榜排名 37；热度 334732；综艺领域热度TOP5,,田曦薇傣装盘发造型,综艺,https://s.weibo.com/weibo?q=%23%E7%94%B0%E6%9B%A6%E8%96%87%E5%82%A3%E8%A3%85%E7%9B%98%E5%8F%91%E9%80%A0%E5%9E%8B%23
2026-07-14,2026-07-14T14:36:17+08:00,微博,文娱热搜榜,微博热搜榜-文娱条目,,13,周子瑜不与JYP续约,艺人,总榜排名 38；热度 331919；艺人领域热度TOP10,,周子瑜不与JYP续约,['周子瑜'],https://s.weibo.com/weibo?q=%23%E5%91%A8%E5%AD%90%E7%91%9C%E4%B8%8D%E4%B8%8EJYP%E7%BB%AD%E7%BA%A6%23
2026-07-14,2026-07-14T14:36:17+08:00,微博,文娱热搜榜,微博热搜榜-文娱条目,,14,小芳首播反馈,剧集,总榜排名 39；热度 330828；新；剧集领域热度TOP19,,小芳首播反馈,剧集,https://s.weibo.com/weibo?q=%23%E5%B0%8F%E8%8A%B3%E9%A6%96%E6%92%AD%E5%8F%8D%E9%A6%88%23
2026-07-14,2026-07-14T14:36:17+08:00,微博,文娱热搜榜,微博热搜榜-文娱条目,,15,章若楠跑男化妆师评论区被阴阳白干,综艺,总榜排名 41；热度 327158；新；综艺领域热度TOP6,,章若楠跑男化妆师评论区被阴阳白干,综艺,https://s.weibo.com/weibo?q=%23%E7%AB%A0%E8%8B%A5%E6%A5%A0%E8%B7%91%E7%94%B7%E5%8C%96%E5%A6%86%E5%B8%88%E8%AF%84%E8%AE%BA%E5%8C%BA%E8%A2%AB%E9%98%B4%E9%98%B3%E7%99%BD%E5%B9%B2%23
2026-07-14,2026-07-14T14:36:17+08:00,微博,文娱热搜榜,微博热搜榜-文娱条目,,16,王橹杰出发运动会,艺人,总榜排名 43；热度 323358；新；艺人领域热度TOP11,,王橹杰出发运动会,['王橹杰'],https://s.weibo.com/weibo?q=%23%E7%8E%8B%E6%A9%B9%E6%9D%B0%E5%87%BA%E5%8F%91%E8%BF%90%E5%8A%A8%E4%BC%9A%23
2026-07-14,2026-07-14T14:36:17+08:00,微博,文娱热搜榜,微博热搜榜-文娱条目,,17,半熟恋人,综艺,总榜排名 44；热度 322163；综艺领域热度TOP8,,半熟恋人,综艺,https://s.weibo.com/weibo?q=%23%E5%8D%8A%E7%86%9F%E6%81%8B%E4%BA%BA%23
2026-07-14,2026-07-14T14:36:17+08:00,微博,文娱热搜榜,微博热搜榜-文娱条目,,18,安宥真抽中住房申购惹不满,艺人,总榜排名 46；热度 318204；新；艺人领域热度TOP12,,安宥真抽中住房申购惹不满,['安宥真'],https://s.weibo.com/weibo?q=%23%E5%AE%89%E5%AE%A5%E7%9C%9F%E6%8A%BD%E4%B8%AD%E4%BD%8F%E6%88%BF%E7%94%B3%E8%B4%AD%E6%83%B9%E4%B8%8D%E6%BB%A1%23
2026-07-14,2026-07-14T14:36:17+08:00,微博,文娱热搜榜,微博热搜榜-文娱条目,,19,王源TOP张峻豪TMEA同台,演出,总榜排名 47；热度 317437；新；演出领域热度TOP1,,王源TOP张峻豪TMEA同台,演出,https://s.weibo.com/weibo?q=%23%E7%8E%8B%E6%BA%90TOP%E5%BC%A0%E5%B3%BB%E8%B1%AATMEA%E5%90%8C%E5%8F%B0%23
2026-07-14,2026-07-14T14:36:17+08:00,微博,文娱热搜榜,微博热搜榜-文娱条目,,20,王玉雯嫌弃到翻白眼,综艺,总榜排名 49；热度 313062；新；综艺领域热度TOP9,,王玉雯嫌弃到翻白眼,综艺,https://s.weibo.com/weibo?q=%23%E7%8E%8B%E7%8E%89%E9%9B%AF%E5%AB%8C%E5%BC%83%E5%88%B0%E7%BF%BB%E7%99%BD%E7%9C%BC%23
2026-07-14,2026-07-14T14:36:17+08:00,微博,文娱热搜榜,微博热搜榜-文娱条目,,21,白鹿莫离被删戏编剧证实,艺人,总榜排名 50；热度 312127；艺人领域热度TOP13,,白鹿莫离被删戏编剧证实,['白鹿'],https://s.weibo.com/weibo?q=%23%E7%99%BD%E9%B9%BF%E8%8E%AB%E7%A6%BB%E8%A2%AB%E5%88%A0%E6%88%8F%E7%BC%96%E5%89%A7%E8%AF%81%E5%AE%9E%23
