snapshot_date,captured_at,platform,chart,official_chart,platform_date,rank,song_name,artist,chart_metric,duration,song_id,album_id,source_url
2026-08-22,2026-08-22T11:24:40+08:00,QQ音乐,热歌榜,热歌榜,2026-08-22,1,闭目入神,郑中基,0,,96440,004bb67O0ABuHL,https://y.qq.com/n/ryqq/toplist/26
2026-08-22,2026-08-22T11:24:40+08:00,QQ音乐,热歌榜,热歌榜,2026-08-22,2,我不难过,孙燕姿,0,,8136,004VSvF52mQoQp,https://y.qq.com/n/ryqq/toplist/26
2026-08-22,2026-08-22T11:24:40+08:00,QQ音乐,热歌榜,热歌榜,2026-08-22,3,冻结,林俊杰,上升 1,,101659148,002vlOfM1X5TQ0,https://y.qq.com/n/ryqq/toplist/26
2026-08-22,2026-08-22T11:24:40+08:00,QQ音乐,热歌榜,热歌榜,2026-08-22,4,甲乙丙丁 (你我怎么两清),李佳薇,上升 3,,696262512,00446QRA1fTdqA,https://y.qq.com/n/ryqq/toplist/26
2026-08-22,2026-08-22T11:24:40+08:00,QQ音乐,热歌榜,热歌榜,2026-08-22,5,明天过后,张杰,0,,273032694,000pVkCf3KsUQ9,https://y.qq.com/n/ryqq/toplist/26
2026-08-22,2026-08-22T11:24:40+08:00,QQ音乐,热歌榜,热歌榜,2026-08-22,6,恋人,李荣浩,0,,496054946,004HaG7p4ZkhXA,https://y.qq.com/n/ryqq/toplist/26
2026-08-22,2026-08-22T11:24:40+08:00,QQ音乐,热歌榜,热歌榜,2026-08-22,7,我好想你 (苏打绿版),苏打绿,上升 3,,4884947,004QF5kp0jgyba,https://y.qq.com/n/ryqq/toplist/26
2026-08-22,2026-08-22T11:24:40+08:00,QQ音乐,热歌榜,热歌榜,2026-08-22,8,不退！,马嘉祺,新进,,709879687,003SEXel1JUVl8,https://y.qq.com/n/ryqq/toplist/26
2026-08-22,2026-08-22T11:24:40+08:00,QQ音乐,热歌榜,热歌榜,2026-08-22,9,雨爱,杨丞琳,下降 1,,645819,000jcKFG0sQrD0,https://y.qq.com/n/ryqq/toplist/26
2026-08-22,2026-08-22T11:24:40+08:00,QQ音乐,热歌榜,热歌榜,2026-08-22,10,失眠,Suki刘舒妤,上升 1,,4733575,002xCeeN4EJ1Ke,https://y.qq.com/n/ryqq/toplist/26
2026-08-22,2026-08-22T11:24:40+08:00,QQ音乐,热歌榜,热歌榜,2026-08-22,11,我怀念的,孙燕姿,下降 2,,5211338,000P3l050Olt27,https://y.qq.com/n/ryqq/toplist/26
2026-08-22,2026-08-22T11:24:40+08:00,QQ音乐,热歌榜,热歌榜,2026-08-22,12,情歌,梁静茹,0,,462188,002E4IXe1ESUij,https://y.qq.com/n/ryqq/toplist/26
2026-08-22,2026-08-22T11:24:40+08:00,QQ音乐,热歌榜,热歌榜,2026-08-22,13,Always Online,林俊杰,上升 1,,447257,002g6zv02X7SNi,https://y.qq.com/n/ryqq/toplist/26
2026-08-22,2026-08-22T11:24:40+08:00,QQ音乐,热歌榜,热歌榜,2026-08-22,14,特别的人,方大同,下降 1,,5293866,000GvdTR0qcKh8,https://y.qq.com/n/ryqq/toplist/26
2026-08-22,2026-08-22T11:24:40+08:00,QQ音乐,热歌榜,热歌榜,2026-08-22,15,爱错,王力宏,0,,105905415,002ElVxf43rOue,https://y.qq.com/n/ryqq/toplist/26
2026-08-22,2026-08-22T11:24:40+08:00,QQ音乐,热歌榜,热歌榜,2026-08-22,16,唯一,G.E.M. 邓紫棋,0,,438910555,002d6m7k0xCbSv,https://y.qq.com/n/ryqq/toplist/26
2026-08-22,2026-08-22T11:24:40+08:00,QQ音乐,热歌榜,热歌榜,2026-08-22,17,葡萄成熟时,陈奕迅,上升 1,,1251167,003J6fvc0bVJon,https://y.qq.com/n/ryqq/toplist/26
2026-08-22,2026-08-22T11:24:40+08:00,QQ音乐,热歌榜,热歌榜,2026-08-22,18,美人鱼,林俊杰,上升 1,,95292,000y5gq7449K9I,https://y.qq.com/n/ryqq/toplist/26
2026-08-22,2026-08-22T11:24:40+08:00,QQ音乐,热歌榜,热歌榜,2026-08-22,19,雨过后的风景,Dizzy Dizzo (蔡诗芸),下降 2,,1960263,0038xSkp1EcVBf,https://y.qq.com/n/ryqq/toplist/26
2026-08-22,2026-08-22T11:24:40+08:00,QQ音乐,热歌榜,热歌榜,2026-08-22,20,演员,薛之谦,上升 1,,102636799,003y8dsH2wBHlo,https://y.qq.com/n/ryqq/toplist/26
2026-08-22,2026-08-22T11:24:40+08:00,QQ音乐,热歌榜,热歌榜,2026-08-22,21,红色高跟鞋,蔡健雅,下降 1,,624649,002dOge41xlS8x,https://y.qq.com/n/ryqq/toplist/26
2026-08-22,2026-08-22T11:24:40+08:00,QQ音乐,热歌榜,热歌榜,2026-08-22,22,开始懂了,孙燕姿,0,,5646,004KRIQr1oCp2A,https://y.qq.com/n/ryqq/toplist/26
2026-08-22,2026-08-22T11:24:40+08:00,QQ音乐,热歌榜,热歌榜,2026-08-22,23,樱花草,Sweety,上升 2,,481456,000pKXff1doeOd,https://y.qq.com/n/ryqq/toplist/26
2026-08-22,2026-08-22T11:24:40+08:00,QQ音乐,热歌榜,热歌榜,2026-08-22,24,春娇与志明,街道办GDC/欧阳耀莹,下降 1,,205357640,000lrXyA0MlEEo,https://y.qq.com/n/ryqq/toplist/26
2026-08-22,2026-08-22T11:24:40+08:00,QQ音乐,热歌榜,热歌榜,2026-08-22,25,富士山下,陈奕迅,上升 1,,260678,004Z85XP1c25b7,https://y.qq.com/n/ryqq/toplist/26
2026-08-22,2026-08-22T11:24:40+08:00,QQ音乐,热歌榜,热歌榜,2026-08-22,26,ANGEL (天使),尹美莱 (윤미래)/Tiger JK/Bizzy (비지),上升 1,,101138130,000qiKcT05rSr9,https://y.qq.com/n/ryqq/toplist/26
2026-08-22,2026-08-22T11:24:40+08:00,QQ音乐,热歌榜,热歌榜,2026-08-22,27,玻璃,Gareth.T,下降 3,,666124541,002kIED92uw8L5,https://y.qq.com/n/ryqq/toplist/26
2026-08-22,2026-08-22T11:24:40+08:00,QQ音乐,热歌榜,热歌榜,2026-08-22,28,盛夏的果实,莫文蔚,上升 3,,4830161,000KeV8l1PIjxt,https://y.qq.com/n/ryqq/toplist/26
2026-08-22,2026-08-22T11:24:40+08:00,QQ音乐,热歌榜,热歌榜,2026-08-22,29,江南,林俊杰,下降 1,,9063002,000y5gq7449K9I,https://y.qq.com/n/ryqq/toplist/26
2026-08-22,2026-08-22T11:24:40+08:00,QQ音乐,热歌榜,热歌榜,2026-08-22,30,多远都要在一起,G.E.M. 邓紫棋,0,,102174489,003c616O2Zlswm,https://y.qq.com/n/ryqq/toplist/26
2026-08-22,2026-08-22T11:24:40+08:00,QQ音乐,热歌榜,热歌榜,2026-08-22,31,阴天,莫文蔚,上升 2,,4830345,000hTTJN3oScZr,https://y.qq.com/n/ryqq/toplist/26
2026-08-22,2026-08-22T11:24:40+08:00,QQ音乐,热歌榜,热歌榜,2026-08-22,32,知了,陈默之,上升 5,,482500528,000fHDnB1K1Hcf,https://y.qq.com/n/ryqq/toplist/26
2026-08-22,2026-08-22T11:24:40+08:00,QQ音乐,热歌榜,热歌榜,2026-08-22,33,我们俩,郭顶,下降 1,,105413206,003sMyYb4HZAAz,https://y.qq.com/n/ryqq/toplist/26
2026-08-22,2026-08-22T11:24:40+08:00,QQ音乐,热歌榜,热歌榜,2026-08-22,34,偏爱,张芸京,上升 2,,473137,003ha6C92GRuVE,https://y.qq.com/n/ryqq/toplist/26
2026-08-22,2026-08-22T11:24:40+08:00,QQ音乐,热歌榜,热歌榜,2026-08-22,35,其实,薛之谦,0,,104775877,000QgFcm0v8WaF,https://y.qq.com/n/ryqq/toplist/26
2026-08-22,2026-08-22T11:24:40+08:00,QQ音乐,热歌榜,热歌榜,2026-08-22,36,路过晴朗,汪苏泷,新进,,717905714,0005fwYy0NJTpf,https://y.qq.com/n/ryqq/toplist/26
2026-08-22,2026-08-22T11:24:40+08:00,QQ音乐,热歌榜,热歌榜,2026-08-22,37,第57次取消发送,菲菲公主（陆绮菲）,上升 30,,560063927,000KrDC019mc82,https://y.qq.com/n/ryqq/toplist/26
2026-08-22,2026-08-22T11:24:40+08:00,QQ音乐,热歌榜,热歌榜,2026-08-22,38,遇见,孙燕姿,上升 4,,8145,002ehzTm0TxXC2,https://y.qq.com/n/ryqq/toplist/26
2026-08-22,2026-08-22T11:24:40+08:00,QQ音乐,热歌榜,热歌榜,2026-08-22,39,碎碎念,队长,下降 5,,448738462,000DTFwk0oV4YR,https://y.qq.com/n/ryqq/toplist/26
2026-08-22,2026-08-22T11:24:40+08:00,QQ音乐,热歌榜,热歌榜,2026-08-22,40,坏女孩,徐良/小凌,下降 2,,7112749,002apRhZ4Bq99d,https://y.qq.com/n/ryqq/toplist/26
2026-08-22,2026-08-22T11:24:40+08:00,QQ音乐,热歌榜,热歌榜,2026-08-22,41,山风山风等等我,万海东,下降 12,,708639670,002O92eu0Jubpi,https://y.qq.com/n/ryqq/toplist/26
2026-08-22,2026-08-22T11:24:40+08:00,QQ音乐,热歌榜,热歌榜,2026-08-22,42,素颜,许嵩/何曼婷,下降 3,,101813361,0035f8nw11cjkf,https://y.qq.com/n/ryqq/toplist/26
2026-08-22,2026-08-22T11:24:40+08:00,QQ音乐,热歌榜,热歌榜,2026-08-22,43,心墙,郭静,下降 2,,474797,003EHcB24J8t9Z,https://y.qq.com/n/ryqq/toplist/26
2026-08-22,2026-08-22T11:24:40+08:00,QQ音乐,热歌榜,热歌榜,2026-08-22,44,晴天,周杰伦,上升 2,,97773,000MkMni19ClKG,https://y.qq.com/n/ryqq/toplist/26
2026-08-22,2026-08-22T11:24:40+08:00,QQ音乐,热歌榜,热歌榜,2026-08-22,45,最佳损友,陈奕迅,下降 1,,1338414,002FT46H18G1jW,https://y.qq.com/n/ryqq/toplist/26
2026-08-22,2026-08-22T11:24:40+08:00,QQ音乐,热歌榜,热歌榜,2026-08-22,46,十年,陈奕迅,上升 8,,4830342,000GDz8k03UOaI,https://y.qq.com/n/ryqq/toplist/26
2026-08-22,2026-08-22T11:24:40+08:00,QQ音乐,热歌榜,热歌榜,2026-08-22,47,无人之岛,任然,下降 4,,203452364,002lMPc30c4rOO,https://y.qq.com/n/ryqq/toplist/26
2026-08-22,2026-08-22T11:24:40+08:00,QQ音乐,热歌榜,热歌榜,2026-08-22,48,离开我的依赖,王艳薇,下降 1,,253383943,004CSyAN1oc97b,https://y.qq.com/n/ryqq/toplist/26
2026-08-22,2026-08-22T11:24:40+08:00,QQ音乐,热歌榜,热歌榜,2026-08-22,49,海阔天空,BEYOND,0,,4835784,002qcJuX3lO3EZ,https://y.qq.com/n/ryqq/toplist/26
2026-08-22,2026-08-22T11:24:40+08:00,QQ音乐,热歌榜,热歌榜,2026-08-22,50,泡沫,G.E.M. 邓紫棋,上升 2,,1530858,002YFufr4bXZyI,https://y.qq.com/n/ryqq/toplist/26
2026-08-22,2026-08-22T11:24:40+08:00,QQ音乐,热歌榜,热歌榜,2026-08-22,51,天外来物,薛之谦,下降 6,,272125057,000K9Zp13TZp5s,https://y.qq.com/n/ryqq/toplist/26
2026-08-22,2026-08-22T11:24:40+08:00,QQ音乐,热歌榜,热歌榜,2026-08-22,52,差一步,大壮,下降 12,,209378295,000lEj821EaXUu,https://y.qq.com/n/ryqq/toplist/26
2026-08-22,2026-08-22T11:24:40+08:00,QQ音乐,热歌榜,热歌榜,2026-08-22,53,背对背拥抱,林俊杰,下降 5,,648231,002C0kX720gMQi,https://y.qq.com/n/ryqq/toplist/26
2026-08-22,2026-08-22T11:24:40+08:00,QQ音乐,热歌榜,热歌榜,2026-08-22,54,Take Me Hand,DAISHI DANCE (ダイシ・ダンス)/Cécile Corbel,上升 3,,335208865,001ANRIv12RuuN,https://y.qq.com/n/ryqq/toplist/26
2026-08-22,2026-08-22T11:24:40+08:00,QQ音乐,热歌榜,热歌榜,2026-08-22,55,认真的雪,薛之谦,上升 8,,1333803,003mUYW22JXKVK,https://y.qq.com/n/ryqq/toplist/26
2026-08-22,2026-08-22T11:24:40+08:00,QQ音乐,热歌榜,热歌榜,2026-08-22,56,出现又离开 (Live),梁博,下降 5,,231594573,000eQZ1q4g6AsF,https://y.qq.com/n/ryqq/toplist/26
2026-08-22,2026-08-22T11:24:40+08:00,QQ音乐,热歌榜,热歌榜,2026-08-22,57,IF YOU,BIGBANG (빅뱅),下降 7,,102793935,001xpUdt2jEjWu,https://y.qq.com/n/ryqq/toplist/26
2026-08-22,2026-08-22T11:24:40+08:00,QQ音乐,热歌榜,热歌榜,2026-08-22,58,如愿,王菲,上升 4,,326584182,004Kbn3m2HV9Y3,https://y.qq.com/n/ryqq/toplist/26
2026-08-22,2026-08-22T11:24:40+08:00,QQ音乐,热歌榜,热歌榜,2026-08-22,59,瞬,郑润泽,上升 1,,422061155,001qvyI10urb5z,https://y.qq.com/n/ryqq/toplist/26
2026-08-22,2026-08-22T11:24:40+08:00,QQ音乐,热歌榜,热歌榜,2026-08-22,60,黄昏,周传雄,下降 5,,526713,001U6x8f2uJhig,https://y.qq.com/n/ryqq/toplist/26
2026-08-22,2026-08-22T11:24:40+08:00,QQ音乐,热歌榜,热歌榜,2026-08-22,61,BiiiG,BIGBANG (빅뱅),下降 58,,715535244,001HFEsF0zEOs4,https://y.qq.com/n/ryqq/toplist/26
2026-08-22,2026-08-22T11:24:40+08:00,QQ音乐,热歌榜,热歌榜,2026-08-22,62,不将就,李荣浩,下降 9,,102367085,001fi1zG0EjU2u,https://y.qq.com/n/ryqq/toplist/26
2026-08-22,2026-08-22T11:24:40+08:00,QQ音乐,热歌榜,热歌榜,2026-08-22,63,下完这场雨,后弦,下降 5,,108787382,004ZXlA63dZBCa,https://y.qq.com/n/ryqq/toplist/26
2026-08-22,2026-08-22T11:24:40+08:00,QQ音乐,热歌榜,热歌榜,2026-08-22,64,我好像在哪见过你,薛之谦,下降 8,,107439472,000dcZ9I1nzO62,https://y.qq.com/n/ryqq/toplist/26
2026-08-22,2026-08-22T11:24:40+08:00,QQ音乐,热歌榜,热歌榜,2026-08-22,65,我记得,赵雷,上升 5,,372639235,003QIVDT3UB8zG,https://y.qq.com/n/ryqq/toplist/26
2026-08-22,2026-08-22T11:24:40+08:00,QQ音乐,热歌榜,热歌榜,2026-08-22,66,看见什么吃什么 (Live),宋亚轩,新进,,718174050,004JMaep2GWA6p,https://y.qq.com/n/ryqq/toplist/26
2026-08-22,2026-08-22T11:24:40+08:00,QQ音乐,热歌榜,热歌榜,2026-08-22,67,青花,周传雄,下降 3,,102204539,001Vj7aX0PixwV,https://y.qq.com/n/ryqq/toplist/26
2026-08-22,2026-08-22T11:24:40+08:00,QQ音乐,热歌榜,热歌榜,2026-08-22,68,后会无期,徐良/汪苏泷,下降 2,,7112743,002apRhZ4Bq99d,https://y.qq.com/n/ryqq/toplist/26
2026-08-22,2026-08-22T11:24:40+08:00,QQ音乐,热歌榜,热歌榜,2026-08-22,69,梦的翅膀受了伤,蒋雪儿Snow.J,下降 8,,4984001,000Crt8i12TzLc,https://y.qq.com/n/ryqq/toplist/26
2026-08-22,2026-08-22T11:24:40+08:00,QQ音乐,热歌榜,热歌榜,2026-08-22,70,Letting Go,蔡健雅,下降 5,,1030353,001aC9dM35U6KB,https://y.qq.com/n/ryqq/toplist/26
2026-08-22,2026-08-22T11:24:40+08:00,QQ音乐,热歌榜,热歌榜,2026-08-22,71,冷夜,陈默之,下降 3,,467646860,003ILMG04IvA9R,https://y.qq.com/n/ryqq/toplist/26
2026-08-22,2026-08-22T11:24:40+08:00,QQ音乐,热歌榜,热歌榜,2026-08-22,72,修炼爱情,林俊杰,下降 3,,5063375,001gqOnU3DTg2S,https://y.qq.com/n/ryqq/toplist/26
2026-08-22,2026-08-22T11:24:40+08:00,QQ音乐,热歌榜,热歌榜,2026-08-22,73,从前说,小阿七,下降 14,,337805783,001en2Lq0PZK7i,https://y.qq.com/n/ryqq/toplist/26
2026-08-22,2026-08-22T11:24:40+08:00,QQ音乐,热歌榜,热歌榜,2026-08-22,74,至少还有你,林忆莲,下降 3,,102204563,001JqgRv0mRHEQ,https://y.qq.com/n/ryqq/toplist/26
2026-08-22,2026-08-22T11:24:40+08:00,QQ音乐,热歌榜,热歌榜,2026-08-22,75,倒数,G.E.M. 邓紫棋,上升 2,,215540451,003cKIKZ1J4Yyu,https://y.qq.com/n/ryqq/toplist/26
2026-08-22,2026-08-22T11:24:40+08:00,QQ音乐,热歌榜,热歌榜,2026-08-22,76,Pretty Girl Rock,Keri Hilson,上升 24,,102688664,003NF4tW1prOV0,https://y.qq.com/n/ryqq/toplist/26
2026-08-22,2026-08-22T11:24:40+08:00,QQ音乐,热歌榜,热歌榜,2026-08-22,77,麦恩莉,方大同,下降 1,,2550926,000ih4iv3HCmno,https://y.qq.com/n/ryqq/toplist/26
2026-08-22,2026-08-22T11:24:40+08:00,QQ音乐,热歌榜,热歌榜,2026-08-22,78,我们的歌,王力宏,上升 4,,102193483,002Zwh5p4HgecI,https://y.qq.com/n/ryqq/toplist/26
2026-08-22,2026-08-22T11:24:40+08:00,QQ音乐,热歌榜,热歌榜,2026-08-22,79,爱情讯息,郭静,下降 1,,876549,003PKZMI1Wyx1A,https://y.qq.com/n/ryqq/toplist/26
2026-08-22,2026-08-22T11:24:40+08:00,QQ音乐,热歌榜,热歌榜,2026-08-22,80,有何不可,许嵩,下降 1,,102296985,002KSDg90IaScI,https://y.qq.com/n/ryqq/toplist/26
2026-08-22,2026-08-22T11:24:40+08:00,QQ音乐,热歌榜,热歌榜,2026-08-22,81,如果可以,韦礼安,下降 8,,330977131,003WBcyJ1siUkh,https://y.qq.com/n/ryqq/toplist/26
2026-08-22,2026-08-22T11:24:40+08:00,QQ音乐,热歌榜,热歌榜,2026-08-22,82,会呼吸的痛,梁静茹,下降 7,,411228,002oy2Mp3I8Rgo,https://y.qq.com/n/ryqq/toplist/26
2026-08-22,2026-08-22T11:24:40+08:00,QQ音乐,热歌榜,热歌榜,2026-08-22,83,野心家,张靓颖,下降 11,,591592617,003TmXW52e0F4P,https://y.qq.com/n/ryqq/toplist/26
2026-08-22,2026-08-22T11:24:40+08:00,QQ音乐,热歌榜,热歌榜,2026-08-22,84,愿与愁,林俊杰,上升 2,,405007729,004ZOIop1doXru,https://y.qq.com/n/ryqq/toplist/26
2026-08-22,2026-08-22T11:24:40+08:00,QQ音乐,热歌榜,热歌榜,2026-08-22,85,句号,G.E.M. 邓紫棋,上升 3,,247347346,0049MVh824D7bM,https://y.qq.com/n/ryqq/toplist/26
2026-08-22,2026-08-22T11:24:40+08:00,QQ音乐,热歌榜,热歌榜,2026-08-22,86,淘汰,陈奕迅,下降 2,,1313988,003yQidc3s7P65,https://y.qq.com/n/ryqq/toplist/26
2026-08-22,2026-08-22T11:24:40+08:00,QQ音乐,热歌榜,热歌榜,2026-08-22,87,那时雨,徐良,下降 7,,229661539,002JsVIJ31j7qR,https://y.qq.com/n/ryqq/toplist/26
2026-08-22,2026-08-22T11:24:40+08:00,QQ音乐,热歌榜,热歌榜,2026-08-22,88,天龙八部之宿敌,许嵩,下降 7,,4829554,002JzRQD2zjvxG,https://y.qq.com/n/ryqq/toplist/26
2026-08-22,2026-08-22T11:24:40+08:00,QQ音乐,热歌榜,热歌榜,2026-08-22,89,你要的全拿走,胡彦斌,0,,212808217,001eyHlv2fu50T,https://y.qq.com/n/ryqq/toplist/26
2026-08-22,2026-08-22T11:24:40+08:00,QQ音乐,热歌榜,热歌榜,2026-08-22,90,讨厌,芮恩,上升 11,,138194,001EFkTG1wgW4n,https://y.qq.com/n/ryqq/toplist/26
2026-08-22,2026-08-22T11:24:40+08:00,QQ音乐,热歌榜,热歌榜,2026-08-22,91,最后一页,江语晨,下降 6,,721636,003FO4XF40Ky8L,https://y.qq.com/n/ryqq/toplist/26
2026-08-22,2026-08-22T11:24:40+08:00,QQ音乐,热歌榜,热歌榜,2026-08-22,92,可不可以,张紫豪,下降 5,,213958134,004VR1w241uBhB,https://y.qq.com/n/ryqq/toplist/26
2026-08-22,2026-08-22T11:24:40+08:00,QQ音乐,热歌榜,热歌榜,2026-08-22,93,Come Back To Me,Utada (宇多田光),下降 19,,1231026,003sHGTS2QAhqp,https://y.qq.com/n/ryqq/toplist/26
2026-08-22,2026-08-22T11:24:40+08:00,QQ音乐,热歌榜,热歌榜,2026-08-22,94,爱我还是他,陶喆,下降 3,,7211247,003ofGzS3C23Ow,https://y.qq.com/n/ryqq/toplist/26
2026-08-22,2026-08-22T11:24:40+08:00,QQ音乐,热歌榜,热歌榜,2026-08-22,95,后来,刘若英,下降 2,,4830150,0017zqT34WuQwa,https://y.qq.com/n/ryqq/toplist/26
2026-08-22,2026-08-22T11:24:40+08:00,QQ音乐,热歌榜,热歌榜,2026-08-22,96,无名的人,毛不易,下降 2,,336582682,002mPgSG01LLtu,https://y.qq.com/n/ryqq/toplist/26
2026-08-22,2026-08-22T11:24:40+08:00,QQ音乐,热歌榜,热歌榜,2026-08-22,97,空心,光泽,下降 1,,200390803,001vjIoV01nThA,https://y.qq.com/n/ryqq/toplist/26
2026-08-22,2026-08-22T11:24:40+08:00,QQ音乐,热歌榜,热歌榜,2026-08-22,98,刻在我心底的名字,卢广仲,下降 1,,316472364,004QG0W52P5GUq,https://y.qq.com/n/ryqq/toplist/26
2026-08-22,2026-08-22T11:24:40+08:00,QQ音乐,热歌榜,热歌榜,2026-08-22,99,勇气,梁静茹,下降 16,,4830164,001DEgPu1004bl,https://y.qq.com/n/ryqq/toplist/26
2026-08-22,2026-08-22T11:24:40+08:00,QQ音乐,热歌榜,热歌榜,2026-08-22,100,幻听,许嵩,上升 16,,1531817,004RbL3b0BDIe2,https://y.qq.com/n/ryqq/toplist/26
2026-08-22,2026-08-22T11:24:40+08:00,QQ音乐,飙升榜,飙升榜,2026-08-22,1,路过晴朗,汪苏泷,热度 49%,,717905714,0005fwYy0NJTpf,https://y.qq.com/n/ryqq/toplist/62
2026-08-22,2026-08-22T11:24:40+08:00,QQ音乐,飙升榜,飙升榜,2026-08-22,2,不退！,马嘉祺,热度 33%,,709879687,003SEXel1JUVl8,https://y.qq.com/n/ryqq/toplist/62
2026-08-22,2026-08-22T11:24:40+08:00,QQ音乐,飙升榜,飙升榜,2026-08-22,3,看见什么吃什么 (Live),宋亚轩,热度 19%,,718174050,004JMaep2GWA6p,https://y.qq.com/n/ryqq/toplist/62
2026-08-22,2026-08-22T11:24:40+08:00,QQ音乐,飙升榜,飙升榜,2026-08-22,4,甲乙丙丁 (你我怎么两清) (Live),张碧晨/侯明昊,热度 18%,,718469270,002yMaKA38C1nv,https://y.qq.com/n/ryqq/toplist/62
2026-08-22,2026-08-22T11:24:40+08:00,QQ音乐,飙升榜,飙升榜,2026-08-22,5,SPARK TO FIRE 星火成焰,TOP登陆少年组合,热度 18%,,716521522,000AAZUh2bJSfX,https://y.qq.com/n/ryqq/toplist/62
2026-08-22,2026-08-22T11:24:40+08:00,QQ音乐,飙升榜,飙升榜,2026-08-22,6,Bloody Paradise,ENHYPEN (엔하이픈),热度 17%,,717723083,004JrHsv2XXUxD,https://y.qq.com/n/ryqq/toplist/62
2026-08-22,2026-08-22T11:24:40+08:00,QQ音乐,飙升榜,飙升榜,2026-08-22,7,葡萄成熟时,陈奕迅,热度 15%,,1251167,003J6fvc0bVJon,https://y.qq.com/n/ryqq/toplist/62
2026-08-22,2026-08-22T11:24:40+08:00,QQ音乐,飙升榜,飙升榜,2026-08-22,8,Two Fools,ENHYPEN (엔하이픈),热度 14%,,717723077,004JrHsv2XXUxD,https://y.qq.com/n/ryqq/toplist/62
2026-08-22,2026-08-22T11:24:40+08:00,QQ音乐,飙升榜,飙升榜,2026-08-22,9,Bad For You,ENHYPEN (엔하이픈),热度 13%,,717723076,004JrHsv2XXUxD,https://y.qq.com/n/ryqq/toplist/62
2026-08-22,2026-08-22T11:24:40+08:00,QQ音乐,飙升榜,飙升榜,2026-08-22,10,等,小阿七,热度 13%,,717474030,000RM6IW0yp6Zd,https://y.qq.com/n/ryqq/toplist/62
2026-08-22,2026-08-22T11:24:40+08:00,QQ音乐,飙升榜,飙升榜,2026-08-22,11,Stuck,ENHYPEN (엔하이픈),热度 13%,,717723078,004JrHsv2XXUxD,https://y.qq.com/n/ryqq/toplist/62
2026-08-22,2026-08-22T11:24:40+08:00,QQ音乐,飙升榜,飙升榜,2026-08-22,12,罗曼蒂克乌托邦 (Utopia) (Live),马嘉祺/严浩翔,热度 12%,,718174144,004JMaep2GWA6p,https://y.qq.com/n/ryqq/toplist/62
2026-08-22,2026-08-22T11:24:40+08:00,QQ音乐,飙升榜,飙升榜,2026-08-22,13,Checkmate,ENHYPEN (엔하이픈),热度 12%,,717723080,004JrHsv2XXUxD,https://y.qq.com/n/ryqq/toplist/62
2026-08-22,2026-08-22T11:24:40+08:00,QQ音乐,飙升榜,飙升榜,2026-08-22,14,一想到你呀 (Live),时代少年团,热度 10%,,718174133,004JMaep2GWA6p,https://y.qq.com/n/ryqq/toplist/62
2026-08-22,2026-08-22T11:24:40+08:00,QQ音乐,飙升榜,飙升榜,2026-08-22,15,唯我论者的独白 (Live),马嘉祺,热度 10%,,718174102,004JMaep2GWA6p,https://y.qq.com/n/ryqq/toplist/62
2026-08-22,2026-08-22T11:24:40+08:00,QQ音乐,飙升榜,飙升榜,2026-08-22,16,Highlight,ENHYPEN (엔하이픈),热度 10%,,717723084,004JrHsv2XXUxD,https://y.qq.com/n/ryqq/toplist/62
2026-08-22,2026-08-22T11:24:40+08:00,QQ音乐,飙升榜,飙升榜,2026-08-22,17,past life (Explicit),Ariana Grande,热度 10%,,571193640,003fPQU7457zk6,https://y.qq.com/n/ryqq/toplist/62
2026-08-22,2026-08-22T11:24:40+08:00,QQ音乐,飙升榜,飙升榜,2026-08-22,18,周旋,王以太/艾热AIR,热度 9%,,706257656,000TFXPO1bLY2u,https://y.qq.com/n/ryqq/toplist/62
2026-08-22,2026-08-22T11:24:40+08:00,QQ音乐,飙升榜,飙升榜,2026-08-22,19,神女令,Accco小爱,热度 9%,,718076940,001KSenF0jyOJY,https://y.qq.com/n/ryqq/toplist/62
2026-08-22,2026-08-22T11:24:40+08:00,QQ音乐,飙升榜,飙升榜,2026-08-22,20,麦子 (take root) (Live),丁程鑫/宋亚轩/贺峻霖,热度 8%,,718174143,004JMaep2GWA6p,https://y.qq.com/n/ryqq/toplist/62
2026-08-22,2026-08-22T11:24:40+08:00,QQ音乐,飙升榜,飙升榜,2026-08-22,21,我记得,赵雷,热度 8%,,372639235,003QIVDT3UB8zG,https://y.qq.com/n/ryqq/toplist/62
2026-08-22,2026-08-22T11:24:40+08:00,QQ音乐,飙升榜,飙升榜,2026-08-22,22,甲乙丙丁 (你我怎么两清),李佳薇,热度 8%,,696262512,00446QRA1fTdqA,https://y.qq.com/n/ryqq/toplist/62
2026-08-22,2026-08-22T11:24:40+08:00,QQ音乐,飙升榜,飙升榜,2026-08-22,23,理想之途 (Live),时代少年团,热度 8%,,718174468,004JMaep2GWA6p,https://y.qq.com/n/ryqq/toplist/62
2026-08-22,2026-08-22T11:24:40+08:00,QQ音乐,飙升榜,飙升榜,2026-08-22,24,词不达意 (Live),贺峻霖,热度 8%,,718174180,004JMaep2GWA6p,https://y.qq.com/n/ryqq/toplist/62
2026-08-22,2026-08-22T11:24:40+08:00,QQ音乐,飙升榜,飙升榜,2026-08-22,25,我们总是喜欢在夏天讨论永远 (Live),时代少年团,热度 8%,,718174224,004JMaep2GWA6p,https://y.qq.com/n/ryqq/toplist/62
2026-08-22,2026-08-22T11:24:40+08:00,QQ音乐,飙升榜,飙升榜,2026-08-22,26,Love On Top (Live),刘耀文/张真源,热度 8%,,718174212,004JMaep2GWA6p,https://y.qq.com/n/ryqq/toplist/62
2026-08-22,2026-08-22T11:24:40+08:00,QQ音乐,飙升榜,飙升榜,2026-08-22,27,摆脱地心引力 (Live),时代少年团,热度 7%,,718174376,004JMaep2GWA6p,https://y.qq.com/n/ryqq/toplist/62
2026-08-22,2026-08-22T11:24:40+08:00,QQ音乐,飙升榜,飙升榜,2026-08-22,28,知了,陈默之,热度 7%,,482500528,000fHDnB1K1Hcf,https://y.qq.com/n/ryqq/toplist/62
2026-08-22,2026-08-22T11:24:40+08:00,QQ音乐,飙升榜,飙升榜,2026-08-22,29,梦的翅膀受了伤,蒋雪儿Snow.J,热度 7%,,4984001,000Crt8i12TzLc,https://y.qq.com/n/ryqq/toplist/62
2026-08-22,2026-08-22T11:24:40+08:00,QQ音乐,飙升榜,飙升榜,2026-08-22,30,程艾影,赵雷,热度 7%,,372639323,003QIVDT3UB8zG,https://y.qq.com/n/ryqq/toplist/62
2026-08-22,2026-08-22T11:24:40+08:00,QQ音乐,飙升榜,飙升榜,2026-08-22,31,全世界我最美 (Live),时代少年团,热度 7%,,718174068,004JMaep2GWA6p,https://y.qq.com/n/ryqq/toplist/62
2026-08-22,2026-08-22T11:24:40+08:00,QQ音乐,飙升榜,飙升榜,2026-08-22,32,冬日来信 (Summer Version|Live),时代少年团,热度 7%,,718174270,004JMaep2GWA6p,https://y.qq.com/n/ryqq/toplist/62
2026-08-22,2026-08-22T11:24:40+08:00,QQ音乐,飙升榜,飙升榜,2026-08-22,33,相思锁 (Live),张真源,热度 7%,,718174655,004JMaep2GWA6p,https://y.qq.com/n/ryqq/toplist/62
2026-08-22,2026-08-22T11:24:40+08:00,QQ音乐,飙升榜,飙升榜,2026-08-22,34,莫忙,乡野低频,热度 6%,,716265846,003TvHXQ02Q4av,https://y.qq.com/n/ryqq/toplist/62
2026-08-22,2026-08-22T11:24:40+08:00,QQ音乐,飙升榜,飙升榜,2026-08-22,35,富士山下,陈奕迅,热度 6%,,260678,004Z85XP1c25b7,https://y.qq.com/n/ryqq/toplist/62
2026-08-22,2026-08-22T11:24:40+08:00,QQ音乐,飙升榜,飙升榜,2026-08-22,36,我们的时光,赵雷,热度 6%,,100641068,0007ujpB2dTrlW,https://y.qq.com/n/ryqq/toplist/62
2026-08-22,2026-08-22T11:24:40+08:00,QQ音乐,飙升榜,飙升榜,2026-08-22,37,登顶 (Live),时代少年团,热度 6%,,718174131,004JMaep2GWA6p,https://y.qq.com/n/ryqq/toplist/62
2026-08-22,2026-08-22T11:24:40+08:00,QQ音乐,飙升榜,飙升榜,2026-08-22,38,新伤 (Live),丁程鑫,热度 6%,,718174304,004JMaep2GWA6p,https://y.qq.com/n/ryqq/toplist/62
2026-08-22,2026-08-22T11:24:40+08:00,QQ音乐,飙升榜,飙升榜,2026-08-22,39,你比从前快乐 (Live),周杰伦,热度 6%,,718271,003dAEX43IElBh,https://y.qq.com/n/ryqq/toplist/62
2026-08-22,2026-08-22T11:24:40+08:00,QQ音乐,飙升榜,飙升榜,2026-08-22,40,Cold Blooded (Star Version|Live),严浩翔,热度 6%,,718174227,004JMaep2GWA6p,https://y.qq.com/n/ryqq/toplist/62
2026-08-22,2026-08-22T11:24:40+08:00,QQ音乐,飙升榜,飙升榜,2026-08-22,41,鼓楼,赵雷,热度 6%,,200549981,000jE4g74VS43p,https://y.qq.com/n/ryqq/toplist/62
2026-08-22,2026-08-22T11:24:40+08:00,QQ音乐,飙升榜,飙升榜,2026-08-22,42,循迹,王子健,热度 6%,,393418619,000eZy7T0rdx97,https://y.qq.com/n/ryqq/toplist/62
2026-08-22,2026-08-22T11:24:40+08:00,QQ音乐,飙升榜,飙升榜,2026-08-22,43,新不了情,萧敬腾,热度 6%,,641520,0032Np2c0FoOzt,https://y.qq.com/n/ryqq/toplist/62
2026-08-22,2026-08-22T11:24:40+08:00,QQ音乐,飙升榜,飙升榜,2026-08-22,44,南方姑娘,赵雷,热度 6%,,2480942,001sKd2l0dVkXa,https://y.qq.com/n/ryqq/toplist/62
2026-08-22,2026-08-22T11:24:40+08:00,QQ音乐,飙升榜,飙升榜,2026-08-22,45,你要快乐 (Live),时代少年团,热度 6%,,718174109,004JMaep2GWA6p,https://y.qq.com/n/ryqq/toplist/62
2026-08-22,2026-08-22T11:24:40+08:00,QQ音乐,飙升榜,飙升榜,2026-08-22,46,剑雨江湖 (Live),时代少年团,热度 5%,,718174279,004JMaep2GWA6p,https://y.qq.com/n/ryqq/toplist/62
2026-08-22,2026-08-22T11:24:40+08:00,QQ音乐,飙升榜,飙升榜,2026-08-22,47,小美满,周深,热度 5%,,468749280,0002ATV00WcBgd,https://y.qq.com/n/ryqq/toplist/62
2026-08-22,2026-08-22T11:24:40+08:00,QQ音乐,飙升榜,飙升榜,2026-08-22,48,成都,赵雷,热度 5%,,200790315,003ltiMR4RSrgo,https://y.qq.com/n/ryqq/toplist/62
2026-08-22,2026-08-22T11:24:40+08:00,QQ音乐,飙升榜,飙升榜,2026-08-22,49,刺 (Live),时代少年团,热度 5%,,718174056,004JMaep2GWA6p,https://y.qq.com/n/ryqq/toplist/62
2026-08-22,2026-08-22T11:24:40+08:00,QQ音乐,飙升榜,飙升榜,2026-08-22,50,朵,赵雷,热度 5%,,200549978,000jE4g74VS43p,https://y.qq.com/n/ryqq/toplist/62
2026-08-22,2026-08-22T11:24:40+08:00,QQ音乐,飙升榜,飙升榜,2026-08-22,51,UP IT (Live),刘耀文,热度 5%,,718174003,004JMaep2GWA6p,https://y.qq.com/n/ryqq/toplist/62
2026-08-22,2026-08-22T11:24:40+08:00,QQ音乐,飙升榜,飙升榜,2026-08-22,52,樱花草 (Live),黄子弘凡/姚晓棠,热度 5%,,718468029,002yMaKA38C1nv,https://y.qq.com/n/ryqq/toplist/62
2026-08-22,2026-08-22T11:24:40+08:00,QQ音乐,飙升榜,飙升榜,2026-08-22,53,逆战,张杰,热度 5%,,105038610,002zEnlo3PTrlX,https://y.qq.com/n/ryqq/toplist/62
2026-08-22,2026-08-22T11:24:40+08:00,QQ音乐,飙升榜,飙升榜,2026-08-22,54,画,赵雷,热度 5%,,106707604,001sKd2l0dVkXa,https://y.qq.com/n/ryqq/toplist/62
2026-08-22,2026-08-22T11:24:40+08:00,QQ音乐,飙升榜,飙升榜,2026-08-22,55,我只要我开心 (Live),时代少年团,热度 5%,,718174211,004JMaep2GWA6p,https://y.qq.com/n/ryqq/toplist/62
2026-08-22,2026-08-22T11:24:40+08:00,QQ音乐,飙升榜,飙升榜,2026-08-22,56,玻璃,Gareth.T,热度 5%,,666124541,002kIED92uw8L5,https://y.qq.com/n/ryqq/toplist/62
2026-08-22,2026-08-22T11:24:40+08:00,QQ音乐,飙升榜,飙升榜,2026-08-22,57,少年美 (Live),时代少年团,热度 5%,,718174178,004JMaep2GWA6p,https://y.qq.com/n/ryqq/toplist/62
2026-08-22,2026-08-22T11:24:40+08:00,QQ音乐,飙升榜,飙升榜,2026-08-22,58,吴哥窟,吴雨霏,热度 4%,,1030243,002TloBc3pBEb6,https://y.qq.com/n/ryqq/toplist/62
2026-08-22,2026-08-22T11:24:40+08:00,QQ音乐,飙升榜,飙升榜,2026-08-22,59,小行迹,赵雷,热度 4%,,372639232,003QIVDT3UB8zG,https://y.qq.com/n/ryqq/toplist/62
2026-08-22,2026-08-22T11:24:40+08:00,QQ音乐,飙升榜,飙升榜,2026-08-22,60,美人鱼,林俊杰,热度 4%,,95292,000y5gq7449K9I,https://y.qq.com/n/ryqq/toplist/62
2026-08-22,2026-08-22T11:24:40+08:00,QQ音乐,飙升榜,飙升榜,2026-08-22,61,第57次取消发送,菲菲公主（陆绮菲）,热度 4%,,560063927,000KrDC019mc82,https://y.qq.com/n/ryqq/toplist/62
2026-08-22,2026-08-22T11:24:40+08:00,QQ音乐,飙升榜,飙升榜,2026-08-22,62,理想,赵雷,热度 4%,,100641069,0007ujpB2dTrlW,https://y.qq.com/n/ryqq/toplist/62
2026-08-22,2026-08-22T11:24:40+08:00,QQ音乐,飙升榜,飙升榜,2026-08-22,63,卧室巨星 (Live),时代少年团,热度 4%,,718174229,004JMaep2GWA6p,https://y.qq.com/n/ryqq/toplist/62
2026-08-22,2026-08-22T11:24:40+08:00,QQ音乐,飙升榜,飙升榜,2026-08-22,64,我好想你 (苏打绿版),苏打绿,热度 4%,,4884947,004QF5kp0jgyba,https://y.qq.com/n/ryqq/toplist/62
2026-08-22,2026-08-22T11:24:40+08:00,QQ音乐,飙升榜,飙升榜,2026-08-22,65,朋友的酒,李晓杰,热度 4%,,102216698,001OWuMz4QRje2,https://y.qq.com/n/ryqq/toplist/62
2026-08-22,2026-08-22T11:24:40+08:00,QQ音乐,飙升榜,飙升榜,2026-08-22,66,奢香夫人,凤凰传奇,热度 4%,,475408,0021YkiD1WR578,https://y.qq.com/n/ryqq/toplist/62
2026-08-22,2026-08-22T11:24:40+08:00,QQ音乐,飙升榜,飙升榜,2026-08-22,67,一半一半,Top Barry/INDEcompany,热度 4%,,630091806,000atonk3Hxpxb,https://y.qq.com/n/ryqq/toplist/62
2026-08-22,2026-08-22T11:24:40+08:00,QQ音乐,飙升榜,飙升榜,2026-08-22,68,开始懂了,孙燕姿,热度 4%,,5646,004KRIQr1oCp2A,https://y.qq.com/n/ryqq/toplist/62
2026-08-22,2026-08-22T11:24:40+08:00,QQ音乐,飙升榜,飙升榜,2026-08-22,69,一场游戏一场梦,王杰,热度 3%,,228688,0026DG8k3Fw488,https://y.qq.com/n/ryqq/toplist/62
2026-08-22,2026-08-22T11:24:40+08:00,QQ音乐,飙升榜,飙升榜,2026-08-22,70,以朋友的身份,王铮亮,热度 3%,,718053181,001xkN863axHWB,https://y.qq.com/n/ryqq/toplist/62
2026-08-22,2026-08-22T11:24:40+08:00,QQ音乐,飙升榜,飙升榜,2026-08-22,71,从前说,小阿七,热度 3%,,337805783,001en2Lq0PZK7i,https://y.qq.com/n/ryqq/toplist/62
2026-08-22,2026-08-22T11:24:40+08:00,QQ音乐,飙升榜,飙升榜,2026-08-22,72,闭目入神,郑中基,热度 3%,,96440,004bb67O0ABuHL,https://y.qq.com/n/ryqq/toplist/62
2026-08-22,2026-08-22T11:24:40+08:00,QQ音乐,飙升榜,飙升榜,2026-08-22,73,唯一,G.E.M. 邓紫棋,热度 3%,,438910555,002d6m7k0xCbSv,https://y.qq.com/n/ryqq/toplist/62
2026-08-22,2026-08-22T11:24:40+08:00,QQ音乐,飙升榜,飙升榜,2026-08-22,74,ありがとう… (谢谢…),KOKIA (吉田亚纪子),热度 3%,,216483178,002Umlj94bTmHQ,https://y.qq.com/n/ryqq/toplist/62
2026-08-22,2026-08-22T11:24:40+08:00,QQ音乐,飙升榜,飙升榜,2026-08-22,75,循迹 (Live),王铮亮/李佳薇,热度 3%,,718468054,002yMaKA38C1nv,https://y.qq.com/n/ryqq/toplist/62
2026-08-22,2026-08-22T11:24:40+08:00,QQ音乐,飙升榜,飙升榜,2026-08-22,76,你的背包,陈奕迅,热度 3%,,8769,004E0Y0A0R8FYZ,https://y.qq.com/n/ryqq/toplist/62
2026-08-22,2026-08-22T11:24:40+08:00,QQ音乐,飙升榜,飙升榜,2026-08-22,77,红线 (Live),杨丞琳/刘宇,热度 3%,,718467984,002yMaKA38C1nv,https://y.qq.com/n/ryqq/toplist/62
2026-08-22,2026-08-22T11:24:40+08:00,QQ音乐,飙升榜,飙升榜,2026-08-22,78,无尽的冒险 (Live),时代少年团,热度 3%,,718174560,004JMaep2GWA6p,https://y.qq.com/n/ryqq/toplist/62
2026-08-22,2026-08-22T11:24:40+08:00,QQ音乐,飙升榜,飙升榜,2026-08-22,79,神奇伙伴,汪苏泷,热度 3%,,216980294,00414CTY1a5UO1,https://y.qq.com/n/ryqq/toplist/62
2026-08-22,2026-08-22T11:24:40+08:00,QQ音乐,飙升榜,飙升榜,2026-08-22,80,Pretty Girl Rock,Keri Hilson,热度 3%,,102688664,003NF4tW1prOV0,https://y.qq.com/n/ryqq/toplist/62
2026-08-22,2026-08-22T11:24:40+08:00,QQ音乐,飙升榜,飙升榜,2026-08-22,81,最佳损友,陈奕迅,热度 3%,,1338414,002FT46H18G1jW,https://y.qq.com/n/ryqq/toplist/62
2026-08-22,2026-08-22T11:24:40+08:00,QQ音乐,飙升榜,飙升榜,2026-08-22,82,夜曲,周杰伦,热度 3%,,718477,0024bjiL2aocxT,https://y.qq.com/n/ryqq/toplist/62
2026-08-22,2026-08-22T11:24:40+08:00,QQ音乐,飙升榜,飙升榜,2026-08-22,83,无赖,郑中基,热度 3%,,96439,004bb67O0ABuHL,https://y.qq.com/n/ryqq/toplist/62
2026-08-22,2026-08-22T11:24:40+08:00,QQ音乐,飙升榜,飙升榜,2026-08-22,84,十年,陈奕迅,热度 3%,,4830342,000GDz8k03UOaI,https://y.qq.com/n/ryqq/toplist/62
2026-08-22,2026-08-22T11:24:40+08:00,QQ音乐,飙升榜,飙升榜,2026-08-22,85,认真的雪,薛之谦,热度 3%,,1333803,003mUYW22JXKVK,https://y.qq.com/n/ryqq/toplist/62
2026-08-22,2026-08-22T11:24:40+08:00,QQ音乐,飙升榜,飙升榜,2026-08-22,86,我是真的爱上你,王杰,热度 3%,,4829909,0038ogD80A3PUH,https://y.qq.com/n/ryqq/toplist/62
2026-08-22,2026-08-22T11:24:40+08:00,QQ音乐,飙升榜,飙升榜,2026-08-22,87,幻听,许嵩,热度 3%,,1531817,004RbL3b0BDIe2,https://y.qq.com/n/ryqq/toplist/62
2026-08-22,2026-08-22T11:24:40+08:00,QQ音乐,飙升榜,飙升榜,2026-08-22,88,少年锦时,赵雷,热度 3%,,100641066,0007ujpB2dTrlW,https://y.qq.com/n/ryqq/toplist/62
2026-08-22,2026-08-22T11:24:40+08:00,QQ音乐,飙升榜,飙升榜,2026-08-22,89,如果累了就回故乡,酷酷里/面妹孔佳奇,热度 3%,,716724166,00286d6v3Td13Y,https://y.qq.com/n/ryqq/toplist/62
2026-08-22,2026-08-22T11:24:40+08:00,QQ音乐,飙升榜,飙升榜,2026-08-22,90,My Jealousy (粤语版),于梓贝,热度 3%,,718127578,003iJ6pk4DUJmj,https://y.qq.com/n/ryqq/toplist/62
2026-08-22,2026-08-22T11:24:40+08:00,QQ音乐,飙升榜,飙升榜,2026-08-22,91,你还要我怎样,薛之谦,热度 3%,,5106430,000QgFcm0v8WaF,https://y.qq.com/n/ryqq/toplist/62
2026-08-22,2026-08-22T11:24:40+08:00,QQ音乐,飙升榜,飙升榜,2026-08-22,92,阿刁,赵雷,热度 3%,,200549980,000jE4g74VS43p,https://y.qq.com/n/ryqq/toplist/62
2026-08-22,2026-08-22T11:24:40+08:00,QQ音乐,飙升榜,飙升榜,2026-08-22,93,雨过后的风景,Dizzy Dizzo (蔡诗芸),热度 3%,,1960263,0038xSkp1EcVBf,https://y.qq.com/n/ryqq/toplist/62
2026-08-22,2026-08-22T11:24:40+08:00,QQ音乐,飙升榜,飙升榜,2026-08-22,94,我不难过,孙燕姿,热度 3%,,8136,004VSvF52mQoQp,https://y.qq.com/n/ryqq/toplist/62
2026-08-22,2026-08-22T11:24:40+08:00,QQ音乐,飙升榜,飙升榜,2026-08-22,95,阴天,莫文蔚,热度 3%,,4830345,000hTTJN3oScZr,https://y.qq.com/n/ryqq/toplist/62
2026-08-22,2026-08-22T11:24:40+08:00,QQ音乐,飙升榜,飙升榜,2026-08-22,96,海阔天空,BEYOND,热度 3%,,4835784,002qcJuX3lO3EZ,https://y.qq.com/n/ryqq/toplist/62
2026-08-22,2026-08-22T11:24:40+08:00,QQ音乐,飙升榜,飙升榜,2026-08-22,97,一路向北,周杰伦,热度 3%,,5105986,002MAeob3zLXwZ,https://y.qq.com/n/ryqq/toplist/62
2026-08-22,2026-08-22T11:24:40+08:00,QQ音乐,飙升榜,飙升榜,2026-08-22,98,니가 하면 (If You Do),GOT7,热度 2%,,105760290,002AkZk1383cMT,https://y.qq.com/n/ryqq/toplist/62
2026-08-22,2026-08-22T11:24:40+08:00,QQ音乐,飙升榜,飙升榜,2026-08-22,99,如果当时,许嵩,热度 2%,,460049,002KSDg90IaScI,https://y.qq.com/n/ryqq/toplist/62
2026-08-22,2026-08-22T11:24:40+08:00,QQ音乐,飙升榜,飙升榜,2026-08-22,100,句号,G.E.M. 邓紫棋,热度 2%,,247347346,0049MVh824D7bM,https://y.qq.com/n/ryqq/toplist/62
2026-08-22,2026-08-22T11:24:40+08:00,酷狗音乐,热歌榜,酷狗TOP500,2026-08-22,1,山风山风等等我,万海东,,3:29,CE256D96F1F025D60468D8F0BC9EE64B,200106963,https://www.kugou.com/yy/rank/home/1-8888.html?from=rank
2026-08-22,2026-08-22T11:24:40+08:00,酷狗音乐,热歌榜,酷狗TOP500,2026-08-22,2,你有没有真的爱过我,阿图表妹,,4:03,FE39668F68770C3FB3BE57A3E86CCC10,190170015,https://www.kugou.com/yy/rank/home/1-8888.html?from=rank
2026-08-22,2026-08-22T11:24:40+08:00,酷狗音乐,热歌榜,酷狗TOP500,2026-08-22,3,甲乙丙丁 (你我怎么两清),李佳薇,,3:30,213D580CA0BDCC28A5FDBA995FFDA106,197648995,https://www.kugou.com/yy/rank/home/1-8888.html?from=rank
2026-08-22,2026-08-22T11:24:40+08:00,酷狗音乐,热歌榜,酷狗TOP500,2026-08-22,4,如果累了就回故乡 (少年版),酷酷里、面妹孔佳奇,,3:53,CDCB078226FF05314C211CCBED7F99FF,203339346,https://www.kugou.com/yy/rank/home/1-8888.html?from=rank
2026-08-22,2026-08-22T11:24:40+08:00,酷狗音乐,热歌榜,酷狗TOP500,2026-08-22,5,闭目入神,郑中基,,3:36,386EF80136EFD753F8C9CD75D18159C3,7547818,https://www.kugou.com/yy/rank/home/1-8888.html?from=rank
2026-08-22,2026-08-22T11:24:40+08:00,酷狗音乐,热歌榜,酷狗TOP500,2026-08-22,6,我不难过,孙燕姿,,5:20,3FD7E1EC51122C745C637735C8BDE716,965883,https://www.kugou.com/yy/rank/home/1-8888.html?from=rank
2026-08-22,2026-08-22T11:24:40+08:00,酷狗音乐,热歌榜,酷狗TOP500,2026-08-22,7,吹吹山顶的风,巴扎黑,,2:59,87311B26EDEE637CA1448E14230BCB68,198304563,https://www.kugou.com/yy/rank/home/1-8888.html?from=rank
2026-08-22,2026-08-22T11:24:40+08:00,酷狗音乐,热歌榜,酷狗TOP500,2026-08-22,8,梦的翅膀受了伤,蒋雪儿Snow.J,,4:36,7B00B1F90C13C270CE96EA51DA863B96,1965074,https://www.kugou.com/yy/rank/home/1-8888.html?from=rank
2026-08-22,2026-08-22T11:24:40+08:00,酷狗音乐,热歌榜,酷狗TOP500,2026-08-22,9,冻结,林俊杰,,4:49,AE291096B510F20B93D7D87DCBEF1E43,971150,https://www.kugou.com/yy/rank/home/1-8888.html?from=rank
2026-08-22,2026-08-22T11:24:40+08:00,酷狗音乐,热歌榜,酷狗TOP500,2026-08-22,10,明天过后,张杰,,3:59,5B900D95E79765AE62664BE5C871DD9E,38606351,https://www.kugou.com/yy/rank/home/1-8888.html?from=rank
2026-08-22,2026-08-22T11:24:40+08:00,酷狗音乐,热歌榜,酷狗TOP500,2026-08-22,11,失眠,Suki刘舒妤,,3:31,EC476A2009EF5DCAC13EDCD11870DF55,671621,https://www.kugou.com/yy/rank/home/1-8888.html?from=rank
2026-08-22,2026-08-22T11:24:40+08:00,酷狗音乐,热歌榜,酷狗TOP500,2026-08-22,12,差一步,大壮,,4:06,08C2E4AF2BDDB11D36E2B04A51DA30CE,6194568,https://www.kugou.com/yy/rank/home/1-8888.html?from=rank
2026-08-22,2026-08-22T11:24:40+08:00,酷狗音乐,热歌榜,酷狗TOP500,2026-08-22,13,好巧是你,周深,,3:52,39CFDE963DCB9F94020D1F3BDE8E6792,204059600,https://www.kugou.com/yy/rank/home/1-8888.html?from=rank
2026-08-22,2026-08-22T11:24:40+08:00,酷狗音乐,热歌榜,酷狗TOP500,2026-08-22,14,人生路漫漫,白小白,,3:55,B8CA573A69DB5050C7EE0C1AB79144E5,179917533,https://www.kugou.com/yy/rank/home/1-8888.html?from=rank
2026-08-22,2026-08-22T11:24:40+08:00,酷狗音乐,热歌榜,酷狗TOP500,2026-08-22,15,樱花草,Sweety,,4:44,F0B01830164E4974A2AC9E85DD446D45,507451,https://www.kugou.com/yy/rank/home/1-8888.html?from=rank
2026-08-22,2026-08-22T11:24:40+08:00,酷狗音乐,热歌榜,酷狗TOP500,2026-08-22,16,像我这样爱你的人,落日微醺本薰、张多金,,4:22,2AEE05C92035800815DE6AFEE285FD0B,201366705,https://www.kugou.com/yy/rank/home/1-8888.html?from=rank
2026-08-22,2026-08-22T11:24:40+08:00,酷狗音乐,热歌榜,酷狗TOP500,2026-08-22,17,我好想你 (苏打绿版),苏打绿,,5:29,55FEA1927AC4D460F6EB3B9262AC9981,108011230,https://www.kugou.com/yy/rank/home/1-8888.html?from=rank
2026-08-22,2026-08-22T11:24:40+08:00,酷狗音乐,热歌榜,酷狗TOP500,2026-08-22,18,偏爱,张芸京,,3:33,4A544525C1F78DBDF25361DB0E255495,968788,https://www.kugou.com/yy/rank/home/1-8888.html?from=rank
2026-08-22,2026-08-22T11:24:40+08:00,酷狗音乐,热歌榜,酷狗TOP500,2026-08-22,19,踏马寻花向自由 (雷鬼版),超哥,,2:59,B5BA68A039E54847B4E14A46A268991B,194886112,https://www.kugou.com/yy/rank/home/1-8888.html?from=rank
2026-08-22,2026-08-22T11:24:40+08:00,酷狗音乐,热歌榜,酷狗TOP500,2026-08-22,20,岁月如笔写春秋,河南三妹5233,,4:11,5D4C2F9D994E5BECDC9BA0FBC6BD3DD8,191576482,https://www.kugou.com/yy/rank/home/1-8888.html?from=rank
2026-08-22,2026-08-22T11:24:40+08:00,酷狗音乐,热歌榜,酷狗TOP500,2026-08-22,21,盛夏的果实,莫文蔚,,4:11,1C86CBC64AE9A6C3539A36CAADDF1A59,978378,https://www.kugou.com/yy/rank/home/1-8888.html?from=rank
2026-08-22,2026-08-22T11:24:40+08:00,酷狗音乐,热歌榜,酷狗TOP500,2026-08-22,22,雨过后的风景,Dizzy Dizzo (蔡诗芸),,4:03,E3F046EDB5EB76BBA5A44FFA3D8F8C42,974143,https://www.kugou.com/yy/rank/home/1-8888.html?from=rank
2026-08-22,2026-08-22T11:24:40+08:00,酷狗音乐,热歌榜,酷狗TOP500,2026-08-22,23,雨爱,杨丞琳,,4:21,2592FFA57A2D8B1A16F18D991B7098CD,2694607,https://www.kugou.com/yy/rank/home/2-8888.html?from=rank
2026-08-22,2026-08-22T11:24:40+08:00,酷狗音乐,热歌榜,酷狗TOP500,2026-08-22,24,恋人,李荣浩,,4:36,9DA7851E2BF83B18C74CBBAB461CEFDD,106374641,https://www.kugou.com/yy/rank/home/2-8888.html?from=rank
2026-08-22,2026-08-22T11:24:40+08:00,酷狗音乐,热歌榜,酷狗TOP500,2026-08-22,25,知了,陈默之,,3:52,FE6608CE529684B94CBA506E2B0C7BB6,91222498,https://www.kugou.com/yy/rank/home/2-8888.html?from=rank
2026-08-22,2026-08-22T11:24:40+08:00,酷狗音乐,热歌榜,酷狗TOP500,2026-08-22,26,此生不换,青鸟飞鱼,,4:26,F73630B79647324AB3415C21BFA5BD3D,553897,https://www.kugou.com/yy/rank/home/2-8888.html?from=rank
2026-08-22,2026-08-22T11:24:40+08:00,酷狗音乐,热歌榜,酷狗TOP500,2026-08-22,27,旧记忆,黄子韬、刘宇宁,,3:36,8AB257A09867EF0D32502CDAADA8C908,204180241,https://www.kugou.com/yy/rank/home/2-8888.html?from=rank
2026-08-22,2026-08-22T11:24:40+08:00,酷狗音乐,热歌榜,酷狗TOP500,2026-08-22,28,美人鱼,林俊杰,,4:14,CDAE8C7E2FAF7F08DC18E78A1D65117B,969588,https://www.kugou.com/yy/rank/home/2-8888.html?from=rank
2026-08-22,2026-08-22T11:24:40+08:00,酷狗音乐,热歌榜,酷狗TOP500,2026-08-22,29,好想再爱你,潘广益,,4:31,B78BA4062528E712B68C42DC6A4D9AAE,957659,https://www.kugou.com/yy/rank/home/2-8888.html?from=rank
2026-08-22,2026-08-22T11:24:40+08:00,酷狗音乐,热歌榜,酷狗TOP500,2026-08-22,30,情歌,梁静茹,,4:20,72DB6DA75FFE23A3A6361BDB8F44D5F4,2997268,https://www.kugou.com/yy/rank/home/2-8888.html?from=rank
2026-08-22,2026-08-22T11:24:40+08:00,酷狗音乐,热歌榜,酷狗TOP500,2026-08-22,31,阴天,莫文蔚,,4:02,E4271CB5938F401AA283FBEA49223BF8,970575,https://www.kugou.com/yy/rank/home/2-8888.html?from=rank
2026-08-22,2026-08-22T11:24:40+08:00,酷狗音乐,热歌榜,酷狗TOP500,2026-08-22,32,黄昏 (纵然青丝如霜)(R&B版),落日微醺,,4:05,423FC1778078ACF260242626820E4244,194767721,https://www.kugou.com/yy/rank/home/2-8888.html?from=rank
2026-08-22,2026-08-22T11:24:40+08:00,酷狗音乐,热歌榜,酷狗TOP500,2026-08-22,33,黄昏,周传雄,,5:44,7DE9A9CD041157F6BF3FE9FFBCF120E3,964612,https://www.kugou.com/yy/rank/home/2-8888.html?from=rank
2026-08-22,2026-08-22T11:24:40+08:00,酷狗音乐,热歌榜,酷狗TOP500,2026-08-22,34,晴天,周杰伦,,4:29,B3A52A7A958BF0AED0EBFBA2E9A818B7,966846,https://www.kugou.com/yy/rank/home/2-8888.html?from=rank
2026-08-22,2026-08-22T11:24:40+08:00,酷狗音乐,热歌榜,酷狗TOP500,2026-08-22,35,爸爸妈妈,乡野低频,,3:00,C1EF0C54DA1572E05167633D8A267E0E,202573533,https://www.kugou.com/yy/rank/home/2-8888.html?from=rank
2026-08-22,2026-08-22T11:24:40+08:00,酷狗音乐,热歌榜,酷狗TOP500,2026-08-22,36,梦哑,任然,,3:54,3194D1AA995469BEF8620E96989D6BA8,193630889,https://www.kugou.com/yy/rank/home/2-8888.html?from=rank
2026-08-22,2026-08-22T11:24:40+08:00,酷狗音乐,热歌榜,酷狗TOP500,2026-08-22,37,碎碎念,队长,,2:13,A823AE8D84854FD2EB5B8E599D1263FA,79831015,https://www.kugou.com/yy/rank/home/2-8888.html?from=rank
2026-08-22,2026-08-22T11:24:40+08:00,酷狗音乐,热歌榜,酷狗TOP500,2026-08-22,38,来不及爱你,h3R3刘清云,,3:25,E3ED52965CEE83A40D73C5FB1DA7FF62,76488384,https://www.kugou.com/yy/rank/home/2-8888.html?from=rank
2026-08-22,2026-08-22T11:24:40+08:00,酷狗音乐,热歌榜,酷狗TOP500,2026-08-22,39,小半,陈粒,,4:57,AFEA9FFE5D7F0EF0874119A363820D33,1749208,https://www.kugou.com/yy/rank/home/2-8888.html?from=rank
2026-08-22,2026-08-22T11:24:40+08:00,酷狗音乐,热歌榜,酷狗TOP500,2026-08-22,40,晚风告白,黄星、邱鼎杰,,3:57,485A75C6874017D615EE0572F519F2EE,204016055,https://www.kugou.com/yy/rank/home/2-8888.html?from=rank
2026-08-22,2026-08-22T11:24:40+08:00,酷狗音乐,热歌榜,酷狗TOP500,2026-08-22,41,葡萄成熟时,陈奕迅,,4:37,FDEEA17B3BAD24C0C88E4D45F71F1946,968210,https://www.kugou.com/yy/rank/home/2-8888.html?from=rank
2026-08-22,2026-08-22T11:24:40+08:00,酷狗音乐,热歌榜,酷狗TOP500,2026-08-22,42,街角的晚风 (烟嗓R&B版),落日微醺,,3:56,D636D97870D4098ACD3C317BFFDA03D9,196517616,https://www.kugou.com/yy/rank/home/2-8888.html?from=rank
2026-08-22,2026-08-22T11:24:40+08:00,酷狗音乐,热歌榜,酷狗TOP500,2026-08-22,43,落日微醺 (晚风中一杯酒),落日微醺,,4:14,CB22754AB8A0F20FCC015D0A800758CE,196517740,https://www.kugou.com/yy/rank/home/2-8888.html?from=rank
2026-08-22,2026-08-22T11:24:40+08:00,酷狗音乐,热歌榜,酷狗TOP500,2026-08-22,44,BiiiG,BIGBANG,,2:44,5B01EAFF3A33F68EEA86A8276FECB6C7,203883863,https://www.kugou.com/yy/rank/home/2-8888.html?from=rank
2026-08-22,2026-08-22T11:24:40+08:00,酷狗音乐,热歌榜,酷狗TOP500,2026-08-22,45,坏女孩,徐良、小凌,,4:07,9365223F903B13D0DAF54B6091AC3E7B,511536,https://www.kugou.com/yy/rank/home/3-8888.html?from=rank
2026-08-22,2026-08-22T11:24:40+08:00,酷狗音乐,热歌榜,酷狗TOP500,2026-08-22,46,下完这场雨,后弦,,4:31,2EEFFF98A4F19D945BBA7C78FB2079C0,1964990,https://www.kugou.com/yy/rank/home/3-8888.html?from=rank
2026-08-22,2026-08-22T11:24:40+08:00,酷狗音乐,热歌榜,酷狗TOP500,2026-08-22,47,告白气球,周杰伦,,3:36,688857974673645CE89EDA26A36DB19D,1645030,https://www.kugou.com/yy/rank/home/3-8888.html?from=rank
2026-08-22,2026-08-22T11:24:40+08:00,酷狗音乐,热歌榜,酷狗TOP500,2026-08-22,48,我借 (御姐版),铁锤夫妇,,4:07,EC2F26754FED82D125388E7B27D536AA,197901242,https://www.kugou.com/yy/rank/home/3-8888.html?from=rank
2026-08-22,2026-08-22T11:24:40+08:00,酷狗音乐,热歌榜,酷狗TOP500,2026-08-22,49,若不是因为你 (深情版),林栖,,4:13,6CCB2559DE8FC8965E98F641C4C33B6A,176013962,https://www.kugou.com/yy/rank/home/3-8888.html?from=rank
2026-08-22,2026-08-22T11:24:40+08:00,酷狗音乐,热歌榜,酷狗TOP500,2026-08-22,50,开始懂了,孙燕姿,,4:32,93F260998A10F4AD6B46606AF5C8EC72,972102,https://www.kugou.com/yy/rank/home/3-8888.html?from=rank
2026-08-22,2026-08-22T11:24:40+08:00,酷狗音乐,热歌榜,酷狗TOP500,2026-08-22,51,离开我的依赖,王艳薇,,3:54,A9C377CC1B9931F0CE81907E23E4D588,36181053,https://www.kugou.com/yy/rank/home/3-8888.html?from=rank
2026-08-22,2026-08-22T11:24:40+08:00,酷狗音乐,热歌榜,酷狗TOP500,2026-08-22,52,千千阕歌,陈慧娴,,5:01,81E5A1C3B9E016D61FE91B809B4A7DC1,971621,https://www.kugou.com/yy/rank/home/3-8888.html?from=rank
2026-08-22,2026-08-22T11:24:40+08:00,酷狗音乐,热歌榜,酷狗TOP500,2026-08-22,53,我怀念的,孙燕姿,,4:49,1A3CAACB1E361DAF217A2383E9C8E292,984086,https://www.kugou.com/yy/rank/home/3-8888.html?from=rank
2026-08-22,2026-08-22T11:24:40+08:00,酷狗音乐,热歌榜,酷狗TOP500,2026-08-22,54,富士山下,陈奕迅,,4:19,0433F1A94FA162B20FB8AE576A951D6B,976404,https://www.kugou.com/yy/rank/home/3-8888.html?from=rank
2026-08-22,2026-08-22T11:24:40+08:00,酷狗音乐,热歌榜,酷狗TOP500,2026-08-22,55,茶花开了，该回家了,王睿卓、加木,,3:10,99F0F17B7C6F110346411E7AD552156D,133732298,https://www.kugou.com/yy/rank/home/3-8888.html?from=rank
2026-08-22,2026-08-22T11:24:40+08:00,酷狗音乐,热歌榜,酷狗TOP500,2026-08-22,56,今生劫换来生缘 (花开又花谢花满天),黄静美,,2:32,0EC832D2791A7AD5F6B76135F2D2313E,202565327,https://www.kugou.com/yy/rank/home/3-8888.html?from=rank
2026-08-22,2026-08-22T11:24:40+08:00,酷狗音乐,热歌榜,酷狗TOP500,2026-08-22,57,第57次取消发送,菲菲公主（陆绮菲）,,3:01,F17C489C53382E608F9CBB3ED9F6D2AA,137397074,https://www.kugou.com/yy/rank/home/3-8888.html?from=rank
2026-08-22,2026-08-22T11:24:40+08:00,酷狗音乐,热歌榜,酷狗TOP500,2026-08-22,58,演员,薛之谦,,4:21,097E777171F692855EAE98B6965F9477,14456909,https://www.kugou.com/yy/rank/home/3-8888.html?from=rank
2026-08-22,2026-08-22T11:24:40+08:00,酷狗音乐,热歌榜,酷狗TOP500,2026-08-22,59,特别的人,方大同,,4:19,0F7A79ADAAEEB6EA1DA3E19DD637FD73,965097,https://www.kugou.com/yy/rank/home/3-8888.html?from=rank
2026-08-22,2026-08-22T11:24:40+08:00,酷狗音乐,热歌榜,酷狗TOP500,2026-08-22,60,唯一,G.E.M. 邓紫棋,,4:14,AB05B8F658851282DCB2CBAD548AEB9B,82564821,https://www.kugou.com/yy/rank/home/3-8888.html?from=rank
2026-08-22,2026-08-22T11:24:40+08:00,酷狗音乐,热歌榜,酷狗TOP500,2026-08-22,61,爱错,王力宏,,3:59,8E021794DFD02C48D2C6281A55BCBDC6,2996462,https://www.kugou.com/yy/rank/home/3-8888.html?from=rank
2026-08-22,2026-08-22T11:24:40+08:00,酷狗音乐,热歌榜,酷狗TOP500,2026-08-22,62,亲爱的你啊,任素汐,,3:56,C42C2C5C7A68CDAFBF543F29AF883B1D,144348541,https://www.kugou.com/yy/rank/home/3-8888.html?from=rank
2026-08-22,2026-08-22T11:24:40+08:00,酷狗音乐,热歌榜,酷狗TOP500,2026-08-22,63,只对你有感觉,飞轮海、田馥甄,,3:59,E400C3F475001BA5B0F197F2E1923F47,556347,https://www.kugou.com/yy/rank/home/3-8888.html?from=rank
2026-08-22,2026-08-22T11:24:40+08:00,酷狗音乐,热歌榜,酷狗TOP500,2026-08-22,64,บักคนซั่ว (坏家伙),ทิดแอม,,4:35,438C8E10A7947E197411BA14810091C1,99159069,https://www.kugou.com/yy/rank/home/3-8888.html?from=rank
2026-08-22,2026-08-22T11:24:40+08:00,酷狗音乐,热歌榜,酷狗TOP500,2026-08-22,65,红尘客栈,周杰伦,,4:34,48729371F20FB048EF4E51D4CD41DBF5,982051,https://www.kugou.com/yy/rank/home/3-8888.html?from=rank
2026-08-22,2026-08-22T11:24:40+08:00,酷狗音乐,热歌榜,酷狗TOP500,2026-08-22,66,你不该权衡利弊,李婷雪,,3:49,B4EE7D20EADA2A043636B4E560663F29,203889405,https://www.kugou.com/yy/rank/home/3-8888.html?from=rank
2026-08-22,2026-08-22T11:24:40+08:00,酷狗音乐,热歌榜,酷狗TOP500,2026-08-22,67,我不该动情,老板,,3:57,DFA780605FE78F1572761712931024A7,197593768,https://www.kugou.com/yy/rank/home/4-8888.html?from=rank
2026-08-22,2026-08-22T11:24:40+08:00,酷狗音乐,热歌榜,酷狗TOP500,2026-08-22,68,山歌追上云朵,央金拉姆,,3:35,B81F368C6B44B98B0E2B4E9F417F1002,193932928,https://www.kugou.com/yy/rank/home/4-8888.html?from=rank
2026-08-22,2026-08-22T11:24:40+08:00,酷狗音乐,热歌榜,酷狗TOP500,2026-08-22,69,半壶纱,刘珂矣,,3:41,951AB088C5A08F491471A1296DF93707,948327,https://www.kugou.com/yy/rank/home/4-8888.html?from=rank
2026-08-22,2026-08-22T11:24:40+08:00,酷狗音乐,热歌榜,酷狗TOP500,2026-08-22,70,后来,刘若英,,5:38,C4904D4E3BBA872D41D3BDBF597E2B18,16562,https://www.kugou.com/yy/rank/home/4-8888.html?from=rank
2026-08-22,2026-08-22T11:24:40+08:00,酷狗音乐,热歌榜,酷狗TOP500,2026-08-22,71,海阔天空,BEYOND,,5:25,C41E80A18D1448FA47086372999C7F43,973001,https://www.kugou.com/yy/rank/home/4-8888.html?from=rank
2026-08-22,2026-08-22T11:24:40+08:00,酷狗音乐,热歌榜,酷狗TOP500,2026-08-22,72,最佳损友,陈奕迅,,3:54,CBFA7DDE592B23322E21E4BDAA9BE9F9,964332,https://www.kugou.com/yy/rank/home/4-8888.html?from=rank
2026-08-22,2026-08-22T11:24:40+08:00,酷狗音乐,热歌榜,酷狗TOP500,2026-08-22,73,有风的日落,万海东,,3:49,94774F06E73EF9ABD739423E1A414593,181906094,https://www.kugou.com/yy/rank/home/4-8888.html?from=rank
2026-08-22,2026-08-22T11:24:40+08:00,酷狗音乐,热歌榜,酷狗TOP500,2026-08-22,74,动了情的人如此难忘 (我还在傻傻盼你回头望),玲妹儿,,3:16,CCD901B4E9C49436442057979F7C7035,203226535,https://www.kugou.com/yy/rank/home/4-8888.html?from=rank
2026-08-22,2026-08-22T11:24:40+08:00,酷狗音乐,热歌榜,酷狗TOP500,2026-08-22,75,十年,陈奕迅,,3:25,5146461A5717B942F4B13125978618E3,504194,https://www.kugou.com/yy/rank/home/4-8888.html?from=rank
2026-08-22,2026-08-22T11:24:40+08:00,酷狗音乐,热歌榜,酷狗TOP500,2026-08-22,76,一直很安静,阿桑,,4:10,44816EF0288A3B1ED2C4A5C5FE6B93B3,972917,https://www.kugou.com/yy/rank/home/4-8888.html?from=rank
2026-08-22,2026-08-22T11:24:40+08:00,酷狗音乐,热歌榜,酷狗TOP500,2026-08-22,77,野心家,张靓颖,,4:43,1789AD88CFDD254910125F22494C0E8B,161637189,https://www.kugou.com/yy/rank/home/4-8888.html?from=rank
2026-08-22,2026-08-22T11:24:40+08:00,酷狗音乐,热歌榜,酷狗TOP500,2026-08-22,78,街角的晚风,陈小春,,4:00,18B89D66950B7856EABB131BB6273F6E,169830039,https://www.kugou.com/yy/rank/home/4-8888.html?from=rank
2026-08-22,2026-08-22T11:24:40+08:00,酷狗音乐,热歌榜,酷狗TOP500,2026-08-22,79,青花瓷,周杰伦,,3:59,37A8F50A9EC3B267C3CC6BEC633D9C4A,979856,https://www.kugou.com/yy/rank/home/4-8888.html?from=rank
2026-08-22,2026-08-22T11:24:40+08:00,酷狗音乐,热歌榜,酷狗TOP500,2026-08-22,80,体面,于文文,,4:43,B0927C5353E9DD8BD72242BB730DAFF4,8149034,https://www.kugou.com/yy/rank/home/4-8888.html?from=rank
2026-08-22,2026-08-22T11:24:40+08:00,酷狗音乐,热歌榜,酷狗TOP500,2026-08-22,81,红色高跟鞋,蔡健雅,,3:27,055A804B8A3CCC05240D08F8FF1F7DE8,978459,https://www.kugou.com/yy/rank/home/4-8888.html?from=rank
2026-08-22,2026-08-22T11:24:40+08:00,酷狗音乐,热歌榜,酷狗TOP500,2026-08-22,82,其实,薛之谦,,4:02,2A8911EAD4838BF967CF5A300D787E53,960327,https://www.kugou.com/yy/rank/home/4-8888.html?from=rank
2026-08-22,2026-08-22T11:24:40+08:00,酷狗音乐,热歌榜,酷狗TOP500,2026-08-22,83,青花,周传雄,,4:58,09B46455BAE7C613ABD0DB362A5DDBDE,960448,https://www.kugou.com/yy/rank/home/4-8888.html?from=rank
2026-08-22,2026-08-22T11:24:40+08:00,酷狗音乐,热歌榜,酷狗TOP500,2026-08-22,84,想你爱你在梦里,陈雅森,,3:59,521966C98C1D1B6503453A80179ABC80,203095846,https://www.kugou.com/yy/rank/home/4-8888.html?from=rank
2026-08-22,2026-08-22T11:24:40+08:00,酷狗音乐,热歌榜,酷狗TOP500,2026-08-22,85,稻香,周杰伦,,3:44,8909E1809908CD8E3BF6CF85D98B93F0,960399,https://www.kugou.com/yy/rank/home/4-8888.html?from=rank
2026-08-22,2026-08-22T11:24:40+08:00,酷狗音乐,热歌榜,酷狗TOP500,2026-08-22,86,雪下的时候,乔佳旭,,4:24,F6B3AA5971A01E755A344C2256606418,35913748,https://www.kugou.com/yy/rank/home/4-8888.html?from=rank
2026-08-22,2026-08-22T11:24:40+08:00,酷狗音乐,热歌榜,酷狗TOP500,2026-08-22,87,谁 (男女扎心合唱),梨子芥菜、戚悦,,3:58,38DAABE4EEA0ADDC04897AC14E15B54E,185936379,https://www.kugou.com/yy/rank/home/4-8888.html?from=rank
2026-08-22,2026-08-22T11:24:40+08:00,酷狗音乐,热歌榜,酷狗TOP500,2026-08-22,88,光辉岁月,BEYOND,,5:04,BBFE9596615ADE83FF6B117831C45E4D,960181,https://www.kugou.com/yy/rank/home/4-8888.html?from=rank
2026-08-22,2026-08-22T11:24:40+08:00,酷狗音乐,热歌榜,酷狗TOP500,2026-08-22,89,遇见,孙燕姿,,3:31,9F865C787E90E013B2BC847BAAA306AA,964325,https://www.kugou.com/yy/rank/home/5-8888.html?from=rank
2026-08-22,2026-08-22T11:24:40+08:00,酷狗音乐,热歌榜,酷狗TOP500,2026-08-22,90,童话,光良,,4:04,472FF9D57BCE90288EC88CBE100BCB2A,974097,https://www.kugou.com/yy/rank/home/5-8888.html?from=rank
2026-08-22,2026-08-22T11:24:40+08:00,酷狗音乐,热歌榜,酷狗TOP500,2026-08-22,91,抽离,徐良、刘丹萌,,4:18,37A9C74C33A9FAEFF672CFDF4C699581,547514,https://www.kugou.com/yy/rank/home/5-8888.html?from=rank
2026-08-22,2026-08-22T11:24:40+08:00,酷狗音乐,热歌榜,酷狗TOP500,2026-08-22,92,心墙,郭静,,3:47,97870F3D4B01A7822DC497C6127EA66D,968033,https://www.kugou.com/yy/rank/home/5-8888.html?from=rank
2026-08-22,2026-08-22T11:24:40+08:00,酷狗音乐,热歌榜,酷狗TOP500,2026-08-22,93,那时雨,徐良,,3:34,CE76C60251F6193BC5BBA5B46B977747,16900987,https://www.kugou.com/yy/rank/home/5-8888.html?from=rank
2026-08-22,2026-08-22T11:24:40+08:00,酷狗音乐,热歌榜,酷狗TOP500,2026-08-22,94,没有情人的情人节,孟庭苇,,4:16,E3C6C0018C84404EE3C78ECC31C4BA90,970398,https://www.kugou.com/yy/rank/home/5-8888.html?from=rank
2026-08-22,2026-08-22T11:24:40+08:00,酷狗音乐,热歌榜,酷狗TOP500,2026-08-22,95,无人之岛,任然,,4:45,8E568D8806F771607104D8BF9695ACE0,2916172,https://www.kugou.com/yy/rank/home/5-8888.html?from=rank
2026-08-22,2026-08-22T11:24:40+08:00,酷狗音乐,热歌榜,酷狗TOP500,2026-08-22,96,当我望向你时,徐冉、Nero王子豪,,4:36,66A53714769D936FD58FC4D0A5C6290A,203986516,https://www.kugou.com/yy/rank/home/5-8888.html?from=rank
2026-08-22,2026-08-22T11:24:40+08:00,酷狗音乐,热歌榜,酷狗TOP500,2026-08-22,97,杀破狼,萧泽,,3:18,7C9D7ECC13361B9C73CA7B0541EDE63F,203330688,https://www.kugou.com/yy/rank/home/5-8888.html?from=rank
2026-08-22,2026-08-22T11:24:40+08:00,酷狗音乐,热歌榜,酷狗TOP500,2026-08-22,98,ありがとう… (谢谢…),KOKIA,,4:09,E9A08A98614DD992F11A68A5E5F1C79F,1491689,https://www.kugou.com/yy/rank/home/5-8888.html?from=rank
2026-08-22,2026-08-22T11:24:40+08:00,酷狗音乐,热歌榜,酷狗TOP500,2026-08-22,99,江南,林俊杰,,4:28,B83DBB8E3DD3FCF86BF32690B91547F5,969588,https://www.kugou.com/yy/rank/home/5-8888.html?from=rank
2026-08-22,2026-08-22T11:24:40+08:00,酷狗音乐,热歌榜,酷狗TOP500,2026-08-22,100,Fever Pitch,Richz,,2:15,594B915AEEDA7DA8F5BD70B63EA76EAD,180499937,https://www.kugou.com/yy/rank/home/5-8888.html?from=rank
2026-08-22,2026-08-22T11:24:40+08:00,酷狗音乐,热歌榜,酷狗TOP500,2026-08-22,101,分手快乐,梁静茹,,4:36,63350019F601826BF16A82F4B454CD21,973299,https://www.kugou.com/yy/rank/home/5-8888.html?from=rank
2026-08-22,2026-08-22T11:24:40+08:00,酷狗音乐,热歌榜,酷狗TOP500,2026-08-22,102,如愿,王菲,,4:25,EC1A18BBD6B61CB203E656B91F5CF2D1,49057589,https://www.kugou.com/yy/rank/home/5-8888.html?from=rank
2026-08-22,2026-08-22T11:24:40+08:00,酷狗音乐,热歌榜,酷狗TOP500,2026-08-22,103,搁浅,周杰伦,,4:00,8141FAA45AAD5BCFF5FF9873B89709E3,971783,https://www.kugou.com/yy/rank/home/5-8888.html?from=rank
2026-08-22,2026-08-22T11:24:40+08:00,酷狗音乐,热歌榜,酷狗TOP500,2026-08-22,104,带我走,杨丞琳,,4:50,0C57DE35C3CB2A32A8CF634E4F8309C4,975441,https://www.kugou.com/yy/rank/home/5-8888.html?from=rank
2026-08-22,2026-08-22T11:24:40+08:00,酷狗音乐,热歌榜,酷狗TOP500,2026-08-22,105,我们俩,郭顶,,3:14,DD4D224BC3DBFD1A0F6E338928620E69,979601,https://www.kugou.com/yy/rank/home/5-8888.html?from=rank
2026-08-22,2026-08-22T11:24:40+08:00,酷狗音乐,热歌榜,酷狗TOP500,2026-08-22,106,讨厌,芮恩,,4:18,C88A8D3EF16E2C4E944B947E0F56A7AD,2996887,https://www.kugou.com/yy/rank/home/5-8888.html?from=rank
2026-08-22,2026-08-22T11:24:40+08:00,酷狗音乐,热歌榜,酷狗TOP500,2026-08-22,107,空心 (Live),黄霄雲、刘端端,,4:55,6F74F7B3D9B87CA771573ABD27B2A820,199810791,https://www.kugou.com/yy/rank/home/5-8888.html?from=rank
2026-08-22,2026-08-22T11:24:40+08:00,酷狗音乐,热歌榜,酷狗TOP500,2026-08-22,108,哼着你爱听的歌,杨小壮,,3:21,BAF3B2A7AC043CDB154EBAFD69A6C76A,104507270,https://www.kugou.com/yy/rank/home/5-8888.html?from=rank
2026-08-22,2026-08-22T11:24:40+08:00,酷狗音乐,热歌榜,酷狗TOP500,2026-08-22,109,猜不透,丁当,,3:53,B1B4CC4F4E90134603CE66CBCF8FA73B,973244,https://www.kugou.com/yy/rank/home/5-8888.html?from=rank
2026-08-22,2026-08-22T11:24:40+08:00,酷狗音乐,热歌榜,酷狗TOP500,2026-08-22,110,勇气,梁静茹,,3:59,A4D0C350CF4475BFBB0AB28DC6E25A8D,973299,https://www.kugou.com/yy/rank/home/5-8888.html?from=rank
2026-08-22,2026-08-22T11:24:40+08:00,酷狗音乐,热歌榜,酷狗TOP500,2026-08-22,111,失控,井迪,,4:15,44FE8C442EB1F254D15717F1DC03C9BF,40221609,https://www.kugou.com/yy/rank/home/6-8888.html?from=rank
2026-08-22,2026-08-22T11:24:40+08:00,酷狗音乐,热歌榜,酷狗TOP500,2026-08-22,112,踏马寻花向自由 (低音版),DJ铁柱,,2:56,25265310DD545CCB20473F4FA40ECA91,201099960,https://www.kugou.com/yy/rank/home/6-8888.html?from=rank
2026-08-22,2026-08-22T11:24:40+08:00,酷狗音乐,热歌榜,酷狗TOP500,2026-08-22,113,Always Online,林俊杰,,3:45,16A4E4895905B703AC0F31007A495D4C,963179,https://www.kugou.com/yy/rank/home/6-8888.html?from=rank
2026-08-22,2026-08-22T11:24:40+08:00,酷狗音乐,热歌榜,酷狗TOP500,2026-08-22,114,Angel,尹美莱、Tiger JK、Bizzy,,4:15,157D75DA9A1B5B4FED6C529C2B1C2452,964390,https://www.kugou.com/yy/rank/home/6-8888.html?from=rank
2026-08-22,2026-08-22T11:24:40+08:00,酷狗音乐,热歌榜,酷狗TOP500,2026-08-22,115,北方的后海没有海 (r&b微醺版),落日微醺,,3:26,DB3D10DE8DF3C5188EC036A9724F9418,196519034,https://www.kugou.com/yy/rank/home/6-8888.html?from=rank
2026-08-22,2026-08-22T11:24:40+08:00,酷狗音乐,热歌榜,酷狗TOP500,2026-08-22,116,空心,光泽,,4:39,4465EE613CC3CF7DCF9448F8ACFED1CA,4141939,https://www.kugou.com/yy/rank/home/6-8888.html?from=rank
2026-08-22,2026-08-22T11:24:40+08:00,酷狗音乐,热歌榜,酷狗TOP500,2026-08-22,117,七月的烟火,玄觞,,3:44,6CF7CB51AEED66DC0DD70E7B00DA19D7,204008800,https://www.kugou.com/yy/rank/home/6-8888.html?from=rank
2026-08-22,2026-08-22T11:24:40+08:00,酷狗音乐,热歌榜,酷狗TOP500,2026-08-22,118,认真的雪,薛之谦,,4:19,D2E00CC158DB4DA18927AC3B01CC371B,2689239,https://www.kugou.com/yy/rank/home/6-8888.html?from=rank
2026-08-22,2026-08-22T11:24:40+08:00,酷狗音乐,热歌榜,酷狗TOP500,2026-08-22,119,玻璃,Gareth.T,,3:05,ED0ED6B17B6C29695E97F5CC945C7901,191663409,https://www.kugou.com/yy/rank/home/6-8888.html?from=rank
2026-08-22,2026-08-22T11:24:40+08:00,酷狗音乐,热歌榜,酷狗TOP500,2026-08-22,120,Love Me,JMSN,,4:33,C8A0559F862B815E8B4D135228944D4D,76048254,https://www.kugou.com/yy/rank/home/6-8888.html?from=rank
2026-08-22,2026-08-22T11:24:40+08:00,酷狗音乐,热歌榜,酷狗TOP500,2026-08-22,121,金达莱花 (猛Remix),猛弟/邹子寒,,2:18,E93CB193E4133C79EA9BCC9F852375AD,201184757,https://www.kugou.com/yy/rank/home/6-8888.html?from=rank
2026-08-22,2026-08-22T11:24:40+08:00,酷狗音乐,热歌榜,酷狗TOP500,2026-08-22,122,你有没有真的爱过我 (对唱版),阿图表妹、寂寞阿图,,4:03,3C425FC4496E67468562CA377D7F2B23,190170015,https://www.kugou.com/yy/rank/home/6-8888.html?from=rank
2026-08-22,2026-08-22T11:24:40+08:00,酷狗音乐,热歌榜,酷狗TOP500,2026-08-22,123,一场游戏一场梦,王杰,,4:17,55340B431243FF5F112527EFC0591232,7547885,https://www.kugou.com/yy/rank/home/6-8888.html?from=rank
2026-08-22,2026-08-22T11:24:40+08:00,酷狗音乐,热歌榜,酷狗TOP500,2026-08-22,124,枪火 (相对那就针锋相对),宝石Gem,,3:18,76923758046CB591DC9556D1FB69D976,154798334,https://www.kugou.com/yy/rank/home/6-8888.html?from=rank
2026-08-22,2026-08-22T11:24:40+08:00,酷狗音乐,热歌榜,酷狗TOP500,2026-08-22,125,退后,周杰伦,,4:22,5971DE0B235D5B2708D6A6FEB3D31B6F,965291,https://www.kugou.com/yy/rank/home/6-8888.html?from=rank
2026-08-22,2026-08-22T11:24:40+08:00,酷狗音乐,热歌榜,酷狗TOP500,2026-08-22,126,我好像在哪见过你,薛之谦,,4:39,6A350E487263733359E7F2B64BD974AC,1747549,https://www.kugou.com/yy/rank/home/6-8888.html?from=rank
2026-08-22,2026-08-22T11:24:40+08:00,酷狗音乐,热歌榜,酷狗TOP500,2026-08-22,127,过火,张信哲,,5:02,E34CBC6EBE64B9EE9ADB5C46E2178A84,982639,https://www.kugou.com/yy/rank/home/6-8888.html?from=rank
2026-08-22,2026-08-22T11:24:40+08:00,酷狗音乐,热歌榜,酷狗TOP500,2026-08-22,128,忘情牛肉面,马健涛,,3:02,E9E3E3F40397839A715537F5AA5C93CE,32988895,https://www.kugou.com/yy/rank/home/6-8888.html?from=rank
2026-08-22,2026-08-22T11:24:40+08:00,酷狗音乐,热歌榜,酷狗TOP500,2026-08-22,129,有些,颜人中,,3:49,D79E556C176AE1A3ADE8B532810C4CE8,34604592,https://www.kugou.com/yy/rank/home/6-8888.html?from=rank
2026-08-22,2026-08-22T11:24:40+08:00,酷狗音乐,热歌榜,酷狗TOP500,2026-08-22,130,会呼吸的痛,梁静茹,,4:32,1EB00DC46AE8E1446B6A9860A56487AC,500574,https://www.kugou.com/yy/rank/home/6-8888.html?from=rank
2026-08-22,2026-08-22T11:24:40+08:00,酷狗音乐,热歌榜,酷狗TOP500,2026-08-22,131,爱情讯息,郭静,,4:41,D8E857250D8EEA9C5FAFDAF7857640A5,971139,https://www.kugou.com/yy/rank/home/6-8888.html?from=rank
2026-08-22,2026-08-22T11:24:40+08:00,酷狗音乐,热歌榜,酷狗TOP500,2026-08-22,132,舍得,王唯旖,,4:22,62C406C76F45C3EF39F451F2C4F22D95,1944276,https://www.kugou.com/yy/rank/home/6-8888.html?from=rank
2026-08-22,2026-08-22T11:24:40+08:00,酷狗音乐,热歌榜,酷狗TOP500,2026-08-22,133,背对背拥抱,林俊杰,,3:55,D3CB60981A747455AE3142C25809051E,975828,https://www.kugou.com/yy/rank/home/7-8888.html?from=rank
2026-08-22,2026-08-22T11:24:40+08:00,酷狗音乐,热歌榜,酷狗TOP500,2026-08-22,134,出现又离开 (Live),梁博,,6:43,DEAB3B0160E9A410CE0AAA9ED8AC602E,19284949,https://www.kugou.com/yy/rank/home/7-8888.html?from=rank
2026-08-22,2026-08-22T11:24:40+08:00,酷狗音乐,热歌榜,酷狗TOP500,2026-08-22,135,七里香,周杰伦,,4:59,9218D81686C6AC681BC7CA621958AD6D,971783,https://www.kugou.com/yy/rank/home/7-8888.html?from=rank
2026-08-22,2026-08-22T11:24:40+08:00,酷狗音乐,热歌榜,酷狗TOP500,2026-08-22,136,至少还有你,林忆莲,,4:35,BA9D67DAB59FA6DCE243F4B6B70ACA95,967340,https://www.kugou.com/yy/rank/home/7-8888.html?from=rank
2026-08-22,2026-08-22T11:24:40+08:00,酷狗音乐,热歌榜,酷狗TOP500,2026-08-22,137,茶花开了,王睿卓,,4:30,007A7A8EAFA3FF9EA51EF6A767AC3497,130468077,https://www.kugou.com/yy/rank/home/7-8888.html?from=rank
2026-08-22,2026-08-22T11:24:40+08:00,酷狗音乐,热歌榜,酷狗TOP500,2026-08-22,138,戒烟,李荣浩,,4:54,AF36A623D725B98893DAEFDF8010F22E,49390931,https://www.kugou.com/yy/rank/home/7-8888.html?from=rank
2026-08-22,2026-08-22T11:24:40+08:00,酷狗音乐,热歌榜,酷狗TOP500,2026-08-22,139,奢香夫人,凤凰传奇,,4:20,478C572FC9E2E15777A41260DEE293A0,984412,https://www.kugou.com/yy/rank/home/7-8888.html?from=rank
2026-08-22,2026-08-22T11:24:40+08:00,酷狗音乐,热歌榜,酷狗TOP500,2026-08-22,140,冷夜,陈默之,,4:07,DC939521FA5F5736A33765D56B90E03C,84595635,https://www.kugou.com/yy/rank/home/7-8888.html?from=rank
2026-08-22,2026-08-22T11:24:40+08:00,酷狗音乐,热歌榜,酷狗TOP500,2026-08-22,141,再见太难,利得汇,,4:48,AFAA7ACF75FCF8DAC78C0AF7C40D3E9D,2996827,https://www.kugou.com/yy/rank/home/7-8888.html?from=rank
2026-08-22,2026-08-22T11:24:40+08:00,酷狗音乐,热歌榜,酷狗TOP500,2026-08-22,142,冲动的惩罚,刀郎,,7:54,84073718AE6A82366444C3B5AE526FAC,964521,https://www.kugou.com/yy/rank/home/7-8888.html?from=rank
2026-08-22,2026-08-22T11:24:40+08:00,酷狗音乐,热歌榜,酷狗TOP500,2026-08-22,143,我在月光下许过情真 (微醺版),苏晚星,,4:01,90D5CE02942E4B72FD20129E72A3DEA3,192801861,https://www.kugou.com/yy/rank/home/7-8888.html?from=rank
2026-08-22,2026-08-22T11:24:40+08:00,酷狗音乐,热歌榜,酷狗TOP500,2026-08-22,144,讲不出再见,谭咏麟,,4:54,2E0BFDC7BA2F759B0208A58CB2C26523,2337635,https://www.kugou.com/yy/rank/home/7-8888.html?from=rank
2026-08-22,2026-08-22T11:24:40+08:00,酷狗音乐,热歌榜,酷狗TOP500,2026-08-22,145,一路向北,周杰伦,,4:54,F73F22FB046CA1A135C70417163AF82E,1739223,https://www.kugou.com/yy/rank/home/7-8888.html?from=rank
2026-08-22,2026-08-22T11:24:40+08:00,酷狗音乐,热歌榜,酷狗TOP500,2026-08-22,146,秋天不回来,王强,,4:14,81056FF4FC4F2D0A0E9B38757A60D2F7,81746524,https://www.kugou.com/yy/rank/home/7-8888.html?from=rank
2026-08-22,2026-08-22T11:24:40+08:00,酷狗音乐,热歌榜,酷狗TOP500,2026-08-22,147,夜曲,周杰伦,,3:47,16C8AB298231370293D16BCF9E5FF9B6,958909,https://www.kugou.com/yy/rank/home/7-8888.html?from=rank
2026-08-22,2026-08-22T11:24:40+08:00,酷狗音乐,热歌榜,酷狗TOP500,2026-08-22,148,灰色轨迹,BEYOND,,5:28,4476FAA4B6567CCC2292BFBBCA93CB9C,39629213,https://www.kugou.com/yy/rank/home/7-8888.html?from=rank
2026-08-22,2026-08-22T11:24:40+08:00,酷狗音乐,热歌榜,酷狗TOP500,2026-08-22,149,素颜,许嵩、何曼婷,,3:59,30C94AE2868E63B1058DA7685E0CDF3B,13264539,https://www.kugou.com/yy/rank/home/7-8888.html?from=rank
2026-08-22,2026-08-22T11:24:40+08:00,酷狗音乐,热歌榜,酷狗TOP500,2026-08-22,150,岁月如笔写春秋,郭少杰,,4:11,6FCF099C6A88F85FC8417AFD452D54FD,190046745,https://www.kugou.com/yy/rank/home/7-8888.html?from=rank
2026-08-22,2026-08-22T11:24:40+08:00,酷狗音乐,热歌榜,酷狗TOP500,2026-08-22,151,泡沫 (G.E.M.重生版),G.E.M. 邓紫棋,,4:18,53F2510610AC38F0C15F73B2605E5CEE,150256944,https://www.kugou.com/yy/rank/home/7-8888.html?from=rank
2026-08-22,2026-08-22T11:24:40+08:00,酷狗音乐,热歌榜,酷狗TOP500,2026-08-22,152,多远都要在一起,G.E.M. 邓紫棋,,3:38,768F6FA531A3D883BE3F6C91AAF60612,555825,https://www.kugou.com/yy/rank/home/7-8888.html?from=rank
2026-08-22,2026-08-22T11:24:40+08:00,酷狗音乐,热歌榜,酷狗TOP500,2026-08-22,153,那个坏小子 (บักคนซั่ว),ทิดแอม,,2:31,BCBC6D081482F9BC0B049255D45F0D71,201362051,https://www.kugou.com/yy/rank/home/7-8888.html?from=rank
2026-08-22,2026-08-22T11:24:40+08:00,酷狗音乐,热歌榜,酷狗TOP500,2026-08-22,154,春庭雪 (r&b微醺版),落日微醺,,3:44,34F0A836850778DA37190AA74ED2A06E,195834505,https://www.kugou.com/yy/rank/home/7-8888.html?from=rank
2026-08-22,2026-08-22T11:24:40+08:00,酷狗音乐,热歌榜,酷狗TOP500,2026-08-22,155,七夕,邓丽欣,,3:11,A5471E3A28A87B8E741D8B0E21A560F8,984038,https://www.kugou.com/yy/rank/home/8-8888.html?from=rank
2026-08-22,2026-08-22T11:24:40+08:00,酷狗音乐,热歌榜,酷狗TOP500,2026-08-22,156,半点心,草蜢,,3:52,6DF94BFD206BB819120C0D021B93EDBC,564642,https://www.kugou.com/yy/rank/home/8-8888.html?from=rank
2026-08-22,2026-08-22T11:24:40+08:00,酷狗音乐,热歌榜,酷狗TOP500,2026-08-22,157,可不可以,张紫豪,,4:01,6079A2ACBA5E782FE24695FDFCDB1887,9618875,https://www.kugou.com/yy/rank/home/8-8888.html?from=rank
2026-08-22,2026-08-22T11:24:40+08:00,酷狗音乐,热歌榜,酷狗TOP500,2026-08-22,158,从前说,小阿七,,4:12,56851B29C26109489361B0021A4FDD9E,51858164,https://www.kugou.com/yy/rank/home/8-8888.html?from=rank
2026-08-22,2026-08-22T11:24:40+08:00,酷狗音乐,热歌榜,酷狗TOP500,2026-08-22,159,兰亭序,周杰伦,,4:14,4EC10B1B7B9BEB2F0ADB89BBEC5F664B,960399,https://www.kugou.com/yy/rank/home/8-8888.html?from=rank
2026-08-22,2026-08-22T11:24:40+08:00,酷狗音乐,热歌榜,酷狗TOP500,2026-08-22,160,天龙八部之宿敌,许嵩,,4:24,9092283E08915874302A9C64032BC79D,503947,https://www.kugou.com/yy/rank/home/8-8888.html?from=rank
2026-08-22,2026-08-22T11:24:40+08:00,酷狗音乐,热歌榜,酷狗TOP500,2026-08-22,161,淋雨的人,阿图表妹,,3:59,EEB3B4F416E4D8777817C79127FCBFFC,183624154,https://www.kugou.com/yy/rank/home/8-8888.html?from=rank
2026-08-22,2026-08-22T11:24:40+08:00,酷狗音乐,热歌榜,酷狗TOP500,2026-08-22,162,你瞒我瞒,陈柏宇,,3:58,E8EE57D671769402710C4FF9259D841F,965453,https://www.kugou.com/yy/rank/home/8-8888.html?from=rank
2026-08-22,2026-08-22T11:24:40+08:00,酷狗音乐,热歌榜,酷狗TOP500,2026-08-22,163,后会无期,汪苏泷、徐良,,3:32,5F86140467A73FBF9C4F339F7B9AFC2C,511536,https://www.kugou.com/yy/rank/home/8-8888.html?from=rank
2026-08-22,2026-08-22T11:24:40+08:00,酷狗音乐,热歌榜,酷狗TOP500,2026-08-22,164,我知道,BY2,,4:10,38CB283F880797F94A80968E682191E2,530437,https://www.kugou.com/yy/rank/home/8-8888.html?from=rank
2026-08-22,2026-08-22T11:24:40+08:00,酷狗音乐,热歌榜,酷狗TOP500,2026-08-22,165,人间共鸣,李健,,4:19,C9A5658204BD4E941F3DB2FB132D4968,176253415,https://www.kugou.com/yy/rank/home/8-8888.html?from=rank
2026-08-22,2026-08-22T11:24:40+08:00,酷狗音乐,热歌榜,酷狗TOP500,2026-08-22,166,敬岁月一杯酒,万海东,,3:32,C417C9621CD6D9A48DA79900D9B9502D,201889141,https://www.kugou.com/yy/rank/home/8-8888.html?from=rank
2026-08-22,2026-08-22T11:24:40+08:00,酷狗音乐,热歌榜,酷狗TOP500,2026-08-22,167,春娇与志明,街道办GDC、欧阳耀莹,,3:24,E84947402A5E0952FA067566C10264CB,8543461,https://www.kugou.com/yy/rank/home/8-8888.html?from=rank
2026-08-22,2026-08-22T11:24:40+08:00,酷狗音乐,热歌榜,酷狗TOP500,2026-08-22,168,成都,赵雷,,5:28,A06B033B356BFC974C5245D0195086A5,1802652,https://www.kugou.com/yy/rank/home/8-8888.html?from=rank
2026-08-22,2026-08-22T11:24:40+08:00,酷狗音乐,热歌榜,酷狗TOP500,2026-08-22,169,Copines,Aya Nakamura,,2:52,1CDA977A7FC0BCCC23BC7DF4D0194389,39155596,https://www.kugou.com/yy/rank/home/8-8888.html?from=rank
2026-08-22,2026-08-22T11:24:40+08:00,酷狗音乐,热歌榜,酷狗TOP500,2026-08-22,170,我记得,赵雷,,5:30,8CE80CF10A01F37354D63E49C1B60B60,60018447,https://www.kugou.com/yy/rank/home/8-8888.html?from=rank
2026-08-22,2026-08-22T11:24:40+08:00,酷狗音乐,热歌榜,酷狗TOP500,2026-08-22,171,执子之手,宝石Gem、哩哩,,3:10,A84D44A92F427A3198ECEE703B708478,61962429,https://www.kugou.com/yy/rank/home/8-8888.html?from=rank
2026-08-22,2026-08-22T11:24:40+08:00,酷狗音乐,热歌榜,酷狗TOP500,2026-08-22,172,不将就,李荣浩,,5:12,E5F0905C662872A9B05A423FD1ED48B5,1004040,https://www.kugou.com/yy/rank/home/8-8888.html?from=rank
2026-08-22,2026-08-22T11:24:40+08:00,酷狗音乐,热歌榜,酷狗TOP500,2026-08-22,173,We Don't Talk Anymore (Mr. Collipark Remix),Charlie Puth、Selena Gomez,,4:14,8F323B0610BE8D862B7CBB41C3398766,1746993,https://www.kugou.com/yy/rank/home/8-8888.html?from=rank
2026-08-22,2026-08-22T11:24:40+08:00,酷狗音乐,热歌榜,酷狗TOP500,2026-08-22,174,发如雪,周杰伦,,4:59,1F7E7659B9FFF4FB6F71562A61BBC25F,958909,https://www.kugou.com/yy/rank/home/8-8888.html?from=rank
2026-08-22,2026-08-22T11:24:40+08:00,酷狗音乐,热歌榜,酷狗TOP500,2026-08-22,175,淘汰,陈奕迅,,4:45,90C64A1FB2F32663FA8037D847AABB57,962514,https://www.kugou.com/yy/rank/home/8-8888.html?from=rank
2026-08-22,2026-08-22T11:24:40+08:00,酷狗音乐,热歌榜,酷狗TOP500,2026-08-22,176,曾经的你,许巍,,4:21,8D27A0FD0D8B6A9059D3FEEC95E2088D,976268,https://www.kugou.com/yy/rank/home/8-8888.html?from=rank
2026-08-22,2026-08-22T11:24:40+08:00,酷狗音乐,热歌榜,酷狗TOP500,2026-08-22,177,相见恨晚,彭佳慧,,4:15,01214FB85BAF49AB74F10AFA4C363540,977553,https://www.kugou.com/yy/rank/home/9-8888.html?from=rank
2026-08-22,2026-08-22T11:24:40+08:00,酷狗音乐,热歌榜,酷狗TOP500,2026-08-22,178,菩提树下我为你流泪,铃小花,,2:40,65F6501868D8B30C24CABD25B36BDDAD,178028527,https://www.kugou.com/yy/rank/home/9-8888.html?from=rank
2026-08-22,2026-08-22T11:24:40+08:00,酷狗音乐,热歌榜,酷狗TOP500,2026-08-22,179,老男孩,筷子兄弟,,4:59,EB494F1F9199AA29F66E056F116D2F1C,17165001,https://www.kugou.com/yy/rank/home/9-8888.html?from=rank
2026-08-22,2026-08-22T11:24:40+08:00,酷狗音乐,热歌榜,酷狗TOP500,2026-08-22,180,西厢寻他,伯爵Johnny、唐伯虎Annie,,3:44,2B657B5B5D781C1A61D7E0D1F5E2DE22,53205523,https://www.kugou.com/yy/rank/home/9-8888.html?from=rank
2026-08-22,2026-08-22T11:24:40+08:00,酷狗音乐,热歌榜,酷狗TOP500,2026-08-22,181,落了白,蒋雪儿Snow.J,,3:01,74390D89B6BD2E18CFD7F25968EFD98A,40300587,https://www.kugou.com/yy/rank/home/9-8888.html?from=rank
2026-08-22,2026-08-22T11:24:40+08:00,酷狗音乐,热歌榜,酷狗TOP500,2026-08-22,182,I Miss You (暗黑Trap版),超级大瓜,,2:56,D04E732B1310DF5536506CEF6826A96A,197475978,https://www.kugou.com/yy/rank/home/9-8888.html?from=rank
2026-08-22,2026-08-22T11:24:40+08:00,酷狗音乐,热歌榜,酷狗TOP500,2026-08-22,183,阳光下的星星,金海心,,4:44,8B60D8B58137C2D256DAA71B9D84C046,1738155,https://www.kugou.com/yy/rank/home/9-8888.html?from=rank
2026-08-22,2026-08-22T11:24:40+08:00,酷狗音乐,热歌榜,酷狗TOP500,2026-08-22,184,如果累了就回故乡,鱼精,,3:10,A2895D0C5CEDDC7AC57DCC32AA11CB4F,203339346,https://www.kugou.com/yy/rank/home/9-8888.html?from=rank
2026-08-22,2026-08-22T11:24:40+08:00,酷狗音乐,热歌榜,酷狗TOP500,2026-08-22,185,Fast Cars & Superstars,Cristian Marchi、Reverend Haus,,2:52,9EA177A8A77A9E31B164F6BDA20D4776,81561846,https://www.kugou.com/yy/rank/home/9-8888.html?from=rank
2026-08-22,2026-08-22T11:24:40+08:00,酷狗音乐,热歌榜,酷狗TOP500,2026-08-22,186,边错边爱 (tell me why)(氛围版),VEHSJ,,3:24,6C38270C3DC32AA5884AA05830E4279A,197844384,https://www.kugou.com/yy/rank/home/9-8888.html?from=rank
2026-08-22,2026-08-22T11:24:40+08:00,酷狗音乐,热歌榜,酷狗TOP500,2026-08-22,187,记事本,陈慧琳,,4:11,26684870E2CE3936A3D72559F67C0606,2996651,https://www.kugou.com/yy/rank/home/9-8888.html?from=rank
2026-08-22,2026-08-22T11:24:40+08:00,酷狗音乐,热歌榜,酷狗TOP500,2026-08-22,188,说了再见,周杰伦,,4:43,966C718DA96EE29B3B466F773BFA9E2F,958812,https://www.kugou.com/yy/rank/home/9-8888.html?from=rank
2026-08-22,2026-08-22T11:24:40+08:00,酷狗音乐,热歌榜,酷狗TOP500,2026-08-22,189,90后的我们 (现场版),彭妃妃,,5:08,0EDC71FF0C02B8D7F8DA13BA925A86CB,203242638,https://www.kugou.com/yy/rank/home/9-8888.html?from=rank
2026-08-22,2026-08-22T11:24:40+08:00,酷狗音乐,热歌榜,酷狗TOP500,2026-08-22,190,我是真的爱上你,王杰,,5:03,7C353B672AC945A3FE56022000A239FE,2996801,https://www.kugou.com/yy/rank/home/9-8888.html?from=rank
2026-08-22,2026-08-22T11:24:40+08:00,酷狗音乐,热歌榜,酷狗TOP500,2026-08-22,191,枫,周杰伦,,4:36,0D7E8C11C961A17EB8779FEB0CA772E3,958909,https://www.kugou.com/yy/rank/home/9-8888.html?from=rank
2026-08-22,2026-08-22T11:24:40+08:00,酷狗音乐,热歌榜,酷狗TOP500,2026-08-22,192,在你的身边,盛哲,,4:22,38698C9A8BB6637CDDE413C6E210FA54,4128050,https://www.kugou.com/yy/rank/home/9-8888.html?from=rank
2026-08-22,2026-08-22T11:24:40+08:00,酷狗音乐,热歌榜,酷狗TOP500,2026-08-22,193,爱情转移,陈奕迅,,4:19,A549238FA1B05EABE841DFE110899647,962514,https://www.kugou.com/yy/rank/home/9-8888.html?from=rank
2026-08-22,2026-08-22T11:24:40+08:00,酷狗音乐,热歌榜,酷狗TOP500,2026-08-22,194,花海,周杰伦,,4:25,3328808CECBD1A1038166003840FDDD7,960399,https://www.kugou.com/yy/rank/home/9-8888.html?from=rank
2026-08-22,2026-08-22T11:24:40+08:00,酷狗音乐,热歌榜,酷狗TOP500,2026-08-22,195,有何不可,许嵩,,4:01,B3D5D7D3A140628D1605BD392467E348,973251,https://www.kugou.com/yy/rank/home/9-8888.html?from=rank
2026-08-22,2026-08-22T11:24:40+08:00,酷狗音乐,热歌榜,酷狗TOP500,2026-08-22,196,蒲公英的约定,周杰伦,,4:07,A14373681262867AB43FEF5467F4CC1D,979856,https://www.kugou.com/yy/rank/home/9-8888.html?from=rank
2026-08-22,2026-08-22T11:24:40+08:00,酷狗音乐,热歌榜,酷狗TOP500,2026-08-22,197,没遇见该多好,海来阿木,,4:58,2FA83C9880D4521A8F89228CD32C1033,204190845,https://www.kugou.com/yy/rank/home/9-8888.html?from=rank
2026-08-22,2026-08-22T11:24:40+08:00,酷狗音乐,热歌榜,酷狗TOP500,2026-08-22,198,珊瑚海,周杰伦、Lara梁心颐,,4:16,90E34F0C582168E7EA857915771AB220,958909,https://www.kugou.com/yy/rank/home/9-8888.html?from=rank
2026-08-22,2026-08-22T11:24:40+08:00,酷狗音乐,热歌榜,酷狗TOP500,2026-08-22,199,因果 (我就站在这因果里),金针菇,,2:47,E89C5166CE3DD7D5D5B0A986BC39F70D,202013549,https://www.kugou.com/yy/rank/home/10-8888.html?from=rank
2026-08-22,2026-08-22T11:24:40+08:00,酷狗音乐,热歌榜,酷狗TOP500,2026-08-22,200,无缘相依,老板、任夏,,4:10,FF896DFA3474C59845E8182164CD50DE,203135442,https://www.kugou.com/yy/rank/home/10-8888.html?from=rank
2026-08-22,2026-08-22T11:24:40+08:00,酷狗音乐,热歌榜,酷狗TOP500,2026-08-22,201,一城山水,Lunhui轮回,,4:24,C965FA5DFDC0E816D2869FEB68BE008F,36621482,https://www.kugou.com/yy/rank/home/10-8888.html?from=rank
2026-08-22,2026-08-22T11:24:40+08:00,酷狗音乐,热歌榜,酷狗TOP500,2026-08-22,202,慢冷 (Live),李荣浩,,2:44,3536800EC50F04EBF68FB22E7AF6B124,59599171,https://www.kugou.com/yy/rank/home/10-8888.html?from=rank
2026-08-22,2026-08-22T11:24:40+08:00,酷狗音乐,热歌榜,酷狗TOP500,2026-08-22,203,牵丝戏,银临、Aki阿杰,,3:59,5E7FF596F7D6021DA63AF36E91BECE4B,568968,https://www.kugou.com/yy/rank/home/10-8888.html?from=rank
2026-08-22,2026-08-22T11:24:40+08:00,酷狗音乐,热歌榜,酷狗TOP500,2026-08-22,204,关不上的窗,周传雄,,4:53,C9FF4C5E86A76043F004E3BB17E08942,982655,https://www.kugou.com/yy/rank/home/10-8888.html?from=rank
2026-08-22,2026-08-22T11:24:40+08:00,酷狗音乐,热歌榜,酷狗TOP500,2026-08-22,205,叹云兮,鞠婧祎,,4:43,DB94CC1C55558D7ED4B0E402A2DF065D,8700851,https://www.kugou.com/yy/rank/home/10-8888.html?from=rank
2026-08-22,2026-08-22T11:24:40+08:00,酷狗音乐,热歌榜,酷狗TOP500,2026-08-22,206,说好的幸福呢,周杰伦,,4:17,892B7AD62499C97A1A994454423E30F6,960399,https://www.kugou.com/yy/rank/home/10-8888.html?from=rank
2026-08-22,2026-08-22T11:24:40+08:00,酷狗音乐,热歌榜,酷狗TOP500,2026-08-22,207,Alive,Blue,,3:40,996EE22D2450A7C7528394F7F98432E6,560693,https://www.kugou.com/yy/rank/home/10-8888.html?from=rank
2026-08-22,2026-08-22T11:24:40+08:00,酷狗音乐,热歌榜,酷狗TOP500,2026-08-22,208,西海情歌,刀郎,,5:43,0E5FB14E78AFF13C2DEF97C814537CB7,984281,https://www.kugou.com/yy/rank/home/10-8888.html?from=rank
2026-08-22,2026-08-22T11:24:40+08:00,酷狗音乐,热歌榜,酷狗TOP500,2026-08-22,209,他真的对你好吗,付豪,,4:18,B1B875147F45355FF807402402F5B573,55501876,https://www.kugou.com/yy/rank/home/10-8888.html?from=rank
2026-08-22,2026-08-22T11:24:40+08:00,酷狗音乐,热歌榜,酷狗TOP500,2026-08-22,210,可惜没如果,林俊杰,,4:58,57D6EAF8F7E593A2C4B780D8045DE5C1,542795,https://www.kugou.com/yy/rank/home/10-8888.html?from=rank
2026-08-22,2026-08-22T11:24:40+08:00,酷狗音乐,热歌榜,酷狗TOP500,2026-08-22,211,长夜无眠 人间渡罪 (现场版),彭妃妃,,4:45,7DEE2A13F7BBC2C4AF9DACDF65EC6064,203539042,https://www.kugou.com/yy/rank/home/10-8888.html?from=rank
2026-08-22,2026-08-22T11:24:40+08:00,酷狗音乐,热歌榜,酷狗TOP500,2026-08-22,212,不该 (with aMEI),周杰伦、张惠妹,,4:51,FCF336E81DA45A8E696032FFC1708175,1645030,https://www.kugou.com/yy/rank/home/10-8888.html?from=rank
2026-08-22,2026-08-22T11:24:40+08:00,酷狗音乐,热歌榜,酷狗TOP500,2026-08-22,213,渐冷 (r&b微醺版),落日微醺,,4:04,3AE15B1422C36C6C0BCE88CFBA92C7DC,195834507,https://www.kugou.com/yy/rank/home/10-8888.html?from=rank
2026-08-22,2026-08-22T11:24:40+08:00,酷狗音乐,热歌榜,酷狗TOP500,2026-08-22,214,我走后,小咪,,4:08,00751DE0946619BCDE4A4E15397F2A15,22216764,https://www.kugou.com/yy/rank/home/10-8888.html?from=rank
2026-08-22,2026-08-22T11:24:40+08:00,酷狗音乐,热歌榜,酷狗TOP500,2026-08-22,215,中意你 (万人大合唱live版),7paste,,3:47,B84C1F8D11652ABBEFC2D3AEE9160E28,203170200,https://www.kugou.com/yy/rank/home/10-8888.html?from=rank
2026-08-22,2026-08-22T11:24:40+08:00,酷狗音乐,热歌榜,酷狗TOP500,2026-08-22,216,街道,林俊杰,,4:02,D9DF39A88E29EADDB272A4B04393D357,963179,https://www.kugou.com/yy/rank/home/10-8888.html?from=rank
2026-08-22,2026-08-22T11:24:40+08:00,酷狗音乐,热歌榜,酷狗TOP500,2026-08-22,217,Creepin' up on You,Darren Hayes,,4:53,6348CF4041BEE19FAD536C563C32695A,1593407,https://www.kugou.com/yy/rank/home/10-8888.html?from=rank
2026-08-22,2026-08-22T11:24:40+08:00,酷狗音乐,热歌榜,酷狗TOP500,2026-08-22,218,最后一页,江语晨,,4:06,EF053996094A323B42C35195E9781A30,1596655,https://www.kugou.com/yy/rank/home/10-8888.html?from=rank
2026-08-22,2026-08-22T11:24:40+08:00,酷狗音乐,热歌榜,酷狗TOP500,2026-08-22,219,先说爱的人为什么先离开,田园,,3:40,6379393814B0A74AB7B87B2FA9E87689,107655422,https://www.kugou.com/yy/rank/home/10-8888.html?from=rank
2026-08-22,2026-08-22T11:24:40+08:00,酷狗音乐,热歌榜,酷狗TOP500,2026-08-22,220,听哭了自己,沧桑老叔,,3:32,2F886E50337A0268514AA517C5E13A39,184905718,https://www.kugou.com/yy/rank/home/10-8888.html?from=rank
2026-08-22,2026-08-22T11:24:40+08:00,酷狗音乐,热歌榜,酷狗TOP500,2026-08-22,221,这辈子欠自己太多 (R&B版),落日微醺小醺,,3:20,E40AA5F0A09EB0FA842A79697C08CB32,201209326,https://www.kugou.com/yy/rank/home/11-8888.html?from=rank
2026-08-22,2026-08-22T11:24:40+08:00,酷狗音乐,热歌榜,酷狗TOP500,2026-08-22,222,烟花易冷,周杰伦,,4:23,B9FC03DF9015D6BFF0554A110BF2C84F,958812,https://www.kugou.com/yy/rank/home/11-8888.html?from=rank
2026-08-22,2026-08-22T11:24:40+08:00,酷狗音乐,热歌榜,酷狗TOP500,2026-08-22,223,白鸽乌鸦相爱的戏码,潘成（皮卡潘）,,2:54,1B5005F285D8B7FD083CA61C5753E9DB,100112898,https://www.kugou.com/yy/rank/home/11-8888.html?from=rank
2026-08-22,2026-08-22T11:24:40+08:00,酷狗音乐,热歌榜,酷狗TOP500,2026-08-22,224,背着风流泪,文夫,,4:14,93313560CDE28F74AA7D2894E3C4D7F7,146986506,https://www.kugou.com/yy/rank/home/11-8888.html?from=rank
2026-08-22,2026-08-22T11:24:40+08:00,酷狗音乐,热歌榜,酷狗TOP500,2026-08-22,225,沦陷,贾格JuggShots,,3:04,64C2E5D33BE5F53758F3E96DC8EEC3C3,95717116,https://www.kugou.com/yy/rank/home/11-8888.html?from=rank
2026-08-22,2026-08-22T11:24:40+08:00,酷狗音乐,热歌榜,酷狗TOP500,2026-08-22,226,周旋,王以太、艾热AIR,,4:50,D4B5A2762AD5716EB290DD452721B5E4,198788223,https://www.kugou.com/yy/rank/home/11-8888.html?from=rank
2026-08-22,2026-08-22T11:24:40+08:00,酷狗音乐,热歌榜,酷狗TOP500,2026-08-22,227,人间白首,呦猫UNEKO,,4:12,6B44C13EFA5FA913E2B7EE4FC9B0695C,19492028,https://www.kugou.com/yy/rank/home/11-8888.html?from=rank
2026-08-22,2026-08-22T11:24:40+08:00,酷狗音乐,热歌榜,酷狗TOP500,2026-08-22,228,IF YOU,BIGBANG,,4:24,33C5FC6AB3AF0B5B142F12C9556CB178,549436,https://www.kugou.com/yy/rank/home/11-8888.html?from=rank
2026-08-22,2026-08-22T11:24:40+08:00,酷狗音乐,热歌榜,酷狗TOP500,2026-08-22,229,吻别 (烟嗓女版),烟嗓小希,,4:49,12750D3982067B33EB395B9BF2A714E0,200693191,https://www.kugou.com/yy/rank/home/11-8888.html?from=rank
2026-08-22,2026-08-22T11:24:40+08:00,酷狗音乐,热歌榜,酷狗TOP500,2026-08-22,230,Beauty And A Beat,Justin Bieber、Nicki Minaj,,3:47,FF5719341A9B004AA3E7312D617AE305,16996733,https://www.kugou.com/yy/rank/home/11-8888.html?from=rank
2026-08-22,2026-08-22T11:24:40+08:00,酷狗音乐,热歌榜,酷狗TOP500,2026-08-22,231,老街,李荣浩,,5:19,30E7F7CCB57EB16D1BE3EC71D7ADB071,964378,https://www.kugou.com/yy/rank/home/11-8888.html?from=rank
2026-08-22,2026-08-22T11:24:40+08:00,酷狗音乐,热歌榜,酷狗TOP500,2026-08-22,232,时光你等等我,郭芊彤,,4:19,35752B1309268B40355A1CEE7821EDEE,201198246,https://www.kugou.com/yy/rank/home/11-8888.html?from=rank
2026-08-22,2026-08-22T11:24:40+08:00,酷狗音乐,热歌榜,酷狗TOP500,2026-08-22,233,下一个天亮,郭静,,4:27,7E2AD47232E7148C642B6836041826C9,971139,https://www.kugou.com/yy/rank/home/11-8888.html?from=rank
2026-08-22,2026-08-22T11:24:40+08:00,酷狗音乐,热歌榜,酷狗TOP500,2026-08-22,234,同花顺,林倛玉,,3:57,87C979FC3CBA27D6345528A1BEF05477,8603846,https://www.kugou.com/yy/rank/home/11-8888.html?from=rank
2026-08-22,2026-08-22T11:24:40+08:00,酷狗音乐,热歌榜,酷狗TOP500,2026-08-22,235,연애의 조건 (恋爱的条件),BESTie,,3:12,FBE0D895B585AFAD693FE42529311608,959733,https://www.kugou.com/yy/rank/home/11-8888.html?from=rank
2026-08-22,2026-08-22T11:24:40+08:00,酷狗音乐,热歌榜,酷狗TOP500,2026-08-22,236,就是爱你,陶喆,,4:24,43485D7A650AFF532E5ECF24D7FB6381,7547427,https://www.kugou.com/yy/rank/home/11-8888.html?from=rank
2026-08-22,2026-08-22T11:24:40+08:00,酷狗音乐,热歌榜,酷狗TOP500,2026-08-22,237,喜欢你 (G.E.M.重生版),G.E.M. 邓紫棋,,4:03,AA4D82A7506DE809B7A89F91B73F3E1E,150256944,https://www.kugou.com/yy/rank/home/11-8888.html?from=rank
2026-08-22,2026-08-22T11:24:40+08:00,酷狗音乐,热歌榜,酷狗TOP500,2026-08-22,238,不浪漫罪名,王杰,,4:48,4255D3F001B95B07F2D5BE330D14A780,503247,https://www.kugou.com/yy/rank/home/11-8888.html?from=rank
2026-08-22,2026-08-22T11:24:40+08:00,酷狗音乐,热歌榜,酷狗TOP500,2026-08-22,239,后来的我们,五月天,,5:46,09120C11A5C376EC7D1640098FA70CDC,1748942,https://www.kugou.com/yy/rank/home/11-8888.html?from=rank
2026-08-22,2026-08-22T11:24:40+08:00,酷狗音乐,热歌榜,酷狗TOP500,2026-08-22,240,感谢你曾来过,Ayo97、周思涵,,4:10,39DCBBDCB0B377628BEF5FD48EF01254,9101627,https://www.kugou.com/yy/rank/home/11-8888.html?from=rank
2026-08-22,2026-08-22T11:24:40+08:00,酷狗音乐,热歌榜,酷狗TOP500,2026-08-22,241,盗墓笔记·十年人间,李常超（Lao乾妈）,,4:37,ABB695DD3590D5B963B4AA25E362A40B,15117855,https://www.kugou.com/yy/rank/home/11-8888.html?from=rank
2026-08-22,2026-08-22T11:24:40+08:00,酷狗音乐,热歌榜,酷狗TOP500,2026-08-22,242,忘了你忘了我,王杰,,4:38,95CBD367E98724883CA99874AD626446,962390,https://www.kugou.com/yy/rank/home/11-8888.html?from=rank
2026-08-22,2026-08-22T11:24:40+08:00,酷狗音乐,热歌榜,酷狗TOP500,2026-08-22,243,天外来物,薛之谦,,4:17,761C1EAFBD1E22504B487F84D2152DF5,40890018,https://www.kugou.com/yy/rank/home/12-8888.html?from=rank
2026-08-22,2026-08-22T11:24:40+08:00,酷狗音乐,热歌榜,酷狗TOP500,2026-08-22,244,如果可以,韦礼安,,4:34,70425DF5F0C9FCED5E0468189A7F4A70,49958186,https://www.kugou.com/yy/rank/home/12-8888.html?from=rank
2026-08-22,2026-08-22T11:24:40+08:00,酷狗音乐,热歌榜,酷狗TOP500,2026-08-22,245,蓝莲花,许巍,,4:31,EDCDC42FEE3A4BC8F2ADBAF96ADE9D77,15247919,https://www.kugou.com/yy/rank/home/12-8888.html?from=rank
2026-08-22,2026-08-22T11:24:40+08:00,酷狗音乐,热歌榜,酷狗TOP500,2026-08-22,246,幻听,许嵩,,4:33,24F5E7555646965CD7D1A924452B3300,973046,https://www.kugou.com/yy/rank/home/12-8888.html?from=rank
2026-08-22,2026-08-22T11:24:40+08:00,酷狗音乐,热歌榜,酷狗TOP500,2026-08-22,247,雨蝶,李翊君,,3:51,C83424ACF417185057E278554B91D4C0,7549108,https://www.kugou.com/yy/rank/home/12-8888.html?from=rank
2026-08-22,2026-08-22T11:24:40+08:00,酷狗音乐,热歌榜,酷狗TOP500,2026-08-22,248,勋章,鹿晗,,3:34,6FB3EB3F13CD64DF6E9784F6E487BAB1,2059004,https://www.kugou.com/yy/rank/home/12-8888.html?from=rank
2026-08-22,2026-08-22T11:24:40+08:00,酷狗音乐,热歌榜,酷狗TOP500,2026-08-22,249,多情种,胡杨林,,4:47,5073FDDE229BBFEF04DBBA5E3FB44F56,8455212,https://www.kugou.com/yy/rank/home/12-8888.html?from=rank
2026-08-22,2026-08-22T11:24:40+08:00,酷狗音乐,热歌榜,酷狗TOP500,2026-08-22,250,Baby,Justin Bieber、Ludacris,,3:37,493CD2904FAFDAEB8785CC83B8056F5A,508825,https://www.kugou.com/yy/rank/home/12-8888.html?from=rank
2026-08-22,2026-08-22T11:24:40+08:00,酷狗音乐,热歌榜,酷狗TOP500,2026-08-22,251,秋殇别恋 (男女撕裂对唱),梨子芥菜、戚悦,,4:19,CA8495DA3927226C0A3FBBD6B95B8315,190178204,https://www.kugou.com/yy/rank/home/12-8888.html?from=rank
2026-08-22,2026-08-22T11:24:40+08:00,酷狗音乐,热歌榜,酷狗TOP500,2026-08-22,252,没那么简单,黄小琥,,5:08,90D82FB9EB6C1F5385F6F086318EE1FA,962530,https://www.kugou.com/yy/rank/home/12-8888.html?from=rank
2026-08-22,2026-08-22T11:24:40+08:00,酷狗音乐,热歌榜,酷狗TOP500,2026-08-22,253,不负众望,陈婉菁,,3:55,B54BD54DD6B27B311A9F7E2CF9505D3E,62005607,https://www.kugou.com/yy/rank/home/12-8888.html?from=rank
2026-08-22,2026-08-22T11:24:40+08:00,酷狗音乐,热歌榜,酷狗TOP500,2026-08-22,254,琵琶曲,郑浩、冰洁,,3:55,244A022D6CB3FDE50B24E76402053EB3,180917343,https://www.kugou.com/yy/rank/home/12-8888.html?from=rank
2026-08-22,2026-08-22T11:24:40+08:00,酷狗音乐,热歌榜,酷狗TOP500,2026-08-22,255,年少有为,李荣浩,,4:39,3A5C1D6CDABB2FDA813F8F8B7E4D08B0,8873395,https://www.kugou.com/yy/rank/home/12-8888.html?from=rank
2026-08-22,2026-08-22T11:24:40+08:00,酷狗音乐,热歌榜,酷狗TOP500,2026-08-22,256,水为媒,礼越,,4:18,463569CA5AE9A787A32B66D590C8C98D,200545877,https://www.kugou.com/yy/rank/home/12-8888.html?from=rank
2026-08-22,2026-08-22T11:24:40+08:00,酷狗音乐,热歌榜,酷狗TOP500,2026-08-22,257,太多 (R&B),落日微醺,,3:54,0FAE8E25895CB68F57A20A676B09E04E,196615244,https://www.kugou.com/yy/rank/home/12-8888.html?from=rank
2026-08-22,2026-08-22T11:24:40+08:00,酷狗音乐,热歌榜,酷狗TOP500,2026-08-22,258,忘记时间,胡歌,,4:32,BB2759C850804CB32A55480D85D21080,493001,https://www.kugou.com/yy/rank/home/12-8888.html?from=rank
2026-08-22,2026-08-22T11:24:40+08:00,酷狗音乐,热歌榜,酷狗TOP500,2026-08-22,259,十面埋伏,陈奕迅,,3:52,90B8469459CBA58A5DDEDD9350286DD8,2996227,https://www.kugou.com/yy/rank/home/12-8888.html?from=rank
2026-08-22,2026-08-22T11:24:40+08:00,酷狗音乐,热歌榜,酷狗TOP500,2026-08-22,260,不能说的秘密,周杰伦,,4:57,EDFC5DD1AC3D58971AB95B3E2700D015,554150,https://www.kugou.com/yy/rank/home/12-8888.html?from=rank
2026-08-22,2026-08-22T11:24:40+08:00,酷狗音乐,热歌榜,酷狗TOP500,2026-08-22,261,不得不爱,潘玮柏、弦子,,4:41,8F9E3FD474EA612C61EB20D1415767BF,972809,https://www.kugou.com/yy/rank/home/12-8888.html?from=rank
2026-08-22,2026-08-22T11:24:40+08:00,酷狗音乐,热歌榜,酷狗TOP500,2026-08-22,262,我是人间的孤独 (现场版),彭妃妃,,3:58,0036FE55B8EC6AD3DF8C9F368129C137,202418617,https://www.kugou.com/yy/rank/home/12-8888.html?from=rank
2026-08-22,2026-08-22T11:24:40+08:00,酷狗音乐,热歌榜,酷狗TOP500,2026-08-22,263,passion (Speed Up),silent anthem、heart embrace,,2:06,DBB19B339D0787EE5CF39165E7D65FE0,107508992,https://www.kugou.com/yy/rank/home/12-8888.html?from=rank
2026-08-22,2026-08-22T11:24:40+08:00,酷狗音乐,热歌榜,酷狗TOP500,2026-08-22,264,Fatal Love,Jori King,,3:10,C7D617F765E8F748C0F82C21267D0898,658485,https://www.kugou.com/yy/rank/home/12-8888.html?from=rank
2026-08-22,2026-08-22T11:24:40+08:00,酷狗音乐,热歌榜,酷狗TOP500,2026-08-22,265,第一次爱的人,王心凌,,3:53,38539E18FBB3E9A8DFA84A892CA718F6,979891,https://www.kugou.com/yy/rank/home/13-8888.html?from=rank
2026-08-22,2026-08-22T11:24:40+08:00,酷狗音乐,热歌榜,酷狗TOP500,2026-08-22,266,起风了,买辣椒也用券,,5:26,5C035CBF390FEF6B536020A57749EF70,53218722,https://www.kugou.com/yy/rank/home/13-8888.html?from=rank
2026-08-22,2026-08-22T11:24:40+08:00,酷狗音乐,热歌榜,酷狗TOP500,2026-08-22,267,The Other Side Of Paradise (Explicit),Glass Animals,,5:21,222314858D998CCDDD4BF0B7BAF2F5A2,47764102,https://www.kugou.com/yy/rank/home/13-8888.html?from=rank
2026-08-22,2026-08-22T11:24:40+08:00,酷狗音乐,热歌榜,酷狗TOP500,2026-08-22,268,冬天的秘密,周传雄,,4:33,1088AEEAB9674A49F8067DCDEB1FC1EE,982655,https://www.kugou.com/yy/rank/home/13-8888.html?from=rank
2026-08-22,2026-08-22T11:24:40+08:00,酷狗音乐,热歌榜,酷狗TOP500,2026-08-22,269,南方没有你北方没有雨,魏佳艺,,5:12,77765089F43B7DBF1F24406EE444D97F,201940221,https://www.kugou.com/yy/rank/home/13-8888.html?from=rank
2026-08-22,2026-08-22T11:24:40+08:00,酷狗音乐,热歌榜,酷狗TOP500,2026-08-22,270,我们的歌,王力宏,,4:08,4E294957A0D9B72A78B61F3C2A63B6CC,503223,https://www.kugou.com/yy/rank/home/13-8888.html?from=rank
2026-08-22,2026-08-22T11:24:40+08:00,酷狗音乐,热歌榜,酷狗TOP500,2026-08-22,271,天际,洋澜一,,5:46,DEAE9D1FC61F4810A0C15AA9CFD83722,76611526,https://www.kugou.com/yy/rank/home/13-8888.html?from=rank
2026-08-22,2026-08-22T11:24:40+08:00,酷狗音乐,热歌榜,酷狗TOP500,2026-08-22,272,如果当时,许嵩,,5:16,697712B7504DA5541C3ED4D117AE1018,973251,https://www.kugou.com/yy/rank/home/13-8888.html?from=rank
2026-08-22,2026-08-22T11:24:40+08:00,酷狗音乐,热歌榜,酷狗TOP500,2026-08-22,273,为爱痴狂 (想要问问你敢不敢),金志文,,2:21,8CA8C420761A7C36FF16DD42FE5D331D,194629486,https://www.kugou.com/yy/rank/home/13-8888.html?from=rank
2026-08-22,2026-08-22T11:24:40+08:00,酷狗音乐,热歌榜,酷狗TOP500,2026-08-22,274,太聪明,陈绮贞,,4:23,89101DA817101FEA0C9ECF64EAE2B46F,959335,https://www.kugou.com/yy/rank/home/13-8888.html?from=rank
2026-08-22,2026-08-22T11:24:40+08:00,酷狗音乐,热歌榜,酷狗TOP500,2026-08-22,275,广东爱情故事,广东雨神,,3:34,7A2956668C7D5393FF16AD930C23F2FD,4162049,https://www.kugou.com/yy/rank/home/13-8888.html?from=rank
2026-08-22,2026-08-22T11:24:40+08:00,酷狗音乐,热歌榜,酷狗TOP500,2026-08-22,276,爱如潮水,张信哲,,4:31,7D372165ED6AD2C00DD2B473529BE9CE,538030,https://www.kugou.com/yy/rank/home/13-8888.html?from=rank
2026-08-22,2026-08-22T11:24:40+08:00,酷狗音乐,热歌榜,酷狗TOP500,2026-08-22,277,你还要我怎样,薛之谦,,5:11,8C6AAC48FB5C3759042E4C8699544C6F,960327,https://www.kugou.com/yy/rank/home/13-8888.html?from=rank
2026-08-22,2026-08-22T11:24:40+08:00,酷狗音乐,热歌榜,酷狗TOP500,2026-08-22,278,断点,张敬轩,,4:28,2C2A571D91FF7BF6FE814887FFA7E592,2996592,https://www.kugou.com/yy/rank/home/13-8888.html?from=rank
2026-08-22,2026-08-22T11:24:40+08:00,酷狗音乐,热歌榜,酷狗TOP500,2026-08-22,279,有点甜,汪苏泷、BY2,,3:55,99CFDC717FEB7DABCD8A6392D821FC08,516425,https://www.kugou.com/yy/rank/home/13-8888.html?from=rank
2026-08-22,2026-08-22T11:24:40+08:00,酷狗音乐,热歌榜,酷狗TOP500,2026-08-22,280,Lonely,Nana,,6:21,DD6AD636BD00699C1218CD25D7657099,45833884,https://www.kugou.com/yy/rank/home/13-8888.html?from=rank
2026-08-22,2026-08-22T11:24:40+08:00,酷狗音乐,热歌榜,酷狗TOP500,2026-08-22,281,Radio (Dum-Dum),宋雨琦 (YUQI),,2:32,E8FFC3F649DA4476E2CEABFF3F94D103,140913986,https://www.kugou.com/yy/rank/home/13-8888.html?from=rank
2026-08-22,2026-08-22T11:24:40+08:00,酷狗音乐,热歌榜,酷狗TOP500,2026-08-22,282,疑心病,任然,,4:43,9D8C7468BE4391B85794617090585646,1818864,https://www.kugou.com/yy/rank/home/13-8888.html?from=rank
2026-08-22,2026-08-22T11:24:40+08:00,酷狗音乐,热歌榜,酷狗TOP500,2026-08-22,283,最长的电影,周杰伦,,3:56,2F6D441163A92AEE5E52B8E94F36A3C7,979856,https://www.kugou.com/yy/rank/home/13-8888.html?from=rank
2026-08-22,2026-08-22T11:24:40+08:00,酷狗音乐,热歌榜,酷狗TOP500,2026-08-22,284,反方向的钟,周杰伦,,4:18,A6049AAB184A305CAA906C6BBB8E8233,978031,https://www.kugou.com/yy/rank/home/13-8888.html?from=rank
2026-08-22,2026-08-22T11:24:40+08:00,酷狗音乐,热歌榜,酷狗TOP500,2026-08-22,285,泪海,许茹芸,,4:58,FBC174E7C22B9AF471B7B93A61751E1B,975212,https://www.kugou.com/yy/rank/home/13-8888.html?from=rank
2026-08-22,2026-08-22T11:24:40+08:00,酷狗音乐,热歌榜,酷狗TOP500,2026-08-22,286,真的爱你,BEYOND,,4:35,C46916711631EA28508A41C325A74E1B,971451,https://www.kugou.com/yy/rank/home/13-8888.html?from=rank
2026-08-22,2026-08-22T11:24:40+08:00,酷狗音乐,热歌榜,酷狗TOP500,2026-08-22,287,走走,李荣浩,,5:04,0BD5B6F56CED35BB3380425EC02E1098,106374641,https://www.kugou.com/yy/rank/home/14-8888.html?from=rank
2026-08-22,2026-08-22T11:24:40+08:00,酷狗音乐,热歌榜,酷狗TOP500,2026-08-22,288,还爱着你,文夫,,3:52,A61924D891C970A28150FDF9E5E56C53,171019019,https://www.kugou.com/yy/rank/home/14-8888.html?from=rank
2026-08-22,2026-08-22T11:24:40+08:00,酷狗音乐,热歌榜,酷狗TOP500,2026-08-22,289,土坡上的狗尾草,卢润泽,,3:15,5E40742110D3DB109A22BDB1012C6EBB,104913971,https://www.kugou.com/yy/rank/home/14-8888.html?from=rank
2026-08-22,2026-08-22T11:24:40+08:00,酷狗音乐,热歌榜,酷狗TOP500,2026-08-22,290,夏夜最后的烟火,颜人中,,4:40,4E418EDAB22093B51C78C81C0A8C9B31,39949767,https://www.kugou.com/yy/rank/home/14-8888.html?from=rank
2026-08-22,2026-08-22T11:24:40+08:00,酷狗音乐,热歌榜,酷狗TOP500,2026-08-22,291,Come Back To Me,宇多田ヒカル,,3:58,0689D23157B40D6FDCFA3D1D3784B6FC,966129,https://www.kugou.com/yy/rank/home/14-8888.html?from=rank
2026-08-22,2026-08-22T11:24:40+08:00,酷狗音乐,热歌榜,酷狗TOP500,2026-08-22,292,简单爱,周杰伦,,4:30,6E44CE19BE5872384FA184B995CCE23B,958706,https://www.kugou.com/yy/rank/home/14-8888.html?from=rank
2026-08-22,2026-08-22T11:24:40+08:00,酷狗音乐,热歌榜,酷狗TOP500,2026-08-22,293,你有没有真的爱过我 (烟嗓版),寂寞阿图,,3:45,5EF8404977086AB95C304D857271FB10,190169654,https://www.kugou.com/yy/rank/home/14-8888.html?from=rank
2026-08-22,2026-08-22T11:24:40+08:00,酷狗音乐,热歌榜,酷狗TOP500,2026-08-22,294,总有一天你会出现在我身边,棱镜乐队,,4:30,8E6A42453EF5B06A87772F8FF4AD5188,10808308,https://www.kugou.com/yy/rank/home/14-8888.html?from=rank
2026-08-22,2026-08-22T11:24:40+08:00,酷狗音乐,热歌榜,酷狗TOP500,2026-08-22,295,偏偏喜欢你,陈百强,,3:32,D186383AA965D13601CFF4857F844FEE,983655,https://www.kugou.com/yy/rank/home/14-8888.html?from=rank
2026-08-22,2026-08-22T11:24:40+08:00,酷狗音乐,热歌榜,酷狗TOP500,2026-08-22,296,最爱,周慧敏,,4:25,DBC221919A9686F684F90E1920179363,568311,https://www.kugou.com/yy/rank/home/14-8888.html?from=rank
2026-08-22,2026-08-22T11:24:40+08:00,酷狗音乐,热歌榜,酷狗TOP500,2026-08-22,297,我的歌声里,曲婉婷,,3:37,227D8E7B7B6EAF7509BB345A7B718EB2,516422,https://www.kugou.com/yy/rank/home/14-8888.html?from=rank
2026-08-22,2026-08-22T11:24:40+08:00,酷狗音乐,热歌榜,酷狗TOP500,2026-08-22,298,别回头 (不朽版),PAMajor,,3:32,887215E010BC9D5CB82830A131C86596,163052521,https://www.kugou.com/yy/rank/home/14-8888.html?from=rank
2026-08-22,2026-08-22T11:24:40+08:00,酷狗音乐,热歌榜,酷狗TOP500,2026-08-22,299,是我不够好,李毓芬,,3:37,2B152C85BA2B73CBC79EA722928EF425,1590098,https://www.kugou.com/yy/rank/home/14-8888.html?from=rank
2026-08-22,2026-08-22T11:24:40+08:00,酷狗音乐,热歌榜,酷狗TOP500,2026-08-22,300,虚拟,陈粒,,4:01,AEF0740270FE89918F07807C8D669FB7,1749208,https://www.kugou.com/yy/rank/home/14-8888.html?from=rank
2026-08-22,2026-08-22T11:24:40+08:00,酷狗音乐,热歌榜,酷狗TOP500,2026-08-22,301,水手,郑智化,,4:53,6DCF10DEA98A7C9F755BE385E822BE05,967718,https://www.kugou.com/yy/rank/home/14-8888.html?from=rank
2026-08-22,2026-08-22T11:24:40+08:00,酷狗音乐,热歌榜,酷狗TOP500,2026-08-22,302,不潮不用花钱,林俊杰,,3:54,5A84BBA4C673BEA45083C521ADF366AF,963179,https://www.kugou.com/yy/rank/home/14-8888.html?from=rank
2026-08-22,2026-08-22T11:24:40+08:00,酷狗音乐,热歌榜,酷狗TOP500,2026-08-22,303,谁明浪子心,王杰,,5:01,1E54C9C01C9DFC5C68F743368F353711,983991,https://www.kugou.com/yy/rank/home/14-8888.html?from=rank
2026-08-22,2026-08-22T11:24:40+08:00,酷狗音乐,热歌榜,酷狗TOP500,2026-08-22,304,再见只是陌生人,庄心妍,,4:12,67F2E5F1B47C2B86E201518FD24D9831,556403,https://www.kugou.com/yy/rank/home/14-8888.html?from=rank
2026-08-22,2026-08-22T11:24:40+08:00,酷狗音乐,热歌榜,酷狗TOP500,2026-08-22,305,岸边客,夏子航（2603）,,4:32,E87EEB7804D4708714E6C38DE1F8E649,161846818,https://www.kugou.com/yy/rank/home/14-8888.html?from=rank
2026-08-22,2026-08-22T11:24:40+08:00,酷狗音乐,热歌榜,酷狗TOP500,2026-08-22,306,不再犹豫,BEYOND,,4:15,C477FE5B38147B7522DFCF3DC5BB8A6B,8176296,https://www.kugou.com/yy/rank/home/14-8888.html?from=rank
2026-08-22,2026-08-22T11:24:40+08:00,酷狗音乐,热歌榜,酷狗TOP500,2026-08-22,307,老人与海,海鸣威、吴琼,,4:26,64550F3E833ABE710545EA84FC82754E,1778632,https://www.kugou.com/yy/rank/home/14-8888.html?from=rank
2026-08-22,2026-08-22T11:24:40+08:00,酷狗音乐,热歌榜,酷狗TOP500,2026-08-22,308,明明就,周杰伦,,4:20,D85C14E02008B7A2F97D55CDC29C2221,982051,https://www.kugou.com/yy/rank/home/14-8888.html?from=rank
2026-08-22,2026-08-22T11:24:40+08:00,酷狗音乐,热歌榜,酷狗TOP500,2026-08-22,309,好久不见,陈奕迅,,4:11,8E1DDAF172D9C60A28C19358B07BFBF8,962514,https://www.kugou.com/yy/rank/home/15-8888.html?from=rank
2026-08-22,2026-08-22T11:24:40+08:00,酷狗音乐,热歌榜,酷狗TOP500,2026-08-22,310,吹梦到西洲,昭爻tsuki、千世,,5:15,FB50469DA48A8CE34532F2888578B7B8,25402785,https://www.kugou.com/yy/rank/home/15-8888.html?from=rank
2026-08-22,2026-08-22T11:24:40+08:00,酷狗音乐,热歌榜,酷狗TOP500,2026-08-22,311,什么是逍遥,王同学Able,,3:28,4BF659E4D3060B52D4F9925AF9D0CA02,45288306,https://www.kugou.com/yy/rank/home/15-8888.html?from=rank
2026-08-22,2026-08-22T11:24:40+08:00,酷狗音乐,热歌榜,酷狗TOP500,2026-08-22,312,九百九十九朵玫瑰 (r&b),落日微醺,,4:07,0969B2B26405C8DDEC7C72292F794D48,184352572,https://www.kugou.com/yy/rank/home/15-8888.html?from=rank
2026-08-22,2026-08-22T11:24:40+08:00,酷狗音乐,热歌榜,酷狗TOP500,2026-08-22,313,座位,于冬然,,3:29,D87A09DB3166215E5DFD4A30C922509E,137485296,https://www.kugou.com/yy/rank/home/15-8888.html?from=rank
2026-08-22,2026-08-22T11:24:40+08:00,酷狗音乐,热歌榜,酷狗TOP500,2026-08-22,314,模特,李荣浩,,5:06,87EBC49856D2CB3C04992C9A87E5A5C5,968143,https://www.kugou.com/yy/rank/home/15-8888.html?from=rank
2026-08-22,2026-08-22T11:24:40+08:00,酷狗音乐,热歌榜,酷狗TOP500,2026-08-22,315,不遗憾,李荣浩,,5:20,40CE38D5DB930F404EB26F58978BEC3D,44404137,https://www.kugou.com/yy/rank/home/15-8888.html?from=rank
2026-08-22,2026-08-22T11:24:40+08:00,酷狗音乐,热歌榜,酷狗TOP500,2026-08-22,316,云与海 (r&b微醺版),落日微醺,,3:42,D3BD537BB98968BA926650A00BC6A161,195717540,https://www.kugou.com/yy/rank/home/15-8888.html?from=rank
2026-08-22,2026-08-22T11:24:40+08:00,酷狗音乐,热歌榜,酷狗TOP500,2026-08-22,317,Take Me To Your Heart,Michael Learns To Rock,,3:58,C4B0F9CDC445058C9F5BCD60F5CF0D91,959808,https://www.kugou.com/yy/rank/home/15-8888.html?from=rank
2026-08-22,2026-08-22T11:24:40+08:00,酷狗音乐,热歌榜,酷狗TOP500,2026-08-22,318,你就不要想起我,田馥甄,,4:41,33E67CD9B775093E93CBABBD649DF087,965595,https://www.kugou.com/yy/rank/home/15-8888.html?from=rank
2026-08-22,2026-08-22T11:24:40+08:00,酷狗音乐,热歌榜,酷狗TOP500,2026-08-22,319,夏天的风,温岚,,4:01,33431BA8C2FB438ED064AE5DEEB2985F,2997111,https://www.kugou.com/yy/rank/home/15-8888.html?from=rank
2026-08-22,2026-08-22T11:24:40+08:00,酷狗音乐,热歌榜,酷狗TOP500,2026-08-22,320,单身情歌,林志炫,,4:35,ACD27A452FE3D0348D38540762DA7BEB,971171,https://www.kugou.com/yy/rank/home/15-8888.html?from=rank
2026-08-22,2026-08-22T11:24:40+08:00,酷狗音乐,热歌榜,酷狗TOP500,2026-08-22,321,瞬,郑润泽,,4:45,C06970FDB48E8E1F9BBC7577B7BC1938,75949211,https://www.kugou.com/yy/rank/home/15-8888.html?from=rank
2026-08-22,2026-08-22T11:24:40+08:00,酷狗音乐,热歌榜,酷狗TOP500,2026-08-22,322,天亮以前说再见,何野,,4:00,18E9FC6CF97258B75D090188EDBAE95B,11792318,https://www.kugou.com/yy/rank/home/15-8888.html?from=rank
2026-08-22,2026-08-22T11:24:40+08:00,酷狗音乐,热歌榜,酷狗TOP500,2026-08-22,323,无名的人,毛不易,,4:42,525A854C4A4EDF63CAF528D693F69CE0,51231315,https://www.kugou.com/yy/rank/home/15-8888.html?from=rank
2026-08-22,2026-08-22T11:24:40+08:00,酷狗音乐,热歌榜,酷狗TOP500,2026-08-22,324,情罪,陈瑞,,4:45,9642484D6F37650295B370CD52553DC5,80617215,https://www.kugou.com/yy/rank/home/15-8888.html?from=rank
2026-08-22,2026-08-22T11:24:40+08:00,酷狗音乐,热歌榜,酷狗TOP500,2026-08-22,325,租购,薛之谦,,4:31,B96A6102B2238E21C463E96A7D81E840,130133801,https://www.kugou.com/yy/rank/home/15-8888.html?from=rank
2026-08-22,2026-08-22T11:24:40+08:00,酷狗音乐,热歌榜,酷狗TOP500,2026-08-22,326,平凡之路,朴树,,5:01,2BE5DE80E68B3346918D38CF7527D979,2944963,https://www.kugou.com/yy/rank/home/15-8888.html?from=rank
2026-08-22,2026-08-22T11:24:40+08:00,酷狗音乐,热歌榜,酷狗TOP500,2026-08-22,327,Poker Face,Lady Gaga,,3:57,645E837927E3207AD0AEA3997EB00444,38501704,https://www.kugou.com/yy/rank/home/15-8888.html?from=rank
2026-08-22,2026-08-22T11:24:40+08:00,酷狗音乐,热歌榜,酷狗TOP500,2026-08-22,328,烟火 (孤孤单单一个人),京六,,4:06,495D65F83F80948BE9E2683AEFD0E20A,198377118,https://www.kugou.com/yy/rank/home/15-8888.html?from=rank
2026-08-22,2026-08-22T11:24:40+08:00,酷狗音乐,热歌榜,酷狗TOP500,2026-08-22,329,恶作剧,王蓝茵,,3:47,05B893FC78627C3F5635491BBB35167E,720564,https://www.kugou.com/yy/rank/home/15-8888.html?from=rank
2026-08-22,2026-08-22T11:24:40+08:00,酷狗音乐,热歌榜,酷狗TOP500,2026-08-22,330,阿衣莫,阿吉太组合,,5:14,000B4DC2694B23AD4258EE551A00C599,4138802,https://www.kugou.com/yy/rank/home/15-8888.html?from=rank
2026-08-22,2026-08-22T11:24:40+08:00,酷狗音乐,热歌榜,酷狗TOP500,2026-08-22,331,落空,印子月,,3:53,F2823FEC8D01EDE2587ED3D32F787782,15394482,https://www.kugou.com/yy/rank/home/16-8888.html?from=rank
2026-08-22,2026-08-22T11:24:40+08:00,酷狗音乐,热歌榜,酷狗TOP500,2026-08-22,332,背叛情歌 (烟嗓版),谢尔西,,4:39,0C2FCE33BA27021CA0964D45484F2DE5,198720373,https://www.kugou.com/yy/rank/home/16-8888.html?from=rank
2026-08-22,2026-08-22T11:24:40+08:00,酷狗音乐,热歌榜,酷狗TOP500,2026-08-22,333,红颜旧 (氛围版),周深深,,3:48,76FA92299B2443816030D744CF70FA3B,198814170,https://www.kugou.com/yy/rank/home/16-8888.html?from=rank
2026-08-22,2026-08-22T11:24:40+08:00,酷狗音乐,热歌榜,酷狗TOP500,2026-08-22,334,刚好遇见你,李玉刚,,3:20,58B004C56B6AB6CE1CA3C1E8C6781D0E,1820033,https://www.kugou.com/yy/rank/home/16-8888.html?from=rank
2026-08-22,2026-08-22T11:24:40+08:00,酷狗音乐,热歌榜,酷狗TOP500,2026-08-22,335,光年之外 (G.E.M.重生版),G.E.M. 邓紫棋,,3:55,B0EB2A1CC6832B3596E0D71E3CAFCD5F,150256944,https://www.kugou.com/yy/rank/home/16-8888.html?from=rank
2026-08-22,2026-08-22T11:24:40+08:00,酷狗音乐,热歌榜,酷狗TOP500,2026-08-22,336,谁,洋澜一,,3:40,445C54E59AB287FCF15D68FAF92CD9B7,89608819,https://www.kugou.com/yy/rank/home/16-8888.html?from=rank
2026-08-22,2026-08-22T11:24:40+08:00,酷狗音乐,热歌榜,酷狗TOP500,2026-08-22,337,哼着你爱听的歌 (女版),田园,,3:20,37B0685181098FB8427291594EDBC8CD,162686180,https://www.kugou.com/yy/rank/home/16-8888.html?from=rank
2026-08-22,2026-08-22T11:24:40+08:00,酷狗音乐,热歌榜,酷狗TOP500,2026-08-22,338,飞鸟和蝉,任然,,4:56,EB5F5AF3993F6537F2C70B959F2DCD6B,38339036,https://www.kugou.com/yy/rank/home/16-8888.html?from=rank
2026-08-22,2026-08-22T11:24:40+08:00,酷狗音乐,热歌榜,酷狗TOP500,2026-08-22,339,只若初见,张德伊玲,,3:24,0AC57BC59B96F7BF216744F93617FC8B,58285492,https://www.kugou.com/yy/rank/home/16-8888.html?from=rank
2026-08-22,2026-08-22T11:24:40+08:00,酷狗音乐,热歌榜,酷狗TOP500,2026-08-22,340,晨间新闻,蔡健雅,,3:50,09A4599755FAF50EACBA75F5153A9D92,965319,https://www.kugou.com/yy/rank/home/16-8888.html?from=rank
2026-08-22,2026-08-22T11:24:40+08:00,酷狗音乐,热歌榜,酷狗TOP500,2026-08-22,341,一样的月光,徐佳莹,,4:00,E470A579E87A5436E68FAA51AD18A379,972101,https://www.kugou.com/yy/rank/home/16-8888.html?from=rank
2026-08-22,2026-08-22T11:24:40+08:00,酷狗音乐,热歌榜,酷狗TOP500,2026-08-22,342,不分手的恋爱,汪苏泷,,3:26,543A6E13C527E52886E51BBF14191C8F,37376237,https://www.kugou.com/yy/rank/home/16-8888.html?from=rank
2026-08-22,2026-08-22T11:24:40+08:00,酷狗音乐,热歌榜,酷狗TOP500,2026-08-22,343,暧昧,薛之谦,,5:12,B3A4E466F13F44FA0B91FA4EB8E6DECA,7818079,https://www.kugou.com/yy/rank/home/16-8888.html?from=rank
2026-08-22,2026-08-22T11:24:40+08:00,酷狗音乐,热歌榜,酷狗TOP500,2026-08-22,344,一个人想着一个人,曾沛慈,,4:04,C9148675D85D3C2B306E966000BC5ABD,542900,https://www.kugou.com/yy/rank/home/16-8888.html?from=rank
2026-08-22,2026-08-22T11:24:40+08:00,酷狗音乐,热歌榜,酷狗TOP500,2026-08-22,345,无赖,郑中基,,4:04,1C8DCCD42F3FA29BB2878E20C90281E3,7547818,https://www.kugou.com/yy/rank/home/16-8888.html?from=rank
2026-08-22,2026-08-22T11:24:40+08:00,酷狗音乐,热歌榜,酷狗TOP500,2026-08-22,346,雀跃,任然、小来,,3:56,F928CB7A772F8A6214EEAEB21FA310D8,2820318,https://www.kugou.com/yy/rank/home/16-8888.html?from=rank
2026-08-22,2026-08-22T11:24:40+08:00,酷狗音乐,热歌榜,酷狗TOP500,2026-08-22,347,倒数,G.E.M. 邓紫棋,,3:49,65945C4D6FB03D7997AE133C9BE5715D,9373625,https://www.kugou.com/yy/rank/home/16-8888.html?from=rank
2026-08-22,2026-08-22T11:24:40+08:00,酷狗音乐,热歌榜,酷狗TOP500,2026-08-22,348,那些年,胡夏,,6:11,95A46E232F3F0CFFDA7811B7D9C8E6C4,542864,https://www.kugou.com/yy/rank/home/16-8888.html?from=rank
2026-08-22,2026-08-22T11:24:40+08:00,酷狗音乐,热歌榜,酷狗TOP500,2026-08-22,349,Letting Go,蔡健雅,,4:23,326CBB23BAA90062047512376AA406A4,978874,https://www.kugou.com/yy/rank/home/16-8888.html?from=rank
2026-08-22,2026-08-22T11:24:40+08:00,酷狗音乐,热歌榜,酷狗TOP500,2026-08-22,350,手放开,李圣杰,,4:25,022583751858F1E3558F32EC4ECF7DD5,959847,https://www.kugou.com/yy/rank/home/16-8888.html?from=rank
2026-08-22,2026-08-22T11:24:40+08:00,酷狗音乐,热歌榜,酷狗TOP500,2026-08-22,351,无名之辈,陈雪燃,,4:23,D08C3E2B2463AA9FC72D65AD6DA94E4E,24460217,https://www.kugou.com/yy/rank/home/16-8888.html?from=rank
2026-08-22,2026-08-22T11:24:40+08:00,酷狗音乐,热歌榜,酷狗TOP500,2026-08-22,352,遗失的心跳,萧亚轩,,3:37,54C1A6E877BB37D052A86D4C41604FE7,521727,https://www.kugou.com/yy/rank/home/16-8888.html?from=rank
2026-08-22,2026-08-22T11:24:40+08:00,酷狗音乐,热歌榜,酷狗TOP500,2026-08-22,353,陷阱,王北车,,4:41,2FA2217B2F80DFE16F0421E1EF42AEB3,8747471,https://www.kugou.com/yy/rank/home/17-8888.html?from=rank
2026-08-22,2026-08-22T11:24:40+08:00,酷狗音乐,热歌榜,酷狗TOP500,2026-08-22,354,红豆,王菲,,4:16,AEF916A18BAAE9C8E7807179C8DA64D1,960812,https://www.kugou.com/yy/rank/home/17-8888.html?from=rank
2026-08-22,2026-08-22T11:24:40+08:00,酷狗音乐,热歌榜,酷狗TOP500,2026-08-22,355,吴哥窟,吴雨霏,,3:43,DA247CAABD69D2AF6E71CC8399F490B2,964426,https://www.kugou.com/yy/rank/home/17-8888.html?from=rank
2026-08-22,2026-08-22T11:24:40+08:00,酷狗音乐,热歌榜,酷狗TOP500,2026-08-22,356,可能,程响,,3:37,38B234C1135A5E9A4C98D55C058A4894,57727291,https://www.kugou.com/yy/rank/home/17-8888.html?from=rank
2026-08-22,2026-08-22T11:24:40+08:00,酷狗音乐,热歌榜,酷狗TOP500,2026-08-22,357,孤雏,AGA,,4:53,8BB44BFFC9A9CFC06706D37DA52B617B,1821989,https://www.kugou.com/yy/rank/home/17-8888.html?from=rank
2026-08-22,2026-08-22T11:24:40+08:00,酷狗音乐,热歌榜,酷狗TOP500,2026-08-22,358,求你别离开我 (我不知为何疯狂为你执着),毒药,,5:05,B4263F2CB6A9F13697258291BDDF28EB,203227979,https://www.kugou.com/yy/rank/home/17-8888.html?from=rank
2026-08-22,2026-08-22T11:24:40+08:00,酷狗音乐,热歌榜,酷狗TOP500,2026-08-22,359,世界上的另一个我,阿肆、郭采洁,,3:58,73C0E5566146583A631C9A94203405D6,4255765,https://www.kugou.com/yy/rank/home/17-8888.html?from=rank
2026-08-22,2026-08-22T11:24:40+08:00,酷狗音乐,热歌榜,酷狗TOP500,2026-08-22,360,明天，你好,牛奶咖啡,,4:32,A9527F71F7149F13E1F78B23C25DD30B,967562,https://www.kugou.com/yy/rank/home/17-8888.html?from=rank
2026-08-22,2026-08-22T11:24:40+08:00,酷狗音乐,热歌榜,酷狗TOP500,2026-08-22,361,坠落,蔡健雅,,4:10,233254CB517BAA74387361C2158519DA,974379,https://www.kugou.com/yy/rank/home/17-8888.html?from=rank
2026-08-22,2026-08-22T11:24:40+08:00,酷狗音乐,热歌榜,酷狗TOP500,2026-08-22,362,听说当初你找过我,贺一航,,4:06,8853D5BDDDE97FEACFAF65371B68AD57,1969900,https://www.kugou.com/yy/rank/home/17-8888.html?from=rank
2026-08-22,2026-08-22T11:24:40+08:00,酷狗音乐,热歌榜,酷狗TOP500,2026-08-22,363,只为你着迷,李秉成,,4:01,C2F47FB042D8FE6A2B5265DFCF8919A5,11795396,https://www.kugou.com/yy/rank/home/17-8888.html?from=rank
2026-08-22,2026-08-22T11:24:40+08:00,酷狗音乐,热歌榜,酷狗TOP500,2026-08-22,364,天地龙鳞,王力宏,,3:17,DD83DC4A30C3A05D60FFCE6944FB441C,50749156,https://www.kugou.com/yy/rank/home/17-8888.html?from=rank
2026-08-22,2026-08-22T11:24:40+08:00,酷狗音乐,热歌榜,酷狗TOP500,2026-08-22,365,求佛,誓言,,4:46,7B7140B23A836DC6EE63B6CD48482402,7614,https://www.kugou.com/yy/rank/home/17-8888.html?from=rank
2026-08-22,2026-08-22T11:24:40+08:00,酷狗音乐,热歌榜,酷狗TOP500,2026-08-22,366,不要忘记我爱你,张碧晨,,3:45,C8EBD31EB4B28B4B845119637D90C58D,17022285,https://www.kugou.com/yy/rank/home/17-8888.html?from=rank
2026-08-22,2026-08-22T11:24:40+08:00,酷狗音乐,热歌榜,酷狗TOP500,2026-08-22,367,我太笨,锤娜丽莎,,4:25,A5D4F40382C0DF1A95A48A617793F03E,46432417,https://www.kugou.com/yy/rank/home/17-8888.html?from=rank
2026-08-22,2026-08-22T11:24:40+08:00,酷狗音乐,热歌榜,酷狗TOP500,2026-08-22,368,晚风定义,李沛恩、江衡,,3:43,BE1ED37101BF894FD38F2344323FD344,204016055,https://www.kugou.com/yy/rank/home/17-8888.html?from=rank
2026-08-22,2026-08-22T11:24:40+08:00,酷狗音乐,热歌榜,酷狗TOP500,2026-08-22,369,我曾像傻子一样爱你,老板,,4:03,85F18C8A9470C0BE7BD1D679ACFC6E21,171863030,https://www.kugou.com/yy/rank/home/17-8888.html?from=rank
2026-08-22,2026-08-22T11:24:40+08:00,酷狗音乐,热歌榜,酷狗TOP500,2026-08-22,370,千年泪,Tank,,4:20,44267017D31CE619BA68E358A233BA01,557277,https://www.kugou.com/yy/rank/home/17-8888.html?from=rank
2026-08-22,2026-08-22T11:24:40+08:00,酷狗音乐,热歌榜,酷狗TOP500,2026-08-22,371,刻在我心底的名字,卢广仲,,5:20,5CDCAAF9E7B91E94FD012589D00FDBEA,39020767,https://www.kugou.com/yy/rank/home/17-8888.html?from=rank
2026-08-22,2026-08-22T11:24:40+08:00,酷狗音乐,热歌榜,酷狗TOP500,2026-08-22,372,你的承诺,海鸣威,,3:53,B1996C2589FADECA9759A420E1EC3FE3,19347507,https://www.kugou.com/yy/rank/home/17-8888.html?from=rank
2026-08-22,2026-08-22T11:24:40+08:00,酷狗音乐,热歌榜,酷狗TOP500,2026-08-22,373,刚刚好,薛之谦,,4:11,956EEC514146039E6D6A16B30DD64A7B,1747549,https://www.kugou.com/yy/rank/home/17-8888.html?from=rank
2026-08-22,2026-08-22T11:24:40+08:00,酷狗音乐,热歌榜,酷狗TOP500,2026-08-22,374,晚风心里吹,阿梨粤,,3:07,DFFB8F6768AC5044881BB6DD11BDED53,55808898,https://www.kugou.com/yy/rank/home/17-8888.html?from=rank
2026-08-22,2026-08-22T11:24:40+08:00,酷狗音乐,热歌榜,酷狗TOP500,2026-08-22,375,这世界那么多人,莫文蔚,,4:46,8217FD6FE2973658781FB08DA4F8C4D6,44349469,https://www.kugou.com/yy/rank/home/18-8888.html?from=rank
2026-08-22,2026-08-22T11:24:40+08:00,酷狗音乐,热歌榜,酷狗TOP500,2026-08-22,376,遗留在岁月的曾经,曲木老表,,3:49,4C1A5D2BD02B857C72364B1416124256,167884062,https://www.kugou.com/yy/rank/home/18-8888.html?from=rank
2026-08-22,2026-08-22T11:24:40+08:00,酷狗音乐,热歌榜,酷狗TOP500,2026-08-22,377,大海,张雨生,,4:40,BF8252BEAE57AEB53490145CA8E81BB4,967705,https://www.kugou.com/yy/rank/home/18-8888.html?from=rank
2026-08-22,2026-08-22T11:24:40+08:00,酷狗音乐,热歌榜,酷狗TOP500,2026-08-22,378,倒带,蔡依林,,4:26,446507D2332BC3F263596363A97C6E95,976925,https://www.kugou.com/yy/rank/home/18-8888.html?from=rank
2026-08-22,2026-08-22T11:24:40+08:00,酷狗音乐,热歌榜,酷狗TOP500,2026-08-22,379,别说你还深深爱着我,婉婷、杨烬,,3:45,0938FF862C986F6A93B4A7657CAA1125,195023851,https://www.kugou.com/yy/rank/home/18-8888.html?from=rank
2026-08-22,2026-08-22T11:24:40+08:00,酷狗音乐,热歌榜,酷狗TOP500,2026-08-22,380,命运,家家,,3:51,B149A3BFD19481F91B9A652AA8EA21C1,959745,https://www.kugou.com/yy/rank/home/18-8888.html?from=rank
2026-08-22,2026-08-22T11:24:40+08:00,酷狗音乐,热歌榜,酷狗TOP500,2026-08-22,381,山风山风等等我 (对唱版),万海东、天雯,,3:29,43B0AEE07D3AAD4DFE80DAF34307F2DB,203008238,https://www.kugou.com/yy/rank/home/18-8888.html?from=rank
2026-08-22,2026-08-22T11:24:40+08:00,酷狗音乐,热歌榜,酷狗TOP500,2026-08-22,382,大城小爱,王力宏,,3:45,3EAF74E9E5065C03B050F356F0567311,2820176,https://www.kugou.com/yy/rank/home/18-8888.html?from=rank
2026-08-22,2026-08-22T11:24:40+08:00,酷狗音乐,热歌榜,酷狗TOP500,2026-08-22,383,三国恋,Tank,,4:06,1325E661C6044048943A8D7D417ED280,966742,https://www.kugou.com/yy/rank/home/18-8888.html?from=rank
2026-08-22,2026-08-22T11:24:40+08:00,酷狗音乐,热歌榜,酷狗TOP500,2026-08-22,384,我不配,周杰伦,,4:49,00CBE76AE7676D5D2A3D832D202C8FFD,979856,https://www.kugou.com/yy/rank/home/18-8888.html?from=rank
2026-08-22,2026-08-22T11:24:40+08:00,酷狗音乐,热歌榜,酷狗TOP500,2026-08-22,385,搀扶,马健涛,,5:28,D95AE3CC810BB62D28505AE1510C329F,130332417,https://www.kugou.com/yy/rank/home/18-8888.html?from=rank
2026-08-22,2026-08-22T11:24:40+08:00,酷狗音乐,热歌榜,酷狗TOP500,2026-08-22,386,爱我还是他,陶喆,,4:53,004A93C3A157D825B92A91EEB17DA36A,7547427,https://www.kugou.com/yy/rank/home/18-8888.html?from=rank
2026-08-22,2026-08-22T11:24:40+08:00,酷狗音乐,热歌榜,酷狗TOP500,2026-08-22,387,Call You Tonight,Whitney Houston,,4:10,3378039942BA822731531F34BACF9CA1,561454,https://www.kugou.com/yy/rank/home/18-8888.html?from=rank
2026-08-22,2026-08-22T11:24:40+08:00,酷狗音乐,热歌榜,酷狗TOP500,2026-08-22,388,多幸运,韩安旭,,4:09,CBAB4AB8D340C977AB800C1ED4D35ED9,555393,https://www.kugou.com/yy/rank/home/18-8888.html?from=rank
2026-08-22,2026-08-22T11:24:40+08:00,酷狗音乐,热歌榜,酷狗TOP500,2026-08-22,389,别想太多,心栖原野,,2:48,A8366A02D584B678C5555B7251E3157A,202304456,https://www.kugou.com/yy/rank/home/18-8888.html?from=rank
2026-08-22,2026-08-22T11:24:40+08:00,酷狗音乐,热歌榜,酷狗TOP500,2026-08-22,390,还魂门,胡彦斌,,4:16,9DFF2FBFA5D536C143F8EBC289E85F9D,1746982,https://www.kugou.com/yy/rank/home/18-8888.html?from=rank
2026-08-22,2026-08-22T11:24:40+08:00,酷狗音乐,热歌榜,酷狗TOP500,2026-08-22,391,句号,G.E.M. 邓紫棋,,3:56,0EC0DFE7A4090B3C5C2C1831D7F3ED51,35503028,https://www.kugou.com/yy/rank/home/18-8888.html?from=rank
2026-08-22,2026-08-22T11:24:40+08:00,酷狗音乐,热歌榜,酷狗TOP500,2026-08-22,392,容易受伤的女人,王菲,,4:21,C4BDD79D611789B65B368283D4DDAB0F,980244,https://www.kugou.com/yy/rank/home/18-8888.html?from=rank
2026-08-22,2026-08-22T11:24:40+08:00,酷狗音乐,热歌榜,酷狗TOP500,2026-08-22,393,忘了 (R&B版),老板,,3:25,ED716A31D379A8DCE6A97C79DEDE6342,189620670,https://www.kugou.com/yy/rank/home/18-8888.html?from=rank
2026-08-22,2026-08-22T11:24:40+08:00,酷狗音乐,热歌榜,酷狗TOP500,2026-08-22,394,迷人的危险,Dance Flow,,3:26,0F666EF632DB9404308219BE5AAE43B4,551560,https://www.kugou.com/yy/rank/home/18-8888.html?from=rank
2026-08-22,2026-08-22T11:24:40+08:00,酷狗音乐,热歌榜,酷狗TOP500,2026-08-22,395,初恋情人,刘小慧,,4:40,24BD04781E52FE8E7FAB2A6452D85320,532546,https://www.kugou.com/yy/rank/home/18-8888.html?from=rank
2026-08-22,2026-08-22T11:24:40+08:00,酷狗音乐,热歌榜,酷狗TOP500,2026-08-22,396,相思,毛阿敏,,3:02,FE1F0058EAC6B344D03DB2D0D4315EA1,967188,https://www.kugou.com/yy/rank/home/18-8888.html?from=rank
2026-08-22,2026-08-22T11:24:40+08:00,酷狗音乐,热歌榜,酷狗TOP500,2026-08-22,397,玫瑰花的葬礼,许嵩,,4:21,0A335E9374392B72E5965D8F6165E564,1968878,https://www.kugou.com/yy/rank/home/19-8888.html?from=rank
2026-08-22,2026-08-22T11:24:40+08:00,酷狗音乐,热歌榜,酷狗TOP500,2026-08-22,398,天下,张杰,,3:42,17B11C65674378CA43995537331E1D9C,38606351,https://www.kugou.com/yy/rank/home/19-8888.html?from=rank
2026-08-22,2026-08-22T11:24:40+08:00,酷狗音乐,热歌榜,酷狗TOP500,2026-08-22,399,美丽的神话,孙楠、韩红,,4:52,877281C8E094A848F022BCAAA76945CB,964166,https://www.kugou.com/yy/rank/home/19-8888.html?from=rank
2026-08-22,2026-08-22T11:24:40+08:00,酷狗音乐,热歌榜,酷狗TOP500,2026-08-22,400,那些你很冒险的梦,林俊杰,,4:05,468A823BD25A585841F4BC5ED3EF945B,977237,https://www.kugou.com/yy/rank/home/19-8888.html?from=rank
2026-08-22,2026-08-22T11:24:40+08:00,酷狗音乐,热歌榜,酷狗TOP500,2026-08-22,401,想你的夜,关喆,,4:25,1404A292A6E122C99696BDFF04CE982F,963737,https://www.kugou.com/yy/rank/home/19-8888.html?from=rank
2026-08-22,2026-08-22T11:24:40+08:00,酷狗音乐,热歌榜,酷狗TOP500,2026-08-22,402,离别开出花 (弹唱版),就是南方凯,,2:52,67911051D7E5B9B3343847D73BF883F5,81781305,https://www.kugou.com/yy/rank/home/19-8888.html?from=rank
2026-08-22,2026-08-22T11:24:40+08:00,酷狗音乐,热歌榜,酷狗TOP500,2026-08-22,403,寂寞沙洲冷,周传雄,,4:35,36A4F5EAA748324A5D509D8EDC47699F,984377,https://www.kugou.com/yy/rank/home/19-8888.html?from=rank
2026-08-22,2026-08-22T11:24:40+08:00,酷狗音乐,热歌榜,酷狗TOP500,2026-08-22,404,Баллада (民谣),Xcho、Мот,,3:02,0B2EC37A6E065AD181378AAD27391F8F,91468549,https://www.kugou.com/yy/rank/home/19-8888.html?from=rank
2026-08-22,2026-08-22T11:24:40+08:00,酷狗音乐,热歌榜,酷狗TOP500,2026-08-22,405,跨不过的距离,虎二,,4:31,FED5892036FBD176F6FEAE973C565E59,38209191,https://www.kugou.com/yy/rank/home/19-8888.html?from=rank
2026-08-22,2026-08-22T11:24:40+08:00,酷狗音乐,热歌榜,酷狗TOP500,2026-08-22,406,若今生无缘 (若今生已无缘),万海东,,3:40,E74F4CC22263126EDD4A721AD0D0D0A8,195038536,https://www.kugou.com/yy/rank/home/19-8888.html?from=rank
2026-08-22,2026-08-22T11:24:40+08:00,酷狗音乐,热歌榜,酷狗TOP500,2026-08-22,407,愿与愁,林俊杰,,3:52,4A2A7260442B0A5D5F17295F1DD7241B,71681690,https://www.kugou.com/yy/rank/home/19-8888.html?from=rank
2026-08-22,2026-08-22T11:24:40+08:00,酷狗音乐,热歌榜,酷狗TOP500,2026-08-22,408,手写的从前,周杰伦,,4:58,C1992BBF6FB5BB2BB86DECF657509FD3,962593,https://www.kugou.com/yy/rank/home/19-8888.html?from=rank
2026-08-22,2026-08-22T11:24:40+08:00,酷狗音乐,热歌榜,酷狗TOP500,2026-08-22,409,他不懂,张杰,,3:52,BA40D69184A05D7BCD335028C5C613BE,38606351,https://www.kugou.com/yy/rank/home/19-8888.html?from=rank
2026-08-22,2026-08-22T11:24:40+08:00,酷狗音乐,热歌榜,酷狗TOP500,2026-08-22,410,指纹,杜宣达,,4:00,EAF4CB91DA618DBEDC751F54B3B3620D,50057639,https://www.kugou.com/yy/rank/home/19-8888.html?from=rank
2026-08-22,2026-08-22T11:24:40+08:00,酷狗音乐,热歌榜,酷狗TOP500,2026-08-22,411,Dear John,比莉,,5:11,71951213A1C3C313DEEB017D3C9E77CC,2528933,https://www.kugou.com/yy/rank/home/19-8888.html?from=rank
2026-08-22,2026-08-22T11:24:40+08:00,酷狗音乐,热歌榜,酷狗TOP500,2026-08-22,412,左转灯 (1000 Times +1),派伟俊、mac ova seas,,3:17,E51ABAF534E7D2BA42DB5604421D4838,164658305,https://www.kugou.com/yy/rank/home/19-8888.html?from=rank
2026-08-22,2026-08-22T11:24:40+08:00,酷狗音乐,热歌榜,酷狗TOP500,2026-08-22,413,推开世界的门,杨乃文,,4:42,6B5A905C8904FD4A23D255DA1B5592C9,1803972,https://www.kugou.com/yy/rank/home/19-8888.html?from=rank
2026-08-22,2026-08-22T11:24:40+08:00,酷狗音乐,热歌榜,酷狗TOP500,2026-08-22,414,意外,薛之谦,,4:52,04E0EDE41EA3CCFF76C04F414E1D03A7,960327,https://www.kugou.com/yy/rank/home/19-8888.html?from=rank
2026-08-22,2026-08-22T11:24:40+08:00,酷狗音乐,热歌榜,酷狗TOP500,2026-08-22,415,处处吻,杨千嬅,,3:19,A0AEFE0227938F366FF4F9D4F0F6CBE5,971688,https://www.kugou.com/yy/rank/home/19-8888.html?from=rank
2026-08-22,2026-08-22T11:24:40+08:00,酷狗音乐,热歌榜,酷狗TOP500,2026-08-22,416,安和桥,宇西,,4:09,BFB6233E7687776800FDA3FD76EBFB41,13667444,https://www.kugou.com/yy/rank/home/19-8888.html?from=rank
2026-08-22,2026-08-22T11:24:40+08:00,酷狗音乐,热歌榜,酷狗TOP500,2026-08-22,417,相遇的意义 (烟嗓R&B版),落日微醺,,3:09,1DB50CE5AFC2AE239D1E0E68C8A21B1A,196504361,https://www.kugou.com/yy/rank/home/19-8888.html?from=rank
2026-08-22,2026-08-22T11:24:40+08:00,酷狗音乐,热歌榜,酷狗TOP500,2026-08-22,418,真夜中のドア/Stay With Me (深夜门扉/留在我身边)(シングルver.),松原みき,,4:34,1E1898733BB33FBEE0CD6EDAD4AC0DEB,9661475,https://www.kugou.com/yy/rank/home/19-8888.html?from=rank
2026-08-22,2026-08-22T11:24:40+08:00,酷狗音乐,热歌榜,酷狗TOP500,2026-08-22,419,悬溺,葛东琪,,3:17,666484E904A54B1E62C9FBFDBE6E2563,23773597,https://www.kugou.com/yy/rank/home/20-8888.html?from=rank
2026-08-22,2026-08-22T11:24:40+08:00,酷狗音乐,热歌榜,酷狗TOP500,2026-08-22,420,Because of You,Kelly Clarkson,,3:39,FED9A7BE6BC7D2FF3B8426ECEF34A2B6,1592158,https://www.kugou.com/yy/rank/home/20-8888.html?from=rank
2026-08-22,2026-08-22T11:24:40+08:00,酷狗音乐,热歌榜,酷狗TOP500,2026-08-22,421,是你没选我啊,音乐科代表洪嘉源,,3:07,65D611715B7CC7131E6629F5E1745544,172307133,https://www.kugou.com/yy/rank/home/20-8888.html?from=rank
2026-08-22,2026-08-22T11:24:40+08:00,酷狗音乐,热歌榜,酷狗TOP500,2026-08-22,422,远走高飞 (独唱版),金志文,,4:02,7196122D828128AF3173560B82528092,2139938,https://www.kugou.com/yy/rank/home/20-8888.html?from=rank
2026-08-22,2026-08-22T11:24:40+08:00,酷狗音乐,热歌榜,酷狗TOP500,2026-08-22,423,修炼爱情,林俊杰,,4:47,8748C12719DCA9F588B1118AC05F6BF8,972188,https://www.kugou.com/yy/rank/home/20-8888.html?from=rank
2026-08-22,2026-08-22T11:24:40+08:00,酷狗音乐,热歌榜,酷狗TOP500,2026-08-22,424,祈神怜,一颗狼星,,3:29,94CB7C464D6301E3DE112CFEFD869B81,202989642,https://www.kugou.com/yy/rank/home/20-8888.html?from=rank
2026-08-22,2026-08-22T11:24:40+08:00,酷狗音乐,热歌榜,酷狗TOP500,2026-08-22,425,选择失忆,季彦霖,,4:39,6ED5E6DAA2F1A97A2EA5B1113F469BA7,8441500,https://www.kugou.com/yy/rank/home/20-8888.html?from=rank
2026-08-22,2026-08-22T11:24:40+08:00,酷狗音乐,热歌榜,酷狗TOP500,2026-08-22,426,麦恩莉,方大同,,4:48,3A08C7B067EC2E9B552AB8664490FCEB,971920,https://www.kugou.com/yy/rank/home/20-8888.html?from=rank
2026-08-22,2026-08-22T11:24:40+08:00,酷狗音乐,热歌榜,酷狗TOP500,2026-08-22,427,一路生花,温奕心,,4:16,4F18553F2AF06E355AD75A5EE6173456,45305792,https://www.kugou.com/yy/rank/home/20-8888.html?from=rank
2026-08-22,2026-08-22T11:24:40+08:00,酷狗音乐,热歌榜,酷狗TOP500,2026-08-22,428,去年夏天,王大毛,,4:05,5CD03A78A74761494A39CADFAA832550,8542577,https://www.kugou.com/yy/rank/home/20-8888.html?from=rank
2026-08-22,2026-08-22T11:24:40+08:00,酷狗音乐,热歌榜,酷狗TOP500,2026-08-22,429,time machine (feat. aren park)(Original Mix),mj apanay、aren park,,3:46,6FC23D8694067908061BB145B6DFCB87,100264848,https://www.kugou.com/yy/rank/home/20-8888.html?from=rank
2026-08-22,2026-08-22T11:24:40+08:00,酷狗音乐,热歌榜,酷狗TOP500,2026-08-22,430,等,小阿七,,4:40,B30DF2435EAED52F6D2319DDE8905796,204041734,https://www.kugou.com/yy/rank/home/20-8888.html?from=rank
2026-08-22,2026-08-22T11:24:40+08:00,酷狗音乐,热歌榜,酷狗TOP500,2026-08-22,431,无憾 (港风女声版),林栖,,3:22,5E6F3A691F522C56417AF93B224D28A6,192152197,https://www.kugou.com/yy/rank/home/20-8888.html?from=rank
2026-08-22,2026-08-22T11:24:40+08:00,酷狗音乐,热歌榜,酷狗TOP500,2026-08-22,432,如果这就是爱情,张靓颖,,4:43,4E871DF1E2034CF6BAAD7B03D2386058,2597425,https://www.kugou.com/yy/rank/home/20-8888.html?from=rank
2026-08-22,2026-08-22T11:24:40+08:00,酷狗音乐,热歌榜,酷狗TOP500,2026-08-22,433,是非题,莫文蔚,,4:07,60431D272D830AC994DF2584BA56D196,973717,https://www.kugou.com/yy/rank/home/20-8888.html?from=rank
2026-08-22,2026-08-22T11:24:40+08:00,酷狗音乐,热歌榜,酷狗TOP500,2026-08-22,434,不如见一面,海来阿木,,4:08,A8CC7F0EA73DE4DE226B26C3F44DD563,80038154,https://www.kugou.com/yy/rank/home/20-8888.html?from=rank
2026-08-22,2026-08-22T11:24:40+08:00,酷狗音乐,热歌榜,酷狗TOP500,2026-08-22,435,一程山路,毛不易,,3:36,72F2E36F606EB3DACF2ACD9DE67FCBD3,34631159,https://www.kugou.com/yy/rank/home/20-8888.html?from=rank
2026-08-22,2026-08-22T11:24:40+08:00,酷狗音乐,热歌榜,酷狗TOP500,2026-08-22,436,读心术,卓文萱,,4:20,3F98A771F8F33556966A9990F66D95C4,965920,https://www.kugou.com/yy/rank/home/20-8888.html?from=rank
2026-08-22,2026-08-22T11:24:40+08:00,酷狗音乐,热歌榜,酷狗TOP500,2026-08-22,437,下雨天,南拳妈妈,,4:13,947127F991A6A4FF77C89779E6B25AF4,983794,https://www.kugou.com/yy/rank/home/20-8888.html?from=rank
2026-08-22,2026-08-22T11:24:40+08:00,酷狗音乐,热歌榜,酷狗TOP500,2026-08-22,438,小美满,周深,,3:34,04A21DB1AB3C8E0D1D8F51F11BDB03A1,83112420,https://www.kugou.com/yy/rank/home/20-8888.html?from=rank
2026-08-22,2026-08-22T11:24:40+08:00,酷狗音乐,热歌榜,酷狗TOP500,2026-08-22,439,逆风的船 (看那朝阳爬过了山峦),蓝波,,3:16,0FC1FA099A3F6984C1C1D4EC211D5A7B,199831134,https://www.kugou.com/yy/rank/home/20-8888.html?from=rank
2026-08-22,2026-08-22T11:24:40+08:00,酷狗音乐,热歌榜,酷狗TOP500,2026-08-22,440,匿名的好友,杨丞琳,,4:23,F9CE6B13B4C90B01B3C129FF11B11C87,2694607,https://www.kugou.com/yy/rank/home/20-8888.html?from=rank
2026-08-22,2026-08-22T11:24:40+08:00,酷狗音乐,热歌榜,酷狗TOP500,2026-08-22,441,西楼儿女,海来阿木,,4:18,84DA47460010F3D91E203F777233DAA4,62931439,https://www.kugou.com/yy/rank/home/21-8888.html?from=rank
2026-08-22,2026-08-22T11:24:40+08:00,酷狗音乐,热歌榜,酷狗TOP500,2026-08-22,442,今生啊 多相见,万仁,,3:44,AAE144B41CB32D4256E02C17CFEF0A29,172326826,https://www.kugou.com/yy/rank/home/21-8888.html?from=rank
2026-08-22,2026-08-22T11:24:40+08:00,酷狗音乐,热歌榜,酷狗TOP500,2026-08-22,443,莫忙,乡野低频,,3:00,CF77A3DEE3D707DD355FC0CA3F78FBE5,203395383,https://www.kugou.com/yy/rank/home/21-8888.html?from=rank
2026-08-22,2026-08-22T11:24:40+08:00,酷狗音乐,热歌榜,酷狗TOP500,2026-08-22,444,我试问天上仙 (微醺版),月落微醺,,3:16,BA27EE8E10ED1151FF04A525459F75AE,203114314,https://www.kugou.com/yy/rank/home/21-8888.html?from=rank
2026-08-22,2026-08-22T11:24:40+08:00,酷狗音乐,热歌榜,酷狗TOP500,2026-08-22,445,天若有情,A-Lin,,4:17,2E6CE4E79982AE2119A69C1D30537EA2,1805426,https://www.kugou.com/yy/rank/home/21-8888.html?from=rank
2026-08-22,2026-08-22T11:24:40+08:00,酷狗音乐,热歌榜,酷狗TOP500,2026-08-22,446,失眠 (浴室氛围版),卡司,,2:54,089157E174EF6293A4F794A5602971E6,201823719,https://www.kugou.com/yy/rank/home/21-8888.html?from=rank
2026-08-22,2026-08-22T11:24:40+08:00,酷狗音乐,热歌榜,酷狗TOP500,2026-08-22,447,女孩,韦礼安,,5:06,A0701AE5A100E543DE602E75C64A7424,1766500,https://www.kugou.com/yy/rank/home/21-8888.html?from=rank
2026-08-22,2026-08-22T11:24:40+08:00,酷狗音乐,热歌榜,酷狗TOP500,2026-08-22,448,Amani (女声版),落日微醺,,3:54,0E1705D85CE6D8BE87784DFA9C9A5624,194642479,https://www.kugou.com/yy/rank/home/21-8888.html?from=rank
2026-08-22,2026-08-22T11:24:40+08:00,酷狗音乐,热歌榜,酷狗TOP500,2026-08-22,449,没有你陪伴真的好孤单,梦然,,4:44,F79A2805CD0C8061FD2FB284B5F43300,901305,https://www.kugou.com/yy/rank/home/21-8888.html?from=rank
2026-08-22,2026-08-22T11:24:40+08:00,酷狗音乐,热歌榜,酷狗TOP500,2026-08-22,450,半岛铁盒,周杰伦,,5:19,67BA8A4A0681F2078BC423CB13B904B7,961807,https://www.kugou.com/yy/rank/home/21-8888.html?from=rank
2026-08-22,2026-08-22T11:24:40+08:00,酷狗音乐,热歌榜,酷狗TOP500,2026-08-22,451,嘉宾,张远,,5:34,96D0DEFE09DFE43C57EE9AC3B1EA408E,39699796,https://www.kugou.com/yy/rank/home/21-8888.html?from=rank
2026-08-22,2026-08-22T11:24:40+08:00,酷狗音乐,热歌榜,酷狗TOP500,2026-08-22,452,淋雨一直走,张韶涵,,3:25,A02F7D09CC7EA191B500834BB5686468,520379,https://www.kugou.com/yy/rank/home/21-8888.html?from=rank
2026-08-22,2026-08-22T11:24:40+08:00,酷狗音乐,热歌榜,酷狗TOP500,2026-08-22,453,Take me hand,DAISHI DANCE、Cécile Corbel,,4:21,C1E3B8E8DF80DCA158A8C17D40EA16ED,164789446,https://www.kugou.com/yy/rank/home/21-8888.html?from=rank
2026-08-22,2026-08-22T11:24:40+08:00,酷狗音乐,热歌榜,酷狗TOP500,2026-08-22,454,Love Story,Taylor Swift,,3:56,193B72D4456A4CC02A3DE7C673FC4E23,13721135,https://www.kugou.com/yy/rank/home/21-8888.html?from=rank
2026-08-22,2026-08-22T11:24:40+08:00,酷狗音乐,热歌榜,酷狗TOP500,2026-08-22,455,爱江山更爱美人,小阿枫,,3:57,0D520519BDFE1CE0071AF809BE4C9906,27763428,https://www.kugou.com/yy/rank/home/21-8888.html?from=rank
2026-08-22,2026-08-22T11:24:40+08:00,酷狗音乐,热歌榜,酷狗TOP500,2026-08-22,456,天黑黑,孙燕姿,,3:56,D4601C9FFEADB42961CE4E623FAFD279,973684,https://www.kugou.com/yy/rank/home/21-8888.html?from=rank
2026-08-22,2026-08-22T11:24:40+08:00,酷狗音乐,热歌榜,酷狗TOP500,2026-08-22,457,想,朱添泽,,3:55,1AB9EEEB9C77DA33EEF138B7B1E7691A,40646040,https://www.kugou.com/yy/rank/home/21-8888.html?from=rank
2026-08-22,2026-08-22T11:24:40+08:00,酷狗音乐,热歌榜,酷狗TOP500,2026-08-22,458,听说你,于冬然,,3:59,D74845DF9E5EB016BFC5FC86F639CA49,58983593,https://www.kugou.com/yy/rank/home/21-8888.html?from=rank
2026-08-22,2026-08-22T11:24:40+08:00,酷狗音乐,热歌榜,酷狗TOP500,2026-08-22,459,琵琶行,奇然、沈谧仁,,5:35,0AB355EF75A56A57E1790734B2E26ED9,2563381,https://www.kugou.com/yy/rank/home/21-8888.html?from=rank
2026-08-22,2026-08-22T11:24:40+08:00,酷狗音乐,热歌榜,酷狗TOP500,2026-08-22,460,你要的全拿走,胡彦斌,,4:59,489E4872BD06E51C969AE81748E78A10,8317330,https://www.kugou.com/yy/rank/home/21-8888.html?from=rank
2026-08-22,2026-08-22T11:24:40+08:00,酷狗音乐,热歌榜,酷狗TOP500,2026-08-22,461,你不知道的事,王力宏,,4:39,3722EE8644818A260FD8AF3A173D71C3,982128,https://www.kugou.com/yy/rank/home/21-8888.html?from=rank
2026-08-22,2026-08-22T11:24:40+08:00,酷狗音乐,热歌榜,酷狗TOP500,2026-08-22,462,Once upon a Time,Max Oazo、Moonessa,,3:26,04BF97D7F46445917D6AD69113C476EB,11637532,https://www.kugou.com/yy/rank/home/21-8888.html?from=rank
2026-08-22,2026-08-22T11:24:40+08:00,酷狗音乐,热歌榜,酷狗TOP500,2026-08-22,463,我在你身后,李飘飘,,3:02,807AA4CA90CE4586D6A4645B97CD9F94,38833495,https://www.kugou.com/yy/rank/home/22-8888.html?from=rank
2026-08-22,2026-08-22T11:24:40+08:00,酷狗音乐,热歌榜,酷狗TOP500,2026-08-22,464,别怕我伤心,张信哲,,4:47,976677A739F25908591FA822CB1F1DF3,538030,https://www.kugou.com/yy/rank/home/22-8888.html?from=rank
2026-08-22,2026-08-22T11:24:40+08:00,酷狗音乐,热歌榜,酷狗TOP500,2026-08-22,465,问情 (烟嗓良人Remix),大头钉团队,,4:16,A495E8DA73ED8EB8FC3CFAFE6F0CD48D,202389890,https://www.kugou.com/yy/rank/home/22-8888.html?from=rank
2026-08-22,2026-08-22T11:24:40+08:00,酷狗音乐,热歌榜,酷狗TOP500,2026-08-22,466,不是我不小心,祁隆,,4:41,B9A692ED0BADE530E5027832734A355F,203091135,https://www.kugou.com/yy/rank/home/22-8888.html?from=rank
2026-08-22,2026-08-22T11:24:40+08:00,酷狗音乐,热歌榜,酷狗TOP500,2026-08-22,467,不要问我好不好,温夏,,3:27,577C641D925F1FEAD72D3D69838BBDDC,185045821,https://www.kugou.com/yy/rank/home/22-8888.html?from=rank
2026-08-22,2026-08-22T11:24:40+08:00,酷狗音乐,热歌榜,酷狗TOP500,2026-08-22,468,静音恋人 (两颗缠绕的心),礼越,,3:26,61F7ABEFA41C847C8F237C68883027CA,183361126,https://www.kugou.com/yy/rank/home/22-8888.html?from=rank
2026-08-22,2026-08-22T11:24:40+08:00,酷狗音乐,热歌榜,酷狗TOP500,2026-08-22,469,你听得到,周杰伦,,3:50,D7F42691CB6134BA8AA247F0A1DBD060,966846,https://www.kugou.com/yy/rank/home/22-8888.html?from=rank
2026-08-22,2026-08-22T11:24:40+08:00,酷狗音乐,热歌榜,酷狗TOP500,2026-08-22,470,情迷游戏,伟歌歌,,3:42,5F64488C70D13F55B61B142A8B59745E,202856263,https://www.kugou.com/yy/rank/home/22-8888.html?from=rank
2026-08-22,2026-08-22T11:24:40+08:00,酷狗音乐,热歌榜,酷狗TOP500,2026-08-22,471,当爱在靠近,刘若英,,4:11,D988B9B4B769D979279D4AC9E84907F1,978209,https://www.kugou.com/yy/rank/home/22-8888.html?from=rank
2026-08-22,2026-08-22T11:24:40+08:00,酷狗音乐,热歌榜,酷狗TOP500,2026-08-22,472,爱在西元前,周杰伦,,3:54,66B756FB1331807B032EF97F7BA9948E,958706,https://www.kugou.com/yy/rank/home/22-8888.html?from=rank
2026-08-22,2026-08-22T11:24:40+08:00,酷狗音乐,热歌榜,酷狗TOP500,2026-08-22,473,格桑花 (等格桑花开),陳鴨梨Charlie,,2:56,2D2996556773EFA3AC9D1000950C1C71,161845535,https://www.kugou.com/yy/rank/home/22-8888.html?from=rank
2026-08-22,2026-08-22T11:24:40+08:00,酷狗音乐,热歌榜,酷狗TOP500,2026-08-22,474,喜欢,阿肆,,4:10,F4233033E11BEF5AECD3BD64528A8236,14167090,https://www.kugou.com/yy/rank/home/22-8888.html?from=rank
2026-08-22,2026-08-22T11:24:40+08:00,酷狗音乐,热歌榜,酷狗TOP500,2026-08-22,475,거짓말 (谎言),BIGBANG,,3:49,9E478E01993D6ADA88EDDF5B9E3C2CF9,536641,https://www.kugou.com/yy/rank/home/22-8888.html?from=rank
2026-08-22,2026-08-22T11:24:40+08:00,酷狗音乐,热歌榜,酷狗TOP500,2026-08-22,476,等一分钟,徐誉滕,,4:01,F2FFE4B0259D625BB5CB91DD39F246D4,7592656,https://www.kugou.com/yy/rank/home/22-8888.html?from=rank
2026-08-22,2026-08-22T11:24:40+08:00,酷狗音乐,热歌榜,酷狗TOP500,2026-08-22,477,潮湿的心 (微醺R&B版),落日微醺本薰,,4:46,CBCA745CB628BA968437CF282CAD1DC8,196786852,https://www.kugou.com/yy/rank/home/22-8888.html?from=rank
2026-08-22,2026-08-22T11:24:40+08:00,酷狗音乐,热歌榜,酷狗TOP500,2026-08-22,478,七月七日晴,许慧欣,,4:04,BF84417DB0D5DDC017B346C0885B47B4,959497,https://www.kugou.com/yy/rank/home/22-8888.html?from=rank
2026-08-22,2026-08-22T11:24:40+08:00,酷狗音乐,热歌榜,酷狗TOP500,2026-08-22,479,月亮照山川,窝窝,,3:18,B96C803232E044E3D6308EAE37ADDE1D,142338715,https://www.kugou.com/yy/rank/home/22-8888.html?from=rank
2026-08-22,2026-08-22T11:24:40+08:00,酷狗音乐,热歌榜,酷狗TOP500,2026-08-22,480,小幸运,田馥甄,,4:24,D9BAAC2681B355607895B2885F49DA37,550662,https://www.kugou.com/yy/rank/home/22-8888.html?from=rank
2026-08-22,2026-08-22T11:24:40+08:00,酷狗音乐,热歌榜,酷狗TOP500,2026-08-22,481,"Baby, Don't Cry (人鱼的眼泪)(Chinese Ver.)",EXO,,3:56,B692ED61ED4DDE69C50EB8B975D4E04D,22436133,https://www.kugou.com/yy/rank/home/22-8888.html?from=rank
2026-08-22,2026-08-22T11:24:40+08:00,酷狗音乐,热歌榜,酷狗TOP500,2026-08-22,482,一生不变,李克勤,,4:22,2BA3828EE871D24FAEA74DC86F7D8D30,558490,https://www.kugou.com/yy/rank/home/22-8888.html?from=rank
2026-08-22,2026-08-22T11:24:40+08:00,酷狗音乐,热歌榜,酷狗TOP500,2026-08-22,483,That Girl,Olly Murs,,2:57,B32C3C7FA2452E7338BFC6F2283FE8ED,1820815,https://www.kugou.com/yy/rank/home/22-8888.html?from=rank
2026-08-22,2026-08-22T11:24:40+08:00,酷狗音乐,热歌榜,酷狗TOP500,2026-08-22,484,咏春,七朵组合,,4:31,9C54B0CCA0581987E92560F11413E88F,8344834,https://www.kugou.com/yy/rank/home/22-8888.html?from=rank
2026-08-22,2026-08-22T11:24:40+08:00,酷狗音乐,热歌榜,酷狗TOP500,2026-08-22,485,九张机,叶炫清,,3:40,8D82C3340BACF5AA3C763C4910557316,2759902,https://www.kugou.com/yy/rank/home/23-8888.html?from=rank
2026-08-22,2026-08-22T11:24:40+08:00,酷狗音乐,热歌榜,酷狗TOP500,2026-08-22,486,NIGHT DANCER (夜中舞者),imase,,3:31,572C3807BF90891332ED77A72DB74272,59918395,https://www.kugou.com/yy/rank/home/23-8888.html?from=rank
2026-08-22,2026-08-22T11:24:40+08:00,酷狗音乐,热歌榜,酷狗TOP500,2026-08-22,487,写不完的温柔,G.E.M. 邓紫棋,,3:58,E0D4042F7D27F0C26E66F9695F467CA4,4414381,https://www.kugou.com/yy/rank/home/23-8888.html?from=rank
2026-08-22,2026-08-22T11:24:40+08:00,酷狗音乐,热歌榜,酷狗TOP500,2026-08-22,488,朋友的酒,李晓杰,,4:22,67D5EF87795797D3BFE6A8C21013F552,573413,https://www.kugou.com/yy/rank/home/23-8888.html?from=rank
2026-08-22,2026-08-22T11:24:40+08:00,酷狗音乐,热歌榜,酷狗TOP500,2026-08-22,489,我落泪情绪零碎,周杰伦,,4:18,27943EB1CBD46F7BB165B054CE6EBDC8,958812,https://www.kugou.com/yy/rank/home/23-8888.html?from=rank
2026-08-22,2026-08-22T11:24:40+08:00,酷狗音乐,热歌榜,酷狗TOP500,2026-08-22,490,够钟,周柏豪,,3:49,E4B3BF912E057F13097B0D81BE64D0CE,982092,https://www.kugou.com/yy/rank/home/23-8888.html?from=rank
2026-08-22,2026-08-22T11:24:40+08:00,酷狗音乐,热歌榜,酷狗TOP500,2026-08-22,491,有一种爱叫做放手,阿木,,4:24,8ACE2D4510E26FBDC4736055C5AE4B03,971509,https://www.kugou.com/yy/rank/home/23-8888.html?from=rank
2026-08-22,2026-08-22T11:24:40+08:00,酷狗音乐,热歌榜,酷狗TOP500,2026-08-22,492,暖一杯茶,邵帅,,4:03,26A9B8C6480C22BC4342F22CB897E760,23061596,https://www.kugou.com/yy/rank/home/23-8888.html?from=rank
2026-08-22,2026-08-22T11:24:40+08:00,酷狗音乐,热歌榜,酷狗TOP500,2026-08-22,493,Dehors (外面)(Single Version),Jordann,,3:15,3D6391A8A0FB81B62C68C6A4429F63FD,42153287,https://www.kugou.com/yy/rank/home/23-8888.html?from=rank
2026-08-22,2026-08-22T11:24:40+08:00,酷狗音乐,热歌榜,酷狗TOP500,2026-08-22,494,如果爱忘了 (Live),汪苏泷、单依纯,,4:05,50F260DC0A2E7203A1AB89E1937F3927,83718089,https://www.kugou.com/yy/rank/home/23-8888.html?from=rank
2026-08-22,2026-08-22T11:24:40+08:00,酷狗音乐,热歌榜,酷狗TOP500,2026-08-22,495,就让岁月开成一朵花,阿云朵,,5:19,AFEC70D28F29BB844F93D6BC3B8A5EE9,183681654,https://www.kugou.com/yy/rank/home/23-8888.html?from=rank
2026-08-22,2026-08-22T11:24:40+08:00,酷狗音乐,热歌榜,酷狗TOP500,2026-08-22,496,该死的温柔,马天宇,,3:45,44EEFA9AEE76F7116CC48121A178DA69,2590299,https://www.kugou.com/yy/rank/home/23-8888.html?from=rank
2026-08-22,2026-08-22T11:24:40+08:00,酷狗音乐,热歌榜,酷狗TOP500,2026-08-22,497,偏爱你一人,童珺,,3:20,C33EF12144DFC05B3A2D900D41FCCD88,172815154,https://www.kugou.com/yy/rank/home/23-8888.html?from=rank
2026-08-22,2026-08-22T11:24:40+08:00,酷狗音乐,热歌榜,酷狗TOP500,2026-08-22,498,锈,江辰,,3:42,999A93FD5D7B34A72831CE5CCCC3D0EE,130013955,https://www.kugou.com/yy/rank/home/23-8888.html?from=rank
2026-08-22,2026-08-22T11:24:40+08:00,酷狗音乐,热歌榜,酷狗TOP500,2026-08-22,499,胡广生,任素汐,,3:34,8C655F575EBB2414B53EFF0D2C13188D,12506106,https://www.kugou.com/yy/rank/home/23-8888.html?from=rank
2026-08-22,2026-08-22T11:24:40+08:00,酷狗音乐,热歌榜,酷狗TOP500,2026-08-22,500,突然想起你,萧亚轩,,3:54,7D31D9DC20F5A50B3D660C1A54434E1E,980330,https://www.kugou.com/yy/rank/home/23-8888.html?from=rank
2026-08-22,2026-08-22T11:24:40+08:00,酷狗音乐,飙升榜,酷狗飙升榜,2026-08-22,1,旧记忆,黄子韬、刘宇宁,,3:36,8AB257A09867EF0D32502CDAADA8C908,204180241,https://www.kugou.com/yy/rank/home/1-6666.html?from=rank
2026-08-22,2026-08-22T11:24:40+08:00,酷狗音乐,飙升榜,酷狗飙升榜,2026-08-22,2,Good night,和昕,,4:34,C95D04E29F796A8838728E49ADB2E020,105597983,https://www.kugou.com/yy/rank/home/1-6666.html?from=rank
2026-08-22,2026-08-22T11:24:40+08:00,酷狗音乐,飙升榜,酷狗飙升榜,2026-08-22,3,海屿你 (这回忆的漩涡),Roling7、Grimmmz,,4:50,17FFC5525F9FDE14E81B06C9E44B8C02,202301956,https://www.kugou.com/yy/rank/home/1-6666.html?from=rank
2026-08-22,2026-08-22T11:24:40+08:00,酷狗音乐,飙升榜,酷狗飙升榜,2026-08-22,4,梨花雨,黄龄、旷骏祥,,4:32,2E51C9825E3B14A42BEAA3226900CBA4,204120492,https://www.kugou.com/yy/rank/home/1-6666.html?from=rank
2026-08-22,2026-08-22T11:24:40+08:00,酷狗音乐,飙升榜,酷狗飙升榜,2026-08-22,5,夜阑卧听风,浅影阿、汐音社,,3:16,82CEE3E066FA6796E6ABDE07C39408BF,204375999,https://www.kugou.com/yy/rank/home/1-6666.html?from=rank
2026-08-22,2026-08-22T11:24:40+08:00,酷狗音乐,飙升榜,酷狗飙升榜,2026-08-22,6,请在我坠落前到来,TF家族、TF家族-官俊臣、TF家族-王烁然、TF家族-杨涵博、TF家族-张奕然、TF家族-聂玮辰、TF家族-魏子宸、TF家族-李煜东,,3:15,4D51E0F812BD6FD54A8A28B66347056E,203912347,https://www.kugou.com/yy/rank/home/1-6666.html?from=rank
2026-08-22,2026-08-22T11:24:40+08:00,酷狗音乐,飙升榜,酷狗飙升榜,2026-08-22,7,拯救我,檀健次,,3:37,A6DA2C7D6D96C2EE489F13FEC6303FD1,204189513,https://www.kugou.com/yy/rank/home/1-6666.html?from=rank
2026-08-22,2026-08-22T11:24:40+08:00,酷狗音乐,飙升榜,酷狗飙升榜,2026-08-22,8,死了都要爱 (女生版),高高在这呢,,4:16,D5A14B30284A31E8EFF3FA61C523D302,203986497,https://www.kugou.com/yy/rank/home/1-6666.html?from=rank
2026-08-22,2026-08-22T11:24:40+08:00,酷狗音乐,飙升榜,酷狗飙升榜,2026-08-22,9,如果累了就回故乡,鱼精,,3:10,A2895D0C5CEDDC7AC57DCC32AA11CB4F,203339346,https://www.kugou.com/yy/rank/home/1-6666.html?from=rank
2026-08-22,2026-08-22T11:24:40+08:00,酷狗音乐,飙升榜,酷狗飙升榜,2026-08-22,10,曲终人散,付豪,,4:20,B92D51D1185B675FC1B2D3B21D873855,204376131,https://www.kugou.com/yy/rank/home/1-6666.html?from=rank
2026-08-22,2026-08-22T11:24:40+08:00,酷狗音乐,飙升榜,酷狗飙升榜,2026-08-22,11,以朋友的身份,王铮亮,,3:36,72C877D72D059FA46C54F98E3B4F7118,204290692,https://www.kugou.com/yy/rank/home/1-6666.html?from=rank
2026-08-22,2026-08-22T11:24:40+08:00,酷狗音乐,飙升榜,酷狗飙升榜,2026-08-22,12,人在世上讨三餐,黄文文,,3:07,DCF9564B8F44E72597493F337F72FB76,204245807,https://www.kugou.com/yy/rank/home/1-6666.html?from=rank
2026-08-22,2026-08-22T11:24:40+08:00,酷狗音乐,飙升榜,酷狗飙升榜,2026-08-22,13,时光你等等我,郭芊彤,,4:19,35752B1309268B40355A1CEE7821EDEE,201198246,https://www.kugou.com/yy/rank/home/1-6666.html?from=rank
2026-08-22,2026-08-22T11:24:40+08:00,酷狗音乐,飙升榜,酷狗飙升榜,2026-08-22,14,失落Tonight,邹沛沛、蟹饱王er,,3:16,C614A951150C37A72307DA7AF69A82A4,204298957,https://www.kugou.com/yy/rank/home/1-6666.html?from=rank
2026-08-22,2026-08-22T11:24:40+08:00,酷狗音乐,飙升榜,酷狗飙升榜,2026-08-22,15,passion (Speed Up),silent anthem、heart embrace,,2:06,DBB19B339D0787EE5CF39165E7D65FE0,107508992,https://www.kugou.com/yy/rank/home/1-6666.html?from=rank
2026-08-22,2026-08-22T11:24:40+08:00,酷狗音乐,飙升榜,酷狗飙升榜,2026-08-22,16,俗梦 (中韩合唱版),金南玲,,3:20,A1BA83F533189F74FC52C9A3AE988CED,138937896,https://www.kugou.com/yy/rank/home/1-6666.html?from=rank
2026-08-22,2026-08-22T11:24:40+08:00,酷狗音乐,飙升榜,酷狗飙升榜,2026-08-22,17,有个院子的小家,宋盐球,,3:21,DE31288E74443A5F50D75C34BB85A46D,203347333,https://www.kugou.com/yy/rank/home/1-6666.html?from=rank
2026-08-22,2026-08-22T11:24:40+08:00,酷狗音乐,飙升榜,酷狗飙升榜,2026-08-22,18,Honey July (亲爱的七月),Voidar,,2:45,03D900CCB9CBCD6BFEFB4D4D68B12505,203406670,https://www.kugou.com/yy/rank/home/1-6666.html?from=rank
2026-08-22,2026-08-22T11:24:40+08:00,酷狗音乐,飙升榜,酷狗飙升榜,2026-08-22,19,明明爱你却不能说,杨不乖,,3:16,552B2096A0930C67B1AC5E319EB64198,204337037,https://www.kugou.com/yy/rank/home/1-6666.html?from=rank
2026-08-22,2026-08-22T11:24:40+08:00,酷狗音乐,飙升榜,酷狗飙升榜,2026-08-22,20,大风在刮大雪在下,万海东、魏佳艺,,3:23,8DA3B40C7205F75B4E1EEC3C8EDDBD3A,203906230,https://www.kugou.com/yy/rank/home/1-6666.html?from=rank
2026-08-22,2026-08-22T11:24:40+08:00,酷狗音乐,飙升榜,酷狗飙升榜,2026-08-22,21,儿时的村落,宋盐球,,3:02,44798CB88C8F0C0467AD6C71984AD4CA,204334040,https://www.kugou.com/yy/rank/home/1-6666.html?from=rank
2026-08-22,2026-08-22T11:24:40+08:00,酷狗音乐,飙升榜,酷狗飙升榜,2026-08-22,22,特别特别想你,刘念念,,3:07,524F6F885B81EB9708C021BECC6DD3CF,201196152,https://www.kugou.com/yy/rank/home/1-6666.html?from=rank
2026-08-22,2026-08-22T11:24:40+08:00,酷狗音乐,飙升榜,酷狗飙升榜,2026-08-22,23,后来我懂得了人微言轻,早晚晚,,2:47,70A4733C9047A7876CDA214D4CE3BEAE,178802754,https://www.kugou.com/yy/rank/home/2-6666.html?from=rank
2026-08-22,2026-08-22T11:24:40+08:00,酷狗音乐,飙升榜,酷狗飙升榜,2026-08-22,24,定罪,鱼蛋,,3:58,AF2E16E281C76459F59A6BEF6D358EFB,204314481,https://www.kugou.com/yy/rank/home/2-6666.html?from=rank
2026-08-22,2026-08-22T11:24:40+08:00,酷狗音乐,飙升榜,酷狗飙升榜,2026-08-22,25,一晃又一秋,任夏,,3:23,D8AED64AF99200F5635D3CED810F5EF3,204368289,https://www.kugou.com/yy/rank/home/2-6666.html?from=rank
2026-08-22,2026-08-22T11:24:40+08:00,酷狗音乐,飙升榜,酷狗飙升榜,2026-08-22,26,路过晴朗,汪苏泷,,4:45,5EDEF1C4FFA3BA4B6E301891752EAD03,204209530,https://www.kugou.com/yy/rank/home/2-6666.html?from=rank
2026-08-22,2026-08-22T11:24:40+08:00,酷狗音乐,飙升榜,酷狗飙升榜,2026-08-22,27,猜想人类世界,甜小田,,4:45,BED762610824BB24CAE5B60B8EDB29E2,178269757,https://www.kugou.com/yy/rank/home/2-6666.html?from=rank
2026-08-22,2026-08-22T11:24:40+08:00,酷狗音乐,飙升榜,酷狗飙升榜,2026-08-22,28,就别想那么多 (踏马自在活),戎大姨,,2:48,ECD33B39D88008A61C7CD732F23AF8DC,202625079,https://www.kugou.com/yy/rank/home/2-6666.html?from=rank
2026-08-22,2026-08-22T11:24:40+08:00,酷狗音乐,飙升榜,酷狗飙升榜,2026-08-22,29,想见的人再也见不到,张津涤,,3:33,B5E1E3BE45253A66703B7B84E0DE2E17,204313943,https://www.kugou.com/yy/rank/home/2-6666.html?from=rank
2026-08-22,2026-08-22T11:24:40+08:00,酷狗音乐,飙升榜,酷狗飙升榜,2026-08-22,30,青山可怜遮不住,DJ铁柱,,3:09,0460967F1773DA9A3344EA2AE5CB23F8,202992713,https://www.kugou.com/yy/rank/home/2-6666.html?from=rank
2026-08-22,2026-08-22T11:24:40+08:00,酷狗音乐,飙升榜,酷狗飙升榜,2026-08-22,31,就在那个转角,王一佳,,3:59,7B14851F373C3A1E48BF02B05F9C7A22,175109018,https://www.kugou.com/yy/rank/home/2-6666.html?from=rank
2026-08-22,2026-08-22T11:24:40+08:00,酷狗音乐,飙升榜,酷狗飙升榜,2026-08-22,32,只羡鸳鸯不羡仙 (紫霞语录版),小作坊下料就是猛,,2:04,3521265ED61B16E301CB186FE103D6FC,202168513,https://www.kugou.com/yy/rank/home/2-6666.html?from=rank
2026-08-22,2026-08-22T11:24:40+08:00,酷狗音乐,飙升榜,酷狗飙升榜,2026-08-22,33,Dandelion Dream (蒲公英之梦),GFY1994,,2:50,E5DF228EC6EFD8B24345D67C6F69203F,202422059,https://www.kugou.com/yy/rank/home/2-6666.html?from=rank
2026-08-22,2026-08-22T11:24:40+08:00,酷狗音乐,飙升榜,酷狗飙升榜,2026-08-22,34,假如你舍一滴泪 (降调版),晴卿,,3:34,CA6FC785899E3233907F00228D0F7619,190168358,https://www.kugou.com/yy/rank/home/2-6666.html?from=rank
2026-08-22,2026-08-22T11:24:40+08:00,酷狗音乐,飙升榜,酷狗飙升榜,2026-08-22,35,SPARK TO FIRE 星火成焰,TOP登陆少年组合,,3:26,8537D0F9B7A15DE88903B77FC745F3F6,203560435,https://www.kugou.com/yy/rank/home/2-6666.html?from=rank
2026-08-22,2026-08-22T11:24:40+08:00,酷狗音乐,飙升榜,酷狗飙升榜,2026-08-22,36,我不配你要的,PAX,,3:26,F9A575A401E2223709FB755CA1260243,69391651,https://www.kugou.com/yy/rank/home/2-6666.html?from=rank
2026-08-22,2026-08-22T11:24:40+08:00,酷狗音乐,飙升榜,酷狗飙升榜,2026-08-22,37,余生离你十万八千里 (律动版),洋澜一,,2:56,C35A4C5FCE25695C1115937EE16B6CCF,204318109,https://www.kugou.com/yy/rank/home/2-6666.html?from=rank
2026-08-22,2026-08-22T11:24:40+08:00,酷狗音乐,飙升榜,酷狗飙升榜,2026-08-22,38,见一面少一面 (朝鲜语版),吴萌宝,,4:04,0B70B212FE1CCCEF585DDF3AA1161AEA,177249309,https://www.kugou.com/yy/rank/home/2-6666.html?from=rank
2026-08-22,2026-08-22T11:24:40+08:00,酷狗音乐,飙升榜,酷狗飙升榜,2026-08-22,39,情迷游戏,伟歌歌,,3:42,5F64488C70D13F55B61B142A8B59745E,202856263,https://www.kugou.com/yy/rank/home/2-6666.html?from=rank
2026-08-22,2026-08-22T11:24:40+08:00,酷狗音乐,飙升榜,酷狗飙升榜,2026-08-22,40,失控 (1.1X氛围版),井迪,,2:02,8994CDB97E52064A92C86DF71F89EED5,137302611,https://www.kugou.com/yy/rank/home/2-6666.html?from=rank
2026-08-22,2026-08-22T11:24:40+08:00,酷狗音乐,飙升榜,酷狗飙升榜,2026-08-22,41,从前有座饽饽山,Grimmmz、DJ烬羽,,2:10,ABE04434BBA0E40A02FDF86905674E11,202981347,https://www.kugou.com/yy/rank/home/2-6666.html?from=rank
2026-08-22,2026-08-22T11:24:40+08:00,酷狗音乐,飙升榜,酷狗飙升榜,2026-08-22,42,时间倒转,陈默之,,3:35,797D747117254374BAA9316B4027270B,204285417,https://www.kugou.com/yy/rank/home/2-6666.html?from=rank
2026-08-22,2026-08-22T11:24:40+08:00,酷狗音乐,飙升榜,酷狗飙升榜,2026-08-22,43,不落的晚霞,齐旦布,,4:13,C478597F93661AED67B44F51CC23BDD5,204312485,https://www.kugou.com/yy/rank/home/2-6666.html?from=rank
2026-08-22,2026-08-22T11:24:40+08:00,酷狗音乐,飙升榜,酷狗飙升榜,2026-08-22,44,拉扯的思绪,小雪,,4:57,BE4D009F0271C8A1915CB499F7F73093,203071803,https://www.kugou.com/yy/rank/home/2-6666.html?from=rank
2026-08-22,2026-08-22T11:24:40+08:00,酷狗音乐,飙升榜,酷狗飙升榜,2026-08-22,45,我与孤独把酒 (用因果看世界),草原兄弟,,3:01,642270ACB4F24553CC918C0EA9FE29A3,204338481,https://www.kugou.com/yy/rank/home/3-6666.html?from=rank
2026-08-22,2026-08-22T11:24:40+08:00,酷狗音乐,飙升榜,酷狗飙升榜,2026-08-22,46,你不该权衡利弊,李婷雪,,3:49,B4EE7D20EADA2A043636B4E560663F29,203889405,https://www.kugou.com/yy/rank/home/3-6666.html?from=rank
2026-08-22,2026-08-22T11:24:40+08:00,酷狗音乐,飙升榜,酷狗飙升榜,2026-08-22,47,Fallen (秋日-凋零),Klinn,,2:33,9ADAB74FFBE0763AFFEDA507FAD34307,203112700,https://www.kugou.com/yy/rank/home/3-6666.html?from=rank
2026-08-22,2026-08-22T11:24:40+08:00,酷狗音乐,飙升榜,酷狗飙升榜,2026-08-22,48,你是我握不住的沙,戎大姨,,3:44,D23A046F31783B8FCD70D109B0605D5E,201901951,https://www.kugou.com/yy/rank/home/3-6666.html?from=rank
2026-08-22,2026-08-22T11:24:40+08:00,酷狗音乐,飙升榜,酷狗飙升榜,2026-08-22,49,刚开始你还略带着风度 (氛围版),愿望讲给我听,,3:33,5E61DE1848D5E54CB0CE163AF58988C3,202592091,https://www.kugou.com/yy/rank/home/3-6666.html?from=rank
2026-08-22,2026-08-22T11:24:40+08:00,酷狗音乐,飙升榜,酷狗飙升榜,2026-08-22,50,爱唉唉,一只白羊,,3:07,0FA9D5F726EA92BB9A2D6D870578B69C,204334792,https://www.kugou.com/yy/rank/home/3-6666.html?from=rank
2026-08-22,2026-08-22T11:24:40+08:00,酷狗音乐,飙升榜,酷狗飙升榜,2026-08-22,51,我们的纪念 (说唱版),于春洋、歪歪超,,3:23,1D3C4F6C62BA1E473C696CEB6212C277,150514484,https://www.kugou.com/yy/rank/home/3-6666.html?from=rank
2026-08-22,2026-08-22T11:24:40+08:00,酷狗音乐,飙升榜,酷狗飙升榜,2026-08-22,52,深爱过的人怎么放手 (烟嗓男版),烟嗓别针plus,,3:37,CE6BC4E431571292FAE17F56BD590005,200096523,https://www.kugou.com/yy/rank/home/3-6666.html?from=rank
2026-08-22,2026-08-22T11:24:40+08:00,酷狗音乐,飙升榜,酷狗飙升榜,2026-08-22,53,这一生相见太晚,那个老头,,3:14,338BBED0D5D835F464A0E9CAF4CCA21C,201690351,https://www.kugou.com/yy/rank/home/3-6666.html?from=rank
2026-08-22,2026-08-22T11:24:40+08:00,酷狗音乐,飙升榜,酷狗飙升榜,2026-08-22,54,糊涂小神仙,乌兰托娅,,3:40,00D73143BA7B948C466C46507C176791,204294069,https://www.kugou.com/yy/rank/home/3-6666.html?from=rank
2026-08-22,2026-08-22T11:24:40+08:00,酷狗音乐,飙升榜,酷狗飙升榜,2026-08-22,55,吞没,陆杰awr,,2:46,F3593DB581159B49303EF9FE119D8988,204310576,https://www.kugou.com/yy/rank/home/3-6666.html?from=rank
2026-08-22,2026-08-22T11:24:40+08:00,酷狗音乐,飙升榜,酷狗飙升榜,2026-08-22,56,爱像肉包子打狗,烟嗓船长,,3:17,03F8F09BFF6537B5E1D99AD40EC0BEA9,204348193,https://www.kugou.com/yy/rank/home/3-6666.html?from=rank
2026-08-22,2026-08-22T11:24:40+08:00,酷狗音乐,飙升榜,酷狗飙升榜,2026-08-22,57,半生风雪半生你,生命树下,,3:23,0AE31C69B176B63116CCF3F94AA378E2,173341681,https://www.kugou.com/yy/rank/home/3-6666.html?from=rank
2026-08-22,2026-08-22T11:24:40+08:00,酷狗音乐,飙升榜,酷狗飙升榜,2026-08-22,58,真心最怕错付人 (合唱版),赵洋、丁小婉、鸟叔,,3:59,23E8E2704A5395A35F0C85FD4A5BEAFD,204293031,https://www.kugou.com/yy/rank/home/3-6666.html?from=rank
2026-08-22,2026-08-22T11:24:40+08:00,酷狗音乐,飙升榜,酷狗飙升榜,2026-08-22,59,好累好想哭 (男版),刘书云,,3:46,7B060D8F33A8BF389D977FF445D1AE70,204263372,https://www.kugou.com/yy/rank/home/3-6666.html?from=rank
2026-08-22,2026-08-22T11:24:40+08:00,酷狗音乐,飙升榜,酷狗飙升榜,2026-08-22,60,羡慕风羡慕雨 (律动版),怪阿姨,,3:21,3342B2C02182D199FFD4750A9450D4CF,199259364,https://www.kugou.com/yy/rank/home/3-6666.html?from=rank
2026-08-22,2026-08-22T11:24:40+08:00,酷狗音乐,飙升榜,酷狗飙升榜,2026-08-22,61,我在天涯你在海角 (痴情对唱版),怪阿姨、白领大叔,,3:40,7FDEA90C2EDDAF4A8BD5ACEBA9CE65D0,200179816,https://www.kugou.com/yy/rank/home/3-6666.html?from=rank
2026-08-22,2026-08-22T11:24:40+08:00,酷狗音乐,飙升榜,酷狗飙升榜,2026-08-22,62,半生风雪半生伤,烟嗓船长、静心,,3:04,380606AA915DE61101EBD1A8E5404FE4,199479729,https://www.kugou.com/yy/rank/home/3-6666.html?from=rank
2026-08-22,2026-08-22T11:24:40+08:00,酷狗音乐,飙升榜,酷狗飙升榜,2026-08-22,63,算我输,承桓,,3:47,84EA24C6590F76D6EB65074EA9054878,203560483,https://www.kugou.com/yy/rank/home/3-6666.html?from=rank
2026-08-22,2026-08-22T11:24:40+08:00,酷狗音乐,飙升榜,酷狗飙升榜,2026-08-22,64,请你忘掉我的模样,郑大钱,,3:35,F39E68F91844A52F9DDDDB6D081A2105,146618386,https://www.kugou.com/yy/rank/home/3-6666.html?from=rank
2026-08-22,2026-08-22T11:24:40+08:00,酷狗音乐,飙升榜,酷狗飙升榜,2026-08-22,65,难寄相思,刘君,,3:31,29AE474BE2FE43E1815269FE89BDB12E,170711383,https://www.kugou.com/yy/rank/home/3-6666.html?from=rank
2026-08-22,2026-08-22T11:24:40+08:00,酷狗音乐,飙升榜,酷狗飙升榜,2026-08-22,66,我能动心也能收心,沧桑小杰office,,3:22,17EFD7AFA3C5A047178719DB1BD32F27,202360970,https://www.kugou.com/yy/rank/home/3-6666.html?from=rank
2026-08-22,2026-08-22T11:24:40+08:00,酷狗音乐,飙升榜,酷狗飙升榜,2026-08-22,67,Found You!,Chris James,,2:25,8A5DD42EA55F95C214D5B4A556D38C05,204346450,https://www.kugou.com/yy/rank/home/4-6666.html?from=rank
2026-08-22,2026-08-22T11:24:40+08:00,酷狗音乐,飙升榜,酷狗飙升榜,2026-08-22,68,拆穿 (拼好歌),DJ盒子,,2:10,7E3950C5BCB161436A29C178C63EED01,202905697,https://www.kugou.com/yy/rank/home/4-6666.html?from=rank
2026-08-22,2026-08-22T11:24:40+08:00,酷狗音乐,飙升榜,酷狗飙升榜,2026-08-22,69,Summer Reset,ZenTide,,3:33,2B16169C6FBB7A534ABDA008A02FF4A1,201229106,https://www.kugou.com/yy/rank/home/4-6666.html?from=rank
2026-08-22,2026-08-22T11:24:40+08:00,酷狗音乐,飙升榜,酷狗飙升榜,2026-08-22,70,回望半生太多的伤 (律动版),万海东,,3:08,7FB1DA925972CC655410246494EDD788,194040021,https://www.kugou.com/yy/rank/home/4-6666.html?from=rank
2026-08-22,2026-08-22T11:24:40+08:00,酷狗音乐,飙升榜,酷狗飙升榜,2026-08-22,71,该然了 (该然了战歌),奶油泡芙,,3:00,D361ABEA3CA3EDBB30FCEF8C9B132818,203238852,https://www.kugou.com/yy/rank/home/4-6666.html?from=rank
2026-08-22,2026-08-22T11:24:40+08:00,酷狗音乐,飙升榜,酷狗飙升榜,2026-08-22,72,离不开你 (微醺版),落日微醺本薰、张多金,,4:28,5A236AE8218A0A3E24F33A7E4287484E,203696201,https://www.kugou.com/yy/rank/home/4-6666.html?from=rank
2026-08-22,2026-08-22T11:24:40+08:00,酷狗音乐,飙升榜,酷狗飙升榜,2026-08-22,73,爱到最后 (全凭良心),马上,,3:19,AF261CBC0CC4E84E95ADC168161DAA49,204099164,https://www.kugou.com/yy/rank/home/4-6666.html?from=rank
2026-08-22,2026-08-22T11:24:40+08:00,酷狗音乐,飙升榜,酷狗飙升榜,2026-08-22,74,九妹 DJ劲爆版,大凡,,2:38,AAE7750EDD45FDBAC0EB6A721FA104F7,175329847,https://www.kugou.com/yy/rank/home/4-6666.html?from=rank
2026-08-22,2026-08-22T11:24:40+08:00,酷狗音乐,飙升榜,酷狗飙升榜,2026-08-22,75,何必给我温柔又绝情,田妤,,3:43,CCF95683CF41FAD6DA579B98148267AC,201234123,https://www.kugou.com/yy/rank/home/4-6666.html?from=rank
2026-08-22,2026-08-22T11:24:40+08:00,酷狗音乐,飙升榜,酷狗飙升榜,2026-08-22,76,离家的船,魏三,,3:49,CF14E24A55CC5183B755CDCB9D88317E,204277580,https://www.kugou.com/yy/rank/home/4-6666.html?from=rank
2026-08-22,2026-08-22T11:24:40+08:00,酷狗音乐,飙升榜,酷狗飙升榜,2026-08-22,77,甲乙丙丁 (你我怎么两清)(Live),张碧晨、侯明昊,,4:00,5786B3CB9FB1174FF6E5013AA5BCF6DE,204492749,https://www.kugou.com/yy/rank/home/4-6666.html?from=rank
2026-08-22,2026-08-22T11:24:40+08:00,酷狗音乐,飙升榜,酷狗飙升榜,2026-08-22,78,负我不负她 (对唱版),怪阿姨、白领大叔,,4:11,4A5D4B782F2DB2757935EE683D93DAB8,198901508,https://www.kugou.com/yy/rank/home/4-6666.html?from=rank
2026-08-22,2026-08-22T11:24:40+08:00,酷狗音乐,飙升榜,酷狗飙升榜,2026-08-22,79,Empty,Sasha Alex Sloan,,2:41,6B234B61E0825C669FC7416BC669BE23,204340275,https://www.kugou.com/yy/rank/home/4-6666.html?from=rank
2026-08-22,2026-08-22T11:24:40+08:00,酷狗音乐,飙升榜,酷狗飙升榜,2026-08-22,80,奉陪,乔佳旭,,4:05,6276943FEDED2F49195B7570DF7D758A,204355347,https://www.kugou.com/yy/rank/home/4-6666.html?from=rank
2026-08-22,2026-08-22T11:24:40+08:00,酷狗音乐,飙升榜,酷狗飙升榜,2026-08-22,81,星星点灯 (女烟嗓版),正在进行石女士,,3:15,6B838752944BA6F13A3166EE2ACBFF86,203258799,https://www.kugou.com/yy/rank/home/4-6666.html?from=rank
2026-08-22,2026-08-22T11:24:40+08:00,酷狗音乐,飙升榜,酷狗飙升榜,2026-08-22,82,不知哪位良人,指尖笑,,3:00,0BCD853607A83BEC02F58C081C244AE8,81372732,https://www.kugou.com/yy/rank/home/4-6666.html?from=rank
2026-08-22,2026-08-22T11:24:40+08:00,酷狗音乐,飙升榜,酷狗飙升榜,2026-08-22,83,我们好像在哪见过,叶蓓、杨宗纬,,3:19,2881C7ED4E5C66C3BDF2AE19316CFC66,529276,https://www.kugou.com/yy/rank/home/4-6666.html?from=rank
2026-08-22,2026-08-22T11:24:40+08:00,酷狗音乐,飙升榜,酷狗飙升榜,2026-08-22,84,菩提树下我为你流泪,铃小花,,2:40,65F6501868D8B30C24CABD25B36BDDAD,178028527,https://www.kugou.com/yy/rank/home/4-6666.html?from=rank
2026-08-22,2026-08-22T11:24:40+08:00,酷狗音乐,飙升榜,酷狗飙升榜,2026-08-22,85,Outside the Mountain,鸣潮先约电台、xBay、GONG,,4:12,F94259AEDF873F866D63C6C45B0D975F,204061654,https://www.kugou.com/yy/rank/home/4-6666.html?from=rank
2026-08-22,2026-08-22T11:24:40+08:00,酷狗音乐,飙升榜,酷狗飙升榜,2026-08-22,86,一念成魔,萌萌哒天团,,3:58,A88281FCDBC6ED3CFC0E59354B96B289,204284699,https://www.kugou.com/yy/rank/home/4-6666.html?from=rank
2026-08-22,2026-08-22T11:24:40+08:00,酷狗音乐,飙升榜,酷狗飙升榜,2026-08-22,87,Long Lost Melody,星频 Echo、京仔、律引,,3:37,CCC73E8B98E26973068205E81AA97BAD,204280865,https://www.kugou.com/yy/rank/home/4-6666.html?from=rank
2026-08-22,2026-08-22T11:24:40+08:00,酷狗音乐,飙升榜,酷狗飙升榜,2026-08-22,88,Once Upon A Time (Remix纯享版),Muvlv,,2:36,8816E5BB0214F15F332A6C03D4515901,202416203,https://www.kugou.com/yy/rank/home/4-6666.html?from=rank
2026-08-22,2026-08-22T11:24:40+08:00,酷狗音乐,飙升榜,酷狗飙升榜,2026-08-22,89,我在山间吹着风,王一佳,,2:42,F491C0491307F67F24CB614D707F724A,203258973,https://www.kugou.com/yy/rank/home/5-6666.html?from=rank
2026-08-22,2026-08-22T11:24:40+08:00,酷狗音乐,飙升榜,酷狗飙升榜,2026-08-22,90,听哭了自己,沧桑老叔,,3:32,2F886E50337A0268514AA517C5E13A39,184905718,https://www.kugou.com/yy/rank/home/5-6666.html?from=rank
2026-08-22,2026-08-22T11:24:40+08:00,酷狗音乐,飙升榜,酷狗飙升榜,2026-08-22,91,那错过的缘分 (体面退场语录版),刘阳阳,,3:05,B4F25AB06626BF3B53E7CA58404C1F3D,204338464,https://www.kugou.com/yy/rank/home/5-6666.html?from=rank
2026-08-22,2026-08-22T11:24:40+08:00,酷狗音乐,飙升榜,酷狗飙升榜,2026-08-22,92,口袋,言瑾羽,,2:41,6B135309D3D8B45A94FB1B82ED500D3E,203083644,https://www.kugou.com/yy/rank/home/5-6666.html?from=rank
2026-08-22,2026-08-22T11:24:40+08:00,酷狗音乐,飙升榜,酷狗飙升榜,2026-08-22,93,一生清贫怎敢入繁华 (破碎版),顾子诚,,3:59,CF9AA77562E6552D6EFFC107C4421089,181619881,https://www.kugou.com/yy/rank/home/5-6666.html?from=rank
2026-08-22,2026-08-22T11:24:40+08:00,酷狗音乐,飙升榜,酷狗飙升榜,2026-08-22,94,不止一夏,陈子晴,,3:20,A769912E44E1D5D7091FD0A09AD8F497,78175489,https://www.kugou.com/yy/rank/home/5-6666.html?from=rank
2026-08-22,2026-08-22T11:24:40+08:00,酷狗音乐,飙升榜,酷狗飙升榜,2026-08-22,95,牵丝戏 (宿命版),A发很久的呆,,3:24,240638B50B2074FAC8E4C761289E5A2A,195590298,https://www.kugou.com/yy/rank/home/5-6666.html?from=rank
2026-08-22,2026-08-22T11:24:40+08:00,酷狗音乐,飙升榜,酷狗飙升榜,2026-08-22,96,近代史-下,Jason,,4:00,EC16AD0C760B3BB0181E0EE6C4794E2D,38367445,https://www.kugou.com/yy/rank/home/5-6666.html?from=rank
2026-08-22,2026-08-22T11:24:40+08:00,酷狗音乐,飙升榜,酷狗飙升榜,2026-08-22,97,后来失约,星频 Echo、京仔、律引,,3:09,2DE826FBA8FE5DEE522E79D610278EF6,204275825,https://www.kugou.com/yy/rank/home/5-6666.html?from=rank
2026-08-22,2026-08-22T11:24:40+08:00,酷狗音乐,飙升榜,酷狗飙升榜,2026-08-22,98,我敬明媚也敬破碎,王一佳,,3:30,728DCBAF54251C3A18284ACBC7CF87F3,204341971,https://www.kugou.com/yy/rank/home/5-6666.html?from=rank
2026-08-22,2026-08-22T11:24:40+08:00,酷狗音乐,飙升榜,酷狗飙升榜,2026-08-22,99,先动情的人最惨 (心碎对唱版),司雨菲、白领大叔,,3:48,CE7D1E9F38689F11B891E8FF0E720F59,204334874,https://www.kugou.com/yy/rank/home/5-6666.html?from=rank
2026-08-22,2026-08-22T11:24:40+08:00,酷狗音乐,飙升榜,酷狗飙升榜,2026-08-22,100,0932 (女生版),覆予,,3:54,F60BEE076CE595976FC0E03549F68FA0,165734120,https://www.kugou.com/yy/rank/home/5-6666.html?from=rank
2026-08-22,2026-08-22T11:24:40+08:00,微博,热搜榜,微博热搜榜,,1,外国网友怀疑中国农村是AI,海外新闻,热度 1118603,,外国网友怀疑中国农村是AI,,https://s.weibo.com/weibo?q=%23%E5%A4%96%E5%9B%BD%E7%BD%91%E5%8F%8B%E6%80%80%E7%96%91%E4%B8%AD%E5%9B%BD%E5%86%9C%E6%9D%91%E6%98%AFAI%23
2026-08-22,2026-08-22T11:24:40+08:00,微博,热搜榜,微博热搜榜,,2,临沂爆炸涉非法储存炸药,民生新闻,热度 822218；新,,临沂爆炸涉非法储存炸药,,https://s.weibo.com/weibo?q=%23%E4%B8%B4%E6%B2%82%E7%88%86%E7%82%B8%E6%B6%89%E9%9D%9E%E6%B3%95%E5%82%A8%E5%AD%98%E7%82%B8%E8%8D%AF%23
2026-08-22,2026-08-22T11:24:40+08:00,微博,热搜榜,微博热搜榜,,3,多元消费场景激发经济澎湃活力,民生新闻,热度 620465,,多元消费场景激发经济澎湃活力,,https://s.weibo.com/weibo?q=%23%E5%A4%9A%E5%85%83%E6%B6%88%E8%B4%B9%E5%9C%BA%E6%99%AF%E6%BF%80%E5%8F%91%E7%BB%8F%E6%B5%8E%E6%BE%8E%E6%B9%83%E6%B4%BB%E5%8A%9B%23
2026-08-22,2026-08-22T11:24:40+08:00,微博,热搜榜,微博热搜榜,,4,无法对小时候的杯子祛魅,情感,热度 526384,,无法对小时候的杯子祛魅,,https://s.weibo.com/weibo?q=%23%E6%97%A0%E6%B3%95%E5%AF%B9%E5%B0%8F%E6%97%B6%E5%80%99%E7%9A%84%E6%9D%AF%E5%AD%90%E7%A5%9B%E9%AD%85%23
2026-08-22,2026-08-22T11:24:40+08:00,微博,热搜榜,微博热搜榜,,5,女星穿香奈儿无底鞋脚掌变黑,民生新闻,热度 477920,,女星穿香奈儿无底鞋脚掌变黑,['香奈儿'],https://s.weibo.com/weibo?q=%23%E5%A5%B3%E6%98%9F%E7%A9%BF%E9%A6%99%E5%A5%88%E5%84%BF%E6%97%A0%E5%BA%95%E9%9E%8B%E8%84%9A%E6%8E%8C%E5%8F%98%E9%BB%91%23
2026-08-22,2026-08-22T11:24:40+08:00,微博,热搜榜,微博热搜榜,,6,黑灯 弹壳,综艺,热度 220680,,黑灯 弹壳,综艺,https://s.weibo.com/weibo?q=%23%E9%BB%91%E7%81%AF%20%E5%BC%B9%E5%A3%B3%23
2026-08-22,2026-08-22T11:24:40+08:00,微博,热搜榜,微博热搜榜,,7,丈夫拍妻子出轨却因妨害隐私获刑,舆论监督,热度 220427,,丈夫拍妻子出轨却因妨害隐私获刑,,https://s.weibo.com/weibo?q=%23%E4%B8%88%E5%A4%AB%E6%8B%8D%E5%A6%BB%E5%AD%90%E5%87%BA%E8%BD%A8%E5%8D%B4%E5%9B%A0%E5%A6%A8%E5%AE%B3%E9%9A%90%E7%A7%81%E8%8E%B7%E5%88%91%23
2026-08-22,2026-08-22T11:24:40+08:00,微博,热搜榜,微博热搜榜,,8,全球首例为蟒蛇实施人类癌症疗法,科学科普,热度 216536,,全球首例为蟒蛇实施人类癌症疗法,,https://s.weibo.com/weibo?q=%23%E5%85%A8%E7%90%83%E9%A6%96%E4%BE%8B%E4%B8%BA%E8%9F%92%E8%9B%87%E5%AE%9E%E6%96%BD%E4%BA%BA%E7%B1%BB%E7%99%8C%E7%97%87%E7%96%97%E6%B3%95%23
2026-08-22,2026-08-22T11:24:40+08:00,微博,热搜榜,微博热搜榜,,9,鸭货为何不好卖了,财经,热度 201609,,鸭货为何不好卖了,,https://s.weibo.com/weibo?q=%23%E9%B8%AD%E8%B4%A7%E4%B8%BA%E4%BD%95%E4%B8%8D%E5%A5%BD%E5%8D%96%E4%BA%86%23
2026-08-22,2026-08-22T11:24:40+08:00,微博,热搜榜,微博热搜榜,,10,浮生,剧集,热度 199168；新,,浮生,剧集,https://s.weibo.com/weibo?q=%23%E6%B5%AE%E7%94%9F%23
2026-08-22,2026-08-22T11:24:40+08:00,微博,热搜榜,微博热搜榜,,11,欢子 退赛,综艺,热度 198393,,欢子 退赛,综艺,https://s.weibo.com/weibo?q=%23%E6%AC%A2%E5%AD%90%20%E9%80%80%E8%B5%9B%23
2026-08-22,2026-08-22T11:24:40+08:00,微博,热搜榜,微博热搜榜,,12,大妈骑车戴三级头震惊辅警,民生新闻,热度 196887,,大妈骑车戴三级头震惊辅警,,https://s.weibo.com/weibo?q=%23%E5%A4%A7%E5%A6%88%E9%AA%91%E8%BD%A6%E6%88%B4%E4%B8%89%E7%BA%A7%E5%A4%B4%E9%9C%87%E6%83%8A%E8%BE%85%E8%AD%A6%23
2026-08-22,2026-08-22T11:24:40+08:00,微博,热搜榜,微博热搜榜,,13,曾辉手机壳是跟韩雨彤的合照,艺人,热度 194776,,曾辉手机壳是跟韩雨彤的合照,"['曾辉', '韩雨彤']",https://s.weibo.com/weibo?q=%23%E6%9B%BE%E8%BE%89%E6%89%8B%E6%9C%BA%E5%A3%B3%E6%98%AF%E8%B7%9F%E9%9F%A9%E9%9B%A8%E5%BD%A4%E7%9A%84%E5%90%88%E7%85%A7%23
2026-08-22,2026-08-22T11:24:40+08:00,微博,热搜榜,微博热搜榜,,14,董璇让粉丝不要总是给小酒窝买盲盒了,艺人,热度 191457；新,,董璇让粉丝不要总是给小酒窝买盲盒了,['董璇'],https://s.weibo.com/weibo?q=%23%E8%91%A3%E7%92%87%E8%AE%A9%E7%B2%89%E4%B8%9D%E4%B8%8D%E8%A6%81%E6%80%BB%E6%98%AF%E7%BB%99%E5%B0%8F%E9%85%92%E7%AA%9D%E4%B9%B0%E7%9B%B2%E7%9B%92%E4%BA%86%23
2026-08-22,2026-08-22T11:24:40+08:00,微博,热搜榜,微博热搜榜,,15,诱导粉丝打赏2500万女主播父亲发声,民生新闻,热度 189418；新,,诱导粉丝打赏2500万女主播父亲发声,,https://s.weibo.com/weibo?q=%23%E8%AF%B1%E5%AF%BC%E7%B2%89%E4%B8%9D%E6%89%93%E8%B5%8F2500%E4%B8%87%E5%A5%B3%E4%B8%BB%E6%92%AD%E7%88%B6%E4%BA%B2%E5%8F%91%E5%A3%B0%23
2026-08-22,2026-08-22T11:24:40+08:00,微博,热搜榜,微博热搜榜,,16,陈柏霖当庭认罪,艺人,热度 188243,,陈柏霖当庭认罪,['陈柏霖'],https://s.weibo.com/weibo?q=%23%E9%99%88%E6%9F%8F%E9%9C%96%E5%BD%93%E5%BA%AD%E8%AE%A4%E7%BD%AA%23
2026-08-22,2026-08-22T11:24:40+08:00,微博,热搜榜,微博热搜榜,,17,张俪辞退修图师反转,剧集,热度 185327,,张俪辞退修图师反转,['张俪'],https://s.weibo.com/weibo?q=%23%E5%BC%A0%E4%BF%AA%E8%BE%9E%E9%80%80%E4%BF%AE%E5%9B%BE%E5%B8%88%E5%8F%8D%E8%BD%AC%23
2026-08-22,2026-08-22T11:24:40+08:00,微博,热搜榜,微博热搜榜,,18,妻子未提供精卵不享有胚胎处置权,民生新闻,热度 184472；新,,妻子未提供精卵不享有胚胎处置权,,https://s.weibo.com/weibo?q=%23%E5%A6%BB%E5%AD%90%E6%9C%AA%E6%8F%90%E4%BE%9B%E7%B2%BE%E5%8D%B5%E4%B8%8D%E4%BA%AB%E6%9C%89%E8%83%9A%E8%83%8E%E5%A4%84%E7%BD%AE%E6%9D%83%23
2026-08-22,2026-08-22T11:24:40+08:00,微博,热搜榜,微博热搜榜,,19,美国偶遇田亮叶一茜森碟,艺人,热度 184279；新,,美国偶遇田亮叶一茜森碟,"['叶一茜', '田亮', '森碟']",https://s.weibo.com/weibo?q=%23%E7%BE%8E%E5%9B%BD%E5%81%B6%E9%81%87%E7%94%B0%E4%BA%AE%E5%8F%B6%E4%B8%80%E8%8C%9C%E6%A3%AE%E7%A2%9F%23
2026-08-22,2026-08-22T11:24:40+08:00,微博,热搜榜,微博热搜榜,,20,94岁老战士穿外骨骼感觉年轻了,民生新闻,热度 182371,,94岁老战士穿外骨骼感觉年轻了,,https://s.weibo.com/weibo?q=%2394%E5%B2%81%E8%80%81%E6%88%98%E5%A3%AB%E7%A9%BF%E5%A4%96%E9%AA%A8%E9%AA%BC%E6%84%9F%E8%A7%89%E5%B9%B4%E8%BD%BB%E4%BA%86%23
2026-08-22,2026-08-22T11:24:40+08:00,微博,热搜榜,微博热搜榜,,21,女生暗恋被拒5年收到一箱青春档案,民生新闻,热度 181429,,女生暗恋被拒5年收到一箱青春档案,,https://s.weibo.com/weibo?q=%23%E5%A5%B3%E7%94%9F%E6%9A%97%E6%81%8B%E8%A2%AB%E6%8B%925%E5%B9%B4%E6%94%B6%E5%88%B0%E4%B8%80%E7%AE%B1%E9%9D%92%E6%98%A5%E6%A1%A3%E6%A1%88%23
2026-08-22,2026-08-22T11:24:40+08:00,微博,热搜榜,微博热搜榜,,22,曾辉口碑,综艺,热度 179955；新,,曾辉口碑,综艺,https://s.weibo.com/weibo?q=%23%E6%9B%BE%E8%BE%89%E5%8F%A3%E7%A2%91%23
2026-08-22,2026-08-22T11:24:40+08:00,微博,热搜榜,微博热搜榜,,23,厚本新剧美成这样了,剧集,热度 179493；新,,厚本新剧美成这样了,['厚本'],https://s.weibo.com/weibo?q=%23%E5%8E%9A%E6%9C%AC%E6%96%B0%E5%89%A7%E7%BE%8E%E6%88%90%E8%BF%99%E6%A0%B7%E4%BA%86%23
2026-08-22,2026-08-22T11:24:40+08:00,微博,热搜榜,微博热搜榜,,24,官方通报旅客买票占座放零食事件,民生新闻,热度 178348,,官方通报旅客买票占座放零食事件,,https://s.weibo.com/weibo?q=%23%E5%AE%98%E6%96%B9%E9%80%9A%E6%8A%A5%E6%97%85%E5%AE%A2%E4%B9%B0%E7%A5%A8%E5%8D%A0%E5%BA%A7%E6%94%BE%E9%9B%B6%E9%A3%9F%E4%BA%8B%E4%BB%B6%23
2026-08-22,2026-08-22T11:24:40+08:00,微博,热搜榜,微博热搜榜,,25,世界杯决赛禁赛处罚出炉,体育,热度 174617,,世界杯决赛禁赛处罚出炉,,https://s.weibo.com/weibo?q=%23%E4%B8%96%E7%95%8C%E6%9D%AF%E5%86%B3%E8%B5%9B%E7%A6%81%E8%B5%9B%E5%A4%84%E7%BD%9A%E5%87%BA%E7%82%89%23
2026-08-22,2026-08-22T11:24:40+08:00,微博,热搜榜,微博热搜榜,,26,陈妍希怼恶评,艺人,热度 172709；新,,陈妍希怼恶评,['陈妍希'],https://s.weibo.com/weibo?q=%23%E9%99%88%E5%A6%8D%E5%B8%8C%E6%80%BC%E6%81%B6%E8%AF%84%23
2026-08-22,2026-08-22T11:24:40+08:00,微博,热搜榜,微博热搜榜,,27,女婴被遗弃在福州福利院门口,民生新闻,热度 155284,,女婴被遗弃在福州福利院门口,,https://s.weibo.com/weibo?q=%23%E5%A5%B3%E5%A9%B4%E8%A2%AB%E9%81%97%E5%BC%83%E5%9C%A8%E7%A6%8F%E5%B7%9E%E7%A6%8F%E5%88%A9%E9%99%A2%E9%97%A8%E5%8F%A3%23
2026-08-22,2026-08-22T11:24:40+08:00,微博,热搜榜,微博热搜榜,,28,克莱加盟热火原因,体育,热度 148213；新,,克莱加盟热火原因,,https://s.weibo.com/weibo?q=%23%E5%85%8B%E8%8E%B1%E5%8A%A0%E7%9B%9F%E7%83%AD%E7%81%AB%E5%8E%9F%E5%9B%A0%23
2026-08-22,2026-08-22T11:24:40+08:00,微博,热搜榜,微博热搜榜,,29,霸总开着劳斯莱斯吃路边小馆,民生新闻,热度 134580；新,,霸总开着劳斯莱斯吃路边小馆,,https://s.weibo.com/weibo?q=%23%E9%9C%B8%E6%80%BB%E5%BC%80%E7%9D%80%E5%8A%B3%E6%96%AF%E8%8E%B1%E6%96%AF%E5%90%83%E8%B7%AF%E8%BE%B9%E5%B0%8F%E9%A6%86%23
2026-08-22,2026-08-22T11:24:40+08:00,微博,热搜榜,微博热搜榜,,30,浮生杀青,剧集,热度 130401；新,,浮生杀青,剧集,https://s.weibo.com/weibo?q=%23%E6%B5%AE%E7%94%9F%E6%9D%80%E9%9D%92%23
2026-08-22,2026-08-22T11:24:40+08:00,微博,热搜榜,微博热搜榜,,31,印度少年为要手机致一家三口坠崖,海外新闻,热度 129253；新,,印度少年为要手机致一家三口坠崖,,https://s.weibo.com/weibo?q=%23%E5%8D%B0%E5%BA%A6%E5%B0%91%E5%B9%B4%E4%B8%BA%E8%A6%81%E6%89%8B%E6%9C%BA%E8%87%B4%E4%B8%80%E5%AE%B6%E4%B8%89%E5%8F%A3%E5%9D%A0%E5%B4%96%23
2026-08-22,2026-08-22T11:24:40+08:00,微博,热搜榜,微博热搜榜,,32,张彬彬曹骏李光洁吃了演员身份的亏,综艺,热度 124699,,张彬彬曹骏李光洁吃了演员身份的亏,综艺,https://s.weibo.com/weibo?q=%23%E5%BC%A0%E5%BD%AC%E5%BD%AC%E6%9B%B9%E9%AA%8F%E6%9D%8E%E5%85%89%E6%B4%81%E5%90%83%E4%BA%86%E6%BC%94%E5%91%98%E8%BA%AB%E4%BB%BD%E7%9A%84%E4%BA%8F%23
2026-08-22,2026-08-22T11:24:40+08:00,微博,热搜榜,微博热搜榜,,33,2026年亚运会,体育,热度 123287；新,,2026年亚运会,,https://s.weibo.com/weibo?q=%232026%E5%B9%B4%E4%BA%9A%E8%BF%90%E4%BC%9A%23
2026-08-22,2026-08-22T11:24:40+08:00,微博,热搜榜,微博热搜榜,,34,库里2910万美元出售1650平豪宅,体育,热度 121142；新,,库里2910万美元出售1650平豪宅,,https://s.weibo.com/weibo?q=%23%E5%BA%93%E9%87%8C2910%E4%B8%87%E7%BE%8E%E5%85%83%E5%87%BA%E5%94%AE1650%E5%B9%B3%E8%B1%AA%E5%AE%85%23
2026-08-22,2026-08-22T11:24:40+08:00,微博,热搜榜,微博热搜榜,,35,诱导榜一大哥打赏2500万主播被控诈骗,民生新闻,热度 115292；新,,诱导榜一大哥打赏2500万主播被控诈骗,,https://s.weibo.com/weibo?q=%23%E8%AF%B1%E5%AF%BC%E6%A6%9C%E4%B8%80%E5%A4%A7%E5%93%A5%E6%89%93%E8%B5%8F2500%E4%B8%87%E4%B8%BB%E6%92%AD%E8%A2%AB%E6%8E%A7%E8%AF%88%E9%AA%97%23
2026-08-22,2026-08-22T11:24:40+08:00,微博,热搜榜,微博热搜榜,,36,声音被AI侵权后反给免费配音,作品衍生,热度 112871；新,,声音被AI侵权后反给免费配音,剧集,https://s.weibo.com/weibo?q=%23%E5%A3%B0%E9%9F%B3%E8%A2%ABAI%E4%BE%B5%E6%9D%83%E5%90%8E%E5%8F%8D%E7%BB%99%E5%85%8D%E8%B4%B9%E9%85%8D%E9%9F%B3%23
2026-08-22,2026-08-22T11:24:40+08:00,微博,热搜榜,微博热搜榜,,37,王橹杰成都外出弟弟同行,艺人,热度 111079；新,,王橹杰成都外出弟弟同行,['王橹杰'],https://s.weibo.com/weibo?q=%23%E7%8E%8B%E6%A9%B9%E6%9D%B0%E6%88%90%E9%83%BD%E5%A4%96%E5%87%BA%E5%BC%9F%E5%BC%9F%E5%90%8C%E8%A1%8C%23
2026-08-22,2026-08-22T11:24:40+08:00,微博,热搜榜,微博热搜榜,,38,女子用口罩完美复刻香奈儿无底鞋,民生新闻,热度 107420；新,,女子用口罩完美复刻香奈儿无底鞋,,https://s.weibo.com/weibo?q=%23%E5%A5%B3%E5%AD%90%E7%94%A8%E5%8F%A3%E7%BD%A9%E5%AE%8C%E7%BE%8E%E5%A4%8D%E5%88%BB%E9%A6%99%E5%A5%88%E5%84%BF%E6%97%A0%E5%BA%95%E9%9E%8B%23
2026-08-22,2026-08-22T11:24:40+08:00,微博,热搜榜,微博热搜榜,,39,C罗新赛季首秀即破门,体育,热度 104845,,C罗新赛季首秀即破门,,https://s.weibo.com/weibo?q=%23C%E7%BD%97%E6%96%B0%E8%B5%9B%E5%AD%A3%E9%A6%96%E7%A7%80%E5%8D%B3%E7%A0%B4%E9%97%A8%23
2026-08-22,2026-08-22T11:24:40+08:00,微博,热搜榜,微博热搜榜,,40,这7种异常和缺维生素B有关,健康医疗,热度 104838,,这7种异常和缺维生素B有关,,https://s.weibo.com/weibo?q=%23%E8%BF%997%E7%A7%8D%E5%BC%82%E5%B8%B8%E5%92%8C%E7%BC%BA%E7%BB%B4%E7%94%9F%E7%B4%A0B%E6%9C%89%E5%85%B3%23
2026-08-22,2026-08-22T11:24:40+08:00,微博,热搜榜,微博热搜榜,,41,李现下意识伸手扶张婧仪,艺人,热度 104181,,李现下意识伸手扶张婧仪,"['李现', '张婧仪']",https://s.weibo.com/weibo?q=%23%E6%9D%8E%E7%8E%B0%E4%B8%8B%E6%84%8F%E8%AF%86%E4%BC%B8%E6%89%8B%E6%89%B6%E5%BC%A0%E5%A9%A7%E4%BB%AA%23
2026-08-22,2026-08-22T11:24:40+08:00,微博,热搜榜,微博热搜榜,,42,人绞尽脑汁不如命运随手一挥,情感,热度 103984,,人绞尽脑汁不如命运随手一挥,,https://s.weibo.com/weibo?q=%23%E4%BA%BA%E7%BB%9E%E5%B0%BD%E8%84%91%E6%B1%81%E4%B8%8D%E5%A6%82%E5%91%BD%E8%BF%90%E9%9A%8F%E6%89%8B%E4%B8%80%E6%8C%A5%23
2026-08-22,2026-08-22T11:24:40+08:00,微博,热搜榜,微博热搜榜,,43,欢子入院治疗,艺人,热度 103598,,欢子入院治疗,['欢子'],https://s.weibo.com/weibo?q=%23%E6%AC%A2%E5%AD%90%E5%85%A5%E9%99%A2%E6%B2%BB%E7%96%97%23
2026-08-22,2026-08-22T11:24:40+08:00,微博,热搜榜,微博热搜榜,,44,樊振东 德甲联赛,体育,热度 98639,,樊振东 德甲联赛,,https://s.weibo.com/weibo?q=%23%E6%A8%8A%E6%8C%AF%E4%B8%9C%20%E5%BE%B7%E7%94%B2%E8%81%94%E8%B5%9B%23
2026-08-22,2026-08-22T11:24:40+08:00,微博,热搜榜,微博热搜榜,,45,宋威龙直播,艺人,热度 92525；新,,宋威龙直播,['宋威龙'],https://s.weibo.com/weibo?q=%23%E5%AE%8B%E5%A8%81%E9%BE%99%E7%9B%B4%E6%92%AD%23
2026-08-22,2026-08-22T11:24:40+08:00,微博,热搜榜,微博热搜榜,,46,权志龙父母现身BIGBANG演唱会,演出,热度 92165；新,,权志龙父母现身BIGBANG演唱会,演出,https://s.weibo.com/weibo?q=%23%E6%9D%83%E5%BF%97%E9%BE%99%E7%88%B6%E6%AF%8D%E7%8E%B0%E8%BA%ABBIGBANG%E6%BC%94%E5%94%B1%E4%BC%9A%23
2026-08-22,2026-08-22T11:24:40+08:00,微博,热搜榜,微博热搜榜,,47,阿森纳3比0考文垂,体育,热度 90688,,阿森纳3比0考文垂,,https://s.weibo.com/weibo?q=%23%E9%98%BF%E6%A3%AE%E7%BA%B33%E6%AF%940%E8%80%83%E6%96%87%E5%9E%82%23
2026-08-22,2026-08-22T11:24:40+08:00,微博,热搜榜,微博热搜榜,,48,张雅琪路人缘,综艺,热度 90108,,张雅琪路人缘,综艺,https://s.weibo.com/weibo?q=%23%E5%BC%A0%E9%9B%85%E7%90%AA%E8%B7%AF%E4%BA%BA%E7%BC%98%23
2026-08-22,2026-08-22T11:24:40+08:00,微博,热搜榜,微博热搜榜,,49,奚梦瑶超模展示天资中,艺人,热度 88314；新,,奚梦瑶超模展示天资中,['奚梦瑶'],https://s.weibo.com/weibo?q=%23%E5%A5%9A%E6%A2%A6%E7%91%B6%E8%B6%85%E6%A8%A1%E5%B1%95%E7%A4%BA%E5%A4%A9%E8%B5%84%E4%B8%AD%23
2026-08-22,2026-08-22T11:24:40+08:00,微博,热搜榜,微博热搜榜,,50,门把手缺陷引发最大规模召回,汽车,热度 87795,,门把手缺陷引发最大规模召回,,https://s.weibo.com/weibo?q=%23%E9%97%A8%E6%8A%8A%E6%89%8B%E7%BC%BA%E9%99%B7%E5%BC%95%E5%8F%91%E6%9C%80%E5%A4%A7%E8%A7%84%E6%A8%A1%E5%8F%AC%E5%9B%9E%23
2026-08-22,2026-08-22T11:24:40+08:00,微博,文娱热搜榜,微博热搜榜-文娱条目,,1,黑灯 弹壳,综艺,总榜排名 6；热度 220680,,黑灯 弹壳,综艺,https://s.weibo.com/weibo?q=%23%E9%BB%91%E7%81%AF%20%E5%BC%B9%E5%A3%B3%23
2026-08-22,2026-08-22T11:24:40+08:00,微博,文娱热搜榜,微博热搜榜-文娱条目,,2,浮生,剧集,总榜排名 10；热度 199168；新,,浮生,剧集,https://s.weibo.com/weibo?q=%23%E6%B5%AE%E7%94%9F%23
2026-08-22,2026-08-22T11:24:40+08:00,微博,文娱热搜榜,微博热搜榜-文娱条目,,3,欢子 退赛,综艺,总榜排名 11；热度 198393,,欢子 退赛,综艺,https://s.weibo.com/weibo?q=%23%E6%AC%A2%E5%AD%90%20%E9%80%80%E8%B5%9B%23
2026-08-22,2026-08-22T11:24:40+08:00,微博,文娱热搜榜,微博热搜榜-文娱条目,,4,曾辉手机壳是跟韩雨彤的合照,艺人,总榜排名 13；热度 194776,,曾辉手机壳是跟韩雨彤的合照,"['曾辉', '韩雨彤']",https://s.weibo.com/weibo?q=%23%E6%9B%BE%E8%BE%89%E6%89%8B%E6%9C%BA%E5%A3%B3%E6%98%AF%E8%B7%9F%E9%9F%A9%E9%9B%A8%E5%BD%A4%E7%9A%84%E5%90%88%E7%85%A7%23
2026-08-22,2026-08-22T11:24:40+08:00,微博,文娱热搜榜,微博热搜榜-文娱条目,,5,董璇让粉丝不要总是给小酒窝买盲盒了,艺人,总榜排名 14；热度 191457；新,,董璇让粉丝不要总是给小酒窝买盲盒了,['董璇'],https://s.weibo.com/weibo?q=%23%E8%91%A3%E7%92%87%E8%AE%A9%E7%B2%89%E4%B8%9D%E4%B8%8D%E8%A6%81%E6%80%BB%E6%98%AF%E7%BB%99%E5%B0%8F%E9%85%92%E7%AA%9D%E4%B9%B0%E7%9B%B2%E7%9B%92%E4%BA%86%23
2026-08-22,2026-08-22T11:24:40+08:00,微博,文娱热搜榜,微博热搜榜-文娱条目,,6,陈柏霖当庭认罪,艺人,总榜排名 16；热度 188243,,陈柏霖当庭认罪,['陈柏霖'],https://s.weibo.com/weibo?q=%23%E9%99%88%E6%9F%8F%E9%9C%96%E5%BD%93%E5%BA%AD%E8%AE%A4%E7%BD%AA%23
2026-08-22,2026-08-22T11:24:40+08:00,微博,文娱热搜榜,微博热搜榜-文娱条目,,7,张俪辞退修图师反转,剧集,总榜排名 17；热度 185327,,张俪辞退修图师反转,['张俪'],https://s.weibo.com/weibo?q=%23%E5%BC%A0%E4%BF%AA%E8%BE%9E%E9%80%80%E4%BF%AE%E5%9B%BE%E5%B8%88%E5%8F%8D%E8%BD%AC%23
2026-08-22,2026-08-22T11:24:40+08:00,微博,文娱热搜榜,微博热搜榜-文娱条目,,8,美国偶遇田亮叶一茜森碟,艺人,总榜排名 19；热度 184279；新,,美国偶遇田亮叶一茜森碟,"['叶一茜', '田亮', '森碟']",https://s.weibo.com/weibo?q=%23%E7%BE%8E%E5%9B%BD%E5%81%B6%E9%81%87%E7%94%B0%E4%BA%AE%E5%8F%B6%E4%B8%80%E8%8C%9C%E6%A3%AE%E7%A2%9F%23
2026-08-22,2026-08-22T11:24:40+08:00,微博,文娱热搜榜,微博热搜榜-文娱条目,,9,曾辉口碑,综艺,总榜排名 22；热度 179955；新,,曾辉口碑,综艺,https://s.weibo.com/weibo?q=%23%E6%9B%BE%E8%BE%89%E5%8F%A3%E7%A2%91%23
2026-08-22,2026-08-22T11:24:40+08:00,微博,文娱热搜榜,微博热搜榜-文娱条目,,10,厚本新剧美成这样了,剧集,总榜排名 23；热度 179493；新,,厚本新剧美成这样了,['厚本'],https://s.weibo.com/weibo?q=%23%E5%8E%9A%E6%9C%AC%E6%96%B0%E5%89%A7%E7%BE%8E%E6%88%90%E8%BF%99%E6%A0%B7%E4%BA%86%23
2026-08-22,2026-08-22T11:24:40+08:00,微博,文娱热搜榜,微博热搜榜-文娱条目,,11,陈妍希怼恶评,艺人,总榜排名 26；热度 172709；新,,陈妍希怼恶评,['陈妍希'],https://s.weibo.com/weibo?q=%23%E9%99%88%E5%A6%8D%E5%B8%8C%E6%80%BC%E6%81%B6%E8%AF%84%23
2026-08-22,2026-08-22T11:24:40+08:00,微博,文娱热搜榜,微博热搜榜-文娱条目,,12,浮生杀青,剧集,总榜排名 30；热度 130401；新,,浮生杀青,剧集,https://s.weibo.com/weibo?q=%23%E6%B5%AE%E7%94%9F%E6%9D%80%E9%9D%92%23
2026-08-22,2026-08-22T11:24:40+08:00,微博,文娱热搜榜,微博热搜榜-文娱条目,,13,张彬彬曹骏李光洁吃了演员身份的亏,综艺,总榜排名 32；热度 124699,,张彬彬曹骏李光洁吃了演员身份的亏,综艺,https://s.weibo.com/weibo?q=%23%E5%BC%A0%E5%BD%AC%E5%BD%AC%E6%9B%B9%E9%AA%8F%E6%9D%8E%E5%85%89%E6%B4%81%E5%90%83%E4%BA%86%E6%BC%94%E5%91%98%E8%BA%AB%E4%BB%BD%E7%9A%84%E4%BA%8F%23
2026-08-22,2026-08-22T11:24:40+08:00,微博,文娱热搜榜,微博热搜榜-文娱条目,,14,声音被AI侵权后反给免费配音,作品衍生,总榜排名 36；热度 112871；新,,声音被AI侵权后反给免费配音,剧集,https://s.weibo.com/weibo?q=%23%E5%A3%B0%E9%9F%B3%E8%A2%ABAI%E4%BE%B5%E6%9D%83%E5%90%8E%E5%8F%8D%E7%BB%99%E5%85%8D%E8%B4%B9%E9%85%8D%E9%9F%B3%23
2026-08-22,2026-08-22T11:24:40+08:00,微博,文娱热搜榜,微博热搜榜-文娱条目,,15,王橹杰成都外出弟弟同行,艺人,总榜排名 37；热度 111079；新,,王橹杰成都外出弟弟同行,['王橹杰'],https://s.weibo.com/weibo?q=%23%E7%8E%8B%E6%A9%B9%E6%9D%B0%E6%88%90%E9%83%BD%E5%A4%96%E5%87%BA%E5%BC%9F%E5%BC%9F%E5%90%8C%E8%A1%8C%23
2026-08-22,2026-08-22T11:24:40+08:00,微博,文娱热搜榜,微博热搜榜-文娱条目,,16,李现下意识伸手扶张婧仪,艺人,总榜排名 41；热度 104181,,李现下意识伸手扶张婧仪,"['李现', '张婧仪']",https://s.weibo.com/weibo?q=%23%E6%9D%8E%E7%8E%B0%E4%B8%8B%E6%84%8F%E8%AF%86%E4%BC%B8%E6%89%8B%E6%89%B6%E5%BC%A0%E5%A9%A7%E4%BB%AA%23
2026-08-22,2026-08-22T11:24:40+08:00,微博,文娱热搜榜,微博热搜榜-文娱条目,,17,欢子入院治疗,艺人,总榜排名 43；热度 103598,,欢子入院治疗,['欢子'],https://s.weibo.com/weibo?q=%23%E6%AC%A2%E5%AD%90%E5%85%A5%E9%99%A2%E6%B2%BB%E7%96%97%23
2026-08-22,2026-08-22T11:24:40+08:00,微博,文娱热搜榜,微博热搜榜-文娱条目,,18,宋威龙直播,艺人,总榜排名 45；热度 92525；新,,宋威龙直播,['宋威龙'],https://s.weibo.com/weibo?q=%23%E5%AE%8B%E5%A8%81%E9%BE%99%E7%9B%B4%E6%92%AD%23
2026-08-22,2026-08-22T11:24:40+08:00,微博,文娱热搜榜,微博热搜榜-文娱条目,,19,权志龙父母现身BIGBANG演唱会,演出,总榜排名 46；热度 92165；新,,权志龙父母现身BIGBANG演唱会,演出,https://s.weibo.com/weibo?q=%23%E6%9D%83%E5%BF%97%E9%BE%99%E7%88%B6%E6%AF%8D%E7%8E%B0%E8%BA%ABBIGBANG%E6%BC%94%E5%94%B1%E4%BC%9A%23
2026-08-22,2026-08-22T11:24:40+08:00,微博,文娱热搜榜,微博热搜榜-文娱条目,,20,张雅琪路人缘,综艺,总榜排名 48；热度 90108,,张雅琪路人缘,综艺,https://s.weibo.com/weibo?q=%23%E5%BC%A0%E9%9B%85%E7%90%AA%E8%B7%AF%E4%BA%BA%E7%BC%98%23
2026-08-22,2026-08-22T11:24:40+08:00,微博,文娱热搜榜,微博热搜榜-文娱条目,,21,奚梦瑶超模展示天资中,艺人,总榜排名 49；热度 88314；新,,奚梦瑶超模展示天资中,['奚梦瑶'],https://s.weibo.com/weibo?q=%23%E5%A5%9A%E6%A2%A6%E7%91%B6%E8%B6%85%E6%A8%A1%E5%B1%95%E7%A4%BA%E5%A4%A9%E8%B5%84%E4%B8%AD%23
