snapshot_date,captured_at,platform,chart,official_chart,platform_date,rank,song_name,artist,chart_metric,duration,song_id,album_id,source_url
2026-08-10,2026-08-10T12:18:11+08:00,QQ音乐,热歌榜,热歌榜,2026-08-10,1,恋人,李荣浩,上升 1,,496054946,004HaG7p4ZkhXA,https://y.qq.com/n/ryqq/toplist/26
2026-08-10,2026-08-10T12:18:11+08:00,QQ音乐,热歌榜,热歌榜,2026-08-10,2,碎碎念,队长,上升 2,,448738462,000DTFwk0oV4YR,https://y.qq.com/n/ryqq/toplist/26
2026-08-10,2026-08-10T12:18:11+08:00,QQ音乐,热歌榜,热歌榜,2026-08-10,3,甲乙丙丁 (你我怎么两清),李佳薇,0,,696262512,00446QRA1fTdqA,https://y.qq.com/n/ryqq/toplist/26
2026-08-10,2026-08-10T12:18:11+08:00,QQ音乐,热歌榜,热歌榜,2026-08-10,4,雨爱,杨丞琳,上升 2,,645819,000jcKFG0sQrD0,https://y.qq.com/n/ryqq/toplist/26
2026-08-10,2026-08-10T12:18:11+08:00,QQ音乐,热歌榜,热歌榜,2026-08-10,5,失眠,Suki刘舒妤,0,,4733575,002xCeeN4EJ1Ke,https://y.qq.com/n/ryqq/toplist/26
2026-08-10,2026-08-10T12:18:11+08:00,QQ音乐,热歌榜,热歌榜,2026-08-10,6,盛夏的果实,莫文蔚,上升 2,,4830161,000KeV8l1PIjxt,https://y.qq.com/n/ryqq/toplist/26
2026-08-10,2026-08-10T12:18:11+08:00,QQ音乐,热歌榜,热歌榜,2026-08-10,7,我怀念的,孙燕姿,0,,5211338,000P3l050Olt27,https://y.qq.com/n/ryqq/toplist/26
2026-08-10,2026-08-10T12:18:11+08:00,QQ音乐,热歌榜,热歌榜,2026-08-10,8,特别的人,方大同,上升 8,,5293866,000GvdTR0qcKh8,https://y.qq.com/n/ryqq/toplist/26
2026-08-10,2026-08-10T12:18:11+08:00,QQ音乐,热歌榜,热歌榜,2026-08-10,9,爱错,王力宏,上升 1,,105905415,002ElVxf43rOue,https://y.qq.com/n/ryqq/toplist/26
2026-08-10,2026-08-10T12:18:11+08:00,QQ音乐,热歌榜,热歌榜,2026-08-10,10,我不难过,孙燕姿,下降 1,,8136,004VSvF52mQoQp,https://y.qq.com/n/ryqq/toplist/26
2026-08-10,2026-08-10T12:18:11+08:00,QQ音乐,热歌榜,热歌榜,2026-08-10,11,无人之岛,任然,0,,203452364,002lMPc30c4rOO,https://y.qq.com/n/ryqq/toplist/26
2026-08-10,2026-08-10T12:18:11+08:00,QQ音乐,热歌榜,热歌榜,2026-08-10,12,情歌,梁静茹,上升 1,,462188,002E4IXe1ESUij,https://y.qq.com/n/ryqq/toplist/26
2026-08-10,2026-08-10T12:18:11+08:00,QQ音乐,热歌榜,热歌榜,2026-08-10,13,Always Online,林俊杰,下降 1,,447257,002g6zv02X7SNi,https://y.qq.com/n/ryqq/toplist/26
2026-08-10,2026-08-10T12:18:11+08:00,QQ音乐,热歌榜,热歌榜,2026-08-10,14,Serenade (KARINA & WINTER),aespa (에스파),新进,,714598729,001cnBN840dGHx,https://y.qq.com/n/ryqq/toplist/26
2026-08-10,2026-08-10T12:18:11+08:00,QQ音乐,热歌榜,热歌榜,2026-08-10,15,ANGEL (天使),尹美莱 (윤미래)/Tiger JK/Bizzy (비지),下降 1,,101138130,000qiKcT05rSr9,https://y.qq.com/n/ryqq/toplist/26
2026-08-10,2026-08-10T12:18:11+08:00,QQ音乐,热歌榜,热歌榜,2026-08-10,16,阴天,莫文蔚,下降 1,,4830345,000hTTJN3oScZr,https://y.qq.com/n/ryqq/toplist/26
2026-08-10,2026-08-10T12:18:11+08:00,QQ音乐,热歌榜,热歌榜,2026-08-10,17,唯一,G.E.M. 邓紫棋,上升 1,,438910555,002d6m7k0xCbSv,https://y.qq.com/n/ryqq/toplist/26
2026-08-10,2026-08-10T12:18:11+08:00,QQ音乐,热歌榜,热歌榜,2026-08-10,18,雨过后的风景,Dizzy Dizzo (蔡诗芸),下降 1,,1960263,0038xSkp1EcVBf,https://y.qq.com/n/ryqq/toplist/26
2026-08-10,2026-08-10T12:18:11+08:00,QQ音乐,热歌榜,热歌榜,2026-08-10,19,演员,薛之谦,0,,102636799,003y8dsH2wBHlo,https://y.qq.com/n/ryqq/toplist/26
2026-08-10,2026-08-10T12:18:11+08:00,QQ音乐,热歌榜,热歌榜,2026-08-10,20,红色高跟鞋,蔡健雅,0,,624649,002dOge41xlS8x,https://y.qq.com/n/ryqq/toplist/26
2026-08-10,2026-08-10T12:18:11+08:00,QQ音乐,热歌榜,热歌榜,2026-08-10,21,江南,林俊杰,0,,9063002,000y5gq7449K9I,https://y.qq.com/n/ryqq/toplist/26
2026-08-10,2026-08-10T12:18:11+08:00,QQ音乐,热歌榜,热歌榜,2026-08-10,22,春娇与志明,街道办GDC/欧阳耀莹,0,,205357640,000lrXyA0MlEEo,https://y.qq.com/n/ryqq/toplist/26
2026-08-10,2026-08-10T12:18:11+08:00,QQ音乐,热歌榜,热歌榜,2026-08-10,23,美人鱼,林俊杰,上升 2,,95292,000y5gq7449K9I,https://y.qq.com/n/ryqq/toplist/26
2026-08-10,2026-08-10T12:18:11+08:00,QQ音乐,热歌榜,热歌榜,2026-08-10,24,樱花草,Sweety,0,,481456,000pKXff1doeOd,https://y.qq.com/n/ryqq/toplist/26
2026-08-10,2026-08-10T12:18:11+08:00,QQ音乐,热歌榜,热歌榜,2026-08-10,25,开始懂了,孙燕姿,下降 2,,5646,004KRIQr1oCp2A,https://y.qq.com/n/ryqq/toplist/26
2026-08-10,2026-08-10T12:18:11+08:00,QQ音乐,热歌榜,热歌榜,2026-08-10,26,其实,薛之谦,上升 1,,104775877,000QgFcm0v8WaF,https://y.qq.com/n/ryqq/toplist/26
2026-08-10,2026-08-10T12:18:11+08:00,QQ音乐,热歌榜,热歌榜,2026-08-10,27,我们俩,郭顶,上升 2,,105413206,003sMyYb4HZAAz,https://y.qq.com/n/ryqq/toplist/26
2026-08-10,2026-08-10T12:18:11+08:00,QQ音乐,热歌榜,热歌榜,2026-08-10,28,多远都要在一起,G.E.M. 邓紫棋,上升 3,,102174489,003c616O2Zlswm,https://y.qq.com/n/ryqq/toplist/26
2026-08-10,2026-08-10T12:18:11+08:00,QQ音乐,热歌榜,热歌榜,2026-08-10,29,偏爱,张芸京,上升 3,,473137,003ha6C92GRuVE,https://y.qq.com/n/ryqq/toplist/26
2026-08-10,2026-08-10T12:18:11+08:00,QQ音乐,热歌榜,热歌榜,2026-08-10,30,富士山下,陈奕迅,0,,260678,004Z85XP1c25b7,https://y.qq.com/n/ryqq/toplist/26
2026-08-10,2026-08-10T12:18:11+08:00,QQ音乐,热歌榜,热歌榜,2026-08-10,31,心墙,郭静,上升 2,,474797,003EHcB24J8t9Z,https://y.qq.com/n/ryqq/toplist/26
2026-08-10,2026-08-10T12:18:11+08:00,QQ音乐,热歌榜,热歌榜,2026-08-10,32,讨厌,芮恩,下降 6,,138194,001EFkTG1wgW4n,https://y.qq.com/n/ryqq/toplist/26
2026-08-10,2026-08-10T12:18:11+08:00,QQ音乐,热歌榜,热歌榜,2026-08-10,33,海阔天空,BEYOND,上升 7,,4835784,002qcJuX3lO3EZ,https://y.qq.com/n/ryqq/toplist/26
2026-08-10,2026-08-10T12:18:11+08:00,QQ音乐,热歌榜,热歌榜,2026-08-10,34,离开我的依赖,王艳薇,上升 7,,253383943,004CSyAN1oc97b,https://y.qq.com/n/ryqq/toplist/26
2026-08-10,2026-08-10T12:18:11+08:00,QQ音乐,热歌榜,热歌榜,2026-08-10,35,坏女孩,徐良/小凌,上升 7,,7112749,002apRhZ4Bq99d,https://y.qq.com/n/ryqq/toplist/26
2026-08-10,2026-08-10T12:18:11+08:00,QQ音乐,热歌榜,热歌榜,2026-08-10,36,晴天,周杰伦,上升 3,,97773,000MkMni19ClKG,https://y.qq.com/n/ryqq/toplist/26
2026-08-10,2026-08-10T12:18:11+08:00,QQ音乐,热歌榜,热歌榜,2026-08-10,37,素颜,许嵩/何曼婷,下降 2,,101813361,0035f8nw11cjkf,https://y.qq.com/n/ryqq/toplist/26
2026-08-10,2026-08-10T12:18:11+08:00,QQ音乐,热歌榜,热歌榜,2026-08-10,38,遇见,孙燕姿,0,,8145,002ehzTm0TxXC2,https://y.qq.com/n/ryqq/toplist/26
2026-08-10,2026-08-10T12:18:11+08:00,QQ音乐,热歌榜,热歌榜,2026-08-10,39,冻结,林俊杰,上升 71,,101659148,002vlOfM1X5TQ0,https://y.qq.com/n/ryqq/toplist/26
2026-08-10,2026-08-10T12:18:11+08:00,QQ音乐,热歌榜,热歌榜,2026-08-10,40,最佳损友,陈奕迅,下降 4,,1338414,002FT46H18G1jW,https://y.qq.com/n/ryqq/toplist/26
2026-08-10,2026-08-10T12:18:11+08:00,QQ音乐,热歌榜,热歌榜,2026-08-10,41,背对背拥抱,林俊杰,上升 9,,648231,002C0kX720gMQi,https://y.qq.com/n/ryqq/toplist/26
2026-08-10,2026-08-10T12:18:11+08:00,QQ音乐,热歌榜,热歌榜,2026-08-10,42,泡沫,G.E.M. 邓紫棋,上升 3,,1530858,002YFufr4bXZyI,https://y.qq.com/n/ryqq/toplist/26
2026-08-10,2026-08-10T12:18:11+08:00,QQ音乐,热歌榜,热歌榜,2026-08-10,43,泪海,许茹芸,下降 9,,106585340,001Ugmj01giuzO,https://y.qq.com/n/ryqq/toplist/26
2026-08-10,2026-08-10T12:18:11+08:00,QQ音乐,热歌榜,热歌榜,2026-08-10,44,刻在我心底的名字,卢广仲,0,,316472364,004QG0W52P5GUq,https://y.qq.com/n/ryqq/toplist/26
2026-08-10,2026-08-10T12:18:11+08:00,QQ音乐,热歌榜,热歌榜,2026-08-10,45,十年,陈奕迅,上升 3,,4830342,000GDz8k03UOaI,https://y.qq.com/n/ryqq/toplist/26
2026-08-10,2026-08-10T12:18:11+08:00,QQ音乐,热歌榜,热歌榜,2026-08-10,46,黄昏,周传雄,0,,526713,001U6x8f2uJhig,https://y.qq.com/n/ryqq/toplist/26
2026-08-10,2026-08-10T12:18:11+08:00,QQ音乐,热歌榜,热歌榜,2026-08-10,47,不将就,李荣浩,上升 4,,102367085,001fi1zG0EjU2u,https://y.qq.com/n/ryqq/toplist/26
2026-08-10,2026-08-10T12:18:11+08:00,QQ音乐,热歌榜,热歌榜,2026-08-10,48,我好像在哪见过你,薛之谦,上升 16,,107439472,000dcZ9I1nzO62,https://y.qq.com/n/ryqq/toplist/26
2026-08-10,2026-08-10T12:18:11+08:00,QQ音乐,热歌榜,热歌榜,2026-08-10,49,明天过后,张杰,上升 7,,273032694,000pVkCf3KsUQ9,https://y.qq.com/n/ryqq/toplist/26
2026-08-10,2026-08-10T12:18:11+08:00,QQ音乐,热歌榜,热歌榜,2026-08-10,50,天外来物,薛之谦,下降 1,,272125057,000K9Zp13TZp5s,https://y.qq.com/n/ryqq/toplist/26
2026-08-10,2026-08-10T12:18:11+08:00,QQ音乐,热歌榜,热歌榜,2026-08-10,51,野心家,张靓颖,下降 4,,591592617,003TmXW52e0F4P,https://y.qq.com/n/ryqq/toplist/26
2026-08-10,2026-08-10T12:18:11+08:00,QQ音乐,热歌榜,热歌榜,2026-08-10,52,如愿,王菲,上升 5,,326584182,004Kbn3m2HV9Y3,https://y.qq.com/n/ryqq/toplist/26
2026-08-10,2026-08-10T12:18:11+08:00,QQ音乐,热歌榜,热歌榜,2026-08-10,53,Beauty And A Beat,Justin Bieber/Nicki Minaj,上升 1,,1473252,002XddZv4cGsXb,https://y.qq.com/n/ryqq/toplist/26
2026-08-10,2026-08-10T12:18:11+08:00,QQ音乐,热歌榜,热歌榜,2026-08-10,54,瞬,郑润泽,上升 4,,422061155,001qvyI10urb5z,https://y.qq.com/n/ryqq/toplist/26
2026-08-10,2026-08-10T12:18:11+08:00,QQ音乐,热歌榜,热歌榜,2026-08-10,55,认真的雪,薛之谦,下降 2,,1333803,003mUYW22JXKVK,https://y.qq.com/n/ryqq/toplist/26
2026-08-10,2026-08-10T12:18:11+08:00,QQ音乐,热歌榜,热歌榜,2026-08-10,56,Baby,Justin Bieber/Ludacris,下降 1,,203644381,002TfnxG2yN1na,https://y.qq.com/n/ryqq/toplist/26
2026-08-10,2026-08-10T12:18:11+08:00,QQ音乐,热歌榜,热歌榜,2026-08-10,57,青花,周传雄,上升 20,,102204539,001Vj7aX0PixwV,https://y.qq.com/n/ryqq/toplist/26
2026-08-10,2026-08-10T12:18:11+08:00,QQ音乐,热歌榜,热歌榜,2026-08-10,58,Letting Go,蔡健雅,上升 1,,1030353,001aC9dM35U6KB,https://y.qq.com/n/ryqq/toplist/26
2026-08-10,2026-08-10T12:18:11+08:00,QQ音乐,热歌榜,热歌榜,2026-08-10,59,修炼爱情,林俊杰,上升 3,,5063375,001gqOnU3DTg2S,https://y.qq.com/n/ryqq/toplist/26
2026-08-10,2026-08-10T12:18:11+08:00,QQ音乐,热歌榜,热歌榜,2026-08-10,60,麦恩莉,方大同,上升 7,,2550926,000ih4iv3HCmno,https://y.qq.com/n/ryqq/toplist/26
2026-08-10,2026-08-10T12:18:11+08:00,QQ音乐,热歌榜,热歌榜,2026-08-10,61,Come Back To Me,Utada (宇多田光),下降 1,,1231026,003sHGTS2QAhqp,https://y.qq.com/n/ryqq/toplist/26
2026-08-10,2026-08-10T12:18:11+08:00,QQ音乐,热歌榜,热歌榜,2026-08-10,62,The Other Side Of Paradise (Explicit),Glass Animals,下降 10,,319782348,001eucpH3ZIJnM,https://y.qq.com/n/ryqq/toplist/26
2026-08-10,2026-08-10T12:18:11+08:00,QQ音乐,热歌榜,热歌榜,2026-08-10,63,差一步,大壮,上升 39,,209378295,000lEj821EaXUu,https://y.qq.com/n/ryqq/toplist/26
2026-08-10,2026-08-10T12:18:11+08:00,QQ音乐,热歌榜,热歌榜,2026-08-10,64,爱情讯息,郭静,上升 7,,876549,003PKZMI1Wyx1A,https://y.qq.com/n/ryqq/toplist/26
2026-08-10,2026-08-10T12:18:11+08:00,QQ音乐,热歌榜,热歌榜,2026-08-10,65,后会无期,徐良/汪苏泷,0,,7112743,002apRhZ4Bq99d,https://y.qq.com/n/ryqq/toplist/26
2026-08-10,2026-08-10T12:18:11+08:00,QQ音乐,热歌榜,热歌榜,2026-08-10,66,会呼吸的痛,梁静茹,下降 5,,411228,002oy2Mp3I8Rgo,https://y.qq.com/n/ryqq/toplist/26
2026-08-10,2026-08-10T12:18:11+08:00,QQ音乐,热歌榜,热歌榜,2026-08-10,67,勇气,梁静茹,下降 4,,4830164,001DEgPu1004bl,https://y.qq.com/n/ryqq/toplist/26
2026-08-10,2026-08-10T12:18:11+08:00,QQ音乐,热歌榜,热歌榜,2026-08-10,68,至少还有你,林忆莲,上升 4,,102204563,001JqgRv0mRHEQ,https://y.qq.com/n/ryqq/toplist/26
2026-08-10,2026-08-10T12:18:11+08:00,QQ音乐,热歌榜,热歌榜,2026-08-10,69,如果可以,韦礼安,上升 4,,330977131,003WBcyJ1siUkh,https://y.qq.com/n/ryqq/toplist/26
2026-08-10,2026-08-10T12:18:11+08:00,QQ音乐,热歌榜,热歌榜,2026-08-10,70,你要的全拿走,胡彦斌,下降 2,,212808217,001eyHlv2fu50T,https://y.qq.com/n/ryqq/toplist/26
2026-08-10,2026-08-10T12:18:11+08:00,QQ音乐,热歌榜,热歌榜,2026-08-10,71,知了,陈默之,上升 5,,482500528,000fHDnB1K1Hcf,https://y.qq.com/n/ryqq/toplist/26
2026-08-10,2026-08-10T12:18:11+08:00,QQ音乐,热歌榜,热歌榜,2026-08-10,72,倒数,G.E.M. 邓紫棋,下降 2,,215540451,003cKIKZ1J4Yyu,https://y.qq.com/n/ryqq/toplist/26
2026-08-10,2026-08-10T12:18:11+08:00,QQ音乐,热歌榜,热歌榜,2026-08-10,73,我们的歌,王力宏,上升 5,,102193483,002Zwh5p4HgecI,https://y.qq.com/n/ryqq/toplist/26
2026-08-10,2026-08-10T12:18:11+08:00,QQ音乐,热歌榜,热歌榜,2026-08-10,74,空心,光泽,上升 12,,200390803,001vjIoV01nThA,https://y.qq.com/n/ryqq/toplist/26
2026-08-10,2026-08-10T12:18:11+08:00,QQ音乐,热歌榜,热歌榜,2026-08-10,75,最后一页,江语晨,下降 1,,721636,003FO4XF40Ky8L,https://y.qq.com/n/ryqq/toplist/26
2026-08-10,2026-08-10T12:18:11+08:00,QQ音乐,热歌榜,热歌榜,2026-08-10,76,冷夜,陈默之,上升 7,,467646860,003ILMG04IvA9R,https://y.qq.com/n/ryqq/toplist/26
2026-08-10,2026-08-10T12:18:11+08:00,QQ音乐,热歌榜,热歌榜,2026-08-10,77,可不可以,张紫豪,上升 12,,213958134,004VR1w241uBhB,https://y.qq.com/n/ryqq/toplist/26
2026-08-10,2026-08-10T12:18:11+08:00,QQ音乐,热歌榜,热歌榜,2026-08-10,78,半点心,草蜢,下降 35,,1207770,001sbWZf2xYnvd,https://y.qq.com/n/ryqq/toplist/26
2026-08-10,2026-08-10T12:18:11+08:00,QQ音乐,热歌榜,热歌榜,2026-08-10,79,出现又离开 (Live),梁博,上升 1,,231594573,000eQZ1q4g6AsF,https://y.qq.com/n/ryqq/toplist/26
2026-08-10,2026-08-10T12:18:11+08:00,QQ音乐,热歌榜,热歌榜,2026-08-10,80,童话,光良,上升 18,,4830267,002AaUF60cnS3w,https://y.qq.com/n/ryqq/toplist/26
2026-08-10,2026-08-10T12:18:11+08:00,QQ音乐,热歌榜,热歌榜,2026-08-10,81,一场游戏一场梦,王杰,上升 41,,228688,0026DG8k3Fw488,https://y.qq.com/n/ryqq/toplist/26
2026-08-10,2026-08-10T12:18:11+08:00,QQ音乐,热歌榜,热歌榜,2026-08-10,82,同花顺,林倛玉,上升 2,,103970682,004789lA4cH3Kq,https://y.qq.com/n/ryqq/toplist/26
2026-08-10,2026-08-10T12:18:11+08:00,QQ音乐,热歌榜,热歌榜,2026-08-10,83,下完这场雨,后弦,下降 2,,108787382,004ZXlA63dZBCa,https://y.qq.com/n/ryqq/toplist/26
2026-08-10,2026-08-10T12:18:11+08:00,QQ音乐,热歌榜,热歌榜,2026-08-10,84,人间共鸣,李健,下降 15,,641742655,003RVJjp1svtyz,https://y.qq.com/n/ryqq/toplist/26
2026-08-10,2026-08-10T12:18:11+08:00,QQ音乐,热歌榜,热歌榜,2026-08-10,85,爱我还是他,陶喆,上升 10,,7211247,003ofGzS3C23Ow,https://y.qq.com/n/ryqq/toplist/26
2026-08-10,2026-08-10T12:18:11+08:00,QQ音乐,热歌榜,热歌榜,2026-08-10,86,后来,刘若英,上升 11,,4830150,0017zqT34WuQwa,https://y.qq.com/n/ryqq/toplist/26
2026-08-10,2026-08-10T12:18:11+08:00,QQ音乐,热歌榜,热歌榜,2026-08-10,87,第57次取消发送,菲菲公主（陆绮菲）,上升 7,,560063927,000KrDC019mc82,https://y.qq.com/n/ryqq/toplist/26
2026-08-10,2026-08-10T12:18:11+08:00,QQ音乐,热歌榜,热歌榜,2026-08-10,88,有何不可,许嵩,下降 1,,102296985,002KSDg90IaScI,https://y.qq.com/n/ryqq/toplist/26
2026-08-10,2026-08-10T12:18:11+08:00,QQ音乐,热歌榜,热歌榜,2026-08-10,89,下一个天亮,郭静,下降 4,,876541,003PKZMI1Wyx1A,https://y.qq.com/n/ryqq/toplist/26
2026-08-10,2026-08-10T12:18:11+08:00,QQ音乐,热歌榜,热歌榜,2026-08-10,90,一样的月光,徐佳莹,上升 9,,7063423,000cchEp2CGNEf,https://y.qq.com/n/ryqq/toplist/26
2026-08-10,2026-08-10T12:18:11+08:00,QQ音乐,热歌榜,热歌榜,2026-08-10,91,那些你很冒险的梦,林俊杰,上升 5,,102388808,002PQCmo2azasb,https://y.qq.com/n/ryqq/toplist/26
2026-08-10,2026-08-10T12:18:11+08:00,QQ音乐,热歌榜,热歌榜,2026-08-10,92,我知道,BY2,下降 1,,470336,001P410a0Iq4K0,https://y.qq.com/n/ryqq/toplist/26
2026-08-10,2026-08-10T12:18:11+08:00,QQ音乐,热歌榜,热歌榜,2026-08-10,93,句号,G.E.M. 邓紫棋,下降 14,,247347346,0049MVh824D7bM,https://y.qq.com/n/ryqq/toplist/26
2026-08-10,2026-08-10T12:18:11+08:00,QQ音乐,热歌榜,热歌榜,2026-08-10,94,愿与愁,林俊杰,下降 12,,405007729,004ZOIop1doXru,https://y.qq.com/n/ryqq/toplist/26
2026-08-10,2026-08-10T12:18:11+08:00,QQ音乐,热歌榜,热歌榜,2026-08-10,95,无名的人,毛不易,上升 5,,336582682,002mPgSG01LLtu,https://y.qq.com/n/ryqq/toplist/26
2026-08-10,2026-08-10T12:18:11+08:00,QQ音乐,热歌榜,热歌榜,2026-08-10,96,半壶纱,刘珂矣,下降 4,,7048773,0009EZjm1c7iQe,https://y.qq.com/n/ryqq/toplist/26
2026-08-10,2026-08-10T12:18:11+08:00,QQ音乐,热歌榜,热歌榜,2026-08-10,97,Love Story,Taylor Swift,下降 7,,639141,002Q1XUj3HBAzw,https://y.qq.com/n/ryqq/toplist/26
2026-08-10,2026-08-10T12:18:11+08:00,QQ音乐,热歌榜,热歌榜,2026-08-10,98,到时说爱我,茜拉 (Shila Amzah),0,,359549374,004NI00v3APbwE,https://y.qq.com/n/ryqq/toplist/26
2026-08-10,2026-08-10T12:18:11+08:00,QQ音乐,热歌榜,热歌榜,2026-08-10,99,我好想你 (苏打绿版),苏打绿,下降 11,,4884947,004QF5kp0jgyba,https://y.qq.com/n/ryqq/toplist/26
2026-08-10,2026-08-10T12:18:11+08:00,QQ音乐,热歌榜,热歌榜,2026-08-10,100,IF YOU,BIGBANG (빅뱅),上升 3,,102793935,001xpUdt2jEjWu,https://y.qq.com/n/ryqq/toplist/26
2026-08-10,2026-08-10T12:18:11+08:00,QQ音乐,飙升榜,飙升榜,2026-08-10,1,Serenade (KARINA & WINTER),aespa (에스파),热度 43%,,714598729,001cnBN840dGHx,https://y.qq.com/n/ryqq/toplist/62
2026-08-10,2026-08-10T12:18:11+08:00,QQ音乐,飙升榜,飙升榜,2026-08-10,2,月像,刘宇,热度 24%,,714574506,000fRo8n2EjSTq,https://y.qq.com/n/ryqq/toplist/62
2026-08-10,2026-08-10T12:18:11+08:00,QQ音乐,飙升榜,飙升榜,2026-08-10,3,交个朋友 (Live),弹壳,热度 19%,,714801778,003AEd6a435s8o,https://y.qq.com/n/ryqq/toplist/62
2026-08-10,2026-08-10T12:18:11+08:00,QQ音乐,飙升榜,飙升榜,2026-08-10,4,冻结,林俊杰,热度 11%,,101659148,002vlOfM1X5TQ0,https://y.qq.com/n/ryqq/toplist/62
2026-08-10,2026-08-10T12:18:11+08:00,QQ音乐,飙升榜,飙升榜,2026-08-10,5,Lollipop (GISELLE & NINGNING),aespa (에스파),热度 11%,,714598730,001cnBN840dGHx,https://y.qq.com/n/ryqq/toplist/62
2026-08-10,2026-08-10T12:18:11+08:00,QQ音乐,飙升榜,飙升榜,2026-08-10,6,我们的纪念 (Live),杨丞琳/侯明昊,热度 6%,,714605009,002r06MA2c0taf,https://y.qq.com/n/ryqq/toplist/62
2026-08-10,2026-08-10T12:18:11+08:00,QQ音乐,飙升榜,飙升榜,2026-08-10,7,娱乐天空 (Live),宋亚轩,热度 6%,,714810891,004djwPm1jiGR8,https://y.qq.com/n/ryqq/toplist/62
2026-08-10,2026-08-10T12:18:11+08:00,QQ音乐,飙升榜,飙升榜,2026-08-10,8,爱人啊,言承旭/五月天 阿信,热度 6%,,631481110,000r4a953NOFQP,https://y.qq.com/n/ryqq/toplist/62
2026-08-10,2026-08-10T12:18:11+08:00,QQ音乐,飙升榜,飙升榜,2026-08-10,9,亲爱的你啊,任素汐,热度 5%,,575196994,003AfRtY31zLzR,https://y.qq.com/n/ryqq/toplist/62
2026-08-10,2026-08-10T12:18:11+08:00,QQ音乐,飙升榜,飙升榜,2026-08-10,10,最完美的存在,刘芯妤Roselyn,热度 5%,,713867329,003cPthj1M9OrO,https://y.qq.com/n/ryqq/toplist/62
2026-08-10,2026-08-10T12:18:11+08:00,QQ音乐,飙升榜,飙升榜,2026-08-10,11,Come Back To Me,Utada (宇多田光),热度 5%,,1231026,003sHGTS2QAhqp,https://y.qq.com/n/ryqq/toplist/62
2026-08-10,2026-08-10T12:18:11+08:00,QQ音乐,飙升榜,飙升榜,2026-08-10,12,ICONIC HEART,Hearts2Hearts,热度 5%,,714964567,003vpV3l0S9Pym,https://y.qq.com/n/ryqq/toplist/62
2026-08-10,2026-08-10T12:18:11+08:00,QQ音乐,飙升榜,飙升榜,2026-08-10,13,离开以后,张学友,热度 4%,,1041989,0038azbf3KPscj,https://y.qq.com/n/ryqq/toplist/62
2026-08-10,2026-08-10T12:18:11+08:00,QQ音乐,飙升榜,飙升榜,2026-08-10,14,一场游戏一场梦,王杰,热度 4%,,228688,0026DG8k3Fw488,https://y.qq.com/n/ryqq/toplist/62
2026-08-10,2026-08-10T12:18:11+08:00,QQ音乐,飙升榜,飙升榜,2026-08-10,15,枕着光的她,任素汐,热度 4%,,469559253,001rApXt3FuIX9,https://y.qq.com/n/ryqq/toplist/62
2026-08-10,2026-08-10T12:18:11+08:00,QQ音乐,飙升榜,飙升榜,2026-08-10,16,多情种,胡杨林,热度 4%,,4702958,0007eeEY4bSmPv,https://y.qq.com/n/ryqq/toplist/62
2026-08-10,2026-08-10T12:18:11+08:00,QQ音乐,飙升榜,飙升榜,2026-08-10,17,胡广生,任素汐,热度 3%,,220419366,000MtVCd2qgzd9,https://y.qq.com/n/ryqq/toplist/62
2026-08-10,2026-08-10T12:18:11+08:00,QQ音乐,飙升榜,飙升榜,2026-08-10,18,因为了解,汪苏泷,热度 3%,,7112772,003cnv3z1IHcYt,https://y.qq.com/n/ryqq/toplist/62
2026-08-10,2026-08-10T12:18:11+08:00,QQ音乐,飙升榜,飙升榜,2026-08-10,19,暗恋航空,官恩娜,热度 3%,,102376860,003wpYs21lNnf7,https://y.qq.com/n/ryqq/toplist/62
2026-08-10,2026-08-10T12:18:11+08:00,QQ音乐,飙升榜,飙升榜,2026-08-10,20,小rapper (Live),Rapeter,热度 3%,,714801787,003AEd6a435s8o,https://y.qq.com/n/ryqq/toplist/62
2026-08-10,2026-08-10T12:18:11+08:00,QQ音乐,飙升榜,飙升榜,2026-08-10,21,本末,任素汐,热度 3%,,667141615,0033vNiW2uLR2S,https://y.qq.com/n/ryqq/toplist/62
2026-08-10,2026-08-10T12:18:11+08:00,QQ音乐,飙升榜,飙升榜,2026-08-10,22,王招君 (你看你拉住我的模样),任素汐,热度 3%,,306963318,00003uSK0ttEuV,https://y.qq.com/n/ryqq/toplist/62
2026-08-10,2026-08-10T12:18:11+08:00,QQ音乐,飙升榜,飙升榜,2026-08-10,23,Ketchup And Lemonade (NINGNING Solo),aespa (에스파),热度 3%,,617605493,001y8dkK03QlP8,https://y.qq.com/n/ryqq/toplist/62
2026-08-10,2026-08-10T12:18:11+08:00,QQ音乐,飙升榜,飙升榜,2026-08-10,24,Love Me,JMSN,热度 3%,,417482372,003GKWHS3tAMdZ,https://y.qq.com/n/ryqq/toplist/62
2026-08-10,2026-08-10T12:18:11+08:00,QQ音乐,飙升榜,飙升榜,2026-08-10,25,到时说爱我,茜拉 (Shila Amzah),热度 3%,,359549374,004NI00v3APbwE,https://y.qq.com/n/ryqq/toplist/62
2026-08-10,2026-08-10T12:18:11+08:00,QQ音乐,飙升榜,飙升榜,2026-08-10,26,Angel,陶喆,热度 3%,,804558,001mvhPh0qevad,https://y.qq.com/n/ryqq/toplist/62
2026-08-10,2026-08-10T12:18:11+08:00,QQ音乐,飙升榜,飙升榜,2026-08-10,27,骑士精神,蔡依林/周杰伦,热度 2%,,13415,000q5U9S2OLNg4,https://y.qq.com/n/ryqq/toplist/62
2026-08-10,2026-08-10T12:18:11+08:00,QQ音乐,飙升榜,飙升榜,2026-08-10,28,其实雨也没多大,万豹,热度 2%,,309818671,0035O9x326nhjn,https://y.qq.com/n/ryqq/toplist/62
2026-08-10,2026-08-10T12:18:11+08:00,QQ音乐,飙升榜,飙升榜,2026-08-10,29,等不来花开,王樾安,热度 2%,,713614542,004dfyue1fMjnp,https://y.qq.com/n/ryqq/toplist/62
2026-08-10,2026-08-10T12:18:11+08:00,QQ音乐,飙升榜,飙升榜,2026-08-10,30,爱，我不要丢下我 (Live),锤娜丽莎,热度 2%,,714810997,004djwPm1jiGR8,https://y.qq.com/n/ryqq/toplist/62
2026-08-10,2026-08-10T12:18:11+08:00,QQ音乐,飙升榜,飙升榜,2026-08-10,31,半情歌,元若蓝,热度 2%,,421496,000CHWDQ3pcDfm,https://y.qq.com/n/ryqq/toplist/62
2026-08-10,2026-08-10T12:18:11+08:00,QQ音乐,飙升榜,飙升榜,2026-08-10,32,大梦 (Live),瓦依那/任素汐,热度 2%,,438323654,004NHLl40gem1N,https://y.qq.com/n/ryqq/toplist/62
2026-08-10,2026-08-10T12:18:11+08:00,QQ音乐,飙升榜,飙升榜,2026-08-10,33,我要你,任素汐,热度 2%,,108985785,004Iokt60BJvO2,https://y.qq.com/n/ryqq/toplist/62
2026-08-10,2026-08-10T12:18:11+08:00,QQ音乐,飙升榜,飙升榜,2026-08-10,34,春泥 (Live),金志文,热度 2%,,714606180,004djwPm1jiGR8,https://y.qq.com/n/ryqq/toplist/62
2026-08-10,2026-08-10T12:18:11+08:00,QQ音乐,飙升榜,飙升榜,2026-08-10,35,假装快乐,呆呆破,热度 2%,,313296319,0002hbUw3rjgXr,https://y.qq.com/n/ryqq/toplist/62
2026-08-10,2026-08-10T12:18:11+08:00,QQ音乐,飙升榜,飙升榜,2026-08-10,36,手放开,李圣杰,热度 2%,,4830262,000PqsbU0ZdEk8,https://y.qq.com/n/ryqq/toplist/62
2026-08-10,2026-08-10T12:18:11+08:00,QQ音乐,飙升榜,飙升榜,2026-08-10,37,岁岁,任素汐,热度 2%,,447894436,004e1Iv63SdkgC,https://y.qq.com/n/ryqq/toplist/62
2026-08-10,2026-08-10T12:18:11+08:00,QQ音乐,飙升榜,飙升榜,2026-08-10,38,去你的岛,金玟岐,热度 2%,,714358302,00222Qp01cGCq0,https://y.qq.com/n/ryqq/toplist/62
2026-08-10,2026-08-10T12:18:11+08:00,QQ音乐,飙升榜,飙升榜,2026-08-10,39,长大以后的世界,王源,热度 2%,,109106698,004W38Gk1rrlOk,https://y.qq.com/n/ryqq/toplist/62
2026-08-10,2026-08-10T12:18:11+08:00,QQ音乐,飙升榜,飙升榜,2026-08-10,40,别来无恙,任素汐,热度 1%,,667141630,0033vNiW2uLR2S,https://y.qq.com/n/ryqq/toplist/62
2026-08-10,2026-08-10T12:18:11+08:00,QQ音乐,飙升榜,飙升榜,2026-08-10,41,碎碎念,队长,热度 1%,,448738462,000DTFwk0oV4YR,https://y.qq.com/n/ryqq/toplist/62
2026-08-10,2026-08-10T12:18:11+08:00,QQ音乐,飙升榜,飙升榜,2026-08-10,42,冷雨夜,BEYOND,热度 1%,,1286471,002MGTsZ3Zl6JH,https://y.qq.com/n/ryqq/toplist/62
2026-08-10,2026-08-10T12:18:11+08:00,QQ音乐,飙升榜,飙升榜,2026-08-10,43,忘了你 忘了我 (Live),周蕙,热度 1%,,714810905,004djwPm1jiGR8,https://y.qq.com/n/ryqq/toplist/62
2026-08-10,2026-08-10T12:18:11+08:00,QQ音乐,飙升榜,飙升榜,2026-08-10,44,莫怕莫怕,任素汐,热度 1%,,511140352,003gv9Gp3gFmxf,https://y.qq.com/n/ryqq/toplist/62
2026-08-10,2026-08-10T12:18:11+08:00,QQ音乐,飙升榜,飙升榜,2026-08-10,45,18 (Live),Top Barry,热度 1%,,714801794,003AEd6a435s8o,https://y.qq.com/n/ryqq/toplist/62
2026-08-10,2026-08-10T12:18:11+08:00,QQ音乐,飙升榜,飙升榜,2026-08-10,46,清明上河图,李玉刚,热度 1%,,106696579,003WscFz0L8T6F,https://y.qq.com/n/ryqq/toplist/62
2026-08-10,2026-08-10T12:18:11+08:00,QQ音乐,飙升榜,飙升榜,2026-08-10,47,Do your thing (独善其身) (Live),Vinz-T,热度 1%,,714801786,003AEd6a435s8o,https://y.qq.com/n/ryqq/toplist/62
2026-08-10,2026-08-10T12:18:11+08:00,QQ音乐,飙升榜,飙升榜,2026-08-10,48,综艺说唱歌手 (Live),布瑞吉Bridge,热度 1%,,714801860,003AEd6a435s8o,https://y.qq.com/n/ryqq/toplist/62
2026-08-10,2026-08-10T12:18:11+08:00,QQ音乐,飙升榜,飙升榜,2026-08-10,49,几时返When (Live),Yamy郭颖,热度 1%,,714801798,003AEd6a435s8o,https://y.qq.com/n/ryqq/toplist/62
2026-08-10,2026-08-10T12:18:11+08:00,QQ音乐,飙升榜,飙升榜,2026-08-10,50,无翼鸟,吴垚滔（七月的星期七）,热度 1%,,714231927,003BQsXU3gHSkS,https://y.qq.com/n/ryqq/toplist/62
2026-08-10,2026-08-10T12:18:11+08:00,QQ音乐,飙升榜,飙升榜,2026-08-10,51,闹哄哄,郁可唯,热度 1%,,372512682,000i65K10GLOOG,https://y.qq.com/n/ryqq/toplist/62
2026-08-10,2026-08-10T12:18:11+08:00,QQ音乐,飙升榜,飙升榜,2026-08-10,52,离不开你 (Live),黄绮珊,热度 1%,,4726164,002zRPDQ0erohR,https://y.qq.com/n/ryqq/toplist/62
2026-08-10,2026-08-10T12:18:11+08:00,QQ音乐,飙升榜,飙升榜,2026-08-10,53,猜不透 (Live),赵磊/张予曦,热度 1%,,714604985,002r06MA2c0taf,https://y.qq.com/n/ryqq/toplist/62
2026-08-10,2026-08-10T12:18:11+08:00,QQ音乐,飙升榜,飙升榜,2026-08-10,54,张仙语三,任素汐,热度 1%,,667141650,0033vNiW2uLR2S,https://y.qq.com/n/ryqq/toplist/62
2026-08-10,2026-08-10T12:18:11+08:00,QQ音乐,飙升榜,飙升榜,2026-08-10,55,在你心中那毫不起眼模糊界限的,王唯灿,热度 1%,,692645939,003q5PhU17gVgt,https://y.qq.com/n/ryqq/toplist/62
2026-08-10,2026-08-10T12:18:11+08:00,QQ音乐,飙升榜,飙升榜,2026-08-10,56,电话皇后,蔡依林,热度 1%,,9481091,000cChYc2M8ejn,https://y.qq.com/n/ryqq/toplist/62
2026-08-10,2026-08-10T12:18:11+08:00,QQ音乐,飙升榜,飙升榜,2026-08-10,57,一时的选择,林俊杰,热度 1%,,405007735,004ZOIop1doXru,https://y.qq.com/n/ryqq/toplist/62
2026-08-10,2026-08-10T12:18:11+08:00,QQ音乐,飙升榜,飙升榜,2026-08-10,58,Try,Colbie Caillat,热度 1%,,6379886,001pJZM12HuDid,https://y.qq.com/n/ryqq/toplist/62
2026-08-10,2026-08-10T12:18:11+08:00,QQ音乐,飙升榜,飙升榜,2026-08-10,59,全家福 (Live),功夫胖KUNGFU-PEN,热度 1%,,714801790,003AEd6a435s8o,https://y.qq.com/n/ryqq/toplist/62
2026-08-10,2026-08-10T12:18:11+08:00,QQ音乐,飙升榜,飙升榜,2026-08-10,60,บักคนซั่ว,ทิดแอม,热度 1%,,430981715,0031WYXy2m1cg0,https://y.qq.com/n/ryqq/toplist/62
2026-08-10,2026-08-10T12:18:11+08:00,QQ音乐,飙升榜,飙升榜,2026-08-10,61,反乌托邦,沈泠月,热度 1%,,713207593,004MADNS3FKisB,https://y.qq.com/n/ryqq/toplist/62
2026-08-10,2026-08-10T12:18:11+08:00,QQ音乐,飙升榜,飙升榜,2026-08-10,62,再也不是你,向思思,热度 1%,,713614796,004DUdq03JcoOE,https://y.qq.com/n/ryqq/toplist/62
2026-08-10,2026-08-10T12:18:11+08:00,QQ音乐,飙升榜,飙升榜,2026-08-10,63,爱是难解的签 (女生版),林允禾,热度 1%,,714564163,001IEAdA3YctJD,https://y.qq.com/n/ryqq/toplist/62
2026-08-10,2026-08-10T12:18:11+08:00,QQ音乐,飙升榜,飙升榜,2026-08-10,64,零,饭卡,热度 1%,,713606907,000ME1Oi3UePbK,https://y.qq.com/n/ryqq/toplist/62
2026-08-10,2026-08-10T12:18:11+08:00,QQ音乐,飙升榜,飙升榜,2026-08-10,65,Mirairo Rider (Japanese Ver.),铁痕电台-MSR/佐々木李子 (ささき りこ),热度 1%,,711332131,001Pfa1K01hoYJ,https://y.qq.com/n/ryqq/toplist/62
2026-08-10,2026-08-10T12:18:11+08:00,QQ音乐,飙升榜,飙升榜,2026-08-10,66,有一点动心,张信哲/任素汐,热度 1%,,300133253,003AQMuz2g2rDZ,https://y.qq.com/n/ryqq/toplist/62
2026-08-10,2026-08-10T12:18:11+08:00,QQ音乐,飙升榜,飙升榜,2026-08-10,67,左边画个虫虫,MOONBOI（杨望舒）,热度 1%,,239154864,000yyhON410BQw,https://y.qq.com/n/ryqq/toplist/62
2026-08-10,2026-08-10T12:18:11+08:00,QQ音乐,飙升榜,飙升榜,2026-08-10,68,差一步,大壮,热度 1%,,209378295,000lEj821EaXUu,https://y.qq.com/n/ryqq/toplist/62
2026-08-10,2026-08-10T12:18:11+08:00,QQ音乐,飙升榜,飙升榜,2026-08-10,69,Lost,满舒克/Jony J,热度 1%,,202307522,004AQGwD2dE4wK,https://y.qq.com/n/ryqq/toplist/62
2026-08-10,2026-08-10T12:18:11+08:00,QQ音乐,飙升榜,飙升榜,2026-08-10,70,Love 119,RIIZE (라이즈),热度 1%,,461885252,000VGU401bwaXP,https://y.qq.com/n/ryqq/toplist/62
2026-08-10,2026-08-10T12:18:11+08:00,QQ音乐,飙升榜,飙升榜,2026-08-10,71,你离开了南京，从此没有人和我说话,Pake.,热度 1%,,512697178,0021LmmG43z0UC,https://y.qq.com/n/ryqq/toplist/62
2026-08-10,2026-08-10T12:18:11+08:00,QQ音乐,飙升榜,飙升榜,2026-08-10,72,中国人会飞,Chalky Wong/揽佬SKAI ISYOURGOD,热度 1%,,713480811,004GKseX1BuCjI,https://y.qq.com/n/ryqq/toplist/62
2026-08-10,2026-08-10T12:18:11+08:00,QQ音乐,飙升榜,飙升榜,2026-08-10,73,清风微微,曾舜晞,热度 1%,,710130334,001lOTOO3XaXbu,https://y.qq.com/n/ryqq/toplist/62
2026-08-10,2026-08-10T12:18:11+08:00,QQ音乐,飙升榜,飙升榜,2026-08-10,74,倘若你爱一人,王唯旖,热度 1%,,705991318,004UFQTn2yIGn1,https://y.qq.com/n/ryqq/toplist/62
2026-08-10,2026-08-10T12:18:11+08:00,QQ音乐,飙升榜,飙升榜,2026-08-10,75,SODA SODA,TWS (투어스),热度 1%,,712306330,002zDaj51mnD55,https://y.qq.com/n/ryqq/toplist/62
2026-08-10,2026-08-10T12:18:11+08:00,QQ音乐,飙升榜,飙升榜,2026-08-10,76,double take,Dhruv,热度 1%,,246316487,004G37QV3xprjC,https://y.qq.com/n/ryqq/toplist/62
2026-08-10,2026-08-10T12:18:11+08:00,QQ音乐,飙升榜,飙升榜,2026-08-10,77,风 (一切都像风),任素汐,热度 1%,,645613332,000qP0Su4RYDfu,https://y.qq.com/n/ryqq/toplist/62
2026-08-10,2026-08-10T12:18:11+08:00,QQ音乐,飙升榜,飙升榜,2026-08-10,78,布拉格广场 (JOLIN Version),蔡依林,热度 1%,,643932079,0031YsxD45Afrz,https://y.qq.com/n/ryqq/toplist/62
2026-08-10,2026-08-10T12:18:11+08:00,QQ音乐,飙升榜,飙升榜,2026-08-10,79,歌曲：别来无恙,任素汐/毛不易,热度 1%,,642838021,0035vSQz38uITD,https://y.qq.com/n/ryqq/toplist/62
2026-08-10,2026-08-10T12:18:11+08:00,QQ音乐,飙升榜,飙升榜,2026-08-10,80,보름달 (满月),宣美 (선미)/Lena,热度 0%,,105794503,0014y0JQ443aN5,https://y.qq.com/n/ryqq/toplist/62
2026-08-10,2026-08-10T12:18:11+08:00,QQ音乐,飙升榜,飙升榜,2026-08-10,81,我向人间借晚风 (五音大全变声版),陈嘉恒,热度 0%,,714641275,002aV2Op2augIG,https://y.qq.com/n/ryqq/toplist/62
2026-08-10,2026-08-10T12:18:11+08:00,QQ音乐,飙升榜,飙升榜,2026-08-10,82,Again (我不是想要和你隔着屏幕说话),苏叙 Kai,热度 0%,,647414307,003dZWU60YWUDm,https://y.qq.com/n/ryqq/toplist/62
2026-08-10,2026-08-10T12:18:11+08:00,QQ音乐,飙升榜,飙升榜,2026-08-10,83,喀什噶尔胡杨,刀郎,热度 0%,,233530,001q4XUh3btBjg,https://y.qq.com/n/ryqq/toplist/62
2026-08-10,2026-08-10T12:18:11+08:00,QQ音乐,飙升榜,飙升榜,2026-08-10,84,床头灯,陈奕迅,热度 0%,,1411907,002yvSQG3SkYsG,https://y.qq.com/n/ryqq/toplist/62
2026-08-10,2026-08-10T12:18:11+08:00,QQ音乐,飙升榜,飙升榜,2026-08-10,85,多疑的恋人,王赫野,热度 0%,,688806258,004CULjA2BpuA8,https://y.qq.com/n/ryqq/toplist/62
2026-08-10,2026-08-10T12:18:11+08:00,QQ音乐,飙升榜,飙升榜,2026-08-10,86,独库公路G217,生命树下,热度 0%,,712535563,0005t7wR3re7WU,https://y.qq.com/n/ryqq/toplist/62
2026-08-10,2026-08-10T12:18:11+08:00,QQ音乐,飙升榜,飙升榜,2026-08-10,87,拿手好戏 (Live),盛宇D-SHINE,热度 0%,,714801823,003AEd6a435s8o,https://y.qq.com/n/ryqq/toplist/62
2026-08-10,2026-08-10T12:18:11+08:00,QQ音乐,飙升榜,飙升榜,2026-08-10,88,爸爸妈妈,乡野低频,热度 0%,,714542746,003lyrx21lIJHX,https://y.qq.com/n/ryqq/toplist/62
2026-08-10,2026-08-10T12:18:11+08:00,QQ音乐,飙升榜,飙升榜,2026-08-10,89,夜夜夜夜 (Live),金池,热度 0%,,108405677,000BceSN1dlsS0,https://y.qq.com/n/ryqq/toplist/62
2026-08-10,2026-08-10T12:18:11+08:00,QQ音乐,飙升榜,飙升榜,2026-08-10,90,心跳的证明,刘人语,热度 0%,,228777014,002lP9224GBM0S,https://y.qq.com/n/ryqq/toplist/62
2026-08-10,2026-08-10T12:18:11+08:00,QQ音乐,飙升榜,飙升榜,2026-08-10,91,心情,陈晓/赵丽颖,热度 0%,,4814944,001dN8B61pONAv,https://y.qq.com/n/ryqq/toplist/62
2026-08-10,2026-08-10T12:18:11+08:00,QQ音乐,飙升榜,飙升榜,2026-08-10,92,爱我不要丢下我,王思思,热度 0%,,1334685,001Yxdlr2d0AUQ,https://y.qq.com/n/ryqq/toplist/62
2026-08-10,2026-08-10T12:18:11+08:00,QQ音乐,飙升榜,飙升榜,2026-08-10,93,深夜港湾,海南小崇,热度 0%,,558105048,002LOIRg1nxV6K,https://y.qq.com/n/ryqq/toplist/62
2026-08-10,2026-08-10T12:18:11+08:00,QQ音乐,飙升榜,飙升榜,2026-08-10,94,哼着你爱听的歌,杨小壮,热度 0%,,516937651,0000kIJP2s5I6u,https://y.qq.com/n/ryqq/toplist/62
2026-08-10,2026-08-10T12:18:11+08:00,QQ音乐,飙升榜,飙升榜,2026-08-10,95,幸福在歌唱 (Live),希林娜依高,热度 0%,,714810911,004djwPm1jiGR8,https://y.qq.com/n/ryqq/toplist/62
2026-08-10,2026-08-10T12:18:11+08:00,QQ音乐,飙升榜,飙升榜,2026-08-10,96,亲爱的小孩,任素汐,热度 0%,,351510328,003wBDjo3kfnT2,https://y.qq.com/n/ryqq/toplist/62
2026-08-10,2026-08-10T12:18:11+08:00,QQ音乐,飙升榜,飙升榜,2026-08-10,97,未晚,杨千嬅,热度 0%,,446885207,0013vIv12kE3In,https://y.qq.com/n/ryqq/toplist/62
2026-08-10,2026-08-10T12:18:11+08:00,QQ音乐,飙升榜,飙升榜,2026-08-10,98,风吹过下雨天,曹方,热度 0%,,9076412,003NNtMD1vi9QE,https://y.qq.com/n/ryqq/toplist/62
2026-08-10,2026-08-10T12:18:11+08:00,QQ音乐,飙升榜,飙升榜,2026-08-10,99,再珍重,黄景瑜,热度 0%,,714654954,001AyABF0yt5qg,https://y.qq.com/n/ryqq/toplist/62
2026-08-10,2026-08-10T12:18:11+08:00,QQ音乐,飙升榜,飙升榜,2026-08-10,100,We Will Be Victorious,Jacob Diab/Martin Bak,热度 0%,,426345126,001ygUbb0QSnmF,https://y.qq.com/n/ryqq/toplist/62
2026-08-10,2026-08-10T12:18:11+08:00,酷狗音乐,热歌榜,酷狗TOP500,2026-08-10,1,山风山风等等我,万海东,,3:29,CE256D96F1F025D60468D8F0BC9EE64B,200106963,https://www.kugou.com/yy/rank/home/1-8888.html?from=rank
2026-08-10,2026-08-10T12:18:11+08:00,酷狗音乐,热歌榜,酷狗TOP500,2026-08-10,2,甲乙丙丁 (你我怎么两清),李佳薇,,3:30,213D580CA0BDCC28A5FDBA995FFDA106,197648995,https://www.kugou.com/yy/rank/home/1-8888.html?from=rank
2026-08-10,2026-08-10T12:18:11+08:00,酷狗音乐,热歌榜,酷狗TOP500,2026-08-10,3,你有没有真的爱过我,阿图表妹,,4:03,FE39668F68770C3FB3BE57A3E86CCC10,190170015,https://www.kugou.com/yy/rank/home/1-8888.html?from=rank
2026-08-10,2026-08-10T12:18:11+08:00,酷狗音乐,热歌榜,酷狗TOP500,2026-08-10,4,吹吹山顶的风,巴扎黑,,2:59,87311B26EDEE637CA1448E14230BCB68,198304563,https://www.kugou.com/yy/rank/home/1-8888.html?from=rank
2026-08-10,2026-08-10T12:18:11+08:00,酷狗音乐,热歌榜,酷狗TOP500,2026-08-10,5,哼着你爱听的歌,杨小壮,,3:21,BAF3B2A7AC043CDB154EBAFD69A6C76A,104507270,https://www.kugou.com/yy/rank/home/1-8888.html?from=rank
2026-08-10,2026-08-10T12:18:11+08:00,酷狗音乐,热歌榜,酷狗TOP500,2026-08-10,6,踏马寻花向自由 (雷鬼版),超哥,,2:59,B5BA68A039E54847B4E14A46A268991B,194886112,https://www.kugou.com/yy/rank/home/1-8888.html?from=rank
2026-08-10,2026-08-10T12:18:11+08:00,酷狗音乐,热歌榜,酷狗TOP500,2026-08-10,7,回到小村落 (听着蛐蛐唱着歌),宋盐球,,3:45,AF27C3A04E82042F66D51EF604B47AD5,200330995,https://www.kugou.com/yy/rank/home/1-8888.html?from=rank
2026-08-10,2026-08-10T12:18:11+08:00,酷狗音乐,热歌榜,酷狗TOP500,2026-08-10,8,失眠,Suki刘舒妤,,3:31,EC476A2009EF5DCAC13EDCD11870DF55,671621,https://www.kugou.com/yy/rank/home/1-8888.html?from=rank
2026-08-10,2026-08-10T12:18:11+08:00,酷狗音乐,热歌榜,酷狗TOP500,2026-08-10,9,金达莱花 (猛Remix),猛弟/邹子寒,,2:18,E93CB193E4133C79EA9BCC9F852375AD,201184757,https://www.kugou.com/yy/rank/home/1-8888.html?from=rank
2026-08-10,2026-08-10T12:18:11+08:00,酷狗音乐,热歌榜,酷狗TOP500,2026-08-10,10,盛夏的果实,莫文蔚,,4:11,1C86CBC64AE9A6C3539A36CAADDF1A59,978378,https://www.kugou.com/yy/rank/home/1-8888.html?from=rank
2026-08-10,2026-08-10T12:18:11+08:00,酷狗音乐,热歌榜,酷狗TOP500,2026-08-10,11,人生路漫漫,白小白,,3:55,B8CA573A69DB5050C7EE0C1AB79144E5,179917533,https://www.kugou.com/yy/rank/home/1-8888.html?from=rank
2026-08-10,2026-08-10T12:18:11+08:00,酷狗音乐,热歌榜,酷狗TOP500,2026-08-10,12,岁月如笔写春秋,河南三妹5233,,4:11,5D4C2F9D994E5BECDC9BA0FBC6BD3DD8,191576482,https://www.kugou.com/yy/rank/home/1-8888.html?from=rank
2026-08-10,2026-08-10T12:18:11+08:00,酷狗音乐,热歌榜,酷狗TOP500,2026-08-10,13,梦哑,任然,,3:54,3194D1AA995469BEF8620E96989D6BA8,193630889,https://www.kugou.com/yy/rank/home/1-8888.html?from=rank
2026-08-10,2026-08-10T12:18:11+08:00,酷狗音乐,热歌榜,酷狗TOP500,2026-08-10,14,樱花草,Sweety,,4:44,F0B01830164E4974A2AC9E85DD446D45,507451,https://www.kugou.com/yy/rank/home/1-8888.html?from=rank
2026-08-10,2026-08-10T12:18:11+08:00,酷狗音乐,热歌榜,酷狗TOP500,2026-08-10,15,偏爱,张芸京,,3:33,4A544525C1F78DBDF25361DB0E255495,968788,https://www.kugou.com/yy/rank/home/1-8888.html?from=rank
2026-08-10,2026-08-10T12:18:11+08:00,酷狗音乐,热歌榜,酷狗TOP500,2026-08-10,16,雨过后的风景,Dizzy Dizzo (蔡诗芸),,4:03,E3F046EDB5EB76BBA5A44FFA3D8F8C42,974143,https://www.kugou.com/yy/rank/home/1-8888.html?from=rank
2026-08-10,2026-08-10T12:18:11+08:00,酷狗音乐,热歌榜,酷狗TOP500,2026-08-10,17,黄昏 (纵然青丝如霜)(R&B版),落日微醺,,4:05,423FC1778078ACF260242626820E4244,194767721,https://www.kugou.com/yy/rank/home/1-8888.html?from=rank
2026-08-10,2026-08-10T12:18:11+08:00,酷狗音乐,热歌榜,酷狗TOP500,2026-08-10,18,雨爱,杨丞琳,,4:21,2592FFA57A2D8B1A16F18D991B7098CD,2694607,https://www.kugou.com/yy/rank/home/1-8888.html?from=rank
2026-08-10,2026-08-10T12:18:11+08:00,酷狗音乐,热歌榜,酷狗TOP500,2026-08-10,19,恋人,李荣浩,,4:36,9DA7851E2BF83B18C74CBBAB461CEFDD,106374641,https://www.kugou.com/yy/rank/home/1-8888.html?from=rank
2026-08-10,2026-08-10T12:18:11+08:00,酷狗音乐,热歌榜,酷狗TOP500,2026-08-10,20,阴天,莫文蔚,,4:02,E4271CB5938F401AA283FBEA49223BF8,970575,https://www.kugou.com/yy/rank/home/1-8888.html?from=rank
2026-08-10,2026-08-10T12:18:11+08:00,酷狗音乐,热歌榜,酷狗TOP500,2026-08-10,21,像我这样爱你的人,落日微醺本薰、张多金,,4:22,2AEE05C92035800815DE6AFEE285FD0B,201366705,https://www.kugou.com/yy/rank/home/1-8888.html?from=rank
2026-08-10,2026-08-10T12:18:11+08:00,酷狗音乐,热歌榜,酷狗TOP500,2026-08-10,22,碎碎念,队长,,2:13,A823AE8D84854FD2EB5B8E599D1263FA,79831015,https://www.kugou.com/yy/rank/home/1-8888.html?from=rank
2026-08-10,2026-08-10T12:18:11+08:00,酷狗音乐,热歌榜,酷狗TOP500,2026-08-10,23,小半,陈粒,,4:57,AFEA9FFE5D7F0EF0874119A363820D33,1749208,https://www.kugou.com/yy/rank/home/2-8888.html?from=rank
2026-08-10,2026-08-10T12:18:11+08:00,酷狗音乐,热歌榜,酷狗TOP500,2026-08-10,24,差一步,大壮,,4:06,08C2E4AF2BDDB11D36E2B04A51DA30CE,6194568,https://www.kugou.com/yy/rank/home/2-8888.html?from=rank
2026-08-10,2026-08-10T12:18:11+08:00,酷狗音乐,热歌榜,酷狗TOP500,2026-08-10,25,黄昏,周传雄,,5:44,7DE9A9CD041157F6BF3FE9FFBCF120E3,964612,https://www.kugou.com/yy/rank/home/2-8888.html?from=rank
2026-08-10,2026-08-10T12:18:11+08:00,酷狗音乐,热歌榜,酷狗TOP500,2026-08-10,26,我不难过,孙燕姿,,5:20,3FD7E1EC51122C745C637735C8BDE716,965883,https://www.kugou.com/yy/rank/home/2-8888.html?from=rank
2026-08-10,2026-08-10T12:18:11+08:00,酷狗音乐,热歌榜,酷狗TOP500,2026-08-10,27,晴天,周杰伦,,4:29,B3A52A7A958BF0AED0EBFBA2E9A818B7,966846,https://www.kugou.com/yy/rank/home/2-8888.html?from=rank
2026-08-10,2026-08-10T12:18:11+08:00,酷狗音乐,热歌榜,酷狗TOP500,2026-08-10,28,离开我的依赖,王艳薇,,3:54,A9C377CC1B9931F0CE81907E23E4D588,36181053,https://www.kugou.com/yy/rank/home/2-8888.html?from=rank
2026-08-10,2026-08-10T12:18:11+08:00,酷狗音乐,热歌榜,酷狗TOP500,2026-08-10,29,若不是因为你 (深情版),林栖,,4:13,6CCB2559DE8FC8965E98F641C4C33B6A,176013962,https://www.kugou.com/yy/rank/home/2-8888.html?from=rank
2026-08-10,2026-08-10T12:18:11+08:00,酷狗音乐,热歌榜,酷狗TOP500,2026-08-10,30,空心 (Live),黄霄雲、刘端端,,4:55,6F74F7B3D9B87CA771573ABD27B2A820,199810791,https://www.kugou.com/yy/rank/home/2-8888.html?from=rank
2026-08-10,2026-08-10T12:18:11+08:00,酷狗音乐,热歌榜,酷狗TOP500,2026-08-10,31,情歌,梁静茹,,4:20,72DB6DA75FFE23A3A6361BDB8F44D5F4,2997268,https://www.kugou.com/yy/rank/home/2-8888.html?from=rank
2026-08-10,2026-08-10T12:18:11+08:00,酷狗音乐,热歌榜,酷狗TOP500,2026-08-10,32,讨厌,芮恩,,4:18,C88A8D3EF16E2C4E944B947E0F56A7AD,2996887,https://www.kugou.com/yy/rank/home/2-8888.html?from=rank
2026-08-10,2026-08-10T12:18:11+08:00,酷狗音乐,热歌榜,酷狗TOP500,2026-08-10,33,有风的日落,万海东,,3:49,94774F06E73EF9ABD739423E1A414593,181906094,https://www.kugou.com/yy/rank/home/2-8888.html?from=rank
2026-08-10,2026-08-10T12:18:11+08:00,酷狗音乐,热歌榜,酷狗TOP500,2026-08-10,34,街角的晚风,陈小春,,4:00,18B89D66950B7856EABB131BB6273F6E,169830039,https://www.kugou.com/yy/rank/home/2-8888.html?from=rank
2026-08-10,2026-08-10T12:18:11+08:00,酷狗音乐,热歌榜,酷狗TOP500,2026-08-10,35,吹吹山顶的风,日落点播,,2:52,366BB56F5FF00F13F2C7DCDDB21FBA93,199225077,https://www.kugou.com/yy/rank/home/2-8888.html?from=rank
2026-08-10,2026-08-10T12:18:11+08:00,酷狗音乐,热歌榜,酷狗TOP500,2026-08-10,36,最佳损友,陈奕迅,,3:54,CBFA7DDE592B23322E21E4BDAA9BE9F9,964332,https://www.kugou.com/yy/rank/home/2-8888.html?from=rank
2026-08-10,2026-08-10T12:18:11+08:00,酷狗音乐,热歌榜,酷狗TOP500,2026-08-10,37,Fever Pitch,Richz,,2:15,594B915AEEDA7DA8F5BD70B63EA76EAD,180499937,https://www.kugou.com/yy/rank/home/2-8888.html?from=rank
2026-08-10,2026-08-10T12:18:11+08:00,酷狗音乐,热歌榜,酷狗TOP500,2026-08-10,38,我借 (御姐版),铁锤夫妇,,4:07,EC2F26754FED82D125388E7B27D536AA,197901242,https://www.kugou.com/yy/rank/home/2-8888.html?from=rank
2026-08-10,2026-08-10T12:18:11+08:00,酷狗音乐,热歌榜,酷狗TOP500,2026-08-10,39,枫,周杰伦,,4:36,0D7E8C11C961A17EB8779FEB0CA772E3,958909,https://www.kugou.com/yy/rank/home/2-8888.html?from=rank
2026-08-10,2026-08-10T12:18:11+08:00,酷狗音乐,热歌榜,酷狗TOP500,2026-08-10,40,忘情牛肉面,马健涛,,3:02,E9E3E3F40397839A715537F5AA5C93CE,32988895,https://www.kugou.com/yy/rank/home/2-8888.html?from=rank
2026-08-10,2026-08-10T12:18:11+08:00,酷狗音乐,热歌榜,酷狗TOP500,2026-08-10,41,半点心,草蜢,,3:52,6DF94BFD206BB819120C0D021B93EDBC,564642,https://www.kugou.com/yy/rank/home/2-8888.html?from=rank
2026-08-10,2026-08-10T12:18:11+08:00,酷狗音乐,热歌榜,酷狗TOP500,2026-08-10,42,美人鱼,林俊杰,,4:14,CDAE8C7E2FAF7F08DC18E78A1D65117B,969588,https://www.kugou.com/yy/rank/home/2-8888.html?from=rank
2026-08-10,2026-08-10T12:18:11+08:00,酷狗音乐,热歌榜,酷狗TOP500,2026-08-10,43,红尘客栈,周杰伦,,4:34,48729371F20FB048EF4E51D4CD41DBF5,982051,https://www.kugou.com/yy/rank/home/2-8888.html?from=rank
2026-08-10,2026-08-10T12:18:11+08:00,酷狗音乐,热歌榜,酷狗TOP500,2026-08-10,44,唯一,G.E.M. 邓紫棋,,4:14,AB05B8F658851282DCB2CBAD548AEB9B,82564821,https://www.kugou.com/yy/rank/home/2-8888.html?from=rank
2026-08-10,2026-08-10T12:18:11+08:00,酷狗音乐,热歌榜,酷狗TOP500,2026-08-10,45,茶花开了，该回家了,王睿卓、加木,,3:10,99F0F17B7C6F110346411E7AD552156D,133732298,https://www.kugou.com/yy/rank/home/3-8888.html?from=rank
2026-08-10,2026-08-10T12:18:11+08:00,酷狗音乐,热歌榜,酷狗TOP500,2026-08-10,46,我怀念的,孙燕姿,,4:49,1A3CAACB1E361DAF217A2383E9C8E292,984086,https://www.kugou.com/yy/rank/home/3-8888.html?from=rank
2026-08-10,2026-08-10T12:18:11+08:00,酷狗音乐,热歌榜,酷狗TOP500,2026-08-10,47,半壶纱,刘珂矣,,3:41,951AB088C5A08F491471A1296DF93707,948327,https://www.kugou.com/yy/rank/home/3-8888.html?from=rank
2026-08-10,2026-08-10T12:18:11+08:00,酷狗音乐,热歌榜,酷狗TOP500,2026-08-10,48,我不该动情 (藏语男女合唱版),万能和弦,,3:25,E1CDCF04108F3E2A756E3732E80EEF42,199546874,https://www.kugou.com/yy/rank/home/3-8888.html?from=rank
2026-08-10,2026-08-10T12:18:11+08:00,酷狗音乐,热歌榜,酷狗TOP500,2026-08-10,49,落日微醺 (晚风中一杯酒),落日微醺,,4:14,CB22754AB8A0F20FCC015D0A800758CE,196517740,https://www.kugou.com/yy/rank/home/3-8888.html?from=rank
2026-08-10,2026-08-10T12:18:11+08:00,酷狗音乐,热歌榜,酷狗TOP500,2026-08-10,50,坏女孩,徐良、小凌,,4:07,9365223F903B13D0DAF54B6091AC3E7B,511536,https://www.kugou.com/yy/rank/home/3-8888.html?from=rank
2026-08-10,2026-08-10T12:18:11+08:00,酷狗音乐,热歌榜,酷狗TOP500,2026-08-10,51,求求你别再说爱我 (闽南语版),万能和弦,,3:34,20E75550962473585D2432D513F92E80,202268553,https://www.kugou.com/yy/rank/home/3-8888.html?from=rank
2026-08-10,2026-08-10T12:18:11+08:00,酷狗音乐,热歌榜,酷狗TOP500,2026-08-10,52,野心家,张靓颖,,4:43,1789AD88CFDD254910125F22494C0E8B,161637189,https://www.kugou.com/yy/rank/home/3-8888.html?from=rank
2026-08-10,2026-08-10T12:18:11+08:00,酷狗音乐,热歌榜,酷狗TOP500,2026-08-10,53,演员,薛之谦,,4:21,097E777171F692855EAE98B6965F9477,14456909,https://www.kugou.com/yy/rank/home/3-8888.html?from=rank
2026-08-10,2026-08-10T12:18:11+08:00,酷狗音乐,热歌榜,酷狗TOP500,2026-08-10,54,海阔天空,BEYOND,,5:25,C41E80A18D1448FA47086372999C7F43,973001,https://www.kugou.com/yy/rank/home/3-8888.html?from=rank
2026-08-10,2026-08-10T12:18:11+08:00,酷狗音乐,热歌榜,酷狗TOP500,2026-08-10,55,童话,光良,,4:04,472FF9D57BCE90288EC88CBE100BCB2A,974097,https://www.kugou.com/yy/rank/home/3-8888.html?from=rank
2026-08-10,2026-08-10T12:18:11+08:00,酷狗音乐,热歌榜,酷狗TOP500,2026-08-10,56,爱错,王力宏,,3:59,8E021794DFD02C48D2C6281A55BCBDC6,2996462,https://www.kugou.com/yy/rank/home/3-8888.html?from=rank
2026-08-10,2026-08-10T12:18:11+08:00,酷狗音乐,热歌榜,酷狗TOP500,2026-08-10,57,无人之岛,任然,,4:45,8E568D8806F771607104D8BF9695ACE0,2916172,https://www.kugou.com/yy/rank/home/3-8888.html?from=rank
2026-08-10,2026-08-10T12:18:11+08:00,酷狗音乐,热歌榜,酷狗TOP500,2026-08-10,58,北方的后海没有海 (r&b微醺版),落日微醺,,3:26,DB3D10DE8DF3C5188EC036A9724F9418,196519034,https://www.kugou.com/yy/rank/home/3-8888.html?from=rank
2026-08-10,2026-08-10T12:18:11+08:00,酷狗音乐,热歌榜,酷狗TOP500,2026-08-10,59,好想再爱你,潘广益,,4:31,B78BA4062528E712B68C42DC6A4D9AAE,957659,https://www.kugou.com/yy/rank/home/3-8888.html?from=rank
2026-08-10,2026-08-10T12:18:11+08:00,酷狗音乐,热歌榜,酷狗TOP500,2026-08-10,60,下完这场雨,后弦,,4:31,2EEFFF98A4F19D945BBA7C78FB2079C0,1964990,https://www.kugou.com/yy/rank/home/3-8888.html?from=rank
2026-08-10,2026-08-10T12:18:11+08:00,酷狗音乐,热歌榜,酷狗TOP500,2026-08-10,61,再爱你也没用,范贵宾,,3:29,BDBD97AB8C5069D49A5159EB7EC60A72,197763885,https://www.kugou.com/yy/rank/home/3-8888.html?from=rank
2026-08-10,2026-08-10T12:18:11+08:00,酷狗音乐,热歌榜,酷狗TOP500,2026-08-10,62,抽离,徐良、刘丹萌,,4:18,37A9C74C33A9FAEFF672CFDF4C699581,547514,https://www.kugou.com/yy/rank/home/3-8888.html?from=rank
2026-08-10,2026-08-10T12:18:11+08:00,酷狗音乐,热歌榜,酷狗TOP500,2026-08-10,63,多疑的恋人,王赫野,,3:11,34ACC7CE14848B3370E6748A279FBF3F,195842464,https://www.kugou.com/yy/rank/home/3-8888.html?from=rank
2026-08-10,2026-08-10T12:18:11+08:00,酷狗音乐,热歌榜,酷狗TOP500,2026-08-10,64,后来,刘若英,,5:38,C4904D4E3BBA872D41D3BDBF597E2B18,16562,https://www.kugou.com/yy/rank/home/3-8888.html?from=rank
2026-08-10,2026-08-10T12:18:11+08:00,酷狗音乐,热歌榜,酷狗TOP500,2026-08-10,65,我不该动情,老板,,3:57,DFA780605FE78F1572761712931024A7,197593768,https://www.kugou.com/yy/rank/home/3-8888.html?from=rank
2026-08-10,2026-08-10T12:18:11+08:00,酷狗音乐,热歌榜,酷狗TOP500,2026-08-10,66,开始懂了,孙燕姿,,4:32,93F260998A10F4AD6B46606AF5C8EC72,972102,https://www.kugou.com/yy/rank/home/3-8888.html?from=rank
2026-08-10,2026-08-10T12:18:11+08:00,酷狗音乐,热歌榜,酷狗TOP500,2026-08-10,67,青花瓷,周杰伦,,3:59,37A8F50A9EC3B267C3CC6BEC633D9C4A,979856,https://www.kugou.com/yy/rank/home/4-8888.html?from=rank
2026-08-10,2026-08-10T12:18:11+08:00,酷狗音乐,热歌榜,酷狗TOP500,2026-08-10,68,Angel,尹美莱、Tiger JK、Bizzy,,4:15,157D75DA9A1B5B4FED6C529C2B1C2452,964390,https://www.kugou.com/yy/rank/home/4-8888.html?from=rank
2026-08-10,2026-08-10T12:18:11+08:00,酷狗音乐,热歌榜,酷狗TOP500,2026-08-10,69,茶花开了,王睿卓,,4:30,007A7A8EAFA3FF9EA51EF6A767AC3497,130468077,https://www.kugou.com/yy/rank/home/4-8888.html?from=rank
2026-08-10,2026-08-10T12:18:11+08:00,酷狗音乐,热歌榜,酷狗TOP500,2026-08-10,70,十年,陈奕迅,,3:25,5146461A5717B942F4B13125978618E3,504194,https://www.kugou.com/yy/rank/home/4-8888.html?from=rank
2026-08-10,2026-08-10T12:18:11+08:00,酷狗音乐,热歌榜,酷狗TOP500,2026-08-10,71,知了,陈默之,,3:52,FE6608CE529684B94CBA506E2B0C7BB6,91222498,https://www.kugou.com/yy/rank/home/4-8888.html?from=rank
2026-08-10,2026-08-10T12:18:11+08:00,酷狗音乐,热歌榜,酷狗TOP500,2026-08-10,72,富士山下,陈奕迅,,4:19,0433F1A94FA162B20FB8AE576A951D6B,976404,https://www.kugou.com/yy/rank/home/4-8888.html?from=rank
2026-08-10,2026-08-10T12:18:11+08:00,酷狗音乐,热歌榜,酷狗TOP500,2026-08-10,73,心墙,郭静,,3:47,97870F3D4B01A7822DC497C6127EA66D,968033,https://www.kugou.com/yy/rank/home/4-8888.html?from=rank
2026-08-10,2026-08-10T12:18:11+08:00,酷狗音乐,热歌榜,酷狗TOP500,2026-08-10,74,晨间新闻,蔡健雅,,3:50,09A4599755FAF50EACBA75F5153A9D92,965319,https://www.kugou.com/yy/rank/home/4-8888.html?from=rank
2026-08-10,2026-08-10T12:18:11+08:00,酷狗音乐,热歌榜,酷狗TOP500,2026-08-10,75,红色高跟鞋,蔡健雅,,3:27,055A804B8A3CCC05240D08F8FF1F7DE8,978459,https://www.kugou.com/yy/rank/home/4-8888.html?from=rank
2026-08-10,2026-08-10T12:18:11+08:00,酷狗音乐,热歌榜,酷狗TOP500,2026-08-10,76,光辉岁月,BEYOND,,5:04,BBFE9596615ADE83FF6B117831C45E4D,960181,https://www.kugou.com/yy/rank/home/4-8888.html?from=rank
2026-08-10,2026-08-10T12:18:11+08:00,酷狗音乐,热歌榜,酷狗TOP500,2026-08-10,77,亲爱的你啊,任素汐,,3:56,C42C2C5C7A68CDAFBF543F29AF883B1D,144348541,https://www.kugou.com/yy/rank/home/4-8888.html?from=rank
2026-08-10,2026-08-10T12:18:11+08:00,酷狗音乐,热歌榜,酷狗TOP500,2026-08-10,78,告白气球,周杰伦,,3:36,688857974673645CE89EDA26A36DB19D,1645030,https://www.kugou.com/yy/rank/home/4-8888.html?from=rank
2026-08-10,2026-08-10T12:18:11+08:00,酷狗音乐,热歌榜,酷狗TOP500,2026-08-10,79,稻香,周杰伦,,3:44,8909E1809908CD8E3BF6CF85D98B93F0,960399,https://www.kugou.com/yy/rank/home/4-8888.html?from=rank
2026-08-10,2026-08-10T12:18:11+08:00,酷狗音乐,热歌榜,酷狗TOP500,2026-08-10,80,每个人 (舒楠监制),周深,,3:51,03A6AFF0ED029F2FF05ED544FCD40D3F,202043425,https://www.kugou.com/yy/rank/home/4-8888.html?from=rank
2026-08-10,2026-08-10T12:18:11+08:00,酷狗音乐,热歌榜,酷狗TOP500,2026-08-10,81,一直很安静,阿桑,,4:10,44816EF0288A3B1ED2C4A5C5FE6B93B3,972917,https://www.kugou.com/yy/rank/home/4-8888.html?from=rank
2026-08-10,2026-08-10T12:18:11+08:00,酷狗音乐,热歌榜,酷狗TOP500,2026-08-10,82,山歌追上云朵,央金拉姆,,3:35,B81F368C6B44B98B0E2B4E9F417F1002,193932928,https://www.kugou.com/yy/rank/home/4-8888.html?from=rank
2026-08-10,2026-08-10T12:18:11+08:00,酷狗音乐,热歌榜,酷狗TOP500,2026-08-10,83,其实,薛之谦,,4:02,2A8911EAD4838BF967CF5A300D787E53,960327,https://www.kugou.com/yy/rank/home/4-8888.html?from=rank
2026-08-10,2026-08-10T12:18:11+08:00,酷狗音乐,热歌榜,酷狗TOP500,2026-08-10,84,来不及爱你,h3R3刘清云,,3:25,E3ED52965CEE83A40D73C5FB1DA7FF62,76488384,https://www.kugou.com/yy/rank/home/4-8888.html?from=rank
2026-08-10,2026-08-10T12:18:11+08:00,酷狗音乐,热歌榜,酷狗TOP500,2026-08-10,85,枪火 (相对那就针锋相对),宝石Gem,,3:18,76923758046CB591DC9556D1FB69D976,154798334,https://www.kugou.com/yy/rank/home/4-8888.html?from=rank
2026-08-10,2026-08-10T12:18:11+08:00,酷狗音乐,热歌榜,酷狗TOP500,2026-08-10,86,特别的人,方大同,,4:19,0F7A79ADAAEEB6EA1DA3E19DD637FD73,965097,https://www.kugou.com/yy/rank/home/4-8888.html?from=rank
2026-08-10,2026-08-10T12:18:11+08:00,酷狗音乐,热歌榜,酷狗TOP500,2026-08-10,87,一生能有多少个秋天,一叶儿知秋,,3:58,8638058FBC28673B1FBC64903725E474,202001781,https://www.kugou.com/yy/rank/home/4-8888.html?from=rank
2026-08-10,2026-08-10T12:18:11+08:00,酷狗音乐,热歌榜,酷狗TOP500,2026-08-10,88,过海,王赫野、黄龄,,3:47,35405E44573EF6D9F2F0AB42AE8BD716,199401816,https://www.kugou.com/yy/rank/home/4-8888.html?from=rank
2026-08-10,2026-08-10T12:18:11+08:00,酷狗音乐,热歌榜,酷狗TOP500,2026-08-10,89,第57次取消发送,菲菲公主（陆绮菲）,,3:01,F17C489C53382E608F9CBB3ED9F6D2AA,137397074,https://www.kugou.com/yy/rank/home/5-8888.html?from=rank
2026-08-10,2026-08-10T12:18:11+08:00,酷狗音乐,热歌榜,酷狗TOP500,2026-08-10,90,明天过后,张杰,,3:59,5B900D95E79765AE62664BE5C871DD9E,38606351,https://www.kugou.com/yy/rank/home/5-8888.html?from=rank
2026-08-10,2026-08-10T12:18:11+08:00,酷狗音乐,热歌榜,酷狗TOP500,2026-08-10,91,勇气,梁静茹,,3:59,A4D0C350CF4475BFBB0AB28DC6E25A8D,973299,https://www.kugou.com/yy/rank/home/5-8888.html?from=rank
2026-08-10,2026-08-10T12:18:11+08:00,酷狗音乐,热歌榜,酷狗TOP500,2026-08-10,92,一场游戏一场梦,王杰,,4:17,55340B431243FF5F112527EFC0591232,7547885,https://www.kugou.com/yy/rank/home/5-8888.html?from=rank
2026-08-10,2026-08-10T12:18:11+08:00,酷狗音乐,热歌榜,酷狗TOP500,2026-08-10,93,七里香,周杰伦,,4:59,9218D81686C6AC681BC7CA621958AD6D,971783,https://www.kugou.com/yy/rank/home/5-8888.html?from=rank
2026-08-10,2026-08-10T12:18:11+08:00,酷狗音乐,热歌榜,酷狗TOP500,2026-08-10,94,搁浅,周杰伦,,4:00,8141FAA45AAD5BCFF5FF9873B89709E3,971783,https://www.kugou.com/yy/rank/home/5-8888.html?from=rank
2026-08-10,2026-08-10T12:18:11+08:00,酷狗音乐,热歌榜,酷狗TOP500,2026-08-10,95,玻璃,Gareth.T,,3:05,ED0ED6B17B6C29695E97F5CC945C7901,191663409,https://www.kugou.com/yy/rank/home/5-8888.html?from=rank
2026-08-10,2026-08-10T12:18:11+08:00,酷狗音乐,热歌榜,酷狗TOP500,2026-08-10,96,江南,林俊杰,,4:28,B83DBB8E3DD3FCF86BF32690B91547F5,969588,https://www.kugou.com/yy/rank/home/5-8888.html?from=rank
2026-08-10,2026-08-10T12:18:11+08:00,酷狗音乐,热歌榜,酷狗TOP500,2026-08-10,97,带我走,杨丞琳,,4:50,0C57DE35C3CB2A32A8CF634E4F8309C4,975441,https://www.kugou.com/yy/rank/home/5-8888.html?from=rank
2026-08-10,2026-08-10T12:18:11+08:00,酷狗音乐,热歌榜,酷狗TOP500,2026-08-10,98,遇见,孙燕姿,,3:31,9F865C787E90E013B2BC847BAAA306AA,964325,https://www.kugou.com/yy/rank/home/5-8888.html?from=rank
2026-08-10,2026-08-10T12:18:11+08:00,酷狗音乐,热歌榜,酷狗TOP500,2026-08-10,99,如愿,王菲,,4:25,EC1A18BBD6B61CB203E656B91F5CF2D1,49057589,https://www.kugou.com/yy/rank/home/5-8888.html?from=rank
2026-08-10,2026-08-10T12:18:11+08:00,酷狗音乐,热歌榜,酷狗TOP500,2026-08-10,100,爱情讯息,郭静,,4:41,D8E857250D8EEA9C5FAFDAF7857640A5,971139,https://www.kugou.com/yy/rank/home/5-8888.html?from=rank
2026-08-10,2026-08-10T12:18:11+08:00,酷狗音乐,热歌榜,酷狗TOP500,2026-08-10,101,背对背拥抱,林俊杰,,3:55,D3CB60981A747455AE3142C25809051E,975828,https://www.kugou.com/yy/rank/home/5-8888.html?from=rank
2026-08-10,2026-08-10T12:18:11+08:00,酷狗音乐,热歌榜,酷狗TOP500,2026-08-10,102,泪海,许茹芸,,4:58,FBC174E7C22B9AF471B7B93A61751E1B,975212,https://www.kugou.com/yy/rank/home/5-8888.html?from=rank
2026-08-10,2026-08-10T12:18:11+08:00,酷狗音乐,热歌榜,酷狗TOP500,2026-08-10,103,吻别 (烟嗓女版),烟嗓小希,,4:49,12750D3982067B33EB395B9BF2A714E0,200693191,https://www.kugou.com/yy/rank/home/5-8888.html?from=rank
2026-08-10,2026-08-10T12:18:11+08:00,酷狗音乐,热歌榜,酷狗TOP500,2026-08-10,104,街道,林俊杰,,4:02,D9DF39A88E29EADDB272A4B04393D357,963179,https://www.kugou.com/yy/rank/home/5-8888.html?from=rank
2026-08-10,2026-08-10T12:18:11+08:00,酷狗音乐,热歌榜,酷狗TOP500,2026-08-10,105,千千阕歌,陈慧娴,,5:01,81E5A1C3B9E016D61FE91B809B4A7DC1,971621,https://www.kugou.com/yy/rank/home/5-8888.html?from=rank
2026-08-10,2026-08-10T12:18:11+08:00,酷狗音乐,热歌榜,酷狗TOP500,2026-08-10,106,认真的雪,薛之谦,,4:19,D2E00CC158DB4DA18927AC3B01CC371B,2689239,https://www.kugou.com/yy/rank/home/5-8888.html?from=rank
2026-08-10,2026-08-10T12:18:11+08:00,酷狗音乐,热歌榜,酷狗TOP500,2026-08-10,107,有些,颜人中,,3:49,D79E556C176AE1A3ADE8B532810C4CE8,34604592,https://www.kugou.com/yy/rank/home/5-8888.html?from=rank
2026-08-10,2026-08-10T12:18:11+08:00,酷狗音乐,热歌榜,酷狗TOP500,2026-08-10,108,我们俩,郭顶,,3:14,DD4D224BC3DBFD1A0F6E338928620E69,979601,https://www.kugou.com/yy/rank/home/5-8888.html?from=rank
2026-08-10,2026-08-10T12:18:11+08:00,酷狗音乐,热歌榜,酷狗TOP500,2026-08-10,109,山风山风等等我 (烟嗓版),老韩很哇塞,,3:29,9F8DD429EDFA2FE5617A003529D16408,201607380,https://www.kugou.com/yy/rank/home/5-8888.html?from=rank
2026-08-10,2026-08-10T12:18:11+08:00,酷狗音乐,热歌榜,酷狗TOP500,2026-08-10,110,Copines,Aya Nakamura,,2:52,1CDA977A7FC0BCCC23BC7DF4D0194389,39155596,https://www.kugou.com/yy/rank/home/5-8888.html?from=rank
2026-08-10,2026-08-10T12:18:11+08:00,酷狗音乐,热歌榜,酷狗TOP500,2026-08-10,111,只对你有感觉,飞轮海、田馥甄,,3:59,E400C3F475001BA5B0F197F2E1923F47,556347,https://www.kugou.com/yy/rank/home/6-8888.html?from=rank
2026-08-10,2026-08-10T12:18:11+08:00,酷狗音乐,热歌榜,酷狗TOP500,2026-08-10,112,The Other Side Of Paradise (Explicit),Glass Animals,,5:21,222314858D998CCDDD4BF0B7BAF2F5A2,47764102,https://www.kugou.com/yy/rank/home/6-8888.html?from=rank
2026-08-10,2026-08-10T12:18:11+08:00,酷狗音乐,热歌榜,酷狗TOP500,2026-08-10,113,Always Online,林俊杰,,3:45,16A4E4895905B703AC0F31007A495D4C,963179,https://www.kugou.com/yy/rank/home/6-8888.html?from=rank
2026-08-10,2026-08-10T12:18:11+08:00,酷狗音乐,热歌榜,酷狗TOP500,2026-08-10,114,至少还有你,林忆莲,,4:35,BA9D67DAB59FA6DCE243F4B6B70ACA95,967340,https://www.kugou.com/yy/rank/home/6-8888.html?from=rank
2026-08-10,2026-08-10T12:18:11+08:00,酷狗音乐,热歌榜,酷狗TOP500,2026-08-10,115,失忆 (他们说爱过就可以伤和别离),刘崇健,,3:30,AF725878ED465C8D02D56CF765F5BFD0,24684443,https://www.kugou.com/yy/rank/home/6-8888.html?from=rank
2026-08-10,2026-08-10T12:18:11+08:00,酷狗音乐,热歌榜,酷狗TOP500,2026-08-10,116,借酒,张大迷糊,,3:02,5FBEB9B2A33BA3C82AEFF179E45E8F19,202151633,https://www.kugou.com/yy/rank/home/6-8888.html?from=rank
2026-08-10,2026-08-10T12:18:11+08:00,酷狗音乐,热歌榜,酷狗TOP500,2026-08-10,117,岁月如笔写春秋,郭少杰,,4:11,6FCF099C6A88F85FC8417AFD452D54FD,190046745,https://www.kugou.com/yy/rank/home/6-8888.html?from=rank
2026-08-10,2026-08-10T12:18:11+08:00,酷狗音乐,热歌榜,酷狗TOP500,2026-08-10,118,会呼吸的痛,梁静茹,,4:32,1EB00DC46AE8E1446B6A9860A56487AC,500574,https://www.kugou.com/yy/rank/home/6-8888.html?from=rank
2026-08-10,2026-08-10T12:18:11+08:00,酷狗音乐,热歌榜,酷狗TOP500,2026-08-10,119,一路向北,周杰伦,,4:54,F73F22FB046CA1A135C70417163AF82E,1739223,https://www.kugou.com/yy/rank/home/6-8888.html?from=rank
2026-08-10,2026-08-10T12:18:11+08:00,酷狗音乐,热歌榜,酷狗TOP500,2026-08-10,120,猜不透,丁当,,3:53,B1B4CC4F4E90134603CE66CBCF8FA73B,973244,https://www.kugou.com/yy/rank/home/6-8888.html?from=rank
2026-08-10,2026-08-10T12:18:11+08:00,酷狗音乐,热歌榜,酷狗TOP500,2026-08-10,121,舍得,王唯旖,,4:22,62C406C76F45C3EF39F451F2C4F22D95,1944276,https://www.kugou.com/yy/rank/home/6-8888.html?from=rank
2026-08-10,2026-08-10T12:18:11+08:00,酷狗音乐,热歌榜,酷狗TOP500,2026-08-10,122,西厢寻他,伯爵Johnny、唐伯虎Annie,,3:44,2B657B5B5D781C1A61D7E0D1F5E2DE22,53205523,https://www.kugou.com/yy/rank/home/6-8888.html?from=rank
2026-08-10,2026-08-10T12:18:11+08:00,酷狗音乐,热歌榜,酷狗TOP500,2026-08-10,123,泡沫 (G.E.M.重生版),G.E.M. 邓紫棋,,4:18,53F2510610AC38F0C15F73B2605E5CEE,150256944,https://www.kugou.com/yy/rank/home/6-8888.html?from=rank
2026-08-10,2026-08-10T12:18:11+08:00,酷狗音乐,热歌榜,酷狗TOP500,2026-08-10,124,雪下的时候,乔佳旭,,4:24,F6B3AA5971A01E755A344C2256606418,35913748,https://www.kugou.com/yy/rank/home/6-8888.html?from=rank
2026-08-10,2026-08-10T12:18:11+08:00,酷狗音乐,热歌榜,酷狗TOP500,2026-08-10,125,退后,周杰伦,,4:22,5971DE0B235D5B2708D6A6FEB3D31B6F,965291,https://www.kugou.com/yy/rank/home/6-8888.html?from=rank
2026-08-10,2026-08-10T12:18:11+08:00,酷狗音乐,热歌榜,酷狗TOP500,2026-08-10,126,奢香夫人,凤凰传奇,,4:20,478C572FC9E2E15777A41260DEE293A0,984412,https://www.kugou.com/yy/rank/home/6-8888.html?from=rank
2026-08-10,2026-08-10T12:18:11+08:00,酷狗音乐,热歌榜,酷狗TOP500,2026-08-10,127,灰色轨迹,BEYOND,,5:28,4476FAA4B6567CCC2292BFBBCA93CB9C,39629213,https://www.kugou.com/yy/rank/home/6-8888.html?from=rank
2026-08-10,2026-08-10T12:18:11+08:00,酷狗音乐,热歌榜,酷狗TOP500,2026-08-10,128,我好像在哪见过你,薛之谦,,4:39,6A350E487263733359E7F2B64BD974AC,1747549,https://www.kugou.com/yy/rank/home/6-8888.html?from=rank
2026-08-10,2026-08-10T12:18:11+08:00,酷狗音乐,热歌榜,酷狗TOP500,2026-08-10,129,人间共鸣,李健,,4:19,C9A5658204BD4E941F3DB2FB132D4968,176253415,https://www.kugou.com/yy/rank/home/6-8888.html?from=rank
2026-08-10,2026-08-10T12:18:11+08:00,酷狗音乐,热歌榜,酷狗TOP500,2026-08-10,130,青花,周传雄,,4:58,09B46455BAE7C613ABD0DB362A5DDBDE,960448,https://www.kugou.com/yy/rank/home/6-8888.html?from=rank
2026-08-10,2026-08-10T12:18:11+08:00,酷狗音乐,热歌榜,酷狗TOP500,2026-08-10,131,We Don't Talk Anymore (Mr. Collipark Remix),Charlie Puth、Selena Gomez,,4:14,8F323B0610BE8D862B7CBB41C3398766,1746993,https://www.kugou.com/yy/rank/home/6-8888.html?from=rank
2026-08-10,2026-08-10T12:18:11+08:00,酷狗音乐,热歌榜,酷狗TOP500,2026-08-10,132,过火,张信哲,,5:02,E34CBC6EBE64B9EE9ADB5C46E2178A84,982639,https://www.kugou.com/yy/rank/home/6-8888.html?from=rank
2026-08-10,2026-08-10T12:18:11+08:00,酷狗音乐,热歌榜,酷狗TOP500,2026-08-10,133,落了白,蒋雪儿Snow.J,,3:01,74390D89B6BD2E18CFD7F25968EFD98A,40300587,https://www.kugou.com/yy/rank/home/7-8888.html?from=rank
2026-08-10,2026-08-10T12:18:11+08:00,酷狗音乐,热歌榜,酷狗TOP500,2026-08-10,134,Beauty And A Beat,Justin Bieber、Nicki Minaj,,3:47,FF5719341A9B004AA3E7312D617AE305,16996733,https://www.kugou.com/yy/rank/home/7-8888.html?from=rank
2026-08-10,2026-08-10T12:18:11+08:00,酷狗音乐,热歌榜,酷狗TOP500,2026-08-10,135,淋雨的人,阿图表妹,,3:59,EEB3B4F416E4D8777817C79127FCBFFC,183624154,https://www.kugou.com/yy/rank/home/7-8888.html?from=rank
2026-08-10,2026-08-10T12:18:11+08:00,酷狗音乐,热歌榜,酷狗TOP500,2026-08-10,136,讲不出再见,谭咏麟,,4:54,2E0BFDC7BA2F759B0208A58CB2C26523,2337635,https://www.kugou.com/yy/rank/home/7-8888.html?from=rank
2026-08-10,2026-08-10T12:18:11+08:00,酷狗音乐,热歌榜,酷狗TOP500,2026-08-10,137,戒烟,李荣浩,,4:54,AF36A623D725B98893DAEFDF8010F22E,49390931,https://www.kugou.com/yy/rank/home/7-8888.html?from=rank
2026-08-10,2026-08-10T12:18:11+08:00,酷狗音乐,热歌榜,酷狗TOP500,2026-08-10,138,我知道,BY2,,4:10,38CB283F880797F94A80968E682191E2,530437,https://www.kugou.com/yy/rank/home/7-8888.html?from=rank
2026-08-10,2026-08-10T12:18:11+08:00,酷狗音乐,热歌榜,酷狗TOP500,2026-08-10,139,那时雨,徐良,,3:34,CE76C60251F6193BC5BBA5B46B977747,16900987,https://www.kugou.com/yy/rank/home/7-8888.html?from=rank
2026-08-10,2026-08-10T12:18:11+08:00,酷狗音乐,热歌榜,酷狗TOP500,2026-08-10,140,后会无期,汪苏泷、徐良,,3:32,5F86140467A73FBF9C4F339F7B9AFC2C,511536,https://www.kugou.com/yy/rank/home/7-8888.html?from=rank
2026-08-10,2026-08-10T12:18:11+08:00,酷狗音乐,热歌榜,酷狗TOP500,2026-08-10,141,此生不换,青鸟飞鱼,,4:26,F73630B79647324AB3415C21BFA5BD3D,553897,https://www.kugou.com/yy/rank/home/7-8888.html?from=rank
2026-08-10,2026-08-10T12:18:11+08:00,酷狗音乐,热歌榜,酷狗TOP500,2026-08-10,142,Baby,Justin Bieber、Ludacris,,3:37,493CD2904FAFDAEB8785CC83B8056F5A,508825,https://www.kugou.com/yy/rank/home/7-8888.html?from=rank
2026-08-10,2026-08-10T12:18:11+08:00,酷狗音乐,热歌榜,酷狗TOP500,2026-08-10,143,夜曲,周杰伦,,3:47,16C8AB298231370293D16BCF9E5FF9B6,958909,https://www.kugou.com/yy/rank/home/7-8888.html?from=rank
2026-08-10,2026-08-10T12:18:11+08:00,酷狗音乐,热歌榜,酷狗TOP500,2026-08-10,144,Amani (女声版),落日微醺,,3:54,0E1705D85CE6D8BE87784DFA9C9A5624,194642479,https://www.kugou.com/yy/rank/home/7-8888.html?from=rank
2026-08-10,2026-08-10T12:18:11+08:00,酷狗音乐,热歌榜,酷狗TOP500,2026-08-10,145,春娇与志明,街道办GDC、欧阳耀莹,,3:24,E84947402A5E0952FA067566C10264CB,8543461,https://www.kugou.com/yy/rank/home/7-8888.html?from=rank
2026-08-10,2026-08-10T12:18:11+08:00,酷狗音乐,热歌榜,酷狗TOP500,2026-08-10,146,我好想你 (苏打绿版),苏打绿,,5:29,55FEA1927AC4D460F6EB3B9262AC9981,108011230,https://www.kugou.com/yy/rank/home/7-8888.html?from=rank
2026-08-10,2026-08-10T12:18:11+08:00,酷狗音乐,热歌榜,酷狗TOP500,2026-08-10,147,失控,井迪,,4:15,44FE8C442EB1F254D15717F1DC03C9BF,40221609,https://www.kugou.com/yy/rank/home/7-8888.html?from=rank
2026-08-10,2026-08-10T12:18:11+08:00,酷狗音乐,热歌榜,酷狗TOP500,2026-08-10,148,多远都要在一起,G.E.M. 邓紫棋,,3:38,768F6FA531A3D883BE3F6C91AAF60612,555825,https://www.kugou.com/yy/rank/home/7-8888.html?from=rank
2026-08-10,2026-08-10T12:18:11+08:00,酷狗音乐,热歌榜,酷狗TOP500,2026-08-10,149,成都,赵雷,,5:28,A06B033B356BFC974C5245D0195086A5,1802652,https://www.kugou.com/yy/rank/home/7-8888.html?from=rank
2026-08-10,2026-08-10T12:18:11+08:00,酷狗音乐,热歌榜,酷狗TOP500,2026-08-10,150,素颜,许嵩、何曼婷,,3:59,30C94AE2868E63B1058DA7685E0CDF3B,13264539,https://www.kugou.com/yy/rank/home/7-8888.html?from=rank
2026-08-10,2026-08-10T12:18:11+08:00,酷狗音乐,热歌榜,酷狗TOP500,2026-08-10,151,ありがとう… (谢谢…),KOKIA,,4:09,E9A08A98614DD992F11A68A5E5F1C79F,1491689,https://www.kugou.com/yy/rank/home/7-8888.html?from=rank
2026-08-10,2026-08-10T12:18:11+08:00,酷狗音乐,热歌榜,酷狗TOP500,2026-08-10,152,兰亭序,周杰伦,,4:14,4EC10B1B7B9BEB2F0ADB89BBEC5F664B,960399,https://www.kugou.com/yy/rank/home/7-8888.html?from=rank
2026-08-10,2026-08-10T12:18:11+08:00,酷狗音乐,热歌榜,酷狗TOP500,2026-08-10,153,Dehors (外面)(Single Version),Jordann,,3:15,3D6391A8A0FB81B62C68C6A4429F63FD,42153287,https://www.kugou.com/yy/rank/home/7-8888.html?from=rank
2026-08-10,2026-08-10T12:18:11+08:00,酷狗音乐,热歌榜,酷狗TOP500,2026-08-10,154,发如雪,周杰伦,,4:59,1F7E7659B9FFF4FB6F71562A61BBC25F,958909,https://www.kugou.com/yy/rank/home/7-8888.html?from=rank
2026-08-10,2026-08-10T12:18:11+08:00,酷狗音乐,热歌榜,酷狗TOP500,2026-08-10,155,空心,光泽,,4:39,4465EE613CC3CF7DCF9448F8ACFED1CA,4141939,https://www.kugou.com/yy/rank/home/8-8888.html?from=rank
2026-08-10,2026-08-10T12:18:11+08:00,酷狗音乐,热歌榜,酷狗TOP500,2026-08-10,156,慢冷 (Live),李荣浩,,2:44,3536800EC50F04EBF68FB22E7AF6B124,59599171,https://www.kugou.com/yy/rank/home/8-8888.html?from=rank
2026-08-10,2026-08-10T12:18:11+08:00,酷狗音乐,热歌榜,酷狗TOP500,2026-08-10,157,为爱痴狂 (想要问问你敢不敢),金志文,,2:21,8CA8C420761A7C36FF16DD42FE5D331D,194629486,https://www.kugou.com/yy/rank/home/8-8888.html?from=rank
2026-08-10,2026-08-10T12:18:11+08:00,酷狗音乐,热歌榜,酷狗TOP500,2026-08-10,158,谁 (男女扎心合唱),梨子芥菜、戚悦,,3:58,38DAABE4EEA0ADDC04897AC14E15B54E,185936379,https://www.kugou.com/yy/rank/home/8-8888.html?from=rank
2026-08-10,2026-08-10T12:18:11+08:00,酷狗音乐,热歌榜,酷狗TOP500,2026-08-10,159,全世界的雨,周深、Ella陈嘉桦,,4:08,88334169DA8F72EFA45C6211FD641737,199401705,https://www.kugou.com/yy/rank/home/8-8888.html?from=rank
2026-08-10,2026-08-10T12:18:11+08:00,酷狗音乐,热歌榜,酷狗TOP500,2026-08-10,160,爱是难解的签,林响,,3:18,FAA8606D41DE96F865D86398F8A700D9,202168237,https://www.kugou.com/yy/rank/home/8-8888.html?from=rank
2026-08-10,2026-08-10T12:18:11+08:00,酷狗音乐,热歌榜,酷狗TOP500,2026-08-10,161,种田放羊采野花 (我想余生为自己而活),老韩很哇塞,,3:43,94B695618E96B1D484F9AD1670811C51,201309139,https://www.kugou.com/yy/rank/home/8-8888.html?from=rank
2026-08-10,2026-08-10T12:18:11+08:00,酷狗音乐,热歌榜,酷狗TOP500,2026-08-10,162,相见恨晚,彭佳慧,,4:15,01214FB85BAF49AB74F10AFA4C363540,977553,https://www.kugou.com/yy/rank/home/8-8888.html?from=rank
2026-08-10,2026-08-10T12:18:11+08:00,酷狗音乐,热歌榜,酷狗TOP500,2026-08-10,163,体面,于文文,,4:43,B0927C5353E9DD8BD72242BB730DAFF4,8149034,https://www.kugou.com/yy/rank/home/8-8888.html?from=rank
2026-08-10,2026-08-10T12:18:11+08:00,酷狗音乐,热歌榜,酷狗TOP500,2026-08-10,164,可不可以,张紫豪,,4:01,6079A2ACBA5E782FE24695FDFCDB1887,9618875,https://www.kugou.com/yy/rank/home/8-8888.html?from=rank
2026-08-10,2026-08-10T12:18:11+08:00,酷狗音乐,热歌榜,酷狗TOP500,2026-08-10,165,甲乙丙丁 (你我怎么两清),暴躁小猫,,2:25,507B376C45563C513DB67953B4927066,200156990,https://www.kugou.com/yy/rank/home/8-8888.html?from=rank
2026-08-10,2026-08-10T12:18:11+08:00,酷狗音乐,热歌榜,酷狗TOP500,2026-08-10,166,不将就,李荣浩,,5:12,E5F0905C662872A9B05A423FD1ED48B5,1004040,https://www.kugou.com/yy/rank/home/8-8888.html?from=rank
2026-08-10,2026-08-10T12:18:11+08:00,酷狗音乐,热歌榜,酷狗TOP500,2026-08-10,167,老男孩,筷子兄弟,,4:59,EB494F1F9199AA29F66E056F116D2F1C,17165001,https://www.kugou.com/yy/rank/home/8-8888.html?from=rank
2026-08-10,2026-08-10T12:18:11+08:00,酷狗音乐,热歌榜,酷狗TOP500,2026-08-10,168,海屿你,DJ铁柱,,4:33,741FD028FD4104B0C1E0017E33D23357,197102975,https://www.kugou.com/yy/rank/home/8-8888.html?from=rank
2026-08-10,2026-08-10T12:18:11+08:00,酷狗音乐,热歌榜,酷狗TOP500,2026-08-10,169,烟火 (孤孤单单一个人),京六,,4:06,495D65F83F80948BE9E2683AEFD0E20A,198377118,https://www.kugou.com/yy/rank/home/8-8888.html?from=rank
2026-08-10,2026-08-10T12:18:11+08:00,酷狗音乐,热歌榜,酷狗TOP500,2026-08-10,170,冷夜,陈默之,,4:07,DC939521FA5F5736A33765D56B90E03C,84595635,https://www.kugou.com/yy/rank/home/8-8888.html?from=rank
2026-08-10,2026-08-10T12:18:11+08:00,酷狗音乐,热歌榜,酷狗TOP500,2026-08-10,171,花海,周杰伦,,4:25,3328808CECBD1A1038166003840FDDD7,960399,https://www.kugou.com/yy/rank/home/8-8888.html?from=rank
2026-08-10,2026-08-10T12:18:11+08:00,酷狗音乐,热歌榜,酷狗TOP500,2026-08-10,172,空城,杨坤,,4:38,DA161354AF9D51C38EC4119929AE1F44,2996783,https://www.kugou.com/yy/rank/home/8-8888.html?from=rank
2026-08-10,2026-08-10T12:18:11+08:00,酷狗音乐,热歌榜,酷狗TOP500,2026-08-10,173,无名之辈,陈雪燃,,4:23,D08C3E2B2463AA9FC72D65AD6DA94E4E,24460217,https://www.kugou.com/yy/rank/home/8-8888.html?from=rank
2026-08-10,2026-08-10T12:18:11+08:00,酷狗音乐,热歌榜,酷狗TOP500,2026-08-10,174,关不上的窗,周传雄,,4:53,C9FF4C5E86A76043F004E3BB17E08942,982655,https://www.kugou.com/yy/rank/home/8-8888.html?from=rank
2026-08-10,2026-08-10T12:18:11+08:00,酷狗音乐,热歌榜,酷狗TOP500,2026-08-10,175,曾经的你,许巍,,4:21,8D27A0FD0D8B6A9059D3FEEC95E2088D,976268,https://www.kugou.com/yy/rank/home/8-8888.html?from=rank
2026-08-10,2026-08-10T12:18:11+08:00,酷狗音乐,热歌榜,酷狗TOP500,2026-08-10,176,我是真的爱上你,王杰,,5:03,7C353B672AC945A3FE56022000A239FE,2996801,https://www.kugou.com/yy/rank/home/8-8888.html?from=rank
2026-08-10,2026-08-10T12:18:11+08:00,酷狗音乐,热歌榜,酷狗TOP500,2026-08-10,177,说好的幸福呢,周杰伦,,4:17,892B7AD62499C97A1A994454423E30F6,960399,https://www.kugou.com/yy/rank/home/9-8888.html?from=rank
2026-08-10,2026-08-10T12:18:11+08:00,酷狗音乐,热歌榜,酷狗TOP500,2026-08-10,178,出现又离开 (Live),梁博,,6:43,DEAB3B0160E9A410CE0AAA9ED8AC602E,19284949,https://www.kugou.com/yy/rank/home/9-8888.html?from=rank
2026-08-10,2026-08-10T12:18:11+08:00,酷狗音乐,热歌榜,酷狗TOP500,2026-08-10,179,Radio (Dum-Dum),宋雨琦 (YUQI),,2:32,E8FFC3F649DA4476E2CEABFF3F94D103,140913986,https://www.kugou.com/yy/rank/home/9-8888.html?from=rank
2026-08-10,2026-08-10T12:18:11+08:00,酷狗音乐,热歌榜,酷狗TOP500,2026-08-10,180,蒲公英的约定,周杰伦,,4:07,A14373681262867AB43FEF5467F4CC1D,979856,https://www.kugou.com/yy/rank/home/9-8888.html?from=rank
2026-08-10,2026-08-10T12:18:11+08:00,酷狗音乐,热歌榜,酷狗TOP500,2026-08-10,181,比石头还硬的心,高冷,,3:40,EB25D70A5D8DFD50F479ADE68C77DB70,191837924,https://www.kugou.com/yy/rank/home/9-8888.html?from=rank
2026-08-10,2026-08-10T12:18:11+08:00,酷狗音乐,热歌榜,酷狗TOP500,2026-08-10,182,阳光下的星星,金海心,,4:44,8B60D8B58137C2D256DAA71B9D84C046,1738155,https://www.kugou.com/yy/rank/home/9-8888.html?from=rank
2026-08-10,2026-08-10T12:18:11+08:00,酷狗音乐,热歌榜,酷狗TOP500,2026-08-10,183,英雄出处,高冷,,3:19,9CBBBCAAF22AA9C5A0D203C5924B3854,198302448,https://www.kugou.com/yy/rank/home/9-8888.html?from=rank
2026-08-10,2026-08-10T12:18:11+08:00,酷狗音乐,热歌榜,酷狗TOP500,2026-08-10,184,岁月如笔写春秋 (EDM粤语版),陈靓靓,,3:57,91AA8BA8FA1496B1AC9AAE8B2B9CED5A,197385302,https://www.kugou.com/yy/rank/home/9-8888.html?from=rank
2026-08-10,2026-08-10T12:18:11+08:00,酷狗音乐,热歌榜,酷狗TOP500,2026-08-10,185,梦的翅膀受了伤,蒋雪儿Snow.J,,4:36,7B00B1F90C13C270CE96EA51DA863B96,1965074,https://www.kugou.com/yy/rank/home/9-8888.html?from=rank
2026-08-10,2026-08-10T12:18:11+08:00,酷狗音乐,热歌榜,酷狗TOP500,2026-08-10,186,西海情歌,刀郎,,5:43,0E5FB14E78AFF13C2DEF97C814537CB7,984281,https://www.kugou.com/yy/rank/home/9-8888.html?from=rank
2026-08-10,2026-08-10T12:18:11+08:00,酷狗音乐,热歌榜,酷狗TOP500,2026-08-10,187,不由人,二龙湖浩哥,,3:32,93BCFDF3A943B05AF659A0A45D9FE033,199943834,https://www.kugou.com/yy/rank/home/9-8888.html?from=rank
2026-08-10,2026-08-10T12:18:11+08:00,酷狗音乐,热歌榜,酷狗TOP500,2026-08-10,188,别回头 (不朽版),PAMajor,,3:32,887215E010BC9D5CB82830A131C86596,163052521,https://www.kugou.com/yy/rank/home/9-8888.html?from=rank
2026-08-10,2026-08-10T12:18:11+08:00,酷狗音乐,热歌榜,酷狗TOP500,2026-08-10,189,我的歌声里,曲婉婷,,3:37,227D8E7B7B6EAF7509BB345A7B718EB2,516422,https://www.kugou.com/yy/rank/home/9-8888.html?from=rank
2026-08-10,2026-08-10T12:18:11+08:00,酷狗音乐,热歌榜,酷狗TOP500,2026-08-10,190,后来的我们,五月天,,5:46,09120C11A5C376EC7D1640098FA70CDC,1748942,https://www.kugou.com/yy/rank/home/9-8888.html?from=rank
2026-08-10,2026-08-10T12:18:11+08:00,酷狗音乐,热歌榜,酷狗TOP500,2026-08-10,191,爱情转移,陈奕迅,,4:19,A549238FA1B05EABE841DFE110899647,962514,https://www.kugou.com/yy/rank/home/9-8888.html?from=rank
2026-08-10,2026-08-10T12:18:11+08:00,酷狗音乐,热歌榜,酷狗TOP500,2026-08-10,192,背着风流泪,文夫,,4:14,93313560CDE28F74AA7D2894E3C4D7F7,146986506,https://www.kugou.com/yy/rank/home/9-8888.html?from=rank
2026-08-10,2026-08-10T12:18:11+08:00,酷狗音乐,热歌榜,酷狗TOP500,2026-08-10,193,问尘念,达珍拉姆,,3:22,9BB92965FEC5D0D30FF4FBED1B6FE005,201998774,https://www.kugou.com/yy/rank/home/9-8888.html?from=rank
2026-08-10,2026-08-10T12:18:11+08:00,酷狗音乐,热歌榜,酷狗TOP500,2026-08-10,194,可惜没如果,林俊杰,,4:58,57D6EAF8F7E593A2C4B780D8045DE5C1,542795,https://www.kugou.com/yy/rank/home/9-8888.html?from=rank
2026-08-10,2026-08-10T12:18:11+08:00,酷狗音乐,热歌榜,酷狗TOP500,2026-08-10,195,烟花易冷,周杰伦,,4:23,B9FC03DF9015D6BFF0554A110BF2C84F,958812,https://www.kugou.com/yy/rank/home/9-8888.html?from=rank
2026-08-10,2026-08-10T12:18:11+08:00,酷狗音乐,热歌榜,酷狗TOP500,2026-08-10,196,来我的岛,刘宇宁,,3:43,424EAB2C807878334DF890BBE262EE74,201648884,https://www.kugou.com/yy/rank/home/9-8888.html?from=rank
2026-08-10,2026-08-10T12:18:11+08:00,酷狗音乐,热歌榜,酷狗TOP500,2026-08-10,197,泡泡,牛佳钰,,3:37,CB6BD8CDFF1DA01DAEF01C389CBAD645,37403884,https://www.kugou.com/yy/rank/home/9-8888.html?from=rank
2026-08-10,2026-08-10T12:18:11+08:00,酷狗音乐,热歌榜,酷狗TOP500,2026-08-10,198,手放开,李圣杰,,4:25,022583751858F1E3558F32EC4ECF7DD5,959847,https://www.kugou.com/yy/rank/home/9-8888.html?from=rank
2026-08-10,2026-08-10T12:18:11+08:00,酷狗音乐,热歌榜,酷狗TOP500,2026-08-10,199,记事本,陈慧琳,,4:11,26684870E2CE3936A3D72559F67C0606,2996651,https://www.kugou.com/yy/rank/home/10-8888.html?from=rank
2026-08-10,2026-08-10T12:18:11+08:00,酷狗音乐,热歌榜,酷狗TOP500,2026-08-10,200,说了再见,周杰伦,,4:43,966C718DA96EE29B3B466F773BFA9E2F,958812,https://www.kugou.com/yy/rank/home/10-8888.html?from=rank
2026-08-10,2026-08-10T12:18:11+08:00,酷狗音乐,热歌榜,酷狗TOP500,2026-08-10,201,相爱分开都是罪,六哲,,4:20,1A2DE05E3AC06781F4B337F77B1C63DF,2996446,https://www.kugou.com/yy/rank/home/10-8888.html?from=rank
2026-08-10,2026-08-10T12:18:11+08:00,酷狗音乐,热歌榜,酷狗TOP500,2026-08-10,202,红颜旧 (氛围版),周深深,,3:48,76FA92299B2443816030D744CF70FA3B,198814170,https://www.kugou.com/yy/rank/home/10-8888.html?from=rank
2026-08-10,2026-08-10T12:18:11+08:00,酷狗音乐,热歌榜,酷狗TOP500,2026-08-10,203,好人好梦 (雷鬼版),雷鬼白兰的,,3:54,9E76F7AAA7D90F00210E1FD871F6EAB4,195530127,https://www.kugou.com/yy/rank/home/10-8888.html?from=rank
2026-08-10,2026-08-10T12:18:11+08:00,酷狗音乐,热歌榜,酷狗TOP500,2026-08-10,204,我走后,小咪,,4:08,00751DE0946619BCDE4A4E15397F2A15,22216764,https://www.kugou.com/yy/rank/home/10-8888.html?from=rank
2026-08-10,2026-08-10T12:18:11+08:00,酷狗音乐,热歌榜,酷狗TOP500,2026-08-10,205,在你的身边,盛哲,,4:22,38698C9A8BB6637CDDE413C6E210FA54,4128050,https://www.kugou.com/yy/rank/home/10-8888.html?from=rank
2026-08-10,2026-08-10T12:18:11+08:00,酷狗音乐,热歌榜,酷狗TOP500,2026-08-10,206,吹梦到西洲,昭爻tsuki、千世,,5:15,FB50469DA48A8CE34532F2888578B7B8,25402785,https://www.kugou.com/yy/rank/home/10-8888.html?from=rank
2026-08-10,2026-08-10T12:18:11+08:00,酷狗音乐,热歌榜,酷狗TOP500,2026-08-10,207,什么是逍遥,王同学Able,,3:28,4BF659E4D3060B52D4F9925AF9D0CA02,45288306,https://www.kugou.com/yy/rank/home/10-8888.html?from=rank
2026-08-10,2026-08-10T12:18:11+08:00,酷狗音乐,热歌榜,酷狗TOP500,2026-08-10,208,先说爱的人为什么先离开,田园,,3:40,6379393814B0A74AB7B87B2FA9E87689,107655422,https://www.kugou.com/yy/rank/home/10-8888.html?from=rank
2026-08-10,2026-08-10T12:18:11+08:00,酷狗音乐,热歌榜,酷狗TOP500,2026-08-10,209,舍不得又没资格 (男女合唱版),弦外之音,,2:57,39DBF61AACB72EAEB828D89C947E8AC7,199845860,https://www.kugou.com/yy/rank/home/10-8888.html?from=rank
2026-08-10,2026-08-10T12:18:11+08:00,酷狗音乐,热歌榜,酷狗TOP500,2026-08-10,210,刻在我心底的名字,卢广仲,,5:20,5CDCAAF9E7B91E94FD012589D00FDBEA,39020767,https://www.kugou.com/yy/rank/home/10-8888.html?from=rank
2026-08-10,2026-08-10T12:18:11+08:00,酷狗音乐,热歌榜,酷狗TOP500,2026-08-10,211,蓝莲花,许巍,,4:31,EDCDC42FEE3A4BC8F2ADBAF96ADE9D77,15247919,https://www.kugou.com/yy/rank/home/10-8888.html?from=rank
2026-08-10,2026-08-10T12:18:11+08:00,酷狗音乐,热歌榜,酷狗TOP500,2026-08-10,212,听说当初你找过我,贺一航,,4:06,8853D5BDDDE97FEACFAF65371B68AD57,1969900,https://www.kugou.com/yy/rank/home/10-8888.html?from=rank
2026-08-10,2026-08-10T12:18:11+08:00,酷狗音乐,热歌榜,酷狗TOP500,2026-08-10,213,疑心病,任然,,4:43,9D8C7468BE4391B85794617090585646,1818864,https://www.kugou.com/yy/rank/home/10-8888.html?from=rank
2026-08-10,2026-08-10T12:18:11+08:00,酷狗音乐,热歌榜,酷狗TOP500,2026-08-10,214,太聪明,陈绮贞,,4:23,89101DA817101FEA0C9ECF64EAE2B46F,959335,https://www.kugou.com/yy/rank/home/10-8888.html?from=rank
2026-08-10,2026-08-10T12:18:11+08:00,酷狗音乐,热歌榜,酷狗TOP500,2026-08-10,215,下一个天亮,郭静,,4:27,7E2AD47232E7148C642B6836041826C9,971139,https://www.kugou.com/yy/rank/home/10-8888.html?from=rank
2026-08-10,2026-08-10T12:18:11+08:00,酷狗音乐,热歌榜,酷狗TOP500,2026-08-10,216,Alive,Blue,,3:40,996EE22D2450A7C7528394F7F98432E6,560693,https://www.kugou.com/yy/rank/home/10-8888.html?from=rank
2026-08-10,2026-08-10T12:18:11+08:00,酷狗音乐,热歌榜,酷狗TOP500,2026-08-10,217,左边画个虫虫,MOONBOI（杨望舒）,,2:36,DFBE6B78C7622433C29A7F3A1CFA3361,29308257,https://www.kugou.com/yy/rank/home/10-8888.html?from=rank
2026-08-10,2026-08-10T12:18:11+08:00,酷狗音乐,热歌榜,酷狗TOP500,2026-08-10,218,答案 (Live),王铮亮、黄霄雲,,4:22,B2B4CC48245BF141B3FD3006165822ED,202625045,https://www.kugou.com/yy/rank/home/10-8888.html?from=rank
2026-08-10,2026-08-10T12:18:11+08:00,酷狗音乐,热歌榜,酷狗TOP500,2026-08-10,219,不再犹豫,BEYOND,,4:15,C477FE5B38147B7522DFCF3DC5BB8A6B,8176296,https://www.kugou.com/yy/rank/home/10-8888.html?from=rank
2026-08-10,2026-08-10T12:18:11+08:00,酷狗音乐,热歌榜,酷狗TOP500,2026-08-10,220,神啊 救救我,陈小春,,4:03,27FF2175370838EB15B826710D7A8DB0,978534,https://www.kugou.com/yy/rank/home/10-8888.html?from=rank
2026-08-10,2026-08-10T12:18:11+08:00,酷狗音乐,热歌榜,酷狗TOP500,2026-08-10,221,土坡上的狗尾草,卢润泽,,3:15,5E40742110D3DB109A22BDB1012C6EBB,104913971,https://www.kugou.com/yy/rank/home/11-8888.html?from=rank
2026-08-10,2026-08-10T12:18:11+08:00,酷狗音乐,热歌榜,酷狗TOP500,2026-08-10,222,怪我曾爱你爱的太深 (一直都活在梦里),DJ铁柱,,2:24,402F9C18C3215E65BCBFE919DD16ED40,200170951,https://www.kugou.com/yy/rank/home/11-8888.html?from=rank
2026-08-10,2026-08-10T12:18:11+08:00,酷狗音乐,热歌榜,酷狗TOP500,2026-08-10,223,有何不可,许嵩,,4:01,B3D5D7D3A140628D1605BD392467E348,973251,https://www.kugou.com/yy/rank/home/11-8888.html?from=rank
2026-08-10,2026-08-10T12:18:11+08:00,酷狗音乐,热歌榜,酷狗TOP500,2026-08-10,224,野草 (致老狗),曾舜晞,,3:56,D08182394C56AA47BDC13041C77649B0,202144819,https://www.kugou.com/yy/rank/home/11-8888.html?from=rank
2026-08-10,2026-08-10T12:18:11+08:00,酷狗音乐,热歌榜,酷狗TOP500,2026-08-10,225,爱你太多,刘一手,,3:41,284D6DEC3BF7D23E0EA79B5C70C3F2D1,201304866,https://www.kugou.com/yy/rank/home/11-8888.html?from=rank
2026-08-10,2026-08-10T12:18:11+08:00,酷狗音乐,热歌榜,酷狗TOP500,2026-08-10,226,Poker Face,Lady Gaga,,3:57,645E837927E3207AD0AEA3997EB00444,38501704,https://www.kugou.com/yy/rank/home/11-8888.html?from=rank
2026-08-10,2026-08-10T12:18:11+08:00,酷狗音乐,热歌榜,酷狗TOP500,2026-08-10,227,飞鸟和蝉,任然,,4:56,EB5F5AF3993F6537F2C70B959F2DCD6B,38339036,https://www.kugou.com/yy/rank/home/11-8888.html?from=rank
2026-08-10,2026-08-10T12:18:11+08:00,酷狗音乐,热歌榜,酷狗TOP500,2026-08-10,228,琵琶曲,郑浩、冰洁,,3:55,244A022D6CB3FDE50B24E76402053EB3,180917343,https://www.kugou.com/yy/rank/home/11-8888.html?from=rank
2026-08-10,2026-08-10T12:18:11+08:00,酷狗音乐,热歌榜,酷狗TOP500,2026-08-10,229,珊瑚海,周杰伦、Lara梁心颐,,4:16,90E34F0C582168E7EA857915771AB220,958909,https://www.kugou.com/yy/rank/home/11-8888.html?from=rank
2026-08-10,2026-08-10T12:18:11+08:00,酷狗音乐,热歌榜,酷狗TOP500,2026-08-10,230,牵丝戏,银临、Aki阿杰,,3:59,5E7FF596F7D6021DA63AF36E91BECE4B,568968,https://www.kugou.com/yy/rank/home/11-8888.html?from=rank
2026-08-10,2026-08-10T12:18:11+08:00,酷狗音乐,热歌榜,酷狗TOP500,2026-08-10,231,最后一页,江语晨,,4:06,EF053996094A323B42C35195E9781A30,1596655,https://www.kugou.com/yy/rank/home/11-8888.html?from=rank
2026-08-10,2026-08-10T12:18:11+08:00,酷狗音乐,热歌榜,酷狗TOP500,2026-08-10,232,勋章,鹿晗,,3:34,6FB3EB3F13CD64DF6E9784F6E487BAB1,2059004,https://www.kugou.com/yy/rank/home/11-8888.html?from=rank
2026-08-10,2026-08-10T12:18:11+08:00,酷狗音乐,热歌榜,酷狗TOP500,2026-08-10,233,他真的对你好吗,付豪,,4:18,B1B875147F45355FF807402402F5B573,55501876,https://www.kugou.com/yy/rank/home/11-8888.html?from=rank
2026-08-10,2026-08-10T12:18:11+08:00,酷狗音乐,热歌榜,酷狗TOP500,2026-08-10,234,哼着你爱听的歌 (女版),田园,,3:20,37B0685181098FB8427291594EDBC8CD,162686180,https://www.kugou.com/yy/rank/home/11-8888.html?from=rank
2026-08-10,2026-08-10T12:18:11+08:00,酷狗音乐,热歌榜,酷狗TOP500,2026-08-10,235,一程山路,毛不易,,3:36,F4B3D7DFFA85DAE7737243598153A168,34631159,https://www.kugou.com/yy/rank/home/11-8888.html?from=rank
2026-08-10,2026-08-10T12:18:11+08:00,酷狗音乐,热歌榜,酷狗TOP500,2026-08-10,236,沦陷,贾格JuggShots,,3:04,64C2E5D33BE5F53758F3E96DC8EEC3C3,95717116,https://www.kugou.com/yy/rank/home/11-8888.html?from=rank
2026-08-10,2026-08-10T12:18:11+08:00,酷狗音乐,热歌榜,酷狗TOP500,2026-08-10,237,忘了你忘了我,王杰,,4:38,95CBD367E98724883CA99874AD626446,962390,https://www.kugou.com/yy/rank/home/11-8888.html?from=rank
2026-08-10,2026-08-10T12:18:11+08:00,酷狗音乐,热歌榜,酷狗TOP500,2026-08-10,238,天外来物,薛之谦,,4:17,761C1EAFBD1E22504B487F84D2152DF5,40890018,https://www.kugou.com/yy/rank/home/11-8888.html?from=rank
2026-08-10,2026-08-10T12:18:11+08:00,酷狗音乐,热歌榜,酷狗TOP500,2026-08-10,239,Баллада (民谣),Xcho、Мот,,3:02,0B2EC37A6E065AD181378AAD27391F8F,91468549,https://www.kugou.com/yy/rank/home/11-8888.html?from=rank
2026-08-10,2026-08-10T12:18:11+08:00,酷狗音乐,热歌榜,酷狗TOP500,2026-08-10,240,遗留在岁月的曾经,曲木老表,,3:49,4C1A5D2BD02B857C72364B1416124256,167884062,https://www.kugou.com/yy/rank/home/11-8888.html?from=rank
2026-08-10,2026-08-10T12:18:11+08:00,酷狗音乐,热歌榜,酷狗TOP500,2026-08-10,241,同花顺,林倛玉,,3:57,87C979FC3CBA27D6345528A1BEF05477,8603846,https://www.kugou.com/yy/rank/home/11-8888.html?from=rank
2026-08-10,2026-08-10T12:18:11+08:00,酷狗音乐,热歌榜,酷狗TOP500,2026-08-10,242,壁上观 (边水版),七元,,3:34,5F0B062803F1D48C8C6DA26B2844DF46,103326092,https://www.kugou.com/yy/rank/home/11-8888.html?from=rank
2026-08-10,2026-08-10T12:18:11+08:00,酷狗音乐,热歌榜,酷狗TOP500,2026-08-10,243,水手,郑智化,,4:53,6DCF10DEA98A7C9F755BE385E822BE05,967718,https://www.kugou.com/yy/rank/home/12-8888.html?from=rank
2026-08-10,2026-08-10T12:18:11+08:00,酷狗音乐,热歌榜,酷狗TOP500,2026-08-10,244,是你没选我啊,音乐科代表洪嘉源,,3:07,65D611715B7CC7131E6629F5E1745544,172307133,https://www.kugou.com/yy/rank/home/12-8888.html?from=rank
2026-08-10,2026-08-10T12:18:11+08:00,酷狗音乐,热歌榜,酷狗TOP500,2026-08-10,245,座位,于冬然,,3:29,D87A09DB3166215E5DFD4A30C922509E,137485296,https://www.kugou.com/yy/rank/home/12-8888.html?from=rank
2026-08-10,2026-08-10T12:18:11+08:00,酷狗音乐,热歌榜,酷狗TOP500,2026-08-10,246,起风了,买辣椒也用券,,5:26,5C035CBF390FEF6B536020A57749EF70,53218722,https://www.kugou.com/yy/rank/home/12-8888.html?from=rank
2026-08-10,2026-08-10T12:18:11+08:00,酷狗音乐,热歌榜,酷狗TOP500,2026-08-10,247,十面埋伏,陈奕迅,,3:52,90B8469459CBA58A5DDEDD9350286DD8,2996227,https://www.kugou.com/yy/rank/home/12-8888.html?from=rank
2026-08-10,2026-08-10T12:18:11+08:00,酷狗音乐,热歌榜,酷狗TOP500,2026-08-10,248,Creepin' up on You,Darren Hayes,,4:53,6348CF4041BEE19FAD536C563C32695A,1593407,https://www.kugou.com/yy/rank/home/12-8888.html?from=rank
2026-08-10,2026-08-10T12:18:11+08:00,酷狗音乐,热歌榜,酷狗TOP500,2026-08-10,249,我记得,赵雷,,5:30,8CE80CF10A01F37354D63E49C1B60B60,60018447,https://www.kugou.com/yy/rank/home/12-8888.html?from=rank
2026-08-10,2026-08-10T12:18:11+08:00,酷狗音乐,热歌榜,酷狗TOP500,2026-08-10,250,相思,毛阿敏,,3:02,FE1F0058EAC6B344D03DB2D0D4315EA1,967188,https://www.kugou.com/yy/rank/home/12-8888.html?from=rank
2026-08-10,2026-08-10T12:18:11+08:00,酷狗音乐,热歌榜,酷狗TOP500,2026-08-10,251,你瞒我瞒,陈柏宇,,3:58,E8EE57D671769402710C4FF9259D841F,965453,https://www.kugou.com/yy/rank/home/12-8888.html?from=rank
2026-08-10,2026-08-10T12:18:11+08:00,酷狗音乐,热歌榜,酷狗TOP500,2026-08-10,252,Come Back To Me,宇多田ヒカル,,3:58,0689D23157B40D6FDCFA3D1D3784B6FC,966129,https://www.kugou.com/yy/rank/home/12-8888.html?from=rank
2026-08-10,2026-08-10T12:18:11+08:00,酷狗音乐,热歌榜,酷狗TOP500,2026-08-10,253,迷人的危险,Dance Flow,,3:26,0F666EF632DB9404308219BE5AAE43B4,551560,https://www.kugou.com/yy/rank/home/12-8888.html?from=rank
2026-08-10,2026-08-10T12:18:11+08:00,酷狗音乐,热歌榜,酷狗TOP500,2026-08-10,254,不该 (with aMEI),周杰伦、张惠妹,,4:51,FCF336E81DA45A8E696032FFC1708175,1645030,https://www.kugou.com/yy/rank/home/12-8888.html?from=rank
2026-08-10,2026-08-10T12:18:11+08:00,酷狗音乐,热歌榜,酷狗TOP500,2026-08-10,255,远走高飞 (独唱版),金志文,,4:02,7196122D828128AF3173560B82528092,2139938,https://www.kugou.com/yy/rank/home/12-8888.html?from=rank
2026-08-10,2026-08-10T12:18:11+08:00,酷狗音乐,热歌榜,酷狗TOP500,2026-08-10,256,明明就,周杰伦,,4:20,D85C14E02008B7A2F97D55CDC29C2221,982051,https://www.kugou.com/yy/rank/home/12-8888.html?from=rank
2026-08-10,2026-08-10T12:18:11+08:00,酷狗音乐,热歌榜,酷狗TOP500,2026-08-10,257,老街,李荣浩,,5:19,30E7F7CCB57EB16D1BE3EC71D7ADB071,964378,https://www.kugou.com/yy/rank/home/12-8888.html?from=rank
2026-08-10,2026-08-10T12:18:11+08:00,酷狗音乐,热歌榜,酷狗TOP500,2026-08-10,258,不浪漫罪名,王杰,,4:48,4255D3F001B95B07F2D5BE330D14A780,503247,https://www.kugou.com/yy/rank/home/12-8888.html?from=rank
2026-08-10,2026-08-10T12:18:11+08:00,酷狗音乐,热歌榜,酷狗TOP500,2026-08-10,259,爱人啊,言承旭、五月天 阿信,,3:43,5174EC56B9F9A99E983DC2A9D0CE39F9,172633342,https://www.kugou.com/yy/rank/home/12-8888.html?from=rank
2026-08-10,2026-08-10T12:18:11+08:00,酷狗音乐,热歌榜,酷狗TOP500,2026-08-10,260,爱如潮水,张信哲,,4:31,7D372165ED6AD2C00DD2B473529BE9CE,538030,https://www.kugou.com/yy/rank/home/12-8888.html?from=rank
2026-08-10,2026-08-10T12:18:11+08:00,酷狗音乐,热歌榜,酷狗TOP500,2026-08-10,261,风催雨 (电音版),DJ Konatal,,2:32,6B1305D118E40CFF02F6E6A8C5C976C9,201645949,https://www.kugou.com/yy/rank/home/12-8888.html?from=rank
2026-08-10,2026-08-10T12:18:11+08:00,酷狗音乐,热歌榜,酷狗TOP500,2026-08-10,262,最长的电影,周杰伦,,3:56,2F6D441163A92AEE5E52B8E94F36A3C7,979856,https://www.kugou.com/yy/rank/home/12-8888.html?from=rank
2026-08-10,2026-08-10T12:18:11+08:00,酷狗音乐,热歌榜,酷狗TOP500,2026-08-10,263,无名的人,毛不易,,4:42,525A854C4A4EDF63CAF528D693F69CE0,51231315,https://www.kugou.com/yy/rank/home/12-8888.html?from=rank
2026-08-10,2026-08-10T12:18:11+08:00,酷狗音乐,热歌榜,酷狗TOP500,2026-08-10,264,淘汰,陈奕迅,,4:45,90C64A1FB2F32663FA8037D847AABB57,962514,https://www.kugou.com/yy/rank/home/12-8888.html?from=rank
2026-08-10,2026-08-10T12:18:11+08:00,酷狗音乐,热歌榜,酷狗TOP500,2026-08-10,265,去年夏天,王大毛,,4:05,5CD03A78A74761494A39CADFAA832550,8542577,https://www.kugou.com/yy/rank/home/13-8888.html?from=rank
2026-08-10,2026-08-10T12:18:11+08:00,酷狗音乐,热歌榜,酷狗TOP500,2026-08-10,266,如果可以,韦礼安,,4:34,70425DF5F0C9FCED5E0468189A7F4A70,49958186,https://www.kugou.com/yy/rank/home/13-8888.html?from=rank
2026-08-10,2026-08-10T12:18:11+08:00,酷狗音乐,热歌榜,酷狗TOP500,2026-08-10,267,秋天不回来,王强,,4:14,C14959555A838D7597507AEFDC7D462F,964192,https://www.kugou.com/yy/rank/home/13-8888.html?from=rank
2026-08-10,2026-08-10T12:18:11+08:00,酷狗音乐,热歌榜,酷狗TOP500,2026-08-10,268,白鸽乌鸦相爱的戏码,潘成（皮卡潘）,,2:54,1B5005F285D8B7FD083CA61C5753E9DB,100112898,https://www.kugou.com/yy/rank/home/13-8888.html?from=rank
2026-08-10,2026-08-10T12:18:11+08:00,酷狗音乐,热歌榜,酷狗TOP500,2026-08-10,269,冲动的惩罚,刀郎,,7:54,84073718AE6A82366444C3B5AE526FAC,964521,https://www.kugou.com/yy/rank/home/13-8888.html?from=rank
2026-08-10,2026-08-10T12:18:11+08:00,酷狗音乐,热歌榜,酷狗TOP500,2026-08-10,270,岸边客,夏子航（2603）,,4:32,E87EEB7804D4708714E6C38DE1F8E649,161846818,https://www.kugou.com/yy/rank/home/13-8888.html?from=rank
2026-08-10,2026-08-10T12:18:11+08:00,酷狗音乐,热歌榜,酷狗TOP500,2026-08-10,271,九百九十九朵玫瑰 (r&b),落日微醺,,4:07,0969B2B26405C8DDEC7C72292F794D48,184352572,https://www.kugou.com/yy/rank/home/13-8888.html?from=rank
2026-08-10,2026-08-10T12:18:11+08:00,酷狗音乐,热歌榜,酷狗TOP500,2026-08-10,272,you know 2 (Phonk),KEVER,,2:06,9E57996D3286C817DF8E6F47C8A34726,197704912,https://www.kugou.com/yy/rank/home/13-8888.html?from=rank
2026-08-10,2026-08-10T12:18:11+08:00,酷狗音乐,热歌榜,酷狗TOP500,2026-08-10,273,没那么简单,黄小琥,,5:08,90D82FB9EB6C1F5385F6F086318EE1FA,962530,https://www.kugou.com/yy/rank/home/13-8888.html?from=rank
2026-08-10,2026-08-10T12:18:11+08:00,酷狗音乐,热歌榜,酷狗TOP500,2026-08-10,274,雨蝶,李翊君,,3:51,C83424ACF417185057E278554B91D4C0,7549108,https://www.kugou.com/yy/rank/home/13-8888.html?from=rank
2026-08-10,2026-08-10T12:18:11+08:00,酷狗音乐,热歌榜,酷狗TOP500,2026-08-10,275,一样的月光,徐佳莹,,4:00,E470A579E87A5436E68FAA51AD18A379,972101,https://www.kugou.com/yy/rank/home/13-8888.html?from=rank
2026-08-10,2026-08-10T12:18:11+08:00,酷狗音乐,热歌榜,酷狗TOP500,2026-08-10,276,断点,张敬轩,,4:28,2C2A571D91FF7BF6FE814887FFA7E592,2996592,https://www.kugou.com/yy/rank/home/13-8888.html?from=rank
2026-08-10,2026-08-10T12:18:11+08:00,酷狗音乐,热歌榜,酷狗TOP500,2026-08-10,277,IF YOU,BIGBANG,,4:24,33C5FC6AB3AF0B5B142F12C9556CB178,549436,https://www.kugou.com/yy/rank/home/13-8888.html?from=rank
2026-08-10,2026-08-10T12:18:11+08:00,酷狗音乐,热歌榜,酷狗TOP500,2026-08-10,278,走走,李荣浩,,5:04,0BD5B6F56CED35BB3380425EC02E1098,106374641,https://www.kugou.com/yy/rank/home/13-8888.html?from=rank
2026-08-10,2026-08-10T12:18:11+08:00,酷狗音乐,热歌榜,酷狗TOP500,2026-08-10,279,如果当时,许嵩,,5:16,697712B7504DA5541C3ED4D117AE1018,973251,https://www.kugou.com/yy/rank/home/13-8888.html?from=rank
2026-08-10,2026-08-10T12:18:11+08:00,酷狗音乐,热歌榜,酷狗TOP500,2026-08-10,280,瞬,郑润泽,,4:45,C06970FDB48E8E1F9BBC7577B7BC1938,75949211,https://www.kugou.com/yy/rank/home/13-8888.html?from=rank
2026-08-10,2026-08-10T12:18:11+08:00,酷狗音乐,热歌榜,酷狗TOP500,2026-08-10,281,杀死从前的自己,落日微薰,,3:12,AB863C004354D3402530B2C52616667E,202174405,https://www.kugou.com/yy/rank/home/13-8888.html?from=rank
2026-08-10,2026-08-10T12:18:11+08:00,酷狗音乐,热歌榜,酷狗TOP500,2026-08-10,282,租购,薛之谦,,4:31,B96A6102B2238E21C463E96A7D81E840,130133801,https://www.kugou.com/yy/rank/home/13-8888.html?from=rank
2026-08-10,2026-08-10T12:18:11+08:00,酷狗音乐,热歌榜,酷狗TOP500,2026-08-10,283,年少有为,李荣浩,,4:39,3A5C1D6CDABB2FDA813F8F8B7E4D08B0,8873395,https://www.kugou.com/yy/rank/home/13-8888.html?from=rank
2026-08-10,2026-08-10T12:18:11+08:00,酷狗音乐,热歌榜,酷狗TOP500,2026-08-10,284,真的爱你,BEYOND,,4:35,C46916711631EA28508A41C325A74E1B,971451,https://www.kugou.com/yy/rank/home/13-8888.html?from=rank
2026-08-10,2026-08-10T12:18:11+08:00,酷狗音乐,热歌榜,酷狗TOP500,2026-08-10,285,幻听,许嵩,,4:33,24F5E7555646965CD7D1A924452B3300,973046,https://www.kugou.com/yy/rank/home/13-8888.html?from=rank
2026-08-10,2026-08-10T12:18:11+08:00,酷狗音乐,热歌榜,酷狗TOP500,2026-08-10,286,夏天的风,温岚,,4:01,33431BA8C2FB438ED064AE5DEEB2985F,2997111,https://www.kugou.com/yy/rank/home/13-8888.html?from=rank
2026-08-10,2026-08-10T12:18:11+08:00,酷狗音乐,热歌榜,酷狗TOP500,2026-08-10,287,老人与海,海鸣威、吴琼,,4:26,64550F3E833ABE710545EA84FC82754E,1778632,https://www.kugou.com/yy/rank/home/14-8888.html?from=rank
2026-08-10,2026-08-10T12:18:11+08:00,酷狗音乐,热歌榜,酷狗TOP500,2026-08-10,288,感谢你曾来过,Ayo97、周思涵,,4:10,39DCBBDCB0B377628BEF5FD48EF01254,9101627,https://www.kugou.com/yy/rank/home/14-8888.html?from=rank
2026-08-10,2026-08-10T12:18:11+08:00,酷狗音乐,热歌榜,酷狗TOP500,2026-08-10,289,落空,印子月,,3:53,F2823FEC8D01EDE2587ED3D32F787782,15394482,https://www.kugou.com/yy/rank/home/14-8888.html?from=rank
2026-08-10,2026-08-10T12:18:11+08:00,酷狗音乐,热歌榜,酷狗TOP500,2026-08-10,290,不遗憾,李荣浩,,5:20,40CE38D5DB930F404EB26F58978BEC3D,44404137,https://www.kugou.com/yy/rank/home/14-8888.html?from=rank
2026-08-10,2026-08-10T12:18:11+08:00,酷狗音乐,热歌榜,酷狗TOP500,2026-08-10,291,世界上的另一个我,阿肆、郭采洁,,3:58,73C0E5566146583A631C9A94203405D6,4255765,https://www.kugou.com/yy/rank/home/14-8888.html?from=rank
2026-08-10,2026-08-10T12:18:11+08:00,酷狗音乐,热歌榜,酷狗TOP500,2026-08-10,292,是你没选我啊,于冬然,,3:22,885046DF8380B7506A6B12EC8F6E201D,176303736,https://www.kugou.com/yy/rank/home/14-8888.html?from=rank
2026-08-10,2026-08-10T12:18:11+08:00,酷狗音乐,热歌榜,酷狗TOP500,2026-08-10,293,喜欢你 (G.E.M.重生版),G.E.M. 邓紫棋,,4:03,AA4D82A7506DE809B7A89F91B73F3E1E,150256944,https://www.kugou.com/yy/rank/home/14-8888.html?from=rank
2026-08-10,2026-08-10T12:18:11+08:00,酷狗音乐,热歌榜,酷狗TOP500,2026-08-10,294,谁明浪子心,王杰,,5:01,1E54C9C01C9DFC5C68F743368F353711,983991,https://www.kugou.com/yy/rank/home/14-8888.html?from=rank
2026-08-10,2026-08-10T12:18:11+08:00,酷狗音乐,热歌榜,酷狗TOP500,2026-08-10,295,遗失的心跳,萧亚轩,,3:37,54C1A6E877BB37D052A86D4C41604FE7,521727,https://www.kugou.com/yy/rank/home/14-8888.html?from=rank
2026-08-10,2026-08-10T12:18:11+08:00,酷狗音乐,热歌榜,酷狗TOP500,2026-08-10,296,搀扶,马健涛,,5:28,D95AE3CC810BB62D28505AE1510C329F,130332417,https://www.kugou.com/yy/rank/home/14-8888.html?from=rank
2026-08-10,2026-08-10T12:18:11+08:00,酷狗音乐,热歌榜,酷狗TOP500,2026-08-10,297,不能说的秘密,周杰伦,,4:57,EDFC5DD1AC3D58971AB95B3E2700D015,554150,https://www.kugou.com/yy/rank/home/14-8888.html?from=rank
2026-08-10,2026-08-10T12:18:11+08:00,酷狗音乐,热歌榜,酷狗TOP500,2026-08-10,298,是我不够好,李毓芬,,3:37,2B152C85BA2B73CBC79EA722928EF425,1590098,https://www.kugou.com/yy/rank/home/14-8888.html?from=rank
2026-08-10,2026-08-10T12:18:11+08:00,酷狗音乐,热歌榜,酷狗TOP500,2026-08-10,299,Love Story,Taylor Swift,,3:56,193B72D4456A4CC02A3DE7C673FC4E23,13721135,https://www.kugou.com/yy/rank/home/14-8888.html?from=rank
2026-08-10,2026-08-10T12:18:11+08:00,酷狗音乐,热歌榜,酷狗TOP500,2026-08-10,300,第一次爱的人,王心凌,,3:53,38539E18FBB3E9A8DFA84A892CA718F6,979891,https://www.kugou.com/yy/rank/home/14-8888.html?from=rank
2026-08-10,2026-08-10T12:18:11+08:00,酷狗音乐,热歌榜,酷狗TOP500,2026-08-10,301,夏夜最后的烟火,颜人中,,4:40,4E418EDAB22093B51C78C81C0A8C9B31,39949767,https://www.kugou.com/yy/rank/home/14-8888.html?from=rank
2026-08-10,2026-08-10T12:18:11+08:00,酷狗音乐,热歌榜,酷狗TOP500,2026-08-10,302,再见只是陌生人,庄心妍,,4:12,67F2E5F1B47C2B86E201518FD24D9831,556403,https://www.kugou.com/yy/rank/home/14-8888.html?from=rank
2026-08-10,2026-08-10T12:18:11+08:00,酷狗音乐,热歌榜,酷狗TOP500,2026-08-10,303,爱我的人和我爱的人 (对唱版),张家旺、悦开心,,3:52,FFD58B572BFB5227CA53F66BAD45FF52,59950148,https://www.kugou.com/yy/rank/home/14-8888.html?from=rank
2026-08-10,2026-08-10T12:18:11+08:00,酷狗音乐,热歌榜,酷狗TOP500,2026-08-10,304,偏偏喜欢你,陈百强,,3:32,D186383AA965D13601CFF4857F844FEE,983655,https://www.kugou.com/yy/rank/home/14-8888.html?from=rank
2026-08-10,2026-08-10T12:18:11+08:00,酷狗音乐,热歌榜,酷狗TOP500,2026-08-10,305,不潮不用花钱,林俊杰,,3:54,5A84BBA4C673BEA45083C521ADF366AF,963179,https://www.kugou.com/yy/rank/home/14-8888.html?from=rank
2026-08-10,2026-08-10T12:18:11+08:00,酷狗音乐,热歌榜,酷狗TOP500,2026-08-10,306,不得不爱,潘玮柏、弦子,,4:41,8F9E3FD474EA612C61EB20D1415767BF,972809,https://www.kugou.com/yy/rank/home/14-8888.html?from=rank
2026-08-10,2026-08-10T12:18:11+08:00,酷狗音乐,热歌榜,酷狗TOP500,2026-08-10,307,春庭雪 (r&b微醺版),落日微醺,,3:44,34F0A836850778DA37190AA74ED2A06E,195834505,https://www.kugou.com/yy/rank/home/14-8888.html?from=rank
2026-08-10,2026-08-10T12:18:11+08:00,酷狗音乐,热歌榜,酷狗TOP500,2026-08-10,308,你最近还好吗,Ghost (王琳凯),,3:31,A1ADE90292D40A8A23F54DA5C3B2E96A,35318614,https://www.kugou.com/yy/rank/home/14-8888.html?from=rank
2026-08-10,2026-08-10T12:18:11+08:00,酷狗音乐,热歌榜,酷狗TOP500,2026-08-10,309,Fast Cars & Superstars,Cristian Marchi、Reverend Haus,,2:52,9EA177A8A77A9E31B164F6BDA20D4776,81561846,https://www.kugou.com/yy/rank/home/15-8888.html?from=rank
2026-08-10,2026-08-10T12:18:11+08:00,酷狗音乐,热歌榜,酷狗TOP500,2026-08-10,310,左转灯 (1000 Times +1),派伟俊、mac ova seas,,3:17,E51ABAF534E7D2BA42DB5604421D4838,164658305,https://www.kugou.com/yy/rank/home/15-8888.html?from=rank
2026-08-10,2026-08-10T12:18:11+08:00,酷狗音乐,热歌榜,酷狗TOP500,2026-08-10,311,time machine (feat. aren park)(Original Mix),mj apanay、aren park,,3:46,6FC23D8694067908061BB145B6DFCB87,100264848,https://www.kugou.com/yy/rank/home/15-8888.html?from=rank
2026-08-10,2026-08-10T12:18:11+08:00,酷狗音乐,热歌榜,酷狗TOP500,2026-08-10,312,你还要我怎样,薛之谦,,5:11,8C6AAC48FB5C3759042E4C8699544C6F,960327,https://www.kugou.com/yy/rank/home/15-8888.html?from=rank
2026-08-10,2026-08-10T12:18:11+08:00,酷狗音乐,热歌榜,酷狗TOP500,2026-08-10,313,是非题,莫文蔚,,4:07,60431D272D830AC994DF2584BA56D196,973717,https://www.kugou.com/yy/rank/home/15-8888.html?from=rank
2026-08-10,2026-08-10T12:18:11+08:00,酷狗音乐,热歌榜,酷狗TOP500,2026-08-10,314,情罪,陈瑞,,4:45,9642484D6F37650295B370CD52553DC5,80617215,https://www.kugou.com/yy/rank/home/15-8888.html?from=rank
2026-08-10,2026-08-10T12:18:11+08:00,酷狗音乐,热歌榜,酷狗TOP500,2026-08-10,315,简单爱,周杰伦,,4:30,6E44CE19BE5872384FA184B995CCE23B,958706,https://www.kugou.com/yy/rank/home/15-8888.html?from=rank
2026-08-10,2026-08-10T12:18:11+08:00,酷狗音乐,热歌榜,酷狗TOP500,2026-08-10,316,好久不见,陈奕迅,,4:11,8E1DDAF172D9C60A28C19358B07BFBF8,962514,https://www.kugou.com/yy/rank/home/15-8888.html?from=rank
2026-08-10,2026-08-10T12:18:11+08:00,酷狗音乐,热歌榜,酷狗TOP500,2026-08-10,317,恶作剧,王蓝茵,,3:47,05B893FC78627C3F5635491BBB35167E,720564,https://www.kugou.com/yy/rank/home/15-8888.html?from=rank
2026-08-10,2026-08-10T12:18:11+08:00,酷狗音乐,热歌榜,酷狗TOP500,2026-08-10,318,冬天的秘密,周传雄,,4:33,1088AEEAB9674A49F8067DCDEB1FC1EE,982655,https://www.kugou.com/yy/rank/home/15-8888.html?from=rank
2026-08-10,2026-08-10T12:18:11+08:00,酷狗音乐,热歌榜,酷狗TOP500,2026-08-10,319,模特,李荣浩,,5:06,87EBC49856D2CB3C04992C9A87E5A5C5,968143,https://www.kugou.com/yy/rank/home/15-8888.html?from=rank
2026-08-10,2026-08-10T12:18:11+08:00,酷狗音乐,热歌榜,酷狗TOP500,2026-08-10,320,花会开在你走的路旁,橘子汽水,,3:57,90276FFF80F6DCB02A7CB3E41CFE724F,156731425,https://www.kugou.com/yy/rank/home/15-8888.html?from=rank
2026-08-10,2026-08-10T12:18:11+08:00,酷狗音乐,热歌榜,酷狗TOP500,2026-08-10,321,虚拟,陈粒,,4:01,AEF0740270FE89918F07807C8D669FB7,1749208,https://www.kugou.com/yy/rank/home/15-8888.html?from=rank
2026-08-10,2026-08-10T12:18:11+08:00,酷狗音乐,热歌榜,酷狗TOP500,2026-08-10,322,坠落,蔡健雅,,4:10,233254CB517BAA74387361C2158519DA,974379,https://www.kugou.com/yy/rank/home/15-8888.html?from=rank
2026-08-10,2026-08-10T12:18:11+08:00,酷狗音乐,热歌榜,酷狗TOP500,2026-08-10,323,Lonely,Nana,,6:21,DD6AD636BD00699C1218CD25D7657099,45833884,https://www.kugou.com/yy/rank/home/15-8888.html?from=rank
2026-08-10,2026-08-10T12:18:11+08:00,酷狗音乐,热歌榜,酷狗TOP500,2026-08-10,324,不如见一面,海来阿木,,4:08,A8CC7F0EA73DE4DE226B26C3F44DD563,80038154,https://www.kugou.com/yy/rank/home/15-8888.html?from=rank
2026-08-10,2026-08-10T12:18:11+08:00,酷狗音乐,热歌榜,酷狗TOP500,2026-08-10,325,你的承诺,海鸣威,,3:53,B1996C2589FADECA9759A420E1EC3FE3,19347507,https://www.kugou.com/yy/rank/home/15-8888.html?from=rank
2026-08-10,2026-08-10T12:18:11+08:00,酷狗音乐,热歌榜,酷狗TOP500,2026-08-10,326,平凡之路,朴树,,5:01,2BE5DE80E68B3346918D38CF7527D979,2944963,https://www.kugou.com/yy/rank/home/15-8888.html?from=rank
2026-08-10,2026-08-10T12:18:11+08:00,酷狗音乐,热歌榜,酷狗TOP500,2026-08-10,327,只若初见,张德伊玲,,3:24,0AC57BC59B96F7BF216744F93617FC8B,58285492,https://www.kugou.com/yy/rank/home/15-8888.html?from=rank
2026-08-10,2026-08-10T12:18:11+08:00,酷狗音乐,热歌榜,酷狗TOP500,2026-08-10,328,Because of You,Kelly Clarkson,,3:39,FED9A7BE6BC7D2FF3B8426ECEF34A2B6,1592158,https://www.kugou.com/yy/rank/home/15-8888.html?from=rank
2026-08-10,2026-08-10T12:18:11+08:00,酷狗音乐,热歌榜,酷狗TOP500,2026-08-10,329,不负众望,陈婉菁,,3:55,B54BD54DD6B27B311A9F7E2CF9505D3E,62005607,https://www.kugou.com/yy/rank/home/15-8888.html?from=rank
2026-08-10,2026-08-10T12:18:11+08:00,酷狗音乐,热歌榜,酷狗TOP500,2026-08-10,330,欢喜就好 (Live),杨宗纬、岳云鹏,,3:24,672E25CFD4FAFF77A36925974050DFF9,202625045,https://www.kugou.com/yy/rank/home/15-8888.html?from=rank
2026-08-10,2026-08-10T12:18:11+08:00,酷狗音乐,热歌榜,酷狗TOP500,2026-08-10,331,刚刚好,薛之谦,,4:11,956EEC514146039E6D6A16B30DD64A7B,1747549,https://www.kugou.com/yy/rank/home/16-8888.html?from=rank
2026-08-10,2026-08-10T12:18:11+08:00,酷狗音乐,热歌榜,酷狗TOP500,2026-08-10,332,跨不过的距离,虎二,,4:31,FED5892036FBD176F6FEAE973C565E59,38209191,https://www.kugou.com/yy/rank/home/16-8888.html?from=rank
2026-08-10,2026-08-10T12:18:11+08:00,酷狗音乐,热歌榜,酷狗TOP500,2026-08-10,333,大海,张雨生,,4:40,BF8252BEAE57AEB53490145CA8E81BB4,967705,https://www.kugou.com/yy/rank/home/16-8888.html?from=rank
2026-08-10,2026-08-10T12:18:11+08:00,酷狗音乐,热歌榜,酷狗TOP500,2026-08-10,334,我曾心比天高 (温柔女生版),A小咩咩,,2:28,E8D11253DAC770F89946A95AE7A4781E,193841549,https://www.kugou.com/yy/rank/home/16-8888.html?from=rank
2026-08-10,2026-08-10T12:18:11+08:00,酷狗音乐,热歌榜,酷狗TOP500,2026-08-10,335,你就不要想起我,田馥甄,,4:41,33E67CD9B775093E93CBABBD649DF087,965595,https://www.kugou.com/yy/rank/home/16-8888.html?from=rank
2026-08-10,2026-08-10T12:18:11+08:00,酷狗音乐,热歌榜,酷狗TOP500,2026-08-10,336,求佛,誓言,,4:46,7B7140B23A836DC6EE63B6CD48482402,7614,https://www.kugou.com/yy/rank/home/16-8888.html?from=rank
2026-08-10,2026-08-10T12:18:11+08:00,酷狗音乐,热歌榜,酷狗TOP500,2026-08-10,337,我们的纪念 (Live),杨丞琳、侯明昊,,4:40,6E4BC8F78873BE0993872362CBDD3461,202625045,https://www.kugou.com/yy/rank/home/16-8888.html?from=rank
2026-08-10,2026-08-10T12:18:11+08:00,酷狗音乐,热歌榜,酷狗TOP500,2026-08-10,338,我曾像傻子一样爱你,老板,,4:03,85F18C8A9470C0BE7BD1D679ACFC6E21,171863030,https://www.kugou.com/yy/rank/home/16-8888.html?from=rank
2026-08-10,2026-08-10T12:18:11+08:00,酷狗音乐,热歌榜,酷狗TOP500,2026-08-10,339,可能,程响,,3:37,38B234C1135A5E9A4C98D55C058A4894,57727291,https://www.kugou.com/yy/rank/home/16-8888.html?from=rank
2026-08-10,2026-08-10T12:18:11+08:00,酷狗音乐,热歌榜,酷狗TOP500,2026-08-10,340,广东爱情故事,广东雨神,,3:34,7A2956668C7D5393FF16AD930C23F2FD,4162049,https://www.kugou.com/yy/rank/home/16-8888.html?from=rank
2026-08-10,2026-08-10T12:18:11+08:00,酷狗音乐,热歌榜,酷狗TOP500,2026-08-10,341,执子之手,宝石Gem、哩哩,,3:10,A84D44A92F427A3198ECEE703B708478,61962429,https://www.kugou.com/yy/rank/home/16-8888.html?from=rank
2026-08-10,2026-08-10T12:18:11+08:00,酷狗音乐,热歌榜,酷狗TOP500,2026-08-10,342,天地龙鳞,王力宏,,3:17,DD83DC4A30C3A05D60FFCE6944FB441C,50749156,https://www.kugou.com/yy/rank/home/16-8888.html?from=rank
2026-08-10,2026-08-10T12:18:11+08:00,酷狗音乐,热歌榜,酷狗TOP500,2026-08-10,343,爱旧爱 (怪我曾爱你爱的太深),恩几,,2:48,E8973BC4EF96021352693BBD9E34D9E2,200504903,https://www.kugou.com/yy/rank/home/16-8888.html?from=rank
2026-08-10,2026-08-10T12:18:11+08:00,酷狗音乐,热歌榜,酷狗TOP500,2026-08-10,344,天际,洋澜一,,5:46,DEAE9D1FC61F4810A0C15AA9CFD83722,76611526,https://www.kugou.com/yy/rank/home/16-8888.html?from=rank
2026-08-10,2026-08-10T12:18:11+08:00,酷狗音乐,热歌榜,酷狗TOP500,2026-08-10,345,琵琶行,奇然、沈谧仁,,5:35,0AB355EF75A56A57E1790734B2E26ED9,2563381,https://www.kugou.com/yy/rank/home/16-8888.html?from=rank
2026-08-10,2026-08-10T12:18:11+08:00,酷狗音乐,热歌榜,酷狗TOP500,2026-08-10,346,想你的夜,关喆,,4:25,1404A292A6E122C99696BDFF04CE982F,963737,https://www.kugou.com/yy/rank/home/16-8888.html?from=rank
2026-08-10,2026-08-10T12:18:11+08:00,酷狗音乐,热歌榜,酷狗TOP500,2026-08-10,347,那些你很冒险的梦,林俊杰,,4:05,468A823BD25A585841F4BC5ED3EF945B,977237,https://www.kugou.com/yy/rank/home/16-8888.html?from=rank
2026-08-10,2026-08-10T12:18:11+08:00,酷狗音乐,热歌榜,酷狗TOP500,2026-08-10,348,喜欢,阿肆,,4:10,F4233033E11BEF5AECD3BD64528A8236,14167090,https://www.kugou.com/yy/rank/home/16-8888.html?from=rank
2026-08-10,2026-08-10T12:18:11+08:00,酷狗音乐,热歌榜,酷狗TOP500,2026-08-10,349,不要忘记我爱你,张碧晨,,3:45,C8EBD31EB4B28B4B845119637D90C58D,17022285,https://www.kugou.com/yy/rank/home/16-8888.html?from=rank
2026-08-10,2026-08-10T12:18:11+08:00,酷狗音乐,热歌榜,酷狗TOP500,2026-08-10,350,暧昧,薛之谦,,5:12,B3A4E466F13F44FA0B91FA4EB8E6DECA,7818079,https://www.kugou.com/yy/rank/home/16-8888.html?from=rank
2026-08-10,2026-08-10T12:18:11+08:00,酷狗音乐,热歌榜,酷狗TOP500,2026-08-10,351,求求你别再说爱我,杨不乖,,3:30,B847847C32E0A77E3AF6833B765EE836,200754416,https://www.kugou.com/yy/rank/home/16-8888.html?from=rank
2026-08-10,2026-08-10T12:18:11+08:00,酷狗音乐,热歌榜,酷狗TOP500,2026-08-10,352,离别开出花 (弹唱版),就是南方凯,,2:52,67911051D7E5B9B3343847D73BF883F5,81781305,https://www.kugou.com/yy/rank/home/16-8888.html?from=rank
2026-08-10,2026-08-10T12:18:11+08:00,酷狗音乐,热歌榜,酷狗TOP500,2026-08-10,353,我们的歌,王力宏,,4:08,4E294957A0D9B72A78B61F3C2A63B6CC,503223,https://www.kugou.com/yy/rank/home/17-8888.html?from=rank
2026-08-10,2026-08-10T12:18:11+08:00,酷狗音乐,热歌榜,酷狗TOP500,2026-08-10,354,Letting Go,蔡健雅,,4:23,326CBB23BAA90062047512376AA406A4,978874,https://www.kugou.com/yy/rank/home/17-8888.html?from=rank
2026-08-10,2026-08-10T12:18:11+08:00,酷狗音乐,热歌榜,酷狗TOP500,2026-08-10,355,玉芬啊玉芬你让彪哥好伤心,老韩很哇塞,,3:00,AFF2135F30F90B6768AF3320505559CF,177493243,https://www.kugou.com/yy/rank/home/17-8888.html?from=rank
2026-08-10,2026-08-10T12:18:11+08:00,酷狗音乐,热歌榜,酷狗TOP500,2026-08-10,356,半岛铁盒,周杰伦,,5:19,67BA8A4A0681F2078BC423CB13B904B7,961807,https://www.kugou.com/yy/rank/home/17-8888.html?from=rank
2026-08-10,2026-08-10T12:18:11+08:00,酷狗音乐,热歌榜,酷狗TOP500,2026-08-10,357,我不配,周杰伦,,4:49,00CBE76AE7676D5D2A3D832D202C8FFD,979856,https://www.kugou.com/yy/rank/home/17-8888.html?from=rank
2026-08-10,2026-08-10T12:18:11+08:00,酷狗音乐,热歌榜,酷狗TOP500,2026-08-10,358,西乌旗99号公路,LunaLiu刘不语、张川海,,3:29,F65BB0D87F5543387A50AEEBF55A1E8A,185310075,https://www.kugou.com/yy/rank/home/17-8888.html?from=rank
2026-08-10,2026-08-10T12:18:11+08:00,酷狗音乐,热歌榜,酷狗TOP500,2026-08-10,359,先斩意中人 (男版),DJ铁柱,,3:29,5A9731B9BE64E06819D4BC72A14439D3,198491436,https://www.kugou.com/yy/rank/home/17-8888.html?from=rank
2026-08-10,2026-08-10T12:18:11+08:00,酷狗音乐,热歌榜,酷狗TOP500,2026-08-10,360,依恋,蔡淳佳,,3:50,9714498BCF9555F67A13071A93132939,976349,https://www.kugou.com/yy/rank/home/17-8888.html?from=rank
2026-08-10,2026-08-10T12:18:11+08:00,酷狗音乐,热歌榜,酷狗TOP500,2026-08-10,361,再见,张震岳,,3:04,13B04C6FA7B92D747534CD88718CADAC,969234,https://www.kugou.com/yy/rank/home/17-8888.html?from=rank
2026-08-10,2026-08-10T12:18:11+08:00,酷狗音乐,热歌榜,酷狗TOP500,2026-08-10,362,Dear John,比莉,,5:11,71951213A1C3C313DEEB017D3C9E77CC,2528933,https://www.kugou.com/yy/rank/home/17-8888.html?from=rank
2026-08-10,2026-08-10T12:18:11+08:00,酷狗音乐,热歌榜,酷狗TOP500,2026-08-10,363,NIGHT DANCER (夜中舞者),imase,,3:31,572C3807BF90891332ED77A72DB74272,59918395,https://www.kugou.com/yy/rank/home/17-8888.html?from=rank
2026-08-10,2026-08-10T12:18:11+08:00,酷狗音乐,热歌榜,酷狗TOP500,2026-08-10,364,倒数,G.E.M. 邓紫棋,,3:49,65945C4D6FB03D7997AE133C9BE5715D,9373625,https://www.kugou.com/yy/rank/home/17-8888.html?from=rank
2026-08-10,2026-08-10T12:18:11+08:00,酷狗音乐,热歌榜,酷狗TOP500,2026-08-10,365,嘉宾,张远,,5:34,96D0DEFE09DFE43C57EE9AC3B1EA408E,39699796,https://www.kugou.com/yy/rank/home/17-8888.html?from=rank
2026-08-10,2026-08-10T12:18:11+08:00,酷狗音乐,热歌榜,酷狗TOP500,2026-08-10,366,연애의 조건 (恋爱的条件),BESTie,,3:12,FBE0D895B585AFAD693FE42529311608,959733,https://www.kugou.com/yy/rank/home/17-8888.html?from=rank
2026-08-10,2026-08-10T12:18:11+08:00,酷狗音乐,热歌榜,酷狗TOP500,2026-08-10,367,谁,洋澜一,,3:40,445C54E59AB287FCF15D68FAF92CD9B7,89608819,https://www.kugou.com/yy/rank/home/17-8888.html?from=rank
2026-08-10,2026-08-10T12:18:11+08:00,酷狗音乐,热歌榜,酷狗TOP500,2026-08-10,368,最爱,周慧敏,,4:25,DBC221919A9686F684F90E1920179363,568311,https://www.kugou.com/yy/rank/home/17-8888.html?from=rank
2026-08-10,2026-08-10T12:18:11+08:00,酷狗音乐,热歌榜,酷狗TOP500,2026-08-10,369,倒带,蔡依林,,4:26,446507D2332BC3F263596363A97C6E95,976925,https://www.kugou.com/yy/rank/home/17-8888.html?from=rank
2026-08-10,2026-08-10T12:18:11+08:00,酷狗音乐,热歌榜,酷狗TOP500,2026-08-10,370,游向陆地的鱼,梓渝,,4:39,4FC4B6BFE449373F345FDC42A7150A23,202160233,https://www.kugou.com/yy/rank/home/17-8888.html?from=rank
2026-08-10,2026-08-10T12:18:11+08:00,酷狗音乐,热歌榜,酷狗TOP500,2026-08-10,371,明天，你好,牛奶咖啡,,4:32,A9527F71F7149F13E1F78B23C25DD30B,967562,https://www.kugou.com/yy/rank/home/17-8888.html?from=rank
2026-08-10,2026-08-10T12:18:11+08:00,酷狗音乐,热歌榜,酷狗TOP500,2026-08-10,372,Love Me,JMSN,,4:33,C8A0559F862B815E8B4D135228944D4D,76048254,https://www.kugou.com/yy/rank/home/17-8888.html?from=rank
2026-08-10,2026-08-10T12:18:11+08:00,酷狗音乐,热歌榜,酷狗TOP500,2026-08-10,373,别说你还深深爱着我,婉婷、杨烬,,3:45,0938FF862C986F6A93B4A7657CAA1125,195023851,https://www.kugou.com/yy/rank/home/17-8888.html?from=rank
2026-08-10,2026-08-10T12:18:11+08:00,酷狗音乐,热歌榜,酷狗TOP500,2026-08-10,374,祝福祖国,顿株拉姆,,3:20,4278C1D6B994A3C6313E08270B924D78,200182409,https://www.kugou.com/yy/rank/home/17-8888.html?from=rank
2026-08-10,2026-08-10T12:18:11+08:00,酷狗音乐,热歌榜,酷狗TOP500,2026-08-10,375,忘记时间,胡歌,,4:32,BB2759C850804CB32A55480D85D21080,493001,https://www.kugou.com/yy/rank/home/18-8888.html?from=rank
2026-08-10,2026-08-10T12:18:11+08:00,酷狗音乐,热歌榜,酷狗TOP500,2026-08-10,376,爱我还是他,陶喆,,4:53,004A93C3A157D825B92A91EEB17DA36A,7547427,https://www.kugou.com/yy/rank/home/18-8888.html?from=rank
2026-08-10,2026-08-10T12:18:11+08:00,酷狗音乐,热歌榜,酷狗TOP500,2026-08-10,377,小美满,周深,,3:34,04A21DB1AB3C8E0D1D8F51F11BDB03A1,83112420,https://www.kugou.com/yy/rank/home/18-8888.html?from=rank
2026-08-10,2026-08-10T12:18:11+08:00,酷狗音乐,热歌榜,酷狗TOP500,2026-08-10,378,The Cure,Lady Gaga,,3:31,3EF072E796A8CF441C83BC751BCB5C38,1994338,https://www.kugou.com/yy/rank/home/18-8888.html?from=rank
2026-08-10,2026-08-10T12:18:11+08:00,酷狗音乐,热歌榜,酷狗TOP500,2026-08-10,379,我太笨,锤娜丽莎,,4:25,A5D4F40382C0DF1A95A48A617793F03E,46432417,https://www.kugou.com/yy/rank/home/18-8888.html?from=rank
2026-08-10,2026-08-10T12:18:11+08:00,酷狗音乐,热歌榜,酷狗TOP500,2026-08-10,380,人间的剧本,老韩很哇塞,,3:18,F80698DAC679080F9E38F3DBB07BD17A,195240853,https://www.kugou.com/yy/rank/home/18-8888.html?from=rank
2026-08-10,2026-08-10T12:18:11+08:00,酷狗音乐,热歌榜,酷狗TOP500,2026-08-10,381,失联雨季,晃儿、千禾星摇调音台,,3:06,8D2C06C30E65D0C5E417463AB66B755A,200152557,https://www.kugou.com/yy/rank/home/18-8888.html?from=rank
2026-08-10,2026-08-10T12:18:11+08:00,酷狗音乐,热歌榜,酷狗TOP500,2026-08-10,382,红豆,王菲,,4:16,AEF916A18BAAE9C8E7807179C8DA64D1,960812,https://www.kugou.com/yy/rank/home/18-8888.html?from=rank
2026-08-10,2026-08-10T12:18:11+08:00,酷狗音乐,热歌榜,酷狗TOP500,2026-08-10,383,匿名的好友,杨丞琳,,4:23,F9CE6B13B4C90B01B3C129FF11B11C87,2694607,https://www.kugou.com/yy/rank/home/18-8888.html?from=rank
2026-08-10,2026-08-10T12:18:11+08:00,酷狗音乐,热歌榜,酷狗TOP500,2026-08-10,384,一个人想着一个人,曾沛慈,,4:04,C9148675D85D3C2B306E966000BC5ABD,542900,https://www.kugou.com/yy/rank/home/18-8888.html?from=rank
2026-08-10,2026-08-10T12:18:11+08:00,酷狗音乐,热歌榜,酷狗TOP500,2026-08-10,385,句号,G.E.M. 邓紫棋,,3:56,0EC0DFE7A4090B3C5C2C1831D7F3ED51,35503028,https://www.kugou.com/yy/rank/home/18-8888.html?from=rank
2026-08-10,2026-08-10T12:18:11+08:00,酷狗音乐,热歌榜,酷狗TOP500,2026-08-10,386,单身情歌,林志炫,,4:35,ACD27A452FE3D0348D38540762DA7BEB,971171,https://www.kugou.com/yy/rank/home/18-8888.html?from=rank
2026-08-10,2026-08-10T12:18:11+08:00,酷狗音乐,热歌榜,酷狗TOP500,2026-08-10,387,不分手的恋爱,汪苏泷,,3:26,543A6E13C527E52886E51BBF14191C8F,37376237,https://www.kugou.com/yy/rank/home/18-8888.html?from=rank
2026-08-10,2026-08-10T12:18:11+08:00,酷狗音乐,热歌榜,酷狗TOP500,2026-08-10,388,蓝眼泪 (女声微醺版),落日微醺,,3:54,D19E12F69998985FBE4E6E0408EDEAFB,195843231,https://www.kugou.com/yy/rank/home/18-8888.html?from=rank
2026-08-10,2026-08-10T12:18:11+08:00,酷狗音乐,热歌榜,酷狗TOP500,2026-08-10,389,离人赋,云汐,,3:57,321EC3B1BB1D8F1D2EFB7A40AC911CA4,64168081,https://www.kugou.com/yy/rank/home/18-8888.html?from=rank
2026-08-10,2026-08-10T12:18:11+08:00,酷狗音乐,热歌榜,酷狗TOP500,2026-08-10,390,光年之外 (G.E.M.重生版),G.E.M. 邓紫棋,,3:55,B0EB2A1CC6832B3596E0D71E3CAFCD5F,150256944,https://www.kugou.com/yy/rank/home/18-8888.html?from=rank
2026-08-10,2026-08-10T12:18:11+08:00,酷狗音乐,热歌榜,酷狗TOP500,2026-08-10,391,多年不见你过的好吗,洛琦,,4:04,4CF3A1195E88BE2CB246A3C3D2B2504B,198871271,https://www.kugou.com/yy/rank/home/18-8888.html?from=rank
2026-08-10,2026-08-10T12:18:11+08:00,酷狗音乐,热歌榜,酷狗TOP500,2026-08-10,392,悬溺,葛东琪,,3:17,666484E904A54B1E62C9FBFDBE6E2563,23773597,https://www.kugou.com/yy/rank/home/18-8888.html?from=rank
2026-08-10,2026-08-10T12:18:11+08:00,酷狗音乐,热歌榜,酷狗TOP500,2026-08-10,393,只为你着迷,李秉成,,4:01,C2F47FB042D8FE6A2B5265DFCF8919A5,11795396,https://www.kugou.com/yy/rank/home/18-8888.html?from=rank
2026-08-10,2026-08-10T12:18:11+08:00,酷狗音乐,热歌榜,酷狗TOP500,2026-08-10,394,到时说爱我,茜拉 (Shila Amzah),,3:22,06085E4FDF0789E8C53561ADA39EDB79,58314622,https://www.kugou.com/yy/rank/home/18-8888.html?from=rank
2026-08-10,2026-08-10T12:18:11+08:00,酷狗音乐,热歌榜,酷狗TOP500,2026-08-10,395,一诺,刘宇宁,,3:40,C9C1A90ABB53B553AC0E2BFBCE784272,202049647,https://www.kugou.com/yy/rank/home/18-8888.html?from=rank
2026-08-10,2026-08-10T12:18:11+08:00,酷狗音乐,热歌榜,酷狗TOP500,2026-08-10,396,月亮照山川,窝窝,,3:18,B96C803232E044E3D6308EAE37ADDE1D,142338715,https://www.kugou.com/yy/rank/home/18-8888.html?from=rank
2026-08-10,2026-08-10T12:18:11+08:00,酷狗音乐,热歌榜,酷狗TOP500,2026-08-10,397,雀跃,任然、小来,,3:56,F928CB7A772F8A6214EEAEB21FA310D8,2820318,https://www.kugou.com/yy/rank/home/19-8888.html?from=rank
2026-08-10,2026-08-10T12:18:11+08:00,酷狗音乐,热歌榜,酷狗TOP500,2026-08-10,398,反方向的钟,周杰伦,,4:18,A6049AAB184A305CAA906C6BBB8E8233,978031,https://www.kugou.com/yy/rank/home/19-8888.html?from=rank
2026-08-10,2026-08-10T12:18:11+08:00,酷狗音乐,热歌榜,酷狗TOP500,2026-08-10,399,有点甜,汪苏泷、BY2,,3:55,99CFDC717FEB7DABCD8A6392D821FC08,516425,https://www.kugou.com/yy/rank/home/19-8888.html?from=rank
2026-08-10,2026-08-10T12:18:11+08:00,酷狗音乐,热歌榜,酷狗TOP500,2026-08-10,400,南方没有你北方没有雨,魏佳艺,,5:12,77765089F43B7DBF1F24406EE444D97F,201940221,https://www.kugou.com/yy/rank/home/19-8888.html?from=rank
2026-08-10,2026-08-10T12:18:11+08:00,酷狗音乐,热歌榜,酷狗TOP500,2026-08-10,401,陷阱,王北车,,4:41,2FA2217B2F80DFE16F0421E1EF42AEB3,8747471,https://www.kugou.com/yy/rank/home/19-8888.html?from=rank
2026-08-10,2026-08-10T12:18:11+08:00,酷狗音乐,热歌榜,酷狗TOP500,2026-08-10,402,静音恋人 (两颗缠绕的心),礼越,,3:26,61F7ABEFA41C847C8F237C68883027CA,183361126,https://www.kugou.com/yy/rank/home/19-8888.html?from=rank
2026-08-10,2026-08-10T12:18:11+08:00,酷狗音乐,热歌榜,酷狗TOP500,2026-08-10,403,他不懂,张杰,,3:52,BA40D69184A05D7BCD335028C5C613BE,38606351,https://www.kugou.com/yy/rank/home/19-8888.html?from=rank
2026-08-10,2026-08-10T12:18:11+08:00,酷狗音乐,热歌榜,酷狗TOP500,2026-08-10,404,那些年,胡夏,,6:11,95A46E232F3F0CFFDA7811B7D9C8E6C4,542864,https://www.kugou.com/yy/rank/home/19-8888.html?from=rank
2026-08-10,2026-08-10T12:18:11+08:00,酷狗音乐,热歌榜,酷狗TOP500,2026-08-10,405,爱，请问怎么走,A-Lin,,4:28,D67CB2EA6082D5AB871509EC06B48370,964045,https://www.kugou.com/yy/rank/home/19-8888.html?from=rank
2026-08-10,2026-08-10T12:18:11+08:00,酷狗音乐,热歌榜,酷狗TOP500,2026-08-10,406,我落泪情绪零碎,周杰伦,,4:18,27943EB1CBD46F7BB165B054CE6EBDC8,958812,https://www.kugou.com/yy/rank/home/19-8888.html?from=rank
2026-08-10,2026-08-10T12:18:11+08:00,酷狗音乐,热歌榜,酷狗TOP500,2026-08-10,407,That Girl,Olly Murs,,2:57,B32C3C7FA2452E7338BFC6F2283FE8ED,1820815,https://www.kugou.com/yy/rank/home/19-8888.html?from=rank
2026-08-10,2026-08-10T12:18:11+08:00,酷狗音乐,热歌榜,酷狗TOP500,2026-08-10,408,Let Go,Beau Young Prince,,2:58,49CD76E4C50D7239BE158337F7C00D21,13747702,https://www.kugou.com/yy/rank/home/19-8888.html?from=rank
2026-08-10,2026-08-10T12:18:11+08:00,酷狗音乐,热歌榜,酷狗TOP500,2026-08-10,409,手写的从前,周杰伦,,4:58,C1992BBF6FB5BB2BB86DECF657509FD3,962593,https://www.kugou.com/yy/rank/home/19-8888.html?from=rank
2026-08-10,2026-08-10T12:18:11+08:00,酷狗音乐,热歌榜,酷狗TOP500,2026-08-10,410,西楼儿女,海来阿木,,4:18,84DA47460010F3D91E203F777233DAA4,62931439,https://www.kugou.com/yy/rank/home/19-8888.html?from=rank
2026-08-10,2026-08-10T12:18:11+08:00,酷狗音乐,热歌榜,酷狗TOP500,2026-08-10,411,当爱在靠近,刘若英,,4:11,D988B9B4B769D979279D4AC9E84907F1,978209,https://www.kugou.com/yy/rank/home/19-8888.html?from=rank
2026-08-10,2026-08-10T12:18:11+08:00,酷狗音乐,热歌榜,酷狗TOP500,2026-08-10,412,初恋情人,刘小慧,,4:40,24BD04781E52FE8E7FAB2A6452D85320,532546,https://www.kugou.com/yy/rank/home/19-8888.html?from=rank
2026-08-10,2026-08-10T12:18:11+08:00,酷狗音乐,热歌榜,酷狗TOP500,2026-08-10,413,爱江山更爱美人,小阿枫,,3:57,0D520519BDFE1CE0071AF809BE4C9906,27763428,https://www.kugou.com/yy/rank/home/19-8888.html?from=rank
2026-08-10,2026-08-10T12:18:11+08:00,酷狗音乐,热歌榜,酷狗TOP500,2026-08-10,414,就是爱你,陶喆,,4:24,43485D7A650AFF532E5ECF24D7FB6381,7547427,https://www.kugou.com/yy/rank/home/19-8888.html?from=rank
2026-08-10,2026-08-10T12:18:11+08:00,酷狗音乐,热歌榜,酷狗TOP500,2026-08-10,415,麦恩莉,方大同,,4:48,3A08C7B067EC2E9B552AB8664490FCEB,971920,https://www.kugou.com/yy/rank/home/19-8888.html?from=rank
2026-08-10,2026-08-10T12:18:11+08:00,酷狗音乐,热歌榜,酷狗TOP500,2026-08-10,416,忘情火鸡面,马健涛,,2:44,37D2FC0EEB63CDF38C8AEFF97FC9CDD0,202461285,https://www.kugou.com/yy/rank/home/19-8888.html?from=rank
2026-08-10,2026-08-10T12:18:11+08:00,酷狗音乐,热歌榜,酷狗TOP500,2026-08-10,417,暖一杯茶,邵帅,,4:03,26A9B8C6480C22BC4342F22CB897E760,23061596,https://www.kugou.com/yy/rank/home/19-8888.html?from=rank
2026-08-10,2026-08-10T12:18:11+08:00,酷狗音乐,热歌榜,酷狗TOP500,2026-08-10,418,冻结,林俊杰,,4:49,AE291096B510F20B93D7D87DCBEF1E43,971150,https://www.kugou.com/yy/rank/home/19-8888.html?from=rank
2026-08-10,2026-08-10T12:18:11+08:00,酷狗音乐,热歌榜,酷狗TOP500,2026-08-10,419,你要的全拿走,胡彦斌,,4:59,489E4872BD06E51C969AE81748E78A10,8317330,https://www.kugou.com/yy/rank/home/20-8888.html?from=rank
2026-08-10,2026-08-10T12:18:11+08:00,酷狗音乐,热歌榜,酷狗TOP500,2026-08-10,420,命运,家家,,3:51,B149A3BFD19481F91B9A652AA8EA21C1,959745,https://www.kugou.com/yy/rank/home/20-8888.html?from=rank
2026-08-10,2026-08-10T12:18:11+08:00,酷狗音乐,热歌榜,酷狗TOP500,2026-08-10,421,I Love You So,The Walters,,2:40,268A58AA8B646B725126E77194C0AF0D,15109280,https://www.kugou.com/yy/rank/home/20-8888.html?from=rank
2026-08-10,2026-08-10T12:18:11+08:00,酷狗音乐,热歌榜,酷狗TOP500,2026-08-10,422,美丽的神话,孙楠、韩红,,4:52,877281C8E094A848F022BCAAA76945CB,964166,https://www.kugou.com/yy/rank/home/20-8888.html?from=rank
2026-08-10,2026-08-10T12:18:11+08:00,酷狗音乐,热歌榜,酷狗TOP500,2026-08-10,423,寂寞沙洲冷,周传雄,,4:35,36A4F5EAA748324A5D509D8EDC47699F,984377,https://www.kugou.com/yy/rank/home/20-8888.html?from=rank
2026-08-10,2026-08-10T12:18:11+08:00,酷狗音乐,热歌榜,酷狗TOP500,2026-08-10,424,天亮以前说再见,何野,,4:00,18E9FC6CF97258B75D090188EDBAE95B,11792318,https://www.kugou.com/yy/rank/home/20-8888.html?from=rank
2026-08-10,2026-08-10T12:18:11+08:00,酷狗音乐,热歌榜,酷狗TOP500,2026-08-10,425,如果爱忘了 (Live),汪苏泷、单依纯,,4:05,50F260DC0A2E7203A1AB89E1937F3927,83718089,https://www.kugou.com/yy/rank/home/20-8888.html?from=rank
2026-08-10,2026-08-10T12:18:11+08:00,酷狗音乐,热歌榜,酷狗TOP500,2026-08-10,426,容易受伤的女人,王菲,,4:21,C4BDD79D611789B65B368283D4DDAB0F,980244,https://www.kugou.com/yy/rank/home/20-8888.html?from=rank
2026-08-10,2026-08-10T12:18:11+08:00,酷狗音乐,热歌榜,酷狗TOP500,2026-08-10,427,让花是花 让树是树 (女声版),苏晚星,,2:59,52C430AC2340E4FC014CDBD656682AB7,196827544,https://www.kugou.com/yy/rank/home/20-8888.html?from=rank
2026-08-10,2026-08-10T12:18:11+08:00,酷狗音乐,热歌榜,酷狗TOP500,2026-08-10,428,你不知道的事,王力宏,,4:39,3722EE8644818A260FD8AF3A173D71C3,982128,https://www.kugou.com/yy/rank/home/20-8888.html?from=rank
2026-08-10,2026-08-10T12:18:11+08:00,酷狗音乐,热歌榜,酷狗TOP500,2026-08-10,429,若今生无缘 (若今生已无缘),万海东,,3:40,E74F4CC22263126EDD4A721AD0D0D0A8,195038536,https://www.kugou.com/yy/rank/home/20-8888.html?from=rank
2026-08-10,2026-08-10T12:18:11+08:00,酷狗音乐,热歌榜,酷狗TOP500,2026-08-10,430,三万英尺 (氛围版),瑞-Gary、东木木,,4:51,FE0AD509C6219D2CEAA68A3029B23805,200405242,https://www.kugou.com/yy/rank/home/20-8888.html?from=rank
2026-08-10,2026-08-10T12:18:11+08:00,酷狗音乐,热歌榜,酷狗TOP500,2026-08-10,431,今生劫换来生缘 (花开又花谢花满天),黄静美,,2:32,0EC832D2791A7AD5F6B76135F2D2313E,202565327,https://www.kugou.com/yy/rank/home/20-8888.html?from=rank
2026-08-10,2026-08-10T12:18:11+08:00,酷狗音乐,热歌榜,酷狗TOP500,2026-08-10,432,有风无风皆自由,王一佳,,3:10,E07D4C9943EAF537E362F7D9C2898F47,96650642,https://www.kugou.com/yy/rank/home/20-8888.html?from=rank
2026-08-10,2026-08-10T12:18:11+08:00,酷狗音乐,热歌榜,酷狗TOP500,2026-08-10,433,爱在西元前,周杰伦,,3:54,66B756FB1331807B032EF97F7BA9948E,958706,https://www.kugou.com/yy/rank/home/20-8888.html?from=rank
2026-08-10,2026-08-10T12:18:11+08:00,酷狗音乐,热歌榜,酷狗TOP500,2026-08-10,434,บักคนซั่ว (坏家伙),ทิดแอม,,4:35,438C8E10A7947E197411BA14810091C1,99159069,https://www.kugou.com/yy/rank/home/20-8888.html?from=rank
2026-08-10,2026-08-10T12:18:11+08:00,酷狗音乐,热歌榜,酷狗TOP500,2026-08-10,435,这世界那么多人,莫文蔚,,4:46,8217FD6FE2973658781FB08DA4F8C4D6,44349469,https://www.kugou.com/yy/rank/home/20-8888.html?from=rank
2026-08-10,2026-08-10T12:18:11+08:00,酷狗音乐,热歌榜,酷狗TOP500,2026-08-10,436,天下,张杰,,3:42,17B11C65674378CA43995537331E1D9C,38606351,https://www.kugou.com/yy/rank/home/20-8888.html?from=rank
2026-08-10,2026-08-10T12:18:11+08:00,酷狗音乐,热歌榜,酷狗TOP500,2026-08-10,437,晚风心里吹,阿梨粤,,3:07,DFFB8F6768AC5044881BB6DD11BDED53,55808898,https://www.kugou.com/yy/rank/home/20-8888.html?from=rank
2026-08-10,2026-08-10T12:18:11+08:00,酷狗音乐,热歌榜,酷狗TOP500,2026-08-10,438,愿与愁,林俊杰,,3:52,4A2A7260442B0A5D5F17295F1DD7241B,71681690,https://www.kugou.com/yy/rank/home/20-8888.html?from=rank
2026-08-10,2026-08-10T12:18:11+08:00,酷狗音乐,热歌榜,酷狗TOP500,2026-08-10,439,痴心绝对,李圣杰,,4:22,2B7176CC7B1E7F5A136A5A1E1AACD365,966511,https://www.kugou.com/yy/rank/home/20-8888.html?from=rank
2026-08-10,2026-08-10T12:18:11+08:00,酷狗音乐,热歌榜,酷狗TOP500,2026-08-10,440,江声入旧年,聲無哀樂乐队THEWEAPONS、龚琳娜、杨宗勋,,4:11,CC9C270CD9409E62960A83BC5B28DC6C,172928690,https://www.kugou.com/yy/rank/home/20-8888.html?from=rank
2026-08-10,2026-08-10T12:18:11+08:00,酷狗音乐,热歌榜,酷狗TOP500,2026-08-10,441,指纹,杜宣达,,4:00,EAF4CB91DA618DBEDC751F54B3B3620D,50057639,https://www.kugou.com/yy/rank/home/21-8888.html?from=rank
2026-08-10,2026-08-10T12:18:11+08:00,酷狗音乐,热歌榜,酷狗TOP500,2026-08-10,442,大眠,王心凌,,4:00,A7FABF26BF07963E8BFB7705DBB503FC,13487578,https://www.kugou.com/yy/rank/home/21-8888.html?from=rank
2026-08-10,2026-08-10T12:18:11+08:00,酷狗音乐,热歌榜,酷狗TOP500,2026-08-10,443,莫问归期,蒋雪儿Snow.J,,3:39,F0E418FB19E8D295D0F78E50AE3B7E30,27453193,https://www.kugou.com/yy/rank/home/21-8888.html?from=rank
2026-08-10,2026-08-10T12:18:11+08:00,酷狗音乐,热歌榜,酷狗TOP500,2026-08-10,444,像鱼,王贰浪,,4:45,6215C5A85B30E53C2E4C20C4DED38D72,13621986,https://www.kugou.com/yy/rank/home/21-8888.html?from=rank
2026-08-10,2026-08-10T12:18:11+08:00,酷狗音乐,热歌榜,酷狗TOP500,2026-08-10,445,Attention,Charlie Puth,,3:32,168410180AC07D8EB7B708E997867631,2035461,https://www.kugou.com/yy/rank/home/21-8888.html?from=rank
2026-08-10,2026-08-10T12:18:11+08:00,酷狗音乐,热歌榜,酷狗TOP500,2026-08-10,446,总有一天你会出现在我身边,棱镜乐队,,4:30,8E6A42453EF5B06A87772F8FF4AD5188,10808308,https://www.kugou.com/yy/rank/home/21-8888.html?from=rank
2026-08-10,2026-08-10T12:18:11+08:00,酷狗音乐,热歌榜,酷狗TOP500,2026-08-10,447,今生啊 多相见,万仁,,3:44,AAE144B41CB32D4256E02C17CFEF0A29,172326826,https://www.kugou.com/yy/rank/home/21-8888.html?from=rank
2026-08-10,2026-08-10T12:18:11+08:00,酷狗音乐,热歌榜,酷狗TOP500,2026-08-10,448,一生中最爱,谭咏麟,,4:19,360AD5530A95B8983E2AB369607A7D1B,960008,https://www.kugou.com/yy/rank/home/21-8888.html?from=rank
2026-08-10,2026-08-10T12:18:11+08:00,酷狗音乐,热歌榜,酷狗TOP500,2026-08-10,449,还爱着你,文夫,,3:52,A61924D891C970A28150FDF9E5E56C53,171019019,https://www.kugou.com/yy/rank/home/21-8888.html?from=rank
2026-08-10,2026-08-10T12:18:11+08:00,酷狗音乐,热歌榜,酷狗TOP500,2026-08-10,450,爱你没差,周杰伦,,4:41,66F31869BBAA767A929F35EEE1CCC5C9,982051,https://www.kugou.com/yy/rank/home/21-8888.html?from=rank
2026-08-10,2026-08-10T12:18:11+08:00,酷狗音乐,热歌榜,酷狗TOP500,2026-08-10,451,挂机 (厌倦了吵架厌倦了迷人的谎话),Lefty,,3:15,3F3B56378E28528EF5A3C3000614D1D7,164678393,https://www.kugou.com/yy/rank/home/21-8888.html?from=rank
2026-08-10,2026-08-10T12:18:11+08:00,酷狗音乐,热歌榜,酷狗TOP500,2026-08-10,452,渡情,古月、张慧清,,3:16,67AADB76F3C3ECA6C5C7CF976018D5C5,554705,https://www.kugou.com/yy/rank/home/21-8888.html?from=rank
2026-08-10,2026-08-10T12:18:11+08:00,酷狗音乐,热歌榜,酷狗TOP500,2026-08-10,453,听哭了自己,沧桑老叔,,3:32,2F886E50337A0268514AA517C5E13A39,184905718,https://www.kugou.com/yy/rank/home/21-8888.html?from=rank
2026-08-10,2026-08-10T12:18:11+08:00,酷狗音乐,热歌榜,酷狗TOP500,2026-08-10,454,幻痛药 Hurt And Hurt,Tlatre特雷西、LSGCsikoriot,,2:56,EF32A5F959644BE4ECFC9DC2521F535E,51577370,https://www.kugou.com/yy/rank/home/21-8888.html?from=rank
2026-08-10,2026-08-10T12:18:11+08:00,酷狗音乐,热歌榜,酷狗TOP500,2026-08-10,455,天亮以前说再见 (雪花多舍不得冬天),四熹丸子,,3:53,36255921966B48B35A6E31D843C1CDD4,133064388,https://www.kugou.com/yy/rank/home/21-8888.html?from=rank
2026-08-10,2026-08-10T12:18:11+08:00,酷狗音乐,热歌榜,酷狗TOP500,2026-08-10,456,意外,薛之谦,,4:52,04E0EDE41EA3CCFF76C04F414E1D03A7,960327,https://www.kugou.com/yy/rank/home/21-8888.html?from=rank
2026-08-10,2026-08-10T12:18:11+08:00,酷狗音乐,热歌榜,酷狗TOP500,2026-08-10,457,如果这就是爱情,张靓颖,,4:43,4E871DF1E2034CF6BAAD7B03D2386058,2597425,https://www.kugou.com/yy/rank/home/21-8888.html?from=rank
2026-08-10,2026-08-10T12:18:11+08:00,酷狗音乐,热歌榜,酷狗TOP500,2026-08-10,458,一路生花,温奕心,,4:16,4F18553F2AF06E355AD75A5EE6173456,45305792,https://www.kugou.com/yy/rank/home/21-8888.html?from=rank
2026-08-10,2026-08-10T12:18:11+08:00,酷狗音乐,热歌榜,酷狗TOP500,2026-08-10,459,修炼爱情,林俊杰,,4:47,8748C12719DCA9F588B1118AC05F6BF8,972188,https://www.kugou.com/yy/rank/home/21-8888.html?from=rank
2026-08-10,2026-08-10T12:18:11+08:00,酷狗音乐,热歌榜,酷狗TOP500,2026-08-10,460,摇太阳 (雷鬼版),白兰的,,4:32,97915750F2E7DEBEB4E2C7AF4AA7F5A1,183678520,https://www.kugou.com/yy/rank/home/21-8888.html?from=rank
2026-08-10,2026-08-10T12:18:11+08:00,酷狗音乐,热歌榜,酷狗TOP500,2026-08-10,461,有一种爱叫做放手,阿木,,4:24,8ACE2D4510E26FBDC4736055C5AE4B03,971509,https://www.kugou.com/yy/rank/home/21-8888.html?from=rank
2026-08-10,2026-08-10T12:18:11+08:00,酷狗音乐,热歌榜,酷狗TOP500,2026-08-10,462,别怕我伤心,张信哲,,4:47,976677A739F25908591FA822CB1F1DF3,538030,https://www.kugou.com/yy/rank/home/21-8888.html?from=rank
2026-08-10,2026-08-10T12:18:11+08:00,酷狗音乐,热歌榜,酷狗TOP500,2026-08-10,463,天若有情,A-Lin,,4:17,2E6CE4E79982AE2119A69C1D30537EA2,1805426,https://www.kugou.com/yy/rank/home/22-8888.html?from=rank
2026-08-10,2026-08-10T12:18:11+08:00,酷狗音乐,热歌榜,酷狗TOP500,2026-08-10,464,"Baby, Don't Cry (人鱼的眼泪)(Chinese Ver.)",EXO,,3:56,B692ED61ED4DDE69C50EB8B975D4E04D,22436133,https://www.kugou.com/yy/rank/home/22-8888.html?from=rank
2026-08-10,2026-08-10T12:18:11+08:00,酷狗音乐,热歌榜,酷狗TOP500,2026-08-10,465,三国恋,Tank,,4:06,1325E661C6044048943A8D7D417ED280,966742,https://www.kugou.com/yy/rank/home/22-8888.html?from=rank
2026-08-10,2026-08-10T12:18:11+08:00,酷狗音乐,热歌榜,酷狗TOP500,2026-08-10,466,读心术,卓文萱,,4:20,3F98A771F8F33556966A9990F66D95C4,965920,https://www.kugou.com/yy/rank/home/22-8888.html?from=rank
2026-08-10,2026-08-10T12:18:11+08:00,酷狗音乐,热歌榜,酷狗TOP500,2026-08-10,467,Take Me to Your Heart,Michael Learns To Rock,,3:59,97ED0BF75D3D6EEB97A326073F503AC8,561642,https://www.kugou.com/yy/rank/home/22-8888.html?from=rank
2026-08-10,2026-08-10T12:18:11+08:00,酷狗音乐,热歌榜,酷狗TOP500,2026-08-10,468,传奇,王菲,,4:56,A72FE2B2521CE45FD632AC3E559F6691,959238,https://www.kugou.com/yy/rank/home/22-8888.html?from=rank
2026-08-10,2026-08-10T12:18:11+08:00,酷狗音乐,热歌榜,酷狗TOP500,2026-08-10,469,情人,蔡徐坤,,3:15,120F234213ACB64E202B391612D5D9CA,37760326,https://www.kugou.com/yy/rank/home/22-8888.html?from=rank
2026-08-10,2026-08-10T12:18:11+08:00,酷狗音乐,热歌榜,酷狗TOP500,2026-08-10,470,孤雏,AGA,,4:53,8BB44BFFC9A9CFC06706D37DA52B617B,1821989,https://www.kugou.com/yy/rank/home/22-8888.html?from=rank
2026-08-10,2026-08-10T12:18:11+08:00,酷狗音乐,热歌榜,酷狗TOP500,2026-08-10,471,第一次,光良,,4:23,2C202C0CE252384AD5022CC3A99B697A,930386,https://www.kugou.com/yy/rank/home/22-8888.html?from=rank
2026-08-10,2026-08-10T12:18:11+08:00,酷狗音乐,热歌榜,酷狗TOP500,2026-08-10,472,爱殇,小时姑娘,,5:04,707A4FE62FAD89DDA2F95B99453CA25B,45951672,https://www.kugou.com/yy/rank/home/22-8888.html?from=rank
2026-08-10,2026-08-10T12:18:11+08:00,酷狗音乐,热歌榜,酷狗TOP500,2026-08-10,473,玫瑰花的葬礼,许嵩,,4:21,0A335E9374392B72E5965D8F6165E564,1968878,https://www.kugou.com/yy/rank/home/22-8888.html?from=rank
2026-08-10,2026-08-10T12:18:11+08:00,酷狗音乐,热歌榜,酷狗TOP500,2026-08-10,474,大城小爱,王力宏,,3:45,3EAF74E9E5065C03B050F356F0567311,2820176,https://www.kugou.com/yy/rank/home/22-8888.html?from=rank
2026-08-10,2026-08-10T12:18:11+08:00,酷狗音乐,热歌榜,酷狗TOP500,2026-08-10,475,你的爱情像剪刀 (男女对唱版),马耀火、金禾安,,3:00,9740F3C43FBA6654E509C8534614C71F,201311484,https://www.kugou.com/yy/rank/home/22-8888.html?from=rank
2026-08-10,2026-08-10T12:18:11+08:00,酷狗音乐,热歌榜,酷狗TOP500,2026-08-10,476,我爱的是爱我的你,纯手动洗衣机,,3:40,E8A313D72B0624C85227D48D5D55BF6F,184901497,https://www.kugou.com/yy/rank/home/22-8888.html?from=rank
2026-08-10,2026-08-10T12:18:11+08:00,酷狗音乐,热歌榜,酷狗TOP500,2026-08-10,477,逆流成河,金南玲,,2:05,F12381673024C26DF3CC2589AA52987F,976591,https://www.kugou.com/yy/rank/home/22-8888.html?from=rank
2026-08-10,2026-08-10T12:18:11+08:00,酷狗音乐,热歌榜,酷狗TOP500,2026-08-10,478,无名氏,张真源,,3:37,26AF3F19DD5D19D4086038F75763210C,202020503,https://www.kugou.com/yy/rank/home/22-8888.html?from=rank
2026-08-10,2026-08-10T12:18:11+08:00,酷狗音乐,热歌榜,酷狗TOP500,2026-08-10,479,怪我们缘分太浅 (别难过),刘纯,,3:57,4C9C9BFA509C9E16056F13255A6D6FCD,199992101,https://www.kugou.com/yy/rank/home/22-8888.html?from=rank
2026-08-10,2026-08-10T12:18:11+08:00,酷狗音乐,热歌榜,酷狗TOP500,2026-08-10,480,主角,王菲,,5:00,5AC9B20840021F9BE51D76C3067BCC26,189702143,https://www.kugou.com/yy/rank/home/22-8888.html?from=rank
2026-08-10,2026-08-10T12:18:11+08:00,酷狗音乐,热歌榜,酷狗TOP500,2026-08-10,481,也许在下雨天 (雷鬼版),保安王队长,,3:49,0FFB81E70E2FD004E00FB6BC6BB8B982,195020013,https://www.kugou.com/yy/rank/home/22-8888.html?from=rank
2026-08-10,2026-08-10T12:18:11+08:00,酷狗音乐,热歌榜,酷狗TOP500,2026-08-10,482,只为看清你的容颜 (氛围版),夏瑶瑶,,2:32,9F449FA75DE2D3FCC5F0FF7CABF843A3,199498350,https://www.kugou.com/yy/rank/home/22-8888.html?from=rank
2026-08-10,2026-08-10T12:18:11+08:00,酷狗音乐,热歌榜,酷狗TOP500,2026-08-10,483,锈,江辰,,3:42,999A93FD5D7B34A72831CE5CCCC3D0EE,130013955,https://www.kugou.com/yy/rank/home/22-8888.html?from=rank
2026-08-10,2026-08-10T12:18:11+08:00,酷狗音乐,热歌榜,酷狗TOP500,2026-08-10,484,包容,郑源,,4:23,34000A6CA0043801440E74059F4759EF,967724,https://www.kugou.com/yy/rank/home/22-8888.html?from=rank
2026-08-10,2026-08-10T12:18:11+08:00,酷狗音乐,热歌榜,酷狗TOP500,2026-08-10,485,不要在我寂寞的时候说爱我 (funky版),Bobo博official,,2:24,5E043A1E610CC92EC4D10816861667F8,180788163,https://www.kugou.com/yy/rank/home/23-8888.html?from=rank
2026-08-10,2026-08-10T12:18:11+08:00,酷狗音乐,热歌榜,酷狗TOP500,2026-08-10,486,乌兰巴托的夜 (空灵女版),几行,,2:26,2C3D97DF03D54820B6537F1BA77D4A9C,179042571,https://www.kugou.com/yy/rank/home/23-8888.html?from=rank
2026-08-10,2026-08-10T12:18:11+08:00,酷狗音乐,热歌榜,酷狗TOP500,2026-08-10,487,拿什么记念这耗尽真心的几年,邵金刚,,3:59,F46D23D57A124927FCA88F23D46E8921,183333592,https://www.kugou.com/yy/rank/home/23-8888.html?from=rank
2026-08-10,2026-08-10T12:18:11+08:00,酷狗音乐,热歌榜,酷狗TOP500,2026-08-10,488,风若是拦不住,亚飞,,3:17,580E4A7F99C7C8C8959627E5D33C8FC7,200516203,https://www.kugou.com/yy/rank/home/23-8888.html?from=rank
2026-08-10,2026-08-10T12:18:11+08:00,酷狗音乐,热歌榜,酷狗TOP500,2026-08-10,489,就让岁月开成一朵花,阿云朵,,5:19,AFEC70D28F29BB844F93D6BC3B8A5EE9,183681654,https://www.kugou.com/yy/rank/home/23-8888.html?from=rank
2026-08-10,2026-08-10T12:18:11+08:00,酷狗音乐,热歌榜,酷狗TOP500,2026-08-10,490,少一点天份,孙盛希,,4:35,FFD1F05E5D06A1DDFAEDFE6A3379A271,566029,https://www.kugou.com/yy/rank/home/23-8888.html?from=rank
2026-08-10,2026-08-10T12:18:11+08:00,酷狗音乐,热歌榜,酷狗TOP500,2026-08-10,491,我把思念说给风 (深情版),戎大姨,,3:50,115F231655C99354BDDE58EF8C427EEA,201073655,https://www.kugou.com/yy/rank/home/23-8888.html?from=rank
2026-08-10,2026-08-10T12:18:11+08:00,酷狗音乐,热歌榜,酷狗TOP500,2026-08-10,492,天使的翅膀,徐誉滕,,3:35,BC347DEB1DEBB31E847703D5118AE45A,965593,https://www.kugou.com/yy/rank/home/23-8888.html?from=rank
2026-08-10,2026-08-10T12:18:11+08:00,酷狗音乐,热歌榜,酷狗TOP500,2026-08-10,493,戒不掉,欧阳耀莹,,3:07,C53849004337DD113C795E8EC1E9BE29,9265598,https://www.kugou.com/yy/rank/home/23-8888.html?from=rank
2026-08-10,2026-08-10T12:18:11+08:00,酷狗音乐,热歌榜,酷狗TOP500,2026-08-10,494,太多 (R&B),落日微醺,,3:54,0FAE8E25895CB68F57A20A676B09E04E,196615244,https://www.kugou.com/yy/rank/home/23-8888.html?from=rank
2026-08-10,2026-08-10T12:18:11+08:00,酷狗音乐,热歌榜,酷狗TOP500,2026-08-10,495,一个人想着一个人 (说唱版),艾比利,,3:09,A4C9C11B5C6CD698FBA54D0AB3FE71CA,102363749,https://www.kugou.com/yy/rank/home/23-8888.html?from=rank
2026-08-10,2026-08-10T12:18:11+08:00,酷狗音乐,热歌榜,酷狗TOP500,2026-08-10,496,怎么说我不爱你,萧敬腾,,4:35,30A31A94C77268C92886E00D912AC03B,958893,https://www.kugou.com/yy/rank/home/23-8888.html?from=rank
2026-08-10,2026-08-10T12:18:11+08:00,酷狗音乐,热歌榜,酷狗TOP500,2026-08-10,497,深爱过的人怎么放手,万能和弦,,3:57,43E2C5962E6540E6649B45F9212BFF06,179359732,https://www.kugou.com/yy/rank/home/23-8888.html?from=rank
2026-08-10,2026-08-10T12:18:11+08:00,酷狗音乐,热歌榜,酷狗TOP500,2026-08-10,498,人间,王菲,,4:45,AEC30C06392150FB0F3A8FAC4C57E784,20142,https://www.kugou.com/yy/rank/home/23-8888.html?from=rank
2026-08-10,2026-08-10T12:18:11+08:00,酷狗音乐,热歌榜,酷狗TOP500,2026-08-10,499,菩提树下我为你流泪,铃小花,,2:40,65F6501868D8B30C24CABD25B36BDDAD,178028527,https://www.kugou.com/yy/rank/home/23-8888.html?from=rank
2026-08-10,2026-08-10T12:18:11+08:00,酷狗音乐,热歌榜,酷狗TOP500,2026-08-10,500,如果当初没遇见,一凡,,4:45,A8B3B71C37A013576A432876A931018E,201198536,https://www.kugou.com/yy/rank/home/23-8888.html?from=rank
2026-08-10,2026-08-10T12:18:11+08:00,酷狗音乐,飙升榜,酷狗飙升榜,2026-08-10,1,也许在下雨天 (雨季对唱版),汲麟、杜一、马莲,,3:53,E286988CFA59FAB2C85824A541D3EF57,201318138,https://www.kugou.com/yy/rank/home/1-6666.html?from=rank
2026-08-10,2026-08-10T12:18:11+08:00,酷狗音乐,飙升榜,酷狗飙升榜,2026-08-10,2,这最后一次的分离 (发了疯的想你),Roling7、Grimmmz,,2:17,B9C0CE0176D7E30639FE27F514AF401D,202301736,https://www.kugou.com/yy/rank/home/1-6666.html?from=rank
2026-08-10,2026-08-10T12:18:11+08:00,酷狗音乐,飙升榜,酷狗飙升榜,2026-08-10,3,山风山风等等我 (烟嗓版),老韩很哇塞,,3:29,9F8DD429EDFA2FE5617A003529D16408,201607380,https://www.kugou.com/yy/rank/home/1-6666.html?from=rank
2026-08-10,2026-08-10T12:18:11+08:00,酷狗音乐,飙升榜,酷狗飙升榜,2026-08-10,4,娱乐天空 (Live),宋亚轩,,3:41,D793965E03113B317A5087A494738E0E,202719029,https://www.kugou.com/yy/rank/home/1-6666.html?from=rank
2026-08-10,2026-08-10T12:18:11+08:00,酷狗音乐,飙升榜,酷狗飙升榜,2026-08-10,5,因果 (我就站在这因果里),金针菇,,2:47,E89C5166CE3DD7D5D5B0A986BC39F70D,202013549,https://www.kugou.com/yy/rank/home/1-6666.html?from=rank
2026-08-10,2026-08-10T12:18:11+08:00,酷狗音乐,飙升榜,酷狗飙升榜,2026-08-10,6,幸福在歌唱 (Live),希林娜依高,,4:26,B89C9097617F0022B97F735FC4ECC002,202719029,https://www.kugou.com/yy/rank/home/1-6666.html?from=rank
2026-08-10,2026-08-10T12:18:11+08:00,酷狗音乐,飙升榜,酷狗飙升榜,2026-08-10,7,春泥 (Live),金志文,,4:19,148C9276FC050934974A16314E13A4E6,202719029,https://www.kugou.com/yy/rank/home/1-6666.html?from=rank
2026-08-10,2026-08-10T12:18:11+08:00,酷狗音乐,飙升榜,酷狗飙升榜,2026-08-10,8,像我这样爱你的人,落日微醺本薰、张多金,,4:22,2AEE05C92035800815DE6AFEE285FD0B,201366705,https://www.kugou.com/yy/rank/home/1-6666.html?from=rank
2026-08-10,2026-08-10T12:18:11+08:00,酷狗音乐,飙升榜,酷狗飙升榜,2026-08-10,9,今生劫换来生缘,杨不乖,,3:45,5BF2FE644A7687648A67F86713347D17,202769923,https://www.kugou.com/yy/rank/home/1-6666.html?from=rank
2026-08-10,2026-08-10T12:18:11+08:00,酷狗音乐,飙升榜,酷狗飙升榜,2026-08-10,10,不要问我好不好 (不知不觉我已变得苍老),飙哥哥,,3:13,AF558EF6C463D3A2033C8A2188DF9729,201965440,https://www.kugou.com/yy/rank/home/1-6666.html?from=rank
2026-08-10,2026-08-10T12:18:11+08:00,酷狗音乐,飙升榜,酷狗飙升榜,2026-08-10,11,爱，我不要丢下我 (Live),锤娜丽莎,,5:41,3276F40D72C26FDB3BF1BD06ABE4F23C,202719029,https://www.kugou.com/yy/rank/home/1-6666.html?from=rank
2026-08-10,2026-08-10T12:18:11+08:00,酷狗音乐,飙升榜,酷狗飙升榜,2026-08-10,12,痴情有罪 (微醺版),月落微醺,,3:22,4AB19EF26AF4B1267D85CB119663D864,200694052,https://www.kugou.com/yy/rank/home/1-6666.html?from=rank
2026-08-10,2026-08-10T12:18:11+08:00,酷狗音乐,飙升榜,酷狗飙升榜,2026-08-10,13,若往事能掩埋,侯泽润,,3:21,8B2B702D0FA507B2C1EDE3CFEA28F63F,72161754,https://www.kugou.com/yy/rank/home/1-6666.html?from=rank
2026-08-10,2026-08-10T12:18:11+08:00,酷狗音乐,飙升榜,酷狗飙升榜,2026-08-10,14,忘了你 忘了我 (Live),周蕙,,4:04,123428DC4A0013D56E974A4D58FC202C,202719029,https://www.kugou.com/yy/rank/home/1-6666.html?from=rank
2026-08-10,2026-08-10T12:18:11+08:00,酷狗音乐,飙升榜,酷狗飙升榜,2026-08-10,15,永远不打扰,欣宝儿,,3:40,6AACC2AAA3E0E2A8B255FE02646C6862,202641185,https://www.kugou.com/yy/rank/home/1-6666.html?from=rank
2026-08-10,2026-08-10T12:18:11+08:00,酷狗音乐,飙升榜,酷狗飙升榜,2026-08-10,16,Body Talk,Kungs、Stevie Appleton,,2:59,A49989C13E23F6E8B98304A710E41A45,179263547,https://www.kugou.com/yy/rank/home/1-6666.html?from=rank
2026-08-10,2026-08-10T12:18:11+08:00,酷狗音乐,飙升榜,酷狗飙升榜,2026-08-10,17,我知道我说着的太多的一些烂理由,琉璃未眠,,2:34,A5860962548BA072707817A33463999A,201677379,https://www.kugou.com/yy/rank/home/1-6666.html?from=rank
2026-08-10,2026-08-10T12:18:11+08:00,酷狗音乐,飙升榜,酷狗飙升榜,2026-08-10,18,神山上的姑娘,达珍拉姆,,4:00,CC515774AF319C0F2DFE285F01960E11,202309428,https://www.kugou.com/yy/rank/home/1-6666.html?from=rank
2026-08-10,2026-08-10T12:18:11+08:00,酷狗音乐,飙升榜,酷狗飙升榜,2026-08-10,19,清空,白允y,,2:58,CAED7B618510B0B075A2CF3D6016253D,202812177,https://www.kugou.com/yy/rank/home/1-6666.html?from=rank
2026-08-10,2026-08-10T12:18:11+08:00,酷狗音乐,飙升榜,酷狗飙升榜,2026-08-10,20,只要你打破这心墙 (氛围版),安北辰,,2:50,2A53F77FBDF62F5347D6323FFACAD42A,202029783,https://www.kugou.com/yy/rank/home/1-6666.html?from=rank
2026-08-10,2026-08-10T12:18:11+08:00,酷狗音乐,飙升榜,酷狗飙升榜,2026-08-10,21,云儿能否载我走,万海东,,3:49,049225D1D8E85EEB02D264D3FE229252,202764307,https://www.kugou.com/yy/rank/home/1-6666.html?from=rank
2026-08-10,2026-08-10T12:18:11+08:00,酷狗音乐,飙升榜,酷狗飙升榜,2026-08-10,22,EDM REM IX BASS (暗黑小曲),Grimmmz、割舍.,,5:43,2A4044BFE5A9E9EE9CC7EAFFAE8CC674,200182067,https://www.kugou.com/yy/rank/home/1-6666.html?from=rank
2026-08-10,2026-08-10T12:18:11+08:00,酷狗音乐,飙升榜,酷狗飙升榜,2026-08-10,23,痛的比你深 (神不在香港Remix),神不再香港,,3:11,87135E628C198B94BBF60ED2A3F469E9,202309550,https://www.kugou.com/yy/rank/home/2-6666.html?from=rank
2026-08-10,2026-08-10T12:18:11+08:00,酷狗音乐,飙升榜,酷狗飙升榜,2026-08-10,24,边错边爱 (tell me why),KAI,,3:15,CDEFE2B957958488B49C173A375338B5,197110832,https://www.kugou.com/yy/rank/home/2-6666.html?from=rank
2026-08-10,2026-08-10T12:18:11+08:00,酷狗音乐,飙升榜,酷狗飙升榜,2026-08-10,25,下次别遇见我了 我觉得遇见我 你挺不幸福的,泥萌豪,,2:05,DF9C9E8B0E68FDB0F8DD73C5667035EB,198773045,https://www.kugou.com/yy/rank/home/2-6666.html?from=rank
2026-08-10,2026-08-10T12:18:11+08:00,酷狗音乐,飙升榜,酷狗飙升榜,2026-08-10,26,敷衍你我做不到 (合唱版),向思思、鸟叔、丁小婉,,3:27,AE33C9973430AFA8E2B31F5F69CDE0C1,202729219,https://www.kugou.com/yy/rank/home/2-6666.html?from=rank
2026-08-10,2026-08-10T12:18:11+08:00,酷狗音乐,飙升榜,酷狗飙升榜,2026-08-10,27,忘情马健涛,马健涛,,3:09,E2279C75435319ECBF738407B35CBDB8,202848412,https://www.kugou.com/yy/rank/home/2-6666.html?from=rank
2026-08-10,2026-08-10T12:18:11+08:00,酷狗音乐,飙升榜,酷狗飙升榜,2026-08-10,28,清风上南枝,顾叮当,,2:36,D072A6A4EB71102719114052AE045891,171453461,https://www.kugou.com/yy/rank/home/2-6666.html?from=rank
2026-08-10,2026-08-10T12:18:11+08:00,酷狗音乐,飙升榜,酷狗飙升榜,2026-08-10,29,月像,刘宇,,3:23,A1F5E3595AEC207754DA55E4500076A6,202610568,https://www.kugou.com/yy/rank/home/2-6666.html?from=rank
2026-08-10,2026-08-10T12:18:11+08:00,酷狗音乐,飙升榜,酷狗飙升榜,2026-08-10,30,第57次取消发送,晚月moon,,3:00,4AF1883E07F5B76BC1452805AEE73291,202152813,https://www.kugou.com/yy/rank/home/2-6666.html?from=rank
2026-08-10,2026-08-10T12:18:11+08:00,酷狗音乐,飙升榜,酷狗飙升榜,2026-08-10,31,好运常驻我的家,红蔷薇,,3:11,ABBF67432133C9269B5C814566B0DB74,202793544,https://www.kugou.com/yy/rank/home/2-6666.html?from=rank
2026-08-10,2026-08-10T12:18:11+08:00,酷狗音乐,飙升榜,酷狗飙升榜,2026-08-10,32,什么是逍遥 (Club Mix),Grimmmz、Dr.Phonk,,2:16,5A793980ED54E2E54B54DCDBC5F415E5,199287418,https://www.kugou.com/yy/rank/home/2-6666.html?from=rank
2026-08-10,2026-08-10T12:18:11+08:00,酷狗音乐,飙升榜,酷狗飙升榜,2026-08-10,33,Die For You,NENX、RANGE,,2:14,D4DC1BDF118BE0E899A786042946628F,202163560,https://www.kugou.com/yy/rank/home/2-6666.html?from=rank
2026-08-10,2026-08-10T12:18:11+08:00,酷狗音乐,飙升榜,酷狗飙升榜,2026-08-10,34,Do your thing (独善其身)(Live),Vinz-T,,3:05,5C847E683173F3AFD866AC5374E4DEF9,202719021,https://www.kugou.com/yy/rank/home/2-6666.html?from=rank
2026-08-10,2026-08-10T12:18:11+08:00,酷狗音乐,飙升榜,酷狗飙升榜,2026-08-10,35,窒息 (那天我哭到窒息),何洁,,4:32,CDD5AE07C5F895CB773C815E5645241B,200502264,https://www.kugou.com/yy/rank/home/2-6666.html?from=rank
2026-08-10,2026-08-10T12:18:11+08:00,酷狗音乐,飙升榜,酷狗飙升榜,2026-08-10,36,爱同宇宙般不朽 ——2026毛利兰ONLY主题曲,玄觞,,4:03,928D8C43FE1042EEA98549B30BA80F0B,202720949,https://www.kugou.com/yy/rank/home/2-6666.html?from=rank
2026-08-10,2026-08-10T12:18:11+08:00,酷狗音乐,飙升榜,酷狗飙升榜,2026-08-10,37,东风第一枝,玄觞,,3:43,BFC6024A4B7BA0F8E6C9A1F2578B2C41,8452731,https://www.kugou.com/yy/rank/home/2-6666.html?from=rank
2026-08-10,2026-08-10T12:18:11+08:00,酷狗音乐,飙升榜,酷狗飙升榜,2026-08-10,38,两世欢,许丽静,,4:00,65F423AEE58AF0CCCBFC3F3C8EE36F4E,202724135,https://www.kugou.com/yy/rank/home/2-6666.html?from=rank
2026-08-10,2026-08-10T12:18:11+08:00,酷狗音乐,飙升榜,酷狗飙升榜,2026-08-10,39,Faded (海豹突击队进行曲),HEAB,,3:01,B8479B31850266CD60C467536EFA946B,201495383,https://www.kugou.com/yy/rank/home/2-6666.html?from=rank
2026-08-10,2026-08-10T12:18:11+08:00,酷狗音乐,飙升榜,酷狗飙升榜,2026-08-10,40,全家福 (Live),功夫胖KUNGFU-PEN,,3:51,4A61E82979F1C5473792BD357D8F12B6,202719021,https://www.kugou.com/yy/rank/home/2-6666.html?from=rank
2026-08-10,2026-08-10T12:18:11+08:00,酷狗音乐,飙升榜,酷狗飙升榜,2026-08-10,41,遥遥,酷奇,,3:00,1A4D5701CAFCDD2F061CCFFAD51955DB,89089269,https://www.kugou.com/yy/rank/home/2-6666.html?from=rank
2026-08-10,2026-08-10T12:18:11+08:00,酷狗音乐,飙升榜,酷狗飙升榜,2026-08-10,42,太多 (R&B),落日微醺,,3:54,0FAE8E25895CB68F57A20A676B09E04E,196615244,https://www.kugou.com/yy/rank/home/2-6666.html?from=rank
2026-08-10,2026-08-10T12:18:11+08:00,酷狗音乐,飙升榜,酷狗飙升榜,2026-08-10,43,踏马寻花向自由 (低音版),DJ铁柱,,2:58,0E38423B5CF278ADB8E359692609EAF7,201099960,https://www.kugou.com/yy/rank/home/2-6666.html?from=rank
2026-08-10,2026-08-10T12:18:11+08:00,酷狗音乐,飙升榜,酷狗飙升榜,2026-08-10,44,自由的飞鸟,杨不乖,,4:06,E4C9D00693442420F6E3396BE8D318AD,202769404,https://www.kugou.com/yy/rank/home/2-6666.html?from=rank
2026-08-10,2026-08-10T12:18:11+08:00,酷狗音乐,飙升榜,酷狗飙升榜,2026-08-10,45,Disco Inferno (FunkyHouse Mix),beyond9,,3:46,D0C8E1462CC729CB5F385F2BD478CCD3,175633229,https://www.kugou.com/yy/rank/home/3-6666.html?from=rank
2026-08-10,2026-08-10T12:18:11+08:00,酷狗音乐,飙升榜,酷狗飙升榜,2026-08-10,46,隔岸故人,白冬雨,,3:26,399C45933C72EF03D70D92CD7A226D06,151236587,https://www.kugou.com/yy/rank/home/3-6666.html?from=rank
2026-08-10,2026-08-10T12:18:11+08:00,酷狗音乐,飙升榜,酷狗飙升榜,2026-08-10,47,人间一阵风 (大合唱版),李发发,,4:46,6FFA7D3F2136A0E311BDADAE954AFCF2,202591283,https://www.kugou.com/yy/rank/home/3-6666.html?from=rank
2026-08-10,2026-08-10T12:18:11+08:00,酷狗音乐,飙升榜,酷狗飙升榜,2026-08-10,48,小rapper (Live),Rapeter,,3:40,22476BB266BF2B733D50B1D3F0187CE0,202719021,https://www.kugou.com/yy/rank/home/3-6666.html?from=rank
2026-08-10,2026-08-10T12:18:11+08:00,酷狗音乐,飙升榜,酷狗飙升榜,2026-08-10,49,街角的晚风 (国语版),黄晓明,,3:14,C067ECE908322A571FEEBDFAF70E5620,194651645,https://www.kugou.com/yy/rank/home/3-6666.html?from=rank
2026-08-10,2026-08-10T12:18:11+08:00,酷狗音乐,飙升榜,酷狗飙升榜,2026-08-10,50,拿手好戏 (Live),盛宇D-SHINE,,4:34,D0C77DF095A63A438C3C8EE048FEA62C,202719021,https://www.kugou.com/yy/rank/home/3-6666.html?from=rank
2026-08-10,2026-08-10T12:18:11+08:00,酷狗音乐,飙升榜,酷狗飙升榜,2026-08-10,51,差一步美满 (就牵着手走散),耳麦布响、阿也,,2:08,F2E7E63B0E5241478AC1292FFEACDEF3,201320814,https://www.kugou.com/yy/rank/home/3-6666.html?from=rank
2026-08-10,2026-08-10T12:18:11+08:00,酷狗音乐,飙升榜,酷狗飙升榜,2026-08-10,52,交个朋友 (Live),弹壳,,3:25,A2329577AF3BACEA0109572C2B2005C1,202719021,https://www.kugou.com/yy/rank/home/3-6666.html?from=rank
2026-08-10,2026-08-10T12:18:11+08:00,酷狗音乐,飙升榜,酷狗飙升榜,2026-08-10,53,18 (Live),Top Barry,,4:00,40DA4CCA19397F9AAD344980C99FBD42,202719021,https://www.kugou.com/yy/rank/home/3-6666.html?from=rank
2026-08-10,2026-08-10T12:18:11+08:00,酷狗音乐,飙升榜,酷狗飙升榜,2026-08-10,54,星星堆满天 (Live),欧阳娜娜,,4:51,FA37526C23F1E60455EF35B11928DA6E,202719029,https://www.kugou.com/yy/rank/home/3-6666.html?from=rank
2026-08-10,2026-08-10T12:18:11+08:00,酷狗音乐,飙升榜,酷狗飙升榜,2026-08-10,55,时空缝隙,格雷西西西,,3:07,A3A8A8E53AE7F7B0DD7B6218ACD2692C,202700653,https://www.kugou.com/yy/rank/home/3-6666.html?from=rank
2026-08-10,2026-08-10T12:18:11+08:00,酷狗音乐,飙升榜,酷狗飙升榜,2026-08-10,56,Just Fine (氛围版),Yiiu7i,,5:47,2A17F13B4EA4786E010150FFABB8BC73,186908319,https://www.kugou.com/yy/rank/home/3-6666.html?from=rank
2026-08-10,2026-08-10T12:18:11+08:00,酷狗音乐,飙升榜,酷狗飙升榜,2026-08-10,57,我借山风的翅膀,鱼精,,3:34,87168F1866CFE04E4EDCBC4A37C6A1C8,202816041,https://www.kugou.com/yy/rank/home/3-6666.html?from=rank
2026-08-10,2026-08-10T12:18:11+08:00,酷狗音乐,飙升榜,酷狗飙升榜,2026-08-10,58,山风山风等等我 (抒情版),吕口口,,3:06,30EA18E3E5361859431F186324F31841,202414721,https://www.kugou.com/yy/rank/home/3-6666.html?from=rank
2026-08-10,2026-08-10T12:18:11+08:00,酷狗音乐,飙升榜,酷狗飙升榜,2026-08-10,59,小人国,黄健怡,,3:09,71B1254D0D82F4B0B4AE5DBB38A13930,144362935,https://www.kugou.com/yy/rank/home/3-6666.html?from=rank
2026-08-10,2026-08-10T12:18:11+08:00,酷狗音乐,飙升榜,酷狗飙升榜,2026-08-10,60,戒烟戒酒戒不了情 (深情版),卡迪哥,,3:11,5720C9FB585B0A3800A23914C22B2F2F,202862751,https://www.kugou.com/yy/rank/home/3-6666.html?from=rank
2026-08-10,2026-08-10T12:18:11+08:00,酷狗音乐,飙升榜,酷狗飙升榜,2026-08-10,61,谁不是拼了命走到生命的结尾 (氛围版),小壮壮,,4:14,B7364E067E968ED879005CC1FE4D06AA,201637866,https://www.kugou.com/yy/rank/home/3-6666.html?from=rank
2026-08-10,2026-08-10T12:18:11+08:00,酷狗音乐,飙升榜,酷狗飙升榜,2026-08-10,62,All living,Klinn,,2:46,6B0298783FA90D5A41EFA6797594F0AE,166616097,https://www.kugou.com/yy/rank/home/3-6666.html?from=rank
2026-08-10,2026-08-10T12:18:11+08:00,酷狗音乐,飙升榜,酷狗飙升榜,2026-08-10,63,该怎么办,海棠蚀,,3:20,FF8F70D471621BFC288527FA47EED15A,78365226,https://www.kugou.com/yy/rank/home/3-6666.html?from=rank
2026-08-10,2026-08-10T12:18:11+08:00,酷狗音乐,飙升榜,酷狗飙升榜,2026-08-10,64,春风若有怜花意 (清风上南枝),顾叮当,,2:31,83A5715DC0E316F291269CFBB61E077D,197794759,https://www.kugou.com/yy/rank/home/3-6666.html?from=rank
2026-08-10,2026-08-10T12:18:11+08:00,酷狗音乐,飙升榜,酷狗飙升榜,2026-08-10,65,小情歌 (苏打绿版),苏打绿,,4:37,117151FEDB1F0DA9B34E146CD620EEC5,54634696,https://www.kugou.com/yy/rank/home/3-6666.html?from=rank
2026-08-10,2026-08-10T12:18:11+08:00,酷狗音乐,飙升榜,酷狗飙升榜,2026-08-10,66,有点甜 (烟嗓男版),郑团长,,3:00,81E174F6251CD20D5479EDC229406BA4,195619833,https://www.kugou.com/yy/rank/home/3-6666.html?from=rank
2026-08-10,2026-08-10T12:18:11+08:00,酷狗音乐,飙升榜,酷狗飙升榜,2026-08-10,67,Miks Dance Pt2,漂移的面包车,,2:20,86187DC65233842BE911B556045D6F48,195138954,https://www.kugou.com/yy/rank/home/4-6666.html?from=rank
2026-08-10,2026-08-10T12:18:11+08:00,酷狗音乐,飙升榜,酷狗飙升榜,2026-08-10,68,清空,一只白羊,,2:52,A7F4D5AC2C64037A359BB64381246D9F,202729535,https://www.kugou.com/yy/rank/home/4-6666.html?from=rank
2026-08-10,2026-08-10T12:18:11+08:00,酷狗音乐,飙升榜,酷狗飙升榜,2026-08-10,69,消失风雨中,无名姐（路宝）,,3:26,FF8308866F324DE82D4E24581700E761,202808323,https://www.kugou.com/yy/rank/home/4-6666.html?from=rank
2026-08-10,2026-08-10T12:18:11+08:00,酷狗音乐,飙升榜,酷狗飙升榜,2026-08-10,70,最完美的存在,刘芯妤Roselyn,,3:44,8DFD17928DFE7F8A3390698993C2B9C6,202306156,https://www.kugou.com/yy/rank/home/4-6666.html?from=rank
2026-08-10,2026-08-10T12:18:11+08:00,酷狗音乐,飙升榜,酷狗飙升榜,2026-08-10,71,信号,菲菲公主（陆绮菲）,,4:00,8D4806F1B73D075B3445761FF90B680F,202729870,https://www.kugou.com/yy/rank/home/4-6666.html?from=rank
2026-08-10,2026-08-10T12:18:11+08:00,酷狗音乐,飙升榜,酷狗飙升榜,2026-08-10,72,小船晃悠悠,窝窝,,3:06,9E827E2C95B5C9581CF4466F10224100,202790009,https://www.kugou.com/yy/rank/home/4-6666.html?from=rank
2026-08-10,2026-08-10T12:18:11+08:00,酷狗音乐,飙升榜,酷狗飙升榜,2026-08-10,73,云与海 (r&b微醺版),落日微醺,,3:42,D3BD537BB98968BA926650A00BC6A161,195717540,https://www.kugou.com/yy/rank/home/4-6666.html?from=rank
2026-08-10,2026-08-10T12:18:11+08:00,酷狗音乐,飙升榜,酷狗飙升榜,2026-08-10,74,乖女孩 (不要让她再以泪洗面),爱の病原体、安息目,,2:18,0C7FF4A1F406FBB2546B8FED83A21BBF,195579309,https://www.kugou.com/yy/rank/home/4-6666.html?from=rank
2026-08-10,2026-08-10T12:18:11+08:00,酷狗音乐,飙升榜,酷狗飙升榜,2026-08-10,75,我不做你的配角,向思思,,3:20,03EEA50B1E02139C1B94678D815E3F93,184431659,https://www.kugou.com/yy/rank/home/4-6666.html?from=rank
2026-08-10,2026-08-10T12:18:11+08:00,酷狗音乐,飙升榜,酷狗飙升榜,2026-08-10,76,谁 (男女扎心合唱),梨子芥菜、戚悦,,3:58,38DAABE4EEA0ADDC04897AC14E15B54E,185936379,https://www.kugou.com/yy/rank/home/4-6666.html?from=rank
2026-08-10,2026-08-10T12:18:11+08:00,酷狗音乐,飙升榜,酷狗飙升榜,2026-08-10,77,水为媒,礼越,,4:18,463569CA5AE9A787A32B66D590C8C98D,200545877,https://www.kugou.com/yy/rank/home/4-6666.html?from=rank
2026-08-10,2026-08-10T12:18:11+08:00,酷狗音乐,飙升榜,酷狗飙升榜,2026-08-10,78,咽成诗,星频 Echo、京仔、律引,,3:35,28F36DB8B6E0DFD15E9625699D4E1DC6,202708426,https://www.kugou.com/yy/rank/home/4-6666.html?from=rank
2026-08-10,2026-08-10T12:18:11+08:00,酷狗音乐,飙升榜,酷狗飙升榜,2026-08-10,79,自由的飞鸟,L（桃籽）,,4:06,3EB320B10D950CE9A8E49C6A263306B0,202769427,https://www.kugou.com/yy/rank/home/4-6666.html?from=rank
2026-08-10,2026-08-10T12:18:11+08:00,酷狗音乐,飙升榜,酷狗飙升榜,2026-08-10,80,无翼鸟,吴垚滔（七月的星期七）,,3:42,E1BDB168EEAA5C323B0D00643A4428AC,202452121,https://www.kugou.com/yy/rank/home/4-6666.html?from=rank
2026-08-10,2026-08-10T12:18:11+08:00,酷狗音乐,飙升榜,酷狗飙升榜,2026-08-10,81,夏·烟火 (纯音乐),DJ铁柱、奶察,,2:48,50CDB41A4CD57F86A0CFD052AC276257,192571652,https://www.kugou.com/yy/rank/home/4-6666.html?from=rank
2026-08-10,2026-08-10T12:18:11+08:00,酷狗音乐,飙升榜,酷狗飙升榜,2026-08-10,82,Dancin (DeepHouse),Electronic Mortal、Electronic Ponos,,2:04,142794C0345FED4B6938544CD7F173F8,201640145,https://www.kugou.com/yy/rank/home/4-6666.html?from=rank
2026-08-10,2026-08-10T12:18:11+08:00,酷狗音乐,飙升榜,酷狗飙升榜,2026-08-10,83,杀死从前的自己,落日微薰,,3:12,AB863C004354D3402530B2C52616667E,202174405,https://www.kugou.com/yy/rank/home/4-6666.html?from=rank
2026-08-10,2026-08-10T12:18:11+08:00,酷狗音乐,飙升榜,酷狗飙升榜,2026-08-10,84,你那么爱她 (为什么不把她留下),半途兄弟,,3:27,C7207E0EF56FCA855D17443E2A563DDF,166202787,https://www.kugou.com/yy/rank/home/4-6666.html?from=rank
2026-08-10,2026-08-10T12:18:11+08:00,酷狗音乐,飙升榜,酷狗飙升榜,2026-08-10,85,就是你呀,卡带林,,2:24,3E747E13BEC34DF5D3FB8A1B8333C918,76347497,https://www.kugou.com/yy/rank/home/4-6666.html?from=rank
2026-08-10,2026-08-10T12:18:11+08:00,酷狗音乐,飙升榜,酷狗飙升榜,2026-08-10,86,一杯敬自己一杯敬月亮 (下沉版),万海东,,3:31,40B33A22703D33F887A9E74CEE2ABB79,202725583,https://www.kugou.com/yy/rank/home/4-6666.html?from=rank
2026-08-10,2026-08-10T12:18:11+08:00,酷狗音乐,飙升榜,酷狗飙升榜,2026-08-10,87,谁不是深夜独守一盏灯 (对唱版),庄众、李翠华,,3:16,A2164BFFEC73342256903CD2AF6F2F2E,202615113,https://www.kugou.com/yy/rank/home/4-6666.html?from=rank
2026-08-10,2026-08-10T12:18:11+08:00,酷狗音乐,飙升榜,酷狗飙升榜,2026-08-10,88,默契秘密,卡带林,,4:27,C8CC2D7B407388E004F4722B36725200,44632246,https://www.kugou.com/yy/rank/home/4-6666.html?from=rank
2026-08-10,2026-08-10T12:18:11+08:00,酷狗音乐,飙升榜,酷狗飙升榜,2026-08-10,89,烂在泥里的时间,欧阳朵,,3:02,0D271EB85B4EA248CA69E9D611D13422,202681506,https://www.kugou.com/yy/rank/home/5-6666.html?from=rank
2026-08-10,2026-08-10T12:18:11+08:00,酷狗音乐,飙升榜,酷狗飙升榜,2026-08-10,90,月亮代表我的心 (哼唱版),O椰,,3:24,6D9661CC14461DF2D56A94FC3AB7BBA3,182558711,https://www.kugou.com/yy/rank/home/5-6666.html?from=rank
2026-08-10,2026-08-10T12:18:11+08:00,酷狗音乐,飙升榜,酷狗飙升榜,2026-08-10,91,空灵鼓 - 有些人不会再遇见 (空灵鼓),柳州DJ盒盒,,3:45,4359DFC40205965850B04F6D33E181A8,202729103,https://www.kugou.com/yy/rank/home/5-6666.html?from=rank
2026-08-10,2026-08-10T12:18:11+08:00,酷狗音乐,飙升榜,酷狗飙升榜,2026-08-10,92,伊人愿,旺仔加真露,,3:06,D905EA4A78EE665257FAC651C0669FAD,98982400,https://www.kugou.com/yy/rank/home/5-6666.html?from=rank
2026-08-10,2026-08-10T12:18:11+08:00,酷狗音乐,飙升榜,酷狗飙升榜,2026-08-10,93,边错边爱 (tell me why)(氛围版),VEHSJ,,3:24,6C38270C3DC32AA5884AA05830E4279A,197844384,https://www.kugou.com/yy/rank/home/5-6666.html?from=rank
2026-08-10,2026-08-10T12:18:11+08:00,酷狗音乐,飙升榜,酷狗飙升榜,2026-08-10,94,我们都错过对方,张玮伽,,4:33,7CF7E86A66E53044E49D72E362AB6336,27761169,https://www.kugou.com/yy/rank/home/5-6666.html?from=rank
2026-08-10,2026-08-10T12:18:11+08:00,酷狗音乐,飙升榜,酷狗飙升榜,2026-08-10,95,我在月光下许过情真 (微醺版),苏晚星,,4:01,90D5CE02942E4B72FD20129E72A3DEA3,192801861,https://www.kugou.com/yy/rank/home/5-6666.html?from=rank
2026-08-10,2026-08-10T12:18:11+08:00,酷狗音乐,飙升榜,酷狗飙升榜,2026-08-10,96,酒那么浓我心那么痛,沧桑小杰,,4:23,6DF5092AF3187271CC0F0195BD446CF9,174824982,https://www.kugou.com/yy/rank/home/5-6666.html?from=rank
2026-08-10,2026-08-10T12:18:11+08:00,酷狗音乐,飙升榜,酷狗飙升榜,2026-08-10,97,茶若醉人何须酒 唯有碎银解千愁,许风驰、玉米岛格,,3:04,7A5B2E371A846F06E63AC7823FEF5EEF,202790003,https://www.kugou.com/yy/rank/home/5-6666.html?from=rank
2026-08-10,2026-08-10T12:18:11+08:00,酷狗音乐,飙升榜,酷狗飙升榜,2026-08-10,98,梦醒时分 (对唱版),肉蟹煲er、梦境里的算法official,,2:18,DB2CCADCB701615FF593B132610E7D72,172839187,https://www.kugou.com/yy/rank/home/5-6666.html?from=rank
2026-08-10,2026-08-10T12:18:11+08:00,酷狗音乐,飙升榜,酷狗飙升榜,2026-08-10,99,风雨消散了誓言,田园,,4:00,E604189FBE9C51AA815A303DC361FC30,166767707,https://www.kugou.com/yy/rank/home/5-6666.html?from=rank
2026-08-10,2026-08-10T12:18:11+08:00,酷狗音乐,飙升榜,酷狗飙升榜,2026-08-10,100,智斗进行曲,HEAB,,5:27,60F05D2251D703310867084649712E48,201083029,https://www.kugou.com/yy/rank/home/5-6666.html?from=rank
2026-08-10,2026-08-10T12:18:11+08:00,微博,热搜榜,微博热搜榜,,1,曝网红雅典娜已被杀害,"民生新闻,网红",热度 3591390；新,,曝网红雅典娜已被杀害,,https://s.weibo.com/weibo?q=%23%E6%9B%9D%E7%BD%91%E7%BA%A2%E9%9B%85%E5%85%B8%E5%A8%9C%E5%B7%B2%E8%A2%AB%E6%9D%80%E5%AE%B3%23
2026-08-10,2026-08-10T12:18:11+08:00,微博,热搜榜,微博热搜榜,,2,武汉通报天桥打人事件,民生新闻,热度 2732543；热,,武汉通报天桥打人事件,,https://s.weibo.com/weibo?q=%23%E6%AD%A6%E6%B1%89%E9%80%9A%E6%8A%A5%E5%A4%A9%E6%A1%A5%E6%89%93%E4%BA%BA%E4%BA%8B%E4%BB%B6%23
2026-08-10,2026-08-10T12:18:11+08:00,微博,热搜榜,微博热搜榜,,3,从热词迭代读懂鲜活中国,国内时政,热度 1592731；新,,从热词迭代读懂鲜活中国,,https://s.weibo.com/weibo?q=%23%E4%BB%8E%E7%83%AD%E8%AF%8D%E8%BF%AD%E4%BB%A3%E8%AF%BB%E6%87%82%E9%B2%9C%E6%B4%BB%E4%B8%AD%E5%9B%BD%23
2026-08-10,2026-08-10T12:18:11+08:00,微博,热搜榜,微博热搜榜,,4,iPhone18Pro发布会时间,数码,热度 1085349,,iPhone18Pro发布会时间,,https://s.weibo.com/weibo?q=%23iPhone18Pro%E5%8F%91%E5%B8%83%E4%BC%9A%E6%97%B6%E9%97%B4%23
2026-08-10,2026-08-10T12:18:11+08:00,微博,热搜榜,微博热搜榜,,5,沈腾400亿票房中国影史第一人,电影,热度 1021864；热,,沈腾400亿票房中国影史第一人,电影,https://s.weibo.com/weibo?q=%23%E6%B2%88%E8%85%BE400%E4%BA%BF%E7%A5%A8%E6%88%BF%E4%B8%AD%E5%9B%BD%E5%BD%B1%E5%8F%B2%E7%AC%AC%E4%B8%80%E4%BA%BA%23
2026-08-10,2026-08-10T12:18:11+08:00,微博,热搜榜,微博热搜榜,,6,张本美和夺冠美了球迷不舒服了,体育,热度 939630；新,,张本美和夺冠美了球迷不舒服了,,https://s.weibo.com/weibo?q=%23%E5%BC%A0%E6%9C%AC%E7%BE%8E%E5%92%8C%E5%A4%BA%E5%86%A0%E7%BE%8E%E4%BA%86%E7%90%83%E8%BF%B7%E4%B8%8D%E8%88%92%E6%9C%8D%E4%BA%86%23
2026-08-10,2026-08-10T12:18:11+08:00,微博,热搜榜,微博热搜榜,,7,焦虑是因为太装了,情感,热度 901231；新,,焦虑是因为太装了,,https://s.weibo.com/weibo?q=%23%E7%84%A6%E8%99%91%E6%98%AF%E5%9B%A0%E4%B8%BA%E5%A4%AA%E8%A3%85%E4%BA%86%23
2026-08-10,2026-08-10T12:18:11+08:00,微博,热搜榜,微博热搜榜,,8,肖申克的救赎定档,电影,热度 897710；新,,肖申克的救赎定档,,https://s.weibo.com/weibo?q=%23%E8%82%96%E7%94%B3%E5%85%8B%E7%9A%84%E6%95%91%E8%B5%8E%E5%AE%9A%E6%A1%A3%23
2026-08-10,2026-08-10T12:18:11+08:00,微博,热搜榜,微博热搜榜,,9,大疆错失宇树,财经,热度 851450；新,,大疆错失宇树,,https://s.weibo.com/weibo?q=%23%E5%A4%A7%E7%96%86%E9%94%99%E5%A4%B1%E5%AE%87%E6%A0%91%23
2026-08-10,2026-08-10T12:18:11+08:00,微博,热搜榜,微博热搜榜,,10,C罗婚礼闹乌龙,体育,热度 810508；热,,C罗婚礼闹乌龙,,https://s.weibo.com/weibo?q=%23C%E7%BD%97%E5%A9%9A%E7%A4%BC%E9%97%B9%E4%B9%8C%E9%BE%99%23
2026-08-10,2026-08-10T12:18:11+08:00,微博,热搜榜,微博热搜榜,,11,成毅音乐节延时疑似被催下台,演出,热度 652170,,成毅音乐节延时疑似被催下台,演出,https://s.weibo.com/weibo?q=%23%E6%88%90%E6%AF%85%E9%9F%B3%E4%B9%90%E8%8A%82%E5%BB%B6%E6%97%B6%E7%96%91%E4%BC%BC%E8%A2%AB%E5%82%AC%E4%B8%8B%E5%8F%B0%23
2026-08-10,2026-08-10T12:18:11+08:00,微博,热搜榜,微博热搜榜,,12,台风天上海打工人等通知,民生新闻,热度 566442；新,,台风天上海打工人等通知,,https://s.weibo.com/weibo?q=%23%E5%8F%B0%E9%A3%8E%E5%A4%A9%E4%B8%8A%E6%B5%B7%E6%89%93%E5%B7%A5%E4%BA%BA%E7%AD%89%E9%80%9A%E7%9F%A5%23
2026-08-10,2026-08-10T12:18:11+08:00,微博,热搜榜,微博热搜榜,,13,蔡磊不想做第二个冰桶挑战,民生新闻,热度 508690,,蔡磊不想做第二个冰桶挑战,,https://s.weibo.com/weibo?q=%23%E8%94%A1%E7%A3%8A%E4%B8%8D%E6%83%B3%E5%81%9A%E7%AC%AC%E4%BA%8C%E4%B8%AA%E5%86%B0%E6%A1%B6%E6%8C%91%E6%88%98%23
2026-08-10,2026-08-10T12:18:11+08:00,微博,热搜榜,微博热搜榜,,14,钟楚曦自己化妆全脸就这么点粉底,"剧集,艺人",热度 488870；新,,钟楚曦自己化妆全脸就这么点粉底,['钟楚曦'],https://s.weibo.com/weibo?q=%23%E9%92%9F%E6%A5%9A%E6%9B%A6%E8%87%AA%E5%B7%B1%E5%8C%96%E5%A6%86%E5%85%A8%E8%84%B8%E5%B0%B1%E8%BF%99%E4%B9%88%E7%82%B9%E7%B2%89%E5%BA%95%23
2026-08-10,2026-08-10T12:18:11+08:00,微博,热搜榜,微博热搜榜,,15,武汉天桥摊主 先动手,舆论监督,热度 462775；新,,武汉天桥摊主 先动手,,https://s.weibo.com/weibo?q=%23%E6%AD%A6%E6%B1%89%E5%A4%A9%E6%A1%A5%E6%91%8A%E4%B8%BB%20%E5%85%88%E5%8A%A8%E6%89%8B%23
2026-08-10,2026-08-10T12:18:11+08:00,微博,热搜榜,微博热搜榜,,16,荷兰弟赞达亚好吓人的点赞量,艺人,热度 454874；新,,荷兰弟赞达亚好吓人的点赞量,"['荷兰弟', '赞达亚']",https://s.weibo.com/weibo?q=%23%E8%8D%B7%E5%85%B0%E5%BC%9F%E8%B5%9E%E8%BE%BE%E4%BA%9A%E5%A5%BD%E5%90%93%E4%BA%BA%E7%9A%84%E7%82%B9%E8%B5%9E%E9%87%8F%23
2026-08-10,2026-08-10T12:18:11+08:00,微博,热搜榜,微博热搜榜,,17,孟子义这个背,艺人,热度 424191；新,,孟子义这个背,['孟子义'],https://s.weibo.com/weibo?q=%23%E5%AD%9F%E5%AD%90%E4%B9%89%E8%BF%99%E4%B8%AA%E8%83%8C%23
2026-08-10,2026-08-10T12:18:11+08:00,微博,热搜榜,微博热搜榜,,18,白海豚,民生新闻,热度 399481,,白海豚,,https://s.weibo.com/weibo?q=%23%E7%99%BD%E6%B5%B7%E8%B1%9A%23
2026-08-10,2026-08-10T12:18:11+08:00,微博,热搜榜,微博热搜榜,,19,建议每个人都用AI做的三件事,互联网,热度 270450,,建议每个人都用AI做的三件事,,https://s.weibo.com/weibo?q=%23%E5%BB%BA%E8%AE%AE%E6%AF%8F%E4%B8%AA%E4%BA%BA%E9%83%BD%E7%94%A8AI%E5%81%9A%E7%9A%84%E4%B8%89%E4%BB%B6%E4%BA%8B%23
2026-08-10,2026-08-10T12:18:11+08:00,微博,热搜榜,微博热搜榜,,20,台风 绑飞机,突发/灾害,热度 270264；新,,台风 绑飞机,,https://s.weibo.com/weibo?q=%23%E5%8F%B0%E9%A3%8E%20%E7%BB%91%E9%A3%9E%E6%9C%BA%23
2026-08-10,2026-08-10T12:18:11+08:00,微博,热搜榜,微博热搜榜,,21,梅婷12岁女儿百花奖发言落落大方,电影,热度 269995,,梅婷12岁女儿百花奖发言落落大方,盛典,https://s.weibo.com/weibo?q=%23%E6%A2%85%E5%A9%B712%E5%B2%81%E5%A5%B3%E5%84%BF%E7%99%BE%E8%8A%B1%E5%A5%96%E5%8F%91%E8%A8%80%E8%90%BD%E8%90%BD%E5%A4%A7%E6%96%B9%23
2026-08-10,2026-08-10T12:18:11+08:00,微博,热搜榜,微博热搜榜,,22,中国银幕认证迪丽热巴90花首位视后,艺人,热度 269530；新,,中国银幕认证迪丽热巴90花首位视后,['迪丽热巴'],https://s.weibo.com/weibo?q=%23%E4%B8%AD%E5%9B%BD%E9%93%B6%E5%B9%95%E8%AE%A4%E8%AF%81%E8%BF%AA%E4%B8%BD%E7%83%AD%E5%B7%B490%E8%8A%B1%E9%A6%96%E4%BD%8D%E8%A7%86%E5%90%8E%23
2026-08-10,2026-08-10T12:18:11+08:00,微博,热搜榜,微博热搜榜,,23,知道为什么说保持饥饿感非常重要了,健康医疗,热度 269220,,知道为什么说保持饥饿感非常重要了,,https://s.weibo.com/weibo?q=%23%E7%9F%A5%E9%81%93%E4%B8%BA%E4%BB%80%E4%B9%88%E8%AF%B4%E4%BF%9D%E6%8C%81%E9%A5%A5%E9%A5%BF%E6%84%9F%E9%9D%9E%E5%B8%B8%E9%87%8D%E8%A6%81%E4%BA%86%23
2026-08-10,2026-08-10T12:18:11+08:00,微博,热搜榜,微博热搜榜,,24,新还珠格格组团为张睿打call,综艺,热度 268911；新,,新还珠格格组团为张睿打call,剧集,https://s.weibo.com/weibo?q=%23%E6%96%B0%E8%BF%98%E7%8F%A0%E6%A0%BC%E6%A0%BC%E7%BB%84%E5%9B%A2%E4%B8%BA%E5%BC%A0%E7%9D%BF%E6%89%93call%23
2026-08-10,2026-08-10T12:18:11+08:00,微博,热搜榜,微博热搜榜,,25,男子杀害母子原地隐匿20年至退休,民生新闻,热度 268831；新,,男子杀害母子原地隐匿20年至退休,,https://s.weibo.com/weibo?q=%23%E7%94%B7%E5%AD%90%E6%9D%80%E5%AE%B3%E6%AF%8D%E5%AD%90%E5%8E%9F%E5%9C%B0%E9%9A%90%E5%8C%BF20%E5%B9%B4%E8%87%B3%E9%80%80%E4%BC%91%23
2026-08-10,2026-08-10T12:18:11+08:00,微博,热搜榜,微博热搜榜,,26,3人天桥殴打2名摊主被刑拘,民生新闻,热度 265576；新,,3人天桥殴打2名摊主被刑拘,,https://s.weibo.com/weibo?q=%233%E4%BA%BA%E5%A4%A9%E6%A1%A5%E6%AE%B4%E6%89%932%E5%90%8D%E6%91%8A%E4%B8%BB%E8%A2%AB%E5%88%91%E6%8B%98%23
2026-08-10,2026-08-10T12:18:11+08:00,微博,热搜榜,微博热搜榜,,27,A股,财经,热度 255516；新,,A股,,https://s.weibo.com/weibo?q=%23A%E8%82%A1%23
2026-08-10,2026-08-10T12:18:11+08:00,微博,热搜榜,微博热搜榜,,28,龙餐厅走势,电影,热度 250848；新,,龙餐厅走势,电影,https://s.weibo.com/weibo?q=%23%E9%BE%99%E9%A4%90%E5%8E%85%E8%B5%B0%E5%8A%BF%23
2026-08-10,2026-08-10T12:18:11+08:00,微博,热搜榜,微博热搜榜,,29,贺涵 能来接我吗,幽默,热度 245504；新,,贺涵 能来接我吗,,https://s.weibo.com/weibo?q=%23%E8%B4%BA%E6%B6%B5%20%E8%83%BD%E6%9D%A5%E6%8E%A5%E6%88%91%E5%90%97%23
2026-08-10,2026-08-10T12:18:11+08:00,微博,热搜榜,微博热搜榜,,30,大疆错失宇树科技数十亿市值,"财经,互联网",热度 236516,,大疆错失宇树科技数十亿市值,,https://s.weibo.com/weibo?q=%23%E5%A4%A7%E7%96%86%E9%94%99%E5%A4%B1%E5%AE%87%E6%A0%91%E7%A7%91%E6%8A%80%E6%95%B0%E5%8D%81%E4%BA%BF%E5%B8%82%E5%80%BC%23
2026-08-10,2026-08-10T12:18:11+08:00,微博,热搜榜,微博热搜榜,,31,疑似高智adhd在评论区泄露天才经验,幽默,热度 231636；新,,疑似高智adhd在评论区泄露天才经验,,https://s.weibo.com/weibo?q=%23%E7%96%91%E4%BC%BC%E9%AB%98%E6%99%BAadhd%E5%9C%A8%E8%AF%84%E8%AE%BA%E5%8C%BA%E6%B3%84%E9%9C%B2%E5%A4%A9%E6%89%8D%E7%BB%8F%E9%AA%8C%23
2026-08-10,2026-08-10T12:18:11+08:00,微博,热搜榜,微博热搜榜,,32,易烊千玺走红毯前吃什么了,电影,热度 231166；新,,易烊千玺走红毯前吃什么了,['易烊千玺'],https://s.weibo.com/weibo?q=%23%E6%98%93%E7%83%8A%E5%8D%83%E7%8E%BA%E8%B5%B0%E7%BA%A2%E6%AF%AF%E5%89%8D%E5%90%83%E4%BB%80%E4%B9%88%E4%BA%86%23
2026-08-10,2026-08-10T12:18:11+08:00,微博,热搜榜,微博热搜榜,,33,丁禹兮脖子前倾是角色设定,剧集,热度 221037；新,,丁禹兮脖子前倾是角色设定,剧集,https://s.weibo.com/weibo?q=%23%E4%B8%81%E7%A6%B9%E5%85%AE%E8%84%96%E5%AD%90%E5%89%8D%E5%80%BE%E6%98%AF%E8%A7%92%E8%89%B2%E8%AE%BE%E5%AE%9A%23
2026-08-10,2026-08-10T12:18:11+08:00,微博,热搜榜,微博热搜榜,,34,空腹晨起是消耗糖分黄金时段,健康医疗,热度 219667,,空腹晨起是消耗糖分黄金时段,,https://s.weibo.com/weibo?q=%23%E7%A9%BA%E8%85%B9%E6%99%A8%E8%B5%B7%E6%98%AF%E6%B6%88%E8%80%97%E7%B3%96%E5%88%86%E9%BB%84%E9%87%91%E6%97%B6%E6%AE%B5%23
2026-08-10,2026-08-10T12:18:11+08:00,微博,热搜榜,微博热搜榜,,35,马嘉祺严浩翔男人和男孩的区别,演出,热度 219014,,马嘉祺严浩翔男人和男孩的区别,演出,https://s.weibo.com/weibo?q=%23%E9%A9%AC%E5%98%89%E7%A5%BA%E4%B8%A5%E6%B5%A9%E7%BF%94%E7%94%B7%E4%BA%BA%E5%92%8C%E7%94%B7%E5%AD%A9%E7%9A%84%E5%8C%BA%E5%88%AB%23
2026-08-10,2026-08-10T12:18:11+08:00,微博,热搜榜,微博热搜榜,,36,周星驰 迪丽热巴真的好美,艺人,热度 218409,,周星驰 迪丽热巴真的好美,"['迪丽热巴', '周星驰']",https://s.weibo.com/weibo?q=%23%E5%91%A8%E6%98%9F%E9%A9%B0%20%E8%BF%AA%E4%B8%BD%E7%83%AD%E5%B7%B4%E7%9C%9F%E7%9A%84%E5%A5%BD%E7%BE%8E%23
2026-08-10,2026-08-10T12:18:11+08:00,微博,热搜榜,微博热搜榜,,37,上海外滩的台风专用记者回来了,突发/灾害,热度 217938；新,,上海外滩的台风专用记者回来了,,https://s.weibo.com/weibo?q=%23%E4%B8%8A%E6%B5%B7%E5%A4%96%E6%BB%A9%E7%9A%84%E5%8F%B0%E9%A3%8E%E4%B8%93%E7%94%A8%E8%AE%B0%E8%80%85%E5%9B%9E%E6%9D%A5%E4%BA%86%23
2026-08-10,2026-08-10T12:18:11+08:00,微博,热搜榜,微博热搜榜,,38,金珉奎公益兵,艺人,热度 217619；新,,金珉奎公益兵,['金珉奎'],https://s.weibo.com/weibo?q=%23%E9%87%91%E7%8F%89%E5%A5%8E%E5%85%AC%E7%9B%8A%E5%85%B5%23
2026-08-10,2026-08-10T12:18:11+08:00,微博,热搜榜,微博热搜榜,,39,九门,剧集,热度 213918；新,,九门,剧集,https://s.weibo.com/weibo?q=%23%E4%B9%9D%E9%97%A8%23
2026-08-10,2026-08-10T12:18:11+08:00,微博,热搜榜,微博热搜榜,,40,DeepSeek会偷偷给人取外号,互联网,热度 210936；新,,DeepSeek会偷偷给人取外号,,https://s.weibo.com/weibo?q=%23DeepSeek%E4%BC%9A%E5%81%B7%E5%81%B7%E7%BB%99%E4%BA%BA%E5%8F%96%E5%A4%96%E5%8F%B7%23
2026-08-10,2026-08-10T12:18:11+08:00,微博,热搜榜,微博热搜榜,,41,刘耀文安抚粉丝,演出,热度 207895；新,,刘耀文安抚粉丝,演出,https://s.weibo.com/weibo?q=%23%E5%88%98%E8%80%80%E6%96%87%E5%AE%89%E6%8A%9A%E7%B2%89%E4%B8%9D%23
2026-08-10,2026-08-10T12:18:11+08:00,微博,热搜榜,微博热搜榜,,42,完全是个空心人怎么办,情感,热度 192788；新,,完全是个空心人怎么办,,https://s.weibo.com/weibo?q=%23%E5%AE%8C%E5%85%A8%E6%98%AF%E4%B8%AA%E7%A9%BA%E5%BF%83%E4%BA%BA%E6%80%8E%E4%B9%88%E5%8A%9E%23
2026-08-10,2026-08-10T12:18:11+08:00,微博,热搜榜,微博热搜榜,,43,曝伦纳德曾向湖人索要私人飞机,体育,热度 191264；新,,曝伦纳德曾向湖人索要私人飞机,,https://s.weibo.com/weibo?q=%23%E6%9B%9D%E4%BC%A6%E7%BA%B3%E5%BE%B7%E6%9B%BE%E5%90%91%E6%B9%96%E4%BA%BA%E7%B4%A2%E8%A6%81%E7%A7%81%E4%BA%BA%E9%A3%9E%E6%9C%BA%23
2026-08-10,2026-08-10T12:18:11+08:00,微博,热搜榜,微博热搜榜,,44,蔡磊说渐冻症晚期近似水刑般窒息,民生新闻,热度 190786；新,,蔡磊说渐冻症晚期近似水刑般窒息,,https://s.weibo.com/weibo?q=%23%E8%94%A1%E7%A3%8A%E8%AF%B4%E6%B8%90%E5%86%BB%E7%97%87%E6%99%9A%E6%9C%9F%E8%BF%91%E4%BC%BC%E6%B0%B4%E5%88%91%E8%88%AC%E7%AA%92%E6%81%AF%23
2026-08-10,2026-08-10T12:18:11+08:00,微博,热搜榜,微博热搜榜,,45,子女趁父亲外出就医私分房产存款,民生新闻,热度 187141；新,,子女趁父亲外出就医私分房产存款,,https://s.weibo.com/weibo?q=%23%E5%AD%90%E5%A5%B3%E8%B6%81%E7%88%B6%E4%BA%B2%E5%A4%96%E5%87%BA%E5%B0%B1%E5%8C%BB%E7%A7%81%E5%88%86%E6%88%BF%E4%BA%A7%E5%AD%98%E6%AC%BE%23
2026-08-10,2026-08-10T12:18:11+08:00,微博,热搜榜,微博热搜榜,,46,龙餐馆 左宗棠鸡李鸿章杂碎,电影,热度 186415；新,,龙餐馆 左宗棠鸡李鸿章杂碎,电影,https://s.weibo.com/weibo?q=%23%E9%BE%99%E9%A4%90%E9%A6%86%20%E5%B7%A6%E5%AE%97%E6%A3%A0%E9%B8%A1%E6%9D%8E%E9%B8%BF%E7%AB%A0%E6%9D%82%E7%A2%8E%23
2026-08-10,2026-08-10T12:18:11+08:00,微博,热搜榜,微博热搜榜,,47,台风给浙江人吹来章鱼外卖,民生新闻,热度 184386；新,,台风给浙江人吹来章鱼外卖,,https://s.weibo.com/weibo?q=%23%E5%8F%B0%E9%A3%8E%E7%BB%99%E6%B5%99%E6%B1%9F%E4%BA%BA%E5%90%B9%E6%9D%A5%E7%AB%A0%E9%B1%BC%E5%A4%96%E5%8D%96%23
2026-08-10,2026-08-10T12:18:11+08:00,微博,热搜榜,微博热搜榜,,48,LGD中单涉赌被终身禁赛,电竞,热度 183366,,LGD中单涉赌被终身禁赛,,https://s.weibo.com/weibo?q=%23LGD%E4%B8%AD%E5%8D%95%E6%B6%89%E8%B5%8C%E8%A2%AB%E7%BB%88%E8%BA%AB%E7%A6%81%E8%B5%9B%23
2026-08-10,2026-08-10T12:18:11+08:00,微博,热搜榜,微博热搜榜,,49,白海豚威力有多大具象化了,民生新闻,热度 165814；新,,白海豚威力有多大具象化了,,https://s.weibo.com/weibo?q=%23%E7%99%BD%E6%B5%B7%E8%B1%9A%E5%A8%81%E5%8A%9B%E6%9C%89%E5%A4%9A%E5%A4%A7%E5%85%B7%E8%B1%A1%E5%8C%96%E4%BA%86%23
2026-08-10,2026-08-10T12:18:11+08:00,微博,热搜榜,微博热搜榜,,50,中国用竹子造无人机,民生新闻,热度 164080；新,,中国用竹子造无人机,,https://s.weibo.com/weibo?q=%23%E4%B8%AD%E5%9B%BD%E7%94%A8%E7%AB%B9%E5%AD%90%E9%80%A0%E6%97%A0%E4%BA%BA%E6%9C%BA%23
2026-08-10,2026-08-10T12:18:11+08:00,微博,文娱热搜榜,微博热搜榜-文娱条目,,1,沈腾400亿票房中国影史第一人,电影,总榜排名 5；热度 1021864；热,,沈腾400亿票房中国影史第一人,电影,https://s.weibo.com/weibo?q=%23%E6%B2%88%E8%85%BE400%E4%BA%BF%E7%A5%A8%E6%88%BF%E4%B8%AD%E5%9B%BD%E5%BD%B1%E5%8F%B2%E7%AC%AC%E4%B8%80%E4%BA%BA%23
2026-08-10,2026-08-10T12:18:11+08:00,微博,文娱热搜榜,微博热搜榜-文娱条目,,2,肖申克的救赎定档,电影,总榜排名 8；热度 897710；新,,肖申克的救赎定档,,https://s.weibo.com/weibo?q=%23%E8%82%96%E7%94%B3%E5%85%8B%E7%9A%84%E6%95%91%E8%B5%8E%E5%AE%9A%E6%A1%A3%23
2026-08-10,2026-08-10T12:18:11+08:00,微博,文娱热搜榜,微博热搜榜-文娱条目,,3,成毅音乐节延时疑似被催下台,演出,总榜排名 11；热度 652170,,成毅音乐节延时疑似被催下台,演出,https://s.weibo.com/weibo?q=%23%E6%88%90%E6%AF%85%E9%9F%B3%E4%B9%90%E8%8A%82%E5%BB%B6%E6%97%B6%E7%96%91%E4%BC%BC%E8%A2%AB%E5%82%AC%E4%B8%8B%E5%8F%B0%23
2026-08-10,2026-08-10T12:18:11+08:00,微博,文娱热搜榜,微博热搜榜-文娱条目,,4,钟楚曦自己化妆全脸就这么点粉底,"剧集,艺人",总榜排名 14；热度 488870；新,,钟楚曦自己化妆全脸就这么点粉底,['钟楚曦'],https://s.weibo.com/weibo?q=%23%E9%92%9F%E6%A5%9A%E6%9B%A6%E8%87%AA%E5%B7%B1%E5%8C%96%E5%A6%86%E5%85%A8%E8%84%B8%E5%B0%B1%E8%BF%99%E4%B9%88%E7%82%B9%E7%B2%89%E5%BA%95%23
2026-08-10,2026-08-10T12:18:11+08:00,微博,文娱热搜榜,微博热搜榜-文娱条目,,5,荷兰弟赞达亚好吓人的点赞量,艺人,总榜排名 16；热度 454874；新,,荷兰弟赞达亚好吓人的点赞量,"['荷兰弟', '赞达亚']",https://s.weibo.com/weibo?q=%23%E8%8D%B7%E5%85%B0%E5%BC%9F%E8%B5%9E%E8%BE%BE%E4%BA%9A%E5%A5%BD%E5%90%93%E4%BA%BA%E7%9A%84%E7%82%B9%E8%B5%9E%E9%87%8F%23
2026-08-10,2026-08-10T12:18:11+08:00,微博,文娱热搜榜,微博热搜榜-文娱条目,,6,孟子义这个背,艺人,总榜排名 17；热度 424191；新,,孟子义这个背,['孟子义'],https://s.weibo.com/weibo?q=%23%E5%AD%9F%E5%AD%90%E4%B9%89%E8%BF%99%E4%B8%AA%E8%83%8C%23
2026-08-10,2026-08-10T12:18:11+08:00,微博,文娱热搜榜,微博热搜榜-文娱条目,,7,梅婷12岁女儿百花奖发言落落大方,电影,总榜排名 21；热度 269995,,梅婷12岁女儿百花奖发言落落大方,盛典,https://s.weibo.com/weibo?q=%23%E6%A2%85%E5%A9%B712%E5%B2%81%E5%A5%B3%E5%84%BF%E7%99%BE%E8%8A%B1%E5%A5%96%E5%8F%91%E8%A8%80%E8%90%BD%E8%90%BD%E5%A4%A7%E6%96%B9%23
2026-08-10,2026-08-10T12:18:11+08:00,微博,文娱热搜榜,微博热搜榜-文娱条目,,8,中国银幕认证迪丽热巴90花首位视后,艺人,总榜排名 22；热度 269530；新,,中国银幕认证迪丽热巴90花首位视后,['迪丽热巴'],https://s.weibo.com/weibo?q=%23%E4%B8%AD%E5%9B%BD%E9%93%B6%E5%B9%95%E8%AE%A4%E8%AF%81%E8%BF%AA%E4%B8%BD%E7%83%AD%E5%B7%B490%E8%8A%B1%E9%A6%96%E4%BD%8D%E8%A7%86%E5%90%8E%23
2026-08-10,2026-08-10T12:18:11+08:00,微博,文娱热搜榜,微博热搜榜-文娱条目,,9,新还珠格格组团为张睿打call,综艺,总榜排名 24；热度 268911；新,,新还珠格格组团为张睿打call,剧集,https://s.weibo.com/weibo?q=%23%E6%96%B0%E8%BF%98%E7%8F%A0%E6%A0%BC%E6%A0%BC%E7%BB%84%E5%9B%A2%E4%B8%BA%E5%BC%A0%E7%9D%BF%E6%89%93call%23
2026-08-10,2026-08-10T12:18:11+08:00,微博,文娱热搜榜,微博热搜榜-文娱条目,,10,龙餐厅走势,电影,总榜排名 28；热度 250848；新,,龙餐厅走势,电影,https://s.weibo.com/weibo?q=%23%E9%BE%99%E9%A4%90%E5%8E%85%E8%B5%B0%E5%8A%BF%23
2026-08-10,2026-08-10T12:18:11+08:00,微博,文娱热搜榜,微博热搜榜-文娱条目,,11,易烊千玺走红毯前吃什么了,电影,总榜排名 32；热度 231166；新,,易烊千玺走红毯前吃什么了,['易烊千玺'],https://s.weibo.com/weibo?q=%23%E6%98%93%E7%83%8A%E5%8D%83%E7%8E%BA%E8%B5%B0%E7%BA%A2%E6%AF%AF%E5%89%8D%E5%90%83%E4%BB%80%E4%B9%88%E4%BA%86%23
2026-08-10,2026-08-10T12:18:11+08:00,微博,文娱热搜榜,微博热搜榜-文娱条目,,12,丁禹兮脖子前倾是角色设定,剧集,总榜排名 33；热度 221037；新,,丁禹兮脖子前倾是角色设定,剧集,https://s.weibo.com/weibo?q=%23%E4%B8%81%E7%A6%B9%E5%85%AE%E8%84%96%E5%AD%90%E5%89%8D%E5%80%BE%E6%98%AF%E8%A7%92%E8%89%B2%E8%AE%BE%E5%AE%9A%23
2026-08-10,2026-08-10T12:18:11+08:00,微博,文娱热搜榜,微博热搜榜-文娱条目,,13,马嘉祺严浩翔男人和男孩的区别,演出,总榜排名 35；热度 219014,,马嘉祺严浩翔男人和男孩的区别,演出,https://s.weibo.com/weibo?q=%23%E9%A9%AC%E5%98%89%E7%A5%BA%E4%B8%A5%E6%B5%A9%E7%BF%94%E7%94%B7%E4%BA%BA%E5%92%8C%E7%94%B7%E5%AD%A9%E7%9A%84%E5%8C%BA%E5%88%AB%23
2026-08-10,2026-08-10T12:18:11+08:00,微博,文娱热搜榜,微博热搜榜-文娱条目,,14,周星驰 迪丽热巴真的好美,艺人,总榜排名 36；热度 218409,,周星驰 迪丽热巴真的好美,"['迪丽热巴', '周星驰']",https://s.weibo.com/weibo?q=%23%E5%91%A8%E6%98%9F%E9%A9%B0%20%E8%BF%AA%E4%B8%BD%E7%83%AD%E5%B7%B4%E7%9C%9F%E7%9A%84%E5%A5%BD%E7%BE%8E%23
2026-08-10,2026-08-10T12:18:11+08:00,微博,文娱热搜榜,微博热搜榜-文娱条目,,15,金珉奎公益兵,艺人,总榜排名 38；热度 217619；新,,金珉奎公益兵,['金珉奎'],https://s.weibo.com/weibo?q=%23%E9%87%91%E7%8F%89%E5%A5%8E%E5%85%AC%E7%9B%8A%E5%85%B5%23
2026-08-10,2026-08-10T12:18:11+08:00,微博,文娱热搜榜,微博热搜榜-文娱条目,,16,九门,剧集,总榜排名 39；热度 213918；新,,九门,剧集,https://s.weibo.com/weibo?q=%23%E4%B9%9D%E9%97%A8%23
2026-08-10,2026-08-10T12:18:11+08:00,微博,文娱热搜榜,微博热搜榜-文娱条目,,17,刘耀文安抚粉丝,演出,总榜排名 41；热度 207895；新,,刘耀文安抚粉丝,演出,https://s.weibo.com/weibo?q=%23%E5%88%98%E8%80%80%E6%96%87%E5%AE%89%E6%8A%9A%E7%B2%89%E4%B8%9D%23
2026-08-10,2026-08-10T12:18:11+08:00,微博,文娱热搜榜,微博热搜榜-文娱条目,,18,龙餐馆 左宗棠鸡李鸿章杂碎,电影,总榜排名 46；热度 186415；新,,龙餐馆 左宗棠鸡李鸿章杂碎,电影,https://s.weibo.com/weibo?q=%23%E9%BE%99%E9%A4%90%E9%A6%86%20%E5%B7%A6%E5%AE%97%E6%A3%A0%E9%B8%A1%E6%9D%8E%E9%B8%BF%E7%AB%A0%E6%9D%82%E7%A2%8E%23
