snapshot_date,captured_at,platform,chart,official_chart,platform_date,rank,song_name,artist,chart_metric,duration,song_id,album_id,source_url
2026-07-06,2026-07-06T22:42:44+08:00,QQ音乐,热歌榜,热歌榜,2026-07-06,1,ANGEL (天使),尹美莱 (윤미래)/Tiger JK/Bizzy (비지),0,,101138130,000qiKcT05rSr9,https://y.qq.com/n/ryqq/toplist/26
2026-07-06,2026-07-06T22:42:44+08:00,QQ音乐,热歌榜,热歌榜,2026-07-06,2,阴天,莫文蔚,0,,4830345,000hTTJN3oScZr,https://y.qq.com/n/ryqq/toplist/26
2026-07-06,2026-07-06T22:42:44+08:00,QQ音乐,热歌榜,热歌榜,2026-07-06,3,无人之岛,任然,0,,203452364,002lMPc30c4rOO,https://y.qq.com/n/ryqq/toplist/26
2026-07-06,2026-07-06T22:42:44+08:00,QQ音乐,热歌榜,热歌榜,2026-07-06,4,恋人,李荣浩,0,,496054946,004HaG7p4ZkhXA,https://y.qq.com/n/ryqq/toplist/26
2026-07-06,2026-07-06T22:42:44+08:00,QQ音乐,热歌榜,热歌榜,2026-07-06,5,讨厌,芮恩,0,,138194,001EFkTG1wgW4n,https://y.qq.com/n/ryqq/toplist/26
2026-07-06,2026-07-06T22:42:44+08:00,QQ音乐,热歌榜,热歌榜,2026-07-06,6,雨过后的风景,Dizzy Dizzo (蔡诗芸),上升 2,,1960263,0038xSkp1EcVBf,https://y.qq.com/n/ryqq/toplist/26
2026-07-06,2026-07-06T22:42:44+08:00,QQ音乐,热歌榜,热歌榜,2026-07-06,7,雨爱,杨丞琳,0,,645819,000jcKFG0sQrD0,https://y.qq.com/n/ryqq/toplist/26
2026-07-06,2026-07-06T22:42:44+08:00,QQ音乐,热歌榜,热歌榜,2026-07-06,8,失眠,Suki刘舒妤,上升 1,,4733575,002xCeeN4EJ1Ke,https://y.qq.com/n/ryqq/toplist/26
2026-07-06,2026-07-06T22:42:44+08:00,QQ音乐,热歌榜,热歌榜,2026-07-06,9,Love Story,Taylor Swift,上升 7,,639141,002Q1XUj3HBAzw,https://y.qq.com/n/ryqq/toplist/26
2026-07-06,2026-07-06T22:42:44+08:00,QQ音乐,热歌榜,热歌榜,2026-07-06,10,爱错,王力宏,0,,105905415,002ElVxf43rOue,https://y.qq.com/n/ryqq/toplist/26
2026-07-06,2026-07-06T22:42:44+08:00,QQ音乐,热歌榜,热歌榜,2026-07-06,11,时差 (On call),鹿晗,下降 5,,201781918,00435a2s4YeuWb,https://y.qq.com/n/ryqq/toplist/26
2026-07-06,2026-07-06T22:42:44+08:00,QQ音乐,热歌榜,热歌榜,2026-07-06,12,我怀念的,孙燕姿,下降 1,,5211338,000P3l050Olt27,https://y.qq.com/n/ryqq/toplist/26
2026-07-06,2026-07-06T22:42:44+08:00,QQ音乐,热歌榜,热歌榜,2026-07-06,13,情歌,梁静茹,下降 1,,462188,002E4IXe1ESUij,https://y.qq.com/n/ryqq/toplist/26
2026-07-06,2026-07-06T22:42:44+08:00,QQ音乐,热歌榜,热歌榜,2026-07-06,14,唯一,G.E.M. 邓紫棋,下降 1,,438910555,002d6m7k0xCbSv,https://y.qq.com/n/ryqq/toplist/26
2026-07-06,2026-07-06T22:42:44+08:00,QQ音乐,热歌榜,热歌榜,2026-07-06,15,演员,薛之谦,下降 1,,102636799,003y8dsH2wBHlo,https://y.qq.com/n/ryqq/toplist/26
2026-07-06,2026-07-06T22:42:44+08:00,QQ音乐,热歌榜,热歌榜,2026-07-06,16,街角的晚风,陈小春,上升 95,,622453461,0028jKt80PGmlB,https://y.qq.com/n/ryqq/toplist/26
2026-07-06,2026-07-06T22:42:44+08:00,QQ音乐,热歌榜,热歌榜,2026-07-06,17,特别的人,方大同,上升 1,,5293866,000GvdTR0qcKh8,https://y.qq.com/n/ryqq/toplist/26
2026-07-06,2026-07-06T22:42:44+08:00,QQ音乐,热歌榜,热歌榜,2026-07-06,18,Always Online,林俊杰,下降 1,,447257,002g6zv02X7SNi,https://y.qq.com/n/ryqq/toplist/26
2026-07-06,2026-07-06T22:42:44+08:00,QQ音乐,热歌榜,热歌榜,2026-07-06,19,怎么能,侯明昊,0,,692515037,000SnDwr12zILh,https://y.qq.com/n/ryqq/toplist/26
2026-07-06,2026-07-06T22:42:44+08:00,QQ音乐,热歌榜,热歌榜,2026-07-06,20,抽离,徐良/刘丹萌,0,,5021671,001GraMO3JQQLr,https://y.qq.com/n/ryqq/toplist/26
2026-07-06,2026-07-06T22:42:44+08:00,QQ音乐,热歌榜,热歌榜,2026-07-06,21,其实,薛之谦,上升 1,,104775877,000QgFcm0v8WaF,https://y.qq.com/n/ryqq/toplist/26
2026-07-06,2026-07-06T22:42:44+08:00,QQ音乐,热歌榜,热歌榜,2026-07-06,22,春娇与志明,街道办GDC/欧阳耀莹,上升 1,,205357640,000lrXyA0MlEEo,https://y.qq.com/n/ryqq/toplist/26
2026-07-06,2026-07-06T22:42:44+08:00,QQ音乐,热歌榜,热歌榜,2026-07-06,23,红色高跟鞋,蔡健雅,上升 1,,624649,002dOge41xlS8x,https://y.qq.com/n/ryqq/toplist/26
2026-07-06,2026-07-06T22:42:44+08:00,QQ音乐,热歌榜,热歌榜,2026-07-06,24,IF YOU,BIGBANG (빅뱅),上升 4,,102793935,001xpUdt2jEjWu,https://y.qq.com/n/ryqq/toplist/26
2026-07-06,2026-07-06T22:42:44+08:00,QQ音乐,热歌榜,热歌榜,2026-07-06,25,江南,林俊杰,0,,9063002,000y5gq7449K9I,https://y.qq.com/n/ryqq/toplist/26
2026-07-06,2026-07-06T22:42:44+08:00,QQ音乐,热歌榜,热歌榜,2026-07-06,26,离开我的依赖,王艳薇,下降 5,,253383943,004CSyAN1oc97b,https://y.qq.com/n/ryqq/toplist/26
2026-07-06,2026-07-06T22:42:44+08:00,QQ音乐,热歌榜,热歌榜,2026-07-06,27,爱，请问怎么走,A-Lin,下降 12,,393966,001TuWBG0TOW2P,https://y.qq.com/n/ryqq/toplist/26
2026-07-06,2026-07-06T22:42:44+08:00,QQ音乐,热歌榜,热歌榜,2026-07-06,28,盛夏的果实,莫文蔚,下降 2,,4830161,000KeV8l1PIjxt,https://y.qq.com/n/ryqq/toplist/26
2026-07-06,2026-07-06T22:42:44+08:00,QQ音乐,热歌榜,热歌榜,2026-07-06,29,街道,林俊杰,上升 5,,447258,002g6zv02X7SNi,https://y.qq.com/n/ryqq/toplist/26
2026-07-06,2026-07-06T22:42:44+08:00,QQ音乐,热歌榜,热歌榜,2026-07-06,30,Baby,Justin Bieber/Ludacris,下降 3,,203644381,002TfnxG2yN1na,https://y.qq.com/n/ryqq/toplist/26
2026-07-06,2026-07-06T22:42:44+08:00,QQ音乐,热歌榜,热歌榜,2026-07-06,31,我们俩,郭顶,下降 2,,105413206,003sMyYb4HZAAz,https://y.qq.com/n/ryqq/toplist/26
2026-07-06,2026-07-06T22:42:44+08:00,QQ音乐,热歌榜,热歌榜,2026-07-06,32,富士山下,陈奕迅,上升 1,,260678,004Z85XP1c25b7,https://y.qq.com/n/ryqq/toplist/26
2026-07-06,2026-07-06T22:42:44+08:00,QQ音乐,热歌榜,热歌榜,2026-07-06,33,坏女孩,徐良/小凌,下降 2,,7112749,002apRhZ4Bq99d,https://y.qq.com/n/ryqq/toplist/26
2026-07-06,2026-07-06T22:42:44+08:00,QQ音乐,热歌榜,热歌榜,2026-07-06,34,Beauty And A Beat,Justin Bieber/Nicki Minaj,下降 4,,1473252,002XddZv4cGsXb,https://y.qq.com/n/ryqq/toplist/26
2026-07-06,2026-07-06T22:42:44+08:00,QQ音乐,热歌榜,热歌榜,2026-07-06,35,后来的我们,五月天,下降 3,,107709592,002fRO0N4FftzY,https://y.qq.com/n/ryqq/toplist/26
2026-07-06,2026-07-06T22:42:44+08:00,QQ音乐,热歌榜,热歌榜,2026-07-06,36,多远都要在一起,G.E.M. 邓紫棋,下降 1,,102174489,003c616O2Zlswm,https://y.qq.com/n/ryqq/toplist/26
2026-07-06,2026-07-06T22:42:44+08:00,QQ音乐,热歌榜,热歌榜,2026-07-06,37,海阔天空,BEYOND,下降 1,,4835784,002qcJuX3lO3EZ,https://y.qq.com/n/ryqq/toplist/26
2026-07-06,2026-07-06T22:42:44+08:00,QQ音乐,热歌榜,热歌榜,2026-07-06,38,偏爱,张芸京,0,,473137,003ha6C92GRuVE,https://y.qq.com/n/ryqq/toplist/26
2026-07-06,2026-07-06T22:42:44+08:00,QQ音乐,热歌榜,热歌榜,2026-07-06,39,素颜,许嵩/何曼婷,上升 1,,101813361,0035f8nw11cjkf,https://y.qq.com/n/ryqq/toplist/26
2026-07-06,2026-07-06T22:42:44+08:00,QQ音乐,热歌榜,热歌榜,2026-07-06,40,晴天,周杰伦,下降 3,,97773,000MkMni19ClKG,https://y.qq.com/n/ryqq/toplist/26
2026-07-06,2026-07-06T22:42:44+08:00,QQ音乐,热歌榜,热歌榜,2026-07-06,41,最佳损友,陈奕迅,上升 7,,1338414,002FT46H18G1jW,https://y.qq.com/n/ryqq/toplist/26
2026-07-06,2026-07-06T22:42:44+08:00,QQ音乐,热歌榜,热歌榜,2026-07-06,42,背对背拥抱,林俊杰,下降 3,,648231,002C0kX720gMQi,https://y.qq.com/n/ryqq/toplist/26
2026-07-06,2026-07-06T22:42:44+08:00,QQ音乐,热歌榜,热歌榜,2026-07-06,43,不将就,李荣浩,0,,102367085,001fi1zG0EjU2u,https://y.qq.com/n/ryqq/toplist/26
2026-07-06,2026-07-06T22:42:44+08:00,QQ音乐,热歌榜,热歌榜,2026-07-06,44,开始懂了,孙燕姿,上升 1,,5646,004KRIQr1oCp2A,https://y.qq.com/n/ryqq/toplist/26
2026-07-06,2026-07-06T22:42:44+08:00,QQ音乐,热歌榜,热歌榜,2026-07-06,45,心墙,郭静,下降 3,,474797,003EHcB24J8t9Z,https://y.qq.com/n/ryqq/toplist/26
2026-07-06,2026-07-06T22:42:44+08:00,QQ音乐,热歌榜,热歌榜,2026-07-06,46,瞬,郑润泽,下降 5,,422061155,001qvyI10urb5z,https://y.qq.com/n/ryqq/toplist/26
2026-07-06,2026-07-06T22:42:44+08:00,QQ音乐,热歌榜,热歌榜,2026-07-06,47,认真的雪,薛之谦,下降 1,,1333803,003mUYW22JXKVK,https://y.qq.com/n/ryqq/toplist/26
2026-07-06,2026-07-06T22:42:44+08:00,QQ音乐,热歌榜,热歌榜,2026-07-06,48,那些你很冒险的梦,林俊杰,下降 1,,102388808,002PQCmo2azasb,https://y.qq.com/n/ryqq/toplist/26
2026-07-06,2026-07-06T22:42:44+08:00,QQ音乐,热歌榜,热歌榜,2026-07-06,49,爱情讯息,郭静,上升 5,,876549,003PKZMI1Wyx1A,https://y.qq.com/n/ryqq/toplist/26
2026-07-06,2026-07-06T22:42:44+08:00,QQ音乐,热歌榜,热歌榜,2026-07-06,50,泡沫,G.E.M. 邓紫棋,0,,1530858,002YFufr4bXZyI,https://y.qq.com/n/ryqq/toplist/26
2026-07-06,2026-07-06T22:42:44+08:00,QQ音乐,热歌榜,热歌榜,2026-07-06,51,十年,陈奕迅,0,,4830342,000GDz8k03UOaI,https://y.qq.com/n/ryqq/toplist/26
2026-07-06,2026-07-06T22:42:44+08:00,QQ音乐,热歌榜,热歌榜,2026-07-06,52,NIGHT DANCER,imase,下降 8,,372025766,002M1v7j4B5Yf7,https://y.qq.com/n/ryqq/toplist/26
2026-07-06,2026-07-06T22:42:44+08:00,QQ音乐,热歌榜,热歌榜,2026-07-06,53,遇见,孙燕姿,下降 4,,8145,002ehzTm0TxXC2,https://y.qq.com/n/ryqq/toplist/26
2026-07-06,2026-07-06T22:42:44+08:00,QQ音乐,热歌榜,热歌榜,2026-07-06,54,你要的全拿走,胡彦斌,上升 1,,212808217,001eyHlv2fu50T,https://y.qq.com/n/ryqq/toplist/26
2026-07-06,2026-07-06T22:42:44+08:00,QQ音乐,热歌榜,热歌榜,2026-07-06,55,后会无期,徐良/汪苏泷,上升 17,,7112743,002apRhZ4Bq99d,https://y.qq.com/n/ryqq/toplist/26
2026-07-06,2026-07-06T22:42:44+08:00,QQ音乐,热歌榜,热歌榜,2026-07-06,56,出现又离开 (Live),梁博,上升 17,,231594573,000eQZ1q4g6AsF,https://y.qq.com/n/ryqq/toplist/26
2026-07-06,2026-07-06T22:42:44+08:00,QQ音乐,热歌榜,热歌榜,2026-07-06,57,小半,陈粒,下降 1,,107762070,004fAhFe0fdHYF,https://y.qq.com/n/ryqq/toplist/26
2026-07-06,2026-07-06T22:42:44+08:00,QQ音乐,热歌榜,热歌榜,2026-07-06,58,半壶纱,刘珂矣,下降 5,,7048773,0009EZjm1c7iQe,https://y.qq.com/n/ryqq/toplist/26
2026-07-06,2026-07-06T22:42:44+08:00,QQ音乐,热歌榜,热歌榜,2026-07-06,59,海屿你 (破碎版),白慕寒,下降 7,,638781692,004XiRpR3QMgTR,https://y.qq.com/n/ryqq/toplist/26
2026-07-06,2026-07-06T22:42:44+08:00,QQ音乐,热歌榜,热歌榜,2026-07-06,60,麦恩莉,方大同,上升 5,,2550926,000ih4iv3HCmno,https://y.qq.com/n/ryqq/toplist/26
2026-07-06,2026-07-06T22:42:44+08:00,QQ音乐,热歌榜,热歌榜,2026-07-06,61,修炼爱情,林俊杰,下降 2,,5063375,001gqOnU3DTg2S,https://y.qq.com/n/ryqq/toplist/26
2026-07-06,2026-07-06T22:42:44+08:00,QQ音乐,热歌榜,热歌榜,2026-07-06,62,玻璃,Gareth.T,下降 4,,666124541,002kIED92uw8L5,https://y.qq.com/n/ryqq/toplist/26
2026-07-06,2026-07-06T22:42:44+08:00,QQ音乐,热歌榜,热歌榜,2026-07-06,63,美人鱼,林俊杰,0,,95292,000y5gq7449K9I,https://y.qq.com/n/ryqq/toplist/26
2026-07-06,2026-07-06T22:42:44+08:00,QQ音乐,热歌榜,热歌榜,2026-07-06,64,天外来物,薛之谦,0,,272125057,000K9Zp13TZp5s,https://y.qq.com/n/ryqq/toplist/26
2026-07-06,2026-07-06T22:42:44+08:00,QQ音乐,热歌榜,热歌榜,2026-07-06,65,最后一页,江语晨,上升 5,,721636,003FO4XF40Ky8L,https://y.qq.com/n/ryqq/toplist/26
2026-07-06,2026-07-06T22:42:44+08:00,QQ音乐,热歌榜,热歌榜,2026-07-06,66,第57次取消发送,菲菲公主（陆绮菲）,下降 6,,560063927,000KrDC019mc82,https://y.qq.com/n/ryqq/toplist/26
2026-07-06,2026-07-06T22:42:44+08:00,QQ音乐,热歌榜,热歌榜,2026-07-06,67,愿与愁,林俊杰,下降 5,,405007729,004ZOIop1doXru,https://y.qq.com/n/ryqq/toplist/26
2026-07-06,2026-07-06T22:42:44+08:00,QQ音乐,热歌榜,热歌榜,2026-07-06,68,一样的月光,徐佳莹,下降 1,,7063423,000cchEp2CGNEf,https://y.qq.com/n/ryqq/toplist/26
2026-07-06,2026-07-06T22:42:44+08:00,QQ音乐,热歌榜,热歌榜,2026-07-06,69,如愿,王菲,下降 3,,326584182,004Kbn3m2HV9Y3,https://y.qq.com/n/ryqq/toplist/26
2026-07-06,2026-07-06T22:42:44+08:00,QQ音乐,热歌榜,热歌榜,2026-07-06,70,一个人想着一个人,曾沛慈,下降 9,,4716045,003wP0m32WRVql,https://y.qq.com/n/ryqq/toplist/26
2026-07-06,2026-07-06T22:42:44+08:00,QQ音乐,热歌榜,热歌榜,2026-07-06,71,黄昏,周传雄,上升 10,,526713,001U6x8f2uJhig,https://y.qq.com/n/ryqq/toplist/26
2026-07-06,2026-07-06T22:42:44+08:00,QQ音乐,热歌榜,热歌榜,2026-07-06,72,Letting Go,蔡健雅,下降 4,,1030353,001aC9dM35U6KB,https://y.qq.com/n/ryqq/toplist/26
2026-07-06,2026-07-06T22:42:44+08:00,QQ音乐,热歌榜,热歌榜,2026-07-06,73,勇气,梁静茹,上升 1,,4830164,001DEgPu1004bl,https://y.qq.com/n/ryqq/toplist/26
2026-07-06,2026-07-06T22:42:44+08:00,QQ音乐,热歌榜,热歌榜,2026-07-06,74,可不可以,张紫豪,上升 3,,213958134,004VR1w241uBhB,https://y.qq.com/n/ryqq/toplist/26
2026-07-06,2026-07-06T22:42:44+08:00,QQ音乐,热歌榜,热歌榜,2026-07-06,75,会呼吸的痛,梁静茹,上升 8,,411228,002oy2Mp3I8Rgo,https://y.qq.com/n/ryqq/toplist/26
2026-07-06,2026-07-06T22:42:44+08:00,QQ音乐,热歌榜,热歌榜,2026-07-06,76,至少还有你,林忆莲,上升 4,,102204563,001JqgRv0mRHEQ,https://y.qq.com/n/ryqq/toplist/26
2026-07-06,2026-07-06T22:42:44+08:00,QQ音乐,热歌榜,热歌榜,2026-07-06,77,情人,蔡徐坤,下降 6,,266438550,00363n7y1Ft6gE,https://y.qq.com/n/ryqq/toplist/26
2026-07-06,2026-07-06T22:42:44+08:00,QQ音乐,热歌榜,热歌榜,2026-07-06,78,我们的歌,王力宏,上升 6,,102193483,002Zwh5p4HgecI,https://y.qq.com/n/ryqq/toplist/26
2026-07-06,2026-07-06T22:42:44+08:00,QQ音乐,热歌榜,热歌榜,2026-07-06,79,青花,周传雄,上升 10,,102204539,001Vj7aX0PixwV,https://y.qq.com/n/ryqq/toplist/26
2026-07-06,2026-07-06T22:42:44+08:00,QQ音乐,热歌榜,热歌榜,2026-07-06,80,倒数,G.E.M. 邓紫棋,上升 5,,215540451,003cKIKZ1J4Yyu,https://y.qq.com/n/ryqq/toplist/26
2026-07-06,2026-07-06T22:42:44+08:00,QQ音乐,热歌榜,热歌榜,2026-07-06,81,爱我还是他,陶喆,上升 7,,7211247,003ofGzS3C23Ow,https://y.qq.com/n/ryqq/toplist/26
2026-07-06,2026-07-06T22:42:44+08:00,QQ音乐,热歌榜,热歌榜,2026-07-06,82,句号,G.E.M. 邓紫棋,下降 3,,247347346,0049MVh824D7bM,https://y.qq.com/n/ryqq/toplist/26
2026-07-06,2026-07-06T22:42:44+08:00,QQ音乐,热歌榜,热歌榜,2026-07-06,83,下一个天亮,郭静,上升 4,,876541,003PKZMI1Wyx1A,https://y.qq.com/n/ryqq/toplist/26
2026-07-06,2026-07-06T22:42:44+08:00,QQ音乐,热歌榜,热歌榜,2026-07-06,84,如果可以,韦礼安,上升 10,,330977131,003WBcyJ1siUkh,https://y.qq.com/n/ryqq/toplist/26
2026-07-06,2026-07-06T22:42:44+08:00,QQ音乐,热歌榜,热歌榜,2026-07-06,85,阳光下的星星,金海心,下降 10,,100654,002GztkF3XGiCw,https://y.qq.com/n/ryqq/toplist/26
2026-07-06,2026-07-06T22:42:44+08:00,QQ音乐,热歌榜,热歌榜,2026-07-06,86,我知道,BY2,0,,470336,001P410a0Iq4K0,https://y.qq.com/n/ryqq/toplist/26
2026-07-06,2026-07-06T22:42:44+08:00,QQ音乐,热歌榜,热歌榜,2026-07-06,87,可惜没如果,林俊杰,下降 5,,330621486,0033R2xQ2I0Uyf,https://y.qq.com/n/ryqq/toplist/26
2026-07-06,2026-07-06T22:42:44+08:00,QQ音乐,热歌榜,热歌榜,2026-07-06,88,有何不可,许嵩,上升 5,,102296985,002KSDg90IaScI,https://y.qq.com/n/ryqq/toplist/26
2026-07-06,2026-07-06T22:42:44+08:00,QQ音乐,热歌榜,热歌榜,2026-07-06,89,模特,李荣浩,上升 1,,5016169,004AhJHV3slLjN,https://y.qq.com/n/ryqq/toplist/26
2026-07-06,2026-07-06T22:42:44+08:00,QQ音乐,热歌榜,热歌榜,2026-07-06,90,We Don't Talk Anymore,Charlie Puth/Selena Gomez,上升 26,,105539541,004Ws4fG3pT6eA,https://y.qq.com/n/ryqq/toplist/26
2026-07-06,2026-07-06T22:42:44+08:00,QQ音乐,热歌榜,热歌榜,2026-07-06,91,夏夜最后的烟火,颜人中,0,,459088908,002tspXk0JB6qZ,https://y.qq.com/n/ryqq/toplist/26
2026-07-06,2026-07-06T22:42:44+08:00,QQ音乐,热歌榜,热歌榜,2026-07-06,92,Radio (Dum-Dum),宋雨琦 (YUQI) (우기),下降 16,,566863870,0032oAnT063teb,https://y.qq.com/n/ryqq/toplist/26
2026-07-06,2026-07-06T22:42:44+08:00,QQ音乐,热歌榜,热歌榜,2026-07-06,93,后来,刘若英,上升 5,,4830150,0017zqT34WuQwa,https://y.qq.com/n/ryqq/toplist/26
2026-07-06,2026-07-06T22:42:44+08:00,QQ音乐,热歌榜,热歌榜,2026-07-06,94,颜色,Gareth.T,上升 5,,577069284,004JCDGM3t28q8,https://y.qq.com/n/ryqq/toplist/26
2026-07-06,2026-07-06T22:42:44+08:00,QQ音乐,热歌榜,热歌榜,2026-07-06,95,无名的人,毛不易,下降 3,,336582682,002mPgSG01LLtu,https://y.qq.com/n/ryqq/toplist/26
2026-07-06,2026-07-06T22:42:44+08:00,QQ音乐,热歌榜,热歌榜,2026-07-06,96,夏天的风,温岚,0,,140269,001LB0Mp3zyU1Z,https://y.qq.com/n/ryqq/toplist/26
2026-07-06,2026-07-06T22:42:44+08:00,QQ音乐,热歌榜,热歌榜,2026-07-06,97,人生路漫漫,白小白,上升 3,,649285246,004IBRND1ZohC7,https://y.qq.com/n/ryqq/toplist/26
2026-07-06,2026-07-06T22:42:44+08:00,QQ音乐,热歌榜,热歌榜,2026-07-06,98,孤独患者,陈奕迅,下降 3,,1021078,003YQ8lP3NBXKl,https://y.qq.com/n/ryqq/toplist/26
2026-07-06,2026-07-06T22:42:44+08:00,QQ音乐,热歌榜,热歌榜,2026-07-06,99,日落大道,梁博,0,,104895477,002zaHdb1vJWSQ,https://y.qq.com/n/ryqq/toplist/26
2026-07-06,2026-07-06T22:42:44+08:00,QQ音乐,热歌榜,热歌榜,2026-07-06,100,我不难过,孙燕姿,上升 14,,8136,004VSvF52mQoQp,https://y.qq.com/n/ryqq/toplist/26
2026-07-06,2026-07-06T22:42:44+08:00,QQ音乐,飙升榜,飙升榜,2026-07-06,1,日落大道,梁博,热度 29%,,104895477,002zaHdb1vJWSQ,https://y.qq.com/n/ryqq/toplist/62
2026-07-06,2026-07-06T22:42:44+08:00,QQ音乐,飙升榜,飙升榜,2026-07-06,2,Love Story,Taylor Swift,热度 18%,,639141,002Q1XUj3HBAzw,https://y.qq.com/n/ryqq/toplist/62
2026-07-06,2026-07-06T22:42:44+08:00,QQ音乐,飙升榜,飙升榜,2026-07-06,3,街角的晚风,陈小春,热度 12%,,622453461,0028jKt80PGmlB,https://y.qq.com/n/ryqq/toplist/62
2026-07-06,2026-07-06T22:42:44+08:00,QQ音乐,飙升榜,飙升榜,2026-07-06,4,街道,林俊杰,热度 12%,,447258,002g6zv02X7SNi,https://y.qq.com/n/ryqq/toplist/62
2026-07-06,2026-07-06T22:42:44+08:00,QQ音乐,飙升榜,飙升榜,2026-07-06,5,Surprise (惊喜) (Live),早安,热度 11%,,701465973,000xsYLD41yBkU,https://y.qq.com/n/ryqq/toplist/62
2026-07-06,2026-07-06T22:42:44+08:00,QQ音乐,飙升榜,飙升榜,2026-07-06,6,NewJazzFarmer,王一珩OneSD,热度 8%,,702072763,001YnmgH3RTUNX,https://y.qq.com/n/ryqq/toplist/62
2026-07-06,2026-07-06T22:42:44+08:00,QQ音乐,飙升榜,飙升榜,2026-07-06,7,讨厌,芮恩,热度 8%,,138194,001EFkTG1wgW4n,https://y.qq.com/n/ryqq/toplist/62
2026-07-06,2026-07-06T22:42:44+08:00,QQ音乐,飙升榜,飙升榜,2026-07-06,8,伤不起 (Live),宋亚轩,热度 8%,,699579916,002smrLb1INOm3,https://y.qq.com/n/ryqq/toplist/62
2026-07-06,2026-07-06T22:42:44+08:00,QQ音乐,飙升榜,飙升榜,2026-07-06,9,我要你爱我,张碧晨,热度 7%,,699665533,004QgT9a0p9BMJ,https://y.qq.com/n/ryqq/toplist/62
2026-07-06,2026-07-06T22:42:44+08:00,QQ音乐,飙升榜,飙升榜,2026-07-06,10,天地龙鳞,王力宏,热度 7%,,334382135,004VAoXe40mO4M,https://y.qq.com/n/ryqq/toplist/62
2026-07-06,2026-07-06T22:42:44+08:00,QQ音乐,飙升榜,飙升榜,2026-07-06,11,你从春天走来,刘若英,热度 7%,,693913541,003PHxFb4EbMCi,https://y.qq.com/n/ryqq/toplist/62
2026-07-06,2026-07-06T22:42:44+08:00,QQ音乐,飙升榜,飙升榜,2026-07-06,12,出现又离开 (Live),梁博,热度 7%,,231594573,000eQZ1q4g6AsF,https://y.qq.com/n/ryqq/toplist/62
2026-07-06,2026-07-06T22:42:44+08:00,QQ音乐,飙升榜,飙升榜,2026-07-06,13,鲸与雀,黄霄雲/暗区突围,热度 6%,,696077777,000QeS9X3FgxSO,https://y.qq.com/n/ryqq/toplist/62
2026-07-06,2026-07-06T22:42:44+08:00,QQ音乐,飙升榜,飙升榜,2026-07-06,14,Come What May,王力宏,热度 6%,,664923487,000S79v91L2U6W,https://y.qq.com/n/ryqq/toplist/62
2026-07-06,2026-07-06T22:42:44+08:00,QQ音乐,飙升榜,飙升榜,2026-07-06,15,爱错,王力宏,热度 6%,,105905415,002ElVxf43rOue,https://y.qq.com/n/ryqq/toplist/62
2026-07-06,2026-07-06T22:42:44+08:00,QQ音乐,飙升榜,飙升榜,2026-07-06,16,Cruel Summer,Taylor Swift,热度 6%,,235175529,002MRY88057AhY,https://y.qq.com/n/ryqq/toplist/62
2026-07-06,2026-07-06T22:42:44+08:00,QQ音乐,飙升榜,飙升榜,2026-07-06,17,茶花开了，该回家了,王睿卓/加木,热度 6%,,553433850,001KCGcF29Na3i,https://y.qq.com/n/ryqq/toplist/62
2026-07-06,2026-07-06T22:42:44+08:00,QQ音乐,飙升榜,飙升榜,2026-07-06,18,西乌旗99号公路,LunaLiu刘不语/张川海,热度 5%,,660134273,003woY5f2sdNs7,https://y.qq.com/n/ryqq/toplist/62
2026-07-06,2026-07-06T22:42:44+08:00,QQ音乐,飙升榜,飙升榜,2026-07-06,19,你是我的宝贝,曹格,热度 5%,,4830311,001UgY8i2OdLWn,https://y.qq.com/n/ryqq/toplist/62
2026-07-06,2026-07-06T22:42:44+08:00,QQ音乐,飙升榜,飙升榜,2026-07-06,20,曾经是情侣 (Live),梁博,热度 5%,,231911714,004RZwia4aBTHJ,https://y.qq.com/n/ryqq/toplist/62
2026-07-06,2026-07-06T22:42:44+08:00,QQ音乐,飙升榜,飙升榜,2026-07-06,21,旅行的意义,陈绮贞,热度 4%,,466727,003hSuwt2iDwKW,https://y.qq.com/n/ryqq/toplist/62
2026-07-06,2026-07-06T22:42:44+08:00,QQ音乐,飙升榜,飙升榜,2026-07-06,22,春风何时来,巴扎黑,热度 4%,,465546369,003eZDqu2ReBvQ,https://y.qq.com/n/ryqq/toplist/62
2026-07-06,2026-07-06T22:42:44+08:00,QQ音乐,飙升榜,飙升榜,2026-07-06,23,你不知道的事,王力宏,热度 4%,,740362,002iWU6B2ZvA8V,https://y.qq.com/n/ryqq/toplist/62
2026-07-06,2026-07-06T22:42:44+08:00,QQ音乐,飙升榜,飙升榜,2026-07-06,24,大梦归离,李宇春,热度 4%,,517385504,003up2WR1OtPci,https://y.qq.com/n/ryqq/toplist/62
2026-07-06,2026-07-06T22:42:44+08:00,QQ音乐,飙升榜,飙升榜,2026-07-06,25,我们的歌,王力宏,热度 4%,,102193483,002Zwh5p4HgecI,https://y.qq.com/n/ryqq/toplist/62
2026-07-06,2026-07-06T22:42:44+08:00,QQ音乐,飙升榜,飙升榜,2026-07-06,26,先说谎的人,h3R3/张鑫,热度 4%,,336858873,000AVbA108RXwC,https://y.qq.com/n/ryqq/toplist/62
2026-07-06,2026-07-06T22:42:44+08:00,QQ音乐,飙升榜,飙升榜,2026-07-06,27,男孩 (Live),梁博,热度 3%,,201428089,003CNvSO1Vx2iY,https://y.qq.com/n/ryqq/toplist/62
2026-07-06,2026-07-06T22:42:44+08:00,QQ音乐,飙升榜,飙升榜,2026-07-06,28,得意的笑 (Live),李宇春,热度 3%,,699580219,002smrLb1INOm3,https://y.qq.com/n/ryqq/toplist/62
2026-07-06,2026-07-06T22:42:44+08:00,QQ音乐,飙升榜,飙升榜,2026-07-06,29,Blank Space,Taylor Swift,热度 3%,,9109354,002Kz5Jo1uzHjz,https://y.qq.com/n/ryqq/toplist/62
2026-07-06,2026-07-06T22:42:44+08:00,QQ音乐,飙升榜,飙升榜,2026-07-06,30,需要人陪,王力宏,热度 3%,,740366,002iWU6B2ZvA8V,https://y.qq.com/n/ryqq/toplist/62
2026-07-06,2026-07-06T22:42:44+08:00,QQ音乐,飙升榜,飙升榜,2026-07-06,31,十里,加木,热度 3%,,649860076,004aNiep1o8ft9,https://y.qq.com/n/ryqq/toplist/62
2026-07-06,2026-07-06T22:42:44+08:00,QQ音乐,飙升榜,飙升榜,2026-07-06,32,Welcome To New York,Taylor Swift,热度 3%,,9109353,002Kz5Jo1uzHjz,https://y.qq.com/n/ryqq/toplist/62
2026-07-06,2026-07-06T22:42:44+08:00,QQ音乐,飙升榜,飙升榜,2026-07-06,33,Who,萧景鸿,热度 3%,,693929016,001U0CMU49khSC,https://y.qq.com/n/ryqq/toplist/62
2026-07-06,2026-07-06T22:42:44+08:00,QQ音乐,飙升榜,飙升榜,2026-07-06,34,时差 (On call),鹿晗,热度 3%,,201781918,00435a2s4YeuWb,https://y.qq.com/n/ryqq/toplist/62
2026-07-06,2026-07-06T22:42:44+08:00,QQ音乐,飙升榜,飙升榜,2026-07-06,35,火力全开,王力宏,热度 3%,,1504067,001fMFxM1tq1aI,https://y.qq.com/n/ryqq/toplist/62
2026-07-06,2026-07-06T22:42:44+08:00,QQ音乐,飙升榜,飙升榜,2026-07-06,36,夜半,谢宇伦,热度 3%,,226400065,002T9V232SwTn4,https://y.qq.com/n/ryqq/toplist/62
2026-07-06,2026-07-06T22:42:44+08:00,QQ音乐,飙升榜,飙升榜,2026-07-06,37,宇宙游乐场,梓渝,热度 3%,,670876266,001YF9mT23fsBQ,https://y.qq.com/n/ryqq/toplist/62
2026-07-06,2026-07-06T22:42:44+08:00,QQ音乐,飙升榜,飙升榜,2026-07-06,38,最佳损友,陈奕迅,热度 3%,,1338414,002FT46H18G1jW,https://y.qq.com/n/ryqq/toplist/62
2026-07-06,2026-07-06T22:42:44+08:00,QQ音乐,飙升榜,飙升榜,2026-07-06,39,大城小爱,王力宏,热度 3%,,105905352,001a0Dts37jw2M,https://y.qq.com/n/ryqq/toplist/62
2026-07-06,2026-07-06T22:42:44+08:00,QQ音乐,飙升榜,飙升榜,2026-07-06,40,窝囊废 (Live),谭维维/刘凤瑶,热度 3%,,636257949,002jogeB0D8Rzv,https://y.qq.com/n/ryqq/toplist/62
2026-07-06,2026-07-06T22:42:44+08:00,QQ音乐,飙升榜,飙升榜,2026-07-06,41,当下,巴扎黑,热度 3%,,588071303,0003Q78C1PjEDf,https://y.qq.com/n/ryqq/toplist/62
2026-07-06,2026-07-06T22:42:44+08:00,QQ音乐,飙升榜,飙升榜,2026-07-06,42,唯一,王力宏,热度 3%,,1121156,000D1ceU2ibOvS,https://y.qq.com/n/ryqq/toplist/62
2026-07-06,2026-07-06T22:42:44+08:00,QQ音乐,飙升榜,飙升榜,2026-07-06,43,IF YOU,BIGBANG (빅뱅),热度 3%,,102793935,001xpUdt2jEjWu,https://y.qq.com/n/ryqq/toplist/62
2026-07-06,2026-07-06T22:42:44+08:00,QQ音乐,飙升榜,飙升榜,2026-07-06,44,小看我了 (Live),布瑞吉Bridge,热度 3%,,701465873,000xsYLD41yBkU,https://y.qq.com/n/ryqq/toplist/62
2026-07-06,2026-07-06T22:42:44+08:00,QQ音乐,飙升榜,飙升榜,2026-07-06,45,The Other Side Of Paradise (Explicit),Glass Animals,热度 3%,,319782348,001eucpH3ZIJnM,https://y.qq.com/n/ryqq/toplist/62
2026-07-06,2026-07-06T22:42:44+08:00,QQ音乐,飙升榜,飙升榜,2026-07-06,46,租购,薛之谦,热度 2%,,545772161,002N4fUq1kRST2,https://y.qq.com/n/ryqq/toplist/62
2026-07-06,2026-07-06T22:42:44+08:00,QQ音乐,飙升榜,飙升榜,2026-07-06,47,心跳,王力宏,热度 2%,,460498,004e7bDh0qe2bd,https://y.qq.com/n/ryqq/toplist/62
2026-07-06,2026-07-06T22:42:44+08:00,QQ音乐,飙升榜,飙升榜,2026-07-06,48,表态 (Live),梁博,热度 2%,,231407923,001tziml1JlE88,https://y.qq.com/n/ryqq/toplist/62
2026-07-06,2026-07-06T22:42:44+08:00,QQ音乐,飙升榜,飙升榜,2026-07-06,49,岁月如歌,陈奕迅,热度 2%,,4907829,003Hjc6L1WajuE,https://y.qq.com/n/ryqq/toplist/62
2026-07-06,2026-07-06T22:42:44+08:00,QQ音乐,飙升榜,飙升榜,2026-07-06,50,樱花草,Sweety,热度 2%,,481456,000pKXff1doeOd,https://y.qq.com/n/ryqq/toplist/62
2026-07-06,2026-07-06T22:42:44+08:00,QQ音乐,飙升榜,飙升榜,2026-07-06,51,主动 (Live),加木,热度 2%,,497109737,001t4I3C1SKV7o,https://y.qq.com/n/ryqq/toplist/62
2026-07-06,2026-07-06T22:42:44+08:00,QQ音乐,飙升榜,飙升榜,2026-07-06,52,失眠,Suki刘舒妤,热度 2%,,4733575,002xCeeN4EJ1Ke,https://y.qq.com/n/ryqq/toplist/62
2026-07-06,2026-07-06T22:42:44+08:00,QQ音乐,飙升榜,飙升榜,2026-07-06,53,花田错,王力宏,热度 2%,,105905349,001a0Dts37jw2M,https://y.qq.com/n/ryqq/toplist/62
2026-07-06,2026-07-06T22:42:44+08:00,QQ音乐,飙升榜,飙升榜,2026-07-06,54,至少还有你 (Live),周柏豪,热度 2%,,699580636,002smrLb1INOm3,https://y.qq.com/n/ryqq/toplist/62
2026-07-06,2026-07-06T22:42:44+08:00,QQ音乐,飙升榜,飙升榜,2026-07-06,55,我不知道 (Live),梁博,热度 2%,,233814890,002aEsPD26FHYD,https://y.qq.com/n/ryqq/toplist/62
2026-07-06,2026-07-06T22:42:44+08:00,QQ音乐,飙升榜,飙升榜,2026-07-06,56,想念 (Rehearsal Version),梁博,热度 2%,,248605575,001E76Hl0l9nh1,https://y.qq.com/n/ryqq/toplist/62
2026-07-06,2026-07-06T22:42:44+08:00,QQ音乐,飙升榜,飙升榜,2026-07-06,57,I Miss You,罗百吉/宝贝,热度 2%,,954011,004gOmmO3VaCYO,https://y.qq.com/n/ryqq/toplist/62
2026-07-06,2026-07-06T22:42:44+08:00,QQ音乐,飙升榜,飙升榜,2026-07-06,58,阴天,莫文蔚,热度 2%,,4830345,000hTTJN3oScZr,https://y.qq.com/n/ryqq/toplist/62
2026-07-06,2026-07-06T22:42:44+08:00,QQ音乐,飙升榜,飙升榜,2026-07-06,59,落叶归根,王力宏,热度 2%,,9061928,002Zwh5p4HgecI,https://y.qq.com/n/ryqq/toplist/62
2026-07-06,2026-07-06T22:42:44+08:00,QQ音乐,飙升榜,飙升榜,2026-07-06,60,依然爱你,王力宏,热度 2%,,974808,001fMFxM1tq1aI,https://y.qq.com/n/ryqq/toplist/62
2026-07-06,2026-07-06T22:42:44+08:00,QQ音乐,飙升榜,飙升榜,2026-07-06,61,呼吸决定,Fine乐团,热度 2%,,104938975,0046jM601WuhbA,https://y.qq.com/n/ryqq/toplist/62
2026-07-06,2026-07-06T22:42:44+08:00,QQ音乐,飙升榜,飙升榜,2026-07-06,62,黑夜中 (Live),梁博,热度 2%,,231740467,000LXtSY36U9O7,https://y.qq.com/n/ryqq/toplist/62
2026-07-06,2026-07-06T22:42:44+08:00,QQ音乐,飙升榜,飙升榜,2026-07-06,63,光,陈粒,热度 2%,,102068224,004GArUe26PXvZ,https://y.qq.com/n/ryqq/toplist/62
2026-07-06,2026-07-06T22:42:44+08:00,QQ音乐,飙升榜,飙升榜,2026-07-06,64,无人之岛,任然,热度 2%,,203452364,002lMPc30c4rOO,https://y.qq.com/n/ryqq/toplist/62
2026-07-06,2026-07-06T22:42:44+08:00,QQ音乐,飙升榜,飙升榜,2026-07-06,65,水百合 (Live),王菀之,热度 2%,,699583308,002smrLb1INOm3,https://y.qq.com/n/ryqq/toplist/62
2026-07-06,2026-07-06T22:42:44+08:00,QQ音乐,飙升榜,飙升榜,2026-07-06,66,Who want a beef (谁想试试) (Live),辉子,热度 2%,,701465705,000xsYLD41yBkU,https://y.qq.com/n/ryqq/toplist/62
2026-07-06,2026-07-06T22:42:44+08:00,QQ音乐,飙升榜,飙升榜,2026-07-06,67,反高潮,陈奕迅,热度 2%,,647417,001sM5UF3kkknW,https://y.qq.com/n/ryqq/toplist/62
2026-07-06,2026-07-06T22:42:44+08:00,QQ音乐,飙升榜,飙升榜,2026-07-06,68,Rain to fire,王赫野,热度 2%,,688806257,004CULjA2BpuA8,https://y.qq.com/n/ryqq/toplist/62
2026-07-06,2026-07-06T22:42:44+08:00,QQ音乐,飙升榜,飙升榜,2026-07-06,69,缘分一道桥,王力宏/谭维维,热度 2%,,109181039,001z1OuX41cBAx,https://y.qq.com/n/ryqq/toplist/62
2026-07-06,2026-07-06T22:42:44+08:00,QQ音乐,飙升榜,飙升榜,2026-07-06,70,Style,Taylor Swift,热度 2%,,9109355,002Kz5Jo1uzHjz,https://y.qq.com/n/ryqq/toplist/62
2026-07-06,2026-07-06T22:42:44+08:00,QQ音乐,飙升榜,飙升榜,2026-07-06,71,暗号,周杰伦,热度 1%,,97762,004MGitN0zEHpb,https://y.qq.com/n/ryqq/toplist/62
2026-07-06,2026-07-06T22:42:44+08:00,QQ音乐,飙升榜,飙升榜,2026-07-06,72,富士山下,陈奕迅,热度 1%,,260678,004Z85XP1c25b7,https://y.qq.com/n/ryqq/toplist/62
2026-07-06,2026-07-06T22:42:44+08:00,QQ音乐,飙升榜,飙升榜,2026-07-06,73,茶花开了,加木,热度 1%,,603610735,001IzpAX31ufp5,https://y.qq.com/n/ryqq/toplist/62
2026-07-06,2026-07-06T22:42:44+08:00,QQ音乐,飙升榜,飙升榜,2026-07-06,74,飘絮 (美丽的神话) (Live),GAI周延/加木,热度 1%,,499428994,002OOVeC1dpERd,https://y.qq.com/n/ryqq/toplist/62
2026-07-06,2026-07-06T22:42:44+08:00,QQ音乐,飙升榜,飙升榜,2026-07-06,75,爱的就是你,王力宏,热度 1%,,157549,000D1ceU2ibOvS,https://y.qq.com/n/ryqq/toplist/62
2026-07-06,2026-07-06T22:42:44+08:00,QQ音乐,飙升榜,飙升榜,2026-07-06,76,改变自己,王力宏,热度 1%,,9086096,002Zwh5p4HgecI,https://y.qq.com/n/ryqq/toplist/62
2026-07-06,2026-07-06T22:42:44+08:00,QQ音乐,飙升榜,飙升榜,2026-07-06,77,Upward spiral (扶瑶直上) (Live),KKECHO,热度 1%,,701465263,000xsYLD41yBkU,https://y.qq.com/n/ryqq/toplist/62
2026-07-06,2026-07-06T22:42:44+08:00,QQ音乐,飙升榜,飙升榜,2026-07-06,78,春雨里洗过的太阳,王力宏,热度 1%,,460499,004e7bDh0qe2bd,https://y.qq.com/n/ryqq/toplist/62
2026-07-06,2026-07-06T22:42:44+08:00,QQ音乐,飙升榜,飙升榜,2026-07-06,79,Can You Feel My World,王力宏,热度 1%,,105905519,004WhLzM1JvyIa,https://y.qq.com/n/ryqq/toplist/62
2026-07-06,2026-07-06T22:42:44+08:00,QQ音乐,飙升榜,飙升榜,2026-07-06,80,勉为其难,王冕,热度 1%,,108986243,0048Pthf2KOhgc,https://y.qq.com/n/ryqq/toplist/62
2026-07-06,2026-07-06T22:42:44+08:00,QQ音乐,飙升榜,飙升榜,2026-07-06,81,每月5号,汪苏泷,热度 1%,,276625837,000XbQdE2fEJUo,https://y.qq.com/n/ryqq/toplist/62
2026-07-06,2026-07-06T22:42:44+08:00,QQ音乐,飙升榜,飙升榜,2026-07-06,82,伤不起,王麟/老猫,热度 1%,,5159578,001a3dFz4G5HFd,https://y.qq.com/n/ryqq/toplist/62
2026-07-06,2026-07-06T22:42:44+08:00,QQ音乐,飙升榜,飙升榜,2026-07-06,83,4 Flowers,MAMAMOO (마마무),热度 1%,,677024969,004btNrZ0q6Pk0,https://y.qq.com/n/ryqq/toplist/62
2026-07-06,2026-07-06T22:42:44+08:00,QQ音乐,飙升榜,飙升榜,2026-07-06,84,沿海厨房 (Live),翁杰_Winjay,热度 1%,,701465516,000xsYLD41yBkU,https://y.qq.com/n/ryqq/toplist/62
2026-07-06,2026-07-06T22:42:44+08:00,QQ音乐,飙升榜,飙升榜,2026-07-06,85,心中的日月,王力宏,热度 1%,,105905408,002ElVxf43rOue,https://y.qq.com/n/ryqq/toplist/62
2026-07-06,2026-07-06T22:42:44+08:00,QQ音乐,飙升榜,飙升榜,2026-07-06,86,泪桥,伍佰 & China Blue,热度 1%,,3337,000tXk9a4Jnf2G,https://y.qq.com/n/ryqq/toplist/62
2026-07-06,2026-07-06T22:42:44+08:00,QQ音乐,飙升榜,飙升榜,2026-07-06,87,好心分手,王力宏/卢巧音,热度 1%,,102950624,0032pucg2UepCT,https://y.qq.com/n/ryqq/toplist/62
2026-07-06,2026-07-06T22:42:44+08:00,QQ音乐,飙升榜,飙升榜,2026-07-06,88,你还爱我吗,蔡依林,热度 1%,,131420,001TkCyo47mjFK,https://y.qq.com/n/ryqq/toplist/62
2026-07-06,2026-07-06T22:42:44+08:00,QQ音乐,飙升榜,飙升榜,2026-07-06,89,exile,Taylor Swift/Bon Iver,热度 1%,,273139295,004JYFa61vPS88,https://y.qq.com/n/ryqq/toplist/62
2026-07-06,2026-07-06T22:42:44+08:00,QQ音乐,飙升榜,飙升榜,2026-07-06,90,We Don't Talk Anymore,Charlie Puth/Selena Gomez,热度 1%,,105539541,004Ws4fG3pT6eA,https://y.qq.com/n/ryqq/toplist/62
2026-07-06,2026-07-06T22:42:44+08:00,QQ音乐,飙升榜,飙升榜,2026-07-06,91,나만 바라봐 Part.2 (只看着我 Part.2),G-DRAGON (权志龙),热度 1%,,102374245,003HPmhn0cACaj,https://y.qq.com/n/ryqq/toplist/62
2026-07-06,2026-07-06T22:42:44+08:00,QQ音乐,飙升榜,飙升榜,2026-07-06,92,突然的自我 (Live),伍佰 & China Blue,热度 1%,,393961,004JF1BR18UKuH,https://y.qq.com/n/ryqq/toplist/62
2026-07-06,2026-07-06T22:42:44+08:00,QQ音乐,飙升榜,飙升榜,2026-07-06,93,梗 概pt.2,加木,热度 1%,,667164267,003lU4yn04oHu2,https://y.qq.com/n/ryqq/toplist/62
2026-07-06,2026-07-06T22:42:44+08:00,QQ音乐,飙升榜,飙升榜,2026-07-06,94,来不及爱你,h3R3,热度 1%,,424469983,001hLbi83b5KQr,https://y.qq.com/n/ryqq/toplist/62
2026-07-06,2026-07-06T22:42:44+08:00,QQ音乐,飙升榜,飙升榜,2026-07-06,95,鱼 (Live),加木,热度 1%,,491263929,001iUIi84fQjku,https://y.qq.com/n/ryqq/toplist/62
2026-07-06,2026-07-06T22:42:44+08:00,QQ音乐,飙升榜,飙升榜,2026-07-06,96,Look What You Made Me Do,Taylor Swift,热度 1%,,203691607,003OK4yP2MBOip,https://y.qq.com/n/ryqq/toplist/62
2026-07-06,2026-07-06T22:42:44+08:00,QQ音乐,飙升榜,飙升榜,2026-07-06,97,I Knew You Were Trouble,Taylor Swift,热度 1%,,2480405,003XgDKL12X3J1,https://y.qq.com/n/ryqq/toplist/62
2026-07-06,2026-07-06T22:42:44+08:00,QQ音乐,飙升榜,飙升榜,2026-07-06,98,八小时时差,郑鱼,热度 1%,,299239898,004UnhxH4dmAyM,https://y.qq.com/n/ryqq/toplist/62
2026-07-06,2026-07-06T22:42:44+08:00,QQ音乐,飙升榜,飙升榜,2026-07-06,99,麒麟,早安,热度 1%,,372394906,002bf4Db2TsnEJ,https://y.qq.com/n/ryqq/toplist/62
2026-07-06,2026-07-06T22:42:44+08:00,QQ音乐,飙升榜,飙升榜,2026-07-06,100,我想念,汪苏泷,热度 1%,,423519525,001PSxRj3szxIV,https://y.qq.com/n/ryqq/toplist/62
2026-07-06,2026-07-06T22:42:44+08:00,酷狗音乐,热歌榜,酷狗TOP500,2026-07-06,1,岁月如笔写春秋,河南三妹5233,,4:11,5D4C2F9D994E5BECDC9BA0FBC6BD3DD8,191576482,https://www.kugou.com/yy/rank/home/1-8888.html?from=rank
2026-07-06,2026-07-06T22:42:44+08:00,酷狗音乐,热歌榜,酷狗TOP500,2026-07-06,2,你有没有真的爱过我,阿图表妹,,4:03,FE39668F68770C3FB3BE57A3E86CCC10,190170015,https://www.kugou.com/yy/rank/home/1-8888.html?from=rank
2026-07-06,2026-07-06T22:42:44+08:00,酷狗音乐,热歌榜,酷狗TOP500,2026-07-06,3,岁月如笔写春秋,郭少杰,,4:11,6FCF099C6A88F85FC8417AFD452D54FD,190046745,https://www.kugou.com/yy/rank/home/1-8888.html?from=rank
2026-07-06,2026-07-06T22:42:44+08:00,酷狗音乐,热歌榜,酷狗TOP500,2026-07-06,4,人生路漫漫,白小白,,3:55,B8CA573A69DB5050C7EE0C1AB79144E5,179917533,https://www.kugou.com/yy/rank/home/1-8888.html?from=rank
2026-07-06,2026-07-06T22:42:44+08:00,酷狗音乐,热歌榜,酷狗TOP500,2026-07-06,5,踏马寻花向自由 (雷鬼版),超哥,,2:59,B5BA68A039E54847B4E14A46A268991B,194886112,https://www.kugou.com/yy/rank/home/1-8888.html?from=rank
2026-07-06,2026-07-06T22:42:44+08:00,酷狗音乐,热歌榜,酷狗TOP500,2026-07-06,6,疑疑疑,王俊凯,,2:56,F32CA0BF5F2C89F49DAABB07B3CFE5B3,180811789,https://www.kugou.com/yy/rank/home/1-8888.html?from=rank
2026-07-06,2026-07-06T22:42:44+08:00,酷狗音乐,热歌榜,酷狗TOP500,2026-07-06,7,亲爱的你啊,任素汐,,3:56,C42C2C5C7A68CDAFBF543F29AF883B1D,144348541,https://www.kugou.com/yy/rank/home/1-8888.html?from=rank
2026-07-06,2026-07-06T22:42:44+08:00,酷狗音乐,热歌榜,酷狗TOP500,2026-07-06,8,阴天,莫文蔚,,4:02,E4271CB5938F401AA283FBEA49223BF8,970575,https://www.kugou.com/yy/rank/home/1-8888.html?from=rank
2026-07-06,2026-07-06T22:42:44+08:00,酷狗音乐,热歌榜,酷狗TOP500,2026-07-06,9,抽离,徐良、刘丹萌,,4:18,37A9C74C33A9FAEFF672CFDF4C699581,547514,https://www.kugou.com/yy/rank/home/1-8888.html?from=rank
2026-07-06,2026-07-06T22:42:44+08:00,酷狗音乐,热歌榜,酷狗TOP500,2026-07-06,10,Angel,尹美莱、Tiger JK、Bizzy,,4:15,062EA07BB74A381C54524C9F91714D81,964390,https://www.kugou.com/yy/rank/home/1-8888.html?from=rank
2026-07-06,2026-07-06T22:42:44+08:00,酷狗音乐,热歌榜,酷狗TOP500,2026-07-06,11,月满西楼约,如梦,,3:53,9D46CB34459F26B7D109F52BF0A68472,182028898,https://www.kugou.com/yy/rank/home/1-8888.html?from=rank
2026-07-06,2026-07-06T22:42:44+08:00,酷狗音乐,热歌榜,酷狗TOP500,2026-07-06,12,失眠,Suki刘舒妤,,3:31,EC476A2009EF5DCAC13EDCD11870DF55,671621,https://www.kugou.com/yy/rank/home/1-8888.html?from=rank
2026-07-06,2026-07-06T22:42:44+08:00,酷狗音乐,热歌榜,酷狗TOP500,2026-07-06,13,雨过后的风景,Dizzy Dizzo (蔡诗芸),,4:03,E3F046EDB5EB76BBA5A44FFA3D8F8C42,974143,https://www.kugou.com/yy/rank/home/1-8888.html?from=rank
2026-07-06,2026-07-06T22:42:44+08:00,酷狗音乐,热歌榜,酷狗TOP500,2026-07-06,14,西乌旗99号公路,LunaLiu刘不语、张川海,,3:29,F65BB0D87F5543387A50AEEBF55A1E8A,185310075,https://www.kugou.com/yy/rank/home/1-8888.html?from=rank
2026-07-06,2026-07-06T22:42:44+08:00,酷狗音乐,热歌榜,酷狗TOP500,2026-07-06,15,若不是因为你 (深情版),林栖,,4:13,6CCB2559DE8FC8965E98F641C4C33B6A,176013962,https://www.kugou.com/yy/rank/home/1-8888.html?from=rank
2026-07-06,2026-07-06T22:42:44+08:00,酷狗音乐,热歌榜,酷狗TOP500,2026-07-06,16,黄昏 (纵然青丝如霜)(R&B版),落日微醺,,4:05,423FC1778078ACF260242626820E4244,194767721,https://www.kugou.com/yy/rank/home/1-8888.html?from=rank
2026-07-06,2026-07-06T22:42:44+08:00,酷狗音乐,热歌榜,酷狗TOP500,2026-07-06,17,盛夏的果实,莫文蔚,,4:11,1C86CBC64AE9A6C3539A36CAADDF1A59,978378,https://www.kugou.com/yy/rank/home/1-8888.html?from=rank
2026-07-06,2026-07-06T22:42:44+08:00,酷狗音乐,热歌榜,酷狗TOP500,2026-07-06,18,枪火 (相对那就针锋相对),宝石Gem,,3:18,76923758046CB591DC9556D1FB69D976,154798334,https://www.kugou.com/yy/rank/home/1-8888.html?from=rank
2026-07-06,2026-07-06T22:42:44+08:00,酷狗音乐,热歌榜,酷狗TOP500,2026-07-06,19,恋人,李荣浩,,4:36,9DA7851E2BF83B18C74CBBAB461CEFDD,106374641,https://www.kugou.com/yy/rank/home/1-8888.html?from=rank
2026-07-06,2026-07-06T22:42:44+08:00,酷狗音乐,热歌榜,酷狗TOP500,2026-07-06,20,Баллада,Xcho、Мот,,3:02,0B2EC37A6E065AD181378AAD27391F8F,91468549,https://www.kugou.com/yy/rank/home/1-8888.html?from=rank
2026-07-06,2026-07-06T22:42:44+08:00,酷狗音乐,热歌榜,酷狗TOP500,2026-07-06,21,有风的日落,万海东,,3:49,94774F06E73EF9ABD739423E1A414593,181906094,https://www.kugou.com/yy/rank/home/1-8888.html?from=rank
2026-07-06,2026-07-06T22:42:44+08:00,酷狗音乐,热歌榜,酷狗TOP500,2026-07-06,22,小半,陈粒,,4:57,AFEA9FFE5D7F0EF0874119A363820D33,1749208,https://www.kugou.com/yy/rank/home/1-8888.html?from=rank
2026-07-06,2026-07-06T22:42:44+08:00,酷狗音乐,热歌榜,酷狗TOP500,2026-07-06,23,我不该动情,老板,,3:57,DFA780605FE78F1572761712931024A7,197593768,https://www.kugou.com/yy/rank/home/2-8888.html?from=rank
2026-07-06,2026-07-06T22:42:44+08:00,酷狗音乐,热歌榜,酷狗TOP500,2026-07-06,24,离开我的依赖,王艳薇,,3:54,A9C377CC1B9931F0CE81907E23E4D588,36181053,https://www.kugou.com/yy/rank/home/2-8888.html?from=rank
2026-07-06,2026-07-06T22:42:44+08:00,酷狗音乐,热歌榜,酷狗TOP500,2026-07-06,25,梦哑,任然,,3:54,3194D1AA995469BEF8620E96989D6BA8,193630889,https://www.kugou.com/yy/rank/home/2-8888.html?from=rank
2026-07-06,2026-07-06T22:42:44+08:00,酷狗音乐,热歌榜,酷狗TOP500,2026-07-06,26,Fever Pitch,Richz,,2:15,594B915AEEDA7DA8F5BD70B63EA76EAD,180499937,https://www.kugou.com/yy/rank/home/2-8888.html?from=rank
2026-07-06,2026-07-06T22:42:44+08:00,酷狗音乐,热歌榜,酷狗TOP500,2026-07-06,27,雨爱,杨丞琳,,4:21,2592FFA57A2D8B1A16F18D991B7098CD,2694607,https://www.kugou.com/yy/rank/home/2-8888.html?from=rank
2026-07-06,2026-07-06T22:42:44+08:00,酷狗音乐,热歌榜,酷狗TOP500,2026-07-06,28,街角的晚风,陈小春,,4:00,18B89D66950B7856EABB131BB6273F6E,169830039,https://www.kugou.com/yy/rank/home/2-8888.html?from=rank
2026-07-06,2026-07-06T22:42:44+08:00,酷狗音乐,热歌榜,酷狗TOP500,2026-07-06,29,讨厌,芮恩,,4:18,C88A8D3EF16E2C4E944B947E0F56A7AD,2996887,https://www.kugou.com/yy/rank/home/2-8888.html?from=rank
2026-07-06,2026-07-06T22:42:44+08:00,酷狗音乐,热歌榜,酷狗TOP500,2026-07-06,30,无人之岛,任然,,4:45,8E568D8806F771607104D8BF9695ACE0,2916172,https://www.kugou.com/yy/rank/home/2-8888.html?from=rank
2026-07-06,2026-07-06T22:42:44+08:00,酷狗音乐,热歌榜,酷狗TOP500,2026-07-06,31,我借,z阿康,,4:07,637177625AA52BEA38AA11E0F82151B5,197497307,https://www.kugou.com/yy/rank/home/2-8888.html?from=rank
2026-07-06,2026-07-06T22:42:44+08:00,酷狗音乐,热歌榜,酷狗TOP500,2026-07-06,32,偏爱,张芸京,,3:33,4A544525C1F78DBDF25361DB0E255495,968788,https://www.kugou.com/yy/rank/home/2-8888.html?from=rank
2026-07-06,2026-07-06T22:42:44+08:00,酷狗音乐,热歌榜,酷狗TOP500,2026-07-06,33,西厢寻他,伯爵Johnny、唐伯虎Annie,,3:44,2B657B5B5D781C1A61D7E0D1F5E2DE22,53205523,https://www.kugou.com/yy/rank/home/2-8888.html?from=rank
2026-07-06,2026-07-06T22:42:44+08:00,酷狗音乐,热歌榜,酷狗TOP500,2026-07-06,34,北方的后海没有海 (r&b微醺版),落日微醺,,3:26,DB3D10DE8DF3C5188EC036A9724F9418,196519034,https://www.kugou.com/yy/rank/home/2-8888.html?from=rank
2026-07-06,2026-07-06T22:42:44+08:00,酷狗音乐,热歌榜,酷狗TOP500,2026-07-06,35,晴天,周杰伦,,4:29,B3A52A7A958BF0AED0EBFBA2E9A818B7,966846,https://www.kugou.com/yy/rank/home/2-8888.html?from=rank
2026-07-06,2026-07-06T22:42:44+08:00,酷狗音乐,热歌榜,酷狗TOP500,2026-07-06,36,也许在下雨天 (眼泪才不被看见),KAI,,3:53,A2AE52172146065FE62ECF7B4D86DB0F,195577954,https://www.kugou.com/yy/rank/home/2-8888.html?from=rank
2026-07-06,2026-07-06T22:42:44+08:00,酷狗音乐,热歌榜,酷狗TOP500,2026-07-06,37,半壶纱,刘珂矣,,3:41,951AB088C5A08F491471A1296DF93707,948327,https://www.kugou.com/yy/rank/home/2-8888.html?from=rank
2026-07-06,2026-07-06T22:42:44+08:00,酷狗音乐,热歌榜,酷狗TOP500,2026-07-06,38,情歌,梁静茹,,4:20,72DB6DA75FFE23A3A6361BDB8F44D5F4,2997268,https://www.kugou.com/yy/rank/home/2-8888.html?from=rank
2026-07-06,2026-07-06T22:42:44+08:00,酷狗音乐,热歌榜,酷狗TOP500,2026-07-06,39,时差 (On call),鹿晗,,3:20,36AA9D4AB12C3037C589E1073D35F1C6,1993188,https://www.kugou.com/yy/rank/home/2-8888.html?from=rank
2026-07-06,2026-07-06T22:42:44+08:00,酷狗音乐,热歌榜,酷狗TOP500,2026-07-06,40,玻璃,Gareth.T,,3:05,ED0ED6B17B6C29695E97F5CC945C7901,191663409,https://www.kugou.com/yy/rank/home/2-8888.html?from=rank
2026-07-06,2026-07-06T22:42:44+08:00,酷狗音乐,热歌榜,酷狗TOP500,2026-07-06,41,人间的剧本,老韩很哇塞,,3:18,F80698DAC679080F9E38F3DBB07BD17A,195240853,https://www.kugou.com/yy/rank/home/2-8888.html?from=rank
2026-07-06,2026-07-06T22:42:44+08:00,酷狗音乐,热歌榜,酷狗TOP500,2026-07-06,42,顺其自然 (让花是花 让树是树),国产阿发,,2:00,54D8581160D1CCB7D3D3307F7F0196A1,196400635,https://www.kugou.com/yy/rank/home/2-8888.html?from=rank
2026-07-06,2026-07-06T22:42:44+08:00,酷狗音乐,热歌榜,酷狗TOP500,2026-07-06,43,街道,林俊杰,,4:02,D9DF39A88E29EADDB272A4B04393D357,963179,https://www.kugou.com/yy/rank/home/2-8888.html?from=rank
2026-07-06,2026-07-06T22:42:44+08:00,酷狗音乐,热歌榜,酷狗TOP500,2026-07-06,44,听说当初你找过我,贺一航,,4:06,8853D5BDDDE97FEACFAF65371B68AD57,1969900,https://www.kugou.com/yy/rank/home/2-8888.html?from=rank
2026-07-06,2026-07-06T22:42:44+08:00,酷狗音乐,热歌榜,酷狗TOP500,2026-07-06,45,后来的我们,五月天,,5:46,09120C11A5C376EC7D1640098FA70CDC,1748942,https://www.kugou.com/yy/rank/home/3-8888.html?from=rank
2026-07-06,2026-07-06T22:42:44+08:00,酷狗音乐,热歌榜,酷狗TOP500,2026-07-06,46,最佳损友,陈奕迅,,3:54,CBFA7DDE592B23322E21E4BDAA9BE9F9,964332,https://www.kugou.com/yy/rank/home/3-8888.html?from=rank
2026-07-06,2026-07-06T22:42:44+08:00,酷狗音乐,热歌榜,酷狗TOP500,2026-07-06,47,若今生无缘 (若今生已无缘),万海东,,3:40,E74F4CC22263126EDD4A721AD0D0D0A8,195038536,https://www.kugou.com/yy/rank/home/3-8888.html?from=rank
2026-07-06,2026-07-06T22:42:44+08:00,酷狗音乐,热歌榜,酷狗TOP500,2026-07-06,48,也许在下雨天 (辣条版),汲麟,,3:53,9187BCC5D5603C613B769A9ED7143A8F,196766502,https://www.kugou.com/yy/rank/home/3-8888.html?from=rank
2026-07-06,2026-07-06T22:42:44+08:00,酷狗音乐,热歌榜,酷狗TOP500,2026-07-06,49,坏女孩,徐良、小凌,,4:07,813447A7B1220E4AB95CADE34BF7B7B8,511536,https://www.kugou.com/yy/rank/home/3-8888.html?from=rank
2026-07-06,2026-07-06T22:42:44+08:00,酷狗音乐,热歌榜,酷狗TOP500,2026-07-06,50,山歌追上云朵,央金拉姆,,3:35,B81F368C6B44B98B0E2B4E9F417F1002,193932928,https://www.kugou.com/yy/rank/home/3-8888.html?from=rank
2026-07-06,2026-07-06T22:42:44+08:00,酷狗音乐,热歌榜,酷狗TOP500,2026-07-06,51,茶花开了，该回家了,王睿卓、加木,,3:10,99F0F17B7C6F110346411E7AD552156D,133732298,https://www.kugou.com/yy/rank/home/3-8888.html?from=rank
2026-07-06,2026-07-06T22:42:44+08:00,酷狗音乐,热歌榜,酷狗TOP500,2026-07-06,52,好想再爱你,潘广益,,4:31,B78BA4062528E712B68C42DC6A4D9AAE,957659,https://www.kugou.com/yy/rank/home/3-8888.html?from=rank
2026-07-06,2026-07-06T22:42:44+08:00,酷狗音乐,热歌榜,酷狗TOP500,2026-07-06,53,来不及爱你,h3R3,,3:25,E3ED52965CEE83A40D73C5FB1DA7FF62,76488384,https://www.kugou.com/yy/rank/home/3-8888.html?from=rank
2026-07-06,2026-07-06T22:42:44+08:00,酷狗音乐,热歌榜,酷狗TOP500,2026-07-06,54,Love Story,Taylor Swift,,3:56,193B72D4456A4CC02A3DE7C673FC4E23,13721135,https://www.kugou.com/yy/rank/home/3-8888.html?from=rank
2026-07-06,2026-07-06T22:42:44+08:00,酷狗音乐,热歌榜,酷狗TOP500,2026-07-06,55,爱，请问怎么走,A-Lin,,4:28,D67CB2EA6082D5AB871509EC06B48370,964045,https://www.kugou.com/yy/rank/home/3-8888.html?from=rank
2026-07-06,2026-07-06T22:42:44+08:00,酷狗音乐,热歌榜,酷狗TOP500,2026-07-06,56,为爱痴狂 (想要问问你敢不敢),金志文,,2:21,8CA8C420761A7C36FF16DD42FE5D331D,9052054,https://www.kugou.com/yy/rank/home/3-8888.html?from=rank
2026-07-06,2026-07-06T22:42:44+08:00,酷狗音乐,热歌榜,酷狗TOP500,2026-07-06,57,NIGHT DANCER,imase,,3:31,572C3807BF90891332ED77A72DB74272,59918395,https://www.kugou.com/yy/rank/home/3-8888.html?from=rank
2026-07-06,2026-07-06T22:42:44+08:00,酷狗音乐,热歌榜,酷狗TOP500,2026-07-06,58,光辉岁月,BEYOND,,5:04,42577AE022051D2E3C76890E40EE1AAD,960181,https://www.kugou.com/yy/rank/home/3-8888.html?from=rank
2026-07-06,2026-07-06T22:42:44+08:00,酷狗音乐,热歌榜,酷狗TOP500,2026-07-06,59,爱错,王力宏,,3:59,EC25602B56D5DAE36B27E82780FC6A22,2996462,https://www.kugou.com/yy/rank/home/3-8888.html?from=rank
2026-07-06,2026-07-06T22:42:44+08:00,酷狗音乐,热歌榜,酷狗TOP500,2026-07-06,60,演员,薛之谦,,4:21,097E777171F692855EAE98B6965F9477,14456909,https://www.kugou.com/yy/rank/home/3-8888.html?from=rank
2026-07-06,2026-07-06T22:42:44+08:00,酷狗音乐,热歌榜,酷狗TOP500,2026-07-06,61,黄昏,周传雄,,5:44,7DE9A9CD041157F6BF3FE9FFBCF120E3,964612,https://www.kugou.com/yy/rank/home/3-8888.html?from=rank
2026-07-06,2026-07-06T22:42:44+08:00,酷狗音乐,热歌榜,酷狗TOP500,2026-07-06,62,唯一,G.E.M. 邓紫棋,,4:14,AB05B8F658851282DCB2CBAD548AEB9B,82564821,https://www.kugou.com/yy/rank/home/3-8888.html?from=rank
2026-07-06,2026-07-06T22:42:44+08:00,酷狗音乐,热歌榜,酷狗TOP500,2026-07-06,63,认真的雪,薛之谦,,4:19,D2E00CC158DB4DA18927AC3B01CC371B,2689239,https://www.kugou.com/yy/rank/home/3-8888.html?from=rank
2026-07-06,2026-07-06T22:42:44+08:00,酷狗音乐,热歌榜,酷狗TOP500,2026-07-06,64,青花瓷,周杰伦,,3:59,37A8F50A9EC3B267C3CC6BEC633D9C4A,979856,https://www.kugou.com/yy/rank/home/3-8888.html?from=rank
2026-07-06,2026-07-06T22:42:44+08:00,酷狗音乐,热歌榜,酷狗TOP500,2026-07-06,65,其实,薛之谦,,4:02,2A8911EAD4838BF967CF5A300D787E53,960327,https://www.kugou.com/yy/rank/home/3-8888.html?from=rank
2026-07-06,2026-07-06T22:42:44+08:00,酷狗音乐,热歌榜,酷狗TOP500,2026-07-06,66,我怀念的,孙燕姿,,4:49,1A3CAACB1E361DAF217A2383E9C8E292,984086,https://www.kugou.com/yy/rank/home/3-8888.html?from=rank
2026-07-06,2026-07-06T22:42:44+08:00,酷狗音乐,热歌榜,酷狗TOP500,2026-07-06,67,等一分钟,徐誉滕,,3:56,52ED380B09C692BDF4CE65FD56D918F3,2530746,https://www.kugou.com/yy/rank/home/4-8888.html?from=rank
2026-07-06,2026-07-06T22:42:44+08:00,酷狗音乐,热歌榜,酷狗TOP500,2026-07-06,68,再爱你也没用,范贵宾,,3:29,BDBD97AB8C5069D49A5159EB7EC60A72,197763885,https://www.kugou.com/yy/rank/home/4-8888.html?from=rank
2026-07-06,2026-07-06T22:42:44+08:00,酷狗音乐,热歌榜,酷狗TOP500,2026-07-06,69,胡广生,任素汐,,3:34,8C655F575EBB2414B53EFF0D2C13188D,12506106,https://www.kugou.com/yy/rank/home/4-8888.html?from=rank
2026-07-06,2026-07-06T22:42:44+08:00,酷狗音乐,热歌榜,酷狗TOP500,2026-07-06,70,稻香,周杰伦,,3:44,8909E1809908CD8E3BF6CF85D98B93F0,960399,https://www.kugou.com/yy/rank/home/4-8888.html?from=rank
2026-07-06,2026-07-06T22:42:44+08:00,酷狗音乐,热歌榜,酷狗TOP500,2026-07-06,71,阳光下的星星,金海心,,4:44,8B60D8B58137C2D256DAA71B9D84C046,1738155,https://www.kugou.com/yy/rank/home/4-8888.html?from=rank
2026-07-06,2026-07-06T22:42:44+08:00,酷狗音乐,热歌榜,酷狗TOP500,2026-07-06,72,后来,刘若英,,5:38,C4904D4E3BBA872D41D3BDBF597E2B18,16562,https://www.kugou.com/yy/rank/home/4-8888.html?from=rank
2026-07-06,2026-07-06T22:42:44+08:00,酷狗音乐,热歌榜,酷狗TOP500,2026-07-06,73,一千零一夜 (R&B版),落日微醺,,4:04,3788E51B85C92FA2B8D69C889270011E,191525119,https://www.kugou.com/yy/rank/home/4-8888.html?from=rank
2026-07-06,2026-07-06T22:42:44+08:00,酷狗音乐,热歌榜,酷狗TOP500,2026-07-06,74,野心家,张靓颖,,4:43,1789AD88CFDD254910125F22494C0E8B,161637189,https://www.kugou.com/yy/rank/home/4-8888.html?from=rank
2026-07-06,2026-07-06T22:42:44+08:00,酷狗音乐,热歌榜,酷狗TOP500,2026-07-06,75,我羡慕天边的风,弦外之音,,3:20,F9A6EBD3CCC4A13BCE352066931134F8,195206254,https://www.kugou.com/yy/rank/home/4-8888.html?from=rank
2026-07-06,2026-07-06T22:42:44+08:00,酷狗音乐,热歌榜,酷狗TOP500,2026-07-06,76,Beauty And A Beat,Justin Bieber、Nicki Minaj,,3:47,FF5719341A9B004AA3E7312D617AE305,16996733,https://www.kugou.com/yy/rank/home/4-8888.html?from=rank
2026-07-06,2026-07-06T22:42:44+08:00,酷狗音乐,热歌榜,酷狗TOP500,2026-07-06,77,相遇的意义 (烟嗓R&B版),落日微醺,,3:09,1DB50CE5AFC2AE239D1E0E68C8A21B1A,196504361,https://www.kugou.com/yy/rank/home/4-8888.html?from=rank
2026-07-06,2026-07-06T22:42:44+08:00,酷狗音乐,热歌榜,酷狗TOP500,2026-07-06,78,表白,萧亚轩,,3:29,0521A7354DF37C1C9705A3E3FD204B95,18052287,https://www.kugou.com/yy/rank/home/4-8888.html?from=rank
2026-07-06,2026-07-06T22:42:44+08:00,酷狗音乐,热歌榜,酷狗TOP500,2026-07-06,79,红尘客栈,周杰伦,,4:34,48729371F20FB048EF4E51D4CD41DBF5,982051,https://www.kugou.com/yy/rank/home/4-8888.html?from=rank
2026-07-06,2026-07-06T22:42:44+08:00,酷狗音乐,热歌榜,酷狗TOP500,2026-07-06,80,心墙,郭静,,3:47,97870F3D4B01A7822DC497C6127EA66D,968033,https://www.kugou.com/yy/rank/home/4-8888.html?from=rank
2026-07-06,2026-07-06T22:42:44+08:00,酷狗音乐,热歌榜,酷狗TOP500,2026-07-06,81,阿衣莫,阿吉太组合,,5:14,6994BA45B41271F48D78881D674EDCF7,4138802,https://www.kugou.com/yy/rank/home/4-8888.html?from=rank
2026-07-06,2026-07-06T22:42:44+08:00,酷狗音乐,热歌榜,酷狗TOP500,2026-07-06,82,海阔天空,BEYOND,,5:25,C41E80A18D1448FA47086372999C7F43,973001,https://www.kugou.com/yy/rank/home/4-8888.html?from=rank
2026-07-06,2026-07-06T22:42:44+08:00,酷狗音乐,热歌榜,酷狗TOP500,2026-07-06,83,爱情讯息,郭静,,4:41,D8E857250D8EEA9C5FAFDAF7857640A5,971139,https://www.kugou.com/yy/rank/home/4-8888.html?from=rank
2026-07-06,2026-07-06T22:42:44+08:00,酷狗音乐,热歌榜,酷狗TOP500,2026-07-06,84,喜欢,阿肆,,4:10,F4233033E11BEF5AECD3BD64528A8236,14167090,https://www.kugou.com/yy/rank/home/4-8888.html?from=rank
2026-07-06,2026-07-06T22:42:44+08:00,酷狗音乐,热歌榜,酷狗TOP500,2026-07-06,85,告白气球,周杰伦,,3:36,688857974673645CE89EDA26A36DB19D,1645030,https://www.kugou.com/yy/rank/home/4-8888.html?from=rank
2026-07-06,2026-07-06T22:42:44+08:00,酷狗音乐,热歌榜,酷狗TOP500,2026-07-06,86,背对背拥抱,林俊杰,,3:55,C6B5A741051FCBC1AF7531CA2CEECC15,975828,https://www.kugou.com/yy/rank/home/4-8888.html?from=rank
2026-07-06,2026-07-06T22:42:44+08:00,酷狗音乐,热歌榜,酷狗TOP500,2026-07-06,87,Baby,Justin Bieber、Ludacris,,3:37,493CD2904FAFDAEB8785CC83B8056F5A,508825,https://www.kugou.com/yy/rank/home/4-8888.html?from=rank
2026-07-06,2026-07-06T22:42:44+08:00,酷狗音乐,热歌榜,酷狗TOP500,2026-07-06,88,We Don't Talk Anymore (Mr. Collipark Remix),Charlie Puth、Selena Gomez,,4:14,8F323B0610BE8D862B7CBB41C3398766,1746993,https://www.kugou.com/yy/rank/home/4-8888.html?from=rank
2026-07-06,2026-07-06T22:42:44+08:00,酷狗音乐,热歌榜,酷狗TOP500,2026-07-06,89,The Other Side Of Paradise (Explicit),Glass Animals,,5:21,222314858D998CCDDD4BF0B7BAF2F5A2,47764102,https://www.kugou.com/yy/rank/home/5-8888.html?from=rank
2026-07-06,2026-07-06T22:42:44+08:00,酷狗音乐,热歌榜,酷狗TOP500,2026-07-06,90,答案,杨坤、郭采洁,,3:52,CBF05F9D1C71FFBF59241B38FB4ABED7,972892,https://www.kugou.com/yy/rank/home/5-8888.html?from=rank
2026-07-06,2026-07-06T22:42:44+08:00,酷狗音乐,热歌榜,酷狗TOP500,2026-07-06,91,搁浅,周杰伦,,4:00,FBC234520FED713C30C1C026E7352770,971783,https://www.kugou.com/yy/rank/home/5-8888.html?from=rank
2026-07-06,2026-07-06T22:42:44+08:00,酷狗音乐,热歌榜,酷狗TOP500,2026-07-06,92,我们俩,郭顶,,3:14,DD4D224BC3DBFD1A0F6E338928620E69,979601,https://www.kugou.com/yy/rank/home/5-8888.html?from=rank
2026-07-06,2026-07-06T22:42:44+08:00,酷狗音乐,热歌榜,酷狗TOP500,2026-07-06,93,江南,林俊杰,,4:28,819B74BD09009E0422B8F563E12BA96E,969588,https://www.kugou.com/yy/rank/home/5-8888.html?from=rank
2026-07-06,2026-07-06T22:42:44+08:00,酷狗音乐,热歌榜,酷狗TOP500,2026-07-06,94,如愿,王菲,,4:25,EC1A18BBD6B61CB203E656B91F5CF2D1,49057589,https://www.kugou.com/yy/rank/home/5-8888.html?from=rank
2026-07-06,2026-07-06T22:42:44+08:00,酷狗音乐,热歌榜,酷狗TOP500,2026-07-06,95,你的眼神 (女声版),超级大瓜,,3:28,B1270F725880F3E3D700498387A25FA8,195667488,https://www.kugou.com/yy/rank/home/5-8888.html?from=rank
2026-07-06,2026-07-06T22:42:44+08:00,酷狗音乐,热歌榜,酷狗TOP500,2026-07-06,96,红色高跟鞋,蔡健雅,,3:27,055A804B8A3CCC05240D08F8FF1F7DE8,978459,https://www.kugou.com/yy/rank/home/5-8888.html?from=rank
2026-07-06,2026-07-06T22:42:44+08:00,酷狗音乐,热歌榜,酷狗TOP500,2026-07-06,97,带我走,杨丞琳,,4:50,0C57DE35C3CB2A32A8CF634E4F8309C4,975441,https://www.kugou.com/yy/rank/home/5-8888.html?from=rank
2026-07-06,2026-07-06T22:42:44+08:00,酷狗音乐,热歌榜,酷狗TOP500,2026-07-06,98,下完这场雨,后弦,,4:31,2EEFFF98A4F19D945BBA7C78FB2079C0,1964990,https://www.kugou.com/yy/rank/home/5-8888.html?from=rank
2026-07-06,2026-07-06T22:42:44+08:00,酷狗音乐,热歌榜,酷狗TOP500,2026-07-06,99,有些,颜人中,,3:49,D79E556C176AE1A3ADE8B532810C4CE8,34604592,https://www.kugou.com/yy/rank/home/5-8888.html?from=rank
2026-07-06,2026-07-06T22:42:44+08:00,酷狗音乐,热歌榜,酷狗TOP500,2026-07-06,100,勇气,梁静茹,,3:59,A4D0C350CF4475BFBB0AB28DC6E25A8D,973299,https://www.kugou.com/yy/rank/home/5-8888.html?from=rank
2026-07-06,2026-07-06T22:42:44+08:00,酷狗音乐,热歌榜,酷狗TOP500,2026-07-06,101,后会无期,汪苏泷、徐良,,3:32,5F86140467A73FBF9C4F339F7B9AFC2C,511536,https://www.kugou.com/yy/rank/home/5-8888.html?from=rank
2026-07-06,2026-07-06T22:42:44+08:00,酷狗音乐,热歌榜,酷狗TOP500,2026-07-06,102,富士山下,陈奕迅,,4:19,0433F1A94FA162B20FB8AE576A951D6B,976404,https://www.kugou.com/yy/rank/home/5-8888.html?from=rank
2026-07-06,2026-07-06T22:42:44+08:00,酷狗音乐,热歌榜,酷狗TOP500,2026-07-06,103,一直很安静,阿桑,,4:10,44816EF0288A3B1ED2C4A5C5FE6B93B3,972917,https://www.kugou.com/yy/rank/home/5-8888.html?from=rank
2026-07-06,2026-07-06T22:42:44+08:00,酷狗音乐,热歌榜,酷狗TOP500,2026-07-06,104,猜不透,丁当,,3:53,B1B4CC4F4E90134603CE66CBCF8FA73B,973244,https://www.kugou.com/yy/rank/home/5-8888.html?from=rank
2026-07-06,2026-07-06T22:42:44+08:00,酷狗音乐,热歌榜,酷狗TOP500,2026-07-06,105,开始懂了,孙燕姿,,4:32,93F260998A10F4AD6B46606AF5C8EC72,972102,https://www.kugou.com/yy/rank/home/5-8888.html?from=rank
2026-07-06,2026-07-06T22:42:44+08:00,酷狗音乐,热歌榜,酷狗TOP500,2026-07-06,106,是你没选我啊,音乐科代表洪嘉源,,3:07,65D611715B7CC7131E6629F5E1745544,172307133,https://www.kugou.com/yy/rank/home/5-8888.html?from=rank
2026-07-06,2026-07-06T22:42:44+08:00,酷狗音乐,热歌榜,酷狗TOP500,2026-07-06,107,退后,周杰伦,,4:22,5971DE0B235D5B2708D6A6FEB3D31B6F,965291,https://www.kugou.com/yy/rank/home/5-8888.html?from=rank
2026-07-06,2026-07-06T22:42:44+08:00,酷狗音乐,热歌榜,酷狗TOP500,2026-07-06,108,七里香,周杰伦,,4:59,2C7CEB6CC2340ECC8948E0ACE62F0CF8,971783,https://www.kugou.com/yy/rank/home/5-8888.html?from=rank
2026-07-06,2026-07-06T22:42:44+08:00,酷狗音乐,热歌榜,酷狗TOP500,2026-07-06,109,十年,陈奕迅,,3:25,5146461A5717B942F4B13125978618E3,504194,https://www.kugou.com/yy/rank/home/5-8888.html?from=rank
2026-07-06,2026-07-06T22:42:44+08:00,酷狗音乐,热歌榜,酷狗TOP500,2026-07-06,110,第57次取消发送,菲菲公主（陆绮菲）,,3:01,F17C489C53382E608F9CBB3ED9F6D2AA,137397074,https://www.kugou.com/yy/rank/home/5-8888.html?from=rank
2026-07-06,2026-07-06T22:42:44+08:00,酷狗音乐,热歌榜,酷狗TOP500,2026-07-06,111,可不可以,张紫豪,,4:01,6079A2ACBA5E782FE24695FDFCDB1887,9618875,https://www.kugou.com/yy/rank/home/6-8888.html?from=rank
2026-07-06,2026-07-06T22:42:44+08:00,酷狗音乐,热歌榜,酷狗TOP500,2026-07-06,112,IF YOU,BIGBANG,,4:24,33C5FC6AB3AF0B5B142F12C9556CB178,549436,https://www.kugou.com/yy/rank/home/6-8888.html?from=rank
2026-07-06,2026-07-06T22:42:44+08:00,酷狗音乐,热歌榜,酷狗TOP500,2026-07-06,113,Always Online,林俊杰,,3:45,16A4E4895905B703AC0F31007A495D4C,963179,https://www.kugou.com/yy/rank/home/6-8888.html?from=rank
2026-07-06,2026-07-06T22:42:44+08:00,酷狗音乐,热歌榜,酷狗TOP500,2026-07-06,114,特别的人,方大同,,4:19,0F7A79ADAAEEB6EA1DA3E19DD637FD73,965097,https://www.kugou.com/yy/rank/home/6-8888.html?from=rank
2026-07-06,2026-07-06T22:42:44+08:00,酷狗音乐,热歌榜,酷狗TOP500,2026-07-06,115,泡沫 (G.E.M.重生版),G.E.M. 邓紫棋,,4:18,53F2510610AC38F0C15F73B2605E5CEE,150256944,https://www.kugou.com/yy/rank/home/6-8888.html?from=rank
2026-07-06,2026-07-06T22:42:44+08:00,酷狗音乐,热歌榜,酷狗TOP500,2026-07-06,116,九百九十九朵玫瑰 (r&b),落日微醺,,4:07,0969B2B26405C8DDEC7C72292F794D48,184352572,https://www.kugou.com/yy/rank/home/6-8888.html?from=rank
2026-07-06,2026-07-06T22:42:44+08:00,酷狗音乐,热歌榜,酷狗TOP500,2026-07-06,117,落日微醺 (晚风中一杯酒),落日微醺,,4:14,CB22754AB8A0F20FCC015D0A800758CE,196517740,https://www.kugou.com/yy/rank/home/6-8888.html?from=rank
2026-07-06,2026-07-06T22:42:44+08:00,酷狗音乐,热歌榜,酷狗TOP500,2026-07-06,118,大概,王俊凯,,4:40,E4BEA7727055D82AF9EE1022385FD483,180811789,https://www.kugou.com/yy/rank/home/6-8888.html?from=rank
2026-07-06,2026-07-06T22:42:44+08:00,酷狗音乐,热歌榜,酷狗TOP500,2026-07-06,119,江声入旧年 (R&B版),蓝安Lane,,3:25,031EB24A8CBB30DE1335735026983EA0,196962137,https://www.kugou.com/yy/rank/home/6-8888.html?from=rank
2026-07-06,2026-07-06T22:42:44+08:00,酷狗音乐,热歌榜,酷狗TOP500,2026-07-06,120,青花,周传雄,,4:58,09B46455BAE7C613ABD0DB362A5DDBDE,960448,https://www.kugou.com/yy/rank/home/6-8888.html?from=rank
2026-07-06,2026-07-06T22:42:44+08:00,酷狗音乐,热歌榜,酷狗TOP500,2026-07-06,121,静音恋人 (两颗缠绕的心),礼越,,3:26,61F7ABEFA41C847C8F237C68883027CA,183361126,https://www.kugou.com/yy/rank/home/6-8888.html?from=rank
2026-07-06,2026-07-06T22:42:44+08:00,酷狗音乐,热歌榜,酷狗TOP500,2026-07-06,122,多远都要在一起,G.E.M. 邓紫棋,,3:38,A0AE93E5D475CBC7B52C6F45A7403F98,555825,https://www.kugou.com/yy/rank/home/6-8888.html?from=rank
2026-07-06,2026-07-06T22:42:44+08:00,酷狗音乐,热歌榜,酷狗TOP500,2026-07-06,123,风说,陈默默,,3:16,0B5170DE93324721489451BA976EA11F,184291436,https://www.kugou.com/yy/rank/home/6-8888.html?from=rank
2026-07-06,2026-07-06T22:42:44+08:00,酷狗音乐,热歌榜,酷狗TOP500,2026-07-06,124,过火,张信哲,,5:02,E6E8CBE6962BDD0F02D6C2A7FD03F716,982639,https://www.kugou.com/yy/rank/home/6-8888.html?from=rank
2026-07-06,2026-07-06T22:42:44+08:00,酷狗音乐,热歌榜,酷狗TOP500,2026-07-06,125,小半 (Live),王铮亮、谭松韵,,5:14,D0CF7A8F58E9AB02D7B3305E425AE73C,196185049,https://www.kugou.com/yy/rank/home/6-8888.html?from=rank
2026-07-06,2026-07-06T22:42:44+08:00,酷狗音乐,热歌榜,酷狗TOP500,2026-07-06,126,此生不换,青鸟飞鱼,,4:26,F73630B79647324AB3415C21BFA5BD3D,553897,https://www.kugou.com/yy/rank/home/6-8888.html?from=rank
2026-07-06,2026-07-06T22:42:44+08:00,酷狗音乐,热歌榜,酷狗TOP500,2026-07-06,127,不将就,李荣浩,,5:12,E5F0905C662872A9B05A423FD1ED48B5,1004040,https://www.kugou.com/yy/rank/home/6-8888.html?from=rank
2026-07-06,2026-07-06T22:42:44+08:00,酷狗音乐,热歌榜,酷狗TOP500,2026-07-06,128,也许在下雨天 (男女对唱版),汲麟、予晴,,3:48,32D6296B024170B86C49255A11CB9054,197454433,https://www.kugou.com/yy/rank/home/6-8888.html?from=rank
2026-07-06,2026-07-06T22:42:44+08:00,酷狗音乐,热歌榜,酷狗TOP500,2026-07-06,129,夜曲,周杰伦,,3:47,16C8AB298231370293D16BCF9E5FF9B6,958909,https://www.kugou.com/yy/rank/home/6-8888.html?from=rank
2026-07-06,2026-07-06T22:42:44+08:00,酷狗音乐,热歌榜,酷狗TOP500,2026-07-06,130,摇太阳 (雷鬼版),白兰的,,4:32,97915750F2E7DEBEB4E2C7AF4AA7F5A1,183678520,https://www.kugou.com/yy/rank/home/6-8888.html?from=rank
2026-07-06,2026-07-06T22:42:44+08:00,酷狗音乐,热歌榜,酷狗TOP500,2026-07-06,131,灰色轨迹,BEYOND,,5:28,4476FAA4B6567CCC2292BFBBCA93CB9C,39629213,https://www.kugou.com/yy/rank/home/6-8888.html?from=rank
2026-07-06,2026-07-06T22:42:44+08:00,酷狗音乐,热歌榜,酷狗TOP500,2026-07-06,132,勋章,鹿晗,,3:34,6FB3EB3F13CD64DF6E9784F6E487BAB1,2059004,https://www.kugou.com/yy/rank/home/6-8888.html?from=rank
2026-07-06,2026-07-06T22:42:44+08:00,酷狗音乐,热歌榜,酷狗TOP500,2026-07-06,133,疑心病,任然,,4:43,9D8C7468BE4391B85794617090585646,1818864,https://www.kugou.com/yy/rank/home/7-8888.html?from=rank
2026-07-06,2026-07-06T22:42:44+08:00,酷狗音乐,热歌榜,酷狗TOP500,2026-07-06,134,会呼吸的痛,梁静茹,,4:32,1EB00DC46AE8E1446B6A9860A56487AC,500574,https://www.kugou.com/yy/rank/home/7-8888.html?from=rank
2026-07-06,2026-07-06T22:42:44+08:00,酷狗音乐,热歌榜,酷狗TOP500,2026-07-06,135,出现又离开 (Live),梁博,,6:43,DEAB3B0160E9A410CE0AAA9ED8AC602E,19284949,https://www.kugou.com/yy/rank/home/7-8888.html?from=rank
2026-07-06,2026-07-06T22:42:44+08:00,酷狗音乐,热歌榜,酷狗TOP500,2026-07-06,136,世界上的另一个我,阿肆、郭采洁,,3:58,73C0E5566146583A631C9A94203405D6,4255765,https://www.kugou.com/yy/rank/home/7-8888.html?from=rank
2026-07-06,2026-07-06T22:42:44+08:00,酷狗音乐,热歌榜,酷狗TOP500,2026-07-06,137,一路向北,周杰伦,,4:54,F73F22FB046CA1A135C70417163AF82E,1739223,https://www.kugou.com/yy/rank/home/7-8888.html?from=rank
2026-07-06,2026-07-06T22:42:44+08:00,酷狗音乐,热歌榜,酷狗TOP500,2026-07-06,138,甲乙丙丁 (你我怎么两清),李佳薇,,3:30,213D580CA0BDCC28A5FDBA995FFDA106,197648995,https://www.kugou.com/yy/rank/home/7-8888.html?from=rank
2026-07-06,2026-07-06T22:42:44+08:00,酷狗音乐,热歌榜,酷狗TOP500,2026-07-06,139,兰亭序,周杰伦,,4:14,4EC10B1B7B9BEB2F0ADB89BBEC5F664B,960399,https://www.kugou.com/yy/rank/home/7-8888.html?from=rank
2026-07-06,2026-07-06T22:42:44+08:00,酷狗音乐,热歌榜,酷狗TOP500,2026-07-06,140,借过一下 (Live),陈小春,,4:24,A60B8E5852E414B356C9F71BD7F16BC6,194300314,https://www.kugou.com/yy/rank/home/7-8888.html?from=rank
2026-07-06,2026-07-06T22:42:44+08:00,酷狗音乐,热歌榜,酷狗TOP500,2026-07-06,141,蒲公英的约定,周杰伦,,4:07,6996B4D89596673746AEE3D54F7E5367,979856,https://www.kugou.com/yy/rank/home/7-8888.html?from=rank
2026-07-06,2026-07-06T22:42:44+08:00,酷狗音乐,热歌榜,酷狗TOP500,2026-07-06,142,失控,井迪,,4:15,44FE8C442EB1F254D15717F1DC03C9BF,40221609,https://www.kugou.com/yy/rank/home/7-8888.html?from=rank
2026-07-06,2026-07-06T22:42:44+08:00,酷狗音乐,热歌榜,酷狗TOP500,2026-07-06,143,主角,王菲,,5:00,5AC9B20840021F9BE51D76C3067BCC26,189702143,https://www.kugou.com/yy/rank/home/7-8888.html?from=rank
2026-07-06,2026-07-06T22:42:44+08:00,酷狗音乐,热歌榜,酷狗TOP500,2026-07-06,144,落了白,蒋雪儿Snow.J,,3:01,74390D89B6BD2E18CFD7F25968EFD98A,40300587,https://www.kugou.com/yy/rank/home/7-8888.html?from=rank
2026-07-06,2026-07-06T22:42:44+08:00,酷狗音乐,热歌榜,酷狗TOP500,2026-07-06,145,讲不出再见,谭咏麟,,4:54,2E0BFDC7BA2F759B0208A58CB2C26523,2337635,https://www.kugou.com/yy/rank/home/7-8888.html?from=rank
2026-07-06,2026-07-06T22:42:44+08:00,酷狗音乐,热歌榜,酷狗TOP500,2026-07-06,146,素颜,许嵩、何曼婷,,3:59,30C94AE2868E63B1058DA7685E0CDF3B,13264539,https://www.kugou.com/yy/rank/home/7-8888.html?from=rank
2026-07-06,2026-07-06T22:42:44+08:00,酷狗音乐,热歌榜,酷狗TOP500,2026-07-06,147,情人,蔡徐坤,,3:15,120F234213ACB64E202B391612D5D9CA,37760326,https://www.kugou.com/yy/rank/home/7-8888.html?from=rank
2026-07-06,2026-07-06T22:42:44+08:00,酷狗音乐,热歌榜,酷狗TOP500,2026-07-06,148,烟花易冷,周杰伦,,4:23,B9FC03DF9015D6BFF0554A110BF2C84F,958812,https://www.kugou.com/yy/rank/home/7-8888.html?from=rank
2026-07-06,2026-07-06T22:42:44+08:00,酷狗音乐,热歌榜,酷狗TOP500,2026-07-06,149,如期,王俊凯,,4:48,8B3A0C1E1A30F9781AF59749B8380907,180811789,https://www.kugou.com/yy/rank/home/7-8888.html?from=rank
2026-07-06,2026-07-06T22:42:44+08:00,酷狗音乐,热歌榜,酷狗TOP500,2026-07-06,150,可惜没如果,林俊杰,,4:58,57D6EAF8F7E593A2C4B780D8045DE5C1,542795,https://www.kugou.com/yy/rank/home/7-8888.html?from=rank
2026-07-06,2026-07-06T22:42:44+08:00,酷狗音乐,热歌榜,酷狗TOP500,2026-07-06,151,那时雨,徐良,,3:34,CE76C60251F6193BC5BBA5B46B977747,16900987,https://www.kugou.com/yy/rank/home/7-8888.html?from=rank
2026-07-06,2026-07-06T22:42:44+08:00,酷狗音乐,热歌榜,酷狗TOP500,2026-07-06,152,说了再见,周杰伦,,4:43,966C718DA96EE29B3B466F773BFA9E2F,958812,https://www.kugou.com/yy/rank/home/7-8888.html?from=rank
2026-07-06,2026-07-06T22:42:44+08:00,酷狗音乐,热歌榜,酷狗TOP500,2026-07-06,153,花海,周杰伦,,4:25,3328808CECBD1A1038166003840FDDD7,960399,https://www.kugou.com/yy/rank/home/7-8888.html?from=rank
2026-07-06,2026-07-06T22:42:44+08:00,酷狗音乐,热歌榜,酷狗TOP500,2026-07-06,154,春娇与志明,街道办GDC、欧阳耀莹,,3:24,E84947402A5E0952FA067566C10264CB,8543461,https://www.kugou.com/yy/rank/home/7-8888.html?from=rank
2026-07-06,2026-07-06T22:42:44+08:00,酷狗音乐,热歌榜,酷狗TOP500,2026-07-06,155,戒烟,李荣浩,,4:54,AF36A623D725B98893DAEFDF8010F22E,49390931,https://www.kugou.com/yy/rank/home/8-8888.html?from=rank
2026-07-06,2026-07-06T22:42:44+08:00,酷狗音乐,热歌榜,酷狗TOP500,2026-07-06,156,Mt窒息,小奥奥、张智超,,3:50,C8D31785B407D9AE7A3593BC0F900461,197930768,https://www.kugou.com/yy/rank/home/8-8888.html?from=rank
2026-07-06,2026-07-06T22:42:44+08:00,酷狗音乐,热歌榜,酷狗TOP500,2026-07-06,157,千千阕歌,陈慧娴,,5:01,81E5A1C3B9E016D61FE91B809B4A7DC1,971621,https://www.kugou.com/yy/rank/home/8-8888.html?from=rank
2026-07-06,2026-07-06T22:42:44+08:00,酷狗音乐,热歌榜,酷狗TOP500,2026-07-06,158,说好的幸福呢,周杰伦,,4:17,892B7AD62499C97A1A994454423E30F6,960399,https://www.kugou.com/yy/rank/home/8-8888.html?from=rank
2026-07-06,2026-07-06T22:42:44+08:00,酷狗音乐,热歌榜,酷狗TOP500,2026-07-06,159,奢香夫人,凤凰传奇,,4:20,478C572FC9E2E15777A41260DEE293A0,984412,https://www.kugou.com/yy/rank/home/8-8888.html?from=rank
2026-07-06,2026-07-06T22:42:44+08:00,酷狗音乐,热歌榜,酷狗TOP500,2026-07-06,160,起风了,买辣椒也用券,,5:26,5C035CBF390FEF6B536020A57749EF70,53218722,https://www.kugou.com/yy/rank/home/8-8888.html?from=rank
2026-07-06,2026-07-06T22:42:44+08:00,酷狗音乐,热歌榜,酷狗TOP500,2026-07-06,161,秋天不回来,王强,,4:14,81056FF4FC4F2D0A0E9B38757A60D2F7,81746524,https://www.kugou.com/yy/rank/home/8-8888.html?from=rank
2026-07-06,2026-07-06T22:42:44+08:00,酷狗音乐,热歌榜,酷狗TOP500,2026-07-06,162,至少还有你,林忆莲,,4:35,BA9D67DAB59FA6DCE243F4B6B70ACA95,967340,https://www.kugou.com/yy/rank/home/8-8888.html?from=rank
2026-07-06,2026-07-06T22:42:44+08:00,酷狗音乐,热歌榜,酷狗TOP500,2026-07-06,163,我不该动情 (嘶吼版),范贵宾,,3:59,B81902EFE936C24951BE948DA097E336,197748975,https://www.kugou.com/yy/rank/home/8-8888.html?from=rank
2026-07-06,2026-07-06T22:42:44+08:00,酷狗音乐,热歌榜,酷狗TOP500,2026-07-06,164,也许在下雨天 (眼泪才不被看见),何遇Hayu、Crybird,,3:47,18D96FA29BBCB2873400BEAB17B817CF,194623547,https://www.kugou.com/yy/rank/home/8-8888.html?from=rank
2026-07-06,2026-07-06T22:42:44+08:00,酷狗音乐,热歌榜,酷狗TOP500,2026-07-06,165,不要在我寂寞的时候说爱我 (funky版),Bobo博official,,2:24,5E043A1E610CC92EC4D10816861667F8,180788163,https://www.kugou.com/yy/rank/home/8-8888.html?from=rank
2026-07-06,2026-07-06T22:42:44+08:00,酷狗音乐,热歌榜,酷狗TOP500,2026-07-06,166,广东爱情故事,广东雨神,,3:34,7A2956668C7D5393FF16AD930C23F2FD,4162049,https://www.kugou.com/yy/rank/home/8-8888.html?from=rank
2026-07-06,2026-07-06T22:42:44+08:00,酷狗音乐,热歌榜,酷狗TOP500,2026-07-06,167,再爱你也没用,L（桃籽）,,3:29,904B5C81279DA07ED81A66CA953EBB00,197764312,https://www.kugou.com/yy/rank/home/8-8888.html?from=rank
2026-07-06,2026-07-06T22:42:44+08:00,酷狗音乐,热歌榜,酷狗TOP500,2026-07-06,168,夏天的风,温岚,,4:01,50AF6B58086928F4A94170AFFAA12A2D,2997111,https://www.kugou.com/yy/rank/home/8-8888.html?from=rank
2026-07-06,2026-07-06T22:42:44+08:00,酷狗音乐,热歌榜,酷狗TOP500,2026-07-06,169,去年夏天,王大毛,,4:05,5CD03A78A74761494A39CADFAA832550,8542577,https://www.kugou.com/yy/rank/home/8-8888.html?from=rank
2026-07-06,2026-07-06T22:42:44+08:00,酷狗音乐,热歌榜,酷狗TOP500,2026-07-06,170,我的秘密 (G.E.M.重生版),G.E.M. 邓紫棋,,4:10,427CD3B1785609EE485CA3BCD6608FFE,150256944,https://www.kugou.com/yy/rank/home/8-8888.html?from=rank
2026-07-06,2026-07-06T22:42:44+08:00,酷狗音乐,热歌榜,酷狗TOP500,2026-07-06,171,遇见,孙燕姿,,3:31,9F865C787E90E013B2BC847BAAA306AA,964325,https://www.kugou.com/yy/rank/home/8-8888.html?from=rank
2026-07-06,2026-07-06T22:42:44+08:00,酷狗音乐,热歌榜,酷狗TOP500,2026-07-06,172,成都,赵雷,,5:28,A06B033B356BFC974C5245D0195086A5,1802652,https://www.kugou.com/yy/rank/home/8-8888.html?from=rank
2026-07-06,2026-07-06T22:42:44+08:00,酷狗音乐,热歌榜,酷狗TOP500,2026-07-06,173,Alive,Blue,,3:40,996EE22D2450A7C7528394F7F98432E6,560693,https://www.kugou.com/yy/rank/home/8-8888.html?from=rank
2026-07-06,2026-07-06T22:42:44+08:00,酷狗音乐,热歌榜,酷狗TOP500,2026-07-06,174,That Girl,Olly Murs,,2:57,B32C3C7FA2452E7338BFC6F2283FE8ED,1820815,https://www.kugou.com/yy/rank/home/8-8888.html?from=rank
2026-07-06,2026-07-06T22:42:44+08:00,酷狗音乐,热歌榜,酷狗TOP500,2026-07-06,175,安和桥,宇西,,4:09,BFB6233E7687776800FDA3FD76EBFB41,13667444,https://www.kugou.com/yy/rank/home/8-8888.html?from=rank
2026-07-06,2026-07-06T22:42:44+08:00,酷狗音乐,热歌榜,酷狗TOP500,2026-07-06,176,我曾像傻子一样爱你,老板,,4:03,85F18C8A9470C0BE7BD1D679ACFC6E21,171863030,https://www.kugou.com/yy/rank/home/8-8888.html?from=rank
2026-07-06,2026-07-06T22:42:44+08:00,酷狗音乐,热歌榜,酷狗TOP500,2026-07-06,177,Amani (女声版),落日微醺,,3:54,0E1705D85CE6D8BE87784DFA9C9A5624,194642479,https://www.kugou.com/yy/rank/home/9-8888.html?from=rank
2026-07-06,2026-07-06T22:42:44+08:00,酷狗音乐,热歌榜,酷狗TOP500,2026-07-06,178,Stay,王俊凯,,2:56,CB12F546E72E949AC29DDB5139CC1250,180811789,https://www.kugou.com/yy/rank/home/9-8888.html?from=rank
2026-07-06,2026-07-06T22:42:44+08:00,酷狗音乐,热歌榜,酷狗TOP500,2026-07-06,179,牵丝戏,银临、Aki阿杰,,3:59,5E7FF596F7D6021DA63AF36E91BECE4B,568968,https://www.kugou.com/yy/rank/home/9-8888.html?from=rank
2026-07-06,2026-07-06T22:42:44+08:00,酷狗音乐,热歌榜,酷狗TOP500,2026-07-06,180,关不上的窗,周传雄,,4:53,C9FF4C5E86A76043F004E3BB17E08942,982655,https://www.kugou.com/yy/rank/home/9-8888.html?from=rank
2026-07-06,2026-07-06T22:42:44+08:00,酷狗音乐,热歌榜,酷狗TOP500,2026-07-06,181,先说爱的人为什么先离开,田园,,3:40,6379393814B0A74AB7B87B2FA9E87689,107655422,https://www.kugou.com/yy/rank/home/9-8888.html?from=rank
2026-07-06,2026-07-06T22:42:44+08:00,酷狗音乐,热歌榜,酷狗TOP500,2026-07-06,182,我借 (御姐版),铁锤夫妇,,4:07,EC2F26754FED82D125388E7B27D536AA,197901242,https://www.kugou.com/yy/rank/home/9-8888.html?from=rank
2026-07-06,2026-07-06T22:42:44+08:00,酷狗音乐,热歌榜,酷狗TOP500,2026-07-06,183,Radio (Dum-Dum),宋雨琦 (YUQI),,2:32,E8FFC3F649DA4476E2CEABFF3F94D103,140913986,https://www.kugou.com/yy/rank/home/9-8888.html?from=rank
2026-07-06,2026-07-06T22:42:44+08:00,酷狗音乐,热歌榜,酷狗TOP500,2026-07-06,184,Creepin' up on You,Darren Hayes,,4:53,6348CF4041BEE19FAD536C563C32695A,1593407,https://www.kugou.com/yy/rank/home/9-8888.html?from=rank
2026-07-06,2026-07-06T22:42:44+08:00,酷狗音乐,热歌榜,酷狗TOP500,2026-07-06,185,那天下雨了,周杰伦,,3:43,1335F720C701863F127FB14CCC9C08A2,179652761,https://www.kugou.com/yy/rank/home/9-8888.html?from=rank
2026-07-06,2026-07-06T22:42:44+08:00,酷狗音乐,热歌榜,酷狗TOP500,2026-07-06,186,童话,光良,,4:04,472FF9D57BCE90288EC88CBE100BCB2A,974097,https://www.kugou.com/yy/rank/home/9-8888.html?from=rank
2026-07-06,2026-07-06T22:42:44+08:00,酷狗音乐,热歌榜,酷狗TOP500,2026-07-06,187,琵琶行,奇然、沈谧仁,,5:35,0AB355EF75A56A57E1790734B2E26ED9,2563381,https://www.kugou.com/yy/rank/home/9-8888.html?from=rank
2026-07-06,2026-07-06T22:42:44+08:00,酷狗音乐,热歌榜,酷狗TOP500,2026-07-06,188,体面,于文文,,4:43,0F57843484D3AF06AAEA623D66BB286C,8149034,https://www.kugou.com/yy/rank/home/9-8888.html?from=rank
2026-07-06,2026-07-06T22:42:44+08:00,酷狗音乐,热歌榜,酷狗TOP500,2026-07-06,189,迷人的危险,Dance Flow,,3:26,0F666EF632DB9404308219BE5AAE43B4,551560,https://www.kugou.com/yy/rank/home/9-8888.html?from=rank
2026-07-06,2026-07-06T22:42:44+08:00,酷狗音乐,热歌榜,酷狗TOP500,2026-07-06,190,就让岁月开成一朵花,阿云朵,,5:19,AFEC70D28F29BB844F93D6BC3B8A5EE9,183681654,https://www.kugou.com/yy/rank/home/9-8888.html?from=rank
2026-07-06,2026-07-06T22:42:44+08:00,酷狗音乐,热歌榜,酷狗TOP500,2026-07-06,191,我不难过,孙燕姿,,5:20,3FD7E1EC51122C745C637735C8BDE716,965883,https://www.kugou.com/yy/rank/home/9-8888.html?from=rank
2026-07-06,2026-07-06T22:42:44+08:00,酷狗音乐,热歌榜,酷狗TOP500,2026-07-06,192,美人鱼,林俊杰,,4:14,CDAE8C7E2FAF7F08DC18E78A1D65117B,969588,https://www.kugou.com/yy/rank/home/9-8888.html?from=rank
2026-07-06,2026-07-06T22:42:44+08:00,酷狗音乐,热歌榜,酷狗TOP500,2026-07-06,193,在你的身边,盛哲,,4:22,38698C9A8BB6637CDDE413C6E210FA54,4128050,https://www.kugou.com/yy/rank/home/9-8888.html?from=rank
2026-07-06,2026-07-06T22:42:44+08:00,酷狗音乐,热歌榜,酷狗TOP500,2026-07-06,194,一样的月光,徐佳莹,,4:00,F6B097E66D65A9B20453B46E4E5D9EBE,972101,https://www.kugou.com/yy/rank/home/9-8888.html?from=rank
2026-07-06,2026-07-06T22:42:44+08:00,酷狗音乐,热歌榜,酷狗TOP500,2026-07-06,195,写故事的人,汪苏泷,,4:08,0A396FA95B16CA40CFFC5D6CC91AE37C,182848644,https://www.kugou.com/yy/rank/home/9-8888.html?from=rank
2026-07-06,2026-07-06T22:42:44+08:00,酷狗音乐,热歌榜,酷狗TOP500,2026-07-06,196,那些你很冒险的梦,林俊杰,,4:05,468A823BD25A585841F4BC5ED3EF945B,977237,https://www.kugou.com/yy/rank/home/9-8888.html?from=rank
2026-07-06,2026-07-06T22:42:44+08:00,酷狗音乐,热歌榜,酷狗TOP500,2026-07-06,197,相见恨晚,彭佳慧,,4:15,01214FB85BAF49AB74F10AFA4C363540,977553,https://www.kugou.com/yy/rank/home/9-8888.html?from=rank
2026-07-06,2026-07-06T22:42:44+08:00,酷狗音乐,热歌榜,酷狗TOP500,2026-07-06,198,我知道,BY2,,4:10,A225CDE22D07C38D381AC212633BE757,530437,https://www.kugou.com/yy/rank/home/9-8888.html?from=rank
2026-07-06,2026-07-06T22:42:44+08:00,酷狗音乐,热歌榜,酷狗TOP500,2026-07-06,199,最后一页,江语晨,,4:06,EF053996094A323B42C35195E9781A30,1596655,https://www.kugou.com/yy/rank/home/10-8888.html?from=rank
2026-07-06,2026-07-06T22:42:44+08:00,酷狗音乐,热歌榜,酷狗TOP500,2026-07-06,200,再见,张震岳,,3:31,BF7E5BC14D95F2F4DD6932097168D3FF,1746826,https://www.kugou.com/yy/rank/home/10-8888.html?from=rank
2026-07-06,2026-07-06T22:42:44+08:00,酷狗音乐,热歌榜,酷狗TOP500,2026-07-06,201,只若初见,张德伊玲,,3:24,0AC57BC59B96F7BF216744F93617FC8B,58285492,https://www.kugou.com/yy/rank/home/10-8888.html?from=rank
2026-07-06,2026-07-06T22:42:44+08:00,酷狗音乐,热歌榜,酷狗TOP500,2026-07-06,202,幻梦,王俊凯,,3:25,78AE7BD9BCC428345A4BD10537E4A76B,180811789,https://www.kugou.com/yy/rank/home/10-8888.html?from=rank
2026-07-06,2026-07-06T22:42:44+08:00,酷狗音乐,热歌榜,酷狗TOP500,2026-07-06,203,谁 (男女扎心合唱),梨子芥菜、戚悦,,3:58,38DAABE4EEA0ADDC04897AC14E15B54E,185936379,https://www.kugou.com/yy/rank/home/10-8888.html?from=rank
2026-07-06,2026-07-06T22:42:44+08:00,酷狗音乐,热歌榜,酷狗TOP500,2026-07-06,204,是我不够好,李毓芬,,3:37,2B152C85BA2B73CBC79EA722928EF425,1590098,https://www.kugou.com/yy/rank/home/10-8888.html?from=rank
2026-07-06,2026-07-06T22:42:44+08:00,酷狗音乐,热歌榜,酷狗TOP500,2026-07-06,205,沙漠开不出玫瑰花,王一佳,,3:04,4B7E6524801BED3951C2CEFD81A5A959,183014106,https://www.kugou.com/yy/rank/home/10-8888.html?from=rank
2026-07-06,2026-07-06T22:42:44+08:00,酷狗音乐,热歌榜,酷狗TOP500,2026-07-06,206,不如见一面,海来阿木,,4:08,A8CC7F0EA73DE4DE226B26C3F44DD563,80038154,https://www.kugou.com/yy/rank/home/10-8888.html?from=rank
2026-07-06,2026-07-06T22:42:44+08:00,酷狗音乐,热歌榜,酷狗TOP500,2026-07-06,207,爱情转移,陈奕迅,,4:19,A549238FA1B05EABE841DFE110899647,962514,https://www.kugou.com/yy/rank/home/10-8888.html?from=rank
2026-07-06,2026-07-06T22:42:44+08:00,酷狗音乐,热歌榜,酷狗TOP500,2026-07-06,208,茶花开了,王睿卓,,4:30,007A7A8EAFA3FF9EA51EF6A767AC3497,130468077,https://www.kugou.com/yy/rank/home/10-8888.html?from=rank
2026-07-06,2026-07-06T22:42:44+08:00,酷狗音乐,热歌榜,酷狗TOP500,2026-07-06,209,曾经的你,许巍,,4:21,8D27A0FD0D8B6A9059D3FEEC95E2088D,976268,https://www.kugou.com/yy/rank/home/10-8888.html?from=rank
2026-07-06,2026-07-06T22:42:44+08:00,酷狗音乐,热歌榜,酷狗TOP500,2026-07-06,210,下一个天亮,郭静,,4:27,7E2AD47232E7148C642B6836041826C9,971139,https://www.kugou.com/yy/rank/home/10-8888.html?from=rank
2026-07-06,2026-07-06T22:42:44+08:00,酷狗音乐,热歌榜,酷狗TOP500,2026-07-06,211,枫,周杰伦,,4:36,0D7E8C11C961A17EB8779FEB0CA772E3,958909,https://www.kugou.com/yy/rank/home/10-8888.html?from=rank
2026-07-06,2026-07-06T22:42:44+08:00,酷狗音乐,热歌榜,酷狗TOP500,2026-07-06,212,模特,李荣浩,,5:06,87EBC49856D2CB3C04992C9A87E5A5C5,968143,https://www.kugou.com/yy/rank/home/10-8888.html?from=rank
2026-07-06,2026-07-06T22:42:44+08:00,酷狗音乐,热歌榜,酷狗TOP500,2026-07-06,213,无声潮汐,王俊凯,,3:24,6F42B1D28F01A210A26B4D77F665BFEF,180811789,https://www.kugou.com/yy/rank/home/10-8888.html?from=rank
2026-07-06,2026-07-06T22:42:44+08:00,酷狗音乐,热歌榜,酷狗TOP500,2026-07-06,214,这个年纪,齐一,,4:45,B44AD73957D993731BC125BF0A1EFFF5,2657166,https://www.kugou.com/yy/rank/home/10-8888.html?from=rank
2026-07-06,2026-07-06T22:42:44+08:00,酷狗音乐,热歌榜,酷狗TOP500,2026-07-06,215,王招君 (你看你拉住我的模样),任素汐,,4:15,B333830FB72C014041863CAC5DB0A637,83070145,https://www.kugou.com/yy/rank/home/10-8888.html?from=rank
2026-07-06,2026-07-06T22:42:44+08:00,酷狗音乐,热歌榜,酷狗TOP500,2026-07-06,216,哼着你爱听的歌 (女版),田园,,3:20,37B0685181098FB8427291594EDBC8CD,162686180,https://www.kugou.com/yy/rank/home/10-8888.html?from=rank
2026-07-06,2026-07-06T22:42:44+08:00,酷狗音乐,热歌榜,酷狗TOP500,2026-07-06,217,依兰爱情故事 (Live),岳云鹏、金志文、管乐,,4:52,5CE2E8BD87AAD5D6FFA8A0782C4C06F0,197120493,https://www.kugou.com/yy/rank/home/10-8888.html?from=rank
2026-07-06,2026-07-06T22:42:44+08:00,酷狗音乐,热歌榜,酷狗TOP500,2026-07-06,218,雪下的时候,乔佳旭,,4:24,F6B3AA5971A01E755A344C2256606418,35913748,https://www.kugou.com/yy/rank/home/10-8888.html?from=rank
2026-07-06,2026-07-06T22:42:44+08:00,酷狗音乐,热歌榜,酷狗TOP500,2026-07-06,219,坠落,蔡健雅,,4:10,233254CB517BAA74387361C2158519DA,974379,https://www.kugou.com/yy/rank/home/10-8888.html?from=rank
2026-07-06,2026-07-06T22:42:44+08:00,酷狗音乐,热歌榜,酷狗TOP500,2026-07-06,220,瞬,郑润泽,,4:45,C06970FDB48E8E1F9BBC7577B7BC1938,75949211,https://www.kugou.com/yy/rank/home/10-8888.html?from=rank
2026-07-06,2026-07-06T22:42:44+08:00,酷狗音乐,热歌榜,酷狗TOP500,2026-07-06,221,有何不可,许嵩,,4:01,B3D5D7D3A140628D1605BD392467E348,973251,https://www.kugou.com/yy/rank/home/11-8888.html?from=rank
2026-07-06,2026-07-06T22:42:44+08:00,酷狗音乐,热歌榜,酷狗TOP500,2026-07-06,222,年少有为,李荣浩,,4:39,3A5C1D6CDABB2FDA813F8F8B7E4D08B0,8873395,https://www.kugou.com/yy/rank/home/11-8888.html?from=rank
2026-07-06,2026-07-06T22:42:44+08:00,酷狗音乐,热歌榜,酷狗TOP500,2026-07-06,223,不遗憾,李荣浩,,5:20,40CE38D5DB930F404EB26F58978BEC3D,44404137,https://www.kugou.com/yy/rank/home/11-8888.html?from=rank
2026-07-06,2026-07-06T22:42:44+08:00,酷狗音乐,热歌榜,酷狗TOP500,2026-07-06,224,忘记时间,胡歌,,4:32,BB2759C850804CB32A55480D85D21080,493001,https://www.kugou.com/yy/rank/home/11-8888.html?from=rank
2026-07-06,2026-07-06T22:42:44+08:00,酷狗音乐,热歌榜,酷狗TOP500,2026-07-06,225,明明就,周杰伦,,4:20,D85C14E02008B7A2F97D55CDC29C2221,982051,https://www.kugou.com/yy/rank/home/11-8888.html?from=rank
2026-07-06,2026-07-06T22:42:44+08:00,酷狗音乐,热歌榜,酷狗TOP500,2026-07-06,226,不如见一面2026,海来阿木,,3:57,4866C4CEB901B773ABD6276802E393C9,181816199,https://www.kugou.com/yy/rank/home/11-8888.html?from=rank
2026-07-06,2026-07-06T22:42:44+08:00,酷狗音乐,热歌榜,酷狗TOP500,2026-07-06,227,西海情歌,刀郎,,5:43,0E5FB14E78AFF13C2DEF97C814537CB7,984281,https://www.kugou.com/yy/rank/home/11-8888.html?from=rank
2026-07-06,2026-07-06T22:42:44+08:00,酷狗音乐,热歌榜,酷狗TOP500,2026-07-06,228,珊瑚海,周杰伦、Lara梁心颐,,4:16,90E34F0C582168E7EA857915771AB220,958909,https://www.kugou.com/yy/rank/home/11-8888.html?from=rank
2026-07-06,2026-07-06T22:42:44+08:00,酷狗音乐,热歌榜,酷狗TOP500,2026-07-06,229,第一次,光良,,4:23,872C58BF22F873F1F36CDA2500E58EC9,930387,https://www.kugou.com/yy/rank/home/11-8888.html?from=rank
2026-07-06,2026-07-06T22:42:44+08:00,酷狗音乐,热歌榜,酷狗TOP500,2026-07-06,230,最爱,周慧敏,,4:25,DBC221919A9686F684F90E1920179363,568311,https://www.kugou.com/yy/rank/home/11-8888.html?from=rank
2026-07-06,2026-07-06T22:42:44+08:00,酷狗音乐,热歌榜,酷狗TOP500,2026-07-06,231,Lonely,Nana,,6:21,3514D26D3754FAF4949A3C40F4BBDA63,45833884,https://www.kugou.com/yy/rank/home/11-8888.html?from=rank
2026-07-06,2026-07-06T22:42:44+08:00,酷狗音乐,热歌榜,酷狗TOP500,2026-07-06,232,喜欢你 (G.E.M.重生版),G.E.M. 邓紫棋,,4:03,AA4D82A7506DE809B7A89F91B73F3E1E,150256944,https://www.kugou.com/yy/rank/home/11-8888.html?from=rank
2026-07-06,2026-07-06T22:42:44+08:00,酷狗音乐,热歌榜,酷狗TOP500,2026-07-06,233,跨不过的距离,虎二,,4:31,FED5892036FBD176F6FEAE973C565E59,38209191,https://www.kugou.com/yy/rank/home/11-8888.html?from=rank
2026-07-06,2026-07-06T22:42:44+08:00,酷狗音乐,热歌榜,酷狗TOP500,2026-07-06,234,你要的全拿走,胡彦斌,,4:59,489E4872BD06E51C969AE81748E78A10,8317330,https://www.kugou.com/yy/rank/home/11-8888.html?from=rank
2026-07-06,2026-07-06T22:42:44+08:00,酷狗音乐,热歌榜,酷狗TOP500,2026-07-06,235,座位,于冬然,,3:29,D87A09DB3166215E5DFD4A30C922509E,137485296,https://www.kugou.com/yy/rank/home/11-8888.html?from=rank
2026-07-06,2026-07-06T22:42:44+08:00,酷狗音乐,热歌榜,酷狗TOP500,2026-07-06,236,我记得,赵雷,,5:30,8CE80CF10A01F37354D63E49C1B60B60,60018447,https://www.kugou.com/yy/rank/home/11-8888.html?from=rank
2026-07-06,2026-07-06T22:42:44+08:00,酷狗音乐,热歌榜,酷狗TOP500,2026-07-06,237,淋雨的人,阿图表妹,,3:59,EEB3B4F416E4D8777817C79127FCBFFC,183624154,https://www.kugou.com/yy/rank/home/11-8888.html?from=rank
2026-07-06,2026-07-06T22:42:44+08:00,酷狗音乐,热歌榜,酷狗TOP500,2026-07-06,238,西楼儿女,海来阿木,,4:18,84DA47460010F3D91E203F777233DAA4,62931439,https://www.kugou.com/yy/rank/home/11-8888.html?from=rank
2026-07-06,2026-07-06T22:42:44+08:00,酷狗音乐,热歌榜,酷狗TOP500,2026-07-06,239,一程山路,毛不易,,3:36,F4B3D7DFFA85DAE7737243598153A168,34631159,https://www.kugou.com/yy/rank/home/11-8888.html?from=rank
2026-07-06,2026-07-06T22:42:44+08:00,酷狗音乐,热歌榜,酷狗TOP500,2026-07-06,240,菩提树下许无悔,婉婷,,3:52,0F9B9293EE2B740E72AF9AC963358B4E,182839081,https://www.kugou.com/yy/rank/home/11-8888.html?from=rank
2026-07-06,2026-07-06T22:42:44+08:00,酷狗音乐,热歌榜,酷狗TOP500,2026-07-06,241,我是真的爱上你,王杰,,5:03,7C353B672AC945A3FE56022000A239FE,2996801,https://www.kugou.com/yy/rank/home/11-8888.html?from=rank
2026-07-06,2026-07-06T22:42:44+08:00,酷狗音乐,热歌榜,酷狗TOP500,2026-07-06,242,小美满,周深,,3:34,04A21DB1AB3C8E0D1D8F51F11BDB03A1,83112420,https://www.kugou.com/yy/rank/home/11-8888.html?from=rank
2026-07-06,2026-07-06T22:42:44+08:00,酷狗音乐,热歌榜,酷狗TOP500,2026-07-06,243,我走后,小咪,,4:08,00751DE0946619BCDE4A4E15397F2A15,22216764,https://www.kugou.com/yy/rank/home/12-8888.html?from=rank
2026-07-06,2026-07-06T22:42:44+08:00,酷狗音乐,热歌榜,酷狗TOP500,2026-07-06,244,得意的笑 (雷鬼版),白兰的,,4:07,1392D0C06686D4779E14F4503B330140,182710576,https://www.kugou.com/yy/rank/home/12-8888.html?from=rank
2026-07-06,2026-07-06T22:42:44+08:00,酷狗音乐,热歌榜,酷狗TOP500,2026-07-06,245,最长的电影,周杰伦,,3:56,DBE8FCD4C5072CF6139A28E32D45B990,979856,https://www.kugou.com/yy/rank/home/12-8888.html?from=rank
2026-07-06,2026-07-06T22:42:44+08:00,酷狗音乐,热歌榜,酷狗TOP500,2026-07-06,246,爱如潮水,张信哲,,4:31,03542812844EE77A22E096A9D6974858,538030,https://www.kugou.com/yy/rank/home/12-8888.html?from=rank
2026-07-06,2026-07-06T22:42:44+08:00,酷狗音乐,热歌榜,酷狗TOP500,2026-07-06,247,幻听,许嵩,,4:33,24F5E7555646965CD7D1A924452B3300,973046,https://www.kugou.com/yy/rank/home/12-8888.html?from=rank
2026-07-06,2026-07-06T22:42:44+08:00,酷狗音乐,热歌榜,酷狗TOP500,2026-07-06,248,发如雪,周杰伦,,4:59,1F7E7659B9FFF4FB6F71562A61BBC25F,958909,https://www.kugou.com/yy/rank/home/12-8888.html?from=rank
2026-07-06,2026-07-06T22:42:44+08:00,酷狗音乐,热歌榜,酷狗TOP500,2026-07-06,249,你的承诺,海鸣威,,3:53,B1996C2589FADECA9759A420E1EC3FE3,19347507,https://www.kugou.com/yy/rank/home/12-8888.html?from=rank
2026-07-06,2026-07-06T22:42:44+08:00,酷狗音乐,热歌榜,酷狗TOP500,2026-07-06,250,叹我,阿麦姑娘,,3:33,992A2C772B630F0E6AC3243C22232B26,190806182,https://www.kugou.com/yy/rank/home/12-8888.html?from=rank
2026-07-06,2026-07-06T22:42:44+08:00,酷狗音乐,热歌榜,酷狗TOP500,2026-07-06,251,琵琶曲,郑浩、冰洁,,3:55,244A022D6CB3FDE50B24E76402053EB3,180917343,https://www.kugou.com/yy/rank/home/12-8888.html?from=rank
2026-07-06,2026-07-06T22:42:44+08:00,酷狗音乐,热歌榜,酷狗TOP500,2026-07-06,252,第一次爱的人,王心凌,,3:53,31B213E45501B3698702EDB7C0A3E5A6,979891,https://www.kugou.com/yy/rank/home/12-8888.html?from=rank
2026-07-06,2026-07-06T22:42:44+08:00,酷狗音乐,热歌榜,酷狗TOP500,2026-07-06,253,七月上,Jam,,3:10,5C4AC21567916A957D065FD6F50AB573,35039296,https://www.kugou.com/yy/rank/home/12-8888.html?from=rank
2026-07-06,2026-07-06T22:42:44+08:00,酷狗音乐,热歌榜,酷狗TOP500,2026-07-06,254,Letting Go,蔡健雅,,4:23,326CBB23BAA90062047512376AA406A4,978874,https://www.kugou.com/yy/rank/home/12-8888.html?from=rank
2026-07-06,2026-07-06T22:42:44+08:00,酷狗音乐,热歌榜,酷狗TOP500,2026-07-06,255,我很想见见你,z阿康,,3:40,4D812ED2C0E7AA61F60097327399816C,194056203,https://www.kugou.com/yy/rank/home/12-8888.html?from=rank
2026-07-06,2026-07-06T22:42:44+08:00,酷狗音乐,热歌榜,酷狗TOP500,2026-07-06,256,遗失的心跳,萧亚轩,,3:37,54C1A6E877BB37D052A86D4C41604FE7,521727,https://www.kugou.com/yy/rank/home/12-8888.html?from=rank
2026-07-06,2026-07-06T22:42:44+08:00,酷狗音乐,热歌榜,酷狗TOP500,2026-07-06,257,夏夜最后的烟火,颜人中,,4:40,4E418EDAB22093B51C78C81C0A8C9B31,39949767,https://www.kugou.com/yy/rank/home/12-8888.html?from=rank
2026-07-06,2026-07-06T22:42:44+08:00,酷狗音乐,热歌榜,酷狗TOP500,2026-07-06,258,天地龙鳞,王力宏,,3:17,DD83DC4A30C3A05D60FFCE6944FB441C,50749156,https://www.kugou.com/yy/rank/home/12-8888.html?from=rank
2026-07-06,2026-07-06T22:42:44+08:00,酷狗音乐,热歌榜,酷狗TOP500,2026-07-06,259,老男孩,筷子兄弟,,4:59,EB494F1F9199AA29F66E056F116D2F1C,17165001,https://www.kugou.com/yy/rank/home/12-8888.html?from=rank
2026-07-06,2026-07-06T22:42:44+08:00,酷狗音乐,热歌榜,酷狗TOP500,2026-07-06,260,只为你着迷,李秉成,,4:01,C2F47FB042D8FE6A2B5265DFCF8919A5,11795396,https://www.kugou.com/yy/rank/home/12-8888.html?from=rank
2026-07-06,2026-07-06T22:42:44+08:00,酷狗音乐,热歌榜,酷狗TOP500,2026-07-06,261,水手,郑智化,,4:53,6DCF10DEA98A7C9F755BE385E822BE05,967718,https://www.kugou.com/yy/rank/home/12-8888.html?from=rank
2026-07-06,2026-07-06T22:42:44+08:00,酷狗音乐,热歌榜,酷狗TOP500,2026-07-06,262,不潮不用花钱,林俊杰,,3:54,5A84BBA4C673BEA45083C521ADF366AF,963179,https://www.kugou.com/yy/rank/home/12-8888.html?from=rank
2026-07-06,2026-07-06T22:42:44+08:00,酷狗音乐,热歌榜,酷狗TOP500,2026-07-06,263,句号,G.E.M. 邓紫棋,,3:56,0EC0DFE7A4090B3C5C2C1831D7F3ED51,35503028,https://www.kugou.com/yy/rank/home/12-8888.html?from=rank
2026-07-06,2026-07-06T22:42:44+08:00,酷狗音乐,热歌榜,酷狗TOP500,2026-07-06,264,平凡之路,朴树,,5:01,2BE5DE80E68B3346918D38CF7527D979,2944963,https://www.kugou.com/yy/rank/home/12-8888.html?from=rank
2026-07-06,2026-07-06T22:42:44+08:00,酷狗音乐,热歌榜,酷狗TOP500,2026-07-06,265,太聪明,陈绮贞,,4:23,89101DA817101FEA0C9ECF64EAE2B46F,959335,https://www.kugou.com/yy/rank/home/13-8888.html?from=rank
2026-07-06,2026-07-06T22:42:44+08:00,酷狗音乐,热歌榜,酷狗TOP500,2026-07-06,266,一个人想着一个人,曾沛慈,,4:04,C9148675D85D3C2B306E966000BC5ABD,542900,https://www.kugou.com/yy/rank/home/13-8888.html?from=rank
2026-07-06,2026-07-06T22:42:44+08:00,酷狗音乐,热歌榜,酷狗TOP500,2026-07-06,267,我们的歌,王力宏,,4:08,4E294957A0D9B72A78B61F3C2A63B6CC,503223,https://www.kugou.com/yy/rank/home/13-8888.html?from=rank
2026-07-06,2026-07-06T22:42:44+08:00,酷狗音乐,热歌榜,酷狗TOP500,2026-07-06,268,真的爱你,BEYOND,,4:35,C46916711631EA28508A41C325A74E1B,971451,https://www.kugou.com/yy/rank/home/13-8888.html?from=rank
2026-07-06,2026-07-06T22:42:44+08:00,酷狗音乐,热歌榜,酷狗TOP500,2026-07-06,269,只对你有感觉,飞轮海、田馥甄,,3:59,180D6E82A1AEFEDF10BE440454956E1F,556347,https://www.kugou.com/yy/rank/home/13-8888.html?from=rank
2026-07-06,2026-07-06T22:42:44+08:00,酷狗音乐,热歌榜,酷狗TOP500,2026-07-06,270,伤心太平洋 (烟嗓版),许果果,,4:34,620B8E5B2C6E4650201F3A86D4F92142,190022561,https://www.kugou.com/yy/rank/home/13-8888.html?from=rank
2026-07-06,2026-07-06T22:42:44+08:00,酷狗音乐,热歌榜,酷狗TOP500,2026-07-06,271,我落泪情绪零碎,周杰伦,,4:18,27943EB1CBD46F7BB165B054CE6EBDC8,958812,https://www.kugou.com/yy/rank/home/13-8888.html?from=rank
2026-07-06,2026-07-06T22:42:44+08:00,酷狗音乐,热歌榜,酷狗TOP500,2026-07-06,272,还爱着你,文夫,,3:52,A61924D891C970A28150FDF9E5E56C53,171019019,https://www.kugou.com/yy/rank/home/13-8888.html?from=rank
2026-07-06,2026-07-06T22:42:44+08:00,酷狗音乐,热歌榜,酷狗TOP500,2026-07-06,273,白鸽乌鸦相爱的戏码,潘成（皮卡潘）,,2:54,1B5005F285D8B7FD083CA61C5753E9DB,100112898,https://www.kugou.com/yy/rank/home/13-8888.html?from=rank
2026-07-06,2026-07-06T22:42:44+08:00,酷狗音乐,热歌榜,酷狗TOP500,2026-07-06,274,My Bed (Explicit),Leah Kate,,2:44,6E6104198DA489F603C8F4C5D2E7FF4C,65853253,https://www.kugou.com/yy/rank/home/13-8888.html?from=rank
2026-07-06,2026-07-06T22:42:44+08:00,酷狗音乐,热歌榜,酷狗TOP500,2026-07-06,275,蓝莲花,许巍,,4:31,EDCDC42FEE3A4BC8F2ADBAF96ADE9D77,15247919,https://www.kugou.com/yy/rank/home/13-8888.html?from=rank
2026-07-06,2026-07-06T22:42:44+08:00,酷狗音乐,热歌榜,酷狗TOP500,2026-07-06,276,不能说的秘密,周杰伦,,4:57,EDFC5DD1AC3D58971AB95B3E2700D015,554150,https://www.kugou.com/yy/rank/home/13-8888.html?from=rank
2026-07-06,2026-07-06T22:42:44+08:00,酷狗音乐,热歌榜,酷狗TOP500,2026-07-06,277,土坡上的狗尾草,卢润泽,,3:15,5E40742110D3DB109A22BDB1012C6EBB,104913971,https://www.kugou.com/yy/rank/home/13-8888.html?from=rank
2026-07-06,2026-07-06T22:42:44+08:00,酷狗音乐,热歌榜,酷狗TOP500,2026-07-06,278,他真的对你好吗,付豪,,4:18,B1B875147F45355FF807402402F5B573,55501876,https://www.kugou.com/yy/rank/home/13-8888.html?from=rank
2026-07-06,2026-07-06T22:42:44+08:00,酷狗音乐,热歌榜,酷狗TOP500,2026-07-06,279,你还要我怎样,薛之谦,,5:11,8C6AAC48FB5C3759042E4C8699544C6F,960327,https://www.kugou.com/yy/rank/home/13-8888.html?from=rank
2026-07-06,2026-07-06T22:42:44+08:00,酷狗音乐,热歌榜,酷狗TOP500,2026-07-06,280,简单爱,周杰伦,,4:30,6E44CE19BE5872384FA184B995CCE23B,958706,https://www.kugou.com/yy/rank/home/13-8888.html?from=rank
2026-07-06,2026-07-06T22:42:44+08:00,酷狗音乐,热歌榜,酷狗TOP500,2026-07-06,281,飞鸟和蝉,任然,,4:56,EB5F5AF3993F6537F2C70B959F2DCD6B,38339036,https://www.kugou.com/yy/rank/home/13-8888.html?from=rank
2026-07-06,2026-07-06T22:42:44+08:00,酷狗音乐,热歌榜,酷狗TOP500,2026-07-06,282,多幸运,韩安旭,,4:09,CBAB4AB8D340C977AB800C1ED4D35ED9,555393,https://www.kugou.com/yy/rank/home/13-8888.html?from=rank
2026-07-06,2026-07-06T22:42:44+08:00,酷狗音乐,热歌榜,酷狗TOP500,2026-07-06,283,别说你还深深爱着我,婉婷、杨烬,,3:45,0938FF862C986F6A93B4A7657CAA1125,195023851,https://www.kugou.com/yy/rank/home/13-8888.html?from=rank
2026-07-06,2026-07-06T22:42:44+08:00,酷狗音乐,热歌榜,酷狗TOP500,2026-07-06,284,今生啊 多相见,万仁,,3:44,AAE144B41CB32D4256E02C17CFEF0A29,172326826,https://www.kugou.com/yy/rank/home/13-8888.html?from=rank
2026-07-06,2026-07-06T22:42:44+08:00,酷狗音乐,热歌榜,酷狗TOP500,2026-07-06,285,樱花草,Sweety,,4:44,F0B01830164E4974A2AC9E85DD446D45,507451,https://www.kugou.com/yy/rank/home/13-8888.html?from=rank
2026-07-06,2026-07-06T22:42:44+08:00,酷狗音乐,热歌榜,酷狗TOP500,2026-07-06,286,半岛铁盒,周杰伦,,5:19,67BA8A4A0681F2078BC423CB13B904B7,961807,https://www.kugou.com/yy/rank/home/13-8888.html?from=rank
2026-07-06,2026-07-06T22:42:44+08:00,酷狗音乐,热歌榜,酷狗TOP500,2026-07-06,287,再见只是陌生人,庄心妍,,4:12,67F2E5F1B47C2B86E201518FD24D9831,556403,https://www.kugou.com/yy/rank/home/14-8888.html?from=rank
2026-07-06,2026-07-06T22:42:44+08:00,酷狗音乐,热歌榜,酷狗TOP500,2026-07-06,288,落空,印子月,,3:53,F2823FEC8D01EDE2587ED3D32F787782,15394482,https://www.kugou.com/yy/rank/home/14-8888.html?from=rank
2026-07-06,2026-07-06T22:42:44+08:00,酷狗音乐,热歌榜,酷狗TOP500,2026-07-06,289,你的样子 (烟嗓版),十一经典老歌,,3:17,9CF9C5DDBC66437ED5BF2EDB46FF94D8,193387171,https://www.kugou.com/yy/rank/home/14-8888.html?from=rank
2026-07-06,2026-07-06T22:42:44+08:00,酷狗音乐,热歌榜,酷狗TOP500,2026-07-06,290,向天空发呆,宇文千,,4:39,F547D805B06123592682CA418303248D,196712829,https://www.kugou.com/yy/rank/home/14-8888.html?from=rank
2026-07-06,2026-07-06T22:42:44+08:00,酷狗音乐,热歌榜,酷狗TOP500,2026-07-06,291,如果当时,许嵩,,5:16,697712B7504DA5541C3ED4D117AE1018,973251,https://www.kugou.com/yy/rank/home/14-8888.html?from=rank
2026-07-06,2026-07-06T22:42:44+08:00,酷狗音乐,热歌榜,酷狗TOP500,2026-07-06,292,time machine (feat. aren park)(Original Mix),mj apanay、aren park,,3:46,6FC23D8694067908061BB145B6DFCB87,100264848,https://www.kugou.com/yy/rank/home/14-8888.html?from=rank
2026-07-06,2026-07-06T22:42:44+08:00,酷狗音乐,热歌榜,酷狗TOP500,2026-07-06,293,街角的晚风1997,曾舜晞,,3:58,B832AE53EB24863789A5D03B03B5E6A5,195716133,https://www.kugou.com/yy/rank/home/14-8888.html?from=rank
2026-07-06,2026-07-06T22:42:44+08:00,酷狗音乐,热歌榜,酷狗TOP500,2026-07-06,294,不该 (with aMEI),周杰伦、张惠妹,,4:51,FCF336E81DA45A8E696032FFC1708175,1645030,https://www.kugou.com/yy/rank/home/14-8888.html?from=rank
2026-07-06,2026-07-06T22:42:44+08:00,酷狗音乐,热歌榜,酷狗TOP500,2026-07-06,295,是你没选我啊,于冬然,,3:22,885046DF8380B7506A6B12EC8F6E201D,176303736,https://www.kugou.com/yy/rank/home/14-8888.html?from=rank
2026-07-06,2026-07-06T22:42:44+08:00,酷狗音乐,热歌榜,酷狗TOP500,2026-07-06,296,离别开出花 (弹唱版),就是南方凯,,2:52,67911051D7E5B9B3343847D73BF883F5,81781305,https://www.kugou.com/yy/rank/home/14-8888.html?from=rank
2026-07-06,2026-07-06T22:42:44+08:00,酷狗音乐,热歌榜,酷狗TOP500,2026-07-06,297,你瞒我瞒,陈柏宇,,3:58,E8EE57D671769402710C4FF9259D841F,965453,https://www.kugou.com/yy/rank/home/14-8888.html?from=rank
2026-07-06,2026-07-06T22:42:44+08:00,酷狗音乐,热歌榜,酷狗TOP500,2026-07-06,298,慢慢离开你,金润吉,,3:51,27915AFE951AD80B584AC4EB4DA41CF7,107320623,https://www.kugou.com/yy/rank/home/14-8888.html?from=rank
2026-07-06,2026-07-06T22:42:44+08:00,酷狗音乐,热歌榜,酷狗TOP500,2026-07-06,299,"Baby, Don't Cry (人鱼的眼泪)(Chinese Ver.)",EXO,,3:56,B692ED61ED4DDE69C50EB8B975D4E04D,22436133,https://www.kugou.com/yy/rank/home/14-8888.html?from=rank
2026-07-06,2026-07-06T22:42:44+08:00,酷狗音乐,热歌榜,酷狗TOP500,2026-07-06,300,爱你没差,周杰伦,,4:41,66F31869BBAA767A929F35EEE1CCC5C9,982051,https://www.kugou.com/yy/rank/home/14-8888.html?from=rank
2026-07-06,2026-07-06T22:42:44+08:00,酷狗音乐,热歌榜,酷狗TOP500,2026-07-06,301,我爱的是爱我的你,纯手动洗衣机,,3:40,E8A313D72B0624C85227D48D5D55BF6F,184901497,https://www.kugou.com/yy/rank/home/14-8888.html?from=rank
2026-07-06,2026-07-06T22:42:44+08:00,酷狗音乐,热歌榜,酷狗TOP500,2026-07-06,302,光年之外 (G.E.M.重生版),G.E.M. 邓紫棋,,3:55,B0EB2A1CC6832B3596E0D71E3CAFCD5F,150256944,https://www.kugou.com/yy/rank/home/14-8888.html?from=rank
2026-07-06,2026-07-06T22:42:44+08:00,酷狗音乐,热歌榜,酷狗TOP500,2026-07-06,303,冬天的秘密,周传雄,,4:33,1088AEEAB9674A49F8067DCDEB1FC1EE,982655,https://www.kugou.com/yy/rank/home/14-8888.html?from=rank
2026-07-06,2026-07-06T22:42:44+08:00,酷狗音乐,热歌榜,酷狗TOP500,2026-07-06,304,Call You Tonight,Whitney Houston,,4:10,3378039942BA822731531F34BACF9CA1,561454,https://www.kugou.com/yy/rank/home/14-8888.html?from=rank
2026-07-06,2026-07-06T22:42:44+08:00,酷狗音乐,热歌榜,酷狗TOP500,2026-07-06,305,玉芬啊玉芬你让彪哥好伤心,老韩很哇塞,,3:00,AFF2135F30F90B6768AF3320505559CF,177493243,https://www.kugou.com/yy/rank/home/14-8888.html?from=rank
2026-07-06,2026-07-06T22:42:44+08:00,酷狗音乐,热歌榜,酷狗TOP500,2026-07-06,306,大海,张雨生,,4:40,BF8252BEAE57AEB53490145CA8E81BB4,967705,https://www.kugou.com/yy/rank/home/14-8888.html?from=rank
2026-07-06,2026-07-06T22:42:44+08:00,酷狗音乐,热歌榜,酷狗TOP500,2026-07-06,307,一生多少离和愁,一凡,,3:46,0DAB55AA94C765EADF5236E280EB242D,196824350,https://www.kugou.com/yy/rank/home/14-8888.html?from=rank
2026-07-06,2026-07-06T22:42:44+08:00,酷狗音乐,热歌榜,酷狗TOP500,2026-07-06,308,无名的人,毛不易,,4:42,525A854C4A4EDF63CAF528D693F69CE0,51231315,https://www.kugou.com/yy/rank/home/14-8888.html?from=rank
2026-07-06,2026-07-06T22:42:44+08:00,酷狗音乐,热歌榜,酷狗TOP500,2026-07-06,309,谁,洋澜一,,3:40,445C54E59AB287FCF15D68FAF92CD9B7,89608819,https://www.kugou.com/yy/rank/home/15-8888.html?from=rank
2026-07-06,2026-07-06T22:42:44+08:00,酷狗音乐,热歌榜,酷狗TOP500,2026-07-06,310,指纹,杜宣达,,4:00,EAF4CB91DA618DBEDC751F54B3B3620D,50057639,https://www.kugou.com/yy/rank/home/15-8888.html?from=rank
2026-07-06,2026-07-06T22:42:44+08:00,酷狗音乐,热歌榜,酷狗TOP500,2026-07-06,311,红豆,王菲,,4:16,AEF916A18BAAE9C8E7807179C8DA64D1,960812,https://www.kugou.com/yy/rank/home/15-8888.html?from=rank
2026-07-06,2026-07-06T22:42:44+08:00,酷狗音乐,热歌榜,酷狗TOP500,2026-07-06,312,逍遥仙,筷子兄弟,,3:44,DB55839AA8A9EBCECCD87948ED031B15,195208297,https://www.kugou.com/yy/rank/home/15-8888.html?from=rank
2026-07-06,2026-07-06T22:42:44+08:00,酷狗音乐,热歌榜,酷狗TOP500,2026-07-06,313,半点心,草蜢,,3:52,6DF94BFD206BB819120C0D021B93EDBC,564642,https://www.kugou.com/yy/rank/home/15-8888.html?from=rank
2026-07-06,2026-07-06T22:42:44+08:00,酷狗音乐,热歌榜,酷狗TOP500,2026-07-06,314,碎碎念,队长,,2:13,A823AE8D84854FD2EB5B8E599D1263FA,79831015,https://www.kugou.com/yy/rank/home/15-8888.html?from=rank
2026-07-06,2026-07-06T22:42:44+08:00,酷狗音乐,热歌榜,酷狗TOP500,2026-07-06,315,海屿你,沈辞,,4:55,989579857295930A28831210D7842474,187023837,https://www.kugou.com/yy/rank/home/15-8888.html?from=rank
2026-07-06,2026-07-06T22:42:44+08:00,酷狗音乐,热歌榜,酷狗TOP500,2026-07-06,316,忐白门 (Live),莫文蔚,,3:40,7706101FD08BC4C06F4649F5EE14B445,197148641,https://www.kugou.com/yy/rank/home/15-8888.html?from=rank
2026-07-06,2026-07-06T22:42:44+08:00,酷狗音乐,热歌榜,酷狗TOP500,2026-07-06,317,不分手的恋爱,汪苏泷,,3:26,543A6E13C527E52886E51BBF14191C8F,37376237,https://www.kugou.com/yy/rank/home/15-8888.html?from=rank
2026-07-06,2026-07-06T22:42:44+08:00,酷狗音乐,热歌榜,酷狗TOP500,2026-07-06,318,春庭雪 (r&b微醺版),落日微醺,,3:44,34F0A836850778DA37190AA74ED2A06E,195834505,https://www.kugou.com/yy/rank/home/15-8888.html?from=rank
2026-07-06,2026-07-06T22:42:44+08:00,酷狗音乐,热歌榜,酷狗TOP500,2026-07-06,319,背着风流泪,文夫,,4:14,93313560CDE28F74AA7D2894E3C4D7F7,146986506,https://www.kugou.com/yy/rank/home/15-8888.html?from=rank
2026-07-06,2026-07-06T22:42:44+08:00,酷狗音乐,热歌榜,酷狗TOP500,2026-07-06,320,老街,李荣浩,,5:19,30E7F7CCB57EB16D1BE3EC71D7ADB071,964378,https://www.kugou.com/yy/rank/home/15-8888.html?from=rank
2026-07-06,2026-07-06T22:42:44+08:00,酷狗音乐,热歌榜,酷狗TOP500,2026-07-06,321,明天，你好,牛奶咖啡,,4:32,A9527F71F7149F13E1F78B23C25DD30B,967562,https://www.kugou.com/yy/rank/home/15-8888.html?from=rank
2026-07-06,2026-07-06T22:42:44+08:00,酷狗音乐,热歌榜,酷狗TOP500,2026-07-06,322,匿名的好友,杨丞琳,,4:23,F9CE6B13B4C90B01B3C129FF11B11C87,2694607,https://www.kugou.com/yy/rank/home/15-8888.html?from=rank
2026-07-06,2026-07-06T22:42:44+08:00,酷狗音乐,热歌榜,酷狗TOP500,2026-07-06,323,感谢你曾来过,Ayo97、周思涵,,4:10,39DCBBDCB0B377628BEF5FD48EF01254,9101627,https://www.kugou.com/yy/rank/home/15-8888.html?from=rank
2026-07-06,2026-07-06T22:42:44+08:00,酷狗音乐,热歌榜,酷狗TOP500,2026-07-06,324,走走,李荣浩,,5:04,0BD5B6F56CED35BB3380425EC02E1098,106374641,https://www.kugou.com/yy/rank/home/15-8888.html?from=rank
2026-07-06,2026-07-06T22:42:44+08:00,酷狗音乐,热歌榜,酷狗TOP500,2026-07-06,325,没那么简单,黄小琥,,5:08,90D82FB9EB6C1F5385F6F086318EE1FA,962530,https://www.kugou.com/yy/rank/home/15-8888.html?from=rank
2026-07-06,2026-07-06T22:42:44+08:00,酷狗音乐,热歌榜,酷狗TOP500,2026-07-06,326,搀扶,马健涛,,5:28,D95AE3CC810BB62D28505AE1510C329F,130332417,https://www.kugou.com/yy/rank/home/15-8888.html?from=rank
2026-07-06,2026-07-06T22:42:44+08:00,酷狗音乐,热歌榜,酷狗TOP500,2026-07-06,327,老人与海,海鸣威、吴琼,,4:26,64550F3E833ABE710545EA84FC82754E,1778632,https://www.kugou.com/yy/rank/home/15-8888.html?from=rank
2026-07-06,2026-07-06T22:42:44+08:00,酷狗音乐,热歌榜,酷狗TOP500,2026-07-06,328,你就不要想起我,田馥甄,,4:41,33E67CD9B775093E93CBABBD649DF087,965595,https://www.kugou.com/yy/rank/home/15-8888.html?from=rank
2026-07-06,2026-07-06T22:42:44+08:00,酷狗音乐,热歌榜,酷狗TOP500,2026-07-06,329,倒数,G.E.M. 邓紫棋,,3:49,65945C4D6FB03D7997AE133C9BE5715D,9373625,https://www.kugou.com/yy/rank/home/15-8888.html?from=rank
2026-07-06,2026-07-06T22:42:44+08:00,酷狗音乐,热歌榜,酷狗TOP500,2026-07-06,330,执子之手,宝石Gem、一哩哩一,,3:10,A84D44A92F427A3198ECEE703B708478,61962429,https://www.kugou.com/yy/rank/home/15-8888.html?from=rank
2026-07-06,2026-07-06T22:42:44+08:00,酷狗音乐,热歌榜,酷狗TOP500,2026-07-06,331,好久不见,陈奕迅,,4:11,8E1DDAF172D9C60A28C19358B07BFBF8,962514,https://www.kugou.com/yy/rank/home/16-8888.html?from=rank
2026-07-06,2026-07-06T22:42:44+08:00,酷狗音乐,热歌榜,酷狗TOP500,2026-07-06,332,我的歌声里,曲婉婷,,3:37,227D8E7B7B6EAF7509BB345A7B718EB2,516422,https://www.kugou.com/yy/rank/home/16-8888.html?from=rank
2026-07-06,2026-07-06T22:42:44+08:00,酷狗音乐,热歌榜,酷狗TOP500,2026-07-06,333,手放开,李圣杰,,4:25,022583751858F1E3558F32EC4ECF7DD5,959847,https://www.kugou.com/yy/rank/home/16-8888.html?from=rank
2026-07-06,2026-07-06T22:42:44+08:00,酷狗音乐,热歌榜,酷狗TOP500,2026-07-06,334,须尽欢,郑浩,,4:38,7C70742885B39CBB1C917FB91DE58586,49639151,https://www.kugou.com/yy/rank/home/16-8888.html?from=rank
2026-07-06,2026-07-06T22:42:44+08:00,酷狗音乐,热歌榜,酷狗TOP500,2026-07-06,335,谁明浪子心,王杰,,5:01,1E54C9C01C9DFC5C68F743368F353711,983991,https://www.kugou.com/yy/rank/home/16-8888.html?from=rank
2026-07-06,2026-07-06T22:42:44+08:00,酷狗音乐,热歌榜,酷狗TOP500,2026-07-06,336,Because of You,Kelly Clarkson,,3:39,FED9A7BE6BC7D2FF3B8426ECEF34A2B6,1592158,https://www.kugou.com/yy/rank/home/16-8888.html?from=rank
2026-07-06,2026-07-06T22:42:44+08:00,酷狗音乐,热歌榜,酷狗TOP500,2026-07-06,337,不浪漫罪名,王杰,,4:48,4255D3F001B95B07F2D5BE330D14A780,503247,https://www.kugou.com/yy/rank/home/16-8888.html?from=rank
2026-07-06,2026-07-06T22:42:44+08:00,酷狗音乐,热歌榜,酷狗TOP500,2026-07-06,338,姑娘爱情郎,慕容晓晓,,4:01,B1C69DBFD56A333647ED9F65998C25AC,981869,https://www.kugou.com/yy/rank/home/16-8888.html?from=rank
2026-07-06,2026-07-06T22:42:44+08:00,酷狗音乐,热歌榜,酷狗TOP500,2026-07-06,339,意外,薛之谦,,4:52,04E0EDE41EA3CCFF76C04F414E1D03A7,960327,https://www.kugou.com/yy/rank/home/16-8888.html?from=rank
2026-07-06,2026-07-06T22:42:44+08:00,酷狗音乐,热歌榜,酷狗TOP500,2026-07-06,340,追光者,岑宁儿,,3:56,03F818EF5B72D16F65BD6298FB99B440,2706911,https://www.kugou.com/yy/rank/home/16-8888.html?from=rank
2026-07-06,2026-07-06T22:42:44+08:00,酷狗音乐,热歌榜,酷狗TOP500,2026-07-06,341,听哭了自己,沧桑老叔,,3:32,2F886E50337A0268514AA517C5E13A39,184905718,https://www.kugou.com/yy/rank/home/16-8888.html?from=rank
2026-07-06,2026-07-06T22:42:44+08:00,酷狗音乐,热歌榜,酷狗TOP500,2026-07-06,342,晚风心里吹,阿梨粤,,3:07,DFFB8F6768AC5044881BB6DD11BDED53,55808898,https://www.kugou.com/yy/rank/home/16-8888.html?from=rank
2026-07-06,2026-07-06T22:42:44+08:00,酷狗音乐,热歌榜,酷狗TOP500,2026-07-06,343,雀跃,任然、小来,,3:56,6F07E18E17B811C4931349D7D87C1A43,2820318,https://www.kugou.com/yy/rank/home/16-8888.html?from=rank
2026-07-06,2026-07-06T22:42:44+08:00,酷狗音乐,热歌榜,酷狗TOP500,2026-07-06,344,记事本,陈慧琳,,4:11,26684870E2CE3936A3D72559F67C0606,2996651,https://www.kugou.com/yy/rank/home/16-8888.html?from=rank
2026-07-06,2026-07-06T22:42:44+08:00,酷狗音乐,热歌榜,酷狗TOP500,2026-07-06,345,这叫爱,BY2,,3:30,5F0149010F4D5DB5255CB85DB41B0381,980795,https://www.kugou.com/yy/rank/home/16-8888.html?from=rank
2026-07-06,2026-07-06T22:42:44+08:00,酷狗音乐,热歌榜,酷狗TOP500,2026-07-06,346,忘了你忘了我,王杰,,4:38,95CBD367E98724883CA99874AD626446,962390,https://www.kugou.com/yy/rank/home/16-8888.html?from=rank
2026-07-06,2026-07-06T22:42:44+08:00,酷狗音乐,热歌榜,酷狗TOP500,2026-07-06,347,冲动的惩罚,刀郎,,7:54,84073718AE6A82366444C3B5AE526FAC,964521,https://www.kugou.com/yy/rank/home/16-8888.html?from=rank
2026-07-06,2026-07-06T22:42:44+08:00,酷狗音乐,热歌榜,酷狗TOP500,2026-07-06,348,情罪,陈瑞,,4:45,9642484D6F37650295B370CD52553DC5,80617215,https://www.kugou.com/yy/rank/home/16-8888.html?from=rank
2026-07-06,2026-07-06T22:42:44+08:00,酷狗音乐,热歌榜,酷狗TOP500,2026-07-06,349,就是爱你,陶喆,,4:24,43485D7A650AFF532E5ECF24D7FB6381,7547427,https://www.kugou.com/yy/rank/home/16-8888.html?from=rank
2026-07-06,2026-07-06T22:42:44+08:00,酷狗音乐,热歌榜,酷狗TOP500,2026-07-06,350,天外来物,薛之谦,,4:17,761C1EAFBD1E22504B487F84D2152DF5,40890018,https://www.kugou.com/yy/rank/home/16-8888.html?from=rank
2026-07-06,2026-07-06T22:42:44+08:00,酷狗音乐,热歌榜,酷狗TOP500,2026-07-06,351,爱我还是他,陶喆,,4:53,004A93C3A157D825B92A91EEB17DA36A,7547427,https://www.kugou.com/yy/rank/home/16-8888.html?from=rank
2026-07-06,2026-07-06T22:42:44+08:00,酷狗音乐,热歌榜,酷狗TOP500,2026-07-06,352,虚拟,陈粒,,4:01,AEF0740270FE89918F07807C8D669FB7,1749208,https://www.kugou.com/yy/rank/home/16-8888.html?from=rank
2026-07-06,2026-07-06T22:42:44+08:00,酷狗音乐,热歌榜,酷狗TOP500,2026-07-06,353,相思锁,张真源,,4:19,1EE7286F28323B8FA2425C428D116EC4,197146938,https://www.kugou.com/yy/rank/home/17-8888.html?from=rank
2026-07-06,2026-07-06T22:42:44+08:00,酷狗音乐,热歌榜,酷狗TOP500,2026-07-06,354,偏偏喜欢你,陈百强,,3:32,D186383AA965D13601CFF4857F844FEE,983655,https://www.kugou.com/yy/rank/home/17-8888.html?from=rank
2026-07-06,2026-07-06T22:42:44+08:00,酷狗音乐,热歌榜,酷狗TOP500,2026-07-06,355,别怕我伤心,张信哲,,4:47,70EC1F2E0383021891A716060CC6EEAE,538030,https://www.kugou.com/yy/rank/home/17-8888.html?from=rank
2026-07-06,2026-07-06T22:42:44+08:00,酷狗音乐,热歌榜,酷狗TOP500,2026-07-06,356,下雨天,南拳妈妈,,4:13,947127F991A6A4FF77C89779E6B25AF4,983794,https://www.kugou.com/yy/rank/home/17-8888.html?from=rank
2026-07-06,2026-07-06T22:42:44+08:00,酷狗音乐,热歌榜,酷狗TOP500,2026-07-06,357,淘汰,陈奕迅,,4:45,90C64A1FB2F32663FA8037D847AABB57,962514,https://www.kugou.com/yy/rank/home/17-8888.html?from=rank
2026-07-06,2026-07-06T22:42:44+08:00,酷狗音乐,热歌榜,酷狗TOP500,2026-07-06,358,恶作剧,王蓝茵,,3:47,05B893FC78627C3F5635491BBB35167E,720564,https://www.kugou.com/yy/rank/home/17-8888.html?from=rank
2026-07-06,2026-07-06T22:42:44+08:00,酷狗音乐,热歌榜,酷狗TOP500,2026-07-06,359,痴心绝对,李圣杰,,4:22,2B7176CC7B1E7F5A136A5A1E1AACD365,966511,https://www.kugou.com/yy/rank/home/17-8888.html?from=rank
2026-07-06,2026-07-06T22:42:44+08:00,酷狗音乐,热歌榜,酷狗TOP500,2026-07-06,360,菩提树下许无悔 (男女对唱版),婉婷、杨烬,,3:30,3785949EBAFE3C2DA4CE458452FB91F1,183514847,https://www.kugou.com/yy/rank/home/17-8888.html?from=rank
2026-07-06,2026-07-06T22:42:44+08:00,酷狗音乐,热歌榜,酷狗TOP500,2026-07-06,361,天亮以前说再见 (雪花多舍不得冬天),四熹丸子,,3:53,36255921966B48B35A6E31D843C1CDD4,133064388,https://www.kugou.com/yy/rank/home/17-8888.html?from=rank
2026-07-06,2026-07-06T22:42:44+08:00,酷狗音乐,热歌榜,酷狗TOP500,2026-07-06,362,断点,张敬轩,,4:28,2C2A571D91FF7BF6FE814887FFA7E592,2996592,https://www.kugou.com/yy/rank/home/17-8888.html?from=rank
2026-07-06,2026-07-06T22:42:44+08:00,酷狗音乐,热歌榜,酷狗TOP500,2026-07-06,363,人间共鸣,李健,,4:19,C9A5658204BD4E941F3DB2FB132D4968,176253415,https://www.kugou.com/yy/rank/home/17-8888.html?from=rank
2026-07-06,2026-07-06T22:42:44+08:00,酷狗音乐,热歌榜,酷狗TOP500,2026-07-06,364,一路生花,温奕心,,4:16,4F18553F2AF06E355AD75A5EE6173456,45305792,https://www.kugou.com/yy/rank/home/17-8888.html?from=rank
2026-07-06,2026-07-06T22:42:44+08:00,酷狗音乐,热歌榜,酷狗TOP500,2026-07-06,365,月亮照山川,窝窝,,3:18,B96C803232E044E3D6308EAE37ADDE1D,142338715,https://www.kugou.com/yy/rank/home/17-8888.html?from=rank
2026-07-06,2026-07-06T22:42:44+08:00,酷狗音乐,热歌榜,酷狗TOP500,2026-07-06,366,Take Me to Your Heart,Michael Learns To Rock,,3:59,97ED0BF75D3D6EEB97A326073F503AC8,561642,https://www.kugou.com/yy/rank/home/17-8888.html?from=rank
2026-07-06,2026-07-06T22:42:44+08:00,酷狗音乐,热歌榜,酷狗TOP500,2026-07-06,367,你从春天走来,刘若英,,3:57,050ED3130EB7195AE1AE408A7E2B9798,197111096,https://www.kugou.com/yy/rank/home/17-8888.html?from=rank
2026-07-06,2026-07-06T22:42:44+08:00,酷狗音乐,热歌榜,酷狗TOP500,2026-07-06,368,当爱在靠近,刘若英,,4:11,D988B9B4B769D979279D4AC9E84907F1,978209,https://www.kugou.com/yy/rank/home/17-8888.html?from=rank
2026-07-06,2026-07-06T22:42:44+08:00,酷狗音乐,热歌榜,酷狗TOP500,2026-07-06,369,沦陷,JuggShots,,3:04,64C2E5D33BE5F53758F3E96DC8EEC3C3,95717116,https://www.kugou.com/yy/rank/home/17-8888.html?from=rank
2026-07-06,2026-07-06T22:42:44+08:00,酷狗音乐,热歌榜,酷狗TOP500,2026-07-06,370,如果可以,韦礼安,,4:34,70425DF5F0C9FCED5E0468189A7F4A70,49958186,https://www.kugou.com/yy/rank/home/17-8888.html?from=rank
2026-07-06,2026-07-06T22:42:44+08:00,酷狗音乐,热歌榜,酷狗TOP500,2026-07-06,371,逆流成河,金南玲,,2:05,F12381673024C26DF3CC2589AA52987F,976591,https://www.kugou.com/yy/rank/home/17-8888.html?from=rank
2026-07-06,2026-07-06T22:42:44+08:00,酷狗音乐,热歌榜,酷狗TOP500,2026-07-06,372,先说谎的人,h3R3、张鑫,,2:49,4F2F51A01A6FF91435D80EEC62E759C0,51331566,https://www.kugou.com/yy/rank/home/17-8888.html?from=rank
2026-07-06,2026-07-06T22:42:44+08:00,酷狗音乐,热歌榜,酷狗TOP500,2026-07-06,373,怎么说我不爱你,萧敬腾,,4:35,70D8473F489A59B756BA4BE5164455DE,958893,https://www.kugou.com/yy/rank/home/17-8888.html?from=rank
2026-07-06,2026-07-06T22:42:44+08:00,酷狗音乐,热歌榜,酷狗TOP500,2026-07-06,374,可惜春风不懂我伤悲,范贵宾,,3:28,51322D0ED8F8CE337E61DA61AD45E698,181550159,https://www.kugou.com/yy/rank/home/17-8888.html?from=rank
2026-07-06,2026-07-06T22:42:44+08:00,酷狗音乐,热歌榜,酷狗TOP500,2026-07-06,375,一场游戏一场梦,王杰,,4:17,55340B431243FF5F112527EFC0591232,7547885,https://www.kugou.com/yy/rank/home/18-8888.html?from=rank
2026-07-06,2026-07-06T22:42:44+08:00,酷狗音乐,热歌榜,酷狗TOP500,2026-07-06,376,不再犹豫,BEYOND,,4:15,C477FE5B38147B7522DFCF3DC5BB8A6B,8176296,https://www.kugou.com/yy/rank/home/18-8888.html?from=rank
2026-07-06,2026-07-06T22:42:44+08:00,酷狗音乐,热歌榜,酷狗TOP500,2026-07-06,377,一个人想着一个人 (说唱版),艾比利,,3:09,A4C9C11B5C6CD698FBA54D0AB3FE71CA,102363749,https://www.kugou.com/yy/rank/home/18-8888.html?from=rank
2026-07-06,2026-07-06T22:42:44+08:00,酷狗音乐,热歌榜,酷狗TOP500,2026-07-06,378,可能,程响,,3:37,38B234C1135A5E9A4C98D55C058A4894,57727291,https://www.kugou.com/yy/rank/home/18-8888.html?from=rank
2026-07-06,2026-07-06T22:42:44+08:00,酷狗音乐,热歌榜,酷狗TOP500,2026-07-06,379,这世界那么多人,莫文蔚,,4:46,8217FD6FE2973658781FB08DA4F8C4D6,44349469,https://www.kugou.com/yy/rank/home/18-8888.html?from=rank
2026-07-06,2026-07-06T22:42:44+08:00,酷狗音乐,热歌榜,酷狗TOP500,2026-07-06,380,租购,薛之谦,,4:31,B96A6102B2238E21C463E96A7D81E840,130133801,https://www.kugou.com/yy/rank/home/18-8888.html?from=rank
2026-07-06,2026-07-06T22:42:44+08:00,酷狗音乐,热歌榜,酷狗TOP500,2026-07-06,381,反方向的钟,周杰伦,,4:18,A6049AAB184A305CAA906C6BBB8E8233,978031,https://www.kugou.com/yy/rank/home/18-8888.html?from=rank
2026-07-06,2026-07-06T22:42:44+08:00,酷狗音乐,热歌榜,酷狗TOP500,2026-07-06,382,美丽的神话,孙楠、韩红,,4:52,877281C8E094A848F022BCAAA76945CB,964166,https://www.kugou.com/yy/rank/home/18-8888.html?from=rank
2026-07-06,2026-07-06T22:42:44+08:00,酷狗音乐,热歌榜,酷狗TOP500,2026-07-06,383,张仙语三,任素汐,,3:42,B2D122170A7DCDD3308CC13DAB23CFE3,191975390,https://www.kugou.com/yy/rank/home/18-8888.html?from=rank
2026-07-06,2026-07-06T22:42:44+08:00,酷狗音乐,热歌榜,酷狗TOP500,2026-07-06,384,咏春,七朵组合,,4:31,9C54B0CCA0581987E92560F11413E88F,8344834,https://www.kugou.com/yy/rank/home/18-8888.html?from=rank
2026-07-06,2026-07-06T22:42:44+08:00,酷狗音乐,热歌榜,酷狗TOP500,2026-07-06,385,想你和我们的以后,苏运莹,,4:32,5EBA7A9F8385FE7657E751870A287AFD,13669576,https://www.kugou.com/yy/rank/home/18-8888.html?from=rank
2026-07-06,2026-07-06T22:42:44+08:00,酷狗音乐,热歌榜,酷狗TOP500,2026-07-06,386,信仰,张信哲,,4:16,7BC178F32AD57D4AEAA1CA545E8710C1,967699,https://www.kugou.com/yy/rank/home/18-8888.html?from=rank
2026-07-06,2026-07-06T22:42:44+08:00,酷狗音乐,热歌榜,酷狗TOP500,2026-07-06,387,病态的爱 (忘不掉你带给我的吻),哈利白特、Zkaaai,,3:21,AA92A86A3BEF25416ADD03573FBBDEEE,133804191,https://www.kugou.com/yy/rank/home/18-8888.html?from=rank
2026-07-06,2026-07-06T22:42:44+08:00,酷狗音乐,热歌榜,酷狗TOP500,2026-07-06,388,修炼爱情,林俊杰,,4:47,8748C12719DCA9F588B1118AC05F6BF8,972188,https://www.kugou.com/yy/rank/home/18-8888.html?from=rank
2026-07-06,2026-07-06T22:42:44+08:00,酷狗音乐,热歌榜,酷狗TOP500,2026-07-06,389,求佛,誓言,,4:46,7B7140B23A836DC6EE63B6CD48482402,7614,https://www.kugou.com/yy/rank/home/18-8888.html?from=rank
2026-07-06,2026-07-06T22:42:44+08:00,酷狗音乐,热歌榜,酷狗TOP500,2026-07-06,390,你的万水千山,海来阿木,,4:10,FFD933E5C7325D15924421D7E6E0BF3F,37735226,https://www.kugou.com/yy/rank/home/18-8888.html?from=rank
2026-07-06,2026-07-06T22:42:44+08:00,酷狗音乐,热歌榜,酷狗TOP500,2026-07-06,391,雨蝶,李翊君,,3:51,C83424ACF417185057E278554B91D4C0,7549108,https://www.kugou.com/yy/rank/home/18-8888.html?from=rank
2026-07-06,2026-07-06T22:42:44+08:00,酷狗音乐,热歌榜,酷狗TOP500,2026-07-06,392,那些年,胡夏,,6:10,954D4606AF23C1B7A9740676838BCFB2,974137,https://www.kugou.com/yy/rank/home/18-8888.html?from=rank
2026-07-06,2026-07-06T22:42:44+08:00,酷狗音乐,热歌榜,酷狗TOP500,2026-07-06,393,海屿你,林樾,,4:57,E13794CAEBCF1117B9DDC444D4AFC785,192446853,https://www.kugou.com/yy/rank/home/18-8888.html?from=rank
2026-07-06,2026-07-06T22:42:44+08:00,酷狗音乐,热歌榜,酷狗TOP500,2026-07-06,394,我想念,汪苏泷,,3:45,A6545AABFE93C5495BA8ADB2A555B84F,76163380,https://www.kugou.com/yy/rank/home/18-8888.html?from=rank
2026-07-06,2026-07-06T22:42:44+08:00,酷狗音乐,热歌榜,酷狗TOP500,2026-07-06,395,I'm Waiting (Radio Edit),Stage Rockers,,4:30,5FB4D4C2336C116945C5CCA9862D7B67,1949715,https://www.kugou.com/yy/rank/home/18-8888.html?from=rank
2026-07-06,2026-07-06T22:42:44+08:00,酷狗音乐,热歌榜,酷狗TOP500,2026-07-06,396,手写的从前,周杰伦,,4:58,2920D0149AD73FAC588C264539F7927F,962593,https://www.kugou.com/yy/rank/home/18-8888.html?from=rank
2026-07-06,2026-07-06T22:42:44+08:00,酷狗音乐,热歌榜,酷狗TOP500,2026-07-06,397,不负众望,陈婉菁,,3:55,B54BD54DD6B27B311A9F7E2CF9505D3E,62005607,https://www.kugou.com/yy/rank/home/19-8888.html?from=rank
2026-07-06,2026-07-06T22:42:44+08:00,酷狗音乐,热歌榜,酷狗TOP500,2026-07-06,398,如果这就是爱情,张靓颖,,4:43,4E871DF1E2034CF6BAAD7B03D2386058,2597425,https://www.kugou.com/yy/rank/home/19-8888.html?from=rank
2026-07-06,2026-07-06T22:42:44+08:00,酷狗音乐,热歌榜,酷狗TOP500,2026-07-06,399,犯错,顾峰、斯琴高丽,,3:16,51BAF90D6D5B2F899FB84C9A34E2A6AF,965586,https://www.kugou.com/yy/rank/home/19-8888.html?from=rank
2026-07-06,2026-07-06T22:42:44+08:00,酷狗音乐,热歌榜,酷狗TOP500,2026-07-06,400,沈园外,阿YueYue、戾格、小田音乐社,,3:43,9B46F3774EEC55D47508E93A468FF5FC,40796517,https://www.kugou.com/yy/rank/home/19-8888.html?from=rank
2026-07-06,2026-07-06T22:42:44+08:00,酷狗音乐,热歌榜,酷狗TOP500,2026-07-06,401,侧脸,于果,,3:38,6E0D71237817092E2F5EB8E1B3623781,8334245,https://www.kugou.com/yy/rank/home/19-8888.html?from=rank
2026-07-06,2026-07-06T22:42:44+08:00,酷狗音乐,热歌榜,酷狗TOP500,2026-07-06,402,刚好遇见你,李玉刚,,3:20,106EC000715C5C62AAE36B347B296642,1820033,https://www.kugou.com/yy/rank/home/19-8888.html?from=rank
2026-07-06,2026-07-06T22:42:44+08:00,酷狗音乐,热歌榜,酷狗TOP500,2026-07-06,403,容易受伤的女人,王菲,,4:21,C4BDD79D611789B65B368283D4DDAB0F,980244,https://www.kugou.com/yy/rank/home/19-8888.html?from=rank
2026-07-06,2026-07-06T22:42:44+08:00,酷狗音乐,热歌榜,酷狗TOP500,2026-07-06,404,新地球,林俊杰,,4:37,12DC6FB3670A3514561C32F1B0E02979,542795,https://www.kugou.com/yy/rank/home/19-8888.html?from=rank
2026-07-06,2026-07-06T22:42:44+08:00,酷狗音乐,热歌榜,酷狗TOP500,2026-07-06,405,我在月光下许过情真 (女版R&B),林雪儿,,2:56,95E8185C8A4E770E0B5AEA4505F02BEF,192996378,https://www.kugou.com/yy/rank/home/19-8888.html?from=rank
2026-07-06,2026-07-06T22:42:44+08:00,酷狗音乐,热歌榜,酷狗TOP500,2026-07-06,406,麦恩莉,方大同,,4:48,3A08C7B067EC2E9B552AB8664490FCEB,971920,https://www.kugou.com/yy/rank/home/19-8888.html?from=rank
2026-07-06,2026-07-06T22:42:44+08:00,酷狗音乐,热歌榜,酷狗TOP500,2026-07-06,407,再见,G.E.M. 邓紫棋,,3:26,EC2F249E4CCA0CF59F660876C54BEC1F,555825,https://www.kugou.com/yy/rank/home/19-8888.html?from=rank
2026-07-06,2026-07-06T22:42:44+08:00,酷狗音乐,热歌榜,酷狗TOP500,2026-07-06,408,望故乡,文夫,,4:04,B6CEE126761296B41A5E2D9448A719B5,103729774,https://www.kugou.com/yy/rank/home/19-8888.html?from=rank
2026-07-06,2026-07-06T22:42:44+08:00,酷狗音乐,热歌榜,酷狗TOP500,2026-07-06,409,暧昧,薛之谦,,5:12,B3A4E466F13F44FA0B91FA4EB8E6DECA,7818079,https://www.kugou.com/yy/rank/home/19-8888.html?from=rank
2026-07-06,2026-07-06T22:42:44+08:00,酷狗音乐,热歌榜,酷狗TOP500,2026-07-06,410,玫瑰花的葬礼,许嵩,,4:21,0A335E9374392B72E5965D8F6165E564,1968878,https://www.kugou.com/yy/rank/home/19-8888.html?from=rank
2026-07-06,2026-07-06T22:42:44+08:00,酷狗音乐,热歌榜,酷狗TOP500,2026-07-06,411,想你的夜,关喆,,4:25,1404A292A6E122C99696BDFF04CE982F,963737,https://www.kugou.com/yy/rank/home/19-8888.html?from=rank
2026-07-06,2026-07-06T22:42:44+08:00,酷狗音乐,热歌榜,酷狗TOP500,2026-07-06,412,有点甜,汪苏泷、BY2,,3:55,99CFDC717FEB7DABCD8A6392D821FC08,516425,https://www.kugou.com/yy/rank/home/19-8888.html?from=rank
2026-07-06,2026-07-06T22:42:44+08:00,酷狗音乐,热歌榜,酷狗TOP500,2026-07-06,413,刚刚好,薛之谦,,4:11,956EEC514146039E6D6A16B30DD64A7B,1747549,https://www.kugou.com/yy/rank/home/19-8888.html?from=rank
2026-07-06,2026-07-06T22:42:44+08:00,酷狗音乐,热歌榜,酷狗TOP500,2026-07-06,414,我太笨,锤娜丽莎,,4:25,A5D4F40382C0DF1A95A48A617793F03E,46432417,https://www.kugou.com/yy/rank/home/19-8888.html?from=rank
2026-07-06,2026-07-06T22:42:44+08:00,酷狗音乐,热歌榜,酷狗TOP500,2026-07-06,415,借口,周杰伦,,4:20,47C5990AEBDBDC27239D989BC3FF638E,971783,https://www.kugou.com/yy/rank/home/19-8888.html?from=rank
2026-07-06,2026-07-06T22:42:44+08:00,酷狗音乐,热歌榜,酷狗TOP500,2026-07-06,416,读心术,卓文萱,,4:20,3F98A771F8F33556966A9990F66D95C4,965920,https://www.kugou.com/yy/rank/home/19-8888.html?from=rank
2026-07-06,2026-07-06T22:42:44+08:00,酷狗音乐,热歌榜,酷狗TOP500,2026-07-06,417,Una Mattina,Papa Tin,,2:57,B667D853B7DB6CC5702FABE35DF12009,100895497,https://www.kugou.com/yy/rank/home/19-8888.html?from=rank
2026-07-06,2026-07-06T22:42:44+08:00,酷狗音乐,热歌榜,酷狗TOP500,2026-07-06,418,单身情歌,林志炫,,4:35,ACD27A452FE3D0348D38540762DA7BEB,971171,https://www.kugou.com/yy/rank/home/19-8888.html?from=rank
2026-07-06,2026-07-06T22:42:44+08:00,酷狗音乐,热歌榜,酷狗TOP500,2026-07-06,419,无颜女,小凌、徐良,,3:34,814F086372015D4500A42A5BB424BBAB,567580,https://www.kugou.com/yy/rank/home/20-8888.html?from=rank
2026-07-06,2026-07-06T22:42:44+08:00,酷狗音乐,热歌榜,酷狗TOP500,2026-07-06,420,长安姑娘,李常超（Lao乾妈）,,4:15,10DAF944AAC0C157FC25047234673072,36787882,https://www.kugou.com/yy/rank/home/20-8888.html?from=rank
2026-07-06,2026-07-06T22:42:44+08:00,酷狗音乐,热歌榜,酷狗TOP500,2026-07-06,421,一起闯荡,蓝波,,3:47,11FCCB020B9128364CC42373B034B8EA,1795537,https://www.kugou.com/yy/rank/home/20-8888.html?from=rank
2026-07-06,2026-07-06T22:42:44+08:00,酷狗音乐,热歌榜,酷狗TOP500,2026-07-06,422,张三的歌 (欢快版),小梁的（梁思琪）,,3:03,96B0FB54773641CD63DFC72DA1BA918D,180777832,https://www.kugou.com/yy/rank/home/20-8888.html?from=rank
2026-07-06,2026-07-06T22:42:44+08:00,酷狗音乐,热歌榜,酷狗TOP500,2026-07-06,423,左转灯 (1000 Times +1),派伟俊、mac ova seas,,3:17,E51ABAF534E7D2BA42DB5604421D4838,164658305,https://www.kugou.com/yy/rank/home/20-8888.html?from=rank
2026-07-06,2026-07-06T22:42:44+08:00,酷狗音乐,热歌榜,酷狗TOP500,2026-07-06,424,天际,洋澜一,,5:46,DEAE9D1FC61F4810A0C15AA9CFD83722,76611526,https://www.kugou.com/yy/rank/home/20-8888.html?from=rank
2026-07-06,2026-07-06T22:42:44+08:00,酷狗音乐,热歌榜,酷狗TOP500,2026-07-06,425,传奇,王菲,,4:56,A72FE2B2521CE45FD632AC3E559F6691,959238,https://www.kugou.com/yy/rank/home/20-8888.html?from=rank
2026-07-06,2026-07-06T22:42:44+08:00,酷狗音乐,热歌榜,酷狗TOP500,2026-07-06,426,愿与愁,林俊杰,,3:52,4A2A7260442B0A5D5F17295F1DD7241B,71681690,https://www.kugou.com/yy/rank/home/20-8888.html?from=rank
2026-07-06,2026-07-06T22:42:44+08:00,酷狗音乐,热歌榜,酷狗TOP500,2026-07-06,427,我恨明月不照我,阿YueYue,,4:12,B1B259EEA7E93DE5F6C759BA6C45777C,172322576,https://www.kugou.com/yy/rank/home/20-8888.html?from=rank
2026-07-06,2026-07-06T22:42:44+08:00,酷狗音乐,热歌榜,酷狗TOP500,2026-07-06,428,Fast Cars & Superstars,Cristian Marchi、Reverend Haus,,2:52,9EA177A8A77A9E31B164F6BDA20D4776,81561846,https://www.kugou.com/yy/rank/home/20-8888.html?from=rank
2026-07-06,2026-07-06T22:42:44+08:00,酷狗音乐,热歌榜,酷狗TOP500,2026-07-06,429,画,赵雷,,3:46,F5F4E2CAE64AC055C3E22A6C807832EE,965599,https://www.kugou.com/yy/rank/home/20-8888.html?from=rank
2026-07-06,2026-07-06T22:42:44+08:00,酷狗音乐,热歌榜,酷狗TOP500,2026-07-06,430,The Cure,Lady Gaga,,3:31,3EF072E796A8CF441C83BC751BCB5C38,1994338,https://www.kugou.com/yy/rank/home/20-8888.html?from=rank
2026-07-06,2026-07-06T22:42:44+08:00,酷狗音乐,热歌榜,酷狗TOP500,2026-07-06,431,说散就散,袁娅维TIA RAY,,4:03,837D7CEC9202B47F077BB7FE8C0C1A08,8025931,https://www.kugou.com/yy/rank/home/20-8888.html?from=rank
2026-07-06,2026-07-06T22:42:44+08:00,酷狗音乐,热歌榜,酷狗TOP500,2026-07-06,432,孤雏,AGA,,4:53,8BB44BFFC9A9CFC06706D37DA52B617B,1821989,https://www.kugou.com/yy/rank/home/20-8888.html?from=rank
2026-07-06,2026-07-06T22:42:44+08:00,酷狗音乐,热歌榜,酷狗TOP500,2026-07-06,433,枕着光的她,任素汐,,3:10,A6971AC00970DB979D3D7F6089B054B4,83300880,https://www.kugou.com/yy/rank/home/20-8888.html?from=rank
2026-07-06,2026-07-06T22:42:44+08:00,酷狗音乐,热歌榜,酷狗TOP500,2026-07-06,434,七秒钟的记忆,徐良、孙羽幽,,3:23,360286003219AE24E387C837D270BD8B,526576,https://www.kugou.com/yy/rank/home/20-8888.html?from=rank
2026-07-06,2026-07-06T22:42:44+08:00,酷狗音乐,热歌榜,酷狗TOP500,2026-07-06,435,给我一首歌的时间,周杰伦,,4:14,EAD10DC931A1102A10FDCD3665010322,960399,https://www.kugou.com/yy/rank/home/20-8888.html?from=rank
2026-07-06,2026-07-06T22:42:44+08:00,酷狗音乐,热歌榜,酷狗TOP500,2026-07-06,436,暖一杯茶,邵帅,,4:03,26A9B8C6480C22BC4342F22CB897E760,23061596,https://www.kugou.com/yy/rank/home/20-8888.html?from=rank
2026-07-06,2026-07-06T22:42:44+08:00,酷狗音乐,热歌榜,酷狗TOP500,2026-07-06,437,颜色,Gareth.T,,3:31,550CDD3C7EA9939D258C0A976B3FA0E4,145760181,https://www.kugou.com/yy/rank/home/20-8888.html?from=rank
2026-07-06,2026-07-06T22:42:44+08:00,酷狗音乐,热歌榜,酷狗TOP500,2026-07-06,438,乌兰巴托的夜 (空灵女版),几行,,2:26,2C3D97DF03D54820B6537F1BA77D4A9C,179042571,https://www.kugou.com/yy/rank/home/20-8888.html?from=rank
2026-07-06,2026-07-06T22:42:44+08:00,酷狗音乐,热歌榜,酷狗TOP500,2026-07-06,439,三国恋,Tank,,4:06,1325E661C6044048943A8D7D417ED280,966742,https://www.kugou.com/yy/rank/home/20-8888.html?from=rank
2026-07-06,2026-07-06T22:42:44+08:00,酷狗音乐,热歌榜,酷狗TOP500,2026-07-06,440,习惯失恋,容祖儿,,3:57,AE122E306884C427CAC1E93F65EFE670,533125,https://www.kugou.com/yy/rank/home/20-8888.html?from=rank
2026-07-06,2026-07-06T22:42:44+08:00,酷狗音乐,热歌榜,酷狗TOP500,2026-07-06,441,像鱼,王贰浪,,4:45,6215C5A85B30E53C2E4C20C4DED38D72,13621986,https://www.kugou.com/yy/rank/home/21-8888.html?from=rank
2026-07-06,2026-07-06T22:42:44+08:00,酷狗音乐,热歌榜,酷狗TOP500,2026-07-06,442,大眠,王心凌,,4:00,A7FABF26BF07963E8BFB7705DBB503FC,13487578,https://www.kugou.com/yy/rank/home/21-8888.html?from=rank
2026-07-06,2026-07-06T22:42:44+08:00,酷狗音乐,热歌榜,酷狗TOP500,2026-07-06,443,大城小爱,王力宏,,3:45,3EAF74E9E5065C03B050F356F0567311,2820176,https://www.kugou.com/yy/rank/home/21-8888.html?from=rank
2026-07-06,2026-07-06T22:42:44+08:00,酷狗音乐,热歌榜,酷狗TOP500,2026-07-06,444,爱我不要丢下我,王思思,,5:31,412823EE5ECB43E80705919843A04496,2821937,https://www.kugou.com/yy/rank/home/21-8888.html?from=rank
2026-07-06,2026-07-06T22:42:44+08:00,酷狗音乐,热歌榜,酷狗TOP500,2026-07-06,445,锁 (Live),张靓颖、曾舜晞,,3:44,638AAD25590BCA90E939028CC03E183C,196185049,https://www.kugou.com/yy/rank/home/21-8888.html?from=rank
2026-07-06,2026-07-06T22:42:44+08:00,酷狗音乐,热歌榜,酷狗TOP500,2026-07-06,446,包容,郑源,,4:23,34000A6CA0043801440E74059F4759EF,967724,https://www.kugou.com/yy/rank/home/21-8888.html?from=rank
2026-07-06,2026-07-06T22:42:44+08:00,酷狗音乐,热歌榜,酷狗TOP500,2026-07-06,447,倒带,蔡依林,,4:26,446507D2332BC3F263596363A97C6E95,976925,https://www.kugou.com/yy/rank/home/21-8888.html?from=rank
2026-07-06,2026-07-06T22:42:44+08:00,酷狗音乐,热歌榜,酷狗TOP500,2026-07-06,448,暖暖,梁静茹,,4:03,D7E7A2C2B33386E834238AC7CBC3524E,2997466,https://www.kugou.com/yy/rank/home/21-8888.html?from=rank
2026-07-06,2026-07-06T22:42:44+08:00,酷狗音乐,热歌榜,酷狗TOP500,2026-07-06,449,我好像在哪见过你,薛之谦,,4:39,6A350E487263733359E7F2B64BD974AC,1747549,https://www.kugou.com/yy/rank/home/21-8888.html?from=rank
2026-07-06,2026-07-06T22:42:44+08:00,酷狗音乐,热歌榜,酷狗TOP500,2026-07-06,450,不得不爱,潘玮柏、弦子,,4:41,8F9E3FD474EA612C61EB20D1415767BF,972809,https://www.kugou.com/yy/rank/home/21-8888.html?from=rank
2026-07-06,2026-07-06T22:42:44+08:00,酷狗音乐,热歌榜,酷狗TOP500,2026-07-06,451,云裳羽衣曲,周深,,4:57,934D8E4D8819632E2A5BDB22DC8FB2E8,8668128,https://www.kugou.com/yy/rank/home/21-8888.html?from=rank
2026-07-06,2026-07-06T22:42:44+08:00,酷狗音乐,热歌榜,酷狗TOP500,2026-07-06,452,云与海,阿YueYue,,4:18,B2A0D0283A6127D57350962564BAF200,39316870,https://www.kugou.com/yy/rank/home/21-8888.html?from=rank
2026-07-06,2026-07-06T22:42:44+08:00,酷狗音乐,热歌榜,酷狗TOP500,2026-07-06,453,你是人间四月天,邵帅,,3:42,B85B93F19F1F3CA16FF52427F155900E,41661842,https://www.kugou.com/yy/rank/home/21-8888.html?from=rank
2026-07-06,2026-07-06T22:42:44+08:00,酷狗音乐,热歌榜,酷狗TOP500,2026-07-06,454,求命运高抬贵手,张良,,4:06,4757F3DEA152DD20684D4BCE896A2C9B,194056248,https://www.kugou.com/yy/rank/home/21-8888.html?from=rank
2026-07-06,2026-07-06T22:42:44+08:00,酷狗音乐,热歌榜,酷狗TOP500,2026-07-06,455,推开世界的门,杨乃文,,4:42,6B5A905C8904FD4A23D255DA1B5592C9,1803972,https://www.kugou.com/yy/rank/home/21-8888.html?from=rank
2026-07-06,2026-07-06T22:42:44+08:00,酷狗音乐,热歌榜,酷狗TOP500,2026-07-06,456,孤独患者,陈奕迅,,4:34,72A9BB44569890399978A49D631DF310,530848,https://www.kugou.com/yy/rank/home/21-8888.html?from=rank
2026-07-06,2026-07-06T22:42:44+08:00,酷狗音乐,热歌榜,酷狗TOP500,2026-07-06,457,寂寞沙洲冷,周传雄,,4:35,36A4F5EAA748324A5D509D8EDC47699F,984377,https://www.kugou.com/yy/rank/home/21-8888.html?from=rank
2026-07-06,2026-07-06T22:42:44+08:00,酷狗音乐,热歌榜,酷狗TOP500,2026-07-06,458,Dear John,比莉,,5:11,71951213A1C3C313DEEB017D3C9E77CC,2528933,https://www.kugou.com/yy/rank/home/21-8888.html?from=rank
2026-07-06,2026-07-06T22:42:44+08:00,酷狗音乐,热歌榜,酷狗TOP500,2026-07-06,459,红日,李克勤,,4:47,F044D961BFD1EAE20F629E793F78DDFD,558487,https://www.kugou.com/yy/rank/home/21-8888.html?from=rank
2026-07-06,2026-07-06T22:42:44+08:00,酷狗音乐,热歌榜,酷狗TOP500,2026-07-06,460,叹云兮,鞠婧祎,,4:43,9CBB77B83B8D7D8113C6A60B8230D3E4,8700851,https://www.kugou.com/yy/rank/home/21-8888.html?from=rank
2026-07-06,2026-07-06T22:42:44+08:00,酷狗音乐,热歌榜,酷狗TOP500,2026-07-06,461,我是真的爱上你,橘子妹,,3:53,55D45E89E73164FA3877CD5A46A54A28,108560843,https://www.kugou.com/yy/rank/home/21-8888.html?from=rank
2026-07-06,2026-07-06T22:42:44+08:00,酷狗音乐,热歌榜,酷狗TOP500,2026-07-06,462,天黑黑,孙燕姿,,3:56,D4601C9FFEADB42961CE4E623FAFD279,973684,https://www.kugou.com/yy/rank/home/21-8888.html?from=rank
2026-07-06,2026-07-06T22:42:44+08:00,酷狗音乐,热歌榜,酷狗TOP500,2026-07-06,463,天亮以前说再见,何野,,4:00,18E9FC6CF97258B75D090188EDBAE95B,11792318,https://www.kugou.com/yy/rank/home/22-8888.html?from=rank
2026-07-06,2026-07-06T22:42:44+08:00,酷狗音乐,热歌榜,酷狗TOP500,2026-07-06,464,莫问归期,蒋雪儿Snow.J,,3:39,F0E418FB19E8D295D0F78E50AE3B7E30,27453193,https://www.kugou.com/yy/rank/home/22-8888.html?from=rank
2026-07-06,2026-07-06T22:42:44+08:00,酷狗音乐,热歌榜,酷狗TOP500,2026-07-06,465,有风无风皆自由,王一佳,,3:10,E07D4C9943EAF537E362F7D9C2898F47,96650642,https://www.kugou.com/yy/rank/home/22-8888.html?from=rank
2026-07-06,2026-07-06T22:42:44+08:00,酷狗音乐,热歌榜,酷狗TOP500,2026-07-06,466,大花轿 (feat.火风),张艺兴、火风,,3:11,E851D731AB952CC8BA6B7EE0822696A5,173139857,https://www.kugou.com/yy/rank/home/22-8888.html?from=rank
2026-07-06,2026-07-06T22:42:44+08:00,酷狗音乐,热歌榜,酷狗TOP500,2026-07-06,467,绿色,陈雪凝,,4:30,39080698852E5CC51F0571EF438DB175,15270740,https://www.kugou.com/yy/rank/home/22-8888.html?from=rank
2026-07-06,2026-07-06T22:42:44+08:00,酷狗音乐,热歌榜,酷狗TOP500,2026-07-06,468,谁伴我闯荡,BEYOND,,4:14,8C93B8355FCE21E3343680A17E61AB03,8176296,https://www.kugou.com/yy/rank/home/22-8888.html?from=rank
2026-07-06,2026-07-06T22:42:44+08:00,酷狗音乐,热歌榜,酷狗TOP500,2026-07-06,469,春泥,余超颖,,4:01,24E58A122DCBE890FBC87A275244BF22,55863407,https://www.kugou.com/yy/rank/home/22-8888.html?from=rank
2026-07-06,2026-07-06T22:42:44+08:00,酷狗音乐,热歌榜,酷狗TOP500,2026-07-06,470,Sinos De Natal,MGD、MXZHPHXNK,,2:12,237C8FD6EC0BFC92E2584EF377705E8F,168252092,https://www.kugou.com/yy/rank/home/22-8888.html?from=rank
2026-07-06,2026-07-06T22:42:44+08:00,酷狗音乐,热歌榜,酷狗TOP500,2026-07-06,471,不要说话,陈奕迅,,4:48,4A002DE48D2ED4C0942FA1A5851832C7,973108,https://www.kugou.com/yy/rank/home/22-8888.html?from=rank
2026-07-06,2026-07-06T22:42:44+08:00,酷狗音乐,热歌榜,酷狗TOP500,2026-07-06,472,烟火里的尘埃,黄霄雲,,5:09,956AB83E54388A41F7FC507AF1C8BCCA,140256496,https://www.kugou.com/yy/rank/home/22-8888.html?from=rank
2026-07-06,2026-07-06T22:42:44+08:00,酷狗音乐,热歌榜,酷狗TOP500,2026-07-06,473,冷夜,陈默之,,4:07,DC939521FA5F5736A33765D56B90E03C,84595635,https://www.kugou.com/yy/rank/home/22-8888.html?from=rank
2026-07-06,2026-07-06T22:42:44+08:00,酷狗音乐,热歌榜,酷狗TOP500,2026-07-06,474,卜卦,崔子格,,3:37,3DF7D3883268325CC5074FBA623212DF,2591825,https://www.kugou.com/yy/rank/home/22-8888.html?from=rank
2026-07-06,2026-07-06T22:42:44+08:00,酷狗音乐,热歌榜,酷狗TOP500,2026-07-06,475,红蔷薇白玫瑰 (G.E.M.重生版),G.E.M. 邓紫棋,,4:45,FF4AAAE19876C6F2B9B888794FA6E664,150256944,https://www.kugou.com/yy/rank/home/22-8888.html?from=rank
2026-07-06,2026-07-06T22:42:44+08:00,酷狗音乐,热歌榜,酷狗TOP500,2026-07-06,476,暮色回响,张韶涵,,3:01,997F31985DDDD0C353A0F680B7B95DFC,97939899,https://www.kugou.com/yy/rank/home/22-8888.html?from=rank
2026-07-06,2026-07-06T22:42:44+08:00,酷狗音乐,热歌榜,酷狗TOP500,2026-07-06,477,往事如烟 (R&B版),落日微醺,,4:34,C4148CDAE0A57131607D096740BE08B3,194290753,https://www.kugou.com/yy/rank/home/22-8888.html?from=rank
2026-07-06,2026-07-06T22:42:44+08:00,酷狗音乐,热歌榜,酷狗TOP500,2026-07-06,478,你想要的,颜人中,,3:53,6012E4AB4265603B548966BF5E85FC9B,36812133,https://www.kugou.com/yy/rank/home/22-8888.html?from=rank
2026-07-06,2026-07-06T22:42:44+08:00,酷狗音乐,热歌榜,酷狗TOP500,2026-07-06,479,淋雨一直走,张韶涵,,3:25,A02F7D09CC7EA191B500834BB5686468,520379,https://www.kugou.com/yy/rank/home/22-8888.html?from=rank
2026-07-06,2026-07-06T22:42:44+08:00,酷狗音乐,热歌榜,酷狗TOP500,2026-07-06,480,我们的明天,鹿晗,,3:52,F8ED61BCDB48FA0352452C8FDCEE8372,4108352,https://www.kugou.com/yy/rank/home/22-8888.html?from=rank
2026-07-06,2026-07-06T22:42:44+08:00,酷狗音乐,热歌榜,酷狗TOP500,2026-07-06,481,嚣张,en (王翊恩),,4:13,6E00F68FA602AB8C598EEC8710C9CEC0,26433357,https://www.kugou.com/yy/rank/home/22-8888.html?from=rank
2026-07-06,2026-07-06T22:42:44+08:00,酷狗音乐,热歌榜,酷狗TOP500,2026-07-06,482,他不懂,张杰,,3:52,BA40D69184A05D7BCD335028C5C613BE,38606351,https://www.kugou.com/yy/rank/home/22-8888.html?from=rank
2026-07-06,2026-07-06T22:42:44+08:00,酷狗音乐,热歌榜,酷狗TOP500,2026-07-06,483,夜空中最亮的星,逃跑计划,,4:12,766877C1D3DD28BE7546506922EA17D7,961718,https://www.kugou.com/yy/rank/home/22-8888.html?from=rank
2026-07-06,2026-07-06T22:42:44+08:00,酷狗音乐,热歌榜,酷狗TOP500,2026-07-06,484,零距离的思念,TINY7,,3:06,279A50FF5784F3A92F0ABB689B0335EE,137584528,https://www.kugou.com/yy/rank/home/22-8888.html?from=rank
2026-07-06,2026-07-06T22:42:44+08:00,酷狗音乐,热歌榜,酷狗TOP500,2026-07-06,485,爱在西元前,周杰伦,,3:54,66B756FB1331807B032EF97F7BA9948E,958706,https://www.kugou.com/yy/rank/home/23-8888.html?from=rank
2026-07-06,2026-07-06T22:42:44+08:00,酷狗音乐,热歌榜,酷狗TOP500,2026-07-06,486,空心,光泽,,4:39,4465EE613CC3CF7DCF9448F8ACFED1CA,4141939,https://www.kugou.com/yy/rank/home/23-8888.html?from=rank
2026-07-06,2026-07-06T22:42:44+08:00,酷狗音乐,热歌榜,酷狗TOP500,2026-07-06,487,尘念,桑耶,,3:16,FBE82E5DCC11A3A8AF6B8A5B74E2F2BB,190711369,https://www.kugou.com/yy/rank/home/23-8888.html?from=rank
2026-07-06,2026-07-06T22:42:44+08:00,酷狗音乐,热歌榜,酷狗TOP500,2026-07-06,488,冷雨夜,BEYOND,,4:19,34721C6BD44CB5F92BF3E4150AE3B5F1,976137,https://www.kugou.com/yy/rank/home/23-8888.html?from=rank
2026-07-06,2026-07-06T22:42:44+08:00,酷狗音乐,热歌榜,酷狗TOP500,2026-07-06,489,一万个理由,郑源,,4:25,6BE0597021C8E5E3D7A9AE5FB782947A,977094,https://www.kugou.com/yy/rank/home/23-8888.html?from=rank
2026-07-06,2026-07-06T22:42:44+08:00,酷狗音乐,热歌榜,酷狗TOP500,2026-07-06,490,山野间花又落,万海东,,3:47,60A937DCE8886D8F92A2EA46A1EE90B0,191863514,https://www.kugou.com/yy/rank/home/23-8888.html?from=rank
2026-07-06,2026-07-06T22:42:44+08:00,酷狗音乐,热歌榜,酷狗TOP500,2026-07-06,491,阿果吉曲,海来阿木,,3:46,BE6EC122324469AC0021347015971314,8320816,https://www.kugou.com/yy/rank/home/23-8888.html?from=rank
2026-07-06,2026-07-06T22:42:44+08:00,酷狗音乐,热歌榜,酷狗TOP500,2026-07-06,492,寂寞寂寞不好,曹格,,4:03,FC4F75E00CF68E67117791D202A63486,19085585,https://www.kugou.com/yy/rank/home/23-8888.html?from=rank
2026-07-06,2026-07-06T22:42:44+08:00,酷狗音乐,热歌榜,酷狗TOP500,2026-07-06,493,烟火人间,添儿呗,,4:26,452C5270CF93E8FBF5FE69354BACF034,37900003,https://www.kugou.com/yy/rank/home/23-8888.html?from=rank
2026-07-06,2026-07-06T22:42:44+08:00,酷狗音乐,热歌榜,酷狗TOP500,2026-07-06,494,交给时间斑驳,供销社乐队,,3:13,25A2A32039CD1F815587CD5FB8A1E170,174314307,https://www.kugou.com/yy/rank/home/23-8888.html?from=rank
2026-07-06,2026-07-06T22:42:44+08:00,酷狗音乐,热歌榜,酷狗TOP500,2026-07-06,495,天若有情,A-Lin,,4:17,2E6CE4E79982AE2119A69C1D30537EA2,1805426,https://www.kugou.com/yy/rank/home/23-8888.html?from=rank
2026-07-06,2026-07-06T22:42:44+08:00,酷狗音乐,热歌榜,酷狗TOP500,2026-07-06,496,叹这一生,戎大姨,,3:39,E7C3680DD11A1B54538A95F74D0E8676,190014266,https://www.kugou.com/yy/rank/home/23-8888.html?from=rank
2026-07-06,2026-07-06T22:42:44+08:00,酷狗音乐,热歌榜,酷狗TOP500,2026-07-06,497,男孩 (Live),梁博,,5:12,7888BA9869F728304E06047048137CDD,1985016,https://www.kugou.com/yy/rank/home/23-8888.html?from=rank
2026-07-06,2026-07-06T22:42:44+08:00,酷狗音乐,热歌榜,酷狗TOP500,2026-07-06,498,天下,张杰,,3:42,17B11C65674378CA43995537331E1D9C,38606351,https://www.kugou.com/yy/rank/home/23-8888.html?from=rank
2026-07-06,2026-07-06T22:42:44+08:00,酷狗音乐,热歌榜,酷狗TOP500,2026-07-06,499,一生有你,水木年华,,4:18,B296619A5A37920C595FA5954CB7AA60,961898,https://www.kugou.com/yy/rank/home/23-8888.html?from=rank
2026-07-06,2026-07-06T22:42:44+08:00,酷狗音乐,热歌榜,酷狗TOP500,2026-07-06,500,Star Crossing Night (feat. GALI),徐明浩、GALI,,3:25,365E247CFC88B7CEFBF9A03F1576065C,158890325,https://www.kugou.com/yy/rank/home/23-8888.html?from=rank
2026-07-06,2026-07-06T22:42:44+08:00,酷狗音乐,飙升榜,酷狗飙升榜,2026-07-06,1,我要你爱我,张碧晨,,4:11,22EE44530620DFC2D631B41E5F253C61,198024250,https://www.kugou.com/yy/rank/home/1-6666.html?from=rank
2026-07-06,2026-07-06T22:42:44+08:00,酷狗音乐,飙升榜,酷狗飙升榜,2026-07-06,2,我借 (御姐版),铁锤夫妇,,4:07,EC2F26754FED82D125388E7B27D536AA,197901242,https://www.kugou.com/yy/rank/home/1-6666.html?from=rank
2026-07-06,2026-07-06T22:42:44+08:00,酷狗音乐,飙升榜,酷狗飙升榜,2026-07-06,3,也许在下雨天 (对唱版),何遇Hayu、李伟宾,,3:47,91BA5F804651111D231D215C61791A9A,197727974,https://www.kugou.com/yy/rank/home/1-6666.html?from=rank
2026-07-06,2026-07-06T22:42:44+08:00,酷狗音乐,飙升榜,酷狗飙升榜,2026-07-06,4,得意的笑 (Live),李宇春,,4:41,6CE2F2C45E18B2F1F4E6C026E5E3331A,198030029,https://www.kugou.com/yy/rank/home/1-6666.html?from=rank
2026-07-06,2026-07-06T22:42:44+08:00,酷狗音乐,飙升榜,酷狗飙升榜,2026-07-06,5,街道,林俊杰,,4:02,D9DF39A88E29EADDB272A4B04393D357,963179,https://www.kugou.com/yy/rank/home/1-6666.html?from=rank
2026-07-06,2026-07-06T22:42:44+08:00,酷狗音乐,飙升榜,酷狗飙升榜,2026-07-06,6,至少还有你 (Live),周柏豪,,3:40,58FEA4836B668F965CB5E323C19B1777,198030029,https://www.kugou.com/yy/rank/home/1-6666.html?from=rank
2026-07-06,2026-07-06T22:42:44+08:00,酷狗音乐,飙升榜,酷狗飙升榜,2026-07-06,7,Mt窒息,小奥奥、张智超,,3:50,C8D31785B407D9AE7A3593BC0F900461,197930768,https://www.kugou.com/yy/rank/home/1-6666.html?from=rank
2026-07-06,2026-07-06T22:42:44+08:00,酷狗音乐,飙升榜,酷狗飙升榜,2026-07-06,8,不打扰你忘不了你 (男声版),苍狼,,3:37,7CE34FFF3AE6CBA8C37C0BF92E27CFF2,198182829,https://www.kugou.com/yy/rank/home/1-6666.html?from=rank
2026-07-06,2026-07-06T22:42:44+08:00,酷狗音乐,飙升榜,酷狗飙升榜,2026-07-06,9,Fiction,GOLD999,,2:05,8591966B516C5B62AF04C0943CA88600,173098869,https://www.kugou.com/yy/rank/home/1-6666.html?from=rank
2026-07-06,2026-07-06T22:42:44+08:00,酷狗音乐,飙升榜,酷狗飙升榜,2026-07-06,10,我心比天高 (烟嗓版),DJ小赫、DJ铁柱,,3:10,C928BCB5391465D16AE58CDD4434E1CD,197593751,https://www.kugou.com/yy/rank/home/1-6666.html?from=rank
2026-07-06,2026-07-06T22:42:44+08:00,酷狗音乐,飙升榜,酷狗飙升榜,2026-07-06,11,西厢寻他 (春风化雨版),姜添、听潮阁,,3:41,BA6E67E6D60A1917820D8797CDF58160,198017911,https://www.kugou.com/yy/rank/home/1-6666.html?from=rank
2026-07-06,2026-07-06T22:42:44+08:00,酷狗音乐,飙升榜,酷狗飙升榜,2026-07-06,12,踏马寻花向自由 (想喝李白的酒),王一佳,,3:32,B61C3C2A0DBE1BBD0CA60BADE3449B31,195725923,https://www.kugou.com/yy/rank/home/1-6666.html?from=rank
2026-07-06,2026-07-06T22:42:44+08:00,酷狗音乐,飙升榜,酷狗飙升榜,2026-07-06,13,今夜情为证,谭咏麟,,4:11,443FC2034565B34003BEA15AAE39EFDD,198010940,https://www.kugou.com/yy/rank/home/1-6666.html?from=rank
2026-07-06,2026-07-06T22:42:44+08:00,酷狗音乐,飙升榜,酷狗飙升榜,2026-07-06,14,闯荡 (Live),黄旭,,3:36,4EE8E5AACF18AFE6A7A63393120294D8,198137528,https://www.kugou.com/yy/rank/home/1-6666.html?from=rank
2026-07-06,2026-07-06T22:42:44+08:00,酷狗音乐,飙升榜,酷狗飙升榜,2026-07-06,15,也许在下雨天 (柔情版),予晴,,3:47,9D23D4977E2C1C9588A27E6407151536,196681551,https://www.kugou.com/yy/rank/home/1-6666.html?from=rank
2026-07-06,2026-07-06T22:42:44+08:00,酷狗音乐,飙升榜,酷狗飙升榜,2026-07-06,16,想你盼你难见你,肖雨蒙,,3:02,831D9F3946F6CE44D1258348AB57072E,198182091,https://www.kugou.com/yy/rank/home/1-6666.html?from=rank
2026-07-06,2026-07-06T22:42:44+08:00,酷狗音乐,飙升榜,酷狗飙升榜,2026-07-06,17,you know 2 (Phonk),KEVER,,2:06,3C8642F43180CF1D1D1343956113D836,197704912,https://www.kugou.com/yy/rank/home/1-6666.html?from=rank
2026-07-06,2026-07-06T22:42:44+08:00,酷狗音乐,飙升榜,酷狗飙升榜,2026-07-06,18,真心最难求,一凡,,2:57,73F0C8EA91ACB3FB66DE05BB1B16FEA7,195536072,https://www.kugou.com/yy/rank/home/1-6666.html?from=rank
2026-07-06,2026-07-06T22:42:44+08:00,酷狗音乐,飙升榜,酷狗飙升榜,2026-07-06,19,人没良心感情等于0,马健涛,,3:08,44B13194C3AD7DF066C6AFCC054653C0,198278363,https://www.kugou.com/yy/rank/home/1-6666.html?from=rank
2026-07-06,2026-07-06T22:42:44+08:00,酷狗音乐,飙升榜,酷狗飙升榜,2026-07-06,20,够够 (Live),Vinz-T,,2:45,E77568DC2314300A0C24E338C45975B2,198137528,https://www.kugou.com/yy/rank/home/1-6666.html?from=rank
2026-07-06,2026-07-06T22:42:44+08:00,酷狗音乐,飙升榜,酷狗飙升榜,2026-07-06,21,小看我了 (Live),布瑞吉Bridge,,4:04,DAF6939339B7E9E458F4A59965274792,198137528,https://www.kugou.com/yy/rank/home/1-6666.html?from=rank
2026-07-06,2026-07-06T22:42:44+08:00,酷狗音乐,飙升榜,酷狗飙升榜,2026-07-06,22,Who,萧景鸿,,3:28,8297BC36154B9E0139073FA6B40B8AFB,197127845,https://www.kugou.com/yy/rank/home/1-6666.html?from=rank
2026-07-06,2026-07-06T22:42:44+08:00,酷狗音乐,飙升榜,酷狗飙升榜,2026-07-06,23,我不该动情,杨不乖,,3:57,E49E3C2AC6DDAB47877DFBF94C53248E,198181731,https://www.kugou.com/yy/rank/home/2-6666.html?from=rank
2026-07-06,2026-07-06T22:42:44+08:00,酷狗音乐,飙升榜,酷狗飙升榜,2026-07-06,24,Upward spiral (扶瑶直上)(Live),KKECHO,,2:42,29747264E0336841A532D8947834D80C,198137528,https://www.kugou.com/yy/rank/home/2-6666.html?from=rank
2026-07-06,2026-07-06T22:42:44+08:00,酷狗音乐,飙升榜,酷狗飙升榜,2026-07-06,25,纸短情长,橘子妹,,3:12,6409E40AA87B641F2CD167C44509D882,197596123,https://www.kugou.com/yy/rank/home/2-6666.html?from=rank
2026-07-06,2026-07-06T22:42:44+08:00,酷狗音乐,飙升榜,酷狗飙升榜,2026-07-06,26,月满西楼约,如梦,,3:53,9D46CB34459F26B7D109F52BF0A68472,182028898,https://www.kugou.com/yy/rank/home/2-6666.html?from=rank
2026-07-06,2026-07-06T22:42:44+08:00,酷狗音乐,飙升榜,酷狗飙升榜,2026-07-06,27,谁的人生没有一段难走的路,音宝,,5:07,92ED241AA3668AB2FA37FC4A2518FB44,198160668,https://www.kugou.com/yy/rank/home/2-6666.html?from=rank
2026-07-06,2026-07-06T22:42:44+08:00,酷狗音乐,飙升榜,酷狗飙升榜,2026-07-06,28,无缘陪你相守到老,李发发,,3:59,1BF70351B1D290D4FCE1D76EFB428C42,198187726,https://www.kugou.com/yy/rank/home/2-6666.html?from=rank
2026-07-06,2026-07-06T22:42:44+08:00,酷狗音乐,飙升榜,酷狗飙升榜,2026-07-06,29,何处声韵我听琴声奏起,音乐小贩子,,3:05,5D79383804DB0728FB9D6C9115D6AEAC,197584559,https://www.kugou.com/yy/rank/home/2-6666.html?from=rank
2026-07-06,2026-07-06T22:42:44+08:00,酷狗音乐,飙升榜,酷狗飙升榜,2026-07-06,30,潇洒走一回 (Live),龚琳娜,,3:36,E09EECB55D2490DCC34C52078162DADF,198030029,https://www.kugou.com/yy/rank/home/2-6666.html?from=rank
2026-07-06,2026-07-06T22:42:44+08:00,酷狗音乐,飙升榜,酷狗飙升榜,2026-07-06,31,这一生你会遇见谁早已注定,杨不乖,,3:58,9BCF74AD7226038FD5D1E169A9E1EBAC,198181742,https://www.kugou.com/yy/rank/home/2-6666.html?from=rank
2026-07-06,2026-07-06T22:42:44+08:00,酷狗音乐,飙升榜,酷狗飙升榜,2026-07-06,32,NewJazzFarmer,王一珩OneSD,,2:28,AEE0F30827E2098865EB471476E8BEAE,198188232,https://www.kugou.com/yy/rank/home/2-6666.html?from=rank
2026-07-06,2026-07-06T22:42:44+08:00,酷狗音乐,飙升榜,酷狗飙升榜,2026-07-06,33,我最怀念的人是自己 (我把从前的自己弄丢了),田园,,3:36,A70E59194BD926EF2C4D1543A41D0B67,152535791,https://www.kugou.com/yy/rank/home/2-6666.html?from=rank
2026-07-06,2026-07-06T22:42:44+08:00,酷狗音乐,飙升榜,酷狗飙升榜,2026-07-06,34,也许在下雨天 (对唱版),予晴、何遇Hayu,,3:47,0D3496EA7996003E3E213D2BB624AAD0,197471906,https://www.kugou.com/yy/rank/home/2-6666.html?from=rank
2026-07-06,2026-07-06T22:42:44+08:00,酷狗音乐,飙升榜,酷狗飙升榜,2026-07-06,35,橄榄香 (念念不忘),万海东,,3:22,95AA8669A9D7D9CE7E99EAEDB1FC142D,198182092,https://www.kugou.com/yy/rank/home/2-6666.html?from=rank
2026-07-06,2026-07-06T22:42:44+08:00,酷狗音乐,飙升榜,酷狗飙升榜,2026-07-06,36,伤不起 (Live),宋亚轩,,4:08,241D675DCFAC6D6EA513485394EA2572,198030029,https://www.kugou.com/yy/rank/home/2-6666.html?from=rank
2026-07-06,2026-07-06T22:42:44+08:00,酷狗音乐,飙升榜,酷狗飙升榜,2026-07-06,37,两两,婉婷,,4:15,CBA8146BCBD5E7007CB0B3C97B928B97,198146080,https://www.kugou.com/yy/rank/home/2-6666.html?from=rank
2026-07-06,2026-07-06T22:42:44+08:00,酷狗音乐,飙升榜,酷狗飙升榜,2026-07-06,38,懂：Get it (Live),VaVa娃娃,,2:58,9D8C6ED1866DCE0556A3074E83DC6DEF,198137528,https://www.kugou.com/yy/rank/home/2-6666.html?from=rank
2026-07-06,2026-07-06T22:42:44+08:00,酷狗音乐,飙升榜,酷狗飙升榜,2026-07-06,39,苹果香 (他乡纵有当头月 不及家乡一盏灯),郝琪力,,3:50,F2A1F350C5BACC5F52B1FE0B61324A30,197999905,https://www.kugou.com/yy/rank/home/2-6666.html?from=rank
2026-07-06,2026-07-06T22:42:44+08:00,酷狗音乐,飙升榜,酷狗飙升榜,2026-07-06,40,爱你如梦一场空 (对唱版),王娜、刘书云,,3:20,FE1960E9D3A19242B6CB8F338345877A,198146159,https://www.kugou.com/yy/rank/home/2-6666.html?from=rank
2026-07-06,2026-07-06T22:42:44+08:00,酷狗音乐,飙升榜,酷狗飙升榜,2026-07-06,41,绕路 (我只是你退而求其次的某某),王贺Ares,,3:34,9D9F6E17DEBDFF59CD25EEAB9DFCDC2E,198185151,https://www.kugou.com/yy/rank/home/2-6666.html?from=rank
2026-07-06,2026-07-06T22:42:44+08:00,酷狗音乐,飙升榜,酷狗飙升榜,2026-07-06,42,天地 (Live),RANZER叶润泽,,4:49,76067F282F82EDD7DB40E2567B32B428,198137528,https://www.kugou.com/yy/rank/home/2-6666.html?from=rank
2026-07-06,2026-07-06T22:42:44+08:00,酷狗音乐,飙升榜,酷狗飙升榜,2026-07-06,43,Surprise (惊喜)(Live),早安,,4:12,6A760F8DDE0E38DE5775FC0820AE49E5,198137528,https://www.kugou.com/yy/rank/home/2-6666.html?from=rank
2026-07-06,2026-07-06T22:42:44+08:00,酷狗音乐,飙升榜,酷狗飙升榜,2026-07-06,44,风吹过有你的城,戎大姨,,3:22,75E35C15F6303B90240F14C3BDE1B247,196648660,https://www.kugou.com/yy/rank/home/2-6666.html?from=rank
2026-07-06,2026-07-06T22:42:44+08:00,酷狗音乐,飙升榜,酷狗飙升榜,2026-07-06,45,天若有情 (执笔为你绘丹青),宿命恋人,,3:26,467E85493CA54587224FD33DF321E75A,197621468,https://www.kugou.com/yy/rank/home/3-6666.html?from=rank
2026-07-06,2026-07-06T22:42:44+08:00,酷狗音乐,飙升榜,酷狗飙升榜,2026-07-06,46,一场遇见一生的遗憾 (对唱版),袁小袁、花心姐,,3:46,B9DE52F1D0453D807555274F644C3E1A,198146253,https://www.kugou.com/yy/rank/home/3-6666.html?from=rank
2026-07-06,2026-07-06T22:42:44+08:00,酷狗音乐,飙升榜,酷狗飙升榜,2026-07-06,47,最后只剩我一个,郑茜匀,,3:40,E7B5C17B57F1AB99B8461C1A4C3106DF,198145844,https://www.kugou.com/yy/rank/home/3-6666.html?from=rank
2026-07-06,2026-07-06T22:42:44+08:00,酷狗音乐,飙升榜,酷狗飙升榜,2026-07-06,48,此行无目的只为解相思,鱼精,,3:41,167D1766C667C2EC64E30C058472420F,198242057,https://www.kugou.com/yy/rank/home/3-6666.html?from=rank
2026-07-06,2026-07-06T22:42:44+08:00,酷狗音乐,飙升榜,酷狗飙升榜,2026-07-06,49,百鸟枝头叫得欢,小酒窝、陈像,,5:03,5F2A306141B100C6ABB0197176CECC10,198129703,https://www.kugou.com/yy/rank/home/3-6666.html?from=rank
2026-07-06,2026-07-06T22:42:44+08:00,酷狗音乐,飙升榜,酷狗飙升榜,2026-07-06,50,你又来我梦里说爱我,刘书云,,3:18,AC5782FB0202DB882C2252B9B1BF6E6A,196514696,https://www.kugou.com/yy/rank/home/3-6666.html?from=rank
2026-07-06,2026-07-06T22:42:44+08:00,酷狗音乐,飙升榜,酷狗飙升榜,2026-07-06,51,我恨我还爱你,陆川泽,,3:30,107106923184DCDBADACF90ACDF43F7B,195192762,https://www.kugou.com/yy/rank/home/3-6666.html?from=rank
2026-07-06,2026-07-06T22:42:44+08:00,酷狗音乐,飙升榜,酷狗飙升榜,2026-07-06,52,Break the Drama (不装了)(Live),李斯丹妮,,3:14,54CA0242D9A5726FD2728AD5A5703F21,198137528,https://www.kugou.com/yy/rank/home/3-6666.html?from=rank
2026-07-06,2026-07-06T22:42:44+08:00,酷狗音乐,飙升榜,酷狗飙升榜,2026-07-06,53,沿海厨房 (Live),翁杰_Winjay,,3:14,2C6C47105D071C69E7F4EABB63E59EF0,198137528,https://www.kugou.com/yy/rank/home/3-6666.html?from=rank
2026-07-06,2026-07-06T22:42:44+08:00,酷狗音乐,飙升榜,酷狗飙升榜,2026-07-06,54,水百合 (Live),王菀之,,3:44,51A9E209F73B0260ADADDFD144312E9B,198030029,https://www.kugou.com/yy/rank/home/3-6666.html?from=rank
2026-07-06,2026-07-06T22:42:44+08:00,酷狗音乐,飙升榜,酷狗飙升榜,2026-07-06,55,差点意思的生活,大潞,,3:12,E825706D4BD5A74ECFDA8BB021AE8030,198146409,https://www.kugou.com/yy/rank/home/3-6666.html?from=rank
2026-07-06,2026-07-06T22:42:44+08:00,酷狗音乐,飙升榜,酷狗飙升榜,2026-07-06,56,雨是云的心 (国粤对唱),金钰儿、阿国哥,,3:31,402B37E79BA8E6C774CDD24CB4A763B1,198182134,https://www.kugou.com/yy/rank/home/3-6666.html?from=rank
2026-07-06,2026-07-06T22:42:44+08:00,酷狗音乐,飙升榜,酷狗飙升榜,2026-07-06,57,我未惊过,许冠杰、张国荣,,3:45,584DA22C2E839974408E57889B903D89,198009575,https://www.kugou.com/yy/rank/home/3-6666.html?from=rank
2026-07-06,2026-07-06T22:42:44+08:00,酷狗音乐,飙升榜,酷狗飙升榜,2026-07-06,58,最好的伴,宝石Gem,,5:51,08BD91E02D5F4EF9F7905BE9EF612329,196671935,https://www.kugou.com/yy/rank/home/3-6666.html?from=rank
2026-07-06,2026-07-06T22:42:44+08:00,酷狗音乐,飙升榜,酷狗飙升榜,2026-07-06,59,想你的样子 (烟嗓版),烟嗓船长,,3:21,CAB2DD9B63CD653B38BB11A1E0DCBCD1,173483580,https://www.kugou.com/yy/rank/home/3-6666.html?from=rank
2026-07-06,2026-07-06T22:42:44+08:00,酷狗音乐,飙升榜,酷狗飙升榜,2026-07-06,60,有没有能陪我到老的人,张亚利,,3:16,ECC6B67553B403B4178DFA352B390C88,198156174,https://www.kugou.com/yy/rank/home/3-6666.html?from=rank
2026-07-06,2026-07-06T22:42:44+08:00,酷狗音乐,飙升榜,酷狗飙升榜,2026-07-06,61,农村的老家,李浩楠,,3:25,9A817CBAB2BF1062C871ADBC4F55EEE1,198144990,https://www.kugou.com/yy/rank/home/3-6666.html?from=rank
2026-07-06,2026-07-06T22:42:44+08:00,酷狗音乐,飙升榜,酷狗飙升榜,2026-07-06,62,自洽,林辰涵,,3:10,FF631D1695349A565A268BDDB2332F4F,198159178,https://www.kugou.com/yy/rank/home/3-6666.html?from=rank
2026-07-06,2026-07-06T22:42:44+08:00,酷狗音乐,飙升榜,酷狗飙升榜,2026-07-06,63,下雨天 (期待让人越来越沉溺),情绪化,,4:00,1E63FDE8DCCA5AD5BF587E38FD9D98A6,197503983,https://www.kugou.com/yy/rank/home/3-6666.html?from=rank
2026-07-06,2026-07-06T22:42:44+08:00,酷狗音乐,飙升榜,酷狗飙升榜,2026-07-06,64,人间的剧本,老韩很哇塞,,3:18,F80698DAC679080F9E38F3DBB07BD17A,195240853,https://www.kugou.com/yy/rank/home/3-6666.html?from=rank
2026-07-06,2026-07-06T22:42:44+08:00,酷狗音乐,飙升榜,酷狗飙升榜,2026-07-06,65,伴郎 (Best Man),大头针 Official,,4:01,8A201FDED6F301E09660EE13489C18D4,195217078,https://www.kugou.com/yy/rank/home/3-6666.html?from=rank
2026-07-06,2026-07-06T22:42:44+08:00,酷狗音乐,飙升榜,酷狗飙升榜,2026-07-06,66,晴天下的雨,李润祺,,4:10,3117B2F120EC999B35B9FDB1C7FC0950,197840121,https://www.kugou.com/yy/rank/home/3-6666.html?from=rank
2026-07-06,2026-07-06T22:42:44+08:00,酷狗音乐,飙升榜,酷狗飙升榜,2026-07-06,67,想你的夜你在谁身旁,杨不乖,,3:16,7B869E1C8DBBBC972D0BB13D78DB7DBE,198181846,https://www.kugou.com/yy/rank/home/4-6666.html?from=rank
2026-07-06,2026-07-06T22:42:44+08:00,酷狗音乐,飙升榜,酷狗飙升榜,2026-07-06,68,等一场冬眠,NIKS,,3:57,B25E9CF7FB922B487790091B1FAB905E,175519685,https://www.kugou.com/yy/rank/home/4-6666.html?from=rank
2026-07-06,2026-07-06T22:42:44+08:00,酷狗音乐,飙升榜,酷狗飙升榜,2026-07-06,69,我没事 (于是我总是欲言又止),卡铂,,2:24,9554DAA467DA7943FE65C4039818F0AC,198092068,https://www.kugou.com/yy/rank/home/4-6666.html?from=rank
2026-07-06,2026-07-06T22:42:44+08:00,酷狗音乐,飙升榜,酷狗飙升榜,2026-07-06,70,空灵鼓 - 别再伤自己 (空灵鼓),柳州DJ盒盒,,4:50,38F80E74664EC7810015817B923C665B,198146004,https://www.kugou.com/yy/rank/home/4-6666.html?from=rank
2026-07-06,2026-07-06T22:42:44+08:00,酷狗音乐,飙升榜,酷狗飙升榜,2026-07-06,71,PLUS BEM SOLID,SIR电音,,2:10,D8AD3728B2C079BD45B969049B439367,190155792,https://www.kugou.com/yy/rank/home/4-6666.html?from=rank
2026-07-06,2026-07-06T22:42:44+08:00,酷狗音乐,飙升榜,酷狗飙升榜,2026-07-06,72,深夜的酒换清晨的粥,戎大姨,,3:02,84622098A6B5AD500E08B9F3CAD2A802,198146466,https://www.kugou.com/yy/rank/home/4-6666.html?from=rank
2026-07-06,2026-07-06T22:42:44+08:00,酷狗音乐,飙升榜,酷狗飙升榜,2026-07-06,73,假装 (红了樱桃 绿了芭蕉),周男孩,,3:20,A8C21C093036B9085E392A65E28C750E,198031331,https://www.kugou.com/yy/rank/home/4-6666.html?from=rank
2026-07-06,2026-07-06T22:42:44+08:00,酷狗音乐,飙升榜,酷狗飙升榜,2026-07-06,74,有缘无份 (合唱版),赵鑫、红姐姐,,4:41,08146F10670D69D35545B3326CB27B92,198182093,https://www.kugou.com/yy/rank/home/4-6666.html?from=rank
2026-07-06,2026-07-06T22:42:44+08:00,酷狗音乐,飙升榜,酷狗飙升榜,2026-07-06,75,Luvsic+夜 萤火虫和你 (钢琴版),泥萌豪,,2:44,82FC88D7865DE7E7D1BFC440D8881627,196677971,https://www.kugou.com/yy/rank/home/4-6666.html?from=rank
2026-07-06,2026-07-06T22:42:44+08:00,酷狗音乐,飙升榜,酷狗飙升榜,2026-07-06,76,爱你不能对你说 (对唱版),戎大姨、庄众,,3:37,B381A2489250DF6764B8485815FCB518,194739070,https://www.kugou.com/yy/rank/home/4-6666.html?from=rank
2026-07-06,2026-07-06T22:42:44+08:00,酷狗音乐,飙升榜,酷狗飙升榜,2026-07-06,77,你是我的满目星辰 (合唱版),刘卓越、刘梓桐,,4:44,A5CFA2F39057062AA667BB56F08243C2,197587112,https://www.kugou.com/yy/rank/home/4-6666.html?from=rank
2026-07-06,2026-07-06T22:42:44+08:00,酷狗音乐,飙升榜,酷狗飙升榜,2026-07-06,78,GuShenBengDi (感觉至上),404Hz、沸点声浪站,,1:59,15CF582C14100048F1DAB2A7933C881A,198055354,https://www.kugou.com/yy/rank/home/4-6666.html?from=rank
2026-07-06,2026-07-06T22:42:44+08:00,酷狗音乐,飙升榜,酷狗飙升榜,2026-07-06,79,Where Is Fuking Base (迷核进行曲),Camellia、Ellis Vibe,,2:22,DC9A57EE52A4F9207B6F3C62AFACAC05,197474515,https://www.kugou.com/yy/rank/home/4-6666.html?from=rank
2026-07-06,2026-07-06T22:42:44+08:00,酷狗音乐,飙升榜,酷狗飙升榜,2026-07-06,80,归命人,蔡淇,,4:24,64464C0BF98B76D447D3E2C7D3F08A06,198193012,https://www.kugou.com/yy/rank/home/4-6666.html?from=rank
2026-07-06,2026-07-06T22:42:44+08:00,酷狗音乐,飙升榜,酷狗飙升榜,2026-07-06,81,开在山坡的花,王一佳,,3:40,DD7E9D0F8D6CA3CF5B6601790A9C0238,198182109,https://www.kugou.com/yy/rank/home/4-6666.html?from=rank
2026-07-06,2026-07-06T22:42:44+08:00,酷狗音乐,飙升榜,酷狗飙升榜,2026-07-06,82,浪漫一夏 (氛围版),卢润泽,,2:30,A3D33AFBB4D547B1473449CFD14B4A1A,198258411,https://www.kugou.com/yy/rank/home/4-6666.html?from=rank
2026-07-06,2026-07-06T22:42:44+08:00,酷狗音乐,飙升榜,酷狗飙升榜,2026-07-06,83,My Words,Vahid Beats,,3:04,75AE1D4C83DA6712B473426E29CB45DA,198205323,https://www.kugou.com/yy/rank/home/4-6666.html?from=rank
2026-07-06,2026-07-06T22:42:44+08:00,酷狗音乐,飙升榜,酷狗飙升榜,2026-07-06,84,空心的雕像,星频 Echo、京仔,,3:35,FFC8238E3594E62815D928148C5A79EB,198141452,https://www.kugou.com/yy/rank/home/4-6666.html?from=rank
2026-07-06,2026-07-06T22:42:44+08:00,酷狗音乐,飙升榜,酷狗飙升榜,2026-07-06,85,BEAST!,异环10AM,,3:33,BDA69F5166C0D64A0447CC47B04B10D0,198182102,https://www.kugou.com/yy/rank/home/4-6666.html?from=rank
2026-07-06,2026-07-06T22:42:44+08:00,酷狗音乐,飙升榜,酷狗飙升榜,2026-07-06,86,无欲无求,Cruxx One,,2:08,01DBC96C62CAE144D26DA865FE2A3F38,197496113,https://www.kugou.com/yy/rank/home/4-6666.html?from=rank
2026-07-06,2026-07-06T22:42:44+08:00,酷狗音乐,飙升榜,酷狗飙升榜,2026-07-06,87,一个人我不习惯,才荒、顾知予,,2:11,050617587EAE2C4508ADC30345C494BF,195130645,https://www.kugou.com/yy/rank/home/4-6666.html?from=rank
2026-07-06,2026-07-06T22:42:44+08:00,酷狗音乐,飙升榜,酷狗飙升榜,2026-07-06,88,最后的借口,h3R3、罗可Lorkin,,3:44,706B222A3B62060A17C8C4F87B3FEF17,195977837,https://www.kugou.com/yy/rank/home/4-6666.html?from=rank
2026-07-06,2026-07-06T22:42:44+08:00,酷狗音乐,飙升榜,酷狗飙升榜,2026-07-06,89,寒鸦,指尖笑,,3:44,44DABEE2B4EDDB24328C9B44189609A6,198024079,https://www.kugou.com/yy/rank/home/5-6666.html?from=rank
2026-07-06,2026-07-06T22:42:44+08:00,酷狗音乐,飙升榜,酷狗飙升榜,2026-07-06,90,Plan B Boy (B计划男孩)(Live),李尔新,,2:45,8BB0204B153C03E2C4ADE4A6576E4192,198137528,https://www.kugou.com/yy/rank/home/5-6666.html?from=rank
2026-07-06,2026-07-06T22:42:44+08:00,酷狗音乐,飙升榜,酷狗飙升榜,2026-07-06,91,Who want a beef (谁想试试)(Live),辉子,,3:36,B54B1D9D9F872E32113D44F46E1A1FA3,198137528,https://www.kugou.com/yy/rank/home/5-6666.html?from=rank
2026-07-06,2026-07-06T22:42:44+08:00,酷狗音乐,飙升榜,酷狗飙升榜,2026-07-06,92,你是我心中最爱的人,河南表妹,,3:38,761A38D2BEFF20157E24E4EAFF9E148C,195056064,https://www.kugou.com/yy/rank/home/5-6666.html?from=rank
2026-07-06,2026-07-06T22:42:44+08:00,酷狗音乐,飙升榜,酷狗飙升榜,2026-07-06,93,这一生你会遇见谁早已注定,张良,,4:12,B74889AA9E766A93F31A37FFC4CDFAF9,198181786,https://www.kugou.com/yy/rank/home/5-6666.html?from=rank
2026-07-06,2026-07-06T22:42:44+08:00,酷狗音乐,飙升榜,酷狗飙升榜,2026-07-06,94,你终究还是成了他的人,王建荣,,4:05,96A2265B3ED95A841F9ACFA6342EAF91,198200218,https://www.kugou.com/yy/rank/home/5-6666.html?from=rank
2026-07-06,2026-07-06T22:42:44+08:00,酷狗音乐,飙升榜,酷狗飙升榜,2026-07-06,95,风要怎么吹散思念,恰恰恰恰恰,,3:21,BF8DE9C1011ACD5842840EF61B6852FB,198145397,https://www.kugou.com/yy/rank/home/5-6666.html?from=rank
2026-07-06,2026-07-06T22:42:44+08:00,酷狗音乐,飙升榜,酷狗飙升榜,2026-07-06,96,MORNING DEW (DONK),Beyoncé,,4:03,F3DAE4F478231D33A2B3A51F364FD584,198189198,https://www.kugou.com/yy/rank/home/5-6666.html?from=rank
2026-07-06,2026-07-06T22:42:44+08:00,酷狗音乐,飙升榜,酷狗飙升榜,2026-07-06,97,风雨里不会再等你,河南表哥,,3:26,BA9B39DCD2B392235BFDE2948870A972,195056550,https://www.kugou.com/yy/rank/home/5-6666.html?from=rank
2026-07-06,2026-07-06T22:42:44+08:00,酷狗音乐,飙升榜,酷狗飙升榜,2026-07-06,98,当生命每分每秒都为你转动 (氛围版),我期待的不是你、割舍.、好你个小夜,,2:16,CD9B7737E82D6A870D6231C6C17DA7A4,197989944,https://www.kugou.com/yy/rank/home/5-6666.html?from=rank
2026-07-06,2026-07-06T22:42:44+08:00,酷狗音乐,飙升榜,酷狗飙升榜,2026-07-06,99,Give It Up,星频 Echo、京仔,,3:39,87E9E631246E134039F7FF8ECB4BA1CC,198141517,https://www.kugou.com/yy/rank/home/5-6666.html?from=rank
2026-07-06,2026-07-06T22:42:44+08:00,酷狗音乐,飙升榜,酷狗飙升榜,2026-07-06,100,也许在下雨天 (眼泪才不被看见),半糖记,,3:42,0945331DC3FA47261FD3844488DF8927,195573767,https://www.kugou.com/yy/rank/home/5-6666.html?from=rank
