snapshot_date,captured_at,platform,chart,official_chart,platform_date,rank,song_name,artist,chart_metric,duration,song_id,album_id,source_url
2026-08-03,2026-08-03T18:59:11+08:00,QQ音乐,热歌榜,热歌榜,2026-08-03,1,异常加载中,TF家族/TF家族-张桂源/TF家族-张函瑞/TF家族-王橹杰/TF家族-左奇函/TF家族-陈奕恒/TF家族-杨博文/TF家族-陈思罕/TF家族-陈浚铭,新进,,712778629,000bjZ7v0vnJHl,https://y.qq.com/n/ryqq/toplist/26
2026-08-03,2026-08-03T18:59:11+08:00,QQ音乐,热歌榜,热歌榜,2026-08-03,2,甲乙丙丁 (你我怎么两清),李佳薇,下降 1,,696262512,00446QRA1fTdqA,https://y.qq.com/n/ryqq/toplist/26
2026-08-03,2026-08-03T18:59:11+08:00,QQ音乐,热歌榜,热歌榜,2026-08-03,3,恋人,李荣浩,下降 1,,496054946,004HaG7p4ZkhXA,https://y.qq.com/n/ryqq/toplist/26
2026-08-03,2026-08-03T18:59:11+08:00,QQ音乐,热歌榜,热歌榜,2026-08-03,4,失眠,Suki刘舒妤,下降 1,,4733575,002xCeeN4EJ1Ke,https://y.qq.com/n/ryqq/toplist/26
2026-08-03,2026-08-03T18:59:11+08:00,QQ音乐,热歌榜,热歌榜,2026-08-03,5,雨爱,杨丞琳,下降 1,,645819,000jcKFG0sQrD0,https://y.qq.com/n/ryqq/toplist/26
2026-08-03,2026-08-03T18:59:11+08:00,QQ音乐,热歌榜,热歌榜,2026-08-03,6,我怀念的,孙燕姿,上升 1,,5211338,000P3l050Olt27,https://y.qq.com/n/ryqq/toplist/26
2026-08-03,2026-08-03T18:59:11+08:00,QQ音乐,热歌榜,热歌榜,2026-08-03,7,无人之岛,任然,上升 1,,203452364,002lMPc30c4rOO,https://y.qq.com/n/ryqq/toplist/26
2026-08-03,2026-08-03T18:59:11+08:00,QQ音乐,热歌榜,热歌榜,2026-08-03,8,ANGEL (天使),尹美莱 (윤미래)/Tiger JK/Bizzy (비지),下降 3,,101138130,000qiKcT05rSr9,https://y.qq.com/n/ryqq/toplist/26
2026-08-03,2026-08-03T18:59:11+08:00,QQ音乐,热歌榜,热歌榜,2026-08-03,9,爱错,王力宏,上升 1,,105905415,002ElVxf43rOue,https://y.qq.com/n/ryqq/toplist/26
2026-08-03,2026-08-03T18:59:11+08:00,QQ音乐,热歌榜,热歌榜,2026-08-03,10,No Boundaries,周深/北京环球度假区,新进,,711079423,004T2U7i3TrVFC,https://y.qq.com/n/ryqq/toplist/26
2026-08-03,2026-08-03T18:59:11+08:00,QQ音乐,热歌榜,热歌榜,2026-08-03,11,阴天,莫文蔚,下降 5,,4830345,000hTTJN3oScZr,https://y.qq.com/n/ryqq/toplist/26
2026-08-03,2026-08-03T18:59:11+08:00,QQ音乐,热歌榜,热歌榜,2026-08-03,12,雨过后的风景,Dizzy Dizzo (蔡诗芸),0,,1960263,0038xSkp1EcVBf,https://y.qq.com/n/ryqq/toplist/26
2026-08-03,2026-08-03T18:59:11+08:00,QQ音乐,热歌榜,热歌榜,2026-08-03,13,Always Online,林俊杰,0,,447257,002g6zv02X7SNi,https://y.qq.com/n/ryqq/toplist/26
2026-08-03,2026-08-03T18:59:11+08:00,QQ音乐,热歌榜,热歌榜,2026-08-03,14,唯一,G.E.M. 邓紫棋,0,,438910555,002d6m7k0xCbSv,https://y.qq.com/n/ryqq/toplist/26
2026-08-03,2026-08-03T18:59:11+08:00,QQ音乐,热歌榜,热歌榜,2026-08-03,15,演员,薛之谦,0,,102636799,003y8dsH2wBHlo,https://y.qq.com/n/ryqq/toplist/26
2026-08-03,2026-08-03T18:59:11+08:00,QQ音乐,热歌榜,热歌榜,2026-08-03,16,盛夏的果实,莫文蔚,下降 5,,4830161,000KeV8l1PIjxt,https://y.qq.com/n/ryqq/toplist/26
2026-08-03,2026-08-03T18:59:11+08:00,QQ音乐,热歌榜,热歌榜,2026-08-03,17,樱花草,Sweety,下降 8,,481456,000pKXff1doeOd,https://y.qq.com/n/ryqq/toplist/26
2026-08-03,2026-08-03T18:59:11+08:00,QQ音乐,热歌榜,热歌榜,2026-08-03,18,我不难过,孙燕姿,下降 2,,8136,004VSvF52mQoQp,https://y.qq.com/n/ryqq/toplist/26
2026-08-03,2026-08-03T18:59:11+08:00,QQ音乐,热歌榜,热歌榜,2026-08-03,19,特别的人,方大同,下降 1,,5293866,000GvdTR0qcKh8,https://y.qq.com/n/ryqq/toplist/26
2026-08-03,2026-08-03T18:59:11+08:00,QQ音乐,热歌榜,热歌榜,2026-08-03,20,红色高跟鞋,蔡健雅,下降 1,,624649,002dOge41xlS8x,https://y.qq.com/n/ryqq/toplist/26
2026-08-03,2026-08-03T18:59:11+08:00,QQ音乐,热歌榜,热歌榜,2026-08-03,21,奔赴超无限,周深/北京环球度假区,新进,,711079420,004T2U7i3TrVFC,https://y.qq.com/n/ryqq/toplist/26
2026-08-03,2026-08-03T18:59:11+08:00,QQ音乐,热歌榜,热歌榜,2026-08-03,22,情歌,梁静茹,下降 1,,462188,002E4IXe1ESUij,https://y.qq.com/n/ryqq/toplist/26
2026-08-03,2026-08-03T18:59:11+08:00,QQ音乐,热歌榜,热歌榜,2026-08-03,23,春娇与志明,街道办GDC/欧阳耀莹,下降 1,,205357640,000lrXyA0MlEEo,https://y.qq.com/n/ryqq/toplist/26
2026-08-03,2026-08-03T18:59:11+08:00,QQ音乐,热歌榜,热歌榜,2026-08-03,24,江南,林俊杰,下降 1,,9063002,000y5gq7449K9I,https://y.qq.com/n/ryqq/toplist/26
2026-08-03,2026-08-03T18:59:11+08:00,QQ音乐,热歌榜,热歌榜,2026-08-03,25,泪海,许茹芸,上升 10,,106585340,001Ugmj01giuzO,https://y.qq.com/n/ryqq/toplist/26
2026-08-03,2026-08-03T18:59:11+08:00,QQ音乐,热歌榜,热歌榜,2026-08-03,26,开始懂了,孙燕姿,下降 2,,5646,004KRIQr1oCp2A,https://y.qq.com/n/ryqq/toplist/26
2026-08-03,2026-08-03T18:59:11+08:00,QQ音乐,热歌榜,热歌榜,2026-08-03,27,刻在我心底的名字,卢广仲,上升 7,,316472364,004QG0W52P5GUq,https://y.qq.com/n/ryqq/toplist/26
2026-08-03,2026-08-03T18:59:11+08:00,QQ音乐,热歌榜,热歌榜,2026-08-03,28,我们俩,郭顶,下降 2,,105413206,003sMyYb4HZAAz,https://y.qq.com/n/ryqq/toplist/26
2026-08-03,2026-08-03T18:59:11+08:00,QQ音乐,热歌榜,热歌榜,2026-08-03,29,其实,薛之谦,下降 2,,104775877,000QgFcm0v8WaF,https://y.qq.com/n/ryqq/toplist/26
2026-08-03,2026-08-03T18:59:11+08:00,QQ音乐,热歌榜,热歌榜,2026-08-03,30,多远都要在一起,G.E.M. 邓紫棋,下降 1,,102174489,003c616O2Zlswm,https://y.qq.com/n/ryqq/toplist/26
2026-08-03,2026-08-03T18:59:11+08:00,QQ音乐,热歌榜,热歌榜,2026-08-03,31,心墙,郭静,下降 3,,474797,003EHcB24J8t9Z,https://y.qq.com/n/ryqq/toplist/26
2026-08-03,2026-08-03T18:59:11+08:00,QQ音乐,热歌榜,热歌榜,2026-08-03,32,偏爱,张芸京,下降 2,,473137,003ha6C92GRuVE,https://y.qq.com/n/ryqq/toplist/26
2026-08-03,2026-08-03T18:59:11+08:00,QQ音乐,热歌榜,热歌榜,2026-08-03,33,碎碎念,队长,上升 26,,448738462,000DTFwk0oV4YR,https://y.qq.com/n/ryqq/toplist/26
2026-08-03,2026-08-03T18:59:11+08:00,QQ音乐,热歌榜,热歌榜,2026-08-03,34,离开我的依赖,王艳薇,下降 2,,253383943,004CSyAN1oc97b,https://y.qq.com/n/ryqq/toplist/26
2026-08-03,2026-08-03T18:59:11+08:00,QQ音乐,热歌榜,热歌榜,2026-08-03,35,素颜,许嵩/何曼婷,上升 1,,101813361,0035f8nw11cjkf,https://y.qq.com/n/ryqq/toplist/26
2026-08-03,2026-08-03T18:59:11+08:00,QQ音乐,热歌榜,热歌榜,2026-08-03,36,富士山下,陈奕迅,上升 3,,260678,004Z85XP1c25b7,https://y.qq.com/n/ryqq/toplist/26
2026-08-03,2026-08-03T18:59:11+08:00,QQ音乐,热歌榜,热歌榜,2026-08-03,37,讨厌,芮恩,下降 4,,138194,001EFkTG1wgW4n,https://y.qq.com/n/ryqq/toplist/26
2026-08-03,2026-08-03T18:59:11+08:00,QQ音乐,热歌榜,热歌榜,2026-08-03,38,遇见,孙燕姿,上升 2,,8145,002ehzTm0TxXC2,https://y.qq.com/n/ryqq/toplist/26
2026-08-03,2026-08-03T18:59:11+08:00,QQ音乐,热歌榜,热歌榜,2026-08-03,39,晴天,周杰伦,下降 1,,97773,000MkMni19ClKG,https://y.qq.com/n/ryqq/toplist/26
2026-08-03,2026-08-03T18:59:11+08:00,QQ音乐,热歌榜,热歌榜,2026-08-03,40,背对背拥抱,林俊杰,上升 5,,648231,002C0kX720gMQi,https://y.qq.com/n/ryqq/toplist/26
2026-08-03,2026-08-03T18:59:11+08:00,QQ音乐,热歌榜,热歌榜,2026-08-03,41,Dehors (Live),Jordann,上升 26,,457608824,00373oN248uprz,https://y.qq.com/n/ryqq/toplist/26
2026-08-03,2026-08-03T18:59:11+08:00,QQ音乐,热歌榜,热歌榜,2026-08-03,42,最佳损友,陈奕迅,上升 1,,1338414,002FT46H18G1jW,https://y.qq.com/n/ryqq/toplist/26
2026-08-03,2026-08-03T18:59:11+08:00,QQ音乐,热歌榜,热歌榜,2026-08-03,43,坏女孩,徐良/小凌,下降 6,,7112749,002apRhZ4Bq99d,https://y.qq.com/n/ryqq/toplist/26
2026-08-03,2026-08-03T18:59:11+08:00,QQ音乐,热歌榜,热歌榜,2026-08-03,44,海阔天空,BEYOND,下降 3,,4835784,002qcJuX3lO3EZ,https://y.qq.com/n/ryqq/toplist/26
2026-08-03,2026-08-03T18:59:11+08:00,QQ音乐,热歌榜,热歌榜,2026-08-03,45,泡沫,G.E.M. 邓紫棋,下降 3,,1530858,002YFufr4bXZyI,https://y.qq.com/n/ryqq/toplist/26
2026-08-03,2026-08-03T18:59:11+08:00,QQ音乐,热歌榜,热歌榜,2026-08-03,46,The Other Side Of Paradise (Explicit),Glass Animals,下降 26,,319782348,001eucpH3ZIJnM,https://y.qq.com/n/ryqq/toplist/26
2026-08-03,2026-08-03T18:59:11+08:00,QQ音乐,热歌榜,热歌榜,2026-08-03,47,Beauty And A Beat,Justin Bieber/Nicki Minaj,下降 16,,1473252,002XddZv4cGsXb,https://y.qq.com/n/ryqq/toplist/26
2026-08-03,2026-08-03T18:59:11+08:00,QQ音乐,热歌榜,热歌榜,2026-08-03,48,天外来物,薛之谦,下降 4,,272125057,000K9Zp13TZp5s,https://y.qq.com/n/ryqq/toplist/26
2026-08-03,2026-08-03T18:59:11+08:00,QQ音乐,热歌榜,热歌榜,2026-08-03,49,美人鱼,林俊杰,上升 2,,95292,000y5gq7449K9I,https://y.qq.com/n/ryqq/toplist/26
2026-08-03,2026-08-03T18:59:11+08:00,QQ音乐,热歌榜,热歌榜,2026-08-03,50,Baby,Justin Bieber/Ludacris,下降 3,,203644381,002TfnxG2yN1na,https://y.qq.com/n/ryqq/toplist/26
2026-08-03,2026-08-03T18:59:11+08:00,QQ音乐,热歌榜,热歌榜,2026-08-03,51,不将就,李荣浩,下降 2,,102367085,001fi1zG0EjU2u,https://y.qq.com/n/ryqq/toplist/26
2026-08-03,2026-08-03T18:59:11+08:00,QQ音乐,热歌榜,热歌榜,2026-08-03,52,十年,陈奕迅,下降 4,,4830342,000GDz8k03UOaI,https://y.qq.com/n/ryqq/toplist/26
2026-08-03,2026-08-03T18:59:11+08:00,QQ音乐,热歌榜,热歌榜,2026-08-03,53,人间共鸣,李健,下降 7,,641742655,003RVJjp1svtyz,https://y.qq.com/n/ryqq/toplist/26
2026-08-03,2026-08-03T18:59:11+08:00,QQ音乐,热歌榜,热歌榜,2026-08-03,54,后会无期,徐良/汪苏泷,下降 4,,7112743,002apRhZ4Bq99d,https://y.qq.com/n/ryqq/toplist/26
2026-08-03,2026-08-03T18:59:11+08:00,QQ音乐,热歌榜,热歌榜,2026-08-03,55,黄昏,周传雄,上升 1,,526713,001U6x8f2uJhig,https://y.qq.com/n/ryqq/toplist/26
2026-08-03,2026-08-03T18:59:11+08:00,QQ音乐,热歌榜,热歌榜,2026-08-03,56,认真的雪,薛之谦,下降 3,,1333803,003mUYW22JXKVK,https://y.qq.com/n/ryqq/toplist/26
2026-08-03,2026-08-03T18:59:11+08:00,QQ音乐,热歌榜,热歌榜,2026-08-03,57,瞬,郑润泽,下降 2,,422061155,001qvyI10urb5z,https://y.qq.com/n/ryqq/toplist/26
2026-08-03,2026-08-03T18:59:11+08:00,QQ音乐,热歌榜,热歌榜,2026-08-03,58,如愿,王菲,下降 4,,326584182,004Kbn3m2HV9Y3,https://y.qq.com/n/ryqq/toplist/26
2026-08-03,2026-08-03T18:59:11+08:00,QQ音乐,热歌榜,热歌榜,2026-08-03,59,勇气,梁静茹,上升 2,,4830164,001DEgPu1004bl,https://y.qq.com/n/ryqq/toplist/26
2026-08-03,2026-08-03T18:59:11+08:00,QQ音乐,热歌榜,热歌榜,2026-08-03,60,我们的歌,王力宏,0,,102193483,002Zwh5p4HgecI,https://y.qq.com/n/ryqq/toplist/26
2026-08-03,2026-08-03T18:59:11+08:00,QQ音乐,热歌榜,热歌榜,2026-08-03,61,Letting Go,蔡健雅,下降 3,,1030353,001aC9dM35U6KB,https://y.qq.com/n/ryqq/toplist/26
2026-08-03,2026-08-03T18:59:11+08:00,QQ音乐,热歌榜,热歌榜,2026-08-03,62,晨间新闻,蔡健雅,上升 82,,102193380,001VqGlj2Oj52k,https://y.qq.com/n/ryqq/toplist/26
2026-08-03,2026-08-03T18:59:11+08:00,QQ音乐,热歌榜,热歌榜,2026-08-03,63,童话,光良,下降 11,,4830267,002AaUF60cnS3w,https://y.qq.com/n/ryqq/toplist/26
2026-08-03,2026-08-03T18:59:11+08:00,QQ音乐,热歌榜,热歌榜,2026-08-03,64,修炼爱情,林俊杰,上升 2,,5063375,001gqOnU3DTg2S,https://y.qq.com/n/ryqq/toplist/26
2026-08-03,2026-08-03T18:59:11+08:00,QQ音乐,热歌榜,热歌榜,2026-08-03,65,麦恩莉,方大同,下降 8,,2550926,000ih4iv3HCmno,https://y.qq.com/n/ryqq/toplist/26
2026-08-03,2026-08-03T18:59:11+08:00,QQ音乐,热歌榜,热歌榜,2026-08-03,66,爱情讯息,郭静,下降 2,,876549,003PKZMI1Wyx1A,https://y.qq.com/n/ryqq/toplist/26
2026-08-03,2026-08-03T18:59:11+08:00,QQ音乐,热歌榜,热歌榜,2026-08-03,67,你要的全拿走,胡彦斌,下降 4,,212808217,001eyHlv2fu50T,https://y.qq.com/n/ryqq/toplist/26
2026-08-03,2026-08-03T18:59:11+08:00,QQ音乐,热歌榜,热歌榜,2026-08-03,68,会呼吸的痛,梁静茹,下降 3,,411228,002oy2Mp3I8Rgo,https://y.qq.com/n/ryqq/toplist/26
2026-08-03,2026-08-03T18:59:11+08:00,QQ音乐,热歌榜,热歌榜,2026-08-03,69,如果可以,韦礼安,下降 1,,330977131,003WBcyJ1siUkh,https://y.qq.com/n/ryqq/toplist/26
2026-08-03,2026-08-03T18:59:11+08:00,QQ音乐,热歌榜,热歌榜,2026-08-03,70,至少还有你,林忆莲,下降 1,,102204563,001JqgRv0mRHEQ,https://y.qq.com/n/ryqq/toplist/26
2026-08-03,2026-08-03T18:59:11+08:00,QQ音乐,热歌榜,热歌榜,2026-08-03,71,倒数,G.E.M. 邓紫棋,上升 5,,215540451,003cKIKZ1J4Yyu,https://y.qq.com/n/ryqq/toplist/26
2026-08-03,2026-08-03T18:59:11+08:00,QQ音乐,热歌榜,热歌榜,2026-08-03,72,下完这场雨,后弦,上升 6,,108787382,004ZXlA63dZBCa,https://y.qq.com/n/ryqq/toplist/26
2026-08-03,2026-08-03T18:59:11+08:00,QQ音乐,热歌榜,热歌榜,2026-08-03,73,最后一页,江语晨,下降 2,,721636,003FO4XF40Ky8L,https://y.qq.com/n/ryqq/toplist/26
2026-08-03,2026-08-03T18:59:11+08:00,QQ音乐,热歌榜,热歌榜,2026-08-03,74,青花,周传雄,上升 6,,102204539,001Vj7aX0PixwV,https://y.qq.com/n/ryqq/toplist/26
2026-08-03,2026-08-03T18:59:11+08:00,QQ音乐,热歌榜,热歌榜,2026-08-03,75,野心家,张靓颖,下降 13,,591592617,003TmXW52e0F4P,https://y.qq.com/n/ryqq/toplist/26
2026-08-03,2026-08-03T18:59:11+08:00,QQ音乐,热歌榜,热歌榜,2026-08-03,76,同花顺,林倛玉,上升 15,,103970682,004789lA4cH3Kq,https://y.qq.com/n/ryqq/toplist/26
2026-08-03,2026-08-03T18:59:11+08:00,QQ音乐,热歌榜,热歌榜,2026-08-03,77,可不可以,张紫豪,0,,213958134,004VR1w241uBhB,https://y.qq.com/n/ryqq/toplist/26
2026-08-03,2026-08-03T18:59:11+08:00,QQ音乐,热歌榜,热歌榜,2026-08-03,78,句号,G.E.M. 邓紫棋,上升 7,,247347346,0049MVh824D7bM,https://y.qq.com/n/ryqq/toplist/26
2026-08-03,2026-08-03T18:59:11+08:00,QQ音乐,热歌榜,热歌榜,2026-08-03,79,有何不可,许嵩,上升 5,,102296985,002KSDg90IaScI,https://y.qq.com/n/ryqq/toplist/26
2026-08-03,2026-08-03T18:59:11+08:00,QQ音乐,热歌榜,热歌榜,2026-08-03,80,半壶纱,刘珂矣,下降 7,,7048773,0009EZjm1c7iQe,https://y.qq.com/n/ryqq/toplist/26
2026-08-03,2026-08-03T18:59:11+08:00,QQ音乐,热歌榜,热歌榜,2026-08-03,81,MOTION (feat. Juicy J),CORTIS/Juicy J,下降 64,,712303479,003Vl2TT2iciCP,https://y.qq.com/n/ryqq/toplist/26
2026-08-03,2026-08-03T18:59:11+08:00,QQ音乐,热歌榜,热歌榜,2026-08-03,82,一样的月光,徐佳莹,下降 1,,7063423,000cchEp2CGNEf,https://y.qq.com/n/ryqq/toplist/26
2026-08-03,2026-08-03T18:59:11+08:00,QQ音乐,热歌榜,热歌榜,2026-08-03,83,我知道,BY2,下降 9,,470336,001P410a0Iq4K0,https://y.qq.com/n/ryqq/toplist/26
2026-08-03,2026-08-03T18:59:11+08:00,QQ音乐,热歌榜,热歌榜,2026-08-03,84,爱我还是他,陶喆,下降 2,,7211247,003ofGzS3C23Ow,https://y.qq.com/n/ryqq/toplist/26
2026-08-03,2026-08-03T18:59:11+08:00,QQ音乐,热歌榜,热歌榜,2026-08-03,85,Love Story,Taylor Swift,上升 5,,639141,002Q1XUj3HBAzw,https://y.qq.com/n/ryqq/toplist/26
2026-08-03,2026-08-03T18:59:11+08:00,QQ音乐,热歌榜,热歌榜,2026-08-03,86,愿与愁,林俊杰,下降 7,,405007729,004ZOIop1doXru,https://y.qq.com/n/ryqq/toplist/26
2026-08-03,2026-08-03T18:59:11+08:00,QQ音乐,热歌榜,热歌榜,2026-08-03,87,后来,刘若英,上升 6,,4830150,0017zqT34WuQwa,https://y.qq.com/n/ryqq/toplist/26
2026-08-03,2026-08-03T18:59:11+08:00,QQ音乐,热歌榜,热歌榜,2026-08-03,88,那些你很冒险的梦,林俊杰,下降 2,,102388808,002PQCmo2azasb,https://y.qq.com/n/ryqq/toplist/26
2026-08-03,2026-08-03T18:59:11+08:00,QQ音乐,热歌榜,热歌榜,2026-08-03,89,第57次取消发送,菲菲公主（陆绮菲）,下降 6,,560063927,000KrDC019mc82,https://y.qq.com/n/ryqq/toplist/26
2026-08-03,2026-08-03T18:59:11+08:00,QQ音乐,热歌榜,热歌榜,2026-08-03,90,幻听,许嵩,下降 20,,1531817,004RbL3b0BDIe2,https://y.qq.com/n/ryqq/toplist/26
2026-08-03,2026-08-03T18:59:11+08:00,QQ音乐,热歌榜,热歌榜,2026-08-03,91,出现又离开 (Live),梁博,下降 2,,231594573,000eQZ1q4g6AsF,https://y.qq.com/n/ryqq/toplist/26
2026-08-03,2026-08-03T18:59:11+08:00,QQ音乐,热歌榜,热歌榜,2026-08-03,92,街道,林俊杰,下降 17,,447258,002g6zv02X7SNi,https://y.qq.com/n/ryqq/toplist/26
2026-08-03,2026-08-03T18:59:11+08:00,QQ音乐,热歌榜,热歌榜,2026-08-03,93,IF YOU,BIGBANG (빅뱅),下降 5,,102793935,001xpUdt2jEjWu,https://y.qq.com/n/ryqq/toplist/26
2026-08-03,2026-08-03T18:59:11+08:00,QQ音乐,热歌榜,热歌榜,2026-08-03,94,红尘客栈,周杰伦,下降 2,,5177680,003Ow85E3pnoqi,https://y.qq.com/n/ryqq/toplist/26
2026-08-03,2026-08-03T18:59:11+08:00,QQ音乐,热歌榜,热歌榜,2026-08-03,95,一个人想着一个人,曾沛慈,下降 8,,4716045,003wP0m32WRVql,https://y.qq.com/n/ryqq/toplist/26
2026-08-03,2026-08-03T18:59:11+08:00,QQ音乐,热歌榜,热歌榜,2026-08-03,96,下一个天亮,郭静,0,,876541,003PKZMI1Wyx1A,https://y.qq.com/n/ryqq/toplist/26
2026-08-03,2026-08-03T18:59:11+08:00,QQ音乐,热歌榜,热歌榜,2026-08-03,97,小半,陈粒,下降 2,,107762070,004fAhFe0fdHYF,https://y.qq.com/n/ryqq/toplist/26
2026-08-03,2026-08-03T18:59:11+08:00,QQ音乐,热歌榜,热歌榜,2026-08-03,98,恶作剧,王蓝茵,上升 2,,257621,0031ftBk2foLzq,https://y.qq.com/n/ryqq/toplist/26
2026-08-03,2026-08-03T18:59:11+08:00,QQ音乐,热歌榜,热歌榜,2026-08-03,99,如果爱忘了 (Live),汪苏泷/单依纯,下降 2,,471040573,001rd1S93gcWUF,https://y.qq.com/n/ryqq/toplist/26
2026-08-03,2026-08-03T18:59:11+08:00,QQ音乐,热歌榜,热歌榜,2026-08-03,100,无名的人,毛不易,上升 6,,336582682,002mPgSG01LLtu,https://y.qq.com/n/ryqq/toplist/26
2026-08-03,2026-08-03T18:59:11+08:00,QQ音乐,飙升榜,飙升榜,2026-08-03,1,异常加载中,TF家族/TF家族-张桂源/TF家族-张函瑞/TF家族-王橹杰/TF家族-左奇函/TF家族-陈奕恒/TF家族-杨博文/TF家族-陈思罕/TF家族-陈浚铭,热度 158%,,712778629,000bjZ7v0vnJHl,https://y.qq.com/n/ryqq/toplist/62
2026-08-03,2026-08-03T18:59:11+08:00,QQ音乐,飙升榜,飙升榜,2026-08-03,2,No Boundaries,周深/北京环球度假区,热度 54%,,711079423,004T2U7i3TrVFC,https://y.qq.com/n/ryqq/toplist/62
2026-08-03,2026-08-03T18:59:11+08:00,QQ音乐,飙升榜,飙升榜,2026-08-03,3,奔赴超无限,周深/北京环球度假区,热度 42%,,711079420,004T2U7i3TrVFC,https://y.qq.com/n/ryqq/toplist/62
2026-08-03,2026-08-03T18:59:11+08:00,QQ音乐,飙升榜,飙升榜,2026-08-03,4,The Gentlemen (绅士们) (Live),弹壳/Vinz-T,热度 19%,,712587283,000JTy3o3yMvjR,https://y.qq.com/n/ryqq/toplist/62
2026-08-03,2026-08-03T18:59:11+08:00,QQ音乐,飙升榜,飙升榜,2026-08-03,5,是我做了白日梦,姜添/听潮阁,热度 17%,,712043441,000p3bJK2q2iNA,https://y.qq.com/n/ryqq/toplist/62
2026-08-03,2026-08-03T18:59:11+08:00,QQ音乐,飙升榜,飙升榜,2026-08-03,6,野草 (Live),金志文,热度 11%,,712624985,003Uj2Op2NJB1R,https://y.qq.com/n/ryqq/toplist/62
2026-08-03,2026-08-03T18:59:11+08:00,QQ音乐,飙升榜,飙升榜,2026-08-03,7,无期,GAI周延/功夫胖KUNGFU-PEN/KEY.L刘聪/盛宇D-SHINE,热度 8%,,582719693,001qocFr1gpWDC,https://y.qq.com/n/ryqq/toplist/62
2026-08-03,2026-08-03T18:59:11+08:00,QQ音乐,飙升榜,飙升榜,2026-08-03,8,碎碎念,队长,热度 8%,,448738462,000DTFwk0oV4YR,https://y.qq.com/n/ryqq/toplist/62
2026-08-03,2026-08-03T18:59:11+08:00,QQ音乐,飙升榜,飙升榜,2026-08-03,9,SODA SODA,TWS (투어스),热度 8%,,711439100,000GPyxn08QOJL,https://y.qq.com/n/ryqq/toplist/62
2026-08-03,2026-08-03T18:59:11+08:00,QQ音乐,飙升榜,飙升榜,2026-08-03,10,晨间新闻,蔡健雅,热度 8%,,102193380,001VqGlj2Oj52k,https://y.qq.com/n/ryqq/toplist/62
2026-08-03,2026-08-03T18:59:11+08:00,QQ音乐,飙升榜,飙升榜,2026-08-03,11,相爱分开都是罪,六哲,热度 7%,,4829386,003DUoZr2eaaaX,https://y.qq.com/n/ryqq/toplist/62
2026-08-03,2026-08-03T18:59:11+08:00,QQ音乐,飙升榜,飙升榜,2026-08-03,12,了了 (Live),翁杰_Winjay/加木,热度 7%,,712587306,000JTy3o3yMvjR,https://y.qq.com/n/ryqq/toplist/62
2026-08-03,2026-08-03T18:59:11+08:00,QQ音乐,飙升榜,飙升榜,2026-08-03,13,过海,王赫野/黄龄,热度 6%,,707586368,003sDdGY2FtUY2,https://y.qq.com/n/ryqq/toplist/62
2026-08-03,2026-08-03T18:59:11+08:00,QQ音乐,飙升榜,飙升榜,2026-08-03,14,Copines,Aya Nakamura,热度 5%,,276737059,001KZPfM060UDC,https://y.qq.com/n/ryqq/toplist/62
2026-08-03,2026-08-03T18:59:11+08:00,QQ音乐,飙升榜,飙升榜,2026-08-03,15,开始懂了 (Live),陈小春,热度 5%,,712624808,003Uj2Op2NJB1R,https://y.qq.com/n/ryqq/toplist/62
2026-08-03,2026-08-03T18:59:11+08:00,QQ音乐,飙升榜,飙升榜,2026-08-03,16,二十二 (Live),宋亚轩,热度 5%,,712624988,003Uj2Op2NJB1R,https://y.qq.com/n/ryqq/toplist/62
2026-08-03,2026-08-03T18:59:11+08:00,QQ音乐,飙升榜,飙升榜,2026-08-03,17,全世界的雨,周深/Ella陈嘉桦,热度 3%,,707587181,003K9rwV09UxLk,https://y.qq.com/n/ryqq/toplist/62
2026-08-03,2026-08-03T18:59:11+08:00,QQ音乐,飙升榜,飙升榜,2026-08-03,18,失忆,梁静茹,热度 3%,,169765,004R8LFN08EGAD,https://y.qq.com/n/ryqq/toplist/62
2026-08-03,2026-08-03T18:59:11+08:00,QQ音乐,飙升榜,飙升榜,2026-08-03,19,电子布洛芬 (Live),AThree/那奇沃夫,热度 3%,,712587317,000JTy3o3yMvjR,https://y.qq.com/n/ryqq/toplist/62
2026-08-03,2026-08-03T18:59:11+08:00,QQ音乐,飙升榜,飙升榜,2026-08-03,20,野草,椿乐队,热度 3%,,415397569,002RyvaV3qbarZ,https://y.qq.com/n/ryqq/toplist/62
2026-08-03,2026-08-03T18:59:11+08:00,QQ音乐,飙升榜,飙升榜,2026-08-03,21,Dehors (Live),Jordann,热度 3%,,457608824,00373oN248uprz,https://y.qq.com/n/ryqq/toplist/62
2026-08-03,2026-08-03T18:59:11+08:00,QQ音乐,飙升榜,飙升榜,2026-08-03,22,全世界陪我出发,TF家族/TF家族-官俊臣/TF家族-张桂源/TF家族-张函瑞/TF家族-王橹杰/TF家族-王烁然/TF家族-左奇函/TF家族-陈奕恒/TF家族-杨博文/TF家族-杨涵博/TF家族-张奕然/TF家族-聂玮辰/TF家族-陈思罕/TF家族-魏子宸/TF家族-李煜东/TF家族-陈浚铭,热度 3%,,704996514,000dn6vm1EN6ax,https://y.qq.com/n/ryqq/toplist/62
2026-08-03,2026-08-03T18:59:11+08:00,QQ音乐,飙升榜,飙升榜,2026-08-03,23,一点一滴,林倛玉,热度 3%,,274878676,000LaGp435MQrs,https://y.qq.com/n/ryqq/toplist/62
2026-08-03,2026-08-03T18:59:11+08:00,QQ音乐,飙升榜,飙升榜,2026-08-03,24,Deadman,蔡徐坤,热度 3%,,638918971,003Q9it10RWLId,https://y.qq.com/n/ryqq/toplist/62
2026-08-03,2026-08-03T18:59:11+08:00,QQ音乐,飙升榜,飙升榜,2026-08-03,25,It Ain't Me,Kygo/Selena Gomez,热度 3%,,200710976,002w9NKj15EzIl,https://y.qq.com/n/ryqq/toplist/62
2026-08-03,2026-08-03T18:59:11+08:00,QQ音乐,飙升榜,飙升榜,2026-08-03,26,你从春天走来,刘若英,热度 3%,,693913541,003PHxFb4EbMCi,https://y.qq.com/n/ryqq/toplist/62
2026-08-03,2026-08-03T18:59:11+08:00,QQ音乐,飙升榜,飙升榜,2026-08-03,27,虚拟,陈粒,热度 3%,,107762076,004fAhFe0fdHYF,https://y.qq.com/n/ryqq/toplist/62
2026-08-03,2026-08-03T18:59:11+08:00,QQ音乐,飙升榜,飙升榜,2026-08-03,28,半情歌,元若蓝,热度 3%,,421496,000CHWDQ3pcDfm,https://y.qq.com/n/ryqq/toplist/62
2026-08-03,2026-08-03T18:59:11+08:00,QQ音乐,飙升榜,飙升榜,2026-08-03,29,敬昨天敬今天敬明天 (Live),李大奔BENZO/SHarK,热度 3%,,712539352,000JTy3o3yMvjR,https://y.qq.com/n/ryqq/toplist/62
2026-08-03,2026-08-03T18:59:11+08:00,QQ音乐,飙升榜,飙升榜,2026-08-03,30,Jasmine,蔡徐坤,热度 3%,,638918956,003Q9it10RWLId,https://y.qq.com/n/ryqq/toplist/62
2026-08-03,2026-08-03T18:59:11+08:00,QQ音乐,飙升榜,飙升榜,2026-08-03,31,马桑树下 (Live),RANZER叶润泽/早安,热度 2%,,712587360,000JTy3o3yMvjR,https://y.qq.com/n/ryqq/toplist/62
2026-08-03,2026-08-03T18:59:11+08:00,QQ音乐,飙升榜,飙升榜,2026-08-03,32,宇宙游乐场,梓渝,热度 2%,,670876266,001YF9mT23fsBQ,https://y.qq.com/n/ryqq/toplist/62
2026-08-03,2026-08-03T18:59:11+08:00,QQ音乐,飙升榜,飙升榜,2026-08-03,33,烂泥,草东没有派对,热度 2%,,106230674,0012smzU0w03JD,https://y.qq.com/n/ryqq/toplist/62
2026-08-03,2026-08-03T18:59:11+08:00,QQ音乐,飙升榜,飙升榜,2026-08-03,34,嘉宾,张远,热度 2%,,281506863,00498Sbg1wnDAY,https://y.qq.com/n/ryqq/toplist/62
2026-08-03,2026-08-03T18:59:11+08:00,QQ音乐,飙升榜,飙升榜,2026-08-03,35,Teeth,5 Seconds Of Summer,热度 2%,,236800431,002vL7hY4GQ0dc,https://y.qq.com/n/ryqq/toplist/62
2026-08-03,2026-08-03T18:59:11+08:00,QQ音乐,飙升榜,飙升榜,2026-08-03,36,Let Go,Beau Young Prince,热度 2%,,225090194,001m3z3o35FnnV,https://y.qq.com/n/ryqq/toplist/62
2026-08-03,2026-08-03T18:59:11+08:00,QQ音乐,飙升榜,飙升榜,2026-08-03,37,What a Day,蔡徐坤,热度 2%,,638918960,003Q9it10RWLId,https://y.qq.com/n/ryqq/toplist/62
2026-08-03,2026-08-03T18:59:11+08:00,QQ音乐,飙升榜,飙升榜,2026-08-03,38,Beauty And A Beat,Justin Bieber/Nicki Minaj,热度 2%,,229717052,004G9cHX1kQ7Ro,https://y.qq.com/n/ryqq/toplist/62
2026-08-03,2026-08-03T18:59:11+08:00,QQ音乐,飙升榜,飙升榜,2026-08-03,39,Loser (Explicit),Tame Impala,热度 2%,,601567248,002xnuml1mfSDl,https://y.qq.com/n/ryqq/toplist/62
2026-08-03,2026-08-03T18:59:11+08:00,QQ音乐,飙升榜,飙升榜,2026-08-03,40,碎碎念 (女声弹唱版),茉莉雨.,热度 2%,,712519416,004BF5tY45z3uv,https://y.qq.com/n/ryqq/toplist/62
2026-08-03,2026-08-03T18:59:11+08:00,QQ音乐,飙升榜,飙升榜,2026-08-03,41,反乌托邦,宸寻,热度 2%,,712050243,003d41Sh4NFjXS,https://y.qq.com/n/ryqq/toplist/62
2026-08-03,2026-08-03T18:59:11+08:00,QQ音乐,飙升榜,飙升榜,2026-08-03,42,风华绝代 (Live),BrAnTB白景屹/辉子,热度 2%,,712587249,000JTy3o3yMvjR,https://y.qq.com/n/ryqq/toplist/62
2026-08-03,2026-08-03T18:59:11+08:00,QQ音乐,飙升榜,飙升榜,2026-08-03,43,Honour,蔡徐坤,热度 2%,,638918959,003Q9it10RWLId,https://y.qq.com/n/ryqq/toplist/62
2026-08-03,2026-08-03T18:59:11+08:00,QQ音乐,飙升榜,飙升榜,2026-08-03,44,十指紧扣,张智霖,热度 2%,,102351585,002fboOu4g0dAE,https://y.qq.com/n/ryqq/toplist/62
2026-08-03,2026-08-03T18:59:11+08:00,QQ音乐,飙升榜,飙升榜,2026-08-03,45,差一步,大壮,热度 1%,,209378295,000lEj821EaXUu,https://y.qq.com/n/ryqq/toplist/62
2026-08-03,2026-08-03T18:59:11+08:00,QQ音乐,飙升榜,飙升榜,2026-08-03,46,超人,五月天,热度 1%,,4830253,002plCgA0zOyYF,https://y.qq.com/n/ryqq/toplist/62
2026-08-03,2026-08-03T18:59:11+08:00,QQ音乐,飙升榜,飙升榜,2026-08-03,47,Hug me (抱我),蔡徐坤,热度 1%,,368304013,004Tap2C2ZQe4B,https://y.qq.com/n/ryqq/toplist/62
2026-08-03,2026-08-03T18:59:11+08:00,QQ音乐,飙升榜,飙升榜,2026-08-03,48,"EYES, NOSE, LIPS",Epik High (에픽하이)/TAEYANG (太阳),热度 1%,,8554021,004EUqCP1y1v9C,https://y.qq.com/n/ryqq/toplist/62
2026-08-03,2026-08-03T18:59:11+08:00,QQ音乐,飙升榜,飙升榜,2026-08-03,49,那个人,周延英（英子-effie）,热度 1%,,203909335,002hsuVH1ihzkZ,https://y.qq.com/n/ryqq/toplist/62
2026-08-03,2026-08-03T18:59:11+08:00,QQ音乐,飙升榜,飙升榜,2026-08-03,50,Don't Call (feat. Free Nationals) (Explicit),蔡徐坤,热度 1%,,638918958,003Q9it10RWLId,https://y.qq.com/n/ryqq/toplist/62
2026-08-03,2026-08-03T18:59:11+08:00,QQ音乐,飙升榜,飙升榜,2026-08-03,51,bye,Ariana Grande,热度 1%,,475639333,002DJDaL38kUfM,https://y.qq.com/n/ryqq/toplist/62
2026-08-03,2026-08-03T18:59:11+08:00,QQ音乐,飙升榜,飙升榜,2026-08-03,52,Back in Time,蔡徐坤,热度 1%,,638918957,003Q9it10RWLId,https://y.qq.com/n/ryqq/toplist/62
2026-08-03,2026-08-03T18:59:11+08:00,QQ音乐,飙升榜,飙升榜,2026-08-03,53,一人行 (Dehors粤语版),曾培宇Jackie,热度 1%,,510241720,000GYGcK4JJT1v,https://y.qq.com/n/ryqq/toplist/62
2026-08-03,2026-08-03T18:59:11+08:00,QQ音乐,飙升榜,飙升榜,2026-08-03,54,多疑的恋人,王赫野,热度 1%,,688806258,004CULjA2BpuA8,https://y.qq.com/n/ryqq/toplist/62
2026-08-03,2026-08-03T18:59:11+08:00,QQ音乐,飙升榜,飙升榜,2026-08-03,55,酒鬼的歌 (Live),李宇春,热度 1%,,712624786,003Uj2Op2NJB1R,https://y.qq.com/n/ryqq/toplist/62
2026-08-03,2026-08-03T18:59:11+08:00,QQ音乐,飙升榜,飙升榜,2026-08-03,56,我独自满级 Solo Maxxing,hanser/HOYO-MiX,热度 1%,,712395172,003ZvZRl2FZqvp,https://y.qq.com/n/ryqq/toplist/62
2026-08-03,2026-08-03T18:59:11+08:00,QQ音乐,飙升榜,飙升榜,2026-08-03,57,Spotlight (聚光灯),蔡徐坤,热度 1%,,451887939,004YsqMW4X5LDo,https://y.qq.com/n/ryqq/toplist/62
2026-08-03,2026-08-03T18:59:11+08:00,QQ音乐,飙升榜,飙升榜,2026-08-03,58,忘了吗忘了吧,张颜齐/姚晓棠,热度 1%,,712303470,0049Sm5M40JNUG,https://y.qq.com/n/ryqq/toplist/62
2026-08-03,2026-08-03T18:59:11+08:00,QQ音乐,飙升榜,飙升榜,2026-08-03,59,床头灯,陈奕迅,热度 1%,,1411907,002yvSQG3SkYsG,https://y.qq.com/n/ryqq/toplist/62
2026-08-03,2026-08-03T18:59:11+08:00,QQ音乐,飙升榜,飙升榜,2026-08-03,60,小情歌 (苏打绿版),苏打绿,热度 1%,,342467369,001RO1HP0yU16a,https://y.qq.com/n/ryqq/toplist/62
2026-08-03,2026-08-03T18:59:11+08:00,QQ音乐,飙升榜,飙升榜,2026-08-03,61,知了,陈默之,热度 1%,,482500528,000fHDnB1K1Hcf,https://y.qq.com/n/ryqq/toplist/62
2026-08-03,2026-08-03T18:59:11+08:00,QQ音乐,飙升榜,飙升榜,2026-08-03,62,言不由衷 (Live),容祖儿,热度 1%,,712533447,003Uj2Op2NJB1R,https://y.qq.com/n/ryqq/toplist/62
2026-08-03,2026-08-03T18:59:11+08:00,QQ音乐,飙升榜,飙升榜,2026-08-03,63,春秋配 (Live),张玮,热度 1%,,108724752,000sUgE748GowL,https://y.qq.com/n/ryqq/toplist/62
2026-08-03,2026-08-03T18:59:11+08:00,QQ音乐,飙升榜,飙升榜,2026-08-03,64,情人,蔡徐坤,热度 1%,,266438550,00363n7y1Ft6gE,https://y.qq.com/n/ryqq/toplist/62
2026-08-03,2026-08-03T18:59:11+08:00,QQ音乐,飙升榜,飙升榜,2026-08-03,65,十里,加木,热度 1%,,649860076,004aNiep1o8ft9,https://y.qq.com/n/ryqq/toplist/62
2026-08-03,2026-08-03T18:59:11+08:00,QQ音乐,飙升榜,飙升榜,2026-08-03,66,丝路,梁静茹,热度 1%,,4830280,0032KQTV1qkMmW,https://y.qq.com/n/ryqq/toplist/62
2026-08-03,2026-08-03T18:59:11+08:00,QQ音乐,飙升榜,飙升榜,2026-08-03,67,Honeymoon Avenue,Ariana Grande,热度 1%,,102631586,000uaHF82E4ruG,https://y.qq.com/n/ryqq/toplist/62
2026-08-03,2026-08-03T18:59:11+08:00,QQ音乐,飙升榜,飙升榜,2026-08-03,68,第一现场 (Live),布瑞吉Bridge/Top Barry,热度 1%,,712587359,000JTy3o3yMvjR,https://y.qq.com/n/ryqq/toplist/62
2026-08-03,2026-08-03T18:59:11+08:00,QQ音乐,飙升榜,飙升榜,2026-08-03,69,Washed Away,蔡徐坤,热度 1%,,638918968,003Q9it10RWLId,https://y.qq.com/n/ryqq/toplist/62
2026-08-03,2026-08-03T18:59:11+08:00,QQ音乐,飙升榜,飙升榜,2026-08-03,70,Colder (Explicit),蔡徐坤,热度 1%,,638918966,003Q9it10RWLId,https://y.qq.com/n/ryqq/toplist/62
2026-08-03,2026-08-03T18:59:11+08:00,QQ音乐,飙升榜,飙升榜,2026-08-03,71,Come What May,王力宏,热度 1%,,664923487,000S79v91L2U6W,https://y.qq.com/n/ryqq/toplist/62
2026-08-03,2026-08-03T18:59:11+08:00,QQ音乐,飙升榜,飙升榜,2026-08-03,72,词不达意,林忆莲,热度 1%,,167545,001PPU2o2fOzcs,https://y.qq.com/n/ryqq/toplist/62
2026-08-03,2026-08-03T18:59:11+08:00,QQ音乐,飙升榜,飙升榜,2026-08-03,73,Remedy,蔡徐坤,热度 1%,,505883951,003t9YaB11WD2o,https://y.qq.com/n/ryqq/toplist/62
2026-08-03,2026-08-03T18:59:11+08:00,QQ音乐,飙升榜,飙升榜,2026-08-03,74,你教会我爱又教我释怀 (心碎版),荒唐阿姨,热度 1%,,712406833,000VRc7N3Wkmpo,https://y.qq.com/n/ryqq/toplist/62
2026-08-03,2026-08-03T18:59:11+08:00,QQ音乐,飙升榜,飙升榜,2026-08-03,75,What is My Life (Explicit),弹壳,热度 1%,,429351633,002OI81S3zgKZq,https://y.qq.com/n/ryqq/toplist/62
2026-08-03,2026-08-03T18:59:11+08:00,QQ音乐,飙升榜,飙升榜,2026-08-03,76,Alive,王嘉尔/五月天 阿信,热度 1%,,669135735,001PC3JU3e688L,https://y.qq.com/n/ryqq/toplist/62
2026-08-03,2026-08-03T18:59:11+08:00,QQ音乐,飙升榜,飙升榜,2026-08-03,77,玩swag (范儿) (Live),ICE杨长青/Melo,热度 1%,,712587334,000JTy3o3yMvjR,https://y.qq.com/n/ryqq/toplist/62
2026-08-03,2026-08-03T18:59:11+08:00,QQ音乐,飙升榜,飙升榜,2026-08-03,78,一点点,杨渡歌,热度 1%,,712744134,001F8G0Q1e4UeJ,https://y.qq.com/n/ryqq/toplist/62
2026-08-03,2026-08-03T18:59:11+08:00,QQ音乐,飙升榜,飙升榜,2026-08-03,79,Monsters,Katie Sky,热度 1%,,215658926,001Z5XGk3onxuW,https://y.qq.com/n/ryqq/toplist/62
2026-08-03,2026-08-03T18:59:11+08:00,QQ音乐,飙升榜,飙升榜,2026-08-03,80,人间共鸣,李健,热度 1%,,641742655,003RVJjp1svtyz,https://y.qq.com/n/ryqq/toplist/62
2026-08-03,2026-08-03T18:59:11+08:00,QQ音乐,飙升榜,飙升榜,2026-08-03,81,Night Into Night (Interlude),蔡徐坤,热度 1%,,638918955,003Q9it10RWLId,https://y.qq.com/n/ryqq/toplist/62
2026-08-03,2026-08-03T18:59:11+08:00,QQ音乐,飙升榜,飙升榜,2026-08-03,82,Paranoid,蔡徐坤,热度 1%,,638918961,003Q9it10RWLId,https://y.qq.com/n/ryqq/toplist/62
2026-08-03,2026-08-03T18:59:11+08:00,QQ音乐,飙升榜,飙升榜,2026-08-03,83,Fight Back (Explicit),SuperThai,热度 1%,,710214717,001ZNnHi00p9rH,https://y.qq.com/n/ryqq/toplist/62
2026-08-03,2026-08-03T18:59:11+08:00,QQ音乐,飙升榜,飙升榜,2026-08-03,84,Shape of You,Ed Sheeran,热度 1%,,200369396,001uSQEE2WdFLN,https://y.qq.com/n/ryqq/toplist/62
2026-08-03,2026-08-03T18:59:11+08:00,QQ音乐,飙升榜,飙升榜,2026-08-03,85,DINOSAUR,AKMU (악동뮤지션),热度 1%,,203311686,001HoNaq0gJ30Z,https://y.qq.com/n/ryqq/toplist/62
2026-08-03,2026-08-03T18:59:11+08:00,QQ音乐,飙升榜,飙升榜,2026-08-03,86,姑娘我爱你,索朗扎西,热度 1%,,506571621,003IIWFQ47ylLd,https://y.qq.com/n/ryqq/toplist/62
2026-08-03,2026-08-03T18:59:11+08:00,QQ音乐,飙升榜,飙升榜,2026-08-03,87,小白,周柏豪,热度 1%,,101818309,000zukkZ4SMSzY,https://y.qq.com/n/ryqq/toplist/62
2026-08-03,2026-08-03T18:59:11+08:00,QQ音乐,飙升榜,飙升榜,2026-08-03,88,骗子,文夫,热度 1%,,350437637,000Kk8BJ3v1oek,https://y.qq.com/n/ryqq/toplist/62
2026-08-03,2026-08-03T18:59:11+08:00,QQ音乐,飙升榜,飙升榜,2026-08-03,89,Wait Wait Wait,蔡徐坤,热度 1%,,215830524,002W87aA1RzC0i,https://y.qq.com/n/ryqq/toplist/62
2026-08-03,2026-08-03T18:59:11+08:00,QQ音乐,飙升榜,飙升榜,2026-08-03,90,My Sunshine,张杰,热度 1%,,101787562,001lFY9N1V9xAY,https://y.qq.com/n/ryqq/toplist/62
2026-08-03,2026-08-03T18:59:11+08:00,QQ音乐,飙升榜,飙升榜,2026-08-03,91,Confident,Justin Bieber/Chance the Rapper,热度 1%,,5166295,000hK1X63wnF6u,https://y.qq.com/n/ryqq/toplist/62
2026-08-03,2026-08-03T18:59:11+08:00,QQ音乐,飙升榜,飙升榜,2026-08-03,92,Fool (Explicit),蔡徐坤,热度 1%,,638918962,003Q9it10RWLId,https://y.qq.com/n/ryqq/toplist/62
2026-08-03,2026-08-03T18:59:11+08:00,QQ音乐,飙升榜,飙升榜,2026-08-03,93,冬日来信 (Winter Love Letter),时代少年团,热度 1%,,627326391,002LkYs400RJuJ,https://y.qq.com/n/ryqq/toplist/62
2026-08-03,2026-08-03T18:59:11+08:00,QQ音乐,飙升榜,飙升榜,2026-08-03,94,你要快乐,时代少年团,热度 1%,,359807805,002MSpgL3OG6Xx,https://y.qq.com/n/ryqq/toplist/62
2026-08-03,2026-08-03T18:59:11+08:00,QQ音乐,飙升榜,飙升榜,2026-08-03,95,空城,杨坤,热度 1%,,7109064,0008UYdN0uEt2J,https://y.qq.com/n/ryqq/toplist/62
2026-08-03,2026-08-03T18:59:11+08:00,QQ音乐,飙升榜,飙升榜,2026-08-03,96,琵琶曲,郑浩/冰洁,热度 1%,,627317850,002PmUzc12N5S7,https://y.qq.com/n/ryqq/toplist/62
2026-08-03,2026-08-03T18:59:11+08:00,QQ音乐,飙升榜,飙升榜,2026-08-03,97,暗涌 (Live),萨顶顶,热度 1%,,712624791,003Uj2Op2NJB1R,https://y.qq.com/n/ryqq/toplist/62
2026-08-03,2026-08-03T18:59:11+08:00,QQ音乐,飙升榜,飙升榜,2026-08-03,98,适合，不适合,TF家族-张桂源/TF家族-张函瑞/TF家族-王橹杰/TF家族-左奇函/TF家族-陈奕恒/TF家族-杨博文/TF家族-陈思罕/TF家族-陈浚铭,热度 1%,,627330054,002UH5UH1OoI2j,https://y.qq.com/n/ryqq/toplist/62
2026-08-03,2026-08-03T18:59:11+08:00,QQ音乐,飙升榜,飙升榜,2026-08-03,99,迷,蔡徐坤,热度 1%,,304764059,003jicxY0UK9ew,https://y.qq.com/n/ryqq/toplist/62
2026-08-03,2026-08-03T18:59:11+08:00,QQ音乐,飙升榜,飙升榜,2026-08-03,100,挂机 (厌倦了吵架厌倦了迷人的谎话),Lefty,热度 1%,,610730423,004JygF00823xn,https://y.qq.com/n/ryqq/toplist/62
2026-08-03,2026-08-03T18:59:11+08:00,酷狗音乐,热歌榜,酷狗TOP500,2026-08-03,1,山风山风等等我,万海东,,3:29,CE256D96F1F025D60468D8F0BC9EE64B,200106963,https://www.kugou.com/yy/rank/home/1-8888.html?from=rank
2026-08-03,2026-08-03T18:59:11+08:00,酷狗音乐,热歌榜,酷狗TOP500,2026-08-03,2,甲乙丙丁 (你我怎么两清),李佳薇,,3:30,213D580CA0BDCC28A5FDBA995FFDA106,197648995,https://www.kugou.com/yy/rank/home/1-8888.html?from=rank
2026-08-03,2026-08-03T18:59:11+08:00,酷狗音乐,热歌榜,酷狗TOP500,2026-08-03,3,吹吹山顶的风,巴扎黑,,2:59,87311B26EDEE637CA1448E14230BCB68,198304563,https://www.kugou.com/yy/rank/home/1-8888.html?from=rank
2026-08-03,2026-08-03T18:59:11+08:00,酷狗音乐,热歌榜,酷狗TOP500,2026-08-03,4,金达莱花 (猛Remix),猛弟/邹子寒,,2:18,E93CB193E4133C79EA9BCC9F852375AD,201184757,https://www.kugou.com/yy/rank/home/1-8888.html?from=rank
2026-08-03,2026-08-03T18:59:11+08:00,酷狗音乐,热歌榜,酷狗TOP500,2026-08-03,5,你有没有真的爱过我,阿图表妹,,4:03,FE39668F68770C3FB3BE57A3E86CCC10,190170015,https://www.kugou.com/yy/rank/home/1-8888.html?from=rank
2026-08-03,2026-08-03T18:59:11+08:00,酷狗音乐,热歌榜,酷狗TOP500,2026-08-03,6,唯我论者的独白,马嘉祺,,3:40,7251740620390DA2939069838804D0DA,200668871,https://www.kugou.com/yy/rank/home/1-8888.html?from=rank
2026-08-03,2026-08-03T18:59:11+08:00,酷狗音乐,热歌榜,酷狗TOP500,2026-08-03,7,失眠,Suki刘舒妤,,3:31,EC476A2009EF5DCAC13EDCD11870DF55,671621,https://www.kugou.com/yy/rank/home/1-8888.html?from=rank
2026-08-03,2026-08-03T18:59:11+08:00,酷狗音乐,热歌榜,酷狗TOP500,2026-08-03,8,踏马寻花向自由 (雷鬼版),超哥,,2:59,B5BA68A039E54847B4E14A46A268991B,194886112,https://www.kugou.com/yy/rank/home/1-8888.html?from=rank
2026-08-03,2026-08-03T18:59:11+08:00,酷狗音乐,热歌榜,酷狗TOP500,2026-08-03,9,梦哑,任然,,3:54,3194D1AA995469BEF8620E96989D6BA8,193630889,https://www.kugou.com/yy/rank/home/1-8888.html?from=rank
2026-08-03,2026-08-03T18:59:11+08:00,酷狗音乐,热歌榜,酷狗TOP500,2026-08-03,10,人生路漫漫,白小白,,3:55,B8CA573A69DB5050C7EE0C1AB79144E5,179917533,https://www.kugou.com/yy/rank/home/1-8888.html?from=rank
2026-08-03,2026-08-03T18:59:11+08:00,酷狗音乐,热歌榜,酷狗TOP500,2026-08-03,11,盛夏的果实,莫文蔚,,4:11,1C86CBC64AE9A6C3539A36CAADDF1A59,978378,https://www.kugou.com/yy/rank/home/1-8888.html?from=rank
2026-08-03,2026-08-03T18:59:11+08:00,酷狗音乐,热歌榜,酷狗TOP500,2026-08-03,12,也许你就在对岸,张杰,,3:00,4AD43FA556262579243CA41E8B898AE3,201303666,https://www.kugou.com/yy/rank/home/1-8888.html?from=rank
2026-08-03,2026-08-03T18:59:11+08:00,酷狗音乐,热歌榜,酷狗TOP500,2026-08-03,13,岁月如笔写春秋,河南三妹5233,,4:11,5D4C2F9D994E5BECDC9BA0FBC6BD3DD8,191576482,https://www.kugou.com/yy/rank/home/1-8888.html?from=rank
2026-08-03,2026-08-03T18:59:11+08:00,酷狗音乐,热歌榜,酷狗TOP500,2026-08-03,14,樱花草,Sweety,,4:44,F0B01830164E4974A2AC9E85DD446D45,507451,https://www.kugou.com/yy/rank/home/1-8888.html?from=rank
2026-08-03,2026-08-03T18:59:11+08:00,酷狗音乐,热歌榜,酷狗TOP500,2026-08-03,15,雨过后的风景,Dizzy Dizzo (蔡诗芸),,4:03,E3F046EDB5EB76BBA5A44FFA3D8F8C42,974143,https://www.kugou.com/yy/rank/home/1-8888.html?from=rank
2026-08-03,2026-08-03T18:59:11+08:00,酷狗音乐,热歌榜,酷狗TOP500,2026-08-03,16,恋人,李荣浩,,4:36,9DA7851E2BF83B18C74CBBAB461CEFDD,106374641,https://www.kugou.com/yy/rank/home/1-8888.html?from=rank
2026-08-03,2026-08-03T18:59:11+08:00,酷狗音乐,热歌榜,酷狗TOP500,2026-08-03,17,黄昏 (纵然青丝如霜)(R&B版),落日微醺,,4:05,423FC1778078ACF260242626820E4244,194767721,https://www.kugou.com/yy/rank/home/1-8888.html?from=rank
2026-08-03,2026-08-03T18:59:11+08:00,酷狗音乐,热歌榜,酷狗TOP500,2026-08-03,18,阴天,莫文蔚,,4:02,E4271CB5938F401AA283FBEA49223BF8,970575,https://www.kugou.com/yy/rank/home/1-8888.html?from=rank
2026-08-03,2026-08-03T18:59:11+08:00,酷狗音乐,热歌榜,酷狗TOP500,2026-08-03,19,雨爱,杨丞琳,,4:21,2592FFA57A2D8B1A16F18D991B7098CD,2694607,https://www.kugou.com/yy/rank/home/1-8888.html?from=rank
2026-08-03,2026-08-03T18:59:11+08:00,酷狗音乐,热歌榜,酷狗TOP500,2026-08-03,20,Dehors (外面)(Single Version),Jordann,,3:15,3D6391A8A0FB81B62C68C6A4429F63FD,42153287,https://www.kugou.com/yy/rank/home/1-8888.html?from=rank
2026-08-03,2026-08-03T18:59:11+08:00,酷狗音乐,热歌榜,酷狗TOP500,2026-08-03,21,小半,陈粒,,4:57,AFEA9FFE5D7F0EF0874119A363820D33,1749208,https://www.kugou.com/yy/rank/home/1-8888.html?from=rank
2026-08-03,2026-08-03T18:59:11+08:00,酷狗音乐,热歌榜,酷狗TOP500,2026-08-03,22,忘情牛肉面,马健涛,,3:02,E9E3E3F40397839A715537F5AA5C93CE,32988895,https://www.kugou.com/yy/rank/home/1-8888.html?from=rank
2026-08-03,2026-08-03T18:59:11+08:00,酷狗音乐,热歌榜,酷狗TOP500,2026-08-03,23,若不是因为你 (深情版),林栖,,4:13,6CCB2559DE8FC8965E98F641C4C33B6A,176013962,https://www.kugou.com/yy/rank/home/2-8888.html?from=rank
2026-08-03,2026-08-03T18:59:11+08:00,酷狗音乐,热歌榜,酷狗TOP500,2026-08-03,24,晴天,周杰伦,,4:29,B3A52A7A958BF0AED0EBFBA2E9A818B7,966846,https://www.kugou.com/yy/rank/home/2-8888.html?from=rank
2026-08-03,2026-08-03T18:59:11+08:00,酷狗音乐,热歌榜,酷狗TOP500,2026-08-03,25,离开我的依赖,王艳薇,,3:54,A9C377CC1B9931F0CE81907E23E4D588,36181053,https://www.kugou.com/yy/rank/home/2-8888.html?from=rank
2026-08-03,2026-08-03T18:59:11+08:00,酷狗音乐,热歌榜,酷狗TOP500,2026-08-03,26,北方的后海没有海 (r&b微醺版),落日微醺,,3:26,DB3D10DE8DF3C5188EC036A9724F9418,196519034,https://www.kugou.com/yy/rank/home/2-8888.html?from=rank
2026-08-03,2026-08-03T18:59:11+08:00,酷狗音乐,热歌榜,酷狗TOP500,2026-08-03,27,偏爱,张芸京,,3:33,4A544525C1F78DBDF25361DB0E255495,968788,https://www.kugou.com/yy/rank/home/2-8888.html?from=rank
2026-08-03,2026-08-03T18:59:11+08:00,酷狗音乐,热歌榜,酷狗TOP500,2026-08-03,28,Fever Pitch,Richz,,2:15,594B915AEEDA7DA8F5BD70B63EA76EAD,180499937,https://www.kugou.com/yy/rank/home/2-8888.html?from=rank
2026-08-03,2026-08-03T18:59:11+08:00,酷狗音乐,热歌榜,酷狗TOP500,2026-08-03,29,Angel,尹美莱、Tiger JK、Bizzy,,4:15,157D75DA9A1B5B4FED6C529C2B1C2452,964390,https://www.kugou.com/yy/rank/home/2-8888.html?from=rank
2026-08-03,2026-08-03T18:59:11+08:00,酷狗音乐,热歌榜,酷狗TOP500,2026-08-03,30,空心 (Live),黄霄雲、刘端端,,4:55,6F74F7B3D9B87CA771573ABD27B2A820,199810791,https://www.kugou.com/yy/rank/home/2-8888.html?from=rank
2026-08-03,2026-08-03T18:59:11+08:00,酷狗音乐,热歌榜,酷狗TOP500,2026-08-03,31,无人之岛,任然,,4:45,8E568D8806F771607104D8BF9695ACE0,2916172,https://www.kugou.com/yy/rank/home/2-8888.html?from=rank
2026-08-03,2026-08-03T18:59:11+08:00,酷狗音乐,热歌榜,酷狗TOP500,2026-08-03,32,街角的晚风,陈小春,,4:00,18B89D66950B7856EABB131BB6273F6E,169830039,https://www.kugou.com/yy/rank/home/2-8888.html?from=rank
2026-08-03,2026-08-03T18:59:11+08:00,酷狗音乐,热歌榜,酷狗TOP500,2026-08-03,33,讨厌,芮恩,,4:18,C88A8D3EF16E2C4E944B947E0F56A7AD,2996887,https://www.kugou.com/yy/rank/home/2-8888.html?from=rank
2026-08-03,2026-08-03T18:59:11+08:00,酷狗音乐,热歌榜,酷狗TOP500,2026-08-03,34,人间的剧本,老韩很哇塞,,3:18,F80698DAC679080F9E38F3DBB07BD17A,195240853,https://www.kugou.com/yy/rank/home/2-8888.html?from=rank
2026-08-03,2026-08-03T18:59:11+08:00,酷狗音乐,热歌榜,酷狗TOP500,2026-08-03,35,有风的日落,万海东,,3:49,94774F06E73EF9ABD739423E1A414593,181906094,https://www.kugou.com/yy/rank/home/2-8888.html?from=rank
2026-08-03,2026-08-03T18:59:11+08:00,酷狗音乐,热歌榜,酷狗TOP500,2026-08-03,36,山歌追上云朵,央金拉姆,,3:35,B81F368C6B44B98B0E2B4E9F417F1002,193932928,https://www.kugou.com/yy/rank/home/2-8888.html?from=rank
2026-08-03,2026-08-03T18:59:11+08:00,酷狗音乐,热歌榜,酷狗TOP500,2026-08-03,37,我不难过,孙燕姿,,5:20,3FD7E1EC51122C745C637735C8BDE716,965883,https://www.kugou.com/yy/rank/home/2-8888.html?from=rank
2026-08-03,2026-08-03T18:59:11+08:00,酷狗音乐,热歌榜,酷狗TOP500,2026-08-03,38,好想再爱你,潘广益,,4:31,B78BA4062528E712B68C42DC6A4D9AAE,957659,https://www.kugou.com/yy/rank/home/2-8888.html?from=rank
2026-08-03,2026-08-03T18:59:11+08:00,酷狗音乐,热歌榜,酷狗TOP500,2026-08-03,39,黄昏,周传雄,,5:44,7DE9A9CD041157F6BF3FE9FFBCF120E3,964612,https://www.kugou.com/yy/rank/home/2-8888.html?from=rank
2026-08-03,2026-08-03T18:59:11+08:00,酷狗音乐,热歌榜,酷狗TOP500,2026-08-03,40,The Other Side Of Paradise (Explicit),Glass Animals,,5:21,222314858D998CCDDD4BF0B7BAF2F5A2,47764102,https://www.kugou.com/yy/rank/home/2-8888.html?from=rank
2026-08-03,2026-08-03T18:59:11+08:00,酷狗音乐,热歌榜,酷狗TOP500,2026-08-03,41,演员,薛之谦,,4:21,097E777171F692855EAE98B6965F9477,14456909,https://www.kugou.com/yy/rank/home/2-8888.html?from=rank
2026-08-03,2026-08-03T18:59:11+08:00,酷狗音乐,热歌榜,酷狗TOP500,2026-08-03,42,最佳损友,陈奕迅,,3:54,CBFA7DDE592B23322E21E4BDAA9BE9F9,964332,https://www.kugou.com/yy/rank/home/2-8888.html?from=rank
2026-08-03,2026-08-03T18:59:11+08:00,酷狗音乐,热歌榜,酷狗TOP500,2026-08-03,43,红尘客栈,周杰伦,,4:34,48729371F20FB048EF4E51D4CD41DBF5,982051,https://www.kugou.com/yy/rank/home/2-8888.html?from=rank
2026-08-03,2026-08-03T18:59:11+08:00,酷狗音乐,热歌榜,酷狗TOP500,2026-08-03,44,唯一,G.E.M. 邓紫棋,,4:14,AB05B8F658851282DCB2CBAD548AEB9B,82564821,https://www.kugou.com/yy/rank/home/2-8888.html?from=rank
2026-08-03,2026-08-03T18:59:11+08:00,酷狗音乐,热歌榜,酷狗TOP500,2026-08-03,45,海屿你,DJ铁柱,,4:33,741FD028FD4104B0C1E0017E33D23357,197102975,https://www.kugou.com/yy/rank/home/3-8888.html?from=rank
2026-08-03,2026-08-03T18:59:11+08:00,酷狗音乐,热歌榜,酷狗TOP500,2026-08-03,46,我不该动情,老板,,3:57,DFA780605FE78F1572761712931024A7,197593768,https://www.kugou.com/yy/rank/home/3-8888.html?from=rank
2026-08-03,2026-08-03T18:59:11+08:00,酷狗音乐,热歌榜,酷狗TOP500,2026-08-03,47,抽离,徐良、刘丹萌,,4:18,37A9C74C33A9FAEFF672CFDF4C699581,547514,https://www.kugou.com/yy/rank/home/3-8888.html?from=rank
2026-08-03,2026-08-03T18:59:11+08:00,酷狗音乐,热歌榜,酷狗TOP500,2026-08-03,48,Amani (女声版),落日微醺,,3:54,0E1705D85CE6D8BE87784DFA9C9A5624,194642479,https://www.kugou.com/yy/rank/home/3-8888.html?from=rank
2026-08-03,2026-08-03T18:59:11+08:00,酷狗音乐,热歌榜,酷狗TOP500,2026-08-03,49,哼着你爱听的歌,杨小壮,,3:21,BAF3B2A7AC043CDB154EBAFD69A6C76A,104507270,https://www.kugou.com/yy/rank/home/3-8888.html?from=rank
2026-08-03,2026-08-03T18:59:11+08:00,酷狗音乐,热歌榜,酷狗TOP500,2026-08-03,50,开始懂了,孙燕姿,,4:32,93F260998A10F4AD6B46606AF5C8EC72,972102,https://www.kugou.com/yy/rank/home/3-8888.html?from=rank
2026-08-03,2026-08-03T18:59:11+08:00,酷狗音乐,热歌榜,酷狗TOP500,2026-08-03,51,半壶纱,刘珂矣,,3:41,951AB088C5A08F491471A1296DF93707,948327,https://www.kugou.com/yy/rank/home/3-8888.html?from=rank
2026-08-03,2026-08-03T18:59:11+08:00,酷狗音乐,热歌榜,酷狗TOP500,2026-08-03,52,心墙,郭静,,3:47,97870F3D4B01A7822DC497C6127EA66D,968033,https://www.kugou.com/yy/rank/home/3-8888.html?from=rank
2026-08-03,2026-08-03T18:59:11+08:00,酷狗音乐,热歌榜,酷狗TOP500,2026-08-03,53,童话,光良,,4:04,472FF9D57BCE90288EC88CBE100BCB2A,974097,https://www.kugou.com/yy/rank/home/3-8888.html?from=rank
2026-08-03,2026-08-03T18:59:11+08:00,酷狗音乐,热歌榜,酷狗TOP500,2026-08-03,54,坏女孩,徐良、小凌,,4:07,9365223F903B13D0DAF54B6091AC3E7B,511536,https://www.kugou.com/yy/rank/home/3-8888.html?from=rank
2026-08-03,2026-08-03T18:59:11+08:00,酷狗音乐,热歌榜,酷狗TOP500,2026-08-03,55,我怀念的,孙燕姿,,4:49,1A3CAACB1E361DAF217A2383E9C8E292,984086,https://www.kugou.com/yy/rank/home/3-8888.html?from=rank
2026-08-03,2026-08-03T18:59:11+08:00,酷狗音乐,热歌榜,酷狗TOP500,2026-08-03,56,茶花开了，该回家了,王睿卓、加木,,3:10,99F0F17B7C6F110346411E7AD552156D,133732298,https://www.kugou.com/yy/rank/home/3-8888.html?from=rank
2026-08-03,2026-08-03T18:59:11+08:00,酷狗音乐,热歌榜,酷狗TOP500,2026-08-03,57,枪火 (相对那就针锋相对),宝石Gem,,3:18,76923758046CB591DC9556D1FB69D976,154798334,https://www.kugou.com/yy/rank/home/3-8888.html?from=rank
2026-08-03,2026-08-03T18:59:11+08:00,酷狗音乐,热歌榜,酷狗TOP500,2026-08-03,58,爱错,王力宏,,3:59,8E021794DFD02C48D2C6281A55BCBDC6,2996462,https://www.kugou.com/yy/rank/home/3-8888.html?from=rank
2026-08-03,2026-08-03T18:59:11+08:00,酷狗音乐,热歌榜,酷狗TOP500,2026-08-03,59,野心家,张靓颖,,4:43,1789AD88CFDD254910125F22494C0E8B,161637189,https://www.kugou.com/yy/rank/home/3-8888.html?from=rank
2026-08-03,2026-08-03T18:59:11+08:00,酷狗音乐,热歌榜,酷狗TOP500,2026-08-03,60,街道,林俊杰,,4:02,D9DF39A88E29EADDB272A4B04393D357,963179,https://www.kugou.com/yy/rank/home/3-8888.html?from=rank
2026-08-03,2026-08-03T18:59:11+08:00,酷狗音乐,热歌榜,酷狗TOP500,2026-08-03,61,红色高跟鞋,蔡健雅,,3:27,055A804B8A3CCC05240D08F8FF1F7DE8,978459,https://www.kugou.com/yy/rank/home/3-8888.html?from=rank
2026-08-03,2026-08-03T18:59:11+08:00,酷狗音乐,热歌榜,酷狗TOP500,2026-08-03,62,求你别离开我 (因为我欠你太多),苏子欲,,4:55,8C7E878814996A87FB84AED479E8C4C6,199782537,https://www.kugou.com/yy/rank/home/3-8888.html?from=rank
2026-08-03,2026-08-03T18:59:11+08:00,酷狗音乐,热歌榜,酷狗TOP500,2026-08-03,63,情歌,梁静茹,,4:20,72DB6DA75FFE23A3A6361BDB8F44D5F4,2997268,https://www.kugou.com/yy/rank/home/3-8888.html?from=rank
2026-08-03,2026-08-03T18:59:11+08:00,酷狗音乐,热歌榜,酷狗TOP500,2026-08-03,64,MOTION (feat. Juicy J),CORTIS、Juicy J,,2:37,C31AEDE0B4EA0D2644477E4AFD1CF23B,201621675,https://www.kugou.com/yy/rank/home/3-8888.html?from=rank
2026-08-03,2026-08-03T18:59:11+08:00,酷狗音乐,热歌榜,酷狗TOP500,2026-08-03,65,晨间新闻,蔡健雅,,3:50,09A4599755FAF50EACBA75F5153A9D92,965319,https://www.kugou.com/yy/rank/home/3-8888.html?from=rank
2026-08-03,2026-08-03T18:59:11+08:00,酷狗音乐,热歌榜,酷狗TOP500,2026-08-03,66,青花瓷,周杰伦,,3:59,37A8F50A9EC3B267C3CC6BEC633D9C4A,979856,https://www.kugou.com/yy/rank/home/3-8888.html?from=rank
2026-08-03,2026-08-03T18:59:11+08:00,酷狗音乐,热歌榜,酷狗TOP500,2026-08-03,67,落日微醺 (晚风中一杯酒),落日微醺,,4:14,CB22754AB8A0F20FCC015D0A800758CE,196517740,https://www.kugou.com/yy/rank/home/4-8888.html?from=rank
2026-08-03,2026-08-03T18:59:11+08:00,酷狗音乐,热歌榜,酷狗TOP500,2026-08-03,68,Copines,Aya Nakamura,,2:52,1CDA977A7FC0BCCC23BC7DF4D0194389,39155596,https://www.kugou.com/yy/rank/home/4-8888.html?from=rank
2026-08-03,2026-08-03T18:59:11+08:00,酷狗音乐,热歌榜,酷狗TOP500,2026-08-03,69,泪海,许茹芸,,4:58,FBC174E7C22B9AF471B7B93A61751E1B,975212,https://www.kugou.com/yy/rank/home/4-8888.html?from=rank
2026-08-03,2026-08-03T18:59:11+08:00,酷狗音乐,热歌榜,酷狗TOP500,2026-08-03,70,舍不得又没资格 (男女合唱版),弦外之音,,2:57,39DBF61AACB72EAEB828D89C947E8AC7,199845860,https://www.kugou.com/yy/rank/home/4-8888.html?from=rank
2026-08-03,2026-08-03T18:59:11+08:00,酷狗音乐,热歌榜,酷狗TOP500,2026-08-03,71,碎碎念,队长,,2:13,A823AE8D84854FD2EB5B8E599D1263FA,79831015,https://www.kugou.com/yy/rank/home/4-8888.html?from=rank
2026-08-03,2026-08-03T18:59:11+08:00,酷狗音乐,热歌榜,酷狗TOP500,2026-08-03,72,下完这场雨,后弦,,4:31,2EEFFF98A4F19D945BBA7C78FB2079C0,1964990,https://www.kugou.com/yy/rank/home/4-8888.html?from=rank
2026-08-03,2026-08-03T18:59:11+08:00,酷狗音乐,热歌榜,酷狗TOP500,2026-08-03,73,其实,薛之谦,,4:02,2A8911EAD4838BF967CF5A300D787E53,960327,https://www.kugou.com/yy/rank/home/4-8888.html?from=rank
2026-08-03,2026-08-03T18:59:11+08:00,酷狗音乐,热歌榜,酷狗TOP500,2026-08-03,74,无名之辈,陈雪燃,,4:23,D08C3E2B2463AA9FC72D65AD6DA94E4E,24460217,https://www.kugou.com/yy/rank/home/4-8888.html?from=rank
2026-08-03,2026-08-03T18:59:11+08:00,酷狗音乐,热歌榜,酷狗TOP500,2026-08-03,75,玻璃,Gareth.T,,3:05,ED0ED6B17B6C29695E97F5CC945C7901,191663409,https://www.kugou.com/yy/rank/home/4-8888.html?from=rank
2026-08-03,2026-08-03T18:59:11+08:00,酷狗音乐,热歌榜,酷狗TOP500,2026-08-03,76,泡泡,牛佳钰,,3:37,CB6BD8CDFF1DA01DAEF01C389CBAD645,37403884,https://www.kugou.com/yy/rank/home/4-8888.html?from=rank
2026-08-03,2026-08-03T18:59:11+08:00,酷狗音乐,热歌榜,酷狗TOP500,2026-08-03,77,如愿,王菲,,4:25,EC1A18BBD6B61CB203E656B91F5CF2D1,49057589,https://www.kugou.com/yy/rank/home/4-8888.html?from=rank
2026-08-03,2026-08-03T18:59:11+08:00,酷狗音乐,热歌榜,酷狗TOP500,2026-08-03,78,稻香,周杰伦,,3:44,8909E1809908CD8E3BF6CF85D98B93F0,960399,https://www.kugou.com/yy/rank/home/4-8888.html?from=rank
2026-08-03,2026-08-03T18:59:11+08:00,酷狗音乐,热歌榜,酷狗TOP500,2026-08-03,79,背对背拥抱,林俊杰,,3:55,D3CB60981A747455AE3142C25809051E,975828,https://www.kugou.com/yy/rank/home/4-8888.html?from=rank
2026-08-03,2026-08-03T18:59:11+08:00,酷狗音乐,热歌榜,酷狗TOP500,2026-08-03,80,光辉岁月,BEYOND,,5:04,BBFE9596615ADE83FF6B117831C45E4D,960181,https://www.kugou.com/yy/rank/home/4-8888.html?from=rank
2026-08-03,2026-08-03T18:59:11+08:00,酷狗音乐,热歌榜,酷狗TOP500,2026-08-03,81,有些,颜人中,,3:49,D79E556C176AE1A3ADE8B532810C4CE8,34604592,https://www.kugou.com/yy/rank/home/4-8888.html?from=rank
2026-08-03,2026-08-03T18:59:11+08:00,酷狗音乐,热歌榜,酷狗TOP500,2026-08-03,82,后来,刘若英,,5:38,C4904D4E3BBA872D41D3BDBF597E2B18,16562,https://www.kugou.com/yy/rank/home/4-8888.html?from=rank
2026-08-03,2026-08-03T18:59:11+08:00,酷狗音乐,热歌榜,酷狗TOP500,2026-08-03,83,勇气,梁静茹,,3:59,A4D0C350CF4475BFBB0AB28DC6E25A8D,973299,https://www.kugou.com/yy/rank/home/4-8888.html?from=rank
2026-08-03,2026-08-03T18:59:11+08:00,酷狗音乐,热歌榜,酷狗TOP500,2026-08-03,84,爱情讯息,郭静,,4:41,D8E857250D8EEA9C5FAFDAF7857640A5,971139,https://www.kugou.com/yy/rank/home/4-8888.html?from=rank
2026-08-03,2026-08-03T18:59:11+08:00,酷狗音乐,热歌榜,酷狗TOP500,2026-08-03,85,烟火 (孤孤单单一个人),京六,,4:06,495D65F83F80948BE9E2683AEFD0E20A,198377118,https://www.kugou.com/yy/rank/home/4-8888.html?from=rank
2026-08-03,2026-08-03T18:59:11+08:00,酷狗音乐,热歌榜,酷狗TOP500,2026-08-03,86,我们俩,郭顶,,3:14,DD4D224BC3DBFD1A0F6E338928620E69,979601,https://www.kugou.com/yy/rank/home/4-8888.html?from=rank
2026-08-03,2026-08-03T18:59:11+08:00,酷狗音乐,热歌榜,酷狗TOP500,2026-08-03,87,告白气球,周杰伦,,3:36,688857974673645CE89EDA26A36DB19D,1645030,https://www.kugou.com/yy/rank/home/4-8888.html?from=rank
2026-08-03,2026-08-03T18:59:11+08:00,酷狗音乐,热歌榜,酷狗TOP500,2026-08-03,88,海阔天空,BEYOND,,5:25,C41E80A18D1448FA47086372999C7F43,973001,https://www.kugou.com/yy/rank/home/4-8888.html?from=rank
2026-08-03,2026-08-03T18:59:11+08:00,酷狗音乐,热歌榜,酷狗TOP500,2026-08-03,89,搁浅,周杰伦,,4:00,8141FAA45AAD5BCFF5FF9873B89709E3,971783,https://www.kugou.com/yy/rank/home/5-8888.html?from=rank
2026-08-03,2026-08-03T18:59:11+08:00,酷狗音乐,热歌榜,酷狗TOP500,2026-08-03,90,岁月如笔写春秋,郭少杰,,4:11,6FCF099C6A88F85FC8417AFD452D54FD,190046745,https://www.kugou.com/yy/rank/home/5-8888.html?from=rank
2026-08-03,2026-08-03T18:59:11+08:00,酷狗音乐,热歌榜,酷狗TOP500,2026-08-03,91,我不该动情 (藏语男女合唱版),万能和弦,,3:25,E1CDCF04108F3E2A756E3732E80EEF42,199546874,https://www.kugou.com/yy/rank/home/5-8888.html?from=rank
2026-08-03,2026-08-03T18:59:11+08:00,酷狗音乐,热歌榜,酷狗TOP500,2026-08-03,92,认真的雪,薛之谦,,4:19,D2E00CC158DB4DA18927AC3B01CC371B,2689239,https://www.kugou.com/yy/rank/home/5-8888.html?from=rank
2026-08-03,2026-08-03T18:59:11+08:00,酷狗音乐,热歌榜,酷狗TOP500,2026-08-03,93,第57次取消发送,菲菲公主（陆绮菲）,,3:01,F17C489C53382E608F9CBB3ED9F6D2AA,137397074,https://www.kugou.com/yy/rank/home/5-8888.html?from=rank
2026-08-03,2026-08-03T18:59:11+08:00,酷狗音乐,热歌榜,酷狗TOP500,2026-08-03,94,人间共鸣,李健,,4:19,C9A5658204BD4E941F3DB2FB132D4968,176253415,https://www.kugou.com/yy/rank/home/5-8888.html?from=rank
2026-08-03,2026-08-03T18:59:11+08:00,酷狗音乐,热歌榜,酷狗TOP500,2026-08-03,95,后会无期,汪苏泷、徐良,,3:32,5F86140467A73FBF9C4F339F7B9AFC2C,511536,https://www.kugou.com/yy/rank/home/5-8888.html?from=rank
2026-08-03,2026-08-03T18:59:11+08:00,酷狗音乐,热歌榜,酷狗TOP500,2026-08-03,96,等一分钟,徐誉滕,,3:56,52ED380B09C692BDF4CE65FD56D918F3,2530746,https://www.kugou.com/yy/rank/home/5-8888.html?from=rank
2026-08-03,2026-08-03T18:59:11+08:00,酷狗音乐,热歌榜,酷狗TOP500,2026-08-03,97,一直很安静,阿桑,,4:10,44816EF0288A3B1ED2C4A5C5FE6B93B3,972917,https://www.kugou.com/yy/rank/home/5-8888.html?from=rank
2026-08-03,2026-08-03T18:59:11+08:00,酷狗音乐,热歌榜,酷狗TOP500,2026-08-03,98,锈 (Live),黄霄雲、TF_ING张子墨,,3:49,4E3B5CC21C7C2576BD2D1D93A2802CCB,201660223,https://www.kugou.com/yy/rank/home/5-8888.html?from=rank
2026-08-03,2026-08-03T18:59:11+08:00,酷狗音乐,热歌榜,酷狗TOP500,2026-08-03,99,富士山下,陈奕迅,,4:19,0433F1A94FA162B20FB8AE576A951D6B,976404,https://www.kugou.com/yy/rank/home/5-8888.html?from=rank
2026-08-03,2026-08-03T18:59:11+08:00,酷狗音乐,热歌榜,酷狗TOP500,2026-08-03,100,来不及爱你,h3R3刘清云,,3:25,E3ED52965CEE83A40D73C5FB1DA7FF62,76488384,https://www.kugou.com/yy/rank/home/5-8888.html?from=rank
2026-08-03,2026-08-03T18:59:11+08:00,酷狗音乐,热歌榜,酷狗TOP500,2026-08-03,101,亲爱的你啊,任素汐,,3:56,C42C2C5C7A68CDAFBF543F29AF883B1D,144348541,https://www.kugou.com/yy/rank/home/5-8888.html?from=rank
2026-08-03,2026-08-03T18:59:11+08:00,酷狗音乐,热歌榜,酷狗TOP500,2026-08-03,102,带我走,杨丞琳,,4:50,0C57DE35C3CB2A32A8CF634E4F8309C4,975441,https://www.kugou.com/yy/rank/home/5-8888.html?from=rank
2026-08-03,2026-08-03T18:59:11+08:00,酷狗音乐,热歌榜,酷狗TOP500,2026-08-03,103,江南,林俊杰,,4:28,B83DBB8E3DD3FCF86BF32690B91547F5,969588,https://www.kugou.com/yy/rank/home/5-8888.html?from=rank
2026-08-03,2026-08-03T18:59:11+08:00,酷狗音乐,热歌榜,酷狗TOP500,2026-08-03,104,Beauty And A Beat,Justin Bieber、Nicki Minaj,,3:47,FF5719341A9B004AA3E7312D617AE305,16996733,https://www.kugou.com/yy/rank/home/5-8888.html?from=rank
2026-08-03,2026-08-03T18:59:11+08:00,酷狗音乐,热歌榜,酷狗TOP500,2026-08-03,105,西厢寻他,伯爵Johnny、唐伯虎Annie,,3:44,2B657B5B5D781C1A61D7E0D1F5E2DE22,53205523,https://www.kugou.com/yy/rank/home/5-8888.html?from=rank
2026-08-03,2026-08-03T18:59:11+08:00,酷狗音乐,热歌榜,酷狗TOP500,2026-08-03,106,听说当初你找过我,贺一航,,4:06,8853D5BDDDE97FEACFAF65371B68AD57,1969900,https://www.kugou.com/yy/rank/home/5-8888.html?from=rank
2026-08-03,2026-08-03T18:59:11+08:00,酷狗音乐,热歌榜,酷狗TOP500,2026-08-03,107,十年,陈奕迅,,3:25,5146461A5717B942F4B13125978618E3,504194,https://www.kugou.com/yy/rank/home/5-8888.html?from=rank
2026-08-03,2026-08-03T18:59:11+08:00,酷狗音乐,热歌榜,酷狗TOP500,2026-08-03,108,特别的人,方大同,,4:19,0F7A79ADAAEEB6EA1DA3E19DD637FD73,965097,https://www.kugou.com/yy/rank/home/5-8888.html?from=rank
2026-08-03,2026-08-03T18:59:11+08:00,酷狗音乐,热歌榜,酷狗TOP500,2026-08-03,109,舍得,王唯旖,,4:22,62C406C76F45C3EF39F451F2C4F22D95,1944276,https://www.kugou.com/yy/rank/home/5-8888.html?from=rank
2026-08-03,2026-08-03T18:59:11+08:00,酷狗音乐,热歌榜,酷狗TOP500,2026-08-03,110,We Don't Talk Anymore (Mr. Collipark Remix),Charlie Puth、Selena Gomez,,4:14,8F323B0610BE8D862B7CBB41C3398766,1746993,https://www.kugou.com/yy/rank/home/5-8888.html?from=rank
2026-08-03,2026-08-03T18:59:11+08:00,酷狗音乐,热歌榜,酷狗TOP500,2026-08-03,111,美人鱼,林俊杰,,4:14,CDAE8C7E2FAF7F08DC18E78A1D65117B,969588,https://www.kugou.com/yy/rank/home/6-8888.html?from=rank
2026-08-03,2026-08-03T18:59:11+08:00,酷狗音乐,热歌榜,酷狗TOP500,2026-08-03,112,知了,陈默之,,3:52,FE6608CE529684B94CBA506E2B0C7BB6,91222498,https://www.kugou.com/yy/rank/home/6-8888.html?from=rank
2026-08-03,2026-08-03T18:59:11+08:00,酷狗音乐,热歌榜,酷狗TOP500,2026-08-03,113,七里香,周杰伦,,4:59,9218D81686C6AC681BC7CA621958AD6D,971783,https://www.kugou.com/yy/rank/home/6-8888.html?from=rank
2026-08-03,2026-08-03T18:59:11+08:00,酷狗音乐,热歌榜,酷狗TOP500,2026-08-03,114,过海,王赫野、黄龄,,3:47,35405E44573EF6D9F2F0AB42AE8BD716,199401816,https://www.kugou.com/yy/rank/home/6-8888.html?from=rank
2026-08-03,2026-08-03T18:59:11+08:00,酷狗音乐,热歌榜,酷狗TOP500,2026-08-03,115,Always Online,林俊杰,,3:45,16A4E4895905B703AC0F31007A495D4C,963179,https://www.kugou.com/yy/rank/home/6-8888.html?from=rank
2026-08-03,2026-08-03T18:59:11+08:00,酷狗音乐,热歌榜,酷狗TOP500,2026-08-03,116,泡沫 (G.E.M.重生版),G.E.M. 邓紫棋,,4:18,53F2510610AC38F0C15F73B2605E5CEE,150256944,https://www.kugou.com/yy/rank/home/6-8888.html?from=rank
2026-08-03,2026-08-03T18:59:11+08:00,酷狗音乐,热歌榜,酷狗TOP500,2026-08-03,117,灰色轨迹,BEYOND,,5:28,4476FAA4B6567CCC2292BFBBCA93CB9C,39629213,https://www.kugou.com/yy/rank/home/6-8888.html?from=rank
2026-08-03,2026-08-03T18:59:11+08:00,酷狗音乐,热歌榜,酷狗TOP500,2026-08-03,118,会呼吸的痛,梁静茹,,4:32,1EB00DC46AE8E1446B6A9860A56487AC,500574,https://www.kugou.com/yy/rank/home/6-8888.html?from=rank
2026-08-03,2026-08-03T18:59:11+08:00,酷狗音乐,热歌榜,酷狗TOP500,2026-08-03,119,可不可以,张紫豪,,4:01,6079A2ACBA5E782FE24695FDFCDB1887,9618875,https://www.kugou.com/yy/rank/home/6-8888.html?from=rank
2026-08-03,2026-08-03T18:59:11+08:00,酷狗音乐,热歌榜,酷狗TOP500,2026-08-03,120,爱旧爱 (怪我曾爱你爱的太深),恩几,,2:48,E8973BC4EF96021352693BBD9E34D9E2,200504903,https://www.kugou.com/yy/rank/home/6-8888.html?from=rank
2026-08-03,2026-08-03T18:59:11+08:00,酷狗音乐,热歌榜,酷狗TOP500,2026-08-03,121,只对你有感觉,飞轮海、田馥甄,,3:59,E400C3F475001BA5B0F197F2E1923F47,556347,https://www.kugou.com/yy/rank/home/6-8888.html?from=rank
2026-08-03,2026-08-03T18:59:11+08:00,酷狗音乐,热歌榜,酷狗TOP500,2026-08-03,122,猜不透,丁当,,3:53,B1B4CC4F4E90134603CE66CBCF8FA73B,973244,https://www.kugou.com/yy/rank/home/6-8888.html?from=rank
2026-08-03,2026-08-03T18:59:11+08:00,酷狗音乐,热歌榜,酷狗TOP500,2026-08-03,123,至少还有你,林忆莲,,4:35,BA9D67DAB59FA6DCE243F4B6B70ACA95,967340,https://www.kugou.com/yy/rank/home/6-8888.html?from=rank
2026-08-03,2026-08-03T18:59:11+08:00,酷狗音乐,热歌榜,酷狗TOP500,2026-08-03,124,体面,于文文,,4:43,B0927C5353E9DD8BD72242BB730DAFF4,8149034,https://www.kugou.com/yy/rank/home/6-8888.html?from=rank
2026-08-03,2026-08-03T18:59:11+08:00,酷狗音乐,热歌榜,酷狗TOP500,2026-08-03,125,发如雪,周杰伦,,4:59,1F7E7659B9FFF4FB6F71562A61BBC25F,958909,https://www.kugou.com/yy/rank/home/6-8888.html?from=rank
2026-08-03,2026-08-03T18:59:11+08:00,酷狗音乐,热歌榜,酷狗TOP500,2026-08-03,126,踏马寻花向自由 (潇洒版),雷鬼叔,,2:49,2AB7A8EBAD8E05DEF40E7F9330FCB01E,198887108,https://www.kugou.com/yy/rank/home/6-8888.html?from=rank
2026-08-03,2026-08-03T18:59:11+08:00,酷狗音乐,热歌榜,酷狗TOP500,2026-08-03,127,多远都要在一起,G.E.M. 邓紫棋,,3:38,768F6FA531A3D883BE3F6C91AAF60612,555825,https://www.kugou.com/yy/rank/home/6-8888.html?from=rank
2026-08-03,2026-08-03T18:59:11+08:00,酷狗音乐,热歌榜,酷狗TOP500,2026-08-03,128,遇见,孙燕姿,,3:31,9F865C787E90E013B2BC847BAAA306AA,964325,https://www.kugou.com/yy/rank/home/6-8888.html?from=rank
2026-08-03,2026-08-03T18:59:11+08:00,酷狗音乐,热歌榜,酷狗TOP500,2026-08-03,129,三万英尺 (氛围版),瑞-Gary、东木木,,4:51,FE0AD509C6219D2CEAA68A3029B23805,200405242,https://www.kugou.com/yy/rank/home/6-8888.html?from=rank
2026-08-03,2026-08-03T18:59:11+08:00,酷狗音乐,热歌榜,酷狗TOP500,2026-08-03,130,青花,周传雄,,4:58,09B46455BAE7C613ABD0DB362A5DDBDE,960448,https://www.kugou.com/yy/rank/home/6-8888.html?from=rank
2026-08-03,2026-08-03T18:59:11+08:00,酷狗音乐,热歌榜,酷狗TOP500,2026-08-03,131,讲不出再见,谭咏麟,,4:54,2E0BFDC7BA2F759B0208A58CB2C26523,2337635,https://www.kugou.com/yy/rank/home/6-8888.html?from=rank
2026-08-03,2026-08-03T18:59:11+08:00,酷狗音乐,热歌榜,酷狗TOP500,2026-08-03,132,老男孩,筷子兄弟,,4:59,EB494F1F9199AA29F66E056F116D2F1C,17165001,https://www.kugou.com/yy/rank/home/6-8888.html?from=rank
2026-08-03,2026-08-03T18:59:11+08:00,酷狗音乐,热歌榜,酷狗TOP500,2026-08-03,133,夜曲,周杰伦,,3:47,16C8AB298231370293D16BCF9E5FF9B6,958909,https://www.kugou.com/yy/rank/home/7-8888.html?from=rank
2026-08-03,2026-08-03T18:59:11+08:00,酷狗音乐,热歌榜,酷狗TOP500,2026-08-03,134,落了白,蒋雪儿Snow.J,,3:01,74390D89B6BD2E18CFD7F25968EFD98A,40300587,https://www.kugou.com/yy/rank/home/7-8888.html?from=rank
2026-08-03,2026-08-03T18:59:11+08:00,酷狗音乐,热歌榜,酷狗TOP500,2026-08-03,135,一路向北,周杰伦,,4:54,F73F22FB046CA1A135C70417163AF82E,1739223,https://www.kugou.com/yy/rank/home/7-8888.html?from=rank
2026-08-03,2026-08-03T18:59:11+08:00,酷狗音乐,热歌榜,酷狗TOP500,2026-08-03,136,Baby,Justin Bieber、Ludacris,,3:37,493CD2904FAFDAEB8785CC83B8056F5A,508825,https://www.kugou.com/yy/rank/home/7-8888.html?from=rank
2026-08-03,2026-08-03T18:59:11+08:00,酷狗音乐,热歌榜,酷狗TOP500,2026-08-03,137,失控,井迪,,4:15,44FE8C442EB1F254D15717F1DC03C9BF,40221609,https://www.kugou.com/yy/rank/home/7-8888.html?from=rank
2026-08-03,2026-08-03T18:59:11+08:00,酷狗音乐,热歌榜,酷狗TOP500,2026-08-03,138,戒烟,李荣浩,,4:54,AF36A623D725B98893DAEFDF8010F22E,49390931,https://www.kugou.com/yy/rank/home/7-8888.html?from=rank
2026-08-03,2026-08-03T18:59:11+08:00,酷狗音乐,热歌榜,酷狗TOP500,2026-08-03,139,全世界的雨,周深、Ella陈嘉桦,,4:08,88334169DA8F72EFA45C6211FD641737,199401705,https://www.kugou.com/yy/rank/home/7-8888.html?from=rank
2026-08-03,2026-08-03T18:59:11+08:00,酷狗音乐,热歌榜,酷狗TOP500,2026-08-03,140,兰亭序,周杰伦,,4:14,4EC10B1B7B9BEB2F0ADB89BBEC5F664B,960399,https://www.kugou.com/yy/rank/home/7-8888.html?from=rank
2026-08-03,2026-08-03T18:59:11+08:00,酷狗音乐,热歌榜,酷狗TOP500,2026-08-03,141,为爱痴狂 (想要问问你敢不敢),金志文,,2:21,8CA8C420761A7C36FF16DD42FE5D331D,194629486,https://www.kugou.com/yy/rank/home/7-8888.html?from=rank
2026-08-03,2026-08-03T18:59:11+08:00,酷狗音乐,热歌榜,酷狗TOP500,2026-08-03,142,春娇与志明,街道办GDC、欧阳耀莹,,3:24,E84947402A5E0952FA067566C10264CB,8543461,https://www.kugou.com/yy/rank/home/7-8888.html?from=rank
2026-08-03,2026-08-03T18:59:11+08:00,酷狗音乐,热歌榜,酷狗TOP500,2026-08-03,143,退后,周杰伦,,4:22,5971DE0B235D5B2708D6A6FEB3D31B6F,965291,https://www.kugou.com/yy/rank/home/7-8888.html?from=rank
2026-08-03,2026-08-03T18:59:11+08:00,酷狗音乐,热歌榜,酷狗TOP500,2026-08-03,144,素颜,许嵩、何曼婷,,3:59,30C94AE2868E63B1058DA7685E0CDF3B,13264539,https://www.kugou.com/yy/rank/home/7-8888.html?from=rank
2026-08-03,2026-08-03T18:59:11+08:00,酷狗音乐,热歌榜,酷狗TOP500,2026-08-03,145,此生不换,青鸟飞鱼,,4:28,61AA3E30BF3F50F23FCAABD56DB46755,49812122,https://www.kugou.com/yy/rank/home/7-8888.html?from=rank
2026-08-03,2026-08-03T18:59:11+08:00,酷狗音乐,热歌榜,酷狗TOP500,2026-08-03,146,那时雨,徐良,,3:34,CE76C60251F6193BC5BBA5B46B977747,16900987,https://www.kugou.com/yy/rank/home/7-8888.html?from=rank
2026-08-03,2026-08-03T18:59:11+08:00,酷狗音乐,热歌榜,酷狗TOP500,2026-08-03,147,不将就,李荣浩,,5:12,E5F0905C662872A9B05A423FD1ED48B5,1004040,https://www.kugou.com/yy/rank/home/7-8888.html?from=rank
2026-08-03,2026-08-03T18:59:11+08:00,酷狗音乐,热歌榜,酷狗TOP500,2026-08-03,148,一场游戏一场梦,王杰,,4:17,55340B431243FF5F112527EFC0591232,7547885,https://www.kugou.com/yy/rank/home/7-8888.html?from=rank
2026-08-03,2026-08-03T18:59:11+08:00,酷狗音乐,热歌榜,酷狗TOP500,2026-08-03,149,我知道,BY2,,4:10,38CB283F880797F94A80968E682191E2,530437,https://www.kugou.com/yy/rank/home/7-8888.html?from=rank
2026-08-03,2026-08-03T18:59:11+08:00,酷狗音乐,热歌榜,酷狗TOP500,2026-08-03,150,阳光下的星星,金海心,,4:44,8B60D8B58137C2D256DAA71B9D84C046,1738155,https://www.kugou.com/yy/rank/home/7-8888.html?from=rank
2026-08-03,2026-08-03T18:59:11+08:00,酷狗音乐,热歌榜,酷狗TOP500,2026-08-03,151,过火,张信哲,,5:02,E34CBC6EBE64B9EE9ADB5C46E2178A84,982639,https://www.kugou.com/yy/rank/home/7-8888.html?from=rank
2026-08-03,2026-08-03T18:59:11+08:00,酷狗音乐,热歌榜,酷狗TOP500,2026-08-03,152,刻在我心底的名字,卢广仲,,5:20,5CDCAAF9E7B91E94FD012589D00FDBEA,39020767,https://www.kugou.com/yy/rank/home/7-8888.html?from=rank
2026-08-03,2026-08-03T18:59:11+08:00,酷狗音乐,热歌榜,酷狗TOP500,2026-08-03,153,沦陷,贾格JuggShots,,3:04,64C2E5D33BE5F53758F3E96DC8EEC3C3,95717116,https://www.kugou.com/yy/rank/home/7-8888.html?from=rank
2026-08-03,2026-08-03T18:59:11+08:00,酷狗音乐,热歌榜,酷狗TOP500,2026-08-03,154,说好的幸福呢,周杰伦,,4:17,892B7AD62499C97A1A994454423E30F6,960399,https://www.kugou.com/yy/rank/home/7-8888.html?from=rank
2026-08-03,2026-08-03T18:59:11+08:00,酷狗音乐,热歌榜,酷狗TOP500,2026-08-03,155,什么是逍遥,王同学Able,,3:28,4BF659E4D3060B52D4F9925AF9D0CA02,45288306,https://www.kugou.com/yy/rank/home/8-8888.html?from=rank
2026-08-03,2026-08-03T18:59:11+08:00,酷狗音乐,热歌榜,酷狗TOP500,2026-08-03,156,你瞒我瞒,陈柏宇,,3:58,E8EE57D671769402710C4FF9259D841F,965453,https://www.kugou.com/yy/rank/home/8-8888.html?from=rank
2026-08-03,2026-08-03T18:59:11+08:00,酷狗音乐,热歌榜,酷狗TOP500,2026-08-03,157,关不上的窗,周传雄,,4:53,C9FF4C5E86A76043F004E3BB17E08942,982655,https://www.kugou.com/yy/rank/home/8-8888.html?from=rank
2026-08-03,2026-08-03T18:59:11+08:00,酷狗音乐,热歌榜,酷狗TOP500,2026-08-03,158,花海,周杰伦,,4:25,3328808CECBD1A1038166003840FDDD7,960399,https://www.kugou.com/yy/rank/home/8-8888.html?from=rank
2026-08-03,2026-08-03T18:59:11+08:00,酷狗音乐,热歌榜,酷狗TOP500,2026-08-03,159,曾经的你,许巍,,4:21,8D27A0FD0D8B6A9059D3FEEC95E2088D,976268,https://www.kugou.com/yy/rank/home/8-8888.html?from=rank
2026-08-03,2026-08-03T18:59:11+08:00,酷狗音乐,热歌榜,酷狗TOP500,2026-08-03,160,后来的我们,五月天,,5:46,09120C11A5C376EC7D1640098FA70CDC,1748942,https://www.kugou.com/yy/rank/home/8-8888.html?from=rank
2026-08-03,2026-08-03T18:59:11+08:00,酷狗音乐,热歌榜,酷狗TOP500,2026-08-03,161,成都,赵雷,,5:28,A06B033B356BFC974C5245D0195086A5,1802652,https://www.kugou.com/yy/rank/home/8-8888.html?from=rank
2026-08-03,2026-08-03T18:59:11+08:00,酷狗音乐,热歌榜,酷狗TOP500,2026-08-03,162,奢香夫人,凤凰传奇,,4:20,478C572FC9E2E15777A41260DEE293A0,984412,https://www.kugou.com/yy/rank/home/8-8888.html?from=rank
2026-08-03,2026-08-03T18:59:11+08:00,酷狗音乐,热歌榜,酷狗TOP500,2026-08-03,163,千千阕歌,陈慧娴,,5:01,81E5A1C3B9E016D61FE91B809B4A7DC1,971621,https://www.kugou.com/yy/rank/home/8-8888.html?from=rank
2026-08-03,2026-08-03T18:59:11+08:00,酷狗音乐,热歌榜,酷狗TOP500,2026-08-03,164,琵琶曲,郑浩、冰洁,,3:55,244A022D6CB3FDE50B24E76402053EB3,180917343,https://www.kugou.com/yy/rank/home/8-8888.html?from=rank
2026-08-03,2026-08-03T18:59:11+08:00,酷狗音乐,热歌榜,酷狗TOP500,2026-08-03,165,说了再见,周杰伦,,4:43,966C718DA96EE29B3B466F773BFA9E2F,958812,https://www.kugou.com/yy/rank/home/8-8888.html?from=rank
2026-08-03,2026-08-03T18:59:11+08:00,酷狗音乐,热歌榜,酷狗TOP500,2026-08-03,166,茶花开了,王睿卓,,4:30,007A7A8EAFA3FF9EA51EF6A767AC3497,130468077,https://www.kugou.com/yy/rank/home/8-8888.html?from=rank
2026-08-03,2026-08-03T18:59:11+08:00,酷狗音乐,热歌榜,酷狗TOP500,2026-08-03,167,异常加载中,TF家族、TF家族-张桂源、TF家族-张函瑞、TF家族-王橹杰、TF家族-左奇函、TF家族-陈奕恒、TF家族-杨博文、TF家族-陈思罕、TF家族-陈浚铭,,2:59,4728465901F6F482FF8A3AA5EF216944,201800711,https://www.kugou.com/yy/rank/home/8-8888.html?from=rank
2026-08-03,2026-08-03T18:59:11+08:00,酷狗音乐,热歌榜,酷狗TOP500,2026-08-03,168,疑心病,任然,,4:43,9D8C7468BE4391B85794617090585646,1818864,https://www.kugou.com/yy/rank/home/8-8888.html?from=rank
2026-08-03,2026-08-03T18:59:11+08:00,酷狗音乐,热歌榜,酷狗TOP500,2026-08-03,169,蒲公英的约定,周杰伦,,4:07,A14373681262867AB43FEF5467F4CC1D,979856,https://www.kugou.com/yy/rank/home/8-8888.html?from=rank
2026-08-03,2026-08-03T18:59:11+08:00,酷狗音乐,热歌榜,酷狗TOP500,2026-08-03,170,出现又离开 (Live),梁博,,6:43,DEAB3B0160E9A410CE0AAA9ED8AC602E,19284949,https://www.kugou.com/yy/rank/home/8-8888.html?from=rank
2026-08-03,2026-08-03T18:59:11+08:00,酷狗音乐,热歌榜,酷狗TOP500,2026-08-03,171,相见恨晚,彭佳慧,,4:15,01214FB85BAF49AB74F10AFA4C363540,977553,https://www.kugou.com/yy/rank/home/8-8888.html?from=rank
2026-08-03,2026-08-03T18:59:11+08:00,酷狗音乐,热歌榜,酷狗TOP500,2026-08-03,172,可惜没如果,林俊杰,,4:58,57D6EAF8F7E593A2C4B780D8045DE5C1,542795,https://www.kugou.com/yy/rank/home/8-8888.html?from=rank
2026-08-03,2026-08-03T18:59:11+08:00,酷狗音乐,热歌榜,酷狗TOP500,2026-08-03,173,谁 (男女扎心合唱),梨子芥菜、戚悦,,3:58,38DAABE4EEA0ADDC04897AC14E15B54E,185936379,https://www.kugou.com/yy/rank/home/8-8888.html?from=rank
2026-08-03,2026-08-03T18:59:11+08:00,酷狗音乐,热歌榜,酷狗TOP500,2026-08-03,174,冲动的惩罚,刀郎,,7:54,84073718AE6A82366444C3B5AE526FAC,964521,https://www.kugou.com/yy/rank/home/8-8888.html?from=rank
2026-08-03,2026-08-03T18:59:11+08:00,酷狗音乐,热歌榜,酷狗TOP500,2026-08-03,175,好人好梦 (雷鬼版),雷鬼白兰的,,3:54,9E76F7AAA7D90F00210E1FD871F6EAB4,195530127,https://www.kugou.com/yy/rank/home/8-8888.html?from=rank
2026-08-03,2026-08-03T18:59:11+08:00,酷狗音乐,热歌榜,酷狗TOP500,2026-08-03,176,枫,周杰伦,,4:36,0D7E8C11C961A17EB8779FEB0CA772E3,958909,https://www.kugou.com/yy/rank/home/8-8888.html?from=rank
2026-08-03,2026-08-03T18:59:11+08:00,酷狗音乐,热歌榜,酷狗TOP500,2026-08-03,177,烟花易冷,周杰伦,,4:23,B9FC03DF9015D6BFF0554A110BF2C84F,958812,https://www.kugou.com/yy/rank/home/9-8888.html?from=rank
2026-08-03,2026-08-03T18:59:11+08:00,酷狗音乐,热歌榜,酷狗TOP500,2026-08-03,178,租购,薛之谦,,4:31,B96A6102B2238E21C463E96A7D81E840,130133801,https://www.kugou.com/yy/rank/home/9-8888.html?from=rank
2026-08-03,2026-08-03T18:59:11+08:00,酷狗音乐,热歌榜,酷狗TOP500,2026-08-03,179,明天过后,张杰,,3:59,5B900D95E79765AE62664BE5C871DD9E,38606351,https://www.kugou.com/yy/rank/home/9-8888.html?from=rank
2026-08-03,2026-08-03T18:59:11+08:00,酷狗音乐,热歌榜,酷狗TOP500,2026-08-03,180,慢冷 (Live),李荣浩,,2:44,3536800EC50F04EBF68FB22E7AF6B124,59599171,https://www.kugou.com/yy/rank/home/9-8888.html?from=rank
2026-08-03,2026-08-03T18:59:11+08:00,酷狗音乐,热歌榜,酷狗TOP500,2026-08-03,181,幻听,许嵩,,4:33,24F5E7555646965CD7D1A924452B3300,973046,https://www.kugou.com/yy/rank/home/9-8888.html?from=rank
2026-08-03,2026-08-03T18:59:11+08:00,酷狗音乐,热歌榜,酷狗TOP500,2026-08-03,182,也许在下雨天 (对唱版),红小乐、王一佳,,3:47,A2A29E71663ADD0691782EA9F0399118,199516804,https://www.kugou.com/yy/rank/home/9-8888.html?from=rank
2026-08-03,2026-08-03T18:59:11+08:00,酷狗音乐,热歌榜,酷狗TOP500,2026-08-03,183,天外来物,薛之谦,,4:17,761C1EAFBD1E22504B487F84D2152DF5,40890018,https://www.kugou.com/yy/rank/home/9-8888.html?from=rank
2026-08-03,2026-08-03T18:59:11+08:00,酷狗音乐,热歌榜,酷狗TOP500,2026-08-03,184,Creepin' up on You,Darren Hayes,,4:53,6348CF4041BEE19FAD536C563C32695A,1593407,https://www.kugou.com/yy/rank/home/9-8888.html?from=rank
2026-08-03,2026-08-03T18:59:11+08:00,酷狗音乐,热歌榜,酷狗TOP500,2026-08-03,185,Баллада (民谣),Xcho、Мот,,3:02,0B2EC37A6E065AD181378AAD27391F8F,91468549,https://www.kugou.com/yy/rank/home/9-8888.html?from=rank
2026-08-03,2026-08-03T18:59:11+08:00,酷狗音乐,热歌榜,酷狗TOP500,2026-08-03,186,在你的身边,盛哲,,4:22,38698C9A8BB6637CDDE413C6E210FA54,4128050,https://www.kugou.com/yy/rank/home/9-8888.html?from=rank
2026-08-03,2026-08-03T18:59:11+08:00,酷狗音乐,热歌榜,酷狗TOP500,2026-08-03,187,我好像在哪见过你,薛之谦,,4:39,6A350E487263733359E7F2B64BD974AC,1747549,https://www.kugou.com/yy/rank/home/9-8888.html?from=rank
2026-08-03,2026-08-03T18:59:11+08:00,酷狗音乐,热歌榜,酷狗TOP500,2026-08-03,188,我是真的爱上你,王杰,,5:03,7C353B672AC945A3FE56022000A239FE,2996801,https://www.kugou.com/yy/rank/home/9-8888.html?from=rank
2026-08-03,2026-08-03T18:59:11+08:00,酷狗音乐,热歌榜,酷狗TOP500,2026-08-03,189,回到小村落,宋盐球,,3:45,AF27C3A04E82042F66D51EF604B47AD5,200330995,https://www.kugou.com/yy/rank/home/9-8888.html?from=rank
2026-08-03,2026-08-03T18:59:11+08:00,酷狗音乐,热歌榜,酷狗TOP500,2026-08-03,190,踏马寻花向自由,半吨兄弟,,2:59,6DD4615AB1A9D1C595CCC15E16597434,198491409,https://www.kugou.com/yy/rank/home/9-8888.html?from=rank
2026-08-03,2026-08-03T18:59:11+08:00,酷狗音乐,热歌榜,酷狗TOP500,2026-08-03,191,下一个天亮,郭静,,4:27,7E2AD47232E7148C642B6836041826C9,971139,https://www.kugou.com/yy/rank/home/9-8888.html?from=rank
2026-08-03,2026-08-03T18:59:11+08:00,酷狗音乐,热歌榜,酷狗TOP500,2026-08-03,192,去年夏天,王大毛,,4:05,5CD03A78A74761494A39CADFAA832550,8542577,https://www.kugou.com/yy/rank/home/9-8888.html?from=rank
2026-08-03,2026-08-03T18:59:11+08:00,酷狗音乐,热歌榜,酷狗TOP500,2026-08-03,193,红颜旧 (氛围版),周深深,,3:48,76FA92299B2443816030D744CF70FA3B,198814170,https://www.kugou.com/yy/rank/home/9-8888.html?from=rank
2026-08-03,2026-08-03T18:59:11+08:00,酷狗音乐,热歌榜,酷狗TOP500,2026-08-03,194,petal,Ariana Grande,,3:04,BAFE284867B0E8DB53CD63FE14DCE59A,201622484,https://www.kugou.com/yy/rank/home/9-8888.html?from=rank
2026-08-03,2026-08-03T18:59:11+08:00,酷狗音乐,热歌榜,酷狗TOP500,2026-08-03,195,爱情转移,陈奕迅,,4:19,A549238FA1B05EABE841DFE110899647,962514,https://www.kugou.com/yy/rank/home/9-8888.html?from=rank
2026-08-03,2026-08-03T18:59:11+08:00,酷狗音乐,热歌榜,酷狗TOP500,2026-08-03,196,我走后,小咪,,4:08,00751DE0946619BCDE4A4E15397F2A15,22216764,https://www.kugou.com/yy/rank/home/9-8888.html?from=rank
2026-08-03,2026-08-03T18:59:11+08:00,酷狗音乐,热歌榜,酷狗TOP500,2026-08-03,197,珊瑚海,周杰伦、Lara梁心颐,,4:16,90E34F0C582168E7EA857915771AB220,958909,https://www.kugou.com/yy/rank/home/9-8888.html?from=rank
2026-08-03,2026-08-03T18:59:11+08:00,酷狗音乐,热歌榜,酷狗TOP500,2026-08-03,198,不负,迟木,,2:34,75CCC65F3CBFD5A54EF6FEE8703A793D,201404157,https://www.kugou.com/yy/rank/home/9-8888.html?from=rank
2026-08-03,2026-08-03T18:59:11+08:00,酷狗音乐,热歌榜,酷狗TOP500,2026-08-03,199,夏天的风,温岚,,4:01,33431BA8C2FB438ED064AE5DEEB2985F,2997111,https://www.kugou.com/yy/rank/home/10-8888.html?from=rank
2026-08-03,2026-08-03T18:59:11+08:00,酷狗音乐,热歌榜,酷狗TOP500,2026-08-03,200,西海情歌,刀郎,,5:43,0E5FB14E78AFF13C2DEF97C814537CB7,984281,https://www.kugou.com/yy/rank/home/10-8888.html?from=rank
2026-08-03,2026-08-03T18:59:11+08:00,酷狗音乐,热歌榜,酷狗TOP500,2026-08-03,201,IF YOU,BIGBANG,,4:24,33C5FC6AB3AF0B5B142F12C9556CB178,549436,https://www.kugou.com/yy/rank/home/10-8888.html?from=rank
2026-08-03,2026-08-03T18:59:11+08:00,酷狗音乐,热歌榜,酷狗TOP500,2026-08-03,202,是你没选我啊,音乐科代表洪嘉源,,3:07,65D611715B7CC7131E6629F5E1745544,172307133,https://www.kugou.com/yy/rank/home/10-8888.html?from=rank
2026-08-03,2026-08-03T18:59:11+08:00,酷狗音乐,热歌榜,酷狗TOP500,2026-08-03,203,同花顺,林倛玉,,3:57,87C979FC3CBA27D6345528A1BEF05477,8603846,https://www.kugou.com/yy/rank/home/10-8888.html?from=rank
2026-08-03,2026-08-03T18:59:11+08:00,酷狗音乐,热歌榜,酷狗TOP500,2026-08-03,204,我曾心比天高 (温柔女生版),A小咩咩,,2:28,E8D11253DAC770F89946A95AE7A4781E,193841549,https://www.kugou.com/yy/rank/home/10-8888.html?from=rank
2026-08-03,2026-08-03T18:59:11+08:00,酷狗音乐,热歌榜,酷狗TOP500,2026-08-03,205,先说爱的人为什么先离开,田园,,3:40,6379393814B0A74AB7B87B2FA9E87689,107655422,https://www.kugou.com/yy/rank/home/10-8888.html?from=rank
2026-08-03,2026-08-03T18:59:11+08:00,酷狗音乐,热歌榜,酷狗TOP500,2026-08-03,206,I Miss You (暗黑Trap版),超级大瓜,,2:56,D04E732B1310DF5536506CEF6826A96A,197475978,https://www.kugou.com/yy/rank/home/10-8888.html?from=rank
2026-08-03,2026-08-03T18:59:11+08:00,酷狗音乐,热歌榜,酷狗TOP500,2026-08-03,207,冷夜,陈默之,,4:07,DC939521FA5F5736A33765D56B90E03C,84595635,https://www.kugou.com/yy/rank/home/10-8888.html?from=rank
2026-08-03,2026-08-03T18:59:11+08:00,酷狗音乐,热歌榜,酷狗TOP500,2026-08-03,208,土坡上的狗尾草,卢润泽,,3:15,5E40742110D3DB109A22BDB1012C6EBB,104913971,https://www.kugou.com/yy/rank/home/10-8888.html?from=rank
2026-08-03,2026-08-03T18:59:11+08:00,酷狗音乐,热歌榜,酷狗TOP500,2026-08-03,209,总有一天你会出现在我身边,棱镜乐队,,4:30,8E6A42453EF5B06A87772F8FF4AD5188,10808308,https://www.kugou.com/yy/rank/home/10-8888.html?from=rank
2026-08-03,2026-08-03T18:59:11+08:00,酷狗音乐,热歌榜,酷狗TOP500,2026-08-03,210,琵琶行,奇然、沈谧仁,,5:35,0AB355EF75A56A57E1790734B2E26ED9,2563381,https://www.kugou.com/yy/rank/home/10-8888.html?from=rank
2026-08-03,2026-08-03T18:59:11+08:00,酷狗音乐,热歌榜,酷狗TOP500,2026-08-03,211,有何不可,许嵩,,4:01,B3D5D7D3A140628D1605BD392467E348,973251,https://www.kugou.com/yy/rank/home/10-8888.html?from=rank
2026-08-03,2026-08-03T18:59:11+08:00,酷狗音乐,热歌榜,酷狗TOP500,2026-08-03,212,太聪明,陈绮贞,,4:23,89101DA817101FEA0C9ECF64EAE2B46F,959335,https://www.kugou.com/yy/rank/home/10-8888.html?from=rank
2026-08-03,2026-08-03T18:59:11+08:00,酷狗音乐,热歌榜,酷狗TOP500,2026-08-03,213,勋章,鹿晗,,3:34,6FB3EB3F13CD64DF6E9784F6E487BAB1,2059004,https://www.kugou.com/yy/rank/home/10-8888.html?from=rank
2026-08-03,2026-08-03T18:59:11+08:00,酷狗音乐,热歌榜,酷狗TOP500,2026-08-03,214,是非题,莫文蔚,,4:07,60431D272D830AC994DF2584BA56D196,973717,https://www.kugou.com/yy/rank/home/10-8888.html?from=rank
2026-08-03,2026-08-03T18:59:11+08:00,酷狗音乐,热歌榜,酷狗TOP500,2026-08-03,215,Radio (Dum-Dum),宋雨琦 (YUQI),,2:32,E8FFC3F649DA4476E2CEABFF3F94D103,140913986,https://www.kugou.com/yy/rank/home/10-8888.html?from=rank
2026-08-03,2026-08-03T18:59:11+08:00,酷狗音乐,热歌榜,酷狗TOP500,2026-08-03,216,最后一页,江语晨,,4:06,EF053996094A323B42C35195E9781A30,1596655,https://www.kugou.com/yy/rank/home/10-8888.html?from=rank
2026-08-03,2026-08-03T18:59:11+08:00,酷狗音乐,热歌榜,酷狗TOP500,2026-08-03,217,离人赋,云汐,,3:57,321EC3B1BB1D8F1D2EFB7A40AC911CA4,64168081,https://www.kugou.com/yy/rank/home/10-8888.html?from=rank
2026-08-03,2026-08-03T18:59:11+08:00,酷狗音乐,热歌榜,酷狗TOP500,2026-08-03,218,祝福祖国,顿株拉姆,,3:20,4278C1D6B994A3C6313E08270B924D78,200182409,https://www.kugou.com/yy/rank/home/10-8888.html?from=rank
2026-08-03,2026-08-03T18:59:11+08:00,酷狗音乐,热歌榜,酷狗TOP500,2026-08-03,219,爱如潮水,张信哲,,4:31,7D372165ED6AD2C00DD2B473529BE9CE,538030,https://www.kugou.com/yy/rank/home/10-8888.html?from=rank
2026-08-03,2026-08-03T18:59:11+08:00,酷狗音乐,热歌榜,酷狗TOP500,2026-08-03,220,我的歌声里,曲婉婷,,3:37,227D8E7B7B6EAF7509BB345A7B718EB2,516422,https://www.kugou.com/yy/rank/home/10-8888.html?from=rank
2026-08-03,2026-08-03T18:59:11+08:00,酷狗音乐,热歌榜,酷狗TOP500,2026-08-03,221,耀眼的我们,周深,,3:23,4B1BD75B7074BFAAB4BB48B79822FF1D,201681256,https://www.kugou.com/yy/rank/home/11-8888.html?from=rank
2026-08-03,2026-08-03T18:59:11+08:00,酷狗音乐,热歌榜,酷狗TOP500,2026-08-03,222,最长的电影,周杰伦,,3:56,2F6D441163A92AEE5E52B8E94F36A3C7,979856,https://www.kugou.com/yy/rank/home/11-8888.html?from=rank
2026-08-03,2026-08-03T18:59:11+08:00,酷狗音乐,热歌榜,酷狗TOP500,2026-08-03,223,蓝莲花,许巍,,4:31,EDCDC42FEE3A4BC8F2ADBAF96ADE9D77,15247919,https://www.kugou.com/yy/rank/home/11-8888.html?from=rank
2026-08-03,2026-08-03T18:59:11+08:00,酷狗音乐,热歌榜,酷狗TOP500,2026-08-03,224,谁明浪子心,王杰,,5:01,1E54C9C01C9DFC5C68F743368F353711,983991,https://www.kugou.com/yy/rank/home/11-8888.html?from=rank
2026-08-03,2026-08-03T18:59:11+08:00,酷狗音乐,热歌榜,酷狗TOP500,2026-08-03,225,牵丝戏,银临、Aki阿杰,,3:59,5E7FF596F7D6021DA63AF36E91BECE4B,568968,https://www.kugou.com/yy/rank/home/11-8888.html?from=rank
2026-08-03,2026-08-03T18:59:11+08:00,酷狗音乐,热歌榜,酷狗TOP500,2026-08-03,226,你最近还好吗,Ghost (王琳凯),,3:31,A1ADE90292D40A8A23F54DA5C3B2E96A,35318614,https://www.kugou.com/yy/rank/home/11-8888.html?from=rank
2026-08-03,2026-08-03T18:59:11+08:00,酷狗音乐,热歌榜,酷狗TOP500,2026-08-03,227,Alive,Blue,,3:40,996EE22D2450A7C7528394F7F98432E6,560693,https://www.kugou.com/yy/rank/home/11-8888.html?from=rank
2026-08-03,2026-08-03T18:59:11+08:00,酷狗音乐,热歌榜,酷狗TOP500,2026-08-03,228,是我不够好,李毓芬,,3:37,2B152C85BA2B73CBC79EA722928EF425,1590098,https://www.kugou.com/yy/rank/home/11-8888.html?from=rank
2026-08-03,2026-08-03T18:59:11+08:00,酷狗音乐,热歌榜,酷狗TOP500,2026-08-03,229,他真的对你好吗,付豪,,4:18,B1B875147F45355FF807402402F5B573,55501876,https://www.kugou.com/yy/rank/home/11-8888.html?from=rank
2026-08-03,2026-08-03T18:59:11+08:00,酷狗音乐,热歌榜,酷狗TOP500,2026-08-03,230,水手,郑智化,,4:53,6DCF10DEA98A7C9F755BE385E822BE05,967718,https://www.kugou.com/yy/rank/home/11-8888.html?from=rank
2026-08-03,2026-08-03T18:59:11+08:00,酷狗音乐,热歌榜,酷狗TOP500,2026-08-03,231,锈,江辰,,3:42,999A93FD5D7B34A72831CE5CCCC3D0EE,130013955,https://www.kugou.com/yy/rank/home/11-8888.html?from=rank
2026-08-03,2026-08-03T18:59:11+08:00,酷狗音乐,热歌榜,酷狗TOP500,2026-08-03,232,一样的月光,徐佳莹,,4:00,E470A579E87A5436E68FAA51AD18A379,972101,https://www.kugou.com/yy/rank/home/11-8888.html?from=rank
2026-08-03,2026-08-03T18:59:11+08:00,酷狗音乐,热歌榜,酷狗TOP500,2026-08-03,233,瞬,郑润泽,,4:45,C06970FDB48E8E1F9BBC7577B7BC1938,75949211,https://www.kugou.com/yy/rank/home/11-8888.html?from=rank
2026-08-03,2026-08-03T18:59:11+08:00,酷狗音乐,热歌榜,酷狗TOP500,2026-08-03,234,求求你别再说爱我,杨不乖,,3:30,B847847C32E0A77E3AF6833B765EE836,200754416,https://www.kugou.com/yy/rank/home/11-8888.html?from=rank
2026-08-03,2026-08-03T18:59:11+08:00,酷狗音乐,热歌榜,酷狗TOP500,2026-08-03,235,august,Taylor Swift,,4:22,9A0D270E60A5B85B02BA9C75DE815528,38627144,https://www.kugou.com/yy/rank/home/11-8888.html?from=rank
2026-08-03,2026-08-03T18:59:11+08:00,酷狗音乐,热歌榜,酷狗TOP500,2026-08-03,236,平凡之路,朴树,,5:01,2BE5DE80E68B3346918D38CF7527D979,2944963,https://www.kugou.com/yy/rank/home/11-8888.html?from=rank
2026-08-03,2026-08-03T18:59:11+08:00,酷狗音乐,热歌榜,酷狗TOP500,2026-08-03,237,如果可以,韦礼安,,4:34,70425DF5F0C9FCED5E0468189A7F4A70,49958186,https://www.kugou.com/yy/rank/home/11-8888.html?from=rank
2026-08-03,2026-08-03T18:59:11+08:00,酷狗音乐,热歌榜,酷狗TOP500,2026-08-03,238,明明就,周杰伦,,4:20,D85C14E02008B7A2F97D55CDC29C2221,982051,https://www.kugou.com/yy/rank/home/11-8888.html?from=rank
2026-08-03,2026-08-03T18:59:11+08:00,酷狗音乐,热歌榜,酷狗TOP500,2026-08-03,239,年少有为,李荣浩,,4:39,3A5C1D6CDABB2FDA813F8F8B7E4D08B0,8873395,https://www.kugou.com/yy/rank/home/11-8888.html?from=rank
2026-08-03,2026-08-03T18:59:11+08:00,酷狗音乐,热歌榜,酷狗TOP500,2026-08-03,240,英雄出处,高冷,,3:19,9CBBBCAAF22AA9C5A0D203C5924B3854,198302448,https://www.kugou.com/yy/rank/home/11-8888.html?from=rank
2026-08-03,2026-08-03T18:59:11+08:00,酷狗音乐,热歌榜,酷狗TOP500,2026-08-03,241,奔赴超无限,周深、北京环球度假区,,3:05,224B0616497B7EBC7A9AF4A2DD636D98,201328354,https://www.kugou.com/yy/rank/home/11-8888.html?from=rank
2026-08-03,2026-08-03T18:59:11+08:00,酷狗音乐,热歌榜,酷狗TOP500,2026-08-03,242,不该 (with aMEI),周杰伦、张惠妹,,4:51,FCF336E81DA45A8E696032FFC1708175,1645030,https://www.kugou.com/yy/rank/home/11-8888.html?from=rank
2026-08-03,2026-08-03T18:59:11+08:00,酷狗音乐,热歌榜,酷狗TOP500,2026-08-03,243,飞鸟和蝉,任然,,4:56,EB5F5AF3993F6537F2C70B959F2DCD6B,38339036,https://www.kugou.com/yy/rank/home/12-8888.html?from=rank
2026-08-03,2026-08-03T18:59:11+08:00,酷狗音乐,热歌榜,酷狗TOP500,2026-08-03,244,怪我们缘分太浅 (别难过),刘纯,,3:57,4C9C9BFA509C9E16056F13255A6D6FCD,199992101,https://www.kugou.com/yy/rank/home/12-8888.html?from=rank
2026-08-03,2026-08-03T18:59:11+08:00,酷狗音乐,热歌榜,酷狗TOP500,2026-08-03,245,喜欢你 (G.E.M.重生版),G.E.M. 邓紫棋,,4:03,AA4D82A7506DE809B7A89F91B73F3E1E,150256944,https://www.kugou.com/yy/rank/home/12-8888.html?from=rank
2026-08-03,2026-08-03T18:59:11+08:00,酷狗音乐,热歌榜,酷狗TOP500,2026-08-03,246,我们的歌,王力宏,,4:08,4E294957A0D9B72A78B61F3C2A63B6CC,503223,https://www.kugou.com/yy/rank/home/12-8888.html?from=rank
2026-08-03,2026-08-03T18:59:11+08:00,酷狗音乐,热歌榜,酷狗TOP500,2026-08-03,247,也许在下雨天 (眼泪才不被看见),何遇Hayu、Crybird,,3:47,18D96FA29BBCB2873400BEAB17B817CF,194623547,https://www.kugou.com/yy/rank/home/12-8888.html?from=rank
2026-08-03,2026-08-03T18:59:11+08:00,酷狗音乐,热歌榜,酷狗TOP500,2026-08-03,248,岸边客,夏子航（2603）,,4:32,E87EEB7804D4708714E6C38DE1F8E649,161846818,https://www.kugou.com/yy/rank/home/12-8888.html?from=rank
2026-08-03,2026-08-03T18:59:11+08:00,酷狗音乐,热歌榜,酷狗TOP500,2026-08-03,249,广东爱情故事,广东雨神,,3:34,7A2956668C7D5393FF16AD930C23F2FD,4162049,https://www.kugou.com/yy/rank/home/12-8888.html?from=rank
2026-08-03,2026-08-03T18:59:11+08:00,酷狗音乐,热歌榜,酷狗TOP500,2026-08-03,250,不浪漫罪名,王杰,,4:48,4255D3F001B95B07F2D5BE330D14A780,503247,https://www.kugou.com/yy/rank/home/12-8888.html?from=rank
2026-08-03,2026-08-03T18:59:11+08:00,酷狗音乐,热歌榜,酷狗TOP500,2026-08-03,251,如果当时,许嵩,,5:16,697712B7504DA5541C3ED4D117AE1018,973251,https://www.kugou.com/yy/rank/home/12-8888.html?from=rank
2026-08-03,2026-08-03T18:59:11+08:00,酷狗音乐,热歌榜,酷狗TOP500,2026-08-03,252,老街,李荣浩,,5:19,30E7F7CCB57EB16D1BE3EC71D7ADB071,964378,https://www.kugou.com/yy/rank/home/12-8888.html?from=rank
2026-08-03,2026-08-03T18:59:11+08:00,酷狗音乐,热歌榜,酷狗TOP500,2026-08-03,253,梦的翅膀受了伤,蒋雪儿Snow.J,,4:36,7B00B1F90C13C270CE96EA51DA863B96,1965074,https://www.kugou.com/yy/rank/home/12-8888.html?from=rank
2026-08-03,2026-08-03T18:59:11+08:00,酷狗音乐,热歌榜,酷狗TOP500,2026-08-03,254,模特,李荣浩,,5:06,87EBC49856D2CB3C04992C9A87E5A5C5,968143,https://www.kugou.com/yy/rank/home/12-8888.html?from=rank
2026-08-03,2026-08-03T18:59:11+08:00,酷狗音乐,热歌榜,酷狗TOP500,2026-08-03,255,白鸽乌鸦相爱的戏码,潘成（皮卡潘）,,2:54,1B5005F285D8B7FD083CA61C5753E9DB,100112898,https://www.kugou.com/yy/rank/home/12-8888.html?from=rank
2026-08-03,2026-08-03T18:59:11+08:00,酷狗音乐,热歌榜,酷狗TOP500,2026-08-03,256,世界上的另一个我,阿肆、郭采洁,,3:58,73C0E5566146583A631C9A94203405D6,4255765,https://www.kugou.com/yy/rank/home/12-8888.html?from=rank
2026-08-03,2026-08-03T18:59:11+08:00,酷狗音乐,热歌榜,酷狗TOP500,2026-08-03,257,不甘 (烟嗓微醺版),涂一乐,,3:14,CEE987401D7D2B66C266A7CABC347B94,200143319,https://www.kugou.com/yy/rank/home/12-8888.html?from=rank
2026-08-03,2026-08-03T18:59:11+08:00,酷狗音乐,热歌榜,酷狗TOP500,2026-08-03,258,飞行少年团 (空军招飞主题歌曲),易烊千玺,,3:13,EDB3369E9819016A805560E36560E953,201335014,https://www.kugou.com/yy/rank/home/12-8888.html?from=rank
2026-08-03,2026-08-03T18:59:11+08:00,酷狗音乐,热歌榜,酷狗TOP500,2026-08-03,259,喜欢,阿肆,,4:10,F4233033E11BEF5AECD3BD64528A8236,14167090,https://www.kugou.com/yy/rank/home/12-8888.html?from=rank
2026-08-03,2026-08-03T18:59:11+08:00,酷狗音乐,热歌榜,酷狗TOP500,2026-08-03,260,我记得,赵雷,,5:30,8CE80CF10A01F37354D63E49C1B60B60,60018447,https://www.kugou.com/yy/rank/home/12-8888.html?from=rank
2026-08-03,2026-08-03T18:59:11+08:00,酷狗音乐,热歌榜,酷狗TOP500,2026-08-03,261,忘了你忘了我,王杰,,4:38,95CBD367E98724883CA99874AD626446,962390,https://www.kugou.com/yy/rank/home/12-8888.html?from=rank
2026-08-03,2026-08-03T18:59:11+08:00,酷狗音乐,热歌榜,酷狗TOP500,2026-08-03,262,不遗憾,李荣浩,,5:20,40CE38D5DB930F404EB26F58978BEC3D,44404137,https://www.kugou.com/yy/rank/home/12-8888.html?from=rank
2026-08-03,2026-08-03T18:59:11+08:00,酷狗音乐,热歌榜,酷狗TOP500,2026-08-03,263,冬天的秘密,周传雄,,4:33,1088AEEAB9674A49F8067DCDEB1FC1EE,982655,https://www.kugou.com/yy/rank/home/12-8888.html?from=rank
2026-08-03,2026-08-03T18:59:11+08:00,酷狗音乐,热歌榜,酷狗TOP500,2026-08-03,264,起风了,买辣椒也用券,,5:26,5C035CBF390FEF6B536020A57749EF70,53218722,https://www.kugou.com/yy/rank/home/12-8888.html?from=rank
2026-08-03,2026-08-03T18:59:11+08:00,酷狗音乐,热歌榜,酷狗TOP500,2026-08-03,265,想你的夜,关喆,,4:25,1404A292A6E122C99696BDFF04CE982F,963737,https://www.kugou.com/yy/rank/home/13-8888.html?from=rank
2026-08-03,2026-08-03T18:59:11+08:00,酷狗音乐,热歌榜,酷狗TOP500,2026-08-03,266,遗留在岁月的曾经,曲木老表,,3:49,4C1A5D2BD02B857C72364B1416124256,167884062,https://www.kugou.com/yy/rank/home/13-8888.html?from=rank
2026-08-03,2026-08-03T18:59:11+08:00,酷狗音乐,热歌榜,酷狗TOP500,2026-08-03,267,恶作剧,王蓝茵,,3:47,05B893FC78627C3F5635491BBB35167E,720564,https://www.kugou.com/yy/rank/home/13-8888.html?from=rank
2026-08-03,2026-08-03T18:59:11+08:00,酷狗音乐,热歌榜,酷狗TOP500,2026-08-03,268,忘记时间,胡歌,,4:32,BB2759C850804CB32A55480D85D21080,493001,https://www.kugou.com/yy/rank/home/13-8888.html?from=rank
2026-08-03,2026-08-03T18:59:11+08:00,酷狗音乐,热歌榜,酷狗TOP500,2026-08-03,269,老人与海,海鸣威、吴琼,,4:26,64550F3E833ABE710545EA84FC82754E,1778632,https://www.kugou.com/yy/rank/home/13-8888.html?from=rank
2026-08-03,2026-08-03T18:59:11+08:00,酷狗音乐,热歌榜,酷狗TOP500,2026-08-03,270,倒数,G.E.M. 邓紫棋,,3:49,65945C4D6FB03D7997AE133C9BE5715D,9373625,https://www.kugou.com/yy/rank/home/13-8888.html?from=rank
2026-08-03,2026-08-03T18:59:11+08:00,酷狗音乐,热歌榜,酷狗TOP500,2026-08-03,271,再见只是陌生人,庄心妍,,4:12,67F2E5F1B47C2B86E201518FD24D9831,556403,https://www.kugou.com/yy/rank/home/13-8888.html?from=rank
2026-08-03,2026-08-03T18:59:11+08:00,酷狗音乐,热歌榜,酷狗TOP500,2026-08-03,272,摇太阳 (雷鬼版),白兰的,,4:32,97915750F2E7DEBEB4E2C7AF4AA7F5A1,183678520,https://www.kugou.com/yy/rank/home/13-8888.html?from=rank
2026-08-03,2026-08-03T18:59:11+08:00,酷狗音乐,热歌榜,酷狗TOP500,2026-08-03,273,座位,于冬然,,3:29,D87A09DB3166215E5DFD4A30C922509E,137485296,https://www.kugou.com/yy/rank/home/13-8888.html?from=rank
2026-08-03,2026-08-03T18:59:11+08:00,酷狗音乐,热歌榜,酷狗TOP500,2026-08-03,274,不能说的秘密,周杰伦,,4:57,EDFC5DD1AC3D58971AB95B3E2700D015,554150,https://www.kugou.com/yy/rank/home/13-8888.html?from=rank
2026-08-03,2026-08-03T18:59:11+08:00,酷狗音乐,热歌榜,酷狗TOP500,2026-08-03,275,你还要我怎样,薛之谦,,5:11,8C6AAC48FB5C3759042E4C8699544C6F,960327,https://www.kugou.com/yy/rank/home/13-8888.html?from=rank
2026-08-03,2026-08-03T18:59:11+08:00,酷狗音乐,热歌榜,酷狗TOP500,2026-08-03,276,第一次爱的人,王心凌,,3:53,38539E18FBB3E9A8DFA84A892CA718F6,979891,https://www.kugou.com/yy/rank/home/13-8888.html?from=rank
2026-08-03,2026-08-03T18:59:11+08:00,酷狗音乐,热歌榜,酷狗TOP500,2026-08-03,277,相爱分开都是罪,六哲,,4:20,1A2DE05E3AC06781F4B337F77B1C63DF,2996446,https://www.kugou.com/yy/rank/home/13-8888.html?from=rank
2026-08-03,2026-08-03T18:59:11+08:00,酷狗音乐,热歌榜,酷狗TOP500,2026-08-03,278,感谢你曾来过,Ayo97、周思涵,,4:10,39DCBBDCB0B377628BEF5FD48EF01254,9101627,https://www.kugou.com/yy/rank/home/13-8888.html?from=rank
2026-08-03,2026-08-03T18:59:11+08:00,酷狗音乐,热歌榜,酷狗TOP500,2026-08-03,279,左转灯 (1000 Times +1),派伟俊、mac ova seas,,3:17,E51ABAF534E7D2BA42DB5604421D4838,164658305,https://www.kugou.com/yy/rank/home/13-8888.html?from=rank
2026-08-03,2026-08-03T18:59:11+08:00,酷狗音乐,热歌榜,酷狗TOP500,2026-08-03,280,简单爱,周杰伦,,4:30,6E44CE19BE5872384FA184B995CCE23B,958706,https://www.kugou.com/yy/rank/home/13-8888.html?from=rank
2026-08-03,2026-08-03T18:59:11+08:00,酷狗音乐,热歌榜,酷狗TOP500,2026-08-03,281,是你没选我啊,于冬然,,3:22,885046DF8380B7506A6B12EC8F6E201D,176303736,https://www.kugou.com/yy/rank/home/13-8888.html?from=rank
2026-08-03,2026-08-03T18:59:11+08:00,酷狗音乐,热歌榜,酷狗TOP500,2026-08-03,282,坠落,蔡健雅,,4:10,233254CB517BAA74387361C2158519DA,974379,https://www.kugou.com/yy/rank/home/13-8888.html?from=rank
2026-08-03,2026-08-03T18:59:11+08:00,酷狗音乐,热歌榜,酷狗TOP500,2026-08-03,283,无名的人,毛不易,,4:42,525A854C4A4EDF63CAF528D693F69CE0,51231315,https://www.kugou.com/yy/rank/home/13-8888.html?from=rank
2026-08-03,2026-08-03T18:59:11+08:00,酷狗音乐,热歌榜,酷狗TOP500,2026-08-03,284,可怜天下父母亲,付飞社,,5:02,25C6B20DA2ED8253C82301B388684842,201648069,https://www.kugou.com/yy/rank/home/13-8888.html?from=rank
2026-08-03,2026-08-03T18:59:11+08:00,酷狗音乐,热歌榜,酷狗TOP500,2026-08-03,285,没那么简单,黄小琥,,5:08,90D82FB9EB6C1F5385F6F086318EE1FA,962530,https://www.kugou.com/yy/rank/home/13-8888.html?from=rank
2026-08-03,2026-08-03T18:59:11+08:00,酷狗音乐,热歌榜,酷狗TOP500,2026-08-03,286,最爱,周慧敏,,4:25,DBC221919A9686F684F90E1920179363,568311,https://www.kugou.com/yy/rank/home/13-8888.html?from=rank
2026-08-03,2026-08-03T18:59:11+08:00,酷狗音乐,热歌榜,酷狗TOP500,2026-08-03,287,迷人的危险,Dance Flow,,3:26,0F666EF632DB9404308219BE5AAE43B4,551560,https://www.kugou.com/yy/rank/home/14-8888.html?from=rank
2026-08-03,2026-08-03T18:59:11+08:00,酷狗音乐,热歌榜,酷狗TOP500,2026-08-03,288,半点心,草蜢,,3:52,6DF94BFD206BB819120C0D021B93EDBC,564642,https://www.kugou.com/yy/rank/home/14-8888.html?from=rank
2026-08-03,2026-08-03T18:59:11+08:00,酷狗音乐,热歌榜,酷狗TOP500,2026-08-03,289,执子之手,宝石Gem、哩哩,,3:10,A84D44A92F427A3198ECEE703B708478,61962429,https://www.kugou.com/yy/rank/home/14-8888.html?from=rank
2026-08-03,2026-08-03T18:59:11+08:00,酷狗音乐,热歌榜,酷狗TOP500,2026-08-03,290,偏偏喜欢你,陈百强,,3:32,D186383AA965D13601CFF4857F844FEE,983655,https://www.kugou.com/yy/rank/home/14-8888.html?from=rank
2026-08-03,2026-08-03T18:59:11+08:00,酷狗音乐,热歌榜,酷狗TOP500,2026-08-03,291,落空,印子月,,3:53,F2823FEC8D01EDE2587ED3D32F787782,15394482,https://www.kugou.com/yy/rank/home/14-8888.html?from=rank
2026-08-03,2026-08-03T18:59:11+08:00,酷狗音乐,热歌榜,酷狗TOP500,2026-08-03,292,真的爱你,BEYOND,,4:35,C46916711631EA28508A41C325A74E1B,971451,https://www.kugou.com/yy/rank/home/14-8888.html?from=rank
2026-08-03,2026-08-03T18:59:11+08:00,酷狗音乐,热歌榜,酷狗TOP500,2026-08-03,293,Lonely,Nana,,6:21,DD6AD636BD00699C1218CD25D7657099,45833884,https://www.kugou.com/yy/rank/home/14-8888.html?from=rank
2026-08-03,2026-08-03T18:59:11+08:00,酷狗音乐,热歌榜,酷狗TOP500,2026-08-03,294,虚拟,陈粒,,4:01,AEF0740270FE89918F07807C8D669FB7,1749208,https://www.kugou.com/yy/rank/home/14-8888.html?from=rank
2026-08-03,2026-08-03T18:59:11+08:00,酷狗音乐,热歌榜,酷狗TOP500,2026-08-03,295,你的承诺,海鸣威,,3:53,B1996C2589FADECA9759A420E1EC3FE3,19347507,https://www.kugou.com/yy/rank/home/14-8888.html?from=rank
2026-08-03,2026-08-03T18:59:11+08:00,酷狗音乐,热歌榜,酷狗TOP500,2026-08-03,296,NIGHT DANCER (夜中舞者),imase,,3:31,572C3807BF90891332ED77A72DB74272,59918395,https://www.kugou.com/yy/rank/home/14-8888.html?from=rank
2026-08-03,2026-08-03T18:59:11+08:00,酷狗音乐,热歌榜,酷狗TOP500,2026-08-03,297,断点,张敬轩,,4:28,2C2A571D91FF7BF6FE814887FFA7E592,2996592,https://www.kugou.com/yy/rank/home/14-8888.html?from=rank
2026-08-03,2026-08-03T18:59:11+08:00,酷狗音乐,热歌榜,酷狗TOP500,2026-08-03,298,远走高飞 (独唱版),金志文,,4:02,7196122D828128AF3173560B82528092,2139938,https://www.kugou.com/yy/rank/home/14-8888.html?from=rank
2026-08-03,2026-08-03T18:59:11+08:00,酷狗音乐,热歌榜,酷狗TOP500,2026-08-03,299,Letting Go,蔡健雅,,4:23,326CBB23BAA90062047512376AA406A4,978874,https://www.kugou.com/yy/rank/home/14-8888.html?from=rank
2026-08-03,2026-08-03T18:59:11+08:00,酷狗音乐,热歌榜,酷狗TOP500,2026-08-03,300,灵魂相愿,张敬轩,,5:00,F1B07E220757A499611A49198E6E7A9C,201500069,https://www.kugou.com/yy/rank/home/14-8888.html?from=rank
2026-08-03,2026-08-03T18:59:11+08:00,酷狗音乐,热歌榜,酷狗TOP500,2026-08-03,301,半岛铁盒,周杰伦,,5:19,67BA8A4A0681F2078BC423CB13B904B7,961807,https://www.kugou.com/yy/rank/home/14-8888.html?from=rank
2026-08-03,2026-08-03T18:59:11+08:00,酷狗音乐,热歌榜,酷狗TOP500,2026-08-03,302,麻雀,李荣浩,,4:13,2E4C5A85A751AF5A0B200D5AA0629226,34731198,https://www.kugou.com/yy/rank/home/14-8888.html?from=rank
2026-08-03,2026-08-03T18:59:11+08:00,酷狗音乐,热歌榜,酷狗TOP500,2026-08-03,303,哼着你爱听的歌 (女版),田园,,3:20,37B0685181098FB8427291594EDBC8CD,162686180,https://www.kugou.com/yy/rank/home/14-8888.html?from=rank
2026-08-03,2026-08-03T18:59:11+08:00,酷狗音乐,热歌榜,酷狗TOP500,2026-08-03,304,别说你还深深爱着我,婉婷、杨烬,,3:45,0938FF862C986F6A93B4A7657CAA1125,195023851,https://www.kugou.com/yy/rank/home/14-8888.html?from=rank
2026-08-03,2026-08-03T18:59:11+08:00,酷狗音乐,热歌榜,酷狗TOP500,2026-08-03,305,你就不要想起我,田馥甄,,4:41,33E67CD9B775093E93CBABBD649DF087,965595,https://www.kugou.com/yy/rank/home/14-8888.html?from=rank
2026-08-03,2026-08-03T18:59:11+08:00,酷狗音乐,热歌榜,酷狗TOP500,2026-08-03,306,搀扶,马健涛,,5:28,D95AE3CC810BB62D28505AE1510C329F,130332417,https://www.kugou.com/yy/rank/home/14-8888.html?from=rank
2026-08-03,2026-08-03T18:59:11+08:00,酷狗音乐,热歌榜,酷狗TOP500,2026-08-03,307,句号,G.E.M. 邓紫棋,,3:56,0EC0DFE7A4090B3C5C2C1831D7F3ED51,35503028,https://www.kugou.com/yy/rank/home/14-8888.html?from=rank
2026-08-03,2026-08-03T18:59:11+08:00,酷狗音乐,热歌榜,酷狗TOP500,2026-08-03,308,陷阱,王北车,,4:41,2FA2217B2F80DFE16F0421E1EF42AEB3,8747471,https://www.kugou.com/yy/rank/home/14-8888.html?from=rank
2026-08-03,2026-08-03T18:59:11+08:00,酷狗音乐,热歌榜,酷狗TOP500,2026-08-03,309,空心,光泽,,4:39,4465EE613CC3CF7DCF9448F8ACFED1CA,4141939,https://www.kugou.com/yy/rank/home/15-8888.html?from=rank
2026-08-03,2026-08-03T18:59:11+08:00,酷狗音乐,热歌榜,酷狗TOP500,2026-08-03,310,以为有以后,李廷旭,,3:40,6E614BA7EC0D510401C6C68CD8628D8A,195258314,https://www.kugou.com/yy/rank/home/15-8888.html?from=rank
2026-08-03,2026-08-03T18:59:11+08:00,酷狗音乐,热歌榜,酷狗TOP500,2026-08-03,311,不潮不用花钱,林俊杰,,3:54,5A84BBA4C673BEA45083C521ADF366AF,963179,https://www.kugou.com/yy/rank/home/15-8888.html?from=rank
2026-08-03,2026-08-03T18:59:11+08:00,酷狗音乐,热歌榜,酷狗TOP500,2026-08-03,312,Love Story,Taylor Swift,,3:56,193B72D4456A4CC02A3DE7C673FC4E23,13721135,https://www.kugou.com/yy/rank/home/15-8888.html?from=rank
2026-08-03,2026-08-03T18:59:11+08:00,酷狗音乐,热歌榜,酷狗TOP500,2026-08-03,313,雪下的时候,乔佳旭,,4:24,F6B3AA5971A01E755A344C2256606418,35913748,https://www.kugou.com/yy/rank/home/15-8888.html?from=rank
2026-08-03,2026-08-03T18:59:11+08:00,酷狗音乐,热歌榜,酷狗TOP500,2026-08-03,314,九百九十九朵玫瑰 (r&b),落日微醺,,4:07,0969B2B26405C8DDEC7C72292F794D48,184352572,https://www.kugou.com/yy/rank/home/15-8888.html?from=rank
2026-08-03,2026-08-03T18:59:11+08:00,酷狗音乐,热歌榜,酷狗TOP500,2026-08-03,315,不负众望,陈婉菁,,3:55,B54BD54DD6B27B311A9F7E2CF9505D3E,62005607,https://www.kugou.com/yy/rank/home/15-8888.html?from=rank
2026-08-03,2026-08-03T18:59:11+08:00,酷狗音乐,热歌榜,酷狗TOP500,2026-08-03,316,吹梦到西洲,昭爻tsuki、千世,,5:15,FB50469DA48A8CE34532F2888578B7B8,25402785,https://www.kugou.com/yy/rank/home/15-8888.html?from=rank
2026-08-03,2026-08-03T18:59:11+08:00,酷狗音乐,热歌榜,酷狗TOP500,2026-08-03,317,那些你很冒险的梦,林俊杰,,4:05,468A823BD25A585841F4BC5ED3EF945B,977237,https://www.kugou.com/yy/rank/home/15-8888.html?from=rank
2026-08-03,2026-08-03T18:59:11+08:00,酷狗音乐,热歌榜,酷狗TOP500,2026-08-03,318,其实雨也没多大 (对唱版),万豹、羊羊,,3:46,3DCAD49A6417CF61F031111716AB1572,164325869,https://www.kugou.com/yy/rank/home/15-8888.html?from=rank
2026-08-03,2026-08-03T18:59:11+08:00,酷狗音乐,热歌榜,酷狗TOP500,2026-08-03,319,遗失的心跳,萧亚轩,,3:37,54C1A6E877BB37D052A86D4C41604FE7,521727,https://www.kugou.com/yy/rank/home/15-8888.html?from=rank
2026-08-03,2026-08-03T18:59:11+08:00,酷狗音乐,热歌榜,酷狗TOP500,2026-08-03,320,unhappy,s0rrow,,1:38,F7F1E29418D6C944163FA5F1B9730B08,171727951,https://www.kugou.com/yy/rank/home/15-8888.html?from=rank
2026-08-03,2026-08-03T18:59:11+08:00,酷狗音乐,热歌榜,酷狗TOP500,2026-08-03,321,故乡,许巍,,5:14,9EFC9C93AB181E42113F226DFCFA454D,971568,https://www.kugou.com/yy/rank/home/15-8888.html?from=rank
2026-08-03,2026-08-03T18:59:11+08:00,酷狗音乐,热歌榜,酷狗TOP500,2026-08-03,322,听哭了自己,沧桑老叔,,3:32,2F886E50337A0268514AA517C5E13A39,184905718,https://www.kugou.com/yy/rank/home/15-8888.html?from=rank
2026-08-03,2026-08-03T18:59:11+08:00,酷狗音乐,热歌榜,酷狗TOP500,2026-08-03,323,红豆,王菲,,4:16,AEF916A18BAAE9C8E7807179C8DA64D1,960812,https://www.kugou.com/yy/rank/home/15-8888.html?from=rank
2026-08-03,2026-08-03T18:59:11+08:00,酷狗音乐,热歌榜,酷狗TOP500,2026-08-03,324,背着风流泪,文夫,,4:14,93313560CDE28F74AA7D2894E3C4D7F7,146986506,https://www.kugou.com/yy/rank/home/15-8888.html?from=rank
2026-08-03,2026-08-03T18:59:11+08:00,酷狗音乐,热歌榜,酷狗TOP500,2026-08-03,325,静音恋人 (两颗缠绕的心),礼越,,3:26,61F7ABEFA41C847C8F237C68883027CA,183361126,https://www.kugou.com/yy/rank/home/15-8888.html?from=rank
2026-08-03,2026-08-03T18:59:11+08:00,酷狗音乐,热歌榜,酷狗TOP500,2026-08-03,326,天地龙鳞,王力宏,,3:17,DD83DC4A30C3A05D60FFCE6944FB441C,50749156,https://www.kugou.com/yy/rank/home/15-8888.html?from=rank
2026-08-03,2026-08-03T18:59:11+08:00,酷狗音乐,热歌榜,酷狗TOP500,2026-08-03,327,爱，请问怎么走,A-Lin,,4:28,D67CB2EA6082D5AB871509EC06B48370,964045,https://www.kugou.com/yy/rank/home/15-8888.html?from=rank
2026-08-03,2026-08-03T18:59:11+08:00,酷狗音乐,热歌榜,酷狗TOP500,2026-08-03,328,情人,蔡徐坤,,3:15,120F234213ACB64E202B391612D5D9CA,37760326,https://www.kugou.com/yy/rank/home/15-8888.html?from=rank
2026-08-03,2026-08-03T18:59:11+08:00,酷狗音乐,热歌榜,酷狗TOP500,2026-08-03,329,好久不见,陈奕迅,,4:11,8E1DDAF172D9C60A28C19358B07BFBF8,962514,https://www.kugou.com/yy/rank/home/15-8888.html?from=rank
2026-08-03,2026-08-03T18:59:11+08:00,酷狗音乐,热歌榜,酷狗TOP500,2026-08-03,330,不再犹豫,BEYOND,,4:15,C477FE5B38147B7522DFCF3DC5BB8A6B,8176296,https://www.kugou.com/yy/rank/home/15-8888.html?from=rank
2026-08-03,2026-08-03T18:59:11+08:00,酷狗音乐,热歌榜,酷狗TOP500,2026-08-03,331,还爱着你,文夫,,3:52,A61924D891C970A28150FDF9E5E56C53,171019019,https://www.kugou.com/yy/rank/home/16-8888.html?from=rank
2026-08-03,2026-08-03T18:59:11+08:00,酷狗音乐,热歌榜,酷狗TOP500,2026-08-03,332,多情种,胡杨林,,4:47,5073FDDE229BBFEF04DBBA5E3FB44F56,8455212,https://www.kugou.com/yy/rank/home/16-8888.html?from=rank
2026-08-03,2026-08-03T18:59:11+08:00,酷狗音乐,热歌榜,酷狗TOP500,2026-08-03,333,刚刚好,薛之谦,,4:11,956EEC514146039E6D6A16B30DD64A7B,1747549,https://www.kugou.com/yy/rank/home/16-8888.html?from=rank
2026-08-03,2026-08-03T18:59:11+08:00,酷狗音乐,热歌榜,酷狗TOP500,2026-08-03,334,睡过你的枕边 (爆发女版),雨姐,,2:22,954158DE9546FB7DD59ACCBD21A565A7,193064563,https://www.kugou.com/yy/rank/home/16-8888.html?from=rank
2026-08-03,2026-08-03T18:59:11+08:00,酷狗音乐,热歌榜,酷狗TOP500,2026-08-03,335,大海,张雨生,,4:40,BF8252BEAE57AEB53490145CA8E81BB4,967705,https://www.kugou.com/yy/rank/home/16-8888.html?from=rank
2026-08-03,2026-08-03T18:59:11+08:00,酷狗音乐,热歌榜,酷狗TOP500,2026-08-03,336,我听人说思念像风一样 (你看 起风了),KAI,,3:32,AE8B438E919935F2C81D91978E302CA7,200170880,https://www.kugou.com/yy/rank/home/16-8888.html?from=rank
2026-08-03,2026-08-03T18:59:11+08:00,酷狗音乐,热歌榜,酷狗TOP500,2026-08-03,337,夏夜最后的烟火,颜人中,,4:40,4E418EDAB22093B51C78C81C0A8C9B31,39949767,https://www.kugou.com/yy/rank/home/16-8888.html?from=rank
2026-08-03,2026-08-03T18:59:11+08:00,酷狗音乐,热歌榜,酷狗TOP500,2026-08-03,338,爱我还是他,陶喆,,4:53,004A93C3A157D825B92A91EEB17DA36A,7547427,https://www.kugou.com/yy/rank/home/16-8888.html?from=rank
2026-08-03,2026-08-03T18:59:11+08:00,酷狗音乐,热歌榜,酷狗TOP500,2026-08-03,339,你我他,en (王翊恩),,3:56,8F1536EAF7FB43C8CE09001FD565247F,201202060,https://www.kugou.com/yy/rank/home/16-8888.html?from=rank
2026-08-03,2026-08-03T18:59:11+08:00,酷狗音乐,热歌榜,酷狗TOP500,2026-08-03,340,光年之外 (G.E.M.重生版),G.E.M. 邓紫棋,,3:55,B0EB2A1CC6832B3596E0D71E3CAFCD5F,150256944,https://www.kugou.com/yy/rank/home/16-8888.html?from=rank
2026-08-03,2026-08-03T18:59:11+08:00,酷狗音乐,热歌榜,酷狗TOP500,2026-08-03,341,只为你着迷,李秉成,,4:01,C2F47FB042D8FE6A2B5265DFCF8919A5,11795396,https://www.kugou.com/yy/rank/home/16-8888.html?from=rank
2026-08-03,2026-08-03T18:59:11+08:00,酷狗音乐,热歌榜,酷狗TOP500,2026-08-03,342,记事本,陈慧琳,,4:11,26684870E2CE3936A3D72559F67C0606,2996651,https://www.kugou.com/yy/rank/home/16-8888.html?from=rank
2026-08-03,2026-08-03T18:59:11+08:00,酷狗音乐,热歌榜,酷狗TOP500,2026-08-03,343,吻别 (烟嗓女版),烟嗓小希,,4:49,12750D3982067B33EB395B9BF2A714E0,200693191,https://www.kugou.com/yy/rank/home/16-8888.html?from=rank
2026-08-03,2026-08-03T18:59:11+08:00,酷狗音乐,热歌榜,酷狗TOP500,2026-08-03,344,暧昧,薛之谦,,5:12,B3A4E466F13F44FA0B91FA4EB8E6DECA,7818079,https://www.kugou.com/yy/rank/home/16-8888.html?from=rank
2026-08-03,2026-08-03T18:59:11+08:00,酷狗音乐,热歌榜,酷狗TOP500,2026-08-03,345,月亮照山川,窝窝,,3:18,B96C803232E044E3D6308EAE37ADDE1D,142338715,https://www.kugou.com/yy/rank/home/16-8888.html?from=rank
2026-08-03,2026-08-03T18:59:11+08:00,酷狗音乐,热歌榜,酷狗TOP500,2026-08-03,346,一个人想着一个人,曾沛慈,,4:04,C9148675D85D3C2B306E966000BC5ABD,542900,https://www.kugou.com/yy/rank/home/16-8888.html?from=rank
2026-08-03,2026-08-03T18:59:11+08:00,酷狗音乐,热歌榜,酷狗TOP500,2026-08-03,347,麦恩莉,方大同,,4:48,3A08C7B067EC2E9B552AB8664490FCEB,971920,https://www.kugou.com/yy/rank/home/16-8888.html?from=rank
2026-08-03,2026-08-03T18:59:11+08:00,酷狗音乐,热歌榜,酷狗TOP500,2026-08-03,348,再爱你也没用,范贵宾,,3:29,BDBD97AB8C5069D49A5159EB7EC60A72,197763885,https://www.kugou.com/yy/rank/home/16-8888.html?from=rank
2026-08-03,2026-08-03T18:59:11+08:00,酷狗音乐,热歌榜,酷狗TOP500,2026-08-03,349,一直下,陈宇祥,,2:59,90D1389A725B29EDA4714BACB6450C94,198016246,https://www.kugou.com/yy/rank/home/16-8888.html?from=rank
2026-08-03,2026-08-03T18:59:11+08:00,酷狗音乐,热歌榜,酷狗TOP500,2026-08-03,350,Because of You,Kelly Clarkson,,3:39,FED9A7BE6BC7D2FF3B8426ECEF34A2B6,1592158,https://www.kugou.com/yy/rank/home/16-8888.html?from=rank
2026-08-03,2026-08-03T18:59:11+08:00,酷狗音乐,热歌榜,酷狗TOP500,2026-08-03,351,若今生无缘 (若今生已无缘),万海东,,3:40,E74F4CC22263126EDD4A721AD0D0D0A8,195038536,https://www.kugou.com/yy/rank/home/16-8888.html?from=rank
2026-08-03,2026-08-03T18:59:11+08:00,酷狗音乐,热歌榜,酷狗TOP500,2026-08-03,352,不如见一面,海来阿木,,4:08,A8CC7F0EA73DE4DE226B26C3F44DD563,80038154,https://www.kugou.com/yy/rank/home/16-8888.html?from=rank
2026-08-03,2026-08-03T18:59:11+08:00,酷狗音乐,热歌榜,酷狗TOP500,2026-08-03,353,可能,程响,,3:37,38B234C1135A5E9A4C98D55C058A4894,57727291,https://www.kugou.com/yy/rank/home/17-8888.html?from=rank
2026-08-03,2026-08-03T18:59:11+08:00,酷狗音乐,热歌榜,酷狗TOP500,2026-08-03,354,像鱼,王贰浪,,4:45,6215C5A85B30E53C2E4C20C4DED38D72,13621986,https://www.kugou.com/yy/rank/home/17-8888.html?from=rank
2026-08-03,2026-08-03T18:59:11+08:00,酷狗音乐,热歌榜,酷狗TOP500,2026-08-03,355,再见,张震岳,,3:31,BF7E5BC14D95F2F4DD6932097168D3FF,1746826,https://www.kugou.com/yy/rank/home/17-8888.html?from=rank
2026-08-03,2026-08-03T18:59:11+08:00,酷狗音乐,热歌榜,酷狗TOP500,2026-08-03,356,倒带,蔡依林,,4:26,446507D2332BC3F263596363A97C6E95,976925,https://www.kugou.com/yy/rank/home/17-8888.html?from=rank
2026-08-03,2026-08-03T18:59:11+08:00,酷狗音乐,热歌榜,酷狗TOP500,2026-08-03,357,跨不过的距离,虎二,,4:31,FED5892036FBD176F6FEAE973C565E59,38209191,https://www.kugou.com/yy/rank/home/17-8888.html?from=rank
2026-08-03,2026-08-03T18:59:11+08:00,酷狗音乐,热歌榜,酷狗TOP500,2026-08-03,358,time machine (feat. aren park)(Original Mix),mj apanay、aren park,,3:46,6FC23D8694067908061BB145B6DFCB87,100264848,https://www.kugou.com/yy/rank/home/17-8888.html?from=rank
2026-08-03,2026-08-03T18:59:11+08:00,酷狗音乐,热歌榜,酷狗TOP500,2026-08-03,359,西乌旗99号公路,LunaLiu刘不语、张川海,,3:29,F65BB0D87F5543387A50AEEBF55A1E8A,185310075,https://www.kugou.com/yy/rank/home/17-8888.html?from=rank
2026-08-03,2026-08-03T18:59:11+08:00,酷狗音乐,热歌榜,酷狗TOP500,2026-08-03,360,我借 (御姐版),铁锤夫妇,,4:07,EC2F26754FED82D125388E7B27D536AA,197901242,https://www.kugou.com/yy/rank/home/17-8888.html?from=rank
2026-08-03,2026-08-03T18:59:11+08:00,酷狗音乐,热歌榜,酷狗TOP500,2026-08-03,361,雀跃,任然、小来,,3:56,F928CB7A772F8A6214EEAEB21FA310D8,2820318,https://www.kugou.com/yy/rank/home/17-8888.html?from=rank
2026-08-03,2026-08-03T18:59:11+08:00,酷狗音乐,热歌榜,酷狗TOP500,2026-08-03,362,鲜花,回春丹乐队,,5:41,7AB95100C11973D7A29B0F4AA61AB5EC,78809386,https://www.kugou.com/yy/rank/home/17-8888.html?from=rank
2026-08-03,2026-08-03T18:59:11+08:00,酷狗音乐,热歌榜,酷狗TOP500,2026-08-03,363,一生所爱,卢冠廷、莫文蔚,,4:34,C965B31DB9B5F4E4DB94DC071830C78F,3995801,https://www.kugou.com/yy/rank/home/17-8888.html?from=rank
2026-08-03,2026-08-03T18:59:11+08:00,酷狗音乐,热歌榜,酷狗TOP500,2026-08-03,364,我曾像傻子一样爱你,老板,,4:03,85F18C8A9470C0BE7BD1D679ACFC6E21,171863030,https://www.kugou.com/yy/rank/home/17-8888.html?from=rank
2026-08-03,2026-08-03T18:59:11+08:00,酷狗音乐,热歌榜,酷狗TOP500,2026-08-03,365,爱情麻辣烫,马健涛,,3:14,26715A4B40721445397606340F4022AE,201642810,https://www.kugou.com/yy/rank/home/17-8888.html?from=rank
2026-08-03,2026-08-03T18:59:11+08:00,酷狗音乐,热歌榜,酷狗TOP500,2026-08-03,366,That Girl,Olly Murs,,2:57,B32C3C7FA2452E7338BFC6F2283FE8ED,1820815,https://www.kugou.com/yy/rank/home/17-8888.html?from=rank
2026-08-03,2026-08-03T18:59:11+08:00,酷狗音乐,热歌榜,酷狗TOP500,2026-08-03,367,深深浅浅悟人生,河南三妹5233,,3:18,37FAF97AA6053FE917A8A3647E1580A8,200832705,https://www.kugou.com/yy/rank/home/17-8888.html?from=rank
2026-08-03,2026-08-03T18:59:11+08:00,酷狗音乐,热歌榜,酷狗TOP500,2026-08-03,368,手写的从前,周杰伦,,4:58,C1992BBF6FB5BB2BB86DECF657509FD3,962593,https://www.kugou.com/yy/rank/home/17-8888.html?from=rank
2026-08-03,2026-08-03T18:59:11+08:00,酷狗音乐,热歌榜,酷狗TOP500,2026-08-03,369,爱你没差,周杰伦,,4:41,66F31869BBAA767A929F35EEE1CCC5C9,982051,https://www.kugou.com/yy/rank/home/17-8888.html?from=rank
2026-08-03,2026-08-03T18:59:11+08:00,酷狗音乐,热歌榜,酷狗TOP500,2026-08-03,370,我落泪情绪零碎,周杰伦,,4:18,27943EB1CBD46F7BB165B054CE6EBDC8,958812,https://www.kugou.com/yy/rank/home/17-8888.html?from=rank
2026-08-03,2026-08-03T18:59:11+08:00,酷狗音乐,热歌榜,酷狗TOP500,2026-08-03,371,讨厌情歌,张艺兴,,2:36,BF165D36608EE35227F9C4E6E1737999,197848865,https://www.kugou.com/yy/rank/home/17-8888.html?from=rank
2026-08-03,2026-08-03T18:59:11+08:00,酷狗音乐,热歌榜,酷狗TOP500,2026-08-03,372,如果爱忘了 (Live),汪苏泷、单依纯,,4:05,50F260DC0A2E7203A1AB89E1937F3927,83718089,https://www.kugou.com/yy/rank/home/17-8888.html?from=rank
2026-08-03,2026-08-03T18:59:11+08:00,酷狗音乐,热歌榜,酷狗TOP500,2026-08-03,373,玉芬啊玉芬你让彪哥好伤心,老韩很哇塞,,3:00,AFF2135F30F90B6768AF3320505559CF,177493243,https://www.kugou.com/yy/rank/home/17-8888.html?from=rank
2026-08-03,2026-08-03T18:59:11+08:00,酷狗音乐,热歌榜,酷狗TOP500,2026-08-03,374,雨蝶,李翊君,,3:51,C83424ACF417185057E278554B91D4C0,7549108,https://www.kugou.com/yy/rank/home/17-8888.html?from=rank
2026-08-03,2026-08-03T18:59:11+08:00,酷狗音乐,热歌榜,酷狗TOP500,2026-08-03,375,他不懂,张杰,,3:52,BA40D69184A05D7BCD335028C5C613BE,38606351,https://www.kugou.com/yy/rank/home/18-8888.html?from=rank
2026-08-03,2026-08-03T18:59:11+08:00,酷狗音乐,热歌榜,酷狗TOP500,2026-08-03,376,容易受伤的女人,王菲,,4:21,C4BDD79D611789B65B368283D4DDAB0F,980244,https://www.kugou.com/yy/rank/home/18-8888.html?from=rank
2026-08-03,2026-08-03T18:59:11+08:00,酷狗音乐,热歌榜,酷狗TOP500,2026-08-03,377,匿名的好友,杨丞琳,,4:23,F9CE6B13B4C90B01B3C129FF11B11C87,2694607,https://www.kugou.com/yy/rank/home/18-8888.html?from=rank
2026-08-03,2026-08-03T18:59:11+08:00,酷狗音乐,热歌榜,酷狗TOP500,2026-08-03,378,求佛,誓言,,4:46,7B7140B23A836DC6EE63B6CD48482402,7614,https://www.kugou.com/yy/rank/home/18-8888.html?from=rank
2026-08-03,2026-08-03T18:59:11+08:00,酷狗音乐,热歌榜,酷狗TOP500,2026-08-03,379,有点甜,汪苏泷、BY2,,3:55,99CFDC717FEB7DABCD8A6392D821FC08,516425,https://www.kugou.com/yy/rank/home/18-8888.html?from=rank
2026-08-03,2026-08-03T18:59:11+08:00,酷狗音乐,热歌榜,酷狗TOP500,2026-08-03,380,淘汰,陈奕迅,,4:45,90C64A1FB2F32663FA8037D847AABB57,962514,https://www.kugou.com/yy/rank/home/18-8888.html?from=rank
2026-08-03,2026-08-03T18:59:11+08:00,酷狗音乐,热歌榜,酷狗TOP500,2026-08-03,381,爱你太多,刘一手,,3:41,284D6DEC3BF7D23E0EA79B5C70C3F2D1,201304866,https://www.kugou.com/yy/rank/home/18-8888.html?from=rank
2026-08-03,2026-08-03T18:59:11+08:00,酷狗音乐,热歌榜,酷狗TOP500,2026-08-03,382,晚风心里吹,阿梨粤,,3:07,DFFB8F6768AC5044881BB6DD11BDED53,55808898,https://www.kugou.com/yy/rank/home/18-8888.html?from=rank
2026-08-03,2026-08-03T18:59:11+08:00,酷狗音乐,热歌榜,酷狗TOP500,2026-08-03,383,Take Me to Your Heart,Michael Learns To Rock,,3:59,97ED0BF75D3D6EEB97A326073F503AC8,561642,https://www.kugou.com/yy/rank/home/18-8888.html?from=rank
2026-08-03,2026-08-03T18:59:11+08:00,酷狗音乐,热歌榜,酷狗TOP500,2026-08-03,384,走走,李荣浩,,5:04,0BD5B6F56CED35BB3380425EC02E1098,106374641,https://www.kugou.com/yy/rank/home/18-8888.html?from=rank
2026-08-03,2026-08-03T18:59:11+08:00,酷狗音乐,热歌榜,酷狗TOP500,2026-08-03,385,阿衣莫,阿吉太组合,,5:14,000B4DC2694B23AD4258EE551A00C599,4138802,https://www.kugou.com/yy/rank/home/18-8888.html?from=rank
2026-08-03,2026-08-03T18:59:11+08:00,酷狗音乐,热歌榜,酷狗TOP500,2026-08-03,386,风若是拦不住,亚飞,,3:17,580E4A7F99C7C8C8959627E5D33C8FC7,200516203,https://www.kugou.com/yy/rank/home/18-8888.html?from=rank
2026-08-03,2026-08-03T18:59:11+08:00,酷狗音乐,热歌榜,酷狗TOP500,2026-08-03,387,小美满,周深,,3:34,04A21DB1AB3C8E0D1D8F51F11BDB03A1,83112420,https://www.kugou.com/yy/rank/home/18-8888.html?from=rank
2026-08-03,2026-08-03T18:59:11+08:00,酷狗音乐,热歌榜,酷狗TOP500,2026-08-03,388,单身情歌,林志炫,,4:35,ACD27A452FE3D0348D38540762DA7BEB,971171,https://www.kugou.com/yy/rank/home/18-8888.html?from=rank
2026-08-03,2026-08-03T18:59:11+08:00,酷狗音乐,热歌榜,酷狗TOP500,2026-08-03,389,不分手的恋爱,汪苏泷,,3:26,543A6E13C527E52886E51BBF14191C8F,37376237,https://www.kugou.com/yy/rank/home/18-8888.html?from=rank
2026-08-03,2026-08-03T18:59:11+08:00,酷狗音乐,热歌榜,酷狗TOP500,2026-08-03,390,爱在西元前,周杰伦,,3:54,66B756FB1331807B032EF97F7BA9948E,958706,https://www.kugou.com/yy/rank/home/18-8888.html?from=rank
2026-08-03,2026-08-03T18:59:11+08:00,酷狗音乐,热歌榜,酷狗TOP500,2026-08-03,391,怎么说我不爱你,萧敬腾,,4:35,30A31A94C77268C92886E00D912AC03B,958893,https://www.kugou.com/yy/rank/home/18-8888.html?from=rank
2026-08-03,2026-08-03T18:59:11+08:00,酷狗音乐,热歌榜,酷狗TOP500,2026-08-03,392,遇上你是我的缘,央金兰泽,,3:27,5F84C75779CC014F3DC67FBCE90C651E,168286349,https://www.kugou.com/yy/rank/home/18-8888.html?from=rank
2026-08-03,2026-08-03T18:59:11+08:00,酷狗音乐,热歌榜,酷狗TOP500,2026-08-03,393,当爱在靠近,刘若英,,4:11,D988B9B4B769D979279D4AC9E84907F1,978209,https://www.kugou.com/yy/rank/home/18-8888.html?from=rank
2026-08-03,2026-08-03T18:59:11+08:00,酷狗音乐,热歌榜,酷狗TOP500,2026-08-03,394,天下,张杰,,3:42,17B11C65674378CA43995537331E1D9C,38606351,https://www.kugou.com/yy/rank/home/18-8888.html?from=rank
2026-08-03,2026-08-03T18:59:11+08:00,酷狗音乐,热歌榜,酷狗TOP500,2026-08-03,395,"Baby, Don't Cry (人鱼的眼泪)(Chinese Ver.)",EXO,,3:56,B692ED61ED4DDE69C50EB8B975D4E04D,22436133,https://www.kugou.com/yy/rank/home/18-8888.html?from=rank
2026-08-03,2026-08-03T18:59:11+08:00,酷狗音乐,热歌榜,酷狗TOP500,2026-08-03,396,别怕我伤心 (Live),张远,,4:43,985292520343A9547C51A3DE623711B9,201659441,https://www.kugou.com/yy/rank/home/18-8888.html?from=rank
2026-08-03,2026-08-03T18:59:11+08:00,酷狗音乐,热歌榜,酷狗TOP500,2026-08-03,397,意外,薛之谦,,4:52,04E0EDE41EA3CCFF76C04F414E1D03A7,960327,https://www.kugou.com/yy/rank/home/19-8888.html?from=rank
2026-08-03,2026-08-03T18:59:11+08:00,酷狗音乐,热歌榜,酷狗TOP500,2026-08-03,398,西楼儿女,海来阿木,,4:18,84DA47460010F3D91E203F777233DAA4,62931439,https://www.kugou.com/yy/rank/home/19-8888.html?from=rank
2026-08-03,2026-08-03T18:59:11+08:00,酷狗音乐,热歌榜,酷狗TOP500,2026-08-03,399,美丽心情,刘惜君,,4:13,CD2D71E38BF94B31CC89E1C83BE8C255,8624759,https://www.kugou.com/yy/rank/home/19-8888.html?from=rank
2026-08-03,2026-08-03T18:59:11+08:00,酷狗音乐,热歌榜,酷狗TOP500,2026-08-03,400,孤雏,AGA,,4:53,8BB44BFFC9A9CFC06706D37DA52B617B,1821989,https://www.kugou.com/yy/rank/home/19-8888.html?from=rank
2026-08-03,2026-08-03T18:59:11+08:00,酷狗音乐,热歌榜,酷狗TOP500,2026-08-03,401,反方向的钟,周杰伦,,4:18,A6049AAB184A305CAA906C6BBB8E8233,978031,https://www.kugou.com/yy/rank/home/19-8888.html?from=rank
2026-08-03,2026-08-03T18:59:11+08:00,酷狗音乐,热歌榜,酷狗TOP500,2026-08-03,402,这个年纪,齐一,,4:45,B44AD73957D993731BC125BF0A1EFFF5,2657166,https://www.kugou.com/yy/rank/home/19-8888.html?from=rank
2026-08-03,2026-08-03T18:59:11+08:00,酷狗音乐,热歌榜,酷狗TOP500,2026-08-03,403,我太笨,锤娜丽莎,,4:25,A5D4F40382C0DF1A95A48A617793F03E,46432417,https://www.kugou.com/yy/rank/home/19-8888.html?from=rank
2026-08-03,2026-08-03T18:59:11+08:00,酷狗音乐,热歌榜,酷狗TOP500,2026-08-03,404,你有没有真的爱过我 (对唱版),阿图表妹、寂寞阿图,,4:03,3C425FC4496E67468562CA377D7F2B23,190170015,https://www.kugou.com/yy/rank/home/19-8888.html?from=rank
2026-08-03,2026-08-03T18:59:11+08:00,酷狗音乐,热歌榜,酷狗TOP500,2026-08-03,405,你要的全拿走,胡彦斌,,4:59,489E4872BD06E51C969AE81748E78A10,8317330,https://www.kugou.com/yy/rank/home/19-8888.html?from=rank
2026-08-03,2026-08-03T18:59:11+08:00,酷狗音乐,热歌榜,酷狗TOP500,2026-08-03,406,天际,洋澜一,,5:46,DEAE9D1FC61F4810A0C15AA9CFD83722,76611526,https://www.kugou.com/yy/rank/home/19-8888.html?from=rank
2026-08-03,2026-08-03T18:59:11+08:00,酷狗音乐,热歌榜,酷狗TOP500,2026-08-03,407,大眠,王心凌,,4:00,A7FABF26BF07963E8BFB7705DBB503FC,13487578,https://www.kugou.com/yy/rank/home/19-8888.html?from=rank
2026-08-03,2026-08-03T18:59:11+08:00,酷狗音乐,热歌榜,酷狗TOP500,2026-08-03,408,暖一杯茶,邵帅,,4:03,26A9B8C6480C22BC4342F22CB897E760,23061596,https://www.kugou.com/yy/rank/home/19-8888.html?from=rank
2026-08-03,2026-08-03T18:59:11+08:00,酷狗音乐,热歌榜,酷狗TOP500,2026-08-03,409,我曾,菜园子不CAi,,3:09,F446EE01D14CC4395D0BBC3832088A1D,199368733,https://www.kugou.com/yy/rank/home/19-8888.html?from=rank
2026-08-03,2026-08-03T18:59:11+08:00,酷狗音乐,热歌榜,酷狗TOP500,2026-08-03,410,离别开出花 (弹唱版),就是南方凯,,2:52,67911051D7E5B9B3343847D73BF883F5,81781305,https://www.kugou.com/yy/rank/home/19-8888.html?from=rank
2026-08-03,2026-08-03T18:59:11+08:00,酷狗音乐,热歌榜,酷狗TOP500,2026-08-03,411,我不配,周杰伦,,4:49,00CBE76AE7676D5D2A3D832D202C8FFD,979856,https://www.kugou.com/yy/rank/home/19-8888.html?from=rank
2026-08-03,2026-08-03T18:59:11+08:00,酷狗音乐,热歌榜,酷狗TOP500,2026-08-03,412,悬溺,葛东琪,,3:17,666484E904A54B1E62C9FBFDBE6E2563,23773597,https://www.kugou.com/yy/rank/home/19-8888.html?from=rank
2026-08-03,2026-08-03T18:59:11+08:00,酷狗音乐,热歌榜,酷狗TOP500,2026-08-03,413,只若初见,张德伊玲,,3:24,0AC57BC59B96F7BF216744F93617FC8B,58285492,https://www.kugou.com/yy/rank/home/19-8888.html?from=rank
2026-08-03,2026-08-03T18:59:11+08:00,酷狗音乐,热歌榜,酷狗TOP500,2026-08-03,414,指纹,杜宣达,,4:00,EAF4CB91DA618DBEDC751F54B3B3620D,50057639,https://www.kugou.com/yy/rank/home/19-8888.html?from=rank
2026-08-03,2026-08-03T18:59:11+08:00,酷狗音乐,热歌榜,酷狗TOP500,2026-08-03,415,不如见一面2026,海来阿木,,3:57,4866C4CEB901B773ABD6276802E393C9,181816199,https://www.kugou.com/yy/rank/home/19-8888.html?from=rank
2026-08-03,2026-08-03T18:59:11+08:00,酷狗音乐,热歌榜,酷狗TOP500,2026-08-03,416,种田放羊采野花 (我想余生为自己而活),老韩很哇塞,,3:43,94B695618E96B1D484F9AD1670811C51,201309139,https://www.kugou.com/yy/rank/home/19-8888.html?from=rank
2026-08-03,2026-08-03T18:59:11+08:00,酷狗音乐,热歌榜,酷狗TOP500,2026-08-03,417,修炼爱情,林俊杰,,4:47,8748C12719DCA9F588B1118AC05F6BF8,972188,https://www.kugou.com/yy/rank/home/19-8888.html?from=rank
2026-08-03,2026-08-03T18:59:11+08:00,酷狗音乐,热歌榜,酷狗TOP500,2026-08-03,418,表白,萧亚轩,,3:29,0521A7354DF37C1C9705A3E3FD204B95,18052287,https://www.kugou.com/yy/rank/home/19-8888.html?from=rank
2026-08-03,2026-08-03T18:59:11+08:00,酷狗音乐,热歌榜,酷狗TOP500,2026-08-03,419,寂寞沙洲冷,周传雄,,4:35,36A4F5EAA748324A5D509D8EDC47699F,984377,https://www.kugou.com/yy/rank/home/20-8888.html?from=rank
2026-08-03,2026-08-03T18:59:11+08:00,酷狗音乐,热歌榜,酷狗TOP500,2026-08-03,420,一程山路,毛不易,,3:36,F4B3D7DFFA85DAE7737243598153A168,34631159,https://www.kugou.com/yy/rank/home/20-8888.html?from=rank
2026-08-03,2026-08-03T18:59:11+08:00,酷狗音乐,热歌榜,酷狗TOP500,2026-08-03,421,愿与愁,林俊杰,,3:52,4A2A7260442B0A5D5F17295F1DD7241B,71681690,https://www.kugou.com/yy/rank/home/20-8888.html?from=rank
2026-08-03,2026-08-03T18:59:11+08:00,酷狗音乐,热歌榜,酷狗TOP500,2026-08-03,422,明天，你好,牛奶咖啡,,4:32,A9527F71F7149F13E1F78B23C25DD30B,967562,https://www.kugou.com/yy/rank/home/20-8888.html?from=rank
2026-08-03,2026-08-03T18:59:11+08:00,酷狗音乐,热歌榜,酷狗TOP500,2026-08-03,423,少一点天份,孙盛希,,4:35,FFD1F05E5D06A1DDFAEDFE6A3379A271,566029,https://www.kugou.com/yy/rank/home/20-8888.html?from=rank
2026-08-03,2026-08-03T18:59:11+08:00,酷狗音乐,热歌榜,酷狗TOP500,2026-08-03,424,一生中最爱,谭咏麟,,4:19,360AD5530A95B8983E2AB369607A7D1B,960008,https://www.kugou.com/yy/rank/home/20-8888.html?from=rank
2026-08-03,2026-08-03T18:59:11+08:00,酷狗音乐,热歌榜,酷狗TOP500,2026-08-03,425,天若有情,A-Lin,,4:17,2E6CE4E79982AE2119A69C1D30537EA2,1805426,https://www.kugou.com/yy/rank/home/20-8888.html?from=rank
2026-08-03,2026-08-03T18:59:11+08:00,酷狗音乐,热歌榜,酷狗TOP500,2026-08-03,426,我的秘密 (G.E.M.重生版),G.E.M. 邓紫棋,,4:10,427CD3B1785609EE485CA3BCD6608FFE,150256944,https://www.kugou.com/yy/rank/home/20-8888.html?from=rank
2026-08-03,2026-08-03T18:59:11+08:00,酷狗音乐,热歌榜,酷狗TOP500,2026-08-03,427,时差 (On call),鹿晗,,3:20,337B7DFC3EA7954785D50D4C3948F64D,1993188,https://www.kugou.com/yy/rank/home/20-8888.html?from=rank
2026-08-03,2026-08-03T18:59:11+08:00,酷狗音乐,热歌榜,酷狗TOP500,2026-08-03,428,读心术,卓文萱,,4:20,3F98A771F8F33556966A9990F66D95C4,965920,https://www.kugou.com/yy/rank/home/20-8888.html?from=rank
2026-08-03,2026-08-03T18:59:11+08:00,酷狗音乐,热歌榜,酷狗TOP500,2026-08-03,429,手放开,李圣杰,,4:25,022583751858F1E3558F32EC4ECF7DD5,959847,https://www.kugou.com/yy/rank/home/20-8888.html?from=rank
2026-08-03,2026-08-03T18:59:11+08:00,酷狗音乐,热歌榜,酷狗TOP500,2026-08-03,430,初恋情人,刘小慧,,4:40,24BD04781E52FE8E7FAB2A6452D85320,532546,https://www.kugou.com/yy/rank/home/20-8888.html?from=rank
2026-08-03,2026-08-03T18:59:11+08:00,酷狗音乐,热歌榜,酷狗TOP500,2026-08-03,431,我想念,汪苏泷,,3:45,A6545AABFE93C5495BA8ADB2A555B84F,76163380,https://www.kugou.com/yy/rank/home/20-8888.html?from=rank
2026-08-03,2026-08-03T18:59:11+08:00,酷狗音乐,热歌榜,酷狗TOP500,2026-08-03,432,见山河,刘宇宁,,4:14,080BD4AB6E6F09A5DDD715863D0DEFC3,200755323,https://www.kugou.com/yy/rank/home/20-8888.html?from=rank
2026-08-03,2026-08-03T18:59:11+08:00,酷狗音乐,热歌榜,酷狗TOP500,2026-08-03,433,第一次,光良,,4:23,2C202C0CE252384AD5022CC3A99B697A,930386,https://www.kugou.com/yy/rank/home/20-8888.html?from=rank
2026-08-03,2026-08-03T18:59:11+08:00,酷狗音乐,热歌榜,酷狗TOP500,2026-08-03,434,玫瑰花的葬礼,许嵩,,4:21,0A335E9374392B72E5965D8F6165E564,1968878,https://www.kugou.com/yy/rank/home/20-8888.html?from=rank
2026-08-03,2026-08-03T18:59:11+08:00,酷狗音乐,热歌榜,酷狗TOP500,2026-08-03,435,主角,王菲,,5:00,5AC9B20840021F9BE51D76C3067BCC26,189702143,https://www.kugou.com/yy/rank/home/20-8888.html?from=rank
2026-08-03,2026-08-03T18:59:11+08:00,酷狗音乐,热歌榜,酷狗TOP500,2026-08-03,436,别怕我伤心,张信哲,,4:47,976677A739F25908591FA822CB1F1DF3,538030,https://www.kugou.com/yy/rank/home/20-8888.html?from=rank
2026-08-03,2026-08-03T18:59:11+08:00,酷狗音乐,热歌榜,酷狗TOP500,2026-08-03,437,情罪,陈瑞,,4:45,9642484D6F37650295B370CD52553DC5,80617215,https://www.kugou.com/yy/rank/home/20-8888.html?from=rank
2026-08-03,2026-08-03T18:59:11+08:00,酷狗音乐,热歌榜,酷狗TOP500,2026-08-03,438,연애의 조건 (恋爱的条件),BESTie,,3:12,FBE0D895B585AFAD693FE42529311608,959733,https://www.kugou.com/yy/rank/home/20-8888.html?from=rank
2026-08-03,2026-08-03T18:59:11+08:00,酷狗音乐,热歌榜,酷狗TOP500,2026-08-03,439,这世界那么多人,莫文蔚,,4:46,8217FD6FE2973658781FB08DA4F8C4D6,44349469,https://www.kugou.com/yy/rank/home/20-8888.html?from=rank
2026-08-03,2026-08-03T18:59:11+08:00,酷狗音乐,热歌榜,酷狗TOP500,2026-08-03,440,到时说爱我,茜拉 (Shila Amzah),,3:22,06085E4FDF0789E8C53561ADA39EDB79,58314622,https://www.kugou.com/yy/rank/home/20-8888.html?from=rank
2026-08-03,2026-08-03T18:59:11+08:00,酷狗音乐,热歌榜,酷狗TOP500,2026-08-03,441,如果这就是爱情,张靓颖,,4:43,4E871DF1E2034CF6BAAD7B03D2386058,2597425,https://www.kugou.com/yy/rank/home/21-8888.html?from=rank
2026-08-03,2026-08-03T18:59:11+08:00,酷狗音乐,热歌榜,酷狗TOP500,2026-08-03,442,多年不见你过的好吗,洛琦,,4:04,4CF3A1195E88BE2CB246A3C3D2B2504B,198871271,https://www.kugou.com/yy/rank/home/21-8888.html?from=rank
2026-08-03,2026-08-03T18:59:11+08:00,酷狗音乐,热歌榜,酷狗TOP500,2026-08-03,443,大城小爱,王力宏,,3:45,3EAF74E9E5065C03B050F356F0567311,2820176,https://www.kugou.com/yy/rank/home/21-8888.html?from=rank
2026-08-03,2026-08-03T18:59:11+08:00,酷狗音乐,热歌榜,酷狗TOP500,2026-08-03,444,包容,郑源,,4:23,34000A6CA0043801440E74059F4759EF,967724,https://www.kugou.com/yy/rank/home/21-8888.html?from=rank
2026-08-03,2026-08-03T18:59:11+08:00,酷狗音乐,热歌榜,酷狗TOP500,2026-08-03,445,相思,毛阿敏,,3:02,FE1F0058EAC6B344D03DB2D0D4315EA1,967188,https://www.kugou.com/yy/rank/home/21-8888.html?from=rank
2026-08-03,2026-08-03T18:59:11+08:00,酷狗音乐,热歌榜,酷狗TOP500,2026-08-03,446,一个人想着一个人 (说唱版),艾比利,,3:09,A4C9C11B5C6CD698FBA54D0AB3FE71CA,102363749,https://www.kugou.com/yy/rank/home/21-8888.html?from=rank
2026-08-03,2026-08-03T18:59:11+08:00,酷狗音乐,热歌榜,酷狗TOP500,2026-08-03,447,都有这一天,老中青民谣、小巷先生,,3:10,47029DA948301F7B495F81B15881C914,199411740,https://www.kugou.com/yy/rank/home/21-8888.html?from=rank
2026-08-03,2026-08-03T18:59:11+08:00,酷狗音乐,热歌榜,酷狗TOP500,2026-08-03,448,下雨天,南拳妈妈,,4:13,947127F991A6A4FF77C89779E6B25AF4,983794,https://www.kugou.com/yy/rank/home/21-8888.html?from=rank
2026-08-03,2026-08-03T18:59:11+08:00,酷狗音乐,热歌榜,酷狗TOP500,2026-08-03,449,单车,陈奕迅,,3:31,3FA554270A2AE0FE64AAACDDDBD8D0B7,504206,https://www.kugou.com/yy/rank/home/21-8888.html?from=rank
2026-08-03,2026-08-03T18:59:11+08:00,酷狗音乐,热歌榜,酷狗TOP500,2026-08-03,450,如果他真的温柔,郑大钱,,4:01,5FB23F64B70D9A347C99721969F9DD34,197731141,https://www.kugou.com/yy/rank/home/21-8888.html?from=rank
2026-08-03,2026-08-03T18:59:11+08:00,酷狗音乐,热歌榜,酷狗TOP500,2026-08-03,451,嘉宾,张远,,5:34,96D0DEFE09DFE43C57EE9AC3B1EA408E,39699796,https://www.kugou.com/yy/rank/home/21-8888.html?from=rank
2026-08-03,2026-08-03T18:59:11+08:00,酷狗音乐,热歌榜,酷狗TOP500,2026-08-03,452,莫问归期,蒋雪儿Snow.J,,3:39,F0E418FB19E8D295D0F78E50AE3B7E30,27453193,https://www.kugou.com/yy/rank/home/21-8888.html?from=rank
2026-08-03,2026-08-03T18:59:11+08:00,酷狗音乐,热歌榜,酷狗TOP500,2026-08-03,453,人间,王菲,,4:45,AEC30C06392150FB0F3A8FAC4C57E784,20142,https://www.kugou.com/yy/rank/home/21-8888.html?from=rank
2026-08-03,2026-08-03T18:59:11+08:00,酷狗音乐,热歌榜,酷狗TOP500,2026-08-03,454,一路生花,温奕心,,4:16,4F18553F2AF06E355AD75A5EE6173456,45305792,https://www.kugou.com/yy/rank/home/21-8888.html?from=rank
2026-08-03,2026-08-03T18:59:11+08:00,酷狗音乐,热歌榜,酷狗TOP500,2026-08-03,455,还是分开,张叶蕾,,3:49,A9B126E712C82BAB3CCCA272BE4B84E4,51924399,https://www.kugou.com/yy/rank/home/21-8888.html?from=rank
2026-08-03,2026-08-03T18:59:11+08:00,酷狗音乐,热歌榜,酷狗TOP500,2026-08-03,456,窝囊废,刘凤瑶、曾一鸣、张玮、李琦、派克特,,4:36,FDBDA52CDFE3B16758698D657BCECC70,198643730,https://www.kugou.com/yy/rank/home/21-8888.html?from=rank
2026-08-03,2026-08-03T18:59:11+08:00,酷狗音乐,热歌榜,酷狗TOP500,2026-08-03,457,心如止水,Ice Paper,,3:05,AB6CF665EAD04F0C07240888A4411288,19138812,https://www.kugou.com/yy/rank/home/21-8888.html?from=rank
2026-08-03,2026-08-03T18:59:11+08:00,酷狗音乐,热歌榜,酷狗TOP500,2026-08-03,458,回到过去,周杰伦,,3:54,79A00772CAC20558F4DC7780DA7BC5FC,961807,https://www.kugou.com/yy/rank/home/21-8888.html?from=rank
2026-08-03,2026-08-03T18:59:11+08:00,酷狗音乐,热歌榜,酷狗TOP500,2026-08-03,459,秋殇别恋 (男女撕裂对唱),梨子芥菜、戚悦,,4:19,CA8495DA3927226C0A3FBBD6B95B8315,190178204,https://www.kugou.com/yy/rank/home/21-8888.html?from=rank
2026-08-03,2026-08-03T18:59:11+08:00,酷狗音乐,热歌榜,酷狗TOP500,2026-08-03,460,谁,洋澜一,,3:40,445C54E59AB287FCF15D68FAF92CD9B7,89608819,https://www.kugou.com/yy/rank/home/21-8888.html?from=rank
2026-08-03,2026-08-03T18:59:11+08:00,酷狗音乐,热歌榜,酷狗TOP500,2026-08-03,461,痴心绝对,李圣杰,,4:22,2B7176CC7B1E7F5A136A5A1E1AACD365,966511,https://www.kugou.com/yy/rank/home/21-8888.html?from=rank
2026-08-03,2026-08-03T18:59:11+08:00,酷狗音乐,热歌榜,酷狗TOP500,2026-08-03,462,逆流成河,金南玲,,2:05,F12381673024C26DF3CC2589AA52987F,976591,https://www.kugou.com/yy/rank/home/21-8888.html?from=rank
2026-08-03,2026-08-03T18:59:11+08:00,酷狗音乐,热歌榜,酷狗TOP500,2026-08-03,463,那些年,胡夏,,6:11,95A46E232F3F0CFFDA7811B7D9C8E6C4,542864,https://www.kugou.com/yy/rank/home/22-8888.html?from=rank
2026-08-03,2026-08-03T18:59:11+08:00,酷狗音乐,热歌榜,酷狗TOP500,2026-08-03,464,我曾像傻子一样爱你,烟嗓船长,,4:12,5942618D3ADC210460F2C4F6CA658609,181561429,https://www.kugou.com/yy/rank/home/22-8888.html?from=rank
2026-08-03,2026-08-03T18:59:11+08:00,酷狗音乐,热歌榜,酷狗TOP500,2026-08-03,465,美丽的神话,孙楠、韩红,,4:52,877281C8E094A848F022BCAAA76945CB,964166,https://www.kugou.com/yy/rank/home/22-8888.html?from=rank
2026-08-03,2026-08-03T18:59:11+08:00,酷狗音乐,热歌榜,酷狗TOP500,2026-08-03,466,叹云兮,鞠婧祎,,4:43,DB94CC1C55558D7ED4B0E402A2DF065D,8700851,https://www.kugou.com/yy/rank/home/22-8888.html?from=rank
2026-08-03,2026-08-03T18:59:11+08:00,酷狗音乐,热歌榜,酷狗TOP500,2026-08-03,467,就是爱你,陶喆,,4:24,43485D7A650AFF532E5ECF24D7FB6381,7547427,https://www.kugou.com/yy/rank/home/22-8888.html?from=rank
2026-08-03,2026-08-03T18:59:11+08:00,酷狗音乐,热歌榜,酷狗TOP500,2026-08-03,468,有一种爱叫做放手,阿木,,4:24,8ACE2D4510E26FBDC4736055C5AE4B03,971509,https://www.kugou.com/yy/rank/home/22-8888.html?from=rank
2026-08-03,2026-08-03T18:59:11+08:00,酷狗音乐,热歌榜,酷狗TOP500,2026-08-03,469,My Bed (Explicit),Leah Kate,,2:44,6E6104198DA489F603C8F4C5D2E7FF4C,65853253,https://www.kugou.com/yy/rank/home/22-8888.html?from=rank
2026-08-03,2026-08-03T18:59:11+08:00,酷狗音乐,热歌榜,酷狗TOP500,2026-08-03,470,世界赠予我的,王菲,,4:04,BE84F84C55D0D1B458158092272CC3A8,135677703,https://www.kugou.com/yy/rank/home/22-8888.html?from=rank
2026-08-03,2026-08-03T18:59:11+08:00,酷狗音乐,热歌榜,酷狗TOP500,2026-08-03,471,The Cure,Lady Gaga,,3:31,3EF072E796A8CF441C83BC751BCB5C38,1994338,https://www.kugou.com/yy/rank/home/22-8888.html?from=rank
2026-08-03,2026-08-03T18:59:11+08:00,酷狗音乐,热歌榜,酷狗TOP500,2026-08-03,472,红蔷薇白玫瑰 (G.E.M.重生版),G.E.M. 邓紫棋,,4:45,FF4AAAE19876C6F2B9B888794FA6E664,150256944,https://www.kugou.com/yy/rank/home/22-8888.html?from=rank
2026-08-03,2026-08-03T18:59:11+08:00,酷狗音乐,热歌榜,酷狗TOP500,2026-08-03,473,传奇,王菲,,4:56,A72FE2B2521CE45FD632AC3E559F6691,959238,https://www.kugou.com/yy/rank/home/22-8888.html?from=rank
2026-08-03,2026-08-03T18:59:11+08:00,酷狗音乐,热歌榜,酷狗TOP500,2026-08-03,474,咏春,七朵组合,,4:31,9C54B0CCA0581987E92560F11413E88F,8344834,https://www.kugou.com/yy/rank/home/22-8888.html?from=rank
2026-08-03,2026-08-03T18:59:11+08:00,酷狗音乐,热歌榜,酷狗TOP500,2026-08-03,475,侧脸,于果,,3:38,6E0D71237817092E2F5EB8E1B3623781,8334245,https://www.kugou.com/yy/rank/home/22-8888.html?from=rank
2026-08-03,2026-08-03T18:59:11+08:00,酷狗音乐,热歌榜,酷狗TOP500,2026-08-03,476,给我一首歌的时间,周杰伦,,4:14,237FD34BF80D05228D4A43F6CD5BEECF,960399,https://www.kugou.com/yy/rank/home/22-8888.html?from=rank
2026-08-03,2026-08-03T18:59:11+08:00,酷狗音乐,热歌榜,酷狗TOP500,2026-08-03,477,刚好遇见你,李玉刚,,3:20,58B004C56B6AB6CE1CA3C1E8C6781D0E,1820033,https://www.kugou.com/yy/rank/home/22-8888.html?from=rank
2026-08-03,2026-08-03T18:59:11+08:00,酷狗音乐,热歌榜,酷狗TOP500,2026-08-03,478,孤独患者,陈奕迅,,4:34,72A9BB44569890399978A49D631DF310,530848,https://www.kugou.com/yy/rank/home/22-8888.html?from=rank
2026-08-03,2026-08-03T18:59:11+08:00,酷狗音乐,热歌榜,酷狗TOP500,2026-08-03,479,再见,G.E.M. 邓紫棋,,3:26,DB01B91EB3279E0F6B064706441087D2,555825,https://www.kugou.com/yy/rank/home/22-8888.html?from=rank
2026-08-03,2026-08-03T18:59:11+08:00,酷狗音乐,热歌榜,酷狗TOP500,2026-08-03,480,乌兰巴托的夜 (空灵女版),几行,,2:26,2C3D97DF03D54820B6537F1BA77D4A9C,179042571,https://www.kugou.com/yy/rank/home/22-8888.html?from=rank
2026-08-03,2026-08-03T18:59:11+08:00,酷狗音乐,热歌榜,酷狗TOP500,2026-08-03,481,三国恋,Tank,,4:06,1325E661C6044048943A8D7D417ED280,966742,https://www.kugou.com/yy/rank/home/22-8888.html?from=rank
2026-08-03,2026-08-03T18:59:11+08:00,酷狗音乐,热歌榜,酷狗TOP500,2026-08-03,482,那天下雨了,周杰伦,,3:43,1335F720C701863F127FB14CCC9C08A2,179652761,https://www.kugou.com/yy/rank/home/22-8888.html?from=rank
2026-08-03,2026-08-03T18:59:11+08:00,酷狗音乐,热歌榜,酷狗TOP500,2026-08-03,483,突然想起你,萧亚轩,,3:54,7D31D9DC20F5A50B3D660C1A54434E1E,980330,https://www.kugou.com/yy/rank/home/22-8888.html?from=rank
2026-08-03,2026-08-03T18:59:11+08:00,酷狗音乐,热歌榜,酷狗TOP500,2026-08-03,484,同手同脚,温岚,,4:18,1DB5F549DF57C1C9553D9BDD735C763A,2997107,https://www.kugou.com/yy/rank/home/22-8888.html?from=rank
2026-08-03,2026-08-03T18:59:11+08:00,酷狗音乐,热歌榜,酷狗TOP500,2026-08-03,485,Dear John,比莉,,5:11,71951213A1C3C313DEEB017D3C9E77CC,2528933,https://www.kugou.com/yy/rank/home/23-8888.html?from=rank
2026-08-03,2026-08-03T18:59:11+08:00,酷狗音乐,热歌榜,酷狗TOP500,2026-08-03,486,命运,家家,,3:51,B149A3BFD19481F91B9A652AA8EA21C1,959745,https://www.kugou.com/yy/rank/home/23-8888.html?from=rank
2026-08-03,2026-08-03T18:59:11+08:00,酷狗音乐,热歌榜,酷狗TOP500,2026-08-03,487,不由人,二龙湖浩哥,,3:32,93BCFDF3A943B05AF659A0A45D9FE033,199943834,https://www.kugou.com/yy/rank/home/23-8888.html?from=rank
2026-08-03,2026-08-03T18:59:11+08:00,酷狗音乐,热歌榜,酷狗TOP500,2026-08-03,488,相遇的意义 (烟嗓R&B版),落日微醺,,3:09,1DB50CE5AFC2AE239D1E0E68C8A21B1A,196504361,https://www.kugou.com/yy/rank/home/23-8888.html?from=rank
2026-08-03,2026-08-03T18:59:11+08:00,酷狗音乐,热歌榜,酷狗TOP500,2026-08-03,489,听无声处,周深,,4:14,AF851254B523B8D7B74CC0380202BFAA,201244738,https://www.kugou.com/yy/rank/home/23-8888.html?from=rank
2026-08-03,2026-08-03T18:59:11+08:00,酷狗音乐,热歌榜,酷狗TOP500,2026-08-03,490,你听得到,周杰伦,,3:50,D7F42691CB6134BA8AA247F0A1DBD060,966846,https://www.kugou.com/yy/rank/home/23-8888.html?from=rank
2026-08-03,2026-08-03T18:59:11+08:00,酷狗音乐,热歌榜,酷狗TOP500,2026-08-03,491,可惜春风不懂我伤悲,田园,,3:26,FA6A0CE74A6E7770E581078EF38B9278,195387503,https://www.kugou.com/yy/rank/home/23-8888.html?from=rank
2026-08-03,2026-08-03T18:59:11+08:00,酷狗音乐,热歌榜,酷狗TOP500,2026-08-03,492,问心痛不痛 (问天问地问秋风),九红,,3:29,2A19B0429F932E25A4909B503A554BBA,192542628,https://www.kugou.com/yy/rank/home/23-8888.html?from=rank
2026-08-03,2026-08-03T18:59:11+08:00,酷狗音乐,热歌榜,酷狗TOP500,2026-08-03,493,I Love You So,The Walters,,2:40,268A58AA8B646B725126E77194C0AF0D,15109280,https://www.kugou.com/yy/rank/home/23-8888.html?from=rank
2026-08-03,2026-08-03T18:59:11+08:00,酷狗音乐,热歌榜,酷狗TOP500,2026-08-03,494,忘了你 忘了我,王杰,,4:40,C09030D0EF71188A5ED48C991E635D8A,517177,https://www.kugou.com/yy/rank/home/23-8888.html?from=rank
2026-08-03,2026-08-03T18:59:11+08:00,酷狗音乐,热歌榜,酷狗TOP500,2026-08-03,495,先说谎的人,h3R3刘清云、张鑫,,2:49,4F2F51A01A6FF91435D80EEC62E759C0,51331566,https://www.kugou.com/yy/rank/home/23-8888.html?from=rank
2026-08-03,2026-08-03T18:59:11+08:00,酷狗音乐,热歌榜,酷狗TOP500,2026-08-03,496,茫,李润祺,,3:47,7B82C70A1736D61A28849DE87AA4B812,40168846,https://www.kugou.com/yy/rank/home/23-8888.html?from=rank
2026-08-03,2026-08-03T18:59:11+08:00,酷狗音乐,热歌榜,酷狗TOP500,2026-08-03,497,追光者,岑宁儿,,3:56,03F818EF5B72D16F65BD6298FB99B440,2706911,https://www.kugou.com/yy/rank/home/23-8888.html?from=rank
2026-08-03,2026-08-03T18:59:11+08:00,酷狗音乐,热歌榜,酷狗TOP500,2026-08-03,498,姑娘别哭泣,柯柯柯啊,,3:56,1B537C99761F8F25AEFFF30B6DCE08D5,77472711,https://www.kugou.com/yy/rank/home/23-8888.html?from=rank
2026-08-03,2026-08-03T18:59:11+08:00,酷狗音乐,热歌榜,酷狗TOP500,2026-08-03,499,踏马肆意挥霍 (就别管那么多),戎大姨,,2:48,C8E3F82BC28000BC2E8D220D697FEE19,200176632,https://www.kugou.com/yy/rank/home/23-8888.html?from=rank
2026-08-03,2026-08-03T18:59:11+08:00,酷狗音乐,热歌榜,酷狗TOP500,2026-08-03,500,春泥,余超颖,,4:01,24E58A122DCBE890FBC87A275244BF22,55863407,https://www.kugou.com/yy/rank/home/23-8888.html?from=rank
2026-08-03,2026-08-03T18:59:11+08:00,酷狗音乐,飙升榜,酷狗飙升榜,2026-08-03,1,也许在下雨天 (对唱版),何遇Hayu、徐文晶,,3:47,2BDBC49FA2776FFBA2F35DE04CEA1A9A,201216785,https://www.kugou.com/yy/rank/home/1-6666.html?from=rank
2026-08-03,2026-08-03T18:59:11+08:00,酷狗音乐,飙升榜,酷狗飙升榜,2026-08-03,2,奔赴超无限,周深、北京环球度假区,,3:05,224B0616497B7EBC7A9AF4A2DD636D98,201328354,https://www.kugou.com/yy/rank/home/1-6666.html?from=rank
2026-08-03,2026-08-03T18:59:11+08:00,酷狗音乐,飙升榜,酷狗飙升榜,2026-08-03,3,也许在下雨天 (对唱版),红小乐、王一佳,,3:47,A2A29E71663ADD0691782EA9F0399118,199516804,https://www.kugou.com/yy/rank/home/1-6666.html?from=rank
2026-08-03,2026-08-03T18:59:11+08:00,酷狗音乐,飙升榜,酷狗飙升榜,2026-08-03,4,海屿你 (疯狂对你执着),王村长,,4:53,AC28F0C68FB09ABCBCD170A857357AD8,201074687,https://www.kugou.com/yy/rank/home/1-6666.html?from=rank
2026-08-03,2026-08-03T18:59:11+08:00,酷狗音乐,飙升榜,酷狗飙升榜,2026-08-03,5,明知道我们没可能,黄静美,,3:58,CBE91ED03FF561F6D07505F5C112BDED,201820896,https://www.kugou.com/yy/rank/home/1-6666.html?from=rank
2026-08-03,2026-08-03T18:59:11+08:00,酷狗音乐,飙升榜,酷狗飙升榜,2026-08-03,6,说了再见,弦子,,3:41,F0DB73679D5A556FD875D653D42087F1,200399392,https://www.kugou.com/yy/rank/home/1-6666.html?from=rank
2026-08-03,2026-08-03T18:59:11+08:00,酷狗音乐,飙升榜,酷狗飙升榜,2026-08-03,7,Fever (超燃),CAISEN,,2:06,74691E65B0028BABD8228EDEC445DB17,189853590,https://www.kugou.com/yy/rank/home/1-6666.html?from=rank
2026-08-03,2026-08-03T18:59:11+08:00,酷狗音乐,飙升榜,酷狗飙升榜,2026-08-03,8,野草 (Live),金志文,,4:32,B8E557AE9BBEA3201B76417EC3E49626,201759728,https://www.kugou.com/yy/rank/home/1-6666.html?from=rank
2026-08-03,2026-08-03T18:59:11+08:00,酷狗音乐,飙升榜,酷狗飙升榜,2026-08-03,9,开始懂了 (Live),陈小春,,4:28,067C916F6D349D2F6CF8D6046B0F5D81,201759728,https://www.kugou.com/yy/rank/home/1-6666.html?from=rank
2026-08-03,2026-08-03T18:59:11+08:00,酷狗音乐,飙升榜,酷狗飙升榜,2026-08-03,10,别怕我伤心 (对唱版),张家旺、悦开心,,4:16,10E9B8D243E051CD2729F5411A493C1D,92558953,https://www.kugou.com/yy/rank/home/1-6666.html?from=rank
2026-08-03,2026-08-03T18:59:11+08:00,酷狗音乐,飙升榜,酷狗飙升榜,2026-08-03,11,我曾心比天高 (温柔女生版),A小咩咩,,2:28,E8D11253DAC770F89946A95AE7A4781E,193841549,https://www.kugou.com/yy/rank/home/1-6666.html?from=rank
2026-08-03,2026-08-03T18:59:11+08:00,酷狗音乐,飙升榜,酷狗飙升榜,2026-08-03,12,人间的剧本,灿哥,,3:18,385E681AB4C6EAA58987E38C7D56CDA1,201093589,https://www.kugou.com/yy/rank/home/1-6666.html?from=rank
2026-08-03,2026-08-03T18:59:11+08:00,酷狗音乐,飙升榜,酷狗飙升榜,2026-08-03,13,阿妈啦巴拉巴,7one1y,,2:01,ED81D7CC392F33F6CDB26004B350BA4F,200882480,https://www.kugou.com/yy/rank/home/1-6666.html?from=rank
2026-08-03,2026-08-03T18:59:11+08:00,酷狗音乐,飙升榜,酷狗飙升榜,2026-08-03,14,耀眼的我们,周深,,3:23,4B1BD75B7074BFAAB4BB48B79822FF1D,201681256,https://www.kugou.com/yy/rank/home/1-6666.html?from=rank
2026-08-03,2026-08-03T18:59:11+08:00,酷狗音乐,飙升榜,酷狗飙升榜,2026-08-03,15,深夜里想你,大熊土豆,,4:31,C90F35CD37CA2C376EFD3BED2B891DF8,200402636,https://www.kugou.com/yy/rank/home/1-6666.html?from=rank
2026-08-03,2026-08-03T18:59:11+08:00,酷狗音乐,飙升榜,酷狗飙升榜,2026-08-03,16,今生和你相依 (茫茫人海我找到了你),石榴妹,,4:02,2AF13BA43428267EDD5FD42623C37E14,200691870,https://www.kugou.com/yy/rank/home/1-6666.html?from=rank
2026-08-03,2026-08-03T18:59:11+08:00,酷狗音乐,飙升榜,酷狗飙升榜,2026-08-03,17,山河入梦,邓寓君(等什么君),,4:09,F960B3C302B6465960D7B5FC20C88008,201466032,https://www.kugou.com/yy/rank/home/1-6666.html?from=rank
2026-08-03,2026-08-03T18:59:11+08:00,酷狗音乐,飙升榜,酷狗飙升榜,2026-08-03,18,落日微醺 (晚风中一杯酒),落日微醺,,4:14,CB22754AB8A0F20FCC015D0A800758CE,196517740,https://www.kugou.com/yy/rank/home/1-6666.html?from=rank
2026-08-03,2026-08-03T18:59:11+08:00,酷狗音乐,飙升榜,酷狗飙升榜,2026-08-03,19,踏马肆意挥霍 (就别管那么多),戎大姨,,2:48,C8E3F82BC28000BC2E8D220D697FEE19,200176632,https://www.kugou.com/yy/rank/home/1-6666.html?from=rank
2026-08-03,2026-08-03T18:59:11+08:00,酷狗音乐,飙升榜,酷狗飙升榜,2026-08-03,20,酒鬼的歌 (Live),李宇春,,3:28,EA3231DC83522C7FC225A7CA9E3F13A7,201759728,https://www.kugou.com/yy/rank/home/1-6666.html?from=rank
2026-08-03,2026-08-03T18:59:11+08:00,酷狗音乐,飙升榜,酷狗飙升榜,2026-08-03,21,因为爱情 (说唱版),张家旺、七元,,2:43,6FC1989CC6EB14AF5E06FD2295B83453,91413250,https://www.kugou.com/yy/rank/home/1-6666.html?from=rank
2026-08-03,2026-08-03T18:59:11+08:00,酷狗音乐,飙升榜,酷狗飙升榜,2026-08-03,22,当世界荒凉如岛,小炮、啜欣宇、李劲松,,3:46,9C5386E5A8FE1C412E25885016C677CC,80344166,https://www.kugou.com/yy/rank/home/1-6666.html?from=rank
2026-08-03,2026-08-03T18:59:11+08:00,酷狗音乐,飙升榜,酷狗飙升榜,2026-08-03,23,爱不爱我 (女生版),高高在这呢,,3:45,D8C35F534F91C78207DEF894B68441CE,146579146,https://www.kugou.com/yy/rank/home/2-6666.html?from=rank
2026-08-03,2026-08-03T18:59:11+08:00,酷狗音乐,飙升榜,酷狗飙升榜,2026-08-03,24,暗涌 (Live),萨顶顶,,5:14,7D860368EA2D28DC6D1657576325BEEC,201759728,https://www.kugou.com/yy/rank/home/2-6666.html?from=rank
2026-08-03,2026-08-03T18:59:11+08:00,酷狗音乐,飙升榜,酷狗飙升榜,2026-08-03,25,十分喜欢,刘宇宁,,4:26,828D518A4531CD600787E9EC14A45980,201626576,https://www.kugou.com/yy/rank/home/2-6666.html?from=rank
2026-08-03,2026-08-03T18:59:11+08:00,酷狗音乐,飙升榜,酷狗飙升榜,2026-08-03,26,还是分开 (你说我没有想法),三月四季,,3:25,7BB5189CDC9DB80C052A126421B1B811,201226495,https://www.kugou.com/yy/rank/home/2-6666.html?from=rank
2026-08-03,2026-08-03T18:59:11+08:00,酷狗音乐,飙升榜,酷狗飙升榜,2026-08-03,27,言不由衷 (Live),容祖儿,,3:54,C1299BDF0CD9AE14093A4DB78534381B,201759728,https://www.kugou.com/yy/rank/home/2-6666.html?from=rank
2026-08-03,2026-08-03T18:59:11+08:00,酷狗音乐,飙升榜,酷狗飙升榜,2026-08-03,28,囚鸟 (冷冷的看着你说谎的样子),宿命恋人,,3:34,49610FE8BF21FBAD038FE1F4E1D65CC9,201117504,https://www.kugou.com/yy/rank/home/2-6666.html?from=rank
2026-08-03,2026-08-03T18:59:11+08:00,酷狗音乐,飙升榜,酷狗飙升榜,2026-08-03,29,游游,房东的猫,,4:01,02E55094DD880856E0B874997EB702DD,201673471,https://www.kugou.com/yy/rank/home/2-6666.html?from=rank
2026-08-03,2026-08-03T18:59:11+08:00,酷狗音乐,飙升榜,酷狗飙升榜,2026-08-03,30,有多少人这样活着 (对唱版),庄众、李翠华,,3:37,D5786F017680B7DB1C09DEA8B27F6258,201651691,https://www.kugou.com/yy/rank/home/2-6666.html?from=rank
2026-08-03,2026-08-03T18:59:11+08:00,酷狗音乐,飙升榜,酷狗飙升榜,2026-08-03,31,Candy,小困困,,2:15,2A2CFDDCCCAEEAB60BA7164ECD8A30BD,198630990,https://www.kugou.com/yy/rank/home/2-6666.html?from=rank
2026-08-03,2026-08-03T18:59:11+08:00,酷狗音乐,飙升榜,酷狗飙升榜,2026-08-03,32,我离开了北方不再有眼泪,烟嗓船长,,4:16,EA3A0E2BC4F6B68312E5BD05ECF97754,143380422,https://www.kugou.com/yy/rank/home/2-6666.html?from=rank
2026-08-03,2026-08-03T18:59:11+08:00,酷狗音乐,飙升榜,酷狗飙升榜,2026-08-03,33,兄弟不散,高洋、刘老板,,4:02,F8C0572E23B0B13CAFB4F8088F20BED4,201365415,https://www.kugou.com/yy/rank/home/2-6666.html?from=rank
2026-08-03,2026-08-03T18:59:11+08:00,酷狗音乐,飙升榜,酷狗飙升榜,2026-08-03,34,忘了所有忘不了你 (深情合唱版),王娜、宫易乐,,3:57,7DF256A4B31AA9C9D437C3668351035D,201676526,https://www.kugou.com/yy/rank/home/2-6666.html?from=rank
2026-08-03,2026-08-03T18:59:11+08:00,酷狗音乐,飙升榜,酷狗飙升榜,2026-08-03,35,The Gentlemen (绅士们)(Live),弹壳、Vinz-T,,3:27,3F9C9782B753B04718015DF26405924F,201714758,https://www.kugou.com/yy/rank/home/2-6666.html?from=rank
2026-08-03,2026-08-03T18:59:11+08:00,酷狗音乐,飙升榜,酷狗飙升榜,2026-08-03,36,2093 (Radio Edit),Siicko,,2:29,2642B86FCDE439649433C4DAD999C68E,198191084,https://www.kugou.com/yy/rank/home/2-6666.html?from=rank
2026-08-03,2026-08-03T18:59:11+08:00,酷狗音乐,飙升榜,酷狗飙升榜,2026-08-03,37,烟火 (粤语女声版),佳音,,4:08,33B00A0894B194EBA4C32340F7188FAD,201301393,https://www.kugou.com/yy/rank/home/2-6666.html?from=rank
2026-08-03,2026-08-03T18:59:11+08:00,酷狗音乐,飙升榜,酷狗飙升榜,2026-08-03,38,恶作剧 (因为我拥有爱情的勇气),三月四季,,2:17,C9A5340F6B9FD20EB2B06DA1AA8D3D84,200728219,https://www.kugou.com/yy/rank/home/2-6666.html?from=rank
2026-08-03,2026-08-03T18:59:11+08:00,酷狗音乐,飙升榜,酷狗飙升榜,2026-08-03,39,爱情的苦楚,正云,,3:28,8FF5C37CFD5808FEFE0D686267D3B295,201063544,https://www.kugou.com/yy/rank/home/2-6666.html?from=rank
2026-08-03,2026-08-03T18:59:11+08:00,酷狗音乐,飙升榜,酷狗飙升榜,2026-08-03,40,我问秋雨红尘情 (对唱版),张艺迈、花心姐,,3:29,671EBE77763298382F0B19F651475779,199804500,https://www.kugou.com/yy/rank/home/2-6666.html?from=rank
2026-08-03,2026-08-03T18:59:11+08:00,酷狗音乐,飙升榜,酷狗飙升榜,2026-08-03,41,我删掉了照片我删掉了你,何遇Hayu、Crybird,,3:16,0B3BE5144283F78F0A81BE57D6664DB2,190169658,https://www.kugou.com/yy/rank/home/2-6666.html?from=rank
2026-08-03,2026-08-03T18:59:11+08:00,酷狗音乐,飙升榜,酷狗飙升榜,2026-08-03,42,哪怕我们,陈伟霆,,4:16,0A24626529DBE53436170F3979490F0A,201668869,https://www.kugou.com/yy/rank/home/2-6666.html?from=rank
2026-08-03,2026-08-03T18:59:11+08:00,酷狗音乐,飙升榜,酷狗飙升榜,2026-08-03,43,Uncover (熊出没大励志时代),百变小YANG,,2:39,DB3A11A4902FB76D1EEBAAEC63A31313,200395287,https://www.kugou.com/yy/rank/home/2-6666.html?from=rank
2026-08-03,2026-08-03T18:59:11+08:00,酷狗音乐,飙升榜,酷狗飙升榜,2026-08-03,44,异常加载中,TF家族、TF家族-张桂源、TF家族-张函瑞、TF家族-王橹杰、TF家族-左奇函、TF家族-陈奕恒、TF家族-杨博文、TF家族-陈思罕、TF家族-陈浚铭,,2:59,4728465901F6F482FF8A3AA5EF216944,201800711,https://www.kugou.com/yy/rank/home/2-6666.html?from=rank
2026-08-03,2026-08-03T18:59:11+08:00,酷狗音乐,飙升榜,酷狗飙升榜,2026-08-03,45,开始懂了,wilson生 (徐伟生),,3:30,B0C850FF0E2B351CB1E057CE2EEE34B6,201179304,https://www.kugou.com/yy/rank/home/3-6666.html?from=rank
2026-08-03,2026-08-03T18:59:11+08:00,酷狗音乐,飙升榜,酷狗飙升榜,2026-08-03,46,热烈的少年 (青春版),李劲松,,3:01,D9B1BFEF1FAF5CB41D0B1586928B379A,89670706,https://www.kugou.com/yy/rank/home/3-6666.html?from=rank
2026-08-03,2026-08-03T18:59:11+08:00,酷狗音乐,飙升榜,酷狗飙升榜,2026-08-03,47,没有你的季节,陈默之,,4:54,18F2F6C78F2448A8F64BBBF33B030BBE,201784331,https://www.kugou.com/yy/rank/home/3-6666.html?from=rank
2026-08-03,2026-08-03T18:59:11+08:00,酷狗音乐,飙升榜,酷狗飙升榜,2026-08-03,48,别把我忘得太快,朱南山,,4:52,6B356D0E30A207AAED0F78ABFF67B051,168143861,https://www.kugou.com/yy/rank/home/3-6666.html?from=rank
2026-08-03,2026-08-03T18:59:11+08:00,酷狗音乐,飙升榜,酷狗飙升榜,2026-08-03,49,舍不得又没资格,周沐晴、DJ铁柱,,3:24,1C0EF350B19CDE656CE7FD274A8CF9A4,200501476,https://www.kugou.com/yy/rank/home/3-6666.html?from=rank
2026-08-03,2026-08-03T18:59:11+08:00,酷狗音乐,飙升榜,酷狗飙升榜,2026-08-03,50,想进步的心已经止不住了,幻音坊,,2:15,84A366027EC3E182C4A2813505CC03DE,200552669,https://www.kugou.com/yy/rank/home/3-6666.html?from=rank
2026-08-03,2026-08-03T18:59:11+08:00,酷狗音乐,飙升榜,酷狗飙升榜,2026-08-03,51,感谢一路有你,木木名,,3:53,895716C893109C140A8859C520AF1960,201176383,https://www.kugou.com/yy/rank/home/3-6666.html?from=rank
2026-08-03,2026-08-03T18:59:11+08:00,酷狗音乐,飙升榜,酷狗飙升榜,2026-08-03,52,No Boundaries,周深、北京环球度假区,,3:05,F9B7C6A291EF8B242F5AA7990E00FDD8,201328354,https://www.kugou.com/yy/rank/home/3-6666.html?from=rank
2026-08-03,2026-08-03T18:59:11+08:00,酷狗音乐,飙升榜,酷狗飙升榜,2026-08-03,53,也许在下雨天 (合唱版),黑豆ado、杜一,,3:49,2C8CCD00D08166ED5670DA56999AC50F,201451514,https://www.kugou.com/yy/rank/home/3-6666.html?from=rank
2026-08-03,2026-08-03T18:59:11+08:00,酷狗音乐,飙升榜,酷狗飙升榜,2026-08-03,54,了了 (Live),翁杰_Winjay、加木,,3:55,2E4BF11D0355913110FB90F57B9FFE90,201714758,https://www.kugou.com/yy/rank/home/3-6666.html?from=rank
2026-08-03,2026-08-03T18:59:11+08:00,酷狗音乐,飙升榜,酷狗飙升榜,2026-08-03,55,幸好思念无声,灰色思绪,,3:31,3C6915E704BD302C0A5CA78D4C88A4FA,200187696,https://www.kugou.com/yy/rank/home/3-6666.html?from=rank
2026-08-03,2026-08-03T18:59:11+08:00,酷狗音乐,飙升榜,酷狗飙升榜,2026-08-03,56,咫尺之约,张赫煊,,4:51,578585C3E9C81EA917C1C7DD4AD73A3D,201485409,https://www.kugou.com/yy/rank/home/3-6666.html?from=rank
2026-08-03,2026-08-03T18:59:11+08:00,酷狗音乐,飙升榜,酷狗飙升榜,2026-08-03,57,不要寂寞的时候说爱我 (雷鬼版),白兰的,,3:35,80CE0F37EC806A6206ACBAF129165026,195227125,https://www.kugou.com/yy/rank/home/3-6666.html?from=rank
2026-08-03,2026-08-03T18:59:11+08:00,酷狗音乐,飙升榜,酷狗飙升榜,2026-08-03,58,我曾像傻子一样爱你,任夏,,3:50,019C0921394DEA57337A44C533CC37C7,171871018,https://www.kugou.com/yy/rank/home/3-6666.html?from=rank
2026-08-03,2026-08-03T18:59:11+08:00,酷狗音乐,飙升榜,酷狗飙升榜,2026-08-03,59,蜻蜓,王忻辰,,3:29,F312EF743AD0918740ABC86EE17C0984,201820960,https://www.kugou.com/yy/rank/home/3-6666.html?from=rank
2026-08-03,2026-08-03T18:59:11+08:00,酷狗音乐,飙升榜,酷狗飙升榜,2026-08-03,60,这一程最对味,可乐味的多肉,,4:22,F66E199CE97F047634594AFA5A56F67D,194666256,https://www.kugou.com/yy/rank/home/3-6666.html?from=rank
2026-08-03,2026-08-03T18:59:11+08:00,酷狗音乐,飙升榜,酷狗飙升榜,2026-08-03,61,什么糖能解我的苦,沧桑小杰office,,3:45,830AAE3B3EFEB1DF43D04857F6A466B9,201141129,https://www.kugou.com/yy/rank/home/3-6666.html?from=rank
2026-08-03,2026-08-03T18:59:11+08:00,酷狗音乐,飙升榜,酷狗飙升榜,2026-08-03,62,幻昼,DJ铁柱、Ameriie、404Hz、еяхат музыка、我期待的不是你,,2:21,569B1B956D242EB4D0B2536D67B51833,201755538,https://www.kugou.com/yy/rank/home/3-6666.html?from=rank
2026-08-03,2026-08-03T18:59:11+08:00,酷狗音乐,飙升榜,酷狗飙升榜,2026-08-03,63,想你,林键标,,2:40,CD7C234F273A96154A2B4F1C10FD2918,134511208,https://www.kugou.com/yy/rank/home/3-6666.html?from=rank
2026-08-03,2026-08-03T18:59:11+08:00,酷狗音乐,飙升榜,酷狗飙升榜,2026-08-03,64,Copines (只管一往无前 其他交给时间),Destiny Sky,,2:59,BAA7B9033CA8EB43CA050AB410D57CB3,199716528,https://www.kugou.com/yy/rank/home/3-6666.html?from=rank
2026-08-03,2026-08-03T18:59:11+08:00,酷狗音乐,飙升榜,酷狗飙升榜,2026-08-03,65,被你清空,懂不董,,3:12,AE8FD2F3590B6A6ADAB57C14EC8176FA,81040436,https://www.kugou.com/yy/rank/home/3-6666.html?from=rank
2026-08-03,2026-08-03T18:59:11+08:00,酷狗音乐,飙升榜,酷狗飙升榜,2026-08-03,66,我曾像傻子一样爱你,烟嗓船长,,4:12,5942618D3ADC210460F2C4F6CA658609,181561429,https://www.kugou.com/yy/rank/home/3-6666.html?from=rank
2026-08-03,2026-08-03T18:59:11+08:00,酷狗音乐,飙升榜,酷狗飙升榜,2026-08-03,67,雨是神的烟花 (我到底在等谁),夕颜NA,,2:17,BAE16944D337C20B42FD49E78D9B01A7,169868460,https://www.kugou.com/yy/rank/home/4-6666.html?from=rank
2026-08-03,2026-08-03T18:59:11+08:00,酷狗音乐,飙升榜,酷狗飙升榜,2026-08-03,68,二十二 (Live),宋亚轩,,4:36,7BC8EE3B638D4C700FBF3B665CC7FFF1,201759728,https://www.kugou.com/yy/rank/home/4-6666.html?from=rank
2026-08-03,2026-08-03T18:59:11+08:00,酷狗音乐,飙升榜,酷狗飙升榜,2026-08-03,69,凤凰游踏飞鹏,u,,2:41,8E871231471CC6EEDB56C0F88C8E2560,199841013,https://www.kugou.com/yy/rank/home/4-6666.html?from=rank
2026-08-03,2026-08-03T18:59:11+08:00,酷狗音乐,飙升榜,酷狗飙升榜,2026-08-03,70,我独自满级 Solo Maxxing,hanser、HOYO-MiX,,2:40,2ED2E3E55A7ABF3F5F5DF9F5136676AF,201646062,https://www.kugou.com/yy/rank/home/4-6666.html?from=rank
2026-08-03,2026-08-03T18:59:11+08:00,酷狗音乐,飙升榜,酷狗飙升榜,2026-08-03,71,动了情的人,洋澜一,,4:10,A418E57CDD31D0F03F8FF39D833D8DF9,169856454,https://www.kugou.com/yy/rank/home/4-6666.html?from=rank
2026-08-03,2026-08-03T18:59:11+08:00,酷狗音乐,飙升榜,酷狗飙升榜,2026-08-03,72,这场雨下完就忘了你,刘书云、戎大姨,,3:24,266B85E4F4D186AFA49043D138F99B64,200701190,https://www.kugou.com/yy/rank/home/4-6666.html?from=rank
2026-08-03,2026-08-03T18:59:11+08:00,酷狗音乐,飙升榜,酷狗飙升榜,2026-08-03,73,孤独散场,韦小妮,,3:59,799D26DB4EFC62B3D1B69692D7D2496B,201760069,https://www.kugou.com/yy/rank/home/4-6666.html?from=rank
2026-08-03,2026-08-03T18:59:11+08:00,酷狗音乐,飙升榜,酷狗飙升榜,2026-08-03,74,为了生活早已学会闭嘴,沧桑小杰office,,3:20,29F773B89A6F5E05B43FE341919F528D,200473654,https://www.kugou.com/yy/rank/home/4-6666.html?from=rank
2026-08-03,2026-08-03T18:59:11+08:00,酷狗音乐,飙升榜,酷狗飙升榜,2026-08-03,75,求命运高抬贵手 (女版),铁锤夫妇,,3:17,2EF97EE11B5CF1FD38CF38173B5560C4,197140751,https://www.kugou.com/yy/rank/home/4-6666.html?from=rank
2026-08-03,2026-08-03T18:59:11+08:00,酷狗音乐,飙升榜,酷狗飙升榜,2026-08-03,76,追着风尽情潇洒,雷鬼叔,,2:49,6A37CFDAB7750CC6DB1FF8BE4210C607,198593009,https://www.kugou.com/yy/rank/home/4-6666.html?from=rank
2026-08-03,2026-08-03T18:59:11+08:00,酷狗音乐,飙升榜,酷狗飙升榜,2026-08-03,77,你自己说了才算,王斩,,5:45,3D13B808023F9550A3A718669EF724DB,201784233,https://www.kugou.com/yy/rank/home/4-6666.html?from=rank
2026-08-03,2026-08-03T18:59:11+08:00,酷狗音乐,飙升榜,酷狗飙升榜,2026-08-03,78,我找不回当年那个我,烟嗓扬哥,,3:04,C061DDA76855959EBB0D24D9D46C0D4F,201301395,https://www.kugou.com/yy/rank/home/4-6666.html?from=rank
2026-08-03,2026-08-03T18:59:11+08:00,酷狗音乐,飙升榜,酷狗飙升榜,2026-08-03,79,敬昨天敬今天敬明天 (Live),李大奔BENZO、SHarK,,4:31,186C6E2BCBC140C5FB311CEBA92F11C5,201714758,https://www.kugou.com/yy/rank/home/4-6666.html?from=rank
2026-08-03,2026-08-03T18:59:11+08:00,酷狗音乐,飙升榜,酷狗飙升榜,2026-08-03,80,玩swag (范儿)(Live),ICE杨长青、Melo,,4:07,635BB6992FF95BDDC56BD4691C94EE78,201714758,https://www.kugou.com/yy/rank/home/4-6666.html?from=rank
2026-08-03,2026-08-03T18:59:11+08:00,酷狗音乐,飙升榜,酷狗飙升榜,2026-08-03,81,我爱你从始至终都没保留,张茜（张惜淇）,,3:35,B34048EB46EF0C2C73CF8C8639D0C51F,201789581,https://www.kugou.com/yy/rank/home/4-6666.html?from=rank
2026-08-03,2026-08-03T18:59:11+08:00,酷狗音乐,飙升榜,酷狗飙升榜,2026-08-03,82,回到小村落,宋盐球,,3:45,AF27C3A04E82042F66D51EF604B47AD5,200330995,https://www.kugou.com/yy/rank/home/4-6666.html?from=rank
2026-08-03,2026-08-03T18:59:11+08:00,酷狗音乐,飙升榜,酷狗飙升榜,2026-08-03,83,踏马寻花向自由 (雷鬼版),超哥,,2:59,B5BA68A039E54847B4E14A46A268991B,194886112,https://www.kugou.com/yy/rank/home/4-6666.html?from=rank
2026-08-03,2026-08-03T18:59:11+08:00,酷狗音乐,飙升榜,酷狗飙升榜,2026-08-03,84,只怪秋风不懂我悲伤 (烟嗓版),烟嗓队长、DJ铁柱,,3:24,A5D6B310016D16457C808D850C79AE91,200503547,https://www.kugou.com/yy/rank/home/4-6666.html?from=rank
2026-08-03,2026-08-03T18:59:11+08:00,酷狗音乐,飙升榜,酷狗飙升榜,2026-08-03,85,这些年家也没能顾好,沧桑小杰office,,3:20,FB485B904960C0033D659735C823F620,200473977,https://www.kugou.com/yy/rank/home/4-6666.html?from=rank
2026-08-03,2026-08-03T18:59:11+08:00,酷狗音乐,飙升榜,酷狗飙升榜,2026-08-03,86,踏马寻花向自由 (低音版),DJ铁柱,,2:58,0E38423B5CF278ADB8E359692609EAF7,201099960,https://www.kugou.com/yy/rank/home/4-6666.html?from=rank
2026-08-03,2026-08-03T18:59:11+08:00,酷狗音乐,飙升榜,酷狗飙升榜,2026-08-03,87,求求你别再说爱我,黄静美,,3:30,83B16C14A2E10680127E2D2D1615898D,201820903,https://www.kugou.com/yy/rank/home/4-6666.html?from=rank
2026-08-03,2026-08-03T18:59:11+08:00,酷狗音乐,飙升榜,酷狗飙升榜,2026-08-03,88,八贤王进行曲,LINGCHENHAI,,2:44,2ED02C9FDE02CCAA613D5633307B80CA,200830451,https://www.kugou.com/yy/rank/home/4-6666.html?from=rank
2026-08-03,2026-08-03T18:59:11+08:00,酷狗音乐,飙升榜,酷狗飙升榜,2026-08-03,89,各人日子各人爱 (莫慌慢慢摆),流浪阿哲、林深深,,2:39,3E1439D81CA17A3D7427353A491DCF2E,200143892,https://www.kugou.com/yy/rank/home/5-6666.html?from=rank
2026-08-03,2026-08-03T18:59:11+08:00,酷狗音乐,飙升榜,酷狗飙升榜,2026-08-03,90,我羡慕天边的风,弦外之音,,3:20,F9A6EBD3CCC4A13BCE352066931134F8,195206254,https://www.kugou.com/yy/rank/home/5-6666.html?from=rank
2026-08-03,2026-08-03T18:59:11+08:00,酷狗音乐,飙升榜,酷狗飙升榜,2026-08-03,91,Angel (动感氛围版),еяхат музыка、Pao7oO、Grimmmz、Ameriie,,2:22,3AD86F7705C2564523D4625A457FB93D,199540375,https://www.kugou.com/yy/rank/home/5-6666.html?from=rank
2026-08-03,2026-08-03T18:59:11+08:00,酷狗音乐,飙升榜,酷狗飙升榜,2026-08-03,92,此言良久立,小米嘎,,5:03,1273F9D2D31AC71588A8FA8A13D8677E,195716702,https://www.kugou.com/yy/rank/home/5-6666.html?from=rank
2026-08-03,2026-08-03T18:59:11+08:00,酷狗音乐,飙升榜,酷狗飙升榜,2026-08-03,93,最后一次心碎 (对唱版),烟嗓船长、花心姐,,4:10,B9EC0416B8F9CB39C968466A1C2AD4EC,201824090,https://www.kugou.com/yy/rank/home/5-6666.html?from=rank
2026-08-03,2026-08-03T18:59:11+08:00,酷狗音乐,飙升榜,酷狗飙升榜,2026-08-03,94,枕边的人比外人还客气,沧桑小杰office,,3:20,E20B35D742E2C1F020568E7DFC596BC0,200473867,https://www.kugou.com/yy/rank/home/5-6666.html?from=rank
2026-08-03,2026-08-03T18:59:11+08:00,酷狗音乐,飙升榜,酷狗飙升榜,2026-08-03,95,岁月如笔写春秋 (EDM粤语版),陈靓靓,,3:57,91AA8BA8FA1496B1AC9AAE8B2B9CED5A,197385302,https://www.kugou.com/yy/rank/home/5-6666.html?from=rank
2026-08-03,2026-08-03T18:59:11+08:00,酷狗音乐,飙升榜,酷狗飙升榜,2026-08-03,96,Limbo (Live),Stray Kids,,2:20,2642112BD53C56857275D87AB0A01A9A,201460776,https://www.kugou.com/yy/rank/home/5-6666.html?from=rank
2026-08-03,2026-08-03T18:59:11+08:00,酷狗音乐,飙升榜,酷狗飙升榜,2026-08-03,97,敷衍你我做不到 (深情版),音乐科代表洪嘉源,,3:43,71636EC7D4E4B42E517884A7C8C3677A,179302656,https://www.kugou.com/yy/rank/home/5-6666.html?from=rank
2026-08-03,2026-08-03T18:59:11+08:00,酷狗音乐,飙升榜,酷狗飙升榜,2026-08-03,98,酒醉心难藏 (我不敢把酒倒满),草原兄弟,,3:36,AFA683593026699C6B22D92E0E1C89CE,153904421,https://www.kugou.com/yy/rank/home/5-6666.html?from=rank
2026-08-03,2026-08-03T18:59:11+08:00,酷狗音乐,飙升榜,酷狗飙升榜,2026-08-03,99,也许在下雨天 (合唱版),何遇Hayu、露一泉,,3:48,1A4F998912137C635E85A05C8218F047,198627844,https://www.kugou.com/yy/rank/home/5-6666.html?from=rank
2026-08-03,2026-08-03T18:59:11+08:00,酷狗音乐,飙升榜,酷狗飙升榜,2026-08-03,100,我心冷冷冷,许丽静,,4:00,95BD66F3CC2A144BF008639103548420,201038289,https://www.kugou.com/yy/rank/home/5-6666.html?from=rank
2026-08-03,2026-08-03T18:59:11+08:00,微博,热搜榜,微博热搜榜,,1,美国制裁洽洽瓜子思念水饺,国内时政,热度 1137184,,美国制裁洽洽瓜子思念水饺,,https://s.weibo.com/weibo?q=%23%E7%BE%8E%E5%9B%BD%E5%88%B6%E8%A3%81%E6%B4%BD%E6%B4%BD%E7%93%9C%E5%AD%90%E6%80%9D%E5%BF%B5%E6%B0%B4%E9%A5%BA%23
2026-08-03,2026-08-03T18:59:11+08:00,微博,热搜榜,微博热搜榜,,2,安睡裤吐槽月经气味大就是营销自杀,舆论监督,热度 847865；新,,安睡裤吐槽月经气味大就是营销自杀,,https://s.weibo.com/weibo?q=%23%E5%AE%89%E7%9D%A1%E8%A3%A4%E5%90%90%E6%A7%BD%E6%9C%88%E7%BB%8F%E6%B0%94%E5%91%B3%E5%A4%A7%E5%B0%B1%E6%98%AF%E8%90%A5%E9%94%80%E8%87%AA%E6%9D%80%23
2026-08-03,2026-08-03T18:59:11+08:00,微博,热搜榜,微博热搜榜,,3,跨越全球的东风长剑,国内时政,热度 668510,,跨越全球的东风长剑,,https://s.weibo.com/weibo?q=%23%E8%B7%A8%E8%B6%8A%E5%85%A8%E7%90%83%E7%9A%84%E4%B8%9C%E9%A3%8E%E9%95%BF%E5%89%91%23
2026-08-03,2026-08-03T18:59:11+08:00,微博,热搜榜,微博热搜榜,,4,低精力可以去医院查有没有疾病,幽默,热度 649531；新,,低精力可以去医院查有没有疾病,,https://s.weibo.com/weibo?q=%23%E4%BD%8E%E7%B2%BE%E5%8A%9B%E5%8F%AF%E4%BB%A5%E5%8E%BB%E5%8C%BB%E9%99%A2%E6%9F%A5%E6%9C%89%E6%B2%A1%E6%9C%89%E7%96%BE%E7%97%85%23
2026-08-03,2026-08-03T18:59:11+08:00,微博,热搜榜,微博热搜榜,,5,原来大家找双休多钱工作的思路好清晰,情感,热度 641059,,原来大家找双休多钱工作的思路好清晰,,https://s.weibo.com/weibo?q=%23%E5%8E%9F%E6%9D%A5%E5%A4%A7%E5%AE%B6%E6%89%BE%E5%8F%8C%E4%BC%91%E5%A4%9A%E9%92%B1%E5%B7%A5%E4%BD%9C%E7%9A%84%E6%80%9D%E8%B7%AF%E5%A5%BD%E6%B8%85%E6%99%B0%23
2026-08-03,2026-08-03T18:59:11+08:00,微博,热搜榜,微博热搜榜,,6,AI短剧女主60秒广告报价25万8,互联网,热度 562060；新,,AI短剧女主60秒广告报价25万8,,https://s.weibo.com/weibo?q=%23AI%E7%9F%AD%E5%89%A7%E5%A5%B3%E4%B8%BB60%E7%A7%92%E5%B9%BF%E5%91%8A%E6%8A%A5%E4%BB%B725%E4%B8%878%23
2026-08-03,2026-08-03T18:59:11+08:00,微博,热搜榜,微博热搜榜,,7,恋与深空,游戏,热度 538057；新,,恋与深空,,https://s.weibo.com/weibo?q=%23%E6%81%8B%E4%B8%8E%E6%B7%B1%E7%A9%BA%23
2026-08-03,2026-08-03T18:59:11+08:00,微博,热搜榜,微博热搜榜,,8,日本股市,财经,热度 393670；新,,日本股市,,https://s.weibo.com/weibo?q=%23%E6%97%A5%E6%9C%AC%E8%82%A1%E5%B8%82%23
2026-08-03,2026-08-03T18:59:11+08:00,微博,热搜榜,微博热搜榜,,9,迪丽热巴李慧珍下沉口碑,剧集,热度 391689,,迪丽热巴李慧珍下沉口碑,剧集,https://s.weibo.com/weibo?q=%23%E8%BF%AA%E4%B8%BD%E7%83%AD%E5%B7%B4%E6%9D%8E%E6%85%A7%E7%8F%8D%E4%B8%8B%E6%B2%89%E5%8F%A3%E7%A2%91%23
2026-08-03,2026-08-03T18:59:11+08:00,微博,热搜榜,微博热搜榜,,10,RedVelvet回归主打曲MV,音乐,热度 389742；新,,RedVelvet回归主打曲MV,音乐,https://s.weibo.com/weibo?q=%23RedVelvet%E5%9B%9E%E5%BD%92%E4%B8%BB%E6%89%93%E6%9B%B2MV%23
2026-08-03,2026-08-03T18:59:11+08:00,微博,热搜榜,微博热搜榜,,11,牛蛙 抗生素,民生新闻,热度 388104,,牛蛙 抗生素,,https://s.weibo.com/weibo?q=%23%E7%89%9B%E8%9B%99%20%E6%8A%97%E7%94%9F%E7%B4%A0%23
2026-08-03,2026-08-03T18:59:11+08:00,微博,热搜榜,微博热搜榜,,12,罗正 千万存款,艺人,热度 385356；热,,罗正 千万存款,['罗正'],https://s.weibo.com/weibo?q=%23%E7%BD%97%E6%AD%A3%20%E5%8D%83%E4%B8%87%E5%AD%98%E6%AC%BE%23
2026-08-03,2026-08-03T18:59:11+08:00,微博,热搜榜,微博热搜榜,,13,Jiejie加入EDG,电竞,热度 383055；新,,Jiejie加入EDG,,https://s.weibo.com/weibo?q=%23Jiejie%E5%8A%A0%E5%85%A5EDG%23
2026-08-03,2026-08-03T18:59:11+08:00,微博,热搜榜,微博热搜榜,,14,章泽天比刘亦菲还像刘亦菲妈妈,艺人,热度 380065；新,,章泽天比刘亦菲还像刘亦菲妈妈,,https://s.weibo.com/weibo?q=%23%E7%AB%A0%E6%B3%BD%E5%A4%A9%E6%AF%94%E5%88%98%E4%BA%A6%E8%8F%B2%E8%BF%98%E5%83%8F%E5%88%98%E4%BA%A6%E8%8F%B2%E5%A6%88%E5%A6%88%23
2026-08-03,2026-08-03T18:59:11+08:00,微博,热搜榜,微博热搜榜,,15,985博士后出轨被退站已入职新高校,民生新闻,热度 379536；新,,985博士后出轨被退站已入职新高校,,https://s.weibo.com/weibo?q=%23985%E5%8D%9A%E5%A3%AB%E5%90%8E%E5%87%BA%E8%BD%A8%E8%A2%AB%E9%80%80%E7%AB%99%E5%B7%B2%E5%85%A5%E8%81%8C%E6%96%B0%E9%AB%98%E6%A0%A1%23
2026-08-03,2026-08-03T18:59:11+08:00,微博,热搜榜,微博热搜榜,,16,中国人心目中天庭的样子在外网爆火,旅游,热度 375017,,中国人心目中天庭的样子在外网爆火,,https://s.weibo.com/weibo?q=%23%E4%B8%AD%E5%9B%BD%E4%BA%BA%E5%BF%83%E7%9B%AE%E4%B8%AD%E5%A4%A9%E5%BA%AD%E7%9A%84%E6%A0%B7%E5%AD%90%E5%9C%A8%E5%A4%96%E7%BD%91%E7%88%86%E7%81%AB%23
2026-08-03,2026-08-03T18:59:11+08:00,微博,热搜榜,微博热搜榜,,17,李希侃为罗正发声,艺人,热度 346450；新,,李希侃为罗正发声,"['李希侃', '罗正']",https://s.weibo.com/weibo?q=%23%E6%9D%8E%E5%B8%8C%E4%BE%83%E4%B8%BA%E7%BD%97%E6%AD%A3%E5%8F%91%E5%A3%B0%23
2026-08-03,2026-08-03T18:59:11+08:00,微博,热搜榜,微博热搜榜,,18,白海豚,民生新闻,热度 300169,,白海豚,,https://s.weibo.com/weibo?q=%23%E7%99%BD%E6%B5%B7%E8%B1%9A%23
2026-08-03,2026-08-03T18:59:11+08:00,微博,热搜榜,微博热搜榜,,19,霍仙姑 傀儡,剧集,热度 298501,,霍仙姑 傀儡,剧集,https://s.weibo.com/weibo?q=%23%E9%9C%8D%E4%BB%99%E5%A7%91%20%E5%82%80%E5%84%A1%23
2026-08-03,2026-08-03T18:59:11+08:00,微博,热搜榜,微博热搜榜,,20,抵触AI算落后于时代吗,情感,热度 298239；新,,抵触AI算落后于时代吗,,https://s.weibo.com/weibo?q=%23%E6%8A%B5%E8%A7%A6AI%E7%AE%97%E8%90%BD%E5%90%8E%E4%BA%8E%E6%97%B6%E4%BB%A3%E5%90%97%23
2026-08-03,2026-08-03T18:59:11+08:00,微博,热搜榜,微博热搜榜,,21,宗馥莉同父异母兄弟成立新公司,财经,热度 295470,,宗馥莉同父异母兄弟成立新公司,,https://s.weibo.com/weibo?q=%23%E5%AE%97%E9%A6%A5%E8%8E%89%E5%90%8C%E7%88%B6%E5%BC%82%E6%AF%8D%E5%85%84%E5%BC%9F%E6%88%90%E7%AB%8B%E6%96%B0%E5%85%AC%E5%8F%B8%23
2026-08-03,2026-08-03T18:59:11+08:00,微博,热搜榜,微博热搜榜,,22,最想看的积压剧,剧集,热度 294211；新,,最想看的积压剧,,https://s.weibo.com/weibo?q=%23%E6%9C%80%E6%83%B3%E7%9C%8B%E7%9A%84%E7%A7%AF%E5%8E%8B%E5%89%A7%23
2026-08-03,2026-08-03T18:59:11+08:00,微博,热搜榜,微博热搜榜,,23,海底捞偶遇Karina,艺人,热度 292710,,海底捞偶遇Karina,,https://s.weibo.com/weibo?q=%23%E6%B5%B7%E5%BA%95%E6%8D%9E%E5%81%B6%E9%81%87Karina%23
2026-08-03,2026-08-03T18:59:11+08:00,微博,热搜榜,微博热搜榜,,24,iG电子竞技俱乐部公告,电竞,热度 274305；新,,iG电子竞技俱乐部公告,,https://s.weibo.com/weibo?q=%23iG%E7%94%B5%E5%AD%90%E7%AB%9E%E6%8A%80%E4%BF%B1%E4%B9%90%E9%83%A8%E5%85%AC%E5%91%8A%23
2026-08-03,2026-08-03T18:59:11+08:00,微博,热搜榜,微博热搜榜,,25,原来自己很少睡过舒服觉,健康医疗,热度 273218,,原来自己很少睡过舒服觉,,https://s.weibo.com/weibo?q=%23%E5%8E%9F%E6%9D%A5%E8%87%AA%E5%B7%B1%E5%BE%88%E5%B0%91%E7%9D%A1%E8%BF%87%E8%88%92%E6%9C%8D%E8%A7%89%23
2026-08-03,2026-08-03T18:59:11+08:00,微博,热搜榜,微博热搜榜,,26,网友在家偶遇白鹿,艺人,热度 269570,,网友在家偶遇白鹿,['白鹿'],https://s.weibo.com/weibo?q=%23%E7%BD%91%E5%8F%8B%E5%9C%A8%E5%AE%B6%E5%81%B6%E9%81%87%E7%99%BD%E9%B9%BF%23
2026-08-03,2026-08-03T18:59:11+08:00,微博,热搜榜,微博热搜榜,,27,这一秒过火,剧集,热度 239829；新,,这一秒过火,剧集,https://s.weibo.com/weibo?q=%23%E8%BF%99%E4%B8%80%E7%A7%92%E8%BF%87%E7%81%AB%23
2026-08-03,2026-08-03T18:59:11+08:00,微博,热搜榜,微博热搜榜,,28,30岁后面临的人生困局,情感,热度 228200；新,,30岁后面临的人生困局,,https://s.weibo.com/weibo?q=%2330%E5%B2%81%E5%90%8E%E9%9D%A2%E4%B8%B4%E7%9A%84%E4%BA%BA%E7%94%9F%E5%9B%B0%E5%B1%80%23
2026-08-03,2026-08-03T18:59:11+08:00,微博,热搜榜,微博热搜榜,,29,起底竹知了事件背后黑手,民生新闻,热度 226482；新,,起底竹知了事件背后黑手,,https://s.weibo.com/weibo?q=%23%E8%B5%B7%E5%BA%95%E7%AB%B9%E7%9F%A5%E4%BA%86%E4%BA%8B%E4%BB%B6%E8%83%8C%E5%90%8E%E9%BB%91%E6%89%8B%23
2026-08-03,2026-08-03T18:59:11+08:00,微博,热搜榜,微博热搜榜,,30,车主投诉5万旧车换电池需9万,"汽车,民生新闻",热度 224585,,车主投诉5万旧车换电池需9万,,https://s.weibo.com/weibo?q=%23%E8%BD%A6%E4%B8%BB%E6%8A%95%E8%AF%895%E4%B8%87%E6%97%A7%E8%BD%A6%E6%8D%A2%E7%94%B5%E6%B1%A0%E9%9C%809%E4%B8%87%23
2026-08-03,2026-08-03T18:59:11+08:00,微博,热搜榜,微博热搜榜,,31,姜潮麦迪娜终于要办婚礼了,艺人,热度 222860,,姜潮麦迪娜终于要办婚礼了,"['姜潮', '麦迪娜']",https://s.weibo.com/weibo?q=%23%E5%A7%9C%E6%BD%AE%E9%BA%A6%E8%BF%AA%E5%A8%9C%E7%BB%88%E4%BA%8E%E8%A6%81%E5%8A%9E%E5%A9%9A%E7%A4%BC%E4%BA%86%23
2026-08-03,2026-08-03T18:59:11+08:00,微博,热搜榜,微博热搜榜,,32,婚外胚胎案丈夫多次展示假结婚证,舆论监督,热度 221603；新,,婚外胚胎案丈夫多次展示假结婚证,,https://s.weibo.com/weibo?q=%23%E5%A9%9A%E5%A4%96%E8%83%9A%E8%83%8E%E6%A1%88%E4%B8%88%E5%A4%AB%E5%A4%9A%E6%AC%A1%E5%B1%95%E7%A4%BA%E5%81%87%E7%BB%93%E5%A9%9A%E8%AF%81%23
2026-08-03,2026-08-03T18:59:11+08:00,微博,热搜榜,微博热搜榜,,33,王嘉尔粉丝指蔡徐坤抄袭红手套,艺人,热度 220030；新,,王嘉尔粉丝指蔡徐坤抄袭红手套,"['蔡徐坤', '王嘉尔']",https://s.weibo.com/weibo?q=%23%E7%8E%8B%E5%98%89%E5%B0%94%E7%B2%89%E4%B8%9D%E6%8C%87%E8%94%A1%E5%BE%90%E5%9D%A4%E6%8A%84%E8%A2%AD%E7%BA%A2%E6%89%8B%E5%A5%97%23
2026-08-03,2026-08-03T18:59:11+08:00,微博,热搜榜,微博热搜榜,,34,金鹰奖,艺人,热度 218953,,金鹰奖,,https://s.weibo.com/weibo?q=%23%E9%87%91%E9%B9%B0%E5%A5%96%23
2026-08-03,2026-08-03T18:59:11+08:00,微博,热搜榜,微博热搜榜,,35,现在年轻人已经克服异地了,情感,热度 217885,,现在年轻人已经克服异地了,,https://s.weibo.com/weibo?q=%23%E7%8E%B0%E5%9C%A8%E5%B9%B4%E8%BD%BB%E4%BA%BA%E5%B7%B2%E7%BB%8F%E5%85%8B%E6%9C%8D%E5%BC%82%E5%9C%B0%E4%BA%86%23
2026-08-03,2026-08-03T18:59:11+08:00,微博,热搜榜,微博热搜榜,,36,20岁李嫣近照,艺人,热度 209934,,20岁李嫣近照,['李嫣'],https://s.weibo.com/weibo?q=%2320%E5%B2%81%E6%9D%8E%E5%AB%A3%E8%BF%91%E7%85%A7%23
2026-08-03,2026-08-03T18:59:11+08:00,微博,热搜榜,微博热搜榜,,37,我小时候全撕了一点一点撒的算什么,幽默,热度 196450；新,,我小时候全撕了一点一点撒的算什么,,https://s.weibo.com/weibo?q=%23%E6%88%91%E5%B0%8F%E6%97%B6%E5%80%99%E5%85%A8%E6%92%95%E4%BA%86%E4%B8%80%E7%82%B9%E4%B8%80%E7%82%B9%E6%92%92%E7%9A%84%E7%AE%97%E4%BB%80%E4%B9%88%23
2026-08-03,2026-08-03T18:59:11+08:00,微博,热搜榜,微博热搜榜,,38,九门,剧集,热度 194460；新,,九门,剧集,https://s.weibo.com/weibo?q=%23%E4%B9%9D%E9%97%A8%23
2026-08-03,2026-08-03T18:59:11+08:00,微博,热搜榜,微博热搜榜,,39,女儿考上北大 请大家喝水,情感,热度 194268,,女儿考上北大 请大家喝水,,https://s.weibo.com/weibo?q=%23%E5%A5%B3%E5%84%BF%E8%80%83%E4%B8%8A%E5%8C%97%E5%A4%A7%20%E8%AF%B7%E5%A4%A7%E5%AE%B6%E5%96%9D%E6%B0%B4%23
2026-08-03,2026-08-03T18:59:11+08:00,微博,热搜榜,微博热搜榜,,40,时代少年团加冠礼收官场出图,艺人,热度 182497；新,,时代少年团加冠礼收官场出图,['时代少年团'],https://s.weibo.com/weibo?q=%23%E6%97%B6%E4%BB%A3%E5%B0%91%E5%B9%B4%E5%9B%A2%E5%8A%A0%E5%86%A0%E7%A4%BC%E6%94%B6%E5%AE%98%E5%9C%BA%E5%87%BA%E5%9B%BE%23
2026-08-03,2026-08-03T18:59:11+08:00,微博,热搜榜,微博热搜榜,,41,装修最后悔的是哪件事,休闲,热度 166114,,装修最后悔的是哪件事,,https://s.weibo.com/weibo?q=%23%E8%A3%85%E4%BF%AE%E6%9C%80%E5%90%8E%E6%82%94%E7%9A%84%E6%98%AF%E5%93%AA%E4%BB%B6%E4%BA%8B%23
2026-08-03,2026-08-03T18:59:11+08:00,微博,热搜榜,微博热搜榜,,42,原来AI道德感这么强,幽默,热度 162072；新,,原来AI道德感这么强,,https://s.weibo.com/weibo?q=%23%E5%8E%9F%E6%9D%A5AI%E9%81%93%E5%BE%B7%E6%84%9F%E8%BF%99%E4%B9%88%E5%BC%BA%23
2026-08-03,2026-08-03T18:59:11+08:00,微博,热搜榜,微博热搜榜,,43,午睡悲伤综合征,情感,热度 161218,,午睡悲伤综合征,,https://s.weibo.com/weibo?q=%23%E5%8D%88%E7%9D%A1%E6%82%B2%E4%BC%A4%E7%BB%BC%E5%90%88%E5%BE%81%23
2026-08-03,2026-08-03T18:59:11+08:00,微博,热搜榜,微博热搜榜,,44,功夫女足上映24天票房逆跌,电影,热度 160186；新,,功夫女足上映24天票房逆跌,电影,https://s.weibo.com/weibo?q=%23%E5%8A%9F%E5%A4%AB%E5%A5%B3%E8%B6%B3%E4%B8%8A%E6%98%A024%E5%A4%A9%E7%A5%A8%E6%88%BF%E9%80%86%E8%B7%8C%23
2026-08-03,2026-08-03T18:59:11+08:00,微博,热搜榜,微博热搜榜,,45,易烊千玺 打码更糟糕了,艺人,热度 149288,,易烊千玺 打码更糟糕了,['易烊千玺'],https://s.weibo.com/weibo?q=%23%E6%98%93%E7%83%8A%E5%8D%83%E7%8E%BA%20%E6%89%93%E7%A0%81%E6%9B%B4%E7%B3%9F%E7%B3%95%E4%BA%86%23
2026-08-03,2026-08-03T18:59:11+08:00,微博,热搜榜,微博热搜榜,,46,国际乒联第32周世排,体育,热度 149280；新,,国际乒联第32周世排,,https://s.weibo.com/weibo?q=%23%E5%9B%BD%E9%99%85%E4%B9%92%E8%81%94%E7%AC%AC32%E5%91%A8%E4%B8%96%E6%8E%92%23
2026-08-03,2026-08-03T18:59:11+08:00,微博,热搜榜,微博热搜榜,,47,锦月如歌引韩网热议,剧集,热度 149204；新,,锦月如歌引韩网热议,剧集,https://s.weibo.com/weibo?q=%23%E9%94%A6%E6%9C%88%E5%A6%82%E6%AD%8C%E5%BC%95%E9%9F%A9%E7%BD%91%E7%83%AD%E8%AE%AE%23
2026-08-03,2026-08-03T18:59:11+08:00,微博,热搜榜,微博热搜榜,,48,DeepSeek 埋头苦干拿出大家伙,互联网,热度 149138；新,,DeepSeek 埋头苦干拿出大家伙,,https://s.weibo.com/weibo?q=%23DeepSeek%20%E5%9F%8B%E5%A4%B4%E8%8B%A6%E5%B9%B2%E6%8B%BF%E5%87%BA%E5%A4%A7%E5%AE%B6%E4%BC%99%23
2026-08-03,2026-08-03T18:59:11+08:00,微博,热搜榜,微博热搜榜,,49,荣耀机器人手机开箱,数码,热度 149088,,荣耀机器人手机开箱,,https://s.weibo.com/weibo?q=%23%E8%8D%A3%E8%80%80%E6%9C%BA%E5%99%A8%E4%BA%BA%E6%89%8B%E6%9C%BA%E5%BC%80%E7%AE%B1%23
2026-08-03,2026-08-03T18:59:11+08:00,微博,热搜榜,微博热搜榜,,50,宗继昌联合杜建英新设食品公司,财经,热度 149073；新,,宗继昌联合杜建英新设食品公司,,https://s.weibo.com/weibo?q=%23%E5%AE%97%E7%BB%A7%E6%98%8C%E8%81%94%E5%90%88%E6%9D%9C%E5%BB%BA%E8%8B%B1%E6%96%B0%E8%AE%BE%E9%A3%9F%E5%93%81%E5%85%AC%E5%8F%B8%23
2026-08-03,2026-08-03T18:59:11+08:00,微博,文娱热搜榜,微博热搜榜-文娱条目,,1,迪丽热巴李慧珍下沉口碑,剧集,总榜排名 9；热度 391689,,迪丽热巴李慧珍下沉口碑,剧集,https://s.weibo.com/weibo?q=%23%E8%BF%AA%E4%B8%BD%E7%83%AD%E5%B7%B4%E6%9D%8E%E6%85%A7%E7%8F%8D%E4%B8%8B%E6%B2%89%E5%8F%A3%E7%A2%91%23
2026-08-03,2026-08-03T18:59:11+08:00,微博,文娱热搜榜,微博热搜榜-文娱条目,,2,RedVelvet回归主打曲MV,音乐,总榜排名 10；热度 389742；新,,RedVelvet回归主打曲MV,音乐,https://s.weibo.com/weibo?q=%23RedVelvet%E5%9B%9E%E5%BD%92%E4%B8%BB%E6%89%93%E6%9B%B2MV%23
2026-08-03,2026-08-03T18:59:11+08:00,微博,文娱热搜榜,微博热搜榜-文娱条目,,3,罗正 千万存款,艺人,总榜排名 12；热度 385356；热,,罗正 千万存款,['罗正'],https://s.weibo.com/weibo?q=%23%E7%BD%97%E6%AD%A3%20%E5%8D%83%E4%B8%87%E5%AD%98%E6%AC%BE%23
2026-08-03,2026-08-03T18:59:11+08:00,微博,文娱热搜榜,微博热搜榜-文娱条目,,4,章泽天比刘亦菲还像刘亦菲妈妈,艺人,总榜排名 14；热度 380065；新,,章泽天比刘亦菲还像刘亦菲妈妈,,https://s.weibo.com/weibo?q=%23%E7%AB%A0%E6%B3%BD%E5%A4%A9%E6%AF%94%E5%88%98%E4%BA%A6%E8%8F%B2%E8%BF%98%E5%83%8F%E5%88%98%E4%BA%A6%E8%8F%B2%E5%A6%88%E5%A6%88%23
2026-08-03,2026-08-03T18:59:11+08:00,微博,文娱热搜榜,微博热搜榜-文娱条目,,5,李希侃为罗正发声,艺人,总榜排名 17；热度 346450；新,,李希侃为罗正发声,"['李希侃', '罗正']",https://s.weibo.com/weibo?q=%23%E6%9D%8E%E5%B8%8C%E4%BE%83%E4%B8%BA%E7%BD%97%E6%AD%A3%E5%8F%91%E5%A3%B0%23
2026-08-03,2026-08-03T18:59:11+08:00,微博,文娱热搜榜,微博热搜榜-文娱条目,,6,霍仙姑 傀儡,剧集,总榜排名 19；热度 298501,,霍仙姑 傀儡,剧集,https://s.weibo.com/weibo?q=%23%E9%9C%8D%E4%BB%99%E5%A7%91%20%E5%82%80%E5%84%A1%23
2026-08-03,2026-08-03T18:59:11+08:00,微博,文娱热搜榜,微博热搜榜-文娱条目,,7,最想看的积压剧,剧集,总榜排名 22；热度 294211；新,,最想看的积压剧,,https://s.weibo.com/weibo?q=%23%E6%9C%80%E6%83%B3%E7%9C%8B%E7%9A%84%E7%A7%AF%E5%8E%8B%E5%89%A7%23
2026-08-03,2026-08-03T18:59:11+08:00,微博,文娱热搜榜,微博热搜榜-文娱条目,,8,海底捞偶遇Karina,艺人,总榜排名 23；热度 292710,,海底捞偶遇Karina,,https://s.weibo.com/weibo?q=%23%E6%B5%B7%E5%BA%95%E6%8D%9E%E5%81%B6%E9%81%87Karina%23
2026-08-03,2026-08-03T18:59:11+08:00,微博,文娱热搜榜,微博热搜榜-文娱条目,,9,网友在家偶遇白鹿,艺人,总榜排名 26；热度 269570,,网友在家偶遇白鹿,['白鹿'],https://s.weibo.com/weibo?q=%23%E7%BD%91%E5%8F%8B%E5%9C%A8%E5%AE%B6%E5%81%B6%E9%81%87%E7%99%BD%E9%B9%BF%23
2026-08-03,2026-08-03T18:59:11+08:00,微博,文娱热搜榜,微博热搜榜-文娱条目,,10,这一秒过火,剧集,总榜排名 27；热度 239829；新,,这一秒过火,剧集,https://s.weibo.com/weibo?q=%23%E8%BF%99%E4%B8%80%E7%A7%92%E8%BF%87%E7%81%AB%23
2026-08-03,2026-08-03T18:59:11+08:00,微博,文娱热搜榜,微博热搜榜-文娱条目,,11,姜潮麦迪娜终于要办婚礼了,艺人,总榜排名 31；热度 222860,,姜潮麦迪娜终于要办婚礼了,"['姜潮', '麦迪娜']",https://s.weibo.com/weibo?q=%23%E5%A7%9C%E6%BD%AE%E9%BA%A6%E8%BF%AA%E5%A8%9C%E7%BB%88%E4%BA%8E%E8%A6%81%E5%8A%9E%E5%A9%9A%E7%A4%BC%E4%BA%86%23
2026-08-03,2026-08-03T18:59:11+08:00,微博,文娱热搜榜,微博热搜榜-文娱条目,,12,王嘉尔粉丝指蔡徐坤抄袭红手套,艺人,总榜排名 33；热度 220030；新,,王嘉尔粉丝指蔡徐坤抄袭红手套,"['蔡徐坤', '王嘉尔']",https://s.weibo.com/weibo?q=%23%E7%8E%8B%E5%98%89%E5%B0%94%E7%B2%89%E4%B8%9D%E6%8C%87%E8%94%A1%E5%BE%90%E5%9D%A4%E6%8A%84%E8%A2%AD%E7%BA%A2%E6%89%8B%E5%A5%97%23
2026-08-03,2026-08-03T18:59:11+08:00,微博,文娱热搜榜,微博热搜榜-文娱条目,,13,金鹰奖,艺人,总榜排名 34；热度 218953,,金鹰奖,,https://s.weibo.com/weibo?q=%23%E9%87%91%E9%B9%B0%E5%A5%96%23
2026-08-03,2026-08-03T18:59:11+08:00,微博,文娱热搜榜,微博热搜榜-文娱条目,,14,20岁李嫣近照,艺人,总榜排名 36；热度 209934,,20岁李嫣近照,['李嫣'],https://s.weibo.com/weibo?q=%2320%E5%B2%81%E6%9D%8E%E5%AB%A3%E8%BF%91%E7%85%A7%23
2026-08-03,2026-08-03T18:59:11+08:00,微博,文娱热搜榜,微博热搜榜-文娱条目,,15,九门,剧集,总榜排名 38；热度 194460；新,,九门,剧集,https://s.weibo.com/weibo?q=%23%E4%B9%9D%E9%97%A8%23
2026-08-03,2026-08-03T18:59:11+08:00,微博,文娱热搜榜,微博热搜榜-文娱条目,,16,时代少年团加冠礼收官场出图,艺人,总榜排名 40；热度 182497；新,,时代少年团加冠礼收官场出图,['时代少年团'],https://s.weibo.com/weibo?q=%23%E6%97%B6%E4%BB%A3%E5%B0%91%E5%B9%B4%E5%9B%A2%E5%8A%A0%E5%86%A0%E7%A4%BC%E6%94%B6%E5%AE%98%E5%9C%BA%E5%87%BA%E5%9B%BE%23
2026-08-03,2026-08-03T18:59:11+08:00,微博,文娱热搜榜,微博热搜榜-文娱条目,,17,功夫女足上映24天票房逆跌,电影,总榜排名 44；热度 160186；新,,功夫女足上映24天票房逆跌,电影,https://s.weibo.com/weibo?q=%23%E5%8A%9F%E5%A4%AB%E5%A5%B3%E8%B6%B3%E4%B8%8A%E6%98%A024%E5%A4%A9%E7%A5%A8%E6%88%BF%E9%80%86%E8%B7%8C%23
2026-08-03,2026-08-03T18:59:11+08:00,微博,文娱热搜榜,微博热搜榜-文娱条目,,18,易烊千玺 打码更糟糕了,艺人,总榜排名 45；热度 149288,,易烊千玺 打码更糟糕了,['易烊千玺'],https://s.weibo.com/weibo?q=%23%E6%98%93%E7%83%8A%E5%8D%83%E7%8E%BA%20%E6%89%93%E7%A0%81%E6%9B%B4%E7%B3%9F%E7%B3%95%E4%BA%86%23
2026-08-03,2026-08-03T18:59:11+08:00,微博,文娱热搜榜,微博热搜榜-文娱条目,,19,锦月如歌引韩网热议,剧集,总榜排名 47；热度 149204；新,,锦月如歌引韩网热议,剧集,https://s.weibo.com/weibo?q=%23%E9%94%A6%E6%9C%88%E5%A6%82%E6%AD%8C%E5%BC%95%E9%9F%A9%E7%BD%91%E7%83%AD%E8%AE%AE%23
