snapshot_date,captured_at,platform,chart,official_chart,platform_date,rank,song_name,artist,chart_metric,duration,song_id,album_id,source_url
2026-08-07,2026-08-07T11:19:20+08:00,QQ音乐,热歌榜,热歌榜,2026-08-07,1,恋人,李荣浩,上升 2,,496054946,004HaG7p4ZkhXA,https://y.qq.com/n/ryqq/toplist/26
2026-08-07,2026-08-07T11:19:20+08:00,QQ音乐,热歌榜,热歌榜,2026-08-07,2,甲乙丙丁 (你我怎么两清),李佳薇,上升 2,,696262512,00446QRA1fTdqA,https://y.qq.com/n/ryqq/toplist/26
2026-08-07,2026-08-07T11:19:20+08:00,QQ音乐,热歌榜,热歌榜,2026-08-07,3,失眠,Suki刘舒妤,上升 2,,4733575,002xCeeN4EJ1Ke,https://y.qq.com/n/ryqq/toplist/26
2026-08-07,2026-08-07T11:19:20+08:00,QQ音乐,热歌榜,热歌榜,2026-08-07,4,雨爱,杨丞琳,上升 2,,645819,000jcKFG0sQrD0,https://y.qq.com/n/ryqq/toplist/26
2026-08-07,2026-08-07T11:19:20+08:00,QQ音乐,热歌榜,热歌榜,2026-08-07,5,我怀念的,孙燕姿,上升 2,,5211338,000P3l050Olt27,https://y.qq.com/n/ryqq/toplist/26
2026-08-07,2026-08-07T11:19:20+08:00,QQ音乐,热歌榜,热歌榜,2026-08-07,6,爱错,王力宏,上升 2,,105905415,002ElVxf43rOue,https://y.qq.com/n/ryqq/toplist/26
2026-08-07,2026-08-07T11:19:20+08:00,QQ音乐,热歌榜,热歌榜,2026-08-07,7,碎碎念,队长,上升 3,,448738462,000DTFwk0oV4YR,https://y.qq.com/n/ryqq/toplist/26
2026-08-07,2026-08-07T11:19:20+08:00,QQ音乐,热歌榜,热歌榜,2026-08-07,8,阴天,莫文蔚,上升 1,,4830345,000hTTJN3oScZr,https://y.qq.com/n/ryqq/toplist/26
2026-08-07,2026-08-07T11:19:20+08:00,QQ音乐,热歌榜,热歌榜,2026-08-07,9,Always Online,林俊杰,上升 4,,447257,002g6zv02X7SNi,https://y.qq.com/n/ryqq/toplist/26
2026-08-07,2026-08-07T11:19:20+08:00,QQ音乐,热歌榜,热歌榜,2026-08-07,10,情歌,梁静茹,上升 7,,462188,002E4IXe1ESUij,https://y.qq.com/n/ryqq/toplist/26
2026-08-07,2026-08-07T11:19:20+08:00,QQ音乐,热歌榜,热歌榜,2026-08-07,11,特别的人,方大同,上升 4,,5293866,000GvdTR0qcKh8,https://y.qq.com/n/ryqq/toplist/26
2026-08-07,2026-08-07T11:19:20+08:00,QQ音乐,热歌榜,热歌榜,2026-08-07,12,盛夏的果实,莫文蔚,上升 7,,4830161,000KeV8l1PIjxt,https://y.qq.com/n/ryqq/toplist/26
2026-08-07,2026-08-07T11:19:20+08:00,QQ音乐,热歌榜,热歌榜,2026-08-07,13,ANGEL (天使),尹美莱 (윤미래)/Tiger JK/Bizzy (비지),上升 1,,101138130,000qiKcT05rSr9,https://y.qq.com/n/ryqq/toplist/26
2026-08-07,2026-08-07T11:19:20+08:00,QQ音乐,热歌榜,热歌榜,2026-08-07,14,雨过后的风景,Dizzy Dizzo (蔡诗芸),下降 2,,1960263,0038xSkp1EcVBf,https://y.qq.com/n/ryqq/toplist/26
2026-08-07,2026-08-07T11:19:20+08:00,QQ音乐,热歌榜,热歌榜,2026-08-07,15,唯一,G.E.M. 邓紫棋,上升 1,,438910555,002d6m7k0xCbSv,https://y.qq.com/n/ryqq/toplist/26
2026-08-07,2026-08-07T11:19:20+08:00,QQ音乐,热歌榜,热歌榜,2026-08-07,16,无人之岛,任然,下降 5,,203452364,002lMPc30c4rOO,https://y.qq.com/n/ryqq/toplist/26
2026-08-07,2026-08-07T11:19:20+08:00,QQ音乐,热歌榜,热歌榜,2026-08-07,17,演员,薛之谦,上升 3,,102636799,003y8dsH2wBHlo,https://y.qq.com/n/ryqq/toplist/26
2026-08-07,2026-08-07T11:19:20+08:00,QQ音乐,热歌榜,热歌榜,2026-08-07,18,红色高跟鞋,蔡健雅,上升 3,,624649,002dOge41xlS8x,https://y.qq.com/n/ryqq/toplist/26
2026-08-07,2026-08-07T11:19:20+08:00,QQ音乐,热歌榜,热歌榜,2026-08-07,19,樱花草,Sweety,下降 1,,481456,000pKXff1doeOd,https://y.qq.com/n/ryqq/toplist/26
2026-08-07,2026-08-07T11:19:20+08:00,QQ音乐,热歌榜,热歌榜,2026-08-07,20,我不难过,孙燕姿,上升 2,,8136,004VSvF52mQoQp,https://y.qq.com/n/ryqq/toplist/26
2026-08-07,2026-08-07T11:19:20+08:00,QQ音乐,热歌榜,热歌榜,2026-08-07,21,春娇与志明,街道办GDC/欧阳耀莹,上升 2,,205357640,000lrXyA0MlEEo,https://y.qq.com/n/ryqq/toplist/26
2026-08-07,2026-08-07T11:19:20+08:00,QQ音乐,热歌榜,热歌榜,2026-08-07,22,江南,林俊杰,上升 2,,9063002,000y5gq7449K9I,https://y.qq.com/n/ryqq/toplist/26
2026-08-07,2026-08-07T11:19:20+08:00,QQ音乐,热歌榜,热歌榜,2026-08-07,23,我们俩,郭顶,上升 2,,105413206,003sMyYb4HZAAz,https://y.qq.com/n/ryqq/toplist/26
2026-08-07,2026-08-07T11:19:20+08:00,QQ音乐,热歌榜,热歌榜,2026-08-07,24,其实,薛之谦,上升 3,,104775877,000QgFcm0v8WaF,https://y.qq.com/n/ryqq/toplist/26
2026-08-07,2026-08-07T11:19:20+08:00,QQ音乐,热歌榜,热歌榜,2026-08-07,25,讨厌,芮恩,上升 8,,138194,001EFkTG1wgW4n,https://y.qq.com/n/ryqq/toplist/26
2026-08-07,2026-08-07T11:19:20+08:00,QQ音乐,热歌榜,热歌榜,2026-08-07,26,偏爱,张芸京,上升 5,,473137,003ha6C92GRuVE,https://y.qq.com/n/ryqq/toplist/26
2026-08-07,2026-08-07T11:19:20+08:00,QQ音乐,热歌榜,热歌榜,2026-08-07,27,泪海,许茹芸,下降 1,,106585340,001Ugmj01giuzO,https://y.qq.com/n/ryqq/toplist/26
2026-08-07,2026-08-07T11:19:20+08:00,QQ音乐,热歌榜,热歌榜,2026-08-07,28,开始懂了,孙燕姿,上升 1,,5646,004KRIQr1oCp2A,https://y.qq.com/n/ryqq/toplist/26
2026-08-07,2026-08-07T11:19:20+08:00,QQ音乐,热歌榜,热歌榜,2026-08-07,29,心墙,郭静,上升 1,,474797,003EHcB24J8t9Z,https://y.qq.com/n/ryqq/toplist/26
2026-08-07,2026-08-07T11:19:20+08:00,QQ音乐,热歌榜,热歌榜,2026-08-07,30,多远都要在一起,G.E.M. 邓紫棋,上升 4,,102174489,003c616O2Zlswm,https://y.qq.com/n/ryqq/toplist/26
2026-08-07,2026-08-07T11:19:20+08:00,QQ音乐,热歌榜,热歌榜,2026-08-07,31,富士山下,陈奕迅,下降 3,,260678,004Z85XP1c25b7,https://y.qq.com/n/ryqq/toplist/26
2026-08-07,2026-08-07T11:19:20+08:00,QQ音乐,热歌榜,热歌榜,2026-08-07,32,美人鱼,林俊杰,上升 4,,95292,000y5gq7449K9I,https://y.qq.com/n/ryqq/toplist/26
2026-08-07,2026-08-07T11:19:20+08:00,QQ音乐,热歌榜,热歌榜,2026-08-07,33,刻在我心底的名字,卢广仲,下降 1,,316472364,004QG0W52P5GUq,https://y.qq.com/n/ryqq/toplist/26
2026-08-07,2026-08-07T11:19:20+08:00,QQ音乐,热歌榜,热歌榜,2026-08-07,34,离开我的依赖,王艳薇,上升 4,,253383943,004CSyAN1oc97b,https://y.qq.com/n/ryqq/toplist/26
2026-08-07,2026-08-07T11:19:20+08:00,QQ音乐,热歌榜,热歌榜,2026-08-07,35,最佳损友,陈奕迅,上升 5,,1338414,002FT46H18G1jW,https://y.qq.com/n/ryqq/toplist/26
2026-08-07,2026-08-07T11:19:20+08:00,QQ音乐,热歌榜,热歌榜,2026-08-07,36,晴天,周杰伦,上升 3,,97773,000MkMni19ClKG,https://y.qq.com/n/ryqq/toplist/26
2026-08-07,2026-08-07T11:19:20+08:00,QQ音乐,热歌榜,热歌榜,2026-08-07,37,素颜,许嵩/何曼婷,0,,101813361,0035f8nw11cjkf,https://y.qq.com/n/ryqq/toplist/26
2026-08-07,2026-08-07T11:19:20+08:00,QQ音乐,热歌榜,热歌榜,2026-08-07,38,野心家,张靓颖,上升 29,,591592617,003TmXW52e0F4P,https://y.qq.com/n/ryqq/toplist/26
2026-08-07,2026-08-07T11:19:20+08:00,QQ音乐,热歌榜,热歌榜,2026-08-07,39,坏女孩,徐良/小凌,上升 3,,7112749,002apRhZ4Bq99d,https://y.qq.com/n/ryqq/toplist/26
2026-08-07,2026-08-07T11:19:20+08:00,QQ音乐,热歌榜,热歌榜,2026-08-07,40,海阔天空,BEYOND,上升 5,,4835784,002qcJuX3lO3EZ,https://y.qq.com/n/ryqq/toplist/26
2026-08-07,2026-08-07T11:19:20+08:00,QQ音乐,热歌榜,热歌榜,2026-08-07,41,天外来物,薛之谦,上升 2,,272125057,000K9Zp13TZp5s,https://y.qq.com/n/ryqq/toplist/26
2026-08-07,2026-08-07T11:19:20+08:00,QQ音乐,热歌榜,热歌榜,2026-08-07,42,遇见,孙燕姿,上升 2,,8145,002ehzTm0TxXC2,https://y.qq.com/n/ryqq/toplist/26
2026-08-07,2026-08-07T11:19:20+08:00,QQ音乐,热歌榜,热歌榜,2026-08-07,43,金乌 Golden Bird,刘宇/Alan Walker/孙名川Chuanzi Suona,新进,,707629790,002Yi9zH2kztlV,https://y.qq.com/n/ryqq/toplist/26
2026-08-07,2026-08-07T11:19:20+08:00,QQ音乐,热歌榜,热歌榜,2026-08-07,44,明天过后,张杰,上升 19,,273032694,000pVkCf3KsUQ9,https://y.qq.com/n/ryqq/toplist/26
2026-08-07,2026-08-07T11:19:20+08:00,QQ音乐,热歌榜,热歌榜,2026-08-07,45,Beauty And A Beat,Justin Bieber/Nicki Minaj,上升 2,,1473252,002XddZv4cGsXb,https://y.qq.com/n/ryqq/toplist/26
2026-08-07,2026-08-07T11:19:20+08:00,QQ音乐,热歌榜,热歌榜,2026-08-07,46,背对背拥抱,林俊杰,0,,648231,002C0kX720gMQi,https://y.qq.com/n/ryqq/toplist/26
2026-08-07,2026-08-07T11:19:20+08:00,QQ音乐,热歌榜,热歌榜,2026-08-07,47,不将就,李荣浩,上升 2,,102367085,001fi1zG0EjU2u,https://y.qq.com/n/ryqq/toplist/26
2026-08-07,2026-08-07T11:19:20+08:00,QQ音乐,热歌榜,热歌榜,2026-08-07,48,十年,陈奕迅,上升 2,,4830342,000GDz8k03UOaI,https://y.qq.com/n/ryqq/toplist/26
2026-08-07,2026-08-07T11:19:20+08:00,QQ音乐,热歌榜,热歌榜,2026-08-07,49,The Other Side Of Paradise (Explicit),Glass Animals,下降 8,,319782348,001eucpH3ZIJnM,https://y.qq.com/n/ryqq/toplist/26
2026-08-07,2026-08-07T11:19:20+08:00,QQ音乐,热歌榜,热歌榜,2026-08-07,50,泡沫,G.E.M. 邓紫棋,下降 2,,1530858,002YFufr4bXZyI,https://y.qq.com/n/ryqq/toplist/26
2026-08-07,2026-08-07T11:19:20+08:00,QQ音乐,热歌榜,热歌榜,2026-08-07,51,Baby,Justin Bieber/Ludacris,0,,203644381,002TfnxG2yN1na,https://y.qq.com/n/ryqq/toplist/26
2026-08-07,2026-08-07T11:19:20+08:00,QQ音乐,热歌榜,热歌榜,2026-08-07,52,黄昏,周传雄,上升 10,,526713,001U6x8f2uJhig,https://y.qq.com/n/ryqq/toplist/26
2026-08-07,2026-08-07T11:19:20+08:00,QQ音乐,热歌榜,热歌榜,2026-08-07,53,瞬,郑润泽,上升 2,,422061155,001qvyI10urb5z,https://y.qq.com/n/ryqq/toplist/26
2026-08-07,2026-08-07T11:19:20+08:00,QQ音乐,热歌榜,热歌榜,2026-08-07,54,我好像在哪见过你,薛之谦,上升 17,,107439472,000dcZ9I1nzO62,https://y.qq.com/n/ryqq/toplist/26
2026-08-07,2026-08-07T11:19:20+08:00,QQ音乐,热歌榜,热歌榜,2026-08-07,55,认真的雪,薛之谦,下降 1,,1333803,003mUYW22JXKVK,https://y.qq.com/n/ryqq/toplist/26
2026-08-07,2026-08-07T11:19:20+08:00,QQ音乐,热歌榜,热歌榜,2026-08-07,56,Letting Go,蔡健雅,上升 1,,1030353,001aC9dM35U6KB,https://y.qq.com/n/ryqq/toplist/26
2026-08-07,2026-08-07T11:19:20+08:00,QQ音乐,热歌榜,热歌榜,2026-08-07,57,会呼吸的痛,梁静茹,上升 3,,411228,002oy2Mp3I8Rgo,https://y.qq.com/n/ryqq/toplist/26
2026-08-07,2026-08-07T11:19:20+08:00,QQ音乐,热歌榜,热歌榜,2026-08-07,58,晨间新闻,蔡健雅,下降 5,,102193380,001VqGlj2Oj52k,https://y.qq.com/n/ryqq/toplist/26
2026-08-07,2026-08-07T11:19:20+08:00,QQ音乐,热歌榜,热歌榜,2026-08-07,59,后会无期,徐良/汪苏泷,下降 1,,7112743,002apRhZ4Bq99d,https://y.qq.com/n/ryqq/toplist/26
2026-08-07,2026-08-07T11:19:20+08:00,QQ音乐,热歌榜,热歌榜,2026-08-07,60,勇气,梁静茹,上升 1,,4830164,001DEgPu1004bl,https://y.qq.com/n/ryqq/toplist/26
2026-08-07,2026-08-07T11:19:20+08:00,QQ音乐,热歌榜,热歌榜,2026-08-07,61,修炼爱情,林俊杰,上升 9,,5063375,001gqOnU3DTg2S,https://y.qq.com/n/ryqq/toplist/26
2026-08-07,2026-08-07T11:19:20+08:00,QQ音乐,热歌榜,热歌榜,2026-08-07,62,麦恩莉,方大同,上升 2,,2550926,000ih4iv3HCmno,https://y.qq.com/n/ryqq/toplist/26
2026-08-07,2026-08-07T11:19:20+08:00,QQ音乐,热歌榜,热歌榜,2026-08-07,63,你要的全拿走,胡彦斌,下降 4,,212808217,001eyHlv2fu50T,https://y.qq.com/n/ryqq/toplist/26
2026-08-07,2026-08-07T11:19:20+08:00,QQ音乐,热歌榜,热歌榜,2026-08-07,64,如愿,王菲,上升 10,,326584182,004Kbn3m2HV9Y3,https://y.qq.com/n/ryqq/toplist/26
2026-08-07,2026-08-07T11:19:20+08:00,QQ音乐,热歌榜,热歌榜,2026-08-07,65,爱情讯息,郭静,0,,876549,003PKZMI1Wyx1A,https://y.qq.com/n/ryqq/toplist/26
2026-08-07,2026-08-07T11:19:20+08:00,QQ音乐,热歌榜,热歌榜,2026-08-07,66,至少还有你,林忆莲,上升 6,,102204563,001JqgRv0mRHEQ,https://y.qq.com/n/ryqq/toplist/26
2026-08-07,2026-08-07T11:19:20+08:00,QQ音乐,热歌榜,热歌榜,2026-08-07,67,如果可以,韦礼安,上升 2,,330977131,003WBcyJ1siUkh,https://y.qq.com/n/ryqq/toplist/26
2026-08-07,2026-08-07T11:19:20+08:00,QQ音乐,热歌榜,热歌榜,2026-08-07,68,下完这场雨,后弦,上升 11,,108787382,004ZXlA63dZBCa,https://y.qq.com/n/ryqq/toplist/26
2026-08-07,2026-08-07T11:19:20+08:00,QQ音乐,热歌榜,热歌榜,2026-08-07,69,知了,陈默之,上升 22,,482500528,000fHDnB1K1Hcf,https://y.qq.com/n/ryqq/toplist/26
2026-08-07,2026-08-07T11:19:20+08:00,QQ音乐,热歌榜,热歌榜,2026-08-07,70,我们的歌,王力宏,上升 6,,102193483,002Zwh5p4HgecI,https://y.qq.com/n/ryqq/toplist/26
2026-08-07,2026-08-07T11:19:20+08:00,QQ音乐,热歌榜,热歌榜,2026-08-07,71,可不可以,张紫豪,上升 4,,213958134,004VR1w241uBhB,https://y.qq.com/n/ryqq/toplist/26
2026-08-07,2026-08-07T11:19:20+08:00,QQ音乐,热歌榜,热歌榜,2026-08-07,72,人间共鸣,李健,下降 6,,641742655,003RVJjp1svtyz,https://y.qq.com/n/ryqq/toplist/26
2026-08-07,2026-08-07T11:19:20+08:00,QQ音乐,热歌榜,热歌榜,2026-08-07,73,最后一页,江语晨,0,,721636,003FO4XF40Ky8L,https://y.qq.com/n/ryqq/toplist/26
2026-08-07,2026-08-07T11:19:20+08:00,QQ音乐,热歌榜,热歌榜,2026-08-07,74,出现又离开 (Live),梁博,上升 14,,231594573,000eQZ1q4g6AsF,https://y.qq.com/n/ryqq/toplist/26
2026-08-07,2026-08-07T11:19:20+08:00,QQ音乐,热歌榜,热歌榜,2026-08-07,75,第57次取消发送,菲菲公主（陆绮菲）,上升 14,,560063927,000KrDC019mc82,https://y.qq.com/n/ryqq/toplist/26
2026-08-07,2026-08-07T11:19:20+08:00,QQ音乐,热歌榜,热歌榜,2026-08-07,76,冷夜,陈默之,下降 20,,467646860,003ILMG04IvA9R,https://y.qq.com/n/ryqq/toplist/26
2026-08-07,2026-08-07T11:19:20+08:00,QQ音乐,热歌榜,热歌榜,2026-08-07,77,游向陆地的鱼,梓渝,下降 76,,713542649,0035Y3b01o1BsG,https://y.qq.com/n/ryqq/toplist/26
2026-08-07,2026-08-07T11:19:20+08:00,QQ音乐,热歌榜,热歌榜,2026-08-07,78,空心,光泽,上升 29,,200390803,001vjIoV01nThA,https://y.qq.com/n/ryqq/toplist/26
2026-08-07,2026-08-07T11:19:20+08:00,QQ音乐,热歌榜,热歌榜,2026-08-07,79,倒数,G.E.M. 邓紫棋,下降 1,,215540451,003cKIKZ1J4Yyu,https://y.qq.com/n/ryqq/toplist/26
2026-08-07,2026-08-07T11:19:20+08:00,QQ音乐,热歌榜,热歌榜,2026-08-07,80,你不知道的事,王力宏,上升 32,,740362,002iWU6B2ZvA8V,https://y.qq.com/n/ryqq/toplist/26
2026-08-07,2026-08-07T11:19:20+08:00,QQ音乐,热歌榜,热歌榜,2026-08-07,81,我知道,BY2,下降 4,,470336,001P410a0Iq4K0,https://y.qq.com/n/ryqq/toplist/26
2026-08-07,2026-08-07T11:19:20+08:00,QQ音乐,热歌榜,热歌榜,2026-08-07,82,句号,G.E.M. 邓紫棋,上升 10,,247347346,0049MVh824D7bM,https://y.qq.com/n/ryqq/toplist/26
2026-08-07,2026-08-07T11:19:20+08:00,QQ音乐,热歌榜,热歌榜,2026-08-07,83,无名的人,毛不易,上升 2,,336582682,002mPgSG01LLtu,https://y.qq.com/n/ryqq/toplist/26
2026-08-07,2026-08-07T11:19:20+08:00,QQ音乐,热歌榜,热歌榜,2026-08-07,84,下一个天亮,郭静,上升 11,,876541,003PKZMI1Wyx1A,https://y.qq.com/n/ryqq/toplist/26
2026-08-07,2026-08-07T11:19:20+08:00,QQ音乐,热歌榜,热歌榜,2026-08-07,85,爱我还是他,陶喆,下降 3,,7211247,003ofGzS3C23Ow,https://y.qq.com/n/ryqq/toplist/26
2026-08-07,2026-08-07T11:19:20+08:00,QQ音乐,热歌榜,热歌榜,2026-08-07,86,青花,周传雄,0,,102204539,001Vj7aX0PixwV,https://y.qq.com/n/ryqq/toplist/26
2026-08-07,2026-08-07T11:19:20+08:00,QQ音乐,热歌榜,热歌榜,2026-08-07,87,Dehors (Live),Jordann,下降 52,,457608824,00373oN248uprz,https://y.qq.com/n/ryqq/toplist/26
2026-08-07,2026-08-07T11:19:20+08:00,QQ音乐,热歌榜,热歌榜,2026-08-07,88,有何不可,许嵩,下降 7,,102296985,002KSDg90IaScI,https://y.qq.com/n/ryqq/toplist/26
2026-08-07,2026-08-07T11:19:20+08:00,QQ音乐,热歌榜,热歌榜,2026-08-07,89,愿与愁,林俊杰,下降 9,,405007729,004ZOIop1doXru,https://y.qq.com/n/ryqq/toplist/26
2026-08-07,2026-08-07T11:19:20+08:00,QQ音乐,热歌榜,热歌榜,2026-08-07,90,一样的月光,徐佳莹,下降 7,,7063423,000cchEp2CGNEf,https://y.qq.com/n/ryqq/toplist/26
2026-08-07,2026-08-07T11:19:20+08:00,QQ音乐,热歌榜,热歌榜,2026-08-07,91,红尘客栈,周杰伦,下降 4,,5177680,003Ow85E3pnoqi,https://y.qq.com/n/ryqq/toplist/26
2026-08-07,2026-08-07T11:19:20+08:00,QQ音乐,热歌榜,热歌榜,2026-08-07,92,同花顺,林倛玉,下降 8,,103970682,004789lA4cH3Kq,https://y.qq.com/n/ryqq/toplist/26
2026-08-07,2026-08-07T11:19:20+08:00,QQ音乐,热歌榜,热歌榜,2026-08-07,93,那些你很冒险的梦,林俊杰,0,,102388808,002PQCmo2azasb,https://y.qq.com/n/ryqq/toplist/26
2026-08-07,2026-08-07T11:19:20+08:00,QQ音乐,热歌榜,热歌榜,2026-08-07,94,玻璃,Gareth.T,上升 49,,666124541,002kIED92uw8L5,https://y.qq.com/n/ryqq/toplist/26
2026-08-07,2026-08-07T11:19:20+08:00,QQ音乐,热歌榜,热歌榜,2026-08-07,95,半壶纱,刘珂矣,下降 5,,7048773,0009EZjm1c7iQe,https://y.qq.com/n/ryqq/toplist/26
2026-08-07,2026-08-07T11:19:20+08:00,QQ音乐,热歌榜,热歌榜,2026-08-07,96,一个人想着一个人,曾沛慈,下降 2,,4716045,003wP0m32WRVql,https://y.qq.com/n/ryqq/toplist/26
2026-08-07,2026-08-07T11:19:20+08:00,QQ音乐,热歌榜,热歌榜,2026-08-07,97,后来,刘若英,0,,4830150,0017zqT34WuQwa,https://y.qq.com/n/ryqq/toplist/26
2026-08-07,2026-08-07T11:19:20+08:00,QQ音乐,热歌榜,热歌榜,2026-08-07,98,IF YOU,BIGBANG (빅뱅),下降 2,,102793935,001xpUdt2jEjWu,https://y.qq.com/n/ryqq/toplist/26
2026-08-07,2026-08-07T11:19:20+08:00,QQ音乐,热歌榜,热歌榜,2026-08-07,99,失控,井迪,上升 7,,284945036,0014Iqfp1PMAbs,https://y.qq.com/n/ryqq/toplist/26
2026-08-07,2026-08-07T11:19:20+08:00,QQ音乐,热歌榜,热歌榜,2026-08-07,100,Love Story,Taylor Swift,0,,639141,002Q1XUj3HBAzw,https://y.qq.com/n/ryqq/toplist/26
2026-08-07,2026-08-07T11:19:20+08:00,QQ音乐,飙升榜,飙升榜,2026-08-07,1,金乌 Golden Bird,刘宇/Alan Walker/孙名川Chuanzi Suona,热度 35%,,707629790,002Yi9zH2kztlV,https://y.qq.com/n/ryqq/toplist/62
2026-08-07,2026-08-07T11:19:20+08:00,QQ音乐,飙升榜,飙升榜,2026-08-07,2,剩下的盛夏,TFBOYS/嘻游记,热度 11%,,103751958,001rvkpT0so9Uk,https://y.qq.com/n/ryqq/toplist/62
2026-08-07,2026-08-07T11:19:20+08:00,QQ音乐,飙升榜,飙升榜,2026-08-07,3,Heart,TFBOYS,热度 11%,,7099560,004bFfZc3P0pj3,https://y.qq.com/n/ryqq/toplist/62
2026-08-07,2026-08-07T11:19:20+08:00,QQ音乐,飙升榜,飙升榜,2026-08-07,4,我好想你 (苏打绿版),苏打绿,热度 9%,,4884947,004QF5kp0jgyba,https://y.qq.com/n/ryqq/toplist/62
2026-08-07,2026-08-07T11:19:20+08:00,QQ音乐,飙升榜,飙升榜,2026-08-07,5,爱出发,TFBOYS,热度 9%,,5017451,004bFfZc3P0pj3,https://y.qq.com/n/ryqq/toplist/62
2026-08-07,2026-08-07T11:19:20+08:00,QQ音乐,飙升榜,飙升榜,2026-08-07,6,神啊 救救我,陈小春,热度 8%,,5081913,0047zn7N2OJA4x,https://y.qq.com/n/ryqq/toplist/62
2026-08-07,2026-08-07T11:19:20+08:00,QQ音乐,飙升榜,飙升榜,2026-08-07,7,青春修炼手册,TFBOYS,热度 8%,,7094168,002tiWru4dhByO,https://y.qq.com/n/ryqq/toplist/62
2026-08-07,2026-08-07T11:19:20+08:00,QQ音乐,飙升榜,飙升榜,2026-08-07,8,不完美小孩,TFBOYS,热度 8%,,105461543,004W38Gk1rrlOk,https://y.qq.com/n/ryqq/toplist/62
2026-08-07,2026-08-07T11:19:20+08:00,QQ音乐,飙升榜,飙升榜,2026-08-07,9,和你在一起,TFBOYS,热度 7%,,274114008,000e19rV1DeDHy,https://y.qq.com/n/ryqq/toplist/62
2026-08-07,2026-08-07T11:19:20+08:00,QQ音乐,飙升榜,飙升榜,2026-08-07,10,玻璃,Gareth.T,热度 7%,,666124541,002kIED92uw8L5,https://y.qq.com/n/ryqq/toplist/62
2026-08-07,2026-08-07T11:19:20+08:00,QQ音乐,飙升榜,飙升榜,2026-08-07,11,是你,TFBOYS,热度 7%,,107899426,004W38Gk1rrlOk,https://y.qq.com/n/ryqq/toplist/62
2026-08-07,2026-08-07T11:19:20+08:00,QQ音乐,飙升榜,飙升榜,2026-08-07,12,快乐环岛,TFBOYS,热度 7%,,8129256,002tiWru4dhByO,https://y.qq.com/n/ryqq/toplist/62
2026-08-07,2026-08-07T11:19:20+08:00,QQ音乐,飙升榜,飙升榜,2026-08-07,13,样（YOUNG）,TFBOYS,热度 7%,,102298939,001rvkpT0so9Uk,https://y.qq.com/n/ryqq/toplist/62
2026-08-07,2026-08-07T11:19:20+08:00,QQ音乐,飙升榜,飙升榜,2026-08-07,14,大梦想家,TFBOYS,热度 6%,,103175097,001rvkpT0so9Uk,https://y.qq.com/n/ryqq/toplist/62
2026-08-07,2026-08-07T11:19:20+08:00,QQ音乐,飙升榜,飙升榜,2026-08-07,15,宠爱,TFBOYS,热度 6%,,102210521,001rvkpT0so9Uk,https://y.qq.com/n/ryqq/toplist/62
2026-08-07,2026-08-07T11:19:20+08:00,QQ音乐,飙升榜,飙升榜,2026-08-07,16,魔法城堡,TFBOYS,热度 5%,,5224172,003TCS6K30Z9FP,https://y.qq.com/n/ryqq/toplist/62
2026-08-07,2026-08-07T11:19:20+08:00,QQ音乐,飙升榜,飙升榜,2026-08-07,17,BINGBIAN病变 (女声版),鞠文娴,热度 5%,,212859961,000zFECL2iqwch,https://y.qq.com/n/ryqq/toplist/62
2026-08-07,2026-08-07T11:19:20+08:00,QQ音乐,飙升榜,飙升榜,2026-08-07,18,幸运符号,TFBOYS,热度 5%,,7256750,002tiWru4dhByO,https://y.qq.com/n/ryqq/toplist/62
2026-08-07,2026-08-07T11:19:20+08:00,QQ音乐,飙升榜,飙升榜,2026-08-07,19,野心家,张靓颖,热度 5%,,591592617,003TmXW52e0F4P,https://y.qq.com/n/ryqq/toplist/62
2026-08-07,2026-08-07T11:19:20+08:00,QQ音乐,飙升榜,飙升榜,2026-08-07,20,喜欢你,TFBOYS,热度 5%,,215847717,002XR2wv2LVc9w,https://y.qq.com/n/ryqq/toplist/62
2026-08-07,2026-08-07T11:19:20+08:00,QQ音乐,飙升榜,飙升榜,2026-08-07,21,你不知道的事,王力宏,热度 5%,,740362,002iWU6B2ZvA8V,https://y.qq.com/n/ryqq/toplist/62
2026-08-07,2026-08-07T11:19:20+08:00,QQ音乐,飙升榜,飙升榜,2026-08-07,22,崇拜,薛之谦,热度 5%,,416180927,002N4fUq1kRST2,https://y.qq.com/n/ryqq/toplist/62
2026-08-07,2026-08-07T11:19:20+08:00,QQ音乐,飙升榜,飙升榜,2026-08-07,23,果实,陈粒,热度 5%,,584968879,002LsNuR2ah5f9,https://y.qq.com/n/ryqq/toplist/62
2026-08-07,2026-08-07T11:19:20+08:00,QQ音乐,飙升榜,飙升榜,2026-08-07,24,萤火,TFBOYS,热度 5%,,200263633,004W38Gk1rrlOk,https://y.qq.com/n/ryqq/toplist/62
2026-08-07,2026-08-07T11:19:20+08:00,QQ音乐,飙升榜,飙升榜,2026-08-07,25,空城,杨坤,热度 5%,,7109064,0008UYdN0uEt2J,https://y.qq.com/n/ryqq/toplist/62
2026-08-07,2026-08-07T11:19:20+08:00,QQ音乐,飙升榜,飙升榜,2026-08-07,26,真心话太冒险,TFBOYS,热度 5%,,105593336,004W38Gk1rrlOk,https://y.qq.com/n/ryqq/toplist/62
2026-08-07,2026-08-07T11:19:20+08:00,QQ音乐,飙升榜,飙升榜,2026-08-07,27,差一步,大壮,热度 4%,,209378295,000lEj821EaXUu,https://y.qq.com/n/ryqq/toplist/62
2026-08-07,2026-08-07T11:19:20+08:00,QQ音乐,飙升榜,飙升榜,2026-08-07,28,我好像在哪见过你,薛之谦,热度 4%,,107439472,000dcZ9I1nzO62,https://y.qq.com/n/ryqq/toplist/62
2026-08-07,2026-08-07T11:19:20+08:00,QQ音乐,飙升榜,飙升榜,2026-08-07,29,STRANGE,刘雨昕,热度 4%,,713771904,000BaXC41XdsHa,https://y.qq.com/n/ryqq/toplist/62
2026-08-07,2026-08-07T11:19:20+08:00,QQ音乐,飙升榜,飙升榜,2026-08-07,30,明天见,TFBOYS,热度 4%,,427145616,003ZfT5e1oqJ5k,https://y.qq.com/n/ryqq/toplist/62
2026-08-07,2026-08-07T11:19:20+08:00,QQ音乐,飙升榜,飙升榜,2026-08-07,31,七月火把节,山鹰组合,热度 4%,,1555254,002JE1ro2oLkEX,https://y.qq.com/n/ryqq/toplist/62
2026-08-07,2026-08-07T11:19:20+08:00,QQ音乐,飙升榜,飙升榜,2026-08-07,32,第一次告白,TFBOYS,热度 4%,,235744168,000Jl49h39uest,https://y.qq.com/n/ryqq/toplist/62
2026-08-07,2026-08-07T11:19:20+08:00,QQ音乐,飙升榜,飙升榜,2026-08-07,33,我们的时光,TFBOYS,热度 4%,,203605063,004W38Gk1rrlOk,https://y.qq.com/n/ryqq/toplist/62
2026-08-07,2026-08-07T11:19:20+08:00,QQ音乐,飙升榜,飙升榜,2026-08-07,34,明天过后,张杰,热度 4%,,273032694,000pVkCf3KsUQ9,https://y.qq.com/n/ryqq/toplist/62
2026-08-07,2026-08-07T11:19:20+08:00,QQ音乐,飙升榜,飙升榜,2026-08-07,35,好久不见 (Live),TFBOYS,热度 4%,,506528905,003mmejY2pBjiQ,https://y.qq.com/n/ryqq/toplist/62
2026-08-07,2026-08-07T11:19:20+08:00,QQ音乐,飙升榜,飙升榜,2026-08-07,36,碎碎念,队长,热度 4%,,448738462,000DTFwk0oV4YR,https://y.qq.com/n/ryqq/toplist/62
2026-08-07,2026-08-07T11:19:20+08:00,QQ音乐,飙升榜,飙升榜,2026-08-07,37,冻结,林俊杰,热度 3%,,101659148,002vlOfM1X5TQ0,https://y.qq.com/n/ryqq/toplist/62
2026-08-07,2026-08-07T11:19:20+08:00,QQ音乐,飙升榜,飙升榜,2026-08-07,38,空心,光泽,热度 3%,,200390803,001vjIoV01nThA,https://y.qq.com/n/ryqq/toplist/62
2026-08-07,2026-08-07T11:19:20+08:00,QQ音乐,飙升榜,飙升榜,2026-08-07,39,信仰之名,TFBOYS,热度 3%,,9066745,002tiWru4dhByO,https://y.qq.com/n/ryqq/toplist/62
2026-08-07,2026-08-07T11:19:20+08:00,QQ音乐,飙升榜,飙升榜,2026-08-07,40,最好的那年,TFBOYS,热度 3%,,215547012,002XR2wv2LVc9w,https://y.qq.com/n/ryqq/toplist/62
2026-08-07,2026-08-07T11:19:20+08:00,QQ音乐,飙升榜,飙升榜,2026-08-07,41,淡想,周童,热度 3%,,245570183,001fF9GH30sNfa,https://y.qq.com/n/ryqq/toplist/62
2026-08-07,2026-08-07T11:19:20+08:00,QQ音乐,飙升榜,飙升榜,2026-08-07,42,Love Me,JMSN,热度 3%,,417482372,003GKWHS3tAMdZ,https://y.qq.com/n/ryqq/toplist/62
2026-08-07,2026-08-07T11:19:20+08:00,QQ音乐,飙升榜,飙升榜,2026-08-07,43,加油！AMIGO,TFBOYS,热度 3%,,202984620,003CdjjB1Jgzjk,https://y.qq.com/n/ryqq/toplist/62
2026-08-07,2026-08-07T11:19:20+08:00,QQ音乐,飙升榜,飙升榜,2026-08-07,44,求求你别再说爱我 (闽南语版),万能和弦,热度 3%,,713808267,000uSnf00ypSN9,https://y.qq.com/n/ryqq/toplist/62
2026-08-07,2026-08-07T11:19:20+08:00,QQ音乐,飙升榜,飙升榜,2026-08-07,45,小精灵,TFBOYS,热度 3%,,108485093,004W38Gk1rrlOk,https://y.qq.com/n/ryqq/toplist/62
2026-08-07,2026-08-07T11:19:20+08:00,QQ音乐,飙升榜,飙升榜,2026-08-07,46,魂,苏见信 (信),热度 3%,,447286,0047zymO2dMCwh,https://y.qq.com/n/ryqq/toplist/62
2026-08-07,2026-08-07T11:19:20+08:00,QQ音乐,飙升榜,飙升榜,2026-08-07,47,躲猫猫,TFBOYS,热度 3%,,212444165,004W38Gk1rrlOk,https://y.qq.com/n/ryqq/toplist/62
2026-08-07,2026-08-07T11:19:20+08:00,QQ音乐,飙升榜,飙升榜,2026-08-07,48,浪子心声,许冠杰,热度 2%,,4829699,001tADBL3h7jgD,https://y.qq.com/n/ryqq/toplist/62
2026-08-07,2026-08-07T11:19:20+08:00,QQ音乐,飙升榜,飙升榜,2026-08-07,49,镜中人:Mirror to me (bonus track.),Capper/周震南,热度 2%,,689954748,003kfKzT1j6YkR,https://y.qq.com/n/ryqq/toplist/62
2026-08-07,2026-08-07T11:19:20+08:00,QQ音乐,飙升榜,飙升榜,2026-08-07,50,情歌,梁静茹,热度 2%,,462188,002E4IXe1ESUij,https://y.qq.com/n/ryqq/toplist/62
2026-08-07,2026-08-07T11:19:20+08:00,QQ音乐,飙升榜,飙升榜,2026-08-07,51,我借 (御姐版),铁锤夫妇,热度 2%,,697898293,004Lw8Ns0QA6QM,https://y.qq.com/n/ryqq/toplist/62
2026-08-07,2026-08-07T11:19:20+08:00,QQ音乐,飙升榜,飙升榜,2026-08-07,52,Love With You,TFBOYS,热度 2%,,104233874,001rvkpT0so9Uk,https://y.qq.com/n/ryqq/toplist/62
2026-08-07,2026-08-07T11:19:20+08:00,QQ音乐,飙升榜,飙升榜,2026-08-07,53,Spotlight (聚光灯),蔡徐坤,热度 2%,,451887939,004YsqMW4X5LDo,https://y.qq.com/n/ryqq/toplist/62
2026-08-07,2026-08-07T11:19:20+08:00,QQ音乐,飙升榜,飙升榜,2026-08-07,54,慢冷 (Live),李荣浩,热度 2%,,370148568,000QVv8i2dXoC2,https://y.qq.com/n/ryqq/toplist/62
2026-08-07,2026-08-07T11:19:20+08:00,QQ音乐,飙升榜,飙升榜,2026-08-07,55,一场游戏一场梦,王杰,热度 2%,,228688,0026DG8k3Fw488,https://y.qq.com/n/ryqq/toplist/62
2026-08-07,2026-08-07T11:19:20+08:00,QQ音乐,飙升榜,飙升榜,2026-08-07,56,Colder (Explicit),蔡徐坤,热度 2%,,638918966,003Q9it10RWLId,https://y.qq.com/n/ryqq/toplist/62
2026-08-07,2026-08-07T11:19:20+08:00,QQ音乐,飙升榜,飙升榜,2026-08-07,57,颜如玉,李大奔BENZO,热度 2%,,406599277,003w89EQ3yBAXZ,https://y.qq.com/n/ryqq/toplist/62
2026-08-07,2026-08-07T11:19:20+08:00,QQ音乐,飙升榜,飙升榜,2026-08-07,58,Dear John,比莉,热度 2%,,1406255,000wGV4I0tyK77,https://y.qq.com/n/ryqq/toplist/62
2026-08-07,2026-08-07T11:19:20+08:00,QQ音乐,飙升榜,飙升榜,2026-08-07,59,Come Back To Me,Utada (宇多田光),热度 2%,,1231026,003sHGTS2QAhqp,https://y.qq.com/n/ryqq/toplist/62
2026-08-07,2026-08-07T11:19:20+08:00,QQ音乐,飙升榜,飙升榜,2026-08-07,60,特别的人,方大同,热度 2%,,5293866,000GvdTR0qcKh8,https://y.qq.com/n/ryqq/toplist/62
2026-08-07,2026-08-07T11:19:20+08:00,QQ音乐,飙升榜,飙升榜,2026-08-07,61,彗星落下,韦大鱼,热度 2%,,613550049,001Qc1M92Mpzxj,https://y.qq.com/n/ryqq/toplist/62
2026-08-07,2026-08-07T11:19:20+08:00,QQ音乐,飙升榜,飙升榜,2026-08-07,62,嘉宾,张远,热度 2%,,281506863,00498Sbg1wnDAY,https://y.qq.com/n/ryqq/toplist/62
2026-08-07,2026-08-07T11:19:20+08:00,QQ音乐,飙升榜,飙升榜,2026-08-07,63,你一定要幸福,虎二,热度 2%,,219125693,000Tmz0U4Ep7Dw,https://y.qq.com/n/ryqq/toplist/62
2026-08-07,2026-08-07T11:19:20+08:00,QQ音乐,飙升榜,飙升榜,2026-08-07,64,知了,陈默之,热度 2%,,482500528,000fHDnB1K1Hcf,https://y.qq.com/n/ryqq/toplist/62
2026-08-07,2026-08-07T11:19:20+08:00,QQ音乐,飙升榜,飙升榜,2026-08-07,65,灯火,TFBOYS,热度 2%,,274114014,000e19rV1DeDHy,https://y.qq.com/n/ryqq/toplist/62
2026-08-07,2026-08-07T11:19:20+08:00,QQ音乐,飙升榜,飙升榜,2026-08-07,66,爱江山更爱美人,小阿枫,热度 2%,,236878884,003D85M50NWoug,https://y.qq.com/n/ryqq/toplist/62
2026-08-07,2026-08-07T11:19:20+08:00,QQ音乐,飙升榜,飙升榜,2026-08-07,67,Fish Love,蔡依林,热度 1%,,589850021,002S6zTQ4deh87,https://y.qq.com/n/ryqq/toplist/62
2026-08-07,2026-08-07T11:19:20+08:00,QQ音乐,飙升榜,飙升榜,2026-08-07,68,我的朋友,TFBOYS,热度 1%,,234381105,000Jl49h39uest,https://y.qq.com/n/ryqq/toplist/62
2026-08-07,2026-08-07T11:19:20+08:00,QQ音乐,飙升榜,飙升榜,2026-08-07,69,剥离之茧,添儿呗,热度 1%,,290957034,0025j7sV1YEFZP,https://y.qq.com/n/ryqq/toplist/62
2026-08-07,2026-08-07T11:19:20+08:00,QQ音乐,飙升榜,飙升榜,2026-08-07,70,放心去飞 (Live),TFBOYS,热度 1%,,506528885,003mmejY2pBjiQ,https://y.qq.com/n/ryqq/toplist/62
2026-08-07,2026-08-07T11:19:20+08:00,QQ音乐,飙升榜,飙升榜,2026-08-07,71,借酒,张大迷糊,热度 1%,,713530189,003YHePU1TysKU,https://y.qq.com/n/ryqq/toplist/62
2026-08-07,2026-08-07T11:19:20+08:00,QQ音乐,飙升榜,飙升榜,2026-08-07,72,我扭转了命运-戏腔版,李无名,热度 1%,,713612120,0030NGhw4Temro,https://y.qq.com/n/ryqq/toplist/62
2026-08-07,2026-08-07T11:19:20+08:00,QQ音乐,飙升榜,飙升榜,2026-08-07,73,MOON,BABYMONSTER (베이비몬스터),热度 1%,,659400037,000USjdV3gYC9l,https://y.qq.com/n/ryqq/toplist/62
2026-08-07,2026-08-07T11:19:20+08:00,QQ音乐,飙升榜,飙升榜,2026-08-07,74,Your Candy,PP KRIT,热度 1%,,714103770,0006uvVq45puon,https://y.qq.com/n/ryqq/toplist/62
2026-08-07,2026-08-07T11:19:20+08:00,QQ音乐,飙升榜,飙升榜,2026-08-07,75,问 (Live),梁静茹,热度 1%,,4932980,004CEoOk010kXJ,https://y.qq.com/n/ryqq/toplist/62
2026-08-07,2026-08-07T11:19:20+08:00,QQ音乐,飙升榜,飙升榜,2026-08-07,76,Love U2,陈伟霆,热度 1%,,4903355,002gSRRI3Ue1fL,https://y.qq.com/n/ryqq/toplist/62
2026-08-07,2026-08-07T11:19:20+08:00,QQ音乐,飙升榜,飙升榜,2026-08-07,77,吹梦到西洲,昭爻tsuki/千世,热度 1%,,252584459,0026p4fw2juLDM,https://y.qq.com/n/ryqq/toplist/62
2026-08-07,2026-08-07T11:19:20+08:00,QQ音乐,飙升榜,飙升榜,2026-08-07,78,美人鱼,林俊杰,热度 1%,,95292,000y5gq7449K9I,https://y.qq.com/n/ryqq/toplist/62
2026-08-07,2026-08-07T11:19:20+08:00,QQ音乐,飙升榜,飙升榜,2026-08-07,79,记得,张惠妹,热度 1%,,9063015,0007EhAF39GQkY,https://y.qq.com/n/ryqq/toplist/62
2026-08-07,2026-08-07T11:19:20+08:00,QQ音乐,飙升榜,飙升榜,2026-08-07,80,Smooth Criminal,Michael Jackson,热度 1%,,1805742,0034Gnut4OoYpJ,https://y.qq.com/n/ryqq/toplist/62
2026-08-07,2026-08-07T11:19:20+08:00,QQ音乐,飙升榜,飙升榜,2026-08-07,81,失控,井迪,热度 1%,,284945036,0014Iqfp1PMAbs,https://y.qq.com/n/ryqq/toplist/62
2026-08-07,2026-08-07T11:19:20+08:00,QQ音乐,飙升榜,飙升榜,2026-08-07,82,盲选,黄霄雲,热度 1%,,506853038,0043m9T70UxJKh,https://y.qq.com/n/ryqq/toplist/62
2026-08-07,2026-08-07T11:19:20+08:00,QQ音乐,飙升榜,飙升榜,2026-08-07,83,无与伦比的美丽 (苏打绿版),苏打绿,热度 1%,,393934495,001cNhwl089Qwe,https://y.qq.com/n/ryqq/toplist/62
2026-08-07,2026-08-07T11:19:20+08:00,QQ音乐,飙升榜,飙升榜,2026-08-07,84,空心 (Live),黄霄雲/刘端端,热度 1%,,708620814,0041Hhx80wRmCK,https://y.qq.com/n/ryqq/toplist/62
2026-08-07,2026-08-07T11:19:20+08:00,QQ音乐,飙升榜,飙升榜,2026-08-07,85,再爱你也没用 (闽南语版),范贵宾,热度 1%,,705379683,002kHwMi2tbHKa,https://y.qq.com/n/ryqq/toplist/62
2026-08-07,2026-08-07T11:19:20+08:00,QQ音乐,飙升榜,飙升榜,2026-08-07,86,十面埋伏,陈奕迅,热度 1%,,4907821,003Hjc6L1WajuE,https://y.qq.com/n/ryqq/toplist/62
2026-08-07,2026-08-07T11:19:20+08:00,QQ音乐,飙升榜,飙升榜,2026-08-07,87,我是一只小小鸟 (Live),李宗盛,热度 1%,,109295042,0028Pdb00tG9aA,https://y.qq.com/n/ryqq/toplist/62
2026-08-07,2026-08-07T11:19:20+08:00,QQ音乐,飙升榜,飙升榜,2026-08-07,88,Don't Call (feat. Free Nationals) (Explicit),蔡徐坤,热度 1%,,638918958,003Q9it10RWLId,https://y.qq.com/n/ryqq/toplist/62
2026-08-07,2026-08-07T11:19:20+08:00,QQ音乐,飙升榜,飙升榜,2026-08-07,89,渡情,古月/张慧清,热度 1%,,137884,000RAQy44TJUWG,https://y.qq.com/n/ryqq/toplist/62
2026-08-07,2026-08-07T11:19:20+08:00,QQ音乐,飙升榜,飙升榜,2026-08-07,90,雨蝶,李翊君,热度 1%,,9061890,001gTQOW0Xl3wX,https://y.qq.com/n/ryqq/toplist/62
2026-08-07,2026-08-07T11:19:20+08:00,QQ音乐,飙升榜,飙升榜,2026-08-07,91,相依为命,陈小春,热度 1%,,104795176,003HDitE32Ii70,https://y.qq.com/n/ryqq/toplist/62
2026-08-07,2026-08-07T11:19:20+08:00,QQ音乐,飙升榜,飙升榜,2026-08-07,92,比石头还硬的心,高冷,热度 1%,,666782738,002DndJi0vwvcO,https://y.qq.com/n/ryqq/toplist/62
2026-08-07,2026-08-07T11:19:20+08:00,QQ音乐,飙升榜,飙升榜,2026-08-07,93,梦想起航,TFBOYS,热度 1%,,5658166,004bFfZc3P0pj3,https://y.qq.com/n/ryqq/toplist/62
2026-08-07,2026-08-07T11:19:20+08:00,QQ音乐,飙升榜,飙升榜,2026-08-07,94,Full Signal满格信号,万妮达Vinida Weng,热度 1%,,713897960,001dQOaw3Y4azh,https://y.qq.com/n/ryqq/toplist/62
2026-08-07,2026-08-07T11:19:20+08:00,QQ音乐,飙升榜,飙升榜,2026-08-07,95,time machine (feat. aren park),mj apanay/aren park,热度 1%,,234272638,003Afeki1RlQ0U,https://y.qq.com/n/ryqq/toplist/62
2026-08-07,2026-08-07T11:19:20+08:00,QQ音乐,飙升榜,飙升榜,2026-08-07,96,玛尼情歌,上官红燕,热度 1%,,225973951,0002WHrW3p9e39,https://y.qq.com/n/ryqq/toplist/62
2026-08-07,2026-08-07T11:19:20+08:00,QQ音乐,飙升榜,飙升榜,2026-08-07,97,水为媒,礼越,热度 1%,,710164631,0030XKey0zuXng,https://y.qq.com/n/ryqq/toplist/62
2026-08-07,2026-08-07T11:19:20+08:00,QQ音乐,飙升榜,飙升榜,2026-08-07,98,关不上的窗,周传雄,热度 1%,,469831,002dDK2v1LkvKq,https://y.qq.com/n/ryqq/toplist/62
2026-08-07,2026-08-07T11:19:20+08:00,QQ音乐,飙升榜,飙升榜,2026-08-07,99,一点,Muyoi/Pezzi,热度 1%,,539114463,000qqdrZ2kxqgR,https://y.qq.com/n/ryqq/toplist/62
2026-08-07,2026-08-07T11:19:20+08:00,QQ音乐,飙升榜,飙升榜,2026-08-07,100,Diet Pepsi,Addison Rae,热度 1%,,506614226,00139Hgk2Ot7eW,https://y.qq.com/n/ryqq/toplist/62
2026-08-07,2026-08-07T11:19:20+08:00,酷狗音乐,热歌榜,酷狗TOP500,2026-08-07,1,山风山风等等我,万海东,,3:29,CE256D96F1F025D60468D8F0BC9EE64B,200106963,https://www.kugou.com/yy/rank/home/1-8888.html?from=rank
2026-08-07,2026-08-07T11:19:20+08:00,酷狗音乐,热歌榜,酷狗TOP500,2026-08-07,2,甲乙丙丁 (你我怎么两清),李佳薇,,3:30,213D580CA0BDCC28A5FDBA995FFDA106,197648995,https://www.kugou.com/yy/rank/home/1-8888.html?from=rank
2026-08-07,2026-08-07T11:19:20+08:00,酷狗音乐,热歌榜,酷狗TOP500,2026-08-07,3,吹吹山顶的风,巴扎黑,,2:59,87311B26EDEE637CA1448E14230BCB68,198304563,https://www.kugou.com/yy/rank/home/1-8888.html?from=rank
2026-08-07,2026-08-07T11:19:20+08:00,酷狗音乐,热歌榜,酷狗TOP500,2026-08-07,4,你有没有真的爱过我,阿图表妹,,4:03,FE39668F68770C3FB3BE57A3E86CCC10,190170015,https://www.kugou.com/yy/rank/home/1-8888.html?from=rank
2026-08-07,2026-08-07T11:19:20+08:00,酷狗音乐,热歌榜,酷狗TOP500,2026-08-07,5,金达莱花 (猛Remix),猛弟/邹子寒,,2:18,E93CB193E4133C79EA9BCC9F852375AD,201184757,https://www.kugou.com/yy/rank/home/1-8888.html?from=rank
2026-08-07,2026-08-07T11:19:20+08:00,酷狗音乐,热歌榜,酷狗TOP500,2026-08-07,6,失眠,Suki刘舒妤,,3:31,EC476A2009EF5DCAC13EDCD11870DF55,671621,https://www.kugou.com/yy/rank/home/1-8888.html?from=rank
2026-08-07,2026-08-07T11:19:20+08:00,酷狗音乐,热歌榜,酷狗TOP500,2026-08-07,7,回到小村落 (听着蛐蛐唱着歌),宋盐球,,3:45,AF27C3A04E82042F66D51EF604B47AD5,200330995,https://www.kugou.com/yy/rank/home/1-8888.html?from=rank
2026-08-07,2026-08-07T11:19:20+08:00,酷狗音乐,热歌榜,酷狗TOP500,2026-08-07,8,踏马寻花向自由 (雷鬼版),超哥,,2:59,B5BA68A039E54847B4E14A46A268991B,194886112,https://www.kugou.com/yy/rank/home/1-8888.html?from=rank
2026-08-07,2026-08-07T11:19:20+08:00,酷狗音乐,热歌榜,酷狗TOP500,2026-08-07,9,盛夏的果实,莫文蔚,,4:11,1C86CBC64AE9A6C3539A36CAADDF1A59,978378,https://www.kugou.com/yy/rank/home/1-8888.html?from=rank
2026-08-07,2026-08-07T11:19:20+08:00,酷狗音乐,热歌榜,酷狗TOP500,2026-08-07,10,人生路漫漫,白小白,,3:55,B8CA573A69DB5050C7EE0C1AB79144E5,179917533,https://www.kugou.com/yy/rank/home/1-8888.html?from=rank
2026-08-07,2026-08-07T11:19:20+08:00,酷狗音乐,热歌榜,酷狗TOP500,2026-08-07,11,梦哑,任然,,3:54,3194D1AA995469BEF8620E96989D6BA8,193630889,https://www.kugou.com/yy/rank/home/1-8888.html?from=rank
2026-08-07,2026-08-07T11:19:20+08:00,酷狗音乐,热歌榜,酷狗TOP500,2026-08-07,12,樱花草,Sweety,,4:44,F0B01830164E4974A2AC9E85DD446D45,507451,https://www.kugou.com/yy/rank/home/1-8888.html?from=rank
2026-08-07,2026-08-07T11:19:20+08:00,酷狗音乐,热歌榜,酷狗TOP500,2026-08-07,13,无名氏,张真源,,3:37,26AF3F19DD5D19D4086038F75763210C,202020503,https://www.kugou.com/yy/rank/home/1-8888.html?from=rank
2026-08-07,2026-08-07T11:19:20+08:00,酷狗音乐,热歌榜,酷狗TOP500,2026-08-07,14,岁月如笔写春秋,河南三妹5233,,4:11,5D4C2F9D994E5BECDC9BA0FBC6BD3DD8,191576482,https://www.kugou.com/yy/rank/home/1-8888.html?from=rank
2026-08-07,2026-08-07T11:19:20+08:00,酷狗音乐,热歌榜,酷狗TOP500,2026-08-07,15,雨过后的风景,Dizzy Dizzo (蔡诗芸),,4:03,E3F046EDB5EB76BBA5A44FFA3D8F8C42,974143,https://www.kugou.com/yy/rank/home/1-8888.html?from=rank
2026-08-07,2026-08-07T11:19:20+08:00,酷狗音乐,热歌榜,酷狗TOP500,2026-08-07,16,阴天,莫文蔚,,4:02,E4271CB5938F401AA283FBEA49223BF8,970575,https://www.kugou.com/yy/rank/home/1-8888.html?from=rank
2026-08-07,2026-08-07T11:19:20+08:00,酷狗音乐,热歌榜,酷狗TOP500,2026-08-07,17,恋人,李荣浩,,4:36,9DA7851E2BF83B18C74CBBAB461CEFDD,106374641,https://www.kugou.com/yy/rank/home/1-8888.html?from=rank
2026-08-07,2026-08-07T11:19:20+08:00,酷狗音乐,热歌榜,酷狗TOP500,2026-08-07,18,过海,王赫野、黄龄,,3:47,35405E44573EF6D9F2F0AB42AE8BD716,199401816,https://www.kugou.com/yy/rank/home/1-8888.html?from=rank
2026-08-07,2026-08-07T11:19:20+08:00,酷狗音乐,热歌榜,酷狗TOP500,2026-08-07,19,偏爱,张芸京,,3:33,4A544525C1F78DBDF25361DB0E255495,968788,https://www.kugou.com/yy/rank/home/1-8888.html?from=rank
2026-08-07,2026-08-07T11:19:20+08:00,酷狗音乐,热歌榜,酷狗TOP500,2026-08-07,20,落日微醺 (晚风中一杯酒),落日微醺,,4:14,CB22754AB8A0F20FCC015D0A800758CE,196517740,https://www.kugou.com/yy/rank/home/1-8888.html?from=rank
2026-08-07,2026-08-07T11:19:20+08:00,酷狗音乐,热歌榜,酷狗TOP500,2026-08-07,21,雨爱,杨丞琳,,4:21,2592FFA57A2D8B1A16F18D991B7098CD,2694607,https://www.kugou.com/yy/rank/home/1-8888.html?from=rank
2026-08-07,2026-08-07T11:19:20+08:00,酷狗音乐,热歌榜,酷狗TOP500,2026-08-07,22,黄昏 (纵然青丝如霜)(R&B版),落日微醺,,4:05,423FC1778078ACF260242626820E4244,194767721,https://www.kugou.com/yy/rank/home/1-8888.html?from=rank
2026-08-07,2026-08-07T11:19:20+08:00,酷狗音乐,热歌榜,酷狗TOP500,2026-08-07,23,全世界的雨,周深、Ella陈嘉桦,,4:08,88334169DA8F72EFA45C6211FD641737,199401705,https://www.kugou.com/yy/rank/home/2-8888.html?from=rank
2026-08-07,2026-08-07T11:19:20+08:00,酷狗音乐,热歌榜,酷狗TOP500,2026-08-07,24,小半,陈粒,,4:57,AFEA9FFE5D7F0EF0874119A363820D33,1749208,https://www.kugou.com/yy/rank/home/2-8888.html?from=rank
2026-08-07,2026-08-07T11:19:20+08:00,酷狗音乐,热歌榜,酷狗TOP500,2026-08-07,25,碎碎念,队长,,2:13,A823AE8D84854FD2EB5B8E599D1263FA,79831015,https://www.kugou.com/yy/rank/home/2-8888.html?from=rank
2026-08-07,2026-08-07T11:19:20+08:00,酷狗音乐,热歌榜,酷狗TOP500,2026-08-07,26,Dehors (外面)(Single Version),Jordann,,3:15,3D6391A8A0FB81B62C68C6A4429F63FD,42153287,https://www.kugou.com/yy/rank/home/2-8888.html?from=rank
2026-08-07,2026-08-07T11:19:20+08:00,酷狗音乐,热歌榜,酷狗TOP500,2026-08-07,27,晨间新闻,蔡健雅,,3:50,09A4599755FAF50EACBA75F5153A9D92,965319,https://www.kugou.com/yy/rank/home/2-8888.html?from=rank
2026-08-07,2026-08-07T11:19:20+08:00,酷狗音乐,热歌榜,酷狗TOP500,2026-08-07,28,野草 (致老狗),曾舜晞,,3:56,D08182394C56AA47BDC13041C77649B0,202144819,https://www.kugou.com/yy/rank/home/2-8888.html?from=rank
2026-08-07,2026-08-07T11:19:20+08:00,酷狗音乐,热歌榜,酷狗TOP500,2026-08-07,29,离开我的依赖,王艳薇,,3:54,A9C377CC1B9931F0CE81907E23E4D588,36181053,https://www.kugou.com/yy/rank/home/2-8888.html?from=rank
2026-08-07,2026-08-07T11:19:20+08:00,酷狗音乐,热歌榜,酷狗TOP500,2026-08-07,30,晴天,周杰伦,,4:29,B3A52A7A958BF0AED0EBFBA2E9A818B7,966846,https://www.kugou.com/yy/rank/home/2-8888.html?from=rank
2026-08-07,2026-08-07T11:19:20+08:00,酷狗音乐,热歌榜,酷狗TOP500,2026-08-07,31,黄昏,周传雄,,5:44,7DE9A9CD041157F6BF3FE9FFBCF120E3,964612,https://www.kugou.com/yy/rank/home/2-8888.html?from=rank
2026-08-07,2026-08-07T11:19:20+08:00,酷狗音乐,热歌榜,酷狗TOP500,2026-08-07,32,再爱你也没用 (闽南语版),范贵宾,,3:04,0845EB625A532BC763C8DBC0DD4DCEEB,198412455,https://www.kugou.com/yy/rank/home/2-8888.html?from=rank
2026-08-07,2026-08-07T11:19:20+08:00,酷狗音乐,热歌榜,酷狗TOP500,2026-08-07,33,若不是因为你 (深情版),林栖,,4:13,6CCB2559DE8FC8965E98F641C4C33B6A,176013962,https://www.kugou.com/yy/rank/home/2-8888.html?from=rank
2026-08-07,2026-08-07T11:19:20+08:00,酷狗音乐,热歌榜,酷狗TOP500,2026-08-07,34,讨厌,芮恩,,4:18,C88A8D3EF16E2C4E944B947E0F56A7AD,2996887,https://www.kugou.com/yy/rank/home/2-8888.html?from=rank
2026-08-07,2026-08-07T11:19:20+08:00,酷狗音乐,热歌榜,酷狗TOP500,2026-08-07,35,忘情牛肉面,马健涛,,3:02,E9E3E3F40397839A715537F5AA5C93CE,32988895,https://www.kugou.com/yy/rank/home/2-8888.html?from=rank
2026-08-07,2026-08-07T11:19:20+08:00,酷狗音乐,热歌榜,酷狗TOP500,2026-08-07,36,好想再爱你,潘广益,,4:31,B78BA4062528E712B68C42DC6A4D9AAE,957659,https://www.kugou.com/yy/rank/home/2-8888.html?from=rank
2026-08-07,2026-08-07T11:19:20+08:00,酷狗音乐,热歌榜,酷狗TOP500,2026-08-07,37,茶花开了，该回家了,王睿卓、加木,,3:10,99F0F17B7C6F110346411E7AD552156D,133732298,https://www.kugou.com/yy/rank/home/2-8888.html?from=rank
2026-08-07,2026-08-07T11:19:20+08:00,酷狗音乐,热歌榜,酷狗TOP500,2026-08-07,38,有风的日落,万海东,,3:49,94774F06E73EF9ABD739423E1A414593,181906094,https://www.kugou.com/yy/rank/home/2-8888.html?from=rank
2026-08-07,2026-08-07T11:19:20+08:00,酷狗音乐,热歌榜,酷狗TOP500,2026-08-07,39,街角的晚风,陈小春,,4:00,18B89D66950B7856EABB131BB6273F6E,169830039,https://www.kugou.com/yy/rank/home/2-8888.html?from=rank
2026-08-07,2026-08-07T11:19:20+08:00,酷狗音乐,热歌榜,酷狗TOP500,2026-08-07,40,最佳损友,陈奕迅,,3:54,CBFA7DDE592B23322E21E4BDAA9BE9F9,964332,https://www.kugou.com/yy/rank/home/2-8888.html?from=rank
2026-08-07,2026-08-07T11:19:20+08:00,酷狗音乐,热歌榜,酷狗TOP500,2026-08-07,41,红尘客栈,周杰伦,,4:34,48729371F20FB048EF4E51D4CD41DBF5,982051,https://www.kugou.com/yy/rank/home/2-8888.html?from=rank
2026-08-07,2026-08-07T11:19:20+08:00,酷狗音乐,热歌榜,酷狗TOP500,2026-08-07,42,我不难过,孙燕姿,,5:20,3FD7E1EC51122C745C637735C8BDE716,965883,https://www.kugou.com/yy/rank/home/2-8888.html?from=rank
2026-08-07,2026-08-07T11:19:20+08:00,酷狗音乐,热歌榜,酷狗TOP500,2026-08-07,43,空心 (Live),黄霄雲、刘端端,,4:55,6F74F7B3D9B87CA771573ABD27B2A820,199810791,https://www.kugou.com/yy/rank/home/2-8888.html?from=rank
2026-08-07,2026-08-07T11:19:20+08:00,酷狗音乐,热歌榜,酷狗TOP500,2026-08-07,44,半壶纱,刘珂矣,,3:41,951AB088C5A08F491471A1296DF93707,948327,https://www.kugou.com/yy/rank/home/2-8888.html?from=rank
2026-08-07,2026-08-07T11:19:20+08:00,酷狗音乐,热歌榜,酷狗TOP500,2026-08-07,45,Fever Pitch,Richz,,2:15,594B915AEEDA7DA8F5BD70B63EA76EAD,180499937,https://www.kugou.com/yy/rank/home/3-8888.html?from=rank
2026-08-07,2026-08-07T11:19:20+08:00,酷狗音乐,热歌榜,酷狗TOP500,2026-08-07,46,无人之岛,任然,,4:45,8E568D8806F771607104D8BF9695ACE0,2916172,https://www.kugou.com/yy/rank/home/3-8888.html?from=rank
2026-08-07,2026-08-07T11:19:20+08:00,酷狗音乐,热歌榜,酷狗TOP500,2026-08-07,47,唯一,G.E.M. 邓紫棋,,4:14,AB05B8F658851282DCB2CBAD548AEB9B,82564821,https://www.kugou.com/yy/rank/home/3-8888.html?from=rank
2026-08-07,2026-08-07T11:19:20+08:00,酷狗音乐,热歌榜,酷狗TOP500,2026-08-07,48,演员,薛之谦,,4:21,097E777171F692855EAE98B6965F9477,14456909,https://www.kugou.com/yy/rank/home/3-8888.html?from=rank
2026-08-07,2026-08-07T11:19:20+08:00,酷狗音乐,热歌榜,酷狗TOP500,2026-08-07,49,我怀念的,孙燕姿,,4:49,1A3CAACB1E361DAF217A2383E9C8E292,984086,https://www.kugou.com/yy/rank/home/3-8888.html?from=rank
2026-08-07,2026-08-07T11:19:20+08:00,酷狗音乐,热歌榜,酷狗TOP500,2026-08-07,50,哼着你爱听的歌,杨小壮,,3:21,BAF3B2A7AC043CDB154EBAFD69A6C76A,104507270,https://www.kugou.com/yy/rank/home/3-8888.html?from=rank
2026-08-07,2026-08-07T11:19:20+08:00,酷狗音乐,热歌榜,酷狗TOP500,2026-08-07,51,Angel,尹美莱、Tiger JK、Bizzy,,4:15,157D75DA9A1B5B4FED6C529C2B1C2452,964390,https://www.kugou.com/yy/rank/home/3-8888.html?from=rank
2026-08-07,2026-08-07T11:19:20+08:00,酷狗音乐,热歌榜,酷狗TOP500,2026-08-07,52,坏女孩,徐良、小凌,,4:07,9365223F903B13D0DAF54B6091AC3E7B,511536,https://www.kugou.com/yy/rank/home/3-8888.html?from=rank
2026-08-07,2026-08-07T11:19:20+08:00,酷狗音乐,热歌榜,酷狗TOP500,2026-08-07,53,爱错,王力宏,,3:59,8E021794DFD02C48D2C6281A55BCBDC6,2996462,https://www.kugou.com/yy/rank/home/3-8888.html?from=rank
2026-08-07,2026-08-07T11:19:20+08:00,酷狗音乐,热歌榜,酷狗TOP500,2026-08-07,54,抽离,徐良、刘丹萌,,4:18,37A9C74C33A9FAEFF672CFDF4C699581,547514,https://www.kugou.com/yy/rank/home/3-8888.html?from=rank
2026-08-07,2026-08-07T11:19:20+08:00,酷狗音乐,热歌榜,酷狗TOP500,2026-08-07,55,情歌,梁静茹,,4:20,72DB6DA75FFE23A3A6361BDB8F44D5F4,2997268,https://www.kugou.com/yy/rank/home/3-8888.html?from=rank
2026-08-07,2026-08-07T11:19:20+08:00,酷狗音乐,热歌榜,酷狗TOP500,2026-08-07,56,北方的后海没有海 (r&b微醺版),落日微醺,,3:26,DB3D10DE8DF3C5188EC036A9724F9418,196519034,https://www.kugou.com/yy/rank/home/3-8888.html?from=rank
2026-08-07,2026-08-07T11:19:20+08:00,酷狗音乐,热歌榜,酷狗TOP500,2026-08-07,57,下完这场雨,后弦,,4:31,2EEFFF98A4F19D945BBA7C78FB2079C0,1964990,https://www.kugou.com/yy/rank/home/3-8888.html?from=rank
2026-08-07,2026-08-07T11:19:20+08:00,酷狗音乐,热歌榜,酷狗TOP500,2026-08-07,58,富士山下,陈奕迅,,4:19,0433F1A94FA162B20FB8AE576A951D6B,976404,https://www.kugou.com/yy/rank/home/3-8888.html?from=rank
2026-08-07,2026-08-07T11:19:20+08:00,酷狗音乐,热歌榜,酷狗TOP500,2026-08-07,59,红色高跟鞋,蔡健雅,,3:27,055A804B8A3CCC05240D08F8FF1F7DE8,978459,https://www.kugou.com/yy/rank/home/3-8888.html?from=rank
2026-08-07,2026-08-07T11:19:20+08:00,酷狗音乐,热歌榜,酷狗TOP500,2026-08-07,60,童话,光良,,4:04,472FF9D57BCE90288EC88CBE100BCB2A,974097,https://www.kugou.com/yy/rank/home/3-8888.html?from=rank
2026-08-07,2026-08-07T11:19:20+08:00,酷狗音乐,热歌榜,酷狗TOP500,2026-08-07,61,游向陆地的鱼,梓渝,,4:39,4FC4B6BFE449373F345FDC42A7150A23,202160233,https://www.kugou.com/yy/rank/home/3-8888.html?from=rank
2026-08-07,2026-08-07T11:19:20+08:00,酷狗音乐,热歌榜,酷狗TOP500,2026-08-07,62,青花瓷,周杰伦,,3:59,37A8F50A9EC3B267C3CC6BEC633D9C4A,979856,https://www.kugou.com/yy/rank/home/3-8888.html?from=rank
2026-08-07,2026-08-07T11:19:20+08:00,酷狗音乐,热歌榜,酷狗TOP500,2026-08-07,63,心墙,郭静,,3:47,97870F3D4B01A7822DC497C6127EA66D,968033,https://www.kugou.com/yy/rank/home/3-8888.html?from=rank
2026-08-07,2026-08-07T11:19:20+08:00,酷狗音乐,热歌榜,酷狗TOP500,2026-08-07,64,后来,刘若英,,5:38,C4904D4E3BBA872D41D3BDBF597E2B18,16562,https://www.kugou.com/yy/rank/home/3-8888.html?from=rank
2026-08-07,2026-08-07T11:19:20+08:00,酷狗音乐,热歌榜,酷狗TOP500,2026-08-07,65,野心家,张靓颖,,4:43,1789AD88CFDD254910125F22494C0E8B,161637189,https://www.kugou.com/yy/rank/home/3-8888.html?from=rank
2026-08-07,2026-08-07T11:19:20+08:00,酷狗音乐,热歌榜,酷狗TOP500,2026-08-07,66,一直很安静,阿桑,,4:10,44816EF0288A3B1ED2C4A5C5FE6B93B3,972917,https://www.kugou.com/yy/rank/home/3-8888.html?from=rank
2026-08-07,2026-08-07T11:19:20+08:00,酷狗音乐,热歌榜,酷狗TOP500,2026-08-07,67,开始懂了,孙燕姿,,4:32,93F260998A10F4AD6B46606AF5C8EC72,972102,https://www.kugou.com/yy/rank/home/4-8888.html?from=rank
2026-08-07,2026-08-07T11:19:20+08:00,酷狗音乐,热歌榜,酷狗TOP500,2026-08-07,68,山歌追上云朵,央金拉姆,,3:35,B81F368C6B44B98B0E2B4E9F417F1002,193932928,https://www.kugou.com/yy/rank/home/4-8888.html?from=rank
2026-08-07,2026-08-07T11:19:20+08:00,酷狗音乐,热歌榜,酷狗TOP500,2026-08-07,69,The Other Side Of Paradise (Explicit),Glass Animals,,5:21,222314858D998CCDDD4BF0B7BAF2F5A2,47764102,https://www.kugou.com/yy/rank/home/4-8888.html?from=rank
2026-08-07,2026-08-07T11:19:20+08:00,酷狗音乐,热歌榜,酷狗TOP500,2026-08-07,70,玻璃,Gareth.T,,3:05,ED0ED6B17B6C29695E97F5CC945C7901,191663409,https://www.kugou.com/yy/rank/home/4-8888.html?from=rank
2026-08-07,2026-08-07T11:19:20+08:00,酷狗音乐,热歌榜,酷狗TOP500,2026-08-07,71,无名之辈,陈雪燃,,4:23,D08C3E2B2463AA9FC72D65AD6DA94E4E,24460217,https://www.kugou.com/yy/rank/home/4-8888.html?from=rank
2026-08-07,2026-08-07T11:19:20+08:00,酷狗音乐,热歌榜,酷狗TOP500,2026-08-07,72,第57次取消发送,菲菲公主（陆绮菲）,,3:01,F17C489C53382E608F9CBB3ED9F6D2AA,137397074,https://www.kugou.com/yy/rank/home/4-8888.html?from=rank
2026-08-07,2026-08-07T11:19:20+08:00,酷狗音乐,热歌榜,酷狗TOP500,2026-08-07,73,泪海,许茹芸,,4:58,FBC174E7C22B9AF471B7B93A61751E1B,975212,https://www.kugou.com/yy/rank/home/4-8888.html?from=rank
2026-08-07,2026-08-07T11:19:20+08:00,酷狗音乐,热歌榜,酷狗TOP500,2026-08-07,74,其实,薛之谦,,4:02,2A8911EAD4838BF967CF5A300D787E53,960327,https://www.kugou.com/yy/rank/home/4-8888.html?from=rank
2026-08-07,2026-08-07T11:19:20+08:00,酷狗音乐,热歌榜,酷狗TOP500,2026-08-07,75,海阔天空,BEYOND,,5:25,C41E80A18D1448FA47086372999C7F43,973001,https://www.kugou.com/yy/rank/home/4-8888.html?from=rank
2026-08-07,2026-08-07T11:19:20+08:00,酷狗音乐,热歌榜,酷狗TOP500,2026-08-07,76,街道,林俊杰,,4:02,D9DF39A88E29EADDB272A4B04393D357,963179,https://www.kugou.com/yy/rank/home/4-8888.html?from=rank
2026-08-07,2026-08-07T11:19:20+08:00,酷狗音乐,热歌榜,酷狗TOP500,2026-08-07,77,十年,陈奕迅,,3:25,5146461A5717B942F4B13125978618E3,504194,https://www.kugou.com/yy/rank/home/4-8888.html?from=rank
2026-08-07,2026-08-07T11:19:20+08:00,酷狗音乐,热歌榜,酷狗TOP500,2026-08-07,78,来不及爱你,h3R3刘清云,,3:25,E3ED52965CEE83A40D73C5FB1DA7FF62,76488384,https://www.kugou.com/yy/rank/home/4-8888.html?from=rank
2026-08-07,2026-08-07T11:19:20+08:00,酷狗音乐,热歌榜,酷狗TOP500,2026-08-07,79,一诺,刘宇宁,,3:40,C9C1A90ABB53B553AC0E2BFBCE784272,202049647,https://www.kugou.com/yy/rank/home/4-8888.html?from=rank
2026-08-07,2026-08-07T11:19:20+08:00,酷狗音乐,热歌榜,酷狗TOP500,2026-08-07,80,枪火 (相对那就针锋相对),宝石Gem,,3:18,76923758046CB591DC9556D1FB69D976,154798334,https://www.kugou.com/yy/rank/home/4-8888.html?from=rank
2026-08-07,2026-08-07T11:19:20+08:00,酷狗音乐,热歌榜,酷狗TOP500,2026-08-07,81,带我走,杨丞琳,,4:50,0C57DE35C3CB2A32A8CF634E4F8309C4,975441,https://www.kugou.com/yy/rank/home/4-8888.html?from=rank
2026-08-07,2026-08-07T11:19:20+08:00,酷狗音乐,热歌榜,酷狗TOP500,2026-08-07,82,美人鱼,林俊杰,,4:14,CDAE8C7E2FAF7F08DC18E78A1D65117B,969588,https://www.kugou.com/yy/rank/home/4-8888.html?from=rank
2026-08-07,2026-08-07T11:19:20+08:00,酷狗音乐,热歌榜,酷狗TOP500,2026-08-07,83,稻香,周杰伦,,3:44,8909E1809908CD8E3BF6CF85D98B93F0,960399,https://www.kugou.com/yy/rank/home/4-8888.html?from=rank
2026-08-07,2026-08-07T11:19:20+08:00,酷狗音乐,热歌榜,酷狗TOP500,2026-08-07,84,勇气,梁静茹,,3:59,A4D0C350CF4475BFBB0AB28DC6E25A8D,973299,https://www.kugou.com/yy/rank/home/4-8888.html?from=rank
2026-08-07,2026-08-07T11:19:20+08:00,酷狗音乐,热歌榜,酷狗TOP500,2026-08-07,85,告白气球,周杰伦,,3:36,688857974673645CE89EDA26A36DB19D,1645030,https://www.kugou.com/yy/rank/home/4-8888.html?from=rank
2026-08-07,2026-08-07T11:19:20+08:00,酷狗音乐,热歌榜,酷狗TOP500,2026-08-07,86,爱情讯息,郭静,,4:41,D8E857250D8EEA9C5FAFDAF7857640A5,971139,https://www.kugou.com/yy/rank/home/4-8888.html?from=rank
2026-08-07,2026-08-07T11:19:20+08:00,酷狗音乐,热歌榜,酷狗TOP500,2026-08-07,87,不由人,二龙湖浩哥,,3:32,93BCFDF3A943B05AF659A0A45D9FE033,199943834,https://www.kugou.com/yy/rank/home/4-8888.html?from=rank
2026-08-07,2026-08-07T11:19:20+08:00,酷狗音乐,热歌榜,酷狗TOP500,2026-08-07,88,搁浅,周杰伦,,4:00,8141FAA45AAD5BCFF5FF9873B89709E3,971783,https://www.kugou.com/yy/rank/home/4-8888.html?from=rank
2026-08-07,2026-08-07T11:19:20+08:00,酷狗音乐,热歌榜,酷狗TOP500,2026-08-07,89,知了,陈默之,,3:52,FE6608CE529684B94CBA506E2B0C7BB6,91222498,https://www.kugou.com/yy/rank/home/5-8888.html?from=rank
2026-08-07,2026-08-07T11:19:20+08:00,酷狗音乐,热歌榜,酷狗TOP500,2026-08-07,90,认真的雪,薛之谦,,4:19,D2E00CC158DB4DA18927AC3B01CC371B,2689239,https://www.kugou.com/yy/rank/home/5-8888.html?from=rank
2026-08-07,2026-08-07T11:19:20+08:00,酷狗音乐,热歌榜,酷狗TOP500,2026-08-07,91,背对背拥抱,林俊杰,,3:55,D3CB60981A747455AE3142C25809051E,975828,https://www.kugou.com/yy/rank/home/5-8888.html?from=rank
2026-08-07,2026-08-07T11:19:20+08:00,酷狗音乐,热歌榜,酷狗TOP500,2026-08-07,92,有些,颜人中,,3:49,D79E556C176AE1A3ADE8B532810C4CE8,34604592,https://www.kugou.com/yy/rank/home/5-8888.html?from=rank
2026-08-07,2026-08-07T11:19:20+08:00,酷狗音乐,热歌榜,酷狗TOP500,2026-08-07,93,光辉岁月,BEYOND,,5:04,BBFE9596615ADE83FF6B117831C45E4D,960181,https://www.kugou.com/yy/rank/home/5-8888.html?from=rank
2026-08-07,2026-08-07T11:19:20+08:00,酷狗音乐,热歌榜,酷狗TOP500,2026-08-07,94,我们俩,郭顶,,3:14,DD4D224BC3DBFD1A0F6E338928620E69,979601,https://www.kugou.com/yy/rank/home/5-8888.html?from=rank
2026-08-07,2026-08-07T11:19:20+08:00,酷狗音乐,热歌榜,酷狗TOP500,2026-08-07,95,遇见,孙燕姿,,3:31,9F865C787E90E013B2BC847BAAA306AA,964325,https://www.kugou.com/yy/rank/home/5-8888.html?from=rank
2026-08-07,2026-08-07T11:19:20+08:00,酷狗音乐,热歌榜,酷狗TOP500,2026-08-07,96,明天过后,张杰,,3:59,5B900D95E79765AE62664BE5C871DD9E,38606351,https://www.kugou.com/yy/rank/home/5-8888.html?from=rank
2026-08-07,2026-08-07T11:19:20+08:00,酷狗音乐,热歌榜,酷狗TOP500,2026-08-07,97,茶花开了,王睿卓,,4:30,007A7A8EAFA3FF9EA51EF6A767AC3497,130468077,https://www.kugou.com/yy/rank/home/5-8888.html?from=rank
2026-08-07,2026-08-07T11:19:20+08:00,酷狗音乐,热歌榜,酷狗TOP500,2026-08-07,98,江南,林俊杰,,4:28,B83DBB8E3DD3FCF86BF32690B91547F5,969588,https://www.kugou.com/yy/rank/home/5-8888.html?from=rank
2026-08-07,2026-08-07T11:19:20+08:00,酷狗音乐,热歌榜,酷狗TOP500,2026-08-07,99,Copines,Aya Nakamura,,2:52,1CDA977A7FC0BCCC23BC7DF4D0194389,39155596,https://www.kugou.com/yy/rank/home/5-8888.html?from=rank
2026-08-07,2026-08-07T11:19:20+08:00,酷狗音乐,热歌榜,酷狗TOP500,2026-08-07,100,Amani (女声版),落日微醺,,3:54,0E1705D85CE6D8BE87784DFA9C9A5624,194642479,https://www.kugou.com/yy/rank/home/5-8888.html?from=rank
2026-08-07,2026-08-07T11:19:20+08:00,酷狗音乐,热歌榜,酷狗TOP500,2026-08-07,101,如愿,王菲,,4:25,EC1A18BBD6B61CB203E656B91F5CF2D1,49057589,https://www.kugou.com/yy/rank/home/5-8888.html?from=rank
2026-08-07,2026-08-07T11:19:20+08:00,酷狗音乐,热歌榜,酷狗TOP500,2026-08-07,102,锈 (Live),黄霄雲、TF_ING张子墨,,3:49,4E3B5CC21C7C2576BD2D1D93A2802CCB,201660223,https://www.kugou.com/yy/rank/home/5-8888.html?from=rank
2026-08-07,2026-08-07T11:19:20+08:00,酷狗音乐,热歌榜,酷狗TOP500,2026-08-07,103,特别的人,方大同,,4:19,0F7A79ADAAEEB6EA1DA3E19DD637FD73,965097,https://www.kugou.com/yy/rank/home/5-8888.html?from=rank
2026-08-07,2026-08-07T11:19:20+08:00,酷狗音乐,热歌榜,酷狗TOP500,2026-08-07,104,我不该动情,老板,,3:57,DFA780605FE78F1572761712931024A7,197593768,https://www.kugou.com/yy/rank/home/5-8888.html?from=rank
2026-08-07,2026-08-07T11:19:20+08:00,酷狗音乐,热歌榜,酷狗TOP500,2026-08-07,105,七里香,周杰伦,,4:59,9218D81686C6AC681BC7CA621958AD6D,971783,https://www.kugou.com/yy/rank/home/5-8888.html?from=rank
2026-08-07,2026-08-07T11:19:20+08:00,酷狗音乐,热歌榜,酷狗TOP500,2026-08-07,106,舍得,王唯旖,,4:22,62C406C76F45C3EF39F451F2C4F22D95,1944276,https://www.kugou.com/yy/rank/home/5-8888.html?from=rank
2026-08-07,2026-08-07T11:19:20+08:00,酷狗音乐,热歌榜,酷狗TOP500,2026-08-07,107,西厢寻他,伯爵Johnny、唐伯虎Annie,,3:44,2B657B5B5D781C1A61D7E0D1F5E2DE22,53205523,https://www.kugou.com/yy/rank/home/5-8888.html?from=rank
2026-08-07,2026-08-07T11:19:20+08:00,酷狗音乐,热歌榜,酷狗TOP500,2026-08-07,108,会呼吸的痛,梁静茹,,4:32,1EB00DC46AE8E1446B6A9860A56487AC,500574,https://www.kugou.com/yy/rank/home/5-8888.html?from=rank
2026-08-07,2026-08-07T11:19:20+08:00,酷狗音乐,热歌榜,酷狗TOP500,2026-08-07,109,Always Online,林俊杰,,3:45,16A4E4895905B703AC0F31007A495D4C,963179,https://www.kugou.com/yy/rank/home/5-8888.html?from=rank
2026-08-07,2026-08-07T11:19:20+08:00,酷狗音乐,热歌榜,酷狗TOP500,2026-08-07,110,亲爱的你啊,任素汐,,3:56,C42C2C5C7A68CDAFBF543F29AF883B1D,144348541,https://www.kugou.com/yy/rank/home/5-8888.html?from=rank
2026-08-07,2026-08-07T11:19:20+08:00,酷狗音乐,热歌榜,酷狗TOP500,2026-08-07,111,至少还有你,林忆莲,,4:35,BA9D67DAB59FA6DCE243F4B6B70ACA95,967340,https://www.kugou.com/yy/rank/home/6-8888.html?from=rank
2026-08-07,2026-08-07T11:19:20+08:00,酷狗音乐,热歌榜,酷狗TOP500,2026-08-07,112,来我的岛,刘宇宁,,3:43,424EAB2C807878334DF890BBE262EE74,201648884,https://www.kugou.com/yy/rank/home/6-8888.html?from=rank
2026-08-07,2026-08-07T11:19:20+08:00,酷狗音乐,热歌榜,酷狗TOP500,2026-08-07,113,岁月如笔写春秋,郭少杰,,4:11,6FCF099C6A88F85FC8417AFD452D54FD,190046745,https://www.kugou.com/yy/rank/home/6-8888.html?from=rank
2026-08-07,2026-08-07T11:19:20+08:00,酷狗音乐,热歌榜,酷狗TOP500,2026-08-07,114,We Don't Talk Anymore (Mr. Collipark Remix),Charlie Puth、Selena Gomez,,4:14,8F323B0610BE8D862B7CBB41C3398766,1746993,https://www.kugou.com/yy/rank/home/6-8888.html?from=rank
2026-08-07,2026-08-07T11:19:20+08:00,酷狗音乐,热歌榜,酷狗TOP500,2026-08-07,115,人间共鸣,李健,,4:19,C9A5658204BD4E941F3DB2FB132D4968,176253415,https://www.kugou.com/yy/rank/home/6-8888.html?from=rank
2026-08-07,2026-08-07T11:19:20+08:00,酷狗音乐,热歌榜,酷狗TOP500,2026-08-07,116,只对你有感觉,飞轮海、田馥甄,,3:59,E400C3F475001BA5B0F197F2E1923F47,556347,https://www.kugou.com/yy/rank/home/6-8888.html?from=rank
2026-08-07,2026-08-07T11:19:20+08:00,酷狗音乐,热歌榜,酷狗TOP500,2026-08-07,117,Beauty And A Beat,Justin Bieber、Nicki Minaj,,3:47,FF5719341A9B004AA3E7312D617AE305,16996733,https://www.kugou.com/yy/rank/home/6-8888.html?from=rank
2026-08-07,2026-08-07T11:19:20+08:00,酷狗音乐,热歌榜,酷狗TOP500,2026-08-07,118,差一步,大壮,,4:06,08C2E4AF2BDDB11D36E2B04A51DA30CE,6194568,https://www.kugou.com/yy/rank/home/6-8888.html?from=rank
2026-08-07,2026-08-07T11:19:20+08:00,酷狗音乐,热歌榜,酷狗TOP500,2026-08-07,119,失控,井迪,,4:15,44FE8C442EB1F254D15717F1DC03C9BF,40221609,https://www.kugou.com/yy/rank/home/6-8888.html?from=rank
2026-08-07,2026-08-07T11:19:20+08:00,酷狗音乐,热歌榜,酷狗TOP500,2026-08-07,120,后会无期,汪苏泷、徐良,,3:32,5F86140467A73FBF9C4F339F7B9AFC2C,511536,https://www.kugou.com/yy/rank/home/6-8888.html?from=rank
2026-08-07,2026-08-07T11:19:20+08:00,酷狗音乐,热歌榜,酷狗TOP500,2026-08-07,121,泡沫 (G.E.M.重生版),G.E.M. 邓紫棋,,4:18,53F2510610AC38F0C15F73B2605E5CEE,150256944,https://www.kugou.com/yy/rank/home/6-8888.html?from=rank
2026-08-07,2026-08-07T11:19:20+08:00,酷狗音乐,热歌榜,酷狗TOP500,2026-08-07,122,此生不换,青鸟飞鱼,,4:26,F73630B79647324AB3415C21BFA5BD3D,553897,https://www.kugou.com/yy/rank/home/6-8888.html?from=rank
2026-08-07,2026-08-07T11:19:20+08:00,酷狗音乐,热歌榜,酷狗TOP500,2026-08-07,123,海屿你,DJ铁柱,,4:33,741FD028FD4104B0C1E0017E33D23357,197102975,https://www.kugou.com/yy/rank/home/6-8888.html?from=rank
2026-08-07,2026-08-07T11:19:20+08:00,酷狗音乐,热歌榜,酷狗TOP500,2026-08-07,124,别怕我伤心 (Live),张远,,4:43,985292520343A9547C51A3DE623711B9,201659441,https://www.kugou.com/yy/rank/home/6-8888.html?from=rank
2026-08-07,2026-08-07T11:19:20+08:00,酷狗音乐,热歌榜,酷狗TOP500,2026-08-07,125,猜不透,丁当,,3:53,B1B4CC4F4E90134603CE66CBCF8FA73B,973244,https://www.kugou.com/yy/rank/home/6-8888.html?from=rank
2026-08-07,2026-08-07T11:19:20+08:00,酷狗音乐,热歌榜,酷狗TOP500,2026-08-07,126,一路向北,周杰伦,,4:54,F73F22FB046CA1A135C70417163AF82E,1739223,https://www.kugou.com/yy/rank/home/6-8888.html?from=rank
2026-08-07,2026-08-07T11:19:20+08:00,酷狗音乐,热歌榜,酷狗TOP500,2026-08-07,127,退后,周杰伦,,4:22,5971DE0B235D5B2708D6A6FEB3D31B6F,965291,https://www.kugou.com/yy/rank/home/6-8888.html?from=rank
2026-08-07,2026-08-07T11:19:20+08:00,酷狗音乐,热歌榜,酷狗TOP500,2026-08-07,128,相爱分开都是罪,六哲,,4:20,1A2DE05E3AC06781F4B337F77B1C63DF,2996446,https://www.kugou.com/yy/rank/home/6-8888.html?from=rank
2026-08-07,2026-08-07T11:19:20+08:00,酷狗音乐,热歌榜,酷狗TOP500,2026-08-07,129,夜曲,周杰伦,,3:47,16C8AB298231370293D16BCF9E5FF9B6,958909,https://www.kugou.com/yy/rank/home/6-8888.html?from=rank
2026-08-07,2026-08-07T11:19:20+08:00,酷狗音乐,热歌榜,酷狗TOP500,2026-08-07,130,发如雪,周杰伦,,4:59,1F7E7659B9FFF4FB6F71562A61BBC25F,958909,https://www.kugou.com/yy/rank/home/6-8888.html?from=rank
2026-08-07,2026-08-07T11:19:20+08:00,酷狗音乐,热歌榜,酷狗TOP500,2026-08-07,131,戒烟,李荣浩,,4:54,AF36A623D725B98893DAEFDF8010F22E,49390931,https://www.kugou.com/yy/rank/home/6-8888.html?from=rank
2026-08-07,2026-08-07T11:19:20+08:00,酷狗音乐,热歌榜,酷狗TOP500,2026-08-07,132,春娇与志明,街道办GDC、欧阳耀莹,,3:24,E84947402A5E0952FA067566C10264CB,8543461,https://www.kugou.com/yy/rank/home/6-8888.html?from=rank
2026-08-07,2026-08-07T11:19:20+08:00,酷狗音乐,热歌榜,酷狗TOP500,2026-08-07,133,我不该动情 (藏语男女合唱版),万能和弦,,3:25,E1CDCF04108F3E2A756E3732E80EEF42,199546874,https://www.kugou.com/yy/rank/home/7-8888.html?from=rank
2026-08-07,2026-08-07T11:19:20+08:00,酷狗音乐,热歌榜,酷狗TOP500,2026-08-07,134,舍不得又没资格 (男女合唱版),弦外之音,,2:57,39DBF61AACB72EAEB828D89C947E8AC7,199845860,https://www.kugou.com/yy/rank/home/7-8888.html?from=rank
2026-08-07,2026-08-07T11:19:20+08:00,酷狗音乐,热歌榜,酷狗TOP500,2026-08-07,135,烟火 (孤孤单单一个人),京六,,4:06,495D65F83F80948BE9E2683AEFD0E20A,198377118,https://www.kugou.com/yy/rank/home/7-8888.html?from=rank
2026-08-07,2026-08-07T11:19:20+08:00,酷狗音乐,热歌榜,酷狗TOP500,2026-08-07,136,青花,周传雄,,4:58,09B46455BAE7C613ABD0DB362A5DDBDE,960448,https://www.kugou.com/yy/rank/home/7-8888.html?from=rank
2026-08-07,2026-08-07T11:19:20+08:00,酷狗音乐,热歌榜,酷狗TOP500,2026-08-07,137,体面,于文文,,4:43,B0927C5353E9DD8BD72242BB730DAFF4,8149034,https://www.kugou.com/yy/rank/home/7-8888.html?from=rank
2026-08-07,2026-08-07T11:19:20+08:00,酷狗音乐,热歌榜,酷狗TOP500,2026-08-07,138,那时雨,徐良,,3:34,CE76C60251F6193BC5BBA5B46B977747,16900987,https://www.kugou.com/yy/rank/home/7-8888.html?from=rank
2026-08-07,2026-08-07T11:19:20+08:00,酷狗音乐,热歌榜,酷狗TOP500,2026-08-07,139,泡泡,牛佳钰,,3:37,CB6BD8CDFF1DA01DAEF01C389CBAD645,37403884,https://www.kugou.com/yy/rank/home/7-8888.html?from=rank
2026-08-07,2026-08-07T11:19:20+08:00,酷狗音乐,热歌榜,酷狗TOP500,2026-08-07,140,落了白,蒋雪儿Snow.J,,3:01,74390D89B6BD2E18CFD7F25968EFD98A,40300587,https://www.kugou.com/yy/rank/home/7-8888.html?from=rank
2026-08-07,2026-08-07T11:19:20+08:00,酷狗音乐,热歌榜,酷狗TOP500,2026-08-07,141,素颜,许嵩、何曼婷,,3:59,30C94AE2868E63B1058DA7685E0CDF3B,13264539,https://www.kugou.com/yy/rank/home/7-8888.html?from=rank
2026-08-07,2026-08-07T11:19:20+08:00,酷狗音乐,热歌榜,酷狗TOP500,2026-08-07,142,灰色轨迹,BEYOND,,5:28,4476FAA4B6567CCC2292BFBBCA93CB9C,39629213,https://www.kugou.com/yy/rank/home/7-8888.html?from=rank
2026-08-07,2026-08-07T11:19:20+08:00,酷狗音乐,热歌榜,酷狗TOP500,2026-08-07,143,千千阕歌,陈慧娴,,5:01,81E5A1C3B9E016D61FE91B809B4A7DC1,971621,https://www.kugou.com/yy/rank/home/7-8888.html?from=rank
2026-08-07,2026-08-07T11:19:20+08:00,酷狗音乐,热歌榜,酷狗TOP500,2026-08-07,144,多远都要在一起,G.E.M. 邓紫棋,,3:38,768F6FA531A3D883BE3F6C91AAF60612,555825,https://www.kugou.com/yy/rank/home/7-8888.html?from=rank
2026-08-07,2026-08-07T11:19:20+08:00,酷狗音乐,热歌榜,酷狗TOP500,2026-08-07,145,奢香夫人,凤凰传奇,,4:20,478C572FC9E2E15777A41260DEE293A0,984412,https://www.kugou.com/yy/rank/home/7-8888.html?from=rank
2026-08-07,2026-08-07T11:19:20+08:00,酷狗音乐,热歌榜,酷狗TOP500,2026-08-07,146,成都,赵雷,,5:28,A06B033B356BFC974C5245D0195086A5,1802652,https://www.kugou.com/yy/rank/home/7-8888.html?from=rank
2026-08-07,2026-08-07T11:19:20+08:00,酷狗音乐,热歌榜,酷狗TOP500,2026-08-07,147,我好像在哪见过你,薛之谦,,4:39,6A350E487263733359E7F2B64BD974AC,1747549,https://www.kugou.com/yy/rank/home/7-8888.html?from=rank
2026-08-07,2026-08-07T11:19:20+08:00,酷狗音乐,热歌榜,酷狗TOP500,2026-08-07,148,可不可以,张紫豪,,4:01,6079A2ACBA5E782FE24695FDFCDB1887,9618875,https://www.kugou.com/yy/rank/home/7-8888.html?from=rank
2026-08-07,2026-08-07T11:19:20+08:00,酷狗音乐,热歌榜,酷狗TOP500,2026-08-07,149,不将就,李荣浩,,5:12,E5F0905C662872A9B05A423FD1ED48B5,1004040,https://www.kugou.com/yy/rank/home/7-8888.html?from=rank
2026-08-07,2026-08-07T11:19:20+08:00,酷狗音乐,热歌榜,酷狗TOP500,2026-08-07,150,Baby,Justin Bieber、Ludacris,,3:37,493CD2904FAFDAEB8785CC83B8056F5A,508825,https://www.kugou.com/yy/rank/home/7-8888.html?from=rank
2026-08-07,2026-08-07T11:19:20+08:00,酷狗音乐,热歌榜,酷狗TOP500,2026-08-07,151,我知道,BY2,,4:10,38CB283F880797F94A80968E682191E2,530437,https://www.kugou.com/yy/rank/home/7-8888.html?from=rank
2026-08-07,2026-08-07T11:19:20+08:00,酷狗音乐,热歌榜,酷狗TOP500,2026-08-07,152,过火,张信哲,,5:02,E34CBC6EBE64B9EE9ADB5C46E2178A84,982639,https://www.kugou.com/yy/rank/home/7-8888.html?from=rank
2026-08-07,2026-08-07T11:19:20+08:00,酷狗音乐,热歌榜,酷狗TOP500,2026-08-07,153,种田放羊采野花 (我想余生为自己而活),老韩很哇塞,,3:43,94B695618E96B1D484F9AD1670811C51,201309139,https://www.kugou.com/yy/rank/home/7-8888.html?from=rank
2026-08-07,2026-08-07T11:19:20+08:00,酷狗音乐,热歌榜,酷狗TOP500,2026-08-07,154,听说当初你找过我,贺一航,,4:06,8853D5BDDDE97FEACFAF65371B68AD57,1969900,https://www.kugou.com/yy/rank/home/7-8888.html?from=rank
2026-08-07,2026-08-07T11:19:20+08:00,酷狗音乐,热歌榜,酷狗TOP500,2026-08-07,155,多疑的恋人,王赫野,,3:11,34ACC7CE14848B3370E6748A279FBF3F,195842464,https://www.kugou.com/yy/rank/home/8-8888.html?from=rank
2026-08-07,2026-08-07T11:19:20+08:00,酷狗音乐,热歌榜,酷狗TOP500,2026-08-07,156,阳光下的星星,金海心,,4:44,8B60D8B58137C2D256DAA71B9D84C046,1738155,https://www.kugou.com/yy/rank/home/8-8888.html?from=rank
2026-08-07,2026-08-07T11:19:20+08:00,酷狗音乐,热歌榜,酷狗TOP500,2026-08-07,157,兰亭序,周杰伦,,4:14,4EC10B1B7B9BEB2F0ADB89BBEC5F664B,960399,https://www.kugou.com/yy/rank/home/8-8888.html?from=rank
2026-08-07,2026-08-07T11:19:20+08:00,酷狗音乐,热歌榜,酷狗TOP500,2026-08-07,158,空城,杨坤,,4:38,DA161354AF9D51C38EC4119929AE1F44,2996783,https://www.kugou.com/yy/rank/home/8-8888.html?from=rank
2026-08-07,2026-08-07T11:19:20+08:00,酷狗音乐,热歌榜,酷狗TOP500,2026-08-07,159,讲不出再见,谭咏麟,,4:54,2E0BFDC7BA2F759B0208A58CB2C26523,2337635,https://www.kugou.com/yy/rank/home/8-8888.html?from=rank
2026-08-07,2026-08-07T11:19:20+08:00,酷狗音乐,热歌榜,酷狗TOP500,2026-08-07,160,冷夜,陈默之,,4:07,DC939521FA5F5736A33765D56B90E03C,84595635,https://www.kugou.com/yy/rank/home/8-8888.html?from=rank
2026-08-07,2026-08-07T11:19:20+08:00,酷狗音乐,热歌榜,酷狗TOP500,2026-08-07,161,刻在我心底的名字,卢广仲,,5:20,5CDCAAF9E7B91E94FD012589D00FDBEA,39020767,https://www.kugou.com/yy/rank/home/8-8888.html?from=rank
2026-08-07,2026-08-07T11:19:20+08:00,酷狗音乐,热歌榜,酷狗TOP500,2026-08-07,162,一场游戏一场梦,王杰,,4:17,55340B431243FF5F112527EFC0591232,7547885,https://www.kugou.com/yy/rank/home/8-8888.html?from=rank
2026-08-07,2026-08-07T11:19:20+08:00,酷狗音乐,热歌榜,酷狗TOP500,2026-08-07,163,相见恨晚,彭佳慧,,4:15,01214FB85BAF49AB74F10AFA4C363540,977553,https://www.kugou.com/yy/rank/home/8-8888.html?from=rank
2026-08-07,2026-08-07T11:19:20+08:00,酷狗音乐,热歌榜,酷狗TOP500,2026-08-07,164,我的歌声里,曲婉婷,,3:37,227D8E7B7B6EAF7509BB345A7B718EB2,516422,https://www.kugou.com/yy/rank/home/8-8888.html?from=rank
2026-08-07,2026-08-07T11:19:20+08:00,酷狗音乐,热歌榜,酷狗TOP500,2026-08-07,165,关不上的窗,周传雄,,4:53,C9FF4C5E86A76043F004E3BB17E08942,982655,https://www.kugou.com/yy/rank/home/8-8888.html?from=rank
2026-08-07,2026-08-07T11:19:20+08:00,酷狗音乐,热歌榜,酷狗TOP500,2026-08-07,166,吻别 (烟嗓女版),烟嗓小希,,4:49,12750D3982067B33EB395B9BF2A714E0,200693191,https://www.kugou.com/yy/rank/home/8-8888.html?from=rank
2026-08-07,2026-08-07T11:19:20+08:00,酷狗音乐,热歌榜,酷狗TOP500,2026-08-07,167,什么是逍遥,王同学Able,,3:28,4BF659E4D3060B52D4F9925AF9D0CA02,45288306,https://www.kugou.com/yy/rank/home/8-8888.html?from=rank
2026-08-07,2026-08-07T11:19:20+08:00,酷狗音乐,热歌榜,酷狗TOP500,2026-08-07,168,慢冷 (Live),李荣浩,,2:44,3536800EC50F04EBF68FB22E7AF6B124,59599171,https://www.kugou.com/yy/rank/home/8-8888.html?from=rank
2026-08-07,2026-08-07T11:19:20+08:00,酷狗音乐,热歌榜,酷狗TOP500,2026-08-07,169,失联雨季,晃儿、千禾星摇调音台,,3:06,8D2C06C30E65D0C5E417463AB66B755A,200152557,https://www.kugou.com/yy/rank/home/8-8888.html?from=rank
2026-08-07,2026-08-07T11:19:20+08:00,酷狗音乐,热歌榜,酷狗TOP500,2026-08-07,170,在你的身边,盛哲,,4:22,38698C9A8BB6637CDDE413C6E210FA54,4128050,https://www.kugou.com/yy/rank/home/8-8888.html?from=rank
2026-08-07,2026-08-07T11:19:20+08:00,酷狗音乐,热歌榜,酷狗TOP500,2026-08-07,171,奔赴超无限,周深、北京环球度假区,,3:05,224B0616497B7EBC7A9AF4A2DD636D98,201328354,https://www.kugou.com/yy/rank/home/8-8888.html?from=rank
2026-08-07,2026-08-07T11:19:20+08:00,酷狗音乐,热歌榜,酷狗TOP500,2026-08-07,172,DON'T STOP,刘耀文,,3:09,4341629EBEFD818961CBC53926C463B0,202027472,https://www.kugou.com/yy/rank/home/8-8888.html?from=rank
2026-08-07,2026-08-07T11:19:20+08:00,酷狗音乐,热歌榜,酷狗TOP500,2026-08-07,173,出现又离开 (Live),梁博,,6:43,DEAB3B0160E9A410CE0AAA9ED8AC602E,19284949,https://www.kugou.com/yy/rank/home/8-8888.html?from=rank
2026-08-07,2026-08-07T11:19:20+08:00,酷狗音乐,热歌榜,酷狗TOP500,2026-08-07,174,说好的幸福呢,周杰伦,,4:17,892B7AD62499C97A1A994454423E30F6,960399,https://www.kugou.com/yy/rank/home/8-8888.html?from=rank
2026-08-07,2026-08-07T11:19:20+08:00,酷狗音乐,热歌榜,酷狗TOP500,2026-08-07,175,后来的我们,五月天,,5:46,09120C11A5C376EC7D1640098FA70CDC,1748942,https://www.kugou.com/yy/rank/home/8-8888.html?from=rank
2026-08-07,2026-08-07T11:19:20+08:00,酷狗音乐,热歌榜,酷狗TOP500,2026-08-07,176,我借 (御姐版),铁锤夫妇,,4:07,EC2F26754FED82D125388E7B27D536AA,197901242,https://www.kugou.com/yy/rank/home/8-8888.html?from=rank
2026-08-07,2026-08-07T11:19:20+08:00,酷狗音乐,热歌榜,酷狗TOP500,2026-08-07,177,像我这样爱你的人,落日微醺本薰、张多金,,4:22,2AEE05C92035800815DE6AFEE285FD0B,201366705,https://www.kugou.com/yy/rank/home/9-8888.html?from=rank
2026-08-07,2026-08-07T11:19:20+08:00,酷狗音乐,热歌榜,酷狗TOP500,2026-08-07,178,说了再见,周杰伦,,4:43,966C718DA96EE29B3B466F773BFA9E2F,958812,https://www.kugou.com/yy/rank/home/9-8888.html?from=rank
2026-08-07,2026-08-07T11:19:20+08:00,酷狗音乐,热歌榜,酷狗TOP500,2026-08-07,179,花海,周杰伦,,4:25,3328808CECBD1A1038166003840FDDD7,960399,https://www.kugou.com/yy/rank/home/9-8888.html?from=rank
2026-08-07,2026-08-07T11:19:20+08:00,酷狗音乐,热歌榜,酷狗TOP500,2026-08-07,180,为爱痴狂 (想要问问你敢不敢),金志文,,2:21,8CA8C420761A7C36FF16DD42FE5D331D,194629486,https://www.kugou.com/yy/rank/home/9-8888.html?from=rank
2026-08-07,2026-08-07T11:19:20+08:00,酷狗音乐,热歌榜,酷狗TOP500,2026-08-07,181,疑心病,任然,,4:43,9D8C7468BE4391B85794617090585646,1818864,https://www.kugou.com/yy/rank/home/9-8888.html?from=rank
2026-08-07,2026-08-07T11:19:20+08:00,酷狗音乐,热歌榜,酷狗TOP500,2026-08-07,182,烟花易冷,周杰伦,,4:23,B9FC03DF9015D6BFF0554A110BF2C84F,958812,https://www.kugou.com/yy/rank/home/9-8888.html?from=rank
2026-08-07,2026-08-07T11:19:20+08:00,酷狗音乐,热歌榜,酷狗TOP500,2026-08-07,183,老男孩,筷子兄弟,,4:59,EB494F1F9199AA29F66E056F116D2F1C,17165001,https://www.kugou.com/yy/rank/home/9-8888.html?from=rank
2026-08-07,2026-08-07T11:19:20+08:00,酷狗音乐,热歌榜,酷狗TOP500,2026-08-07,184,Radio (Dum-Dum),宋雨琦 (YUQI),,2:32,E8FFC3F649DA4476E2CEABFF3F94D103,140913986,https://www.kugou.com/yy/rank/home/9-8888.html?from=rank
2026-08-07,2026-08-07T11:19:20+08:00,酷狗音乐,热歌榜,酷狗TOP500,2026-08-07,185,拿什么记念这耗尽真心的几年,邵金刚,,3:59,F46D23D57A124927FCA88F23D46E8921,183333592,https://www.kugou.com/yy/rank/home/9-8888.html?from=rank
2026-08-07,2026-08-07T11:19:20+08:00,酷狗音乐,热歌榜,酷狗TOP500,2026-08-07,186,唯我论者的独白,马嘉祺,,3:40,7251740620390DA2939069838804D0DA,200668871,https://www.kugou.com/yy/rank/home/9-8888.html?from=rank
2026-08-07,2026-08-07T11:19:20+08:00,酷狗音乐,热歌榜,酷狗TOP500,2026-08-07,187,枫,周杰伦,,4:36,0D7E8C11C961A17EB8779FEB0CA772E3,958909,https://www.kugou.com/yy/rank/home/9-8888.html?from=rank
2026-08-07,2026-08-07T11:19:20+08:00,酷狗音乐,热歌榜,酷狗TOP500,2026-08-07,188,琵琶曲,郑浩、冰洁,,3:55,244A022D6CB3FDE50B24E76402053EB3,180917343,https://www.kugou.com/yy/rank/home/9-8888.html?from=rank
2026-08-07,2026-08-07T11:19:20+08:00,酷狗音乐,热歌榜,酷狗TOP500,2026-08-07,189,蒲公英的约定,周杰伦,,4:07,A14373681262867AB43FEF5467F4CC1D,979856,https://www.kugou.com/yy/rank/home/9-8888.html?from=rank
2026-08-07,2026-08-07T11:19:20+08:00,酷狗音乐,热歌榜,酷狗TOP500,2026-08-07,190,沦陷,贾格JuggShots,,3:04,64C2E5D33BE5F53758F3E96DC8EEC3C3,95717116,https://www.kugou.com/yy/rank/home/9-8888.html?from=rank
2026-08-07,2026-08-07T11:19:20+08:00,酷狗音乐,热歌榜,酷狗TOP500,2026-08-07,191,曾经的你,许巍,,4:21,8D27A0FD0D8B6A9059D3FEEC95E2088D,976268,https://www.kugou.com/yy/rank/home/9-8888.html?from=rank
2026-08-07,2026-08-07T11:19:20+08:00,酷狗音乐,热歌榜,酷狗TOP500,2026-08-07,192,可惜没如果,林俊杰,,4:58,57D6EAF8F7E593A2C4B780D8045DE5C1,542795,https://www.kugou.com/yy/rank/home/9-8888.html?from=rank
2026-08-07,2026-08-07T11:19:20+08:00,酷狗音乐,热歌榜,酷狗TOP500,2026-08-07,193,Creepin' up on You,Darren Hayes,,4:53,6348CF4041BEE19FAD536C563C32695A,1593407,https://www.kugou.com/yy/rank/home/9-8888.html?from=rank
2026-08-07,2026-08-07T11:19:20+08:00,酷狗音乐,热歌榜,酷狗TOP500,2026-08-07,194,他真的对你好吗,付豪,,4:18,B1B875147F45355FF807402402F5B573,55501876,https://www.kugou.com/yy/rank/home/9-8888.html?from=rank
2026-08-07,2026-08-07T11:19:20+08:00,酷狗音乐,热歌榜,酷狗TOP500,2026-08-07,195,好人好梦 (雷鬼版),雷鬼白兰的,,3:54,9E76F7AAA7D90F00210E1FD871F6EAB4,195530127,https://www.kugou.com/yy/rank/home/9-8888.html?from=rank
2026-08-07,2026-08-07T11:19:20+08:00,酷狗音乐,热歌榜,酷狗TOP500,2026-08-07,196,Баллада (民谣),Xcho、Мот,,3:02,0B2EC37A6E065AD181378AAD27391F8F,91468549,https://www.kugou.com/yy/rank/home/9-8888.html?from=rank
2026-08-07,2026-08-07T11:19:20+08:00,酷狗音乐,热歌榜,酷狗TOP500,2026-08-07,197,我是真的爱上你,王杰,,5:03,7C353B672AC945A3FE56022000A239FE,2996801,https://www.kugou.com/yy/rank/home/9-8888.html?from=rank
2026-08-07,2026-08-07T11:19:20+08:00,酷狗音乐,热歌榜,酷狗TOP500,2026-08-07,198,天外来物,薛之谦,,4:17,761C1EAFBD1E22504B487F84D2152DF5,40890018,https://www.kugou.com/yy/rank/home/9-8888.html?from=rank
2026-08-07,2026-08-07T11:19:20+08:00,酷狗音乐,热歌榜,酷狗TOP500,2026-08-07,199,爱情转移,陈奕迅,,4:19,A549238FA1B05EABE841DFE110899647,962514,https://www.kugou.com/yy/rank/home/10-8888.html?from=rank
2026-08-07,2026-08-07T11:19:20+08:00,酷狗音乐,热歌榜,酷狗TOP500,2026-08-07,200,遗留在岁月的曾经,曲木老表,,3:49,4C1A5D2BD02B857C72364B1416124256,167884062,https://www.kugou.com/yy/rank/home/10-8888.html?from=rank
2026-08-07,2026-08-07T11:19:20+08:00,酷狗音乐,热歌榜,酷狗TOP500,2026-08-07,201,梦的翅膀受了伤,蒋雪儿Snow.J,,4:36,7B00B1F90C13C270CE96EA51DA863B96,1965074,https://www.kugou.com/yy/rank/home/10-8888.html?from=rank
2026-08-07,2026-08-07T11:19:20+08:00,酷狗音乐,热歌榜,酷狗TOP500,2026-08-07,202,太聪明,陈绮贞,,4:23,89101DA817101FEA0C9ECF64EAE2B46F,959335,https://www.kugou.com/yy/rank/home/10-8888.html?from=rank
2026-08-07,2026-08-07T11:19:20+08:00,酷狗音乐,热歌榜,酷狗TOP500,2026-08-07,203,西海情歌,刀郎,,5:43,0E5FB14E78AFF13C2DEF97C814537CB7,984281,https://www.kugou.com/yy/rank/home/10-8888.html?from=rank
2026-08-07,2026-08-07T11:19:20+08:00,酷狗音乐,热歌榜,酷狗TOP500,2026-08-07,204,牵丝戏,银临、Aki阿杰,,3:59,5E7FF596F7D6021DA63AF36E91BECE4B,568968,https://www.kugou.com/yy/rank/home/10-8888.html?from=rank
2026-08-07,2026-08-07T11:19:20+08:00,酷狗音乐,热歌榜,酷狗TOP500,2026-08-07,205,爱你太多,刘一手,,3:41,284D6DEC3BF7D23E0EA79B5C70C3F2D1,201304866,https://www.kugou.com/yy/rank/home/10-8888.html?from=rank
2026-08-07,2026-08-07T11:19:20+08:00,酷狗音乐,热歌榜,酷狗TOP500,2026-08-07,206,下一个天亮,郭静,,4:27,7E2AD47232E7148C642B6836041826C9,971139,https://www.kugou.com/yy/rank/home/10-8888.html?from=rank
2026-08-07,2026-08-07T11:19:20+08:00,酷狗音乐,热歌榜,酷狗TOP500,2026-08-07,207,去年夏天,王大毛,,4:05,5CD03A78A74761494A39CADFAA832550,8542577,https://www.kugou.com/yy/rank/home/10-8888.html?from=rank
2026-08-07,2026-08-07T11:19:20+08:00,酷狗音乐,热歌榜,酷狗TOP500,2026-08-07,208,远走高飞 (独唱版),金志文,,4:02,7196122D828128AF3173560B82528092,2139938,https://www.kugou.com/yy/rank/home/10-8888.html?from=rank
2026-08-07,2026-08-07T11:19:20+08:00,酷狗音乐,热歌榜,酷狗TOP500,2026-08-07,209,不该 (with aMEI),周杰伦、张惠妹,,4:51,FCF336E81DA45A8E696032FFC1708175,1645030,https://www.kugou.com/yy/rank/home/10-8888.html?from=rank
2026-08-07,2026-08-07T11:19:20+08:00,酷狗音乐,热歌榜,酷狗TOP500,2026-08-07,210,冲动的惩罚,刀郎,,7:54,84073718AE6A82366444C3B5AE526FAC,964521,https://www.kugou.com/yy/rank/home/10-8888.html?from=rank
2026-08-07,2026-08-07T11:19:20+08:00,酷狗音乐,热歌榜,酷狗TOP500,2026-08-07,211,谁 (男女扎心合唱),梨子芥菜、戚悦,,3:58,38DAABE4EEA0ADDC04897AC14E15B54E,185936379,https://www.kugou.com/yy/rank/home/10-8888.html?from=rank
2026-08-07,2026-08-07T11:19:20+08:00,酷狗音乐,热歌榜,酷狗TOP500,2026-08-07,212,求求你别再说爱我,杨不乖,,3:30,B847847C32E0A77E3AF6833B765EE836,200754416,https://www.kugou.com/yy/rank/home/10-8888.html?from=rank
2026-08-07,2026-08-07T11:19:20+08:00,酷狗音乐,热歌榜,酷狗TOP500,2026-08-07,213,租购,薛之谦,,4:31,B96A6102B2238E21C463E96A7D81E840,130133801,https://www.kugou.com/yy/rank/home/10-8888.html?from=rank
2026-08-07,2026-08-07T11:19:20+08:00,酷狗音乐,热歌榜,酷狗TOP500,2026-08-07,214,没那么简单,黄小琥,,5:08,90D82FB9EB6C1F5385F6F086318EE1FA,962530,https://www.kugou.com/yy/rank/home/10-8888.html?from=rank
2026-08-07,2026-08-07T11:19:20+08:00,酷狗音乐,热歌榜,酷狗TOP500,2026-08-07,215,我曾心比天高 (温柔女生版),A小咩咩,,2:28,E8D11253DAC770F89946A95AE7A4781E,193841549,https://www.kugou.com/yy/rank/home/10-8888.html?from=rank
2026-08-07,2026-08-07T11:19:20+08:00,酷狗音乐,热歌榜,酷狗TOP500,2026-08-07,216,同花顺,林倛玉,,3:57,87C979FC3CBA27D6345528A1BEF05477,8603846,https://www.kugou.com/yy/rank/home/10-8888.html?from=rank
2026-08-07,2026-08-07T11:19:20+08:00,酷狗音乐,热歌榜,酷狗TOP500,2026-08-07,217,你最近还好吗,Ghost (王琳凯),,3:31,A1ADE90292D40A8A23F54DA5C3B2E96A,35318614,https://www.kugou.com/yy/rank/home/10-8888.html?from=rank
2026-08-07,2026-08-07T11:19:20+08:00,酷狗音乐,热歌榜,酷狗TOP500,2026-08-07,218,是你没选我啊,音乐科代表洪嘉源,,3:07,65D611715B7CC7131E6629F5E1745544,172307133,https://www.kugou.com/yy/rank/home/10-8888.html?from=rank
2026-08-07,2026-08-07T11:19:20+08:00,酷狗音乐,热歌榜,酷狗TOP500,2026-08-07,219,有何不可,许嵩,,4:01,B3D5D7D3A140628D1605BD392467E348,973251,https://www.kugou.com/yy/rank/home/10-8888.html?from=rank
2026-08-07,2026-08-07T11:19:20+08:00,酷狗音乐,热歌榜,酷狗TOP500,2026-08-07,220,Alive,Blue,,3:40,996EE22D2450A7C7528394F7F98432E6,560693,https://www.kugou.com/yy/rank/home/10-8888.html?from=rank
2026-08-07,2026-08-07T11:19:20+08:00,酷狗音乐,热歌榜,酷狗TOP500,2026-08-07,221,我记得,赵雷,,5:30,8CE80CF10A01F37354D63E49C1B60B60,60018447,https://www.kugou.com/yy/rank/home/11-8888.html?from=rank
2026-08-07,2026-08-07T11:19:20+08:00,酷狗音乐,热歌榜,酷狗TOP500,2026-08-07,222,先说爱的人为什么先离开,田园,,3:40,6379393814B0A74AB7B87B2FA9E87689,107655422,https://www.kugou.com/yy/rank/home/11-8888.html?from=rank
2026-08-07,2026-08-07T11:19:20+08:00,酷狗音乐,热歌榜,酷狗TOP500,2026-08-07,223,半点心,草蜢,,3:52,6DF94BFD206BB819120C0D021B93EDBC,564642,https://www.kugou.com/yy/rank/home/11-8888.html?from=rank
2026-08-07,2026-08-07T11:19:20+08:00,酷狗音乐,热歌榜,酷狗TOP500,2026-08-07,224,蓝莲花,许巍,,4:31,EDCDC42FEE3A4BC8F2ADBAF96ADE9D77,15247919,https://www.kugou.com/yy/rank/home/11-8888.html?from=rank
2026-08-07,2026-08-07T11:19:20+08:00,酷狗音乐,热歌榜,酷狗TOP500,2026-08-07,225,爱如潮水,张信哲,,4:31,7D372165ED6AD2C00DD2B473529BE9CE,538030,https://www.kugou.com/yy/rank/home/11-8888.html?from=rank
2026-08-07,2026-08-07T11:19:20+08:00,酷狗音乐,热歌榜,酷狗TOP500,2026-08-07,226,忘了你忘了我,王杰,,4:38,95CBD367E98724883CA99874AD626446,962390,https://www.kugou.com/yy/rank/home/11-8888.html?from=rank
2026-08-07,2026-08-07T11:19:20+08:00,酷狗音乐,热歌榜,酷狗TOP500,2026-08-07,227,起风了,买辣椒也用券,,5:26,5C035CBF390FEF6B536020A57749EF70,53218722,https://www.kugou.com/yy/rank/home/11-8888.html?from=rank
2026-08-07,2026-08-07T11:19:20+08:00,酷狗音乐,热歌榜,酷狗TOP500,2026-08-07,228,红颜旧 (氛围版),周深深,,3:48,76FA92299B2443816030D744CF70FA3B,198814170,https://www.kugou.com/yy/rank/home/11-8888.html?from=rank
2026-08-07,2026-08-07T11:19:20+08:00,酷狗音乐,热歌榜,酷狗TOP500,2026-08-07,229,三万英尺 (氛围版),瑞-Gary、东木木,,4:51,FE0AD509C6219D2CEAA68A3029B23805,200405242,https://www.kugou.com/yy/rank/home/11-8888.html?from=rank
2026-08-07,2026-08-07T11:19:20+08:00,酷狗音乐,热歌榜,酷狗TOP500,2026-08-07,230,土坡上的狗尾草,卢润泽,,3:15,5E40742110D3DB109A22BDB1012C6EBB,104913971,https://www.kugou.com/yy/rank/home/11-8888.html?from=rank
2026-08-07,2026-08-07T11:19:20+08:00,酷狗音乐,热歌榜,酷狗TOP500,2026-08-07,231,一样的月光,徐佳莹,,4:00,E470A579E87A5436E68FAA51AD18A379,972101,https://www.kugou.com/yy/rank/home/11-8888.html?from=rank
2026-08-07,2026-08-07T11:19:20+08:00,酷狗音乐,热歌榜,酷狗TOP500,2026-08-07,232,明明就,周杰伦,,4:20,D85C14E02008B7A2F97D55CDC29C2221,982051,https://www.kugou.com/yy/rank/home/11-8888.html?from=rank
2026-08-07,2026-08-07T11:19:20+08:00,酷狗音乐,热歌榜,酷狗TOP500,2026-08-07,233,飞鸟和蝉,任然,,4:56,EB5F5AF3993F6537F2C70B959F2DCD6B,38339036,https://www.kugou.com/yy/rank/home/11-8888.html?from=rank
2026-08-07,2026-08-07T11:19:20+08:00,酷狗音乐,热歌榜,酷狗TOP500,2026-08-07,234,英雄出处,高冷,,3:19,9CBBBCAAF22AA9C5A0D203C5924B3854,198302448,https://www.kugou.com/yy/rank/home/11-8888.html?from=rank
2026-08-07,2026-08-07T11:19:20+08:00,酷狗音乐,热歌榜,酷狗TOP500,2026-08-07,235,水手,郑智化,,4:53,6DCF10DEA98A7C9F755BE385E822BE05,967718,https://www.kugou.com/yy/rank/home/11-8888.html?from=rank
2026-08-07,2026-08-07T11:19:20+08:00,酷狗音乐,热歌榜,酷狗TOP500,2026-08-07,236,空心,光泽,,4:39,4465EE613CC3CF7DCF9448F8ACFED1CA,4141939,https://www.kugou.com/yy/rank/home/11-8888.html?from=rank
2026-08-07,2026-08-07T11:19:20+08:00,酷狗音乐,热歌榜,酷狗TOP500,2026-08-07,237,珊瑚海,周杰伦、Lara梁心颐,,4:16,90E34F0C582168E7EA857915771AB220,958909,https://www.kugou.com/yy/rank/home/11-8888.html?from=rank
2026-08-07,2026-08-07T11:19:20+08:00,酷狗音乐,热歌榜,酷狗TOP500,2026-08-07,238,比石头还硬的心,高冷,,3:40,EB25D70A5D8DFD50F479ADE68C77DB70,191837924,https://www.kugou.com/yy/rank/home/11-8888.html?from=rank
2026-08-07,2026-08-07T11:19:20+08:00,酷狗音乐,热歌榜,酷狗TOP500,2026-08-07,239,琵琶行,奇然、沈谧仁,,5:35,0AB355EF75A56A57E1790734B2E26ED9,2563381,https://www.kugou.com/yy/rank/home/11-8888.html?from=rank
2026-08-07,2026-08-07T11:19:20+08:00,酷狗音乐,热歌榜,酷狗TOP500,2026-08-07,240,勋章,鹿晗,,3:34,6FB3EB3F13CD64DF6E9784F6E487BAB1,2059004,https://www.kugou.com/yy/rank/home/11-8888.html?from=rank
2026-08-07,2026-08-07T11:19:20+08:00,酷狗音乐,热歌榜,酷狗TOP500,2026-08-07,241,你瞒我瞒,陈柏宇,,3:58,E8EE57D671769402710C4FF9259D841F,965453,https://www.kugou.com/yy/rank/home/11-8888.html?from=rank
2026-08-07,2026-08-07T11:19:20+08:00,酷狗音乐,热歌榜,酷狗TOP500,2026-08-07,242,最长的电影,周杰伦,,3:56,2F6D441163A92AEE5E52B8E94F36A3C7,979856,https://www.kugou.com/yy/rank/home/11-8888.html?from=rank
2026-08-07,2026-08-07T11:19:20+08:00,酷狗音乐,热歌榜,酷狗TOP500,2026-08-07,243,吹梦到西洲,昭爻tsuki、千世,,5:15,FB50469DA48A8CE34532F2888578B7B8,25402785,https://www.kugou.com/yy/rank/home/12-8888.html?from=rank
2026-08-07,2026-08-07T11:19:20+08:00,酷狗音乐,热歌榜,酷狗TOP500,2026-08-07,244,模特,李荣浩,,5:06,87EBC49856D2CB3C04992C9A87E5A5C5,968143,https://www.kugou.com/yy/rank/home/12-8888.html?from=rank
2026-08-07,2026-08-07T11:19:20+08:00,酷狗音乐,热歌榜,酷狗TOP500,2026-08-07,245,迷人的危险,Dance Flow,,3:26,0F666EF632DB9404308219BE5AAE43B4,551560,https://www.kugou.com/yy/rank/home/12-8888.html?from=rank
2026-08-07,2026-08-07T11:19:20+08:00,酷狗音乐,热歌榜,酷狗TOP500,2026-08-07,246,如果当时,许嵩,,5:16,697712B7504DA5541C3ED4D117AE1018,973251,https://www.kugou.com/yy/rank/home/12-8888.html?from=rank
2026-08-07,2026-08-07T11:19:20+08:00,酷狗音乐,热歌榜,酷狗TOP500,2026-08-07,247,如果可以,韦礼安,,4:34,70425DF5F0C9FCED5E0468189A7F4A70,49958186,https://www.kugou.com/yy/rank/home/12-8888.html?from=rank
2026-08-07,2026-08-07T11:19:20+08:00,酷狗音乐,热歌榜,酷狗TOP500,2026-08-07,248,是我不够好,李毓芬,,3:37,2B152C85BA2B73CBC79EA722928EF425,1590098,https://www.kugou.com/yy/rank/home/12-8888.html?from=rank
2026-08-07,2026-08-07T11:19:20+08:00,酷狗音乐,热歌榜,酷狗TOP500,2026-08-07,249,第一次爱的人,王心凌,,3:53,38539E18FBB3E9A8DFA84A892CA718F6,979891,https://www.kugou.com/yy/rank/home/12-8888.html?from=rank
2026-08-07,2026-08-07T11:19:20+08:00,酷狗音乐,热歌榜,酷狗TOP500,2026-08-07,250,我走后,小咪,,4:08,00751DE0946619BCDE4A4E15397F2A15,22216764,https://www.kugou.com/yy/rank/home/12-8888.html?from=rank
2026-08-07,2026-08-07T11:19:20+08:00,酷狗音乐,热歌榜,酷狗TOP500,2026-08-07,251,幻听,许嵩,,4:33,24F5E7555646965CD7D1A924452B3300,973046,https://www.kugou.com/yy/rank/home/12-8888.html?from=rank
2026-08-07,2026-08-07T11:19:20+08:00,酷狗音乐,热歌榜,酷狗TOP500,2026-08-07,252,年少有为,李荣浩,,4:39,3A5C1D6CDABB2FDA813F8F8B7E4D08B0,8873395,https://www.kugou.com/yy/rank/home/12-8888.html?from=rank
2026-08-07,2026-08-07T11:19:20+08:00,酷狗音乐,热歌榜,酷狗TOP500,2026-08-07,253,Lonely,Nana,,6:21,DD6AD636BD00699C1218CD25D7657099,45833884,https://www.kugou.com/yy/rank/home/12-8888.html?from=rank
2026-08-07,2026-08-07T11:19:20+08:00,酷狗音乐,热歌榜,酷狗TOP500,2026-08-07,254,我不配,周杰伦,,4:49,00CBE76AE7676D5D2A3D832D202C8FFD,979856,https://www.kugou.com/yy/rank/home/12-8888.html?from=rank
2026-08-07,2026-08-07T11:19:20+08:00,酷狗音乐,热歌榜,酷狗TOP500,2026-08-07,255,哼着你爱听的歌 (女版),田园,,3:20,37B0685181098FB8427291594EDBC8CD,162686180,https://www.kugou.com/yy/rank/home/12-8888.html?from=rank
2026-08-07,2026-08-07T11:19:20+08:00,酷狗音乐,热歌榜,酷狗TOP500,2026-08-07,256,踏马寻花向自由 (洒脱版),好多倩,,2:59,267BCC5B7FDFFDFD32A6BD45103ABDED,201351548,https://www.kugou.com/yy/rank/home/12-8888.html?from=rank
2026-08-07,2026-08-07T11:19:20+08:00,酷狗音乐,热歌榜,酷狗TOP500,2026-08-07,257,不浪漫罪名,王杰,,4:48,4255D3F001B95B07F2D5BE330D14A780,503247,https://www.kugou.com/yy/rank/home/12-8888.html?from=rank
2026-08-07,2026-08-07T11:19:20+08:00,酷狗音乐,热歌榜,酷狗TOP500,2026-08-07,258,座位,于冬然,,3:29,D87A09DB3166215E5DFD4A30C922509E,137485296,https://www.kugou.com/yy/rank/home/12-8888.html?from=rank
2026-08-07,2026-08-07T11:19:20+08:00,酷狗音乐,热歌榜,酷狗TOP500,2026-08-07,259,IF YOU,BIGBANG,,4:24,33C5FC6AB3AF0B5B142F12C9556CB178,549436,https://www.kugou.com/yy/rank/home/12-8888.html?from=rank
2026-08-07,2026-08-07T11:19:20+08:00,酷狗音乐,热歌榜,酷狗TOP500,2026-08-07,260,爱旧爱 (怪我曾爱你爱的太深),恩几,,2:48,E8973BC4EF96021352693BBD9E34D9E2,200504903,https://www.kugou.com/yy/rank/home/12-8888.html?from=rank
2026-08-07,2026-08-07T11:19:20+08:00,酷狗音乐,热歌榜,酷狗TOP500,2026-08-07,261,无名的人,毛不易,,4:42,525A854C4A4EDF63CAF528D693F69CE0,51231315,https://www.kugou.com/yy/rank/home/12-8888.html?from=rank
2026-08-07,2026-08-07T11:19:20+08:00,酷狗音乐,热歌榜,酷狗TOP500,2026-08-07,262,老街,李荣浩,,5:19,30E7F7CCB57EB16D1BE3EC71D7ADB071,964378,https://www.kugou.com/yy/rank/home/12-8888.html?from=rank
2026-08-07,2026-08-07T11:19:20+08:00,酷狗音乐,热歌榜,酷狗TOP500,2026-08-07,263,记事本,陈慧琳,,4:11,26684870E2CE3936A3D72559F67C0606,2996651,https://www.kugou.com/yy/rank/home/12-8888.html?from=rank
2026-08-07,2026-08-07T11:19:20+08:00,酷狗音乐,热歌榜,酷狗TOP500,2026-08-07,264,最后一页,江语晨,,4:06,EF053996094A323B42C35195E9781A30,1596655,https://www.kugou.com/yy/rank/home/12-8888.html?from=rank
2026-08-07,2026-08-07T11:19:20+08:00,酷狗音乐,热歌榜,酷狗TOP500,2026-08-07,265,虚拟,陈粒,,4:01,AEF0740270FE89918F07807C8D669FB7,1749208,https://www.kugou.com/yy/rank/home/13-8888.html?from=rank
2026-08-07,2026-08-07T11:19:20+08:00,酷狗音乐,热歌榜,酷狗TOP500,2026-08-07,266,瞬,郑润泽,,4:45,C06970FDB48E8E1F9BBC7577B7BC1938,75949211,https://www.kugou.com/yy/rank/home/13-8888.html?from=rank
2026-08-07,2026-08-07T11:19:20+08:00,酷狗音乐,热歌榜,酷狗TOP500,2026-08-07,267,夏天的风,温岚,,4:01,33431BA8C2FB438ED064AE5DEEB2985F,2997111,https://www.kugou.com/yy/rank/home/13-8888.html?from=rank
2026-08-07,2026-08-07T11:19:20+08:00,酷狗音乐,热歌榜,酷狗TOP500,2026-08-07,268,岸边客,夏子航（2603）,,4:32,E87EEB7804D4708714E6C38DE1F8E649,161846818,https://www.kugou.com/yy/rank/home/13-8888.html?from=rank
2026-08-07,2026-08-07T11:19:20+08:00,酷狗音乐,热歌榜,酷狗TOP500,2026-08-07,269,背着风流泪,文夫,,4:14,93313560CDE28F74AA7D2894E3C4D7F7,146986506,https://www.kugou.com/yy/rank/home/13-8888.html?from=rank
2026-08-07,2026-08-07T11:19:20+08:00,酷狗音乐,热歌榜,酷狗TOP500,2026-08-07,270,坠落,蔡健雅,,4:10,233254CB517BAA74387361C2158519DA,974379,https://www.kugou.com/yy/rank/home/13-8888.html?from=rank
2026-08-07,2026-08-07T11:19:20+08:00,酷狗音乐,热歌榜,酷狗TOP500,2026-08-07,271,想你的夜,关喆,,4:25,1404A292A6E122C99696BDFF04CE982F,963737,https://www.kugou.com/yy/rank/home/13-8888.html?from=rank
2026-08-07,2026-08-07T11:19:20+08:00,酷狗音乐,热歌榜,酷狗TOP500,2026-08-07,272,我好想你 (苏打绿版),苏打绿,,5:29,55FEA1927AC4D460F6EB3B9262AC9981,108011230,https://www.kugou.com/yy/rank/home/13-8888.html?from=rank
2026-08-07,2026-08-07T11:19:20+08:00,酷狗音乐,热歌榜,酷狗TOP500,2026-08-07,273,老人与海,海鸣威、吴琼,,4:26,64550F3E833ABE710545EA84FC82754E,1778632,https://www.kugou.com/yy/rank/home/13-8888.html?from=rank
2026-08-07,2026-08-07T11:19:20+08:00,酷狗音乐,热歌榜,酷狗TOP500,2026-08-07,274,不遗憾,李荣浩,,5:20,40CE38D5DB930F404EB26F58978BEC3D,44404137,https://www.kugou.com/yy/rank/home/13-8888.html?from=rank
2026-08-07,2026-08-07T11:19:20+08:00,酷狗音乐,热歌榜,酷狗TOP500,2026-08-07,275,雪下的时候,乔佳旭,,4:24,F6B3AA5971A01E755A344C2256606418,35913748,https://www.kugou.com/yy/rank/home/13-8888.html?from=rank
2026-08-07,2026-08-07T11:19:20+08:00,酷狗音乐,热歌榜,酷狗TOP500,2026-08-07,276,我们的歌,王力宏,,4:08,4E294957A0D9B72A78B61F3C2A63B6CC,503223,https://www.kugou.com/yy/rank/home/13-8888.html?from=rank
2026-08-07,2026-08-07T11:19:20+08:00,酷狗音乐,热歌榜,酷狗TOP500,2026-08-07,277,感谢你曾来过,Ayo97、周思涵,,4:10,39DCBBDCB0B377628BEF5FD48EF01254,9101627,https://www.kugou.com/yy/rank/home/13-8888.html?from=rank
2026-08-07,2026-08-07T11:19:20+08:00,酷狗音乐,热歌榜,酷狗TOP500,2026-08-07,278,风若是拦不住,亚飞,,3:17,580E4A7F99C7C8C8959627E5D33C8FC7,200516203,https://www.kugou.com/yy/rank/home/13-8888.html?from=rank
2026-08-07,2026-08-07T11:19:20+08:00,酷狗音乐,热歌榜,酷狗TOP500,2026-08-07,279,喜欢你 (G.E.M.重生版),G.E.M. 邓紫棋,,4:03,AA4D82A7506DE809B7A89F91B73F3E1E,150256944,https://www.kugou.com/yy/rank/home/13-8888.html?from=rank
2026-08-07,2026-08-07T11:19:20+08:00,酷狗音乐,热歌榜,酷狗TOP500,2026-08-07,280,落空,印子月,,3:53,F2823FEC8D01EDE2587ED3D32F787782,15394482,https://www.kugou.com/yy/rank/home/13-8888.html?from=rank
2026-08-07,2026-08-07T11:19:20+08:00,酷狗音乐,热歌榜,酷狗TOP500,2026-08-07,281,断点,张敬轩,,4:28,2C2A571D91FF7BF6FE814887FFA7E592,2996592,https://www.kugou.com/yy/rank/home/13-8888.html?from=rank
2026-08-07,2026-08-07T11:19:20+08:00,酷狗音乐,热歌榜,酷狗TOP500,2026-08-07,282,是非题,莫文蔚,,4:07,60431D272D830AC994DF2584BA56D196,973717,https://www.kugou.com/yy/rank/home/13-8888.html?from=rank
2026-08-07,2026-08-07T11:19:20+08:00,酷狗音乐,热歌榜,酷狗TOP500,2026-08-07,283,平凡之路,朴树,,5:01,2BE5DE80E68B3346918D38CF7527D979,2944963,https://www.kugou.com/yy/rank/home/13-8888.html?from=rank
2026-08-07,2026-08-07T11:19:20+08:00,酷狗音乐,热歌榜,酷狗TOP500,2026-08-07,284,夏夜最后的烟火,颜人中,,4:40,4E418EDAB22093B51C78C81C0A8C9B31,39949767,https://www.kugou.com/yy/rank/home/13-8888.html?from=rank
2026-08-07,2026-08-07T11:19:20+08:00,酷狗音乐,热歌榜,酷狗TOP500,2026-08-07,285,恶作剧,王蓝茵,,3:47,05B893FC78627C3F5635491BBB35167E,720564,https://www.kugou.com/yy/rank/home/13-8888.html?from=rank
2026-08-07,2026-08-07T11:19:20+08:00,酷狗音乐,热歌榜,酷狗TOP500,2026-08-07,286,你还要我怎样,薛之谦,,5:11,8C6AAC48FB5C3759042E4C8699544C6F,960327,https://www.kugou.com/yy/rank/home/13-8888.html?from=rank
2026-08-07,2026-08-07T11:19:20+08:00,酷狗音乐,热歌榜,酷狗TOP500,2026-08-07,287,再见只是陌生人,庄心妍,,4:12,67F2E5F1B47C2B86E201518FD24D9831,556403,https://www.kugou.com/yy/rank/home/14-8888.html?from=rank
2026-08-07,2026-08-07T11:19:20+08:00,酷狗音乐,热歌榜,酷狗TOP500,2026-08-07,288,忘记时间,胡歌,,4:32,BB2759C850804CB32A55480D85D21080,493001,https://www.kugou.com/yy/rank/home/14-8888.html?from=rank
2026-08-07,2026-08-07T11:19:20+08:00,酷狗音乐,热歌榜,酷狗TOP500,2026-08-07,289,雨蝶,李翊君,,3:51,C83424ACF417185057E278554B91D4C0,7549108,https://www.kugou.com/yy/rank/home/14-8888.html?from=rank
2026-08-07,2026-08-07T11:19:20+08:00,酷狗音乐,热歌榜,酷狗TOP500,2026-08-07,290,执子之手,宝石Gem、哩哩,,3:10,A84D44A92F427A3198ECEE703B708478,61962429,https://www.kugou.com/yy/rank/home/14-8888.html?from=rank
2026-08-07,2026-08-07T11:19:20+08:00,酷狗音乐,热歌榜,酷狗TOP500,2026-08-07,291,遗失的心跳,萧亚轩,,3:37,54C1A6E877BB37D052A86D4C41604FE7,521727,https://www.kugou.com/yy/rank/home/14-8888.html?from=rank
2026-08-07,2026-08-07T11:19:20+08:00,酷狗音乐,热歌榜,酷狗TOP500,2026-08-07,292,白鸽乌鸦相爱的戏码,潘成（皮卡潘）,,2:54,1B5005F285D8B7FD083CA61C5753E9DB,100112898,https://www.kugou.com/yy/rank/home/14-8888.html?from=rank
2026-08-07,2026-08-07T11:19:20+08:00,酷狗音乐,热歌榜,酷狗TOP500,2026-08-07,293,简单爱,周杰伦,,4:30,6E44CE19BE5872384FA184B995CCE23B,958706,https://www.kugou.com/yy/rank/home/14-8888.html?from=rank
2026-08-07,2026-08-07T11:19:20+08:00,酷狗音乐,热歌榜,酷狗TOP500,2026-08-07,294,不潮不用花钱,林俊杰,,3:54,5A84BBA4C673BEA45083C521ADF366AF,963179,https://www.kugou.com/yy/rank/home/14-8888.html?from=rank
2026-08-07,2026-08-07T11:19:20+08:00,酷狗音乐,热歌榜,酷狗TOP500,2026-08-07,295,幻痛药 Hurt And Hurt,Tlatre特雷西、LSGCsikoriot,,2:56,EF32A5F959644BE4ECFC9DC2521F535E,51577370,https://www.kugou.com/yy/rank/home/14-8888.html?from=rank
2026-08-07,2026-08-07T11:19:20+08:00,酷狗音乐,热歌榜,酷狗TOP500,2026-08-07,296,谁明浪子心,王杰,,5:01,1E54C9C01C9DFC5C68F743368F353711,983991,https://www.kugou.com/yy/rank/home/14-8888.html?from=rank
2026-08-07,2026-08-07T11:19:20+08:00,酷狗音乐,热歌榜,酷狗TOP500,2026-08-07,297,半岛铁盒,周杰伦,,5:19,67BA8A4A0681F2078BC423CB13B904B7,961807,https://www.kugou.com/yy/rank/home/14-8888.html?from=rank
2026-08-07,2026-08-07T11:19:20+08:00,酷狗音乐,热歌榜,酷狗TOP500,2026-08-07,298,是你没选我啊,于冬然,,3:22,885046DF8380B7506A6B12EC8F6E201D,176303736,https://www.kugou.com/yy/rank/home/14-8888.html?from=rank
2026-08-07,2026-08-07T11:19:20+08:00,酷狗音乐,热歌榜,酷狗TOP500,2026-08-07,299,离人赋,云汐,,3:57,321EC3B1BB1D8F1D2EFB7A40AC911CA4,64168081,https://www.kugou.com/yy/rank/home/14-8888.html?from=rank
2026-08-07,2026-08-07T11:19:20+08:00,酷狗音乐,热歌榜,酷狗TOP500,2026-08-07,300,九百九十九朵玫瑰 (r&b),落日微醺,,4:07,0969B2B26405C8DDEC7C72292F794D48,184352572,https://www.kugou.com/yy/rank/home/14-8888.html?from=rank
2026-08-07,2026-08-07T11:19:20+08:00,酷狗音乐,热歌榜,酷狗TOP500,2026-08-07,301,也许在下雨天 (走心对唱版),何遇Hayu、杜一、吕嘉慧,,3:48,D1FE9671D9D581E1F73B972728B3696B,201332274,https://www.kugou.com/yy/rank/home/14-8888.html?from=rank
2026-08-07,2026-08-07T11:19:20+08:00,酷狗音乐,热歌榜,酷狗TOP500,2026-08-07,302,世界上的另一个我,阿肆、郭采洁,,3:58,73C0E5566146583A631C9A94203405D6,4255765,https://www.kugou.com/yy/rank/home/14-8888.html?from=rank
2026-08-07,2026-08-07T11:19:20+08:00,酷狗音乐,热歌榜,酷狗TOP500,2026-08-07,303,你的承诺,海鸣威,,3:53,B1996C2589FADECA9759A420E1EC3FE3,19347507,https://www.kugou.com/yy/rank/home/14-8888.html?from=rank
2026-08-07,2026-08-07T11:19:20+08:00,酷狗音乐,热歌榜,酷狗TOP500,2026-08-07,304,你就不要想起我,田馥甄,,4:41,33E67CD9B775093E93CBABBD649DF087,965595,https://www.kugou.com/yy/rank/home/14-8888.html?from=rank
2026-08-07,2026-08-07T11:19:20+08:00,酷狗音乐,热歌榜,酷狗TOP500,2026-08-07,305,天地龙鳞,王力宏,,3:17,DD83DC4A30C3A05D60FFCE6944FB441C,50749156,https://www.kugou.com/yy/rank/home/14-8888.html?from=rank
2026-08-07,2026-08-07T11:19:20+08:00,酷狗音乐,热歌榜,酷狗TOP500,2026-08-07,306,广东爱情故事,广东雨神,,3:34,7A2956668C7D5393FF16AD930C23F2FD,4162049,https://www.kugou.com/yy/rank/home/14-8888.html?from=rank
2026-08-07,2026-08-07T11:19:20+08:00,酷狗音乐,热歌榜,酷狗TOP500,2026-08-07,307,壁上观 (边水版),七元,,3:34,5F0B062803F1D48C8C6DA26B2844DF46,103326092,https://www.kugou.com/yy/rank/home/14-8888.html?from=rank
2026-08-07,2026-08-07T11:19:20+08:00,酷狗音乐,热歌榜,酷狗TOP500,2026-08-07,308,南方没有你北方没有雨,魏佳艺,,5:12,77765089F43B7DBF1F24406EE444D97F,201940221,https://www.kugou.com/yy/rank/home/14-8888.html?from=rank
2026-08-07,2026-08-07T11:19:20+08:00,酷狗音乐,热歌榜,酷狗TOP500,2026-08-07,309,爱，请问怎么走,A-Lin,,4:28,D67CB2EA6082D5AB871509EC06B48370,964045,https://www.kugou.com/yy/rank/home/15-8888.html?from=rank
2026-08-07,2026-08-07T11:19:20+08:00,酷狗音乐,热歌榜,酷狗TOP500,2026-08-07,310,倒数,G.E.M. 邓紫棋,,3:49,65945C4D6FB03D7997AE133C9BE5715D,9373625,https://www.kugou.com/yy/rank/home/15-8888.html?from=rank
2026-08-07,2026-08-07T11:19:20+08:00,酷狗音乐,热歌榜,酷狗TOP500,2026-08-07,311,蓝眼泪 (女声微醺版),落日微醺,,3:54,D19E12F69998985FBE4E6E0408EDEAFB,195843231,https://www.kugou.com/yy/rank/home/15-8888.html?from=rank
2026-08-07,2026-08-07T11:19:20+08:00,酷狗音乐,热歌榜,酷狗TOP500,2026-08-07,312,明天，你好,牛奶咖啡,,4:32,A9527F71F7149F13E1F78B23C25DD30B,967562,https://www.kugou.com/yy/rank/home/15-8888.html?from=rank
2026-08-07,2026-08-07T11:19:20+08:00,酷狗音乐,热歌榜,酷狗TOP500,2026-08-07,313,不能说的秘密,周杰伦,,4:57,EDFC5DD1AC3D58971AB95B3E2700D015,554150,https://www.kugou.com/yy/rank/home/15-8888.html?from=rank
2026-08-07,2026-08-07T11:19:20+08:00,酷狗音乐,热歌榜,酷狗TOP500,2026-08-07,314,一程山路,毛不易,,3:36,F4B3D7DFFA85DAE7737243598153A168,34631159,https://www.kugou.com/yy/rank/home/15-8888.html?from=rank
2026-08-07,2026-08-07T11:19:20+08:00,酷狗音乐,热歌榜,酷狗TOP500,2026-08-07,315,岁月如笔写春秋,欧阳尚尚,,4:11,2AB09E66E52815F8C700DCA25E457076,201659945,https://www.kugou.com/yy/rank/home/15-8888.html?from=rank
2026-08-07,2026-08-07T11:19:20+08:00,酷狗音乐,热歌榜,酷狗TOP500,2026-08-07,316,Letting Go,蔡健雅,,4:23,326CBB23BAA90062047512376AA406A4,978874,https://www.kugou.com/yy/rank/home/15-8888.html?from=rank
2026-08-07,2026-08-07T11:19:20+08:00,酷狗音乐,热歌榜,酷狗TOP500,2026-08-07,317,暧昧,薛之谦,,5:12,B3A4E466F13F44FA0B91FA4EB8E6DECA,7818079,https://www.kugou.com/yy/rank/home/15-8888.html?from=rank
2026-08-07,2026-08-07T11:19:20+08:00,酷狗音乐,热歌榜,酷狗TOP500,2026-08-07,318,那些你很冒险的梦,林俊杰,,4:05,468A823BD25A585841F4BC5ED3EF945B,977237,https://www.kugou.com/yy/rank/home/15-8888.html?from=rank
2026-08-07,2026-08-07T11:19:20+08:00,酷狗音乐,热歌榜,酷狗TOP500,2026-08-07,319,大海,张雨生,,4:40,BF8252BEAE57AEB53490145CA8E81BB4,967705,https://www.kugou.com/yy/rank/home/15-8888.html?from=rank
2026-08-07,2026-08-07T11:19:20+08:00,酷狗音乐,热歌榜,酷狗TOP500,2026-08-07,320,冬天的秘密,周传雄,,4:33,1088AEEAB9674A49F8067DCDEB1FC1EE,982655,https://www.kugou.com/yy/rank/home/15-8888.html?from=rank
2026-08-07,2026-08-07T11:19:20+08:00,酷狗音乐,热歌榜,酷狗TOP500,2026-08-07,321,偏偏喜欢你,陈百强,,3:32,D186383AA965D13601CFF4857F844FEE,983655,https://www.kugou.com/yy/rank/home/15-8888.html?from=rank
2026-08-07,2026-08-07T11:19:20+08:00,酷狗音乐,热歌榜,酷狗TOP500,2026-08-07,322,好久不见,陈奕迅,,4:11,8E1DDAF172D9C60A28C19358B07BFBF8,962514,https://www.kugou.com/yy/rank/home/15-8888.html?from=rank
2026-08-07,2026-08-07T11:19:20+08:00,酷狗音乐,热歌榜,酷狗TOP500,2026-08-07,323,只为你着迷,李秉成,,4:01,C2F47FB042D8FE6A2B5265DFCF8919A5,11795396,https://www.kugou.com/yy/rank/home/15-8888.html?from=rank
2026-08-07,2026-08-07T11:19:20+08:00,酷狗音乐,热歌榜,酷狗TOP500,2026-08-07,324,都是晚风惹的祸,苏湘雯,,3:44,ECF1D75E59525E241FADC09B877FBC40,201071631,https://www.kugou.com/yy/rank/home/15-8888.html?from=rank
2026-08-07,2026-08-07T11:19:20+08:00,酷狗音乐,热歌榜,酷狗TOP500,2026-08-07,325,我的秘密 (G.E.M.重生版),G.E.M. 邓紫棋,,4:10,427CD3B1785609EE485CA3BCD6608FFE,150256944,https://www.kugou.com/yy/rank/home/15-8888.html?from=rank
2026-08-07,2026-08-07T11:19:20+08:00,酷狗音乐,热歌榜,酷狗TOP500,2026-08-07,326,我曾像傻子一样爱你,老板,,4:03,85F18C8A9470C0BE7BD1D679ACFC6E21,171863030,https://www.kugou.com/yy/rank/home/15-8888.html?from=rank
2026-08-07,2026-08-07T11:19:20+08:00,酷狗音乐,热歌榜,酷狗TOP500,2026-08-07,327,刚刚好,薛之谦,,4:11,956EEC514146039E6D6A16B30DD64A7B,1747549,https://www.kugou.com/yy/rank/home/15-8888.html?from=rank
2026-08-07,2026-08-07T11:19:20+08:00,酷狗音乐,热歌榜,酷狗TOP500,2026-08-07,328,淘汰,陈奕迅,,4:45,90C64A1FB2F32663FA8037D847AABB57,962514,https://www.kugou.com/yy/rank/home/15-8888.html?from=rank
2026-08-07,2026-08-07T11:19:20+08:00,酷狗音乐,热歌榜,酷狗TOP500,2026-08-07,329,喜欢,阿肆,,4:10,F4233033E11BEF5AECD3BD64528A8236,14167090,https://www.kugou.com/yy/rank/home/15-8888.html?from=rank
2026-08-07,2026-08-07T11:19:20+08:00,酷狗音乐,热歌榜,酷狗TOP500,2026-08-07,330,这一生爱恋 (你消散我身旁),童珺,,3:37,D589E72E9F3F7EDFF408627019C81442,201067280,https://www.kugou.com/yy/rank/home/15-8888.html?from=rank
2026-08-07,2026-08-07T11:19:20+08:00,酷狗音乐,热歌榜,酷狗TOP500,2026-08-07,331,情人,蔡徐坤,,3:15,120F234213ACB64E202B391612D5D9CA,37760326,https://www.kugou.com/yy/rank/home/16-8888.html?from=rank
2026-08-07,2026-08-07T11:19:20+08:00,酷狗音乐,热歌榜,酷狗TOP500,2026-08-07,332,不再犹豫,BEYOND,,4:15,C477FE5B38147B7522DFCF3DC5BB8A6B,8176296,https://www.kugou.com/yy/rank/home/16-8888.html?from=rank
2026-08-07,2026-08-07T11:19:20+08:00,酷狗音乐,热歌榜,酷狗TOP500,2026-08-07,333,红豆,王菲,,4:16,AEF916A18BAAE9C8E7807179C8DA64D1,960812,https://www.kugou.com/yy/rank/home/16-8888.html?from=rank
2026-08-07,2026-08-07T11:19:20+08:00,酷狗音乐,热歌榜,酷狗TOP500,2026-08-07,334,真的爱你,BEYOND,,4:35,C46916711631EA28508A41C325A74E1B,971451,https://www.kugou.com/yy/rank/home/16-8888.html?from=rank
2026-08-07,2026-08-07T11:19:20+08:00,酷狗音乐,热歌榜,酷狗TOP500,2026-08-07,335,不分手的恋爱,汪苏泷,,3:26,543A6E13C527E52886E51BBF14191C8F,37376237,https://www.kugou.com/yy/rank/home/16-8888.html?from=rank
2026-08-07,2026-08-07T11:19:20+08:00,酷狗音乐,热歌榜,酷狗TOP500,2026-08-07,336,求佛,誓言,,4:46,7B7140B23A836DC6EE63B6CD48482402,7614,https://www.kugou.com/yy/rank/home/16-8888.html?from=rank
2026-08-07,2026-08-07T11:19:20+08:00,酷狗音乐,热歌榜,酷狗TOP500,2026-08-07,337,爱我还是他,陶喆,,4:53,004A93C3A157D825B92A91EEB17DA36A,7547427,https://www.kugou.com/yy/rank/home/16-8888.html?from=rank
2026-08-07,2026-08-07T11:19:20+08:00,酷狗音乐,热歌榜,酷狗TOP500,2026-08-07,338,搀扶,马健涛,,5:28,D95AE3CC810BB62D28505AE1510C329F,130332417,https://www.kugou.com/yy/rank/home/16-8888.html?from=rank
2026-08-07,2026-08-07T11:19:20+08:00,酷狗音乐,热歌榜,酷狗TOP500,2026-08-07,339,左转灯 (1000 Times +1),派伟俊、mac ova seas,,3:17,E51ABAF534E7D2BA42DB5604421D4838,164658305,https://www.kugou.com/yy/rank/home/16-8888.html?from=rank
2026-08-07,2026-08-07T11:19:20+08:00,酷狗音乐,热歌榜,酷狗TOP500,2026-08-07,340,Love Story,Taylor Swift,,3:56,193B72D4456A4CC02A3DE7C673FC4E23,13721135,https://www.kugou.com/yy/rank/home/16-8888.html?from=rank
2026-08-07,2026-08-07T11:19:20+08:00,酷狗音乐,热歌榜,酷狗TOP500,2026-08-07,341,逆流成河,金南玲,,2:05,F12381673024C26DF3CC2589AA52987F,976591,https://www.kugou.com/yy/rank/home/16-8888.html?from=rank
2026-08-07,2026-08-07T11:19:20+08:00,酷狗音乐,热歌榜,酷狗TOP500,2026-08-07,342,陷阱,王北车,,4:41,2FA2217B2F80DFE16F0421E1EF42AEB3,8747471,https://www.kugou.com/yy/rank/home/16-8888.html?from=rank
2026-08-07,2026-08-07T11:19:20+08:00,酷狗音乐,热歌榜,酷狗TOP500,2026-08-07,343,摇太阳 (雷鬼版),白兰的,,4:32,97915750F2E7DEBEB4E2C7AF4AA7F5A1,183678520,https://www.kugou.com/yy/rank/home/16-8888.html?from=rank
2026-08-07,2026-08-07T11:19:20+08:00,酷狗音乐,热歌榜,酷狗TOP500,2026-08-07,344,光年之外 (G.E.M.重生版),G.E.M. 邓紫棋,,3:55,B0EB2A1CC6832B3596E0D71E3CAFCD5F,150256944,https://www.kugou.com/yy/rank/home/16-8888.html?from=rank
2026-08-07,2026-08-07T11:19:20+08:00,酷狗音乐,热歌榜,酷狗TOP500,2026-08-07,345,Because of You,Kelly Clarkson,,3:39,FED9A7BE6BC7D2FF3B8426ECEF34A2B6,1592158,https://www.kugou.com/yy/rank/home/16-8888.html?from=rank
2026-08-07,2026-08-07T11:19:20+08:00,酷狗音乐,热歌榜,酷狗TOP500,2026-08-07,346,不负众望,陈婉菁,,3:55,B54BD54DD6B27B311A9F7E2CF9505D3E,62005607,https://www.kugou.com/yy/rank/home/16-8888.html?from=rank
2026-08-07,2026-08-07T11:19:20+08:00,酷狗音乐,热歌榜,酷狗TOP500,2026-08-07,347,总有一天你会出现在我身边,棱镜乐队,,4:30,8E6A42453EF5B06A87772F8FF4AD5188,10808308,https://www.kugou.com/yy/rank/home/16-8888.html?from=rank
2026-08-07,2026-08-07T11:19:20+08:00,酷狗音乐,热歌榜,酷狗TOP500,2026-08-07,348,倒带,蔡依林,,4:26,446507D2332BC3F263596363A97C6E95,976925,https://www.kugou.com/yy/rank/home/16-8888.html?from=rank
2026-08-07,2026-08-07T11:19:20+08:00,酷狗音乐,热歌榜,酷狗TOP500,2026-08-07,349,走走,李荣浩,,5:04,0BD5B6F56CED35BB3380425EC02E1098,106374641,https://www.kugou.com/yy/rank/home/16-8888.html?from=rank
2026-08-07,2026-08-07T11:19:20+08:00,酷狗音乐,热歌榜,酷狗TOP500,2026-08-07,350,求求你别再说爱我 (闽南语版),万能和弦,,3:34,20E75550962473585D2432D513F92E80,202268553,https://www.kugou.com/yy/rank/home/16-8888.html?from=rank
2026-08-07,2026-08-07T11:19:20+08:00,酷狗音乐,热歌榜,酷狗TOP500,2026-08-07,351,time machine (feat. aren park)(Original Mix),mj apanay、aren park,,3:46,6FC23D8694067908061BB145B6DFCB87,100264848,https://www.kugou.com/yy/rank/home/16-8888.html?from=rank
2026-08-07,2026-08-07T11:19:20+08:00,酷狗音乐,热歌榜,酷狗TOP500,2026-08-07,352,不得不爱,潘玮柏、弦子,,4:41,8F9E3FD474EA612C61EB20D1415767BF,972809,https://www.kugou.com/yy/rank/home/16-8888.html?from=rank
2026-08-07,2026-08-07T11:19:20+08:00,酷狗音乐,热歌榜,酷狗TOP500,2026-08-07,353,一个人想着一个人,曾沛慈,,4:04,C9148675D85D3C2B306E966000BC5ABD,542900,https://www.kugou.com/yy/rank/home/17-8888.html?from=rank
2026-08-07,2026-08-07T11:19:20+08:00,酷狗音乐,热歌榜,酷狗TOP500,2026-08-07,354,嘉宾,张远,,5:34,96D0DEFE09DFE43C57EE9AC3B1EA408E,39699796,https://www.kugou.com/yy/rank/home/17-8888.html?from=rank
2026-08-07,2026-08-07T11:19:20+08:00,酷狗音乐,热歌榜,酷狗TOP500,2026-08-07,355,别说你还深深爱着我,婉婷、杨烬,,3:45,0938FF862C986F6A93B4A7657CAA1125,195023851,https://www.kugou.com/yy/rank/home/17-8888.html?from=rank
2026-08-07,2026-08-07T11:19:20+08:00,酷狗音乐,热歌榜,酷狗TOP500,2026-08-07,356,人间的剧本,老韩很哇塞,,3:18,F80698DAC679080F9E38F3DBB07BD17A,195240853,https://www.kugou.com/yy/rank/home/17-8888.html?from=rank
2026-08-07,2026-08-07T11:19:20+08:00,酷狗音乐,热歌榜,酷狗TOP500,2026-08-07,357,只若初见,张德伊玲,,3:24,0AC57BC59B96F7BF216744F93617FC8B,58285492,https://www.kugou.com/yy/rank/home/17-8888.html?from=rank
2026-08-07,2026-08-07T11:19:20+08:00,酷狗音乐,热歌榜,酷狗TOP500,2026-08-07,358,你要的全拿走,胡彦斌,,4:59,489E4872BD06E51C969AE81748E78A10,8317330,https://www.kugou.com/yy/rank/home/17-8888.html?from=rank
2026-08-07,2026-08-07T11:19:20+08:00,酷狗音乐,热歌榜,酷狗TOP500,2026-08-07,359,最爱,周慧敏,,4:25,DBC221919A9686F684F90E1920179363,568311,https://www.kugou.com/yy/rank/home/17-8888.html?from=rank
2026-08-07,2026-08-07T11:19:20+08:00,酷狗音乐,热歌榜,酷狗TOP500,2026-08-07,360,不如见一面,海来阿木,,4:08,A8CC7F0EA73DE4DE226B26C3F44DD563,80038154,https://www.kugou.com/yy/rank/home/17-8888.html?from=rank
2026-08-07,2026-08-07T11:19:20+08:00,酷狗音乐,热歌榜,酷狗TOP500,2026-08-07,361,还爱着你,文夫,,3:52,A61924D891C970A28150FDF9E5E56C53,171019019,https://www.kugou.com/yy/rank/home/17-8888.html?from=rank
2026-08-07,2026-08-07T11:19:20+08:00,酷狗音乐,热歌榜,酷狗TOP500,2026-08-07,362,天际,洋澜一,,5:46,DEAE9D1FC61F4810A0C15AA9CFD83722,76611526,https://www.kugou.com/yy/rank/home/17-8888.html?from=rank
2026-08-07,2026-08-07T11:19:20+08:00,酷狗音乐,热歌榜,酷狗TOP500,2026-08-07,363,单身情歌,林志炫,,4:35,ACD27A452FE3D0348D38540762DA7BEB,971171,https://www.kugou.com/yy/rank/home/17-8888.html?from=rank
2026-08-07,2026-08-07T11:19:20+08:00,酷狗音乐,热歌榜,酷狗TOP500,2026-08-07,364,有点甜,汪苏泷、BY2,,3:55,99CFDC717FEB7DABCD8A6392D821FC08,516425,https://www.kugou.com/yy/rank/home/17-8888.html?from=rank
2026-08-07,2026-08-07T11:19:20+08:00,酷狗音乐,热歌榜,酷狗TOP500,2026-08-07,365,他不懂,张杰,,3:52,BA40D69184A05D7BCD335028C5C613BE,38606351,https://www.kugou.com/yy/rank/home/17-8888.html?from=rank
2026-08-07,2026-08-07T11:19:20+08:00,酷狗音乐,热歌榜,酷狗TOP500,2026-08-07,366,NIGHT DANCER (夜中舞者),imase,,3:31,572C3807BF90891332ED77A72DB74272,59918395,https://www.kugou.com/yy/rank/home/17-8888.html?from=rank
2026-08-07,2026-08-07T11:19:20+08:00,酷狗音乐,热歌榜,酷狗TOP500,2026-08-07,367,句号,G.E.M. 邓紫棋,,3:56,0EC0DFE7A4090B3C5C2C1831D7F3ED51,35503028,https://www.kugou.com/yy/rank/home/17-8888.html?from=rank
2026-08-07,2026-08-07T11:19:20+08:00,酷狗音乐,热歌榜,酷狗TOP500,2026-08-07,368,挂机 (厌倦了吵架厌倦了迷人的谎话),Lefty,,3:15,3F3B56378E28528EF5A3C3000614D1D7,164678393,https://www.kugou.com/yy/rank/home/17-8888.html?from=rank
2026-08-07,2026-08-07T11:19:20+08:00,酷狗音乐,热歌榜,酷狗TOP500,2026-08-07,369,指纹,杜宣达,,4:00,EAF4CB91DA618DBEDC751F54B3B3620D,50057639,https://www.kugou.com/yy/rank/home/17-8888.html?from=rank
2026-08-07,2026-08-07T11:19:20+08:00,酷狗音乐,热歌榜,酷狗TOP500,2026-08-07,370,연애의 조건 (恋爱的条件),BESTie,,3:12,FBE0D895B585AFAD693FE42529311608,959733,https://www.kugou.com/yy/rank/home/17-8888.html?from=rank
2026-08-07,2026-08-07T11:19:20+08:00,酷狗音乐,热歌榜,酷狗TOP500,2026-08-07,371,祝福祖国,顿株拉姆,,3:20,4278C1D6B994A3C6313E08270B924D78,200182409,https://www.kugou.com/yy/rank/home/17-8888.html?from=rank
2026-08-07,2026-08-07T11:19:20+08:00,酷狗音乐,热歌榜,酷狗TOP500,2026-08-07,372,我落泪情绪零碎,周杰伦,,4:18,27943EB1CBD46F7BB165B054CE6EBDC8,958812,https://www.kugou.com/yy/rank/home/17-8888.html?from=rank
2026-08-07,2026-08-07T11:19:20+08:00,酷狗音乐,热歌榜,酷狗TOP500,2026-08-07,373,我太笨,锤娜丽莎,,4:25,A5D4F40382C0DF1A95A48A617793F03E,46432417,https://www.kugou.com/yy/rank/home/17-8888.html?from=rank
2026-08-07,2026-08-07T11:19:20+08:00,酷狗音乐,热歌榜,酷狗TOP500,2026-08-07,374,沈园外,阿YueYue、戾格、小田音乐社,,3:43,9B46F3774EEC55D47508E93A468FF5FC,40796517,https://www.kugou.com/yy/rank/home/17-8888.html?from=rank
2026-08-07,2026-08-07T11:19:20+08:00,酷狗音乐,热歌榜,酷狗TOP500,2026-08-07,375,可能,程响,,3:37,38B234C1135A5E9A4C98D55C058A4894,57727291,https://www.kugou.com/yy/rank/home/18-8888.html?from=rank
2026-08-07,2026-08-07T11:19:20+08:00,酷狗音乐,热歌榜,酷狗TOP500,2026-08-07,376,当爱在靠近,刘若英,,4:11,D988B9B4B769D979279D4AC9E84907F1,978209,https://www.kugou.com/yy/rank/home/18-8888.html?from=rank
2026-08-07,2026-08-07T11:19:20+08:00,酷狗音乐,热歌榜,酷狗TOP500,2026-08-07,377,爱殇,小时姑娘,,5:04,707A4FE62FAD89DDA2F95B99453CA25B,45951672,https://www.kugou.com/yy/rank/home/18-8888.html?from=rank
2026-08-07,2026-08-07T11:19:20+08:00,酷狗音乐,热歌榜,酷狗TOP500,2026-08-07,378,小美满,周深,,3:34,04A21DB1AB3C8E0D1D8F51F11BDB03A1,83112420,https://www.kugou.com/yy/rank/home/18-8888.html?from=rank
2026-08-07,2026-08-07T11:19:20+08:00,酷狗音乐,热歌榜,酷狗TOP500,2026-08-07,379,跨不过的距离,虎二,,4:31,FED5892036FBD176F6FEAE973C565E59,38209191,https://www.kugou.com/yy/rank/home/18-8888.html?from=rank
2026-08-07,2026-08-07T11:19:20+08:00,酷狗音乐,热歌榜,酷狗TOP500,2026-08-07,380,大眠,王心凌,,4:00,A7FABF26BF07963E8BFB7705DBB503FC,13487578,https://www.kugou.com/yy/rank/home/18-8888.html?from=rank
2026-08-07,2026-08-07T11:19:20+08:00,酷狗音乐,热歌榜,酷狗TOP500,2026-08-07,381,锈,江辰,,3:42,999A93FD5D7B34A72831CE5CCCC3D0EE,130013955,https://www.kugou.com/yy/rank/home/18-8888.html?from=rank
2026-08-07,2026-08-07T11:19:20+08:00,酷狗音乐,热歌榜,酷狗TOP500,2026-08-07,382,少一点天份,孙盛希,,4:35,FFD1F05E5D06A1DDFAEDFE6A3379A271,566029,https://www.kugou.com/yy/rank/home/18-8888.html?from=rank
2026-08-07,2026-08-07T11:19:20+08:00,酷狗音乐,热歌榜,酷狗TOP500,2026-08-07,383,雀跃,任然、小来,,3:56,F928CB7A772F8A6214EEAEB21FA310D8,2820318,https://www.kugou.com/yy/rank/home/18-8888.html?from=rank
2026-08-07,2026-08-07T11:19:20+08:00,酷狗音乐,热歌榜,酷狗TOP500,2026-08-07,384,怪我们缘分太浅 (别难过),刘纯,,3:57,4C9C9BFA509C9E16056F13255A6D6FCD,199992101,https://www.kugou.com/yy/rank/home/18-8888.html?from=rank
2026-08-07,2026-08-07T11:19:20+08:00,酷狗音乐,热歌榜,酷狗TOP500,2026-08-07,385,手放开,李圣杰,,4:25,022583751858F1E3558F32EC4ECF7DD5,959847,https://www.kugou.com/yy/rank/home/18-8888.html?from=rank
2026-08-07,2026-08-07T11:19:20+08:00,酷狗音乐,热歌榜,酷狗TOP500,2026-08-07,386,麦恩莉,方大同,,4:48,3A08C7B067EC2E9B552AB8664490FCEB,971920,https://www.kugou.com/yy/rank/home/18-8888.html?from=rank
2026-08-07,2026-08-07T11:19:20+08:00,酷狗音乐,热歌榜,酷狗TOP500,2026-08-07,387,Dear John,比莉,,5:11,71951213A1C3C313DEEB017D3C9E77CC,2528933,https://www.kugou.com/yy/rank/home/18-8888.html?from=rank
2026-08-07,2026-08-07T11:19:20+08:00,酷狗音乐,热歌榜,酷狗TOP500,2026-08-07,388,如果爱忘了 (Live),汪苏泷、单依纯,,4:05,50F260DC0A2E7203A1AB89E1937F3927,83718089,https://www.kugou.com/yy/rank/home/18-8888.html?from=rank
2026-08-07,2026-08-07T11:19:20+08:00,酷狗音乐,热歌榜,酷狗TOP500,2026-08-07,389,静音恋人 (两颗缠绕的心),礼越,,3:26,61F7ABEFA41C847C8F237C68883027CA,183361126,https://www.kugou.com/yy/rank/home/18-8888.html?from=rank
2026-08-07,2026-08-07T11:19:20+08:00,酷狗音乐,热歌榜,酷狗TOP500,2026-08-07,390,孤雏,AGA,,4:53,8BB44BFFC9A9CFC06706D37DA52B617B,1821989,https://www.kugou.com/yy/rank/home/18-8888.html?from=rank
2026-08-07,2026-08-07T11:19:20+08:00,酷狗音乐,热歌榜,酷狗TOP500,2026-08-07,391,情罪,陈瑞,,4:45,9642484D6F37650295B370CD52553DC5,80617215,https://www.kugou.com/yy/rank/home/18-8888.html?from=rank
2026-08-07,2026-08-07T11:19:20+08:00,酷狗音乐,热歌榜,酷狗TOP500,2026-08-07,392,遥远的东方,哈基眯,,3:28,0F3787E339CD0BDEDC97EB3FCD7160EC,197175030,https://www.kugou.com/yy/rank/home/18-8888.html?from=rank
2026-08-07,2026-08-07T11:19:20+08:00,酷狗音乐,热歌榜,酷狗TOP500,2026-08-07,393,That Girl,Olly Murs,,2:57,B32C3C7FA2452E7338BFC6F2283FE8ED,1820815,https://www.kugou.com/yy/rank/home/18-8888.html?from=rank
2026-08-07,2026-08-07T11:19:20+08:00,酷狗音乐,热歌榜,酷狗TOP500,2026-08-07,394,如果他真的温柔,郑大钱,,4:01,5FB23F64B70D9A347C99721969F9DD34,197731141,https://www.kugou.com/yy/rank/home/18-8888.html?from=rank
2026-08-07,2026-08-07T11:19:20+08:00,酷狗音乐,热歌榜,酷狗TOP500,2026-08-07,395,玉芬啊玉芬你让彪哥好伤心,老韩很哇塞,,3:00,AFF2135F30F90B6768AF3320505559CF,177493243,https://www.kugou.com/yy/rank/home/18-8888.html?from=rank
2026-08-07,2026-08-07T11:19:20+08:00,酷狗音乐,热歌榜,酷狗TOP500,2026-08-07,396,愿与愁,林俊杰,,3:52,4A2A7260442B0A5D5F17295F1DD7241B,71681690,https://www.kugou.com/yy/rank/home/18-8888.html?from=rank
2026-08-07,2026-08-07T11:19:20+08:00,酷狗音乐,热歌榜,酷狗TOP500,2026-08-07,397,意外,薛之谦,,4:52,04E0EDE41EA3CCFF76C04F414E1D03A7,960327,https://www.kugou.com/yy/rank/home/19-8888.html?from=rank
2026-08-07,2026-08-07T11:19:20+08:00,酷狗音乐,热歌榜,酷狗TOP500,2026-08-07,398,手写的从前,周杰伦,,4:58,C1992BBF6FB5BB2BB86DECF657509FD3,962593,https://www.kugou.com/yy/rank/home/19-8888.html?from=rank
2026-08-07,2026-08-07T11:19:20+08:00,酷狗音乐,热歌榜,酷狗TOP500,2026-08-07,399,见一面少一面 (对唱版),田园、温实初,,4:05,BDD79F33A856B0FA986A7EA7CBAE8991,201625256,https://www.kugou.com/yy/rank/home/19-8888.html?from=rank
2026-08-07,2026-08-07T11:19:20+08:00,酷狗音乐,热歌榜,酷狗TOP500,2026-08-07,400,像鱼,王贰浪,,4:45,6215C5A85B30E53C2E4C20C4DED38D72,13621986,https://www.kugou.com/yy/rank/home/19-8888.html?from=rank
2026-08-07,2026-08-07T11:19:20+08:00,酷狗音乐,热歌榜,酷狗TOP500,2026-08-07,401,爱你没差,周杰伦,,4:41,66F31869BBAA767A929F35EEE1CCC5C9,982051,https://www.kugou.com/yy/rank/home/19-8888.html?from=rank
2026-08-07,2026-08-07T11:19:20+08:00,酷狗音乐,热歌榜,酷狗TOP500,2026-08-07,402,寂寞沙洲冷,周传雄,,4:35,36A4F5EAA748324A5D509D8EDC47699F,984377,https://www.kugou.com/yy/rank/home/19-8888.html?from=rank
2026-08-07,2026-08-07T11:19:20+08:00,酷狗音乐,热歌榜,酷狗TOP500,2026-08-07,403,如果这就是爱情,张靓颖,,4:43,4E871DF1E2034CF6BAAD7B03D2386058,2597425,https://www.kugou.com/yy/rank/home/19-8888.html?from=rank
2026-08-07,2026-08-07T11:19:20+08:00,酷狗音乐,热歌榜,酷狗TOP500,2026-08-07,404,美丽的神话,孙楠、韩红,,4:52,877281C8E094A848F022BCAAA76945CB,964166,https://www.kugou.com/yy/rank/home/19-8888.html?from=rank
2026-08-07,2026-08-07T11:19:20+08:00,酷狗音乐,热歌榜,酷狗TOP500,2026-08-07,405,可惜春风不懂我伤悲,田园,,3:26,FA6A0CE74A6E7770E581078EF38B9278,195387503,https://www.kugou.com/yy/rank/home/19-8888.html?from=rank
2026-08-07,2026-08-07T11:19:20+08:00,酷狗音乐,热歌榜,酷狗TOP500,2026-08-07,406,秋天不回来,王强,,4:11,11EA50AA115FA8C4D521B7488C7EB234,2508912,https://www.kugou.com/yy/rank/home/19-8888.html?from=rank
2026-08-07,2026-08-07T11:19:20+08:00,酷狗音乐,热歌榜,酷狗TOP500,2026-08-07,407,左边画个虫虫,MOONBOI（杨望舒）,,2:36,DFBE6B78C7622433C29A7F3A1CFA3361,29308257,https://www.kugou.com/yy/rank/home/19-8888.html?from=rank
2026-08-07,2026-08-07T11:19:20+08:00,酷狗音乐,热歌榜,酷狗TOP500,2026-08-07,408,不要忘记我爱你,张碧晨,,3:45,C8EBD31EB4B28B4B845119637D90C58D,17022285,https://www.kugou.com/yy/rank/home/19-8888.html?from=rank
2026-08-07,2026-08-07T11:19:20+08:00,酷狗音乐,热歌榜,酷狗TOP500,2026-08-07,409,野草 (Live),金志文,,4:32,B8E557AE9BBEA3201B76417EC3E49626,201759728,https://www.kugou.com/yy/rank/home/19-8888.html?from=rank
2026-08-07,2026-08-07T11:19:20+08:00,酷狗音乐,热歌榜,酷狗TOP500,2026-08-07,410,天下,张杰,,3:42,17B11C65674378CA43995537331E1D9C,38606351,https://www.kugou.com/yy/rank/home/19-8888.html?from=rank
2026-08-07,2026-08-07T11:19:20+08:00,酷狗音乐,热歌榜,酷狗TOP500,2026-08-07,411,反方向的钟,周杰伦,,4:18,A6049AAB184A305CAA906C6BBB8E8233,978031,https://www.kugou.com/yy/rank/home/19-8888.html?from=rank
2026-08-07,2026-08-07T11:19:20+08:00,酷狗音乐,热歌榜,酷狗TOP500,2026-08-07,412,读心术,卓文萱,,4:20,3F98A771F8F33556966A9990F66D95C4,965920,https://www.kugou.com/yy/rank/home/19-8888.html?from=rank
2026-08-07,2026-08-07T11:19:20+08:00,酷狗音乐,热歌榜,酷狗TOP500,2026-08-07,413,爱在西元前,周杰伦,,3:54,66B756FB1331807B032EF97F7BA9948E,958706,https://www.kugou.com/yy/rank/home/19-8888.html?from=rank
2026-08-07,2026-08-07T11:19:20+08:00,酷狗音乐,热歌榜,酷狗TOP500,2026-08-07,414,痴心绝对,李圣杰,,4:22,2B7176CC7B1E7F5A136A5A1E1AACD365,966511,https://www.kugou.com/yy/rank/home/19-8888.html?from=rank
2026-08-07,2026-08-07T11:19:20+08:00,酷狗音乐,热歌榜,酷狗TOP500,2026-08-07,415,西乌旗99号公路,LunaLiu刘不语、张川海,,3:29,F65BB0D87F5543387A50AEEBF55A1E8A,185310075,https://www.kugou.com/yy/rank/home/19-8888.html?from=rank
2026-08-07,2026-08-07T11:19:20+08:00,酷狗音乐,热歌榜,酷狗TOP500,2026-08-07,416,爱我的人和我爱的人 (对唱版),张家旺、悦开心,,3:52,FFD58B572BFB5227CA53F66BAD45FF52,59950148,https://www.kugou.com/yy/rank/home/19-8888.html?from=rank
2026-08-07,2026-08-07T11:19:20+08:00,酷狗音乐,热歌榜,酷狗TOP500,2026-08-07,417,修炼爱情,林俊杰,,4:47,8748C12719DCA9F588B1118AC05F6BF8,972188,https://www.kugou.com/yy/rank/home/19-8888.html?from=rank
2026-08-07,2026-08-07T11:19:20+08:00,酷狗音乐,热歌榜,酷狗TOP500,2026-08-07,418,西楼儿女,海来阿木,,4:18,84DA47460010F3D91E203F777233DAA4,62931439,https://www.kugou.com/yy/rank/home/19-8888.html?from=rank
2026-08-07,2026-08-07T11:19:20+08:00,酷狗音乐,热歌榜,酷狗TOP500,2026-08-07,419,别怕我伤心,张信哲,,4:47,976677A739F25908591FA822CB1F1DF3,538030,https://www.kugou.com/yy/rank/home/20-8888.html?from=rank
2026-08-07,2026-08-07T11:19:20+08:00,酷狗音乐,热歌榜,酷狗TOP500,2026-08-07,420,麻雀,李荣浩,,4:13,2E4C5A85A751AF5A0B200D5AA0629226,34731198,https://www.kugou.com/yy/rank/home/20-8888.html?from=rank
2026-08-07,2026-08-07T11:19:20+08:00,酷狗音乐,热歌榜,酷狗TOP500,2026-08-07,421,戒不掉,欧阳耀莹,,3:07,C53849004337DD113C795E8EC1E9BE29,9265598,https://www.kugou.com/yy/rank/home/20-8888.html?from=rank
2026-08-07,2026-08-07T11:19:20+08:00,酷狗音乐,热歌榜,酷狗TOP500,2026-08-07,422,三国恋,Tank,,4:06,1325E661C6044048943A8D7D417ED280,966742,https://www.kugou.com/yy/rank/home/20-8888.html?from=rank
2026-08-07,2026-08-07T11:19:20+08:00,酷狗音乐,热歌榜,酷狗TOP500,2026-08-07,423,匿名的好友,杨丞琳,,4:23,F9CE6B13B4C90B01B3C129FF11B11C87,2694607,https://www.kugou.com/yy/rank/home/20-8888.html?from=rank
2026-08-07,2026-08-07T11:19:20+08:00,酷狗音乐,热歌榜,酷狗TOP500,2026-08-07,424,悬溺,葛东琪,,3:17,666484E904A54B1E62C9FBFDBE6E2563,23773597,https://www.kugou.com/yy/rank/home/20-8888.html?from=rank
2026-08-07,2026-08-07T11:19:20+08:00,酷狗音乐,热歌榜,酷狗TOP500,2026-08-07,425,Take Me to Your Heart,Michael Learns To Rock,,3:59,97ED0BF75D3D6EEB97A326073F503AC8,561642,https://www.kugou.com/yy/rank/home/20-8888.html?from=rank
2026-08-07,2026-08-07T11:19:20+08:00,酷狗音乐,热歌榜,酷狗TOP500,2026-08-07,426,爱情麻辣烫 (忘情牛肉面填词版),马健涛,,3:14,26715A4B40721445397606340F4022AE,201642810,https://www.kugou.com/yy/rank/home/20-8888.html?from=rank
2026-08-07,2026-08-07T11:19:20+08:00,酷狗音乐,热歌榜,酷狗TOP500,2026-08-07,427,若今生无缘 (若今生已无缘),万海东,,3:40,E74F4CC22263126EDD4A721AD0D0D0A8,195038536,https://www.kugou.com/yy/rank/home/20-8888.html?from=rank
2026-08-07,2026-08-07T11:19:20+08:00,酷狗音乐,热歌榜,酷狗TOP500,2026-08-07,428,大城小爱,王力宏,,3:45,3EAF74E9E5065C03B050F356F0567311,2820176,https://www.kugou.com/yy/rank/home/20-8888.html?from=rank
2026-08-07,2026-08-07T11:19:20+08:00,酷狗音乐,热歌榜,酷狗TOP500,2026-08-07,429,第一次,光良,,4:23,2C202C0CE252384AD5022CC3A99B697A,930386,https://www.kugou.com/yy/rank/home/20-8888.html?from=rank
2026-08-07,2026-08-07T11:19:20+08:00,酷狗音乐,热歌榜,酷狗TOP500,2026-08-07,430,莫问归期,蒋雪儿Snow.J,,3:39,F0E418FB19E8D295D0F78E50AE3B7E30,27453193,https://www.kugou.com/yy/rank/home/20-8888.html?from=rank
2026-08-07,2026-08-07T11:19:20+08:00,酷狗音乐,热歌榜,酷狗TOP500,2026-08-07,431,汹涌,吴莫愁,,4:21,EAB2C9D1CA6E34AF3A9BE58BD85272BB,199849767,https://www.kugou.com/yy/rank/home/20-8888.html?from=rank
2026-08-07,2026-08-07T11:19:20+08:00,酷狗音乐,热歌榜,酷狗TOP500,2026-08-07,432,No More Tomorrow,严浩翔,,3:45,FF7513517F0F11A1CAAE07BA37CDFDBA,201671723,https://www.kugou.com/yy/rank/home/20-8888.html?from=rank
2026-08-07,2026-08-07T11:19:20+08:00,酷狗音乐,热歌榜,酷狗TOP500,2026-08-07,433,到时说爱我,茜拉 (Shila Amzah),,3:22,06085E4FDF0789E8C53561ADA39EDB79,58314622,https://www.kugou.com/yy/rank/home/20-8888.html?from=rank
2026-08-07,2026-08-07T11:19:20+08:00,酷狗音乐,热歌榜,酷狗TOP500,2026-08-07,434,就是爱你,陶喆,,4:24,43485D7A650AFF532E5ECF24D7FB6381,7547427,https://www.kugou.com/yy/rank/home/20-8888.html?from=rank
2026-08-07,2026-08-07T11:19:20+08:00,酷狗音乐,热歌榜,酷狗TOP500,2026-08-07,435,那些年,胡夏,,6:11,95A46E232F3F0CFFDA7811B7D9C8E6C4,542864,https://www.kugou.com/yy/rank/home/20-8888.html?from=rank
2026-08-07,2026-08-07T11:19:20+08:00,酷狗音乐,热歌榜,酷狗TOP500,2026-08-07,436,如果还会遇见,何遇Hayu、Crybird,,3:48,B740AAF49578F8F9C9E52DD560E122BF,201658284,https://www.kugou.com/yy/rank/home/20-8888.html?from=rank
2026-08-07,2026-08-07T11:19:20+08:00,酷狗音乐,热歌榜,酷狗TOP500,2026-08-07,437,命运,家家,,3:51,B149A3BFD19481F91B9A652AA8EA21C1,959745,https://www.kugou.com/yy/rank/home/20-8888.html?from=rank
2026-08-07,2026-08-07T11:19:20+08:00,酷狗音乐,热歌榜,酷狗TOP500,2026-08-07,438,月亮照山川,窝窝,,3:18,B96C803232E044E3D6308EAE37ADDE1D,142338715,https://www.kugou.com/yy/rank/home/20-8888.html?from=rank
2026-08-07,2026-08-07T11:19:20+08:00,酷狗音乐,热歌榜,酷狗TOP500,2026-08-07,439,初恋情人,刘小慧,,4:40,24BD04781E52FE8E7FAB2A6452D85320,532546,https://www.kugou.com/yy/rank/home/20-8888.html?from=rank
2026-08-07,2026-08-07T11:19:20+08:00,酷狗音乐,热歌榜,酷狗TOP500,2026-08-07,440,天若有情,A-Lin,,4:17,2E6CE4E79982AE2119A69C1D30537EA2,1805426,https://www.kugou.com/yy/rank/home/20-8888.html?from=rank
2026-08-07,2026-08-07T11:19:20+08:00,酷狗音乐,热歌榜,酷狗TOP500,2026-08-07,441,传奇,王菲,,4:56,A72FE2B2521CE45FD632AC3E559F6691,959238,https://www.kugou.com/yy/rank/home/21-8888.html?from=rank
2026-08-07,2026-08-07T11:19:20+08:00,酷狗音乐,热歌榜,酷狗TOP500,2026-08-07,442,I Love You So,The Walters,,2:40,268A58AA8B646B725126E77194C0AF0D,15109280,https://www.kugou.com/yy/rank/home/21-8888.html?from=rank
2026-08-07,2026-08-07T11:19:20+08:00,酷狗音乐,热歌榜,酷狗TOP500,2026-08-07,443,unhappy,s0rrow,,1:38,F7F1E29418D6C944163FA5F1B9730B08,171727951,https://www.kugou.com/yy/rank/home/21-8888.html?from=rank
2026-08-07,2026-08-07T11:19:20+08:00,酷狗音乐,热歌榜,酷狗TOP500,2026-08-07,444,岁月如笔写春秋 (EDM粤语版),陈靓靓,,3:57,91AA8BA8FA1496B1AC9AAE8B2B9CED5A,197385302,https://www.kugou.com/yy/rank/home/21-8888.html?from=rank
2026-08-07,2026-08-07T11:19:20+08:00,酷狗音乐,热歌榜,酷狗TOP500,2026-08-07,445,容易受伤的女人,王菲,,4:21,C4BDD79D611789B65B368283D4DDAB0F,980244,https://www.kugou.com/yy/rank/home/21-8888.html?from=rank
2026-08-07,2026-08-07T11:19:20+08:00,酷狗音乐,热歌榜,酷狗TOP500,2026-08-07,446,玫瑰花的葬礼,许嵩,,4:21,0A335E9374392B72E5965D8F6165E564,1968878,https://www.kugou.com/yy/rank/home/21-8888.html?from=rank
2026-08-07,2026-08-07T11:19:20+08:00,酷狗音乐,热歌榜,酷狗TOP500,2026-08-07,447,听哭了自己,沧桑老叔,,3:32,2F886E50337A0268514AA517C5E13A39,184905718,https://www.kugou.com/yy/rank/home/21-8888.html?from=rank
2026-08-07,2026-08-07T11:19:20+08:00,酷狗音乐,热歌榜,酷狗TOP500,2026-08-07,448,怎么说我不爱你,萧敬腾,,4:35,30A31A94C77268C92886E00D912AC03B,958893,https://www.kugou.com/yy/rank/home/21-8888.html?from=rank
2026-08-07,2026-08-07T11:19:20+08:00,酷狗音乐,热歌榜,酷狗TOP500,2026-08-07,449,再见,张震岳,,3:31,BF7E5BC14D95F2F4DD6932097168D3FF,1746826,https://www.kugou.com/yy/rank/home/21-8888.html?from=rank
2026-08-07,2026-08-07T11:19:20+08:00,酷狗音乐,热歌榜,酷狗TOP500,2026-08-07,450,囚鸟 (Remastered),彭羚,,4:49,2A007A1B29CD0BF8187A772CCA332270,958309,https://www.kugou.com/yy/rank/home/21-8888.html?from=rank
2026-08-07,2026-08-07T11:19:20+08:00,酷狗音乐,热歌榜,酷狗TOP500,2026-08-07,451,踏马寻花向自由,半吨兄弟,,2:59,6DD4615AB1A9D1C595CCC15E16597434,198491409,https://www.kugou.com/yy/rank/home/21-8888.html?from=rank
2026-08-07,2026-08-07T11:19:20+08:00,酷狗音乐,热歌榜,酷狗TOP500,2026-08-07,452,Attention,Charlie Puth,,3:32,168410180AC07D8EB7B708E997867631,2035461,https://www.kugou.com/yy/rank/home/21-8888.html?from=rank
2026-08-07,2026-08-07T11:19:20+08:00,酷狗音乐,热歌榜,酷狗TOP500,2026-08-07,453,叹云兮,鞠婧祎,,4:43,DB94CC1C55558D7ED4B0E402A2DF065D,8700851,https://www.kugou.com/yy/rank/home/21-8888.html?from=rank
2026-08-07,2026-08-07T11:19:20+08:00,酷狗音乐,热歌榜,酷狗TOP500,2026-08-07,454,神啊 救救我,陈小春,,4:03,27FF2175370838EB15B826710D7A8DB0,978534,https://www.kugou.com/yy/rank/home/21-8888.html?from=rank
2026-08-07,2026-08-07T11:19:20+08:00,酷狗音乐,热歌榜,酷狗TOP500,2026-08-07,455,包容,郑源,,4:23,34000A6CA0043801440E74059F4759EF,967724,https://www.kugou.com/yy/rank/home/21-8888.html?from=rank
2026-08-07,2026-08-07T11:19:20+08:00,酷狗音乐,热歌榜,酷狗TOP500,2026-08-07,456,我想念,汪苏泷,,3:45,A6545AABFE93C5495BA8ADB2A555B84F,76163380,https://www.kugou.com/yy/rank/home/21-8888.html?from=rank
2026-08-07,2026-08-07T11:19:20+08:00,酷狗音乐,热歌榜,酷狗TOP500,2026-08-07,457,离别开出花 (弹唱版),就是南方凯,,2:52,67911051D7E5B9B3343847D73BF883F5,81781305,https://www.kugou.com/yy/rank/home/21-8888.html?from=rank
2026-08-07,2026-08-07T11:19:20+08:00,酷狗音乐,热歌榜,酷狗TOP500,2026-08-07,458,烟火里的尘埃,黄霄雲,,5:09,956AB83E54388A41F7FC507AF1C8BCCA,140256496,https://www.kugou.com/yy/rank/home/21-8888.html?from=rank
2026-08-07,2026-08-07T11:19:20+08:00,酷狗音乐,热歌榜,酷狗TOP500,2026-08-07,459,暖一杯茶,邵帅,,4:03,26A9B8C6480C22BC4342F22CB897E760,23061596,https://www.kugou.com/yy/rank/home/21-8888.html?from=rank
2026-08-07,2026-08-07T11:19:20+08:00,酷狗音乐,热歌榜,酷狗TOP500,2026-08-07,460,突然想起你,萧亚轩,,3:54,7D31D9DC20F5A50B3D660C1A54434E1E,980330,https://www.kugou.com/yy/rank/home/21-8888.html?from=rank
2026-08-07,2026-08-07T11:19:20+08:00,酷狗音乐,热歌榜,酷狗TOP500,2026-08-07,461,刚好遇见你,李玉刚,,3:20,58B004C56B6AB6CE1CA3C1E8C6781D0E,1820033,https://www.kugou.com/yy/rank/home/21-8888.html?from=rank
2026-08-07,2026-08-07T11:19:20+08:00,酷狗音乐,热歌榜,酷狗TOP500,2026-08-07,462,孤独患者,陈奕迅,,4:34,72A9BB44569890399978A49D631DF310,530848,https://www.kugou.com/yy/rank/home/21-8888.html?from=rank
2026-08-07,2026-08-07T11:19:20+08:00,酷狗音乐,热歌榜,酷狗TOP500,2026-08-07,463,我听人说思念像风一样 (你看 起风了),KAI,,3:32,AE8B438E919935F2C81D91978E302CA7,200170880,https://www.kugou.com/yy/rank/home/22-8888.html?from=rank
2026-08-07,2026-08-07T11:19:20+08:00,酷狗音乐,热歌榜,酷狗TOP500,2026-08-07,464,还是分开,张叶蕾,,3:49,A9B126E712C82BAB3CCCA272BE4B84E4,51924399,https://www.kugou.com/yy/rank/home/22-8888.html?from=rank
2026-08-07,2026-08-07T11:19:20+08:00,酷狗音乐,热歌榜,酷狗TOP500,2026-08-07,465,有一种爱叫做放手,阿木,,4:24,8ACE2D4510E26FBDC4736055C5AE4B03,971509,https://www.kugou.com/yy/rank/home/22-8888.html?from=rank
2026-08-07,2026-08-07T11:19:20+08:00,酷狗音乐,热歌榜,酷狗TOP500,2026-08-07,466,相思,毛阿敏,,3:02,FE1F0058EAC6B344D03DB2D0D4315EA1,967188,https://www.kugou.com/yy/rank/home/22-8888.html?from=rank
2026-08-07,2026-08-07T11:19:20+08:00,酷狗音乐,热歌榜,酷狗TOP500,2026-08-07,467,其实雨也没多大 (对唱版),万豹、羊羊,,3:46,3DCAD49A6417CF61F031111716AB1572,164325869,https://www.kugou.com/yy/rank/home/22-8888.html?from=rank
2026-08-07,2026-08-07T11:19:20+08:00,酷狗音乐,热歌榜,酷狗TOP500,2026-08-07,468,苹果香 (Live),乌兰图雅、白小白,,3:25,CBF16CA04BF861A063B532668C192005,201660223,https://www.kugou.com/yy/rank/home/22-8888.html?from=rank
2026-08-07,2026-08-07T11:19:20+08:00,酷狗音乐,热歌榜,酷狗TOP500,2026-08-07,469,阿衣莫,阿吉太组合,,5:14,000B4DC2694B23AD4258EE551A00C599,4138802,https://www.kugou.com/yy/rank/home/22-8888.html?from=rank
2026-08-07,2026-08-07T11:19:20+08:00,酷狗音乐,热歌榜,酷狗TOP500,2026-08-07,470,谁,洋澜一,,3:40,445C54E59AB287FCF15D68FAF92CD9B7,89608819,https://www.kugou.com/yy/rank/home/22-8888.html?from=rank
2026-08-07,2026-08-07T11:19:20+08:00,酷狗音乐,热歌榜,酷狗TOP500,2026-08-07,471,倔强 (微醺女声),苏晚星,,3:28,A9EB6B43C54281F2EC74B5C5A3A8E9F7,201315743,https://www.kugou.com/yy/rank/home/22-8888.html?from=rank
2026-08-07,2026-08-07T11:19:20+08:00,酷狗音乐,热歌榜,酷狗TOP500,2026-08-07,472,The Cure,Lady Gaga,,3:31,3EF072E796A8CF441C83BC751BCB5C38,1994338,https://www.kugou.com/yy/rank/home/22-8888.html?from=rank
2026-08-07,2026-08-07T11:19:20+08:00,酷狗音乐,热歌榜,酷狗TOP500,2026-08-07,473,茫,李润祺,,3:47,7B82C70A1736D61A28849DE87AA4B812,40168846,https://www.kugou.com/yy/rank/home/22-8888.html?from=rank
2026-08-07,2026-08-07T11:19:20+08:00,酷狗音乐,热歌榜,酷狗TOP500,2026-08-07,474,云与海,阿YueYue,,4:18,B2A0D0283A6127D57350962564BAF200,39316870,https://www.kugou.com/yy/rank/home/22-8888.html?from=rank
2026-08-07,2026-08-07T11:19:20+08:00,酷狗音乐,热歌榜,酷狗TOP500,2026-08-07,475,天亮以前说再见,何野,,4:00,18E9FC6CF97258B75D090188EDBAE95B,11792318,https://www.kugou.com/yy/rank/home/22-8888.html?from=rank
2026-08-07,2026-08-07T11:19:20+08:00,酷狗音乐,热歌榜,酷狗TOP500,2026-08-07,476,一路生花,温奕心,,4:16,4F18553F2AF06E355AD75A5EE6173456,45305792,https://www.kugou.com/yy/rank/home/22-8888.html?from=rank
2026-08-07,2026-08-07T11:19:20+08:00,酷狗音乐,热歌榜,酷狗TOP500,2026-08-07,477,像风一样,薛之谦,,4:15,ACC9BB4136622B3E2BA561B87FFF00D9,7818079,https://www.kugou.com/yy/rank/home/22-8888.html?from=rank
2026-08-07,2026-08-07T11:19:20+08:00,酷狗音乐,热歌榜,酷狗TOP500,2026-08-07,478,人间,王菲,,4:45,AEC30C06392150FB0F3A8FAC4C57E784,20142,https://www.kugou.com/yy/rank/home/22-8888.html?from=rank
2026-08-07,2026-08-07T11:19:20+08:00,酷狗音乐,热歌榜,酷狗TOP500,2026-08-07,479,你不知道的事,王力宏,,4:39,3722EE8644818A260FD8AF3A173D71C3,982128,https://www.kugou.com/yy/rank/home/22-8888.html?from=rank
2026-08-07,2026-08-07T11:19:20+08:00,酷狗音乐,热歌榜,酷狗TOP500,2026-08-07,480,尘念,桑耶,,3:16,FBE82E5DCC11A3A8AF6B8A5B74E2F2BB,190711369,https://www.kugou.com/yy/rank/home/22-8888.html?from=rank
2026-08-07,2026-08-07T11:19:20+08:00,酷狗音乐,热歌榜,酷狗TOP500,2026-08-07,481,一个人想着一个人 (说唱版),艾比利,,3:09,A4C9C11B5C6CD698FBA54D0AB3FE71CA,102363749,https://www.kugou.com/yy/rank/home/22-8888.html?from=rank
2026-08-07,2026-08-07T11:19:20+08:00,酷狗音乐,热歌榜,酷狗TOP500,2026-08-07,482,一生中最爱,谭咏麟,,4:19,360AD5530A95B8983E2AB369607A7D1B,960008,https://www.kugou.com/yy/rank/home/22-8888.html?from=rank
2026-08-07,2026-08-07T11:19:20+08:00,酷狗音乐,热歌榜,酷狗TOP500,2026-08-07,483,我恨明月不照我,阿YueYue,,4:12,B1B259EEA7E93DE5F6C759BA6C45777C,172322576,https://www.kugou.com/yy/rank/home/22-8888.html?from=rank
2026-08-07,2026-08-07T11:19:20+08:00,酷狗音乐,热歌榜,酷狗TOP500,2026-08-07,484,下雨天,南拳妈妈,,4:13,947127F991A6A4FF77C89779E6B25AF4,983794,https://www.kugou.com/yy/rank/home/22-8888.html?from=rank
2026-08-07,2026-08-07T11:19:20+08:00,酷狗音乐,热歌榜,酷狗TOP500,2026-08-07,485,时差 (On call),鹿晗,,3:20,337B7DFC3EA7954785D50D4C3948F64D,1993188,https://www.kugou.com/yy/rank/home/23-8888.html?from=rank
2026-08-07,2026-08-07T11:19:20+08:00,酷狗音乐,热歌榜,酷狗TOP500,2026-08-07,486,我只在乎你,邓丽君,,4:17,71BE31F92B6C0B418E457C89A2E12DDD,1383240,https://www.kugou.com/yy/rank/home/23-8888.html?from=rank
2026-08-07,2026-08-07T11:19:20+08:00,酷狗音乐,热歌榜,酷狗TOP500,2026-08-07,487,Star Crossing Night (feat. GALI),徐明浩、GALI,,3:25,365E247CFC88B7CEFBF9A03F1576065C,158890325,https://www.kugou.com/yy/rank/home/23-8888.html?from=rank
2026-08-07,2026-08-07T11:19:20+08:00,酷狗音乐,热歌榜,酷狗TOP500,2026-08-07,488,侧脸,于果,,3:38,6E0D71237817092E2F5EB8E1B3623781,8334245,https://www.kugou.com/yy/rank/home/23-8888.html?from=rank
2026-08-07,2026-08-07T11:19:20+08:00,酷狗音乐,热歌榜,酷狗TOP500,2026-08-07,489,Poker Face,Lady Gaga,,3:57,645E837927E3207AD0AEA3997EB00444,38501704,https://www.kugou.com/yy/rank/home/23-8888.html?from=rank
2026-08-07,2026-08-07T11:19:20+08:00,酷狗音乐,热歌榜,酷狗TOP500,2026-08-07,490,清空,王忻辰、苏星婕,,2:57,13D65D3EE2C3D720800610D53BECA492,41190434,https://www.kugou.com/yy/rank/home/23-8888.html?from=rank
2026-08-07,2026-08-07T11:19:20+08:00,酷狗音乐,热歌榜,酷狗TOP500,2026-08-07,491,"Baby, Don't Cry (人鱼的眼泪)(Chinese Ver.)",EXO,,3:56,B692ED61ED4DDE69C50EB8B975D4E04D,22436133,https://www.kugou.com/yy/rank/home/23-8888.html?from=rank
2026-08-07,2026-08-07T11:19:20+08:00,酷狗音乐,热歌榜,酷狗TOP500,2026-08-07,492,一生所爱,卢冠廷、莫文蔚,,4:34,C965B31DB9B5F4E4DB94DC071830C78F,3995801,https://www.kugou.com/yy/rank/home/23-8888.html?from=rank
2026-08-07,2026-08-07T11:19:20+08:00,酷狗音乐,热歌榜,酷狗TOP500,2026-08-07,493,先说谎的人,h3R3刘清云、张鑫,,2:49,4F2F51A01A6FF91435D80EEC62E759C0,51331566,https://www.kugou.com/yy/rank/home/23-8888.html?from=rank
2026-08-07,2026-08-07T11:19:20+08:00,酷狗音乐,热歌榜,酷狗TOP500,2026-08-07,494,嚣张,en (王翊恩),,4:13,6E00F68FA602AB8C598EEC8710C9CEC0,26433357,https://www.kugou.com/yy/rank/home/23-8888.html?from=rank
2026-08-07,2026-08-07T11:19:20+08:00,酷狗音乐,热歌榜,酷狗TOP500,2026-08-07,495,主角,王菲,,5:00,5AC9B20840021F9BE51D76C3067BCC26,189702143,https://www.kugou.com/yy/rank/home/23-8888.html?from=rank
2026-08-07,2026-08-07T11:19:20+08:00,酷狗音乐,热歌榜,酷狗TOP500,2026-08-07,496,匆匆那年,王菲,,4:00,08519C4B628FCC6292A46A508E11DFA2,4139345,https://www.kugou.com/yy/rank/home/23-8888.html?from=rank
2026-08-07,2026-08-07T11:19:20+08:00,酷狗音乐,热歌榜,酷狗TOP500,2026-08-07,497,晚风心里吹,阿梨粤,,3:07,DFFB8F6768AC5044881BB6DD11BDED53,55808898,https://www.kugou.com/yy/rank/home/23-8888.html?from=rank
2026-08-07,2026-08-07T11:19:20+08:00,酷狗音乐,热歌榜,酷狗TOP500,2026-08-07,498,单车,陈奕迅,,3:31,3FA554270A2AE0FE64AAACDDDBD8D0B7,504206,https://www.kugou.com/yy/rank/home/23-8888.html?from=rank
2026-08-07,2026-08-07T11:19:20+08:00,酷狗音乐,热歌榜,酷狗TOP500,2026-08-07,499,逆风的船 (律动版),蓝波,,2:59,BEC8C085070B88D79A13990BE29ACAA9,199831134,https://www.kugou.com/yy/rank/home/23-8888.html?from=rank
2026-08-07,2026-08-07T11:19:20+08:00,酷狗音乐,热歌榜,酷狗TOP500,2026-08-07,500,风催雨 (电音版),DJ Konatal,,2:32,6B1305D118E40CFF02F6E6A8C5C976C9,201645949,https://www.kugou.com/yy/rank/home/23-8888.html?from=rank
2026-08-07,2026-08-07T11:19:20+08:00,酷狗音乐,飙升榜,酷狗飙升榜,2026-08-07,1,遥远的东方,哈基眯,,3:28,0F3787E339CD0BDEDC97EB3FCD7160EC,197175030,https://www.kugou.com/yy/rank/home/1-6666.html?from=rank
2026-08-07,2026-08-07T11:19:20+08:00,酷狗音乐,飙升榜,酷狗飙升榜,2026-08-07,2,偏爱你一人,童珺,,3:20,C33EF12144DFC05B3A2D900D41FCCD88,172815154,https://www.kugou.com/yy/rank/home/1-6666.html?from=rank
2026-08-07,2026-08-07T11:19:20+08:00,酷狗音乐,飙升榜,酷狗飙升榜,2026-08-07,3,心碎的声音 (对唱版),田园、宫易乐,,3:18,643A287FE7DD889A4E570142B272F021,202309516,https://www.kugou.com/yy/rank/home/1-6666.html?from=rank
2026-08-07,2026-08-07T11:19:20+08:00,酷狗音乐,飙升榜,酷狗飙升榜,2026-08-07,4,岁月如笔写春秋 (EDM粤语版),陈靓靓,,3:57,91AA8BA8FA1496B1AC9AAE8B2B9CED5A,197385302,https://www.kugou.com/yy/rank/home/1-6666.html?from=rank
2026-08-07,2026-08-07T11:19:20+08:00,酷狗音乐,飙升榜,酷狗飙升榜,2026-08-07,5,盛夏的果实 (你曾说过会永远爱我),文玖言,,3:46,1C5CC4FF03C595AA7FE9D4B5E6CFFC7E,202018297,https://www.kugou.com/yy/rank/home/1-6666.html?from=rank
2026-08-07,2026-08-07T11:19:20+08:00,酷狗音乐,飙升榜,酷狗飙升榜,2026-08-07,6,问尘念,达珍拉姆,,3:22,9BB92965FEC5D0D30FF4FBED1B6FE005,201998774,https://www.kugou.com/yy/rank/home/1-6666.html?from=rank
2026-08-07,2026-08-07T11:19:20+08:00,酷狗音乐,飙升榜,酷狗飙升榜,2026-08-07,7,让花是花 让树是树 (女声版),苏晚星,,2:59,52C430AC2340E4FC014CDBD656682AB7,196827544,https://www.kugou.com/yy/rank/home/1-6666.html?from=rank
2026-08-07,2026-08-07T11:19:20+08:00,酷狗音乐,飙升榜,酷狗飙升榜,2026-08-07,8,迎着风 向前冲 (万妖图录传),姜月初,,3:03,3988888A35A6169B4D1066E85551D975,200397529,https://www.kugou.com/yy/rank/home/1-6666.html?from=rank
2026-08-07,2026-08-07T11:19:20+08:00,酷狗音乐,飙升榜,酷狗飙升榜,2026-08-07,9,等风吹满,大欢,,3:59,2BE5496CD138B03B61E25AB0A51DFD5B,202339254,https://www.kugou.com/yy/rank/home/1-6666.html?from=rank
2026-08-07,2026-08-07T11:19:20+08:00,酷狗音乐,飙升榜,酷狗飙升榜,2026-08-07,10,风往哪吹我往哪走,杨不乖,,3:54,9B70A3310B17846483249D58B83B66F7,202310584,https://www.kugou.com/yy/rank/home/1-6666.html?from=rank
2026-08-07,2026-08-07T11:19:20+08:00,酷狗音乐,飙升榜,酷狗飙升榜,2026-08-07,11,听风捎来旧时谣,灯叔,,3:17,F01EB6CAE11C08262FBD22730989F6F4,202315511,https://www.kugou.com/yy/rank/home/1-6666.html?from=rank
2026-08-07,2026-08-07T11:19:20+08:00,酷狗音乐,飙升榜,酷狗飙升榜,2026-08-07,12,涟漪隧道,金莎,,3:53,DD356804D393F48033E2BDF68B1A16C9,202307860,https://www.kugou.com/yy/rank/home/1-6666.html?from=rank
2026-08-07,2026-08-07T11:19:20+08:00,酷狗音乐,飙升榜,酷狗飙升榜,2026-08-07,13,执迷不悟,1个球,,3:58,F8CCCC17CFAE998D404C97A9FDD8876B,202259082,https://www.kugou.com/yy/rank/home/1-6666.html?from=rank
2026-08-07,2026-08-07T11:19:20+08:00,酷狗音乐,飙升榜,酷狗飙升榜,2026-08-07,14,我把思念说给风 (问心痛不痛)(对唱版),庄众,,2:59,457A28427C54DED2E8F96021DD884632,202281066,https://www.kugou.com/yy/rank/home/1-6666.html?from=rank
2026-08-07,2026-08-07T11:19:20+08:00,酷狗音乐,飙升榜,酷狗飙升榜,2026-08-07,15,先斩意中人 (男版),DJ铁柱,,3:29,5A9731B9BE64E06819D4BC72A14439D3,198491436,https://www.kugou.com/yy/rank/home/1-6666.html?from=rank
2026-08-07,2026-08-07T11:19:20+08:00,酷狗音乐,飙升榜,酷狗飙升榜,2026-08-07,16,我就站在你面前,金禾安,,3:23,EFBCAC3E1AA8DFFF221EC0701D805B35,199785366,https://www.kugou.com/yy/rank/home/1-6666.html?from=rank
2026-08-07,2026-08-07T11:19:20+08:00,酷狗音乐,飙升榜,酷狗飙升榜,2026-08-07,17,皖安 (何苦两相难堪),DJ铁柱、烟嗓队长,,4:46,162901850D4DB1E928E9CADE32F7EE41,198895155,https://www.kugou.com/yy/rank/home/1-6666.html?from=rank
2026-08-07,2026-08-07T11:19:20+08:00,酷狗音乐,飙升榜,酷狗飙升榜,2026-08-07,18,难猜,王忻辰,,3:54,3AA38D8332E6BF375A63AD06F433EA6F,202289075,https://www.kugou.com/yy/rank/home/1-6666.html?from=rank
2026-08-07,2026-08-07T11:19:20+08:00,酷狗音乐,飙升榜,酷狗飙升榜,2026-08-07,19,我的歌声里 (架子鼓版),发呆想你时,,4:51,002A44726094C3EEDD994FA26A4020E8,199834352,https://www.kugou.com/yy/rank/home/1-6666.html?from=rank
2026-08-07,2026-08-07T11:19:20+08:00,酷狗音乐,飙升榜,酷狗飙升榜,2026-08-07,20,一次性胶卷,心痛印、LZY,,3:37,68EDA3DCF8746B85102F41D7DEC229DF,201064383,https://www.kugou.com/yy/rank/home/1-6666.html?from=rank
2026-08-07,2026-08-07T11:19:20+08:00,酷狗音乐,飙升榜,酷狗飙升榜,2026-08-07,21,谁是谁的例外,JeffGuo,,3:38,5EC6B101D917435D351ED14802B7618B,199782453,https://www.kugou.com/yy/rank/home/1-6666.html?from=rank
2026-08-07,2026-08-07T11:19:20+08:00,酷狗音乐,飙升榜,酷狗飙升榜,2026-08-07,22,等你为我送来一束花,侯泽润,,3:48,3CF9A2DE9B55D316C1005C1A6473F55A,202289123,https://www.kugou.com/yy/rank/home/1-6666.html?from=rank
2026-08-07,2026-08-07T11:19:20+08:00,酷狗音乐,飙升榜,酷狗飙升榜,2026-08-07,23,昨日欢笑声 (国语版),吉他的天空,,3:08,74A658DBD835CCB6863703FEDEAAB1AA,202341592,https://www.kugou.com/yy/rank/home/2-6666.html?from=rank
2026-08-07,2026-08-07T11:19:20+08:00,酷狗音乐,飙升榜,酷狗飙升榜,2026-08-07,24,差一点就差一点,穆淳,,3:05,3755897865E988387BADD271971BB387,201457876,https://www.kugou.com/yy/rank/home/2-6666.html?from=rank
2026-08-07,2026-08-07T11:19:20+08:00,酷狗音乐,飙升榜,酷狗飙升榜,2026-08-07,25,Rise and Fall (罗马征兵进行曲),Ameriie、Arabella Vaughn,,2:13,DF2931AA73B868AAD956E3A7830B38B7,202153054,https://www.kugou.com/yy/rank/home/2-6666.html?from=rank
2026-08-07,2026-08-07T11:19:20+08:00,酷狗音乐,飙升榜,酷狗飙升榜,2026-08-07,26,如果让我哭一场,韩小欠,,3:55,379FFCDD240F0760CC0F707C7797885C,202281054,https://www.kugou.com/yy/rank/home/2-6666.html?from=rank
2026-08-07,2026-08-07T11:19:20+08:00,酷狗音乐,飙升榜,酷狗飙升榜,2026-08-07,27,没有被你爱的命,杨不乖,,2:36,565F195DAF82452F077A10DF6B00D80F,202310850,https://www.kugou.com/yy/rank/home/2-6666.html?from=rank
2026-08-07,2026-08-07T11:19:20+08:00,酷狗音乐,飙升榜,酷狗飙升榜,2026-08-07,28,也许在下雨天 (雷鬼版),保安王队长,,3:49,0FFB81E70E2FD004E00FB6BC6BB8B982,195020013,https://www.kugou.com/yy/rank/home/2-6666.html?from=rank
2026-08-07,2026-08-07T11:19:20+08:00,酷狗音乐,飙升榜,酷狗飙升榜,2026-08-07,29,无归,李佳薇,,4:16,ECADB39D58370BA018CD86BE4260ABB5,202289697,https://www.kugou.com/yy/rank/home/2-6666.html?from=rank
2026-08-07,2026-08-07T11:19:20+08:00,酷狗音乐,飙升榜,酷狗飙升榜,2026-08-07,30,镜中人:Mirror to me (bonus track.),Capper、周震南,,3:25,C226A1B5F3A726020D088489144D6F30,196013905,https://www.kugou.com/yy/rank/home/2-6666.html?from=rank
2026-08-07,2026-08-07T11:19:20+08:00,酷狗音乐,飙升榜,酷狗飙升榜,2026-08-07,31,你的爱情像剪刀 (男女对唱版),马耀火、金禾安,,3:00,9740F3C43FBA6654E509C8534614C71F,201311484,https://www.kugou.com/yy/rank/home/2-6666.html?from=rank
2026-08-07,2026-08-07T11:19:20+08:00,酷狗音乐,飙升榜,酷狗飙升榜,2026-08-07,32,我是否也在你心中 (微醺版),崔锦溪,,4:08,12C1DBA93F84B9B52D2F0A03674B9F7F,201349457,https://www.kugou.com/yy/rank/home/2-6666.html?from=rank
2026-08-07,2026-08-07T11:19:20+08:00,酷狗音乐,飙升榜,酷狗飙升榜,2026-08-07,33,逆风的船 (律动版),蓝波,,2:59,BEC8C085070B88D79A13990BE29ACAA9,199831134,https://www.kugou.com/yy/rank/home/2-6666.html?from=rank
2026-08-07,2026-08-07T11:19:20+08:00,酷狗音乐,飙升榜,酷狗飙升榜,2026-08-07,34,风儿轻轻乱我心 (落花有情流水太无情),方辰,,2:17,7E53F337357B62C561C3A5F8EA38FB90,202279104,https://www.kugou.com/yy/rank/home/2-6666.html?from=rank
2026-08-07,2026-08-07T11:19:20+08:00,酷狗音乐,飙升榜,酷狗飙升榜,2026-08-07,35,吹吹山顶的风,日落点播,,2:52,366BB56F5FF00F13F2C7DCDDB21FBA93,199225077,https://www.kugou.com/yy/rank/home/2-6666.html?from=rank
2026-08-07,2026-08-07T11:19:20+08:00,酷狗音乐,飙升榜,酷狗飙升榜,2026-08-07,36,Leting Go,一滴泪入我心,,3:00,AD96F604BDF2E98B655A999E3A09518E,200563817,https://www.kugou.com/yy/rank/home/2-6666.html?from=rank
2026-08-07,2026-08-07T11:19:20+08:00,酷狗音乐,飙升榜,酷狗飙升榜,2026-08-07,37,相见恨晚,橘子妹,,3:28,E21A4942DC905DE080D9A0B95194D86F,202037019,https://www.kugou.com/yy/rank/home/2-6666.html?from=rank
2026-08-07,2026-08-07T11:19:20+08:00,酷狗音乐,飙升榜,酷狗飙升榜,2026-08-07,38,肆,叶里,,3:59,331A4B41B418B5E009A95AE4B7668A5B,202289651,https://www.kugou.com/yy/rank/home/2-6666.html?from=rank
2026-08-07,2026-08-07T11:19:20+08:00,酷狗音乐,飙升榜,酷狗飙升榜,2026-08-07,39,有多少人这样活着 (烟嗓版),烟嗓队长、DJ铁柱,,3:19,F705D7738F9F9D68234492E2F0D7DA0A,201302890,https://www.kugou.com/yy/rank/home/2-6666.html?from=rank
2026-08-07,2026-08-07T11:19:20+08:00,酷狗音乐,飙升榜,酷狗飙升榜,2026-08-07,40,问遍红尘万千 (对唱版),袁小袁、姜火火,,3:09,CC47679D1FD6AAE915FA2F5282B177AC,202264742,https://www.kugou.com/yy/rank/home/2-6666.html?from=rank
2026-08-07,2026-08-07T11:19:20+08:00,酷狗音乐,飙升榜,酷狗飙升榜,2026-08-07,41,乌兰巴托的夜 (空灵女嗓版),DJ铁柱,,2:23,0172203698C0E1C9FCF6F664847D9839,199815264,https://www.kugou.com/yy/rank/home/2-6666.html?from=rank
2026-08-07,2026-08-07T11:19:20+08:00,酷狗音乐,飙升榜,酷狗飙升榜,2026-08-07,42,再遇不到像你一样的人,阿美呀,,4:31,CB5326A06DADB65396EA9E2AF5FFA7E5,202332908,https://www.kugou.com/yy/rank/home/2-6666.html?from=rank
2026-08-07,2026-08-07T11:19:20+08:00,酷狗音乐,飙升榜,酷狗飙升榜,2026-08-07,43,左边画个虫虫,MOONBOI（杨望舒）,,2:36,DFBE6B78C7622433C29A7F3A1CFA3361,29308257,https://www.kugou.com/yy/rank/home/2-6666.html?from=rank
2026-08-07,2026-08-07T11:19:20+08:00,酷狗音乐,飙升榜,酷狗飙升榜,2026-08-07,44,我们的两边,陈默之,,3:37,7A51CCCD581734BC9CE4B1B19303543E,202283067,https://www.kugou.com/yy/rank/home/2-6666.html?from=rank
2026-08-07,2026-08-07T11:19:20+08:00,酷狗音乐,飙升榜,酷狗飙升榜,2026-08-07,45,我知道我说着的太多的一些烂理由,琉璃未眠,,2:34,A5860962548BA072707817A33463999A,201677379,https://www.kugou.com/yy/rank/home/3-6666.html?from=rank
2026-08-07,2026-08-07T11:19:20+08:00,酷狗音乐,飙升榜,酷狗飙升榜,2026-08-07,46,金乌 Golden Bird,刘宇、Alan Walker、孙名川Chuanzi Suona,,3:30,83E9BA94DA266E023C4953EC4FCD207C,201202055,https://www.kugou.com/yy/rank/home/3-6666.html?from=rank
2026-08-07,2026-08-07T11:19:20+08:00,酷狗音乐,飙升榜,酷狗飙升榜,2026-08-07,47,岁月烟火,安儿陈,,3:37,F2B24442E2C3DB1E9DD0FC9ACA1E0337,202308329,https://www.kugou.com/yy/rank/home/3-6666.html?from=rank
2026-08-07,2026-08-07T11:19:20+08:00,酷狗音乐,飙升榜,酷狗飙升榜,2026-08-07,48,人间一阵风 (对唱版),方辰、烟嗓阿文,,4:44,34CC097FD100CD0C8DA44D1433BAAA80,202317491,https://www.kugou.com/yy/rank/home/3-6666.html?from=rank
2026-08-07,2026-08-07T11:19:20+08:00,酷狗音乐,飙升榜,酷狗飙升榜,2026-08-07,49,一对怨侣,尚辰,,3:34,EA3210586A5330893A9D8C22945DBC75,202307219,https://www.kugou.com/yy/rank/home/3-6666.html?from=rank
2026-08-07,2026-08-07T11:19:20+08:00,酷狗音乐,飙升榜,酷狗飙升榜,2026-08-07,50,letting go (鼓点纯音乐),欧比头,,2:29,95BFFF75DF5F1C570A8123CF61F24725,200565207,https://www.kugou.com/yy/rank/home/3-6666.html?from=rank
2026-08-07,2026-08-07T11:19:20+08:00,酷狗音乐,飙升榜,酷狗飙升榜,2026-08-07,51,拾光暖意 (纯音治愈版),耳朵休息站,,2:53,9C3F0F073D904C6E91528311C07AF3C2,192499880,https://www.kugou.com/yy/rank/home/3-6666.html?from=rank
2026-08-07,2026-08-07T11:19:20+08:00,酷狗音乐,飙升榜,酷狗飙升榜,2026-08-07,52,湮灭,白允y,,3:57,88EC9A6C19D2B7B9C11310049E7B1927,202332802,https://www.kugou.com/yy/rank/home/3-6666.html?from=rank
2026-08-07,2026-08-07T11:19:20+08:00,酷狗音乐,飙升榜,酷狗飙升榜,2026-08-07,53,思念是枚弯月亮,漆琬林,,3:23,8424BEBC8A9720AEFB0F0C0A90593D1C,162953044,https://www.kugou.com/yy/rank/home/3-6666.html?from=rank
2026-08-07,2026-08-07T11:19:20+08:00,酷狗音乐,飙升榜,酷狗飙升榜,2026-08-07,54,比石头还硬的心,高冷,,3:40,EB25D70A5D8DFD50F479ADE68C77DB70,191837924,https://www.kugou.com/yy/rank/home/3-6666.html?from=rank
2026-08-07,2026-08-07T11:19:20+08:00,酷狗音乐,飙升榜,酷狗飙升榜,2026-08-07,55,偏爱,张芸京,,3:34,561A7E822714653DE16B4CA7C1EC95C7,1989724,https://www.kugou.com/yy/rank/home/3-6666.html?from=rank
2026-08-07,2026-08-07T11:19:20+08:00,酷狗音乐,飙升榜,酷狗飙升榜,2026-08-07,56,千千阕歌,陈慧娴,,4:59,821E05B0399240F01FCF763837B9D08F,2296531,https://www.kugou.com/yy/rank/home/3-6666.html?from=rank
2026-08-07,2026-08-07T11:19:20+08:00,酷狗音乐,飙升榜,酷狗飙升榜,2026-08-07,57,东北爱情故事,乔艳艳,,3:45,A58C7F16AADDFC172AD6CA93F9586031,202152976,https://www.kugou.com/yy/rank/home/3-6666.html?from=rank
2026-08-07,2026-08-07T11:19:20+08:00,酷狗音乐,飙升榜,酷狗飙升榜,2026-08-07,58,且问青春还剩下多少年,姜雨涵,,4:04,834DEE880DA857C9854496D968AC9A55,202282938,https://www.kugou.com/yy/rank/home/3-6666.html?from=rank
2026-08-07,2026-08-07T11:19:20+08:00,酷狗音乐,飙升榜,酷狗飙升榜,2026-08-07,59,你短暂出现又匆忙离开,草原兄弟,,3:42,F87EBBF3A38A40C3CC03B292510A1175,202277507,https://www.kugou.com/yy/rank/home/3-6666.html?from=rank
2026-08-07,2026-08-07T11:19:20+08:00,酷狗音乐,飙升榜,酷狗飙升榜,2026-08-07,60,踏马寻花向自由,杨子一,,2:58,08EA6A6CDDD479F712DB7CDFDEE5CC96,201412204,https://www.kugou.com/yy/rank/home/3-6666.html?from=rank
2026-08-07,2026-08-07T11:19:20+08:00,酷狗音乐,飙升榜,酷狗飙升榜,2026-08-07,61,春庭雪 (r&b微醺版),落日微醺,,3:44,34F0A836850778DA37190AA74ED2A06E,195834505,https://www.kugou.com/yy/rank/home/3-6666.html?from=rank
2026-08-07,2026-08-07T11:19:20+08:00,酷狗音乐,飙升榜,酷狗飙升榜,2026-08-07,62,来生不做痴情魂,王小宁,,4:20,072BB6E1AE030E36CC61A752D5C3A752,202281047,https://www.kugou.com/yy/rank/home/3-6666.html?from=rank
2026-08-07,2026-08-07T11:19:20+08:00,酷狗音乐,飙升榜,酷狗飙升榜,2026-08-07,63,十年,陈奕迅,,3:25,131C32888BDE68EC326566630C5481FA,525571,https://www.kugou.com/yy/rank/home/3-6666.html?from=rank
2026-08-07,2026-08-07T11:19:20+08:00,酷狗音乐,飙升榜,酷狗飙升榜,2026-08-07,64,最佳前任,虎虎（青鸟飞鱼成员）,,4:25,5F25ECA9E236A034941724A89F6BC15D,65665314,https://www.kugou.com/yy/rank/home/3-6666.html?from=rank
2026-08-07,2026-08-07T11:19:20+08:00,酷狗音乐,飙升榜,酷狗飙升榜,2026-08-07,65,一个人的晚安,静静,,4:48,93EE40CE1AF26C2BE5FAF9D27C23B19B,202263758,https://www.kugou.com/yy/rank/home/3-6666.html?from=rank
2026-08-07,2026-08-07T11:19:20+08:00,酷狗音乐,飙升榜,酷狗飙升榜,2026-08-07,66,不想活得太明白 (律动版),王一佳,,2:54,3674EFEF59BD7829638B198EFB1C7984,202289371,https://www.kugou.com/yy/rank/home/3-6666.html?from=rank
2026-08-07,2026-08-07T11:19:20+08:00,酷狗音乐,飙升榜,酷狗飙升榜,2026-08-07,67,眼泪是回到过去的河流,米雅,,3:51,91EB53E5CD7C1C2F0D7F297F640EB9CC,171445149,https://www.kugou.com/yy/rank/home/4-6666.html?from=rank
2026-08-07,2026-08-07T11:19:20+08:00,酷狗音乐,飙升榜,酷狗飙升榜,2026-08-07,68,一程山路 (Live),毛不易,,3:36,E9A5A1CB2A7D740D057360540C8D9439,175318563,https://www.kugou.com/yy/rank/home/4-6666.html?from=rank
2026-08-07,2026-08-07T11:19:20+08:00,酷狗音乐,飙升榜,酷狗飙升榜,2026-08-07,69,一诺,刘宇宁,,3:40,C9C1A90ABB53B553AC0E2BFBCE784272,202049647,https://www.kugou.com/yy/rank/home/4-6666.html?from=rank
2026-08-07,2026-08-07T11:19:20+08:00,酷狗音乐,飙升榜,酷狗飙升榜,2026-08-07,70,都说黄连最苦 都说砒霜最毒,沧桑小杰office,,3:20,D65BD74AB671691B0AA33CA2DDCF3DB8,201271933,https://www.kugou.com/yy/rank/home/4-6666.html?from=rank
2026-08-07,2026-08-07T11:19:20+08:00,酷狗音乐,飙升榜,酷狗飙升榜,2026-08-07,71,寻梦之旅,刘君,,3:19,97A8F35079B619DCA0D58BC6E64EE2DB,21818042,https://www.kugou.com/yy/rank/home/4-6666.html?from=rank
2026-08-07,2026-08-07T11:19:20+08:00,酷狗音乐,飙升榜,酷狗飙升榜,2026-08-07,72,Full Signal满格信号,万妮达Vinida Weng,,3:00,D5289EE1015A07CB45F7CC0D680FD38A,202306244,https://www.kugou.com/yy/rank/home/4-6666.html?from=rank
2026-08-07,2026-08-07T11:19:20+08:00,酷狗音乐,飙升榜,酷狗飙升榜,2026-08-07,73,吻别 (烟嗓女版),烟嗓小希,,4:49,12750D3982067B33EB395B9BF2A714E0,200693191,https://www.kugou.com/yy/rank/home/4-6666.html?from=rank
2026-08-07,2026-08-07T11:19:20+08:00,酷狗音乐,飙升榜,酷狗飙升榜,2026-08-07,74,爱上我又丢下我,恰恰恰恰恰,,3:31,2BD355663B088BC57867A03A648AB001,200561244,https://www.kugou.com/yy/rank/home/4-6666.html?from=rank
2026-08-07,2026-08-07T11:19:20+08:00,酷狗音乐,飙升榜,酷狗飙升榜,2026-08-07,75,来我的岛,刘宇宁,,3:43,424EAB2C807878334DF890BBE262EE74,201648884,https://www.kugou.com/yy/rank/home/4-6666.html?from=rank
2026-08-07,2026-08-07T11:19:20+08:00,酷狗音乐,飙升榜,酷狗飙升榜,2026-08-07,76,66传奇,阿酣,,3:05,AFFD9B0A468D4BE0824AB83FDAEC3868,195644664,https://www.kugou.com/yy/rank/home/4-6666.html?from=rank
2026-08-07,2026-08-07T11:19:20+08:00,酷狗音乐,飙升榜,酷狗飙升榜,2026-08-07,77,风与花的约定,半吨兄弟,,3:32,E8A86529263ACA71D4945C937FFAA363,201505729,https://www.kugou.com/yy/rank/home/4-6666.html?from=rank
2026-08-07,2026-08-07T11:19:20+08:00,酷狗音乐,飙升榜,酷狗飙升榜,2026-08-07,78,江上晚风吟 (男版),王秋实,,3:49,B548AAA93918E8C191B17F88A70F4C45,202309147,https://www.kugou.com/yy/rank/home/4-6666.html?from=rank
2026-08-07,2026-08-07T11:19:20+08:00,酷狗音乐,飙升榜,酷狗飙升榜,2026-08-07,79,新贵妃醉酒,李玉刚,,4:39,69F342D52AFB4EA64301A22D119D3AC0,969290,https://www.kugou.com/yy/rank/home/4-6666.html?from=rank
2026-08-07,2026-08-07T11:19:20+08:00,酷狗音乐,飙升榜,酷狗飙升榜,2026-08-07,80,不必说抱歉 (对唱版),李发发、刘书云,,3:25,F88032630BF23BD9BC2FCECE5C9A8B7F,202289343,https://www.kugou.com/yy/rank/home/4-6666.html?from=rank
2026-08-07,2026-08-07T11:19:20+08:00,酷狗音乐,飙升榜,酷狗飙升榜,2026-08-07,81,边错边爱 (tell me why),KAI,,3:15,CDEFE2B957958488B49C173A375338B5,197110832,https://www.kugou.com/yy/rank/home/4-6666.html?from=rank
2026-08-07,2026-08-07T11:19:20+08:00,酷狗音乐,飙升榜,酷狗飙升榜,2026-08-07,82,弥渡山歌 (说唱版),泽阳、冰子,,3:06,0CF84DDF4D628ADB644DFFE2E592670F,70925641,https://www.kugou.com/yy/rank/home/4-6666.html?from=rank
2026-08-07,2026-08-07T11:19:20+08:00,酷狗音乐,飙升榜,酷狗飙升榜,2026-08-07,83,不由人,二龙湖浩哥,,3:32,93BCFDF3A943B05AF659A0A45D9FE033,199943834,https://www.kugou.com/yy/rank/home/4-6666.html?from=rank
2026-08-07,2026-08-07T11:19:20+08:00,酷狗音乐,飙升榜,酷狗飙升榜,2026-08-07,84,吹吹山顶的风,杨小壮,,2:59,D6EE8D799C595F9DE5932097A17212CE,202288424,https://www.kugou.com/yy/rank/home/4-6666.html?from=rank
2026-08-07,2026-08-07T11:19:20+08:00,酷狗音乐,飙升榜,酷狗飙升榜,2026-08-07,85,不再犹豫,BEYOND,,4:13,1DC3E2AACCE8F9DB8ACCBD69C1BAA915,556047,https://www.kugou.com/yy/rank/home/4-6666.html?from=rank
2026-08-07,2026-08-07T11:19:20+08:00,酷狗音乐,飙升榜,酷狗飙升榜,2026-08-07,86,忘情火鸡面,马健涛,,2:44,37D2FC0EEB63CDF38C8AEFF97FC9CDD0,202461285,https://www.kugou.com/yy/rank/home/4-6666.html?from=rank
2026-08-07,2026-08-07T11:19:20+08:00,酷狗音乐,飙升榜,酷狗飙升榜,2026-08-07,87,本不适合,乔佳旭,,3:41,ACED694ED9244FDCDD7B32861EBE4CB3,105505180,https://www.kugou.com/yy/rank/home/4-6666.html?from=rank
2026-08-07,2026-08-07T11:19:20+08:00,酷狗音乐,飙升榜,酷狗飙升榜,2026-08-07,88,我们的风度,薛凯琪,,3:26,43123F66E17BE5D152E31AB227E6EC8F,202049638,https://www.kugou.com/yy/rank/home/4-6666.html?from=rank
2026-08-07,2026-08-07T11:19:20+08:00,酷狗音乐,飙升榜,酷狗飙升榜,2026-08-07,89,问题唉,安扬,,2:34,6D23802C330CA36C20C63A5D49F16743,202289139,https://www.kugou.com/yy/rank/home/5-6666.html?from=rank
2026-08-07,2026-08-07T11:19:20+08:00,酷狗音乐,飙升榜,酷狗飙升榜,2026-08-07,90,最难念的经是情,千百顺,,3:46,926D86B70FEE4C3B3CC4676824F0C4E0,202295046,https://www.kugou.com/yy/rank/home/5-6666.html?from=rank
2026-08-07,2026-08-07T11:19:20+08:00,酷狗音乐,飙升榜,酷狗飙升榜,2026-08-07,91,圆圆,陈子晴,,3:08,6E860792FE6A7F5B8F7E10E6DE52A8C6,62554706,https://www.kugou.com/yy/rank/home/5-6666.html?from=rank
2026-08-07,2026-08-07T11:19:20+08:00,酷狗音乐,飙升榜,酷狗飙升榜,2026-08-07,92,我试问天上仙,王一佳,,3:20,B078926B42F4F2565E126DAFFEBD9610,96908207,https://www.kugou.com/yy/rank/home/5-6666.html?from=rank
2026-08-07,2026-08-07T11:19:20+08:00,酷狗音乐,飙升榜,酷狗飙升榜,2026-08-07,93,多疑的恋人,王赫野,,3:11,34ACC7CE14848B3370E6748A279FBF3F,195842464,https://www.kugou.com/yy/rank/home/5-6666.html?from=rank
2026-08-07,2026-08-07T11:19:20+08:00,酷狗音乐,飙升榜,酷狗飙升榜,2026-08-07,94,我愿多年后 (语录版),曲木老表,,2:54,41B4D2183AE07C7B9B8EBA81EE0EB253,202290572,https://www.kugou.com/yy/rank/home/5-6666.html?from=rank
2026-08-07,2026-08-07T11:19:20+08:00,酷狗音乐,飙升榜,酷狗飙升榜,2026-08-07,95,雨声叹余生,张蓓蓓,,3:26,D287AA60C9EA31A311A7D8728592CF72,201654650,https://www.kugou.com/yy/rank/home/5-6666.html?from=rank
2026-08-07,2026-08-07T11:19:20+08:00,酷狗音乐,飙升榜,酷狗飙升榜,2026-08-07,96,风催雨 (电音版),DJ Konatal,,2:32,6B1305D118E40CFF02F6E6A8C5C976C9,201645949,https://www.kugou.com/yy/rank/home/5-6666.html?from=rank
2026-08-07,2026-08-07T11:19:20+08:00,酷狗音乐,飙升榜,酷狗飙升榜,2026-08-07,97,我听人说思念像风一样,梨子芥菜,,3:57,DF61C944195F019358D10CEEA8C6731F,200183074,https://www.kugou.com/yy/rank/home/5-6666.html?from=rank
2026-08-07,2026-08-07T11:19:20+08:00,酷狗音乐,飙升榜,酷狗飙升榜,2026-08-07,98,天边飘来悠扬的牧歌 (治愈版纯音乐),神仙的仙,,3:44,7BBD554DE31A44453AC5BD5895BF4396,200509001,https://www.kugou.com/yy/rank/home/5-6666.html?from=rank
2026-08-07,2026-08-07T11:19:20+08:00,酷狗音乐,飙升榜,酷狗飙升榜,2026-08-07,99,Mở Lối Cho Em 2 (Trí Thức Remix),Huyền Anh、MeMe Media,,4:03,09AF05A0379DC6CA0FE7736A35115E5C,152547769,https://www.kugou.com/yy/rank/home/5-6666.html?from=rank
2026-08-07,2026-08-07T11:19:20+08:00,酷狗音乐,飙升榜,酷狗飙升榜,2026-08-07,100,也许在下雨天 (男女对唱版),汲麟、予晴,,3:48,32D6296B024170B86C49255A11CB9054,197454433,https://www.kugou.com/yy/rank/home/5-6666.html?from=rank
2026-08-07,2026-08-07T11:19:20+08:00,微博,热搜榜,微博热搜榜,,1,iPhone18Pro十二大升级,数码,热度 1980078；新,,iPhone18Pro十二大升级,,https://s.weibo.com/weibo?q=%23iPhone18Pro%E5%8D%81%E4%BA%8C%E5%A4%A7%E5%8D%87%E7%BA%A7%23
2026-08-07,2026-08-07T11:19:20+08:00,微博,热搜榜,微博热搜榜,,2,央视网评银行午休,民生新闻,热度 1454089；热,,央视网评银行午休,,https://s.weibo.com/weibo?q=%23%E5%A4%AE%E8%A7%86%E7%BD%91%E8%AF%84%E9%93%B6%E8%A1%8C%E5%8D%88%E4%BC%91%23
2026-08-07,2026-08-07T11:19:20+08:00,微博,热搜榜,微博热搜榜,,3,秋天第1个节气,国内时政,热度 943372；新,,秋天第1个节气,,https://s.weibo.com/weibo?q=%23%E7%A7%8B%E5%A4%A9%E7%AC%AC1%E4%B8%AA%E8%8A%82%E6%B0%94%23
2026-08-07,2026-08-07T11:19:20+08:00,微博,热搜榜,微博热搜榜,,4,伊能静自曝不太想录妻旅,综艺,热度 827142；新,,伊能静自曝不太想录妻旅,综艺,https://s.weibo.com/weibo?q=%23%E4%BC%8A%E8%83%BD%E9%9D%99%E8%87%AA%E6%9B%9D%E4%B8%8D%E5%A4%AA%E6%83%B3%E5%BD%95%E5%A6%BB%E6%97%85%23
2026-08-07,2026-08-07T11:19:20+08:00,微博,热搜榜,微博热搜榜,,5,结婚8年3娃非亲生司法鉴定已出,民生新闻,热度 714928；新,,结婚8年3娃非亲生司法鉴定已出,,https://s.weibo.com/weibo?q=%23%E7%BB%93%E5%A9%9A8%E5%B9%B43%E5%A8%83%E9%9D%9E%E4%BA%B2%E7%94%9F%E5%8F%B8%E6%B3%95%E9%89%B4%E5%AE%9A%E5%B7%B2%E5%87%BA%23
2026-08-07,2026-08-07T11:19:20+08:00,微博,热搜榜,微博热搜榜,,6,今年是闭眼秋,科学科普,热度 714027；新,,今年是闭眼秋,,https://s.weibo.com/weibo?q=%23%E4%BB%8A%E5%B9%B4%E6%98%AF%E9%97%AD%E7%9C%BC%E7%A7%8B%23
2026-08-07,2026-08-07T11:19:20+08:00,微博,热搜榜,微博热搜榜,,7,1岁宝宝碰坏纸巾盒三亚酒店索赔924元,民生新闻,热度 682530；新,,1岁宝宝碰坏纸巾盒三亚酒店索赔924元,,https://s.weibo.com/weibo?q=%231%E5%B2%81%E5%AE%9D%E5%AE%9D%E7%A2%B0%E5%9D%8F%E7%BA%B8%E5%B7%BE%E7%9B%92%E4%B8%89%E4%BA%9A%E9%85%92%E5%BA%97%E7%B4%A2%E8%B5%94924%E5%85%83%23
2026-08-07,2026-08-07T11:19:20+08:00,微博,热搜榜,微博热搜榜,,8,于适 平儿都长这么大了,电影,热度 610016；新,,于适 平儿都长这么大了,电影,https://s.weibo.com/weibo?q=%23%E4%BA%8E%E9%80%82%20%E5%B9%B3%E5%84%BF%E9%83%BD%E9%95%BF%E8%BF%99%E4%B9%88%E5%A4%A7%E4%BA%86%23
2026-08-07,2026-08-07T11:19:20+08:00,微博,热搜榜,微博热搜榜,,9,立秋,民生新闻,热度 470127；沸,,立秋,,https://s.weibo.com/weibo?q=%23%E7%AB%8B%E7%A7%8B%23
2026-08-07,2026-08-07T11:19:20+08:00,微博,热搜榜,微博热搜榜,,10,王楚钦还是个起名天才,体育,热度 329834,,王楚钦还是个起名天才,,https://s.weibo.com/weibo?q=%23%E7%8E%8B%E6%A5%9A%E9%92%A6%E8%BF%98%E6%98%AF%E4%B8%AA%E8%B5%B7%E5%90%8D%E5%A4%A9%E6%89%8D%23
2026-08-07,2026-08-07T11:19:20+08:00,微博,热搜榜,微博热搜榜,,11,Mina同学发声,艺人,热度 329598；新,,Mina同学发声,,https://s.weibo.com/weibo?q=%23Mina%E5%90%8C%E5%AD%A6%E5%8F%91%E5%A3%B0%23
2026-08-07,2026-08-07T11:19:20+08:00,微博,热搜榜,微博热搜榜,,12,粉笔公告自曝决策失误,民生新闻,热度 329389,,粉笔公告自曝决策失误,,https://s.weibo.com/weibo?q=%23%E7%B2%89%E7%AC%94%E5%85%AC%E5%91%8A%E8%87%AA%E6%9B%9D%E5%86%B3%E7%AD%96%E5%A4%B1%E8%AF%AF%23
2026-08-07,2026-08-07T11:19:20+08:00,微博,热搜榜,微博热搜榜,,13,粉笔 公关话术,互联网,热度 328960,,粉笔 公关话术,,https://s.weibo.com/weibo?q=%23%E7%B2%89%E7%AC%94%20%E5%85%AC%E5%85%B3%E8%AF%9D%E6%9C%AF%23
2026-08-07,2026-08-07T11:19:20+08:00,微博,热搜榜,微博热搜榜,,14,王垲智向侯卓成致歉,艺人,热度 328665；新,,王垲智向侯卓成致歉,['侯卓成'],https://s.weibo.com/weibo?q=%23%E7%8E%8B%E5%9E%B2%E6%99%BA%E5%90%91%E4%BE%AF%E5%8D%93%E6%88%90%E8%87%B4%E6%AD%89%23
2026-08-07,2026-08-07T11:19:20+08:00,微博,热搜榜,微博热搜榜,,15,两儿子同患自毁容貌症妈妈说天塌了,民生新闻,热度 328602；热,,两儿子同患自毁容貌症妈妈说天塌了,,https://s.weibo.com/weibo?q=%23%E4%B8%A4%E5%84%BF%E5%AD%90%E5%90%8C%E6%82%A3%E8%87%AA%E6%AF%81%E5%AE%B9%E8%B2%8C%E7%97%87%E5%A6%88%E5%A6%88%E8%AF%B4%E5%A4%A9%E5%A1%8C%E4%BA%86%23
2026-08-07,2026-08-07T11:19:20+08:00,微博,热搜榜,微博热搜榜,,16,到底谁才是爱豆,艺人,热度 328197；新,,到底谁才是爱豆,,https://s.weibo.com/weibo?q=%23%E5%88%B0%E5%BA%95%E8%B0%81%E6%89%8D%E6%98%AF%E7%88%B1%E8%B1%86%23
2026-08-07,2026-08-07T11:19:20+08:00,微博,热搜榜,微博热搜榜,,17,女子开一天一夜空调后二氧化碳中毒,民生新闻,热度 327835；新,,女子开一天一夜空调后二氧化碳中毒,,https://s.weibo.com/weibo?q=%23%E5%A5%B3%E5%AD%90%E5%BC%80%E4%B8%80%E5%A4%A9%E4%B8%80%E5%A4%9C%E7%A9%BA%E8%B0%83%E5%90%8E%E4%BA%8C%E6%B0%A7%E5%8C%96%E7%A2%B3%E4%B8%AD%E6%AF%92%23
2026-08-07,2026-08-07T11:19:20+08:00,微博,热搜榜,微博热搜榜,,18,苍兰诀,剧集,热度 327567,,苍兰诀,剧集,https://s.weibo.com/weibo?q=%23%E8%8B%8D%E5%85%B0%E8%AF%80%23
2026-08-07,2026-08-07T11:19:20+08:00,微博,热搜榜,微博热搜榜,,19,张凌赫请你喝秋天第一杯,艺人,热度 327423；新,,张凌赫请你喝秋天第一杯,['张凌赫'],https://s.weibo.com/weibo?q=%23%E5%BC%A0%E5%87%8C%E8%B5%AB%E8%AF%B7%E4%BD%A0%E5%96%9D%E7%A7%8B%E5%A4%A9%E7%AC%AC%E4%B8%80%E6%9D%AF%23
2026-08-07,2026-08-07T11:19:20+08:00,微博,热搜榜,微博热搜榜,,20,部分银行房贷利率降至2字头,财经,热度 326900；新,,部分银行房贷利率降至2字头,,https://s.weibo.com/weibo?q=%23%E9%83%A8%E5%88%86%E9%93%B6%E8%A1%8C%E6%88%BF%E8%B4%B7%E5%88%A9%E7%8E%87%E9%99%8D%E8%87%B32%E5%AD%97%E5%A4%B4%23
2026-08-07,2026-08-07T11:19:20+08:00,微博,热搜榜,微博热搜榜,,21,西村力大吧发长文回应,艺人,热度 326661,,西村力大吧发长文回应,,https://s.weibo.com/weibo?q=%23%E8%A5%BF%E6%9D%91%E5%8A%9B%E5%A4%A7%E5%90%A7%E5%8F%91%E9%95%BF%E6%96%87%E5%9B%9E%E5%BA%94%23
2026-08-07,2026-08-07T11:19:20+08:00,微博,热搜榜,微博热搜榜,,22,吃上时代少年团请的肯德基,艺人,热度 326508；新,,吃上时代少年团请的肯德基,['时代少年团'],https://s.weibo.com/weibo?q=%23%E5%90%83%E4%B8%8A%E6%97%B6%E4%BB%A3%E5%B0%91%E5%B9%B4%E5%9B%A2%E8%AF%B7%E7%9A%84%E8%82%AF%E5%BE%B7%E5%9F%BA%23
2026-08-07,2026-08-07T11:19:20+08:00,微博,热搜榜,微博热搜榜,,23,TF五代见面会官宣,"演出,艺人",热度 326152；新,,TF五代见面会官宣,演出,https://s.weibo.com/weibo?q=%23TF%E4%BA%94%E4%BB%A3%E8%A7%81%E9%9D%A2%E4%BC%9A%E5%AE%98%E5%AE%A3%23
2026-08-07,2026-08-07T11:19:20+08:00,微博,热搜榜,微博热搜榜,,24,26岁女儿谈47岁妈妈突然产女,民生新闻,热度 325937,,26岁女儿谈47岁妈妈突然产女,,https://s.weibo.com/weibo?q=%2326%E5%B2%81%E5%A5%B3%E5%84%BF%E8%B0%8847%E5%B2%81%E5%A6%88%E5%A6%88%E7%AA%81%E7%84%B6%E4%BA%A7%E5%A5%B3%23
2026-08-07,2026-08-07T11:19:20+08:00,微博,热搜榜,微博热搜榜,,25,汪峰阻止14岁女儿买大牌,艺人,热度 310218,,汪峰阻止14岁女儿买大牌,['汪峰'],https://s.weibo.com/weibo?q=%23%E6%B1%AA%E5%B3%B0%E9%98%BB%E6%AD%A214%E5%B2%81%E5%A5%B3%E5%84%BF%E4%B9%B0%E5%A4%A7%E7%89%8C%23
2026-08-07,2026-08-07T11:19:20+08:00,微博,热搜榜,微博热搜榜,,26,女子怀孕以为发胖就医后产下第三胎,民生新闻,热度 284503,,女子怀孕以为发胖就医后产下第三胎,,https://s.weibo.com/weibo?q=%23%E5%A5%B3%E5%AD%90%E6%80%80%E5%AD%95%E4%BB%A5%E4%B8%BA%E5%8F%91%E8%83%96%E5%B0%B1%E5%8C%BB%E5%90%8E%E4%BA%A7%E4%B8%8B%E7%AC%AC%E4%B8%89%E8%83%8E%23
2026-08-07,2026-08-07T11:19:20+08:00,微博,热搜榜,微博热搜榜,,27,王俊凯靳梦佳好舒服的一段对话,综艺,热度 280426；新,,王俊凯靳梦佳好舒服的一段对话,综艺,https://s.weibo.com/weibo?q=%23%E7%8E%8B%E4%BF%8A%E5%87%AF%E9%9D%B3%E6%A2%A6%E4%BD%B3%E5%A5%BD%E8%88%92%E6%9C%8D%E7%9A%84%E4%B8%80%E6%AE%B5%E5%AF%B9%E8%AF%9D%23
2026-08-07,2026-08-07T11:19:20+08:00,微博,热搜榜,微博热搜榜,,28,东契奇前未婚妻索要5000万和解金,体育,热度 272397；新,,东契奇前未婚妻索要5000万和解金,,https://s.weibo.com/weibo?q=%23%E4%B8%9C%E5%A5%91%E5%A5%87%E5%89%8D%E6%9C%AA%E5%A9%9A%E5%A6%BB%E7%B4%A2%E8%A6%815000%E4%B8%87%E5%92%8C%E8%A7%A3%E9%87%91%23
2026-08-07,2026-08-07T11:19:20+08:00,微博,热搜榜,微博热搜榜,,29,人活着是为了感受幸福的,情感,热度 268272；新,,人活着是为了感受幸福的,,https://s.weibo.com/weibo?q=%23%E4%BA%BA%E6%B4%BB%E7%9D%80%E6%98%AF%E4%B8%BA%E4%BA%86%E6%84%9F%E5%8F%97%E5%B9%B8%E7%A6%8F%E7%9A%84%23
2026-08-07,2026-08-07T11:19:20+08:00,微博,热搜榜,微博热搜榜,,30,美火箭残骸撞击月球对比图,国际时政,热度 263587；新,,美火箭残骸撞击月球对比图,,https://s.weibo.com/weibo?q=%23%E7%BE%8E%E7%81%AB%E7%AE%AD%E6%AE%8B%E9%AA%B8%E6%92%9E%E5%87%BB%E6%9C%88%E7%90%83%E5%AF%B9%E6%AF%94%E5%9B%BE%23
2026-08-07,2026-08-07T11:19:20+08:00,微博,热搜榜,微博热搜榜,,31,徐洁云 孩go,互联网,热度 259362；新,,徐洁云 孩go,,https://s.weibo.com/weibo?q=%23%E5%BE%90%E6%B4%81%E4%BA%91%20%E5%AD%A9go%23
2026-08-07,2026-08-07T11:19:20+08:00,微博,热搜榜,微博热搜榜,,32,Lisa 十周年见面会,艺人,热度 259318；新,,Lisa 十周年见面会,['lisa'],https://s.weibo.com/weibo?q=%23Lisa%20%E5%8D%81%E5%91%A8%E5%B9%B4%E8%A7%81%E9%9D%A2%E4%BC%9A%23
2026-08-07,2026-08-07T11:19:20+08:00,微博,热搜榜,微博热搜榜,,33,日本网友为Mina发声,艺人,热度 249728,,日本网友为Mina发声,,https://s.weibo.com/weibo?q=%23%E6%97%A5%E6%9C%AC%E7%BD%91%E5%8F%8B%E4%B8%BAMina%E5%8F%91%E5%A3%B0%23
2026-08-07,2026-08-07T11:19:20+08:00,微博,热搜榜,微博热搜榜,,34,男子采完菌才发现手刚掠过五步蛇,民生新闻,热度 222865；新,,男子采完菌才发现手刚掠过五步蛇,,https://s.weibo.com/weibo?q=%23%E7%94%B7%E5%AD%90%E9%87%87%E5%AE%8C%E8%8F%8C%E6%89%8D%E5%8F%91%E7%8E%B0%E6%89%8B%E5%88%9A%E6%8E%A0%E8%BF%87%E4%BA%94%E6%AD%A5%E8%9B%87%23
2026-08-07,2026-08-07T11:19:20+08:00,微博,热搜榜,微博热搜榜,,35,外网热议Mina参加西村力签售,艺人,热度 217884,,外网热议Mina参加西村力签售,['西村力'],https://s.weibo.com/weibo?q=%23%E5%A4%96%E7%BD%91%E7%83%AD%E8%AE%AEMina%E5%8F%82%E5%8A%A0%E8%A5%BF%E6%9D%91%E5%8A%9B%E7%AD%BE%E5%94%AE%23
2026-08-07,2026-08-07T11:19:20+08:00,微博,热搜榜,微博热搜榜,,36,辛芷蕾要回去做上班儿的大人了,艺人,热度 204844,,辛芷蕾要回去做上班儿的大人了,['辛芷蕾'],https://s.weibo.com/weibo?q=%23%E8%BE%9B%E8%8A%B7%E8%95%BE%E8%A6%81%E5%9B%9E%E5%8E%BB%E5%81%9A%E4%B8%8A%E7%8F%AD%E5%84%BF%E7%9A%84%E5%A4%A7%E4%BA%BA%E4%BA%86%23
2026-08-07,2026-08-07T11:19:20+08:00,微博,热搜榜,微博热搜榜,,37,47岁母亲产女全家心态发生巨大反转,民生新闻,热度 184901；新,,47岁母亲产女全家心态发生巨大反转,,https://s.weibo.com/weibo?q=%2347%E5%B2%81%E6%AF%8D%E4%BA%B2%E4%BA%A7%E5%A5%B3%E5%85%A8%E5%AE%B6%E5%BF%83%E6%80%81%E5%8F%91%E7%94%9F%E5%B7%A8%E5%A4%A7%E5%8F%8D%E8%BD%AC%23
2026-08-07,2026-08-07T11:19:20+08:00,微博,热搜榜,微博热搜榜,,38,张真源发时代少年团合照,演出,热度 172634,,张真源发时代少年团合照,演出,https://s.weibo.com/weibo?q=%23%E5%BC%A0%E7%9C%9F%E6%BA%90%E5%8F%91%E6%97%B6%E4%BB%A3%E5%B0%91%E5%B9%B4%E5%9B%A2%E5%90%88%E7%85%A7%23
2026-08-07,2026-08-07T11:19:20+08:00,微博,热搜榜,微博热搜榜,,39,Ning说TheShy贾克斯不如Bin,电竞,热度 165412；新,,Ning说TheShy贾克斯不如Bin,,https://s.weibo.com/weibo?q=%23Ning%E8%AF%B4TheShy%E8%B4%BE%E5%85%8B%E6%96%AF%E4%B8%8D%E5%A6%82Bin%23
2026-08-07,2026-08-07T11:19:20+08:00,微博,热搜榜,微博热搜榜,,40,mina曾为西村力剪波波头,艺人,热度 164994；新,,mina曾为西村力剪波波头,['西村力'],https://s.weibo.com/weibo?q=%23mina%E6%9B%BE%E4%B8%BA%E8%A5%BF%E6%9D%91%E5%8A%9B%E5%89%AA%E6%B3%A2%E6%B3%A2%E5%A4%B4%23
2026-08-07,2026-08-07T11:19:20+08:00,微博,热搜榜,微博热搜榜,,41,西村力大吧给Mina找的争议点,艺人,热度 164496,,西村力大吧给Mina找的争议点,,https://s.weibo.com/weibo?q=%23%E8%A5%BF%E6%9D%91%E5%8A%9B%E5%A4%A7%E5%90%A7%E7%BB%99Mina%E6%89%BE%E7%9A%84%E4%BA%89%E8%AE%AE%E7%82%B9%23
2026-08-07,2026-08-07T11:19:20+08:00,微博,热搜榜,微博热搜榜,,42,DeepSeek没读图skill急得团团转,互联网,热度 163170；新,,DeepSeek没读图skill急得团团转,,https://s.weibo.com/weibo?q=%23DeepSeek%E6%B2%A1%E8%AF%BB%E5%9B%BEskill%E6%80%A5%E5%BE%97%E5%9B%A2%E5%9B%A2%E8%BD%AC%23
2026-08-07,2026-08-07T11:19:20+08:00,微博,热搜榜,微博热搜榜,,43,张帅0比2萨巴伦卡,体育,热度 162640；新,,张帅0比2萨巴伦卡,,https://s.weibo.com/weibo?q=%23%E5%BC%A0%E5%B8%850%E6%AF%942%E8%90%A8%E5%B7%B4%E4%BC%A6%E5%8D%A1%23
2026-08-07,2026-08-07T11:19:20+08:00,微博,热搜榜,微博热搜榜,,44,我对二手烟就丁禹兮这个态度,剧集,热度 160132,,我对二手烟就丁禹兮这个态度,剧集,https://s.weibo.com/weibo?q=%23%E6%88%91%E5%AF%B9%E4%BA%8C%E6%89%8B%E7%83%9F%E5%B0%B1%E4%B8%81%E7%A6%B9%E5%85%AE%E8%BF%99%E4%B8%AA%E6%80%81%E5%BA%A6%23
2026-08-07,2026-08-07T11:19:20+08:00,微博,热搜榜,微博热搜榜,,45,韩国足协7场比赛性贿赂20名裁判,体育,热度 155465,,韩国足协7场比赛性贿赂20名裁判,,https://s.weibo.com/weibo?q=%23%E9%9F%A9%E5%9B%BD%E8%B6%B3%E5%8D%8F7%E5%9C%BA%E6%AF%94%E8%B5%9B%E6%80%A7%E8%B4%BF%E8%B5%8220%E5%90%8D%E8%A3%81%E5%88%A4%23
2026-08-07,2026-08-07T11:19:20+08:00,微博,热搜榜,微博热搜榜,,46,粉笔公告,教育,热度 149641,,粉笔公告,,https://s.weibo.com/weibo?q=%23%E7%B2%89%E7%AC%94%E5%85%AC%E5%91%8A%23
2026-08-07,2026-08-07T11:19:20+08:00,微博,热搜榜,微博热搜榜,,47,Mina轻生前求西村力粉丝别网暴自己,"民生新闻,作品衍生",热度 146971,,Mina轻生前求西村力粉丝别网暴自己,,https://s.weibo.com/weibo?q=%23Mina%E8%BD%BB%E7%94%9F%E5%89%8D%E6%B1%82%E8%A5%BF%E6%9D%91%E5%8A%9B%E7%B2%89%E4%B8%9D%E5%88%AB%E7%BD%91%E6%9A%B4%E8%87%AA%E5%B7%B1%23
2026-08-07,2026-08-07T11:19:20+08:00,微博,热搜榜,微博热搜榜,,48,中餐厅赞助品牌隐藏张雅琪单人视频,综艺,热度 143407,,中餐厅赞助品牌隐藏张雅琪单人视频,综艺,https://s.weibo.com/weibo?q=%23%E4%B8%AD%E9%A4%90%E5%8E%85%E8%B5%9E%E5%8A%A9%E5%93%81%E7%89%8C%E9%9A%90%E8%97%8F%E5%BC%A0%E9%9B%85%E7%90%AA%E5%8D%95%E4%BA%BA%E8%A7%86%E9%A2%91%23
2026-08-07,2026-08-07T11:19:20+08:00,微博,热搜榜,微博热搜榜,,49,沃什将准备在9月加息,财经,热度 141597；新,,沃什将准备在9月加息,,https://s.weibo.com/weibo?q=%23%E6%B2%83%E4%BB%80%E5%B0%86%E5%87%86%E5%A4%87%E5%9C%A89%E6%9C%88%E5%8A%A0%E6%81%AF%23
2026-08-07,2026-08-07T11:19:20+08:00,微博,热搜榜,微博热搜榜,,50,网红自杀案在韩国引发很大冲击,网红,热度 141302,,网红自杀案在韩国引发很大冲击,,https://s.weibo.com/weibo?q=%23%E7%BD%91%E7%BA%A2%E8%87%AA%E6%9D%80%E6%A1%88%E5%9C%A8%E9%9F%A9%E5%9B%BD%E5%BC%95%E5%8F%91%E5%BE%88%E5%A4%A7%E5%86%B2%E5%87%BB%23
2026-08-07,2026-08-07T11:19:20+08:00,微博,文娱热搜榜,微博热搜榜-文娱条目,,1,伊能静自曝不太想录妻旅,综艺,总榜排名 4；热度 827142；新,,伊能静自曝不太想录妻旅,综艺,https://s.weibo.com/weibo?q=%23%E4%BC%8A%E8%83%BD%E9%9D%99%E8%87%AA%E6%9B%9D%E4%B8%8D%E5%A4%AA%E6%83%B3%E5%BD%95%E5%A6%BB%E6%97%85%23
2026-08-07,2026-08-07T11:19:20+08:00,微博,文娱热搜榜,微博热搜榜-文娱条目,,2,于适 平儿都长这么大了,电影,总榜排名 8；热度 610016；新,,于适 平儿都长这么大了,电影,https://s.weibo.com/weibo?q=%23%E4%BA%8E%E9%80%82%20%E5%B9%B3%E5%84%BF%E9%83%BD%E9%95%BF%E8%BF%99%E4%B9%88%E5%A4%A7%E4%BA%86%23
2026-08-07,2026-08-07T11:19:20+08:00,微博,文娱热搜榜,微博热搜榜-文娱条目,,3,Mina同学发声,艺人,总榜排名 11；热度 329598；新,,Mina同学发声,,https://s.weibo.com/weibo?q=%23Mina%E5%90%8C%E5%AD%A6%E5%8F%91%E5%A3%B0%23
2026-08-07,2026-08-07T11:19:20+08:00,微博,文娱热搜榜,微博热搜榜-文娱条目,,4,王垲智向侯卓成致歉,艺人,总榜排名 14；热度 328665；新,,王垲智向侯卓成致歉,['侯卓成'],https://s.weibo.com/weibo?q=%23%E7%8E%8B%E5%9E%B2%E6%99%BA%E5%90%91%E4%BE%AF%E5%8D%93%E6%88%90%E8%87%B4%E6%AD%89%23
2026-08-07,2026-08-07T11:19:20+08:00,微博,文娱热搜榜,微博热搜榜-文娱条目,,5,到底谁才是爱豆,艺人,总榜排名 16；热度 328197；新,,到底谁才是爱豆,,https://s.weibo.com/weibo?q=%23%E5%88%B0%E5%BA%95%E8%B0%81%E6%89%8D%E6%98%AF%E7%88%B1%E8%B1%86%23
2026-08-07,2026-08-07T11:19:20+08:00,微博,文娱热搜榜,微博热搜榜-文娱条目,,6,苍兰诀,剧集,总榜排名 18；热度 327567,,苍兰诀,剧集,https://s.weibo.com/weibo?q=%23%E8%8B%8D%E5%85%B0%E8%AF%80%23
2026-08-07,2026-08-07T11:19:20+08:00,微博,文娱热搜榜,微博热搜榜-文娱条目,,7,张凌赫请你喝秋天第一杯,艺人,总榜排名 19；热度 327423；新,,张凌赫请你喝秋天第一杯,['张凌赫'],https://s.weibo.com/weibo?q=%23%E5%BC%A0%E5%87%8C%E8%B5%AB%E8%AF%B7%E4%BD%A0%E5%96%9D%E7%A7%8B%E5%A4%A9%E7%AC%AC%E4%B8%80%E6%9D%AF%23
2026-08-07,2026-08-07T11:19:20+08:00,微博,文娱热搜榜,微博热搜榜-文娱条目,,8,西村力大吧发长文回应,艺人,总榜排名 21；热度 326661,,西村力大吧发长文回应,,https://s.weibo.com/weibo?q=%23%E8%A5%BF%E6%9D%91%E5%8A%9B%E5%A4%A7%E5%90%A7%E5%8F%91%E9%95%BF%E6%96%87%E5%9B%9E%E5%BA%94%23
2026-08-07,2026-08-07T11:19:20+08:00,微博,文娱热搜榜,微博热搜榜-文娱条目,,9,吃上时代少年团请的肯德基,艺人,总榜排名 22；热度 326508；新,,吃上时代少年团请的肯德基,['时代少年团'],https://s.weibo.com/weibo?q=%23%E5%90%83%E4%B8%8A%E6%97%B6%E4%BB%A3%E5%B0%91%E5%B9%B4%E5%9B%A2%E8%AF%B7%E7%9A%84%E8%82%AF%E5%BE%B7%E5%9F%BA%23
2026-08-07,2026-08-07T11:19:20+08:00,微博,文娱热搜榜,微博热搜榜-文娱条目,,10,TF五代见面会官宣,"演出,艺人",总榜排名 23；热度 326152；新,,TF五代见面会官宣,演出,https://s.weibo.com/weibo?q=%23TF%E4%BA%94%E4%BB%A3%E8%A7%81%E9%9D%A2%E4%BC%9A%E5%AE%98%E5%AE%A3%23
2026-08-07,2026-08-07T11:19:20+08:00,微博,文娱热搜榜,微博热搜榜-文娱条目,,11,汪峰阻止14岁女儿买大牌,艺人,总榜排名 25；热度 310218,,汪峰阻止14岁女儿买大牌,['汪峰'],https://s.weibo.com/weibo?q=%23%E6%B1%AA%E5%B3%B0%E9%98%BB%E6%AD%A214%E5%B2%81%E5%A5%B3%E5%84%BF%E4%B9%B0%E5%A4%A7%E7%89%8C%23
2026-08-07,2026-08-07T11:19:20+08:00,微博,文娱热搜榜,微博热搜榜-文娱条目,,12,王俊凯靳梦佳好舒服的一段对话,综艺,总榜排名 27；热度 280426；新,,王俊凯靳梦佳好舒服的一段对话,综艺,https://s.weibo.com/weibo?q=%23%E7%8E%8B%E4%BF%8A%E5%87%AF%E9%9D%B3%E6%A2%A6%E4%BD%B3%E5%A5%BD%E8%88%92%E6%9C%8D%E7%9A%84%E4%B8%80%E6%AE%B5%E5%AF%B9%E8%AF%9D%23
2026-08-07,2026-08-07T11:19:20+08:00,微博,文娱热搜榜,微博热搜榜-文娱条目,,13,Lisa 十周年见面会,艺人,总榜排名 32；热度 259318；新,,Lisa 十周年见面会,['lisa'],https://s.weibo.com/weibo?q=%23Lisa%20%E5%8D%81%E5%91%A8%E5%B9%B4%E8%A7%81%E9%9D%A2%E4%BC%9A%23
2026-08-07,2026-08-07T11:19:20+08:00,微博,文娱热搜榜,微博热搜榜-文娱条目,,14,日本网友为Mina发声,艺人,总榜排名 33；热度 249728,,日本网友为Mina发声,,https://s.weibo.com/weibo?q=%23%E6%97%A5%E6%9C%AC%E7%BD%91%E5%8F%8B%E4%B8%BAMina%E5%8F%91%E5%A3%B0%23
2026-08-07,2026-08-07T11:19:20+08:00,微博,文娱热搜榜,微博热搜榜-文娱条目,,15,外网热议Mina参加西村力签售,艺人,总榜排名 35；热度 217884,,外网热议Mina参加西村力签售,['西村力'],https://s.weibo.com/weibo?q=%23%E5%A4%96%E7%BD%91%E7%83%AD%E8%AE%AEMina%E5%8F%82%E5%8A%A0%E8%A5%BF%E6%9D%91%E5%8A%9B%E7%AD%BE%E5%94%AE%23
2026-08-07,2026-08-07T11:19:20+08:00,微博,文娱热搜榜,微博热搜榜-文娱条目,,16,辛芷蕾要回去做上班儿的大人了,艺人,总榜排名 36；热度 204844,,辛芷蕾要回去做上班儿的大人了,['辛芷蕾'],https://s.weibo.com/weibo?q=%23%E8%BE%9B%E8%8A%B7%E8%95%BE%E8%A6%81%E5%9B%9E%E5%8E%BB%E5%81%9A%E4%B8%8A%E7%8F%AD%E5%84%BF%E7%9A%84%E5%A4%A7%E4%BA%BA%E4%BA%86%23
2026-08-07,2026-08-07T11:19:20+08:00,微博,文娱热搜榜,微博热搜榜-文娱条目,,17,张真源发时代少年团合照,演出,总榜排名 38；热度 172634,,张真源发时代少年团合照,演出,https://s.weibo.com/weibo?q=%23%E5%BC%A0%E7%9C%9F%E6%BA%90%E5%8F%91%E6%97%B6%E4%BB%A3%E5%B0%91%E5%B9%B4%E5%9B%A2%E5%90%88%E7%85%A7%23
2026-08-07,2026-08-07T11:19:20+08:00,微博,文娱热搜榜,微博热搜榜-文娱条目,,18,mina曾为西村力剪波波头,艺人,总榜排名 40；热度 164994；新,,mina曾为西村力剪波波头,['西村力'],https://s.weibo.com/weibo?q=%23mina%E6%9B%BE%E4%B8%BA%E8%A5%BF%E6%9D%91%E5%8A%9B%E5%89%AA%E6%B3%A2%E6%B3%A2%E5%A4%B4%23
2026-08-07,2026-08-07T11:19:20+08:00,微博,文娱热搜榜,微博热搜榜-文娱条目,,19,西村力大吧给Mina找的争议点,艺人,总榜排名 41；热度 164496,,西村力大吧给Mina找的争议点,,https://s.weibo.com/weibo?q=%23%E8%A5%BF%E6%9D%91%E5%8A%9B%E5%A4%A7%E5%90%A7%E7%BB%99Mina%E6%89%BE%E7%9A%84%E4%BA%89%E8%AE%AE%E7%82%B9%23
2026-08-07,2026-08-07T11:19:20+08:00,微博,文娱热搜榜,微博热搜榜-文娱条目,,20,我对二手烟就丁禹兮这个态度,剧集,总榜排名 44；热度 160132,,我对二手烟就丁禹兮这个态度,剧集,https://s.weibo.com/weibo?q=%23%E6%88%91%E5%AF%B9%E4%BA%8C%E6%89%8B%E7%83%9F%E5%B0%B1%E4%B8%81%E7%A6%B9%E5%85%AE%E8%BF%99%E4%B8%AA%E6%80%81%E5%BA%A6%23
2026-08-07,2026-08-07T11:19:20+08:00,微博,文娱热搜榜,微博热搜榜-文娱条目,,21,中餐厅赞助品牌隐藏张雅琪单人视频,综艺,总榜排名 48；热度 143407,,中餐厅赞助品牌隐藏张雅琪单人视频,综艺,https://s.weibo.com/weibo?q=%23%E4%B8%AD%E9%A4%90%E5%8E%85%E8%B5%9E%E5%8A%A9%E5%93%81%E7%89%8C%E9%9A%90%E8%97%8F%E5%BC%A0%E9%9B%85%E7%90%AA%E5%8D%95%E4%BA%BA%E8%A7%86%E9%A2%91%23
2026-08-07,2026-08-07T11:19:20+08:00,微博,文娱热搜榜,微博热搜榜-文娱条目,,22,网红自杀案在韩国引发很大冲击,网红,总榜排名 50；热度 141302,,网红自杀案在韩国引发很大冲击,,https://s.weibo.com/weibo?q=%23%E7%BD%91%E7%BA%A2%E8%87%AA%E6%9D%80%E6%A1%88%E5%9C%A8%E9%9F%A9%E5%9B%BD%E5%BC%95%E5%8F%91%E5%BE%88%E5%A4%A7%E5%86%B2%E5%87%BB%23
