snapshot_date,captured_at,platform,chart,official_chart,platform_date,rank,song_name,artist,chart_metric,duration,song_id,album_id,source_url
2026-08-20,2026-08-20T11:28:21+08:00,QQ音乐,热歌榜,热歌榜,2026-08-20,1,BiiiG,BIGBANG (빅뱅),新进,,715535244,001HFEsF0zEOs4,https://y.qq.com/n/ryqq/toplist/26
2026-08-20,2026-08-20T11:28:21+08:00,QQ音乐,热歌榜,热歌榜,2026-08-20,2,闭目入神,郑中基,0,,96440,004bb67O0ABuHL,https://y.qq.com/n/ryqq/toplist/26
2026-08-20,2026-08-20T11:28:21+08:00,QQ音乐,热歌榜,热歌榜,2026-08-20,3,冻结,林俊杰,下降 2,,101659148,002vlOfM1X5TQ0,https://y.qq.com/n/ryqq/toplist/26
2026-08-20,2026-08-20T11:28:21+08:00,QQ音乐,热歌榜,热歌榜,2026-08-20,4,明天过后,张杰,0,,273032694,000pVkCf3KsUQ9,https://y.qq.com/n/ryqq/toplist/26
2026-08-20,2026-08-20T11:28:21+08:00,QQ音乐,热歌榜,热歌榜,2026-08-20,5,我不难过,孙燕姿,下降 2,,8136,004VSvF52mQoQp,https://y.qq.com/n/ryqq/toplist/26
2026-08-20,2026-08-20T11:28:21+08:00,QQ音乐,热歌榜,热歌榜,2026-08-20,6,恋人,李荣浩,下降 1,,496054946,004HaG7p4ZkhXA,https://y.qq.com/n/ryqq/toplist/26
2026-08-20,2026-08-20T11:28:21+08:00,QQ音乐,热歌榜,热歌榜,2026-08-20,7,甲乙丙丁 (你我怎么两清),李佳薇,下降 1,,696262512,00446QRA1fTdqA,https://y.qq.com/n/ryqq/toplist/26
2026-08-20,2026-08-20T11:28:21+08:00,QQ音乐,热歌榜,热歌榜,2026-08-20,8,雨爱,杨丞琳,下降 1,,645819,000jcKFG0sQrD0,https://y.qq.com/n/ryqq/toplist/26
2026-08-20,2026-08-20T11:28:21+08:00,QQ音乐,热歌榜,热歌榜,2026-08-20,9,失眠,Suki刘舒妤,0,,4733575,002xCeeN4EJ1Ke,https://y.qq.com/n/ryqq/toplist/26
2026-08-20,2026-08-20T11:28:21+08:00,QQ音乐,热歌榜,热歌榜,2026-08-20,10,我怀念的,孙燕姿,0,,5211338,000P3l050Olt27,https://y.qq.com/n/ryqq/toplist/26
2026-08-20,2026-08-20T11:28:21+08:00,QQ音乐,热歌榜,热歌榜,2026-08-20,11,情歌,梁静茹,下降 3,,462188,002E4IXe1ESUij,https://y.qq.com/n/ryqq/toplist/26
2026-08-20,2026-08-20T11:28:21+08:00,QQ音乐,热歌榜,热歌榜,2026-08-20,12,我好想你 (苏打绿版),苏打绿,上升 3,,4884947,004QF5kp0jgyba,https://y.qq.com/n/ryqq/toplist/26
2026-08-20,2026-08-20T11:28:21+08:00,QQ音乐,热歌榜,热歌榜,2026-08-20,13,Always Online,林俊杰,下降 2,,447257,002g6zv02X7SNi,https://y.qq.com/n/ryqq/toplist/26
2026-08-20,2026-08-20T11:28:21+08:00,QQ音乐,热歌榜,热歌榜,2026-08-20,14,特别的人,方大同,下降 2,,5293866,000GvdTR0qcKh8,https://y.qq.com/n/ryqq/toplist/26
2026-08-20,2026-08-20T11:28:21+08:00,QQ音乐,热歌榜,热歌榜,2026-08-20,15,爱错,王力宏,下降 2,,105905415,002ElVxf43rOue,https://y.qq.com/n/ryqq/toplist/26
2026-08-20,2026-08-20T11:28:21+08:00,QQ音乐,热歌榜,热歌榜,2026-08-20,16,唯一,G.E.M. 邓紫棋,0,,438910555,002d6m7k0xCbSv,https://y.qq.com/n/ryqq/toplist/26
2026-08-20,2026-08-20T11:28:21+08:00,QQ音乐,热歌榜,热歌榜,2026-08-20,17,好巧是你,周深,新进,,717531834,001g7W970ucxHO,https://y.qq.com/n/ryqq/toplist/26
2026-08-20,2026-08-20T11:28:21+08:00,QQ音乐,热歌榜,热歌榜,2026-08-20,18,雨过后的风景,Dizzy Dizzo (蔡诗芸),下降 1,,1960263,0038xSkp1EcVBf,https://y.qq.com/n/ryqq/toplist/26
2026-08-20,2026-08-20T11:28:21+08:00,QQ音乐,热歌榜,热歌榜,2026-08-20,19,禾和何,何浩楠,新进,,717533576,001WAMlO2A3lSb,https://y.qq.com/n/ryqq/toplist/26
2026-08-20,2026-08-20T11:28:21+08:00,QQ音乐,热歌榜,热歌榜,2026-08-20,20,红色高跟鞋,蔡健雅,下降 2,,624649,002dOge41xlS8x,https://y.qq.com/n/ryqq/toplist/26
2026-08-20,2026-08-20T11:28:21+08:00,QQ音乐,热歌榜,热歌榜,2026-08-20,21,山风山风等等我,万海东,下降 7,,708639670,002O92eu0Jubpi,https://y.qq.com/n/ryqq/toplist/26
2026-08-20,2026-08-20T11:28:21+08:00,QQ音乐,热歌榜,热歌榜,2026-08-20,22,演员,薛之谦,下降 3,,102636799,003y8dsH2wBHlo,https://y.qq.com/n/ryqq/toplist/26
2026-08-20,2026-08-20T11:28:21+08:00,QQ音乐,热歌榜,热歌榜,2026-08-20,23,开始懂了,孙燕姿,下降 3,,5646,004KRIQr1oCp2A,https://y.qq.com/n/ryqq/toplist/26
2026-08-20,2026-08-20T11:28:21+08:00,QQ音乐,热歌榜,热歌榜,2026-08-20,24,玻璃,Gareth.T,上升 113,,666124541,002kIED92uw8L5,https://y.qq.com/n/ryqq/toplist/26
2026-08-20,2026-08-20T11:28:21+08:00,QQ音乐,热歌榜,热歌榜,2026-08-20,25,美人鱼,林俊杰,下降 4,,95292,000y5gq7449K9I,https://y.qq.com/n/ryqq/toplist/26
2026-08-20,2026-08-20T11:28:21+08:00,QQ音乐,热歌榜,热歌榜,2026-08-20,26,春娇与志明,街道办GDC/欧阳耀莹,下降 4,,205357640,000lrXyA0MlEEo,https://y.qq.com/n/ryqq/toplist/26
2026-08-20,2026-08-20T11:28:21+08:00,QQ音乐,热歌榜,热歌榜,2026-08-20,27,樱花草,Sweety,上升 3,,481456,000pKXff1doeOd,https://y.qq.com/n/ryqq/toplist/26
2026-08-20,2026-08-20T11:28:21+08:00,QQ音乐,热歌榜,热歌榜,2026-08-20,28,晚风告白,黄星/邱鼎杰,新进,,717448034,002qlYPU3sMCpa,https://y.qq.com/n/ryqq/toplist/26
2026-08-20,2026-08-20T11:28:21+08:00,QQ音乐,热歌榜,热歌榜,2026-08-20,29,ANGEL (天使),尹美莱 (윤미래)/Tiger JK/Bizzy (비지),下降 6,,101138130,000qiKcT05rSr9,https://y.qq.com/n/ryqq/toplist/26
2026-08-20,2026-08-20T11:28:21+08:00,QQ音乐,热歌榜,热歌榜,2026-08-20,30,江南,林俊杰,下降 6,,9063002,000y5gq7449K9I,https://y.qq.com/n/ryqq/toplist/26
2026-08-20,2026-08-20T11:28:21+08:00,QQ音乐,热歌榜,热歌榜,2026-08-20,31,我们俩,郭顶,下降 5,,105413206,003sMyYb4HZAAz,https://y.qq.com/n/ryqq/toplist/26
2026-08-20,2026-08-20T11:28:21+08:00,QQ音乐,热歌榜,热歌榜,2026-08-20,32,碎碎念,队长,下降 7,,448738462,000DTFwk0oV4YR,https://y.qq.com/n/ryqq/toplist/26
2026-08-20,2026-08-20T11:28:21+08:00,QQ音乐,热歌榜,热歌榜,2026-08-20,33,富士山下,陈奕迅,下降 5,,260678,004Z85XP1c25b7,https://y.qq.com/n/ryqq/toplist/26
2026-08-20,2026-08-20T11:28:21+08:00,QQ音乐,热歌榜,热歌榜,2026-08-20,34,盛夏的果实,莫文蔚,下降 5,,4830161,000KeV8l1PIjxt,https://y.qq.com/n/ryqq/toplist/26
2026-08-20,2026-08-20T11:28:21+08:00,QQ音乐,热歌榜,热歌榜,2026-08-20,35,多远都要在一起,G.E.M. 邓紫棋,下降 2,,102174489,003c616O2Zlswm,https://y.qq.com/n/ryqq/toplist/26
2026-08-20,2026-08-20T11:28:21+08:00,QQ音乐,热歌榜,热歌榜,2026-08-20,36,阴天,莫文蔚,下降 5,,4830345,000hTTJN3oScZr,https://y.qq.com/n/ryqq/toplist/26
2026-08-20,2026-08-20T11:28:21+08:00,QQ音乐,热歌榜,热歌榜,2026-08-20,37,其实,薛之谦,下降 5,,104775877,000QgFcm0v8WaF,https://y.qq.com/n/ryqq/toplist/26
2026-08-20,2026-08-20T11:28:21+08:00,QQ音乐,热歌榜,热歌榜,2026-08-20,38,偏爱,张芸京,下降 4,,473137,003ha6C92GRuVE,https://y.qq.com/n/ryqq/toplist/26
2026-08-20,2026-08-20T11:28:21+08:00,QQ音乐,热歌榜,热歌榜,2026-08-20,39,请在我坠落前到来,TF家族/TF家族-官俊臣/TF家族-王烁然/TF家族-杨涵博/TF家族-张奕然/TF家族-聂玮辰/TF家族-魏子宸/TF家族-李煜东,新进,,717194247,004EUws64at73j,https://y.qq.com/n/ryqq/toplist/26
2026-08-20,2026-08-20T11:28:21+08:00,QQ音乐,热歌榜,热歌榜,2026-08-20,40,遇见,孙燕姿,下降 3,,8145,002ehzTm0TxXC2,https://y.qq.com/n/ryqq/toplist/26
2026-08-20,2026-08-20T11:28:21+08:00,QQ音乐,热歌榜,热歌榜,2026-08-20,41,坏女孩,徐良/小凌,下降 6,,7112749,002apRhZ4Bq99d,https://y.qq.com/n/ryqq/toplist/26
2026-08-20,2026-08-20T11:28:21+08:00,QQ音乐,热歌榜,热歌榜,2026-08-20,42,葡萄成熟时,陈奕迅,0,,1251167,003J6fvc0bVJon,https://y.qq.com/n/ryqq/toplist/26
2026-08-20,2026-08-20T11:28:21+08:00,QQ音乐,热歌榜,热歌榜,2026-08-20,43,素颜,许嵩/何曼婷,下降 7,,101813361,0035f8nw11cjkf,https://y.qq.com/n/ryqq/toplist/26
2026-08-20,2026-08-20T11:28:21+08:00,QQ音乐,热歌榜,热歌榜,2026-08-20,44,心墙,郭静,下降 6,,474797,003EHcB24J8t9Z,https://y.qq.com/n/ryqq/toplist/26
2026-08-20,2026-08-20T11:28:21+08:00,QQ音乐,热歌榜,热歌榜,2026-08-20,45,差一步,大壮,下降 5,,209378295,000lEj821EaXUu,https://y.qq.com/n/ryqq/toplist/26
2026-08-20,2026-08-20T11:28:21+08:00,QQ音乐,热歌榜,热歌榜,2026-08-20,46,晴天,周杰伦,下降 7,,97773,000MkMni19ClKG,https://y.qq.com/n/ryqq/toplist/26
2026-08-20,2026-08-20T11:28:21+08:00,QQ音乐,热歌榜,热歌榜,2026-08-20,47,离开我的依赖,王艳薇,下降 6,,253383943,004CSyAN1oc97b,https://y.qq.com/n/ryqq/toplist/26
2026-08-20,2026-08-20T11:28:21+08:00,QQ音乐,热歌榜,热歌榜,2026-08-20,48,从前说,小阿七,上升 70,,337805783,001en2Lq0PZK7i,https://y.qq.com/n/ryqq/toplist/26
2026-08-20,2026-08-20T11:28:21+08:00,QQ音乐,热歌榜,热歌榜,2026-08-20,49,最佳损友,陈奕迅,下降 5,,1338414,002FT46H18G1jW,https://y.qq.com/n/ryqq/toplist/26
2026-08-20,2026-08-20T11:28:21+08:00,QQ音乐,热歌榜,热歌榜,2026-08-20,50,泡沫,G.E.M. 邓紫棋,上升 4,,1530858,002YFufr4bXZyI,https://y.qq.com/n/ryqq/toplist/26
2026-08-20,2026-08-20T11:28:21+08:00,QQ音乐,热歌榜,热歌榜,2026-08-20,51,背对背拥抱,林俊杰,下降 4,,648231,002C0kX720gMQi,https://y.qq.com/n/ryqq/toplist/26
2026-08-20,2026-08-20T11:28:21+08:00,QQ音乐,热歌榜,热歌榜,2026-08-20,52,海阔天空,BEYOND,下降 4,,4835784,002qcJuX3lO3EZ,https://y.qq.com/n/ryqq/toplist/26
2026-08-20,2026-08-20T11:28:21+08:00,QQ音乐,热歌榜,热歌榜,2026-08-20,53,无人之岛,任然,上升 8,,203452364,002lMPc30c4rOO,https://y.qq.com/n/ryqq/toplist/26
2026-08-20,2026-08-20T11:28:21+08:00,QQ音乐,热歌榜,热歌榜,2026-08-20,54,下完这场雨,后弦,下降 8,,108787382,004ZXlA63dZBCa,https://y.qq.com/n/ryqq/toplist/26
2026-08-20,2026-08-20T11:28:21+08:00,QQ音乐,热歌榜,热歌榜,2026-08-20,55,IF YOU,BIGBANG (빅뱅),上升 8,,102793935,001xpUdt2jEjWu,https://y.qq.com/n/ryqq/toplist/26
2026-08-20,2026-08-20T11:28:21+08:00,QQ音乐,热歌榜,热歌榜,2026-08-20,56,十年,陈奕迅,下降 7,,4830342,000GDz8k03UOaI,https://y.qq.com/n/ryqq/toplist/26
2026-08-20,2026-08-20T11:28:21+08:00,QQ音乐,热歌榜,热歌榜,2026-08-20,57,不将就,李荣浩,下降 7,,102367085,001fi1zG0EjU2u,https://y.qq.com/n/ryqq/toplist/26
2026-08-20,2026-08-20T11:28:21+08:00,QQ音乐,热歌榜,热歌榜,2026-08-20,58,天外来物,薛之谦,下降 2,,272125057,000K9Zp13TZp5s,https://y.qq.com/n/ryqq/toplist/26
2026-08-20,2026-08-20T11:28:21+08:00,QQ音乐,热歌榜,热歌榜,2026-08-20,59,Take Me Hand,DAISHI DANCE (ダイシ・ダンス)/Cécile Corbel,下降 14,,335208865,001ANRIv12RuuN,https://y.qq.com/n/ryqq/toplist/26
2026-08-20,2026-08-20T11:28:21+08:00,QQ音乐,热歌榜,热歌榜,2026-08-20,60,我好像在哪见过你,薛之谦,上升 2,,107439472,000dcZ9I1nzO62,https://y.qq.com/n/ryqq/toplist/26
2026-08-20,2026-08-20T11:28:21+08:00,QQ音乐,热歌榜,热歌榜,2026-08-20,61,黄昏,周传雄,下降 9,,526713,001U6x8f2uJhig,https://y.qq.com/n/ryqq/toplist/26
2026-08-20,2026-08-20T11:28:21+08:00,QQ音乐,热歌榜,热歌榜,2026-08-20,62,瞬,郑润泽,下降 5,,422061155,001qvyI10urb5z,https://y.qq.com/n/ryqq/toplist/26
2026-08-20,2026-08-20T11:28:21+08:00,QQ音乐,热歌榜,热歌榜,2026-08-20,63,知了,陈默之,上升 27,,482500528,000fHDnB1K1Hcf,https://y.qq.com/n/ryqq/toplist/26
2026-08-20,2026-08-20T11:28:21+08:00,QQ音乐,热歌榜,热歌榜,2026-08-20,64,青花,周传雄,下降 9,,102204539,001Vj7aX0PixwV,https://y.qq.com/n/ryqq/toplist/26
2026-08-20,2026-08-20T11:28:21+08:00,QQ音乐,热歌榜,热歌榜,2026-08-20,65,出现又离开 (Live),梁博,上升 3,,231594573,000eQZ1q4g6AsF,https://y.qq.com/n/ryqq/toplist/26
2026-08-20,2026-08-20T11:28:21+08:00,QQ音乐,热歌榜,热歌榜,2026-08-20,66,野心家,张靓颖,下降 6,,591592617,003TmXW52e0F4P,https://y.qq.com/n/ryqq/toplist/26
2026-08-20,2026-08-20T11:28:21+08:00,QQ音乐,热歌榜,热歌榜,2026-08-20,67,认真的雪,薛之谦,下降 3,,1333803,003mUYW22JXKVK,https://y.qq.com/n/ryqq/toplist/26
2026-08-20,2026-08-20T11:28:21+08:00,QQ音乐,热歌榜,热歌榜,2026-08-20,68,那时雨,徐良,下降 17,,229661539,002JsVIJ31j7qR,https://y.qq.com/n/ryqq/toplist/26
2026-08-20,2026-08-20T11:28:21+08:00,QQ音乐,热歌榜,热歌榜,2026-08-20,69,麦恩莉,方大同,下降 3,,2550926,000ih4iv3HCmno,https://y.qq.com/n/ryqq/toplist/26
2026-08-20,2026-08-20T11:28:21+08:00,QQ音乐,热歌榜,热歌榜,2026-08-20,70,Letting Go,蔡健雅,下降 5,,1030353,001aC9dM35U6KB,https://y.qq.com/n/ryqq/toplist/26
2026-08-20,2026-08-20T11:28:21+08:00,QQ音乐,热歌榜,热歌榜,2026-08-20,71,如愿,王菲,下降 12,,326584182,004Kbn3m2HV9Y3,https://y.qq.com/n/ryqq/toplist/26
2026-08-20,2026-08-20T11:28:21+08:00,QQ音乐,热歌榜,热歌榜,2026-08-20,72,后会无期,徐良/汪苏泷,下降 14,,7112743,002apRhZ4Bq99d,https://y.qq.com/n/ryqq/toplist/26
2026-08-20,2026-08-20T11:28:21+08:00,QQ音乐,热歌榜,热歌榜,2026-08-20,73,第57次取消发送,菲菲公主（陆绮菲）,下降 4,,560063927,000KrDC019mc82,https://y.qq.com/n/ryqq/toplist/26
2026-08-20,2026-08-20T11:28:21+08:00,QQ音乐,热歌榜,热歌榜,2026-08-20,74,修炼爱情,林俊杰,下降 3,,5063375,001gqOnU3DTg2S,https://y.qq.com/n/ryqq/toplist/26
2026-08-20,2026-08-20T11:28:21+08:00,QQ音乐,热歌榜,热歌榜,2026-08-20,75,Come Back To Me,Utada (宇多田光),下降 22,,1231026,003sHGTS2QAhqp,https://y.qq.com/n/ryqq/toplist/26
2026-08-20,2026-08-20T11:28:21+08:00,QQ音乐,热歌榜,热歌榜,2026-08-20,76,至少还有你,林忆莲,下降 4,,102204563,001JqgRv0mRHEQ,https://y.qq.com/n/ryqq/toplist/26
2026-08-20,2026-08-20T11:28:21+08:00,QQ音乐,热歌榜,热歌榜,2026-08-20,77,爱情讯息,郭静,0,,876549,003PKZMI1Wyx1A,https://y.qq.com/n/ryqq/toplist/26
2026-08-20,2026-08-20T11:28:21+08:00,QQ音乐,热歌榜,热歌榜,2026-08-20,78,如果可以,韦礼安,下降 11,,330977131,003WBcyJ1siUkh,https://y.qq.com/n/ryqq/toplist/26
2026-08-20,2026-08-20T11:28:21+08:00,QQ音乐,热歌榜,热歌榜,2026-08-20,79,我们的歌,王力宏,下降 5,,102193483,002Zwh5p4HgecI,https://y.qq.com/n/ryqq/toplist/26
2026-08-20,2026-08-20T11:28:21+08:00,QQ音乐,热歌榜,热歌榜,2026-08-20,80,会呼吸的痛,梁静茹,下降 10,,411228,002oy2Mp3I8Rgo,https://y.qq.com/n/ryqq/toplist/26
2026-08-20,2026-08-20T11:28:21+08:00,QQ音乐,热歌榜,热歌榜,2026-08-20,81,倒数,G.E.M. 邓紫棋,下降 2,,215540451,003cKIKZ1J4Yyu,https://y.qq.com/n/ryqq/toplist/26
2026-08-20,2026-08-20T11:28:21+08:00,QQ音乐,热歌榜,热歌榜,2026-08-20,82,愿与愁,林俊杰,下降 7,,405007729,004ZOIop1doXru,https://y.qq.com/n/ryqq/toplist/26
2026-08-20,2026-08-20T11:28:21+08:00,QQ音乐,热歌榜,热歌榜,2026-08-20,83,冷夜,陈默之,下降 5,,467646860,003ILMG04IvA9R,https://y.qq.com/n/ryqq/toplist/26
2026-08-20,2026-08-20T11:28:21+08:00,QQ音乐,热歌榜,热歌榜,2026-08-20,84,有何不可,许嵩,下降 8,,102296985,002KSDg90IaScI,https://y.qq.com/n/ryqq/toplist/26
2026-08-20,2026-08-20T11:28:21+08:00,QQ音乐,热歌榜,热歌榜,2026-08-20,85,天龙八部之宿敌,许嵩,上升 13,,4829554,002JzRQD2zjvxG,https://y.qq.com/n/ryqq/toplist/26
2026-08-20,2026-08-20T11:28:21+08:00,QQ音乐,热歌榜,热歌榜,2026-08-20,86,我记得,赵雷,上升 5,,372639235,003QIVDT3UB8zG,https://y.qq.com/n/ryqq/toplist/26
2026-08-20,2026-08-20T11:28:21+08:00,QQ音乐,热歌榜,热歌榜,2026-08-20,87,句号,G.E.M. 邓紫棋,下降 4,,247347346,0049MVh824D7bM,https://y.qq.com/n/ryqq/toplist/26
2026-08-20,2026-08-20T11:28:21+08:00,QQ音乐,热歌榜,热歌榜,2026-08-20,88,最后一页,江语晨,下降 1,,721636,003FO4XF40Ky8L,https://y.qq.com/n/ryqq/toplist/26
2026-08-20,2026-08-20T11:28:21+08:00,QQ音乐,热歌榜,热歌榜,2026-08-20,89,淘汰,陈奕迅,下降 16,,1313988,003yQidc3s7P65,https://y.qq.com/n/ryqq/toplist/26
2026-08-20,2026-08-20T11:28:21+08:00,QQ音乐,热歌榜,热歌榜,2026-08-20,90,爱我还是他,陶喆,下降 8,,7211247,003ofGzS3C23Ow,https://y.qq.com/n/ryqq/toplist/26
2026-08-20,2026-08-20T11:28:21+08:00,QQ音乐,热歌榜,热歌榜,2026-08-20,91,无名的人,毛不易,上升 4,,336582682,002mPgSG01LLtu,https://y.qq.com/n/ryqq/toplist/26
2026-08-20,2026-08-20T11:28:21+08:00,QQ音乐,热歌榜,热歌榜,2026-08-20,92,你要的全拿走,胡彦斌,下降 11,,212808217,001eyHlv2fu50T,https://y.qq.com/n/ryqq/toplist/26
2026-08-20,2026-08-20T11:28:21+08:00,QQ音乐,热歌榜,热歌榜,2026-08-20,93,恶作剧,王蓝茵,上升 18,,257621,0031ftBk2foLzq,https://y.qq.com/n/ryqq/toplist/26
2026-08-20,2026-08-20T11:28:21+08:00,QQ音乐,热歌榜,热歌榜,2026-08-20,94,可不可以,张紫豪,下降 8,,213958134,004VR1w241uBhB,https://y.qq.com/n/ryqq/toplist/26
2026-08-20,2026-08-20T11:28:21+08:00,QQ音乐,热歌榜,热歌榜,2026-08-20,95,勇气,梁静茹,下降 1,,4830164,001DEgPu1004bl,https://y.qq.com/n/ryqq/toplist/26
2026-08-20,2026-08-20T11:28:21+08:00,QQ音乐,热歌榜,热歌榜,2026-08-20,96,下一个天亮,郭静,下降 3,,876541,003PKZMI1Wyx1A,https://y.qq.com/n/ryqq/toplist/26
2026-08-20,2026-08-20T11:28:21+08:00,QQ音乐,热歌榜,热歌榜,2026-08-20,97,刻在我心底的名字,卢广仲,下降 17,,316472364,004QG0W52P5GUq,https://y.qq.com/n/ryqq/toplist/26
2026-08-20,2026-08-20T11:28:21+08:00,QQ音乐,热歌榜,热歌榜,2026-08-20,98,梦的翅膀受了伤,蒋雪儿Snow.J,0,,4984001,000Crt8i12TzLc,https://y.qq.com/n/ryqq/toplist/26
2026-08-20,2026-08-20T11:28:21+08:00,QQ音乐,热歌榜,热歌榜,2026-08-20,99,Pretty Girl Rock,Keri Hilson,上升 10,,102688664,003NF4tW1prOV0,https://y.qq.com/n/ryqq/toplist/26
2026-08-20,2026-08-20T11:28:21+08:00,QQ音乐,热歌榜,热歌榜,2026-08-20,100,Baby,Justin Bieber/Ludacris,下降 15,,203644381,002TfnxG2yN1na,https://y.qq.com/n/ryqq/toplist/26
2026-08-20,2026-08-20T11:28:21+08:00,QQ音乐,飙升榜,飙升榜,2026-08-20,1,BiiiG,BIGBANG (빅뱅),热度 143%,,715535244,001HFEsF0zEOs4,https://y.qq.com/n/ryqq/toplist/62
2026-08-20,2026-08-20T11:28:21+08:00,QQ音乐,飙升榜,飙升榜,2026-08-20,2,晚风告白,黄星/邱鼎杰,热度 51%,,717448034,002qlYPU3sMCpa,https://y.qq.com/n/ryqq/toplist/62
2026-08-20,2026-08-20T11:28:21+08:00,QQ音乐,飙升榜,飙升榜,2026-08-20,3,请在我坠落前到来,TF家族/TF家族-官俊臣/TF家族-王烁然/TF家族-杨涵博/TF家族-张奕然/TF家族-聂玮辰/TF家族-魏子宸/TF家族-李煜东,热度 39%,,717194247,004EUws64at73j,https://y.qq.com/n/ryqq/toplist/62
2026-08-20,2026-08-20T11:28:21+08:00,QQ音乐,飙升榜,飙升榜,2026-08-20,4,好巧是你,周深,热度 38%,,717531834,001g7W970ucxHO,https://y.qq.com/n/ryqq/toplist/62
2026-08-20,2026-08-20T11:28:21+08:00,QQ音乐,飙升榜,飙升榜,2026-08-20,5,落 (公子版),刘宇,热度 23%,,717384122,004cBsy733ohma,https://y.qq.com/n/ryqq/toplist/62
2026-08-20,2026-08-20T11:28:21+08:00,QQ音乐,飙升榜,飙升榜,2026-08-20,6,禾和何,何浩楠,热度 23%,,717533576,001WAMlO2A3lSb,https://y.qq.com/n/ryqq/toplist/62
2026-08-20,2026-08-20T11:28:21+08:00,QQ音乐,飙升榜,飙升榜,2026-08-20,7,想你了,TF_ING邓佳鑫,热度 22%,,717462459,003NeGg41bolpi,https://y.qq.com/n/ryqq/toplist/62
2026-08-20,2026-08-20T11:28:21+08:00,QQ音乐,飙升榜,飙升榜,2026-08-20,8,七夕,邓丽欣,热度 20%,,184610,004IDQWu4RMGFz,https://y.qq.com/n/ryqq/toplist/62
2026-08-20,2026-08-20T11:28:21+08:00,QQ音乐,飙升榜,飙升榜,2026-08-20,9,葡萄成熟时,陈奕迅,热度 19%,,1251167,003J6fvc0bVJon,https://y.qq.com/n/ryqq/toplist/62
2026-08-20,2026-08-20T11:28:21+08:00,QQ音乐,飙升榜,飙升榜,2026-08-20,10,七夕,许嵩,热度 19%,,7117101,000lCG1q4EGdV4,https://y.qq.com/n/ryqq/toplist/62
2026-08-20,2026-08-20T11:28:21+08:00,QQ音乐,飙升榜,飙升榜,2026-08-20,11,谎言,卓沅,热度 19%,,717533786,004NCdjL2FFRWE,https://y.qq.com/n/ryqq/toplist/62
2026-08-20,2026-08-20T11:28:21+08:00,QQ音乐,飙升榜,飙升榜,2026-08-20,12,晚风定义,李沛恩/江衡,热度 18%,,717448074,002qlYPU3sMCpa,https://y.qq.com/n/ryqq/toplist/62
2026-08-20,2026-08-20T11:28:21+08:00,QQ音乐,飙升榜,飙升榜,2026-08-20,13,明天过后,张杰,热度 17%,,273032694,000pVkCf3KsUQ9,https://y.qq.com/n/ryqq/toplist/62
2026-08-20,2026-08-20T11:28:21+08:00,QQ音乐,飙升榜,飙升榜,2026-08-20,14,闭目入神,郑中基,热度 17%,,96440,004bb67O0ABuHL,https://y.qq.com/n/ryqq/toplist/62
2026-08-20,2026-08-20T11:28:21+08:00,QQ音乐,飙升榜,飙升榜,2026-08-20,15,分手快乐,梁静茹,热度 16%,,4931887,004Yk2eb4AnbSC,https://y.qq.com/n/ryqq/toplist/62
2026-08-20,2026-08-20T11:28:21+08:00,QQ音乐,飙升榜,飙升榜,2026-08-20,16,只为遇见你,刘宇,热度 16%,,715160043,003oGp3C2oTVxH,https://y.qq.com/n/ryqq/toplist/62
2026-08-20,2026-08-20T11:28:21+08:00,QQ音乐,飙升榜,飙升榜,2026-08-20,17,至少相拥没错,MC 张天赋,热度 15%,,717173922,003VB5E919Ao6y,https://y.qq.com/n/ryqq/toplist/62
2026-08-20,2026-08-20T11:28:21+08:00,QQ音乐,飙升榜,飙升榜,2026-08-20,18,人间白首,呦猫UNEKO,热度 15%,,231692423,00279wdn49aBO1,https://y.qq.com/n/ryqq/toplist/62
2026-08-20,2026-08-20T11:28:21+08:00,QQ音乐,飙升榜,飙升榜,2026-08-20,19,洞房,张云雷,热度 12%,,717397930,002lIgwn1pmLbE,https://y.qq.com/n/ryqq/toplist/62
2026-08-20,2026-08-20T11:28:21+08:00,QQ音乐,飙升榜,飙升榜,2026-08-20,20,没有情人的情人节,孟庭苇,热度 12%,,102220073,002QFmun1vsuvo,https://y.qq.com/n/ryqq/toplist/62
2026-08-20,2026-08-20T11:28:21+08:00,QQ音乐,飙升榜,飙升榜,2026-08-20,21,하루하루 (一天一天),BIGBANG (빅뱅),热度 11%,,7086704,002Z9cl22TWRYU,https://y.qq.com/n/ryqq/toplist/62
2026-08-20,2026-08-20T11:28:21+08:00,QQ音乐,飙升榜,飙升榜,2026-08-20,22,剥离之茧,添儿呗,热度 9%,,290957034,0025j7sV1YEFZP,https://y.qq.com/n/ryqq/toplist/62
2026-08-20,2026-08-20T11:28:21+08:00,QQ音乐,飙升榜,飙升榜,2026-08-20,23,Spicy Honey,虞书欣,热度 9%,,549967220,002Qz6l63AWHA1,https://y.qq.com/n/ryqq/toplist/62
2026-08-20,2026-08-20T11:28:21+08:00,QQ音乐,飙升榜,飙升榜,2026-08-20,24,来不及爱你,h3R3刘清云,热度 9%,,424469983,001hLbi83b5KQr,https://y.qq.com/n/ryqq/toplist/62
2026-08-20,2026-08-20T11:28:21+08:00,QQ音乐,飙升榜,飙升榜,2026-08-20,25,从前说,小阿七,热度 8%,,337805783,001en2Lq0PZK7i,https://y.qq.com/n/ryqq/toplist/62
2026-08-20,2026-08-20T11:28:21+08:00,QQ音乐,飙升榜,飙升榜,2026-08-20,26,澎湃,虞书欣,热度 7%,,530195618,001Ui8d80TpacW,https://y.qq.com/n/ryqq/toplist/62
2026-08-20,2026-08-20T11:28:21+08:00,QQ音乐,飙升榜,飙升榜,2026-08-20,27,IF YOU,BIGBANG (빅뱅),热度 7%,,102793935,001xpUdt2jEjWu,https://y.qq.com/n/ryqq/toplist/62
2026-08-20,2026-08-20T11:28:21+08:00,QQ音乐,飙升榜,飙升榜,2026-08-20,28,就是爱你,陶喆,热度 7%,,5110,003ofGzS3C23Ow,https://y.qq.com/n/ryqq/toplist/62
2026-08-20,2026-08-20T11:28:21+08:00,QQ音乐,飙升榜,飙升榜,2026-08-20,29,有点甜,汪苏泷/BY2,热度 7%,,4830766,001HUiKw0QsiUb,https://y.qq.com/n/ryqq/toplist/62
2026-08-20,2026-08-20T11:28:21+08:00,QQ音乐,飙升榜,飙升榜,2026-08-20,30,봄여름가을겨울 (Still Life) (春夏秋冬),BIGBANG (빅뱅),热度 7%,,350172553,003eNXft4QQa3G,https://y.qq.com/n/ryqq/toplist/62
2026-08-20,2026-08-20T11:28:21+08:00,QQ音乐,飙升榜,飙升榜,2026-08-20,31,梦的翅膀受了伤,蒋雪儿Snow.J,热度 7%,,4984001,000Crt8i12TzLc,https://y.qq.com/n/ryqq/toplist/62
2026-08-20,2026-08-20T11:28:21+08:00,QQ音乐,飙升榜,飙升榜,2026-08-20,32,Lies (谎言),BIGBANG (빅뱅),热度 6%,,7094913,0048pbv04daWud,https://y.qq.com/n/ryqq/toplist/62
2026-08-20,2026-08-20T11:28:21+08:00,QQ音乐,飙升榜,飙升榜,2026-08-20,33,爱意藏风里,弄简,热度 6%,,717447951,002qlYPU3sMCpa,https://y.qq.com/n/ryqq/toplist/62
2026-08-20,2026-08-20T11:28:21+08:00,QQ音乐,飙升榜,飙升榜,2026-08-20,34,BLUE (蓝色),BIGBANG (빅뱅),热度 6%,,1148636,001FFpMe09To1V,https://y.qq.com/n/ryqq/toplist/62
2026-08-20,2026-08-20T11:28:21+08:00,QQ音乐,飙升榜,飙升榜,2026-08-20,35,BANG BANG BANG (뱅뱅뱅),BIGBANG (빅뱅),热度 6%,,102629053,003UYgaO2wuwht,https://y.qq.com/n/ryqq/toplist/62
2026-08-20,2026-08-20T11:28:21+08:00,QQ音乐,飙升榜,飙升榜,2026-08-20,36,冻结,林俊杰,热度 6%,,101659148,002vlOfM1X5TQ0,https://y.qq.com/n/ryqq/toplist/62
2026-08-20,2026-08-20T11:28:21+08:00,QQ音乐,飙升榜,飙升榜,2026-08-20,37,告白气球,周杰伦,热度 6%,,107192078,003RMaRI1iFoYd,https://y.qq.com/n/ryqq/toplist/62
2026-08-20,2026-08-20T11:28:21+08:00,QQ音乐,飙升榜,飙升榜,2026-08-20,38,梦时,虞书欣,热度 6%,,612935114,003k7iVD2V0iRQ,https://y.qq.com/n/ryqq/toplist/62
2026-08-20,2026-08-20T11:28:21+08:00,QQ音乐,飙升榜,飙升榜,2026-08-20,39,为你而来,袁娅维TIA RAY,热度 6%,,246918430,003tv4PF3vu4H9,https://y.qq.com/n/ryqq/toplist/62
2026-08-20,2026-08-20T11:28:21+08:00,QQ音乐,飙升榜,飙升榜,2026-08-20,40,体面,于文文,热度 6%,,212606735,001qYTzY2oyDyZ,https://y.qq.com/n/ryqq/toplist/62
2026-08-20,2026-08-20T11:28:21+08:00,QQ音乐,飙升榜,飙升榜,2026-08-20,41,乌梅子酱,李荣浩,热度 5%,,384263699,002PwL9x3TiVdh,https://y.qq.com/n/ryqq/toplist/62
2026-08-20,2026-08-20T11:28:21+08:00,QQ音乐,飙升榜,飙升榜,2026-08-20,42,七月七日晴,许慧欣,热度 5%,,106709555,003rj5xK4VfpxG,https://y.qq.com/n/ryqq/toplist/62
2026-08-20,2026-08-20T11:28:21+08:00,QQ音乐,飙升榜,飙升榜,2026-08-20,43,喜欢你,G.E.M. 邓紫棋,热度 5%,,7168586,000cFPKx3ZGzks,https://y.qq.com/n/ryqq/toplist/62
2026-08-20,2026-08-20T11:28:21+08:00,QQ音乐,飙升榜,飙升榜,2026-08-20,44,天使,刘思鉴,热度 5%,,439510345,002qrhZd1axJcr,https://y.qq.com/n/ryqq/toplist/62
2026-08-20,2026-08-20T11:28:21+08:00,QQ音乐,飙升榜,飙升榜,2026-08-20,45,有何不可,许嵩,热度 5%,,102296985,002KSDg90IaScI,https://y.qq.com/n/ryqq/toplist/62
2026-08-20,2026-08-20T11:28:21+08:00,QQ音乐,飙升榜,飙升榜,2026-08-20,46,万有引力,汪苏泷,热度 5%,,1494222,001HUiKw0QsiUb,https://y.qq.com/n/ryqq/toplist/62
2026-08-20,2026-08-20T11:28:21+08:00,QQ音乐,飙升榜,飙升榜,2026-08-20,47,恶作剧,王蓝茵,热度 5%,,257621,0031ftBk2foLzq,https://y.qq.com/n/ryqq/toplist/62
2026-08-20,2026-08-20T11:28:21+08:00,QQ音乐,飙升榜,飙升榜,2026-08-20,48,阿楚姑娘,袁娅维TIA RAY,热度 5%,,105769829,0014PIct2LKiPl,https://y.qq.com/n/ryqq/toplist/62
2026-08-20,2026-08-20T11:28:21+08:00,QQ音乐,飙升榜,飙升榜,2026-08-20,49,今天你要嫁给我,陶喆/蔡依林,热度 5%,,145881,002apirq425EZr,https://y.qq.com/n/ryqq/toplist/62
2026-08-20,2026-08-20T11:28:21+08:00,QQ音乐,飙升榜,飙升榜,2026-08-20,50,这，就是爱,张杰,热度 5%,,273032693,000pVkCf3KsUQ9,https://y.qq.com/n/ryqq/toplist/62
2026-08-20,2026-08-20T11:28:21+08:00,QQ音乐,飙升榜,飙升榜,2026-08-20,51,大城小爱,王力宏,热度 5%,,105905352,001a0Dts37jw2M,https://y.qq.com/n/ryqq/toplist/62
2026-08-20,2026-08-20T11:28:21+08:00,QQ音乐,飙升榜,飙升榜,2026-08-20,52,LOSER (失败者),BIGBANG (빅뱅),热度 5%,,102376507,00078fT84A2h6x,https://y.qq.com/n/ryqq/toplist/62
2026-08-20,2026-08-20T11:28:21+08:00,QQ音乐,飙升榜,飙升榜,2026-08-20,53,特别的人,方大同,热度 5%,,5293866,000GvdTR0qcKh8,https://y.qq.com/n/ryqq/toplist/62
2026-08-20,2026-08-20T11:28:21+08:00,QQ音乐,飙升榜,飙升榜,2026-08-20,54,多远都要在一起,G.E.M. 邓紫棋,热度 4%,,102174489,003c616O2Zlswm,https://y.qq.com/n/ryqq/toplist/62
2026-08-20,2026-08-20T11:28:21+08:00,QQ音乐,飙升榜,飙升榜,2026-08-20,55,云中鸟,小阿七,热度 4%,,713873869,004Va5wT2xWgdC,https://y.qq.com/n/ryqq/toplist/62
2026-08-20,2026-08-20T11:28:21+08:00,QQ音乐,飙升榜,飙升榜,2026-08-20,56,简单爱,周杰伦,热度 4%,,97744,000I5jJB3blWeN,https://y.qq.com/n/ryqq/toplist/62
2026-08-20,2026-08-20T11:28:21+08:00,QQ音乐,飙升榜,飙升榜,2026-08-20,57,寄明月,虞书欣/丁禹兮/祝绪丹/杨仕泽/费启鸣/李奕臻/卢禹豪,热度 4%,,535694254,001Ui8d80TpacW,https://y.qq.com/n/ryqq/toplist/62
2026-08-20,2026-08-20T11:28:21+08:00,QQ音乐,飙升榜,飙升榜,2026-08-20,58,我好想你 (苏打绿版),苏打绿,热度 4%,,4884947,004QF5kp0jgyba,https://y.qq.com/n/ryqq/toplist/62
2026-08-20,2026-08-20T11:28:21+08:00,QQ音乐,飙升榜,飙升榜,2026-08-20,59,Take Me Hand,DAISHI DANCE (ダイシ・ダンス)/Cécile Corbel,热度 4%,,335208865,001ANRIv12RuuN,https://y.qq.com/n/ryqq/toplist/62
2026-08-20,2026-08-20T11:28:21+08:00,QQ音乐,飙升榜,飙升榜,2026-08-20,60,陪你度过漫长岁月,陈奕迅,热度 4%,,104775916,002DAg4x3jVzHI,https://y.qq.com/n/ryqq/toplist/62
2026-08-20,2026-08-20T11:28:21+08:00,QQ音乐,飙升榜,飙升榜,2026-08-20,61,爱你,王心凌,热度 4%,,95306,001K65vv1SgkSk,https://y.qq.com/n/ryqq/toplist/62
2026-08-20,2026-08-20T11:28:21+08:00,QQ音乐,飙升榜,飙升榜,2026-08-20,62,SOBER (清醒),BIGBANG (빅뱅),热度 4%,,102793934,001xpUdt2jEjWu,https://y.qq.com/n/ryqq/toplist/62
2026-08-20,2026-08-20T11:28:21+08:00,QQ音乐,飙升榜,飙升榜,2026-08-20,63,FANTASTIC BABY,BIGBANG (빅뱅),热度 4%,,1166273,001FFpMe09To1V,https://y.qq.com/n/ryqq/toplist/62
2026-08-20,2026-08-20T11:28:21+08:00,QQ音乐,飙升榜,飙升榜,2026-08-20,64,恋人,李荣浩,热度 4%,,496054946,004HaG7p4ZkhXA,https://y.qq.com/n/ryqq/toplist/62
2026-08-20,2026-08-20T11:28:21+08:00,QQ音乐,飙升榜,飙升榜,2026-08-20,65,BAD BOY,BIGBANG (빅뱅),热度 4%,,1166271,001FFpMe09To1V,https://y.qq.com/n/ryqq/toplist/62
2026-08-20,2026-08-20T11:28:21+08:00,QQ音乐,飙升榜,飙升榜,2026-08-20,66,我记得,赵雷,热度 4%,,372639235,003QIVDT3UB8zG,https://y.qq.com/n/ryqq/toplist/62
2026-08-20,2026-08-20T11:28:21+08:00,QQ音乐,飙升榜,飙升榜,2026-08-20,67,有你在,Rosy赵露思,热度 4%,,442995432,001UqgLc121CR3,https://y.qq.com/n/ryqq/toplist/62
2026-08-20,2026-08-20T11:28:21+08:00,QQ音乐,飙升榜,飙升榜,2026-08-20,68,Let's not fall in love (우리 사랑하지 말아요),BIGBANG (빅뱅),热度 4%,,102954020,003C2NkS1qpM7U,https://y.qq.com/n/ryqq/toplist/62
2026-08-20,2026-08-20T11:28:21+08:00,QQ音乐,飙升榜,飙升榜,2026-08-20,69,天龙八部之宿敌,许嵩,热度 4%,,4829554,002JzRQD2zjvxG,https://y.qq.com/n/ryqq/toplist/62
2026-08-20,2026-08-20T11:28:21+08:00,QQ音乐,飙升榜,飙升榜,2026-08-20,70,情歌,梁静茹,热度 4%,,462188,002E4IXe1ESUij,https://y.qq.com/n/ryqq/toplist/62
2026-08-20,2026-08-20T11:28:21+08:00,QQ音乐,飙升榜,飙升榜,2026-08-20,71,一笑倾城,汪苏泷,热度 4%,,108172834,003RxTdZ0sJLwo,https://y.qq.com/n/ryqq/toplist/62
2026-08-20,2026-08-20T11:28:21+08:00,QQ音乐,飙升榜,飙升榜,2026-08-20,72,爱是个什么东西,陶喆,热度 4%,,5105,003ofGzS3C23Ow,https://y.qq.com/n/ryqq/toplist/62
2026-08-20,2026-08-20T11:28:21+08:00,QQ音乐,飙升榜,飙升榜,2026-08-20,73,知了,陈默之,热度 4%,,482500528,000fHDnB1K1Hcf,https://y.qq.com/n/ryqq/toplist/62
2026-08-20,2026-08-20T11:28:21+08:00,QQ音乐,飙升榜,飙升榜,2026-08-20,74,Hall of Fame,The Script,热度 4%,,1783988,004Zwdcf3uixGU,https://y.qq.com/n/ryqq/toplist/62
2026-08-20,2026-08-20T11:28:21+08:00,QQ音乐,飙升榜,飙升榜,2026-08-20,75,LAST DANCE,BIGBANG (빅뱅),热度 3%,,109714342,002rGXEg1Hfvbm,https://y.qq.com/n/ryqq/toplist/62
2026-08-20,2026-08-20T11:28:21+08:00,QQ音乐,飙升榜,飙升榜,2026-08-20,76,夏天,李玖哲,热度 3%,,102077639,002aVFEU1O28EC,https://y.qq.com/n/ryqq/toplist/62
2026-08-20,2026-08-20T11:28:21+08:00,QQ音乐,飙升榜,飙升榜,2026-08-20,77,FXXK IT (에라 모르겠다),BIGBANG (빅뱅),热度 3%,,109714341,002rGXEg1Hfvbm,https://y.qq.com/n/ryqq/toplist/62
2026-08-20,2026-08-20T11:28:21+08:00,QQ音乐,飙升榜,飙升榜,2026-08-20,78,七里香,周杰伦,热度 3%,,102065756,003DFRzD192KKD,https://y.qq.com/n/ryqq/toplist/62
2026-08-20,2026-08-20T11:28:21+08:00,QQ音乐,飙升榜,飙升榜,2026-08-20,79,我的宣言,周柏豪,热度 3%,,5004538,000drjPU0q4wo8,https://y.qq.com/n/ryqq/toplist/62
2026-08-20,2026-08-20T11:28:21+08:00,QQ音乐,飙升榜,飙升榜,2026-08-20,80,溯 (Reverse)feat. 马吟吟,CORSAK胡梦周/马吟吟,热度 3%,,214920523,002yOiJ347ly2o,https://y.qq.com/n/ryqq/toplist/62
2026-08-20,2026-08-20T11:28:21+08:00,QQ音乐,飙升榜,飙升榜,2026-08-20,81,山楂树の恋,程佳佳,热度 3%,,235839585,004exjMO1lm27e,https://y.qq.com/n/ryqq/toplist/62
2026-08-20,2026-08-20T11:28:21+08:00,QQ音乐,飙升榜,飙升榜,2026-08-20,82,No Pressure,D.N.A/TEN (李永钦),热度 3%,,717173192,004V429a1ZTvpq,https://y.qq.com/n/ryqq/toplist/62
2026-08-20,2026-08-20T11:28:21+08:00,QQ音乐,飙升榜,飙升榜,2026-08-20,83,美人鱼,林俊杰,热度 3%,,95292,000y5gq7449K9I,https://y.qq.com/n/ryqq/toplist/62
2026-08-20,2026-08-20T11:28:21+08:00,QQ音乐,飙升榜,飙升榜,2026-08-20,84,偏爱,张芸京,热度 3%,,473137,003ha6C92GRuVE,https://y.qq.com/n/ryqq/toplist/62
2026-08-20,2026-08-20T11:28:21+08:00,QQ音乐,飙升榜,飙升榜,2026-08-20,85,非酋,薛明媛/朱贺,热度 3%,,203126194,002mWqFa3dx5lQ,https://y.qq.com/n/ryqq/toplist/62
2026-08-20,2026-08-20T11:28:21+08:00,QQ音乐,飙升榜,飙升榜,2026-08-20,86,如果可以,韦礼安,热度 3%,,330977131,003WBcyJ1siUkh,https://y.qq.com/n/ryqq/toplist/62
2026-08-20,2026-08-20T11:28:21+08:00,QQ音乐,飙升榜,飙升榜,2026-08-20,87,1022-比尔的歌,Bomb比尔,热度 3%,,282984491,003eKLOd1Ie7lD,https://y.qq.com/n/ryqq/toplist/62
2026-08-20,2026-08-20T11:28:21+08:00,QQ音乐,飙升榜,飙升榜,2026-08-20,88,WE LIKE 2 PARTY,BIGBANG (빅뱅),热度 3%,,102629054,003UYgaO2wuwht,https://y.qq.com/n/ryqq/toplist/62
2026-08-20,2026-08-20T11:28:21+08:00,QQ音乐,飙升榜,飙升榜,2026-08-20,89,多幸运,韩安旭,热度 3%,,104862561,0008wVjT0MSG3T,https://y.qq.com/n/ryqq/toplist/62
2026-08-20,2026-08-20T11:28:21+08:00,QQ音乐,飙升榜,飙升榜,2026-08-20,90,我的秘密,G.E.M. 邓紫棋,热度 3%,,736924,002F059l1kCcdr,https://y.qq.com/n/ryqq/toplist/62
2026-08-20,2026-08-20T11:28:21+08:00,QQ音乐,飙升榜,飙升榜,2026-08-20,91,恶作剧 (Live),颜人中,热度 3%,,418864262,000p1msN1uZAsm,https://y.qq.com/n/ryqq/toplist/62
2026-08-20,2026-08-20T11:28:21+08:00,QQ音乐,飙升榜,飙升榜,2026-08-20,92,ETA,NewJeans (뉴진스),热度 3%,,423355894,002mv7Hn0ez5bk,https://y.qq.com/n/ryqq/toplist/62
2026-08-20,2026-08-20T11:28:21+08:00,QQ音乐,飙升榜,飙升榜,2026-08-20,93,甜甜的,周杰伦,热度 3%,,102340969,002eFUFm2XYZ7z,https://y.qq.com/n/ryqq/toplist/62
2026-08-20,2026-08-20T11:28:21+08:00,QQ音乐,飙升榜,飙升榜,2026-08-20,94,唯一,G.E.M. 邓紫棋,热度 3%,,438910555,002d6m7k0xCbSv,https://y.qq.com/n/ryqq/toplist/62
2026-08-20,2026-08-20T11:28:21+08:00,QQ音乐,飙升榜,飙升榜,2026-08-20,95,好心分手 (合唱版),卢巧音/王力宏,热度 3%,,105309387,001amBVF1ZHb9Z,https://y.qq.com/n/ryqq/toplist/62
2026-08-20,2026-08-20T11:28:21+08:00,QQ音乐,飙升榜,飙升榜,2026-08-20,96,程艾影,赵雷,热度 3%,,372639323,003QIVDT3UB8zG,https://y.qq.com/n/ryqq/toplist/62
2026-08-20,2026-08-20T11:28:21+08:00,QQ音乐,飙升榜,飙升榜,2026-08-20,97,说谎,林宥嘉,热度 3%,,638596,004YodY33zsWTT,https://y.qq.com/n/ryqq/toplist/62
2026-08-20,2026-08-20T11:28:21+08:00,QQ音乐,飙升榜,飙升榜,2026-08-20,98,大小姐,苏醒AllenSu,热度 3%,,717293215,0024QyvN2VDr97,https://y.qq.com/n/ryqq/toplist/62
2026-08-20,2026-08-20T11:28:21+08:00,QQ音乐,飙升榜,飙升榜,2026-08-20,99,小酒窝,林俊杰/蔡卓妍,热度 3%,,447253,002g6zv02X7SNi,https://y.qq.com/n/ryqq/toplist/62
2026-08-20,2026-08-20T11:28:21+08:00,QQ音乐,飙升榜,飙升榜,2026-08-20,100,执子之手,宝石Gem/哩哩,热度 3%,,382212594,003aL8Lm48lfHR,https://y.qq.com/n/ryqq/toplist/62
2026-08-20,2026-08-20T11:28:21+08:00,酷狗音乐,热歌榜,酷狗TOP500,2026-08-20,1,山风山风等等我,万海东,,3:29,CE256D96F1F025D60468D8F0BC9EE64B,200106963,https://www.kugou.com/yy/rank/home/1-8888.html?from=rank
2026-08-20,2026-08-20T11:28:21+08:00,酷狗音乐,热歌榜,酷狗TOP500,2026-08-20,2,甲乙丙丁 (你我怎么两清),李佳薇,,3:30,213D580CA0BDCC28A5FDBA995FFDA106,197648995,https://www.kugou.com/yy/rank/home/1-8888.html?from=rank
2026-08-20,2026-08-20T11:28:21+08:00,酷狗音乐,热歌榜,酷狗TOP500,2026-08-20,3,你有没有真的爱过我,阿图表妹,,4:03,FE39668F68770C3FB3BE57A3E86CCC10,190170015,https://www.kugou.com/yy/rank/home/1-8888.html?from=rank
2026-08-20,2026-08-20T11:28:21+08:00,酷狗音乐,热歌榜,酷狗TOP500,2026-08-20,4,闭目入神,郑中基,,3:36,386EF80136EFD753F8C9CD75D18159C3,7547818,https://www.kugou.com/yy/rank/home/1-8888.html?from=rank
2026-08-20,2026-08-20T11:28:21+08:00,酷狗音乐,热歌榜,酷狗TOP500,2026-08-20,5,吹吹山顶的风,巴扎黑,,2:59,87311B26EDEE637CA1448E14230BCB68,198304563,https://www.kugou.com/yy/rank/home/1-8888.html?from=rank
2026-08-20,2026-08-20T11:28:21+08:00,酷狗音乐,热歌榜,酷狗TOP500,2026-08-20,6,我不难过,孙燕姿,,5:20,3FD7E1EC51122C745C637735C8BDE716,965883,https://www.kugou.com/yy/rank/home/1-8888.html?from=rank
2026-08-20,2026-08-20T11:28:21+08:00,酷狗音乐,热歌榜,酷狗TOP500,2026-08-20,7,明天过后,张杰,,3:59,5B900D95E79765AE62664BE5C871DD9E,38606351,https://www.kugou.com/yy/rank/home/1-8888.html?from=rank
2026-08-20,2026-08-20T11:28:21+08:00,酷狗音乐,热歌榜,酷狗TOP500,2026-08-20,8,差一步,大壮,,4:06,08C2E4AF2BDDB11D36E2B04A51DA30CE,6194568,https://www.kugou.com/yy/rank/home/1-8888.html?from=rank
2026-08-20,2026-08-20T11:28:21+08:00,酷狗音乐,热歌榜,酷狗TOP500,2026-08-20,9,冻结,林俊杰,,4:49,AE291096B510F20B93D7D87DCBEF1E43,971150,https://www.kugou.com/yy/rank/home/1-8888.html?from=rank
2026-08-20,2026-08-20T11:28:21+08:00,酷狗音乐,热歌榜,酷狗TOP500,2026-08-20,10,失眠,Suki刘舒妤,,3:31,EC476A2009EF5DCAC13EDCD11870DF55,671621,https://www.kugou.com/yy/rank/home/1-8888.html?from=rank
2026-08-20,2026-08-20T11:28:21+08:00,酷狗音乐,热歌榜,酷狗TOP500,2026-08-20,11,回到小村落 (听着蛐蛐唱着歌),宋盐球,,3:45,AF27C3A04E82042F66D51EF604B47AD5,200330995,https://www.kugou.com/yy/rank/home/1-8888.html?from=rank
2026-08-20,2026-08-20T11:28:21+08:00,酷狗音乐,热歌榜,酷狗TOP500,2026-08-20,12,像我这样爱你的人,落日微醺本薰、张多金,,4:22,2AEE05C92035800815DE6AFEE285FD0B,201366705,https://www.kugou.com/yy/rank/home/1-8888.html?from=rank
2026-08-20,2026-08-20T11:28:21+08:00,酷狗音乐,热歌榜,酷狗TOP500,2026-08-20,13,人生路漫漫,白小白,,3:55,B8CA573A69DB5050C7EE0C1AB79144E5,179917533,https://www.kugou.com/yy/rank/home/1-8888.html?from=rank
2026-08-20,2026-08-20T11:28:21+08:00,酷狗音乐,热歌榜,酷狗TOP500,2026-08-20,14,樱花草,Sweety,,4:44,F0B01830164E4974A2AC9E85DD446D45,507451,https://www.kugou.com/yy/rank/home/1-8888.html?from=rank
2026-08-20,2026-08-20T11:28:21+08:00,酷狗音乐,热歌榜,酷狗TOP500,2026-08-20,15,偏爱,张芸京,,3:33,4A544525C1F78DBDF25361DB0E255495,968788,https://www.kugou.com/yy/rank/home/1-8888.html?from=rank
2026-08-20,2026-08-20T11:28:21+08:00,酷狗音乐,热歌榜,酷狗TOP500,2026-08-20,16,如果累了就回故乡 (少年版),酷酷里,,3:53,CDCB078226FF05314C211CCBED7F99FF,203339346,https://www.kugou.com/yy/rank/home/1-8888.html?from=rank
2026-08-20,2026-08-20T11:28:21+08:00,酷狗音乐,热歌榜,酷狗TOP500,2026-08-20,17,踏马寻花向自由 (雷鬼版),超哥,,2:59,B5BA68A039E54847B4E14A46A268991B,194886112,https://www.kugou.com/yy/rank/home/1-8888.html?from=rank
2026-08-20,2026-08-20T11:28:21+08:00,酷狗音乐,热歌榜,酷狗TOP500,2026-08-20,18,盛夏的果实,莫文蔚,,4:11,1C86CBC64AE9A6C3539A36CAADDF1A59,978378,https://www.kugou.com/yy/rank/home/1-8888.html?from=rank
2026-08-20,2026-08-20T11:28:21+08:00,酷狗音乐,热歌榜,酷狗TOP500,2026-08-20,19,雨过后的风景,Dizzy Dizzo (蔡诗芸),,4:03,E3F046EDB5EB76BBA5A44FFA3D8F8C42,974143,https://www.kugou.com/yy/rank/home/1-8888.html?from=rank
2026-08-20,2026-08-20T11:28:21+08:00,酷狗音乐,热歌榜,酷狗TOP500,2026-08-20,20,岁月如笔写春秋,河南三妹5233,,4:11,5D4C2F9D994E5BECDC9BA0FBC6BD3DD8,191576482,https://www.kugou.com/yy/rank/home/1-8888.html?from=rank
2026-08-20,2026-08-20T11:28:21+08:00,酷狗音乐,热歌榜,酷狗TOP500,2026-08-20,21,雨爱,杨丞琳,,4:21,2592FFA57A2D8B1A16F18D991B7098CD,2694607,https://www.kugou.com/yy/rank/home/1-8888.html?from=rank
2026-08-20,2026-08-20T11:28:21+08:00,酷狗音乐,热歌榜,酷狗TOP500,2026-08-20,22,恋人,李荣浩,,4:36,9DA7851E2BF83B18C74CBBAB461CEFDD,106374641,https://www.kugou.com/yy/rank/home/1-8888.html?from=rank
2026-08-20,2026-08-20T11:28:21+08:00,酷狗音乐,热歌榜,酷狗TOP500,2026-08-20,23,我好想你 (苏打绿版),苏打绿,,5:29,55FEA1927AC4D460F6EB3B9262AC9981,108011230,https://www.kugou.com/yy/rank/home/2-8888.html?from=rank
2026-08-20,2026-08-20T11:28:21+08:00,酷狗音乐,热歌榜,酷狗TOP500,2026-08-20,24,阴天,莫文蔚,,4:02,E4271CB5938F401AA283FBEA49223BF8,970575,https://www.kugou.com/yy/rank/home/2-8888.html?from=rank
2026-08-20,2026-08-20T11:28:21+08:00,酷狗音乐,热歌榜,酷狗TOP500,2026-08-20,25,好想再爱你,潘广益,,4:31,B78BA4062528E712B68C42DC6A4D9AAE,957659,https://www.kugou.com/yy/rank/home/2-8888.html?from=rank
2026-08-20,2026-08-20T11:28:21+08:00,酷狗音乐,热歌榜,酷狗TOP500,2026-08-20,26,梦哑,任然,,3:54,3194D1AA995469BEF8620E96989D6BA8,193630889,https://www.kugou.com/yy/rank/home/2-8888.html?from=rank
2026-08-20,2026-08-20T11:28:21+08:00,酷狗音乐,热歌榜,酷狗TOP500,2026-08-20,27,情歌,梁静茹,,4:20,72DB6DA75FFE23A3A6361BDB8F44D5F4,2997268,https://www.kugou.com/yy/rank/home/2-8888.html?from=rank
2026-08-20,2026-08-20T11:28:21+08:00,酷狗音乐,热歌榜,酷狗TOP500,2026-08-20,28,黄昏 (纵然青丝如霜)(R&B版),落日微醺,,4:05,423FC1778078ACF260242626820E4244,194767721,https://www.kugou.com/yy/rank/home/2-8888.html?from=rank
2026-08-20,2026-08-20T11:28:21+08:00,酷狗音乐,热歌榜,酷狗TOP500,2026-08-20,29,美人鱼,林俊杰,,4:14,CDAE8C7E2FAF7F08DC18E78A1D65117B,969588,https://www.kugou.com/yy/rank/home/2-8888.html?from=rank
2026-08-20,2026-08-20T11:28:21+08:00,酷狗音乐,热歌榜,酷狗TOP500,2026-08-20,30,杀破狼,萧泽,,3:18,7C9D7ECC13361B9C73CA7B0541EDE63F,203330688,https://www.kugou.com/yy/rank/home/2-8888.html?from=rank
2026-08-20,2026-08-20T11:28:21+08:00,酷狗音乐,热歌榜,酷狗TOP500,2026-08-20,31,此生不换,青鸟飞鱼,,4:26,F73630B79647324AB3415C21BFA5BD3D,553897,https://www.kugou.com/yy/rank/home/2-8888.html?from=rank
2026-08-20,2026-08-20T11:28:21+08:00,酷狗音乐,热歌榜,酷狗TOP500,2026-08-20,32,黄昏,周传雄,,5:44,7DE9A9CD041157F6BF3FE9FFBCF120E3,964612,https://www.kugou.com/yy/rank/home/2-8888.html?from=rank
2026-08-20,2026-08-20T11:28:21+08:00,酷狗音乐,热歌榜,酷狗TOP500,2026-08-20,33,晴天,周杰伦,,4:29,B3A52A7A958BF0AED0EBFBA2E9A818B7,966846,https://www.kugou.com/yy/rank/home/2-8888.html?from=rank
2026-08-20,2026-08-20T11:28:21+08:00,酷狗音乐,热歌榜,酷狗TOP500,2026-08-20,34,碎碎念,队长,,2:13,A823AE8D84854FD2EB5B8E599D1263FA,79831015,https://www.kugou.com/yy/rank/home/2-8888.html?from=rank
2026-08-20,2026-08-20T11:28:21+08:00,酷狗音乐,热歌榜,酷狗TOP500,2026-08-20,35,小半,陈粒,,4:57,AFEA9FFE5D7F0EF0874119A363820D33,1749208,https://www.kugou.com/yy/rank/home/2-8888.html?from=rank
2026-08-20,2026-08-20T11:28:21+08:00,酷狗音乐,热歌榜,酷狗TOP500,2026-08-20,36,梦的翅膀受了伤,蒋雪儿Snow.J,,4:36,7B00B1F90C13C270CE96EA51DA863B96,1965074,https://www.kugou.com/yy/rank/home/2-8888.html?from=rank
2026-08-20,2026-08-20T11:28:21+08:00,酷狗音乐,热歌榜,酷狗TOP500,2026-08-20,37,坏女孩,徐良、小凌,,4:07,9365223F903B13D0DAF54B6091AC3E7B,511536,https://www.kugou.com/yy/rank/home/2-8888.html?from=rank
2026-08-20,2026-08-20T11:28:21+08:00,酷狗音乐,热歌榜,酷狗TOP500,2026-08-20,38,知了,陈默之,,3:52,FE6608CE529684B94CBA506E2B0C7BB6,91222498,https://www.kugou.com/yy/rank/home/2-8888.html?from=rank
2026-08-20,2026-08-20T11:28:21+08:00,酷狗音乐,热歌榜,酷狗TOP500,2026-08-20,39,街角的晚风 (烟嗓R&B版),落日微醺,,3:56,D636D97870D4098ACD3C317BFFDA03D9,196517616,https://www.kugou.com/yy/rank/home/2-8888.html?from=rank
2026-08-20,2026-08-20T11:28:21+08:00,酷狗音乐,热歌榜,酷狗TOP500,2026-08-20,40,爸爸妈妈,乡野低频,,3:00,C1EF0C54DA1572E05167633D8A267E0E,202573533,https://www.kugou.com/yy/rank/home/2-8888.html?from=rank
2026-08-20,2026-08-20T11:28:21+08:00,酷狗音乐,热歌榜,酷狗TOP500,2026-08-20,41,落日微醺 (晚风中一杯酒),落日微醺,,4:14,CB22754AB8A0F20FCC015D0A800758CE,196517740,https://www.kugou.com/yy/rank/home/2-8888.html?from=rank
2026-08-20,2026-08-20T11:28:21+08:00,酷狗音乐,热歌榜,酷狗TOP500,2026-08-20,42,下完这场雨,后弦,,4:31,2EEFFF98A4F19D945BBA7C78FB2079C0,1964990,https://www.kugou.com/yy/rank/home/2-8888.html?from=rank
2026-08-20,2026-08-20T11:28:21+08:00,酷狗音乐,热歌榜,酷狗TOP500,2026-08-20,43,一城山水,Lunhui轮回,,4:24,C965FA5DFDC0E816D2869FEB68BE008F,36621482,https://www.kugou.com/yy/rank/home/2-8888.html?from=rank
2026-08-20,2026-08-20T11:28:21+08:00,酷狗音乐,热歌榜,酷狗TOP500,2026-08-20,44,分手快乐,梁静茹,,4:36,63350019F601826BF16A82F4B454CD21,973299,https://www.kugou.com/yy/rank/home/2-8888.html?from=rank
2026-08-20,2026-08-20T11:28:21+08:00,酷狗音乐,热歌榜,酷狗TOP500,2026-08-20,45,若不是因为你 (深情版),林栖,,4:13,6CCB2559DE8FC8965E98F641C4C33B6A,176013962,https://www.kugou.com/yy/rank/home/3-8888.html?from=rank
2026-08-20,2026-08-20T11:28:21+08:00,酷狗音乐,热歌榜,酷狗TOP500,2026-08-20,46,我怀念的,孙燕姿,,4:49,1A3CAACB1E361DAF217A2383E9C8E292,984086,https://www.kugou.com/yy/rank/home/3-8888.html?from=rank
2026-08-20,2026-08-20T11:28:21+08:00,酷狗音乐,热歌榜,酷狗TOP500,2026-08-20,47,亲爱的你啊,任素汐,,3:56,C42C2C5C7A68CDAFBF543F29AF883B1D,144348541,https://www.kugou.com/yy/rank/home/3-8888.html?from=rank
2026-08-20,2026-08-20T11:28:21+08:00,酷狗音乐,热歌榜,酷狗TOP500,2026-08-20,48,开始懂了,孙燕姿,,4:32,93F260998A10F4AD6B46606AF5C8EC72,972102,https://www.kugou.com/yy/rank/home/3-8888.html?from=rank
2026-08-20,2026-08-20T11:28:21+08:00,酷狗音乐,热歌榜,酷狗TOP500,2026-08-20,49,野心家,张靓颖,,4:43,1789AD88CFDD254910125F22494C0E8B,161637189,https://www.kugou.com/yy/rank/home/3-8888.html?from=rank
2026-08-20,2026-08-20T11:28:21+08:00,酷狗音乐,热歌榜,酷狗TOP500,2026-08-20,50,离开我的依赖,王艳薇,,3:54,A9C377CC1B9931F0CE81907E23E4D588,36181053,https://www.kugou.com/yy/rank/home/3-8888.html?from=rank
2026-08-20,2026-08-20T11:28:21+08:00,酷狗音乐,热歌榜,酷狗TOP500,2026-08-20,51,想你爱你在梦里,陈雅森,,3:59,521966C98C1D1B6503453A80179ABC80,203095846,https://www.kugou.com/yy/rank/home/3-8888.html?from=rank
2026-08-20,2026-08-20T11:28:21+08:00,酷狗音乐,热歌榜,酷狗TOP500,2026-08-20,52,来不及爱你,h3R3刘清云,,3:25,E3ED52965CEE83A40D73C5FB1DA7FF62,76488384,https://www.kugou.com/yy/rank/home/3-8888.html?from=rank
2026-08-20,2026-08-20T11:28:21+08:00,酷狗音乐,热歌榜,酷狗TOP500,2026-08-20,53,演员,薛之谦,,4:21,097E777171F692855EAE98B6965F9477,14456909,https://www.kugou.com/yy/rank/home/3-8888.html?from=rank
2026-08-20,2026-08-20T11:28:21+08:00,酷狗音乐,热歌榜,酷狗TOP500,2026-08-20,54,茶花开了，该回家了,王睿卓、加木,,3:10,99F0F17B7C6F110346411E7AD552156D,133732298,https://www.kugou.com/yy/rank/home/3-8888.html?from=rank
2026-08-20,2026-08-20T11:28:21+08:00,酷狗音乐,热歌榜,酷狗TOP500,2026-08-20,55,唯一,G.E.M. 邓紫棋,,4:14,AB05B8F658851282DCB2CBAD548AEB9B,82564821,https://www.kugou.com/yy/rank/home/3-8888.html?from=rank
2026-08-20,2026-08-20T11:28:21+08:00,酷狗音乐,热歌榜,酷狗TOP500,2026-08-20,56,特别的人,方大同,,4:19,0F7A79ADAAEEB6EA1DA3E19DD637FD73,965097,https://www.kugou.com/yy/rank/home/3-8888.html?from=rank
2026-08-20,2026-08-20T11:28:21+08:00,酷狗音乐,热歌榜,酷狗TOP500,2026-08-20,57,最佳损友,陈奕迅,,3:54,CBFA7DDE592B23322E21E4BDAA9BE9F9,964332,https://www.kugou.com/yy/rank/home/3-8888.html?from=rank
2026-08-20,2026-08-20T11:28:21+08:00,酷狗音乐,热歌榜,酷狗TOP500,2026-08-20,58,那时雨,徐良,,3:34,CE76C60251F6193BC5BBA5B46B977747,16900987,https://www.kugou.com/yy/rank/home/3-8888.html?from=rank
2026-08-20,2026-08-20T11:28:21+08:00,酷狗音乐,热歌榜,酷狗TOP500,2026-08-20,59,红尘客栈,周杰伦,,4:34,48729371F20FB048EF4E51D4CD41DBF5,982051,https://www.kugou.com/yy/rank/home/3-8888.html?from=rank
2026-08-20,2026-08-20T11:28:21+08:00,酷狗音乐,热歌榜,酷狗TOP500,2026-08-20,60,街角的晚风,陈小春,,4:00,18B89D66950B7856EABB131BB6273F6E,169830039,https://www.kugou.com/yy/rank/home/3-8888.html?from=rank
2026-08-20,2026-08-20T11:28:21+08:00,酷狗音乐,热歌榜,酷狗TOP500,2026-08-20,61,富士山下,陈奕迅,,4:19,0433F1A94FA162B20FB8AE576A951D6B,976404,https://www.kugou.com/yy/rank/home/3-8888.html?from=rank
2026-08-20,2026-08-20T11:28:21+08:00,酷狗音乐,热歌榜,酷狗TOP500,2026-08-20,62,只对你有感觉,飞轮海、田馥甄,,3:59,E400C3F475001BA5B0F197F2E1923F47,556347,https://www.kugou.com/yy/rank/home/3-8888.html?from=rank
2026-08-20,2026-08-20T11:28:21+08:00,酷狗音乐,热歌榜,酷狗TOP500,2026-08-20,63,爱错,王力宏,,3:59,8E021794DFD02C48D2C6281A55BCBDC6,2996462,https://www.kugou.com/yy/rank/home/3-8888.html?from=rank
2026-08-20,2026-08-20T11:28:21+08:00,酷狗音乐,热歌榜,酷狗TOP500,2026-08-20,64,千千阕歌,陈慧娴,,5:01,81E5A1C3B9E016D61FE91B809B4A7DC1,971621,https://www.kugou.com/yy/rank/home/3-8888.html?from=rank
2026-08-20,2026-08-20T11:28:21+08:00,酷狗音乐,热歌榜,酷狗TOP500,2026-08-20,65,半壶纱,刘珂矣,,3:41,951AB088C5A08F491471A1296DF93707,948327,https://www.kugou.com/yy/rank/home/3-8888.html?from=rank
2026-08-20,2026-08-20T11:28:21+08:00,酷狗音乐,热歌榜,酷狗TOP500,2026-08-20,66,十年,陈奕迅,,3:25,5146461A5717B942F4B13125978618E3,504194,https://www.kugou.com/yy/rank/home/3-8888.html?from=rank
2026-08-20,2026-08-20T11:28:21+08:00,酷狗音乐,热歌榜,酷狗TOP500,2026-08-20,67,告白气球,周杰伦,,3:36,688857974673645CE89EDA26A36DB19D,1645030,https://www.kugou.com/yy/rank/home/4-8888.html?from=rank
2026-08-20,2026-08-20T11:28:21+08:00,酷狗音乐,热歌榜,酷狗TOP500,2026-08-20,68,我借 (御姐版),铁锤夫妇,,4:07,EC2F26754FED82D125388E7B27D536AA,197901242,https://www.kugou.com/yy/rank/home/4-8888.html?from=rank
2026-08-20,2026-08-20T11:28:21+08:00,酷狗音乐,热歌榜,酷狗TOP500,2026-08-20,69,谁 (男女扎心合唱),梨子芥菜、戚悦,,3:58,38DAABE4EEA0ADDC04897AC14E15B54E,185936379,https://www.kugou.com/yy/rank/home/4-8888.html?from=rank
2026-08-20,2026-08-20T11:28:21+08:00,酷狗音乐,热歌榜,酷狗TOP500,2026-08-20,70,我不该动情,老板,,3:57,DFA780605FE78F1572761712931024A7,197593768,https://www.kugou.com/yy/rank/home/4-8888.html?from=rank
2026-08-20,2026-08-20T11:28:21+08:00,酷狗音乐,热歌榜,酷狗TOP500,2026-08-20,71,后来,刘若英,,5:38,C4904D4E3BBA872D41D3BDBF597E2B18,16562,https://www.kugou.com/yy/rank/home/4-8888.html?from=rank
2026-08-20,2026-08-20T11:28:21+08:00,酷狗音乐,热歌榜,酷狗TOP500,2026-08-20,72,青花瓷,周杰伦,,3:59,37A8F50A9EC3B267C3CC6BEC633D9C4A,979856,https://www.kugou.com/yy/rank/home/4-8888.html?from=rank
2026-08-20,2026-08-20T11:28:21+08:00,酷狗音乐,热歌榜,酷狗TOP500,2026-08-20,73,红色高跟鞋,蔡健雅,,3:27,055A804B8A3CCC05240D08F8FF1F7DE8,978459,https://www.kugou.com/yy/rank/home/4-8888.html?from=rank
2026-08-20,2026-08-20T11:28:21+08:00,酷狗音乐,热歌榜,酷狗TOP500,2026-08-20,74,青花,周传雄,,4:58,09B46455BAE7C613ABD0DB362A5DDBDE,960448,https://www.kugou.com/yy/rank/home/4-8888.html?from=rank
2026-08-20,2026-08-20T11:28:21+08:00,酷狗音乐,热歌榜,酷狗TOP500,2026-08-20,75,其实,薛之谦,,4:02,2A8911EAD4838BF967CF5A300D787E53,960327,https://www.kugou.com/yy/rank/home/4-8888.html?from=rank
2026-08-20,2026-08-20T11:28:21+08:00,酷狗音乐,热歌榜,酷狗TOP500,2026-08-20,76,有风的日落,万海东,,3:49,94774F06E73EF9ABD739423E1A414593,181906094,https://www.kugou.com/yy/rank/home/4-8888.html?from=rank
2026-08-20,2026-08-20T11:28:21+08:00,酷狗音乐,热歌榜,酷狗TOP500,2026-08-20,77,童话,光良,,4:04,472FF9D57BCE90288EC88CBE100BCB2A,974097,https://www.kugou.com/yy/rank/home/4-8888.html?from=rank
2026-08-20,2026-08-20T11:28:21+08:00,酷狗音乐,热歌榜,酷狗TOP500,2026-08-20,78,Fever Pitch,Richz,,2:15,594B915AEEDA7DA8F5BD70B63EA76EAD,180499937,https://www.kugou.com/yy/rank/home/4-8888.html?from=rank
2026-08-20,2026-08-20T11:28:21+08:00,酷狗音乐,热歌榜,酷狗TOP500,2026-08-20,79,海阔天空,BEYOND,,5:25,C41E80A18D1448FA47086372999C7F43,973001,https://www.kugou.com/yy/rank/home/4-8888.html?from=rank
2026-08-20,2026-08-20T11:28:21+08:00,酷狗音乐,热歌榜,酷狗TOP500,2026-08-20,80,遇见,孙燕姿,,3:31,9F865C787E90E013B2BC847BAAA306AA,964325,https://www.kugou.com/yy/rank/home/4-8888.html?from=rank
2026-08-20,2026-08-20T11:28:21+08:00,酷狗音乐,热歌榜,酷狗TOP500,2026-08-20,81,一直很安静,阿桑,,4:10,44816EF0288A3B1ED2C4A5C5FE6B93B3,972917,https://www.kugou.com/yy/rank/home/4-8888.html?from=rank
2026-08-20,2026-08-20T11:28:21+08:00,酷狗音乐,热歌榜,酷狗TOP500,2026-08-20,82,ありがとう… (谢谢…),KOKIA,,4:09,E9A08A98614DD992F11A68A5E5F1C79F,1491689,https://www.kugou.com/yy/rank/home/4-8888.html?from=rank
2026-08-20,2026-08-20T11:28:21+08:00,酷狗音乐,热歌榜,酷狗TOP500,2026-08-20,83,心墙,郭静,,3:47,97870F3D4B01A7822DC497C6127EA66D,968033,https://www.kugou.com/yy/rank/home/4-8888.html?from=rank
2026-08-20,2026-08-20T11:28:21+08:00,酷狗音乐,热歌榜,酷狗TOP500,2026-08-20,84,抽离,徐良、刘丹萌,,4:18,37A9C74C33A9FAEFF672CFDF4C699581,547514,https://www.kugou.com/yy/rank/home/4-8888.html?from=rank
2026-08-20,2026-08-20T11:28:21+08:00,酷狗音乐,热歌榜,酷狗TOP500,2026-08-20,85,雪下的时候,乔佳旭,,4:24,F6B3AA5971A01E755A344C2256606418,35913748,https://www.kugou.com/yy/rank/home/4-8888.html?from=rank
2026-08-20,2026-08-20T11:28:21+08:00,酷狗音乐,热歌榜,酷狗TOP500,2026-08-20,86,稻香,周杰伦,,3:44,8909E1809908CD8E3BF6CF85D98B93F0,960399,https://www.kugou.com/yy/rank/home/4-8888.html?from=rank
2026-08-20,2026-08-20T11:28:21+08:00,酷狗音乐,热歌榜,酷狗TOP500,2026-08-20,87,光辉岁月,BEYOND,,5:04,BBFE9596615ADE83FF6B117831C45E4D,960181,https://www.kugou.com/yy/rank/home/4-8888.html?from=rank
2026-08-20,2026-08-20T11:28:21+08:00,酷狗音乐,热歌榜,酷狗TOP500,2026-08-20,88,没有情人的情人节,孟庭苇,,4:16,E3C6C0018C84404EE3C78ECC31C4BA90,970398,https://www.kugou.com/yy/rank/home/4-8888.html?from=rank
2026-08-20,2026-08-20T11:28:21+08:00,酷狗音乐,热歌榜,酷狗TOP500,2026-08-20,89,第57次取消发送,菲菲公主（陆绮菲）,,3:01,F17C489C53382E608F9CBB3ED9F6D2AA,137397074,https://www.kugou.com/yy/rank/home/5-8888.html?from=rank
2026-08-20,2026-08-20T11:28:21+08:00,酷狗音乐,热歌榜,酷狗TOP500,2026-08-20,90,踏马寻花向自由 (低音版),DJ铁柱,,2:58,0E38423B5CF278ADB8E359692609EAF7,201099960,https://www.kugou.com/yy/rank/home/5-8888.html?from=rank
2026-08-20,2026-08-20T11:28:21+08:00,酷狗音乐,热歌榜,酷狗TOP500,2026-08-20,91,บักคนซั่ว (坏家伙),ทิดแอม,,4:35,438C8E10A7947E197411BA14810091C1,99159069,https://www.kugou.com/yy/rank/home/5-8888.html?from=rank
2026-08-20,2026-08-20T11:28:21+08:00,酷狗音乐,热歌榜,酷狗TOP500,2026-08-20,92,带我走,杨丞琳,,4:50,0C57DE35C3CB2A32A8CF634E4F8309C4,975441,https://www.kugou.com/yy/rank/home/5-8888.html?from=rank
2026-08-20,2026-08-20T11:28:21+08:00,酷狗音乐,热歌榜,酷狗TOP500,2026-08-20,93,今生劫换来生缘 (花开又花谢花满天),黄静美,,2:32,0EC832D2791A7AD5F6B76135F2D2313E,202565327,https://www.kugou.com/yy/rank/home/5-8888.html?from=rank
2026-08-20,2026-08-20T11:28:21+08:00,酷狗音乐,热歌榜,酷狗TOP500,2026-08-20,94,忘情牛肉面,马健涛,,3:02,E9E3E3F40397839A715537F5AA5C93CE,32988895,https://www.kugou.com/yy/rank/home/5-8888.html?from=rank
2026-08-20,2026-08-20T11:28:21+08:00,酷狗音乐,热歌榜,酷狗TOP500,2026-08-20,95,勇气,梁静茹,,3:59,A4D0C350CF4475BFBB0AB28DC6E25A8D,973299,https://www.kugou.com/yy/rank/home/5-8888.html?from=rank
2026-08-20,2026-08-20T11:28:21+08:00,酷狗音乐,热歌榜,酷狗TOP500,2026-08-20,96,RUN IT,梓渝,,3:17,3DC194646FD5CB2B429016D3AA928699,202160233,https://www.kugou.com/yy/rank/home/5-8888.html?from=rank
2026-08-20,2026-08-20T11:28:21+08:00,酷狗音乐,热歌榜,酷狗TOP500,2026-08-20,97,北方的后海没有海 (r&b微醺版),落日微醺,,3:26,DB3D10DE8DF3C5188EC036A9724F9418,196519034,https://www.kugou.com/yy/rank/home/5-8888.html?from=rank
2026-08-20,2026-08-20T11:28:21+08:00,酷狗音乐,热歌榜,酷狗TOP500,2026-08-20,98,Angel,尹美莱、Tiger JK、Bizzy,,4:15,157D75DA9A1B5B4FED6C529C2B1C2452,964390,https://www.kugou.com/yy/rank/home/5-8888.html?from=rank
2026-08-20,2026-08-20T11:28:21+08:00,酷狗音乐,热歌榜,酷狗TOP500,2026-08-20,99,讨厌,芮恩,,4:18,C88A8D3EF16E2C4E944B947E0F56A7AD,2996887,https://www.kugou.com/yy/rank/home/5-8888.html?from=rank
2026-08-20,2026-08-20T11:28:21+08:00,酷狗音乐,热歌榜,酷狗TOP500,2026-08-20,100,如愿,王菲,,4:25,EC1A18BBD6B61CB203E656B91F5CF2D1,49057589,https://www.kugou.com/yy/rank/home/5-8888.html?from=rank
2026-08-20,2026-08-20T11:28:21+08:00,酷狗音乐,热歌榜,酷狗TOP500,2026-08-20,101,哼着你爱听的歌,杨小壮,,3:21,BAF3B2A7AC043CDB154EBAFD69A6C76A,104507270,https://www.kugou.com/yy/rank/home/5-8888.html?from=rank
2026-08-20,2026-08-20T11:28:21+08:00,酷狗音乐,热歌榜,酷狗TOP500,2026-08-20,102,我们俩,郭顶,,3:14,DD4D224BC3DBFD1A0F6E338928620E69,979601,https://www.kugou.com/yy/rank/home/5-8888.html?from=rank
2026-08-20,2026-08-20T11:28:21+08:00,酷狗音乐,热歌榜,酷狗TOP500,2026-08-20,103,说了再见,周杰伦,,4:43,966C718DA96EE29B3B466F773BFA9E2F,958812,https://www.kugou.com/yy/rank/home/5-8888.html?from=rank
2026-08-20,2026-08-20T11:28:21+08:00,酷狗音乐,热歌榜,酷狗TOP500,2026-08-20,104,山歌追上云朵,央金拉姆,,3:35,B81F368C6B44B98B0E2B4E9F417F1002,193932928,https://www.kugou.com/yy/rank/home/5-8888.html?from=rank
2026-08-20,2026-08-20T11:28:21+08:00,酷狗音乐,热歌榜,酷狗TOP500,2026-08-20,105,江南,林俊杰,,4:28,B83DBB8E3DD3FCF86BF32690B91547F5,969588,https://www.kugou.com/yy/rank/home/5-8888.html?from=rank
2026-08-20,2026-08-20T11:28:21+08:00,酷狗音乐,热歌榜,酷狗TOP500,2026-08-20,106,空心 (Live),黄霄雲、刘端端,,4:55,6F74F7B3D9B87CA771573ABD27B2A820,199810791,https://www.kugou.com/yy/rank/home/5-8888.html?from=rank
2026-08-20,2026-08-20T11:28:21+08:00,酷狗音乐,热歌榜,酷狗TOP500,2026-08-20,107,搁浅,周杰伦,,4:00,8141FAA45AAD5BCFF5FF9873B89709E3,971783,https://www.kugou.com/yy/rank/home/5-8888.html?from=rank
2026-08-20,2026-08-20T11:28:21+08:00,酷狗音乐,热歌榜,酷狗TOP500,2026-08-20,108,无人之岛,任然,,4:45,8E568D8806F771607104D8BF9695ACE0,2916172,https://www.kugou.com/yy/rank/home/5-8888.html?from=rank
2026-08-20,2026-08-20T11:28:21+08:00,酷狗音乐,热歌榜,酷狗TOP500,2026-08-20,109,有些,颜人中,,3:49,D79E556C176AE1A3ADE8B532810C4CE8,34604592,https://www.kugou.com/yy/rank/home/5-8888.html?from=rank
2026-08-20,2026-08-20T11:28:21+08:00,酷狗音乐,热歌榜,酷狗TOP500,2026-08-20,110,Always Online,林俊杰,,3:45,16A4E4895905B703AC0F31007A495D4C,963179,https://www.kugou.com/yy/rank/home/5-8888.html?from=rank
2026-08-20,2026-08-20T11:28:21+08:00,酷狗音乐,热歌榜,酷狗TOP500,2026-08-20,111,玻璃,Gareth.T,,3:05,ED0ED6B17B6C29695E97F5CC945C7901,191663409,https://www.kugou.com/yy/rank/home/6-8888.html?from=rank
2026-08-20,2026-08-20T11:28:21+08:00,酷狗音乐,热歌榜,酷狗TOP500,2026-08-20,112,会呼吸的痛,梁静茹,,4:32,1EB00DC46AE8E1446B6A9860A56487AC,500574,https://www.kugou.com/yy/rank/home/6-8888.html?from=rank
2026-08-20,2026-08-20T11:28:21+08:00,酷狗音乐,热歌榜,酷狗TOP500,2026-08-20,113,认真的雪,薛之谦,,4:19,D2E00CC158DB4DA18927AC3B01CC371B,2689239,https://www.kugou.com/yy/rank/home/6-8888.html?from=rank
2026-08-20,2026-08-20T11:28:21+08:00,酷狗音乐,热歌榜,酷狗TOP500,2026-08-20,114,金达莱花 (猛Remix),猛弟/邹子寒,,2:18,E93CB193E4133C79EA9BCC9F852375AD,201184757,https://www.kugou.com/yy/rank/home/6-8888.html?from=rank
2026-08-20,2026-08-20T11:28:21+08:00,酷狗音乐,热歌榜,酷狗TOP500,2026-08-20,115,枪火 (相对那就针锋相对),宝石Gem,,3:18,76923758046CB591DC9556D1FB69D976,154798334,https://www.kugou.com/yy/rank/home/6-8888.html?from=rank
2026-08-20,2026-08-20T11:28:21+08:00,酷狗音乐,热歌榜,酷狗TOP500,2026-08-20,116,晚风告白,黄星、邱鼎杰,,3:57,485A75C6874017D615EE0572F519F2EE,204016055,https://www.kugou.com/yy/rank/home/6-8888.html?from=rank
2026-08-20,2026-08-20T11:28:21+08:00,酷狗音乐,热歌榜,酷狗TOP500,2026-08-20,117,背对背拥抱,林俊杰,,3:55,D3CB60981A747455AE3142C25809051E,975828,https://www.kugou.com/yy/rank/home/6-8888.html?from=rank
2026-08-20,2026-08-20T11:28:21+08:00,酷狗音乐,热歌榜,酷狗TOP500,2026-08-20,118,那个坏小子 (บักคนซั่ว),ทิดแอม,,2:31,BCBC6D081482F9BC0B049255D45F0D71,201362051,https://www.kugou.com/yy/rank/home/6-8888.html?from=rank
2026-08-20,2026-08-20T11:28:21+08:00,酷狗音乐,热歌榜,酷狗TOP500,2026-08-20,119,爱情讯息,郭静,,4:41,D8E857250D8EEA9C5FAFDAF7857640A5,971139,https://www.kugou.com/yy/rank/home/6-8888.html?from=rank
2026-08-20,2026-08-20T11:28:21+08:00,酷狗音乐,热歌榜,酷狗TOP500,2026-08-20,120,体面,于文文,,4:43,B0927C5353E9DD8BD72242BB730DAFF4,8149034,https://www.kugou.com/yy/rank/home/6-8888.html?from=rank
2026-08-20,2026-08-20T11:28:21+08:00,酷狗音乐,热歌榜,酷狗TOP500,2026-08-20,121,比石头还硬的心,高冷,,3:40,EB25D70A5D8DFD50F479ADE68C77DB70,191837924,https://www.kugou.com/yy/rank/home/6-8888.html?from=rank
2026-08-20,2026-08-20T11:28:21+08:00,酷狗音乐,热歌榜,酷狗TOP500,2026-08-20,122,冷夜,陈默之,,4:07,DC939521FA5F5736A33765D56B90E03C,84595635,https://www.kugou.com/yy/rank/home/6-8888.html?from=rank
2026-08-20,2026-08-20T11:28:21+08:00,酷狗音乐,热歌榜,酷狗TOP500,2026-08-20,123,退后,周杰伦,,4:22,5971DE0B235D5B2708D6A6FEB3D31B6F,965291,https://www.kugou.com/yy/rank/home/6-8888.html?from=rank
2026-08-20,2026-08-20T11:28:21+08:00,酷狗音乐,热歌榜,酷狗TOP500,2026-08-20,124,猜不透,丁当,,3:53,B1B4CC4F4E90134603CE66CBCF8FA73B,973244,https://www.kugou.com/yy/rank/home/6-8888.html?from=rank
2026-08-20,2026-08-20T11:28:21+08:00,酷狗音乐,热歌榜,酷狗TOP500,2026-08-20,125,Love Me,JMSN,,4:33,C8A0559F862B815E8B4D135228944D4D,76048254,https://www.kugou.com/yy/rank/home/6-8888.html?from=rank
2026-08-20,2026-08-20T11:28:21+08:00,酷狗音乐,热歌榜,酷狗TOP500,2026-08-20,126,戒烟,李荣浩,,4:54,AF36A623D725B98893DAEFDF8010F22E,49390931,https://www.kugou.com/yy/rank/home/6-8888.html?from=rank
2026-08-20,2026-08-20T11:28:21+08:00,酷狗音乐,热歌榜,酷狗TOP500,2026-08-20,127,过火,张信哲,,5:02,E34CBC6EBE64B9EE9ADB5C46E2178A84,982639,https://www.kugou.com/yy/rank/home/6-8888.html?from=rank
2026-08-20,2026-08-20T11:28:21+08:00,酷狗音乐,热歌榜,酷狗TOP500,2026-08-20,128,我好像在哪见过你,薛之谦,,4:39,6A350E487263733359E7F2B64BD974AC,1747549,https://www.kugou.com/yy/rank/home/6-8888.html?from=rank
2026-08-20,2026-08-20T11:28:21+08:00,酷狗音乐,热歌榜,酷狗TOP500,2026-08-20,129,动了情的人如此难忘 (我还在傻傻盼你回头望),玲妹儿,,3:16,CCD901B4E9C49436442057979F7C7035,203226535,https://www.kugou.com/yy/rank/home/6-8888.html?from=rank
2026-08-20,2026-08-20T11:28:21+08:00,酷狗音乐,热歌榜,酷狗TOP500,2026-08-20,130,七里香,周杰伦,,4:59,9218D81686C6AC681BC7CA621958AD6D,971783,https://www.kugou.com/yy/rank/home/6-8888.html?from=rank
2026-08-20,2026-08-20T11:28:21+08:00,酷狗音乐,热歌榜,酷狗TOP500,2026-08-20,131,茶花开了,王睿卓,,4:30,007A7A8EAFA3FF9EA51EF6A767AC3497,130468077,https://www.kugou.com/yy/rank/home/6-8888.html?from=rank
2026-08-20,2026-08-20T11:28:21+08:00,酷狗音乐,热歌榜,酷狗TOP500,2026-08-20,132,后会无期,汪苏泷、徐良,,3:32,5F86140467A73FBF9C4F339F7B9AFC2C,511536,https://www.kugou.com/yy/rank/home/6-8888.html?from=rank
2026-08-20,2026-08-20T11:28:21+08:00,酷狗音乐,热歌榜,酷狗TOP500,2026-08-20,133,秋天不回来,王强,,4:14,81056FF4FC4F2D0A0E9B38757A60D2F7,81746524,https://www.kugou.com/yy/rank/home/7-8888.html?from=rank
2026-08-20,2026-08-20T11:28:21+08:00,酷狗音乐,热歌榜,酷狗TOP500,2026-08-20,134,奢香夫人,凤凰传奇,,4:20,478C572FC9E2E15777A41260DEE293A0,984412,https://www.kugou.com/yy/rank/home/7-8888.html?from=rank
2026-08-20,2026-08-20T11:28:21+08:00,酷狗音乐,热歌榜,酷狗TOP500,2026-08-20,135,一路向北,周杰伦,,4:54,F73F22FB046CA1A135C70417163AF82E,1739223,https://www.kugou.com/yy/rank/home/7-8888.html?from=rank
2026-08-20,2026-08-20T11:28:21+08:00,酷狗音乐,热歌榜,酷狗TOP500,2026-08-20,136,至少还有你,林忆莲,,4:35,BA9D67DAB59FA6DCE243F4B6B70ACA95,967340,https://www.kugou.com/yy/rank/home/7-8888.html?from=rank
2026-08-20,2026-08-20T11:28:21+08:00,酷狗音乐,热歌榜,酷狗TOP500,2026-08-20,137,春庭雪 (r&b微醺版),落日微醺,,3:44,34F0A836850778DA37190AA74ED2A06E,195834505,https://www.kugou.com/yy/rank/home/7-8888.html?from=rank
2026-08-20,2026-08-20T11:28:21+08:00,酷狗音乐,热歌榜,酷狗TOP500,2026-08-20,138,冲动的惩罚,刀郎,,7:54,84073718AE6A82366444C3B5AE526FAC,964521,https://www.kugou.com/yy/rank/home/7-8888.html?from=rank
2026-08-20,2026-08-20T11:28:21+08:00,酷狗音乐,热歌榜,酷狗TOP500,2026-08-20,139,一场游戏一场梦,王杰,,4:17,55340B431243FF5F112527EFC0591232,7547885,https://www.kugou.com/yy/rank/home/7-8888.html?from=rank
2026-08-20,2026-08-20T11:28:21+08:00,酷狗音乐,热歌榜,酷狗TOP500,2026-08-20,140,我知道,BY2,,4:10,38CB283F880797F94A80968E682191E2,530437,https://www.kugou.com/yy/rank/home/7-8888.html?from=rank
2026-08-20,2026-08-20T11:28:21+08:00,酷狗音乐,热歌榜,酷狗TOP500,2026-08-20,141,我在月光下许过情真 (微醺版),苏晚星,,4:01,90D5CE02942E4B72FD20129E72A3DEA3,192801861,https://www.kugou.com/yy/rank/home/7-8888.html?from=rank
2026-08-20,2026-08-20T11:28:21+08:00,酷狗音乐,热歌榜,酷狗TOP500,2026-08-20,142,舍得,王唯旖,,4:22,62C406C76F45C3EF39F451F2C4F22D95,1944276,https://www.kugou.com/yy/rank/home/7-8888.html?from=rank
2026-08-20,2026-08-20T11:28:21+08:00,酷狗音乐,热歌榜,酷狗TOP500,2026-08-20,143,多远都要在一起,G.E.M. 邓紫棋,,3:38,768F6FA531A3D883BE3F6C91AAF60612,555825,https://www.kugou.com/yy/rank/home/7-8888.html?from=rank
2026-08-20,2026-08-20T11:28:21+08:00,酷狗音乐,热歌榜,酷狗TOP500,2026-08-20,144,素颜,许嵩、何曼婷,,3:59,30C94AE2868E63B1058DA7685E0CDF3B,13264539,https://www.kugou.com/yy/rank/home/7-8888.html?from=rank
2026-08-20,2026-08-20T11:28:21+08:00,酷狗音乐,热歌榜,酷狗TOP500,2026-08-20,145,半点心,草蜢,,3:52,6DF94BFD206BB819120C0D021B93EDBC,564642,https://www.kugou.com/yy/rank/home/7-8888.html?from=rank
2026-08-20,2026-08-20T11:28:21+08:00,酷狗音乐,热歌榜,酷狗TOP500,2026-08-20,146,泡沫 (G.E.M.重生版),G.E.M. 邓紫棋,,4:18,53F2510610AC38F0C15F73B2605E5CEE,150256944,https://www.kugou.com/yy/rank/home/7-8888.html?from=rank
2026-08-20,2026-08-20T11:28:21+08:00,酷狗音乐,热歌榜,酷狗TOP500,2026-08-20,147,夜曲,周杰伦,,3:47,16C8AB298231370293D16BCF9E5FF9B6,958909,https://www.kugou.com/yy/rank/home/7-8888.html?from=rank
2026-08-20,2026-08-20T11:28:21+08:00,酷狗音乐,热歌榜,酷狗TOP500,2026-08-20,148,讲不出再见,谭咏麟,,4:54,2E0BFDC7BA2F759B0208A58CB2C26523,2337635,https://www.kugou.com/yy/rank/home/7-8888.html?from=rank
2026-08-20,2026-08-20T11:28:21+08:00,酷狗音乐,热歌榜,酷狗TOP500,2026-08-20,149,给我一个理由忘记 (Live),丁当、侯明昊,,4:36,D195F74E418D87284BAB6CBFD6C2E427,203565305,https://www.kugou.com/yy/rank/home/7-8888.html?from=rank
2026-08-20,2026-08-20T11:28:21+08:00,酷狗音乐,热歌榜,酷狗TOP500,2026-08-20,150,兰亭序,周杰伦,,4:14,4EC10B1B7B9BEB2F0ADB89BBEC5F664B,960399,https://www.kugou.com/yy/rank/home/7-8888.html?from=rank
2026-08-20,2026-08-20T11:28:21+08:00,酷狗音乐,热歌榜,酷狗TOP500,2026-08-20,151,岁月如笔写春秋,郭少杰,,4:11,6FCF099C6A88F85FC8417AFD452D54FD,190046745,https://www.kugou.com/yy/rank/home/7-8888.html?from=rank
2026-08-20,2026-08-20T11:28:21+08:00,酷狗音乐,热歌榜,酷狗TOP500,2026-08-20,152,空心,光泽,,4:39,4465EE613CC3CF7DCF9448F8ACFED1CA,4141939,https://www.kugou.com/yy/rank/home/7-8888.html?from=rank
2026-08-20,2026-08-20T11:28:21+08:00,酷狗音乐,热歌榜,酷狗TOP500,2026-08-20,153,再见太难,利得汇,,4:48,AFAA7ACF75FCF8DAC78C0AF7C40D3E9D,2996827,https://www.kugou.com/yy/rank/home/7-8888.html?from=rank
2026-08-20,2026-08-20T11:28:21+08:00,酷狗音乐,热歌榜,酷狗TOP500,2026-08-20,154,春娇与志明,街道办GDC、欧阳耀莹,,3:24,E84947402A5E0952FA067566C10264CB,8543461,https://www.kugou.com/yy/rank/home/7-8888.html?from=rank
2026-08-20,2026-08-20T11:28:21+08:00,酷狗音乐,热歌榜,酷狗TOP500,2026-08-20,155,出现又离开 (Live),梁博,,6:43,DEAB3B0160E9A410CE0AAA9ED8AC602E,19284949,https://www.kugou.com/yy/rank/home/8-8888.html?from=rank
2026-08-20,2026-08-20T11:28:21+08:00,酷狗音乐,热歌榜,酷狗TOP500,2026-08-20,156,We Don't Talk Anymore (Mr. Collipark Remix),Charlie Puth、Selena Gomez,,4:14,8F323B0610BE8D862B7CBB41C3398766,1746993,https://www.kugou.com/yy/rank/home/8-8888.html?from=rank
2026-08-20,2026-08-20T11:28:21+08:00,酷狗音乐,热歌榜,酷狗TOP500,2026-08-20,157,可不可以,张紫豪,,4:01,6079A2ACBA5E782FE24695FDFCDB1887,9618875,https://www.kugou.com/yy/rank/home/8-8888.html?from=rank
2026-08-20,2026-08-20T11:28:21+08:00,酷狗音乐,热歌榜,酷狗TOP500,2026-08-20,158,灰色轨迹,BEYOND,,5:28,4476FAA4B6567CCC2292BFBBCA93CB9C,39629213,https://www.kugou.com/yy/rank/home/8-8888.html?from=rank
2026-08-20,2026-08-20T11:28:21+08:00,酷狗音乐,热歌榜,酷狗TOP500,2026-08-20,159,Copines,Aya Nakamura,,2:52,1CDA977A7FC0BCCC23BC7DF4D0194389,39155596,https://www.kugou.com/yy/rank/home/8-8888.html?from=rank
2026-08-20,2026-08-20T11:28:21+08:00,酷狗音乐,热歌榜,酷狗TOP500,2026-08-20,160,求你别离开我 (我不知为何疯狂为你执着),毒药,,5:05,B4263F2CB6A9F13697258291BDDF28EB,203227979,https://www.kugou.com/yy/rank/home/8-8888.html?from=rank
2026-08-20,2026-08-20T11:28:21+08:00,酷狗音乐,热歌榜,酷狗TOP500,2026-08-20,161,人间共鸣,李健,,4:19,C9A5658204BD4E941F3DB2FB132D4968,176253415,https://www.kugou.com/yy/rank/home/8-8888.html?from=rank
2026-08-20,2026-08-20T11:28:21+08:00,酷狗音乐,热歌榜,酷狗TOP500,2026-08-20,162,淘汰,陈奕迅,,4:45,90C64A1FB2F32663FA8037D847AABB57,962514,https://www.kugou.com/yy/rank/home/8-8888.html?from=rank
2026-08-20,2026-08-20T11:28:21+08:00,酷狗音乐,热歌榜,酷狗TOP500,2026-08-20,163,发如雪,周杰伦,,4:59,1F7E7659B9FFF4FB6F71562A61BBC25F,958909,https://www.kugou.com/yy/rank/home/8-8888.html?from=rank
2026-08-20,2026-08-20T11:28:21+08:00,酷狗音乐,热歌榜,酷狗TOP500,2026-08-20,164,成都,赵雷,,5:28,A06B033B356BFC974C5245D0195086A5,1802652,https://www.kugou.com/yy/rank/home/8-8888.html?from=rank
2026-08-20,2026-08-20T11:28:21+08:00,酷狗音乐,热歌榜,酷狗TOP500,2026-08-20,165,Alive,Blue,,3:40,996EE22D2450A7C7528394F7F98432E6,560693,https://www.kugou.com/yy/rank/home/8-8888.html?from=rank
2026-08-20,2026-08-20T11:28:21+08:00,酷狗音乐,热歌榜,酷狗TOP500,2026-08-20,166,你有没有真的爱过我 (对唱版),阿图表妹、寂寞阿图,,4:03,3C425FC4496E67468562CA377D7F2B23,190170015,https://www.kugou.com/yy/rank/home/8-8888.html?from=rank
2026-08-20,2026-08-20T11:28:21+08:00,酷狗音乐,热歌榜,酷狗TOP500,2026-08-20,167,曾经的你,许巍,,4:21,8D27A0FD0D8B6A9059D3FEEC95E2088D,976268,https://www.kugou.com/yy/rank/home/8-8888.html?from=rank
2026-08-20,2026-08-20T11:28:21+08:00,酷狗音乐,热歌榜,酷狗TOP500,2026-08-20,168,不将就,李荣浩,,5:12,E5F0905C662872A9B05A423FD1ED48B5,1004040,https://www.kugou.com/yy/rank/home/8-8888.html?from=rank
2026-08-20,2026-08-20T11:28:21+08:00,酷狗音乐,热歌榜,酷狗TOP500,2026-08-20,169,淋雨的人,阿图表妹,,3:59,EEB3B4F416E4D8777817C79127FCBFFC,183624154,https://www.kugou.com/yy/rank/home/8-8888.html?from=rank
2026-08-20,2026-08-20T11:28:21+08:00,酷狗音乐,热歌榜,酷狗TOP500,2026-08-20,170,落了白,蒋雪儿Snow.J,,3:01,74390D89B6BD2E18CFD7F25968EFD98A,40300587,https://www.kugou.com/yy/rank/home/8-8888.html?from=rank
2026-08-20,2026-08-20T11:28:21+08:00,酷狗音乐,热歌榜,酷狗TOP500,2026-08-20,171,从前说,小阿七,,4:12,56851B29C26109489361B0021A4FDD9E,51858164,https://www.kugou.com/yy/rank/home/8-8888.html?from=rank
2026-08-20,2026-08-20T11:28:21+08:00,酷狗音乐,热歌榜,酷狗TOP500,2026-08-20,172,盗墓笔记·十年人间,李常超（Lao乾妈）,,4:37,ABB695DD3590D5B963B4AA25E362A40B,15117855,https://www.kugou.com/yy/rank/home/8-8888.html?from=rank
2026-08-20,2026-08-20T11:28:21+08:00,酷狗音乐,热歌榜,酷狗TOP500,2026-08-20,173,BiiiG,BIGBANG,,2:44,5B01EAFF3A33F68EEA86A8276FECB6C7,203883863,https://www.kugou.com/yy/rank/home/8-8888.html?from=rank
2026-08-20,2026-08-20T11:28:21+08:00,酷狗音乐,热歌榜,酷狗TOP500,2026-08-20,174,失控,井迪,,4:15,44FE8C442EB1F254D15717F1DC03C9BF,40221609,https://www.kugou.com/yy/rank/home/8-8888.html?from=rank
2026-08-20,2026-08-20T11:28:21+08:00,酷狗音乐,热歌榜,酷狗TOP500,2026-08-20,175,相见恨晚,彭佳慧,,4:15,01214FB85BAF49AB74F10AFA4C363540,977553,https://www.kugou.com/yy/rank/home/8-8888.html?from=rank
2026-08-20,2026-08-20T11:28:21+08:00,酷狗音乐,热歌榜,酷狗TOP500,2026-08-20,176,Fast Cars & Superstars,Cristian Marchi、Reverend Haus,,2:52,9EA177A8A77A9E31B164F6BDA20D4776,81561846,https://www.kugou.com/yy/rank/home/8-8888.html?from=rank
2026-08-20,2026-08-20T11:28:21+08:00,酷狗音乐,热歌榜,酷狗TOP500,2026-08-20,177,叹云兮,鞠婧祎,,4:43,DB94CC1C55558D7ED4B0E402A2DF065D,8700851,https://www.kugou.com/yy/rank/home/9-8888.html?from=rank
2026-08-20,2026-08-20T11:28:21+08:00,酷狗音乐,热歌榜,酷狗TOP500,2026-08-20,178,I Miss You (暗黑Trap版),超级大瓜,,2:56,D04E732B1310DF5536506CEF6826A96A,197475978,https://www.kugou.com/yy/rank/home/9-8888.html?from=rank
2026-08-20,2026-08-20T11:28:21+08:00,酷狗音乐,热歌榜,酷狗TOP500,2026-08-20,179,在你的身边,盛哲,,4:22,38698C9A8BB6637CDDE413C6E210FA54,4128050,https://www.kugou.com/yy/rank/home/9-8888.html?from=rank
2026-08-20,2026-08-20T11:28:21+08:00,酷狗音乐,热歌榜,酷狗TOP500,2026-08-20,180,渐冷 (r&b微醺版),落日微醺,,4:04,3AE15B1422C36C6C0BCE88CFBA92C7DC,195834507,https://www.kugou.com/yy/rank/home/9-8888.html?from=rank
2026-08-20,2026-08-20T11:28:21+08:00,酷狗音乐,热歌榜,酷狗TOP500,2026-08-20,181,记事本,陈慧琳,,4:11,26684870E2CE3936A3D72559F67C0606,2996651,https://www.kugou.com/yy/rank/home/9-8888.html?from=rank
2026-08-20,2026-08-20T11:28:21+08:00,酷狗音乐,热歌榜,酷狗TOP500,2026-08-20,182,甲乙丙丁,七分可可,,3:48,0B96FEEB51604A6904899D0C618F446D,197347781,https://www.kugou.com/yy/rank/home/9-8888.html?from=rank
2026-08-20,2026-08-20T11:28:21+08:00,酷狗音乐,热歌榜,酷狗TOP500,2026-08-20,183,想,朱添泽,,3:55,1AB9EEEB9C77DA33EEF138B7B1E7691A,40646040,https://www.kugou.com/yy/rank/home/9-8888.html?from=rank
2026-08-20,2026-08-20T11:28:21+08:00,酷狗音乐,热歌榜,酷狗TOP500,2026-08-20,184,花海,周杰伦,,4:25,3328808CECBD1A1038166003840FDDD7,960399,https://www.kugou.com/yy/rank/home/9-8888.html?from=rank
2026-08-20,2026-08-20T11:28:21+08:00,酷狗音乐,热歌榜,酷狗TOP500,2026-08-20,185,我是真的爱上你,王杰,,5:03,7C353B672AC945A3FE56022000A239FE,2996801,https://www.kugou.com/yy/rank/home/9-8888.html?from=rank
2026-08-20,2026-08-20T11:28:21+08:00,酷狗音乐,热歌榜,酷狗TOP500,2026-08-20,186,西厢寻他,伯爵Johnny、唐伯虎Annie,,3:44,2B657B5B5D781C1A61D7E0D1F5E2DE22,53205523,https://www.kugou.com/yy/rank/home/9-8888.html?from=rank
2026-08-20,2026-08-20T11:28:21+08:00,酷狗音乐,热歌榜,酷狗TOP500,2026-08-20,187,阳光下的星星,金海心,,4:44,8B60D8B58137C2D256DAA71B9D84C046,1738155,https://www.kugou.com/yy/rank/home/9-8888.html?from=rank
2026-08-20,2026-08-20T11:28:21+08:00,酷狗音乐,热歌榜,酷狗TOP500,2026-08-20,188,爱情转移,陈奕迅,,4:19,A549238FA1B05EABE841DFE110899647,962514,https://www.kugou.com/yy/rank/home/9-8888.html?from=rank
2026-08-20,2026-08-20T11:28:21+08:00,酷狗音乐,热歌榜,酷狗TOP500,2026-08-20,189,老男孩,筷子兄弟,,4:59,EB494F1F9199AA29F66E056F116D2F1C,17165001,https://www.kugou.com/yy/rank/home/9-8888.html?from=rank
2026-08-20,2026-08-20T11:28:21+08:00,酷狗音乐,热歌榜,酷狗TOP500,2026-08-20,190,我在你身后,李飘飘,,3:02,807AA4CA90CE4586D6A4645B97CD9F94,38833495,https://www.kugou.com/yy/rank/home/9-8888.html?from=rank
2026-08-20,2026-08-20T11:28:21+08:00,酷狗音乐,热歌榜,酷狗TOP500,2026-08-20,191,枫,周杰伦,,4:36,0D7E8C11C961A17EB8779FEB0CA772E3,958909,https://www.kugou.com/yy/rank/home/9-8888.html?from=rank
2026-08-20,2026-08-20T11:28:21+08:00,酷狗音乐,热歌榜,酷狗TOP500,2026-08-20,192,慢冷 (Live),李荣浩,,2:44,3536800EC50F04EBF68FB22E7AF6B124,59599171,https://www.kugou.com/yy/rank/home/9-8888.html?from=rank
2026-08-20,2026-08-20T11:28:21+08:00,酷狗音乐,热歌榜,酷狗TOP500,2026-08-20,193,你瞒我瞒,陈柏宇,,3:58,E8EE57D671769402710C4FF9259D841F,965453,https://www.kugou.com/yy/rank/home/9-8888.html?from=rank
2026-08-20,2026-08-20T11:28:21+08:00,酷狗音乐,热歌榜,酷狗TOP500,2026-08-20,194,执子之手,宝石Gem、哩哩,,3:10,A84D44A92F427A3198ECEE703B708478,61962429,https://www.kugou.com/yy/rank/home/9-8888.html?from=rank
2026-08-20,2026-08-20T11:28:21+08:00,酷狗音乐,热歌榜,酷狗TOP500,2026-08-20,195,珊瑚海,周杰伦、Lara梁心颐,,4:16,90E34F0C582168E7EA857915771AB220,958909,https://www.kugou.com/yy/rank/home/9-8888.html?from=rank
2026-08-20,2026-08-20T11:28:21+08:00,酷狗音乐,热歌榜,酷狗TOP500,2026-08-20,196,Come Back To Me,宇多田ヒカル,,3:58,0689D23157B40D6FDCFA3D1D3784B6FC,966129,https://www.kugou.com/yy/rank/home/9-8888.html?from=rank
2026-08-20,2026-08-20T11:28:21+08:00,酷狗音乐,热歌榜,酷狗TOP500,2026-08-20,197,我记得,赵雷,,5:30,8CE80CF10A01F37354D63E49C1B60B60,60018447,https://www.kugou.com/yy/rank/home/9-8888.html?from=rank
2026-08-20,2026-08-20T11:28:21+08:00,酷狗音乐,热歌榜,酷狗TOP500,2026-08-20,198,蒲公英的约定,周杰伦,,4:07,A14373681262867AB43FEF5467F4CC1D,979856,https://www.kugou.com/yy/rank/home/9-8888.html?from=rank
2026-08-20,2026-08-20T11:28:21+08:00,酷狗音乐,热歌榜,酷狗TOP500,2026-08-20,199,关不上的窗,周传雄,,4:53,C9FF4C5E86A76043F004E3BB17E08942,982655,https://www.kugou.com/yy/rank/home/10-8888.html?from=rank
2026-08-20,2026-08-20T11:28:21+08:00,酷狗音乐,热歌榜,酷狗TOP500,2026-08-20,200,天龙八部之宿敌,许嵩,,4:24,9092283E08915874302A9C64032BC79D,503947,https://www.kugou.com/yy/rank/home/10-8888.html?from=rank
2026-08-20,2026-08-20T11:28:21+08:00,酷狗音乐,热歌榜,酷狗TOP500,2026-08-20,201,西海情歌,刀郎,,5:43,0E5FB14E78AFF13C2DEF97C814537CB7,984281,https://www.kugou.com/yy/rank/home/10-8888.html?from=rank
2026-08-20,2026-08-20T11:28:21+08:00,酷狗音乐,热歌榜,酷狗TOP500,2026-08-20,202,说好的幸福呢,周杰伦,,4:17,892B7AD62499C97A1A994454423E30F6,960399,https://www.kugou.com/yy/rank/home/10-8888.html?from=rank
2026-08-20,2026-08-20T11:28:21+08:00,酷狗音乐,热歌榜,酷狗TOP500,2026-08-20,203,不该 (with aMEI),周杰伦、张惠妹,,4:51,FCF336E81DA45A8E696032FFC1708175,1645030,https://www.kugou.com/yy/rank/home/10-8888.html?from=rank
2026-08-20,2026-08-20T11:28:21+08:00,酷狗音乐,热歌榜,酷狗TOP500,2026-08-20,204,多情种,胡杨林,,4:47,5073FDDE229BBFEF04DBBA5E3FB44F56,8455212,https://www.kugou.com/yy/rank/home/10-8888.html?from=rank
2026-08-20,2026-08-20T11:28:21+08:00,酷狗音乐,热歌榜,酷狗TOP500,2026-08-20,205,因果 (我就站在这因果里),金针菇,,2:47,E89C5166CE3DD7D5D5B0A986BC39F70D,202013549,https://www.kugou.com/yy/rank/home/10-8888.html?from=rank
2026-08-20,2026-08-20T11:28:21+08:00,酷狗音乐,热歌榜,酷狗TOP500,2026-08-20,206,我走后,小咪,,4:08,00751DE0946619BCDE4A4E15397F2A15,22216764,https://www.kugou.com/yy/rank/home/10-8888.html?from=rank
2026-08-20,2026-08-20T11:28:21+08:00,酷狗音乐,热歌榜,酷狗TOP500,2026-08-20,207,山风山风等等我 (对唱版),万海东、天雯,,3:29,43B0AEE07D3AAD4DFE80DAF34307F2DB,203008238,https://www.kugou.com/yy/rank/home/10-8888.html?from=rank
2026-08-20,2026-08-20T11:28:21+08:00,酷狗音乐,热歌榜,酷狗TOP500,2026-08-20,208,Baby,Justin Bieber、Ludacris,,3:37,493CD2904FAFDAEB8785CC83B8056F5A,508825,https://www.kugou.com/yy/rank/home/10-8888.html?from=rank
2026-08-20,2026-08-20T11:28:21+08:00,酷狗音乐,热歌榜,酷狗TOP500,2026-08-20,209,街道,林俊杰,,4:02,D9DF39A88E29EADDB272A4B04393D357,963179,https://www.kugou.com/yy/rank/home/10-8888.html?from=rank
2026-08-20,2026-08-20T11:28:21+08:00,酷狗音乐,热歌榜,酷狗TOP500,2026-08-20,210,Fatal Love,Jori King,,3:10,C7D617F765E8F748C0F82C21267D0898,658485,https://www.kugou.com/yy/rank/home/10-8888.html?from=rank
2026-08-20,2026-08-20T11:28:21+08:00,酷狗音乐,热歌榜,酷狗TOP500,2026-08-20,211,白鸽乌鸦相爱的戏码,潘成（皮卡潘）,,2:54,1B5005F285D8B7FD083CA61C5753E9DB,100112898,https://www.kugou.com/yy/rank/home/10-8888.html?from=rank
2026-08-20,2026-08-20T11:28:21+08:00,酷狗音乐,热歌榜,酷狗TOP500,2026-08-20,212,边错边爱 (tell me why)(氛围版),VEHSJ,,3:24,6C38270C3DC32AA5884AA05830E4279A,197844384,https://www.kugou.com/yy/rank/home/10-8888.html?from=rank
2026-08-20,2026-08-20T11:28:21+08:00,酷狗音乐,热歌榜,酷狗TOP500,2026-08-20,213,葡萄成熟时,陈奕迅,,4:37,FDEEA17B3BAD24C0C88E4D45F71F1946,968210,https://www.kugou.com/yy/rank/home/10-8888.html?from=rank
2026-08-20,2026-08-20T11:28:21+08:00,酷狗音乐,热歌榜,酷狗TOP500,2026-08-20,214,有何不可,许嵩,,4:01,B3D5D7D3A140628D1605BD392467E348,973251,https://www.kugou.com/yy/rank/home/10-8888.html?from=rank
2026-08-20,2026-08-20T11:28:21+08:00,酷狗音乐,热歌榜,酷狗TOP500,2026-08-20,215,The Other Side Of Paradise (Explicit),Glass Animals,,5:21,222314858D998CCDDD4BF0B7BAF2F5A2,47764102,https://www.kugou.com/yy/rank/home/10-8888.html?from=rank
2026-08-20,2026-08-20T11:28:21+08:00,酷狗音乐,热歌榜,酷狗TOP500,2026-08-20,216,疑心病,任然,,4:43,9D8C7468BE4391B85794617090585646,1818864,https://www.kugou.com/yy/rank/home/10-8888.html?from=rank
2026-08-20,2026-08-20T11:28:21+08:00,酷狗音乐,热歌榜,酷狗TOP500,2026-08-20,217,可惜没如果,林俊杰,,4:58,57D6EAF8F7E593A2C4B780D8045DE5C1,542795,https://www.kugou.com/yy/rank/home/10-8888.html?from=rank
2026-08-20,2026-08-20T11:28:21+08:00,酷狗音乐,热歌榜,酷狗TOP500,2026-08-20,218,七夕,邓丽欣,,3:11,A5471E3A28A87B8E741D8B0E21A560F8,984038,https://www.kugou.com/yy/rank/home/10-8888.html?from=rank
2026-08-20,2026-08-20T11:28:21+08:00,酷狗音乐,热歌榜,酷狗TOP500,2026-08-20,219,牵丝戏,银临、Aki阿杰,,3:59,5E7FF596F7D6021DA63AF36E91BECE4B,568968,https://www.kugou.com/yy/rank/home/10-8888.html?from=rank
2026-08-20,2026-08-20T11:28:21+08:00,酷狗音乐,热歌榜,酷狗TOP500,2026-08-20,220,勋章,鹿晗,,3:34,6FB3EB3F13CD64DF6E9784F6E487BAB1,2059004,https://www.kugou.com/yy/rank/home/10-8888.html?from=rank
2026-08-20,2026-08-20T11:28:21+08:00,酷狗音乐,热歌榜,酷狗TOP500,2026-08-20,221,他真的对你好吗,付豪,,4:18,B1B875147F45355FF807402402F5B573,55501876,https://www.kugou.com/yy/rank/home/11-8888.html?from=rank
2026-08-20,2026-08-20T11:28:21+08:00,酷狗音乐,热歌榜,酷狗TOP500,2026-08-20,222,喜欢你 (Live),周深,,3:49,1FBBFF211FCC38DBF5C26FC74092976F,203650520,https://www.kugou.com/yy/rank/home/11-8888.html?from=rank
2026-08-20,2026-08-20T11:28:21+08:00,酷狗音乐,热歌榜,酷狗TOP500,2026-08-20,223,烟花易冷,周杰伦,,4:23,B9FC03DF9015D6BFF0554A110BF2C84F,958812,https://www.kugou.com/yy/rank/home/11-8888.html?from=rank
2026-08-20,2026-08-20T11:28:21+08:00,酷狗音乐,热歌榜,酷狗TOP500,2026-08-20,224,中意你 (万人大合唱live版),7paste,,3:47,B84C1F8D11652ABBEFC2D3AEE9160E28,203170200,https://www.kugou.com/yy/rank/home/11-8888.html?from=rank
2026-08-20,2026-08-20T11:28:21+08:00,酷狗音乐,热歌榜,酷狗TOP500,2026-08-20,225,敬岁月一杯酒,万海东,,3:32,C417C9621CD6D9A48DA79900D9B9502D,201889141,https://www.kugou.com/yy/rank/home/11-8888.html?from=rank
2026-08-20,2026-08-20T11:28:21+08:00,酷狗音乐,热歌榜,酷狗TOP500,2026-08-20,226,Beauty And A Beat,Justin Bieber、Nicki Minaj,,3:47,FF5719341A9B004AA3E7312D617AE305,16996733,https://www.kugou.com/yy/rank/home/11-8888.html?from=rank
2026-08-20,2026-08-20T11:28:21+08:00,酷狗音乐,热歌榜,酷狗TOP500,2026-08-20,227,最后一页,江语晨,,4:06,EF053996094A323B42C35195E9781A30,1596655,https://www.kugou.com/yy/rank/home/11-8888.html?from=rank
2026-08-20,2026-08-20T11:28:21+08:00,酷狗音乐,热歌榜,酷狗TOP500,2026-08-20,228,Creepin' up on You,Darren Hayes,,4:53,6348CF4041BEE19FAD536C563C32695A,1593407,https://www.kugou.com/yy/rank/home/11-8888.html?from=rank
2026-08-20,2026-08-20T11:28:21+08:00,酷狗音乐,热歌榜,酷狗TOP500,2026-08-20,229,菩提树下我为你流泪,铃小花,,2:40,65F6501868D8B30C24CABD25B36BDDAD,178028527,https://www.kugou.com/yy/rank/home/11-8888.html?from=rank
2026-08-20,2026-08-20T11:28:21+08:00,酷狗音乐,热歌榜,酷狗TOP500,2026-08-20,230,我是人间的孤独 (现场版),彭妃妃,,3:58,0036FE55B8EC6AD3DF8C9F368129C137,202418617,https://www.kugou.com/yy/rank/home/11-8888.html?from=rank
2026-08-20,2026-08-20T11:28:21+08:00,酷狗音乐,热歌榜,酷狗TOP500,2026-08-20,231,太多 (R&B),落日微醺,,3:54,0FAE8E25895CB68F57A20A676B09E04E,196615244,https://www.kugou.com/yy/rank/home/11-8888.html?from=rank
2026-08-20,2026-08-20T11:28:21+08:00,酷狗音乐,热歌榜,酷狗TOP500,2026-08-20,232,不浪漫罪名,王杰,,4:48,4255D3F001B95B07F2D5BE330D14A780,503247,https://www.kugou.com/yy/rank/home/11-8888.html?from=rank
2026-08-20,2026-08-20T11:28:21+08:00,酷狗音乐,热歌榜,酷狗TOP500,2026-08-20,233,先说爱的人为什么先离开,田园,,3:40,6379393814B0A74AB7B87B2FA9E87689,107655422,https://www.kugou.com/yy/rank/home/11-8888.html?from=rank
2026-08-20,2026-08-20T11:28:21+08:00,酷狗音乐,热歌榜,酷狗TOP500,2026-08-20,234,背着风流泪,文夫,,4:14,93313560CDE28F74AA7D2894E3C4D7F7,146986506,https://www.kugou.com/yy/rank/home/11-8888.html?from=rank
2026-08-20,2026-08-20T11:28:21+08:00,酷狗音乐,热歌榜,酷狗TOP500,2026-08-20,235,同花顺,林倛玉,,3:57,87C979FC3CBA27D6345528A1BEF05477,8603846,https://www.kugou.com/yy/rank/home/11-8888.html?from=rank
2026-08-20,2026-08-20T11:28:21+08:00,酷狗音乐,热歌榜,酷狗TOP500,2026-08-20,236,蓝莲花,许巍,,4:31,EDCDC42FEE3A4BC8F2ADBAF96ADE9D77,15247919,https://www.kugou.com/yy/rank/home/11-8888.html?from=rank
2026-08-20,2026-08-20T11:28:21+08:00,酷狗音乐,热歌榜,酷狗TOP500,2026-08-20,237,我的歌声里,曲婉婷,,3:37,227D8E7B7B6EAF7509BB345A7B718EB2,516422,https://www.kugou.com/yy/rank/home/11-8888.html?from=rank
2026-08-20,2026-08-20T11:28:21+08:00,酷狗音乐,热歌榜,酷狗TOP500,2026-08-20,238,下一个天亮,郭静,,4:27,7E2AD47232E7148C642B6836041826C9,971139,https://www.kugou.com/yy/rank/home/11-8888.html?from=rank
2026-08-20,2026-08-20T11:28:21+08:00,酷狗音乐,热歌榜,酷狗TOP500,2026-08-20,239,吻别 (烟嗓女版),烟嗓小希,,4:49,12750D3982067B33EB395B9BF2A714E0,200693191,https://www.kugou.com/yy/rank/home/11-8888.html?from=rank
2026-08-20,2026-08-20T11:28:21+08:00,酷狗音乐,热歌榜,酷狗TOP500,2026-08-20,240,虚拟,陈粒,,4:01,AEF0740270FE89918F07807C8D669FB7,1749208,https://www.kugou.com/yy/rank/home/11-8888.html?from=rank
2026-08-20,2026-08-20T11:28:21+08:00,酷狗音乐,热歌榜,酷狗TOP500,2026-08-20,241,晨间新闻,蔡健雅,,3:50,09A4599755FAF50EACBA75F5153A9D92,965319,https://www.kugou.com/yy/rank/home/11-8888.html?from=rank
2026-08-20,2026-08-20T11:28:21+08:00,酷狗音乐,热歌榜,酷狗TOP500,2026-08-20,242,如果可以,韦礼安,,4:34,70425DF5F0C9FCED5E0468189A7F4A70,49958186,https://www.kugou.com/yy/rank/home/11-8888.html?from=rank
2026-08-20,2026-08-20T11:28:21+08:00,酷狗音乐,热歌榜,酷狗TOP500,2026-08-20,243,沦陷,贾格JuggShots,,3:04,64C2E5D33BE5F53758F3E96DC8EEC3C3,95717116,https://www.kugou.com/yy/rank/home/12-8888.html?from=rank
2026-08-20,2026-08-20T11:28:21+08:00,酷狗音乐,热歌榜,酷狗TOP500,2026-08-20,244,忘记时间,胡歌,,4:32,BB2759C850804CB32A55480D85D21080,493001,https://www.kugou.com/yy/rank/home/12-8888.html?from=rank
2026-08-20,2026-08-20T11:28:21+08:00,酷狗音乐,热歌榜,酷狗TOP500,2026-08-20,245,太聪明,陈绮贞,,4:23,89101DA817101FEA0C9ECF64EAE2B46F,959335,https://www.kugou.com/yy/rank/home/12-8888.html?from=rank
2026-08-20,2026-08-20T11:28:21+08:00,酷狗音乐,热歌榜,酷狗TOP500,2026-08-20,246,琵琶曲,郑浩、冰洁,,3:55,244A022D6CB3FDE50B24E76402053EB3,180917343,https://www.kugou.com/yy/rank/home/12-8888.html?from=rank
2026-08-20,2026-08-20T11:28:21+08:00,酷狗音乐,热歌榜,酷狗TOP500,2026-08-20,247,秋殇别恋 (男女撕裂对唱),梨子芥菜、戚悦,,4:19,CA8495DA3927226C0A3FBBD6B95B8315,190178204,https://www.kugou.com/yy/rank/home/12-8888.html?from=rank
2026-08-20,2026-08-20T11:28:21+08:00,酷狗音乐,热歌榜,酷狗TOP500,2026-08-20,248,感谢你曾来过,Ayo97、周思涵,,4:10,39DCBBDCB0B377628BEF5FD48EF01254,9101627,https://www.kugou.com/yy/rank/home/12-8888.html?from=rank
2026-08-20,2026-08-20T11:28:21+08:00,酷狗音乐,热歌榜,酷狗TOP500,2026-08-20,249,IF YOU,BIGBANG,,4:24,33C5FC6AB3AF0B5B142F12C9556CB178,549436,https://www.kugou.com/yy/rank/home/12-8888.html?from=rank
2026-08-20,2026-08-20T11:28:21+08:00,酷狗音乐,热歌榜,酷狗TOP500,2026-08-20,250,起风了,买辣椒也用券,,5:26,5C035CBF390FEF6B536020A57749EF70,53218722,https://www.kugou.com/yy/rank/home/12-8888.html?from=rank
2026-08-20,2026-08-20T11:28:21+08:00,酷狗音乐,热歌榜,酷狗TOP500,2026-08-20,251,十面埋伏,陈奕迅,,3:52,90B8469459CBA58A5DDEDD9350286DD8,2996227,https://www.kugou.com/yy/rank/home/12-8888.html?from=rank
2026-08-20,2026-08-20T11:28:21+08:00,酷狗音乐,热歌榜,酷狗TOP500,2026-08-20,252,无名之辈,陈雪燃,,4:23,D08C3E2B2463AA9FC72D65AD6DA94E4E,24460217,https://www.kugou.com/yy/rank/home/12-8888.html?from=rank
2026-08-20,2026-08-20T11:28:21+08:00,酷狗音乐,热歌榜,酷狗TOP500,2026-08-20,253,南方没有你北方没有雨,魏佳艺,,5:12,77765089F43B7DBF1F24406EE444D97F,201940221,https://www.kugou.com/yy/rank/home/12-8888.html?from=rank
2026-08-20,2026-08-20T11:28:21+08:00,酷狗音乐,热歌榜,酷狗TOP500,2026-08-20,254,后来的我们,五月天,,5:46,09120C11A5C376EC7D1640098FA70CDC,1748942,https://www.kugou.com/yy/rank/home/12-8888.html?from=rank
2026-08-20,2026-08-20T11:28:21+08:00,酷狗音乐,热歌榜,酷狗TOP500,2026-08-20,255,总有一天你会出现在我身边,棱镜乐队,,4:30,8E6A42453EF5B06A87772F8FF4AD5188,10808308,https://www.kugou.com/yy/rank/home/12-8888.html?from=rank
2026-08-20,2026-08-20T11:28:21+08:00,酷狗音乐,热歌榜,酷狗TOP500,2026-08-20,256,别回头 (不朽版),PAMajor,,3:32,887215E010BC9D5CB82830A131C86596,163052521,https://www.kugou.com/yy/rank/home/12-8888.html?from=rank
2026-08-20,2026-08-20T11:28:21+08:00,酷狗音乐,热歌榜,酷狗TOP500,2026-08-20,257,走走,李荣浩,,5:04,0BD5B6F56CED35BB3380425EC02E1098,106374641,https://www.kugou.com/yy/rank/home/12-8888.html?from=rank
2026-08-20,2026-08-20T11:28:21+08:00,酷狗音乐,热歌榜,酷狗TOP500,2026-08-20,258,喜欢你 (G.E.M.重生版),G.E.M. 邓紫棋,,4:03,AA4D82A7506DE809B7A89F91B73F3E1E,150256944,https://www.kugou.com/yy/rank/home/12-8888.html?from=rank
2026-08-20,2026-08-20T11:28:21+08:00,酷狗音乐,热歌榜,酷狗TOP500,2026-08-20,259,老街,李荣浩,,5:19,30E7F7CCB57EB16D1BE3EC71D7ADB071,964378,https://www.kugou.com/yy/rank/home/12-8888.html?from=rank
2026-08-20,2026-08-20T11:28:21+08:00,酷狗音乐,热歌榜,酷狗TOP500,2026-08-20,260,土坡上的狗尾草,卢润泽,,3:15,5E40742110D3DB109A22BDB1012C6EBB,104913971,https://www.kugou.com/yy/rank/home/12-8888.html?from=rank
2026-08-20,2026-08-20T11:28:21+08:00,酷狗音乐,热歌榜,酷狗TOP500,2026-08-20,261,不再犹豫,BEYOND,,4:15,C477FE5B38147B7522DFCF3DC5BB8A6B,8176296,https://www.kugou.com/yy/rank/home/12-8888.html?from=rank
2026-08-20,2026-08-20T11:28:21+08:00,酷狗音乐,热歌榜,酷狗TOP500,2026-08-20,262,有点甜,汪苏泷、BY2,,3:55,99CFDC717FEB7DABCD8A6392D821FC08,516425,https://www.kugou.com/yy/rank/home/12-8888.html?from=rank
2026-08-20,2026-08-20T11:28:21+08:00,酷狗音乐,热歌榜,酷狗TOP500,2026-08-20,263,还爱着你,文夫,,3:52,A61924D891C970A28150FDF9E5E56C53,171019019,https://www.kugou.com/yy/rank/home/12-8888.html?from=rank
2026-08-20,2026-08-20T11:28:21+08:00,酷狗音乐,热歌榜,酷狗TOP500,2026-08-20,264,你还要我怎样,薛之谦,,5:11,8C6AAC48FB5C3759042E4C8699544C6F,960327,https://www.kugou.com/yy/rank/home/12-8888.html?from=rank
2026-08-20,2026-08-20T11:28:21+08:00,酷狗音乐,热歌榜,酷狗TOP500,2026-08-20,265,Radio (Dum-Dum),宋雨琦 (YUQI),,2:32,E8FFC3F649DA4476E2CEABFF3F94D103,140913986,https://www.kugou.com/yy/rank/home/13-8888.html?from=rank
2026-08-20,2026-08-20T11:28:21+08:00,酷狗音乐,热歌榜,酷狗TOP500,2026-08-20,266,雨蝶,李翊君,,3:51,C83424ACF417185057E278554B91D4C0,7549108,https://www.kugou.com/yy/rank/home/13-8888.html?from=rank
2026-08-20,2026-08-20T11:28:21+08:00,酷狗音乐,热歌榜,酷狗TOP500,2026-08-20,267,不能说的秘密,周杰伦,,4:57,EDFC5DD1AC3D58971AB95B3E2700D015,554150,https://www.kugou.com/yy/rank/home/13-8888.html?from=rank
2026-08-20,2026-08-20T11:28:21+08:00,酷狗音乐,热歌榜,酷狗TOP500,2026-08-20,268,无缘相依,老板、任夏,,4:10,FF896DFA3474C59845E8182164CD50DE,203135442,https://www.kugou.com/yy/rank/home/13-8888.html?from=rank
2026-08-20,2026-08-20T11:28:21+08:00,酷狗音乐,热歌榜,酷狗TOP500,2026-08-20,269,연애의 조건 (恋爱的条件),BESTie,,3:12,FBE0D895B585AFAD693FE42529311608,959733,https://www.kugou.com/yy/rank/home/13-8888.html?from=rank
2026-08-20,2026-08-20T11:28:21+08:00,酷狗音乐,热歌榜,酷狗TOP500,2026-08-20,270,谁,洋澜一,,3:40,445C54E59AB287FCF15D68FAF92CD9B7,89608819,https://www.kugou.com/yy/rank/home/13-8888.html?from=rank
2026-08-20,2026-08-20T11:28:21+08:00,酷狗音乐,热歌榜,酷狗TOP500,2026-08-20,271,天外来物,薛之谦,,4:17,761C1EAFBD1E22504B487F84D2152DF5,40890018,https://www.kugou.com/yy/rank/home/13-8888.html?from=rank
2026-08-20,2026-08-20T11:28:21+08:00,酷狗音乐,热歌榜,酷狗TOP500,2026-08-20,272,就是爱你,陶喆,,4:24,43485D7A650AFF532E5ECF24D7FB6381,7547427,https://www.kugou.com/yy/rank/home/13-8888.html?from=rank
2026-08-20,2026-08-20T11:28:21+08:00,酷狗音乐,热歌榜,酷狗TOP500,2026-08-20,273,夏夜最后的烟火,颜人中,,4:40,4E418EDAB22093B51C78C81C0A8C9B31,39949767,https://www.kugou.com/yy/rank/home/13-8888.html?from=rank
2026-08-20,2026-08-20T11:28:21+08:00,酷狗音乐,热歌榜,酷狗TOP500,2026-08-20,274,第一次爱的人,王心凌,,3:53,38539E18FBB3E9A8DFA84A892CA718F6,979891,https://www.kugou.com/yy/rank/home/13-8888.html?from=rank
2026-08-20,2026-08-20T11:28:21+08:00,酷狗音乐,热歌榜,酷狗TOP500,2026-08-20,275,别想太多,心栖原野,,2:48,A8366A02D584B678C5555B7251E3157A,202304456,https://www.kugou.com/yy/rank/home/13-8888.html?from=rank
2026-08-20,2026-08-20T11:28:21+08:00,酷狗音乐,热歌榜,酷狗TOP500,2026-08-20,276,最长的电影,周杰伦,,3:56,2F6D441163A92AEE5E52B8E94F36A3C7,979856,https://www.kugou.com/yy/rank/home/13-8888.html?from=rank
2026-08-20,2026-08-20T11:28:21+08:00,酷狗音乐,热歌榜,酷狗TOP500,2026-08-20,277,人间白首,呦猫UNEKO,,4:12,6B44C13EFA5FA913E2B7EE4FC9B0695C,19492028,https://www.kugou.com/yy/rank/home/13-8888.html?from=rank
2026-08-20,2026-08-20T11:28:21+08:00,酷狗音乐,热歌榜,酷狗TOP500,2026-08-20,278,我们的歌,王力宏,,4:08,4E294957A0D9B72A78B61F3C2A63B6CC,503223,https://www.kugou.com/yy/rank/home/13-8888.html?from=rank
2026-08-20,2026-08-20T11:28:21+08:00,酷狗音乐,热歌榜,酷狗TOP500,2026-08-20,279,梦哑 (Live),杨丞琳、黄子弘凡,,4:07,FB6169D741E2119A03D6BDAE5A5E4113,203565305,https://www.kugou.com/yy/rank/home/13-8888.html?from=rank
2026-08-20,2026-08-20T11:28:21+08:00,酷狗音乐,热歌榜,酷狗TOP500,2026-08-20,280,为爱痴狂 (想要问问你敢不敢),金志文,,2:21,8CA8C420761A7C36FF16DD42FE5D331D,194629486,https://www.kugou.com/yy/rank/home/13-8888.html?from=rank
2026-08-20,2026-08-20T11:28:21+08:00,酷狗音乐,热歌榜,酷狗TOP500,2026-08-20,281,Lonely,Nana,,6:21,DD6AD636BD00699C1218CD25D7657099,45833884,https://www.kugou.com/yy/rank/home/13-8888.html?from=rank
2026-08-20,2026-08-20T11:28:21+08:00,酷狗音乐,热歌榜,酷狗TOP500,2026-08-20,282,幻听,许嵩,,4:33,24F5E7555646965CD7D1A924452B3300,973046,https://www.kugou.com/yy/rank/home/13-8888.html?from=rank
2026-08-20,2026-08-20T11:28:21+08:00,酷狗音乐,热歌榜,酷狗TOP500,2026-08-20,283,明明就,周杰伦,,4:20,D85C14E02008B7A2F97D55CDC29C2221,982051,https://www.kugou.com/yy/rank/home/13-8888.html?from=rank
2026-08-20,2026-08-20T11:28:21+08:00,酷狗音乐,热歌榜,酷狗TOP500,2026-08-20,284,不潮不用花钱,林俊杰,,3:54,5A84BBA4C673BEA45083C521ADF366AF,963179,https://www.kugou.com/yy/rank/home/13-8888.html?from=rank
2026-08-20,2026-08-20T11:28:21+08:00,酷狗音乐,热歌榜,酷狗TOP500,2026-08-20,285,冬天的秘密,周传雄,,4:33,1088AEEAB9674A49F8067DCDEB1FC1EE,982655,https://www.kugou.com/yy/rank/home/13-8888.html?from=rank
2026-08-20,2026-08-20T11:28:21+08:00,酷狗音乐,热歌榜,酷狗TOP500,2026-08-20,286,爱如潮水,张信哲,,4:31,7D372165ED6AD2C00DD2B473529BE9CE,538030,https://www.kugou.com/yy/rank/home/13-8888.html?from=rank
2026-08-20,2026-08-20T11:28:21+08:00,酷狗音乐,热歌榜,酷狗TOP500,2026-08-20,287,老人与海,海鸣威、吴琼,,4:26,64550F3E833ABE710545EA84FC82754E,1778632,https://www.kugou.com/yy/rank/home/14-8888.html?from=rank
2026-08-20,2026-08-20T11:28:21+08:00,酷狗音乐,热歌榜,酷狗TOP500,2026-08-20,288,吹梦到西洲,昭爻tsuki、千世,,5:15,FB50469DA48A8CE34532F2888578B7B8,25402785,https://www.kugou.com/yy/rank/home/14-8888.html?from=rank
2026-08-20,2026-08-20T11:28:21+08:00,酷狗音乐,热歌榜,酷狗TOP500,2026-08-20,289,忘了你忘了我,王杰,,4:38,95CBD367E98724883CA99874AD626446,962390,https://www.kugou.com/yy/rank/home/14-8888.html?from=rank
2026-08-20,2026-08-20T11:28:21+08:00,酷狗音乐,热歌榜,酷狗TOP500,2026-08-20,290,Poker Face,Lady Gaga,,3:57,645E837927E3207AD0AEA3997EB00444,38501704,https://www.kugou.com/yy/rank/home/14-8888.html?from=rank
2026-08-20,2026-08-20T11:28:21+08:00,酷狗音乐,热歌榜,酷狗TOP500,2026-08-20,291,最爱,周慧敏,,4:25,DBC221919A9686F684F90E1920179363,568311,https://www.kugou.com/yy/rank/home/14-8888.html?from=rank
2026-08-20,2026-08-20T11:28:21+08:00,酷狗音乐,热歌榜,酷狗TOP500,2026-08-20,292,没那么简单,黄小琥,,5:08,90D82FB9EB6C1F5385F6F086318EE1FA,962530,https://www.kugou.com/yy/rank/home/14-8888.html?from=rank
2026-08-20,2026-08-20T11:28:21+08:00,酷狗音乐,热歌榜,酷狗TOP500,2026-08-20,293,岸边客,夏子航（2603）,,4:32,E87EEB7804D4708714E6C38DE1F8E649,161846818,https://www.kugou.com/yy/rank/home/14-8888.html?from=rank
2026-08-20,2026-08-20T11:28:21+08:00,酷狗音乐,热歌榜,酷狗TOP500,2026-08-20,294,泪海,许茹芸,,4:58,FBC174E7C22B9AF471B7B93A61751E1B,975212,https://www.kugou.com/yy/rank/home/14-8888.html?from=rank
2026-08-20,2026-08-20T11:28:21+08:00,酷狗音乐,热歌榜,酷狗TOP500,2026-08-20,295,断点,张敬轩,,4:28,2C2A571D91FF7BF6FE814887FFA7E592,2996592,https://www.kugou.com/yy/rank/home/14-8888.html?from=rank
2026-08-20,2026-08-20T11:28:21+08:00,酷狗音乐,热歌榜,酷狗TOP500,2026-08-20,296,阵阵秋风相思泪,九红,,3:07,6A1341671BEF940FFB6050AA71961000,203073508,https://www.kugou.com/yy/rank/home/14-8888.html?from=rank
2026-08-20,2026-08-20T11:28:21+08:00,酷狗音乐,热歌榜,酷狗TOP500,2026-08-20,297,水手,郑智化,,4:53,6DCF10DEA98A7C9F755BE385E822BE05,967718,https://www.kugou.com/yy/rank/home/14-8888.html?from=rank
2026-08-20,2026-08-20T11:28:21+08:00,酷狗音乐,热歌榜,酷狗TOP500,2026-08-20,298,偏偏喜欢你,陈百强,,3:32,D186383AA965D13601CFF4857F844FEE,983655,https://www.kugou.com/yy/rank/home/14-8888.html?from=rank
2026-08-20,2026-08-20T11:28:21+08:00,酷狗音乐,热歌榜,酷狗TOP500,2026-08-20,299,左边画个虫虫,MOONBOI（杨望舒）,,2:36,DFBE6B78C7622433C29A7F3A1CFA3361,29308257,https://www.kugou.com/yy/rank/home/14-8888.html?from=rank
2026-08-20,2026-08-20T11:28:21+08:00,酷狗音乐,热歌榜,酷狗TOP500,2026-08-20,300,山风山风等等我,佳佳,,3:29,243ADFFB84B93B769FDE5531F1871592,203235200,https://www.kugou.com/yy/rank/home/14-8888.html?from=rank
2026-08-20,2026-08-20T11:28:21+08:00,酷狗音乐,热歌榜,酷狗TOP500,2026-08-20,301,什么是逍遥,王同学Able,,3:28,4BF659E4D3060B52D4F9925AF9D0CA02,45288306,https://www.kugou.com/yy/rank/home/14-8888.html?from=rank
2026-08-20,2026-08-20T11:28:21+08:00,酷狗音乐,热歌榜,酷狗TOP500,2026-08-20,302,90后的我们 (现场版),彭妃妃,,5:08,0EDC71FF0C02B8D7F8DA13BA925A86CB,203242638,https://www.kugou.com/yy/rank/home/14-8888.html?from=rank
2026-08-20,2026-08-20T11:28:21+08:00,酷狗音乐,热歌榜,酷狗TOP500,2026-08-20,303,年少有为,李荣浩,,4:39,3A5C1D6CDABB2FDA813F8F8B7E4D08B0,8873395,https://www.kugou.com/yy/rank/home/14-8888.html?from=rank
2026-08-20,2026-08-20T11:28:21+08:00,酷狗音乐,热歌榜,酷狗TOP500,2026-08-20,304,天际,洋澜一,,5:46,DEAE9D1FC61F4810A0C15AA9CFD83722,76611526,https://www.kugou.com/yy/rank/home/14-8888.html?from=rank
2026-08-20,2026-08-20T11:28:21+08:00,酷狗音乐,热歌榜,酷狗TOP500,2026-08-20,305,天亮以前说再见,何野,,4:00,18E9FC6CF97258B75D090188EDBAE95B,11792318,https://www.kugou.com/yy/rank/home/14-8888.html?from=rank
2026-08-20,2026-08-20T11:28:21+08:00,酷狗音乐,热歌榜,酷狗TOP500,2026-08-20,306,九百九十九朵玫瑰 (r&b),落日微醺,,4:07,0969B2B26405C8DDEC7C72292F794D48,184352572,https://www.kugou.com/yy/rank/home/14-8888.html?from=rank
2026-08-20,2026-08-20T11:28:21+08:00,酷狗音乐,热歌榜,酷狗TOP500,2026-08-20,307,云与海 (r&b微醺版),落日微醺,,3:42,D3BD537BB98968BA926650A00BC6A161,195717540,https://www.kugou.com/yy/rank/home/14-8888.html?from=rank
2026-08-20,2026-08-20T11:28:21+08:00,酷狗音乐,热歌榜,酷狗TOP500,2026-08-20,308,好巧是你,周深,,3:52,39CFDE963DCB9F94020D1F3BDE8E6792,204059600,https://www.kugou.com/yy/rank/home/14-8888.html?from=rank
2026-08-20,2026-08-20T11:28:21+08:00,酷狗音乐,热歌榜,酷狗TOP500,2026-08-20,309,简单爱,周杰伦,,4:30,6E44CE19BE5872384FA184B995CCE23B,958706,https://www.kugou.com/yy/rank/home/15-8888.html?from=rank
2026-08-20,2026-08-20T11:28:21+08:00,酷狗音乐,热歌榜,酷狗TOP500,2026-08-20,310,如果当初没遇见 (对唱版),一凡、烟嗓阿文,,4:45,CCAD690C57C1B4535A7442C2E1A9FCB4,203084859,https://www.kugou.com/yy/rank/home/15-8888.html?from=rank
2026-08-20,2026-08-20T11:28:21+08:00,酷狗音乐,热歌榜,酷狗TOP500,2026-08-20,311,是我不够好,李毓芬,,3:37,2B152C85BA2B73CBC79EA722928EF425,1590098,https://www.kugou.com/yy/rank/home/15-8888.html?from=rank
2026-08-20,2026-08-20T11:28:21+08:00,酷狗音乐,热歌榜,酷狗TOP500,2026-08-20,312,如果当时,许嵩,,5:16,697712B7504DA5541C3ED4D117AE1018,973251,https://www.kugou.com/yy/rank/home/15-8888.html?from=rank
2026-08-20,2026-08-20T11:28:21+08:00,酷狗音乐,热歌榜,酷狗TOP500,2026-08-20,313,真的爱你,BEYOND,,4:35,C46916711631EA28508A41C325A74E1B,971451,https://www.kugou.com/yy/rank/home/15-8888.html?from=rank
2026-08-20,2026-08-20T11:28:21+08:00,酷狗音乐,热歌榜,酷狗TOP500,2026-08-20,314,不得不爱,潘玮柏、弦子,,4:41,8F9E3FD474EA612C61EB20D1415767BF,972809,https://www.kugou.com/yy/rank/home/15-8888.html?from=rank
2026-08-20,2026-08-20T11:28:21+08:00,酷狗音乐,热歌榜,酷狗TOP500,2026-08-20,315,座位,于冬然,,3:29,D87A09DB3166215E5DFD4A30C922509E,137485296,https://www.kugou.com/yy/rank/home/15-8888.html?from=rank
2026-08-20,2026-08-20T11:28:21+08:00,酷狗音乐,热歌榜,酷狗TOP500,2026-08-20,316,Call You Tonight,Whitney Houston,,4:10,3378039942BA822731531F34BACF9CA1,561454,https://www.kugou.com/yy/rank/home/15-8888.html?from=rank
2026-08-20,2026-08-20T11:28:21+08:00,酷狗音乐,热歌榜,酷狗TOP500,2026-08-20,317,不遗憾,李荣浩,,5:20,40CE38D5DB930F404EB26F58978BEC3D,44404137,https://www.kugou.com/yy/rank/home/15-8888.html?from=rank
2026-08-20,2026-08-20T11:28:21+08:00,酷狗音乐,热歌榜,酷狗TOP500,2026-08-20,318,不负众望,陈婉菁,,3:55,B54BD54DD6B27B311A9F7E2CF9505D3E,62005607,https://www.kugou.com/yy/rank/home/15-8888.html?from=rank
2026-08-20,2026-08-20T11:28:21+08:00,酷狗音乐,热歌榜,酷狗TOP500,2026-08-20,319,恶作剧,王蓝茵,,3:47,05B893FC78627C3F5635491BBB35167E,720564,https://www.kugou.com/yy/rank/home/15-8888.html?from=rank
2026-08-20,2026-08-20T11:28:21+08:00,酷狗音乐,热歌榜,酷狗TOP500,2026-08-20,320,听说当初你找过我,贺一航,,4:06,8853D5BDDDE97FEACFAF65371B68AD57,1969900,https://www.kugou.com/yy/rank/home/15-8888.html?from=rank
2026-08-20,2026-08-20T11:28:21+08:00,酷狗音乐,热歌榜,酷狗TOP500,2026-08-20,321,还魂门,胡彦斌,,4:16,9DFF2FBFA5D536C143F8EBC289E85F9D,1746982,https://www.kugou.com/yy/rank/home/15-8888.html?from=rank
2026-08-20,2026-08-20T11:28:21+08:00,酷狗音乐,热歌榜,酷狗TOP500,2026-08-20,322,哼着你爱听的歌 (女版),田园,,3:20,37B0685181098FB8427291594EDBC8CD,162686180,https://www.kugou.com/yy/rank/home/15-8888.html?from=rank
2026-08-20,2026-08-20T11:28:21+08:00,酷狗音乐,热歌榜,酷狗TOP500,2026-08-20,323,手放开,李圣杰,,4:25,022583751858F1E3558F32EC4ECF7DD5,959847,https://www.kugou.com/yy/rank/home/15-8888.html?from=rank
2026-08-20,2026-08-20T11:28:21+08:00,酷狗音乐,热歌榜,酷狗TOP500,2026-08-20,324,租购,薛之谦,,4:31,B96A6102B2238E21C463E96A7D81E840,130133801,https://www.kugou.com/yy/rank/home/15-8888.html?from=rank
2026-08-20,2026-08-20T11:28:21+08:00,酷狗音乐,热歌榜,酷狗TOP500,2026-08-20,325,周旋,王以太、艾热AIR,,4:50,D4B5A2762AD5716EB290DD452721B5E4,198788223,https://www.kugou.com/yy/rank/home/15-8888.html?from=rank
2026-08-20,2026-08-20T11:28:21+08:00,酷狗音乐,热歌榜,酷狗TOP500,2026-08-20,326,Take Me To Your Heart,Michael Learns To Rock,,3:58,C4B0F9CDC445058C9F5BCD60F5CF0D91,959808,https://www.kugou.com/yy/rank/home/15-8888.html?from=rank
2026-08-20,2026-08-20T11:28:21+08:00,酷狗音乐,热歌榜,酷狗TOP500,2026-08-20,327,模特,李荣浩,,5:06,87EBC49856D2CB3C04992C9A87E5A5C5,968143,https://www.kugou.com/yy/rank/home/15-8888.html?from=rank
2026-08-20,2026-08-20T11:28:21+08:00,酷狗音乐,热歌榜,酷狗TOP500,2026-08-20,328,平凡之路,朴树,,5:01,2BE5DE80E68B3346918D38CF7527D979,2944963,https://www.kugou.com/yy/rank/home/15-8888.html?from=rank
2026-08-20,2026-08-20T11:28:21+08:00,酷狗音乐,热歌榜,酷狗TOP500,2026-08-20,329,Take me hand,DAISHI DANCE、Cécile Corbel,,4:21,C1E3B8E8DF80DCA158A8C17D40EA16ED,164789446,https://www.kugou.com/yy/rank/home/15-8888.html?from=rank
2026-08-20,2026-08-20T11:28:21+08:00,酷狗音乐,热歌榜,酷狗TOP500,2026-08-20,330,再见只是陌生人,庄心妍,,4:12,67F2E5F1B47C2B86E201518FD24D9831,556403,https://www.kugou.com/yy/rank/home/15-8888.html?from=rank
2026-08-20,2026-08-20T11:28:21+08:00,酷狗音乐,热歌榜,酷狗TOP500,2026-08-20,331,刻在我心底的名字,卢广仲,,5:20,5CDCAAF9E7B91E94FD012589D00FDBEA,39020767,https://www.kugou.com/yy/rank/home/16-8888.html?from=rank
2026-08-20,2026-08-20T11:28:21+08:00,酷狗音乐,热歌榜,酷狗TOP500,2026-08-20,332,瞬,郑润泽,,4:45,C06970FDB48E8E1F9BBC7577B7BC1938,75949211,https://www.kugou.com/yy/rank/home/16-8888.html?from=rank
2026-08-20,2026-08-20T11:28:21+08:00,酷狗音乐,热歌榜,酷狗TOP500,2026-08-20,333,刚好遇见你,李玉刚,,3:20,58B004C56B6AB6CE1CA3C1E8C6781D0E,1820033,https://www.kugou.com/yy/rank/home/16-8888.html?from=rank
2026-08-20,2026-08-20T11:28:21+08:00,酷狗音乐,热歌榜,酷狗TOP500,2026-08-20,334,情罪,陈瑞,,4:45,9642484D6F37650295B370CD52553DC5,80617215,https://www.kugou.com/yy/rank/home/16-8888.html?from=rank
2026-08-20,2026-08-20T11:28:21+08:00,酷狗音乐,热歌榜,酷狗TOP500,2026-08-20,335,不分手的恋爱,汪苏泷,,3:26,543A6E13C527E52886E51BBF14191C8F,37376237,https://www.kugou.com/yy/rank/home/16-8888.html?from=rank
2026-08-20,2026-08-20T11:28:21+08:00,酷狗音乐,热歌榜,酷狗TOP500,2026-08-20,336,单身情歌,林志炫,,4:35,ACD27A452FE3D0348D38540762DA7BEB,971171,https://www.kugou.com/yy/rank/home/16-8888.html?from=rank
2026-08-20,2026-08-20T11:28:21+08:00,酷狗音乐,热歌榜,酷狗TOP500,2026-08-20,337,夏天的风,温岚,,4:01,33431BA8C2FB438ED064AE5DEEB2985F,2997111,https://www.kugou.com/yy/rank/home/16-8888.html?from=rank
2026-08-20,2026-08-20T11:28:21+08:00,酷狗音乐,热歌榜,酷狗TOP500,2026-08-20,338,红颜旧 (氛围版),周深深,,3:48,76FA92299B2443816030D744CF70FA3B,198814170,https://www.kugou.com/yy/rank/home/16-8888.html?from=rank
2026-08-20,2026-08-20T11:28:21+08:00,酷狗音乐,热歌榜,酷狗TOP500,2026-08-20,339,烟火 (孤孤单单一个人),京六,,4:06,495D65F83F80948BE9E2683AEFD0E20A,198377118,https://www.kugou.com/yy/rank/home/16-8888.html?from=rank
2026-08-20,2026-08-20T11:28:21+08:00,酷狗音乐,热歌榜,酷狗TOP500,2026-08-20,340,无名的人,毛不易,,4:42,525A854C4A4EDF63CAF528D693F69CE0,51231315,https://www.kugou.com/yy/rank/home/16-8888.html?from=rank
2026-08-20,2026-08-20T11:28:21+08:00,酷狗音乐,热歌榜,酷狗TOP500,2026-08-20,341,你的承诺,海鸣威,,3:53,B1996C2589FADECA9759A420E1EC3FE3,19347507,https://www.kugou.com/yy/rank/home/16-8888.html?from=rank
2026-08-20,2026-08-20T11:28:21+08:00,酷狗音乐,热歌榜,酷狗TOP500,2026-08-20,342,光年之外 (G.E.M.重生版),G.E.M. 邓紫棋,,3:55,B0EB2A1CC6832B3596E0D71E3CAFCD5F,150256944,https://www.kugou.com/yy/rank/home/16-8888.html?from=rank
2026-08-20,2026-08-20T11:28:21+08:00,酷狗音乐,热歌榜,酷狗TOP500,2026-08-20,343,迷人的危险,Dance Flow,,3:26,0F666EF632DB9404308219BE5AAE43B4,551560,https://www.kugou.com/yy/rank/home/16-8888.html?from=rank
2026-08-20,2026-08-20T11:28:21+08:00,酷狗音乐,热歌榜,酷狗TOP500,2026-08-20,344,倒数,G.E.M. 邓紫棋,,3:49,65945C4D6FB03D7997AE133C9BE5715D,9373625,https://www.kugou.com/yy/rank/home/16-8888.html?from=rank
2026-08-20,2026-08-20T11:28:21+08:00,酷狗音乐,热歌榜,酷狗TOP500,2026-08-20,345,祈神怜,一颗狼星,,3:29,94CB7C464D6301E3DE112CFEFD869B81,202989642,https://www.kugou.com/yy/rank/home/16-8888.html?from=rank
2026-08-20,2026-08-20T11:28:21+08:00,酷狗音乐,热歌榜,酷狗TOP500,2026-08-20,346,落空,印子月,,3:53,F2823FEC8D01EDE2587ED3D32F787782,15394482,https://www.kugou.com/yy/rank/home/16-8888.html?from=rank
2026-08-20,2026-08-20T11:28:21+08:00,酷狗音乐,热歌榜,酷狗TOP500,2026-08-20,347,阿衣莫,阿吉太组合,,5:14,000B4DC2694B23AD4258EE551A00C599,4138802,https://www.kugou.com/yy/rank/home/16-8888.html?from=rank
2026-08-20,2026-08-20T11:28:21+08:00,酷狗音乐,热歌榜,酷狗TOP500,2026-08-20,348,一样的月光,徐佳莹,,4:00,E470A579E87A5436E68FAA51AD18A379,972101,https://www.kugou.com/yy/rank/home/16-8888.html?from=rank
2026-08-20,2026-08-20T11:28:21+08:00,酷狗音乐,热歌榜,酷狗TOP500,2026-08-20,349,只为你着迷,李秉成,,4:01,C2F47FB042D8FE6A2B5265DFCF8919A5,11795396,https://www.kugou.com/yy/rank/home/16-8888.html?from=rank
2026-08-20,2026-08-20T11:28:21+08:00,酷狗音乐,热歌榜,酷狗TOP500,2026-08-20,350,你有没有真的爱过我 (烟嗓版),寂寞阿图,,3:45,5EF8404977086AB95C304D857271FB10,190169654,https://www.kugou.com/yy/rank/home/16-8888.html?from=rank
2026-08-20,2026-08-20T11:28:21+08:00,酷狗音乐,热歌榜,酷狗TOP500,2026-08-20,351,不是我不小心,祁隆,,4:41,B9A692ED0BADE530E5027832734A355F,203091135,https://www.kugou.com/yy/rank/home/16-8888.html?from=rank
2026-08-20,2026-08-20T11:28:21+08:00,酷狗音乐,热歌榜,酷狗TOP500,2026-08-20,352,遗失的心跳,萧亚轩,,3:37,54C1A6E877BB37D052A86D4C41604FE7,521727,https://www.kugou.com/yy/rank/home/16-8888.html?from=rank
2026-08-20,2026-08-20T11:28:21+08:00,酷狗音乐,热歌榜,酷狗TOP500,2026-08-20,353,暧昧,薛之谦,,5:12,B3A4E466F13F44FA0B91FA4EB8E6DECA,7818079,https://www.kugou.com/yy/rank/home/17-8888.html?from=rank
2026-08-20,2026-08-20T11:28:21+08:00,酷狗音乐,热歌榜,酷狗TOP500,2026-08-20,354,真夜中のドア/Stay With Me (深夜门扉/留在我身边)(シングルver.),松原みき,,4:34,1E1898733BB33FBEE0CD6EDAD4AC0DEB,9661475,https://www.kugou.com/yy/rank/home/17-8888.html?from=rank
2026-08-20,2026-08-20T11:28:21+08:00,酷狗音乐,热歌榜,酷狗TOP500,2026-08-20,355,谁明浪子心,王杰,,5:01,1E54C9C01C9DFC5C68F743368F353711,983991,https://www.kugou.com/yy/rank/home/17-8888.html?from=rank
2026-08-20,2026-08-20T11:28:21+08:00,酷狗音乐,热歌榜,酷狗TOP500,2026-08-20,356,你就不要想起我,田馥甄,,4:41,33E67CD9B775093E93CBABBD649DF087,965595,https://www.kugou.com/yy/rank/home/17-8888.html?from=rank
2026-08-20,2026-08-20T11:28:21+08:00,酷狗音乐,热歌榜,酷狗TOP500,2026-08-20,357,红豆,王菲,,4:16,AEF916A18BAAE9C8E7807179C8DA64D1,960812,https://www.kugou.com/yy/rank/home/17-8888.html?from=rank
2026-08-20,2026-08-20T11:28:21+08:00,酷狗音乐,热歌榜,酷狗TOP500,2026-08-20,358,广东爱情故事,广东雨神,,3:34,7A2956668C7D5393FF16AD930C23F2FD,4162049,https://www.kugou.com/yy/rank/home/17-8888.html?from=rank
2026-08-20,2026-08-20T11:28:21+08:00,酷狗音乐,热歌榜,酷狗TOP500,2026-08-20,359,飞鸟和蝉,任然,,4:56,EB5F5AF3993F6537F2C70B959F2DCD6B,38339036,https://www.kugou.com/yy/rank/home/17-8888.html?from=rank
2026-08-20,2026-08-20T11:28:21+08:00,酷狗音乐,热歌榜,酷狗TOP500,2026-08-20,360,反方向的钟,周杰伦,,4:18,A6049AAB184A305CAA906C6BBB8E8233,978031,https://www.kugou.com/yy/rank/home/17-8888.html?from=rank
2026-08-20,2026-08-20T11:28:21+08:00,酷狗音乐,热歌榜,酷狗TOP500,2026-08-20,361,只若初见,张德伊玲,,3:24,0AC57BC59B96F7BF216744F93617FC8B,58285492,https://www.kugou.com/yy/rank/home/17-8888.html?from=rank
2026-08-20,2026-08-20T11:28:21+08:00,酷狗音乐,热歌榜,酷狗TOP500,2026-08-20,362,好久不见,陈奕迅,,4:11,8E1DDAF172D9C60A28C19358B07BFBF8,962514,https://www.kugou.com/yy/rank/home/17-8888.html?from=rank
2026-08-20,2026-08-20T11:28:21+08:00,酷狗音乐,热歌榜,酷狗TOP500,2026-08-20,363,爱我还是他,陶喆,,4:53,004A93C3A157D825B92A91EEB17DA36A,7547427,https://www.kugou.com/yy/rank/home/17-8888.html?from=rank
2026-08-20,2026-08-20T11:28:21+08:00,酷狗音乐,热歌榜,酷狗TOP500,2026-08-20,364,我不配,周杰伦,,4:49,00CBE76AE7676D5D2A3D832D202C8FFD,979856,https://www.kugou.com/yy/rank/home/17-8888.html?from=rank
2026-08-20,2026-08-20T11:28:21+08:00,酷狗音乐,热歌榜,酷狗TOP500,2026-08-20,365,Letting Go,蔡健雅,,4:23,326CBB23BAA90062047512376AA406A4,978874,https://www.kugou.com/yy/rank/home/17-8888.html?from=rank
2026-08-20,2026-08-20T11:28:21+08:00,酷狗音乐,热歌榜,酷狗TOP500,2026-08-20,366,孤雏,AGA,,4:53,8BB44BFFC9A9CFC06706D37DA52B617B,1821989,https://www.kugou.com/yy/rank/home/17-8888.html?from=rank
2026-08-20,2026-08-20T11:28:21+08:00,酷狗音乐,热歌榜,酷狗TOP500,2026-08-20,367,坠落,蔡健雅,,4:10,233254CB517BAA74387361C2158519DA,974379,https://www.kugou.com/yy/rank/home/17-8888.html?from=rank
2026-08-20,2026-08-20T11:28:21+08:00,酷狗音乐,热歌榜,酷狗TOP500,2026-08-20,368,求佛,誓言,,4:46,7B7140B23A836DC6EE63B6CD48482402,7614,https://www.kugou.com/yy/rank/home/17-8888.html?from=rank
2026-08-20,2026-08-20T11:28:21+08:00,酷狗音乐,热歌榜,酷狗TOP500,2026-08-20,369,句号,G.E.M. 邓紫棋,,3:56,0EC0DFE7A4090B3C5C2C1831D7F3ED51,35503028,https://www.kugou.com/yy/rank/home/17-8888.html?from=rank
2026-08-20,2026-08-20T11:28:21+08:00,酷狗音乐,热歌榜,酷狗TOP500,2026-08-20,370,不要忘记我爱你,张碧晨,,3:45,C8EBD31EB4B28B4B845119637D90C58D,17022285,https://www.kugou.com/yy/rank/home/17-8888.html?from=rank
2026-08-20,2026-08-20T11:28:21+08:00,酷狗音乐,热歌榜,酷狗TOP500,2026-08-20,371,偏爱你一人,童珺,,3:20,C33EF12144DFC05B3A2D900D41FCCD88,172815154,https://www.kugou.com/yy/rank/home/17-8888.html?from=rank
2026-08-20,2026-08-20T11:28:21+08:00,酷狗音乐,热歌榜,酷狗TOP500,2026-08-20,372,Баллада (民谣),Xcho、Мот,,3:02,0B2EC37A6E065AD181378AAD27391F8F,91468549,https://www.kugou.com/yy/rank/home/17-8888.html?from=rank
2026-08-20,2026-08-20T11:28:21+08:00,酷狗音乐,热歌榜,酷狗TOP500,2026-08-20,373,大城小爱,王力宏,,3:45,3EAF74E9E5065C03B050F356F0567311,2820176,https://www.kugou.com/yy/rank/home/17-8888.html?from=rank
2026-08-20,2026-08-20T11:28:21+08:00,酷狗音乐,热歌榜,酷狗TOP500,2026-08-20,374,别说你还深深爱着我,婉婷、杨烬,,3:45,0938FF862C986F6A93B4A7657CAA1125,195023851,https://www.kugou.com/yy/rank/home/17-8888.html?from=rank
2026-08-20,2026-08-20T11:28:21+08:00,酷狗音乐,热歌榜,酷狗TOP500,2026-08-20,375,没关系 (Live),周深,,3:36,AB9BB1D494EFA5432126EEF4394A0CCD,203650520,https://www.kugou.com/yy/rank/home/18-8888.html?from=rank
2026-08-20,2026-08-20T11:28:21+08:00,酷狗音乐,热歌榜,酷狗TOP500,2026-08-20,376,像我这样爱你的人,马健涛,,3:14,1FD6FF1E5530A70A93BC0AD8D54A301D,203265779,https://www.kugou.com/yy/rank/home/18-8888.html?from=rank
2026-08-20,2026-08-20T11:28:21+08:00,酷狗音乐,热歌榜,酷狗TOP500,2026-08-20,377,去年夏天,王大毛,,4:05,5CD03A78A74761494A39CADFAA832550,8542577,https://www.kugou.com/yy/rank/home/18-8888.html?from=rank
2026-08-20,2026-08-20T11:28:21+08:00,酷狗音乐,热歌榜,酷狗TOP500,2026-08-20,378,每个人 (舒楠监制),周深,,3:51,03A6AFF0ED029F2FF05ED544FCD40D3F,202043425,https://www.kugou.com/yy/rank/home/18-8888.html?from=rank
2026-08-20,2026-08-20T11:28:21+08:00,酷狗音乐,热歌榜,酷狗TOP500,2026-08-20,379,世界上的另一个我,阿肆、郭采洁,,3:58,73C0E5566146583A631C9A94203405D6,4255765,https://www.kugou.com/yy/rank/home/18-8888.html?from=rank
2026-08-20,2026-08-20T11:28:21+08:00,酷狗音乐,热歌榜,酷狗TOP500,2026-08-20,380,刚刚好,薛之谦,,4:11,956EEC514146039E6D6A16B30DD64A7B,1747549,https://www.kugou.com/yy/rank/home/18-8888.html?from=rank
2026-08-20,2026-08-20T11:28:21+08:00,酷狗音乐,热歌榜,酷狗TOP500,2026-08-20,381,相思,毛阿敏,,3:02,FE1F0058EAC6B344D03DB2D0D4315EA1,967188,https://www.kugou.com/yy/rank/home/18-8888.html?from=rank
2026-08-20,2026-08-20T11:28:21+08:00,酷狗音乐,热歌榜,酷狗TOP500,2026-08-20,382,大海,张雨生,,4:40,BF8252BEAE57AEB53490145CA8E81BB4,967705,https://www.kugou.com/yy/rank/home/18-8888.html?from=rank
2026-08-20,2026-08-20T11:28:21+08:00,酷狗音乐,热歌榜,酷狗TOP500,2026-08-20,383,可能,程响,,3:37,38B234C1135A5E9A4C98D55C058A4894,57727291,https://www.kugou.com/yy/rank/home/18-8888.html?from=rank
2026-08-20,2026-08-20T11:28:21+08:00,酷狗音乐,热歌榜,酷狗TOP500,2026-08-20,384,三国恋,Tank,,4:06,1325E661C6044048943A8D7D417ED280,966742,https://www.kugou.com/yy/rank/home/18-8888.html?from=rank
2026-08-20,2026-08-20T11:28:21+08:00,酷狗音乐,热歌榜,酷狗TOP500,2026-08-20,385,陷阱,王北车,,4:41,2FA2217B2F80DFE16F0421E1EF42AEB3,8747471,https://www.kugou.com/yy/rank/home/18-8888.html?from=rank
2026-08-20,2026-08-20T11:28:21+08:00,酷狗音乐,热歌榜,酷狗TOP500,2026-08-20,386,天后 (Live),付辛博、姜潮,,4:30,12962DAC12C97B1BCBE9D303D4D8C29D,203565305,https://www.kugou.com/yy/rank/home/18-8888.html?from=rank
2026-08-20,2026-08-20T11:28:21+08:00,酷狗音乐,热歌榜,酷狗TOP500,2026-08-20,387,天地龙鳞,王力宏,,3:17,DD83DC4A30C3A05D60FFCE6944FB441C,50749156,https://www.kugou.com/yy/rank/home/18-8888.html?from=rank
2026-08-20,2026-08-20T11:28:21+08:00,酷狗音乐,热歌榜,酷狗TOP500,2026-08-20,388,离别开出花 (弹唱版),就是南方凯,,2:52,67911051D7E5B9B3343847D73BF883F5,81781305,https://www.kugou.com/yy/rank/home/18-8888.html?from=rank
2026-08-20,2026-08-20T11:28:21+08:00,酷狗音乐,热歌榜,酷狗TOP500,2026-08-20,389,美丽的神话,孙楠、韩红,,4:52,877281C8E094A848F022BCAAA76945CB,964166,https://www.kugou.com/yy/rank/home/18-8888.html?from=rank
2026-08-20,2026-08-20T11:28:21+08:00,酷狗音乐,热歌榜,酷狗TOP500,2026-08-20,390,我不该动情 (藏语男女合唱版),万能和弦,,3:25,E1CDCF04108F3E2A756E3732E80EEF42,199546874,https://www.kugou.com/yy/rank/home/18-8888.html?from=rank
2026-08-20,2026-08-20T11:28:21+08:00,酷狗音乐,热歌榜,酷狗TOP500,2026-08-20,391,搀扶,马健涛,,5:28,D95AE3CC810BB62D28505AE1510C329F,130332417,https://www.kugou.com/yy/rank/home/18-8888.html?from=rank
2026-08-20,2026-08-20T11:28:21+08:00,酷狗音乐,热歌榜,酷狗TOP500,2026-08-20,392,这世界那么多人,莫文蔚,,4:46,8217FD6FE2973658781FB08DA4F8C4D6,44349469,https://www.kugou.com/yy/rank/home/18-8888.html?from=rank
2026-08-20,2026-08-20T11:28:21+08:00,酷狗音乐,热歌榜,酷狗TOP500,2026-08-20,393,我曾像傻子一样爱你,老板,,4:03,85F18C8A9470C0BE7BD1D679ACFC6E21,171863030,https://www.kugou.com/yy/rank/home/18-8888.html?from=rank
2026-08-20,2026-08-20T11:28:21+08:00,酷狗音乐,热歌榜,酷狗TOP500,2026-08-20,394,忘了 (R&B版),老板,,3:25,ED716A31D379A8DCE6A97C79DEDE6342,189620670,https://www.kugou.com/yy/rank/home/18-8888.html?from=rank
2026-08-20,2026-08-20T11:28:21+08:00,酷狗音乐,热歌榜,酷狗TOP500,2026-08-20,395,明天，你好,牛奶咖啡,,4:32,A9527F71F7149F13E1F78B23C25DD30B,967562,https://www.kugou.com/yy/rank/home/18-8888.html?from=rank
2026-08-20,2026-08-20T11:28:21+08:00,酷狗音乐,热歌榜,酷狗TOP500,2026-08-20,396,Because of You,Kelly Clarkson,,3:39,FED9A7BE6BC7D2FF3B8426ECEF34A2B6,1592158,https://www.kugou.com/yy/rank/home/18-8888.html?from=rank
2026-08-20,2026-08-20T11:28:21+08:00,酷狗音乐,热歌榜,酷狗TOP500,2026-08-20,397,一个人想着一个人,曾沛慈,,4:04,C9148675D85D3C2B306E966000BC5ABD,542900,https://www.kugou.com/yy/rank/home/19-8888.html?from=rank
2026-08-20,2026-08-20T11:28:21+08:00,酷狗音乐,热歌榜,酷狗TOP500,2026-08-20,398,麦恩莉,方大同,,4:48,3A08C7B067EC2E9B552AB8664490FCEB,971920,https://www.kugou.com/yy/rank/home/19-8888.html?from=rank
2026-08-20,2026-08-20T11:28:21+08:00,酷狗音乐,热歌榜,酷狗TOP500,2026-08-20,399,小美满,周深,,3:34,04A21DB1AB3C8E0D1D8F51F11BDB03A1,83112420,https://www.kugou.com/yy/rank/home/19-8888.html?from=rank
2026-08-20,2026-08-20T11:28:21+08:00,酷狗音乐,热歌榜,酷狗TOP500,2026-08-20,400,晚风心里吹,阿梨粤,,3:07,DFFB8F6768AC5044881BB6DD11BDED53,55808898,https://www.kugou.com/yy/rank/home/19-8888.html?from=rank
2026-08-20,2026-08-20T11:28:21+08:00,酷狗音乐,热歌榜,酷狗TOP500,2026-08-20,401,寂寞沙洲冷,周传雄,,4:35,36A4F5EAA748324A5D509D8EDC47699F,984377,https://www.kugou.com/yy/rank/home/19-8888.html?from=rank
2026-08-20,2026-08-20T11:28:21+08:00,酷狗音乐,热歌榜,酷狗TOP500,2026-08-20,402,Dear John,比莉,,5:11,71951213A1C3C313DEEB017D3C9E77CC,2528933,https://www.kugou.com/yy/rank/home/19-8888.html?from=rank
2026-08-20,2026-08-20T11:28:21+08:00,酷狗音乐,热歌榜,酷狗TOP500,2026-08-20,403,一路生花,温奕心,,4:16,4F18553F2AF06E355AD75A5EE6173456,45305792,https://www.kugou.com/yy/rank/home/19-8888.html?from=rank
2026-08-20,2026-08-20T11:28:21+08:00,酷狗音乐,热歌榜,酷狗TOP500,2026-08-20,404,今生啊 多相见,万仁,,3:44,AAE144B41CB32D4256E02C17CFEF0A29,172326826,https://www.kugou.com/yy/rank/home/19-8888.html?from=rank
2026-08-20,2026-08-20T11:28:21+08:00,酷狗音乐,热歌榜,酷狗TOP500,2026-08-20,405,处处吻,杨千嬅,,3:19,A0AEFE0227938F366FF4F9D4F0F6CBE5,971688,https://www.kugou.com/yy/rank/home/19-8888.html?from=rank
2026-08-20,2026-08-20T11:28:21+08:00,酷狗音乐,热歌榜,酷狗TOP500,2026-08-20,406,远走高飞 (独唱版),金志文,,4:02,7196122D828128AF3173560B82528092,2139938,https://www.kugou.com/yy/rank/home/19-8888.html?from=rank
2026-08-20,2026-08-20T11:28:21+08:00,酷狗音乐,热歌榜,酷狗TOP500,2026-08-20,407,想你的夜,关喆,,4:25,1404A292A6E122C99696BDFF04CE982F,963737,https://www.kugou.com/yy/rank/home/19-8888.html?from=rank
2026-08-20,2026-08-20T11:28:21+08:00,酷狗音乐,热歌榜,酷狗TOP500,2026-08-20,408,是非题,莫文蔚,,4:07,60431D272D830AC994DF2584BA56D196,973717,https://www.kugou.com/yy/rank/home/19-8888.html?from=rank
2026-08-20,2026-08-20T11:28:21+08:00,酷狗音乐,热歌榜,酷狗TOP500,2026-08-20,409,天下,张杰,,3:42,17B11C65674378CA43995537331E1D9C,38606351,https://www.kugou.com/yy/rank/home/19-8888.html?from=rank
2026-08-20,2026-08-20T11:28:21+08:00,酷狗音乐,热歌榜,酷狗TOP500,2026-08-20,410,那些你很冒险的梦,林俊杰,,4:05,468A823BD25A585841F4BC5ED3EF945B,977237,https://www.kugou.com/yy/rank/home/19-8888.html?from=rank
2026-08-20,2026-08-20T11:28:21+08:00,酷狗音乐,热歌榜,酷狗TOP500,2026-08-20,411,初恋情人,刘小慧,,4:40,24BD04781E52FE8E7FAB2A6452D85320,532546,https://www.kugou.com/yy/rank/home/19-8888.html?from=rank
2026-08-20,2026-08-20T11:28:21+08:00,酷狗音乐,热歌榜,酷狗TOP500,2026-08-20,412,Dear D (亲爱的告诉你),项睿娴,,3:16,BB530933D223B44998BF5BB16A9F3DB0,162125510,https://www.kugou.com/yy/rank/home/19-8888.html?from=rank
2026-08-20,2026-08-20T11:28:21+08:00,酷狗音乐,热歌榜,酷狗TOP500,2026-08-20,413,我太笨,锤娜丽莎,,4:25,A5D4F40382C0DF1A95A48A617793F03E,46432417,https://www.kugou.com/yy/rank/home/19-8888.html?from=rank
2026-08-20,2026-08-20T11:28:21+08:00,酷狗音乐,热歌榜,酷狗TOP500,2026-08-20,414,水为媒,礼越,,4:18,463569CA5AE9A787A32B66D590C8C98D,200545877,https://www.kugou.com/yy/rank/home/19-8888.html?from=rank
2026-08-20,2026-08-20T11:28:21+08:00,酷狗音乐,热歌榜,酷狗TOP500,2026-08-20,415,无赖,郑中基,,4:04,1C8DCCD42F3FA29BB2878E20C90281E3,7547818,https://www.kugou.com/yy/rank/home/19-8888.html?from=rank
2026-08-20,2026-08-20T11:28:21+08:00,酷狗音乐,热歌榜,酷狗TOP500,2026-08-20,416,多幸运,韩安旭,,4:09,CBAB4AB8D340C977AB800C1ED4D35ED9,555393,https://www.kugou.com/yy/rank/home/19-8888.html?from=rank
2026-08-20,2026-08-20T11:28:21+08:00,酷狗音乐,热歌榜,酷狗TOP500,2026-08-20,417,爱江山更爱美人,小阿枫,,3:57,0D520519BDFE1CE0071AF809BE4C9906,27763428,https://www.kugou.com/yy/rank/home/19-8888.html?from=rank
2026-08-20,2026-08-20T11:28:21+08:00,酷狗音乐,热歌榜,酷狗TOP500,2026-08-20,418,容易受伤的女人,王菲,,4:21,C4BDD79D611789B65B368283D4DDAB0F,980244,https://www.kugou.com/yy/rank/home/19-8888.html?from=rank
2026-08-20,2026-08-20T11:28:21+08:00,酷狗音乐,热歌榜,酷狗TOP500,2026-08-20,419,跨不过的距离,虎二,,4:31,FED5892036FBD176F6FEAE973C565E59,38209191,https://www.kugou.com/yy/rank/home/20-8888.html?from=rank
2026-08-20,2026-08-20T11:28:21+08:00,酷狗音乐,热歌榜,酷狗TOP500,2026-08-20,420,Amani (女声版),落日微醺,,3:54,0E1705D85CE6D8BE87784DFA9C9A5624,194642479,https://www.kugou.com/yy/rank/home/20-8888.html?from=rank
2026-08-20,2026-08-20T11:28:21+08:00,酷狗音乐,热歌榜,酷狗TOP500,2026-08-20,421,一程山路,毛不易,,3:36,72F2E36F606EB3DACF2ACD9DE67FCBD3,34631159,https://www.kugou.com/yy/rank/home/20-8888.html?from=rank
2026-08-20,2026-08-20T11:28:21+08:00,酷狗音乐,热歌榜,酷狗TOP500,2026-08-20,422,是你没选我啊,音乐科代表洪嘉源,,3:07,65D611715B7CC7131E6629F5E1745544,172307133,https://www.kugou.com/yy/rank/home/20-8888.html?from=rank
2026-08-20,2026-08-20T11:28:21+08:00,酷狗音乐,热歌榜,酷狗TOP500,2026-08-20,423,匿名的好友,杨丞琳,,4:23,F9CE6B13B4C90B01B3C129FF11B11C87,2694607,https://www.kugou.com/yy/rank/home/20-8888.html?from=rank
2026-08-20,2026-08-20T11:28:21+08:00,酷狗音乐,热歌榜,酷狗TOP500,2026-08-20,424,倒带,蔡依林,,4:26,446507D2332BC3F263596363A97C6E95,976925,https://www.kugou.com/yy/rank/home/20-8888.html?from=rank
2026-08-20,2026-08-20T11:28:21+08:00,酷狗音乐,热歌榜,酷狗TOP500,2026-08-20,425,愿与愁,林俊杰,,3:52,4A2A7260442B0A5D5F17295F1DD7241B,71681690,https://www.kugou.com/yy/rank/home/20-8888.html?from=rank
2026-08-20,2026-08-20T11:28:21+08:00,酷狗音乐,热歌榜,酷狗TOP500,2026-08-20,426,遗留在岁月的曾经,曲木老表,,3:49,4C1A5D2BD02B857C72364B1416124256,167884062,https://www.kugou.com/yy/rank/home/20-8888.html?from=rank
2026-08-20,2026-08-20T11:28:21+08:00,酷狗音乐,热歌榜,酷狗TOP500,2026-08-20,427,指纹,杜宣达,,4:00,EAF4CB91DA618DBEDC751F54B3B3620D,50057639,https://www.kugou.com/yy/rank/home/20-8888.html?from=rank
2026-08-20,2026-08-20T11:28:21+08:00,酷狗音乐,热歌榜,酷狗TOP500,2026-08-20,428,江声入旧年,聲無哀樂乐队THEWEAPONS、龚琳娜、杨宗勋,,4:11,CC9C270CD9409E62960A83BC5B28DC6C,172928690,https://www.kugou.com/yy/rank/home/20-8888.html?from=rank
2026-08-20,2026-08-20T11:28:21+08:00,酷狗音乐,热歌榜,酷狗TOP500,2026-08-20,429,那些年,胡夏,,6:11,95A46E232F3F0CFFDA7811B7D9C8E6C4,542864,https://www.kugou.com/yy/rank/home/20-8888.html?from=rank
2026-08-20,2026-08-20T11:28:21+08:00,酷狗音乐,热歌榜,酷狗TOP500,2026-08-20,430,不如见一面,海来阿木,,4:08,A8CC7F0EA73DE4DE226B26C3F44DD563,80038154,https://www.kugou.com/yy/rank/home/20-8888.html?from=rank
2026-08-20,2026-08-20T11:28:21+08:00,酷狗音乐,热歌榜,酷狗TOP500,2026-08-20,431,手写的从前,周杰伦,,4:58,C1992BBF6FB5BB2BB86DECF657509FD3,962593,https://www.kugou.com/yy/rank/home/20-8888.html?from=rank
2026-08-20,2026-08-20T11:28:21+08:00,酷狗音乐,热歌榜,酷狗TOP500,2026-08-20,432,左转灯 (1000 Times +1),派伟俊、mac ova seas,,3:17,E51ABAF534E7D2BA42DB5604421D4838,164658305,https://www.kugou.com/yy/rank/home/20-8888.html?from=rank
2026-08-20,2026-08-20T11:28:21+08:00,酷狗音乐,热歌榜,酷狗TOP500,2026-08-20,433,天黑黑,孙燕姿,,3:56,D4601C9FFEADB42961CE4E623FAFD279,973684,https://www.kugou.com/yy/rank/home/20-8888.html?from=rank
2026-08-20,2026-08-20T11:28:21+08:00,酷狗音乐,热歌榜,酷狗TOP500,2026-08-20,434,雀跃,任然、小来,,3:56,F928CB7A772F8A6214EEAEB21FA310D8,2820318,https://www.kugou.com/yy/rank/home/20-8888.html?from=rank
2026-08-20,2026-08-20T11:28:21+08:00,酷狗音乐,热歌榜,酷狗TOP500,2026-08-20,435,Love Story,Taylor Swift,,3:56,193B72D4456A4CC02A3DE7C673FC4E23,13721135,https://www.kugou.com/yy/rank/home/20-8888.html?from=rank
2026-08-20,2026-08-20T11:28:21+08:00,酷狗音乐,热歌榜,酷狗TOP500,2026-08-20,436,读心术,卓文萱,,4:20,3F98A771F8F33556966A9990F66D95C4,965920,https://www.kugou.com/yy/rank/home/20-8888.html?from=rank
2026-08-20,2026-08-20T11:28:21+08:00,酷狗音乐,热歌榜,酷狗TOP500,2026-08-20,437,半岛铁盒,周杰伦,,5:19,67BA8A4A0681F2078BC423CB13B904B7,961807,https://www.kugou.com/yy/rank/home/20-8888.html?from=rank
2026-08-20,2026-08-20T11:28:21+08:00,酷狗音乐,热歌榜,酷狗TOP500,2026-08-20,438,命运,家家,,3:51,B149A3BFD19481F91B9A652AA8EA21C1,959745,https://www.kugou.com/yy/rank/home/20-8888.html?from=rank
2026-08-20,2026-08-20T11:28:21+08:00,酷狗音乐,热歌榜,酷狗TOP500,2026-08-20,439,悬溺,葛东琪,,3:17,666484E904A54B1E62C9FBFDBE6E2563,23773597,https://www.kugou.com/yy/rank/home/20-8888.html?from=rank
2026-08-20,2026-08-20T11:28:21+08:00,酷狗音乐,热歌榜,酷狗TOP500,2026-08-20,440,若今生无缘 (若今生已无缘),万海东,,3:40,E74F4CC22263126EDD4A721AD0D0D0A8,195038536,https://www.kugou.com/yy/rank/home/20-8888.html?from=rank
2026-08-20,2026-08-20T11:28:21+08:00,酷狗音乐,热歌榜,酷狗TOP500,2026-08-20,441,听说你,于冬然,,3:59,D74845DF9E5EB016BFC5FC86F639CA49,58983593,https://www.kugou.com/yy/rank/home/21-8888.html?from=rank
2026-08-20,2026-08-20T11:28:21+08:00,酷狗音乐,热歌榜,酷狗TOP500,2026-08-20,442,当爱在靠近,刘若英,,4:11,D988B9B4B769D979279D4AC9E84907F1,978209,https://www.kugou.com/yy/rank/home/21-8888.html?from=rank
2026-08-20,2026-08-20T11:28:21+08:00,酷狗音乐,热歌榜,酷狗TOP500,2026-08-20,443,修炼爱情,林俊杰,,4:47,8748C12719DCA9F588B1118AC05F6BF8,972188,https://www.kugou.com/yy/rank/home/21-8888.html?from=rank
2026-08-20,2026-08-20T11:28:21+08:00,酷狗音乐,热歌榜,酷狗TOP500,2026-08-20,444,Once upon a Time,Max Oazo、Moonessa,,3:26,04BF97D7F46445917D6AD69113C476EB,11637532,https://www.kugou.com/yy/rank/home/21-8888.html?from=rank
2026-08-20,2026-08-20T11:28:21+08:00,酷狗音乐,热歌榜,酷狗TOP500,2026-08-20,445,他不懂,张杰,,3:52,BA40D69184A05D7BCD335028C5C613BE,38606351,https://www.kugou.com/yy/rank/home/21-8888.html?from=rank
2026-08-20,2026-08-20T11:28:21+08:00,酷狗音乐,热歌榜,酷狗TOP500,2026-08-20,446,玫瑰花的葬礼,许嵩,,4:21,0A335E9374392B72E5965D8F6165E564,1968878,https://www.kugou.com/yy/rank/home/21-8888.html?from=rank
2026-08-20,2026-08-20T11:28:21+08:00,酷狗音乐,热歌榜,酷狗TOP500,2026-08-20,447,意外,薛之谦,,4:52,04E0EDE41EA3CCFF76C04F414E1D03A7,960327,https://www.kugou.com/yy/rank/home/21-8888.html?from=rank
2026-08-20,2026-08-20T11:28:21+08:00,酷狗音乐,热歌榜,酷狗TOP500,2026-08-20,448,淋雨一直走,张韶涵,,3:25,A02F7D09CC7EA191B500834BB5686468,520379,https://www.kugou.com/yy/rank/home/21-8888.html?from=rank
2026-08-20,2026-08-20T11:28:21+08:00,酷狗音乐,热歌榜,酷狗TOP500,2026-08-20,449,下雨天,南拳妈妈,,4:13,947127F991A6A4FF77C89779E6B25AF4,983794,https://www.kugou.com/yy/rank/home/21-8888.html?from=rank
2026-08-20,2026-08-20T11:28:21+08:00,酷狗音乐,热歌榜,酷狗TOP500,2026-08-20,450,如果这就是爱情,张靓颖,,4:43,4E871DF1E2034CF6BAAD7B03D2386058,2597425,https://www.kugou.com/yy/rank/home/21-8888.html?from=rank
2026-08-20,2026-08-20T11:28:21+08:00,酷狗音乐,热歌榜,酷狗TOP500,2026-08-20,451,西楼儿女,海来阿木,,4:18,84DA47460010F3D91E203F777233DAA4,62931439,https://www.kugou.com/yy/rank/home/21-8888.html?from=rank
2026-08-20,2026-08-20T11:28:21+08:00,酷狗音乐,热歌榜,酷狗TOP500,2026-08-20,452,爱在西元前,周杰伦,,3:54,66B756FB1331807B032EF97F7BA9948E,958706,https://www.kugou.com/yy/rank/home/21-8888.html?from=rank
2026-08-20,2026-08-20T11:28:21+08:00,酷狗音乐,热歌榜,酷狗TOP500,2026-08-20,453,无憾 (港风女声版),林栖,,3:22,5E6F3A691F522C56417AF93B224D28A6,192152197,https://www.kugou.com/yy/rank/home/21-8888.html?from=rank
2026-08-20,2026-08-20T11:28:21+08:00,酷狗音乐,热歌榜,酷狗TOP500,2026-08-20,454,琵琶行,奇然、沈谧仁,,5:35,0AB355EF75A56A57E1790734B2E26ED9,2563381,https://www.kugou.com/yy/rank/home/21-8888.html?from=rank
2026-08-20,2026-08-20T11:28:21+08:00,酷狗音乐,热歌榜,酷狗TOP500,2026-08-20,455,一生能有多少个秋天,一叶儿知秋,,3:58,8638058FBC28673B1FBC64903725E474,202001781,https://www.kugou.com/yy/rank/home/21-8888.html?from=rank
2026-08-20,2026-08-20T11:28:21+08:00,酷狗音乐,热歌榜,酷狗TOP500,2026-08-20,456,거짓말 (谎言),BIGBANG,,3:49,9E478E01993D6ADA88EDDF5B9E3C2CF9,536641,https://www.kugou.com/yy/rank/home/21-8888.html?from=rank
2026-08-20,2026-08-20T11:28:21+08:00,酷狗音乐,热歌榜,酷狗TOP500,2026-08-20,457,相遇的意义 (烟嗓R&B版),落日微醺,,3:09,1DB50CE5AFC2AE239D1E0E68C8A21B1A,196504361,https://www.kugou.com/yy/rank/home/21-8888.html?from=rank
2026-08-20,2026-08-20T11:28:21+08:00,酷狗音乐,热歌榜,酷狗TOP500,2026-08-20,458,庙堂之外,陈楚生,,4:42,65CC0C98906C215C18D4F84BD52362FE,154339092,https://www.kugou.com/yy/rank/home/21-8888.html?from=rank
2026-08-20,2026-08-20T11:28:21+08:00,酷狗音乐,热歌榜,酷狗TOP500,2026-08-20,459,安和桥,宇西,,4:09,BFB6233E7687776800FDA3FD76EBFB41,13667444,https://www.kugou.com/yy/rank/home/21-8888.html?from=rank
2026-08-20,2026-08-20T11:28:21+08:00,酷狗音乐,热歌榜,酷狗TOP500,2026-08-20,460,泡泡,牛佳钰,,3:37,CB6BD8CDFF1DA01DAEF01C389CBAD645,37403884,https://www.kugou.com/yy/rank/home/21-8888.html?from=rank
2026-08-20,2026-08-20T11:28:21+08:00,酷狗音乐,热歌榜,酷狗TOP500,2026-08-20,461,喜欢,阿肆,,4:10,F4233033E11BEF5AECD3BD64528A8236,14167090,https://www.kugou.com/yy/rank/home/21-8888.html?from=rank
2026-08-20,2026-08-20T11:28:21+08:00,酷狗音乐,热歌榜,酷狗TOP500,2026-08-20,462,这辈子欠自己太多 (R&B版),落日微醺小醺,,3:20,E40AA5F0A09EB0FA842A79697C08CB32,201209326,https://www.kugou.com/yy/rank/home/21-8888.html?from=rank
2026-08-20,2026-08-20T11:28:21+08:00,酷狗音乐,热歌榜,酷狗TOP500,2026-08-20,463,月亮照山川,窝窝,,3:18,B96C803232E044E3D6308EAE37ADDE1D,142338715,https://www.kugou.com/yy/rank/home/22-8888.html?from=rank
2026-08-20,2026-08-20T11:28:21+08:00,酷狗音乐,热歌榜,酷狗TOP500,2026-08-20,464,就当你是个过客 (微醺版),弦外之音,,3:51,25F7DA5CB330B2D9E0D539947432C465,202310879,https://www.kugou.com/yy/rank/home/22-8888.html?from=rank
2026-08-20,2026-08-20T11:28:21+08:00,酷狗音乐,热歌榜,酷狗TOP500,2026-08-20,465,你要的全拿走,胡彦斌,,4:59,489E4872BD06E51C969AE81748E78A10,8317330,https://www.kugou.com/yy/rank/home/22-8888.html?from=rank
2026-08-20,2026-08-20T11:28:21+08:00,酷狗音乐,热歌榜,酷狗TOP500,2026-08-20,466,胡广生,任素汐,,3:34,8C655F575EBB2414B53EFF0D2C13188D,12506106,https://www.kugou.com/yy/rank/home/22-8888.html?from=rank
2026-08-20,2026-08-20T11:28:21+08:00,酷狗音乐,热歌榜,酷狗TOP500,2026-08-20,467,到时说爱我,茜拉 (Shila Amzah),,3:22,06085E4FDF0789E8C53561ADA39EDB79,58314622,https://www.kugou.com/yy/rank/home/22-8888.html?from=rank
2026-08-20,2026-08-20T11:28:21+08:00,酷狗音乐,热歌榜,酷狗TOP500,2026-08-20,468,别怕我伤心,张信哲,,4:47,976677A739F25908591FA822CB1F1DF3,538030,https://www.kugou.com/yy/rank/home/22-8888.html?from=rank
2026-08-20,2026-08-20T11:28:21+08:00,酷狗音乐,热歌榜,酷狗TOP500,2026-08-20,469,暖一杯茶,邵帅,,4:03,26A9B8C6480C22BC4342F22CB897E760,23061596,https://www.kugou.com/yy/rank/home/22-8888.html?from=rank
2026-08-20,2026-08-20T11:28:21+08:00,酷狗音乐,热歌榜,酷狗TOP500,2026-08-20,470,小幸运,田馥甄,,4:24,D9BAAC2681B355607895B2885F49DA37,550662,https://www.kugou.com/yy/rank/home/22-8888.html?from=rank
2026-08-20,2026-08-20T11:28:21+08:00,酷狗音乐,热歌榜,酷狗TOP500,2026-08-20,471,That Girl,Olly Murs,,2:57,B32C3C7FA2452E7338BFC6F2283FE8ED,1820815,https://www.kugou.com/yy/rank/home/22-8888.html?from=rank
2026-08-20,2026-08-20T11:28:21+08:00,酷狗音乐,热歌榜,酷狗TOP500,2026-08-20,472,逆风的船 (看那朝阳爬过了山峦),蓝波,,3:16,0FC1FA099A3F6984C1C1D4EC211D5A7B,199831134,https://www.kugou.com/yy/rank/home/22-8888.html?from=rank
2026-08-20,2026-08-20T11:28:21+08:00,酷狗音乐,热歌榜,酷狗TOP500,2026-08-20,473,嘉宾,张远,,5:34,96D0DEFE09DFE43C57EE9AC3B1EA408E,39699796,https://www.kugou.com/yy/rank/home/22-8888.html?from=rank
2026-08-20,2026-08-20T11:28:21+08:00,酷狗音乐,热歌榜,酷狗TOP500,2026-08-20,474,放生,范逸臣 Van Fan,,4:33,ECAD846ED5A19AD736F9885F805A7E64,490139,https://www.kugou.com/yy/rank/home/22-8888.html?from=rank
2026-08-20,2026-08-20T11:28:21+08:00,酷狗音乐,热歌榜,酷狗TOP500,2026-08-20,475,问情 (烟嗓良人Remix),大头钉团队,,4:16,A495E8DA73ED8EB8FC3CFAFE6F0CD48D,202389890,https://www.kugou.com/yy/rank/home/22-8888.html?from=rank
2026-08-20,2026-08-20T11:28:21+08:00,酷狗音乐,热歌榜,酷狗TOP500,2026-08-20,476,同手同脚,温岚,,4:18,1DB5F549DF57C1C9553D9BDD735C763A,2997107,https://www.kugou.com/yy/rank/home/22-8888.html?from=rank
2026-08-20,2026-08-20T11:28:21+08:00,酷狗音乐,热歌榜,酷狗TOP500,2026-08-20,477,女孩,韦礼安,,5:06,A0701AE5A100E543DE602E75C64A7424,1766500,https://www.kugou.com/yy/rank/home/22-8888.html?from=rank
2026-08-20,2026-08-20T11:28:21+08:00,酷狗音乐,热歌榜,酷狗TOP500,2026-08-20,478,你不知道的事,王力宏,,4:39,3722EE8644818A260FD8AF3A173D71C3,982128,https://www.kugou.com/yy/rank/home/22-8888.html?from=rank
2026-08-20,2026-08-20T11:28:21+08:00,酷狗音乐,热歌榜,酷狗TOP500,2026-08-20,479,求求你别再说爱我,杨不乖,,3:30,B847847C32E0A77E3AF6833B765EE836,200754416,https://www.kugou.com/yy/rank/home/22-8888.html?from=rank
2026-08-20,2026-08-20T11:28:21+08:00,酷狗音乐,热歌榜,酷狗TOP500,2026-08-20,480,NIGHT DANCER (夜中舞者),imase,,3:31,572C3807BF90891332ED77A72DB74272,59918395,https://www.kugou.com/yy/rank/home/22-8888.html?from=rank
2026-08-20,2026-08-20T11:28:21+08:00,酷狗音乐,热歌榜,酷狗TOP500,2026-08-20,481,静音恋人 (两颗缠绕的心),礼越,,3:26,61F7ABEFA41C847C8F237C68883027CA,183361126,https://www.kugou.com/yy/rank/home/22-8888.html?from=rank
2026-08-20,2026-08-20T11:28:21+08:00,酷狗音乐,热歌榜,酷狗TOP500,2026-08-20,482,千年泪,Tank,,4:20,44267017D31CE619BA68E358A233BA01,557277,https://www.kugou.com/yy/rank/home/22-8888.html?from=rank
2026-08-20,2026-08-20T11:28:21+08:00,酷狗音乐,热歌榜,酷狗TOP500,2026-08-20,483,time machine (feat. aren park)(Original Mix),mj apanay、aren park,,3:46,6FC23D8694067908061BB145B6DFCB87,100264848,https://www.kugou.com/yy/rank/home/22-8888.html?from=rank
2026-08-20,2026-08-20T11:28:21+08:00,酷狗音乐,热歌榜,酷狗TOP500,2026-08-20,484,"Baby, Don't Cry (人鱼的眼泪)(Chinese Ver.)",EXO,,3:56,B692ED61ED4DDE69C50EB8B975D4E04D,22436133,https://www.kugou.com/yy/rank/home/22-8888.html?from=rank
2026-08-20,2026-08-20T11:28:21+08:00,酷狗音乐,热歌榜,酷狗TOP500,2026-08-20,485,天若有情,A-Lin,,4:17,2E6CE4E79982AE2119A69C1D30537EA2,1805426,https://www.kugou.com/yy/rank/home/23-8888.html?from=rank
2026-08-20,2026-08-20T11:28:21+08:00,酷狗音乐,热歌榜,酷狗TOP500,2026-08-20,486,推开世界的门,杨乃文,,4:42,6B5A905C8904FD4A23D255DA1B5592C9,1803972,https://www.kugou.com/yy/rank/home/23-8888.html?from=rank
2026-08-20,2026-08-20T11:28:21+08:00,酷狗音乐,热歌榜,酷狗TOP500,2026-08-20,487,爱，请问怎么走,A-Lin,,4:28,D67CB2EA6082D5AB871509EC06B48370,964045,https://www.kugou.com/yy/rank/home/23-8888.html?from=rank
2026-08-20,2026-08-20T11:28:21+08:00,酷狗音乐,热歌榜,酷狗TOP500,2026-08-20,488,够钟,周柏豪,,3:49,E4B3BF912E057F13097B0D81BE64D0CE,982092,https://www.kugou.com/yy/rank/home/23-8888.html?from=rank
2026-08-20,2026-08-20T11:28:21+08:00,酷狗音乐,热歌榜,酷狗TOP500,2026-08-20,489,写不完的温柔,G.E.M. 邓紫棋,,3:58,E0D4042F7D27F0C26E66F9695F467CA4,4414381,https://www.kugou.com/yy/rank/home/23-8888.html?from=rank
2026-08-20,2026-08-20T11:28:21+08:00,酷狗音乐,热歌榜,酷狗TOP500,2026-08-20,490,再见,张震岳,,3:04,13B04C6FA7B92D747534CD88718CADAC,969234,https://www.kugou.com/yy/rank/home/23-8888.html?from=rank
2026-08-20,2026-08-20T11:28:21+08:00,酷狗音乐,热歌榜,酷狗TOP500,2026-08-20,491,再见,G.E.M. 邓紫棋,,3:26,DB01B91EB3279E0F6B064706441087D2,555825,https://www.kugou.com/yy/rank/home/23-8888.html?from=rank
2026-08-20,2026-08-20T11:28:21+08:00,酷狗音乐,热歌榜,酷狗TOP500,2026-08-20,492,听哭了自己,沧桑老叔,,3:32,2F886E50337A0268514AA517C5E13A39,184905718,https://www.kugou.com/yy/rank/home/23-8888.html?from=rank
2026-08-20,2026-08-20T11:28:21+08:00,酷狗音乐,热歌榜,酷狗TOP500,2026-08-20,493,戒不掉,欧阳耀莹,,3:07,C53849004337DD113C795E8EC1E9BE29,9265598,https://www.kugou.com/yy/rank/home/23-8888.html?from=rank
2026-08-20,2026-08-20T11:28:21+08:00,酷狗音乐,热歌榜,酷狗TOP500,2026-08-20,494,是你没选我啊,于冬然,,3:22,885046DF8380B7506A6B12EC8F6E201D,176303736,https://www.kugou.com/yy/rank/home/23-8888.html?from=rank
2026-08-20,2026-08-20T11:28:21+08:00,酷狗音乐,热歌榜,酷狗TOP500,2026-08-20,495,如果爱忘了 (Live),汪苏泷、单依纯,,4:05,50F260DC0A2E7203A1AB89E1937F3927,83718089,https://www.kugou.com/yy/rank/home/23-8888.html?from=rank
2026-08-20,2026-08-20T11:28:21+08:00,酷狗音乐,热歌榜,酷狗TOP500,2026-08-20,496,如果累了就回故乡,鱼精,,3:10,A2895D0C5CEDDC7AC57DCC32AA11CB4F,203339346,https://www.kugou.com/yy/rank/home/23-8888.html?from=rank
2026-08-20,2026-08-20T11:28:21+08:00,酷狗音乐,热歌榜,酷狗TOP500,2026-08-20,497,七月七日晴,许慧欣,,4:04,BF84417DB0D5DDC017B346C0885B47B4,959497,https://www.kugou.com/yy/rank/home/23-8888.html?from=rank
2026-08-20,2026-08-20T11:28:21+08:00,酷狗音乐,热歌榜,酷狗TOP500,2026-08-20,498,有一种爱叫做放手,阿木,,4:24,8ACE2D4510E26FBDC4736055C5AE4B03,971509,https://www.kugou.com/yy/rank/home/23-8888.html?from=rank
2026-08-20,2026-08-20T11:28:21+08:00,酷狗音乐,热歌榜,酷狗TOP500,2026-08-20,499,我落泪情绪零碎,周杰伦,,4:18,27943EB1CBD46F7BB165B054CE6EBDC8,958812,https://www.kugou.com/yy/rank/home/23-8888.html?from=rank
2026-08-20,2026-08-20T11:28:21+08:00,酷狗音乐,热歌榜,酷狗TOP500,2026-08-20,500,咏春,七朵组合,,4:31,9C54B0CCA0581987E92560F11413E88F,8344834,https://www.kugou.com/yy/rank/home/23-8888.html?from=rank
2026-08-20,2026-08-20T11:28:21+08:00,酷狗音乐,飙升榜,酷狗飙升榜,2026-08-20,1,如果累了就回故乡 (少年版),酷酷里,,3:53,CDCB078226FF05314C211CCBED7F99FF,203339346,https://www.kugou.com/yy/rank/home/1-6666.html?from=rank
2026-08-20,2026-08-20T11:28:21+08:00,酷狗音乐,飙升榜,酷狗飙升榜,2026-08-20,2,动了情的人如此难忘 (我还在傻傻盼你回头望),玲妹儿,,3:16,CCD901B4E9C49436442057979F7C7035,203226535,https://www.kugou.com/yy/rank/home/1-6666.html?from=rank
2026-08-20,2026-08-20T11:28:21+08:00,酷狗音乐,飙升榜,酷狗飙升榜,2026-08-20,3,晚风告白,黄星、邱鼎杰,,3:57,485A75C6874017D615EE0572F519F2EE,204016055,https://www.kugou.com/yy/rank/home/1-6666.html?from=rank
2026-08-20,2026-08-20T11:28:21+08:00,酷狗音乐,飙升榜,酷狗飙升榜,2026-08-20,4,只为遇见你,刘宇,,4:10,44E9AC5E0708A5AA278334DC3B55FF39,203569194,https://www.kugou.com/yy/rank/home/1-6666.html?from=rank
2026-08-20,2026-08-20T11:28:21+08:00,酷狗音乐,飙升榜,酷狗飙升榜,2026-08-20,5,等,小阿七,,4:40,B30DF2435EAED52F6D2319DDE8905796,204041734,https://www.kugou.com/yy/rank/home/1-6666.html?from=rank
2026-08-20,2026-08-20T11:28:21+08:00,酷狗音乐,飙升榜,酷狗飙升榜,2026-08-20,6,你把我删了吧,陈瑞,,4:07,8C226416614649776FD996FB9A56F877,204058509,https://www.kugou.com/yy/rank/home/1-6666.html?from=rank
2026-08-20,2026-08-20T11:28:21+08:00,酷狗音乐,飙升榜,酷狗飙升榜,2026-08-20,7,藏,夏伟淳LAH,,2:48,37A6790240CE9C6254219E4127658F6C,61353710,https://www.kugou.com/yy/rank/home/1-6666.html?from=rank
2026-08-20,2026-08-20T11:28:21+08:00,酷狗音乐,飙升榜,酷狗飙升榜,2026-08-20,8,七夕,邓丽欣,,3:11,A5471E3A28A87B8E741D8B0E21A560F8,984038,https://www.kugou.com/yy/rank/home/1-6666.html?from=rank
2026-08-20,2026-08-20T11:28:21+08:00,酷狗音乐,飙升榜,酷狗飙升榜,2026-08-20,9,痴痴的盼傻傻的等,唐薇,,3:39,57F394419E6399221CC3ED584EF4DBBA,203979955,https://www.kugou.com/yy/rank/home/1-6666.html?from=rank
2026-08-20,2026-08-20T11:28:21+08:00,酷狗音乐,飙升榜,酷狗飙升榜,2026-08-20,10,不敢回看曾经走过的路,飙哥哥,,3:13,EC6D6D63D67AE98E134D1FADD56397D0,203177593,https://www.kugou.com/yy/rank/home/1-6666.html?from=rank
2026-08-20,2026-08-20T11:28:21+08:00,酷狗音乐,飙升榜,酷狗飙升榜,2026-08-20,11,那个坏小子 (บักคนซั่ว),ทิดแอม,,2:31,BCBC6D081482F9BC0B049255D45F0D71,201362051,https://www.kugou.com/yy/rank/home/1-6666.html?from=rank
2026-08-20,2026-08-20T11:28:21+08:00,酷狗音乐,飙升榜,酷狗飙升榜,2026-08-20,12,初次约会,封茗囧菌,,2:53,D821CAD50E651190026773A270CF0493,204058327,https://www.kugou.com/yy/rank/home/1-6666.html?from=rank
2026-08-20,2026-08-20T11:28:21+08:00,酷狗音乐,飙升榜,酷狗飙升榜,2026-08-20,13,唯愿 The Only Wish,Noworries,,3:09,6DAADDDEB5474142AE0D6BD4A28823FC,197081960,https://www.kugou.com/yy/rank/home/1-6666.html?from=rank
2026-08-20,2026-08-20T11:28:21+08:00,酷狗音乐,飙升榜,酷狗飙升榜,2026-08-20,14,Jeremy wade (我是杰瑞米瓦德),Rain And foam,,3:24,04BEF685657938B25B1ECB51BFB8F2A5,109032881,https://www.kugou.com/yy/rank/home/1-6666.html?from=rank
2026-08-20,2026-08-20T11:28:21+08:00,酷狗音乐,飙升榜,酷狗飙升榜,2026-08-20,15,晚风定义,李沛恩、江衡,,3:43,BE1ED37101BF894FD38F2344323FD344,204016055,https://www.kugou.com/yy/rank/home/1-6666.html?from=rank
2026-08-20,2026-08-20T11:28:21+08:00,酷狗音乐,飙升榜,酷狗飙升榜,2026-08-20,16,盼风盼雨盼不来你,怪阿姨,,2:58,E15A3F7F960F9482AE90F0C4CB1C5C6C,204006973,https://www.kugou.com/yy/rank/home/1-6666.html?from=rank
2026-08-20,2026-08-20T11:28:21+08:00,酷狗音乐,飙升榜,酷狗飙升榜,2026-08-20,17,海岛,夏婉安,,3:00,0D93B4DAA2C302498E55841227C273BC,204039676,https://www.kugou.com/yy/rank/home/1-6666.html?from=rank
2026-08-20,2026-08-20T11:28:21+08:00,酷狗音乐,飙升榜,酷狗飙升榜,2026-08-20,18,想,朱添泽,,3:55,1AB9EEEB9C77DA33EEF138B7B1E7691A,40646040,https://www.kugou.com/yy/rank/home/1-6666.html?from=rank
2026-08-20,2026-08-20T11:28:21+08:00,酷狗音乐,飙升榜,酷狗飙升榜,2026-08-20,19,听你,卜彦文,,3:11,52E2FE6839CA7DC9A507A0ADC77A5461,67061767,https://www.kugou.com/yy/rank/home/1-6666.html?from=rank
2026-08-20,2026-08-20T11:28:21+08:00,酷狗音乐,飙升榜,酷狗飙升榜,2026-08-20,20,如何复刻,卡带林,,3:26,E30AAC2EFA529867A1A3ADF16D791B06,65114660,https://www.kugou.com/yy/rank/home/1-6666.html?from=rank
2026-08-20,2026-08-20T11:28:21+08:00,酷狗音乐,飙升榜,酷狗飙升榜,2026-08-20,21,我试问天上仙 (微醺版),月落微醺,,3:16,BA27EE8E10ED1151FF04A525459F75AE,203114314,https://www.kugou.com/yy/rank/home/1-6666.html?from=rank
2026-08-20,2026-08-20T11:28:21+08:00,酷狗音乐,飙升榜,酷狗飙升榜,2026-08-20,22,青岚筝韵 (古筝曲大全纯音乐),古风纯音乐,,2:13,8DFE0610300BDF78574BAB46771F2B58,200141200,https://www.kugou.com/yy/rank/home/1-6666.html?from=rank
2026-08-20,2026-08-20T11:28:21+08:00,酷狗音乐,飙升榜,酷狗飙升榜,2026-08-20,23,穿越时空拥抱你,陈子晴,,3:40,D47F2E0F274E494C81366B9AB9004494,50277268,https://www.kugou.com/yy/rank/home/2-6666.html?from=rank
2026-08-20,2026-08-20T11:28:21+08:00,酷狗音乐,飙升榜,酷狗飙升榜,2026-08-20,24,无缘相依,杨不乖,,4:10,09557695E4F3802369328D9560BD478D,204049488,https://www.kugou.com/yy/rank/home/2-6666.html?from=rank
2026-08-20,2026-08-20T11:28:21+08:00,酷狗音乐,飙升榜,酷狗飙升榜,2026-08-20,25,可不可以慢一点忘记我,咖啡不加糖,,3:24,3606B8308E563F6000B6528A3F706152,202294816,https://www.kugou.com/yy/rank/home/2-6666.html?from=rank
2026-08-20,2026-08-20T11:28:21+08:00,酷狗音乐,飙升榜,酷狗飙升榜,2026-08-20,26,陪你多少日落 (你却丢下我),烟嗓小木,,2:23,688090F89B87B2BDB5F8A8647C94C3EC,196797762,https://www.kugou.com/yy/rank/home/2-6666.html?from=rank
2026-08-20,2026-08-20T11:28:21+08:00,酷狗音乐,飙升榜,酷狗飙升榜,2026-08-20,27,敬岁月一杯酒,万海东,,3:32,C417C9621CD6D9A48DA79900D9B9502D,201889141,https://www.kugou.com/yy/rank/home/2-6666.html?from=rank
2026-08-20,2026-08-20T11:28:21+08:00,酷狗音乐,飙升榜,酷狗飙升榜,2026-08-20,28,这辈子欠自己太多 (R&B版),落日微醺小醺,,3:20,E40AA5F0A09EB0FA842A79697C08CB32,201209326,https://www.kugou.com/yy/rank/home/2-6666.html?from=rank
2026-08-20,2026-08-20T11:28:21+08:00,酷狗音乐,飙升榜,酷狗飙升榜,2026-08-20,29,奔赴好时光,崔伟立,,3:23,3FF5EF7EF342EEB6D1B0E24BA315A3F4,203930727,https://www.kugou.com/yy/rank/home/2-6666.html?from=rank
2026-08-20,2026-08-20T11:28:21+08:00,酷狗音乐,飙升榜,酷狗飙升榜,2026-08-20,30,七月的烟火,玄觞,,3:44,6CF7CB51AEED66DC0DD70E7B00DA19D7,204008800,https://www.kugou.com/yy/rank/home/2-6666.html?from=rank
2026-08-20,2026-08-20T11:28:21+08:00,酷狗音乐,飙升榜,酷狗飙升榜,2026-08-20,31,大小姐,苏醒AllenSu,,3:12,4725FC2D4C7C39D3826D63A1BFD77213,203985253,https://www.kugou.com/yy/rank/home/2-6666.html?from=rank
2026-08-20,2026-08-20T11:28:21+08:00,酷狗音乐,飙升榜,酷狗飙升榜,2026-08-20,32,囚鸟 (冷冷的看着你说谎的样子),悦开心,,3:06,0871090AB9CBA981FFF9FEAEBF4237FE,203355488,https://www.kugou.com/yy/rank/home/2-6666.html?from=rank
2026-08-20,2026-08-20T11:28:21+08:00,酷狗音乐,飙升榜,酷狗飙升榜,2026-08-20,33,Eternally Yours (永远属于你),GFY1994,,2:15,8FE9BB44C251A52B590589B6354F4F63,204027869,https://www.kugou.com/yy/rank/home/2-6666.html?from=rank
2026-08-20,2026-08-20T11:28:21+08:00,酷狗音乐,飙升榜,酷狗飙升榜,2026-08-20,34,至少相拥没错,MC 张天赋,,3:35,4C9A49CF72BF9FC49AD9FF72E791D437,204035017,https://www.kugou.com/yy/rank/home/2-6666.html?from=rank
2026-08-20,2026-08-20T11:28:21+08:00,酷狗音乐,飙升榜,酷狗飙升榜,2026-08-20,35,90后的我们 (现场版),彭妃妃,,5:08,0EDC71FF0C02B8D7F8DA13BA925A86CB,203242638,https://www.kugou.com/yy/rank/home/2-6666.html?from=rank
2026-08-20,2026-08-20T11:28:21+08:00,酷狗音乐,飙升榜,酷狗飙升榜,2026-08-20,36,禾和何,何浩楠,,3:14,87D0EDC91B15B0C1584A4C995FF0674A,204061346,https://www.kugou.com/yy/rank/home/2-6666.html?from=rank
2026-08-20,2026-08-20T11:28:21+08:00,酷狗音乐,飙升榜,酷狗飙升榜,2026-08-20,37,人生十万坎坷路 (微醺版),月落微醺,,2:58,D9EE2F97BE8F08FA2BA561507269B91A,203114368,https://www.kugou.com/yy/rank/home/2-6666.html?from=rank
2026-08-20,2026-08-20T11:28:21+08:00,酷狗音乐,飙升榜,酷狗飙升榜,2026-08-20,38,你对天发誓爱我一辈子,王娜,,4:30,5389F409AC42A339FAAA02C4BD670813,201446666,https://www.kugou.com/yy/rank/home/2-6666.html?from=rank
2026-08-20,2026-08-20T11:28:21+08:00,酷狗音乐,飙升榜,酷狗飙升榜,2026-08-20,39,未名辞,林墨汁、彼岸屿声,,4:00,8BA3B5A700E36FFAE16995E8137D9A99,48898424,https://www.kugou.com/yy/rank/home/2-6666.html?from=rank
2026-08-20,2026-08-20T11:28:21+08:00,酷狗音乐,飙升榜,酷狗飙升榜,2026-08-20,40,难缠的回忆 (生命总是美丽的),燕宝儿,,4:04,41556744CA718C8B2304EA5734FBF16F,204040602,https://www.kugou.com/yy/rank/home/2-6666.html?from=rank
2026-08-20,2026-08-20T11:28:21+08:00,酷狗音乐,飙升榜,酷狗飙升榜,2026-08-20,41,一剑称侠,林墨汁、彼岸屿声,,3:51,E97829B198D92A68CBE443CDB16508E6,50466310,https://www.kugou.com/yy/rank/home/2-6666.html?from=rank
2026-08-20,2026-08-20T11:28:21+08:00,酷狗音乐,飙升榜,酷狗飙升榜,2026-08-20,42,是否有缘和你相依,谭总,,3:58,0EACDF0C6C69A7ADDB21D9CE943FA137,200335348,https://www.kugou.com/yy/rank/home/2-6666.html?from=rank
2026-08-20,2026-08-20T11:28:21+08:00,酷狗音乐,飙升榜,酷狗飙升榜,2026-08-20,43,执迷不悟,李家鑫,,3:44,59839A86F5286AE934B0D40BE6C1207A,203985612,https://www.kugou.com/yy/rank/home/2-6666.html?from=rank
2026-08-20,2026-08-20T11:28:21+08:00,酷狗音乐,飙升榜,酷狗飙升榜,2026-08-20,44,别哭，我最爱的人 (语录版),洋澜一,,3:16,9D09723A429739AACC2EF427E3170189,204058463,https://www.kugou.com/yy/rank/home/2-6666.html?from=rank
2026-08-20,2026-08-20T11:28:21+08:00,酷狗音乐,飙升榜,酷狗飙升榜,2026-08-20,45,做不成夫妻做红尘知己 (律动版),姜雨涵,,3:52,DF43C04ADF0B7096BAC3068DD0199817,203862779,https://www.kugou.com/yy/rank/home/3-6666.html?from=rank
2026-08-20,2026-08-20T11:28:21+08:00,酷狗音乐,飙升榜,酷狗飙升榜,2026-08-20,46,也许在下雨天 (合唱版),何遇Hayu、杜一、林乐儿,,3:48,3ED4ECFECBEBE85FB59504FF1F1C169E,203112488,https://www.kugou.com/yy/rank/home/3-6666.html?from=rank
2026-08-20,2026-08-20T11:28:21+08:00,酷狗音乐,飙升榜,酷狗飙升榜,2026-08-20,47,清浊通络灵音音乐,黄沐清,,2:19,3737B32FE41C6C9B859135F7FCE0B395,194764395,https://www.kugou.com/yy/rank/home/3-6666.html?from=rank
2026-08-20,2026-08-20T11:28:21+08:00,酷狗音乐,飙升榜,酷狗飙升榜,2026-08-20,48,没有情人的情人节,孟庭苇,,4:16,E3C6C0018C84404EE3C78ECC31C4BA90,970398,https://www.kugou.com/yy/rank/home/3-6666.html?from=rank
2026-08-20,2026-08-20T11:28:21+08:00,酷狗音乐,飙升榜,酷狗飙升榜,2026-08-20,49,空白格 (Live),黄晓明、刘雨昕,,4:33,AEA26ACF4F9C1E3DCD834A20579644FA,203565305,https://www.kugou.com/yy/rank/home/3-6666.html?from=rank
2026-08-20,2026-08-20T11:28:21+08:00,酷狗音乐,飙升榜,酷狗飙升榜,2026-08-20,50,假如今夜没有月亮,孟庭苇,,4:08,ED6FD26DC26C237E6DC662D65BAC7408,204025416,https://www.kugou.com/yy/rank/home/3-6666.html?from=rank
2026-08-20,2026-08-20T11:28:21+08:00,酷狗音乐,飙升榜,酷狗飙升榜,2026-08-20,51,好巧是你,周深,,3:52,39CFDE963DCB9F94020D1F3BDE8E6792,204059600,https://www.kugou.com/yy/rank/home/3-6666.html?from=rank
2026-08-20,2026-08-20T11:28:21+08:00,酷狗音乐,飙升榜,酷狗飙升榜,2026-08-20,52,飞 (风浪没平息 我宣告奔跑的意义),米奇老虎、DJ铁柱,,2:51,2ABD5506EFB6409B8572B0B4D424939D,203140584,https://www.kugou.com/yy/rank/home/3-6666.html?from=rank
2026-08-20,2026-08-20T11:28:21+08:00,酷狗音乐,飙升榜,酷狗飙升榜,2026-08-20,53,落空,蓝乐,,4:03,19D0BFF15FA6008C8D9DACDF92A598E4,199943834,https://www.kugou.com/yy/rank/home/3-6666.html?from=rank
2026-08-20,2026-08-20T11:28:21+08:00,酷狗音乐,飙升榜,酷狗飙升榜,2026-08-20,54,灰色风铃,陈默之,,4:33,EC4D8251CA96B6C6E318A88AAE707C76,204008554,https://www.kugou.com/yy/rank/home/3-6666.html?from=rank
2026-08-20,2026-08-20T11:28:21+08:00,酷狗音乐,飙升榜,酷狗飙升榜,2026-08-20,55,山野的风,吉克隽逸,,2:39,E41A2279AB0BE5970B41B67D2EFF7B14,204016228,https://www.kugou.com/yy/rank/home/3-6666.html?from=rank
2026-08-20,2026-08-20T11:28:21+08:00,酷狗音乐,飙升榜,酷狗飙升榜,2026-08-20,56,玫瑰与翡翠,孙艺琪,,3:36,92DC4DBC7A01EB483DC1A69B86A6515B,199967317,https://www.kugou.com/yy/rank/home/3-6666.html?from=rank
2026-08-20,2026-08-20T11:28:21+08:00,酷狗音乐,飙升榜,酷狗飙升榜,2026-08-20,57,自救,善宇,,3:17,6B6606B4DA1253491071A1A691425119,184830838,https://www.kugou.com/yy/rank/home/3-6666.html?from=rank
2026-08-20,2026-08-20T11:28:21+08:00,酷狗音乐,飙升榜,酷狗飙升榜,2026-08-20,58,难寄相思,刘君,,3:31,29AE474BE2FE43E1815269FE89BDB12E,170711383,https://www.kugou.com/yy/rank/home/3-6666.html?from=rank
2026-08-20,2026-08-20T11:28:21+08:00,酷狗音乐,飙升榜,酷狗飙升榜,2026-08-20,59,无法根治的嗜好,大坨,,3:59,682BF0A39895B9A999D72322D9AFED63,66412745,https://www.kugou.com/yy/rank/home/3-6666.html?from=rank
2026-08-20,2026-08-20T11:28:21+08:00,酷狗音乐,飙升榜,酷狗飙升榜,2026-08-20,60,长夜无眠 人间渡罪 (现场版),彭妃妃,,4:45,7DEE2A13F7BBC2C4AF9DACDF65EC6064,203539042,https://www.kugou.com/yy/rank/home/3-6666.html?from=rank
2026-08-20,2026-08-20T11:28:21+08:00,酷狗音乐,飙升榜,酷狗飙升榜,2026-08-20,61,无缘相依,L（桃籽）,,4:10,0CF8E77231257DDF3442A4CCB4BCB712,204049436,https://www.kugou.com/yy/rank/home/3-6666.html?from=rank
2026-08-20,2026-08-20T11:28:21+08:00,酷狗音乐,飙升榜,酷狗飙升榜,2026-08-20,62,Would U Be Mine,张艺兴,,2:38,4862B823AB3E3C6DBB23892F8E1A9BF8,160107620,https://www.kugou.com/yy/rank/home/3-6666.html?from=rank
2026-08-20,2026-08-20T11:28:21+08:00,酷狗音乐,飙升榜,酷狗飙升榜,2026-08-20,63,花只开一遍,歪歪超、袁小葳,,2:57,8B9DD725E1D0CBAA0A5F66152A58FA70,97773781,https://www.kugou.com/yy/rank/home/3-6666.html?from=rank
2026-08-20,2026-08-20T11:28:21+08:00,酷狗音乐,飙升榜,酷狗飙升榜,2026-08-20,64,多想与你相遇在那春风里,兰雨、梁文君,,4:42,739B92C4B00F3A67C467A721CF5D742C,42851891,https://www.kugou.com/yy/rank/home/3-6666.html?from=rank
2026-08-20,2026-08-20T11:28:21+08:00,酷狗音乐,飙升榜,酷狗飙升榜,2026-08-20,65,别那么喜欢,语墨Yomi,,3:03,8031508E7529F86E368E409188A0C86F,57254667,https://www.kugou.com/yy/rank/home/3-6666.html?from=rank
2026-08-20,2026-08-20T11:28:21+08:00,酷狗音乐,飙升榜,酷狗飙升榜,2026-08-20,66,爱上我又丢下我,大柚子,,3:39,1AF55520AAA4483C08A322A78FC8A16B,192686698,https://www.kugou.com/yy/rank/home/3-6666.html?from=rank
2026-08-20,2026-08-20T11:28:21+08:00,酷狗音乐,飙升榜,酷狗飙升榜,2026-08-20,67,春水入弦 (古筝十大名曲),郑锦程,,2:25,6D6C605AFEDF7A32DB6588F97F7CDE7F,200548250,https://www.kugou.com/yy/rank/home/4-6666.html?from=rank
2026-08-20,2026-08-20T11:28:21+08:00,酷狗音乐,飙升榜,酷狗飙升榜,2026-08-20,68,也许在下雨天 (对唱版),何遇Hayu、王子义,,3:48,CEC74F364EE9494EDB55DCE6234B9925,203112488,https://www.kugou.com/yy/rank/home/4-6666.html?from=rank
2026-08-20,2026-08-20T11:28:21+08:00,酷狗音乐,飙升榜,酷狗飙升榜,2026-08-20,69,无缘相依,杨月星,,4:10,800D8948028B64B2CC0C49A7ADDB27C9,204049561,https://www.kugou.com/yy/rank/home/4-6666.html?from=rank
2026-08-20,2026-08-20T11:28:21+08:00,酷狗音乐,飙升榜,酷狗飙升榜,2026-08-20,70,雨纷飞,温果希,,3:04,78A74A57F6B69ADE611B47B94A5455A7,100342694,https://www.kugou.com/yy/rank/home/4-6666.html?from=rank
2026-08-20,2026-08-20T11:28:21+08:00,酷狗音乐,飙升榜,酷狗飙升榜,2026-08-20,71,爱情麻辣烫 (忘情牛肉面填词版),马健涛,,3:14,26715A4B40721445397606340F4022AE,201642810,https://www.kugou.com/yy/rank/home/4-6666.html?from=rank
2026-08-20,2026-08-20T11:28:21+08:00,酷狗音乐,飙升榜,酷狗飙升榜,2026-08-20,72,如果当初没遇见 (烟嗓版),烟嗓阿文,,4:45,4F9C73EAE0E1557077AAA06B3EA5B0B1,203200135,https://www.kugou.com/yy/rank/home/4-6666.html?from=rank
2026-08-20,2026-08-20T11:28:21+08:00,酷狗音乐,飙升榜,酷狗飙升榜,2026-08-20,73,同天空,周柏豪、孙玥琪,,2:51,4EC6E4770F0DFE1D598253B925B151C7,204008597,https://www.kugou.com/yy/rank/home/4-6666.html?from=rank
2026-08-20,2026-08-20T11:28:21+08:00,酷狗音乐,飙升榜,酷狗飙升榜,2026-08-20,74,祈神怜,一颗狼星,,3:29,94CB7C464D6301E3DE112CFEFD869B81,202989642,https://www.kugou.com/yy/rank/home/4-6666.html?from=rank
2026-08-20,2026-08-20T11:28:21+08:00,酷狗音乐,飙升榜,酷狗飙升榜,2026-08-20,75,浴火,朱朔燃,,3:03,D7EA478D23E5CEE3C2BD68DD5B728C27,74496863,https://www.kugou.com/yy/rank/home/4-6666.html?from=rank
2026-08-20,2026-08-20T11:28:21+08:00,酷狗音乐,飙升榜,酷狗飙升榜,2026-08-20,76,红尘好戏,风华音纪、叶里,,3:33,B45D0BE741426E263B279F9AE3D2C924,203886023,https://www.kugou.com/yy/rank/home/4-6666.html?from=rank
2026-08-20,2026-08-20T11:28:21+08:00,酷狗音乐,飙升榜,酷狗飙升榜,2026-08-20,77,来生不说再见,畅儿,,4:16,3A57841670809E40E4D86F3C73E12D2D,204084631,https://www.kugou.com/yy/rank/home/4-6666.html?from=rank
2026-08-20,2026-08-20T11:28:21+08:00,酷狗音乐,飙升榜,酷狗飙升榜,2026-08-20,78,明知他心,嗷呜一口仙贝（陈婉琳）,,3:16,4301AD714AC9F06D98E3661E5BE77857,59551657,https://www.kugou.com/yy/rank/home/4-6666.html?from=rank
2026-08-20,2026-08-20T11:28:21+08:00,酷狗音乐,飙升榜,酷狗飙升榜,2026-08-20,79,Midnight Silence (午夜沉寂Slow),GFY1994,,2:50,60B89C5A3F7F98C8D9A89BB5310FC097,204026383,https://www.kugou.com/yy/rank/home/4-6666.html?from=rank
2026-08-20,2026-08-20T11:28:21+08:00,酷狗音乐,飙升榜,酷狗飙升榜,2026-08-20,80,风雨半生游,舞帝利哥,,3:16,BD74638E7864CA75189E2F28028A736F,203259167,https://www.kugou.com/yy/rank/home/4-6666.html?from=rank
2026-08-20,2026-08-20T11:28:21+08:00,酷狗音乐,飙升榜,酷狗飙升榜,2026-08-20,81,纸短情长,洛先生,,2:38,3AD32A226C07477C81C3C704C1230167,204039164,https://www.kugou.com/yy/rank/home/4-6666.html?from=rank
2026-08-20,2026-08-20T11:28:21+08:00,酷狗音乐,飙升榜,酷狗飙升榜,2026-08-20,82,星海绮遇,冯建宇,,3:54,42CF3238EC43CD88244D1A93AE038D6F,158672093,https://www.kugou.com/yy/rank/home/4-6666.html?from=rank
2026-08-20,2026-08-20T11:28:21+08:00,酷狗音乐,飙升榜,酷狗飙升榜,2026-08-20,83,想去山里躲一躲 (欠自己太多),阿诺瓦,,3:43,EF8C4E42F0B8994A26A383B1C752D952,199226737,https://www.kugou.com/yy/rank/home/4-6666.html?from=rank
2026-08-20,2026-08-20T11:28:21+08:00,酷狗音乐,飙升榜,酷狗飙升榜,2026-08-20,84,You in My Heart,京仔,,3:37,C31733432382A97907BBDCE03655010D,202707571,https://www.kugou.com/yy/rank/home/4-6666.html?from=rank
2026-08-20,2026-08-20T11:28:21+08:00,酷狗音乐,飙升榜,酷狗飙升榜,2026-08-20,85,水元固元音乐·充盈水元 舒缓乏力,余雪晴,,2:54,1FD0D0A6BE394A7E35905CEA076F6490,199907069,https://www.kugou.com/yy/rank/home/4-6666.html?from=rank
2026-08-20,2026-08-20T11:28:21+08:00,酷狗音乐,飙升榜,酷狗飙升榜,2026-08-20,86,寂光 Primordial Light,Noworries,,2:01,06F72C23BC5037D895594D172E27B47E,177542939,https://www.kugou.com/yy/rank/home/4-6666.html?from=rank
2026-08-20,2026-08-20T11:28:21+08:00,酷狗音乐,飙升榜,酷狗飙升榜,2026-08-20,87,小美满 (Live),宋亚轩、AGA、黄子弘凡、姚晓棠、周深、吴莫愁、金志文、龚琳娜、陈小春,,3:25,2BAAAF0D75AB0769A3ABF6CB582BF319,203650520,https://www.kugou.com/yy/rank/home/4-6666.html?from=rank
2026-08-20,2026-08-20T11:28:21+08:00,酷狗音乐,飙升榜,酷狗飙升榜,2026-08-20,88,洞房,张云雷,,3:46,7AA296392E05AF97BEC96405C857252A,204015635,https://www.kugou.com/yy/rank/home/4-6666.html?from=rank
2026-08-20,2026-08-20T11:28:21+08:00,酷狗音乐,飙升榜,酷狗飙升榜,2026-08-20,89,Call me,梓渝,,3:46,A9C3012F4EB2FD59744CB3CE1E90E9D8,146723143,https://www.kugou.com/yy/rank/home/5-6666.html?from=rank
2026-08-20,2026-08-20T11:28:21+08:00,酷狗音乐,飙升榜,酷狗飙升榜,2026-08-20,90,三两人间酒,王娜,,3:29,067AD236AA4EF17F9E1F3CC40595EF78,204042738,https://www.kugou.com/yy/rank/home/5-6666.html?from=rank
2026-08-20,2026-08-20T11:28:21+08:00,酷狗音乐,飙升榜,酷狗飙升榜,2026-08-20,91,暖一杯茶 (时间会证明我多爱你啊),周小冉,,2:51,51E3961FE12B14257A8B249B7D3A7FDC,199805646,https://www.kugou.com/yy/rank/home/5-6666.html?from=rank
2026-08-20,2026-08-20T11:28:21+08:00,酷狗音乐,飙升榜,酷狗飙升榜,2026-08-20,92,如果累了就回故乡,鱼精,,3:10,A2895D0C5CEDDC7AC57DCC32AA11CB4F,203339346,https://www.kugou.com/yy/rank/home/5-6666.html?from=rank
2026-08-20,2026-08-20T11:28:21+08:00,酷狗音乐,飙升榜,酷狗飙升榜,2026-08-20,93,BiiiG,BIGBANG,,2:44,5B01EAFF3A33F68EEA86A8276FECB6C7,203883863,https://www.kugou.com/yy/rank/home/5-6666.html?from=rank
2026-08-20,2026-08-20T11:28:21+08:00,酷狗音乐,飙升榜,酷狗飙升榜,2026-08-20,94,凄凄,王秋实,,3:20,5DD14A8F3D6995BF8EE62589D8576B15,204033102,https://www.kugou.com/yy/rank/home/5-6666.html?from=rank
2026-08-20,2026-08-20T11:28:21+08:00,酷狗音乐,飙升榜,酷狗飙升榜,2026-08-20,95,圆圆 (田园吉他版),陈子晴,,2:08,55EC9AE4587C18DC3C7D382B925D8402,70671347,https://www.kugou.com/yy/rank/home/5-6666.html?from=rank
2026-08-20,2026-08-20T11:28:21+08:00,酷狗音乐,飙升榜,酷狗飙升榜,2026-08-20,96,风起时你在哪 (爱你不止七夕 更在朝夕),烟嗓船长,,4:03,7E7A1033E72C0D58F85F6082ADF53477,204028560,https://www.kugou.com/yy/rank/home/5-6666.html?from=rank
2026-08-20,2026-08-20T11:28:21+08:00,酷狗音乐,飙升榜,酷狗飙升榜,2026-08-20,97,阿妹 (阿妹阿妹就与阿哥相随),DJ小鱼儿,,3:14,3498704B3DA62E318F9A4944DA8BCB9B,198548584,https://www.kugou.com/yy/rank/home/5-6666.html?from=rank
2026-08-20,2026-08-20T11:28:21+08:00,酷狗音乐,飙升榜,酷狗飙升榜,2026-08-20,98,美丽心情 (男版),wilson生 (徐伟生),,3:31,8B5FA55D791AEE0C1B61A35E72DBB0CA,203110127,https://www.kugou.com/yy/rank/home/5-6666.html?from=rank
2026-08-20,2026-08-20T11:28:21+08:00,酷狗音乐,飙升榜,酷狗飙升榜,2026-08-20,99,城市河流,杨坤,,3:37,4A8394DA98261B2DB4530AF4BAB0C4AA,203927784,https://www.kugou.com/yy/rank/home/5-6666.html?from=rank
2026-08-20,2026-08-20T11:28:21+08:00,酷狗音乐,飙升榜,酷狗飙升榜,2026-08-20,100,五行养生音乐：清心缓压 松弛压抑情绪,思柠,,2:19,AA1852413ED7019696E3B03FA3829306,200335583,https://www.kugou.com/yy/rank/home/5-6666.html?from=rank
2026-08-20,2026-08-20T11:28:21+08:00,微博,热搜榜,微博热搜榜,,1,女儿拒动用十万压岁钱支付生活费,民生新闻,热度 1372536,,女儿拒动用十万压岁钱支付生活费,,https://s.weibo.com/weibo?q=%23%E5%A5%B3%E5%84%BF%E6%8B%92%E5%8A%A8%E7%94%A8%E5%8D%81%E4%B8%87%E5%8E%8B%E5%B2%81%E9%92%B1%E6%94%AF%E4%BB%98%E7%94%9F%E6%B4%BB%E8%B4%B9%23
2026-08-20,2026-08-20T11:28:21+08:00,微博,热搜榜,微博热搜榜,,2,河南濮阳地震,突发/灾害,热度 1370874；新,,河南濮阳地震,,https://s.weibo.com/weibo?q=%23%E6%B2%B3%E5%8D%97%E6%BF%AE%E9%98%B3%E5%9C%B0%E9%9C%87%23
2026-08-20,2026-08-20T11:28:21+08:00,微博,热搜榜,微博热搜榜,,3,7个China热词讲透中国潮,国内时政,热度 1182959,,7个China热词讲透中国潮,,https://s.weibo.com/weibo?q=%237%E4%B8%AAChina%E7%83%AD%E8%AF%8D%E8%AE%B2%E9%80%8F%E4%B8%AD%E5%9B%BD%E6%BD%AE%23
2026-08-20,2026-08-20T11:28:21+08:00,微博,热搜榜,微博热搜榜,,4,我家那闺女,综艺,热度 1126121；新,,我家那闺女,综艺,https://s.weibo.com/weibo?q=%23%E6%88%91%E5%AE%B6%E9%82%A3%E9%97%BA%E5%A5%B3%23
2026-08-20,2026-08-20T11:28:21+08:00,微博,热搜榜,微博热搜榜,,5,黑神话,游戏,热度 990072,,黑神话,,https://s.weibo.com/weibo?q=%23%E9%BB%91%E7%A5%9E%E8%AF%9D%23
2026-08-20,2026-08-20T11:28:21+08:00,微博,热搜榜,微博热搜榜,,6,警方通报青岛男子辱骂女游客,民生新闻,热度 935673；新,,警方通报青岛男子辱骂女游客,,https://s.weibo.com/weibo?q=%23%E8%AD%A6%E6%96%B9%E9%80%9A%E6%8A%A5%E9%9D%92%E5%B2%9B%E7%94%B7%E5%AD%90%E8%BE%B1%E9%AA%82%E5%A5%B3%E6%B8%B8%E5%AE%A2%23
2026-08-20,2026-08-20T11:28:21+08:00,微博,热搜榜,微博热搜榜,,7,宇树大跌,"财经,互联网",热度 820460；新,,宇树大跌,,https://s.weibo.com/weibo?q=%23%E5%AE%87%E6%A0%91%E5%A4%A7%E8%B7%8C%23
2026-08-20,2026-08-20T11:28:21+08:00,微博,热搜榜,微博热搜榜,,8,全季酒店 再追究对我们对你都不好,民生新闻,热度 641559,,全季酒店 再追究对我们对你都不好,,https://s.weibo.com/weibo?q=%23%E5%85%A8%E5%AD%A3%E9%85%92%E5%BA%97%20%E5%86%8D%E8%BF%BD%E7%A9%B6%E5%AF%B9%E6%88%91%E4%BB%AC%E5%AF%B9%E4%BD%A0%E9%83%BD%E4%B8%8D%E5%A5%BD%23
2026-08-20,2026-08-20T11:28:21+08:00,微博,热搜榜,微博热搜榜,,9,艾滋病检测结果不得告知配偶,议题讨论,热度 634994；新,,艾滋病检测结果不得告知配偶,,https://s.weibo.com/weibo?q=%23%E8%89%BE%E6%BB%8B%E7%97%85%E6%A3%80%E6%B5%8B%E7%BB%93%E6%9E%9C%E4%B8%8D%E5%BE%97%E5%91%8A%E7%9F%A5%E9%85%8D%E5%81%B6%23
2026-08-20,2026-08-20T11:28:21+08:00,微博,热搜榜,微博热搜榜,,10,欢迎来龙餐馆超越我不是药神了吗,电影,热度 627786；新,,欢迎来龙餐馆超越我不是药神了吗,电影,https://s.weibo.com/weibo?q=%23%E6%AC%A2%E8%BF%8E%E6%9D%A5%E9%BE%99%E9%A4%90%E9%A6%86%E8%B6%85%E8%B6%8A%E6%88%91%E4%B8%8D%E6%98%AF%E8%8D%AF%E7%A5%9E%E4%BA%86%E5%90%97%23
2026-08-20,2026-08-20T11:28:21+08:00,微博,热搜榜,微博热搜榜,,11,彭小苒承认恋情,艺人,热度 627675；新,,彭小苒承认恋情,['彭小苒'],https://s.weibo.com/weibo?q=%23%E5%BD%AD%E5%B0%8F%E8%8B%92%E6%89%BF%E8%AE%A4%E6%81%8B%E6%83%85%23
2026-08-20,2026-08-20T11:28:21+08:00,微博,热搜榜,微博热搜榜,,12,总裁助理骗局,民生新闻,热度 627559；新,,总裁助理骗局,,https://s.weibo.com/weibo?q=%23%E6%80%BB%E8%A3%81%E5%8A%A9%E7%90%86%E9%AA%97%E5%B1%80%23
2026-08-20,2026-08-20T11:28:21+08:00,微博,热搜榜,微博热搜榜,,13,任重宣布孙骁骁二胎,艺人,热度 624905；新,,任重宣布孙骁骁二胎,"['孙骁骁', '任重']",https://s.weibo.com/weibo?q=%23%E4%BB%BB%E9%87%8D%E5%AE%A3%E5%B8%83%E5%AD%99%E9%AA%81%E9%AA%81%E4%BA%8C%E8%83%8E%23
2026-08-20,2026-08-20T11:28:21+08:00,微博,热搜榜,微博热搜榜,,14,早春晴朗,剧集,热度 609534；新,,早春晴朗,剧集,https://s.weibo.com/weibo?q=%23%E6%97%A9%E6%98%A5%E6%99%B4%E6%9C%97%23
2026-08-20,2026-08-20T11:28:21+08:00,微博,热搜榜,微博热搜榜,,15,济南震感,突发/灾害,热度 606798；新,,济南震感,,https://s.weibo.com/weibo?q=%23%E6%B5%8E%E5%8D%97%E9%9C%87%E6%84%9F%23
2026-08-20,2026-08-20T11:28:21+08:00,微博,热搜榜,微博热搜榜,,16,肖战小说都不敢这么写,艺人,热度 594437,,肖战小说都不敢这么写,['肖战'],https://s.weibo.com/weibo?q=%23%E8%82%96%E6%88%98%E5%B0%8F%E8%AF%B4%E9%83%BD%E4%B8%8D%E6%95%A2%E8%BF%99%E4%B9%88%E5%86%99%23
2026-08-20,2026-08-20T11:28:21+08:00,微博,热搜榜,微博热搜榜,,17,遭枪击身亡处长女儿曾遭死亡威胁,民生新闻,热度 522328；新,,遭枪击身亡处长女儿曾遭死亡威胁,,https://s.weibo.com/weibo?q=%23%E9%81%AD%E6%9E%AA%E5%87%BB%E8%BA%AB%E4%BA%A1%E5%A4%84%E9%95%BF%E5%A5%B3%E5%84%BF%E6%9B%BE%E9%81%AD%E6%AD%BB%E4%BA%A1%E5%A8%81%E8%83%81%23
2026-08-20,2026-08-20T11:28:21+08:00,微博,热搜榜,微博热搜榜,,18,冯骥黑神话的十条开发原则,游戏,热度 496943；新,,冯骥黑神话的十条开发原则,,https://s.weibo.com/weibo?q=%23%E5%86%AF%E9%AA%A5%E9%BB%91%E7%A5%9E%E8%AF%9D%E7%9A%84%E5%8D%81%E6%9D%A1%E5%BC%80%E5%8F%91%E5%8E%9F%E5%88%99%23
2026-08-20,2026-08-20T11:28:21+08:00,微博,热搜榜,微博热搜榜,,19,黑神话钟馗新实机,游戏,热度 472743；新,,黑神话钟馗新实机,,https://s.weibo.com/weibo?q=%23%E9%BB%91%E7%A5%9E%E8%AF%9D%E9%92%9F%E9%A6%97%E6%96%B0%E5%AE%9E%E6%9C%BA%23
2026-08-20,2026-08-20T11:28:21+08:00,微博,热搜榜,微博热搜榜,,20,小米人形机器人现场视频曝光,互联网,热度 471794,,小米人形机器人现场视频曝光,,https://s.weibo.com/weibo?q=%23%E5%B0%8F%E7%B1%B3%E4%BA%BA%E5%BD%A2%E6%9C%BA%E5%99%A8%E4%BA%BA%E7%8E%B0%E5%9C%BA%E8%A7%86%E9%A2%91%E6%9B%9D%E5%85%89%23
2026-08-20,2026-08-20T11:28:21+08:00,微博,热搜榜,微博热搜榜,,21,女子凌晨倒掉24瓶爱心水被拍下,民生新闻,热度 468758,,女子凌晨倒掉24瓶爱心水被拍下,,https://s.weibo.com/weibo?q=%23%E5%A5%B3%E5%AD%90%E5%87%8C%E6%99%A8%E5%80%92%E6%8E%8924%E7%93%B6%E7%88%B1%E5%BF%83%E6%B0%B4%E8%A2%AB%E6%8B%8D%E4%B8%8B%23
2026-08-20,2026-08-20T11:28:21+08:00,微博,热搜榜,微博热搜榜,,22,抢公章,民生新闻,热度 467537；新,,抢公章,,https://s.weibo.com/weibo?q=%23%E6%8A%A2%E5%85%AC%E7%AB%A0%23
2026-08-20,2026-08-20T11:28:21+08:00,微博,热搜榜,微博热搜榜,,23,女儿有10万压岁钱每月还要2500生活费,民生新闻,热度 463464；新,,女儿有10万压岁钱每月还要2500生活费,,https://s.weibo.com/weibo?q=%23%E5%A5%B3%E5%84%BF%E6%9C%8910%E4%B8%87%E5%8E%8B%E5%B2%81%E9%92%B1%E6%AF%8F%E6%9C%88%E8%BF%98%E8%A6%812500%E7%94%9F%E6%B4%BB%E8%B4%B9%23
2026-08-20,2026-08-20T11:28:21+08:00,微博,热搜榜,微博热搜榜,,24,法院认定宝相花属公有纹样,民生新闻,热度 461307；新,,法院认定宝相花属公有纹样,,https://s.weibo.com/weibo?q=%23%E6%B3%95%E9%99%A2%E8%AE%A4%E5%AE%9A%E5%AE%9D%E7%9B%B8%E8%8A%B1%E5%B1%9E%E5%85%AC%E6%9C%89%E7%BA%B9%E6%A0%B7%23
2026-08-20,2026-08-20T11:28:21+08:00,微博,热搜榜,微博热搜榜,,25,时代少年团 古茗,艺人,热度 460175；新,,时代少年团 古茗,['时代少年团'],https://s.weibo.com/weibo?q=%23%E6%97%B6%E4%BB%A3%E5%B0%91%E5%B9%B4%E5%9B%A2%20%E5%8F%A4%E8%8C%97%23
2026-08-20,2026-08-20T11:28:21+08:00,微博,热搜榜,微博热搜榜,,26,刘雯连宣两大顶奢广告,艺人,热度 458317；新,,刘雯连宣两大顶奢广告,['刘雯'],https://s.weibo.com/weibo?q=%23%E5%88%98%E9%9B%AF%E8%BF%9E%E5%AE%A3%E4%B8%A4%E5%A4%A7%E9%A1%B6%E5%A5%A2%E5%B9%BF%E5%91%8A%23
2026-08-20,2026-08-20T11:28:21+08:00,微博,热搜榜,微博热搜榜,,27,宇树科技跌超15%,财经,热度 455606；新,,宇树科技跌超15%,,https://s.weibo.com/weibo?q=%23%E5%AE%87%E6%A0%91%E7%A7%91%E6%8A%80%E8%B7%8C%E8%B6%8515%25%23
2026-08-20,2026-08-20T11:28:21+08:00,微博,热搜榜,微博热搜榜,,28,空枪 李嘉诚儿子绑架案,电影,热度 451536,,空枪 李嘉诚儿子绑架案,电影,https://s.weibo.com/weibo?q=%23%E7%A9%BA%E6%9E%AA%20%E6%9D%8E%E5%98%89%E8%AF%9A%E5%84%BF%E5%AD%90%E7%BB%91%E6%9E%B6%E6%A1%88%23
2026-08-20,2026-08-20T11:28:21+08:00,微博,热搜榜,微博热搜榜,,29,肖战看到红海的反应,艺人,热度 451270；新,,肖战看到红海的反应,['肖战'],https://s.weibo.com/weibo?q=%23%E8%82%96%E6%88%98%E7%9C%8B%E5%88%B0%E7%BA%A2%E6%B5%B7%E7%9A%84%E5%8F%8D%E5%BA%94%23
2026-08-20,2026-08-20T11:28:21+08:00,微博,热搜榜,微博热搜榜,,30,菏泽震感,突发/灾害,热度 447949；新,,菏泽震感,,https://s.weibo.com/weibo?q=%23%E8%8F%8F%E6%B3%BD%E9%9C%87%E6%84%9F%23
2026-08-20,2026-08-20T11:28:21+08:00,微博,热搜榜,微博热搜榜,,31,理想汽车宇树科技梦幻联动,汽车,热度 444553；新,,理想汽车宇树科技梦幻联动,,https://s.weibo.com/weibo?q=%23%E7%90%86%E6%83%B3%E6%B1%BD%E8%BD%A6%E5%AE%87%E6%A0%91%E7%A7%91%E6%8A%80%E6%A2%A6%E5%B9%BB%E8%81%94%E5%8A%A8%23
2026-08-20,2026-08-20T11:28:21+08:00,微博,热搜榜,微博热搜榜,,32,鹤岗化城市名单,议题讨论,热度 443980；新,,鹤岗化城市名单,,https://s.weibo.com/weibo?q=%23%E9%B9%A4%E5%B2%97%E5%8C%96%E5%9F%8E%E5%B8%82%E5%90%8D%E5%8D%95%23
2026-08-20,2026-08-20T11:28:21+08:00,微博,热搜榜,微博热搜榜,,33,县政府称赤裸女童系自行脱衣,民生新闻,热度 439651；新,,县政府称赤裸女童系自行脱衣,,https://s.weibo.com/weibo?q=%23%E5%8E%BF%E6%94%BF%E5%BA%9C%E7%A7%B0%E8%B5%A4%E8%A3%B8%E5%A5%B3%E7%AB%A5%E7%B3%BB%E8%87%AA%E8%A1%8C%E8%84%B1%E8%A1%A3%23
2026-08-20,2026-08-20T11:28:21+08:00,微博,热搜榜,微博热搜榜,,34,青岛海之恋公园 精神问题成免罪牌,民生新闻,热度 437694；新,,青岛海之恋公园 精神问题成免罪牌,,https://s.weibo.com/weibo?q=%23%E9%9D%92%E5%B2%9B%E6%B5%B7%E4%B9%8B%E6%81%8B%E5%85%AC%E5%9B%AD%20%E7%B2%BE%E7%A5%9E%E9%97%AE%E9%A2%98%E6%88%90%E5%85%8D%E7%BD%AA%E7%89%8C%23
2026-08-20,2026-08-20T11:28:21+08:00,微博,热搜榜,微博热搜榜,,35,冯骥杨奇分享黑神话开发心得,游戏,热度 435843；新,,冯骥杨奇分享黑神话开发心得,,https://s.weibo.com/weibo?q=%23%E5%86%AF%E9%AA%A5%E6%9D%A8%E5%A5%87%E5%88%86%E4%BA%AB%E9%BB%91%E7%A5%9E%E8%AF%9D%E5%BC%80%E5%8F%91%E5%BF%83%E5%BE%97%23
2026-08-20,2026-08-20T11:28:21+08:00,微博,热搜榜,微博热搜榜,,36,12306回应买票占座放零食这座位能让吗,民生新闻,热度 432601,,12306回应买票占座放零食这座位能让吗,,https://s.weibo.com/weibo?q=%2312306%E5%9B%9E%E5%BA%94%E4%B9%B0%E7%A5%A8%E5%8D%A0%E5%BA%A7%E6%94%BE%E9%9B%B6%E9%A3%9F%E8%BF%99%E5%BA%A7%E4%BD%8D%E8%83%BD%E8%AE%A9%E5%90%97%23
2026-08-20,2026-08-20T11:28:21+08:00,微博,热搜榜,微博热搜榜,,37,公积金修改前vs修改后,民生新闻,热度 430196；新,,公积金修改前vs修改后,,https://s.weibo.com/weibo?q=%23%E5%85%AC%E7%A7%AF%E9%87%91%E4%BF%AE%E6%94%B9%E5%89%8Dvs%E4%BF%AE%E6%94%B9%E5%90%8E%23
2026-08-20,2026-08-20T11:28:21+08:00,微博,热搜榜,微博热搜榜,,38,一景区21岁水上飞人教练溺亡,民生新闻,热度 429680,,一景区21岁水上飞人教练溺亡,,https://s.weibo.com/weibo?q=%23%E4%B8%80%E6%99%AF%E5%8C%BA21%E5%B2%81%E6%B0%B4%E4%B8%8A%E9%A3%9E%E4%BA%BA%E6%95%99%E7%BB%83%E6%BA%BA%E4%BA%A1%23
2026-08-20,2026-08-20T11:28:21+08:00,微博,热搜榜,微博热搜榜,,39,BLG首发上单Bin,电竞,热度 425320；新,,BLG首发上单Bin,,https://s.weibo.com/weibo?q=%23BLG%E9%A6%96%E5%8F%91%E4%B8%8A%E5%8D%95Bin%23
2026-08-20,2026-08-20T11:28:21+08:00,微博,热搜榜,微博热搜榜,,40,井柏然孙千吻戏追着亲,剧集,热度 424394；新,,井柏然孙千吻戏追着亲,剧集,https://s.weibo.com/weibo?q=%23%E4%BA%95%E6%9F%8F%E7%84%B6%E5%AD%99%E5%8D%83%E5%90%BB%E6%88%8F%E8%BF%BD%E7%9D%80%E4%BA%B2%23
2026-08-20,2026-08-20T11:28:21+08:00,微博,热搜榜,微博热搜榜,,41,和AI一起写的文章还算原创吗,议题讨论,热度 421437；新,,和AI一起写的文章还算原创吗,,https://s.weibo.com/weibo?q=%23%E5%92%8CAI%E4%B8%80%E8%B5%B7%E5%86%99%E7%9A%84%E6%96%87%E7%AB%A0%E8%BF%98%E7%AE%97%E5%8E%9F%E5%88%9B%E5%90%97%23
2026-08-20,2026-08-20T11:28:21+08:00,微博,热搜榜,微博热搜榜,,42,姜珮瑶找凌玲像AI一样丝滑,剧集,热度 418071,,姜珮瑶找凌玲像AI一样丝滑,剧集,https://s.weibo.com/weibo?q=%23%E5%A7%9C%E7%8F%AE%E7%91%B6%E6%89%BE%E5%87%8C%E7%8E%B2%E5%83%8FAI%E4%B8%80%E6%A0%B7%E4%B8%9D%E6%BB%91%23
2026-08-20,2026-08-20T11:28:21+08:00,微博,热搜榜,微博热搜榜,,43,NCTDREAM全员续约,艺人,热度 416270；新,,NCTDREAM全员续约,,https://s.weibo.com/weibo?q=%23NCTDREAM%E5%85%A8%E5%91%98%E7%BB%AD%E7%BA%A6%23
2026-08-20,2026-08-20T11:28:21+08:00,微博,热搜榜,微博热搜榜,,44,游戏科学,游戏,热度 413353,,游戏科学,,https://s.weibo.com/weibo?q=%23%E6%B8%B8%E6%88%8F%E7%A7%91%E5%AD%A6%23
2026-08-20,2026-08-20T11:28:21+08:00,微博,热搜榜,微博热搜榜,,45,迪丽热巴连续3个月被传恋情,艺人,热度 410866,,迪丽热巴连续3个月被传恋情,['迪丽热巴'],https://s.weibo.com/weibo?q=%23%E8%BF%AA%E4%B8%BD%E7%83%AD%E5%B7%B4%E8%BF%9E%E7%BB%AD3%E4%B8%AA%E6%9C%88%E8%A2%AB%E4%BC%A0%E6%81%8B%E6%83%85%23
2026-08-20,2026-08-20T11:28:21+08:00,微博,热搜榜,微博热搜榜,,46,电视剧蝉今日开播,剧集,热度 409571；新,,电视剧蝉今日开播,剧集,https://s.weibo.com/weibo?q=%23%E7%94%B5%E8%A7%86%E5%89%A7%E8%9D%89%E4%BB%8A%E6%97%A5%E5%BC%80%E6%92%AD%23
2026-08-20,2026-08-20T11:28:21+08:00,微博,热搜榜,微博热搜榜,,47,中国黄金协会严正声明,财经,热度 406831,,中国黄金协会严正声明,,https://s.weibo.com/weibo?q=%23%E4%B8%AD%E5%9B%BD%E9%BB%84%E9%87%91%E5%8D%8F%E4%BC%9A%E4%B8%A5%E6%AD%A3%E5%A3%B0%E6%98%8E%23
2026-08-20,2026-08-20T11:28:21+08:00,微博,热搜榜,微博热搜榜,,48,朱一龙表演 生理痛感,电影,热度 405600,,朱一龙表演 生理痛感,电影,https://s.weibo.com/weibo?q=%23%E6%9C%B1%E4%B8%80%E9%BE%99%E8%A1%A8%E6%BC%94%20%E7%94%9F%E7%90%86%E7%97%9B%E6%84%9F%23
2026-08-20,2026-08-20T11:28:21+08:00,微博,热搜榜,微博热搜榜,,49,骑士掘金快船交易,体育,热度 402458,,骑士掘金快船交易,,https://s.weibo.com/weibo?q=%23%E9%AA%91%E5%A3%AB%E6%8E%98%E9%87%91%E5%BF%AB%E8%88%B9%E4%BA%A4%E6%98%93%23
2026-08-20,2026-08-20T11:28:21+08:00,微博,热搜榜,微博热搜榜,,50,刘宇宁直播豪华配置,艺人,热度 398857,,刘宇宁直播豪华配置,['刘宇宁'],https://s.weibo.com/weibo?q=%23%E5%88%98%E5%AE%87%E5%AE%81%E7%9B%B4%E6%92%AD%E8%B1%AA%E5%8D%8E%E9%85%8D%E7%BD%AE%23
2026-08-20,2026-08-20T11:28:21+08:00,微博,文娱热搜榜,微博热搜榜-文娱条目,,1,我家那闺女,综艺,总榜排名 4；热度 1126121；新,,我家那闺女,综艺,https://s.weibo.com/weibo?q=%23%E6%88%91%E5%AE%B6%E9%82%A3%E9%97%BA%E5%A5%B3%23
2026-08-20,2026-08-20T11:28:21+08:00,微博,文娱热搜榜,微博热搜榜-文娱条目,,2,欢迎来龙餐馆超越我不是药神了吗,电影,总榜排名 10；热度 627786；新,,欢迎来龙餐馆超越我不是药神了吗,电影,https://s.weibo.com/weibo?q=%23%E6%AC%A2%E8%BF%8E%E6%9D%A5%E9%BE%99%E9%A4%90%E9%A6%86%E8%B6%85%E8%B6%8A%E6%88%91%E4%B8%8D%E6%98%AF%E8%8D%AF%E7%A5%9E%E4%BA%86%E5%90%97%23
2026-08-20,2026-08-20T11:28:21+08:00,微博,文娱热搜榜,微博热搜榜-文娱条目,,3,彭小苒承认恋情,艺人,总榜排名 11；热度 627675；新,,彭小苒承认恋情,['彭小苒'],https://s.weibo.com/weibo?q=%23%E5%BD%AD%E5%B0%8F%E8%8B%92%E6%89%BF%E8%AE%A4%E6%81%8B%E6%83%85%23
2026-08-20,2026-08-20T11:28:21+08:00,微博,文娱热搜榜,微博热搜榜-文娱条目,,4,任重宣布孙骁骁二胎,艺人,总榜排名 13；热度 624905；新,,任重宣布孙骁骁二胎,"['孙骁骁', '任重']",https://s.weibo.com/weibo?q=%23%E4%BB%BB%E9%87%8D%E5%AE%A3%E5%B8%83%E5%AD%99%E9%AA%81%E9%AA%81%E4%BA%8C%E8%83%8E%23
2026-08-20,2026-08-20T11:28:21+08:00,微博,文娱热搜榜,微博热搜榜-文娱条目,,5,早春晴朗,剧集,总榜排名 14；热度 609534；新,,早春晴朗,剧集,https://s.weibo.com/weibo?q=%23%E6%97%A9%E6%98%A5%E6%99%B4%E6%9C%97%23
2026-08-20,2026-08-20T11:28:21+08:00,微博,文娱热搜榜,微博热搜榜-文娱条目,,6,肖战小说都不敢这么写,艺人,总榜排名 16；热度 594437,,肖战小说都不敢这么写,['肖战'],https://s.weibo.com/weibo?q=%23%E8%82%96%E6%88%98%E5%B0%8F%E8%AF%B4%E9%83%BD%E4%B8%8D%E6%95%A2%E8%BF%99%E4%B9%88%E5%86%99%23
2026-08-20,2026-08-20T11:28:21+08:00,微博,文娱热搜榜,微博热搜榜-文娱条目,,7,时代少年团 古茗,艺人,总榜排名 25；热度 460175；新,,时代少年团 古茗,['时代少年团'],https://s.weibo.com/weibo?q=%23%E6%97%B6%E4%BB%A3%E5%B0%91%E5%B9%B4%E5%9B%A2%20%E5%8F%A4%E8%8C%97%23
2026-08-20,2026-08-20T11:28:21+08:00,微博,文娱热搜榜,微博热搜榜-文娱条目,,8,刘雯连宣两大顶奢广告,艺人,总榜排名 26；热度 458317；新,,刘雯连宣两大顶奢广告,['刘雯'],https://s.weibo.com/weibo?q=%23%E5%88%98%E9%9B%AF%E8%BF%9E%E5%AE%A3%E4%B8%A4%E5%A4%A7%E9%A1%B6%E5%A5%A2%E5%B9%BF%E5%91%8A%23
2026-08-20,2026-08-20T11:28:21+08:00,微博,文娱热搜榜,微博热搜榜-文娱条目,,9,空枪 李嘉诚儿子绑架案,电影,总榜排名 28；热度 451536,,空枪 李嘉诚儿子绑架案,电影,https://s.weibo.com/weibo?q=%23%E7%A9%BA%E6%9E%AA%20%E6%9D%8E%E5%98%89%E8%AF%9A%E5%84%BF%E5%AD%90%E7%BB%91%E6%9E%B6%E6%A1%88%23
2026-08-20,2026-08-20T11:28:21+08:00,微博,文娱热搜榜,微博热搜榜-文娱条目,,10,肖战看到红海的反应,艺人,总榜排名 29；热度 451270；新,,肖战看到红海的反应,['肖战'],https://s.weibo.com/weibo?q=%23%E8%82%96%E6%88%98%E7%9C%8B%E5%88%B0%E7%BA%A2%E6%B5%B7%E7%9A%84%E5%8F%8D%E5%BA%94%23
2026-08-20,2026-08-20T11:28:21+08:00,微博,文娱热搜榜,微博热搜榜-文娱条目,,11,井柏然孙千吻戏追着亲,剧集,总榜排名 40；热度 424394；新,,井柏然孙千吻戏追着亲,剧集,https://s.weibo.com/weibo?q=%23%E4%BA%95%E6%9F%8F%E7%84%B6%E5%AD%99%E5%8D%83%E5%90%BB%E6%88%8F%E8%BF%BD%E7%9D%80%E4%BA%B2%23
2026-08-20,2026-08-20T11:28:21+08:00,微博,文娱热搜榜,微博热搜榜-文娱条目,,12,姜珮瑶找凌玲像AI一样丝滑,剧集,总榜排名 42；热度 418071,,姜珮瑶找凌玲像AI一样丝滑,剧集,https://s.weibo.com/weibo?q=%23%E5%A7%9C%E7%8F%AE%E7%91%B6%E6%89%BE%E5%87%8C%E7%8E%B2%E5%83%8FAI%E4%B8%80%E6%A0%B7%E4%B8%9D%E6%BB%91%23
2026-08-20,2026-08-20T11:28:21+08:00,微博,文娱热搜榜,微博热搜榜-文娱条目,,13,NCTDREAM全员续约,艺人,总榜排名 43；热度 416270；新,,NCTDREAM全员续约,,https://s.weibo.com/weibo?q=%23NCTDREAM%E5%85%A8%E5%91%98%E7%BB%AD%E7%BA%A6%23
2026-08-20,2026-08-20T11:28:21+08:00,微博,文娱热搜榜,微博热搜榜-文娱条目,,14,迪丽热巴连续3个月被传恋情,艺人,总榜排名 45；热度 410866,,迪丽热巴连续3个月被传恋情,['迪丽热巴'],https://s.weibo.com/weibo?q=%23%E8%BF%AA%E4%B8%BD%E7%83%AD%E5%B7%B4%E8%BF%9E%E7%BB%AD3%E4%B8%AA%E6%9C%88%E8%A2%AB%E4%BC%A0%E6%81%8B%E6%83%85%23
2026-08-20,2026-08-20T11:28:21+08:00,微博,文娱热搜榜,微博热搜榜-文娱条目,,15,电视剧蝉今日开播,剧集,总榜排名 46；热度 409571；新,,电视剧蝉今日开播,剧集,https://s.weibo.com/weibo?q=%23%E7%94%B5%E8%A7%86%E5%89%A7%E8%9D%89%E4%BB%8A%E6%97%A5%E5%BC%80%E6%92%AD%23
2026-08-20,2026-08-20T11:28:21+08:00,微博,文娱热搜榜,微博热搜榜-文娱条目,,16,朱一龙表演 生理痛感,电影,总榜排名 48；热度 405600,,朱一龙表演 生理痛感,电影,https://s.weibo.com/weibo?q=%23%E6%9C%B1%E4%B8%80%E9%BE%99%E8%A1%A8%E6%BC%94%20%E7%94%9F%E7%90%86%E7%97%9B%E6%84%9F%23
2026-08-20,2026-08-20T11:28:21+08:00,微博,文娱热搜榜,微博热搜榜-文娱条目,,17,刘宇宁直播豪华配置,艺人,总榜排名 50；热度 398857,,刘宇宁直播豪华配置,['刘宇宁'],https://s.weibo.com/weibo?q=%23%E5%88%98%E5%AE%87%E5%AE%81%E7%9B%B4%E6%92%AD%E8%B1%AA%E5%8D%8E%E9%85%8D%E7%BD%AE%23
