snapshot_date,captured_at,platform,chart,official_chart,platform_date,rank,song_name,artist,chart_metric,duration,song_id,album_id,source_url
2026-10-03,2026-10-03T13:26:16+08:00,QQ音乐,热歌榜,热歌榜,2026-10-03,1,我不难过,孙燕姿,0,,8136,004VSvF52mQoQp,https://y.qq.com/n/ryqq/toplist/26
2026-10-03,2026-10-03T13:26:16+08:00,QQ音乐,热歌榜,热歌榜,2026-10-03,2,甲乙丙丁 (你我怎么两清),李佳薇,上升 1,,696262512,00446QRA1fTdqA,https://y.qq.com/n/ryqq/toplist/26
2026-10-03,2026-10-03T13:26:16+08:00,QQ音乐,热歌榜,热歌榜,2026-10-03,3,茶汤,郁可唯,下降 1,,4936030,002iWKlh2DcjFL,https://y.qq.com/n/ryqq/toplist/26
2026-10-03,2026-10-03T13:26:16+08:00,QQ音乐,热歌榜,热歌榜,2026-10-03,4,情歌,梁静茹,0,,462188,002E4IXe1ESUij,https://y.qq.com/n/ryqq/toplist/26
2026-10-03,2026-10-03T13:26:16+08:00,QQ音乐,热歌榜,热歌榜,2026-10-03,5,雨爱,杨丞琳,0,,645819,000jcKFG0sQrD0,https://y.qq.com/n/ryqq/toplist/26
2026-10-03,2026-10-03T13:26:16+08:00,QQ音乐,热歌榜,热歌榜,2026-10-03,6,我怀念的,孙燕姿,0,,5211338,000P3l050Olt27,https://y.qq.com/n/ryqq/toplist/26
2026-10-03,2026-10-03T13:26:16+08:00,QQ音乐,热歌榜,热歌榜,2026-10-03,7,恋人,李荣浩,上升 1,,496054946,004HaG7p4ZkhXA,https://y.qq.com/n/ryqq/toplist/26
2026-10-03,2026-10-03T13:26:16+08:00,QQ音乐,热歌榜,热歌榜,2026-10-03,8,泪海,许茹芸,下降 1,,106585340,001Ugmj01giuzO,https://y.qq.com/n/ryqq/toplist/26
2026-10-03,2026-10-03T13:26:16+08:00,QQ音乐,热歌榜,热歌榜,2026-10-03,9,Always Online,林俊杰,上升 1,,447257,002g6zv02X7SNi,https://y.qq.com/n/ryqq/toplist/26
2026-10-03,2026-10-03T13:26:16+08:00,QQ音乐,热歌榜,热歌榜,2026-10-03,10,特别的人,方大同,上升 1,,5293866,000GvdTR0qcKh8,https://y.qq.com/n/ryqq/toplist/26
2026-10-03,2026-10-03T13:26:16+08:00,QQ音乐,热歌榜,热歌榜,2026-10-03,11,开始懂了,孙燕姿,上升 1,,5646,004KRIQr1oCp2A,https://y.qq.com/n/ryqq/toplist/26
2026-10-03,2026-10-03T13:26:16+08:00,QQ音乐,热歌榜,热歌榜,2026-10-03,12,爱错,王力宏,上升 1,,105905415,002ElVxf43rOue,https://y.qq.com/n/ryqq/toplist/26
2026-10-03,2026-10-03T13:26:16+08:00,QQ音乐,热歌榜,热歌榜,2026-10-03,13,演员,薛之谦,上升 1,,102636799,003y8dsH2wBHlo,https://y.qq.com/n/ryqq/toplist/26
2026-10-03,2026-10-03T13:26:16+08:00,QQ音乐,热歌榜,热歌榜,2026-10-03,14,失眠,Suki刘舒妤,上升 3,,4733575,002xCeeN4EJ1Ke,https://y.qq.com/n/ryqq/toplist/26
2026-10-03,2026-10-03T13:26:16+08:00,QQ音乐,热歌榜,热歌榜,2026-10-03,15,红色高跟鞋,蔡健雅,上升 1,,624649,002dOge41xlS8x,https://y.qq.com/n/ryqq/toplist/26
2026-10-03,2026-10-03T13:26:16+08:00,QQ音乐,热歌榜,热歌榜,2026-10-03,16,素颜,许嵩/何曼婷,下降 1,,101813361,0035f8nw11cjkf,https://y.qq.com/n/ryqq/toplist/26
2026-10-03,2026-10-03T13:26:16+08:00,QQ音乐,热歌榜,热歌榜,2026-10-03,17,唯一,G.E.M.邓紫棋,上升 3,,438910555,002d6m7k0xCbSv,https://y.qq.com/n/ryqq/toplist/26
2026-10-03,2026-10-03T13:26:16+08:00,QQ音乐,热歌榜,热歌榜,2026-10-03,18,我们在场,周深/王者荣耀,新进,,729622931,003uKkE51Rln6l,https://y.qq.com/n/ryqq/toplist/26
2026-10-03,2026-10-03T13:26:16+08:00,QQ音乐,热歌榜,热歌榜,2026-10-03,19,阿楚姑娘,袁娅维TIA RAY,下降 10,,105769829,0014PIct2LKiPl,https://y.qq.com/n/ryqq/toplist/26
2026-10-03,2026-10-03T13:26:16+08:00,QQ音乐,热歌榜,热歌榜,2026-10-03,20,江南,林俊杰,下降 1,,9063002,000y5gq7449K9I,https://y.qq.com/n/ryqq/toplist/26
2026-10-03,2026-10-03T13:26:16+08:00,QQ音乐,热歌榜,热歌榜,2026-10-03,21,茶花开了，该回家了,王睿卓/加木,下降 3,,553433850,001KCGcF29Na3i,https://y.qq.com/n/ryqq/toplist/26
2026-10-03,2026-10-03T13:26:16+08:00,QQ音乐,热歌榜,热歌榜,2026-10-03,22,美人鱼,林俊杰,下降 1,,95292,000y5gq7449K9I,https://y.qq.com/n/ryqq/toplist/26
2026-10-03,2026-10-03T13:26:16+08:00,QQ音乐,热歌榜,热歌榜,2026-10-03,23,我们俩,郭顶,下降 1,,105413206,003sMyYb4HZAAz,https://y.qq.com/n/ryqq/toplist/26
2026-10-03,2026-10-03T13:26:16+08:00,QQ音乐,热歌榜,热歌榜,2026-10-03,24,春娇与志明,街道办GDC/欧阳耀莹,下降 1,,205357640,000lrXyA0MlEEo,https://y.qq.com/n/ryqq/toplist/26
2026-10-03,2026-10-03T13:26:16+08:00,QQ音乐,热歌榜,热歌榜,2026-10-03,25,遇见,孙燕姿,上升 1,,8145,002ehzTm0TxXC2,https://y.qq.com/n/ryqq/toplist/26
2026-10-03,2026-10-03T13:26:16+08:00,QQ音乐,热歌榜,热歌榜,2026-10-03,26,雨过后的风景,Dizzy Dizzo (蔡诗芸),上升 1,,1960263,0038xSkp1EcVBf,https://y.qq.com/n/ryqq/toplist/26
2026-10-03,2026-10-03T13:26:16+08:00,QQ音乐,热歌榜,热歌榜,2026-10-03,27,心墙,郭静,下降 2,,474797,003EHcB24J8t9Z,https://y.qq.com/n/ryqq/toplist/26
2026-10-03,2026-10-03T13:26:16+08:00,QQ音乐,热歌榜,热歌榜,2026-10-03,28,阴天,莫文蔚,下降 4,,4830345,000hTTJN3oScZr,https://y.qq.com/n/ryqq/toplist/26
2026-10-03,2026-10-03T13:26:16+08:00,QQ音乐,热歌榜,热歌榜,2026-10-03,29,多远都要在一起,G.E.M.邓紫棋,下降 1,,102174489,003c616O2Zlswm,https://y.qq.com/n/ryqq/toplist/26
2026-10-03,2026-10-03T13:26:16+08:00,QQ音乐,热歌榜,热歌榜,2026-10-03,30,如愿,王菲,0,,326584182,004Kbn3m2HV9Y3,https://y.qq.com/n/ryqq/toplist/26
2026-10-03,2026-10-03T13:26:16+08:00,QQ音乐,热歌榜,热歌榜,2026-10-03,31,琵琶曲,郑浩/冰洁,上升 2,,627317850,002PmUzc12N5S7,https://y.qq.com/n/ryqq/toplist/26
2026-10-03,2026-10-03T13:26:16+08:00,QQ音乐,热歌榜,热歌榜,2026-10-03,32,出现又离开 (Live),梁博,0,,231594573,000eQZ1q4g6AsF,https://y.qq.com/n/ryqq/toplist/26
2026-10-03,2026-10-03T13:26:16+08:00,QQ音乐,热歌榜,热歌榜,2026-10-03,33,晴天,周杰伦,下降 4,,97773,000MkMni19ClKG,https://y.qq.com/n/ryqq/toplist/26
2026-10-03,2026-10-03T13:26:16+08:00,QQ音乐,热歌榜,热歌榜,2026-10-03,34,海阔天空,BEYOND,0,,4835784,002qcJuX3lO3EZ,https://y.qq.com/n/ryqq/toplist/26
2026-10-03,2026-10-03T13:26:16+08:00,QQ音乐,热歌榜,热歌榜,2026-10-03,35,富士山下,陈奕迅,下降 4,,260678,004Z85XP1c25b7,https://y.qq.com/n/ryqq/toplist/26
2026-10-03,2026-10-03T13:26:16+08:00,QQ音乐,热歌榜,热歌榜,2026-10-03,36,其实,薛之谦,0,,104775877,000QgFcm0v8WaF,https://y.qq.com/n/ryqq/toplist/26
2026-10-03,2026-10-03T13:26:16+08:00,QQ音乐,热歌榜,热歌榜,2026-10-03,37,Whatever Happens,Michael Jackson/Carlos Santana,上升 17,,315453,003fmcI10dzkHT,https://y.qq.com/n/ryqq/toplist/26
2026-10-03,2026-10-03T13:26:16+08:00,QQ音乐,热歌榜,热歌榜,2026-10-03,38,偏爱,张芸京,0,,473137,003ha6C92GRuVE,https://y.qq.com/n/ryqq/toplist/26
2026-10-03,2026-10-03T13:26:16+08:00,QQ音乐,热歌榜,热歌榜,2026-10-03,39,玻璃,Gareth.T,下降 4,,666124541,002kIED92uw8L5,https://y.qq.com/n/ryqq/toplist/26
2026-10-03,2026-10-03T13:26:16+08:00,QQ音乐,热歌榜,热歌榜,2026-10-03,40,不将就,李荣浩,0,,102367085,001fi1zG0EjU2u,https://y.qq.com/n/ryqq/toplist/26
2026-10-03,2026-10-03T13:26:16+08:00,QQ音乐,热歌榜,热歌榜,2026-10-03,41,坏女孩,徐良/小凌,0,,7112749,002apRhZ4Bq99d,https://y.qq.com/n/ryqq/toplist/26
2026-10-03,2026-10-03T13:26:16+08:00,QQ音乐,热歌榜,热歌榜,2026-10-03,42,最佳损友,陈奕迅,下降 5,,1338414,002FT46H18G1jW,https://y.qq.com/n/ryqq/toplist/26
2026-10-03,2026-10-03T13:26:16+08:00,QQ音乐,热歌榜,热歌榜,2026-10-03,43,幻听,许嵩,上升 1,,1531817,004RbL3b0BDIe2,https://y.qq.com/n/ryqq/toplist/26
2026-10-03,2026-10-03T13:26:16+08:00,QQ音乐,热歌榜,热歌榜,2026-10-03,44,大梦归,周深,下降 5,,724093215,003ZuQ5z05yCAP,https://y.qq.com/n/ryqq/toplist/26
2026-10-03,2026-10-03T13:26:16+08:00,QQ音乐,热歌榜,热歌榜,2026-10-03,45,天外来物,薛之谦,上升 2,,272125057,000K9Zp13TZp5s,https://y.qq.com/n/ryqq/toplist/26
2026-10-03,2026-10-03T13:26:16+08:00,QQ音乐,热歌榜,热歌榜,2026-10-03,46,盛夏的果实,莫文蔚,下降 3,,4830161,000KeV8l1PIjxt,https://y.qq.com/n/ryqq/toplist/26
2026-10-03,2026-10-03T13:26:16+08:00,QQ音乐,热歌榜,热歌榜,2026-10-03,47,麦恩莉,方大同,上升 1,,2550926,000ih4iv3HCmno,https://y.qq.com/n/ryqq/toplist/26
2026-10-03,2026-10-03T13:26:16+08:00,QQ音乐,热歌榜,热歌榜,2026-10-03,48,背对背拥抱,林俊杰,上升 1,,648231,002C0kX720gMQi,https://y.qq.com/n/ryqq/toplist/26
2026-10-03,2026-10-03T13:26:16+08:00,QQ音乐,热歌榜,热歌榜,2026-10-03,49,十年,陈奕迅,下降 3,,4830342,000GDz8k03UOaI,https://y.qq.com/n/ryqq/toplist/26
2026-10-03,2026-10-03T13:26:16+08:00,QQ音乐,热歌榜,热歌榜,2026-10-03,50,ANGEL (天使),尹美莱 (윤미래)/Tiger JK/Bizzy (비지),下降 5,,101138130,000qiKcT05rSr9,https://y.qq.com/n/ryqq/toplist/26
2026-10-03,2026-10-03T13:26:16+08:00,QQ音乐,热歌榜,热歌榜,2026-10-03,51,认真的雪,薛之谦,下降 1,,1333803,003mUYW22JXKVK,https://y.qq.com/n/ryqq/toplist/26
2026-10-03,2026-10-03T13:26:16+08:00,QQ音乐,热歌榜,热歌榜,2026-10-03,52,瞬,郑润泽,下降 1,,422061155,001qvyI10urb5z,https://y.qq.com/n/ryqq/toplist/26
2026-10-03,2026-10-03T13:26:16+08:00,QQ音乐,热歌榜,热歌榜,2026-10-03,53,愿与愁,林俊杰,下降 1,,405007729,004ZOIop1doXru,https://y.qq.com/n/ryqq/toplist/26
2026-10-03,2026-10-03T13:26:16+08:00,QQ音乐,热歌榜,热歌榜,2026-10-03,54,泡沫,G.E.M.邓紫棋,上升 1,,1530858,002YFufr4bXZyI,https://y.qq.com/n/ryqq/toplist/26
2026-10-03,2026-10-03T13:26:16+08:00,QQ音乐,热歌榜,热歌榜,2026-10-03,55,爱情讯息,郭静,下降 13,,876549,003PKZMI1Wyx1A,https://y.qq.com/n/ryqq/toplist/26
2026-10-03,2026-10-03T13:26:16+08:00,QQ音乐,热歌榜,热歌榜,2026-10-03,56,我好像在哪见过你,薛之谦,下降 3,,107439472,000dcZ9I1nzO62,https://y.qq.com/n/ryqq/toplist/26
2026-10-03,2026-10-03T13:26:16+08:00,QQ音乐,热歌榜,热歌榜,2026-10-03,57,失控,井迪,下降 1,,284945036,0014Iqfp1PMAbs,https://y.qq.com/n/ryqq/toplist/26
2026-10-03,2026-10-03T13:26:16+08:00,QQ音乐,热歌榜,热歌榜,2026-10-03,58,修炼爱情,林俊杰,0,,5063375,001gqOnU3DTg2S,https://y.qq.com/n/ryqq/toplist/26
2026-10-03,2026-10-03T13:26:16+08:00,QQ音乐,热歌榜,热歌榜,2026-10-03,59,刻在我心底的名字,卢广仲,上升 2,,316472364,004QG0W52P5GUq,https://y.qq.com/n/ryqq/toplist/26
2026-10-03,2026-10-03T13:26:16+08:00,QQ音乐,热歌榜,热歌榜,2026-10-03,60,勇气,梁静茹,上升 2,,4830164,001DEgPu1004bl,https://y.qq.com/n/ryqq/toplist/26
2026-10-03,2026-10-03T13:26:16+08:00,QQ音乐,热歌榜,热歌榜,2026-10-03,61,光年之外,G.E.M.邓紫棋,上升 3,,200255722,001mTkmb4GJlh4,https://y.qq.com/n/ryqq/toplist/26
2026-10-03,2026-10-03T13:26:16+08:00,QQ音乐,热歌榜,热歌榜,2026-10-03,62,爱我还是他,陶喆,上升 1,,7211247,003ofGzS3C23Ow,https://y.qq.com/n/ryqq/toplist/26
2026-10-03,2026-10-03T13:26:16+08:00,QQ音乐,热歌榜,热歌榜,2026-10-03,63,夏夜最后的烟火,颜人中,上升 9,,459088908,002tspXk0JB6qZ,https://y.qq.com/n/ryqq/toplist/26
2026-10-03,2026-10-03T13:26:16+08:00,QQ音乐,热歌榜,热歌榜,2026-10-03,64,樱花草,Sweety,上升 1,,481456,000pKXff1doeOd,https://y.qq.com/n/ryqq/toplist/26
2026-10-03,2026-10-03T13:26:16+08:00,QQ音乐,热歌榜,热歌榜,2026-10-03,65,如果可以,韦礼安,上升 1,,330977131,003WBcyJ1siUkh,https://y.qq.com/n/ryqq/toplist/26
2026-10-03,2026-10-03T13:26:16+08:00,QQ音乐,热歌榜,热歌榜,2026-10-03,66,Letting Go,蔡健雅,上升 5,,1030353,001aC9dM35U6KB,https://y.qq.com/n/ryqq/toplist/26
2026-10-03,2026-10-03T13:26:16+08:00,QQ音乐,热歌榜,热歌榜,2026-10-03,67,同花顺,林倛玉,上升 1,,103970682,004789lA4cH3Kq,https://y.qq.com/n/ryqq/toplist/26
2026-10-03,2026-10-03T13:26:16+08:00,QQ音乐,热歌榜,热歌榜,2026-10-03,68,风月吻眉梢,礼越,下降 11,,586620109,001NXQwE1ywPDV,https://y.qq.com/n/ryqq/toplist/26
2026-10-03,2026-10-03T13:26:16+08:00,QQ音乐,热歌榜,热歌榜,2026-10-03,69,天龙八部之宿敌,许嵩,下降 2,,4829554,002JzRQD2zjvxG,https://y.qq.com/n/ryqq/toplist/26
2026-10-03,2026-10-03T13:26:16+08:00,QQ音乐,热歌榜,热歌榜,2026-10-03,70,至少还有你,林忆莲,下降 1,,102204563,001JqgRv0mRHEQ,https://y.qq.com/n/ryqq/toplist/26
2026-10-03,2026-10-03T13:26:16+08:00,QQ音乐,热歌榜,热歌榜,2026-10-03,71,有何不可,许嵩,下降 1,,102296985,002KSDg90IaScI,https://y.qq.com/n/ryqq/toplist/26
2026-10-03,2026-10-03T13:26:16+08:00,QQ音乐,热歌榜,热歌榜,2026-10-03,72,我记得,赵雷,下降 12,,372639235,003QIVDT3UB8zG,https://y.qq.com/n/ryqq/toplist/26
2026-10-03,2026-10-03T13:26:16+08:00,QQ音乐,热歌榜,热歌榜,2026-10-03,73,黄昏,周传雄,上升 1,,526713,001U6x8f2uJhig,https://y.qq.com/n/ryqq/toplist/26
2026-10-03,2026-10-03T13:26:16+08:00,QQ音乐,热歌榜,热歌榜,2026-10-03,74,倒数,G.E.M.邓紫棋,下降 1,,215540451,003cKIKZ1J4Yyu,https://y.qq.com/n/ryqq/toplist/26
2026-10-03,2026-10-03T13:26:16+08:00,QQ音乐,热歌榜,热歌榜,2026-10-03,75,离开我的依赖,王艳薇,上升 10,,253383943,004CSyAN1oc97b,https://y.qq.com/n/ryqq/toplist/26
2026-10-03,2026-10-03T13:26:16+08:00,QQ音乐,热歌榜,热歌榜,2026-10-03,76,会呼吸的痛,梁静茹,上升 11,,411228,002oy2Mp3I8Rgo,https://y.qq.com/n/ryqq/toplist/26
2026-10-03,2026-10-03T13:26:16+08:00,QQ音乐,热歌榜,热歌榜,2026-10-03,77,我们的歌,王力宏,上升 1,,102193483,002Zwh5p4HgecI,https://y.qq.com/n/ryqq/toplist/26
2026-10-03,2026-10-03T13:26:16+08:00,QQ音乐,热歌榜,热歌榜,2026-10-03,78,最后一页,江语晨,下降 1,,721636,003FO4XF40Ky8L,https://y.qq.com/n/ryqq/toplist/26
2026-10-03,2026-10-03T13:26:16+08:00,QQ音乐,热歌榜,热歌榜,2026-10-03,79,IF YOU,BIGBANG (빅뱅),0,,102793935,001xpUdt2jEjWu,https://y.qq.com/n/ryqq/toplist/26
2026-10-03,2026-10-03T13:26:16+08:00,QQ音乐,热歌榜,热歌榜,2026-10-03,80,第57次取消发送,菲菲公主（陆绮菲）,上升 6,,560063927,000KrDC019mc82,https://y.qq.com/n/ryqq/toplist/26
2026-10-03,2026-10-03T13:26:16+08:00,QQ音乐,热歌榜,热歌榜,2026-10-03,81,冻结,林俊杰,下降 1,,101659148,002vlOfM1X5TQ0,https://y.qq.com/n/ryqq/toplist/26
2026-10-03,2026-10-03T13:26:16+08:00,QQ音乐,热歌榜,热歌榜,2026-10-03,82,碎碎念,队长,上升 2,,448738462,000DTFwk0oV4YR,https://y.qq.com/n/ryqq/toplist/26
2026-10-03,2026-10-03T13:26:16+08:00,QQ音乐,热歌榜,热歌榜,2026-10-03,83,下完这场雨,后弦,上升 6,,108787382,004ZXlA63dZBCa,https://y.qq.com/n/ryqq/toplist/26
2026-10-03,2026-10-03T13:26:16+08:00,QQ音乐,热歌榜,热歌榜,2026-10-03,84,青花,周传雄,上升 4,,102204539,001Vj7aX0PixwV,https://y.qq.com/n/ryqq/toplist/26
2026-10-03,2026-10-03T13:26:16+08:00,QQ音乐,热歌榜,热歌榜,2026-10-03,85,可不可以,张紫豪,上升 6,,213958134,004VR1w241uBhB,https://y.qq.com/n/ryqq/toplist/26
2026-10-03,2026-10-03T13:26:16+08:00,QQ音乐,热歌榜,热歌榜,2026-10-03,86,多余的解释,许嵩,上升 4,,460866,002KSDg90IaScI,https://y.qq.com/n/ryqq/toplist/26
2026-10-03,2026-10-03T13:26:16+08:00,QQ音乐,热歌榜,热歌榜,2026-10-03,87,下一个天亮,郭静,上升 8,,876541,003PKZMI1Wyx1A,https://y.qq.com/n/ryqq/toplist/26
2026-10-03,2026-10-03T13:26:16+08:00,QQ音乐,热歌榜,热歌榜,2026-10-03,88,我知道,BY2,上升 6,,470336,001P410a0Iq4K0,https://y.qq.com/n/ryqq/toplist/26
2026-10-03,2026-10-03T13:26:16+08:00,QQ音乐,热歌榜,热歌榜,2026-10-03,89,句号,G.E.M.邓紫棋,上升 3,,247347346,0049MVh824D7bM,https://y.qq.com/n/ryqq/toplist/26
2026-10-03,2026-10-03T13:26:16+08:00,QQ音乐,热歌榜,热歌榜,2026-10-03,90,你要的全拿走,胡彦斌,上升 6,,212808217,001eyHlv2fu50T,https://y.qq.com/n/ryqq/toplist/26
2026-10-03,2026-10-03T13:26:16+08:00,QQ音乐,热歌榜,热歌榜,2026-10-03,91,一样的月光,徐佳莹,上升 8,,7063423,000cchEp2CGNEf,https://y.qq.com/n/ryqq/toplist/26
2026-10-03,2026-10-03T13:26:16+08:00,QQ音乐,热歌榜,热歌榜,2026-10-03,92,红尘客栈,周杰伦,上升 1,,5177680,003Ow85E3pnoqi,https://y.qq.com/n/ryqq/toplist/26
2026-10-03,2026-10-03T13:26:16+08:00,QQ音乐,热歌榜,热歌榜,2026-10-03,93,那些你很冒险的梦,林俊杰,上升 5,,102388808,002PQCmo2azasb,https://y.qq.com/n/ryqq/toplist/26
2026-10-03,2026-10-03T13:26:16+08:00,QQ音乐,热歌榜,热歌榜,2026-10-03,94,后来,刘若英,上升 6,,4830150,0017zqT34WuQwa,https://y.qq.com/n/ryqq/toplist/26
2026-10-03,2026-10-03T13:26:16+08:00,QQ音乐,热歌榜,热歌榜,2026-10-03,95,孤独患者,陈奕迅,上升 2,,1021078,003YQ8lP3NBXKl,https://y.qq.com/n/ryqq/toplist/26
2026-10-03,2026-10-03T13:26:16+08:00,QQ音乐,热歌榜,热歌榜,2026-10-03,96,Love Story,Taylor Swift,上升 7,,639141,002Q1XUj3HBAzw,https://y.qq.com/n/ryqq/toplist/26
2026-10-03,2026-10-03T13:26:16+08:00,QQ音乐,热歌榜,热歌榜,2026-10-03,97,恶作剧,王蓝茵,上升 7,,257621,0031ftBk2foLzq,https://y.qq.com/n/ryqq/toplist/26
2026-10-03,2026-10-03T13:26:16+08:00,QQ音乐,热歌榜,热歌榜,2026-10-03,98,如果当时,许嵩,上升 3,,460049,002KSDg90IaScI,https://y.qq.com/n/ryqq/toplist/26
2026-10-03,2026-10-03T13:26:16+08:00,QQ音乐,热歌榜,热歌榜,2026-10-03,99,我爱你中国 (Live),孙楠/韩红/黄绮珊/古巨基/陈楚生/王心凌/谭维维/胡彦斌/郁可唯/汪苏泷/周深/宋亚轩/杨坤/单依纯/何炅/李莎旻子,下降 23,,471040594,001rd1S93gcWUF,https://y.qq.com/n/ryqq/toplist/26
2026-10-03,2026-10-03T13:26:16+08:00,QQ音乐,热歌榜,热歌榜,2026-10-03,100,青花瓷,周杰伦,上升 6,,410316,002eFUFm2XYZ7z,https://y.qq.com/n/ryqq/toplist/26
2026-10-03,2026-10-03T13:26:16+08:00,QQ音乐,飙升榜,飙升榜,2026-10-03,1,我们在场,周深/王者荣耀,热度 53%,,729622931,003uKkE51Rln6l,https://y.qq.com/n/ryqq/toplist/62
2026-10-03,2026-10-03T13:26:16+08:00,QQ音乐,飙升榜,飙升榜,2026-10-03,2,我和我的祖国,肖战,热度 15%,,730123605,004WWMjf0VM4ME,https://y.qq.com/n/ryqq/toplist/62
2026-10-03,2026-10-03T13:26:16+08:00,QQ音乐,飙升榜,飙升榜,2026-10-03,3,蜚蜚,亿轩_Kingston,热度 11%,,728759642,003K21up4crPBp,https://y.qq.com/n/ryqq/toplist/62
2026-10-03,2026-10-03T13:26:16+08:00,QQ音乐,飙升榜,飙升榜,2026-10-03,4,越,孙楠/满江/郭晓东/李光洁/小沈阳/余文乐/王传君/张睿/王啸坤/曹骏/阿云嘎/艾热AIR/张彬彬/陈若轩/王以太/唐九洲/王赫野/曾辉/姚琛/米卡/管健嘉晨/颜安/POLARIX-邵子恒,热度 9%,,730623973,001Fq5be0Fky3U,https://y.qq.com/n/ryqq/toplist/62
2026-10-03,2026-10-03T13:26:16+08:00,QQ音乐,飙升榜,飙升榜,2026-10-03,5,找名字的人,任素汐,热度 8%,,729847501,003IAM6Q3dyuFk,https://y.qq.com/n/ryqq/toplist/62
2026-10-03,2026-10-03T13:26:16+08:00,QQ音乐,飙升榜,飙升榜,2026-10-03,6,Dumb Show,范丞丞,热度 7%,,224792182,000yn4a53uZVCx,https://y.qq.com/n/ryqq/toplist/62
2026-10-03,2026-10-03T13:26:16+08:00,QQ音乐,飙升榜,飙升榜,2026-10-03,7,你会遇见更好的人,郭聪明,热度 4%,,219615484,004YDlgY2Edx1y,https://y.qq.com/n/ryqq/toplist/62
2026-10-03,2026-10-03T13:26:16+08:00,QQ音乐,飙升榜,飙升榜,2026-10-03,8,忘了怎么天晴,陈宇祥,热度 3%,,728144222,002ad7cj05tnqc,https://y.qq.com/n/ryqq/toplist/62
2026-10-03,2026-10-03T13:26:16+08:00,QQ音乐,飙升榜,飙升榜,2026-10-03,9,真的爱妳,BEYOND,热度 3%,,730615076,0004b1OZ0TgdpC,https://y.qq.com/n/ryqq/toplist/62
2026-10-03,2026-10-03T13:26:16+08:00,QQ音乐,飙升榜,飙升榜,2026-10-03,10,Whatever Happens,Michael Jackson/Carlos Santana,热度 3%,,315453,003fmcI10dzkHT,https://y.qq.com/n/ryqq/toplist/62
2026-10-03,2026-10-03T13:26:16+08:00,QQ音乐,飙升榜,飙升榜,2026-10-03,11,你最近好吗,汪苏泷,热度 3%,,334849794,001CiPRc4g34pT,https://y.qq.com/n/ryqq/toplist/62
2026-10-03,2026-10-03T13:26:16+08:00,QQ音乐,飙升榜,飙升榜,2026-10-03,12,Bye Bye Inhibitions,Alok/娜琏 (나연)/TWICE (트와이스),热度 3%,,728180372,002Xfmp41ALVyi,https://y.qq.com/n/ryqq/toplist/62
2026-10-03,2026-10-03T13:26:16+08:00,QQ音乐,飙升榜,飙升榜,2026-10-03,13,游京 (长征版),谭晶,热度 2%,,728069069,004gL4UD4It8eX,https://y.qq.com/n/ryqq/toplist/62
2026-10-03,2026-10-03T13:26:16+08:00,QQ音乐,飙升榜,飙升榜,2026-10-03,14,Sold Out,Hawk Nelson/Jonathan Steingard,热度 2%,,102326316,0014FEcP01xOWv,https://y.qq.com/n/ryqq/toplist/62
2026-10-03,2026-10-03T13:26:16+08:00,QQ音乐,飙升榜,飙升榜,2026-10-03,15,五百年信念不衰,星火社,热度 2%,,726276580,0030sJiu21PSd1,https://y.qq.com/n/ryqq/toplist/62
2026-10-03,2026-10-03T13:26:16+08:00,QQ音乐,飙升榜,飙升榜,2026-10-03,16,雨爱 (司凤版),古岛斐,热度 2%,,726898193,0034JC250i6ZeN,https://y.qq.com/n/ryqq/toplist/62
2026-10-03,2026-10-03T13:26:16+08:00,QQ音乐,飙升榜,飙升榜,2026-10-03,17,不死鸟,霍尊,热度 2%,,281744703,000lLXAK298Xui,https://y.qq.com/n/ryqq/toplist/62
2026-10-03,2026-10-03T13:26:16+08:00,QQ音乐,飙升榜,飙升榜,2026-10-03,18,喜欢你,BEYOND,热度 2%,,730615065,0004b1OZ0TgdpC,https://y.qq.com/n/ryqq/toplist/62
2026-10-03,2026-10-03T13:26:16+08:00,QQ音乐,飙升榜,飙升榜,2026-10-03,19,雨花石 (小学音乐素养),库库小队,热度 2%,,596444636,002rJiYT0i8sH9,https://y.qq.com/n/ryqq/toplist/62
2026-10-03,2026-10-03T13:26:16+08:00,QQ音乐,飙升榜,飙升榜,2026-10-03,20,越来越沉默,励志豪,热度 2%,,601693524,000KNyaj0eL36y,https://y.qq.com/n/ryqq/toplist/62
2026-10-03,2026-10-03T13:26:16+08:00,QQ音乐,飙升榜,飙升榜,2026-10-03,21,宝玉,汪涛,热度 2%,,729875821,002y4w9x01AK2J,https://y.qq.com/n/ryqq/toplist/62
2026-10-03,2026-10-03T13:26:16+08:00,QQ音乐,飙升榜,飙升榜,2026-10-03,22,You Are All I Need,FLY COAST/二宮愛 (にのみや あい),热度 1%,,101718248,000B8U3p19UV0b,https://y.qq.com/n/ryqq/toplist/62
2026-10-03,2026-10-03T13:26:16+08:00,QQ音乐,飙升榜,飙升榜,2026-10-03,23,总会有人,向思思,热度 1%,,433839320,0012D76a1tjuyr,https://y.qq.com/n/ryqq/toplist/62
2026-10-03,2026-10-03T13:26:16+08:00,QQ音乐,飙升榜,飙升榜,2026-10-03,24,CRASH,ALLDAY PROJECT,热度 1%,,728202798,000cNVIz0jW6f3,https://y.qq.com/n/ryqq/toplist/62
2026-10-03,2026-10-03T13:26:16+08:00,QQ音乐,飙升榜,飙升榜,2026-10-03,25,Like Fire,82MAJOR (82메이저),热度 1%,,721820537,001x2cjQ1Gklhc,https://y.qq.com/n/ryqq/toplist/62
2026-10-03,2026-10-03T13:26:16+08:00,QQ音乐,飙升榜,飙升榜,2026-10-03,26,我知我,阿卜,热度 1%,,728217317,003wiLKc4BHLdY,https://y.qq.com/n/ryqq/toplist/62
2026-10-03,2026-10-03T13:26:16+08:00,QQ音乐,飙升榜,飙升榜,2026-10-03,27,慢慢-Jackson Wang (Live),Jacky一枚,热度 1%,,730191105,003At4if2Rvs8f,https://y.qq.com/n/ryqq/toplist/62
2026-10-03,2026-10-03T13:26:16+08:00,QQ音乐,飙升榜,飙升榜,2026-10-03,28,回眸,金财神,热度 1%,,729295547,000PIRUF0AzXYD,https://y.qq.com/n/ryqq/toplist/62
2026-10-03,2026-10-03T13:26:16+08:00,QQ音乐,飙升榜,飙升榜,2026-10-03,29,月声尽，心灯明,鸣潮先约电台/jixwang/Cassie Wei,热度 1%,,728834042,003oAlSH2mmMIc,https://y.qq.com/n/ryqq/toplist/62
2026-10-03,2026-10-03T13:26:16+08:00,QQ音乐,飙升榜,飙升榜,2026-10-03,30,結び,Ayumu Imazu (今津渉),热度 1%,,730516515,000FiH910feegW,https://y.qq.com/n/ryqq/toplist/62
2026-10-03,2026-10-03T13:26:16+08:00,QQ音乐,飙升榜,飙升榜,2026-10-03,31,讨厌红楼梦,陶喆,热度 1%,,4829184,001mvhPh0qevad,https://y.qq.com/n/ryqq/toplist/62
2026-10-03,2026-10-03T13:26:16+08:00,QQ音乐,飙升榜,飙升榜,2026-10-03,32,山不语,檬小妖,热度 1%,,729600205,0029Hv8a0zsWSI,https://y.qq.com/n/ryqq/toplist/62
2026-10-03,2026-10-03T13:26:16+08:00,QQ音乐,飙升榜,飙升榜,2026-10-03,33,人间情多 (石红豆版),石红豆,热度 1%,,729795329,001JzS5X41CjIB,https://y.qq.com/n/ryqq/toplist/62
2026-10-03,2026-10-03T13:26:16+08:00,QQ音乐,飙升榜,飙升榜,2026-10-03,34,Solace Feat. Emily Vaughn,Vicetone/Emily Vaughn,热度 1%,,724203392,004GX8xd3jZRhi,https://y.qq.com/n/ryqq/toplist/62
2026-10-03,2026-10-03T13:26:16+08:00,QQ音乐,飙升榜,飙升榜,2026-10-03,35,你还在吗,竹儿,热度 1%,,730143746,001PIbaW3wqruj,https://y.qq.com/n/ryqq/toplist/62
2026-10-03,2026-10-03T13:26:16+08:00,QQ音乐,飙升榜,飙升榜,2026-10-03,36,Baby 今夜我又想你,周宣绮,热度 1%,,728849245,000SDaQh4VllC6,https://y.qq.com/n/ryqq/toplist/62
2026-10-03,2026-10-03T13:26:16+08:00,QQ音乐,飙升榜,飙升榜,2026-10-03,37,Keep Real,白敬亭/Melo/邓典果DDG,热度 1%,,693891289,000TnM8B1m6jgP,https://y.qq.com/n/ryqq/toplist/62
2026-10-03,2026-10-03T13:26:16+08:00,QQ音乐,飙升榜,飙升榜,2026-10-03,38,연애의 발명 (웹툰 '연애의 발견' X BIG Naughty (서동현)) (The invention of romance (WEBTOON 'Discovery of Love' X BIG Naughty)),BIG Naughty (서동현),热度 1%,,372102103,004NbKLN3UGYY4,https://y.qq.com/n/ryqq/toplist/62
2026-10-03,2026-10-03T13:26:16+08:00,QQ音乐,飙升榜,飙升榜,2026-10-03,39,暧昧,王菲,热度 1%,,730615073,0004b1OZ0TgdpC,https://y.qq.com/n/ryqq/toplist/62
2026-10-03,2026-10-03T13:26:16+08:00,QQ音乐,飙升榜,飙升榜,2026-10-03,40,都怪我,胡66,热度 1%,,267131078,004dnamR28fSU6,https://y.qq.com/n/ryqq/toplist/62
2026-10-03,2026-10-03T13:26:16+08:00,QQ音乐,飙升榜,飙升榜,2026-10-03,41,Cold Shoulder (Explicit),Drake/Don Toliver/YEBBA,热度 1%,,730525074,001cvv6l13xL65,https://y.qq.com/n/ryqq/toplist/62
2026-10-03,2026-10-03T13:26:16+08:00,QQ音乐,飙升榜,飙升榜,2026-10-03,42,BACK SEAT (后座),JYJ (제이와이제이),热度 1%,,100782637,004c62RC2uujor,https://y.qq.com/n/ryqq/toplist/62
2026-10-03,2026-10-03T13:26:16+08:00,QQ音乐,飙升榜,飙升榜,2026-10-03,43,오늘 어때 (wyd?),82MAJOR (82메이저),热度 1%,,721820539,001x2cjQ1Gklhc,https://y.qq.com/n/ryqq/toplist/62
2026-10-03,2026-10-03T13:26:16+08:00,QQ音乐,飙升榜,飙升榜,2026-10-03,44,试探性分手,米牙,热度 1%,,729795933,000NEfu40SMIHD,https://y.qq.com/n/ryqq/toplist/62
2026-10-03,2026-10-03T13:26:16+08:00,QQ音乐,飙升榜,飙升榜,2026-10-03,45,五百年桑田沧海,郁钧剑,热度 1%,,102800817,000OVBcS12Vb9Y,https://y.qq.com/n/ryqq/toplist/62
2026-10-03,2026-10-03T13:26:16+08:00,QQ音乐,飙升榜,飙升榜,2026-10-03,46,爱从没有结束,陆尘,热度 1%,,727833850,004gF4zP3Y6mE2,https://y.qq.com/n/ryqq/toplist/62
2026-10-03,2026-10-03T13:26:16+08:00,QQ音乐,飙升榜,飙升榜,2026-10-03,47,八音盒 (Life Is Still Going On) (오르골),NCT DREAM (엔시티 드림),热度 1%,,315284258,001Dv2Kv1EfYi9,https://y.qq.com/n/ryqq/toplist/62
2026-10-03,2026-10-03T13:26:16+08:00,QQ音乐,飙升榜,飙升榜,2026-10-03,48,十万伏特,汪苏泷,热度 1%,,485088955,000XailV0KWvDK,https://y.qq.com/n/ryqq/toplist/62
2026-10-03,2026-10-03T13:26:16+08:00,QQ音乐,飙升榜,飙升榜,2026-10-03,49,不在场,冯允谦,热度 1%,,729891292,003fmtkF3zmmoJ,https://y.qq.com/n/ryqq/toplist/62
2026-10-03,2026-10-03T13:26:16+08:00,QQ音乐,飙升榜,飙升榜,2026-10-03,50,月亮替我望故乡,烟嗓船长,热度 1%,,730150138,000wD3cw0llRzc,https://y.qq.com/n/ryqq/toplist/62
2026-10-03,2026-10-03T13:26:16+08:00,QQ音乐,飙升榜,飙升榜,2026-10-03,51,Moonride,Hearts2Hearts,热度 1%,,723944263,004BnVzt0HGFcy,https://y.qq.com/n/ryqq/toplist/62
2026-10-03,2026-10-03T13:26:16+08:00,QQ音乐,飙升榜,飙升榜,2026-10-03,52,Love In The Dark,Adele,热度 1%,,105345636,002rBshp4WPAut,https://y.qq.com/n/ryqq/toplist/62
2026-10-03,2026-10-03T13:26:16+08:00,QQ音乐,飙升榜,飙升榜,2026-10-03,53,Solar Eclipse (Explicit),Drake/Don Toliver,热度 1%,,730525113,001cvv6l13xL65,https://y.qq.com/n/ryqq/toplist/62
2026-10-03,2026-10-03T13:26:16+08:00,QQ音乐,飙升榜,飙升榜,2026-10-03,54,DON'T LET ME KNOW (내가 모르게),iKON (아이콘),热度 1%,,217533128,003pm1hp1O6kzT,https://y.qq.com/n/ryqq/toplist/62
2026-10-03,2026-10-03T13:26:16+08:00,QQ音乐,飙升榜,飙升榜,2026-10-03,55,地动山摇,汪苏泷,热度 1%,,104118290,000AVn3z3kiDCH,https://y.qq.com/n/ryqq/toplist/62
2026-10-03,2026-10-03T13:26:16+08:00,QQ音乐,飙升榜,飙升榜,2026-10-03,56,완전미쳤어! (Studio54),T.O.P (崔胜铉),热度 1%,,653965578,002rNnDF1KBLPg,https://y.qq.com/n/ryqq/toplist/62
2026-10-03,2026-10-03T13:26:16+08:00,QQ音乐,飙升榜,飙升榜,2026-10-03,57,床头灯,陈奕迅,热度 1%,,1411907,002yvSQG3SkYsG,https://y.qq.com/n/ryqq/toplist/62
2026-10-03,2026-10-03T13:26:16+08:00,QQ音乐,飙升榜,飙升榜,2026-10-03,58,清明上河图.心迹,智歌,热度 1%,,729976235,000oG0KM1xJ89p,https://y.qq.com/n/ryqq/toplist/62
2026-10-03,2026-10-03T13:26:16+08:00,QQ音乐,飙升榜,飙升榜,2026-10-03,59,呆头鸟,礼越,热度 1%,,716143326,003bzaxA2iIaI3,https://y.qq.com/n/ryqq/toplist/62
2026-10-03,2026-10-03T13:26:16+08:00,QQ音乐,飙升榜,飙升榜,2026-10-03,60,Be Yourself,TF家族-陈奕恒,热度 1%,,663358733,001BtbCc3ZYDNn,https://y.qq.com/n/ryqq/toplist/62
2026-10-03,2026-10-03T13:26:16+08:00,QQ音乐,飙升榜,飙升榜,2026-10-03,61,보기 드문 여자 (Feat. NOWIMYOUNG (나우아임영)) (Dime Girl),YENA (崔叡娜)/nowimyoung (나우아임영),热度 1%,,728706608,0031ChWy426zc5,https://y.qq.com/n/ryqq/toplist/62
2026-10-03,2026-10-03T13:26:16+08:00,QQ音乐,飙升榜,飙升榜,2026-10-03,62,思念像风一样,陌贝儿,热度 0%,,726202302,001JNrpn0NPhlL,https://y.qq.com/n/ryqq/toplist/62
2026-10-03,2026-10-03T13:26:16+08:00,QQ音乐,飙升榜,飙升榜,2026-10-03,63,爱与痛的边缘,王菲,热度 0%,,730615075,0004b1OZ0TgdpC,https://y.qq.com/n/ryqq/toplist/62
2026-10-03,2026-10-03T13:26:16+08:00,QQ音乐,飙升榜,飙升榜,2026-10-03,64,四象二十八宿,一个信徒哦,热度 0%,,730379240,00433quC2MEHw2,https://y.qq.com/n/ryqq/toplist/62
2026-10-03,2026-10-03T13:26:16+08:00,QQ音乐,飙升榜,飙升榜,2026-10-03,65,你不要那样看着我的眼睛,蔡琴,热度 0%,,8135137,003HVu7R0mCMM8,https://y.qq.com/n/ryqq/toplist/62
2026-10-03,2026-10-03T13:26:16+08:00,QQ音乐,飙升榜,飙升榜,2026-10-03,66,Quebec (Explicit),Drake,热度 0%,,730525073,001cvv6l13xL65,https://y.qq.com/n/ryqq/toplist/62
2026-10-03,2026-10-03T13:26:16+08:00,QQ音乐,飙升榜,飙升榜,2026-10-03,67,大梦归,索瑞・Sorey,热度 0%,,729863619,004FZtDi27F505,https://y.qq.com/n/ryqq/toplist/62
2026-10-03,2026-10-03T13:26:16+08:00,QQ音乐,飙升榜,飙升榜,2026-10-03,68,1424,汪苏泷,热度 0%,,655794075,000A1M903iHvyT,https://y.qq.com/n/ryqq/toplist/62
2026-10-03,2026-10-03T13:26:16+08:00,QQ音乐,飙升榜,飙升榜,2026-10-03,69,积雨云,赵希予,热度 0%,,728182032,004YSSb23J42YZ,https://y.qq.com/n/ryqq/toplist/62
2026-10-03,2026-10-03T13:26:16+08:00,QQ音乐,飙升榜,飙升榜,2026-10-03,70,祝福祖国,汤灿,热度 0%,,503974257,004JLnHk0QiD32,https://y.qq.com/n/ryqq/toplist/62
2026-10-03,2026-10-03T13:26:16+08:00,QQ音乐,飙升榜,飙升榜,2026-10-03,71,落日飞行,赵希予,热度 0%,,719104911,003VGinB4DiEY7,https://y.qq.com/n/ryqq/toplist/62
2026-10-03,2026-10-03T13:26:16+08:00,QQ音乐,飙升榜,飙升榜,2026-10-03,72,99,TizzyT,热度 0%,,600150714,001hnLUo3Z0g6a,https://y.qq.com/n/ryqq/toplist/62
2026-10-03,2026-10-03T13:26:16+08:00,QQ音乐,飙升榜,飙升榜,2026-10-03,73,蝴蝶知道她爱谁,张杰,热度 0%,,234167436,001YOS0W3ZAWv0,https://y.qq.com/n/ryqq/toplist/62
2026-10-03,2026-10-03T13:26:16+08:00,QQ音乐,飙升榜,飙升榜,2026-10-03,74,Classic PT2,Drake,热度 0%,,730525084,001cvv6l13xL65,https://y.qq.com/n/ryqq/toplist/62
2026-10-03,2026-10-03T13:26:16+08:00,QQ音乐,飙升榜,飙升榜,2026-10-03,75,互删 (我走以后),江辰,热度 0%,,719498696,003jUegY0Z4u9L,https://y.qq.com/n/ryqq/toplist/62
2026-10-03,2026-10-03T13:26:16+08:00,QQ音乐,飙升榜,飙升榜,2026-10-03,76,多远都要在一起,G.E.M.邓紫棋,热度 0%,,201033957,001i5XNn2GHZSS,https://y.qq.com/n/ryqq/toplist/62
2026-10-03,2026-10-03T13:26:16+08:00,QQ音乐,飙升榜,飙升榜,2026-10-03,77,夜风铃,彭羚,热度 0%,,7418425,001M7Sdu0RZOsn,https://y.qq.com/n/ryqq/toplist/62
2026-10-03,2026-10-03T13:26:16+08:00,QQ音乐,飙升榜,飙升榜,2026-10-03,78,最遗憾的事,盛嘉禄(甜心豌豆),热度 0%,,659812964,00082jG62sw5a7,https://y.qq.com/n/ryqq/toplist/62
2026-10-03,2026-10-03T13:26:16+08:00,QQ音乐,飙升榜,飙升榜,2026-10-03,79,虚拟恋爱指南 The User Guide of Robot,汪苏泷,热度 0%,,217250385,002D3uuL1PER6n,https://y.qq.com/n/ryqq/toplist/62
2026-10-03,2026-10-03T13:26:16+08:00,QQ音乐,飙升榜,飙升榜,2026-10-03,80,Viva la Vida,Coldplay,热度 0%,,203320056,000nFSTf0j8CFJ,https://y.qq.com/n/ryqq/toplist/62
2026-10-03,2026-10-03T13:26:16+08:00,QQ音乐,飙升榜,飙升榜,2026-10-03,81,Nightlight,段宜恩 (MARK)/MILLI,热度 0%,,726485381,002uDqCj4Zzdof,https://y.qq.com/n/ryqq/toplist/62
2026-10-03,2026-10-03T13:26:16+08:00,QQ音乐,飙升榜,飙升榜,2026-10-03,82,看见我,周深/王者荣耀,热度 0%,,521625264,004DirX72Nv7P5,https://y.qq.com/n/ryqq/toplist/62
2026-10-03,2026-10-03T13:26:16+08:00,QQ音乐,飙升榜,飙升榜,2026-10-03,83,忧郁幻昼 (Abyss Mix),凝视深渊·Abyss,热度 0%,,723761099,002KMcm20LcHh0,https://y.qq.com/n/ryqq/toplist/62
2026-10-03,2026-10-03T13:26:16+08:00,QQ音乐,飙升榜,飙升榜,2026-10-03,84,总会有人 (男版),承桓,热度 0%,,442433729,000cEMbj34gDnb,https://y.qq.com/n/ryqq/toplist/62
2026-10-03,2026-10-03T13:26:16+08:00,QQ音乐,飙升榜,飙升榜,2026-10-03,85,你呀你呀心放宽,藏族次仁大叔,热度 0%,,730142000,0031mqVo2NG5K5,https://y.qq.com/n/ryqq/toplist/62
2026-10-03,2026-10-03T13:26:16+08:00,QQ音乐,飙升榜,飙升榜,2026-10-03,86,99次我爱他,元若蓝,热度 0%,,416486,000CHWDQ3pcDfm,https://y.qq.com/n/ryqq/toplist/62
2026-10-03,2026-10-03T13:26:16+08:00,QQ音乐,飙升榜,飙升榜,2026-10-03,87,诡面问心,萨顶顶,热度 0%,,729942247,002U3bQH1L395v,https://y.qq.com/n/ryqq/toplist/62
2026-10-03,2026-10-03T13:26:16+08:00,QQ音乐,飙升榜,飙升榜,2026-10-03,88,无奈那天,王菲,热度 0%,,1406042,003MyWHr0orGx4,https://y.qq.com/n/ryqq/toplist/62
2026-10-03,2026-10-03T13:26:16+08:00,QQ音乐,飙升榜,飙升榜,2026-10-03,89,沉默是金,张国荣,热度 0%,,730615070,0004b1OZ0TgdpC,https://y.qq.com/n/ryqq/toplist/62
2026-10-03,2026-10-03T13:26:16+08:00,QQ音乐,飙升榜,飙升榜,2026-10-03,90,嘉豪,崔乐,热度 0%,,721621516,003Xhcq70ZuFDv,https://y.qq.com/n/ryqq/toplist/62
2026-10-03,2026-10-03T13:26:16+08:00,QQ音乐,飙升榜,飙升榜,2026-10-03,91,来杯好茶摇一摇 (清唱版),拖鞋pd,热度 0%,,706545580,002Dq4ZS1aspwN,https://y.qq.com/n/ryqq/toplist/62
2026-10-03,2026-10-03T13:26:16+08:00,QQ音乐,飙升榜,飙升榜,2026-10-03,92,Therefore I Am,Billie Eilish,热度 0%,,284139686,004RiXUW1xSUU0,https://y.qq.com/n/ryqq/toplist/62
2026-10-03,2026-10-03T13:26:16+08:00,QQ音乐,飙升榜,飙升榜,2026-10-03,93,我来书写我的名,王铮亮,热度 0%,,726262467,003ZuQ5z05yCAP,https://y.qq.com/n/ryqq/toplist/62
2026-10-03,2026-10-03T13:26:16+08:00,QQ音乐,飙升榜,飙升榜,2026-10-03,94,WNBA (Explicit),Drake,热度 0%,,730525109,001cvv6l13xL65,https://y.qq.com/n/ryqq/toplist/62
2026-10-03,2026-10-03T13:26:16+08:00,QQ音乐,飙升榜,飙升榜,2026-10-03,95,半梦半醒,谭咏麟,热度 0%,,730615060,0004b1OZ0TgdpC,https://y.qq.com/n/ryqq/toplist/62
2026-10-03,2026-10-03T13:26:16+08:00,QQ音乐,飙升榜,飙升榜,2026-10-03,96,新征程,张杰,热度 0%,,292475742,001Hfmss11Z6aZ,https://y.qq.com/n/ryqq/toplist/62
2026-10-03,2026-10-03T13:26:16+08:00,QQ音乐,飙升榜,飙升榜,2026-10-03,97,小风波,谭咏麟,热度 0%,,730615057,0004b1OZ0TgdpC,https://y.qq.com/n/ryqq/toplist/62
2026-10-03,2026-10-03T13:26:16+08:00,QQ音乐,飙升榜,飙升榜,2026-10-03,98,白夜,尹姝贻,热度 0%,,544804511,003z4R4s0pMFl5,https://y.qq.com/n/ryqq/toplist/62
2026-10-03,2026-10-03T13:26:16+08:00,QQ音乐,飙升榜,飙升榜,2026-10-03,99,祈求神偏向,尹昔眠,热度 0%,,727863217,000yYpc1361pNJ,https://y.qq.com/n/ryqq/toplist/62
2026-10-03,2026-10-03T13:26:16+08:00,QQ音乐,飙升榜,飙升榜,2026-10-03,100,It's Only Rain,Euge Groove,热度 0%,,234342613,001cbxmu3L50aU,https://y.qq.com/n/ryqq/toplist/62
2026-10-03,2026-10-03T13:26:16+08:00,酷狗音乐,热歌榜,酷狗TOP500,2026-10-03,1,祝福祖国 (合唱版),晴婉、赵若海,,3:18,67C10F06DBCE4E957E2E1B5859F7E99C,209433401,https://www.kugou.com/yy/rank/home/1-8888.html?from=rank
2026-10-03,2026-10-03T13:26:16+08:00,酷狗音乐,热歌榜,酷狗TOP500,2026-10-03,2,茶汤,郁可唯,,5:06,E2948B4513F34F7A4C7767EAD15BC4F8,4012536,https://www.kugou.com/yy/rank/home/1-8888.html?from=rank
2026-10-03,2026-10-03T13:26:16+08:00,酷狗音乐,热歌榜,酷狗TOP500,2026-10-03,3,甲乙丙丁 (你我怎么两清),李佳薇,,3:30,213D580CA0BDCC28A5FDBA995FFDA106,197648995,https://www.kugou.com/yy/rank/home/1-8888.html?from=rank
2026-10-03,2026-10-03T13:26:16+08:00,酷狗音乐,热歌榜,酷狗TOP500,2026-10-03,4,红尘误此生,宋晓峰,,3:45,9F882DE24A9C98FE3F793B0CECFD3B42,208371033,https://www.kugou.com/yy/rank/home/1-8888.html?from=rank
2026-10-03,2026-10-03T13:26:16+08:00,酷狗音乐,热歌榜,酷狗TOP500,2026-10-03,5,我不难过,孙燕姿,,5:20,3FD7E1EC51122C745C637735C8BDE716,965883,https://www.kugou.com/yy/rank/home/1-8888.html?from=rank
2026-10-03,2026-10-03T13:26:16+08:00,酷狗音乐,热歌榜,酷狗TOP500,2026-10-03,6,异想天开,肖战,,3:17,F957C93D8EA8D3EF2335FF72BB5E1585,209339223,https://www.kugou.com/yy/rank/home/1-8888.html?from=rank
2026-10-03,2026-10-03T13:26:16+08:00,酷狗音乐,热歌榜,酷狗TOP500,2026-10-03,7,牡丹亭,浅影阿,,3:00,E3DDA5DFCDC44BCF146E2BDC3916779A,203271867,https://www.kugou.com/yy/rank/home/1-8888.html?from=rank
2026-10-03,2026-10-03T13:26:16+08:00,酷狗音乐,热歌榜,酷狗TOP500,2026-10-03,8,大梦归,周深,,3:49,FCEDAF78465CD283E1DA72A8DEAC553A,208910910,https://www.kugou.com/yy/rank/home/1-8888.html?from=rank
2026-10-03,2026-10-03T13:26:16+08:00,酷狗音乐,热歌榜,酷狗TOP500,2026-10-03,9,祝福祖国,顿珠拉姆,,3:19,5DA11A7E705CEAC07CC2F21488DBA9AD,204038427,https://www.kugou.com/yy/rank/home/1-8888.html?from=rank
2026-10-03,2026-10-03T13:26:16+08:00,酷狗音乐,热歌榜,酷狗TOP500,2026-10-03,10,Whatever Happens,Michael Jackson,,4:57,C0E4D361A67DE916D8A5990C0EF34479,1786970,https://www.kugou.com/yy/rank/home/1-8888.html?from=rank
2026-10-03,2026-10-03T13:26:16+08:00,酷狗音乐,热歌榜,酷狗TOP500,2026-10-03,11,茶花开了，该回家了,王睿卓、加木,,3:10,99F0F17B7C6F110346411E7AD552156D,133732298,https://www.kugou.com/yy/rank/home/1-8888.html?from=rank
2026-10-03,2026-10-03T13:26:16+08:00,酷狗音乐,热歌榜,酷狗TOP500,2026-10-03,12,月亮替我望故乡,任夏,,3:32,7A4E37A535C66AB760E761DE8322B04D,207826335,https://www.kugou.com/yy/rank/home/1-8888.html?from=rank
2026-10-03,2026-10-03T13:26:16+08:00,酷狗音乐,热歌榜,酷狗TOP500,2026-10-03,13,泪海,许茹芸,,4:58,FBC174E7C22B9AF471B7B93A61751E1B,975212,https://www.kugou.com/yy/rank/home/1-8888.html?from=rank
2026-10-03,2026-10-03T13:26:16+08:00,酷狗音乐,热歌榜,酷狗TOP500,2026-10-03,14,我听人说思念像风一样 (宿命版),顿珠拉姆,,3:32,A1A54A845122AA0473BC649F77808ACB,207663627,https://www.kugou.com/yy/rank/home/1-8888.html?from=rank
2026-10-03,2026-10-03T13:26:16+08:00,酷狗音乐,热歌榜,酷狗TOP500,2026-10-03,15,山风山风等等我,万海东,,3:29,CE256D96F1F025D60468D8F0BC9EE64B,200106963,https://www.kugou.com/yy/rank/home/1-8888.html?from=rank
2026-10-03,2026-10-03T13:26:16+08:00,酷狗音乐,热歌榜,酷狗TOP500,2026-10-03,16,情歌,梁静茹,,4:20,72DB6DA75FFE23A3A6361BDB8F44D5F4,2997268,https://www.kugou.com/yy/rank/home/1-8888.html?from=rank
2026-10-03,2026-10-03T13:26:16+08:00,酷狗音乐,热歌榜,酷狗TOP500,2026-10-03,17,九月底,余佳运,,4:17,9983DA61BCDB296EED401069F82F7484,12739065,https://www.kugou.com/yy/rank/home/1-8888.html?from=rank
2026-10-03,2026-10-03T13:26:16+08:00,酷狗音乐,热歌榜,酷狗TOP500,2026-10-03,18,秋风一吹又老一岁 (女版烟嗓),微醺森林,,3:41,6024903A2603AFB6FBD0453162BDED63,207534691,https://www.kugou.com/yy/rank/home/1-8888.html?from=rank
2026-10-03,2026-10-03T13:26:16+08:00,酷狗音乐,热歌榜,酷狗TOP500,2026-10-03,19,你有没有真的爱过我,阿图表妹,,4:03,FE39668F68770C3FB3BE57A3E86CCC10,190170015,https://www.kugou.com/yy/rank/home/1-8888.html?from=rank
2026-10-03,2026-10-03T13:26:16+08:00,酷狗音乐,热歌榜,酷狗TOP500,2026-10-03,20,如果累了就回故乡 (少年版),酷酷里、面妹孔佳奇,,3:50,02B553BC8BB80E6948A78DE0CF4ED354,203339346,https://www.kugou.com/yy/rank/home/1-8888.html?from=rank
2026-10-03,2026-10-03T13:26:16+08:00,酷狗音乐,热歌榜,酷狗TOP500,2026-10-03,21,雨爱,杨丞琳,,4:21,2592FFA57A2D8B1A16F18D991B7098CD,2694607,https://www.kugou.com/yy/rank/home/1-8888.html?from=rank
2026-10-03,2026-10-03T13:26:16+08:00,酷狗音乐,热歌榜,酷狗TOP500,2026-10-03,22,有魅,刘宇宁,,4:02,3DC73A229F132C1051CFEBFC54D9F85A,209503471,https://www.kugou.com/yy/rank/home/1-8888.html?from=rank
2026-10-03,2026-10-03T13:26:16+08:00,酷狗音乐,热歌榜,酷狗TOP500,2026-10-03,23,遥远的不是爱,肖战,,3:02,AEC91B6DD57D04C5B8FFF1E52FBE304F,209339223,https://www.kugou.com/yy/rank/home/2-8888.html?from=rank
2026-10-03,2026-10-03T13:26:16+08:00,酷狗音乐,热歌榜,酷狗TOP500,2026-10-03,24,回到你身边 (让你知道),h3R3刘清云,,3:51,D47C45995D6D88F23AB76601702D9C9E,199501920,https://www.kugou.com/yy/rank/home/2-8888.html?from=rank
2026-10-03,2026-10-03T13:26:16+08:00,酷狗音乐,热歌榜,酷狗TOP500,2026-10-03,25,无奈的思绪 (烟嗓版),嘉慧,,2:36,EEC9FD2DBB1BB3C5C1A282C35C537814,208549253,https://www.kugou.com/yy/rank/home/2-8888.html?from=rank
2026-10-03,2026-10-03T13:26:16+08:00,酷狗音乐,热歌榜,酷狗TOP500,2026-10-03,26,人间情多,石红豆,,3:10,98E274BC0E94D59F3490EDFED90EE19B,209416308,https://www.kugou.com/yy/rank/home/2-8888.html?from=rank
2026-10-03,2026-10-03T13:26:16+08:00,酷狗音乐,热歌榜,酷狗TOP500,2026-10-03,27,不合时宜,肖战,,3:45,6A82E5A3F8EB93B040AD743768C1C0AB,209339223,https://www.kugou.com/yy/rank/home/2-8888.html?from=rank
2026-10-03,2026-10-03T13:26:16+08:00,酷狗音乐,热歌榜,酷狗TOP500,2026-10-03,28,人生路漫漫,白小白,,3:55,B8CA573A69DB5050C7EE0C1AB79144E5,179917533,https://www.kugou.com/yy/rank/home/2-8888.html?from=rank
2026-10-03,2026-10-03T13:26:16+08:00,酷狗音乐,热歌榜,酷狗TOP500,2026-10-03,29,失眠,Suki刘舒妤,,3:31,EC476A2009EF5DCAC13EDCD11870DF55,671621,https://www.kugou.com/yy/rank/home/2-8888.html?from=rank
2026-10-03,2026-10-03T13:26:16+08:00,酷狗音乐,热歌榜,酷狗TOP500,2026-10-03,30,如愿,王菲,,4:25,EC1A18BBD6B61CB203E656B91F5CF2D1,49057589,https://www.kugou.com/yy/rank/home/2-8888.html?from=rank
2026-10-03,2026-10-03T13:26:16+08:00,酷狗音乐,热歌榜,酷狗TOP500,2026-10-03,31,"Allez, aimez!",肖战,,3:22,74ACB6EC1B0678DB8B6EBE512263BF46,209339223,https://www.kugou.com/yy/rank/home/2-8888.html?from=rank
2026-10-03,2026-10-03T13:26:16+08:00,酷狗音乐,热歌榜,酷狗TOP500,2026-10-03,32,偏爱,张芸京,,3:33,4A544525C1F78DBDF25361DB0E255495,968788,https://www.kugou.com/yy/rank/home/2-8888.html?from=rank
2026-10-03,2026-10-03T13:26:16+08:00,酷狗音乐,热歌榜,酷狗TOP500,2026-10-03,33,我喝了爱情的鹤顶红,归来小易,,2:58,E8134CE0D3DDBCDEC6CC1A6CF89F4AE8,208291891,https://www.kugou.com/yy/rank/home/2-8888.html?from=rank
2026-10-03,2026-10-03T13:26:16+08:00,酷狗音乐,热歌榜,酷狗TOP500,2026-10-03,34,开始懂了,孙燕姿,,4:32,93F260998A10F4AD6B46606AF5C8EC72,972102,https://www.kugou.com/yy/rank/home/2-8888.html?from=rank
2026-10-03,2026-10-03T13:26:16+08:00,酷狗音乐,热歌榜,酷狗TOP500,2026-10-03,35,樱花草,Sweety,,4:44,F0B01830164E4974A2AC9E85DD446D45,507451,https://www.kugou.com/yy/rank/home/2-8888.html?from=rank
2026-10-03,2026-10-03T13:26:16+08:00,酷狗音乐,热歌榜,酷狗TOP500,2026-10-03,36,恋人,李荣浩,,4:36,9DA7851E2BF83B18C74CBBAB461CEFDD,106374641,https://www.kugou.com/yy/rank/home/2-8888.html?from=rank
2026-10-03,2026-10-03T13:26:16+08:00,酷狗音乐,热歌榜,酷狗TOP500,2026-10-03,37,盛夏的果实,莫文蔚,,4:11,1C86CBC64AE9A6C3539A36CAADDF1A59,978378,https://www.kugou.com/yy/rank/home/2-8888.html?from=rank
2026-10-03,2026-10-03T13:26:16+08:00,酷狗音乐,热歌榜,酷狗TOP500,2026-10-03,38,黄昏,周传雄,,5:44,7DE9A9CD041157F6BF3FE9FFBCF120E3,964612,https://www.kugou.com/yy/rank/home/2-8888.html?from=rank
2026-10-03,2026-10-03T13:26:16+08:00,酷狗音乐,热歌榜,酷狗TOP500,2026-10-03,39,晴天,周杰伦,,4:29,B3A52A7A958BF0AED0EBFBA2E9A818B7,966846,https://www.kugou.com/yy/rank/home/2-8888.html?from=rank
2026-10-03,2026-10-03T13:26:16+08:00,酷狗音乐,热歌榜,酷狗TOP500,2026-10-03,40,雨过后的风景,Dizzy Dizzo (蔡诗芸),,4:03,E3F046EDB5EB76BBA5A44FFA3D8F8C42,974143,https://www.kugou.com/yy/rank/home/2-8888.html?from=rank
2026-10-03,2026-10-03T13:26:16+08:00,酷狗音乐,热歌榜,酷狗TOP500,2026-10-03,41,九月底 (Live),余佳运,,4:09,7314D78349F2695435D4320CBB6FF9E2,74127806,https://www.kugou.com/yy/rank/home/2-8888.html?from=rank
2026-10-03,2026-10-03T13:26:16+08:00,酷狗音乐,热歌榜,酷狗TOP500,2026-10-03,42,我怀念的,孙燕姿,,4:49,1A3CAACB1E361DAF217A2383E9C8E292,984086,https://www.kugou.com/yy/rank/home/2-8888.html?from=rank
2026-10-03,2026-10-03T13:26:16+08:00,酷狗音乐,热歌榜,酷狗TOP500,2026-10-03,43,山风山风等等我 (女声合唱),佳佳、宋盐球、金钰双双、天雯,,3:29,A7F74A6D359F6A82A8ED0887513FE39E,208673557,https://www.kugou.com/yy/rank/home/2-8888.html?from=rank
2026-10-03,2026-10-03T13:26:16+08:00,酷狗音乐,热歌榜,酷狗TOP500,2026-10-03,44,风月吻眉梢,礼越,,3:26,DDE279AF8DB58030F87ED111E108D8A8,152382604,https://www.kugou.com/yy/rank/home/2-8888.html?from=rank
2026-10-03,2026-10-03T13:26:16+08:00,酷狗音乐,热歌榜,酷狗TOP500,2026-10-03,45,你不该权衡利弊,李婷雪,,3:49,B4EE7D20EADA2A043636B4E560663F29,203889405,https://www.kugou.com/yy/rank/home/3-8888.html?from=rank
2026-10-03,2026-10-03T13:26:16+08:00,酷狗音乐,热歌榜,酷狗TOP500,2026-10-03,46,茶花开了,王睿卓,,4:30,007A7A8EAFA3FF9EA51EF6A767AC3497,130468077,https://www.kugou.com/yy/rank/home/3-8888.html?from=rank
2026-10-03,2026-10-03T13:26:16+08:00,酷狗音乐,热歌榜,酷狗TOP500,2026-10-03,47,阴天,莫文蔚,,4:02,E4271CB5938F401AA283FBEA49223BF8,970575,https://www.kugou.com/yy/rank/home/3-8888.html?from=rank
2026-10-03,2026-10-03T13:26:16+08:00,酷狗音乐,热歌榜,酷狗TOP500,2026-10-03,48,最佳损友,陈奕迅,,3:54,CBFA7DDE592B23322E21E4BDAA9BE9F9,964332,https://www.kugou.com/yy/rank/home/3-8888.html?from=rank
2026-10-03,2026-10-03T13:26:16+08:00,酷狗音乐,热歌榜,酷狗TOP500,2026-10-03,49,出现又离开 (Live),梁博,,6:43,DEAB3B0160E9A410CE0AAA9ED8AC602E,19284949,https://www.kugou.com/yy/rank/home/3-8888.html?from=rank
2026-10-03,2026-10-03T13:26:16+08:00,酷狗音乐,热歌榜,酷狗TOP500,2026-10-03,50,No photo of you left to survey (二十岁的某一天英文版),冬妍DYan,,3:05,7523CFC6EDE31E4C56B30E5220A06B35,206681376,https://www.kugou.com/yy/rank/home/3-8888.html?from=rank
2026-10-03,2026-10-03T13:26:16+08:00,酷狗音乐,热歌榜,酷狗TOP500,2026-10-03,51,不遗憾,李荣浩,,5:20,40CE38D5DB930F404EB26F58978BEC3D,44404137,https://www.kugou.com/yy/rank/home/3-8888.html?from=rank
2026-10-03,2026-10-03T13:26:16+08:00,酷狗音乐,热歌榜,酷狗TOP500,2026-10-03,52,一直很安静,阿桑,,4:10,44816EF0288A3B1ED2C4A5C5FE6B93B3,972917,https://www.kugou.com/yy/rank/home/3-8888.html?from=rank
2026-10-03,2026-10-03T13:26:16+08:00,酷狗音乐,热歌榜,酷狗TOP500,2026-10-03,53,遇见,孙燕姿,,3:31,9F865C787E90E013B2BC847BAAA306AA,964325,https://www.kugou.com/yy/rank/home/3-8888.html?from=rank
2026-10-03,2026-10-03T13:26:16+08:00,酷狗音乐,热歌榜,酷狗TOP500,2026-10-03,54,坏女孩,徐良、小凌,,4:07,9365223F903B13D0DAF54B6091AC3E7B,511536,https://www.kugou.com/yy/rank/home/3-8888.html?from=rank
2026-10-03,2026-10-03T13:26:16+08:00,酷狗音乐,热歌榜,酷狗TOP500,2026-10-03,55,不死鸟,霍尊,,4:26,64A97CF5A13020E8B2475FD8C0B6BE93,39743917,https://www.kugou.com/yy/rank/home/3-8888.html?from=rank
2026-10-03,2026-10-03T13:26:16+08:00,酷狗音乐,热歌榜,酷狗TOP500,2026-10-03,56,失控,井迪,,4:15,44FE8C442EB1F254D15717F1DC03C9BF,40221609,https://www.kugou.com/yy/rank/home/3-8888.html?from=rank
2026-10-03,2026-10-03T13:26:16+08:00,酷狗音乐,热歌榜,酷狗TOP500,2026-10-03,57,美人鱼,林俊杰,,4:14,CDAE8C7E2FAF7F08DC18E78A1D65117B,969588,https://www.kugou.com/yy/rank/home/3-8888.html?from=rank
2026-10-03,2026-10-03T13:26:16+08:00,酷狗音乐,热歌榜,酷狗TOP500,2026-10-03,58,琵琶曲,郑浩、冰洁,,3:55,244A022D6CB3FDE50B24E76402053EB3,180917343,https://www.kugou.com/yy/rank/home/3-8888.html?from=rank
2026-10-03,2026-10-03T13:26:16+08:00,酷狗音乐,热歌榜,酷狗TOP500,2026-10-03,59,阿楚姑娘,袁娅维TIA RAY,,4:09,3848D19461B6679AB8F8918567E8F919,1399265,https://www.kugou.com/yy/rank/home/3-8888.html?from=rank
2026-10-03,2026-10-03T13:26:16+08:00,酷狗音乐,热歌榜,酷狗TOP500,2026-10-03,60,演员,薛之谦,,4:21,097E777171F692855EAE98B6965F9477,14456909,https://www.kugou.com/yy/rank/home/3-8888.html?from=rank
2026-10-03,2026-10-03T13:26:16+08:00,酷狗音乐,热歌榜,酷狗TOP500,2026-10-03,61,成都,赵雷,,5:28,A06B033B356BFC974C5245D0195086A5,1802652,https://www.kugou.com/yy/rank/home/3-8888.html?from=rank
2026-10-03,2026-10-03T13:26:16+08:00,酷狗音乐,热歌榜,酷狗TOP500,2026-10-03,62,素颜,许嵩、何曼婷,,3:59,30C94AE2868E63B1058DA7685E0CDF3B,13264539,https://www.kugou.com/yy/rank/home/3-8888.html?from=rank
2026-10-03,2026-10-03T13:26:16+08:00,酷狗音乐,热歌榜,酷狗TOP500,2026-10-03,63,青花瓷,周杰伦,,3:59,37A8F50A9EC3B267C3CC6BEC633D9C4A,979856,https://www.kugou.com/yy/rank/home/3-8888.html?from=rank
2026-10-03,2026-10-03T13:26:16+08:00,酷狗音乐,热歌榜,酷狗TOP500,2026-10-03,64,红色高跟鞋,蔡健雅,,3:27,055A804B8A3CCC05240D08F8FF1F7DE8,978459,https://www.kugou.com/yy/rank/home/3-8888.html?from=rank
2026-10-03,2026-10-03T13:26:16+08:00,酷狗音乐,热歌榜,酷狗TOP500,2026-10-03,65,下完这场雨,后弦,,4:31,2EEFFF98A4F19D945BBA7C78FB2079C0,1964990,https://www.kugou.com/yy/rank/home/3-8888.html?from=rank
2026-10-03,2026-10-03T13:26:16+08:00,酷狗音乐,热歌榜,酷狗TOP500,2026-10-03,66,稻香,周杰伦,,3:44,8909E1809908CD8E3BF6CF85D98B93F0,960399,https://www.kugou.com/yy/rank/home/3-8888.html?from=rank
2026-10-03,2026-10-03T13:26:16+08:00,酷狗音乐,热歌榜,酷狗TOP500,2026-10-03,67,小半,陈粒,,4:57,AFEA9FFE5D7F0EF0874119A363820D33,1749208,https://www.kugou.com/yy/rank/home/4-8888.html?from=rank
2026-10-03,2026-10-03T13:26:16+08:00,酷狗音乐,热歌榜,酷狗TOP500,2026-10-03,68,不再执着未来 (深情版),张多金,,3:47,812A60F0E4D672F15FE07921405DA6AF,208333434,https://www.kugou.com/yy/rank/home/4-8888.html?from=rank
2026-10-03,2026-10-03T13:26:16+08:00,酷狗音乐,热歌榜,酷狗TOP500,2026-10-03,69,认真的雪,薛之谦,,4:19,D2E00CC158DB4DA18927AC3B01CC371B,2689239,https://www.kugou.com/yy/rank/home/4-8888.html?from=rank
2026-10-03,2026-10-03T13:26:16+08:00,酷狗音乐,热歌榜,酷狗TOP500,2026-10-03,70,我爱你中国 (Live),孙楠、韩红、黄绮珊、古巨基、陈楚生、王心凌、谭维维、胡彦斌、郁可唯、汪苏泷、周深、宋亚轩、杨坤、单依纯、何炅、李莎旻子,,5:31,5500C3CE8B32416812A7572FB6CB1F0D,83718089,https://www.kugou.com/yy/rank/home/4-8888.html?from=rank
2026-10-03,2026-10-03T13:26:16+08:00,酷狗音乐,热歌榜,酷狗TOP500,2026-10-03,71,青花,周传雄,,4:58,09B46455BAE7C613ABD0DB362A5DDBDE,960448,https://www.kugou.com/yy/rank/home/4-8888.html?from=rank
2026-10-03,2026-10-03T13:26:16+08:00,酷狗音乐,热歌榜,酷狗TOP500,2026-10-03,72,多余的解释,许嵩,,4:37,9678D4878727F744FD3D19663CAA8AD9,973251,https://www.kugou.com/yy/rank/home/4-8888.html?from=rank
2026-10-03,2026-10-03T13:26:16+08:00,酷狗音乐,热歌榜,酷狗TOP500,2026-10-03,73,像我这样爱你的人,落日微醺本薰、张多金,,4:22,2AEE05C92035800815DE6AFEE285FD0B,201366705,https://www.kugou.com/yy/rank/home/4-8888.html?from=rank
2026-10-03,2026-10-03T13:26:16+08:00,酷狗音乐,热歌榜,酷狗TOP500,2026-10-03,74,爱错,王力宏,,3:59,8E021794DFD02C48D2C6281A55BCBDC6,2996462,https://www.kugou.com/yy/rank/home/4-8888.html?from=rank
2026-10-03,2026-10-03T13:26:16+08:00,酷狗音乐,热歌榜,酷狗TOP500,2026-10-03,75,红尘客栈,周杰伦,,4:34,48729371F20FB048EF4E51D4CD41DBF5,982051,https://www.kugou.com/yy/rank/home/4-8888.html?from=rank
2026-10-03,2026-10-03T13:26:16+08:00,酷狗音乐,热歌榜,酷狗TOP500,2026-10-03,76,等一分钟,徐誉滕,,3:56,52ED380B09C692BDF4CE65FD56D918F3,2530746,https://www.kugou.com/yy/rank/home/4-8888.html?from=rank
2026-10-03,2026-10-03T13:26:16+08:00,酷狗音乐,热歌榜,酷狗TOP500,2026-10-03,77,富士山下,陈奕迅,,4:19,0433F1A94FA162B20FB8AE576A951D6B,976404,https://www.kugou.com/yy/rank/home/4-8888.html?from=rank
2026-10-03,2026-10-03T13:26:16+08:00,酷狗音乐,热歌榜,酷狗TOP500,2026-10-03,78,梦哑,任然,,3:54,3194D1AA995469BEF8620E96989D6BA8,193630889,https://www.kugou.com/yy/rank/home/4-8888.html?from=rank
2026-10-03,2026-10-03T13:26:16+08:00,酷狗音乐,热歌榜,酷狗TOP500,2026-10-03,79,唯一,G.E.M.邓紫棋,,4:14,AB05B8F658851282DCB2CBAD548AEB9B,82564821,https://www.kugou.com/yy/rank/home/4-8888.html?from=rank
2026-10-03,2026-10-03T13:26:16+08:00,酷狗音乐,热歌榜,酷狗TOP500,2026-10-03,80,慢品人间烟火气 (微醺版),涂一乐,,2:21,D097F9EC5D9A175447E0A120DCEEF3B8,204334307,https://www.kugou.com/yy/rank/home/4-8888.html?from=rank
2026-10-03,2026-10-03T13:26:16+08:00,酷狗音乐,热歌榜,酷狗TOP500,2026-10-03,81,此生不换,青鸟飞鱼,,4:26,F73630B79647324AB3415C21BFA5BD3D,553897,https://www.kugou.com/yy/rank/home/4-8888.html?from=rank
2026-10-03,2026-10-03T13:26:16+08:00,酷狗音乐,热歌榜,酷狗TOP500,2026-10-03,82,弯弯的月亮,刘欢,,5:08,8C6E5E220011AB0FF5559CFC88350DA2,2512664,https://www.kugou.com/yy/rank/home/4-8888.html?from=rank
2026-10-03,2026-10-03T13:26:16+08:00,酷狗音乐,热歌榜,酷狗TOP500,2026-10-03,83,黑街,陈雅雯,,4:05,3FDEDFDA2D0131280D7F65CD7D9618D3,1597547,https://www.kugou.com/yy/rank/home/4-8888.html?from=rank
2026-10-03,2026-10-03T13:26:16+08:00,酷狗音乐,热歌榜,酷狗TOP500,2026-10-03,84,发如雪,周杰伦,,4:59,1F7E7659B9FFF4FB6F71562A61BBC25F,958909,https://www.kugou.com/yy/rank/home/4-8888.html?from=rank
2026-10-03,2026-10-03T13:26:16+08:00,酷狗音乐,热歌榜,酷狗TOP500,2026-10-03,85,勇气,梁静茹,,3:59,A4D0C350CF4475BFBB0AB28DC6E25A8D,973299,https://www.kugou.com/yy/rank/home/4-8888.html?from=rank
2026-10-03,2026-10-03T13:26:16+08:00,酷狗音乐,热歌榜,酷狗TOP500,2026-10-03,86,光辉岁月,BEYOND,,5:04,BBFE9596615ADE83FF6B117831C45E4D,960181,https://www.kugou.com/yy/rank/home/4-8888.html?from=rank
2026-10-03,2026-10-03T13:26:16+08:00,酷狗音乐,热歌榜,酷狗TOP500,2026-10-03,87,落了白,蒋雪儿Snow.J,,3:01,74390D89B6BD2E18CFD7F25968EFD98A,40300587,https://www.kugou.com/yy/rank/home/4-8888.html?from=rank
2026-10-03,2026-10-03T13:26:16+08:00,酷狗音乐,热歌榜,酷狗TOP500,2026-10-03,88,我知道,BY2,,4:10,38CB283F880797F94A80968E682191E2,530437,https://www.kugou.com/yy/rank/home/4-8888.html?from=rank
2026-10-03,2026-10-03T13:26:16+08:00,酷狗音乐,热歌榜,酷狗TOP500,2026-10-03,89,莫伤怀,藏族次仁大叔,,3:27,475C02A75D74F13BD1A0B711A9A3F465,208296519,https://www.kugou.com/yy/rank/home/5-8888.html?from=rank
2026-10-03,2026-10-03T13:26:16+08:00,酷狗音乐,热歌榜,酷狗TOP500,2026-10-03,90,夜曲,周杰伦,,3:47,16C8AB298231370293D16BCF9E5FF9B6,958909,https://www.kugou.com/yy/rank/home/5-8888.html?from=rank
2026-10-03,2026-10-03T13:26:16+08:00,酷狗音乐,热歌榜,酷狗TOP500,2026-10-03,91,吹吹山顶的风,巴扎黑,,2:59,87311B26EDEE637CA1448E14230BCB68,198304563,https://www.kugou.com/yy/rank/home/5-8888.html?from=rank
2026-10-03,2026-10-03T13:26:16+08:00,酷狗音乐,热歌榜,酷狗TOP500,2026-10-03,92,江南,林俊杰,,4:28,B83DBB8E3DD3FCF86BF32690B91547F5,969588,https://www.kugou.com/yy/rank/home/5-8888.html?from=rank
2026-10-03,2026-10-03T13:26:16+08:00,酷狗音乐,热歌榜,酷狗TOP500,2026-10-03,93,我们俩,郭顶,,3:14,DD4D224BC3DBFD1A0F6E338928620E69,979601,https://www.kugou.com/yy/rank/home/5-8888.html?from=rank
2026-10-03,2026-10-03T13:26:16+08:00,酷狗音乐,热歌榜,酷狗TOP500,2026-10-03,94,后来,刘若英,,5:38,C4904D4E3BBA872D41D3BDBF597E2B18,16562,https://www.kugou.com/yy/rank/home/5-8888.html?from=rank
2026-10-03,2026-10-03T13:26:16+08:00,酷狗音乐,热歌榜,酷狗TOP500,2026-10-03,95,告白气球,周杰伦,,3:36,688857974673645CE89EDA26A36DB19D,1645030,https://www.kugou.com/yy/rank/home/5-8888.html?from=rank
2026-10-03,2026-10-03T13:26:16+08:00,酷狗音乐,热歌榜,酷狗TOP500,2026-10-03,96,幻听,许嵩,,4:33,24F5E7555646965CD7D1A924452B3300,973046,https://www.kugou.com/yy/rank/home/5-8888.html?from=rank
2026-10-03,2026-10-03T13:26:16+08:00,酷狗音乐,热歌榜,酷狗TOP500,2026-10-03,97,我好像在哪见过你,薛之谦,,4:39,6A350E487263733359E7F2B64BD974AC,1747549,https://www.kugou.com/yy/rank/home/5-8888.html?from=rank
2026-10-03,2026-10-03T13:26:16+08:00,酷狗音乐,热歌榜,酷狗TOP500,2026-10-03,98,奢香夫人,凤凰传奇,,4:20,478C572FC9E2E15777A41260DEE293A0,984412,https://www.kugou.com/yy/rank/home/5-8888.html?from=rank
2026-10-03,2026-10-03T13:26:16+08:00,酷狗音乐,热歌榜,酷狗TOP500,2026-10-03,99,照亮 (Live),刘宇宁,,3:53,04D6DB8418BB3477DF55ECF74C635FFB,209586435,https://www.kugou.com/yy/rank/home/5-8888.html?from=rank
2026-10-03,2026-10-03T13:26:16+08:00,酷狗音乐,热歌榜,酷狗TOP500,2026-10-03,100,金玉良缘,李琦,,3:40,75EA10E7339DA290A5D3AA707C4E2713,535893,https://www.kugou.com/yy/rank/home/5-8888.html?from=rank
2026-10-03,2026-10-03T13:26:16+08:00,酷狗音乐,热歌榜,酷狗TOP500,2026-10-03,101,戒烟,李荣浩,,4:54,AF36A623D725B98893DAEFDF8010F22E,49390931,https://www.kugou.com/yy/rank/home/5-8888.html?from=rank
2026-10-03,2026-10-03T13:26:16+08:00,酷狗音乐,热歌榜,酷狗TOP500,2026-10-03,102,岁月如笔写春秋,河南三妹5233,,4:11,5D4C2F9D994E5BECDC9BA0FBC6BD3DD8,191576482,https://www.kugou.com/yy/rank/home/5-8888.html?from=rank
2026-10-03,2026-10-03T13:26:16+08:00,酷狗音乐,热歌榜,酷狗TOP500,2026-10-03,103,有些,颜人中,,3:49,D79E556C176AE1A3ADE8B532810C4CE8,34604592,https://www.kugou.com/yy/rank/home/5-8888.html?from=rank
2026-10-03,2026-10-03T13:26:16+08:00,酷狗音乐,热歌榜,酷狗TOP500,2026-10-03,104,碎碎念,队长,,2:13,A823AE8D84854FD2EB5B8E599D1263FA,79831015,https://www.kugou.com/yy/rank/home/5-8888.html?from=rank
2026-10-03,2026-10-03T13:26:16+08:00,酷狗音乐,热歌榜,酷狗TOP500,2026-10-03,105,搁浅,周杰伦,,4:00,8141FAA45AAD5BCFF5FF9873B89709E3,971783,https://www.kugou.com/yy/rank/home/5-8888.html?from=rank
2026-10-03,2026-10-03T13:26:16+08:00,酷狗音乐,热歌榜,酷狗TOP500,2026-10-03,106,特别的人,方大同,,4:19,0F7A79ADAAEEB6EA1DA3E19DD637FD73,965097,https://www.kugou.com/yy/rank/home/5-8888.html?from=rank
2026-10-03,2026-10-03T13:26:16+08:00,酷狗音乐,热歌榜,酷狗TOP500,2026-10-03,107,十年,陈奕迅,,3:25,5146461A5717B942F4B13125978618E3,504194,https://www.kugou.com/yy/rank/home/5-8888.html?from=rank
2026-10-03,2026-10-03T13:26:16+08:00,酷狗音乐,热歌榜,酷狗TOP500,2026-10-03,108,天地龙鳞,王力宏,,3:17,DD83DC4A30C3A05D60FFCE6944FB441C,50749156,https://www.kugou.com/yy/rank/home/5-8888.html?from=rank
2026-10-03,2026-10-03T13:26:16+08:00,酷狗音乐,热歌榜,酷狗TOP500,2026-10-03,109,海阔天空,BEYOND,,5:25,C41E80A18D1448FA47086372999C7F43,973001,https://www.kugou.com/yy/rank/home/5-8888.html?from=rank
2026-10-03,2026-10-03T13:26:16+08:00,酷狗音乐,热歌榜,酷狗TOP500,2026-10-03,110,雪下的时候,乔佳旭,,4:24,F6B3AA5971A01E755A344C2256606418,35913748,https://www.kugou.com/yy/rank/home/5-8888.html?from=rank
2026-10-03,2026-10-03T13:26:16+08:00,酷狗音乐,热歌榜,酷狗TOP500,2026-10-03,111,再见太难,利得汇,,4:48,AFAA7ACF75FCF8DAC78C0AF7C40D3E9D,2996827,https://www.kugou.com/yy/rank/home/6-8888.html?from=rank
2026-10-03,2026-10-03T13:26:16+08:00,酷狗音乐,热歌榜,酷狗TOP500,2026-10-03,112,离开我的依赖,王艳薇,,3:54,A9C377CC1B9931F0CE81907E23E4D588,36181053,https://www.kugou.com/yy/rank/home/6-8888.html?from=rank
2026-10-03,2026-10-03T13:26:16+08:00,酷狗音乐,热歌榜,酷狗TOP500,2026-10-03,113,其实,薛之谦,,4:02,2A8911EAD4838BF967CF5A300D787E53,960327,https://www.kugou.com/yy/rank/home/6-8888.html?from=rank
2026-10-03,2026-10-03T13:26:16+08:00,酷狗音乐,热歌榜,酷狗TOP500,2026-10-03,114,天龙八部之宿敌,许嵩,,4:24,9092283E08915874302A9C64032BC79D,503947,https://www.kugou.com/yy/rank/home/6-8888.html?from=rank
2026-10-03,2026-10-03T13:26:16+08:00,酷狗音乐,热歌榜,酷狗TOP500,2026-10-03,115,会呼吸的痛,梁静茹,,4:32,1EB00DC46AE8E1446B6A9860A56487AC,500574,https://www.kugou.com/yy/rank/home/6-8888.html?from=rank
2026-10-03,2026-10-03T13:26:16+08:00,酷狗音乐,热歌榜,酷狗TOP500,2026-10-03,116,第57次取消发送,菲菲公主（陆绮菲）,,3:01,F17C489C53382E608F9CBB3ED9F6D2AA,137397074,https://www.kugou.com/yy/rank/home/6-8888.html?from=rank
2026-10-03,2026-10-03T13:26:16+08:00,酷狗音乐,热歌榜,酷狗TOP500,2026-10-03,117,我好想你 (苏打绿版),苏打绿,,5:29,55FEA1927AC4D460F6EB3B9262AC9981,108011230,https://www.kugou.com/yy/rank/home/6-8888.html?from=rank
2026-10-03,2026-10-03T13:26:16+08:00,酷狗音乐,热歌榜,酷狗TOP500,2026-10-03,118,心墙,郭静,,3:47,97870F3D4B01A7822DC497C6127EA66D,968033,https://www.kugou.com/yy/rank/home/6-8888.html?from=rank
2026-10-03,2026-10-03T13:26:16+08:00,酷狗音乐,热歌榜,酷狗TOP500,2026-10-03,119,我记得,赵雷,,5:30,8CE80CF10A01F37354D63E49C1B60B60,60018447,https://www.kugou.com/yy/rank/home/6-8888.html?from=rank
2026-10-03,2026-10-03T13:26:16+08:00,酷狗音乐,热歌榜,酷狗TOP500,2026-10-03,120,Always Online,林俊杰,,3:45,16A4E4895905B703AC0F31007A495D4C,963179,https://www.kugou.com/yy/rank/home/6-8888.html?from=rank
2026-10-03,2026-10-03T13:26:16+08:00,酷狗音乐,热歌榜,酷狗TOP500,2026-10-03,121,七里香,周杰伦,,4:59,9218D81686C6AC681BC7CA621958AD6D,971783,https://www.kugou.com/yy/rank/home/6-8888.html?from=rank
2026-10-03,2026-10-03T13:26:16+08:00,酷狗音乐,热歌榜,酷狗TOP500,2026-10-03,122,童话,光良,,4:04,472FF9D57BCE90288EC88CBE100BCB2A,974097,https://www.kugou.com/yy/rank/home/6-8888.html?from=rank
2026-10-03,2026-10-03T13:26:16+08:00,酷狗音乐,热歌榜,酷狗TOP500,2026-10-03,123,带我走,杨丞琳,,4:50,0C57DE35C3CB2A32A8CF634E4F8309C4,975441,https://www.kugou.com/yy/rank/home/6-8888.html?from=rank
2026-10-03,2026-10-03T13:26:16+08:00,酷狗音乐,热歌榜,酷狗TOP500,2026-10-03,124,灰色轨迹,BEYOND,,5:28,4476FAA4B6567CCC2292BFBBCA93CB9C,39629213,https://www.kugou.com/yy/rank/home/6-8888.html?from=rank
2026-10-03,2026-10-03T13:26:16+08:00,酷狗音乐,热歌榜,酷狗TOP500,2026-10-03,125,踏马寻花向自由 (雷鬼版),超哥,,2:59,B5BA68A039E54847B4E14A46A268991B,194886112,https://www.kugou.com/yy/rank/home/6-8888.html?from=rank
2026-10-03,2026-10-03T13:26:16+08:00,酷狗音乐,热歌榜,酷狗TOP500,2026-10-03,126,麻花情,海来阿木,,3:47,15DE5A6243A25631593B8735A8AF7172,207237297,https://www.kugou.com/yy/rank/home/6-8888.html?from=rank
2026-10-03,2026-10-03T13:26:16+08:00,酷狗音乐,热歌榜,酷狗TOP500,2026-10-03,127,讲不出再见,谭咏麟,,4:54,2E0BFDC7BA2F759B0208A58CB2C26523,2337635,https://www.kugou.com/yy/rank/home/6-8888.html?from=rank
2026-10-03,2026-10-03T13:26:16+08:00,酷狗音乐,热歌榜,酷狗TOP500,2026-10-03,128,一路向北,周杰伦,,4:54,F73F22FB046CA1A135C70417163AF82E,1739223,https://www.kugou.com/yy/rank/home/6-8888.html?from=rank
2026-10-03,2026-10-03T13:26:16+08:00,酷狗音乐,热歌榜,酷狗TOP500,2026-10-03,129,不将就,李荣浩,,5:12,E5F0905C662872A9B05A423FD1ED48B5,1004040,https://www.kugou.com/yy/rank/home/6-8888.html?from=rank
2026-10-03,2026-10-03T13:26:16+08:00,酷狗音乐,热歌榜,酷狗TOP500,2026-10-03,130,只对你有感觉,飞轮海、田馥甄,,3:59,E400C3F475001BA5B0F197F2E1923F47,556347,https://www.kugou.com/yy/rank/home/6-8888.html?from=rank
2026-10-03,2026-10-03T13:26:16+08:00,酷狗音乐,热歌榜,酷狗TOP500,2026-10-03,131,千千阕歌,陈慧娴,,5:01,81E5A1C3B9E016D61FE91B809B4A7DC1,971621,https://www.kugou.com/yy/rank/home/6-8888.html?from=rank
2026-10-03,2026-10-03T13:26:16+08:00,酷狗音乐,热歌榜,酷狗TOP500,2026-10-03,132,山上的山花开 (无说唱版),一万种声音,,2:31,826A6B5F4B2445157D2AEF0BE786CF1A,207879049,https://www.kugou.com/yy/rank/home/6-8888.html?from=rank
2026-10-03,2026-10-03T13:26:16+08:00,酷狗音乐,热歌榜,酷狗TOP500,2026-10-03,133,可不可以,张紫豪,,4:01,6079A2ACBA5E782FE24695FDFCDB1887,9618875,https://www.kugou.com/yy/rank/home/7-8888.html?from=rank
2026-10-03,2026-10-03T13:26:16+08:00,酷狗音乐,热歌榜,酷狗TOP500,2026-10-03,134,兰亭序,周杰伦,,4:14,4EC10B1B7B9BEB2F0ADB89BBEC5F664B,960399,https://www.kugou.com/yy/rank/home/7-8888.html?from=rank
2026-10-03,2026-10-03T13:26:16+08:00,酷狗音乐,热歌榜,酷狗TOP500,2026-10-03,135,秋天不回来,王强,,4:14,81056FF4FC4F2D0A0E9B38757A60D2F7,81746524,https://www.kugou.com/yy/rank/home/7-8888.html?from=rank
2026-10-03,2026-10-03T13:26:16+08:00,酷狗音乐,热歌榜,酷狗TOP500,2026-10-03,136,退后,周杰伦,,4:22,5971DE0B235D5B2708D6A6FEB3D31B6F,965291,https://www.kugou.com/yy/rank/home/7-8888.html?from=rank
2026-10-03,2026-10-03T13:26:16+08:00,酷狗音乐,热歌榜,酷狗TOP500,2026-10-03,137,落日微醺 (晚风中一杯酒),落日微醺,,4:14,CB22754AB8A0F20FCC015D0A800758CE,196517740,https://www.kugou.com/yy/rank/home/7-8888.html?from=rank
2026-10-03,2026-10-03T13:26:16+08:00,酷狗音乐,热歌榜,酷狗TOP500,2026-10-03,138,半壶纱,刘珂矣,,3:41,951AB088C5A08F491471A1296DF93707,948327,https://www.kugou.com/yy/rank/home/7-8888.html?from=rank
2026-10-03,2026-10-03T13:26:16+08:00,酷狗音乐,热歌榜,酷狗TOP500,2026-10-03,139,背对背拥抱,林俊杰,,3:55,D3CB60981A747455AE3142C25809051E,975828,https://www.kugou.com/yy/rank/home/7-8888.html?from=rank
2026-10-03,2026-10-03T13:26:16+08:00,酷狗音乐,热歌榜,酷狗TOP500,2026-10-03,140,猜不透,丁当,,3:53,B1B4CC4F4E90134603CE66CBCF8FA73B,973244,https://www.kugou.com/yy/rank/home/7-8888.html?from=rank
2026-10-03,2026-10-03T13:26:16+08:00,酷狗音乐,热歌榜,酷狗TOP500,2026-10-03,141,如果当时,许嵩,,5:16,697712B7504DA5541C3ED4D117AE1018,973251,https://www.kugou.com/yy/rank/home/7-8888.html?from=rank
2026-10-03,2026-10-03T13:26:16+08:00,酷狗音乐,热歌榜,酷狗TOP500,2026-10-03,142,老男孩,筷子兄弟,,4:59,EB494F1F9199AA29F66E056F116D2F1C,17165001,https://www.kugou.com/yy/rank/home/7-8888.html?from=rank
2026-10-03,2026-10-03T13:26:16+08:00,酷狗音乐,热歌榜,酷狗TOP500,2026-10-03,143,Lost,满舒克、Jony J,,4:10,E4C0A549FB93FC128B5A0E8DBD3CD32A,2537526,https://www.kugou.com/yy/rank/home/7-8888.html?from=rank
2026-10-03,2026-10-03T13:26:16+08:00,酷狗音乐,热歌榜,酷狗TOP500,2026-10-03,144,枫,周杰伦,,4:36,0D7E8C11C961A17EB8779FEB0CA772E3,958909,https://www.kugou.com/yy/rank/home/7-8888.html?from=rank
2026-10-03,2026-10-03T13:26:16+08:00,酷狗音乐,热歌榜,酷狗TOP500,2026-10-03,145,好想再爱你,潘广益,,4:31,B78BA4062528E712B68C42DC6A4D9AAE,957659,https://www.kugou.com/yy/rank/home/7-8888.html?from=rank
2026-10-03,2026-10-03T13:26:16+08:00,酷狗音乐,热歌榜,酷狗TOP500,2026-10-03,146,黄土谣,石满仓,,3:51,A1D87E7F13D98A0049D5D9375BF40889,208016285,https://www.kugou.com/yy/rank/home/7-8888.html?from=rank
2026-10-03,2026-10-03T13:26:16+08:00,酷狗音乐,热歌榜,酷狗TOP500,2026-10-03,147,至少还有你,林忆莲,,4:35,BA9D67DAB59FA6DCE243F4B6B70ACA95,967340,https://www.kugou.com/yy/rank/home/7-8888.html?from=rank
2026-10-03,2026-10-03T13:26:16+08:00,酷狗音乐,热歌榜,酷狗TOP500,2026-10-03,148,野心家,张靓颖,,4:43,1789AD88CFDD254910125F22494C0E8B,161637189,https://www.kugou.com/yy/rank/home/7-8888.html?from=rank
2026-10-03,2026-10-03T13:26:16+08:00,酷狗音乐,热歌榜,酷狗TOP500,2026-10-03,149,玻璃,Gareth.T,,3:05,ED0ED6B17B6C29695E97F5CC945C7901,191663409,https://www.kugou.com/yy/rank/home/7-8888.html?from=rank
2026-10-03,2026-10-03T13:26:16+08:00,酷狗音乐,热歌榜,酷狗TOP500,2026-10-03,150,相见恨晚,彭佳慧,,4:15,01214FB85BAF49AB74F10AFA4C363540,977553,https://www.kugou.com/yy/rank/home/7-8888.html?from=rank
2026-10-03,2026-10-03T13:26:16+08:00,酷狗音乐,热歌榜,酷狗TOP500,2026-10-03,151,那时雨,徐良,,3:34,CE76C60251F6193BC5BBA5B46B977747,16900987,https://www.kugou.com/yy/rank/home/7-8888.html?from=rank
2026-10-03,2026-10-03T13:26:16+08:00,酷狗音乐,热歌榜,酷狗TOP500,2026-10-03,152,有何不可,许嵩,,4:01,B3D5D7D3A140628D1605BD392467E348,973251,https://www.kugou.com/yy/rank/home/7-8888.html?from=rank
2026-10-03,2026-10-03T13:26:16+08:00,酷狗音乐,热歌榜,酷狗TOP500,2026-10-03,153,体面,于文文,,4:43,B0927C5353E9DD8BD72242BB730DAFF4,8149034,https://www.kugou.com/yy/rank/home/7-8888.html?from=rank
2026-10-03,2026-10-03T13:26:16+08:00,酷狗音乐,热歌榜,酷狗TOP500,2026-10-03,154,北方的后海没有海 (r&b微醺版),落日微醺,,3:26,DB3D10DE8DF3C5188EC036A9724F9418,196519034,https://www.kugou.com/yy/rank/home/7-8888.html?from=rank
2026-10-03,2026-10-03T13:26:16+08:00,酷狗音乐,热歌榜,酷狗TOP500,2026-10-03,155,逍遥叹,胡歌,,5:14,1415E6EAB8E8B0538F5FB66526C9EB65,970409,https://www.kugou.com/yy/rank/home/8-8888.html?from=rank
2026-10-03,2026-10-03T13:26:16+08:00,酷狗音乐,热歌榜,酷狗TOP500,2026-10-03,156,我是真的爱上你,王杰,,5:03,7C353B672AC945A3FE56022000A239FE,2996801,https://www.kugou.com/yy/rank/home/8-8888.html?from=rank
2026-10-03,2026-10-03T13:26:16+08:00,酷狗音乐,热歌榜,酷狗TOP500,2026-10-03,157,沦陷,贾格JuggShots,,3:04,64C2E5D33BE5F53758F3E96DC8EEC3C3,95717116,https://www.kugou.com/yy/rank/home/8-8888.html?from=rank
2026-10-03,2026-10-03T13:26:16+08:00,酷狗音乐,热歌榜,酷狗TOP500,2026-10-03,158,抽离,徐良、刘丹萌,,4:18,37A9C74C33A9FAEFF672CFDF4C699581,547514,https://www.kugou.com/yy/rank/home/8-8888.html?from=rank
2026-10-03,2026-10-03T13:26:16+08:00,酷狗音乐,热歌榜,酷狗TOP500,2026-10-03,159,春娇与志明,街道办GDC、欧阳耀莹,,3:24,E84947402A5E0952FA067566C10264CB,8543461,https://www.kugou.com/yy/rank/home/8-8888.html?from=rank
2026-10-03,2026-10-03T13:26:16+08:00,酷狗音乐,热歌榜,酷狗TOP500,2026-10-03,160,We Don't Talk Anymore (Mr. Collipark Remix),Charlie Puth、Selena Gomez,,4:14,8F323B0610BE8D862B7CBB41C3398766,1746993,https://www.kugou.com/yy/rank/home/8-8888.html?from=rank
2026-10-03,2026-10-03T13:26:16+08:00,酷狗音乐,热歌榜,酷狗TOP500,2026-10-03,161,爱情讯息,郭静,,4:41,D8E857250D8EEA9C5FAFDAF7857640A5,971139,https://www.kugou.com/yy/rank/home/8-8888.html?from=rank
2026-10-03,2026-10-03T13:26:16+08:00,酷狗音乐,热歌榜,酷狗TOP500,2026-10-03,162,年少有为,李荣浩,,4:39,3A5C1D6CDABB2FDA813F8F8B7E4D08B0,8873395,https://www.kugou.com/yy/rank/home/8-8888.html?from=rank
2026-10-03,2026-10-03T13:26:16+08:00,酷狗音乐,热歌榜,酷狗TOP500,2026-10-03,163,夏夜最后的烟火,颜人中,,4:40,4E418EDAB22093B51C78C81C0A8C9B31,39949767,https://www.kugou.com/yy/rank/home/8-8888.html?from=rank
2026-10-03,2026-10-03T13:26:16+08:00,酷狗音乐,热歌榜,酷狗TOP500,2026-10-03,164,泡沫,G.E.M.邓紫棋,,4:19,8574D02543B5F902469FB4E27E3A350D,968370,https://www.kugou.com/yy/rank/home/8-8888.html?from=rank
2026-10-03,2026-10-03T13:26:16+08:00,酷狗音乐,热歌榜,酷狗TOP500,2026-10-03,165,光年之外,G.E.M.邓紫棋,,3:56,AA47B03289C80586FF72146359914A0C,1952211,https://www.kugou.com/yy/rank/home/8-8888.html?from=rank
2026-10-03,2026-10-03T13:26:16+08:00,酷狗音乐,热歌榜,酷狗TOP500,2026-10-03,166,舍得,王唯旖,,4:22,62C406C76F45C3EF39F451F2C4F22D95,1944276,https://www.kugou.com/yy/rank/home/8-8888.html?from=rank
2026-10-03,2026-10-03T13:26:16+08:00,酷狗音乐,热歌榜,酷狗TOP500,2026-10-03,167,没那么简单,黄小琥,,5:08,90D82FB9EB6C1F5385F6F086318EE1FA,962530,https://www.kugou.com/yy/rank/home/8-8888.html?from=rank
2026-10-03,2026-10-03T13:26:16+08:00,酷狗音乐,热歌榜,酷狗TOP500,2026-10-03,168,来不及爱你,h3R3刘清云,,3:25,E3ED52965CEE83A40D73C5FB1DA7FF62,76488384,https://www.kugou.com/yy/rank/home/8-8888.html?from=rank
2026-10-03,2026-10-03T13:26:16+08:00,酷狗音乐,热歌榜,酷狗TOP500,2026-10-03,169,过火,张信哲,,5:02,E34CBC6EBE64B9EE9ADB5C46E2178A84,982639,https://www.kugou.com/yy/rank/home/8-8888.html?from=rank
2026-10-03,2026-10-03T13:26:16+08:00,酷狗音乐,热歌榜,酷狗TOP500,2026-10-03,170,游京 (长征版),谭晶,,3:21,40AC5CDA2A533D9A5ECAE5CCB1035D98,208673667,https://www.kugou.com/yy/rank/home/8-8888.html?from=rank
2026-10-03,2026-10-03T13:26:16+08:00,酷狗音乐,热歌榜,酷狗TOP500,2026-10-03,171,差一步,大壮,,4:06,08C2E4AF2BDDB11D36E2B04A51DA30CE,6194568,https://www.kugou.com/yy/rank/home/8-8888.html?from=rank
2026-10-03,2026-10-03T13:26:16+08:00,酷狗音乐,热歌榜,酷狗TOP500,2026-10-03,172,卡布奇诺,6诗人,,3:04,5FE82C07C44F70E5B5F357F707C04549,8499380,https://www.kugou.com/yy/rank/home/8-8888.html?from=rank
2026-10-03,2026-10-03T13:26:16+08:00,酷狗音乐,热歌榜,酷狗TOP500,2026-10-03,173,万疆,李玉刚,,3:55,E122E916FC6654E089F2285EC38163A9,44059807,https://www.kugou.com/yy/rank/home/8-8888.html?from=rank
2026-10-03,2026-10-03T13:26:16+08:00,酷狗音乐,热歌榜,酷狗TOP500,2026-10-03,174,如果累了就回故乡 (微醺版),落日微醺,,3:44,4B63841480B40824990E763D112C5D1F,205125995,https://www.kugou.com/yy/rank/home/8-8888.html?from=rank
2026-10-03,2026-10-03T13:26:16+08:00,酷狗音乐,热歌榜,酷狗TOP500,2026-10-03,175,若不是因为你 (深情版),林栖,,4:13,6CCB2559DE8FC8965E98F641C4C33B6A,176013962,https://www.kugou.com/yy/rank/home/8-8888.html?from=rank
2026-10-03,2026-10-03T13:26:16+08:00,酷狗音乐,热歌榜,酷狗TOP500,2026-10-03,176,Fever Pitch,Richz,,2:15,594B915AEEDA7DA8F5BD70B63EA76EAD,180499937,https://www.kugou.com/yy/rank/home/8-8888.html?from=rank
2026-10-03,2026-10-03T13:26:16+08:00,酷狗音乐,热歌榜,酷狗TOP500,2026-10-03,177,指纹,杜宣达,,4:00,EAF4CB91DA618DBEDC751F54B3B3620D,50057639,https://www.kugou.com/yy/rank/home/9-8888.html?from=rank
2026-10-03,2026-10-03T13:26:16+08:00,酷狗音乐,热歌榜,酷狗TOP500,2026-10-03,178,天外来物,薛之谦,,4:17,761C1EAFBD1E22504B487F84D2152DF5,40890018,https://www.kugou.com/yy/rank/home/9-8888.html?from=rank
2026-10-03,2026-10-03T13:26:16+08:00,酷狗音乐,热歌榜,酷狗TOP500,2026-10-03,179,明天过后,张杰,,3:59,5B900D95E79765AE62664BE5C871DD9E,38606351,https://www.kugou.com/yy/rank/home/9-8888.html?from=rank
2026-10-03,2026-10-03T13:26:16+08:00,酷狗音乐,热歌榜,酷狗TOP500,2026-10-03,180,梦的翅膀受了伤,蒋雪儿Snow.J,,4:36,7B00B1F90C13C270CE96EA51DA863B96,1965074,https://www.kugou.com/yy/rank/home/9-8888.html?from=rank
2026-10-03,2026-10-03T13:26:16+08:00,酷狗音乐,热歌榜,酷狗TOP500,2026-10-03,181,胆小鬼,梁咏琪,,4:21,E68B94742750691AE00B1D4303818B1F,2822245,https://www.kugou.com/yy/rank/home/9-8888.html?from=rank
2026-10-03,2026-10-03T13:26:16+08:00,酷狗音乐,热歌榜,酷狗TOP500,2026-10-03,182,多远都要在一起,G.E.M.邓紫棋,,3:38,768F6FA531A3D883BE3F6C91AAF60612,555825,https://www.kugou.com/yy/rank/home/9-8888.html?from=rank
2026-10-03,2026-10-03T13:26:16+08:00,酷狗音乐,热歌榜,酷狗TOP500,2026-10-03,183,说好的幸福呢,周杰伦,,4:17,892B7AD62499C97A1A994454423E30F6,960399,https://www.kugou.com/yy/rank/home/9-8888.html?from=rank
2026-10-03,2026-10-03T13:26:16+08:00,酷狗音乐,热歌榜,酷狗TOP500,2026-10-03,184,忘记时间,胡歌,,4:32,BB2759C850804CB32A55480D85D21080,493001,https://www.kugou.com/yy/rank/home/9-8888.html?from=rank
2026-10-03,2026-10-03T13:26:16+08:00,酷狗音乐,热歌榜,酷狗TOP500,2026-10-03,185,蓝莲花,许巍,,4:31,EDCDC42FEE3A4BC8F2ADBAF96ADE9D77,15247919,https://www.kugou.com/yy/rank/home/9-8888.html?from=rank
2026-10-03,2026-10-03T13:26:16+08:00,酷狗音乐,热歌榜,酷狗TOP500,2026-10-03,186,她,刘宇宁,,3:41,A46200A65547E5A267D10B1F32C6A3B1,204979963,https://www.kugou.com/yy/rank/home/9-8888.html?from=rank
2026-10-03,2026-10-03T13:26:16+08:00,酷狗音乐,热歌榜,酷狗TOP500,2026-10-03,187,老街,李荣浩,,5:19,30E7F7CCB57EB16D1BE3EC71D7ADB071,964378,https://www.kugou.com/yy/rank/home/9-8888.html?from=rank
2026-10-03,2026-10-03T13:26:16+08:00,酷狗音乐,热歌榜,酷狗TOP500,2026-10-03,188,如果可以,韦礼安,,4:34,70425DF5F0C9FCED5E0468189A7F4A70,49958186,https://www.kugou.com/yy/rank/home/9-8888.html?from=rank
2026-10-03,2026-10-03T13:26:16+08:00,酷狗音乐,热歌榜,酷狗TOP500,2026-10-03,189,关不上的窗,周传雄,,4:53,C9FF4C5E86A76043F004E3BB17E08942,982655,https://www.kugou.com/yy/rank/home/9-8888.html?from=rank
2026-10-03,2026-10-03T13:26:16+08:00,酷狗音乐,热歌榜,酷狗TOP500,2026-10-03,190,座位,于冬然,,3:29,D87A09DB3166215E5DFD4A30C922509E,137485296,https://www.kugou.com/yy/rank/home/9-8888.html?from=rank
2026-10-03,2026-10-03T13:26:16+08:00,酷狗音乐,热歌榜,酷狗TOP500,2026-10-03,191,这些年在忙什么,田园,,3:41,3B92EB6F7A2583AE370B0D13B1ECCDE6,130559559,https://www.kugou.com/yy/rank/home/9-8888.html?from=rank
2026-10-03,2026-10-03T13:26:16+08:00,酷狗音乐,热歌榜,酷狗TOP500,2026-10-03,192,冻结,林俊杰,,4:49,AE291096B510F20B93D7D87DCBEF1E43,971150,https://www.kugou.com/yy/rank/home/9-8888.html?from=rank
2026-10-03,2026-10-03T13:26:16+08:00,酷狗音乐,热歌榜,酷狗TOP500,2026-10-03,193,花海,周杰伦,,4:25,3328808CECBD1A1038166003840FDDD7,960399,https://www.kugou.com/yy/rank/home/9-8888.html?from=rank
2026-10-03,2026-10-03T13:26:16+08:00,酷狗音乐,热歌榜,酷狗TOP500,2026-10-03,194,蒲公英的约定,周杰伦,,4:07,A14373681262867AB43FEF5467F4CC1D,979856,https://www.kugou.com/yy/rank/home/9-8888.html?from=rank
2026-10-03,2026-10-03T13:26:16+08:00,酷狗音乐,热歌榜,酷狗TOP500,2026-10-03,195,曾经的你,许巍,,4:21,8D27A0FD0D8B6A9059D3FEEC95E2088D,976268,https://www.kugou.com/yy/rank/home/9-8888.html?from=rank
2026-10-03,2026-10-03T13:26:16+08:00,酷狗音乐,热歌榜,酷狗TOP500,2026-10-03,196,我们的歌,王力宏,,4:08,4E294957A0D9B72A78B61F3C2A63B6CC,503223,https://www.kugou.com/yy/rank/home/9-8888.html?from=rank
2026-10-03,2026-10-03T13:26:16+08:00,酷狗音乐,热歌榜,酷狗TOP500,2026-10-03,197,琵琶行,奇然、沈谧仁,,5:35,0AB355EF75A56A57E1790734B2E26ED9,2563381,https://www.kugou.com/yy/rank/home/9-8888.html?from=rank
2026-10-03,2026-10-03T13:26:16+08:00,酷狗音乐,热歌榜,酷狗TOP500,2026-10-03,198,Angel,尹美莱、Tiger JK、Bizzy,,4:15,157D75DA9A1B5B4FED6C529C2B1C2452,964390,https://www.kugou.com/yy/rank/home/9-8888.html?from=rank
2026-10-03,2026-10-03T13:26:16+08:00,酷狗音乐,热歌榜,酷狗TOP500,2026-10-03,199,谁明浪子心,王杰,,5:01,1E54C9C01C9DFC5C68F743368F353711,983991,https://www.kugou.com/yy/rank/home/10-8888.html?from=rank
2026-10-03,2026-10-03T13:26:16+08:00,酷狗音乐,热歌榜,酷狗TOP500,2026-10-03,200,亲爱的你啊,任素汐,,3:56,C42C2C5C7A68CDAFBF543F29AF883B1D,144348541,https://www.kugou.com/yy/rank/home/10-8888.html?from=rank
2026-10-03,2026-10-03T13:26:16+08:00,酷狗音乐,热歌榜,酷狗TOP500,2026-10-03,201,慢冷 (Live),李荣浩,,2:44,3536800EC50F04EBF68FB22E7AF6B124,59599171,https://www.kugou.com/yy/rank/home/10-8888.html?from=rank
2026-10-03,2026-10-03T13:26:16+08:00,酷狗音乐,热歌榜,酷狗TOP500,2026-10-03,202,可惜没如果,林俊杰,,4:58,57D6EAF8F7E593A2C4B780D8045DE5C1,542795,https://www.kugou.com/yy/rank/home/10-8888.html?from=rank
2026-10-03,2026-10-03T13:26:16+08:00,酷狗音乐,热歌榜,酷狗TOP500,2026-10-03,203,下个，路口，见,李宇春,,3:30,64F80BAE486AB418084E941AADA27545,502503,https://www.kugou.com/yy/rank/home/10-8888.html?from=rank
2026-10-03,2026-10-03T13:26:16+08:00,酷狗音乐,热歌榜,酷狗TOP500,2026-10-03,204,生而为人,尚士达,,5:20,2789D88534017546B173E0BFA9D6233B,13946205,https://www.kugou.com/yy/rank/home/10-8888.html?from=rank
2026-10-03,2026-10-03T13:26:16+08:00,酷狗音乐,热歌榜,酷狗TOP500,2026-10-03,205,谁 (男女扎心合唱),梨子芥菜、戚悦,,3:58,38DAABE4EEA0ADDC04897AC14E15B54E,185936379,https://www.kugou.com/yy/rank/home/10-8888.html?from=rank
2026-10-03,2026-10-03T13:26:16+08:00,酷狗音乐,热歌榜,酷狗TOP500,2026-10-03,206,Dear John,比莉,,5:11,71951213A1C3C313DEEB017D3C9E77CC,2528933,https://www.kugou.com/yy/rank/home/10-8888.html?from=rank
2026-10-03,2026-10-03T13:26:16+08:00,酷狗音乐,热歌榜,酷狗TOP500,2026-10-03,207,同花顺,林倛玉,,3:57,87C979FC3CBA27D6345528A1BEF05477,8603846,https://www.kugou.com/yy/rank/home/10-8888.html?from=rank
2026-10-03,2026-10-03T13:26:16+08:00,酷狗音乐,热歌榜,酷狗TOP500,2026-10-03,208,Love Me,JMSN,,4:33,C8A0559F862B815E8B4D135228944D4D,76048254,https://www.kugou.com/yy/rank/home/10-8888.html?from=rank
2026-10-03,2026-10-03T13:26:16+08:00,酷狗音乐,热歌榜,酷狗TOP500,2026-10-03,209,反方向的钟,周杰伦,,4:18,A6049AAB184A305CAA906C6BBB8E8233,978031,https://www.kugou.com/yy/rank/home/10-8888.html?from=rank
2026-10-03,2026-10-03T13:26:16+08:00,酷狗音乐,热歌榜,酷狗TOP500,2026-10-03,210,街角的晚风,陈小春,,4:00,18B89D66950B7856EABB131BB6273F6E,169830039,https://www.kugou.com/yy/rank/home/10-8888.html?from=rank
2026-10-03,2026-10-03T13:26:16+08:00,酷狗音乐,热歌榜,酷狗TOP500,2026-10-03,211,Lonely,Nana,,6:21,284173346DD3E03FA86D027025F50CC7,45833884,https://www.kugou.com/yy/rank/home/10-8888.html?from=rank
2026-10-03,2026-10-03T13:26:16+08:00,酷狗音乐,热歌榜,酷狗TOP500,2026-10-03,212,烟花易冷,周杰伦,,4:23,B9FC03DF9015D6BFF0554A110BF2C84F,958812,https://www.kugou.com/yy/rank/home/10-8888.html?from=rank
2026-10-03,2026-10-03T13:26:16+08:00,酷狗音乐,热歌榜,酷狗TOP500,2026-10-03,213,清风万里候君来 (深情版),糖晓苑,,3:51,A8018ACC45462F712FC1CDC394224AF4,208834587,https://www.kugou.com/yy/rank/home/10-8888.html?from=rank
2026-10-03,2026-10-03T13:26:16+08:00,酷狗音乐,热歌榜,酷狗TOP500,2026-10-03,214,Alive,Blue,,3:40,996EE22D2450A7C7528394F7F98432E6,560693,https://www.kugou.com/yy/rank/home/10-8888.html?from=rank
2026-10-03,2026-10-03T13:26:16+08:00,酷狗音乐,热歌榜,酷狗TOP500,2026-10-03,215,模特,李荣浩,,5:06,87EBC49856D2CB3C04992C9A87E5A5C5,968143,https://www.kugou.com/yy/rank/home/10-8888.html?from=rank
2026-10-03,2026-10-03T13:26:16+08:00,酷狗音乐,热歌榜,酷狗TOP500,2026-10-03,216,太聪明,陈绮贞,,4:23,89101DA817101FEA0C9ECF64EAE2B46F,959335,https://www.kugou.com/yy/rank/home/10-8888.html?from=rank
2026-10-03,2026-10-03T13:26:16+08:00,酷狗音乐,热歌榜,酷狗TOP500,2026-10-03,217,撕夜,阿杜,,4:39,F4654DA8D595995AA50EC54232E1D525,963634,https://www.kugou.com/yy/rank/home/10-8888.html?from=rank
2026-10-03,2026-10-03T13:26:16+08:00,酷狗音乐,热歌榜,酷狗TOP500,2026-10-03,218,半点心,草蜢,,3:52,6DF94BFD206BB819120C0D021B93EDBC,564642,https://www.kugou.com/yy/rank/home/10-8888.html?from=rank
2026-10-03,2026-10-03T13:26:16+08:00,酷狗音乐,热歌榜,酷狗TOP500,2026-10-03,219,不分手的恋爱,汪苏泷,,3:26,543A6E13C527E52886E51BBF14191C8F,37376237,https://www.kugou.com/yy/rank/home/10-8888.html?from=rank
2026-10-03,2026-10-03T13:26:16+08:00,酷狗音乐,热歌榜,酷狗TOP500,2026-10-03,220,最长的电影,周杰伦,,3:56,2F6D441163A92AEE5E52B8E94F36A3C7,979856,https://www.kugou.com/yy/rank/home/10-8888.html?from=rank
2026-10-03,2026-10-03T13:26:16+08:00,酷狗音乐,热歌榜,酷狗TOP500,2026-10-03,221,山歌追上云朵,央金拉姆,,3:35,B81F368C6B44B98B0E2B4E9F417F1002,193932928,https://www.kugou.com/yy/rank/home/11-8888.html?from=rank
2026-10-03,2026-10-03T13:26:16+08:00,酷狗音乐,热歌榜,酷狗TOP500,2026-10-03,222,时间会回答,DJ小虾米,,3:04,4EA1C2242BE0B2D484B3B08577378179,207903400,https://www.kugou.com/yy/rank/home/11-8888.html?from=rank
2026-10-03,2026-10-03T13:26:16+08:00,酷狗音乐,热歌榜,酷狗TOP500,2026-10-03,223,你有没有真的爱过我 (对唱版),阿图表妹、寂寞阿图,,4:03,3C425FC4496E67468562CA377D7F2B23,190170015,https://www.kugou.com/yy/rank/home/11-8888.html?from=rank
2026-10-03,2026-10-03T13:26:16+08:00,酷狗音乐,热歌榜,酷狗TOP500,2026-10-03,224,我们在场,周深、王者荣耀,,3:20,AE1E9503424BD9581A1F9CC5760E907D,209454115,https://www.kugou.com/yy/rank/home/11-8888.html?from=rank
2026-10-03,2026-10-03T13:26:16+08:00,酷狗音乐,热歌榜,酷狗TOP500,2026-10-03,225,无人之岛,任然,,4:45,8E568D8806F771607104D8BF9695ACE0,2916172,https://www.kugou.com/yy/rank/home/11-8888.html?from=rank
2026-10-03,2026-10-03T13:26:16+08:00,酷狗音乐,热歌榜,酷狗TOP500,2026-10-03,226,你还要我怎样,薛之谦,,5:11,8C6AAC48FB5C3759042E4C8699544C6F,960327,https://www.kugou.com/yy/rank/home/11-8888.html?from=rank
2026-10-03,2026-10-03T13:26:16+08:00,酷狗音乐,热歌榜,酷狗TOP500,2026-10-03,227,我走后,小咪,,4:08,00751DE0946619BCDE4A4E15397F2A15,22216764,https://www.kugou.com/yy/rank/home/11-8888.html?from=rank
2026-10-03,2026-10-03T13:26:16+08:00,酷狗音乐,热歌榜,酷狗TOP500,2026-10-03,228,执子之手,宝石Gem、哩哩,,3:10,A84D44A92F427A3198ECEE703B708478,61962429,https://www.kugou.com/yy/rank/home/11-8888.html?from=rank
2026-10-03,2026-10-03T13:26:16+08:00,酷狗音乐,热歌榜,酷狗TOP500,2026-10-03,229,刻在我心底的名字,卢广仲,,5:20,5CDCAAF9E7B91E94FD012589D00FDBEA,39020767,https://www.kugou.com/yy/rank/home/11-8888.html?from=rank
2026-10-03,2026-10-03T13:26:16+08:00,酷狗音乐,热歌榜,酷狗TOP500,2026-10-03,230,空心,光泽,,4:39,4465EE613CC3CF7DCF9448F8ACFED1CA,4141939,https://www.kugou.com/yy/rank/home/11-8888.html?from=rank
2026-10-03,2026-10-03T13:26:16+08:00,酷狗音乐,热歌榜,酷狗TOP500,2026-10-03,231,下一个天亮,郭静,,4:27,7E2AD47232E7148C642B6836041826C9,971139,https://www.kugou.com/yy/rank/home/11-8888.html?from=rank
2026-10-03,2026-10-03T13:26:16+08:00,酷狗音乐,热歌榜,酷狗TOP500,2026-10-03,232,人儿啊请慢下来,石满仓,,3:32,81127FC1186063281CB602F623A74BD7,206903720,https://www.kugou.com/yy/rank/home/11-8888.html?from=rank
2026-10-03,2026-10-03T13:26:16+08:00,酷狗音乐,热歌榜,酷狗TOP500,2026-10-03,233,短发女孩 (她留短发淡的妆),Zzh、白允y,,2:23,777C7211715D4FC9FB3ADB928F4F7F94,204981235,https://www.kugou.com/yy/rank/home/11-8888.html?from=rank
2026-10-03,2026-10-03T13:26:16+08:00,酷狗音乐,热歌榜,酷狗TOP500,2026-10-03,234,岁月如笔写春秋,郭少杰,,4:11,6FCF099C6A88F85FC8417AFD452D54FD,190046745,https://www.kugou.com/yy/rank/home/11-8888.html?from=rank
2026-10-03,2026-10-03T13:26:16+08:00,酷狗音乐,热歌榜,酷狗TOP500,2026-10-03,235,水手,郑智化,,4:53,6DCF10DEA98A7C9F755BE385E822BE05,967718,https://www.kugou.com/yy/rank/home/11-8888.html?from=rank
2026-10-03,2026-10-03T13:26:16+08:00,酷狗音乐,热歌榜,酷狗TOP500,2026-10-03,236,牵丝戏,银临、Aki阿杰,,3:59,5E7FF596F7D6021DA63AF36E91BECE4B,568968,https://www.kugou.com/yy/rank/home/11-8888.html?from=rank
2026-10-03,2026-10-03T13:26:16+08:00,酷狗音乐,热歌榜,酷狗TOP500,2026-10-03,237,阳光下的星星,金海心,,4:44,8B60D8B58137C2D256DAA71B9D84C046,1738155,https://www.kugou.com/yy/rank/home/11-8888.html?from=rank
2026-10-03,2026-10-03T13:26:16+08:00,酷狗音乐,热歌榜,酷狗TOP500,2026-10-03,238,西海情歌,刀郎,,5:43,0E5FB14E78AFF13C2DEF97C814537CB7,984281,https://www.kugou.com/yy/rank/home/11-8888.html?from=rank
2026-10-03,2026-10-03T13:26:16+08:00,酷狗音乐,热歌榜,酷狗TOP500,2026-10-03,239,说了再见,周杰伦,,4:43,966C718DA96EE29B3B466F773BFA9E2F,958812,https://www.kugou.com/yy/rank/home/11-8888.html?from=rank
2026-10-03,2026-10-03T13:26:16+08:00,酷狗音乐,热歌榜,酷狗TOP500,2026-10-03,240,不潮不用花钱,林俊杰,,3:54,5A84BBA4C673BEA45083C521ADF366AF,963179,https://www.kugou.com/yy/rank/home/11-8888.html?from=rank
2026-10-03,2026-10-03T13:26:16+08:00,酷狗音乐,热歌榜,酷狗TOP500,2026-10-03,241,等你下课 (with 杨瑞代),周杰伦,,4:30,5D043EC8BF78A185A01CC45A6032DE1F,58849245,https://www.kugou.com/yy/rank/home/11-8888.html?from=rank
2026-10-03,2026-10-03T13:26:16+08:00,酷狗音乐,热歌榜,酷狗TOP500,2026-10-03,242,一场游戏一场梦,王杰,,4:17,55340B431243FF5F112527EFC0591232,7547885,https://www.kugou.com/yy/rank/home/11-8888.html?from=rank
2026-10-03,2026-10-03T13:26:16+08:00,酷狗音乐,热歌榜,酷狗TOP500,2026-10-03,243,我的秘密,G.E.M.邓紫棋,,4:12,7FBB35DEDD24B54A8F0D895C7F61D04C,976561,https://www.kugou.com/yy/rank/home/12-8888.html?from=rank
2026-10-03,2026-10-03T13:26:16+08:00,酷狗音乐,热歌榜,酷狗TOP500,2026-10-03,244,空心 (Live),黄霄雲、刘端端,,4:55,6F74F7B3D9B87CA771573ABD27B2A820,199810791,https://www.kugou.com/yy/rank/home/12-8888.html?from=rank
2026-10-03,2026-10-03T13:26:16+08:00,酷狗音乐,热歌榜,酷狗TOP500,2026-10-03,245,呆头鸟,礼越,,2:29,2345AB90879AE221FAE8B57802ECFFDF,203333898,https://www.kugou.com/yy/rank/home/12-8888.html?from=rank
2026-10-03,2026-10-03T13:26:16+08:00,酷狗音乐,热歌榜,酷狗TOP500,2026-10-03,246,Creepin' up on You,Darren Hayes,,4:53,6348CF4041BEE19FAD536C563C32695A,1593407,https://www.kugou.com/yy/rank/home/12-8888.html?from=rank
2026-10-03,2026-10-03T13:26:16+08:00,酷狗音乐,热歌榜,酷狗TOP500,2026-10-03,247,那些年,胡夏,,6:11,95A46E232F3F0CFFDA7811B7D9C8E6C4,542864,https://www.kugou.com/yy/rank/home/12-8888.html?from=rank
2026-10-03,2026-10-03T13:26:16+08:00,酷狗音乐,热歌榜,酷狗TOP500,2026-10-03,248,就忘了吧+言不由衷+不如+醒不来的梦+我会等 (青春遗憾万人live合唱版),艾利（Ellie）、7paste、克里、夏莉依,,4:16,74640780EE99A1528F8A33816EE6B75F,203957635,https://www.kugou.com/yy/rank/home/12-8888.html?from=rank
2026-10-03,2026-10-03T13:26:16+08:00,酷狗音乐,热歌榜,酷狗TOP500,2026-10-03,249,恶作剧,王蓝茵,,3:47,05B893FC78627C3F5635491BBB35167E,720564,https://www.kugou.com/yy/rank/home/12-8888.html?from=rank
2026-10-03,2026-10-03T13:26:16+08:00,酷狗音乐,热歌榜,酷狗TOP500,2026-10-03,250,愿与愁,林俊杰,,3:52,4A2A7260442B0A5D5F17295F1DD7241B,71681690,https://www.kugou.com/yy/rank/home/12-8888.html?from=rank
2026-10-03,2026-10-03T13:26:16+08:00,酷狗音乐,热歌榜,酷狗TOP500,2026-10-03,251,甲乙丙丁,七分可可,,3:48,0B96FEEB51604A6904899D0C618F446D,197347781,https://www.kugou.com/yy/rank/home/12-8888.html?from=rank
2026-10-03,2026-10-03T13:26:16+08:00,酷狗音乐,热歌榜,酷狗TOP500,2026-10-03,252,雨蝶,李翊君,,3:51,C83424ACF417185057E278554B91D4C0,7549108,https://www.kugou.com/yy/rank/home/12-8888.html?from=rank
2026-10-03,2026-10-03T13:26:16+08:00,酷狗音乐,热歌榜,酷狗TOP500,2026-10-03,253,爱如潮水,张信哲,,4:31,7D372165ED6AD2C00DD2B473529BE9CE,538030,https://www.kugou.com/yy/rank/home/12-8888.html?from=rank
2026-10-03,2026-10-03T13:26:16+08:00,酷狗音乐,热歌榜,酷狗TOP500,2026-10-03,254,我听见了，你的痛苦成立,供销社乐队,,3:31,6CB6A16FFFEB35428346D73908442DBB,194648616,https://www.kugou.com/yy/rank/home/12-8888.html?from=rank
2026-10-03,2026-10-03T13:26:16+08:00,酷狗音乐,热歌榜,酷狗TOP500,2026-10-03,255,喜欢你,G.E.M.邓紫棋,,3:59,426D6BC62A73DF288F55CB3FCA8D2A62,557512,https://www.kugou.com/yy/rank/home/12-8888.html?from=rank
2026-10-03,2026-10-03T13:26:16+08:00,酷狗音乐,热歌榜,酷狗TOP500,2026-10-03,256,人间共鸣,李健,,4:19,C9A5658204BD4E941F3DB2FB132D4968,176253415,https://www.kugou.com/yy/rank/home/12-8888.html?from=rank
2026-10-03,2026-10-03T13:26:16+08:00,酷狗音乐,热歌榜,酷狗TOP500,2026-10-03,257,瞬,郑润泽,,4:45,C06970FDB48E8E1F9BBC7577B7BC1938,75949211,https://www.kugou.com/yy/rank/home/12-8888.html?from=rank
2026-10-03,2026-10-03T13:26:16+08:00,酷狗音乐,热歌榜,酷狗TOP500,2026-10-03,258,爱情转移,陈奕迅,,4:19,A549238FA1B05EABE841DFE110899647,962514,https://www.kugou.com/yy/rank/home/12-8888.html?from=rank
2026-10-03,2026-10-03T13:26:16+08:00,酷狗音乐,热歌榜,酷狗TOP500,2026-10-03,259,在你的身边,盛哲,,4:22,38698C9A8BB6637CDDE413C6E210FA54,4128050,https://www.kugou.com/yy/rank/home/12-8888.html?from=rank
2026-10-03,2026-10-03T13:26:16+08:00,酷狗音乐,热歌榜,酷狗TOP500,2026-10-03,260,无名的人,毛不易,,4:42,525A854C4A4EDF63CAF528D693F69CE0,51231315,https://www.kugou.com/yy/rank/home/12-8888.html?from=rank
2026-10-03,2026-10-03T13:26:16+08:00,酷狗音乐,热歌榜,酷狗TOP500,2026-10-03,261,虚拟,陈粒,,4:01,AEF0740270FE89918F07807C8D669FB7,1749208,https://www.kugou.com/yy/rank/home/12-8888.html?from=rank
2026-10-03,2026-10-03T13:26:16+08:00,酷狗音乐,热歌榜,酷狗TOP500,2026-10-03,262,冬天的秘密,周传雄,,4:33,1088AEEAB9674A49F8067DCDEB1FC1EE,982655,https://www.kugou.com/yy/rank/home/12-8888.html?from=rank
2026-10-03,2026-10-03T13:26:16+08:00,酷狗音乐,热歌榜,酷狗TOP500,2026-10-03,263,时间能不能走慢点 (青春别散场live大合唱版),Lee 木子,,3:56,0E82477B4256D8DC3C620F762606C16A,204235408,https://www.kugou.com/yy/rank/home/12-8888.html?from=rank
2026-10-03,2026-10-03T13:26:16+08:00,酷狗音乐,热歌榜,酷狗TOP500,2026-10-03,264,我不该动情,老板,,3:57,DFA780605FE78F1572761712931024A7,197593768,https://www.kugou.com/yy/rank/home/12-8888.html?from=rank
2026-10-03,2026-10-03T13:26:16+08:00,酷狗音乐,热歌榜,酷狗TOP500,2026-10-03,265,有我呢,郭一凡,,4:35,8E21C8F3484FB56833F563754A05CB25,32452531,https://www.kugou.com/yy/rank/home/13-8888.html?from=rank
2026-10-03,2026-10-03T13:26:16+08:00,酷狗音乐,热歌榜,酷狗TOP500,2026-10-03,266,疑心病,任然,,4:52,030BE0EE70580141E406B90363A08494,1006462,https://www.kugou.com/yy/rank/home/13-8888.html?from=rank
2026-10-03,2026-10-03T13:26:16+08:00,酷狗音乐,热歌榜,酷狗TOP500,2026-10-03,267,红豆,王菲,,4:16,AEF916A18BAAE9C8E7807179C8DA64D1,960812,https://www.kugou.com/yy/rank/home/13-8888.html?from=rank
2026-10-03,2026-10-03T13:26:16+08:00,酷狗音乐,热歌榜,酷狗TOP500,2026-10-03,268,忘情牛肉面,马健涛,,3:02,E9E3E3F40397839A715537F5AA5C93CE,32988895,https://www.kugou.com/yy/rank/home/13-8888.html?from=rank
2026-10-03,2026-10-03T13:26:16+08:00,酷狗音乐,热歌榜,酷狗TOP500,2026-10-03,269,忘了你忘了我,王杰,,4:38,95CBD367E98724883CA99874AD626446,962390,https://www.kugou.com/yy/rank/home/13-8888.html?from=rank
2026-10-03,2026-10-03T13:26:16+08:00,酷狗音乐,热歌榜,酷狗TOP500,2026-10-03,270,最后一页,江语晨,,4:06,EF053996094A323B42C35195E9781A30,1596655,https://www.kugou.com/yy/rank/home/13-8888.html?from=rank
2026-10-03,2026-10-03T13:26:16+08:00,酷狗音乐,热歌榜,酷狗TOP500,2026-10-03,271,麦恩莉,方大同,,4:48,3A08C7B067EC2E9B552AB8664490FCEB,971920,https://www.kugou.com/yy/rank/home/13-8888.html?from=rank
2026-10-03,2026-10-03T13:26:16+08:00,酷狗音乐,热歌榜,酷狗TOP500,2026-10-03,272,先说爱的人为什么先离开,田园,,3:40,6379393814B0A74AB7B87B2FA9E87689,107655422,https://www.kugou.com/yy/rank/home/13-8888.html?from=rank
2026-10-03,2026-10-03T13:26:16+08:00,酷狗音乐,热歌榜,酷狗TOP500,2026-10-03,273,读心术,卓文萱,,4:20,3F98A771F8F33556966A9990F66D95C4,965920,https://www.kugou.com/yy/rank/home/13-8888.html?from=rank
2026-10-03,2026-10-03T13:26:16+08:00,酷狗音乐,热歌榜,酷狗TOP500,2026-10-03,274,你瞒我瞒,陈柏宇,,3:58,E8EE57D671769402710C4FF9259D841F,965453,https://www.kugou.com/yy/rank/home/13-8888.html?from=rank
2026-10-03,2026-10-03T13:26:16+08:00,酷狗音乐,热歌榜,酷狗TOP500,2026-10-03,275,不能说的秘密,周杰伦,,4:57,EDFC5DD1AC3D58971AB95B3E2700D015,554150,https://www.kugou.com/yy/rank/home/13-8888.html?from=rank
2026-10-03,2026-10-03T13:26:16+08:00,酷狗音乐,热歌榜,酷狗TOP500,2026-10-03,276,Beauty And A Beat,Justin Bieber、Nicki Minaj,,3:47,FF5719341A9B004AA3E7312D617AE305,16996733,https://www.kugou.com/yy/rank/home/13-8888.html?from=rank
2026-10-03,2026-10-03T13:26:16+08:00,酷狗音乐,热歌榜,酷狗TOP500,2026-10-03,277,起风了,买辣椒也用券,,5:26,5C035CBF390FEF6B536020A57749EF70,53218722,https://www.kugou.com/yy/rank/home/13-8888.html?from=rank
2026-10-03,2026-10-03T13:26:16+08:00,酷狗音乐,热歌榜,酷狗TOP500,2026-10-03,278,后会无期,汪苏泷、徐良,,3:32,5F86140467A73FBF9C4F339F7B9AFC2C,511536,https://www.kugou.com/yy/rank/home/13-8888.html?from=rank
2026-10-03,2026-10-03T13:26:16+08:00,酷狗音乐,热歌榜,酷狗TOP500,2026-10-03,279,勋章,鹿晗,,3:34,6FB3EB3F13CD64DF6E9784F6E487BAB1,2059004,https://www.kugou.com/yy/rank/home/13-8888.html?from=rank
2026-10-03,2026-10-03T13:26:16+08:00,酷狗音乐,热歌榜,酷狗TOP500,2026-10-03,280,淘汰,陈奕迅,,4:45,90C64A1FB2F32663FA8037D847AABB57,962514,https://www.kugou.com/yy/rank/home/13-8888.html?from=rank
2026-10-03,2026-10-03T13:26:16+08:00,酷狗音乐,热歌榜,酷狗TOP500,2026-10-03,281,山河吟,海来阿木,,4:04,6E5E8E349B443DECEF7DA211DB1AEAE7,209573991,https://www.kugou.com/yy/rank/home/13-8888.html?from=rank
2026-10-03,2026-10-03T13:26:16+08:00,酷狗音乐,热歌榜,酷狗TOP500,2026-10-03,282,后来的我们,五月天,,5:46,09120C11A5C376EC7D1640098FA70CDC,1748942,https://www.kugou.com/yy/rank/home/13-8888.html?from=rank
2026-10-03,2026-10-03T13:26:16+08:00,酷狗音乐,热歌榜,酷狗TOP500,2026-10-03,283,就是爱你,陶喆,,4:24,43485D7A650AFF532E5ECF24D7FB6381,7547427,https://www.kugou.com/yy/rank/home/13-8888.html?from=rank
2026-10-03,2026-10-03T13:26:16+08:00,酷狗音乐,热歌榜,酷狗TOP500,2026-10-03,284,第一次爱的人,王心凌,,3:53,38539E18FBB3E9A8DFA84A892CA718F6,979891,https://www.kugou.com/yy/rank/home/13-8888.html?from=rank
2026-10-03,2026-10-03T13:26:16+08:00,酷狗音乐,热歌榜,酷狗TOP500,2026-10-03,285,平凡之路,朴树,,5:01,2BE5DE80E68B3346918D38CF7527D979,2944963,https://www.kugou.com/yy/rank/home/13-8888.html?from=rank
2026-10-03,2026-10-03T13:26:16+08:00,酷狗音乐,热歌榜,酷狗TOP500,2026-10-03,286,爱我还是他,陶喆,,4:52,99BB8912A33F263BA28381DE8F52BFE6,7547427,https://www.kugou.com/yy/rank/home/13-8888.html?from=rank
2026-10-03,2026-10-03T13:26:16+08:00,酷狗音乐,热歌榜,酷狗TOP500,2026-10-03,287,简单爱,周杰伦,,4:30,6E44CE19BE5872384FA184B995CCE23B,958706,https://www.kugou.com/yy/rank/home/14-8888.html?from=rank
2026-10-03,2026-10-03T13:26:16+08:00,酷狗音乐,热歌榜,酷狗TOP500,2026-10-03,288,像风一样,薛之谦,,4:15,ACC9BB4136622B3E2BA561B87FFF00D9,7818079,https://www.kugou.com/yy/rank/home/14-8888.html?from=rank
2026-10-03,2026-10-03T13:26:16+08:00,酷狗音乐,热歌榜,酷狗TOP500,2026-10-03,289,明明就,周杰伦,,4:20,D85C14E02008B7A2F97D55CDC29C2221,982051,https://www.kugou.com/yy/rank/home/14-8888.html?from=rank
2026-10-03,2026-10-03T13:26:16+08:00,酷狗音乐,热歌榜,酷狗TOP500,2026-10-03,290,IF YOU,BIGBANG,,4:24,33C5FC6AB3AF0B5B142F12C9556CB178,549436,https://www.kugou.com/yy/rank/home/14-8888.html?from=rank
2026-10-03,2026-10-03T13:26:16+08:00,酷狗音乐,热歌榜,酷狗TOP500,2026-10-03,291,街角的晚风 (烟嗓R&B版),落日微醺,,3:56,D636D97870D4098ACD3C317BFFDA03D9,196517616,https://www.kugou.com/yy/rank/home/14-8888.html?from=rank
2026-10-03,2026-10-03T13:26:16+08:00,酷狗音乐,热歌榜,酷狗TOP500,2026-10-03,292,遗失的心跳,萧亚轩,,3:37,54C1A6E877BB37D052A86D4C41604FE7,521727,https://www.kugou.com/yy/rank/home/14-8888.html?from=rank
2026-10-03,2026-10-03T13:26:16+08:00,酷狗音乐,热歌榜,酷狗TOP500,2026-10-03,293,冷夜,陈默之,,4:07,DC939521FA5F5736A33765D56B90E03C,84595635,https://www.kugou.com/yy/rank/home/14-8888.html?from=rank
2026-10-03,2026-10-03T13:26:16+08:00,酷狗音乐,热歌榜,酷狗TOP500,2026-10-03,294,等你的季节,刘诗诗,,4:02,A7D65FC45CAF8CC897E01EA072529EF0,4005115,https://www.kugou.com/yy/rank/home/14-8888.html?from=rank
2026-10-03,2026-10-03T13:26:16+08:00,酷狗音乐,热歌榜,酷狗TOP500,2026-10-03,295,不该 (with aMEI),周杰伦、张惠妹,,4:51,FCF336E81DA45A8E696032FFC1708175,1645030,https://www.kugou.com/yy/rank/home/14-8888.html?from=rank
2026-10-03,2026-10-03T13:26:16+08:00,酷狗音乐,热歌榜,酷狗TOP500,2026-10-03,296,你这坏坏的扑街仔 (偏偏爱上你这笨脑袋)(对唱版),马耀火、金禾安,,3:02,4C04BB8F9C9F93D4E0325BF625F11BEC,203511794,https://www.kugou.com/yy/rank/home/14-8888.html?from=rank
2026-10-03,2026-10-03T13:26:16+08:00,酷狗音乐,热歌榜,酷狗TOP500,2026-10-03,297,初恋情人,刘小慧,,4:40,24BD04781E52FE8E7FAB2A6452D85320,532546,https://www.kugou.com/yy/rank/home/14-8888.html?from=rank
2026-10-03,2026-10-03T13:26:16+08:00,酷狗音乐,热歌榜,酷狗TOP500,2026-10-03,298,珊瑚海,周杰伦、Lara梁心颐,,4:16,90E34F0C582168E7EA857915771AB220,958909,https://www.kugou.com/yy/rank/home/14-8888.html?from=rank
2026-10-03,2026-10-03T13:26:16+08:00,酷狗音乐,热歌榜,酷狗TOP500,2026-10-03,299,西厢寻他,伯爵Johnny、唐伯虎Annie,,3:44,2B657B5B5D781C1A61D7E0D1F5E2DE22,53205523,https://www.kugou.com/yy/rank/home/14-8888.html?from=rank
2026-10-03,2026-10-03T13:26:16+08:00,酷狗音乐,热歌榜,酷狗TOP500,2026-10-03,300,怎么说我不爱你,萧敬腾,,4:35,30A31A94C77268C92886E00D912AC03B,958893,https://www.kugou.com/yy/rank/home/14-8888.html?from=rank
2026-10-03,2026-10-03T13:26:16+08:00,酷狗音乐,热歌榜,酷狗TOP500,2026-10-03,301,不再犹豫,BEYOND,,4:15,C477FE5B38147B7522DFCF3DC5BB8A6B,8176296,https://www.kugou.com/yy/rank/home/14-8888.html?from=rank
2026-10-03,2026-10-03T13:26:16+08:00,酷狗音乐,热歌榜,酷狗TOP500,2026-10-03,302,你就不要想起我,田馥甄,,4:41,33E67CD9B775093E93CBABBD649DF087,965595,https://www.kugou.com/yy/rank/home/14-8888.html?from=rank
2026-10-03,2026-10-03T13:26:16+08:00,酷狗音乐,热歌榜,酷狗TOP500,2026-10-03,303,寂寞沙洲冷,周传雄,,4:35,36A4F5EAA748324A5D509D8EDC47699F,984377,https://www.kugou.com/yy/rank/home/14-8888.html?from=rank
2026-10-03,2026-10-03T13:26:16+08:00,酷狗音乐,热歌榜,酷狗TOP500,2026-10-03,304,雨天,孙燕姿,,4:02,9077648AA3ABA06B76FD7569FB715EAF,4075477,https://www.kugou.com/yy/rank/home/14-8888.html?from=rank
2026-10-03,2026-10-03T13:26:16+08:00,酷狗音乐,热歌榜,酷狗TOP500,2026-10-03,305,三国恋,Tank,,4:06,1325E661C6044048943A8D7D417ED280,966742,https://www.kugou.com/yy/rank/home/14-8888.html?from=rank
2026-10-03,2026-10-03T13:26:16+08:00,酷狗音乐,热歌榜,酷狗TOP500,2026-10-03,306,好久不见,陈奕迅,,4:11,8E1DDAF172D9C60A28C19358B07BFBF8,962514,https://www.kugou.com/yy/rank/home/14-8888.html?from=rank
2026-10-03,2026-10-03T13:26:16+08:00,酷狗音乐,热歌榜,酷狗TOP500,2026-10-03,307,离歌,信乐团,,4:28,59CF0756AABF490875CEA51FEBCAACB5,981338,https://www.kugou.com/yy/rank/home/14-8888.html?from=rank
2026-10-03,2026-10-03T13:26:16+08:00,酷狗音乐,热歌榜,酷狗TOP500,2026-10-03,308,小美满,周深,,3:34,04A21DB1AB3C8E0D1D8F51F11BDB03A1,83112420,https://www.kugou.com/yy/rank/home/14-8888.html?from=rank
2026-10-03,2026-10-03T13:26:16+08:00,酷狗音乐,热歌榜,酷狗TOP500,2026-10-03,309,暧昧,薛之谦,,5:12,B3A4E466F13F44FA0B91FA4EB8E6DECA,7818079,https://www.kugou.com/yy/rank/home/15-8888.html?from=rank
2026-10-03,2026-10-03T13:26:16+08:00,酷狗音乐,热歌榜,酷狗TOP500,2026-10-03,310,玫瑰花的葬礼,许嵩,,4:21,0A335E9374392B72E5965D8F6165E564,1968878,https://www.kugou.com/yy/rank/home/15-8888.html?from=rank
2026-10-03,2026-10-03T13:26:16+08:00,酷狗音乐,热歌榜,酷狗TOP500,2026-10-03,311,枪火 (相对那就针锋相对),宝石Gem,,3:18,76923758046CB591DC9556D1FB69D976,154798334,https://www.kugou.com/yy/rank/home/15-8888.html?from=rank
2026-10-03,2026-10-03T13:26:16+08:00,酷狗音乐,热歌榜,酷狗TOP500,2026-10-03,312,一样的月光,徐佳莹,,4:00,E470A579E87A5436E68FAA51AD18A379,972101,https://www.kugou.com/yy/rank/home/15-8888.html?from=rank
2026-10-03,2026-10-03T13:26:16+08:00,酷狗音乐,热歌榜,酷狗TOP500,2026-10-03,313,情人,蔡徐坤,,3:15,120F234213ACB64E202B391612D5D9CA,37760326,https://www.kugou.com/yy/rank/home/15-8888.html?from=rank
2026-10-03,2026-10-03T13:26:16+08:00,酷狗音乐,热歌榜,酷狗TOP500,2026-10-03,314,下雨天,南拳妈妈,,4:13,947127F991A6A4FF77C89779E6B25AF4,983794,https://www.kugou.com/yy/rank/home/15-8888.html?from=rank
2026-10-03,2026-10-03T13:26:16+08:00,酷狗音乐,热歌榜,酷狗TOP500,2026-10-03,315,一程山路,毛不易,,3:36,72F2E36F606EB3DACF2ACD9DE67FCBD3,34631159,https://www.kugou.com/yy/rank/home/15-8888.html?from=rank
2026-10-03,2026-10-03T13:26:16+08:00,酷狗音乐,热歌榜,酷狗TOP500,2026-10-03,316,潮汐 (Natural),傅梦彤,,2:49,A4713521E4754B8ED3F09AF1E41756E5,39769270,https://www.kugou.com/yy/rank/home/15-8888.html?from=rank
2026-10-03,2026-10-03T13:26:16+08:00,酷狗音乐,热歌榜,酷狗TOP500,2026-10-03,317,女孩,韦礼安,,5:06,A0701AE5A100E543DE602E75C64A7424,1766500,https://www.kugou.com/yy/rank/home/15-8888.html?from=rank
2026-10-03,2026-10-03T13:26:16+08:00,酷狗音乐,热歌榜,酷狗TOP500,2026-10-03,318,Wake Me Up When September Ends,Green Day,,4:46,55621F409C0108E7DEA1CB06DC04EA28,4102631,https://www.kugou.com/yy/rank/home/15-8888.html?from=rank
2026-10-03,2026-10-03T13:26:16+08:00,酷狗音乐,热歌榜,酷狗TOP500,2026-10-03,319,Letting Go,蔡健雅,,4:23,326CBB23BAA90062047512376AA406A4,978874,https://www.kugou.com/yy/rank/home/15-8888.html?from=rank
2026-10-03,2026-10-03T13:26:16+08:00,酷狗音乐,热歌榜,酷狗TOP500,2026-10-03,320,其实不想走 (对唱版),大双二双,,3:34,84F09FEE497896E4E1CBAD65DC24251A,208999327,https://www.kugou.com/yy/rank/home/15-8888.html?from=rank
2026-10-03,2026-10-03T13:26:16+08:00,酷狗音乐,热歌榜,酷狗TOP500,2026-10-03,321,现在那边是几点,黄小琥,,4:28,A8EC1E9AD70A907D62DAA2924482F4DA,2997328,https://www.kugou.com/yy/rank/home/15-8888.html?from=rank
2026-10-03,2026-10-03T13:26:16+08:00,酷狗音乐,热歌榜,酷狗TOP500,2026-10-03,322,一个人想着一个人,曾沛慈,,4:04,C9148675D85D3C2B306E966000BC5ABD,542900,https://www.kugou.com/yy/rank/home/15-8888.html?from=rank
2026-10-03,2026-10-03T13:26:16+08:00,酷狗音乐,热歌榜,酷狗TOP500,2026-10-03,323,我听人说思念像风一样 (前世不欠，今生不见),顿珠拉姆、自游诗,,3:32,888FE08D95D95A235A86CD51EC68F80E,208776648,https://www.kugou.com/yy/rank/home/15-8888.html?from=rank
2026-10-03,2026-10-03T13:26:16+08:00,酷狗音乐,热歌榜,酷狗TOP500,2026-10-03,324,冲动的惩罚,刀郎,,7:54,84073718AE6A82366444C3B5AE526FAC,964521,https://www.kugou.com/yy/rank/home/15-8888.html?from=rank
2026-10-03,2026-10-03T13:26:16+08:00,酷狗音乐,热歌榜,酷狗TOP500,2026-10-03,325,风的来信 A Letter From the Wind,HOYO-MiX、孙晔,,3:17,47F7D92253F019AB84ED08A09540512E,208709812,https://www.kugou.com/yy/rank/home/15-8888.html?from=rank
2026-10-03,2026-10-03T13:26:16+08:00,酷狗音乐,热歌榜,酷狗TOP500,2026-10-03,326,爱在西元前,周杰伦,,3:54,66B756FB1331807B032EF97F7BA9948E,958706,https://www.kugou.com/yy/rank/home/15-8888.html?from=rank
2026-10-03,2026-10-03T13:26:16+08:00,酷狗音乐,热歌榜,酷狗TOP500,2026-10-03,327,是我不够好,李毓芬,,3:37,2B152C85BA2B73CBC79EA722928EF425,1590098,https://www.kugou.com/yy/rank/home/15-8888.html?from=rank
2026-10-03,2026-10-03T13:26:16+08:00,酷狗音乐,热歌榜,酷狗TOP500,2026-10-03,328,祝福祖国 (雷鬼版),烟嗓阿晨,,3:28,A497D478799E2359CCAFEBE3DCC3B42C,202005821,https://www.kugou.com/yy/rank/home/15-8888.html?from=rank
2026-10-03,2026-10-03T13:26:16+08:00,酷狗音乐,热歌榜,酷狗TOP500,2026-10-03,329,真的爱你,BEYOND,,4:35,C46916711631EA28508A41C325A74E1B,971451,https://www.kugou.com/yy/rank/home/15-8888.html?from=rank
2026-10-03,2026-10-03T13:26:16+08:00,酷狗音乐,热歌榜,酷狗TOP500,2026-10-03,330,天下,张杰,,3:42,17B11C65674378CA43995537331E1D9C,38606351,https://www.kugou.com/yy/rank/home/15-8888.html?from=rank
2026-10-03,2026-10-03T13:26:16+08:00,酷狗音乐,热歌榜,酷狗TOP500,2026-10-03,331,你的样子 (烟嗓版),十一经典老歌,,3:17,9CF9C5DDBC66437ED5BF2EDB46FF94D8,193387171,https://www.kugou.com/yy/rank/home/16-8888.html?from=rank
2026-10-03,2026-10-03T13:26:16+08:00,酷狗音乐,热歌榜,酷狗TOP500,2026-10-03,332,不浪漫罪名,王杰,,4:48,4255D3F001B95B07F2D5BE330D14A780,503247,https://www.kugou.com/yy/rank/home/16-8888.html?from=rank
2026-10-03,2026-10-03T13:26:16+08:00,酷狗音乐,热歌榜,酷狗TOP500,2026-10-03,333,少一点天份,孙盛希,,4:35,FFD1F05E5D06A1DDFAEDFE6A3379A271,566029,https://www.kugou.com/yy/rank/home/16-8888.html?from=rank
2026-10-03,2026-10-03T13:26:16+08:00,酷狗音乐,热歌榜,酷狗TOP500,2026-10-03,334,某年某月某天,颜人中,,5:15,6C2CEEAB40C4AF32C168FF48D56B4E21,38117969,https://www.kugou.com/yy/rank/home/16-8888.html?from=rank
2026-10-03,2026-10-03T13:26:16+08:00,酷狗音乐,热歌榜,酷狗TOP500,2026-10-03,335,天际,洋澜一,,5:46,DEAE9D1FC61F4810A0C15AA9CFD83722,76611526,https://www.kugou.com/yy/rank/home/16-8888.html?from=rank
2026-10-03,2026-10-03T13:26:16+08:00,酷狗音乐,热歌榜,酷狗TOP500,2026-10-03,336,还是分开 (Acoustic Version),张叶蕾,,3:49,CCB537741E41A89D63810C75D50BCFE6,130014024,https://www.kugou.com/yy/rank/home/16-8888.html?from=rank
2026-10-03,2026-10-03T13:26:16+08:00,酷狗音乐,热歌榜,酷狗TOP500,2026-10-03,337,有点甜,汪苏泷、BY2,,3:55,99CFDC717FEB7DABCD8A6392D821FC08,516425,https://www.kugou.com/yy/rank/home/16-8888.html?from=rank
2026-10-03,2026-10-03T13:26:16+08:00,酷狗音乐,热歌榜,酷狗TOP500,2026-10-03,338,句号,G.E.M.邓紫棋,,3:56,0EC0DFE7A4090B3C5C2C1831D7F3ED51,35503028,https://www.kugou.com/yy/rank/home/16-8888.html?from=rank
2026-10-03,2026-10-03T13:26:16+08:00,酷狗音乐,热歌榜,酷狗TOP500,2026-10-03,339,夜空中最亮的星,逃跑计划,,4:12,766877C1D3DD28BE7546506922EA17D7,961718,https://www.kugou.com/yy/rank/home/16-8888.html?from=rank
2026-10-03,2026-10-03T13:26:16+08:00,酷狗音乐,热歌榜,酷狗TOP500,2026-10-03,340,倒数,G.E.M.邓紫棋,,3:49,65945C4D6FB03D7997AE133C9BE5715D,9373625,https://www.kugou.com/yy/rank/home/16-8888.html?from=rank
2026-10-03,2026-10-03T13:26:16+08:00,酷狗音乐,热歌榜,酷狗TOP500,2026-10-03,341,老人与海,海鸣威、吴琼,,4:26,64550F3E833ABE710545EA84FC82754E,1778632,https://www.kugou.com/yy/rank/home/16-8888.html?from=rank
2026-10-03,2026-10-03T13:26:16+08:00,酷狗音乐,热歌榜,酷狗TOP500,2026-10-03,342,求佛,誓言,,4:46,7B7140B23A836DC6EE63B6CD48482402,7614,https://www.kugou.com/yy/rank/home/16-8888.html?from=rank
2026-10-03,2026-10-03T13:26:16+08:00,酷狗音乐,热歌榜,酷狗TOP500,2026-10-03,343,是你没选我啊,于冬然,,3:22,885046DF8380B7506A6B12EC8F6E201D,176303736,https://www.kugou.com/yy/rank/home/16-8888.html?from=rank
2026-10-03,2026-10-03T13:26:16+08:00,酷狗音乐,热歌榜,酷狗TOP500,2026-10-03,344,倒带,蔡依林,,4:26,446507D2332BC3F263596363A97C6E95,976925,https://www.kugou.com/yy/rank/home/16-8888.html?from=rank
2026-10-03,2026-10-03T13:26:16+08:00,酷狗音乐,热歌榜,酷狗TOP500,2026-10-03,345,逆风的船 (看那朝阳爬过了山峦),蓝波,,3:16,0FC1FA099A3F6984C1C1D4EC211D5A7B,199831134,https://www.kugou.com/yy/rank/home/16-8888.html?from=rank
2026-10-03,2026-10-03T13:26:16+08:00,酷狗音乐,热歌榜,酷狗TOP500,2026-10-03,346,祝福祖国 (合唱版),苏娜,,3:18,057749A8B4D59301711AE178BD5397D5,207899791,https://www.kugou.com/yy/rank/home/16-8888.html?from=rank
2026-10-03,2026-10-03T13:26:16+08:00,酷狗音乐,热歌榜,酷狗TOP500,2026-10-03,347,走走,李荣浩,,5:04,0BD5B6F56CED35BB3380425EC02E1098,106374641,https://www.kugou.com/yy/rank/home/16-8888.html?from=rank
2026-10-03,2026-10-03T13:26:16+08:00,酷狗音乐,热歌榜,酷狗TOP500,2026-10-03,348,天若有情,A-Lin,,4:17,2E6CE4E79982AE2119A69C1D30537EA2,1805426,https://www.kugou.com/yy/rank/home/16-8888.html?from=rank
2026-10-03,2026-10-03T13:26:16+08:00,酷狗音乐,热歌榜,酷狗TOP500,2026-10-03,349,讨厌,芮恩,,4:18,C88A8D3EF16E2C4E944B947E0F56A7AD,2996887,https://www.kugou.com/yy/rank/home/16-8888.html?from=rank
2026-10-03,2026-10-03T13:26:16+08:00,酷狗音乐,热歌榜,酷狗TOP500,2026-10-03,350,最爱,周慧敏,,4:25,DBC221919A9686F684F90E1920179363,568311,https://www.kugou.com/yy/rank/home/16-8888.html?from=rank
2026-10-03,2026-10-03T13:26:16+08:00,酷狗音乐,热歌榜,酷狗TOP500,2026-10-03,351,美丽的神话,孙楠、韩红,,4:52,877281C8E094A848F022BCAAA76945CB,964166,https://www.kugou.com/yy/rank/home/16-8888.html?from=rank
2026-10-03,2026-10-03T13:26:16+08:00,酷狗音乐,热歌榜,酷狗TOP500,2026-10-03,352,爱丫爱丫,BY2,,3:51,18008576BCFBA9750C2C60EB6C204270,981935,https://www.kugou.com/yy/rank/home/16-8888.html?from=rank
2026-10-03,2026-10-03T13:26:16+08:00,酷狗音乐,热歌榜,酷狗TOP500,2026-10-03,353,别回头 别停留 往前走,Roling7,,3:34,7E272D73C619A19C0F4AC728EBEEC30D,191953356,https://www.kugou.com/yy/rank/home/17-8888.html?from=rank
2026-10-03,2026-10-03T13:26:16+08:00,酷狗音乐,热歌榜,酷狗TOP500,2026-10-03,354,断点,张敬轩,,4:28,2C2A571D91FF7BF6FE814887FFA7E592,2996592,https://www.kugou.com/yy/rank/home/17-8888.html?from=rank
2026-10-03,2026-10-03T13:26:16+08:00,酷狗音乐,热歌榜,酷狗TOP500,2026-10-03,355,水为媒,礼越,,4:18,463569CA5AE9A787A32B66D590C8C98D,200545877,https://www.kugou.com/yy/rank/home/17-8888.html?from=rank
2026-10-03,2026-10-03T13:26:16+08:00,酷狗音乐,热歌榜,酷狗TOP500,2026-10-03,356,如诗一般的形容妳,曹杨,,4:26,C9C2D9F45026725C6B1E46713F552E50,208835397,https://www.kugou.com/yy/rank/home/17-8888.html?from=rank
2026-10-03,2026-10-03T13:26:16+08:00,酷狗音乐,热歌榜,酷狗TOP500,2026-10-03,357,山不语,檬小妖,,4:09,AEF516FDB79AE4EF580D72BD82A5E049,209342398,https://www.kugou.com/yy/rank/home/17-8888.html?from=rank
2026-10-03,2026-10-03T13:26:16+08:00,酷狗音乐,热歌榜,酷狗TOP500,2026-10-03,358,葡萄成熟时,陈奕迅,,4:37,FDEEA17B3BAD24C0C88E4D45F71F1946,968210,https://www.kugou.com/yy/rank/home/17-8888.html?from=rank
2026-10-03,2026-10-03T13:26:16+08:00,酷狗音乐,热歌榜,酷狗TOP500,2026-10-03,359,time machine (feat. aren park)(Original Mix),mj apanay、aren park,,3:46,6FC23D8694067908061BB145B6DFCB87,100264848,https://www.kugou.com/yy/rank/home/17-8888.html?from=rank
2026-10-03,2026-10-03T13:26:16+08:00,酷狗音乐,热歌榜,酷狗TOP500,2026-10-03,360,开不了口,周杰伦,,4:44,32DD461A82439D4B75E87ECC3F047E6A,958706,https://www.kugou.com/yy/rank/home/17-8888.html?from=rank
2026-10-03,2026-10-03T13:26:16+08:00,酷狗音乐,热歌榜,酷狗TOP500,2026-10-03,361,写给黄淮 (Live),邵帅,,6:49,56CA5E49436D42D4F9F246FBF2B77B94,36751557,https://www.kugou.com/yy/rank/home/17-8888.html?from=rank
2026-10-03,2026-10-03T13:26:16+08:00,酷狗音乐,热歌榜,酷狗TOP500,2026-10-03,362,祝福祖国,汤灿,,5:10,F7350A0196BF145B049A30B9FA268174,603238,https://www.kugou.com/yy/rank/home/17-8888.html?from=rank
2026-10-03,2026-10-03T13:26:16+08:00,酷狗音乐,热歌榜,酷狗TOP500,2026-10-03,363,感谢你曾来过,Ayo97、周思涵,,4:10,39DCBBDCB0B377628BEF5FD48EF01254,9101627,https://www.kugou.com/yy/rank/home/17-8888.html?from=rank
2026-10-03,2026-10-03T13:26:16+08:00,酷狗音乐,热歌榜,酷狗TOP500,2026-10-03,364,修炼爱情,林俊杰,,4:47,8748C12719DCA9F588B1118AC05F6BF8,972188,https://www.kugou.com/yy/rank/home/17-8888.html?from=rank
2026-10-03,2026-10-03T13:26:16+08:00,酷狗音乐,热歌榜,酷狗TOP500,2026-10-03,365,他真的对你好吗,付豪,,4:18,B1B875147F45355FF807402402F5B573,55501876,https://www.kugou.com/yy/rank/home/17-8888.html?from=rank
2026-10-03,2026-10-03T13:26:16+08:00,酷狗音乐,热歌榜,酷狗TOP500,2026-10-03,366,给我一首歌的时间,周杰伦,,4:14,237FD34BF80D05228D4A43F6CD5BEECF,960399,https://www.kugou.com/yy/rank/home/17-8888.html?from=rank
2026-10-03,2026-10-03T13:26:16+08:00,酷狗音乐,热歌榜,酷狗TOP500,2026-10-03,367,That Girl,Olly Murs,,2:57,B32C3C7FA2452E7338BFC6F2283FE8ED,1820815,https://www.kugou.com/yy/rank/home/17-8888.html?from=rank
2026-10-03,2026-10-03T13:26:16+08:00,酷狗音乐,热歌榜,酷狗TOP500,2026-10-03,368,鼓楼,赵雷,,4:41,5A794095301611FB8600A85301B0BFC4,1946722,https://www.kugou.com/yy/rank/home/17-8888.html?from=rank
2026-10-03,2026-10-03T13:26:16+08:00,酷狗音乐,热歌榜,酷狗TOP500,2026-10-03,369,明天，你好,牛奶咖啡,,4:32,A9527F71F7149F13E1F78B23C25DD30B,967562,https://www.kugou.com/yy/rank/home/17-8888.html?from=rank
2026-10-03,2026-10-03T13:26:16+08:00,酷狗音乐,热歌榜,酷狗TOP500,2026-10-03,370,Baby,Justin Bieber、Ludacris,,3:37,493CD2904FAFDAEB8785CC83B8056F5A,508825,https://www.kugou.com/yy/rank/home/17-8888.html?from=rank
2026-10-03,2026-10-03T13:26:16+08:00,酷狗音乐,热歌榜,酷狗TOP500,2026-10-03,371,匿名的好友,杨丞琳,,4:23,F9CE6B13B4C90B01B3C129FF11B11C87,2694607,https://www.kugou.com/yy/rank/home/17-8888.html?from=rank
2026-10-03,2026-10-03T13:26:16+08:00,酷狗音乐,热歌榜,酷狗TOP500,2026-10-03,372,说散就散,袁娅维TIA RAY,,4:03,837D7CEC9202B47F077BB7FE8C0C1A08,8025931,https://www.kugou.com/yy/rank/home/17-8888.html?from=rank
2026-10-03,2026-10-03T13:26:16+08:00,酷狗音乐,热歌榜,酷狗TOP500,2026-10-03,373,"i hate u, i love u (feat. olivia o'brien)(Explicit)",gnash、Olivia O'Brien,,3:46,729E20B7E80E5616CC306DA3F48CB5DD,12687595,https://www.kugou.com/yy/rank/home/17-8888.html?from=rank
2026-10-03,2026-10-03T13:26:16+08:00,酷狗音乐,热歌榜,酷狗TOP500,2026-10-03,374,Call You Tonight,Whitney Houston,,4:10,3378039942BA822731531F34BACF9CA1,561454,https://www.kugou.com/yy/rank/home/17-8888.html?from=rank
2026-10-03,2026-10-03T13:26:16+08:00,酷狗音乐,热歌榜,酷狗TOP500,2026-10-03,375,天黑黑,孙燕姿,,3:56,D4601C9FFEADB42961CE4E623FAFD279,973684,https://www.kugou.com/yy/rank/home/18-8888.html?from=rank
2026-10-03,2026-10-03T13:26:16+08:00,酷狗音乐,热歌榜,酷狗TOP500,2026-10-03,376,半岛铁盒,周杰伦,,5:19,67BA8A4A0681F2078BC423CB13B904B7,961807,https://www.kugou.com/yy/rank/home/18-8888.html?from=rank
2026-10-03,2026-10-03T13:26:16+08:00,酷狗音乐,热歌榜,酷狗TOP500,2026-10-03,377,手放开,李圣杰,,4:25,022583751858F1E3558F32EC4ECF7DD5,959847,https://www.kugou.com/yy/rank/home/18-8888.html?from=rank
2026-10-03,2026-10-03T13:26:16+08:00,酷狗音乐,热歌榜,酷狗TOP500,2026-10-03,378,花开忘忧,周深,,4:13,D56829B960F16427899EE933A67F6F85,60562012,https://www.kugou.com/yy/rank/home/18-8888.html?from=rank
2026-10-03,2026-10-03T13:26:16+08:00,酷狗音乐,热歌榜,酷狗TOP500,2026-10-03,379,手写的从前,周杰伦,,4:58,C1992BBF6FB5BB2BB86DECF657509FD3,962593,https://www.kugou.com/yy/rank/home/18-8888.html?from=rank
2026-10-03,2026-10-03T13:26:16+08:00,酷狗音乐,热歌榜,酷狗TOP500,2026-10-03,380,知了,陈默之,,3:52,FE6608CE529684B94CBA506E2B0C7BB6,91222498,https://www.kugou.com/yy/rank/home/18-8888.html?from=rank
2026-10-03,2026-10-03T13:26:16+08:00,酷狗音乐,热歌榜,酷狗TOP500,2026-10-03,381,我在等一个懂我的人 (深情版),糖小小,,3:46,D1DFACDE17091D188055EF9B76B6CC2A,209299701,https://www.kugou.com/yy/rank/home/18-8888.html?from=rank
2026-10-03,2026-10-03T13:26:16+08:00,酷狗音乐,热歌榜,酷狗TOP500,2026-10-03,382,意外,薛之谦,,4:52,04E0EDE41EA3CCFF76C04F414E1D03A7,960327,https://www.kugou.com/yy/rank/home/18-8888.html?from=rank
2026-10-03,2026-10-03T13:26:16+08:00,酷狗音乐,热歌榜,酷狗TOP500,2026-10-03,383,山风山风等等我 (合唱版),万海东、人生感悟、吴章磊、天雯,,3:29,509AB53405C872C7A81200CDF2F3F11A,204486191,https://www.kugou.com/yy/rank/home/18-8888.html?from=rank
2026-10-03,2026-10-03T13:26:16+08:00,酷狗音乐,热歌榜,酷狗TOP500,2026-10-03,384,黄昏 (纵然青丝如霜)(R&B版),落日微醺,,4:05,423FC1778078ACF260242626820E4244,194767721,https://www.kugou.com/yy/rank/home/18-8888.html?from=rank
2026-10-03,2026-10-03T13:26:16+08:00,酷狗音乐,热歌榜,酷狗TOP500,2026-10-03,385,月亮替我望故乡,烟嗓船长,,3:29,243AABC48B40593DF6EF4E34739CE2E9,209588210,https://www.kugou.com/yy/rank/home/18-8888.html?from=rank
2026-10-03,2026-10-03T13:26:16+08:00,酷狗音乐,热歌榜,酷狗TOP500,2026-10-03,386,同手同脚,温岚,,4:18,1DB5F549DF57C1C9553D9BDD735C763A,2997107,https://www.kugou.com/yy/rank/home/18-8888.html?from=rank
2026-10-03,2026-10-03T13:26:16+08:00,酷狗音乐,热歌榜,酷狗TOP500,2026-10-03,387,偏偏喜欢你,陈百强,,3:32,D186383AA965D13601CFF4857F844FEE,983655,https://www.kugou.com/yy/rank/home/18-8888.html?from=rank
2026-10-03,2026-10-03T13:26:16+08:00,酷狗音乐,热歌榜,酷狗TOP500,2026-10-03,388,白鸽乌鸦相爱的戏码,潘成（皮卡潘）,,2:54,1B5005F285D8B7FD083CA61C5753E9DB,100112898,https://www.kugou.com/yy/rank/home/18-8888.html?from=rank
2026-10-03,2026-10-03T13:26:16+08:00,酷狗音乐,热歌榜,酷狗TOP500,2026-10-03,389,广东爱情故事,广东雨神,,3:34,7A2956668C7D5393FF16AD930C23F2FD,4162049,https://www.kugou.com/yy/rank/home/18-8888.html?from=rank
2026-10-03,2026-10-03T13:26:16+08:00,酷狗音乐,热歌榜,酷狗TOP500,2026-10-03,390,跨不过的距离,虎二,,4:31,FED5892036FBD176F6FEAE973C565E59,38209191,https://www.kugou.com/yy/rank/home/18-8888.html?from=rank
2026-10-03,2026-10-03T13:26:16+08:00,酷狗音乐,热歌榜,酷狗TOP500,2026-10-03,391,不得不爱,潘玮柏、弦子,,4:41,8F9E3FD474EA612C61EB20D1415767BF,972809,https://www.kugou.com/yy/rank/home/18-8888.html?from=rank
2026-10-03,2026-10-03T13:26:16+08:00,酷狗音乐,热歌榜,酷狗TOP500,2026-10-03,392,画,赵雷,,3:46,F5F4E2CAE64AC055C3E22A6C807832EE,965599,https://www.kugou.com/yy/rank/home/18-8888.html?from=rank
2026-10-03,2026-10-03T13:26:16+08:00,酷狗音乐,热歌榜,酷狗TOP500,2026-10-03,393,哼着你爱听的歌 (女版),田园,,3:20,37B0685181098FB8427291594EDBC8CD,162686180,https://www.kugou.com/yy/rank/home/18-8888.html?from=rank
2026-10-03,2026-10-03T13:26:16+08:00,酷狗音乐,热歌榜,酷狗TOP500,2026-10-03,394,落空,印子月,,3:53,F2823FEC8D01EDE2587ED3D32F787782,15394482,https://www.kugou.com/yy/rank/home/18-8888.html?from=rank
2026-10-03,2026-10-03T13:26:16+08:00,酷狗音乐,热歌榜,酷狗TOP500,2026-10-03,395,单身情歌,林志炫,,4:35,ACD27A452FE3D0348D38540762DA7BEB,971171,https://www.kugou.com/yy/rank/home/18-8888.html?from=rank
2026-10-03,2026-10-03T13:26:16+08:00,酷狗音乐,热歌榜,酷狗TOP500,2026-10-03,396,西楼儿女,海来阿木,,4:18,84DA47460010F3D91E203F777233DAA4,62931439,https://www.kugou.com/yy/rank/home/18-8888.html?from=rank
2026-10-03,2026-10-03T13:26:16+08:00,酷狗音乐,热歌榜,酷狗TOP500,2026-10-03,397,我恨明月不照我,阿YueYue,,4:12,B1B259EEA7E93DE5F6C759BA6C45777C,172322576,https://www.kugou.com/yy/rank/home/19-8888.html?from=rank
2026-10-03,2026-10-03T13:26:16+08:00,酷狗音乐,热歌榜,酷狗TOP500,2026-10-03,398,想你的夜,关喆,,4:25,1404A292A6E122C99696BDFF04CE982F,963737,https://www.kugou.com/yy/rank/home/19-8888.html?from=rank
2026-10-03,2026-10-03T13:26:16+08:00,酷狗音乐,热歌榜,酷狗TOP500,2026-10-03,399,他一定很爱你,阿杜,,3:31,05E693C88CE84950E159DA62EB1013ED,963634,https://www.kugou.com/yy/rank/home/19-8888.html?from=rank
2026-10-03,2026-10-03T13:26:16+08:00,酷狗音乐,热歌榜,酷狗TOP500,2026-10-03,400,路过人间,郁可唯,,4:06,2570131E77CC024747EE342E7404F99D,20288614,https://www.kugou.com/yy/rank/home/19-8888.html?from=rank
2026-10-03,2026-10-03T13:26:16+08:00,酷狗音乐,热歌榜,酷狗TOP500,2026-10-03,401,Perfect Version Of Me,Vicky宣宣,,4:47,5A6DE668B250C84587DF98C22512600A,154429032,https://www.kugou.com/yy/rank/home/19-8888.html?from=rank
2026-10-03,2026-10-03T13:26:16+08:00,酷狗音乐,热歌榜,酷狗TOP500,2026-10-03,402,最痛不过是深情 (遗憾知秋),刘纯,,4:08,937FF9A12FF45B3470C819CC7945F4E8,207923318,https://www.kugou.com/yy/rank/home/19-8888.html?from=rank
2026-10-03,2026-10-03T13:26:16+08:00,酷狗音乐,热歌榜,酷狗TOP500,2026-10-03,403,绅士,薛之谦,,4:50,D6CACA3903CD758D2B4208BF3E4E50EE,14456909,https://www.kugou.com/yy/rank/home/19-8888.html?from=rank
2026-10-03,2026-10-03T13:26:16+08:00,酷狗音乐,热歌榜,酷狗TOP500,2026-10-03,404,Poker Face,Lady Gaga,,3:57,645E837927E3207AD0AEA3997EB00444,38501704,https://www.kugou.com/yy/rank/home/19-8888.html?from=rank
2026-10-03,2026-10-03T13:26:16+08:00,酷狗音乐,热歌榜,酷狗TOP500,2026-10-03,405,叹云兮,鞠婧祎,,4:43,DB94CC1C55558D7ED4B0E402A2DF065D,8700851,https://www.kugou.com/yy/rank/home/19-8888.html?from=rank
2026-10-03,2026-10-03T13:26:16+08:00,酷狗音乐,热歌榜,酷狗TOP500,2026-10-03,406,坠落,蔡健雅,,4:10,233254CB517BAA74387361C2158519DA,974379,https://www.kugou.com/yy/rank/home/19-8888.html?from=rank
2026-10-03,2026-10-03T13:26:16+08:00,酷狗音乐,热歌榜,酷狗TOP500,2026-10-03,407,我落泪情绪零碎,周杰伦,,4:18,27943EB1CBD46F7BB165B054CE6EBDC8,958812,https://www.kugou.com/yy/rank/home/19-8888.html?from=rank
2026-10-03,2026-10-03T13:26:16+08:00,酷狗音乐,热歌榜,酷狗TOP500,2026-10-03,408,别怕我伤心,张信哲,,4:47,976677A739F25908591FA822CB1F1DF3,538030,https://www.kugou.com/yy/rank/home/19-8888.html?from=rank
2026-10-03,2026-10-03T13:26:16+08:00,酷狗音乐,热歌榜,酷狗TOP500,2026-10-03,409,十面埋伏,陈奕迅,,3:52,90B8469459CBA58A5DDEDD9350286DD8,2996227,https://www.kugou.com/yy/rank/home/19-8888.html?from=rank
2026-10-03,2026-10-03T13:26:16+08:00,酷狗音乐,热歌榜,酷狗TOP500,2026-10-03,410,你听得到,周杰伦,,3:50,D7F42691CB6134BA8AA247F0A1DBD060,966846,https://www.kugou.com/yy/rank/home/19-8888.html?from=rank
2026-10-03,2026-10-03T13:26:16+08:00,酷狗音乐,热歌榜,酷狗TOP500,2026-10-03,411,如果还会遇见,何遇Hayu、Crybird,,3:48,B740AAF49578F8F9C9E52DD560E122BF,201658284,https://www.kugou.com/yy/rank/home/19-8888.html?from=rank
2026-10-03,2026-10-03T13:26:16+08:00,酷狗音乐,热歌榜,酷狗TOP500,2026-10-03,412,Take Me to Your Heart,Michael Learns To Rock,,3:59,97ED0BF75D3D6EEB97A326073F503AC8,561642,https://www.kugou.com/yy/rank/home/19-8888.html?from=rank
2026-10-03,2026-10-03T13:26:16+08:00,酷狗音乐,热歌榜,酷狗TOP500,2026-10-03,413,我的一个道姑朋友 (而你撑伞拥我入怀中),晚月moon,,4:44,5F4222918D3A175A8ECB52ED337C2B01,208084022,https://www.kugou.com/yy/rank/home/19-8888.html?from=rank
2026-10-03,2026-10-03T13:26:16+08:00,酷狗音乐,热歌榜,酷狗TOP500,2026-10-03,414,小半 (Live),王铮亮、谭松韵,,5:14,D0CF7A8F58E9AB02D7B3305E425AE73C,196185049,https://www.kugou.com/yy/rank/home/19-8888.html?from=rank
2026-10-03,2026-10-03T13:26:16+08:00,酷狗音乐,热歌榜,酷狗TOP500,2026-10-03,415,一万个理由,郑源,,4:25,6BE0597021C8E5E3D7A9AE5FB782947A,977094,https://www.kugou.com/yy/rank/home/19-8888.html?from=rank
2026-10-03,2026-10-03T13:26:16+08:00,酷狗音乐,热歌榜,酷狗TOP500,2026-10-03,416,记事本,陈慧琳,,4:11,26684870E2CE3936A3D72559F67C0606,2996651,https://www.kugou.com/yy/rank/home/19-8888.html?from=rank
2026-10-03,2026-10-03T13:26:16+08:00,酷狗音乐,热歌榜,酷狗TOP500,2026-10-03,417,假装快乐,呆呆破,,4:09,64E79DB11E571AE18B6CC093A69ED4BC,45381876,https://www.kugou.com/yy/rank/home/19-8888.html?from=rank
2026-10-03,2026-10-03T13:26:16+08:00,酷狗音乐,热歌榜,酷狗TOP500,2026-10-03,418,大海,张雨生,,4:40,BF8252BEAE57AEB53490145CA8E81BB4,967705,https://www.kugou.com/yy/rank/home/19-8888.html?from=rank
2026-10-03,2026-10-03T13:26:16+08:00,酷狗音乐,热歌榜,酷狗TOP500,2026-10-03,419,吻别 (烟嗓女版),烟嗓小希,,4:49,12750D3982067B33EB395B9BF2A714E0,200693191,https://www.kugou.com/yy/rank/home/20-8888.html?from=rank
2026-10-03,2026-10-03T13:26:16+08:00,酷狗音乐,热歌榜,酷狗TOP500,2026-10-03,420,我不配,周杰伦,,4:49,00CBE76AE7676D5D2A3D832D202C8FFD,979856,https://www.kugou.com/yy/rank/home/20-8888.html?from=rank
2026-10-03,2026-10-03T13:26:16+08:00,酷狗音乐,热歌榜,酷狗TOP500,2026-10-03,421,命运,家家,,3:51,B149A3BFD19481F91B9A652AA8EA21C1,959745,https://www.kugou.com/yy/rank/home/20-8888.html?from=rank
2026-10-03,2026-10-03T13:26:16+08:00,酷狗音乐,热歌榜,酷狗TOP500,2026-10-03,422,刚刚好,薛之谦,,4:11,956EEC514146039E6D6A16B30DD64A7B,1747549,https://www.kugou.com/yy/rank/home/20-8888.html?from=rank
2026-10-03,2026-10-03T13:26:16+08:00,酷狗音乐,热歌榜,酷狗TOP500,2026-10-03,423,我和我的祖国,华语群星,,4:04,05FBB0D813A09C3454C493482092B189,29535311,https://www.kugou.com/yy/rank/home/20-8888.html?from=rank
2026-10-03,2026-10-03T13:26:16+08:00,酷狗音乐,热歌榜,酷狗TOP500,2026-10-03,424,夜间巡航 (忧郁版),缘似雨.,,2:22,4666A42F16E05177D254B5AF8367BE46,207701563,https://www.kugou.com/yy/rank/home/20-8888.html?from=rank
2026-10-03,2026-10-03T13:26:16+08:00,酷狗音乐,热歌榜,酷狗TOP500,2026-10-03,425,如果这就是爱情,张靓颖,,4:43,4E871DF1E2034CF6BAAD7B03D2386058,2597425,https://www.kugou.com/yy/rank/home/20-8888.html?from=rank
2026-10-03,2026-10-03T13:26:16+08:00,酷狗音乐,热歌榜,酷狗TOP500,2026-10-03,426,我们的时光,赵雷,,4:31,84EA1667187279849794A9CC96FA0D27,963934,https://www.kugou.com/yy/rank/home/20-8888.html?from=rank
2026-10-03,2026-10-03T13:26:16+08:00,酷狗音乐,热歌榜,酷狗TOP500,2026-10-03,427,故乡,许巍,,5:14,9EFC9C93AB181E42113F226DFCFA454D,971568,https://www.kugou.com/yy/rank/home/20-8888.html?from=rank
2026-10-03,2026-10-03T13:26:16+08:00,酷狗音乐,热歌榜,酷狗TOP500,2026-10-03,428,游京 (我走在风雪中)(长征版),星火社,,3:22,7D76A1AA234CF4030BE3F4B023E4ADC4,201282995,https://www.kugou.com/yy/rank/home/20-8888.html?from=rank
2026-10-03,2026-10-03T13:26:16+08:00,酷狗音乐,热歌榜,酷狗TOP500,2026-10-03,429,悬溺,葛东琪,,3:17,666484E904A54B1E62C9FBFDBE6E2563,23773597,https://www.kugou.com/yy/rank/home/20-8888.html?from=rank
2026-10-03,2026-10-03T13:26:16+08:00,酷狗音乐,热歌榜,酷狗TOP500,2026-10-03,430,我太笨,锤娜丽莎,,4:25,A5D4F40382C0DF1A95A48A617793F03E,46432417,https://www.kugou.com/yy/rank/home/20-8888.html?from=rank
2026-10-03,2026-10-03T13:26:16+08:00,酷狗音乐,热歌榜,酷狗TOP500,2026-10-03,431,那些你很冒险的梦,林俊杰,,4:05,468A823BD25A585841F4BC5ED3EF945B,977237,https://www.kugou.com/yy/rank/home/20-8888.html?from=rank
2026-10-03,2026-10-03T13:26:16+08:00,酷狗音乐,热歌榜,酷狗TOP500,2026-10-03,432,九张机,叶炫清,,3:40,8D82C3340BACF5AA3C763C4910557316,2759902,https://www.kugou.com/yy/rank/home/20-8888.html?from=rank
2026-10-03,2026-10-03T13:26:16+08:00,酷狗音乐,热歌榜,酷狗TOP500,2026-10-03,433,岸边客,夏子航（2603）,,4:32,E87EEB7804D4708714E6C38DE1F8E649,161846818,https://www.kugou.com/yy/rank/home/20-8888.html?from=rank
2026-10-03,2026-10-03T13:26:16+08:00,酷狗音乐,热歌榜,酷狗TOP500,2026-10-03,434,月光,胡彦斌,,4:32,3ED31D9A5C8B2F28529E69E8B17DFEA3,7547355,https://www.kugou.com/yy/rank/home/20-8888.html?from=rank
2026-10-03,2026-10-03T13:26:16+08:00,酷狗音乐,热歌榜,酷狗TOP500,2026-10-03,435,逆流成河,金南玲,,2:05,F12381673024C26DF3CC2589AA52987F,976591,https://www.kugou.com/yy/rank/home/20-8888.html?from=rank
2026-10-03,2026-10-03T13:26:16+08:00,酷狗音乐,热歌榜,酷狗TOP500,2026-10-03,436,Copines,Aya Nakamura,,2:52,1CDA977A7FC0BCCC23BC7DF4D0194389,39155596,https://www.kugou.com/yy/rank/home/20-8888.html?from=rank
2026-10-03,2026-10-03T13:26:16+08:00,酷狗音乐,热歌榜,酷狗TOP500,2026-10-03,437,浪漫樱花 (Psy Bounce)(猛Remix),猛弟/邹子寒,,3:10,67A7C495801ED718C2AD1D844AC82BF9,209416548,https://www.kugou.com/yy/rank/home/20-8888.html?from=rank
2026-10-03,2026-10-03T13:26:16+08:00,酷狗音乐,热歌榜,酷狗TOP500,2026-10-03,438,雀跃,任然、小来,,3:56,F928CB7A772F8A6214EEAEB21FA310D8,2820318,https://www.kugou.com/yy/rank/home/20-8888.html?from=rank
2026-10-03,2026-10-03T13:26:16+08:00,酷狗音乐,热歌榜,酷狗TOP500,2026-10-03,439,一生中最爱,谭咏麟,,4:19,360AD5530A95B8983E2AB369607A7D1B,960008,https://www.kugou.com/yy/rank/home/20-8888.html?from=rank
2026-10-03,2026-10-03T13:26:16+08:00,酷狗音乐,热歌榜,酷狗TOP500,2026-10-03,440,左转灯 (1000 Times +1),派伟俊、mac ova seas,,3:17,E51ABAF534E7D2BA42DB5604421D4838,164658305,https://www.kugou.com/yy/rank/home/20-8888.html?from=rank
2026-10-03,2026-10-03T13:26:16+08:00,酷狗音乐,热歌榜,酷狗TOP500,2026-10-03,441,嘉宾,张远,,5:34,96D0DEFE09DFE43C57EE9AC3B1EA408E,39699796,https://www.kugou.com/yy/rank/home/21-8888.html?from=rank
2026-10-03,2026-10-03T13:26:16+08:00,酷狗音乐,热歌榜,酷狗TOP500,2026-10-03,442,夏天的风,温岚,,4:01,33431BA8C2FB438ED064AE5DEEB2985F,2997111,https://www.kugou.com/yy/rank/home/21-8888.html?from=rank
2026-10-03,2026-10-03T13:26:16+08:00,酷狗音乐,热歌榜,酷狗TOP500,2026-10-03,443,再见只是陌生人,庄心妍,,4:12,67F2E5F1B47C2B86E201518FD24D9831,556403,https://www.kugou.com/yy/rank/home/21-8888.html?from=rank
2026-10-03,2026-10-03T13:26:16+08:00,酷狗音乐,热歌榜,酷狗TOP500,2026-10-03,444,男孩 (Live),梁博,,5:12,7888BA9869F728304E06047048137CDD,1985016,https://www.kugou.com/yy/rank/home/21-8888.html?from=rank
2026-10-03,2026-10-03T13:26:16+08:00,酷狗音乐,热歌榜,酷狗TOP500,2026-10-03,445,我想念,汪苏泷,,3:45,A6545AABFE93C5495BA8ADB2A555B84F,76163380,https://www.kugou.com/yy/rank/home/21-8888.html?from=rank
2026-10-03,2026-10-03T13:26:16+08:00,酷狗音乐,热歌榜,酷狗TOP500,2026-10-03,446,渐冷 (r&b微醺版),落日微醺,,4:04,3AE15B1422C36C6C0BCE88CFBA92C7DC,195834507,https://www.kugou.com/yy/rank/home/21-8888.html?from=rank
2026-10-03,2026-10-03T13:26:16+08:00,酷狗音乐,热歌榜,酷狗TOP500,2026-10-03,447,无赖,郑中基,,4:04,1C8DCCD42F3FA29BB2878E20C90281E3,7547818,https://www.kugou.com/yy/rank/home/21-8888.html?from=rank
2026-10-03,2026-10-03T13:26:16+08:00,酷狗音乐,热歌榜,酷狗TOP500,2026-10-03,448,莫忙,乡野低频,,3:00,CF77A3DEE3D707DD355FC0CA3F78FBE5,203395383,https://www.kugou.com/yy/rank/home/21-8888.html?from=rank
2026-10-03,2026-10-03T13:26:16+08:00,酷狗音乐,热歌榜,酷狗TOP500,2026-10-03,449,情非得已,庾澄庆,,4:34,9531137EBFDCCB82120BFB972146724F,969314,https://www.kugou.com/yy/rank/home/21-8888.html?from=rank
2026-10-03,2026-10-03T13:26:16+08:00,酷狗音乐,热歌榜,酷狗TOP500,2026-10-03,450,冷雨夜,BEYOND,,4:19,34721C6BD44CB5F92BF3E4150AE3B5F1,976137,https://www.kugou.com/yy/rank/home/21-8888.html?from=rank
2026-10-03,2026-10-03T13:26:16+08:00,酷狗音乐,热歌榜,酷狗TOP500,2026-10-03,451,朋友的酒,李晓杰、玉萨,,4:22,67D5EF87795797D3BFE6A8C21013F552,573413,https://www.kugou.com/yy/rank/home/21-8888.html?from=rank
2026-10-03,2026-10-03T13:26:16+08:00,酷狗音乐,热歌榜,酷狗TOP500,2026-10-03,452,大眠,王心凌,,4:00,A7FABF26BF07963E8BFB7705DBB503FC,13487578,https://www.kugou.com/yy/rank/home/21-8888.html?from=rank
2026-10-03,2026-10-03T13:26:16+08:00,酷狗音乐,热歌榜,酷狗TOP500,2026-10-03,453,不如见一面,海来阿木,,4:08,A8CC7F0EA73DE4DE226B26C3F44DD563,80038154,https://www.kugou.com/yy/rank/home/21-8888.html?from=rank
2026-10-03,2026-10-03T13:26:16+08:00,酷狗音乐,热歌榜,酷狗TOP500,2026-10-03,454,突然好想你,五月天,,4:26,CF67FCE66C4F54823FDFCBD529797552,976965,https://www.kugou.com/yy/rank/home/21-8888.html?from=rank
2026-10-03,2026-10-03T13:26:16+08:00,酷狗音乐,热歌榜,酷狗TOP500,2026-10-03,455,你的承诺,海鸣威,,3:53,9F08ECA9AE8E5EE2432E37FF914B95DE,490417,https://www.kugou.com/yy/rank/home/21-8888.html?from=rank
2026-10-03,2026-10-03T13:26:16+08:00,酷狗音乐,热歌榜,酷狗TOP500,2026-10-03,456,爱从没有结束,陆尘,,3:47,11C77D52321842A12F338AFE0FD46F95,208449083,https://www.kugou.com/yy/rank/home/21-8888.html?from=rank
2026-10-03,2026-10-03T13:26:16+08:00,酷狗音乐,热歌榜,酷狗TOP500,2026-10-03,457,有风的日落,万海东,,3:49,94774F06E73EF9ABD739423E1A414593,181906094,https://www.kugou.com/yy/rank/home/21-8888.html?from=rank
2026-10-03,2026-10-03T13:26:16+08:00,酷狗音乐,热歌榜,酷狗TOP500,2026-10-03,458,互删 (我走以后),江辰,,3:31,94A0B604F7D4BC7C2338C38D10A2AF1C,204994142,https://www.kugou.com/yy/rank/home/21-8888.html?from=rank
2026-10-03,2026-10-03T13:26:16+08:00,酷狗音乐,热歌榜,酷狗TOP500,2026-10-03,459,推开世界的门,杨乃文,,4:42,6B5A905C8904FD4A23D255DA1B5592C9,1803972,https://www.kugou.com/yy/rank/home/21-8888.html?from=rank
2026-10-03,2026-10-03T13:26:16+08:00,酷狗音乐,热歌榜,酷狗TOP500,2026-10-03,460,倘若你爱一人,王唯旖,,3:57,452F7E058B44E2229B59A693E9AD3524,198657446,https://www.kugou.com/yy/rank/home/21-8888.html?from=rank
2026-10-03,2026-10-03T13:26:16+08:00,酷狗音乐,热歌榜,酷狗TOP500,2026-10-03,461,只为你着迷,李秉成,,4:01,C2F47FB042D8FE6A2B5265DFCF8919A5,11795396,https://www.kugou.com/yy/rank/home/21-8888.html?from=rank
2026-10-03,2026-10-03T13:26:16+08:00,酷狗音乐,热歌榜,酷狗TOP500,2026-10-03,462,Love Story,Taylor Swift,,3:56,193B72D4456A4CC02A3DE7C673FC4E23,13721135,https://www.kugou.com/yy/rank/home/21-8888.html?from=rank
2026-10-03,2026-10-03T13:26:16+08:00,酷狗音乐,热歌榜,酷狗TOP500,2026-10-03,463,默,那英,,5:26,E154060676D6BDFEF0AF092E64492D6F,547706,https://www.kugou.com/yy/rank/home/22-8888.html?from=rank
2026-10-03,2026-10-03T13:26:16+08:00,酷狗音乐,热歌榜,酷狗TOP500,2026-10-03,464,The Other Side Of Paradise (天堂彼岸)(Explicit),Glass Animals,,5:21,222314858D998CCDDD4BF0B7BAF2F5A2,47764102,https://www.kugou.com/yy/rank/home/22-8888.html?from=rank
2026-10-03,2026-10-03T13:26:16+08:00,酷狗音乐,热歌榜,酷狗TOP500,2026-10-03,465,你要的全拿走,胡彦斌,,4:59,489E4872BD06E51C969AE81748E78A10,8317330,https://www.kugou.com/yy/rank/home/22-8888.html?from=rank
2026-10-03,2026-10-03T13:26:16+08:00,酷狗音乐,热歌榜,酷狗TOP500,2026-10-03,466,晚风心里吹,阿梨粤,,3:07,DFFB8F6768AC5044881BB6DD11BDED53,55808898,https://www.kugou.com/yy/rank/home/22-8888.html?from=rank
2026-10-03,2026-10-03T13:26:16+08:00,酷狗音乐,热歌榜,酷狗TOP500,2026-10-03,467,曹操,林俊杰,,4:02,E5CC5B3EFAF927A85B97EDADD3266239,977396,https://www.kugou.com/yy/rank/home/22-8888.html?from=rank
2026-10-03,2026-10-03T13:26:16+08:00,酷狗音乐,热歌榜,酷狗TOP500,2026-10-03,468,天亮以前说再见,何野,,4:00,18E9FC6CF97258B75D090188EDBAE95B,11792318,https://www.kugou.com/yy/rank/home/22-8888.html?from=rank
2026-10-03,2026-10-03T13:26:16+08:00,酷狗音乐,热歌榜,酷狗TOP500,2026-10-03,469,Fast Cars & Superstars,Cristian Marchi、Reverend Haus,,2:52,9EA177A8A77A9E31B164F6BDA20D4776,81561846,https://www.kugou.com/yy/rank/home/22-8888.html?from=rank
2026-10-03,2026-10-03T13:26:16+08:00,酷狗音乐,热歌榜,酷狗TOP500,2026-10-03,470,搀扶,马健涛,,5:28,D95AE3CC810BB62D28505AE1510C329F,130332417,https://www.kugou.com/yy/rank/home/22-8888.html?from=rank
2026-10-03,2026-10-03T13:26:16+08:00,酷狗音乐,热歌榜,酷狗TOP500,2026-10-03,471,漂洋过海来看你,刘明湘,,4:59,1A8FC548D34377622017AAEF1C6418FD,1791001,https://www.kugou.com/yy/rank/home/22-8888.html?from=rank
2026-10-03,2026-10-03T13:26:16+08:00,酷狗音乐,热歌榜,酷狗TOP500,2026-10-03,472,一路生花,温奕心,,4:16,4F18553F2AF06E355AD75A5EE6173456,45305792,https://www.kugou.com/yy/rank/home/22-8888.html?from=rank
2026-10-03,2026-10-03T13:26:16+08:00,酷狗音乐,热歌榜,酷狗TOP500,2026-10-03,473,Because of You,Kelly Clarkson,,3:39,FED9A7BE6BC7D2FF3B8426ECEF34A2B6,1592158,https://www.kugou.com/yy/rank/home/22-8888.html?from=rank
2026-10-03,2026-10-03T13:26:16+08:00,酷狗音乐,热歌榜,酷狗TOP500,2026-10-03,474,追光者,岑宁儿,,3:56,03F818EF5B72D16F65BD6298FB99B440,2706911,https://www.kugou.com/yy/rank/home/22-8888.html?from=rank
2026-10-03,2026-10-03T13:26:16+08:00,酷狗音乐,热歌榜,酷狗TOP500,2026-10-03,475,孤独患者,陈奕迅,,4:34,72A9BB44569890399978A49D631DF310,530848,https://www.kugou.com/yy/rank/home/22-8888.html?from=rank
2026-10-03,2026-10-03T13:26:16+08:00,酷狗音乐,热歌榜,酷狗TOP500,2026-10-03,476,可能,程响,,3:37,38B234C1135A5E9A4C98D55C058A4894,57727291,https://www.kugou.com/yy/rank/home/22-8888.html?from=rank
2026-10-03,2026-10-03T13:26:16+08:00,酷狗音乐,热歌榜,酷狗TOP500,2026-10-03,477,病态的爱 (忘不掉你带给我的吻),哈利白特、Zkaaai,,3:21,AA92A86A3BEF25416ADD03573FBBDEEE,133804191,https://www.kugou.com/yy/rank/home/22-8888.html?from=rank
2026-10-03,2026-10-03T13:26:16+08:00,酷狗音乐,热歌榜,酷狗TOP500,2026-10-03,478,听说你,于冬然,,3:59,D74845DF9E5EB016BFC5FC86F639CA49,58983593,https://www.kugou.com/yy/rank/home/22-8888.html?from=rank
2026-10-03,2026-10-03T13:26:16+08:00,酷狗音乐,热歌榜,酷狗TOP500,2026-10-03,479,迷人的危险,Dance Flow,,3:26,0F666EF632DB9404308219BE5AAE43B4,551560,https://www.kugou.com/yy/rank/home/22-8888.html?from=rank
2026-10-03,2026-10-03T13:26:16+08:00,酷狗音乐,热歌榜,酷狗TOP500,2026-10-03,480,他不懂,张杰,,3:52,BA40D69184A05D7BCD335028C5C613BE,38606351,https://www.kugou.com/yy/rank/home/22-8888.html?from=rank
2026-10-03,2026-10-03T13:26:16+08:00,酷狗音乐,热歌榜,酷狗TOP500,2026-10-03,481,不要忘记我爱你,张碧晨,,3:45,C8EBD31EB4B28B4B845119637D90C58D,17022285,https://www.kugou.com/yy/rank/home/22-8888.html?from=rank
2026-10-03,2026-10-03T13:26:16+08:00,酷狗音乐,热歌榜,酷狗TOP500,2026-10-03,482,春庭雪 (r&b微醺版),落日微醺,,3:44,34F0A836850778DA37190AA74ED2A06E,195834505,https://www.kugou.com/yy/rank/home/22-8888.html?from=rank
2026-10-03,2026-10-03T13:26:16+08:00,酷狗音乐,热歌榜,酷狗TOP500,2026-10-03,483,BASS超重低音DJ,Camellia、Jellyrose,,5:06,45FB9D9F16B992CDBA100048A8E47C36,205155830,https://www.kugou.com/yy/rank/home/22-8888.html?from=rank
2026-10-03,2026-10-03T13:26:16+08:00,酷狗音乐,热歌榜,酷狗TOP500,2026-10-03,484,忘了没有,王靖雯,,4:17,BBC2F58FA16CA6ED4D3F672818EBC363,40646352,https://www.kugou.com/yy/rank/home/22-8888.html?from=rank
2026-10-03,2026-10-03T13:26:16+08:00,酷狗音乐,热歌榜,酷狗TOP500,2026-10-03,485,谦让,王靖雯,,4:07,C9BE6B3B0E04E9AEB8CDA9568C8B7EE4,96383965,https://www.kugou.com/yy/rank/home/23-8888.html?from=rank
2026-10-03,2026-10-03T13:26:16+08:00,酷狗音乐,热歌榜,酷狗TOP500,2026-10-03,486,左手指月,萨顶顶,,3:51,EBCCDE59F97BC06183F3B1A8502B7479,22191384,https://www.kugou.com/yy/rank/home/23-8888.html?from=rank
2026-10-03,2026-10-03T13:26:16+08:00,酷狗音乐,热歌榜,酷狗TOP500,2026-10-03,487,土坡上的狗尾草,卢润泽,,3:15,5E40742110D3DB109A22BDB1012C6EBB,104913971,https://www.kugou.com/yy/rank/home/23-8888.html?from=rank
2026-10-03,2026-10-03T13:26:16+08:00,酷狗音乐,热歌榜,酷狗TOP500,2026-10-03,488,刚好遇见你,李玉刚,,3:20,58B004C56B6AB6CE1CA3C1E8C6781D0E,1820033,https://www.kugou.com/yy/rank/home/23-8888.html?from=rank
2026-10-03,2026-10-03T13:26:16+08:00,酷狗音乐,热歌榜,酷狗TOP500,2026-10-03,489,当爱在靠近,刘若英,,4:11,D988B9B4B769D979279D4AC9E84907F1,978209,https://www.kugou.com/yy/rank/home/23-8888.html?from=rank
2026-10-03,2026-10-03T13:26:16+08:00,酷狗音乐,热歌榜,酷狗TOP500,2026-10-03,490,匆匆那年,王菲,,4:00,08519C4B628FCC6292A46A508E11DFA2,4139345,https://www.kugou.com/yy/rank/home/23-8888.html?from=rank
2026-10-03,2026-10-03T13:26:16+08:00,酷狗音乐,热歌榜,酷狗TOP500,2026-10-03,491,你不知道的事,王力宏,,4:39,3722EE8644818A260FD8AF3A173D71C3,982128,https://www.kugou.com/yy/rank/home/23-8888.html?from=rank
2026-10-03,2026-10-03T13:26:16+08:00,酷狗音乐,热歌榜,酷狗TOP500,2026-10-03,492,我必须美好,君铭文化,,4:30,2629C3FC1AFAEF8A068B0A3059BE33A3,193235563,https://www.kugou.com/yy/rank/home/23-8888.html?from=rank
2026-10-03,2026-10-03T13:26:16+08:00,酷狗音乐,热歌榜,酷狗TOP500,2026-10-03,493,背着风流泪,文夫,,4:14,93313560CDE28F74AA7D2894E3C4D7F7,146986506,https://www.kugou.com/yy/rank/home/23-8888.html?from=rank
2026-10-03,2026-10-03T13:26:16+08:00,酷狗音乐,热歌榜,酷狗TOP500,2026-10-03,494,闭目入神,郑中基,,3:36,386EF80136EFD753F8C9CD75D18159C3,7547818,https://www.kugou.com/yy/rank/home/23-8888.html?from=rank
2026-10-03,2026-10-03T13:26:16+08:00,酷狗音乐,热歌榜,酷狗TOP500,2026-10-03,495,莫问归期,蒋雪儿Snow.J,,3:39,F0E418FB19E8D295D0F78E50AE3B7E30,27453193,https://www.kugou.com/yy/rank/home/23-8888.html?from=rank
2026-10-03,2026-10-03T13:26:16+08:00,酷狗音乐,热歌榜,酷狗TOP500,2026-10-03,496,独角戏,许茹芸,,4:37,59A58ADD9C4F4EECA6B20F3A1A04E956,973658,https://www.kugou.com/yy/rank/home/23-8888.html?from=rank
2026-10-03,2026-10-03T13:26:16+08:00,酷狗音乐,热歌榜,酷狗TOP500,2026-10-03,497,阿果吉曲,海来阿木,,3:46,BE6EC122324469AC0021347015971314,8320816,https://www.kugou.com/yy/rank/home/23-8888.html?from=rank
2026-10-03,2026-10-03T13:26:16+08:00,酷狗音乐,热歌榜,酷狗TOP500,2026-10-03,498,去年夏天,王大毛,,4:05,5CD03A78A74761494A39CADFAA832550,8542577,https://www.kugou.com/yy/rank/home/23-8888.html?from=rank
2026-10-03,2026-10-03T13:26:16+08:00,酷狗音乐,热歌榜,酷狗TOP500,2026-10-03,499,云裳羽衣曲,周深,,4:57,351883FF1397DB5342D24F4835DC6C3E,8668128,https://www.kugou.com/yy/rank/home/23-8888.html?from=rank
2026-10-03,2026-10-03T13:26:16+08:00,酷狗音乐,热歌榜,酷狗TOP500,2026-10-03,500,偏向,陈子晴,,3:06,8C75BDF9AA0370D34E43A0DF1430020E,41687570,https://www.kugou.com/yy/rank/home/23-8888.html?from=rank
2026-10-03,2026-10-03T13:26:16+08:00,酷狗音乐,飙升榜,酷狗飙升榜,2026-10-03,1,我们在场,周深、王者荣耀,,3:20,AE1E9503424BD9581A1F9CC5760E907D,209454115,https://www.kugou.com/yy/rank/home/1-6666.html?from=rank
2026-10-03,2026-10-03T13:26:16+08:00,酷狗音乐,飙升榜,酷狗飙升榜,2026-10-03,2,我和我的祖国,肖战,,3:52,D8C151E402B8672759F76B7F80BF5FF5,209568315,https://www.kugou.com/yy/rank/home/1-6666.html?from=rank
2026-10-03,2026-10-03T13:26:16+08:00,酷狗音乐,飙升榜,酷狗飙升榜,2026-10-03,3,田里的庄稼 (谁偷走了我的年华),宋盐球,,3:52,3DCA58B8763B0B7AA7114FD42FF72C1A,208303500,https://www.kugou.com/yy/rank/home/1-6666.html?from=rank
2026-10-03,2026-10-03T13:26:16+08:00,酷狗音乐,飙升榜,酷狗飙升榜,2026-10-03,4,Solace Feat. Emily Vaughn,Vicetone、Emily Vaughn,,2:46,DD77025C93988731931FA9B8F224BC79,209776048,https://www.kugou.com/yy/rank/home/1-6666.html?from=rank
2026-10-03,2026-10-03T13:26:16+08:00,酷狗音乐,飙升榜,酷狗飙升榜,2026-10-03,5,牡丹亭,一只白羊,,3:00,DA874226585CA9B598DC246F9947CA2B,209588809,https://www.kugou.com/yy/rank/home/1-6666.html?from=rank
2026-10-03,2026-10-03T13:26:16+08:00,酷狗音乐,飙升榜,酷狗飙升榜,2026-10-03,6,龙腾东方,云朵,,3:21,9A3469E07A8F5B29F3184CA69819C64D,209304946,https://www.kugou.com/yy/rank/home/1-6666.html?from=rank
2026-10-03,2026-10-03T13:26:16+08:00,酷狗音乐,飙升榜,酷狗飙升榜,2026-10-03,7,技能照亮前程,张靓颖、黄子弘凡,,4:38,2DC31EB5383493CD9B1724486022D393,209534925,https://www.kugou.com/yy/rank/home/1-6666.html?from=rank
2026-10-03,2026-10-03T13:26:16+08:00,酷狗音乐,飙升榜,酷狗飙升榜,2026-10-03,8,越,孙楠、满江、郭晓东、李光洁、小沈阳、余文乐、王传君、张睿、王啸坤、曹骏、阿云嘎、艾热AIR、张彬彬、陈若轩、王以太、唐九洲、王赫野、曾辉、姚琛、米卡、管健嘉晨、颜安、POLARIX-邵子恒,,4:19,4A2546D56B9711B2CDD6750DB055A27A,209850170,https://www.kugou.com/yy/rank/home/1-6666.html?from=rank
2026-10-03,2026-10-03T13:26:16+08:00,酷狗音乐,飙升榜,酷狗飙升榜,2026-10-03,9,风之谷 (live),汪小敏、冯允谦、江信熹、陈慧敏、欧阳日华,,3:04,5D499FCE4802AF79581F00B1CCA8491F,209785494,https://www.kugou.com/yy/rank/home/1-6666.html?from=rank
2026-10-03,2026-10-03T13:26:16+08:00,酷狗音乐,飙升榜,酷狗飙升榜,2026-10-03,10,一直很安静,袁小葳,,3:21,D15D0390A0BAE6E5890CA863F66C0A1A,209574668,https://www.kugou.com/yy/rank/home/1-6666.html?from=rank
2026-10-03,2026-10-03T13:26:16+08:00,酷狗音乐,飙升榜,酷狗飙升榜,2026-10-03,11,秋风一吹又老一岁 (烟嗓版),烟嗓船长,,3:03,273FDF37B3B18A443C4398C19993EC90,206655582,https://www.kugou.com/yy/rank/home/1-6666.html?from=rank
2026-10-03,2026-10-03T13:26:16+08:00,酷狗音乐,飙升榜,酷狗飙升榜,2026-10-03,12,与你相拥,烟嗓船长,,3:40,C26C474E33D61CF486C5F01136BAA09B,209785108,https://www.kugou.com/yy/rank/home/1-6666.html?from=rank
2026-10-03,2026-10-03T13:26:16+08:00,酷狗音乐,飙升榜,酷狗飙升榜,2026-10-03,13,悲喜自渡 (烟嗓女版),正在进行石女士,,4:29,8CB1D4FCE4194CC7983445E47A79055C,193827449,https://www.kugou.com/yy/rank/home/1-6666.html?from=rank
2026-10-03,2026-10-03T13:26:16+08:00,酷狗音乐,飙升榜,酷狗飙升榜,2026-10-03,14,忘了怎么天晴,陈宇祥,,3:44,7377A04DA9E8486BFB52D798D5DBCE8F,208583056,https://www.kugou.com/yy/rank/home/1-6666.html?from=rank
2026-10-03,2026-10-03T13:26:16+08:00,酷狗音乐,飙升榜,酷狗飙升榜,2026-10-03,15,诡面问心,萨顶顶,,3:31,2628EAA729B9205A331AD956D9951218,209565360,https://www.kugou.com/yy/rank/home/1-6666.html?from=rank
2026-10-03,2026-10-03T13:26:16+08:00,酷狗音乐,飙升榜,酷狗飙升榜,2026-10-03,16,Bye Bye Inhibitions,Alok、NAYEON (TWICE)、TWICE,,2:26,809EDB937F06DD5C2B3CC2718C6F9D56,209574982,https://www.kugou.com/yy/rank/home/1-6666.html?from=rank
2026-10-03,2026-10-03T13:26:16+08:00,酷狗音乐,飙升榜,酷狗飙升榜,2026-10-03,17,等你再出现 (不是所有的付出都有回报),刘纯、ทิดแอม,,3:18,B227196DF29415F0E732ADC97D303BA1,209660681,https://www.kugou.com/yy/rank/home/1-6666.html?from=rank
2026-10-03,2026-10-03T13:26:16+08:00,酷狗音乐,飙升榜,酷狗飙升榜,2026-10-03,18,我知我,阿卜,,3:25,92E856367679EFAFA2918F19B9BEC278,209417665,https://www.kugou.com/yy/rank/home/1-6666.html?from=rank
2026-10-03,2026-10-03T13:26:16+08:00,酷狗音乐,飙升榜,酷狗飙升榜,2026-10-03,19,照亮 (Live),刘宇宁,,3:53,04D6DB8418BB3477DF55ECF74C635FFB,209586435,https://www.kugou.com/yy/rank/home/1-6666.html?from=rank
2026-10-03,2026-10-03T13:26:16+08:00,酷狗音乐,飙升榜,酷狗飙升榜,2026-10-03,20,山风山风等等我 (国粤合唱),老韩很哇塞、王超然、火程程,,3:29,2288F2053C655FE361C5A6C02445A498,209567456,https://www.kugou.com/yy/rank/home/1-6666.html?from=rank
2026-10-03,2026-10-03T13:26:16+08:00,酷狗音乐,飙升榜,酷狗飙升榜,2026-10-03,21,杀死我的孤独 (爱意永不落幕live现场大合唱版),7past、7pastes,,3:17,0C1A898899088DCF9D0C32AFE70960BF,209646777,https://www.kugou.com/yy/rank/home/1-6666.html?from=rank
2026-10-03,2026-10-03T13:26:16+08:00,酷狗音乐,飙升榜,酷狗飙升榜,2026-10-03,22,从此两清,何欢浪,,3:53,3F2CCC10311BF196BC5CECCD849F75E8,209763838,https://www.kugou.com/yy/rank/home/1-6666.html?from=rank
2026-10-03,2026-10-03T13:26:16+08:00,酷狗音乐,飙升榜,酷狗飙升榜,2026-10-03,23,不在场,冯允谦,,3:36,706F80E62AB5B5A05D1E80C23CD60475,209770502,https://www.kugou.com/yy/rank/home/2-6666.html?from=rank
2026-10-03,2026-10-03T13:26:16+08:00,酷狗音乐,飙升榜,酷狗飙升榜,2026-10-03,24,十月风十月雨,鱼精,,3:25,57CB4D5BD38D556A8908C981EF359B0E,209702255,https://www.kugou.com/yy/rank/home/2-6666.html?from=rank
2026-10-03,2026-10-03T13:26:16+08:00,酷狗音乐,飙升榜,酷狗飙升榜,2026-10-03,25,绝不会放过,烟嗓船长,,4:13,F6F143CC42A12FF953D3D168E6820F6D,209785133,https://www.kugou.com/yy/rank/home/2-6666.html?from=rank
2026-10-03,2026-10-03T13:26:16+08:00,酷狗音乐,飙升榜,酷狗飙升榜,2026-10-03,26,你走了情断了 (合唱版),清唯、丁小婉、鸟叔,,3:32,0D0F5646E4DE1A16FDF8B61E297A8669,209726844,https://www.kugou.com/yy/rank/home/2-6666.html?from=rank
2026-10-03,2026-10-03T13:26:16+08:00,酷狗音乐,飙升榜,酷狗飙升榜,2026-10-03,27,Let's Meet Again,Imazee,,3:32,2A98209045EA960EB081AE198208ABF2,209778407,https://www.kugou.com/yy/rank/home/2-6666.html?from=rank
2026-10-03,2026-10-03T13:26:16+08:00,酷狗音乐,飙升榜,酷狗飙升榜,2026-10-03,28,不要告诉别人你多难过 (温柔女版),方茹茹,,3:13,065A9F796728F986DBF79A8DFD036D7B,209653274,https://www.kugou.com/yy/rank/home/2-6666.html?from=rank
2026-10-03,2026-10-03T13:26:16+08:00,酷狗音乐,飙升榜,酷狗飙升榜,2026-10-03,29,菩提树下我无怨无悔 (菩提树下许无悔),烟嗓老坂,,2:50,64404F637E29F92A19BBD1217F290EEB,184438210,https://www.kugou.com/yy/rank/home/2-6666.html?from=rank
2026-10-03,2026-10-03T13:26:16+08:00,酷狗音乐,飙升榜,酷狗飙升榜,2026-10-03,30,我撞了爱情的铁南墙,AZ珍珍,,3:31,E84E7659A1487EAF9E41C2489846F9F0,209700541,https://www.kugou.com/yy/rank/home/2-6666.html?from=rank
2026-10-03,2026-10-03T13:26:16+08:00,酷狗音乐,飙升榜,酷狗飙升榜,2026-10-03,31,再爱也是无结局 (合唱版),豆豆吃不饱、高杰,,4:21,320980892C91A55BDE30C0E104904795,208026821,https://www.kugou.com/yy/rank/home/2-6666.html?from=rank
2026-10-03,2026-10-03T13:26:16+08:00,酷狗音乐,飙升榜,酷狗飙升榜,2026-10-03,32,我撞了爱情的铁南墙,许丽静,,3:31,2430FD31249D9E9BEAD390276731FD6D,209700692,https://www.kugou.com/yy/rank/home/2-6666.html?from=rank
2026-10-03,2026-10-03T13:26:16+08:00,酷狗音乐,飙升榜,酷狗飙升榜,2026-10-03,33,有始无终,大壮,,4:03,C862E33317C1829CB83D5F52A82F0317,98141319,https://www.kugou.com/yy/rank/home/2-6666.html?from=rank
2026-10-03,2026-10-03T13:26:16+08:00,酷狗音乐,飙升榜,酷狗飙升榜,2026-10-03,34,秋色渐深人渐远 (过期),DJ铁柱、DJ小吊带,,3:04,62AA905C243D7B96789AFFBE846521CA,209677049,https://www.kugou.com/yy/rank/home/2-6666.html?from=rank
2026-10-03,2026-10-03T13:26:16+08:00,酷狗音乐,飙升榜,酷狗飙升榜,2026-10-03,35,立潮头,白举纲、蒋敦豪,,3:33,1C5D536B9F9006255278CB4FBEE70BD3,209568365,https://www.kugou.com/yy/rank/home/2-6666.html?from=rank
2026-10-03,2026-10-03T13:26:16+08:00,酷狗音乐,飙升榜,酷狗飙升榜,2026-10-03,36,挚友,CHECKYHON,,3:04,82241F89ADACF4CD0FA71697D8E9DDA6,209829131,https://www.kugou.com/yy/rank/home/2-6666.html?from=rank
2026-10-03,2026-10-03T13:26:16+08:00,酷狗音乐,飙升榜,酷狗飙升榜,2026-10-03,37,我的世界你曾来过,张梦弘,,3:51,1B6C507E7FCF7A1A0113111FB4487A1E,158795697,https://www.kugou.com/yy/rank/home/2-6666.html?from=rank
2026-10-03,2026-10-03T13:26:16+08:00,酷狗音乐,飙升榜,酷狗飙升榜,2026-10-03,38,梁山伯与茱丽叶 (粤语甜蜜版),励志豪、神勇尼尼,,3:12,43134F9A6EEF007B1889E27E0F15F7FF,209646586,https://www.kugou.com/yy/rank/home/2-6666.html?from=rank
2026-10-03,2026-10-03T13:26:16+08:00,酷狗音乐,飙升榜,酷狗飙升榜,2026-10-03,39,不要问我好不好 (成年人的体面live版),Allie艾梨、方振涛,,3:17,29ED4C1A930DCD7066473C788CF512DC,209811708,https://www.kugou.com/yy/rank/home/2-6666.html?from=rank
2026-10-03,2026-10-03T13:26:16+08:00,酷狗音乐,飙升榜,酷狗飙升榜,2026-10-03,40,背对背拥抱,林俊杰,,3:55,D3CB60981A747455AE3142C25809051E,975828,https://www.kugou.com/yy/rank/home/2-6666.html?from=rank
2026-10-03,2026-10-03T13:26:16+08:00,酷狗音乐,飙升榜,酷狗飙升榜,2026-10-03,41,心态是最好的风水 (万般烦恼live版),沧桑小杰office,,3:38,A1C00E5D71702AAA26A38808D6CDFAE3,209646908,https://www.kugou.com/yy/rank/home/2-6666.html?from=rank
2026-10-03,2026-10-03T13:26:16+08:00,酷狗音乐,飙升榜,酷狗飙升榜,2026-10-03,42,山风不语,伍零五,,2:54,8CA921D7DEB3E847BF2060E557402231,199624105,https://www.kugou.com/yy/rank/home/2-6666.html?from=rank
2026-10-03,2026-10-03T13:26:16+08:00,酷狗音乐,飙升榜,酷狗飙升榜,2026-10-03,43,爱从没有结束,陆尘,,3:47,11C77D52321842A12F338AFE0FD46F95,208449083,https://www.kugou.com/yy/rank/home/2-6666.html?from=rank
2026-10-03,2026-10-03T13:26:16+08:00,酷狗音乐,飙升榜,酷狗飙升榜,2026-10-03,44,终究留不住风拦不住雨,沧桑小杰office,,3:39,35F5ABA764E7B7EF7FFB4B9D4B88B7B6,209830374,https://www.kugou.com/yy/rank/home/2-6666.html?from=rank
2026-10-03,2026-10-03T13:26:16+08:00,酷狗音乐,飙升榜,酷狗飙升榜,2026-10-03,45,真的爱妳,BEYOND,,4:36,68FA269EC0D7A34FBEB8C85C5A1F8057,2539352,https://www.kugou.com/yy/rank/home/3-6666.html?from=rank
2026-10-03,2026-10-03T13:26:16+08:00,酷狗音乐,飙升榜,酷狗飙升榜,2026-10-03,46,又见美丽大草原,洛天依,,4:22,0CCF190246144CB1E7430ECB097B994C,209784845,https://www.kugou.com/yy/rank/home/3-6666.html?from=rank
2026-10-03,2026-10-03T13:26:16+08:00,酷狗音乐,飙升榜,酷狗飙升榜,2026-10-03,47,回首半生几经波澜 (对唱版),庄众、李翠华,,3:11,4678B4FE6F1AF045F7FB0757038BA78A,209561259,https://www.kugou.com/yy/rank/home/3-6666.html?from=rank
2026-10-03,2026-10-03T13:26:16+08:00,酷狗音乐,飙升榜,酷狗飙升榜,2026-10-03,48,如果我们 (可惜这世界没有如果),郑鱼、顾叮当,,4:09,3A862F3BF6D0762BD385F84D8CD3F08A,209518946,https://www.kugou.com/yy/rank/home/3-6666.html?from=rank
2026-10-03,2026-10-03T13:26:16+08:00,酷狗音乐,飙升榜,酷狗飙升榜,2026-10-03,49,想到你又想哭又心疼 (现场版),彭妃妃,,4:04,2F8A9475CEABF47C122CA5DBED75510F,209490983,https://www.kugou.com/yy/rank/home/3-6666.html?from=rank
2026-10-03,2026-10-03T13:26:16+08:00,酷狗音乐,飙升榜,酷狗飙升榜,2026-10-03,50,你怎知我的苦 (致80后倾诉live 大合唱版),沧桑小杰office,,2:29,CE870AAD7D1D8E7C804C624C03EDB16C,209646940,https://www.kugou.com/yy/rank/home/3-6666.html?from=rank
2026-10-03,2026-10-03T13:26:16+08:00,酷狗音乐,飙升榜,酷狗飙升榜,2026-10-03,51,有魅,刘宇宁,,4:02,3DC73A229F132C1051CFEBFC54D9F85A,209503471,https://www.kugou.com/yy/rank/home/3-6666.html?from=rank
2026-10-03,2026-10-03T13:26:16+08:00,酷狗音乐,飙升榜,酷狗飙升榜,2026-10-03,52,梦里人,陈百强,,4:16,6FB45795E37AFB09DE877A8E0A1F3041,209844958,https://www.kugou.com/yy/rank/home/3-6666.html?from=rank
2026-10-03,2026-10-03T13:26:16+08:00,酷狗音乐,飙升榜,酷狗飙升榜,2026-10-03,53,谪仙醉月,伊格赛听、鸣洵,,3:26,27956069B118F07E08E7B44AC60E5763,209673855,https://www.kugou.com/yy/rank/home/3-6666.html?from=rank
2026-10-03,2026-10-03T13:26:16+08:00,酷狗音乐,飙升榜,酷狗飙升榜,2026-10-03,54,弑仙,唐汉霄,,4:28,998ECA8FC05765036E6076DF46DE56A5,84620523,https://www.kugou.com/yy/rank/home/3-6666.html?from=rank
2026-10-03,2026-10-03T13:26:16+08:00,酷狗音乐,飙升榜,酷狗飙升榜,2026-10-03,55,如果回到那从前 (你很特别),刘纯、ทิดแอม,,3:14,6E4604616F46658B627C4A9D0A061F7A,209829268,https://www.kugou.com/yy/rank/home/3-6666.html?from=rank
2026-10-03,2026-10-03T13:26:16+08:00,酷狗音乐,飙升榜,酷狗飙升榜,2026-10-03,56,人生路多酸楚 (现场版),彭妃妃,,4:11,D7EE905F0324037AB6760366C558B1A9,209619753,https://www.kugou.com/yy/rank/home/3-6666.html?from=rank
2026-10-03,2026-10-03T13:26:16+08:00,酷狗音乐,飙升榜,酷狗飙升榜,2026-10-03,57,怎么可能和谁过都一样,李发发,,3:44,5C17FE91618D9066901010CF0A29938A,149492415,https://www.kugou.com/yy/rank/home/3-6666.html?from=rank
2026-10-03,2026-10-03T13:26:16+08:00,酷狗音乐,飙升榜,酷狗飙升榜,2026-10-03,58,默,那英,,5:26,E154060676D6BDFEF0AF092E64492D6F,547706,https://www.kugou.com/yy/rank/home/3-6666.html?from=rank
2026-10-03,2026-10-03T13:26:16+08:00,酷狗音乐,飙升榜,酷狗飙升榜,2026-10-03,59,执迷不悔,王菲,,5:22,13B831B616BAB6651D70FA5CC8FDA139,209844958,https://www.kugou.com/yy/rank/home/3-6666.html?from=rank
2026-10-03,2026-10-03T13:26:16+08:00,酷狗音乐,飙升榜,酷狗飙升榜,2026-10-03,60,鱼玄机,谭维维、魏如萱,,4:17,512A007833ED16705C27A8EC51C90CBD,38817686,https://www.kugou.com/yy/rank/home/3-6666.html?from=rank
2026-10-03,2026-10-03T13:26:16+08:00,酷狗音乐,飙升榜,酷狗飙升榜,2026-10-03,61,爱情有时很残忍 (经典版),王喜（唱歌版）、韩仓,,3:43,2DFC15793E7E5E77744E5D4A849ABF3B,150988551,https://www.kugou.com/yy/rank/home/3-6666.html?from=rank
2026-10-03,2026-10-03T13:26:16+08:00,酷狗音乐,飙升榜,酷狗飙升榜,2026-10-03,62,敬往事杯中沉浮 (善待自己),阿美呀,,3:05,E63D6323DD13F3510898C4C8E47A1FBC,209702828,https://www.kugou.com/yy/rank/home/3-6666.html?from=rank
2026-10-03,2026-10-03T13:26:16+08:00,酷狗音乐,飙升榜,酷狗飙升榜,2026-10-03,63,从前的你给我如今的伤,影子,,3:46,F560AEB9E2F258759D6FE540074F1BAC,185641799,https://www.kugou.com/yy/rank/home/3-6666.html?from=rank
2026-10-03,2026-10-03T13:26:16+08:00,酷狗音乐,飙升榜,酷狗飙升榜,2026-10-03,64,你确定要离开我吗,田园,,4:08,ACAFBC26CE50E1F6B2E3756AB3BDB277,200155851,https://www.kugou.com/yy/rank/home/3-6666.html?from=rank
2026-10-03,2026-10-03T13:26:16+08:00,酷狗音乐,飙升榜,酷狗飙升榜,2026-10-03,65,Jump and Shake,星频 Echo、京仔、律引,,3:05,BCE4851DFE313FC775C7ADF44A69181E,207664106,https://www.kugou.com/yy/rank/home/3-6666.html?from=rank
2026-10-03,2026-10-03T13:26:16+08:00,酷狗音乐,飙升榜,酷狗飙升榜,2026-10-03,66,若问此生所念,洛天依,,3:27,5ED9ADC4393EB29057D73BF26147D138,209619757,https://www.kugou.com/yy/rank/home/3-6666.html?from=rank
2026-10-03,2026-10-03T13:26:16+08:00,酷狗音乐,飙升榜,酷狗飙升榜,2026-10-03,67,第九悲,徐靖雯、屿溪、海绵偶巴,,2:39,900D7E9FD45E1007DCEBC2F84601D5A7,209702569,https://www.kugou.com/yy/rank/home/4-6666.html?from=rank
2026-10-03,2026-10-03T13:26:16+08:00,酷狗音乐,飙升榜,酷狗飙升榜,2026-10-03,68,我在等一个懂我的人 (深情版),糖小小,,3:46,D1DFACDE17091D188055EF9B76B6CC2A,209299701,https://www.kugou.com/yy/rank/home/4-6666.html?from=rank
2026-10-03,2026-10-03T13:26:16+08:00,酷狗音乐,飙升榜,酷狗飙升榜,2026-10-03,69,6:16,刘至佳,,2:23,83825541550517880151B0B6CCB844CC,59257113,https://www.kugou.com/yy/rank/home/4-6666.html?from=rank
2026-10-03,2026-10-03T13:26:16+08:00,酷狗音乐,飙升榜,酷狗飙升榜,2026-10-03,70,红尘误此生,灿哥,,3:48,90C82166E3F9662EF013C5E571B6E88D,209633658,https://www.kugou.com/yy/rank/home/4-6666.html?from=rank
2026-10-03,2026-10-03T13:26:16+08:00,酷狗音乐,飙升榜,酷狗飙升榜,2026-10-03,71,B.O.A.T. (Explicit),Camila Cabello,,2:56,7E6D1569AD19EA0B7CB15323BAD827B2,209800276,https://www.kugou.com/yy/rank/home/4-6666.html?from=rank
2026-10-03,2026-10-03T13:26:16+08:00,酷狗音乐,飙升榜,酷狗飙升榜,2026-10-03,72,喊一声祖国，我热泪盈眶,王思雨,,4:12,9D42182841153AF3F7E0014615C66D19,209695462,https://www.kugou.com/yy/rank/home/4-6666.html?from=rank
2026-10-03,2026-10-03T13:26:16+08:00,酷狗音乐,飙升榜,酷狗飙升榜,2026-10-03,73,草芥的歌,软柿子乐队Soft-Persimmon,,3:27,95A61D64A5AC445843B3A5E1E82CB3A2,209700649,https://www.kugou.com/yy/rank/home/4-6666.html?from=rank
2026-10-03,2026-10-03T13:26:16+08:00,酷狗音乐,飙升榜,酷狗飙升榜,2026-10-03,74,你的冷漠像寒冰碎我心 (深情版),刘书云,,3:35,41B88320B961D331ECC68F83B790FBEC,209589474,https://www.kugou.com/yy/rank/home/4-6666.html?from=rank
2026-10-03,2026-10-03T13:26:16+08:00,酷狗音乐,飙升榜,酷狗飙升榜,2026-10-03,75,爱让我们在一起,小猪佩奇,,2:31,D1CC6C40946BF914F48D50BCF3DB42DF,208701517,https://www.kugou.com/yy/rank/home/4-6666.html?from=rank
2026-10-03,2026-10-03T13:26:16+08:00,酷狗音乐,飙升榜,酷狗飙升榜,2026-10-03,76,奔赴星空 (粤语版),李泳希,,3:26,D2DB10E190C94201FDDD9004F6C7441C,147103944,https://www.kugou.com/yy/rank/home/4-6666.html?from=rank
2026-10-03,2026-10-03T13:26:16+08:00,酷狗音乐,飙升榜,酷狗飙升榜,2026-10-03,77,Passionate (动感节奏版),Ameriie、Zarkoz、He00c,,3:33,AF9FCA58746701B00391F4DD299ED8C3,209660637,https://www.kugou.com/yy/rank/home/4-6666.html?from=rank
2026-10-03,2026-10-03T13:26:16+08:00,酷狗音乐,飙升榜,酷狗飙升榜,2026-10-03,78,游京 (我走在风雪中)(长征版),星火社,,3:22,7D76A1AA234CF4030BE3F4B023E4ADC4,201282995,https://www.kugou.com/yy/rank/home/4-6666.html?from=rank
2026-10-03,2026-10-03T13:26:16+08:00,酷狗音乐,飙升榜,酷狗飙升榜,2026-10-03,79,还是离不开(网剧《不可靠近的他》推广曲),王筝、黄浩雯,,4:00,A3420E11A8CF0E22792172775659D8FF,209838759,https://www.kugou.com/yy/rank/home/4-6666.html?from=rank
2026-10-03,2026-10-03T13:26:16+08:00,酷狗音乐,飙升榜,酷狗飙升榜,2026-10-03,80,不同年纪的我们,拾柒兄弟,,4:16,37B5FDAABB7AE591F39001B7FB1AD9A4,94281945,https://www.kugou.com/yy/rank/home/4-6666.html?from=rank
2026-10-03,2026-10-03T13:26:16+08:00,酷狗音乐,飙升榜,酷狗飙升榜,2026-10-03,81,秋风秋风别回头,唐一乐,,3:23,894B71CE02DDF7A6C301C108E7685528,209701878,https://www.kugou.com/yy/rank/home/4-6666.html?from=rank
2026-10-03,2026-10-03T13:26:16+08:00,酷狗音乐,飙升榜,酷狗飙升榜,2026-10-03,82,Circles,James Blunt,,3:52,688A6C92C0F3D846AFC8E79B1492F512,209575921,https://www.kugou.com/yy/rank/home/4-6666.html?from=rank
2026-10-03,2026-10-03T13:26:16+08:00,酷狗音乐,飙升榜,酷狗飙升榜,2026-10-03,83,万相倾覆，天坠地逆,鸣潮先约电台、jixwang、庞雪倩、JINGYAN,,2:14,10D6B8D1739E914A7E4DE429FADA61D9,209458833,https://www.kugou.com/yy/rank/home/4-6666.html?from=rank
2026-10-03,2026-10-03T13:26:16+08:00,酷狗音乐,飙升榜,酷狗飙升榜,2026-10-03,84,别把我忘得太快,朱南山,,4:52,6B356D0E30A207AAED0F78ABFF67B051,168143861,https://www.kugou.com/yy/rank/home/4-6666.html?from=rank
2026-10-03,2026-10-03T13:26:16+08:00,酷狗音乐,飙升榜,酷狗飙升榜,2026-10-03,85,人生的路,朱俊卫,,5:12,DF721DC56B22B939F3AE8ABC04847420,147050055,https://www.kugou.com/yy/rank/home/4-6666.html?from=rank
2026-10-03,2026-10-03T13:26:16+08:00,酷狗音乐,飙升榜,酷狗飙升榜,2026-10-03,86,Cold Shoulder (Explicit),Drake、Don Toliver、YEBBA,,3:54,AFAB50CE549CCC69B53EAEE1CABA6242,209805378,https://www.kugou.com/yy/rank/home/4-6666.html?from=rank
2026-10-03,2026-10-03T13:26:16+08:00,酷狗音乐,飙升榜,酷狗飙升榜,2026-10-03,87,故事停在那天 (朝花夕拾),DJ铁柱、DJ小吊带,,2:57,241B23E60D72B231731BEA8823DE533D,209838785,https://www.kugou.com/yy/rank/home/4-6666.html?from=rank
2026-10-03,2026-10-03T13:26:16+08:00,酷狗音乐,飙升榜,酷狗飙升榜,2026-10-03,88,Summer Boss (动感版),Pao7oO、La Mer、Waifu Shop,,2:45,29DC68741C779ADF0242C3B33D53CBF2,209686849,https://www.kugou.com/yy/rank/home/4-6666.html?from=rank
2026-10-03,2026-10-03T13:26:16+08:00,酷狗音乐,飙升榜,酷狗飙升榜,2026-10-03,89,鲜花终究会枯萎,一只白羊,,2:40,FD3C6C9D84A41D498A087F8B588A88BF,90639643,https://www.kugou.com/yy/rank/home/5-6666.html?from=rank
2026-10-03,2026-10-03T13:26:16+08:00,酷狗音乐,飙升榜,酷狗飙升榜,2026-10-03,90,不然算了吧 (Live),刘宇宁,,3:33,51545DE5C903DB9BBA7BC49E4CB92F99,170505438,https://www.kugou.com/yy/rank/home/5-6666.html?from=rank
2026-10-03,2026-10-03T13:26:16+08:00,酷狗音乐,飙升榜,酷狗飙升榜,2026-10-03,91,Love Your Relf (动感版),Pao7oO、La Mer、Waifu Shop,,2:28,66ADF5AE7FE14F60C5B8A8F4BA45A8FE,209686849,https://www.kugou.com/yy/rank/home/5-6666.html?from=rank
2026-10-03,2026-10-03T13:26:16+08:00,酷狗音乐,飙升榜,酷狗飙升榜,2026-10-03,92,豪门夜宴 (带感鼓点版),摩卡,,9:00,121AE25425C82376065B9F8D08EFA38F,209777404,https://www.kugou.com/yy/rank/home/5-6666.html?from=rank
2026-10-03,2026-10-03T13:26:16+08:00,酷狗音乐,飙升榜,酷狗飙升榜,2026-10-03,93,Free,Umar Keyn,,3:14,A37C46393DB541EAE603DAF2D595869C,209785077,https://www.kugou.com/yy/rank/home/5-6666.html?from=rank
2026-10-03,2026-10-03T13:26:16+08:00,酷狗音乐,飙升榜,酷狗飙升榜,2026-10-03,94,琵琶曲 (大琵琶曲时代),灵儿很灵,,2:14,440AECC66AFC9B7CDE7F0F2E90D75D30,209752502,https://www.kugou.com/yy/rank/home/5-6666.html?from=rank
2026-10-03,2026-10-03T13:26:16+08:00,酷狗音乐,飙升榜,酷狗飙升榜,2026-10-03,95,懂的都懂,Dizzy Dizzo (蔡诗芸),,2:34,6EF44C1D1819EFB0ED87C74C57A64FC6,209839487,https://www.kugou.com/yy/rank/home/5-6666.html?from=rank
2026-10-03,2026-10-03T13:26:16+08:00,酷狗音乐,飙升榜,酷狗飙升榜,2026-10-03,96,月亮与六便士,窝窝,,3:19,16F83853C624FFB8D8D93C25E10C1C86,162510168,https://www.kugou.com/yy/rank/home/5-6666.html?from=rank
2026-10-03,2026-10-03T13:26:16+08:00,酷狗音乐,飙升榜,酷狗飙升榜,2026-10-03,97,我的眼泪向回忆开了一枪,恰恰恰恰恰,,3:59,2760A8AFFA8ABC0DF0DFB67573EC88E4,175609044,https://www.kugou.com/yy/rank/home/5-6666.html?from=rank
2026-10-03,2026-10-03T13:26:16+08:00,酷狗音乐,飙升榜,酷狗飙升榜,2026-10-03,98,菩提劝我莫回头 (酒吧大爷版),孟 顺,,3:28,2B28618D8F44766A34ACA3035A983F24,209580110,https://www.kugou.com/yy/rank/home/5-6666.html?from=rank
2026-10-03,2026-10-03T13:26:16+08:00,酷狗音乐,飙升榜,酷狗飙升榜,2026-10-03,99,白鸽乌鸦相爱的戏码,承桓,,2:53,7A1B8929D536ECFE9E9F5ABED277E985,162838140,https://www.kugou.com/yy/rank/home/5-6666.html?from=rank
2026-10-03,2026-10-03T13:26:16+08:00,酷狗音乐,飙升榜,酷狗飙升榜,2026-10-03,100,气修二班进行曲 (Mortal Vibe),拖鞋pd、Pao7oO、泪誓Mix,,2:02,925383563943F16EDB9B85653ED9FECC,209618305,https://www.kugou.com/yy/rank/home/5-6666.html?from=rank
2026-10-03,2026-10-03T13:26:16+08:00,微博,热搜榜,微博热搜榜,,1,高速充电80%强制离场引争议,民生新闻,热度 1095617；新,,高速充电80%强制离场引争议,,https://s.weibo.com/weibo?q=%23%E9%AB%98%E9%80%9F%E5%85%85%E7%94%B580%25%E5%BC%BA%E5%88%B6%E7%A6%BB%E5%9C%BA%E5%BC%95%E4%BA%89%E8%AE%AE%23
2026-10-03,2026-10-03T13:26:16+08:00,微博,热搜榜,微博热搜榜,,2,谁撑起了国庆3.5亿票房,电影,热度 809050,,谁撑起了国庆3.5亿票房,,https://s.weibo.com/weibo?q=%23%E8%B0%81%E6%92%91%E8%B5%B7%E4%BA%86%E5%9B%BD%E5%BA%863.5%E4%BA%BF%E7%A5%A8%E6%88%BF%23
2026-10-03,2026-10-03T13:26:16+08:00,微博,热搜榜,微博热搜榜,,3,晚辈合力托举老人看升国旗,民生新闻,热度 800376,,晚辈合力托举老人看升国旗,,https://s.weibo.com/weibo?q=%23%E6%99%9A%E8%BE%88%E5%90%88%E5%8A%9B%E6%89%98%E4%B8%BE%E8%80%81%E4%BA%BA%E7%9C%8B%E5%8D%87%E5%9B%BD%E6%97%97%23
2026-10-03,2026-10-03T13:26:16+08:00,微博,热搜榜,微博热搜榜,,4,张继科杯球迷大骂发球遮挡,体育,热度 799953,,张继科杯球迷大骂发球遮挡,,https://s.weibo.com/weibo?q=%23%E5%BC%A0%E7%BB%A7%E7%A7%91%E6%9D%AF%E7%90%83%E8%BF%B7%E5%A4%A7%E9%AA%82%E5%8F%91%E7%90%83%E9%81%AE%E6%8C%A1%23
2026-10-03,2026-10-03T13:26:16+08:00,微博,热搜榜,微博热搜榜,,5,小沈阳夫妇逆袭成国庆档票房黑马,电影,热度 797583；新,,小沈阳夫妇逆袭成国庆档票房黑马,电影,https://s.weibo.com/weibo?q=%23%E5%B0%8F%E6%B2%88%E9%98%B3%E5%A4%AB%E5%A6%87%E9%80%86%E8%A2%AD%E6%88%90%E5%9B%BD%E5%BA%86%E6%A1%A3%E7%A5%A8%E6%88%BF%E9%BB%91%E9%A9%AC%23
2026-10-03,2026-10-03T13:26:16+08:00,微博,热搜榜,微博热搜榜,,6,范丞丞新歌制作公司发声,音乐,热度 704741；新,,范丞丞新歌制作公司发声,音乐,https://s.weibo.com/weibo?q=%23%E8%8C%83%E4%B8%9E%E4%B8%9E%E6%96%B0%E6%AD%8C%E5%88%B6%E4%BD%9C%E5%85%AC%E5%8F%B8%E5%8F%91%E5%A3%B0%23
2026-10-03,2026-10-03T13:26:16+08:00,微博,热搜榜,微博热搜榜,,7,深圳走应急车道被罚三千,民生新闻,热度 689390,,深圳走应急车道被罚三千,,https://s.weibo.com/weibo?q=%23%E6%B7%B1%E5%9C%B3%E8%B5%B0%E5%BA%94%E6%80%A5%E8%BD%A6%E9%81%93%E8%A2%AB%E7%BD%9A%E4%B8%89%E5%8D%83%23
2026-10-03,2026-10-03T13:26:16+08:00,微博,热搜榜,微博热搜榜,,8,原来出餐快也不一定就是预制菜,美食,热度 676461；新,,原来出餐快也不一定就是预制菜,,https://s.weibo.com/weibo?q=%23%E5%8E%9F%E6%9D%A5%E5%87%BA%E9%A4%90%E5%BF%AB%E4%B9%9F%E4%B8%8D%E4%B8%80%E5%AE%9A%E5%B0%B1%E6%98%AF%E9%A2%84%E5%88%B6%E8%8F%9C%23
2026-10-03,2026-10-03T13:26:16+08:00,微博,热搜榜,微博热搜榜,,9,极客湾揭秘麒麟9050Pro,数码,热度 656384；新,,极客湾揭秘麒麟9050Pro,,https://s.weibo.com/weibo?q=%23%E6%9E%81%E5%AE%A2%E6%B9%BE%E6%8F%AD%E7%A7%98%E9%BA%92%E9%BA%9F9050Pro%23
2026-10-03,2026-10-03T13:26:16+08:00,微博,热搜榜,微博热搜榜,,10,黄泽林夺亚运金牌,体育,热度 624115,,黄泽林夺亚运金牌,,https://s.weibo.com/weibo?q=%23%E9%BB%84%E6%B3%BD%E6%9E%97%E5%A4%BA%E4%BA%9A%E8%BF%90%E9%87%91%E7%89%8C%23
2026-10-03,2026-10-03T13:26:16+08:00,微博,热搜榜,微博热搜榜,,11,田馥甄曾因立场争议作品下架,艺人,热度 605423；热,,田馥甄曾因立场争议作品下架,['田馥甄'],https://s.weibo.com/weibo?q=%23%E7%94%B0%E9%A6%A5%E7%94%84%E6%9B%BE%E5%9B%A0%E7%AB%8B%E5%9C%BA%E4%BA%89%E8%AE%AE%E4%BD%9C%E5%93%81%E4%B8%8B%E6%9E%B6%23
2026-10-03,2026-10-03T13:26:16+08:00,微博,热搜榜,微博热搜榜,,12,国足连自我尊重都不愿意很可怕,体育,热度 594262；新,,国足连自我尊重都不愿意很可怕,,https://s.weibo.com/weibo?q=%23%E5%9B%BD%E8%B6%B3%E8%BF%9E%E8%87%AA%E6%88%91%E5%B0%8A%E9%87%8D%E9%83%BD%E4%B8%8D%E6%84%BF%E6%84%8F%E5%BE%88%E5%8F%AF%E6%80%95%23
2026-10-03,2026-10-03T13:26:16+08:00,微博,热搜榜,微博热搜榜,,13,AI面试 恐怖谷,互联网,热度 567628；热,,AI面试 恐怖谷,,https://s.weibo.com/weibo?q=%23AI%E9%9D%A2%E8%AF%95%20%E6%81%90%E6%80%96%E8%B0%B7%23
2026-10-03,2026-10-03T13:26:16+08:00,微博,热搜榜,微博热搜榜,,14,纪梵希看秀待遇,"时尚,作品衍生",热度 530901；热,,纪梵希看秀待遇,,https://s.weibo.com/weibo?q=%23%E7%BA%AA%E6%A2%B5%E5%B8%8C%E7%9C%8B%E7%A7%80%E5%BE%85%E9%81%87%23
2026-10-03,2026-10-03T13:26:16+08:00,微博,热搜榜,微博热搜榜,,15,徐明浩 范丞丞,艺人,热度 488300；热,,徐明浩 范丞丞,"['徐明浩', '范丞丞']",https://s.weibo.com/weibo?q=%23%E5%BE%90%E6%98%8E%E6%B5%A9%20%E8%8C%83%E4%B8%9E%E4%B8%9E%23
2026-10-03,2026-10-03T13:26:16+08:00,微博,热搜榜,微博热搜榜,,16,包贝尔 冷处理,艺人,热度 427928；热,,包贝尔 冷处理,['包贝尔'],https://s.weibo.com/weibo?q=%23%E5%8C%85%E8%B4%9D%E5%B0%94%20%E5%86%B7%E5%A4%84%E7%90%86%23
2026-10-03,2026-10-03T13:26:16+08:00,微博,热搜榜,微博热搜榜,,17,惠英红 妈你是不是在巴黎买了地,艺人,热度 269388,,惠英红 妈你是不是在巴黎买了地,['惠英红'],https://s.weibo.com/weibo?q=%23%E6%83%A0%E8%8B%B1%E7%BA%A2%20%E5%A6%88%E4%BD%A0%E6%98%AF%E4%B8%8D%E6%98%AF%E5%9C%A8%E5%B7%B4%E9%BB%8E%E4%B9%B0%E4%BA%86%E5%9C%B0%23
2026-10-03,2026-10-03T13:26:16+08:00,微博,热搜榜,微博热搜榜,,18,好想像王一博一样不和任何人装熟,艺人,热度 237672,,好想像王一博一样不和任何人装熟,['王一博'],https://s.weibo.com/weibo?q=%23%E5%A5%BD%E6%83%B3%E5%83%8F%E7%8E%8B%E4%B8%80%E5%8D%9A%E4%B8%80%E6%A0%B7%E4%B8%8D%E5%92%8C%E4%BB%BB%E4%BD%95%E4%BA%BA%E8%A3%85%E7%86%9F%23
2026-10-03,2026-10-03T13:26:16+08:00,微博,热搜榜,微博热搜榜,,19,凡人修仙传,动漫,热度 224455；新,,凡人修仙传,,https://s.weibo.com/weibo?q=%23%E5%87%A1%E4%BA%BA%E4%BF%AE%E4%BB%99%E4%BC%A0%23
2026-10-03,2026-10-03T13:26:16+08:00,微博,热搜榜,微博热搜榜,,20,曝LPL过签现状,电竞,热度 221908；新,,曝LPL过签现状,,https://s.weibo.com/weibo?q=%23%E6%9B%9DLPL%E8%BF%87%E7%AD%BE%E7%8E%B0%E7%8A%B6%23
2026-10-03,2026-10-03T13:26:16+08:00,微博,热搜榜,微博热搜榜,,21,孙千衬衫开口Luke2.0,"艺人,时尚",热度 221442,,孙千衬衫开口Luke2.0,['孙千'],https://s.weibo.com/weibo?q=%23%E5%AD%99%E5%8D%83%E8%A1%AC%E8%A1%AB%E5%BC%80%E5%8F%A3Luke2.0%23
2026-10-03,2026-10-03T13:26:16+08:00,微博,热搜榜,微博热搜榜,,22,国庆很难找到中国人没去过的国家,幽默,热度 221009；新,,国庆很难找到中国人没去过的国家,,https://s.weibo.com/weibo?q=%23%E5%9B%BD%E5%BA%86%E5%BE%88%E9%9A%BE%E6%89%BE%E5%88%B0%E4%B8%AD%E5%9B%BD%E4%BA%BA%E6%B2%A1%E5%8E%BB%E8%BF%87%E7%9A%84%E5%9B%BD%E5%AE%B6%23
2026-10-03,2026-10-03T13:26:16+08:00,微博,热搜榜,微博热搜榜,,23,小伙毕业刚入职就弄丢10台苹果手机,民生新闻,热度 220040,,小伙毕业刚入职就弄丢10台苹果手机,,https://s.weibo.com/weibo?q=%23%E5%B0%8F%E4%BC%99%E6%AF%95%E4%B8%9A%E5%88%9A%E5%85%A5%E8%81%8C%E5%B0%B1%E5%BC%84%E4%B8%A210%E5%8F%B0%E8%8B%B9%E6%9E%9C%E6%89%8B%E6%9C%BA%23
2026-10-03,2026-10-03T13:26:16+08:00,微博,热搜榜,微博热搜榜,,24,人人人人人青岛小麦岛人人人人人,民生新闻,热度 187205,,人人人人人青岛小麦岛人人人人人,,https://s.weibo.com/weibo?q=%23%E4%BA%BA%E4%BA%BA%E4%BA%BA%E4%BA%BA%E4%BA%BA%E9%9D%92%E5%B2%9B%E5%B0%8F%E9%BA%A6%E5%B2%9B%E4%BA%BA%E4%BA%BA%E4%BA%BA%E4%BA%BA%E4%BA%BA%23
2026-10-03,2026-10-03T13:26:16+08:00,微博,热搜榜,微博热搜榜,,25,蒋欣为了吃碗面太不容易了,艺人,热度 171296,,蒋欣为了吃碗面太不容易了,['蒋欣'],https://s.weibo.com/weibo?q=%23%E8%92%8B%E6%AC%A3%E4%B8%BA%E4%BA%86%E5%90%83%E7%A2%97%E9%9D%A2%E5%A4%AA%E4%B8%8D%E5%AE%B9%E6%98%93%E4%BA%86%23
2026-10-03,2026-10-03T13:26:16+08:00,微博,热搜榜,微博热搜榜,,26,冰淇淋已经进化成这样了吗,美食,热度 170181,,冰淇淋已经进化成这样了吗,,https://s.weibo.com/weibo?q=%23%E5%86%B0%E6%B7%87%E6%B7%8B%E5%B7%B2%E7%BB%8F%E8%BF%9B%E5%8C%96%E6%88%90%E8%BF%99%E6%A0%B7%E4%BA%86%E5%90%97%23
2026-10-03,2026-10-03T13:26:16+08:00,微博,热搜榜,微博热搜榜,,27,德国教材里的中国引争议,民生新闻,热度 151674,,德国教材里的中国引争议,,https://s.weibo.com/weibo?q=%23%E5%BE%B7%E5%9B%BD%E6%95%99%E6%9D%90%E9%87%8C%E7%9A%84%E4%B8%AD%E5%9B%BD%E5%BC%95%E4%BA%89%E8%AE%AE%23
2026-10-03,2026-10-03T13:26:16+08:00,微博,热搜榜,微博热搜榜,,28,张雪摩洛哥陷沙被当地孩子救了,民生新闻,热度 151178,,张雪摩洛哥陷沙被当地孩子救了,,https://s.weibo.com/weibo?q=%23%E5%BC%A0%E9%9B%AA%E6%91%A9%E6%B4%9B%E5%93%A5%E9%99%B7%E6%B2%99%E8%A2%AB%E5%BD%93%E5%9C%B0%E5%AD%A9%E5%AD%90%E6%95%91%E4%BA%86%23
2026-10-03,2026-10-03T13:26:16+08:00,微博,热搜榜,微博热搜榜,,29,蔡天凤生前控诉前夫一家不知感恩,民生新闻,热度 149284,,蔡天凤生前控诉前夫一家不知感恩,,https://s.weibo.com/weibo?q=%23%E8%94%A1%E5%A4%A9%E5%87%A4%E7%94%9F%E5%89%8D%E6%8E%A7%E8%AF%89%E5%89%8D%E5%A4%AB%E4%B8%80%E5%AE%B6%E4%B8%8D%E7%9F%A5%E6%84%9F%E6%81%A9%23
2026-10-03,2026-10-03T13:26:16+08:00,微博,热搜榜,微博热搜榜,,30,房车便宜了,民生新闻,热度 147997,,房车便宜了,,https://s.weibo.com/weibo?q=%23%E6%88%BF%E8%BD%A6%E4%BE%BF%E5%AE%9C%E4%BA%86%23
2026-10-03,2026-10-03T13:26:16+08:00,微博,热搜榜,微博热搜榜,,31,日本司机路遇危险版狗熊哆嗦毛,海外新闻,热度 147380；新,,日本司机路遇危险版狗熊哆嗦毛,,https://s.weibo.com/weibo?q=%23%E6%97%A5%E6%9C%AC%E5%8F%B8%E6%9C%BA%E8%B7%AF%E9%81%87%E5%8D%B1%E9%99%A9%E7%89%88%E7%8B%97%E7%86%8A%E5%93%86%E5%97%A6%E6%AF%9B%23
2026-10-03,2026-10-03T13:26:16+08:00,微博,热搜榜,微博热搜榜,,32,火灵儿被指抄袭暖暖,动漫,热度 146194；新,,火灵儿被指抄袭暖暖,['灵儿'],https://s.weibo.com/weibo?q=%23%E7%81%AB%E7%81%B5%E5%84%BF%E8%A2%AB%E6%8C%87%E6%8A%84%E8%A2%AD%E6%9A%96%E6%9A%96%23
2026-10-03,2026-10-03T13:26:16+08:00,微博,热搜榜,微博热搜榜,,33,国庆日均出行人次几乎搬了一美国,民生新闻,热度 144992；新,,国庆日均出行人次几乎搬了一美国,,https://s.weibo.com/weibo?q=%23%E5%9B%BD%E5%BA%86%E6%97%A5%E5%9D%87%E5%87%BA%E8%A1%8C%E4%BA%BA%E6%AC%A1%E5%87%A0%E4%B9%8E%E6%90%AC%E4%BA%86%E4%B8%80%E7%BE%8E%E5%9B%BD%23
2026-10-03,2026-10-03T13:26:16+08:00,微博,热搜榜,微博热搜榜,,34,充电站排队烧油赶路混电车主发声,民生新闻,热度 142456；新,,充电站排队烧油赶路混电车主发声,,https://s.weibo.com/weibo?q=%23%E5%85%85%E7%94%B5%E7%AB%99%E6%8E%92%E9%98%9F%E7%83%A7%E6%B2%B9%E8%B5%B6%E8%B7%AF%E6%B7%B7%E7%94%B5%E8%BD%A6%E4%B8%BB%E5%8F%91%E5%A3%B0%23
2026-10-03,2026-10-03T13:26:16+08:00,微博,热搜榜,微博热搜榜,,35,短剧命中注定我爱你开播,剧集,热度 142300；新,,短剧命中注定我爱你开播,剧集,https://s.weibo.com/weibo?q=%23%E7%9F%AD%E5%89%A7%E5%91%BD%E4%B8%AD%E6%B3%A8%E5%AE%9A%E6%88%91%E7%88%B1%E4%BD%A0%E5%BC%80%E6%92%AD%23
2026-10-03,2026-10-03T13:26:16+08:00,微博,热搜榜,微博热搜榜,,36,三妹妹被二姐姐血脉压制,剧集,热度 138769；新,,三妹妹被二姐姐血脉压制,剧集,https://s.weibo.com/weibo?q=%23%E4%B8%89%E5%A6%B9%E5%A6%B9%E8%A2%AB%E4%BA%8C%E5%A7%90%E5%A7%90%E8%A1%80%E8%84%89%E5%8E%8B%E5%88%B6%23
2026-10-03,2026-10-03T13:26:16+08:00,微博,热搜榜,微博热搜榜,,37,国庆买金变了,财经,热度 132294,,国庆买金变了,,https://s.weibo.com/weibo?q=%23%E5%9B%BD%E5%BA%86%E4%B9%B0%E9%87%91%E5%8F%98%E4%BA%86%23
2026-10-03,2026-10-03T13:26:16+08:00,微博,热搜榜,微博热搜榜,,38,杜翠雀应该是兰香林锦岐的最后一难了,剧集,热度 130158；新,,杜翠雀应该是兰香林锦岐的最后一难了,剧集,https://s.weibo.com/weibo?q=%23%E6%9D%9C%E7%BF%A0%E9%9B%80%E5%BA%94%E8%AF%A5%E6%98%AF%E5%85%B0%E9%A6%99%E6%9E%97%E9%94%A6%E5%B2%90%E7%9A%84%E6%9C%80%E5%90%8E%E4%B8%80%E9%9A%BE%E4%BA%86%23
2026-10-03,2026-10-03T13:26:16+08:00,微博,热搜榜,微博热搜榜,,39,韩国警告乌克兰,国际时政,热度 122518；新,,韩国警告乌克兰,,https://s.weibo.com/weibo?q=%23%E9%9F%A9%E5%9B%BD%E8%AD%A6%E5%91%8A%E4%B9%8C%E5%85%8B%E5%85%B0%23
2026-10-03,2026-10-03T13:26:16+08:00,微博,热搜榜,微博热搜榜,,40,生孩子的人的钱哪来的,情感,热度 122233,,生孩子的人的钱哪来的,,https://s.weibo.com/weibo?q=%23%E7%94%9F%E5%AD%A9%E5%AD%90%E7%9A%84%E4%BA%BA%E7%9A%84%E9%92%B1%E5%93%AA%E6%9D%A5%E7%9A%84%23
2026-10-03,2026-10-03T13:26:16+08:00,微博,热搜榜,微博热搜榜,,41,田馥甄现在讲话要非常小心,艺人,热度 121708,,田馥甄现在讲话要非常小心,['田馥甄'],https://s.weibo.com/weibo?q=%23%E7%94%B0%E9%A6%A5%E7%94%84%E7%8E%B0%E5%9C%A8%E8%AE%B2%E8%AF%9D%E8%A6%81%E9%9D%9E%E5%B8%B8%E5%B0%8F%E5%BF%83%23
2026-10-03,2026-10-03T13:26:16+08:00,微博,热搜榜,微博热搜榜,,42,孙颖莎说整场没有上风的时候,体育,热度 119705；新,,孙颖莎说整场没有上风的时候,,https://s.weibo.com/weibo?q=%23%E5%AD%99%E9%A2%96%E8%8E%8E%E8%AF%B4%E6%95%B4%E5%9C%BA%E6%B2%A1%E6%9C%89%E4%B8%8A%E9%A3%8E%E7%9A%84%E6%97%B6%E5%80%99%23
2026-10-03,2026-10-03T13:26:16+08:00,微博,热搜榜,微博热搜榜,,43,律师称徐明浩新歌不构成抄袭,艺人,热度 119240,,律师称徐明浩新歌不构成抄袭,['徐明浩'],https://s.weibo.com/weibo?q=%23%E5%BE%8B%E5%B8%88%E7%A7%B0%E5%BE%90%E6%98%8E%E6%B5%A9%E6%96%B0%E6%AD%8C%E4%B8%8D%E6%9E%84%E6%88%90%E6%8A%84%E8%A2%AD%23
2026-10-03,2026-10-03T13:26:16+08:00,微博,热搜榜,微博热搜榜,,44,江秋莲官司八年变公诉案件,民生新闻,热度 117131,,江秋莲官司八年变公诉案件,,https://s.weibo.com/weibo?q=%23%E6%B1%9F%E7%A7%8B%E8%8E%B2%E5%AE%98%E5%8F%B8%E5%85%AB%E5%B9%B4%E5%8F%98%E5%85%AC%E8%AF%89%E6%A1%88%E4%BB%B6%23
2026-10-03,2026-10-03T13:26:16+08:00,微博,热搜榜,微博热搜榜,,45,369爆料爱笑从BLG挖人,电竞,热度 115703；新,,369爆料爱笑从BLG挖人,,https://s.weibo.com/weibo?q=%23369%E7%88%86%E6%96%99%E7%88%B1%E7%AC%91%E4%BB%8EBLG%E6%8C%96%E4%BA%BA%23
2026-10-03,2026-10-03T13:26:16+08:00,微博,热搜榜,微博热搜榜,,46,金价要反击了吗,财经,热度 115577；新,,金价要反击了吗,,https://s.weibo.com/weibo?q=%23%E9%87%91%E4%BB%B7%E8%A6%81%E5%8F%8D%E5%87%BB%E4%BA%86%E5%90%97%23
2026-10-03,2026-10-03T13:26:16+08:00,微博,热搜榜,微博热搜榜,,47,陈楚生陈昊宇 认识了大概有36个小时,演出,热度 115508,,陈楚生陈昊宇 认识了大概有36个小时,演出,https://s.weibo.com/weibo?q=%23%E9%99%88%E6%A5%9A%E7%94%9F%E9%99%88%E6%98%8A%E5%AE%87%20%E8%AE%A4%E8%AF%86%E4%BA%86%E5%A4%A7%E6%A6%82%E6%9C%8936%E4%B8%AA%E5%B0%8F%E6%97%B6%23
2026-10-03,2026-10-03T13:26:16+08:00,微博,热搜榜,微博热搜榜,,48,李光洙泡泡,艺人,热度 115257；新,,李光洙泡泡,['李光洙'],https://s.weibo.com/weibo?q=%23%E6%9D%8E%E5%85%89%E6%B4%99%E6%B3%A1%E6%B3%A1%23
2026-10-03,2026-10-03T13:26:16+08:00,微博,热搜榜,微博热搜榜,,49,王楚钦说是为国而战支撑自己,体育,热度 109863；新,,王楚钦说是为国而战支撑自己,,https://s.weibo.com/weibo?q=%23%E7%8E%8B%E6%A5%9A%E9%92%A6%E8%AF%B4%E6%98%AF%E4%B8%BA%E5%9B%BD%E8%80%8C%E6%88%98%E6%94%AF%E6%92%91%E8%87%AA%E5%B7%B1%23
2026-10-03,2026-10-03T13:26:16+08:00,微博,热搜榜,微博热搜榜,,50,EDG stew,电竞,热度 106839,,EDG stew,,https://s.weibo.com/weibo?q=%23EDG%20stew%23
2026-10-03,2026-10-03T13:26:16+08:00,微博,文娱热搜榜,微博热搜榜-文娱条目,,1,谁撑起了国庆3.5亿票房,电影,总榜排名 2；热度 809050,,谁撑起了国庆3.5亿票房,,https://s.weibo.com/weibo?q=%23%E8%B0%81%E6%92%91%E8%B5%B7%E4%BA%86%E5%9B%BD%E5%BA%863.5%E4%BA%BF%E7%A5%A8%E6%88%BF%23
2026-10-03,2026-10-03T13:26:16+08:00,微博,文娱热搜榜,微博热搜榜-文娱条目,,2,小沈阳夫妇逆袭成国庆档票房黑马,电影,总榜排名 5；热度 797583；新,,小沈阳夫妇逆袭成国庆档票房黑马,电影,https://s.weibo.com/weibo?q=%23%E5%B0%8F%E6%B2%88%E9%98%B3%E5%A4%AB%E5%A6%87%E9%80%86%E8%A2%AD%E6%88%90%E5%9B%BD%E5%BA%86%E6%A1%A3%E7%A5%A8%E6%88%BF%E9%BB%91%E9%A9%AC%23
2026-10-03,2026-10-03T13:26:16+08:00,微博,文娱热搜榜,微博热搜榜-文娱条目,,3,范丞丞新歌制作公司发声,音乐,总榜排名 6；热度 704741；新,,范丞丞新歌制作公司发声,音乐,https://s.weibo.com/weibo?q=%23%E8%8C%83%E4%B8%9E%E4%B8%9E%E6%96%B0%E6%AD%8C%E5%88%B6%E4%BD%9C%E5%85%AC%E5%8F%B8%E5%8F%91%E5%A3%B0%23
2026-10-03,2026-10-03T13:26:16+08:00,微博,文娱热搜榜,微博热搜榜-文娱条目,,4,田馥甄曾因立场争议作品下架,艺人,总榜排名 11；热度 605423；热,,田馥甄曾因立场争议作品下架,['田馥甄'],https://s.weibo.com/weibo?q=%23%E7%94%B0%E9%A6%A5%E7%94%84%E6%9B%BE%E5%9B%A0%E7%AB%8B%E5%9C%BA%E4%BA%89%E8%AE%AE%E4%BD%9C%E5%93%81%E4%B8%8B%E6%9E%B6%23
2026-10-03,2026-10-03T13:26:16+08:00,微博,文娱热搜榜,微博热搜榜-文娱条目,,5,徐明浩 范丞丞,艺人,总榜排名 15；热度 488300；热,,徐明浩 范丞丞,"['徐明浩', '范丞丞']",https://s.weibo.com/weibo?q=%23%E5%BE%90%E6%98%8E%E6%B5%A9%20%E8%8C%83%E4%B8%9E%E4%B8%9E%23
2026-10-03,2026-10-03T13:26:16+08:00,微博,文娱热搜榜,微博热搜榜-文娱条目,,6,包贝尔 冷处理,艺人,总榜排名 16；热度 427928；热,,包贝尔 冷处理,['包贝尔'],https://s.weibo.com/weibo?q=%23%E5%8C%85%E8%B4%9D%E5%B0%94%20%E5%86%B7%E5%A4%84%E7%90%86%23
2026-10-03,2026-10-03T13:26:16+08:00,微博,文娱热搜榜,微博热搜榜-文娱条目,,7,惠英红 妈你是不是在巴黎买了地,艺人,总榜排名 17；热度 269388,,惠英红 妈你是不是在巴黎买了地,['惠英红'],https://s.weibo.com/weibo?q=%23%E6%83%A0%E8%8B%B1%E7%BA%A2%20%E5%A6%88%E4%BD%A0%E6%98%AF%E4%B8%8D%E6%98%AF%E5%9C%A8%E5%B7%B4%E9%BB%8E%E4%B9%B0%E4%BA%86%E5%9C%B0%23
2026-10-03,2026-10-03T13:26:16+08:00,微博,文娱热搜榜,微博热搜榜-文娱条目,,8,好想像王一博一样不和任何人装熟,艺人,总榜排名 18；热度 237672,,好想像王一博一样不和任何人装熟,['王一博'],https://s.weibo.com/weibo?q=%23%E5%A5%BD%E6%83%B3%E5%83%8F%E7%8E%8B%E4%B8%80%E5%8D%9A%E4%B8%80%E6%A0%B7%E4%B8%8D%E5%92%8C%E4%BB%BB%E4%BD%95%E4%BA%BA%E8%A3%85%E7%86%9F%23
2026-10-03,2026-10-03T13:26:16+08:00,微博,文娱热搜榜,微博热搜榜-文娱条目,,9,凡人修仙传,动漫,总榜排名 19；热度 224455；新,,凡人修仙传,,https://s.weibo.com/weibo?q=%23%E5%87%A1%E4%BA%BA%E4%BF%AE%E4%BB%99%E4%BC%A0%23
2026-10-03,2026-10-03T13:26:16+08:00,微博,文娱热搜榜,微博热搜榜-文娱条目,,10,孙千衬衫开口Luke2.0,"艺人,时尚",总榜排名 21；热度 221442,,孙千衬衫开口Luke2.0,['孙千'],https://s.weibo.com/weibo?q=%23%E5%AD%99%E5%8D%83%E8%A1%AC%E8%A1%AB%E5%BC%80%E5%8F%A3Luke2.0%23
2026-10-03,2026-10-03T13:26:16+08:00,微博,文娱热搜榜,微博热搜榜-文娱条目,,11,蒋欣为了吃碗面太不容易了,艺人,总榜排名 25；热度 171296,,蒋欣为了吃碗面太不容易了,['蒋欣'],https://s.weibo.com/weibo?q=%23%E8%92%8B%E6%AC%A3%E4%B8%BA%E4%BA%86%E5%90%83%E7%A2%97%E9%9D%A2%E5%A4%AA%E4%B8%8D%E5%AE%B9%E6%98%93%E4%BA%86%23
2026-10-03,2026-10-03T13:26:16+08:00,微博,文娱热搜榜,微博热搜榜-文娱条目,,12,火灵儿被指抄袭暖暖,动漫,总榜排名 32；热度 146194；新,,火灵儿被指抄袭暖暖,['灵儿'],https://s.weibo.com/weibo?q=%23%E7%81%AB%E7%81%B5%E5%84%BF%E8%A2%AB%E6%8C%87%E6%8A%84%E8%A2%AD%E6%9A%96%E6%9A%96%23
2026-10-03,2026-10-03T13:26:16+08:00,微博,文娱热搜榜,微博热搜榜-文娱条目,,13,短剧命中注定我爱你开播,剧集,总榜排名 35；热度 142300；新,,短剧命中注定我爱你开播,剧集,https://s.weibo.com/weibo?q=%23%E7%9F%AD%E5%89%A7%E5%91%BD%E4%B8%AD%E6%B3%A8%E5%AE%9A%E6%88%91%E7%88%B1%E4%BD%A0%E5%BC%80%E6%92%AD%23
2026-10-03,2026-10-03T13:26:16+08:00,微博,文娱热搜榜,微博热搜榜-文娱条目,,14,三妹妹被二姐姐血脉压制,剧集,总榜排名 36；热度 138769；新,,三妹妹被二姐姐血脉压制,剧集,https://s.weibo.com/weibo?q=%23%E4%B8%89%E5%A6%B9%E5%A6%B9%E8%A2%AB%E4%BA%8C%E5%A7%90%E5%A7%90%E8%A1%80%E8%84%89%E5%8E%8B%E5%88%B6%23
2026-10-03,2026-10-03T13:26:16+08:00,微博,文娱热搜榜,微博热搜榜-文娱条目,,15,杜翠雀应该是兰香林锦岐的最后一难了,剧集,总榜排名 38；热度 130158；新,,杜翠雀应该是兰香林锦岐的最后一难了,剧集,https://s.weibo.com/weibo?q=%23%E6%9D%9C%E7%BF%A0%E9%9B%80%E5%BA%94%E8%AF%A5%E6%98%AF%E5%85%B0%E9%A6%99%E6%9E%97%E9%94%A6%E5%B2%90%E7%9A%84%E6%9C%80%E5%90%8E%E4%B8%80%E9%9A%BE%E4%BA%86%23
2026-10-03,2026-10-03T13:26:16+08:00,微博,文娱热搜榜,微博热搜榜-文娱条目,,16,田馥甄现在讲话要非常小心,艺人,总榜排名 41；热度 121708,,田馥甄现在讲话要非常小心,['田馥甄'],https://s.weibo.com/weibo?q=%23%E7%94%B0%E9%A6%A5%E7%94%84%E7%8E%B0%E5%9C%A8%E8%AE%B2%E8%AF%9D%E8%A6%81%E9%9D%9E%E5%B8%B8%E5%B0%8F%E5%BF%83%23
2026-10-03,2026-10-03T13:26:16+08:00,微博,文娱热搜榜,微博热搜榜-文娱条目,,17,律师称徐明浩新歌不构成抄袭,艺人,总榜排名 43；热度 119240,,律师称徐明浩新歌不构成抄袭,['徐明浩'],https://s.weibo.com/weibo?q=%23%E5%BE%8B%E5%B8%88%E7%A7%B0%E5%BE%90%E6%98%8E%E6%B5%A9%E6%96%B0%E6%AD%8C%E4%B8%8D%E6%9E%84%E6%88%90%E6%8A%84%E8%A2%AD%23
2026-10-03,2026-10-03T13:26:16+08:00,微博,文娱热搜榜,微博热搜榜-文娱条目,,18,陈楚生陈昊宇 认识了大概有36个小时,演出,总榜排名 47；热度 115508,,陈楚生陈昊宇 认识了大概有36个小时,演出,https://s.weibo.com/weibo?q=%23%E9%99%88%E6%A5%9A%E7%94%9F%E9%99%88%E6%98%8A%E5%AE%87%20%E8%AE%A4%E8%AF%86%E4%BA%86%E5%A4%A7%E6%A6%82%E6%9C%8936%E4%B8%AA%E5%B0%8F%E6%97%B6%23
2026-10-03,2026-10-03T13:26:16+08:00,微博,文娱热搜榜,微博热搜榜-文娱条目,,19,李光洙泡泡,艺人,总榜排名 48；热度 115257；新,,李光洙泡泡,['李光洙'],https://s.weibo.com/weibo?q=%23%E6%9D%8E%E5%85%89%E6%B4%99%E6%B3%A1%E6%B3%A1%23
