snapshot_date,captured_at,platform,chart,official_chart,platform_date,rank,song_name,artist,chart_metric,duration,song_id,album_id,source_url
2026-09-22,2026-09-22T13:07:27+08:00,QQ音乐,热歌榜,热歌榜,2026-09-22,1,那页夏天,王俊凯,新进,,726554373,001Dp4r216cqJL,https://y.qq.com/n/ryqq/toplist/26
2026-09-22,2026-09-22T13:07:27+08:00,QQ音乐,热歌榜,热歌榜,2026-09-22,2,茶汤,郁可唯,下降 1,,4936030,002iWKlh2DcjFL,https://y.qq.com/n/ryqq/toplist/26
2026-09-22,2026-09-22T13:07:27+08:00,QQ音乐,热歌榜,热歌榜,2026-09-22,3,我不难过,孙燕姿,下降 1,,8136,004VSvF52mQoQp,https://y.qq.com/n/ryqq/toplist/26
2026-09-22,2026-09-22T13:07:27+08:00,QQ音乐,热歌榜,热歌榜,2026-09-22,4,泪海,许茹芸,下降 1,,106585340,001Ugmj01giuzO,https://y.qq.com/n/ryqq/toplist/26
2026-09-22,2026-09-22T13:07:27+08:00,QQ音乐,热歌榜,热歌榜,2026-09-22,5,甲乙丙丁 (你我怎么两清),李佳薇,下降 1,,696262512,00446QRA1fTdqA,https://y.qq.com/n/ryqq/toplist/26
2026-09-22,2026-09-22T13:07:27+08:00,QQ音乐,热歌榜,热歌榜,2026-09-22,6,情歌,梁静茹,0,,462188,002E4IXe1ESUij,https://y.qq.com/n/ryqq/toplist/26
2026-09-22,2026-09-22T13:07:27+08:00,QQ音乐,热歌榜,热歌榜,2026-09-22,7,恋人,李荣浩,0,,496054946,004HaG7p4ZkhXA,https://y.qq.com/n/ryqq/toplist/26
2026-09-22,2026-09-22T13:07:27+08:00,QQ音乐,热歌榜,热歌榜,2026-09-22,8,我怀念的,孙燕姿,0,,5211338,000P3l050Olt27,https://y.qq.com/n/ryqq/toplist/26
2026-09-22,2026-09-22T13:07:27+08:00,QQ音乐,热歌榜,热歌榜,2026-09-22,9,雨爱,杨丞琳,上升 2,,645819,000jcKFG0sQrD0,https://y.qq.com/n/ryqq/toplist/26
2026-09-22,2026-09-22T13:07:27+08:00,QQ音乐,热歌榜,热歌榜,2026-09-22,10,开始懂了,孙燕姿,0,,5646,004KRIQr1oCp2A,https://y.qq.com/n/ryqq/toplist/26
2026-09-22,2026-09-22T13:07:27+08:00,QQ音乐,热歌榜,热歌榜,2026-09-22,11,素颜,许嵩/何曼婷,下降 2,,101813361,0035f8nw11cjkf,https://y.qq.com/n/ryqq/toplist/26
2026-09-22,2026-09-22T13:07:27+08:00,QQ音乐,热歌榜,热歌榜,2026-09-22,12,爱错,王力宏,0,,105905415,002ElVxf43rOue,https://y.qq.com/n/ryqq/toplist/26
2026-09-22,2026-09-22T13:07:27+08:00,QQ音乐,热歌榜,热歌榜,2026-09-22,13,Always Online,林俊杰,上升 2,,447257,002g6zv02X7SNi,https://y.qq.com/n/ryqq/toplist/26
2026-09-22,2026-09-22T13:07:27+08:00,QQ音乐,热歌榜,热歌榜,2026-09-22,14,特别的人,方大同,下降 1,,5293866,000GvdTR0qcKh8,https://y.qq.com/n/ryqq/toplist/26
2026-09-22,2026-09-22T13:07:27+08:00,QQ音乐,热歌榜,热歌榜,2026-09-22,15,唯一,G.E.M.邓紫棋,上升 5,,438910555,002d6m7k0xCbSv,https://y.qq.com/n/ryqq/toplist/26
2026-09-22,2026-09-22T13:07:27+08:00,QQ音乐,热歌榜,热歌榜,2026-09-22,16,红色高跟鞋,蔡健雅,上升 1,,624649,002dOge41xlS8x,https://y.qq.com/n/ryqq/toplist/26
2026-09-22,2026-09-22T13:07:27+08:00,QQ音乐,热歌榜,热歌榜,2026-09-22,17,盛夏的果实,莫文蔚,下降 3,,4830161,000KeV8l1PIjxt,https://y.qq.com/n/ryqq/toplist/26
2026-09-22,2026-09-22T13:07:27+08:00,QQ音乐,热歌榜,热歌榜,2026-09-22,18,演员,薛之谦,0,,102636799,003y8dsH2wBHlo,https://y.qq.com/n/ryqq/toplist/26
2026-09-22,2026-09-22T13:07:27+08:00,QQ音乐,热歌榜,热歌榜,2026-09-22,19,阴天,莫文蔚,0,,4830345,000hTTJN3oScZr,https://y.qq.com/n/ryqq/toplist/26
2026-09-22,2026-09-22T13:07:27+08:00,QQ音乐,热歌榜,热歌榜,2026-09-22,20,春娇与志明,街道办GDC/欧阳耀莹,上升 2,,205357640,000lrXyA0MlEEo,https://y.qq.com/n/ryqq/toplist/26
2026-09-22,2026-09-22T13:07:27+08:00,QQ音乐,热歌榜,热歌榜,2026-09-22,21,幻听,许嵩,下降 5,,1531817,004RbL3b0BDIe2,https://y.qq.com/n/ryqq/toplist/26
2026-09-22,2026-09-22T13:07:27+08:00,QQ音乐,热歌榜,热歌榜,2026-09-22,22,有何不可,许嵩,上升 1,,102296985,002KSDg90IaScI,https://y.qq.com/n/ryqq/toplist/26
2026-09-22,2026-09-22T13:07:27+08:00,QQ音乐,热歌榜,热歌榜,2026-09-22,23,失眠,Suki刘舒妤,下降 2,,4733575,002xCeeN4EJ1Ke,https://y.qq.com/n/ryqq/toplist/26
2026-09-22,2026-09-22T13:07:27+08:00,QQ音乐,热歌榜,热歌榜,2026-09-22,24,风月吻眉梢,礼越,上升 6,,586620109,001NXQwE1ywPDV,https://y.qq.com/n/ryqq/toplist/26
2026-09-22,2026-09-22T13:07:27+08:00,QQ音乐,热歌榜,热歌榜,2026-09-22,25,遇见,孙燕姿,下降 1,,8145,002ehzTm0TxXC2,https://y.qq.com/n/ryqq/toplist/26
2026-09-22,2026-09-22T13:07:27+08:00,QQ音乐,热歌榜,热歌榜,2026-09-22,26,江南,林俊杰,下降 1,,9063002,000y5gq7449K9I,https://y.qq.com/n/ryqq/toplist/26
2026-09-22,2026-09-22T13:07:27+08:00,QQ音乐,热歌榜,热歌榜,2026-09-22,27,富士山下,陈奕迅,上升 2,,260678,004Z85XP1c25b7,https://y.qq.com/n/ryqq/toplist/26
2026-09-22,2026-09-22T13:07:27+08:00,QQ音乐,热歌榜,热歌榜,2026-09-22,28,雨过后的风景,Dizzy Dizzo (蔡诗芸),下降 2,,1960263,0038xSkp1EcVBf,https://y.qq.com/n/ryqq/toplist/26
2026-09-22,2026-09-22T13:07:27+08:00,QQ音乐,热歌榜,热歌榜,2026-09-22,29,失温拥抱,陈楚生,下降 24,,726580165,003tCk1Q2iQHjx,https://y.qq.com/n/ryqq/toplist/26
2026-09-22,2026-09-22T13:07:27+08:00,QQ音乐,热歌榜,热歌榜,2026-09-22,30,美人鱼,林俊杰,下降 3,,95292,000y5gq7449K9I,https://y.qq.com/n/ryqq/toplist/26
2026-09-22,2026-09-22T13:07:27+08:00,QQ音乐,热歌榜,热歌榜,2026-09-22,31,我记得,赵雷,下降 3,,372639235,003QIVDT3UB8zG,https://y.qq.com/n/ryqq/toplist/26
2026-09-22,2026-09-22T13:07:27+08:00,QQ音乐,热歌榜,热歌榜,2026-09-22,32,偏爱,张芸京,0,,473137,003ha6C92GRuVE,https://y.qq.com/n/ryqq/toplist/26
2026-09-22,2026-09-22T13:07:27+08:00,QQ音乐,热歌榜,热歌榜,2026-09-22,33,我们俩,郭顶,上升 1,,105413206,003sMyYb4HZAAz,https://y.qq.com/n/ryqq/toplist/26
2026-09-22,2026-09-22T13:07:27+08:00,QQ音乐,热歌榜,热歌榜,2026-09-22,34,多远都要在一起,G.E.M.邓紫棋,下降 1,,102174489,003c616O2Zlswm,https://y.qq.com/n/ryqq/toplist/26
2026-09-22,2026-09-22T13:07:27+08:00,QQ音乐,热歌榜,热歌榜,2026-09-22,35,最佳损友,陈奕迅,下降 4,,1338414,002FT46H18G1jW,https://y.qq.com/n/ryqq/toplist/26
2026-09-22,2026-09-22T13:07:27+08:00,QQ音乐,热歌榜,热歌榜,2026-09-22,36,如愿,王菲,下降 1,,326584182,004Kbn3m2HV9Y3,https://y.qq.com/n/ryqq/toplist/26
2026-09-22,2026-09-22T13:07:27+08:00,QQ音乐,热歌榜,热歌榜,2026-09-22,37,十年,陈奕迅,下降 1,,4830342,000GDz8k03UOaI,https://y.qq.com/n/ryqq/toplist/26
2026-09-22,2026-09-22T13:07:27+08:00,QQ音乐,热歌榜,热歌榜,2026-09-22,38,晴天,周杰伦,上升 1,,97773,000MkMni19ClKG,https://y.qq.com/n/ryqq/toplist/26
2026-09-22,2026-09-22T13:07:27+08:00,QQ音乐,热歌榜,热歌榜,2026-09-22,39,玻璃,Gareth.T,上升 2,,666124541,002kIED92uw8L5,https://y.qq.com/n/ryqq/toplist/26
2026-09-22,2026-09-22T13:07:27+08:00,QQ音乐,热歌榜,热歌榜,2026-09-22,40,其实,薛之谦,下降 2,,104775877,000QgFcm0v8WaF,https://y.qq.com/n/ryqq/toplist/26
2026-09-22,2026-09-22T13:07:27+08:00,QQ音乐,热歌榜,热歌榜,2026-09-22,41,hey! hey! (Chinese ver.),TWS (투어스),新进,,727515816,003tx0K10uJ9VZ,https://y.qq.com/n/ryqq/toplist/26
2026-09-22,2026-09-22T13:07:27+08:00,QQ音乐,热歌榜,热歌榜,2026-09-22,42,如果当时,许嵩,下降 5,,460049,002KSDg90IaScI,https://y.qq.com/n/ryqq/toplist/26
2026-09-22,2026-09-22T13:07:27+08:00,QQ音乐,热歌榜,热歌榜,2026-09-22,43,樱花草,Sweety,上升 1,,481456,000pKXff1doeOd,https://y.qq.com/n/ryqq/toplist/26
2026-09-22,2026-09-22T13:07:27+08:00,QQ音乐,热歌榜,热歌榜,2026-09-22,44,青花,周传雄,下降 4,,102204539,001Vj7aX0PixwV,https://y.qq.com/n/ryqq/toplist/26
2026-09-22,2026-09-22T13:07:27+08:00,QQ音乐,热歌榜,热歌榜,2026-09-22,45,琵琶曲,郑浩/冰洁,下降 3,,627317850,002PmUzc12N5S7,https://y.qq.com/n/ryqq/toplist/26
2026-09-22,2026-09-22T13:07:27+08:00,QQ音乐,热歌榜,热歌榜,2026-09-22,46,最后一页,江语晨,上升 25,,721636,003FO4XF40Ky8L,https://y.qq.com/n/ryqq/toplist/26
2026-09-22,2026-09-22T13:07:27+08:00,QQ音乐,热歌榜,热歌榜,2026-09-22,47,海阔天空,BEYOND,下降 4,,4835784,002qcJuX3lO3EZ,https://y.qq.com/n/ryqq/toplist/26
2026-09-22,2026-09-22T13:07:27+08:00,QQ音乐,热歌榜,热歌榜,2026-09-22,48,黄昏,周传雄,下降 3,,526713,001U6x8f2uJhig,https://y.qq.com/n/ryqq/toplist/26
2026-09-22,2026-09-22T13:07:27+08:00,QQ音乐,热歌榜,热歌榜,2026-09-22,49,一直很安静,阿桑,上升 7,,448593,002fNZDg1LHT3o,https://y.qq.com/n/ryqq/toplist/26
2026-09-22,2026-09-22T13:07:27+08:00,QQ音乐,热歌榜,热歌榜,2026-09-22,50,ANGEL (天使),尹美莱 (윤미래)/Tiger JK/Bizzy (비지),上升 5,,101138130,000qiKcT05rSr9,https://y.qq.com/n/ryqq/toplist/26
2026-09-22,2026-09-22T13:07:27+08:00,QQ音乐,热歌榜,热歌榜,2026-09-22,51,坏女孩,徐良/小凌,下降 4,,7112749,002apRhZ4Bq99d,https://y.qq.com/n/ryqq/toplist/26
2026-09-22,2026-09-22T13:07:27+08:00,QQ音乐,热歌榜,热歌榜,2026-09-22,52,不将就,李荣浩,下降 2,,102367085,001fi1zG0EjU2u,https://y.qq.com/n/ryqq/toplist/26
2026-09-22,2026-09-22T13:07:27+08:00,QQ音乐,热歌榜,热歌榜,2026-09-22,53,天外来物,薛之谦,下降 5,,272125057,000K9Zp13TZp5s,https://y.qq.com/n/ryqq/toplist/26
2026-09-22,2026-09-22T13:07:27+08:00,QQ音乐,热歌榜,热歌榜,2026-09-22,54,认真的雪,薛之谦,下降 2,,1333803,003mUYW22JXKVK,https://y.qq.com/n/ryqq/toplist/26
2026-09-22,2026-09-22T13:07:27+08:00,QQ音乐,热歌榜,热歌榜,2026-09-22,55,我好像在哪见过你,薛之谦,下降 6,,107439472,000dcZ9I1nzO62,https://y.qq.com/n/ryqq/toplist/26
2026-09-22,2026-09-22T13:07:27+08:00,QQ音乐,热歌榜,热歌榜,2026-09-22,56,一个人想着一个人,曾沛慈,上升 35,,4716045,003wP0m32WRVql,https://y.qq.com/n/ryqq/toplist/26
2026-09-22,2026-09-22T13:07:27+08:00,QQ音乐,热歌榜,热歌榜,2026-09-22,57,碎碎念,队长,下降 11,,448738462,000DTFwk0oV4YR,https://y.qq.com/n/ryqq/toplist/26
2026-09-22,2026-09-22T13:07:27+08:00,QQ音乐,热歌榜,热歌榜,2026-09-22,58,下完这场雨,后弦,上升 6,,108787382,004ZXlA63dZBCa,https://y.qq.com/n/ryqq/toplist/26
2026-09-22,2026-09-22T13:07:27+08:00,QQ音乐,热歌榜,热歌榜,2026-09-22,59,失控,井迪,下降 1,,284945036,0014Iqfp1PMAbs,https://y.qq.com/n/ryqq/toplist/26
2026-09-22,2026-09-22T13:07:27+08:00,QQ音乐,热歌榜,热歌榜,2026-09-22,60,泡沫,G.E.M.邓紫棋,下降 6,,1530858,002YFufr4bXZyI,https://y.qq.com/n/ryqq/toplist/26
2026-09-22,2026-09-22T13:07:27+08:00,QQ音乐,热歌榜,热歌榜,2026-09-22,61,出现又离开 (Live),梁博,下降 10,,231594573,000eQZ1q4g6AsF,https://y.qq.com/n/ryqq/toplist/26
2026-09-22,2026-09-22T13:07:27+08:00,QQ音乐,热歌榜,热歌榜,2026-09-22,62,爱我还是他,陶喆,下降 5,,7211247,003ofGzS3C23Ow,https://y.qq.com/n/ryqq/toplist/26
2026-09-22,2026-09-22T13:07:27+08:00,QQ音乐,热歌榜,热歌榜,2026-09-22,63,多余的解释,许嵩,0,,460866,002KSDg90IaScI,https://y.qq.com/n/ryqq/toplist/26
2026-09-22,2026-09-22T13:07:27+08:00,QQ音乐,热歌榜,热歌榜,2026-09-22,64,心墙,郭静,下降 11,,474797,003EHcB24J8t9Z,https://y.qq.com/n/ryqq/toplist/26
2026-09-22,2026-09-22T13:07:27+08:00,QQ音乐,热歌榜,热歌榜,2026-09-22,65,Thank You,王嘉尔,新进,,724877831,003vrrNQ1DkSEN,https://y.qq.com/n/ryqq/toplist/26
2026-09-22,2026-09-22T13:07:27+08:00,QQ音乐,热歌榜,热歌榜,2026-09-22,66,茶花开了，该回家了,王睿卓/加木,上升 40,,553433850,001KCGcF29Na3i,https://y.qq.com/n/ryqq/toplist/26
2026-09-22,2026-09-22T13:07:27+08:00,QQ音乐,热歌榜,热歌榜,2026-09-22,67,离开我的依赖,王艳薇,下降 7,,253383943,004CSyAN1oc97b,https://y.qq.com/n/ryqq/toplist/26
2026-09-22,2026-09-22T13:07:27+08:00,QQ音乐,热歌榜,热歌榜,2026-09-22,68,瞬,郑润泽,下降 9,,422061155,001qvyI10urb5z,https://y.qq.com/n/ryqq/toplist/26
2026-09-22,2026-09-22T13:07:27+08:00,QQ音乐,热歌榜,热歌榜,2026-09-22,69,冻结,林俊杰,下降 1,,101659148,002vlOfM1X5TQ0,https://y.qq.com/n/ryqq/toplist/26
2026-09-22,2026-09-22T13:07:27+08:00,QQ音乐,热歌榜,热歌榜,2026-09-22,70,我好想你 (苏打绿版),苏打绿,下降 1,,4884947,004QF5kp0jgyba,https://y.qq.com/n/ryqq/toplist/26
2026-09-22,2026-09-22T13:07:27+08:00,QQ音乐,热歌榜,热歌榜,2026-09-22,71,Letting Go,蔡健雅,下降 6,,1030353,001aC9dM35U6KB,https://y.qq.com/n/ryqq/toplist/26
2026-09-22,2026-09-22T13:07:27+08:00,QQ音乐,热歌榜,热歌榜,2026-09-22,72,背对背拥抱,林俊杰,下降 6,,648231,002C0kX720gMQi,https://y.qq.com/n/ryqq/toplist/26
2026-09-22,2026-09-22T13:07:27+08:00,QQ音乐,热歌榜,热歌榜,2026-09-22,73,天龙八部之宿敌,许嵩,下降 11,,4829554,002JzRQD2zjvxG,https://y.qq.com/n/ryqq/toplist/26
2026-09-22,2026-09-22T13:07:27+08:00,QQ音乐,热歌榜,热歌榜,2026-09-22,74,牡丹亭,浅影阿,下降 13,,715894658,002oqXGl2YFXsJ,https://y.qq.com/n/ryqq/toplist/26
2026-09-22,2026-09-22T13:07:27+08:00,QQ音乐,热歌榜,热歌榜,2026-09-22,75,至少还有你,林忆莲,下降 5,,102204563,001JqgRv0mRHEQ,https://y.qq.com/n/ryqq/toplist/26
2026-09-22,2026-09-22T13:07:27+08:00,QQ音乐,热歌榜,热歌榜,2026-09-22,76,会呼吸的痛,梁静茹,下降 9,,411228,002oy2Mp3I8Rgo,https://y.qq.com/n/ryqq/toplist/26
2026-09-22,2026-09-22T13:07:27+08:00,QQ音乐,热歌榜,热歌榜,2026-09-22,77,修炼爱情,林俊杰,0,,5063375,001gqOnU3DTg2S,https://y.qq.com/n/ryqq/toplist/26
2026-09-22,2026-09-22T13:07:27+08:00,QQ音乐,热歌榜,热歌榜,2026-09-22,78,倒数,G.E.M.邓紫棋,下降 2,,215540451,003cKIKZ1J4Yyu,https://y.qq.com/n/ryqq/toplist/26
2026-09-22,2026-09-22T13:07:27+08:00,QQ音乐,热歌榜,热歌榜,2026-09-22,79,爱情讯息,郭静,上升 1,,876549,003PKZMI1Wyx1A,https://y.qq.com/n/ryqq/toplist/26
2026-09-22,2026-09-22T13:07:27+08:00,QQ音乐,热歌榜,热歌榜,2026-09-22,80,无名的人,毛不易,上升 9,,336582682,002mPgSG01LLtu,https://y.qq.com/n/ryqq/toplist/26
2026-09-22,2026-09-22T13:07:27+08:00,QQ音乐,热歌榜,热歌榜,2026-09-22,81,光年之外,G.E.M.邓紫棋,0,,200255722,001mTkmb4GJlh4,https://y.qq.com/n/ryqq/toplist/26
2026-09-22,2026-09-22T13:07:27+08:00,QQ音乐,热歌榜,热歌榜,2026-09-22,82,第57次取消发送,菲菲公主（陆绮菲）,0,,560063927,000KrDC019mc82,https://y.qq.com/n/ryqq/toplist/26
2026-09-22,2026-09-22T13:07:27+08:00,QQ音乐,热歌榜,热歌榜,2026-09-22,83,如果可以,韦礼安,下降 10,,330977131,003WBcyJ1siUkh,https://y.qq.com/n/ryqq/toplist/26
2026-09-22,2026-09-22T13:07:27+08:00,QQ音乐,热歌榜,热歌榜,2026-09-22,84,成都,赵雷,下降 12,,200790315,003ltiMR4RSrgo,https://y.qq.com/n/ryqq/toplist/26
2026-09-22,2026-09-22T13:07:27+08:00,QQ音乐,热歌榜,热歌榜,2026-09-22,85,刻在我心底的名字,卢广仲,下降 11,,316472364,004QG0W52P5GUq,https://y.qq.com/n/ryqq/toplist/26
2026-09-22,2026-09-22T13:07:27+08:00,QQ音乐,热歌榜,热歌榜,2026-09-22,86,勇气,梁静茹,下降 7,,4830164,001DEgPu1004bl,https://y.qq.com/n/ryqq/toplist/26
2026-09-22,2026-09-22T13:07:27+08:00,QQ音乐,热歌榜,热歌榜,2026-09-22,87,我们的歌,王力宏,0,,102193483,002Zwh5p4HgecI,https://y.qq.com/n/ryqq/toplist/26
2026-09-22,2026-09-22T13:07:27+08:00,QQ音乐,热歌榜,热歌榜,2026-09-22,88,愿与愁,林俊杰,下降 2,,405007729,004ZOIop1doXru,https://y.qq.com/n/ryqq/toplist/26
2026-09-22,2026-09-22T13:07:27+08:00,QQ音乐,热歌榜,热歌榜,2026-09-22,89,后来,刘若英,下降 11,,4830150,0017zqT34WuQwa,https://y.qq.com/n/ryqq/toplist/26
2026-09-22,2026-09-22T13:07:27+08:00,QQ音乐,热歌榜,热歌榜,2026-09-22,90,野心家,张靓颖,下降 15,,591592617,003TmXW52e0F4P,https://y.qq.com/n/ryqq/toplist/26
2026-09-22,2026-09-22T13:07:27+08:00,QQ音乐,热歌榜,热歌榜,2026-09-22,91,可不可以,张紫豪,下降 6,,213958134,004VR1w241uBhB,https://y.qq.com/n/ryqq/toplist/26
2026-09-22,2026-09-22T13:07:27+08:00,QQ音乐,热歌榜,热歌榜,2026-09-22,92,IF YOU,BIGBANG (빅뱅),下降 4,,102793935,001xpUdt2jEjWu,https://y.qq.com/n/ryqq/toplist/26
2026-09-22,2026-09-22T13:07:27+08:00,QQ音乐,热歌榜,热歌榜,2026-09-22,93,下一个天亮,郭静,下降 10,,876541,003PKZMI1Wyx1A,https://y.qq.com/n/ryqq/toplist/26
2026-09-22,2026-09-22T13:07:27+08:00,QQ音乐,热歌榜,热歌榜,2026-09-22,94,句号,G.E.M.邓紫棋,下降 2,,247347346,0049MVh824D7bM,https://y.qq.com/n/ryqq/toplist/26
2026-09-22,2026-09-22T13:07:27+08:00,QQ音乐,热歌榜,热歌榜,2026-09-22,95,麦恩莉,方大同,下降 11,,2550926,000ih4iv3HCmno,https://y.qq.com/n/ryqq/toplist/26
2026-09-22,2026-09-22T13:07:27+08:00,QQ音乐,热歌榜,热歌榜,2026-09-22,96,可惜没如果,林俊杰,下降 2,,330621486,0033R2xQ2I0Uyf,https://y.qq.com/n/ryqq/toplist/26
2026-09-22,2026-09-22T13:07:27+08:00,QQ音乐,热歌榜,热歌榜,2026-09-22,97,明天过后,张杰,上升 7,,273032694,000pVkCf3KsUQ9,https://y.qq.com/n/ryqq/toplist/26
2026-09-22,2026-09-22T13:07:27+08:00,QQ音乐,热歌榜,热歌榜,2026-09-22,98,后会无期,徐良/汪苏泷,上升 1,,7112743,002apRhZ4Bq99d,https://y.qq.com/n/ryqq/toplist/26
2026-09-22,2026-09-22T13:07:27+08:00,QQ音乐,热歌榜,热歌榜,2026-09-22,99,一样的月光,徐佳莹,上升 6,,7063423,000cchEp2CGNEf,https://y.qq.com/n/ryqq/toplist/26
2026-09-22,2026-09-22T13:07:27+08:00,QQ音乐,热歌榜,热歌榜,2026-09-22,100,夏夜最后的烟火,颜人中,上升 1,,459088908,002tspXk0JB6qZ,https://y.qq.com/n/ryqq/toplist/26
2026-09-22,2026-09-22T13:07:27+08:00,QQ音乐,飙升榜,飙升榜,2026-09-22,1,那页夏天,王俊凯,热度 170%,,726554373,001Dp4r216cqJL,https://y.qq.com/n/ryqq/toplist/62
2026-09-22,2026-09-22T13:07:27+08:00,QQ音乐,飙升榜,飙升榜,2026-09-22,2,hey! hey! (Chinese ver.),TWS (투어스),热度 39%,,727515816,003tx0K10uJ9VZ,https://y.qq.com/n/ryqq/toplist/62
2026-09-22,2026-09-22T13:07:27+08:00,QQ音乐,飙升榜,飙升榜,2026-09-22,3,Thank You,王嘉尔,热度 32%,,724877831,003vrrNQ1DkSEN,https://y.qq.com/n/ryqq/toplist/62
2026-09-22,2026-09-22T13:07:27+08:00,QQ音乐,飙升榜,飙升榜,2026-09-22,4,六月的雨,胡歌,热度 16%,,448590,002fNZDg1LHT3o,https://y.qq.com/n/ryqq/toplist/62
2026-09-22,2026-09-22T13:07:27+08:00,QQ音乐,飙升榜,飙升榜,2026-09-22,5,慢慢,张学友,热度 13%,,1250002,001DQJ5G0ErywD,https://y.qq.com/n/ryqq/toplist/62
2026-09-22,2026-09-22T13:07:27+08:00,QQ音乐,飙升榜,飙升榜,2026-09-22,6,借过一下,周深,热度 11%,,489462085,001jyyWD1QT1wS,https://y.qq.com/n/ryqq/toplist/62
2026-09-22,2026-09-22T13:07:27+08:00,QQ音乐,飙升榜,飙升榜,2026-09-22,7,过期食品,张靓颖,热度 10%,,726546693,003USElG3djtws,https://y.qq.com/n/ryqq/toplist/62
2026-09-22,2026-09-22T13:07:27+08:00,QQ音乐,飙升榜,飙升榜,2026-09-22,8,阳光普照,容祖儿,热度 10%,,726900530,001NFFDN1npiPC,https://y.qq.com/n/ryqq/toplist/62
2026-09-22,2026-09-22T13:07:27+08:00,QQ音乐,飙升榜,飙升榜,2026-09-22,9,我所知道的修辞手法,张靓颖,热度 10%,,726546625,003USElG3djtws,https://y.qq.com/n/ryqq/toplist/62
2026-09-22,2026-09-22T13:07:27+08:00,QQ音乐,飙升榜,飙升榜,2026-09-22,10,加码,张靓颖,热度 9%,,726546709,003USElG3djtws,https://y.qq.com/n/ryqq/toplist/62
2026-09-22,2026-09-22T13:07:27+08:00,QQ音乐,飙升榜,飙升榜,2026-09-22,11,一个人想着一个人,曾沛慈,热度 8%,,4716045,003wP0m32WRVql,https://y.qq.com/n/ryqq/toplist/62
2026-09-22,2026-09-22T13:07:27+08:00,QQ音乐,飙升榜,飙升榜,2026-09-22,12,Steal The Moon,王俊凯,热度 8%,,690924478,001Dp4r216cqJL,https://y.qq.com/n/ryqq/toplist/62
2026-09-22,2026-09-22T13:07:27+08:00,QQ音乐,飙升榜,飙升榜,2026-09-22,13,疑疑疑,王俊凯,热度 7%,,696865201,001Dp4r216cqJL,https://y.qq.com/n/ryqq/toplist/62
2026-09-22,2026-09-22T13:07:27+08:00,QQ音乐,飙升榜,飙升榜,2026-09-22,14,真爱,183club,热度 7%,,253141,001LMCtv0mgXpt,https://y.qq.com/n/ryqq/toplist/62
2026-09-22,2026-09-22T13:07:27+08:00,QQ音乐,飙升榜,飙升榜,2026-09-22,15,俗人,李启萌,热度 7%,,727774655,000aSB4s0SM0qd,https://y.qq.com/n/ryqq/toplist/62
2026-09-22,2026-09-22T13:07:27+08:00,QQ音乐,飙升榜,飙升榜,2026-09-22,16,千年泪,Tank,热度 7%,,100930,001ZmNw23UjRCj,https://y.qq.com/n/ryqq/toplist/62
2026-09-22,2026-09-22T13:07:27+08:00,QQ音乐,飙升榜,飙升榜,2026-09-22,17,茶花开了，该回家了,王睿卓/加木,热度 7%,,553433850,001KCGcF29Na3i,https://y.qq.com/n/ryqq/toplist/62
2026-09-22,2026-09-22T13:07:27+08:00,QQ音乐,飙升榜,飙升榜,2026-09-22,18,无声潮汐,王俊凯,热度 7%,,696865190,001Dp4r216cqJL,https://y.qq.com/n/ryqq/toplist/62
2026-09-22,2026-09-22T13:07:27+08:00,QQ音乐,飙升榜,飙升榜,2026-09-22,19,真相,王俊凯,热度 7%,,690924880,001Dp4r216cqJL,https://y.qq.com/n/ryqq/toplist/62
2026-09-22,2026-09-22T13:07:27+08:00,QQ音乐,飙升榜,飙升榜,2026-09-22,20,湾,王菲,热度 7%,,326071388,001Wtftk3tLOtU,https://y.qq.com/n/ryqq/toplist/62
2026-09-22,2026-09-22T13:07:27+08:00,QQ音乐,飙升榜,飙升榜,2026-09-22,21,Badi Badi,王俊凯,热度 7%,,705544282,001Dp4r216cqJL,https://y.qq.com/n/ryqq/toplist/62
2026-09-22,2026-09-22T13:07:27+08:00,QQ音乐,飙升榜,飙升榜,2026-09-22,22,I Love This Life,王俊凯,热度 6%,,690924479,001Dp4r216cqJL,https://y.qq.com/n/ryqq/toplist/62
2026-09-22,2026-09-22T13:07:27+08:00,QQ音乐,飙升榜,飙升榜,2026-09-22,23,无人乐园,王俊凯,热度 6%,,651444837,001Dp4r216cqJL,https://y.qq.com/n/ryqq/toplist/62
2026-09-22,2026-09-22T13:07:27+08:00,QQ音乐,飙升榜,飙升榜,2026-09-22,24,茶花开了,王睿卓,热度 6%,,546815722,00419kHt1vIQje,https://y.qq.com/n/ryqq/toplist/62
2026-09-22,2026-09-22T13:07:27+08:00,QQ音乐,飙升榜,飙升榜,2026-09-22,25,从前,王俊凯,热度 6%,,690925000,001Dp4r216cqJL,https://y.qq.com/n/ryqq/toplist/62
2026-09-22,2026-09-22T13:07:27+08:00,QQ音乐,飙升榜,飙升榜,2026-09-22,26,世界第一等,卡宾先生,热度 6%,,721297705,004NQAqh1W0HOy,https://y.qq.com/n/ryqq/toplist/62
2026-09-22,2026-09-22T13:07:27+08:00,QQ音乐,飙升榜,飙升榜,2026-09-22,27,大概,王俊凯,热度 5%,,552776178,001Dp4r216cqJL,https://y.qq.com/n/ryqq/toplist/62
2026-09-22,2026-09-22T13:07:27+08:00,QQ音乐,飙升榜,飙升榜,2026-09-22,28,我难过,5566,热度 5%,,226632,004PXXWa2qrtPN,https://y.qq.com/n/ryqq/toplist/62
2026-09-22,2026-09-22T13:07:27+08:00,QQ音乐,飙升榜,飙升榜,2026-09-22,29,幻梦,王俊凯,热度 5%,,696865202,001Dp4r216cqJL,https://y.qq.com/n/ryqq/toplist/62
2026-09-22,2026-09-22T13:07:27+08:00,QQ音乐,飙升榜,飙升榜,2026-09-22,30,情深深雨濛濛,杨胖雨,热度 5%,,232687484,002lM0pQ3ylmFW,https://y.qq.com/n/ryqq/toplist/62
2026-09-22,2026-09-22T13:07:27+08:00,QQ音乐,飙升榜,飙升榜,2026-09-22,31,24个比利 (Live),孙楠/李光洁/王赫野/张卓尔/POLARIX-邵子恒,热度 5%,,727209110,003mEK9i2tKBzf,https://y.qq.com/n/ryqq/toplist/62
2026-09-22,2026-09-22T13:07:27+08:00,QQ音乐,飙升榜,飙升榜,2026-09-22,32,下一天,王俊凯,热度 5%,,705544283,001Dp4r216cqJL,https://y.qq.com/n/ryqq/toplist/62
2026-09-22,2026-09-22T13:07:27+08:00,QQ音乐,飙升榜,飙升榜,2026-09-22,33,树读,王俊凯,热度 5%,,108030930,0022vZQA3f1Tuj,https://y.qq.com/n/ryqq/toplist/62
2026-09-22,2026-09-22T13:07:27+08:00,QQ音乐,飙升榜,飙升榜,2026-09-22,34,冷空气的气味 (Remix),方世杰,热度 5%,,724675681,003OUBY23lHu2P,https://y.qq.com/n/ryqq/toplist/62
2026-09-22,2026-09-22T13:07:27+08:00,QQ音乐,飙升榜,飙升榜,2026-09-22,35,情人,BEYOND,热度 5%,,4835788,002qcJuX3lO3EZ,https://y.qq.com/n/ryqq/toplist/62
2026-09-22,2026-09-22T13:07:27+08:00,QQ音乐,飙升榜,飙升榜,2026-09-22,36,最后一页,江语晨,热度 5%,,721636,003FO4XF40Ky8L,https://y.qq.com/n/ryqq/toplist/62
2026-09-22,2026-09-22T13:07:27+08:00,QQ音乐,飙升榜,飙升榜,2026-09-22,37,泪海,许茹芸,热度 4%,,106585340,001Ugmj01giuzO,https://y.qq.com/n/ryqq/toplist/62
2026-09-22,2026-09-22T13:07:27+08:00,QQ音乐,飙升榜,飙升榜,2026-09-22,38,冷空气的气味,DJ小虾米,热度 4%,,726277098,0040qMzP2euBvN,https://y.qq.com/n/ryqq/toplist/62
2026-09-22,2026-09-22T13:07:27+08:00,QQ音乐,飙升榜,飙升榜,2026-09-22,39,逍遥叹,胡歌,热度 4%,,448596,002fNZDg1LHT3o,https://y.qq.com/n/ryqq/toplist/62
2026-09-22,2026-09-22T13:07:27+08:00,QQ音乐,飙升榜,飙升榜,2026-09-22,40,假装快乐,呆呆破,热度 4%,,313296319,0002hbUw3rjgXr,https://y.qq.com/n/ryqq/toplist/62
2026-09-22,2026-09-22T13:07:27+08:00,QQ音乐,飙升榜,飙升榜,2026-09-22,41,祝福祖国,顿珠拉姆,热度 4%,,717482831,000SI6As1nYRHV,https://y.qq.com/n/ryqq/toplist/62
2026-09-22,2026-09-22T13:07:27+08:00,QQ音乐,飙升榜,飙升榜,2026-09-22,42,还你茉莉,单依纯,热度 4%,,629445591,004gPVrt3VT15f,https://y.qq.com/n/ryqq/toplist/62
2026-09-22,2026-09-22T13:07:27+08:00,QQ音乐,飙升榜,飙升榜,2026-09-22,43,盖世英雄,王力宏/欧阳靖/李岩,热度 4%,,105905350,001a0Dts37jw2M,https://y.qq.com/n/ryqq/toplist/62
2026-09-22,2026-09-22T13:07:27+08:00,QQ音乐,飙升榜,飙升榜,2026-09-22,44,美,王力宏,热度 4%,,740365,002iWU6B2ZvA8V,https://y.qq.com/n/ryqq/toplist/62
2026-09-22,2026-09-22T13:07:27+08:00,QQ音乐,飙升榜,飙升榜,2026-09-22,45,过敏,杨丞琳,热度 4%,,1631255,0045iyum28ISvd,https://y.qq.com/n/ryqq/toplist/62
2026-09-22,2026-09-22T13:07:27+08:00,QQ音乐,飙升榜,飙升榜,2026-09-22,46,好想好想,古巨基,热度 4%,,105101421,003XqDlj393kQi,https://y.qq.com/n/ryqq/toplist/62
2026-09-22,2026-09-22T13:07:27+08:00,QQ音乐,飙升榜,飙升榜,2026-09-22,47,如期,王俊凯,热度 4%,,696865186,001Dp4r216cqJL,https://y.qq.com/n/ryqq/toplist/62
2026-09-22,2026-09-22T13:07:27+08:00,QQ音乐,飙升榜,飙升榜,2026-09-22,48,过,王嘉尔/林俊杰,热度 4%,,625437208,004Blbw51R7eFw,https://y.qq.com/n/ryqq/toplist/62
2026-09-22,2026-09-22T13:07:27+08:00,QQ音乐,飙升榜,飙升榜,2026-09-22,49,一直很安静,阿桑,热度 4%,,448593,002fNZDg1LHT3o,https://y.qq.com/n/ryqq/toplist/62
2026-09-22,2026-09-22T13:07:27+08:00,QQ音乐,飙升榜,飙升榜,2026-09-22,50,破晓,王俊凯,热度 4%,,705544281,001Dp4r216cqJL,https://y.qq.com/n/ryqq/toplist/62
2026-09-22,2026-09-22T13:07:27+08:00,QQ音乐,飙升榜,飙升榜,2026-09-22,51,祝福祖国 (合唱版),苏娜,热度 3%,,726574340,000EjCC23IzBNN,https://y.qq.com/n/ryqq/toplist/62
2026-09-22,2026-09-22T13:07:27+08:00,QQ音乐,飙升榜,飙升榜,2026-09-22,52,情歌,梁静茹,热度 3%,,462188,002E4IXe1ESUij,https://y.qq.com/n/ryqq/toplist/62
2026-09-22,2026-09-22T13:07:27+08:00,QQ音乐,飙升榜,飙升榜,2026-09-22,53,你会找到我,王俊凯,热度 3%,,651444707,001Dp4r216cqJL,https://y.qq.com/n/ryqq/toplist/62
2026-09-22,2026-09-22T13:07:27+08:00,QQ音乐,飙升榜,飙升榜,2026-09-22,54,秒针,李克勤/王赫野,热度 3%,,326054081,003Mppnh2Rwe6w,https://y.qq.com/n/ryqq/toplist/62
2026-09-22,2026-09-22T13:07:27+08:00,QQ音乐,飙升榜,飙升榜,2026-09-22,55,恋爱新手,BOBO,热度 3%,,424919,003TmSrL0a7Zno,https://y.qq.com/n/ryqq/toplist/62
2026-09-22,2026-09-22T13:07:27+08:00,QQ音乐,飙升榜,飙升榜,2026-09-22,56,如果累了就回故乡 (少年版),酷酷里/面妹孔佳奇,热度 3%,,716724166,00286d6v3Td13Y,https://y.qq.com/n/ryqq/toplist/62
2026-09-22,2026-09-22T13:07:27+08:00,QQ音乐,飙升榜,飙升榜,2026-09-22,57,Stay,王俊凯,热度 3%,,696865204,001Dp4r216cqJL,https://y.qq.com/n/ryqq/toplist/62
2026-09-22,2026-09-22T13:07:27+08:00,QQ音乐,飙升榜,飙升榜,2026-09-22,58,赛勒斯的爱,张敬轩,热度 3%,,355771285,002Sk3wC2tut95,https://y.qq.com/n/ryqq/toplist/62
2026-09-22,2026-09-22T13:07:27+08:00,QQ音乐,飙升榜,飙升榜,2026-09-22,59,September,"Earth, Wind & Fire",热度 3%,,231945488,002pUF2H37p6xS,https://y.qq.com/n/ryqq/toplist/62
2026-09-22,2026-09-22T13:07:27+08:00,QQ音乐,飙升榜,飙升榜,2026-09-22,60,谢谢一辈子,成龙,热度 3%,,215707388,004SX2My13yjrq,https://y.qq.com/n/ryqq/toplist/62
2026-09-22,2026-09-22T13:07:27+08:00,QQ音乐,飙升榜,飙升榜,2026-09-22,61,花太香,任贤齐,热度 3%,,4931390,001hKNr10Isy86,https://y.qq.com/n/ryqq/toplist/62
2026-09-22,2026-09-22T13:07:27+08:00,QQ音乐,飙升榜,飙升榜,2026-09-22,62,SWIM,BTS (防弹少年团),热度 3%,,649797583,003uMdMO0zGnIu,https://y.qq.com/n/ryqq/toplist/62
2026-09-22,2026-09-22T13:07:27+08:00,QQ音乐,飙升榜,飙升榜,2026-09-22,63,我 (Live),王源,热度 3%,,224418941,0010gwej1wV5Ds,https://y.qq.com/n/ryqq/toplist/62
2026-09-22,2026-09-22T13:07:27+08:00,QQ音乐,飙升榜,飙升榜,2026-09-22,64,失温拥抱,陈楚生,热度 3%,,726580165,003tCk1Q2iQHjx,https://y.qq.com/n/ryqq/toplist/62
2026-09-22,2026-09-22T13:07:27+08:00,QQ音乐,飙升榜,飙升榜,2026-09-22,65,焕蓝·未来（Karry On）,王俊凯,热度 3%,,204173113,000CDc8Y38tioe,https://y.qq.com/n/ryqq/toplist/62
2026-09-22,2026-09-22T13:07:27+08:00,QQ音乐,飙升榜,飙升榜,2026-09-22,66,Why Why Why,王嘉尔,热度 3%,,389946386,0004RBSO0XOBLz,https://y.qq.com/n/ryqq/toplist/62
2026-09-22,2026-09-22T13:07:27+08:00,QQ音乐,飙升榜,飙升榜,2026-09-22,67,我们好像在哪见过,杨宗纬/叶蓓,热度 2%,,5046526,003XRJ3n4NVGbB,https://y.qq.com/n/ryqq/toplist/62
2026-09-22,2026-09-22T13:07:27+08:00,QQ音乐,飙升榜,飙升榜,2026-09-22,68,天下,张杰,热度 2%,,273032704,000pVkCf3KsUQ9,https://y.qq.com/n/ryqq/toplist/62
2026-09-22,2026-09-22T13:07:27+08:00,QQ音乐,飙升榜,飙升榜,2026-09-22,69,Papillon,王嘉尔,热度 2%,,203695796,0003WbEU12KMB7,https://y.qq.com/n/ryqq/toplist/62
2026-09-22,2026-09-22T13:07:27+08:00,QQ音乐,飙升榜,飙升榜,2026-09-22,70,不是对手,李圣杰,热度 2%,,4932608,000PqsbU0ZdEk8,https://y.qq.com/n/ryqq/toplist/62
2026-09-22,2026-09-22T13:07:27+08:00,QQ音乐,飙升榜,飙升榜,2026-09-22,71,I Love You 3000 II,88rising/Stephanie Poetri/王嘉尔,热度 2%,,253030467,001DVrEP3gWqDN,https://y.qq.com/n/ryqq/toplist/62
2026-09-22,2026-09-22T13:07:27+08:00,QQ音乐,飙升榜,飙升榜,2026-09-22,72,BLUE (蓝色),BIGBANG (빅뱅),热度 2%,,1148636,001FFpMe09To1V,https://y.qq.com/n/ryqq/toplist/62
2026-09-22,2026-09-22T13:07:27+08:00,QQ音乐,飙升榜,飙升榜,2026-09-22,73,缺氧,安苏羽,热度 2%,,211988085,003AzWkp3LWG8d,https://y.qq.com/n/ryqq/toplist/62
2026-09-22,2026-09-22T13:07:27+08:00,QQ音乐,飙升榜,飙升榜,2026-09-22,74,回望,王俊凯,热度 2%,,427948524,000fEClg3DkBqB,https://y.qq.com/n/ryqq/toplist/62
2026-09-22,2026-09-22T13:07:27+08:00,QQ音乐,飙升榜,飙升榜,2026-09-22,75,我不难过,en (王翊恩),热度 2%,,721259969,0003rhC13n0mp5,https://y.qq.com/n/ryqq/toplist/62
2026-09-22,2026-09-22T13:07:27+08:00,QQ音乐,飙升榜,飙升榜,2026-09-22,76,该死的温柔 (Live),王嘉尔,热度 2%,,218763496,0036j7wI1lqdIF,https://y.qq.com/n/ryqq/toplist/62
2026-09-22,2026-09-22T13:07:27+08:00,QQ音乐,飙升榜,飙升榜,2026-09-22,77,梦一场,那英,热度 2%,,99945,004UUP4h2fn0nD,https://y.qq.com/n/ryqq/toplist/62
2026-09-22,2026-09-22T13:07:27+08:00,QQ音乐,飙升榜,飙升榜,2026-09-22,78,九月底,余佳运,热度 2%,,221152444,001zatqo1OOPqI,https://y.qq.com/n/ryqq/toplist/62
2026-09-22,2026-09-22T13:07:27+08:00,QQ音乐,飙升榜,飙升榜,2026-09-22,79,指纹,胡歌,热度 2%,,101263968,00217zf11667qY,https://y.qq.com/n/ryqq/toplist/62
2026-09-22,2026-09-22T13:07:27+08:00,QQ音乐,飙升榜,飙升榜,2026-09-22,80,外面的世界,齐秦,热度 2%,,2552478,003e5uS93rdNDL,https://y.qq.com/n/ryqq/toplist/62
2026-09-22,2026-09-22T13:07:27+08:00,QQ音乐,飙升榜,飙升榜,2026-09-22,81,酒干倘卖无,苏芮,热度 2%,,102371771,0044zQjY2cJHAs,https://y.qq.com/n/ryqq/toplist/62
2026-09-22,2026-09-22T13:07:27+08:00,QQ音乐,飙升榜,飙升榜,2026-09-22,82,牵手,苏芮,热度 2%,,837574,002bx63V27n074,https://y.qq.com/n/ryqq/toplist/62
2026-09-22,2026-09-22T13:07:27+08:00,QQ音乐,飙升榜,飙升榜,2026-09-22,83,冬季来的女人,林忆莲/王杰,热度 2%,,104425963,001q4r5I3Uv1re,https://y.qq.com/n/ryqq/toplist/62
2026-09-22,2026-09-22T13:07:27+08:00,QQ音乐,飙升榜,飙升榜,2026-09-22,84,麻花情,海来阿木,热度 2%,,724656962,002RiR871tVNtY,https://y.qq.com/n/ryqq/toplist/62
2026-09-22,2026-09-22T13:07:27+08:00,QQ音乐,飙升榜,飙升榜,2026-09-22,85,静待清光,许明明,热度 2%,,725475725,0021qULK1SOlYo,https://y.qq.com/n/ryqq/toplist/62
2026-09-22,2026-09-22T13:07:27+08:00,QQ音乐,飙升榜,飙升榜,2026-09-22,86,莫伤怀,藏族次仁大叔,热度 2%,,727432526,003LvlyR4B9rdi,https://y.qq.com/n/ryqq/toplist/62
2026-09-22,2026-09-22T13:07:27+08:00,QQ音乐,飙升榜,飙升榜,2026-09-22,87,难得有情人,关淑怡,热度 2%,,1431022,002LMLuf45e4Sl,https://y.qq.com/n/ryqq/toplist/62
2026-09-22,2026-09-22T13:07:27+08:00,QQ音乐,飙升榜,飙升榜,2026-09-22,88,花开在刚刚好,田宝亮,热度 2%,,722042942,001QzRLg3BxOPw,https://y.qq.com/n/ryqq/toplist/62
2026-09-22,2026-09-22T13:07:27+08:00,QQ音乐,飙升榜,飙升榜,2026-09-22,89,情非得已,庾澄庆,热度 2%,,4801264,002txODq44rjEe,https://y.qq.com/n/ryqq/toplist/62
2026-09-22,2026-09-22T13:07:27+08:00,QQ音乐,飙升榜,飙升榜,2026-09-22,90,黄土谣,石满仓,热度 2%,,726309503,003vAEoK3YX1op,https://y.qq.com/n/ryqq/toplist/62
2026-09-22,2026-09-22T13:07:27+08:00,QQ音乐,飙升榜,飙升榜,2026-09-22,91,Swingin' Magic,ILLIT (아일릿),热度 2%,,725802806,001B1zqS0yQWm4,https://y.qq.com/n/ryqq/toplist/62
2026-09-22,2026-09-22T13:07:27+08:00,QQ音乐,飙升榜,飙升榜,2026-09-22,92,洛神,乱徵,热度 2%,,666433226,0046c68B3SZLXG,https://y.qq.com/n/ryqq/toplist/62
2026-09-22,2026-09-22T13:07:27+08:00,QQ音乐,飙升榜,飙升榜,2026-09-22,93,忘记时间,胡歌,热度 2%,,698418,000pjTj301YeBh,https://y.qq.com/n/ryqq/toplist/62
2026-09-22,2026-09-22T13:07:27+08:00,QQ音乐,飙升榜,飙升榜,2026-09-22,94,北极星的眼泪,张栋梁,热度 2%,,130241,002RMF8P0YolOi,https://y.qq.com/n/ryqq/toplist/62
2026-09-22,2026-09-22T13:07:27+08:00,QQ音乐,飙升榜,飙升榜,2026-09-22,95,Deadend (活该),Tyson Yoshi/王嘉尔,热度 2%,,650155385,000ZV1c71asd9Y,https://y.qq.com/n/ryqq/toplist/62
2026-09-22,2026-09-22T13:07:27+08:00,QQ音乐,飙升榜,飙升榜,2026-09-22,96,孤雏,AGA,热度 2%,,200634369,001sufny4YlSqs,https://y.qq.com/n/ryqq/toplist/62
2026-09-22,2026-09-22T13:07:27+08:00,QQ音乐,飙升榜,飙升榜,2026-09-22,97,挚友,A-Lin,热度 2%,,349783731,002ENNC51FIhXc,https://y.qq.com/n/ryqq/toplist/62
2026-09-22,2026-09-22T13:07:27+08:00,QQ音乐,飙升榜,飙升榜,2026-09-22,98,Body to Body,BTS (防弹少年团),热度 2%,,649797581,003uMdMO0zGnIu,https://y.qq.com/n/ryqq/toplist/62
2026-09-22,2026-09-22T13:07:27+08:00,QQ音乐,飙升榜,飙升榜,2026-09-22,99,摩天轮的思念,王俊凯,热度 2%,,107700321,000mfSsy1zp0F7,https://y.qq.com/n/ryqq/toplist/62
2026-09-22,2026-09-22T13:07:27+08:00,QQ音乐,飙升榜,飙升榜,2026-09-22,100,默 (Live),王传君/满江/刘畊宏/米卡/管健嘉晨,热度 2%,,727209109,003mEK9i2tKBzf,https://y.qq.com/n/ryqq/toplist/62
2026-09-22,2026-09-22T13:07:27+08:00,酷狗音乐,热歌榜,酷狗TOP500,2026-09-22,1,茶汤,郁可唯,,5:09,187D31F57E1B299AFA2880635B20F69A,4012536,https://www.kugou.com/yy/rank/home/1-8888.html?from=rank
2026-09-22,2026-09-22T13:07:27+08:00,酷狗音乐,热歌榜,酷狗TOP500,2026-09-22,2,牡丹亭,浅影阿,,3:00,E3DDA5DFCDC44BCF146E2BDC3916779A,203271867,https://www.kugou.com/yy/rank/home/1-8888.html?from=rank
2026-09-22,2026-09-22T13:07:27+08:00,酷狗音乐,热歌榜,酷狗TOP500,2026-09-22,3,甲乙丙丁 (你我怎么两清),李佳薇,,3:30,213D580CA0BDCC28A5FDBA995FFDA106,197648995,https://www.kugou.com/yy/rank/home/1-8888.html?from=rank
2026-09-22,2026-09-22T13:07:27+08:00,酷狗音乐,热歌榜,酷狗TOP500,2026-09-22,4,我不难过,孙燕姿,,5:20,3FD7E1EC51122C745C637735C8BDE716,965883,https://www.kugou.com/yy/rank/home/1-8888.html?from=rank
2026-09-22,2026-09-22T13:07:27+08:00,酷狗音乐,热歌榜,酷狗TOP500,2026-09-22,5,泪海,许茹芸,,4:58,FBC174E7C22B9AF471B7B93A61751E1B,975212,https://www.kugou.com/yy/rank/home/1-8888.html?from=rank
2026-09-22,2026-09-22T13:07:27+08:00,酷狗音乐,热歌榜,酷狗TOP500,2026-09-22,6,你有没有真的爱过我,阿图表妹,,4:03,FE39668F68770C3FB3BE57A3E86CCC10,190170015,https://www.kugou.com/yy/rank/home/1-8888.html?from=rank
2026-09-22,2026-09-22T13:07:27+08:00,酷狗音乐,热歌榜,酷狗TOP500,2026-09-22,7,秋风一吹又老一岁 (女版烟嗓),微醺森林,,3:41,6024903A2603AFB6FBD0453162BDED63,207534691,https://www.kugou.com/yy/rank/home/1-8888.html?from=rank
2026-09-22,2026-09-22T13:07:27+08:00,酷狗音乐,热歌榜,酷狗TOP500,2026-09-22,8,山风山风等等我,万海东,,3:29,CE256D96F1F025D60468D8F0BC9EE64B,200106963,https://www.kugou.com/yy/rank/home/1-8888.html?from=rank
2026-09-22,2026-09-22T13:07:27+08:00,酷狗音乐,热歌榜,酷狗TOP500,2026-09-22,9,如果累了就回故乡 (少年版),酷酷里、面妹孔佳奇,,3:50,02B553BC8BB80E6948A78DE0CF4ED354,203339346,https://www.kugou.com/yy/rank/home/1-8888.html?from=rank
2026-09-22,2026-09-22T13:07:27+08:00,酷狗音乐,热歌榜,酷狗TOP500,2026-09-22,10,麻花情,海来阿木,,3:47,15DE5A6243A25631593B8735A8AF7172,207237297,https://www.kugou.com/yy/rank/home/1-8888.html?from=rank
2026-09-22,2026-09-22T13:07:27+08:00,酷狗音乐,热歌榜,酷狗TOP500,2026-09-22,11,情歌,梁静茹,,4:20,72DB6DA75FFE23A3A6361BDB8F44D5F4,2997268,https://www.kugou.com/yy/rank/home/1-8888.html?from=rank
2026-09-22,2026-09-22T13:07:27+08:00,酷狗音乐,热歌榜,酷狗TOP500,2026-09-22,12,你不该权衡利弊,李婷雪,,3:49,B4EE7D20EADA2A043636B4E560663F29,203889405,https://www.kugou.com/yy/rank/home/1-8888.html?from=rank
2026-09-22,2026-09-22T13:07:27+08:00,酷狗音乐,热歌榜,酷狗TOP500,2026-09-22,13,No photo of you left to survey (one day when I was twenty),冬妍DYan,,3:05,7523CFC6EDE31E4C56B30E5220A06B35,206681376,https://www.kugou.com/yy/rank/home/1-8888.html?from=rank
2026-09-22,2026-09-22T13:07:27+08:00,酷狗音乐,热歌榜,酷狗TOP500,2026-09-22,14,人生路漫漫,白小白,,3:55,B8CA573A69DB5050C7EE0C1AB79144E5,179917533,https://www.kugou.com/yy/rank/home/1-8888.html?from=rank
2026-09-22,2026-09-22T13:07:27+08:00,酷狗音乐,热歌榜,酷狗TOP500,2026-09-22,15,盛夏的果实,莫文蔚,,4:11,1C86CBC64AE9A6C3539A36CAADDF1A59,978378,https://www.kugou.com/yy/rank/home/1-8888.html?from=rank
2026-09-22,2026-09-22T13:07:27+08:00,酷狗音乐,热歌榜,酷狗TOP500,2026-09-22,16,她,刘宇宁,,3:41,A46200A65547E5A267D10B1F32C6A3B1,204979963,https://www.kugou.com/yy/rank/home/1-8888.html?from=rank
2026-09-22,2026-09-22T13:07:27+08:00,酷狗音乐,热歌榜,酷狗TOP500,2026-09-22,17,慢品人间烟火气 (微醺版),涂一乐,,2:21,D097F9EC5D9A175447E0A120DCEEF3B8,204334307,https://www.kugou.com/yy/rank/home/1-8888.html?from=rank
2026-09-22,2026-09-22T13:07:27+08:00,酷狗音乐,热歌榜,酷狗TOP500,2026-09-22,18,那页夏天,王俊凯,,4:06,FF4D401F6EA2B5A9061A44E20343B66D,180811789,https://www.kugou.com/yy/rank/home/1-8888.html?from=rank
2026-09-22,2026-09-22T13:07:27+08:00,酷狗音乐,热歌榜,酷狗TOP500,2026-09-22,19,偏爱,张芸京,,3:33,4A544525C1F78DBDF25361DB0E255495,968788,https://www.kugou.com/yy/rank/home/1-8888.html?from=rank
2026-09-22,2026-09-22T13:07:27+08:00,酷狗音乐,热歌榜,酷狗TOP500,2026-09-22,20,失眠,Suki刘舒妤,,3:31,EC476A2009EF5DCAC13EDCD11870DF55,671621,https://www.kugou.com/yy/rank/home/1-8888.html?from=rank
2026-09-22,2026-09-22T13:07:27+08:00,酷狗音乐,热歌榜,酷狗TOP500,2026-09-22,21,黄昏,周传雄,,5:44,7DE9A9CD041157F6BF3FE9FFBCF120E3,964612,https://www.kugou.com/yy/rank/home/1-8888.html?from=rank
2026-09-22,2026-09-22T13:07:27+08:00,酷狗音乐,热歌榜,酷狗TOP500,2026-09-22,22,雨爱,杨丞琳,,4:21,2592FFA57A2D8B1A16F18D991B7098CD,2694607,https://www.kugou.com/yy/rank/home/1-8888.html?from=rank
2026-09-22,2026-09-22T13:07:27+08:00,酷狗音乐,热歌榜,酷狗TOP500,2026-09-22,23,樱花草,Sweety,,4:44,F0B01830164E4974A2AC9E85DD446D45,507451,https://www.kugou.com/yy/rank/home/2-8888.html?from=rank
2026-09-22,2026-09-22T13:07:27+08:00,酷狗音乐,热歌榜,酷狗TOP500,2026-09-22,24,开始懂了,孙燕姿,,4:32,93F260998A10F4AD6B46606AF5C8EC72,972102,https://www.kugou.com/yy/rank/home/2-8888.html?from=rank
2026-09-22,2026-09-22T13:07:27+08:00,酷狗音乐,热歌榜,酷狗TOP500,2026-09-22,25,茶花开了，该回家了,王睿卓、加木,,3:10,99F0F17B7C6F110346411E7AD552156D,133732298,https://www.kugou.com/yy/rank/home/2-8888.html?from=rank
2026-09-22,2026-09-22T13:07:27+08:00,酷狗音乐,热歌榜,酷狗TOP500,2026-09-22,26,雨过后的风景,Dizzy Dizzo (蔡诗芸),,4:03,E3F046EDB5EB76BBA5A44FFA3D8F8C42,974143,https://www.kugou.com/yy/rank/home/2-8888.html?from=rank
2026-09-22,2026-09-22T13:07:27+08:00,酷狗音乐,热歌榜,酷狗TOP500,2026-09-22,27,恋人,李荣浩,,4:36,9DA7851E2BF83B18C74CBBAB461CEFDD,106374641,https://www.kugou.com/yy/rank/home/2-8888.html?from=rank
2026-09-22,2026-09-22T13:07:27+08:00,酷狗音乐,热歌榜,酷狗TOP500,2026-09-22,28,思念放过哪个人,孟小笛,,4:24,64F02C41F7695EFB07F933416F2ACA98,207547414,https://www.kugou.com/yy/rank/home/2-8888.html?from=rank
2026-09-22,2026-09-22T13:07:27+08:00,酷狗音乐,热歌榜,酷狗TOP500,2026-09-22,29,落了白,蒋雪儿Snow.J,,3:01,74390D89B6BD2E18CFD7F25968EFD98A,40300587,https://www.kugou.com/yy/rank/home/2-8888.html?from=rank
2026-09-22,2026-09-22T13:07:27+08:00,酷狗音乐,热歌榜,酷狗TOP500,2026-09-22,30,琵琶曲,郑浩、冰洁,,3:55,244A022D6CB3FDE50B24E76402053EB3,180917343,https://www.kugou.com/yy/rank/home/2-8888.html?from=rank
2026-09-22,2026-09-22T13:07:27+08:00,酷狗音乐,热歌榜,酷狗TOP500,2026-09-22,31,我怀念的,孙燕姿,,4:49,1A3CAACB1E361DAF217A2383E9C8E292,984086,https://www.kugou.com/yy/rank/home/2-8888.html?from=rank
2026-09-22,2026-09-22T13:07:27+08:00,酷狗音乐,热歌榜,酷狗TOP500,2026-09-22,32,青花,周传雄,,4:58,09B46455BAE7C613ABD0DB362A5DDBDE,960448,https://www.kugou.com/yy/rank/home/2-8888.html?from=rank
2026-09-22,2026-09-22T13:07:27+08:00,酷狗音乐,热歌榜,酷狗TOP500,2026-09-22,33,茶花开了,王睿卓,,4:30,007A7A8EAFA3FF9EA51EF6A767AC3497,130468077,https://www.kugou.com/yy/rank/home/2-8888.html?from=rank
2026-09-22,2026-09-22T13:07:27+08:00,酷狗音乐,热歌榜,酷狗TOP500,2026-09-22,34,阴天,莫文蔚,,4:02,E4271CB5938F401AA283FBEA49223BF8,970575,https://www.kugou.com/yy/rank/home/2-8888.html?from=rank
2026-09-22,2026-09-22T13:07:27+08:00,酷狗音乐,热歌榜,酷狗TOP500,2026-09-22,35,成都,赵雷,,5:28,A06B033B356BFC974C5245D0195086A5,1802652,https://www.kugou.com/yy/rank/home/2-8888.html?from=rank
2026-09-22,2026-09-22T13:07:27+08:00,酷狗音乐,热歌榜,酷狗TOP500,2026-09-22,36,再见太难,利得汇,,4:48,AFAA7ACF75FCF8DAC78C0AF7C40D3E9D,2996827,https://www.kugou.com/yy/rank/home/2-8888.html?from=rank
2026-09-22,2026-09-22T13:07:27+08:00,酷狗音乐,热歌榜,酷狗TOP500,2026-09-22,37,晴天,周杰伦,,4:29,B3A52A7A958BF0AED0EBFBA2E9A818B7,966846,https://www.kugou.com/yy/rank/home/2-8888.html?from=rank
2026-09-22,2026-09-22T13:07:27+08:00,酷狗音乐,热歌榜,酷狗TOP500,2026-09-22,38,如愿,王菲,,4:25,EC1A18BBD6B61CB203E656B91F5CF2D1,49057589,https://www.kugou.com/yy/rank/home/2-8888.html?from=rank
2026-09-22,2026-09-22T13:07:27+08:00,酷狗音乐,热歌榜,酷狗TOP500,2026-09-22,39,吹吹山顶的风,巴扎黑,,2:59,87311B26EDEE637CA1448E14230BCB68,198304563,https://www.kugou.com/yy/rank/home/2-8888.html?from=rank
2026-09-22,2026-09-22T13:07:27+08:00,酷狗音乐,热歌榜,酷狗TOP500,2026-09-22,40,最佳损友,陈奕迅,,3:54,CBFA7DDE592B23322E21E4BDAA9BE9F9,964332,https://www.kugou.com/yy/rank/home/2-8888.html?from=rank
2026-09-22,2026-09-22T13:07:27+08:00,酷狗音乐,热歌榜,酷狗TOP500,2026-09-22,41,如果来生能早点遇见 (烟嗓男版),烟嗓阿文,,3:39,9945C4C6987BC4D9CA5C02D440473BBA,208061151,https://www.kugou.com/yy/rank/home/2-8888.html?from=rank
2026-09-22,2026-09-22T13:07:27+08:00,酷狗音乐,热歌榜,酷狗TOP500,2026-09-22,42,我听人说思念像风一样 (宿命版),顿珠拉姆,,3:32,A1A54A845122AA0473BC649F77808ACB,207663627,https://www.kugou.com/yy/rank/home/2-8888.html?from=rank
2026-09-22,2026-09-22T13:07:27+08:00,酷狗音乐,热歌榜,酷狗TOP500,2026-09-22,43,下完这场雨,后弦,,4:31,2EEFFF98A4F19D945BBA7C78FB2079C0,1964990,https://www.kugou.com/yy/rank/home/2-8888.html?from=rank
2026-09-22,2026-09-22T13:07:27+08:00,酷狗音乐,热歌榜,酷狗TOP500,2026-09-22,44,碎碎念,队长,,2:13,A823AE8D84854FD2EB5B8E599D1263FA,79831015,https://www.kugou.com/yy/rank/home/2-8888.html?from=rank
2026-09-22,2026-09-22T13:07:27+08:00,酷狗音乐,热歌榜,酷狗TOP500,2026-09-22,45,岁月如笔写春秋,河南三妹5233,,4:11,5D4C2F9D994E5BECDC9BA0FBC6BD3DD8,191576482,https://www.kugou.com/yy/rank/home/3-8888.html?from=rank
2026-09-22,2026-09-22T13:07:27+08:00,酷狗音乐,热歌榜,酷狗TOP500,2026-09-22,46,花开在刚刚好,田宝亮,,2:06,9B1B7752DBC24E77980C9F228A1493CC,206066478,https://www.kugou.com/yy/rank/home/3-8888.html?from=rank
2026-09-22,2026-09-22T13:07:27+08:00,酷狗音乐,热歌榜,酷狗TOP500,2026-09-22,47,雪下的时候,乔佳旭,,4:24,F6B3AA5971A01E755A344C2256606418,35913748,https://www.kugou.com/yy/rank/home/3-8888.html?from=rank
2026-09-22,2026-09-22T13:07:27+08:00,酷狗音乐,热歌榜,酷狗TOP500,2026-09-22,48,遇见,孙燕姿,,3:31,9F865C787E90E013B2BC847BAAA306AA,964325,https://www.kugou.com/yy/rank/home/3-8888.html?from=rank
2026-09-22,2026-09-22T13:07:27+08:00,酷狗音乐,热歌榜,酷狗TOP500,2026-09-22,49,梦哑,任然,,3:54,3194D1AA995469BEF8620E96989D6BA8,193630889,https://www.kugou.com/yy/rank/home/3-8888.html?from=rank
2026-09-22,2026-09-22T13:07:27+08:00,酷狗音乐,热歌榜,酷狗TOP500,2026-09-22,50,Whatever Happens,Michael Jackson,,4:57,C0E4D361A67DE916D8A5990C0EF34479,1786970,https://www.kugou.com/yy/rank/home/3-8888.html?from=rank
2026-09-22,2026-09-22T13:07:27+08:00,酷狗音乐,热歌榜,酷狗TOP500,2026-09-22,51,一直很安静,阿桑,,4:10,44816EF0288A3B1ED2C4A5C5FE6B93B3,972917,https://www.kugou.com/yy/rank/home/3-8888.html?from=rank
2026-09-22,2026-09-22T13:07:27+08:00,酷狗音乐,热歌榜,酷狗TOP500,2026-09-22,52,等一分钟,徐誉滕,,3:56,52ED380B09C692BDF4CE65FD56D918F3,2530746,https://www.kugou.com/yy/rank/home/3-8888.html?from=rank
2026-09-22,2026-09-22T13:07:27+08:00,酷狗音乐,热歌榜,酷狗TOP500,2026-09-22,53,认真的雪,薛之谦,,4:19,D2E00CC158DB4DA18927AC3B01CC371B,2689239,https://www.kugou.com/yy/rank/home/3-8888.html?from=rank
2026-09-22,2026-09-22T13:07:27+08:00,酷狗音乐,热歌榜,酷狗TOP500,2026-09-22,54,我好想你 (苏打绿版),苏打绿,,5:29,55FEA1927AC4D460F6EB3B9262AC9981,108011230,https://www.kugou.com/yy/rank/home/3-8888.html?from=rank
2026-09-22,2026-09-22T13:07:27+08:00,酷狗音乐,热歌榜,酷狗TOP500,2026-09-22,55,时间能不能走慢点 (青春别散场live大合唱版),Lee 木子,,3:56,0E82477B4256D8DC3C620F762606C16A,204235408,https://www.kugou.com/yy/rank/home/3-8888.html?from=rank
2026-09-22,2026-09-22T13:07:27+08:00,酷狗音乐,热歌榜,酷狗TOP500,2026-09-22,56,坏女孩,徐良、小凌,,4:07,9365223F903B13D0DAF54B6091AC3E7B,511536,https://www.kugou.com/yy/rank/home/3-8888.html?from=rank
2026-09-22,2026-09-22T13:07:27+08:00,酷狗音乐,热歌榜,酷狗TOP500,2026-09-22,57,失控,井迪,,4:15,44FE8C442EB1F254D15717F1DC03C9BF,40221609,https://www.kugou.com/yy/rank/home/3-8888.html?from=rank
2026-09-22,2026-09-22T13:07:27+08:00,酷狗音乐,热歌榜,酷狗TOP500,2026-09-22,58,小半,陈粒,,4:57,AFEA9FFE5D7F0EF0874119A363820D33,1749208,https://www.kugou.com/yy/rank/home/3-8888.html?from=rank
2026-09-22,2026-09-22T13:07:27+08:00,酷狗音乐,热歌榜,酷狗TOP500,2026-09-22,59,你往南走 (风往北刮),南歌,,3:18,1FC3B465CD5ACA8654A64BE5DE4E9A12,205420335,https://www.kugou.com/yy/rank/home/3-8888.html?from=rank
2026-09-22,2026-09-22T13:07:27+08:00,酷狗音乐,热歌榜,酷狗TOP500,2026-09-22,60,演员,薛之谦,,4:21,097E777171F692855EAE98B6965F9477,14456909,https://www.kugou.com/yy/rank/home/3-8888.html?from=rank
2026-09-22,2026-09-22T13:07:27+08:00,酷狗音乐,热歌榜,酷狗TOP500,2026-09-22,61,富士山下,陈奕迅,,4:19,0433F1A94FA162B20FB8AE576A951D6B,976404,https://www.kugou.com/yy/rank/home/3-8888.html?from=rank
2026-09-22,2026-09-22T13:07:27+08:00,酷狗音乐,热歌榜,酷狗TOP500,2026-09-22,62,此生不换,青鸟飞鱼,,4:26,F73630B79647324AB3415C21BFA5BD3D,553897,https://www.kugou.com/yy/rank/home/3-8888.html?from=rank
2026-09-22,2026-09-22T13:07:27+08:00,酷狗音乐,热歌榜,酷狗TOP500,2026-09-22,63,祝福祖国,顿珠拉姆,,3:19,5DA11A7E705CEAC07CC2F21488DBA9AD,204038427,https://www.kugou.com/yy/rank/home/3-8888.html?from=rank
2026-09-22,2026-09-22T13:07:27+08:00,酷狗音乐,热歌榜,酷狗TOP500,2026-09-22,64,素颜,许嵩、何曼婷,,3:59,30C94AE2868E63B1058DA7685E0CDF3B,13264539,https://www.kugou.com/yy/rank/home/3-8888.html?from=rank
2026-09-22,2026-09-22T13:07:27+08:00,酷狗音乐,热歌榜,酷狗TOP500,2026-09-22,65,十年,陈奕迅,,3:25,5146461A5717B942F4B13125978618E3,504194,https://www.kugou.com/yy/rank/home/3-8888.html?from=rank
2026-09-22,2026-09-22T13:07:27+08:00,酷狗音乐,热歌榜,酷狗TOP500,2026-09-22,66,红色高跟鞋,蔡健雅,,3:27,055A804B8A3CCC05240D08F8FF1F7DE8,978459,https://www.kugou.com/yy/rank/home/3-8888.html?from=rank
2026-09-22,2026-09-22T13:07:27+08:00,酷狗音乐,热歌榜,酷狗TOP500,2026-09-22,67,后来,刘若英,,5:38,C4904D4E3BBA872D41D3BDBF597E2B18,16562,https://www.kugou.com/yy/rank/home/4-8888.html?from=rank
2026-09-22,2026-09-22T13:07:27+08:00,酷狗音乐,热歌榜,酷狗TOP500,2026-09-22,68,青花瓷,周杰伦,,3:59,37A8F50A9EC3B267C3CC6BEC633D9C4A,979856,https://www.kugou.com/yy/rank/home/4-8888.html?from=rank
2026-09-22,2026-09-22T13:07:27+08:00,酷狗音乐,热歌榜,酷狗TOP500,2026-09-22,69,唯一,G.E.M.邓紫棋,,4:14,AB05B8F658851282DCB2CBAD548AEB9B,82564821,https://www.kugou.com/yy/rank/home/4-8888.html?from=rank
2026-09-22,2026-09-22T13:07:27+08:00,酷狗音乐,热歌榜,酷狗TOP500,2026-09-22,70,落日微醺 (晚风中一杯酒),落日微醺,,4:14,CB22754AB8A0F20FCC015D0A800758CE,196517740,https://www.kugou.com/yy/rank/home/4-8888.html?from=rank
2026-09-22,2026-09-22T13:07:27+08:00,酷狗音乐,热歌榜,酷狗TOP500,2026-09-22,71,美人鱼,林俊杰,,4:14,CDAE8C7E2FAF7F08DC18E78A1D65117B,969588,https://www.kugou.com/yy/rank/home/4-8888.html?from=rank
2026-09-22,2026-09-22T13:07:27+08:00,酷狗音乐,热歌榜,酷狗TOP500,2026-09-22,72,离开我的依赖,王艳薇,,3:54,A9C377CC1B9931F0CE81907E23E4D588,36181053,https://www.kugou.com/yy/rank/home/4-8888.html?from=rank
2026-09-22,2026-09-22T13:07:27+08:00,酷狗音乐,热歌榜,酷狗TOP500,2026-09-22,73,风月吻眉梢,礼越,,3:26,DDE279AF8DB58030F87ED111E108D8A8,152382604,https://www.kugou.com/yy/rank/home/4-8888.html?from=rank
2026-09-22,2026-09-22T13:07:27+08:00,酷狗音乐,热歌榜,酷狗TOP500,2026-09-22,74,若不是因为你 (深情版),林栖,,4:13,6CCB2559DE8FC8965E98F641C4C33B6A,176013962,https://www.kugou.com/yy/rank/home/4-8888.html?from=rank
2026-09-22,2026-09-22T13:07:27+08:00,酷狗音乐,热歌榜,酷狗TOP500,2026-09-22,75,你是我等不到的人,正在进行石女士,,3:20,209C509F4AA8E0D08CF72CEF318D390A,207205305,https://www.kugou.com/yy/rank/home/4-8888.html?from=rank
2026-09-22,2026-09-22T13:07:27+08:00,酷狗音乐,热歌榜,酷狗TOP500,2026-09-22,76,爱错,王力宏,,3:59,8E021794DFD02C48D2C6281A55BCBDC6,2996462,https://www.kugou.com/yy/rank/home/4-8888.html?from=rank
2026-09-22,2026-09-22T13:07:27+08:00,酷狗音乐,热歌榜,酷狗TOP500,2026-09-22,77,秋天不回来,王强,,4:14,81056FF4FC4F2D0A0E9B38757A60D2F7,81746524,https://www.kugou.com/yy/rank/home/4-8888.html?from=rank
2026-09-22,2026-09-22T13:07:27+08:00,酷狗音乐,热歌榜,酷狗TOP500,2026-09-22,78,半壶纱,刘珂矣,,3:41,951AB088C5A08F491471A1296DF93707,948327,https://www.kugou.com/yy/rank/home/4-8888.html?from=rank
2026-09-22,2026-09-22T13:07:27+08:00,酷狗音乐,热歌榜,酷狗TOP500,2026-09-22,79,我记得,赵雷,,5:30,8CE80CF10A01F37354D63E49C1B60B60,60018447,https://www.kugou.com/yy/rank/home/4-8888.html?from=rank
2026-09-22,2026-09-22T13:07:27+08:00,酷狗音乐,热歌榜,酷狗TOP500,2026-09-22,80,第57次取消发送,菲菲公主（陆绮菲）,,3:01,F17C489C53382E608F9CBB3ED9F6D2AA,137397074,https://www.kugou.com/yy/rank/home/4-8888.html?from=rank
2026-09-22,2026-09-22T13:07:27+08:00,酷狗音乐,热歌榜,酷狗TOP500,2026-09-22,81,护你一世安好 (万人演唱会live版),沧桑小杰office,,3:48,000468DD0998D3547869FD86A698F310,207272856,https://www.kugou.com/yy/rank/home/4-8888.html?from=rank
2026-09-22,2026-09-22T13:07:27+08:00,酷狗音乐,热歌榜,酷狗TOP500,2026-09-22,82,幻听,许嵩,,4:33,24F5E7555646965CD7D1A924452B3300,973046,https://www.kugou.com/yy/rank/home/4-8888.html?from=rank
2026-09-22,2026-09-22T13:07:27+08:00,酷狗音乐,热歌榜,酷狗TOP500,2026-09-22,83,如果回到那从前 (遗憾),刘纯,,3:18,0B2478BA6332B6F0E791CC7A2DA9ECBA,203722456,https://www.kugou.com/yy/rank/home/4-8888.html?from=rank
2026-09-22,2026-09-22T13:07:27+08:00,酷狗音乐,热歌榜,酷狗TOP500,2026-09-22,84,就骗我一次 (KOR Ver.),沈佳润Nina,,3:49,56277D54C5A19FB1852A0EDF75B25514,205394620,https://www.kugou.com/yy/rank/home/4-8888.html?from=rank
2026-09-22,2026-09-22T13:07:27+08:00,酷狗音乐,热歌榜,酷狗TOP500,2026-09-22,85,像我这样爱你的人,落日微醺本薰、张多金,,4:22,2AEE05C92035800815DE6AFEE285FD0B,201366705,https://www.kugou.com/yy/rank/home/4-8888.html?from=rank
2026-09-22,2026-09-22T13:07:27+08:00,酷狗音乐,热歌榜,酷狗TOP500,2026-09-22,86,童话,光良,,4:04,472FF9D57BCE90288EC88CBE100BCB2A,974097,https://www.kugou.com/yy/rank/home/4-8888.html?from=rank
2026-09-22,2026-09-22T13:07:27+08:00,酷狗音乐,热歌榜,酷狗TOP500,2026-09-22,87,多余的解释,许嵩,,4:37,9678D4878727F744FD3D19663CAA8AD9,973251,https://www.kugou.com/yy/rank/home/4-8888.html?from=rank
2026-09-22,2026-09-22T13:07:27+08:00,酷狗音乐,热歌榜,酷狗TOP500,2026-09-22,88,泪海 (你怎么舍得让我的泪流向海),段俊,,3:24,C990ED71F7E9FC6A11279F1D6DE8F503,206839041,https://www.kugou.com/yy/rank/home/4-8888.html?from=rank
2026-09-22,2026-09-22T13:07:27+08:00,酷狗音乐,热歌榜,酷狗TOP500,2026-09-22,89,千千阕歌,陈慧娴,,5:01,81E5A1C3B9E016D61FE91B809B4A7DC1,971621,https://www.kugou.com/yy/rank/home/5-8888.html?from=rank
2026-09-22,2026-09-22T13:07:27+08:00,酷狗音乐,热歌榜,酷狗TOP500,2026-09-22,90,稻香,周杰伦,,3:44,8909E1809908CD8E3BF6CF85D98B93F0,960399,https://www.kugou.com/yy/rank/home/5-8888.html?from=rank
2026-09-22,2026-09-22T13:07:27+08:00,酷狗音乐,热歌榜,酷狗TOP500,2026-09-22,91,勇气,梁静茹,,3:59,A4D0C350CF4475BFBB0AB28DC6E25A8D,973299,https://www.kugou.com/yy/rank/home/5-8888.html?from=rank
2026-09-22,2026-09-22T13:07:27+08:00,酷狗音乐,热歌榜,酷狗TOP500,2026-09-22,92,如果还会遇见,何遇Hayu、Crybird,,3:48,B740AAF49578F8F9C9E52DD560E122BF,201658284,https://www.kugou.com/yy/rank/home/5-8888.html?from=rank
2026-09-22,2026-09-22T13:07:27+08:00,酷狗音乐,热歌榜,酷狗TOP500,2026-09-22,93,夜曲,周杰伦,,3:47,16C8AB298231370293D16BCF9E5FF9B6,958909,https://www.kugou.com/yy/rank/home/5-8888.html?from=rank
2026-09-22,2026-09-22T13:07:27+08:00,酷狗音乐,热歌榜,酷狗TOP500,2026-09-22,94,野心家,张靓颖,,4:43,1789AD88CFDD254910125F22494C0E8B,161637189,https://www.kugou.com/yy/rank/home/5-8888.html?from=rank
2026-09-22,2026-09-22T13:07:27+08:00,酷狗音乐,热歌榜,酷狗TOP500,2026-09-22,95,来不及爱你,h3R3刘清云,,3:25,E3ED52965CEE83A40D73C5FB1DA7FF62,76488384,https://www.kugou.com/yy/rank/home/5-8888.html?from=rank
2026-09-22,2026-09-22T13:07:27+08:00,酷狗音乐,热歌榜,酷狗TOP500,2026-09-22,96,光辉岁月,BEYOND,,5:04,BBFE9596615ADE83FF6B117831C45E4D,960181,https://www.kugou.com/yy/rank/home/5-8888.html?from=rank
2026-09-22,2026-09-22T13:07:27+08:00,酷狗音乐,热歌榜,酷狗TOP500,2026-09-22,97,讲不出再见,谭咏麟,,4:54,2E0BFDC7BA2F759B0208A58CB2C26523,2337635,https://www.kugou.com/yy/rank/home/5-8888.html?from=rank
2026-09-22,2026-09-22T13:07:27+08:00,酷狗音乐,热歌榜,酷狗TOP500,2026-09-22,98,江南,林俊杰,,4:28,B83DBB8E3DD3FCF86BF32690B91547F5,969588,https://www.kugou.com/yy/rank/home/5-8888.html?from=rank
2026-09-22,2026-09-22T13:07:27+08:00,酷狗音乐,热歌榜,酷狗TOP500,2026-09-22,99,特别的人,方大同,,4:19,0F7A79ADAAEEB6EA1DA3E19DD637FD73,965097,https://www.kugou.com/yy/rank/home/5-8888.html?from=rank
2026-09-22,2026-09-22T13:07:27+08:00,酷狗音乐,热歌榜,酷狗TOP500,2026-09-22,100,有何不可,许嵩,,4:01,B3D5D7D3A140628D1605BD392467E348,973251,https://www.kugou.com/yy/rank/home/5-8888.html?from=rank
2026-09-22,2026-09-22T13:07:27+08:00,酷狗音乐,热歌榜,酷狗TOP500,2026-09-22,101,好想再爱你,潘广益,,4:31,B78BA4062528E712B68C42DC6A4D9AAE,957659,https://www.kugou.com/yy/rank/home/5-8888.html?from=rank
2026-09-22,2026-09-22T13:07:27+08:00,酷狗音乐,热歌榜,酷狗TOP500,2026-09-22,102,带我走,杨丞琳,,4:50,0C57DE35C3CB2A32A8CF634E4F8309C4,975441,https://www.kugou.com/yy/rank/home/5-8888.html?from=rank
2026-09-22,2026-09-22T13:07:27+08:00,酷狗音乐,热歌榜,酷狗TOP500,2026-09-22,103,会呼吸的痛,梁静茹,,4:32,1EB00DC46AE8E1446B6A9860A56487AC,500574,https://www.kugou.com/yy/rank/home/5-8888.html?from=rank
2026-09-22,2026-09-22T13:07:27+08:00,酷狗音乐,热歌榜,酷狗TOP500,2026-09-22,104,黑街,陈雅雯,,4:05,3FDEDFDA2D0131280D7F65CD7D9618D3,1597547,https://www.kugou.com/yy/rank/home/5-8888.html?from=rank
2026-09-22,2026-09-22T13:07:27+08:00,酷狗音乐,热歌榜,酷狗TOP500,2026-09-22,105,出现又离开 (Live),梁博,,6:43,DEAB3B0160E9A410CE0AAA9ED8AC602E,19284949,https://www.kugou.com/yy/rank/home/5-8888.html?from=rank
2026-09-22,2026-09-22T13:07:27+08:00,酷狗音乐,热歌榜,酷狗TOP500,2026-09-22,106,奢香夫人,凤凰传奇,,4:20,478C572FC9E2E15777A41260DEE293A0,984412,https://www.kugou.com/yy/rank/home/5-8888.html?from=rank
2026-09-22,2026-09-22T13:07:27+08:00,酷狗音乐,热歌榜,酷狗TOP500,2026-09-22,107,抽离,徐良、刘丹萌,,4:18,37A9C74C33A9FAEFF672CFDF4C699581,547514,https://www.kugou.com/yy/rank/home/5-8888.html?from=rank
2026-09-22,2026-09-22T13:07:27+08:00,酷狗音乐,热歌榜,酷狗TOP500,2026-09-22,108,踏马寻花向自由 (雷鬼版),超哥,,2:59,B5BA68A039E54847B4E14A46A268991B,194886112,https://www.kugou.com/yy/rank/home/5-8888.html?from=rank
2026-09-22,2026-09-22T13:07:27+08:00,酷狗音乐,热歌榜,酷狗TOP500,2026-09-22,109,可不可以,张紫豪,,4:01,6079A2ACBA5E782FE24695FDFCDB1887,9618875,https://www.kugou.com/yy/rank/home/5-8888.html?from=rank
2026-09-22,2026-09-22T13:07:27+08:00,酷狗音乐,热歌榜,酷狗TOP500,2026-09-22,110,我们俩,郭顶,,3:14,DD4D224BC3DBFD1A0F6E338928620E69,979601,https://www.kugou.com/yy/rank/home/5-8888.html?from=rank
2026-09-22,2026-09-22T13:07:27+08:00,酷狗音乐,热歌榜,酷狗TOP500,2026-09-22,111,人间共鸣,李健,,4:19,C9A5658204BD4E941F3DB2FB132D4968,176253415,https://www.kugou.com/yy/rank/home/6-8888.html?from=rank
2026-09-22,2026-09-22T13:07:27+08:00,酷狗音乐,热歌榜,酷狗TOP500,2026-09-22,112,红尘客栈,周杰伦,,4:34,48729371F20FB048EF4E51D4CD41DBF5,982051,https://www.kugou.com/yy/rank/home/6-8888.html?from=rank
2026-09-22,2026-09-22T13:07:27+08:00,酷狗音乐,热歌榜,酷狗TOP500,2026-09-22,113,没那么简单,黄小琥,,5:08,90D82FB9EB6C1F5385F6F086318EE1FA,962530,https://www.kugou.com/yy/rank/home/6-8888.html?from=rank
2026-09-22,2026-09-22T13:07:27+08:00,酷狗音乐,热歌榜,酷狗TOP500,2026-09-22,114,海阔天空,BEYOND,,5:25,C41E80A18D1448FA47086372999C7F43,973001,https://www.kugou.com/yy/rank/home/6-8888.html?from=rank
2026-09-22,2026-09-22T13:07:27+08:00,酷狗音乐,热歌榜,酷狗TOP500,2026-09-22,115,大梦归,周深,,3:49,FCEDAF78465CD283E1DA72A8DEAC553A,206967328,https://www.kugou.com/yy/rank/home/6-8888.html?from=rank
2026-09-22,2026-09-22T13:07:27+08:00,酷狗音乐,热歌榜,酷狗TOP500,2026-09-22,116,我知道,BY2,,4:10,38CB283F880797F94A80968E682191E2,530437,https://www.kugou.com/yy/rank/home/6-8888.html?from=rank
2026-09-22,2026-09-22T13:07:27+08:00,酷狗音乐,热歌榜,酷狗TOP500,2026-09-22,117,至少还有你,林忆莲,,4:35,BA9D67DAB59FA6DCE243F4B6B70ACA95,967340,https://www.kugou.com/yy/rank/home/6-8888.html?from=rank
2026-09-22,2026-09-22T13:07:27+08:00,酷狗音乐,热歌榜,酷狗TOP500,2026-09-22,118,梦的翅膀受了伤,蒋雪儿Snow.J,,4:36,7B00B1F90C13C270CE96EA51DA863B96,1965074,https://www.kugou.com/yy/rank/home/6-8888.html?from=rank
2026-09-22,2026-09-22T13:07:27+08:00,酷狗音乐,热歌榜,酷狗TOP500,2026-09-22,119,体面,于文文,,4:43,B0927C5353E9DD8BD72242BB730DAFF4,8149034,https://www.kugou.com/yy/rank/home/6-8888.html?from=rank
2026-09-22,2026-09-22T13:07:27+08:00,酷狗音乐,热歌榜,酷狗TOP500,2026-09-22,120,逍遥叹,胡歌,,5:14,1415E6EAB8E8B0538F5FB66526C9EB65,970409,https://www.kugou.com/yy/rank/home/6-8888.html?from=rank
2026-09-22,2026-09-22T13:07:27+08:00,酷狗音乐,热歌榜,酷狗TOP500,2026-09-22,121,搁浅,周杰伦,,4:00,8141FAA45AAD5BCFF5FF9873B89709E3,971783,https://www.kugou.com/yy/rank/home/6-8888.html?from=rank
2026-09-22,2026-09-22T13:07:27+08:00,酷狗音乐,热歌榜,酷狗TOP500,2026-09-22,122,其实,薛之谦,,4:02,2A8911EAD4838BF967CF5A300D787E53,960327,https://www.kugou.com/yy/rank/home/6-8888.html?from=rank
2026-09-22,2026-09-22T13:07:27+08:00,酷狗音乐,热歌榜,酷狗TOP500,2026-09-22,123,灰色轨迹,BEYOND,,5:28,4476FAA4B6567CCC2292BFBBCA93CB9C,39629213,https://www.kugou.com/yy/rank/home/6-8888.html?from=rank
2026-09-22,2026-09-22T13:07:27+08:00,酷狗音乐,热歌榜,酷狗TOP500,2026-09-22,124,舍得,王唯旖,,4:22,62C406C76F45C3EF39F451F2C4F22D95,1944276,https://www.kugou.com/yy/rank/home/6-8888.html?from=rank
2026-09-22,2026-09-22T13:07:27+08:00,酷狗音乐,热歌榜,酷狗TOP500,2026-09-22,125,人间逍遥仙,老韩很哇塞,,3:59,2584553963CA027E3BB07F8D8F380F58,205336714,https://www.kugou.com/yy/rank/home/6-8888.html?from=rank
2026-09-22,2026-09-22T13:07:27+08:00,酷狗音乐,热歌榜,酷狗TOP500,2026-09-22,126,猜不透,丁当,,3:53,B1B4CC4F4E90134603CE66CBCF8FA73B,973244,https://www.kugou.com/yy/rank/home/6-8888.html?from=rank
2026-09-22,2026-09-22T13:07:27+08:00,酷狗音乐,热歌榜,酷狗TOP500,2026-09-22,127,老男孩,筷子兄弟,,4:59,EB494F1F9199AA29F66E056F116D2F1C,17165001,https://www.kugou.com/yy/rank/home/6-8888.html?from=rank
2026-09-22,2026-09-22T13:07:27+08:00,酷狗音乐,热歌榜,酷狗TOP500,2026-09-22,128,街角的晚风,陈小春,,4:00,18B89D66950B7856EABB131BB6273F6E,169830039,https://www.kugou.com/yy/rank/home/6-8888.html?from=rank
2026-09-22,2026-09-22T13:07:27+08:00,酷狗音乐,热歌榜,酷狗TOP500,2026-09-22,129,差一步,大壮,,4:06,08C2E4AF2BDDB11D36E2B04A51DA30CE,6194568,https://www.kugou.com/yy/rank/home/6-8888.html?from=rank
2026-09-22,2026-09-22T13:07:27+08:00,酷狗音乐,热歌榜,酷狗TOP500,2026-09-22,130,你这坏坏的扑街仔 (偏偏爱上你这笨脑袋)(对唱版),马耀火、金禾安,,3:02,4C04BB8F9C9F93D4E0325BF625F11BEC,203511794,https://www.kugou.com/yy/rank/home/6-8888.html?from=rank
2026-09-22,2026-09-22T13:07:27+08:00,酷狗音乐,热歌榜,酷狗TOP500,2026-09-22,131,有些,颜人中,,3:49,D79E556C176AE1A3ADE8B532810C4CE8,34604592,https://www.kugou.com/yy/rank/home/6-8888.html?from=rank
2026-09-22,2026-09-22T13:07:27+08:00,酷狗音乐,热歌榜,酷狗TOP500,2026-09-22,132,冻结,林俊杰,,4:49,AE291096B510F20B93D7D87DCBEF1E43,971150,https://www.kugou.com/yy/rank/home/6-8888.html?from=rank
2026-09-22,2026-09-22T13:07:27+08:00,酷狗音乐,热歌榜,酷狗TOP500,2026-09-22,133,我好像在哪见过你,薛之谦,,4:39,6A350E487263733359E7F2B64BD974AC,1747549,https://www.kugou.com/yy/rank/home/7-8888.html?from=rank
2026-09-22,2026-09-22T13:07:27+08:00,酷狗音乐,热歌榜,酷狗TOP500,2026-09-22,134,心墙,郭静,,3:47,97870F3D4B01A7822DC497C6127EA66D,968033,https://www.kugou.com/yy/rank/home/7-8888.html?from=rank
2026-09-22,2026-09-22T13:07:27+08:00,酷狗音乐,热歌榜,酷狗TOP500,2026-09-22,135,那时雨,徐良,,3:34,CE76C60251F6193BC5BBA5B46B977747,16900987,https://www.kugou.com/yy/rank/home/7-8888.html?from=rank
2026-09-22,2026-09-22T13:07:27+08:00,酷狗音乐,热歌榜,酷狗TOP500,2026-09-22,136,戒烟,李荣浩,,4:54,AF36A623D725B98893DAEFDF8010F22E,49390931,https://www.kugou.com/yy/rank/home/7-8888.html?from=rank
2026-09-22,2026-09-22T13:07:27+08:00,酷狗音乐,热歌榜,酷狗TOP500,2026-09-22,137,如果当时,许嵩,,5:16,697712B7504DA5541C3ED4D117AE1018,973251,https://www.kugou.com/yy/rank/home/7-8888.html?from=rank
2026-09-22,2026-09-22T13:07:27+08:00,酷狗音乐,热歌榜,酷狗TOP500,2026-09-22,138,空心,光泽,,4:39,4465EE613CC3CF7DCF9448F8ACFED1CA,4141939,https://www.kugou.com/yy/rank/home/7-8888.html?from=rank
2026-09-22,2026-09-22T13:07:27+08:00,酷狗音乐,热歌榜,酷狗TOP500,2026-09-22,139,只对你有感觉,飞轮海、田馥甄,,3:59,E400C3F475001BA5B0F197F2E1923F47,556347,https://www.kugou.com/yy/rank/home/7-8888.html?from=rank
2026-09-22,2026-09-22T13:07:27+08:00,酷狗音乐,热歌榜,酷狗TOP500,2026-09-22,140,明天过后,张杰,,3:59,5B900D95E79765AE62664BE5C871DD9E,38606351,https://www.kugou.com/yy/rank/home/7-8888.html?from=rank
2026-09-22,2026-09-22T13:07:27+08:00,酷狗音乐,热歌榜,酷狗TOP500,2026-09-22,141,街角的晚风 (烟嗓R&B版),落日微醺,,3:56,D636D97870D4098ACD3C317BFFDA03D9,196517616,https://www.kugou.com/yy/rank/home/7-8888.html?from=rank
2026-09-22,2026-09-22T13:07:27+08:00,酷狗音乐,热歌榜,酷狗TOP500,2026-09-22,142,退后,周杰伦,,4:22,5971DE0B235D5B2708D6A6FEB3D31B6F,965291,https://www.kugou.com/yy/rank/home/7-8888.html?from=rank
2026-09-22,2026-09-22T13:07:27+08:00,酷狗音乐,热歌榜,酷狗TOP500,2026-09-22,143,相见恨晚,彭佳慧,,4:15,01214FB85BAF49AB74F10AFA4C363540,977553,https://www.kugou.com/yy/rank/home/7-8888.html?from=rank
2026-09-22,2026-09-22T13:07:27+08:00,酷狗音乐,热歌榜,酷狗TOP500,2026-09-22,144,七里香,周杰伦,,4:59,9218D81686C6AC681BC7CA621958AD6D,971783,https://www.kugou.com/yy/rank/home/7-8888.html?from=rank
2026-09-22,2026-09-22T13:07:27+08:00,酷狗音乐,热歌榜,酷狗TOP500,2026-09-22,145,山歌追上云朵,央金拉姆,,3:35,B81F368C6B44B98B0E2B4E9F417F1002,193932928,https://www.kugou.com/yy/rank/home/7-8888.html?from=rank
2026-09-22,2026-09-22T13:07:27+08:00,酷狗音乐,热歌榜,酷狗TOP500,2026-09-22,146,青花 (老登版),炸毛登叔,,4:57,E3F28B52E357D5AC8C07426C65E1864A,204950199,https://www.kugou.com/yy/rank/home/7-8888.html?from=rank
2026-09-22,2026-09-22T13:07:27+08:00,酷狗音乐,热歌榜,酷狗TOP500,2026-09-22,147,北方的后海没有海 (r&b微醺版),落日微醺,,3:26,DB3D10DE8DF3C5188EC036A9724F9418,196519034,https://www.kugou.com/yy/rank/home/7-8888.html?from=rank
2026-09-22,2026-09-22T13:07:27+08:00,酷狗音乐,热歌榜,酷狗TOP500,2026-09-22,148,谁 (男女扎心合唱),梨子芥菜、戚悦,,3:58,38DAABE4EEA0ADDC04897AC14E15B54E,185936379,https://www.kugou.com/yy/rank/home/7-8888.html?from=rank
2026-09-22,2026-09-22T13:07:27+08:00,酷狗音乐,热歌榜,酷狗TOP500,2026-09-22,149,关不上的窗,周传雄,,4:53,C9FF4C5E86A76043F004E3BB17E08942,982655,https://www.kugou.com/yy/rank/home/7-8888.html?from=rank
2026-09-22,2026-09-22T13:07:27+08:00,酷狗音乐,热歌榜,酷狗TOP500,2026-09-22,150,洛神,乱徵,,4:37,C7F29D050D8C8161FD26E27BC494FD8A,206138430,https://www.kugou.com/yy/rank/home/7-8888.html?from=rank
2026-09-22,2026-09-22T13:07:27+08:00,酷狗音乐,热歌榜,酷狗TOP500,2026-09-22,151,告白气球,周杰伦,,3:36,688857974673645CE89EDA26A36DB19D,1645030,https://www.kugou.com/yy/rank/home/7-8888.html?from=rank
2026-09-22,2026-09-22T13:07:27+08:00,酷狗音乐,热歌榜,酷狗TOP500,2026-09-22,152,时间会回答 (小女孩版),DJ枕酒,,3:14,E7881CACB01F854C47D264EF4C3CFF79,207820865,https://www.kugou.com/yy/rank/home/7-8888.html?from=rank
2026-09-22,2026-09-22T13:07:27+08:00,酷狗音乐,热歌榜,酷狗TOP500,2026-09-22,153,兰亭序,周杰伦,,4:14,4EC10B1B7B9BEB2F0ADB89BBEC5F664B,960399,https://www.kugou.com/yy/rank/home/7-8888.html?from=rank
2026-09-22,2026-09-22T13:07:27+08:00,酷狗音乐,热歌榜,酷狗TOP500,2026-09-22,154,人儿啊请慢下来,石满仓,,3:32,81127FC1186063281CB602F623A74BD7,206903720,https://www.kugou.com/yy/rank/home/7-8888.html?from=rank
2026-09-22,2026-09-22T13:07:27+08:00,酷狗音乐,热歌榜,酷狗TOP500,2026-09-22,155,Always Online,林俊杰,,3:45,16A4E4895905B703AC0F31007A495D4C,963179,https://www.kugou.com/yy/rank/home/8-8888.html?from=rank
2026-09-22,2026-09-22T13:07:27+08:00,酷狗音乐,热歌榜,酷狗TOP500,2026-09-22,156,我听人说思念像风一样,雪山阿木,,3:32,943196741A4E6EC43A07BE0620624543,204044392,https://www.kugou.com/yy/rank/home/8-8888.html?from=rank
2026-09-22,2026-09-22T13:07:27+08:00,酷狗音乐,热歌榜,酷狗TOP500,2026-09-22,157,爱情讯息,郭静,,4:41,D8E857250D8EEA9C5FAFDAF7857640A5,971139,https://www.kugou.com/yy/rank/home/8-8888.html?from=rank
2026-09-22,2026-09-22T13:07:27+08:00,酷狗音乐,热歌榜,酷狗TOP500,2026-09-22,158,枫,周杰伦,,4:36,0D7E8C11C961A17EB8779FEB0CA772E3,958909,https://www.kugou.com/yy/rank/home/8-8888.html?from=rank
2026-09-22,2026-09-22T13:07:27+08:00,酷狗音乐,热歌榜,酷狗TOP500,2026-09-22,159,黄昏 (纵然青丝如霜)(R&B版),落日微醺,,4:05,423FC1778078ACF260242626820E4244,194767721,https://www.kugou.com/yy/rank/home/8-8888.html?from=rank
2026-09-22,2026-09-22T13:07:27+08:00,酷狗音乐,热歌榜,酷狗TOP500,2026-09-22,160,发如雪,周杰伦,,4:59,1F7E7659B9FFF4FB6F71562A61BBC25F,958909,https://www.kugou.com/yy/rank/home/8-8888.html?from=rank
2026-09-22,2026-09-22T13:07:27+08:00,酷狗音乐,热歌榜,酷狗TOP500,2026-09-22,161,春娇与志明,街道办GDC、欧阳耀莹,,3:24,E84947402A5E0952FA067566C10264CB,8543461,https://www.kugou.com/yy/rank/home/8-8888.html?from=rank
2026-09-22,2026-09-22T13:07:27+08:00,酷狗音乐,热歌榜,酷狗TOP500,2026-09-22,162,忘记时间,胡歌,,4:32,BB2759C850804CB32A55480D85D21080,493001,https://www.kugou.com/yy/rank/home/8-8888.html?from=rank
2026-09-22,2026-09-22T13:07:27+08:00,酷狗音乐,热歌榜,酷狗TOP500,2026-09-22,163,一路向北,周杰伦,,4:54,F73F22FB046CA1A135C70417163AF82E,1739223,https://www.kugou.com/yy/rank/home/8-8888.html?from=rank
2026-09-22,2026-09-22T13:07:27+08:00,酷狗音乐,热歌榜,酷狗TOP500,2026-09-22,164,回到你身边 (让你知道),h3R3刘清云,,3:51,D47C45995D6D88F23AB76601702D9C9E,199501920,https://www.kugou.com/yy/rank/home/8-8888.html?from=rank
2026-09-22,2026-09-22T13:07:27+08:00,酷狗音乐,热歌榜,酷狗TOP500,2026-09-22,165,不将就,李荣浩,,5:12,E5F0905C662872A9B05A423FD1ED48B5,1004040,https://www.kugou.com/yy/rank/home/8-8888.html?from=rank
2026-09-22,2026-09-22T13:07:27+08:00,酷狗音乐,热歌榜,酷狗TOP500,2026-09-22,166,亲爱的你啊,任素汐,,3:56,C42C2C5C7A68CDAFBF543F29AF883B1D,144348541,https://www.kugou.com/yy/rank/home/8-8888.html?from=rank
2026-09-22,2026-09-22T13:07:27+08:00,酷狗音乐,热歌榜,酷狗TOP500,2026-09-22,167,年少有为,李荣浩,,4:39,3A5C1D6CDABB2FDA813F8F8B7E4D08B0,8873395,https://www.kugou.com/yy/rank/home/8-8888.html?from=rank
2026-09-22,2026-09-22T13:07:27+08:00,酷狗音乐,热歌榜,酷狗TOP500,2026-09-22,168,过火,张信哲,,5:02,E34CBC6EBE64B9EE9ADB5C46E2178A84,982639,https://www.kugou.com/yy/rank/home/8-8888.html?from=rank
2026-09-22,2026-09-22T13:07:27+08:00,酷狗音乐,热歌榜,酷狗TOP500,2026-09-22,169,泡沫,G.E.M.邓紫棋,,4:19,8574D02543B5F902469FB4E27E3A350D,968370,https://www.kugou.com/yy/rank/home/8-8888.html?from=rank
2026-09-22,2026-09-22T13:07:27+08:00,酷狗音乐,热歌榜,酷狗TOP500,2026-09-22,170,时光你等等我,郭芊彤,,4:19,35752B1309268B40355A1CEE7821EDEE,201198246,https://www.kugou.com/yy/rank/home/8-8888.html?from=rank
2026-09-22,2026-09-22T13:07:27+08:00,酷狗音乐,热歌榜,酷狗TOP500,2026-09-22,171,可惜没如果,林俊杰,,4:58,57D6EAF8F7E593A2C4B780D8045DE5C1,542795,https://www.kugou.com/yy/rank/home/8-8888.html?from=rank
2026-09-22,2026-09-22T13:07:27+08:00,酷狗音乐,热歌榜,酷狗TOP500,2026-09-22,172,我不该动情,老板,,3:57,DFA780605FE78F1572761712931024A7,197593768,https://www.kugou.com/yy/rank/home/8-8888.html?from=rank
2026-09-22,2026-09-22T13:07:27+08:00,酷狗音乐,热歌榜,酷狗TOP500,2026-09-22,173,玻璃,Gareth.T,,3:05,ED0ED6B17B6C29695E97F5CC945C7901,191663409,https://www.kugou.com/yy/rank/home/8-8888.html?from=rank
2026-09-22,2026-09-22T13:07:27+08:00,酷狗音乐,热歌榜,酷狗TOP500,2026-09-22,174,老街,李荣浩,,5:19,30E7F7CCB57EB16D1BE3EC71D7ADB071,964378,https://www.kugou.com/yy/rank/home/8-8888.html?from=rank
2026-09-22,2026-09-22T13:07:27+08:00,酷狗音乐,热歌榜,酷狗TOP500,2026-09-22,175,你有没有真的爱过我 (对唱版),阿图表妹、寂寞阿图,,4:03,3C425FC4496E67468562CA377D7F2B23,190170015,https://www.kugou.com/yy/rank/home/8-8888.html?from=rank
2026-09-22,2026-09-22T13:07:27+08:00,酷狗音乐,热歌榜,酷狗TOP500,2026-09-22,176,曾经的你,许巍,,4:21,8D27A0FD0D8B6A9059D3FEEC95E2088D,976268,https://www.kugou.com/yy/rank/home/8-8888.html?from=rank
2026-09-22,2026-09-22T13:07:27+08:00,酷狗音乐,热歌榜,酷狗TOP500,2026-09-22,177,天龙八部之宿敌,许嵩,,4:24,9092283E08915874302A9C64032BC79D,503947,https://www.kugou.com/yy/rank/home/9-8888.html?from=rank
2026-09-22,2026-09-22T13:07:27+08:00,酷狗音乐,热歌榜,酷狗TOP500,2026-09-22,178,背对背拥抱,林俊杰,,3:55,D3CB60981A747455AE3142C25809051E,975828,https://www.kugou.com/yy/rank/home/9-8888.html?from=rank
2026-09-22,2026-09-22T13:07:27+08:00,酷狗音乐,热歌榜,酷狗TOP500,2026-09-22,179,Lost,满舒克、Jony J,,4:10,E4C0A549FB93FC128B5A0E8DBD3CD32A,2537526,https://www.kugou.com/yy/rank/home/9-8888.html?from=rank
2026-09-22,2026-09-22T13:07:27+08:00,酷狗音乐,热歌榜,酷狗TOP500,2026-09-22,180,座位,于冬然,,3:29,D87A09DB3166215E5DFD4A30C922509E,137485296,https://www.kugou.com/yy/rank/home/9-8888.html?from=rank
2026-09-22,2026-09-22T13:07:27+08:00,酷狗音乐,热歌榜,酷狗TOP500,2026-09-22,181,敬岁月一杯酒,万海东,,3:32,C417C9621CD6D9A48DA79900D9B9502D,201889141,https://www.kugou.com/yy/rank/home/9-8888.html?from=rank
2026-09-22,2026-09-22T13:07:27+08:00,酷狗音乐,热歌榜,酷狗TOP500,2026-09-22,182,生而为人,尚士达,,5:20,2789D88534017546B173E0BFA9D6233B,13946205,https://www.kugou.com/yy/rank/home/9-8888.html?from=rank
2026-09-22,2026-09-22T13:07:27+08:00,酷狗音乐,热歌榜,酷狗TOP500,2026-09-22,183,西海情歌,刀郎,,5:43,0E5FB14E78AFF13C2DEF97C814537CB7,984281,https://www.kugou.com/yy/rank/home/9-8888.html?from=rank
2026-09-22,2026-09-22T13:07:27+08:00,酷狗音乐,热歌榜,酷狗TOP500,2026-09-22,184,一场游戏一场梦,王杰,,4:17,55340B431243FF5F112527EFC0591232,7547885,https://www.kugou.com/yy/rank/home/9-8888.html?from=rank
2026-09-22,2026-09-22T13:07:27+08:00,酷狗音乐,热歌榜,酷狗TOP500,2026-09-22,185,开不了口,周杰伦,,4:44,32DD461A82439D4B75E87ECC3F047E6A,958706,https://www.kugou.com/yy/rank/home/9-8888.html?from=rank
2026-09-22,2026-09-22T13:07:27+08:00,酷狗音乐,热歌榜,酷狗TOP500,2026-09-22,186,多远都要在一起,G.E.M.邓紫棋,,3:38,768F6FA531A3D883BE3F6C91AAF60612,555825,https://www.kugou.com/yy/rank/home/9-8888.html?from=rank
2026-09-22,2026-09-22T13:07:27+08:00,酷狗音乐,热歌榜,酷狗TOP500,2026-09-22,187,执子之手,宝石Gem、哩哩,,3:10,A84D44A92F427A3198ECEE703B708478,61962429,https://www.kugou.com/yy/rank/home/9-8888.html?from=rank
2026-09-22,2026-09-22T13:07:27+08:00,酷狗音乐,热歌榜,酷狗TOP500,2026-09-22,188,我是真的爱上你,王杰,,5:03,7C353B672AC945A3FE56022000A239FE,2996801,https://www.kugou.com/yy/rank/home/9-8888.html?from=rank
2026-09-22,2026-09-22T13:07:27+08:00,酷狗音乐,热歌榜,酷狗TOP500,2026-09-22,189,指纹,杜宣达,,4:00,EAF4CB91DA618DBEDC751F54B3B3620D,50057639,https://www.kugou.com/yy/rank/home/9-8888.html?from=rank
2026-09-22,2026-09-22T13:07:27+08:00,酷狗音乐,热歌榜,酷狗TOP500,2026-09-22,190,沦陷,贾格JuggShots,,3:04,64C2E5D33BE5F53758F3E96DC8EEC3C3,95717116,https://www.kugou.com/yy/rank/home/9-8888.html?from=rank
2026-09-22,2026-09-22T13:07:27+08:00,酷狗音乐,热歌榜,酷狗TOP500,2026-09-22,191,半点心,草蜢,,3:52,6DF94BFD206BB819120C0D021B93EDBC,564642,https://www.kugou.com/yy/rank/home/9-8888.html?from=rank
2026-09-22,2026-09-22T13:07:27+08:00,酷狗音乐,热歌榜,酷狗TOP500,2026-09-22,192,Dear John,比莉,,5:11,71951213A1C3C313DEEB017D3C9E77CC,2528933,https://www.kugou.com/yy/rank/home/9-8888.html?from=rank
2026-09-22,2026-09-22T13:07:27+08:00,酷狗音乐,热歌榜,酷狗TOP500,2026-09-22,193,从山到海 (治愈民谣),小阿开,,4:00,A0D8A87C1A9DC098DBF9C6128759E07F,207489100,https://www.kugou.com/yy/rank/home/9-8888.html?from=rank
2026-09-22,2026-09-22T13:07:27+08:00,酷狗音乐,热歌榜,酷狗TOP500,2026-09-22,194,如果累了就回故乡 (微醺版),落日微醺,,3:44,4B63841480B40824990E763D112C5D1F,205125995,https://www.kugou.com/yy/rank/home/9-8888.html?from=rank
2026-09-22,2026-09-22T13:07:27+08:00,酷狗音乐,热歌榜,酷狗TOP500,2026-09-22,195,还是分开 (Acoustic Version),张叶蕾,,3:49,CCB537741E41A89D63810C75D50BCFE6,130014024,https://www.kugou.com/yy/rank/home/9-8888.html?from=rank
2026-09-22,2026-09-22T13:07:27+08:00,酷狗音乐,热歌榜,酷狗TOP500,2026-09-22,196,今生劫换来生缘,黄静美,,3:45,00A0F8E1DB067B15EA995F0470E08640,201036907,https://www.kugou.com/yy/rank/home/9-8888.html?from=rank
2026-09-22,2026-09-22T13:07:27+08:00,酷狗音乐,热歌榜,酷狗TOP500,2026-09-22,197,跨不过的距离,虎二,,4:31,FED5892036FBD176F6FEAE973C565E59,38209191,https://www.kugou.com/yy/rank/home/9-8888.html?from=rank
2026-09-22,2026-09-22T13:07:27+08:00,酷狗音乐,热歌榜,酷狗TOP500,2026-09-22,198,不遗憾,李荣浩,,5:20,40CE38D5DB930F404EB26F58978BEC3D,44404137,https://www.kugou.com/yy/rank/home/9-8888.html?from=rank
2026-09-22,2026-09-22T13:07:27+08:00,酷狗音乐,热歌榜,酷狗TOP500,2026-09-22,199,时间能不能走慢点 (青春别散场live大合唱版),7past、Allie艾梨,,4:01,D93C852279D5D83F1C466C21BA608964,206330074,https://www.kugou.com/yy/rank/home/10-8888.html?from=rank
2026-09-22,2026-09-22T13:07:27+08:00,酷狗音乐,热歌榜,酷狗TOP500,2026-09-22,200,Lonely,Nana,,6:21,284173346DD3E03FA86D027025F50CC7,45833884,https://www.kugou.com/yy/rank/home/10-8888.html?from=rank
2026-09-22,2026-09-22T13:07:27+08:00,酷狗音乐,热歌榜,酷狗TOP500,2026-09-22,201,短发女孩 (她留短发淡的妆),Zzh、白允y,,2:23,777C7211715D4FC9FB3ADB928F4F7F94,204981235,https://www.kugou.com/yy/rank/home/10-8888.html?from=rank
2026-09-22,2026-09-22T13:07:27+08:00,酷狗音乐,热歌榜,酷狗TOP500,2026-09-22,202,偏偏喜欢你,陈百强,,3:32,D186383AA965D13601CFF4857F844FEE,983655,https://www.kugou.com/yy/rank/home/10-8888.html?from=rank
2026-09-22,2026-09-22T13:07:27+08:00,酷狗音乐,热歌榜,酷狗TOP500,2026-09-22,203,We Don't Talk Anymore (Mr. Collipark Remix),Charlie Puth、Selena Gomez,,4:14,8F323B0610BE8D862B7CBB41C3398766,1746993,https://www.kugou.com/yy/rank/home/10-8888.html?from=rank
2026-09-22,2026-09-22T13:07:27+08:00,酷狗音乐,热歌榜,酷狗TOP500,2026-09-22,204,小小的一片云 (氛围版),泥小蝶bye,,3:18,B5A9A210C06F18FE996F16AF5E026E62,205700202,https://www.kugou.com/yy/rank/home/10-8888.html?from=rank
2026-09-22,2026-09-22T13:07:27+08:00,酷狗音乐,热歌榜,酷狗TOP500,2026-09-22,205,莫忙,乡野低频,,3:00,CF77A3DEE3D707DD355FC0CA3F78FBE5,203395383,https://www.kugou.com/yy/rank/home/10-8888.html?from=rank
2026-09-22,2026-09-22T13:07:27+08:00,酷狗音乐,热歌榜,酷狗TOP500,2026-09-22,206,勋章,鹿晗,,3:34,6FB3EB3F13CD64DF6E9784F6E487BAB1,2059004,https://www.kugou.com/yy/rank/home/10-8888.html?from=rank
2026-09-22,2026-09-22T13:07:27+08:00,酷狗音乐,热歌榜,酷狗TOP500,2026-09-22,207,思念漫过海岸线,欢子,,3:53,8D2C6FA2B7F281E87E967DDB3B7A95DB,205286218,https://www.kugou.com/yy/rank/home/10-8888.html?from=rank
2026-09-22,2026-09-22T13:07:27+08:00,酷狗音乐,热歌榜,酷狗TOP500,2026-09-22,208,蓝莲花,许巍,,4:31,EDCDC42FEE3A4BC8F2ADBAF96ADE9D77,15247919,https://www.kugou.com/yy/rank/home/10-8888.html?from=rank
2026-09-22,2026-09-22T13:07:27+08:00,酷狗音乐,热歌榜,酷狗TOP500,2026-09-22,209,Creepin' up on You,Darren Hayes,,4:53,6348CF4041BEE19FAD536C563C32695A,1593407,https://www.kugou.com/yy/rank/home/10-8888.html?from=rank
2026-09-22,2026-09-22T13:07:27+08:00,酷狗音乐,热歌榜,酷狗TOP500,2026-09-22,210,是你没选我啊,于冬然,,3:22,885046DF8380B7506A6B12EC8F6E201D,176303736,https://www.kugou.com/yy/rank/home/10-8888.html?from=rank
2026-09-22,2026-09-22T13:07:27+08:00,酷狗音乐,热歌榜,酷狗TOP500,2026-09-22,211,Angel,尹美莱、Tiger JK、Bizzy,,4:15,157D75DA9A1B5B4FED6C529C2B1C2452,964390,https://www.kugou.com/yy/rank/home/10-8888.html?from=rank
2026-09-22,2026-09-22T13:07:27+08:00,酷狗音乐,热歌榜,酷狗TOP500,2026-09-22,212,回到小村落 (烟嗓版),烟嗓别针plus,,3:39,B3A557C464546E69AFB5A7FBE370E6A2,203603720,https://www.kugou.com/yy/rank/home/10-8888.html?from=rank
2026-09-22,2026-09-22T13:07:27+08:00,酷狗音乐,热歌榜,酷狗TOP500,2026-09-22,213,你就不要想起我,田馥甄,,4:41,33E67CD9B775093E93CBABBD649DF087,965595,https://www.kugou.com/yy/rank/home/10-8888.html?from=rank
2026-09-22,2026-09-22T13:07:27+08:00,酷狗音乐,热歌榜,酷狗TOP500,2026-09-22,214,你瞒我瞒,陈柏宇,,3:58,E8EE57D671769402710C4FF9259D841F,965453,https://www.kugou.com/yy/rank/home/10-8888.html?from=rank
2026-09-22,2026-09-22T13:07:27+08:00,酷狗音乐,热歌榜,酷狗TOP500,2026-09-22,215,天际,洋澜一,,5:46,DEAE9D1FC61F4810A0C15AA9CFD83722,76611526,https://www.kugou.com/yy/rank/home/10-8888.html?from=rank
2026-09-22,2026-09-22T13:07:27+08:00,酷狗音乐,热歌榜,酷狗TOP500,2026-09-22,216,冲动的惩罚,刀郎,,7:54,84073718AE6A82366444C3B5AE526FAC,964521,https://www.kugou.com/yy/rank/home/10-8888.html?from=rank
2026-09-22,2026-09-22T13:07:27+08:00,酷狗音乐,热歌榜,酷狗TOP500,2026-09-22,217,那些年,胡夏,,6:11,95A46E232F3F0CFFDA7811B7D9C8E6C4,542864,https://www.kugou.com/yy/rank/home/10-8888.html?from=rank
2026-09-22,2026-09-22T13:07:27+08:00,酷狗音乐,热歌榜,酷狗TOP500,2026-09-22,218,忘了你忘了我,王杰,,4:38,95CBD367E98724883CA99874AD626446,962390,https://www.kugou.com/yy/rank/home/10-8888.html?from=rank
2026-09-22,2026-09-22T13:07:27+08:00,酷狗音乐,热歌榜,酷狗TOP500,2026-09-22,219,蒲公英的约定,周杰伦,,4:07,A14373681262867AB43FEF5467F4CC1D,979856,https://www.kugou.com/yy/rank/home/10-8888.html?from=rank
2026-09-22,2026-09-22T13:07:27+08:00,酷狗音乐,热歌榜,酷狗TOP500,2026-09-22,220,牵丝戏,银临、Aki阿杰,,3:59,5E7FF596F7D6021DA63AF36E91BECE4B,568968,https://www.kugou.com/yy/rank/home/10-8888.html?from=rank
2026-09-22,2026-09-22T13:07:27+08:00,酷狗音乐,热歌榜,酷狗TOP500,2026-09-22,221,如果可以,韦礼安,,4:34,70425DF5F0C9FCED5E0468189A7F4A70,49958186,https://www.kugou.com/yy/rank/home/11-8888.html?from=rank
2026-09-22,2026-09-22T13:07:27+08:00,酷狗音乐,热歌榜,酷狗TOP500,2026-09-22,222,第一次爱的人,王心凌,,3:53,38539E18FBB3E9A8DFA84A892CA718F6,979891,https://www.kugou.com/yy/rank/home/11-8888.html?from=rank
2026-09-22,2026-09-22T13:07:27+08:00,酷狗音乐,热歌榜,酷狗TOP500,2026-09-22,223,若此生缘太浅 (庄周一生梦一蝶),黄静美、亦瑶,,3:10,B2CE02B106C9FA437E1C81B096E8F7A0,206369549,https://www.kugou.com/yy/rank/home/11-8888.html?from=rank
2026-09-22,2026-09-22T13:07:27+08:00,酷狗音乐,热歌榜,酷狗TOP500,2026-09-22,224,倘若你爱一人,王唯旖,,3:57,452F7E058B44E2229B59A693E9AD3524,198657446,https://www.kugou.com/yy/rank/home/11-8888.html?from=rank
2026-09-22,2026-09-22T13:07:27+08:00,酷狗音乐,热歌榜,酷狗TOP500,2026-09-22,225,爱情转移,陈奕迅,,4:19,A549238FA1B05EABE841DFE110899647,962514,https://www.kugou.com/yy/rank/home/11-8888.html?from=rank
2026-09-22,2026-09-22T13:07:27+08:00,酷狗音乐,热歌榜,酷狗TOP500,2026-09-22,226,或许 (现场live大合唱版),7paste、艾利（Ellie）,,3:30,C77D56A5B1526AC1F0FA5B93787002C0,203036081,https://www.kugou.com/yy/rank/home/11-8888.html?from=rank
2026-09-22,2026-09-22T13:07:27+08:00,酷狗音乐,热歌榜,酷狗TOP500,2026-09-22,227,西厢寻他,伯爵Johnny、唐伯虎Annie,,3:44,2B657B5B5D781C1A61D7E0D1F5E2DE22,53205523,https://www.kugou.com/yy/rank/home/11-8888.html?from=rank
2026-09-22,2026-09-22T13:07:27+08:00,酷狗音乐,热歌榜,酷狗TOP500,2026-09-22,228,葡萄成熟时,陈奕迅,,4:37,FDEEA17B3BAD24C0C88E4D45F71F1946,968210,https://www.kugou.com/yy/rank/home/11-8888.html?from=rank
2026-09-22,2026-09-22T13:07:27+08:00,酷狗音乐,热歌榜,酷狗TOP500,2026-09-22,229,爱如潮水,张信哲,,4:31,7D372165ED6AD2C00DD2B473529BE9CE,538030,https://www.kugou.com/yy/rank/home/11-8888.html?from=rank
2026-09-22,2026-09-22T13:07:27+08:00,酷狗音乐,热歌榜,酷狗TOP500,2026-09-22,230,在我心里你就是我的唯一 (深情版),乔小兮,,3:24,D267039664808916FC4666C47DDD41B4,207677501,https://www.kugou.com/yy/rank/home/11-8888.html?from=rank
2026-09-22,2026-09-22T13:07:27+08:00,酷狗音乐,热歌榜,酷狗TOP500,2026-09-22,231,起风了,买辣椒也用券,,5:26,5C035CBF390FEF6B536020A57749EF70,53218722,https://www.kugou.com/yy/rank/home/11-8888.html?from=rank
2026-09-22,2026-09-22T13:07:27+08:00,酷狗音乐,热歌榜,酷狗TOP500,2026-09-22,232,包容,郑源,,4:23,86470F212F05E4F736C1B36954685338,963730,https://www.kugou.com/yy/rank/home/11-8888.html?from=rank
2026-09-22,2026-09-22T13:07:27+08:00,酷狗音乐,热歌榜,酷狗TOP500,2026-09-22,233,下一个天亮,郭静,,4:27,7E2AD47232E7148C642B6836041826C9,971139,https://www.kugou.com/yy/rank/home/11-8888.html?from=rank
2026-09-22,2026-09-22T13:07:27+08:00,酷狗音乐,热歌榜,酷狗TOP500,2026-09-22,234,说好的幸福呢,周杰伦,,4:17,892B7AD62499C97A1A994454423E30F6,960399,https://www.kugou.com/yy/rank/home/11-8888.html?from=rank
2026-09-22,2026-09-22T13:07:27+08:00,酷狗音乐,热歌榜,酷狗TOP500,2026-09-22,235,偏向,陈子晴,,3:06,8C75BDF9AA0370D34E43A0DF1430020E,41687570,https://www.kugou.com/yy/rank/home/11-8888.html?from=rank
2026-09-22,2026-09-22T13:07:27+08:00,酷狗音乐,热歌榜,酷狗TOP500,2026-09-22,236,雨蝶,李翊君,,3:51,C83424ACF417185057E278554B91D4C0,7549108,https://www.kugou.com/yy/rank/home/11-8888.html?from=rank
2026-09-22,2026-09-22T13:07:27+08:00,酷狗音乐,热歌榜,酷狗TOP500,2026-09-22,237,断点,张敬轩,,4:28,2C2A571D91FF7BF6FE814887FFA7E592,2996592,https://www.kugou.com/yy/rank/home/11-8888.html?from=rank
2026-09-22,2026-09-22T13:07:27+08:00,酷狗音乐,热歌榜,酷狗TOP500,2026-09-22,238,模特,李荣浩,,5:06,87EBC49856D2CB3C04992C9A87E5A5C5,968143,https://www.kugou.com/yy/rank/home/11-8888.html?from=rank
2026-09-22,2026-09-22T13:07:27+08:00,酷狗音乐,热歌榜,酷狗TOP500,2026-09-22,239,谁明浪子心,王杰,,5:01,1E54C9C01C9DFC5C68F743368F353711,983991,https://www.kugou.com/yy/rank/home/11-8888.html?from=rank
2026-09-22,2026-09-22T13:07:27+08:00,酷狗音乐,热歌榜,酷狗TOP500,2026-09-22,240,我们的歌,王力宏,,4:08,4E294957A0D9B72A78B61F3C2A63B6CC,503223,https://www.kugou.com/yy/rank/home/11-8888.html?from=rank
2026-09-22,2026-09-22T13:07:27+08:00,酷狗音乐,热歌榜,酷狗TOP500,2026-09-22,241,在你的身边,盛哲,,4:22,38698C9A8BB6637CDDE413C6E210FA54,4128050,https://www.kugou.com/yy/rank/home/11-8888.html?from=rank
2026-09-22,2026-09-22T13:07:27+08:00,酷狗音乐,热歌榜,酷狗TOP500,2026-09-22,242,无名的人,毛不易,,4:42,525A854C4A4EDF63CAF528D693F69CE0,51231315,https://www.kugou.com/yy/rank/home/11-8888.html?from=rank
2026-09-22,2026-09-22T13:07:27+08:00,酷狗音乐,热歌榜,酷狗TOP500,2026-09-22,243,琵琶行,奇然、沈谧仁,,5:35,0AB355EF75A56A57E1790734B2E26ED9,2563381,https://www.kugou.com/yy/rank/home/12-8888.html?from=rank
2026-09-22,2026-09-22T13:07:27+08:00,酷狗音乐,热歌榜,酷狗TOP500,2026-09-22,244,同花顺,林倛玉,,3:57,87C979FC3CBA27D6345528A1BEF05477,8603846,https://www.kugou.com/yy/rank/home/12-8888.html?from=rank
2026-09-22,2026-09-22T13:07:27+08:00,酷狗音乐,热歌榜,酷狗TOP500,2026-09-22,245,Fast Cars & Superstars,Cristian Marchi、Reverend Haus,,2:52,9EA177A8A77A9E31B164F6BDA20D4776,81561846,https://www.kugou.com/yy/rank/home/12-8888.html?from=rank
2026-09-22,2026-09-22T13:07:27+08:00,酷狗音乐,热歌榜,酷狗TOP500,2026-09-22,246,阳光下的星星,金海心,,4:44,8B60D8B58137C2D256DAA71B9D84C046,1738155,https://www.kugou.com/yy/rank/home/12-8888.html?from=rank
2026-09-22,2026-09-22T13:07:27+08:00,酷狗音乐,热歌榜,酷狗TOP500,2026-09-22,247,说了再见,周杰伦,,4:43,966C718DA96EE29B3B466F773BFA9E2F,958812,https://www.kugou.com/yy/rank/home/12-8888.html?from=rank
2026-09-22,2026-09-22T13:07:27+08:00,酷狗音乐,热歌榜,酷狗TOP500,2026-09-22,248,烟花易冷,周杰伦,,4:23,B9FC03DF9015D6BFF0554A110BF2C84F,958812,https://www.kugou.com/yy/rank/home/12-8888.html?from=rank
2026-09-22,2026-09-22T13:07:27+08:00,酷狗音乐,热歌榜,酷狗TOP500,2026-09-22,249,光年之外,G.E.M.邓紫棋,,3:56,AA47B03289C80586FF72146359914A0C,1952211,https://www.kugou.com/yy/rank/home/12-8888.html?from=rank
2026-09-22,2026-09-22T13:07:27+08:00,酷狗音乐,热歌榜,酷狗TOP500,2026-09-22,250,瞬,郑润泽,,4:45,C06970FDB48E8E1F9BBC7577B7BC1938,75949211,https://www.kugou.com/yy/rank/home/12-8888.html?from=rank
2026-09-22,2026-09-22T13:07:27+08:00,酷狗音乐,热歌榜,酷狗TOP500,2026-09-22,251,天外来物,薛之谦,,4:17,761C1EAFBD1E22504B487F84D2152DF5,40890018,https://www.kugou.com/yy/rank/home/12-8888.html?from=rank
2026-09-22,2026-09-22T13:07:27+08:00,酷狗音乐,热歌榜,酷狗TOP500,2026-09-22,252,不要说话,陈奕迅,,4:48,4A002DE48D2ED4C0942FA1A5851832C7,973108,https://www.kugou.com/yy/rank/home/12-8888.html?from=rank
2026-09-22,2026-09-22T13:07:27+08:00,酷狗音乐,热歌榜,酷狗TOP500,2026-09-22,253,不是真的爱我,孙燕姿,,4:01,27AC85A9FA90EBCC0E9C7BEF6E3AE2C0,970542,https://www.kugou.com/yy/rank/home/12-8888.html?from=rank
2026-09-22,2026-09-22T13:07:27+08:00,酷狗音乐,热歌榜,酷狗TOP500,2026-09-22,254,默契过期,田栩宁,,3:47,0EF0D932C3D47AD9748714B46D91875B,207698829,https://www.kugou.com/yy/rank/home/12-8888.html?from=rank
2026-09-22,2026-09-22T13:07:27+08:00,酷狗音乐,热歌榜,酷狗TOP500,2026-09-22,255,月亮替我望故乡,任夏,,3:32,7A4E37A535C66AB760E761DE8322B04D,207826335,https://www.kugou.com/yy/rank/home/12-8888.html?from=rank
2026-09-22,2026-09-22T13:07:27+08:00,酷狗音乐,热歌榜,酷狗TOP500,2026-09-22,256,无人之岛,任然,,4:45,8E568D8806F771607104D8BF9695ACE0,2916172,https://www.kugou.com/yy/rank/home/12-8888.html?from=rank
2026-09-22,2026-09-22T13:07:27+08:00,酷狗音乐,热歌榜,酷狗TOP500,2026-09-22,257,你还要我怎样,薛之谦,,5:11,8C6AAC48FB5C3759042E4C8699544C6F,960327,https://www.kugou.com/yy/rank/home/12-8888.html?from=rank
2026-09-22,2026-09-22T13:07:27+08:00,酷狗音乐,热歌榜,酷狗TOP500,2026-09-22,258,Fever Pitch,Richz,,2:15,594B915AEEDA7DA8F5BD70B63EA76EAD,180499937,https://www.kugou.com/yy/rank/home/12-8888.html?from=rank
2026-09-22,2026-09-22T13:07:27+08:00,酷狗音乐,热歌榜,酷狗TOP500,2026-09-22,259,单身情歌,林志炫,,4:35,ACD27A452FE3D0348D38540762DA7BEB,971171,https://www.kugou.com/yy/rank/home/12-8888.html?from=rank
2026-09-22,2026-09-22T13:07:27+08:00,酷狗音乐,热歌榜,酷狗TOP500,2026-09-22,260,哼着你爱听的歌 (女版),田园,,3:20,37B0685181098FB8427291594EDBC8CD,162686180,https://www.kugou.com/yy/rank/home/12-8888.html?from=rank
2026-09-22,2026-09-22T13:07:27+08:00,酷狗音乐,热歌榜,酷狗TOP500,2026-09-22,261,If The Sun Burns Out Tonight (炽日将烬)(feat. Oli Sykes & Courtney LaPlante),无畏契约、Grabbitz、Oli Sykes、Courtney Laplante,,3:46,961AD41B62B5A9FBD40330320D48C53A,207789966,https://www.kugou.com/yy/rank/home/12-8888.html?from=rank
2026-09-22,2026-09-22T13:07:27+08:00,酷狗音乐,热歌榜,酷狗TOP500,2026-09-22,262,TWINROSE,刘竞屿、熊艺文,,3:56,6DA3CFBC3B934CFFEB9A02D3E3471C01,207295292,https://www.kugou.com/yy/rank/home/12-8888.html?from=rank
2026-09-22,2026-09-22T13:07:27+08:00,酷狗音乐,热歌榜,酷狗TOP500,2026-09-22,263,空心 (Live),黄霄雲、刘端端,,4:55,6F74F7B3D9B87CA771573ABD27B2A820,199810791,https://www.kugou.com/yy/rank/home/12-8888.html?from=rank
2026-09-22,2026-09-22T13:07:27+08:00,酷狗音乐,热歌榜,酷狗TOP500,2026-09-22,264,花海,周杰伦,,4:25,3328808CECBD1A1038166003840FDDD7,960399,https://www.kugou.com/yy/rank/home/12-8888.html?from=rank
2026-09-22,2026-09-22T13:07:27+08:00,酷狗音乐,热歌榜,酷狗TOP500,2026-09-22,265,我太笨,锤娜丽莎,,4:25,A5D4F40382C0DF1A95A48A617793F03E,46432417,https://www.kugou.com/yy/rank/home/13-8888.html?from=rank
2026-09-22,2026-09-22T13:07:27+08:00,酷狗音乐,热歌榜,酷狗TOP500,2026-09-22,266,像风一样,薛之谦,,4:15,ACC9BB4136622B3E2BA561B87FFF00D9,7818079,https://www.kugou.com/yy/rank/home/13-8888.html?from=rank
2026-09-22,2026-09-22T13:07:27+08:00,酷狗音乐,热歌榜,酷狗TOP500,2026-09-22,267,IF YOU,BIGBANG,,4:24,33C5FC6AB3AF0B5B142F12C9556CB178,549436,https://www.kugou.com/yy/rank/home/13-8888.html?from=rank
2026-09-22,2026-09-22T13:07:27+08:00,酷狗音乐,热歌榜,酷狗TOP500,2026-09-22,268,山风山风等等我 (合唱版),万海东、人生感悟、吴章磊、天雯,,3:29,509AB53405C872C7A81200CDF2F3F11A,204486191,https://www.kugou.com/yy/rank/home/13-8888.html?from=rank
2026-09-22,2026-09-22T13:07:27+08:00,酷狗音乐,热歌榜,酷狗TOP500,2026-09-22,269,踏浪 (氛围说唱版),拖鞋pd、Andree Son,,3:14,C3BE66E17EDE7F55B7E850320E1D286F,206697411,https://www.kugou.com/yy/rank/home/13-8888.html?from=rank
2026-09-22,2026-09-22T13:07:27+08:00,酷狗音乐,热歌榜,酷狗TOP500,2026-09-22,270,后来的我们,五月天,,5:46,09120C11A5C376EC7D1640098FA70CDC,1748942,https://www.kugou.com/yy/rank/home/13-8888.html?from=rank
2026-09-22,2026-09-22T13:07:27+08:00,酷狗音乐,热歌榜,酷狗TOP500,2026-09-22,271,逆风的船 (看那朝阳爬过了山峦),蓝波,,3:16,0FC1FA099A3F6984C1C1D4EC211D5A7B,199831134,https://www.kugou.com/yy/rank/home/13-8888.html?from=rank
2026-09-22,2026-09-22T13:07:27+08:00,酷狗音乐,热歌榜,酷狗TOP500,2026-09-22,272,喜欢你,G.E.M.邓紫棋,,3:59,426D6BC62A73DF288F55CB3FCA8D2A62,557512,https://www.kugou.com/yy/rank/home/13-8888.html?from=rank
2026-09-22,2026-09-22T13:07:27+08:00,酷狗音乐,热歌榜,酷狗TOP500,2026-09-22,273,我的秘密,G.E.M.邓紫棋,,4:12,7FBB35DEDD24B54A8F0D895C7F61D04C,976561,https://www.kugou.com/yy/rank/home/13-8888.html?from=rank
2026-09-22,2026-09-22T13:07:27+08:00,酷狗音乐,热歌榜,酷狗TOP500,2026-09-22,274,三国恋,Tank,,4:06,1325E661C6044048943A8D7D417ED280,966742,https://www.kugou.com/yy/rank/home/13-8888.html?from=rank
2026-09-22,2026-09-22T13:07:27+08:00,酷狗音乐,热歌榜,酷狗TOP500,2026-09-22,275,后会无期,汪苏泷、徐良,,3:32,5F86140467A73FBF9C4F339F7B9AFC2C,511536,https://www.kugou.com/yy/rank/home/13-8888.html?from=rank
2026-09-22,2026-09-22T13:07:27+08:00,酷狗音乐,热歌榜,酷狗TOP500,2026-09-22,276,好久不见,陈奕迅,,4:11,8E1DDAF172D9C60A28C19358B07BFBF8,962514,https://www.kugou.com/yy/rank/home/13-8888.html?from=rank
2026-09-22,2026-09-22T13:07:27+08:00,酷狗音乐,热歌榜,酷狗TOP500,2026-09-22,277,背着风流泪,文夫,,4:14,93313560CDE28F74AA7D2894E3C4D7F7,146986506,https://www.kugou.com/yy/rank/home/13-8888.html?from=rank
2026-09-22,2026-09-22T13:07:27+08:00,酷狗音乐,热歌榜,酷狗TOP500,2026-09-22,278,平凡之路,朴树,,5:01,2BE5DE80E68B3346918D38CF7527D979,2944963,https://www.kugou.com/yy/rank/home/13-8888.html?from=rank
2026-09-22,2026-09-22T13:07:27+08:00,酷狗音乐,热歌榜,酷狗TOP500,2026-09-22,279,初恋情人,刘小慧,,4:40,24BD04781E52FE8E7FAB2A6452D85320,532546,https://www.kugou.com/yy/rank/home/13-8888.html?from=rank
2026-09-22,2026-09-22T13:07:27+08:00,酷狗音乐,热歌榜,酷狗TOP500,2026-09-22,280,最后一页,江语晨,,4:06,EF053996094A323B42C35195E9781A30,1596655,https://www.kugou.com/yy/rank/home/13-8888.html?from=rank
2026-09-22,2026-09-22T13:07:27+08:00,酷狗音乐,热歌榜,酷狗TOP500,2026-09-22,281,不分手的恋爱,汪苏泷,,3:26,543A6E13C527E52886E51BBF14191C8F,37376237,https://www.kugou.com/yy/rank/home/13-8888.html?from=rank
2026-09-22,2026-09-22T13:07:27+08:00,酷狗音乐,热歌榜,酷狗TOP500,2026-09-22,282,荒,郑鱼,,3:30,1D1B5597513DF51039D2E6F34F9CB31C,70140125,https://www.kugou.com/yy/rank/home/13-8888.html?from=rank
2026-09-22,2026-09-22T13:07:27+08:00,酷狗音乐,热歌榜,酷狗TOP500,2026-09-22,283,夏夜最后的烟火,颜人中,,4:40,4E418EDAB22093B51C78C81C0A8C9B31,39949767,https://www.kugou.com/yy/rank/home/13-8888.html?from=rank
2026-09-22,2026-09-22T13:07:27+08:00,酷狗音乐,热歌榜,酷狗TOP500,2026-09-22,284,你的样子 (烟嗓版),十一经典老歌,,3:17,9CF9C5DDBC66437ED5BF2EDB46FF94D8,193387171,https://www.kugou.com/yy/rank/home/13-8888.html?from=rank
2026-09-22,2026-09-22T13:07:27+08:00,酷狗音乐,热歌榜,酷狗TOP500,2026-09-22,285,疑心病,任然,,4:52,030BE0EE70580141E406B90363A08494,1006462,https://www.kugou.com/yy/rank/home/13-8888.html?from=rank
2026-09-22,2026-09-22T13:07:27+08:00,酷狗音乐,热歌榜,酷狗TOP500,2026-09-22,286,寂寞沙洲冷,周传雄,,4:35,36A4F5EAA748324A5D509D8EDC47699F,984377,https://www.kugou.com/yy/rank/home/13-8888.html?from=rank
2026-09-22,2026-09-22T13:07:27+08:00,酷狗音乐,热歌榜,酷狗TOP500,2026-09-22,287,珊瑚海,周杰伦、Lara梁心颐,,4:16,90E34F0C582168E7EA857915771AB220,958909,https://www.kugou.com/yy/rank/home/14-8888.html?from=rank
2026-09-22,2026-09-22T13:07:27+08:00,酷狗音乐,热歌榜,酷狗TOP500,2026-09-22,288,冬天的秘密,周传雄,,4:33,1088AEEAB9674A49F8067DCDEB1FC1EE,982655,https://www.kugou.com/yy/rank/home/14-8888.html?from=rank
2026-09-22,2026-09-22T13:07:27+08:00,酷狗音乐,热歌榜,酷狗TOP500,2026-09-22,289,美丽的神话,孙楠、韩红,,4:52,877281C8E094A848F022BCAAA76945CB,964166,https://www.kugou.com/yy/rank/home/14-8888.html?from=rank
2026-09-22,2026-09-22T13:07:27+08:00,酷狗音乐,热歌榜,酷狗TOP500,2026-09-22,290,九月底,余佳运,,4:17,9983DA61BCDB296EED401069F82F7484,12739065,https://www.kugou.com/yy/rank/home/14-8888.html?from=rank
2026-09-22,2026-09-22T13:07:27+08:00,酷狗音乐,热歌榜,酷狗TOP500,2026-09-22,291,撕夜,阿杜,,4:39,F4654DA8D595995AA50EC54232E1D525,963634,https://www.kugou.com/yy/rank/home/14-8888.html?from=rank
2026-09-22,2026-09-22T13:07:27+08:00,酷狗音乐,热歌榜,酷狗TOP500,2026-09-22,292,慢冷 (Live),李荣浩,,2:44,3536800EC50F04EBF68FB22E7AF6B124,59599171,https://www.kugou.com/yy/rank/home/14-8888.html?from=rank
2026-09-22,2026-09-22T13:07:27+08:00,酷狗音乐,热歌榜,酷狗TOP500,2026-09-22,293,喀什噶尔胡杨 (Demo珍藏版),刀郎,,6:07,872DA0844C98148147D1FEBEA92501D5,559697,https://www.kugou.com/yy/rank/home/14-8888.html?from=rank
2026-09-22,2026-09-22T13:07:27+08:00,酷狗音乐,热歌榜,酷狗TOP500,2026-09-22,294,不能说的秘密,周杰伦,,4:57,EDFC5DD1AC3D58971AB95B3E2700D015,554150,https://www.kugou.com/yy/rank/home/14-8888.html?from=rank
2026-09-22,2026-09-22T13:07:27+08:00,酷狗音乐,热歌榜,酷狗TOP500,2026-09-22,295,ORA,受伤的梅、王昱蒙,,4:15,5FAB85DDFA9F7EB6D64AA7568EAB466E,203945585,https://www.kugou.com/yy/rank/home/14-8888.html?from=rank
2026-09-22,2026-09-22T13:07:27+08:00,酷狗音乐,热歌榜,酷狗TOP500,2026-09-22,296,闭目入神,郑中基,,3:36,386EF80136EFD753F8C9CD75D18159C3,7547818,https://www.kugou.com/yy/rank/home/14-8888.html?from=rank
2026-09-22,2026-09-22T13:07:27+08:00,酷狗音乐,热歌榜,酷狗TOP500,2026-09-22,297,冷夜,陈默之,,4:07,DC939521FA5F5736A33765D56B90E03C,84595635,https://www.kugou.com/yy/rank/home/14-8888.html?from=rank
2026-09-22,2026-09-22T13:07:27+08:00,酷狗音乐,热歌榜,酷狗TOP500,2026-09-22,298,枪火 (相对那就针锋相对),宝石Gem,,3:18,76923758046CB591DC9556D1FB69D976,154798334,https://www.kugou.com/yy/rank/home/14-8888.html?from=rank
2026-09-22,2026-09-22T13:07:27+08:00,酷狗音乐,热歌榜,酷狗TOP500,2026-09-22,299,雨终曲,宋雨琦 (YUQI),,3:34,B55CABB4E6657F1E8FA04B7A390D75A5,207123010,https://www.kugou.com/yy/rank/home/14-8888.html?from=rank
2026-09-22,2026-09-22T13:07:27+08:00,酷狗音乐,热歌榜,酷狗TOP500,2026-09-22,300,淘汰,陈奕迅,,4:45,90C64A1FB2F32663FA8037D847AABB57,962514,https://www.kugou.com/yy/rank/home/14-8888.html?from=rank
2026-09-22,2026-09-22T13:07:27+08:00,酷狗音乐,热歌榜,酷狗TOP500,2026-09-22,301,你是我触碰不到的风 (酒后释怀live对唱版),艾利（Ellie）、7paste,,3:52,63F146A4A7132C267C78F4832CD62C10,202093916,https://www.kugou.com/yy/rank/home/14-8888.html?from=rank
2026-09-22,2026-09-22T13:07:27+08:00,酷狗音乐,热歌榜,酷狗TOP500,2026-09-22,302,怎么说我不爱你,萧敬腾,,4:35,30A31A94C77268C92886E00D912AC03B,958893,https://www.kugou.com/yy/rank/home/14-8888.html?from=rank
2026-09-22,2026-09-22T13:07:27+08:00,酷狗音乐,热歌榜,酷狗TOP500,2026-09-22,303,下个，路口，见,李宇春,,3:30,64F80BAE486AB418084E941AADA27545,502503,https://www.kugou.com/yy/rank/home/14-8888.html?from=rank
2026-09-22,2026-09-22T13:07:27+08:00,酷狗音乐,热歌榜,酷狗TOP500,2026-09-22,304,知了,陈默之,,3:52,FE6608CE529684B94CBA506E2B0C7BB6,91222498,https://www.kugou.com/yy/rank/home/14-8888.html?from=rank
2026-09-22,2026-09-22T13:07:27+08:00,酷狗音乐,热歌榜,酷狗TOP500,2026-09-22,305,不该 (with aMEI),周杰伦、张惠妹,,4:51,FCF336E81DA45A8E696032FFC1708175,1645030,https://www.kugou.com/yy/rank/home/14-8888.html?from=rank
2026-09-22,2026-09-22T13:07:27+08:00,酷狗音乐,热歌榜,酷狗TOP500,2026-09-22,306,天黑黑,孙燕姿,,3:56,D4601C9FFEADB42961CE4E623FAFD279,973684,https://www.kugou.com/yy/rank/home/14-8888.html?from=rank
2026-09-22,2026-09-22T13:07:27+08:00,酷狗音乐,热歌榜,酷狗TOP500,2026-09-22,307,就是爱你,陶喆,,4:24,43485D7A650AFF532E5ECF24D7FB6381,7547427,https://www.kugou.com/yy/rank/home/14-8888.html?from=rank
2026-09-22,2026-09-22T13:07:27+08:00,酷狗音乐,热歌榜,酷狗TOP500,2026-09-22,308,求佛,誓言,,4:46,7B7140B23A836DC6EE63B6CD48482402,7614,https://www.kugou.com/yy/rank/home/14-8888.html?from=rank
2026-09-22,2026-09-22T13:07:27+08:00,酷狗音乐,热歌榜,酷狗TOP500,2026-09-22,309,天地龙鳞,王力宏,,3:17,DD83DC4A30C3A05D60FFCE6944FB441C,50749156,https://www.kugou.com/yy/rank/home/15-8888.html?from=rank
2026-09-22,2026-09-22T13:07:27+08:00,酷狗音乐,热歌榜,酷狗TOP500,2026-09-22,310,水手,郑智化,,4:53,6DCF10DEA98A7C9F755BE385E822BE05,967718,https://www.kugou.com/yy/rank/home/15-8888.html?from=rank
2026-09-22,2026-09-22T13:07:27+08:00,酷狗音乐,热歌榜,酷狗TOP500,2026-09-22,311,最长的电影,周杰伦,,3:56,2F6D441163A92AEE5E52B8E94F36A3C7,979856,https://www.kugou.com/yy/rank/home/15-8888.html?from=rank
2026-09-22,2026-09-22T13:07:27+08:00,酷狗音乐,热歌榜,酷狗TOP500,2026-09-22,312,刻在我心底的名字,卢广仲,,5:20,5CDCAAF9E7B91E94FD012589D00FDBEA,39020767,https://www.kugou.com/yy/rank/home/15-8888.html?from=rank
2026-09-22,2026-09-22T13:07:27+08:00,酷狗音乐,热歌榜,酷狗TOP500,2026-09-22,313,逆流成河,金南玲,,2:05,F12381673024C26DF3CC2589AA52987F,976591,https://www.kugou.com/yy/rank/home/15-8888.html?from=rank
2026-09-22,2026-09-22T13:07:27+08:00,酷狗音乐,热歌榜,酷狗TOP500,2026-09-22,314,爱像尘埃石沉大海,Mogoo蘑菇,,3:33,AA1700359BFBDD365B1B066BCE825136,207283094,https://www.kugou.com/yy/rank/home/15-8888.html?from=rank
2026-09-22,2026-09-22T13:07:27+08:00,酷狗音乐,热歌榜,酷狗TOP500,2026-09-22,315,有风的日落,万海东,,3:49,94774F06E73EF9ABD739423E1A414593,181906094,https://www.kugou.com/yy/rank/home/15-8888.html?from=rank
2026-09-22,2026-09-22T13:07:27+08:00,酷狗音乐,热歌榜,酷狗TOP500,2026-09-22,316,落空,印子月,,3:53,F2823FEC8D01EDE2587ED3D32F787782,15394482,https://www.kugou.com/yy/rank/home/15-8888.html?from=rank
2026-09-22,2026-09-22T13:07:27+08:00,酷狗音乐,热歌榜,酷狗TOP500,2026-09-22,317,我走后,小咪,,4:08,00751DE0946619BCDE4A4E15397F2A15,22216764,https://www.kugou.com/yy/rank/home/15-8888.html?from=rank
2026-09-22,2026-09-22T13:07:27+08:00,酷狗音乐,热歌榜,酷狗TOP500,2026-09-22,318,说散就散,袁娅维TIA RAY,,4:03,837D7CEC9202B47F077BB7FE8C0C1A08,8025931,https://www.kugou.com/yy/rank/home/15-8888.html?from=rank
2026-09-22,2026-09-22T13:07:27+08:00,酷狗音乐,热歌榜,酷狗TOP500,2026-09-22,319,红豆,王菲,,4:16,AEF916A18BAAE9C8E7807179C8DA64D1,960812,https://www.kugou.com/yy/rank/home/15-8888.html?from=rank
2026-09-22,2026-09-22T13:07:27+08:00,酷狗音乐,热歌榜,酷狗TOP500,2026-09-22,320,离歌,信乐团,,4:28,FF7DCA5474C907E2EE3ED3CA24D30D61,981338,https://www.kugou.com/yy/rank/home/15-8888.html?from=rank
2026-09-22,2026-09-22T13:07:27+08:00,酷狗音乐,热歌榜,酷狗TOP500,2026-09-22,321,玫瑰花的葬礼,许嵩,,4:21,0A335E9374392B72E5965D8F6165E564,1968878,https://www.kugou.com/yy/rank/home/15-8888.html?from=rank
2026-09-22,2026-09-22T13:07:27+08:00,酷狗音乐,热歌榜,酷狗TOP500,2026-09-22,322,感谢你曾来过,Ayo97、周思涵,,4:10,39DCBBDCB0B377628BEF5FD48EF01254,9101627,https://www.kugou.com/yy/rank/home/15-8888.html?from=rank
2026-09-22,2026-09-22T13:07:27+08:00,酷狗音乐,热歌榜,酷狗TOP500,2026-09-22,323,广东爱情故事,广东雨神,,3:34,7A2956668C7D5393FF16AD930C23F2FD,4162049,https://www.kugou.com/yy/rank/home/15-8888.html?from=rank
2026-09-22,2026-09-22T13:07:27+08:00,酷狗音乐,热歌榜,酷狗TOP500,2026-09-22,324,等你下课 (with 杨瑞代),周杰伦,,4:30,5D043EC8BF78A185A01CC45A6032DE1F,58849245,https://www.kugou.com/yy/rank/home/15-8888.html?from=rank
2026-09-22,2026-09-22T13:07:27+08:00,酷狗音乐,热歌榜,酷狗TOP500,2026-09-22,325,愿你平安,小钢刀,,3:44,17D5E8226D73D3436C4A28F5C890E880,206675797,https://www.kugou.com/yy/rank/home/15-8888.html?from=rank
2026-09-22,2026-09-22T13:07:27+08:00,酷狗音乐,热歌榜,酷狗TOP500,2026-09-22,326,一个人想着一个人,曾沛慈,,4:04,C9148675D85D3C2B306E966000BC5ABD,542900,https://www.kugou.com/yy/rank/home/15-8888.html?from=rank
2026-09-22,2026-09-22T13:07:27+08:00,酷狗音乐,热歌榜,酷狗TOP500,2026-09-22,327,态度 (Attitude),田栩宁,,2:57,DC8466CC0909C09AAA9624F09D570E37,207698829,https://www.kugou.com/yy/rank/home/15-8888.html?from=rank
2026-09-22,2026-09-22T13:07:27+08:00,酷狗音乐,热歌榜,酷狗TOP500,2026-09-22,328,西楼儿女,海来阿木,,4:18,84DA47460010F3D91E203F777233DAA4,62931439,https://www.kugou.com/yy/rank/home/15-8888.html?from=rank
2026-09-22,2026-09-22T13:07:27+08:00,酷狗音乐,热歌榜,酷狗TOP500,2026-09-22,329,说文解字,灯叔、方大树,,2:44,8E1C8E7914488017C3BCCCB5C26E579C,205506790,https://www.kugou.com/yy/rank/home/15-8888.html?from=rank
2026-09-22,2026-09-22T13:07:27+08:00,酷狗音乐,热歌榜,酷狗TOP500,2026-09-22,330,鼓楼,赵雷,,4:41,5A794095301611FB8600A85301B0BFC4,1946722,https://www.kugou.com/yy/rank/home/15-8888.html?from=rank
2026-09-22,2026-09-22T13:07:27+08:00,酷狗音乐,热歌榜,酷狗TOP500,2026-09-22,331,そばにいるね (留在我身边),青山テルマ、SoulJa,,5:00,15ECAE5528C7B8E085423F27AA07E63A,16051946,https://www.kugou.com/yy/rank/home/16-8888.html?from=rank
2026-09-22,2026-09-22T13:07:27+08:00,酷狗音乐,热歌榜,酷狗TOP500,2026-09-22,332,别等来年别等来生 (墙角的花),绮梦笙歌、番番,,4:50,53FACF2D7D387D37F4BF618F1DCFCE6B,207806618,https://www.kugou.com/yy/rank/home/16-8888.html?from=rank
2026-09-22,2026-09-22T13:07:27+08:00,酷狗音乐,热歌榜,酷狗TOP500,2026-09-22,333,独角戏,许茹芸,,4:37,59A58ADD9C4F4EECA6B20F3A1A04E956,973658,https://www.kugou.com/yy/rank/home/16-8888.html?from=rank
2026-09-22,2026-09-22T13:07:27+08:00,酷狗音乐,热歌榜,酷狗TOP500,2026-09-22,334,突然好想你,五月天,,4:26,CF67FCE66C4F54823FDFCBD529797552,976965,https://www.kugou.com/yy/rank/home/16-8888.html?from=rank
2026-09-22,2026-09-22T13:07:27+08:00,酷狗音乐,热歌榜,酷狗TOP500,2026-09-22,335,Beauty And A Beat,Justin Bieber、Nicki Minaj,,3:47,FF5719341A9B004AA3E7312D617AE305,16996733,https://www.kugou.com/yy/rank/home/16-8888.html?from=rank
2026-09-22,2026-09-22T13:07:27+08:00,酷狗音乐,热歌榜,酷狗TOP500,2026-09-22,336,老人与海,海鸣威、吴琼,,4:26,64550F3E833ABE710545EA84FC82754E,1778632,https://www.kugou.com/yy/rank/home/16-8888.html?from=rank
2026-09-22,2026-09-22T13:07:27+08:00,酷狗音乐,热歌榜,酷狗TOP500,2026-09-22,337,一程山路,毛不易,,3:36,72F2E36F606EB3DACF2ACD9DE67FCBD3,34631159,https://www.kugou.com/yy/rank/home/16-8888.html?from=rank
2026-09-22,2026-09-22T13:07:27+08:00,酷狗音乐,热歌榜,酷狗TOP500,2026-09-22,338,手放开,李圣杰,,4:25,022583751858F1E3558F32EC4ECF7DD5,959847,https://www.kugou.com/yy/rank/home/16-8888.html?from=rank
2026-09-22,2026-09-22T13:07:27+08:00,酷狗音乐,热歌榜,酷狗TOP500,2026-09-22,339,下雨天,南拳妈妈,,4:13,947127F991A6A4FF77C89779E6B25AF4,983794,https://www.kugou.com/yy/rank/home/16-8888.html?from=rank
2026-09-22,2026-09-22T13:07:27+08:00,酷狗音乐,热歌榜,酷狗TOP500,2026-09-22,340,甲乙丙丁,七分可可,,3:48,0B96FEEB51604A6904899D0C618F446D,197347781,https://www.kugou.com/yy/rank/home/16-8888.html?from=rank
2026-09-22,2026-09-22T13:07:27+08:00,酷狗音乐,热歌榜,酷狗TOP500,2026-09-22,341,是我不够好,李毓芬,,3:37,2B152C85BA2B73CBC79EA722928EF425,1590098,https://www.kugou.com/yy/rank/home/16-8888.html?from=rank
2026-09-22,2026-09-22T13:07:27+08:00,酷狗音乐,热歌榜,酷狗TOP500,2026-09-22,342,讨厌,芮恩,,4:18,C88A8D3EF16E2C4E944B947E0F56A7AD,2996887,https://www.kugou.com/yy/rank/home/16-8888.html?from=rank
2026-09-22,2026-09-22T13:07:27+08:00,酷狗音乐,热歌榜,酷狗TOP500,2026-09-22,343,他真的对你好吗,付豪,,4:18,B1B875147F45355FF807402402F5B573,55501876,https://www.kugou.com/yy/rank/home/16-8888.html?from=rank
2026-09-22,2026-09-22T13:07:27+08:00,酷狗音乐,热歌榜,酷狗TOP500,2026-09-22,344,读心术,卓文萱,,4:20,3F98A771F8F33556966A9990F66D95C4,965920,https://www.kugou.com/yy/rank/home/16-8888.html?from=rank
2026-09-22,2026-09-22T13:07:27+08:00,酷狗音乐,热歌榜,酷狗TOP500,2026-09-22,345,我在月光下许过情真 (微醺版),苏晚星,,4:01,90D5CE02942E4B72FD20129E72A3DEA3,192801861,https://www.kugou.com/yy/rank/home/16-8888.html?from=rank
2026-09-22,2026-09-22T13:07:27+08:00,酷狗音乐,热歌榜,酷狗TOP500,2026-09-22,346,Take Me To Your Heart,Michael Learns To Rock,,3:58,C4B0F9CDC445058C9F5BCD60F5CF0D91,959808,https://www.kugou.com/yy/rank/home/16-8888.html?from=rank
2026-09-22,2026-09-22T13:07:27+08:00,酷狗音乐,热歌榜,酷狗TOP500,2026-09-22,347,爱我还是他,陶喆,,4:52,99BB8912A33F263BA28381DE8F52BFE6,7547427,https://www.kugou.com/yy/rank/home/16-8888.html?from=rank
2026-09-22,2026-09-22T13:07:27+08:00,酷狗音乐,热歌榜,酷狗TOP500,2026-09-22,348,放生,范逸臣 Van Fan,,4:33,ECAD846ED5A19AD736F9885F805A7E64,490139,https://www.kugou.com/yy/rank/home/16-8888.html?from=rank
2026-09-22,2026-09-22T13:07:27+08:00,酷狗音乐,热歌榜,酷狗TOP500,2026-09-22,349,遗憾 (如果回到那从前),阿美呀、刘纯,,3:19,FE7CA8832ABD70BDA48A61CEC207F034,206144715,https://www.kugou.com/yy/rank/home/16-8888.html?from=rank
2026-09-22,2026-09-22T13:07:27+08:00,酷狗音乐,热歌榜,酷狗TOP500,2026-09-22,350,走走,李荣浩,,5:04,0BD5B6F56CED35BB3380425EC02E1098,106374641,https://www.kugou.com/yy/rank/home/16-8888.html?from=rank
2026-09-22,2026-09-22T13:07:27+08:00,酷狗音乐,热歌榜,酷狗TOP500,2026-09-22,351,漫游,田栩宁,,3:38,A1574BCC138FB86CC8DE345E0E55F2F6,207698829,https://www.kugou.com/yy/rank/home/16-8888.html?from=rank
2026-09-22,2026-09-22T13:07:27+08:00,酷狗音乐,热歌榜,酷狗TOP500,2026-09-22,352,失忆,李佳薇,,3:44,9F408EF17E45AA384C5B01E78E79325B,206308166,https://www.kugou.com/yy/rank/home/16-8888.html?from=rank
2026-09-22,2026-09-22T13:07:27+08:00,酷狗音乐,热歌榜,酷狗TOP500,2026-09-22,353,不浪漫罪名,王杰,,4:48,4255D3F001B95B07F2D5BE330D14A780,503247,https://www.kugou.com/yy/rank/home/17-8888.html?from=rank
2026-09-22,2026-09-22T13:07:27+08:00,酷狗音乐,热歌榜,酷狗TOP500,2026-09-22,354,十面埋伏,陈奕迅,,3:52,90B8469459CBA58A5DDEDD9350286DD8,2996227,https://www.kugou.com/yy/rank/home/17-8888.html?from=rank
2026-09-22,2026-09-22T13:07:27+08:00,酷狗音乐,热歌榜,酷狗TOP500,2026-09-22,355,春庭雪 (r&b微醺版),落日微醺,,3:44,34F0A836850778DA37190AA74ED2A06E,195834505,https://www.kugou.com/yy/rank/home/17-8888.html?from=rank
2026-09-22,2026-09-22T13:07:27+08:00,酷狗音乐,热歌榜,酷狗TOP500,2026-09-22,356,假如爱有天意,李健,,5:04,3468AC9F71B41D757F3A0B85DF7A74BD,550489,https://www.kugou.com/yy/rank/home/17-8888.html?from=rank
2026-09-22,2026-09-22T13:07:27+08:00,酷狗音乐,热歌榜,酷狗TOP500,2026-09-22,357,天若有情,A-Lin,,4:17,2E6CE4E79982AE2119A69C1D30537EA2,1805426,https://www.kugou.com/yy/rank/home/17-8888.html?from=rank
2026-09-22,2026-09-22T13:07:27+08:00,酷狗音乐,热歌榜,酷狗TOP500,2026-09-22,358,冷雨夜,BEYOND,,4:19,34721C6BD44CB5F92BF3E4150AE3B5F1,976137,https://www.kugou.com/yy/rank/home/17-8888.html?from=rank
2026-09-22,2026-09-22T13:07:27+08:00,酷狗音乐,热歌榜,酷狗TOP500,2026-09-22,359,你冷一分我就退一分,艺凌,,3:26,96A04300C0706234EE04268EB7BD3FA1,167420383,https://www.kugou.com/yy/rank/home/17-8888.html?from=rank
2026-09-22,2026-09-22T13:07:27+08:00,酷狗音乐,热歌榜,酷狗TOP500,2026-09-22,360,太聪明,陈绮贞,,4:23,89101DA817101FEA0C9ECF64EAE2B46F,959335,https://www.kugou.com/yy/rank/home/17-8888.html?from=rank
2026-09-22,2026-09-22T13:07:27+08:00,酷狗音乐,热歌榜,酷狗TOP500,2026-09-22,361,雨天,孙燕姿,,4:02,9077648AA3ABA06B76FD7569FB715EAF,4075477,https://www.kugou.com/yy/rank/home/17-8888.html?from=rank
2026-09-22,2026-09-22T13:07:27+08:00,酷狗音乐,热歌榜,酷狗TOP500,2026-09-22,362,不得不爱,潘玮柏、弦子,,4:41,8F9E3FD474EA612C61EB20D1415767BF,972809,https://www.kugou.com/yy/rank/home/17-8888.html?from=rank
2026-09-22,2026-09-22T13:07:27+08:00,酷狗音乐,热歌榜,酷狗TOP500,2026-09-22,363,先说爱的人为什么先离开,田园,,3:40,6379393814B0A74AB7B87B2FA9E87689,107655422,https://www.kugou.com/yy/rank/home/17-8888.html?from=rank
2026-09-22,2026-09-22T13:07:27+08:00,酷狗音乐,热歌榜,酷狗TOP500,2026-09-22,364,想你的夜,关喆,,4:25,1404A292A6E122C99696BDFF04CE982F,963737,https://www.kugou.com/yy/rank/home/17-8888.html?from=rank
2026-09-22,2026-09-22T13:07:27+08:00,酷狗音乐,热歌榜,酷狗TOP500,2026-09-22,365,小半 (Live),王铮亮、谭松韵,,5:14,D0CF7A8F58E9AB02D7B3305E425AE73C,196185049,https://www.kugou.com/yy/rank/home/17-8888.html?from=rank
2026-09-22,2026-09-22T13:07:27+08:00,酷狗音乐,热歌榜,酷狗TOP500,2026-09-22,366,总有一天你会出现在我身边,棱镜乐队,,4:30,8E6A42453EF5B06A87772F8FF4AD5188,10808308,https://www.kugou.com/yy/rank/home/17-8888.html?from=rank
2026-09-22,2026-09-22T13:07:27+08:00,酷狗音乐,热歌榜,酷狗TOP500,2026-09-22,367,命运,家家,,3:51,B149A3BFD19481F91B9A652AA8EA21C1,959745,https://www.kugou.com/yy/rank/home/17-8888.html?from=rank
2026-09-22,2026-09-22T13:07:27+08:00,酷狗音乐,热歌榜,酷狗TOP500,2026-09-22,368,不再犹豫,BEYOND,,4:15,C477FE5B38147B7522DFCF3DC5BB8A6B,8176296,https://www.kugou.com/yy/rank/home/17-8888.html?from=rank
2026-09-22,2026-09-22T13:07:27+08:00,酷狗音乐,热歌榜,酷狗TOP500,2026-09-22,369,反方向的钟,周杰伦,,4:18,A6049AAB184A305CAA906C6BBB8E8233,978031,https://www.kugou.com/yy/rank/home/17-8888.html?from=rank
2026-09-22,2026-09-22T13:07:27+08:00,酷狗音乐,热歌榜,酷狗TOP500,2026-09-22,370,虚拟,陈粒,,4:01,AEF0740270FE89918F07807C8D669FB7,1749208,https://www.kugou.com/yy/rank/home/17-8888.html?from=rank
2026-09-22,2026-09-22T13:07:27+08:00,酷狗音乐,热歌榜,酷狗TOP500,2026-09-22,371,真的爱你,BEYOND,,4:35,C46916711631EA28508A41C325A74E1B,971451,https://www.kugou.com/yy/rank/home/17-8888.html?from=rank
2026-09-22,2026-09-22T13:07:27+08:00,酷狗音乐,热歌榜,酷狗TOP500,2026-09-22,372,不是对手,李圣杰,,4:39,7925A669A62CF014625B5CE85E8EC326,959847,https://www.kugou.com/yy/rank/home/17-8888.html?from=rank
2026-09-22,2026-09-22T13:07:27+08:00,酷狗音乐,热歌榜,酷狗TOP500,2026-09-22,373,我恨明月不照我,阿YueYue,,4:12,B1B259EEA7E93DE5F6C759BA6C45777C,172322576,https://www.kugou.com/yy/rank/home/17-8888.html?from=rank
2026-09-22,2026-09-22T13:07:27+08:00,酷狗音乐,热歌榜,酷狗TOP500,2026-09-22,374,岁月如笔写春秋,郭少杰,,4:11,6FCF099C6A88F85FC8417AFD452D54FD,190046745,https://www.kugou.com/yy/rank/home/17-8888.html?from=rank
2026-09-22,2026-09-22T13:07:27+08:00,酷狗音乐,热歌榜,酷狗TOP500,2026-09-22,375,明明就,周杰伦,,4:20,D85C14E02008B7A2F97D55CDC29C2221,982051,https://www.kugou.com/yy/rank/home/18-8888.html?from=rank
2026-09-22,2026-09-22T13:07:27+08:00,酷狗音乐,热歌榜,酷狗TOP500,2026-09-22,376,爱丫爱丫,BY2,,3:51,18008576BCFBA9750C2C60EB6C204270,981935,https://www.kugou.com/yy/rank/home/18-8888.html?from=rank
2026-09-22,2026-09-22T13:07:27+08:00,酷狗音乐,热歌榜,酷狗TOP500,2026-09-22,377,明天，你好,牛奶咖啡,,4:32,A9527F71F7149F13E1F78B23C25DD30B,967562,https://www.kugou.com/yy/rank/home/18-8888.html?from=rank
2026-09-22,2026-09-22T13:07:27+08:00,酷狗音乐,热歌榜,酷狗TOP500,2026-09-22,378,一生中最爱,谭咏麟,,4:19,360AD5530A95B8983E2AB369607A7D1B,960008,https://www.kugou.com/yy/rank/home/18-8888.html?from=rank
2026-09-22,2026-09-22T13:07:27+08:00,酷狗音乐,热歌榜,酷狗TOP500,2026-09-22,379,记事本,陈慧琳,,4:11,26684870E2CE3936A3D72559F67C0606,2996651,https://www.kugou.com/yy/rank/home/18-8888.html?from=rank
2026-09-22,2026-09-22T13:07:27+08:00,酷狗音乐,热歌榜,酷狗TOP500,2026-09-22,380,寻找远方的你,小璐,,4:25,09FC28BAB4E7BE4D64ED4CC80CC3065B,206017441,https://www.kugou.com/yy/rank/home/18-8888.html?from=rank
2026-09-22,2026-09-22T13:07:27+08:00,酷狗音乐,热歌榜,酷狗TOP500,2026-09-22,381,再见只是陌生人,庄心妍,,4:12,67F2E5F1B47C2B86E201518FD24D9831,556403,https://www.kugou.com/yy/rank/home/18-8888.html?from=rank
2026-09-22,2026-09-22T13:07:27+08:00,酷狗音乐,热歌榜,酷狗TOP500,2026-09-22,382,Letting Go,蔡健雅,,4:23,326CBB23BAA90062047512376AA406A4,978874,https://www.kugou.com/yy/rank/home/18-8888.html?from=rank
2026-09-22,2026-09-22T13:07:27+08:00,酷狗音乐,热歌榜,酷狗TOP500,2026-09-22,383,吻别 (烟嗓女版),烟嗓小希,,4:49,12750D3982067B33EB395B9BF2A714E0,200693191,https://www.kugou.com/yy/rank/home/18-8888.html?from=rank
2026-09-22,2026-09-22T13:07:27+08:00,酷狗音乐,热歌榜,酷狗TOP500,2026-09-22,384,拥抱着你的滋味,自由派对,,3:23,EBBBF8EE37CDAC484B6D0EFB08B4AB9D,26982910,https://www.kugou.com/yy/rank/home/18-8888.html?from=rank
2026-09-22,2026-09-22T13:07:27+08:00,酷狗音乐,热歌榜,酷狗TOP500,2026-09-22,385,霓虹邂逅,Teamspark_XND (火星团),,3:11,2FA3EA257D1DEF6978547B04F27F9E7E,206877634,https://www.kugou.com/yy/rank/home/18-8888.html?from=rank
2026-09-22,2026-09-22T13:07:27+08:00,酷狗音乐,热歌榜,酷狗TOP500,2026-09-22,386,水为媒,礼越,,4:18,463569CA5AE9A787A32B66D590C8C98D,200545877,https://www.kugou.com/yy/rank/home/18-8888.html?from=rank
2026-09-22,2026-09-22T13:07:27+08:00,酷狗音乐,热歌榜,酷狗TOP500,2026-09-22,387,背叛情歌 (烟嗓版),谢尔西,,4:39,0C2FCE33BA27021CA0964D45484F2DE5,198720373,https://www.kugou.com/yy/rank/home/18-8888.html?from=rank
2026-09-22,2026-09-22T13:07:27+08:00,酷狗音乐,热歌榜,酷狗TOP500,2026-09-22,388,我的心碎在了秋天,王娜,,3:59,0EF9F90F1909787605C27EF60D18E4DC,207471670,https://www.kugou.com/yy/rank/home/18-8888.html?from=rank
2026-09-22,2026-09-22T13:07:27+08:00,酷狗音乐,热歌榜,酷狗TOP500,2026-09-22,389,句号,G.E.M.邓紫棋,,3:56,0EC0DFE7A4090B3C5C2C1831D7F3ED51,35503028,https://www.kugou.com/yy/rank/home/18-8888.html?from=rank
2026-09-22,2026-09-22T13:07:27+08:00,酷狗音乐,热歌榜,酷狗TOP500,2026-09-22,390,如果这就是爱情,张靓颖,,4:43,4E871DF1E2034CF6BAAD7B03D2386058,2597425,https://www.kugou.com/yy/rank/home/18-8888.html?from=rank
2026-09-22,2026-09-22T13:07:27+08:00,酷狗音乐,热歌榜,酷狗TOP500,2026-09-22,391,不如见一面,海来阿木,,4:08,A8CC7F0EA73DE4DE226B26C3F44DD563,80038154,https://www.kugou.com/yy/rank/home/18-8888.html?from=rank
2026-09-22,2026-09-22T13:07:27+08:00,酷狗音乐,热歌榜,酷狗TOP500,2026-09-22,392,你从未离去,白挺,,3:43,8CB352EA34844A50424A6D6CD0F2515C,648995,https://www.kugou.com/yy/rank/home/18-8888.html?from=rank
2026-09-22,2026-09-22T13:07:27+08:00,酷狗音乐,热歌榜,酷狗TOP500,2026-09-22,393,愿与愁,林俊杰,,3:52,4A2A7260442B0A5D5F17295F1DD7241B,71681690,https://www.kugou.com/yy/rank/home/18-8888.html?from=rank
2026-09-22,2026-09-22T13:07:27+08:00,酷狗音乐,热歌榜,酷狗TOP500,2026-09-22,394,你不该权衡利弊,七喜,,3:41,EC4D4FC28AD4AFFA1819C38355BE3296,205423359,https://www.kugou.com/yy/rank/home/18-8888.html?from=rank
2026-09-22,2026-09-22T13:07:27+08:00,酷狗音乐,热歌榜,酷狗TOP500,2026-09-22,395,大海,张雨生,,4:40,BF8252BEAE57AEB53490145CA8E81BB4,967705,https://www.kugou.com/yy/rank/home/18-8888.html?from=rank
2026-09-22,2026-09-22T13:07:27+08:00,酷狗音乐,热歌榜,酷狗TOP500,2026-09-22,396,暧昧,薛之谦,,5:12,B3A4E466F13F44FA0B91FA4EB8E6DECA,7818079,https://www.kugou.com/yy/rank/home/18-8888.html?from=rank
2026-09-22,2026-09-22T13:07:27+08:00,酷狗音乐,热歌榜,酷狗TOP500,2026-09-22,397,无赖,郑中基,,4:04,1C8DCCD42F3FA29BB2878E20C90281E3,7547818,https://www.kugou.com/yy/rank/home/19-8888.html?from=rank
2026-09-22,2026-09-22T13:07:27+08:00,酷狗音乐,热歌榜,酷狗TOP500,2026-09-22,398,少一点天份,孙盛希,,4:35,FFD1F05E5D06A1DDFAEDFE6A3379A271,566029,https://www.kugou.com/yy/rank/home/19-8888.html?from=rank
2026-09-22,2026-09-22T13:07:27+08:00,酷狗音乐,热歌榜,酷狗TOP500,2026-09-22,399,我想念,汪苏泷,,3:45,A6545AABFE93C5495BA8ADB2A555B84F,76163380,https://www.kugou.com/yy/rank/home/19-8888.html?from=rank
2026-09-22,2026-09-22T13:07:27+08:00,酷狗音乐,热歌榜,酷狗TOP500,2026-09-22,400,月光,胡彦斌,,4:32,3ED31D9A5C8B2F28529E69E8B17DFEA3,7547355,https://www.kugou.com/yy/rank/home/19-8888.html?from=rank
2026-09-22,2026-09-22T13:07:27+08:00,酷狗音乐,热歌榜,酷狗TOP500,2026-09-22,401,恶作剧,王蓝茵,,3:47,05B893FC78627C3F5635491BBB35167E,720564,https://www.kugou.com/yy/rank/home/19-8888.html?from=rank
2026-09-22,2026-09-22T13:07:27+08:00,酷狗音乐,热歌榜,酷狗TOP500,2026-09-22,402,坠落,蔡健雅,,4:10,233254CB517BAA74387361C2158519DA,974379,https://www.kugou.com/yy/rank/home/19-8888.html?from=rank
2026-09-22,2026-09-22T13:07:27+08:00,酷狗音乐,热歌榜,酷狗TOP500,2026-09-22,403,Poker Face,Lady Gaga,,3:57,645E837927E3207AD0AEA3997EB00444,38501704,https://www.kugou.com/yy/rank/home/19-8888.html?from=rank
2026-09-22,2026-09-22T13:07:27+08:00,酷狗音乐,热歌榜,酷狗TOP500,2026-09-22,404,有点甜,汪苏泷、BY2,,3:55,99CFDC717FEB7DABCD8A6392D821FC08,516425,https://www.kugou.com/yy/rank/home/19-8888.html?from=rank
2026-09-22,2026-09-22T13:07:27+08:00,酷狗音乐,热歌榜,酷狗TOP500,2026-09-22,405,卡布奇诺,6诗人,,3:04,5FE82C07C44F70E5B5F357F707C04549,8499380,https://www.kugou.com/yy/rank/home/19-8888.html?from=rank
2026-09-22,2026-09-22T13:07:27+08:00,酷狗音乐,热歌榜,酷狗TOP500,2026-09-22,406,I Miss You (暗黑Trap版),超级大瓜,,2:56,D04E732B1310DF5536506CEF6826A96A,197475978,https://www.kugou.com/yy/rank/home/19-8888.html?from=rank
2026-09-22,2026-09-22T13:07:27+08:00,酷狗音乐,热歌榜,酷狗TOP500,2026-09-22,407,悬溺,葛东琪,,3:17,666484E904A54B1E62C9FBFDBE6E2563,23773597,https://www.kugou.com/yy/rank/home/19-8888.html?from=rank
2026-09-22,2026-09-22T13:07:27+08:00,酷狗音乐,热歌榜,酷狗TOP500,2026-09-22,408,不潮不用花钱,林俊杰,,3:54,5A84BBA4C673BEA45083C521ADF366AF,963179,https://www.kugou.com/yy/rank/home/19-8888.html?from=rank
2026-09-22,2026-09-22T13:07:27+08:00,酷狗音乐,热歌榜,酷狗TOP500,2026-09-22,409,ありがとう… (谢谢…),KOKIA,,4:09,E9A08A98614DD992F11A68A5E5F1C79F,1491689,https://www.kugou.com/yy/rank/home/19-8888.html?from=rank
2026-09-22,2026-09-22T13:07:27+08:00,酷狗音乐,热歌榜,酷狗TOP500,2026-09-22,410,可能,程响,,3:37,38B234C1135A5E9A4C98D55C058A4894,57727291,https://www.kugou.com/yy/rank/home/19-8888.html?from=rank
2026-09-22,2026-09-22T13:07:27+08:00,酷狗音乐,热歌榜,酷狗TOP500,2026-09-22,411,默,那英,,5:26,E154060676D6BDFEF0AF092E64492D6F,547706,https://www.kugou.com/yy/rank/home/19-8888.html?from=rank
2026-09-22,2026-09-22T13:07:27+08:00,酷狗音乐,热歌榜,酷狗TOP500,2026-09-22,412,天下,张杰,,3:42,17B11C65674378CA43995537331E1D9C,38606351,https://www.kugou.com/yy/rank/home/19-8888.html?from=rank
2026-09-22,2026-09-22T13:07:27+08:00,酷狗音乐,热歌榜,酷狗TOP500,2026-09-22,413,只为你着迷,李秉成,,4:01,C2F47FB042D8FE6A2B5265DFCF8919A5,11795396,https://www.kugou.com/yy/rank/home/19-8888.html?from=rank
2026-09-22,2026-09-22T13:07:27+08:00,酷狗音乐,热歌榜,酷狗TOP500,2026-09-22,414,一样的月光,徐佳莹,,4:00,E470A579E87A5436E68FAA51AD18A379,972101,https://www.kugou.com/yy/rank/home/19-8888.html?from=rank
2026-09-22,2026-09-22T13:07:27+08:00,酷狗音乐,热歌榜,酷狗TOP500,2026-09-22,415,迷人的危险,Dance Flow,,3:26,0F666EF632DB9404308219BE5AAE43B4,551560,https://www.kugou.com/yy/rank/home/19-8888.html?from=rank
2026-09-22,2026-09-22T13:07:27+08:00,酷狗音乐,热歌榜,酷狗TOP500,2026-09-22,416,我们的时光,赵雷,,4:31,84EA1667187279849794A9CC96FA0D27,963934,https://www.kugou.com/yy/rank/home/19-8888.html?from=rank
2026-09-22,2026-09-22T13:07:27+08:00,酷狗音乐,热歌榜,酷狗TOP500,2026-09-22,417,莫问归期,蒋雪儿Snow.J,,3:39,F0E418FB19E8D295D0F78E50AE3B7E30,27453193,https://www.kugou.com/yy/rank/home/19-8888.html?from=rank
2026-09-22,2026-09-22T13:07:27+08:00,酷狗音乐,热歌榜,酷狗TOP500,2026-09-22,418,病态的爱 (忘不掉你带给我的吻),哈利白特、Zkaaai,,3:21,AA92A86A3BEF25416ADD03573FBBDEEE,133804191,https://www.kugou.com/yy/rank/home/19-8888.html?from=rank
2026-09-22,2026-09-22T13:07:27+08:00,酷狗音乐,热歌榜,酷狗TOP500,2026-09-22,419,匿名的好友,杨丞琳,,4:23,F9CE6B13B4C90B01B3C129FF11B11C87,2694607,https://www.kugou.com/yy/rank/home/20-8888.html?from=rank
2026-09-22,2026-09-22T13:07:27+08:00,酷狗音乐,热歌榜,酷狗TOP500,2026-09-22,420,Because of You,Kelly Clarkson,,3:39,FED9A7BE6BC7D2FF3B8426ECEF34A2B6,1592158,https://www.kugou.com/yy/rank/home/20-8888.html?from=rank
2026-09-22,2026-09-22T13:07:27+08:00,酷狗音乐,热歌榜,酷狗TOP500,2026-09-22,421,你的承诺,海鸣威,,3:53,9F08ECA9AE8E5EE2432E37FF914B95DE,490417,https://www.kugou.com/yy/rank/home/20-8888.html?from=rank
2026-09-22,2026-09-22T13:07:27+08:00,酷狗音乐,热歌榜,酷狗TOP500,2026-09-22,422,听见,易烊千玺,,3:53,798941025383E0ABE2B70864CF39D9DC,207875773,https://www.kugou.com/yy/rank/home/20-8888.html?from=rank
2026-09-22,2026-09-22T13:07:27+08:00,酷狗音乐,热歌榜,酷狗TOP500,2026-09-22,423,晚风心里吹,阿梨粤,,3:07,DFFB8F6768AC5044881BB6DD11BDED53,55808898,https://www.kugou.com/yy/rank/home/20-8888.html?from=rank
2026-09-22,2026-09-22T13:07:27+08:00,酷狗音乐,热歌榜,酷狗TOP500,2026-09-22,424,夜空中最亮的星,逃跑计划,,4:12,766877C1D3DD28BE7546506922EA17D7,961718,https://www.kugou.com/yy/rank/home/20-8888.html?from=rank
2026-09-22,2026-09-22T13:07:27+08:00,酷狗音乐,热歌榜,酷狗TOP500,2026-09-22,425,无言感激,谭咏麟,,5:10,058DAAA710CA1781F8FD401C374BC796,984077,https://www.kugou.com/yy/rank/home/20-8888.html?from=rank
2026-09-22,2026-09-22T13:07:27+08:00,酷狗音乐,热歌榜,酷狗TOP500,2026-09-22,426,最爱,周慧敏,,4:25,DBC221919A9686F684F90E1920179363,568311,https://www.kugou.com/yy/rank/home/20-8888.html?from=rank
2026-09-22,2026-09-22T13:07:27+08:00,酷狗音乐,热歌榜,酷狗TOP500,2026-09-22,427,意外,薛之谦,,4:52,04E0EDE41EA3CCFF76C04F414E1D03A7,960327,https://www.kugou.com/yy/rank/home/20-8888.html?from=rank
2026-09-22,2026-09-22T13:07:27+08:00,酷狗音乐,热歌榜,酷狗TOP500,2026-09-22,428,他一定很爱你,阿杜,,3:31,05E693C88CE84950E159DA62EB1013ED,963634,https://www.kugou.com/yy/rank/home/20-8888.html?from=rank
2026-09-22,2026-09-22T13:07:27+08:00,酷狗音乐,热歌榜,酷狗TOP500,2026-09-22,429,胡广生,任素汐,,3:34,8C655F575EBB2414B53EFF0D2C13188D,12506106,https://www.kugou.com/yy/rank/home/20-8888.html?from=rank
2026-09-22,2026-09-22T13:07:27+08:00,酷狗音乐,热歌榜,酷狗TOP500,2026-09-22,430,故乡,许巍,,5:14,9EFC9C93AB181E42113F226DFCFA454D,971568,https://www.kugou.com/yy/rank/home/20-8888.html?from=rank
2026-09-22,2026-09-22T13:07:27+08:00,酷狗音乐,热歌榜,酷狗TOP500,2026-09-22,431,画,赵雷,,3:46,F5F4E2CAE64AC055C3E22A6C807832EE,965599,https://www.kugou.com/yy/rank/home/20-8888.html?from=rank
2026-09-22,2026-09-22T13:07:27+08:00,酷狗音乐,热歌榜,酷狗TOP500,2026-09-22,432,可惜我没遇上董小姐 (红尘酒馆民谣live走心合唱版),7pastes、Allie艾梨,,3:54,96FB3A577F678AB3160D28EF26343DB5,206246487,https://www.kugou.com/yy/rank/home/20-8888.html?from=rank
2026-09-22,2026-09-22T13:07:27+08:00,酷狗音乐,热歌榜,酷狗TOP500,2026-09-22,433,推开世界的门,杨乃文,,4:42,6B5A905C8904FD4A23D255DA1B5592C9,1803972,https://www.kugou.com/yy/rank/home/20-8888.html?from=rank
2026-09-22,2026-09-22T13:07:27+08:00,酷狗音乐,热歌榜,酷狗TOP500,2026-09-22,434,倒带,蔡依林,,4:26,446507D2332BC3F263596363A97C6E95,976925,https://www.kugou.com/yy/rank/home/20-8888.html?from=rank
2026-09-22,2026-09-22T13:07:27+08:00,酷狗音乐,热歌榜,酷狗TOP500,2026-09-22,435,简单爱,周杰伦,,4:30,6E44CE19BE5872384FA184B995CCE23B,958706,https://www.kugou.com/yy/rank/home/20-8888.html?from=rank
2026-09-22,2026-09-22T13:07:27+08:00,酷狗音乐,热歌榜,酷狗TOP500,2026-09-22,436,互删 (我走以后),江辰,,3:31,94A0B604F7D4BC7C2338C38D10A2AF1C,204994142,https://www.kugou.com/yy/rank/home/20-8888.html?from=rank
2026-09-22,2026-09-22T13:07:27+08:00,酷狗音乐,热歌榜,酷狗TOP500,2026-09-22,437,斑马，斑马,宋冬野,,4:13,E8D0F5B041E589F66D667ECEDBD58C35,979124,https://www.kugou.com/yy/rank/home/20-8888.html?from=rank
2026-09-22,2026-09-22T13:07:27+08:00,酷狗音乐,热歌榜,酷狗TOP500,2026-09-22,438,漂洋过海来看你,刘明湘,,4:59,1A8FC548D34377622017AAEF1C6418FD,1791001,https://www.kugou.com/yy/rank/home/20-8888.html?from=rank
2026-09-22,2026-09-22T13:07:27+08:00,酷狗音乐,热歌榜,酷狗TOP500,2026-09-22,439,左手指月,萨顶顶,,3:51,EBCCDE59F97BC06183F3B1A8502B7479,22191384,https://www.kugou.com/yy/rank/home/20-8888.html?from=rank
2026-09-22,2026-09-22T13:07:27+08:00,酷狗音乐,热歌榜,酷狗TOP500,2026-09-22,440,白鸽乌鸦相爱的戏码,潘成（皮卡潘）,,2:54,1B5005F285D8B7FD083CA61C5753E9DB,100112898,https://www.kugou.com/yy/rank/home/20-8888.html?from=rank
2026-09-22,2026-09-22T13:07:27+08:00,酷狗音乐,热歌榜,酷狗TOP500,2026-09-22,441,遗失的心跳,萧亚轩,,3:37,54C1A6E877BB37D052A86D4C41604FE7,521727,https://www.kugou.com/yy/rank/home/21-8888.html?from=rank
2026-09-22,2026-09-22T13:07:27+08:00,酷狗音乐,热歌榜,酷狗TOP500,2026-09-22,442,容易受伤的女人,王菲,,4:21,C4BDD79D611789B65B368283D4DDAB0F,980244,https://www.kugou.com/yy/rank/home/21-8888.html?from=rank
2026-09-22,2026-09-22T13:07:27+08:00,酷狗音乐,热歌榜,酷狗TOP500,2026-09-22,443,别怕我伤心,张信哲,,4:47,976677A739F25908591FA822CB1F1DF3,538030,https://www.kugou.com/yy/rank/home/21-8888.html?from=rank
2026-09-22,2026-09-22T13:07:27+08:00,酷狗音乐,热歌榜,酷狗TOP500,2026-09-22,444,阿衣莫,阿吉太组合,,5:14,000B4DC2694B23AD4258EE551A00C599,4138802,https://www.kugou.com/yy/rank/home/21-8888.html?from=rank
2026-09-22,2026-09-22T13:07:27+08:00,酷狗音乐,热歌榜,酷狗TOP500,2026-09-22,445,听说你,于冬然,,3:59,D74845DF9E5EB016BFC5FC86F639CA49,58983593,https://www.kugou.com/yy/rank/home/21-8888.html?from=rank
2026-09-22,2026-09-22T13:07:27+08:00,酷狗音乐,热歌榜,酷狗TOP500,2026-09-22,446,爱到最后 (全凭良心),马上,,3:19,B3CE07469875886F3A500304C82CC4E6,204099164,https://www.kugou.com/yy/rank/home/21-8888.html?from=rank
2026-09-22,2026-09-22T13:07:27+08:00,酷狗音乐,热歌榜,酷狗TOP500,2026-09-22,447,只若初见,张德伊玲,,3:24,0AC57BC59B96F7BF216744F93617FC8B,58285492,https://www.kugou.com/yy/rank/home/21-8888.html?from=rank
2026-09-22,2026-09-22T13:07:27+08:00,酷狗音乐,热歌榜,酷狗TOP500,2026-09-22,448,写给黄淮 (Live),邵帅,,6:49,56CA5E49436D42D4F9F246FBF2B77B94,36751557,https://www.kugou.com/yy/rank/home/21-8888.html?from=rank
2026-09-22,2026-09-22T13:07:27+08:00,酷狗音乐,热歌榜,酷狗TOP500,2026-09-22,449,暖一杯茶,邵帅,,4:03,26A9B8C6480C22BC4342F22CB897E760,23061596,https://www.kugou.com/yy/rank/home/21-8888.html?from=rank
2026-09-22,2026-09-22T13:07:27+08:00,酷狗音乐,热歌榜,酷狗TOP500,2026-09-22,450,天亮以前说再见,何野,,4:00,18E9FC6CF97258B75D090188EDBAE95B,11792318,https://www.kugou.com/yy/rank/home/21-8888.html?from=rank
2026-09-22,2026-09-22T13:07:27+08:00,酷狗音乐,热歌榜,酷狗TOP500,2026-09-22,451,倒数,G.E.M.邓紫棋,,3:49,65945C4D6FB03D7997AE133C9BE5715D,9373625,https://www.kugou.com/yy/rank/home/21-8888.html?from=rank
2026-09-22,2026-09-22T13:07:27+08:00,酷狗音乐,热歌榜,酷狗TOP500,2026-09-22,452,山风不语,伍零五,,2:54,8CA921D7DEB3E847BF2060E557402231,199624105,https://www.kugou.com/yy/rank/home/21-8888.html?from=rank
2026-09-22,2026-09-22T13:07:27+08:00,酷狗音乐,热歌榜,酷狗TOP500,2026-09-22,453,爱情码头,郑源,,5:00,47E1B66648543854C417FD776DC15279,967724,https://www.kugou.com/yy/rank/home/21-8888.html?from=rank
2026-09-22,2026-09-22T13:07:27+08:00,酷狗音乐,热歌榜,酷狗TOP500,2026-09-22,454,像鱼,王贰浪,,4:45,6215C5A85B30E53C2E4C20C4DED38D72,13621986,https://www.kugou.com/yy/rank/home/21-8888.html?from=rank
2026-09-22,2026-09-22T13:07:27+08:00,酷狗音乐,热歌榜,酷狗TOP500,2026-09-22,455,未完路线,田栩宁,,3:54,9DBCF79230F4E9D796057A80364E0B32,207698829,https://www.kugou.com/yy/rank/home/21-8888.html?from=rank
2026-09-22,2026-09-22T13:07:27+08:00,酷狗音乐,热歌榜,酷狗TOP500,2026-09-22,456,听海,张惠妹,,5:18,8ACB6E60840E6D30822BEA443309BE58,973665,https://www.kugou.com/yy/rank/home/21-8888.html?from=rank
2026-09-22,2026-09-22T13:07:27+08:00,酷狗音乐,热歌榜,酷狗TOP500,2026-09-22,457,搀扶,马健涛,,5:28,D95AE3CC810BB62D28505AE1510C329F,130332417,https://www.kugou.com/yy/rank/home/21-8888.html?from=rank
2026-09-22,2026-09-22T13:07:27+08:00,酷狗音乐,热歌榜,酷狗TOP500,2026-09-22,458,情罪,陈瑞,,4:45,9642484D6F37650295B370CD52553DC5,80617215,https://www.kugou.com/yy/rank/home/21-8888.html?from=rank
2026-09-22,2026-09-22T13:07:27+08:00,酷狗音乐,热歌榜,酷狗TOP500,2026-09-22,459,Alive,Blue,,3:40,996EE22D2450A7C7528394F7F98432E6,560693,https://www.kugou.com/yy/rank/home/21-8888.html?from=rank
2026-09-22,2026-09-22T13:07:27+08:00,酷狗音乐,热歌榜,酷狗TOP500,2026-09-22,460,梦的翅膀受了伤,大圆哥,,4:35,F2A2EBE34172E1CBFDD551DBFB361CA4,204867653,https://www.kugou.com/yy/rank/home/21-8888.html?from=rank
2026-09-22,2026-09-22T13:07:27+08:00,酷狗音乐,热歌榜,酷狗TOP500,2026-09-22,461,泪海,付豪,,3:55,61D61E5A2C7C1E4CD20253B8734653D5,207787701,https://www.kugou.com/yy/rank/home/21-8888.html?from=rank
2026-09-22,2026-09-22T13:07:27+08:00,酷狗音乐,热歌榜,酷狗TOP500,2026-09-22,462,Copines,Aya Nakamura,,2:52,1CDA977A7FC0BCCC23BC7DF4D0194389,39155596,https://www.kugou.com/yy/rank/home/21-8888.html?from=rank
2026-09-22,2026-09-22T13:07:27+08:00,酷狗音乐,热歌榜,酷狗TOP500,2026-09-22,463,爱在西元前,周杰伦,,3:54,66B756FB1331807B032EF97F7BA9948E,958706,https://www.kugou.com/yy/rank/home/22-8888.html?from=rank
2026-09-22,2026-09-22T13:07:27+08:00,酷狗音乐,热歌榜,酷狗TOP500,2026-09-22,464,岸边客,夏子航（2603）,,4:32,E87EEB7804D4708714E6C38DE1F8E649,161846818,https://www.kugou.com/yy/rank/home/22-8888.html?from=rank
2026-09-22,2026-09-22T13:07:27+08:00,酷狗音乐,热歌榜,酷狗TOP500,2026-09-22,465,路过人间,郁可唯,,4:06,2570131E77CC024747EE342E7404F99D,20288614,https://www.kugou.com/yy/rank/home/22-8888.html?from=rank
2026-09-22,2026-09-22T13:07:27+08:00,酷狗音乐,热歌榜,酷狗TOP500,2026-09-22,466,叹云兮,鞠婧祎,,4:43,DB94CC1C55558D7ED4B0E402A2DF065D,8700851,https://www.kugou.com/yy/rank/home/22-8888.html?from=rank
2026-09-22,2026-09-22T13:07:27+08:00,酷狗音乐,热歌榜,酷狗TOP500,2026-09-22,467,一个人挺好,杨小壮,,4:30,394676E1537FC24C7847CE3BA75ADB05,26827357,https://www.kugou.com/yy/rank/home/22-8888.html?from=rank
2026-09-22,2026-09-22T13:07:27+08:00,酷狗音乐,热歌榜,酷狗TOP500,2026-09-22,468,安和桥,宇西,,4:09,BFB6233E7687776800FDA3FD76EBFB41,13667444,https://www.kugou.com/yy/rank/home/22-8888.html?from=rank
2026-09-22,2026-09-22T13:07:27+08:00,酷狗音乐,热歌榜,酷狗TOP500,2026-09-22,469,"i hate u, i love u (feat. olivia o'brien)(Explicit)",gnash、Olivia O'Brien,,3:46,729E20B7E80E5616CC306DA3F48CB5DD,12687595,https://www.kugou.com/yy/rank/home/22-8888.html?from=rank
2026-09-22,2026-09-22T13:07:27+08:00,酷狗音乐,热歌榜,酷狗TOP500,2026-09-22,470,嘉宾,张远,,5:34,96D0DEFE09DFE43C57EE9AC3B1EA408E,39699796,https://www.kugou.com/yy/rank/home/22-8888.html?from=rank
2026-09-22,2026-09-22T13:07:27+08:00,酷狗音乐,热歌榜,酷狗TOP500,2026-09-22,471,最熟悉的陌生人,萧亚轩,,4:19,A5E45E9EBA41EC78F59FABB35143B106,980330,https://www.kugou.com/yy/rank/home/22-8888.html?from=rank
2026-09-22,2026-09-22T13:07:27+08:00,酷狗音乐,热歌榜,酷狗TOP500,2026-09-22,472,刚刚好,薛之谦,,4:11,956EEC514146039E6D6A16B30DD64A7B,1747549,https://www.kugou.com/yy/rank/home/22-8888.html?from=rank
2026-09-22,2026-09-22T13:07:27+08:00,酷狗音乐,热歌榜,酷狗TOP500,2026-09-22,473,我想更懂你,潘玮柏、苏芮,,4:26,78B2D0150548F5D21D25EF742496F931,7547698,https://www.kugou.com/yy/rank/home/22-8888.html?from=rank
2026-09-22,2026-09-22T13:07:27+08:00,酷狗音乐,热歌榜,酷狗TOP500,2026-09-22,474,姑娘别哭泣,柯柯柯啊,,3:56,1B537C99761F8F25AEFFF30B6DCE08D5,77472711,https://www.kugou.com/yy/rank/home/22-8888.html?from=rank
2026-09-22,2026-09-22T13:07:27+08:00,酷狗音乐,热歌榜,酷狗TOP500,2026-09-22,475,山风山风等等我 (烟嗓合唱版),万海东、老韩很哇塞,,3:29,E5BC047BEA7401335136EA08768B0CF7,207665586,https://www.kugou.com/yy/rank/home/22-8888.html?from=rank
2026-09-22,2026-09-22T13:07:27+08:00,酷狗音乐,热歌榜,酷狗TOP500,2026-09-22,476,一万个理由,郑源,,4:25,6BE0597021C8E5E3D7A9AE5FB782947A,977094,https://www.kugou.com/yy/rank/home/22-8888.html?from=rank
2026-09-22,2026-09-22T13:07:27+08:00,酷狗音乐,热歌榜,酷狗TOP500,2026-09-22,477,That Girl,Olly Murs,,2:57,B32C3C7FA2452E7338BFC6F2283FE8ED,1820815,https://www.kugou.com/yy/rank/home/22-8888.html?from=rank
2026-09-22,2026-09-22T13:07:27+08:00,酷狗音乐,热歌榜,酷狗TOP500,2026-09-22,478,匆匆那年,王菲,,4:00,08519C4B628FCC6292A46A508E11DFA2,4139345,https://www.kugou.com/yy/rank/home/22-8888.html?from=rank
2026-09-22,2026-09-22T13:07:27+08:00,酷狗音乐,热歌榜,酷狗TOP500,2026-09-22,479,看淡,花姐,,3:54,9AEA353F161DFD90E16E9068047D1AB2,206162878,https://www.kugou.com/yy/rank/home/22-8888.html?from=rank
2026-09-22,2026-09-22T13:07:27+08:00,酷狗音乐,热歌榜,酷狗TOP500,2026-09-22,480,我听见了，你的痛苦成立,供销社乐队,,3:31,6CB6A16FFFEB35428346D73908442DBB,194648616,https://www.kugou.com/yy/rank/home/22-8888.html?from=rank
2026-09-22,2026-09-22T13:07:27+08:00,酷狗音乐,热歌榜,酷狗TOP500,2026-09-22,481,周旋,王以太、艾热AIR,,4:50,D4B5A2762AD5716EB290DD452721B5E4,198788223,https://www.kugou.com/yy/rank/home/22-8888.html?from=rank
2026-09-22,2026-09-22T13:07:27+08:00,酷狗音乐,热歌榜,酷狗TOP500,2026-09-22,482,过客,周思涵,,4:30,D713CDE36C5CB3F89495C28300880A92,2584684,https://www.kugou.com/yy/rank/home/22-8888.html?from=rank
2026-09-22,2026-09-22T13:07:27+08:00,酷狗音乐,热歌榜,酷狗TOP500,2026-09-22,483,相思遥,魏玉慧,,3:13,4284459BBF07007F745BE92E9D49EBB5,65537200,https://www.kugou.com/yy/rank/home/22-8888.html?from=rank
2026-09-22,2026-09-22T13:07:27+08:00,酷狗音乐,热歌榜,酷狗TOP500,2026-09-22,484,他不懂,张杰,,3:52,BA40D69184A05D7BCD335028C5C613BE,38606351,https://www.kugou.com/yy/rank/home/22-8888.html?from=rank
2026-09-22,2026-09-22T13:07:27+08:00,酷狗音乐,热歌榜,酷狗TOP500,2026-09-22,485,麦恩莉,方大同,,4:48,3A08C7B067EC2E9B552AB8664490FCEB,971920,https://www.kugou.com/yy/rank/home/23-8888.html?from=rank
2026-09-22,2026-09-22T13:07:27+08:00,酷狗音乐,热歌榜,酷狗TOP500,2026-09-22,486,"Baby, Don't Cry (人鱼的眼泪)(Chinese Ver.)",EXO,,3:56,B692ED61ED4DDE69C50EB8B975D4E04D,22436133,https://www.kugou.com/yy/rank/home/23-8888.html?from=rank
2026-09-22,2026-09-22T13:07:27+08:00,酷狗音乐,热歌榜,酷狗TOP500,2026-09-22,487,天后,陈势安,,4:49,BACAD417B46756425B18E0CDE6C3B308,1378,https://www.kugou.com/yy/rank/home/23-8888.html?from=rank
2026-09-22,2026-09-22T13:07:27+08:00,酷狗音乐,热歌榜,酷狗TOP500,2026-09-22,488,程艾影,赵雷,,5:00,6DA5EA9D9A1FA98072E8A5D7540DC7D5,60018447,https://www.kugou.com/yy/rank/home/23-8888.html?from=rank
2026-09-22,2026-09-22T13:07:27+08:00,酷狗音乐,热歌榜,酷狗TOP500,2026-09-22,489,time machine (feat. aren park)(Original Mix),mj apanay、aren park,,3:46,6FC23D8694067908061BB145B6DFCB87,100264848,https://www.kugou.com/yy/rank/home/23-8888.html?from=rank
2026-09-22,2026-09-22T13:07:27+08:00,酷狗音乐,热歌榜,酷狗TOP500,2026-09-22,490,爱殇,小时姑娘,,5:04,707A4FE62FAD89DDA2F95B99453CA25B,45951672,https://www.kugou.com/yy/rank/home/23-8888.html?from=rank
2026-09-22,2026-09-22T13:07:27+08:00,酷狗音乐,热歌榜,酷狗TOP500,2026-09-22,491,左转灯 (1000 Times +1),派伟俊、mac ova seas,,3:17,E51ABAF534E7D2BA42DB5604421D4838,164658305,https://www.kugou.com/yy/rank/home/23-8888.html?from=rank
2026-09-22,2026-09-22T13:07:27+08:00,酷狗音乐,热歌榜,酷狗TOP500,2026-09-22,492,Call You Tonight,Whitney Houston,,4:10,3378039942BA822731531F34BACF9CA1,561454,https://www.kugou.com/yy/rank/home/23-8888.html?from=rank
2026-09-22,2026-09-22T13:07:27+08:00,酷狗音乐,热歌榜,酷狗TOP500,2026-09-22,493,연애의 조건 (恋爱的条件),BESTie,,3:12,FBE0D895B585AFAD693FE42529311608,959733,https://www.kugou.com/yy/rank/home/23-8888.html?from=rank
2026-09-22,2026-09-22T13:07:27+08:00,酷狗音乐,热歌榜,酷狗TOP500,2026-09-22,494,你不知道的事,王力宏,,4:39,3722EE8644818A260FD8AF3A173D71C3,982128,https://www.kugou.com/yy/rank/home/23-8888.html?from=rank
2026-09-22,2026-09-22T13:07:27+08:00,酷狗音乐,热歌榜,酷狗TOP500,2026-09-22,495,痴心绝对,李圣杰,,4:22,2B7176CC7B1E7F5A136A5A1E1AACD365,966511,https://www.kugou.com/yy/rank/home/23-8888.html?from=rank
2026-09-22,2026-09-22T13:07:27+08:00,酷狗音乐,热歌榜,酷狗TOP500,2026-09-22,496,当爱在靠近,刘若英,,4:11,D988B9B4B769D979279D4AC9E84907F1,978209,https://www.kugou.com/yy/rank/home/23-8888.html?from=rank
2026-09-22,2026-09-22T13:07:27+08:00,酷狗音乐,热歌榜,酷狗TOP500,2026-09-22,497,云裳羽衣曲,周深,,4:57,351883FF1397DB5342D24F4835DC6C3E,8668128,https://www.kugou.com/yy/rank/home/23-8888.html?from=rank
2026-09-22,2026-09-22T13:07:27+08:00,酷狗音乐,热歌榜,酷狗TOP500,2026-09-22,498,孤单心事,蓝又时,,4:28,B97DE9A26F441D631C1BE050AC2C54B1,555591,https://www.kugou.com/yy/rank/home/23-8888.html?from=rank
2026-09-22,2026-09-22T13:07:27+08:00,酷狗音乐,热歌榜,酷狗TOP500,2026-09-22,499,Radio (Dum-Dum),宋雨琦 (YUQI),,2:32,E8FFC3F649DA4476E2CEABFF3F94D103,140913986,https://www.kugou.com/yy/rank/home/23-8888.html?from=rank
2026-09-22,2026-09-22T13:07:27+08:00,酷狗音乐,热歌榜,酷狗TOP500,2026-09-22,500,刚好遇见你,李玉刚,,3:20,58B004C56B6AB6CE1CA3C1E8C6781D0E,1820033,https://www.kugou.com/yy/rank/home/23-8888.html?from=rank
2026-09-22,2026-09-22T13:07:27+08:00,酷狗音乐,飙升榜,酷狗飙升榜,2026-09-22,1,那页夏天,王俊凯,,4:06,FF4D401F6EA2B5A9061A44E20343B66D,180811789,https://www.kugou.com/yy/rank/home/1-6666.html?from=rank
2026-09-22,2026-09-22T13:07:27+08:00,酷狗音乐,飙升榜,酷狗飙升榜,2026-09-22,2,敬岁月一杯酒 (现场大合唱版),万海东、烟嗓船长、草原兄弟、灯叔、刘家奇阿,,3:31,7830C21317ACC3E09B725BC417D037C5,208340006,https://www.kugou.com/yy/rank/home/1-6666.html?from=rank
2026-09-22,2026-09-22T13:07:27+08:00,酷狗音乐,飙升榜,酷狗飙升榜,2026-09-22,3,别做哑巴,闫东,,2:58,BF9D2AA7C7E28BA731159A2C16B2A887,208100736,https://www.kugou.com/yy/rank/home/1-6666.html?from=rank
2026-09-22,2026-09-22T13:07:27+08:00,酷狗音乐,飙升榜,酷狗飙升榜,2026-09-22,4,如果累了就回故乡 (少年版),酷酷里、面妹孔佳奇,,3:50,02B553BC8BB80E6948A78DE0CF4ED354,203339346,https://www.kugou.com/yy/rank/home/1-6666.html?from=rank
2026-09-22,2026-09-22T13:07:27+08:00,酷狗音乐,飙升榜,酷狗飙升榜,2026-09-22,5,底色 (难道我又多想了),350Ton-xll,,3:07,EBD33A43813B802886341749F745884C,207789963,https://www.kugou.com/yy/rank/home/1-6666.html?from=rank
2026-09-22,2026-09-22T13:07:27+08:00,酷狗音乐,飙升榜,酷狗飙升榜,2026-09-22,6,心月辞·长相望,鸣潮先约电台、苏诗丁,,3:36,CF3056331EDFDF10D39CDA80B949B76B,207813933,https://www.kugou.com/yy/rank/home/1-6666.html?from=rank
2026-09-22,2026-09-22T13:07:27+08:00,酷狗音乐,飙升榜,酷狗飙升榜,2026-09-22,7,敢不敢 (Still Us),Desire4、黄星、邱鼎杰、李沛恩、江衡,,3:05,07D8583CE9A4045FB39F9A406EDB2D98,208083619,https://www.kugou.com/yy/rank/home/1-6666.html?from=rank
2026-09-22,2026-09-22T13:07:27+08:00,酷狗音乐,飙升榜,酷狗飙升榜,2026-09-22,8,加码,张靓颖,,4:39,D0DA9BC0A41377323AFF6116A611CD13,207921919,https://www.kugou.com/yy/rank/home/1-6666.html?from=rank
2026-09-22,2026-09-22T13:07:27+08:00,酷狗音乐,飙升榜,酷狗飙升榜,2026-09-22,9,奈何月圆人难圆 (现场版),音萌萌,,3:18,BDFBD978C5750B48C0B8CDBD68591D2E,207672718,https://www.kugou.com/yy/rank/home/1-6666.html?from=rank
2026-09-22,2026-09-22T13:07:27+08:00,酷狗音乐,飙升榜,酷狗飙升榜,2026-09-22,10,得失甘愿 (我可以爱时热烈),尹昔眠,,3:36,715FA42932356DE57845676B8E59585E,208337770,https://www.kugou.com/yy/rank/home/1-6666.html?from=rank
2026-09-22,2026-09-22T13:07:27+08:00,酷狗音乐,飙升榜,酷狗飙升榜,2026-09-22,11,过期食品,张靓颖,,4:24,E5455EB97FE0DFD232CA55C0B3C475DC,207921919,https://www.kugou.com/yy/rank/home/1-6666.html?from=rank
2026-09-22,2026-09-22T13:07:27+08:00,酷狗音乐,飙升榜,酷狗飙升榜,2026-09-22,12,愿你平安 (男版),苦乐人生,,2:38,149D7EA1EAB6BD312D9F4D93B8C3C959,207937739,https://www.kugou.com/yy/rank/home/1-6666.html?from=rank
2026-09-22,2026-09-22T13:07:27+08:00,酷狗音乐,飙升榜,酷狗飙升榜,2026-09-22,13,枯叶离开了树,半吨兄弟,,3:08,A285FCE4897DB960B280F9AC574029C5,208335508,https://www.kugou.com/yy/rank/home/1-6666.html?from=rank
2026-09-22,2026-09-22T13:07:27+08:00,酷狗音乐,飙升榜,酷狗飙升榜,2026-09-22,14,如果回到那从前 (全明星合唱),阿美呀、草原兄弟、烟嗓船长、刘纯,,3:14,29FDC523FCF6CD7370EDB4C464894AA1,208311597,https://www.kugou.com/yy/rank/home/1-6666.html?from=rank
2026-09-22,2026-09-22T13:07:27+08:00,酷狗音乐,飙升榜,酷狗飙升榜,2026-09-22,15,时间能不能走慢点 (青春别散场live大合唱版),KING老舅、方辣辣,,3:09,A02B00D539C1E5B3A34E6718F7AE63C3,207272894,https://www.kugou.com/yy/rank/home/1-6666.html?from=rank
2026-09-22,2026-09-22T13:07:27+08:00,酷狗音乐,飙升榜,酷狗飙升榜,2026-09-22,16,山风山风等等我 (女声大合唱),七喜、宋盐球、金钰双双、火程程,,3:23,3DBEEFCDAB67C258A022052C8282E822,208337510,https://www.kugou.com/yy/rank/home/1-6666.html?from=rank
2026-09-22,2026-09-22T13:07:27+08:00,酷狗音乐,飙升榜,酷狗飙升榜,2026-09-22,17,敬岁月一杯酒 (这半生转转兜兜),烟嗓船长、草原兄弟、灯叔,,3:31,CE3EB393BFC24BA3F8BFB70F95354ACB,208339855,https://www.kugou.com/yy/rank/home/1-6666.html?from=rank
2026-09-22,2026-09-22T13:07:27+08:00,酷狗音乐,飙升榜,酷狗飙升榜,2026-09-22,18,哄骗,洋澜一,,3:54,CC1BDAE8CB18924BB1B1B86A246C28D7,208323553,https://www.kugou.com/yy/rank/home/1-6666.html?from=rank
2026-09-22,2026-09-22T13:07:27+08:00,酷狗音乐,飙升榜,酷狗飙升榜,2026-09-22,19,一无所有的年纪 (R&B版),落叶微醺,,3:18,11F977559589DBB63878667573AC75A7,206196059,https://www.kugou.com/yy/rank/home/1-6666.html?from=rank
2026-09-22,2026-09-22T13:07:27+08:00,酷狗音乐,飙升榜,酷狗飙升榜,2026-09-22,20,Never Cross The Line,HENL,,2:29,1481311A2C2386A996ED34ED05F4F64B,207556093,https://www.kugou.com/yy/rank/home/1-6666.html?from=rank
2026-09-22,2026-09-22T13:07:27+08:00,酷狗音乐,飙升榜,酷狗飙升榜,2026-09-22,21,地位,白小白,,4:48,1E7F4C57E7F05808D367952BFD785C3C,208391676,https://www.kugou.com/yy/rank/home/1-6666.html?from=rank
2026-09-22,2026-09-22T13:07:27+08:00,酷狗音乐,飙升榜,酷狗飙升榜,2026-09-22,22,护你一世安 (演唱会live版),7pastes,,3:50,108386360DC393CCA4C2CBAD64F46756,207272886,https://www.kugou.com/yy/rank/home/1-6666.html?from=rank
2026-09-22,2026-09-22T13:07:27+08:00,酷狗音乐,飙升榜,酷狗飙升榜,2026-09-22,23,24个比利 (Live),孙楠、李光洁、王赫野、张卓尔、POLARIX-邵子恒,,3:59,78D92E0E3B1C46FA668D220619C5D9BA,208213311,https://www.kugou.com/yy/rank/home/2-6666.html?from=rank
2026-09-22,2026-09-22T13:07:27+08:00,酷狗音乐,飙升榜,酷狗飙升榜,2026-09-22,24,护你一世安 (万人合唱live版),7past,,3:49,AA225264AD1E4DD9079069555E3E54E4,207272950,https://www.kugou.com/yy/rank/home/2-6666.html?from=rank
2026-09-22,2026-09-22T13:07:27+08:00,酷狗音乐,飙升榜,酷狗飙升榜,2026-09-22,25,牡丹亭,浅影阿,,3:00,E3DDA5DFCDC44BCF146E2BDC3916779A,203271867,https://www.kugou.com/yy/rank/home/2-6666.html?from=rank
2026-09-22,2026-09-22T13:07:27+08:00,酷狗音乐,飙升榜,酷狗飙升榜,2026-09-22,26,Swingin' Magic (Korean Ver.),ILLIT,,2:57,9B5B38EB1FEFEEAA7B1499B98F399FCB,207698817,https://www.kugou.com/yy/rank/home/2-6666.html?from=rank
2026-09-22,2026-09-22T13:07:27+08:00,酷狗音乐,飙升榜,酷狗飙升榜,2026-09-22,27,田里的庄稼 (谁偷走了我的年华),宋盐球,,3:52,3DCA58B8763B0B7AA7114FD42FF72C1A,208303500,https://www.kugou.com/yy/rank/home/2-6666.html?from=rank
2026-09-22,2026-09-22T13:07:27+08:00,酷狗音乐,飙升榜,酷狗飙升榜,2026-09-22,28,梦的翅膀受了伤,大圆哥,,4:35,F2A2EBE34172E1CBFDD551DBFB361CA4,204867653,https://www.kugou.com/yy/rank/home/2-6666.html?from=rank
2026-09-22,2026-09-22T13:07:27+08:00,酷狗音乐,飙升榜,酷狗飙升榜,2026-09-22,29,思念像风一样,天灰灰,,3:27,562A99ADA8DB413F97734BB209F45F21,202029125,https://www.kugou.com/yy/rank/home/2-6666.html?from=rank
2026-09-22,2026-09-22T13:07:27+08:00,酷狗音乐,飙升榜,酷狗飙升榜,2026-09-22,30,多情人都把灵魂给了谁,晴舒,,3:57,9CA1012D4DEDCF08510BFE338C25DFE5,207722263,https://www.kugou.com/yy/rank/home/2-6666.html?from=rank
2026-09-22,2026-09-22T13:07:27+08:00,酷狗音乐,飙升榜,酷狗飙升榜,2026-09-22,31,你看着我别走开 (律动版),谱曲者,,3:26,92BC2D9A08B573602C926DE85BD560E6,207698758,https://www.kugou.com/yy/rank/home/2-6666.html?from=rank
2026-09-22,2026-09-22T13:07:27+08:00,酷狗音乐,飙升榜,酷狗飙升榜,2026-09-22,32,我也不想这样 (架子鼓版),DJ铁柱,,2:02,6602F8B6D426D6E3B6E4AA04CDE943A2,206832043,https://www.kugou.com/yy/rank/home/2-6666.html?from=rank
2026-09-22,2026-09-22T13:07:27+08:00,酷狗音乐,飙升榜,酷狗飙升榜,2026-09-22,33,别让今生成别离 (现场版),彭妃妃,,4:43,46215407002F591D7151578F6370B37E,205297366,https://www.kugou.com/yy/rank/home/2-6666.html?from=rank
2026-09-22,2026-09-22T13:07:27+08:00,酷狗音乐,飙升榜,酷狗飙升榜,2026-09-22,34,独逍遥 (男版),庄众,,3:37,C280936FE21A7E255DBFCD3C78C250B7,208304923,https://www.kugou.com/yy/rank/home/2-6666.html?from=rank
2026-09-22,2026-09-22T13:07:27+08:00,酷狗音乐,飙升榜,酷狗飙升榜,2026-09-22,35,我捅了爱情的马蜂窝,草原兄弟,,2:14,E8CA2703AB3E00789BE7C278EC60148A,208303485,https://www.kugou.com/yy/rank/home/2-6666.html?from=rank
2026-09-22,2026-09-22T13:07:27+08:00,酷狗音乐,飙升榜,酷狗飙升榜,2026-09-22,36,如果还会遇见,何遇Hayu、Crybird、王昭锦,,3:47,EAE14D479C1DF17955DBC73FBB5AA67C,208337499,https://www.kugou.com/yy/rank/home/2-6666.html?from=rank
2026-09-22,2026-09-22T13:07:27+08:00,酷狗音乐,飙升榜,酷狗飙升榜,2026-09-22,37,如果来生能早点遇见 (流浪大爷对唱版),烟嗓船长、烟嗓马太宇,,3:40,0532E89E1D77F977C456BCBB11E5B58F,208328120,https://www.kugou.com/yy/rank/home/2-6666.html?from=rank
2026-09-22,2026-09-22T13:07:27+08:00,酷狗音乐,飙升榜,酷狗飙升榜,2026-09-22,38,我能百依百顺也能不闻不问 (沧桑版),张艺迈,,3:14,E206C8D9B36ED13EE0FFDB8A8CF56C68,208306851,https://www.kugou.com/yy/rank/home/2-6666.html?from=rank
2026-09-22,2026-09-22T13:07:27+08:00,酷狗音乐,飙升榜,酷狗飙升榜,2026-09-22,39,尚有爱的资格,陈柏宇,,3:30,901CD38C5EA9FFFEAD741E15787ED71C,208306084,https://www.kugou.com/yy/rank/home/2-6666.html?from=rank
2026-09-22,2026-09-22T13:07:27+08:00,酷狗音乐,飙升榜,酷狗飙升榜,2026-09-22,40,如果还会遇见,何遇Hayu、Crybird、予晴,,3:47,82233510AD4960A291EBB7E2CA7FE65C,208337485,https://www.kugou.com/yy/rank/home/2-6666.html?from=rank
2026-09-22,2026-09-22T13:07:27+08:00,酷狗音乐,飙升榜,酷狗飙升榜,2026-09-22,41,Jolt My Numb Emotion,西米,,3:01,1BFE4730E1ECE4F019E49BD3F643AE49,205951032,https://www.kugou.com/yy/rank/home/2-6666.html?from=rank
2026-09-22,2026-09-22T13:07:27+08:00,酷狗音乐,飙升榜,酷狗飙升榜,2026-09-22,42,姜维 (秦腔摇滚版),孙金,,3:43,DED69B59C6B0C230BCACF070CF98B118,201136677,https://www.kugou.com/yy/rank/home/2-6666.html?from=rank
2026-09-22,2026-09-22T13:07:27+08:00,酷狗音乐,飙升榜,酷狗飙升榜,2026-09-22,43,Thank You,王嘉尔,,3:44,5504605805040E4E16F9F8C0B4A1596F,208055710,https://www.kugou.com/yy/rank/home/2-6666.html?from=rank
2026-09-22,2026-09-22T13:07:27+08:00,酷狗音乐,飙升榜,酷狗飙升榜,2026-09-22,44,我尝试去接触新的人,霓秋光、雾沉序,,1:59,2553C7666307923A23D307592410BF3F,207229199,https://www.kugou.com/yy/rank/home/2-6666.html?from=rank
2026-09-22,2026-09-22T13:07:27+08:00,酷狗音乐,飙升榜,酷狗飙升榜,2026-09-22,45,阳光普照,容祖儿,,3:15,175C1A47B45ADB601AE0BD4D5DD89EDF,208088524,https://www.kugou.com/yy/rank/home/3-6666.html?from=rank
2026-09-22,2026-09-22T13:07:27+08:00,酷狗音乐,飙升榜,酷狗飙升榜,2026-09-22,46,Immortals (硬曲最烈的风),拖鞋pd、Andree Son、暗号的暗,,2:51,6FD6E20C7B621ABE1AB12490CC19B90B,207240440,https://www.kugou.com/yy/rank/home/3-6666.html?from=rank
2026-09-22,2026-09-22T13:07:27+08:00,酷狗音乐,飙升榜,酷狗飙升榜,2026-09-22,47,见一面少一面 (对唱版),黑大婶回乡带娃、吴章磊,,4:05,40A6D7DDE5E3D1251A9A43BEAE8FC603,197637981,https://www.kugou.com/yy/rank/home/3-6666.html?from=rank
2026-09-22,2026-09-22T13:07:27+08:00,酷狗音乐,飙升榜,酷狗飙升榜,2026-09-22,48,九月底,余佳运,,4:17,9983DA61BCDB296EED401069F82F7484,12739065,https://www.kugou.com/yy/rank/home/3-6666.html?from=rank
2026-09-22,2026-09-22T13:07:27+08:00,酷狗音乐,飙升榜,酷狗飙升榜,2026-09-22,49,爱像尘埃石沉大海,Mogoo蘑菇,,3:33,AA1700359BFBDD365B1B066BCE825136,207283094,https://www.kugou.com/yy/rank/home/3-6666.html?from=rank
2026-09-22,2026-09-22T13:07:27+08:00,酷狗音乐,飙升榜,酷狗飙升榜,2026-09-22,50,花落叹 (花落何须叹),涂一乐er,,2:14,919210BADB5AE62796CADAF649BC3EBB,204192690,https://www.kugou.com/yy/rank/home/3-6666.html?from=rank
2026-09-22,2026-09-22T13:07:27+08:00,酷狗音乐,飙升榜,酷狗飙升榜,2026-09-22,51,茶汤 (氛围纯享版),DD小新,,2:45,2F4E73A89B9777AFB8BAB5EC3747D985,207783162,https://www.kugou.com/yy/rank/home/3-6666.html?from=rank
2026-09-22,2026-09-22T13:07:27+08:00,酷狗音乐,飙升榜,酷狗飙升榜,2026-09-22,52,过得好不好自己才知道 (我不难过),苍狼,,2:46,B25FBEF224203D16531B201D3CCAA058,208286389,https://www.kugou.com/yy/rank/home/3-6666.html?from=rank
2026-09-22,2026-09-22T13:07:27+08:00,酷狗音乐,飙升榜,酷狗飙升榜,2026-09-22,53,泪海,马健涛,,2:58,DC1C61E04C9A5BD977FB49E4B84B9753,208034486,https://www.kugou.com/yy/rank/home/3-6666.html?from=rank
2026-09-22,2026-09-22T13:07:27+08:00,酷狗音乐,飙升榜,酷狗飙升榜,2026-09-22,54,凌晨路灯照着我的疲惫 (微醺版),落日微勳,,3:38,E621ED1DEBA8C381FDF7942F0695DE4F,206067909,https://www.kugou.com/yy/rank/home/3-6666.html?from=rank
2026-09-22,2026-09-22T13:07:27+08:00,酷狗音乐,飙升榜,酷狗飙升榜,2026-09-22,55,说爱你,蔡依林,,3:47,4D363B727C78E0ED7A8BF4A8AC3D9D0C,9040249,https://www.kugou.com/yy/rank/home/3-6666.html?from=rank
2026-09-22,2026-09-22T13:07:27+08:00,酷狗音乐,飙升榜,酷狗飙升榜,2026-09-22,56,Half a Kiss (氛围Slowed),流行电台司令,,2:53,74E5E403FE1CA18DC7C672B7F490EEEB,197140181,https://www.kugou.com/yy/rank/home/3-6666.html?from=rank
2026-09-22,2026-09-22T13:07:27+08:00,酷狗音乐,飙升榜,酷狗飙升榜,2026-09-22,57,我想要走远,山月微醺,,3:50,181E83AC1A91706ACA0CA5F48F6D649F,206924389,https://www.kugou.com/yy/rank/home/3-6666.html?from=rank
2026-09-22,2026-09-22T13:07:27+08:00,酷狗音乐,飙升榜,酷狗飙升榜,2026-09-22,58,敬岁月一杯酒 (敬岁月对唱版),老韩很哇塞、万海东,,3:32,0C294A7E275D46A5343627BA401B5075,208296762,https://www.kugou.com/yy/rank/home/3-6666.html?from=rank
2026-09-22,2026-09-22T13:07:27+08:00,酷狗音乐,飙升榜,酷狗飙升榜,2026-09-22,59,DWC (中英版),善宇,,4:28,266FF4D3A84ED00E7046CAE75CEFFC08,190322503,https://www.kugou.com/yy/rank/home/3-6666.html?from=rank
2026-09-22,2026-09-22T13:07:27+08:00,酷狗音乐,飙升榜,酷狗飙升榜,2026-09-22,60,孟婆孟婆求你了 (孟婆莫断我尘缘)(对唱版),庄众、李翠华,,3:36,96535E76B8EACEC555B02B96321665AB,204824443,https://www.kugou.com/yy/rank/home/3-6666.html?from=rank
2026-09-22,2026-09-22T13:07:27+08:00,酷狗音乐,飙升榜,酷狗飙升榜,2026-09-22,61,如果回到那从前 (对唱版),草原兄弟、烟嗓船长、刘纯、ทิดแอม,,3:14,A77D733ADCA662727D347E3BCD3616E2,208339811,https://www.kugou.com/yy/rank/home/3-6666.html?from=rank
2026-09-22,2026-09-22T13:07:27+08:00,酷狗音乐,飙升榜,酷狗飙升榜,2026-09-22,62,第八秒金鱼,张鑫,,3:35,3BFA44098C96BD68244E7F588D027ACF,208055206,https://www.kugou.com/yy/rank/home/3-6666.html?from=rank
2026-09-22,2026-09-22T13:07:27+08:00,酷狗音乐,飙升榜,酷狗飙升榜,2026-09-22,63,渐入佳境 (The Spectre),热歌空投站,,3:17,C95643EF046CE155CA9F2843DCBE2468,204438242,https://www.kugou.com/yy/rank/home/3-6666.html?from=rank
2026-09-22,2026-09-22T13:07:27+08:00,酷狗音乐,飙升榜,酷狗飙升榜,2026-09-22,64,晚安,雨天情绪,,3:26,CBA15A1C216C5DBF8D752B2E99A7BD8F,185600362,https://www.kugou.com/yy/rank/home/3-6666.html?from=rank
2026-09-22,2026-09-22T13:07:27+08:00,酷狗音乐,飙升榜,酷狗飙升榜,2026-09-22,65,秋风别把我抛弃 (对唱版),刘卓越、刘梓桐,,2:33,7DC7D1CE83CE67197E8006482D6DD4AB,203129953,https://www.kugou.com/yy/rank/home/3-6666.html?from=rank
2026-09-22,2026-09-22T13:07:27+08:00,酷狗音乐,飙升榜,酷狗飙升榜,2026-09-22,66,你是我心中最痛的伤疤,龙涛,,4:12,144ED63C33498D21A77548ED08E6A0EC,206497905,https://www.kugou.com/yy/rank/home/3-6666.html?from=rank
2026-09-22,2026-09-22T13:07:27+08:00,酷狗音乐,飙升榜,酷狗飙升榜,2026-09-22,67,吹旷野的风,甜嗓嗓,,3:17,DCEE81C2E93D1737246DBCE35E8FADE3,203935055,https://www.kugou.com/yy/rank/home/4-6666.html?from=rank
2026-09-22,2026-09-22T13:07:27+08:00,酷狗音乐,飙升榜,酷狗飙升榜,2026-09-22,68,Backseat Moonshine,西米,,3:24,99A1634E237549E3EDD0CC68021F3200,206243079,https://www.kugou.com/yy/rank/home/4-6666.html?from=rank
2026-09-22,2026-09-22T13:07:27+08:00,酷狗音乐,飙升榜,酷狗飙升榜,2026-09-22,69,来自远方的一封信,灯叔、方大树,,3:25,A5DE975FF45AD2C89EFE6A174AA4A2F6,208064357,https://www.kugou.com/yy/rank/home/4-6666.html?from=rank
2026-09-22,2026-09-22T13:07:27+08:00,酷狗音乐,飙升榜,酷狗飙升榜,2026-09-22,70,旧巷月光,花僮,,3:16,96D1E55976E852455AE0C584B1B23F5C,208084407,https://www.kugou.com/yy/rank/home/4-6666.html?from=rank
2026-09-22,2026-09-22T13:07:27+08:00,酷狗音乐,飙升榜,酷狗飙升榜,2026-09-22,71,默 (被爱判处终身孤寂),瑞-Gary,,4:40,05303C2F2DC0C5563FC069971B81399C,207072757,https://www.kugou.com/yy/rank/home/4-6666.html?from=rank
2026-09-22,2026-09-22T13:07:27+08:00,酷狗音乐,飙升榜,酷狗飙升榜,2026-09-22,72,原来感情可以出卖,张艺迈,,3:31,D5E403B7632E086E4CF06AA212D05B5C,203380205,https://www.kugou.com/yy/rank/home/4-6666.html?from=rank
2026-09-22,2026-09-22T13:07:27+08:00,酷狗音乐,飙升榜,酷狗飙升榜,2026-09-22,73,呼啸着告别,DL.搭车、造梦师DreamMaker,,3:16,E5437D880D8F28F85BC892E1F2CBF96D,202988002,https://www.kugou.com/yy/rank/home/4-6666.html?from=rank
2026-09-22,2026-09-22T13:07:27+08:00,酷狗音乐,飙升榜,酷狗飙升榜,2026-09-22,74,我敬岁月一杯酒 (律动版),DJ铁柱,,3:03,31A96EAAD95262BC265E1C3B60135178,208304226,https://www.kugou.com/yy/rank/home/4-6666.html?from=rank
2026-09-22,2026-09-22T13:07:27+08:00,酷狗音乐,飙升榜,酷狗飙升榜,2026-09-22,75,未完结的爱,拖鞋pd、DJ铁柱、SC,,2:23,9DD6330A31D3C982835BC903BD758541,206139401,https://www.kugou.com/yy/rank/home/4-6666.html?from=rank
2026-09-22,2026-09-22T13:07:27+08:00,酷狗音乐,飙升榜,酷狗飙升榜,2026-09-22,76,走卒 (微醺版),涂一乐,,3:00,B3F439C4E418E6A7678D07FA69D7BE05,206068147,https://www.kugou.com/yy/rank/home/4-6666.html?from=rank
2026-09-22,2026-09-22T13:07:27+08:00,酷狗音乐,飙升榜,酷狗飙升榜,2026-09-22,77,梦浮生,风华音纪、昆玉,,4:35,33C243D810847991867F37684CC319F6,145634099,https://www.kugou.com/yy/rank/home/4-6666.html?from=rank
2026-09-22,2026-09-22T13:07:27+08:00,酷狗音乐,飙升榜,酷狗飙升榜,2026-09-22,78,你怕啥子嘛,乡野低频,,2:55,A1E31862580AA1515C375F16DDF95D9E,206040461,https://www.kugou.com/yy/rank/home/4-6666.html?from=rank
2026-09-22,2026-09-22T13:07:27+08:00,酷狗音乐,飙升榜,酷狗飙升榜,2026-09-22,79,琵琶曲 (人间琴悠扬姑娘把谁记心上),苏子墨、拖鞋pd、千禧果、Lridescence,,2:40,C84866465CA06C094B2352D5D7EC2F01,206320013,https://www.kugou.com/yy/rank/home/4-6666.html?from=rank
2026-09-22,2026-09-22T13:07:27+08:00,酷狗音乐,飙升榜,酷狗飙升榜,2026-09-22,80,小故乡,王一佳,,3:42,C23B37636FCBCBDD7FC237AB5BC3DD0A,208343233,https://www.kugou.com/yy/rank/home/4-6666.html?from=rank
2026-09-22,2026-09-22T13:07:27+08:00,酷狗音乐,飙升榜,酷狗飙升榜,2026-09-22,81,迎着风向前冲,姜月初,,2:52,21A348D348A665C48F1510188451F303,203255858,https://www.kugou.com/yy/rank/home/4-6666.html?from=rank
2026-09-22,2026-09-22T13:07:27+08:00,酷狗音乐,飙升榜,酷狗飙升榜,2026-09-22,82,陪你多少日落 (你却丢下我),烟嗓小木,,2:23,688090F89B87B2BDB5F8A8647C94C3EC,196797762,https://www.kugou.com/yy/rank/home/4-6666.html?from=rank
2026-09-22,2026-09-22T13:07:27+08:00,酷狗音乐,飙升榜,酷狗飙升榜,2026-09-22,83,鹰飞牧野,少司命,,4:00,030E3F24A53577CE66A5DF2C3BCB4C08,205544434,https://www.kugou.com/yy/rank/home/4-6666.html?from=rank
2026-09-22,2026-09-22T13:07:27+08:00,酷狗音乐,飙升榜,酷狗飙升榜,2026-09-22,84,敬岁月一杯酒 (女版对唱),王一佳、李佳燃,,3:28,0E2596407B403D339224C136E9628088,208339832,https://www.kugou.com/yy/rank/home/4-6666.html?from=rank
2026-09-22,2026-09-22T13:07:27+08:00,酷狗音乐,飙升榜,酷狗飙升榜,2026-09-22,85,你的烂借口 (车窗外的雨滴 滴落在我的心底),励明、周小冉,,3:43,8E11354432C2B000F8B94F7F053258E4,196536243,https://www.kugou.com/yy/rank/home/4-6666.html?from=rank
2026-09-22,2026-09-22T13:07:27+08:00,酷狗音乐,飙升榜,酷狗飙升榜,2026-09-22,86,骗吃骗喝骗陪伴,影子,,2:43,608790138BA09C0D44305184B6C6409C,208322218,https://www.kugou.com/yy/rank/home/4-6666.html?from=rank
2026-09-22,2026-09-22T13:07:27+08:00,酷狗音乐,飙升榜,酷狗飙升榜,2026-09-22,87,这些年在忙什么,田园,,3:41,3B92EB6F7A2583AE370B0D13B1ECCDE6,130559559,https://www.kugou.com/yy/rank/home/4-6666.html?from=rank
2026-09-22,2026-09-22T13:07:27+08:00,酷狗音乐,飙升榜,酷狗飙升榜,2026-09-22,88,坐在村口的那个人 (月亮把我带回家),影子,,3:23,CDD5313517F5B684A07FDCB0AD7ADBEC,208353190,https://www.kugou.com/yy/rank/home/4-6666.html?from=rank
2026-09-22,2026-09-22T13:07:27+08:00,酷狗音乐,飙升榜,酷狗飙升榜,2026-09-22,89,时光你等等我,郭芊彤,,4:19,35752B1309268B40355A1CEE7821EDEE,201198246,https://www.kugou.com/yy/rank/home/5-6666.html?from=rank
2026-09-22,2026-09-22T13:07:27+08:00,酷狗音乐,飙升榜,酷狗飙升榜,2026-09-22,90,祝福祖国,顿珠拉姆,,3:19,5DA11A7E705CEAC07CC2F21488DBA9AD,204038427,https://www.kugou.com/yy/rank/home/5-6666.html?from=rank
2026-09-22,2026-09-22T13:07:27+08:00,酷狗音乐,飙升榜,酷狗飙升榜,2026-09-22,91,我喜欢风的透彻 (节奏版),王一佳,,3:17,72E7E3D5ADF9084FFEF8F809E95CFF21,196623538,https://www.kugou.com/yy/rank/home/5-6666.html?from=rank
2026-09-22,2026-09-22T13:07:27+08:00,酷狗音乐,飙升榜,酷狗飙升榜,2026-09-22,92,哑巴岁月,翔屿、听潮阁,,4:04,BC52E5B0A78A517BA643761165E1FE3C,201646153,https://www.kugou.com/yy/rank/home/5-6666.html?from=rank
2026-09-22,2026-09-22T13:07:27+08:00,酷狗音乐,飙升榜,酷狗飙升榜,2026-09-22,93,月满西楼约 (旧路上的晚风啊),烟嗓阿杰a,,4:02,90892E3FB89BF857E2680B724EA238A7,198350265,https://www.kugou.com/yy/rank/home/5-6666.html?from=rank
2026-09-22,2026-09-22T13:07:27+08:00,酷狗音乐,飙升榜,酷狗飙升榜,2026-09-22,94,能不能别再沉默 (氛围版),Sia、千知予,,2:33,221D10561A955039F57FE77664520F60,206136862,https://www.kugou.com/yy/rank/home/5-6666.html?from=rank
2026-09-22,2026-09-22T13:07:27+08:00,酷狗音乐,飙升榜,酷狗飙升榜,2026-09-22,95,恋人未满,S.H.E,,4:37,21FFFC41E2C13DF05F51081D8D0D25F0,959264,https://www.kugou.com/yy/rank/home/5-6666.html?from=rank
2026-09-22,2026-09-22T13:07:27+08:00,酷狗音乐,飙升榜,酷狗飙升榜,2026-09-22,96,偷心 (Live),张彬彬、余文乐、曹骏、阿云嘎、陈若轩,,4:43,064783F0F5466A36F1A0EEF0988282A3,208213311,https://www.kugou.com/yy/rank/home/5-6666.html?from=rank
2026-09-22,2026-09-22T13:07:27+08:00,酷狗音乐,飙升榜,酷狗飙升榜,2026-09-22,97,难却 (戏幕开戏幕落),浅影阿,,2:58,A9684E5A0D5E0570FB9EA078B823456F,197930882,https://www.kugou.com/yy/rank/home/5-6666.html?from=rank
2026-09-22,2026-09-22T13:07:27+08:00,酷狗音乐,飙升榜,酷狗飙升榜,2026-09-22,98,谎言摇摇欲坠,轻烟大叔,,4:28,4E2D871A26E123480AF32693098A6C78,140451638,https://www.kugou.com/yy/rank/home/5-6666.html?from=rank
2026-09-22,2026-09-22T13:07:27+08:00,酷狗音乐,飙升榜,酷狗飙升榜,2026-09-22,99,无人谈恋爱,王子建,,3:49,1F1B303FCE06B994E7B5618BA25D1AC3,740132,https://www.kugou.com/yy/rank/home/5-6666.html?from=rank
2026-09-22,2026-09-22T13:07:27+08:00,酷狗音乐,飙升榜,酷狗飙升榜,2026-09-22,100,鱼儿游鸟儿飞,韵之扉,,3:38,A3B7D731CD56B06DA32F60A8D8BBBA5A,204198568,https://www.kugou.com/yy/rank/home/5-6666.html?from=rank
2026-09-22,2026-09-22T13:07:27+08:00,微博,热搜榜,微博热搜榜,,1,张家齐15年赚的钱都被妈妈抢走了,"体育,综艺",热度 3127146；热,,张家齐15年赚的钱都被妈妈抢走了,,https://s.weibo.com/weibo?q=%23%E5%BC%A0%E5%AE%B6%E9%BD%9015%E5%B9%B4%E8%B5%9A%E7%9A%84%E9%92%B1%E9%83%BD%E8%A2%AB%E5%A6%88%E5%A6%88%E6%8A%A2%E8%B5%B0%E4%BA%86%23
2026-09-22,2026-09-22T13:07:27+08:00,微博,热搜榜,微博热搜榜,,2,月饼 卖不动,民生新闻,热度 1812044；热,,月饼 卖不动,,https://s.weibo.com/weibo?q=%23%E6%9C%88%E9%A5%BC%20%E5%8D%96%E4%B8%8D%E5%8A%A8%23
2026-09-22,2026-09-22T13:07:27+08:00,微博,热搜榜,微博热搜榜,,3,高质量发展安徽行,国内时政,热度 1527318,,高质量发展安徽行,,https://s.weibo.com/weibo?q=%23%E9%AB%98%E8%B4%A8%E9%87%8F%E5%8F%91%E5%B1%95%E5%AE%89%E5%BE%BD%E8%A1%8C%23
2026-09-22,2026-09-22T13:07:27+08:00,微博,热搜榜,微博热搜榜,,4,张家齐的奖金呢,"体育,综艺",热度 1520748；新,,张家齐的奖金呢,,https://s.weibo.com/weibo?q=%23%E5%BC%A0%E5%AE%B6%E9%BD%90%E7%9A%84%E5%A5%96%E9%87%91%E5%91%A2%23
2026-09-22,2026-09-22T13:07:27+08:00,微博,热搜榜,微博热搜榜,,5,怪不得我们都喜欢睡觉盖被子,科学科普,热度 1292981,,怪不得我们都喜欢睡觉盖被子,,https://s.weibo.com/weibo?q=%23%E6%80%AA%E4%B8%8D%E5%BE%97%E6%88%91%E4%BB%AC%E9%83%BD%E5%96%9C%E6%AC%A2%E7%9D%A1%E8%A7%89%E7%9B%96%E8%A2%AB%E5%AD%90%23
2026-09-22,2026-09-22T13:07:27+08:00,微博,热搜榜,微博热搜榜,,6,不打折的山姆月饼反而卖爆了,民生新闻,热度 980795；新,,不打折的山姆月饼反而卖爆了,,https://s.weibo.com/weibo?q=%23%E4%B8%8D%E6%89%93%E6%8A%98%E7%9A%84%E5%B1%B1%E5%A7%86%E6%9C%88%E9%A5%BC%E5%8F%8D%E8%80%8C%E5%8D%96%E7%88%86%E4%BA%86%23
2026-09-22,2026-09-22T13:07:27+08:00,微博,热搜榜,微博热搜榜,,7,盛夏晴朗原班人马,剧集,热度 959621,,盛夏晴朗原班人马,剧集,https://s.weibo.com/weibo?q=%23%E7%9B%9B%E5%A4%8F%E6%99%B4%E6%9C%97%E5%8E%9F%E7%8F%AD%E4%BA%BA%E9%A9%AC%23
2026-09-22,2026-09-22T13:07:27+08:00,微博,热搜榜,微博热搜榜,,8,校方称逃避军训男生正在办理退学,民生新闻,热度 850050,,校方称逃避军训男生正在办理退学,,https://s.weibo.com/weibo?q=%23%E6%A0%A1%E6%96%B9%E7%A7%B0%E9%80%83%E9%81%BF%E5%86%9B%E8%AE%AD%E7%94%B7%E7%94%9F%E6%AD%A3%E5%9C%A8%E5%8A%9E%E7%90%86%E9%80%80%E5%AD%A6%23
2026-09-22,2026-09-22T13:07:27+08:00,微博,热搜榜,微博热搜榜,,9,超格向粉笔致歉,教育,热度 627784；新,,超格向粉笔致歉,,https://s.weibo.com/weibo?q=%23%E8%B6%85%E6%A0%BC%E5%90%91%E7%B2%89%E7%AC%94%E8%87%B4%E6%AD%89%23
2026-09-22,2026-09-22T13:07:27+08:00,微博,热搜榜,微博热搜榜,,10,华为中国民企500强排名第4,财经,热度 588328；新,,华为中国民企500强排名第4,,https://s.weibo.com/weibo?q=%23%E5%8D%8E%E4%B8%BA%E4%B8%AD%E5%9B%BD%E6%B0%91%E4%BC%81500%E5%BC%BA%E6%8E%92%E5%90%8D%E7%AC%AC4%23
2026-09-22,2026-09-22T13:07:27+08:00,微博,热搜榜,微博热搜榜,,11,朴信惠二胎产女,艺人,热度 543976；热,,朴信惠二胎产女,['朴信惠'],https://s.weibo.com/weibo?q=%23%E6%9C%B4%E4%BF%A1%E6%83%A0%E4%BA%8C%E8%83%8E%E4%BA%A7%E5%A5%B3%23
2026-09-22,2026-09-22T13:07:27+08:00,微博,热搜榜,微博热搜榜,,12,盛李豪太牛了,体育,热度 493203；新,,盛李豪太牛了,,https://s.weibo.com/weibo?q=%23%E7%9B%9B%E6%9D%8E%E8%B1%AA%E5%A4%AA%E7%89%9B%E4%BA%86%23
2026-09-22,2026-09-22T13:07:27+08:00,微博,热搜榜,微博热搜榜,,13,张博恒这枚金牌让日本媒体沉默了,体育,热度 460575；新,,张博恒这枚金牌让日本媒体沉默了,,https://s.weibo.com/weibo?q=%23%E5%BC%A0%E5%8D%9A%E6%81%92%E8%BF%99%E6%9E%9A%E9%87%91%E7%89%8C%E8%AE%A9%E6%97%A5%E6%9C%AC%E5%AA%92%E4%BD%93%E6%B2%89%E9%BB%98%E4%BA%86%23
2026-09-22,2026-09-22T13:07:27+08:00,微博,热搜榜,微博热搜榜,,14,张百乔小雪再互动,艺人,热度 401511,,张百乔小雪再互动,"['小雪', '张百乔']",https://s.weibo.com/weibo?q=%23%E5%BC%A0%E7%99%BE%E4%B9%94%E5%B0%8F%E9%9B%AA%E5%86%8D%E4%BA%92%E5%8A%A8%23
2026-09-22,2026-09-22T13:07:27+08:00,微博,热搜榜,微博热搜榜,,15,理记,民生新闻,热度 390702,,理记,,https://s.weibo.com/weibo?q=%23%E7%90%86%E8%AE%B0%23
2026-09-22,2026-09-22T13:07:27+08:00,微博,热搜榜,微博热搜榜,,16,迪丽热巴见面会伴手礼好大一包,"艺人,综艺",热度 381065,,迪丽热巴见面会伴手礼好大一包,['迪丽热巴'],https://s.weibo.com/weibo?q=%23%E8%BF%AA%E4%B8%BD%E7%83%AD%E5%B7%B4%E8%A7%81%E9%9D%A2%E4%BC%9A%E4%BC%B4%E6%89%8B%E7%A4%BC%E5%A5%BD%E5%A4%A7%E4%B8%80%E5%8C%85%23
2026-09-22,2026-09-22T13:07:27+08:00,微博,热搜榜,微博热搜榜,,17,王子菲盛李豪夺金,体育,热度 379451；新,,王子菲盛李豪夺金,,https://s.weibo.com/weibo?q=%23%E7%8E%8B%E5%AD%90%E8%8F%B2%E7%9B%9B%E6%9D%8E%E8%B1%AA%E5%A4%BA%E9%87%91%23
2026-09-22,2026-09-22T13:07:27+08:00,微博,热搜榜,微博热搜榜,,18,日本选手遭张展硕逆转称不甘心,体育,热度 372713,,日本选手遭张展硕逆转称不甘心,,https://s.weibo.com/weibo?q=%23%E6%97%A5%E6%9C%AC%E9%80%89%E6%89%8B%E9%81%AD%E5%BC%A0%E5%B1%95%E7%A1%95%E9%80%86%E8%BD%AC%E7%A7%B0%E4%B8%8D%E7%94%98%E5%BF%83%23
2026-09-22,2026-09-22T13:07:27+08:00,微博,热搜榜,微博热搜榜,,19,华为Mate90系列价格曝光,数码,热度 279672；新,,华为Mate90系列价格曝光,,https://s.weibo.com/weibo?q=%23%E5%8D%8E%E4%B8%BAMate90%E7%B3%BB%E5%88%97%E4%BB%B7%E6%A0%BC%E6%9B%9D%E5%85%89%23
2026-09-22,2026-09-22T13:07:27+08:00,微博,热搜榜,微博热搜榜,,20,王一博怎么把以纯穿的这么高级,时尚,热度 279640；新,,王一博怎么把以纯穿的这么高级,['王一博'],https://s.weibo.com/weibo?q=%23%E7%8E%8B%E4%B8%80%E5%8D%9A%E6%80%8E%E4%B9%88%E6%8A%8A%E4%BB%A5%E7%BA%AF%E7%A9%BF%E7%9A%84%E8%BF%99%E4%B9%88%E9%AB%98%E7%BA%A7%23
2026-09-22,2026-09-22T13:07:27+08:00,微博,热搜榜,微博热搜榜,,21,曝王玉雯杨玏曾结婚又离婚,艺人,热度 279480；新,,曝王玉雯杨玏曾结婚又离婚,"['王玉雯', '杨玏']",https://s.weibo.com/weibo?q=%23%E6%9B%9D%E7%8E%8B%E7%8E%89%E9%9B%AF%E6%9D%A8%E7%8E%8F%E6%9B%BE%E7%BB%93%E5%A9%9A%E5%8F%88%E7%A6%BB%E5%A9%9A%23
2026-09-22,2026-09-22T13:07:27+08:00,微博,热搜榜,微博热搜榜,,22,盛夏晴朗,剧集,热度 279390,,盛夏晴朗,剧集,https://s.weibo.com/weibo?q=%23%E7%9B%9B%E5%A4%8F%E6%99%B4%E6%9C%97%23
2026-09-22,2026-09-22T13:07:27+08:00,微博,热搜榜,微博热搜榜,,23,疑似李乃文一家三口同框,艺人,热度 279289；新,,疑似李乃文一家三口同框,['李乃文'],https://s.weibo.com/weibo?q=%23%E7%96%91%E4%BC%BC%E6%9D%8E%E4%B9%83%E6%96%87%E4%B8%80%E5%AE%B6%E4%B8%89%E5%8F%A3%E5%90%8C%E6%A1%86%23
2026-09-22,2026-09-22T13:07:27+08:00,微博,热搜榜,微博热搜榜,,24,停车费一年近万不肯骑电驴,情感,热度 279194；新,,停车费一年近万不肯骑电驴,,https://s.weibo.com/weibo?q=%23%E5%81%9C%E8%BD%A6%E8%B4%B9%E4%B8%80%E5%B9%B4%E8%BF%91%E4%B8%87%E4%B8%8D%E8%82%AF%E9%AA%91%E7%94%B5%E9%A9%B4%23
2026-09-22,2026-09-22T13:07:27+08:00,微博,热搜榜,微博热搜榜,,25,边牧暗示金毛帮忙吃剩菜笑翻,幽默,热度 279050；新,,边牧暗示金毛帮忙吃剩菜笑翻,,https://s.weibo.com/weibo?q=%23%E8%BE%B9%E7%89%A7%E6%9A%97%E7%A4%BA%E9%87%91%E6%AF%9B%E5%B8%AE%E5%BF%99%E5%90%83%E5%89%A9%E8%8F%9C%E7%AC%91%E7%BF%BB%23
2026-09-22,2026-09-22T13:07:27+08:00,微博,热搜榜,微博热搜榜,,26,肖战还去实习的地方转了转,艺人,热度 279018；新,,肖战还去实习的地方转了转,['肖战'],https://s.weibo.com/weibo?q=%23%E8%82%96%E6%88%98%E8%BF%98%E5%8E%BB%E5%AE%9E%E4%B9%A0%E7%9A%84%E5%9C%B0%E6%96%B9%E8%BD%AC%E4%BA%86%E8%BD%AC%23
2026-09-22,2026-09-22T13:07:27+08:00,微博,热搜榜,微博热搜榜,,27,医生不推荐的早餐搭配,健康医疗,热度 278938,,医生不推荐的早餐搭配,,https://s.weibo.com/weibo?q=%23%E5%8C%BB%E7%94%9F%E4%B8%8D%E6%8E%A8%E8%8D%90%E7%9A%84%E6%97%A9%E9%A4%90%E6%90%AD%E9%85%8D%23
2026-09-22,2026-09-22T13:07:27+08:00,微博,热搜榜,微博热搜榜,,28,婚姻只能提供看上去的稳定性,情感,热度 278816,,婚姻只能提供看上去的稳定性,,https://s.weibo.com/weibo?q=%23%E5%A9%9A%E5%A7%BB%E5%8F%AA%E8%83%BD%E6%8F%90%E4%BE%9B%E7%9C%8B%E4%B8%8A%E5%8E%BB%E7%9A%84%E7%A8%B3%E5%AE%9A%E6%80%A7%23
2026-09-22,2026-09-22T13:07:27+08:00,微博,热搜榜,微博热搜榜,,29,美心月饼打六折卖,民生新闻,热度 278665,,美心月饼打六折卖,,https://s.weibo.com/weibo?q=%23%E7%BE%8E%E5%BF%83%E6%9C%88%E9%A5%BC%E6%89%93%E5%85%AD%E6%8A%98%E5%8D%96%23
2026-09-22,2026-09-22T13:07:27+08:00,微博,热搜榜,微博热搜榜,,30,潘展乐 张展硕,体育,热度 278561,,潘展乐 张展硕,,https://s.weibo.com/weibo?q=%23%E6%BD%98%E5%B1%95%E4%B9%90%20%E5%BC%A0%E5%B1%95%E7%A1%95%23
2026-09-22,2026-09-22T13:07:27+08:00,微博,热搜榜,微博热搜榜,,31,张家齐的存款大概率被爸妈花完了,艺人,热度 278519；新,,张家齐的存款大概率被爸妈花完了,,https://s.weibo.com/weibo?q=%23%E5%BC%A0%E5%AE%B6%E9%BD%90%E7%9A%84%E5%AD%98%E6%AC%BE%E5%A4%A7%E6%A6%82%E7%8E%87%E8%A2%AB%E7%88%B8%E5%A6%88%E8%8A%B1%E5%AE%8C%E4%BA%86%23
2026-09-22,2026-09-22T13:07:27+08:00,微博,热搜榜,微博热搜榜,,32,小众但很省钱的旅游方式,旅游,热度 278333；新,,小众但很省钱的旅游方式,,https://s.weibo.com/weibo?q=%23%E5%B0%8F%E4%BC%97%E4%BD%86%E5%BE%88%E7%9C%81%E9%92%B1%E7%9A%84%E6%97%85%E6%B8%B8%E6%96%B9%E5%BC%8F%23
2026-09-22,2026-09-22T13:07:27+08:00,微博,热搜榜,微博热搜榜,,33,小米18Pro全系标配徕卡双2亿镜头,数码,热度 278310；新,,小米18Pro全系标配徕卡双2亿镜头,,https://s.weibo.com/weibo?q=%23%E5%B0%8F%E7%B1%B318Pro%E5%85%A8%E7%B3%BB%E6%A0%87%E9%85%8D%E5%BE%95%E5%8D%A1%E5%8F%8C2%E4%BA%BF%E9%95%9C%E5%A4%B4%23
2026-09-22,2026-09-22T13:07:27+08:00,微博,热搜榜,微博热搜榜,,34,不二之臣致歉声明,剧集,热度 278148,,不二之臣致歉声明,剧集,https://s.weibo.com/weibo?q=%23%E4%B8%8D%E4%BA%8C%E4%B9%8B%E8%87%A3%E8%87%B4%E6%AD%89%E5%A3%B0%E6%98%8E%23
2026-09-22,2026-09-22T13:07:27+08:00,微博,热搜榜,微博热搜榜,,35,iPhone18系列第一批受害者来了,数码,热度 278074,,iPhone18系列第一批受害者来了,,https://s.weibo.com/weibo?q=%23iPhone18%E7%B3%BB%E5%88%97%E7%AC%AC%E4%B8%80%E6%89%B9%E5%8F%97%E5%AE%B3%E8%80%85%E6%9D%A5%E4%BA%86%23
2026-09-22,2026-09-22T13:07:27+08:00,微博,热搜榜,微博热搜榜,,36,到底谁才是家用车的答案,汽车,热度 277961；新,,到底谁才是家用车的答案,,https://s.weibo.com/weibo?q=%23%E5%88%B0%E5%BA%95%E8%B0%81%E6%89%8D%E6%98%AF%E5%AE%B6%E7%94%A8%E8%BD%A6%E7%9A%84%E7%AD%94%E6%A1%88%23
2026-09-22,2026-09-22T13:07:27+08:00,微博,热搜榜,微博热搜榜,,37,张家齐疑似住串串房,民生新闻,热度 277902；新,,张家齐疑似住串串房,,https://s.weibo.com/weibo?q=%23%E5%BC%A0%E5%AE%B6%E9%BD%90%E7%96%91%E4%BC%BC%E4%BD%8F%E4%B8%B2%E4%B8%B2%E6%88%BF%23
2026-09-22,2026-09-22T13:07:27+08:00,微博,热搜榜,微博热搜榜,,38,吕蕺儿又成了赵星棠的奴婢,剧集,热度 252906；新,,吕蕺儿又成了赵星棠的奴婢,剧集,https://s.weibo.com/weibo?q=%23%E5%90%95%E8%95%BA%E5%84%BF%E5%8F%88%E6%88%90%E4%BA%86%E8%B5%B5%E6%98%9F%E6%A3%A0%E7%9A%84%E5%A5%B4%E5%A9%A2%23
2026-09-22,2026-09-22T13:07:27+08:00,微博,热搜榜,微博热搜榜,,39,官方通报幼儿园集体呕吐事件,民生新闻,热度 246171；新,,官方通报幼儿园集体呕吐事件,,https://s.weibo.com/weibo?q=%23%E5%AE%98%E6%96%B9%E9%80%9A%E6%8A%A5%E5%B9%BC%E5%84%BF%E5%9B%AD%E9%9B%86%E4%BD%93%E5%91%95%E5%90%90%E4%BA%8B%E4%BB%B6%23
2026-09-22,2026-09-22T13:07:27+08:00,微博,热搜榜,微博热搜榜,,40,王俊凯回复王源用了波浪号,艺人,热度 234298,,王俊凯回复王源用了波浪号,"['王源', '王俊凯']",https://s.weibo.com/weibo?q=%23%E7%8E%8B%E4%BF%8A%E5%87%AF%E5%9B%9E%E5%A4%8D%E7%8E%8B%E6%BA%90%E7%94%A8%E4%BA%86%E6%B3%A2%E6%B5%AA%E5%8F%B7%23
2026-09-22,2026-09-22T13:07:27+08:00,微博,热搜榜,微博热搜榜,,41,光靠干饭就打破了世界纪录,体育,热度 230750；新,,光靠干饭就打破了世界纪录,,https://s.weibo.com/weibo?q=%23%E5%85%89%E9%9D%A0%E5%B9%B2%E9%A5%AD%E5%B0%B1%E6%89%93%E7%A0%B4%E4%BA%86%E4%B8%96%E7%95%8C%E7%BA%AA%E5%BD%95%23
2026-09-22,2026-09-22T13:07:27+08:00,微博,热搜榜,微博热搜榜,,42,王玉雯 杨玏,艺人,热度 230665；新,,王玉雯 杨玏,"['王玉雯', '杨玏']",https://s.weibo.com/weibo?q=%23%E7%8E%8B%E7%8E%89%E9%9B%AF%20%E6%9D%A8%E7%8E%8F%23
2026-09-22,2026-09-22T13:07:27+08:00,微博,热搜榜,微博热搜榜,,43,老爸去世才发现理所当然都是爱,情感,热度 227489,,老爸去世才发现理所当然都是爱,,https://s.weibo.com/weibo?q=%23%E8%80%81%E7%88%B8%E5%8E%BB%E4%B8%96%E6%89%8D%E5%8F%91%E7%8E%B0%E7%90%86%E6%89%80%E5%BD%93%E7%84%B6%E9%83%BD%E6%98%AF%E7%88%B1%23
2026-09-22,2026-09-22T13:07:27+08:00,微博,热搜榜,微博热搜榜,,44,肖战湾区升明月的权威我后知后觉,演出,热度 215804,,肖战湾区升明月的权威我后知后觉,演出,https://s.weibo.com/weibo?q=%23%E8%82%96%E6%88%98%E6%B9%BE%E5%8C%BA%E5%8D%87%E6%98%8E%E6%9C%88%E7%9A%84%E6%9D%83%E5%A8%81%E6%88%91%E5%90%8E%E7%9F%A5%E5%90%8E%E8%A7%89%23
2026-09-22,2026-09-22T13:07:27+08:00,微博,热搜榜,微博热搜榜,,45,2026民营企业500强发布,财经,热度 209938,,2026民营企业500强发布,,https://s.weibo.com/weibo?q=%232026%E6%B0%91%E8%90%A5%E4%BC%81%E4%B8%9A500%E5%BC%BA%E5%8F%91%E5%B8%83%23
2026-09-22,2026-09-22T13:07:27+08:00,微博,热搜榜,微博热搜榜,,46,张展硕1500米自由泳,体育,热度 206267,,张展硕1500米自由泳,,https://s.weibo.com/weibo?q=%23%E5%BC%A0%E5%B1%95%E7%A1%951500%E7%B1%B3%E8%87%AA%E7%94%B1%E6%B3%B3%23
2026-09-22,2026-09-22T13:07:27+08:00,微博,热搜榜,微博热搜榜,,47,林一喊话粉丝别笑你也过不去这关,艺人,热度 205177；新,,林一喊话粉丝别笑你也过不去这关,['林一'],https://s.weibo.com/weibo?q=%23%E6%9E%97%E4%B8%80%E5%96%8A%E8%AF%9D%E7%B2%89%E4%B8%9D%E5%88%AB%E7%AC%91%E4%BD%A0%E4%B9%9F%E8%BF%87%E4%B8%8D%E5%8E%BB%E8%BF%99%E5%85%B3%23
2026-09-22,2026-09-22T13:07:27+08:00,微博,热搜榜,微博热搜榜,,48,覃海洋尽力了,体育,热度 204911；新,,覃海洋尽力了,,https://s.weibo.com/weibo?q=%23%E8%A6%83%E6%B5%B7%E6%B4%8B%E5%B0%BD%E5%8A%9B%E4%BA%86%23
2026-09-22,2026-09-22T13:07:27+08:00,微博,热搜榜,微博热搜榜,,49,许兰香当上林家主母做的第一件事,剧集,热度 191881,,许兰香当上林家主母做的第一件事,剧集,https://s.weibo.com/weibo?q=%23%E8%AE%B8%E5%85%B0%E9%A6%99%E5%BD%93%E4%B8%8A%E6%9E%97%E5%AE%B6%E4%B8%BB%E6%AF%8D%E5%81%9A%E7%9A%84%E7%AC%AC%E4%B8%80%E4%BB%B6%E4%BA%8B%23
2026-09-22,2026-09-22T13:07:27+08:00,微博,热搜榜,微博热搜榜,,50,比格犬舍直播老板按都按不住,幽默,热度 183307,,比格犬舍直播老板按都按不住,,https://s.weibo.com/weibo?q=%23%E6%AF%94%E6%A0%BC%E7%8A%AC%E8%88%8D%E7%9B%B4%E6%92%AD%E8%80%81%E6%9D%BF%E6%8C%89%E9%83%BD%E6%8C%89%E4%B8%8D%E4%BD%8F%23
2026-09-22,2026-09-22T13:07:27+08:00,微博,文娱热搜榜,微博热搜榜-文娱条目,,1,盛夏晴朗原班人马,剧集,总榜排名 7；热度 959621,,盛夏晴朗原班人马,剧集,https://s.weibo.com/weibo?q=%23%E7%9B%9B%E5%A4%8F%E6%99%B4%E6%9C%97%E5%8E%9F%E7%8F%AD%E4%BA%BA%E9%A9%AC%23
2026-09-22,2026-09-22T13:07:27+08:00,微博,文娱热搜榜,微博热搜榜-文娱条目,,2,朴信惠二胎产女,艺人,总榜排名 11；热度 543976；热,,朴信惠二胎产女,['朴信惠'],https://s.weibo.com/weibo?q=%23%E6%9C%B4%E4%BF%A1%E6%83%A0%E4%BA%8C%E8%83%8E%E4%BA%A7%E5%A5%B3%23
2026-09-22,2026-09-22T13:07:27+08:00,微博,文娱热搜榜,微博热搜榜-文娱条目,,3,张百乔小雪再互动,艺人,总榜排名 14；热度 401511,,张百乔小雪再互动,"['小雪', '张百乔']",https://s.weibo.com/weibo?q=%23%E5%BC%A0%E7%99%BE%E4%B9%94%E5%B0%8F%E9%9B%AA%E5%86%8D%E4%BA%92%E5%8A%A8%23
2026-09-22,2026-09-22T13:07:27+08:00,微博,文娱热搜榜,微博热搜榜-文娱条目,,4,迪丽热巴见面会伴手礼好大一包,"艺人,综艺",总榜排名 16；热度 381065,,迪丽热巴见面会伴手礼好大一包,['迪丽热巴'],https://s.weibo.com/weibo?q=%23%E8%BF%AA%E4%B8%BD%E7%83%AD%E5%B7%B4%E8%A7%81%E9%9D%A2%E4%BC%9A%E4%BC%B4%E6%89%8B%E7%A4%BC%E5%A5%BD%E5%A4%A7%E4%B8%80%E5%8C%85%23
2026-09-22,2026-09-22T13:07:27+08:00,微博,文娱热搜榜,微博热搜榜-文娱条目,,5,曝王玉雯杨玏曾结婚又离婚,艺人,总榜排名 21；热度 279480；新,,曝王玉雯杨玏曾结婚又离婚,"['王玉雯', '杨玏']",https://s.weibo.com/weibo?q=%23%E6%9B%9D%E7%8E%8B%E7%8E%89%E9%9B%AF%E6%9D%A8%E7%8E%8F%E6%9B%BE%E7%BB%93%E5%A9%9A%E5%8F%88%E7%A6%BB%E5%A9%9A%23
2026-09-22,2026-09-22T13:07:27+08:00,微博,文娱热搜榜,微博热搜榜-文娱条目,,6,盛夏晴朗,剧集,总榜排名 22；热度 279390,,盛夏晴朗,剧集,https://s.weibo.com/weibo?q=%23%E7%9B%9B%E5%A4%8F%E6%99%B4%E6%9C%97%23
2026-09-22,2026-09-22T13:07:27+08:00,微博,文娱热搜榜,微博热搜榜-文娱条目,,7,疑似李乃文一家三口同框,艺人,总榜排名 23；热度 279289；新,,疑似李乃文一家三口同框,['李乃文'],https://s.weibo.com/weibo?q=%23%E7%96%91%E4%BC%BC%E6%9D%8E%E4%B9%83%E6%96%87%E4%B8%80%E5%AE%B6%E4%B8%89%E5%8F%A3%E5%90%8C%E6%A1%86%23
2026-09-22,2026-09-22T13:07:27+08:00,微博,文娱热搜榜,微博热搜榜-文娱条目,,8,肖战还去实习的地方转了转,艺人,总榜排名 26；热度 279018；新,,肖战还去实习的地方转了转,['肖战'],https://s.weibo.com/weibo?q=%23%E8%82%96%E6%88%98%E8%BF%98%E5%8E%BB%E5%AE%9E%E4%B9%A0%E7%9A%84%E5%9C%B0%E6%96%B9%E8%BD%AC%E4%BA%86%E8%BD%AC%23
2026-09-22,2026-09-22T13:07:27+08:00,微博,文娱热搜榜,微博热搜榜-文娱条目,,9,张家齐的存款大概率被爸妈花完了,艺人,总榜排名 31；热度 278519；新,,张家齐的存款大概率被爸妈花完了,,https://s.weibo.com/weibo?q=%23%E5%BC%A0%E5%AE%B6%E9%BD%90%E7%9A%84%E5%AD%98%E6%AC%BE%E5%A4%A7%E6%A6%82%E7%8E%87%E8%A2%AB%E7%88%B8%E5%A6%88%E8%8A%B1%E5%AE%8C%E4%BA%86%23
2026-09-22,2026-09-22T13:07:27+08:00,微博,文娱热搜榜,微博热搜榜-文娱条目,,10,不二之臣致歉声明,剧集,总榜排名 34；热度 278148,,不二之臣致歉声明,剧集,https://s.weibo.com/weibo?q=%23%E4%B8%8D%E4%BA%8C%E4%B9%8B%E8%87%A3%E8%87%B4%E6%AD%89%E5%A3%B0%E6%98%8E%23
2026-09-22,2026-09-22T13:07:27+08:00,微博,文娱热搜榜,微博热搜榜-文娱条目,,11,吕蕺儿又成了赵星棠的奴婢,剧集,总榜排名 38；热度 252906；新,,吕蕺儿又成了赵星棠的奴婢,剧集,https://s.weibo.com/weibo?q=%23%E5%90%95%E8%95%BA%E5%84%BF%E5%8F%88%E6%88%90%E4%BA%86%E8%B5%B5%E6%98%9F%E6%A3%A0%E7%9A%84%E5%A5%B4%E5%A9%A2%23
2026-09-22,2026-09-22T13:07:27+08:00,微博,文娱热搜榜,微博热搜榜-文娱条目,,12,王俊凯回复王源用了波浪号,艺人,总榜排名 40；热度 234298,,王俊凯回复王源用了波浪号,"['王源', '王俊凯']",https://s.weibo.com/weibo?q=%23%E7%8E%8B%E4%BF%8A%E5%87%AF%E5%9B%9E%E5%A4%8D%E7%8E%8B%E6%BA%90%E7%94%A8%E4%BA%86%E6%B3%A2%E6%B5%AA%E5%8F%B7%23
2026-09-22,2026-09-22T13:07:27+08:00,微博,文娱热搜榜,微博热搜榜-文娱条目,,13,王玉雯 杨玏,艺人,总榜排名 42；热度 230665；新,,王玉雯 杨玏,"['王玉雯', '杨玏']",https://s.weibo.com/weibo?q=%23%E7%8E%8B%E7%8E%89%E9%9B%AF%20%E6%9D%A8%E7%8E%8F%23
2026-09-22,2026-09-22T13:07:27+08:00,微博,文娱热搜榜,微博热搜榜-文娱条目,,14,肖战湾区升明月的权威我后知后觉,演出,总榜排名 44；热度 215804,,肖战湾区升明月的权威我后知后觉,演出,https://s.weibo.com/weibo?q=%23%E8%82%96%E6%88%98%E6%B9%BE%E5%8C%BA%E5%8D%87%E6%98%8E%E6%9C%88%E7%9A%84%E6%9D%83%E5%A8%81%E6%88%91%E5%90%8E%E7%9F%A5%E5%90%8E%E8%A7%89%23
2026-09-22,2026-09-22T13:07:27+08:00,微博,文娱热搜榜,微博热搜榜-文娱条目,,15,林一喊话粉丝别笑你也过不去这关,艺人,总榜排名 47；热度 205177；新,,林一喊话粉丝别笑你也过不去这关,['林一'],https://s.weibo.com/weibo?q=%23%E6%9E%97%E4%B8%80%E5%96%8A%E8%AF%9D%E7%B2%89%E4%B8%9D%E5%88%AB%E7%AC%91%E4%BD%A0%E4%B9%9F%E8%BF%87%E4%B8%8D%E5%8E%BB%E8%BF%99%E5%85%B3%23
2026-09-22,2026-09-22T13:07:27+08:00,微博,文娱热搜榜,微博热搜榜-文娱条目,,16,许兰香当上林家主母做的第一件事,剧集,总榜排名 49；热度 191881,,许兰香当上林家主母做的第一件事,剧集,https://s.weibo.com/weibo?q=%23%E8%AE%B8%E5%85%B0%E9%A6%99%E5%BD%93%E4%B8%8A%E6%9E%97%E5%AE%B6%E4%B8%BB%E6%AF%8D%E5%81%9A%E7%9A%84%E7%AC%AC%E4%B8%80%E4%BB%B6%E4%BA%8B%23
