snapshot_date,captured_at,platform,chart,official_chart,platform_date,rank,song_name,artist,chart_metric,duration,song_id,album_id,source_url
2026-09-23,2026-09-23T12:52:06+08:00,QQ音乐,热歌榜,热歌榜,2026-09-23,1,茶汤,郁可唯,上升 1,,4936030,002iWKlh2DcjFL,https://y.qq.com/n/ryqq/toplist/26
2026-09-23,2026-09-23T12:52:06+08:00,QQ音乐,热歌榜,热歌榜,2026-09-23,2,我不难过,孙燕姿,上升 1,,8136,004VSvF52mQoQp,https://y.qq.com/n/ryqq/toplist/26
2026-09-23,2026-09-23T12:52:06+08:00,QQ音乐,热歌榜,热歌榜,2026-09-23,3,泪海,许茹芸,上升 1,,106585340,001Ugmj01giuzO,https://y.qq.com/n/ryqq/toplist/26
2026-09-23,2026-09-23T12:52:06+08:00,QQ音乐,热歌榜,热歌榜,2026-09-23,4,甲乙丙丁 (你我怎么两清),李佳薇,上升 1,,696262512,00446QRA1fTdqA,https://y.qq.com/n/ryqq/toplist/26
2026-09-23,2026-09-23T12:52:06+08:00,QQ音乐,热歌榜,热歌榜,2026-09-23,5,自己就是自己的光,周深,新进,,726909425,001XyINh2rPydj,https://y.qq.com/n/ryqq/toplist/26
2026-09-23,2026-09-23T12:52:06+08:00,QQ音乐,热歌榜,热歌榜,2026-09-23,6,情歌,梁静茹,0,,462188,002E4IXe1ESUij,https://y.qq.com/n/ryqq/toplist/26
2026-09-23,2026-09-23T12:52:06+08:00,QQ音乐,热歌榜,热歌榜,2026-09-23,7,恋人,李荣浩,0,,496054946,004HaG7p4ZkhXA,https://y.qq.com/n/ryqq/toplist/26
2026-09-23,2026-09-23T12:52:06+08:00,QQ音乐,热歌榜,热歌榜,2026-09-23,8,我怀念的,孙燕姿,0,,5211338,000P3l050Olt27,https://y.qq.com/n/ryqq/toplist/26
2026-09-23,2026-09-23T12:52:06+08:00,QQ音乐,热歌榜,热歌榜,2026-09-23,9,六月的雨,胡歌,上升 105,,448590,002fNZDg1LHT3o,https://y.qq.com/n/ryqq/toplist/26
2026-09-23,2026-09-23T12:52:06+08:00,QQ音乐,热歌榜,热歌榜,2026-09-23,10,雨爱,杨丞琳,下降 1,,645819,000jcKFG0sQrD0,https://y.qq.com/n/ryqq/toplist/26
2026-09-23,2026-09-23T12:52:06+08:00,QQ音乐,热歌榜,热歌榜,2026-09-23,11,开始懂了,孙燕姿,下降 1,,5646,004KRIQr1oCp2A,https://y.qq.com/n/ryqq/toplist/26
2026-09-23,2026-09-23T12:52:06+08:00,QQ音乐,热歌榜,热歌榜,2026-09-23,12,素颜,许嵩/何曼婷,下降 1,,101813361,0035f8nw11cjkf,https://y.qq.com/n/ryqq/toplist/26
2026-09-23,2026-09-23T12:52:06+08:00,QQ音乐,热歌榜,热歌榜,2026-09-23,13,爱错,王力宏,下降 1,,105905415,002ElVxf43rOue,https://y.qq.com/n/ryqq/toplist/26
2026-09-23,2026-09-23T12:52:06+08:00,QQ音乐,热歌榜,热歌榜,2026-09-23,14,芥兰,杨丞琳,新进,,726600017,001ziqhR437SZ8,https://y.qq.com/n/ryqq/toplist/26
2026-09-23,2026-09-23T12:52:06+08:00,QQ音乐,热歌榜,热歌榜,2026-09-23,15,特别的人,方大同,下降 1,,5293866,000GvdTR0qcKh8,https://y.qq.com/n/ryqq/toplist/26
2026-09-23,2026-09-23T12:52:06+08:00,QQ音乐,热歌榜,热歌榜,2026-09-23,16,Always Online,林俊杰,下降 3,,447257,002g6zv02X7SNi,https://y.qq.com/n/ryqq/toplist/26
2026-09-23,2026-09-23T12:52:06+08:00,QQ音乐,热歌榜,热歌榜,2026-09-23,17,风月吻眉梢,礼越,上升 7,,586620109,001NXQwE1ywPDV,https://y.qq.com/n/ryqq/toplist/26
2026-09-23,2026-09-23T12:52:06+08:00,QQ音乐,热歌榜,热歌榜,2026-09-23,18,唯一,G.E.M.邓紫棋,下降 3,,438910555,002d6m7k0xCbSv,https://y.qq.com/n/ryqq/toplist/26
2026-09-23,2026-09-23T12:52:06+08:00,QQ音乐,热歌榜,热歌榜,2026-09-23,19,那页夏天,王俊凯,下降 18,,726554373,001Dp4r216cqJL,https://y.qq.com/n/ryqq/toplist/26
2026-09-23,2026-09-23T12:52:06+08:00,QQ音乐,热歌榜,热歌榜,2026-09-23,20,演员,薛之谦,下降 2,,102636799,003y8dsH2wBHlo,https://y.qq.com/n/ryqq/toplist/26
2026-09-23,2026-09-23T12:52:06+08:00,QQ音乐,热歌榜,热歌榜,2026-09-23,21,阴天,莫文蔚,下降 2,,4830345,000hTTJN3oScZr,https://y.qq.com/n/ryqq/toplist/26
2026-09-23,2026-09-23T12:52:06+08:00,QQ音乐,热歌榜,热歌榜,2026-09-23,22,春娇与志明,街道办GDC/欧阳耀莹,下降 2,,205357640,000lrXyA0MlEEo,https://y.qq.com/n/ryqq/toplist/26
2026-09-23,2026-09-23T12:52:06+08:00,QQ音乐,热歌榜,热歌榜,2026-09-23,23,红色高跟鞋,蔡健雅,下降 7,,624649,002dOge41xlS8x,https://y.qq.com/n/ryqq/toplist/26
2026-09-23,2026-09-23T12:52:06+08:00,QQ音乐,热歌榜,热歌榜,2026-09-23,24,盛夏的果实,莫文蔚,下降 7,,4830161,000KeV8l1PIjxt,https://y.qq.com/n/ryqq/toplist/26
2026-09-23,2026-09-23T12:52:06+08:00,QQ音乐,热歌榜,热歌榜,2026-09-23,25,Baby Come Home,JOSHUA (조슈아)/韦礼安,新进,,727468157,003AHwCi0uxqbT,https://y.qq.com/n/ryqq/toplist/26
2026-09-23,2026-09-23T12:52:06+08:00,QQ音乐,热歌榜,热歌榜,2026-09-23,26,失眠,Suki刘舒妤,下降 3,,4733575,002xCeeN4EJ1Ke,https://y.qq.com/n/ryqq/toplist/26
2026-09-23,2026-09-23T12:52:06+08:00,QQ音乐,热歌榜,热歌榜,2026-09-23,27,江南,林俊杰,下降 1,,9063002,000y5gq7449K9I,https://y.qq.com/n/ryqq/toplist/26
2026-09-23,2026-09-23T12:52:06+08:00,QQ音乐,热歌榜,热歌榜,2026-09-23,28,美人鱼,林俊杰,上升 2,,95292,000y5gq7449K9I,https://y.qq.com/n/ryqq/toplist/26
2026-09-23,2026-09-23T12:52:06+08:00,QQ音乐,热歌榜,热歌榜,2026-09-23,29,遇见,孙燕姿,下降 4,,8145,002ehzTm0TxXC2,https://y.qq.com/n/ryqq/toplist/26
2026-09-23,2026-09-23T12:52:06+08:00,QQ音乐,热歌榜,热歌榜,2026-09-23,30,幻听,许嵩,下降 9,,1531817,004RbL3b0BDIe2,https://y.qq.com/n/ryqq/toplist/26
2026-09-23,2026-09-23T12:52:06+08:00,QQ音乐,热歌榜,热歌榜,2026-09-23,31,富士山下,陈奕迅,下降 4,,260678,004Z85XP1c25b7,https://y.qq.com/n/ryqq/toplist/26
2026-09-23,2026-09-23T12:52:06+08:00,QQ音乐,热歌榜,热歌榜,2026-09-23,32,偏爱,张芸京,0,,473137,003ha6C92GRuVE,https://y.qq.com/n/ryqq/toplist/26
2026-09-23,2026-09-23T12:52:06+08:00,QQ音乐,热歌榜,热歌榜,2026-09-23,33,有何不可,许嵩,下降 11,,102296985,002KSDg90IaScI,https://y.qq.com/n/ryqq/toplist/26
2026-09-23,2026-09-23T12:52:06+08:00,QQ音乐,热歌榜,热歌榜,2026-09-23,34,雨过后的风景,Dizzy Dizzo (蔡诗芸),下降 6,,1960263,0038xSkp1EcVBf,https://y.qq.com/n/ryqq/toplist/26
2026-09-23,2026-09-23T12:52:06+08:00,QQ音乐,热歌榜,热歌榜,2026-09-23,35,我记得,赵雷,下降 4,,372639235,003QIVDT3UB8zG,https://y.qq.com/n/ryqq/toplist/26
2026-09-23,2026-09-23T12:52:06+08:00,QQ音乐,热歌榜,热歌榜,2026-09-23,36,如愿,王菲,0,,326584182,004Kbn3m2HV9Y3,https://y.qq.com/n/ryqq/toplist/26
2026-09-23,2026-09-23T12:52:06+08:00,QQ音乐,热歌榜,热歌榜,2026-09-23,37,十年,陈奕迅,0,,4830342,000GDz8k03UOaI,https://y.qq.com/n/ryqq/toplist/26
2026-09-23,2026-09-23T12:52:06+08:00,QQ音乐,热歌榜,热歌榜,2026-09-23,38,我们俩,郭顶,下降 5,,105413206,003sMyYb4HZAAz,https://y.qq.com/n/ryqq/toplist/26
2026-09-23,2026-09-23T12:52:06+08:00,QQ音乐,热歌榜,热歌榜,2026-09-23,39,多远都要在一起,G.E.M.邓紫棋,下降 5,,102174489,003c616O2Zlswm,https://y.qq.com/n/ryqq/toplist/26
2026-09-23,2026-09-23T12:52:06+08:00,QQ音乐,热歌榜,热歌榜,2026-09-23,40,最佳损友,陈奕迅,下降 5,,1338414,002FT46H18G1jW,https://y.qq.com/n/ryqq/toplist/26
2026-09-23,2026-09-23T12:52:06+08:00,QQ音乐,热歌榜,热歌榜,2026-09-23,41,晴天,周杰伦,下降 3,,97773,000MkMni19ClKG,https://y.qq.com/n/ryqq/toplist/26
2026-09-23,2026-09-23T12:52:06+08:00,QQ音乐,热歌榜,热歌榜,2026-09-23,42,樱花草,Sweety,上升 1,,481456,000pKXff1doeOd,https://y.qq.com/n/ryqq/toplist/26
2026-09-23,2026-09-23T12:52:06+08:00,QQ音乐,热歌榜,热歌榜,2026-09-23,43,其实,薛之谦,下降 3,,104775877,000QgFcm0v8WaF,https://y.qq.com/n/ryqq/toplist/26
2026-09-23,2026-09-23T12:52:06+08:00,QQ音乐,热歌榜,热歌榜,2026-09-23,44,玻璃,Gareth.T,下降 5,,666124541,002kIED92uw8L5,https://y.qq.com/n/ryqq/toplist/26
2026-09-23,2026-09-23T12:52:06+08:00,QQ音乐,热歌榜,热歌榜,2026-09-23,45,海阔天空,BEYOND,上升 2,,4835784,002qcJuX3lO3EZ,https://y.qq.com/n/ryqq/toplist/26
2026-09-23,2026-09-23T12:52:06+08:00,QQ音乐,热歌榜,热歌榜,2026-09-23,46,黄昏,周传雄,上升 2,,526713,001U6x8f2uJhig,https://y.qq.com/n/ryqq/toplist/26
2026-09-23,2026-09-23T12:52:06+08:00,QQ音乐,热歌榜,热歌榜,2026-09-23,47,青花,周传雄,下降 3,,102204539,001Vj7aX0PixwV,https://y.qq.com/n/ryqq/toplist/26
2026-09-23,2026-09-23T12:52:06+08:00,QQ音乐,热歌榜,热歌榜,2026-09-23,48,如果当时,许嵩,下降 6,,460049,002KSDg90IaScI,https://y.qq.com/n/ryqq/toplist/26
2026-09-23,2026-09-23T12:52:06+08:00,QQ音乐,热歌榜,热歌榜,2026-09-23,49,不将就,李荣浩,上升 3,,102367085,001fi1zG0EjU2u,https://y.qq.com/n/ryqq/toplist/26
2026-09-23,2026-09-23T12:52:06+08:00,QQ音乐,热歌榜,热歌榜,2026-09-23,50,认真的雪,薛之谦,上升 4,,1333803,003mUYW22JXKVK,https://y.qq.com/n/ryqq/toplist/26
2026-09-23,2026-09-23T12:52:06+08:00,QQ音乐,热歌榜,热歌榜,2026-09-23,51,琵琶曲,郑浩/冰洁,下降 6,,627317850,002PmUzc12N5S7,https://y.qq.com/n/ryqq/toplist/26
2026-09-23,2026-09-23T12:52:06+08:00,QQ音乐,热歌榜,热歌榜,2026-09-23,52,天外来物,薛之谦,上升 1,,272125057,000K9Zp13TZp5s,https://y.qq.com/n/ryqq/toplist/26
2026-09-23,2026-09-23T12:52:06+08:00,QQ音乐,热歌榜,热歌榜,2026-09-23,53,我好像在哪见过你,薛之谦,上升 2,,107439472,000dcZ9I1nzO62,https://y.qq.com/n/ryqq/toplist/26
2026-09-23,2026-09-23T12:52:06+08:00,QQ音乐,热歌榜,热歌榜,2026-09-23,54,碎碎念,队长,上升 3,,448738462,000DTFwk0oV4YR,https://y.qq.com/n/ryqq/toplist/26
2026-09-23,2026-09-23T12:52:06+08:00,QQ音乐,热歌榜,热歌榜,2026-09-23,55,坏女孩,徐良/小凌,下降 4,,7112749,002apRhZ4Bq99d,https://y.qq.com/n/ryqq/toplist/26
2026-09-23,2026-09-23T12:52:06+08:00,QQ音乐,热歌榜,热歌榜,2026-09-23,56,出现又离开 (Live),梁博,上升 5,,231594573,000eQZ1q4g6AsF,https://y.qq.com/n/ryqq/toplist/26
2026-09-23,2026-09-23T12:52:06+08:00,QQ音乐,热歌榜,热歌榜,2026-09-23,57,泡沫,G.E.M.邓紫棋,上升 3,,1530858,002YFufr4bXZyI,https://y.qq.com/n/ryqq/toplist/26
2026-09-23,2026-09-23T12:52:06+08:00,QQ音乐,热歌榜,热歌榜,2026-09-23,58,一个人想着一个人,曾沛慈,下降 2,,4716045,003wP0m32WRVql,https://y.qq.com/n/ryqq/toplist/26
2026-09-23,2026-09-23T12:52:06+08:00,QQ音乐,热歌榜,热歌榜,2026-09-23,59,下完这场雨,后弦,下降 1,,108787382,004ZXlA63dZBCa,https://y.qq.com/n/ryqq/toplist/26
2026-09-23,2026-09-23T12:52:06+08:00,QQ音乐,热歌榜,热歌榜,2026-09-23,60,茶花开了，该回家了,王睿卓/加木,上升 6,,553433850,001KCGcF29Na3i,https://y.qq.com/n/ryqq/toplist/26
2026-09-23,2026-09-23T12:52:06+08:00,QQ音乐,热歌榜,热歌榜,2026-09-23,61,一直很安静,阿桑,下降 12,,448593,002fNZDg1LHT3o,https://y.qq.com/n/ryqq/toplist/26
2026-09-23,2026-09-23T12:52:06+08:00,QQ音乐,热歌榜,热歌榜,2026-09-23,62,ANGEL (天使),尹美莱 (윤미래)/Tiger JK/Bizzy (비지),下降 12,,101138130,000qiKcT05rSr9,https://y.qq.com/n/ryqq/toplist/26
2026-09-23,2026-09-23T12:52:06+08:00,QQ音乐,热歌榜,热歌榜,2026-09-23,63,最后一页,江语晨,下降 17,,721636,003FO4XF40Ky8L,https://y.qq.com/n/ryqq/toplist/26
2026-09-23,2026-09-23T12:52:06+08:00,QQ音乐,热歌榜,热歌榜,2026-09-23,64,爱我还是他,陶喆,下降 2,,7211247,003ofGzS3C23Ow,https://y.qq.com/n/ryqq/toplist/26
2026-09-23,2026-09-23T12:52:06+08:00,QQ音乐,热歌榜,热歌榜,2026-09-23,65,瞬,郑润泽,上升 3,,422061155,001qvyI10urb5z,https://y.qq.com/n/ryqq/toplist/26
2026-09-23,2026-09-23T12:52:06+08:00,QQ音乐,热歌榜,热歌榜,2026-09-23,66,多余的解释,许嵩,下降 3,,460866,002KSDg90IaScI,https://y.qq.com/n/ryqq/toplist/26
2026-09-23,2026-09-23T12:52:06+08:00,QQ音乐,热歌榜,热歌榜,2026-09-23,67,爱情讯息,郭静,上升 12,,876549,003PKZMI1Wyx1A,https://y.qq.com/n/ryqq/toplist/26
2026-09-23,2026-09-23T12:52:06+08:00,QQ音乐,热歌榜,热歌榜,2026-09-23,68,冻结,林俊杰,上升 1,,101659148,002vlOfM1X5TQ0,https://y.qq.com/n/ryqq/toplist/26
2026-09-23,2026-09-23T12:52:06+08:00,QQ音乐,热歌榜,热歌榜,2026-09-23,69,离开我的依赖,王艳薇,下降 2,,253383943,004CSyAN1oc97b,https://y.qq.com/n/ryqq/toplist/26
2026-09-23,2026-09-23T12:52:06+08:00,QQ音乐,热歌榜,热歌榜,2026-09-23,70,心墙,郭静,下降 6,,474797,003EHcB24J8t9Z,https://y.qq.com/n/ryqq/toplist/26
2026-09-23,2026-09-23T12:52:06+08:00,QQ音乐,热歌榜,热歌榜,2026-09-23,71,失控,井迪,下降 12,,284945036,0014Iqfp1PMAbs,https://y.qq.com/n/ryqq/toplist/26
2026-09-23,2026-09-23T12:52:06+08:00,QQ音乐,热歌榜,热歌榜,2026-09-23,72,Letting Go,蔡健雅,下降 1,,1030353,001aC9dM35U6KB,https://y.qq.com/n/ryqq/toplist/26
2026-09-23,2026-09-23T12:52:06+08:00,QQ音乐,热歌榜,热歌榜,2026-09-23,73,天龙八部之宿敌,许嵩,0,,4829554,002JzRQD2zjvxG,https://y.qq.com/n/ryqq/toplist/26
2026-09-23,2026-09-23T12:52:06+08:00,QQ音乐,热歌榜,热歌榜,2026-09-23,74,背对背拥抱,林俊杰,下降 2,,648231,002C0kX720gMQi,https://y.qq.com/n/ryqq/toplist/26
2026-09-23,2026-09-23T12:52:06+08:00,QQ音乐,热歌榜,热歌榜,2026-09-23,75,我们的歌,王力宏,上升 12,,102193483,002Zwh5p4HgecI,https://y.qq.com/n/ryqq/toplist/26
2026-09-23,2026-09-23T12:52:06+08:00,QQ音乐,热歌榜,热歌榜,2026-09-23,76,第57次取消发送,菲菲公主（陆绮菲）,上升 6,,560063927,000KrDC019mc82,https://y.qq.com/n/ryqq/toplist/26
2026-09-23,2026-09-23T12:52:06+08:00,QQ音乐,热歌榜,热歌榜,2026-09-23,77,无名的人,毛不易,上升 3,,336582682,002mPgSG01LLtu,https://y.qq.com/n/ryqq/toplist/26
2026-09-23,2026-09-23T12:52:06+08:00,QQ音乐,热歌榜,热歌榜,2026-09-23,78,我好想你 (苏打绿版),苏打绿,下降 8,,4884947,004QF5kp0jgyba,https://y.qq.com/n/ryqq/toplist/26
2026-09-23,2026-09-23T12:52:06+08:00,QQ音乐,热歌榜,热歌榜,2026-09-23,79,修炼爱情,林俊杰,下降 2,,5063375,001gqOnU3DTg2S,https://y.qq.com/n/ryqq/toplist/26
2026-09-23,2026-09-23T12:52:06+08:00,QQ音乐,热歌榜,热歌榜,2026-09-23,80,如果可以,韦礼安,上升 3,,330977131,003WBcyJ1siUkh,https://y.qq.com/n/ryqq/toplist/26
2026-09-23,2026-09-23T12:52:06+08:00,QQ音乐,热歌榜,热歌榜,2026-09-23,81,可不可以,张紫豪,上升 10,,213958134,004VR1w241uBhB,https://y.qq.com/n/ryqq/toplist/26
2026-09-23,2026-09-23T12:52:06+08:00,QQ音乐,热歌榜,热歌榜,2026-09-23,82,至少还有你,林忆莲,下降 7,,102204563,001JqgRv0mRHEQ,https://y.qq.com/n/ryqq/toplist/26
2026-09-23,2026-09-23T12:52:06+08:00,QQ音乐,热歌榜,热歌榜,2026-09-23,83,倒数,G.E.M.邓紫棋,下降 5,,215540451,003cKIKZ1J4Yyu,https://y.qq.com/n/ryqq/toplist/26
2026-09-23,2026-09-23T12:52:06+08:00,QQ音乐,热歌榜,热歌榜,2026-09-23,84,会呼吸的痛,梁静茹,下降 8,,411228,002oy2Mp3I8Rgo,https://y.qq.com/n/ryqq/toplist/26
2026-09-23,2026-09-23T12:52:06+08:00,QQ音乐,热歌榜,热歌榜,2026-09-23,85,后来,刘若英,上升 4,,4830150,0017zqT34WuQwa,https://y.qq.com/n/ryqq/toplist/26
2026-09-23,2026-09-23T12:52:06+08:00,QQ音乐,热歌榜,热歌榜,2026-09-23,86,愿与愁,林俊杰,上升 2,,405007729,004ZOIop1doXru,https://y.qq.com/n/ryqq/toplist/26
2026-09-23,2026-09-23T12:52:06+08:00,QQ音乐,热歌榜,热歌榜,2026-09-23,87,光年之外,G.E.M.邓紫棋,下降 6,,200255722,001mTkmb4GJlh4,https://y.qq.com/n/ryqq/toplist/26
2026-09-23,2026-09-23T12:52:06+08:00,QQ音乐,热歌榜,热歌榜,2026-09-23,88,刻在我心底的名字,卢广仲,下降 3,,316472364,004QG0W52P5GUq,https://y.qq.com/n/ryqq/toplist/26
2026-09-23,2026-09-23T12:52:06+08:00,QQ音乐,热歌榜,热歌榜,2026-09-23,89,勇气,梁静茹,下降 3,,4830164,001DEgPu1004bl,https://y.qq.com/n/ryqq/toplist/26
2026-09-23,2026-09-23T12:52:06+08:00,QQ音乐,热歌榜,热歌榜,2026-09-23,90,下一个天亮,郭静,上升 3,,876541,003PKZMI1Wyx1A,https://y.qq.com/n/ryqq/toplist/26
2026-09-23,2026-09-23T12:52:06+08:00,QQ音乐,热歌榜,热歌榜,2026-09-23,91,野心家,张靓颖,下降 1,,591592617,003TmXW52e0F4P,https://y.qq.com/n/ryqq/toplist/26
2026-09-23,2026-09-23T12:52:06+08:00,QQ音乐,热歌榜,热歌榜,2026-09-23,92,成都,赵雷,下降 8,,200790315,003ltiMR4RSrgo,https://y.qq.com/n/ryqq/toplist/26
2026-09-23,2026-09-23T12:52:06+08:00,QQ音乐,热歌榜,热歌榜,2026-09-23,93,IF YOU,BIGBANG (빅뱅),下降 1,,102793935,001xpUdt2jEjWu,https://y.qq.com/n/ryqq/toplist/26
2026-09-23,2026-09-23T12:52:06+08:00,QQ音乐,热歌榜,热歌榜,2026-09-23,94,句号,G.E.M.邓紫棋,0,,247347346,0049MVh824D7bM,https://y.qq.com/n/ryqq/toplist/26
2026-09-23,2026-09-23T12:52:06+08:00,QQ音乐,热歌榜,热歌榜,2026-09-23,95,明天过后,张杰,上升 2,,273032694,000pVkCf3KsUQ9,https://y.qq.com/n/ryqq/toplist/26
2026-09-23,2026-09-23T12:52:06+08:00,QQ音乐,热歌榜,热歌榜,2026-09-23,96,你不知道的事,王力宏,上升 17,,740362,002iWU6B2ZvA8V,https://y.qq.com/n/ryqq/toplist/26
2026-09-23,2026-09-23T12:52:06+08:00,QQ音乐,热歌榜,热歌榜,2026-09-23,97,三国恋,Tank,上升 22,,101190,0029GgMd2qVyYA,https://y.qq.com/n/ryqq/toplist/26
2026-09-23,2026-09-23T12:52:06+08:00,QQ音乐,热歌榜,热歌榜,2026-09-23,98,茶花开了,王睿卓,上升 66,,546815722,00419kHt1vIQje,https://y.qq.com/n/ryqq/toplist/26
2026-09-23,2026-09-23T12:52:06+08:00,QQ音乐,热歌榜,热歌榜,2026-09-23,99,可惜没如果,林俊杰,下降 3,,330621486,0033R2xQ2I0Uyf,https://y.qq.com/n/ryqq/toplist/26
2026-09-23,2026-09-23T12:52:06+08:00,QQ音乐,热歌榜,热歌榜,2026-09-23,100,夏夜最后的烟火,颜人中,0,,459088908,002tspXk0JB6qZ,https://y.qq.com/n/ryqq/toplist/26
2026-09-23,2026-09-23T12:52:06+08:00,QQ音乐,飙升榜,飙升榜,2026-09-23,1,自己就是自己的光,周深,热度 54%,,726909425,001XyINh2rPydj,https://y.qq.com/n/ryqq/toplist/62
2026-09-23,2026-09-23T12:52:06+08:00,QQ音乐,飙升榜,飙升榜,2026-09-23,2,芥兰,杨丞琳,热度 48%,,726600017,001ziqhR437SZ8,https://y.qq.com/n/ryqq/toplist/62
2026-09-23,2026-09-23T12:52:06+08:00,QQ音乐,飙升榜,飙升榜,2026-09-23,3,Baby Come Home,JOSHUA (조슈아)/韦礼安,热度 44%,,727468157,003AHwCi0uxqbT,https://y.qq.com/n/ryqq/toplist/62
2026-09-23,2026-09-23T12:52:06+08:00,QQ音乐,飙升榜,飙升榜,2026-09-23,4,六月的雨,胡歌,热度 37%,,448590,002fNZDg1LHT3o,https://y.qq.com/n/ryqq/toplist/62
2026-09-23,2026-09-23T12:52:06+08:00,QQ音乐,飙升榜,飙升榜,2026-09-23,5,花非花,AZ啊之/李京泽/Crazy C,热度 22%,,727528101,001NAB3J4eAOOa,https://y.qq.com/n/ryqq/toplist/62
2026-09-23,2026-09-23T12:52:06+08:00,QQ音乐,飙升榜,飙升榜,2026-09-23,6,我願意,彭梓烨_Leo/亿轩_Kingston,热度 18%,,727900833,003K21up4crPBp,https://y.qq.com/n/ryqq/toplist/62
2026-09-23,2026-09-23T12:52:06+08:00,QQ音乐,飙升榜,飙升榜,2026-09-23,7,红尘误此生,宋晓峰,热度 13%,,727638928,001ocw5v21QzBw,https://y.qq.com/n/ryqq/toplist/62
2026-09-23,2026-09-23T12:52:06+08:00,QQ音乐,飙升榜,飙升榜,2026-09-23,8,No photo of you left to survey（one day when I was twenty）,冬妍DYan,热度 10%,,723354858,003kIV9e1utoDU,https://y.qq.com/n/ryqq/toplist/62
2026-09-23,2026-09-23T12:52:06+08:00,QQ音乐,飙升榜,飙升榜,2026-09-23,9,日落以后,AZ啊之/弹壳,热度 8%,,727528057,001NAB3J4eAOOa,https://y.qq.com/n/ryqq/toplist/62
2026-09-23,2026-09-23T12:52:06+08:00,QQ音乐,飙升榜,飙升榜,2026-09-23,10,假装快乐,呆呆破,热度 8%,,313296319,0002hbUw3rjgXr,https://y.qq.com/n/ryqq/toplist/62
2026-09-23,2026-09-23T12:52:06+08:00,QQ音乐,飙升榜,飙升榜,2026-09-23,11,逍遥叹,胡歌,热度 8%,,448596,002fNZDg1LHT3o,https://y.qq.com/n/ryqq/toplist/62
2026-09-23,2026-09-23T12:52:06+08:00,QQ音乐,飙升榜,飙升榜,2026-09-23,12,Intro,AZ啊之,热度 7%,,727557177,001NAB3J4eAOOa,https://y.qq.com/n/ryqq/toplist/62
2026-09-23,2026-09-23T12:52:06+08:00,QQ音乐,飙升榜,飙升榜,2026-09-23,13,你不知道的事,王力宏,热度 6%,,740362,002iWU6B2ZvA8V,https://y.qq.com/n/ryqq/toplist/62
2026-09-23,2026-09-23T12:52:06+08:00,QQ音乐,飙升榜,飙升榜,2026-09-23,14,你还要我怎样,薛之谦,热度 6%,,5106430,000QgFcm0v8WaF,https://y.qq.com/n/ryqq/toplist/62
2026-09-23,2026-09-23T12:52:06+08:00,QQ音乐,飙升榜,飙升榜,2026-09-23,15,有钱了,AZ啊之/DP,热度 5%,,727528340,001NAB3J4eAOOa,https://y.qq.com/n/ryqq/toplist/62
2026-09-23,2026-09-23T12:52:06+08:00,QQ音乐,飙升榜,飙升榜,2026-09-23,16,祝福祖国 (合唱版),苏娜,热度 5%,,726574340,000EjCC23IzBNN,https://y.qq.com/n/ryqq/toplist/62
2026-09-23,2026-09-23T12:52:06+08:00,QQ音乐,飙升榜,飙升榜,2026-09-23,17,我的一个道姑朋友(而你撑伞拥我入怀中),晚月moon,热度 5%,,726899752,004ePdhQ0UDqKi,https://y.qq.com/n/ryqq/toplist/62
2026-09-23,2026-09-23T12:52:06+08:00,QQ音乐,飙升榜,飙升榜,2026-09-23,18,静待清光,许明明,热度 5%,,725475725,0021qULK1SOlYo,https://y.qq.com/n/ryqq/toplist/62
2026-09-23,2026-09-23T12:52:06+08:00,QQ音乐,飙升榜,飙升榜,2026-09-23,19,大梦归,周深,热度 5%,,724093215,000yvUoe0smrsz,https://y.qq.com/n/ryqq/toplist/62
2026-09-23,2026-09-23T12:52:06+08:00,QQ音乐,飙升榜,飙升榜,2026-09-23,20,茶花开了，该回家了,王睿卓/加木,热度 5%,,553433850,001KCGcF29Na3i,https://y.qq.com/n/ryqq/toplist/62
2026-09-23,2026-09-23T12:52:06+08:00,QQ音乐,飙升榜,飙升榜,2026-09-23,21,重阳,AZ啊之/毕冉,热度 5%,,727528570,001NAB3J4eAOOa,https://y.qq.com/n/ryqq/toplist/62
2026-09-23,2026-09-23T12:52:06+08:00,QQ音乐,飙升榜,飙升榜,2026-09-23,22,爱错,王力宏,热度 4%,,105905415,002ElVxf43rOue,https://y.qq.com/n/ryqq/toplist/62
2026-09-23,2026-09-23T12:52:06+08:00,QQ音乐,飙升榜,飙升榜,2026-09-23,23,大城小爱,王力宏,热度 4%,,105905352,001a0Dts37jw2M,https://y.qq.com/n/ryqq/toplist/62
2026-09-23,2026-09-23T12:52:06+08:00,QQ音乐,飙升榜,飙升榜,2026-09-23,24,风月吻眉梢,礼越,热度 4%,,586620109,001NXQwE1ywPDV,https://y.qq.com/n/ryqq/toplist/62
2026-09-23,2026-09-23T12:52:06+08:00,QQ音乐,飙升榜,飙升榜,2026-09-23,25,祝福祖国,顿珠拉姆,热度 4%,,717482831,000SI6As1nYRHV,https://y.qq.com/n/ryqq/toplist/62
2026-09-23,2026-09-23T12:52:06+08:00,QQ音乐,飙升榜,飙升榜,2026-09-23,26,我们的歌,王力宏,热度 4%,,102193483,002Zwh5p4HgecI,https://y.qq.com/n/ryqq/toplist/62
2026-09-23,2026-09-23T12:52:06+08:00,QQ音乐,飙升榜,飙升榜,2026-09-23,27,开始之前,AZ啊之,热度 4%,,727528054,001NAB3J4eAOOa,https://y.qq.com/n/ryqq/toplist/62
2026-09-23,2026-09-23T12:52:06+08:00,QQ音乐,飙升榜,飙升榜,2026-09-23,28,为我哭泣,黄誉博,热度 4%,,727571634,004MxLws31U4lV,https://y.qq.com/n/ryqq/toplist/62
2026-09-23,2026-09-23T12:52:06+08:00,QQ音乐,飙升榜,飙升榜,2026-09-23,29,三国恋,Tank,热度 4%,,101190,0029GgMd2qVyYA,https://y.qq.com/n/ryqq/toplist/62
2026-09-23,2026-09-23T12:52:06+08:00,QQ音乐,飙升榜,飙升榜,2026-09-23,30,泪海,许茹芸,热度 4%,,106585340,001Ugmj01giuzO,https://y.qq.com/n/ryqq/toplist/62
2026-09-23,2026-09-23T12:52:06+08:00,QQ音乐,飙升榜,飙升榜,2026-09-23,31,真爱,183club,热度 4%,,253141,001LMCtv0mgXpt,https://y.qq.com/n/ryqq/toplist/62
2026-09-23,2026-09-23T12:52:06+08:00,QQ音乐,飙升榜,飙升榜,2026-09-23,32,花开满篱院,刘学义,热度 3%,,725475800,001oA3TT1SF6Sd,https://y.qq.com/n/ryqq/toplist/62
2026-09-23,2026-09-23T12:52:06+08:00,QQ音乐,飙升榜,飙升榜,2026-09-23,33,后会无期,徐良/汪苏泷,热度 3%,,7112743,002apRhZ4Bq99d,https://y.qq.com/n/ryqq/toplist/62
2026-09-23,2026-09-23T12:52:06+08:00,QQ音乐,飙升榜,飙升榜,2026-09-23,34,嘉宾,张远,热度 3%,,281506863,00498Sbg1wnDAY,https://y.qq.com/n/ryqq/toplist/62
2026-09-23,2026-09-23T12:52:06+08:00,QQ音乐,飙升榜,飙升榜,2026-09-23,35,小美满,周深,热度 3%,,468749280,0002ATV00WcBgd,https://y.qq.com/n/ryqq/toplist/62
2026-09-23,2026-09-23T12:52:06+08:00,QQ音乐,飙升榜,飙升榜,2026-09-23,36,一个人想着一个人,曾沛慈,热度 3%,,4716045,003wP0m32WRVql,https://y.qq.com/n/ryqq/toplist/62
2026-09-23,2026-09-23T12:52:06+08:00,QQ音乐,飙升榜,飙升榜,2026-09-23,37,花田错,王力宏,热度 3%,,105905349,001a0Dts37jw2M,https://y.qq.com/n/ryqq/toplist/62
2026-09-23,2026-09-23T12:52:06+08:00,QQ音乐,飙升榜,飙升榜,2026-09-23,38,慢慢,张学友,热度 3%,,1250002,001DQJ5G0ErywD,https://y.qq.com/n/ryqq/toplist/62
2026-09-23,2026-09-23T12:52:06+08:00,QQ音乐,飙升榜,飙升榜,2026-09-23,39,微风香水,张震岳,热度 3%,,4929540,001yayLT0v2XQq,https://y.qq.com/n/ryqq/toplist/62
2026-09-23,2026-09-23T12:52:06+08:00,QQ音乐,飙升榜,飙升榜,2026-09-23,40,我想念,汪苏泷,热度 3%,,423519525,001PSxRj3szxIV,https://y.qq.com/n/ryqq/toplist/62
2026-09-23,2026-09-23T12:52:06+08:00,QQ音乐,飙升榜,飙升榜,2026-09-23,41,天地龙鳞,王力宏,热度 3%,,334382135,004VAoXe40mO4M,https://y.qq.com/n/ryqq/toplist/62
2026-09-23,2026-09-23T12:52:06+08:00,QQ音乐,飙升榜,飙升榜,2026-09-23,42,晴,汪苏泷,热度 3%,,5665622,000CMxvP3yRuvR,https://y.qq.com/n/ryqq/toplist/62
2026-09-23,2026-09-23T12:52:06+08:00,QQ音乐,飙升榜,飙升榜,2026-09-23,43,Hero,Cash Cash/Christina Perri,热度 3%,,107358579,002Zlt8g2g5WNw,https://y.qq.com/n/ryqq/toplist/62
2026-09-23,2026-09-23T12:52:06+08:00,QQ音乐,飙升榜,飙升榜,2026-09-23,44,晚夜微雨问海棠,镜予歌/陈亦洺/喧笑,热度 3%,,269235066,001qgYSw0bxB9h,https://y.qq.com/n/ryqq/toplist/62
2026-09-23,2026-09-23T12:52:06+08:00,QQ音乐,飙升榜,飙升榜,2026-09-23,45,想到我们,汪苏泷,热度 3%,,488729602,000XailV0KWvDK,https://y.qq.com/n/ryqq/toplist/62
2026-09-23,2026-09-23T12:52:06+08:00,QQ音乐,飙升榜,飙升榜,2026-09-23,46,不遗憾,李荣浩,热度 3%,,308111880,003CF2N83kIFdz,https://y.qq.com/n/ryqq/toplist/62
2026-09-23,2026-09-23T12:52:06+08:00,QQ音乐,飙升榜,飙升榜,2026-09-23,47,月亮替我望故乡,任夏,热度 3%,,726327394,003G7HbS4Kf21k,https://y.qq.com/n/ryqq/toplist/62
2026-09-23,2026-09-23T12:52:06+08:00,QQ音乐,飙升榜,飙升榜,2026-09-23,48,腐坏,张小九,热度 3%,,307989535,000ud0Qc3yPbVq,https://y.qq.com/n/ryqq/toplist/62
2026-09-23,2026-09-23T12:52:06+08:00,QQ音乐,飙升榜,飙升榜,2026-09-23,49,指纹,胡歌,热度 3%,,101263968,00217zf11667qY,https://y.qq.com/n/ryqq/toplist/62
2026-09-23,2026-09-23T12:52:06+08:00,QQ音乐,飙升榜,飙升榜,2026-09-23,50,问你一个人类梦寐以求的深奥问题,汪苏泷,热度 3%,,647658696,000A1M903iHvyT,https://y.qq.com/n/ryqq/toplist/62
2026-09-23,2026-09-23T12:52:06+08:00,QQ音乐,飙升榜,飙升榜,2026-09-23,51,If The Sun Burns Out Tonight (feat. Oli Sykes & Courtney LaPlante) (炽日将烬),无畏契约/Grabbitz/Oli Sykes/Courtney Laplante,热度 3%,,726209712,003za1wU3CHrFg,https://y.qq.com/n/ryqq/toplist/62
2026-09-23,2026-09-23T12:52:06+08:00,QQ音乐,飙升榜,飙升榜,2026-09-23,52,缘分一道桥,王力宏/谭维维,热度 3%,,109181039,001z1OuX41cBAx,https://y.qq.com/n/ryqq/toplist/62
2026-09-23,2026-09-23T12:52:06+08:00,QQ音乐,飙升榜,飙升榜,2026-09-23,53,牵手,苏芮,热度 3%,,837574,002bx63V27n074,https://y.qq.com/n/ryqq/toplist/62
2026-09-23,2026-09-23T12:52:06+08:00,QQ音乐,飙升榜,飙升榜,2026-09-23,54,十万伏特,汪苏泷,热度 3%,,485088955,000XailV0KWvDK,https://y.qq.com/n/ryqq/toplist/62
2026-09-23,2026-09-23T12:52:06+08:00,QQ音乐,飙升榜,飙升榜,2026-09-23,55,大鱼,周深,热度 3%,,106484214,004Y7V4s3ug4cC,https://y.qq.com/n/ryqq/toplist/62
2026-09-23,2026-09-23T12:52:06+08:00,QQ音乐,飙升榜,飙升榜,2026-09-23,56,雨爱,杨丞琳,热度 3%,,645819,000jcKFG0sQrD0,https://y.qq.com/n/ryqq/toplist/62
2026-09-23,2026-09-23T12:52:06+08:00,QQ音乐,飙升榜,飙升榜,2026-09-23,57,心跳,王力宏,热度 3%,,460498,004e7bDh0qe2bd,https://y.qq.com/n/ryqq/toplist/62
2026-09-23,2026-09-23T12:52:06+08:00,QQ音乐,飙升榜,飙升榜,2026-09-23,58,改变自己,王力宏,热度 3%,,9086096,002Zwh5p4HgecI,https://y.qq.com/n/ryqq/toplist/62
2026-09-23,2026-09-23T12:52:06+08:00,QQ音乐,飙升榜,飙升榜,2026-09-23,59,不分手的恋爱,汪苏泷,热度 3%,,7112782,004NXLBx4K0r87,https://y.qq.com/n/ryqq/toplist/62
2026-09-23,2026-09-23T12:52:06+08:00,QQ音乐,飙升榜,飙升榜,2026-09-23,60,每个人都会,方大同,热度 3%,,459220,002hMaer3McPaG,https://y.qq.com/n/ryqq/toplist/62
2026-09-23,2026-09-23T12:52:06+08:00,QQ音乐,飙升榜,飙升榜,2026-09-23,61,Beauty And A Beat,Justin Bieber/Nicki Minaj,热度 3%,,1473252,002XddZv4cGsXb,https://y.qq.com/n/ryqq/toplist/62
2026-09-23,2026-09-23T12:52:06+08:00,QQ音乐,飙升榜,飙升榜,2026-09-23,62,千年泪,Tank,热度 3%,,100930,001ZmNw23UjRCj,https://y.qq.com/n/ryqq/toplist/62
2026-09-23,2026-09-23T12:52:06+08:00,QQ音乐,飙升榜,飙升榜,2026-09-23,63,今日少年，昨日你我,王维/王者荣耀,热度 3%,,727890945,000CRLDS3QVQJL,https://y.qq.com/n/ryqq/toplist/62
2026-09-23,2026-09-23T12:52:06+08:00,QQ音乐,飙升榜,飙升榜,2026-09-23,64,够钟,周柏豪,热度 3%,,105033743,003rRgZY4NWnKn,https://y.qq.com/n/ryqq/toplist/62
2026-09-23,2026-09-23T12:52:06+08:00,QQ音乐,飙升榜,飙升榜,2026-09-23,65,回到你身边 (让你知道),h3R3刘清云,热度 3%,,692095638,0031yTwA0yq3b5,https://y.qq.com/n/ryqq/toplist/62
2026-09-23,2026-09-23T12:52:06+08:00,QQ音乐,飙升榜,飙升榜,2026-09-23,66,听见,易烊千玺,热度 3%,,726481376,0014lluj1F8lo4,https://y.qq.com/n/ryqq/toplist/62
2026-09-23,2026-09-23T12:52:06+08:00,QQ音乐,飙升榜,飙升榜,2026-09-23,67,你对我的存在（只关于u and i）,Dark 3,热度 3%,,727854204,000hJ6JT3FL3V6,https://y.qq.com/n/ryqq/toplist/62
2026-09-23,2026-09-23T12:52:06+08:00,QQ音乐,飙升榜,飙升榜,2026-09-23,68,茉莉雨,林俊杰,热度 3%,,330621481,0033R2xQ2I0Uyf,https://y.qq.com/n/ryqq/toplist/62
2026-09-23,2026-09-23T12:52:06+08:00,QQ音乐,飙升榜,飙升榜,2026-09-23,69,世界第一等,卡宾先生,热度 3%,,721297705,004NQAqh1W0HOy,https://y.qq.com/n/ryqq/toplist/62
2026-09-23,2026-09-23T12:52:06+08:00,QQ音乐,飙升榜,飙升榜,2026-09-23,70,火力全开,王力宏,热度 3%,,1504067,001fMFxM1tq1aI,https://y.qq.com/n/ryqq/toplist/62
2026-09-23,2026-09-23T12:52:06+08:00,QQ音乐,飙升榜,飙升榜,2026-09-23,71,我难过,5566,热度 2%,,226632,004PXXWa2qrtPN,https://y.qq.com/n/ryqq/toplist/62
2026-09-23,2026-09-23T12:52:06+08:00,QQ音乐,飙升榜,飙升榜,2026-09-23,72,云裳羽衣曲,周深,热度 2%,,214188340,001uf8A626x0yY,https://y.qq.com/n/ryqq/toplist/62
2026-09-23,2026-09-23T12:52:06+08:00,QQ音乐,飙升榜,飙升榜,2026-09-23,73,我怀念的,孙燕姿,热度 2%,,5211338,000P3l050Olt27,https://y.qq.com/n/ryqq/toplist/62
2026-09-23,2026-09-23T12:52:06+08:00,QQ音乐,飙升榜,飙升榜,2026-09-23,74,麻花情,海来阿木,热度 2%,,724656962,002RiR871tVNtY,https://y.qq.com/n/ryqq/toplist/62
2026-09-23,2026-09-23T12:52:06+08:00,QQ音乐,飙升榜,飙升榜,2026-09-23,75,心中的日月,王力宏,热度 2%,,105905408,002ElVxf43rOue,https://y.qq.com/n/ryqq/toplist/62
2026-09-23,2026-09-23T12:52:06+08:00,QQ音乐,飙升榜,飙升榜,2026-09-23,76,可惜没如果,林俊杰,热度 2%,,330621486,0033R2xQ2I0Uyf,https://y.qq.com/n/ryqq/toplist/62
2026-09-23,2026-09-23T12:52:06+08:00,QQ音乐,飙升榜,飙升榜,2026-09-23,77,像晴天像雨天,汪苏泷,热度 2%,,560651613,001V8PDy1om05K,https://y.qq.com/n/ryqq/toplist/62
2026-09-23,2026-09-23T12:52:06+08:00,QQ音乐,飙升榜,飙升榜,2026-09-23,78,耿,汪苏泷,热度 2%,,232875126,004Onabc0qNJs1,https://y.qq.com/n/ryqq/toplist/62
2026-09-23,2026-09-23T12:52:06+08:00,QQ音乐,飙升榜,飙升榜,2026-09-23,79,一吻天荒,胡歌,热度 2%,,1439470,00217zf11667qY,https://y.qq.com/n/ryqq/toplist/62
2026-09-23,2026-09-23T12:52:06+08:00,QQ音乐,飙升榜,飙升榜,2026-09-23,80,如果爱忘了 (Live),汪苏泷/单依纯,热度 2%,,471040573,001rd1S93gcWUF,https://y.qq.com/n/ryqq/toplist/62
2026-09-23,2026-09-23T12:52:06+08:00,QQ音乐,飙升榜,飙升榜,2026-09-23,81,地动山摇,汪苏泷,热度 2%,,104118290,000AVn3z3kiDCH,https://y.qq.com/n/ryqq/toplist/62
2026-09-23,2026-09-23T12:52:06+08:00,QQ音乐,飙升榜,飙升榜,2026-09-23,82,黄土谣,石满仓,热度 2%,,726309503,003vAEoK3YX1op,https://y.qq.com/n/ryqq/toplist/62
2026-09-23,2026-09-23T12:52:06+08:00,QQ音乐,飙升榜,飙升榜,2026-09-23,83,黄昏,周传雄,热度 2%,,526713,001U6x8f2uJhig,https://y.qq.com/n/ryqq/toplist/62
2026-09-23,2026-09-23T12:52:06+08:00,QQ音乐,飙升榜,飙升榜,2026-09-23,84,忘记时间,胡歌,热度 2%,,698418,000pjTj301YeBh,https://y.qq.com/n/ryqq/toplist/62
2026-09-23,2026-09-23T12:52:06+08:00,QQ音乐,飙升榜,飙升榜,2026-09-23,85,删了一百遍,A-Lin,热度 2%,,720424558,002BZWH51e6hbB,https://y.qq.com/n/ryqq/toplist/62
2026-09-23,2026-09-23T12:52:06+08:00,QQ音乐,飙升榜,飙升榜,2026-09-23,86,唯一,G.E.M.邓紫棋,热度 2%,,438910555,002d6m7k0xCbSv,https://y.qq.com/n/ryqq/toplist/62
2026-09-23,2026-09-23T12:52:06+08:00,QQ音乐,飙升榜,飙升榜,2026-09-23,87,一直很安静,阿桑,热度 2%,,448593,002fNZDg1LHT3o,https://y.qq.com/n/ryqq/toplist/62
2026-09-23,2026-09-23T12:52:06+08:00,QQ音乐,飙升榜,飙升榜,2026-09-23,88,一笑倾城,汪苏泷,热度 2%,,108172834,003RxTdZ0sJLwo,https://y.qq.com/n/ryqq/toplist/62
2026-09-23,2026-09-23T12:52:06+08:00,QQ音乐,飙升榜,飙升榜,2026-09-23,89,想把我唱给你听,老狼/王婧,热度 2%,,104948863,000PO0jU10ipSb,https://y.qq.com/n/ryqq/toplist/62
2026-09-23,2026-09-23T12:52:06+08:00,QQ音乐,飙升榜,飙升榜,2026-09-23,90,美人鱼,林俊杰,热度 2%,,95292,000y5gq7449K9I,https://y.qq.com/n/ryqq/toplist/62
2026-09-23,2026-09-23T12:52:06+08:00,QQ音乐,飙升榜,飙升榜,2026-09-23,91,Always Online,林俊杰,热度 2%,,447257,002g6zv02X7SNi,https://y.qq.com/n/ryqq/toplist/62
2026-09-23,2026-09-23T12:52:06+08:00,QQ音乐,飙升榜,飙升榜,2026-09-23,92,虹之间,金贵晟,热度 2%,,5165844,002Yiw6E2LAXsC,https://y.qq.com/n/ryqq/toplist/62
2026-09-23,2026-09-23T12:52:06+08:00,QQ音乐,飙升榜,飙升榜,2026-09-23,93,思念若是一首诗,万妮达Vinida Weng,热度 2%,,722302135,003Fvazn1EX1dM,https://y.qq.com/n/ryqq/toplist/62
2026-09-23,2026-09-23T12:52:06+08:00,QQ音乐,飙升榜,飙升榜,2026-09-23,94,雨终曲,宋雨琦 (YUQI) (우기),热度 2%,,724436660,004bOIbU1KQ93o,https://y.qq.com/n/ryqq/toplist/62
2026-09-23,2026-09-23T12:52:06+08:00,QQ音乐,飙升榜,飙升榜,2026-09-23,95,走不出的回忆,任然,热度 2%,,108966508,002NctSK10Kan8,https://y.qq.com/n/ryqq/toplist/62
2026-09-23,2026-09-23T12:52:06+08:00,QQ音乐,飙升榜,飙升榜,2026-09-23,96,森林狂想曲,黛青塔娜,热度 2%,,718103864,000pg0l8390qmz,https://y.qq.com/n/ryqq/toplist/62
2026-09-23,2026-09-23T12:52:06+08:00,QQ音乐,飙升榜,飙升榜,2026-09-23,97,再一次见面,周深,热度 2%,,720108679,002l6zvw4TZhMJ,https://y.qq.com/n/ryqq/toplist/62
2026-09-23,2026-09-23T12:52:06+08:00,QQ音乐,飙升榜,飙升榜,2026-09-23,98,Brave Heart 朔 纯净贴耳气声抒情版,凌丨LYN,热度 2%,,726252743,000P40i8425WXr,https://y.qq.com/n/ryqq/toplist/62
2026-09-23,2026-09-23T12:52:06+08:00,QQ音乐,飙升榜,飙升榜,2026-09-23,99,赛勒斯的爱,张敬轩,热度 2%,,355771285,002Sk3wC2tut95,https://y.qq.com/n/ryqq/toplist/62
2026-09-23,2026-09-23T12:52:06+08:00,QQ音乐,飙升榜,飙升榜,2026-09-23,100,若梦,周深,热度 2%,,297971384,0025JWkx1h0vuU,https://y.qq.com/n/ryqq/toplist/62
2026-09-23,2026-09-23T12:52:06+08:00,酷狗音乐,热歌榜,酷狗TOP500,2026-09-23,1,牡丹亭,浅影阿,,3:00,E3DDA5DFCDC44BCF146E2BDC3916779A,203271867,https://www.kugou.com/yy/rank/home/1-8888.html?from=rank
2026-09-23,2026-09-23T12:52:06+08:00,酷狗音乐,热歌榜,酷狗TOP500,2026-09-23,2,茶汤,郁可唯,,5:09,187D31F57E1B299AFA2880635B20F69A,4012536,https://www.kugou.com/yy/rank/home/1-8888.html?from=rank
2026-09-23,2026-09-23T12:52:06+08:00,酷狗音乐,热歌榜,酷狗TOP500,2026-09-23,3,甲乙丙丁 (你我怎么两清),李佳薇,,3:30,213D580CA0BDCC28A5FDBA995FFDA106,197648995,https://www.kugou.com/yy/rank/home/1-8888.html?from=rank
2026-09-23,2026-09-23T12:52:06+08:00,酷狗音乐,热歌榜,酷狗TOP500,2026-09-23,4,我不难过,孙燕姿,,5:20,3FD7E1EC51122C745C637735C8BDE716,965883,https://www.kugou.com/yy/rank/home/1-8888.html?from=rank
2026-09-23,2026-09-23T12:52:06+08:00,酷狗音乐,热歌榜,酷狗TOP500,2026-09-23,5,泪海,许茹芸,,4:58,FBC174E7C22B9AF471B7B93A61751E1B,975212,https://www.kugou.com/yy/rank/home/1-8888.html?from=rank
2026-09-23,2026-09-23T12:52:06+08:00,酷狗音乐,热歌榜,酷狗TOP500,2026-09-23,6,秋风一吹又老一岁 (女版烟嗓),微醺森林,,3:41,6024903A2603AFB6FBD0453162BDED63,207534691,https://www.kugou.com/yy/rank/home/1-8888.html?from=rank
2026-09-23,2026-09-23T12:52:06+08:00,酷狗音乐,热歌榜,酷狗TOP500,2026-09-23,7,你有没有真的爱过我,阿图表妹,,4:03,FE39668F68770C3FB3BE57A3E86CCC10,190170015,https://www.kugou.com/yy/rank/home/1-8888.html?from=rank
2026-09-23,2026-09-23T12:52:06+08:00,酷狗音乐,热歌榜,酷狗TOP500,2026-09-23,8,如果累了就回故乡 (少年版),酷酷里、面妹孔佳奇,,3:50,02B553BC8BB80E6948A78DE0CF4ED354,203339346,https://www.kugou.com/yy/rank/home/1-8888.html?from=rank
2026-09-23,2026-09-23T12:52:06+08:00,酷狗音乐,热歌榜,酷狗TOP500,2026-09-23,9,麻花情,海来阿木,,3:47,15DE5A6243A25631593B8735A8AF7172,207237297,https://www.kugou.com/yy/rank/home/1-8888.html?from=rank
2026-09-23,2026-09-23T12:52:06+08:00,酷狗音乐,热歌榜,酷狗TOP500,2026-09-23,10,山风山风等等我,万海东,,3:29,CE256D96F1F025D60468D8F0BC9EE64B,200106963,https://www.kugou.com/yy/rank/home/1-8888.html?from=rank
2026-09-23,2026-09-23T12:52:06+08:00,酷狗音乐,热歌榜,酷狗TOP500,2026-09-23,11,那页夏天,王俊凯,,4:06,FF4D401F6EA2B5A9061A44E20343B66D,180811789,https://www.kugou.com/yy/rank/home/1-8888.html?from=rank
2026-09-23,2026-09-23T12:52:06+08:00,酷狗音乐,热歌榜,酷狗TOP500,2026-09-23,12,No photo of you left to survey (one day when I was twenty),冬妍DYan,,3:05,7523CFC6EDE31E4C56B30E5220A06B35,206681376,https://www.kugou.com/yy/rank/home/1-8888.html?from=rank
2026-09-23,2026-09-23T12:52:06+08:00,酷狗音乐,热歌榜,酷狗TOP500,2026-09-23,13,你不该权衡利弊,李婷雪,,3:49,B4EE7D20EADA2A043636B4E560663F29,203889405,https://www.kugou.com/yy/rank/home/1-8888.html?from=rank
2026-09-23,2026-09-23T12:52:06+08:00,酷狗音乐,热歌榜,酷狗TOP500,2026-09-23,14,情歌,梁静茹,,4:20,72DB6DA75FFE23A3A6361BDB8F44D5F4,2997268,https://www.kugou.com/yy/rank/home/1-8888.html?from=rank
2026-09-23,2026-09-23T12:52:06+08:00,酷狗音乐,热歌榜,酷狗TOP500,2026-09-23,15,人生路漫漫,白小白,,3:55,B8CA573A69DB5050C7EE0C1AB79144E5,179917533,https://www.kugou.com/yy/rank/home/1-8888.html?from=rank
2026-09-23,2026-09-23T12:52:06+08:00,酷狗音乐,热歌榜,酷狗TOP500,2026-09-23,16,慢品人间烟火气 (微醺版),涂一乐,,2:21,D097F9EC5D9A175447E0A120DCEEF3B8,204334307,https://www.kugou.com/yy/rank/home/1-8888.html?from=rank
2026-09-23,2026-09-23T12:52:06+08:00,酷狗音乐,热歌榜,酷狗TOP500,2026-09-23,17,偏爱,张芸京,,3:33,4A544525C1F78DBDF25361DB0E255495,968788,https://www.kugou.com/yy/rank/home/1-8888.html?from=rank
2026-09-23,2026-09-23T12:52:06+08:00,酷狗音乐,热歌榜,酷狗TOP500,2026-09-23,18,她,刘宇宁,,3:41,A46200A65547E5A267D10B1F32C6A3B1,204979963,https://www.kugou.com/yy/rank/home/1-8888.html?from=rank
2026-09-23,2026-09-23T12:52:06+08:00,酷狗音乐,热歌榜,酷狗TOP500,2026-09-23,19,盛夏的果实,莫文蔚,,4:11,1C86CBC64AE9A6C3539A36CAADDF1A59,978378,https://www.kugou.com/yy/rank/home/1-8888.html?from=rank
2026-09-23,2026-09-23T12:52:06+08:00,酷狗音乐,热歌榜,酷狗TOP500,2026-09-23,20,茶花开了，该回家了,王睿卓、加木,,3:10,99F0F17B7C6F110346411E7AD552156D,133732298,https://www.kugou.com/yy/rank/home/1-8888.html?from=rank
2026-09-23,2026-09-23T12:52:06+08:00,酷狗音乐,热歌榜,酷狗TOP500,2026-09-23,21,黄昏,周传雄,,5:44,7DE9A9CD041157F6BF3FE9FFBCF120E3,964612,https://www.kugou.com/yy/rank/home/1-8888.html?from=rank
2026-09-23,2026-09-23T12:52:06+08:00,酷狗音乐,热歌榜,酷狗TOP500,2026-09-23,22,我的秘密,G.E.M.邓紫棋,,4:12,7FBB35DEDD24B54A8F0D895C7F61D04C,976561,https://www.kugou.com/yy/rank/home/1-8888.html?from=rank
2026-09-23,2026-09-23T12:52:06+08:00,酷狗音乐,热歌榜,酷狗TOP500,2026-09-23,23,樱花草,Sweety,,4:44,F0B01830164E4974A2AC9E85DD446D45,507451,https://www.kugou.com/yy/rank/home/2-8888.html?from=rank
2026-09-23,2026-09-23T12:52:06+08:00,酷狗音乐,热歌榜,酷狗TOP500,2026-09-23,24,雨爱,杨丞琳,,4:21,2592FFA57A2D8B1A16F18D991B7098CD,2694607,https://www.kugou.com/yy/rank/home/2-8888.html?from=rank
2026-09-23,2026-09-23T12:52:06+08:00,酷狗音乐,热歌榜,酷狗TOP500,2026-09-23,25,开始懂了,孙燕姿,,4:32,93F260998A10F4AD6B46606AF5C8EC72,972102,https://www.kugou.com/yy/rank/home/2-8888.html?from=rank
2026-09-23,2026-09-23T12:52:06+08:00,酷狗音乐,热歌榜,酷狗TOP500,2026-09-23,26,雨过后的风景,Dizzy Dizzo (蔡诗芸),,4:03,E3F046EDB5EB76BBA5A44FFA3D8F8C42,974143,https://www.kugou.com/yy/rank/home/2-8888.html?from=rank
2026-09-23,2026-09-23T12:52:06+08:00,酷狗音乐,热歌榜,酷狗TOP500,2026-09-23,27,失眠,Suki刘舒妤,,3:31,EC476A2009EF5DCAC13EDCD11870DF55,671621,https://www.kugou.com/yy/rank/home/2-8888.html?from=rank
2026-09-23,2026-09-23T12:52:06+08:00,酷狗音乐,热歌榜,酷狗TOP500,2026-09-23,28,恋人,李荣浩,,4:36,9DA7851E2BF83B18C74CBBAB461CEFDD,106374641,https://www.kugou.com/yy/rank/home/2-8888.html?from=rank
2026-09-23,2026-09-23T12:52:06+08:00,酷狗音乐,热歌榜,酷狗TOP500,2026-09-23,29,祝福祖国,顿珠拉姆,,3:19,5DA11A7E705CEAC07CC2F21488DBA9AD,204038427,https://www.kugou.com/yy/rank/home/2-8888.html?from=rank
2026-09-23,2026-09-23T12:52:06+08:00,酷狗音乐,热歌榜,酷狗TOP500,2026-09-23,30,落了白,蒋雪儿Snow.J,,3:01,74390D89B6BD2E18CFD7F25968EFD98A,40300587,https://www.kugou.com/yy/rank/home/2-8888.html?from=rank
2026-09-23,2026-09-23T12:52:06+08:00,酷狗音乐,热歌榜,酷狗TOP500,2026-09-23,31,茶花开了,王睿卓,,4:30,007A7A8EAFA3FF9EA51EF6A767AC3497,130468077,https://www.kugou.com/yy/rank/home/2-8888.html?from=rank
2026-09-23,2026-09-23T12:52:06+08:00,酷狗音乐,热歌榜,酷狗TOP500,2026-09-23,32,青花,周传雄,,4:58,09B46455BAE7C613ABD0DB362A5DDBDE,960448,https://www.kugou.com/yy/rank/home/2-8888.html?from=rank
2026-09-23,2026-09-23T12:52:06+08:00,酷狗音乐,热歌榜,酷狗TOP500,2026-09-23,33,成都,赵雷,,5:28,A06B033B356BFC974C5245D0195086A5,1802652,https://www.kugou.com/yy/rank/home/2-8888.html?from=rank
2026-09-23,2026-09-23T12:52:06+08:00,酷狗音乐,热歌榜,酷狗TOP500,2026-09-23,34,我怀念的,孙燕姿,,4:49,1A3CAACB1E361DAF217A2383E9C8E292,984086,https://www.kugou.com/yy/rank/home/2-8888.html?from=rank
2026-09-23,2026-09-23T12:52:06+08:00,酷狗音乐,热歌榜,酷狗TOP500,2026-09-23,35,红尘误此生,宋晓峰,,3:45,9F882DE24A9C98FE3F793B0CECFD3B42,208371033,https://www.kugou.com/yy/rank/home/2-8888.html?from=rank
2026-09-23,2026-09-23T12:52:06+08:00,酷狗音乐,热歌榜,酷狗TOP500,2026-09-23,36,吹吹山顶的风,巴扎黑,,2:59,87311B26EDEE637CA1448E14230BCB68,198304563,https://www.kugou.com/yy/rank/home/2-8888.html?from=rank
2026-09-23,2026-09-23T12:52:06+08:00,酷狗音乐,热歌榜,酷狗TOP500,2026-09-23,37,阴天,莫文蔚,,4:02,E4271CB5938F401AA283FBEA49223BF8,970575,https://www.kugou.com/yy/rank/home/2-8888.html?from=rank
2026-09-23,2026-09-23T12:52:06+08:00,酷狗音乐,热歌榜,酷狗TOP500,2026-09-23,38,如愿,王菲,,4:25,EC1A18BBD6B61CB203E656B91F5CF2D1,49057589,https://www.kugou.com/yy/rank/home/2-8888.html?from=rank
2026-09-23,2026-09-23T12:52:06+08:00,酷狗音乐,热歌榜,酷狗TOP500,2026-09-23,39,再见太难,利得汇,,4:48,AFAA7ACF75FCF8DAC78C0AF7C40D3E9D,2996827,https://www.kugou.com/yy/rank/home/2-8888.html?from=rank
2026-09-23,2026-09-23T12:52:06+08:00,酷狗音乐,热歌榜,酷狗TOP500,2026-09-23,40,岁月如笔写春秋,河南三妹5233,,4:11,5D4C2F9D994E5BECDC9BA0FBC6BD3DD8,191576482,https://www.kugou.com/yy/rank/home/2-8888.html?from=rank
2026-09-23,2026-09-23T12:52:06+08:00,酷狗音乐,热歌榜,酷狗TOP500,2026-09-23,41,等一分钟,徐誉滕,,3:56,52ED380B09C692BDF4CE65FD56D918F3,2530746,https://www.kugou.com/yy/rank/home/2-8888.html?from=rank
2026-09-23,2026-09-23T12:52:06+08:00,酷狗音乐,热歌榜,酷狗TOP500,2026-09-23,42,下完这场雨,后弦,,4:31,2EEFFF98A4F19D945BBA7C78FB2079C0,1964990,https://www.kugou.com/yy/rank/home/2-8888.html?from=rank
2026-09-23,2026-09-23T12:52:06+08:00,酷狗音乐,热歌榜,酷狗TOP500,2026-09-23,43,一直很安静,阿桑,,4:10,44816EF0288A3B1ED2C4A5C5FE6B93B3,972917,https://www.kugou.com/yy/rank/home/2-8888.html?from=rank
2026-09-23,2026-09-23T12:52:06+08:00,酷狗音乐,热歌榜,酷狗TOP500,2026-09-23,44,我听人说思念像风一样 (宿命版),顿珠拉姆,,3:32,A1A54A845122AA0473BC649F77808ACB,207663627,https://www.kugou.com/yy/rank/home/2-8888.html?from=rank
2026-09-23,2026-09-23T12:52:06+08:00,酷狗音乐,热歌榜,酷狗TOP500,2026-09-23,45,晴天,周杰伦,,4:29,B3A52A7A958BF0AED0EBFBA2E9A818B7,966846,https://www.kugou.com/yy/rank/home/3-8888.html?from=rank
2026-09-23,2026-09-23T12:52:06+08:00,酷狗音乐,热歌榜,酷狗TOP500,2026-09-23,46,遇见,孙燕姿,,3:31,9F865C787E90E013B2BC847BAAA306AA,964325,https://www.kugou.com/yy/rank/home/3-8888.html?from=rank
2026-09-23,2026-09-23T12:52:06+08:00,酷狗音乐,热歌榜,酷狗TOP500,2026-09-23,47,琵琶曲,郑浩、冰洁,,3:55,244A022D6CB3FDE50B24E76402053EB3,180917343,https://www.kugou.com/yy/rank/home/3-8888.html?from=rank
2026-09-23,2026-09-23T12:52:06+08:00,酷狗音乐,热歌榜,酷狗TOP500,2026-09-23,48,花开在刚刚好,田宝亮,,2:06,9B1B7752DBC24E77980C9F228A1493CC,206066478,https://www.kugou.com/yy/rank/home/3-8888.html?from=rank
2026-09-23,2026-09-23T12:52:06+08:00,酷狗音乐,热歌榜,酷狗TOP500,2026-09-23,49,雪下的时候,乔佳旭,,4:24,F6B3AA5971A01E755A344C2256606418,35913748,https://www.kugou.com/yy/rank/home/3-8888.html?from=rank
2026-09-23,2026-09-23T12:52:06+08:00,酷狗音乐,热歌榜,酷狗TOP500,2026-09-23,50,最佳损友,陈奕迅,,3:54,CBFA7DDE592B23322E21E4BDAA9BE9F9,964332,https://www.kugou.com/yy/rank/home/3-8888.html?from=rank
2026-09-23,2026-09-23T12:52:06+08:00,酷狗音乐,热歌榜,酷狗TOP500,2026-09-23,51,你往南走 (风往北刮),南歌,,3:18,1FC3B465CD5ACA8654A64BE5DE4E9A12,205420335,https://www.kugou.com/yy/rank/home/3-8888.html?from=rank
2026-09-23,2026-09-23T12:52:06+08:00,酷狗音乐,热歌榜,酷狗TOP500,2026-09-23,52,此生不换,青鸟飞鱼,,4:26,F73630B79647324AB3415C21BFA5BD3D,553897,https://www.kugou.com/yy/rank/home/3-8888.html?from=rank
2026-09-23,2026-09-23T12:52:06+08:00,酷狗音乐,热歌榜,酷狗TOP500,2026-09-23,53,如果来生能早点遇见 (烟嗓男版),烟嗓阿文,,3:39,9945C4C6987BC4D9CA5C02D440473BBA,208061151,https://www.kugou.com/yy/rank/home/3-8888.html?from=rank
2026-09-23,2026-09-23T12:52:06+08:00,酷狗音乐,热歌榜,酷狗TOP500,2026-09-23,54,失控,井迪,,4:15,44FE8C442EB1F254D15717F1DC03C9BF,40221609,https://www.kugou.com/yy/rank/home/3-8888.html?from=rank
2026-09-23,2026-09-23T12:52:06+08:00,酷狗音乐,热歌榜,酷狗TOP500,2026-09-23,55,坏女孩,徐良、小凌,,4:07,9365223F903B13D0DAF54B6091AC3E7B,511536,https://www.kugou.com/yy/rank/home/3-8888.html?from=rank
2026-09-23,2026-09-23T12:52:06+08:00,酷狗音乐,热歌榜,酷狗TOP500,2026-09-23,56,时间能不能走慢点 (青春别散场live大合唱版),Lee 木子,,3:56,0E82477B4256D8DC3C620F762606C16A,204235408,https://www.kugou.com/yy/rank/home/3-8888.html?from=rank
2026-09-23,2026-09-23T12:52:06+08:00,酷狗音乐,热歌榜,酷狗TOP500,2026-09-23,57,梦哑,任然,,3:54,3194D1AA995469BEF8620E96989D6BA8,193630889,https://www.kugou.com/yy/rank/home/3-8888.html?from=rank
2026-09-23,2026-09-23T12:52:06+08:00,酷狗音乐,热歌榜,酷狗TOP500,2026-09-23,58,认真的雪,薛之谦,,4:19,D2E00CC158DB4DA18927AC3B01CC371B,2689239,https://www.kugou.com/yy/rank/home/3-8888.html?from=rank
2026-09-23,2026-09-23T12:52:06+08:00,酷狗音乐,热歌榜,酷狗TOP500,2026-09-23,59,碎碎念,队长,,2:13,A823AE8D84854FD2EB5B8E599D1263FA,79831015,https://www.kugou.com/yy/rank/home/3-8888.html?from=rank
2026-09-23,2026-09-23T12:52:06+08:00,酷狗音乐,热歌榜,酷狗TOP500,2026-09-23,60,十年,陈奕迅,,3:25,5146461A5717B942F4B13125978618E3,504194,https://www.kugou.com/yy/rank/home/3-8888.html?from=rank
2026-09-23,2026-09-23T12:52:06+08:00,酷狗音乐,热歌榜,酷狗TOP500,2026-09-23,61,小半,陈粒,,4:57,AFEA9FFE5D7F0EF0874119A363820D33,1749208,https://www.kugou.com/yy/rank/home/3-8888.html?from=rank
2026-09-23,2026-09-23T12:52:06+08:00,酷狗音乐,热歌榜,酷狗TOP500,2026-09-23,62,风月吻眉梢,礼越,,3:26,DDE279AF8DB58030F87ED111E108D8A8,152382604,https://www.kugou.com/yy/rank/home/3-8888.html?from=rank
2026-09-23,2026-09-23T12:52:06+08:00,酷狗音乐,热歌榜,酷狗TOP500,2026-09-23,63,素颜,许嵩、何曼婷,,3:59,30C94AE2868E63B1058DA7685E0CDF3B,13264539,https://www.kugou.com/yy/rank/home/3-8888.html?from=rank
2026-09-23,2026-09-23T12:52:06+08:00,酷狗音乐,热歌榜,酷狗TOP500,2026-09-23,64,落日微醺 (晚风中一杯酒),落日微醺,,4:14,CB22754AB8A0F20FCC015D0A800758CE,196517740,https://www.kugou.com/yy/rank/home/3-8888.html?from=rank
2026-09-23,2026-09-23T12:52:06+08:00,酷狗音乐,热歌榜,酷狗TOP500,2026-09-23,65,演员,薛之谦,,4:21,097E777171F692855EAE98B6965F9477,14456909,https://www.kugou.com/yy/rank/home/3-8888.html?from=rank
2026-09-23,2026-09-23T12:52:06+08:00,酷狗音乐,热歌榜,酷狗TOP500,2026-09-23,66,我好想你 (苏打绿版),苏打绿,,5:29,55FEA1927AC4D460F6EB3B9262AC9981,108011230,https://www.kugou.com/yy/rank/home/3-8888.html?from=rank
2026-09-23,2026-09-23T12:52:06+08:00,酷狗音乐,热歌榜,酷狗TOP500,2026-09-23,67,富士山下,陈奕迅,,4:19,0433F1A94FA162B20FB8AE576A951D6B,976404,https://www.kugou.com/yy/rank/home/4-8888.html?from=rank
2026-09-23,2026-09-23T12:52:06+08:00,酷狗音乐,热歌榜,酷狗TOP500,2026-09-23,68,后来,刘若英,,5:38,C4904D4E3BBA872D41D3BDBF597E2B18,16562,https://www.kugou.com/yy/rank/home/4-8888.html?from=rank
2026-09-23,2026-09-23T12:52:06+08:00,酷狗音乐,热歌榜,酷狗TOP500,2026-09-23,69,半壶纱,刘珂矣,,3:41,951AB088C5A08F491471A1296DF93707,948327,https://www.kugou.com/yy/rank/home/4-8888.html?from=rank
2026-09-23,2026-09-23T12:52:06+08:00,酷狗音乐,热歌榜,酷狗TOP500,2026-09-23,70,若不是因为你 (深情版),林栖,,4:13,6CCB2559DE8FC8965E98F641C4C33B6A,176013962,https://www.kugou.com/yy/rank/home/4-8888.html?from=rank
2026-09-23,2026-09-23T12:52:06+08:00,酷狗音乐,热歌榜,酷狗TOP500,2026-09-23,71,踏马寻花向自由 (雷鬼版),超哥,,2:59,B5BA68A039E54847B4E14A46A268991B,194886112,https://www.kugou.com/yy/rank/home/4-8888.html?from=rank
2026-09-23,2026-09-23T12:52:06+08:00,酷狗音乐,热歌榜,酷狗TOP500,2026-09-23,72,青花瓷,周杰伦,,3:59,37A8F50A9EC3B267C3CC6BEC633D9C4A,979856,https://www.kugou.com/yy/rank/home/4-8888.html?from=rank
2026-09-23,2026-09-23T12:52:06+08:00,酷狗音乐,热歌榜,酷狗TOP500,2026-09-23,73,离开我的依赖,王艳薇,,3:54,A9C377CC1B9931F0CE81907E23E4D588,36181053,https://www.kugou.com/yy/rank/home/4-8888.html?from=rank
2026-09-23,2026-09-23T12:52:06+08:00,酷狗音乐,热歌榜,酷狗TOP500,2026-09-23,74,月亮替我望故乡,任夏,,3:32,7A4E37A535C66AB760E761DE8322B04D,207826335,https://www.kugou.com/yy/rank/home/4-8888.html?from=rank
2026-09-23,2026-09-23T12:52:06+08:00,酷狗音乐,热歌榜,酷狗TOP500,2026-09-23,75,像我这样爱你的人,落日微醺本薰、张多金,,4:22,2AEE05C92035800815DE6AFEE285FD0B,201366705,https://www.kugou.com/yy/rank/home/4-8888.html?from=rank
2026-09-23,2026-09-23T12:52:06+08:00,酷狗音乐,热歌榜,酷狗TOP500,2026-09-23,76,红色高跟鞋,蔡健雅,,3:27,055A804B8A3CCC05240D08F8FF1F7DE8,978459,https://www.kugou.com/yy/rank/home/4-8888.html?from=rank
2026-09-23,2026-09-23T12:52:06+08:00,酷狗音乐,热歌榜,酷狗TOP500,2026-09-23,77,多余的解释,许嵩,,4:37,9678D4878727F744FD3D19663CAA8AD9,973251,https://www.kugou.com/yy/rank/home/4-8888.html?from=rank
2026-09-23,2026-09-23T12:52:06+08:00,酷狗音乐,热歌榜,酷狗TOP500,2026-09-23,78,唯一,G.E.M.邓紫棋,,4:14,AB05B8F658851282DCB2CBAD548AEB9B,82564821,https://www.kugou.com/yy/rank/home/4-8888.html?from=rank
2026-09-23,2026-09-23T12:52:06+08:00,酷狗音乐,热歌榜,酷狗TOP500,2026-09-23,79,月亮啊你莫走,黄英,,3:19,3B07400B147C55F5314DB409E13304D0,208289924,https://www.kugou.com/yy/rank/home/4-8888.html?from=rank
2026-09-23,2026-09-23T12:52:06+08:00,酷狗音乐,热歌榜,酷狗TOP500,2026-09-23,80,就骗我一次 (KOR Ver.),沈佳润Nina,,3:49,56277D54C5A19FB1852A0EDF75B25514,205394620,https://www.kugou.com/yy/rank/home/4-8888.html?from=rank
2026-09-23,2026-09-23T12:52:06+08:00,酷狗音乐,热歌榜,酷狗TOP500,2026-09-23,81,美人鱼,林俊杰,,4:14,CDAE8C7E2FAF7F08DC18E78A1D65117B,969588,https://www.kugou.com/yy/rank/home/4-8888.html?from=rank
2026-09-23,2026-09-23T12:52:06+08:00,酷狗音乐,热歌榜,酷狗TOP500,2026-09-23,82,有何不可,许嵩,,4:01,B3D5D7D3A140628D1605BD392467E348,973251,https://www.kugou.com/yy/rank/home/4-8888.html?from=rank
2026-09-23,2026-09-23T12:52:06+08:00,酷狗音乐,热歌榜,酷狗TOP500,2026-09-23,83,第57次取消发送,菲菲公主（陆绮菲）,,3:01,F17C489C53382E608F9CBB3ED9F6D2AA,137397074,https://www.kugou.com/yy/rank/home/4-8888.html?from=rank
2026-09-23,2026-09-23T12:52:06+08:00,酷狗音乐,热歌榜,酷狗TOP500,2026-09-23,84,爱错,王力宏,,3:59,8E021794DFD02C48D2C6281A55BCBDC6,2996462,https://www.kugou.com/yy/rank/home/4-8888.html?from=rank
2026-09-23,2026-09-23T12:52:06+08:00,酷狗音乐,热歌榜,酷狗TOP500,2026-09-23,85,你是我等不到的人,正在进行石女士,,3:20,209C509F4AA8E0D08CF72CEF318D390A,207205305,https://www.kugou.com/yy/rank/home/4-8888.html?from=rank
2026-09-23,2026-09-23T12:52:06+08:00,酷狗音乐,热歌榜,酷狗TOP500,2026-09-23,86,护你一世安好 (万人演唱会live版),沧桑小杰office,,3:48,000468DD0998D3547869FD86A698F310,207272856,https://www.kugou.com/yy/rank/home/4-8888.html?from=rank
2026-09-23,2026-09-23T12:52:06+08:00,酷狗音乐,热歌榜,酷狗TOP500,2026-09-23,87,我记得,赵雷,,5:30,8CE80CF10A01F37354D63E49C1B60B60,60018447,https://www.kugou.com/yy/rank/home/4-8888.html?from=rank
2026-09-23,2026-09-23T12:52:06+08:00,酷狗音乐,热歌榜,酷狗TOP500,2026-09-23,88,童话,光良,,4:04,472FF9D57BCE90288EC88CBE100BCB2A,974097,https://www.kugou.com/yy/rank/home/4-8888.html?from=rank
2026-09-23,2026-09-23T12:52:06+08:00,酷狗音乐,热歌榜,酷狗TOP500,2026-09-23,89,千千阕歌,陈慧娴,,5:01,81E5A1C3B9E016D61FE91B809B4A7DC1,971621,https://www.kugou.com/yy/rank/home/5-8888.html?from=rank
2026-09-23,2026-09-23T12:52:06+08:00,酷狗音乐,热歌榜,酷狗TOP500,2026-09-23,90,秋天不回来,王强,,4:14,81056FF4FC4F2D0A0E9B38757A60D2F7,81746524,https://www.kugou.com/yy/rank/home/5-8888.html?from=rank
2026-09-23,2026-09-23T12:52:06+08:00,酷狗音乐,热歌榜,酷狗TOP500,2026-09-23,91,逍遥叹,胡歌,,5:14,1415E6EAB8E8B0538F5FB66526C9EB65,970409,https://www.kugou.com/yy/rank/home/5-8888.html?from=rank
2026-09-23,2026-09-23T12:52:06+08:00,酷狗音乐,热歌榜,酷狗TOP500,2026-09-23,92,稻香,周杰伦,,3:44,8909E1809908CD8E3BF6CF85D98B93F0,960399,https://www.kugou.com/yy/rank/home/5-8888.html?from=rank
2026-09-23,2026-09-23T12:52:06+08:00,酷狗音乐,热歌榜,酷狗TOP500,2026-09-23,93,思念放过哪个人,孟小笛,,4:24,64F02C41F7695EFB07F933416F2ACA98,207547414,https://www.kugou.com/yy/rank/home/5-8888.html?from=rank
2026-09-23,2026-09-23T12:52:06+08:00,酷狗音乐,热歌榜,酷狗TOP500,2026-09-23,94,大梦归,周深,,3:49,FCEDAF78465CD283E1DA72A8DEAC553A,206967328,https://www.kugou.com/yy/rank/home/5-8888.html?from=rank
2026-09-23,2026-09-23T12:52:06+08:00,酷狗音乐,热歌榜,酷狗TOP500,2026-09-23,95,人间逍遥仙,老韩很哇塞,,3:59,2584553963CA027E3BB07F8D8F380F58,205336714,https://www.kugou.com/yy/rank/home/5-8888.html?from=rank
2026-09-23,2026-09-23T12:52:06+08:00,酷狗音乐,热歌榜,酷狗TOP500,2026-09-23,96,夜曲,周杰伦,,3:47,16C8AB298231370293D16BCF9E5FF9B6,958909,https://www.kugou.com/yy/rank/home/5-8888.html?from=rank
2026-09-23,2026-09-23T12:52:06+08:00,酷狗音乐,热歌榜,酷狗TOP500,2026-09-23,97,野心家,张靓颖,,4:43,1789AD88CFDD254910125F22494C0E8B,161637189,https://www.kugou.com/yy/rank/home/5-8888.html?from=rank
2026-09-23,2026-09-23T12:52:06+08:00,酷狗音乐,热歌榜,酷狗TOP500,2026-09-23,98,光辉岁月,BEYOND,,5:04,BBFE9596615ADE83FF6B117831C45E4D,960181,https://www.kugou.com/yy/rank/home/5-8888.html?from=rank
2026-09-23,2026-09-23T12:52:06+08:00,酷狗音乐,热歌榜,酷狗TOP500,2026-09-23,99,幻听,许嵩,,4:33,24F5E7555646965CD7D1A924452B3300,973046,https://www.kugou.com/yy/rank/home/5-8888.html?from=rank
2026-09-23,2026-09-23T12:52:06+08:00,酷狗音乐,热歌榜,酷狗TOP500,2026-09-23,100,讲不出再见,谭咏麟,,4:54,2E0BFDC7BA2F759B0208A58CB2C26523,2337635,https://www.kugou.com/yy/rank/home/5-8888.html?from=rank
2026-09-23,2026-09-23T12:52:06+08:00,酷狗音乐,热歌榜,酷狗TOP500,2026-09-23,101,黑街,陈雅雯,,4:05,3FDEDFDA2D0131280D7F65CD7D9618D3,1597547,https://www.kugou.com/yy/rank/home/5-8888.html?from=rank
2026-09-23,2026-09-23T12:52:06+08:00,酷狗音乐,热歌榜,酷狗TOP500,2026-09-23,102,出现又离开 (Live),梁博,,6:43,DEAB3B0160E9A410CE0AAA9ED8AC602E,19284949,https://www.kugou.com/yy/rank/home/5-8888.html?from=rank
2026-09-23,2026-09-23T12:52:06+08:00,酷狗音乐,热歌榜,酷狗TOP500,2026-09-23,103,如果还会遇见,何遇Hayu、Crybird,,3:48,B740AAF49578F8F9C9E52DD560E122BF,201658284,https://www.kugou.com/yy/rank/home/5-8888.html?from=rank
2026-09-23,2026-09-23T12:52:06+08:00,酷狗音乐,热歌榜,酷狗TOP500,2026-09-23,104,奢香夫人,凤凰传奇,,4:20,478C572FC9E2E15777A41260DEE293A0,984412,https://www.kugou.com/yy/rank/home/5-8888.html?from=rank
2026-09-23,2026-09-23T12:52:06+08:00,酷狗音乐,热歌榜,酷狗TOP500,2026-09-23,105,如果回到那从前 (遗憾),刘纯,,3:18,0B2478BA6332B6F0E791CC7A2DA9ECBA,203722456,https://www.kugou.com/yy/rank/home/5-8888.html?from=rank
2026-09-23,2026-09-23T12:52:06+08:00,酷狗音乐,热歌榜,酷狗TOP500,2026-09-23,106,勇气,梁静茹,,3:59,A4D0C350CF4475BFBB0AB28DC6E25A8D,973299,https://www.kugou.com/yy/rank/home/5-8888.html?from=rank
2026-09-23,2026-09-23T12:52:06+08:00,酷狗音乐,热歌榜,酷狗TOP500,2026-09-23,107,江南,林俊杰,,4:28,B83DBB8E3DD3FCF86BF32690B91547F5,969588,https://www.kugou.com/yy/rank/home/5-8888.html?from=rank
2026-09-23,2026-09-23T12:52:06+08:00,酷狗音乐,热歌榜,酷狗TOP500,2026-09-23,108,抽离,徐良、刘丹萌,,4:18,37A9C74C33A9FAEFF672CFDF4C699581,547514,https://www.kugou.com/yy/rank/home/5-8888.html?from=rank
2026-09-23,2026-09-23T12:52:06+08:00,酷狗音乐,热歌榜,酷狗TOP500,2026-09-23,109,好想再爱你,潘广益,,4:31,B78BA4062528E712B68C42DC6A4D9AAE,957659,https://www.kugou.com/yy/rank/home/5-8888.html?from=rank
2026-09-23,2026-09-23T12:52:06+08:00,酷狗音乐,热歌榜,酷狗TOP500,2026-09-23,110,来不及爱你,h3R3刘清云,,3:25,E3ED52965CEE83A40D73C5FB1DA7FF62,76488384,https://www.kugou.com/yy/rank/home/5-8888.html?from=rank
2026-09-23,2026-09-23T12:52:06+08:00,酷狗音乐,热歌榜,酷狗TOP500,2026-09-23,111,如果当时,许嵩,,5:16,697712B7504DA5541C3ED4D117AE1018,973251,https://www.kugou.com/yy/rank/home/6-8888.html?from=rank
2026-09-23,2026-09-23T12:52:06+08:00,酷狗音乐,热歌榜,酷狗TOP500,2026-09-23,112,人间共鸣,李健,,4:19,C9A5658204BD4E941F3DB2FB132D4968,176253415,https://www.kugou.com/yy/rank/home/6-8888.html?from=rank
2026-09-23,2026-09-23T12:52:06+08:00,酷狗音乐,热歌榜,酷狗TOP500,2026-09-23,113,没那么简单,黄小琥,,5:08,90D82FB9EB6C1F5385F6F086318EE1FA,962530,https://www.kugou.com/yy/rank/home/6-8888.html?from=rank
2026-09-23,2026-09-23T12:52:06+08:00,酷狗音乐,热歌榜,酷狗TOP500,2026-09-23,114,洛神,乱徵,,4:37,C7F29D050D8C8161FD26E27BC494FD8A,206138430,https://www.kugou.com/yy/rank/home/6-8888.html?from=rank
2026-09-23,2026-09-23T12:52:06+08:00,酷狗音乐,热歌榜,酷狗TOP500,2026-09-23,115,可不可以,张紫豪,,4:01,6079A2ACBA5E782FE24695FDFCDB1887,9618875,https://www.kugou.com/yy/rank/home/6-8888.html?from=rank
2026-09-23,2026-09-23T12:52:06+08:00,酷狗音乐,热歌榜,酷狗TOP500,2026-09-23,116,回到你身边 (让你知道),h3R3刘清云,,3:51,D47C45995D6D88F23AB76601702D9C9E,199501920,https://www.kugou.com/yy/rank/home/6-8888.html?from=rank
2026-09-23,2026-09-23T12:52:06+08:00,酷狗音乐,热歌榜,酷狗TOP500,2026-09-23,117,梦的翅膀受了伤,蒋雪儿Snow.J,,4:36,7B00B1F90C13C270CE96EA51DA863B96,1965074,https://www.kugou.com/yy/rank/home/6-8888.html?from=rank
2026-09-23,2026-09-23T12:52:06+08:00,酷狗音乐,热歌榜,酷狗TOP500,2026-09-23,118,海阔天空,BEYOND,,5:25,C41E80A18D1448FA47086372999C7F43,973001,https://www.kugou.com/yy/rank/home/6-8888.html?from=rank
2026-09-23,2026-09-23T12:52:06+08:00,酷狗音乐,热歌榜,酷狗TOP500,2026-09-23,119,带我走,杨丞琳,,4:50,0C57DE35C3CB2A32A8CF634E4F8309C4,975441,https://www.kugou.com/yy/rank/home/6-8888.html?from=rank
2026-09-23,2026-09-23T12:52:06+08:00,酷狗音乐,热歌榜,酷狗TOP500,2026-09-23,120,体面,于文文,,4:43,B0927C5353E9DD8BD72242BB730DAFF4,8149034,https://www.kugou.com/yy/rank/home/6-8888.html?from=rank
2026-09-23,2026-09-23T12:52:06+08:00,酷狗音乐,热歌榜,酷狗TOP500,2026-09-23,121,会呼吸的痛,梁静茹,,4:32,1EB00DC46AE8E1446B6A9860A56487AC,500574,https://www.kugou.com/yy/rank/home/6-8888.html?from=rank
2026-09-23,2026-09-23T12:52:06+08:00,酷狗音乐,热歌榜,酷狗TOP500,2026-09-23,122,特别的人,方大同,,4:19,0F7A79ADAAEEB6EA1DA3E19DD637FD73,965097,https://www.kugou.com/yy/rank/home/6-8888.html?from=rank
2026-09-23,2026-09-23T12:52:06+08:00,酷狗音乐,热歌榜,酷狗TOP500,2026-09-23,123,Whatever Happens,Michael Jackson,,4:57,C0E4D361A67DE916D8A5990C0EF34479,1786970,https://www.kugou.com/yy/rank/home/6-8888.html?from=rank
2026-09-23,2026-09-23T12:52:06+08:00,酷狗音乐,热歌榜,酷狗TOP500,2026-09-23,124,北方的后海没有海 (r&b微醺版),落日微醺,,3:26,DB3D10DE8DF3C5188EC036A9724F9418,196519034,https://www.kugou.com/yy/rank/home/6-8888.html?from=rank
2026-09-23,2026-09-23T12:52:06+08:00,酷狗音乐,热歌榜,酷狗TOP500,2026-09-23,125,舍得,王唯旖,,4:22,62C406C76F45C3EF39F451F2C4F22D95,1944276,https://www.kugou.com/yy/rank/home/6-8888.html?from=rank
2026-09-23,2026-09-23T12:52:06+08:00,酷狗音乐,热歌榜,酷狗TOP500,2026-09-23,126,我知道,BY2,,4:10,38CB283F880797F94A80968E682191E2,530437,https://www.kugou.com/yy/rank/home/6-8888.html?from=rank
2026-09-23,2026-09-23T12:52:06+08:00,酷狗音乐,热歌榜,酷狗TOP500,2026-09-23,127,我们俩,郭顶,,3:14,DD4D224BC3DBFD1A0F6E338928620E69,979601,https://www.kugou.com/yy/rank/home/6-8888.html?from=rank
2026-09-23,2026-09-23T12:52:06+08:00,酷狗音乐,热歌榜,酷狗TOP500,2026-09-23,128,那时雨,徐良,,3:34,CE76C60251F6193BC5BBA5B46B977747,16900987,https://www.kugou.com/yy/rank/home/6-8888.html?from=rank
2026-09-23,2026-09-23T12:52:06+08:00,酷狗音乐,热歌榜,酷狗TOP500,2026-09-23,129,山歌追上云朵,央金拉姆,,3:35,B81F368C6B44B98B0E2B4E9F417F1002,193932928,https://www.kugou.com/yy/rank/home/6-8888.html?from=rank
2026-09-23,2026-09-23T12:52:06+08:00,酷狗音乐,热歌榜,酷狗TOP500,2026-09-23,130,猜不透,丁当,,3:53,B1B4CC4F4E90134603CE66CBCF8FA73B,973244,https://www.kugou.com/yy/rank/home/6-8888.html?from=rank
2026-09-23,2026-09-23T12:52:06+08:00,酷狗音乐,热歌榜,酷狗TOP500,2026-09-23,131,至少还有你,林忆莲,,4:35,BA9D67DAB59FA6DCE243F4B6B70ACA95,967340,https://www.kugou.com/yy/rank/home/6-8888.html?from=rank
2026-09-23,2026-09-23T12:52:06+08:00,酷狗音乐,热歌榜,酷狗TOP500,2026-09-23,132,其实,薛之谦,,4:02,2A8911EAD4838BF967CF5A300D787E53,960327,https://www.kugou.com/yy/rank/home/6-8888.html?from=rank
2026-09-23,2026-09-23T12:52:06+08:00,酷狗音乐,热歌榜,酷狗TOP500,2026-09-23,133,忘记时间,胡歌,,4:32,BB2759C850804CB32A55480D85D21080,493001,https://www.kugou.com/yy/rank/home/7-8888.html?from=rank
2026-09-23,2026-09-23T12:52:06+08:00,酷狗音乐,热歌榜,酷狗TOP500,2026-09-23,134,灰色轨迹,BEYOND,,5:28,4476FAA4B6567CCC2292BFBBCA93CB9C,39629213,https://www.kugou.com/yy/rank/home/7-8888.html?from=rank
2026-09-23,2026-09-23T12:52:06+08:00,酷狗音乐,热歌榜,酷狗TOP500,2026-09-23,135,你这坏坏的扑街仔 (偏偏爱上你这笨脑袋)(对唱版),马耀火、金禾安,,3:02,4C04BB8F9C9F93D4E0325BF625F11BEC,203511794,https://www.kugou.com/yy/rank/home/7-8888.html?from=rank
2026-09-23,2026-09-23T12:52:06+08:00,酷狗音乐,热歌榜,酷狗TOP500,2026-09-23,136,搁浅,周杰伦,,4:00,8141FAA45AAD5BCFF5FF9873B89709E3,971783,https://www.kugou.com/yy/rank/home/7-8888.html?from=rank
2026-09-23,2026-09-23T12:52:06+08:00,酷狗音乐,热歌榜,酷狗TOP500,2026-09-23,137,相见恨晚,彭佳慧,,4:15,01214FB85BAF49AB74F10AFA4C363540,977553,https://www.kugou.com/yy/rank/home/7-8888.html?from=rank
2026-09-23,2026-09-23T12:52:06+08:00,酷狗音乐,热歌榜,酷狗TOP500,2026-09-23,138,红尘客栈,周杰伦,,4:34,48729371F20FB048EF4E51D4CD41DBF5,982051,https://www.kugou.com/yy/rank/home/7-8888.html?from=rank
2026-09-23,2026-09-23T12:52:06+08:00,酷狗音乐,热歌榜,酷狗TOP500,2026-09-23,139,街角的晚风,陈小春,,4:00,18B89D66950B7856EABB131BB6273F6E,169830039,https://www.kugou.com/yy/rank/home/7-8888.html?from=rank
2026-09-23,2026-09-23T12:52:06+08:00,酷狗音乐,热歌榜,酷狗TOP500,2026-09-23,140,有些,颜人中,,3:49,D79E556C176AE1A3ADE8B532810C4CE8,34604592,https://www.kugou.com/yy/rank/home/7-8888.html?from=rank
2026-09-23,2026-09-23T12:52:06+08:00,酷狗音乐,热歌榜,酷狗TOP500,2026-09-23,141,只对你有感觉,飞轮海、田馥甄,,3:59,E400C3F475001BA5B0F197F2E1923F47,556347,https://www.kugou.com/yy/rank/home/7-8888.html?from=rank
2026-09-23,2026-09-23T12:52:06+08:00,酷狗音乐,热歌榜,酷狗TOP500,2026-09-23,142,差一步,大壮,,4:06,08C2E4AF2BDDB11D36E2B04A51DA30CE,6194568,https://www.kugou.com/yy/rank/home/7-8888.html?from=rank
2026-09-23,2026-09-23T12:52:06+08:00,酷狗音乐,热歌榜,酷狗TOP500,2026-09-23,143,退后,周杰伦,,4:22,5971DE0B235D5B2708D6A6FEB3D31B6F,965291,https://www.kugou.com/yy/rank/home/7-8888.html?from=rank
2026-09-23,2026-09-23T12:52:06+08:00,酷狗音乐,热歌榜,酷狗TOP500,2026-09-23,144,七里香,周杰伦,,4:59,9218D81686C6AC681BC7CA621958AD6D,971783,https://www.kugou.com/yy/rank/home/7-8888.html?from=rank
2026-09-23,2026-09-23T12:52:06+08:00,酷狗音乐,热歌榜,酷狗TOP500,2026-09-23,145,街角的晚风 (烟嗓R&B版),落日微醺,,3:56,D636D97870D4098ACD3C317BFFDA03D9,196517616,https://www.kugou.com/yy/rank/home/7-8888.html?from=rank
2026-09-23,2026-09-23T12:52:06+08:00,酷狗音乐,热歌榜,酷狗TOP500,2026-09-23,146,冻结,林俊杰,,4:49,AE291096B510F20B93D7D87DCBEF1E43,971150,https://www.kugou.com/yy/rank/home/7-8888.html?from=rank
2026-09-23,2026-09-23T12:52:06+08:00,酷狗音乐,热歌榜,酷狗TOP500,2026-09-23,147,谁 (男女扎心合唱),梨子芥菜、戚悦,,3:58,38DAABE4EEA0ADDC04897AC14E15B54E,185936379,https://www.kugou.com/yy/rank/home/7-8888.html?from=rank
2026-09-23,2026-09-23T12:52:06+08:00,酷狗音乐,热歌榜,酷狗TOP500,2026-09-23,148,泪海 (你怎么舍得让我的泪流向海),段俊,,3:24,C990ED71F7E9FC6A11279F1D6DE8F503,206839041,https://www.kugou.com/yy/rank/home/7-8888.html?from=rank
2026-09-23,2026-09-23T12:52:06+08:00,酷狗音乐,热歌榜,酷狗TOP500,2026-09-23,149,我好像在哪见过你,薛之谦,,4:39,6A350E487263733359E7F2B64BD974AC,1747549,https://www.kugou.com/yy/rank/home/7-8888.html?from=rank
2026-09-23,2026-09-23T12:52:06+08:00,酷狗音乐,热歌榜,酷狗TOP500,2026-09-23,150,老男孩,筷子兄弟,,4:59,EB494F1F9199AA29F66E056F116D2F1C,17165001,https://www.kugou.com/yy/rank/home/7-8888.html?from=rank
2026-09-23,2026-09-23T12:52:06+08:00,酷狗音乐,热歌榜,酷狗TOP500,2026-09-23,151,戒烟,李荣浩,,4:54,AF36A623D725B98893DAEFDF8010F22E,49390931,https://www.kugou.com/yy/rank/home/7-8888.html?from=rank
2026-09-23,2026-09-23T12:52:06+08:00,酷狗音乐,热歌榜,酷狗TOP500,2026-09-23,152,明天过后,张杰,,3:59,5B900D95E79765AE62664BE5C871DD9E,38606351,https://www.kugou.com/yy/rank/home/7-8888.html?from=rank
2026-09-23,2026-09-23T12:52:06+08:00,酷狗音乐,热歌榜,酷狗TOP500,2026-09-23,153,关不上的窗,周传雄,,4:53,C9FF4C5E86A76043F004E3BB17E08942,982655,https://www.kugou.com/yy/rank/home/7-8888.html?from=rank
2026-09-23,2026-09-23T12:52:06+08:00,酷狗音乐,热歌榜,酷狗TOP500,2026-09-23,154,我不该动情,老板,,3:57,DFA780605FE78F1572761712931024A7,197593768,https://www.kugou.com/yy/rank/home/7-8888.html?from=rank
2026-09-23,2026-09-23T12:52:06+08:00,酷狗音乐,热歌榜,酷狗TOP500,2026-09-23,155,过火,张信哲,,5:02,E34CBC6EBE64B9EE9ADB5C46E2178A84,982639,https://www.kugou.com/yy/rank/home/8-8888.html?from=rank
2026-09-23,2026-09-23T12:52:06+08:00,酷狗音乐,热歌榜,酷狗TOP500,2026-09-23,156,你有没有真的爱过我 (对唱版),阿图表妹、寂寞阿图,,4:03,3C425FC4496E67468562CA377D7F2B23,190170015,https://www.kugou.com/yy/rank/home/8-8888.html?from=rank
2026-09-23,2026-09-23T12:52:06+08:00,酷狗音乐,热歌榜,酷狗TOP500,2026-09-23,157,心墙,郭静,,3:47,97870F3D4B01A7822DC497C6127EA66D,968033,https://www.kugou.com/yy/rank/home/8-8888.html?from=rank
2026-09-23,2026-09-23T12:52:06+08:00,酷狗音乐,热歌榜,酷狗TOP500,2026-09-23,158,不将就,李荣浩,,5:12,E5F0905C662872A9B05A423FD1ED48B5,1004040,https://www.kugou.com/yy/rank/home/8-8888.html?from=rank
2026-09-23,2026-09-23T12:52:06+08:00,酷狗音乐,热歌榜,酷狗TOP500,2026-09-23,159,亲爱的你啊,任素汐,,3:56,C42C2C5C7A68CDAFBF543F29AF883B1D,144348541,https://www.kugou.com/yy/rank/home/8-8888.html?from=rank
2026-09-23,2026-09-23T12:52:06+08:00,酷狗音乐,热歌榜,酷狗TOP500,2026-09-23,160,空心,光泽,,4:39,4465EE613CC3CF7DCF9448F8ACFED1CA,4141939,https://www.kugou.com/yy/rank/home/8-8888.html?from=rank
2026-09-23,2026-09-23T12:52:06+08:00,酷狗音乐,热歌榜,酷狗TOP500,2026-09-23,161,爱情讯息,郭静,,4:41,D8E857250D8EEA9C5FAFDAF7857640A5,971139,https://www.kugou.com/yy/rank/home/8-8888.html?from=rank
2026-09-23,2026-09-23T12:52:06+08:00,酷狗音乐,热歌榜,酷狗TOP500,2026-09-23,162,春娇与志明,街道办GDC、欧阳耀莹,,3:24,E84947402A5E0952FA067566C10264CB,8543461,https://www.kugou.com/yy/rank/home/8-8888.html?from=rank
2026-09-23,2026-09-23T12:52:06+08:00,酷狗音乐,热歌榜,酷狗TOP500,2026-09-23,163,Always Online,林俊杰,,3:45,16A4E4895905B703AC0F31007A495D4C,963179,https://www.kugou.com/yy/rank/home/8-8888.html?from=rank
2026-09-23,2026-09-23T12:52:06+08:00,酷狗音乐,热歌榜,酷狗TOP500,2026-09-23,164,兰亭序,周杰伦,,4:14,4EC10B1B7B9BEB2F0ADB89BBEC5F664B,960399,https://www.kugou.com/yy/rank/home/8-8888.html?from=rank
2026-09-23,2026-09-23T12:52:06+08:00,酷狗音乐,热歌榜,酷狗TOP500,2026-09-23,165,年少有为,李荣浩,,4:39,3A5C1D6CDABB2FDA813F8F8B7E4D08B0,8873395,https://www.kugou.com/yy/rank/home/8-8888.html?from=rank
2026-09-23,2026-09-23T12:52:06+08:00,酷狗音乐,热歌榜,酷狗TOP500,2026-09-23,166,枫,周杰伦,,4:36,0D7E8C11C961A17EB8779FEB0CA772E3,958909,https://www.kugou.com/yy/rank/home/8-8888.html?from=rank
2026-09-23,2026-09-23T12:52:06+08:00,酷狗音乐,热歌榜,酷狗TOP500,2026-09-23,167,黄昏 (纵然青丝如霜)(R&B版),落日微醺,,4:05,423FC1778078ACF260242626820E4244,194767721,https://www.kugou.com/yy/rank/home/8-8888.html?from=rank
2026-09-23,2026-09-23T12:52:06+08:00,酷狗音乐,热歌榜,酷狗TOP500,2026-09-23,168,青花 (老登版),炸毛登叔,,4:57,E3F28B52E357D5AC8C07426C65E1864A,204950199,https://www.kugou.com/yy/rank/home/8-8888.html?from=rank
2026-09-23,2026-09-23T12:52:06+08:00,酷狗音乐,热歌榜,酷狗TOP500,2026-09-23,169,曾经的你,许巍,,4:21,8D27A0FD0D8B6A9059D3FEEC95E2088D,976268,https://www.kugou.com/yy/rank/home/8-8888.html?from=rank
2026-09-23,2026-09-23T12:52:06+08:00,酷狗音乐,热歌榜,酷狗TOP500,2026-09-23,170,西海情歌,刀郎,,5:43,0E5FB14E78AFF13C2DEF97C814537CB7,984281,https://www.kugou.com/yy/rank/home/8-8888.html?from=rank
2026-09-23,2026-09-23T12:52:06+08:00,酷狗音乐,热歌榜,酷狗TOP500,2026-09-23,171,老街,李荣浩,,5:19,30E7F7CCB57EB16D1BE3EC71D7ADB071,964378,https://www.kugou.com/yy/rank/home/8-8888.html?from=rank
2026-09-23,2026-09-23T12:52:06+08:00,酷狗音乐,热歌榜,酷狗TOP500,2026-09-23,172,可惜没如果,林俊杰,,4:58,57D6EAF8F7E593A2C4B780D8045DE5C1,542795,https://www.kugou.com/yy/rank/home/8-8888.html?from=rank
2026-09-23,2026-09-23T12:52:06+08:00,酷狗音乐,热歌榜,酷狗TOP500,2026-09-23,173,一路向北,周杰伦,,4:54,F73F22FB046CA1A135C70417163AF82E,1739223,https://www.kugou.com/yy/rank/home/8-8888.html?from=rank
2026-09-23,2026-09-23T12:52:06+08:00,酷狗音乐,热歌榜,酷狗TOP500,2026-09-23,174,泡沫,G.E.M.邓紫棋,,4:19,8574D02543B5F902469FB4E27E3A350D,968370,https://www.kugou.com/yy/rank/home/8-8888.html?from=rank
2026-09-23,2026-09-23T12:52:06+08:00,酷狗音乐,热歌榜,酷狗TOP500,2026-09-23,175,座位,于冬然,,3:29,D87A09DB3166215E5DFD4A30C922509E,137485296,https://www.kugou.com/yy/rank/home/8-8888.html?from=rank
2026-09-23,2026-09-23T12:52:06+08:00,酷狗音乐,热歌榜,酷狗TOP500,2026-09-23,176,一场游戏一场梦,王杰,,4:17,55340B431243FF5F112527EFC0591232,7547885,https://www.kugou.com/yy/rank/home/8-8888.html?from=rank
2026-09-23,2026-09-23T12:52:06+08:00,酷狗音乐,热歌榜,酷狗TOP500,2026-09-23,177,发如雪,周杰伦,,4:59,1F7E7659B9FFF4FB6F71562A61BBC25F,958909,https://www.kugou.com/yy/rank/home/9-8888.html?from=rank
2026-09-23,2026-09-23T12:52:06+08:00,酷狗音乐,热歌榜,酷狗TOP500,2026-09-23,178,生而为人,尚士达,,5:20,2789D88534017546B173E0BFA9D6233B,13946205,https://www.kugou.com/yy/rank/home/9-8888.html?from=rank
2026-09-23,2026-09-23T12:52:06+08:00,酷狗音乐,热歌榜,酷狗TOP500,2026-09-23,179,告白气球,周杰伦,,3:36,688857974673645CE89EDA26A36DB19D,1645030,https://www.kugou.com/yy/rank/home/9-8888.html?from=rank
2026-09-23,2026-09-23T12:52:06+08:00,酷狗音乐,热歌榜,酷狗TOP500,2026-09-23,180,人儿啊请慢下来,石满仓,,3:32,81127FC1186063281CB602F623A74BD7,206903720,https://www.kugou.com/yy/rank/home/9-8888.html?from=rank
2026-09-23,2026-09-23T12:52:06+08:00,酷狗音乐,热歌榜,酷狗TOP500,2026-09-23,181,祝福祖国 (合唱版),晴婉,,3:17,F59691CFB00308F223FBAA0908431602,0,https://www.kugou.com/yy/rank/home/9-8888.html?from=rank
2026-09-23,2026-09-23T12:52:06+08:00,酷狗音乐,热歌榜,酷狗TOP500,2026-09-23,182,执子之手,宝石Gem、哩哩,,3:10,A84D44A92F427A3198ECEE703B708478,61962429,https://www.kugou.com/yy/rank/home/9-8888.html?from=rank
2026-09-23,2026-09-23T12:52:06+08:00,酷狗音乐,热歌榜,酷狗TOP500,2026-09-23,183,天龙八部之宿敌,许嵩,,4:24,9092283E08915874302A9C64032BC79D,503947,https://www.kugou.com/yy/rank/home/9-8888.html?from=rank
2026-09-23,2026-09-23T12:52:06+08:00,酷狗音乐,热歌榜,酷狗TOP500,2026-09-23,184,还是分开 (Acoustic Version),张叶蕾,,3:49,CCB537741E41A89D63810C75D50BCFE6,130014024,https://www.kugou.com/yy/rank/home/9-8888.html?from=rank
2026-09-23,2026-09-23T12:52:06+08:00,酷狗音乐,热歌榜,酷狗TOP500,2026-09-23,185,自己就是自己的光,周深,,4:47,F7F5EC41DA5B1E30A6F5456966C50D50,208088517,https://www.kugou.com/yy/rank/home/9-8888.html?from=rank
2026-09-23,2026-09-23T12:52:06+08:00,酷狗音乐,热歌榜,酷狗TOP500,2026-09-23,186,时光你等等我,郭芊彤,,4:19,35752B1309268B40355A1CEE7821EDEE,201198246,https://www.kugou.com/yy/rank/home/9-8888.html?from=rank
2026-09-23,2026-09-23T12:52:06+08:00,酷狗音乐,热歌榜,酷狗TOP500,2026-09-23,187,跨不过的距离,虎二,,4:31,FED5892036FBD176F6FEAE973C565E59,38209191,https://www.kugou.com/yy/rank/home/9-8888.html?from=rank
2026-09-23,2026-09-23T12:52:06+08:00,酷狗音乐,热歌榜,酷狗TOP500,2026-09-23,188,我是真的爱上你,王杰,,5:03,7C353B672AC945A3FE56022000A239FE,2996801,https://www.kugou.com/yy/rank/home/9-8888.html?from=rank
2026-09-23,2026-09-23T12:52:06+08:00,酷狗音乐,热歌榜,酷狗TOP500,2026-09-23,189,玻璃,Gareth.T,,3:05,ED0ED6B17B6C29695E97F5CC945C7901,191663409,https://www.kugou.com/yy/rank/home/9-8888.html?from=rank
2026-09-23,2026-09-23T12:52:06+08:00,酷狗音乐,热歌榜,酷狗TOP500,2026-09-23,190,半点心,草蜢,,3:52,6DF94BFD206BB819120C0D021B93EDBC,564642,https://www.kugou.com/yy/rank/home/9-8888.html?from=rank
2026-09-23,2026-09-23T12:52:06+08:00,酷狗音乐,热歌榜,酷狗TOP500,2026-09-23,191,不遗憾,李荣浩,,5:20,40CE38D5DB930F404EB26F58978BEC3D,44404137,https://www.kugou.com/yy/rank/home/9-8888.html?from=rank
2026-09-23,2026-09-23T12:52:06+08:00,酷狗音乐,热歌榜,酷狗TOP500,2026-09-23,192,山风山风等等我 (合唱版),万海东、人生感悟、吴章磊、天雯,,3:29,509AB53405C872C7A81200CDF2F3F11A,204486191,https://www.kugou.com/yy/rank/home/9-8888.html?from=rank
2026-09-23,2026-09-23T12:52:06+08:00,酷狗音乐,热歌榜,酷狗TOP500,2026-09-23,193,如果累了就回故乡 (微醺版),落日微醺,,3:44,4B63841480B40824990E763D112C5D1F,205125995,https://www.kugou.com/yy/rank/home/9-8888.html?from=rank
2026-09-23,2026-09-23T12:52:06+08:00,酷狗音乐,热歌榜,酷狗TOP500,2026-09-23,194,多远都要在一起,G.E.M.邓紫棋,,3:38,768F6FA531A3D883BE3F6C91AAF60612,555825,https://www.kugou.com/yy/rank/home/9-8888.html?from=rank
2026-09-23,2026-09-23T12:52:06+08:00,酷狗音乐,热歌榜,酷狗TOP500,2026-09-23,195,偏偏喜欢你,陈百强,,3:32,D186383AA965D13601CFF4857F844FEE,983655,https://www.kugou.com/yy/rank/home/9-8888.html?from=rank
2026-09-23,2026-09-23T12:52:06+08:00,酷狗音乐,热歌榜,酷狗TOP500,2026-09-23,196,是你没选我啊,于冬然,,3:22,885046DF8380B7506A6B12EC8F6E201D,176303736,https://www.kugou.com/yy/rank/home/9-8888.html?from=rank
2026-09-23,2026-09-23T12:52:06+08:00,酷狗音乐,热歌榜,酷狗TOP500,2026-09-23,197,指纹,杜宣达,,4:00,EAF4CB91DA618DBEDC751F54B3B3620D,50057639,https://www.kugou.com/yy/rank/home/9-8888.html?from=rank
2026-09-23,2026-09-23T12:52:06+08:00,酷狗音乐,热歌榜,酷狗TOP500,2026-09-23,198,蓝莲花,许巍,,4:31,EDCDC42FEE3A4BC8F2ADBAF96ADE9D77,15247919,https://www.kugou.com/yy/rank/home/9-8888.html?from=rank
2026-09-23,2026-09-23T12:52:06+08:00,酷狗音乐,热歌榜,酷狗TOP500,2026-09-23,199,第一次爱的人,王心凌,,3:53,38539E18FBB3E9A8DFA84A892CA718F6,979891,https://www.kugou.com/yy/rank/home/10-8888.html?from=rank
2026-09-23,2026-09-23T12:52:06+08:00,酷狗音乐,热歌榜,酷狗TOP500,2026-09-23,200,背对背拥抱,林俊杰,,3:55,D3CB60981A747455AE3142C25809051E,975828,https://www.kugou.com/yy/rank/home/10-8888.html?from=rank
2026-09-23,2026-09-23T12:52:06+08:00,酷狗音乐,热歌榜,酷狗TOP500,2026-09-23,201,九月底,余佳运,,4:17,9983DA61BCDB296EED401069F82F7484,12739065,https://www.kugou.com/yy/rank/home/10-8888.html?from=rank
2026-09-23,2026-09-23T12:52:06+08:00,酷狗音乐,热歌榜,酷狗TOP500,2026-09-23,202,勋章,鹿晗,,3:34,6FB3EB3F13CD64DF6E9784F6E487BAB1,2059004,https://www.kugou.com/yy/rank/home/10-8888.html?from=rank
2026-09-23,2026-09-23T12:52:06+08:00,酷狗音乐,热歌榜,酷狗TOP500,2026-09-23,203,雨蝶,李翊君,,3:51,C83424ACF417185057E278554B91D4C0,7549108,https://www.kugou.com/yy/rank/home/10-8888.html?from=rank
2026-09-23,2026-09-23T12:52:06+08:00,酷狗音乐,热歌榜,酷狗TOP500,2026-09-23,204,时间能不能走慢点 (青春别散场live大合唱版),7past、Allie艾梨,,4:01,D93C852279D5D83F1C466C21BA608964,206330074,https://www.kugou.com/yy/rank/home/10-8888.html?from=rank
2026-09-23,2026-09-23T12:52:06+08:00,酷狗音乐,热歌榜,酷狗TOP500,2026-09-23,205,或许 (现场live大合唱版),7paste、艾利（Ellie）,,3:30,C77D56A5B1526AC1F0FA5B93787002C0,203036081,https://www.kugou.com/yy/rank/home/10-8888.html?from=rank
2026-09-23,2026-09-23T12:52:06+08:00,酷狗音乐,热歌榜,酷狗TOP500,2026-09-23,206,Dear John,比莉,,5:11,71951213A1C3C313DEEB017D3C9E77CC,2528933,https://www.kugou.com/yy/rank/home/10-8888.html?from=rank
2026-09-23,2026-09-23T12:52:06+08:00,酷狗音乐,热歌榜,酷狗TOP500,2026-09-23,207,你还要我怎样,薛之谦,,5:11,8C6AAC48FB5C3759042E4C8699544C6F,960327,https://www.kugou.com/yy/rank/home/10-8888.html?from=rank
2026-09-23,2026-09-23T12:52:06+08:00,酷狗音乐,热歌榜,酷狗TOP500,2026-09-23,208,别等来年别等来生 (墙角的花),绮梦笙歌、番番,,4:50,53FACF2D7D387D37F4BF618F1DCFCE6B,207806618,https://www.kugou.com/yy/rank/home/10-8888.html?from=rank
2026-09-23,2026-09-23T12:52:06+08:00,酷狗音乐,热歌榜,酷狗TOP500,2026-09-23,209,小小的一片云 (氛围版),泥小蝶bye,,3:18,B5A9A210C06F18FE996F16AF5E026E62,205700202,https://www.kugou.com/yy/rank/home/10-8888.html?from=rank
2026-09-23,2026-09-23T12:52:06+08:00,酷狗音乐,热歌榜,酷狗TOP500,2026-09-23,210,天际,洋澜一,,5:46,DEAE9D1FC61F4810A0C15AA9CFD83722,76611526,https://www.kugou.com/yy/rank/home/10-8888.html?from=rank
2026-09-23,2026-09-23T12:52:06+08:00,酷狗音乐,热歌榜,酷狗TOP500,2026-09-23,211,沦陷,贾格JuggShots,,3:04,64C2E5D33BE5F53758F3E96DC8EEC3C3,95717116,https://www.kugou.com/yy/rank/home/10-8888.html?from=rank
2026-09-23,2026-09-23T12:52:06+08:00,酷狗音乐,热歌榜,酷狗TOP500,2026-09-23,212,短发女孩 (她留短发淡的妆),Zzh、白允y,,2:23,777C7211715D4FC9FB3ADB928F4F7F94,204981235,https://www.kugou.com/yy/rank/home/10-8888.html?from=rank
2026-09-23,2026-09-23T12:52:06+08:00,酷狗音乐,热歌榜,酷狗TOP500,2026-09-23,213,Angel,尹美莱、Tiger JK、Bizzy,,4:15,157D75DA9A1B5B4FED6C529C2B1C2452,964390,https://www.kugou.com/yy/rank/home/10-8888.html?from=rank
2026-09-23,2026-09-23T12:52:06+08:00,酷狗音乐,热歌榜,酷狗TOP500,2026-09-23,214,冲动的惩罚,刀郎,,7:54,84073718AE6A82366444C3B5AE526FAC,964521,https://www.kugou.com/yy/rank/home/10-8888.html?from=rank
2026-09-23,2026-09-23T12:52:06+08:00,酷狗音乐,热歌榜,酷狗TOP500,2026-09-23,215,忘了你忘了我,王杰,,4:38,95CBD367E98724883CA99874AD626446,962390,https://www.kugou.com/yy/rank/home/10-8888.html?from=rank
2026-09-23,2026-09-23T12:52:06+08:00,酷狗音乐,热歌榜,酷狗TOP500,2026-09-23,216,逆风的船 (看那朝阳爬过了山峦),蓝波,,3:16,0FC1FA099A3F6984C1C1D4EC211D5A7B,199831134,https://www.kugou.com/yy/rank/home/10-8888.html?from=rank
2026-09-23,2026-09-23T12:52:06+08:00,酷狗音乐,热歌榜,酷狗TOP500,2026-09-23,217,你就不要想起我,田馥甄,,4:41,33E67CD9B775093E93CBABBD649DF087,965595,https://www.kugou.com/yy/rank/home/10-8888.html?from=rank
2026-09-23,2026-09-23T12:52:06+08:00,酷狗音乐,热歌榜,酷狗TOP500,2026-09-23,218,那些年,胡夏,,6:11,95A46E232F3F0CFFDA7811B7D9C8E6C4,542864,https://www.kugou.com/yy/rank/home/10-8888.html?from=rank
2026-09-23,2026-09-23T12:52:06+08:00,酷狗音乐,热歌榜,酷狗TOP500,2026-09-23,219,三国恋,Tank,,4:06,1325E661C6044048943A8D7D417ED280,966742,https://www.kugou.com/yy/rank/home/10-8888.html?from=rank
2026-09-23,2026-09-23T12:52:06+08:00,酷狗音乐,热歌榜,酷狗TOP500,2026-09-23,220,断点,张敬轩,,4:28,2C2A571D91FF7BF6FE814887FFA7E592,2996592,https://www.kugou.com/yy/rank/home/10-8888.html?from=rank
2026-09-23,2026-09-23T12:52:06+08:00,酷狗音乐,热歌榜,酷狗TOP500,2026-09-23,221,We Don't Talk Anymore (Mr. Collipark Remix),Charlie Puth、Selena Gomez,,4:14,8F323B0610BE8D862B7CBB41C3398766,1746993,https://www.kugou.com/yy/rank/home/11-8888.html?from=rank
2026-09-23,2026-09-23T12:52:06+08:00,酷狗音乐,热歌榜,酷狗TOP500,2026-09-23,222,你瞒我瞒,陈柏宇,,3:58,E8EE57D671769402710C4FF9259D841F,965453,https://www.kugou.com/yy/rank/home/11-8888.html?from=rank
2026-09-23,2026-09-23T12:52:06+08:00,酷狗音乐,热歌榜,酷狗TOP500,2026-09-23,223,西厢寻他,伯爵Johnny、唐伯虎Annie,,3:44,2B657B5B5D781C1A61D7E0D1F5E2DE22,53205523,https://www.kugou.com/yy/rank/home/11-8888.html?from=rank
2026-09-23,2026-09-23T12:52:06+08:00,酷狗音乐,热歌榜,酷狗TOP500,2026-09-23,224,思念漫过海岸线,欢子,,3:53,8D2C6FA2B7F281E87E967DDB3B7A95DB,205286218,https://www.kugou.com/yy/rank/home/11-8888.html?from=rank
2026-09-23,2026-09-23T12:52:06+08:00,酷狗音乐,热歌榜,酷狗TOP500,2026-09-23,225,谁明浪子心,王杰,,5:01,1E54C9C01C9DFC5C68F743368F353711,983991,https://www.kugou.com/yy/rank/home/11-8888.html?from=rank
2026-09-23,2026-09-23T12:52:06+08:00,酷狗音乐,热歌榜,酷狗TOP500,2026-09-23,226,Lonely,Nana,,6:21,284173346DD3E03FA86D027025F50CC7,45833884,https://www.kugou.com/yy/rank/home/11-8888.html?from=rank
2026-09-23,2026-09-23T12:52:06+08:00,酷狗音乐,热歌榜,酷狗TOP500,2026-09-23,227,爱如潮水,张信哲,,4:31,7D372165ED6AD2C00DD2B473529BE9CE,538030,https://www.kugou.com/yy/rank/home/11-8888.html?from=rank
2026-09-23,2026-09-23T12:52:06+08:00,酷狗音乐,热歌榜,酷狗TOP500,2026-09-23,228,爱情转移,陈奕迅,,4:19,A549238FA1B05EABE841DFE110899647,962514,https://www.kugou.com/yy/rank/home/11-8888.html?from=rank
2026-09-23,2026-09-23T12:52:06+08:00,酷狗音乐,热歌榜,酷狗TOP500,2026-09-23,229,不分手的恋爱,汪苏泷,,3:26,543A6E13C527E52886E51BBF14191C8F,37376237,https://www.kugou.com/yy/rank/home/11-8888.html?from=rank
2026-09-23,2026-09-23T12:52:06+08:00,酷狗音乐,热歌榜,酷狗TOP500,2026-09-23,230,ORA,受伤的梅、王昱蒙,,4:15,5FAB85DDFA9F7EB6D64AA7568EAB466E,203945585,https://www.kugou.com/yy/rank/home/11-8888.html?from=rank
2026-09-23,2026-09-23T12:52:06+08:00,酷狗音乐,热歌榜,酷狗TOP500,2026-09-23,231,单身情歌,林志炫,,4:37,083BA9244D514816B574EB02C77381A3,524608,https://www.kugou.com/yy/rank/home/11-8888.html?from=rank
2026-09-23,2026-09-23T12:52:06+08:00,酷狗音乐,热歌榜,酷狗TOP500,2026-09-23,232,葡萄成熟时,陈奕迅,,4:37,FDEEA17B3BAD24C0C88E4D45F71F1946,968210,https://www.kugou.com/yy/rank/home/11-8888.html?from=rank
2026-09-23,2026-09-23T12:52:06+08:00,酷狗音乐,热歌榜,酷狗TOP500,2026-09-23,233,Creepin' up on You,Darren Hayes,,4:53,6348CF4041BEE19FAD536C563C32695A,1593407,https://www.kugou.com/yy/rank/home/11-8888.html?from=rank
2026-09-23,2026-09-23T12:52:06+08:00,酷狗音乐,热歌榜,酷狗TOP500,2026-09-23,234,在我心里你就是我的唯一 (深情版),乔小兮,,3:24,D267039664808916FC4666C47DDD41B4,207677501,https://www.kugou.com/yy/rank/home/11-8888.html?from=rank
2026-09-23,2026-09-23T12:52:06+08:00,酷狗音乐,热歌榜,酷狗TOP500,2026-09-23,235,起风了,买辣椒也用券,,5:26,5C035CBF390FEF6B536020A57749EF70,53218722,https://www.kugou.com/yy/rank/home/11-8888.html?from=rank
2026-09-23,2026-09-23T12:52:06+08:00,酷狗音乐,热歌榜,酷狗TOP500,2026-09-23,236,若此生缘太浅 (庄周一生梦一蝶),黄静美、亦瑶,,3:10,B2CE02B106C9FA437E1C81B096E8F7A0,206369549,https://www.kugou.com/yy/rank/home/11-8888.html?from=rank
2026-09-23,2026-09-23T12:52:06+08:00,酷狗音乐,热歌榜,酷狗TOP500,2026-09-23,237,莫忙,乡野低频,,3:00,CF77A3DEE3D707DD355FC0CA3F78FBE5,203395383,https://www.kugou.com/yy/rank/home/11-8888.html?from=rank
2026-09-23,2026-09-23T12:52:06+08:00,酷狗音乐,热歌榜,酷狗TOP500,2026-09-23,238,我们的歌,王力宏,,4:08,4E294957A0D9B72A78B61F3C2A63B6CC,503223,https://www.kugou.com/yy/rank/home/11-8888.html?from=rank
2026-09-23,2026-09-23T12:52:06+08:00,酷狗音乐,热歌榜,酷狗TOP500,2026-09-23,239,牵丝戏,银临、Aki阿杰,,3:59,5E7FF596F7D6021DA63AF36E91BECE4B,568968,https://www.kugou.com/yy/rank/home/11-8888.html?from=rank
2026-09-23,2026-09-23T12:52:06+08:00,酷狗音乐,热歌榜,酷狗TOP500,2026-09-23,240,你是我触碰不到的风 (酒后释怀live对唱版),艾利（Ellie）、7paste,,3:52,63F146A4A7132C267C78F4832CD62C10,202093916,https://www.kugou.com/yy/rank/home/11-8888.html?from=rank
2026-09-23,2026-09-23T12:52:06+08:00,酷狗音乐,热歌榜,酷狗TOP500,2026-09-23,241,逆流成河,金南玲,,2:05,F12381673024C26DF3CC2589AA52987F,976591,https://www.kugou.com/yy/rank/home/11-8888.html?from=rank
2026-09-23,2026-09-23T12:52:06+08:00,酷狗音乐,热歌榜,酷狗TOP500,2026-09-23,242,包容,郑源,,4:23,86470F212F05E4F736C1B36954685338,963730,https://www.kugou.com/yy/rank/home/11-8888.html?from=rank
2026-09-23,2026-09-23T12:52:06+08:00,酷狗音乐,热歌榜,酷狗TOP500,2026-09-23,243,无名的人,毛不易,,4:42,525A854C4A4EDF63CAF528D693F69CE0,51231315,https://www.kugou.com/yy/rank/home/12-8888.html?from=rank
2026-09-23,2026-09-23T12:52:06+08:00,酷狗音乐,热歌榜,酷狗TOP500,2026-09-23,244,最后一页,江语晨,,4:06,EF053996094A323B42C35195E9781A30,1596655,https://www.kugou.com/yy/rank/home/12-8888.html?from=rank
2026-09-23,2026-09-23T12:52:06+08:00,酷狗音乐,热歌榜,酷狗TOP500,2026-09-23,245,如果可以,韦礼安,,4:34,70425DF5F0C9FCED5E0468189A7F4A70,49958186,https://www.kugou.com/yy/rank/home/12-8888.html?from=rank
2026-09-23,2026-09-23T12:52:06+08:00,酷狗音乐,热歌榜,酷狗TOP500,2026-09-23,246,在你的身边,盛哲,,4:22,38698C9A8BB6637CDDE413C6E210FA54,4128050,https://www.kugou.com/yy/rank/home/12-8888.html?from=rank
2026-09-23,2026-09-23T12:52:06+08:00,酷狗音乐,热歌榜,酷狗TOP500,2026-09-23,247,Fast Cars & Superstars,Cristian Marchi、Reverend Haus,,2:52,9EA177A8A77A9E31B164F6BDA20D4776,81561846,https://www.kugou.com/yy/rank/home/12-8888.html?from=rank
2026-09-23,2026-09-23T12:52:06+08:00,酷狗音乐,热歌榜,酷狗TOP500,2026-09-23,248,Lost,满舒克、Jony J,,4:10,E4C0A549FB93FC128B5A0E8DBD3CD32A,2537526,https://www.kugou.com/yy/rank/home/12-8888.html?from=rank
2026-09-23,2026-09-23T12:52:06+08:00,酷狗音乐,热歌榜,酷狗TOP500,2026-09-23,249,初恋情人,刘小慧,,4:40,24BD04781E52FE8E7FAB2A6452D85320,532546,https://www.kugou.com/yy/rank/home/12-8888.html?from=rank
2026-09-23,2026-09-23T12:52:06+08:00,酷狗音乐,热歌榜,酷狗TOP500,2026-09-23,250,这些年在忙什么,田园,,3:41,3B92EB6F7A2583AE370B0D13B1ECCDE6,130559559,https://www.kugou.com/yy/rank/home/12-8888.html?from=rank
2026-09-23,2026-09-23T12:52:06+08:00,酷狗音乐,热歌榜,酷狗TOP500,2026-09-23,251,下一个天亮,郭静,,4:27,7E2AD47232E7148C642B6836041826C9,971139,https://www.kugou.com/yy/rank/home/12-8888.html?from=rank
2026-09-23,2026-09-23T12:52:06+08:00,酷狗音乐,热歌榜,酷狗TOP500,2026-09-23,252,If The Sun Burns Out Tonight (炽日将烬)(feat. Oli Sykes & Courtney LaPlante),无畏契约、Grabbitz、Oli Sykes、Courtney Laplante,,3:46,961AD41B62B5A9FBD40330320D48C53A,207789966,https://www.kugou.com/yy/rank/home/12-8888.html?from=rank
2026-09-23,2026-09-23T12:52:06+08:00,酷狗音乐,热歌榜,酷狗TOP500,2026-09-23,253,背着风流泪,文夫,,4:14,93313560CDE28F74AA7D2894E3C4D7F7,146986506,https://www.kugou.com/yy/rank/home/12-8888.html?from=rank
2026-09-23,2026-09-23T12:52:06+08:00,酷狗音乐,热歌榜,酷狗TOP500,2026-09-23,254,爱像尘埃石沉大海,Mogoo蘑菇,,3:33,AA1700359BFBDD365B1B066BCE825136,207283094,https://www.kugou.com/yy/rank/home/12-8888.html?from=rank
2026-09-23,2026-09-23T12:52:06+08:00,酷狗音乐,热歌榜,酷狗TOP500,2026-09-23,255,蒲公英的约定,周杰伦,,4:07,A14373681262867AB43FEF5467F4CC1D,979856,https://www.kugou.com/yy/rank/home/12-8888.html?from=rank
2026-09-23,2026-09-23T12:52:06+08:00,酷狗音乐,热歌榜,酷狗TOP500,2026-09-23,256,模特,李荣浩,,5:06,87EBC49856D2CB3C04992C9A87E5A5C5,968143,https://www.kugou.com/yy/rank/home/12-8888.html?from=rank
2026-09-23,2026-09-23T12:52:06+08:00,酷狗音乐,热歌榜,酷狗TOP500,2026-09-23,257,平凡之路,朴树,,5:01,2BE5DE80E68B3346918D38CF7527D979,2944963,https://www.kugou.com/yy/rank/home/12-8888.html?from=rank
2026-09-23,2026-09-23T12:52:06+08:00,酷狗音乐,热歌榜,酷狗TOP500,2026-09-23,258,春庭雪 (r&b微醺版),落日微醺,,3:44,34F0A836850778DA37190AA74ED2A06E,195834505,https://www.kugou.com/yy/rank/home/12-8888.html?from=rank
2026-09-23,2026-09-23T12:52:06+08:00,酷狗音乐,热歌榜,酷狗TOP500,2026-09-23,259,撕夜,阿杜,,4:39,F4654DA8D595995AA50EC54232E1D525,963634,https://www.kugou.com/yy/rank/home/12-8888.html?from=rank
2026-09-23,2026-09-23T12:52:06+08:00,酷狗音乐,热歌榜,酷狗TOP500,2026-09-23,260,Fever Pitch,Richz,,2:15,594B915AEEDA7DA8F5BD70B63EA76EAD,180499937,https://www.kugou.com/yy/rank/home/12-8888.html?from=rank
2026-09-23,2026-09-23T12:52:06+08:00,酷狗音乐,热歌榜,酷狗TOP500,2026-09-23,261,踏浪 (氛围说唱版),拖鞋pd、Andree Son,,3:14,C3BE66E17EDE7F55B7E850320E1D286F,206697411,https://www.kugou.com/yy/rank/home/12-8888.html?from=rank
2026-09-23,2026-09-23T12:52:06+08:00,酷狗音乐,热歌榜,酷狗TOP500,2026-09-23,262,光年之外,G.E.M.邓紫棋,,3:56,AA47B03289C80586FF72146359914A0C,1952211,https://www.kugou.com/yy/rank/home/12-8888.html?from=rank
2026-09-23,2026-09-23T12:52:06+08:00,酷狗音乐,热歌榜,酷狗TOP500,2026-09-23,263,哼着你爱听的歌 (女版),田园,,3:20,37B0685181098FB8427291594EDBC8CD,162686180,https://www.kugou.com/yy/rank/home/12-8888.html?from=rank
2026-09-23,2026-09-23T12:52:06+08:00,酷狗音乐,热歌榜,酷狗TOP500,2026-09-23,264,不是对手,李圣杰,,4:39,7925A669A62CF014625B5CE85E8EC326,959847,https://www.kugou.com/yy/rank/home/12-8888.html?from=rank
2026-09-23,2026-09-23T12:52:06+08:00,酷狗音乐,热歌榜,酷狗TOP500,2026-09-23,265,冬天的秘密,周传雄,,4:33,1088AEEAB9674A49F8067DCDEB1FC1EE,982655,https://www.kugou.com/yy/rank/home/13-8888.html?from=rank
2026-09-23,2026-09-23T12:52:06+08:00,酷狗音乐,热歌榜,酷狗TOP500,2026-09-23,266,敬岁月一杯酒,万海东,,3:32,C417C9621CD6D9A48DA79900D9B9502D,201889141,https://www.kugou.com/yy/rank/home/13-8888.html?from=rank
2026-09-23,2026-09-23T12:52:06+08:00,酷狗音乐,热歌榜,酷狗TOP500,2026-09-23,267,闭目入神,郑中基,,3:36,386EF80136EFD753F8C9CD75D18159C3,7547818,https://www.kugou.com/yy/rank/home/13-8888.html?from=rank
2026-09-23,2026-09-23T12:52:06+08:00,酷狗音乐,热歌榜,酷狗TOP500,2026-09-23,268,后会无期,汪苏泷、徐良,,3:32,5F86140467A73FBF9C4F339F7B9AFC2C,511536,https://www.kugou.com/yy/rank/home/13-8888.html?from=rank
2026-09-23,2026-09-23T12:52:06+08:00,酷狗音乐,热歌榜,酷狗TOP500,2026-09-23,269,天地龙鳞,王力宏,,3:17,DD83DC4A30C3A05D60FFCE6944FB441C,50749156,https://www.kugou.com/yy/rank/home/13-8888.html?from=rank
2026-09-23,2026-09-23T12:52:06+08:00,酷狗音乐,热歌榜,酷狗TOP500,2026-09-23,270,你的样子 (烟嗓版),十一经典老歌,,3:17,9CF9C5DDBC66437ED5BF2EDB46FF94D8,193387171,https://www.kugou.com/yy/rank/home/13-8888.html?from=rank
2026-09-23,2026-09-23T12:52:06+08:00,酷狗音乐,热歌榜,酷狗TOP500,2026-09-23,271,喜欢你,G.E.M.邓紫棋,,3:59,426D6BC62A73DF288F55CB3FCA8D2A62,557512,https://www.kugou.com/yy/rank/home/13-8888.html?from=rank
2026-09-23,2026-09-23T12:52:06+08:00,酷狗音乐,热歌榜,酷狗TOP500,2026-09-23,272,烟花易冷,周杰伦,,4:23,B9FC03DF9015D6BFF0554A110BF2C84F,958812,https://www.kugou.com/yy/rank/home/13-8888.html?from=rank
2026-09-23,2026-09-23T12:52:06+08:00,酷狗音乐,热歌榜,酷狗TOP500,2026-09-23,273,寂寞沙洲冷,周传雄,,4:35,36A4F5EAA748324A5D509D8EDC47699F,984377,https://www.kugou.com/yy/rank/home/13-8888.html?from=rank
2026-09-23,2026-09-23T12:52:06+08:00,酷狗音乐,热歌榜,酷狗TOP500,2026-09-23,274,天外来物,薛之谦,,4:17,761C1EAFBD1E22504B487F84D2152DF5,40890018,https://www.kugou.com/yy/rank/home/13-8888.html?from=rank
2026-09-23,2026-09-23T12:52:06+08:00,酷狗音乐,热歌榜,酷狗TOP500,2026-09-23,275,美丽的神话,孙楠、韩红,,4:52,877281C8E094A848F022BCAAA76945CB,964166,https://www.kugou.com/yy/rank/home/13-8888.html?from=rank
2026-09-23,2026-09-23T12:52:06+08:00,酷狗音乐,热歌榜,酷狗TOP500,2026-09-23,276,说好的幸福呢,周杰伦,,4:17,892B7AD62499C97A1A994454423E30F6,960399,https://www.kugou.com/yy/rank/home/13-8888.html?from=rank
2026-09-23,2026-09-23T12:52:06+08:00,酷狗音乐,热歌榜,酷狗TOP500,2026-09-23,277,开不了口,周杰伦,,4:44,32DD461A82439D4B75E87ECC3F047E6A,958706,https://www.kugou.com/yy/rank/home/13-8888.html?from=rank
2026-09-23,2026-09-23T12:52:06+08:00,酷狗音乐,热歌榜,酷狗TOP500,2026-09-23,278,空心 (Live),黄霄雲、刘端端,,4:55,6F74F7B3D9B87CA771573ABD27B2A820,199810791,https://www.kugou.com/yy/rank/home/13-8888.html?from=rank
2026-09-23,2026-09-23T12:52:06+08:00,酷狗音乐,热歌榜,酷狗TOP500,2026-09-23,279,怎么说我不爱你,萧敬腾,,4:35,30A31A94C77268C92886E00D912AC03B,958893,https://www.kugou.com/yy/rank/home/13-8888.html?from=rank
2026-09-23,2026-09-23T12:52:06+08:00,酷狗音乐,热歌榜,酷狗TOP500,2026-09-23,280,阳光下的星星,金海心,,4:44,8B60D8B58137C2D256DAA71B9D84C046,1738155,https://www.kugou.com/yy/rank/home/13-8888.html?from=rank
2026-09-23,2026-09-23T12:52:06+08:00,酷狗音乐,热歌榜,酷狗TOP500,2026-09-23,281,下个，路口，见,李宇春,,3:30,64F80BAE486AB418084E941AADA27545,502503,https://www.kugou.com/yy/rank/home/13-8888.html?from=rank
2026-09-23,2026-09-23T12:52:06+08:00,酷狗音乐,热歌榜,酷狗TOP500,2026-09-23,282,偏向,陈子晴,,3:06,8C75BDF9AA0370D34E43A0DF1430020E,41687570,https://www.kugou.com/yy/rank/home/13-8888.html?from=rank
2026-09-23,2026-09-23T12:52:06+08:00,酷狗音乐,热歌榜,酷狗TOP500,2026-09-23,283,说了再见,周杰伦,,4:43,966C718DA96EE29B3B466F773BFA9E2F,958812,https://www.kugou.com/yy/rank/home/13-8888.html?from=rank
2026-09-23,2026-09-23T12:52:06+08:00,酷狗音乐,热歌榜,酷狗TOP500,2026-09-23,284,求佛,誓言,,4:46,7B7140B23A836DC6EE63B6CD48482402,7614,https://www.kugou.com/yy/rank/home/13-8888.html?from=rank
2026-09-23,2026-09-23T12:52:06+08:00,酷狗音乐,热歌榜,酷狗TOP500,2026-09-23,285,一个人想着一个人,曾沛慈,,4:04,C9148675D85D3C2B306E966000BC5ABD,542900,https://www.kugou.com/yy/rank/home/13-8888.html?from=rank
2026-09-23,2026-09-23T12:52:06+08:00,酷狗音乐,热歌榜,酷狗TOP500,2026-09-23,286,不要说话,陈奕迅,,4:48,4A002DE48D2ED4C0942FA1A5851832C7,973108,https://www.kugou.com/yy/rank/home/13-8888.html?from=rank
2026-09-23,2026-09-23T12:52:06+08:00,酷狗音乐,热歌榜,酷狗TOP500,2026-09-23,287,好久不见,陈奕迅,,4:11,8E1DDAF172D9C60A28C19358B07BFBF8,962514,https://www.kugou.com/yy/rank/home/14-8888.html?from=rank
2026-09-23,2026-09-23T12:52:06+08:00,酷狗音乐,热歌榜,酷狗TOP500,2026-09-23,288,玫瑰花的葬礼,许嵩,,4:21,0A335E9374392B72E5965D8F6165E564,1968878,https://www.kugou.com/yy/rank/home/14-8888.html?from=rank
2026-09-23,2026-09-23T12:52:06+08:00,酷狗音乐,热歌榜,酷狗TOP500,2026-09-23,289,从山到海 (治愈民谣),小阿开,,4:00,A0D8A87C1A9DC098DBF9C6128759E07F,207489100,https://www.kugou.com/yy/rank/home/14-8888.html?from=rank
2026-09-23,2026-09-23T12:52:06+08:00,酷狗音乐,热歌榜,酷狗TOP500,2026-09-23,290,水手,郑智化,,4:53,6DCF10DEA98A7C9F755BE385E822BE05,967718,https://www.kugou.com/yy/rank/home/14-8888.html?from=rank
2026-09-23,2026-09-23T12:52:06+08:00,酷狗音乐,热歌榜,酷狗TOP500,2026-09-23,291,独角戏,许茹芸,,4:37,59A58ADD9C4F4EECA6B20F3A1A04E956,973658,https://www.kugou.com/yy/rank/home/14-8888.html?from=rank
2026-09-23,2026-09-23T12:52:06+08:00,酷狗音乐,热歌榜,酷狗TOP500,2026-09-23,292,就是爱你,陶喆,,4:24,43485D7A650AFF532E5ECF24D7FB6381,7547427,https://www.kugou.com/yy/rank/home/14-8888.html?from=rank
2026-09-23,2026-09-23T12:52:06+08:00,酷狗音乐,热歌榜,酷狗TOP500,2026-09-23,293,我走后,小咪,,4:08,00751DE0946619BCDE4A4E15397F2A15,22216764,https://www.kugou.com/yy/rank/home/14-8888.html?from=rank
2026-09-23,2026-09-23T12:52:06+08:00,酷狗音乐,热歌榜,酷狗TOP500,2026-09-23,294,老人与海,海鸣威、吴琼,,4:26,64550F3E833ABE710545EA84FC82754E,1778632,https://www.kugou.com/yy/rank/home/14-8888.html?from=rank
2026-09-23,2026-09-23T12:52:06+08:00,酷狗音乐,热歌榜,酷狗TOP500,2026-09-23,295,IF YOU,BIGBANG,,4:24,33C5FC6AB3AF0B5B142F12C9556CB178,549436,https://www.kugou.com/yy/rank/home/14-8888.html?from=rank
2026-09-23,2026-09-23T12:52:06+08:00,酷狗音乐,热歌榜,酷狗TOP500,2026-09-23,296,说散就散,袁娅维TIA RAY,,4:03,837D7CEC9202B47F077BB7FE8C0C1A08,8025931,https://www.kugou.com/yy/rank/home/14-8888.html?from=rank
2026-09-23,2026-09-23T12:52:06+08:00,酷狗音乐,热歌榜,酷狗TOP500,2026-09-23,297,喀什噶尔胡杨 (Demo珍藏版),刀郎,,6:07,872DA0844C98148147D1FEBEA92501D5,559697,https://www.kugou.com/yy/rank/home/14-8888.html?from=rank
2026-09-23,2026-09-23T12:52:06+08:00,酷狗音乐,热歌榜,酷狗TOP500,2026-09-23,298,有风的日落,万海东,,3:49,94774F06E73EF9ABD739423E1A414593,181906094,https://www.kugou.com/yy/rank/home/14-8888.html?from=rank
2026-09-23,2026-09-23T12:52:06+08:00,酷狗音乐,热歌榜,酷狗TOP500,2026-09-23,299,夏夜最后的烟火,颜人中,,4:40,4E418EDAB22093B51C78C81C0A8C9B31,39949767,https://www.kugou.com/yy/rank/home/14-8888.html?from=rank
2026-09-23,2026-09-23T12:52:06+08:00,酷狗音乐,热歌榜,酷狗TOP500,2026-09-23,300,后来的我们,五月天,,5:46,09120C11A5C376EC7D1640098FA70CDC,1748942,https://www.kugou.com/yy/rank/home/14-8888.html?from=rank
2026-09-23,2026-09-23T12:52:06+08:00,酷狗音乐,热歌榜,酷狗TOP500,2026-09-23,301,甲乙丙丁,七分可可,,3:48,0B96FEEB51604A6904899D0C618F446D,197347781,https://www.kugou.com/yy/rank/home/14-8888.html?from=rank
2026-09-23,2026-09-23T12:52:06+08:00,酷狗音乐,热歌榜,酷狗TOP500,2026-09-23,302,落空,印子月,,3:53,F2823FEC8D01EDE2587ED3D32F787782,15394482,https://www.kugou.com/yy/rank/home/14-8888.html?from=rank
2026-09-23,2026-09-23T12:52:06+08:00,酷狗音乐,热歌榜,酷狗TOP500,2026-09-23,303,倘若你爱一人,王唯旖,,3:57,452F7E058B44E2229B59A693E9AD3524,198657446,https://www.kugou.com/yy/rank/home/14-8888.html?from=rank
2026-09-23,2026-09-23T12:52:06+08:00,酷狗音乐,热歌榜,酷狗TOP500,2026-09-23,304,无人之岛,任然,,4:45,8E568D8806F771607104D8BF9695ACE0,2916172,https://www.kugou.com/yy/rank/home/14-8888.html?from=rank
2026-09-23,2026-09-23T12:52:06+08:00,酷狗音乐,热歌榜,酷狗TOP500,2026-09-23,305,荒,郑鱼,,3:30,1D1B5597513DF51039D2E6F34F9CB31C,70140125,https://www.kugou.com/yy/rank/home/14-8888.html?from=rank
2026-09-23,2026-09-23T12:52:06+08:00,酷狗音乐,热歌榜,酷狗TOP500,2026-09-23,306,Beauty And A Beat,Justin Bieber、Nicki Minaj,,3:47,FF5719341A9B004AA3E7312D617AE305,16996733,https://www.kugou.com/yy/rank/home/14-8888.html?from=rank
2026-09-23,2026-09-23T12:52:06+08:00,酷狗音乐,热歌榜,酷狗TOP500,2026-09-23,307,说文解字,灯叔、方大树,,2:44,8E1C8E7914488017C3BCCCB5C26E579C,205506790,https://www.kugou.com/yy/rank/home/14-8888.html?from=rank
2026-09-23,2026-09-23T12:52:06+08:00,酷狗音乐,热歌榜,酷狗TOP500,2026-09-23,308,红豆,王菲,,4:16,AEF916A18BAAE9C8E7807179C8DA64D1,960812,https://www.kugou.com/yy/rank/home/14-8888.html?from=rank
2026-09-23,2026-09-23T12:52:06+08:00,酷狗音乐,热歌榜,酷狗TOP500,2026-09-23,309,枪火 (相对那就针锋相对),宝石Gem,,3:18,76923758046CB591DC9556D1FB69D976,154798334,https://www.kugou.com/yy/rank/home/15-8888.html?from=rank
2026-09-23,2026-09-23T12:52:06+08:00,酷狗音乐,热歌榜,酷狗TOP500,2026-09-23,310,珊瑚海,周杰伦、Lara梁心颐,,4:16,90E34F0C582168E7EA857915771AB220,958909,https://www.kugou.com/yy/rank/home/15-8888.html?from=rank
2026-09-23,2026-09-23T12:52:06+08:00,酷狗音乐,热歌榜,酷狗TOP500,2026-09-23,311,瞬,郑润泽,,4:45,C06970FDB48E8E1F9BBC7577B7BC1938,75949211,https://www.kugou.com/yy/rank/home/15-8888.html?from=rank
2026-09-23,2026-09-23T12:52:06+08:00,酷狗音乐,热歌榜,酷狗TOP500,2026-09-23,312,手放开,李圣杰,,4:25,022583751858F1E3558F32EC4ECF7DD5,959847,https://www.kugou.com/yy/rank/home/15-8888.html?from=rank
2026-09-23,2026-09-23T12:52:06+08:00,酷狗音乐,热歌榜,酷狗TOP500,2026-09-23,313,花海,周杰伦,,4:25,3328808CECBD1A1038166003840FDDD7,960399,https://www.kugou.com/yy/rank/home/15-8888.html?from=rank
2026-09-23,2026-09-23T12:52:06+08:00,酷狗音乐,热歌榜,酷狗TOP500,2026-09-23,314,泪海,付豪,,3:55,61D61E5A2C7C1E4CD20253B8734653D5,207787701,https://www.kugou.com/yy/rank/home/15-8888.html?from=rank
2026-09-23,2026-09-23T12:52:06+08:00,酷狗音乐,热歌榜,酷狗TOP500,2026-09-23,315,Take Me To Your Heart,Michael Learns To Rock,,3:58,C4B0F9CDC445058C9F5BCD60F5CF0D91,959808,https://www.kugou.com/yy/rank/home/15-8888.html?from=rank
2026-09-23,2026-09-23T12:52:06+08:00,酷狗音乐,热歌榜,酷狗TOP500,2026-09-23,316,放生,范逸臣 Van Fan,,4:33,ECAD846ED5A19AD736F9885F805A7E64,490139,https://www.kugou.com/yy/rank/home/15-8888.html?from=rank
2026-09-23,2026-09-23T12:52:06+08:00,酷狗音乐,热歌榜,酷狗TOP500,2026-09-23,317,そばにいるね (留在我身边),青山テルマ、SoulJa,,5:00,15ECAE5528C7B8E085423F27AA07E63A,16051946,https://www.kugou.com/yy/rank/home/15-8888.html?from=rank
2026-09-23,2026-09-23T12:52:06+08:00,酷狗音乐,热歌榜,酷狗TOP500,2026-09-23,318,突然好想你,五月天,,4:26,CF67FCE66C4F54823FDFCBD529797552,976965,https://www.kugou.com/yy/rank/home/15-8888.html?from=rank
2026-09-23,2026-09-23T12:52:06+08:00,酷狗音乐,热歌榜,酷狗TOP500,2026-09-23,319,不是真的爱我,孙燕姿,,4:01,27AC85A9FA90EBCC0E9C7BEF6E3AE2C0,970542,https://www.kugou.com/yy/rank/home/15-8888.html?from=rank
2026-09-23,2026-09-23T12:52:06+08:00,酷狗音乐,热歌榜,酷狗TOP500,2026-09-23,320,同花顺,林倛玉,,3:57,87C979FC3CBA27D6345528A1BEF05477,8603846,https://www.kugou.com/yy/rank/home/15-8888.html?from=rank
2026-09-23,2026-09-23T12:52:06+08:00,酷狗音乐,热歌榜,酷狗TOP500,2026-09-23,321,他真的对你好吗,付豪,,4:18,B1B875147F45355FF807402402F5B573,55501876,https://www.kugou.com/yy/rank/home/15-8888.html?from=rank
2026-09-23,2026-09-23T12:52:06+08:00,酷狗音乐,热歌榜,酷狗TOP500,2026-09-23,322,总有一天你会出现在我身边,棱镜乐队,,4:30,8E6A42453EF5B06A87772F8FF4AD5188,10808308,https://www.kugou.com/yy/rank/home/15-8888.html?from=rank
2026-09-23,2026-09-23T12:52:06+08:00,酷狗音乐,热歌榜,酷狗TOP500,2026-09-23,323,疑心病,任然,,4:52,030BE0EE70580141E406B90363A08494,1006462,https://www.kugou.com/yy/rank/home/15-8888.html?from=rank
2026-09-23,2026-09-23T12:52:06+08:00,酷狗音乐,热歌榜,酷狗TOP500,2026-09-23,324,不能说的秘密,周杰伦,,4:57,EDFC5DD1AC3D58971AB95B3E2700D015,554150,https://www.kugou.com/yy/rank/home/15-8888.html?from=rank
2026-09-23,2026-09-23T12:52:06+08:00,酷狗音乐,热歌榜,酷狗TOP500,2026-09-23,325,冷夜,陈默之,,4:07,DC939521FA5F5736A33765D56B90E03C,84595635,https://www.kugou.com/yy/rank/home/15-8888.html?from=rank
2026-09-23,2026-09-23T12:52:06+08:00,酷狗音乐,热歌榜,酷狗TOP500,2026-09-23,326,像风一样,薛之谦,,4:15,ACC9BB4136622B3E2BA561B87FFF00D9,7818079,https://www.kugou.com/yy/rank/home/15-8888.html?from=rank
2026-09-23,2026-09-23T12:52:06+08:00,酷狗音乐,热歌榜,酷狗TOP500,2026-09-23,327,西楼儿女,海来阿木,,4:18,84DA47460010F3D91E203F777233DAA4,62931439,https://www.kugou.com/yy/rank/home/15-8888.html?from=rank
2026-09-23,2026-09-23T12:52:06+08:00,酷狗音乐,热歌榜,酷狗TOP500,2026-09-23,328,感谢你曾来过,Ayo97、周思涵,,4:10,39DCBBDCB0B377628BEF5FD48EF01254,9101627,https://www.kugou.com/yy/rank/home/15-8888.html?from=rank
2026-09-23,2026-09-23T12:52:06+08:00,酷狗音乐,热歌榜,酷狗TOP500,2026-09-23,329,不该 (with aMEI),周杰伦、张惠妹,,4:51,FCF336E81DA45A8E696032FFC1708175,1645030,https://www.kugou.com/yy/rank/home/15-8888.html?from=rank
2026-09-23,2026-09-23T12:52:06+08:00,酷狗音乐,热歌榜,酷狗TOP500,2026-09-23,330,哑巴岁月,翔屿、听潮阁,,4:04,BC52E5B0A78A517BA643761165E1FE3C,201646153,https://www.kugou.com/yy/rank/home/15-8888.html?from=rank
2026-09-23,2026-09-23T12:52:06+08:00,酷狗音乐,热歌榜,酷狗TOP500,2026-09-23,331,我太笨,锤娜丽莎,,4:25,A5D4F40382C0DF1A95A48A617793F03E,46432417,https://www.kugou.com/yy/rank/home/16-8888.html?from=rank
2026-09-23,2026-09-23T12:52:06+08:00,酷狗音乐,热歌榜,酷狗TOP500,2026-09-23,332,爱我还是他,陶喆,,4:52,99BB8912A33F263BA28381DE8F52BFE6,7547427,https://www.kugou.com/yy/rank/home/16-8888.html?from=rank
2026-09-23,2026-09-23T12:52:06+08:00,酷狗音乐,热歌榜,酷狗TOP500,2026-09-23,333,淘汰,陈奕迅,,4:45,90C64A1FB2F32663FA8037D847AABB57,962514,https://www.kugou.com/yy/rank/home/16-8888.html?from=rank
2026-09-23,2026-09-23T12:52:06+08:00,酷狗音乐,热歌榜,酷狗TOP500,2026-09-23,334,一程山路,毛不易,,3:36,72F2E36F606EB3DACF2ACD9DE67FCBD3,34631159,https://www.kugou.com/yy/rank/home/16-8888.html?from=rank
2026-09-23,2026-09-23T12:52:06+08:00,酷狗音乐,热歌榜,酷狗TOP500,2026-09-23,335,我在月光下许过情真 (微醺版),苏晚星,,4:01,90D5CE02942E4B72FD20129E72A3DEA3,192801861,https://www.kugou.com/yy/rank/home/16-8888.html?from=rank
2026-09-23,2026-09-23T12:52:06+08:00,酷狗音乐,热歌榜,酷狗TOP500,2026-09-23,336,广东爱情故事,广东雨神,,3:34,7A2956668C7D5393FF16AD930C23F2FD,4162049,https://www.kugou.com/yy/rank/home/16-8888.html?from=rank
2026-09-23,2026-09-23T12:52:06+08:00,酷狗音乐,热歌榜,酷狗TOP500,2026-09-23,337,天黑黑,孙燕姿,,3:56,D4601C9FFEADB42961CE4E623FAFD279,973684,https://www.kugou.com/yy/rank/home/16-8888.html?from=rank
2026-09-23,2026-09-23T12:52:06+08:00,酷狗音乐,热歌榜,酷狗TOP500,2026-09-23,338,离歌,信乐团,,4:28,59CF0756AABF490875CEA51FEBCAACB5,981338,https://www.kugou.com/yy/rank/home/16-8888.html?from=rank
2026-09-23,2026-09-23T12:52:06+08:00,酷狗音乐,热歌榜,酷狗TOP500,2026-09-23,339,敢不敢 (Still Us),Desire4、黄星、邱鼎杰、李沛恩、江衡,,3:05,07D8583CE9A4045FB39F9A406EDB2D98,208083619,https://www.kugou.com/yy/rank/home/16-8888.html?from=rank
2026-09-23,2026-09-23T12:52:06+08:00,酷狗音乐,热歌榜,酷狗TOP500,2026-09-23,340,先说爱的人为什么先离开,田园,,3:40,6379393814B0A74AB7B87B2FA9E87689,107655422,https://www.kugou.com/yy/rank/home/16-8888.html?from=rank
2026-09-23,2026-09-23T12:52:06+08:00,酷狗音乐,热歌榜,酷狗TOP500,2026-09-23,341,慢冷 (Live),李荣浩,,2:44,3536800EC50F04EBF68FB22E7AF6B124,59599171,https://www.kugou.com/yy/rank/home/16-8888.html?from=rank
2026-09-23,2026-09-23T12:52:06+08:00,酷狗音乐,热歌榜,酷狗TOP500,2026-09-23,342,琵琶行,奇然、沈谧仁,,5:35,0AB355EF75A56A57E1790734B2E26ED9,2563381,https://www.kugou.com/yy/rank/home/16-8888.html?from=rank
2026-09-23,2026-09-23T12:52:06+08:00,酷狗音乐,热歌榜,酷狗TOP500,2026-09-23,343,不得不爱,潘玮柏、弦子,,4:41,8F9E3FD474EA612C61EB20D1415767BF,972809,https://www.kugou.com/yy/rank/home/16-8888.html?from=rank
2026-09-23,2026-09-23T12:52:06+08:00,酷狗音乐,热歌榜,酷狗TOP500,2026-09-23,344,不再犹豫,BEYOND,,4:15,C477FE5B38147B7522DFCF3DC5BB8A6B,8176296,https://www.kugou.com/yy/rank/home/16-8888.html?from=rank
2026-09-23,2026-09-23T12:52:06+08:00,酷狗音乐,热歌榜,酷狗TOP500,2026-09-23,345,不浪漫罪名,王杰,,4:48,4255D3F001B95B07F2D5BE330D14A780,503247,https://www.kugou.com/yy/rank/home/16-8888.html?from=rank
2026-09-23,2026-09-23T12:52:06+08:00,酷狗音乐,热歌榜,酷狗TOP500,2026-09-23,346,无赖,郑中基,,4:04,1C8DCCD42F3FA29BB2878E20C90281E3,7547818,https://www.kugou.com/yy/rank/home/16-8888.html?from=rank
2026-09-23,2026-09-23T12:52:06+08:00,酷狗音乐,热歌榜,酷狗TOP500,2026-09-23,347,吻别 (烟嗓女版),烟嗓小希,,4:49,12750D3982067B33EB395B9BF2A714E0,200693191,https://www.kugou.com/yy/rank/home/16-8888.html?from=rank
2026-09-23,2026-09-23T12:52:06+08:00,酷狗音乐,热歌榜,酷狗TOP500,2026-09-23,348,遗憾 (如果回到那从前),阿美呀、刘纯,,3:19,FE7CA8832ABD70BDA48A61CEC207F034,206144715,https://www.kugou.com/yy/rank/home/16-8888.html?from=rank
2026-09-23,2026-09-23T12:52:06+08:00,酷狗音乐,热歌榜,酷狗TOP500,2026-09-23,349,最长的电影,周杰伦,,3:56,2F6D441163A92AEE5E52B8E94F36A3C7,979856,https://www.kugou.com/yy/rank/home/16-8888.html?from=rank
2026-09-23,2026-09-23T12:52:06+08:00,酷狗音乐,热歌榜,酷狗TOP500,2026-09-23,350,小半 (Live),王铮亮、谭松韵,,5:14,D0CF7A8F58E9AB02D7B3305E425AE73C,196185049,https://www.kugou.com/yy/rank/home/16-8888.html?from=rank
2026-09-23,2026-09-23T12:52:06+08:00,酷狗音乐,热歌榜,酷狗TOP500,2026-09-23,351,有点甜,汪苏泷、BY2,,3:55,99CFDC717FEB7DABCD8A6392D821FC08,516425,https://www.kugou.com/yy/rank/home/16-8888.html?from=rank
2026-09-23,2026-09-23T12:52:06+08:00,酷狗音乐,热歌榜,酷狗TOP500,2026-09-23,352,你是我心中最痛的伤疤,龙涛,,4:12,144ED63C33498D21A77548ED08E6A0EC,206497905,https://www.kugou.com/yy/rank/home/16-8888.html?from=rank
2026-09-23,2026-09-23T12:52:06+08:00,酷狗音乐,热歌榜,酷狗TOP500,2026-09-23,353,走走,李荣浩,,5:04,0BD5B6F56CED35BB3380425EC02E1098,106374641,https://www.kugou.com/yy/rank/home/17-8888.html?from=rank
2026-09-23,2026-09-23T12:52:06+08:00,酷狗音乐,热歌榜,酷狗TOP500,2026-09-23,354,读心术,卓文萱,,4:20,3F98A771F8F33556966A9990F66D95C4,965920,https://www.kugou.com/yy/rank/home/17-8888.html?from=rank
2026-09-23,2026-09-23T12:52:06+08:00,酷狗音乐,热歌榜,酷狗TOP500,2026-09-23,355,是我不够好,李毓芬,,3:37,2B152C85BA2B73CBC79EA722928EF425,1590098,https://www.kugou.com/yy/rank/home/17-8888.html?from=rank
2026-09-23,2026-09-23T12:52:06+08:00,酷狗音乐,热歌榜,酷狗TOP500,2026-09-23,356,我捅了爱情的马蜂窝,金禾安、马耀火,,2:12,E8B536FB6B3E6841036AD7F2AEB39CC0,207218337,https://www.kugou.com/yy/rank/home/17-8888.html?from=rank
2026-09-23,2026-09-23T12:52:06+08:00,酷狗音乐,热歌榜,酷狗TOP500,2026-09-23,357,十面埋伏,陈奕迅,,3:52,90B8469459CBA58A5DDEDD9350286DD8,2996227,https://www.kugou.com/yy/rank/home/17-8888.html?from=rank
2026-09-23,2026-09-23T12:52:06+08:00,酷狗音乐,热歌榜,酷狗TOP500,2026-09-23,358,下雨天,南拳妈妈,,4:13,947127F991A6A4FF77C89779E6B25AF4,983794,https://www.kugou.com/yy/rank/home/17-8888.html?from=rank
2026-09-23,2026-09-23T12:52:06+08:00,酷狗音乐,热歌榜,酷狗TOP500,2026-09-23,359,等你下课 (with 杨瑞代),周杰伦,,4:30,5D043EC8BF78A185A01CC45A6032DE1F,58849245,https://www.kugou.com/yy/rank/home/17-8888.html?from=rank
2026-09-23,2026-09-23T12:52:06+08:00,酷狗音乐,热歌榜,酷狗TOP500,2026-09-23,360,岁月如笔写春秋,郭少杰,,4:11,6FCF099C6A88F85FC8417AFD452D54FD,190046745,https://www.kugou.com/yy/rank/home/17-8888.html?from=rank
2026-09-23,2026-09-23T12:52:06+08:00,酷狗音乐,热歌榜,酷狗TOP500,2026-09-23,361,爱丫爱丫,BY2,,3:51,18008576BCFBA9750C2C60EB6C204270,981935,https://www.kugou.com/yy/rank/home/17-8888.html?from=rank
2026-09-23,2026-09-23T12:52:06+08:00,酷狗音乐,热歌榜,酷狗TOP500,2026-09-23,362,假如爱有天意,李健,,5:04,3468AC9F71B41D757F3A0B85DF7A74BD,550489,https://www.kugou.com/yy/rank/home/17-8888.html?from=rank
2026-09-23,2026-09-23T12:52:06+08:00,酷狗音乐,热歌榜,酷狗TOP500,2026-09-23,363,一生中最爱,谭咏麟,,4:19,360AD5530A95B8983E2AB369607A7D1B,960008,https://www.kugou.com/yy/rank/home/17-8888.html?from=rank
2026-09-23,2026-09-23T12:52:06+08:00,酷狗音乐,热歌榜,酷狗TOP500,2026-09-23,364,背叛情歌 (烟嗓版),谢尔西,,4:39,0C2FCE33BA27021CA0964D45484F2DE5,198720373,https://www.kugou.com/yy/rank/home/17-8888.html?from=rank
2026-09-23,2026-09-23T12:52:06+08:00,酷狗音乐,热歌榜,酷狗TOP500,2026-09-23,365,真的爱你,BEYOND,,4:35,C46916711631EA28508A41C325A74E1B,971451,https://www.kugou.com/yy/rank/home/17-8888.html?from=rank
2026-09-23,2026-09-23T12:52:06+08:00,酷狗音乐,热歌榜,酷狗TOP500,2026-09-23,366,想你的夜,关喆,,4:25,1404A292A6E122C99696BDFF04CE982F,963737,https://www.kugou.com/yy/rank/home/17-8888.html?from=rank
2026-09-23,2026-09-23T12:52:06+08:00,酷狗音乐,热歌榜,酷狗TOP500,2026-09-23,367,再见只是陌生人,庄心妍,,4:12,67F2E5F1B47C2B86E201518FD24D9831,556403,https://www.kugou.com/yy/rank/home/17-8888.html?from=rank
2026-09-23,2026-09-23T12:52:06+08:00,酷狗音乐,热歌榜,酷狗TOP500,2026-09-23,368,不如见一面,海来阿木,,4:08,A8CC7F0EA73DE4DE226B26C3F44DD563,80038154,https://www.kugou.com/yy/rank/home/17-8888.html?from=rank
2026-09-23,2026-09-23T12:52:06+08:00,酷狗音乐,热歌榜,酷狗TOP500,2026-09-23,369,明天，你好,牛奶咖啡,,4:32,A9527F71F7149F13E1F78B23C25DD30B,967562,https://www.kugou.com/yy/rank/home/17-8888.html?from=rank
2026-09-23,2026-09-23T12:52:06+08:00,酷狗音乐,热歌榜,酷狗TOP500,2026-09-23,370,拥抱着你的滋味,自由派对,,3:23,EBBBF8EE37CDAC484B6D0EFB08B4AB9D,26982910,https://www.kugou.com/yy/rank/home/17-8888.html?from=rank
2026-09-23,2026-09-23T12:52:06+08:00,酷狗音乐,热歌榜,酷狗TOP500,2026-09-23,371,失忆,李佳薇,,3:44,9F408EF17E45AA384C5B01E78E79325B,206308166,https://www.kugou.com/yy/rank/home/17-8888.html?from=rank
2026-09-23,2026-09-23T12:52:06+08:00,酷狗音乐,热歌榜,酷狗TOP500,2026-09-23,372,鼓楼,赵雷,,4:41,5A794095301611FB8600A85301B0BFC4,1946722,https://www.kugou.com/yy/rank/home/17-8888.html?from=rank
2026-09-23,2026-09-23T12:52:06+08:00,酷狗音乐,热歌榜,酷狗TOP500,2026-09-23,373,天若有情,A-Lin,,4:17,2E6CE4E79982AE2119A69C1D30537EA2,1805426,https://www.kugou.com/yy/rank/home/17-8888.html?from=rank
2026-09-23,2026-09-23T12:52:06+08:00,酷狗音乐,热歌榜,酷狗TOP500,2026-09-23,374,受伤之后的痛难消失 (深情版),初夏凤情,,3:42,8EDA7A2CBE702E1CE168CB907D41BB3C,207555800,https://www.kugou.com/yy/rank/home/17-8888.html?from=rank
2026-09-23,2026-09-23T12:52:06+08:00,酷狗音乐,热歌榜,酷狗TOP500,2026-09-23,375,梦的翅膀受了伤,大圆哥,,4:35,F2A2EBE34172E1CBFDD551DBFB361CA4,204867653,https://www.kugou.com/yy/rank/home/18-8888.html?from=rank
2026-09-23,2026-09-23T12:52:06+08:00,酷狗音乐,热歌榜,酷狗TOP500,2026-09-23,376,月光,胡彦斌,,4:32,3ED31D9A5C8B2F28529E69E8B17DFEA3,7547355,https://www.kugou.com/yy/rank/home/18-8888.html?from=rank
2026-09-23,2026-09-23T12:52:06+08:00,酷狗音乐,热歌榜,酷狗TOP500,2026-09-23,377,大海,张雨生,,4:40,BF8252BEAE57AEB53490145CA8E81BB4,967705,https://www.kugou.com/yy/rank/home/18-8888.html?from=rank
2026-09-23,2026-09-23T12:52:06+08:00,酷狗音乐,热歌榜,酷狗TOP500,2026-09-23,378,雨天,孙燕姿,,4:02,9077648AA3ABA06B76FD7569FB715EAF,4075477,https://www.kugou.com/yy/rank/home/18-8888.html?from=rank
2026-09-23,2026-09-23T12:52:06+08:00,酷狗音乐,热歌榜,酷狗TOP500,2026-09-23,379,天下,张杰,,3:42,17B11C65674378CA43995537331E1D9C,38606351,https://www.kugou.com/yy/rank/home/18-8888.html?from=rank
2026-09-23,2026-09-23T12:52:06+08:00,酷狗音乐,热歌榜,酷狗TOP500,2026-09-23,380,讨厌,芮恩,,4:18,C88A8D3EF16E2C4E944B947E0F56A7AD,2996887,https://www.kugou.com/yy/rank/home/18-8888.html?from=rank
2026-09-23,2026-09-23T12:52:06+08:00,酷狗音乐,热歌榜,酷狗TOP500,2026-09-23,381,命运,家家,,3:51,B149A3BFD19481F91B9A652AA8EA21C1,959745,https://www.kugou.com/yy/rank/home/18-8888.html?from=rank
2026-09-23,2026-09-23T12:52:06+08:00,酷狗音乐,热歌榜,酷狗TOP500,2026-09-23,382,我想更懂你,潘玮柏、苏芮,,4:26,78B2D0150548F5D21D25EF742496F931,7547698,https://www.kugou.com/yy/rank/home/18-8888.html?from=rank
2026-09-23,2026-09-23T12:52:06+08:00,酷狗音乐,热歌榜,酷狗TOP500,2026-09-23,383,记事本,陈慧琳,,4:11,26684870E2CE3936A3D72559F67C0606,2996651,https://www.kugou.com/yy/rank/home/18-8888.html?from=rank
2026-09-23,2026-09-23T12:52:06+08:00,酷狗音乐,热歌榜,酷狗TOP500,2026-09-23,384,知了,陈默之,,3:52,FE6608CE529684B94CBA506E2B0C7BB6,91222498,https://www.kugou.com/yy/rank/home/18-8888.html?from=rank
2026-09-23,2026-09-23T12:52:06+08:00,酷狗音乐,热歌榜,酷狗TOP500,2026-09-23,385,漂洋过海来看你,刘明湘,,4:59,1A8FC548D34377622017AAEF1C6418FD,1791001,https://www.kugou.com/yy/rank/home/18-8888.html?from=rank
2026-09-23,2026-09-23T12:52:06+08:00,酷狗音乐,热歌榜,酷狗TOP500,2026-09-23,386,有我呢,郭一凡,,4:35,8E21C8F3484FB56833F563754A05CB25,32452531,https://www.kugou.com/yy/rank/home/18-8888.html?from=rank
2026-09-23,2026-09-23T12:52:06+08:00,酷狗音乐,热歌榜,酷狗TOP500,2026-09-23,387,刻在我心底的名字,卢广仲,,5:20,5CDCAAF9E7B91E94FD012589D00FDBEA,39020767,https://www.kugou.com/yy/rank/home/18-8888.html?from=rank
2026-09-23,2026-09-23T12:52:06+08:00,酷狗音乐,热歌榜,酷狗TOP500,2026-09-23,388,我想念,汪苏泷,,3:45,A6545AABFE93C5495BA8ADB2A555B84F,76163380,https://www.kugou.com/yy/rank/home/18-8888.html?from=rank
2026-09-23,2026-09-23T12:52:06+08:00,酷狗音乐,热歌榜,酷狗TOP500,2026-09-23,389,夜空中最亮的星,逃跑计划,,4:12,766877C1D3DD28BE7546506922EA17D7,961718,https://www.kugou.com/yy/rank/home/18-8888.html?from=rank
2026-09-23,2026-09-23T12:52:06+08:00,酷狗音乐,热歌榜,酷狗TOP500,2026-09-23,390,Letting Go,蔡健雅,,4:23,326CBB23BAA90062047512376AA406A4,978874,https://www.kugou.com/yy/rank/home/18-8888.html?from=rank
2026-09-23,2026-09-23T12:52:06+08:00,酷狗音乐,热歌榜,酷狗TOP500,2026-09-23,391,你从未离去,白挺,,3:43,8CB352EA34844A50424A6D6CD0F2515C,648995,https://www.kugou.com/yy/rank/home/18-8888.html?from=rank
2026-09-23,2026-09-23T12:52:06+08:00,酷狗音乐,热歌榜,酷狗TOP500,2026-09-23,392,他一定很爱你,阿杜,,3:31,05E693C88CE84950E159DA62EB1013ED,963634,https://www.kugou.com/yy/rank/home/18-8888.html?from=rank
2026-09-23,2026-09-23T12:52:06+08:00,酷狗音乐,热歌榜,酷狗TOP500,2026-09-23,393,你的承诺,海鸣威,,3:53,9F08ECA9AE8E5EE2432E37FF914B95DE,490417,https://www.kugou.com/yy/rank/home/18-8888.html?from=rank
2026-09-23,2026-09-23T12:52:06+08:00,酷狗音乐,热歌榜,酷狗TOP500,2026-09-23,394,可能,程响,,3:37,38B234C1135A5E9A4C98D55C058A4894,57727291,https://www.kugou.com/yy/rank/home/18-8888.html?from=rank
2026-09-23,2026-09-23T12:52:06+08:00,酷狗音乐,热歌榜,酷狗TOP500,2026-09-23,395,左手指月,萨顶顶,,3:51,EBCCDE59F97BC06183F3B1A8502B7479,22191384,https://www.kugou.com/yy/rank/home/18-8888.html?from=rank
2026-09-23,2026-09-23T12:52:06+08:00,酷狗音乐,热歌榜,酷狗TOP500,2026-09-23,396,句号,G.E.M.邓紫棋,,3:56,0EC0DFE7A4090B3C5C2C1831D7F3ED51,35503028,https://www.kugou.com/yy/rank/home/18-8888.html?from=rank
2026-09-23,2026-09-23T12:52:06+08:00,酷狗音乐,热歌榜,酷狗TOP500,2026-09-23,397,如果这就是爱情,张靓颖,,4:43,4E871DF1E2034CF6BAAD7B03D2386058,2597425,https://www.kugou.com/yy/rank/home/19-8888.html?from=rank
2026-09-23,2026-09-23T12:52:06+08:00,酷狗音乐,热歌榜,酷狗TOP500,2026-09-23,398,只为你着迷,李秉成,,4:01,C2F47FB042D8FE6A2B5265DFCF8919A5,11795396,https://www.kugou.com/yy/rank/home/19-8888.html?from=rank
2026-09-23,2026-09-23T12:52:06+08:00,酷狗音乐,热歌榜,酷狗TOP500,2026-09-23,399,我恨明月不照我,阿YueYue,,4:12,B1B259EEA7E93DE5F6C759BA6C45777C,172322576,https://www.kugou.com/yy/rank/home/19-8888.html?from=rank
2026-09-23,2026-09-23T12:52:06+08:00,酷狗音乐,热歌榜,酷狗TOP500,2026-09-23,400,恶作剧,王蓝茵,,3:47,05B893FC78627C3F5635491BBB35167E,720564,https://www.kugou.com/yy/rank/home/19-8888.html?from=rank
2026-09-23,2026-09-23T12:52:06+08:00,酷狗音乐,热歌榜,酷狗TOP500,2026-09-23,401,ありがとう… (谢谢…),KOKIA,,4:09,E9A08A98614DD992F11A68A5E5F1C79F,1491689,https://www.kugou.com/yy/rank/home/19-8888.html?from=rank
2026-09-23,2026-09-23T12:52:06+08:00,酷狗音乐,热歌榜,酷狗TOP500,2026-09-23,402,我们的时光,赵雷,,4:31,84EA1667187279849794A9CC96FA0D27,963934,https://www.kugou.com/yy/rank/home/19-8888.html?from=rank
2026-09-23,2026-09-23T12:52:06+08:00,酷狗音乐,热歌榜,酷狗TOP500,2026-09-23,403,虚拟,陈粒,,4:01,AEF0740270FE89918F07807C8D669FB7,1749208,https://www.kugou.com/yy/rank/home/19-8888.html?from=rank
2026-09-23,2026-09-23T12:52:06+08:00,酷狗音乐,热歌榜,酷狗TOP500,2026-09-23,404,回到小村落 (烟嗓版),烟嗓别针plus,,3:39,B3A557C464546E69AFB5A7FBE370E6A2,203603720,https://www.kugou.com/yy/rank/home/19-8888.html?from=rank
2026-09-23,2026-09-23T12:52:06+08:00,酷狗音乐,热歌榜,酷狗TOP500,2026-09-23,405,Because of You,Kelly Clarkson,,3:39,FED9A7BE6BC7D2FF3B8426ECEF34A2B6,1592158,https://www.kugou.com/yy/rank/home/19-8888.html?from=rank
2026-09-23,2026-09-23T12:52:06+08:00,酷狗音乐,热歌榜,酷狗TOP500,2026-09-23,406,病态的爱 (忘不掉你带给我的吻),哈利白特、Zkaaai,,3:21,AA92A86A3BEF25416ADD03573FBBDEEE,133804191,https://www.kugou.com/yy/rank/home/19-8888.html?from=rank
2026-09-23,2026-09-23T12:52:06+08:00,酷狗音乐,热歌榜,酷狗TOP500,2026-09-23,407,明明就,周杰伦,,4:20,D85C14E02008B7A2F97D55CDC29C2221,982051,https://www.kugou.com/yy/rank/home/19-8888.html?from=rank
2026-09-23,2026-09-23T12:52:06+08:00,酷狗音乐,热歌榜,酷狗TOP500,2026-09-23,408,I Miss You (暗黑Trap版),超级大瓜,,2:56,D04E732B1310DF5536506CEF6826A96A,197475978,https://www.kugou.com/yy/rank/home/19-8888.html?from=rank
2026-09-23,2026-09-23T12:52:06+08:00,酷狗音乐,热歌榜,酷狗TOP500,2026-09-23,409,冷雨夜,BEYOND,,4:19,34721C6BD44CB5F92BF3E4150AE3B5F1,976137,https://www.kugou.com/yy/rank/home/19-8888.html?from=rank
2026-09-23,2026-09-23T12:52:06+08:00,酷狗音乐,热歌榜,酷狗TOP500,2026-09-23,410,最爱,周慧敏,,4:25,DBC221919A9686F684F90E1920179363,568311,https://www.kugou.com/yy/rank/home/19-8888.html?from=rank
2026-09-23,2026-09-23T12:52:06+08:00,酷狗音乐,热歌榜,酷狗TOP500,2026-09-23,411,别怕我伤心,张信哲,,4:47,976677A739F25908591FA822CB1F1DF3,538030,https://www.kugou.com/yy/rank/home/19-8888.html?from=rank
2026-09-23,2026-09-23T12:52:06+08:00,酷狗音乐,热歌榜,酷狗TOP500,2026-09-23,412,阿衣莫,阿吉太组合,,5:14,000B4DC2694B23AD4258EE551A00C599,4138802,https://www.kugou.com/yy/rank/home/19-8888.html?from=rank
2026-09-23,2026-09-23T12:52:06+08:00,酷狗音乐,热歌榜,酷狗TOP500,2026-09-23,413,默,那英,,5:26,E154060676D6BDFEF0AF092E64492D6F,547706,https://www.kugou.com/yy/rank/home/19-8888.html?from=rank
2026-09-23,2026-09-23T12:52:06+08:00,酷狗音乐,热歌榜,酷狗TOP500,2026-09-23,414,Poker Face,Lady Gaga,,3:57,645E837927E3207AD0AEA3997EB00444,38501704,https://www.kugou.com/yy/rank/home/19-8888.html?from=rank
2026-09-23,2026-09-23T12:52:06+08:00,酷狗音乐,热歌榜,酷狗TOP500,2026-09-23,415,坠落,蔡健雅,,4:10,233254CB517BAA74387361C2158519DA,974379,https://www.kugou.com/yy/rank/home/19-8888.html?from=rank
2026-09-23,2026-09-23T12:52:06+08:00,酷狗音乐,热歌榜,酷狗TOP500,2026-09-23,416,悬溺,葛东琪,,3:17,666484E904A54B1E62C9FBFDBE6E2563,23773597,https://www.kugou.com/yy/rank/home/19-8888.html?from=rank
2026-09-23,2026-09-23T12:52:06+08:00,酷狗音乐,热歌榜,酷狗TOP500,2026-09-23,417,相思遥,魏玉慧,,3:13,4284459BBF07007F745BE92E9D49EBB5,65537200,https://www.kugou.com/yy/rank/home/19-8888.html?from=rank
2026-09-23,2026-09-23T12:52:06+08:00,酷狗音乐,热歌榜,酷狗TOP500,2026-09-23,418,不潮不用花钱,林俊杰,,3:54,5A84BBA4C673BEA45083C521ADF366AF,963179,https://www.kugou.com/yy/rank/home/19-8888.html?from=rank
2026-09-23,2026-09-23T12:52:06+08:00,酷狗音乐,热歌榜,酷狗TOP500,2026-09-23,419,情罪,陈瑞,,4:45,9642484D6F37650295B370CD52553DC5,80617215,https://www.kugou.com/yy/rank/home/20-8888.html?from=rank
2026-09-23,2026-09-23T12:52:06+08:00,酷狗音乐,热歌榜,酷狗TOP500,2026-09-23,420,爱情码头,郑源,,5:00,47E1B66648543854C417FD776DC15279,967724,https://www.kugou.com/yy/rank/home/20-8888.html?from=rank
2026-09-23,2026-09-23T12:52:06+08:00,酷狗音乐,热歌榜,酷狗TOP500,2026-09-23,421,愿与愁,林俊杰,,3:52,4A2A7260442B0A5D5F17295F1DD7241B,71681690,https://www.kugou.com/yy/rank/home/20-8888.html?from=rank
2026-09-23,2026-09-23T12:52:06+08:00,酷狗音乐,热歌榜,酷狗TOP500,2026-09-23,422,太聪明,陈绮贞,,4:23,89101DA817101FEA0C9ECF64EAE2B46F,959335,https://www.kugou.com/yy/rank/home/20-8888.html?from=rank
2026-09-23,2026-09-23T12:52:06+08:00,酷狗音乐,热歌榜,酷狗TOP500,2026-09-23,423,莫问归期,蒋雪儿Snow.J,,3:39,F0E418FB19E8D295D0F78E50AE3B7E30,27453193,https://www.kugou.com/yy/rank/home/20-8888.html?from=rank
2026-09-23,2026-09-23T12:52:06+08:00,酷狗音乐,热歌榜,酷狗TOP500,2026-09-23,424,寻找远方的你,小璐,,4:25,09FC28BAB4E7BE4D64ED4CC80CC3065B,206017441,https://www.kugou.com/yy/rank/home/20-8888.html?from=rank
2026-09-23,2026-09-23T12:52:06+08:00,酷狗音乐,热歌榜,酷狗TOP500,2026-09-23,425,迷人的危险,Dance Flow,,3:26,0F666EF632DB9404308219BE5AAE43B4,551560,https://www.kugou.com/yy/rank/home/20-8888.html?from=rank
2026-09-23,2026-09-23T12:52:06+08:00,酷狗音乐,热歌榜,酷狗TOP500,2026-09-23,426,赛勒斯的爱,张敬轩,,4:09,5A0C10C07746640FD4196F5F3C202525,57383010,https://www.kugou.com/yy/rank/home/20-8888.html?from=rank
2026-09-23,2026-09-23T12:52:06+08:00,酷狗音乐,热歌榜,酷狗TOP500,2026-09-23,427,晚风心里吹,阿梨粤,,3:07,DFFB8F6768AC5044881BB6DD11BDED53,55808898,https://www.kugou.com/yy/rank/home/20-8888.html?from=rank
2026-09-23,2026-09-23T12:52:06+08:00,酷狗音乐,热歌榜,酷狗TOP500,2026-09-23,428,嘉宾,张远,,5:34,96D0DEFE09DFE43C57EE9AC3B1EA408E,39699796,https://www.kugou.com/yy/rank/home/20-8888.html?from=rank
2026-09-23,2026-09-23T12:52:06+08:00,酷狗音乐,热歌榜,酷狗TOP500,2026-09-23,429,暧昧,薛之谦,,5:12,B3A4E466F13F44FA0B91FA4EB8E6DECA,7818079,https://www.kugou.com/yy/rank/home/20-8888.html?from=rank
2026-09-23,2026-09-23T12:52:06+08:00,酷狗音乐,热歌榜,酷狗TOP500,2026-09-23,430,默契过期,田栩宁,,3:47,0EF0D932C3D47AD9748714B46D91875B,207698829,https://www.kugou.com/yy/rank/home/20-8888.html?from=rank
2026-09-23,2026-09-23T12:52:06+08:00,酷狗音乐,热歌榜,酷狗TOP500,2026-09-23,431,搀扶,马健涛,,5:28,D95AE3CC810BB62D28505AE1510C329F,130332417,https://www.kugou.com/yy/rank/home/20-8888.html?from=rank
2026-09-23,2026-09-23T12:52:06+08:00,酷狗音乐,热歌榜,酷狗TOP500,2026-09-23,432,意外,薛之谦,,4:52,04E0EDE41EA3CCFF76C04F414E1D03A7,960327,https://www.kugou.com/yy/rank/home/20-8888.html?from=rank
2026-09-23,2026-09-23T12:52:06+08:00,酷狗音乐,热歌榜,酷狗TOP500,2026-09-23,433,胡广生,任素汐,,3:34,8C655F575EBB2414B53EFF0D2C13188D,12506106,https://www.kugou.com/yy/rank/home/20-8888.html?from=rank
2026-09-23,2026-09-23T12:52:06+08:00,酷狗音乐,热歌榜,酷狗TOP500,2026-09-23,434,容易受伤的女人,王菲,,4:21,C4BDD79D611789B65B368283D4DDAB0F,980244,https://www.kugou.com/yy/rank/home/20-8888.html?from=rank
2026-09-23,2026-09-23T12:52:06+08:00,酷狗音乐,热歌榜,酷狗TOP500,2026-09-23,435,天亮以前说再见,何野,,4:00,18E9FC6CF97258B75D090188EDBAE95B,11792318,https://www.kugou.com/yy/rank/home/20-8888.html?from=rank
2026-09-23,2026-09-23T12:52:06+08:00,酷狗音乐,热歌榜,酷狗TOP500,2026-09-23,436,听说你,于冬然,,3:59,D74845DF9E5EB016BFC5FC86F639CA49,58983593,https://www.kugou.com/yy/rank/home/20-8888.html?from=rank
2026-09-23,2026-09-23T12:52:06+08:00,酷狗音乐,热歌榜,酷狗TOP500,2026-09-23,437,你不该权衡利弊,七喜,,3:41,EC4D4FC28AD4AFFA1819C38355BE3296,205423359,https://www.kugou.com/yy/rank/home/20-8888.html?from=rank
2026-09-23,2026-09-23T12:52:06+08:00,酷狗音乐,热歌榜,酷狗TOP500,2026-09-23,438,听海,张惠妹,,5:18,8ACB6E60840E6D30822BEA443309BE58,973665,https://www.kugou.com/yy/rank/home/20-8888.html?from=rank
2026-09-23,2026-09-23T12:52:06+08:00,酷狗音乐,热歌榜,酷狗TOP500,2026-09-23,439,你不知道的事,王力宏,,4:39,3722EE8644818A260FD8AF3A173D71C3,982128,https://www.kugou.com/yy/rank/home/20-8888.html?from=rank
2026-09-23,2026-09-23T12:52:06+08:00,酷狗音乐,热歌榜,酷狗TOP500,2026-09-23,440,一样的月光,徐佳莹,,4:00,E470A579E87A5436E68FAA51AD18A379,972101,https://www.kugou.com/yy/rank/home/20-8888.html?from=rank
2026-09-23,2026-09-23T12:52:06+08:00,酷狗音乐,热歌榜,酷狗TOP500,2026-09-23,441,推开世界的门,杨乃文,,4:42,6B5A905C8904FD4A23D255DA1B5592C9,1803972,https://www.kugou.com/yy/rank/home/21-8888.html?from=rank
2026-09-23,2026-09-23T12:52:06+08:00,酷狗音乐,热歌榜,酷狗TOP500,2026-09-23,442,倒带,蔡依林,,4:26,446507D2332BC3F263596363A97C6E95,976925,https://www.kugou.com/yy/rank/home/21-8888.html?from=rank
2026-09-23,2026-09-23T12:52:06+08:00,酷狗音乐,热歌榜,酷狗TOP500,2026-09-23,443,暖一杯茶,邵帅,,4:03,26A9B8C6480C22BC4342F22CB897E760,23061596,https://www.kugou.com/yy/rank/home/21-8888.html?from=rank
2026-09-23,2026-09-23T12:52:06+08:00,酷狗音乐,热歌榜,酷狗TOP500,2026-09-23,444,少一点天份,孙盛希,,4:35,FFD1F05E5D06A1DDFAEDFE6A3379A271,566029,https://www.kugou.com/yy/rank/home/21-8888.html?from=rank
2026-09-23,2026-09-23T12:52:06+08:00,酷狗音乐,热歌榜,酷狗TOP500,2026-09-23,445,莫伤怀,藏族次仁大叔,,3:27,475C02A75D74F13BD1A0B711A9A3F465,208296519,https://www.kugou.com/yy/rank/home/21-8888.html?from=rank
2026-09-23,2026-09-23T12:52:06+08:00,酷狗音乐,热歌榜,酷狗TOP500,2026-09-23,446,遗失的心跳,萧亚轩,,3:37,54C1A6E877BB37D052A86D4C41604FE7,521727,https://www.kugou.com/yy/rank/home/21-8888.html?from=rank
2026-09-23,2026-09-23T12:52:06+08:00,酷狗音乐,热歌榜,酷狗TOP500,2026-09-23,447,只若初见,张德伊玲,,3:24,0AC57BC59B96F7BF216744F93617FC8B,58285492,https://www.kugou.com/yy/rank/home/21-8888.html?from=rank
2026-09-23,2026-09-23T12:52:06+08:00,酷狗音乐,热歌榜,酷狗TOP500,2026-09-23,448,Radio (Dum-Dum),宋雨琦 (YUQI),,2:32,E8FFC3F649DA4476E2CEABFF3F94D103,140913986,https://www.kugou.com/yy/rank/home/21-8888.html?from=rank
2026-09-23,2026-09-23T12:52:06+08:00,酷狗音乐,热歌榜,酷狗TOP500,2026-09-23,449,白鸽乌鸦相爱的戏码,潘成（皮卡潘）,,2:54,1B5005F285D8B7FD083CA61C5753E9DB,100112898,https://www.kugou.com/yy/rank/home/21-8888.html?from=rank
2026-09-23,2026-09-23T12:52:06+08:00,酷狗音乐,热歌榜,酷狗TOP500,2026-09-23,450,卡布奇诺,6诗人,,3:04,5FE82C07C44F70E5B5F357F707C04549,8499380,https://www.kugou.com/yy/rank/home/21-8888.html?from=rank
2026-09-23,2026-09-23T12:52:06+08:00,酷狗音乐,热歌榜,酷狗TOP500,2026-09-23,451,匿名的好友,杨丞琳,,4:23,F9CE6B13B4C90B01B3C129FF11B11C87,2694607,https://www.kugou.com/yy/rank/home/21-8888.html?from=rank
2026-09-23,2026-09-23T12:52:06+08:00,酷狗音乐,热歌榜,酷狗TOP500,2026-09-23,452,故乡,许巍,,5:14,9EFC9C93AB181E42113F226DFCFA454D,971568,https://www.kugou.com/yy/rank/home/21-8888.html?from=rank
2026-09-23,2026-09-23T12:52:06+08:00,酷狗音乐,热歌榜,酷狗TOP500,2026-09-23,453,倒数,G.E.M.邓紫棋,,3:49,65945C4D6FB03D7997AE133C9BE5715D,9373625,https://www.kugou.com/yy/rank/home/21-8888.html?from=rank
2026-09-23,2026-09-23T12:52:06+08:00,酷狗音乐,热歌榜,酷狗TOP500,2026-09-23,454,水为媒,礼越,,4:18,463569CA5AE9A787A32B66D590C8C98D,200545877,https://www.kugou.com/yy/rank/home/21-8888.html?from=rank
2026-09-23,2026-09-23T12:52:06+08:00,酷狗音乐,热歌榜,酷狗TOP500,2026-09-23,455,画,赵雷,,3:46,F5F4E2CAE64AC055C3E22A6C807832EE,965599,https://www.kugou.com/yy/rank/home/21-8888.html?from=rank
2026-09-23,2026-09-23T12:52:06+08:00,酷狗音乐,热歌榜,酷狗TOP500,2026-09-23,456,愿你平安,小钢刀,,3:44,17D5E8226D73D3436C4A28F5C890E880,206675797,https://www.kugou.com/yy/rank/home/21-8888.html?from=rank
2026-09-23,2026-09-23T12:52:06+08:00,酷狗音乐,热歌榜,酷狗TOP500,2026-09-23,457,像鱼,王贰浪,,4:45,6215C5A85B30E53C2E4C20C4DED38D72,13621986,https://www.kugou.com/yy/rank/home/21-8888.html?from=rank
2026-09-23,2026-09-23T12:52:06+08:00,酷狗音乐,热歌榜,酷狗TOP500,2026-09-23,458,反方向的钟,周杰伦,,4:18,A6049AAB184A305CAA906C6BBB8E8233,978031,https://www.kugou.com/yy/rank/home/21-8888.html?from=rank
2026-09-23,2026-09-23T12:52:06+08:00,酷狗音乐,热歌榜,酷狗TOP500,2026-09-23,459,一万个理由,郑源,,4:25,6BE0597021C8E5E3D7A9AE5FB782947A,977094,https://www.kugou.com/yy/rank/home/21-8888.html?from=rank
2026-09-23,2026-09-23T12:52:06+08:00,酷狗音乐,热歌榜,酷狗TOP500,2026-09-23,460,Copines,Aya Nakamura,,2:52,1CDA977A7FC0BCCC23BC7DF4D0194389,39155596,https://www.kugou.com/yy/rank/home/21-8888.html?from=rank
2026-09-23,2026-09-23T12:52:06+08:00,酷狗音乐,热歌榜,酷狗TOP500,2026-09-23,461,默 (被爱判处终身孤寂),瑞-Gary,,4:40,05303C2F2DC0C5563FC069971B81399C,207072757,https://www.kugou.com/yy/rank/home/21-8888.html?from=rank
2026-09-23,2026-09-23T12:52:06+08:00,酷狗音乐,热歌榜,酷狗TOP500,2026-09-23,462,姑娘别哭泣,柯柯柯啊,,3:56,1B537C99761F8F25AEFFF30B6DCE08D5,77472711,https://www.kugou.com/yy/rank/home/21-8888.html?from=rank
2026-09-23,2026-09-23T12:52:06+08:00,酷狗音乐,热歌榜,酷狗TOP500,2026-09-23,463,路过人间,郁可唯,,4:06,2570131E77CC024747EE342E7404F99D,20288614,https://www.kugou.com/yy/rank/home/22-8888.html?from=rank
2026-09-23,2026-09-23T12:52:06+08:00,酷狗音乐,热歌榜,酷狗TOP500,2026-09-23,464,That Girl,Olly Murs,,2:57,B32C3C7FA2452E7338BFC6F2283FE8ED,1820815,https://www.kugou.com/yy/rank/home/22-8888.html?from=rank
2026-09-23,2026-09-23T12:52:06+08:00,酷狗音乐,热歌榜,酷狗TOP500,2026-09-23,465,冬眠,司南,,4:30,B3C4BBD743A46FD88825FC22809A0F8E,31812291,https://www.kugou.com/yy/rank/home/22-8888.html?from=rank
2026-09-23,2026-09-23T12:52:06+08:00,酷狗音乐,热歌榜,酷狗TOP500,2026-09-23,466,岸边客,夏子航（2603）,,4:32,E87EEB7804D4708714E6C38DE1F8E649,161846818,https://www.kugou.com/yy/rank/home/22-8888.html?from=rank
2026-09-23,2026-09-23T12:52:06+08:00,酷狗音乐,热歌榜,酷狗TOP500,2026-09-23,467,安和桥,宇西,,4:09,BFB6233E7687776800FDA3FD76EBFB41,13667444,https://www.kugou.com/yy/rank/home/22-8888.html?from=rank
2026-09-23,2026-09-23T12:52:06+08:00,酷狗音乐,热歌榜,酷狗TOP500,2026-09-23,468,千年泪,Tank,,4:20,44267017D31CE619BA68E358A233BA01,557277,https://www.kugou.com/yy/rank/home/22-8888.html?from=rank
2026-09-23,2026-09-23T12:52:06+08:00,酷狗音乐,热歌榜,酷狗TOP500,2026-09-23,469,我听见了，你的痛苦成立,供销社乐队,,3:31,6CB6A16FFFEB35428346D73908442DBB,194648616,https://www.kugou.com/yy/rank/home/22-8888.html?from=rank
2026-09-23,2026-09-23T12:52:06+08:00,酷狗音乐,热歌榜,酷狗TOP500,2026-09-23,470,秋殇别恋 (男女撕裂对唱),梨子芥菜、戚悦,,4:19,CA8495DA3927226C0A3FBBD6B95B8315,190178204,https://www.kugou.com/yy/rank/home/22-8888.html?from=rank
2026-09-23,2026-09-23T12:52:06+08:00,酷狗音乐,热歌榜,酷狗TOP500,2026-09-23,471,匆匆那年,王菲,,4:00,08519C4B628FCC6292A46A508E11DFA2,4139345,https://www.kugou.com/yy/rank/home/22-8888.html?from=rank
2026-09-23,2026-09-23T12:52:06+08:00,酷狗音乐,热歌榜,酷狗TOP500,2026-09-23,472,斑马，斑马,宋冬野,,4:13,E8D0F5B041E589F66D667ECEDBD58C35,979124,https://www.kugou.com/yy/rank/home/22-8888.html?from=rank
2026-09-23,2026-09-23T12:52:06+08:00,酷狗音乐,热歌榜,酷狗TOP500,2026-09-23,473,山风不语,伍零五,,2:54,8CA921D7DEB3E847BF2060E557402231,199624105,https://www.kugou.com/yy/rank/home/22-8888.html?from=rank
2026-09-23,2026-09-23T12:52:06+08:00,酷狗音乐,热歌榜,酷狗TOP500,2026-09-23,474,最熟悉的陌生人,萧亚轩,,4:19,A5E45E9EBA41EC78F59FABB35143B106,980330,https://www.kugou.com/yy/rank/home/22-8888.html?from=rank
2026-09-23,2026-09-23T12:52:06+08:00,酷狗音乐,热歌榜,酷狗TOP500,2026-09-23,475,叹云兮,鞠婧祎,,4:43,DB94CC1C55558D7ED4B0E402A2DF065D,8700851,https://www.kugou.com/yy/rank/home/22-8888.html?from=rank
2026-09-23,2026-09-23T12:52:06+08:00,酷狗音乐,热歌榜,酷狗TOP500,2026-09-23,476,无言感激,谭咏麟,,5:10,058DAAA710CA1781F8FD401C374BC796,984077,https://www.kugou.com/yy/rank/home/22-8888.html?from=rank
2026-09-23,2026-09-23T12:52:06+08:00,酷狗音乐,热歌榜,酷狗TOP500,2026-09-23,477,他不懂,张杰,,3:52,BA40D69184A05D7BCD335028C5C613BE,38606351,https://www.kugou.com/yy/rank/home/22-8888.html?from=rank
2026-09-23,2026-09-23T12:52:06+08:00,酷狗音乐,热歌榜,酷狗TOP500,2026-09-23,478,简单爱,周杰伦,,4:30,6E44CE19BE5872384FA184B995CCE23B,958706,https://www.kugou.com/yy/rank/home/22-8888.html?from=rank
2026-09-23,2026-09-23T12:52:06+08:00,酷狗音乐,热歌榜,酷狗TOP500,2026-09-23,479,天后,陈势安,,4:49,BACAD417B46756425B18E0CDE6C3B308,1378,https://www.kugou.com/yy/rank/home/22-8888.html?from=rank
2026-09-23,2026-09-23T12:52:06+08:00,酷狗音乐,热歌榜,酷狗TOP500,2026-09-23,480,当爱在靠近,刘若英,,4:11,D988B9B4B769D979279D4AC9E84907F1,978209,https://www.kugou.com/yy/rank/home/22-8888.html?from=rank
2026-09-23,2026-09-23T12:52:06+08:00,酷狗音乐,热歌榜,酷狗TOP500,2026-09-23,481,左转灯 (1000 Times +1),派伟俊、mac ova seas,,3:17,E51ABAF534E7D2BA42DB5604421D4838,164658305,https://www.kugou.com/yy/rank/home/22-8888.html?from=rank
2026-09-23,2026-09-23T12:52:06+08:00,酷狗音乐,热歌榜,酷狗TOP500,2026-09-23,482,刚刚好,薛之谦,,4:11,956EEC514146039E6D6A16B30DD64A7B,1747549,https://www.kugou.com/yy/rank/home/22-8888.html?from=rank
2026-09-23,2026-09-23T12:52:06+08:00,酷狗音乐,热歌榜,酷狗TOP500,2026-09-23,483,探故知,浅影阿、汐音社,,3:22,50768F55FCD98CC35588BC8FB436C08C,79427976,https://www.kugou.com/yy/rank/home/22-8888.html?from=rank
2026-09-23,2026-09-23T12:52:06+08:00,酷狗音乐,热歌榜,酷狗TOP500,2026-09-23,484,情非得已,庾澄庆,,4:34,9531137EBFDCCB82120BFB972146724F,969314,https://www.kugou.com/yy/rank/home/22-8888.html?from=rank
2026-09-23,2026-09-23T12:52:06+08:00,酷狗音乐,热歌榜,酷狗TOP500,2026-09-23,485,一个人挺好,杨小壮,,4:30,394676E1537FC24C7847CE3BA75ADB05,26827357,https://www.kugou.com/yy/rank/home/23-8888.html?from=rank
2026-09-23,2026-09-23T12:52:06+08:00,酷狗音乐,热歌榜,酷狗TOP500,2026-09-23,486,祝福祖国 (雷鬼版),烟嗓阿晨,,3:28,A497D478799E2359CCAFEBE3DCC3B42C,202005821,https://www.kugou.com/yy/rank/home/23-8888.html?from=rank
2026-09-23,2026-09-23T12:52:06+08:00,酷狗音乐,热歌榜,酷狗TOP500,2026-09-23,487,月半小夜曲,李克勤,,4:50,C2E648EB53247C712ED64CFF10BDD6D8,979727,https://www.kugou.com/yy/rank/home/23-8888.html?from=rank
2026-09-23,2026-09-23T12:52:06+08:00,酷狗音乐,热歌榜,酷狗TOP500,2026-09-23,488,爱到最后 (全凭良心),马上,,3:19,B3CE07469875886F3A500304C82CC4E6,204099164,https://www.kugou.com/yy/rank/home/23-8888.html?from=rank
2026-09-23,2026-09-23T12:52:06+08:00,酷狗音乐,热歌榜,酷狗TOP500,2026-09-23,489,男孩 (Live),梁博,,5:12,7888BA9869F728304E06047048137CDD,1985016,https://www.kugou.com/yy/rank/home/23-8888.html?from=rank
2026-09-23,2026-09-23T12:52:06+08:00,酷狗音乐,热歌榜,酷狗TOP500,2026-09-23,490,孤单心事,蓝又时,,4:28,B97DE9A26F441D631C1BE050AC2C54B1,555591,https://www.kugou.com/yy/rank/home/23-8888.html?from=rank
2026-09-23,2026-09-23T12:52:06+08:00,酷狗音乐,热歌榜,酷狗TOP500,2026-09-23,491,"Baby, Don't Cry (人鱼的眼泪)(Chinese Ver.)",EXO,,3:56,B692ED61ED4DDE69C50EB8B975D4E04D,22436133,https://www.kugou.com/yy/rank/home/23-8888.html?from=rank
2026-09-23,2026-09-23T12:52:06+08:00,酷狗音乐,热歌榜,酷狗TOP500,2026-09-23,492,像我这样的人 (Live),毛不易,,2:52,4695B8373C1AF8E3262C822BFB5A55BD,2952169,https://www.kugou.com/yy/rank/home/23-8888.html?from=rank
2026-09-23,2026-09-23T12:52:06+08:00,酷狗音乐,热歌榜,酷狗TOP500,2026-09-23,493,刚好遇见你,李玉刚,,3:20,58B004C56B6AB6CE1CA3C1E8C6781D0E,1820033,https://www.kugou.com/yy/rank/home/23-8888.html?from=rank
2026-09-23,2026-09-23T12:52:06+08:00,酷狗音乐,热歌榜,酷狗TOP500,2026-09-23,494,痴心绝对,李圣杰,,4:22,2B7176CC7B1E7F5A136A5A1E1AACD365,966511,https://www.kugou.com/yy/rank/home/23-8888.html?from=rank
2026-09-23,2026-09-23T12:52:06+08:00,酷狗音乐,热歌榜,酷狗TOP500,2026-09-23,495,黄土谣,石满仓,,3:51,A1D87E7F13D98A0049D5D9375BF40889,208016285,https://www.kugou.com/yy/rank/home/23-8888.html?from=rank
2026-09-23,2026-09-23T12:52:06+08:00,酷狗音乐,热歌榜,酷狗TOP500,2026-09-23,496,别回头 (不朽版),PAMajor,,3:32,887215E010BC9D5CB82830A131C86596,163052521,https://www.kugou.com/yy/rank/home/23-8888.html?from=rank
2026-09-23,2026-09-23T12:52:06+08:00,酷狗音乐,热歌榜,酷狗TOP500,2026-09-23,497,曲终人散,张宇,,4:30,4C87A80BA8B5C59D9698D2FBE82C8960,2996619,https://www.kugou.com/yy/rank/home/23-8888.html?from=rank
2026-09-23,2026-09-23T12:52:06+08:00,酷狗音乐,热歌榜,酷狗TOP500,2026-09-23,498,还爱着你,文夫,,3:52,A61924D891C970A28150FDF9E5E56C53,171019019,https://www.kugou.com/yy/rank/home/23-8888.html?from=rank
2026-09-23,2026-09-23T12:52:06+08:00,酷狗音乐,热歌榜,酷狗TOP500,2026-09-23,499,漫游,田栩宁,,3:38,A1574BCC138FB86CC8DE345E0E55F2F6,207698829,https://www.kugou.com/yy/rank/home/23-8888.html?from=rank
2026-09-23,2026-09-23T12:52:06+08:00,酷狗音乐,热歌榜,酷狗TOP500,2026-09-23,500,断桥残雪,许嵩,,3:47,C7DF16ACF811630CEBB6C21D85EC8E3B,1968878,https://www.kugou.com/yy/rank/home/23-8888.html?from=rank
2026-09-23,2026-09-23T12:52:06+08:00,酷狗音乐,飙升榜,酷狗飙升榜,2026-09-23,1,月亮啊你莫走,黄英,,3:19,3B07400B147C55F5314DB409E13304D0,208289924,https://www.kugou.com/yy/rank/home/1-6666.html?from=rank
2026-09-23,2026-09-23T12:52:06+08:00,酷狗音乐,飙升榜,酷狗飙升榜,2026-09-23,2,自己就是自己的光,周深,,4:47,F7F5EC41DA5B1E30A6F5456966C50D50,208088517,https://www.kugou.com/yy/rank/home/1-6666.html?from=rank
2026-09-23,2026-09-23T12:52:06+08:00,酷狗音乐,飙升榜,酷狗飙升榜,2026-09-23,3,芥兰,杨丞琳,,4:00,ED976808B1EAE510DE17D7E97D387151,207984359,https://www.kugou.com/yy/rank/home/1-6666.html?from=rank
2026-09-23,2026-09-23T12:52:06+08:00,酷狗音乐,飙升榜,酷狗飙升榜,2026-09-23,4,天后 (Live),张彬彬、阿云嘎,,4:59,E59A893E36EF0784FB86153BADE2730B,208213311,https://www.kugou.com/yy/rank/home/1-6666.html?from=rank
2026-09-23,2026-09-23T12:52:06+08:00,酷狗音乐,飙升榜,酷狗飙升榜,2026-09-23,5,骑士精神 (Live),王赫野、张卓尔、POLARIX-邵子恒,,4:10,EE9601244E50176800E4F185C8F32A68,208213311,https://www.kugou.com/yy/rank/home/1-6666.html?from=rank
2026-09-23,2026-09-23T12:52:06+08:00,酷狗音乐,飙升榜,酷狗飙升榜,2026-09-23,6,多情人都把灵魂给了谁,晴舒,,3:57,9CA1012D4DEDCF08510BFE338C25DFE5,207722263,https://www.kugou.com/yy/rank/home/1-6666.html?from=rank
2026-09-23,2026-09-23T12:52:06+08:00,酷狗音乐,飙升榜,酷狗飙升榜,2026-09-23,7,如念,张德伊玲,,3:27,7BB456163F72589DA99808D8D114BC29,207780986,https://www.kugou.com/yy/rank/home/1-6666.html?from=rank
2026-09-23,2026-09-23T12:52:06+08:00,酷狗音乐,飙升榜,酷狗飙升榜,2026-09-23,8,红尘误此生,宋晓峰,,3:45,9F882DE24A9C98FE3F793B0CECFD3B42,208371033,https://www.kugou.com/yy/rank/home/1-6666.html?from=rank
2026-09-23,2026-09-23T12:52:06+08:00,酷狗音乐,飙升榜,酷狗飙升榜,2026-09-23,9,别回头 别停留 往前走,Roling7,,3:34,7E272D73C619A19C0F4AC728EBEEC30D,191953356,https://www.kugou.com/yy/rank/home/1-6666.html?from=rank
2026-09-23,2026-09-23T12:52:06+08:00,酷狗音乐,飙升榜,酷狗飙升榜,2026-09-23,10,人生这趟单程票,万海东,,3:08,10FAB8D5970DC422D01959BD4A22308B,208411603,https://www.kugou.com/yy/rank/home/1-6666.html?from=rank
2026-09-23,2026-09-23T12:52:06+08:00,酷狗音乐,飙升榜,酷狗飙升榜,2026-09-23,11,配角不配去打扰,任夏,,3:50,0F8A29A0FA3FE0EE6EAB18A3476D6A6D,208452370,https://www.kugou.com/yy/rank/home/1-6666.html?from=rank
2026-09-23,2026-09-23T12:52:06+08:00,酷狗音乐,飙升榜,酷狗飙升榜,2026-09-23,12,祝福祖国 (合唱版),晴婉,,3:17,F59691CFB00308F223FBAA0908431602,0,https://www.kugou.com/yy/rank/home/1-6666.html?from=rank
2026-09-23,2026-09-23T12:52:06+08:00,酷狗音乐,飙升榜,酷狗飙升榜,2026-09-23,13,山风山风等等我 (男女烟嗓对唱),老韩很哇塞、魏佳艺,,3:29,68B16F5F5BC0FE152C76E6EE3AD05238,208432038,https://www.kugou.com/yy/rank/home/1-6666.html?from=rank
2026-09-23,2026-09-23T12:52:06+08:00,酷狗音乐,飙升榜,酷狗飙升榜,2026-09-23,14,心在痛梦成空,魏佳艺,,3:49,D779D03B2440ADB413A88810286B5979,208405121,https://www.kugou.com/yy/rank/home/1-6666.html?from=rank
2026-09-23,2026-09-23T12:52:06+08:00,酷狗音乐,飙升榜,酷狗飙升榜,2026-09-23,15,南风起,礼越,,3:45,31C1CC8C57EC2048CAC25E81B384F616,208404277,https://www.kugou.com/yy/rank/home/1-6666.html?from=rank
2026-09-23,2026-09-23T12:52:06+08:00,酷狗音乐,飙升榜,酷狗飙升榜,2026-09-23,16,你来了一阵子 (走心对唱版),王超然、天雯,,4:30,F1146330A20FFA8589FE1E35E86DC945,206718081,https://www.kugou.com/yy/rank/home/1-6666.html?from=rank
2026-09-23,2026-09-23T12:52:06+08:00,酷狗音乐,飙升榜,酷狗飙升榜,2026-09-23,17,如果来生能早点遇见 (佛说无缘也算成全)(对唱版),烟嗓船长、烟嗓阿文,,4:30,207303665F7D5EADE9DE97F0C3A4F7D5,208436569,https://www.kugou.com/yy/rank/home/1-6666.html?from=rank
2026-09-23,2026-09-23T12:52:06+08:00,酷狗音乐,飙升榜,酷狗飙升榜,2026-09-23,18,一言难尽,唐泠汐,,4:44,78E5E416FA748B70F783862C683E5C77,205752540,https://www.kugou.com/yy/rank/home/1-6666.html?from=rank
2026-09-23,2026-09-23T12:52:06+08:00,酷狗音乐,飙升榜,酷狗飙升榜,2026-09-23,19,默 (被爱判处终身孤寂),瑞-Gary,,4:40,05303C2F2DC0C5563FC069971B81399C,207072757,https://www.kugou.com/yy/rank/home/1-6666.html?from=rank
2026-09-23,2026-09-23T12:52:06+08:00,酷狗音乐,飙升榜,酷狗飙升榜,2026-09-23,20,如果来生能早点遇见 (烟嗓版),烟嗓船长,,3:40,764ECD61904DFF249F37653B0FF317A9,208283338,https://www.kugou.com/yy/rank/home/1-6666.html?from=rank
2026-09-23,2026-09-23T12:52:06+08:00,酷狗音乐,飙升榜,酷狗飙升榜,2026-09-23,21,护你一世安 (万人合唱live版),7past,,3:49,AA225264AD1E4DD9079069555E3E54E4,207272950,https://www.kugou.com/yy/rank/home/1-6666.html?from=rank
2026-09-23,2026-09-23T12:52:06+08:00,酷狗音乐,飙升榜,酷狗飙升榜,2026-09-23,22,月亮替我望故乡,杨不乖,,3:32,24DBC1E35B0A2E19FBE6C570F5270538,208458363,https://www.kugou.com/yy/rank/home/1-6666.html?from=rank
2026-09-23,2026-09-23T12:52:06+08:00,酷狗音乐,飙升榜,酷狗飙升榜,2026-09-23,23,时间能不能走慢点 (青春别散场live大合唱版),KING老舅、方辣辣,,3:09,A02B00D539C1E5B3A34E6718F7AE63C3,207272894,https://www.kugou.com/yy/rank/home/2-6666.html?from=rank
2026-09-23,2026-09-23T12:52:06+08:00,酷狗音乐,飙升榜,酷狗飙升榜,2026-09-23,24,六月的雨,胡歌,,3:48,9D3B41EC663212F0DE9CCDDA560A9BFF,970409,https://www.kugou.com/yy/rank/home/2-6666.html?from=rank
2026-09-23,2026-09-23T12:52:06+08:00,酷狗音乐,飙升榜,酷狗飙升榜,2026-09-23,25,如果累了就回故乡 (烟嗓女版),田园,,3:51,6E5BBD1BBDB028B18D7314F2D02D1B22,206018127,https://www.kugou.com/yy/rank/home/2-6666.html?from=rank
2026-09-23,2026-09-23T12:52:06+08:00,酷狗音乐,飙升榜,酷狗飙升榜,2026-09-23,26,回忆的漩涡 (求你别离开我),NoxeS,,2:30,8D8FD330C3E22ACC45B7562902735549,203528800,https://www.kugou.com/yy/rank/home/2-6666.html?from=rank
2026-09-23,2026-09-23T12:52:06+08:00,酷狗音乐,飙升榜,酷狗飙升榜,2026-09-23,27,恋人未满,S.H.E,,4:37,21FFFC41E2C13DF05F51081D8D0D25F0,959264,https://www.kugou.com/yy/rank/home/2-6666.html?from=rank
2026-09-23,2026-09-23T12:52:06+08:00,酷狗音乐,飙升榜,酷狗飙升榜,2026-09-23,28,我敬自己这一杯,李发发,,3:05,5B28AA5409AF817F2442DBDA063F1723,182385127,https://www.kugou.com/yy/rank/home/2-6666.html?from=rank
2026-09-23,2026-09-23T12:52:06+08:00,酷狗音乐,飙升榜,酷狗飙升榜,2026-09-23,29,我也不想这样 (架子鼓版),DJ铁柱,,2:02,6602F8B6D426D6E3B6E4AA04CDE943A2,206832043,https://www.kugou.com/yy/rank/home/2-6666.html?from=rank
2026-09-23,2026-09-23T12:52:06+08:00,酷狗音乐,飙升榜,酷狗飙升榜,2026-09-23,30,月亮替我望故乡,孔有才,,3:32,03005D67F8A4C930CE0BD75B8F437BC8,208459034,https://www.kugou.com/yy/rank/home/2-6666.html?from=rank
2026-09-23,2026-09-23T12:52:06+08:00,酷狗音乐,飙升榜,酷狗飙升榜,2026-09-23,31,明知你心没有我,莫叫姐姐,,3:11,1A9A14D9E4AE3BD281D492594450016C,208454476,https://www.kugou.com/yy/rank/home/2-6666.html?from=rank
2026-09-23,2026-09-23T12:52:06+08:00,酷狗音乐,飙升榜,酷狗飙升榜,2026-09-23,32,时光拽着我们向前走,郑五米,,3:28,A1D01F6A3AC36E2E7EBE02FF05E3A922,199721033,https://www.kugou.com/yy/rank/home/2-6666.html?from=rank
2026-09-23,2026-09-23T12:52:06+08:00,酷狗音乐,飙升榜,酷狗飙升榜,2026-09-23,33,都怪我 (都怪爱的故事太多完美),石头和桃子,,3:14,E71F3D5EFDAA23415F380D9706C9BB7A,207348156,https://www.kugou.com/yy/rank/home/2-6666.html?from=rank
2026-09-23,2026-09-23T12:52:06+08:00,酷狗音乐,飙升榜,酷狗飙升榜,2026-09-23,34,祈求神偏向,尹昔眠,,3:31,84E32CD89F686DBD4599AD955CBCCD2D,208460317,https://www.kugou.com/yy/rank/home/2-6666.html?from=rank
2026-09-23,2026-09-23T12:52:06+08:00,酷狗音乐,飙升榜,酷狗飙升榜,2026-09-23,35,相思 (烟嗓微醺版),耳麦布响、阿也,,3:20,52C4409AB870D615578A690A8B75826F,201320752,https://www.kugou.com/yy/rank/home/2-6666.html?from=rank
2026-09-23,2026-09-23T12:52:06+08:00,酷狗音乐,飙升榜,酷狗飙升榜,2026-09-23,36,风月吻眉梢 (氛围慢速),礼越、DJ鹏,,3:03,2057EEF1C1E3553DC5E6D244CBBAA39D,208481066,https://www.kugou.com/yy/rank/home/2-6666.html?from=rank
2026-09-23,2026-09-23T12:52:06+08:00,酷狗音乐,飙升榜,酷狗飙升榜,2026-09-23,37,命运好幽默让爱的人都沉默,周深深,,2:45,0EF4E464057062283CB994370F38FB74,203603672,https://www.kugou.com/yy/rank/home/2-6666.html?from=rank
2026-09-23,2026-09-23T12:52:06+08:00,酷狗音乐,飙升榜,酷狗飙升榜,2026-09-23,38,梦的翅膀受了伤,大圆哥,,4:35,F2A2EBE34172E1CBFDD551DBFB361CA4,204867653,https://www.kugou.com/yy/rank/home/2-6666.html?from=rank
2026-09-23,2026-09-23T12:52:06+08:00,酷狗音乐,飙升榜,酷狗飙升榜,2026-09-23,39,死了都要爱 (女生版),高高在这呢,,4:16,D5A14B30284A31E8EFF3FA61C523D302,203986497,https://www.kugou.com/yy/rank/home/2-6666.html?from=rank
2026-09-23,2026-09-23T12:52:06+08:00,酷狗音乐,飙升榜,酷狗飙升榜,2026-09-23,40,Silence,Siicko,,2:31,5C05308F7CCD166FD11E4655799291F7,199641794,https://www.kugou.com/yy/rank/home/2-6666.html?from=rank
2026-09-23,2026-09-23T12:52:06+08:00,酷狗音乐,飙升榜,酷狗飙升榜,2026-09-23,41,我会坦然面对一切,肖雨蒙,,3:33,F06D8D5522C72E1DC4379C5D4C4C62E5,208410937,https://www.kugou.com/yy/rank/home/2-6666.html?from=rank
2026-09-23,2026-09-23T12:52:06+08:00,酷狗音乐,飙升榜,酷狗飙升榜,2026-09-23,42,爱情的废墟,叶子舒,,4:23,0AE4C627E88C57B9E6845B6A74D1D932,104447963,https://www.kugou.com/yy/rank/home/2-6666.html?from=rank
2026-09-23,2026-09-23T12:52:06+08:00,酷狗音乐,飙升榜,酷狗飙升榜,2026-09-23,43,黄昏2026,戎大姨,,4:32,BF98A34AE5EC2DB680C1CF3D08F13688,195601200,https://www.kugou.com/yy/rank/home/2-6666.html?from=rank
2026-09-23,2026-09-23T12:52:06+08:00,酷狗音乐,飙升榜,酷狗飙升榜,2026-09-23,44,你有没有爱过我 (对唱版),苍狼、美美,,4:03,B7918BEB7CFFB4742D6DF9FB13124B94,208352123,https://www.kugou.com/yy/rank/home/2-6666.html?from=rank
2026-09-23,2026-09-23T12:52:06+08:00,酷狗音乐,飙升榜,酷狗飙升榜,2026-09-23,45,从她口中听说,枳冉Stella、杨一琪,,3:26,1FBB752D8EDBBC84AB5F116C3CFD2BA3,202616197,https://www.kugou.com/yy/rank/home/3-6666.html?from=rank
2026-09-23,2026-09-23T12:52:06+08:00,酷狗音乐,飙升榜,酷狗飙升榜,2026-09-23,46,Live My Life (我行我路),HEARTSTEEL (心之钢)、英雄联盟、BAEKHYUN、Connor Price、Anderson .Paak、Nic D,,2:46,B71080343307129A6EBAD1598575FDAA,205985408,https://www.kugou.com/yy/rank/home/3-6666.html?from=rank
2026-09-23,2026-09-23T12:52:06+08:00,酷狗音乐,飙升榜,酷狗飙升榜,2026-09-23,47,爱就不悔,南征北战NZBZ,,4:38,4F68694287B8CC36269E647B1E50D636,208064957,https://www.kugou.com/yy/rank/home/3-6666.html?from=rank
2026-09-23,2026-09-23T12:52:06+08:00,酷狗音乐,飙升榜,酷狗飙升榜,2026-09-23,48,我在人间捡月亮,秋月月,,4:01,BB05669C328EAA62FDC965174F8DA768,207598558,https://www.kugou.com/yy/rank/home/3-6666.html?from=rank
2026-09-23,2026-09-23T12:52:06+08:00,酷狗音乐,飙升榜,酷狗飙升榜,2026-09-23,49,秋月揽星河,张冬玲,,4:06,5B8C4A2575131591EA40823EB6FFF6CE,208458593,https://www.kugou.com/yy/rank/home/3-6666.html?from=rank
2026-09-23,2026-09-23T12:52:06+08:00,酷狗音乐,飙升榜,酷狗飙升榜,2026-09-23,50,如果这就是爱情,唐晚晚,,4:42,44208F200A1A5B1A25B817B1247CD7A7,138615631,https://www.kugou.com/yy/rank/home/3-6666.html?from=rank
2026-09-23,2026-09-23T12:52:06+08:00,酷狗音乐,飙升榜,酷狗飙升榜,2026-09-23,51,HIGHER (feat. JUNG Ent.)(Extended Mix),JERIDE、JUNG Ent.,,2:59,16761E1182AD36F7AD73C9AEECCDC4DD,193925992,https://www.kugou.com/yy/rank/home/3-6666.html?from=rank
2026-09-23,2026-09-23T12:52:06+08:00,酷狗音乐,飙升榜,酷狗飙升榜,2026-09-23,52,如果来生能早点遇见 (对唱版),烟嗓船长、小敏子Remix,,3:40,A9EC2C22C2FD929B3217C5252FAE9185,208436488,https://www.kugou.com/yy/rank/home/3-6666.html?from=rank
2026-09-23,2026-09-23T12:52:06+08:00,酷狗音乐,飙升榜,酷狗飙升榜,2026-09-23,53,回头太难 (港风女版),半根萝卜,,4:35,C94DDF760E02BF27DA51A37F7D0C8299,199142303,https://www.kugou.com/yy/rank/home/3-6666.html?from=rank
2026-09-23,2026-09-23T12:52:06+08:00,酷狗音乐,飙升榜,酷狗飙升榜,2026-09-23,54,反击 (Counter Attack),BUTON,,2:06,E37DA3E3B45C4F3B0A60A74BFFA0B188,206711617,https://www.kugou.com/yy/rank/home/3-6666.html?from=rank
2026-09-23,2026-09-23T12:52:06+08:00,酷狗音乐,飙升榜,酷狗飙升榜,2026-09-23,55,一无所有的年纪 (R&B版),落叶微醺,,3:18,11F977559589DBB63878667573AC75A7,206196059,https://www.kugou.com/yy/rank/home/3-6666.html?from=rank
2026-09-23,2026-09-23T12:52:06+08:00,酷狗音乐,飙升榜,酷狗飙升榜,2026-09-23,56,蓝车火,Candyshop、李文、Vansdaddy,,2:38,956214386DC8B9B46AEE4A686A904699,206812060,https://www.kugou.com/yy/rank/home/3-6666.html?from=rank
2026-09-23,2026-09-23T12:52:06+08:00,酷狗音乐,飙升榜,酷狗飙升榜,2026-09-23,57,咚咚咚旋律混合说唱,燕双鹰,,5:48,291E5EECB6E087882C4C1B0A7861DE38,176921437,https://www.kugou.com/yy/rank/home/3-6666.html?from=rank
2026-09-23,2026-09-23T12:52:06+08:00,酷狗音乐,飙升榜,酷狗飙升榜,2026-09-23,58,山火谣 (你看着我别走开),央金拉姆山野,,3:00,903797AE4D6F82E48887F5AB9ED70C48,207709994,https://www.kugou.com/yy/rank/home/3-6666.html?from=rank
2026-09-23,2026-09-23T12:52:06+08:00,酷狗音乐,飙升榜,酷狗飙升榜,2026-09-23,59,Dusk Glow (暮光辉耀Slow),GFY1994、越心,,3:23,63E24EE53456E597399BF72F5BF21106,208451710,https://www.kugou.com/yy/rank/home/3-6666.html?from=rank
2026-09-23,2026-09-23T12:52:06+08:00,酷狗音乐,飙升榜,酷狗飙升榜,2026-09-23,60,后来我懂得了人微言轻,早晚晚,,2:47,70A4733C9047A7876CDA214D4CE3BEAE,178802754,https://www.kugou.com/yy/rank/home/3-6666.html?from=rank
2026-09-23,2026-09-23T12:52:06+08:00,酷狗音乐,飙升榜,酷狗飙升榜,2026-09-23,61,原来你说过的话都是谎言,肖雨蒙,,3:28,6CA2E5D6AE02AF8F40E6854B97AC519D,208413798,https://www.kugou.com/yy/rank/home/3-6666.html?from=rank
2026-09-23,2026-09-23T12:52:06+08:00,酷狗音乐,飙升榜,酷狗飙升榜,2026-09-23,62,说爱你,蔡依林,,3:47,4D363B727C78E0ED7A8BF4A8AC3D9D0C,9040249,https://www.kugou.com/yy/rank/home/3-6666.html?from=rank
2026-09-23,2026-09-23T12:52:06+08:00,酷狗音乐,飙升榜,酷狗飙升榜,2026-09-23,63,此刻,袁娅维TIA RAY,,3:34,659A08774AB3B2E9D64AA7273EB202FC,204979963,https://www.kugou.com/yy/rank/home/3-6666.html?from=rank
2026-09-23,2026-09-23T12:52:06+08:00,酷狗音乐,飙升榜,酷狗飙升榜,2026-09-23,64,Warrior (Slowed版),Siicko,,3:12,FA30B4390DBBF19810253F907634FD61,207822608,https://www.kugou.com/yy/rank/home/3-6666.html?from=rank
2026-09-23,2026-09-23T12:52:06+08:00,酷狗音乐,飙升榜,酷狗飙升榜,2026-09-23,65,半生迷茫半生醉,乘风,,3:04,5967AAFA98994860F410A24FB742B832,134239360,https://www.kugou.com/yy/rank/home/3-6666.html?from=rank
2026-09-23,2026-09-23T12:52:06+08:00,酷狗音乐,飙升榜,酷狗飙升榜,2026-09-23,66,开始就是一个错,赫铭,,3:46,8935CDC929081BDD483B2B7CD24E8780,207017626,https://www.kugou.com/yy/rank/home/3-6666.html?from=rank
2026-09-23,2026-09-23T12:52:06+08:00,酷狗音乐,飙升榜,酷狗飙升榜,2026-09-23,67,你来了一阵子 (粤语合唱版),阿国哥、蒋蕙林、天雯,,4:30,8D44C97FBFAB401E53B59B977BAFFC4B,208412645,https://www.kugou.com/yy/rank/home/4-6666.html?from=rank
2026-09-23,2026-09-23T12:52:06+08:00,酷狗音乐,飙升榜,酷狗飙升榜,2026-09-23,68,缘尽缘散缘无果,燕宝儿,,4:24,68D91475E7E02507CCB37A65CB796C91,202965747,https://www.kugou.com/yy/rank/home/4-6666.html?from=rank
2026-09-23,2026-09-23T12:52:06+08:00,酷狗音乐,飙升榜,酷狗飙升榜,2026-09-23,69,老家的月亮,戎大姨,,3:34,30F6EF27392970BAD9952632DAA4EDFC,208335260,https://www.kugou.com/yy/rank/home/4-6666.html?from=rank
2026-09-23,2026-09-23T12:52:06+08:00,酷狗音乐,飙升榜,酷狗飙升榜,2026-09-23,70,月光流淌的过往,亚明,,3:08,5CEF18F3E2A026CC656CF3534A91B6A1,206295275,https://www.kugou.com/yy/rank/home/4-6666.html?from=rank
2026-09-23,2026-09-23T12:52:06+08:00,酷狗音乐,飙升榜,酷狗飙升榜,2026-09-23,71,"Immortals (From ""Big Hero 6"")",Fall Out Boy,,3:13,D8979E1760E8BB108F65F320E3D3C515,541663,https://www.kugou.com/yy/rank/home/4-6666.html?from=rank
2026-09-23,2026-09-23T12:52:06+08:00,酷狗音乐,飙升榜,酷狗飙升榜,2026-09-23,72,只身远游,宇野匆匆,,3:10,661EA2CA370B9FBB267D3C187450A190,207708177,https://www.kugou.com/yy/rank/home/4-6666.html?from=rank
2026-09-23,2026-09-23T12:52:06+08:00,酷狗音乐,飙升榜,酷狗飙升榜,2026-09-23,73,被动 (微醺R&B版),狼叔-回声电台,,4:49,476CE7B68773D6B7A3EA0EA5F16672CD,206922121,https://www.kugou.com/yy/rank/home/4-6666.html?from=rank
2026-09-23,2026-09-23T12:52:06+08:00,酷狗音乐,飙升榜,酷狗飙升榜,2026-09-23,74,嫁给不爱的人 (释怀版),怪阿姨,,3:39,A41C3314A6C5D02F4A0BFF011634529C,208413145,https://www.kugou.com/yy/rank/home/4-6666.html?from=rank
2026-09-23,2026-09-23T12:52:06+08:00,酷狗音乐,飙升榜,酷狗飙升榜,2026-09-23,75,我终于决定放弃你,叶筱萱,,3:36,EE5FE39B988D164E37454A97AEE146D5,208310738,https://www.kugou.com/yy/rank/home/4-6666.html?from=rank
2026-09-23,2026-09-23T12:52:06+08:00,酷狗音乐,飙升榜,酷狗飙升榜,2026-09-23,76,月亮替我望一望故乡 (对唱版),庄众、李翠华,,3:30,0230A1AFDFFCFE0786CB3DBE84C5D830,208465138,https://www.kugou.com/yy/rank/home/4-6666.html?from=rank
2026-09-23,2026-09-23T12:52:06+08:00,酷狗音乐,飙升榜,酷狗飙升榜,2026-09-23,77,空荡的酒杯 (律动版),无名姐（路宝）,,2:39,D9022122D549D041CC81931D550147FF,208464987,https://www.kugou.com/yy/rank/home/4-6666.html?from=rank
2026-09-23,2026-09-23T12:52:06+08:00,酷狗音乐,飙升榜,酷狗飙升榜,2026-09-23,78,追梦人 (R&B氛围版),张妙格,,4:37,948E57259F913388E5945E9E0AB0EBCB,174420551,https://www.kugou.com/yy/rank/home/4-6666.html?from=rank
2026-09-23,2026-09-23T12:52:06+08:00,酷狗音乐,飙升榜,酷狗飙升榜,2026-09-23,79,年纪轻轻就结婚,小米,,3:36,5C22AF477DE199E972DBF3F0E1905691,208412077,https://www.kugou.com/yy/rank/home/4-6666.html?from=rank
2026-09-23,2026-09-23T12:52:06+08:00,酷狗音乐,飙升榜,酷狗飙升榜,2026-09-23,80,临时租借,邵甲天 ET、口古口古,,2:53,6E0B588F753913D13AE85DB30D1459F4,208374654,https://www.kugou.com/yy/rank/home/4-6666.html?from=rank
2026-09-23,2026-09-23T12:52:06+08:00,酷狗音乐,飙升榜,酷狗飙升榜,2026-09-23,81,别在我离开之前离开 (深情版),晚月moon、班班BAN,,3:32,3EC5AB9A4351C8AAF8A22F3270CC9566,202169672,https://www.kugou.com/yy/rank/home/4-6666.html?from=rank
2026-09-23,2026-09-23T12:52:06+08:00,酷狗音乐,飙升榜,酷狗飙升榜,2026-09-23,82,问天问地问风问雨,烟嗓船长,,3:36,D142FAFC1983FBE3E5902FCDCE913619,208434273,https://www.kugou.com/yy/rank/home/4-6666.html?from=rank
2026-09-23,2026-09-23T12:52:06+08:00,酷狗音乐,飙升榜,酷狗飙升榜,2026-09-23,83,健康是最大的福 (万人演唱会live版),沧桑小杰office,,3:18,680CFBA37BB9BC47BA3D4F302BAD1D9E,208374580,https://www.kugou.com/yy/rank/home/4-6666.html?from=rank
2026-09-23,2026-09-23T12:52:06+08:00,酷狗音乐,飙升榜,酷狗飙升榜,2026-09-23,84,Never Cross The Line,HENL,,2:29,1481311A2C2386A996ED34ED05F4F64B,207556093,https://www.kugou.com/yy/rank/home/4-6666.html?from=rank
2026-09-23,2026-09-23T12:52:06+08:00,酷狗音乐,飙升榜,酷狗飙升榜,2026-09-23,85,孤独与哀愁 (现场版),彭妃妃,,4:57,3B6B8ED5F6A13A2678AC17C1B92E0209,207590930,https://www.kugou.com/yy/rank/home/4-6666.html?from=rank
2026-09-23,2026-09-23T12:52:06+08:00,酷狗音乐,飙升榜,酷狗飙升榜,2026-09-23,86,领悟 (氛围版),瑞-Gary,,5:32,29EB92A6763824E48B1DC3CE4B11D23D,207804376,https://www.kugou.com/yy/rank/home/4-6666.html?from=rank
2026-09-23,2026-09-23T12:52:06+08:00,酷狗音乐,飙升榜,酷狗飙升榜,2026-09-23,87,余烬,洛天依,,2:58,B6A70BD91E5752BCE3DA17C52EAB56FB,208461715,https://www.kugou.com/yy/rank/home/4-6666.html?from=rank
2026-09-23,2026-09-23T12:52:06+08:00,酷狗音乐,飙升榜,酷狗飙升榜,2026-09-23,88,走卒 (微醺版),涂一乐,,3:00,B3F439C4E418E6A7678D07FA69D7BE05,206068147,https://www.kugou.com/yy/rank/home/4-6666.html?from=rank
2026-09-23,2026-09-23T12:52:06+08:00,酷狗音乐,飙升榜,酷狗飙升榜,2026-09-23,89,痴痴,大坨,,3:52,3F6CF46EE37F338558F65EDA2C51B44B,155064666,https://www.kugou.com/yy/rank/home/5-6666.html?from=rank
2026-09-23,2026-09-23T12:52:06+08:00,酷狗音乐,飙升榜,酷狗飙升榜,2026-09-23,90,别怕我伤心 + 听见有人叫你宝贝 + 爱情少尉 + 爱如潮水 (Live),李宗盛,,7:08,36FFB912DDF02971FC30007454700DE4,2708317,https://www.kugou.com/yy/rank/home/5-6666.html?from=rank
2026-09-23,2026-09-23T12:52:06+08:00,酷狗音乐,飙升榜,酷狗飙升榜,2026-09-23,91,红颜旧 (西风夜渡寒山雨),黑豆ado,,3:24,204D7F46F3E703090710B756D42F3F94,200615511,https://www.kugou.com/yy/rank/home/5-6666.html?from=rank
2026-09-23,2026-09-23T12:52:06+08:00,酷狗音乐,飙升榜,酷狗飙升榜,2026-09-23,92,新不了情 (烟嗓版),半吨兄弟,,4:07,B995F860475E2B8D5536C3C278DEF040,207197417,https://www.kugou.com/yy/rank/home/5-6666.html?from=rank
2026-09-23,2026-09-23T12:52:06+08:00,酷狗音乐,飙升榜,酷狗飙升榜,2026-09-23,93,幸福和快乐是结局 (氛围版),十九日极夜,,2:18,AC0E0B655301F75B0A69AA03BBEDCAA3,204369440,https://www.kugou.com/yy/rank/home/5-6666.html?from=rank
2026-09-23,2026-09-23T12:52:06+08:00,酷狗音乐,飙升榜,酷狗飙升榜,2026-09-23,94,你走之后,有棵里里,,3:18,4539527FA5D1FE152CC95B2220456787,208408411,https://www.kugou.com/yy/rank/home/5-6666.html?from=rank
2026-09-23,2026-09-23T12:52:06+08:00,酷狗音乐,飙升榜,酷狗飙升榜,2026-09-23,95,黄昏尾奏solo (纯享版),忧郁Official,,3:37,57A5A50CB18DC32F1DB269EE6B75A366,202162988,https://www.kugou.com/yy/rank/home/5-6666.html?from=rank
2026-09-23,2026-09-23T12:52:06+08:00,酷狗音乐,飙升榜,酷狗飙升榜,2026-09-23,96,都说悲秋伤离别 (好遗憾),刘纯,,3:16,A14655E6D880BA1AD35C5D0B1C7030F2,208428906,https://www.kugou.com/yy/rank/home/5-6666.html?from=rank
2026-09-23,2026-09-23T12:52:06+08:00,酷狗音乐,飙升榜,酷狗飙升榜,2026-09-23,97,红颜 (LPCD),胡彦斌,,3:43,43C8AAF13ABEEA01377BF06E2AF7E106,7547355,https://www.kugou.com/yy/rank/home/5-6666.html?from=rank
2026-09-23,2026-09-23T12:52:06+08:00,酷狗音乐,飙升榜,酷狗飙升榜,2026-09-23,98,月满西楼约 (巴扎黑版),十月森林,,4:17,37EEACFA53F9BFDF16792E4913F26A5D,198417517,https://www.kugou.com/yy/rank/home/5-6666.html?from=rank
2026-09-23,2026-09-23T12:52:06+08:00,酷狗音乐,飙升榜,酷狗飙升榜,2026-09-23,99,黄土谣,石满仓,,3:51,A1D87E7F13D98A0049D5D9375BF40889,208016285,https://www.kugou.com/yy/rank/home/5-6666.html?from=rank
2026-09-23,2026-09-23T12:52:06+08:00,酷狗音乐,飙升榜,酷狗飙升榜,2026-09-23,100,Yaro Taxlome (请你看着我的眼睛),ROJOG,,4:28,1E637C1700B43F605B476733FD37D957,201210279,https://www.kugou.com/yy/rank/home/5-6666.html?from=rank
2026-09-23,2026-09-23T12:52:06+08:00,微博,热搜榜,微博热搜榜,,1,闲鱼公布调查结果,互联网,热度 4643841；热,,闲鱼公布调查结果,,https://s.weibo.com/weibo?q=%23%E9%97%B2%E9%B1%BC%E5%85%AC%E5%B8%83%E8%B0%83%E6%9F%A5%E7%BB%93%E6%9E%9C%23
2026-09-23,2026-09-23T12:52:06+08:00,微博,热搜榜,微博热搜榜,,2,举报幼儿园幼师考虑两天两夜选择曝光,民生新闻,热度 1233578；新,,举报幼儿园幼师考虑两天两夜选择曝光,,https://s.weibo.com/weibo?q=%23%E4%B8%BE%E6%8A%A5%E5%B9%BC%E5%84%BF%E5%9B%AD%E5%B9%BC%E5%B8%88%E8%80%83%E8%99%91%E4%B8%A4%E5%A4%A9%E4%B8%A4%E5%A4%9C%E9%80%89%E6%8B%A9%E6%9B%9D%E5%85%89%23
2026-09-23,2026-09-23T12:52:06+08:00,微博,热搜榜,微博热搜榜,,3,文化中国行秋分节气,民生新闻,热度 973242,,文化中国行秋分节气,,https://s.weibo.com/weibo?q=%23%E6%96%87%E5%8C%96%E4%B8%AD%E5%9B%BD%E8%A1%8C%E7%A7%8B%E5%88%86%E8%8A%82%E6%B0%94%23
2026-09-23,2026-09-23T12:52:06+08:00,微博,热搜榜,微博热搜榜,,4,刘宁卸任河南省委书记,国内时政,热度 509574；新,,刘宁卸任河南省委书记,['刘宁'],https://s.weibo.com/weibo?q=%23%E5%88%98%E5%AE%81%E5%8D%B8%E4%BB%BB%E6%B2%B3%E5%8D%97%E7%9C%81%E5%A7%94%E4%B9%A6%E8%AE%B0%23
2026-09-23,2026-09-23T12:52:06+08:00,微博,热搜榜,微博热搜榜,,5,2026央视中秋晚会阵容,综艺,热度 352511,,2026央视中秋晚会阵容,晚会,https://s.weibo.com/weibo?q=%232026%E5%A4%AE%E8%A7%86%E4%B8%AD%E7%A7%8B%E6%99%9A%E4%BC%9A%E9%98%B5%E5%AE%B9%23
2026-09-23,2026-09-23T12:52:06+08:00,微博,热搜榜,微博热搜榜,,6,两京十五日官宣全阵容,剧集,热度 352288；新,,两京十五日官宣全阵容,剧集,https://s.weibo.com/weibo?q=%23%E4%B8%A4%E4%BA%AC%E5%8D%81%E4%BA%94%E6%97%A5%E5%AE%98%E5%AE%A3%E5%85%A8%E9%98%B5%E5%AE%B9%23
2026-09-23,2026-09-23T12:52:06+08:00,微博,热搜榜,微博热搜榜,,7,女子回应丈夫离世6亿遗产全给自己,民生新闻,热度 346690；新,,女子回应丈夫离世6亿遗产全给自己,,https://s.weibo.com/weibo?q=%23%E5%A5%B3%E5%AD%90%E5%9B%9E%E5%BA%94%E4%B8%88%E5%A4%AB%E7%A6%BB%E4%B8%966%E4%BA%BF%E9%81%97%E4%BA%A7%E5%85%A8%E7%BB%99%E8%87%AA%E5%B7%B1%23
2026-09-23,2026-09-23T12:52:06+08:00,微博,热搜榜,微博热搜榜,,8,马斯克感叹中国壮丽,民生新闻,热度 345790,,马斯克感叹中国壮丽,,https://s.weibo.com/weibo?q=%23%E9%A9%AC%E6%96%AF%E5%85%8B%E6%84%9F%E5%8F%B9%E4%B8%AD%E5%9B%BD%E5%A3%AE%E4%B8%BD%23
2026-09-23,2026-09-23T12:52:06+08:00,微博,热搜榜,微博热搜榜,,9,推动北斗产业规模超1万亿元,民生新闻,热度 343319,,推动北斗产业规模超1万亿元,,https://s.weibo.com/weibo?q=%23%E6%8E%A8%E5%8A%A8%E5%8C%97%E6%96%97%E4%BA%A7%E4%B8%9A%E8%A7%84%E6%A8%A1%E8%B6%851%E4%B8%87%E4%BA%BF%E5%85%83%23
2026-09-23,2026-09-23T12:52:06+08:00,微博,热搜榜,微博热搜榜,,10,爱奇艺悦享会官宣50余部剧,剧集,热度 342143,,爱奇艺悦享会官宣50余部剧,综艺,https://s.weibo.com/weibo?q=%23%E7%88%B1%E5%A5%87%E8%89%BA%E6%82%A6%E4%BA%AB%E4%BC%9A%E5%AE%98%E5%AE%A350%E4%BD%99%E9%83%A8%E5%89%A7%23
2026-09-23,2026-09-23T12:52:06+08:00,微博,热搜榜,微博热搜榜,,11,高市早苗要求删除敌国条款,国际时政,热度 340340；新,,高市早苗要求删除敌国条款,,https://s.weibo.com/weibo?q=%23%E9%AB%98%E5%B8%82%E6%97%A9%E8%8B%97%E8%A6%81%E6%B1%82%E5%88%A0%E9%99%A4%E6%95%8C%E5%9B%BD%E6%9D%A1%E6%AC%BE%23
2026-09-23,2026-09-23T12:52:06+08:00,微博,热搜榜,微博热搜榜,,12,杭州火灾,民生新闻,热度 337985；热,,杭州火灾,,https://s.weibo.com/weibo?q=%23%E6%9D%AD%E5%B7%9E%E7%81%AB%E7%81%BE%23
2026-09-23,2026-09-23T12:52:06+08:00,微博,热搜榜,微博热搜榜,,13,兰香如故一点也不ooc,剧集,热度 337254,,兰香如故一点也不ooc,剧集,https://s.weibo.com/weibo?q=%23%E5%85%B0%E9%A6%99%E5%A6%82%E6%95%85%E4%B8%80%E7%82%B9%E4%B9%9F%E4%B8%8Dooc%23
2026-09-23,2026-09-23T12:52:06+08:00,微博,热搜榜,微博热搜榜,,14,原来肖战早就暗示过了,音乐,热度 333825；新,,原来肖战早就暗示过了,音乐,https://s.weibo.com/weibo?q=%23%E5%8E%9F%E6%9D%A5%E8%82%96%E6%88%98%E6%97%A9%E5%B0%B1%E6%9A%97%E7%A4%BA%E8%BF%87%E4%BA%86%23
2026-09-23,2026-09-23T12:52:06+08:00,微博,热搜榜,微博热搜榜,,15,欧阳娜娜的头部穿搭,时尚,热度 333249；新,,欧阳娜娜的头部穿搭,['欧阳娜娜'],https://s.weibo.com/weibo?q=%23%E6%AC%A7%E9%98%B3%E5%A8%9C%E5%A8%9C%E7%9A%84%E5%A4%B4%E9%83%A8%E7%A9%BF%E6%90%AD%23
2026-09-23,2026-09-23T12:52:06+08:00,微博,热搜榜,微博热搜榜,,16,张家齐妈妈拒绝返还存款涉嫌违法,"体育,综艺",热度 331194,,张家齐妈妈拒绝返还存款涉嫌违法,,https://s.weibo.com/weibo?q=%23%E5%BC%A0%E5%AE%B6%E9%BD%90%E5%A6%88%E5%A6%88%E6%8B%92%E7%BB%9D%E8%BF%94%E8%BF%98%E5%AD%98%E6%AC%BE%E6%B6%89%E5%AB%8C%E8%BF%9D%E6%B3%95%23
2026-09-23,2026-09-23T12:52:06+08:00,微博,热搜榜,微博热搜榜,,17,白鹿无缝录综艺拍新剧,剧集,热度 330086；新,,白鹿无缝录综艺拍新剧,剧集,https://s.weibo.com/weibo?q=%23%E7%99%BD%E9%B9%BF%E6%97%A0%E7%BC%9D%E5%BD%95%E7%BB%BC%E8%89%BA%E6%8B%8D%E6%96%B0%E5%89%A7%23
2026-09-23,2026-09-23T12:52:06+08:00,微博,热搜榜,微博热搜榜,,18,孙颖莎 亚运乒乓球,体育,热度 329951；新,,孙颖莎 亚运乒乓球,,https://s.weibo.com/weibo?q=%23%E5%AD%99%E9%A2%96%E8%8E%8E%20%E4%BA%9A%E8%BF%90%E4%B9%92%E4%B9%93%E7%90%83%23
2026-09-23,2026-09-23T12:52:06+08:00,微博,热搜榜,微博热搜榜,,19,肖战要搞唱跳了,音乐,热度 329567,,肖战要搞唱跳了,音乐,https://s.weibo.com/weibo?q=%23%E8%82%96%E6%88%98%E8%A6%81%E6%90%9E%E5%94%B1%E8%B7%B3%E4%BA%86%23
2026-09-23,2026-09-23T12:52:06+08:00,微博,热搜榜,微博热搜榜,,20,王一博穿以纯帅得好权威,艺人,热度 329148；新,,王一博穿以纯帅得好权威,['王一博'],https://s.weibo.com/weibo?q=%23%E7%8E%8B%E4%B8%80%E5%8D%9A%E7%A9%BF%E4%BB%A5%E7%BA%AF%E5%B8%85%E5%BE%97%E5%A5%BD%E6%9D%83%E5%A8%81%23
2026-09-23,2026-09-23T12:52:06+08:00,微博,热搜榜,微博热搜榜,,21,高市早苗抵达美国无美方高官迎接,国际时政,热度 328893；新,,高市早苗抵达美国无美方高官迎接,,https://s.weibo.com/weibo?q=%23%E9%AB%98%E5%B8%82%E6%97%A9%E8%8B%97%E6%8A%B5%E8%BE%BE%E7%BE%8E%E5%9B%BD%E6%97%A0%E7%BE%8E%E6%96%B9%E9%AB%98%E5%AE%98%E8%BF%8E%E6%8E%A5%23
2026-09-23,2026-09-23T12:52:06+08:00,微博,热搜榜,微博热搜榜,,22,我国接受过高等教育人口达2.7亿,国内时政,热度 328372；新,,我国接受过高等教育人口达2.7亿,,https://s.weibo.com/weibo?q=%23%E6%88%91%E5%9B%BD%E6%8E%A5%E5%8F%97%E8%BF%87%E9%AB%98%E7%AD%89%E6%95%99%E8%82%B2%E4%BA%BA%E5%8F%A3%E8%BE%BE2.7%E4%BA%BF%23
2026-09-23,2026-09-23T12:52:06+08:00,微博,热搜榜,微博热搜榜,,23,李乐成任安徽省委书记,国内时政,热度 328076；新,,李乐成任安徽省委书记,['李乐'],https://s.weibo.com/weibo?q=%23%E6%9D%8E%E4%B9%90%E6%88%90%E4%BB%BB%E5%AE%89%E5%BE%BD%E7%9C%81%E5%A7%94%E4%B9%A6%E8%AE%B0%23
2026-09-23,2026-09-23T12:52:06+08:00,微博,热搜榜,微博热搜榜,,24,宋亚轩陪刘耀文去河北拍生日照,艺人,热度 327863；新,,宋亚轩陪刘耀文去河北拍生日照,"['宋亚轩', '刘耀文']",https://s.weibo.com/weibo?q=%23%E5%AE%8B%E4%BA%9A%E8%BD%A9%E9%99%AA%E5%88%98%E8%80%80%E6%96%87%E5%8E%BB%E6%B2%B3%E5%8C%97%E6%8B%8D%E7%94%9F%E6%97%A5%E7%85%A7%23
2026-09-23,2026-09-23T12:52:06+08:00,微博,热搜榜,微博热搜榜,,25,父亲离世6亿遗产3子女分文未得,民生新闻,热度 327432；新,,父亲离世6亿遗产3子女分文未得,,https://s.weibo.com/weibo?q=%23%E7%88%B6%E4%BA%B2%E7%A6%BB%E4%B8%966%E4%BA%BF%E9%81%97%E4%BA%A73%E5%AD%90%E5%A5%B3%E5%88%86%E6%96%87%E6%9C%AA%E5%BE%97%23
2026-09-23,2026-09-23T12:52:06+08:00,微博,热搜榜,微博热搜榜,,26,才发现眼药水其实是这样用的,健康医疗,热度 327040,,才发现眼药水其实是这样用的,,https://s.weibo.com/weibo?q=%23%E6%89%8D%E5%8F%91%E7%8E%B0%E7%9C%BC%E8%8D%AF%E6%B0%B4%E5%85%B6%E5%AE%9E%E6%98%AF%E8%BF%99%E6%A0%B7%E7%94%A8%E7%9A%84%23
2026-09-23,2026-09-23T12:52:06+08:00,微博,热搜榜,微博热搜榜,,27,苹果不建议给iPhone贴膜,数码,热度 326598,,苹果不建议给iPhone贴膜,,https://s.weibo.com/weibo?q=%23%E8%8B%B9%E6%9E%9C%E4%B8%8D%E5%BB%BA%E8%AE%AE%E7%BB%99iPhone%E8%B4%B4%E8%86%9C%23
2026-09-23,2026-09-23T12:52:06+08:00,微博,热搜榜,微博热搜榜,,28,遭强奸女孩说和闺蜜早上睡觉晚上玩,民生新闻,热度 326495；新,,遭强奸女孩说和闺蜜早上睡觉晚上玩,,https://s.weibo.com/weibo?q=%23%E9%81%AD%E5%BC%BA%E5%A5%B8%E5%A5%B3%E5%AD%A9%E8%AF%B4%E5%92%8C%E9%97%BA%E8%9C%9C%E6%97%A9%E4%B8%8A%E7%9D%A1%E8%A7%89%E6%99%9A%E4%B8%8A%E7%8E%A9%23
2026-09-23,2026-09-23T12:52:06+08:00,微博,热搜榜,微博热搜榜,,29,38岁男子因超龄被当赠品卖给园区,民生新闻,热度 325963；新,,38岁男子因超龄被当赠品卖给园区,,https://s.weibo.com/weibo?q=%2338%E5%B2%81%E7%94%B7%E5%AD%90%E5%9B%A0%E8%B6%85%E9%BE%84%E8%A2%AB%E5%BD%93%E8%B5%A0%E5%93%81%E5%8D%96%E7%BB%99%E5%9B%AD%E5%8C%BA%23
2026-09-23,2026-09-23T12:52:06+08:00,微博,热搜榜,微博热搜榜,,30,白鹿回复呵呵你是我最好的礼物,艺人,热度 325848,,白鹿回复呵呵你是我最好的礼物,['白鹿'],https://s.weibo.com/weibo?q=%23%E7%99%BD%E9%B9%BF%E5%9B%9E%E5%A4%8D%E5%91%B5%E5%91%B5%E4%BD%A0%E6%98%AF%E6%88%91%E6%9C%80%E5%A5%BD%E7%9A%84%E7%A4%BC%E7%89%A9%23
2026-09-23,2026-09-23T12:52:06+08:00,微博,热搜榜,微博热搜榜,,31,荣耀Magic9续航实测登顶,数码,热度 325293；新,,荣耀Magic9续航实测登顶,,https://s.weibo.com/weibo?q=%23%E8%8D%A3%E8%80%80Magic9%E7%BB%AD%E8%88%AA%E5%AE%9E%E6%B5%8B%E7%99%BB%E9%A1%B6%23
2026-09-23,2026-09-23T12:52:06+08:00,微博,热搜榜,微博热搜榜,,32,王安宇一天官宣三部剧,剧集,热度 325186；新,,王安宇一天官宣三部剧,['王安宇'],https://s.weibo.com/weibo?q=%23%E7%8E%8B%E5%AE%89%E5%AE%87%E4%B8%80%E5%A4%A9%E5%AE%98%E5%AE%A3%E4%B8%89%E9%83%A8%E5%89%A7%23
2026-09-23,2026-09-23T12:52:06+08:00,微博,热搜榜,微博热搜榜,,33,苹果客服称苹果并不生产膜,数码,热度 320578；新,,苹果客服称苹果并不生产膜,,https://s.weibo.com/weibo?q=%23%E8%8B%B9%E6%9E%9C%E5%AE%A2%E6%9C%8D%E7%A7%B0%E8%8B%B9%E6%9E%9C%E5%B9%B6%E4%B8%8D%E7%94%9F%E4%BA%A7%E8%86%9C%23
2026-09-23,2026-09-23T12:52:06+08:00,微博,热搜榜,微博热搜榜,,34,孙颖莎王楚钦击掌,体育,热度 265306；新,,孙颖莎王楚钦击掌,,https://s.weibo.com/weibo?q=%23%E5%AD%99%E9%A2%96%E8%8E%8E%E7%8E%8B%E6%A5%9A%E9%92%A6%E5%87%BB%E6%8E%8C%23
2026-09-23,2026-09-23T12:52:06+08:00,微博,热搜榜,微博热搜榜,,35,遭强奸13岁女孩回应和闺蜜相识过程,民生新闻,热度 258895；新,,遭强奸13岁女孩回应和闺蜜相识过程,,https://s.weibo.com/weibo?q=%23%E9%81%AD%E5%BC%BA%E5%A5%B813%E5%B2%81%E5%A5%B3%E5%AD%A9%E5%9B%9E%E5%BA%94%E5%92%8C%E9%97%BA%E8%9C%9C%E7%9B%B8%E8%AF%86%E8%BF%87%E7%A8%8B%23
2026-09-23,2026-09-23T12:52:06+08:00,微博,热搜榜,微博热搜榜,,36,王者客服回应孙尚香新皮肤被指敷衍,游戏,热度 241132；新,,王者客服回应孙尚香新皮肤被指敷衍,,https://s.weibo.com/weibo?q=%23%E7%8E%8B%E8%80%85%E5%AE%A2%E6%9C%8D%E5%9B%9E%E5%BA%94%E5%AD%99%E5%B0%9A%E9%A6%99%E6%96%B0%E7%9A%AE%E8%82%A4%E8%A2%AB%E6%8C%87%E6%95%B7%E8%A1%8D%23
2026-09-23,2026-09-23T12:52:06+08:00,微博,热搜榜,微博热搜榜,,37,魏无羡重修金丹,动漫,热度 236500；新,,魏无羡重修金丹,,https://s.weibo.com/weibo?q=%23%E9%AD%8F%E6%97%A0%E7%BE%A1%E9%87%8D%E4%BF%AE%E9%87%91%E4%B8%B9%23
2026-09-23,2026-09-23T12:52:06+08:00,微博,热搜榜,微博热搜榜,,38,亚运会,体育,热度 235425,,亚运会,,https://s.weibo.com/weibo?q=%23%E4%BA%9A%E8%BF%90%E4%BC%9A%23
2026-09-23,2026-09-23T12:52:06+08:00,微博,热搜榜,微博热搜榜,,39,不二之臣新预告死了都要爱,剧集,热度 229836；新,,不二之臣新预告死了都要爱,剧集,https://s.weibo.com/weibo?q=%23%E4%B8%8D%E4%BA%8C%E4%B9%8B%E8%87%A3%E6%96%B0%E9%A2%84%E5%91%8A%E6%AD%BB%E4%BA%86%E9%83%BD%E8%A6%81%E7%88%B1%23
2026-09-23,2026-09-23T12:52:06+08:00,微博,热搜榜,微博热搜榜,,40,易烊千玺演唱会DVD销售额,演出,热度 229224；新,,易烊千玺演唱会DVD销售额,演出,https://s.weibo.com/weibo?q=%23%E6%98%93%E7%83%8A%E5%8D%83%E7%8E%BA%E6%BC%94%E5%94%B1%E4%BC%9ADVD%E9%94%80%E5%94%AE%E9%A2%9D%23
2026-09-23,2026-09-23T12:52:06+08:00,微博,热搜榜,微博热搜榜,,41,王楚钦孙颖莎vs冯翊新叶伊恬,体育,热度 215760；新,,王楚钦孙颖莎vs冯翊新叶伊恬,,https://s.weibo.com/weibo?q=%23%E7%8E%8B%E6%A5%9A%E9%92%A6%E5%AD%99%E9%A2%96%E8%8E%8Evs%E5%86%AF%E7%BF%8A%E6%96%B0%E5%8F%B6%E4%BC%8A%E6%81%AC%23
2026-09-23,2026-09-23T12:52:06+08:00,微博,热搜榜,微博热搜榜,,42,王者荣耀优化孙尚香珍无皮肤,游戏,热度 213894；新,,王者荣耀优化孙尚香珍无皮肤,,https://s.weibo.com/weibo?q=%23%E7%8E%8B%E8%80%85%E8%8D%A3%E8%80%80%E4%BC%98%E5%8C%96%E5%AD%99%E5%B0%9A%E9%A6%99%E7%8F%8D%E6%97%A0%E7%9A%AE%E8%82%A4%23
2026-09-23,2026-09-23T12:52:06+08:00,微博,热搜榜,微博热搜榜,,43,现在就出发,综艺,热度 211359；新,,现在就出发,综艺,https://s.weibo.com/weibo?q=%23%E7%8E%B0%E5%9C%A8%E5%B0%B1%E5%87%BA%E5%8F%91%23
2026-09-23,2026-09-23T12:52:06+08:00,微博,热搜榜,微博热搜榜,,44,敖瑞鹏沈羽洁新剧12秒亲了10次,剧集,热度 203293；新,,敖瑞鹏沈羽洁新剧12秒亲了10次,剧集,https://s.weibo.com/weibo?q=%23%E6%95%96%E7%91%9E%E9%B9%8F%E6%B2%88%E7%BE%BD%E6%B4%81%E6%96%B0%E5%89%A712%E7%A7%92%E4%BA%B2%E4%BA%8610%E6%AC%A1%23
2026-09-23,2026-09-23T12:52:06+08:00,微博,热搜榜,微博热搜榜,,45,云初令预告,剧集,热度 201934；新,,云初令预告,剧集,https://s.weibo.com/weibo?q=%23%E4%BA%91%E5%88%9D%E4%BB%A4%E9%A2%84%E5%91%8A%23
2026-09-23,2026-09-23T12:52:06+08:00,微博,热搜榜,微博热搜榜,,46,王楚钦孙颖莎看热闹,体育,热度 200147；新,,王楚钦孙颖莎看热闹,,https://s.weibo.com/weibo?q=%23%E7%8E%8B%E6%A5%9A%E9%92%A6%E5%AD%99%E9%A2%96%E8%8E%8E%E7%9C%8B%E7%83%AD%E9%97%B9%23
2026-09-23,2026-09-23T12:52:06+08:00,微博,热搜榜,微博热搜榜,,47,喜欢杨洋的风刮到了全球,艺人,热度 192984；新,,喜欢杨洋的风刮到了全球,['杨洋'],https://s.weibo.com/weibo?q=%23%E5%96%9C%E6%AC%A2%E6%9D%A8%E6%B4%8B%E7%9A%84%E9%A3%8E%E5%88%AE%E5%88%B0%E4%BA%86%E5%85%A8%E7%90%83%23
2026-09-23,2026-09-23T12:52:06+08:00,微博,热搜榜,微博热搜榜,,48,油价上调预期与国际油价背离,财经,热度 189614,,油价上调预期与国际油价背离,,https://s.weibo.com/weibo?q=%23%E6%B2%B9%E4%BB%B7%E4%B8%8A%E8%B0%83%E9%A2%84%E6%9C%9F%E4%B8%8E%E5%9B%BD%E9%99%85%E6%B2%B9%E4%BB%B7%E8%83%8C%E7%A6%BB%23
2026-09-23,2026-09-23T12:52:06+08:00,微博,热搜榜,微博热搜榜,,49,男粉在底下替热巴开见面会,艺人,热度 188482,,男粉在底下替热巴开见面会,,https://s.weibo.com/weibo?q=%23%E7%94%B7%E7%B2%89%E5%9C%A8%E5%BA%95%E4%B8%8B%E6%9B%BF%E7%83%AD%E5%B7%B4%E5%BC%80%E8%A7%81%E9%9D%A2%E4%BC%9A%23
2026-09-23,2026-09-23T12:52:06+08:00,微博,热搜榜,微博热搜榜,,50,谢楠侯佩岑主持央视中秋晚会,艺人,热度 187912；新,,谢楠侯佩岑主持央视中秋晚会,"['谢楠', '侯佩岑']",https://s.weibo.com/weibo?q=%23%E8%B0%A2%E6%A5%A0%E4%BE%AF%E4%BD%A9%E5%B2%91%E4%B8%BB%E6%8C%81%E5%A4%AE%E8%A7%86%E4%B8%AD%E7%A7%8B%E6%99%9A%E4%BC%9A%23
2026-09-23,2026-09-23T12:52:06+08:00,微博,文娱热搜榜,微博热搜榜-文娱条目,,1,2026央视中秋晚会阵容,综艺,总榜排名 5；热度 352511,,2026央视中秋晚会阵容,晚会,https://s.weibo.com/weibo?q=%232026%E5%A4%AE%E8%A7%86%E4%B8%AD%E7%A7%8B%E6%99%9A%E4%BC%9A%E9%98%B5%E5%AE%B9%23
2026-09-23,2026-09-23T12:52:06+08:00,微博,文娱热搜榜,微博热搜榜-文娱条目,,2,两京十五日官宣全阵容,剧集,总榜排名 6；热度 352288；新,,两京十五日官宣全阵容,剧集,https://s.weibo.com/weibo?q=%23%E4%B8%A4%E4%BA%AC%E5%8D%81%E4%BA%94%E6%97%A5%E5%AE%98%E5%AE%A3%E5%85%A8%E9%98%B5%E5%AE%B9%23
2026-09-23,2026-09-23T12:52:06+08:00,微博,文娱热搜榜,微博热搜榜-文娱条目,,3,爱奇艺悦享会官宣50余部剧,剧集,总榜排名 10；热度 342143,,爱奇艺悦享会官宣50余部剧,综艺,https://s.weibo.com/weibo?q=%23%E7%88%B1%E5%A5%87%E8%89%BA%E6%82%A6%E4%BA%AB%E4%BC%9A%E5%AE%98%E5%AE%A350%E4%BD%99%E9%83%A8%E5%89%A7%23
2026-09-23,2026-09-23T12:52:06+08:00,微博,文娱热搜榜,微博热搜榜-文娱条目,,4,兰香如故一点也不ooc,剧集,总榜排名 13；热度 337254,,兰香如故一点也不ooc,剧集,https://s.weibo.com/weibo?q=%23%E5%85%B0%E9%A6%99%E5%A6%82%E6%95%85%E4%B8%80%E7%82%B9%E4%B9%9F%E4%B8%8Dooc%23
2026-09-23,2026-09-23T12:52:06+08:00,微博,文娱热搜榜,微博热搜榜-文娱条目,,5,原来肖战早就暗示过了,音乐,总榜排名 14；热度 333825；新,,原来肖战早就暗示过了,音乐,https://s.weibo.com/weibo?q=%23%E5%8E%9F%E6%9D%A5%E8%82%96%E6%88%98%E6%97%A9%E5%B0%B1%E6%9A%97%E7%A4%BA%E8%BF%87%E4%BA%86%23
2026-09-23,2026-09-23T12:52:06+08:00,微博,文娱热搜榜,微博热搜榜-文娱条目,,6,白鹿无缝录综艺拍新剧,剧集,总榜排名 17；热度 330086；新,,白鹿无缝录综艺拍新剧,剧集,https://s.weibo.com/weibo?q=%23%E7%99%BD%E9%B9%BF%E6%97%A0%E7%BC%9D%E5%BD%95%E7%BB%BC%E8%89%BA%E6%8B%8D%E6%96%B0%E5%89%A7%23
2026-09-23,2026-09-23T12:52:06+08:00,微博,文娱热搜榜,微博热搜榜-文娱条目,,7,肖战要搞唱跳了,音乐,总榜排名 19；热度 329567,,肖战要搞唱跳了,音乐,https://s.weibo.com/weibo?q=%23%E8%82%96%E6%88%98%E8%A6%81%E6%90%9E%E5%94%B1%E8%B7%B3%E4%BA%86%23
2026-09-23,2026-09-23T12:52:06+08:00,微博,文娱热搜榜,微博热搜榜-文娱条目,,8,王一博穿以纯帅得好权威,艺人,总榜排名 20；热度 329148；新,,王一博穿以纯帅得好权威,['王一博'],https://s.weibo.com/weibo?q=%23%E7%8E%8B%E4%B8%80%E5%8D%9A%E7%A9%BF%E4%BB%A5%E7%BA%AF%E5%B8%85%E5%BE%97%E5%A5%BD%E6%9D%83%E5%A8%81%23
2026-09-23,2026-09-23T12:52:06+08:00,微博,文娱热搜榜,微博热搜榜-文娱条目,,9,宋亚轩陪刘耀文去河北拍生日照,艺人,总榜排名 24；热度 327863；新,,宋亚轩陪刘耀文去河北拍生日照,"['宋亚轩', '刘耀文']",https://s.weibo.com/weibo?q=%23%E5%AE%8B%E4%BA%9A%E8%BD%A9%E9%99%AA%E5%88%98%E8%80%80%E6%96%87%E5%8E%BB%E6%B2%B3%E5%8C%97%E6%8B%8D%E7%94%9F%E6%97%A5%E7%85%A7%23
2026-09-23,2026-09-23T12:52:06+08:00,微博,文娱热搜榜,微博热搜榜-文娱条目,,10,白鹿回复呵呵你是我最好的礼物,艺人,总榜排名 30；热度 325848,,白鹿回复呵呵你是我最好的礼物,['白鹿'],https://s.weibo.com/weibo?q=%23%E7%99%BD%E9%B9%BF%E5%9B%9E%E5%A4%8D%E5%91%B5%E5%91%B5%E4%BD%A0%E6%98%AF%E6%88%91%E6%9C%80%E5%A5%BD%E7%9A%84%E7%A4%BC%E7%89%A9%23
2026-09-23,2026-09-23T12:52:06+08:00,微博,文娱热搜榜,微博热搜榜-文娱条目,,11,王安宇一天官宣三部剧,剧集,总榜排名 32；热度 325186；新,,王安宇一天官宣三部剧,['王安宇'],https://s.weibo.com/weibo?q=%23%E7%8E%8B%E5%AE%89%E5%AE%87%E4%B8%80%E5%A4%A9%E5%AE%98%E5%AE%A3%E4%B8%89%E9%83%A8%E5%89%A7%23
2026-09-23,2026-09-23T12:52:06+08:00,微博,文娱热搜榜,微博热搜榜-文娱条目,,12,魏无羡重修金丹,动漫,总榜排名 37；热度 236500；新,,魏无羡重修金丹,,https://s.weibo.com/weibo?q=%23%E9%AD%8F%E6%97%A0%E7%BE%A1%E9%87%8D%E4%BF%AE%E9%87%91%E4%B8%B9%23
2026-09-23,2026-09-23T12:52:06+08:00,微博,文娱热搜榜,微博热搜榜-文娱条目,,13,不二之臣新预告死了都要爱,剧集,总榜排名 39；热度 229836；新,,不二之臣新预告死了都要爱,剧集,https://s.weibo.com/weibo?q=%23%E4%B8%8D%E4%BA%8C%E4%B9%8B%E8%87%A3%E6%96%B0%E9%A2%84%E5%91%8A%E6%AD%BB%E4%BA%86%E9%83%BD%E8%A6%81%E7%88%B1%23
2026-09-23,2026-09-23T12:52:06+08:00,微博,文娱热搜榜,微博热搜榜-文娱条目,,14,易烊千玺演唱会DVD销售额,演出,总榜排名 40；热度 229224；新,,易烊千玺演唱会DVD销售额,演出,https://s.weibo.com/weibo?q=%23%E6%98%93%E7%83%8A%E5%8D%83%E7%8E%BA%E6%BC%94%E5%94%B1%E4%BC%9ADVD%E9%94%80%E5%94%AE%E9%A2%9D%23
2026-09-23,2026-09-23T12:52:06+08:00,微博,文娱热搜榜,微博热搜榜-文娱条目,,15,现在就出发,综艺,总榜排名 43；热度 211359；新,,现在就出发,综艺,https://s.weibo.com/weibo?q=%23%E7%8E%B0%E5%9C%A8%E5%B0%B1%E5%87%BA%E5%8F%91%23
2026-09-23,2026-09-23T12:52:06+08:00,微博,文娱热搜榜,微博热搜榜-文娱条目,,16,敖瑞鹏沈羽洁新剧12秒亲了10次,剧集,总榜排名 44；热度 203293；新,,敖瑞鹏沈羽洁新剧12秒亲了10次,剧集,https://s.weibo.com/weibo?q=%23%E6%95%96%E7%91%9E%E9%B9%8F%E6%B2%88%E7%BE%BD%E6%B4%81%E6%96%B0%E5%89%A712%E7%A7%92%E4%BA%B2%E4%BA%8610%E6%AC%A1%23
2026-09-23,2026-09-23T12:52:06+08:00,微博,文娱热搜榜,微博热搜榜-文娱条目,,17,云初令预告,剧集,总榜排名 45；热度 201934；新,,云初令预告,剧集,https://s.weibo.com/weibo?q=%23%E4%BA%91%E5%88%9D%E4%BB%A4%E9%A2%84%E5%91%8A%23
2026-09-23,2026-09-23T12:52:06+08:00,微博,文娱热搜榜,微博热搜榜-文娱条目,,18,喜欢杨洋的风刮到了全球,艺人,总榜排名 47；热度 192984；新,,喜欢杨洋的风刮到了全球,['杨洋'],https://s.weibo.com/weibo?q=%23%E5%96%9C%E6%AC%A2%E6%9D%A8%E6%B4%8B%E7%9A%84%E9%A3%8E%E5%88%AE%E5%88%B0%E4%BA%86%E5%85%A8%E7%90%83%23
2026-09-23,2026-09-23T12:52:06+08:00,微博,文娱热搜榜,微博热搜榜-文娱条目,,19,男粉在底下替热巴开见面会,艺人,总榜排名 49；热度 188482,,男粉在底下替热巴开见面会,,https://s.weibo.com/weibo?q=%23%E7%94%B7%E7%B2%89%E5%9C%A8%E5%BA%95%E4%B8%8B%E6%9B%BF%E7%83%AD%E5%B7%B4%E5%BC%80%E8%A7%81%E9%9D%A2%E4%BC%9A%23
2026-09-23,2026-09-23T12:52:06+08:00,微博,文娱热搜榜,微博热搜榜-文娱条目,,20,谢楠侯佩岑主持央视中秋晚会,艺人,总榜排名 50；热度 187912；新,,谢楠侯佩岑主持央视中秋晚会,"['谢楠', '侯佩岑']",https://s.weibo.com/weibo?q=%23%E8%B0%A2%E6%A5%A0%E4%BE%AF%E4%BD%A9%E5%B2%91%E4%B8%BB%E6%8C%81%E5%A4%AE%E8%A7%86%E4%B8%AD%E7%A7%8B%E6%99%9A%E4%BC%9A%23
