snapshot_date,captured_at,platform,chart,official_chart,platform_date,rank,song_name,artist,chart_metric,duration,song_id,album_id,source_url
2026-08-12,2026-08-12T10:48:12+08:00,QQ音乐,热歌榜,热歌榜,2026-08-12,1,恋人,李荣浩,上升 2,,496054946,004HaG7p4ZkhXA,https://y.qq.com/n/ryqq/toplist/26
2026-08-12,2026-08-12T10:48:12+08:00,QQ音乐,热歌榜,热歌榜,2026-08-12,2,冻结,林俊杰,上升 14,,101659148,002vlOfM1X5TQ0,https://y.qq.com/n/ryqq/toplist/26
2026-08-12,2026-08-12T10:48:12+08:00,QQ音乐,热歌榜,热歌榜,2026-08-12,3,雨爱,杨丞琳,上升 3,,645819,000jcKFG0sQrD0,https://y.qq.com/n/ryqq/toplist/26
2026-08-12,2026-08-12T10:48:12+08:00,QQ音乐,热歌榜,热歌榜,2026-08-12,4,失眠,Suki刘舒妤,上升 3,,4733575,002xCeeN4EJ1Ke,https://y.qq.com/n/ryqq/toplist/26
2026-08-12,2026-08-12T10:48:12+08:00,QQ音乐,热歌榜,热歌榜,2026-08-12,5,甲乙丙丁 (你我怎么两清),李佳薇,下降 1,,696262512,00446QRA1fTdqA,https://y.qq.com/n/ryqq/toplist/26
2026-08-12,2026-08-12T10:48:12+08:00,QQ音乐,热歌榜,热歌榜,2026-08-12,6,碎碎念,队长,下降 1,,448738462,000DTFwk0oV4YR,https://y.qq.com/n/ryqq/toplist/26
2026-08-12,2026-08-12T10:48:12+08:00,QQ音乐,热歌榜,热歌榜,2026-08-12,7,盛夏的果实,莫文蔚,上升 3,,4830161,000KeV8l1PIjxt,https://y.qq.com/n/ryqq/toplist/26
2026-08-12,2026-08-12T10:48:12+08:00,QQ音乐,热歌榜,热歌榜,2026-08-12,8,情歌,梁静茹,上升 6,,462188,002E4IXe1ESUij,https://y.qq.com/n/ryqq/toplist/26
2026-08-12,2026-08-12T10:48:12+08:00,QQ音乐,热歌榜,热歌榜,2026-08-12,9,特别的人,方大同,0,,5293866,000GvdTR0qcKh8,https://y.qq.com/n/ryqq/toplist/26
2026-08-12,2026-08-12T10:48:12+08:00,QQ音乐,热歌榜,热歌榜,2026-08-12,10,我怀念的,孙燕姿,上升 1,,5211338,000P3l050Olt27,https://y.qq.com/n/ryqq/toplist/26
2026-08-12,2026-08-12T10:48:12+08:00,QQ音乐,热歌榜,热歌榜,2026-08-12,11,Pop Off Pop Off,KiiiKiii,上升 7,,713923346,001BBk2i0eiW5S,https://y.qq.com/n/ryqq/toplist/26
2026-08-12,2026-08-12T10:48:12+08:00,QQ音乐,热歌榜,热歌榜,2026-08-12,12,Always Online,林俊杰,上升 3,,447257,002g6zv02X7SNi,https://y.qq.com/n/ryqq/toplist/26
2026-08-12,2026-08-12T10:48:12+08:00,QQ音乐,热歌榜,热歌榜,2026-08-12,13,爱错,王力宏,下降 1,,105905415,002ElVxf43rOue,https://y.qq.com/n/ryqq/toplist/26
2026-08-12,2026-08-12T10:48:12+08:00,QQ音乐,热歌榜,热歌榜,2026-08-12,14,我不难过,孙燕姿,下降 1,,8136,004VSvF52mQoQp,https://y.qq.com/n/ryqq/toplist/26
2026-08-12,2026-08-12T10:48:12+08:00,QQ音乐,热歌榜,热歌榜,2026-08-12,15,贰拾肆,梓渝,下降 13,,714639845,0035Y3b01o1BsG,https://y.qq.com/n/ryqq/toplist/26
2026-08-12,2026-08-12T10:48:12+08:00,QQ音乐,热歌榜,热歌榜,2026-08-12,16,雨过后的风景,Dizzy Dizzo (蔡诗芸),上升 5,,1960263,0038xSkp1EcVBf,https://y.qq.com/n/ryqq/toplist/26
2026-08-12,2026-08-12T10:48:12+08:00,QQ音乐,热歌榜,热歌榜,2026-08-12,17,唯一,G.E.M. 邓紫棋,上升 2,,438910555,002d6m7k0xCbSv,https://y.qq.com/n/ryqq/toplist/26
2026-08-12,2026-08-12T10:48:12+08:00,QQ音乐,热歌榜,热歌榜,2026-08-12,18,阴天,莫文蔚,上升 2,,4830345,000hTTJN3oScZr,https://y.qq.com/n/ryqq/toplist/26
2026-08-12,2026-08-12T10:48:12+08:00,QQ音乐,热歌榜,热歌榜,2026-08-12,19,ANGEL (天使),尹美莱 (윤미래)/Tiger JK/Bizzy (비지),下降 2,,101138130,000qiKcT05rSr9,https://y.qq.com/n/ryqq/toplist/26
2026-08-12,2026-08-12T10:48:12+08:00,QQ音乐,热歌榜,热歌榜,2026-08-12,20,演员,薛之谦,上升 2,,102636799,003y8dsH2wBHlo,https://y.qq.com/n/ryqq/toplist/26
2026-08-12,2026-08-12T10:48:12+08:00,QQ音乐,热歌榜,热歌榜,2026-08-12,21,红色高跟鞋,蔡健雅,上升 2,,624649,002dOge41xlS8x,https://y.qq.com/n/ryqq/toplist/26
2026-08-12,2026-08-12T10:48:12+08:00,QQ音乐,热歌榜,热歌榜,2026-08-12,22,无人之岛,任然,上升 2,,203452364,002lMPc30c4rOO,https://y.qq.com/n/ryqq/toplist/26
2026-08-12,2026-08-12T10:48:12+08:00,QQ音乐,热歌榜,热歌榜,2026-08-12,23,樱花草,Sweety,上升 4,,481456,000pKXff1doeOd,https://y.qq.com/n/ryqq/toplist/26
2026-08-12,2026-08-12T10:48:12+08:00,QQ音乐,热歌榜,热歌榜,2026-08-12,24,明天过后,张杰,上升 23,,273032694,000pVkCf3KsUQ9,https://y.qq.com/n/ryqq/toplist/26
2026-08-12,2026-08-12T10:48:12+08:00,QQ音乐,热歌榜,热歌榜,2026-08-12,25,春娇与志明,街道办GDC/欧阳耀莹,0,,205357640,000lrXyA0MlEEo,https://y.qq.com/n/ryqq/toplist/26
2026-08-12,2026-08-12T10:48:12+08:00,QQ音乐,热歌榜,热歌榜,2026-08-12,26,江南,林俊杰,0,,9063002,000y5gq7449K9I,https://y.qq.com/n/ryqq/toplist/26
2026-08-12,2026-08-12T10:48:12+08:00,QQ音乐,热歌榜,热歌榜,2026-08-12,27,开始懂了,孙燕姿,上升 1,,5646,004KRIQr1oCp2A,https://y.qq.com/n/ryqq/toplist/26
2026-08-12,2026-08-12T10:48:12+08:00,QQ音乐,热歌榜,热歌榜,2026-08-12,28,美人鱼,林俊杰,上升 1,,95292,000y5gq7449K9I,https://y.qq.com/n/ryqq/toplist/26
2026-08-12,2026-08-12T10:48:12+08:00,QQ音乐,热歌榜,热歌榜,2026-08-12,29,我们俩,郭顶,上升 1,,105413206,003sMyYb4HZAAz,https://y.qq.com/n/ryqq/toplist/26
2026-08-12,2026-08-12T10:48:12+08:00,QQ音乐,热歌榜,热歌榜,2026-08-12,30,其实,薛之谦,上升 1,,104775877,000QgFcm0v8WaF,https://y.qq.com/n/ryqq/toplist/26
2026-08-12,2026-08-12T10:48:12+08:00,QQ音乐,热歌榜,热歌榜,2026-08-12,31,差一步,大壮,上升 5,,209378295,000lEj821EaXUu,https://y.qq.com/n/ryqq/toplist/26
2026-08-12,2026-08-12T10:48:12+08:00,QQ音乐,热歌榜,热歌榜,2026-08-12,32,我们总是喜欢在夏天讨论永远,时代少年团,下降 31,,713206619,002Z0ojB4MnIks,https://y.qq.com/n/ryqq/toplist/26
2026-08-12,2026-08-12T10:48:12+08:00,QQ音乐,热歌榜,热歌榜,2026-08-12,33,因为了解,汪苏泷,上升 100,,7112772,003cnv3z1IHcYt,https://y.qq.com/n/ryqq/toplist/26
2026-08-12,2026-08-12T10:48:12+08:00,QQ音乐,热歌榜,热歌榜,2026-08-12,34,多远都要在一起,G.E.M. 邓紫棋,下降 2,,102174489,003c616O2Zlswm,https://y.qq.com/n/ryqq/toplist/26
2026-08-12,2026-08-12T10:48:12+08:00,QQ音乐,热歌榜,热歌榜,2026-08-12,35,富士山下,陈奕迅,0,,260678,004Z85XP1c25b7,https://y.qq.com/n/ryqq/toplist/26
2026-08-12,2026-08-12T10:48:12+08:00,QQ音乐,热歌榜,热歌榜,2026-08-12,36,心墙,郭静,下降 2,,474797,003EHcB24J8t9Z,https://y.qq.com/n/ryqq/toplist/26
2026-08-12,2026-08-12T10:48:12+08:00,QQ音乐,热歌榜,热歌榜,2026-08-12,37,偏爱,张芸京,下降 4,,473137,003ha6C92GRuVE,https://y.qq.com/n/ryqq/toplist/26
2026-08-12,2026-08-12T10:48:12+08:00,QQ音乐,热歌榜,热歌榜,2026-08-12,38,Serenade (KARINA & WINTER),aespa (에스파),下降 30,,714598729,001cnBN840dGHx,https://y.qq.com/n/ryqq/toplist/26
2026-08-12,2026-08-12T10:48:12+08:00,QQ音乐,热歌榜,热歌榜,2026-08-12,39,最佳损友,陈奕迅,上升 1,,1338414,002FT46H18G1jW,https://y.qq.com/n/ryqq/toplist/26
2026-08-12,2026-08-12T10:48:12+08:00,QQ音乐,热歌榜,热歌榜,2026-08-12,40,刻在我心底的名字,卢广仲,上升 3,,316472364,004QG0W52P5GUq,https://y.qq.com/n/ryqq/toplist/26
2026-08-12,2026-08-12T10:48:12+08:00,QQ音乐,热歌榜,热歌榜,2026-08-12,41,素颜,许嵩/何曼婷,下降 4,,101813361,0035f8nw11cjkf,https://y.qq.com/n/ryqq/toplist/26
2026-08-12,2026-08-12T10:48:12+08:00,QQ音乐,热歌榜,热歌榜,2026-08-12,42,遇见,孙燕姿,下降 1,,8145,002ehzTm0TxXC2,https://y.qq.com/n/ryqq/toplist/26
2026-08-12,2026-08-12T10:48:12+08:00,QQ音乐,热歌榜,热歌榜,2026-08-12,43,离开我的依赖,王艳薇,下降 1,,253383943,004CSyAN1oc97b,https://y.qq.com/n/ryqq/toplist/26
2026-08-12,2026-08-12T10:48:12+08:00,QQ音乐,热歌榜,热歌榜,2026-08-12,44,讨厌,芮恩,下降 6,,138194,001EFkTG1wgW4n,https://y.qq.com/n/ryqq/toplist/26
2026-08-12,2026-08-12T10:48:12+08:00,QQ音乐,热歌榜,热歌榜,2026-08-12,45,海阔天空,BEYOND,上升 1,,4835784,002qcJuX3lO3EZ,https://y.qq.com/n/ryqq/toplist/26
2026-08-12,2026-08-12T10:48:12+08:00,QQ音乐,热歌榜,热歌榜,2026-08-12,46,晴天,周杰伦,上升 3,,97773,000MkMni19ClKG,https://y.qq.com/n/ryqq/toplist/26
2026-08-12,2026-08-12T10:48:12+08:00,QQ音乐,热歌榜,热歌榜,2026-08-12,47,不将就,李荣浩,下降 3,,102367085,001fi1zG0EjU2u,https://y.qq.com/n/ryqq/toplist/26
2026-08-12,2026-08-12T10:48:12+08:00,QQ音乐,热歌榜,热歌榜,2026-08-12,48,坏女孩,徐良/小凌,0,,7112749,002apRhZ4Bq99d,https://y.qq.com/n/ryqq/toplist/26
2026-08-12,2026-08-12T10:48:12+08:00,QQ音乐,热歌榜,热歌榜,2026-08-12,49,背对背拥抱,林俊杰,下降 4,,648231,002C0kX720gMQi,https://y.qq.com/n/ryqq/toplist/26
2026-08-12,2026-08-12T10:48:12+08:00,QQ音乐,热歌榜,热歌榜,2026-08-12,50,黄昏,周传雄,上升 4,,526713,001U6x8f2uJhig,https://y.qq.com/n/ryqq/toplist/26
2026-08-12,2026-08-12T10:48:12+08:00,QQ音乐,热歌榜,热歌榜,2026-08-12,51,泡沫,G.E.M. 邓紫棋,下降 1,,1530858,002YFufr4bXZyI,https://y.qq.com/n/ryqq/toplist/26
2026-08-12,2026-08-12T10:48:12+08:00,QQ音乐,热歌榜,热歌榜,2026-08-12,52,天外来物,薛之谦,上升 1,,272125057,000K9Zp13TZp5s,https://y.qq.com/n/ryqq/toplist/26
2026-08-12,2026-08-12T10:48:12+08:00,QQ音乐,热歌榜,热歌榜,2026-08-12,53,泪海,许茹芸,下降 2,,106585340,001Ugmj01giuzO,https://y.qq.com/n/ryqq/toplist/26
2026-08-12,2026-08-12T10:48:12+08:00,QQ音乐,热歌榜,热歌榜,2026-08-12,54,十年,陈奕迅,下降 2,,4830342,000GDz8k03UOaI,https://y.qq.com/n/ryqq/toplist/26
2026-08-12,2026-08-12T10:48:12+08:00,QQ音乐,热歌榜,热歌榜,2026-08-12,55,我好像在哪见过你,薛之谦,下降 16,,107439472,000dcZ9I1nzO62,https://y.qq.com/n/ryqq/toplist/26
2026-08-12,2026-08-12T10:48:12+08:00,QQ音乐,热歌榜,热歌榜,2026-08-12,56,瞬,郑润泽,下降 1,,422061155,001qvyI10urb5z,https://y.qq.com/n/ryqq/toplist/26
2026-08-12,2026-08-12T10:48:12+08:00,QQ音乐,热歌榜,热歌榜,2026-08-12,57,青花,周传雄,下降 1,,102204539,001Vj7aX0PixwV,https://y.qq.com/n/ryqq/toplist/26
2026-08-12,2026-08-12T10:48:12+08:00,QQ音乐,热歌榜,热歌榜,2026-08-12,58,Come Back To Me,Utada (宇多田光),上升 6,,1231026,003sHGTS2QAhqp,https://y.qq.com/n/ryqq/toplist/26
2026-08-12,2026-08-12T10:48:12+08:00,QQ音乐,热歌榜,热歌榜,2026-08-12,59,认真的雪,薛之谦,下降 1,,1333803,003mUYW22JXKVK,https://y.qq.com/n/ryqq/toplist/26
2026-08-12,2026-08-12T10:48:12+08:00,QQ音乐,热歌榜,热歌榜,2026-08-12,60,人间共鸣,李健,上升 31,,641742655,003RVJjp1svtyz,https://y.qq.com/n/ryqq/toplist/26
2026-08-12,2026-08-12T10:48:12+08:00,QQ音乐,热歌榜,热歌榜,2026-08-12,61,麦恩莉,方大同,下降 1,,2550926,000ih4iv3HCmno,https://y.qq.com/n/ryqq/toplist/26
2026-08-12,2026-08-12T10:48:12+08:00,QQ音乐,热歌榜,热歌榜,2026-08-12,62,我好想你 (苏打绿版),苏打绿,下降 3,,4884947,004QF5kp0jgyba,https://y.qq.com/n/ryqq/toplist/26
2026-08-12,2026-08-12T10:48:12+08:00,QQ音乐,热歌榜,热歌榜,2026-08-12,63,野心家,张靓颖,下降 6,,591592617,003TmXW52e0F4P,https://y.qq.com/n/ryqq/toplist/26
2026-08-12,2026-08-12T10:48:12+08:00,QQ音乐,热歌榜,热歌榜,2026-08-12,64,修炼爱情,林俊杰,下降 2,,5063375,001gqOnU3DTg2S,https://y.qq.com/n/ryqq/toplist/26
2026-08-12,2026-08-12T10:48:12+08:00,QQ音乐,热歌榜,热歌榜,2026-08-12,65,下完这场雨,后弦,上升 12,,108787382,004ZXlA63dZBCa,https://y.qq.com/n/ryqq/toplist/26
2026-08-12,2026-08-12T10:48:12+08:00,QQ音乐,热歌榜,热歌榜,2026-08-12,66,出现又离开 (Live),梁博,上升 13,,231594573,000eQZ1q4g6AsF,https://y.qq.com/n/ryqq/toplist/26
2026-08-12,2026-08-12T10:48:12+08:00,QQ音乐,热歌榜,热歌榜,2026-08-12,67,Letting Go,蔡健雅,下降 4,,1030353,001aC9dM35U6KB,https://y.qq.com/n/ryqq/toplist/26
2026-08-12,2026-08-12T10:48:12+08:00,QQ音乐,热歌榜,热歌榜,2026-08-12,68,爱情讯息,郭静,上升 3,,876549,003PKZMI1Wyx1A,https://y.qq.com/n/ryqq/toplist/26
2026-08-12,2026-08-12T10:48:12+08:00,QQ音乐,热歌榜,热歌榜,2026-08-12,69,后会无期,徐良/汪苏泷,上升 5,,7112743,002apRhZ4Bq99d,https://y.qq.com/n/ryqq/toplist/26
2026-08-12,2026-08-12T10:48:12+08:00,QQ音乐,热歌榜,热歌榜,2026-08-12,70,如愿,王菲,下降 4,,326584182,004Kbn3m2HV9Y3,https://y.qq.com/n/ryqq/toplist/26
2026-08-12,2026-08-12T10:48:12+08:00,QQ音乐,热歌榜,热歌榜,2026-08-12,71,勇气,梁静茹,上升 1,,4830164,001DEgPu1004bl,https://y.qq.com/n/ryqq/toplist/26
2026-08-12,2026-08-12T10:48:12+08:00,QQ音乐,热歌榜,热歌榜,2026-08-12,72,会呼吸的痛,梁静茹,下降 4,,411228,002oy2Mp3I8Rgo,https://y.qq.com/n/ryqq/toplist/26
2026-08-12,2026-08-12T10:48:12+08:00,QQ音乐,热歌榜,热歌榜,2026-08-12,73,Beauty And A Beat,Justin Bieber/Nicki Minaj,下降 12,,1473252,002XddZv4cGsXb,https://y.qq.com/n/ryqq/toplist/26
2026-08-12,2026-08-12T10:48:12+08:00,QQ音乐,热歌榜,热歌榜,2026-08-12,74,如果可以,韦礼安,下降 9,,330977131,003WBcyJ1siUkh,https://y.qq.com/n/ryqq/toplist/26
2026-08-12,2026-08-12T10:48:12+08:00,QQ音乐,热歌榜,热歌榜,2026-08-12,75,至少还有你,林忆莲,下降 6,,102204563,001JqgRv0mRHEQ,https://y.qq.com/n/ryqq/toplist/26
2026-08-12,2026-08-12T10:48:12+08:00,QQ音乐,热歌榜,热歌榜,2026-08-12,76,Baby,Justin Bieber/Ludacris,下降 9,,203644381,002TfnxG2yN1na,https://y.qq.com/n/ryqq/toplist/26
2026-08-12,2026-08-12T10:48:12+08:00,QQ音乐,热歌榜,热歌榜,2026-08-12,77,知了,陈默之,上升 12,,482500528,000fHDnB1K1Hcf,https://y.qq.com/n/ryqq/toplist/26
2026-08-12,2026-08-12T10:48:12+08:00,QQ音乐,热歌榜,热歌榜,2026-08-12,78,从前说,小阿七,0,,337805783,001en2Lq0PZK7i,https://y.qq.com/n/ryqq/toplist/26
2026-08-12,2026-08-12T10:48:12+08:00,QQ音乐,热歌榜,热歌榜,2026-08-12,79,倒数,G.E.M. 邓紫棋,下降 6,,215540451,003cKIKZ1J4Yyu,https://y.qq.com/n/ryqq/toplist/26
2026-08-12,2026-08-12T10:48:12+08:00,QQ音乐,热歌榜,热歌榜,2026-08-12,80,你要的全拿走,胡彦斌,下降 10,,212808217,001eyHlv2fu50T,https://y.qq.com/n/ryqq/toplist/26
2026-08-12,2026-08-12T10:48:12+08:00,QQ音乐,热歌榜,热歌榜,2026-08-12,81,冷夜,陈默之,0,,467646860,003ILMG04IvA9R,https://y.qq.com/n/ryqq/toplist/26
2026-08-12,2026-08-12T10:48:12+08:00,QQ音乐,热歌榜,热歌榜,2026-08-12,82,The Other Side Of Paradise (Explicit),Glass Animals,上升 1,,319782348,001eucpH3ZIJnM,https://y.qq.com/n/ryqq/toplist/26
2026-08-12,2026-08-12T10:48:12+08:00,QQ音乐,热歌榜,热歌榜,2026-08-12,83,可不可以,张紫豪,上升 4,,213958134,004VR1w241uBhB,https://y.qq.com/n/ryqq/toplist/26
2026-08-12,2026-08-12T10:48:12+08:00,QQ音乐,热歌榜,热歌榜,2026-08-12,84,句号,G.E.M. 邓紫棋,上升 2,,247347346,0049MVh824D7bM,https://y.qq.com/n/ryqq/toplist/26
2026-08-12,2026-08-12T10:48:12+08:00,QQ音乐,热歌榜,热歌榜,2026-08-12,85,最后一页,江语晨,下降 7,,721636,003FO4XF40Ky8L,https://y.qq.com/n/ryqq/toplist/26
2026-08-12,2026-08-12T10:48:12+08:00,QQ音乐,热歌榜,热歌榜,2026-08-12,86,我们的歌,王力宏,上升 2,,102193483,002Zwh5p4HgecI,https://y.qq.com/n/ryqq/toplist/26
2026-08-12,2026-08-12T10:48:12+08:00,QQ音乐,热歌榜,热歌榜,2026-08-12,87,有何不可,许嵩,上升 12,,102296985,002KSDg90IaScI,https://y.qq.com/n/ryqq/toplist/26
2026-08-12,2026-08-12T10:48:12+08:00,QQ音乐,热歌榜,热歌榜,2026-08-12,88,下一个天亮,郭静,上升 7,,876541,003PKZMI1Wyx1A,https://y.qq.com/n/ryqq/toplist/26
2026-08-12,2026-08-12T10:48:12+08:00,QQ音乐,热歌榜,热歌榜,2026-08-12,89,愿与愁,林俊杰,下降 5,,405007729,004ZOIop1doXru,https://y.qq.com/n/ryqq/toplist/26
2026-08-12,2026-08-12T10:48:12+08:00,QQ音乐,热歌榜,热歌榜,2026-08-12,90,那些你很冒险的梦,林俊杰,上升 2,,102388808,002PQCmo2azasb,https://y.qq.com/n/ryqq/toplist/26
2026-08-12,2026-08-12T10:48:12+08:00,QQ音乐,热歌榜,热歌榜,2026-08-12,91,我知道,BY2,下降 1,,470336,001P410a0Iq4K0,https://y.qq.com/n/ryqq/toplist/26
2026-08-12,2026-08-12T10:48:12+08:00,QQ音乐,热歌榜,热歌榜,2026-08-12,92,第57次取消发送,菲菲公主（陆绮菲）,下降 7,,560063927,000KrDC019mc82,https://y.qq.com/n/ryqq/toplist/26
2026-08-12,2026-08-12T10:48:12+08:00,QQ音乐,热歌榜,热歌榜,2026-08-12,93,爱我还是他,陶喆,下降 13,,7211247,003ofGzS3C23Ow,https://y.qq.com/n/ryqq/toplist/26
2026-08-12,2026-08-12T10:48:12+08:00,QQ音乐,热歌榜,热歌榜,2026-08-12,94,到时说爱我,茜拉 (Shila Amzah),上升 3,,359549374,004NI00v3APbwE,https://y.qq.com/n/ryqq/toplist/26
2026-08-12,2026-08-12T10:48:12+08:00,QQ音乐,热歌榜,热歌榜,2026-08-12,95,无名的人,毛不易,下降 2,,336582682,002mPgSG01LLtu,https://y.qq.com/n/ryqq/toplist/26
2026-08-12,2026-08-12T10:48:12+08:00,QQ音乐,热歌榜,热歌榜,2026-08-12,96,一样的月光,徐佳莹,下降 2,,7063423,000cchEp2CGNEf,https://y.qq.com/n/ryqq/toplist/26
2026-08-12,2026-08-12T10:48:12+08:00,QQ音乐,热歌榜,热歌榜,2026-08-12,97,猜不透,丁当,上升 5,,4830510,002gXa161vlDIk,https://y.qq.com/n/ryqq/toplist/26
2026-08-12,2026-08-12T10:48:12+08:00,QQ音乐,热歌榜,热歌榜,2026-08-12,98,后来,刘若英,0,,4830150,0017zqT34WuQwa,https://y.qq.com/n/ryqq/toplist/26
2026-08-12,2026-08-12T10:48:12+08:00,QQ音乐,热歌榜,热歌榜,2026-08-12,99,同花顺,林倛玉,下降 17,,103970682,004789lA4cH3Kq,https://y.qq.com/n/ryqq/toplist/26
2026-08-12,2026-08-12T10:48:12+08:00,QQ音乐,热歌榜,热歌榜,2026-08-12,100,空心,光泽,下降 25,,200390803,001vjIoV01nThA,https://y.qq.com/n/ryqq/toplist/26
2026-08-12,2026-08-12T10:48:12+08:00,QQ音乐,飙升榜,飙升榜,2026-08-12,1,因为了解,汪苏泷,热度 26%,,7112772,003cnv3z1IHcYt,https://y.qq.com/n/ryqq/toplist/62
2026-08-12,2026-08-12T10:48:12+08:00,QQ音乐,飙升榜,飙升榜,2026-08-12,2,冻结,林俊杰,热度 20%,,101659148,002vlOfM1X5TQ0,https://y.qq.com/n/ryqq/toplist/62
2026-08-12,2026-08-12T10:48:12+08:00,QQ音乐,飙升榜,飙升榜,2026-08-12,3,傻鱼,王栎鑫,热度 19%,,715153678,000DhB7t19gQYc,https://y.qq.com/n/ryqq/toplist/62
2026-08-12,2026-08-12T10:48:12+08:00,QQ音乐,飙升榜,飙升榜,2026-08-12,4,从前说,小阿七,热度 13%,,337805783,001en2Lq0PZK7i,https://y.qq.com/n/ryqq/toplist/62
2026-08-12,2026-08-12T10:48:12+08:00,QQ音乐,飙升榜,飙升榜,2026-08-12,5,庙堂之外,陈楚生,热度 11%,,589694978,000mfJaE1YzGON,https://y.qq.com/n/ryqq/toplist/62
2026-08-12,2026-08-12T10:48:12+08:00,QQ音乐,飙升榜,飙升榜,2026-08-12,6,假装快乐,呆呆破,热度 11%,,313296319,0002hbUw3rjgXr,https://y.qq.com/n/ryqq/toplist/62
2026-08-12,2026-08-12T10:48:12+08:00,QQ音乐,飙升榜,飙升榜,2026-08-12,7,差一步,大壮,热度 8%,,209378295,000lEj821EaXUu,https://y.qq.com/n/ryqq/toplist/62
2026-08-12,2026-08-12T10:48:12+08:00,QQ音乐,飙升榜,飙升榜,2026-08-12,8,Pretty Girl Rock,Keri Hilson,热度 7%,,102688664,003NF4tW1prOV0,https://y.qq.com/n/ryqq/toplist/62
2026-08-12,2026-08-12T10:48:12+08:00,QQ音乐,飙升榜,飙升榜,2026-08-12,9,明天过后,张杰,热度 7%,,273032694,000pVkCf3KsUQ9,https://y.qq.com/n/ryqq/toplist/62
2026-08-12,2026-08-12T10:48:12+08:00,QQ音乐,飙升榜,飙升榜,2026-08-12,10,WDA (Whole Different Animal) (Feat. G-DRAGON),aespa (에스파)/G-DRAGON (权志龙),热度 7%,,662791669,002rSBDV05ptxP,https://y.qq.com/n/ryqq/toplist/62
2026-08-12,2026-08-12T10:48:12+08:00,QQ音乐,飙升榜,飙升榜,2026-08-12,11,顽疾,薛之谦,热度 6%,,655167781,0033ZoPK0kL53m,https://y.qq.com/n/ryqq/toplist/62
2026-08-12,2026-08-12T10:48:12+08:00,QQ音乐,飙升榜,飙升榜,2026-08-12,12,我好想你 (苏打绿版),苏打绿,热度 5%,,4884947,004QF5kp0jgyba,https://y.qq.com/n/ryqq/toplist/62
2026-08-12,2026-08-12T10:48:12+08:00,QQ音乐,飙升榜,飙升榜,2026-08-12,13,情歌,梁静茹,热度 5%,,462188,002E4IXe1ESUij,https://y.qq.com/n/ryqq/toplist/62
2026-08-12,2026-08-12T10:48:12+08:00,QQ音乐,飙升榜,飙升榜,2026-08-12,14,亲爱的你啊,任素汐,热度 4%,,575196994,003AfRtY31zLzR,https://y.qq.com/n/ryqq/toplist/62
2026-08-12,2026-08-12T10:48:12+08:00,QQ音乐,飙升榜,飙升榜,2026-08-12,15,完美小孩,刘77,热度 4%,,564693809,000H9csM41omdE,https://y.qq.com/n/ryqq/toplist/62
2026-08-12,2026-08-12T10:48:12+08:00,QQ音乐,飙升榜,飙升榜,2026-08-12,16,Shatter The Iron Shell,念念不忘,热度 3%,,710406652,003E1yPW2NJfKV,https://y.qq.com/n/ryqq/toplist/62
2026-08-12,2026-08-12T10:48:12+08:00,QQ音乐,飙升榜,飙升榜,2026-08-12,17,Beauty And A Beat,Justin Bieber/Nicki Minaj,热度 3%,,229717052,004G9cHX1kQ7Ro,https://y.qq.com/n/ryqq/toplist/62
2026-08-12,2026-08-12T10:48:12+08:00,QQ音乐,飙升榜,飙升榜,2026-08-12,18,真夜中のドア/Stay With Me (深夜之门) (シングルver.),松原みき (まつばら みき),热度 3%,,216143156,003JfxzY1wpDaF,https://y.qq.com/n/ryqq/toplist/62
2026-08-12,2026-08-12T10:48:12+08:00,QQ音乐,飙升榜,飙升榜,2026-08-12,19,兰亭序,周杰伦,热度 3%,,449201,002Neh8l0uciQZ,https://y.qq.com/n/ryqq/toplist/62
2026-08-12,2026-08-12T10:48:12+08:00,QQ音乐,飙升榜,飙升榜,2026-08-12,20,相思,毛阿敏,热度 3%,,4838530,0036ApPL3v2jVH,https://y.qq.com/n/ryqq/toplist/62
2026-08-12,2026-08-12T10:48:12+08:00,QQ音乐,飙升榜,飙升榜,2026-08-12,21,爸爸妈妈,乡野低频,热度 3%,,714542746,003lyrx21lIJHX,https://y.qq.com/n/ryqq/toplist/62
2026-08-12,2026-08-12T10:48:12+08:00,QQ音乐,飙升榜,飙升榜,2026-08-12,22,人间共鸣,李健,热度 2%,,641742655,003RVJjp1svtyz,https://y.qq.com/n/ryqq/toplist/62
2026-08-12,2026-08-12T10:48:12+08:00,QQ音乐,飙升榜,飙升榜,2026-08-12,23,失忆,梁静茹,热度 2%,,169765,004R8LFN08EGAD,https://y.qq.com/n/ryqq/toplist/62
2026-08-12,2026-08-12T10:48:12+08:00,QQ音乐,飙升榜,飙升榜,2026-08-12,24,让你知道,汪苏泷/G.E.M. 邓紫棋,热度 2%,,655794076,000A1M903iHvyT,https://y.qq.com/n/ryqq/toplist/62
2026-08-12,2026-08-12T10:48:12+08:00,QQ音乐,飙升榜,飙升榜,2026-08-12,25,猜不透,丁当,热度 2%,,4830510,002gXa161vlDIk,https://y.qq.com/n/ryqq/toplist/62
2026-08-12,2026-08-12T10:48:12+08:00,QQ音乐,飙升榜,飙升榜,2026-08-12,26,青花,周传雄,热度 2%,,102204539,001Vj7aX0PixwV,https://y.qq.com/n/ryqq/toplist/62
2026-08-12,2026-08-12T10:48:12+08:00,QQ音乐,飙升榜,飙升榜,2026-08-12,27,再见太难,利得汇,热度 2%,,688972,003pw9KJ3IxwA1,https://y.qq.com/n/ryqq/toplist/62
2026-08-12,2026-08-12T10:48:12+08:00,QQ音乐,飙升榜,飙升榜,2026-08-12,28,其实雨也没多大,万豹,热度 2%,,309818671,0035O9x326nhjn,https://y.qq.com/n/ryqq/toplist/62
2026-08-12,2026-08-12T10:48:12+08:00,QQ音乐,飙升榜,飙升榜,2026-08-12,29,独库公路G217,生命树下,热度 2%,,712535563,0005t7wR3re7WU,https://y.qq.com/n/ryqq/toplist/62
2026-08-12,2026-08-12T10:48:12+08:00,QQ音乐,飙升榜,飙升榜,2026-08-12,30,If you wanna go,AFA,热度 2%,,649475908,002jqCBy1YrjfM,https://y.qq.com/n/ryqq/toplist/62
2026-08-12,2026-08-12T10:48:12+08:00,QQ音乐,飙升榜,飙升榜,2026-08-12,31,普渡众生,林家谦,热度 2%,,530183451,001SkZIb2LuL6U,https://y.qq.com/n/ryqq/toplist/62
2026-08-12,2026-08-12T10:48:12+08:00,QQ音乐,飙升榜,飙升榜,2026-08-12,32,Come Back To Me,Utada (宇多田光),热度 2%,,1231026,003sHGTS2QAhqp,https://y.qq.com/n/ryqq/toplist/62
2026-08-12,2026-08-12T10:48:12+08:00,QQ音乐,飙升榜,飙升榜,2026-08-12,33,原点,孙燕姿/蔡健雅,热度 2%,,5206,002BeK7Q2i3uo2,https://y.qq.com/n/ryqq/toplist/62
2026-08-12,2026-08-12T10:48:12+08:00,QQ音乐,飙升榜,飙升榜,2026-08-12,34,到时说爱我,茜拉 (Shila Amzah),热度 2%,,359549374,004NI00v3APbwE,https://y.qq.com/n/ryqq/toplist/62
2026-08-12,2026-08-12T10:48:12+08:00,QQ音乐,飙升榜,飙升榜,2026-08-12,35,慢冷,梁静茹,热度 2%,,232278146,000iGQ4Z2jQXI2,https://y.qq.com/n/ryqq/toplist/62
2026-08-12,2026-08-12T10:48:12+08:00,QQ音乐,飙升榜,飙升榜,2026-08-12,36,胡广生,任素汐,热度 2%,,220419366,000MtVCd2qgzd9,https://y.qq.com/n/ryqq/toplist/62
2026-08-12,2026-08-12T10:48:12+08:00,QQ音乐,飙升榜,飙升榜,2026-08-12,37,富士山下,陈奕迅,热度 2%,,260678,004Z85XP1c25b7,https://y.qq.com/n/ryqq/toplist/62
2026-08-12,2026-08-12T10:48:12+08:00,QQ音乐,飙升榜,飙升榜,2026-08-12,38,戒烟,李荣浩,热度 2%,,328262786,003EenCA2q0MWF,https://y.qq.com/n/ryqq/toplist/62
2026-08-12,2026-08-12T10:48:12+08:00,QQ音乐,飙升榜,飙升榜,2026-08-12,39,Dear John,比莉,热度 2%,,1406255,000wGV4I0tyK77,https://y.qq.com/n/ryqq/toplist/62
2026-08-12,2026-08-12T10:48:12+08:00,QQ音乐,飙升榜,飙升榜,2026-08-12,40,瞬,郑润泽,热度 2%,,422061155,001qvyI10urb5z,https://y.qq.com/n/ryqq/toplist/62
2026-08-12,2026-08-12T10:48:12+08:00,QQ音乐,飙升榜,飙升榜,2026-08-12,41,从前说 (Live),姚晓棠/白小白,热度 2%,,586187277,0023pc7q20ZoTK,https://y.qq.com/n/ryqq/toplist/62
2026-08-12,2026-08-12T10:48:12+08:00,QQ音乐,飙升榜,飙升榜,2026-08-12,42,IF YOU,BIGBANG (빅뱅),热度 2%,,102793935,001xpUdt2jEjWu,https://y.qq.com/n/ryqq/toplist/62
2026-08-12,2026-08-12T10:48:12+08:00,QQ音乐,飙升榜,飙升榜,2026-08-12,43,出现又离开 (Live),梁博,热度 2%,,231594573,000eQZ1q4g6AsF,https://y.qq.com/n/ryqq/toplist/62
2026-08-12,2026-08-12T10:48:12+08:00,QQ音乐,飙升榜,飙升榜,2026-08-12,44,那些你很冒险的梦,林俊杰,热度 2%,,102388808,002PQCmo2azasb,https://y.qq.com/n/ryqq/toplist/62
2026-08-12,2026-08-12T10:48:12+08:00,QQ音乐,飙升榜,飙升榜,2026-08-12,45,天亮以前说再见,何野,热度 2%,,218659640,001sH07G2hcExA,https://y.qq.com/n/ryqq/toplist/62
2026-08-12,2026-08-12T10:48:12+08:00,QQ音乐,飙升榜,飙升榜,2026-08-12,46,这条小鱼在乎 + 干杯朋友 (Live),易烊千玺,热度 2%,,619834290,001mmnxB46NdSf,https://y.qq.com/n/ryqq/toplist/62
2026-08-12,2026-08-12T10:48:12+08:00,QQ音乐,飙升榜,飙升榜,2026-08-12,47,狐狸,薛之谦,热度 2%,,212623641,0015rUVB2OUdGA,https://y.qq.com/n/ryqq/toplist/62
2026-08-12,2026-08-12T10:48:12+08:00,QQ音乐,飙升榜,飙升榜,2026-08-12,48,Shape of You,Ed Sheeran,热度 2%,,200369396,001uSQEE2WdFLN,https://y.qq.com/n/ryqq/toplist/62
2026-08-12,2026-08-12T10:48:12+08:00,QQ音乐,飙升榜,飙升榜,2026-08-12,49,喜剧之王,李荣浩,热度 2%,,9106121,001FOctH2oGoAx,https://y.qq.com/n/ryqq/toplist/62
2026-08-12,2026-08-12T10:48:12+08:00,QQ音乐,飙升榜,飙升榜,2026-08-12,50,波西塔诺的思念,陈默之,热度 2%,,712303411,000YTwcD2xrAOk,https://y.qq.com/n/ryqq/toplist/62
2026-08-12,2026-08-12T10:48:12+08:00,QQ音乐,飙升榜,飙升榜,2026-08-12,51,野心,薛之谦,热度 2%,,288584812,000K9Zp13TZp5s,https://y.qq.com/n/ryqq/toplist/62
2026-08-12,2026-08-12T10:48:12+08:00,QQ音乐,飙升榜,飙升榜,2026-08-12,52,Off My Face,Justin Bieber,热度 2%,,300113883,002CcJgN0Xz8Co,https://y.qq.com/n/ryqq/toplist/62
2026-08-12,2026-08-12T10:48:12+08:00,QQ音乐,飙升榜,飙升榜,2026-08-12,53,算了,万妮达Vinida Weng,热度 2%,,414631537,000G7wat4VdDeQ,https://y.qq.com/n/ryqq/toplist/62
2026-08-12,2026-08-12T10:48:12+08:00,QQ音乐,飙升榜,飙升榜,2026-08-12,54,无名之辈,陈雪燃,热度 2%,,127045912,000V8cXJ1hSjke,https://y.qq.com/n/ryqq/toplist/62
2026-08-12,2026-08-12T10:48:12+08:00,QQ音乐,飙升榜,飙升榜,2026-08-12,55,从前说 (深情版),陆星河,热度 2%,,575649339,002VYpNW32hyBB,https://y.qq.com/n/ryqq/toplist/62
2026-08-12,2026-08-12T10:48:12+08:00,QQ音乐,飙升榜,飙升榜,2026-08-12,56,最佳损友,陈奕迅,热度 2%,,1338414,002FT46H18G1jW,https://y.qq.com/n/ryqq/toplist/62
2026-08-12,2026-08-12T10:48:12+08:00,QQ音乐,飙升榜,飙升榜,2026-08-12,57,背过手,薛之谦,热度 2%,,211968915,001L7UIu3GXVtT,https://y.qq.com/n/ryqq/toplist/62
2026-08-12,2026-08-12T10:48:12+08:00,QQ音乐,飙升榜,飙升榜,2026-08-12,58,其实,薛之谦,热度 2%,,104775877,000QgFcm0v8WaF,https://y.qq.com/n/ryqq/toplist/62
2026-08-12,2026-08-12T10:48:12+08:00,QQ音乐,飙升榜,飙升榜,2026-08-12,59,Poker Face,Lady Gaga,热度 2%,,956322,002Pfba24Wkynl,https://y.qq.com/n/ryqq/toplist/62
2026-08-12,2026-08-12T10:48:12+08:00,QQ音乐,飙升榜,飙升榜,2026-08-12,60,不要忘记我爱你,张碧晨,热度 1%,,102657429,003A7AJz3StLoY,https://y.qq.com/n/ryqq/toplist/62
2026-08-12,2026-08-12T10:48:12+08:00,QQ音乐,飙升榜,飙升榜,2026-08-12,61,认真的雪,薛之谦,热度 1%,,1333803,003mUYW22JXKVK,https://y.qq.com/n/ryqq/toplist/62
2026-08-12,2026-08-12T10:48:12+08:00,QQ音乐,飙升榜,飙升榜,2026-08-12,62,爱久见人心,梁静茹,热度 1%,,1799991,001el9Oh0et0mT,https://y.qq.com/n/ryqq/toplist/62
2026-08-12,2026-08-12T10:48:12+08:00,QQ音乐,飙升榜,飙升榜,2026-08-12,63,画心,张靓颖,热度 1%,,441134,004045x24ewU7g,https://y.qq.com/n/ryqq/toplist/62
2026-08-12,2026-08-12T10:48:12+08:00,QQ音乐,飙升榜,飙升榜,2026-08-12,64,会呼吸的痛,梁静茹,热度 1%,,411228,002oy2Mp3I8Rgo,https://y.qq.com/n/ryqq/toplist/62
2026-08-12,2026-08-12T10:48:12+08:00,QQ音乐,飙升榜,飙升榜,2026-08-12,65,下完这场雨,后弦,热度 1%,,108787382,004ZXlA63dZBCa,https://y.qq.com/n/ryqq/toplist/62
2026-08-12,2026-08-12T10:48:12+08:00,QQ音乐,飙升榜,飙升榜,2026-08-12,66,我好像在哪见过你,薛之谦,热度 1%,,107439472,000dcZ9I1nzO62,https://y.qq.com/n/ryqq/toplist/62
2026-08-12,2026-08-12T10:48:12+08:00,QQ音乐,飙升榜,飙升榜,2026-08-12,67,EGO-HOLIC 恋我癖,蔡依林/陈星翰,热度 1%,,109005446,001JwCbm1AMQN4,https://y.qq.com/n/ryqq/toplist/62
2026-08-12,2026-08-12T10:48:12+08:00,QQ音乐,飙升榜,飙升榜,2026-08-12,68,海屿你 (破碎版),白慕寒,热度 1%,,638781692,004XiRpR3QMgTR,https://y.qq.com/n/ryqq/toplist/62
2026-08-12,2026-08-12T10:48:12+08:00,QQ音乐,飙升榜,飙升榜,2026-08-12,69,热气球,黄淑惠,热度 1%,,144687,0017gPWV0whwr6,https://y.qq.com/n/ryqq/toplist/62
2026-08-12,2026-08-12T10:48:12+08:00,QQ音乐,飙升榜,飙升榜,2026-08-12,70,烟花易冷,周杰伦,热度 1%,,680279,000bviBl4FjTpO,https://y.qq.com/n/ryqq/toplist/62
2026-08-12,2026-08-12T10:48:12+08:00,QQ音乐,飙升榜,飙升榜,2026-08-12,71,我想念,汪苏泷,热度 1%,,423519525,001PSxRj3szxIV,https://y.qq.com/n/ryqq/toplist/62
2026-08-12,2026-08-12T10:48:12+08:00,QQ音乐,飙升榜,飙升榜,2026-08-12,72,感谢你曾来过,Ayo97/周思涵,热度 1%,,205137019,000a933P3Ipjln,https://y.qq.com/n/ryqq/toplist/62
2026-08-12,2026-08-12T10:48:12+08:00,QQ音乐,飙升榜,飙升榜,2026-08-12,73,暖暖,梁静茹,热度 1%,,169763,004R8LFN08EGAD,https://y.qq.com/n/ryqq/toplist/62
2026-08-12,2026-08-12T10:48:12+08:00,QQ音乐,飙升榜,飙升榜,2026-08-12,74,善变,王靖雯,热度 1%,,278474390,001qaUeM0o3g8Q,https://y.qq.com/n/ryqq/toplist/62
2026-08-12,2026-08-12T10:48:12+08:00,QQ音乐,飙升榜,飙升榜,2026-08-12,75,After Hours,The Weeknd,热度 1%,,256080887,004ZFMF50m1Jg1,https://y.qq.com/n/ryqq/toplist/62
2026-08-12,2026-08-12T10:48:12+08:00,QQ音乐,飙升榜,飙升榜,2026-08-12,76,黄昏,周传雄,热度 1%,,526713,001U6x8f2uJhig,https://y.qq.com/n/ryqq/toplist/62
2026-08-12,2026-08-12T10:48:12+08:00,QQ音乐,飙升榜,飙升榜,2026-08-12,77,青花瓷,周杰伦,热度 1%,,410316,002eFUFm2XYZ7z,https://y.qq.com/n/ryqq/toplist/62
2026-08-12,2026-08-12T10:48:12+08:00,QQ音乐,飙升榜,飙升榜,2026-08-12,78,爱不来 (feat. Miss Ko葛仲珊),方大同/葛仲珊,热度 1%,,5302748,000GvdTR0qcKh8,https://y.qq.com/n/ryqq/toplist/62
2026-08-12,2026-08-12T10:48:12+08:00,QQ音乐,飙升榜,飙升榜,2026-08-12,79,WET,J.Y. Park,热度 1%,,709783827,0045lfpz0PMDQQ,https://y.qq.com/n/ryqq/toplist/62
2026-08-12,2026-08-12T10:48:12+08:00,QQ音乐,飙升榜,飙升榜,2026-08-12,80,当你,林俊杰,热度 1%,,764255,000TuW8h0AH2n4,https://y.qq.com/n/ryqq/toplist/62
2026-08-12,2026-08-12T10:48:12+08:00,QQ音乐,飙升榜,飙升榜,2026-08-12,81,有何不可,许嵩,热度 1%,,102296985,002KSDg90IaScI,https://y.qq.com/n/ryqq/toplist/62
2026-08-12,2026-08-12T10:48:12+08:00,QQ音乐,飙升榜,飙升榜,2026-08-12,82,梦的翅膀受了伤,蒋雪儿Snow.J,热度 1%,,4984001,000Crt8i12TzLc,https://y.qq.com/n/ryqq/toplist/62
2026-08-12,2026-08-12T10:48:12+08:00,QQ音乐,飙升榜,飙升榜,2026-08-12,83,如果爱忘了 (Live),汪苏泷/单依纯,热度 1%,,471040573,001rd1S93gcWUF,https://y.qq.com/n/ryqq/toplist/62
2026-08-12,2026-08-12T10:48:12+08:00,QQ音乐,飙升榜,飙升榜,2026-08-12,84,去北极忘记你,Gareth.T,热度 1%,,496748262,001rgwm02Hj8eT,https://y.qq.com/n/ryqq/toplist/62
2026-08-12,2026-08-12T10:48:12+08:00,QQ音乐,飙升榜,飙升榜,2026-08-12,85,念,薛之谦,热度 1%,,422072002,002N4fUq1kRST2,https://y.qq.com/n/ryqq/toplist/62
2026-08-12,2026-08-12T10:48:12+08:00,QQ音乐,飙升榜,飙升榜,2026-08-12,86,多情种,胡杨林,热度 1%,,4702958,0007eeEY4bSmPv,https://y.qq.com/n/ryqq/toplist/62
2026-08-12,2026-08-12T10:48:12+08:00,QQ音乐,飙升榜,飙升榜,2026-08-12,87,Whiplash,aespa (에스파),热度 1%,,526191277,004fDvtA0IopKG,https://y.qq.com/n/ryqq/toplist/62
2026-08-12,2026-08-12T10:48:12+08:00,QQ音乐,飙升榜,飙升榜,2026-08-12,88,K-POP (Explicit),Travis Scott/Bad Bunny/The Weeknd,热度 1%,,424335131,000Ktkzu2ku40m,https://y.qq.com/n/ryqq/toplist/62
2026-08-12,2026-08-12T10:48:12+08:00,QQ音乐,飙升榜,飙升榜,2026-08-12,89,你还要我怎样,薛之谦,热度 1%,,5106430,000QgFcm0v8WaF,https://y.qq.com/n/ryqq/toplist/62
2026-08-12,2026-08-12T10:48:12+08:00,QQ音乐,飙升榜,飙升榜,2026-08-12,90,年,牛酋超.BACKCHAR,热度 1%,,642995361,0018AGqq1FXoFC,https://y.qq.com/n/ryqq/toplist/62
2026-08-12,2026-08-12T10:48:12+08:00,QQ音乐,飙升榜,飙升榜,2026-08-12,91,他的爱,汪苏泷,热度 1%,,7112770,003cnv3z1IHcYt,https://y.qq.com/n/ryqq/toplist/62
2026-08-12,2026-08-12T10:48:12+08:00,QQ音乐,飙升榜,飙升榜,2026-08-12,92,远距离,梁咏琪,热度 1%,,711774160,004PnjJv1EpRGy,https://y.qq.com/n/ryqq/toplist/62
2026-08-12,2026-08-12T10:48:12+08:00,QQ音乐,飙升榜,飙升榜,2026-08-12,93,不死之身,林俊杰,热度 1%,,101018,002aaUOS24kcwh,https://y.qq.com/n/ryqq/toplist/62
2026-08-12,2026-08-12T10:48:12+08:00,QQ音乐,飙升榜,飙升榜,2026-08-12,94,404 (New Era),KiiiKiii,热度 1%,,635981294,004B6OBw2GR4SE,https://y.qq.com/n/ryqq/toplist/62
2026-08-12,2026-08-12T10:48:12+08:00,QQ音乐,飙升榜,飙升榜,2026-08-12,95,谁明浪子心,王杰,热度 1%,,8223,003mwGsZ4OHBk4,https://y.qq.com/n/ryqq/toplist/62
2026-08-12,2026-08-12T10:48:12+08:00,QQ音乐,飙升榜,飙升榜,2026-08-12,96,不分手的恋爱,汪苏泷,热度 1%,,7112782,004NXLBx4K0r87,https://y.qq.com/n/ryqq/toplist/62
2026-08-12,2026-08-12T10:48:12+08:00,QQ音乐,飙升榜,飙升榜,2026-08-12,97,自由的夜,薛凯琪,热度 1%,,714584674,0047Jfkk0rFW0k,https://y.qq.com/n/ryqq/toplist/62
2026-08-12,2026-08-12T10:48:12+08:00,QQ音乐,飙升榜,飙升榜,2026-08-12,98,去年花开,格雷西西西,热度 1%,,714621795,001xNxi318OZEE,https://y.qq.com/n/ryqq/toplist/62
2026-08-12,2026-08-12T10:48:12+08:00,QQ音乐,飙升榜,飙升榜,2026-08-12,99,可不可以,张紫豪,热度 1%,,213958134,004VR1w241uBhB,https://y.qq.com/n/ryqq/toplist/62
2026-08-12,2026-08-12T10:48:12+08:00,QQ音乐,飙升榜,飙升榜,2026-08-12,100,凤毛麟角,薛之谦,热度 1%,,337579656,003kUptv2UE2iY,https://y.qq.com/n/ryqq/toplist/62
2026-08-12,2026-08-12T10:48:12+08:00,酷狗音乐,热歌榜,酷狗TOP500,2026-08-12,1,山风山风等等我,万海东,,3:29,CE256D96F1F025D60468D8F0BC9EE64B,200106963,https://www.kugou.com/yy/rank/home/1-8888.html?from=rank
2026-08-12,2026-08-12T10:48:12+08:00,酷狗音乐,热歌榜,酷狗TOP500,2026-08-12,2,甲乙丙丁 (你我怎么两清),李佳薇,,3:30,213D580CA0BDCC28A5FDBA995FFDA106,197648995,https://www.kugou.com/yy/rank/home/1-8888.html?from=rank
2026-08-12,2026-08-12T10:48:12+08:00,酷狗音乐,热歌榜,酷狗TOP500,2026-08-12,3,你有没有真的爱过我,阿图表妹,,4:03,FE39668F68770C3FB3BE57A3E86CCC10,190170015,https://www.kugou.com/yy/rank/home/1-8888.html?from=rank
2026-08-12,2026-08-12T10:48:12+08:00,酷狗音乐,热歌榜,酷狗TOP500,2026-08-12,4,吹吹山顶的风,巴扎黑,,2:59,87311B26EDEE637CA1448E14230BCB68,198304563,https://www.kugou.com/yy/rank/home/1-8888.html?from=rank
2026-08-12,2026-08-12T10:48:12+08:00,酷狗音乐,热歌榜,酷狗TOP500,2026-08-12,5,我们总是喜欢在夏天讨论永远,时代少年团,,4:48,027DCDA8A5732E8C9C10FB65B71BCF36,202607051,https://www.kugou.com/yy/rank/home/1-8888.html?from=rank
2026-08-12,2026-08-12T10:48:12+08:00,酷狗音乐,热歌榜,酷狗TOP500,2026-08-12,6,回到小村落 (听着蛐蛐唱着歌),宋盐球,,3:45,AF27C3A04E82042F66D51EF604B47AD5,200330995,https://www.kugou.com/yy/rank/home/1-8888.html?from=rank
2026-08-12,2026-08-12T10:48:12+08:00,酷狗音乐,热歌榜,酷狗TOP500,2026-08-12,7,哼着你爱听的歌,杨小壮,,3:21,BAF3B2A7AC043CDB154EBAFD69A6C76A,104507270,https://www.kugou.com/yy/rank/home/1-8888.html?from=rank
2026-08-12,2026-08-12T10:48:12+08:00,酷狗音乐,热歌榜,酷狗TOP500,2026-08-12,8,踏马寻花向自由 (雷鬼版),超哥,,2:59,B5BA68A039E54847B4E14A46A268991B,194886112,https://www.kugou.com/yy/rank/home/1-8888.html?from=rank
2026-08-12,2026-08-12T10:48:12+08:00,酷狗音乐,热歌榜,酷狗TOP500,2026-08-12,9,失眠,Suki刘舒妤,,3:31,EC476A2009EF5DCAC13EDCD11870DF55,671621,https://www.kugou.com/yy/rank/home/1-8888.html?from=rank
2026-08-12,2026-08-12T10:48:12+08:00,酷狗音乐,热歌榜,酷狗TOP500,2026-08-12,10,盛夏的果实,莫文蔚,,4:11,1C86CBC64AE9A6C3539A36CAADDF1A59,978378,https://www.kugou.com/yy/rank/home/1-8888.html?from=rank
2026-08-12,2026-08-12T10:48:12+08:00,酷狗音乐,热歌榜,酷狗TOP500,2026-08-12,11,人生路漫漫,白小白,,3:55,B8CA573A69DB5050C7EE0C1AB79144E5,179917533,https://www.kugou.com/yy/rank/home/1-8888.html?from=rank
2026-08-12,2026-08-12T10:48:12+08:00,酷狗音乐,热歌榜,酷狗TOP500,2026-08-12,12,岁月如笔写春秋,河南三妹5233,,4:11,5D4C2F9D994E5BECDC9BA0FBC6BD3DD8,191576482,https://www.kugou.com/yy/rank/home/1-8888.html?from=rank
2026-08-12,2026-08-12T10:48:12+08:00,酷狗音乐,热歌榜,酷狗TOP500,2026-08-12,13,差一步,大壮,,4:06,08C2E4AF2BDDB11D36E2B04A51DA30CE,6194568,https://www.kugou.com/yy/rank/home/1-8888.html?from=rank
2026-08-12,2026-08-12T10:48:12+08:00,酷狗音乐,热歌榜,酷狗TOP500,2026-08-12,14,雨爱,杨丞琳,,4:21,2592FFA57A2D8B1A16F18D991B7098CD,2694607,https://www.kugou.com/yy/rank/home/1-8888.html?from=rank
2026-08-12,2026-08-12T10:48:12+08:00,酷狗音乐,热歌榜,酷狗TOP500,2026-08-12,15,樱花草,Sweety,,4:44,F0B01830164E4974A2AC9E85DD446D45,507451,https://www.kugou.com/yy/rank/home/1-8888.html?from=rank
2026-08-12,2026-08-12T10:48:12+08:00,酷狗音乐,热歌榜,酷狗TOP500,2026-08-12,16,像我这样爱你的人,落日微醺本薰、张多金,,4:22,2AEE05C92035800815DE6AFEE285FD0B,201366705,https://www.kugou.com/yy/rank/home/1-8888.html?from=rank
2026-08-12,2026-08-12T10:48:12+08:00,酷狗音乐,热歌榜,酷狗TOP500,2026-08-12,17,雨过后的风景,Dizzy Dizzo (蔡诗芸),,4:03,E3F046EDB5EB76BBA5A44FFA3D8F8C42,974143,https://www.kugou.com/yy/rank/home/1-8888.html?from=rank
2026-08-12,2026-08-12T10:48:12+08:00,酷狗音乐,热歌榜,酷狗TOP500,2026-08-12,18,梦哑,任然,,3:54,3194D1AA995469BEF8620E96989D6BA8,193630889,https://www.kugou.com/yy/rank/home/1-8888.html?from=rank
2026-08-12,2026-08-12T10:48:12+08:00,酷狗音乐,热歌榜,酷狗TOP500,2026-08-12,19,偏爱,张芸京,,3:33,4A544525C1F78DBDF25361DB0E255495,968788,https://www.kugou.com/yy/rank/home/1-8888.html?from=rank
2026-08-12,2026-08-12T10:48:12+08:00,酷狗音乐,热歌榜,酷狗TOP500,2026-08-12,20,黄昏 (纵然青丝如霜)(R&B版),落日微醺,,4:05,423FC1778078ACF260242626820E4244,194767721,https://www.kugou.com/yy/rank/home/1-8888.html?from=rank
2026-08-12,2026-08-12T10:48:12+08:00,酷狗音乐,热歌榜,酷狗TOP500,2026-08-12,21,碎碎念,队长,,2:13,A823AE8D84854FD2EB5B8E599D1263FA,79831015,https://www.kugou.com/yy/rank/home/1-8888.html?from=rank
2026-08-12,2026-08-12T10:48:12+08:00,酷狗音乐,热歌榜,酷狗TOP500,2026-08-12,22,阴天,莫文蔚,,4:02,E4271CB5938F401AA283FBEA49223BF8,970575,https://www.kugou.com/yy/rank/home/1-8888.html?from=rank
2026-08-12,2026-08-12T10:48:12+08:00,酷狗音乐,热歌榜,酷狗TOP500,2026-08-12,23,恋人,李荣浩,,4:36,9DA7851E2BF83B18C74CBBAB461CEFDD,106374641,https://www.kugou.com/yy/rank/home/2-8888.html?from=rank
2026-08-12,2026-08-12T10:48:12+08:00,酷狗音乐,热歌榜,酷狗TOP500,2026-08-12,24,金达莱花 (猛Remix),猛弟/邹子寒,,2:18,E93CB193E4133C79EA9BCC9F852375AD,201184757,https://www.kugou.com/yy/rank/home/2-8888.html?from=rank
2026-08-12,2026-08-12T10:48:12+08:00,酷狗音乐,热歌榜,酷狗TOP500,2026-08-12,25,小半,陈粒,,4:57,AFEA9FFE5D7F0EF0874119A363820D33,1749208,https://www.kugou.com/yy/rank/home/2-8888.html?from=rank
2026-08-12,2026-08-12T10:48:12+08:00,酷狗音乐,热歌榜,酷狗TOP500,2026-08-12,26,我不难过,孙燕姿,,5:20,3FD7E1EC51122C745C637735C8BDE716,965883,https://www.kugou.com/yy/rank/home/2-8888.html?from=rank
2026-08-12,2026-08-12T10:48:12+08:00,酷狗音乐,热歌榜,酷狗TOP500,2026-08-12,27,晴天,周杰伦,,4:29,B3A52A7A958BF0AED0EBFBA2E9A818B7,966846,https://www.kugou.com/yy/rank/home/2-8888.html?from=rank
2026-08-12,2026-08-12T10:48:12+08:00,酷狗音乐,热歌榜,酷狗TOP500,2026-08-12,28,黄昏,周传雄,,5:44,7DE9A9CD041157F6BF3FE9FFBCF120E3,964612,https://www.kugou.com/yy/rank/home/2-8888.html?from=rank
2026-08-12,2026-08-12T10:48:12+08:00,酷狗音乐,热歌榜,酷狗TOP500,2026-08-12,29,情歌,梁静茹,,4:20,72DB6DA75FFE23A3A6361BDB8F44D5F4,2997268,https://www.kugou.com/yy/rank/home/2-8888.html?from=rank
2026-08-12,2026-08-12T10:48:12+08:00,酷狗音乐,热歌榜,酷狗TOP500,2026-08-12,30,离开我的依赖,王艳薇,,3:54,A9C377CC1B9931F0CE81907E23E4D588,36181053,https://www.kugou.com/yy/rank/home/2-8888.html?from=rank
2026-08-12,2026-08-12T10:48:12+08:00,酷狗音乐,热歌榜,酷狗TOP500,2026-08-12,31,若不是因为你 (深情版),林栖,,4:13,6CCB2559DE8FC8965E98F641C4C33B6A,176013962,https://www.kugou.com/yy/rank/home/2-8888.html?from=rank
2026-08-12,2026-08-12T10:48:12+08:00,酷狗音乐,热歌榜,酷狗TOP500,2026-08-12,32,街角的晚风,陈小春,,4:00,18B89D66950B7856EABB131BB6273F6E,169830039,https://www.kugou.com/yy/rank/home/2-8888.html?from=rank
2026-08-12,2026-08-12T10:48:12+08:00,酷狗音乐,热歌榜,酷狗TOP500,2026-08-12,33,最佳损友,陈奕迅,,3:54,CBFA7DDE592B23322E21E4BDAA9BE9F9,964332,https://www.kugou.com/yy/rank/home/2-8888.html?from=rank
2026-08-12,2026-08-12T10:48:12+08:00,酷狗音乐,热歌榜,酷狗TOP500,2026-08-12,34,亲爱的你啊,任素汐,,3:56,C42C2C5C7A68CDAFBF543F29AF883B1D,144348541,https://www.kugou.com/yy/rank/home/2-8888.html?from=rank
2026-08-12,2026-08-12T10:48:12+08:00,酷狗音乐,热歌榜,酷狗TOP500,2026-08-12,35,空心 (Live),黄霄雲、刘端端,,4:55,6F74F7B3D9B87CA771573ABD27B2A820,199810791,https://www.kugou.com/yy/rank/home/2-8888.html?from=rank
2026-08-12,2026-08-12T10:48:12+08:00,酷狗音乐,热歌榜,酷狗TOP500,2026-08-12,36,比石头还硬的心,高冷,,3:40,EB25D70A5D8DFD50F479ADE68C77DB70,191837924,https://www.kugou.com/yy/rank/home/2-8888.html?from=rank
2026-08-12,2026-08-12T10:48:12+08:00,酷狗音乐,热歌榜,酷狗TOP500,2026-08-12,37,有风的日落,万海东,,3:49,94774F06E73EF9ABD739423E1A414593,181906094,https://www.kugou.com/yy/rank/home/2-8888.html?from=rank
2026-08-12,2026-08-12T10:48:12+08:00,酷狗音乐,热歌榜,酷狗TOP500,2026-08-12,38,美人鱼,林俊杰,,4:14,CDAE8C7E2FAF7F08DC18E78A1D65117B,969588,https://www.kugou.com/yy/rank/home/2-8888.html?from=rank
2026-08-12,2026-08-12T10:48:12+08:00,酷狗音乐,热歌榜,酷狗TOP500,2026-08-12,39,野心家,张靓颖,,4:43,1789AD88CFDD254910125F22494C0E8B,161637189,https://www.kugou.com/yy/rank/home/2-8888.html?from=rank
2026-08-12,2026-08-12T10:48:12+08:00,酷狗音乐,热歌榜,酷狗TOP500,2026-08-12,40,唯一,G.E.M. 邓紫棋,,4:14,AB05B8F658851282DCB2CBAD548AEB9B,82564821,https://www.kugou.com/yy/rank/home/2-8888.html?from=rank
2026-08-12,2026-08-12T10:48:12+08:00,酷狗音乐,热歌榜,酷狗TOP500,2026-08-12,41,演员,薛之谦,,4:21,097E777171F692855EAE98B6965F9477,14456909,https://www.kugou.com/yy/rank/home/2-8888.html?from=rank
2026-08-12,2026-08-12T10:48:12+08:00,酷狗音乐,热歌榜,酷狗TOP500,2026-08-12,42,讨厌,芮恩,,4:18,C88A8D3EF16E2C4E944B947E0F56A7AD,2996887,https://www.kugou.com/yy/rank/home/2-8888.html?from=rank
2026-08-12,2026-08-12T10:48:12+08:00,酷狗音乐,热歌榜,酷狗TOP500,2026-08-12,43,我怀念的,孙燕姿,,4:49,1A3CAACB1E361DAF217A2383E9C8E292,984086,https://www.kugou.com/yy/rank/home/2-8888.html?from=rank
2026-08-12,2026-08-12T10:48:12+08:00,酷狗音乐,热歌榜,酷狗TOP500,2026-08-12,44,半壶纱,刘珂矣,,3:41,951AB088C5A08F491471A1296DF93707,948327,https://www.kugou.com/yy/rank/home/2-8888.html?from=rank
2026-08-12,2026-08-12T10:48:12+08:00,酷狗音乐,热歌榜,酷狗TOP500,2026-08-12,45,Fever Pitch,Richz,,2:15,594B915AEEDA7DA8F5BD70B63EA76EAD,180499937,https://www.kugou.com/yy/rank/home/3-8888.html?from=rank
2026-08-12,2026-08-12T10:48:12+08:00,酷狗音乐,热歌榜,酷狗TOP500,2026-08-12,46,红尘客栈,周杰伦,,4:34,48729371F20FB048EF4E51D4CD41DBF5,982051,https://www.kugou.com/yy/rank/home/3-8888.html?from=rank
2026-08-12,2026-08-12T10:48:12+08:00,酷狗音乐,热歌榜,酷狗TOP500,2026-08-12,47,坏女孩,徐良、小凌,,4:07,9365223F903B13D0DAF54B6091AC3E7B,511536,https://www.kugou.com/yy/rank/home/3-8888.html?from=rank
2026-08-12,2026-08-12T10:48:12+08:00,酷狗音乐,热歌榜,酷狗TOP500,2026-08-12,48,明天过后,张杰,,3:59,5B900D95E79765AE62664BE5C871DD9E,38606351,https://www.kugou.com/yy/rank/home/3-8888.html?from=rank
2026-08-12,2026-08-12T10:48:12+08:00,酷狗音乐,热歌榜,酷狗TOP500,2026-08-12,49,海阔天空,BEYOND,,5:25,C41E80A18D1448FA47086372999C7F43,973001,https://www.kugou.com/yy/rank/home/3-8888.html?from=rank
2026-08-12,2026-08-12T10:48:12+08:00,酷狗音乐,热歌榜,酷狗TOP500,2026-08-12,50,下完这场雨,后弦,,4:31,2EEFFF98A4F19D945BBA7C78FB2079C0,1964990,https://www.kugou.com/yy/rank/home/3-8888.html?from=rank
2026-08-12,2026-08-12T10:48:12+08:00,酷狗音乐,热歌榜,酷狗TOP500,2026-08-12,51,无人之岛,任然,,4:45,8E568D8806F771607104D8BF9695ACE0,2916172,https://www.kugou.com/yy/rank/home/3-8888.html?from=rank
2026-08-12,2026-08-12T10:48:12+08:00,酷狗音乐,热歌榜,酷狗TOP500,2026-08-12,52,茶花开了，该回家了,王睿卓、加木,,3:10,99F0F17B7C6F110346411E7AD552156D,133732298,https://www.kugou.com/yy/rank/home/3-8888.html?from=rank
2026-08-12,2026-08-12T10:48:12+08:00,酷狗音乐,热歌榜,酷狗TOP500,2026-08-12,53,童话,光良,,4:04,472FF9D57BCE90288EC88CBE100BCB2A,974097,https://www.kugou.com/yy/rank/home/3-8888.html?from=rank
2026-08-12,2026-08-12T10:48:12+08:00,酷狗音乐,热歌榜,酷狗TOP500,2026-08-12,54,开始懂了,孙燕姿,,4:32,93F260998A10F4AD6B46606AF5C8EC72,972102,https://www.kugou.com/yy/rank/home/3-8888.html?from=rank
2026-08-12,2026-08-12T10:48:12+08:00,酷狗音乐,热歌榜,酷狗TOP500,2026-08-12,55,爱错,王力宏,,3:59,8E021794DFD02C48D2C6281A55BCBDC6,2996462,https://www.kugou.com/yy/rank/home/3-8888.html?from=rank
2026-08-12,2026-08-12T10:48:12+08:00,酷狗音乐,热歌榜,酷狗TOP500,2026-08-12,56,一生能有多少个秋天,一叶儿知秋,,3:58,8638058FBC28673B1FBC64903725E474,202001781,https://www.kugou.com/yy/rank/home/3-8888.html?from=rank
2026-08-12,2026-08-12T10:48:12+08:00,酷狗音乐,热歌榜,酷狗TOP500,2026-08-12,57,好想再爱你,潘广益,,4:31,B78BA4062528E712B68C42DC6A4D9AAE,957659,https://www.kugou.com/yy/rank/home/3-8888.html?from=rank
2026-08-12,2026-08-12T10:48:12+08:00,酷狗音乐,热歌榜,酷狗TOP500,2026-08-12,58,知了,陈默之,,3:52,FE6608CE529684B94CBA506E2B0C7BB6,91222498,https://www.kugou.com/yy/rank/home/3-8888.html?from=rank
2026-08-12,2026-08-12T10:48:12+08:00,酷狗音乐,热歌榜,酷狗TOP500,2026-08-12,59,谁 (男女扎心合唱),梨子芥菜、戚悦,,3:58,38DAABE4EEA0ADDC04897AC14E15B54E,185936379,https://www.kugou.com/yy/rank/home/3-8888.html?from=rank
2026-08-12,2026-08-12T10:48:12+08:00,酷狗音乐,热歌榜,酷狗TOP500,2026-08-12,60,一场游戏一场梦,王杰,,4:17,55340B431243FF5F112527EFC0591232,7547885,https://www.kugou.com/yy/rank/home/3-8888.html?from=rank
2026-08-12,2026-08-12T10:48:12+08:00,酷狗音乐,热歌榜,酷狗TOP500,2026-08-12,61,特别的人,方大同,,4:19,0F7A79ADAAEEB6EA1DA3E19DD637FD73,965097,https://www.kugou.com/yy/rank/home/3-8888.html?from=rank
2026-08-12,2026-08-12T10:48:12+08:00,酷狗音乐,热歌榜,酷狗TOP500,2026-08-12,62,后来,刘若英,,5:38,C4904D4E3BBA872D41D3BDBF597E2B18,16562,https://www.kugou.com/yy/rank/home/3-8888.html?from=rank
2026-08-12,2026-08-12T10:48:12+08:00,酷狗音乐,热歌榜,酷狗TOP500,2026-08-12,63,富士山下,陈奕迅,,4:19,0433F1A94FA162B20FB8AE576A951D6B,976404,https://www.kugou.com/yy/rank/home/3-8888.html?from=rank
2026-08-12,2026-08-12T10:48:12+08:00,酷狗音乐,热歌榜,酷狗TOP500,2026-08-12,64,我不该动情,老板,,3:57,DFA780605FE78F1572761712931024A7,197593768,https://www.kugou.com/yy/rank/home/3-8888.html?from=rank
2026-08-12,2026-08-12T10:48:12+08:00,酷狗音乐,热歌榜,酷狗TOP500,2026-08-12,65,心墙,郭静,,3:47,97870F3D4B01A7822DC497C6127EA66D,968033,https://www.kugou.com/yy/rank/home/3-8888.html?from=rank
2026-08-12,2026-08-12T10:48:12+08:00,酷狗音乐,热歌榜,酷狗TOP500,2026-08-12,66,青花瓷,周杰伦,,3:59,37A8F50A9EC3B267C3CC6BEC633D9C4A,979856,https://www.kugou.com/yy/rank/home/3-8888.html?from=rank
2026-08-12,2026-08-12T10:48:12+08:00,酷狗音乐,热歌榜,酷狗TOP500,2026-08-12,67,红色高跟鞋,蔡健雅,,3:27,055A804B8A3CCC05240D08F8FF1F7DE8,978459,https://www.kugou.com/yy/rank/home/4-8888.html?from=rank
2026-08-12,2026-08-12T10:48:12+08:00,酷狗音乐,热歌榜,酷狗TOP500,2026-08-12,68,十年,陈奕迅,,3:25,5146461A5717B942F4B13125978618E3,504194,https://www.kugou.com/yy/rank/home/4-8888.html?from=rank
2026-08-12,2026-08-12T10:48:12+08:00,酷狗音乐,热歌榜,酷狗TOP500,2026-08-12,69,Angel,尹美莱、Tiger JK、Bizzy,,4:15,157D75DA9A1B5B4FED6C529C2B1C2452,964390,https://www.kugou.com/yy/rank/home/4-8888.html?from=rank
2026-08-12,2026-08-12T10:48:12+08:00,酷狗音乐,热歌榜,酷狗TOP500,2026-08-12,70,抽离,徐良、刘丹萌,,4:18,37A9C74C33A9FAEFF672CFDF4C699581,547514,https://www.kugou.com/yy/rank/home/4-8888.html?from=rank
2026-08-12,2026-08-12T10:48:12+08:00,酷狗音乐,热歌榜,酷狗TOP500,2026-08-12,71,我不该动情 (藏语男女合唱版),万能和弦,,3:25,E1CDCF04108F3E2A756E3732E80EEF42,199546874,https://www.kugou.com/yy/rank/home/4-8888.html?from=rank
2026-08-12,2026-08-12T10:48:12+08:00,酷狗音乐,热歌榜,酷狗TOP500,2026-08-12,72,忘情牛肉面,马健涛,,3:02,E9E3E3F40397839A715537F5AA5C93CE,32988895,https://www.kugou.com/yy/rank/home/4-8888.html?from=rank
2026-08-12,2026-08-12T10:48:12+08:00,酷狗音乐,热歌榜,酷狗TOP500,2026-08-12,73,稻香,周杰伦,,3:44,8909E1809908CD8E3BF6CF85D98B93F0,960399,https://www.kugou.com/yy/rank/home/4-8888.html?from=rank
2026-08-12,2026-08-12T10:48:12+08:00,酷狗音乐,热歌榜,酷狗TOP500,2026-08-12,74,其实,薛之谦,,4:02,2A8911EAD4838BF967CF5A300D787E53,960327,https://www.kugou.com/yy/rank/home/4-8888.html?from=rank
2026-08-12,2026-08-12T10:48:12+08:00,酷狗音乐,热歌榜,酷狗TOP500,2026-08-12,75,光辉岁月,BEYOND,,5:04,BBFE9596615ADE83FF6B117831C45E4D,960181,https://www.kugou.com/yy/rank/home/4-8888.html?from=rank
2026-08-12,2026-08-12T10:48:12+08:00,酷狗音乐,热歌榜,酷狗TOP500,2026-08-12,76,北方的后海没有海 (r&b微醺版),落日微醺,,3:26,DB3D10DE8DF3C5188EC036A9724F9418,196519034,https://www.kugou.com/yy/rank/home/4-8888.html?from=rank
2026-08-12,2026-08-12T10:48:12+08:00,酷狗音乐,热歌榜,酷狗TOP500,2026-08-12,77,来不及爱你,h3R3刘清云,,3:25,E3ED52965CEE83A40D73C5FB1DA7FF62,76488384,https://www.kugou.com/yy/rank/home/4-8888.html?from=rank
2026-08-12,2026-08-12T10:48:12+08:00,酷狗音乐,热歌榜,酷狗TOP500,2026-08-12,78,告白气球,周杰伦,,3:36,688857974673645CE89EDA26A36DB19D,1645030,https://www.kugou.com/yy/rank/home/4-8888.html?from=rank
2026-08-12,2026-08-12T10:48:12+08:00,酷狗音乐,热歌榜,酷狗TOP500,2026-08-12,79,带我走,杨丞琳,,4:50,0C57DE35C3CB2A32A8CF634E4F8309C4,975441,https://www.kugou.com/yy/rank/home/4-8888.html?from=rank
2026-08-12,2026-08-12T10:48:12+08:00,酷狗音乐,热歌榜,酷狗TOP500,2026-08-12,80,青花,周传雄,,4:58,09B46455BAE7C613ABD0DB362A5DDBDE,960448,https://www.kugou.com/yy/rank/home/4-8888.html?from=rank
2026-08-12,2026-08-12T10:48:12+08:00,酷狗音乐,热歌榜,酷狗TOP500,2026-08-12,81,一直很安静,阿桑,,4:10,44816EF0288A3B1ED2C4A5C5FE6B93B3,972917,https://www.kugou.com/yy/rank/home/4-8888.html?from=rank
2026-08-12,2026-08-12T10:48:12+08:00,酷狗音乐,热歌榜,酷狗TOP500,2026-08-12,82,冻结,林俊杰,,4:49,AE291096B510F20B93D7D87DCBEF1E43,971150,https://www.kugou.com/yy/rank/home/4-8888.html?from=rank
2026-08-12,2026-08-12T10:48:12+08:00,酷狗音乐,热歌榜,酷狗TOP500,2026-08-12,83,落日微醺 (晚风中一杯酒),落日微醺,,4:14,CB22754AB8A0F20FCC015D0A800758CE,196517740,https://www.kugou.com/yy/rank/home/4-8888.html?from=rank
2026-08-12,2026-08-12T10:48:12+08:00,酷狗音乐,热歌榜,酷狗TOP500,2026-08-12,84,山歌追上云朵,央金拉姆,,3:35,B81F368C6B44B98B0E2B4E9F417F1002,193932928,https://www.kugou.com/yy/rank/home/4-8888.html?from=rank
2026-08-12,2026-08-12T10:48:12+08:00,酷狗音乐,热歌榜,酷狗TOP500,2026-08-12,85,枪火 (相对那就针锋相对),宝石Gem,,3:18,76923758046CB591DC9556D1FB69D976,154798334,https://www.kugou.com/yy/rank/home/4-8888.html?from=rank
2026-08-12,2026-08-12T10:48:12+08:00,酷狗音乐,热歌榜,酷狗TOP500,2026-08-12,86,千千阕歌,陈慧娴,,5:01,81E5A1C3B9E016D61FE91B809B4A7DC1,971621,https://www.kugou.com/yy/rank/home/4-8888.html?from=rank
2026-08-12,2026-08-12T10:48:12+08:00,酷狗音乐,热歌榜,酷狗TOP500,2026-08-12,87,搁浅,周杰伦,,4:00,8141FAA45AAD5BCFF5FF9873B89709E3,971783,https://www.kugou.com/yy/rank/home/4-8888.html?from=rank
2026-08-12,2026-08-12T10:48:12+08:00,酷狗音乐,热歌榜,酷狗TOP500,2026-08-12,88,半点心,草蜢,,3:52,6DF94BFD206BB819120C0D021B93EDBC,564642,https://www.kugou.com/yy/rank/home/4-8888.html?from=rank
2026-08-12,2026-08-12T10:48:12+08:00,酷狗音乐,热歌榜,酷狗TOP500,2026-08-12,89,我好像在哪见过你,薛之谦,,4:39,6A350E487263733359E7F2B64BD974AC,1747549,https://www.kugou.com/yy/rank/home/5-8888.html?from=rank
2026-08-12,2026-08-12T10:48:12+08:00,酷狗音乐,热歌榜,酷狗TOP500,2026-08-12,90,勇气,梁静茹,,3:59,A4D0C350CF4475BFBB0AB28DC6E25A8D,973299,https://www.kugou.com/yy/rank/home/5-8888.html?from=rank
2026-08-12,2026-08-12T10:48:12+08:00,酷狗音乐,热歌榜,酷狗TOP500,2026-08-12,91,江南,林俊杰,,4:28,B83DBB8E3DD3FCF86BF32690B91547F5,969588,https://www.kugou.com/yy/rank/home/5-8888.html?from=rank
2026-08-12,2026-08-12T10:48:12+08:00,酷狗音乐,热歌榜,酷狗TOP500,2026-08-12,92,遇见,孙燕姿,,3:31,9F865C787E90E013B2BC847BAAA306AA,964325,https://www.kugou.com/yy/rank/home/5-8888.html?from=rank
2026-08-12,2026-08-12T10:48:12+08:00,酷狗音乐,热歌榜,酷狗TOP500,2026-08-12,93,有些,颜人中,,3:49,D79E556C176AE1A3ADE8B532810C4CE8,34604592,https://www.kugou.com/yy/rank/home/5-8888.html?from=rank
2026-08-12,2026-08-12T10:48:12+08:00,酷狗音乐,热歌榜,酷狗TOP500,2026-08-12,94,泪海,许茹芸,,4:58,FBC174E7C22B9AF471B7B93A61751E1B,975212,https://www.kugou.com/yy/rank/home/5-8888.html?from=rank
2026-08-12,2026-08-12T10:48:12+08:00,酷狗音乐,热歌榜,酷狗TOP500,2026-08-12,95,玻璃,Gareth.T,,3:05,ED0ED6B17B6C29695E97F5CC945C7901,191663409,https://www.kugou.com/yy/rank/home/5-8888.html?from=rank
2026-08-12,2026-08-12T10:48:12+08:00,酷狗音乐,热歌榜,酷狗TOP500,2026-08-12,96,如愿,王菲,,4:25,EC1A18BBD6B61CB203E656B91F5CF2D1,49057589,https://www.kugou.com/yy/rank/home/5-8888.html?from=rank
2026-08-12,2026-08-12T10:48:12+08:00,酷狗音乐,热歌榜,酷狗TOP500,2026-08-12,97,第57次取消发送,菲菲公主（陆绮菲）,,3:01,F17C489C53382E608F9CBB3ED9F6D2AA,137397074,https://www.kugou.com/yy/rank/home/5-8888.html?from=rank
2026-08-12,2026-08-12T10:48:12+08:00,酷狗音乐,热歌榜,酷狗TOP500,2026-08-12,98,爱是难解的签,林响,,3:18,FAA8606D41DE96F865D86398F8A700D9,202168237,https://www.kugou.com/yy/rank/home/5-8888.html?from=rank
2026-08-12,2026-08-12T10:48:12+08:00,酷狗音乐,热歌榜,酷狗TOP500,2026-08-12,99,Copines,Aya Nakamura,,2:52,1CDA977A7FC0BCCC23BC7DF4D0194389,39155596,https://www.kugou.com/yy/rank/home/5-8888.html?from=rank
2026-08-12,2026-08-12T10:48:12+08:00,酷狗音乐,热歌榜,酷狗TOP500,2026-08-12,100,会呼吸的痛,梁静茹,,4:32,1EB00DC46AE8E1446B6A9860A56487AC,500574,https://www.kugou.com/yy/rank/home/5-8888.html?from=rank
2026-08-12,2026-08-12T10:48:12+08:00,酷狗音乐,热歌榜,酷狗TOP500,2026-08-12,101,茶花开了,王睿卓,,4:30,007A7A8EAFA3FF9EA51EF6A767AC3497,130468077,https://www.kugou.com/yy/rank/home/5-8888.html?from=rank
2026-08-12,2026-08-12T10:48:12+08:00,酷狗音乐,热歌榜,酷狗TOP500,2026-08-12,102,我借 (御姐版),铁锤夫妇,,4:07,EC2F26754FED82D125388E7B27D536AA,197901242,https://www.kugou.com/yy/rank/home/5-8888.html?from=rank
2026-08-12,2026-08-12T10:48:12+08:00,酷狗音乐,热歌榜,酷狗TOP500,2026-08-12,103,七里香,周杰伦,,4:59,9218D81686C6AC681BC7CA621958AD6D,971783,https://www.kugou.com/yy/rank/home/5-8888.html?from=rank
2026-08-12,2026-08-12T10:48:12+08:00,酷狗音乐,热歌榜,酷狗TOP500,2026-08-12,104,认真的雪,薛之谦,,4:19,D2E00CC158DB4DA18927AC3B01CC371B,2689239,https://www.kugou.com/yy/rank/home/5-8888.html?from=rank
2026-08-12,2026-08-12T10:48:12+08:00,酷狗音乐,热歌榜,酷狗TOP500,2026-08-12,105,爱情讯息,郭静,,4:41,D8E857250D8EEA9C5FAFDAF7857640A5,971139,https://www.kugou.com/yy/rank/home/5-8888.html?from=rank
2026-08-12,2026-08-12T10:48:12+08:00,酷狗音乐,热歌榜,酷狗TOP500,2026-08-12,106,贰拾肆,梓渝,,4:14,A9224ABFE0AF78329C3F4081083A41B6,202160233,https://www.kugou.com/yy/rank/home/5-8888.html?from=rank
2026-08-12,2026-08-12T10:48:12+08:00,酷狗音乐,热歌榜,酷狗TOP500,2026-08-12,107,街道,林俊杰,,4:02,D9DF39A88E29EADDB272A4B04393D357,963179,https://www.kugou.com/yy/rank/home/5-8888.html?from=rank
2026-08-12,2026-08-12T10:48:12+08:00,酷狗音乐,热歌榜,酷狗TOP500,2026-08-12,108,只对你有感觉,飞轮海、田馥甄,,3:59,E400C3F475001BA5B0F197F2E1923F47,556347,https://www.kugou.com/yy/rank/home/5-8888.html?from=rank
2026-08-12,2026-08-12T10:48:12+08:00,酷狗音乐,热歌榜,酷狗TOP500,2026-08-12,109,我们俩,郭顶,,3:14,DD4D224BC3DBFD1A0F6E338928620E69,979601,https://www.kugou.com/yy/rank/home/5-8888.html?from=rank
2026-08-12,2026-08-12T10:48:12+08:00,酷狗音乐,热歌榜,酷狗TOP500,2026-08-12,110,猜不透,丁当,,3:53,B1B4CC4F4E90134603CE66CBCF8FA73B,973244,https://www.kugou.com/yy/rank/home/5-8888.html?from=rank
2026-08-12,2026-08-12T10:48:12+08:00,酷狗音乐,热歌榜,酷狗TOP500,2026-08-12,111,背对背拥抱,林俊杰,,3:55,D3CB60981A747455AE3142C25809051E,975828,https://www.kugou.com/yy/rank/home/6-8888.html?from=rank
2026-08-12,2026-08-12T10:48:12+08:00,酷狗音乐,热歌榜,酷狗TOP500,2026-08-12,112,答案 (Live),王铮亮、黄霄雲,,4:22,B2B4CC48245BF141B3FD3006165822ED,202625045,https://www.kugou.com/yy/rank/home/6-8888.html?from=rank
2026-08-12,2026-08-12T10:48:12+08:00,酷狗音乐,热歌榜,酷狗TOP500,2026-08-12,113,花田错 (Live),万妮达Vinida Weng、吴碧霞,,4:12,0A30CF3D81B7BAFA041BDABBBF69E83B,202625037,https://www.kugou.com/yy/rank/home/6-8888.html?from=rank
2026-08-12,2026-08-12T10:48:12+08:00,酷狗音乐,热歌榜,酷狗TOP500,2026-08-12,114,岁月如笔写春秋,郭少杰,,4:11,6FCF099C6A88F85FC8417AFD452D54FD,190046745,https://www.kugou.com/yy/rank/home/6-8888.html?from=rank
2026-08-12,2026-08-12T10:48:12+08:00,酷狗音乐,热歌榜,酷狗TOP500,2026-08-12,115,奢香夫人,凤凰传奇,,4:20,478C572FC9E2E15777A41260DEE293A0,984412,https://www.kugou.com/yy/rank/home/6-8888.html?from=rank
2026-08-12,2026-08-12T10:48:12+08:00,酷狗音乐,热歌榜,酷狗TOP500,2026-08-12,116,我们的纪念 (Live),杨丞琳、侯明昊,,4:40,6E4BC8F78873BE0993872362CBDD3461,202625045,https://www.kugou.com/yy/rank/home/6-8888.html?from=rank
2026-08-12,2026-08-12T10:48:12+08:00,酷狗音乐,热歌榜,酷狗TOP500,2026-08-12,117,无所求必满载而归 (Live),张远,,3:51,F6BE773560EF81C773BB6F34F60BB15A,202625037,https://www.kugou.com/yy/rank/home/6-8888.html?from=rank
2026-08-12,2026-08-12T10:48:12+08:00,酷狗音乐,热歌榜,酷狗TOP500,2026-08-12,118,山风山风等等我 (烟嗓版),老韩很哇塞,,3:29,9F8DD429EDFA2FE5617A003529D16408,201607380,https://www.kugou.com/yy/rank/home/6-8888.html?from=rank
2026-08-12,2026-08-12T10:48:12+08:00,酷狗音乐,热歌榜,酷狗TOP500,2026-08-12,119,梦的翅膀受了伤,蒋雪儿Snow.J,,4:36,7B00B1F90C13C270CE96EA51DA863B96,1965074,https://www.kugou.com/yy/rank/home/6-8888.html?from=rank
2026-08-12,2026-08-12T10:48:12+08:00,酷狗音乐,热歌榜,酷狗TOP500,2026-08-12,120,Always Online,林俊杰,,3:45,16A4E4895905B703AC0F31007A495D4C,963179,https://www.kugou.com/yy/rank/home/6-8888.html?from=rank
2026-08-12,2026-08-12T10:48:12+08:00,酷狗音乐,热歌榜,酷狗TOP500,2026-08-12,121,吻别 (烟嗓女版),烟嗓小希,,4:49,12750D3982067B33EB395B9BF2A714E0,200693191,https://www.kugou.com/yy/rank/home/6-8888.html?from=rank
2026-08-12,2026-08-12T10:48:12+08:00,酷狗音乐,热歌榜,酷狗TOP500,2026-08-12,122,灰色轨迹,BEYOND,,5:28,4476FAA4B6567CCC2292BFBBCA93CB9C,39629213,https://www.kugou.com/yy/rank/home/6-8888.html?from=rank
2026-08-12,2026-08-12T10:48:12+08:00,酷狗音乐,热歌榜,酷狗TOP500,2026-08-12,123,泡沫 (G.E.M.重生版),G.E.M. 邓紫棋,,4:18,53F2510610AC38F0C15F73B2605E5CEE,150256944,https://www.kugou.com/yy/rank/home/6-8888.html?from=rank
2026-08-12,2026-08-12T10:48:12+08:00,酷狗音乐,热歌榜,酷狗TOP500,2026-08-12,124,戒烟,李荣浩,,4:54,AF36A623D725B98893DAEFDF8010F22E,49390931,https://www.kugou.com/yy/rank/home/6-8888.html?from=rank
2026-08-12,2026-08-12T10:48:12+08:00,酷狗音乐,热歌榜,酷狗TOP500,2026-08-12,125,一路向北,周杰伦,,4:54,F73F22FB046CA1A135C70417163AF82E,1739223,https://www.kugou.com/yy/rank/home/6-8888.html?from=rank
2026-08-12,2026-08-12T10:48:12+08:00,酷狗音乐,热歌榜,酷狗TOP500,2026-08-12,126,至少还有你,林忆莲,,4:35,BA9D67DAB59FA6DCE243F4B6B70ACA95,967340,https://www.kugou.com/yy/rank/home/6-8888.html?from=rank
2026-08-12,2026-08-12T10:48:12+08:00,酷狗音乐,热歌榜,酷狗TOP500,2026-08-12,127,The Other Side Of Paradise (Explicit),Glass Animals,,5:21,222314858D998CCDDD4BF0B7BAF2F5A2,47764102,https://www.kugou.com/yy/rank/home/6-8888.html?from=rank
2026-08-12,2026-08-12T10:48:12+08:00,酷狗音乐,热歌榜,酷狗TOP500,2026-08-12,128,多疑的恋人,王赫野,,3:11,34ACC7CE14848B3370E6748A279FBF3F,195842464,https://www.kugou.com/yy/rank/home/6-8888.html?from=rank
2026-08-12,2026-08-12T10:48:12+08:00,酷狗音乐,热歌榜,酷狗TOP500,2026-08-12,129,雪下的时候,乔佳旭,,4:24,F6B3AA5971A01E755A344C2256606418,35913748,https://www.kugou.com/yy/rank/home/6-8888.html?from=rank
2026-08-12,2026-08-12T10:48:12+08:00,酷狗音乐,热歌榜,酷狗TOP500,2026-08-12,130,借酒,张大迷糊,,3:02,5FBEB9B2A33BA3C82AEFF179E45E8F19,202151633,https://www.kugou.com/yy/rank/home/6-8888.html?from=rank
2026-08-12,2026-08-12T10:48:12+08:00,酷狗音乐,热歌榜,酷狗TOP500,2026-08-12,131,晨间新闻,蔡健雅,,3:50,09A4599755FAF50EACBA75F5153A9D92,965319,https://www.kugou.com/yy/rank/home/6-8888.html?from=rank
2026-08-12,2026-08-12T10:48:12+08:00,酷狗音乐,热歌榜,酷狗TOP500,2026-08-12,132,过火,张信哲,,5:02,E34CBC6EBE64B9EE9ADB5C46E2178A84,982639,https://www.kugou.com/yy/rank/home/6-8888.html?from=rank
2026-08-12,2026-08-12T10:48:12+08:00,酷狗音乐,热歌榜,酷狗TOP500,2026-08-12,133,那时雨,徐良,,3:34,CE76C60251F6193BC5BBA5B46B977747,16900987,https://www.kugou.com/yy/rank/home/7-8888.html?from=rank
2026-08-12,2026-08-12T10:48:12+08:00,酷狗音乐,热歌榜,酷狗TOP500,2026-08-12,134,空心,光泽,,4:39,4465EE613CC3CF7DCF9448F8ACFED1CA,4141939,https://www.kugou.com/yy/rank/home/7-8888.html?from=rank
2026-08-12,2026-08-12T10:48:12+08:00,酷狗音乐,热歌榜,酷狗TOP500,2026-08-12,135,退后,周杰伦,,4:22,5971DE0B235D5B2708D6A6FEB3D31B6F,965291,https://www.kugou.com/yy/rank/home/7-8888.html?from=rank
2026-08-12,2026-08-12T10:48:12+08:00,酷狗音乐,热歌榜,酷狗TOP500,2026-08-12,136,后会无期,汪苏泷、徐良,,3:32,5F86140467A73FBF9C4F339F7B9AFC2C,511536,https://www.kugou.com/yy/rank/home/7-8888.html?from=rank
2026-08-12,2026-08-12T10:48:12+08:00,酷狗音乐,热歌榜,酷狗TOP500,2026-08-12,137,兰亭序,周杰伦,,4:14,4EC10B1B7B9BEB2F0ADB89BBEC5F664B,960399,https://www.kugou.com/yy/rank/home/7-8888.html?from=rank
2026-08-12,2026-08-12T10:48:12+08:00,酷狗音乐,热歌榜,酷狗TOP500,2026-08-12,138,我知道,BY2,,4:10,38CB283F880797F94A80968E682191E2,530437,https://www.kugou.com/yy/rank/home/7-8888.html?from=rank
2026-08-12,2026-08-12T10:48:12+08:00,酷狗音乐,热歌榜,酷狗TOP500,2026-08-12,139,我好想你 (苏打绿版),苏打绿,,5:29,55FEA1927AC4D460F6EB3B9262AC9981,108011230,https://www.kugou.com/yy/rank/home/7-8888.html?from=rank
2026-08-12,2026-08-12T10:48:12+08:00,酷狗音乐,热歌榜,酷狗TOP500,2026-08-12,140,此生不换,青鸟飞鱼,,4:26,F73630B79647324AB3415C21BFA5BD3D,553897,https://www.kugou.com/yy/rank/home/7-8888.html?from=rank
2026-08-12,2026-08-12T10:48:12+08:00,酷狗音乐,热歌榜,酷狗TOP500,2026-08-12,141,西厢寻他,伯爵Johnny、唐伯虎Annie,,3:44,2B657B5B5D781C1A61D7E0D1F5E2DE22,53205523,https://www.kugou.com/yy/rank/home/7-8888.html?from=rank
2026-08-12,2026-08-12T10:48:12+08:00,酷狗音乐,热歌榜,酷狗TOP500,2026-08-12,142,春娇与志明,街道办GDC、欧阳耀莹,,3:24,E84947402A5E0952FA067566C10264CB,8543461,https://www.kugou.com/yy/rank/home/7-8888.html?from=rank
2026-08-12,2026-08-12T10:48:12+08:00,酷狗音乐,热歌榜,酷狗TOP500,2026-08-12,143,飞鸟和蝉,任然,,4:56,EB5F5AF3993F6537F2C70B959F2DCD6B,38339036,https://www.kugou.com/yy/rank/home/7-8888.html?from=rank
2026-08-12,2026-08-12T10:48:12+08:00,酷狗音乐,热歌榜,酷狗TOP500,2026-08-12,144,讲不出再见,谭咏麟,,4:54,2E0BFDC7BA2F759B0208A58CB2C26523,2337635,https://www.kugou.com/yy/rank/home/7-8888.html?from=rank
2026-08-12,2026-08-12T10:48:12+08:00,酷狗音乐,热歌榜,酷狗TOP500,2026-08-12,145,舍得,王唯旖,,4:22,62C406C76F45C3EF39F451F2C4F22D95,1944276,https://www.kugou.com/yy/rank/home/7-8888.html?from=rank
2026-08-12,2026-08-12T10:48:12+08:00,酷狗音乐,热歌榜,酷狗TOP500,2026-08-12,146,背着风流泪,文夫,,4:14,93313560CDE28F74AA7D2894E3C4D7F7,146986506,https://www.kugou.com/yy/rank/home/7-8888.html?from=rank
2026-08-12,2026-08-12T10:48:12+08:00,酷狗音乐,热歌榜,酷狗TOP500,2026-08-12,147,We Don't Talk Anymore (Mr. Collipark Remix),Charlie Puth、Selena Gomez,,4:14,8F323B0610BE8D862B7CBB41C3398766,1746993,https://www.kugou.com/yy/rank/home/7-8888.html?from=rank
2026-08-12,2026-08-12T10:48:12+08:00,酷狗音乐,热歌榜,酷狗TOP500,2026-08-12,148,人间共鸣,李健,,4:19,C9A5658204BD4E941F3DB2FB132D4968,176253415,https://www.kugou.com/yy/rank/home/7-8888.html?from=rank
2026-08-12,2026-08-12T10:48:12+08:00,酷狗音乐,热歌榜,酷狗TOP500,2026-08-12,149,不将就,李荣浩,,5:12,E5F0905C662872A9B05A423FD1ED48B5,1004040,https://www.kugou.com/yy/rank/home/7-8888.html?from=rank
2026-08-12,2026-08-12T10:48:12+08:00,酷狗音乐,热歌榜,酷狗TOP500,2026-08-12,150,求求你别再说爱我 (闽南语版),万能和弦,,3:34,20E75550962473585D2432D513F92E80,202268553,https://www.kugou.com/yy/rank/home/7-8888.html?from=rank
2026-08-12,2026-08-12T10:48:12+08:00,酷狗音乐,热歌榜,酷狗TOP500,2026-08-12,151,可不可以,张紫豪,,4:01,6079A2ACBA5E782FE24695FDFCDB1887,9618875,https://www.kugou.com/yy/rank/home/7-8888.html?from=rank
2026-08-12,2026-08-12T10:48:12+08:00,酷狗音乐,热歌榜,酷狗TOP500,2026-08-12,152,体面,于文文,,4:43,B0927C5353E9DD8BD72242BB730DAFF4,8149034,https://www.kugou.com/yy/rank/home/7-8888.html?from=rank
2026-08-12,2026-08-12T10:48:12+08:00,酷狗音乐,热歌榜,酷狗TOP500,2026-08-12,153,欢喜就好 (Live),杨宗纬、岳云鹏,,3:24,672E25CFD4FAFF77A36925974050DFF9,202625045,https://www.kugou.com/yy/rank/home/7-8888.html?from=rank
2026-08-12,2026-08-12T10:48:12+08:00,酷狗音乐,热歌榜,酷狗TOP500,2026-08-12,154,素颜,许嵩、何曼婷,,3:59,30C94AE2868E63B1058DA7685E0CDF3B,13264539,https://www.kugou.com/yy/rank/home/7-8888.html?from=rank
2026-08-12,2026-08-12T10:48:12+08:00,酷狗音乐,热歌榜,酷狗TOP500,2026-08-12,155,出现又离开 (Live),梁博,,6:43,DEAB3B0160E9A410CE0AAA9ED8AC602E,19284949,https://www.kugou.com/yy/rank/home/8-8888.html?from=rank
2026-08-12,2026-08-12T10:48:12+08:00,酷狗音乐,热歌榜,酷狗TOP500,2026-08-12,156,枫,周杰伦,,4:36,0D7E8C11C961A17EB8779FEB0CA772E3,958909,https://www.kugou.com/yy/rank/home/8-8888.html?from=rank
2026-08-12,2026-08-12T10:48:12+08:00,酷狗音乐,热歌榜,酷狗TOP500,2026-08-12,157,Beauty And A Beat,Justin Bieber、Nicki Minaj,,3:47,FF5719341A9B004AA3E7312D617AE305,16996733,https://www.kugou.com/yy/rank/home/8-8888.html?from=rank
2026-08-12,2026-08-12T10:48:12+08:00,酷狗音乐,热歌榜,酷狗TOP500,2026-08-12,158,you know 2 (Phonk),KEVER,,2:06,9E57996D3286C817DF8E6F47C8A34726,197704912,https://www.kugou.com/yy/rank/home/8-8888.html?from=rank
2026-08-12,2026-08-12T10:48:12+08:00,酷狗音乐,热歌榜,酷狗TOP500,2026-08-12,159,夜曲,周杰伦,,3:47,16C8AB298231370293D16BCF9E5FF9B6,958909,https://www.kugou.com/yy/rank/home/8-8888.html?from=rank
2026-08-12,2026-08-12T10:48:12+08:00,酷狗音乐,热歌榜,酷狗TOP500,2026-08-12,160,为爱痴狂 (想要问问你敢不敢),金志文,,2:21,8CA8C420761A7C36FF16DD42FE5D331D,194629486,https://www.kugou.com/yy/rank/home/8-8888.html?from=rank
2026-08-12,2026-08-12T10:48:12+08:00,酷狗音乐,热歌榜,酷狗TOP500,2026-08-12,161,我是真的爱上你,王杰,,5:03,7C353B672AC945A3FE56022000A239FE,2996801,https://www.kugou.com/yy/rank/home/8-8888.html?from=rank
2026-08-12,2026-08-12T10:48:12+08:00,酷狗音乐,热歌榜,酷狗TOP500,2026-08-12,162,慢冷 (Live),李荣浩,,2:44,3536800EC50F04EBF68FB22E7AF6B124,59599171,https://www.kugou.com/yy/rank/home/8-8888.html?from=rank
2026-08-12,2026-08-12T10:48:12+08:00,酷狗音乐,热歌榜,酷狗TOP500,2026-08-12,163,Baby,Justin Bieber、Ludacris,,3:37,493CD2904FAFDAEB8785CC83B8056F5A,508825,https://www.kugou.com/yy/rank/home/8-8888.html?from=rank
2026-08-12,2026-08-12T10:48:12+08:00,酷狗音乐,热歌榜,酷狗TOP500,2026-08-12,164,成都,赵雷,,5:28,A06B033B356BFC974C5245D0195086A5,1802652,https://www.kugou.com/yy/rank/home/8-8888.html?from=rank
2026-08-12,2026-08-12T10:48:12+08:00,酷狗音乐,热歌榜,酷狗TOP500,2026-08-12,165,失控,井迪,,4:15,44FE8C442EB1F254D15717F1DC03C9BF,40221609,https://www.kugou.com/yy/rank/home/8-8888.html?from=rank
2026-08-12,2026-08-12T10:48:12+08:00,酷狗音乐,热歌榜,酷狗TOP500,2026-08-12,166,Love Me,JMSN,,4:33,C8A0559F862B815E8B4D135228944D4D,76048254,https://www.kugou.com/yy/rank/home/8-8888.html?from=rank
2026-08-12,2026-08-12T10:48:12+08:00,酷狗音乐,热歌榜,酷狗TOP500,2026-08-12,167,落了白,蒋雪儿Snow.J,,3:01,74390D89B6BD2E18CFD7F25968EFD98A,40300587,https://www.kugou.com/yy/rank/home/8-8888.html?from=rank
2026-08-12,2026-08-12T10:48:12+08:00,酷狗音乐,热歌榜,酷狗TOP500,2026-08-12,168,相见恨晚,彭佳慧,,4:15,01214FB85BAF49AB74F10AFA4C363540,977553,https://www.kugou.com/yy/rank/home/8-8888.html?from=rank
2026-08-12,2026-08-12T10:48:12+08:00,酷狗音乐,热歌榜,酷狗TOP500,2026-08-12,169,多远都要在一起,G.E.M. 邓紫棋,,3:38,768F6FA531A3D883BE3F6C91AAF60612,555825,https://www.kugou.com/yy/rank/home/8-8888.html?from=rank
2026-08-12,2026-08-12T10:48:12+08:00,酷狗音乐,热歌榜,酷狗TOP500,2026-08-12,170,发如雪,周杰伦,,4:59,1F7E7659B9FFF4FB6F71562A61BBC25F,958909,https://www.kugou.com/yy/rank/home/8-8888.html?from=rank
2026-08-12,2026-08-12T10:48:12+08:00,酷狗音乐,热歌榜,酷狗TOP500,2026-08-12,171,Amani (女声版),落日微醺,,3:54,0E1705D85CE6D8BE87784DFA9C9A5624,194642479,https://www.kugou.com/yy/rank/home/8-8888.html?from=rank
2026-08-12,2026-08-12T10:48:12+08:00,酷狗音乐,热歌榜,酷狗TOP500,2026-08-12,172,甲乙丙丁,七分可可,,3:48,0B96FEEB51604A6904899D0C618F446D,197347781,https://www.kugou.com/yy/rank/home/8-8888.html?from=rank
2026-08-12,2026-08-12T10:48:12+08:00,酷狗音乐,热歌榜,酷狗TOP500,2026-08-12,173,ありがとう… (谢谢…),KOKIA,,4:09,E9A08A98614DD992F11A68A5E5F1C79F,1491689,https://www.kugou.com/yy/rank/home/8-8888.html?from=rank
2026-08-12,2026-08-12T10:48:12+08:00,酷狗音乐,热歌榜,酷狗TOP500,2026-08-12,174,种田放羊采野花 (我想余生为自己而活),老韩很哇塞,,3:43,94B695618E96B1D484F9AD1670811C51,201309139,https://www.kugou.com/yy/rank/home/8-8888.html?from=rank
2026-08-12,2026-08-12T10:48:12+08:00,酷狗音乐,热歌榜,酷狗TOP500,2026-08-12,175,吹梦到西洲,昭爻tsuki、千世,,5:15,FB50469DA48A8CE34532F2888578B7B8,25402785,https://www.kugou.com/yy/rank/home/8-8888.html?from=rank
2026-08-12,2026-08-12T10:48:12+08:00,酷狗音乐,热歌榜,酷狗TOP500,2026-08-12,176,关不上的窗,周传雄,,4:53,C9FF4C5E86A76043F004E3BB17E08942,982655,https://www.kugou.com/yy/rank/home/8-8888.html?from=rank
2026-08-12,2026-08-12T10:48:12+08:00,酷狗音乐,热歌榜,酷狗TOP500,2026-08-12,177,冷夜,陈默之,,4:07,DC939521FA5F5736A33765D56B90E03C,84595635,https://www.kugou.com/yy/rank/home/9-8888.html?from=rank
2026-08-12,2026-08-12T10:48:12+08:00,酷狗音乐,热歌榜,酷狗TOP500,2026-08-12,178,Alive,Blue,,3:40,996EE22D2450A7C7528394F7F98432E6,560693,https://www.kugou.com/yy/rank/home/9-8888.html?from=rank
2026-08-12,2026-08-12T10:48:12+08:00,酷狗音乐,热歌榜,酷狗TOP500,2026-08-12,179,记事本,陈慧琳,,4:11,26684870E2CE3936A3D72559F67C0606,2996651,https://www.kugou.com/yy/rank/home/9-8888.html?from=rank
2026-08-12,2026-08-12T10:48:12+08:00,酷狗音乐,热歌榜,酷狗TOP500,2026-08-12,180,曾经的你,许巍,,4:21,8D27A0FD0D8B6A9059D3FEEC95E2088D,976268,https://www.kugou.com/yy/rank/home/9-8888.html?from=rank
2026-08-12,2026-08-12T10:48:12+08:00,酷狗音乐,热歌榜,酷狗TOP500,2026-08-12,181,老男孩,筷子兄弟,,4:59,EB494F1F9199AA29F66E056F116D2F1C,17165001,https://www.kugou.com/yy/rank/home/9-8888.html?from=rank
2026-08-12,2026-08-12T10:48:12+08:00,酷狗音乐,热歌榜,酷狗TOP500,2026-08-12,182,说好的幸福呢,周杰伦,,4:17,892B7AD62499C97A1A994454423E30F6,960399,https://www.kugou.com/yy/rank/home/9-8888.html?from=rank
2026-08-12,2026-08-12T10:48:12+08:00,酷狗音乐,热歌榜,酷狗TOP500,2026-08-12,183,蒲公英的约定,周杰伦,,4:07,A14373681262867AB43FEF5467F4CC1D,979856,https://www.kugou.com/yy/rank/home/9-8888.html?from=rank
2026-08-12,2026-08-12T10:48:12+08:00,酷狗音乐,热歌榜,酷狗TOP500,2026-08-12,184,西海情歌,刀郎,,5:43,0E5FB14E78AFF13C2DEF97C814537CB7,984281,https://www.kugou.com/yy/rank/home/9-8888.html?from=rank
2026-08-12,2026-08-12T10:48:12+08:00,酷狗音乐,热歌榜,酷狗TOP500,2026-08-12,185,花海,周杰伦,,4:25,3328808CECBD1A1038166003840FDDD7,960399,https://www.kugou.com/yy/rank/home/9-8888.html?from=rank
2026-08-12,2026-08-12T10:48:12+08:00,酷狗音乐,热歌榜,酷狗TOP500,2026-08-12,186,阳光下的星星,金海心,,4:44,8B60D8B58137C2D256DAA71B9D84C046,1738155,https://www.kugou.com/yy/rank/home/9-8888.html?from=rank
2026-08-12,2026-08-12T10:48:12+08:00,酷狗音乐,热歌榜,酷狗TOP500,2026-08-12,187,爸爸妈妈,乡野低频,,3:00,C1EF0C54DA1572E05167633D8A267E0E,202573533,https://www.kugou.com/yy/rank/home/9-8888.html?from=rank
2026-08-12,2026-08-12T10:48:12+08:00,酷狗音乐,热歌榜,酷狗TOP500,2026-08-12,188,土坡上的狗尾草,卢润泽,,3:15,5E40742110D3DB109A22BDB1012C6EBB,104913971,https://www.kugou.com/yy/rank/home/9-8888.html?from=rank
2026-08-12,2026-08-12T10:48:12+08:00,酷狗音乐,热歌榜,酷狗TOP500,2026-08-12,189,Come Back To Me,宇多田ヒカル,,3:58,0689D23157B40D6FDCFA3D1D3784B6FC,966129,https://www.kugou.com/yy/rank/home/9-8888.html?from=rank
2026-08-12,2026-08-12T10:48:12+08:00,酷狗音乐,热歌榜,酷狗TOP500,2026-08-12,190,后来的我们,五月天,,5:46,09120C11A5C376EC7D1640098FA70CDC,1748942,https://www.kugou.com/yy/rank/home/9-8888.html?from=rank
2026-08-12,2026-08-12T10:48:12+08:00,酷狗音乐,热歌榜,酷狗TOP500,2026-08-12,191,在你的身边,盛哲,,4:22,38698C9A8BB6637CDDE413C6E210FA54,4128050,https://www.kugou.com/yy/rank/home/9-8888.html?from=rank
2026-08-12,2026-08-12T10:48:12+08:00,酷狗音乐,热歌榜,酷狗TOP500,2026-08-12,192,我走后,小咪,,4:08,00751DE0946619BCDE4A4E15397F2A15,22216764,https://www.kugou.com/yy/rank/home/9-8888.html?from=rank
2026-08-12,2026-08-12T10:48:12+08:00,酷狗音乐,热歌榜,酷狗TOP500,2026-08-12,193,琵琶曲,郑浩、冰洁,,3:55,244A022D6CB3FDE50B24E76402053EB3,180917343,https://www.kugou.com/yy/rank/home/9-8888.html?from=rank
2026-08-12,2026-08-12T10:48:12+08:00,酷狗音乐,热歌榜,酷狗TOP500,2026-08-12,194,什么是逍遥,王同学Able,,3:28,4BF659E4D3060B52D4F9925AF9D0CA02,45288306,https://www.kugou.com/yy/rank/home/9-8888.html?from=rank
2026-08-12,2026-08-12T10:48:12+08:00,酷狗音乐,热歌榜,酷狗TOP500,2026-08-12,195,先说爱的人为什么先离开,田园,,3:40,6379393814B0A74AB7B87B2FA9E87689,107655422,https://www.kugou.com/yy/rank/home/9-8888.html?from=rank
2026-08-12,2026-08-12T10:48:12+08:00,酷狗音乐,热歌榜,酷狗TOP500,2026-08-12,196,烟花易冷,周杰伦,,4:23,B9FC03DF9015D6BFF0554A110BF2C84F,958812,https://www.kugou.com/yy/rank/home/9-8888.html?from=rank
2026-08-12,2026-08-12T10:48:12+08:00,酷狗音乐,热歌榜,酷狗TOP500,2026-08-12,197,Dehors (外面)(Single Version),Jordann,,3:15,3D6391A8A0FB81B62C68C6A4429F63FD,42153287,https://www.kugou.com/yy/rank/home/9-8888.html?from=rank
2026-08-12,2026-08-12T10:48:12+08:00,酷狗音乐,热歌榜,酷狗TOP500,2026-08-12,198,我在月光下许过情真 (微醺版),苏晚星,,4:01,90D5CE02942E4B72FD20129E72A3DEA3,192801861,https://www.kugou.com/yy/rank/home/9-8888.html?from=rank
2026-08-12,2026-08-12T10:48:12+08:00,酷狗音乐,热歌榜,酷狗TOP500,2026-08-12,199,烟火 (孤孤单单一个人),京六,,4:06,495D65F83F80948BE9E2683AEFD0E20A,198377118,https://www.kugou.com/yy/rank/home/10-8888.html?from=rank
2026-08-12,2026-08-12T10:48:12+08:00,酷狗音乐,热歌榜,酷狗TOP500,2026-08-12,200,疑心病,任然,,4:43,9D8C7468BE4391B85794617090585646,1818864,https://www.kugou.com/yy/rank/home/10-8888.html?from=rank
2026-08-12,2026-08-12T10:48:12+08:00,酷狗音乐,热歌榜,酷狗TOP500,2026-08-12,201,杀死从前的自己,落日微薰,,3:12,AB863C004354D3402530B2C52616667E,202174405,https://www.kugou.com/yy/rank/home/10-8888.html?from=rank
2026-08-12,2026-08-12T10:48:12+08:00,酷狗音乐,热歌榜,酷狗TOP500,2026-08-12,202,บักคนซั่ว (坏家伙),ทิดแอม,,4:35,438C8E10A7947E197411BA14810091C1,99159069,https://www.kugou.com/yy/rank/home/10-8888.html?from=rank
2026-08-12,2026-08-12T10:48:12+08:00,酷狗音乐,热歌榜,酷狗TOP500,2026-08-12,203,刻在我心底的名字,卢广仲,,5:20,5CDCAAF9E7B91E94FD012589D00FDBEA,39020767,https://www.kugou.com/yy/rank/home/10-8888.html?from=rank
2026-08-12,2026-08-12T10:48:12+08:00,酷狗音乐,热歌榜,酷狗TOP500,2026-08-12,204,手放开,李圣杰,,4:25,022583751858F1E3558F32EC4ECF7DD5,959847,https://www.kugou.com/yy/rank/home/10-8888.html?from=rank
2026-08-12,2026-08-12T10:48:12+08:00,酷狗音乐,热歌榜,酷狗TOP500,2026-08-12,205,淋雨的人,阿图表妹,,3:59,EEB3B4F416E4D8777817C79127FCBFFC,183624154,https://www.kugou.com/yy/rank/home/10-8888.html?from=rank
2026-08-12,2026-08-12T10:48:12+08:00,酷狗音乐,热歌榜,酷狗TOP500,2026-08-12,206,爱情转移,陈奕迅,,4:19,A549238FA1B05EABE841DFE110899647,962514,https://www.kugou.com/yy/rank/home/10-8888.html?from=rank
2026-08-12,2026-08-12T10:48:12+08:00,酷狗音乐,热歌榜,酷狗TOP500,2026-08-12,207,可惜没如果,林俊杰,,4:58,57D6EAF8F7E593A2C4B780D8045DE5C1,542795,https://www.kugou.com/yy/rank/home/10-8888.html?from=rank
2026-08-12,2026-08-12T10:48:12+08:00,酷狗音乐,热歌榜,酷狗TOP500,2026-08-12,208,说了再见,周杰伦,,4:43,966C718DA96EE29B3B466F773BFA9E2F,958812,https://www.kugou.com/yy/rank/home/10-8888.html?from=rank
2026-08-12,2026-08-12T10:48:12+08:00,酷狗音乐,热歌榜,酷狗TOP500,2026-08-12,209,Poker Face,Lady Gaga,,3:57,645E837927E3207AD0AEA3997EB00444,38501704,https://www.kugou.com/yy/rank/home/10-8888.html?from=rank
2026-08-12,2026-08-12T10:48:12+08:00,酷狗音乐,热歌榜,酷狗TOP500,2026-08-12,210,太聪明,陈绮贞,,4:23,89101DA817101FEA0C9ECF64EAE2B46F,959335,https://www.kugou.com/yy/rank/home/10-8888.html?from=rank
2026-08-12,2026-08-12T10:48:12+08:00,酷狗音乐,热歌榜,酷狗TOP500,2026-08-12,211,我的歌声里,曲婉婷,,3:37,227D8E7B7B6EAF7509BB345A7B718EB2,516422,https://www.kugou.com/yy/rank/home/10-8888.html?from=rank
2026-08-12,2026-08-12T10:48:12+08:00,酷狗音乐,热歌榜,酷狗TOP500,2026-08-12,212,泡泡,牛佳钰,,3:37,CB6BD8CDFF1DA01DAEF01C389CBAD645,37403884,https://www.kugou.com/yy/rank/home/10-8888.html?from=rank
2026-08-12,2026-08-12T10:48:12+08:00,酷狗音乐,热歌榜,酷狗TOP500,2026-08-12,213,不再犹豫,BEYOND,,4:15,C477FE5B38147B7522DFCF3DC5BB8A6B,8176296,https://www.kugou.com/yy/rank/home/10-8888.html?from=rank
2026-08-12,2026-08-12T10:48:12+08:00,酷狗音乐,热歌榜,酷狗TOP500,2026-08-12,214,沦陷,贾格JuggShots,,3:04,64C2E5D33BE5F53758F3E96DC8EEC3C3,95717116,https://www.kugou.com/yy/rank/home/10-8888.html?from=rank
2026-08-12,2026-08-12T10:48:12+08:00,酷狗音乐,热歌榜,酷狗TOP500,2026-08-12,215,Radio (Dum-Dum),宋雨琦 (YUQI),,2:32,E8FFC3F649DA4476E2CEABFF3F94D103,140913986,https://www.kugou.com/yy/rank/home/10-8888.html?from=rank
2026-08-12,2026-08-12T10:48:12+08:00,酷狗音乐,热歌榜,酷狗TOP500,2026-08-12,216,冲动的惩罚,刀郎,,7:54,84073718AE6A82366444C3B5AE526FAC,964521,https://www.kugou.com/yy/rank/home/10-8888.html?from=rank
2026-08-12,2026-08-12T10:48:12+08:00,酷狗音乐,热歌榜,酷狗TOP500,2026-08-12,217,无名之辈,陈雪燃,,4:23,D08C3E2B2463AA9FC72D65AD6DA94E4E,24460217,https://www.kugou.com/yy/rank/home/10-8888.html?from=rank
2026-08-12,2026-08-12T10:48:12+08:00,酷狗音乐,热歌榜,酷狗TOP500,2026-08-12,218,壁上观 (边水版),七元,,3:34,5F0B062803F1D48C8C6DA26B2844DF46,103326092,https://www.kugou.com/yy/rank/home/10-8888.html?from=rank
2026-08-12,2026-08-12T10:48:12+08:00,酷狗音乐,热歌榜,酷狗TOP500,2026-08-12,219,相思,毛阿敏,,3:02,FE1F0058EAC6B344D03DB2D0D4315EA1,967188,https://www.kugou.com/yy/rank/home/10-8888.html?from=rank
2026-08-12,2026-08-12T10:48:12+08:00,酷狗音乐,热歌榜,酷狗TOP500,2026-08-12,220,蓝莲花,许巍,,4:31,EDCDC42FEE3A4BC8F2ADBAF96ADE9D77,15247919,https://www.kugou.com/yy/rank/home/10-8888.html?from=rank
2026-08-12,2026-08-12T10:48:12+08:00,酷狗音乐,热歌榜,酷狗TOP500,2026-08-12,221,哼着你爱听的歌 (女版),田园,,3:20,37B0685181098FB8427291594EDBC8CD,162686180,https://www.kugou.com/yy/rank/home/11-8888.html?from=rank
2026-08-12,2026-08-12T10:48:12+08:00,酷狗音乐,热歌榜,酷狗TOP500,2026-08-12,222,牵丝戏,银临、Aki阿杰,,3:59,5E7FF596F7D6021DA63AF36E91BECE4B,568968,https://www.kugou.com/yy/rank/home/11-8888.html?from=rank
2026-08-12,2026-08-12T10:48:12+08:00,酷狗音乐,热歌榜,酷狗TOP500,2026-08-12,223,下一个天亮,郭静,,4:27,7E2AD47232E7148C642B6836041826C9,971139,https://www.kugou.com/yy/rank/home/11-8888.html?from=rank
2026-08-12,2026-08-12T10:48:12+08:00,酷狗音乐,热歌榜,酷狗TOP500,2026-08-12,224,Creepin' up on You,Darren Hayes,,4:53,6348CF4041BEE19FAD536C563C32695A,1593407,https://www.kugou.com/yy/rank/home/11-8888.html?from=rank
2026-08-12,2026-08-12T10:48:12+08:00,酷狗音乐,热歌榜,酷狗TOP500,2026-08-12,225,如果可以,韦礼安,,4:34,70425DF5F0C9FCED5E0468189A7F4A70,49958186,https://www.kugou.com/yy/rank/home/11-8888.html?from=rank
2026-08-12,2026-08-12T10:48:12+08:00,酷狗音乐,热歌榜,酷狗TOP500,2026-08-12,226,同花顺,林倛玉,,3:57,87C979FC3CBA27D6345528A1BEF05477,8603846,https://www.kugou.com/yy/rank/home/11-8888.html?from=rank
2026-08-12,2026-08-12T10:48:12+08:00,酷狗音乐,热歌榜,酷狗TOP500,2026-08-12,227,你瞒我瞒,陈柏宇,,3:58,E8EE57D671769402710C4FF9259D841F,965453,https://www.kugou.com/yy/rank/home/11-8888.html?from=rank
2026-08-12,2026-08-12T10:48:12+08:00,酷狗音乐,热歌榜,酷狗TOP500,2026-08-12,228,老街,李荣浩,,5:19,30E7F7CCB57EB16D1BE3EC71D7ADB071,964378,https://www.kugou.com/yy/rank/home/11-8888.html?from=rank
2026-08-12,2026-08-12T10:48:12+08:00,酷狗音乐,热歌榜,酷狗TOP500,2026-08-12,229,岸边客,夏子航（2603）,,4:32,E87EEB7804D4708714E6C38DE1F8E649,161846818,https://www.kugou.com/yy/rank/home/11-8888.html?from=rank
2026-08-12,2026-08-12T10:48:12+08:00,酷狗音乐,热歌榜,酷狗TOP500,2026-08-12,230,再爱你也没用,范贵宾,,3:29,BDBD97AB8C5069D49A5159EB7EC60A72,197763885,https://www.kugou.com/yy/rank/home/11-8888.html?from=rank
2026-08-12,2026-08-12T10:48:12+08:00,酷狗音乐,热歌榜,酷狗TOP500,2026-08-12,231,珊瑚海,周杰伦、Lara梁心颐,,4:16,90E34F0C582168E7EA857915771AB220,958909,https://www.kugou.com/yy/rank/home/11-8888.html?from=rank
2026-08-12,2026-08-12T10:48:12+08:00,酷狗音乐,热歌榜,酷狗TOP500,2026-08-12,232,有何不可,许嵩,,4:01,B3D5D7D3A140628D1605BD392467E348,973251,https://www.kugou.com/yy/rank/home/11-8888.html?from=rank
2026-08-12,2026-08-12T10:48:12+08:00,酷狗音乐,热歌榜,酷狗TOP500,2026-08-12,233,爱我的人和我爱的人 (对唱版),张家旺、悦开心,,3:52,FFD58B572BFB5227CA53F66BAD45FF52,59950148,https://www.kugou.com/yy/rank/home/11-8888.html?from=rank
2026-08-12,2026-08-12T10:48:12+08:00,酷狗音乐,热歌榜,酷狗TOP500,2026-08-12,234,听说当初你找过我,贺一航,,4:06,8853D5BDDDE97FEACFAF65371B68AD57,1969900,https://www.kugou.com/yy/rank/home/11-8888.html?from=rank
2026-08-12,2026-08-12T10:48:12+08:00,酷狗音乐,热歌榜,酷狗TOP500,2026-08-12,235,最后一页,江语晨,,4:06,EF053996094A323B42C35195E9781A30,1596655,https://www.kugou.com/yy/rank/home/11-8888.html?from=rank
2026-08-12,2026-08-12T10:48:12+08:00,酷狗音乐,热歌榜,酷狗TOP500,2026-08-12,236,他真的对你好吗,付豪,,4:18,B1B875147F45355FF807402402F5B573,55501876,https://www.kugou.com/yy/rank/home/11-8888.html?from=rank
2026-08-12,2026-08-12T10:48:12+08:00,酷狗音乐,热歌榜,酷狗TOP500,2026-08-12,237,忘了你忘了我,王杰,,4:38,95CBD367E98724883CA99874AD626446,962390,https://www.kugou.com/yy/rank/home/11-8888.html?from=rank
2026-08-12,2026-08-12T10:48:12+08:00,酷狗音乐,热歌榜,酷狗TOP500,2026-08-12,238,天外来物,薛之谦,,4:17,761C1EAFBD1E22504B487F84D2152DF5,40890018,https://www.kugou.com/yy/rank/home/11-8888.html?from=rank
2026-08-12,2026-08-12T10:48:12+08:00,酷狗音乐,热歌榜,酷狗TOP500,2026-08-12,239,岁月如笔写春秋 (EDM粤语版),陈靓靓,,3:57,91AA8BA8FA1496B1AC9AAE8B2B9CED5A,197385302,https://www.kugou.com/yy/rank/home/11-8888.html?from=rank
2026-08-12,2026-08-12T10:48:12+08:00,酷狗音乐,热歌榜,酷狗TOP500,2026-08-12,240,不浪漫罪名,王杰,,4:48,4255D3F001B95B07F2D5BE330D14A780,503247,https://www.kugou.com/yy/rank/home/11-8888.html?from=rank
2026-08-12,2026-08-12T10:48:12+08:00,酷狗音乐,热歌榜,酷狗TOP500,2026-08-12,241,座位,于冬然,,3:29,D87A09DB3166215E5DFD4A30C922509E,137485296,https://www.kugou.com/yy/rank/home/11-8888.html?from=rank
2026-08-12,2026-08-12T10:48:12+08:00,酷狗音乐,热歌榜,酷狗TOP500,2026-08-12,242,年少有为,李荣浩,,4:39,3A5C1D6CDABB2FDA813F8F8B7E4D08B0,8873395,https://www.kugou.com/yy/rank/home/11-8888.html?from=rank
2026-08-12,2026-08-12T10:48:12+08:00,酷狗音乐,热歌榜,酷狗TOP500,2026-08-12,243,太多 (R&B),落日微醺,,3:54,0FAE8E25895CB68F57A20A676B09E04E,196615244,https://www.kugou.com/yy/rank/home/12-8888.html?from=rank
2026-08-12,2026-08-12T10:48:12+08:00,酷狗音乐,热歌榜,酷狗TOP500,2026-08-12,244,风催雨 (电音版),DJ Konatal,,2:32,6B1305D118E40CFF02F6E6A8C5C976C9,201645949,https://www.kugou.com/yy/rank/home/12-8888.html?from=rank
2026-08-12,2026-08-12T10:48:12+08:00,酷狗音乐,热歌榜,酷狗TOP500,2026-08-12,245,勋章,鹿晗,,3:34,6FB3EB3F13CD64DF6E9784F6E487BAB1,2059004,https://www.kugou.com/yy/rank/home/12-8888.html?from=rank
2026-08-12,2026-08-12T10:48:12+08:00,酷狗音乐,热歌榜,酷狗TOP500,2026-08-12,246,水手,郑智化,,4:53,6DCF10DEA98A7C9F755BE385E822BE05,967718,https://www.kugou.com/yy/rank/home/12-8888.html?from=rank
2026-08-12,2026-08-12T10:48:12+08:00,酷狗音乐,热歌榜,酷狗TOP500,2026-08-12,247,爱如潮水,张信哲,,4:31,7D372165ED6AD2C00DD2B473529BE9CE,538030,https://www.kugou.com/yy/rank/home/12-8888.html?from=rank
2026-08-12,2026-08-12T10:48:12+08:00,酷狗音乐,热歌榜,酷狗TOP500,2026-08-12,248,谁,洋澜一,,3:40,445C54E59AB287FCF15D68FAF92CD9B7,89608819,https://www.kugou.com/yy/rank/home/12-8888.html?from=rank
2026-08-12,2026-08-12T10:48:12+08:00,酷狗音乐,热歌榜,酷狗TOP500,2026-08-12,249,过海,王赫野、黄龄,,3:47,35405E44573EF6D9F2F0AB42AE8BD716,199401816,https://www.kugou.com/yy/rank/home/12-8888.html?from=rank
2026-08-12,2026-08-12T10:48:12+08:00,酷狗音乐,热歌榜,酷狗TOP500,2026-08-12,250,左边画个虫虫,MOONBOI（杨望舒）,,2:36,DFBE6B78C7622433C29A7F3A1CFA3361,29308257,https://www.kugou.com/yy/rank/home/12-8888.html?from=rank
2026-08-12,2026-08-12T10:48:12+08:00,酷狗音乐,热歌榜,酷狗TOP500,2026-08-12,251,冬天的秘密,周传雄,,4:33,1088AEEAB9674A49F8067DCDEB1FC1EE,982655,https://www.kugou.com/yy/rank/home/12-8888.html?from=rank
2026-08-12,2026-08-12T10:48:12+08:00,酷狗音乐,热歌榜,酷狗TOP500,2026-08-12,252,明明就,周杰伦,,4:20,D85C14E02008B7A2F97D55CDC29C2221,982051,https://www.kugou.com/yy/rank/home/12-8888.html?from=rank
2026-08-12,2026-08-12T10:48:12+08:00,酷狗音乐,热歌榜,酷狗TOP500,2026-08-12,253,起风了,买辣椒也用券,,5:26,5C035CBF390FEF6B536020A57749EF70,53218722,https://www.kugou.com/yy/rank/home/12-8888.html?from=rank
2026-08-12,2026-08-12T10:48:12+08:00,酷狗音乐,热歌榜,酷狗TOP500,2026-08-12,254,空城,杨坤,,4:38,DA161354AF9D51C38EC4119929AE1F44,2996783,https://www.kugou.com/yy/rank/home/12-8888.html?from=rank
2026-08-12,2026-08-12T10:48:12+08:00,酷狗音乐,热歌榜,酷狗TOP500,2026-08-12,255,最长的电影,周杰伦,,3:56,2F6D441163A92AEE5E52B8E94F36A3C7,979856,https://www.kugou.com/yy/rank/home/12-8888.html?from=rank
2026-08-12,2026-08-12T10:48:12+08:00,酷狗音乐,热歌榜,酷狗TOP500,2026-08-12,256,是你没选我啊,音乐科代表洪嘉源,,3:07,65D611715B7CC7131E6629F5E1745544,172307133,https://www.kugou.com/yy/rank/home/12-8888.html?from=rank
2026-08-12,2026-08-12T10:48:12+08:00,酷狗音乐,热歌榜,酷狗TOP500,2026-08-12,257,九百九十九朵玫瑰 (r&b),落日微醺,,4:07,0969B2B26405C8DDEC7C72292F794D48,184352572,https://www.kugou.com/yy/rank/home/12-8888.html?from=rank
2026-08-12,2026-08-12T10:48:12+08:00,酷狗音乐,热歌榜,酷狗TOP500,2026-08-12,258,我记得,赵雷,,5:30,8CE80CF10A01F37354D63E49C1B60B60,60018447,https://www.kugou.com/yy/rank/home/12-8888.html?from=rank
2026-08-12,2026-08-12T10:48:12+08:00,酷狗音乐,热歌榜,酷狗TOP500,2026-08-12,259,红颜旧 (氛围版),周深深,,3:48,76FA92299B2443816030D744CF70FA3B,198814170,https://www.kugou.com/yy/rank/home/12-8888.html?from=rank
2026-08-12,2026-08-12T10:48:12+08:00,酷狗音乐,热歌榜,酷狗TOP500,2026-08-12,260,幻听,许嵩,,4:33,24F5E7555646965CD7D1A924452B3300,973046,https://www.kugou.com/yy/rank/home/12-8888.html?from=rank
2026-08-12,2026-08-12T10:48:12+08:00,酷狗音乐,热歌榜,酷狗TOP500,2026-08-12,261,Serenade (KARINA & WINTER),aespa,,3:05,1A5602B3413B6F0AC62A20295174527A,202617374,https://www.kugou.com/yy/rank/home/12-8888.html?from=rank
2026-08-12,2026-08-12T10:48:12+08:00,酷狗音乐,热歌榜,酷狗TOP500,2026-08-12,262,情罪,陈瑞,,4:45,9642484D6F37650295B370CD52553DC5,80617215,https://www.kugou.com/yy/rank/home/12-8888.html?from=rank
2026-08-12,2026-08-12T10:48:12+08:00,酷狗音乐,热歌榜,酷狗TOP500,2026-08-12,263,无名的人,毛不易,,4:42,525A854C4A4EDF63CAF528D693F69CE0,51231315,https://www.kugou.com/yy/rank/home/12-8888.html?from=rank
2026-08-12,2026-08-12T10:48:12+08:00,酷狗音乐,热歌榜,酷狗TOP500,2026-08-12,264,谁明浪子心,王杰,,5:01,1E54C9C01C9DFC5C68F743368F353711,983991,https://www.kugou.com/yy/rank/home/12-8888.html?from=rank
2026-08-12,2026-08-12T10:48:12+08:00,酷狗音乐,热歌榜,酷狗TOP500,2026-08-12,265,租购,薛之谦,,4:31,B96A6102B2238E21C463E96A7D81E840,130133801,https://www.kugou.com/yy/rank/home/13-8888.html?from=rank
2026-08-12,2026-08-12T10:48:12+08:00,酷狗音乐,热歌榜,酷狗TOP500,2026-08-12,266,老人与海,海鸣威、吴琼,,4:26,64550F3E833ABE710545EA84FC82754E,1778632,https://www.kugou.com/yy/rank/home/13-8888.html?from=rank
2026-08-12,2026-08-12T10:48:12+08:00,酷狗音乐,热歌榜,酷狗TOP500,2026-08-12,267,恶作剧,王蓝茵,,3:47,05B893FC78627C3F5635491BBB35167E,720564,https://www.kugou.com/yy/rank/home/13-8888.html?from=rank
2026-08-12,2026-08-12T10:48:12+08:00,酷狗音乐,热歌榜,酷狗TOP500,2026-08-12,268,是我不够好,李毓芬,,3:37,2B152C85BA2B73CBC79EA722928EF425,1590098,https://www.kugou.com/yy/rank/home/13-8888.html?from=rank
2026-08-12,2026-08-12T10:48:12+08:00,酷狗音乐,热歌榜,酷狗TOP500,2026-08-12,269,第一次爱的人,王心凌,,3:53,38539E18FBB3E9A8DFA84A892CA718F6,979891,https://www.kugou.com/yy/rank/home/13-8888.html?from=rank
2026-08-12,2026-08-12T10:48:12+08:00,酷狗音乐,热歌榜,酷狗TOP500,2026-08-12,270,没那么简单,黄小琥,,5:08,90D82FB9EB6C1F5385F6F086318EE1FA,962530,https://www.kugou.com/yy/rank/home/13-8888.html?from=rank
2026-08-12,2026-08-12T10:48:12+08:00,酷狗音乐,热歌榜,酷狗TOP500,2026-08-12,271,遗留在岁月的曾经,曲木老表,,3:49,4C1A5D2BD02B857C72364B1416124256,167884062,https://www.kugou.com/yy/rank/home/13-8888.html?from=rank
2026-08-12,2026-08-12T10:48:12+08:00,酷狗音乐,热歌榜,酷狗TOP500,2026-08-12,272,每个人 (舒楠监制),周深,,3:51,03A6AFF0ED029F2FF05ED544FCD40D3F,202043425,https://www.kugou.com/yy/rank/home/13-8888.html?from=rank
2026-08-12,2026-08-12T10:48:12+08:00,酷狗音乐,热歌榜,酷狗TOP500,2026-08-12,273,相爱分开都是罪,六哲,,4:20,1A2DE05E3AC06781F4B337F77B1C63DF,2996446,https://www.kugou.com/yy/rank/home/13-8888.html?from=rank
2026-08-12,2026-08-12T10:48:12+08:00,酷狗音乐,热歌榜,酷狗TOP500,2026-08-12,274,不该 (with aMEI),周杰伦、张惠妹,,4:51,FCF336E81DA45A8E696032FFC1708175,1645030,https://www.kugou.com/yy/rank/home/13-8888.html?from=rank
2026-08-12,2026-08-12T10:48:12+08:00,酷狗音乐,热歌榜,酷狗TOP500,2026-08-12,275,远走高飞 (独唱版),金志文,,4:02,7196122D828128AF3173560B82528092,2139938,https://www.kugou.com/yy/rank/home/13-8888.html?from=rank
2026-08-12,2026-08-12T10:48:12+08:00,酷狗音乐,热歌榜,酷狗TOP500,2026-08-12,276,春庭雪 (r&b微醺版),落日微醺,,3:44,34F0A836850778DA37190AA74ED2A06E,195834505,https://www.kugou.com/yy/rank/home/13-8888.html?from=rank
2026-08-12,2026-08-12T10:48:12+08:00,酷狗音乐,热歌榜,酷狗TOP500,2026-08-12,277,你还要我怎样,薛之谦,,5:11,8C6AAC48FB5C3759042E4C8699544C6F,960327,https://www.kugou.com/yy/rank/home/13-8888.html?from=rank
2026-08-12,2026-08-12T10:48:12+08:00,酷狗音乐,热歌榜,酷狗TOP500,2026-08-12,278,瞬,郑润泽,,4:45,C06970FDB48E8E1F9BBC7577B7BC1938,75949211,https://www.kugou.com/yy/rank/home/13-8888.html?from=rank
2026-08-12,2026-08-12T10:48:12+08:00,酷狗音乐,热歌榜,酷狗TOP500,2026-08-12,279,断点,张敬轩,,4:28,2C2A571D91FF7BF6FE814887FFA7E592,2996592,https://www.kugou.com/yy/rank/home/13-8888.html?from=rank
2026-08-12,2026-08-12T10:48:12+08:00,酷狗音乐,热歌榜,酷狗TOP500,2026-08-12,280,虚拟,陈粒,,4:01,AEF0740270FE89918F07807C8D669FB7,1749208,https://www.kugou.com/yy/rank/home/13-8888.html?from=rank
2026-08-12,2026-08-12T10:48:12+08:00,酷狗音乐,热歌榜,酷狗TOP500,2026-08-12,281,白鸽乌鸦相爱的戏码,潘成（皮卡潘）,,2:54,1B5005F285D8B7FD083CA61C5753E9DB,100112898,https://www.kugou.com/yy/rank/home/13-8888.html?from=rank
2026-08-12,2026-08-12T10:48:12+08:00,酷狗音乐,热歌榜,酷狗TOP500,2026-08-12,282,雨蝶,李翊君,,3:51,C83424ACF417185057E278554B91D4C0,7549108,https://www.kugou.com/yy/rank/home/13-8888.html?from=rank
2026-08-12,2026-08-12T10:48:12+08:00,酷狗音乐,热歌榜,酷狗TOP500,2026-08-12,283,迷人的危险,Dance Flow,,3:26,0F666EF632DB9404308219BE5AAE43B4,551560,https://www.kugou.com/yy/rank/home/13-8888.html?from=rank
2026-08-12,2026-08-12T10:48:12+08:00,酷狗音乐,热歌榜,酷狗TOP500,2026-08-12,284,不要忘记我爱你,张碧晨,,3:45,C8EBD31EB4B28B4B845119637D90C58D,17022285,https://www.kugou.com/yy/rank/home/13-8888.html?from=rank
2026-08-12,2026-08-12T10:48:12+08:00,酷狗音乐,热歌榜,酷狗TOP500,2026-08-12,285,不遗憾,李荣浩,,5:20,40CE38D5DB930F404EB26F58978BEC3D,44404137,https://www.kugou.com/yy/rank/home/13-8888.html?from=rank
2026-08-12,2026-08-12T10:48:12+08:00,酷狗音乐,热歌榜,酷狗TOP500,2026-08-12,286,走走,李荣浩,,5:04,0BD5B6F56CED35BB3380425EC02E1098,106374641,https://www.kugou.com/yy/rank/home/13-8888.html?from=rank
2026-08-12,2026-08-12T10:48:12+08:00,酷狗音乐,热歌榜,酷狗TOP500,2026-08-12,287,感谢你曾来过,Ayo97、周思涵,,4:10,39DCBBDCB0B377628BEF5FD48EF01254,9101627,https://www.kugou.com/yy/rank/home/14-8888.html?from=rank
2026-08-12,2026-08-12T10:48:12+08:00,酷狗音乐,热歌榜,酷狗TOP500,2026-08-12,288,模特,李荣浩,,5:06,87EBC49856D2CB3C04992C9A87E5A5C5,968143,https://www.kugou.com/yy/rank/home/14-8888.html?from=rank
2026-08-12,2026-08-12T10:48:12+08:00,酷狗音乐,热歌榜,酷狗TOP500,2026-08-12,289,Баллада (民谣),Xcho、Мот,,3:02,0B2EC37A6E065AD181378AAD27391F8F,91468549,https://www.kugou.com/yy/rank/home/14-8888.html?from=rank
2026-08-12,2026-08-12T10:48:12+08:00,酷狗音乐,热歌榜,酷狗TOP500,2026-08-12,290,IF YOU,BIGBANG,,4:24,33C5FC6AB3AF0B5B142F12C9556CB178,549436,https://www.kugou.com/yy/rank/home/14-8888.html?from=rank
2026-08-12,2026-08-12T10:48:12+08:00,酷狗音乐,热歌榜,酷狗TOP500,2026-08-12,291,多情种,胡杨林,,4:47,5073FDDE229BBFEF04DBBA5E3FB44F56,8455212,https://www.kugou.com/yy/rank/home/14-8888.html?from=rank
2026-08-12,2026-08-12T10:48:12+08:00,酷狗音乐,热歌榜,酷狗TOP500,2026-08-12,292,Think About It,D.N.A、张艺兴、颜人中、GALI、TEN、李治廷,,2:51,89BE380042C789837AFBBF37D20547F3,202393497,https://www.kugou.com/yy/rank/home/14-8888.html?from=rank
2026-08-12,2026-08-12T10:48:12+08:00,酷狗音乐,热歌榜,酷狗TOP500,2026-08-12,293,淘汰,陈奕迅,,4:45,90C64A1FB2F32663FA8037D847AABB57,962514,https://www.kugou.com/yy/rank/home/14-8888.html?from=rank
2026-08-12,2026-08-12T10:48:12+08:00,酷狗音乐,热歌榜,酷狗TOP500,2026-08-12,294,Lonely,Nana,,6:21,DD6AD636BD00699C1218CD25D7657099,45833884,https://www.kugou.com/yy/rank/home/14-8888.html?from=rank
2026-08-12,2026-08-12T10:48:12+08:00,酷狗音乐,热歌榜,酷狗TOP500,2026-08-12,295,你的承诺,海鸣威,,3:53,B1996C2589FADECA9759A420E1EC3FE3,19347507,https://www.kugou.com/yy/rank/home/14-8888.html?from=rank
2026-08-12,2026-08-12T10:48:12+08:00,酷狗音乐,热歌榜,酷狗TOP500,2026-08-12,296,世界上的另一个我,阿肆、郭采洁,,3:58,73C0E5566146583A631C9A94203405D6,4255765,https://www.kugou.com/yy/rank/home/14-8888.html?from=rank
2026-08-12,2026-08-12T10:48:12+08:00,酷狗音乐,热歌榜,酷狗TOP500,2026-08-12,297,喜欢你 (G.E.M.重生版),G.E.M. 邓紫棋,,4:03,AA4D82A7506DE809B7A89F91B73F3E1E,150256944,https://www.kugou.com/yy/rank/home/14-8888.html?from=rank
2026-08-12,2026-08-12T10:48:12+08:00,酷狗音乐,热歌榜,酷狗TOP500,2026-08-12,298,夏天的风,温岚,,4:01,33431BA8C2FB438ED064AE5DEEB2985F,2997111,https://www.kugou.com/yy/rank/home/14-8888.html?from=rank
2026-08-12,2026-08-12T10:48:12+08:00,酷狗音乐,热歌榜,酷狗TOP500,2026-08-12,299,搀扶,马健涛,,5:28,D95AE3CC810BB62D28505AE1510C329F,130332417,https://www.kugou.com/yy/rank/home/14-8888.html?from=rank
2026-08-12,2026-08-12T10:48:12+08:00,酷狗音乐,热歌榜,酷狗TOP500,2026-08-12,300,如果当时,许嵩,,5:16,697712B7504DA5541C3ED4D117AE1018,973251,https://www.kugou.com/yy/rank/home/14-8888.html?from=rank
2026-08-12,2026-08-12T10:48:12+08:00,酷狗音乐,热歌榜,酷狗TOP500,2026-08-12,301,依恋,蔡淳佳,,3:50,9714498BCF9555F67A13071A93132939,976349,https://www.kugou.com/yy/rank/home/14-8888.html?from=rank
2026-08-12,2026-08-12T10:48:12+08:00,酷狗音乐,热歌榜,酷狗TOP500,2026-08-12,302,不能说的秘密,周杰伦,,4:57,EDFC5DD1AC3D58971AB95B3E2700D015,554150,https://www.kugou.com/yy/rank/home/14-8888.html?from=rank
2026-08-12,2026-08-12T10:48:12+08:00,酷狗音乐,热歌榜,酷狗TOP500,2026-08-12,303,再见只是陌生人,庄心妍,,4:12,67F2E5F1B47C2B86E201518FD24D9831,556403,https://www.kugou.com/yy/rank/home/14-8888.html?from=rank
2026-08-12,2026-08-12T10:48:12+08:00,酷狗音乐,热歌榜,酷狗TOP500,2026-08-12,304,Dear John,比莉,,5:11,71951213A1C3C313DEEB017D3C9E77CC,2528933,https://www.kugou.com/yy/rank/home/14-8888.html?from=rank
2026-08-12,2026-08-12T10:48:12+08:00,酷狗音乐,热歌榜,酷狗TOP500,2026-08-12,305,不潮不用花钱,林俊杰,,3:54,5A84BBA4C673BEA45083C521ADF366AF,963179,https://www.kugou.com/yy/rank/home/14-8888.html?from=rank
2026-08-12,2026-08-12T10:48:12+08:00,酷狗音乐,热歌榜,酷狗TOP500,2026-08-12,306,十面埋伏,陈奕迅,,3:52,90B8469459CBA58A5DDEDD9350286DD8,2996227,https://www.kugou.com/yy/rank/home/14-8888.html?from=rank
2026-08-12,2026-08-12T10:48:12+08:00,酷狗音乐,热歌榜,酷狗TOP500,2026-08-12,307,真的爱你,BEYOND,,4:35,C46916711631EA28508A41C325A74E1B,971451,https://www.kugou.com/yy/rank/home/14-8888.html?from=rank
2026-08-12,2026-08-12T10:48:12+08:00,酷狗音乐,热歌榜,酷狗TOP500,2026-08-12,308,刚刚好,薛之谦,,4:11,956EEC514146039E6D6A16B30DD64A7B,1747549,https://www.kugou.com/yy/rank/home/14-8888.html?from=rank
2026-08-12,2026-08-12T10:48:12+08:00,酷狗音乐,热歌榜,酷狗TOP500,2026-08-12,309,跨不过的距离,虎二,,4:31,FED5892036FBD176F6FEAE973C565E59,38209191,https://www.kugou.com/yy/rank/home/15-8888.html?from=rank
2026-08-12,2026-08-12T10:48:12+08:00,酷狗音乐,热歌榜,酷狗TOP500,2026-08-12,310,遗失的心跳,萧亚轩,,3:37,54C1A6E877BB37D052A86D4C41604FE7,521727,https://www.kugou.com/yy/rank/home/15-8888.html?from=rank
2026-08-12,2026-08-12T10:48:12+08:00,酷狗音乐,热歌榜,酷狗TOP500,2026-08-12,311,一样的月光,徐佳莹,,4:00,E470A579E87A5436E68FAA51AD18A379,972101,https://www.kugou.com/yy/rank/home/15-8888.html?from=rank
2026-08-12,2026-08-12T10:48:12+08:00,酷狗音乐,热歌榜,酷狗TOP500,2026-08-12,312,你就不要想起我,田馥甄,,4:41,33E67CD9B775093E93CBABBD649DF087,965595,https://www.kugou.com/yy/rank/home/15-8888.html?from=rank
2026-08-12,2026-08-12T10:48:12+08:00,酷狗音乐,热歌榜,酷狗TOP500,2026-08-12,313,不由人,二龙湖浩哥,,3:32,93BCFDF3A943B05AF659A0A45D9FE033,199943834,https://www.kugou.com/yy/rank/home/15-8888.html?from=rank
2026-08-12,2026-08-12T10:48:12+08:00,酷狗音乐,热歌榜,酷狗TOP500,2026-08-12,314,平凡之路,朴树,,5:01,2BE5DE80E68B3346918D38CF7527D979,2944963,https://www.kugou.com/yy/rank/home/15-8888.html?from=rank
2026-08-12,2026-08-12T10:48:12+08:00,酷狗音乐,热歌榜,酷狗TOP500,2026-08-12,315,你最近还好吗,Ghost (王琳凯),,3:31,A1ADE90292D40A8A23F54DA5C3B2E96A,35318614,https://www.kugou.com/yy/rank/home/15-8888.html?from=rank
2026-08-12,2026-08-12T10:48:12+08:00,酷狗音乐,热歌榜,酷狗TOP500,2026-08-12,316,到时说爱我,茜拉 (Shila Amzah),,3:22,06085E4FDF0789E8C53561ADA39EDB79,58314622,https://www.kugou.com/yy/rank/home/15-8888.html?from=rank
2026-08-12,2026-08-12T10:48:12+08:00,酷狗音乐,热歌榜,酷狗TOP500,2026-08-12,317,广东爱情故事,广东雨神,,3:34,7A2956668C7D5393FF16AD930C23F2FD,4162049,https://www.kugou.com/yy/rank/home/15-8888.html?from=rank
2026-08-12,2026-08-12T10:48:12+08:00,酷狗音乐,热歌榜,酷狗TOP500,2026-08-12,318,别回头 (不朽版),PAMajor,,3:32,887215E010BC9D5CB82830A131C86596,163052521,https://www.kugou.com/yy/rank/home/15-8888.html?from=rank
2026-08-12,2026-08-12T10:48:12+08:00,酷狗音乐,热歌榜,酷狗TOP500,2026-08-12,319,江声入旧年,聲無哀樂乐队THEWEAPONS、龚琳娜、杨宗勋,,4:11,CC9C270CD9409E62960A83BC5B28DC6C,172928690,https://www.kugou.com/yy/rank/home/15-8888.html?from=rank
2026-08-12,2026-08-12T10:48:12+08:00,酷狗音乐,热歌榜,酷狗TOP500,2026-08-12,320,天际,洋澜一,,5:46,DEAE9D1FC61F4810A0C15AA9CFD83722,76611526,https://www.kugou.com/yy/rank/home/15-8888.html?from=rank
2026-08-12,2026-08-12T10:48:12+08:00,酷狗音乐,热歌榜,酷狗TOP500,2026-08-12,321,是非题,莫文蔚,,4:07,60431D272D830AC994DF2584BA56D196,973717,https://www.kugou.com/yy/rank/home/15-8888.html?from=rank
2026-08-12,2026-08-12T10:48:12+08:00,酷狗音乐,热歌榜,酷狗TOP500,2026-08-12,322,偏偏喜欢你,陈百强,,3:32,D186383AA965D13601CFF4857F844FEE,983655,https://www.kugou.com/yy/rank/home/15-8888.html?from=rank
2026-08-12,2026-08-12T10:48:12+08:00,酷狗音乐,热歌榜,酷狗TOP500,2026-08-12,323,因果 (我就站在这因果里),金针菇,,2:47,E89C5166CE3DD7D5D5B0A986BC39F70D,202013549,https://www.kugou.com/yy/rank/home/15-8888.html?from=rank
2026-08-12,2026-08-12T10:48:12+08:00,酷狗音乐,热歌榜,酷狗TOP500,2026-08-12,324,是你没选我啊,于冬然,,3:22,885046DF8380B7506A6B12EC8F6E201D,176303736,https://www.kugou.com/yy/rank/home/15-8888.html?from=rank
2026-08-12,2026-08-12T10:48:12+08:00,酷狗音乐,热歌榜,酷狗TOP500,2026-08-12,325,夏夜最后的烟火,颜人中,,4:40,4E418EDAB22093B51C78C81C0A8C9B31,39949767,https://www.kugou.com/yy/rank/home/15-8888.html?from=rank
2026-08-12,2026-08-12T10:48:12+08:00,酷狗音乐,热歌榜,酷狗TOP500,2026-08-12,326,爱你太多,刘一手,,3:41,284D6DEC3BF7D23E0EA79B5C70C3F2D1,201304866,https://www.kugou.com/yy/rank/home/15-8888.html?from=rank
2026-08-12,2026-08-12T10:48:12+08:00,酷狗音乐,热歌榜,酷狗TOP500,2026-08-12,327,去年夏天,王大毛,,4:05,5CD03A78A74761494A39CADFAA832550,8542577,https://www.kugou.com/yy/rank/home/15-8888.html?from=rank
2026-08-12,2026-08-12T10:48:12+08:00,酷狗音乐,热歌榜,酷狗TOP500,2026-08-12,328,坠落,蔡健雅,,4:10,233254CB517BAA74387361C2158519DA,974379,https://www.kugou.com/yy/rank/home/15-8888.html?from=rank
2026-08-12,2026-08-12T10:48:12+08:00,酷狗音乐,热歌榜,酷狗TOP500,2026-08-12,329,神啊 救救我,陈小春,,4:03,27FF2175370838EB15B826710D7A8DB0,978534,https://www.kugou.com/yy/rank/home/15-8888.html?from=rank
2026-08-12,2026-08-12T10:48:12+08:00,酷狗音乐,热歌榜,酷狗TOP500,2026-08-12,330,我们的歌,王力宏,,4:08,4E294957A0D9B72A78B61F3C2A63B6CC,503223,https://www.kugou.com/yy/rank/home/15-8888.html?from=rank
2026-08-12,2026-08-12T10:48:12+08:00,酷狗音乐,热歌榜,酷狗TOP500,2026-08-12,331,落空,印子月,,3:53,F2823FEC8D01EDE2587ED3D32F787782,15394482,https://www.kugou.com/yy/rank/home/16-8888.html?from=rank
2026-08-12,2026-08-12T10:48:12+08:00,酷狗音乐,热歌榜,酷狗TOP500,2026-08-12,332,不得不爱,潘玮柏、弦子,,4:41,8F9E3FD474EA612C61EB20D1415767BF,972809,https://www.kugou.com/yy/rank/home/16-8888.html?from=rank
2026-08-12,2026-08-12T10:48:12+08:00,酷狗音乐,热歌榜,酷狗TOP500,2026-08-12,333,求佛,誓言,,4:46,7B7140B23A836DC6EE63B6CD48482402,7614,https://www.kugou.com/yy/rank/home/16-8888.html?from=rank
2026-08-12,2026-08-12T10:48:12+08:00,酷狗音乐,热歌榜,酷狗TOP500,2026-08-12,334,大海,张雨生,,4:40,BF8252BEAE57AEB53490145CA8E81BB4,967705,https://www.kugou.com/yy/rank/home/16-8888.html?from=rank
2026-08-12,2026-08-12T10:48:12+08:00,酷狗音乐,热歌榜,酷狗TOP500,2026-08-12,335,暧昧,薛之谦,,5:12,B3A4E466F13F44FA0B91FA4EB8E6DECA,7818079,https://www.kugou.com/yy/rank/home/16-8888.html?from=rank
2026-08-12,2026-08-12T10:48:12+08:00,酷狗音乐,热歌榜,酷狗TOP500,2026-08-12,336,执子之手,宝石Gem、哩哩,,3:10,A84D44A92F427A3198ECEE703B708478,61962429,https://www.kugou.com/yy/rank/home/16-8888.html?from=rank
2026-08-12,2026-08-12T10:48:12+08:00,酷狗音乐,热歌榜,酷狗TOP500,2026-08-12,337,玉芬啊玉芬你让彪哥好伤心,老韩很哇塞,,3:00,AFF2135F30F90B6768AF3320505559CF,177493243,https://www.kugou.com/yy/rank/home/16-8888.html?from=rank
2026-08-12,2026-08-12T10:48:12+08:00,酷狗音乐,热歌榜,酷狗TOP500,2026-08-12,338,Letting Go,蔡健雅,,4:23,326CBB23BAA90062047512376AA406A4,978874,https://www.kugou.com/yy/rank/home/16-8888.html?from=rank
2026-08-12,2026-08-12T10:48:12+08:00,酷狗音乐,热歌榜,酷狗TOP500,2026-08-12,339,연애의 조건 (恋爱的条件),BESTie,,3:12,FBE0D895B585AFAD693FE42529311608,959733,https://www.kugou.com/yy/rank/home/16-8888.html?from=rank
2026-08-12,2026-08-12T10:48:12+08:00,酷狗音乐,热歌榜,酷狗TOP500,2026-08-12,340,还魂门,胡彦斌,,4:16,9DFF2FBFA5D536C143F8EBC289E85F9D,1746982,https://www.kugou.com/yy/rank/home/16-8888.html?from=rank
2026-08-12,2026-08-12T10:48:12+08:00,酷狗音乐,热歌榜,酷狗TOP500,2026-08-12,341,简单爱,周杰伦,,4:30,6E44CE19BE5872384FA184B995CCE23B,958706,https://www.kugou.com/yy/rank/home/16-8888.html?from=rank
2026-08-12,2026-08-12T10:48:12+08:00,酷狗音乐,热歌榜,酷狗TOP500,2026-08-12,342,Love Story,Taylor Swift,,3:56,193B72D4456A4CC02A3DE7C673FC4E23,13721135,https://www.kugou.com/yy/rank/home/16-8888.html?from=rank
2026-08-12,2026-08-12T10:48:12+08:00,酷狗音乐,热歌榜,酷狗TOP500,2026-08-12,343,人间的剧本,老韩很哇塞,,3:18,F80698DAC679080F9E38F3DBB07BD17A,195240853,https://www.kugou.com/yy/rank/home/16-8888.html?from=rank
2026-08-12,2026-08-12T10:48:12+08:00,酷狗音乐,热歌榜,酷狗TOP500,2026-08-12,344,红豆,王菲,,4:16,AEF916A18BAAE9C8E7807179C8DA64D1,960812,https://www.kugou.com/yy/rank/home/16-8888.html?from=rank
2026-08-12,2026-08-12T10:48:12+08:00,酷狗音乐,热歌榜,酷狗TOP500,2026-08-12,345,左转灯 (1000 Times +1),派伟俊、mac ova seas,,3:17,E51ABAF534E7D2BA42DB5604421D4838,164658305,https://www.kugou.com/yy/rank/home/16-8888.html?from=rank
2026-08-12,2026-08-12T10:48:12+08:00,酷狗音乐,热歌榜,酷狗TOP500,2026-08-12,346,最爱,周慧敏,,4:25,DBC221919A9686F684F90E1920179363,568311,https://www.kugou.com/yy/rank/home/16-8888.html?from=rank
2026-08-12,2026-08-12T10:48:12+08:00,酷狗音乐,热歌榜,酷狗TOP500,2026-08-12,347,不负众望,陈婉菁,,3:55,B54BD54DD6B27B311A9F7E2CF9505D3E,62005607,https://www.kugou.com/yy/rank/home/16-8888.html?from=rank
2026-08-12,2026-08-12T10:48:12+08:00,酷狗音乐,热歌榜,酷狗TOP500,2026-08-12,348,陷阱,王北车,,4:41,2FA2217B2F80DFE16F0421E1EF42AEB3,8747471,https://www.kugou.com/yy/rank/home/16-8888.html?from=rank
2026-08-12,2026-08-12T10:48:12+08:00,酷狗音乐,热歌榜,酷狗TOP500,2026-08-12,349,可能,程响,,3:37,38B234C1135A5E9A4C98D55C058A4894,57727291,https://www.kugou.com/yy/rank/home/16-8888.html?from=rank
2026-08-12,2026-08-12T10:48:12+08:00,酷狗音乐,热歌榜,酷狗TOP500,2026-08-12,350,爱我还是他,陶喆,,4:53,004A93C3A157D825B92A91EEB17DA36A,7547427,https://www.kugou.com/yy/rank/home/16-8888.html?from=rank
2026-08-12,2026-08-12T10:48:12+08:00,酷狗音乐,热歌榜,酷狗TOP500,2026-08-12,351,问尘念,达珍拉姆,,3:22,9BB92965FEC5D0D30FF4FBED1B6FE005,201998774,https://www.kugou.com/yy/rank/home/16-8888.html?from=rank
2026-08-12,2026-08-12T10:48:12+08:00,酷狗音乐,热歌榜,酷狗TOP500,2026-08-12,352,离别开出花 (弹唱版),就是南方凯,,2:52,67911051D7E5B9B3343847D73BF883F5,81781305,https://www.kugou.com/yy/rank/home/16-8888.html?from=rank
2026-08-12,2026-08-12T10:48:12+08:00,酷狗音乐,热歌榜,酷狗TOP500,2026-08-12,353,不分手的恋爱,汪苏泷,,3:26,543A6E13C527E52886E51BBF14191C8F,37376237,https://www.kugou.com/yy/rank/home/17-8888.html?from=rank
2026-08-12,2026-08-12T10:48:12+08:00,酷狗音乐,热歌榜,酷狗TOP500,2026-08-12,354,只若初见,张德伊玲,,3:24,0AC57BC59B96F7BF216744F93617FC8B,58285492,https://www.kugou.com/yy/rank/home/17-8888.html?from=rank
2026-08-12,2026-08-12T10:48:12+08:00,酷狗音乐,热歌榜,酷狗TOP500,2026-08-12,355,我曾像傻子一样爱你,老板,,4:03,85F18C8A9470C0BE7BD1D679ACFC6E21,171863030,https://www.kugou.com/yy/rank/home/17-8888.html?from=rank
2026-08-12,2026-08-12T10:48:12+08:00,酷狗音乐,热歌榜,酷狗TOP500,2026-08-12,356,你有没有真的爱过我 (对唱版),阿图表妹、寂寞阿图,,4:03,3C425FC4496E67468562CA377D7F2B23,190170015,https://www.kugou.com/yy/rank/home/17-8888.html?from=rank
2026-08-12,2026-08-12T10:48:12+08:00,酷狗音乐,热歌榜,酷狗TOP500,2026-08-12,357,爱旧爱 (怪我曾爱你爱的太深),恩几,,2:48,E8973BC4EF96021352693BBD9E34D9E2,200504903,https://www.kugou.com/yy/rank/home/17-8888.html?from=rank
2026-08-12,2026-08-12T10:48:12+08:00,酷狗音乐,热歌榜,酷狗TOP500,2026-08-12,358,不如见一面,海来阿木,,4:08,A8CC7F0EA73DE4DE226B26C3F44DD563,80038154,https://www.kugou.com/yy/rank/home/17-8888.html?from=rank
2026-08-12,2026-08-12T10:48:12+08:00,酷狗音乐,热歌榜,酷狗TOP500,2026-08-12,359,喜欢,阿肆,,4:10,F4233033E11BEF5AECD3BD64528A8236,14167090,https://www.kugou.com/yy/rank/home/17-8888.html?from=rank
2026-08-12,2026-08-12T10:48:12+08:00,酷狗音乐,热歌榜,酷狗TOP500,2026-08-12,360,句号,G.E.M. 邓紫棋,,3:56,0EC0DFE7A4090B3C5C2C1831D7F3ED51,35503028,https://www.kugou.com/yy/rank/home/17-8888.html?from=rank
2026-08-12,2026-08-12T10:48:12+08:00,酷狗音乐,热歌榜,酷狗TOP500,2026-08-12,361,忘记时间,胡歌,,4:32,BB2759C850804CB32A55480D85D21080,493001,https://www.kugou.com/yy/rank/home/17-8888.html?from=rank
2026-08-12,2026-08-12T10:48:12+08:00,酷狗音乐,热歌榜,酷狗TOP500,2026-08-12,362,琵琶行,奇然、沈谧仁,,5:35,0AB355EF75A56A57E1790734B2E26ED9,2563381,https://www.kugou.com/yy/rank/home/17-8888.html?from=rank
2026-08-12,2026-08-12T10:48:12+08:00,酷狗音乐,热歌榜,酷狗TOP500,2026-08-12,363,天地龙鳞,王力宏,,3:17,DD83DC4A30C3A05D60FFCE6944FB441C,50749156,https://www.kugou.com/yy/rank/home/17-8888.html?from=rank
2026-08-12,2026-08-12T10:48:12+08:00,酷狗音乐,热歌榜,酷狗TOP500,2026-08-12,364,NIGHT DANCER (夜中舞者),imase,,3:31,572C3807BF90891332ED77A72DB74272,59918395,https://www.kugou.com/yy/rank/home/17-8888.html?from=rank
2026-08-12,2026-08-12T10:48:12+08:00,酷狗音乐,热歌榜,酷狗TOP500,2026-08-12,365,那些你很冒险的梦,林俊杰,,4:05,468A823BD25A585841F4BC5ED3EF945B,977237,https://www.kugou.com/yy/rank/home/17-8888.html?from=rank
2026-08-12,2026-08-12T10:48:12+08:00,酷狗音乐,热歌榜,酷狗TOP500,2026-08-12,366,想你的夜,关喆,,4:25,1404A292A6E122C99696BDFF04CE982F,963737,https://www.kugou.com/yy/rank/home/17-8888.html?from=rank
2026-08-12,2026-08-12T10:48:12+08:00,酷狗音乐,热歌榜,酷狗TOP500,2026-08-12,367,一个人想着一个人,曾沛慈,,4:04,C9148675D85D3C2B306E966000BC5ABD,542900,https://www.kugou.com/yy/rank/home/17-8888.html?from=rank
2026-08-12,2026-08-12T10:48:12+08:00,酷狗音乐,热歌榜,酷狗TOP500,2026-08-12,368,倒带,蔡依林,,4:26,446507D2332BC3F263596363A97C6E95,976925,https://www.kugou.com/yy/rank/home/17-8888.html?from=rank
2026-08-12,2026-08-12T10:48:12+08:00,酷狗音乐,热歌榜,酷狗TOP500,2026-08-12,369,Attention,Charlie Puth,,3:32,168410180AC07D8EB7B708E997867631,2035461,https://www.kugou.com/yy/rank/home/17-8888.html?from=rank
2026-08-12,2026-08-12T10:48:12+08:00,酷狗音乐,热歌榜,酷狗TOP500,2026-08-12,370,初恋情人,刘小慧,,4:40,24BD04781E52FE8E7FAB2A6452D85320,532546,https://www.kugou.com/yy/rank/home/17-8888.html?from=rank
2026-08-12,2026-08-12T10:48:12+08:00,酷狗音乐,热歌榜,酷狗TOP500,2026-08-12,371,再见,张震岳,,3:04,13B04C6FA7B92D747534CD88718CADAC,969234,https://www.kugou.com/yy/rank/home/17-8888.html?from=rank
2026-08-12,2026-08-12T10:48:12+08:00,酷狗音乐,热歌榜,酷狗TOP500,2026-08-12,372,time machine (feat. aren park)(Original Mix),mj apanay、aren park,,3:46,6FC23D8694067908061BB145B6DFCB87,100264848,https://www.kugou.com/yy/rank/home/17-8888.html?from=rank
2026-08-12,2026-08-12T10:48:12+08:00,酷狗音乐,热歌榜,酷狗TOP500,2026-08-12,373,爱，请问怎么走,A-Lin,,4:28,D67CB2EA6082D5AB871509EC06B48370,964045,https://www.kugou.com/yy/rank/home/17-8888.html?from=rank
2026-08-12,2026-08-12T10:48:12+08:00,酷狗音乐,热歌榜,酷狗TOP500,2026-08-12,374,我太笨,锤娜丽莎,,4:25,A5D4F40382C0DF1A95A48A617793F03E,46432417,https://www.kugou.com/yy/rank/home/17-8888.html?from=rank
2026-08-12,2026-08-12T10:48:12+08:00,酷狗音乐,热歌榜,酷狗TOP500,2026-08-12,375,暖一杯茶,邵帅,,4:03,26A9B8C6480C22BC4342F22CB897E760,23061596,https://www.kugou.com/yy/rank/home/18-8888.html?from=rank
2026-08-12,2026-08-12T10:48:12+08:00,酷狗音乐,热歌榜,酷狗TOP500,2026-08-12,376,倒数,G.E.M. 邓紫棋,,3:49,65945C4D6FB03D7997AE133C9BE5715D,9373625,https://www.kugou.com/yy/rank/home/18-8888.html?from=rank
2026-08-12,2026-08-12T10:48:12+08:00,酷狗音乐,热歌榜,酷狗TOP500,2026-08-12,377,匿名的好友,杨丞琳,,4:23,F9CE6B13B4C90B01B3C129FF11B11C87,2694607,https://www.kugou.com/yy/rank/home/18-8888.html?from=rank
2026-08-12,2026-08-12T10:48:12+08:00,酷狗音乐,热歌榜,酷狗TOP500,2026-08-12,378,选择失忆,季彦霖,,4:39,6ED5E6DAA2F1A97A2EA5B1113F469BA7,8441500,https://www.kugou.com/yy/rank/home/18-8888.html?from=rank
2026-08-12,2026-08-12T10:48:12+08:00,酷狗音乐,热歌榜,酷狗TOP500,2026-08-12,379,单身情歌,林志炫,,4:35,ACD27A452FE3D0348D38540762DA7BEB,971171,https://www.kugou.com/yy/rank/home/18-8888.html?from=rank
2026-08-12,2026-08-12T10:48:12+08:00,酷狗音乐,热歌榜,酷狗TOP500,2026-08-12,380,来我的岛,刘宇宁,,3:43,424EAB2C807878334DF890BBE262EE74,201648884,https://www.kugou.com/yy/rank/home/18-8888.html?from=rank
2026-08-12,2026-08-12T10:48:12+08:00,酷狗音乐,热歌榜,酷狗TOP500,2026-08-12,381,西乌旗99号公路,LunaLiu刘不语、张川海,,3:29,F65BB0D87F5543387A50AEEBF55A1E8A,185310075,https://www.kugou.com/yy/rank/home/18-8888.html?from=rank
2026-08-12,2026-08-12T10:48:12+08:00,酷狗音乐,热歌榜,酷狗TOP500,2026-08-12,382,好久不见,陈奕迅,,4:11,8E1DDAF172D9C60A28C19358B07BFBF8,962514,https://www.kugou.com/yy/rank/home/18-8888.html?from=rank
2026-08-12,2026-08-12T10:48:12+08:00,酷狗音乐,热歌榜,酷狗TOP500,2026-08-12,383,容易受伤的女人,王菲,,4:21,C4BDD79D611789B65B368283D4DDAB0F,980244,https://www.kugou.com/yy/rank/home/18-8888.html?from=rank
2026-08-12,2026-08-12T10:48:12+08:00,酷狗音乐,热歌榜,酷狗TOP500,2026-08-12,384,玩笑当了真,张启靓,,3:50,3F295A43C38510C2C0DEA81B91BD9012,165516308,https://www.kugou.com/yy/rank/home/18-8888.html?from=rank
2026-08-12,2026-08-12T10:48:12+08:00,酷狗音乐,热歌榜,酷狗TOP500,2026-08-12,385,当爱在靠近,刘若英,,4:11,D988B9B4B769D979279D4AC9E84907F1,978209,https://www.kugou.com/yy/rank/home/18-8888.html?from=rank
2026-08-12,2026-08-12T10:48:12+08:00,酷狗音乐,热歌榜,酷狗TOP500,2026-08-12,386,明天，你好,牛奶咖啡,,4:32,A9527F71F7149F13E1F78B23C25DD30B,967562,https://www.kugou.com/yy/rank/home/18-8888.html?from=rank
2026-08-12,2026-08-12T10:48:12+08:00,酷狗音乐,热歌榜,酷狗TOP500,2026-08-12,387,我把思念说给风 (深情版),戎大姨,,3:50,115F231655C99354BDDE58EF8C427EEA,201073655,https://www.kugou.com/yy/rank/home/18-8888.html?from=rank
2026-08-12,2026-08-12T10:48:12+08:00,酷狗音乐,热歌榜,酷狗TOP500,2026-08-12,388,祝福祖国,顿株拉姆,,3:20,4278C1D6B994A3C6313E08270B924D78,200182409,https://www.kugou.com/yy/rank/home/18-8888.html?from=rank
2026-08-12,2026-08-12T10:48:12+08:00,酷狗音乐,热歌榜,酷狗TOP500,2026-08-12,389,光年之外 (G.E.M.重生版),G.E.M. 邓紫棋,,3:55,B0EB2A1CC6832B3596E0D71E3CAFCD5F,150256944,https://www.kugou.com/yy/rank/home/18-8888.html?from=rank
2026-08-12,2026-08-12T10:48:12+08:00,酷狗音乐,热歌榜,酷狗TOP500,2026-08-12,390,Because of You,Kelly Clarkson,,3:39,FED9A7BE6BC7D2FF3B8426ECEF34A2B6,1592158,https://www.kugou.com/yy/rank/home/18-8888.html?from=rank
2026-08-12,2026-08-12T10:48:12+08:00,酷狗音乐,热歌榜,酷狗TOP500,2026-08-12,391,秋天不回来,王强,,4:11,11EA50AA115FA8C4D521B7488C7EB234,2508912,https://www.kugou.com/yy/rank/home/18-8888.html?from=rank
2026-08-12,2026-08-12T10:48:12+08:00,酷狗音乐,热歌榜,酷狗TOP500,2026-08-12,392,爱江山更爱美人,小阿枫,,3:57,0D520519BDFE1CE0071AF809BE4C9906,27763428,https://www.kugou.com/yy/rank/home/18-8888.html?from=rank
2026-08-12,2026-08-12T10:48:12+08:00,酷狗音乐,热歌榜,酷狗TOP500,2026-08-12,393,那些年,胡夏,,6:11,95A46E232F3F0CFFDA7811B7D9C8E6C4,542864,https://www.kugou.com/yy/rank/home/18-8888.html?from=rank
2026-08-12,2026-08-12T10:48:12+08:00,酷狗音乐,热歌榜,酷狗TOP500,2026-08-12,394,反方向的钟,周杰伦,,4:18,A6049AAB184A305CAA906C6BBB8E8233,978031,https://www.kugou.com/yy/rank/home/18-8888.html?from=rank
2026-08-12,2026-08-12T10:48:12+08:00,酷狗音乐,热歌榜,酷狗TOP500,2026-08-12,395,麦恩莉,方大同,,4:48,3A08C7B067EC2E9B552AB8664490FCEB,971920,https://www.kugou.com/yy/rank/home/18-8888.html?from=rank
2026-08-12,2026-08-12T10:48:12+08:00,酷狗音乐,热歌榜,酷狗TOP500,2026-08-12,396,Pop Off Pop Off,KiiiKiii,,2:21,2455FF464D8523E824D5AF3C9A78C9EE,202626919,https://www.kugou.com/yy/rank/home/18-8888.html?from=rank
2026-08-12,2026-08-12T10:48:12+08:00,酷狗音乐,热歌榜,酷狗TOP500,2026-08-12,397,求求你别再说爱我,杨不乖,,3:30,B847847C32E0A77E3AF6833B765EE836,200754416,https://www.kugou.com/yy/rank/home/19-8888.html?from=rank
2026-08-12,2026-08-12T10:48:12+08:00,酷狗音乐,热歌榜,酷狗TOP500,2026-08-12,398,你要的全拿走,胡彦斌,,4:59,489E4872BD06E51C969AE81748E78A10,8317330,https://www.kugou.com/yy/rank/home/19-8888.html?from=rank
2026-08-12,2026-08-12T10:48:12+08:00,酷狗音乐,热歌榜,酷狗TOP500,2026-08-12,399,只为你着迷,李秉成,,4:01,C2F47FB042D8FE6A2B5265DFCF8919A5,11795396,https://www.kugou.com/yy/rank/home/19-8888.html?from=rank
2026-08-12,2026-08-12T10:48:12+08:00,酷狗音乐,热歌榜,酷狗TOP500,2026-08-12,400,小美满,周深,,3:34,04A21DB1AB3C8E0D1D8F51F11BDB03A1,83112420,https://www.kugou.com/yy/rank/home/19-8888.html?from=rank
2026-08-12,2026-08-12T10:48:12+08:00,酷狗音乐,热歌榜,酷狗TOP500,2026-08-12,401,半岛铁盒,周杰伦,,5:19,67BA8A4A0681F2078BC423CB13B904B7,961807,https://www.kugou.com/yy/rank/home/19-8888.html?from=rank
2026-08-12,2026-08-12T10:48:12+08:00,酷狗音乐,热歌榜,酷狗TOP500,2026-08-12,402,手写的从前,周杰伦,,4:58,C1992BBF6FB5BB2BB86DECF657509FD3,962593,https://www.kugou.com/yy/rank/home/19-8888.html?from=rank
2026-08-12,2026-08-12T10:48:12+08:00,酷狗音乐,热歌榜,酷狗TOP500,2026-08-12,403,寂寞沙洲冷,周传雄,,4:35,36A4F5EAA748324A5D509D8EDC47699F,984377,https://www.kugou.com/yy/rank/home/19-8888.html?from=rank
2026-08-12,2026-08-12T10:48:12+08:00,酷狗音乐,热歌榜,酷狗TOP500,2026-08-12,404,命运,家家,,3:51,B149A3BFD19481F91B9A652AA8EA21C1,959745,https://www.kugou.com/yy/rank/home/19-8888.html?from=rank
2026-08-12,2026-08-12T10:48:12+08:00,酷狗音乐,热歌榜,酷狗TOP500,2026-08-12,405,总有一天你会出现在我身边,棱镜乐队,,4:30,8E6A42453EF5B06A87772F8FF4AD5188,10808308,https://www.kugou.com/yy/rank/home/19-8888.html?from=rank
2026-08-12,2026-08-12T10:48:12+08:00,酷狗音乐,热歌榜,酷狗TOP500,2026-08-12,406,一生中最爱,谭咏麟,,4:19,360AD5530A95B8983E2AB369607A7D1B,960008,https://www.kugou.com/yy/rank/home/19-8888.html?from=rank
2026-08-12,2026-08-12T10:48:12+08:00,酷狗音乐,热歌榜,酷狗TOP500,2026-08-12,407,西楼儿女,海来阿木,,4:18,84DA47460010F3D91E203F777233DAA4,62931439,https://www.kugou.com/yy/rank/home/19-8888.html?from=rank
2026-08-12,2026-08-12T10:48:12+08:00,酷狗音乐,热歌榜,酷狗TOP500,2026-08-12,408,还爱着你,文夫,,3:52,A61924D891C970A28150FDF9E5E56C53,171019019,https://www.kugou.com/yy/rank/home/19-8888.html?from=rank
2026-08-12,2026-08-12T10:48:12+08:00,酷狗音乐,热歌榜,酷狗TOP500,2026-08-12,409,静音恋人 (两颗缠绕的心),礼越,,3:26,61F7ABEFA41C847C8F237C68883027CA,183361126,https://www.kugou.com/yy/rank/home/19-8888.html?from=rank
2026-08-12,2026-08-12T10:48:12+08:00,酷狗音乐,热歌榜,酷狗TOP500,2026-08-12,410,我落泪情绪零碎,周杰伦,,4:18,27943EB1CBD46F7BB165B054CE6EBDC8,958812,https://www.kugou.com/yy/rank/home/19-8888.html?from=rank
2026-08-12,2026-08-12T10:48:12+08:00,酷狗音乐,热歌榜,酷狗TOP500,2026-08-12,411,孤雏,AGA,,4:53,8BB44BFFC9A9CFC06706D37DA52B617B,1821989,https://www.kugou.com/yy/rank/home/19-8888.html?from=rank
2026-08-12,2026-08-12T10:48:12+08:00,酷狗音乐,热歌榜,酷狗TOP500,2026-08-12,412,我不配,周杰伦,,4:49,00CBE76AE7676D5D2A3D832D202C8FFD,979856,https://www.kugou.com/yy/rank/home/19-8888.html?from=rank
2026-08-12,2026-08-12T10:48:12+08:00,酷狗音乐,热歌榜,酷狗TOP500,2026-08-12,413,冷雨夜,BEYOND,,4:19,34721C6BD44CB5F92BF3E4150AE3B5F1,976137,https://www.kugou.com/yy/rank/home/19-8888.html?from=rank
2026-08-12,2026-08-12T10:48:12+08:00,酷狗音乐,热歌榜,酷狗TOP500,2026-08-12,414,离人赋,云汐,,3:57,321EC3B1BB1D8F1D2EFB7A40AC911CA4,64168081,https://www.kugou.com/yy/rank/home/19-8888.html?from=rank
2026-08-12,2026-08-12T10:48:12+08:00,酷狗音乐,热歌榜,酷狗TOP500,2026-08-12,415,晚风心里吹,阿梨粤,,3:07,DFFB8F6768AC5044881BB6DD11BDED53,55808898,https://www.kugou.com/yy/rank/home/19-8888.html?from=rank
2026-08-12,2026-08-12T10:48:12+08:00,酷狗音乐,热歌榜,酷狗TOP500,2026-08-12,416,边错边爱 (tell me why)(氛围版),VEHSJ,,3:24,6C38270C3DC32AA5884AA05830E4279A,197844384,https://www.kugou.com/yy/rank/home/19-8888.html?from=rank
2026-08-12,2026-08-12T10:48:12+08:00,酷狗音乐,热歌榜,酷狗TOP500,2026-08-12,417,别说你还深深爱着我,婉婷、杨烬,,3:45,0938FF862C986F6A93B4A7657CAA1125,195023851,https://www.kugou.com/yy/rank/home/19-8888.html?from=rank
2026-08-12,2026-08-12T10:48:12+08:00,酷狗音乐,热歌榜,酷狗TOP500,2026-08-12,418,天若有情,A-Lin,,4:17,2E6CE4E79982AE2119A69C1D30537EA2,1805426,https://www.kugou.com/yy/rank/home/19-8888.html?from=rank
2026-08-12,2026-08-12T10:48:12+08:00,酷狗音乐,热歌榜,酷狗TOP500,2026-08-12,419,秋殇别恋 (男女撕裂对唱),梨子芥菜、戚悦,,4:19,CA8495DA3927226C0A3FBBD6B95B8315,190178204,https://www.kugou.com/yy/rank/home/20-8888.html?from=rank
2026-08-12,2026-08-12T10:48:12+08:00,酷狗音乐,热歌榜,酷狗TOP500,2026-08-12,420,一程山路,毛不易,,3:36,F4B3D7DFFA85DAE7737243598153A168,34631159,https://www.kugou.com/yy/rank/home/20-8888.html?from=rank
2026-08-12,2026-08-12T10:48:12+08:00,酷狗音乐,热歌榜,酷狗TOP500,2026-08-12,421,雀跃,任然、小来,,3:56,F928CB7A772F8A6214EEAEB21FA310D8,2820318,https://www.kugou.com/yy/rank/home/20-8888.html?from=rank
2026-08-12,2026-08-12T10:48:12+08:00,酷狗音乐,热歌榜,酷狗TOP500,2026-08-12,422,病态的爱 (忘不掉你带给我的吻),哈利白特、Zkaaai,,3:21,AA92A86A3BEF25416ADD03573FBBDEEE,133804191,https://www.kugou.com/yy/rank/home/20-8888.html?from=rank
2026-08-12,2026-08-12T10:48:12+08:00,酷狗音乐,热歌榜,酷狗TOP500,2026-08-12,423,他不懂,张杰,,3:52,BA40D69184A05D7BCD335028C5C613BE,38606351,https://www.kugou.com/yy/rank/home/20-8888.html?from=rank
2026-08-12,2026-08-12T10:48:12+08:00,酷狗音乐,热歌榜,酷狗TOP500,2026-08-12,424,如果爱忘了 (Live),汪苏泷、单依纯,,4:05,50F260DC0A2E7203A1AB89E1937F3927,83718089,https://www.kugou.com/yy/rank/home/20-8888.html?from=rank
2026-08-12,2026-08-12T10:48:12+08:00,酷狗音乐,热歌榜,酷狗TOP500,2026-08-12,425,就当你是个过客 (微醺版),弦外之音,,3:51,25F7DA5CB330B2D9E0D539947432C465,202310879,https://www.kugou.com/yy/rank/home/20-8888.html?from=rank
2026-08-12,2026-08-12T10:48:12+08:00,酷狗音乐,热歌榜,酷狗TOP500,2026-08-12,426,春泥,余超颖,,4:01,24E58A122DCBE890FBC87A275244BF22,55863407,https://www.kugou.com/yy/rank/home/20-8888.html?from=rank
2026-08-12,2026-08-12T10:48:12+08:00,酷狗音乐,热歌榜,酷狗TOP500,2026-08-12,427,交个朋友 (Live),弹壳,,3:25,A2329577AF3BACEA0109572C2B2005C1,202719021,https://www.kugou.com/yy/rank/home/20-8888.html?from=rank
2026-08-12,2026-08-12T10:48:12+08:00,酷狗音乐,热歌榜,酷狗TOP500,2026-08-12,428,Let Go,Beau Young Prince,,2:58,49CD76E4C50D7239BE158337F7C00D21,13747702,https://www.kugou.com/yy/rank/home/20-8888.html?from=rank
2026-08-12,2026-08-12T10:48:12+08:00,酷狗音乐,热歌榜,酷狗TOP500,2026-08-12,429,Fast Cars & Superstars,Cristian Marchi、Reverend Haus,,2:52,9EA177A8A77A9E31B164F6BDA20D4776,81561846,https://www.kugou.com/yy/rank/home/20-8888.html?from=rank
2026-08-12,2026-08-12T10:48:12+08:00,酷狗音乐,热歌榜,酷狗TOP500,2026-08-12,430,悬溺,葛东琪,,3:17,666484E904A54B1E62C9FBFDBE6E2563,23773597,https://www.kugou.com/yy/rank/home/20-8888.html?from=rank
2026-08-12,2026-08-12T10:48:12+08:00,酷狗音乐,热歌榜,酷狗TOP500,2026-08-12,431,月亮照山川,窝窝,,3:18,B96C803232E044E3D6308EAE37ADDE1D,142338715,https://www.kugou.com/yy/rank/home/20-8888.html?from=rank
2026-08-12,2026-08-12T10:48:12+08:00,酷狗音乐,热歌榜,酷狗TOP500,2026-08-12,432,The Cure,Lady Gaga,,3:31,3EF072E796A8CF441C83BC751BCB5C38,1994338,https://www.kugou.com/yy/rank/home/20-8888.html?from=rank
2026-08-12,2026-08-12T10:48:12+08:00,酷狗音乐,热歌榜,酷狗TOP500,2026-08-12,433,你的爱情像剪刀 (男女对唱版),马耀火、金禾安,,3:00,9740F3C43FBA6654E509C8534614C71F,201311484,https://www.kugou.com/yy/rank/home/20-8888.html?from=rank
2026-08-12,2026-08-12T10:48:12+08:00,酷狗音乐,热歌榜,酷狗TOP500,2026-08-12,434,下雨天,南拳妈妈,,4:13,947127F991A6A4FF77C89779E6B25AF4,983794,https://www.kugou.com/yy/rank/home/20-8888.html?from=rank
2026-08-12,2026-08-12T10:48:12+08:00,酷狗音乐,热歌榜,酷狗TOP500,2026-08-12,435,有点甜,汪苏泷、BY2,,3:55,99CFDC717FEB7DABCD8A6392D821FC08,516425,https://www.kugou.com/yy/rank/home/20-8888.html?from=rank
2026-08-12,2026-08-12T10:48:12+08:00,酷狗音乐,热歌榜,酷狗TOP500,2026-08-12,436,三国恋,Tank,,4:06,1325E661C6044048943A8D7D417ED280,966742,https://www.kugou.com/yy/rank/home/20-8888.html?from=rank
2026-08-12,2026-08-12T10:48:12+08:00,酷狗音乐,热歌榜,酷狗TOP500,2026-08-12,437,爱在西元前,周杰伦,,3:54,66B756FB1331807B032EF97F7BA9948E,958706,https://www.kugou.com/yy/rank/home/20-8888.html?from=rank
2026-08-12,2026-08-12T10:48:12+08:00,酷狗音乐,热歌榜,酷狗TOP500,2026-08-12,438,美丽的神话,孙楠、韩红,,4:52,877281C8E094A848F022BCAAA76945CB,964166,https://www.kugou.com/yy/rank/home/20-8888.html?from=rank
2026-08-12,2026-08-12T10:48:12+08:00,酷狗音乐,热歌榜,酷狗TOP500,2026-08-12,439,挂机 (厌倦了吵架厌倦了迷人的谎话),Lefty,,3:15,3F3B56378E28528EF5A3C3000614D1D7,164678393,https://www.kugou.com/yy/rank/home/20-8888.html?from=rank
2026-08-12,2026-08-12T10:48:12+08:00,酷狗音乐,热歌榜,酷狗TOP500,2026-08-12,440,若今生无缘 (若今生已无缘),万海东,,3:40,E74F4CC22263126EDD4A721AD0D0D0A8,195038536,https://www.kugou.com/yy/rank/home/20-8888.html?from=rank
2026-08-12,2026-08-12T10:48:12+08:00,酷狗音乐,热歌榜,酷狗TOP500,2026-08-12,441,天下,张杰,,3:42,17B11C65674378CA43995537331E1D9C,38606351,https://www.kugou.com/yy/rank/home/21-8888.html?from=rank
2026-08-12,2026-08-12T10:48:12+08:00,酷狗音乐,热歌榜,酷狗TOP500,2026-08-12,442,你到底爱谁,刘嘉亮,,4:17,FC2FBAE20F74C10E3326E2F5DC823678,2512786,https://www.kugou.com/yy/rank/home/21-8888.html?from=rank
2026-08-12,2026-08-12T10:48:12+08:00,酷狗音乐,热歌榜,酷狗TOP500,2026-08-12,443,怎么说我不爱你,萧敬腾,,4:35,30A31A94C77268C92886E00D912AC03B,958893,https://www.kugou.com/yy/rank/home/21-8888.html?from=rank
2026-08-12,2026-08-12T10:48:12+08:00,酷狗音乐,热歌榜,酷狗TOP500,2026-08-12,444,读心术,卓文萱,,4:20,3F98A771F8F33556966A9990F66D95C4,965920,https://www.kugou.com/yy/rank/home/21-8888.html?from=rank
2026-08-12,2026-08-12T10:48:12+08:00,酷狗音乐,热歌榜,酷狗TOP500,2026-08-12,445,大眠,王心凌,,4:00,A7FABF26BF07963E8BFB7705DBB503FC,13487578,https://www.kugou.com/yy/rank/home/21-8888.html?from=rank
2026-08-12,2026-08-12T10:48:12+08:00,酷狗音乐,热歌榜,酷狗TOP500,2026-08-12,446,胡广生,任素汐,,3:34,8C655F575EBB2414B53EFF0D2C13188D,12506106,https://www.kugou.com/yy/rank/home/21-8888.html?from=rank
2026-08-12,2026-08-12T10:48:12+08:00,酷狗音乐,热歌榜,酷狗TOP500,2026-08-12,447,如果这就是爱情,张靓颖,,4:43,4E871DF1E2034CF6BAAD7B03D2386058,2597425,https://www.kugou.com/yy/rank/home/21-8888.html?from=rank
2026-08-12,2026-08-12T10:48:12+08:00,酷狗音乐,热歌榜,酷狗TOP500,2026-08-12,448,从前说,小阿七,,4:12,56851B29C26109489361B0021A4FDD9E,51858164,https://www.kugou.com/yy/rank/home/21-8888.html?from=rank
2026-08-12,2026-08-12T10:48:12+08:00,酷狗音乐,热歌榜,酷狗TOP500,2026-08-12,449,莫问归期,蒋雪儿Snow.J,,3:39,F0E418FB19E8D295D0F78E50AE3B7E30,27453193,https://www.kugou.com/yy/rank/home/21-8888.html?from=rank
2026-08-12,2026-08-12T10:48:12+08:00,酷狗音乐,热歌榜,酷狗TOP500,2026-08-12,450,嘉宾,张远,,5:34,96D0DEFE09DFE43C57EE9AC3B1EA408E,39699796,https://www.kugou.com/yy/rank/home/21-8888.html?from=rank
2026-08-12,2026-08-12T10:48:12+08:00,酷狗音乐,热歌榜,酷狗TOP500,2026-08-12,451,也许在下雨天 (雨季对唱版),汲麟、杜一、马莲,,3:53,E286988CFA59FAB2C85824A541D3EF57,201318138,https://www.kugou.com/yy/rank/home/21-8888.html?from=rank
2026-08-12,2026-08-12T10:48:12+08:00,酷狗音乐,热歌榜,酷狗TOP500,2026-08-12,452,爱你没差,周杰伦,,4:41,66F31869BBAA767A929F35EEE1CCC5C9,982051,https://www.kugou.com/yy/rank/home/21-8888.html?from=rank
2026-08-12,2026-08-12T10:48:12+08:00,酷狗音乐,热歌榜,酷狗TOP500,2026-08-12,453,修炼爱情,林俊杰,,4:47,8748C12719DCA9F588B1118AC05F6BF8,972188,https://www.kugou.com/yy/rank/home/21-8888.html?from=rank
2026-08-12,2026-08-12T10:48:12+08:00,酷狗音乐,热歌榜,酷狗TOP500,2026-08-12,454,玫瑰花的葬礼,许嵩,,4:21,0A335E9374392B72E5965D8F6165E564,1968878,https://www.kugou.com/yy/rank/home/21-8888.html?from=rank
2026-08-12,2026-08-12T10:48:12+08:00,酷狗音乐,热歌榜,酷狗TOP500,2026-08-12,455,好人好梦 (雷鬼版),雷鬼白兰的,,3:54,9E76F7AAA7D90F00210E1FD871F6EAB4,195530127,https://www.kugou.com/yy/rank/home/21-8888.html?from=rank
2026-08-12,2026-08-12T10:48:12+08:00,酷狗音乐,热歌榜,酷狗TOP500,2026-08-12,456,听说你,于冬然,,3:59,D74845DF9E5EB016BFC5FC86F639CA49,58983593,https://www.kugou.com/yy/rank/home/21-8888.html?from=rank
2026-08-12,2026-08-12T10:48:12+08:00,酷狗音乐,热歌榜,酷狗TOP500,2026-08-12,457,意外,薛之谦,,4:52,04E0EDE41EA3CCFF76C04F414E1D03A7,960327,https://www.kugou.com/yy/rank/home/21-8888.html?from=rank
2026-08-12,2026-08-12T10:48:12+08:00,酷狗音乐,热歌榜,酷狗TOP500,2026-08-12,458,天亮以前说再见,何野,,4:00,18E9FC6CF97258B75D090188EDBAE95B,11792318,https://www.kugou.com/yy/rank/home/21-8888.html?from=rank
2026-08-12,2026-08-12T10:48:12+08:00,酷狗音乐,热歌榜,酷狗TOP500,2026-08-12,459,月满西楼约,如梦,,3:53,9D46CB34459F26B7D109F52BF0A68472,182028898,https://www.kugou.com/yy/rank/home/21-8888.html?from=rank
2026-08-12,2026-08-12T10:48:12+08:00,酷狗音乐,热歌榜,酷狗TOP500,2026-08-12,460,锈,江辰,,3:42,999A93FD5D7B34A72831CE5CCCC3D0EE,130013955,https://www.kugou.com/yy/rank/home/21-8888.html?from=rank
2026-08-12,2026-08-12T10:48:12+08:00,酷狗音乐,热歌榜,酷狗TOP500,2026-08-12,461,天亮以前说再见 (雪花多舍不得冬天),四熹丸子,,3:53,36255921966B48B35A6E31D843C1CDD4,133064388,https://www.kugou.com/yy/rank/home/21-8888.html?from=rank
2026-08-12,2026-08-12T10:48:12+08:00,酷狗音乐,热歌榜,酷狗TOP500,2026-08-12,462,像鱼,王贰浪,,4:45,6215C5A85B30E53C2E4C20C4DED38D72,13621986,https://www.kugou.com/yy/rank/home/21-8888.html?from=rank
2026-08-12,2026-08-12T10:48:12+08:00,酷狗音乐,热歌榜,酷狗TOP500,2026-08-12,463,指纹,杜宣达,,4:00,EAF4CB91DA618DBEDC751F54B3B3620D,50057639,https://www.kugou.com/yy/rank/home/22-8888.html?from=rank
2026-08-12,2026-08-12T10:48:12+08:00,酷狗音乐,热歌榜,酷狗TOP500,2026-08-12,464,就是爱你,陶喆,,4:24,43485D7A650AFF532E5ECF24D7FB6381,7547427,https://www.kugou.com/yy/rank/home/22-8888.html?from=rank
2026-08-12,2026-08-12T10:48:12+08:00,酷狗音乐,热歌榜,酷狗TOP500,2026-08-12,465,我想念,汪苏泷,,3:45,A6545AABFE93C5495BA8ADB2A555B84F,76163380,https://www.kugou.com/yy/rank/home/22-8888.html?from=rank
2026-08-12,2026-08-12T10:48:12+08:00,酷狗音乐,热歌榜,酷狗TOP500,2026-08-12,466,我曾心比天高 (温柔女生版),A小咩咩,,2:28,E8D11253DAC770F89946A95AE7A4781E,193841549,https://www.kugou.com/yy/rank/home/22-8888.html?from=rank
2026-08-12,2026-08-12T10:48:12+08:00,酷狗音乐,热歌榜,酷狗TOP500,2026-08-12,467,愿与愁,林俊杰,,3:52,4A2A7260442B0A5D5F17295F1DD7241B,71681690,https://www.kugou.com/yy/rank/home/22-8888.html?from=rank
2026-08-12,2026-08-12T10:48:12+08:00,酷狗音乐,热歌榜,酷狗TOP500,2026-08-12,468,爱殇,小时姑娘,,5:04,707A4FE62FAD89DDA2F95B99453CA25B,45951672,https://www.kugou.com/yy/rank/home/22-8888.html?from=rank
2026-08-12,2026-08-12T10:48:12+08:00,酷狗音乐,热歌榜,酷狗TOP500,2026-08-12,469,摇太阳 (雷鬼版),白兰的,,4:32,97915750F2E7DEBEB4E2C7AF4AA7F5A1,183678520,https://www.kugou.com/yy/rank/home/22-8888.html?from=rank
2026-08-12,2026-08-12T10:48:12+08:00,酷狗音乐,热歌榜,酷狗TOP500,2026-08-12,470,痴心绝对,李圣杰,,4:22,2B7176CC7B1E7F5A136A5A1E1AACD365,966511,https://www.kugou.com/yy/rank/home/22-8888.html?from=rank
2026-08-12,2026-08-12T10:48:12+08:00,酷狗音乐,热歌榜,酷狗TOP500,2026-08-12,471,如果当初没遇见,一凡,,4:45,A8B3B71C37A013576A432876A931018E,201198536,https://www.kugou.com/yy/rank/home/22-8888.html?from=rank
2026-08-12,2026-08-12T10:48:12+08:00,酷狗音乐,热歌榜,酷狗TOP500,2026-08-12,472,I Love You So,The Walters,,2:40,268A58AA8B646B725126E77194C0AF0D,15109280,https://www.kugou.com/yy/rank/home/22-8888.html?from=rank
2026-08-12,2026-08-12T10:48:12+08:00,酷狗音乐,热歌榜,酷狗TOP500,2026-08-12,473,That Girl,Olly Murs,,2:57,B32C3C7FA2452E7338BFC6F2283FE8ED,1820815,https://www.kugou.com/yy/rank/home/22-8888.html?from=rank
2026-08-12,2026-08-12T10:48:12+08:00,酷狗音乐,热歌榜,酷狗TOP500,2026-08-12,474,姑娘别哭泣,柯柯柯啊,,3:56,1B537C99761F8F25AEFFF30B6DCE08D5,77472711,https://www.kugou.com/yy/rank/home/22-8888.html?from=rank
2026-08-12,2026-08-12T10:48:12+08:00,酷狗音乐,热歌榜,酷狗TOP500,2026-08-12,475,你不知道的事,王力宏,,4:39,3722EE8644818A260FD8AF3A173D71C3,982128,https://www.kugou.com/yy/rank/home/22-8888.html?from=rank
2026-08-12,2026-08-12T10:48:12+08:00,酷狗音乐,热歌榜,酷狗TOP500,2026-08-12,476,有一种爱叫做放手,阿木,,4:24,8ACE2D4510E26FBDC4736055C5AE4B03,971509,https://www.kugou.com/yy/rank/home/22-8888.html?from=rank
2026-08-12,2026-08-12T10:48:12+08:00,酷狗音乐,热歌榜,酷狗TOP500,2026-08-12,477,别怕我伤心,张信哲,,4:47,976677A739F25908591FA822CB1F1DF3,538030,https://www.kugou.com/yy/rank/home/22-8888.html?from=rank
2026-08-12,2026-08-12T10:48:12+08:00,酷狗音乐,热歌榜,酷狗TOP500,2026-08-12,478,阿衣莫,阿吉太组合,,5:14,000B4DC2694B23AD4258EE551A00C599,4138802,https://www.kugou.com/yy/rank/home/22-8888.html?from=rank
2026-08-12,2026-08-12T10:48:12+08:00,酷狗音乐,热歌榜,酷狗TOP500,2026-08-12,479,习惯失恋,容祖儿,,3:57,AE122E306884C427CAC1E93F65EFE670,533125,https://www.kugou.com/yy/rank/home/22-8888.html?from=rank
2026-08-12,2026-08-12T10:48:12+08:00,酷狗音乐,热歌榜,酷狗TOP500,2026-08-12,480,拿什么记念这耗尽真心的几年,邵金刚,,3:59,F46D23D57A124927FCA88F23D46E8921,183333592,https://www.kugou.com/yy/rank/home/22-8888.html?from=rank
2026-08-12,2026-08-12T10:48:12+08:00,酷狗音乐,热歌榜,酷狗TOP500,2026-08-12,481,这世界那么多人,莫文蔚,,4:46,8217FD6FE2973658781FB08DA4F8C4D6,44349469,https://www.kugou.com/yy/rank/home/22-8888.html?from=rank
2026-08-12,2026-08-12T10:48:12+08:00,酷狗音乐,热歌榜,酷狗TOP500,2026-08-12,482,红蔷薇白玫瑰 (G.E.M.重生版),G.E.M. 邓紫棋,,4:45,FF4AAAE19876C6F2B9B888794FA6E664,150256944,https://www.kugou.com/yy/rank/home/22-8888.html?from=rank
2026-08-12,2026-08-12T10:48:12+08:00,酷狗音乐,热歌榜,酷狗TOP500,2026-08-12,483,女孩,韦礼安,,5:06,A0701AE5A100E543DE602E75C64A7424,1766500,https://www.kugou.com/yy/rank/home/22-8888.html?from=rank
2026-08-12,2026-08-12T10:48:12+08:00,酷狗音乐,热歌榜,酷狗TOP500,2026-08-12,484,今生啊 多相见,万仁,,3:44,AAE144B41CB32D4256E02C17CFEF0A29,172326826,https://www.kugou.com/yy/rank/home/22-8888.html?from=rank
2026-08-12,2026-08-12T10:48:12+08:00,酷狗音乐,热歌榜,酷狗TOP500,2026-08-12,485,大城小爱,王力宏,,3:45,3EAF74E9E5065C03B050F356F0567311,2820176,https://www.kugou.com/yy/rank/home/23-8888.html?from=rank
2026-08-12,2026-08-12T10:48:12+08:00,酷狗音乐,热歌榜,酷狗TOP500,2026-08-12,486,听哭了自己,沧桑老叔,,3:32,2F886E50337A0268514AA517C5E13A39,184905718,https://www.kugou.com/yy/rank/home/23-8888.html?from=rank
2026-08-12,2026-08-12T10:48:12+08:00,酷狗音乐,热歌榜,酷狗TOP500,2026-08-12,487,那个有故事的人,邵金刚,,5:43,529F4B2EECA758B07A3044AEFFA6EB08,184143909,https://www.kugou.com/yy/rank/home/23-8888.html?from=rank
2026-08-12,2026-08-12T10:48:12+08:00,酷狗音乐,热歌榜,酷狗TOP500,2026-08-12,488,第一次,光良,,4:23,2C202C0CE252384AD5022CC3A99B697A,930386,https://www.kugou.com/yy/rank/home/23-8888.html?from=rank
2026-08-12,2026-08-12T10:48:12+08:00,酷狗音乐,热歌榜,酷狗TOP500,2026-08-12,489,零距离的思念,TINY7,,3:06,279A50FF5784F3A92F0ABB689B0335EE,137584528,https://www.kugou.com/yy/rank/home/23-8888.html?from=rank
2026-08-12,2026-08-12T10:48:12+08:00,酷狗音乐,热歌榜,酷狗TOP500,2026-08-12,490,荒,郑鱼,,3:30,1D1B5597513DF51039D2E6F34F9CB31C,70140125,https://www.kugou.com/yy/rank/home/23-8888.html?from=rank
2026-08-12,2026-08-12T10:48:12+08:00,酷狗音乐,热歌榜,酷狗TOP500,2026-08-12,491,一路生花,温奕心,,4:16,4F18553F2AF06E355AD75A5EE6173456,45305792,https://www.kugou.com/yy/rank/home/23-8888.html?from=rank
2026-08-12,2026-08-12T10:48:12+08:00,酷狗音乐,热歌榜,酷狗TOP500,2026-08-12,492,叹云兮,鞠婧祎,,4:43,DB94CC1C55558D7ED4B0E402A2DF065D,8700851,https://www.kugou.com/yy/rank/home/23-8888.html?from=rank
2026-08-12,2026-08-12T10:48:12+08:00,酷狗音乐,热歌榜,酷狗TOP500,2026-08-12,493,同手同脚,温岚,,4:18,1DB5F549DF57C1C9553D9BDD735C763A,2997107,https://www.kugou.com/yy/rank/home/23-8888.html?from=rank
2026-08-12,2026-08-12T10:48:12+08:00,酷狗音乐,热歌榜,酷狗TOP500,2026-08-12,494,因为了解,汪苏泷,,4:08,6454C09C594BC83A21AD2EC10F61FC39,37376237,https://www.kugou.com/yy/rank/home/23-8888.html?from=rank
2026-08-12,2026-08-12T10:48:12+08:00,酷狗音乐,热歌榜,酷狗TOP500,2026-08-12,495,刚好遇见你,李玉刚,,3:20,58B004C56B6AB6CE1CA3C1E8C6781D0E,1820033,https://www.kugou.com/yy/rank/home/23-8888.html?from=rank
2026-08-12,2026-08-12T10:48:12+08:00,酷狗音乐,热歌榜,酷狗TOP500,2026-08-12,496,我漂泊的船能不能靠在你的岸,沙哑大叔,,3:57,CFF8A99F25DCFB42F10F7C4BFCB57EA1,183209266,https://www.kugou.com/yy/rank/home/23-8888.html?from=rank
2026-08-12,2026-08-12T10:48:12+08:00,酷狗音乐,热歌榜,酷狗TOP500,2026-08-12,497,安和桥,宇西,,4:09,BFB6233E7687776800FDA3FD76EBFB41,13667444,https://www.kugou.com/yy/rank/home/23-8888.html?from=rank
2026-08-12,2026-08-12T10:48:12+08:00,酷狗音乐,热歌榜,酷狗TOP500,2026-08-12,498,单车,陈奕迅,,3:31,3FA554270A2AE0FE64AAACDDDBD8D0B7,504206,https://www.kugou.com/yy/rank/home/23-8888.html?from=rank
2026-08-12,2026-08-12T10:48:12+08:00,酷狗音乐,热歌榜,酷狗TOP500,2026-08-12,499,其实雨也没多大,万豹,,3:38,07CC29710FF0D35687116F92E39B4965,44569912,https://www.kugou.com/yy/rank/home/23-8888.html?from=rank
2026-08-12,2026-08-12T10:48:12+08:00,酷狗音乐,热歌榜,酷狗TOP500,2026-08-12,500,处处吻,杨千嬅,,3:19,A0AEFE0227938F366FF4F9D4F0F6CBE5,971688,https://www.kugou.com/yy/rank/home/23-8888.html?from=rank
2026-08-12,2026-08-12T10:48:12+08:00,酷狗音乐,飙升榜,酷狗飙升榜,2026-08-12,1,山风山风等等我 (任性版),王一佳,,3:14,A1295B8AF304E282BCC6FC887693EB30,201607414,https://www.kugou.com/yy/rank/home/1-6666.html?from=rank
2026-08-12,2026-08-12T10:48:12+08:00,酷狗音乐,飙升榜,酷狗飙升榜,2026-08-12,2,不要问我好不好 (不知不觉我已变得苍老),飙哥哥,,3:13,AF558EF6C463D3A2033C8A2188DF9729,201965440,https://www.kugou.com/yy/rank/home/1-6666.html?from=rank
2026-08-12,2026-08-12T10:48:12+08:00,酷狗音乐,飙升榜,酷狗飙升榜,2026-08-12,3,幸福在歌唱 (Live),希林娜依高,,4:26,B89C9097617F0022B97F735FC4ECC002,202719029,https://www.kugou.com/yy/rank/home/1-6666.html?from=rank
2026-08-12,2026-08-12T10:48:12+08:00,酷狗音乐,飙升榜,酷狗飙升榜,2026-08-12,4,相思 (Live),齐豫、毛阿敏,,4:32,985B9D87249E760A6789B35A4B95157F,202625037,https://www.kugou.com/yy/rank/home/1-6666.html?from=rank
2026-08-12,2026-08-12T10:48:12+08:00,酷狗音乐,飙升榜,酷狗飙升榜,2026-08-12,5,我是人间的孤独 (现场版),彭妃妃,,3:58,0036FE55B8EC6AD3DF8C9F368129C137,202418617,https://www.kugou.com/yy/rank/home/1-6666.html?from=rank
2026-08-12,2026-08-12T10:48:12+08:00,酷狗音乐,飙升榜,酷狗飙升榜,2026-08-12,6,万妖图录传 (迎风起势版),蜻蜓音乐社,,2:10,5883CA6C96E34DEABC87384D8155B73F,201233040,https://www.kugou.com/yy/rank/home/1-6666.html?from=rank
2026-08-12,2026-08-12T10:48:12+08:00,酷狗音乐,飙升榜,酷狗飙升榜,2026-08-12,7,回到小村落 (听着蛐蛐唱着歌),老韩很哇塞,,3:49,065A0520FE54565FB785E3D8141AB2DF,202591687,https://www.kugou.com/yy/rank/home/1-6666.html?from=rank
2026-08-12,2026-08-12T10:48:12+08:00,酷狗音乐,飙升榜,酷狗飙升榜,2026-08-12,8,Night Whisper (Slow)(深夜低语),GFY1994,,2:51,EC5690E81301C8F4956E920F1C506769,202290137,https://www.kugou.com/yy/rank/home/1-6666.html?from=rank
2026-08-12,2026-08-12T10:48:12+08:00,酷狗音乐,飙升榜,酷狗飙升榜,2026-08-12,9,痛的比你深 (神不在香港Remix),神不再香港,,3:11,87135E628C198B94BBF60ED2A3F469E9,202309550,https://www.kugou.com/yy/rank/home/1-6666.html?from=rank
2026-08-12,2026-08-12T10:48:12+08:00,酷狗音乐,飙升榜,酷狗飙升榜,2026-08-12,10,연애의 조건 (恋爱的条件)(动感旋律版),808hz、DJ冰美式,,3:08,D9DE4046817CB1ACCAC6F4E7892B1353,199404448,https://www.kugou.com/yy/rank/home/1-6666.html?from=rank
2026-08-12,2026-08-12T10:48:12+08:00,酷狗音乐,飙升榜,酷狗飙升榜,2026-08-12,11,无人的岛 (我扔掉手表走向无人的海岛),田园、白领大叔,,3:11,593C5975C3600B7EF40870F164EE5E54,202985944,https://www.kugou.com/yy/rank/home/1-6666.html?from=rank
2026-08-12,2026-08-12T10:48:12+08:00,酷狗音乐,飙升榜,酷狗飙升榜,2026-08-12,12,一生能有多少个秋天,一叶儿知秋,,3:58,8638058FBC28673B1FBC64903725E474,202001781,https://www.kugou.com/yy/rank/home/1-6666.html?from=rank
2026-08-12,2026-08-12T10:48:12+08:00,酷狗音乐,飙升榜,酷狗飙升榜,2026-08-12,13,我听人说思念像风一样,田园,,3:35,A0E0DA66FC9B9BD4B1770357B81B444B,202003322,https://www.kugou.com/yy/rank/home/1-6666.html?from=rank
2026-08-12,2026-08-12T10:48:12+08:00,酷狗音乐,飙升榜,酷狗飙升榜,2026-08-12,14,赐你伤我,李乐乐,,3:35,55875A2FC1D53BAFC365DC866F90ED89,202965614,https://www.kugou.com/yy/rank/home/1-6666.html?from=rank
2026-08-12,2026-08-12T10:48:12+08:00,酷狗音乐,飙升榜,酷狗飙升榜,2026-08-12,15,偏爱你一人,童珺,,3:20,C33EF12144DFC05B3A2D900D41FCCD88,172815154,https://www.kugou.com/yy/rank/home/1-6666.html?from=rank
2026-08-12,2026-08-12T10:48:12+08:00,酷狗音乐,飙升榜,酷狗飙升榜,2026-08-12,16,再也没有Cold Day,Prince.Wang、饼饼BingBing、koos,,3:09,CE67DE6A6F0E39D3A28ACD6693B73EE5,69136298,https://www.kugou.com/yy/rank/home/1-6666.html?from=rank
2026-08-12,2026-08-12T10:48:12+08:00,酷狗音乐,飙升榜,酷狗飙升榜,2026-08-12,17,漂洋过海来看你 (电吉他),大双二双,,2:32,96F83583278B8A1001AB60CA051E04CC,202948362,https://www.kugou.com/yy/rank/home/1-6666.html?from=rank
2026-08-12,2026-08-12T10:48:12+08:00,酷狗音乐,飙升榜,酷狗飙升榜,2026-08-12,18,走四方 (Live),胡彦斌、韩磊,,5:09,3DF5C8348A6A4A06403C5CDA7C9E4FAE,202625037,https://www.kugou.com/yy/rank/home/1-6666.html?from=rank
2026-08-12,2026-08-12T10:48:12+08:00,酷狗音乐,飙升榜,酷狗飙升榜,2026-08-12,19,荣光,小土妹,,4:23,5C8C65447D3CA1D6E0C346AD3392C547,202710346,https://www.kugou.com/yy/rank/home/1-6666.html?from=rank
2026-08-12,2026-08-12T10:48:12+08:00,酷狗音乐,飙升榜,酷狗飙升榜,2026-08-12,20,再爱你也没用,魏佳艺,,3:25,9B09E8780CBB258946B9FEEF65B18CA6,202992905,https://www.kugou.com/yy/rank/home/1-6666.html?from=rank
2026-08-12,2026-08-12T10:48:12+08:00,酷狗音乐,飙升榜,酷狗飙升榜,2026-08-12,21,此生漂泊不敢误佳人 (往事随风),张良,,3:08,14D3D085DFB4134E6275E47999F5FC8C,203008270,https://www.kugou.com/yy/rank/home/1-6666.html?from=rank
2026-08-12,2026-08-12T10:48:12+08:00,酷狗音乐,飙升榜,酷狗飙升榜,2026-08-12,22,爱到尽头覆水难收 (氛围版),Grimmmz、苗不是喵,,4:13,CB170087F8256A6E1F09892157B0C093,200271266,https://www.kugou.com/yy/rank/home/1-6666.html?from=rank
2026-08-12,2026-08-12T10:48:12+08:00,酷狗音乐,飙升榜,酷狗飙升榜,2026-08-12,23,爱不得又难舍的人,姜雨涵,,3:25,B178E2CB160257D5B006BC3766438AD2,202958860,https://www.kugou.com/yy/rank/home/2-6666.html?from=rank
2026-08-12,2026-08-12T10:48:12+08:00,酷狗音乐,飙升榜,酷狗飙升榜,2026-08-12,24,我迎着风流泪,泽阳,,4:03,314DEC4C5B86795D3210DF79D483832D,158890024,https://www.kugou.com/yy/rank/home/2-6666.html?from=rank
2026-08-12,2026-08-12T10:48:12+08:00,酷狗音乐,飙升榜,酷狗飙升榜,2026-08-12,25,你有没有真的爱过我 (烟嗓版),寂寞阿图,,3:45,5EF8404977086AB95C304D857271FB10,190169654,https://www.kugou.com/yy/rank/home/2-6666.html?from=rank
2026-08-12,2026-08-12T10:48:12+08:00,酷狗音乐,飙升榜,酷狗飙升榜,2026-08-12,26,怎么会把你弄丢,小小徐,,2:30,56A61DB77CC79FDFAAF2DB0D931C86BF,202392981,https://www.kugou.com/yy/rank/home/2-6666.html?from=rank
2026-08-12,2026-08-12T10:48:12+08:00,酷狗音乐,飙升榜,酷狗飙升榜,2026-08-12,27,突然好想你,三月四季,,2:43,71485E67610FCAD9E40ADA2929509737,202079235,https://www.kugou.com/yy/rank/home/2-6666.html?from=rank
2026-08-12,2026-08-12T10:48:12+08:00,酷狗音乐,飙升榜,酷狗飙升榜,2026-08-12,28,想你,林键标,,2:40,CD7C234F273A96154A2B4F1C10FD2918,134511208,https://www.kugou.com/yy/rank/home/2-6666.html?from=rank
2026-08-12,2026-08-12T10:48:12+08:00,酷狗音乐,飙升榜,酷狗飙升榜,2026-08-12,29,放手的人注定遗憾,赵乃吉,,4:08,9F7A7DCB51E34048C4E3D4327E6159F6,202973804,https://www.kugou.com/yy/rank/home/2-6666.html?from=rank
2026-08-12,2026-08-12T10:48:12+08:00,酷狗音乐,飙升榜,酷狗飙升榜,2026-08-12,30,傻鱼,王栎鑫,,4:24,06179A1F7ACDE90CF7C0536856723C1D,202965401,https://www.kugou.com/yy/rank/home/2-6666.html?from=rank
2026-08-12,2026-08-12T10:48:12+08:00,酷狗音乐,飙升榜,酷狗飙升榜,2026-08-12,31,敬往事杯中沉浮 (群星大合唱),草原兄弟、灯叔、烟嗓船长、万海东,,3:02,86C2712EEE87583A29E8E97B79E19338,202992736,https://www.kugou.com/yy/rank/home/2-6666.html?from=rank
2026-08-12,2026-08-12T10:48:12+08:00,酷狗音乐,飙升榜,酷狗飙升榜,2026-08-12,32,晚风负星河,佳艺,,3:21,7B8C05C17FC8CA3B6F648C7090E3CEF3,202948641,https://www.kugou.com/yy/rank/home/2-6666.html?from=rank
2026-08-12,2026-08-12T10:48:12+08:00,酷狗音乐,飙升榜,酷狗飙升榜,2026-08-12,33,蜘蛛侠进行曲 (Monsters),流行前哨站,,3:16,7335B096F4DC13323D4DC223F680D471,202462537,https://www.kugou.com/yy/rank/home/2-6666.html?from=rank
2026-08-12,2026-08-12T10:48:12+08:00,酷狗音乐,飙升榜,酷狗飙升榜,2026-08-12,34,求求你别再说爱我,洋澜一,,3:30,ACF2CA8FECA91E0237603DE265918DAC,202992795,https://www.kugou.com/yy/rank/home/2-6666.html?from=rank
2026-08-12,2026-08-12T10:48:12+08:00,酷狗音乐,飙升榜,酷狗飙升榜,2026-08-12,35,艺术是为了治愈被生活击倒的人 (我保证你是天使),Kima、Electronic Specter,,2:01,3A369826FDB5A8B539CA3DC6E53BC9A3,200417388,https://www.kugou.com/yy/rank/home/2-6666.html?from=rank
2026-08-12,2026-08-12T10:48:12+08:00,酷狗音乐,飙升榜,酷狗飙升榜,2026-08-12,36,其实雨也没多大,万豹,,3:38,07CC29710FF0D35687116F92E39B4965,44569912,https://www.kugou.com/yy/rank/home/2-6666.html?from=rank
2026-08-12,2026-08-12T10:48:12+08:00,酷狗音乐,飙升榜,酷狗飙升榜,2026-08-12,37,冻结,林俊杰,,4:49,AE291096B510F20B93D7D87DCBEF1E43,971150,https://www.kugou.com/yy/rank/home/2-6666.html?from=rank
2026-08-12,2026-08-12T10:48:12+08:00,酷狗音乐,飙升榜,酷狗飙升榜,2026-08-12,38,香烟进肺酒入胃,烟嗓船长,,3:35,6CB0C1E49B123B769C6E734E8FB5FB8B,165228450,https://www.kugou.com/yy/rank/home/2-6666.html?from=rank
2026-08-12,2026-08-12T10:48:12+08:00,酷狗音乐,飙升榜,酷狗飙升榜,2026-08-12,39,下辈子不一定还能遇见你 (JUMP STYLE 版),莫叫姐姐,,2:22,4665412FBBA09E0EE0D720D0967EEDA2,203071194,https://www.kugou.com/yy/rank/home/2-6666.html?from=rank
2026-08-12,2026-08-12T10:48:12+08:00,酷狗音乐,飙升榜,酷狗飙升榜,2026-08-12,40,太多 (R&B),落日微醺,,3:54,0FAE8E25895CB68F57A20A676B09E04E,196615244,https://www.kugou.com/yy/rank/home/2-6666.html?from=rank
2026-08-12,2026-08-12T10:48:12+08:00,酷狗音乐,飙升榜,酷狗飙升榜,2026-08-12,41,等到花儿开满小山坡,窝窝,,3:48,496FFB36B924094BAD8D7F72EF96FB91,184432240,https://www.kugou.com/yy/rank/home/2-6666.html?from=rank
2026-08-12,2026-08-12T10:48:12+08:00,酷狗音乐,飙升榜,酷狗飙升榜,2026-08-12,42,来不及爱你 (尾奏降调纯享),DJ阿灰,,1:59,529C135250FFF50AE03F97DD638F8460,199422496,https://www.kugou.com/yy/rank/home/2-6666.html?from=rank
2026-08-12,2026-08-12T10:48:12+08:00,酷狗音乐,飙升榜,酷狗飙升榜,2026-08-12,43,谁不是累着痛笑着哭 (语录版),洋澜一,,3:26,0D72DFF2814B167D03BA237EC6DC1750,202992734,https://www.kugou.com/yy/rank/home/2-6666.html?from=rank
2026-08-12,2026-08-12T10:48:12+08:00,酷狗音乐,飙升榜,酷狗飙升榜,2026-08-12,44,不见落山风 (男版),漆正发,,4:54,5D5CB6F453BBB2AF584B47E35E89525E,202304703,https://www.kugou.com/yy/rank/home/2-6666.html?from=rank
2026-08-12,2026-08-12T10:48:12+08:00,酷狗音乐,飙升榜,酷狗飙升榜,2026-08-12,45,山风山风等等我 (对唱版),万海东、天雯,,3:29,43B0AEE07D3AAD4DFE80DAF34307F2DB,203008238,https://www.kugou.com/yy/rank/home/3-6666.html?from=rank
2026-08-12,2026-08-12T10:48:12+08:00,酷狗音乐,飙升榜,酷狗飙升榜,2026-08-12,46,遗憾万万千,刘二胜,,4:13,93AF57AE8BDF2DE005D47AC647C82E0C,199943834,https://www.kugou.com/yy/rank/home/3-6666.html?from=rank
2026-08-12,2026-08-12T10:48:12+08:00,酷狗音乐,飙升榜,酷狗飙升榜,2026-08-12,47,月亮代表我的心 (说唱版),黑松,,2:38,D1E5628489AD45D01B32B22590FD5FED,80617291,https://www.kugou.com/yy/rank/home/3-6666.html?from=rank
2026-08-12,2026-08-12T10:48:12+08:00,酷狗音乐,飙升榜,酷狗飙升榜,2026-08-12,48,你我皆是黑马,郑在,,4:15,CD93F5AB972F691B8A54105C02B679AE,198891521,https://www.kugou.com/yy/rank/home/3-6666.html?from=rank
2026-08-12,2026-08-12T10:48:12+08:00,酷狗音乐,飙升榜,酷狗飙升榜,2026-08-12,49,The Way I Still Love You (思绪),Sloaney,,2:14,D36A703C3C996608F89A1F9E5CAA4444,179873064,https://www.kugou.com/yy/rank/home/3-6666.html?from=rank
2026-08-12,2026-08-12T10:48:12+08:00,酷狗音乐,飙升榜,酷狗飙升榜,2026-08-12,50,先说爱先离开,洋澜一,,3:38,96DD68A3E57D36DAA1B77FC23B5089A7,96925423,https://www.kugou.com/yy/rank/home/3-6666.html?from=rank
2026-08-12,2026-08-12T10:48:12+08:00,酷狗音乐,飙升榜,酷狗飙升榜,2026-08-12,51,难寄相思,刘君,,3:31,29AE474BE2FE43E1815269FE89BDB12E,170711383,https://www.kugou.com/yy/rank/home/3-6666.html?from=rank
2026-08-12,2026-08-12T10:48:12+08:00,酷狗音乐,飙升榜,酷狗飙升榜,2026-08-12,52,背对背过冬,辛雯,,3:26,9EA8211B0877C5F895A52237D0E8526B,81894727,https://www.kugou.com/yy/rank/home/3-6666.html?from=rank
2026-08-12,2026-08-12T10:48:12+08:00,酷狗音乐,飙升榜,酷狗飙升榜,2026-08-12,53,往事流转在你眼眸 (氛围律动版),Grimmmz、池一,,2:56,B916A79D4C4AFCDCABB983D491564C01,201370450,https://www.kugou.com/yy/rank/home/3-6666.html?from=rank
2026-08-12,2026-08-12T10:48:12+08:00,酷狗音乐,飙升榜,酷狗飙升榜,2026-08-12,54,爱有开始难有结尾 (对唱版),恰恰恰恰恰、庄众,,3:38,88BEF33E5848009459BBFDE3993C65DF,201334489,https://www.kugou.com/yy/rank/home/3-6666.html?from=rank
2026-08-12,2026-08-12T10:48:12+08:00,酷狗音乐,飙升榜,酷狗飙升榜,2026-08-12,55,自由的光,誓言,,3:35,96347103706786C3C766552462EBA360,202963405,https://www.kugou.com/yy/rank/home/3-6666.html?from=rank
2026-08-12,2026-08-12T10:48:12+08:00,酷狗音乐,飙升榜,酷狗飙升榜,2026-08-12,56,拉过勾的 (不管明天),栗晨,,3:44,D54D5DFEEC2AE1E3D8D4D2C30BA82CBF,197603476,https://www.kugou.com/yy/rank/home/3-6666.html?from=rank
2026-08-12,2026-08-12T10:48:12+08:00,酷狗音乐,飙升榜,酷狗飙升榜,2026-08-12,57,秋风吹不散的话,DJ铁柱,,2:35,C271ACE0582BA3623CDA3BC71B1682F4,203084458,https://www.kugou.com/yy/rank/home/3-6666.html?from=rank
2026-08-12,2026-08-12T10:48:12+08:00,酷狗音乐,飙升榜,酷狗飙升榜,2026-08-12,58,赌徒 (律动版),韩小欠,,4:26,F76BDA41A9FDADA029AA12A6DB79E044,202991770,https://www.kugou.com/yy/rank/home/3-6666.html?from=rank
2026-08-12,2026-08-12T10:48:12+08:00,酷狗音乐,飙升榜,酷狗飙升榜,2026-08-12,59,囚笼 (压迫感纯音乐),屿潮,,2:44,AF057D6064C3AF00642BC042D1290BFC,171473261,https://www.kugou.com/yy/rank/home/3-6666.html?from=rank
2026-08-12,2026-08-12T10:48:12+08:00,酷狗音乐,飙升榜,酷狗飙升榜,2026-08-12,60,Anchor,LKAsh,,2:03,4A899764B4BACA124E8A90C60B3D41E1,203000394,https://www.kugou.com/yy/rank/home/3-6666.html?from=rank
2026-08-12,2026-08-12T10:48:12+08:00,酷狗音乐,飙升榜,酷狗飙升榜,2026-08-12,61,深情终究败给时间,安儿陈,,3:08,CDA149C7A25B8E8082B572144703BC82,203098646,https://www.kugou.com/yy/rank/home/3-6666.html?from=rank
2026-08-12,2026-08-12T10:48:12+08:00,酷狗音乐,飙升榜,酷狗飙升榜,2026-08-12,62,你我之间 唯此盟约而已,音浪七七,,4:15,0AC7EFC456B0E560E77E83E7F2BA09E0,201223572,https://www.kugou.com/yy/rank/home/3-6666.html?from=rank
2026-08-12,2026-08-12T10:48:12+08:00,酷狗音乐,飙升榜,酷狗飙升榜,2026-08-12,63,神山上的姑娘,达珍拉姆,,4:00,CC515774AF319C0F2DFE285F01960E11,202309428,https://www.kugou.com/yy/rank/home/3-6666.html?from=rank
2026-08-12,2026-08-12T10:48:12+08:00,酷狗音乐,飙升榜,酷狗飙升榜,2026-08-12,64,交个朋友 (Live),弹壳,,3:25,A2329577AF3BACEA0109572C2B2005C1,202719021,https://www.kugou.com/yy/rank/home/3-6666.html?from=rank
2026-08-12,2026-08-12T10:48:12+08:00,酷狗音乐,飙升榜,酷狗飙升榜,2026-08-12,65,像我这样的人 (烟嗓版),烟嗓船长,,2:44,2BE9C37C15D6009898FF4EF50B562693,202993248,https://www.kugou.com/yy/rank/home/3-6666.html?from=rank
2026-08-12,2026-08-12T10:48:12+08:00,酷狗音乐,飙升榜,酷狗飙升榜,2026-08-12,66,Candy,Electronic Mortal、Electronic Ponos,,1:59,CB3CFF49A70B714E552DDADB08490B94,202262383,https://www.kugou.com/yy/rank/home/3-6666.html?from=rank
2026-08-12,2026-08-12T10:48:12+08:00,酷狗音乐,飙升榜,酷狗飙升榜,2026-08-12,67,梦魇,夏伟淳LAH,,2:50,50DCD4EAE1DC22EFAE83C6613769BDE7,60518529,https://www.kugou.com/yy/rank/home/4-6666.html?from=rank
2026-08-12,2026-08-12T10:48:12+08:00,酷狗音乐,飙升榜,酷狗飙升榜,2026-08-12,68,谁 (男女扎心合唱),梨子芥菜、戚悦,,3:58,38DAABE4EEA0ADDC04897AC14E15B54E,185936379,https://www.kugou.com/yy/rank/home/4-6666.html?from=rank
2026-08-12,2026-08-12T10:48:12+08:00,酷狗音乐,飙升榜,酷狗飙升榜,2026-08-12,69,借口,许成成,,5:22,4DA2CCEA0847F653580936A932725AEA,62197104,https://www.kugou.com/yy/rank/home/4-6666.html?from=rank
2026-08-12,2026-08-12T10:48:12+08:00,酷狗音乐,飙升榜,酷狗飙升榜,2026-08-12,70,SEM PARA,Electronic Mortal、Electronic Ponos,,2:54,D83F7E7E858C86A557BB77DD2C9E649F,202322272,https://www.kugou.com/yy/rank/home/4-6666.html?from=rank
2026-08-12,2026-08-12T10:48:12+08:00,酷狗音乐,飙升榜,酷狗飙升榜,2026-08-12,71,Tuesday (DeepHouse),Electronic Mortal、Electronic Ponos,,2:18,FD6DDF879DF155E6B5249A00908FE405,202322272,https://www.kugou.com/yy/rank/home/4-6666.html?from=rank
2026-08-12,2026-08-12T10:48:12+08:00,酷狗音乐,飙升榜,酷狗飙升榜,2026-08-12,72,在拥挤的人潮 (嗜好),KAI,,3:36,54B38378A93BC87CD34E74701EE2442D,202986874,https://www.kugou.com/yy/rank/home/4-6666.html?from=rank
2026-08-12,2026-08-12T10:48:12+08:00,酷狗音乐,飙升榜,酷狗飙升榜,2026-08-12,73,我不知为何 (氛围版),Rissing,,4:42,D9282622E70F35B04FB7F3F305B5CCCF,179007953,https://www.kugou.com/yy/rank/home/4-6666.html?from=rank
2026-08-12,2026-08-12T10:48:12+08:00,酷狗音乐,飙升榜,酷狗飙升榜,2026-08-12,74,Attention,Charlie Puth,,3:29,DD9F1BB78BC82F019DD0DEAE74A372FF,8535124,https://www.kugou.com/yy/rank/home/4-6666.html?from=rank
2026-08-12,2026-08-12T10:48:12+08:00,酷狗音乐,飙升榜,酷狗飙升榜,2026-08-12,75,云与海 (r&b微醺版),落日微醺,,3:42,D3BD537BB98968BA926650A00BC6A161,195717540,https://www.kugou.com/yy/rank/home/4-6666.html?from=rank
2026-08-12,2026-08-12T10:48:12+08:00,酷狗音乐,飙升榜,酷狗飙升榜,2026-08-12,76,你说的永远太久了 (高燃宿命感Slowed),Grimmmz、Ameriie、我期待的不是你,,2:17,0BA71FB852C25CA8A7996C2512B7D21E,201432950,https://www.kugou.com/yy/rank/home/4-6666.html?from=rank
2026-08-12,2026-08-12T10:48:12+08:00,酷狗音乐,飙升榜,酷狗飙升榜,2026-08-12,77,无需多言,炽空忆,,2:20,E7BE6FC51AAAE4C4D2297141B00FDB2E,201359171,https://www.kugou.com/yy/rank/home/4-6666.html?from=rank
2026-08-12,2026-08-12T10:48:12+08:00,酷狗音乐,飙升榜,酷狗飙升榜,2026-08-12,78,Alive,Blue,,3:40,996EE22D2450A7C7528394F7F98432E6,560693,https://www.kugou.com/yy/rank/home/4-6666.html?from=rank
2026-08-12,2026-08-12T10:48:12+08:00,酷狗音乐,飙升榜,酷狗飙升榜,2026-08-12,79,你一定吃了很多苦吧,王佳音,,3:22,28CE597CA0A11D6C5702EB0D5498A8DA,166166076,https://www.kugou.com/yy/rank/home/4-6666.html?from=rank
2026-08-12,2026-08-12T10:48:12+08:00,酷狗音乐,飙升榜,酷狗飙升榜,2026-08-12,80,Matter of Time (高燃旋律),Grimmmz,,2:57,29937C719E10DB43A18084E5FF0AB936,200179472,https://www.kugou.com/yy/rank/home/4-6666.html?from=rank
2026-08-12,2026-08-12T10:48:12+08:00,酷狗音乐,飙升榜,酷狗飙升榜,2026-08-12,81,第57次取消发送,暴躁默,,3:00,52D4A1128C00752B36EC8B0E1A328DF6,202595810,https://www.kugou.com/yy/rank/home/4-6666.html?from=rank
2026-08-12,2026-08-12T10:48:12+08:00,酷狗音乐,飙升榜,酷狗飙升榜,2026-08-12,82,你究竟想要 (一个拥抱或一场争吵),Dx,,3:04,2ECD7251B81BB09171687D7A0EE4D008,202953257,https://www.kugou.com/yy/rank/home/4-6666.html?from=rank
2026-08-12,2026-08-12T10:48:12+08:00,酷狗音乐,飙升榜,酷狗飙升榜,2026-08-12,83,何必再强求,刘书云,,3:14,73762C362D188D2CE8C7F87737069219,203015525,https://www.kugou.com/yy/rank/home/4-6666.html?from=rank
2026-08-12,2026-08-12T10:48:12+08:00,酷狗音乐,飙升榜,酷狗飙升榜,2026-08-12,84,我在月光下许过情真 (微醺版),苏晚星,,4:01,90D5CE02942E4B72FD20129E72A3DEA3,192801861,https://www.kugou.com/yy/rank/home/4-6666.html?from=rank
2026-08-12,2026-08-12T10:48:12+08:00,酷狗音乐,飙升榜,酷狗飙升榜,2026-08-12,85,因果 (我就站在这因果里),金针菇,,2:47,E89C5166CE3DD7D5D5B0A986BC39F70D,202013549,https://www.kugou.com/yy/rank/home/4-6666.html?from=rank
2026-08-12,2026-08-12T10:48:12+08:00,酷狗音乐,飙升榜,酷狗飙升榜,2026-08-12,86,短短人生似水流 (对唱版),红小乐、刘书云,,3:41,A913964A370B604258C60ED7A665ACFB,202022790,https://www.kugou.com/yy/rank/home/4-6666.html?from=rank
2026-08-12,2026-08-12T10:48:12+08:00,酷狗音乐,飙升榜,酷狗飙升榜,2026-08-12,87,爱你一次是一生,向思思,,3:35,413A9167A63EF286608C5C386834FA85,202977185,https://www.kugou.com/yy/rank/home/4-6666.html?from=rank
2026-08-12,2026-08-12T10:48:12+08:00,酷狗音乐,飙升榜,酷狗飙升榜,2026-08-12,88,别怕我伤心 (对唱版),张家旺、悦开心,,4:16,10E9B8D243E051CD2729F5411A493C1D,92558953,https://www.kugou.com/yy/rank/home/4-6666.html?from=rank
2026-08-12,2026-08-12T10:48:12+08:00,酷狗音乐,飙升榜,酷狗飙升榜,2026-08-12,89,何必再强求 (对唱版),成学迅、钟翠华,,3:14,E23A85F659E1382F0ED86FB34EFCD749,203015484,https://www.kugou.com/yy/rank/home/5-6666.html?from=rank
2026-08-12,2026-08-12T10:48:12+08:00,酷狗音乐,飙升榜,酷狗飙升榜,2026-08-12,90,魂牵梦绕,叶子舒,,4:03,1996AE0E284ED1A83FDD252122DCFA2B,171064947,https://www.kugou.com/yy/rank/home/5-6666.html?from=rank
2026-08-12,2026-08-12T10:48:12+08:00,酷狗音乐,飙升榜,酷狗飙升榜,2026-08-12,91,如果不爱别打扰,许丽静,,2:52,451F2416DFF1C06F9678E260EEDAD2FE,202965679,https://www.kugou.com/yy/rank/home/5-6666.html?from=rank
2026-08-12,2026-08-12T10:48:12+08:00,酷狗音乐,飙升榜,酷狗飙升榜,2026-08-12,92,光雕风月,刘君,,3:31,941436E853397BDCEE1C8F46CFF8DE16,141705732,https://www.kugou.com/yy/rank/home/5-6666.html?from=rank
2026-08-12,2026-08-12T10:48:12+08:00,酷狗音乐,飙升榜,酷狗飙升榜,2026-08-12,93,分手就分手,王超然,,4:28,20DE64631F2EE4B660D4B9E3A63B08E6,203008349,https://www.kugou.com/yy/rank/home/5-6666.html?from=rank
2026-08-12,2026-08-12T10:48:12+08:00,酷狗音乐,飙升榜,酷狗飙升榜,2026-08-12,94,我想,法老、泠风,,4:59,EFE2CD6E710A82525E36B32C053E2507,1020631,https://www.kugou.com/yy/rank/home/5-6666.html?from=rank
2026-08-12,2026-08-12T10:48:12+08:00,酷狗音乐,飙升榜,酷狗飙升榜,2026-08-12,95,伤心太平洋 (烟嗓版),DJ铁柱,,4:51,5894AD98FA4560782989B2E788FF8A8F,202963813,https://www.kugou.com/yy/rank/home/5-6666.html?from=rank
2026-08-12,2026-08-12T10:48:12+08:00,酷狗音乐,飙升榜,酷狗飙升榜,2026-08-12,96,记忆旷野,安扬,,3:14,5F1803022E3F57C407270A8282F7CB1D,202965715,https://www.kugou.com/yy/rank/home/5-6666.html?from=rank
2026-08-12,2026-08-12T10:48:12+08:00,酷狗音乐,飙升榜,酷狗飙升榜,2026-08-12,97,Off-Ways,MIKS,,2:36,2D69FBFD021C563E6CF4143BCF55F0B7,202993318,https://www.kugou.com/yy/rank/home/5-6666.html?from=rank
2026-08-12,2026-08-12T10:48:12+08:00,酷狗音乐,飙升榜,酷狗飙升榜,2026-08-12,98,掏心掏肺爱你无悔,艺凌,,3:16,219385CD483EB8A81B9727E95971C3D4,202987046,https://www.kugou.com/yy/rank/home/5-6666.html?from=rank
2026-08-12,2026-08-12T10:48:12+08:00,酷狗音乐,飙升榜,酷狗飙升榜,2026-08-12,99,你想爱谁就爱谁 (女版),杨友友,,2:15,C3B7A47DF30C94B43EBC7D300524BE23,196496492,https://www.kugou.com/yy/rank/home/5-6666.html?from=rank
2026-08-12,2026-08-12T10:48:12+08:00,酷狗音乐,飙升榜,酷狗飙升榜,2026-08-12,100,街角的晚风 (烟嗓R&B版),落日微醺,,3:56,D636D97870D4098ACD3C317BFFDA03D9,196517616,https://www.kugou.com/yy/rank/home/5-6666.html?from=rank
2026-08-12,2026-08-12T10:48:12+08:00,微博,热搜榜,微博热搜榜,,1,C罗宣布结婚,体育,热度 4398469；热,,C罗宣布结婚,,https://s.weibo.com/weibo?q=%23C%E7%BD%97%E5%AE%A3%E5%B8%83%E7%BB%93%E5%A9%9A%23
2026-08-12,2026-08-12T10:48:12+08:00,微博,热搜榜,微博热搜榜,,2,C罗五个孩子出席婚礼,体育,热度 1229986,,C罗五个孩子出席婚礼,,https://s.weibo.com/weibo?q=%23C%E7%BD%97%E4%BA%94%E4%B8%AA%E5%AD%A9%E5%AD%90%E5%87%BA%E5%B8%AD%E5%A9%9A%E7%A4%BC%23
2026-08-12,2026-08-12T10:48:12+08:00,微博,热搜榜,微博热搜榜,,3,请查收这份暴雨天避险指南,民生新闻,热度 1111497,,请查收这份暴雨天避险指南,,https://s.weibo.com/weibo?q=%23%E8%AF%B7%E6%9F%A5%E6%94%B6%E8%BF%99%E4%BB%BD%E6%9A%B4%E9%9B%A8%E5%A4%A9%E9%81%BF%E9%99%A9%E6%8C%87%E5%8D%97%23
2026-08-12,2026-08-12T10:48:12+08:00,微博,热搜榜,微博热搜榜,,4,高钾晚餐可以让人睡得更香,健康医疗,热度 1038915；新,,高钾晚餐可以让人睡得更香,,https://s.weibo.com/weibo?q=%23%E9%AB%98%E9%92%BE%E6%99%9A%E9%A4%90%E5%8F%AF%E4%BB%A5%E8%AE%A9%E4%BA%BA%E7%9D%A1%E5%BE%97%E6%9B%B4%E9%A6%99%23
2026-08-12,2026-08-12T10:48:12+08:00,微博,热搜榜,微博热搜榜,,5,陈俊生离婚后为什么对平儿不好,剧集,热度 809801；新,,陈俊生离婚后为什么对平儿不好,,https://s.weibo.com/weibo?q=%23%E9%99%88%E4%BF%8A%E7%94%9F%E7%A6%BB%E5%A9%9A%E5%90%8E%E4%B8%BA%E4%BB%80%E4%B9%88%E5%AF%B9%E5%B9%B3%E5%84%BF%E4%B8%8D%E5%A5%BD%23
2026-08-12,2026-08-12T10:48:12+08:00,微博,热搜榜,微博热搜榜,,6,六公主力挺赵丽颖百花奖,电影,热度 560158,,六公主力挺赵丽颖百花奖,盛典,https://s.weibo.com/weibo?q=%23%E5%85%AD%E5%85%AC%E4%B8%BB%E5%8A%9B%E6%8C%BA%E8%B5%B5%E4%B8%BD%E9%A2%96%E7%99%BE%E8%8A%B1%E5%A5%96%23
2026-08-12,2026-08-12T10:48:12+08:00,微博,热搜榜,微博热搜榜,,7,白海豚,民生新闻,热度 535071,,白海豚,,https://s.weibo.com/weibo?q=%23%E7%99%BD%E6%B5%B7%E8%B1%9A%23
2026-08-12,2026-08-12T10:48:12+08:00,微博,热搜榜,微博热搜榜,,8,茅台的红丝带原来是这样用的,美食,热度 476588,,茅台的红丝带原来是这样用的,,https://s.weibo.com/weibo?q=%23%E8%8C%85%E5%8F%B0%E7%9A%84%E7%BA%A2%E4%B8%9D%E5%B8%A6%E5%8E%9F%E6%9D%A5%E6%98%AF%E8%BF%99%E6%A0%B7%E7%94%A8%E7%9A%84%23
2026-08-12,2026-08-12T10:48:12+08:00,微博,热搜榜,微博热搜榜,,9,日全食,科学科普,热度 422352,,日全食,,https://s.weibo.com/weibo?q=%23%E6%97%A5%E5%85%A8%E9%A3%9F%23
2026-08-12,2026-08-12T10:48:12+08:00,微博,热搜榜,微博热搜榜,,10,iPhone18Pro相机3大升级,数码,热度 420968；新,,iPhone18Pro相机3大升级,,https://s.weibo.com/weibo?q=%23iPhone18Pro%E7%9B%B8%E6%9C%BA3%E5%A4%A7%E5%8D%87%E7%BA%A7%23
2026-08-12,2026-08-12T10:48:12+08:00,微博,热搜榜,微博热搜榜,,11,男子不堪炸街噪音刺死辅警被判死刑,民生新闻,热度 420729；新,,男子不堪炸街噪音刺死辅警被判死刑,,https://s.weibo.com/weibo?q=%23%E7%94%B7%E5%AD%90%E4%B8%8D%E5%A0%AA%E7%82%B8%E8%A1%97%E5%99%AA%E9%9F%B3%E5%88%BA%E6%AD%BB%E8%BE%85%E8%AD%A6%E8%A2%AB%E5%88%A4%E6%AD%BB%E5%88%91%23
2026-08-12,2026-08-12T10:48:12+08:00,微博,热搜榜,微博热搜榜,,12,马伊琍想让谁顺谁就顺极了,艺人,热度 420500,,马伊琍想让谁顺谁就顺极了,['马伊琍'],https://s.weibo.com/weibo?q=%23%E9%A9%AC%E4%BC%8A%E7%90%8D%E6%83%B3%E8%AE%A9%E8%B0%81%E9%A1%BA%E8%B0%81%E5%B0%B1%E9%A1%BA%E6%9E%81%E4%BA%86%23
2026-08-12,2026-08-12T10:48:12+08:00,微博,热搜榜,微博热搜榜,,13,步惊云脱口秀 杀猪盘,艺人,热度 419624；新,,步惊云脱口秀 杀猪盘,,https://s.weibo.com/weibo?q=%23%E6%AD%A5%E6%83%8A%E4%BA%91%E8%84%B1%E5%8F%A3%E7%A7%80%20%E6%9D%80%E7%8C%AA%E7%9B%98%23
2026-08-12,2026-08-12T10:48:12+08:00,微博,热搜榜,微博热搜榜,,14,原神,游戏,热度 403127；新,,原神,,https://s.weibo.com/weibo?q=%23%E5%8E%9F%E7%A5%9E%23
2026-08-12,2026-08-12T10:48:12+08:00,微博,热搜榜,微博热搜榜,,15,业内认为蒋奇明是下一个大演员,艺人,热度 399384；新,,业内认为蒋奇明是下一个大演员,['蒋奇明'],https://s.weibo.com/weibo?q=%23%E4%B8%9A%E5%86%85%E8%AE%A4%E4%B8%BA%E8%92%8B%E5%A5%87%E6%98%8E%E6%98%AF%E4%B8%8B%E4%B8%80%E4%B8%AA%E5%A4%A7%E6%BC%94%E5%91%98%23
2026-08-12,2026-08-12T10:48:12+08:00,微博,热搜榜,微博热搜榜,,16,比亚迪海獭日本订单破千,汽车,热度 398198,,比亚迪海獭日本订单破千,,https://s.weibo.com/weibo?q=%23%E6%AF%94%E4%BA%9A%E8%BF%AA%E6%B5%B7%E7%8D%AD%E6%97%A5%E6%9C%AC%E8%AE%A2%E5%8D%95%E7%A0%B4%E5%8D%83%23
2026-08-12,2026-08-12T10:48:12+08:00,微博,热搜榜,微博热搜榜,,17,日本篡改历史被反噬了,国际时政,热度 391378,,日本篡改历史被反噬了,,https://s.weibo.com/weibo?q=%23%E6%97%A5%E6%9C%AC%E7%AF%A1%E6%94%B9%E5%8E%86%E5%8F%B2%E8%A2%AB%E5%8F%8D%E5%99%AC%E4%BA%86%23
2026-08-12,2026-08-12T10:48:12+08:00,微博,热搜榜,微博热搜榜,,18,王宝强 Hello树先生,电影,热度 387361；新,,王宝强 Hello树先生,['王宝强'],https://s.weibo.com/weibo?q=%23%E7%8E%8B%E5%AE%9D%E5%BC%BA%20Hello%E6%A0%91%E5%85%88%E7%94%9F%23
2026-08-12,2026-08-12T10:48:12+08:00,微博,热搜榜,微博热搜榜,,19,国行苹果AI支持机型,数码,热度 385202,,国行苹果AI支持机型,,https://s.weibo.com/weibo?q=%23%E5%9B%BD%E8%A1%8C%E8%8B%B9%E6%9E%9CAI%E6%94%AF%E6%8C%81%E6%9C%BA%E5%9E%8B%23
2026-08-12,2026-08-12T10:48:12+08:00,微博,热搜榜,微博热搜榜,,20,曝赵一鸣4块牛肉干64元复称仅17元,民生新闻,热度 379166,,曝赵一鸣4块牛肉干64元复称仅17元,,https://s.weibo.com/weibo?q=%23%E6%9B%9D%E8%B5%B5%E4%B8%80%E9%B8%A34%E5%9D%97%E7%89%9B%E8%82%89%E5%B9%B264%E5%85%83%E5%A4%8D%E7%A7%B0%E4%BB%8517%E5%85%83%23
2026-08-12,2026-08-12T10:48:12+08:00,微博,热搜榜,微博热搜榜,,21,谁家领导出来送外卖了,幽默,热度 375226；新,,谁家领导出来送外卖了,,https://s.weibo.com/weibo?q=%23%E8%B0%81%E5%AE%B6%E9%A2%86%E5%AF%BC%E5%87%BA%E6%9D%A5%E9%80%81%E5%A4%96%E5%8D%96%E4%BA%86%23
2026-08-12,2026-08-12T10:48:12+08:00,微博,热搜榜,微博热搜榜,,22,郭兰英逝世,艺人,热度 373070,,郭兰英逝世,,https://s.weibo.com/weibo?q=%23%E9%83%AD%E5%85%B0%E8%8B%B1%E9%80%9D%E4%B8%96%23
2026-08-12,2026-08-12T10:48:12+08:00,微博,热搜榜,微博热搜榜,,23,忙到晕倒炸鸡店员工已结算工资离职,民生新闻,热度 363254；热,,忙到晕倒炸鸡店员工已结算工资离职,,https://s.weibo.com/weibo?q=%23%E5%BF%99%E5%88%B0%E6%99%95%E5%80%92%E7%82%B8%E9%B8%A1%E5%BA%97%E5%91%98%E5%B7%A5%E5%B7%B2%E7%BB%93%E7%AE%97%E5%B7%A5%E8%B5%84%E7%A6%BB%E8%81%8C%23
2026-08-12,2026-08-12T10:48:12+08:00,微博,热搜榜,微博热搜榜,,24,陈思诚现身女友家乡,艺人,热度 356724；新,,陈思诚现身女友家乡,['陈思诚'],https://s.weibo.com/weibo?q=%23%E9%99%88%E6%80%9D%E8%AF%9A%E7%8E%B0%E8%BA%AB%E5%A5%B3%E5%8F%8B%E5%AE%B6%E4%B9%A1%23
2026-08-12,2026-08-12T10:48:12+08:00,微博,热搜榜,微博热搜榜,,25,欢迎来龙餐馆票房,电影,热度 344563,,欢迎来龙餐馆票房,电影,https://s.weibo.com/weibo?q=%23%E6%AC%A2%E8%BF%8E%E6%9D%A5%E9%BE%99%E9%A4%90%E9%A6%86%E7%A5%A8%E6%88%BF%23
2026-08-12,2026-08-12T10:48:12+08:00,微博,热搜榜,微博热搜榜,,26,3孩非亲生男子最放不下大女儿,民生新闻,热度 341711；新,,3孩非亲生男子最放不下大女儿,,https://s.weibo.com/weibo?q=%233%E5%AD%A9%E9%9D%9E%E4%BA%B2%E7%94%9F%E7%94%B7%E5%AD%90%E6%9C%80%E6%94%BE%E4%B8%8D%E4%B8%8B%E5%A4%A7%E5%A5%B3%E5%84%BF%23
2026-08-12,2026-08-12T10:48:12+08:00,微博,热搜榜,微博热搜榜,,27,徐梦洁参加活动被老同学偶遇了,艺人,热度 341394；新,,徐梦洁参加活动被老同学偶遇了,['徐梦洁'],https://s.weibo.com/weibo?q=%23%E5%BE%90%E6%A2%A6%E6%B4%81%E5%8F%82%E5%8A%A0%E6%B4%BB%E5%8A%A8%E8%A2%AB%E8%80%81%E5%90%8C%E5%AD%A6%E5%81%B6%E9%81%87%E4%BA%86%23
2026-08-12,2026-08-12T10:48:12+08:00,微博,热搜榜,微博热搜榜,,28,贺峻霖向往的生活常驻,综艺,热度 323657,,贺峻霖向往的生活常驻,综艺,https://s.weibo.com/weibo?q=%23%E8%B4%BA%E5%B3%BB%E9%9C%96%E5%90%91%E5%BE%80%E7%9A%84%E7%94%9F%E6%B4%BB%E5%B8%B8%E9%A9%BB%23
2026-08-12,2026-08-12T10:48:12+08:00,微博,热搜榜,微博热搜榜,,29,台风灿鸿袭击日本,海外新闻,热度 319726；新,,台风灿鸿袭击日本,,https://s.weibo.com/weibo?q=%23%E5%8F%B0%E9%A3%8E%E7%81%BF%E9%B8%BF%E8%A2%AD%E5%87%BB%E6%97%A5%E6%9C%AC%23
2026-08-12,2026-08-12T10:48:12+08:00,微博,热搜榜,微博热搜榜,,30,约会网友40万金表没了,民生新闻,热度 312771；新,,约会网友40万金表没了,,https://s.weibo.com/weibo?q=%23%E7%BA%A6%E4%BC%9A%E7%BD%91%E5%8F%8B40%E4%B8%87%E9%87%91%E8%A1%A8%E6%B2%A1%E4%BA%86%23
2026-08-12,2026-08-12T10:48:12+08:00,微博,热搜榜,微博热搜榜,,31,赵一鸣涉事店铺老板回应,民生新闻,热度 303644,,赵一鸣涉事店铺老板回应,,https://s.weibo.com/weibo?q=%23%E8%B5%B5%E4%B8%80%E9%B8%A3%E6%B6%89%E4%BA%8B%E5%BA%97%E9%93%BA%E8%80%81%E6%9D%BF%E5%9B%9E%E5%BA%94%23
2026-08-12,2026-08-12T10:48:12+08:00,微博,热搜榜,微博热搜榜,,32,上海暴雨,民生新闻,热度 267308,,上海暴雨,,https://s.weibo.com/weibo?q=%23%E4%B8%8A%E6%B5%B7%E6%9A%B4%E9%9B%A8%23
2026-08-12,2026-08-12T10:48:12+08:00,微博,热搜榜,微博热搜榜,,33,众球星祝贺C罗,体育,热度 264592,,众球星祝贺C罗,,https://s.weibo.com/weibo?q=%23%E4%BC%97%E7%90%83%E6%98%9F%E7%A5%9D%E8%B4%BAC%E7%BD%97%23
2026-08-12,2026-08-12T10:48:12+08:00,微博,热搜榜,微博热搜榜,,34,Angelababy时隔一年千鸟格造型,艺人,热度 257461,,Angelababy时隔一年千鸟格造型,['angelababy'],https://s.weibo.com/weibo?q=%23Angelababy%E6%97%B6%E9%9A%94%E4%B8%80%E5%B9%B4%E5%8D%83%E9%B8%9F%E6%A0%BC%E9%80%A0%E5%9E%8B%23
2026-08-12,2026-08-12T10:48:12+08:00,微博,热搜榜,微博热搜榜,,35,C罗晒婚戒照,体育,热度 256466；新,,C罗晒婚戒照,,https://s.weibo.com/weibo?q=%23C%E7%BD%97%E6%99%92%E5%A9%9A%E6%88%92%E7%85%A7%23
2026-08-12,2026-08-12T10:48:12+08:00,微博,热搜榜,微博热搜榜,,36,汪峰透露女儿留学时最扎心一幕,艺人,热度 249529；新,,汪峰透露女儿留学时最扎心一幕,['汪峰'],https://s.weibo.com/weibo?q=%23%E6%B1%AA%E5%B3%B0%E9%80%8F%E9%9C%B2%E5%A5%B3%E5%84%BF%E7%95%99%E5%AD%A6%E6%97%B6%E6%9C%80%E6%89%8E%E5%BF%83%E4%B8%80%E5%B9%95%23
2026-08-12,2026-08-12T10:48:12+08:00,微博,热搜榜,微博热搜榜,,37,雾里青杀青剧照,剧集,热度 210631；新,,雾里青杀青剧照,剧集,https://s.weibo.com/weibo?q=%23%E9%9B%BE%E9%87%8C%E9%9D%92%E6%9D%80%E9%9D%92%E5%89%A7%E7%85%A7%23
2026-08-12,2026-08-12T10:48:12+08:00,微博,热搜榜,微博热搜榜,,38,C罗官宣结婚复刻订婚日期,体育,热度 202300,,C罗官宣结婚复刻订婚日期,,https://s.weibo.com/weibo?q=%23C%E7%BD%97%E5%AE%98%E5%AE%A3%E7%BB%93%E5%A9%9A%E5%A4%8D%E5%88%BB%E8%AE%A2%E5%A9%9A%E6%97%A5%E6%9C%9F%23
2026-08-12,2026-08-12T10:48:12+08:00,微博,热搜榜,微博热搜榜,,39,高考444分考生回应被殡葬专业录取,议题讨论,热度 186731,,高考444分考生回应被殡葬专业录取,,https://s.weibo.com/weibo?q=%23%E9%AB%98%E8%80%83444%E5%88%86%E8%80%83%E7%94%9F%E5%9B%9E%E5%BA%94%E8%A2%AB%E6%AE%A1%E8%91%AC%E4%B8%93%E4%B8%9A%E5%BD%95%E5%8F%96%23
2026-08-12,2026-08-12T10:48:12+08:00,微博,热搜榜,微博热搜榜,,40,中598万男子称保密怕影响妻子孩子,民生新闻,热度 173674,,中598万男子称保密怕影响妻子孩子,,https://s.weibo.com/weibo?q=%23%E4%B8%AD598%E4%B8%87%E7%94%B7%E5%AD%90%E7%A7%B0%E4%BF%9D%E5%AF%86%E6%80%95%E5%BD%B1%E5%93%8D%E5%A6%BB%E5%AD%90%E5%AD%A9%E5%AD%90%23
2026-08-12,2026-08-12T10:48:12+08:00,微博,热搜榜,微博热搜榜,,41,主持人调侃白鹿长成这样有什么烦恼,艺人,热度 165806；新,,主持人调侃白鹿长成这样有什么烦恼,['白鹿'],https://s.weibo.com/weibo?q=%23%E4%B8%BB%E6%8C%81%E4%BA%BA%E8%B0%83%E4%BE%83%E7%99%BD%E9%B9%BF%E9%95%BF%E6%88%90%E8%BF%99%E6%A0%B7%E6%9C%89%E4%BB%80%E4%B9%88%E7%83%A6%E6%81%BC%23
2026-08-12,2026-08-12T10:48:12+08:00,微博,热搜榜,微博热搜榜,,42,文俊辉内娱最稀缺的长跑型演员,电影,热度 162547；新,,文俊辉内娱最稀缺的长跑型演员,['文俊辉'],https://s.weibo.com/weibo?q=%23%E6%96%87%E4%BF%8A%E8%BE%89%E5%86%85%E5%A8%B1%E6%9C%80%E7%A8%80%E7%BC%BA%E7%9A%84%E9%95%BF%E8%B7%91%E5%9E%8B%E6%BC%94%E5%91%98%23
2026-08-12,2026-08-12T10:48:12+08:00,微博,热搜榜,微博热搜榜,,43,结婚40年都AA制丈夫认为公平合理,民生新闻,热度 143654,,结婚40年都AA制丈夫认为公平合理,,https://s.weibo.com/weibo?q=%23%E7%BB%93%E5%A9%9A40%E5%B9%B4%E9%83%BDAA%E5%88%B6%E4%B8%88%E5%A4%AB%E8%AE%A4%E4%B8%BA%E5%85%AC%E5%B9%B3%E5%90%88%E7%90%86%23
2026-08-12,2026-08-12T10:48:12+08:00,微博,热搜榜,微博热搜榜,,44,郭兰英将演唱版权无偿捐献给国家,艺人,热度 142513,,郭兰英将演唱版权无偿捐献给国家,,https://s.weibo.com/weibo?q=%23%E9%83%AD%E5%85%B0%E8%8B%B1%E5%B0%86%E6%BC%94%E5%94%B1%E7%89%88%E6%9D%83%E6%97%A0%E5%81%BF%E6%8D%90%E7%8C%AE%E7%BB%99%E5%9B%BD%E5%AE%B6%23
2026-08-12,2026-08-12T10:48:12+08:00,微博,热搜榜,微博热搜榜,,45,曝刺棠女主换成杨超越了,剧集,热度 135109,,曝刺棠女主换成杨超越了,剧集,https://s.weibo.com/weibo?q=%23%E6%9B%9D%E5%88%BA%E6%A3%A0%E5%A5%B3%E4%B8%BB%E6%8D%A2%E6%88%90%E6%9D%A8%E8%B6%85%E8%B6%8A%E4%BA%86%23
2026-08-12,2026-08-12T10:48:12+08:00,微博,热搜榜,微博热搜榜,,46,影之刃零实机预告,游戏,热度 134748；新,,影之刃零实机预告,,https://s.weibo.com/weibo?q=%23%E5%BD%B1%E4%B9%8B%E5%88%83%E9%9B%B6%E5%AE%9E%E6%9C%BA%E9%A2%84%E5%91%8A%23
2026-08-12,2026-08-12T10:48:12+08:00,微博,热搜榜,微博热搜榜,,47,影帝装不下梁家辉,电影,热度 134486；新,,影帝装不下梁家辉,['梁家辉'],https://s.weibo.com/weibo?q=%23%E5%BD%B1%E5%B8%9D%E8%A3%85%E4%B8%8D%E4%B8%8B%E6%A2%81%E5%AE%B6%E8%BE%89%23
2026-08-12,2026-08-12T10:48:12+08:00,微博,热搜榜,微博热搜榜,,48,九门湘西往事 删减,剧集,热度 134241；新,,九门湘西往事 删减,剧集,https://s.weibo.com/weibo?q=%23%E4%B9%9D%E9%97%A8%E6%B9%98%E8%A5%BF%E5%BE%80%E4%BA%8B%20%E5%88%A0%E5%87%8F%23
2026-08-12,2026-08-12T10:48:12+08:00,微博,热搜榜,微博热搜榜,,49,雷军回应小米自研发光材料,互联网,热度 131895,,雷军回应小米自研发光材料,,https://s.weibo.com/weibo?q=%23%E9%9B%B7%E5%86%9B%E5%9B%9E%E5%BA%94%E5%B0%8F%E7%B1%B3%E8%87%AA%E7%A0%94%E5%8F%91%E5%85%89%E6%9D%90%E6%96%99%23
2026-08-12,2026-08-12T10:48:12+08:00,微博,热搜榜,微博热搜榜,,50,合肥国仪量子上市,"财经,互联网",热度 131275；新,,合肥国仪量子上市,,https://s.weibo.com/weibo?q=%23%E5%90%88%E8%82%A5%E5%9B%BD%E4%BB%AA%E9%87%8F%E5%AD%90%E4%B8%8A%E5%B8%82%23
2026-08-12,2026-08-12T10:48:12+08:00,微博,文娱热搜榜,微博热搜榜-文娱条目,,1,陈俊生离婚后为什么对平儿不好,剧集,总榜排名 5；热度 809801；新,,陈俊生离婚后为什么对平儿不好,,https://s.weibo.com/weibo?q=%23%E9%99%88%E4%BF%8A%E7%94%9F%E7%A6%BB%E5%A9%9A%E5%90%8E%E4%B8%BA%E4%BB%80%E4%B9%88%E5%AF%B9%E5%B9%B3%E5%84%BF%E4%B8%8D%E5%A5%BD%23
2026-08-12,2026-08-12T10:48:12+08:00,微博,文娱热搜榜,微博热搜榜-文娱条目,,2,六公主力挺赵丽颖百花奖,电影,总榜排名 6；热度 560158,,六公主力挺赵丽颖百花奖,盛典,https://s.weibo.com/weibo?q=%23%E5%85%AD%E5%85%AC%E4%B8%BB%E5%8A%9B%E6%8C%BA%E8%B5%B5%E4%B8%BD%E9%A2%96%E7%99%BE%E8%8A%B1%E5%A5%96%23
2026-08-12,2026-08-12T10:48:12+08:00,微博,文娱热搜榜,微博热搜榜-文娱条目,,3,马伊琍想让谁顺谁就顺极了,艺人,总榜排名 12；热度 420500,,马伊琍想让谁顺谁就顺极了,['马伊琍'],https://s.weibo.com/weibo?q=%23%E9%A9%AC%E4%BC%8A%E7%90%8D%E6%83%B3%E8%AE%A9%E8%B0%81%E9%A1%BA%E8%B0%81%E5%B0%B1%E9%A1%BA%E6%9E%81%E4%BA%86%23
2026-08-12,2026-08-12T10:48:12+08:00,微博,文娱热搜榜,微博热搜榜-文娱条目,,4,步惊云脱口秀 杀猪盘,艺人,总榜排名 13；热度 419624；新,,步惊云脱口秀 杀猪盘,,https://s.weibo.com/weibo?q=%23%E6%AD%A5%E6%83%8A%E4%BA%91%E8%84%B1%E5%8F%A3%E7%A7%80%20%E6%9D%80%E7%8C%AA%E7%9B%98%23
2026-08-12,2026-08-12T10:48:12+08:00,微博,文娱热搜榜,微博热搜榜-文娱条目,,5,业内认为蒋奇明是下一个大演员,艺人,总榜排名 15；热度 399384；新,,业内认为蒋奇明是下一个大演员,['蒋奇明'],https://s.weibo.com/weibo?q=%23%E4%B8%9A%E5%86%85%E8%AE%A4%E4%B8%BA%E8%92%8B%E5%A5%87%E6%98%8E%E6%98%AF%E4%B8%8B%E4%B8%80%E4%B8%AA%E5%A4%A7%E6%BC%94%E5%91%98%23
2026-08-12,2026-08-12T10:48:12+08:00,微博,文娱热搜榜,微博热搜榜-文娱条目,,6,王宝强 Hello树先生,电影,总榜排名 18；热度 387361；新,,王宝强 Hello树先生,['王宝强'],https://s.weibo.com/weibo?q=%23%E7%8E%8B%E5%AE%9D%E5%BC%BA%20Hello%E6%A0%91%E5%85%88%E7%94%9F%23
2026-08-12,2026-08-12T10:48:12+08:00,微博,文娱热搜榜,微博热搜榜-文娱条目,,7,郭兰英逝世,艺人,总榜排名 22；热度 373070,,郭兰英逝世,,https://s.weibo.com/weibo?q=%23%E9%83%AD%E5%85%B0%E8%8B%B1%E9%80%9D%E4%B8%96%23
2026-08-12,2026-08-12T10:48:12+08:00,微博,文娱热搜榜,微博热搜榜-文娱条目,,8,陈思诚现身女友家乡,艺人,总榜排名 24；热度 356724；新,,陈思诚现身女友家乡,['陈思诚'],https://s.weibo.com/weibo?q=%23%E9%99%88%E6%80%9D%E8%AF%9A%E7%8E%B0%E8%BA%AB%E5%A5%B3%E5%8F%8B%E5%AE%B6%E4%B9%A1%23
2026-08-12,2026-08-12T10:48:12+08:00,微博,文娱热搜榜,微博热搜榜-文娱条目,,9,欢迎来龙餐馆票房,电影,总榜排名 25；热度 344563,,欢迎来龙餐馆票房,电影,https://s.weibo.com/weibo?q=%23%E6%AC%A2%E8%BF%8E%E6%9D%A5%E9%BE%99%E9%A4%90%E9%A6%86%E7%A5%A8%E6%88%BF%23
2026-08-12,2026-08-12T10:48:12+08:00,微博,文娱热搜榜,微博热搜榜-文娱条目,,10,徐梦洁参加活动被老同学偶遇了,艺人,总榜排名 27；热度 341394；新,,徐梦洁参加活动被老同学偶遇了,['徐梦洁'],https://s.weibo.com/weibo?q=%23%E5%BE%90%E6%A2%A6%E6%B4%81%E5%8F%82%E5%8A%A0%E6%B4%BB%E5%8A%A8%E8%A2%AB%E8%80%81%E5%90%8C%E5%AD%A6%E5%81%B6%E9%81%87%E4%BA%86%23
2026-08-12,2026-08-12T10:48:12+08:00,微博,文娱热搜榜,微博热搜榜-文娱条目,,11,贺峻霖向往的生活常驻,综艺,总榜排名 28；热度 323657,,贺峻霖向往的生活常驻,综艺,https://s.weibo.com/weibo?q=%23%E8%B4%BA%E5%B3%BB%E9%9C%96%E5%90%91%E5%BE%80%E7%9A%84%E7%94%9F%E6%B4%BB%E5%B8%B8%E9%A9%BB%23
2026-08-12,2026-08-12T10:48:12+08:00,微博,文娱热搜榜,微博热搜榜-文娱条目,,12,Angelababy时隔一年千鸟格造型,艺人,总榜排名 34；热度 257461,,Angelababy时隔一年千鸟格造型,['angelababy'],https://s.weibo.com/weibo?q=%23Angelababy%E6%97%B6%E9%9A%94%E4%B8%80%E5%B9%B4%E5%8D%83%E9%B8%9F%E6%A0%BC%E9%80%A0%E5%9E%8B%23
2026-08-12,2026-08-12T10:48:12+08:00,微博,文娱热搜榜,微博热搜榜-文娱条目,,13,汪峰透露女儿留学时最扎心一幕,艺人,总榜排名 36；热度 249529；新,,汪峰透露女儿留学时最扎心一幕,['汪峰'],https://s.weibo.com/weibo?q=%23%E6%B1%AA%E5%B3%B0%E9%80%8F%E9%9C%B2%E5%A5%B3%E5%84%BF%E7%95%99%E5%AD%A6%E6%97%B6%E6%9C%80%E6%89%8E%E5%BF%83%E4%B8%80%E5%B9%95%23
2026-08-12,2026-08-12T10:48:12+08:00,微博,文娱热搜榜,微博热搜榜-文娱条目,,14,雾里青杀青剧照,剧集,总榜排名 37；热度 210631；新,,雾里青杀青剧照,剧集,https://s.weibo.com/weibo?q=%23%E9%9B%BE%E9%87%8C%E9%9D%92%E6%9D%80%E9%9D%92%E5%89%A7%E7%85%A7%23
2026-08-12,2026-08-12T10:48:12+08:00,微博,文娱热搜榜,微博热搜榜-文娱条目,,15,主持人调侃白鹿长成这样有什么烦恼,艺人,总榜排名 41；热度 165806；新,,主持人调侃白鹿长成这样有什么烦恼,['白鹿'],https://s.weibo.com/weibo?q=%23%E4%B8%BB%E6%8C%81%E4%BA%BA%E8%B0%83%E4%BE%83%E7%99%BD%E9%B9%BF%E9%95%BF%E6%88%90%E8%BF%99%E6%A0%B7%E6%9C%89%E4%BB%80%E4%B9%88%E7%83%A6%E6%81%BC%23
2026-08-12,2026-08-12T10:48:12+08:00,微博,文娱热搜榜,微博热搜榜-文娱条目,,16,文俊辉内娱最稀缺的长跑型演员,电影,总榜排名 42；热度 162547；新,,文俊辉内娱最稀缺的长跑型演员,['文俊辉'],https://s.weibo.com/weibo?q=%23%E6%96%87%E4%BF%8A%E8%BE%89%E5%86%85%E5%A8%B1%E6%9C%80%E7%A8%80%E7%BC%BA%E7%9A%84%E9%95%BF%E8%B7%91%E5%9E%8B%E6%BC%94%E5%91%98%23
2026-08-12,2026-08-12T10:48:12+08:00,微博,文娱热搜榜,微博热搜榜-文娱条目,,17,郭兰英将演唱版权无偿捐献给国家,艺人,总榜排名 44；热度 142513,,郭兰英将演唱版权无偿捐献给国家,,https://s.weibo.com/weibo?q=%23%E9%83%AD%E5%85%B0%E8%8B%B1%E5%B0%86%E6%BC%94%E5%94%B1%E7%89%88%E6%9D%83%E6%97%A0%E5%81%BF%E6%8D%90%E7%8C%AE%E7%BB%99%E5%9B%BD%E5%AE%B6%23
2026-08-12,2026-08-12T10:48:12+08:00,微博,文娱热搜榜,微博热搜榜-文娱条目,,18,曝刺棠女主换成杨超越了,剧集,总榜排名 45；热度 135109,,曝刺棠女主换成杨超越了,剧集,https://s.weibo.com/weibo?q=%23%E6%9B%9D%E5%88%BA%E6%A3%A0%E5%A5%B3%E4%B8%BB%E6%8D%A2%E6%88%90%E6%9D%A8%E8%B6%85%E8%B6%8A%E4%BA%86%23
2026-08-12,2026-08-12T10:48:12+08:00,微博,文娱热搜榜,微博热搜榜-文娱条目,,19,影帝装不下梁家辉,电影,总榜排名 47；热度 134486；新,,影帝装不下梁家辉,['梁家辉'],https://s.weibo.com/weibo?q=%23%E5%BD%B1%E5%B8%9D%E8%A3%85%E4%B8%8D%E4%B8%8B%E6%A2%81%E5%AE%B6%E8%BE%89%23
2026-08-12,2026-08-12T10:48:12+08:00,微博,文娱热搜榜,微博热搜榜-文娱条目,,20,九门湘西往事 删减,剧集,总榜排名 48；热度 134241；新,,九门湘西往事 删减,剧集,https://s.weibo.com/weibo?q=%23%E4%B9%9D%E9%97%A8%E6%B9%98%E8%A5%BF%E5%BE%80%E4%BA%8B%20%E5%88%A0%E5%87%8F%23
